NEB log file generated by ORCA
All quantities are given in atomic units. Unless stated otherwise. 
iteration       : 0
climbing        : no
zoom on         : no
nim             : 10
barrier         :   0.36356375 (image:  4) 
distance        :   0.00000000    1.79783654    3.59567308    5.39350961    7.19134615    8.98918269   10.78701923   12.58485576   14.38269230   16.18052884 
energy          : -1075.54974314  -1075.50245774  -1075.39270087  -1075.27004544  -1075.18617939  -1075.18947160  -1075.28184379  -1075.41431283  -1075.53110116  -1075.58160718 
max(|Fr_perp|)   :   0.00000000    0.12072398    0.23256543    0.31981620    0.44668662    0.47777803    0.37169220    0.24708333    0.13538074    0.00000000 
Fr_paral         :   0.00000000   -0.04850497   -0.06957909   -0.06305170   -0.02557887    0.02958960    0.06878689    0.07464512    0.05114017    0.00000000 
max(|Fsp_paral|) :   0.00000000    0.01807047    0.02019673    0.01381277    0.00000066    0.00054117    0.01521146    0.02181209    0.01922809    0.00000000 
max(|Fsp_perp|)  :   0.00000000    0.00000000    0.00000000    0.00000000    0.00000000    0.00000000    0.00000000    0.00000000    0.00000000    0.00000000 
max(|FNEB|)      :   0.00000000    0.12232953    0.23438604    0.32109419    0.44693241    0.47793366    0.36695004    0.25189038    0.13954155    0.00000000 
max(|Force|)     :   0.00161362    0.11916836    0.23037239    0.31789917    0.44394441    0.48185178    0.38042492    0.24126839    0.13136625    0.00144002 
ksp              :   0.02170372    0.04887052    0.07923390    0.10000000    0.10000000    0.09918748    0.07631887    0.04352784    0.01462177 
max(|step|)      :   0.00000000    0.02559550    0.04904154    0.06718384    0.09351348    0.10000000    0.07677845    0.05270405    0.02919685    0.00000000 
angle (deg.)     :    0.7715  0.7601  0.7926  1.1307  1.1914  0.8291  0.7635  0.7607 
>
iteration       : 1
climbing        : no
zoom on         : no
nim             : 10
barrier         :   0.20805974 (image:  4) 
distance        :   0.00000000    1.80922421    3.60914573    5.40410210    7.19467075    8.99251399   10.78263145   12.57755100   14.37778931   16.18768758 
energy          : -1075.54974314  -1075.52061284  -1075.45358599  -1075.38367883  -1075.34168340  -1075.34684500  -1075.39827299  -1075.47637074  -1075.54937169  -1075.58160718 
max(|Fr_perp|)   :   0.00000000    0.08812124    0.16952721    0.23299074    0.29369457    0.31061610    0.26004301    0.17157924    0.09656485    0.00000000 
Fr_paral         :   0.00000000   -0.03096125   -0.04350523   -0.03811706   -0.01641360    0.02356708    0.04371760    0.04774759    0.03327558    0.00000000 
max(|Fsp_paral|) :   0.00000000    0.01908847    0.01990232    0.01187329    0.00026897    0.00176376    0.01464202    0.02248651    0.02113646    0.00000000 
max(|Fsp_perp|)  :   0.00000000    0.00000000    0.00000000    0.00000000    0.00000000    0.00000000    0.00000000    0.00000000    0.00000000    0.00000000 
max(|FNEB|)      :   0.00000000    0.09044646    0.17176184    0.23410982    0.29368331    0.30995145    0.25571110    0.17687214    0.10176462    0.00000000 
max(|Force|)     :   0.00161362    0.08667774    0.16762182    0.23150764    0.29159821    0.31359390    0.26486522    0.17053047    0.09346404    0.00144002 
ksp              :   0.02260084    0.05159451    0.08183412    0.10000000    0.10000000    0.09776725    0.07552115    0.04173856    0.01016068 
max(|step|)      :   0.00000000    0.03495790    0.06532545    0.08820609    0.10000000    0.09775608    0.08805288    0.06340016    0.03835951    0.00000000 
angle (deg.)     :    2.0674  1.7357  1.8567  1.8525  1.8132  1.8948  1.7504  1.9600 
>
iteration       : 2
climbing        : no
zoom on         : no
nim             : 10
barrier         :   0.09970796 (image:  4) 
distance        :   0.00000000    1.83815915    3.63770242    5.42209651    7.20708072    9.00024233   10.78459506   12.57077210   14.37170993   16.21391435 
energy          : -1075.54974314  -1075.53632839  -1075.50315249  -1075.47002537  -1075.45003518  -1075.45531661  -1075.48549392  -1075.52659188  -1075.56493284  -1075.58160718 
max(|Fr_perp|)   :   0.00000000    0.04549225    0.08739895    0.12317982    0.17254173    0.18336371    0.14600319    0.09262730    0.04646682    0.00000000 
Fr_paral         :   0.00000000   -0.01621860   -0.02332491   -0.02114919   -0.00812370    0.01635771    0.02681471    0.02717896    0.01831342    0.00000000 
max(|Fsp_paral|) :   0.00000000    0.01930953    0.01922812    0.01184835    0.00030228    0.00345963    0.01801614    0.02459720    0.01396659    0.00000000 
max(|Fsp_perp|)  :   0.00000000    0.00000000    0.00000000    0.00000000    0.00000000    0.00000000    0.00000000    0.00000000    0.00000000    0.00000000 
max(|FNEB|)      :   0.00000000    0.04949660    0.09043700    0.12790394    0.17286940    0.18244451    0.14094754    0.08680877    0.05046387    0.00000000 
max(|Force|)     :   0.00161362    0.04453857    0.08622132    0.12032094    0.17176374    0.18576502    0.14917392    0.09524758    0.04483256    0.00144002 
ksp              :   0.02210788    0.05204469    0.08194515    0.10000000    0.10000000    0.09524271    0.06800762    0.03092207    0.01000000 
max(|step|)      :   0.00000000    0.02712967    0.04956959    0.07010567    0.09475177    0.10000000    0.07725502    0.04758092    0.02765984    0.00000000 
angle (deg.)     :    3.0873  2.4723  2.5263  2.9102  2.9226  2.5905  2.4648  2.9015 
>
iteration       : 3
climbing        : no
zoom on         : no
nim             : 10
barrier         :   0.05813652 (image:  4) 
distance        :   0.00000000    1.86996822    3.67275750    5.45142845    7.22440676    9.01354462   10.78292753   12.56532228   14.38552700   16.25082677 
energy          : -1075.54974314  -1075.54214740  -1075.52039293  -1075.50052723  -1075.49160662  -1075.49754277  -1075.51676389  -1075.54404886  -1075.57071129  -1075.58160718 
max(|Fr_perp|)   :   0.00000000    0.03497086    0.04067202    0.04964634    0.06042636    0.06267250    0.05584654    0.03972635    0.02534140    0.00000000 
Fr_paral         :   0.00000000   -0.01034571   -0.01455507   -0.01088679   -0.00162754    0.01009629    0.01639631    0.01795437    0.01226388    0.00000000 
max(|Fsp_paral|) :   0.00000000    0.02138938    0.01937384    0.00876178    0.00059334    0.00671640    0.01929463    0.02798688    0.00587200    0.00000000 
max(|Fsp_perp|)  :   0.00000000    0.00000000    0.00000000    0.00000000    0.00000000    0.00000000    0.00000000    0.00000000    0.00000000    0.00000000 
max(|FNEB|)      :   0.00000000    0.02918248    0.04180228    0.05338437    0.06061511    0.06027828    0.05082097    0.03511654    0.02432043    0.00000000 
max(|Force|)     :   0.00161362    0.03597135    0.04223302    0.04792028    0.06019542    0.06399357    0.05744941    0.04107506    0.02612690    0.00144002 
ksp              :   0.02175881    0.05543647    0.08619017    0.10000000    0.10000000    0.09081036    0.06105452    0.01881520    0.01000000 
max(|step|)      :   0.00000000    0.03045315    0.04379347    0.05606126    0.06379828    0.06349854    0.05346906    0.03664597    0.02536466    0.00000000 
angle (deg.)     :    4.3219  3.1377  2.9431  3.3944  3.3384  2.9987  3.1058  3.9974 
>
iteration       : 4
climbing        : no
zoom on         : no
nim             : 10
barrier         :   0.05017394 (image:  4) 
distance        :   0.00000000    1.93468463    3.73392552    5.48576344    7.23869404    9.00942843   10.74914426   12.51196482   14.39602567   16.28046130 
energy          : -1075.54974314  -1075.54445539  -1075.52515010  -1075.50704796  -1075.49956919  -1075.50564670  -1075.52336649  -1075.54853614  -1075.57304759  -1075.58160718 
max(|Fr_perp|)   :   0.00000000    0.02910375    0.03755003    0.02893496    0.03819054    0.04060630    0.03515754    0.02914800    0.02105995    0.00000000 
Fr_paral         :   0.00000000   -0.00828468   -0.01264102   -0.00805690   -0.00051604    0.00727855    0.01353160    0.01558243    0.00995047    0.00000000 
max(|Fsp_paral|) :   0.00000000    0.02146400    0.01958731    0.00856631    0.00064987    0.00808782    0.02002326    0.02931989    0.00153996    0.00000000 
max(|Fsp_perp|)  :   0.00000000    0.00000000    0.00000000    0.00000000    0.00000000    0.00000000    0.00000000    0.00000000    0.00000000    0.00000000 
max(|FNEB|)      :   0.00000000    0.02424676    0.03131305    0.03044624    0.03828659    0.03897749    0.03075618    0.03604104    0.02079540    0.00000000 
max(|Force|)     :   0.00161362    0.02987917    0.03898674    0.02839977    0.03815408    0.04114495    0.03627422    0.03037137    0.02167775    0.00144002 
ksp              :   0.01948494    0.05411399    0.08658490    0.10000000    0.10000000    0.08909842    0.05731336    0.01216506    0.01000000 
max(|step|)      :   0.00000000    0.05552837    0.07094924    0.07123988    0.07680831    0.07292190    0.06227920    0.07875114    0.04766692    0.00000000 
angle (deg.)     :    6.1571  4.5531  3.3956  4.1720  3.9465  3.4433  4.3067  5.7013 
>
iteration       : 5
climbing        : no
zoom on         : no
nim             : 10
barrier         :   0.04575749 (image:  4) 
distance        :   0.00000000    2.07128866    3.86394626    5.55603228    7.26403913    8.98968222   10.66364407   12.38072298   14.41498429   16.32718608 
energy          : -1075.54974314  -1075.54645589  -1075.52939949  -1075.51115899  -1075.50398565  -1075.51012610  -1075.52723043  -1075.55174162  -1075.57504279  -1075.58160718 
max(|Fr_perp|)   :   0.00000000    0.01700774    0.03186404    0.04505402    0.05702903    0.06033709    0.05321317    0.03941408    0.01970180    0.00000000 
Fr_paral         :   0.00000000   -0.00589844   -0.01222024   -0.00708150   -0.00014354    0.00569124    0.01251779    0.01431102    0.00724777    0.00000000 
max(|Fsp_paral|) :   0.00000000    0.01986137    0.01976709    0.00910710    0.00063666    0.00924483    0.01994869    0.02737779    0.00046455    0.00000000 
max(|Fsp_perp|)  :   0.00000000    0.00000000    0.00000000    0.00000000    0.00000000    0.00000000    0.00000000    0.00000000    0.00000000    0.00000000 
max(|FNEB|)      :   0.00000000    0.02527897    0.03363408    0.04688071    0.05713965    0.05843607    0.04912424    0.03406278    0.01957534    0.00000000 
max(|Force|)     :   0.00161362    0.01751110    0.03342061    0.04453088    0.05701829    0.06076697    0.05417583    0.04062208    0.02046966    0.00144002 
ksp              :   0.01646566    0.05001374    0.08589081    0.10000000    0.10000000    0.08792240    0.05428005    0.01000000    0.01000000 
max(|step|)      :   0.00000000    0.05878427    0.08315497    0.07097422    0.06997137    0.06420583    0.08163156    0.10000000    0.04569373    0.00000000 
angle (deg.)     :    7.3338  7.0372  4.0460  5.3110  4.6648  4.2099  6.1183  6.9466 
>
iteration       : 6
climbing        : no
zoom on         : no
nim             : 10
barrier         :   0.04186293 (image:  4) 
distance        :   0.00000000    2.24427076    4.03938031    5.65492811    7.30031928    8.96262610   10.55306997   12.21918878   14.43988676   16.39054838 
energy          : -1075.54974314  -1075.54724911  -1075.53366024  -1075.51503399  -1075.50788020  -1075.51392492  -1075.53046861  -1075.55434915  -1075.57565325  -1075.58160718 
max(|Fr_perp|)   :   0.00000000    0.01575456    0.03394006    0.04798544    0.05724613    0.05987392    0.05557346    0.04353544    0.02254130    0.00000000 
Fr_paral         :   0.00000000   -0.00327198   -0.01183430   -0.00752220   -0.00002633    0.00547425    0.01279894    0.01316125    0.00467570    0.00000000 
max(|Fsp_paral|) :   0.00000000    0.01614565    0.01969844    0.00977365    0.00060211    0.01011300    0.01940364    0.02390712    0.00103772    0.00000000 
max(|Fsp_perp|)  :   0.00000000    0.00000000    0.00000000    0.00000000    0.00000000    0.00000000    0.00000000    0.00000000    0.00000000    0.00000000 
max(|FNEB|)      :   0.00000000    0.02221144    0.03852108    0.05046916    0.05758053    0.05795743    0.05225178    0.03933222    0.02237555    0.00000000 
max(|Force|)     :   0.00161362    0.01560237    0.03311178    0.04752364    0.05745764    0.06052429    0.05665491    0.04461386    0.02306418    0.00144002 
ksp              :   0.01537005    0.04458764    0.08461817    0.10000000    0.10000000    0.08701752    0.05147064    0.01000000    0.01000000 
max(|step|)      :   0.00000000    0.02360415    0.04093644    0.05363369    0.06119095    0.06159148    0.05552807    0.04179844    0.02377855    0.00000000 
angle (deg.)     :    6.5701  8.0437  3.9015  5.4458  4.4252  4.3069  6.7505  6.1083 
>
iteration       : 7
climbing        : no
zoom on         : no
nim             : 10
barrier         :   0.03678834 (image:  4) 
distance        :   0.00000000    2.29144682    4.09930031    5.68114895    7.29687745    8.92619973   10.48626710   12.13816119   14.42282756   16.37474962 
energy          : -1075.54974314  -1075.54799039  -1075.53664561  -1075.51938938  -1075.51295479  -1075.51877112  -1075.53444912  -1075.55686231  -1075.57656325  -1075.58160718 
max(|Fr_perp|)   :   0.00000000    0.00773119    0.02395424    0.02237273    0.02369764    0.02372480    0.02207465    0.01862763    0.00819898    0.00000000 
Fr_paral         :   0.00000000   -0.00379758   -0.01286092   -0.01029744   -0.00018411    0.00888337    0.01546522    0.01432030    0.00560136    0.00000000 
max(|Fsp_paral|) :   0.00000000    0.01536926    0.01985625    0.00988005    0.00048234    0.01045732    0.02035983    0.02088757    0.00128190    0.00000000 
max(|Fsp_perp|)  :   0.00000000    0.00000000    0.00000000    0.00000000    0.00000000    0.00000000    0.00000000    0.00000000    0.00000000    0.00000000 
max(|FNEB|)      :   0.00000000    0.01606650    0.02830039    0.02716201    0.02388165    0.02353937    0.03269095    0.02951346    0.00806255    0.00000000 
max(|Force|)     :   0.00161362    0.00743632    0.02586361    0.02196305    0.02366985    0.02489768    0.02343542    0.02006879    0.00843221    0.00144002 
ksp              :   0.01428797    0.04204214    0.08425824    0.10000000    0.10000000    0.08577077    0.04741568    0.01000000    0.01000000 
max(|step|)      :   0.00000000    0.01523473    0.02268425    0.01992334    0.01805885    0.02207427    0.03253153    0.03170069    0.00591425    0.00000000 
angle (deg.)     :    6.1178  9.0477  4.1537  5.9105  4.5166  4.7840  7.3940  5.7232 
>
iteration       : 8
climbing        : no
zoom on         : no
nim             : 10
barrier         :   0.03545591 (image:  4) 
distance        :   0.00000000    2.33918504    4.16537508    5.71730540    7.30533148    8.90302667   10.43640595   12.08648179   14.43310522   16.38862269 
energy          : -1075.54974314  -1075.54819575  -1075.53795776  -1075.52093830  -1075.51428723  -1075.51992754  -1075.53559421  -1075.55780500  -1075.57685023  -1075.58160718 
max(|Fr_perp|)   :   0.00000000    0.00934064    0.02313985    0.02666011    0.02913018    0.02939021    0.02675830    0.02133050    0.01010216    0.00000000 
Fr_paral         :   0.00000000   -0.00361999   -0.01250336   -0.01078591   -0.00032437    0.00893426    0.01582897    0.01399623    0.00547725    0.00000000 
max(|Fsp_paral|) :   0.00000000    0.01426137    0.01933053    0.01034427    0.00034188    0.01016938    0.02038652    0.01973765    0.00151315    0.00000000 
max(|Fsp_perp|)  :   0.00000000    0.00000000    0.00000000    0.00000000    0.00000000    0.00000000    0.00000000    0.00000000    0.00000000    0.00000000 
max(|FNEB|)      :   0.00000000    0.01726596    0.03110197    0.03165546    0.02925361    0.02568941    0.02974469    0.02646147    0.00994778    0.00000000 
max(|Force|)     :   0.00161362    0.00862393    0.02503278    0.02482778    0.02908179    0.03056383    0.02817150    0.02210605    0.01032171    0.00144002 
ksp              :   0.01392783    0.03991557    0.08311716    0.10000000    0.10000000    0.08568284    0.04591511    0.01000000    0.01000000 
max(|step|)      :   0.00000000    0.04772251    0.07857377    0.06233382    0.04441527    0.06164476    0.10000000    0.09648939    0.01777068    0.00000000 
angle (deg.)     :    5.4158  12.0448  5.5443  7.7420  4.9853  6.8134  9.2789  5.2270 
>
iteration       : 9
climbing        : no
zoom on         : no
nim             : 10
barrier         :   0.03257944 (image:  4) 
distance        :   0.00000000    2.48935020    4.38275566    5.84485430    7.33996303    8.83815278   10.28382487   11.93822906   14.48052911   16.45050524 
energy          : -1075.54974314  -1075.54866198  -1075.54134064  -1075.52494504  -1075.51716370  -1075.52224542  -1075.53821159  -1075.56010684  -1075.57734276  -1075.58160718 
max(|Fr_perp|)   :   0.00000000    0.00952187    0.02013082    0.02724783    0.03010785    0.03018689    0.02653190    0.02072019    0.00995606    0.00000000 
Fr_paral         :   0.00000000   -0.00288279   -0.01084331   -0.01273031   -0.00093584    0.00906043    0.01718641    0.01285952    0.00492521    0.00000000 
max(|Fsp_paral|) :   0.00000000    0.01071832    0.01761027    0.01176188    0.00010918    0.00903669    0.01991666    0.01660055    0.00223554    0.00000000 
max(|Fsp_perp|)  :   0.00000000    0.00000000    0.00000000    0.00000000    0.00000000    0.00000000    0.00000000    0.00000000    0.00000000    0.00000000 
max(|FNEB|)      :   0.00000000    0.01584391    0.03013607    0.03303660    0.03027233    0.02705746    0.02797486    0.02199762    0.00981161    0.00000000 
max(|Force|)     :   0.00161362    0.00895484    0.02008514    0.02524131    0.03011172    0.03150568    0.02822967    0.02154854    0.01016476    0.00144002 
ksp              :   0.01299253    0.03322472    0.07851224    0.10000000    0.10000000    0.08596605    0.04187293    0.01000000    0.01000000 
max(|step|)      :   0.00000000    0.03914009    0.07444681    0.08161215    0.07478343    0.06684155    0.06910784    0.05434195    0.02423817    0.00000000 
angle (deg.)     :    5.6184  12.4251  7.4526  9.2924  5.6100  8.6402  9.8677  5.6050 
>
iteration       : 10
climbing        : no
zoom on         : no
nim             : 10
barrier         :   0.03326387 (image:  4) 
distance        :   0.00000000    2.56702349    4.52615202    5.95557603    7.37157633    8.80974054   10.18993860   11.88336298   14.53112460   16.51776734 
energy          : -1075.54974314  -1075.54877150  -1075.54202623  -1075.52565099  -1075.51647926  -1075.52129059  -1075.53791140  -1075.56050288  -1075.57734314  -1075.58160718 
max(|Fr_perp|)   :   0.00000000    0.01342852    0.02789572    0.03984587    0.04632746    0.04752664    0.04268346    0.03357618    0.01837821    0.00000000 
Fr_paral         :   0.00000000   -0.00164345   -0.00877034   -0.01287634   -0.00076081    0.00704082    0.01668055    0.01075138    0.00342905    0.00000000 
max(|Fsp_paral|) :   0.00000000    0.00980212    0.01590262    0.01134201    0.00076241    0.00831885    0.01741327    0.01690854    0.00259245    0.00000000 
max(|Fsp_perp|)  :   0.00000000    0.00000000    0.00000000    0.00000000    0.00000000    0.00000000    0.00000000    0.00000000    0.00000000    0.00000000 
max(|FNEB|)      :   0.00000000    0.01590878    0.03233800    0.04289177    0.04649691    0.04568526    0.03950613    0.03095328    0.01792807    0.00000000 
max(|Force|)     :   0.00161362    0.01328109    0.02704926    0.03866669    0.04626397    0.04808211    0.04379718    0.03422199    0.01861359    0.00144002 
ksp              :   0.01262888    0.03087916    0.07518463    0.10000000    0.10000000    0.08698230    0.04201240    0.01000000    0.01000000 
max(|step|)      :   0.00000000    0.02938092    0.05291227    0.04847506    0.03237467    0.03394861    0.06649705    0.05463958    0.01047528    0.00000000 
angle (deg.)     :    5.6526  12.8657  9.8572  10.9450  6.0882  10.7149  10.4766  5.6407 
>
iteration       : 11
climbing        : no
zoom on         : no
nim             : 10
barrier         :   0.03156781 (image:  4) 
distance        :   0.00000000    2.64305189    4.66497736    6.06256145    7.39929254    8.77561703   10.08979417   11.81458374   14.56726611   16.57035125 
energy          : -1075.54974314  -1075.54906109  -1075.54344445  -1075.52816298  -1075.51817532  -1075.52261805  -1075.53927823  -1075.56163019  -1075.57756473  -1075.58160718 
max(|Fr_perp|)   :   0.00000000    0.01200343    0.02453630    0.03386830    0.03810504    0.03883255    0.03535795    0.02862614    0.01580767    0.00000000 
Fr_paral         :   0.00000000   -0.00125834   -0.00753504   -0.01482443   -0.00114008    0.00750487    0.01785616    0.00993606    0.00316852    0.00000000 
max(|Fsp_paral|) :   0.00000000    0.00869735    0.01470805    0.01092993    0.00134484    0.00790101    0.01608381    0.01558849    0.00295079    0.00000000 
max(|Fsp_perp|)  :   0.00000000    0.00000000    0.00000000    0.00000000    0.00000000    0.00000000    0.00000000    0.00000000    0.00000000    0.00000000 
max(|FNEB|)      :   0.00000000    0.01436991    0.02884815    0.03690368    0.03841648    0.03707402    0.03243578    0.02629399    0.01534032    0.00000000 
max(|Force|)     :   0.00161362    0.01188239    0.02377332    0.03249602    0.03801033    0.03942182    0.03652648    0.02920218    0.01600694    0.00144002 
ksp              :   0.01194452    0.02795757    0.07152515    0.10000000    0.10000000    0.08733376    0.03983550    0.01000000    0.01000000 
max(|step|)      :   0.00000000    0.03944107    0.07000114    0.06244647    0.04194972    0.05520765    0.10000000    0.08008914    0.01500499    0.00000000 
angle (deg.)     :    5.6588  13.4211  14.2807  13.7417  6.9420  14.1890  11.2961  5.6889 
>
iteration       : 12
climbing        : no
zoom on         : no
nim             : 10
barrier         :   0.02955038 (image:  4) 
distance        :   0.00000000    2.74955482    4.86204618    6.22056410    7.44883267    8.73561385    9.95906662   11.73102326   14.63094869   16.65977427 
energy          : -1075.54974314  -1075.54946838  -1075.54522043  -1075.53154569  -1075.52019275  -1075.52413644  -1075.54098521  -1075.56292636  -1075.57781850  -1075.58160718 
max(|Fr_perp|)   :   0.00000000    0.01076702    0.02161168    0.02993613    0.03266190    0.03296838    0.02993924    0.02457559    0.01374779    0.00000000 
Fr_paral         :   0.00000000   -0.00082579   -0.00579102   -0.01769693   -0.00173921    0.00809944    0.01959645    0.00867833    0.00282750    0.00000000 
max(|Fsp_paral|) :   0.00000000    0.00708790    0.01304215    0.01050229    0.00194243    0.00707905    0.01441580    0.01368899    0.00345096    0.00000000 
max(|Fsp_perp|)  :   0.00000000    0.00000000    0.00000000    0.00000000    0.00000000    0.00000000    0.00000000    0.00000000    0.00000000    0.00000000 
max(|FNEB|)      :   0.00000000    0.01293272    0.02576673    0.03313064    0.03331587    0.03158525    0.02748631    0.02273808    0.01334635    0.00000000 
max(|Force|)     :   0.00161362    0.01073838    0.02111157    0.02847500    0.03271848    0.03379999    0.03138194    0.02520258    0.01398497    0.00144002 
ksp              :   0.01084924    0.02379949    0.06544139    0.10000000    0.10000000    0.08799734    0.03671132    0.01000000    0.01000000 
max(|step|)      :   0.00000000    0.01569473    0.03126966    0.04020625    0.04043104    0.03833082    0.03335647    0.02759418    0.01619670    0.00000000 
angle (deg.)     :    5.4890  13.4193  15.8449  14.5022  7.0713  15.3342  11.4361  5.2881 
>
iteration       : 13
climbing        : yes
zoom on         : no
nim             : 10
barrier         :   0.02785894 (image:  4) 
distance        :   0.00000000    2.77297685    4.90907130    6.26770520    7.46101414    8.71522203    9.91069994   11.69489958   14.62850106   16.66663320 
energy          : -1075.54974314  -1075.54982160  -1075.54613111  -1075.53325050  -1075.52188420  -1075.52566199  -1075.54222940  -1075.56369834  -1075.57813932  -1075.58160718 
max(|Fr_perp|)   :   0.00000000    0.00724039    0.01342331    0.01768405    0.01839568    0.01793972    0.01542019    0.01229989    0.00674357    0.00000000 
Fr_paral         :   0.00000000   -0.00153809   -0.00639638   -0.01931380   -0.00267064    0.00965786    0.02103772    0.00977016    0.00387031    0.00000000 
max(|Fsp_paral|) :   0.00000000    0.00644366    0.01342435    0.01015981    0.00199042    0.00677511    0.01469127    0.01212001    0.00355469    0.00000000 
max(|Fsp_perp|)  :   0.00000000    0.00000000    0.00000000    0.00000000    0.00000000    0.00000000    0.00000000    0.00000000    0.00000000    0.00000000 
max(|FNEB|)      :   0.00000000    0.01140464    0.02120953    0.02273917    0.01874006    0.01756754    0.02642112    0.01781773    0.00660132    0.00000000 
max(|Force|)     :   0.00161362    0.00692134    0.01221904    0.02273669    0.01849105    0.01839477    0.01871560    0.01296284    0.00685769    0.00144002 
ksp              :   0.01000000    0.02168570    0.06329648    0.10000000    0.10000000    0.08779878    0.03429471    0.01000000    0.01000000 
max(|step|)      :   0.00000000    0.01496563    0.02783200    0.02983926    0.02459146    0.02305284    0.03467086    0.02338115    0.00866251    0.00000000 
angle (deg.)     :    5.5323  13.3365  17.4680  15.3325  7.3832  16.4873  11.5880  5.4511 
>
iteration       : 14
climbing        : yes
zoom on         : no
nim             : 10
barrier         :   0.02733242 (image:  4) 
distance        :   0.00000000    2.79816891    4.96679233    6.32742820    7.48666845    8.70697707    9.87386228   11.68240334   14.65102216   16.70193217 
energy          : -1075.54974314  -1075.54997460  -1075.54656365  -1075.53407732  -1075.52241071  -1075.52602739  -1075.54253540  -1075.56404919  -1075.57822632  -1075.58160718 
max(|Fr_perp|)   :   0.00000000    0.00682861    0.01355647    0.01911486    0.01984495    0.01962974    0.01758688    0.01505513    0.00829085    0.00000000 
Fr_paral         :   0.00000000   -0.00091433   -0.00547956   -0.01943693   -0.00238690    0.00893384    0.02085866    0.00871041    0.00300594    0.00000000 
max(|Fsp_paral|) :   0.00000000    0.00566242    0.01330272    0.01017771    0.00197624    0.00630925    0.01389212    0.01195219    0.00365202    0.00000000 
max(|Fsp_perp|)  :   0.00000000    0.00000000    0.00000000    0.00000000    0.00000000    0.00000000    0.00000000    0.00000000    0.00000000    0.00000000 
max(|FNEB|)      :   0.00000000    0.00855450    0.01777883    0.02192014    0.02003631    0.01819718    0.02010641    0.01445971    0.00781782    0.00000000 
max(|Force|)     :   0.00161362    0.00673108    0.01295813    0.02271577    0.01965359    0.02031296    0.01905436    0.01553977    0.00844732    0.00144002 
ksp              :   0.01000000    0.02046940    0.06158427    0.10000000    0.10000000    0.08809102    0.03373359    0.01000000    0.01000000 
max(|step|)      :   0.00000000    0.01784379    0.03275359    0.03152278    0.01808490    0.02360826    0.04530336    0.03142473    0.00864804    0.00000000 
angle (deg.)     :    5.5711  13.2735  20.0428  16.6386  7.8232  18.3047  11.8434  5.4929 
>
iteration       : 15
climbing        : yes
zoom on         : no
nim             : 10
barrier         :   0.02724817 (image:  4) 
distance        :   0.00000000    2.83317571    5.05085053    6.41288439    7.51870755    8.69259755    9.81636547   11.65882788   14.67745232   16.74679992 
energy          : -1075.54974314  -1075.55009136  -1075.54687250  -1075.53472521  -1075.52249497  -1075.52585254  -1075.54240991  -1075.56422802  -1075.57822952  -1075.58160718 
max(|Fr_perp|)   :   0.00000000    0.00887318    0.01771372    0.02516348    0.02678128    0.02669677    0.02387462    0.01975103    0.01098201    0.00000000 
Fr_paral         :   0.00000000   -0.00075713   -0.00509398   -0.02058375   -0.00266883    0.00897411    0.02161197    0.00837972    0.00277948    0.00000000 
max(|Fsp_paral|) :   0.00000000    0.00511964    0.01283840    0.00988454    0.00216198    0.00562150    0.01201455    0.01255770    0.00378669    0.00000000 
max(|Fsp_perp|)  :   0.00000000    0.00000000    0.00000000    0.00000000    0.00000000    0.00000000    0.00000000    0.00000000    0.00000000    0.00000000 
max(|FNEB|)      :   0.00000000    0.01044135    0.02176607    0.02762109    0.02698989    0.02542129    0.02162893    0.01792576    0.01050576    0.00000000 
max(|Force|)     :   0.00161362    0.00879220    0.01715981    0.02336957    0.02657267    0.02737132    0.02525060    0.02022723    0.01112289    0.00144002 
ksp              :   0.01000000    0.01948164    0.05960383    0.10000000    0.10000000    0.08891001    0.03422147    0.01000000    0.01000000 
max(|step|)      :   0.00000000    0.03685656    0.06800814    0.06764169    0.03757331    0.05291827    0.10000000    0.07389198    0.02048339    0.00000000 
angle (deg.)     :    5.7202  13.2360  26.4617  19.8600  8.9483  22.8375  12.4085  5.6138 
>
iteration       : 16
climbing        : yes
zoom on         : no
nim             : 10
barrier         :   0.02657341 (image:  4) 
distance        :   0.00000000    2.91023018    5.23933051    6.60318425    7.59953825    8.67274659    9.70816749   11.61361935   14.74937290   16.86163950 
energy          : -1075.54974314  -1075.55041310  -1075.54776746  -1075.53652463  -1075.52316972  -1075.52593837  -1075.54257653  -1075.56473602  -1075.57828386  -1075.58160718 
max(|Fr_perp|)   :   0.00000000    0.00983539    0.01973589    0.02846178    0.03029519    0.03014521    0.02669269    0.02167280    0.01216045    0.00000000 
Fr_paral         :   0.00000000   -0.00058097   -0.00436152   -0.02344996   -0.00356198    0.00941566    0.02369464    0.00785584    0.00249671    0.00000000 
max(|Fsp_paral|) :   0.00000000    0.00337004    0.01212308    0.00953568    0.00231456    0.00411046    0.01006822    0.01303725    0.00410492    0.00000000 
max(|Fsp_perp|)  :   0.00000000    0.00000000    0.00000000    0.00000000    0.00000000    0.00000000    0.00000000    0.00000000    0.00000000    0.00000000 
max(|FNEB|)      :   0.00000000    0.01094346    0.02370842    0.03050897    0.03077768    0.02944203    0.02520280    0.01988800    0.01177113    0.00000000 
max(|Force|)     :   0.00161362    0.00983520    0.01938904    0.02679887    0.03025487    0.03104698    0.02838676    0.02228108    0.01236286    0.00144002 
ksp              :   0.01000000    0.01672233    0.05479677    0.10000000    0.10000000    0.09062937    0.03431456    0.01000000    0.01000000 
max(|step|)      :   0.00000000    0.01066072    0.02309588    0.02972072    0.02998249    0.02868135    0.02455165    0.01937416    0.01146701    0.00000000 
angle (deg.)     :    5.7201  13.3617  27.5017  20.3282  9.1635  23.7289  12.5151  5.4413 
>
iteration       : 17
climbing        : yes
zoom on         : no
nim             : 10
barrier         :   0.02528440 (image:  4) 
distance        :   0.00000000    2.91918713    5.27444658    6.63575195    7.61065905    8.66733823    9.68761330   11.59353163   14.75307578   16.87449693 
energy          : -1075.54974314  -1075.55063275  -1075.54839922  -1075.53767429  -1075.52445873  -1075.52711454  -1075.54353529  -1075.56526585  -1075.57846650  -1075.58160718 
max(|Fr_perp|)   :   0.00000000    0.00474305    0.00898862    0.01271149    0.01081541    0.00974030    0.01195999    0.00857890    0.00489262    0.00000000 
Fr_paral         :   0.00000000   -0.00077175   -0.00474278   -0.02410461   -0.00423219    0.01018347    0.02440001    0.00870216    0.00336610    0.00000000 
max(|Fsp_paral|) :   0.00000000    0.00192847    0.01268446    0.00993897    0.00243040    0.00406515    0.01125446    0.01130792    0.00416283    0.00000000 
max(|Fsp_perp|)  :   0.00000000    0.00000000    0.00000000    0.00000000    0.00000000    0.00000000    0.00000000    0.00000000    0.00000000    0.00000000 
max(|FNEB|)      :   0.00000000    0.00600610    0.01600116    0.01575744    0.01129548    0.01269580    0.02149866    0.01695363    0.00553939    0.00000000 
max(|Force|)     :   0.00161362    0.00456794    0.00808664    0.02206303    0.01033534    0.01056571    0.02033607    0.00943113    0.00513562    0.00144002 
ksp              :   0.01000000    0.01478368    0.05295915    0.10000000    0.10000000    0.09054662    0.03209687    0.01000000    0.01000000 
max(|step|)      :   0.00000000    0.00481457    0.01421949    0.01437704    0.00681918    0.00943404    0.01847928    0.01576066    0.00501759    0.00000000 
angle (deg.)     :    5.7827  13.4719  28.5113  20.7962  9.4278  24.5816  12.6567  5.4785 
>
iteration       : 18
climbing        : yes
zoom on         : no
nim             : 10
barrier         :   0.02506415 (image:  4) 
distance        :   0.00000000    2.92607251    5.31334255    6.67240518    7.62663658    8.66648319    9.67054385   11.58312300   14.76549217   16.89732672 
energy          : -1075.54974314  -1075.55071515  -1075.54858350  -1075.53795225  -1075.52467898  -1075.52722612  -1075.54360296  -1075.56537611  -1075.57849096  -1075.58160718 
max(|Fr_perp|)   :   0.00000000    0.00520495    0.00985449    0.01365175    0.01175719    0.01079408    0.01122993    0.00830487    0.00462062    0.00000000 
Fr_paral         :   0.00000000   -0.00071007   -0.00465385   -0.02448515   -0.00442673    0.01025201    0.02475293    0.00861393    0.00333789    0.00000000 
max(|Fsp_paral|) :   0.00000000    0.00155787    0.01269643    0.00969225    0.00251269    0.00396840    0.01099366    0.01126935    0.00421785    0.00000000 
max(|Fsp_perp|)  :   0.00000000    0.00000000    0.00000000    0.00000000    0.00000000    0.00000000    0.00000000    0.00000000    0.00000000    0.00000000 
max(|FNEB|)      :   0.00000000    0.00622631    0.01684274    0.01649196    0.01225151    0.01157000    0.02025732    0.01634848    0.00533487    0.00000000 
max(|Force|)     :   0.00161362    0.00504365    0.00897347    0.02192595    0.01126286    0.01144563    0.01997635    0.00915322    0.00485978    0.00144002 
ksp              :   0.01000000    0.01416402    0.05233856    0.10000000    0.10000000    0.09085377    0.03204804    0.01000000    0.01000000 
max(|step|)      :   0.00000000    0.02925025    0.07796290    0.07454512    0.03958998    0.04835153    0.10000000    0.08779623    0.02789512    0.00000000 
angle (deg.)     :    6.1841  14.2340  34.8808  23.6028  11.0805  29.9524  13.5097  5.7412 
>
iteration       : 19
climbing        : yes
zoom on         : no
nim             : 10
barrier         :   0.02400018 (image:  4) 
distance        :   0.00000000    2.96000210    5.53953301    6.87967104    7.72657630    8.67459509    9.59299189   11.53823991   14.85149042   17.04471425 
energy          : -1075.54974314  -1075.55113713  -1075.54958416  -1075.53938881  -1075.52574296  -1075.52766341  -1075.54385398  -1075.56585755  -1075.57856341  -1075.58160718 
max(|Fr_perp|)   :   0.00000000    0.00426279    0.00828237    0.01317478    0.01248878    0.01119915    0.01134986    0.00881424    0.00479505    0.00000000 
Fr_paral         :   0.00000000   -0.00036235   -0.00416642   -0.02685475   -0.00557545    0.01053871    0.02684131    0.00816729    0.00313306    0.00000000 
max(|Fsp_paral|) :   0.00000000    0.00075554    0.01298222    0.00851719    0.00325015    0.00325335    0.00927399    0.01119959    0.00452220    0.00000000 
max(|Fsp_perp|)  :   0.00000000    0.00000000    0.00000000    0.00000000    0.00000000    0.00000000    0.00000000    0.00000000    0.00000000    0.00000000 
max(|FNEB|)      :   0.00000000    0.00462307    0.01479125    0.01510871    0.01317689    0.01084589    0.01764358    0.01624604    0.00558392    0.00000000 
max(|Force|)     :   0.00161362    0.00419491    0.00761389    0.02138758    0.01198612    0.01241269    0.01896808    0.00969937    0.00504513    0.00144002 
ksp              :   0.01000000    0.01060942    0.04883781    0.10000000    0.10000000    0.09279740    0.03209544    0.01000000    0.01000000 
max(|step|)      :   0.00000000    0.00910934    0.02914482    0.02977034    0.02596387    0.02137084    0.03476509    0.03201135    0.01100261    0.00000000 
angle (deg.)     :    6.4193  14.6318  36.3963  24.0891  11.6852  31.5829  13.8750  5.9597 
>
iteration       : 20
climbing        : yes
zoom on         : no
nim             : 10
barrier         :   0.02422808 (image:  4) 
distance        :   0.00000000    2.95630947    5.62096386    6.94296243    7.76285451    8.68158836    9.57551468   11.52377751   14.87894079   17.09546095 
energy          : -1075.54974314  -1075.55120420  -1075.54968099  -1075.53929824  -1075.52551506  -1075.52725962  -1075.54345797  -1075.56568546  -1075.57850911  -1075.58160718 
max(|Fr_perp|)   :   0.00000000    0.00719779    0.01299034    0.01966495    0.02159302    0.02105459    0.01712995    0.01451319    0.00838330    0.00000000 
Fr_paral         :   0.00000000   -0.00032186   -0.00389093   -0.02747070   -0.00568258    0.01029302    0.02733963    0.00726619    0.00233318    0.00000000 
max(|Fsp_paral|) :   0.00000000    0.00077654    0.01269740    0.00791358    0.00326086    0.00287067    0.00779709    0.01203516    0.00461074    0.00000000 
max(|Fsp_perp|)  :   0.00000000    0.00000000    0.00000000    0.00000000    0.00000000    0.00000000    0.00000000    0.00000000    0.00000000    0.00000000 
max(|FNEB|)      :   0.00000000    0.00694277    0.01700697    0.02061342    0.02195348    0.02056338    0.01616558    0.01437024    0.00791936    0.00000000 
max(|Force|)     :   0.00161362    0.00716304    0.01256279    0.02135706    0.02123255    0.02170307    0.01926209    0.01494224    0.00847953    0.00144002 
ksp              :   0.01000000    0.01023084    0.04879962    0.10000000    0.10000000    0.09351946    0.03334751    0.01000000    0.01000000 
max(|step|)      :   0.00000000    0.00558149    0.02859063    0.02141444    0.01453311    0.01355265    0.02859668    0.02968056    0.01012248    0.00000000 
angle (deg.)     :    6.5881  15.1208  38.0029  24.5682  12.2650  33.3565  14.2171  6.0355 
>
iteration       : 21
climbing        : yes
zoom on         : no
nim             : 10
barrier         :   0.02389106 (image:  4) 
distance        :   0.00000000    2.95212040    5.70210393    7.00429086    7.79798472    8.68815220    9.55911139   11.50537856   14.90322217   17.14293953 
energy          : -1075.54974314  -1075.55133477  -1075.54993243  -1075.53956954  -1075.52585208  -1075.52741998  -1075.54352091  -1075.56583295  -1075.57852949  -1075.58160718 
max(|Fr_perp|)   :   0.00000000    0.00707089    0.01308839    0.01966726    0.02152854    0.02097142    0.01719603    0.01442924    0.00831125    0.00000000 
Fr_paral         :   0.00000000   -0.00026739   -0.00397952   -0.02806687   -0.00610389    0.01042959    0.02810292    0.00733158    0.00230226    0.00000000 
max(|Fsp_paral|) :   0.00000000    0.00067972    0.01206449    0.00761414    0.00326653    0.00250449    0.00725566    0.01190985    0.00469739    0.00000000 
max(|Fsp_perp|)  :   0.00000000    0.00000000    0.00000000    0.00000000    0.00000000    0.00000000    0.00000000    0.00000000    0.00000000    0.00000000 
max(|FNEB|)      :   0.00000000    0.00684558    0.01688262    0.02048475    0.02190093    0.02057035    0.01636036    0.01384408    0.00784642    0.00000000 
max(|Force|)     :   0.00161362    0.00704195    0.01265376    0.02129744    0.02115616    0.02160490    0.01986012    0.01486603    0.00840481    0.00144002 
ksp              :   0.01000000    0.01000000    0.04832497    0.10000000    0.10000000    0.09409355    0.03343976    0.01000000    0.01000000 
max(|step|)      :   0.00000000    0.01810181    0.09363848    0.07089586    0.04023277    0.04214929    0.08962535    0.10000000    0.03524100    0.00000000 
angle (deg.)     :    7.2212  17.1316  42.8001  25.7424  14.4289  39.3489  15.5090  6.3472 
>
iteration       : 22
climbing        : yes
zoom on         : no
nim             : 10
barrier         :   0.02288471 (image:  4) 
distance        :   0.00000000    2.94093978    5.95941605    7.19994264    7.92182063    8.72624637    9.52927120   11.45579008   14.99371354   17.31316684 
energy          : -1075.54974314  -1075.55172841  -1075.55086671  -1075.54036341  -1075.52685843  -1075.52793741  -1075.54343761  -1075.56539419  -1075.57847928  -1075.58160718 
max(|Fr_perp|)   :   0.00000000    0.00687193    0.00870705    0.01336915    0.01726025    0.01697955    0.01880708    0.02848968    0.01105701    0.00000000 
Fr_paral         :   0.00000000   -0.00008097   -0.00411135   -0.02980828   -0.00744607    0.01083014    0.02948929    0.00674058    0.00234842    0.00000000 
max(|Fsp_paral|) :   0.00000000    0.00025757    0.00948932    0.00690258    0.00305428    0.00134292    0.00456562    0.01211014    0.00496975    0.00000000 
max(|Fsp_perp|)  :   0.00000000    0.00000000    0.00000000    0.00000000    0.00000000    0.00000000    0.00000000    0.00000000    0.00000000    0.00000000 
max(|FNEB|)      :   0.00000000    0.00694711    0.01283727    0.01395175    0.01749352    0.01714358    0.01907661    0.02875315    0.01107949    0.00000000 
max(|Force|)     :   0.00161362    0.00695176    0.00857145    0.02088407    0.01742671    0.01723060    0.02002480    0.02891241    0.01122695    0.00144002 
ksp              :   0.01000000    0.01000000    0.04689331    0.10000000    0.10000000    0.09575907    0.03484746    0.01000000    0.01000000 
max(|step|)      :   0.00000000    0.00636340    0.01175866    0.01277950    0.01602368    0.01570315    0.01747376    0.02633726    0.01014858    0.00000000 
angle (deg.)     :    7.2087  17.5360  43.1466  25.7201  14.5500  40.0602  15.5682  6.2888 
>
iteration       : 23
climbing        : yes
zoom on         : no
nim             : 10
barrier         :   0.02230032 (image:  4) 
distance        :   0.00000000    2.94156745    5.98650414    7.22093372    7.93640985    8.73084174    9.52874699   11.44162940   14.99782877   17.32809607 
energy          : -1075.54974314  -1075.55183576  -1075.55107825  -1075.54063247  -1075.52744282  -1075.52850307  -1075.54405159  -1075.56618785  -1075.57862604  -1075.58160718 
max(|Fr_perp|)   :   0.00000000    0.00305350    0.00611071    0.00898492    0.00864646    0.00729536    0.00893903    0.01385470    0.00525287    0.00000000 
Fr_paral         :   0.00000000    0.00013788   -0.00430168   -0.02972945   -0.00762696    0.01100925    0.03028018    0.00800095    0.00285303    0.00000000 
max(|Fsp_paral|) :   0.00000000    0.00034212    0.00922073    0.00683100    0.00295744    0.00117031    0.00627204    0.01046813    0.00499718    0.00000000 
max(|Fsp_perp|)  :   0.00000000    0.00000000    0.00000000    0.00000000    0.00000000    0.00000000    0.00000000    0.00000000    0.00000000    0.00000000 
max(|FNEB|)      :   0.00000000    0.00322001    0.01122892    0.00985758    0.00929602    0.00705468    0.01178068    0.01491929    0.00581599    0.00000000 
max(|Force|)     :   0.00161362    0.00301418    0.00537939    0.02091688    0.00799690    0.00823424    0.01991997    0.01378908    0.00523588    0.00144002 
ksp              :   0.01000000    0.01000000    0.04676898    0.10000000    0.10000000    0.09572103    0.03297004    0.01000000    0.01000000 
max(|step|)      :   0.00000000    0.00253002    0.00924472    0.00666864    0.00506689    0.00348031    0.00823753    0.01178244    0.00452021    0.00000000 
angle (deg.)     :    7.2839  17.8639  43.4394  25.7162  14.7734  40.6316  15.7519  6.3348 
>
iteration       : 24
climbing        : yes
zoom on         : no
nim             : 10
barrier         :   0.02222261 (image:  4) 
distance        :   0.00000000    2.94247529    6.01205803    7.24131415    7.95154418    8.73704778    9.52789394   11.43326447   15.00517486   17.34597672 
energy          : -1075.54974314  -1075.55187496  -1075.55117647  -1075.54063576  -1075.52752053  -1075.52856438  -1075.54408236  -1075.56629935  -1075.57864399  -1075.58160718 
max(|Fr_perp|)   :   0.00000000    0.00305354    0.00612198    0.00900747    0.00847486    0.00712713    0.00904065    0.00913485    0.00375484    0.00000000 
Fr_paral         :   0.00000000    0.00016504   -0.00432312   -0.02984857   -0.00769713    0.01104698    0.03054822    0.00797943    0.00280657    0.00000000 
max(|Fsp_paral|) :   0.00000000    0.00041978    0.00908542    0.00664445    0.00284754    0.00107796    0.00617597    0.01027223    0.00502124    0.00000000 
max(|Fsp_perp|)  :   0.00000000    0.00000000    0.00000000    0.00000000    0.00000000    0.00000000    0.00000000    0.00000000    0.00000000    0.00000000 
max(|FNEB|)      :   0.00000000    0.00305021    0.01133657    0.00982853    0.00911874    0.00691217    0.01176589    0.01478939    0.00586325    0.00000000 
max(|Force|)     :   0.00161362    0.00299903    0.00538902    0.02091668    0.00783099    0.00805244    0.01986354    0.00907466    0.00393368    0.00144002 
ksp              :   0.01000000    0.01000000    0.04688425    0.10000000    0.10000000    0.09577249    0.03292574    0.01000000    0.01000000 
max(|step|)      :   0.00000000    0.02083287    0.07924198    0.05736231    0.04350043    0.03030797    0.07075160    0.10000000    0.03883956    0.00000000 
angle (deg.)     :    7.9456  20.7309  46.1320  25.7029  16.7694  45.8200  17.3886  6.7266 
>
iteration       : 25
climbing        : yes
zoom on         : no
nim             : 10
barrier         :   0.02163350 (image:  4) 
distance        :   0.00000000    2.95161940    6.22841335    7.41427625    8.08549255    8.80065618    9.53559873   11.37855316   15.08153325   17.51240772 
energy          : -1075.54974314  -1075.55218067  -1075.55197190  -1075.54064950  -1075.52810963  -1075.52903023  -1075.54401427  -1075.56644360  -1075.57864321  -1075.58160718 
max(|Fr_perp|)   :   0.00000000    0.00246773    0.00527670    0.00728798    0.00599083    0.00472734    0.00757566    0.00534061    0.00314625    0.00000000 
Fr_paral         :   0.00000000    0.00036426   -0.00447162   -0.03071681   -0.00830444    0.01138437    0.03207529    0.00787497    0.00257449    0.00000000 
max(|Fsp_paral|) :   0.00000000    0.00105007    0.00792910    0.00530333    0.00179581    0.00033334    0.00418809    0.00954836    0.00521518    0.00000000 
max(|Fsp_perp|)  :   0.00000000    0.00000000    0.00000000    0.00000000    0.00000000    0.00000000    0.00000000    0.00000000    0.00000000    0.00000000 
max(|FNEB|)      :   0.00000000    0.00274764    0.01113204    0.00776863    0.00659973    0.00476459    0.00905580    0.01369262    0.00593063    0.00000000 
max(|Force|)     :   0.00161362    0.00236672    0.00485808    0.02085246    0.00586927    0.00618429    0.01983222    0.00680716    0.00332247    0.00144002 
ksp              :   0.01000000    0.01000000    0.04783195    0.10000000    0.10000000    0.09617212    0.03383255    0.01000000    0.01000000 
max(|step|)      :   0.00000000    0.02006654    0.08129958    0.05673587    0.04819914    0.03479675    0.06613638    0.10000000    0.04331264    0.00000000 
angle (deg.)     :    8.7342  23.4331  48.0665  26.0478  18.0963  49.7268  19.3222  7.1622 
>
iteration       : 26
climbing        : yes
zoom on         : no
nim             : 10
barrier         :   0.02279597 (image:  4) 
distance        :   0.00000000    2.97596047    6.42589956    7.55836501    8.22419918    8.87635586    9.56382669   11.32719999   15.14132676   17.66739265 
energy          : -1075.54974314  -1075.55217597  -1075.55208765  -1075.53955815  -1075.52694717  -1075.52798668  -1075.54268532  -1075.56592874  -1075.57836071  -1075.58160718 
max(|Fr_perp|)   :   0.00000000    0.01100504    0.01368000    0.02373113    0.02751137    0.02763261    0.02355942    0.01494368    0.00861886    0.00000000 
Fr_paral         :   0.00000000    0.00015486   -0.00510878   -0.03127006   -0.00825331    0.01187902    0.03342111    0.00798688    0.00224115    0.00000000 
max(|Fsp_paral|) :   0.00000000    0.00149535    0.00726596    0.00507031    0.00059259    0.00029990    0.00043860    0.01073696    0.00531789    0.00000000 
max(|Fsp_perp|)  :   0.00000000    0.00000000    0.00000000    0.00000000    0.00000000    0.00000000    0.00000000    0.00000000    0.00000000    0.00000000 
max(|FNEB|)      :   0.00000000    0.01093950    0.01482337    0.02382927    0.02753041    0.02762656    0.02349823    0.01878180    0.01020178    0.00000000 
max(|Force|)     :   0.00161362    0.01100265    0.01367924    0.02386647    0.02749233    0.02766643    0.02375941    0.01478341    0.00864378    0.00144002 
ksp              :   0.01000000    0.01000000    0.05021102    0.10000000    0.10000000    0.09589594    0.03786474    0.01000000    0.01000000 
max(|step|)      :   0.00000000    0.02234142    0.07900845    0.05010806    0.03864849    0.02432575    0.05638384    0.10000000    0.04305359    0.00000000 
angle (deg.)     :    9.4867  26.7335  49.7921  26.5600  19.4615  54.3634  21.5009  7.5587 
>
iteration       : 27
climbing        : yes
zoom on         : no
nim             : 10
barrier         :   0.02271347 (image:  4) 
distance        :   0.00000000    3.00353887    6.63359314    7.71203692    8.37698372    8.97201953    9.62247187   11.29447175   15.22805867   17.85460850 
energy          : -1075.54974314  -1075.55228110  -1075.55241558  -1075.53938666  -1075.52702967  -1075.52822157  -1075.54240270  -1075.56571854  -1075.57821723  -1075.58160718 
max(|Fr_perp|)   :   0.00000000    0.01193923    0.01484326    0.02346882    0.02682819    0.02682140    0.02326735    0.01583926    0.00857547    0.00000000 
Fr_paral         :   0.00000000    0.00028358   -0.00536083   -0.03146901   -0.00788099    0.01227294    0.03409850    0.00827078    0.00229696    0.00000000 
max(|Fsp_paral|) :   0.00000000    0.00193942    0.00594216    0.00604004    0.00319178    0.00110062    0.00184790    0.00964088    0.00542155    0.00000000 
max(|Fsp_perp|)  :   0.00000000    0.00000000    0.00000000    0.00000000    0.00000000    0.00000000    0.00000000    0.00000000    0.00000000    0.00000000 
max(|FNEB|)      :   0.00000000    0.01202753    0.01548752    0.02377502    0.02707574    0.02705939    0.02342077    0.01939790    0.01051892    0.00000000 
max(|Force|)     :   0.00161362    0.01200062    0.01477810    0.02383178    0.02705427    0.02708404    0.02362926    0.01547618    0.00867297    0.00144002 
ksp              :   0.01000000    0.01000000    0.05106504    0.10000000    0.10000000    0.09528553    0.03913884    0.01000000    0.01000000 
max(|step|)      :   0.00000000    0.01132300    0.01458031    0.02238236    0.02548973    0.02547434    0.02204886    0.01826163    0.00990276    0.00000000 
angle (deg.)     :    9.5139  27.3096  49.6773  26.5774  19.3681  54.6751  21.6568  7.5471 
>
iteration       : 28
climbing        : yes
zoom on         : no
nim             : 10
barrier         :   0.02112837 (image:  4) 
distance        :   0.00000000    3.00953931    6.65437331    7.72698089    8.39098152    8.98095931    9.63254800   11.28163165   15.22950927   17.86821964 
energy          : -1075.54974314  -1075.55270459  -1075.55325534  -1075.54043215  -1075.52861476  -1075.52988053  -1075.54379876  -1075.56630548  -1075.57850786  -1075.58160718 
max(|Fr_perp|)   :   0.00000000    0.00380349    0.00571395    0.00795270    0.00829674    0.00777915    0.00586651    0.00526271    0.00380982    0.00000000 
Fr_paral         :   0.00000000    0.00078778   -0.00497227   -0.03138485   -0.00754352    0.01232416    0.03369489    0.00842131    0.00258320    0.00000000 
max(|Fsp_paral|) :   0.00000000    0.00197457    0.00536819    0.00691415    0.00339645    0.00117947    0.00183047    0.00687193    0.00541889    0.00000000 
max(|Fsp_perp|)  :   0.00000000    0.00000000    0.00000000    0.00000000    0.00000000    0.00000000    0.00000000    0.00000000    0.00000000    0.00000000 
max(|FNEB|)      :   0.00000000    0.00385708    0.00837023    0.00813892    0.00855825    0.00787711    0.00616946    0.01142509    0.00623907    0.00000000 
max(|Force|)     :   0.00161362    0.00381139    0.00555632    0.02001002    0.00803523    0.00820427    0.01901593    0.00713919    0.00396787    0.00144002 
ksp              :   0.01000000    0.01000000    0.04966178    0.10000000    0.10000000    0.09460823    0.03532112    0.01000000    0.01000000 
max(|step|)      :   0.00000000    0.00449073    0.00691401    0.00588358    0.00609670    0.00542802    0.00393725    0.00987789    0.00536792    0.00000000 
angle (deg.)     :    9.6170  27.9363  49.5018  26.8338  19.3512  54.8076  21.9365  7.6073 
>
iteration       : 29
climbing        : yes
zoom on         : no
nim             : 10
barrier         :   0.02105443 (image:  4) 
distance        :   0.00000000    3.01543351    6.67402339    7.74413151    8.40631242    8.99178003    9.63927432   11.27510040   15.23190270   17.88313282 
energy          : -1075.54974314  -1075.55276698  -1075.55338058  -1075.54031936  -1075.52868871  -1075.53002371  -1075.54387137  -1075.56633659  -1075.57853611  -1075.58160718 
max(|Fr_perp|)   :   0.00000000    0.00223523    0.00491205    0.00598234    0.00562835    0.00503541    0.00469468    0.00481965    0.00299423    0.00000000 
Fr_paral         :   0.00000000    0.00069437   -0.00500224   -0.03138363   -0.00734208    0.01241406    0.03372005    0.00835353    0.00242159    0.00000000 
max(|Fsp_paral|) :   0.00000000    0.00199484    0.00547324    0.00653046    0.00352823    0.00111739    0.00196233    0.00652330    0.00540670    0.00000000 
max(|Fsp_perp|)  :   0.00000000    0.00000000    0.00000000    0.00000000    0.00000000    0.00000000    0.00000000    0.00000000    0.00000000    0.00000000 
max(|FNEB|)      :   0.00000000    0.00310284    0.00903893    0.00615156    0.00587759    0.00512636    0.00506056    0.01071077    0.00605537    0.00000000 
max(|Force|)     :   0.00161362    0.00201986    0.00461341    0.02015040    0.00537911    0.00641496    0.01935129    0.00670308    0.00314228    0.00144002 
ksp              :   0.01000000    0.01000000    0.05028322    0.10000000    0.10000000    0.09429335    0.03509965    0.01000000    0.01000000 
max(|step|)      :   0.00000000    0.01642770    0.03777645    0.02633914    0.02570341    0.02211417    0.01886312    0.04943032    0.02744753    0.00000000 
angle (deg.)     :    10.0882  31.2843  48.6484  28.2735  19.2583  55.4215  23.5267  7.8602 
>
iteration       : 30
climbing        : yes
zoom on         : no
nim             : 10
barrier         :   0.02120221 (image:  4) 
distance        :   0.00000000    3.04606886    6.77465654    7.83151792    8.48628380    9.04925732    9.67515044   11.24675430   15.24554787   17.96057882 
energy          : -1075.54974314  -1075.55273639  -1075.55352047  -1075.53933361  -1075.52854093  -1075.53016121  -1075.54369396  -1075.56621429  -1075.57838575  -1075.58160718 
max(|Fr_perp|)   :   0.00000000    0.00971476    0.01185257    0.01083440    0.01166630    0.01153011    0.00973283    0.00695818    0.00506549    0.00000000 
Fr_paral         :   0.00000000    0.00042482   -0.00495566   -0.03097711   -0.00641994    0.01286892    0.03387215    0.00845041    0.00211356    0.00000000 
max(|Fsp_paral|) :   0.00000000    0.00209723    0.00618916    0.00432240    0.00426088    0.00088429    0.00119919    0.00580544    0.00533113    0.00000000 
max(|Fsp_perp|)  :   0.00000000    0.00000000    0.00000000    0.00000000    0.00000000    0.00000000    0.00000000    0.00000000    0.00000000    0.00000000 
max(|FNEB|)      :   0.00000000    0.00961818    0.01181286    0.01073744    0.01176877    0.01156700    0.00980935    0.00887379    0.00546848    0.00000000 
max(|Force|)     :   0.00161362    0.00970810    0.01187668    0.02022688    0.01156384    0.01173161    0.02066453    0.00748717    0.00504813    0.00144002 
ksp              :   0.01000000    0.01000000    0.05418677    0.10000000    0.10000000    0.09312216    0.03567779    0.01000000    0.01000000 
max(|step|)      :   0.00000000    0.03279308    0.08009213    0.04993151    0.04627640    0.03883174    0.03585341    0.10000000    0.05608682    0.00000000 
angle (deg.)     :    11.0403  38.2466  47.0270  31.3916  19.0453  56.6188  27.2132  8.3631 
>
iteration       : 31
climbing        : yes
zoom on         : no
nim             : 10
barrier         :   0.02156382 (image:  4) 
distance        :   0.00000000    3.11072193    6.98569851    8.01469053    8.66270707    9.18276316    9.76972407   11.21235936   15.29509689   18.14128867 
energy          : -1075.54974314  -1075.55256084  -1075.55355418  -1075.53748103  -1075.52817932  -1075.53027366  -1075.54322470  -1075.56576660  -1075.57784111  -1075.58160718 
max(|Fr_perp|)   :   0.00000000    0.01845575    0.02282185    0.01606256    0.01812824    0.01827450    0.01533373    0.01430517    0.01252190    0.00000000 
Fr_paral         :   0.00000000    0.00006779   -0.00470213   -0.02963447   -0.00466485    0.01379034    0.03397471    0.00873908    0.00179079    0.00000000 
max(|Fsp_paral|) :   0.00000000    0.00230734    0.00704744    0.00097298    0.00603036    0.00072439    0.00008471    0.00449848    0.00516215    0.00000000 
max(|Fsp_perp|)  :   0.00000000    0.00000000    0.00000000    0.00000000    0.00000000    0.00000000    0.00000000    0.00000000    0.00000000    0.00000000 
max(|FNEB|)      :   0.00000000    0.01845902    0.02314676    0.01604958    0.01836674    0.01849328    0.01562859    0.01471732    0.01273609    0.00000000 
max(|Force|)     :   0.00161362    0.01859017    0.02296829    0.01959849    0.01829216    0.01858578    0.02199836    0.01424132    0.01260699    0.00144002 
ksp              :   0.01000000    0.01000000    0.06120023    0.10000000    0.10000000    0.09127073    0.03724518    0.01000000    0.01000000 
max(|step|)      :   0.00000000    0.01841684    0.02309387    0.01601290    0.01832477    0.01845103    0.01559288    0.01468369    0.01270699    0.00000000 
angle (deg.)     :    11.0684  38.5755  46.9520  31.5355  18.7627  56.5359  27.5392  8.2661 
>
iteration       : 32
climbing        : yes
zoom on         : no
nim             : 10
barrier         :   0.02093912 (image:  4) 
distance        :   0.00000000    3.11849866    7.00915361    8.01816738    8.67254472    9.18961333    9.77561032   11.20542702   15.29081193   18.14853942 
energy          : -1075.54974314  -1075.55316916  -1075.55439805  -1075.53810840  -1075.52880402  -1075.53099468  -1075.54390262  -1075.56621177  -1075.57828263  -1075.58160718 
max(|Fr_perp|)   :   0.00000000    0.00414298    0.00542449    0.00647455    0.00668283    0.00675746    0.00535952    0.00746047    0.00643563    0.00000000 
Fr_paral         :   0.00000000    0.00101384   -0.00518307   -0.02989354   -0.00441216    0.01413381    0.03396676    0.00916445    0.00253189    0.00000000 
max(|Fsp_paral|) :   0.00000000    0.00233332    0.00640670    0.00259864    0.00647257    0.00064069    0.00157578    0.00323253    0.00512669    0.00000000 
max(|Fsp_perp|)  :   0.00000000    0.00000000    0.00000000    0.00000000    0.00000000    0.00000000    0.00000000    0.00000000    0.00000000    0.00000000 
max(|FNEB|)      :   0.00000000    0.00405482    0.00914687    0.00635821    0.00669938    0.00676224    0.00546819    0.00779566    0.00653137    0.00000000 
max(|Force|)     :   0.00161362    0.00413002    0.00547705    0.01908258    0.00666629    0.00775045    0.02056672    0.00739568    0.00641511    0.00144002 
ksp              :   0.01000000    0.01000000    0.06000813    0.10000000    0.10000000    0.09058413    0.03510358    0.01000000    0.01000000 
max(|step|)      :   0.00000000    0.00687129    0.00952513    0.00451483    0.00390701    0.00442775    0.00380607    0.00748066    0.00696787    0.00000000 
angle (deg.)     :    11.1966  39.0166  46.7941  31.7662  18.5861  56.3751  27.9263  8.3030 
>
iteration       : 33
climbing        : yes
zoom on         : no
nim             : 10
barrier         :   0.02080908 (image:  4) 
distance        :   0.00000000    3.12625317    7.03354988    8.02687586    8.68528526    9.19946911    9.78269598   11.20426886   15.29099510   18.16130820 
energy          : -1075.54974314  -1075.55323765  -1075.55447054  -1075.53824397  -1075.52893405  -1075.53116879  -1075.54400320  -1075.56633614  -1075.57837115  -1075.58160718 
max(|Fr_perp|)   :   0.00000000    0.00192431    0.00432366    0.00452595    0.00446035    0.00431773    0.00337159    0.00410655    0.00283302    0.00000000 
Fr_paral         :   0.00000000    0.00097126   -0.00550819   -0.02990301   -0.00424720    0.01424041    0.03391622    0.00896624    0.00243597    0.00000000 
max(|Fsp_paral|) :   0.00000000    0.00235505    0.00596487    0.00346893    0.00679553    0.00059386    0.00173540    0.00298011    0.00508345    0.00000000 
max(|Fsp_perp|)  :   0.00000000    0.00000000    0.00000000    0.00000000    0.00000000    0.00000000    0.00000000    0.00000000    0.00000000    0.00000000 
max(|FNEB|)      :   0.00000000    0.00387495    0.00837523    0.00441843    0.00450765    0.00433205    0.00345615    0.00652526    0.00550153    0.00000000 
max(|Force|)     :   0.00161362    0.00205339    0.00429458    0.01889958    0.00441305    0.00720568    0.01974896    0.00657389    0.00298318    0.00144002 
ksp              :   0.01000000    0.01000000    0.05973427    0.10000000    0.10000000    0.09033467    0.03482540    0.01000000    0.01000000 
max(|step|)      :   0.00000000    0.01306936    0.03296077    0.01354030    0.01260022    0.01205452    0.00937611    0.02473732    0.02027263    0.00000000 
angle (deg.)     :    11.6389  41.1456  45.9172  32.7079  18.0495  55.7855  29.4362  8.4520 
>
iteration       : 34
climbing        : yes
zoom on         : no
nim             : 10
barrier         :   0.02075870 (image:  4) 
distance        :   0.00000000    3.15543159    7.12155545    8.06491613    8.73323123    9.23693054    9.80919334   11.20350225   15.29247858   18.20952868 
energy          : -1075.54974314  -1075.55324455  -1075.55436544  -1075.53821713  -1075.52898443  -1075.53130886  -1075.54388404  -1075.56638869  -1075.57823884  -1075.58160718 
max(|Fr_perp|)   :   0.00000000    0.00693677    0.00872794    0.00382744    0.00357268    0.00382795    0.00354798    0.00474197    0.00564067    0.00000000 
Fr_paral         :   0.00000000    0.00080854   -0.00664714   -0.02972062   -0.00376778    0.01443382    0.03376405    0.00867284    0.00221225    0.00000000 
max(|Fsp_paral|) :   0.00000000    0.00242879    0.00488540    0.00550460    0.00773213    0.00051939    0.00114869    0.00287382    0.00490764    0.00000000 
max(|Fsp_perp|)  :   0.00000000    0.00000000    0.00000000    0.00000000    0.00000000    0.00000000    0.00000000    0.00000000    0.00000000    0.00000000 
max(|FNEB|)      :   0.00000000    0.00698887    0.00908859    0.00368607    0.00359972    0.00381513    0.00339949    0.00533198    0.00557272    0.00000000 
max(|Force|)     :   0.00161362    0.00694305    0.00856308    0.01850095    0.00361000    0.00682006    0.01836137    0.00662235    0.00565417    0.00144002 
ksp              :   0.01000000    0.01000000    0.05997134    0.10000000    0.10000000    0.08992237    0.03540230    0.01000000    0.01000000 
max(|step|)      :   0.00000000    0.02727184    0.06954488    0.02712642    0.02195599    0.01927330    0.01912184    0.05199628    0.04292407    0.00000000 
angle (deg.)     :    12.5398  47.0848  43.1110  34.9422  17.1849  54.6086  32.8036  8.7552 
>
iteration       : 35
climbing        : yes
zoom on         : no
nim             : 10
barrier         :   0.02082685 (image:  4) 
distance        :   0.00000000    3.21928764    7.30555344    8.16075193    8.84192103    9.32441170    9.87646316   11.21264040   15.30632798   18.32282315 
energy          : -1075.54974314  -1075.55329506  -1075.55413106  -1075.53775585  -1075.52891629  -1075.53139146  -1075.54355604  -1075.56622616  -1075.57777070  -1075.58160718 
max(|Fr_perp|)   :   0.00000000    0.01071987    0.01412610    0.00722211    0.00804362    0.00843981    0.00626291    0.01757033    0.01555472    0.00000000 
Fr_paral         :   0.00000000    0.00069458   -0.00909697   -0.02906161   -0.00288205    0.01482899    0.03347551    0.00799897    0.00198592    0.00000000 
max(|Fsp_paral|) :   0.00000000    0.00256469    0.00383533    0.00826154    0.00926700    0.00051839    0.00011715    0.00265133    0.00452961    0.00000000 
max(|Fsp_perp|)  :   0.00000000    0.00000000    0.00000000    0.00000000    0.00000000    0.00000000    0.00000000    0.00000000    0.00000000    0.00000000 
max(|FNEB|)      :   0.00000000    0.01075969    0.01447370    0.00674157    0.00804647    0.00844757    0.00634527    0.01765283    0.01552281    0.00000000 
max(|Force|)     :   0.00161362    0.01072396    0.01381687    0.01793445    0.00804076    0.00850867    0.01732691    0.01751734    0.01556122    0.00144002 
ksp              :   0.01000000    0.01000000    0.06180121    0.10000000    0.10000000    0.08930390    0.03673657    0.01000000    0.01000000 
max(|step|)      :   0.00000000    0.04038202    0.10000000    0.03999938    0.03501090    0.03146359    0.02964617    0.07527258    0.06239211    0.00000000 
angle (deg.)     :    13.8161  58.4632  37.7654  38.5044  16.6254  52.8582  38.0376  9.1666 
>
iteration       : 36
climbing        : yes
zoom on         : no
nim             : 10
barrier         :   0.02086734 (image:  4) 
distance        :   0.00000000    3.31525697    7.57205634    8.33346522    9.02515251    9.47972369   10.00631926   11.26163582   15.36224830   18.52374847 
energy          : -1075.54974314  -1075.55343653  -1075.55385284  -1075.53688218  -1075.52887580  -1075.53155813  -1075.54325433  -1075.56631315  -1075.57737043  -1075.58160718 
max(|Fr_perp|)   :   0.00000000    0.01312494    0.01770767    0.00945802    0.01182444    0.01246226    0.00893560    0.01074685    0.01430567    0.00000000 
Fr_paral         :   0.00000000    0.00057251   -0.01328078   -0.02780446   -0.00161626    0.01543484    0.03337036    0.00835257    0.00177442    0.00000000 
max(|Fsp_paral|) :   0.00000000    0.00274941    0.00267838    0.01052108    0.01096998    0.00057738    0.00063216    0.00236172    0.00397136    0.00000000 
max(|Fsp_perp|)  :   0.00000000    0.00000000    0.00000000    0.00000000    0.00000000    0.00000000    0.00000000    0.00000000    0.00000000    0.00000000 
max(|FNEB|)      :   0.00000000    0.01325283    0.01808665    0.00941709    0.01192219    0.01257910    0.00919186    0.01076140    0.01435011    0.00000000 
max(|Force|)     :   0.00161362    0.01322429    0.01723272    0.01772630    0.01194480    0.01255230    0.01701152    0.01089171    0.01439489    0.00144002 
ksp              :   0.01000000    0.01000000    0.06546234    0.10000000    0.10000000    0.08844555    0.03802660    0.01000000    0.01000000 
max(|step|)      :   0.00000000    0.01538040    0.02099023    0.01092888    0.01383614    0.01459852    0.01066750    0.01248901    0.01665384    0.00000000 
angle (deg.)     :    13.8895  59.6683  36.2980  38.7356  16.6417  52.8434  38.3341  9.0774 
>
iteration       : 37
climbing        : yes
zoom on         : no
nim             : 10
barrier         :   0.02036886 (image:  4) 
distance        :   0.00000000    3.32628621    7.58566629    8.35550830    9.03311018    9.48712579   10.01496218   11.25900297   15.35829236   18.52991985 
energy          : -1075.54974314  -1075.55383503  -1075.55455741  -1075.53681329  -1075.52937427  -1075.53217461  -1075.54393838  -1075.56683290  -1075.57805128  -1075.58160718 
max(|Fr_perp|)   :   0.00000000    0.00297044    0.00624229    0.00769712    0.00956330    0.00979014    0.00752270    0.00480824    0.00534292    0.00000000 
Fr_paral         :   0.00000000    0.00127689   -0.01319644   -0.02718925   -0.00128094    0.01574544    0.03357297    0.00906104    0.00245971    0.00000000 
max(|Fsp_paral|) :   0.00000000    0.00272568    0.00327373    0.00870592    0.01042576    0.00043770    0.00103813    0.00119071    0.00392146    0.00000000 
max(|Fsp_perp|)  :   0.00000000    0.00000000    0.00000000    0.00000000    0.00000000    0.00000000    0.00000000    0.00000000    0.00000000    0.00000000 
max(|FNEB|)      :   0.00000000    0.00445690    0.00682133    0.00744946    0.00956449    0.00977954    0.00764118    0.00551469    0.00529696    0.00000000 
max(|Force|)     :   0.00161362    0.00271888    0.01000915    0.01675445    0.00956210    0.00979043    0.01887065    0.00605777    0.00535599    0.00144002 
ksp              :   0.01000000    0.01000000    0.06713062    0.10000000    0.10000000    0.08762667    0.03564836    0.01000000    0.01000000 
max(|step|)      :   0.00000000    0.00569680    0.00806008    0.00843742    0.00852377    0.00878676    0.00618612    0.00579088    0.00850890    0.00000000 
angle (deg.)     :    14.0341  60.7894  35.1035  38.9693  16.7785  52.6930  38.6866  9.1235 
>
iteration       : 38
climbing        : yes
zoom on         : no
nim             : 10
barrier         :   0.02016605 (image:  4) 
distance        :   0.00000000    3.33697111    7.60254203    8.37815514    9.04443096    9.49804607   10.02512863   11.26302791   15.35997851   18.54267224 
energy          : -1075.54974314  -1075.55389085  -1075.55468307  -1075.53662775  -1075.52957708  -1075.53241007  -1075.54412491  -1075.56695381  -1075.57814631  -1075.58160718 
max(|Fr_perp|)   :   0.00000000    0.00183083    0.00539161    0.00446663    0.00457245    0.00460165    0.00412703    0.00329726    0.00266030    0.00000000 
Fr_paral         :   0.00000000    0.00115991   -0.01295606   -0.02660689   -0.00116312    0.01583302    0.03361539    0.00917897    0.00228332    0.00000000 
max(|Fsp_paral|) :   0.00000000    0.00271265    0.00375368    0.00726016    0.00994425    0.00035088    0.00142922    0.00087728    0.00386736    0.00000000 
max(|Fsp_perp|)  :   0.00000000    0.00000000    0.00000000    0.00000000    0.00000000    0.00000000    0.00000000    0.00000000    0.00000000    0.00000000 
max(|FNEB|)      :   0.00000000    0.00355575    0.00581453    0.00515872    0.00457589    0.00459095    0.00425389    0.00404063    0.00438256    0.00000000 
max(|Force|)     :   0.00161362    0.00181828    0.00917175    0.01662363    0.00456902    0.00866660    0.01978340    0.00589188    0.00280491    0.00144002 
ksp              :   0.01000000    0.01000000    0.06853326    0.10000000    0.10000000    0.08735652    0.03507382    0.01000000    0.01000000 
max(|step|)      :   0.00000000    0.00850680    0.01367792    0.01440109    0.01132779    0.01150679    0.00939863    0.00958360    0.01046688    0.00000000 
angle (deg.)     :    14.3349  63.0363  32.9928  39.4216  17.0899  52.2390  39.5526  9.2120 
>
iteration       : 39
climbing        : yes
zoom on         : no
nim             : 10
barrier         :   0.02011371 (image:  4) 
distance        :   0.00000000    3.35979459    7.63996729    8.42171023    9.06866553    9.52143866   10.04558164   11.27426270   15.36444200   18.57054768 
energy          : -1075.54974314  -1075.55393650  -1075.55471489  -1075.53609283  -1075.52962942  -1075.53249029  -1075.54413198  -1075.56700021  -1075.57809384  -1075.58160718 
max(|Fr_perp|)   :   0.00000000    0.00312693    0.00386232    0.00294095    0.00308775    0.00312939    0.00261800    0.00274783    0.00334847    0.00000000 
Fr_paral         :   0.00000000    0.00106159   -0.01269220   -0.02547963   -0.00107325    0.01590069    0.03365526    0.00919839    0.00213540    0.00000000 
max(|Fsp_paral|) :   0.00000000    0.00268909    0.00452623    0.00488336    0.00910915    0.00021989    0.00139765    0.00081635    0.00374396    0.00000000 
max(|Fsp_perp|)  :   0.00000000    0.00000000    0.00000000    0.00000000    0.00000000    0.00000000    0.00000000    0.00000000    0.00000000    0.00000000 
max(|FNEB|)      :   0.00000000    0.00329424    0.00564182    0.00324969    0.00309005    0.00311736    0.00274897    0.00299248    0.00387252    0.00000000 
max(|Force|)     :   0.00161362    0.00311494    0.00787072    0.01614240    0.00308544    0.00883621    0.02034570    0.00571276    0.00333469    0.00144002 
ksp              :   0.01000000    0.01000000    0.07107910    0.10000000    0.10000000    0.08719888    0.03510744    0.01000000    0.01000000 
max(|step|)      :   0.00000000    0.02113946    0.03440821    0.02934579    0.02120449    0.02132755    0.01877438    0.02264434    0.02559461    0.00000000 
angle (deg.)     :    15.1024  68.1958  28.9884  40.4557  17.7799  51.0772  41.7875  9.4186 
>
iteration       : 40
climbing        : yes
zoom on         : no
nim             : 10
barrier         :   0.02013031 (image:  4) 
distance        :   0.00000000    3.41708313    7.73515682    8.52193218    9.13085113    9.58113748   10.09848150   11.30610412   15.37896776   18.64305857 
energy          : -1075.54974314  -1075.55405958  -1075.55456981  -1075.53501732  -1075.52961282  -1075.53252629  -1075.54404511  -1075.56706063  -1075.57793408  -1075.58160718 
max(|Fr_perp|)   :   0.00000000    0.00327896    0.00434784    0.00570463    0.00692021    0.00708832    0.00540454    0.00495086    0.00742455    0.00000000 
Fr_paral         :   0.00000000    0.00098002   -0.01277137   -0.02296058   -0.00090430    0.01599852    0.03370509    0.00913442    0.00196270    0.00000000 
max(|Fsp_paral|) :   0.00000000    0.00263362    0.00620428    0.00064410    0.00747949    0.00001703    0.00117610    0.00080799    0.00343378    0.00000000 
max(|Fsp_perp|)  :   0.00000000    0.00000000    0.00000000    0.00000000    0.00000000    0.00000000    0.00000000    0.00000000    0.00000000    0.00000000 
max(|FNEB|)      :   0.00000000    0.00364681    0.00776613    0.00552124    0.00692136    0.00707411    0.00553305    0.00494320    0.00747799    0.00000000 
max(|Force|)     :   0.00161362    0.00326797    0.00564599    0.01497595    0.00691905    0.00896204    0.02064776    0.00568796    0.00741076    0.00144002 
ksp              :   0.01000000    0.01000000    0.07583719    0.10000000    0.10000000    0.08697429    0.03547514    0.01000000    0.01000000 
max(|step|)      :   0.00000000    0.05044529    0.07958220    0.05452253    0.04129164    0.04106971    0.03971994    0.05294922    0.06013325    0.00000000 
angle (deg.)     :    16.9877  79.1617  24.6007  42.8520  19.1687  48.4955  47.3467  9.8885 
>
iteration       : 41
climbing        : yes
zoom on         : no
nim             : 10
barrier         :   0.02011242 (image:  4) 
distance        :   0.00000000    3.55477296    7.96015757    8.74629349    9.28936413    9.73264921   10.23611354   11.39981590   15.43215982   18.83312177 
energy          : -1075.54974314  -1075.55435794  -1075.55376515  -1075.53341681  -1075.52963071  -1075.53266382  -1075.54387378  -1075.56726754  -1075.57771352  -1075.58160718 
max(|Fr_perp|)   :   0.00000000    0.00389171    0.00642689    0.01011290    0.01094788    0.01108290    0.01012028    0.00603135    0.00993462    0.00000000 
Fr_paral         :   0.00000000    0.00090736   -0.01466104   -0.01795012   -0.00047229    0.01622321    0.03380741    0.00895249    0.00174372    0.00000000 
max(|Fsp_paral|) :   0.00000000    0.00258593    0.00998562    0.00554555    0.00472501    0.00042413    0.00072245    0.00079208    0.00269632    0.00000000 
max(|Fsp_perp|)  :   0.00000000    0.00000000    0.00000000    0.00000000    0.00000000    0.00000000    0.00000000    0.00000000    0.00000000    0.00000000 
max(|FNEB|)      :   0.00000000    0.00472440    0.01332547    0.01000593    0.01094837    0.01106432    0.01025538    0.00596394    0.00998394    0.00000000 
max(|Force|)     :   0.00161362    0.00388823    0.00657243    0.01235376    0.01094740    0.01106532    0.02077554    0.00646209    0.00991990    0.00144002 
ksp              :   0.01000000    0.01000000    0.08305781    0.10000000    0.10000000    0.08642733    0.03626445    0.01000000    0.01000000 
max(|step|)      :   0.00000000    0.07126154    0.10000000    0.05501262    0.04959042    0.04936857    0.04549253    0.07215687    0.08352561    0.00000000 
angle (deg.)     :    19.7198  92.2991  29.1637  46.1046  20.8464  45.4698  55.7370  10.5829 
>
iteration       : 42
climbing        : yes
zoom on         : no
nim             : 10
barrier         :   0.01971040 (image:  4) 
distance        :   0.00000000    3.75347333    8.25724577    9.03732174    9.52491753    9.95668777   10.44576851   11.56252876   15.53887837   19.13188495 
energy          : -1075.54974314  -1075.55481075  -1075.55201915  -1075.53165859  -1075.53003273  -1075.53319404  -1075.54395401  -1075.56720355  -1075.57699250  -1075.58160718 
max(|Fr_perp|)   :   0.00000000    0.00551023    0.01268038    0.03644491    0.01099745    0.01175820    0.02139618    0.02846496    0.02425727    0.00000000 
Fr_paral         :   0.00000000    0.00105833   -0.01866811   -0.00908099   -0.00011672    0.01648344    0.03258306    0.00848399    0.00146384    0.00000000 
max(|Fsp_paral|) :   0.00000000    0.00244825    0.01406171    0.01112071    0.00265496    0.00069532    0.00062143    0.00045947    0.00164898    0.00000000 
max(|Fsp_perp|)  :   0.00000000    0.00000000    0.00000000    0.00000000    0.00000000    0.00000000    0.00000000    0.00000000    0.00000000    0.00000000 
max(|FNEB|)      :   0.00000000    0.00552102    0.01543844    0.03668467    0.01111355    0.01186085    0.02174473    0.02883531    0.02454121    0.00000000 
max(|Force|)     :   0.00161362    0.00557132    0.01122712    0.03676937    0.01111489    0.01183720    0.02086210    0.02886154    0.02449458    0.00144002 
ksp              :   0.01000000    0.01000000    0.09268697    0.10000000    0.10000000    0.08557467    0.03647887    0.01000000    0.01000000 
max(|step|)      :   0.00000000    0.00446276    0.01247924    0.02965304    0.00898333    0.00958739    0.01757675    0.02330822    0.01983721    0.00000000 
angle (deg.)     :    19.8179  92.0193  26.8880  45.0076  20.4364  45.3042  55.8724  10.5335 
>
iteration       : 43
climbing        : yes
zoom on         : no
nim             : 10
barrier         :   0.01929801 (image:  4) 
distance        :   0.00000000    3.75945763    8.25379956    8.99060999    9.49662082    9.92692415   10.41748180   11.53154991   15.50647555   19.10202769 
energy          : -1075.54974314  -1075.55492157  -1075.55185255  -1075.53310083  -1075.53044512  -1075.53364027  -1075.54450058  -1075.56788380  -1075.57780371  -1075.58160718 
max(|Fr_perp|)   :   0.00000000    0.00133160    0.00671680    0.00634873    0.00537484    0.00571741    0.00593862    0.00694023    0.00985265    0.00000000 
Fr_paral         :   0.00000000    0.00108299   -0.02217908   -0.01376284    0.00037023    0.01658694    0.03353945    0.00849381    0.00204884    0.00000000 
max(|Fsp_paral|) :   0.00000000    0.00240805    0.01005818    0.00674612    0.00357336    0.00067611    0.00187948    0.00064728    0.00163179    0.00000000 
max(|Fsp_perp|)  :   0.00000000    0.00000000    0.00000000    0.00000000    0.00000000    0.00000000    0.00000000    0.00000000    0.00000000    0.00000000 
max(|FNEB|)      :   0.00000000    0.00273669    0.01017926    0.01013252    0.00537799    0.00570935    0.00600034    0.00695304    0.00988175    0.00000000 
max(|Force|)     :   0.00161362    0.00145430    0.01134233    0.01004881    0.00537169    0.00909706    0.01992764    0.00697965    0.00983526    0.00144002 
ksp              :   0.01000000    0.01000000    0.08761458    0.10000000    0.10000000    0.08509884    0.03444968    0.01000000    0.01000000 
max(|step|)      :   0.00000000    0.00209464    0.00831038    0.00849905    0.00391344    0.00414974    0.00315456    0.00336971    0.00530546    0.00000000 
angle (deg.)     :    19.9305  91.6890  26.0534  44.4212  20.2631  45.1143  56.0441  10.5515 
>
iteration       : 44
climbing        : yes
zoom on         : no
nim             : 10
barrier         :   0.01920330 (image:  4) 
distance        :   0.00000000    3.76528732    8.25135769    8.95964339    9.47762382    9.90705151   10.39752657   11.51187912   15.48482100   19.08351039 
energy          : -1075.54974314  -1075.55494810  -1075.55158476  -1075.53338806  -1075.53053984  -1075.53373191  -1075.54458188  -1075.56798813  -1075.57790237  -1075.58160718 
max(|Fr_perp|)   :   0.00000000    0.00114219    0.00229879    0.00464356    0.00353790    0.00375485    0.00289958    0.00386761    0.00470715    0.00000000 
Fr_paral         :   0.00000000    0.00107119   -0.02383178   -0.01454106    0.00044324    0.01658255    0.03358025    0.00845464    0.00204814    0.00000000 
max(|Fsp_paral|) :   0.00000000    0.00237312    0.00841810    0.00467929    0.00419159    0.00064926    0.00201655    0.00077054    0.00161015    0.00000000 
max(|Fsp_perp|)  :   0.00000000    0.00000000    0.00000000    0.00000000    0.00000000    0.00000000    0.00000000    0.00000000    0.00000000    0.00000000 
max(|FNEB|)      :   0.00000000    0.00267529    0.00797915    0.00788198    0.00354016    0.00374598    0.00304315    0.00388178    0.00473271    0.00000000 
max(|Force|)     :   0.00161362    0.00124670    0.01267702    0.01034785    0.00353565    0.00903041    0.01964963    0.00459292    0.00469149    0.00144002 
ksp              :   0.01000000    0.01000000    0.08665124    0.10000000    0.10000000    0.08503973    0.03418921    0.01000000    0.01000000 
max(|step|)      :   0.00000000    0.01031025    0.03009756    0.03026960    0.01146956    0.01210565    0.00869161    0.00773028    0.00778523    0.00000000 
angle (deg.)     :    20.4672  89.7604  23.1609  42.6108  19.7717  44.2463  56.9699  10.6614 
>
iteration       : 45
climbing        : yes
zoom on         : no
nim             : 10
barrier         :   0.01911301 (image:  4) 
distance        :   0.00000000    3.79379758    8.24065890    8.84289366    9.40293037    9.82896880   10.31721044   11.43664754   15.39878896   19.01326049 
energy          : -1075.54974314  -1075.55501789  -1075.55010474  -1075.53422075  -1075.53063012  -1075.53376047  -1075.54448328  -1075.56812056  -1075.57791968  -1075.58160718 
max(|Fr_perp|)   :   0.00000000    0.00118641    0.00546535    0.00708951    0.00271317    0.00280266    0.00207391    0.00276526    0.00402247    0.00000000 
Fr_paral         :   0.00000000    0.00101020   -0.02801249   -0.01704993    0.00042748    0.01646956    0.03349046    0.00814260    0.00194603    0.00000000 
max(|Fsp_paral|) :   0.00000000    0.00219193    0.00278242    0.00300899    0.00637726    0.00051471    0.00150622    0.00033246    0.00149768    0.00000000 
max(|Fsp_perp|)  :   0.00000000    0.00000000    0.00000000    0.00000000    0.00000000    0.00000000    0.00000000    0.00000000    0.00000000    0.00000000 
max(|FNEB|)      :   0.00000000    0.00248558    0.00505410    0.00672559    0.00271275    0.00279422    0.00210490    0.00278098    0.00401033    0.00000000 
max(|Force|)     :   0.00161362    0.00119604    0.01656364    0.01133297    0.00271359    0.00887937    0.01930461    0.00447277    0.00403082    0.00144002 
ksp              :   0.01000000    0.01000000    0.08309234    0.10000000    0.10000000    0.08525971    0.03476776    0.01000000    0.01000000 
max(|step|)      :   0.00000000    0.00863152    0.01197498    0.01060534    0.00567571    0.00579318    0.00554981    0.00597332    0.00589908    0.00000000 
angle (deg.)     :    20.8570  87.7609  21.2831  42.0763  19.5417  43.6353  57.7037  10.7485 
>
iteration       : 46
climbing        : yes
zoom on         : no
nim             : 10
barrier         :   0.01906671 (image:  4) 
distance        :   0.00000000    3.81740378    8.23289966    8.78856699    9.36218978    9.78588439   10.27334946   11.39499788   15.34856617   18.97616723 
energy          : -1075.54974314  -1075.55507230  -1075.54923761  -1075.53453430  -1075.53067642  -1075.53375857  -1075.54438457  -1075.56819802  -1075.57788614  -1075.58160718 
max(|Fr_perp|)   :   0.00000000    0.00111481    0.01200374    0.00654144    0.00416935    0.00431719    0.00525687    0.00351815    0.00894771    0.00000000 
Fr_paral         :   0.00000000    0.00096088   -0.02900524   -0.01795373    0.00039549    0.01635841    0.03333432    0.00837131    0.00198425    0.00000000 
max(|Fsp_paral|) :   0.00000000    0.00558561    0.00462649    0.00606774    0.00714145    0.00037661    0.00114542    0.00002458    0.00140531    0.00000000 
max(|Fsp_perp|)  :   0.00000000    0.00000000    0.00000000    0.00000000    0.00000000    0.00000000    0.00000000    0.00000000    0.00000000    0.00000000 
max(|FNEB|)      :   0.00000000    0.00591944    0.01159220    0.00730267    0.00416963    0.00429336    0.00531189    0.00352400    0.00893361    0.00000000 
max(|Force|)     :   0.00161362    0.00126652    0.01749301    0.01165277    0.00416908    0.00897169    0.01962638    0.00542512    0.00895798    0.00144002 
ksp              :   0.01000000    0.01238620    0.08178979    0.10000000    0.10000000    0.08545142    0.03529388    0.01000000    0.01000000 
max(|step|)      :   0.00000000    0.00458499    0.00276352    0.00209544    0.00319756    0.00328730    0.00268826    0.00194367    0.00309685    0.00000000 
angle (deg.)     :    20.9253  87.1664  20.8986  42.1419  19.5069  43.4748  57.9281  10.7811 
>
iteration       : 47
climbing        : yes
zoom on         : no
nim             : 10
barrier         :   0.01903183 (image:  4) 
distance        :   0.00000000    3.83014935    8.23081252    8.78980336    9.36077679    9.78394118   10.27149096   11.39302892   15.34424241   18.97609287 
energy          : -1075.54974314  -1075.55509806  -1075.54939209  -1075.53453974  -1075.53071131  -1075.53378323  -1075.54441091  -1075.56823624  -1075.57793443  -1075.58160718 
max(|Fr_perp|)   :   0.00000000    0.00104076    0.00811436    0.00387737    0.00330882    0.00341053    0.00354025    0.00192772    0.00541554    0.00000000 
Fr_paral         :   0.00000000    0.00097496   -0.02886857   -0.01793055    0.00040126    0.01633014    0.03339370    0.00834389    0.00199646    0.00000000 
max(|Fsp_paral|) :   0.00000000    0.00439377    0.00279259    0.00575715    0.00703983    0.00033915    0.00120480    0.00000783    0.00137724    0.00000000 
max(|Fsp_perp|)  :   0.00000000    0.00000000    0.00000000    0.00000000    0.00000000    0.00000000    0.00000000    0.00000000    0.00000000    0.00000000 
max(|FNEB|)      :   0.00000000    0.00471808    0.00792609    0.00457641    0.00330863    0.00338656    0.00359224    0.00194578    0.00539954    0.00000000 
max(|Force|)     :   0.00161362    0.00120371    0.01714823    0.01163155    0.00330902    0.00899720    0.01973926    0.00507327    0.00542728    0.00144002 
ksp              :   0.01000000    0.01166006    0.08189567    0.10000000    0.10000000    0.08547311    0.03521568    0.01000000    0.01000000 
max(|step|)      :   0.00000000    0.03295851    0.02145990    0.01641785    0.01981315    0.02014649    0.01848376    0.01637487    0.01708854    0.00000000 
angle (deg.)     :    21.7550  81.6101  17.6909  42.0370  19.1788  42.0385  59.9007  11.0794 
>
iteration       : 48
climbing        : yes
zoom on         : no
nim             : 10
barrier         :   0.01887986 (image:  4) 
distance        :   0.00000000    3.92139092    8.21432797    8.74838669    9.31730865    9.73575663   10.22284584   11.34670492   15.27673750   18.94555144 
energy          : -1075.54974314  -1075.55528071  -1075.54901803  -1075.53470848  -1075.53086327  -1075.53382499  -1075.54432956  -1075.56842376  -1075.57796645  -1075.58160718 
max(|Fr_perp|)   :   0.00000000    0.00098006    0.00271104    0.00248549    0.00155843    0.00158262    0.00183156    0.00163620    0.00273127    0.00000000 
Fr_paral         :   0.00000000    0.00100048   -0.02874913   -0.01819979    0.00031124    0.01602893    0.03332140    0.00822728    0.00194679    0.00000000 
max(|Fsp_paral|) :   0.00000000    0.00627854    0.00742348    0.00675965    0.00717446    0.00000673    0.00087335    0.00045625    0.00112928    0.00000000 
max(|Fsp_perp|)  :   0.00000000    0.00000000    0.00000000    0.00000000    0.00000000    0.00000000    0.00000000    0.00000000    0.00000000    0.00000000 
max(|FNEB|)      :   0.00000000    0.00663094    0.00856630    0.00445413    0.00155973    0.00159790    0.00136902    0.00170029    0.00274774    0.00000000 
max(|Force|)     :   0.00161362    0.00096574    0.01627264    0.01175240    0.00155714    0.00892273    0.02012717    0.00434704    0.00271714    0.00144002 
ksp              :   0.01000000    0.01345654    0.08166994    0.10000000    0.10000000    0.08588156    0.03580642    0.01000000    0.01000000 
max(|step|)      :   0.00000000    0.10000000    0.06055189    0.04737870    0.05520780    0.05604283    0.05204083    0.04819622    0.04944905    0.00000000 
angle (deg.)     :    24.4143  65.7425  21.6184  42.0608  18.5468  38.3865  65.5592  11.9928 
>
iteration       : 49
climbing        : yes
zoom on         : no
nim             : 10
barrier         :   0.01872087 (image:  4) 
distance        :   0.00000000    4.19909701    8.17508159    8.69938465    9.25939698    9.66505877   10.15214763   11.28852710   15.15814591   18.93532323 
energy          : -1075.54974314  -1075.55578887  -1075.54772984  -1075.53483227  -1075.53102227  -1075.53364630  -1075.54379043  -1075.56866842  -1075.57763753  -1075.58160718 
max(|Fr_perp|)   :   0.00000000    0.00185653    0.01822833    0.00581912    0.00503574    0.00534979    0.00829356    0.00876763    0.01651884    0.00000000 
Fr_paral         :   0.00000000    0.00101612   -0.02398037   -0.01827577   -0.00018589    0.01504970    0.03265024    0.00788625    0.00171723    0.00000000 
max(|Fsp_paral|) :   0.00000000    0.01246859    0.01946037    0.00667015    0.00736855    0.00104120    0.00072111    0.00262710    0.00040251    0.00000000 
max(|Fsp_perp|)  :   0.00000000    0.00000000    0.00000000    0.00000000    0.00000000    0.00000000    0.00000000    0.00000000    0.00000000    0.00000000 
max(|FNEB|)      :   0.00000000    0.01299616    0.01949205    0.00672708    0.00509364    0.00542998    0.00851951    0.00898686    0.01680363    0.00000000 
max(|Force|)     :   0.00161362    0.00198429    0.01911948    0.01195089    0.00509831    0.00857885    0.02090859    0.00868348    0.01678026    0.00144002 
ksp              :   0.01000000    0.01979294    0.08167992    0.10000000    0.10000000    0.08739182    0.03864658    0.01000000    0.01000000 
max(|step|)      :   0.00000000    0.02229388    0.03343708    0.01153978    0.00873773    0.00931471    0.01461455    0.01541624    0.02882531    0.00000000 
angle (deg.)     :    24.0824  67.4611  22.0537  42.1049  18.6180  38.6175  65.5017  12.0878 
>
iteration       : 50
climbing        : yes
zoom on         : no
nim             : 10
barrier         :   0.01849902 (image:  4) 
distance        :   0.00000000    4.26077525    8.15989228    8.75913886    9.30846515    9.71729002   10.20637280   11.32995912   15.20252182   18.98142891 
energy          : -1075.54974314  -1075.55588049  -1075.54923043  -1075.53479591  -1075.53124411  -1075.53395239  -1075.54404163  -1075.56879489  -1075.57766045  -1075.58160718 
max(|Fr_perp|)   :   0.00000000    0.00273122    0.02550231    0.00940931    0.00345618    0.00358511    0.01424068    0.00735741    0.01904980    0.00000000 
Fr_paral         :   0.00000000    0.00105303   -0.01895107   -0.01747244    0.00001200    0.01521787    0.03224034    0.00837497    0.00166648    0.00000000 
max(|Fsp_paral|) :   0.00000000    0.00206074    0.00046327    0.00271197    0.00672801    0.00082274    0.00003341    0.00185348    0.00040755    0.00000000 
max(|Fsp_perp|)  :   0.00000000    0.00000000    0.00000000    0.00000000    0.00000000    0.00000000    0.00000000    0.00000000    0.00000000    0.00000000 
max(|FNEB|)      :   0.00000000    0.00332401    0.02563865    0.00985755    0.00345619    0.00357498    0.01427808    0.00762924    0.01904896    0.00000000 
max(|Force|)     :   0.00161362    0.00281145    0.02434336    0.01146095    0.00345617    0.00785688    0.01936213    0.00699473    0.01905387    0.00144002 
ksp              :   0.01000000    0.01249435    0.08272008    0.10000000    0.10000000    0.08682389    0.03773853    0.01000000    0.01000000 
max(|step|)      :   0.00000000    0.00416633    0.01458530    0.00601823    0.00334076    0.00349765    0.00912804    0.00515216    0.01057170    0.00000000 
angle (deg.)     :    24.0309  67.7938  22.0051  42.0142  18.6686  38.7340  65.5241  12.1179 
>
iteration       : 51
climbing        : yes
zoom on         : no
nim             : 10
barrier         :   0.01844674 (image:  4) 
distance        :   0.00000000    4.27225881    8.16196011    8.77058252    9.31863914    9.72898874   10.21858018   11.33702183   15.21091695   18.99079938 
energy          : -1075.54974314  -1075.55592163  -1075.55013178  -1075.53489004  -1075.53129639  -1075.53403432  -1075.54434870  -1075.56885850  -1075.57805119  -1075.58160718 
max(|Fr_perp|)   :   0.00000000    0.00111574    0.00360316    0.00256295    0.00182172    0.00182908    0.00169122    0.00117391    0.00149821    0.00000000 
Fr_paral         :   0.00000000    0.00109077   -0.02010808   -0.01762186    0.00005462    0.01530713    0.03295688    0.00800344    0.00186998    0.00000000 
max(|Fsp_paral|) :   0.00000000    0.00128288    0.00609979    0.00233089    0.00658551    0.00071926    0.00097940    0.00095216    0.00040923    0.00000000 
max(|Fsp_perp|)  :   0.00000000    0.00000000    0.00000000    0.00000000    0.00000000    0.00000000    0.00000000    0.00000000    0.00000000    0.00000000 
max(|FNEB|)      :   0.00000000    0.00200414    0.00804178    0.00157948    0.00182191    0.00184273    0.00158741    0.00119768    0.00149372    0.00000000 
max(|Force|)     :   0.00161362    0.00109747    0.00899907    0.01146424    0.00182154    0.00786337    0.01906549    0.00407324    0.00151028    0.00144002 
ksp              :   0.01000000    0.01000000    0.08246690    0.10000000    0.10000000    0.08664189    0.03631898    0.01000000    0.01000000 
max(|step|)      :   0.00000000    0.00176643    0.00645904    0.00119957    0.00137674    0.00139035    0.00123989    0.00093460    0.00223209    0.00000000 
angle (deg.)     :    24.0364  67.8464  21.7730  41.9372  18.7669  38.7964  65.5871  12.1502 
>
iteration       : 52
climbing        : yes
zoom on         : no
nim             : 10
barrier         :   0.01843632 (image:  4) 
distance        :   0.00000000    4.26920337    8.16903760    8.76942097    9.31780692    9.72928565   10.21781463   11.33489532   15.20903655   18.98989848 
energy          : -1075.54974314  -1075.55592553  -1075.55006525  -1075.53491746  -1075.53130681  -1075.53406074  -1075.54436019  -1075.56885581  -1075.57805474  -1075.58160718 
max(|Fr_perp|)   :   0.00000000    0.00107525    0.00340258    0.00259983    0.00143919    0.00143646    0.00130660    0.00139193    0.00173091    0.00000000 
Fr_paral         :   0.00000000    0.00108990   -0.02156757   -0.01763623    0.00005171    0.01535683    0.03298115    0.00804860    0.00185186    0.00000000 
max(|Fsp_paral|) :   0.00000000    0.00123976    0.00561007    0.00271798    0.00654423    0.00059042    0.00095951    0.00090407    0.00040610    0.00000000 
max(|Fsp_perp|)  :   0.00000000    0.00000000    0.00000000    0.00000000    0.00000000    0.00000000    0.00000000    0.00000000    0.00000000    0.00000000 
max(|FNEB|)      :   0.00000000    0.00167999    0.00679924    0.00136118    0.00143935    0.00145015    0.00136486    0.00148070    0.00172953    0.00000000 
max(|Force|)     :   0.00161362    0.00095889    0.01046458    0.01150535    0.00143902    0.00799204    0.01918384    0.00401650    0.00173847    0.00144002 
ksp              :   0.01000000    0.01000000    0.08237401    0.10000000    0.10000000    0.08655622    0.03627773    0.01000000    0.01000000 
max(|step|)      :   0.00000000    0.00679443    0.02575351    0.00515394    0.00572957    0.00577972    0.00499755    0.00453890    0.00415861    0.00000000 
angle (deg.)     :    24.0657  68.4719  20.9294  41.7028  19.2150  39.0954  65.8794  12.3024 
>
iteration       : 53
climbing        : yes
zoom on         : no
nim             : 10
barrier         :   0.01839920 (image:  4) 
distance        :   0.00000000    4.25747033    8.20189214    8.77138971    9.31958957    9.73582752   10.22043013   11.33068930   15.20605274   18.99144221 
energy          : -1075.54974314  -1075.55593952  -1075.54952839  -1075.53498524  -1075.53134393  -1075.53416322  -1075.54440079  -1075.56882479  -1075.57804498  -1075.58160718 
max(|Fr_perp|)   :   0.00000000    0.00138664    0.00937006    0.00342733    0.00206789    0.00210499    0.00343125    0.00192985    0.00574455    0.00000000 
Fr_paral         :   0.00000000    0.00109937   -0.02605802   -0.01754850    0.00003433    0.01554985    0.03303017    0.00820162    0.00181413    0.00000000 
max(|Fsp_paral|) :   0.00000000    0.00034185    0.00167650    0.00403710    0.00629667    0.00007938    0.00091019    0.00069569    0.00039188    0.00000000 
max(|Fsp_perp|)  :   0.00000000    0.00000000    0.00000000    0.00000000    0.00000000    0.00000000    0.00000000    0.00000000    0.00000000    0.00000000 
max(|FNEB|)      :   0.00000000    0.00152210    0.00911188    0.00295563    0.00206788    0.00209512    0.00339539    0.00199686    0.00574975    0.00000000 
max(|Force|)     :   0.00161362    0.00154118    0.01547396    0.01159516    0.00206790    0.00844059    0.01956209    0.00375478    0.00573101    0.00144002 
ksp              :   0.01000000    0.01105042    0.08218846    0.10000000    0.10000000    0.08620941    0.03613217    0.01000000    0.01000000 
max(|step|)      :   0.00000000    0.00463420    0.01680361    0.00608605    0.00617441    0.00620709    0.00527823    0.00637279    0.00481771    0.00000000 
angle (deg.)     :    24.0871  70.0731  20.5138  41.7440  19.6497  39.4157  66.2407  12.4909 
>
iteration       : 54
climbing        : yes
zoom on         : no
nim             : 10
barrier         :   0.01834777 (image:  4) 
distance        :   0.00000000    4.25854036    8.23758130    8.79680707    9.34019594    9.76046007   10.24289685   11.34416368   15.22102950   19.01198240 
energy          : -1075.54974314  -1075.55597749  -1075.54930496  -1075.53496812  -1075.53139537  -1075.53427038  -1075.54450747  -1075.56879879  -1075.57807171  -1075.58160718 
max(|Fr_perp|)   :   0.00000000    0.00122788    0.00696041    0.00287129    0.00192124    0.00195719    0.00258289    0.00178109    0.00512077    0.00000000 
Fr_paral         :   0.00000000    0.00112410   -0.02812303   -0.01716968    0.00002668    0.01570208    0.03311864    0.00842516    0.00181981    0.00000000 
max(|Fsp_paral|) :   0.00000000    0.00194991    0.00113385    0.00412073    0.00586722    0.00030243    0.00118149    0.00027104    0.00037431    0.00000000 
max(|Fsp_perp|)  :   0.00000000    0.00000000    0.00000000    0.00000000    0.00000000    0.00000000    0.00000000    0.00000000    0.00000000    0.00000000 
max(|FNEB|)      :   0.00000000    0.00239588    0.00694998    0.00230778    0.00192122    0.00194734    0.00254629    0.00181046    0.00512526    0.00000000 
max(|Force|)     :   0.00161362    0.00138586    0.01775872    0.01148187    0.00192125    0.00863232    0.01961094    0.00424272    0.00510812    0.00144002 
ksp              :   0.01000000    0.01214934    0.08247484    0.10000000    0.10000000    0.08589741    0.03568213    0.01000000    0.01000000 
max(|step|)      :   0.00000000    0.01622362    0.05393296    0.01966693    0.02075945    0.02081255    0.01824415    0.02182812    0.01668814    0.00000000 
angle (deg.)     :    24.1850  76.4823  22.4898  42.4253  20.9840  40.3151  67.6929  13.1383 
>
iteration       : 55
climbing        : yes
zoom on         : no
nim             : 10
barrier         :   0.01817315 (image:  4) 
distance        :   0.00000000    4.29201600    8.35134383    8.92043919    9.44586337    9.87528170   10.35177117   11.43002212   15.31012578   19.12062119 
energy          : -1075.54974314  -1075.55613119  -1075.54917149  -1075.53481975  -1075.53156998  -1075.53456704  -1075.54473135  -1075.56867777  -1075.57811251  -1075.58160718 
max(|Fr_perp|)   :   0.00000000    0.00081606    0.00640897    0.00342519    0.00160354    0.00164553    0.00313596    0.00686796    0.00657468    0.00000000 
Fr_paral         :   0.00000000    0.00120141   -0.03038081   -0.01572723   -0.00000237    0.01603463    0.03316197    0.00822090    0.00180814    0.00000000 
max(|Fsp_paral|) :   0.00000000    0.00312560    0.00210045    0.00236492    0.00455976    0.00121452    0.00169095    0.00066197    0.00030365    0.00000000 
max(|Fsp_perp|)  :   0.00000000    0.00000000    0.00000000    0.00000000    0.00000000    0.00000000    0.00000000    0.00000000    0.00000000    0.00000000 
max(|FNEB|)      :   0.00000000    0.00363564    0.00843413    0.00170624    0.00160355    0.00163533    0.00309482    0.00692794    0.00657194    0.00000000 
max(|Force|)     :   0.00161362    0.00091385    0.02113066    0.01097443    0.00160354    0.00903460    0.01963237    0.00737158    0.00658520    0.00144002 
ksp              :   0.01000000    0.01283098    0.08390597    0.10000000    0.10000000    0.08515747    0.03482018    0.01000000    0.01000000 
max(|step|)      :   0.00000000    0.02092550    0.05366478    0.02024638    0.02069611    0.02067290    0.01903292    0.02384125    0.01804715    0.00000000 
angle (deg.)     :    24.3766  82.8800  26.9132  43.3940  22.1054  41.0550  69.3967  13.8140 
>
iteration       : 56
climbing        : yes
zoom on         : no
nim             : 10
barrier         :   0.01799513 (image:  4) 
distance        :   0.00000000    4.33926423    8.46772335    9.06765089    9.57760456   10.01214774   10.48509574   11.54518518   15.42679110   19.25828189 
energy          : -1075.54974314  -1075.55629522  -1075.54932336  -1075.53469814  -1075.53174800  -1075.53480712  -1075.54485894  -1075.56855468  -1075.57822046  -1075.58160718 
max(|Fr_perp|)   :   0.00000000    0.00117869    0.01108030    0.00431148    0.00264793    0.00272024    0.00477184    0.01139724    0.00135260    0.00000000 
Fr_paral         :   0.00000000    0.00127133   -0.03034705   -0.01443442   -0.00003179    0.01619424    0.03293197    0.00922819    0.00182464    0.00000000 
max(|Fsp_paral|) :   0.00000000    0.00224736    0.00055041    0.00007081    0.00357028    0.00174186    0.00200068    0.00124092    0.00021886    0.00000000 
max(|Fsp_perp|)  :   0.00000000    0.00000000    0.00000000    0.00000000    0.00000000    0.00000000    0.00000000    0.00000000    0.00000000    0.00000000 
max(|FNEB|)      :   0.00000000    0.00256325    0.01128021    0.00446056    0.00264801    0.00269582    0.00483115    0.01137191    0.00131574    0.00000000 
max(|Force|)     :   0.00161362    0.00127399    0.02220263    0.01044070    0.00264784    0.00912497    0.01963902    0.01136485    0.00149101    0.00144002 
ksp              :   0.01000000    0.01209943    0.08524531    0.10000000    0.10000000    0.08470027    0.03442756    0.01000000    0.01000000 
max(|step|)      :   0.00000000    0.00798417    0.01231256    0.00649691    0.00696310    0.00699245    0.00668710    0.00698338    0.00536160    0.00000000 
angle (deg.)     :    24.5402  84.2312  27.0780  43.5991  21.9452  40.7856  69.9912  13.9974 
>
iteration       : 57
climbing        : yes
zoom on         : no
nim             : 10
barrier         :   0.01793552 (image:  4) 
distance        :   0.00000000    4.35832384    8.49780114    9.10257984    9.61251605   10.04425757   10.51781324   11.57715620   15.45747673   19.29517592 
energy          : -1075.54974314  -1075.55635444  -1075.54972554  -1075.53477898  -1075.53180762  -1075.53482347  -1075.54488893  -1075.56869616  -1075.57823500  -1075.58160718 
max(|Fr_perp|)   :   0.00000000    0.00101438    0.00730247    0.00395994    0.00194670    0.00199037    0.00278408    0.00282629    0.00271413    0.00000000 
Fr_paral         :   0.00000000    0.00129984   -0.03019376   -0.01458269   -0.00003805    0.01609796    0.03304377    0.00890144    0.00178479    0.00000000 
max(|Fsp_paral|) :   0.00000000    0.00062357    0.00456051    0.00022736    0.00370317    0.00153589    0.00212553    0.00129157    0.00018622    0.00000000 
max(|Fsp_perp|)  :   0.00000000    0.00000000    0.00000000    0.00000000    0.00000000    0.00000000    0.00000000    0.00000000    0.00000000    0.00000000 
max(|FNEB|)      :   0.00000000    0.00144322    0.00800232    0.00422857    0.00194682    0.00196516    0.00268311    0.00281030    0.00271332    0.00000000 
max(|Force|)     :   0.00161362    0.00112409    0.02094848    0.01037616    0.00194658    0.00893078    0.01954590    0.00531550    0.00272209    0.00144002 
ksp              :   0.01000000    0.01008831    0.08508977    0.10000000    0.10000000    0.08486654    0.03435830    0.01000000    0.01000000 
max(|step|)      :   0.00000000    0.00219594    0.02491051    0.01754141    0.00532522    0.00698363    0.00703680    0.00804699    0.00237617    0.00000000 
angle (deg.)     :    25.0308  83.0707  22.7635  43.4863  20.6507  39.2420  70.3880  13.9729 
>
iteration       : 58
climbing        : yes
zoom on         : no
nim             : 10
barrier         :   0.01792907 (image:  4) 
distance        :   0.00000000    4.36165281    8.49373968    9.06596630    9.59050876   10.00876687   10.48678205   11.56017882   15.43426924   19.27310163 
energy          : -1075.54974314  -1075.55637230  -1075.54979847  -1075.53506705  -1075.53181406  -1075.53463332  -1075.54467483  -1075.56875890  -1075.57824258  -1075.58160718 
max(|Fr_perp|)   :   0.00000000    0.00106940    0.00645179    0.00277193    0.00206562    0.00208916    0.00395837    0.00860481    0.00231117    0.00000000 
Fr_paral         :   0.00000000    0.00129219   -0.02878387   -0.01597850   -0.00004476    0.01560872    0.03293833    0.00793029    0.00175013    0.00000000 
max(|Fsp_paral|) :   0.00000000    0.00078355    0.00337440    0.00226683    0.00505126    0.00041014    0.00165631    0.00037146    0.00015414    0.00000000 
max(|Fsp_perp|)  :   0.00000000    0.00000000    0.00000000    0.00000000    0.00000000    0.00000000    0.00000000    0.00000000    0.00000000    0.00000000 
max(|FNEB|)      :   0.00000000    0.00108387    0.00604727    0.00182120    0.00206551    0.00210454    0.00392331    0.00862913    0.00231007    0.00000000 
max(|Force|)     :   0.00161362    0.00105854    0.01626781    0.01068790    0.00206572    0.00829941    0.01943117    0.00907951    0.00230515    0.00144002 
ksp              :   0.01000000    0.01000000    0.08367073    0.10000000    0.10000000    0.08584796    0.03544179    0.01000000    0.01000000 
max(|step|)      :   0.00000000    0.01074873    0.02538651    0.01426868    0.01480040    0.01483114    0.01418646    0.01376026    0.01112853    0.00000000 
angle (deg.)     :    25.4094  85.6369  24.0251  43.8659  20.8076  39.0026  71.5554  14.3667 
>
iteration       : 59
climbing        : yes
zoom on         : no
nim             : 10
barrier         :   0.01781253 (image:  4) 
distance        :   0.00000000    4.38437190    8.55619357    9.12716039    9.65009630   10.06640154   10.54352547   11.61278218   15.48506506   19.33655323 
energy          : -1075.54974314  -1075.55646606  -1075.54971621  -1075.53515215  -1075.53193061  -1075.53471632  -1075.54471476  -1075.56885079  -1075.57828625  -1075.58160718 
max(|Fr_perp|)   :   0.00000000    0.00099972    0.00474417    0.00276052    0.00147573    0.00151938    0.00160961    0.00363996    0.00109241    0.00000000 
Fr_paral         :   0.00000000    0.00132465   -0.02885141   -0.01586475   -0.00005459    0.01552491    0.03296868    0.00829074    0.00172192    0.00000000 
max(|Fsp_paral|) :   0.00000000    0.00053326    0.00282690    0.00222010    0.00506379    0.00032992    0.00173777    0.00046176    0.00009101    0.00000000 
max(|Fsp_perp|)  :   0.00000000    0.00000000    0.00000000    0.00000000    0.00000000    0.00000000    0.00000000    0.00000000    0.00000000    0.00000000 
max(|FNEB|)      :   0.00000000    0.00113817    0.00438142    0.00144907    0.00147583    0.00149284    0.00175073    0.00367548    0.00113188    0.00000000 
max(|Force|)     :   0.00161362    0.00117987    0.01622572    0.01060372    0.00147564    0.00819023    0.01934609    0.00415181    0.00087295    0.00144002 
ksp              :   0.01000000    0.01013607    0.08372274    0.10000000    0.10000000    0.08592483    0.03540650    0.01000000    0.01000000 
max(|step|)      :   0.00000000    0.03329798    0.07163313    0.04514234    0.04609455    0.04614394    0.04515163    0.04513549    0.03549607    0.00000000 
angle (deg.)     :    26.7595  92.3508  27.7287  44.9972  21.2147  38.0875  75.3379  15.6183 
>
iteration       : 60
climbing        : yes
zoom on         : no
nim             : 10
barrier         :   0.01747105 (image:  4) 
distance        :   0.00000000    4.45572394    8.74097735    9.30744101    9.82909161   10.23719075   10.71056206   11.77546513   15.64050617   19.53199946 
energy          : -1075.54974314  -1075.55674147  -1075.54937537  -1075.53544736  -1075.53227208  -1075.53492313  -1075.54467652  -1075.56892823  -1075.57838452  -1075.58160718 
max(|Fr_perp|)   :   0.00000000    0.00077366    0.00351306    0.00271370    0.00096107    0.00097666    0.00153065    0.00575179    0.00292457    0.00000000 
Fr_paral         :   0.00000000    0.00142088   -0.02826279   -0.01572839   -0.00009184    0.01516190    0.03276585    0.00868111    0.00169421    0.00000000 
max(|Fsp_paral|) :   0.00000000    0.00221314    0.00181946    0.00235305    0.00537975    0.00003275    0.00134621    0.00011142    0.00011608    0.00000000 
max(|Fsp_perp|)  :   0.00000000    0.00000000    0.00000000    0.00000000    0.00000000    0.00000000    0.00000000    0.00000000    0.00000000    0.00000000 
max(|FNEB|)      :   0.00000000    0.00245798    0.00383162    0.00122475    0.00096128    0.00097407    0.00118873    0.00575796    0.00292463    0.00000000 
max(|Force|)     :   0.00161362    0.00083618    0.01575914    0.01044924    0.00096085    0.00781676    0.01909848    0.00614698    0.00292176    0.00144002 
ksp              :   0.01000000    0.01189450    0.08364295    0.10000000    0.10000000    0.08634343    0.03610007    0.01000000    0.01000000 
max(|step|)      :   0.00000000    0.05067423    0.10000000    0.06473092    0.06564554    0.06567725    0.06463414    0.06419857    0.05050125    0.00000000 
angle (deg.)     :    28.6171  100.9620  34.2506  46.6360  21.9137  37.4673  80.7116  17.4624 
>
iteration       : 61
climbing        : yes
zoom on         : no
nim             : 10
barrier         :   0.01706111 (image:  4) 
distance        :   0.00000000    4.57006762    9.00131165    9.58723114   10.10812908   10.50490725   10.97306162   12.04208870   15.89783325   19.84831140 
energy          : -1075.54974314  -1075.55709693  -1075.54911216  -1075.53580326  -1075.53268202  -1075.53514640  -1075.54453711  -1075.56894764  -1075.57848339  -1075.58160718 
max(|Fr_perp|)   :   0.00000000    0.00138014    0.00583262    0.00272716    0.00261529    0.00271391    0.00519740    0.00979472    0.00430167    0.00000000 
Fr_paral         :   0.00000000    0.00154648   -0.02582089   -0.01552461   -0.00016424    0.01462514    0.03230746    0.00865674    0.00157792    0.00000000 
max(|Fsp_paral|) :   0.00000000    0.00479170    0.00512418    0.00152491    0.00585853    0.00055330    0.00036678    0.00081256    0.00041715    0.00000000 
max(|Fsp_perp|)  :   0.00000000    0.00000000    0.00000000    0.00000000    0.00000000    0.00000000    0.00000000    0.00000000    0.00000000    0.00000000 
max(|FNEB|)      :   0.00000000    0.00526644    0.00787722    0.00215361    0.00266244    0.00277773    0.00548936    0.01039696    0.00446360    0.00000000 
max(|Force|)     :   0.00161362    0.00137407    0.01444817    0.01029203    0.00266301    0.00731020    0.01872330    0.00973801    0.00446423    0.00144002 
ksp              :   0.01000000    0.01342083    0.08354330    0.10000000    0.10000000    0.08700375    0.03748540    0.01000000    0.01000000 
max(|step|)      :   0.00000000    0.00610364    0.00912945    0.00249597    0.00308569    0.00321930    0.00636200    0.01204976    0.00517317    0.00000000 
angle (deg.)     :    28.5910  99.9338  33.1911  46.4005  21.9612  37.4708  80.6962  17.4981 
>
iteration       : 62
climbing        : yes
zoom on         : no
nim             : 10
barrier         :   0.01703749 (image:  4) 
distance        :   0.00000000    4.58567323    8.99261971    9.58855723   10.11201763   10.51006851   10.97849305   12.04432270   15.89920785   19.84886068 
energy          : -1075.54974314  -1075.55712736  -1075.54978026  -1075.53587726  -1075.53270565  -1075.53519406  -1075.54461090  -1075.56895323  -1075.57849688  -1075.58160718 
max(|Fr_perp|)   :   0.00000000    0.00097869    0.00477276    0.00283352    0.00190226    0.00197731    0.00548020    0.01056403    0.00429699    0.00000000 
Fr_paral         :   0.00000000    0.00154927   -0.02580517   -0.01569517   -0.00014389    0.01469083    0.03237018    0.00774730    0.00161345    0.00000000 
max(|Fsp_paral|) :   0.00000000    0.00062035    0.00272199    0.00133364    0.00591546    0.00046207    0.00062807    0.00054213    0.00041696    0.00000000 
max(|Fsp_perp|)  :   0.00000000    0.00000000    0.00000000    0.00000000    0.00000000    0.00000000    0.00000000    0.00000000    0.00000000    0.00000000 
max(|FNEB|)      :   0.00000000    0.00143569    0.00526438    0.00183610    0.00190244    0.00194344    0.00544545    0.01058884    0.00430177    0.00000000 
max(|Force|)     :   0.00161362    0.00113550    0.01427906    0.01048230    0.00190209    0.00749229    0.01881810    0.01052816    0.00430535    0.00144002 
ksp              :   0.01000000    0.01000000    0.08324603    0.10000000    0.10000000    0.08685506    0.03711088    0.01000000    0.01000000 
max(|step|)      :   0.00000000    0.00073021    0.00340587    0.00128290    0.00119917    0.00124117    0.00214154    0.00431210    0.00197404    0.00000000 
angle (deg.)     :    28.6277  99.2391  32.4930  46.2656  21.9824  37.4215  80.6898  17.5132 
>
iteration       : 63
climbing        : yes
zoom on         : no
nim             : 10
barrier         :   0.01702815 (image:  4) 
distance        :   0.00000000    4.58702137    8.98622363    9.57953945   10.10474859   10.50351050   10.97191825   12.03613144   15.89037524   19.83956711 
energy          : -1075.54974314  -1075.55713331  -1075.54994192  -1075.53592303  -1075.53271498  -1075.53521615  -1075.54466901  -1075.56904699  -1075.57851370  -1075.58160718 
max(|Fr_perp|)   :   0.00000000    0.00059921    0.00428689    0.00288998    0.00131292    0.00137207    0.00182278    0.00398814    0.00165954    0.00000000 
Fr_paral         :   0.00000000    0.00155161   -0.02609147   -0.01581213   -0.00013981    0.01472345    0.03249713    0.00830213    0.00159735    0.00000000 
max(|Fsp_paral|) :   0.00000000    0.00065135    0.00260114    0.00158369    0.00596346    0.00040498    0.00081424    0.00034495    0.00041778    0.00000000 
max(|Fsp_perp|)  :   0.00000000    0.00000000    0.00000000    0.00000000    0.00000000    0.00000000    0.00000000    0.00000000    0.00000000    0.00000000 
max(|FNEB|)      :   0.00000000    0.00116389    0.00468811    0.00144516    0.00131315    0.00133824    0.00178111    0.00400961    0.00166375    0.00000000 
max(|Force|)     :   0.00161362    0.00109501    0.01454015    0.01059648    0.00131270    0.00756735    0.01891618    0.00427894    0.00166685    0.00144002 
ksp              :   0.01000000    0.01000000    0.08304433    0.10000000    0.10000000    0.08678042    0.03681863    0.01000000    0.01000000 
max(|step|)      :   0.00000000    0.00319179    0.01486883    0.00546107    0.00466211    0.00488214    0.00398025    0.00724830    0.00402969    0.00000000 
angle (deg.)     :    28.8112  95.9877  29.4306  45.7255  22.1589  37.2590  80.6759  17.5901 
>
iteration       : 64
climbing        : yes
zoom on         : no
nim             : 10
barrier         :   0.01700675 (image:  4) 
distance        :   0.00000000    4.59287334    8.95722116    9.54128851   10.07397480   10.47586006   10.94375335   12.00200552   15.85336789   19.80037312 
energy          : -1075.54974314  -1075.55715386  -1075.55052251  -1075.53608810  -1075.53273639  -1075.53529101  -1075.54478093  -1075.56903498  -1075.57852155  -1075.58160718 
max(|Fr_perp|)   :   0.00000000    0.00060645    0.00269784    0.00315788    0.00164641    0.00166772    0.00296126    0.00667305    0.00272928    0.00000000 
Fr_paral         :   0.00000000    0.00155801   -0.02692868   -0.01624756   -0.00012877    0.01485268    0.03254266    0.00905952    0.00158491    0.00000000 
max(|Fsp_paral|) :   0.00000000    0.00078981    0.00219191    0.00254555    0.00616713    0.00014337    0.00116399    0.00007588    0.00042083    0.00000000 
max(|Fsp_perp|)  :   0.00000000    0.00000000    0.00000000    0.00000000    0.00000000    0.00000000    0.00000000    0.00000000    0.00000000    0.00000000 
max(|FNEB|)      :   0.00000000    0.00075793    0.00322347    0.00137113    0.00164601    0.00168657    0.00301938    0.00665194    0.00272584    0.00000000 
max(|Force|)     :   0.00161362    0.00102500    0.01561333    0.01107848    0.00164680    0.00786227    0.01918972    0.00664126    0.00272335    0.00144002 
ksp              :   0.01000000    0.01000000    0.08226266    0.10000000    0.10000000    0.08648087    0.03626006    0.01000000    0.01000000 
max(|step|)      :   0.00000000    0.00259298    0.01513544    0.00506415    0.00427915    0.00445074    0.00496069    0.00528791    0.00231705    0.00000000 
angle (deg.)     :    29.0744  91.9590  26.1671  45.2763  22.3639  37.0468  80.6788  17.6873 
>
iteration       : 65
climbing        : yes
zoom on         : no
nim             : 10
barrier         :   0.01698603 (image:  4) 
distance        :   0.00000000    4.59593928    8.92343813    9.49925475   10.03917034   10.44420739   10.91144659   11.96449244   15.81212181   19.75635725 
energy          : -1075.54974314  -1075.55717135  -1075.55093968  -1075.53623320  -1075.53275711  -1075.53536528  -1075.54488879  -1075.56905157  -1075.57853269  -1075.58160718 
max(|Fr_perp|)   :   0.00000000    0.00072022    0.00287978    0.00341492    0.00191801    0.00196951    0.00399240    0.00690783    0.00345012    0.00000000 
Fr_paral         :   0.00000000    0.00156307   -0.02734809   -0.01661215   -0.00011702    0.01497400    0.03256583    0.00919935    0.00157653    0.00000000 
max(|Fsp_paral|) :   0.00000000    0.00092523    0.00185937    0.00342217    0.00636579    0.00012245    0.00147795    0.00046129    0.00042503    0.00000000 
max(|Fsp_perp|)  :   0.00000000    0.00000000    0.00000000    0.00000000    0.00000000    0.00000000    0.00000000    0.00000000    0.00000000    0.00000000 
max(|FNEB|)      :   0.00000000    0.00096315    0.00232671    0.00134946    0.00191752    0.00198905    0.00406008    0.00688530    0.00344651    0.00000000 
max(|Force|)     :   0.00161362    0.00087951    0.01661822    0.01151863    0.00191850    0.00806279    0.01925008    0.00687617    0.00344396    0.00144002 
ksp              :   0.01000000    0.01000000    0.08158204    0.10000000    0.10000000    0.08618068    0.03572061    0.01000000    0.01000000 
max(|step|)      :   0.00000000    0.00839862    0.03569614    0.01576331    0.01679252    0.01704688    0.01657917    0.01497964    0.00640575    0.00000000 
angle (deg.)     :    29.8776  81.5098  21.3766  45.2212  22.6899  36.3023  80.8115  17.9442 
>
iteration       : 66
climbing        : yes
zoom on         : no
nim             : 10
barrier         :   0.01689136 (image:  4) 
distance        :   0.00000000    4.58776276    8.84628608    9.42181183    9.96727259   10.37596489   10.83960989   11.89290022   15.72797152   19.66362126 
energy          : -1075.54974314  -1075.55719225  -1075.55145666  -1075.53636885  -1075.53285178  -1075.53553710  -1075.54499785  -1075.56896125  -1075.57858730  -1075.58160718 
max(|Fr_perp|)   :   0.00000000    0.00127427    0.00274089    0.00338016    0.00175839    0.00180497    0.00807208    0.01643913    0.00107409    0.00000000 
Fr_paral         :   0.00000000    0.00158377   -0.02638121   -0.01687303   -0.00005457    0.01514533    0.03238956    0.00896447    0.00159191    0.00000000 
max(|Fsp_paral|) :   0.00000000    0.00113060    0.00215754    0.00381624    0.00652022    0.00058335    0.00142595    0.00063062    0.00044213    0.00000000 
max(|Fsp_perp|)  :   0.00000000    0.00000000    0.00000000    0.00000000    0.00000000    0.00000000    0.00000000    0.00000000    0.00000000    0.00000000 
max(|FNEB|)      :   0.00000000    0.00218415    0.00293886    0.00200947    0.00175853    0.00176915    0.00804859    0.01640943    0.00115775    0.00000000 
max(|Force|)     :   0.00161362    0.00181813    0.01605962    0.01165821    0.00175825    0.00805504    0.01894213    0.01635419    0.00120685    0.00144002 
ksp              :   0.01000000    0.01000000    0.08126047    0.10000000    0.10000000    0.08569215    0.03528369    0.01000000    0.01000000 
max(|step|)      :   0.00000000    0.00580626    0.02257023    0.01148899    0.01152039    0.01161526    0.01191395    0.01287374    0.00470791    0.00000000 
angle (deg.)     :    30.3840  75.6692  21.7014  45.3749  22.8290  35.8469  80.9213  18.1121 
>
iteration       : 67
climbing        : yes
zoom on         : no
nim             : 10
barrier         :   0.01684063 (image:  4) 
distance        :   0.00000000    4.57818360    8.80527379    9.39127905    9.93812631   10.34769699   10.80999094   11.86595863   15.69275046   19.62280771 
energy          : -1075.54974314  -1075.55720050  -1075.55162841  -1075.53641399  -1075.53290251  -1075.53561280  -1075.54507182  -1075.56930591  -1075.57861261  -1075.58160718 
max(|Fr_perp|)   :   0.00000000    0.00069713    0.00235856    0.00329570    0.00161350    0.00170798    0.00660659    0.00482488    0.00250048    0.00000000 
Fr_paral         :   0.00000000    0.00156946   -0.02518415   -0.01693483   -0.00003372    0.01519399    0.03239694    0.00810066    0.00155311    0.00000000 
max(|Fsp_paral|) :   0.00000000    0.00120483    0.00274438    0.00348526    0.00658401    0.00072608    0.00144579    0.00071670    0.00045414    0.00000000 
max(|Fsp_perp|)  :   0.00000000    0.00000000    0.00000000    0.00000000    0.00000000    0.00000000    0.00000000    0.00000000    0.00000000    0.00000000 
max(|FNEB|)      :   0.00000000    0.00101680    0.00270438    0.00149427    0.00161333    0.00172640    0.00668081    0.00483729    0.00250557    0.00000000 
max(|Force|)     :   0.00161362    0.00099851    0.01531945    0.01163072    0.00161366    0.00808405    0.01894002    0.00480094    0.00250514    0.00144002 
ksp              :   0.01000000    0.01000000    0.08123386    0.10000000    0.10000000    0.08551560    0.03496455    0.01000000    0.01000000 
max(|step|)      :   0.00000000    0.00168947    0.00802782    0.00261499    0.00113274    0.00160222    0.00320180    0.00155831    0.00124422    0.00000000 
angle (deg.)     :    30.2688  77.0775  21.2183  45.6210  22.7154  35.8996  80.9229  18.0771 
>
iteration       : 68
climbing        : yes
zoom on         : no
nim             : 10
barrier         :   0.01684618 (image:  4) 
distance        :   0.00000000    4.57404989    8.82051671    9.39920972    9.94228793   10.34973142   10.81250633   11.87201191   15.69943505   19.63005306 
energy          : -1075.54974314  -1075.55719219  -1075.55146602  -1075.53634666  -1075.53289695  -1075.53557462  -1075.54504793  -1075.56933130  -1075.57861470  -1075.58160718 
max(|Fr_perp|)   :   0.00000000    0.00058788    0.00141191    0.00314988    0.00152087    0.00159141    0.00121892    0.00270032    0.00098904    0.00000000 
Fr_paral         :   0.00000000    0.00157192   -0.02579173   -0.01676168   -0.00004012    0.01512489    0.03252131    0.00817083    0.00156558    0.00000000 
max(|Fsp_paral|) :   0.00000000    0.00112562    0.00247369    0.00349630    0.00650438    0.00055623    0.00137436    0.00058752    0.00045387    0.00000000 
max(|Fsp_perp|)  :   0.00000000    0.00000000    0.00000000    0.00000000    0.00000000    0.00000000    0.00000000    0.00000000    0.00000000    0.00000000 
max(|FNEB|)      :   0.00000000    0.00107020    0.00158673    0.00103047    0.00152075    0.00160940    0.00113787    0.00271574    0.00099460    0.00000000 
max(|Force|)     :   0.00161362    0.00089922    0.01483527    0.01139954    0.00152100    0.00801009    0.01895827    0.00418919    0.00099443    0.00144002 
ksp              :   0.01000000    0.01000000    0.08157008    0.10000000    0.10000000    0.08569470    0.03508395    0.01000000    0.01000000 
max(|step|)      :   0.00000000    0.00463159    0.01103175    0.00421628    0.00304230    0.00303032    0.00322079    0.00363869    0.00172608    0.00000000 
angle (deg.)     :    30.3210  76.8717  21.0519  46.1511  22.6702  35.8687  80.9753  18.1106 
>
iteration       : 69
climbing        : yes
zoom on         : no
nim             : 10
barrier         :   0.01682097 (image:  4) 
distance        :   0.00000000    4.56063408    8.83082840    9.40233350    9.93917002   10.34295832   10.80589128   11.87403986   15.69770860   19.62596702 
energy          : -1075.54974314  -1075.55717861  -1075.55112407  -1075.53624090  -1075.53292216  -1075.53555028  -1075.54497279  -1075.56940792  -1075.57862749  -1075.58160718 
max(|Fr_perp|)   :   0.00000000    0.00050840    0.00177130    0.00292871    0.00149295    0.00156626    0.00269205    0.00143613    0.00159616    0.00000000 
Fr_paral         :   0.00000000    0.00157561   -0.02620608   -0.01639986   -0.00002834    0.01500730    0.03244948    0.00802719    0.00157661    0.00000000 
max(|Fsp_paral|) :   0.00000000    0.00100072    0.00228391    0.00328714    0.00639224    0.00030557    0.00101322    0.00015603    0.00046001    0.00000000 
max(|Fsp_perp|)  :   0.00000000    0.00000000    0.00000000    0.00000000    0.00000000    0.00000000    0.00000000    0.00000000    0.00000000    0.00000000 
max(|FNEB|)      :   0.00000000    0.00125295    0.00230468    0.00124288    0.00149303    0.00152907    0.00265238    0.00145396    0.00160058    0.00000000 
max(|Force|)     :   0.00161362    0.00086874    0.01398151    0.01099737    0.00149287    0.00790681    0.01902850    0.00430291    0.00160327    0.00144002 
ksp              :   0.01000000    0.01000000    0.08224320    0.10000000    0.10000000    0.08593833    0.03552355    0.01000000    0.01000000 
max(|step|)      :   0.00000000    0.01054164    0.01144581    0.01097528    0.01038636    0.01037666    0.01090079    0.01217248    0.00555736    0.00000000 
angle (deg.)     :    30.6300  74.1646  21.4770  46.9490  22.7768  35.8110  81.0571  18.2788 
>
iteration       : 70
climbing        : yes
zoom on         : no
nim             : 10
barrier         :   0.01674831 (image:  4) 
distance        :   0.00000000    4.53399830    8.83567392    9.39985194    9.92854486   10.32726882   10.79147133   11.87225921   15.68519214   19.60612546 
energy          : -1075.54974314  -1075.55716072  -1075.55054408  -1075.53612463  -1075.53299482  -1075.53555900  -1075.54491824  -1075.56956271  -1075.57865929  -1075.58160718 
max(|Fr_perp|)   :   0.00000000    0.00061698    0.00262769    0.00272540    0.00103921    0.00103065    0.00808131    0.00109255    0.00250472    0.00000000 
Fr_paral         :   0.00000000    0.00156723   -0.02645609   -0.01582008    0.00000002    0.01482724    0.03223388    0.00775582    0.00155674    0.00000000 
max(|Fsp_paral|) :   0.00000000    0.00080403    0.00210446    0.00291364    0.00626268    0.00007797    0.00065456    0.00037529    0.00047503    0.00000000 
max(|Fsp_perp|)  :   0.00000000    0.00000000    0.00000000    0.00000000    0.00000000    0.00000000    0.00000000    0.00000000    0.00000000    0.00000000 
max(|FNEB|)      :   0.00000000    0.00091118    0.00305201    0.00132098    0.00103921    0.00105173    0.00805084    0.00108286    0.00250903    0.00000000 
max(|Force|)     :   0.00161362    0.00084628    0.01336808    0.01048514    0.00103921    0.00773495    0.01905428    0.00426793    0.00251146    0.00144002 
ksp              :   0.01000000    0.01000000    0.08318143    0.10000000    0.10000000    0.08622097    0.03592740    0.01000000    0.01000000 
max(|step|)      :   0.00000000    0.02454169    0.02081111    0.02812207    0.02768201    0.02775240    0.02819250    0.03095565    0.01396897    0.00000000 
angle (deg.)     :    31.3952  68.0626  24.0677  48.5796  23.1840  35.8683  81.1725  18.7709 
>
iteration       : 71
climbing        : yes
zoom on         : no
nim             : 10
barrier         :   0.01659263 (image:  4) 
distance        :   0.00000000    4.47061067    8.85655875    9.40776024    9.92094034   10.31041541   10.77898295   11.88391226   15.67014492   19.57207955 
energy          : -1075.54974314  -1075.55710972  -1075.54901918  -1075.53592613  -1075.53315051  -1075.53559712  -1075.54498241  -1075.56981387  -1075.57874542  -1075.58160718 
max(|Fr_perp|)   :   0.00000000    0.00155835    0.00813769    0.00287731    0.00241488    0.00245029    0.00451272    0.00855836    0.00197803    0.00000000 
Fr_paral         :   0.00000000    0.00157746   -0.02646931   -0.01455815    0.00004473    0.01445857    0.03224886    0.00730776    0.00159412    0.00000000 
max(|Fsp_paral|) :   0.00000000    0.00571875    0.00769670    0.00217795    0.00597723    0.00086996    0.00057548    0.00092882    0.00050851    0.00000000 
max(|Fsp_perp|)  :   0.00000000    0.00000000    0.00000000    0.00000000    0.00000000    0.00000000    0.00000000    0.00000000    0.00000000    0.00000000 
max(|FNEB|)      :   0.00000000    0.00609306    0.00863658    0.00241320    0.00241507    0.00247244    0.00447668    0.00856886    0.00197101    0.00000000 
max(|Force|)     :   0.00161362    0.00167258    0.01314620    0.00958277    0.00241469    0.00736420    0.01893267    0.00848403    0.00197123    0.00144002 
ksp              :   0.01000000    0.01392679    0.08494478    0.10000000    0.10000000    0.08672932    0.03582263    0.01000000    0.01000000 
max(|step|)      :   0.00000000    0.00973251    0.01833617    0.00602296    0.00244946    0.00342717    0.00453113    0.00603545    0.00145733    0.00000000 
angle (deg.)     :    31.3475  67.5578  24.4064  47.6959  23.2225  35.8015  81.1118  18.7569 
>
iteration       : 72
climbing        : yes
zoom on         : no
nim             : 10
barrier         :   0.01659381 (image:  4) 
distance        :   0.00000000    4.49918383    8.83190233    9.40681004    9.92945319   10.32473117   10.79145382   11.88576922   15.67494887   19.57857593 
energy          : -1075.54974314  -1075.55715899  -1075.55027196  -1075.53613300  -1075.53314933  -1075.53568172  -1075.54510963  -1075.56984011  -1075.57874859  -1075.58160718 
max(|Fr_perp|)   :   0.00000000    0.00059258    0.00285680    0.00279450    0.00165793    0.00168627    0.00450967    0.00197501    0.00155275    0.00000000 
Fr_paral         :   0.00000000    0.00157780   -0.02606170   -0.01524960    0.00004403    0.01469035    0.03236636    0.00761232    0.00154642    0.00000000 
max(|Fsp_paral|) :   0.00000000    0.00057825    0.00256236    0.00197963    0.00614309    0.00037529    0.00099390    0.00029756    0.00050315    0.00000000 
max(|Fsp_perp|)  :   0.00000000    0.00000000    0.00000000    0.00000000    0.00000000    0.00000000    0.00000000    0.00000000    0.00000000    0.00000000 
max(|FNEB|)      :   0.00000000    0.00067656    0.00328072    0.00131669    0.00165812    0.00170844    0.00447364    0.00195648    0.00154596    0.00000000 
max(|Force|)     :   0.00161362    0.00097332    0.01369630    0.01019904    0.00165775    0.00763169    0.01901379    0.00454616    0.00154635    0.00144002 
ksp              :   0.01000000    0.01000000    0.08381741    0.10000000    0.10000000    0.08626503    0.03513076    0.01000000    0.01000000 
max(|step|)      :   0.00000000    0.00672405    0.00753547    0.01251868    0.01277584    0.01284454    0.01267868    0.01341513    0.00621946    0.00000000 
angle (deg.)     :    31.5811  65.8841  25.4799  47.7642  23.5066  35.9443  81.0903  18.9946 
>
iteration       : 73
climbing        : yes
zoom on         : no
nim             : 10
barrier         :   0.01652178 (image:  4) 
distance        :   0.00000000    4.48845464    8.84291006    9.42167627    9.94450180   10.33996776   10.80663439   11.90605902   15.68461723   19.58007536 
energy          : -1075.54974314  -1075.55716476  -1075.55029402  -1075.53620423  -1075.53322136  -1075.53576151  -1075.54518837  -1075.56995108  -1075.57878870  -1075.58160718 
max(|Fr_perp|)   :   0.00000000    0.00076024    0.00352953    0.00293463    0.00165327    0.00167862    0.00492977    0.00310085    0.00101941    0.00000000 
Fr_paral         :   0.00000000    0.00157363   -0.02611868   -0.01515904    0.00005928    0.01468699    0.03236397    0.00751811    0.00150912    0.00000000 
max(|Fsp_paral|) :   0.00000000    0.00046606    0.00255986    0.00183931    0.00612993    0.00033757    0.00106042    0.00026318    0.00051383    0.00000000 
max(|Fsp_perp|)  :   0.00000000    0.00000000    0.00000000    0.00000000    0.00000000    0.00000000    0.00000000    0.00000000    0.00000000    0.00000000 
max(|FNEB|)      :   0.00000000    0.00073005    0.00404329    0.00125748    0.00165350    0.00170136    0.00489321    0.00310488    0.00101272    0.00000000 
max(|Force|)     :   0.00161362    0.00099480    0.01445304    0.01025245    0.00165305    0.00763427    0.01895993    0.00443288    0.00101341    0.00144002 
ksp              :   0.01000000    0.01000000    0.08375124    0.10000000    0.10000000    0.08616288    0.03481140    0.01000000    0.01000000 
max(|step|)      :   0.00000000    0.05074260    0.05667002    0.09348771    0.09607355    0.09661437    0.09496584    0.10000000    0.04603793    0.00000000 
angle (deg.)     :    33.2636  56.9732  32.9997  48.5797  25.7704  37.4307  80.9288  20.9720 
>
iteration       : 74
climbing        : yes
zoom on         : no
nim             : 10
barrier         :   0.01602928 (image:  4) 
distance        :   0.00000000    4.41307775    8.96158165    9.57083132   10.09620237   10.49334220   10.95970522   12.09977845   15.80129898   19.63756474 
energy          : -1075.54974314  -1075.55716612  -1075.54978241  -1075.53657451  -1075.53371385  -1075.53629984  -1075.54564803  -1075.57064991  -1075.57902265  -1075.58160718 
max(|Fr_perp|)   :   0.00000000    0.00376483    0.01130760    0.00618108    0.00527356    0.00527069    0.00778479    0.00891183    0.00442854    0.00000000 
Fr_paral         :   0.00000000    0.00159675   -0.02511585   -0.01402196    0.00017789    0.01462195    0.03200892    0.00683515    0.00132648    0.00000000 
max(|Fsp_paral|) :   0.00000000    0.00047741    0.00261490    0.00064746    0.00606640    0.00007375    0.00121708    0.00035876    0.00059048    0.00000000 
max(|Fsp_perp|)  :   0.00000000    0.00000000    0.00000000    0.00000000    0.00000000    0.00000000    0.00000000    0.00000000    0.00000000    0.00000000 
max(|FNEB|)      :   0.00000000    0.00407026    0.01212726    0.00619685    0.00541890    0.00536560    0.00815316    0.00922247    0.00458603    0.00000000 
max(|Force|)     :   0.00161362    0.00410924    0.01952708    0.01064668    0.00542074    0.00770452    0.01854350    0.00923144    0.00458515    0.00144002 
ksp              :   0.01000000    0.01000000    0.08395705    0.10000000    0.10000000    0.08548343    0.03303630    0.01000000    0.01000000 
max(|step|)      :   0.00000000    0.00332040    0.00989309    0.00505522    0.00442059    0.00437711    0.00665113    0.00752344    0.00374115    0.00000000 
angle (deg.)     :    33.2320  57.6529  32.2685  48.4866  25.6460  37.4101  80.8977  20.9881 
>
iteration       : 75
climbing        : yes
zoom on         : no
nim             : 10
barrier         :   0.01599405 (image:  4) 
distance        :   0.00000000    4.41416942    8.97129495    9.57448400   10.10268602   10.50047912   10.96620555   12.10583388   15.80671950   19.64192144 
energy          : -1075.54974314  -1075.55718825  -1075.55010351  -1075.53669199  -1075.53374908  -1075.53634272  -1075.54576345  -1075.57076413  -1075.57905977  -1075.58160718 
max(|Fr_perp|)   :   0.00000000    0.00074588    0.00670637    0.00405730    0.00190839    0.00187301    0.00311271    0.00246470    0.00193661    0.00000000 
Fr_paral         :   0.00000000    0.00163083   -0.02564831   -0.01436689    0.00015402    0.01467221    0.03237929    0.00678599    0.00147943    0.00000000 
max(|Fsp_paral|) :   0.00000000    0.00050275    0.00223506    0.00115268    0.00618063    0.00000188    0.00157890    0.00005069    0.00058825    0.00000000 
max(|Fsp_perp|)  :   0.00000000    0.00000000    0.00000000    0.00000000    0.00000000    0.00000000    0.00000000    0.00000000    0.00000000    0.00000000 
max(|FNEB|)      :   0.00000000    0.00099849    0.00569952    0.00312662    0.00190841    0.00189899    0.00306700    0.00245861    0.00193568    0.00000000 
max(|Force|)     :   0.00161362    0.00106912    0.01875251    0.01070776    0.00190837    0.00782157    0.01859179    0.00318396    0.00193448    0.00144002 
ksp              :   0.01000000    0.01000000    0.08344000    0.10000000    0.10000000    0.08540535    0.03239408    0.01000000    0.01000000 
max(|step|)      :   0.00000000    0.00086276    0.00443326    0.00263129    0.00149323    0.00148775    0.00162910    0.00107864    0.00065212    0.00000000 
angle (deg.)     :    33.1951  58.3692  31.5850  48.4314  25.5717  37.3624  80.8848  21.0025 
>
iteration       : 76
climbing        : yes
zoom on         : no
nim             : 10
barrier         :   0.01598644 (image:  4) 
distance        :   0.00000000    4.41543973    8.98139465    9.57961662   10.11016036   10.50848254   10.97317939   12.11323538   15.81363932   19.64799421 
energy          : -1075.54974314  -1075.55719198  -1075.55025052  -1075.53675311  -1075.53375669  -1075.53635607  -1075.54576693  -1075.57077632  -1075.57906553  -1075.58160718 
max(|Fr_perp|)   :   0.00000000    0.00072123    0.00586767    0.00393805    0.00151397    0.00147564    0.00187546    0.00204995    0.00116745    0.00000000 
Fr_paral         :   0.00000000    0.00163591   -0.02576964   -0.01461834    0.00014730    0.01470943    0.03241516    0.00679999    0.00148705    0.00000000 
max(|Fsp_paral|) :   0.00000000    0.00052920    0.00193696    0.00154641    0.00627942    0.00008099    0.00151595    0.00004595    0.00058669    0.00000000 
max(|Fsp_perp|)  :   0.00000000    0.00000000    0.00000000    0.00000000    0.00000000    0.00000000    0.00000000    0.00000000    0.00000000    0.00000000 
max(|FNEB|)      :   0.00000000    0.00102951    0.00531191    0.00260843    0.00151399    0.00150146    0.00184068    0.00204386    0.00116671    0.00000000 
max(|Force|)     :   0.00161362    0.00105611    0.01812825    0.01073956    0.00151396    0.00788916    0.01873653    0.00331430    0.00116550    0.00144002 
ksp              :   0.01000000    0.01000000    0.08313088    0.10000000    0.10000000    0.08536612    0.03238514    0.01000000    0.01000000 
max(|step|)      :   0.00000000    0.00797446    0.05105342    0.02612261    0.01383572    0.01372320    0.01470695    0.01005782    0.00572581    0.00000000 
angle (deg.)     :    32.7849  68.1387  24.4548  48.4098  25.0983  37.1473  80.7232  21.1898 
>
iteration       : 77
climbing        : yes
zoom on         : no
nim             : 10
barrier         :   0.01595801 (image:  4) 
distance        :   0.00000000    4.43235246    9.10143977    9.66453698   10.21838452   10.62135269   11.07671985   12.22300843   15.91775099   19.74188018 
energy          : -1075.54974314  -1075.55722982  -1075.55117285  -1075.53716654  -1075.53378512  -1075.53641577  -1075.54558343  -1075.57081929  -1075.57908023  -1075.58160718 
max(|Fr_perp|)   :   0.00000000    0.00228801    0.00541680    0.00331098    0.00285264    0.00286172    0.00881384    0.00423662    0.00306127    0.00000000 
Fr_paral         :   0.00000000    0.00163062   -0.02405310   -0.01653245    0.00006418    0.01497886    0.03204280    0.00626221    0.00137180    0.00000000 
max(|Fsp_paral|) :   0.00000000    0.00083124    0.00059815    0.00476946    0.00729461    0.00076749    0.00023148    0.00076920    0.00056668    0.00000000 
max(|Fsp_perp|)  :   0.00000000    0.00000000    0.00000000    0.00000000    0.00000000    0.00000000    0.00000000    0.00000000    0.00000000    0.00000000 
max(|FNEB|)      :   0.00000000    0.00264438    0.00535654    0.00313553    0.00285271    0.00288489    0.00877886    0.00425427    0.00305551    0.00000000 
max(|Force|)     :   0.00161362    0.00253595    0.01186189    0.01093413    0.00285258    0.00819272    0.01967185    0.00422868    0.00305739    0.00144002 
ksp              :   0.01000000    0.01000000    0.08092950    0.10000000    0.10000000    0.08516368    0.03345989    0.01000000    0.01000000 
max(|step|)      :   0.00000000    0.00697344    0.03677558    0.00919951    0.00834595    0.00821132    0.01640474    0.00908105    0.00555765    0.00000000 
angle (deg.)     :    32.5205  74.7046  22.2123  48.8325  24.9847  37.2988  80.5259  21.3425 
>
iteration       : 78
climbing        : yes
zoom on         : no
nim             : 10
barrier         :   0.01591225 (image:  4) 
distance        :   0.00000000    4.44714960    9.17429855    9.74499790   10.30463018   10.70752479   11.16576611   12.30940709   15.99979684   19.81589336 
energy          : -1075.54974314  -1075.55725902  -1075.55179429  -1075.53727092  -1075.53383089  -1075.53643865  -1075.54547886  -1075.57079051  -1075.57906531  -1075.58160718 
max(|Fr_perp|)   :   0.00000000    0.00266581    0.00568717    0.00438755    0.00383960    0.00386798    0.01988293    0.00590051    0.00674709    0.00000000 
Fr_paral         :   0.00000000    0.00170704   -0.02208473   -0.01691830    0.00004048    0.01493259    0.03115591    0.00657491    0.00158789    0.00000000 
max(|Fsp_paral|) :   0.00000000    0.00098116    0.00071235    0.00490066    0.00759809    0.00062519    0.00002476    0.00114991    0.00054966    0.00000000 
max(|Fsp_perp|)  :   0.00000000    0.00000000    0.00000000    0.00000000    0.00000000    0.00000000    0.00000000    0.00000000    0.00000000    0.00000000 
max(|FNEB|)      :   0.00000000    0.00291473    0.00563473    0.00431175    0.00383943    0.00381666    0.01992098    0.00606740    0.00674502    0.00000000 
max(|Force|)     :   0.00161362    0.00269114    0.00980599    0.01105737    0.00383977    0.00779075    0.01935810    0.00551306    0.00674570    0.00144002 
ksp              :   0.01000000    0.01000000    0.08054312    0.10000000    0.10000000    0.08525044    0.03411883    0.01000000    0.01000000 
max(|step|)      :   0.00000000    0.00158284    0.00777072    0.00392836    0.00202795    0.00200941    0.00794446    0.00253571    0.00278105    0.00000000 
angle (deg.)     :    32.5554  73.3697  22.6091  48.7894  24.9303  37.2120  80.5242  21.3270 
>
iteration       : 79
climbing        : yes
zoom on         : no
nim             : 10
barrier         :   0.01589840 (image:  4) 
distance        :   0.00000000    4.44591350    9.15994467    9.73287357   10.28896019   10.69119559   11.15122765   12.29255328   15.98369619   19.80093350 
energy          : -1075.54974314  -1075.55726760  -1075.55194143  -1075.53726685  -1075.53384473  -1075.53644880  -1075.54576270  -1075.57086310  -1075.57911240  -1075.58160718 
max(|Fr_perp|)   :   0.00000000    0.00092596    0.00389140    0.00288980    0.00168287    0.00172661    0.00596390    0.00197511    0.00233232    0.00000000 
Fr_paral         :   0.00000000    0.00168799   -0.02322080   -0.01676316    0.00004036    0.01489937    0.03223675    0.00660147    0.00149656    0.00000000 
max(|Fsp_paral|) :   0.00000000    0.00093878    0.00051057    0.00458945    0.00743670    0.00051031    0.00113997    0.00011955    0.00055169    0.00000000 
max(|Fsp_perp|)  :   0.00000000    0.00000000    0.00000000    0.00000000    0.00000000    0.00000000    0.00000000    0.00000000    0.00000000    0.00000000 
max(|FNEB|)      :   0.00000000    0.00147313    0.00395318    0.00232227    0.00168270    0.00167541    0.00602774    0.00200474    0.00233046    0.00000000 
max(|Force|)     :   0.00161362    0.00127018    0.01047708    0.01106139    0.00168303    0.00778473    0.01925118    0.00418473    0.00233130    0.00144002 
ksp              :   0.01000000    0.01000000    0.08062760    0.10000000    0.10000000    0.08525850    0.03253301    0.01000000    0.01000000 
max(|step|)      :   0.00000000    0.00329305    0.00951884    0.00304218    0.00304783    0.00304165    0.00396108    0.00306140    0.00188089    0.00000000 
angle (deg.)     :    32.4640  75.0643  22.4495  48.9522  24.9327  37.2574  80.4425  21.3879 
>
iteration       : 80
climbing        : yes
zoom on         : no
nim             : 10
barrier         :   0.01587831 (image:  4) 
distance        :   0.00000000    4.45291459    9.18066632    9.76254592   10.31712842   10.71869317   11.18072725   12.32052670   16.01008080   19.82439620 
energy          : -1075.54974314  -1075.55728523  -1075.55233556  -1075.53728355  -1075.53386482  -1075.53645429  -1075.54583828  -1075.57088461  -1075.57912786  -1075.58160718 
max(|Fr_perp|)   :   0.00000000    0.00048054    0.00312227    0.00301612    0.00095161    0.00091529    0.00127290    0.00109314    0.00048374    0.00000000 
Fr_paral         :   0.00000000    0.00168284   -0.02325202   -0.01672267    0.00003006    0.01483874    0.03240623    0.00656565    0.00144036    0.00000000 
max(|Fsp_paral|) :   0.00000000    0.00096069    0.00019528    0.00415307    0.00737924    0.00037437    0.00153067    0.00014738    0.00054592    0.00000000 
max(|Fsp_perp|)  :   0.00000000    0.00000000    0.00000000    0.00000000    0.00000000    0.00000000    0.00000000    0.00000000    0.00000000    0.00000000 
max(|FNEB|)      :   0.00000000    0.00107083    0.00310704    0.00174995    0.00095164    0.00094117    0.00095845    0.00108285    0.00052149    0.00000000 
max(|Force|)     :   0.00161362    0.00069794    0.01046920    0.01114297    0.00095157    0.00764897    0.01900968    0.00368337    0.00060584    0.00144002 
ksp              :   0.01000000    0.01000000    0.08062228    0.10000000    0.10000000    0.08532263    0.03213313    0.01000000    0.01000000 
max(|step|)      :   0.00000000    0.00984464    0.03207797    0.00860935    0.00795801    0.00788083    0.00780393    0.00885670    0.00535771    0.00000000 
angle (deg.)     :    32.1958  80.6094  22.7267  49.3918  24.9524  37.4695  80.2120  21.5793 
>
iteration       : 81
climbing        : yes
zoom on         : no
nim             : 10
barrier         :   0.01583623 (image:  4) 
distance        :   0.00000000    4.47444459    9.25119973    9.85911136   10.41354210   10.81417497   11.28021203   12.41711284   16.10143177   19.90635086 
energy          : -1075.54974314  -1075.55733303  -1075.55325304  -1075.53735011  -1075.53390691  -1075.53646298  -1075.54591280  -1075.57091211  -1075.57915014  -1075.58160718 
max(|Fr_perp|)   :   0.00000000    0.00095934    0.00218491    0.00324474    0.00149470    0.00152730    0.00635850    0.00242727    0.00248676    0.00000000 
Fr_paral         :   0.00000000    0.00168657   -0.02210902   -0.01678720   -0.00000858    0.01472073    0.03240462    0.00661224    0.00138699    0.00000000 
max(|Fsp_paral|) :   0.00000000    0.00105183    0.00059088    0.00317311    0.00738948    0.00011738    0.00204855    0.00039544    0.00052750    0.00000000 
max(|Fsp_perp|)  :   0.00000000    0.00000000    0.00000000    0.00000000    0.00000000    0.00000000    0.00000000    0.00000000    0.00000000    0.00000000 
max(|FNEB|)      :   0.00000000    0.00185466    0.00203913    0.00165269    0.00149469    0.00148204    0.00633596    0.00243793    0.00249041    0.00000000 
max(|Force|)     :   0.00161362    0.00145856    0.01050994    0.01138006    0.00149472    0.00741223    0.01862010    0.00329400    0.00249219    0.00144002 
ksp              :   0.01000000    0.01000000    0.08043170    0.10000000    0.10000000    0.08547340    0.03176847    0.01000000    0.01000000 
max(|step|)      :   0.00000000    0.01346777    0.03668766    0.01299507    0.01255311    0.01244053    0.01251316    0.01153583    0.00666324    0.00000000 
angle (deg.)     :    31.9348  85.9136  24.3607  49.6519  25.1155  37.8125  79.9709  21.8268 
>
iteration       : 82
climbing        : yes
zoom on         : no
nim             : 10
barrier         :   0.01576649 (image:  4) 
distance        :   0.00000000    4.50489735    9.33077350    9.96938127   10.52707661   10.92787118   11.39524126   12.53165563   16.20863615   20.00126729 
energy          : -1075.54974314  -1075.55740133  -1075.55414776  -1075.53750459  -1075.53397665  -1075.53651203  -1075.54598575  -1075.57097398  -1075.57919055  -1075.58160718 
max(|Fr_perp|)   :   0.00000000    0.00109181    0.00351783    0.00350883    0.00170742    0.00174765    0.00575997    0.00206838    0.00129487    0.00000000 
Fr_paral         :   0.00000000    0.00169819   -0.02091315   -0.01698341   -0.00005777    0.01465375    0.03248200    0.00700151    0.00137619    0.00000000 
max(|Fsp_paral|) :   0.00000000    0.00111048    0.00138181    0.00230834    0.00750994    0.00005454    0.00234969    0.00056147    0.00050542    0.00000000 
max(|Fsp_perp|)  :   0.00000000    0.00000000    0.00000000    0.00000000    0.00000000    0.00000000    0.00000000    0.00000000    0.00000000    0.00000000 
max(|FNEB|)      :   0.00000000    0.00179161    0.00330228    0.00188557    0.00170759    0.00169577    0.00573618    0.00208204    0.00129845    0.00000000 
max(|Force|)     :   0.00161362    0.00136890    0.01095576    0.01172859    0.00170726    0.00754363    0.01867803    0.00363418    0.00129786    0.00144002 
ksp              :   0.01000000    0.01000000    0.07986141    0.10000000    0.10000000    0.08552726    0.03144830    0.01000000    0.01000000 
max(|step|)      :   0.00000000    0.03434606    0.06481105    0.02938092    0.02840292    0.02818648    0.02768298    0.02805921    0.01480338    0.00000000 
angle (deg.)     :    31.6353  92.8481  28.1460  49.5712  25.7937  38.3831  79.6236  22.3839 
>
iteration       : 83
climbing        : yes
zoom on         : no
nim             : 10
barrier         :   0.01562753 (image:  4) 
distance        :   0.00000000    4.57911250    9.46956192   10.15216191   10.72835695   11.13056430   11.58929255   12.73907452   16.39849775   20.16404279 
energy          : -1075.54974314  -1075.55755453  -1075.55503769  -1075.53801102  -1075.53411560  -1075.53662976  -1075.54579827  -1075.57066830  -1075.57913669  -1075.58160718 
max(|Fr_perp|)   :   0.00000000    0.00263967    0.01998517    0.00400673    0.00357929    0.00360859    0.00680912    0.01852625    0.01191029    0.00000000 
Fr_paral         :   0.00000000    0.00180168   -0.01789293   -0.01798427   -0.00013363    0.01457068    0.03218054    0.00523279    0.00147231    0.00000000 
max(|Fsp_paral|) :   0.00000000    0.00107298    0.00187923    0.00228156    0.00829678    0.00050652    0.00089958    0.00055765    0.00046314    0.00000000 
max(|Fsp_perp|)  :   0.00000000    0.00000000    0.00000000    0.00000000    0.00000000    0.00000000    0.00000000    0.00000000    0.00000000    0.00000000 
max(|FNEB|)      :   0.00000000    0.00308031    0.02035489    0.00380679    0.00357952    0.00355440    0.00677663    0.01854912    0.01191349    0.00000000 
max(|Force|)     :   0.00161362    0.00272594    0.01872629    0.01263559    0.00357907    0.00758895    0.01851853    0.01847483    0.01191631    0.00144002 
ksp              :   0.01000000    0.01000000    0.07756602    0.10000000    0.10000000    0.08552079    0.03271876    0.01000000    0.01000000 
max(|step|)      :   0.00000000    0.00408908    0.01122104    0.00270695    0.00248132    0.00249346    0.00311467    0.01001139    0.00690870    0.00000000 
angle (deg.)     :    31.6483  92.5385  27.8171  49.5814  25.6702  38.3543  79.6430  22.3300 
>
iteration       : 84
climbing        : yes
zoom on         : no
nim             : 10
barrier         :   0.01562738 (image:  4) 
distance        :   0.00000000    4.57210147    9.46031354   10.13961299   10.71443103   11.11673183   11.57703308   12.72385653   16.38481538   20.15275319 
energy          : -1075.54974314  -1075.55755007  -1075.55535257  -1075.53798874  -1075.53411576  -1075.53663434  -1075.54589104  -1075.57110538  -1075.57926388  -1075.58160718 
max(|Fr_perp|)   :   0.00000000    0.00052671    0.00369704    0.00376015    0.00100438    0.00098957    0.00124667    0.00322589    0.00184609    0.00000000 
Fr_paral         :   0.00000000    0.00176368   -0.01903644   -0.01794153   -0.00013636    0.01459937    0.03238600    0.00701557    0.00140804    0.00000000 
max(|Fsp_paral|) :   0.00000000    0.00108382    0.00182635    0.00229697    0.00823314    0.00044837    0.00136264    0.00016308    0.00046685    0.00000000 
max(|Fsp_perp|)  :   0.00000000    0.00000000    0.00000000    0.00000000    0.00000000    0.00000000    0.00000000    0.00000000    0.00000000    0.00000000 
max(|FNEB|)      :   0.00000000    0.00135234    0.00399531    0.00131926    0.00100386    0.00101697    0.00118940    0.00319247    0.00184844    0.00000000 
max(|Force|)     :   0.00161362    0.00096887    0.01076217    0.01252176    0.00100491    0.00778301    0.01882373    0.00365936    0.00185065    0.00144002 
ksp              :   0.01000000    0.01000000    0.07769505    0.10000000    0.10000000    0.08549517    0.03218470    0.01000000    0.01000000 
max(|step|)      :   0.00000000    0.00354115    0.00223805    0.00286864    0.00296485    0.00298238    0.00291367    0.00254401    0.00140982    0.00000000 
angle (deg.)     :    31.6790  92.2550  27.7398  49.4425  25.7707  38.3838  79.6376  22.3833 
>
iteration       : 85
climbing        : yes
zoom on         : no
nim             : 10
barrier         :   0.01561316 (image:  4) 
distance        :   0.00000000    4.58079271    9.46338836   10.13771954   10.71622361   11.11856796   11.57684718   12.72596579   16.38496142   20.15032530 
energy          : -1075.54974314  -1075.55756917  -1075.55538773  -1075.53807493  -1075.53412998  -1075.53664914  -1075.54584441  -1075.57113934  -1075.57927533  -1075.58160718 
max(|Fr_perp|)   :   0.00000000    0.00038703    0.00172203    0.00370749    0.00099449    0.00098122    0.00117512    0.00085316    0.00028822    0.00000000 
Fr_paral         :   0.00000000    0.00176362   -0.01934086   -0.01815149   -0.00013742    0.01460245    0.03232817    0.00723009    0.00140945    0.00000000 
max(|Fsp_paral|) :   0.00000000    0.00103483    0.00153018    0.00281722    0.00841300    0.00054234    0.00103430    0.00039360    0.00046407    0.00000000 
max(|Fsp_perp|)  :   0.00000000    0.00000000    0.00000000    0.00000000    0.00000000    0.00000000    0.00000000    0.00000000    0.00000000    0.00000000 
max(|FNEB|)      :   0.00000000    0.00117863    0.00210138    0.00094377    0.00099406    0.00100815    0.00107919    0.00085800    0.00049183    0.00000000 
max(|Force|)     :   0.00161362    0.00074808    0.01076489    0.01259822    0.00099492    0.00784659    0.01891576    0.00383194    0.00060844    0.00144002 
ksp              :   0.01000000    0.01000000    0.07725983    0.10000000    0.10000000    0.08547861    0.03247367    0.01000000    0.01000000 
max(|step|)      :   0.00000000    0.02032746    0.01864269    0.01590678    0.01593976    0.01594925    0.01550330    0.01522425    0.00832019    0.00000000 
angle (deg.)     :    31.7587  92.1440  28.4102  49.0662  26.2695  38.6143  79.5272  22.7075 
>
iteration       : 86
climbing        : yes
zoom on         : no
nim             : 10
barrier         :   0.01553352 (image:  4) 
distance        :   0.00000000    4.62814578    9.49893810   10.16755803   10.76127011   11.16305530   11.61470257   12.77247107   16.42092256   20.17148329 
energy          : -1075.54974314  -1075.55767067  -1075.55567704  -1075.53844949  -1075.53420962  -1075.53671407  -1075.54567238  -1075.57120752  -1075.57931113  -1075.58160718 
max(|Fr_perp|)   :   0.00000000    0.00058726    0.00286905    0.00361976    0.00146939    0.00153781    0.00417140    0.00430654    0.00284449    0.00000000 
Fr_paral         :   0.00000000    0.00177281   -0.01971564   -0.01895197   -0.00015071    0.01454382    0.03203105    0.00754356    0.00141116    0.00000000 
max(|Fsp_paral|) :   0.00000000    0.00083142    0.00078673    0.00442052    0.00917873    0.00079791    0.00015182    0.00129733    0.00044499    0.00000000 
max(|Fsp_perp|)  :   0.00000000    0.00000000    0.00000000    0.00000000    0.00000000    0.00000000    0.00000000    0.00000000    0.00000000    0.00000000 
max(|FNEB|)      :   0.00000000    0.00141892    0.00269744    0.00146389    0.00146961    0.00148350    0.00420644    0.00448036    0.00284025    0.00000000 
max(|Force|)     :   0.00161362    0.00119470    0.01073501    0.01299692    0.00146918    0.00793893    0.01903461    0.00498026    0.00284015    0.00144002 
ksp              :   0.01000000    0.01000000    0.07543448    0.10000000    0.10000000    0.08548937    0.03358563    0.01000000    0.01000000 
max(|step|)      :   0.00000000    0.03528664    0.03303269    0.02693724    0.02678430    0.02677107    0.02606065    0.02683620    0.01463587    0.00000000 
angle (deg.)     :    31.8980  92.2056  30.2381  48.8716  26.9942  39.0075  79.2468  23.3153 
>
iteration       : 87
climbing        : yes
zoom on         : no
nim             : 10
barrier         :   0.01538921 (image:  4) 
distance        :   0.00000000    4.70906062    9.56477934   10.23951740   10.85333298   11.25259416   11.69985746   12.86403544   16.49508501   20.22022491 
energy          : -1075.54974314  -1075.55784417  -1075.55624058  -1075.53898149  -1075.53435392  -1075.53681103  -1075.54555724  -1075.57130173  -1075.57937745  -1075.58160718 
max(|Fr_perp|)   :   0.00000000    0.00081176    0.00386028    0.00354363    0.00151092    0.00157902    0.00561802    0.00670340    0.00415596    0.00000000 
Fr_paral         :   0.00000000    0.00178536   -0.01940703   -0.01993936   -0.00016591    0.01435686    0.03170282    0.00792085    0.00139561    0.00000000 
max(|Fsp_paral|) :   0.00000000    0.00050127    0.00028390    0.00609031    0.01027492    0.00082387    0.00102019    0.00206387    0.00040921    0.00000000 
max(|Fsp_perp|)  :   0.00000000    0.00000000    0.00000000    0.00000000    0.00000000    0.00000000    0.00000000    0.00000000    0.00000000    0.00000000 
max(|FNEB|)      :   0.00000000    0.00131297    0.00374638    0.00279424    0.00151109    0.00152264    0.00562991    0.00696979    0.00415155    0.00000000 
max(|Force|)     :   0.00161362    0.00142199    0.01033165    0.01352341    0.00151075    0.00787951    0.01902453    0.00624499    0.00415109    0.00144002 
ksp              :   0.01000000    0.01000000    0.07293684    0.10000000    0.10000000    0.08563020    0.03448018    0.01000000    0.01000000 
max(|step|)      :   0.00000000    0.07668982    0.06595233    0.05962672    0.05971937    0.05977182    0.05905050    0.05981278    0.03245110    0.00000000 
angle (deg.)     :    32.3481  91.2144  33.7221  49.7290  28.2077  39.3642  78.4086  24.8513 
>
iteration       : 88
climbing        : yes
zoom on         : no
nim             : 10
barrier         :   0.01507180 (image:  4) 
distance        :   0.00000000    4.88314018    9.70207494   10.42082686   11.05753120   11.44969861   11.90288591   13.05355176   16.64901587   20.31926228 
energy          : -1075.54974314  -1075.55821802  -1075.55740730  -1075.53970940  -1075.53467134  -1075.53701148  -1075.54572055  -1075.57149222  -1075.57952776  -1075.58160718 
max(|Fr_perp|)   :   0.00000000    0.00117061    0.01125681    0.00333755    0.00160078    0.00167864    0.01121316    0.00408122    0.00538679    0.00000000 
Fr_paral         :   0.00000000    0.00181927   -0.01680081   -0.02105847   -0.00017528    0.01388536    0.03135283    0.00854554    0.00134854    0.00000000 
max(|Fsp_paral|) :   0.00000000    0.00021815    0.00082350    0.00679550    0.01177725    0.00011583    0.00008852    0.00170604    0.00032334    0.00000000 
max(|Fsp_perp|)  :   0.00000000    0.00000000    0.00000000    0.00000000    0.00000000    0.00000000    0.00000000    0.00000000    0.00000000    0.00000000 
max(|FNEB|)      :   0.00000000    0.00116499    0.01108233    0.00365698    0.00160086    0.00161705    0.01124670    0.00418517    0.00538579    0.00000000 
max(|Force|)     :   0.00161362    0.00178875    0.01208914    0.01400218    0.00160070    0.00757449    0.01912993    0.00500064    0.00538286    0.00144002 
ksp              :   0.01000000    0.01000000    0.06991560    0.10000000    0.10000000    0.08602604    0.03402055    0.01000000    0.01000000 
max(|step|)      :   0.00000000    0.10000000    0.08233683    0.07943370    0.07938251    0.07944694    0.07868749    0.08050459    0.04320078    0.00000000 
angle (deg.)     :    33.1238  89.6212  37.9652  51.1725  29.9140  39.3682  77.2847  27.0560 
>
iteration       : 89
climbing        : yes
zoom on         : no
nim             : 10
barrier         :   0.01467159 (image:  4) 
distance        :   0.00000000    5.10752897    9.88033617   10.66986571   11.32801706   11.71417790   12.17171155   13.30216056   16.85338779   20.45476920 
energy          : -1075.54974314  -1075.55869418  -1075.55877863  -1075.54047499  -1075.53507155  -1075.53730441  -1075.54602442  -1075.57124881  -1075.57974081  -1075.58160718 
max(|Fr_perp|)   :   0.00000000    0.00168708    0.00911000    0.00331448    0.00199324    0.00203957    0.00765298    0.02011409    0.00351490    0.00000000 
Fr_paral         :   0.00000000    0.00162630   -0.01388409   -0.02198428   -0.00017049    0.01338012    0.03138303    0.00949101    0.00124340    0.00000000 
max(|Fsp_paral|) :   0.00000000    0.00113174    0.00192294    0.00664157    0.01318061    0.00042830    0.00131056    0.00083850    0.00021511    0.00000000 
max(|Fsp_perp|)  :   0.00000000    0.00000000    0.00000000    0.00000000    0.00000000    0.00000000    0.00000000    0.00000000    0.00000000    0.00000000 
max(|FNEB|)      :   0.00000000    0.00245610    0.00985004    0.00353451    0.00204904    0.00202724    0.00790690    0.02092258    0.00364317    0.00000000 
max(|Force|)     :   0.00161362    0.00204301    0.00841085    0.01451776    0.00204874    0.00716184    0.01881393    0.02078740    0.00364265    0.00144002 
ksp              :   0.01000000    0.01000000    0.06684155    0.10000000    0.10000000    0.08630711    0.03282913    0.01000000    0.01000000 
max(|step|)      :   0.00000000    0.00153714    0.00616461    0.00221206    0.00128238    0.00126874    0.00494850    0.01309432    0.00228006    0.00000000 
angle (deg.)     :    33.1152  89.4600  37.6589  51.2737  29.8936  39.1504  77.2894  27.0790 
>
iteration       : 90
climbing        : yes
zoom on         : no
nim             : 10
barrier         :   0.01466417 (image:  4) 
distance        :   0.00000000    5.10543352    9.87921028   10.66822772   11.32350202   11.71063179   12.16693425   13.29634756   16.84724788   20.44838675 
energy          : -1075.54974314  -1075.55869616  -1075.55886570  -1075.54041840  -1075.53507896  -1075.53732786  -1075.54606639  -1075.57168348  -1075.57975565  -1075.58160718 
max(|Fr_perp|)   :   0.00000000    0.00054786    0.00298811    0.00337874    0.00072855    0.00071658    0.00177697    0.00234278    0.00049136    0.00000000 
Fr_paral         :   0.00000000    0.00180019   -0.01434291   -0.02185698   -0.00016625    0.01343497    0.03155093    0.00906911    0.00124809    0.00000000 
max(|Fsp_paral|) :   0.00000000    0.00112190    0.00203857    0.00634621    0.01300596    0.00030648    0.00141000    0.00066931    0.00021538    0.00000000 
max(|Fsp_perp|)  :   0.00000000    0.00000000    0.00000000    0.00000000    0.00000000    0.00000000    0.00000000    0.00000000    0.00000000    0.00000000 
max(|FNEB|)      :   0.00000000    0.00156120    0.00312452    0.00316519    0.00072801    0.00079396    0.00101338    0.00235984    0.00048786    0.00000000 
max(|Force|)     :   0.00161362    0.00103695    0.00644918    0.01449144    0.00072909    0.00716812    0.01876374    0.00437780    0.00048897    0.00144002 
ksp              :   0.01000000    0.01000000    0.06722970    0.10000000    0.10000000    0.08619759    0.03256566    0.01000000    0.01000000 
max(|step|)      :   0.00000000    0.00110044    0.00209885    0.00214823    0.00052200    0.00054210    0.00067718    0.00081163    0.00021788    0.00000000 
angle (deg.)     :    33.1203  89.3005  37.3499  51.3774  29.8940  38.9728  77.2940  27.0989 
>
iteration       : 91
climbing        : yes
zoom on         : no
nim             : 10
barrier         :   0.01466121 (image:  4) 
distance        :   0.00000000    5.10320191    9.87848889   10.66654229   11.31902077   11.70704280   12.16203587   13.29051781   16.84105726   20.44197451 
energy          : -1075.54974314  -1075.55869341  -1075.55887260  -1075.54035470  -1075.53508192  -1075.53734385  -1075.54606370  -1075.57168456  -1075.57975673  -1075.58160718 
max(|Fr_perp|)   :   0.00000000    0.00038113    0.00263401    0.00344103    0.00080606    0.00084180    0.00170247    0.00213577    0.00047764    0.00000000 
Fr_paral         :   0.00000000    0.00183813   -0.01458724   -0.02171921   -0.00016097    0.01347591    0.03155351    0.00901331    0.00125660    0.00000000 
max(|Fsp_paral|) :   0.00000000    0.00110943    0.00212101    0.00606186    0.01283165    0.00018784    0.00133158    0.00066709    0.00021595    0.00000000 
max(|Fsp_perp|)  :   0.00000000    0.00000000    0.00000000    0.00000000    0.00000000    0.00000000    0.00000000    0.00000000    0.00000000    0.00000000 
max(|FNEB|)      :   0.00000000    0.00128069    0.00318921    0.00281578    0.00080593    0.00081218    0.00095533    0.00215251    0.00047414    0.00000000 
max(|Force|)     :   0.00161362    0.00097329    0.00637934    0.01445850    0.00080619    0.00717815    0.01869674    0.00441227    0.00051879    0.00144002 
ksp              :   0.01000000    0.01000000    0.06763228    0.10000000    0.10000000    0.08611482    0.03258675    0.01000000    0.01000000 
max(|step|)      :   0.00000000    0.01455091    0.03308828    0.03021386    0.00779795    0.00799676    0.00974756    0.01026132    0.00258102    0.00000000 
angle (deg.)     :    33.2728  86.9782  33.4928  53.0697  29.9860  36.5200  77.3829  27.4105 
>
iteration       : 92
climbing        : yes
zoom on         : no
nim             : 10
barrier         :   0.01462225 (image:  4) 
distance        :   0.00000000    5.06872322    9.87001776   10.64503561   11.25912841   11.65899124   12.09760078   13.21161826   16.75675602   20.35437486 
energy          : -1075.54974314  -1075.55864342  -1075.55847403  -1075.53945432  -1075.53512089  -1075.53755942  -1075.54602198  -1075.57162288  -1075.57976494  -1075.58160718 
max(|Fr_perp|)   :   0.00000000    0.00133438    0.00431636    0.00434901    0.00164363    0.00171749    0.00188823    0.00539008    0.00124990    0.00000000 
Fr_paral         :   0.00000000    0.00199075   -0.01708550   -0.01942767   -0.00008827    0.01402169    0.03144610    0.00792677    0.00127350    0.00000000 
max(|Fsp_paral|) :   0.00000000    0.00091023    0.00341856    0.00223940    0.01042332    0.00134345    0.00034748    0.00062453    0.00022452    0.00000000 
max(|Fsp_perp|)  :   0.00000000    0.00000000    0.00000000    0.00000000    0.00000000    0.00000000    0.00000000    0.00000000    0.00000000    0.00000000 
max(|FNEB|)      :   0.00000000    0.00182450    0.00420447    0.00195813    0.00164376    0.00164486    0.00179186    0.00530738    0.00124954    0.00000000 
max(|Force|)     :   0.00161362    0.00178822    0.01094057    0.01385026    0.00164350    0.00735220    0.01784257    0.00581718    0.00125228    0.00144002 
ksp              :   0.01000000    0.01000000    0.07332770    0.10000000    0.10000000    0.08499085    0.03290374    0.01000000    0.01000000 
max(|step|)      :   0.00000000    0.00932132    0.03306343    0.01153904    0.00855797    0.00869975    0.00852669    0.00913371    0.00272545    0.00000000 
angle (deg.)     :    33.5239  84.6047  30.7911  54.0287  29.7723  35.3546  77.4193  27.6775 
>
iteration       : 93
climbing        : yes
zoom on         : no
nim             : 10
barrier         :   0.01458447 (image:  4) 
distance        :   0.00000000    5.03844394    9.86178385   10.60133052   11.20088246   11.60190866   12.04178758   13.14021207   16.67935456   20.27380305 
energy          : -1075.54974314  -1075.55859665  -1075.55763201  -1075.53911956  -1075.53515866  -1075.53762390  -1075.54616548  -1075.57150516  -1075.57977401  -1075.58160718 
max(|Fr_perp|)   :   0.00000000    0.00169128    0.00789649    0.00451419    0.00173986    0.00188429    0.00336453    0.01131453    0.00224450    0.00000000 
Fr_paral         :   0.00000000    0.00200428   -0.01803863   -0.01832956   -0.00004311    0.01411533    0.03146240    0.00816630    0.00129599    0.00000000 
max(|Fsp_paral|) :   0.00000000    0.00074400    0.00316085    0.00196192    0.00965498    0.00139279    0.00114569    0.00008070    0.00023595    0.00000000 
max(|Fsp_perp|)  :   0.00000000    0.00000000    0.00000000    0.00000000    0.00000000    0.00000000    0.00000000    0.00000000    0.00000000    0.00000000 
max(|FNEB|)      :   0.00000000    0.00226458    0.00737237    0.00240655    0.00173976    0.00186950    0.00341843    0.01132080    0.00224962    0.00000000 
max(|Force|)     :   0.00161362    0.00199838    0.01234026    0.01333495    0.00173997    0.00755954    0.01808394    0.01130744    0.00225344    0.00144002 
ksp              :   0.01000000    0.01000000    0.07555752    0.10000000    0.10000000    0.08478713    0.03207752    0.01000000    0.01000000 
max(|step|)      :   0.00000000    0.00896714    0.02893755    0.00689467    0.00729421    0.00743266    0.00845997    0.00694256    0.00245895    0.00000000 
angle (deg.)     :    33.7949  82.3541  28.7720  54.6071  29.5791  34.6504  77.4737  27.9039 
>
iteration       : 94
climbing        : yes
zoom on         : no
nim             : 10
barrier         :   0.01454449 (image:  4) 
distance        :   0.00000000    5.01205566    9.85568321   10.55965642   11.15233575   11.55162220   11.99549500   13.08296466   16.61607701   20.20763728 
energy          : -1075.54974314  -1075.55855998  -1075.55688328  -1075.53898902  -1075.53519864  -1075.53765365  -1075.54631536  -1075.57160391  -1075.57979031  -1075.58160718 
max(|Fr_perp|)   :   0.00000000    0.00090340    0.00440803    0.00446104    0.00123096    0.00130672    0.00189213    0.00315156    0.00088091    0.00000000 
Fr_paral         :   0.00000000    0.00192327   -0.01873518   -0.01776652   -0.00000936    0.01410333    0.03156625    0.00846006    0.00129189    0.00000000 
max(|Fsp_paral|) :   0.00000000    0.00058928    0.00238926    0.00257089    0.00939985    0.00113399    0.00204398    0.00071475    0.00024907    0.00000000 
max(|Fsp_perp|)  :   0.00000000    0.00000000    0.00000000    0.00000000    0.00000000    0.00000000    0.00000000    0.00000000    0.00000000    0.00000000 
max(|FNEB|)      :   0.00000000    0.00136868    0.00401704    0.00206942    0.00123099    0.00123449    0.00180591    0.00316386    0.00087635    0.00000000 
max(|Force|)     :   0.00161362    0.00136621    0.01212964    0.01294783    0.00123094    0.00767485    0.01841154    0.00488423    0.00087652    0.00144002 
ksp              :   0.01000000    0.01000000    0.07654545    0.10000000    0.10000000    0.08480866    0.03121075    0.01000000    0.01000000 
max(|step|)      :   0.00000000    0.00831426    0.02841535    0.00818528    0.00835945    0.00841001    0.00845166    0.00806503    0.00290890    0.00000000 
angle (deg.)     :    34.1186  79.7414  26.5552  54.6490  29.5315  34.5897  77.5707  28.1110 
>
iteration       : 95
climbing        : yes
zoom on         : no
nim             : 10
barrier         :   0.01450479 (image:  4) 
distance        :   0.00000000    4.98614032    9.85233836   10.50792489   11.10323935   11.49602828   11.94612252   13.03164928   16.55648746   20.14475318 
energy          : -1075.54974314  -1075.55851984  -1075.55602197  -1075.53909242  -1075.53523835  -1075.53761197  -1075.54637633  -1075.57164953  -1075.57980282  -1075.58160718 
max(|Fr_perp|)   :   0.00000000    0.00099204    0.00470861    0.00398283    0.00135646    0.00131980    0.00239964    0.00265715    0.00160799    0.00000000 
Fr_paral         :   0.00000000    0.00177298   -0.01889163   -0.01787243    0.00002147    0.01385000    0.03155400    0.00867874    0.00122393    0.00000000 
max(|Fsp_paral|) :   0.00000000    0.00042371    0.00057353    0.00463979    0.00984522    0.00044601    0.00264539    0.00088630    0.00027012    0.00000000 
max(|Fsp_perp|)  :   0.00000000    0.00000000    0.00000000    0.00000000    0.00000000    0.00000000    0.00000000    0.00000000    0.00000000    0.00000000 
max(|FNEB|)      :   0.00000000    0.00096697    0.00486124    0.00142577    0.00135648    0.00135436    0.00246950    0.00263921    0.00160304    0.00000000 
max(|Force|)     :   0.00161362    0.00147925    0.00993254    0.01257564    0.00135644    0.00754212    0.01884941    0.00526347    0.00160338    0.00144002 
ksp              :   0.01000000    0.01000000    0.07608608    0.10000000    0.10000000    0.08527202    0.03089055    0.01000000    0.01000000 
max(|step|)      :   0.00000000    0.00263442    0.00853259    0.00447121    0.00371314    0.00373433    0.00446407    0.00388238    0.00257606    0.00000000 
angle (deg.)     :    34.2014  78.8879  25.9137  54.5552  29.7641  34.8425  77.6493  28.1669 
>
iteration       : 96
climbing        : yes
zoom on         : no
nim             : 10
barrier         :   0.01448624 (image:  4) 
distance        :   0.00000000    4.97833163    9.85348551   10.49528290   11.09185335   11.48197283   11.93089803   13.02377134   16.54427356   20.13095979 
energy          : -1075.54974314  -1075.55851113  -1075.55581737  -1075.53914357  -1075.53525689  -1075.53759416  -1075.54626919  -1075.57168843  -1075.57980571  -1075.58160718 
max(|Fr_perp|)   :   0.00000000    0.00043935    0.00186265    0.00372458    0.00067985    0.00073545    0.00596415    0.00472119    0.00255876    0.00000000 
Fr_paral         :   0.00000000    0.00183687   -0.01897159   -0.01789373    0.00002858    0.01372070    0.03137899    0.00844798    0.00127174    0.00000000 
max(|Fsp_paral|) :   0.00000000    0.00036513    0.00003343    0.00529621    0.01003510    0.00031672    0.00210130    0.00035804    0.00028169    0.00000000 
max(|Fsp_perp|)  :   0.00000000    0.00000000    0.00000000    0.00000000    0.00000000    0.00000000    0.00000000    0.00000000    0.00000000    0.00000000 
max(|FNEB|)      :   0.00000000    0.00060507    0.00192648    0.00175813    0.00067990    0.00072032    0.00594022    0.00470862    0.00255373    0.00000000 
max(|Force|)     :   0.00161362    0.00104583    0.00884018    0.01235967    0.00067980    0.00734812    0.01873577    0.00474784    0.00255165    0.00144002 
ksp              :   0.01000000    0.01000000    0.07585288    0.10000000    0.10000000    0.08547908    0.03158291    0.01000000    0.01000000 
max(|step|)      :   0.00000000    0.00142522    0.00269265    0.00211988    0.00171580    0.00172450    0.00312751    0.00173666    0.00130289    0.00000000 
angle (deg.)     :    34.2223  78.5952  25.8837  54.6088  29.9814  34.9188  77.6944  28.1969 
>
iteration       : 97
climbing        : yes
zoom on         : no
nim             : 10
barrier         :   0.01447632 (image:  4) 
distance        :   0.00000000    4.97480929    9.85514796   10.49693192   11.09114186   11.48111238   11.92682383   13.02525715   16.54332542   20.12909108 
energy          : -1075.54974314  -1075.55850721  -1075.55579238  -1075.53910903  -1075.53526682  -1075.53760202  -1075.54619524  -1075.57172875  -1075.57981341  -1075.58160718 
max(|Fr_perp|)   :   0.00000000    0.00034034    0.00146224    0.00368680    0.00075134    0.00077798    0.00249955    0.00315148    0.00115356    0.00000000 
Fr_paral         :   0.00000000    0.00186046   -0.01911825   -0.01771050    0.00003139    0.01370207    0.03137819    0.00829820    0.00126874    0.00000000 
max(|Fsp_paral|) :   0.00000000    0.00033445    0.00002162    0.00509335    0.00992314    0.00044483    0.00157580    0.00001683    0.00028813    0.00000000 
max(|Fsp_perp|)  :   0.00000000    0.00000000    0.00000000    0.00000000    0.00000000    0.00000000    0.00000000    0.00000000    0.00000000    0.00000000 
max(|FNEB|)      :   0.00000000    0.00043141    0.00144234    0.00159026    0.00075130    0.00074764    0.00245772    0.00314521    0.00114869    0.00000000 
max(|Force|)     :   0.00161362    0.00099899    0.00873981    0.01221846    0.00075137    0.00724796    0.01852463    0.00452273    0.00114695    0.00144002 
ksp              :   0.01000000    0.01000000    0.07611276    0.10000000    0.10000000    0.08548191    0.03205744    0.01000000    0.01000000 
max(|step|)      :   0.00000000    0.00702640    0.01276832    0.01037006    0.00872494    0.00878061    0.00981325    0.00838008    0.00312466    0.00000000 
angle (deg.)     :    34.3728  76.9521  26.0851  55.1200  30.7951  35.2116  77.8609  28.3964 
>
iteration       : 98
climbing        : yes
zoom on         : no
nim             : 10
barrier         :   0.01443277 (image:  4) 
distance        :   0.00000000    4.95439457    9.86151712   10.50146786   11.08326855   11.47244532   11.90857348   13.02223522   16.52957881   20.11083666 
energy          : -1075.54974314  -1075.55847628  -1075.55544745  -1075.53890350  -1075.53531036  -1075.53763465  -1075.54592669  -1075.57180732  -1075.57982440  -1075.58160718 
max(|Fr_perp|)   :   0.00000000    0.00096325    0.00162191    0.00362870    0.00105283    0.00104560    0.00144050    0.00304566    0.00177333    0.00000000 
Fr_paral         :   0.00000000    0.00190665   -0.01972006   -0.01673542    0.00004601    0.01362451    0.03111014    0.00791623    0.00126096    0.00000000 
max(|Fsp_paral|) :   0.00000000    0.00016791    0.00029223    0.00405497    0.00933381    0.00080450    0.00019142    0.00135339    0.00031434    0.00000000 
max(|Fsp_perp|)  :   0.00000000    0.00000000    0.00000000    0.00000000    0.00000000    0.00000000    0.00000000    0.00000000    0.00000000    0.00000000 
max(|FNEB|)      :   0.00000000    0.00084838    0.00150890    0.00095545    0.00105293    0.00108020    0.00147571    0.00304832    0.00177455    0.00000000 
max(|Force|)     :   0.00161362    0.00147354    0.00890709    0.01159014    0.00105274    0.00703854    0.01795365    0.00412344    0.00177780    0.00144002 
ksp              :   0.01000000    0.01000000    0.07759389    0.10000000    0.10000000    0.08550619    0.03379862    0.01000000    0.01000000 
max(|step|)      :   0.00000000    0.00640423    0.01080774    0.00826267    0.00821786    0.00825509    0.00845741    0.00819648    0.00297868    0.00000000 
angle (deg.)     :    34.5147  75.5334  26.6333  55.6401  31.2789  35.6188  77.9131  28.6143 
>
iteration       : 99
climbing        : yes
zoom on         : no
nim             : 10
barrier         :   0.01439034 (image:  4) 
distance        :   0.00000000    4.93650832    9.86856413   10.50612257   11.07860516   11.46623580   11.90089517   13.01754447   16.51614337   20.09312191 
energy          : -1075.54974314  -1075.55845006  -1075.55509651  -1075.53875774  -1075.53535280  -1075.53765609  -1075.54585254  -1075.57184519  -1075.57983806  -1075.58160718 
max(|Fr_perp|)   :   0.00000000    0.00102139    0.00198036    0.00365364    0.00120508    0.00119465    0.00560816    0.00176512    0.00254382    0.00000000 
Fr_paral         :   0.00000000    0.00191572   -0.02036231   -0.01597456    0.00005561    0.01353269    0.03096026    0.00815410    0.00126333    0.00000000 
max(|Fsp_paral|) :   0.00000000    0.00001586    0.00043682    0.00332176    0.00892999    0.00076871    0.00062453    0.00178198    0.00033291    0.00000000 
max(|Fsp_perp|)  :   0.00000000    0.00000000    0.00000000    0.00000000    0.00000000    0.00000000    0.00000000    0.00000000    0.00000000    0.00000000 
max(|FNEB|)      :   0.00000000    0.00100662    0.00185261    0.00105967    0.00120519    0.00122941    0.00562979    0.00194145    0.00254522    0.00000000 
max(|Force|)     :   0.00161362    0.00152786    0.00945172    0.01115982    0.00120497    0.00704080    0.01784047    0.00419210    0.00254836    0.00144002 
ksp              :   0.01000000    0.01000000    0.07870481    0.10000000    0.10000000    0.08559477    0.03433253    0.01000000    0.01000000 
max(|step|)      :   0.00000000    0.01863468    0.02742121    0.02462128    0.02466137    0.02467927    0.02470859    0.02447925    0.00912777    0.00000000 
angle (deg.)     :    34.9227  71.9024  29.6874  57.2812  32.4582  36.9045  77.9602  29.3289 
>
iteration       : 100
climbing        : yes
zoom on         : no
nim             : 10
barrier         :   0.01426201 (image:  4) 
distance        :   0.00000000    4.88693492    9.89525544   10.53198363   11.08077928   11.46451973   11.90156244   13.01467348   16.48918909   20.05315902 
energy          : -1075.54974314  -1075.55837844  -1075.55404921  -1075.53840910  -1075.53548113  -1075.53772717  -1075.54589284  -1075.57184596  -1075.57988422  -1075.58160718 
max(|Fr_perp|)   :   0.00000000    0.00074684    0.00327634    0.00387544    0.00098107    0.00097821    0.00206748    0.00589431    0.00151257    0.00000000 
Fr_paral         :   0.00000000    0.00186144   -0.02188549   -0.01395020    0.00007442    0.01327738    0.03096719    0.00887925    0.00124699    0.00000000 
max(|Fsp_paral|) :   0.00000000    0.00043526    0.00095745    0.00133988    0.00787924    0.00042219    0.00037129    0.00186457    0.00037846    0.00000000 
max(|Fsp_perp|)  :   0.00000000    0.00000000    0.00000000    0.00000000    0.00000000    0.00000000    0.00000000    0.00000000    0.00000000    0.00000000 
max(|FNEB|)      :   0.00000000    0.00105320    0.00310429    0.00259061    0.00098117    0.00096941    0.00215963    0.00590996    0.00151565    0.00000000 
max(|Force|)     :   0.00161362    0.00122181    0.01207297    0.01016570    0.00098096    0.00713265    0.01780216    0.00587556    0.00151482    0.00144002 
ksp              :   0.01000000    0.01000000    0.08152308    0.10000000    0.10000000    0.08582640    0.03429717    0.01000000    0.01000000 
max(|step|)      :   0.00000000    0.01470532    0.01571490    0.02267632    0.02234590    0.02237403    0.02255952    0.02269550    0.00827924    0.00000000 
angle (deg.)     :    35.2060  69.7174  32.2102  58.3221  33.1043  37.6145  77.8550  30.0464 
>
iteration       : 101
climbing        : yes
zoom on         : no
nim             : 10
barrier         :   0.01414751 (image:  4) 
distance        :   0.00000000    4.85178545    9.93171739   10.56379089   11.10272028   11.48553953   11.92876151   13.02547488   16.48065916   20.03213868 
energy          : -1075.54974314  -1075.55833010  -1075.55332018  -1075.53831361  -1075.53559563  -1075.53781924  -1075.54605312  -1075.57182328  -1075.57992414  -1075.58160718 
max(|Fr_perp|)   :   0.00000000    0.00047545    0.00341747    0.00420710    0.00107673    0.00110323    0.00945068    0.00300156    0.00097743    0.00000000 
Fr_paral         :   0.00000000    0.00185656   -0.02311598   -0.01295689    0.00007334    0.01315632    0.03087654    0.00966368    0.00126601    0.00000000 
max(|Fsp_paral|) :   0.00000000    0.00082089    0.00077692    0.00070578    0.00737399    0.00011122    0.00074958    0.00118535    0.00040552    0.00000000 
max(|Fsp_perp|)  :   0.00000000    0.00000000    0.00000000    0.00000000    0.00000000    0.00000000    0.00000000    0.00000000    0.00000000    0.00000000 
max(|FNEB|)      :   0.00000000    0.00103627    0.00328650    0.00339113    0.00107659    0.00107165    0.00951548    0.00319949    0.00097128    0.00000000 
max(|Force|)     :   0.00161362    0.00088954    0.01345710    0.00987133    0.00107687    0.00722077    0.01801283    0.00492886    0.00097280    0.00144002 
ksp              :   0.01000000    0.01000000    0.08270947    0.10000000    0.10000000    0.08585437    0.03347421    0.01000000    0.01000000 
max(|step|)      :   0.00000000    0.01166396    0.01889264    0.02190448    0.02145354    0.02142326    0.02141396    0.02183286    0.00820879    0.00000000 
angle (deg.)     :    35.3647  68.8203  33.4971  58.7907  33.3353  37.7855  77.5926  30.7938 
>
iteration       : 102
climbing        : yes
zoom on         : no
nim             : 10
barrier         :   0.01404148 (image:  4) 
distance        :   0.00000000    4.83010400    9.98060129   10.60540902   11.14411415   11.52891551   11.98061536   13.04963435   16.48854941   20.02719915 
energy          : -1075.54974314  -1075.55830342  -1075.55303489  -1075.53839133  -1075.53570166  -1075.53793205  -1075.54643205  -1075.57169166  -1075.57996209  -1075.58160718 
max(|Fr_perp|)   :   0.00000000    0.00108583    0.00288343    0.00469699    0.00139482    0.00149976    0.00682975    0.00714559    0.00086470    0.00000000 
Fr_paral         :   0.00000000    0.00183606   -0.02453325   -0.01272004    0.00004941    0.01314102    0.03125417    0.01017476    0.00126943    0.00000000 
max(|Fsp_paral|) :   0.00000000    0.00115551    0.00010504    0.00092580    0.00721724    0.00011200    0.00298785    0.00055690    0.00041796    0.00000000 
max(|Fsp_perp|)  :   0.00000000    0.00000000    0.00000000    0.00000000    0.00000000    0.00000000    0.00000000    0.00000000    0.00000000    0.00000000 
max(|FNEB|)      :   0.00000000    0.00186842    0.00296963    0.00365849    0.00139465    0.00141972    0.00695339    0.00713121    0.00085785    0.00000000 
max(|Force|)     :   0.00161362    0.00153650    0.01511545    0.01014588    0.00139500    0.00735916    0.01842609    0.00707130    0.00085935    0.00144002 
ksp              :   0.01000000    0.01000000    0.08276033    0.10000000    0.10000000    0.08570413    0.03122270    0.01000000    0.01000000 
max(|step|)      :   0.00000000    0.02453510    0.05548310    0.05352022    0.05286902    0.05275449    0.05270434    0.05277845    0.02056593    0.00000000 
angle (deg.)     :    35.6591  68.8610  35.0969  59.2028  33.7607  36.4883  77.1517  32.6808 
>
iteration       : 103
climbing        : yes
zoom on         : no
nim             : 10
barrier         :   0.01378672 (image:  4) 
distance        :   0.00000000    4.79600386   10.12194937   10.73094046   11.28171225   11.67692163   12.13354618   13.14573838   16.54726102   20.05385477 
energy          : -1075.54974314  -1075.55826775  -1075.55278367  -1075.53878246  -1075.53595641  -1075.53826953  -1075.54701699  -1075.57143372  -1075.58000657  -1075.58160718 
max(|Fr_perp|)   :   0.00000000    0.00177842    0.00646227    0.00581821    0.00172275    0.00174728    0.00572580    0.01063566    0.00770770    0.00000000 
Fr_paral         :   0.00000000    0.00180678   -0.02586032   -0.01308033   -0.00002380    0.01333470    0.03145988    0.01017786    0.00126008    0.00000000 
max(|Fsp_paral|) :   0.00000000    0.00192058    0.00171845    0.00226450    0.00724761    0.00035959    0.00594536    0.00320140    0.00043499    0.00000000 
max(|Fsp_perp|)  :   0.00000000    0.00000000    0.00000000    0.00000000    0.00000000    0.00000000    0.00000000    0.00000000    0.00000000    0.00000000 
max(|FNEB|)      :   0.00000000    0.00240425    0.00811811    0.00343477    0.00172271    0.00178014    0.00591630    0.01053146    0.00770364    0.00000000 
max(|Force|)     :   0.00161362    0.00196200    0.01882268    0.01129024    0.00172279    0.00764055    0.01907858    0.01046324    0.00770105    0.00144002 
ksp              :   0.01000000    0.01000000    0.08155148    0.10000000    0.10000000    0.08489989    0.02779634    0.01000000    0.01000000 
max(|step|)      :   0.00000000    0.02111034    0.06471635    0.05756799    0.05652801    0.05639041    0.05573534    0.05706710    0.02198947    0.00000000 
angle (deg.)     :    35.9405  71.1137  36.2167  59.3158  34.2589  33.9765  77.0164  34.7047 
>
iteration       : 104
climbing        : yes
zoom on         : no
nim             : 10
barrier         :   0.01351643 (image:  4) 
distance        :   0.00000000    4.77967969   10.28614142   10.89350984   11.46631931   11.87226280   12.32247342   13.29503360   16.65919611   20.13204482 
energy          : -1075.54974314  -1075.55826766  -1075.55303483  -1075.53938122  -1075.53622670  -1075.53861886  -1075.54714172  -1075.57124565  -1075.58012463  -1075.58160718 
max(|Fr_perp|)   :   0.00000000    0.00200637    0.00914478    0.00646983    0.00225434    0.00238707    0.01646198    0.01182313    0.00489471    0.00000000 
Fr_paral         :   0.00000000    0.00187156   -0.02482378   -0.01424690   -0.00011278    0.01351186    0.03078223    0.00978383    0.00119827    0.00000000 
max(|Fsp_paral|) :   0.00000000    0.00264602    0.00317323    0.00391169    0.00782591    0.00130132    0.00625863    0.00374244    0.00044362    0.00000000 
max(|Fsp_perp|)  :   0.00000000    0.00000000    0.00000000    0.00000000    0.00000000    0.00000000    0.00000000    0.00000000    0.00000000    0.00000000 
max(|FNEB|)      :   0.00000000    0.00377556    0.01220325    0.00239019    0.00225448    0.00229875    0.01664028    0.01171943    0.00489544    0.00000000 
max(|Force|)     :   0.00161362    0.00246317    0.02004374    0.01246122    0.00225420    0.00777445    0.01938491    0.01168467    0.00489721    0.00144002 
ksp              :   0.01000000    0.01000000    0.07899547    0.10000000    0.10000000    0.08407164    0.02732167    0.01000000    0.01000000 
max(|step|)      :   0.00000000    0.01312144    0.04108491    0.01974327    0.01818785    0.01804324    0.01755102    0.01801340    0.00810812    0.00000000 
angle (deg.)     :    35.8106  75.5679  35.6758  58.5898  34.3792  32.1486  76.9844  35.3296 
>
iteration       : 105
climbing        : yes
zoom on         : no
nim             : 10
barrier         :   0.01342000 (image:  4) 
distance        :   0.00000000    4.80794645   10.36950917   11.00031658   11.59669375   12.00855768   12.44657250   13.41778507   16.76970787   20.22961579 
energy          : -1075.54974314  -1075.55834435  -1075.55445150  -1075.53993840  -1075.53632314  -1075.53876356  -1075.54710488  -1075.57134022  -1075.58018911  -1075.58160718 
max(|Fr_perp|)   :   0.00000000    0.00088784    0.00957869    0.00639853    0.00102658    0.00116132    0.01102821    0.00454706    0.00049582    0.00000000 
Fr_paral         :   0.00000000    0.00190980   -0.02322881   -0.01598794   -0.00017936    0.01365065    0.03087661    0.00885746    0.00122160    0.00000000 
max(|Fsp_paral|) :   0.00000000    0.00274837    0.00335259    0.00515971    0.00877783    0.00216339    0.00537278    0.00341886    0.00043918    0.00000000 
max(|Fsp_perp|)  :   0.00000000    0.00000000    0.00000000    0.00000000    0.00000000    0.00000000    0.00000000    0.00000000    0.00000000    0.00000000 
max(|FNEB|)      :   0.00000000    0.00288312    0.01274949    0.00220949    0.00102656    0.00162854    0.01112310    0.00516008    0.00051091    0.00000000 
max(|Force|)     :   0.00161362    0.00136169    0.01912051    0.01335929    0.00102660    0.00764657    0.01904109    0.00631890    0.00055325    0.00144002 
ksp              :   0.01000000    0.01000000    0.07575459    0.10000000    0.10000000    0.08363353    0.02769323    0.01000000    0.01000000 
max(|step|)      :   0.00000000    0.03615465    0.08272114    0.04661936    0.02419516    0.02390152    0.02934071    0.02374734    0.01259583    0.00000000 
angle (deg.)     :    35.3687  85.7121  36.5059  57.5808  35.2799  29.0834  77.1173  35.9702 
>
iteration       : 106
climbing        : yes
zoom on         : no
nim             : 10
barrier         :   0.01332078 (image:  4) 
distance        :   0.00000000    4.90616437   10.52249897   11.27345251   11.91925022   12.33365888   12.73701788   13.75178167   17.08191780   20.52137528 
energy          : -1075.54974314  -1075.55853857  -1075.55825969  -1075.54112312  -1075.53642235  -1075.53883176  -1075.54625242  -1075.57150083  -1075.58023001  -1075.58160718 
max(|Fr_perp|)   :   0.00000000    0.00151265    0.00778415    0.00509342    0.00191576    0.00202744    0.00224002    0.00790688    0.00280658    0.00000000 
Fr_paral         :   0.00000000    0.00196633   -0.01415119   -0.01966710   -0.00030549    0.01351451    0.02975632    0.00648849    0.00117174    0.00000000 
max(|Fsp_paral|) :   0.00000000    0.00252931    0.00187199    0.00629836    0.01129241    0.00366978    0.00016937    0.00038491    0.00044386    0.00000000 
max(|Fsp_perp|)  :   0.00000000    0.00000000    0.00000000    0.00000000    0.00000000    0.00000000    0.00000000    0.00000000    0.00000000    0.00000000 
max(|FNEB|)      :   0.00000000    0.00330555    0.00832734    0.00285381    0.00191582    0.00316173    0.00224059    0.00790785    0.00280585    0.00000000 
max(|Force|)     :   0.00161362    0.00173788    0.00947212    0.01438272    0.00191571    0.00721092    0.01742839    0.00794791    0.00280756    0.00144002 
ksp              :   0.01000000    0.01000000    0.06823994    0.10000000    0.10000000    0.08372115    0.03358451    0.01000000    0.01000000 
max(|step|)      :   0.00000000    0.03535538    0.09081093    0.04590621    0.04476875    0.04452295    0.04411406    0.04508728    0.02024269    0.00000000 
angle (deg.)     :    35.3673  92.0897  40.3320  57.9692  36.5237  27.7230  77.0715  37.4240 
>
iteration       : 107
climbing        : yes
zoom on         : no
nim             : 10
barrier         :   0.01312547 (image:  4) 
distance        :   0.00000000    4.98249205   10.71708295   11.61770876   12.29931659   12.70971541   13.10174746   14.12975326   17.42672573   20.83594031 
energy          : -1075.54974314  -1075.55868783  -1075.56051040  -1075.54214497  -1075.53661767  -1075.53889456  -1075.54583807  -1075.57153210  -1075.58027874  -1075.58160718 
max(|Fr_perp|)   :   0.00000000    0.00205433    0.00571616    0.00432945    0.00196317    0.00251825    0.00847587    0.01445075    0.00562018    0.00000000 
Fr_paral         :   0.00000000    0.00195177   -0.00472962   -0.02180155   -0.00041468    0.01299794    0.02857266    0.00648760    0.00115891    0.00000000 
max(|Fsp_paral|) :   0.00000000    0.00267770    0.00053801    0.00599677    0.01331233    0.00378980    0.00256415    0.00233483    0.00045184    0.00000000 
max(|Fsp_perp|)  :   0.00000000    0.00000000    0.00000000    0.00000000    0.00000000    0.00000000    0.00000000    0.00000000    0.00000000    0.00000000 
max(|FNEB|)      :   0.00000000    0.00341961    0.00582851    0.00261693    0.00196366    0.00334218    0.00844246    0.01444573    0.00560380    0.00000000 
max(|Force|)     :   0.00161362    0.00217037    0.00630802    0.01501767    0.00196267    0.00711709    0.01670215    0.01446814    0.00560500    0.00144002 
ksp              :   0.01000000    0.01000000    0.06209985    0.10000000    0.10000000    0.08438761    0.03677663    0.01000000    0.01000000 
max(|step|)      :   0.00000000    0.03500508    0.10000000    0.05659331    0.05511052    0.05483630    0.05433755    0.05560696    0.02408229    0.00000000 
angle (deg.)     :    35.5921  97.1744  44.4624  58.4821  37.9448  26.8154  77.0359  39.3727 
>
iteration       : 108
climbing        : yes
zoom on         : no
nim             : 10
barrier         :   0.01289443 (image:  4) 
distance        :   0.00000000    5.05001364   10.94885021   12.01346276   12.73164217   13.14073330   13.52412621   14.55383785   17.81490560   21.18975119 
energy          : -1075.54974314  -1075.55880782  -1075.56113968  -1075.54330713  -1075.53684871  -1075.53901817  -1075.54556184  -1075.57150079  -1075.58033049  -1075.58160718 
max(|Fr_perp|)   :   0.00000000    0.00244301    0.01428764    0.00388049    0.00224837    0.00306282    0.01306362    0.01680919    0.00837389    0.00000000 
Fr_paral         :   0.00000000    0.00188599    0.00354879   -0.02362794   -0.00053394    0.01253657    0.02734194    0.00667964    0.00111527    0.00000000 
max(|Fsp_paral|) :   0.00000000    0.00303930    0.00020625    0.00670333    0.01514871    0.00394295    0.00425912    0.00367407    0.00045202    0.00000000 
max(|Fsp_perp|)  :   0.00000000    0.00000000    0.00000000    0.00000000    0.00000000    0.00000000    0.00000000    0.00000000    0.00000000    0.00000000 
max(|FNEB|)      :   0.00000000    0.00394182    0.01424717    0.00325533    0.00227908    0.00349478    0.01330484    0.01728712    0.00861381    0.00000000 
max(|Force|)     :   0.00161362    0.00256110    0.01536280    0.01574691    0.00227622    0.00702435    0.01673106    0.01729801    0.00861593    0.00144002 
ksp              :   0.01000000    0.01000000    0.05491774    0.10000000    0.10000000    0.08485319    0.03927023    0.01000000    0.01000000 
max(|step|)      :   0.00000000    0.00366860    0.01325965    0.00302969    0.00212111    0.00325254    0.01238264    0.01608889    0.00801676    0.00000000 
angle (deg.)     :    35.5998  96.8992  44.9186  58.7806  37.5137  27.0297  76.7687  39.3968 
>
iteration       : 109
climbing        : yes
zoom on         : no
nim             : 10
barrier         :   0.01287179 (image:  4) 
distance        :   0.00000000    5.05791094   10.94615578   12.01128342   12.72661999   13.12993089   13.52794924   14.54232423   17.80339499   21.17742701 
energy          : -1075.54974314  -1075.55883908  -1075.56185139  -1075.54327143  -1075.53687135  -1075.53898077  -1075.54592552  -1075.57172803  -1075.58038443  -1075.58160718 
max(|Fr_perp|)   :   0.00000000    0.00181465    0.00857337    0.00402137    0.00165114    0.00167510    0.00808565    0.00853008    0.00559662    0.00000000 
Fr_paral         :   0.00000000    0.00187527    0.00040185   -0.02352445   -0.00051988    0.01235103    0.02834006    0.00876208    0.00106401    0.00000000 
max(|Fsp_paral|) :   0.00000000    0.00297495    0.00001309    0.00634985    0.01524788    0.00301531    0.00178384    0.00218473    0.00044853    0.00000000 
max(|Fsp_perp|)  :   0.00000000    0.00000000    0.00000000    0.00000000    0.00000000    0.00000000    0.00000000    0.00000000    0.00000000    0.00000000 
max(|FNEB|)      :   0.00000000    0.00384360    0.00855826    0.00273705    0.00164865    0.00241287    0.00801481    0.00858938    0.00559143    0.00000000 
max(|Force|)     :   0.00161362    0.00192133    0.00867124    0.01579727    0.00165364    0.00671412    0.01664325    0.00840016    0.00559338    0.00144002 
ksp              :   0.01000000    0.01000000    0.05525039    0.10000000    0.10000000    0.08525087    0.03669292    0.01000000    0.01000000 
max(|step|)      :   0.00000000    0.00342231    0.00909081    0.00261292    0.00153448    0.00244488    0.00501308    0.00357385    0.00190590    0.00000000 
angle (deg.)     :    35.6038  96.7246  45.2140  59.0221  37.3036  27.2871  76.6054  39.4163 
>
iteration       : 110
climbing        : yes
zoom on         : no
nim             : 10
barrier         :   0.01286312 (image:  4) 
distance        :   0.00000000    5.06552119   10.94553250   12.01176187   12.72468047   13.12355447   13.53155385   14.53610724   17.79718123   21.17042114 
energy          : -1075.54974314  -1075.55886128  -1075.56216737  -1075.54322442  -1075.53688002  -1075.53893984  -1075.54613203  -1075.57177015  -1075.58040718  -1075.58160718 
max(|Fr_perp|)   :   0.00000000    0.00142015    0.00480540    0.00414182    0.00119605    0.00119956    0.00416299    0.00610270    0.00288491    0.00000000 
Fr_paral         :   0.00000000    0.00182712   -0.00136446   -0.02341405   -0.00050526    0.01218582    0.02885429    0.00966963    0.00110398    0.00000000 
max(|Fsp_paral|) :   0.00000000    0.00291930    0.00018963    0.00598880    0.01530894    0.00233500    0.00027521    0.00134640    0.00044535    0.00000000 
max(|Fsp_perp|)  :   0.00000000    0.00000000    0.00000000    0.00000000    0.00000000    0.00000000    0.00000000    0.00000000    0.00000000    0.00000000 
max(|FNEB|)      :   0.00000000    0.00366482    0.00491065    0.00223433    0.00119385    0.00162624    0.00412376    0.00613243    0.00288123    0.00000000 
max(|Force|)     :   0.00161362    0.00152474    0.00448745    0.01582793    0.00119826    0.00652884    0.01680907    0.00625465    0.00288298    0.00144002 
ksp              :   0.01000000    0.01000000    0.05560981    0.10000000    0.10000000    0.08558795    0.03526597    0.01000000    0.01000000 
max(|step|)      :   0.00000000    0.01587857    0.02360275    0.00996785    0.00512146    0.00750200    0.01454464    0.01109053    0.00230431    0.00000000 
angle (deg.)     :    35.6394  96.3858  45.8487  59.8730  37.1788  28.7561  76.1389  39.4973 
>
iteration       : 111
climbing        : yes
zoom on         : no
nim             : 10
barrier         :   0.01285101 (image:  4) 
distance        :   0.00000000    5.10163361   10.95141063   12.02578675   12.72999133   13.11457238   13.54852742   14.53099291   17.79119589   21.16079436 
energy          : -1075.54974314  -1075.55894364  -1075.56264084  -1075.54300165  -1075.53689212  -1075.53879966  -1075.54653295  -1075.57175474  -1075.58041924  -1075.58160718 
max(|Fr_perp|)   :   0.00000000    0.00133301    0.00460046    0.00462190    0.00117789    0.00116634    0.00356857    0.00295733    0.00147745    0.00000000 
Fr_paral         :   0.00000000    0.00169414   -0.00499513   -0.02286102   -0.00043564    0.01164573    0.02970706    0.01196261    0.00110776    0.00000000 
max(|Fsp_paral|) :   0.00000000    0.00268580    0.00114576    0.00441620    0.01544357    0.00040073    0.00310259    0.00034064    0.00043450    0.00000000 
max(|Fsp_perp|)  :   0.00000000    0.00000000    0.00000000    0.00000000    0.00000000    0.00000000    0.00000000    0.00000000    0.00000000    0.00000000 
max(|FNEB|)      :   0.00000000    0.00278372    0.00406334    0.00096262    0.00117589    0.00121090    0.00353785    0.00297129    0.00147608    0.00000000 
max(|Force|)     :   0.00161362    0.00127278    0.00547629    0.01589931    0.00117989    0.00647625    0.01773614    0.00627740    0.00147778    0.00144002 
ksp              :   0.01000000    0.01000000    0.05721288    0.10000000    0.10000000    0.08664087    0.03248199    0.01000000    0.01000000 
max(|step|)      :   0.00000000    0.01358670    0.01211039    0.00573691    0.00386802    0.00407634    0.00984934    0.00596417    0.00496399    0.00000000 
angle (deg.)     :    35.7112  96.5383  45.9346  60.2961  37.5705  30.0881  75.9608  39.5763 
>
iteration       : 112
climbing        : yes
zoom on         : no
nim             : 10
barrier         :   0.01284003 (image:  4) 
distance        :   0.00000000    5.13738000   10.96552760   12.04680281   12.74707344   13.12490125   13.56528863   14.54456310   17.80347476   21.16933277 
energy          : -1075.54974314  -1075.55902471  -1075.56280265  -1075.54286517  -1075.53690310  -1075.53875303  -1075.54650769  -1075.57170087  -1075.58038761  -1075.58160718 
max(|Fr_perp|)   :   0.00000000    0.00165498    0.00661384    0.00490591    0.00129100    0.00132014    0.01216120    0.00426797    0.00670502    0.00000000 
Fr_paral         :   0.00000000    0.00172542   -0.00540661   -0.02246249   -0.00036015    0.01142145    0.02952786    0.01260768    0.00115390    0.00000000 
max(|Fsp_paral|) :   0.00000000    0.00248084    0.00182065    0.00347104    0.01550208    0.00025305    0.00346708    0.00029721    0.00042459    0.00000000 
max(|Fsp_perp|)  :   0.00000000    0.00000000    0.00000000    0.00000000    0.00000000    0.00000000    0.00000000    0.00000000    0.00000000    0.00000000 
max(|FNEB|)      :   0.00000000    0.00311710    0.00577082    0.00175164    0.00129025    0.00132657    0.01233574    0.00429453    0.00670297    0.00000000 
max(|Force|)     :   0.00161362    0.00176245    0.00757042    0.01590888    0.00129175    0.00641154    0.01778678    0.00569793    0.00670103    0.00144002 
ksp              :   0.01000000    0.01000000    0.05820993    0.10000000    0.10000000    0.08703327    0.03267828    0.01000000    0.01000000 
max(|step|)      :   0.00000000    0.00898367    0.00701127    0.00215346    0.00243196    0.00256478    0.00563130    0.00266822    0.00166824    0.00000000 
angle (deg.)     :    35.7611  96.8055  45.8984  60.4253  37.8636  30.7313  75.8951  39.6304 
>
iteration       : 113
climbing        : yes
zoom on         : no
nim             : 10
barrier         :   0.01282950 (image:  4) 
distance        :   0.00000000    5.16099858   10.97811964   12.06302500   12.76247176   13.13813720   13.57774169   14.55842368   17.81650879   21.17987433 
energy          : -1075.54974314  -1075.55908020  -1075.56294367  -1075.54282102  -1075.53691363  -1075.53875384  -1075.54652392  -1075.57170001  -1075.58041630  -1075.58160718 
max(|Fr_perp|)   :   0.00000000    0.00157262    0.00623336    0.00500391    0.00105837    0.00112197    0.00727892    0.00317427    0.00432900    0.00000000 
Fr_paral         :   0.00000000    0.00173714   -0.00548876   -0.02229918   -0.00030889    0.01137429    0.02977565    0.01298011    0.00115156    0.00000000 
max(|Fsp_paral|) :   0.00000000    0.00235705    0.00210593    0.00313309    0.01553566    0.00033287    0.00347886    0.00032025    0.00041796    0.00000000 
max(|Fsp_perp|)  :   0.00000000    0.00000000    0.00000000    0.00000000    0.00000000    0.00000000    0.00000000    0.00000000    0.00000000    0.00000000 
max(|FNEB|)      :   0.00000000    0.00279990    0.00525623    0.00169551    0.00105780    0.00141483    0.00741386    0.00320083    0.00432732    0.00000000 
max(|Force|)     :   0.00161362    0.00153750    0.00721403    0.01589741    0.00105895    0.00638799    0.01772083    0.00604381    0.00432537    0.00144002 
ksp              :   0.01000000    0.01000000    0.05855920    0.10000000    0.10000000    0.08709082    0.03258308    0.01000000    0.01000000 
max(|step|)      :   0.00000000    0.05182939    0.04133646    0.01019367    0.01431505    0.01502730    0.03126863    0.01224674    0.00967188    0.00000000 
angle (deg.)     :    36.1029  98.9399  46.2904  60.7664  39.9905  34.8327  75.8087  39.9698 
>
iteration       : 114
climbing        : yes
zoom on         : no
nim             : 10
barrier         :   0.01277993 (image:  4) 
distance        :   0.00000000    5.29709702   11.06296943   12.17175507   12.87331117   13.24318047   13.66539102   14.66679963   17.92062325   21.26951049 
energy          : -1075.54974314  -1075.55938310  -1075.56331472  -1075.54268852  -1075.53696321  -1075.53882172  -1075.54604155  -1075.57161245  -1075.58045316  -1075.58160718 
max(|Fr_perp|)   :   0.00000000    0.00107880    0.00459473    0.00529901    0.00102742    0.00113504    0.00477435    0.00274664    0.00305890    0.00000000 
Fr_paral         :   0.00000000    0.00183652   -0.00443442   -0.02166227   -0.00002102    0.01137617    0.02910392    0.01379694    0.00107194    0.00000000 
max(|Fsp_paral|) :   0.00000000    0.00168663    0.00349986    0.00192858    0.01580415    0.00013424    0.00031960    0.00190349    0.00037721    0.00000000 
max(|Fsp_perp|)  :   0.00000000    0.00000000    0.00000000    0.00000000    0.00000000    0.00000000    0.00000000    0.00000000    0.00000000    0.00000000 
max(|FNEB|)      :   0.00000000    0.00228079    0.00458973    0.00346264    0.00102742    0.00106073    0.00473795    0.00305372    0.00305943    0.00000000 
max(|Force|)     :   0.00161362    0.00152981    0.00495980    0.01578905    0.00102742    0.00636738    0.01700959    0.00717300    0.00306137    0.00144002 
ksp              :   0.01000000    0.01000000    0.05968064    0.10000000    0.10000000    0.08691178    0.03606763    0.01000000    0.01000000 
max(|step|)      :   0.00000000    0.03061820    0.02776292    0.00680493    0.00866899    0.00900237    0.00973477    0.01052038    0.00602296    0.00000000 
angle (deg.)     :    36.3481  100.6892  47.2062  60.6887  40.6778  36.2446  75.6926  40.2477 
>
iteration       : 115
climbing        : yes
zoom on         : no
nim             : 10
barrier         :   0.01274784 (image:  4) 
distance        :   0.00000000    5.37540563   11.12297213   12.23635855   12.94622961   13.31603894   13.73407247   14.73003619   17.98406559   21.32419928 
energy          : -1075.54974314  -1075.55955261  -1075.56338353  -1075.54282802  -1075.53699529  -1075.53889662  -1075.54594708  -1075.57148413  -1075.58046603  -1075.58160718 
max(|Fr_perp|)   :   0.00000000    0.00099929    0.00459189    0.00512057    0.00114552    0.00121610    0.00982788    0.00665977    0.00361325    0.00000000 
Fr_paral         :   0.00000000    0.00194784   -0.00402165   -0.02190838    0.00012528    0.01151510    0.02870634    0.01399210    0.00106826    0.00000000 
max(|Fsp_paral|) :   0.00000000    0.00134070    0.00339114    0.00267204    0.01619177    0.00036282    0.00025488    0.00220426    0.00034107    0.00000000 
max(|Fsp_perp|)  :   0.00000000    0.00000000    0.00000000    0.00000000    0.00000000    0.00000000    0.00000000    0.00000000    0.00000000    0.00000000 
max(|FNEB|)      :   0.00000000    0.00204244    0.00434849    0.00280064    0.00114535    0.00116361    0.00978949    0.00668468    0.00361445    0.00000000 
max(|Force|)     :   0.00161362    0.00140440    0.00472471    0.01577040    0.00114568    0.00651117    0.01699069    0.00743977    0.00361674    0.00144002 
ksp              :   0.01000000    0.01000000    0.05882082    0.10000000    0.10000000    0.08657657    0.03680024    0.01000000    0.01000000 
max(|step|)      :   0.00000000    0.08448909    0.07578813    0.01916825    0.02348908    0.02427810    0.02553380    0.03216977    0.01663625    0.00000000 
angle (deg.)     :    37.0969  105.9869  51.1005  60.3288  41.4954  37.7926  75.3196  41.1204 
>
iteration       : 116
climbing        : yes
zoom on         : no
nim             : 10
barrier         :   0.01266225 (image:  4) 
distance        :   0.00000000    5.58718575   11.30330289   12.43806496   13.17449077   13.54897503   13.96262724   14.92024090   18.17854304   21.49454715 
energy          : -1075.54974314  -1075.55999018  -1075.56288818  -1075.54336210  -1075.53708089  -1075.53914826  -1075.54621622  -1075.57106733  -1075.58051266  -1075.58160718 
max(|Fr_perp|)   :   0.00000000    0.00204999    0.00702114    0.00429705    0.00173550    0.00176612    0.00520441    0.00761964    0.00279041    0.00000000 
Fr_paral         :   0.00000000    0.00167394   -0.00407801   -0.02305464    0.00047994    0.01209200    0.02899181    0.01477464    0.00103589    0.00000000 
max(|Fsp_paral|) :   0.00000000    0.00046636    0.00261941    0.00535290    0.01729733    0.00099864    0.00094241    0.00053476    0.00022723    0.00000000 
max(|Fsp_perp|)  :   0.00000000    0.00000000    0.00000000    0.00000000    0.00000000    0.00000000    0.00000000    0.00000000    0.00000000    0.00000000 
max(|FNEB|)      :   0.00000000    0.00239348    0.00687148    0.00192253    0.00173579    0.00173123    0.00473193    0.00774275    0.00279484    0.00000000 
max(|Force|)     :   0.00161362    0.00249781    0.00715374    0.01569420    0.00173520    0.00695199    0.01726644    0.00760489    0.00279571    0.00144002 
ksp              :   0.01000000    0.01000000    0.05535478    0.10000000    0.10000000    0.08530566    0.03506843    0.01000000    0.01000000 
max(|step|)      :   0.00000000    0.01602653    0.02100142    0.00979635    0.00602307    0.00598659    0.01707784    0.01448061    0.00385529    0.00000000 
angle (deg.)     :    37.2433  107.6440  51.8725  60.1211  40.3810  33.4625  75.2681  41.4019 
>
iteration       : 117
climbing        : yes
zoom on         : no
nim             : 10
barrier         :   0.01263795 (image:  4) 
distance        :   0.00000000    5.62419406   11.35125640   12.47098380   13.21377179   13.59663077   14.00723899   14.93808760   18.19906183   21.50977015 
energy          : -1075.54974314  -1075.56007297  -1075.56304113  -1075.54359182  -1075.53710519  -1075.53928207  -1075.54652142  -1075.57103148  -1075.58053185  -1075.58160718 
max(|Fr_perp|)   :   0.00000000    0.00239195    0.00454311    0.00390072    0.00136690    0.00138389    0.00679984    0.00721598    0.00131684    0.00000000 
Fr_paral         :   0.00000000    0.00214877   -0.00502201   -0.02377955    0.00047541    0.01249716    0.02950965    0.01315361    0.00110738    0.00000000 
max(|Fsp_paral|) :   0.00000000    0.00037257    0.00139459    0.00700061    0.01735573    0.00167264    0.00222122    0.00100497    0.00019525    0.00000000 
max(|Fsp_perp|)  :   0.00000000    0.00000000    0.00000000    0.00000000    0.00000000    0.00000000    0.00000000    0.00000000    0.00000000    0.00000000 
max(|FNEB|)      :   0.00000000    0.00220235    0.00447607    0.00331864    0.00136608    0.00134562    0.00676275    0.00720752    0.00131518    0.00000000 
max(|Force|)     :   0.00161362    0.00199017    0.00482452    0.01576552    0.00136771    0.00701336    0.01754493    0.00789027    0.00131003    0.00144002 
ksp              :   0.01000000    0.01000000    0.05380605    0.10000000    0.10000000    0.08449755    0.03294317    0.01000000    0.01000000 
max(|step|)      :   0.00000000    0.00958249    0.01328588    0.00371281    0.00179241    0.00200371    0.01162957    0.00629940    0.00147928    0.00000000 
angle (deg.)     :    37.1510  107.3963  51.2629  60.2379  39.6494  30.7541  75.3291  41.3495 
>
iteration       : 118
climbing        : yes
zoom on         : no
nim             : 10
barrier         :   0.01264243 (image:  4) 
distance        :   0.00000000    5.59794705   11.33905989   12.44378824   13.18174395   13.56725756   13.97798884   14.90527256   18.16551557   21.47852348 
energy          : -1075.54974314  -1075.56002696  -1075.56327523  -1075.54352263  -1075.53710071  -1075.53928368  -1075.54664600  -1075.57113811  -1075.58052953  -1075.58160718 
max(|Fr_perp|)   :   0.00000000    0.00154495    0.00343099    0.00399103    0.00118555    0.00120637    0.00229685    0.00225894    0.00069067    0.00000000 
Fr_paral         :   0.00000000    0.00204530   -0.00614035   -0.02377300    0.00038626    0.01252804    0.02982718    0.01267666    0.00110542    0.00000000 
max(|Fsp_paral|) :   0.00000000    0.00051851    0.00118260    0.00689431    0.01706115    0.00180309    0.00273414    0.00145560    0.00020716    0.00000000 
max(|Fsp_perp|)  :   0.00000000    0.00000000    0.00000000    0.00000000    0.00000000    0.00000000    0.00000000    0.00000000    0.00000000    0.00000000 
max(|FNEB|)      :   0.00000000    0.00129251    0.00337136    0.00312254    0.00118506    0.00116889    0.00210503    0.00244909    0.00068431    0.00000000 
max(|Force|)     :   0.00161362    0.00145914    0.00390067    0.01584410    0.00118604    0.00695912    0.01756609    0.00640688    0.00068031    0.00144002 
ksp              :   0.01000000    0.01000000    0.05428309    0.10000000    0.10000000    0.08445968    0.03204819    0.01000000    0.01000000 
max(|step|)      :   0.00000000    0.00560844    0.01544720    0.00625563    0.00354324    0.00337528    0.01372222    0.00810118    0.00189134    0.00000000 
angle (deg.)     :    37.1927  108.0276  51.3084  60.8042  39.0785  27.6230  75.4895  41.4424 
>
iteration       : 119
climbing        : yes
zoom on         : no
nim             : 10
barrier         :   0.01262700 (image:  4) 
distance        :   0.00000000    5.60857080   11.36446169   12.46547706   13.19365045   13.58102443   13.99017562   14.91705965   18.17399248   21.48462314 
energy          : -1075.54974314  -1075.56005484  -1075.56339000  -1075.54328662  -1075.53711614  -1075.53929695  -1075.54668421  -1075.57119946  -1075.58053302  -1075.58160718 
max(|Fr_perp|)   :   0.00000000    0.00096155    0.00177728    0.00430363    0.00069489    0.00104265    0.00211000    0.00203791    0.00150262    0.00000000 
Fr_paral         :   0.00000000    0.00178937   -0.00790946   -0.02342868    0.00031740    0.01251831    0.02977995    0.01135599    0.00110136    0.00000000 
max(|Fsp_paral|) :   0.00000000    0.00053401    0.00190811    0.00552257    0.01658857    0.00195543    0.00277413    0.00150527    0.00021067    0.00000000 
max(|Fsp_perp|)  :   0.00000000    0.00000000    0.00000000    0.00000000    0.00000000    0.00000000    0.00000000    0.00000000    0.00000000    0.00000000 
max(|FNEB|)      :   0.00000000    0.00135564    0.00217193    0.00200684    0.00069370    0.00097463    0.00219571    0.00264244    0.00149599    0.00000000 
max(|Force|)     :   0.00161362    0.00144200    0.00362627    0.01591907    0.00069608    0.00689587    0.01748679    0.00667975    0.00149192    0.00144002 
ksp              :   0.01000000    0.01000000    0.05601934    0.10000000    0.10000000    0.08445608    0.03180274    0.01000000    0.01000000 
max(|step|)      :   0.00000000    0.04593800    0.04915812    0.01831469    0.01739416    0.01739623    0.01657585    0.01787814    0.01070493    0.00000000 
angle (deg.)     :    37.6143  111.3542  53.2866  61.9581  39.0055  24.5456  75.7676  41.9374 
>
iteration       : 120
climbing        : yes
zoom on         : no
nim             : 10
barrier         :   0.01256281 (image:  4) 
distance        :   0.00000000    5.71778301   11.49099097   12.60918529   13.32727904   13.71610439   14.12130812   15.04799350   18.29681543   21.59283277 
energy          : -1075.54974314  -1075.56028468  -1075.56303983  -1075.54295378  -1075.53718033  -1075.53937025  -1075.54663914  -1075.57110993  -1075.58056307  -1075.58160718 
max(|Fr_perp|)   :   0.00000000    0.00074665    0.00522122    0.00478204    0.00069590    0.00101579    0.00871449    0.00737916    0.00113360    0.00000000 
Fr_paral         :   0.00000000    0.00186093   -0.01025193   -0.02275984    0.00032454    0.01251583    0.02914513    0.00928761    0.00106245    0.00000000 
max(|Fsp_paral|) :   0.00000000    0.00020152    0.00377016    0.00306474    0.01616346    0.00220615    0.00230831    0.00119662    0.00018458    0.00000000 
max(|Fsp_perp|)  :   0.00000000    0.00000000    0.00000000    0.00000000    0.00000000    0.00000000    0.00000000    0.00000000    0.00000000    0.00000000 
max(|FNEB|)      :   0.00000000    0.00089488    0.00522964    0.00252371    0.00069490    0.00125502    0.00882051    0.00735178    0.00113309    0.00000000 
max(|Force|)     :   0.00161362    0.00124994    0.00758096    0.01596115    0.00069691    0.00686670    0.01736068    0.00823016    0.00113563    0.00144002 
ksp              :   0.01000000    0.01000000    0.05863899    0.10000000    0.10000000    0.08431141    0.03223700    0.01000000    0.01000000 
max(|step|)      :   0.00000000    0.03507590    0.03575313    0.01424348    0.01360584    0.01359338    0.01306540    0.01387679    0.00828483    0.00000000 
angle (deg.)     :    38.0008  114.0804  54.7105  62.5847  39.3476  24.0781  75.8779  42.2586 
>
iteration       : 121
climbing        : yes
zoom on         : no
nim             : 10
barrier         :   0.01251588 (image:  4) 
distance        :   0.00000000    5.80055442   11.59087167   12.71582576   13.43146533   13.81800871   14.22274445   15.15758013   18.39641054   21.68121684 
energy          : -1075.54974314  -1075.56044446  -1075.56260944  -1075.54288434  -1075.53722726  -1075.53937742  -1075.54661736  -1075.57124616  -1075.58058489  -1075.58160718 
max(|Fr_perp|)   :   0.00000000    0.00266914    0.00614624    0.00502229    0.00171179    0.00173883    0.00253643    0.00362279    0.00087868    0.00000000 
Fr_paral         :   0.00000000    0.00160297   -0.01158490   -0.02247377    0.00032758    0.01233703    0.02893616    0.00877665    0.00107162    0.00000000 
max(|Fsp_paral|) :   0.00000000    0.00003731    0.00424526    0.00236240    0.01617474    0.00206588    0.00205980    0.00090903    0.00017957    0.00000000 
max(|Fsp_perp|)  :   0.00000000    0.00000000    0.00000000    0.00000000    0.00000000    0.00000000    0.00000000    0.00000000    0.00000000    0.00000000 
max(|FNEB|)      :   0.00000000    0.00264735    0.00634296    0.00265332    0.00171190    0.00170398    0.00296913    0.00394678    0.00087836    0.00000000 
max(|Force|)     :   0.00161362    0.00296503    0.00897907    0.01601228    0.00171169    0.00683372    0.01717781    0.00698387    0.00087469    0.00144002 
ksp              :   0.01000000    0.01000000    0.05932065    0.10000000    0.10000000    0.08453846    0.03247702    0.01000000    0.01000000 
max(|step|)      :   0.00000000    0.01813500    0.02301748    0.01044261    0.00937550    0.00923819    0.00924493    0.01515872    0.00515130    0.00000000 
angle (deg.)     :    38.2884  115.8938  54.9258  62.8792  39.9860  25.0451  75.7883  42.3283 
>
iteration       : 122
climbing        : yes
zoom on         : no
nim             : 10
barrier         :   0.01247861 (image:  4) 
distance        :   0.00000000    5.84173771   11.64915733   12.75896848   13.47404575   13.85336781   14.25892552   15.21756848   18.44111113   21.71929999 
energy          : -1075.54974314  -1075.56054398  -1075.56246437  -1075.54297178  -1075.53726453  -1075.53929514  -1075.54642652  -1075.57158710  -1075.58060015  -1075.58160718 
max(|Fr_perp|)   :   0.00000000    0.00082371    0.00500538    0.00512337    0.00094640    0.00123863    0.00514766    0.00277656    0.00038412    0.00000000 
Fr_paral         :   0.00000000    0.00191994   -0.01182269   -0.02233293    0.00027724    0.01186494    0.02862534    0.01010230    0.00106672    0.00000000 
max(|Fsp_paral|) :   0.00000000    0.00012526    0.00340665    0.00302922    0.01639603    0.00152717    0.00112492    0.00012933    0.00021367    0.00000000 
max(|Fsp_perp|)  :   0.00000000    0.00000000    0.00000000    0.00000000    0.00000000    0.00000000    0.00000000    0.00000000    0.00000000    0.00000000 
max(|FNEB|)      :   0.00000000    0.00089977    0.00523786    0.00191707    0.00094653    0.00094214    0.00511656    0.00277055    0.00038002    0.00000000 
max(|Force|)     :   0.00161362    0.00134749    0.00807051    0.01601834    0.00094627    0.00670295    0.01695452    0.00595611    0.00055426    0.00144002 
ksp              :   0.01000000    0.01000000    0.05883732    0.10000000    0.10000000    0.08535454    0.03392054    0.01000000    0.01000000 
max(|step|)      :   0.00000000    0.00780505    0.03360153    0.01235391    0.00629743    0.00744447    0.01615620    0.02320249    0.00314133    0.00000000 
angle (deg.)     :    38.5484  117.0392  54.1042  62.8873  40.9176  27.8610  75.5005  42.2619 
>
iteration       : 123
climbing        : yes
zoom on         : no
nim             : 10
barrier         :   0.01245251 (image:  4) 
distance        :   0.00000000    5.85377090   11.67553588   12.74983580   13.46829166   13.83797033   14.24756527   15.23508629   18.44120232   21.71550868 
energy          : -1075.54974314  -1075.56057561  -1075.56230357  -1075.54318865  -1075.53729062  -1075.53916475  -1075.54621575  -1075.57189047  -1075.58060873  -1075.58160718 
max(|Fr_perp|)   :   0.00000000    0.00100760    0.00268028    0.00490560    0.00074174    0.00138073    0.00802018    0.00348173    0.00025683    0.00000000 
Fr_paral         :   0.00000000    0.00193739   -0.01109392   -0.02231356    0.00020177    0.01123889    0.02856155    0.01247399    0.00107987    0.00000000 
max(|Fsp_paral|) :   0.00000000    0.00011700    0.00156010    0.00499204    0.01683313    0.00070614    0.00019564    0.00144903    0.00026739    0.00000000 
max(|Fsp_perp|)  :   0.00000000    0.00000000    0.00000000    0.00000000    0.00000000    0.00000000    0.00000000    0.00000000    0.00000000    0.00000000 
max(|FNEB|)      :   0.00000000    0.00091834    0.00236106    0.00148383    0.00074149    0.00072890    0.00798569    0.00353636    0.00043343    0.00000000 
max(|Force|)     :   0.00161362    0.00153713    0.00422987    0.01581493    0.00074198    0.00647979    0.01686697    0.00629420    0.00058869    0.00144002 
ksp              :   0.01000000    0.01000000    0.05737228    0.10000000    0.10000000    0.08645480    0.03549405    0.01000000    0.01000000 
max(|step|)      :   0.00000000    0.00970828    0.02456668    0.00797460    0.00709521    0.00692666    0.00698100    0.00919526    0.00383940    0.00000000 
angle (deg.)     :    38.7674  117.8674  53.5787  63.0719  41.1338  28.8618  75.2403  42.3846 
>
iteration       : 124
climbing        : yes
zoom on         : no
nim             : 10
barrier         :   0.01242910 (image:  4) 
distance        :   0.00000000    5.86678302   11.70018747   12.75060249   13.46683104   13.83673543   14.25031884   15.23945308   18.43702791   21.70671425 
energy          : -1075.54974314  -1075.56059119  -1075.56191335  -1075.54319163  -1075.53731403  -1075.53915949  -1075.54628168  -1075.57194382  -1075.58060376  -1075.58160718 
max(|Fr_perp|)   :   0.00000000    0.00273829    0.00957545    0.00462624    0.00096250    0.00159594    0.00399438    0.00346035    0.00332920    0.00000000 
Fr_paral         :   0.00000000    0.00239199   -0.01026996   -0.02222365    0.00013263    0.01110696    0.02874650    0.01299327    0.00103165    0.00000000 
max(|Fsp_paral|) :   0.00000000    0.00012214    0.00085131    0.00552574    0.01672462    0.00052389    0.00062579    0.00133143    0.00028266    0.00000000 
max(|Fsp_perp|)  :   0.00000000    0.00000000    0.00000000    0.00000000    0.00000000    0.00000000    0.00000000    0.00000000    0.00000000    0.00000000 
max(|FNEB|)      :   0.00000000    0.00283177    0.00963886    0.00154141    0.00096242    0.00156703    0.00396291    0.00341236    0.00333112    0.00000000 
max(|Force|)     :   0.00161362    0.00282044    0.00933194    0.01550610    0.00096258    0.00640550    0.01692522    0.00645584    0.00333418    0.00144002 
ksp              :   0.01000000    0.01000000    0.05743991    0.10000000    0.10000000    0.08663693    0.03506466    0.01000000    0.01000000 
max(|step|)      :   0.00000000    0.01001289    0.01051866    0.00325406    0.00333766    0.00338092    0.00339927    0.00344034    0.00207390    0.00000000 
angle (deg.)     :    38.6675  117.1186  52.9935  62.9300  40.9287  28.7380  75.2117  42.3170 
>
iteration       : 125
climbing        : yes
zoom on         : no
nim             : 10
barrier         :   0.01243754 (image:  4) 
distance        :   0.00000000    5.84194503   11.67395127   12.71768230   13.43324097   13.80514334   14.21907299   15.20393915   18.40398302   21.67639730 
energy          : -1075.54974314  -1075.56055604  -1075.56213913  -1075.54318723  -1075.53730560  -1075.53917358  -1075.54635051  -1075.57194825  -1075.58061271  -1075.58160718 
max(|Fr_perp|)   :   0.00000000    0.00121633    0.00294087    0.00453330    0.00083447    0.00132643    0.00132265    0.00148990    0.00073772    0.00000000 
Fr_paral         :   0.00000000    0.00216911   -0.01071446   -0.02226820    0.00011229    0.01120988    0.02896037    0.01291749    0.00107075    0.00000000 
max(|Fsp_paral|) :   0.00000000    0.00003636    0.00071809    0.00568610    0.01662066    0.00063113    0.00096577    0.00099628    0.00028377    0.00000000 
max(|Fsp_perp|)  :   0.00000000    0.00000000    0.00000000    0.00000000    0.00000000    0.00000000    0.00000000    0.00000000    0.00000000    0.00000000 
max(|FNEB|)      :   0.00000000    0.00120427    0.00280425    0.00136020    0.00083455    0.00082587    0.00083185    0.00186399    0.00073984    0.00000000 
max(|Force|)     :   0.00161362    0.00154755    0.00460621    0.01544461    0.00083438    0.00640765    0.01699169    0.00625807    0.00074315    0.00144002 
ksp              :   0.01000000    0.01000000    0.05743957    0.10000000    0.10000000    0.08648299    0.03454956    0.01000000    0.01000000 
max(|step|)      :   0.00000000    0.00268684    0.00805451    0.00255825    0.00162335    0.00152888    0.00141033    0.00376296    0.00070921    0.00000000 
angle (deg.)     :    38.7021  116.9506  52.4589  63.0406  40.8202  28.6834  75.1141  42.3589 
>
iteration       : 126
climbing        : yes
zoom on         : no
nim             : 10
barrier         :   0.01243103 (image:  4) 
distance        :   0.00000000    5.83377493   11.67055902   12.70251161   13.41421768   13.78852957   14.20334399   15.18487448   18.38315371   21.65480954 
energy          : -1075.54974314  -1075.56054565  -1075.56207944  -1075.54310993  -1075.53731210  -1075.53919320  -1075.54640615  -1075.57195415  -1075.58061505  -1075.58160718 
max(|Fr_perp|)   :   0.00000000    0.00033697    0.00114107    0.00446490    0.00066171    0.00127767    0.00129901    0.00087497    0.00042659    0.00000000 
Fr_paral         :   0.00000000    0.00196486   -0.01104068   -0.02212849    0.00006465    0.01126236    0.02903804    0.01276793    0.00108227    0.00000000 
max(|Fsp_paral|) :   0.00000000    0.00001102    0.00065401    0.00552611    0.01636222    0.00072574    0.00125614    0.00076005    0.00028769    0.00000000 
max(|Fsp_perp|)  :   0.00000000    0.00000000    0.00000000    0.00000000    0.00000000    0.00000000    0.00000000    0.00000000    0.00000000    0.00000000 
max(|FNEB|)      :   0.00000000    0.00034147    0.00111266    0.00126746    0.00066173    0.00065892    0.00106529    0.00138158    0.00043296    0.00000000 
max(|Force|)     :   0.00161362    0.00087760    0.00457756    0.01529364    0.00066168    0.00638888    0.01706399    0.00636793    0.00050366    0.00144002 
ksp              :   0.01000000    0.01000000    0.05802402    0.10000000    0.10000000    0.08638093    0.03415957    0.01000000    0.01000000 
max(|step|)      :   0.00000000    0.00266263    0.01857981    0.00574582    0.00491696    0.00473151    0.00467915    0.00596999    0.00251535    0.00000000 
angle (deg.)     :    38.8325  116.7093  51.4875  63.3326  40.8294  29.1636  74.8993  42.4823 
>
iteration       : 127
climbing        : yes
zoom on         : no
nim             : 10
barrier         :   0.01241172 (image:  4) 
distance        :   0.00000000    5.82828262   11.67132057   12.68081342   13.38494561   13.76290757   14.17916685   15.15702456   18.35012751   21.61864595 
energy          : -1075.54974314  -1075.56053883  -1075.56186868  -1075.54294937  -1075.53733141  -1075.53922578  -1075.54647818  -1075.57194792  -1075.58062032  -1075.58160718 
max(|Fr_perp|)   :   0.00000000    0.00101079    0.00289683    0.00441129    0.00078655    0.00123414    0.00123501    0.00132628    0.00114290    0.00000000 
Fr_paral         :   0.00000000    0.00185336   -0.01126668   -0.02174259   -0.00001497    0.01131128    0.02916082    0.01275537    0.00108816    0.00000000 
max(|Fsp_paral|) :   0.00000000    0.00005409    0.00057300    0.00515850    0.01587645    0.00085727    0.00162805    0.00049422    0.00029556    0.00000000 
max(|Fsp_perp|)  :   0.00000000    0.00000000    0.00000000    0.00000000    0.00000000    0.00000000    0.00000000    0.00000000    0.00000000    0.00000000 
max(|FNEB|)      :   0.00000000    0.00104950    0.00286030    0.00094982    0.00078653    0.00079002    0.00120639    0.00124104    0.00113503    0.00000000 
max(|Force|)     :   0.00161362    0.00151864    0.00469096    0.01500468    0.00078657    0.00636968    0.01717276    0.00651395    0.00113379    0.00144002 
ksp              :   0.01000000    0.01000000    0.05926300    0.10000000    0.10000000    0.08626357    0.03367486    0.01000000    0.01000000 
max(|step|)      :   0.00000000    0.00302358    0.02489147    0.00970433    0.00904612    0.00884903    0.00889102    0.01013831    0.00480071    0.00000000 
angle (deg.)     :    39.0525  115.7463  49.8859  63.7415  41.0191  30.0020  74.6129  42.7350 
>
iteration       : 128
climbing        : yes
zoom on         : no
nim             : 10
barrier         :   0.01237710 (image:  4) 
distance        :   0.00000000    5.82557603   11.66577150   12.64211187   13.33565697   13.71974474   14.13443157   15.10672090   18.29308369   21.55548570 
energy          : -1075.54974314  -1075.56053716  -1075.56158880  -1075.54272318  -1075.53736604  -1075.53929826  -1075.54653022  -1075.57190243  -1075.58063419  -1075.58160718 
max(|Fr_perp|)   :   0.00000000    0.00203436    0.00342874    0.00455897    0.00084118    0.00121996    0.00197816    0.00161488    0.00065123    0.00000000 
Fr_paral         :   0.00000000    0.00171781   -0.01139788   -0.02112149   -0.00010348    0.01144867    0.02923138    0.01301360    0.00108211    0.00000000 
max(|Fsp_paral|) :   0.00000000    0.00005369    0.00045186    0.00470188    0.01511341    0.00125735    0.00175965    0.00028783    0.00029762    0.00000000 
max(|Fsp_perp|)  :   0.00000000    0.00000000    0.00000000    0.00000000    0.00000000    0.00000000    0.00000000    0.00000000    0.00000000    0.00000000 
max(|FNEB|)      :   0.00000000    0.00207279    0.00355055    0.00228333    0.00084094    0.00085326    0.00171358    0.00165059    0.00065006    0.00000000 
max(|Force|)     :   0.00161362    0.00250598    0.00474966    0.01474128    0.00084143    0.00642326    0.01718066    0.00661823    0.00064734    0.00144002 
ksp              :   0.01000000    0.01000000    0.06104556    0.10000000    0.10000000    0.08594986    0.03336271    0.01000000    0.01000000 
max(|step|)      :   0.00000000    0.01407887    0.04888659    0.02320192    0.02243855    0.02214149    0.02221002    0.02244800    0.01227476    0.00000000 
angle (deg.)     :    39.5816  113.0443  46.7745  64.7722  41.6194  31.5339  74.1315  43.4054 
>
iteration       : 129
climbing        : yes
zoom on         : no
nim             : 10
barrier         :   0.01229467 (image:  4) 
distance        :   0.00000000    5.83597449   11.65644231   12.57229851   13.24594570   13.64138046   14.05199250   15.01134858   18.18470900   21.43141624 
energy          : -1075.54974314  -1075.56057869  -1075.56093997  -1075.54222354  -1075.53744847  -1075.53945369  -1075.54659065  -1075.57170219  -1075.58065971  -1075.58160718 
max(|Fr_perp|)   :   0.00000000    0.00072893    0.00688588    0.01060590    0.00078778    0.00123075    0.00451805    0.00210269    0.00268869    0.00000000 
Fr_paral         :   0.00000000    0.00212332   -0.01068546   -0.01948504   -0.00024489    0.01170169    0.02914480    0.01321674    0.00108705    0.00000000 
max(|Fsp_paral|) :   0.00000000    0.00005716    0.00047686    0.00365912    0.01365237    0.00205211    0.00182674    0.00000052    0.00028591    0.00000000 
max(|Fsp_perp|)  :   0.00000000    0.00000000    0.00000000    0.00000000    0.00000000    0.00000000    0.00000000    0.00000000    0.00000000    0.00000000 
max(|FNEB|)      :   0.00000000    0.00073245    0.00686767    0.01016430    0.00078682    0.00090689    0.00457486    0.00208415    0.00268813    0.00000000 
max(|Force|)     :   0.00161362    0.00111568    0.00690048    0.01434365    0.00078875    0.00653579    0.01722602    0.00653736    0.00268560    0.00144002 
ksp              :   0.01000000    0.01000000    0.06504530    0.10000000    0.10000000    0.08532125    0.03307695    0.01000000    0.01000000 
max(|step|)      :   0.00000000    0.00083534    0.00590261    0.00646918    0.00086855    0.00108298    0.00342306    0.00223951    0.00235949    0.00000000 
angle (deg.)     :    39.5453  112.8540  46.6325  64.7051  41.5646  31.0037  74.1878  43.3904 
>
iteration       : 130
climbing        : yes
zoom on         : no
nim             : 10
barrier         :   0.01229599 (image:  4) 
distance        :   0.00000000    5.83509849   11.65063020   12.56507323   13.24159118   13.63470333   14.04577225   15.00625088   18.17999468   21.42700545 
energy          : -1075.54974314  -1075.56057445  -1075.56104931  -1075.54239913  -1075.53744715  -1075.53942921  -1075.54658929  -1075.57174598  -1075.58066487  -1075.58160718 
max(|Fr_perp|)   :   0.00000000    0.00128304    0.00315198    0.00504411    0.00069638    0.00121992    0.00189617    0.00190997    0.00118806    0.00000000 
Fr_paral         :   0.00000000    0.00223163   -0.01081424   -0.01995851   -0.00022887    0.01161444    0.02922490    0.01332201    0.00105455    0.00000000 
max(|Fsp_paral|) :   0.00000000    0.00007211    0.00005059    0.00440187    0.01385637    0.00189454    0.00186130    0.00002005    0.00028557    0.00000000 
max(|Fsp_perp|)  :   0.00000000    0.00000000    0.00000000    0.00000000    0.00000000    0.00000000    0.00000000    0.00000000    0.00000000    0.00000000 
max(|FNEB|)      :   0.00000000    0.00132164    0.00309585    0.00112169    0.00069601    0.00075270    0.00118280    0.00193889    0.00118808    0.00000000 
max(|Force|)     :   0.00161362    0.00147299    0.00499262    0.01443807    0.00069676    0.00649923    0.01710638    0.00671982    0.00119032    0.00144002 
ksp              :   0.01000000    0.01000000    0.06375414    0.10000000    0.10000000    0.08549234    0.03308446    0.01000000    0.01000000 
max(|step|)      :   0.00000000    0.00074897    0.00183998    0.00156610    0.00077623    0.00080219    0.00089047    0.00133549    0.00046289    0.00000000 
angle (deg.)     :    39.5437  112.5273  46.3965  64.7487  41.5664  30.6802  74.2196  43.4142 
>
iteration       : 131
climbing        : yes
zoom on         : no
nim             : 10
barrier         :   0.01229286 (image:  4) 
distance        :   0.00000000    5.83495055   11.64613652   12.55801688   13.23539194   13.62712678   14.03838543   14.99927619   18.17266729   21.41906689 
energy          : -1075.54974314  -1075.56057866  -1075.56110039  -1075.54242248  -1075.53745027  -1075.53941671  -1075.54657380  -1075.57176469  -1075.58066728  -1075.58160718 
max(|Fr_perp|)   :   0.00000000    0.00035413    0.00167064    0.00506206    0.00063130    0.00122368    0.00177198    0.00130338    0.00069188    0.00000000 
Fr_paral         :   0.00000000    0.00206211   -0.01079448   -0.01998565   -0.00022186    0.01155486    0.02920970    0.01335553    0.00106095    0.00000000 
max(|Fsp_paral|) :   0.00000000    0.00008759    0.00004202    0.00458778    0.01394994    0.00180226    0.00182330    0.00008678    0.00028454    0.00000000 
max(|Fsp_perp|)  :   0.00000000    0.00000000    0.00000000    0.00000000    0.00000000    0.00000000    0.00000000    0.00000000    0.00000000    0.00000000 
max(|FNEB|)      :   0.00000000    0.00033615    0.00167008    0.00178536    0.00063094    0.00065596    0.00103063    0.00133368    0.00069204    0.00000000 
max(|Force|)     :   0.00161362    0.00109324    0.00492033    0.01447117    0.00063165    0.00647127    0.01705560    0.00670450    0.00069434    0.00144002 
ksp              :   0.01000000    0.01000000    0.06359686    0.10000000    0.10000000    0.08560310    0.03320372    0.01000000    0.01000000 
max(|step|)      :   0.00000000    0.00132760    0.00773279    0.00454665    0.00306509    0.00317140    0.00361626    0.00480078    0.00179647    0.00000000 
angle (deg.)     :    39.5240  111.1702  45.5466  64.9566  41.6209  29.4873  74.3592  43.5097 
>
iteration       : 132
climbing        : yes
zoom on         : no
nim             : 10
barrier         :   0.01228145 (image:  4) 
distance        :   0.00000000    5.83416006   11.62742113   12.53092990   13.21146147   13.59774526   14.00974827   14.97245442   18.14462526   21.38865083 
energy          : -1075.54974314  -1075.56057690  -1075.56122787  -1075.54249599  -1075.53746168  -1075.53936634  -1075.54649960  -1075.57181312  -1075.58067237  -1075.58160718 
max(|Fr_perp|)   :   0.00000000    0.00142340    0.00169948    0.00516591    0.00071888    0.00125164    0.00152894    0.00071805    0.00025669    0.00000000 
Fr_paral         :   0.00000000    0.00181642   -0.01045478   -0.02005714   -0.00019189    0.01131468    0.02906864    0.01341818    0.00106767    0.00000000 
max(|Fsp_paral|) :   0.00000000    0.00015084    0.00032653    0.00520035    0.01431088    0.00143838    0.00161883    0.00039544    0.00027990    0.00000000 
max(|Fsp_perp|)  :   0.00000000    0.00000000    0.00000000    0.00000000    0.00000000    0.00000000    0.00000000    0.00000000    0.00000000    0.00000000 
max(|FNEB|)      :   0.00000000    0.00130842    0.00174541    0.00417859    0.00071835    0.00073772    0.00126762    0.00069570    0.00038037    0.00000000 
max(|Force|)     :   0.00161362    0.00192560    0.00478932    0.01461838    0.00071940    0.00637168    0.01695596    0.00659338    0.00051552    0.00144002 
ksp              :   0.01000000    0.01000000    0.06310794    0.10000000    0.10000000    0.08604241    0.03376903    0.01000000    0.01000000 
max(|step|)      :   0.00000000    0.00158450    0.01157417    0.00478254    0.00499943    0.00515828    0.00515917    0.00654131    0.00285656    0.00000000 
angle (deg.)     :    39.4754  108.9628  44.4715  65.3830  41.8238  28.0854  74.5716  43.6708 
>
iteration       : 133
climbing        : yes
zoom on         : no
nim             : 10
barrier         :   0.01226395 (image:  4) 
distance        :   0.00000000    5.83244967   11.59878714   12.49501763   13.17837080   13.55749119   13.97016034   14.93489381   18.10561304   21.34589151 
energy          : -1075.54974314  -1075.56057710  -1075.56139982  -1075.54256205  -1075.53747918  -1075.53930473  -1075.54639243  -1075.57182659  -1075.58067737  -1075.58160718 
max(|Fr_perp|)   :   0.00000000    0.00146260    0.00300314    0.00523877    0.00079810    0.00131334    0.00158151    0.00116004    0.00144717    0.00000000 
Fr_paral         :   0.00000000    0.00180978   -0.00987719   -0.02006667   -0.00014438    0.01099909    0.02881993    0.01346471    0.00107994    0.00000000 
max(|Fsp_paral|) :   0.00000000    0.00024397    0.00052730    0.00572921    0.01472432    0.00097864    0.00129672    0.00082224    0.00027066    0.00000000 
max(|Fsp_perp|)  :   0.00000000    0.00000000    0.00000000    0.00000000    0.00000000    0.00000000    0.00000000    0.00000000    0.00000000    0.00000000 
max(|FNEB|)      :   0.00000000    0.00127765    0.00300036    0.00144861    0.00079784    0.00080920    0.00134473    0.00113543    0.00144613    0.00000000 
max(|Force|)     :   0.00161362    0.00196353    0.00474684    0.01470678    0.00079836    0.00626557    0.01685995    0.00641798    0.00144322    0.00144002 
ksp              :   0.01000000    0.01000000    0.06269896    0.10000000    0.10000000    0.08660311    0.03458945    0.01000000    0.01000000 
max(|step|)      :   0.00000000    0.00297827    0.01788868    0.00730863    0.00843446    0.00867726    0.00855795    0.00882259    0.00471727    0.00000000 
angle (deg.)     :    39.3767  105.3392  43.1721  66.1670  42.3126  26.5669  74.8827  43.9528 
>
iteration       : 134
climbing        : yes
zoom on         : no
nim             : 10
barrier         :   0.01223479 (image:  4) 
distance        :   0.00000000    5.82883527   11.55405685   12.44721424   13.13252583   13.50243061   13.91552173   14.88179795   18.05085036   21.28502699 
energy          : -1075.54974314  -1075.56057830  -1075.56164826  -1075.54254863  -1075.53750835  -1075.53923603  -1075.54623952  -1075.57176371  -1075.58068529  -1075.58160718 
max(|Fr_perp|)   :   0.00000000    0.00051896    0.00404271    0.00527348    0.00073878    0.00139602    0.00256788    0.00161120    0.00258460    0.00000000 
Fr_paral         :   0.00000000    0.00205112   -0.00894609   -0.01987480   -0.00006822    0.01059357    0.02836409    0.01350265    0.00103426    0.00000000 
max(|Fsp_paral|) :   0.00000000    0.00038264    0.00039817    0.00582535    0.01519776    0.00041642    0.00080923    0.00139092    0.00025284    0.00000000 
max(|Fsp_perp|)  :   0.00000000    0.00000000    0.00000000    0.00000000    0.00000000    0.00000000    0.00000000    0.00000000    0.00000000    0.00000000 
max(|FNEB|)      :   0.00000000    0.00054118    0.00404138    0.00361536    0.00073874    0.00092894    0.00253656    0.00160438    0.00258530    0.00000000 
max(|Force|)     :   0.00161362    0.00095119    0.00472122    0.01466283    0.00073881    0.00613264    0.01672587    0.00653800    0.00258809    0.00144002 
ksp              :   0.01000000    0.01000000    0.06292330    0.10000000    0.10000000    0.08729102    0.03577289    0.01000000    0.01000000 
max(|step|)      :   0.00000000    0.00097448    0.00521318    0.00265795    0.00243318    0.00248053    0.00246805    0.00278478    0.00141715    0.00000000 
angle (deg.)     :    39.3339  104.4616  42.9845  66.3428  42.3717  26.4148  74.8813  44.0404 
>
iteration       : 135
climbing        : yes
zoom on         : no
nim             : 10
barrier         :   0.01222612 (image:  4) 
distance        :   0.00000000    5.82697441   11.54452404   12.44026807   13.12383514   13.49382561   13.90574656   14.86898145   18.03804734   21.27056038 
energy          : -1075.54974314  -1075.56057570  -1075.56176149  -1075.54251473  -1075.53751702  -1075.53925032  -1075.54624096  -1075.57173434  -1075.58069529  -1075.58160718 
max(|Fr_perp|)   :   0.00000000    0.00071978    0.00163200    0.00514787    0.00066349    0.00140261    0.00161422    0.00133401    0.00035656    0.00000000 
Fr_paral         :   0.00000000    0.00213154   -0.00931336   -0.01981332   -0.00005095    0.01061363    0.02836577    0.01363135    0.00105952    0.00000000 
max(|Fsp_paral|) :   0.00000000    0.00040414    0.00021415    0.00554615    0.01513388    0.00047528    0.00079719    0.00133864    0.00024612    0.00000000 
max(|Fsp_perp|)  :   0.00000000    0.00000000    0.00000000    0.00000000    0.00000000    0.00000000    0.00000000    0.00000000    0.00000000    0.00000000 
max(|FNEB|)      :   0.00000000    0.00092233    0.00162317    0.00194117    0.00066347    0.00087596    0.00095141    0.00157201    0.00035744    0.00000000 
max(|Force|)     :   0.00161362    0.00112461    0.00475977    0.01451087    0.00066350    0.00614904    0.01669427    0.00667985    0.00051405    0.00144002 
ksp              :   0.01000000    0.01000000    0.06321038    0.10000000    0.10000000    0.08724065    0.03578056    0.01000000    0.01000000 
max(|step|)      :   0.00000000    0.00234973    0.01215816    0.00569744    0.00576568    0.00586879    0.00592511    0.00729753    0.00310891    0.00000000 
angle (deg.)     :    39.2319  102.5165  42.7055  66.7087  42.4886  26.1907  74.8375  44.2570 
>
iteration       : 136
climbing        : yes
zoom on         : no
nim             : 10
barrier         :   0.01220667 (image:  4) 
distance        :   0.00000000    5.82199124   11.52424545   12.42713726   13.10650257   13.47774231   13.88652518   14.84106805   18.01034033   21.23889980 
energy          : -1075.54974314  -1075.56057011  -1075.56195917  -1075.54239493  -1075.53753646  -1075.53929510  -1075.54623814  -1075.57164257  -1075.58069958  -1075.58160718 
max(|Fr_perp|)   :   0.00000000    0.00037308    0.00347233    0.00488645    0.00064867    0.00139421    0.00181232    0.00134200    0.00199854    0.00000000 
Fr_paral         :   0.00000000    0.00206181   -0.01009706   -0.01960278   -0.00001130    0.01070558    0.02832752    0.01391857    0.00107914    0.00000000 
max(|Fsp_paral|) :   0.00000000    0.00044241    0.00036605    0.00472253    0.01494967    0.00069227    0.00073925    0.00121107    0.00022951    0.00000000 
max(|Fsp_perp|)  :   0.00000000    0.00000000    0.00000000    0.00000000    0.00000000    0.00000000    0.00000000    0.00000000    0.00000000    0.00000000 
max(|FNEB|)      :   0.00000000    0.00043220    0.00344328    0.00236451    0.00064867    0.00064981    0.00185141    0.00144499    0.00199770    0.00000000 
max(|Force|)     :   0.00161362    0.00113489    0.00476201    0.01415289    0.00064867    0.00618744    0.01662838    0.00685664    0.00199442    0.00144002 
ksp              :   0.01000000    0.01000000    0.06417846    0.10000000    0.10000000    0.08703353    0.03584240    0.01000000    0.01000000 
max(|step|)      :   0.00000000    0.00289551    0.01258280    0.00631878    0.00678841    0.00688942    0.00714053    0.00944474    0.00364845    0.00000000 
angle (deg.)     :    39.1112  100.5780  42.5906  66.9815  42.5937  26.1252  74.7296  44.5225 
>
iteration       : 137
climbing        : yes
zoom on         : no
nim             : 10
barrier         :   0.01218339 (image:  4) 
distance        :   0.00000000    5.81516179   11.50475995   12.41450731   13.09053567   13.46443622   13.86985654   14.81181302   17.98152658   21.20547501 
energy          : -1075.54974314  -1075.56055871  -1075.56210799  -1075.54228357  -1075.53755974  -1075.53936147  -1075.54627189  -1075.57151091  -1075.58071250  -1075.58160718 
max(|Fr_perp|)   :   0.00000000    0.00088562    0.00156710    0.00465420    0.00077075    0.00135790    0.00171737    0.00104014    0.00043887    0.00000000 
Fr_paral         :   0.00000000    0.00220883   -0.01064307   -0.01940074    0.00003016    0.01086402    0.02838337    0.01425298    0.00106280    0.00000000 
max(|Fsp_paral|) :   0.00000000    0.00046420    0.00094054    0.00395752    0.01474697    0.00100660    0.00085244    0.00089939    0.00020943    0.00000000 
max(|Fsp_perp|)  :   0.00000000    0.00000000    0.00000000    0.00000000    0.00000000    0.00000000    0.00000000    0.00000000    0.00000000    0.00000000 
max(|FNEB|)      :   0.00000000    0.00111754    0.00197552    0.00355216    0.00077073    0.00076786    0.00084264    0.00107698    0.00043857    0.00000000 
max(|Force|)     :   0.00161362    0.00141838    0.00491787    0.01382282    0.00077077    0.00623124    0.01667756    0.00676272    0.00051148    0.00144002 
ksp              :   0.01000000    0.01000000    0.06510461    0.10000000    0.10000000    0.08669044    0.03564242    0.01000000    0.01000000 
max(|step|)      :   0.00000000    0.00407811    0.01123261    0.00737271    0.00779113    0.00787962    0.00814526    0.01128535    0.00421748    0.00000000 
angle (deg.)     :    38.9875  98.9630  42.4989  67.0260  42.7444  26.3528  74.5669  44.8370 
>
iteration       : 138
climbing        : yes
zoom on         : no
nim             : 10
barrier         :   0.01215543 (image:  4) 
distance        :   0.00000000    5.80582122   11.49180494   12.40353601   13.07948409   13.45717436   13.85959311   14.78574936   17.95582452   21.17449890 
energy          : -1075.54974314  -1075.56054025  -1075.56219132  -1075.54222718  -1075.53758771  -1075.53944470  -1075.54632773  -1075.57132749  -1075.58072306  -1075.58160718 
max(|Fr_perp|)   :   0.00000000    0.00194313    0.00428646    0.00581139    0.00071560    0.00130750    0.00181901    0.00099531    0.00039019    0.00000000 
Fr_paral         :   0.00000000    0.00178435   -0.01110531   -0.01928859    0.00006882    0.01106034    0.02848345    0.01454172    0.00105229    0.00000000 
max(|Fsp_paral|) :   0.00000000    0.00044355    0.00122368    0.00365325    0.01462578    0.00137495    0.00110175    0.00047029    0.00018713    0.00000000 
max(|Fsp_perp|)  :   0.00000000    0.00000000    0.00000000    0.00000000    0.00000000    0.00000000    0.00000000    0.00000000    0.00000000    0.00000000 
max(|FNEB|)      :   0.00000000    0.00164792    0.00453335    0.00636636    0.00071554    0.00070755    0.00159812    0.00106765    0.00038851    0.00000000 
max(|Force|)     :   0.00161362    0.00244015    0.00556842    0.01368266    0.00071567    0.00627701    0.01668430    0.00703626    0.00054288    0.00144002 
ksp              :   0.01000000    0.01000000    0.06564885    0.10000000    0.10000000    0.08625065    0.03528797    0.01000000    0.01000000 
max(|step|)      :   0.00000000    0.00094774    0.00218659    0.00268865    0.00074514    0.00074294    0.00078532    0.00078912    0.00037117    0.00000000 
angle (deg.)     :    38.9787  99.0037  42.4266  66.9491  42.7638  26.3824  74.5480  44.8633 
>
iteration       : 139
climbing        : yes
zoom on         : no
nim             : 10
barrier         :   0.01215264 (image:  4) 
distance        :   0.00000000    5.80464188   11.49308713   12.40230010   13.07947089   13.45736916   13.85990834   14.78478648   17.95464507   21.17289114 
energy          : -1075.54974314  -1075.56054397  -1075.56221451  -1075.54230213  -1075.53759050  -1075.53944993  -1075.54634039  -1075.57131640  -1075.58072437  -1075.58160718 
max(|Fr_perp|)   :   0.00000000    0.00083029    0.00190858    0.00459647    0.00068229    0.00131251    0.00146363    0.00076099    0.00015779    0.00000000 
Fr_paral         :   0.00000000    0.00196077   -0.01094952   -0.01945787    0.00006805    0.01106709    0.02852031    0.01456259    0.00105420    0.00000000 
max(|Fsp_paral|) :   0.00000000    0.00043009    0.00094639    0.00402022    0.01465117    0.00138299    0.00117217    0.00041098    0.00018626    0.00000000 
max(|Fsp_perp|)  :   0.00000000    0.00000000    0.00000000    0.00000000    0.00000000    0.00000000    0.00000000    0.00000000    0.00000000    0.00000000 
max(|FNEB|)      :   0.00000000    0.00081335    0.00194764    0.00166726    0.00068222    0.00067491    0.00068749    0.00073822    0.00031507    0.00000000 
max(|Force|)     :   0.00161362    0.00137678    0.00530677    0.01377635    0.00068235    0.00628332    0.01672083    0.00705574    0.00053388    0.00144002 
ksp              :   0.01000000    0.01000000    0.06510656    0.10000000    0.10000000    0.08622940    0.03520004    0.01000000    0.01000000 
max(|step|)      :   0.00000000    0.00291730    0.00478968    0.00571520    0.00582880    0.00586515    0.00606399    0.00724068    0.00304795    0.00000000 
angle (deg.)     :    38.8948  98.3295  42.2594  66.8170  42.9215  26.6185  74.4391  45.0854 
>
iteration       : 140
climbing        : yes
zoom on         : no
nim             : 10
barrier         :   0.01213215 (image:  4) 
distance        :   0.00000000    5.79697915   11.49067899   12.39600907   13.07592363   13.45598046   13.85744055   14.77208179   17.94145751   21.15600698 
energy          : -1075.54974314  -1075.56053196  -1075.56226605  -1075.54237336  -1075.53761099  -1075.53949987  -1075.54638273  -1075.57118481  -1075.58073200  -1075.58160718 
max(|Fr_perp|)   :   0.00000000    0.00060194    0.00157817    0.00474515    0.00067008    0.00131376    0.00125522    0.00070475    0.00013240    0.00000000 
Fr_paral         :   0.00000000    0.00213809   -0.01072857   -0.01957815    0.00008509    0.01116310    0.02859370    0.01471853    0.00105538    0.00000000 
max(|Fsp_paral|) :   0.00000000    0.00038253    0.00066576    0.00444556    0.01467350    0.00156471    0.00140353    0.00012158    0.00017352    0.00000000 
max(|Fsp_perp|)  :   0.00000000    0.00000000    0.00000000    0.00000000    0.00000000    0.00000000    0.00000000    0.00000000    0.00000000    0.00000000 
max(|FNEB|)      :   0.00000000    0.00079311    0.00146748    0.00225416    0.00066999    0.00066226    0.00062231    0.00068115    0.00029271    0.00000000 
max(|Force|)     :   0.00161362    0.00102588    0.00488029    0.01396251    0.00067018    0.00632574    0.01678698    0.00724813    0.00052386    0.00144002 
ksp              :   0.01000000    0.01000000    0.06467127    0.10000000    0.10000000    0.08598767    0.03492855    0.01000000    0.01000000 
max(|step|)      :   0.00000000    0.00468113    0.00680063    0.00905602    0.00918118    0.00922804    0.00946364    0.01031726    0.00473230    0.00000000 
angle (deg.)     :    38.7677  97.4359  42.0445  66.6483  43.2110  26.9766  74.3020  45.4249 
>
iteration       : 141
climbing        : yes
zoom on         : no
nim             : 10
barrier         :   0.01210040 (image:  4) 
distance        :   0.00000000    5.78493268   11.49009039   12.39034353   13.07456103   13.45726495   13.85745794   14.75804007   17.92614456   21.13500675 
energy          : -1075.54974314  -1075.56051017  -1075.56231759  -1075.54247525  -1075.53764274  -1075.53956669  -1075.54643220  -1075.57098491  -1075.58074369  -1075.58160718 
max(|Fr_perp|)   :   0.00000000    0.00119867    0.00277092    0.00503353    0.00066403    0.00133788    0.00123402    0.00111955    0.00023205    0.00000000 
Fr_paral         :   0.00000000    0.00222488   -0.01033403   -0.01971371    0.00010681    0.01126919    0.02865822    0.01494138    0.00105504    0.00000000 
max(|Fsp_paral|) :   0.00000000    0.00029579    0.00025717    0.00504534    0.01473824    0.00178335    0.00170189    0.00023902    0.00015605    0.00000000 
max(|Fsp_perp|)  :   0.00000000    0.00000000    0.00000000    0.00000000    0.00000000    0.00000000    0.00000000    0.00000000    0.00000000    0.00000000 
max(|FNEB|)      :   0.00000000    0.00134696    0.00268779    0.00444502    0.00066390    0.00065510    0.00093602    0.00114895    0.00026448    0.00000000 
max(|Force|)     :   0.00161362    0.00159923    0.00449055    0.01427253    0.00066416    0.00639011    0.01682489    0.00752461    0.00051168    0.00144002 
ksp              :   0.01000000    0.01000000    0.06405683    0.10000000    0.10000000    0.08569006    0.03462597    0.01000000    0.01000000 
max(|step|)      :   0.00000000    0.01049088    0.01474269    0.02038019    0.02053063    0.02061345    0.02105095    0.02045622    0.01042774    0.00000000 
angle (deg.)     :    38.4891  95.6685  41.8237  66.4869  43.9326  27.6461  74.0974  46.1629 
>
iteration       : 142
climbing        : yes
zoom on         : no
nim             : 10
barrier         :   0.01202981 (image:  4) 
distance        :   0.00000000    5.75848515   11.49411023   12.38982050   13.08161670   13.46860303   13.86659721   14.74080137   17.90498379   21.10144561 
energy          : -1075.54974314  -1075.56046771  -1075.56240804  -1075.54270394  -1075.53771333  -1075.53969128  -1075.54650388  -1075.57056754  -1075.58076964  -1075.58160718 
max(|Fr_perp|)   :   0.00000000    0.00092019    0.00277186    0.00547234    0.00072610    0.00140587    0.00217062    0.00157281    0.00024725    0.00000000 
Fr_paral         :   0.00000000    0.00217648   -0.00939310   -0.02002458    0.00014716    0.01141064    0.02867552    0.01534557    0.00105385    0.00000000 
max(|Fsp_paral|) :   0.00000000    0.00008496    0.00052136    0.00607684    0.01485449    0.00213712    0.00219264    0.00082336    0.00012272    0.00000000 
max(|Fsp_perp|)  :   0.00000000    0.00000000    0.00000000    0.00000000    0.00000000    0.00000000    0.00000000    0.00000000    0.00000000    0.00000000 
max(|FNEB|)      :   0.00000000    0.00093104    0.00280382    0.00137316    0.00072588    0.00080101    0.00162682    0.00160183    0.00024203    0.00000000 
max(|Force|)     :   0.00161362    0.00150260    0.00416347    0.01479581    0.00072632    0.00649828    0.01685029    0.00798154    0.00051931    0.00144002 
ksp              :   0.01000000    0.01000000    0.06266314    0.10000000    0.10000000    0.08520215    0.03423420    0.01000000    0.01000000 
max(|step|)      :   0.00000000    0.01806042    0.02706638    0.03647300    0.03649654    0.03660250    0.03695049    0.03645434    0.01815025    0.00000000 
angle (deg.)     :    38.0078  92.8503  42.1135  66.8411  45.2086  28.0393  73.9841  47.4140 
>
iteration       : 143
climbing        : yes
zoom on         : no
nim             : 10
barrier         :   0.01190596 (image:  4) 
distance        :   0.00000000    5.71412493   11.50847336   12.41608079   13.11455458   13.50517708   13.89998574   14.73923379   17.89395101   21.06932793 
energy          : -1075.54974314  -1075.56039419  -1075.56260228  -1075.54283605  -1075.53783718  -1075.53985098  -1075.54653814  -1075.56996421  -1075.58081376  -1075.58160718 
max(|Fr_perp|)   :   0.00000000    0.00082788    0.00306047    0.00756235    0.00066950    0.00156853    0.00336338    0.00236285    0.00064505    0.00000000 
Fr_paral         :   0.00000000    0.00197344   -0.00794256   -0.01984397    0.00019601    0.01143975    0.02846910    0.01603403    0.00103623    0.00000000 
max(|Fsp_paral|) :   0.00000000    0.00029935    0.00063380    0.00615440    0.01498494    0.00246943    0.00262665    0.00134390    0.00007758    0.00000000 
max(|Fsp_perp|)  :   0.00000000    0.00000000    0.00000000    0.00000000    0.00000000    0.00000000    0.00000000    0.00000000    0.00000000    0.00000000 
max(|FNEB|)      :   0.00000000    0.00097102    0.00301614    0.00689565    0.00066918    0.00097552    0.00236570    0.00247786    0.00064444    0.00000000 
max(|Force|)     :   0.00161362    0.00120842    0.00382251    0.01535804    0.00066982    0.00662081    0.01668999    0.00879357    0.00064773    0.00144002 
ksp              :   0.01000000    0.01000000    0.06221230    0.10000000    0.10000000    0.08477722    0.03422736    0.01000000    0.01000000 
max(|step|)      :   0.00000000    0.02452933    0.03865406    0.05138754    0.05118577    0.05129859    0.05168784    0.05116415    0.02516181    0.00000000 
angle (deg.)     :    37.3739  89.3700  43.1460  67.8356  46.8623  27.5639  74.1622  49.1334 
>
iteration       : 144
climbing        : yes
zoom on         : no
nim             : 10
barrier         :   0.01173788 (image:  4) 
distance        :   0.00000000    5.65531579   11.53526730   12.47648528   13.17989448   13.57218750   13.96274560   14.76400460   17.90428249   21.05119139 
energy          : -1075.54974314  -1075.56029037  -1075.56295096  -1075.54303707  -1075.53800525  -1075.54001648  -1075.54652832  -1075.56925611  -1075.58087527  -1075.58160718 
max(|Fr_perp|)   :   0.00000000    0.00139101    0.00358120    0.00668252    0.00070550    0.00177647    0.00428343    0.00249181    0.00023268    0.00000000 
Fr_paral         :   0.00000000    0.00196445   -0.00635188   -0.01974544    0.00024723    0.01129083    0.02810197    0.01682246    0.00104211    0.00000000 
max(|Fsp_paral|) :   0.00000000    0.00084271    0.00041931    0.00568937    0.01512331    0.00269197    0.00292272    0.00169449    0.00002447    0.00000000 
max(|Fsp_perp|)  :   0.00000000    0.00000000    0.00000000    0.00000000    0.00000000    0.00000000    0.00000000    0.00000000    0.00000000    0.00000000 
max(|FNEB|)      :   0.00000000    0.00179626    0.00340517    0.00188149    0.00070520    0.00114089    0.00294028    0.00303369    0.00022890    0.00000000 
max(|Force|)     :   0.00161362    0.00174854    0.00407246    0.01564626    0.00070580    0.00668175    0.01653162    0.00919615    0.00051192    0.00144002 
ksp              :   0.01000000    0.01000000    0.06141863    0.10000000    0.10000000    0.08457900    0.03464951    0.01000000    0.01000000 
max(|step|)      :   0.00000000    0.04577623    0.07623347    0.10000000    0.09937531    0.09954549    0.09992365    0.09958626    0.04840612    0.00000000 
angle (deg.)     :    36.3053  83.9512  46.0820  70.4644  49.6930  24.9726  75.3565  52.4462 
>
iteration       : 145
climbing        : yes
zoom on         : no
nim             : 10
barrier         :   0.01142978 (image:  4) 
distance        :   0.00000000    5.55029126   11.60044579   12.63436486   13.34368605   13.73469413   14.11627995   14.86446325   17.97776546   21.07233611 
energy          : -1075.54974314  -1075.56009541  -1075.56373905  -1075.54324118  -1075.53831336  -1075.54024047  -1075.54641313  -1075.56803515  -1075.58098955  -1075.58160718 
max(|Fr_perp|)   :   0.00000000    0.00117128    0.00351327    0.00692841    0.00113372    0.00209588    0.00476983    0.00277228    0.00038886    0.00000000 
Fr_paral         :   0.00000000    0.00239381   -0.00448896   -0.01920248    0.00031876    0.01071978    0.02726901    0.01793828    0.00103925    0.00000000 
max(|Fsp_paral|) :   0.00000000    0.00189403    0.00111670    0.00342072    0.01552642    0.00282473    0.00290319    0.00201263    0.00006595    0.00000000 
max(|Fsp_perp|)  :   0.00000000    0.00000000    0.00000000    0.00000000    0.00000000    0.00000000    0.00000000    0.00000000    0.00000000    0.00000000 
max(|FNEB|)      :   0.00000000    0.00270834    0.00361283    0.00334690    0.00113870    0.00117686    0.00351429    0.00399605    0.00041868    0.00000000 
max(|Force|)     :   0.00161362    0.00193449    0.00423993    0.01553176    0.00113941    0.00659878    0.01629122    0.01001411    0.00054103    0.00144002 
ksp              :   0.01000000    0.01000000    0.06122885    0.10000000    0.10000000    0.08481624    0.03621952    0.01000000    0.01000000 
max(|step|)      :   0.00000000    0.00825683    0.01101431    0.01020358    0.00347152    0.00358785    0.01071389    0.01218261    0.00127641    0.00000000 
angle (deg.)     :    36.3869  84.5713  46.0457  70.8219  49.2155  22.3415  75.3145  52.3395 
>
iteration       : 146
climbing        : yes
zoom on         : no
nim             : 10
barrier         :   0.01142345 (image:  4) 
distance        :   0.00000000    5.56552707   11.61918767   12.64877445   13.36444729   13.75014023   14.13064840   14.89467628   17.99531580   21.09006333 
energy          : -1075.54974314  -1075.56009608  -1075.56394748  -1075.54343996  -1075.53831969  -1075.54015941  -1075.54633594  -1075.56844785  -1075.58098696  -1075.58160718 
max(|Fr_perp|)   :   0.00000000    0.00473274    0.00788387    0.00602544    0.00153699    0.00219170    0.00542385    0.00494279    0.00132299    0.00000000 
Fr_paral         :   0.00000000    0.00146323   -0.00608982   -0.01981651    0.00027712    0.01041532    0.02720477    0.01797631    0.00104350    0.00000000 
max(|Fsp_paral|) :   0.00000000    0.00185195    0.00034919    0.00463972    0.01610056    0.00253469    0.00240357    0.00141148    0.00002101    0.00000000 
max(|Fsp_perp|)  :   0.00000000    0.00000000    0.00000000    0.00000000    0.00000000    0.00000000    0.00000000    0.00000000    0.00000000    0.00000000 
max(|FNEB|)      :   0.00000000    0.00561377    0.00795580    0.00263492    0.00153709    0.00223020    0.00512696    0.00483674    0.00131929    0.00000000 
max(|Force|)     :   0.00161362    0.00499823    0.00758961    0.01509064    0.00153688    0.00633509    0.01601327    0.00962667    0.00132650    0.00144002 
ksp              :   0.01000000    0.01000000    0.05965973    0.10000000    0.10000000    0.08550566    0.03684368    0.01000000    0.01000000 
max(|step|)      :   0.00000000    0.00612033    0.00831917    0.00762257    0.00295324    0.00311898    0.00872551    0.01082206    0.00056711    0.00000000 
angle (deg.)     :    36.4464  85.1428  46.1299  71.2083  48.9824  20.6802  75.3015  52.2456 
>
iteration       : 147
climbing        : yes
zoom on         : no
nim             : 10
barrier         :   0.01141972 (image:  4) 
distance        :   0.00000000    5.57993589   11.63464786   12.66489170   13.38531744   13.76651091   14.14693858   14.92566884   18.01511307   21.10996767 
energy          : -1075.54974314  -1075.56015836  -1075.56420759  -1075.54359590  -1075.53832342  -1075.54009370  -1075.54630305  -1075.56879789  -1075.58098955  -1075.58160718 
max(|Fr_perp|)   :   0.00000000    0.00201806    0.00333820    0.00531656    0.00133415    0.00184219    0.00174743    0.00254829    0.00047072    0.00000000 
Fr_paral         :   0.00000000    0.00181647   -0.00617886   -0.02027467    0.00024281    0.01017554    0.02721791    0.01813966    0.00104486    0.00000000 
max(|Fsp_paral|) :   0.00000000    0.00180182    0.00012891    0.00549573    0.01653794    0.00226273    0.00208233    0.00097311    0.00001934    0.00000000 
max(|Fsp_perp|)  :   0.00000000    0.00000000    0.00000000    0.00000000    0.00000000    0.00000000    0.00000000    0.00000000    0.00000000    0.00000000 
max(|FNEB|)      :   0.00000000    0.00287737    0.00341756    0.00168225    0.00133468    0.00133058    0.00145153    0.00252906    0.00046738    0.00000000 
max(|Force|)     :   0.00161362    0.00234853    0.00454342    0.01473701    0.00133363    0.00611850    0.01607073    0.00930904    0.00047682    0.00144002 
ksp              :   0.01000000    0.01000000    0.05844701    0.10000000    0.10000000    0.08604826    0.03711170    0.01000000    0.01000000 
max(|step|)      :   0.00000000    0.00986708    0.01338775    0.00778029    0.00284854    0.00454599    0.01050677    0.01680201    0.00057207    0.00000000 
angle (deg.)     :    36.5434  86.1531  46.2423  71.9318  48.9992  19.6702  75.2481  52.1082 
>
iteration       : 148
climbing        : yes
zoom on         : no
nim             : 10
barrier         :   0.01140922 (image:  4) 
distance        :   0.00000000    5.60495522   11.66079212   12.70289262   13.42787445   13.80282108   14.18377621   14.98656281   18.05836070   21.15317876 
energy          : -1075.54974314  -1075.56022158  -1075.56444922  -1075.54371971  -1075.53833391  -1075.54000020  -1075.54618100  -1075.56924610  -1075.58099067  -1075.58160718 
max(|Fr_perp|)   :   0.00000000    0.00134995    0.00350148    0.00464952    0.00135764    0.00175423    0.00160972    0.00199641    0.00028006    0.00000000 
Fr_paral         :   0.00000000    0.00217664   -0.00561659   -0.02063048    0.00018884    0.00979180    0.02683837    0.01835948    0.00104516    0.00000000 
max(|Fsp_paral|) :   0.00000000    0.00171144    0.00023874    0.00592635    0.01700376    0.00185028    0.00134084    0.00006303    0.00008258    0.00000000 
max(|Fsp_perp|)  :   0.00000000    0.00000000    0.00000000    0.00000000    0.00000000    0.00000000    0.00000000    0.00000000    0.00000000    0.00000000 
max(|FNEB|)      :   0.00000000    0.00255545    0.00358804    0.00160268    0.00135741    0.00135573    0.00120762    0.00198641    0.00028019    0.00000000 
max(|Force|)     :   0.00161362    0.00193397    0.00445773    0.01438242    0.00135787    0.00586576    0.01599008    0.00883388    0.00053936    0.00144002 
ksp              :   0.01000000    0.01000000    0.05751491    0.10000000    0.10000000    0.08685573    0.03809941    0.01000000    0.01000000 
max(|step|)      :   0.00000000    0.01206626    0.01596091    0.00498568    0.00465906    0.00456140    0.00889616    0.01781134    0.00110018    0.00000000 
angle (deg.)     :    36.6760  87.4351  46.2787  72.7238  49.2727  19.8983  75.0808  51.9787 
>
iteration       : 149
climbing        : yes
zoom on         : no
nim             : 10
barrier         :   0.01139284 (image:  4) 
distance        :   0.00000000    5.63774403   11.69470436   12.75966327   13.48756013   13.85702466   14.24048383   15.06706051   18.11906320   21.21341658 
energy          : -1075.54974314  -1075.56029877  -1075.56471282  -1075.54380547  -1075.53835030  -1075.53991658  -1075.54605264  -1075.56964701  -1075.58099011  -1075.58160718 
max(|Fr_perp|)   :   0.00000000    0.00086638    0.00297331    0.00444337    0.00072528    0.00172126    0.00414093    0.00346620    0.00107894    0.00000000 
Fr_paral         :   0.00000000    0.00217804   -0.00457868   -0.02081045    0.00012755    0.00939853    0.02628761    0.01863084    0.00106575    0.00000000 
max(|Fsp_paral|) :   0.00000000    0.00159097    0.00001247    0.00579088    0.01728240    0.00140084    0.00065627    0.00085423    0.00015240    0.00000000 
max(|Fsp_perp|)  :   0.00000000    0.00000000    0.00000000    0.00000000    0.00000000    0.00000000    0.00000000    0.00000000    0.00000000    0.00000000 
max(|FNEB|)      :   0.00000000    0.00198910    0.00294744    0.00202343    0.00072510    0.00170433    0.00433346    0.00348415    0.00108149    0.00000000 
max(|Force|)     :   0.00161362    0.00145186    0.00329614    0.01433154    0.00072547    0.00564583    0.01570116    0.00949352    0.00107673    0.00144002 
ksp              :   0.01000000    0.01000000    0.05690578    0.10000000    0.10000000    0.08762682    0.03915379    0.01000000    0.01000000 
max(|step|)      :   0.00000000    0.01723743    0.02291166    0.00675036    0.00636053    0.00623591    0.00670790    0.01981064    0.00182614    0.00000000 
angle (deg.)     :    36.8514  89.1223  46.3992  73.5271  49.6427  20.7381  74.7332  51.8609 
>
iteration       : 150
climbing        : yes
zoom on         : no
nim             : 10
barrier         :   0.01137582 (image:  4) 
distance        :   0.00000000    5.68400315   11.74179941   12.84185027   13.57224584   13.93727818   14.32562436   15.17498213   18.20318602   21.29638857 
energy          : -1075.54974314  -1075.56039405  -1075.56494318  -1075.54391270  -1075.53836731  -1075.53984562  -1075.54599652  -1075.57003712  -1075.58099411  -1075.58160718 
max(|Fr_perp|)   :   0.00000000    0.00200185    0.00277739    0.00462249    0.00084715    0.00167494    0.00289730    0.00215764    0.00086551    0.00000000 
Fr_paral         :   0.00000000    0.00245802   -0.00288811   -0.02099916    0.00005313    0.00904377    0.02595055    0.01902904    0.00103739    0.00000000 
max(|Fsp_paral|) :   0.00000000    0.00141837    0.00044472    0.00537149    0.01741548    0.00092161    0.00032797    0.00152011    0.00023477    0.00000000 
max(|Fsp_perp|)  :   0.00000000    0.00000000    0.00000000    0.00000000    0.00000000    0.00000000    0.00000000    0.00000000    0.00000000    0.00000000 
max(|FNEB|)      :   0.00000000    0.00226810    0.00295624    0.00242595    0.00084694    0.00086899    0.00251590    0.00271421    0.00087356    0.00000000 
max(|Force|)     :   0.00161362    0.00192729    0.00326833    0.01460776    0.00084735    0.00544536    0.01539201    0.01069627    0.00087632    0.00144002 
ksp              :   0.01000000    0.01000000    0.05612761    0.10000000    0.10000000    0.08830436    0.03964140    0.01000000    0.01000000 
max(|step|)      :   0.00000000    0.00997214    0.01124746    0.00425441    0.00367599    0.00362278    0.00364232    0.00587508    0.00138801    0.00000000 
angle (deg.)     :    36.9429  89.9241  46.5349  73.5806  49.6110  20.9096  74.3828  51.8626 
>
iteration       : 151
climbing        : yes
zoom on         : no
nim             : 10
barrier         :   0.01136655 (image:  4) 
distance        :   0.00000000    5.70875334   11.76690616   12.88536514   13.61592787   13.98198406   14.37211675   15.22269486   18.24206946   21.33404421 
energy          : -1075.54974314  -1075.56045583  -1075.56507644  -1075.54396561  -1075.53837659  -1075.53985407  -1075.54605143  -1075.57012640  -1075.58099815  -1075.58160718 
max(|Fr_perp|)   :   0.00000000    0.00069372    0.00294832    0.00510291    0.00102911    0.00169630    0.00272339    0.00204701    0.00035080    0.00000000 
Fr_paral         :   0.00000000    0.00215770   -0.00261555   -0.02103693    0.00002369    0.00903335    0.02613469    0.01922977    0.00105878    0.00000000 
max(|Fsp_paral|) :   0.00000000    0.00132616    0.00067782    0.00505640    0.01729495    0.00089713    0.00057211    0.00141281    0.00026247    0.00000000 
max(|Fsp_perp|)  :   0.00000000    0.00000000    0.00000000    0.00000000    0.00000000    0.00000000    0.00000000    0.00000000    0.00000000    0.00000000 
max(|FNEB|)      :   0.00000000    0.00162990    0.00323767    0.00161854    0.00102907    0.00103268    0.00212462    0.00251038    0.00041372    0.00000000 
max(|Force|)     :   0.00161362    0.00118062    0.00313282    0.01503825    0.00102914    0.00545451    0.01533571    0.01060355    0.00053328    0.00144002 
ksp              :   0.01000000    0.01000000    0.05574629    0.10000000    0.10000000    0.08830137    0.03923079    0.01000000    0.01000000 
max(|step|)      :   0.00000000    0.02301921    0.02674941    0.00920068    0.00846922    0.00835461    0.00850423    0.01208432    0.00353377    0.00000000 
angle (deg.)     :    37.1536  91.6686  47.2622  73.4528  49.4668  21.6052  73.5612  51.9155 
>
iteration       : 152
climbing        : yes
zoom on         : no
nim             : 10
barrier         :   0.01134264 (image:  4) 
distance        :   0.00000000    5.76608262   11.82497247   12.98394420   13.71589425   14.08633523   14.47932789   15.32878183   18.33048682   21.41916966 
energy          : -1075.54974314  -1075.56056871  -1075.56525934  -1075.54404613  -1075.53840049  -1075.53990188  -1075.54618439  -1075.57023661  -1075.58100494  -1075.58160718 
max(|Fr_perp|)   :   0.00000000    0.00242588    0.00440594    0.00627015    0.00126574    0.00177817    0.00215279    0.00173350    0.00049089    0.00000000 
Fr_paral         :   0.00000000    0.00173926   -0.00209448   -0.02099225   -0.00003785    0.00911380    0.02656002    0.01949519    0.00106017    0.00000000 
max(|Fsp_paral|) :   0.00000000    0.00111200    0.00132162    0.00428321    0.01704094    0.00100578    0.00114864    0.00109433    0.00031489    0.00000000 
max(|Fsp_perp|)  :   0.00000000    0.00000000    0.00000000    0.00000000    0.00000000    0.00000000    0.00000000    0.00000000    0.00000000    0.00000000 
max(|FNEB|)      :   0.00000000    0.00326209    0.00495559    0.00197835    0.00126579    0.00127099    0.00130928    0.00172004    0.00048941    0.00000000 
max(|Force|)     :   0.00161362    0.00291846    0.00407464    0.01602717    0.00126569    0.00555573    0.01533757    0.00989963    0.00049527    0.00144002 
ksp              :   0.01000000    0.01000000    0.05520382    0.10000000    0.10000000    0.08808698    0.03823740    0.01000000    0.01000000 
max(|step|)      :   0.00000000    0.03324158    0.04102690    0.01253184    0.01217193    0.01201967    0.01216578    0.01359208    0.00550034    0.00000000 
angle (deg.)     :    37.4590  94.1532  48.8395  73.1211  49.4249  23.3444  72.6514  52.0324 
>
iteration       : 153
climbing        : yes
zoom on         : no
nim             : 10
barrier         :   0.01130491 (image:  4) 
distance        :   0.00000000    5.84913562   11.91250660   13.12368128   13.86226411   14.23905568   14.63353471   15.48728201   18.46530421   21.54867006 
energy          : -1075.54974314  -1075.56074911  -1075.56550736  -1075.54421715  -1075.53843823  -1075.53997467  -1075.54628752  -1075.57034643  -1075.58101331  -1075.58160718 
max(|Fr_perp|)   :   0.00000000    0.00226083    0.00480091    0.00719342    0.00100896    0.00190618    0.00372286    0.00227901    0.00170908    0.00000000 
Fr_paral         :   0.00000000    0.00170087   -0.00203900   -0.02102765   -0.00012323    0.00924313    0.02683436    0.01953130    0.00107591    0.00000000 
max(|Fsp_paral|) :   0.00000000    0.00081423    0.00190176    0.00389966    0.01698014    0.00126367    0.00141531    0.00104313    0.00038205    0.00000000 
max(|Fsp_perp|)  :   0.00000000    0.00000000    0.00000000    0.00000000    0.00000000    0.00000000    0.00000000    0.00000000    0.00000000    0.00000000 
max(|FNEB|)      :   0.00000000    0.00273158    0.00507483    0.00537110    0.00100907    0.00101759    0.00377311    0.00227351    0.00170763    0.00000000 
max(|Force|)     :   0.00161362    0.00260482    0.00469530    0.01688257    0.00100885    0.00572770    0.01548034    0.00925229    0.00170603    0.00144002 
ksp              :   0.01000000    0.01000000    0.05399315    0.10000000    0.10000000    0.08776820    0.03751067    0.01000000    0.01000000 
max(|step|)      :   0.00000000    0.06427284    0.08028887    0.02429200    0.02366344    0.02341156    0.02412975    0.02341576    0.01135409    0.00000000 
angle (deg.)     :    38.0637  98.7506  51.9453  72.2509  49.5480  27.9278  71.3898  52.3720 
>
iteration       : 154
climbing        : yes
zoom on         : no
nim             : 10
barrier         :   0.01123784 (image:  4) 
distance        :   0.00000000    6.00676234   12.08976231   13.39792267   14.15444550   14.54357962   14.94071547   15.80547119   18.74412367   21.81613110 
energy          : -1075.54974314  -1075.56102843  -1075.56573279  -1075.54474977  -1075.53850529  -1075.54011266  -1075.54642747  -1075.57034977  -1075.58103280  -1075.58160718 
max(|Fr_perp|)   :   0.00000000    0.00528526    0.00576505    0.00779510    0.00152174    0.00290706    0.00704950    0.00405857    0.00229694    0.00000000 
Fr_paral         :   0.00000000    0.00102688   -0.00265755   -0.02172021   -0.00026820    0.00950525    0.02699941    0.01898545    0.00099756    0.00000000 
max(|Fsp_paral|) :   0.00000000    0.00029031    0.00191656    0.00473343    0.01716032    0.00178129    0.00165295    0.00109951    0.00048465    0.00000000 
max(|Fsp_perp|)  :   0.00000000    0.00000000    0.00000000    0.00000000    0.00000000    0.00000000    0.00000000    0.00000000    0.00000000    0.00000000 
max(|FNEB|)      :   0.00000000    0.00550504    0.00645285    0.00677478    0.00152262    0.00290925    0.00735018    0.00405632    0.00229650    0.00000000 
max(|Force|)     :   0.00161362    0.00558341    0.00558433    0.01781840    0.00152086    0.00601019    0.01603805    0.00863029    0.00229795    0.00144002 
ksp              :   0.01000000    0.01000000    0.04999011    0.10000000    0.10000000    0.08712717    0.03655405    0.01000000    0.01000000 
max(|step|)      :   0.00000000    0.00972593    0.01357388    0.00661386    0.00363132    0.00362856    0.00444137    0.00374641    0.00228360    0.00000000 
angle (deg.)     :    38.1239  99.4547  52.4568  71.9820  49.5206  27.8945  71.3151  52.4849 
>
iteration       : 155
climbing        : yes
zoom on         : no
nim             : 10
barrier         :   0.01122472 (image:  4) 
distance        :   0.00000000    6.02752267   12.11649011   13.43065808   14.19195570   14.58274756   14.97878834   15.84227130   18.77888726   21.84828466 
energy          : -1075.54974314  -1075.56112386  -1075.56594115  -1075.54504588  -1075.53851842  -1075.54014992  -1075.54654833  -1075.57041155  -1075.58104565  -1075.58160718 
max(|Fr_perp|)   :   0.00000000    0.00132784    0.00348452    0.00693266    0.00070326    0.00205287    0.00229761    0.00333346    0.00018210    0.00000000 
Fr_paral         :   0.00000000    0.00174921   -0.00278773   -0.02236973   -0.00027393    0.00961564    0.02746889    0.01908660    0.00103060    0.00000000 
max(|Fsp_paral|) :   0.00000000    0.00023395    0.00073272    0.00630400    0.01732286    0.00192868    0.00202444    0.00068578    0.00048223    0.00000000 
max(|Fsp_perp|)  :   0.00000000    0.00000000    0.00000000    0.00000000    0.00000000    0.00000000    0.00000000    0.00000000    0.00000000    0.00000000 
max(|FNEB|)      :   0.00000000    0.00150484    0.00324301    0.00327053    0.00070351    0.00071434    0.00169874    0.00339390    0.00062354    0.00000000 
max(|Force|)     :   0.00161362    0.00183679    0.00385212    0.01738392    0.00070301    0.00603610    0.01616882    0.00857296    0.00051452    0.00144002 
ksp              :   0.01000000    0.01000000    0.04766268    0.10000000    0.10000000    0.08691855    0.03561602    0.01000000    0.01000000 
max(|step|)      :   0.00000000    0.00367006    0.00811246    0.00902089    0.00069910    0.00099932    0.00446009    0.00925219    0.00085182    0.00000000 
angle (deg.)     :    38.0728  99.4889  52.4710  72.0378  49.4939  26.3543  71.5460  52.5676 
>
iteration       : 156
climbing        : yes
zoom on         : no
nim             : 10
barrier         :   0.01122327 (image:  4) 
distance        :   0.00000000    6.02203406   12.11562579   13.42041503   14.18251477   14.57169519   14.96483471   15.82665035   18.76859260   21.83663414 
energy          : -1075.54974314  -1075.56111292  -1075.56605880  -1075.54511198  -1075.53851986  -1075.54014298  -1075.54650263  -1075.57050305  -1075.58104788  -1075.58160718 
max(|Fr_perp|)   :   0.00000000    0.00202982    0.00367760    0.00574838    0.00085303    0.00194098    0.00166554    0.00224734    0.00044697    0.00000000 
Fr_paral         :   0.00000000    0.00224154   -0.00268135   -0.02262609   -0.00024876    0.00959683    0.02736688    0.01914332    0.00103610    0.00000000 
max(|Fsp_paral|) :   0.00000000    0.00027237    0.00023664    0.00697827    0.01751789    0.00196340    0.00174383    0.00077332    0.00045736    0.00000000 
max(|Fsp_perp|)  :   0.00000000    0.00000000    0.00000000    0.00000000    0.00000000    0.00000000    0.00000000    0.00000000    0.00000000    0.00000000 
max(|FNEB|)      :   0.00000000    0.00190000    0.00359546    0.00158017    0.00085294    0.00087495    0.00139826    0.00229663    0.00061777    0.00000000 
max(|Force|)     :   0.00161362    0.00217534    0.00401967    0.01648524    0.00085313    0.00593206    0.01617477    0.00912273    0.00053516    0.00144002 
ksp              :   0.01000000    0.01000000    0.04713748    0.10000000    0.10000000    0.08698415    0.03598577    0.01000000    0.01000000 
max(|step|)      :   0.00000000    0.01201012    0.01938134    0.00646348    0.00659039    0.00662593    0.00673726    0.00713875    0.00427784    0.00000000 
angle (deg.)     :    38.1465  100.4608  53.1207  72.0397  49.5749  25.9021  71.5573  52.8084 
>
iteration       : 157
climbing        : yes
zoom on         : no
nim             : 10
barrier         :   0.01120490 (image:  4) 
distance        :   0.00000000    6.05235341   12.15708683   13.48172189   14.24501846   14.63530543   15.02680728   15.88562574   18.82762464   21.89059404 
energy          : -1075.54974314  -1075.56117942  -1075.56622324  -1075.54513628  -1075.53853823  -1075.54017453  -1075.54651021  -1075.57052059  -1075.58105761  -1075.58160718 
max(|Fr_perp|)   :   0.00000000    0.00213985    0.00322046    0.00507211    0.00090100    0.00183829    0.00213197    0.00193317    0.00038141    0.00000000 
Fr_paral         :   0.00000000    0.00224087   -0.00261810   -0.02269018   -0.00024134    0.00964829    0.02733220    0.01893710    0.00102538    0.00000000 
max(|Fsp_paral|) :   0.00000000    0.00019941    0.00050985    0.00673501    0.01762286    0.00209590    0.00170123    0.00070678    0.00043783    0.00000000 
max(|Fsp_perp|)  :   0.00000000    0.00000000    0.00000000    0.00000000    0.00000000    0.00000000    0.00000000    0.00000000    0.00000000    0.00000000 
max(|FNEB|)      :   0.00000000    0.00204556    0.00305813    0.00189949    0.00090094    0.00092269    0.00187107    0.00190397    0.00061257    0.00000000 
max(|Force|)     :   0.00161362    0.00211304    0.00354946    0.01593523    0.00090107    0.00586329    0.01618701    0.00914732    0.00054483    0.00144002 
ksp              :   0.01000000    0.01000000    0.04700314    0.10000000    0.10000000    0.08685691    0.03596746    0.01000000    0.01000000 
max(|step|)      :   0.00000000    0.06482857    0.10000000    0.03251310    0.03284463    0.03291679    0.03313736    0.03259875    0.01986890    0.00000000 
angle (deg.)     :    38.6129  105.1662  56.1997  72.0462  50.0823  25.6230  71.3489  53.8268 
>
iteration       : 158
climbing        : yes
zoom on         : no
nim             : 10
barrier         :   0.01111713 (image:  4) 
distance        :   0.00000000    6.21335690   12.37280739   13.81231202   14.58586166   14.98050448   15.37031465   16.22523354   19.15446511   22.19485974 
energy          : -1075.54974314  -1075.56149371  -1075.56662329  -1075.54533243  -1075.53862600  -1075.54028907  -1075.54650488  -1075.57053147  -1075.58109696  -1075.58160718 
max(|Fr_perp|)   :   0.00000000    0.00433610    0.00452211    0.00580550    0.00116454    0.00182397    0.00881268    0.00344248    0.00122373    0.00000000 
Fr_paral         :   0.00000000    0.00266447   -0.00195643   -0.02270475   -0.00025320    0.00972103    0.02686068    0.01773617    0.00100496    0.00000000 
max(|Fsp_paral|) :   0.00000000    0.00020486    0.00188790    0.00558486    0.01806618    0.00239633    0.00147355    0.00081822    0.00039907    0.00000000 
max(|Fsp_perp|)  :   0.00000000    0.00000000    0.00000000    0.00000000    0.00000000    0.00000000    0.00000000    0.00000000    0.00000000    0.00000000 
max(|FNEB|)      :   0.00000000    0.00447630    0.00498678    0.00476432    0.00122408    0.00122286    0.00927799    0.00365693    0.00128646    0.00000000 
max(|Force|)     :   0.00161362    0.00477240    0.00465096    0.01513470    0.00122358    0.00571894    0.01614892    0.00865154    0.00128552    0.00144002 
ksp              :   0.01000000    0.01000000    0.04575069    0.10000000    0.10000000    0.08653408    0.03629464    0.01000000    0.01000000 
max(|step|)      :   0.00000000    0.00337345    0.00375816    0.00359051    0.00092250    0.00092158    0.00699213    0.00275595    0.00096951    0.00000000 
angle (deg.)     :    38.6182  105.2618  56.1137  72.0710  50.0411  25.2372  71.3640  53.8537 
>
iteration       : 159
climbing        : yes
zoom on         : no
nim             : 10
barrier         :   0.01111362 (image:  4) 
distance        :   0.00000000    6.21295420   12.37646271   13.81421740   14.58777405   14.98147629   15.37205890   16.22543469   19.15539619   22.19524442 
energy          : -1075.54974314  -1075.56152566  -1075.56672505  -1075.54541029  -1075.53862951  -1075.54028414  -1075.54659742  -1075.57055752  -1075.58110305  -1075.58160718 
max(|Fr_perp|)   :   0.00000000    0.00087110    0.00170735    0.00438223    0.00059038    0.00180239    0.00248567    0.00154321    0.00029191    0.00000000 
Fr_paral         :   0.00000000    0.00185184   -0.00256171   -0.02294078   -0.00024698    0.00968193    0.02729743    0.01800152    0.00099187    0.00000000 
max(|Fsp_paral|) :   0.00000000    0.00018857    0.00141013    0.00606531    0.01804050    0.00231623    0.00193614    0.00045829    0.00039458    0.00000000 
max(|Fsp_perp|)  :   0.00000000    0.00000000    0.00000000    0.00000000    0.00000000    0.00000000    0.00000000    0.00000000    0.00000000    0.00000000 
max(|FNEB|)      :   0.00000000    0.00072418    0.00198877    0.00281162    0.00059041    0.00073824    0.00253491    0.00136467    0.00056044    0.00000000 
max(|Force|)     :   0.00161362    0.00141383    0.00195293    0.01548705    0.00059035    0.00570215    0.01611808    0.00860102    0.00052101    0.00144002 
ksp              :   0.01000000    0.01000000    0.04508816    0.10000000    0.10000000    0.08660058    0.03547456    0.01000000    0.01000000 
max(|step|)      :   0.00000000    0.00054017    0.00150445    0.00229746    0.00043151    0.00056030    0.00090174    0.00092711    0.00041702    0.00000000 
angle (deg.)     :    38.6100  105.3251  56.0569  72.1173  50.0544  24.9999  71.3986  53.8789 
>
iteration       : 160
climbing        : yes
zoom on         : no
nim             : 10
barrier         :   0.01111225 (image:  4) 
distance        :   0.00000000    6.21258185   12.37867604   13.81556242   14.58867046   14.98153817   15.37214132   16.22531134   19.15590454   22.19521336 
energy          : -1075.54974314  -1075.56152589  -1075.56675650  -1075.54542359  -1075.53863088  -1075.54027759  -1075.54659422  -1075.57056249  -1075.58110415  -1075.58160718 
max(|Fr_perp|)   :   0.00000000    0.00099746    0.00161418    0.00462031    0.00060748    0.00179019    0.00152785    0.00149310    0.00021111    0.00000000 
Fr_paral         :   0.00000000    0.00180007   -0.00263555   -0.02298191   -0.00024075    0.00964514    0.02731304    0.01805293    0.00099251    0.00000000 
max(|Fsp_paral|) :   0.00000000    0.00017730    0.00131431    0.00611520    0.01801717    0.00226657    0.00194264    0.00046239    0.00039027    0.00000000 
max(|Fsp_perp|)  :   0.00000000    0.00000000    0.00000000    0.00000000    0.00000000    0.00000000    0.00000000    0.00000000    0.00000000    0.00000000 
max(|FNEB|)      :   0.00000000    0.00085920    0.00181718    0.00211416    0.00060753    0.00066298    0.00145667    0.00119425    0.00055683    0.00000000 
max(|Force|)     :   0.00161362    0.00152511    0.00192434    0.01571005    0.00060744    0.00570495    0.01606375    0.00853161    0.00052184    0.00144002 
ksp              :   0.01000000    0.01000000    0.04498472    0.10000000    0.10000000    0.08666304    0.03550356    0.01000000    0.01000000 
max(|step|)      :   0.00000000    0.00678699    0.01687287    0.02016066    0.00566593    0.00614436    0.00952519    0.01095518    0.00521672    0.00000000 
angle (deg.)     :    38.4889  106.0319  55.8235  72.8725  50.4810  23.2484  71.8957  54.1987 
>
iteration       : 161
climbing        : yes
zoom on         : no
nim             : 10
barrier         :   0.01109700 (image:  4) 
distance        :   0.00000000    6.20825742   12.40430577   13.83728772   14.60466789   14.98820477   15.37814708   16.23140079   19.17009833   22.20270621 
energy          : -1075.54974314  -1075.56152282  -1075.56686803  -1075.54523167  -1075.53864613  -1075.54020294  -1075.54642416  -1075.57054049  -1075.58111621  -1075.58160718 
max(|Fr_perp|)   :   0.00000000    0.00229789    0.00228857    0.00709125    0.00065038    0.00197946    0.00403771    0.00183994    0.00052869    0.00000000 
Fr_paral         :   0.00000000    0.00235292   -0.00263618   -0.02248372   -0.00016665    0.00922745    0.02682831    0.01852684    0.00098723    0.00000000 
max(|Fsp_paral|) :   0.00000000    0.00004660    0.00212741    0.00464997    0.01787212    0.00175150    0.00140777    0.00096144    0.00033601    0.00000000 
max(|Fsp_perp|)  :   0.00000000    0.00000000    0.00000000    0.00000000    0.00000000    0.00000000    0.00000000    0.00000000    0.00000000    0.00000000 
max(|FNEB|)      :   0.00000000    0.00228385    0.00243494    0.00345355    0.00065050    0.00065971    0.00408927    0.00183430    0.00053149    0.00000000 
max(|Force|)     :   0.00161362    0.00251194    0.00252462    0.01757088    0.00065025    0.00575299    0.01563419    0.00844380    0.00053325    0.00144002 
ksp              :   0.01000000    0.01000000    0.04658932    0.10000000    0.10000000    0.08737379    0.03691788    0.01000000    0.01000000 
max(|step|)      :   0.00000000    0.00484514    0.00899116    0.00376437    0.00387296    0.00396118    0.00695721    0.00589448    0.00328131    0.00000000 
angle (deg.)     :    38.4476  106.6433  55.9452  73.1557  50.7345  22.7759  72.1434  54.4127 
>
iteration       : 162
climbing        : yes
zoom on         : no
nim             : 10
barrier         :   0.01108680 (image:  4) 
distance        :   0.00000000    6.20634638   12.42580519   13.85457693   14.62172768   15.00174094   15.39030608   16.24068357   19.18509623   22.21356494 
energy          : -1075.54974314  -1075.56152478  -1075.56688955  -1075.54520015  -1075.53865634  -1075.54018372  -1075.54631037  -1075.57044453  -1075.58112354  -1075.58160718 
max(|Fr_perp|)   :   0.00000000    0.00247742    0.00268702    0.00715428    0.00063057    0.00205142    0.00773271    0.00342403    0.00063692    0.00000000 
Fr_paral         :   0.00000000    0.00157688   -0.00331432   -0.02245248   -0.00012472    0.00909247    0.02638916    0.01897474    0.00099230    0.00000000 
max(|Fsp_paral|) :   0.00000000    0.00005008    0.00212716    0.00453653    0.01799687    0.00161166    0.00100222    0.00123424    0.00030000    0.00000000 
max(|Fsp_perp|)  :   0.00000000    0.00000000    0.00000000    0.00000000    0.00000000    0.00000000    0.00000000    0.00000000    0.00000000    0.00000000 
max(|FNEB|)      :   0.00000000    0.00247723    0.00282997    0.00289769    0.00063070    0.00063629    0.00771926    0.00346014    0.00063370    0.00000000 
max(|Force|)     :   0.00161362    0.00273717    0.00284125    0.01761621    0.00063044    0.00574947    0.01555489    0.00880840    0.00063138    0.00144002 
ksp              :   0.01000000    0.01000000    0.04687886    0.10000000    0.10000000    0.08760105    0.03786640    0.01000000    0.01000000 
max(|step|)      :   0.00000000    0.00088688    0.00227922    0.00270796    0.00074020    0.00074889    0.00184928    0.00141125    0.00055665    0.00000000 
angle (deg.)     :    38.4426  106.7996  56.0022  73.1127  50.7082  22.5966  72.1403  54.4542 
>
iteration       : 163
climbing        : yes
zoom on         : no
nim             : 10
barrier         :   0.01108492 (image:  4) 
distance        :   0.00000000    6.20634269   12.43046149   13.85713360   14.62522158   15.00533147   15.39359764   16.24149175   19.18708132   22.21486522 
energy          : -1075.54974314  -1075.56153136  -1075.56692118  -1075.54525644  -1075.53865821  -1075.54018915  -1075.54635554  -1075.57041762  -1075.58112523  -1075.58160718 
max(|Fr_perp|)   :   0.00000000    0.00167861    0.00178288    0.00673396    0.00061188    0.00202246    0.00461595    0.00198573    0.00040057    0.00000000 
Fr_paral         :   0.00000000    0.00169252   -0.00333762   -0.02260696   -0.00011898    0.00910994    0.02660440    0.01916963    0.00099082    0.00000000 
max(|Fsp_paral|) :   0.00000000    0.00006789    0.00177392    0.00495461    0.01806347    0.00163307    0.00119839    0.00104858    0.00029320    0.00000000 
max(|Fsp_perp|)  :   0.00000000    0.00000000    0.00000000    0.00000000    0.00000000    0.00000000    0.00000000    0.00000000    0.00000000    0.00000000 
max(|FNEB|)      :   0.00000000    0.00172911    0.00240872    0.00246291    0.00061201    0.00061745    0.00459579    0.00201125    0.00045977    0.00000000 
max(|Force|)     :   0.00161362    0.00217680    0.00228496    0.01732971    0.00061175    0.00573205    0.01556666    0.00904641    0.00051913    0.00144002 
ksp              :   0.01000000    0.01000000    0.04642812    0.10000000    0.10000000    0.08757016    0.03750435    0.01000000    0.01000000 
max(|step|)      :   0.00000000    0.00616692    0.01929443    0.00706775    0.00718072    0.00730972    0.00727139    0.01204584    0.00583987    0.00000000 
angle (deg.)     :    38.3694  108.0635  56.4519  73.2995  50.9717  21.7521  72.4730  54.8594 
>
iteration       : 164
climbing        : yes
zoom on         : no
nim             : 10
barrier         :   0.01106685 (image:  4) 
distance        :   0.00000000    6.20468772   12.47167386   13.88935266   14.65989349   15.03668267   15.42211256   16.25861879   19.21534965   22.23587942 
energy          : -1075.54974314  -1075.56154220  -1075.56693656  -1075.54533748  -1075.53867629  -1075.54018979  -1075.54631011  -1075.57016352  -1075.58113898  -1075.58160718 
max(|Fr_perp|)   :   0.00000000    0.00054595    0.00112808    0.00551623    0.00065822    0.00198370    0.00141060    0.00125830    0.00017961    0.00000000 
Fr_paral         :   0.00000000    0.00204461   -0.00362013   -0.02285634   -0.00005090    0.00902761    0.02646804    0.02000431    0.00098312    0.00000000 
max(|Fsp_paral|) :   0.00000000    0.00023805    0.00102476    0.00575686    0.01840902    0.00157684    0.00112137    0.00096610    0.00022645    0.00000000 
max(|Fsp_perp|)  :   0.00000000    0.00000000    0.00000000    0.00000000    0.00000000    0.00000000    0.00000000    0.00000000    0.00000000    0.00000000 
max(|FNEB|)      :   0.00000000    0.00074120    0.00142718    0.00067044    0.00065832    0.00066146    0.00136732    0.00165553    0.00040197    0.00000000 
max(|Force|)     :   0.00161362    0.00128624    0.00222461    0.01640509    0.00065811    0.00565259    0.01551562    0.01005574    0.00052367    0.00144002 
ksp              :   0.01000000    0.01000000    0.04582852    0.10000000    0.10000000    0.08769162    0.03791875    0.01000000    0.01000000 
max(|step|)      :   0.00000000    0.00792115    0.02636778    0.00980392    0.01010825    0.01028747    0.01028555    0.01673979    0.00826268    0.00000000 
angle (deg.)     :    38.2798  109.7910  57.0874  73.6667  51.4088  21.0814  73.0580  55.4363 
>
iteration       : 165
climbing        : yes
zoom on         : no
nim             : 10
barrier         :   0.01104075 (image:  4) 
distance        :   0.00000000    6.20330403   12.53008772   13.94260162   14.71407157   15.08611800   15.46900877   16.29057132   19.26319630   22.27357150 
energy          : -1075.54974314  -1075.56154825  -1075.56683694  -1075.54531442  -1075.53870239  -1075.54018843  -1075.54622154  -1075.56977286  -1075.58115763  -1075.58160718 
max(|Fr_perp|)   :   0.00000000    0.00038328    0.00178486    0.00490982    0.00067142    0.00198519    0.00315761    0.00170192    0.00032060    0.00000000 
Fr_paral         :   0.00000000    0.00209405   -0.00412876   -0.02285265    0.00004305    0.00888639    0.02609175    0.02073976    0.00097443    0.00000000 
max(|Fsp_paral|) :   0.00000000    0.00047243    0.00083546    0.00577586    0.01872321    0.00143620    0.00098793    0.00095792    0.00013305    0.00000000 
max(|Fsp_perp|)  :   0.00000000    0.00000000    0.00000000    0.00000000    0.00000000    0.00000000    0.00000000    0.00000000    0.00000000    0.00000000 
max(|FNEB|)      :   0.00000000    0.00085402    0.00176736    0.00109061    0.00067131    0.00067029    0.00320259    0.00237298    0.00031732    0.00000000 
max(|Force|)     :   0.00161362    0.00118446    0.00224302    0.01588333    0.00067153    0.00557647    0.01543063    0.01068101    0.00052080    0.00144002 
ksp              :   0.01000000    0.01000000    0.04610121    0.10000000    0.10000000    0.08788629    0.03870670    0.01000000    0.01000000 
max(|step|)      :   0.00000000    0.02176231    0.07049977    0.02530140    0.02588757    0.02625526    0.02658643    0.04221682    0.02023527    0.00000000 
angle (deg.)     :    38.1412  114.2815  59.0949  74.0519  52.2415  20.6923  74.5838  56.8632 
>
iteration       : 166
climbing        : yes
zoom on         : no
nim             : 10
barrier         :   0.01098982 (image:  4) 
distance        :   0.00000000    6.20795696   12.68501860   14.10135919   14.87666389   15.24328585   15.62060433   16.40037018   19.41112790   22.39732516 
energy          : -1075.54974314  -1075.56148317  -1075.56617800  -1075.54515151  -1075.53875331  -1075.54023501  -1075.54596887  -1075.56860897  -1075.58116431  -1075.58160718 
max(|Fr_perp|)   :   0.00000000    0.00627640    0.00644431    0.00899758    0.00312070    0.00314558    0.01142582    0.00683957    0.00339330    0.00000000 
Fr_paral         :   0.00000000    0.00297105   -0.00460022   -0.02249739    0.00025067    0.00879994    0.02476045    0.02168626    0.00095338    0.00000000 
max(|Fsp_paral|) :   0.00000000    0.00103243    0.00125778    0.00490936    0.01939081    0.00140841    0.00065943    0.00087905    0.00008501    0.00000000 
max(|Fsp_perp|)  :   0.00000000    0.00000000    0.00000000    0.00000000    0.00000000    0.00000000    0.00000000    0.00000000    0.00000000    0.00000000 
max(|FNEB|)      :   0.00000000    0.00624202    0.00635013    0.00970549    0.00312101    0.00311182    0.01149111    0.00684116    0.00339276    0.00000000 
max(|Force|)     :   0.00161362    0.00623664    0.00658963    0.01495606    0.00312039    0.00546852    0.01540708    0.01155511    0.00339387    0.00144002 
ksp              :   0.01000000    0.01000000    0.04760260    0.10000000    0.10000000    0.08786576    0.04090897    0.01000000    0.01000000 
max(|step|)      :   0.00000000    0.00442647    0.00838509    0.00512127    0.00261733    0.00265224    0.00586909    0.00484544    0.00206649    0.00000000 
angle (deg.)     :    38.1621  113.8021  58.7545  74.0532  52.1449  20.3553  74.3963  56.7116 
>
iteration       : 167
climbing        : yes
zoom on         : no
nim             : 10
barrier         :   0.01098011 (image:  4) 
distance        :   0.00000000    6.20776498   12.66938393   14.08488244   14.85883805   15.22559695   15.60373315   16.38810934   19.39431958   22.38298723 
energy          : -1075.54974314  -1075.56155917  -1075.56640422  -1075.54528904  -1075.53876303  -1075.54024062  -1075.54617406  -1075.56882389  -1075.58119756  -1075.58160718 
max(|Fr_perp|)   :   0.00000000    0.00110208    0.00169877    0.00443252    0.00059279    0.00198355    0.00184965    0.00211285    0.00043869    0.00000000 
Fr_paral         :   0.00000000    0.00226864   -0.00504253   -0.02281187    0.00022825    0.00878469    0.02578621    0.02180437    0.00096422    0.00000000 
max(|Fsp_paral|) :   0.00000000    0.00097404    0.00057155    0.00558052    0.01919149    0.00137971    0.00129028    0.00035533    0.00006084    0.00000000 
max(|Fsp_perp|)  :   0.00000000    0.00000000    0.00000000    0.00000000    0.00000000    0.00000000    0.00000000    0.00000000    0.00000000    0.00000000 
max(|FNEB|)      :   0.00000000    0.00143694    0.00156855    0.00161736    0.00059207    0.00057763    0.00154424    0.00235571    0.00043808    0.00000000 
max(|Force|)     :   0.00161362    0.00133484    0.00260916    0.01544231    0.00059351    0.00550489    0.01535541    0.01119331    0.00052453    0.00144002 
ksp              :   0.01000000    0.01000000    0.04650866    0.10000000    0.10000000    0.08788875    0.03925447    0.01000000    0.01000000 
max(|step|)      :   0.00000000    0.00275873    0.00487705    0.00230191    0.00125881    0.00131189    0.00224382    0.00398827    0.00140005    0.00000000 
angle (deg.)     :    38.1960  113.5418  58.5489  73.8626  52.0077  19.9467  74.1067  56.6095 
>
iteration       : 168
climbing        : yes
zoom on         : no
nim             : 10
barrier         :   0.01098275 (image:  4) 
distance        :   0.00000000    6.21097666   12.66251425   14.07879272   14.85210146   15.22141131   15.59923519   16.38360941   19.38527463   22.37579986 
energy          : -1075.54974314  -1075.56156993  -1075.56650760  -1075.54530360  -1075.53876038  -1075.54026061  -1075.54621192  -1075.56891492  -1075.58119490  -1075.58160718 
max(|Fr_perp|)   :   0.00000000    0.00054144    0.00137588    0.00484871    0.00060162    0.00198657    0.00169190    0.00160856    0.00018396    0.00000000 
Fr_paral         :   0.00000000    0.00211565   -0.00503633   -0.02282126    0.00020378    0.00888130    0.02596725    0.02156611    0.00096674    0.00000000 
max(|Fsp_paral|) :   0.00000000    0.00092303    0.00054744    0.00558743    0.01902685    0.00152447    0.00137945    0.00025485    0.00003869    0.00000000 
max(|Fsp_perp|)  :   0.00000000    0.00000000    0.00000000    0.00000000    0.00000000    0.00000000    0.00000000    0.00000000    0.00000000    0.00000000 
max(|FNEB|)      :   0.00000000    0.00107894    0.00154511    0.00096097    0.00060102    0.00058770    0.00126007    0.00176966    0.00017145    0.00000000 
max(|Force|)     :   0.00161362    0.00096914    0.00263370    0.01580038    0.00060222    0.00555566    0.01536921    0.01074626    0.00051968    0.00144002 
ksp              :   0.01000000    0.01000000    0.04638050    0.10000000    0.10000000    0.08770618    0.03893716    0.01000000    0.01000000 
max(|step|)      :   0.00000000    0.00867984    0.02311638    0.00859485    0.00850791    0.00849699    0.00887075    0.01785644    0.00497459    0.00000000 
angle (deg.)     :    38.2606  114.8321  58.9531  73.4716  52.0355  19.0608  73.9756  56.9383 
>
iteration       : 169
climbing        : yes
zoom on         : no
nim             : 10
barrier         :   0.01096083 (image:  4) 
distance        :   0.00000000    6.22558055   12.71586958   14.14101770   14.91424941   15.28938836   15.66361797   16.43153559   19.43528368   22.42063640 
energy          : -1075.54974314  -1075.56160117  -1075.56647443  -1075.54531158  -1075.53878231  -1075.54035293  -1075.54627156  -1075.56866550  -1075.58120357  -1075.58160718 
max(|Fr_perp|)   :   0.00000000    0.00132263    0.00189667    0.00559684    0.00065266    0.00198855    0.00219406    0.00152638    0.00063090    0.00000000 
Fr_paral         :   0.00000000    0.00192609   -0.00532347   -0.02273381    0.00021673    0.00914685    0.02619579    0.02124425    0.00096785    0.00000000 
max(|Fsp_paral|) :   0.00000000    0.00101700    0.00056826    0.00531975    0.01879823    0.00198483    0.00162856    0.00022974    0.00006362    0.00000000 
max(|Fsp_perp|)  :   0.00000000    0.00000000    0.00000000    0.00000000    0.00000000    0.00000000    0.00000000    0.00000000    0.00000000    0.00000000 
max(|FNEB|)      :   0.00000000    0.00179935    0.00206008    0.00183758    0.00065208    0.00063946    0.00215637    0.00154022    0.00063153    0.00000000 
max(|Force|)     :   0.00161362    0.00158494    0.00284846    0.01638163    0.00065325    0.00568070    0.01537175    0.00985750    0.00062976    0.00144002 
ksp              :   0.01000000    0.01000000    0.04638774    0.10000000    0.10000000    0.08710355    0.03850527    0.01000000    0.01000000 
max(|step|)      :   0.00000000    0.01757887    0.05172373    0.01923634    0.01914940    0.01917188    0.01964572    0.02654656    0.01139751    0.00000000 
angle (deg.)     :    38.3852  117.6888  60.1148  73.1277  52.4704  18.8338  74.1126  57.6627 
>
iteration       : 170
climbing        : yes
zoom on         : no
nim             : 10
barrier         :   0.01091110 (image:  4) 
distance        :   0.00000000    6.25533944   12.83322834   14.27865991   15.05367321   15.43587524   15.80492317   16.54787752   19.55660417   22.52998148 
energy          : -1075.54974314  -1075.56166600  -1075.56628984  -1075.54534348  -1075.53883203  -1075.54049117  -1075.54631652  -1075.56811134  -1075.58122568  -1075.58160718 
max(|Fr_perp|)   :   0.00000000    0.00231790    0.00287754    0.00643462    0.00064529    0.00202920    0.00273165    0.00167428    0.00102703    0.00000000 
Fr_paral         :   0.00000000    0.00183079   -0.00571592   -0.02260987    0.00025730    0.00945302    0.02626297    0.02094163    0.00097895    0.00000000 
max(|Fsp_paral|) :   0.00000000    0.00124213    0.00054540    0.00495981    0.01861078    0.00257529    0.00186530    0.00082645    0.00012113    0.00000000 
max(|Fsp_perp|)  :   0.00000000    0.00000000    0.00000000    0.00000000    0.00000000    0.00000000    0.00000000    0.00000000    0.00000000    0.00000000 
max(|FNEB|)      :   0.00000000    0.00235679    0.00289677    0.00205260    0.00064502    0.00064359    0.00270312    0.00205847    0.00102943    0.00000000 
max(|Force|)     :   0.00161362    0.00234066    0.00304535    0.01702236    0.00064556    0.00585334    0.01528916    0.00972255    0.00102217    0.00144002 
ksp              :   0.01000000    0.01000000    0.04629051    0.10000000    0.10000000    0.08631465    0.03826433    0.01000000    0.01000000 
max(|step|)      :   0.00000000    0.03875576    0.10000000    0.03813346    0.03774012    0.03769504    0.03861938    0.04247922    0.02112787    0.00000000 
angle (deg.)     :    38.7034  122.9775  62.5444  72.9585  53.6445  21.2993  74.5402  58.9235 
>
iteration       : 171
climbing        : yes
zoom on         : no
nim             : 10
barrier         :   0.01081531 (image:  4) 
distance        :   0.00000000    6.32741664   13.06855028   14.56793569   15.34912251   15.74198311   16.10696075   16.82045052   19.82606961   22.77820818 
energy          : -1075.54974314  -1075.56183087  -1075.56575722  -1075.54539749  -1075.53892783  -1075.54069661  -1075.54619740  -1075.56695770  -1075.58126087  -1075.58160718 
max(|Fr_perp|)   :   0.00000000    0.00299733    0.00934544    0.00924187    0.00109227    0.00215297    0.00795004    0.01376888    0.00163801    0.00000000 
Fr_paral         :   0.00000000    0.00206359   -0.00722393   -0.02224459    0.00028856    0.00978818    0.02509606    0.01847427    0.00096276    0.00000000 
max(|Fsp_paral|) :   0.00000000    0.00159994    0.00095386    0.00406382    0.01846217    0.00329402    0.00157133    0.00090169    0.00018011    0.00000000 
max(|Fsp_perp|)  :   0.00000000    0.00000000    0.00000000    0.00000000    0.00000000    0.00000000    0.00000000    0.00000000    0.00000000    0.00000000 
max(|FNEB|)      :   0.00000000    0.00381691    0.00960945    0.00973667    0.00110596    0.00167201    0.00797373    0.01417556    0.00169166    0.00000000 
max(|Force|)     :   0.00161362    0.00344734    0.00954299    0.01763719    0.00110709    0.00610804    0.01557744    0.01387650    0.00168799    0.00144002 
ksp              :   0.01000000    0.01000000    0.04622381    0.10000000    0.10000000    0.08527770    0.03962173    0.01000000    0.01000000 
max(|step|)      :   0.00000000    0.00267174    0.00672637    0.00681541    0.00077414    0.00117036    0.00558140    0.00992252    0.00118412    0.00000000 
angle (deg.)     :    38.7393  123.0186  62.5492  73.0840  53.4582  20.1942  74.4121  58.8932 
>
iteration       : 172
climbing        : yes
zoom on         : no
nim             : 10
barrier         :   0.01081112 (image:  4) 
distance        :   0.00000000    6.33031184   13.06995334   14.56751118   15.34985666   15.74135190   16.10822111   16.82200217   19.82408311   22.77630773 
energy          : -1075.54974314  -1075.56185092  -1075.56596775  -1075.54554393  -1075.53893202  -1075.54068214  -1075.54642734  -1075.56729212  -1075.58126866  -1075.58160718 
max(|Fr_perp|)   :   0.00000000    0.00054172    0.00234483    0.00710556    0.00057999    0.00214508    0.00376579    0.00407985    0.00023806    0.00000000 
Fr_paral         :   0.00000000    0.00211538   -0.00660017   -0.02258955    0.00028190    0.00971987    0.02625212    0.01998452    0.00100635    0.00000000 
max(|Fsp_paral|) :   0.00000000    0.00158314    0.00003509    0.00504961    0.01852955    0.00314916    0.00247520    0.00160191    0.00016829    0.00000000 
max(|Fsp_perp|)  :   0.00000000    0.00000000    0.00000000    0.00000000    0.00000000    0.00000000    0.00000000    0.00000000    0.00000000    0.00000000 
max(|FNEB|)      :   0.00000000    0.00168403    0.00232696    0.00188449    0.00057940    0.00111773    0.00256010    0.00506208    0.00023738    0.00000000 
max(|Force|)     :   0.00161362    0.00092019    0.00348203    0.01756259    0.00058058    0.00606552    0.01536541    0.01007156    0.00050764    0.00144002 
ksp              :   0.01000000    0.01000000    0.04495736    0.10000000    0.10000000    0.08543065    0.03760321    0.01000000    0.01000000 
max(|step|)      :   0.00000000    0.00109583    0.00165000    0.00131882    0.00042244    0.00076418    0.00178024    0.00345256    0.00015407    0.00000000 
angle (deg.)     :    38.7572  123.0275  62.5322  73.2359  53.4053  19.7270  74.3607  58.8680 
>
iteration       : 173
climbing        : yes
zoom on         : no
nim             : 10
barrier         :   0.01081004 (image:  4) 
distance        :   0.00000000    6.33308148   13.07160773   14.56934615   15.35189185   15.74222717   16.10951391   16.82601432   19.82506354   22.77739115 
energy          : -1075.54974314  -1075.56185757  -1075.56600207  -1075.54556349  -1075.53893310  -1075.54066463  -1075.54642890  -1075.56739787  -1075.58126853  -1075.58160718 
max(|Fr_perp|)   :   0.00000000    0.00049335    0.00199831    0.00689491    0.00053986    0.00214431    0.00349041    0.00377177    0.00016063    0.00000000 
Fr_paral         :   0.00000000    0.00212303   -0.00655653   -0.02264530    0.00027515    0.00964978    0.02629079    0.02015793    0.00100652    0.00000000 
max(|Fsp_paral|) :   0.00000000    0.00156813    0.00014459    0.00518229    0.01858402    0.00306117    0.00246939    0.00153666    0.00015780    0.00000000 
max(|Fsp_perp|)  :   0.00000000    0.00000000    0.00000000    0.00000000    0.00000000    0.00000000    0.00000000    0.00000000    0.00000000    0.00000000 
max(|FNEB|)      :   0.00000000    0.00170168    0.00199063    0.00149373    0.00053927    0.00102880    0.00225552    0.00472896    0.00021982    0.00000000 
max(|Force|)     :   0.00161362    0.00095583    0.00341628    0.01741164    0.00054044    0.00603126    0.01537208    0.00998876    0.00050003    0.00144002 
ksp              :   0.01000000    0.01000000    0.04479803    0.10000000    0.10000000    0.08558398    0.03759300    0.01000000    0.01000000 
max(|step|)      :   0.00000000    0.01681349    0.02020393    0.01592688    0.00583524    0.01052505    0.02338690    0.04831166    0.00222741    0.00000000 
angle (deg.)     :    39.0047  123.0572  62.4227  75.5193  53.5012  17.9685  74.0068  58.5212 
>
iteration       : 174
climbing        : yes
zoom on         : no
nim             : 10
barrier         :   0.01079515 (image:  4) 
distance        :   0.00000000    6.37434884   13.09699583   14.60355731   15.38811452   15.76294277   16.13744019   16.90173994   19.85826541   22.81200373 
energy          : -1075.54974314  -1075.56195315  -1075.56623310  -1075.54562587  -1075.53894799  -1075.54043065  -1075.54628018  -1075.56861336  -1075.58126586  -1075.58160718 
max(|Fr_perp|)   :   0.00000000    0.00075431    0.00284371    0.00428102    0.00061961    0.00215532    0.00184720    0.00168221    0.00024889    0.00000000 
Fr_paral         :   0.00000000    0.00210200   -0.00649039   -0.02285301    0.00018128    0.00866849    0.02579346    0.02154422    0.00101466    0.00000000 
max(|Fsp_paral|) :   0.00000000    0.00134757    0.00022070    0.00563341    0.01922143    0.00184020    0.00165183    0.00007034    0.00000949    0.00000000 
max(|Fsp_perp|)  :   0.00000000    0.00000000    0.00000000    0.00000000    0.00000000    0.00000000    0.00000000    0.00000000    0.00000000    0.00000000 
max(|FNEB|)      :   0.00000000    0.00169736    0.00290370    0.00209622    0.00061918    0.00061651    0.00140032    0.00163448    0.00024993    0.00000000 
max(|Force|)     :   0.00161362    0.00127978    0.00347545    0.01525708    0.00062004    0.00557678    0.01554044    0.01058607    0.00055768    0.00144002 
ksp              :   0.01000000    0.01000000    0.04432597    0.10000000    0.10000000    0.08763895    0.03887097    0.01000000    0.01000000 
max(|step|)      :   0.00000000    0.01152880    0.01336633    0.00618062    0.00460679    0.00456151    0.00685291    0.01505887    0.00111777    0.00000000 
angle (deg.)     :    39.1890  123.0359  62.1532  76.1193  54.0526  19.1579  73.6792  58.3997 
>
iteration       : 175
climbing        : yes
zoom on         : no
nim             : 10
barrier         :   0.01078414 (image:  4) 
distance        :   0.00000000    6.40390742   13.11542409   14.63024046   15.41457195   15.78724240   16.15970179   16.94729251   19.88258145   22.83637056 
energy          : -1075.54974314  -1075.56200933  -1075.56633304  -1075.54563295  -1075.53895899  -1075.54038684  -1075.54597415  -1075.56894717  -1075.58126449  -1075.58160718 
max(|Fr_perp|)   :   0.00000000    0.00176782    0.00698361    0.00532109    0.00101505    0.00214142    0.00811693    0.00351644    0.00086952    0.00000000 
Fr_paral         :   0.00000000    0.00200382   -0.00538700   -0.02275837    0.00013376    0.00842896    0.02451898    0.02146155    0.00102252    0.00000000 
max(|Fsp_paral|) :   0.00000000    0.00119019    0.00000290    0.00541178    0.01909950    0.00175094    0.00008410    0.00158022    0.00006321    0.00000000 
max(|Fsp_perp|)  :   0.00000000    0.00000000    0.00000000    0.00000000    0.00000000    0.00000000    0.00000000    0.00000000    0.00000000    0.00000000 
max(|FNEB|)      :   0.00000000    0.00241218    0.00701178    0.00544453    0.00101438    0.00104034    0.00808408    0.00358914    0.00086929    0.00000000 
max(|Force|)     :   0.00161362    0.00212163    0.00703339    0.01604410    0.00101572    0.00545098    0.01492829    0.01095484    0.00086331    0.00144002 
ksp              :   0.01000000    0.01000000    0.04430192    0.10000000    0.10000000    0.08808383    0.04145443    0.01000000    0.01000000 
max(|step|)      :   0.00000000    0.00288603    0.00282904    0.00288278    0.00099247    0.00116058    0.00395771    0.00624054    0.00037072    0.00000000 
angle (deg.)     :    39.1429  123.0523  62.1937  75.8416  53.8186  18.4359  73.6714  58.4459 
>
iteration       : 176
climbing        : yes
zoom on         : no
nim             : 10
barrier         :   0.01078566 (image:  4) 
distance        :   0.00000000    6.39734504   13.11150574   14.62417256   15.40859410   15.78276840   16.15578341   16.93338045   19.87474586   22.82837584 
energy          : -1075.54974314  -1075.56200442  -1075.56638908  -1075.54567579  -1075.53895747  -1075.54041169  -1075.54619610  -1075.56885762  -1075.58126634  -1075.58160718 
max(|Fr_perp|)   :   0.00000000    0.00056076    0.00241976    0.00513852    0.00050958    0.00213175    0.00189128    0.00090871    0.00029877    0.00000000 
Fr_paral         :   0.00000000    0.00205271   -0.00589992   -0.02289196    0.00014618    0.00854093    0.02558321    0.02177213    0.00102078    0.00000000 
max(|Fsp_paral|) :   0.00000000    0.00122593    0.00033198    0.00571886    0.01907191    0.00182717    0.00105686    0.00066415    0.00004186    0.00000000 
max(|Fsp_perp|)  :   0.00000000    0.00000000    0.00000000    0.00000000    0.00000000    0.00000000    0.00000000    0.00000000    0.00000000    0.00000000 
max(|FNEB|)      :   0.00000000    0.00154401    0.00245500    0.00145036    0.00050923    0.00050233    0.00185251    0.00096164    0.00029889    0.00000000 
max(|Force|)     :   0.00161362    0.00111376    0.00301828    0.01606982    0.00050992    0.00549338    0.01511586    0.01077343    0.00046991    0.00144002 
ksp              :   0.01000000    0.01000000    0.04393956    0.10000000    0.10000000    0.08786541    0.03959793    0.01000000    0.01000000 
max(|step|)      :   0.00000000    0.00371083    0.00306667    0.00173339    0.00136830    0.00135254    0.00135976    0.00265736    0.00032909    0.00000000 
angle (deg.)     :    39.1886  123.0449  62.1300  75.9345  53.8937  18.5894  73.5336  58.4290 
>
iteration       : 177
climbing        : yes
zoom on         : no
nim             : 10
barrier         :   0.01078198 (image:  4) 
distance        :   0.00000000    6.40598327   13.11713477   14.63259310   15.41687418   15.79109830   16.16407311   16.94445279   19.88092609   22.83442646 
energy          : -1075.54974314  -1075.56202461  -1075.56643471  -1075.54568645  -1075.53896115  -1075.54040886  -1075.54619392  -1075.56891499  -1075.58126685  -1075.58160718 
max(|Fr_perp|)   :   0.00000000    0.00025861    0.00082737    0.00535813    0.00058250    0.00211974    0.00158968    0.00061615    0.00015915    0.00000000 
Fr_paral         :   0.00000000    0.00205377   -0.00594496   -0.02289487    0.00013354    0.00851057    0.02560344    0.02190793    0.00102156    0.00000000 
max(|Fsp_paral|) :   0.00000000    0.00118103    0.00031410    0.00569082    0.01901814    0.00182167    0.00099589    0.00074806    0.00005815    0.00000000 
max(|Fsp_perp|)  :   0.00000000    0.00000000    0.00000000    0.00000000    0.00000000    0.00000000    0.00000000    0.00000000    0.00000000    0.00000000 
max(|FNEB|)      :   0.00000000    0.00128673    0.00088753    0.00058836    0.00058219    0.00057826    0.00077610    0.00108684    0.00021777    0.00000000 
max(|Force|)     :   0.00161362    0.00090192    0.00309048    0.01625496    0.00058281    0.00546669    0.01507820    0.01084016    0.00050800    0.00144002 
ksp              :   0.01000000    0.01000000    0.04386222    0.10000000    0.10000000    0.08791558    0.03962618    0.01000000    0.01000000 
max(|step|)      :   0.00000000    0.01036766    0.00820465    0.00420469    0.00407218    0.00403101    0.00400264    0.00699024    0.00106244    0.00000000 
angle (deg.)     :    39.3245  123.0162  61.9829  76.1774  54.0935  19.1162  73.1461  58.3911 
>
iteration       : 178
climbing        : yes
zoom on         : no
nim             : 10
barrier         :   0.01077163 (image:  4) 
distance        :   0.00000000    6.43079738   13.13335319   14.65714199   15.44107163   15.81567000   16.18874734   16.97598204   19.89905875   22.85209799 
energy          : -1075.54974314  -1075.56207868  -1075.56650839  -1075.54569321  -1075.53897151  -1075.54040364  -1075.54616462  -1075.56903871  -1075.58126786  -1075.58160718 
max(|Fr_perp|)   :   0.00000000    0.00055648    0.00169483    0.00599110    0.00065605    0.00209627    0.00179248    0.00086834    0.00019415    0.00000000 
Fr_paral         :   0.00000000    0.00204156   -0.00576074   -0.02283436    0.00009867    0.00843515    0.02551610    0.02220869    0.00102375    0.00000000 
max(|Fsp_paral|) :   0.00000000    0.00105205    0.00011036    0.00546705    0.01887831    0.00181151    0.00076788    0.00103262    0.00010248    0.00000000 
max(|Fsp_perp|)  :   0.00000000    0.00000000    0.00000000    0.00000000    0.00000000    0.00000000    0.00000000    0.00000000    0.00000000    0.00000000 
max(|FNEB|)      :   0.00000000    0.00138005    0.00167439    0.00094308    0.00065583    0.00065549    0.00143568    0.00158608    0.00029718    0.00000000 
max(|Force|)     :   0.00161362    0.00117628    0.00321915    0.01675967    0.00065627    0.00540636    0.01492617    0.01108486    0.00054431    0.00144002 
ksp              :   0.01000000    0.01000000    0.04383828    0.10000000    0.10000000    0.08803416    0.03989947    0.01000000    0.01000000 
max(|step|)      :   0.00000000    0.01211008    0.00839375    0.00524821    0.00517776    0.00513469    0.00516966    0.00521944    0.00159652    0.00000000 
angle (deg.)     :    39.4843  122.9920  61.9158  76.3452  54.1903  19.6014  72.6637  58.3921 
>
iteration       : 179
climbing        : yes
zoom on         : no
nim             : 10
barrier         :   0.01075866 (image:  4) 
distance        :   0.00000000    6.46018442   13.15315814   14.68671478   15.47075560   15.84666466   16.22125958   17.00977784   19.91987471   22.87196297 
energy          : -1075.54974314  -1075.56214179  -1075.56658982  -1075.54570470  -1075.53898447  -1075.54041066  -1075.54618862  -1075.56908661  -1075.58126982  -1075.58160718 
max(|Fr_perp|)   :   0.00000000    0.00077602    0.00194897    0.00640634    0.00067655    0.00208900    0.00181048    0.00139406    0.00025448    0.00000000 
Fr_paral         :   0.00000000    0.00202459   -0.00556561   -0.02274850    0.00006158    0.00839950    0.02557069    0.02260895    0.00102513    0.00000000 
max(|Fsp_paral|) :   0.00000000    0.00090146    0.00010470    0.00527498    0.01876437    0.00180181    0.00089315    0.00104470    0.00014377    0.00000000 
max(|Fsp_perp|)  :   0.00000000    0.00000000    0.00000000    0.00000000    0.00000000    0.00000000    0.00000000    0.00000000    0.00000000    0.00000000 
max(|FNEB|)      :   0.00000000    0.00148160    0.00192607    0.00144892    0.00067643    0.00067867    0.00174941    0.00177372    0.00035164    0.00000000 
max(|Force|)     :   0.00161362    0.00139101    0.00321132    0.01706293    0.00067668    0.00537868    0.01487345    0.01145417    0.00055825    0.00144002 
ksp              :   0.01000000    0.01000000    0.04378296    0.10000000    0.10000000    0.08806944    0.03973479    0.01000000    0.01000000 
max(|step|)      :   0.00000000    0.04721582    0.03366854    0.02149657    0.02129497    0.02115018    0.02130742    0.02082129    0.00735614    0.00000000 
angle (deg.)     :    40.1174  122.9866  61.9722  76.6924  54.5637  21.4036  71.0699  58.5324 
>
iteration       : 180
climbing        : yes
zoom on         : no
nim             : 10
barrier         :   0.01070589 (image:  4) 
distance        :   0.00000000    6.57459740   13.23410742   14.80577192   15.59280323   15.97575044   16.35306791   17.14300510   20.00986403   22.95694642 
energy          : -1075.54974314  -1075.56237967  -1075.56681557  -1075.54560943  -1075.53903724  -1075.54046872  -1075.54626710  -1075.56911837  -1075.58127997  -1075.58160718 
max(|Fr_perp|)   :   0.00000000    0.00060101    0.00163119    0.01540018    0.00058844    0.00208519    0.00396788    0.00400840    0.00026347    0.00000000 
Fr_paral         :   0.00000000    0.00189868   -0.00479888   -0.02207670   -0.00007046    0.00838174    0.02574691    0.02312236    0.00102702    0.00000000 
max(|Fsp_paral|) :   0.00000000    0.00032919    0.00182935    0.00386669    0.01858271    0.00198745    0.00120572    0.00105204    0.00027504    0.00000000 
max(|Fsp_perp|)  :   0.00000000    0.00000000    0.00000000    0.00000000    0.00000000    0.00000000    0.00000000    0.00000000    0.00000000    0.00000000 
max(|FNEB|)      :   0.00000000    0.00085788    0.00207434    0.01608911    0.00058855    0.00059446    0.00403202    0.00398919    0.00045620    0.00000000 
max(|Force|)     :   0.00161362    0.00117945    0.00306040    0.01773624    0.00058833    0.00534925    0.01478004    0.01194660    0.00053248    0.00144002 
ksp              :   0.01000000    0.01000000    0.04475037    0.10000000    0.10000000    0.08796619    0.03922161    0.01000000    0.01000000 
max(|step|)      :   0.00000000    0.01307303    0.00950799    0.01015701    0.00636896    0.00633618    0.00652675    0.00614580    0.00254011    0.00000000 
angle (deg.)     :    40.2882  123.0899  62.0941  76.5658  54.5638  21.8400  70.6275  58.6385 
>
iteration       : 181
climbing        : yes
zoom on         : no
nim             : 10
barrier         :   0.01069022 (image:  4) 
distance        :   0.00000000    6.60601573   13.25845157   14.83803183   15.62800959   16.01379633   16.39307716   17.17630141   20.03504965   22.98010933 
energy          : -1075.54974314  -1075.56244385  -1075.56685211  -1075.54595189  -1075.53905291  -1075.54049959  -1075.54635866  -1075.56906350  -1075.58128415  -1075.58160718 
max(|Fr_perp|)   :   0.00000000    0.00083058    0.00156691    0.00712077    0.00062101    0.00210501    0.00155474    0.00223196    0.00020582    0.00000000 
Fr_paral         :   0.00000000    0.00192127   -0.00488905   -0.02275791   -0.00010137    0.00843394    0.02600294    0.02346318    0.00102278    0.00000000 
max(|Fsp_paral|) :   0.00000000    0.00018003    0.00015226    0.00592126    0.01850367    0.00205057    0.00172919    0.00070815    0.00029566    0.00000000 
max(|Fsp_perp|)  :   0.00000000    0.00000000    0.00000000    0.00000000    0.00000000    0.00000000    0.00000000    0.00000000    0.00000000    0.00000000 
max(|FNEB|)      :   0.00000000    0.00097023    0.00153803    0.00177163    0.00062117    0.00063137    0.00115851    0.00209622    0.00049718    0.00000000 
max(|Force|)     :   0.00161362    0.00141644    0.00289093    0.01766113    0.00062085    0.00538669    0.01496175    0.01210857    0.00055105    0.00144002 
ksp              :   0.01000000    0.01000000    0.04191814    0.10000000    0.10000000    0.08782060    0.03849356    0.01000000    0.01000000 
max(|step|)      :   0.00000000    0.00749606    0.00630806    0.00416372    0.00415729    0.00414890    0.00420738    0.00479869    0.00192120    0.00000000 
angle (deg.)     :    40.3808  123.1191  62.1967  76.5219  54.5790  21.7673  70.4836  58.7447 
>
iteration       : 182
climbing        : yes
zoom on         : no
nim             : 10
barrier         :   0.01068008 (image:  4) 
distance        :   0.00000000    6.62398928   13.27284631   14.85785190   15.64906081   16.03653356   16.41595021   17.19465509   20.05089784   22.99426485 
energy          : -1075.54974314  -1075.56248173  -1075.56687795  -1075.54601433  -1075.53906305  -1075.54052087  -1075.54639443  -1075.56900464  -1075.58128761  -1075.58160718 
max(|Fr_perp|)   :   0.00000000    0.00057747    0.00093654    0.00665231    0.00058745    0.00212938    0.00166672    0.00186364    0.00018196    0.00000000 
Fr_paral         :   0.00000000    0.00192914   -0.00483776   -0.02284868   -0.00011532    0.00847427    0.02608559    0.02336076    0.00102041    0.00000000 
max(|Fsp_paral|) :   0.00000000    0.00009646    0.00040810    0.00627407    0.01853587    0.00212604    0.00192311    0.00054659    0.00029806    0.00000000 
max(|Fsp_perp|)  :   0.00000000    0.00000000    0.00000000    0.00000000    0.00000000    0.00000000    0.00000000    0.00000000    0.00000000    0.00000000 
max(|FNEB|)      :   0.00000000    0.00065142    0.00090746    0.00148066    0.00058763    0.00059764    0.00097672    0.00184476    0.00048085    0.00000000 
max(|Force|)     :   0.00161362    0.00116624    0.00273511    0.01729769    0.00058727    0.00542509    0.01509631    0.01194994    0.00053105    0.00144002 
ksp              :   0.01000000    0.01000000    0.04142229    0.10000000    0.10000000    0.08771515    0.03821925    0.01000000    0.01000000 
max(|step|)      :   0.00000000    0.01484787    0.01290190    0.00890061    0.00890222    0.00890065    0.00895543    0.00873587    0.00439757    0.00000000 
angle (deg.)     :    40.5484  123.0989  62.3360  76.5910  54.7142  21.2255  70.3988  59.0013 
>
iteration       : 183
climbing        : yes
zoom on         : no
nim             : 10
barrier         :   0.01065849 (image:  4) 
distance        :   0.00000000    6.65898766   13.30167182   14.90017516   15.69212279   16.08220865   16.45981593   17.23245006   20.08530602   23.02462873 
energy          : -1075.54974314  -1075.56255591  -1075.56691850  -1075.54605212  -1075.53908465  -1075.54055766  -1075.54639877  -1075.56889009  -1075.58129568  -1075.58160718 
max(|Fr_perp|)   :   0.00000000    0.00064256    0.00159964    0.00586870    0.00055450    0.00217453    0.00172971    0.00114938    0.00017537    0.00000000 
Fr_paral         :   0.00000000    0.00187133   -0.00458058   -0.02287262   -0.00013630    0.00852495    0.02604404    0.02289759    0.00101628    0.00000000 
max(|Fsp_paral|) :   0.00000000    0.00006327    0.00030439    0.00629422    0.01855615    0.00230873    0.00191498    0.00047028    0.00029485    0.00000000 
max(|Fsp_perp|)  :   0.00000000    0.00000000    0.00000000    0.00000000    0.00000000    0.00000000    0.00000000    0.00000000    0.00000000    0.00000000 
max(|FNEB|)      :   0.00000000    0.00063513    0.00161684    0.00115167    0.00055470    0.00056425    0.00127976    0.00130029    0.00045058    0.00000000 
max(|Force|)     :   0.00161362    0.00098930    0.00252237    0.01662083    0.00055429    0.00548542    0.01526981    0.01139847    0.00050145    0.00144002 
ksp              :   0.01000000    0.01000000    0.04116681    0.10000000    0.10000000    0.08756194    0.03823975    0.01000000    0.01000000 
max(|step|)      :   0.00000000    0.01846197    0.01666910    0.01215227    0.01216402    0.01218489    0.01210494    0.01205047    0.00631751    0.00000000 
angle (deg.)     :    40.7258  123.0370  62.4523  76.9243  54.9612  20.0525  70.5125  59.3780 
>
iteration       : 184
climbing        : yes
zoom on         : no
nim             : 10
barrier         :   0.01062918 (image:  4) 
distance        :   0.00000000    6.70091740   13.33787857   14.95403371   15.74611214   16.13721180   16.51242809   17.27983946   20.12980903   23.06312315 
energy          : -1075.54974314  -1075.56264616  -1075.56698706  -1075.54603042  -1075.53911395  -1075.54058103  -1075.54635976  -1075.56873995  -1075.58130747  -1075.58160718 
max(|Fr_perp|)   :   0.00000000    0.00121946    0.00134075    0.00537908    0.00055444    0.00220588    0.00234311    0.00341824    0.00031649    0.00000000 
Fr_paral         :   0.00000000    0.00209650   -0.00419617   -0.02275455   -0.00015255    0.00848392    0.02584552    0.02229582    0.00100519    0.00000000 
max(|Fsp_paral|) :   0.00000000    0.00024841    0.00029312    0.00578416    0.01857561    0.00241870    0.00173360    0.00054573    0.00028281    0.00000000 
max(|Fsp_perp|)  :   0.00000000    0.00000000    0.00000000    0.00000000    0.00000000    0.00000000    0.00000000    0.00000000    0.00000000    0.00000000 
max(|FNEB|)      :   0.00000000    0.00116095    0.00138837    0.00346351    0.00055467    0.00056468    0.00263092    0.00339611    0.00045673    0.00000000 
max(|Force|)     :   0.00161362    0.00140147    0.00241951    0.01613194    0.00055420    0.00548944    0.01532407    0.01079522    0.00051419    0.00144002 
ksp              :   0.01000000    0.01000000    0.04143647    0.10000000    0.10000000    0.08757787    0.03864787    0.01000000    0.01000000 
max(|step|)      :   0.00000000    0.01451536    0.01372056    0.01061965    0.01066430    0.01071215    0.01060535    0.01189881    0.00608215    0.00000000 
angle (deg.)     :    40.8310  122.9845  62.5360  77.3035  55.2144  18.5212  70.8908  59.7669 
>
iteration       : 185
climbing        : yes
zoom on         : no
nim             : 10
barrier         :   0.01060363 (image:  4) 
distance        :   0.00000000    6.73056501   13.36679216   14.99596922   15.78797041   16.17839977   16.55072343   17.31403704   20.16591481   23.09319287 
energy          : -1075.54974314  -1075.56271707  -1075.56705712  -1075.54602720  -1075.53913951  -1075.54058958  -1075.54631122  -1075.56859582  -1075.58131960  -1075.58160718 
max(|Fr_perp|)   :   0.00000000    0.00076558    0.00126867    0.00504355    0.00057052    0.00222357    0.00146646    0.00167758    0.00017869    0.00000000 
Fr_paral         :   0.00000000    0.00196014   -0.00401045   -0.02273024   -0.00015030    0.00840062    0.02568147    0.02176495    0.00099843    0.00000000 
max(|Fsp_paral|) :   0.00000000    0.00036667    0.00064399    0.00546511    0.01860831    0.00246521    0.00149769    0.00064741    0.00025449    0.00000000 
max(|Fsp_perp|)  :   0.00000000    0.00000000    0.00000000    0.00000000    0.00000000    0.00000000    0.00000000    0.00000000    0.00000000    0.00000000 
max(|FNEB|)      :   0.00000000    0.00094030    0.00134370    0.00173918    0.00057077    0.00057897    0.00114398    0.00148578    0.00042252    0.00000000 
max(|Force|)     :   0.00161362    0.00096070    0.00236600    0.01582243    0.00057026    0.00546293    0.01529080    0.01028629    0.00050424    0.00144002 
ksp              :   0.01000000    0.01000000    0.04153965    0.10000000    0.10000000    0.08769225    0.03912892    0.01000000    0.01000000 
max(|step|)      :   0.00000000    0.01506829    0.01480380    0.01202099    0.01207098    0.01213868    0.01191268    0.01207517    0.00702604    0.00000000 
angle (deg.)     :    40.9152  122.9542  62.5731  77.8860  55.5954  17.1771  71.3897  60.2009 
>
iteration       : 186
climbing        : yes
zoom on         : no
nim             : 10
barrier         :   0.01057491 (image:  4) 
distance        :   0.00000000    6.75905310   13.39739942   15.03836123   15.83056830   16.21798670   16.58809938   17.34989586   20.20332634   23.12358205 
energy          : -1075.54974314  -1075.56278656  -1075.56712925  -1075.54604320  -1075.53916822  -1075.54057431  -1075.54622866  -1075.56846697  -1075.58133365  -1075.58160718 
max(|Fr_perp|)   :   0.00000000    0.00055563    0.00128432    0.00521117    0.00060072    0.00221286    0.00147215    0.00159020    0.00018108    0.00000000 
Fr_paral         :   0.00000000    0.00183510   -0.00387041   -0.02271836   -0.00013948    0.00820122    0.02539369    0.02156134    0.00098983    0.00000000 
max(|Fsp_paral|) :   0.00000000    0.00046955    0.00083415    0.00527072    0.01863630    0.00236085    0.00116661    0.00091008    0.00022424    0.00000000 
max(|Fsp_perp|)  :   0.00000000    0.00000000    0.00000000    0.00000000    0.00000000    0.00000000    0.00000000    0.00000000    0.00000000    0.00000000 
max(|FNEB|)      :   0.00000000    0.00078470    0.00148231    0.00159149    0.00060100    0.00060708    0.00061637    0.00209511    0.00040607    0.00000000 
max(|Force|)     :   0.00161362    0.00098053    0.00241965    0.01596125    0.00060045    0.00535620    0.01507151    0.01015432    0.00051324    0.00144002 
ksp              :   0.01000000    0.01000000    0.04148907    0.10000000    0.10000000    0.08803317    0.03991068    0.01000000    0.01000000 
max(|step|)      :   0.00000000    0.03350622    0.03339379    0.02709620    0.02716987    0.02729730    0.02696973    0.02714117    0.01544323    0.00000000 
angle (deg.)     :    41.1102  122.9765  62.7779  78.9705  56.4897  16.6176  72.1170  61.1275 
>
iteration       : 187
climbing        : yes
zoom on         : no
nim             : 10
barrier         :   0.01051112 (image:  4) 
distance        :   0.00000000    6.82290484   13.46674676   15.13095303   15.92588617   16.30783675   16.67635052   17.43122416   20.28438550   23.18951022 
energy          : -1075.54974314  -1075.56293489  -1075.56725505  -1075.54614497  -1075.53923202  -1075.54055325  -1075.54609046  -1075.56810904  -1075.58136375  -1075.58160718 
max(|Fr_perp|)   :   0.00000000    0.00199357    0.00222209    0.00579248    0.00065779    0.00218691    0.00221666    0.00368487    0.00026191    0.00000000 
Fr_paral         :   0.00000000    0.00221831   -0.00369260   -0.02276598   -0.00012135    0.00780269    0.02478867    0.02196390    0.00096706    0.00000000 
max(|Fsp_paral|) :   0.00000000    0.00069792    0.00072820    0.00543813    0.01870140    0.00208358    0.00081073    0.00130035    0.00017226    0.00000000 
max(|Fsp_perp|)  :   0.00000000    0.00000000    0.00000000    0.00000000    0.00000000    0.00000000    0.00000000    0.00000000    0.00000000    0.00000000 
max(|FNEB|)      :   0.00000000    0.00183763    0.00244944    0.00308955    0.00065809    0.00066266    0.00218104    0.00374539    0.00043484    0.00000000 
max(|Force|)     :   0.00161362    0.00218335    0.00249223    0.01648463    0.00065749    0.00513606    0.01467933    0.01069426    0.00058249    0.00144002 
ksp              :   0.01000000    0.01000000    0.04080883    0.10000000    0.10000000    0.08868717    0.04127554    0.01000000    0.01000000 
max(|step|)      :   0.00000000    0.03448417    0.03637981    0.03000182    0.03011215    0.03026958    0.03006398    0.03001775    0.01758533    0.00000000 
angle (deg.)     :    41.2796  123.0159  63.0810  80.0347  57.5242  17.6269  72.9322  62.1931 
>
iteration       : 188
climbing        : yes
zoom on         : no
nim             : 10
barrier         :   0.01044146 (image:  4) 
distance        :   0.00000000    6.88328806   13.54052167   15.22669844   16.02508937   16.40143609   16.76937493   17.51220906   20.36858712   23.25662813 
energy          : -1075.54974314  -1075.56307774  -1075.56742559  -1075.54624734  -1075.53930168  -1075.54054306  -1075.54597120  -1075.56759457  -1075.58139798  -1075.58160718 
max(|Fr_perp|)   :   0.00000000    0.00229250    0.00199452    0.00665928    0.00062051    0.00217016    0.00431399    0.00273190    0.00051345    0.00000000 
Fr_paral         :   0.00000000    0.00159213   -0.00380359   -0.02276187   -0.00008836    0.00741148    0.02420379    0.02290293    0.00095058    0.00000000 
max(|Fsp_paral|) :   0.00000000    0.00088278    0.00054452    0.00565905    0.01876398    0.00177775    0.00067577    0.00151405    0.00010347    0.00000000 
max(|Fsp_perp|)  :   0.00000000    0.00000000    0.00000000    0.00000000    0.00000000    0.00000000    0.00000000    0.00000000    0.00000000    0.00000000 
max(|FNEB|)      :   0.00000000    0.00248837    0.00211406    0.00341543    0.00062078    0.00061722    0.00436073    0.00269215    0.00051436    0.00000000 
max(|Force|)     :   0.00161362    0.00216520    0.00232737    0.01724402    0.00062023    0.00492788    0.01416274    0.01169367    0.00051985    0.00144002 
ksp              :   0.01000000    0.01000000    0.04013199    0.10000000    0.10000000    0.08929994    0.04251213    0.01000000    0.01000000 
max(|step|)      :   0.00000000    0.03081731    0.03237045    0.02633155    0.02638223    0.02648615    0.02651372    0.02623605    0.01494782    0.00000000 
angle (deg.)     :    41.4584  123.0761  63.4188  80.6321  58.2026  18.0227  73.2264  63.0875 
>
iteration       : 189
climbing        : yes
zoom on         : no
nim             : 10
barrier         :   0.01038110 (image:  4) 
distance        :   0.00000000    6.93953325   13.60716856   15.31346123   16.11562147   16.49017395   16.85791425   17.58346841   20.43994284   23.31387511 
energy          : -1075.54974314  -1075.56321067  -1075.56757793  -1075.54636837  -1075.53936204  -1075.54056764  -1075.54596055  -1075.56708183  -1075.58142677  -1075.58160718 
max(|Fr_perp|)   :   0.00000000    0.00188240    0.00137619    0.00715991    0.00060984    0.00217832    0.00239627    0.00255437    0.00031859    0.00000000 
Fr_paral         :   0.00000000    0.00169237   -0.00389417   -0.02278585   -0.00006937    0.00721253    0.02408038    0.02407035    0.00093036    0.00000000 
max(|Fsp_paral|) :   0.00000000    0.00106359    0.00015410    0.00611277    0.01881185    0.00166444    0.00099646    0.00125979    0.00005636    0.00000000 
max(|Fsp_perp|)  :   0.00000000    0.00000000    0.00000000    0.00000000    0.00000000    0.00000000    0.00000000    0.00000000    0.00000000    0.00000000 
max(|FNEB|)      :   0.00000000    0.00211561    0.00135870    0.00213429    0.00061008    0.00061543    0.00244324    0.00224064    0.00031863    0.00000000 
max(|Force|)     :   0.00161362    0.00173900    0.00215812    0.01768741    0.00060960    0.00483139    0.01391737    0.01262076    0.00052669    0.00144002 
ksp              :   0.01000000    0.01000000    0.03925790    0.10000000    0.10000000    0.08954788    0.04279350    0.01000000    0.01000000 
max(|step|)      :   0.00000000    0.06166319    0.06860391    0.05646979    0.05654361    0.05674266    0.05716634    0.05622776    0.03194481    0.00000000 
angle (deg.)     :    41.7701  123.1639  64.1273  81.5056  59.4495  17.5109  73.4819  64.9830 
>
iteration       : 190
climbing        : yes
zoom on         : no
nim             : 10
barrier         :   0.01025437 (image:  4) 
distance        :   0.00000000    7.04695651   13.74583970   15.49505517   16.30353419   16.67788841   17.04120848   17.72474304   20.58065053   23.42516065 
energy          : -1075.54974314  -1075.56344639  -1075.56780929  -1075.54656524  -1075.53948877  -1075.54066774  -1075.54593072  -1075.56585148  -1075.58148688  -1075.58160718 
max(|Fr_perp|)   :   0.00000000    0.00361761    0.00244732    0.00723841    0.00056650    0.00226209    0.00254197    0.00337954    0.00027595    0.00000000 
Fr_paral         :   0.00000000    0.00267145   -0.00395541   -0.02283577   -0.00002249    0.00700211    0.02384547    0.02652897    0.00089681    0.00000000 
max(|Fsp_paral|) :   0.00000000    0.00136669    0.00035609    0.00670593    0.01894885    0.00175120    0.00152523    0.00059724    0.00003583    0.00000000 
max(|Fsp_perp|)  :   0.00000000    0.00000000    0.00000000    0.00000000    0.00000000    0.00000000    0.00000000    0.00000000    0.00000000    0.00000000 
max(|FNEB|)      :   0.00000000    0.00332635    0.00239720    0.00236378    0.00056661    0.00056602    0.00260017    0.00356195    0.00030675    0.00000000 
max(|Force|)     :   0.00161362    0.00383920    0.00212344    0.01775065    0.00056640    0.00478365    0.01376737    0.01445568    0.00055656    0.00144002 
ksp              :   0.01000000    0.01000000    0.03789161    0.10000000    0.10000000    0.08965241    0.04346059    0.01000000    0.01000000 
max(|step|)      :   0.00000000    0.02343819    0.03277956    0.02832010    0.02832479    0.02842366    0.02886663    0.02830999    0.01653369    0.00000000 
angle (deg.)     :    41.7964  123.1494  64.4517  81.6639  60.0372  16.6681  73.3738  65.9493 
>
iteration       : 191
climbing        : yes
zoom on         : no
nim             : 10
barrier         :   0.01019200 (image:  4) 
distance        :   0.00000000    7.07727810   13.80723533   15.57433041   16.38402532   16.75993688   17.11781422   17.77636152   20.63324701   23.46271276 
energy          : -1075.54974314  -1075.56352722  -1075.56790516  -1075.54660868  -1075.53955113  -1075.54075017  -1075.54588757  -1075.56510107  -1075.58151797  -1075.58160718 
max(|Fr_perp|)   :   0.00000000    0.00076525    0.00209952    0.00682803    0.00052499    0.00234734    0.00705480    0.00437356    0.00051312    0.00000000 
Fr_paral         :   0.00000000    0.00213311   -0.00404243   -0.02279354    0.00002571    0.00703907    0.02366495    0.02780211    0.00088664    0.00000000 
max(|Fsp_paral|) :   0.00000000    0.00136626    0.00036217    0.00664995    0.01905613    0.00199840    0.00159823    0.00023148    0.00008504    0.00000000 
max(|Fsp_perp|)  :   0.00000000    0.00000000    0.00000000    0.00000000    0.00000000    0.00000000    0.00000000    0.00000000    0.00000000    0.00000000 
max(|FNEB|)      :   0.00000000    0.00148623    0.00212361    0.00451463    0.00052488    0.00051247    0.00703755    0.00435137    0.00050828    0.00000000 
max(|Force|)     :   0.00161362    0.00135536    0.00227458    0.01736311    0.00052510    0.00486259    0.01369690    0.01509601    0.00051658    0.00144002 
ksp              :   0.01000000    0.01000000    0.03767866    0.10000000    0.10000000    0.08941199    0.04404634    0.01000000    0.01000000 
max(|step|)      :   0.00000000    0.00967691    0.01407166    0.01207765    0.01206108    0.01208666    0.01228314    0.01209145    0.00675318    0.00000000 
angle (deg.)     :    41.8138  123.1198  64.5322  81.7333  60.2909  16.1004  73.2135  66.3281 
>
iteration       : 192
climbing        : yes
zoom on         : no
nim             : 10
barrier         :   0.01016559 (image:  4) 
distance        :   0.00000000    7.09083913   13.83378120   15.61030766   16.41971861   16.79699809   17.15179699   17.80186569   20.65640002   23.47990874 
energy          : -1075.54974314  -1075.56355845  -1075.56797896  -1075.54661658  -1075.53957755  -1075.54079063  -1075.54590164  -1075.56488981  -1075.58153059  -1075.58160718 
max(|Fr_perp|)   :   0.00000000    0.00072725    0.00179931    0.00646593    0.00054363    0.00239222    0.00356572    0.00204157    0.00033356    0.00000000 
Fr_paral         :   0.00000000    0.00216306   -0.00399859   -0.02278914    0.00004032    0.00707842    0.02377521    0.02841977    0.00088674    0.00000000 
max(|Fsp_paral|) :   0.00000000    0.00136967    0.00024649    0.00648979    0.01907266    0.00215918    0.00163468    0.00003429    0.00009572    0.00000000 
max(|Fsp_perp|)  :   0.00000000    0.00000000    0.00000000    0.00000000    0.00000000    0.00000000    0.00000000    0.00000000    0.00000000    0.00000000 
max(|FNEB|)      :   0.00000000    0.00154688    0.00181867    0.00278821    0.00054346    0.00053045    0.00352929    0.00212897    0.00041981    0.00000000 
max(|Force|)     :   0.00161362    0.00132444    0.00211431    0.01702962    0.00054380    0.00491487    0.01375809    0.01529310    0.00051165    0.00144002 
ksp              :   0.01000000    0.01000000    0.03768062    0.10000000    0.10000000    0.08926015    0.04401028    0.01000000    0.01000000 
max(|step|)      :   0.00000000    0.02689393    0.04117885    0.03580247    0.03574174    0.03581244    0.03636817    0.03591618    0.01998083    0.00000000 
angle (deg.)     :    41.8477  123.0432  64.7876  82.0019  61.1763  16.1229  72.8567  67.4464 
>
iteration       : 193
climbing        : yes
zoom on         : no
nim             : 10
barrier         :   0.01008814 (image:  4) 
distance        :   0.00000000    7.12707090   13.91151971   15.71530850   16.52436521   16.90509727   17.25166111   17.87973905   20.72731145   23.53344320 
energy          : -1075.54974314  -1075.56363972  -1075.56815171  -1075.54658413  -1075.53965499  -1075.54090230  -1075.54584700  -1075.56410372  -1075.58156709  -1075.58160718 
max(|Fr_perp|)   :   0.00000000    0.00099292    0.00119794    0.00564544    0.00060982    0.00250985    0.00211343    0.00192122    0.00026993    0.00000000 
Fr_paral         :   0.00000000    0.00223059   -0.00393925   -0.02263200    0.00008621    0.00715867    0.02353660    0.02932449    0.00088958    0.00000000 
max(|Fsp_paral|) :   0.00000000    0.00135230    0.00051827    0.00561100    0.01915058    0.00257079    0.00143335    0.00019721    0.00012585    0.00000000 
max(|Fsp_perp|)  :   0.00000000    0.00000000    0.00000000    0.00000000    0.00000000    0.00000000    0.00000000    0.00000000    0.00000000    0.00000000 
max(|FNEB|)      :   0.00000000    0.00132624    0.00112032    0.00176991    0.00060945    0.00059581    0.00217984    0.00203521    0.00037278    0.00000000 
max(|Force|)     :   0.00161362    0.00138124    0.00163182    0.01619948    0.00061019    0.00503966    0.01392571    0.01568588    0.00054008    0.00144002 
ksp              :   0.01000000    0.01000000    0.03818267    0.10000000    0.10000000    0.08887237    0.04475883    0.01000000    0.01000000 
max(|step|)      :   0.00000000    0.01000927    0.01881879    0.01633368    0.01628009    0.01628965    0.01640509    0.01657293    0.00879660    0.00000000 
angle (deg.)     :    41.8439  123.0469  64.8731  82.1612  61.5677  16.1051  72.5729  67.9075 
>
iteration       : 194
climbing        : yes
zoom on         : no
nim             : 10
barrier         :   0.01005320 (image:  4) 
distance        :   0.00000000    7.13763378   13.94531283   15.75865762   16.56876374   16.95060248   17.29458927   17.91554707   20.75586009   23.55458692 
energy          : -1075.54974314  -1075.56366651  -1075.56822787  -1075.54660418  -1075.53968994  -1075.54094445  -1075.54582794  -1075.56384875  -1075.58158273  -1075.58160718 
max(|Fr_perp|)   :   0.00000000    0.00099891    0.00100688    0.00551930    0.00053743    0.00254439    0.00208219    0.00199471    0.00028151    0.00000000 
Fr_paral         :   0.00000000    0.00223072   -0.00376225   -0.02258262    0.00010384    0.00715864    0.02340121    0.02955693    0.00088952    0.00000000 
max(|Fsp_paral|) :   0.00000000    0.00130377    0.00050981    0.00556266    0.01919425    0.00269445    0.00136394    0.00023339    0.00012547    0.00000000 
max(|Fsp_perp|)  :   0.00000000    0.00000000    0.00000000    0.00000000    0.00000000    0.00000000    0.00000000    0.00000000    0.00000000    0.00000000 
max(|FNEB|)      :   0.00000000    0.00153013    0.00110300    0.00146269    0.00053699    0.00052306    0.00128936    0.00198028    0.00039949    0.00000000 
max(|Force|)     :   0.00161362    0.00151495    0.00166978    0.01605763    0.00053787    0.00506354    0.01390832    0.01575903    0.00051979    0.00144002 
ksp              :   0.01000000    0.01000000    0.03810107    0.10000000    0.10000000    0.08876918    0.04505033    0.01000000    0.01000000 
max(|step|)      :   0.00000000    0.03242867    0.06309626    0.05534005    0.05512137    0.05512598    0.05538100    0.05630786    0.02949128    0.00000000 
angle (deg.)     :    41.8117  123.1090  65.1544  82.8024  62.8497  16.3303  71.5561  69.4317 
>
iteration       : 195
climbing        : yes
zoom on         : no
nim             : 10
barrier         :   0.00993665 (image:  4) 
distance        :   0.00000000    7.16688925   14.05940418   15.90306830   16.71818473   17.10281991   17.44031140   18.04141727   20.85319752   23.62774678 
energy          : -1075.54974314  -1075.56374368  -1075.56833346  -1075.54671771  -1075.53980649  -1075.54106857  -1075.54578610  -1075.56311068  -1075.58163378  -1075.58160718 
max(|Fr_perp|)   :   0.00000000    0.00111899    0.00301546    0.00541956    0.00051959    0.00263537    0.00247561    0.00250702    0.00025969    0.00000000 
Fr_paral         :   0.00000000    0.00223508   -0.00328656   -0.02247245    0.00015889    0.00708535    0.02297016    0.03017945    0.00090146    0.00000000 
max(|Fsp_paral|) :   0.00000000    0.00108834    0.00001620    0.00585234    0.01933323    0.00297929    0.00123825    0.00030790    0.00011002    0.00000000 
max(|Fsp_perp|)  :   0.00000000    0.00000000    0.00000000    0.00000000    0.00000000    0.00000000    0.00000000    0.00000000    0.00000000    0.00000000 
max(|FNEB|)      :   0.00000000    0.00144824    0.00300672    0.00203398    0.00051893    0.00059101    0.00173956    0.00250034    0.00036692    0.00000000 
max(|Force|)     :   0.00161362    0.00172799    0.00292467    0.01589545    0.00052025    0.00509036    0.01384632    0.01589669    0.00050886    0.00144002 
ksp              :   0.01000000    0.01000000    0.03740239    0.10000000    0.10000000    0.08856883    0.04584038    0.01000000    0.01000000 
max(|step|)      :   0.00000000    0.04276978    0.08660636    0.07630221    0.07598637    0.07596764    0.07601439    0.07782476    0.04028095    0.00000000 
angle (deg.)     :    41.7679  123.1893  65.5618  83.9926  64.4391  16.7584  70.2748  71.5063 
>
iteration       : 196
climbing        : yes
zoom on         : no
nim             : 10
barrier         :   0.00978116 (image:  4) 
distance        :   0.00000000    7.20059784   14.21627831   16.10223230   16.92482619   17.31146512   17.64421524   18.22449336   20.99391626   23.73695137 
energy          : -1075.54974314  -1075.56383518  -1075.56838954  -1075.54692870  -1075.53996197  -1075.54120135  -1075.54573302  -1075.56218864  -1075.58170084  -1075.58160718 
max(|Fr_perp|)   :   0.00000000    0.00117207    0.00438264    0.00574113    0.00056093    0.00272736    0.00380048    0.00535692    0.00024658    0.00000000 
Fr_paral         :   0.00000000    0.00231736   -0.00282086   -0.02243352    0.00022155    0.00684910    0.02225539    0.03028025    0.00092849    0.00000000 
max(|Fsp_paral|) :   0.00000000    0.00073727    0.00123055    0.00673936    0.01941506    0.00311950    0.00119580    0.00026000    0.00007769    0.00000000 
max(|Fsp_perp|)  :   0.00000000    0.00000000    0.00000000    0.00000000    0.00000000    0.00000000    0.00000000    0.00000000    0.00000000    0.00000000 
max(|FNEB|)      :   0.00000000    0.00133508    0.00429333    0.00158408    0.00055979    0.00067402    0.00377934    0.00538195    0.00028248    0.00000000 
max(|Force|)     :   0.00161362    0.00177184    0.00428838    0.01612490    0.00056207    0.00504346    0.01371107    0.01632535    0.00051310    0.00144002 
ksp              :   0.01000000    0.01000000    0.03589663    0.10000000    0.10000000    0.08859602    0.04689852    0.01000000    0.01000000 
max(|step|)      :   0.00000000    0.03865357    0.07998237    0.07044016    0.07014689    0.07011936    0.06998558    0.07185441    0.03700627    0.00000000 
angle (deg.)     :    41.7470  123.2031  65.9465  85.3617  65.7212  16.3126  69.2627  73.4262 
>
iteration       : 197
climbing        : yes
zoom on         : no
nim             : 10
barrier         :   0.00964240 (image:  4) 
distance        :   0.00000000    7.22898549   14.36133354   16.28956094   17.11821639   17.50570920   17.83664402   18.40187658   21.13188808   23.84748891 
energy          : -1075.54974314  -1075.56391082  -1075.56852817  -1075.54710033  -1075.54010073  -1075.54129890  -1075.54579540  -1075.56158317  -1075.58175954  -1075.58160718 
max(|Fr_perp|)   :   0.00000000    0.00119822    0.00399794    0.00628932    0.00058267    0.00278624    0.00252792    0.00467394    0.00024562    0.00000000 
Fr_paral         :   0.00000000    0.00230617   -0.00258890   -0.02236816    0.00026878    0.00654997    0.02218996    0.03086819    0.00096544    0.00000000 
max(|Fsp_paral|) :   0.00000000    0.00038704    0.00223598    0.00734145    0.01937281    0.00310218    0.00153606    0.00043556    0.00004322    0.00000000 
max(|Fsp_perp|)  :   0.00000000    0.00000000    0.00000000    0.00000000    0.00000000    0.00000000    0.00000000    0.00000000    0.00000000    0.00000000 
max(|FNEB|)      :   0.00000000    0.00128064    0.00388039    0.00199700    0.00058160    0.00060599    0.00235141    0.00492420    0.00024120    0.00000000 
max(|Force|)     :   0.00161362    0.00175855    0.00390363    0.01654058    0.00058373    0.00494667    0.01350632    0.01670552    0.00051489    0.00144002 
ksp              :   0.01000000    0.01000000    0.03466737    0.10000000    0.10000000    0.08881661    0.04684731    0.01000000    0.01000000 
max(|step|)      :   0.00000000    0.04771124    0.10000000    0.08784433    0.08749634    0.08746462    0.08716939    0.08945179    0.04605150    0.00000000 
angle (deg.)     :    41.7626  123.1149  66.4332  87.3141  67.3019  16.3538  68.3381  75.8478 
>
iteration       : 198
climbing        : yes
zoom on         : no
nim             : 10
barrier         :   0.00947579 (image:  4) 
distance        :   0.00000000    7.26450154   14.54313811   16.53055692   17.36492139   17.75331705   18.08228956   18.63540817   21.31854005   24.00204056 
energy          : -1075.54974314  -1075.56400154  -1075.56876968  -1075.54723290  -1075.54026734  -1075.54140453  -1075.54583835  -1075.56087630  -1075.58182884  -1075.58160718 
max(|Fr_perp|)   :   0.00000000    0.00126862    0.00355373    0.00695597    0.00059601    0.00284147    0.00222372    0.00585119    0.00021744    0.00000000 
Fr_paral         :   0.00000000    0.00224709   -0.00233582   -0.02215404    0.00032049    0.00613951    0.02195080    0.03087720    0.00100815    0.00000000 
max(|Fsp_paral|) :   0.00000000    0.00005657    0.00276614    0.00732883    0.01918691    0.00304612    0.00173534    0.00039832    0.00000147    0.00000000 
max(|Fsp_perp|)  :   0.00000000    0.00000000    0.00000000    0.00000000    0.00000000    0.00000000    0.00000000    0.00000000    0.00000000    0.00000000 
max(|FNEB|)      :   0.00000000    0.00130259    0.00430330    0.00116544    0.00062407    0.00062947    0.00121107    0.00610306    0.00021975    0.00000000 
max(|Force|)     :   0.00161362    0.00186887    0.00367815    0.01698054    0.00063017    0.00480096    0.01314599    0.01719286    0.00048877    0.00144002 
ksp              :   0.01000000    0.01000000    0.03382009    0.10000000    0.10000000    0.08919517    0.04709414    0.01000000    0.01000000 
max(|step|)      :   0.00000000    0.00558263    0.01844312    0.00499483    0.00267464    0.00269780    0.00519040    0.02615652    0.00094180    0.00000000 
angle (deg.)     :    41.7413  122.6337  66.4452  88.3011  67.3129  13.0118  68.3938  75.7931 
>
iteration       : 199
climbing        : yes
zoom on         : no
nim             : 10
barrier         :   0.00947521 (image:  4) 
distance        :   0.00000000    7.26510657   14.53755324   16.54215699   17.37020808   17.75735066   18.08788142   18.65286109   21.32669050   24.00934197 
energy          : -1075.54974314  -1075.56401293  -1075.56914944  -1075.54701380  -1075.54026793  -1075.54136938  -1075.54577704  -1075.56152636  -1075.58182959  -1075.58160718 
max(|Fr_perp|)   :   0.00000000    0.00388529    0.00296461    0.00658563    0.00243933    0.00281684    0.00586797    0.00703157    0.00058938    0.00000000 
Fr_paral         :   0.00000000    0.00308735   -0.00264700   -0.02185410    0.00029457    0.00598937    0.02159744    0.03128883    0.00102387    0.00000000 
max(|Fsp_paral|) :   0.00000000    0.00002955    0.00035143    0.00488109    0.01887223    0.00291221    0.00140532    0.00010089    0.00002707    0.00000000 
max(|Fsp_perp|)  :   0.00000000    0.00000000    0.00000000    0.00000000    0.00000000    0.00000000    0.00000000    0.00000000    0.00000000    0.00000000 
max(|FNEB|)      :   0.00000000    0.00388702    0.00300876    0.00243383    0.00243681    0.00244677    0.00577330    0.00714283    0.00059215    0.00000000 
max(|Force|)     :   0.00161362    0.00412592    0.00306839    0.01647110    0.00244185    0.00471937    0.01300844    0.01803219    0.00061658    0.00144002 
ksp              :   0.01000000    0.01000000    0.03592448    0.10000000    0.10000000    0.08953788    0.04767183    0.01000000    0.01000000 
max(|step|)      :   0.00000000    0.00468081    0.01165711    0.00258890    0.00249423    0.00248129    0.00427358    0.01927365    0.00072541    0.00000000 
angle (deg.)     :    41.7498  122.3688  66.5042  88.8832  67.3341  12.1889  68.6591  75.7542 
>
iteration       : 200
climbing        : yes
zoom on         : no
nim             : 10
barrier         :   0.00946747 (image:  4) 
distance        :   0.00000000    7.26555075   14.53618386   16.55049584   17.37749223   17.76384643   18.09663324   18.67245902   21.33982151   24.02175424 
energy          : -1075.54974314  -1075.56404203  -1075.56922255  -1075.54697525  -1075.54027567  -1075.54134861  -1075.54586330  -1075.56212962  -1075.58183093  -1075.58160718 
max(|Fr_perp|)   :   0.00000000    0.00095120    0.00247410    0.00639650    0.00059636    0.00279490    0.00160971    0.00233378    0.00025105    0.00000000 
Fr_paral         :   0.00000000    0.00242057   -0.00291729   -0.02177762    0.00027476    0.00586462    0.02202029    0.03223277    0.00100187    0.00000000 
max(|Fsp_paral|) :   0.00000000    0.00002045    0.00021695    0.00432836    0.01870389    0.00278326    0.00152480    0.00016715    0.00004473    0.00000000 
max(|Fsp_perp|)  :   0.00000000    0.00000000    0.00000000    0.00000000    0.00000000    0.00000000    0.00000000    0.00000000    0.00000000    0.00000000 
max(|FNEB|)      :   0.00000000    0.00096082    0.00244494    0.00192680    0.00059521    0.00059886    0.00162823    0.00222540    0.00027901    0.00000000 
max(|Force|)     :   0.00161362    0.00160370    0.00272160    0.01626106    0.00059751    0.00465080    0.01292082    0.01839102    0.00050973    0.00144002 
ksp              :   0.01000000    0.01000000    0.03631219    0.10000000    0.10000000    0.08980030    0.04688262    0.01000000    0.01000000 
max(|step|)      :   0.00000000    0.00083086    0.00192091    0.00151138    0.00042653    0.00042988    0.00067688    0.00163843    0.00022006    0.00000000 
angle (deg.)     :    41.7560  122.3954  66.5164  88.8319  67.3589  12.0558  68.6762  75.7536 
>
iteration       : 201
climbing        : yes
zoom on         : no
nim             : 10
barrier         :   0.00946628 (image:  4) 
distance        :   0.00000000    7.26559549   14.53707952   16.54982020   17.37919117   17.76560158   18.09850363   18.67533482   21.34198390   24.02372936 
energy          : -1075.54974314  -1075.56404600  -1075.56926346  -1075.54705719  -1075.54027685  -1075.54134703  -1075.54586916  -1075.56218607  -1075.58183141  -1075.58160718 
max(|Fr_perp|)   :   0.00000000    0.00088975    0.00214694    0.00645511    0.00065294    0.00278742    0.00126593    0.00154601    0.00023675    0.00000000 
Fr_paral         :   0.00000000    0.00225240   -0.00292538   -0.02189986    0.00027120    0.00585036    0.02205202    0.03231861    0.00100044    0.00000000 
max(|Fsp_paral|) :   0.00000000    0.00002369    0.00058829    0.00517349    0.01873443    0.00277724    0.00152495    0.00018054    0.00004634    0.00000000 
max(|Fsp_perp|)  :   0.00000000    0.00000000    0.00000000    0.00000000    0.00000000    0.00000000    0.00000000    0.00000000    0.00000000    0.00000000 
max(|FNEB|)      :   0.00000000    0.00088220    0.00225519    0.00114606    0.00065179    0.00065448    0.00064227    0.00153430    0.00027782    0.00000000 
max(|Force|)     :   0.00161362    0.00147786    0.00239725    0.01638366    0.00065410    0.00463759    0.01290537    0.01825657    0.00050679    0.00144002 
ksp              :   0.01000000    0.01000000    0.03553646    0.10000000    0.10000000    0.08982537    0.04683152    0.01000000    0.01000000 
max(|step|)      :   0.00000000    0.00571429    0.00990283    0.00513546    0.00300477    0.00302651    0.00287596    0.01524200    0.00141225    0.00000000 
angle (deg.)     :    41.7736  122.3192  66.5639  88.9661  67.5371  12.6300  68.9815  75.7405 
>
iteration       : 202
climbing        : yes
zoom on         : no
nim             : 10
barrier         :   0.00946020 (image:  4) 
distance        :   0.00000000    7.26602652   14.53891484   16.55258189   17.39013788   17.77657335   18.11083190   18.69864496   21.35958699   24.04010610 
energy          : -1075.54974314  -1075.56406107  -1075.56941503  -1075.54732114  -1075.54028294  -1075.54132849  -1075.54585704  -1075.56255332  -1075.58183340  -1075.58160718 
max(|Fr_perp|)   :   0.00000000    0.00166417    0.00107226    0.00664780    0.00054570    0.00274575    0.00182500    0.00239776    0.00019672    0.00000000 
Fr_paral         :   0.00000000    0.00202034   -0.00279143   -0.02226702    0.00024706    0.00573097    0.02195978    0.03225179    0.00099110    0.00000000 
max(|Fsp_paral|) :   0.00000000    0.00002758    0.00304444    0.00783011    0.01874715    0.00270189    0.00131186    0.00052592    0.00006009    0.00000000 
max(|Fsp_perp|)  :   0.00000000    0.00000000    0.00000000    0.00000000    0.00000000    0.00000000    0.00000000    0.00000000    0.00000000    0.00000000 
max(|FNEB|)      :   0.00000000    0.00166285    0.00285759    0.00145678    0.00054460    0.00054499    0.00171153    0.00242098    0.00025003    0.00000000 
max(|Force|)     :   0.00161362    0.00172719    0.00130139    0.01677258    0.00054681    0.00454951    0.01279164    0.01792295    0.00046473    0.00144002 
ksp              :   0.01000000    0.01000000    0.03304178    0.10000000    0.10000000    0.09005311    0.04697053    0.01000000    0.01000000 
max(|step|)      :   0.00000000    0.00755250    0.01304046    0.00385465    0.00394375    0.00397079    0.00378802    0.01933015    0.00189318    0.00000000 
angle (deg.)     :    41.7845  122.0301  66.5609  89.4019  67.7716  14.4073  69.4979  75.7294 
>
iteration       : 203
climbing        : yes
zoom on         : no
nim             : 10
barrier         :   0.00945283 (image:  4) 
distance        :   0.00000000    7.26666067   14.53857503   16.56172623   17.40490723   17.79152708   18.12824848   18.73175340   21.38541421   24.06424080 
energy          : -1075.54974314  -1075.56408122  -1075.56954698  -1075.54749452  -1075.54029030  -1075.54130405  -1075.54584762  -1075.56299783  -1075.58183577  -1075.58160718 
max(|Fr_perp|)   :   0.00000000    0.00163816    0.00157040    0.00677818    0.00067656    0.00270168    0.00247093    0.00344842    0.00033906    0.00000000 
Fr_paral         :   0.00000000    0.00196784   -0.00248751   -0.02246264    0.00021638    0.00557726    0.02184341    0.03191757    0.00097757    0.00000000 
max(|Fsp_paral|) :   0.00000000    0.00002110    0.00448401    0.00945534    0.01862500    0.00258913    0.00105158    0.00099847    0.00007719    0.00000000 
max(|Fsp_perp|)  :   0.00000000    0.00000000    0.00000000    0.00000000    0.00000000    0.00000000    0.00000000    0.00000000    0.00000000    0.00000000 
max(|FNEB|)      :   0.00000000    0.00163798    0.00450443    0.00297539    0.00067532    0.00067984    0.00236023    0.00353692    0.00034737    0.00000000 
max(|Force|)     :   0.00161362    0.00154161    0.00127451    0.01700258    0.00067780    0.00444562    0.01267621    0.01774564    0.00045055    0.00144002 
ksp              :   0.01000000    0.01000000    0.03140895    0.10000000    0.10000000    0.09034819    0.04708903    0.01000000    0.01000000 
max(|step|)      :   0.00000000    0.01566187    0.02796946    0.00835645    0.00850812    0.00856211    0.00839348    0.03113114    0.00426077    0.00000000 
angle (deg.)     :    41.7983  121.1307  66.4524  90.5179  68.1855  17.9562  70.5254  75.7440 
>
iteration       : 204
climbing        : yes
zoom on         : no
nim             : 10
barrier         :   0.00943658 (image:  4) 
distance        :   0.00000000    7.26798082   14.53320720   16.58928487   17.43662955   17.82475221   18.16769436   18.80043740   21.44047282   24.11547156 
energy          : -1075.54974314  -1075.56409857  -1075.56967643  -1075.54756841  -1075.54030656  -1075.54126740  -1075.54586296  -1075.56376660  -1075.58184091  -1075.58160718 
max(|Fr_perp|)   :   0.00000000    0.00217476    0.00336820    0.00704871    0.00093618    0.00264354    0.00302295    0.00271909    0.00046919    0.00000000 
Fr_paral         :   0.00000000    0.00181895   -0.00161043   -0.02241294    0.00015779    0.00531112    0.02170718    0.03097857    0.00095920    0.00000000 
max(|Fsp_paral|) :   0.00000000    0.00001104    0.00458560    0.00976584    0.01822845    0.00237685    0.00073446    0.00179812    0.00010690    0.00000000 
max(|Fsp_perp|)  :   0.00000000    0.00000000    0.00000000    0.00000000    0.00000000    0.00000000    0.00000000    0.00000000    0.00000000    0.00000000 
max(|FNEB|)      :   0.00000000    0.00216774    0.00508640    0.00561736    0.00093525    0.00094287    0.00291429    0.00360406    0.00048239    0.00000000 
max(|Force|)     :   0.00161362    0.00225773    0.00318342    0.01721586    0.00093711    0.00428250    0.01260041    0.01725573    0.00051585    0.00144002 
ksp              :   0.01000000    0.01000000    0.03074115    0.10000000    0.10000000    0.09083613    0.04700657    0.01000000    0.01000000 
max(|step|)      :   0.00000000    0.01695344    0.03643609    0.01419081    0.01025684    0.01030741    0.01062332    0.02356064    0.00537155    0.00000000 
angle (deg.)     :    41.7976  119.9630  66.4169  91.6410  68.4914  20.2581  71.3688  75.8151 
>
iteration       : 205
climbing        : yes
zoom on         : no
nim             : 10
barrier         :   0.00941532 (image:  4) 
distance        :   0.00000000    7.26936870   14.52424093   16.62698990   17.47732151   17.86894841   18.21936575   18.87829504   21.50342890   24.17348667 
energy          : -1075.54974314  -1075.56410732  -1075.56970671  -1075.54737301  -1075.54032782  -1075.54124917  -1075.54595689  -1075.56438582  -1075.58184733  -1075.58160718 
max(|Fr_perp|)   :   0.00000000    0.00142831    0.00395418    0.01739480    0.00080900    0.00261356    0.00222201    0.00721939    0.00062517    0.00000000 
Fr_paral         :   0.00000000    0.00214116   -0.00085740   -0.02169148    0.00009204    0.00509966    0.02189292    0.02955376    0.00092078    0.00000000 
max(|Fsp_paral|) :   0.00000000    0.00005801    0.00188164    0.00738185    0.01794008    0.00220952    0.00078876    0.00227856    0.00013655    0.00000000 
max(|Fsp_perp|)  :   0.00000000    0.00000000    0.00000000    0.00000000    0.00000000    0.00000000    0.00000000    0.00000000    0.00000000    0.00000000 
max(|FNEB|)      :   0.00000000    0.00143876    0.00395847    0.01675938    0.00080796    0.00080853    0.00143232    0.00734030    0.00062306    0.00000000 
max(|Force|)     :   0.00161362    0.00132314    0.00395415    0.01760221    0.00081004    0.00416649    0.01265603    0.01671384    0.00062856    0.00144002 
ksp              :   0.01000000    0.01000000    0.03265580    0.10000000    0.10000000    0.09119288    0.04619232    0.01000000    0.01000000 
max(|step|)      :   0.00000000    0.00652978    0.01162116    0.00896652    0.00319185    0.00321501    0.00367795    0.01848635    0.00149583    0.00000000 
angle (deg.)     :    41.7718  120.1653  66.3772  91.2323  68.2222  17.4893  70.5533  75.8306 
>
iteration       : 206
climbing        : yes
zoom on         : no
nim             : 10
barrier         :   0.00942009 (image:  4) 
distance        :   0.00000000    7.26865362   14.52303890   16.61525438   17.46055870   17.85220066   18.19986043   18.83965863   21.46982818   24.14120667 
energy          : -1075.54974314  -1075.56411397  -1075.56984190  -1075.54749701  -1075.54032305  -1075.54127523  -1075.54597834  -1075.56416283  -1075.58184681  -1075.58160718 
max(|Fr_perp|)   :   0.00000000    0.00068462    0.00268304    0.00709964    0.00060312    0.00266198    0.00193391    0.00236955    0.00020752    0.00000000 
Fr_paral         :   0.00000000    0.00215928   -0.00127311   -0.02218139    0.00011431    0.00524921    0.02208014    0.03070233    0.00093799    0.00000000 
max(|Fsp_paral|) :   0.00000000    0.00005714    0.00324256    0.00843696    0.01792544    0.00233309    0.00114444    0.00169231    0.00012532    0.00000000 
max(|Fsp_perp|)  :   0.00000000    0.00000000    0.00000000    0.00000000    0.00000000    0.00000000    0.00000000    0.00000000    0.00000000    0.00000000 
max(|FNEB|)      :   0.00000000    0.00069502    0.00370171    0.00270981    0.00060244    0.00060908    0.00112360    0.00337622    0.00032034    0.00000000 
max(|Force|)     :   0.00161362    0.00107093    0.00268531    0.01710186    0.00060380    0.00427066    0.01279306    0.01699697    0.00046301    0.00144002 
ksp              :   0.01000000    0.01000000    0.03145959    0.10000000    0.10000000    0.09090280    0.04596901    0.01000000    0.01000000 
max(|step|)      :   0.00000000    0.00136677    0.01289246    0.00513901    0.00281258    0.00283852    0.00367947    0.01139095    0.00134366    0.00000000 
angle (deg.)     :    41.7390  119.6710  66.3238  91.4391  68.0758  15.4996  70.0046  75.9050 
>
iteration       : 207
climbing        : yes
zoom on         : no
nim             : 10
barrier         :   0.00941513 (image:  4) 
distance        :   0.00000000    7.26843666   14.51502054   16.62563545   17.46399732   17.85797037   18.20595795   18.83722953   21.46538982   24.13547691 
energy          : -1075.54974314  -1075.56411486  -1075.56999197  -1075.54724514  -1075.54032800  -1075.54130023  -1075.54603606  -1075.56410771  -1075.58184896  -1075.58160718 
max(|Fr_perp|)   :   0.00000000    0.00053484    0.00118681    0.00697827    0.00050005    0.00271710    0.00162126    0.00218039    0.00022590    0.00000000 
Fr_paral         :   0.00000000    0.00211820   -0.00131256   -0.02177854    0.00010571    0.00533407    0.02231530    0.03089455    0.00093911    0.00000000 
max(|Fsp_paral|) :   0.00000000    0.00008751    0.00046219    0.00553230    0.01783400    0.00242158    0.00151065    0.00131037    0.00012713    0.00000000 
max(|Fsp_perp|)  :   0.00000000    0.00000000    0.00000000    0.00000000    0.00000000    0.00000000    0.00000000    0.00000000    0.00000000    0.00000000 
max(|FNEB|)      :   0.00000000    0.00047001    0.00121226    0.00458976    0.00049953    0.00049908    0.00093587    0.00217697    0.00033056    0.00000000 
max(|Force|)     :   0.00161362    0.00110883    0.00121620    0.01674872    0.00050057    0.00435342    0.01300614    0.01697824    0.00047149    0.00144002 
ksp              :   0.01000000    0.01000000    0.03387855    0.10000000    0.10000000    0.09070635    0.04543623    0.01000000    0.01000000 
max(|step|)      :   0.00000000    0.00665175    0.01295368    0.00255085    0.00170322    0.00277090    0.00609542    0.02490467    0.00067645    0.00000000 
angle (deg.)     :    41.6953  119.7498  66.3482  90.8378  67.8844  13.0396  69.1047  75.9808 
>
iteration       : 208
climbing        : yes
zoom on         : no
nim             : 10
barrier         :   0.00941890 (image:  4) 
distance        :   0.00000000    7.26730674   14.51228660   16.61591833   17.45125943   17.84673361   18.19068537   18.80339676   21.43661471   24.10715855 
energy          : -1075.54974314  -1075.56411370  -1075.57000893  -1075.54717788  -1075.54032424  -1075.54134013  -1075.54602990  -1075.56364108  -1075.58184907  -1075.58160718 
max(|Fr_perp|)   :   0.00000000    0.00058979    0.00109682    0.00679199    0.00055493    0.00278551    0.00133157    0.00204268    0.00025511    0.00000000 
Fr_paral         :   0.00000000    0.00217729   -0.00166442   -0.02170785    0.00012473    0.00553454    0.02239695    0.03133082    0.00094430    0.00000000 
max(|Fsp_paral|) :   0.00000000    0.00008947    0.00007221    0.00490609    0.01802836    0.00264520    0.00168151    0.00083084    0.00011315    0.00000000 
max(|Fsp_perp|)  :   0.00000000    0.00000000    0.00000000    0.00000000    0.00000000    0.00000000    0.00000000    0.00000000    0.00000000    0.00000000 
max(|FNEB|)      :   0.00000000    0.00052365    0.00109901    0.00165406    0.00055375    0.00055362    0.00103042    0.00194660    0.00031452    0.00000000 
max(|Force|)     :   0.00161362    0.00117960    0.00115467    0.01653212    0.00055612    0.00449582    0.01313831    0.01708575    0.00046895    0.00144002 
ksp              :   0.01000000    0.01000000    0.03451169    0.10000000    0.10000000    0.09029291    0.04548087    0.01000000    0.01000000 
max(|step|)      :   0.00000000    0.00199897    0.00560327    0.00462550    0.00309332    0.00310143    0.00307278    0.00318243    0.00181533    0.00000000 
angle (deg.)     :    41.6822  119.6117  66.4194  90.6608  68.0385  13.0703  69.0589  76.0526 
>
iteration       : 209
climbing        : yes
zoom on         : no
nim             : 10
barrier         :   0.00941288 (image:  4) 
distance        :   0.00000000    7.26676658   14.51239896   16.61979951   17.46207515   17.85883989   18.20137786   18.81756689   21.44783908   24.11669496 
energy          : -1075.54974314  -1075.56411061  -1075.57006471  -1075.54740627  -1075.54033025  -1075.54134536  -1075.54600671  -1075.56372845  -1075.58185204  -1075.58160718 
max(|Fr_perp|)   :   0.00000000    0.00182517    0.00125688    0.00686524    0.00106949    0.00276843    0.00122090    0.00105034    0.00030578    0.00000000 
Fr_paral         :   0.00000000    0.00195094   -0.00160586   -0.02202789    0.00011014    0.00552272    0.02233379    0.03134478    0.00093677    0.00000000 
max(|Fsp_paral|) :   0.00000000    0.00008465    0.00205561    0.00723249    0.01812616    0.00272034    0.00145407    0.00100983    0.00011703    0.00000000 
max(|Fsp_perp|)  :   0.00000000    0.00000000    0.00000000    0.00000000    0.00000000    0.00000000    0.00000000    0.00000000    0.00000000    0.00000000 
max(|FNEB|)      :   0.00000000    0.00181958    0.00172080    0.00112523    0.00107055    0.00106414    0.00107738    0.00109918    0.00038547    0.00000000 
max(|Force|)     :   0.00161362    0.00185684    0.00119433    0.01678122    0.00106843    0.00447278    0.01301393    0.01699448    0.00053434    0.00144002 
ksp              :   0.01000000    0.01000000    0.03234361    0.10000000    0.10000000    0.09029420    0.04572534    0.01000000    0.01000000 
max(|step|)      :   0.00000000    0.02187193    0.06222052    0.02680872    0.02684413    0.02692943    0.02677181    0.02597446    0.01530496    0.00000000 
angle (deg.)     :    41.6238  117.9472  66.9034  90.3944  69.1256  15.2336  69.1199  76.5936 
>
iteration       : 210
climbing        : yes
zoom on         : no
nim             : 10
barrier         :   0.00943267 (image:  4) 
distance        :   0.00000000    7.26415776   14.50734182   16.68291513   17.56669171   17.97441741   18.31244310   18.96264353   21.56533738   24.22021916 
energy          : -1075.54974314  -1075.56390231  -1075.57008565  -1075.54864009  -1075.54031047  -1075.54130349  -1075.54578710  -1075.56415549  -1075.58186064  -1075.58160718 
max(|Fr_perp|)   :   0.00000000    0.01157376    0.00940073    0.00911776    0.00871481    0.00879867    0.00862627    0.01036612    0.00186451    0.00000000 
Fr_paral         :   0.00000000    0.00075997   -0.00053961   -0.02321481   -0.00001348    0.00535200    0.02168094    0.02909573    0.00088324    0.00000000 
max(|Fsp_paral|) :   0.00000000    0.00008369    0.01282190    0.01993885    0.01847414    0.00310987    0.00023685    0.00265612    0.00015828    0.00000000 
max(|Fsp_perp|)  :   0.00000000    0.00000000    0.00000000    0.00000000    0.00000000    0.00000000    0.00000000    0.00000000    0.00000000    0.00000000 
max(|FNEB|)      :   0.00000000    0.01156875    0.01239134    0.01307900    0.00871467    0.00867876    0.00874585    0.01051988    0.00188757    0.00000000 
max(|Force|)     :   0.00161362    0.01158534    0.00938066    0.01789432    0.00871495    0.00872764    0.01236474    0.01606018    0.00190188    0.00144002 
ksp              :   0.01000000    0.01000000    0.02052448    0.10000000    0.10000000    0.09052524    0.04774573    0.01000000    0.01000000 
max(|step|)      :   0.00000000    0.03484476    0.10000000    0.04137102    0.04142721    0.04156071    0.04137342    0.03985776    0.02357928    0.00000000 
angle (deg.)     :    41.6759  115.6505  67.8467  90.3013  70.6817  20.3035  69.6033  77.4412 
>
iteration       : 211
climbing        : yes
zoom on         : no
nim             : 10
barrier         :   0.00965031 (image:  4) 
distance        :   0.00000000    7.26129363   14.50937743   16.82275451   17.76611392   18.19115447   18.52442776   19.23123657   21.79246541   24.42628146 
energy          : -1075.54974314  -1075.56304810  -1075.56870679  -1075.55007526  -1075.54009283  -1075.54105063  -1075.54512206  -1075.56354098  -1075.58183305  -1075.58160718 
max(|Fr_perp|)   :   0.00000000    0.02481285    0.02073677    0.01972937    0.01922803    0.01927408    0.01917777    0.02409406    0.00403905    0.00000000 
Fr_paral         :   0.00000000   -0.00110190    0.00143169   -0.02355290   -0.00017824    0.00509489    0.01969586    0.02140327    0.00080770    0.00000000 
max(|Fsp_paral|) :   0.00000000    0.00005324    0.02210547    0.03290032    0.01898077    0.00361873    0.00390110    0.00615758    0.00021992    0.00000000 
max(|Fsp_perp|)  :   0.00000000    0.00000000    0.00000000    0.00000000    0.00000000    0.00000000    0.00000000    0.00000000    0.00000000    0.00000000 
max(|FNEB|)      :   0.00000000    0.02504707    0.02147550    0.02565862    0.01941298    0.01933629    0.01948296    0.02478611    0.00411013    0.00000000 
max(|Force|)     :   0.00161362    0.02503437    0.02099481    0.01968311    0.01941688    0.01939254    0.01950590    0.02382238    0.00411256    0.00144002 
ksp              :   0.01000000    0.01000000    0.01000000    0.10000000    0.10000000    0.09107193    0.05319774    0.01000000    0.01000000 
max(|step|)      :   0.00000000    0.02344991    0.02010608    0.02402245    0.01817508    0.01810328    0.01824060    0.02320558    0.00384804    0.00000000 
angle (deg.)     :    41.5759  114.7740  67.4055  91.9188  70.1390  17.8918  69.2454  77.4912 
>
iteration       : 212
climbing        : yes
zoom on         : no
nim             : 10
barrier         :   0.00935136 (image:  4) 
distance        :   0.00000000    7.26130787   14.48093760   16.83616662   17.74399893   18.16769895   18.51174127   19.20171457   21.76281037   24.39612859 
energy          : -1075.54974314  -1075.56387171  -1075.56944088  -1075.54941866  -1075.54039178  -1075.54133484  -1075.54582002  -1075.56494852  -1075.58189027  -1075.58160718 
max(|Fr_perp|)   :   0.00000000    0.00667168    0.00881230    0.00746199    0.00559037    0.00555876    0.00586213    0.01445343    0.00174405    0.00000000 
Fr_paral         :   0.00000000    0.00315350    0.00273889   -0.02345481   -0.00019398    0.00503579    0.02147743    0.02626655    0.00083720    0.00000000 
max(|Fsp_paral|) :   0.00000000    0.00016526    0.01904163    0.02717660    0.01793423    0.00328757    0.00089974    0.00378987    0.00021865    0.00000000 
max(|Fsp_perp|)  :   0.00000000    0.00000000    0.00000000    0.00000000    0.00000000    0.00000000    0.00000000    0.00000000    0.00000000    0.00000000 
max(|FNEB|)      :   0.00000000    0.00668122    0.01883890    0.02027132    0.00559251    0.00557854    0.00580959    0.01450866    0.00177714    0.00000000 
max(|Force|)     :   0.00161362    0.00684685    0.00900511    0.01810770    0.00558823    0.00553969    0.01211312    0.01563861    0.00178670    0.00144002 
ksp              :   0.01000000    0.01000000    0.01312282    0.10000000    0.10000000    0.09092367    0.04775715    0.01000000    0.01000000 
max(|step|)      :   0.00000000    0.00435773    0.01661790    0.01844350    0.00332554    0.00331247    0.00324342    0.00460174    0.00190684    0.00000000 
angle (deg.)     :    41.5381  114.1373  67.1724  93.2015  69.8958  16.5953  69.0446  77.5238 
>
iteration       : 213
climbing        : yes
zoom on         : no
nim             : 10
barrier         :   0.00930957 (image:  4) 
distance        :   0.00000000    7.26106984   14.46347803   16.85517210   17.73675496   18.15951318   18.50922002   19.18954914   21.75121791   24.38419688 
energy          : -1075.54974314  -1075.56390278  -1075.56969793  -1075.54853189  -1075.54043356  -1075.54136745  -1075.54602403  -1075.56540445  -1075.58190016  -1075.58160718 
max(|Fr_perp|)   :   0.00000000    0.00735154    0.00649585    0.00752664    0.00473763    0.00460215    0.00491806    0.00675178    0.00101022    0.00000000 
Fr_paral         :   0.00000000    0.00258250    0.00263026   -0.02270150   -0.00020096    0.00499781    0.02210965    0.02841000    0.00084206    0.00000000 
max(|Fsp_paral|) :   0.00000000    0.00023270    0.00929484    0.01617617    0.01727897    0.00309209    0.00029550    0.00292752    0.00021595    0.00000000 
max(|Fsp_perp|)  :   0.00000000    0.00000000    0.00000000    0.00000000    0.00000000    0.00000000    0.00000000    0.00000000    0.00000000    0.00000000 
max(|FNEB|)      :   0.00000000    0.00736397    0.00900172    0.00905976    0.00473981    0.00471957    0.00480157    0.00671800    0.00103861    0.00000000 
max(|Force|)     :   0.00161362    0.00730714    0.00669490    0.01766100    0.00473546    0.00466993    0.01245503    0.01635837    0.00106009    0.00144002 
ksp              :   0.01000000    0.01000000    0.02170964    0.10000000    0.10000000    0.09097169    0.04595437    0.01000000    0.01000000 
max(|step|)      :   0.00000000    0.00889207    0.01845640    0.01895637    0.00610099    0.00608987    0.00603093    0.00709344    0.00192532    0.00000000 
angle (deg.)     :    41.4604  113.4152  67.1090  94.6098  69.6529  14.9880  68.7508  77.6145 
>
iteration       : 214
climbing        : yes
zoom on         : no
nim             : 10
barrier         :   0.00927383 (image:  4) 
distance        :   0.00000000    7.25980309   14.44271877   16.87465625   17.72939149   18.15034057   18.50676983   19.17141784   21.73602645   24.36811871 
energy          : -1075.54974314  -1075.56397870  -1075.57002909  -1075.54764757  -1075.54046930  -1075.54138790  -1075.54619904  -1075.56539184  -1075.58190708  -1075.58160718 
max(|Fr_perp|)   :   0.00000000    0.00344581    0.00375200    0.00761962    0.00238434    0.00270463    0.00226968    0.00370640    0.00052728    0.00000000 
Fr_paral         :   0.00000000    0.00129212    0.00164410   -0.02150639   -0.00021038    0.00493687    0.02255488    0.02968285    0.00083241    0.00000000 
max(|Fsp_paral|) :   0.00000000    0.00030537    0.00090158    0.00512415    0.01664782    0.00283279    0.00158387    0.00202284    0.00020484    0.00000000 
max(|Fsp_perp|)  :   0.00000000    0.00000000    0.00000000    0.00000000    0.00000000    0.00000000    0.00000000    0.00000000    0.00000000    0.00000000 
max(|FNEB|)      :   0.00000000    0.00343151    0.00381846    0.00242273    0.00238212    0.00237862    0.00238419    0.00363577    0.00055619    0.00000000 
max(|Force|)     :   0.00161362    0.00346650    0.00381095    0.01704169    0.00238655    0.00414703    0.01287011    0.01687712    0.00057819    0.00144002 
ksp              :   0.01000000    0.01000000    0.03033688    0.10000000    0.10000000    0.09108520    0.04439446    0.01000000    0.01000000 
max(|step|)      :   0.00000000    0.00284150    0.00426637    0.00231997    0.00229000    0.00228960    0.00228754    0.00459906    0.00070071    0.00000000 
angle (deg.)     :    41.4171  113.3357  67.1600  94.5690  69.6550  14.5413  68.6633  77.6738 
>
iteration       : 215
climbing        : yes
zoom on         : no
nim             : 10
barrier         :   0.00926789 (image:  4) 
distance        :   0.00000000    7.25870232   14.43888010   16.87041198   17.72534034   18.14554515   18.50227087   19.16238708   21.72877458   24.36028264 
energy          : -1075.54974314  -1075.56400089  -1075.57013888  -1075.54767606  -1075.54047525  -1075.54138949  -1075.54620515  -1075.56527888  -1075.58190930  -1075.58160718 
max(|Fr_perp|)   :   0.00000000    0.00145695    0.00240398    0.00758413    0.00083598    0.00272758    0.00149688    0.00402596    0.00026781    0.00000000 
Fr_paral         :   0.00000000    0.00196167    0.00162204   -0.02155478   -0.00021003    0.00492098    0.02256042    0.02987066    0.00083529    0.00000000 
max(|Fsp_paral|) :   0.00000000    0.00031192    0.00060973    0.00542480    0.01667023    0.00279705    0.00172228    0.00190585    0.00019797    0.00000000 
max(|Fsp_perp|)  :   0.00000000    0.00000000    0.00000000    0.00000000    0.00000000    0.00000000    0.00000000    0.00000000    0.00000000    0.00000000 
max(|FNEB|)      :   0.00000000    0.00160019    0.00246924    0.00190965    0.00083821    0.00083217    0.00138960    0.00413198    0.00037135    0.00000000 
max(|Force|)     :   0.00161362    0.00156616    0.00250016    0.01703777    0.00083376    0.00416242    0.01294176    0.01663047    0.00041976    0.00144002 
ksp              :   0.01000000    0.01000000    0.03007323    0.10000000    0.10000000    0.09112182    0.04435718    0.01000000    0.01000000 
max(|step|)      :   0.00000000    0.00160274    0.00290387    0.00065624    0.00052871    0.00052661    0.00061749    0.00257283    0.00044814    0.00000000 
angle (deg.)     :    41.3907  113.2851  67.1873  94.5167  69.6686  14.2670  68.6083  77.7152 
>
iteration       : 216
climbing        : yes
zoom on         : no
nim             : 10
barrier         :   0.00926668 (image:  4) 
distance        :   0.00000000    7.25785215   14.43681930   16.86780609   17.72318100   18.14287167   18.49947313   19.15676117   21.72444740   24.35553071 
energy          : -1075.54974314  -1075.56400713  -1075.57019995  -1075.54770268  -1075.54047645  -1075.54138796  -1075.54620196  -1075.56521728  -1075.58191052  -1075.58160718 
max(|Fr_perp|)   :   0.00000000    0.00134853    0.00238583    0.00753811    0.00078479    0.00273878    0.00122881    0.00242945    0.00026435    0.00000000 
Fr_paral         :   0.00000000    0.00190989    0.00149281   -0.02158149   -0.00021008    0.00491177    0.02255924    0.03007500    0.00083481    0.00000000 
max(|Fsp_paral|) :   0.00000000    0.00031340    0.00032012    0.00573024    0.01669546    0.00278173    0.00177302    0.00185098    0.00019294    0.00000000 
max(|Fsp_perp|)  :   0.00000000    0.00000000    0.00000000    0.00000000    0.00000000    0.00000000    0.00000000    0.00000000    0.00000000    0.00000000 
max(|FNEB|)      :   0.00000000    0.00149232    0.00226764    0.00155366    0.00078702    0.00077948    0.00085582    0.00250478    0.00036486    0.00000000 
max(|Force|)     :   0.00161362    0.00140144    0.00216697    0.01701316    0.00078256    0.00416922    0.01297687    0.01652604    0.00041772    0.00144002 
ksp              :   0.01000000    0.01000000    0.02981737    0.10000000    0.10000000    0.09114720    0.04439265    0.01000000    0.01000000 
max(|step|)      :   0.00000000    0.01291920    0.02337222    0.00493899    0.00427840    0.00426717    0.00512706    0.01955526    0.00356063    0.00000000 
angle (deg.)     :    41.1801  112.8889  67.3726  94.0896  69.8273  13.3320  68.3211  78.0430 
>
iteration       : 217
climbing        : yes
zoom on         : no
nim             : 10
barrier         :   0.00925732 (image:  4) 
distance        :   0.00000000    7.25099540   14.42086244   16.84921932   17.70806449   18.12379090   18.47831700   19.11604973   21.69453523   24.32224399 
energy          : -1075.54974314  -1075.56404598  -1075.57050082  -1075.54789597  -1075.54048582  -1075.54137711  -1075.54612459  -1075.56447366  -1075.58191917  -1075.58160718 
max(|Fr_perp|)   :   0.00000000    0.00112478    0.00329466    0.00732184    0.00058142    0.00280040    0.00136618    0.00256311    0.00038800    0.00000000 
Fr_paral         :   0.00000000    0.00174528    0.00082389   -0.02184831   -0.00020775    0.00484466    0.02232517    0.03072814    0.00083358    0.00000000 
max(|Fsp_paral|) :   0.00000000    0.00032270    0.00172490    0.00795814    0.01690115    0.00269643    0.00188223    0.00162921    0.00015110    0.00000000 
max(|Fsp_perp|)  :   0.00000000    0.00000000    0.00000000    0.00000000    0.00000000    0.00000000    0.00000000    0.00000000    0.00000000    0.00000000 
max(|FNEB|)      :   0.00000000    0.00135534    0.00356188    0.00149431    0.00058256    0.00057885    0.00089664    0.00247831    0.00036734    0.00000000 
max(|Force|)     :   0.00161362    0.00119264    0.00323749    0.01698568    0.00058029    0.00419971    0.01314322    0.01617863    0.00043755    0.00144002 
ksp              :   0.01000000    0.01000000    0.02795821    0.10000000    0.10000000    0.09133479    0.04517962    0.01000000    0.01000000 
max(|step|)      :   0.00000000    0.01092681    0.02066504    0.00493327    0.00402495    0.00401260    0.00403860    0.01368438    0.00302983    0.00000000 
angle (deg.)     :    41.0040  112.4977  67.4398  93.8563  69.9992  13.1993  68.1881  78.3052 
>
iteration       : 218
climbing        : yes
zoom on         : no
nim             : 10
barrier         :   0.00924904 (image:  4) 
distance        :   0.00000000    7.24501053   14.40601472   16.83849505   17.69720383   18.10980526   18.46120715   19.08577549   21.67309466   24.29798156 
energy          : -1075.54974314  -1075.56406749  -1075.57067619  -1075.54791201  -1075.54049409  -1075.54137140  -1075.54603388  -1075.56386082  -1075.58192651  -1075.58160718 
max(|Fr_perp|)   :   0.00000000    0.00073496    0.00308020    0.00738164    0.00047805    0.00281388    0.00152310    0.00360683    0.00028190    0.00000000 
Fr_paral         :   0.00000000    0.00194986    0.00080732   -0.02183930   -0.00020637    0.00480209    0.02205334    0.03110768    0.00084443    0.00000000 
max(|Fsp_paral|) :   0.00000000    0.00033445    0.00177036    0.00807666    0.01702114    0.00267377    0.00175762    0.00157513    0.00011612    0.00000000 
max(|Fsp_perp|)  :   0.00000000    0.00000000    0.00000000    0.00000000    0.00000000    0.00000000    0.00000000    0.00000000    0.00000000    0.00000000 
max(|FNEB|)      :   0.00000000    0.00093496    0.00334991    0.00655378    0.00047918    0.00047597    0.00105843    0.00352192    0.00030587    0.00000000 
max(|Force|)     :   0.00161362    0.00108334    0.00302548    0.01693485    0.00047692    0.00419478    0.01308799    0.01653978    0.00042882    0.00144002 
ksp              :   0.01000000    0.01000000    0.02781819    0.10000000    0.10000000    0.09146319    0.04609376    0.01000000    0.01000000 
max(|step|)      :   0.00000000    0.01867178    0.03648356    0.00728540    0.00716304    0.00714050    0.00718560    0.02154223    0.00531749    0.00000000 
angle (deg.)     :    40.7100  111.8137  67.5441  93.4629  70.3168  13.1864  68.0620  78.7482 
>
iteration       : 219
climbing        : yes
zoom on         : no
nim             : 10
barrier         :   0.00923537 (image:  4) 
distance        :   0.00000000    7.23427882   14.38090916   16.82445371   17.68211128   18.08933679   18.43455008   19.03820784   21.64088175   24.26085458 
energy          : -1075.54974314  -1075.56407860  -1075.57088750  -1075.54801306  -1075.54050776  -1075.54136283  -1075.54586854  -1075.56282937  -1075.58193819  -1075.58160718 
max(|Fr_perp|)   :   0.00000000    0.00039283    0.00253424    0.00706419    0.00067163    0.00280795    0.00165754    0.00367612    0.00019428    0.00000000 
Fr_paral         :   0.00000000    0.00207066    0.00084858   -0.02207596   -0.00020278    0.00473786    0.02157013    0.03170667    0.00086506    0.00000000 
max(|Fsp_paral|) :   0.00000000    0.00034950    0.00257706    0.00897153    0.01715449    0.00265984    0.00146495    0.00151287    0.00005409    0.00000000 
max(|Fsp_perp|)  :   0.00000000    0.00000000    0.00000000    0.00000000    0.00000000    0.00000000    0.00000000    0.00000000    0.00000000    0.00000000 
max(|FNEB|)      :   0.00000000    0.00054809    0.00268221    0.00277234    0.00067306    0.00066970    0.00119854    0.00358624    0.00023994    0.00000000 
max(|Force|)     :   0.00161362    0.00109246    0.00251226    0.01690179    0.00067021    0.00416262    0.01288296    0.01699336    0.00041980    0.00144002 
ksp              :   0.01000000    0.01000000    0.02685987    0.10000000    0.10000000    0.09166725    0.04775849    0.01000000    0.01000000 
max(|step|)      :   0.00000000    0.04139093    0.08671369    0.01740937    0.01720373    0.01714931    0.01720995    0.04354259    0.01258582    0.00000000 
angle (deg.)     :    40.0736  110.1526  68.0476  92.6908  71.0459  12.9217  68.0790  79.7185 
>
iteration       : 220
climbing        : yes
zoom on         : no
nim             : 10
barrier         :   0.00920360 (image:  4) 
distance        :   0.00000000    7.20739125   14.32220392   16.81095109   17.66201383   18.05629691   18.38708925   18.94403469   21.58229370   24.19069886 
energy          : -1075.54974314  -1075.56398415  -1075.57099931  -1075.54798108  -1075.54053954  -1075.54134620  -1075.54551562  -1075.56046232  -1075.58195968  -1075.58160718 
max(|Fr_perp|)   :   0.00000000    0.00171996    0.00198227    0.00741915    0.00105244    0.00270487    0.00162048    0.00322554    0.00068030    0.00000000 
Fr_paral         :   0.00000000    0.00194693    0.00052079   -0.02214883   -0.00019200    0.00460124    0.02057155    0.03260452    0.00091165    0.00000000 
max(|Fsp_paral|) :   0.00000000    0.00037048    0.00144886    0.00776567    0.01742523    0.00261550    0.00096678    0.00117216    0.00009579    0.00000000 
max(|Fsp_perp|)  :   0.00000000    0.00000000    0.00000000    0.00000000    0.00000000    0.00000000    0.00000000    0.00000000    0.00000000    0.00000000 
max(|FNEB|)      :   0.00000000    0.00179746    0.00223585    0.00660999    0.00105479    0.00104965    0.00103782    0.00282298    0.00068577    0.00000000 
max(|Force|)     :   0.00161362    0.00157070    0.00202581    0.01708815    0.00105009    0.00401073    0.01221981    0.01778672    0.00067566    0.00144002 
ksp              :   0.01000000    0.01000000    0.02723076    0.10000000    0.10000000    0.09211183    0.05133992    0.01000000    0.01000000 
max(|step|)      :   0.00000000    0.00869486    0.02177289    0.01272467    0.00684165    0.00682305    0.00680371    0.01344040    0.00377786    0.00000000 
angle (deg.)     :    39.8705  109.6299  68.2959  92.3941  71.1909  11.9675  67.8251  79.8895 
>
iteration       : 221
climbing        : yes
zoom on         : no
nim             : 10
barrier         :   0.00919327 (image:  4) 
distance        :   0.00000000    7.19673907   14.30364137   16.80839942   17.65875442   18.04868791   18.37616899   18.91930151   21.56235360   24.16721660 
energy          : -1075.54974314  -1075.56384261  -1075.57106771  -1075.54741823  -1075.54054986  -1075.54134362  -1075.54542258  -1075.55988421  -1075.58194370  -1075.58160718 
max(|Fr_perp|)   :   0.00000000    0.00866295    0.00412786    0.01285775    0.00163093    0.00263163    0.00239852    0.00511171    0.00507840    0.00000000 
Fr_paral         :   0.00000000    0.00411406    0.00040545   -0.02092074   -0.00018447    0.00456526    0.02025497    0.03306430    0.00089602    0.00000000 
max(|Fsp_paral|) :   0.00000000    0.00035989    0.00468002    0.00133879    0.01786487    0.00255916    0.00093210    0.00102920    0.00012347    0.00000000 
max(|Fsp_perp|)  :   0.00000000    0.00000000    0.00000000    0.00000000    0.00000000    0.00000000    0.00000000    0.00000000    0.00000000    0.00000000 
max(|FNEB|)      :   0.00000000    0.00858894    0.00490825    0.01295253    0.00163289    0.00164442    0.00237408    0.00516271    0.00507317    0.00000000 
max(|Force|)     :   0.00161362    0.00898574    0.00414268    0.01678906    0.00162897    0.00393102    0.01173681    0.01965228    0.00508138    0.00144002 
ksp              :   0.01000000    0.01000000    0.03276026    0.10000000    0.10000000    0.09222929    0.05229725    0.01000000    0.01000000 
max(|step|)      :   0.00000000    0.02304182    0.04718642    0.00982400    0.00970145    0.00967376    0.00971450    0.02400260    0.00687671    0.00000000 
angle (deg.)     :    40.2196  110.5083  67.9559  92.7073  70.8102  11.6281  67.7297  79.3622 
>
iteration       : 222
climbing        : yes
zoom on         : no
nim             : 10
barrier         :   0.00920741 (image:  4) 
distance        :   0.00000000    7.21105204   14.33554986   16.80739450   17.66255590   18.05975393   18.39378027   18.96302399   21.58632731   24.19743801 
energy          : -1075.54974314  -1075.56401668  -1075.57124251  -1075.54807296  -1075.54053573  -1075.54135811  -1075.54561813  -1075.56128999  -1075.58195327  -1075.58160718 
max(|Fr_perp|)   :   0.00000000    0.00270067    0.00130852    0.00708072    0.00075281    0.00264235    0.00114426    0.00163504    0.00130860    0.00000000 
Fr_paral         :   0.00000000    0.00278562    0.00030032   -0.02231152   -0.00018811    0.00465511    0.02089330    0.03324377    0.00089849    0.00000000 
max(|Fsp_paral|) :   0.00000000    0.00034602    0.00263832    0.00916370    0.01740107    0.00262843    0.00108284    0.00126833    0.00003888    0.00000000 
max(|Fsp_perp|)  :   0.00000000    0.00000000    0.00000000    0.00000000    0.00000000    0.00000000    0.00000000    0.00000000    0.00000000    0.00000000 
max(|FNEB|)      :   0.00000000    0.00262888    0.00233782    0.00398240    0.00075414    0.00075013    0.00075236    0.00112389    0.00130417    0.00000000 
max(|Force|)     :   0.00161362    0.00292049    0.00131967    0.01708168    0.00075147    0.00397652    0.01205952    0.01911749    0.00131251    0.00144002 
ksp              :   0.01000000    0.01000000    0.02632548    0.10000000    0.10000000    0.09196141    0.05032084    0.01000000    0.01000000 
max(|step|)      :   0.00000000    0.01199888    0.02672876    0.00724142    0.00502067    0.00500201    0.00497362    0.01407853    0.00379687    0.00000000 
angle (deg.)     :    40.0502  109.9201  68.1015  92.7539  70.9751  11.5018  67.7761  79.6526 
>
iteration       : 223
climbing        : yes
zoom on         : no
nim             : 10
barrier         :   0.00919741 (image:  4) 
distance        :   0.00000000    7.20279904   14.31598047   16.81125972   17.65919528   18.05230450   18.38338703   18.93651862   21.57105925   24.17867883 
energy          : -1075.54974314  -1075.56397374  -1075.57119856  -1075.54782390  -1075.54054573  -1075.54135190  -1075.54553180  -1075.56051441  -1075.58195688  -1075.58160718 
max(|Fr_perp|)   :   0.00000000    0.00308575    0.00160915    0.00737736    0.00070259    0.00262133    0.00130957    0.00231282    0.00225070    0.00000000 
Fr_paral         :   0.00000000    0.00159472    0.00012261   -0.02191210   -0.00018574    0.00460571    0.02062105    0.03324287    0.00092166    0.00000000 
max(|Fsp_paral|) :   0.00000000    0.00035868    0.00029102    0.00580268    0.01738483    0.00257023    0.00112875    0.00104346    0.00008655    0.00000000 
max(|Fsp_perp|)  :   0.00000000    0.00000000    0.00000000    0.00000000    0.00000000    0.00000000    0.00000000    0.00000000    0.00000000    0.00000000 
max(|FNEB|)      :   0.00000000    0.00316111    0.00166505    0.00588979    0.00070362    0.00070332    0.00102573    0.00228531    0.00225612    0.00000000 
max(|Force|)     :   0.00161362    0.00295871    0.00161919    0.01717431    0.00070156    0.00393719    0.01203164    0.01864642    0.00224568    0.00144002 
ksp              :   0.01000000    0.01000000    0.02878040    0.10000000    0.10000000    0.09211126    0.05120947    0.01000000    0.01000000 
max(|step|)      :   0.00000000    0.00567943    0.01037669    0.00391656    0.00116684    0.00115849    0.00197940    0.00842878    0.00123682    0.00000000 
angle (deg.)     :    40.1018  110.0872  68.0597  92.6948  70.8780  11.4289  67.6937  79.5215 
>
iteration       : 224
climbing        : yes
zoom on         : no
nim             : 10
barrier         :   0.00919890 (image:  4) 
distance        :   0.00000000    7.20426912   14.32201749   16.80879760   17.65962814   18.05381169   18.38642210   18.94437241   21.57343763   24.18208047 
energy          : -1075.54974314  -1075.56400522  -1075.57125507  -1075.54803089  -1075.54054423  -1075.54135536  -1075.54557526  -1075.56080911  -1075.58195880  -1075.58160718 
max(|Fr_perp|)   :   0.00000000    0.00073400    0.00089470    0.00710502    0.00051928    0.00261734    0.00117934    0.00148361    0.00021396    0.00000000 
Fr_paral         :   0.00000000    0.00224841    0.00012721   -0.02234510   -0.00018345    0.00462161    0.02075997    0.03341854    0.00091291    0.00000000 
max(|Fsp_paral|) :   0.00000000    0.00034614    0.00197765    0.00831254    0.01734388    0.00256563    0.00119511    0.00107487    0.00006550    0.00000000 
max(|Fsp_perp|)  :   0.00000000    0.00000000    0.00000000    0.00000000    0.00000000    0.00000000    0.00000000    0.00000000    0.00000000    0.00000000 
max(|FNEB|)      :   0.00000000    0.00080678    0.00174757    0.00149737    0.00052031    0.00051847    0.00051323    0.00100533    0.00017003    0.00000000 
max(|Force|)     :   0.00161362    0.00120456    0.00088889    0.01711486    0.00051826    0.00394106    0.01200297    0.01908581    0.00044679    0.00144002 
ksp              :   0.01000000    0.01000000    0.02675221    0.10000000    0.10000000    0.09206413    0.05077754    0.01000000    0.01000000 
max(|step|)      :   0.00000000    0.00183666    0.00529111    0.00206439    0.00208543    0.00207872    0.00207035    0.00286584    0.00109193    0.00000000 
angle (deg.)     :    40.0510  109.9053  68.1010  92.6641  70.8810  11.3885  67.6512  79.5594 
>
iteration       : 225
climbing        : yes
zoom on         : no
nim             : 10
barrier         :   0.00919487 (image:  4) 
distance        :   0.00000000    7.20076601   14.31633455   16.80922285   17.65860437   18.05144510   18.38374079   18.93734996   21.56738950   24.17498141 
energy          : -1075.54974314  -1075.56399550  -1075.57126609  -1075.54799916  -1075.54054826  -1075.54135502  -1075.54556331  -1075.56064074  -1075.58196002  -1075.58160718 
max(|Fr_perp|)   :   0.00000000    0.00074892    0.00087926    0.00705740    0.00050543    0.00260552    0.00120895    0.00160547    0.00032315    0.00000000 
Fr_paral         :   0.00000000    0.00241349    0.00010133   -0.02232662   -0.00018003    0.00460941    0.02071748    0.03352875    0.00091676    0.00000000 
max(|Fsp_paral|) :   0.00000000    0.00034092    0.00155832    0.00782256    0.01734227    0.00253044    0.00126365    0.00099394    0.00007218    0.00000000 
max(|Fsp_perp|)  :   0.00000000    0.00000000    0.00000000    0.00000000    0.00000000    0.00000000    0.00000000    0.00000000    0.00000000    0.00000000 
max(|FNEB|)      :   0.00000000    0.00082059    0.00125391    0.00105939    0.00050644    0.00050407    0.00050026    0.00085778    0.00031817    0.00000000 
max(|Force|)     :   0.00161362    0.00136642    0.00088301    0.01706296    0.00050442    0.00392651    0.01194505    0.01928319    0.00044795    0.00144002 
ksp              :   0.01000000    0.01000000    0.02707009    0.10000000    0.10000000    0.09210335    0.05091240    0.01000000    0.01000000 
max(|step|)      :   0.00000000    0.00422065    0.01336168    0.00621072    0.00628225    0.00626077    0.00623378    0.00806551    0.00308355    0.00000000 
angle (deg.)     :    39.9199  109.3835  68.1828  92.5767  70.8732  11.3878  67.5691  79.6499 
>
iteration       : 226
climbing        : yes
zoom on         : no
nim             : 10
barrier         :   0.00918285 (image:  4) 
distance        :   0.00000000    7.19036854   14.30077116   16.81240604   17.65720616   18.04633590   18.37754304   18.91978897   21.55166260   24.15628794 
energy          : -1075.54974314  -1075.56397022  -1075.57129101  -1075.54789434  -1075.54056029  -1075.54135656  -1075.54552973  -1075.56018278  -1075.58196301  -1075.58160718 
max(|Fr_perp|)   :   0.00000000    0.00105800    0.00093703    0.00700277    0.00048943    0.00258257    0.00128748    0.00148574    0.00079847    0.00000000 
Fr_paral         :   0.00000000    0.00251127    0.00008766   -0.02223777   -0.00016876    0.00458401    0.02059137    0.03372563    0.00092230    0.00000000 
max(|Fsp_paral|) :   0.00000000    0.00032014    0.00020129    0.00621283    0.01733462    0.00244498    0.00142196    0.00079593    0.00008824    0.00000000 
max(|Fsp_perp|)  :   0.00000000    0.00000000    0.00000000    0.00000000    0.00000000    0.00000000    0.00000000    0.00000000    0.00000000    0.00000000 
max(|FNEB|)      :   0.00000000    0.00099083    0.00094145    0.00168074    0.00049038    0.00048738    0.00048811    0.00096107    0.00079329    0.00000000 
max(|Force|)     :   0.00161362    0.00158529    0.00093542    0.01697576    0.00048849    0.00389886    0.01183507    0.01943102    0.00080267    0.00144002 
ksp              :   0.01000000    0.01000000    0.02811979    0.10000000    0.10000000    0.09219580    0.05129512    0.01000000    0.01000000 
max(|step|)      :   0.00000000    0.00575290    0.00648083    0.00647160    0.00657543    0.00655017    0.00653488    0.00726199    0.00250896    0.00000000 
angle (deg.)     :    39.8311  108.9715  68.2013  92.2554  70.8288  11.4895  67.5142  79.6596 
>
iteration       : 227
climbing        : yes
zoom on         : no
nim             : 10
barrier         :   0.00917013 (image:  4) 
distance        :   0.00000000    7.17988212   14.29066750   16.81479182   17.65868518   18.04515066   18.37410781   18.91134514   21.53982454   24.14196587 
energy          : -1075.54974314  -1075.56395059  -1075.57136361  -1075.54790966  -1075.54057301  -1075.54136921  -1075.54549877  -1075.55994298  -1075.58196356  -1075.58160718 
max(|Fr_perp|)   :   0.00000000    0.00241523    0.00211598    0.00694400    0.00049331    0.00258272    0.00132778    0.00187009    0.00114837    0.00000000 
Fr_paral         :   0.00000000    0.00254563    0.00014244   -0.02229972   -0.00015274    0.00460456    0.02047117    0.03380462    0.00097662    0.00000000 
max(|Fsp_paral|) :   0.00000000    0.00027657    0.00018632    0.00617451    0.01743781    0.00244346    0.00134348    0.00079401    0.00008569    0.00000000 
max(|Fsp_perp|)  :   0.00000000    0.00000000    0.00000000    0.00000000    0.00000000    0.00000000    0.00000000    0.00000000    0.00000000    0.00000000 
max(|FNEB|)      :   0.00000000    0.00254135    0.00210119    0.00221594    0.00049416    0.00049190    0.00080685    0.00175780    0.00115350    0.00000000 
max(|Force|)     :   0.00161362    0.00259623    0.00212111    0.01697422    0.00049245    0.00391081    0.01178795    0.01931052    0.00114399    0.00144002 
ksp              :   0.01000000    0.01000000    0.02799459    0.10000000    0.10000000    0.09218574    0.05165625    0.01000000    0.01000000 
max(|step|)      :   0.00000000    0.01380458    0.01947047    0.01937341    0.01965701    0.01958339    0.01951881    0.02051589    0.00777830    0.00000000 
angle (deg.)     :    39.5712  107.7805  68.3188  91.2967  70.7132  13.3589  67.6578  79.7466 
>
iteration       : 228
climbing        : yes
zoom on         : no
nim             : 10
barrier         :   0.00913345 (image:  4) 
distance        :   0.00000000    7.14875844   14.26113215   16.82711236   17.66828890   18.04642560   18.36901149   18.89176840   21.51331586   24.10784641 
energy          : -1075.54974314  -1075.56390442  -1075.57151439  -1075.54797703  -1075.54060968  -1075.54140149  -1075.54540285  -1075.55910299  -1075.58196891  -1075.58160718 
max(|Fr_perp|)   :   0.00000000    0.00167444    0.00141840    0.00680324    0.00074266    0.00257671    0.00136888    0.00167833    0.00109062    0.00000000 
Fr_paral         :   0.00000000    0.00232136    0.00017633   -0.02251354   -0.00010760    0.00465030    0.02010322    0.03374160    0.00098257    0.00000000 
max(|Fsp_paral|) :   0.00000000    0.00014567    0.00032904    0.00626252    0.01773213    0.00240901    0.00112186    0.00077270    0.00008920    0.00000000 
max(|Fsp_perp|)  :   0.00000000    0.00000000    0.00000000    0.00000000    0.00000000    0.00000000    0.00000000    0.00000000    0.00000000    0.00000000 
max(|FNEB|)      :   0.00000000    0.00179891    0.00139177    0.00153843    0.00074340    0.00074266    0.00072075    0.00172685    0.00109557    0.00000000 
max(|Force|)     :   0.00161362    0.00190997    0.00142445    0.01701855    0.00074192    0.00393471    0.01165650    0.01883587    0.00108697    0.00144002 
ksp              :   0.01000000    0.01000000    0.02740305    0.10000000    0.10000000    0.09219766    0.05276869    0.01000000    0.01000000 
max(|step|)      :   0.00000000    0.01908194    0.03093205    0.02971031    0.03001920    0.02991028    0.02987058    0.02677034    0.01241522    0.00000000 
angle (deg.)     :    39.1778  106.1473  68.6317  89.5686  70.4837  15.9768  67.9086  80.0388 
>
iteration       : 229
climbing        : yes
zoom on         : no
nim             : 10
barrier         :   0.00907509 (image:  4) 
distance        :   0.00000000    7.10272969   14.22075496   16.85572724   17.69755788   18.06292599   18.37686632   18.87768241   21.48903052   24.07147143 
energy          : -1075.54974314  -1075.56382129  -1075.57165197  -1075.54821621  -1075.54066805  -1075.54145278  -1075.54527602  -1075.55774527  -1075.58197163  -1075.58160718 
max(|Fr_perp|)   :   0.00000000    0.00122093    0.00171688    0.00650611    0.00050695    0.00253589    0.00142803    0.00512329    0.00250392    0.00000000 
Fr_paral         :   0.00000000    0.00226952    0.00013063   -0.02298240   -0.00003125    0.00471803    0.01956514    0.03286372    0.00114178    0.00000000 
max(|Fsp_paral|) :   0.00000000    0.00006131    0.00192879    0.00826670    0.01835594    0.00230669    0.00090748    0.00062600    0.00009706    0.00000000 
max(|Fsp_perp|)  :   0.00000000    0.00000000    0.00000000    0.00000000    0.00000000    0.00000000    0.00000000    0.00000000    0.00000000    0.00000000 
max(|FNEB|)      :   0.00000000    0.00124350    0.00161677    0.00308699    0.00050712    0.00050744    0.00146508    0.00517563    0.00250510    0.00000000 
max(|Force|)     :   0.00161362    0.00161157    0.00172554    0.01710091    0.00050677    0.00394126    0.01144492    0.01928319    0.00249958    0.00144002 
ksp              :   0.01000000    0.01000000    0.02514289    0.10000000    0.10000000    0.09221767    0.05430154    0.01000000    0.01000000 
max(|step|)      :   0.00000000    0.05334952    0.10000000    0.08826784    0.08916960    0.08884737    0.08872727    0.07950610    0.03743466    0.00000000 
angle (deg.)     :    38.2697  102.4302  69.9754  84.3642  69.7793  29.8019  71.6576  80.9616 
>
iteration       : 230
climbing        : yes
zoom on         : no
nim             : 10
barrier         :   0.00891237 (image:  4) 
distance        :   0.00000000    6.96649990   14.12443907   17.03120037   17.87339322   18.20055687   18.48831394   18.94522419   21.54108613   24.08858558 
energy          : -1075.54974314  -1075.56346575  -1075.57136111  -1075.54853314  -1075.54083077  -1075.54158980  -1075.54486238  -1075.55325594  -1075.58194014  -1075.58160718 
max(|Fr_perp|)   :   0.00000000    0.00773907    0.00762935    0.01185687    0.00087507    0.00237853    0.00351934    0.01278890    0.00657978    0.00000000 
Fr_paral         :   0.00000000    0.00211890    0.00028911   -0.02351724    0.00019960    0.00491489    0.01772625    0.02579822    0.00152029    0.00000000 
max(|Fsp_paral|) :   0.00000000    0.00076937    0.00238433    0.00926915    0.02041817    0.00198291    0.00026405    0.00068306    0.00017002    0.00000000 
max(|Fsp_perp|)  :   0.00000000    0.00000000    0.00000000    0.00000000    0.00000000    0.00000000    0.00000000    0.00000000    0.00000000    0.00000000 
max(|FNEB|)      :   0.00000000    0.00824508    0.00735619    0.01297529    0.00088634    0.00085507    0.00364521    0.01320582    0.00675599    0.00000000 
max(|Force|)     :   0.00161362    0.00828368    0.00779416    0.01729504    0.00090734    0.00393563    0.01071705    0.01954714    0.00674395    0.00144002 
ksp              :   0.01000000    0.01000000    0.02232995    0.10000000    0.10000000    0.09233523    0.05930955    0.01000000    0.01000000 
max(|step|)      :   0.00000000    0.00638367    0.00569546    0.01004599    0.00068624    0.00066203    0.00282226    0.01022447    0.00523076    0.00000000 
angle (deg.)     :    38.2676  102.3694  69.9146  84.5105  69.6002  27.9108  71.0295  80.9796 
>
iteration       : 231
climbing        : yes
zoom on         : no
nim             : 10
barrier         :   0.00890783 (image:  4) 
distance        :   0.00000000    6.96798969   14.12166709   17.03362741   17.87174732   18.19939971   18.48910619   18.94544818   21.53492886   24.08237946 
energy          : -1075.54974314  -1075.56354210  -1075.57155304  -1075.54873425  -1075.54083530  -1075.54159614  -1075.54493281  -1075.55400055  -1075.58198354  -1075.58160718 
max(|Fr_perp|)   :   0.00000000    0.00120824    0.00229031    0.00554601    0.00071221    0.00232872    0.00158351    0.00639888    0.00185511    0.00000000 
Fr_paral         :   0.00000000    0.00224752    0.00049438   -0.02429408    0.00019712    0.00493039    0.01803625    0.02871402    0.00111977    0.00000000 
max(|Fsp_paral|) :   0.00000000    0.00074596    0.00452829    0.01198544    0.02014333    0.00194262    0.00000077    0.00051069    0.00014796    0.00000000 
max(|Fsp_perp|)  :   0.00000000    0.00000000    0.00000000    0.00000000    0.00000000    0.00000000    0.00000000    0.00000000    0.00000000    0.00000000 
max(|FNEB|)      :   0.00000000    0.00171546    0.00445749    0.00675470    0.00071111    0.00071394    0.00166492    0.00650390    0.00184526    0.00000000 
max(|Force|)     :   0.00161362    0.00182707    0.00236912    0.01718828    0.00071330    0.00389026    0.01071745    0.01860822    0.00188126    0.00144002 
ksp              :   0.01000000    0.01000000    0.02019321    0.10000000    0.10000000    0.09231285    0.05860101    0.01000000    0.01000000 
max(|step|)      :   0.00000000    0.00107820    0.00321168    0.00495148    0.00057884    0.00058136    0.00141842    0.00529983    0.00099847    0.00000000 
angle (deg.)     :    38.2727  102.2728  69.8424  84.7924  69.4539  26.3313  70.4277  81.0021 
>
iteration       : 232
climbing        : yes
zoom on         : no
nim             : 10
barrier         :   0.00890630 (image:  4) 
distance        :   0.00000000    6.96950290   14.11707177   17.03866121   17.87001007   18.19821709   18.48956954   18.94540480   21.52885451   24.07622160 
energy          : -1075.54974314  -1075.56354480  -1075.57161385  -1075.54849602  -1075.54083684  -1075.54160175  -1075.54497544  -1075.55430746  -1075.58198790  -1075.58160718 
max(|Fr_perp|)   :   0.00000000    0.00177714    0.00211511    0.00564638    0.00066161    0.00230247    0.00152048    0.00604900    0.00150418    0.00000000 
Fr_paral         :   0.00000000    0.00220531    0.00055626   -0.02399668    0.00020223    0.00494609    0.01817041    0.02951533    0.00112923    0.00000000 
max(|Fsp_paral|) :   0.00000000    0.00071512    0.00193934    0.00815848    0.01997801    0.00191461    0.00018442    0.00041311    0.00012669    0.00000000 
max(|Fsp_perp|)  :   0.00000000    0.00000000    0.00000000    0.00000000    0.00000000    0.00000000    0.00000000    0.00000000    0.00000000    0.00000000 
max(|FNEB|)      :   0.00000000    0.00226335    0.00221844    0.00277979    0.00066050    0.00066244    0.00142014    0.00614613    0.00149561    0.00000000 
max(|Force|)     :   0.00161362    0.00238432    0.00220379    0.01709528    0.00066272    0.00387011    0.01074185    0.01843336    0.00153099    0.00144002 
ksp              :   0.01000000    0.01000000    0.02260238    0.10000000    0.10000000    0.09227043    0.05817853    0.01000000    0.01000000 
max(|step|)      :   0.00000000    0.00427163    0.00776375    0.00956847    0.00248474    0.00249314    0.00563101    0.02310628    0.00252552    0.00000000 
angle (deg.)     :    38.2998  102.0596  69.7262  85.2873  68.8822  20.0347  68.2036  81.1161 
>
iteration       : 233
climbing        : yes
zoom on         : no
nim             : 10
barrier         :   0.00890218 (image:  4) 
distance        :   0.00000000    6.97619016   14.10953962   17.05019528   17.86941533   18.20035496   18.49794405   18.95584970   21.51440547   24.06136639 
energy          : -1075.54974314  -1075.56356729  -1075.57180265  -1075.54807242  -1075.54084095  -1075.54162590  -1075.54514161  -1075.55547511  -1075.58198825  -1075.58160718 
max(|Fr_perp|)   :   0.00000000    0.00069401    0.00190537    0.00598657    0.00062227    0.00226364    0.00138983    0.00443700    0.00091208    0.00000000 
Fr_paral         :   0.00000000    0.00210224    0.00042774   -0.02337475    0.00021270    0.00502756    0.01866851    0.03195226    0.00114751    0.00000000 
max(|Fsp_paral|) :   0.00000000    0.00063076    0.00276636    0.00134384    0.01968673    0.00183330    0.00077562    0.00017572    0.00004025    0.00000000 
max(|Fsp_perp|)  :   0.00000000    0.00000000    0.00000000    0.00000000    0.00000000    0.00000000    0.00000000    0.00000000    0.00000000    0.00000000 
max(|FNEB|)      :   0.00000000    0.00082036    0.00284621    0.00446329    0.00062096    0.00063103    0.00064117    0.00452358    0.00090167    0.00000000 
max(|Force|)     :   0.00161362    0.00091608    0.00187717    0.01702581    0.00062357    0.00386294    0.01087736    0.01844636    0.00100579    0.00144002 
ksp              :   0.01000000    0.01000000    0.02689078    0.10000000    0.10000000    0.09206427    0.05652083    0.01000000    0.01000000 
max(|step|)      :   0.00000000    0.00559968    0.01032248    0.00334584    0.00311760    0.00313037    0.00614898    0.02958787    0.00212441    0.00000000 
angle (deg.)     :    38.3407  101.9751  69.7310  85.0949  68.2624  14.1039  66.3904  81.3000 
>
iteration       : 234
climbing        : yes
zoom on         : no
nim             : 10
barrier         :   0.00889701 (image:  4) 
distance        :   0.00000000    6.98550245   14.11206078   17.05338112   17.87454600   18.20989589   18.51340303   18.98327953   21.51312106   24.05934970 
energy          : -1075.54974314  -1075.56358619  -1075.57194303  -1075.54808528  -1075.54084613  -1075.54166458  -1075.54532463  -1075.55671889  -1075.58198693  -1075.58160718 
max(|Fr_perp|)   :   0.00000000    0.00220377    0.00224324    0.00607049    0.00077641    0.00227296    0.00133842    0.00556759    0.00174924    0.00000000 
Fr_paral         :   0.00000000    0.00222455    0.00051200   -0.02338161    0.00022309    0.00516356    0.01916218    0.03311121    0.00125566    0.00000000 
max(|Fsp_paral|) :   0.00000000    0.00056559    0.00266026    0.00159071    0.01979816    0.00183105    0.00110176    0.00022885    0.00005610    0.00000000 
max(|Fsp_perp|)  :   0.00000000    0.00000000    0.00000000    0.00000000    0.00000000    0.00000000    0.00000000    0.00000000    0.00000000    0.00000000 
max(|FNEB|)      :   0.00000000    0.00230632    0.00262961    0.00429643    0.00077504    0.00078204    0.00098506    0.00561165    0.00175429    0.00000000 
max(|Force|)     :   0.00161362    0.00253464    0.00222558    0.01708731    0.00077778    0.00392347    0.01104375    0.01910718    0.00175789    0.00144002 
ksp              :   0.01000000    0.01000000    0.02677044    0.10000000    0.10000000    0.09172079    0.05469652    0.01000000    0.01000000 
max(|step|)      :   0.00000000    0.00878933    0.01311718    0.00446801    0.00417165    0.00419428    0.00690857    0.03572582    0.00255713    0.00000000 
angle (deg.)     :    38.4047  101.8957  69.7128  84.7342  67.5462  11.7760  65.6409  81.5683 
>
iteration       : 235
climbing        : yes
zoom on         : no
nim             : 10
barrier         :   0.00888849 (image:  4) 
distance        :   0.00000000    6.99836552   14.11849286   17.05920769   17.88477589   18.22669726   18.53615441   19.03303148   21.53101459   24.07605578 
energy          : -1075.54974314  -1075.56359906  -1075.57199700  -1075.54818324  -1075.54085465  -1075.54172396  -1075.54555038  -1075.55821605  -1075.58199205  -1075.58160718 
max(|Fr_perp|)   :   0.00000000    0.00581735    0.00426697    0.00626566    0.00067386    0.00226716    0.00132968    0.00571867    0.00135220    0.00000000 
Fr_paral         :   0.00000000    0.00194889    0.00013267   -0.02338698    0.00023527    0.00536828    0.01972920    0.03340208    0.00112644    0.00000000 
max(|Fsp_paral|) :   0.00000000    0.00048806    0.00165094    0.00315215    0.01996527    0.00192204    0.00111998    0.00057353    0.00015864    0.00000000 
max(|Fsp_perp|)  :   0.00000000    0.00000000    0.00000000    0.00000000    0.00000000    0.00000000    0.00000000    0.00000000    0.00000000    0.00000000 
max(|FNEB|)      :   0.00000000    0.00602417    0.00442992    0.00290923    0.00067242    0.00067872    0.00081994    0.00568648    0.00135063    0.00000000 
max(|Force|)     :   0.00161362    0.00615459    0.00427165    0.01726496    0.00067795    0.00399538    0.01131831    0.02007902    0.00135761    0.00144002 
ksp              :   0.01000000    0.01000000    0.02579463    0.10000000    0.10000000    0.09119781    0.05245359    0.01000000    0.01000000 
max(|step|)      :   0.00000000    0.00388517    0.00304073    0.00326985    0.00066998    0.00067266    0.00072378    0.00371128    0.00091114    0.00000000 
angle (deg.)     :    38.4039  101.9330  69.7358  84.5238  67.5523  11.2838  65.6437  81.5778 
>
iteration       : 236
climbing        : yes
zoom on         : no
nim             : 10
barrier         :   0.00888708 (image:  4) 
distance        :   0.00000000    6.99908093   14.12145296   17.05613901   17.88607906   18.22862540   18.53727546   19.03263087   21.53185043   24.07666325 
energy          : -1075.54974314  -1075.56363023  -1075.57205041  -1075.54835094  -1075.54085606  -1075.54173001  -1075.54555019  -1075.55824694  -1075.58199602  -1075.58160718 
max(|Fr_perp|)   :   0.00000000    0.00049415    0.00082108    0.00610147    0.00050203    0.00231593    0.00133936    0.00182668    0.00019791    0.00000000 
Fr_paral         :   0.00000000    0.00215893    0.00037028   -0.02366223    0.00023299    0.00538864    0.01972435    0.03373157    0.00116881    0.00000000 
max(|Fsp_paral|) :   0.00000000    0.00049405    0.00017722    0.00578863    0.02007349    0.00197309    0.00111212    0.00053223    0.00015397    0.00000000 
max(|Fsp_perp|)  :   0.00000000    0.00000000    0.00000000    0.00000000    0.00000000    0.00000000    0.00000000    0.00000000    0.00000000    0.00000000 
max(|FNEB|)      :   0.00000000    0.00070427    0.00083869    0.00078963    0.00050060    0.00050525    0.00052162    0.00139139    0.00034436    0.00000000 
max(|Force|)     :   0.00161362    0.00097818    0.00089050    0.01726340    0.00050346    0.00405052    0.01134063    0.01986505    0.00058462    0.00144002 
ksp              :   0.01000000    0.01000000    0.02409888    0.10000000    0.10000000    0.09114948    0.05246226    0.01000000    0.01000000 
max(|step|)      :   0.00000000    0.00117242    0.00124792    0.00116746    0.00071622    0.00072184    0.00073727    0.00184438    0.00043011    0.00000000 
angle (deg.)     :    38.4096  101.9328  69.7366  84.4436  67.5235  10.9982  65.6487  81.6011 
>
iteration       : 237
climbing        : yes
zoom on         : no
nim             : 10
barrier         :   0.00888582 (image:  4) 
distance        :   0.00000000    7.00052969   14.12291462   17.05596021   17.88746324   18.23095295   18.53923138   19.03464018   21.53364123   24.07814678 
energy          : -1075.54974314  -1075.56363370  -1075.57206927  -1075.54840017  -1075.54085732  -1075.54173816  -1075.54556156  -1075.55829220  -1075.58199698  -1075.58160718 
max(|Fr_perp|)   :   0.00000000    0.00059304    0.00080201    0.00602358    0.00053339    0.00234943    0.00135876    0.00158125    0.00023152    0.00000000 
Fr_paral         :   0.00000000    0.00219991    0.00046220   -0.02373425    0.00023331    0.00541659    0.01974660    0.03381123    0.00117009    0.00000000 
max(|Fsp_paral|) :   0.00000000    0.00048825    0.00070550    0.00657404    0.02011520    0.00202477    0.00110888    0.00050886    0.00015385    0.00000000 
max(|Fsp_perp|)  :   0.00000000    0.00000000    0.00000000    0.00000000    0.00000000    0.00000000    0.00000000    0.00000000    0.00000000    0.00000000 
max(|FNEB|)      :   0.00000000    0.00092542    0.00091303    0.00083109    0.00053225    0.00053676    0.00053058    0.00116948    0.00038583    0.00000000 
max(|Force|)     :   0.00161362    0.00120010    0.00085715    0.01722959    0.00053453    0.00409343    0.01138766    0.01976539    0.00062711    0.00144002 
ksp              :   0.01000000    0.01000000    0.02360227    0.10000000    0.10000000    0.09107836    0.05235306    0.01000000    0.01000000 
max(|step|)      :   0.00000000    0.00297557    0.00436642    0.00292705    0.00283414    0.00285651    0.00284804    0.00595956    0.00204914    0.00000000 
angle (deg.)     :    38.4407  101.8717  69.7241  84.3352  67.3240  10.7669  65.7247  81.7270 
>
iteration       : 238
climbing        : yes
zoom on         : no
nim             : 10
barrier         :   0.00888042 (image:  4) 
distance        :   0.00000000    7.00784160   14.12643090   17.05935001   17.89308415   18.24082789   18.54917896   19.05006783   21.54398092   24.08714484 
energy          : -1075.54974314  -1075.56365096  -1075.57211294  -1075.54844415  -1075.54086272  -1075.54177392  -1075.54563743  -1075.55863713  -1075.58200082  -1075.58160718 
max(|Fr_perp|)   :   0.00000000    0.00102018    0.00089968    0.00594616    0.00061257    0.00243746    0.00141834    0.00247267    0.00035907    0.00000000 
Fr_paral         :   0.00000000    0.00220966    0.00058459   -0.02374223    0.00023638    0.00553608    0.01990665    0.03384296    0.00113061    0.00000000 
max(|Fsp_paral|) :   0.00000000    0.00044359    0.00114453    0.00728662    0.02016062    0.00220264    0.00110446    0.00049350    0.00016676    0.00000000 
max(|Fsp_perp|)  :   0.00000000    0.00000000    0.00000000    0.00000000    0.00000000    0.00000000    0.00000000    0.00000000    0.00000000    0.00000000 
max(|FNEB|)      :   0.00000000    0.00132200    0.00122564    0.00160021    0.00061143    0.00061583    0.00060572    0.00228658    0.00036050    0.00000000 
max(|Force|)     :   0.00161362    0.00163004    0.00094499    0.01715602    0.00061371    0.00422353    0.01160234    0.01933941    0.00050008    0.00144002 
ksp              :   0.01000000    0.01000000    0.02316481    0.10000000    0.10000000    0.09076525    0.05160995    0.01000000    0.01000000 
max(|step|)      :   0.00000000    0.00546499    0.00647549    0.00532757    0.00518523    0.00522234    0.00520099    0.00846039    0.00314193    0.00000000 
angle (deg.)     :    38.4925  101.7337  69.7407  84.4307  67.0233  11.2894  65.9035  81.9299 
>
iteration       : 239
climbing        : yes
zoom on         : no
nim             : 10
barrier         :   0.00887086 (image:  4) 
distance        :   0.00000000    7.01992396   14.13020977   17.06655249   17.90136140   18.25544130   18.56557356   19.07720717   21.56199535   24.10284954 
energy          : -1075.54974314  -1075.56367353  -1075.57214173  -1075.54842295  -1075.54087228  -1075.54182469  -1075.54577034  -1075.55921447  -1075.58200707  -1075.58160718 
max(|Fr_perp|)   :   0.00000000    0.00285103    0.00241368    0.00595304    0.00059184    0.00253271    0.00145783    0.00413679    0.00067467    0.00000000 
Fr_paral         :   0.00000000    0.00228151    0.00072929   -0.02362225    0.00023746    0.00568724    0.02019591    0.03367522    0.00112341    0.00000000 
max(|Fsp_paral|) :   0.00000000    0.00036167    0.00084987    0.00696440    0.02010916    0.00241119    0.00117649    0.00048136    0.00018988    0.00000000 
max(|Fsp_perp|)  :   0.00000000    0.00000000    0.00000000    0.00000000    0.00000000    0.00000000    0.00000000    0.00000000    0.00000000    0.00000000 
max(|FNEB|)      :   0.00000000    0.00269718    0.00249080    0.00126858    0.00059072    0.00059544    0.00064470    0.00402300    0.00067561    0.00000000 
max(|Force|)     :   0.00161362    0.00289879    0.00238971    0.01707798    0.00059295    0.00437297    0.01188783    0.01914728    0.00070400    0.00144002 
ksp              :   0.01000000    0.01000000    0.02339406    0.10000000    0.10000000    0.09033721    0.05030634    0.01000000    0.01000000 
max(|step|)      :   0.00000000    0.00353708    0.00316733    0.00294029    0.00286757    0.00288812    0.00288060    0.00469370    0.00183097    0.00000000 
angle (deg.)     :    38.5225  101.6530  69.7495  84.5591  66.8683  11.5748  66.0204  82.0397 
>
iteration       : 240
climbing        : yes
zoom on         : no
nim             : 10
barrier         :   0.00886553 (image:  4) 
distance        :   0.00000000    7.02639842   14.13200494   17.07143549   17.90603504   18.26330286   18.57491855   19.09320655   21.57263990   24.11224299 
energy          : -1075.54974314  -1075.56369629  -1075.57216285  -1075.54839018  -1075.54087761  -1075.54184949  -1075.54584688  -1075.55959269  -1075.58201099  -1075.58160718 
max(|Fr_perp|)   :   0.00000000    0.00088418    0.00091941    0.00599124    0.00056217    0.00256131    0.00150548    0.00187181    0.00021696    0.00000000 
Fr_paral         :   0.00000000    0.00220739    0.00064209   -0.02352429    0.00023828    0.00575503    0.02037192    0.03370658    0.00107923    0.00000000 
max(|Fsp_paral|) :   0.00000000    0.00031696    0.00045496    0.00643529    0.02004134    0.00249627    0.00124192    0.00047841    0.00020365    0.00000000 
max(|Fsp_perp|)  :   0.00000000    0.00000000    0.00000000    0.00000000    0.00000000    0.00000000    0.00000000    0.00000000    0.00000000    0.00000000 
max(|FNEB|)      :   0.00000000    0.00102709    0.00096086    0.00085938    0.00056107    0.00056516    0.00056459    0.00175759    0.00035550    0.00000000 
max(|Force|)     :   0.00161362    0.00142191    0.00093878    0.01704683    0.00056328    0.00442606    0.01202939    0.01894484    0.00051650    0.00144002 
ksp              :   0.01000000    0.01000000    0.02373481    0.10000000    0.10000000    0.09013374    0.04955354    0.01000000    0.01000000 
max(|step|)      :   0.00000000    0.00544758    0.00526858    0.00533174    0.00522351    0.00526018    0.00524741    0.00772896    0.00313742    0.00000000 
angle (deg.)     :    38.5717  101.5028  69.7840  84.9411  66.6691  11.8251  66.2039  82.2206 
>
iteration       : 241
climbing        : yes
zoom on         : no
nim             : 10
barrier         :   0.00885635 (image:  4) 
distance        :   0.00000000    7.03735810   14.13464319   17.08019170   17.91379734   18.27598377   18.59077558   19.11973023   21.59088752   24.12816927 
energy          : -1075.54974314  -1075.56372179  -1075.57218838  -1075.54830619  -1075.54088679  -1075.54188389  -1075.54597354  -1075.56019974  -1075.58201687  -1075.58160718 
max(|Fr_perp|)   :   0.00000000    0.00109582    0.00087465    0.00612774    0.00053544    0.00257733    0.00152195    0.00157054    0.00020359    0.00000000 
Fr_paral         :   0.00000000    0.00211708    0.00048805   -0.02330246    0.00023636    0.00583324    0.02067394    0.03364208    0.00102840    0.00000000 
max(|Fsp_paral|) :   0.00000000    0.00023969    0.00052821    0.00509600    0.01986816    0.00259250    0.00141629    0.00044931    0.00022352    0.00000000 
max(|Fsp_perp|)  :   0.00000000    0.00000000    0.00000000    0.00000000    0.00000000    0.00000000    0.00000000    0.00000000    0.00000000    0.00000000 
max(|FNEB|)      :   0.00000000    0.00119668    0.00097019    0.00079963    0.00053407    0.00053615    0.00053222    0.00140058    0.00032283    0.00000000 
max(|Force|)     :   0.00161362    0.00147602    0.00089060    0.01702946    0.00053681    0.00447058    0.01221958    0.01877436    0.00040569    0.00144002 
ksp              :   0.01000000    0.01000000    0.02460250    0.10000000    0.10000000    0.08986726    0.04830734    0.01000000    0.01000000 
max(|step|)      :   0.00000000    0.00474421    0.00583797    0.00564608    0.00555612    0.00559617    0.00558098    0.00753059    0.00331686    0.00000000 
angle (deg.)     :    38.6198  101.3634  69.8368  85.3891  66.5837  11.9626  66.3859  82.3984 
>
iteration       : 242
climbing        : yes
zoom on         : no
nim             : 10
barrier         :   0.00884678 (image:  4) 
distance        :   0.00000000    7.04829670   14.13865729   17.08810455   17.92229176   18.28903251   18.60691738   19.14561336   21.61022844   24.14488524 
energy          : -1075.54974314  -1075.56374470  -1075.57221328  -1075.54826985  -1075.54089635  -1075.54191117  -1075.54608387  -1075.56075364  -1075.58202322  -1075.58160718 
max(|Fr_perp|)   :   0.00000000    0.00180577    0.00149353    0.00622443    0.00065946    0.00258418    0.00149335    0.00182198    0.00036811    0.00000000 
Fr_paral         :   0.00000000    0.00208575    0.00041919   -0.02315353    0.00023091    0.00587466    0.02094021    0.03358710    0.00098679    0.00000000 
max(|Fsp_paral|) :   0.00000000    0.00016818    0.00098839    0.00452880    0.01970083    0.00266759    0.00158994    0.00042315    0.00023668    0.00000000 
max(|Fsp_perp|)  :   0.00000000    0.00000000    0.00000000    0.00000000    0.00000000    0.00000000    0.00000000    0.00000000    0.00000000    0.00000000 
max(|FNEB|)      :   0.00000000    0.00187558    0.00158144    0.00147060    0.00065813    0.00066006    0.00064555    0.00186552    0.00036777    0.00000000 
max(|Force|)     :   0.00161362    0.00216997    0.00150706    0.01701461    0.00066079    0.00449164    0.01235243    0.01879704    0.00040097    0.00144002 
ksp              :   0.01000000    0.01000000    0.02498802    0.10000000    0.10000000    0.08967605    0.04722643    0.01000000    0.01000000 
max(|step|)      :   0.00000000    0.01349004    0.01862237    0.01755785    0.01730612    0.01743198    0.01741081    0.02442834    0.01004169    0.00000000 
angle (deg.)     :    38.7648  100.9799  70.0011  86.7617  66.6014  12.6854  67.0293  82.9521 
>
iteration       : 243
climbing        : yes
zoom on         : no
nim             : 10
barrier         :   0.00881619 (image:  4) 
distance        :   0.00000000    7.08101683   14.15446240   17.11153474   17.95104571   18.33107145   18.65694830   19.22664284   21.67429662   24.20050983 
energy          : -1075.54974314  -1075.56381159  -1075.57226292  -1075.54827583  -1075.54092695  -1075.54198414  -1075.54636809  -1075.56232517  -1075.58204112  -1075.58160718 
max(|Fr_perp|)   :   0.00000000    0.00282689    0.00277442    0.00641868    0.00067960    0.00262301    0.00137906    0.00292668    0.00076278    0.00000000 
Fr_paral         :   0.00000000    0.00200195    0.00033148   -0.02286073    0.00020873    0.00594098    0.02160194    0.03297842    0.00089957    0.00000000 
max(|Fsp_paral|) :   0.00000000    0.00003024    0.00110413    0.00465362    0.01925213    0.00290044    0.00195465    0.00045106    0.00026550    0.00000000 
max(|Fsp_perp|)  :   0.00000000    0.00000000    0.00000000    0.00000000    0.00000000    0.00000000    0.00000000    0.00000000    0.00000000    0.00000000 
max(|FNEB|)      :   0.00000000    0.00281012    0.00286868    0.00178057    0.00067841    0.00068003    0.00066532    0.00303860    0.00076201    0.00000000 
max(|Force|)     :   0.00161362    0.00317755    0.00278466    0.01696605    0.00068079    0.00454658    0.01265255    0.01848204    0.00075763    0.00144002 
ksp              :   0.01000000    0.01000000    0.02497899    0.10000000    0.10000000    0.08920769    0.04445412    0.01000000    0.01000000 
max(|step|)      :   0.00000000    0.02001397    0.02778125    0.02639601    0.02603910    0.02622649    0.02618306    0.03676532    0.01522893    0.00000000 
angle (deg.)     :    38.9849  100.4457  70.2619  88.7743  66.8083  14.1576  68.1072  83.7996 
>
iteration       : 244
climbing        : yes
zoom on         : no
nim             : 10
barrier         :   0.00877118 (image:  4) 
distance        :   0.00000000    7.12876884   14.17989812   17.14907883   17.99789091   18.39715537   18.73388603   19.35270322   21.77727047   24.29092444 
energy          : -1075.54974314  -1075.56391955  -1075.57228453  -1075.54832625  -1075.54097195  -1075.54208405  -1075.54675265  -1075.56453714  -1075.58206147  -1075.58160718 
max(|Fr_perp|)   :   0.00000000    0.00061437    0.00098391    0.00670512    0.00058868    0.00270793    0.00131712    0.00580558    0.00108147    0.00000000 
Fr_paral         :   0.00000000    0.00210139    0.00056329   -0.02254388    0.00017338    0.00599656    0.02246287    0.03085072    0.00068576    0.00000000 
max(|Fsp_paral|) :   0.00000000    0.00030962    0.00082633    0.00546570    0.01863196    0.00324413    0.00244883    0.00049362    0.00030122    0.00000000 
max(|Fsp_perp|)  :   0.00000000    0.00000000    0.00000000    0.00000000    0.00000000    0.00000000    0.00000000    0.00000000    0.00000000    0.00000000 
max(|FNEB|)      :   0.00000000    0.00079975    0.00140939    0.00205449    0.00058770    0.00066011    0.00113178    0.00584484    0.00108228    0.00000000 
max(|Force|)     :   0.00161362    0.00120279    0.00103124    0.01695443    0.00058966    0.00463479    0.01302921    0.01712650    0.00108490    0.00144002 
ksp              :   0.01000000    0.01000000    0.02453846    0.10000000    0.10000000    0.08858895    0.04068500    0.01000000    0.01000000 
max(|step|)      :   0.00000000    0.00216127    0.00324583    0.00342644    0.00339932    0.00342113    0.00343569    0.00462092    0.00197531    0.00000000 
angle (deg.)     :    39.0044  100.3938  70.2864  89.0468  67.0231  14.0993  68.1411  83.9151 
>
iteration       : 245
climbing        : yes
zoom on         : no
nim             : 10
barrier         :   0.00876503 (image:  4) 
distance        :   0.00000000    7.13339986   14.18423069   17.15268603   18.00393484   18.40488586   18.74175540   19.36830852   21.79003188   24.30190387 
energy          : -1075.54974314  -1075.56392975  -1075.57229544  -1075.54838411  -1075.54097810  -1075.54208710  -1075.54675604  -1075.56483273  -1075.58206593  -1075.58160718 
max(|Fr_perp|)   :   0.00000000    0.00054935    0.00087172    0.00668409    0.00048466    0.00273939    0.00133088    0.00109346    0.00047421    0.00000000 
Fr_paral         :   0.00000000    0.00213900    0.00061943   -0.02258682    0.00016633    0.00595785    0.02247037    0.03067390    0.00069478    0.00000000 
max(|Fsp_paral|) :   0.00000000    0.00032929    0.00021071    0.00636634    0.01857708    0.00328002    0.00229929    0.00067232    0.00030455    0.00000000 
max(|Fsp_perp|)  :   0.00000000    0.00000000    0.00000000    0.00000000    0.00000000    0.00000000    0.00000000    0.00000000    0.00000000    0.00000000 
max(|FNEB|)      :   0.00000000    0.00074634    0.00093770    0.00057825    0.00048372    0.00066208    0.00098680    0.00112097    0.00046161    0.00000000 
max(|Force|)     :   0.00161362    0.00115694    0.00093404    0.01694296    0.00048561    0.00464486    0.01303497    0.01682595    0.00041443    0.00144002 
ksp              :   0.01000000    0.01000000    0.02395461    0.10000000    0.10000000    0.08861268    0.04067175    0.01000000    0.01000000 
max(|step|)      :   0.00000000    0.00310734    0.00460021    0.00510821    0.00509782    0.00512860    0.00515448    0.00619519    0.00317658    0.00000000 
angle (deg.)     :    39.0243  100.3108  70.3216  89.5861  67.4791  14.1114  68.1416  84.0789 
>
iteration       : 246
climbing        : yes
zoom on         : no
nim             : 10
barrier         :   0.00875599 (image:  4) 
distance        :   0.00000000    7.13888959   14.19005625   17.15780217   18.01199234   18.41453662   18.75133341   19.38861491   21.80758353   24.31667317 
energy          : -1075.54974314  -1075.56394240  -1075.57231551  -1075.54844149  -1075.54098715  -1075.54207944  -1075.54672709  -1075.56512959  -1075.58207114  -1075.58160718 
max(|Fr_perp|)   :   0.00000000    0.00069432    0.00075049    0.00672069    0.00054265    0.00276736    0.00134635    0.00231617    0.00046804    0.00000000 
Fr_paral         :   0.00000000    0.00216771    0.00069544   -0.02260611    0.00015380    0.00584958    0.02240153    0.03029222    0.00068444    0.00000000 
max(|Fsp_paral|) :   0.00000000    0.00034989    0.00039509    0.00726852    0.01845731    0.00329032    0.00198537    0.00103424    0.00030417    0.00000000 
max(|Fsp_perp|)  :   0.00000000    0.00000000    0.00000000    0.00000000    0.00000000    0.00000000    0.00000000    0.00000000    0.00000000    0.00000000 
max(|FNEB|)      :   0.00000000    0.00085243    0.00074263    0.00081952    0.00054193    0.00063928    0.00069027    0.00228242    0.00046975    0.00000000 
max(|Force|)     :   0.00161362    0.00126548    0.00082015    0.01696752    0.00054338    0.00462047    0.01299132    0.01648407    0.00044961    0.00144002 
ksp              :   0.01000000    0.01000000    0.02337920    0.10000000    0.10000000    0.08877272    0.04100095    0.01000000    0.01000000 
max(|step|)      :   0.00000000    0.00369000    0.00570849    0.00668040    0.00670507    0.00674088    0.00677802    0.00622808    0.00442516    0.00000000 
angle (deg.)     :    39.0367  100.1930  70.3699  90.4529  68.2176  14.1777  68.0224  84.2899 
>
iteration       : 247
climbing        : yes
zoom on         : no
nim             : 10
barrier         :   0.00874420 (image:  4) 
distance        :   0.00000000    7.14378317   14.19649691   17.16422606   18.02105344   18.42441526   18.76129243   19.41102302   21.82758148   24.33292102 
energy          : -1075.54974314  -1075.56395445  -1075.57234387  -1075.54847821  -1075.54099893  -1075.54205419  -1075.54665784  -1075.56540341  -1075.58207889  -1075.58160718 
max(|Fr_perp|)   :   0.00000000    0.00133630    0.00082215    0.00682519    0.00058798    0.00278467    0.00134660    0.00356314    0.00062391    0.00000000 
Fr_paral         :   0.00000000    0.00218336    0.00075013   -0.02256619    0.00013517    0.00564341    0.02224358    0.02992536    0.00065817    0.00000000 
max(|Fsp_paral|) :   0.00000000    0.00036337    0.00077165    0.00784553    0.01824668    0.00323015    0.00152810    0.00158766    0.00029912    0.00000000 
max(|Fsp_perp|)  :   0.00000000    0.00000000    0.00000000    0.00000000    0.00000000    0.00000000    0.00000000    0.00000000    0.00000000    0.00000000 
max(|FNEB|)      :   0.00000000    0.00150034    0.00084155    0.00145631    0.00058732    0.00058686    0.00058494    0.00353130    0.00060147    0.00000000 
max(|Force|)     :   0.00161362    0.00137964    0.00087206    0.01701900    0.00058865    0.00454327    0.01288451    0.01614478    0.00060595    0.00144002 
ksp              :   0.01000000    0.01000000    0.02301928    0.10000000    0.10000000    0.08913879    0.04175547    0.01000000    0.01000000 
max(|step|)      :   0.00000000    0.00423058    0.00842845    0.01019576    0.01035689    0.01039374    0.01048141    0.00789072    0.00786675    0.00000000 
angle (deg.)     :    39.0014  100.0057  70.4471  92.1980  69.8432  14.2543  67.3407  84.6201 
>
iteration       : 248
climbing        : yes
zoom on         : no
nim             : 10
barrier         :   0.00872521 (image:  4) 
distance        :   0.00000000    7.14248336   14.20401882   17.17098684   18.03003494   18.43046765   18.76804176   19.42784831   21.84603287   24.34511166 
energy          : -1075.54974314  -1075.56395896  -1075.57240432  -1075.54849046  -1075.54101792  -1075.54196905  -1075.54645100  -1075.56536361  -1075.58209431  -1075.58160718 
max(|Fr_perp|)   :   0.00000000    0.00125489    0.00111929    0.00700648    0.00058307    0.00277113    0.00130893    0.00413186    0.00148388    0.00000000 
Fr_paral         :   0.00000000    0.00220922    0.00069431   -0.02245920    0.00009683    0.00512350    0.02176818    0.03013902    0.00063797    0.00000000 
max(|Fsp_paral|) :   0.00000000    0.00032342    0.00090272    0.00804169    0.01779461    0.00290562    0.00076005    0.00259740    0.00027143    0.00000000 
max(|Fsp_perp|)  :   0.00000000    0.00000000    0.00000000    0.00000000    0.00000000    0.00000000    0.00000000    0.00000000    0.00000000    0.00000000 
max(|FNEB|)      :   0.00000000    0.00140082    0.00100880    0.00285302    0.00058255    0.00058204    0.00058016    0.00410103    0.00148363    0.00000000 
max(|Force|)     :   0.00161362    0.00135489    0.00114738    0.01709740    0.00058359    0.00430301    0.01259992    0.01622624    0.00148082    0.00144002 
ksp              :   0.01000000    0.01000000    0.02292122    0.10000000    0.10000000    0.09018914    0.04395819    0.01000000    0.01000000 
max(|step|)      :   0.00000000    0.01020055    0.01486685    0.01319154    0.01352681    0.01355503    0.01366851    0.01487014    0.01142937    0.00000000 
angle (deg.)     :    38.9023  99.7623  70.5590  94.8469  72.4316  14.7541  66.0376  85.0774 
>
iteration       : 249
climbing        : yes
zoom on         : no
nim             : 10
barrier         :   0.00869985 (image:  4) 
distance        :   0.00000000    7.13117677   14.21173599   17.17724959   18.03760298   18.43085419   18.77025059   19.42994667   21.85866429   24.34915775 
energy          : -1075.54974314  -1075.56393954  -1075.57243288  -1075.54845724  -1075.54104328  -1075.54182735  -1075.54610461  -1075.56469582  -1075.58212233  -1075.58160718 
max(|Fr_perp|)   :   0.00000000    0.00211294    0.00146819    0.00807544    0.00059121    0.00270397    0.00118834    0.00263315    0.00038029    0.00000000 
Fr_paral         :   0.00000000    0.00213100    0.00062092   -0.02217083    0.00004334    0.00429714    0.02094075    0.03115344    0.00059017    0.00000000 
max(|Fsp_paral|) :   0.00000000    0.00020273    0.00058221    0.00755604    0.01698608    0.00231445    0.00012727    0.00386473    0.00020629    0.00000000 
max(|Fsp_perp|)  :   0.00000000    0.00000000    0.00000000    0.00000000    0.00000000    0.00000000    0.00000000    0.00000000    0.00000000    0.00000000 
max(|FNEB|)      :   0.00000000    0.00220525    0.00139249    0.00729164    0.00059095    0.00059059    0.00129528    0.00368553    0.00039999    0.00000000 
max(|Force|)     :   0.00161362    0.00215009    0.00149408    0.01721854    0.00059148    0.00389579    0.01212174    0.01695815    0.00039277    0.00144002 
ksp              :   0.01000000    0.01000000    0.02330259    0.10000000    0.10000000    0.09188880    0.04764050    0.01000000    0.01000000 
max(|step|)      :   0.00000000    0.00371682    0.00357777    0.00388414    0.00226285    0.00228669    0.00226196    0.00941707    0.00225759    0.00000000 
angle (deg.)     :    38.8624  99.7125  70.5870  95.2516  72.7412  14.3485  65.5417  85.1916 
>
iteration       : 250
climbing        : yes
zoom on         : no
nim             : 10
barrier         :   0.00869553 (image:  4) 
distance        :   0.00000000    7.12515807   14.21130895   17.17739960   18.03659717   18.42786007   18.76972733   19.41576168   21.85109439   24.34004370 
energy          : -1075.54974314  -1075.56393144  -1075.57245554  -1075.54847641  -1075.54104761  -1075.54180220  -1075.54608209  -1075.56423150  -1075.58212824  -1075.58160718 
max(|Fr_perp|)   :   0.00000000    0.00068020    0.00095351    0.00726598    0.00051621    0.00268591    0.00115262    0.00185001    0.00030118    0.00000000 
Fr_paral         :   0.00000000    0.00214365    0.00048627   -0.02222100    0.00003067    0.00415595    0.02089084    0.03180455    0.00060577    0.00000000 
max(|Fsp_paral|) :   0.00000000    0.00015634    0.00078868    0.00774869    0.01683387    0.00213566    0.00030383    0.00355409    0.00017912    0.00000000 
max(|Fsp_perp|)  :   0.00000000    0.00000000    0.00000000    0.00000000    0.00000000    0.00000000    0.00000000    0.00000000    0.00000000    0.00000000 
max(|FNEB|)      :   0.00000000    0.00075203    0.00097857    0.00124072    0.00051602    0.00051563    0.00088647    0.00323211    0.00035909    0.00000000 
max(|Force|)     :   0.00161362    0.00108854    0.00097374    0.01717812    0.00051639    0.00382089    0.01210248    0.01739991    0.00037347    0.00144002 
ksp              :   0.01000000    0.01000000    0.02311082    0.10000000    0.10000000    0.09218986    0.04789238    0.01000000    0.01000000 
max(|step|)      :   0.00000000    0.01093639    0.01484362    0.02065142    0.02056512    0.02065406    0.02061098    0.02158603    0.01273559    0.00000000 
angle (deg.)     :    38.9123  99.2743  70.8193  96.7977  72.8928  13.5044  65.1037  86.0310 
>
iteration       : 251
climbing        : yes
zoom on         : no
nim             : 10
barrier         :   0.00866104 (image:  4) 
distance        :   0.00000000    7.13963865   14.22377931   17.20638635   18.06613510   18.46649619   18.82101322   19.45450319   21.89391477   24.37265364 
energy          : -1075.54974314  -1075.56396318  -1075.57251863  -1075.54831939  -1075.54108209  -1075.54182818  -1075.54633545  -1075.56426991  -1075.58214844  -1075.58160718 
max(|Fr_perp|)   :   0.00000000    0.00155160    0.00114181    0.00740530    0.00073799    0.00271408    0.00111968    0.00351826    0.00052275    0.00000000 
Fr_paral         :   0.00000000    0.00208832    0.00026689   -0.02168238   -0.00000351    0.00402809    0.02147370    0.03196346    0.00051661    0.00000000 
max(|Fsp_paral|) :   0.00000000    0.00022253    0.00105480    0.00530483    0.01640896    0.00200871    0.00208192    0.00232698    0.00013181    0.00000000 
max(|Fsp_perp|)  :   0.00000000    0.00000000    0.00000000    0.00000000    0.00000000    0.00000000    0.00000000    0.00000000    0.00000000    0.00000000 
max(|FNEB|)      :   0.00000000    0.00146995    0.00126111    0.00613984    0.00073802    0.00074133    0.00110882    0.00358712    0.00046250    0.00000000 
max(|Force|)     :   0.00161362    0.00191684    0.00112478    0.01697282    0.00073797    0.00378595    0.01247295    0.01746465    0.00046381    0.00144002 
ksp              :   0.01000000    0.01000000    0.02479469    0.10000000    0.10000000    0.09224716    0.04541046    0.01000000    0.01000000 
max(|step|)      :   0.00000000    0.00256885    0.00622072    0.00774700    0.00776955    0.00778784    0.00776280    0.01119154    0.00557883    0.00000000 
angle (deg.)     :    38.8907  99.1516  70.9200  97.0925  73.1371  13.0060  64.7437  86.3900 
>
iteration       : 252
climbing        : yes
zoom on         : no
nim             : 10
barrier         :   0.00864733 (image:  4) 
distance        :   0.00000000    7.13813878   14.23007659   17.21233283   18.07516870   18.47755058   18.83363356   19.45133717   21.90042214   24.37498744 
energy          : -1075.54974314  -1075.56396184  -1075.57253797  -1075.54842341  -1075.54109581  -1075.54183138  -1075.54634874  -1075.56376314  -1075.58215883  -1075.58160718 
max(|Fr_perp|)   :   0.00000000    0.00105826    0.00120187    0.00735298    0.00079481    0.00270869    0.00111984    0.00154051    0.00066371    0.00000000 
Fr_paral         :   0.00000000    0.00218828    0.00018642   -0.02175553   -0.00002369    0.00395754    0.02147013    0.03247395    0.00055277    0.00000000 
max(|Fsp_paral|) :   0.00000000    0.00018536    0.00004515    0.00683823    0.01634881    0.00199059    0.00258448    0.00185193    0.00008565    0.00000000 
max(|Fsp_perp|)  :   0.00000000    0.00000000    0.00000000    0.00000000    0.00000000    0.00000000    0.00000000    0.00000000    0.00000000    0.00000000 
max(|FNEB|)      :   0.00000000    0.00107292    0.00120248    0.00359385    0.00079500    0.00079651    0.00164854    0.00223792    0.00065430    0.00000000 
max(|Force|)     :   0.00161362    0.00144075    0.00119694    0.01695209    0.00079463    0.00374813    0.01248416    0.01815476    0.00064567    0.00144002 
ksp              :   0.01000000    0.01000000    0.02373550    0.10000000    0.10000000    0.09234427    0.04532834    0.01000000    0.01000000 
max(|step|)      :   0.00000000    0.00873472    0.01614041    0.02118267    0.02118188    0.02124539    0.02116808    0.02264203    0.01455454    0.00000000 
angle (deg.)     :    38.8718  98.7759  71.1611  97.9824  73.7014  12.4949  64.2649  87.3395 
>
iteration       : 253
climbing        : yes
zoom on         : no
nim             : 10
barrier         :   0.00860978 (image:  4) 
distance        :   0.00000000    7.13969507   14.24548916   17.23550052   18.10334891   18.51318714   18.87117618   19.46021703   21.93063973   24.39434070 
energy          : -1075.54974314  -1075.56396837  -1075.57255870  -1075.54850983  -1075.54113336  -1075.54185702  -1075.54638106  -1075.56275267  -1075.58218508  -1075.58160718 
max(|Fr_perp|)   :   0.00000000    0.00070130    0.00210636    0.00735055    0.00069201    0.00270264    0.00110954    0.00223633    0.00037362    0.00000000 
Fr_paral         :   0.00000000    0.00216443    0.00016545   -0.02160675   -0.00007666    0.00383175    0.02143043    0.03292914    0.00049419    0.00000000 
max(|Fsp_paral|) :   0.00000000    0.00013616    0.00086855    0.00805386    0.01615420    0.00208121    0.00344600    0.00097614    0.00002278    0.00000000 
max(|Fsp_perp|)  :   0.00000000    0.00000000    0.00000000    0.00000000    0.00000000    0.00000000    0.00000000    0.00000000    0.00000000    0.00000000 
max(|FNEB|)      :   0.00000000    0.00073290    0.00216935    0.00325733    0.00069265    0.00068893    0.00257168    0.00188510    0.00039552    0.00000000 
max(|Force|)     :   0.00161362    0.00107491    0.00210213    0.01684034    0.00069138    0.00368191    0.01247293    0.01926390    0.00032569    0.00144002 
ksp              :   0.01000000    0.01000000    0.02289205    0.10000000    0.10000000    0.09243535    0.04514450    0.01000000    0.01000000 
max(|step|)      :   0.00000000    0.00715271    0.01351049    0.01888804    0.01886110    0.01891921    0.01884187    0.02034293    0.01284559    0.00000000 
angle (deg.)     :    38.8562  98.4343  71.3389  98.5622  74.3198  12.4431  64.3005  88.1751 
>
iteration       : 254
climbing        : yes
zoom on         : no
nim             : 10
barrier         :   0.00857570 (image:  4) 
distance        :   0.00000000    7.14056263   14.25824586   17.25881687   18.12972359   18.54678182   18.89860518   19.46978388   21.96079897   24.41512818 
energy          : -1075.54974314  -1075.56397262  -1075.57259667  -1075.54856015  -1075.54116743  -1075.54189283  -1075.54629216  -1075.56187810  -1075.58220590  -1075.58160718 
max(|Fr_perp|)   :   0.00000000    0.00047109    0.00196544    0.00741928    0.00048154    0.00272774    0.00107213    0.00332321    0.00095306    0.00000000 
Fr_paral         :   0.00000000    0.00218870    0.00019156   -0.02150102   -0.00012216    0.00379583    0.02106563    0.03307199    0.00051237    0.00000000 
max(|Fsp_paral|) :   0.00000000    0.00009199    0.00128923    0.00866364    0.01602173    0.00239372    0.00323807    0.00076043    0.00012530    0.00000000 
max(|Fsp_perp|)  :   0.00000000    0.00000000    0.00000000    0.00000000    0.00000000    0.00000000    0.00000000    0.00000000    0.00000000    0.00000000 
max(|FNEB|)      :   0.00000000    0.00048444    0.00206236    0.00154838    0.00048233    0.00048483    0.00230728    0.00328379    0.00096450    0.00000000 
max(|Force|)     :   0.00161362    0.00098071    0.00196050    0.01681189    0.00048075    0.00368228    0.01221949    0.01989642    0.00093621    0.00144002 
ksp              :   0.01000000    0.01000000    0.02241519    0.10000000    0.10000000    0.09238715    0.04621720    0.01000000    0.01000000 
max(|step|)      :   0.00000000    0.01778787    0.03161084    0.04688455    0.04677204    0.04691843    0.04672394    0.05047377    0.03130136    0.00000000 
angle (deg.)     :    38.8353  97.5740  71.7636  99.9924  76.1204  14.1078  65.3644  90.1638 
>
iteration       : 255
climbing        : yes
zoom on         : no
nim             : 10
barrier         :   0.00849424 (image:  4) 
distance        :   0.00000000    7.14219360   14.28625965   17.32604128   18.19967080   18.63404540   18.96171060   19.50264657   22.04600901   24.47846039 
energy          : -1075.54974314  -1075.56397634  -1075.57265264  -1075.54850276  -1075.54124889  -1075.54198148  -1075.54592248  -1075.55981744  -1075.58225317  -1075.58160718 
max(|Fr_perp|)   :   0.00000000    0.00091479    0.00214227    0.00779441    0.00082464    0.00278204    0.00118124    0.00561825    0.00137341    0.00000000 
Fr_paral         :   0.00000000    0.00208656    0.00039340   -0.02095781   -0.00023753    0.00374317    0.01971298    0.03273078    0.00035424    0.00000000 
max(|Fsp_paral|) :   0.00000000    0.00000755    0.00035119    0.00729858    0.01561722    0.00347771    0.00153930    0.00094661    0.00038671    0.00000000 
max(|Fsp_perp|)  :   0.00000000    0.00000000    0.00000000    0.00000000    0.00000000    0.00000000    0.00000000    0.00000000    0.00000000    0.00000000 
max(|FNEB|)      :   0.00000000    0.00091423    0.00201814    0.00083729    0.00082545    0.00112463    0.00103648    0.00567935    0.00137700    0.00000000 
max(|Force|)     :   0.00161362    0.00128919    0.00218793    0.01678405    0.00082383    0.00369489    0.01127615    0.02025649    0.00137221    0.00144002 
ksp              :   0.01000000    0.01000000    0.02314231    0.10000000    0.10000000    0.09223790    0.05048139    0.01000000    0.01000000 
max(|step|)      :   0.00000000    0.00461138    0.00761299    0.01240158    0.01233838    0.01237876    0.01236081    0.01291814    0.00737767    0.00000000 
angle (deg.)     :    38.8324  97.3366  71.9067  100.4658  76.7112  13.8334  65.8409  90.5778 
>
iteration       : 256
climbing        : yes
zoom on         : no
nim             : 10
barrier         :   0.00847186 (image:  4) 
distance        :   0.00000000    7.14237215   14.29113645   17.34489232   18.21787469   18.65400286   18.97418213   19.51240012   22.06599478   24.49323809 
energy          : -1075.54974314  -1075.56398036  -1075.57270539  -1075.54848204  -1075.54127128  -1075.54198649  -1075.54577753  -1075.55951574  -1075.58226547  -1075.58160718 
max(|Fr_perp|)   :   0.00000000    0.00086314    0.00132540    0.00801615    0.00064683    0.00274733    0.00143031    0.00505132    0.00121286    0.00000000 
Fr_paral         :   0.00000000    0.00217470    0.00031495   -0.02084750   -0.00026771    0.00366764    0.01921583    0.03305852    0.00049721    0.00000000 
max(|Fsp_paral|) :   0.00000000    0.00002576    0.00001233    0.00676032    0.01538729    0.00367154    0.00080059    0.00130090    0.00044224    0.00000000 
max(|Fsp_perp|)  :   0.00000000    0.00000000    0.00000000    0.00000000    0.00000000    0.00000000    0.00000000    0.00000000    0.00000000    0.00000000 
max(|FNEB|)      :   0.00000000    0.00087565    0.00132334    0.00097653    0.00064859    0.00130321    0.00087354    0.00500968    0.00125638    0.00000000 
max(|Force|)     :   0.00161362    0.00136867    0.00136166    0.01690844    0.00064506    0.00363543    0.01096737    0.01945441    0.00120864    0.00144002 
ksp              :   0.01000000    0.01000000    0.02339709    0.10000000    0.10000000    0.09240206    0.05212827    0.01000000    0.01000000 
max(|step|)      :   0.00000000    0.00226044    0.00366121    0.00609744    0.00605474    0.00607491    0.00608836    0.00603011    0.00308226    0.00000000 
angle (deg.)     :    38.8347  97.2229  72.0022  100.7753  76.9645  13.3462  66.0468  90.7154 
>
iteration       : 257
climbing        : yes
zoom on         : no
nim             : 10
barrier         :   0.00846095 (image:  4) 
distance        :   0.00000000    7.14245969   14.29328124   17.35346333   18.22668597   18.66158509   18.98073438   19.51741540   22.07336633   24.49821920 
energy          : -1075.54974314  -1075.56398320  -1075.57274381  -1075.54851505  -1075.54128218  -1075.54197125  -1075.54572035  -1075.55943181  -1075.58227014  -1075.58160718 
max(|Fr_perp|)   :   0.00000000    0.00075613    0.00100576    0.00812689    0.00052079    0.00270111    0.00154211    0.00438739    0.00112541    0.00000000 
Fr_paral         :   0.00000000    0.00220447    0.00017156   -0.02085951   -0.00028046    0.00356500    0.01902143    0.03336793    0.00051767    0.00000000 
max(|Fsp_paral|) :   0.00000000    0.00003369    0.00029593    0.00713232    0.01519716    0.00360548    0.00064663    0.00146083    0.00045944    0.00000000 
max(|Fsp_perp|)  :   0.00000000    0.00000000    0.00000000    0.00000000    0.00000000    0.00000000    0.00000000    0.00000000    0.00000000    0.00000000 
max(|FNEB|)      :   0.00000000    0.00077322    0.00098271    0.00070886    0.00052267    0.00122007    0.00087520    0.00434302    0.00117155    0.00000000 
max(|Force|)     :   0.00161362    0.00126898    0.00101055    0.01701208    0.00051891    0.00355900    0.01087936    0.01896144    0.00110725    0.00144002 
ksp              :   0.01000000    0.01000000    0.02306330    0.10000000    0.10000000    0.09267031    0.05279073    0.01000000    0.01000000 
max(|step|)      :   0.00000000    0.00968877    0.01358738    0.02569905    0.02549141    0.02556980    0.02566689    0.02506062    0.01255132    0.00000000 
angle (deg.)     :    38.8598  96.7063  72.3084  102.4329  77.9392  13.9487  66.9486  91.2062 
>
iteration       : 258
climbing        : yes
zoom on         : no
nim             : 10
barrier         :   0.00841616 (image:  4) 
distance        :   0.00000000    7.14320481   14.29945146   17.39643098   18.26714655   18.69428615   19.01692348   19.54251104   22.10567337   24.52030481 
energy          : -1075.54974314  -1075.56399040  -1075.57279080  -1075.54853404  -1075.54132698  -1075.54188301  -1075.54554745  -1075.55868396  -1075.58228544  -1075.58160718 
max(|Fr_perp|)   :   0.00000000    0.00190695    0.00153301    0.00834375    0.00061330    0.00247945    0.00166144    0.00281837    0.00196971    0.00000000 
Fr_paral         :   0.00000000    0.00186632    0.00007588   -0.02074615   -0.00033665    0.00301683    0.01842661    0.03360061    0.00055028    0.00000000 
max(|Fsp_paral|) :   0.00000000    0.00005253    0.00017304    0.00680911    0.01416685    0.00303964    0.00076172    0.00178186    0.00052196    0.00000000 
max(|Fsp_perp|)  :   0.00000000    0.00000000    0.00000000    0.00000000    0.00000000    0.00000000    0.00000000    0.00000000    0.00000000    0.00000000 
max(|FNEB|)      :   0.00000000    0.00192579    0.00154750    0.00489994    0.00061826    0.00062485    0.00088626    0.00276911    0.00195995    0.00000000 
max(|Force|)     :   0.00161362    0.00223214    0.00153103    0.01714039    0.00060834    0.00318024    0.01066280    0.01889015    0.00197182    0.00144002 
ksp              :   0.01000000    0.01000000    0.02292971    0.10000000    0.10000000    0.09405394    0.05486749    0.01000000    0.01000000 
max(|step|)      :   0.00000000    0.00521995    0.00633117    0.01271358    0.01259326    0.01261408    0.01273072    0.01175888    0.00529138    0.00000000 
angle (deg.)     :    38.8555  96.4703  72.4671  103.1448  78.3459  14.3381  67.0734  91.3059 
>
iteration       : 259
climbing        : yes
zoom on         : no
nim             : 10
barrier         :   0.00839361 (image:  4) 
distance        :   0.00000000    7.14392162   14.30216857   17.41621092   18.28802859   18.70852470   19.03882008   19.55562105   22.11574867   24.52546108 
energy          : -1075.54974314  -1075.56398706  -1075.57279687  -1075.54858725  -1075.54134952  -1075.54182329  -1075.54551160  -1075.55803791  -1075.58227715  -1075.58160718 
max(|Fr_perp|)   :   0.00000000    0.00319338    0.00320692    0.01389853    0.00087408    0.00232230    0.00177988    0.01346117    0.00458753    0.00000000 
Fr_paral         :   0.00000000    0.00269327    0.00002169   -0.02069363   -0.00036558    0.00268406    0.01834369    0.03265768    0.00062039    0.00000000 
max(|Fsp_paral|) :   0.00000000    0.00005766    0.00057864    0.00742540    0.01363291    0.00254280    0.00137005    0.00169495    0.00052772    0.00000000 
max(|Fsp_perp|)  :   0.00000000    0.00000000    0.00000000    0.00000000    0.00000000    0.00000000    0.00000000    0.00000000    0.00000000    0.00000000 
max(|FNEB|)      :   0.00000000    0.00317199    0.00315182    0.01320511    0.00087914    0.00086513    0.00176078    0.01356160    0.00460148    0.00000000 
max(|Force|)     :   0.00161362    0.00298131    0.00320755    0.01706809    0.00086902    0.00293036    0.01073489    0.01905362    0.00458347    0.00144002 
ksp              :   0.01000000    0.01000000    0.02239388    0.10000000    0.10000000    0.09492003    0.05537234    0.01000000    0.01000000 
max(|step|)      :   0.00000000    0.00266638    0.00330658    0.00714445    0.00630863    0.00632360    0.00637624    0.00676762    0.00286351    0.00000000 
angle (deg.)     :    38.8593  96.5862  72.3792  102.7343  78.1118  13.4949  66.8147  91.2258 
>
iteration       : 260
climbing        : yes
zoom on         : no
nim             : 10
barrier         :   0.00840405 (image:  4) 
distance        :   0.00000000    7.14364294   14.30070841   17.40607849   18.27760242   18.70087563   19.02803201   19.54790544   22.10763298   24.51978950 
energy          : -1075.54974314  -1075.56399763  -1075.57281680  -1075.54866252  -1075.54133908  -1075.54185108  -1075.54553919  -1075.55850491  -1075.58229058  -1075.58160718 
max(|Fr_perp|)   :   0.00000000    0.00055542    0.00112487    0.00818722    0.00053942    0.00239473    0.00152840    0.00216615    0.00069800    0.00000000 
Fr_paral         :   0.00000000    0.00223819    0.00005278   -0.02092695   -0.00035415    0.00284380    0.01844321    0.03375462    0.00061198    0.00000000 
max(|Fsp_paral|) :   0.00000000    0.00005405    0.00143596    0.00857580    0.01388303    0.00275781    0.00116845    0.00167734    0.00051790    0.00000000 
max(|Fsp_perp|)  :   0.00000000    0.00000000    0.00000000    0.00000000    0.00000000    0.00000000    0.00000000    0.00000000    0.00000000    0.00000000 
max(|FNEB|)      :   0.00000000    0.00053477    0.00151349    0.00238980    0.00054262    0.00053626    0.00072176    0.00187854    0.00070939    0.00000000 
max(|Force|)     :   0.00161362    0.00100685    0.00112328    0.01708841    0.00053622    0.00304689    0.01070554    0.01902816    0.00069496    0.00144002 
ksp              :   0.01000000    0.01000000    0.02157244    0.10000000    0.10000000    0.09451702    0.05502060    0.01000000    0.01000000 
max(|step|)      :   0.00000000    0.00067585    0.00152407    0.00170246    0.00168796    0.00168533    0.00170376    0.00183534    0.00102949    0.00000000 
angle (deg.)     :    38.8622  96.5359  72.3887  102.8355  78.1517  13.1068  66.6545  91.2071 
>
iteration       : 261
climbing        : yes
zoom on         : no
nim             : 10
barrier         :   0.00840066 (image:  4) 
distance        :   0.00000000    7.14382748   14.29955994   17.40981937   18.28025179   18.70217519   19.03061488   19.54840771   22.10587485   24.51736505 
energy          : -1075.54974314  -1075.56399913  -1075.57282820  -1075.54865888  -1075.54134247  -1075.54184224  -1075.54553590  -1075.55845326  -1075.58229114  -1075.58160718 
max(|Fr_perp|)   :   0.00000000    0.00041844    0.00098293    0.00816420    0.00047532    0.00237401    0.00145143    0.00164774    0.00035750    0.00000000 
Fr_paral         :   0.00000000    0.00220686    0.00008828   -0.02093577   -0.00036220    0.00279875    0.01845463    0.03385222    0.00062512    0.00000000 
max(|Fsp_paral|) :   0.00000000    0.00004793    0.00135532    0.00842904    0.01379391    0.00267619    0.00129611    0.00163927    0.00051207    0.00000000 
max(|Fsp_perp|)  :   0.00000000    0.00000000    0.00000000    0.00000000    0.00000000    0.00000000    0.00000000    0.00000000    0.00000000    0.00000000 
max(|FNEB|)      :   0.00000000    0.00044393    0.00140797    0.00079883    0.00047803    0.00047151    0.00075829    0.00135035    0.00065412    0.00000000 
max(|Force|)     :   0.00161362    0.00093425    0.00098025    0.01707157    0.00047261    0.00301370    0.01069577    0.01914013    0.00035450    0.00144002 
ksp              :   0.01000000    0.01000000    0.02161611    0.10000000    0.10000000    0.09464577    0.05507394    0.01000000    0.01000000 
max(|step|)      :   0.00000000    0.00625948    0.01281349    0.01707900    0.01694497    0.01692325    0.01708986    0.01544040    0.00943481    0.00000000 
angle (deg.)     :    38.8914  96.0922  72.5183  103.6385  78.6585  11.9399  65.6141  91.0775 
>
iteration       : 262
climbing        : yes
zoom on         : no
nim             : 10
barrier         :   0.00836880 (image:  4) 
distance        :   0.00000000    7.14544086   14.29170575   17.44543838   18.30802020   18.71799190   19.05571729   19.55940600   22.09831919   24.50330117 
energy          : -1075.54974314  -1075.56400774  -1075.57286112  -1075.54867444  -1075.54137433  -1075.54176706  -1075.54545717  -1075.55778813  -1075.58229132  -1075.58160718 
max(|Fr_perp|)   :   0.00000000    0.00087079    0.00093757    0.00793257    0.00067187    0.00221296    0.00115755    0.00282459    0.00114038    0.00000000 
Fr_paral         :   0.00000000    0.00202318    0.00027608   -0.02094136   -0.00043447    0.00239769    0.01839400    0.03386262    0.00072437    0.00000000 
max(|Fsp_paral|) :   0.00000000    0.00000332    0.00114692    0.00788942    0.01300559    0.00202228    0.00207880    0.00157666    0.00046855    0.00000000 
max(|Fsp_perp|)  :   0.00000000    0.00000000    0.00000000    0.00000000    0.00000000    0.00000000    0.00000000    0.00000000    0.00000000    0.00000000 
max(|FNEB|)      :   0.00000000    0.00086853    0.00105870    0.00091023    0.00067528    0.00066428    0.00109627    0.00278342    0.00113083    0.00000000 
max(|Force|)     :   0.00161362    0.00135215    0.00094221    0.01687510    0.00066847    0.00277191    0.01049940    0.02002855    0.00114334    0.00144002 
ksp              :   0.01000000    0.01000000    0.02149294    0.10000000    0.10000000    0.09577652    0.05609225    0.01000000    0.01000000 
max(|step|)      :   0.00000000    0.00564290    0.01513112    0.01766491    0.01756873    0.01751351    0.01766560    0.01616382    0.01013519    0.00000000 
angle (deg.)     :    38.9134  95.6265  72.6544  103.8892  79.1420  12.5991  64.5507  90.8751 
>
iteration       : 263
climbing        : yes
zoom on         : no
nim             : 10
barrier         :   0.00833582 (image:  4) 
distance        :   0.00000000    7.14696418   14.27874651   17.48361796   18.33565859   18.73414844   19.07347843   19.56971919   22.08703163   24.48569891 
energy          : -1075.54974314  -1075.56401123  -1075.57284038  -1075.54852480  -1075.54140731  -1075.54171908  -1075.54528004  -1075.55702917  -1075.58228242  -1075.58160718 
max(|Fr_perp|)   :   0.00000000    0.00208677    0.00172280    0.01012397    0.00064868    0.00215643    0.00232518    0.00490594    0.00253560    0.00000000 
Fr_paral         :   0.00000000    0.00242526    0.00048372   -0.02065405   -0.00052998    0.00211442    0.01798310    0.03332492    0.00087812    0.00000000 
max(|Fsp_paral|) :   0.00000000    0.00006102    0.00089866    0.00470759    0.01247487    0.00163310    0.00200477    0.00200968    0.00041587    0.00000000 
max(|Fsp_perp|)  :   0.00000000    0.00000000    0.00000000    0.00000000    0.00000000    0.00000000    0.00000000    0.00000000    0.00000000    0.00000000 
max(|FNEB|)      :   0.00000000    0.00211695    0.00178997    0.01088425    0.00065658    0.00062197    0.00238582    0.00497335    0.00254651    0.00000000 
max(|Force|)     :   0.00161362    0.00216587    0.00172846    0.01670507    0.00064078    0.00264261    0.01015478    0.02062527    0.00253057    0.00144002 
ksp              :   0.01000000    0.01000000    0.02315408    0.10000000    0.10000000    0.09663396    0.05818702    0.01000000    0.01000000 
max(|step|)      :   0.00000000    0.00214179    0.00463877    0.00728469    0.00490754    0.00490283    0.00496473    0.00440283    0.00290636    0.00000000 
angle (deg.)     :    38.9084  95.7599  72.6164  103.4803  78.9456  11.8124  64.7463  90.9144 
>
iteration       : 264
climbing        : yes
zoom on         : no
nim             : 10
barrier         :   0.00834447 (image:  4) 
distance        :   0.00000000    7.14642181   14.28278031   17.47148492   18.32764979   18.72958045   19.06583929   19.56453130   22.08705727   24.48751106 
energy          : -1075.54974314  -1075.56401381  -1075.57286765  -1075.54872669  -1075.54139866  -1075.54174035  -1075.54531100  -1075.55730045  -1075.58228912  -1075.58160718 
max(|Fr_perp|)   :   0.00000000    0.00038768    0.00088679    0.00785904    0.00053836    0.00217159    0.00098672    0.00186209    0.00038240    0.00000000 
Fr_paral         :   0.00000000    0.00219851    0.00033152   -0.02105547   -0.00051176    0.00223784    0.01805401    0.03387057    0.00082003    0.00000000 
max(|Fsp_paral|) :   0.00000000    0.00004046    0.00140259    0.00804232    0.01273788    0.00182058    0.00181983    0.00197076    0.00042859    0.00000000 
max(|Fsp_perp|)  :   0.00000000    0.00000000    0.00000000    0.00000000    0.00000000    0.00000000    0.00000000    0.00000000    0.00000000    0.00000000 
max(|FNEB|)      :   0.00000000    0.00040893    0.00124621    0.00052650    0.00054243    0.00053012    0.00098579    0.00216491    0.00048987    0.00000000 
max(|Force|)     :   0.00161362    0.00099263    0.00088547    0.01687966    0.00053429    0.00269237    0.01017589    0.02040026    0.00039526    0.00144002 
ksp              :   0.01000000    0.01000000    0.02096291    0.10000000    0.10000000    0.09631464    0.05780316    0.01000000    0.01000000 
max(|step|)      :   0.00000000    0.00230422    0.00541060    0.00623139    0.00622295    0.00618934    0.00621185    0.00590852    0.00358057    0.00000000 
angle (deg.)     :    38.9209  95.5960  72.6643  103.1767  79.0099  11.6650  64.3108  90.8260 
>
iteration       : 265
climbing        : yes
zoom on         : no
nim             : 10
barrier         :   0.00833232 (image:  4) 
distance        :   0.00000000    7.14676243   14.27789911   17.48452248   18.33750742   18.73565002   19.06950991   19.56568675   22.08016945   24.47844720 
energy          : -1075.54974314  -1075.56401573  -1075.57287008  -1075.54875493  -1075.54141081  -1075.54173387  -1075.54522639  -1075.55704948  -1075.58228646  -1075.58160718 
max(|Fr_perp|)   :   0.00000000    0.00030240    0.00083011    0.00787944    0.00052550    0.00214805    0.00112248    0.00212989    0.00055452    0.00000000 
Fr_paral         :   0.00000000    0.00209751    0.00033148   -0.02108351   -0.00055815    0.00219945    0.01783328    0.03386881    0.00085434    0.00000000 
max(|Fsp_paral|) :   0.00000000    0.00006281    0.00155389    0.00815817    0.01270483    0.00177733    0.00156419    0.00220380    0.00040951    0.00000000 
max(|Fsp_perp|)  :   0.00000000    0.00000000    0.00000000    0.00000000    0.00000000    0.00000000    0.00000000    0.00000000    0.00000000    0.00000000 
max(|FNEB|)      :   0.00000000    0.00031452    0.00142459    0.00361269    0.00052995    0.00051701    0.00077808    0.00265950    0.00054534    0.00000000 
max(|Force|)     :   0.00161362    0.00098491    0.00082875    0.01692986    0.00052105    0.00266287    0.00997989    0.02040072    0.00055825    0.00144002 
ksp              :   0.01000000    0.01000000    0.02067394    0.10000000    0.10000000    0.09651051    0.05878673    0.01000000    0.01000000 
max(|step|)      :   0.00000000    0.01592115    0.03893406    0.04515138    0.04507093    0.04483923    0.04502892    0.04269238    0.02554472    0.00000000 
angle (deg.)     :    39.0286  94.5406  73.0184  101.1452  79.4887  13.4456  61.4243  90.2183 
>
iteration       : 266
climbing        : yes
zoom on         : no
nim             : 10
barrier         :   0.00824701 (image:  4) 
distance        :   0.00000000    7.14932165   14.24553083   17.58531406   18.41571250   18.78619250   19.10747661   19.58540725   22.04517586   24.42854337 
energy          : -1075.54974314  -1075.56401058  -1075.57275447  -1075.54885429  -1075.54149612  -1075.54168043  -1075.54466157  -1075.55505000  -1075.58224164  -1075.58160718 
max(|Fr_perp|)   :   0.00000000    0.00270152    0.00267606    0.01356848    0.00119152    0.00197661    0.00272114    0.00927700    0.00369334    0.00000000 
Fr_paral         :   0.00000000    0.00171411    0.00047223   -0.02114458   -0.00087854    0.00185006    0.01619216    0.03245111    0.00112279    0.00000000 
max(|Fsp_paral|) :   0.00000000    0.00021309    0.00158191    0.00751080    0.01238542    0.00134879    0.00010365    0.00364936    0.00027579    0.00000000 
max(|Fsp_perp|)  :   0.00000000    0.00000000    0.00000000    0.00000000    0.00000000    0.00000000    0.00000000    0.00000000    0.00000000    0.00000000 
max(|FNEB|)      :   0.00000000    0.00260460    0.00281561    0.01286787    0.00120607    0.00116810    0.00269576    0.00931310    0.00368661    0.00000000 
max(|Force|)     :   0.00161362    0.00300326    0.00266349    0.01725307    0.00117696    0.00242494    0.00871371    0.02014248    0.00369720    0.00144002 
ksp              :   0.01000000    0.01000000    0.01970000    0.10000000    0.10000000    0.09798870    0.06545531    0.01000000    0.01000000 
max(|step|)      :   0.00000000    0.01389830    0.03659092    0.04132502    0.04129053    0.04105851    0.04120791    0.03943877    0.02342775    0.00000000 
angle (deg.)     :    39.1524  93.7406  73.3254  98.5384  79.5231  16.6948  59.0437  89.6771 
>
iteration       : 267
climbing        : yes
zoom on         : no
nim             : 10
barrier         :   0.00816790 (image:  4) 
distance        :   0.00000000    7.15119575   14.21690198   17.68616447   18.49574645   18.84119526   19.15183586   19.61116244   22.02538512   24.39649269 
energy          : -1075.54974314  -1075.56400250  -1075.57255657  -1075.54915270  -1075.54157524  -1075.54164886  -1075.54420186  -1075.55332507  -1075.58219032  -1075.58160718 
max(|Fr_perp|)   :   0.00000000    0.00230757    0.00310081    0.01340871    0.00145362    0.00181622    0.00284593    0.00816303    0.00317129    0.00000000 
Fr_paral         :   0.00000000    0.00171660    0.00075529   -0.02171336   -0.00119263    0.00157402    0.01466664    0.03080534    0.00142715    0.00000000 
max(|Fsp_paral|) :   0.00000000    0.00034238    0.00405266    0.01048255    0.01232425    0.00095049    0.00095902    0.00463243    0.00015943    0.00000000 
max(|Fsp_perp|)  :   0.00000000    0.00000000    0.00000000    0.00000000    0.00000000    0.00000000    0.00000000    0.00000000    0.00000000    0.00000000 
max(|FNEB|)      :   0.00000000    0.00248046    0.00398405    0.01255488    0.00147373    0.00142332    0.00332569    0.00822529    0.00316524    0.00000000 
max(|Force|)     :   0.00161362    0.00261112    0.00315965    0.01745601    0.00143350    0.00221701    0.00767488    0.01900596    0.00317761    0.00144002 
ksp              :   0.01000000    0.01000000    0.01650584    0.10000000    0.10000000    0.09918876    0.07105798    0.01000000    0.01000000 
max(|step|)      :   0.00000000    0.00000000    0.00000000    0.00000000    0.00000000    0.00000000    0.00000000    0.00000000    0.00000000    0.00000000 
angle (deg.)     :    39.1524  93.7406  73.3254  98.5384  79.5231  16.6948  59.0437  89.6771 
>
iteration       : 268
climbing        : yes
zoom on         : no
nim             : 10
barrier         :   0.00816770 (image:  4) 
distance        :   0.00000000    7.15119575   14.21690198   17.68616447   18.49574645   18.84119526   19.15183586   19.61116244   22.02538512   24.39649269 
energy          : -1075.54974314  -1075.56400315  -1075.57255944  -1075.54916312  -1075.54157543  -1075.54164921  -1075.54420447  -1075.55333122  -1075.58219102  -1075.58160718 
max(|Fr_perp|)   :   0.00000000    0.00220764    0.00307855    0.01289127    0.00142443    0.00181582    0.00283819    0.00784011    0.00304524    0.00000000 
Fr_paral         :   0.00000000    0.00173080    0.00076137   -0.02173876   -0.00119335    0.00157563    0.01467713    0.03084717    0.00142934    0.00000000 
max(|Fsp_paral|) :   0.00000000    0.00034304    0.00404974    0.01047278    0.01232477    0.00094915    0.00094662    0.00462315    0.00015974    0.00000000 
max(|Fsp_perp|)  :   0.00000000    0.00000000    0.00000000    0.00000000    0.00000000    0.00000000    0.00000000    0.00000000    0.00000000    0.00000000 
max(|FNEB|)      :   0.00000000    0.00248046    0.00398405    0.01255488    0.00147373    0.00142332    0.00332569    0.00822529    0.00316524    0.00000000 
max(|Force|)     :   0.00161362    0.00261112    0.00315965    0.01745601    0.00143350    0.00221701    0.00767488    0.01900596    0.00317761    0.00144002 
ksp              :   0.01000000    0.01000000    0.01650584    0.10000000    0.10000000    0.09918876    0.07105798    0.01000000    0.01000000 
max(|step|)      :   0.00000000    0.00232192    0.00372940    0.01175242    0.00137954    0.00133235    0.00311312    0.00769956    0.00296293    0.00000000 
angle (deg.)     :    39.1331  93.6862  73.2759  98.2880  78.8952  15.1295  59.1432  89.6999 
>
iteration       : 269
climbing        : yes
zoom on         : no
nim             : 10
barrier         :   0.00816255 (image:  4) 
distance        :   0.00000000    7.15039561   14.20918773   17.68984503   18.49356583   18.83852346   19.15119533   19.60149318   22.01862866   24.38952320 
energy          : -1075.54974314  -1075.56401192  -1075.57263660  -1075.54915791  -1075.54158058  -1075.54165993  -1075.54427789  -1075.55334483  -1075.58219819  -1075.58160718 
max(|Fr_perp|)   :   0.00000000    0.00141173    0.00226498    0.00748182    0.00103475    0.00180151    0.00260503    0.00388474    0.00156255    0.00000000 
Fr_paral         :   0.00000000    0.00224120    0.00095890   -0.02197462   -0.00122186    0.00163422    0.01492142    0.03137239    0.00148023    0.00000000 
max(|Fsp_paral|) :   0.00000000    0.00036690    0.00402324    0.01021074    0.01237498    0.00090388    0.00033670    0.00410128    0.00017131    0.00000000 
max(|Fsp_perp|)  :   0.00000000    0.00000000    0.00000000    0.00000000    0.00000000    0.00000000    0.00000000    0.00000000    0.00000000    0.00000000 
max(|FNEB|)      :   0.00000000    0.00157709    0.00376841    0.00628252    0.00104701    0.00102947    0.00273800    0.00395761    0.00156990    0.00000000 
max(|Force|)     :   0.00161362    0.00188040    0.00233889    0.01719253    0.00102249    0.00222330    0.00793542    0.01865200    0.00155235    0.00144002 
ksp              :   0.01000000    0.01000000    0.01645262    0.10000000    0.10000000    0.09912512    0.07025958    0.01000000    0.01000000 
max(|step|)      :   0.00000000    0.00113874    0.00360618    0.00284758    0.00099645    0.00098003    0.00274579    0.00331757    0.00030366    0.00000000 
angle (deg.)     :    39.1243  93.6334  73.2429  98.0184  78.3158  13.8197  59.2857  89.7208 
>
iteration       : 270
climbing        : yes
zoom on         : no
nim             : 10
barrier         :   0.00815952 (image:  4) 
distance        :   0.00000000    7.14955188   14.20199314   17.69411718   18.49223177   18.83673481   19.15070870   19.59340699   22.01325535   24.38394667 
energy          : -1075.54974314  -1075.56401237  -1075.57268180  -1075.54902307  -1075.54158361  -1075.54166900  -1075.54433267  -1075.55330010  -1075.58219929  -1075.58160718 
max(|Fr_perp|)   :   0.00000000    0.00162498    0.00171465    0.00741327    0.00078977    0.00178439    0.00242053    0.00301576    0.00148127    0.00000000 
Fr_paral         :   0.00000000    0.00228688    0.00104737   -0.02183211   -0.00125215    0.00169608    0.01508218    0.03161280    0.00146789    0.00000000 
max(|Fsp_paral|) :   0.00000000    0.00038905    0.00237775    0.00756841    0.01243956    0.00087593    0.00013303    0.00366973    0.00018246    0.00000000 
max(|Fsp_perp|)  :   0.00000000    0.00000000    0.00000000    0.00000000    0.00000000    0.00000000    0.00000000    0.00000000    0.00000000    0.00000000 
max(|FNEB|)      :   0.00000000    0.00180005    0.00210106    0.00564209    0.00080227    0.00095778    0.00228126    0.00274078    0.00148882    0.00000000 
max(|Force|)     :   0.00161362    0.00180027    0.00175201    0.01704537    0.00088715    0.00222806    0.00812529    0.01849468    0.00147118    0.00144002 
ksp              :   0.01000000    0.01000000    0.01794235    0.10000000    0.10000000    0.09905821    0.06967775    0.01000000    0.01000000 
max(|step|)      :   0.00000000    0.00460469    0.00894527    0.00460312    0.00354327    0.00452830    0.01091699    0.01154823    0.00159502    0.00000000 
angle (deg.)     :    39.0943  93.4897  73.2035  95.3556  75.7491  9.7634  60.3998  89.8072 
>
iteration       : 271
climbing        : yes
zoom on         : no
nim             : 10
barrier         :   0.00815102 (image:  4) 
distance        :   0.00000000    7.14493742   14.18484219   17.69948255   18.49152353   18.83408786   19.14924870   19.56569134   21.99707561   24.36675526 
energy          : -1075.54974314  -1075.56400843  -1075.57277740  -1075.54912282  -1075.54159212  -1075.54170981  -1075.54450803  -1075.55292199  -1075.58220304  -1075.58160718 
max(|Fr_perp|)   :   0.00000000    0.00120036    0.00150632    0.00719076    0.00071640    0.00169678    0.00170798    0.00328094    0.00078126    0.00000000 
Fr_paral         :   0.00000000    0.00194415    0.00096994   -0.02210824   -0.00140153    0.00201977    0.01552197    0.03162387    0.00144931    0.00000000 
max(|Fsp_paral|) :   0.00000000    0.00042127    0.00335787    0.00889489    0.01330343    0.00087910    0.00146970    0.00218322    0.00023071    0.00000000 
max(|Fsp_perp|)  :   0.00000000    0.00000000    0.00000000    0.00000000    0.00000000    0.00000000    0.00000000    0.00000000    0.00000000    0.00000000 
max(|FNEB|)      :   0.00000000    0.00116942    0.00272530    0.00232080    0.00072134    0.00086710    0.00103899    0.00336059    0.00077319    0.00000000 
max(|Force|)     :   0.00161362    0.00168214    0.00152414    0.01703069    0.00099805    0.00226047    0.00864331    0.01835751    0.00107791    0.00144002 
ksp              :   0.01000000    0.01000000    0.01684928    0.10000000    0.10000000    0.09870047    0.06780380    0.01000000    0.01000000 
max(|step|)      :   0.00000000    0.00845725    0.01757400    0.00432796    0.00481118    0.00835427    0.01666326    0.01913547    0.00257061    0.00000000 
angle (deg.)     :    39.0334  93.2075  73.1257  90.4884  71.2922  12.8538  63.6785  89.9386 
>
iteration       : 272
climbing        : yes
zoom on         : no
nim             : 10
barrier         :   0.00813843 (image:  4) 
distance        :   0.00000000    7.13601708   14.14761754   17.71345554   18.48979291   18.82988534   19.14215902   19.53076622   21.98012083   24.34791851 
energy          : -1075.54974314  -1075.56399715  -1075.57267839  -1075.54909257  -1075.54160471  -1075.54178543  -1075.54470846  -1075.55210903  -1075.58220598  -1075.58160718 
max(|Fr_perp|)   :   0.00000000    0.00084055    0.00226628    0.00684066    0.00107801    0.00153540    0.00144405    0.00627252    0.00052293    0.00000000 
Fr_paral         :   0.00000000    0.00215198    0.00125328   -0.02234864   -0.00168179    0.00264418    0.01580955    0.02964426    0.00138578    0.00000000 
max(|Fsp_paral|) :   0.00000000    0.00049978    0.00263988    0.00735265    0.01462479    0.00105849    0.00252112    0.00056393    0.00030803    0.00000000 
max(|Fsp_perp|)  :   0.00000000    0.00000000    0.00000000    0.00000000    0.00000000    0.00000000    0.00000000    0.00000000    0.00000000    0.00000000 
max(|FNEB|)      :   0.00000000    0.00082083    0.00290107    0.00171949    0.00108381    0.00107032    0.00183870    0.00622721    0.00052499    0.00000000 
max(|Force|)     :   0.00161362    0.00116868    0.00217450    0.01690843    0.00114819    0.00235715    0.00928876    0.01829825    0.00081392    0.00144002 
ksp              :   0.01000000    0.01000000    0.01719432    0.10000000    0.10000000    0.09800144    0.06567667    0.01000000    0.01000000 
max(|step|)      :   0.00000000    0.00413820    0.01024194    0.00280410    0.00284188    0.00417870    0.00440284    0.00818108    0.00152843    0.00000000 
angle (deg.)     :    39.0031  93.0442  73.0661  87.7852  69.2750  14.8633  64.7070  89.9633 
>
iteration       : 273
climbing        : yes
zoom on         : no
nim             : 10
barrier         :   0.00812923 (image:  4) 
distance        :   0.00000000    7.13032307   14.12428648   17.72465143   18.49046480   18.82852541   19.13376626   19.52207203   21.97187935   24.33858460 
energy          : -1075.54974314  -1075.56398890  -1075.57265417  -1075.54898606  -1075.54161391  -1075.54183138  -1075.54471733  -1075.55204111  -1075.58220502  -1075.58160718 
max(|Fr_perp|)   :   0.00000000    0.00117702    0.00221016    0.00685520    0.00076639    0.00149631    0.00153554    0.00736468    0.00152243    0.00000000 
Fr_paral         :   0.00000000    0.00198929    0.00110113   -0.02231473   -0.00182249    0.00299563    0.01565036    0.02951226    0.00143080    0.00000000 
max(|Fsp_paral|) :   0.00000000    0.00054812    0.00112615    0.00470851    0.01521138    0.00131380    0.00211092    0.00053641    0.00031410    0.00000000 
max(|Fsp_perp|)  :   0.00000000    0.00000000    0.00000000    0.00000000    0.00000000    0.00000000    0.00000000    0.00000000    0.00000000    0.00000000 
max(|FNEB|)      :   0.00000000    0.00122417    0.00247819    0.00561557    0.00077248    0.00075712    0.00143768    0.00743045    0.00151359    0.00000000 
max(|Force|)     :   0.00161362    0.00178821    0.00212929    0.01695735    0.00118796    0.00242886    0.00921821    0.01848476    0.00153044    0.00144002 
ksp              :   0.01000000    0.01000000    0.01838166    0.10000000    0.10000000    0.09759230    0.06564157    0.01000000    0.01000000 
max(|step|)      :   0.00000000    0.00143919    0.00545992    0.00216033    0.00152105    0.00149792    0.00397442    0.00720056    0.00063835    0.00000000 
angle (deg.)     :    38.9967  93.0198  73.0541  87.4376  69.5704  12.5632  63.5605  89.9176 
>
iteration       : 274
climbing        : yes
zoom on         : no
nim             : 10
barrier         :   0.00812954 (image:  4) 
distance        :   0.00000000    7.12903739   14.12145767   17.72480367   18.49124779   18.82732161   19.12731344   19.52525104   21.96589999   24.33243633 
energy          : -1075.54974314  -1075.56398836  -1075.57273088  -1075.54907365  -1075.54161359  -1075.54183350  -1075.54464100  -1075.55238721  -1075.58220612  -1075.58160718 
max(|Fr_perp|)   :   0.00000000    0.00064211    0.00158226    0.00686479    0.00050551    0.00147085    0.00120458    0.00422440    0.00052655    0.00000000 
Fr_paral         :   0.00000000    0.00206561    0.00105593   -0.02252321   -0.00181198    0.00301199    0.01545797    0.03069055    0.00143273    0.00000000 
max(|Fsp_paral|) :   0.00000000    0.00054902    0.00214348    0.00630604    0.01532584    0.00142082    0.00139081    0.00111624    0.00027904    0.00000000 
max(|Fsp_perp|)  :   0.00000000    0.00000000    0.00000000    0.00000000    0.00000000    0.00000000    0.00000000    0.00000000    0.00000000    0.00000000 
max(|FNEB|)      :   0.00000000    0.00100132    0.00157772    0.00197198    0.00047666    0.00045320    0.00054643    0.00429907    0.00051821    0.00000000 
max(|Force|)     :   0.00161362    0.00129944    0.00160233    0.01707985    0.00115078    0.00244992    0.00884942    0.01866591    0.00101116    0.00144002 
ksp              :   0.01000000    0.01000000    0.01741165    0.10000000    0.10000000    0.09756550    0.06648433    0.01000000    0.01000000 
max(|step|)      :   0.00000000    0.00800379    0.01957071    0.00633847    0.00680740    0.00655072    0.00854422    0.01518943    0.00348469    0.00000000 
angle (deg.)     :    38.9241  92.6965  72.9198  81.1922  66.1922  14.7026  63.2451  89.8429 
>
iteration       : 275
climbing        : yes
zoom on         : no
nim             : 10
barrier         :   0.00812905 (image:  4) 
distance        :   0.00000000    7.11453637   14.07400336   17.74305119   18.49757095   18.82439363   19.10584198   19.52175546   21.94350429   24.30757050 
energy          : -1075.54974314  -1075.56395360  -1075.57263345  -1075.54920254  -1075.54161409  -1075.54190417  -1075.54452323  -1075.55260915  -1075.58220204  -1075.58160718 
max(|Fr_perp|)   :   0.00000000    0.00142873    0.00201836    0.00672736    0.00151161    0.00146681    0.00189652    0.00425041    0.00156093    0.00000000 
Fr_paral         :   0.00000000    0.00224459    0.00123710   -0.02311075   -0.00201021    0.00367600    0.01483279    0.03073250    0.00138473    0.00000000 
max(|Fsp_paral|) :   0.00000000    0.00062369    0.00323838    0.00777664    0.01670712    0.00193997    0.00046890    0.00213847    0.00021573    0.00000000 
max(|Fsp_perp|)  :   0.00000000    0.00000000    0.00000000    0.00000000    0.00000000    0.00000000    0.00000000    0.00000000    0.00000000    0.00000000 
max(|FNEB|)      :   0.00000000    0.00145472    0.00314882    0.00612232    0.00152730    0.00148872    0.00225065    0.00421440    0.00156799    0.00000000 
max(|Force|)     :   0.00161362    0.00169490    0.00206571    0.01742421    0.00149591    0.00259810    0.00840254    0.01896554    0.00155394    0.00144002 
ksp              :   0.01000000    0.01000000    0.01598518    0.10000000    0.10000000    0.09678830    0.06779171    0.01000000    0.01000000 
max(|step|)      :   0.00000000    0.01402852    0.03285027    0.00937006    0.01015664    0.01034486    0.00950869    0.01526885    0.00566293    0.00000000 
angle (deg.)     :    38.8207  92.2632  72.7149  70.6273  59.4483  20.9660  64.3541  89.7807 
>
iteration       : 276
climbing        : yes
zoom on         : no
nim             : 10
barrier         :   0.00812922 (image:  4) 
distance        :   0.00000000    7.09108075   13.99826938   17.77848528   18.51384710   18.83132095   19.09419771   19.52432076   21.92712780   24.28732365 
energy          : -1075.54974314  -1075.56388770  -1075.57229746  -1075.54935485  -1075.54161392  -1075.54202506  -1075.54447176  -1075.55245316  -1075.58219142  -1075.58160718 
max(|Fr_perp|)   :   0.00000000    0.00242007    0.00390217    0.00859069    0.00219896    0.00214853    0.00300174    0.00946167    0.00292358    0.00000000 
Fr_paral         :   0.00000000    0.00245488    0.00147694   -0.02393465   -0.00229805    0.00481228    0.01406583    0.02903300    0.00131473    0.00000000 
max(|Fsp_paral|) :   0.00000000    0.00074100    0.00440938    0.00931863    0.01835437    0.00267006    0.00205364    0.00287607    0.00015852    0.00000000 
max(|Fsp_perp|)  :   0.00000000    0.00000000    0.00000000    0.00000000    0.00000000    0.00000000    0.00000000    0.00000000    0.00000000    0.00000000 
max(|FNEB|)      :   0.00000000    0.00245157    0.00462538    0.00970807    0.00221319    0.00217134    0.00471952    0.00948392    0.00292957    0.00000000 
max(|Force|)     :   0.00161362    0.00237424    0.00387954    0.01771435    0.00218474    0.00283267    0.00876380    0.01915609    0.00291776    0.00144002 
ksp              :   0.01000000    0.01000000    0.01429882    0.10000000    0.10000000    0.09544813    0.06836036    0.01000000    0.01000000 
max(|step|)      :   0.00000000    0.04273129    0.10000000    0.02789769    0.03027538    0.03101465    0.02829335    0.04223720    0.01710508    0.00000000 
angle (deg.)     :    38.6667  91.5825  72.2724  39.4113  41.2521  42.4167  69.2789  89.6481 
>
iteration       : 277
climbing        : yes
zoom on         : no
nim             : 10
barrier         :   0.00816247 (image:  4) 
distance        :   0.00000000    7.02037702   13.78367989   17.91986556   18.60823584   18.93957430   19.16377636   19.64517355   21.99989463   24.34974966 
energy          : -1075.54974314  -1075.56361508  -1075.57041369  -1075.54962456  -1075.54158067  -1075.54242259  -1075.54423794  -1075.55111629  -1075.58213093  -1075.58160718 
max(|Fr_perp|)   :   0.00000000    0.00482714    0.00843123    0.01593378    0.00409350    0.00409435    0.00696309    0.02055116    0.00605385    0.00000000 
Fr_paral         :   0.00000000    0.00295729    0.00239807   -0.02573058   -0.00270093    0.00793746    0.01007905    0.02051833    0.00107586    0.00000000 
max(|Fsp_paral|) :   0.00000000    0.00104223    0.00595616    0.01118180    0.01807264    0.00614889    0.00579233    0.00549341    0.00001751    0.00000000 
max(|Fsp_perp|)  :   0.00000000    0.00000000    0.00000000    0.00000000    0.00000000    0.00000000    0.00000000    0.00000000    0.00000000    0.00000000 
max(|FNEB|)      :   0.00000000    0.00518847    0.00882400    0.01762027    0.00411936    0.00659317    0.01087893    0.02124874    0.00616988    0.00000000 
max(|Force|)     :   0.00161362    0.00463929    0.00846287    0.01839273    0.00412427    0.00411247    0.00981630    0.02030698    0.00616301    0.00144002 
ksp              :   0.01000000    0.01000000    0.01144354    0.10000000    0.10000000    0.09070617    0.07076156    0.01000000    0.01000000 
max(|step|)      :   0.00000000    0.00576808    0.00980974    0.01958864    0.00457953    0.00732969    0.01209423    0.02362245    0.00685912    0.00000000 
angle (deg.)     :    38.6818  91.5843  72.1456  40.2319  37.4810  37.4485  68.2709  89.6052 
>
iteration       : 278
climbing        : yes
zoom on         : no
nim             : 10
barrier         :   0.00812312 (image:  4) 
distance        :   0.00000000    7.01753028   13.77369771   17.93441567   18.61153316   18.92640085   19.17780461   19.63397112   21.98129861   24.33086692 
energy          : -1075.54974314  -1075.56367505  -1075.57110157  -1075.54947425  -1075.54162002  -1075.54236931  -1075.54462544  -1075.55218805  -1075.58215051  -1075.58160718 
max(|Fr_perp|)   :   0.00000000    0.00421757    0.00658649    0.01490994    0.00219211    0.00217140    0.00565059    0.01668287    0.00413830    0.00000000 
Fr_paral         :   0.00000000    0.00184154    0.00213426   -0.02599377   -0.00261678    0.00753066    0.01204827    0.02479037    0.00114323    0.00000000 
max(|Fsp_paral|) :   0.00000000    0.00106027    0.00393120    0.00713970    0.01823378    0.00404089    0.00321961    0.00361476    0.00000823    0.00000000 
max(|Fsp_perp|)  :   0.00000000    0.00000000    0.00000000    0.00000000    0.00000000    0.00000000    0.00000000    0.00000000    0.00000000    0.00000000 
max(|FNEB|)      :   0.00000000    0.00376658    0.00618755    0.01436269    0.00219293    0.00440953    0.00797887    0.01684700    0.00413441    0.00000000 
max(|Force|)     :   0.00161362    0.00453294    0.00665143    0.01805072    0.00219129    0.00369110    0.00949714    0.01930633    0.00414002    0.00144002 
ksp              :   0.01000000    0.01000000    0.01297915    0.10000000    0.10000000    0.09169825    0.06670140    0.01000000    0.01000000 
max(|step|)      :   0.00000000    0.00238689    0.00649163    0.00497019    0.00232692    0.00510777    0.00890318    0.00899089    0.00111480    0.00000000 
angle (deg.)     :    38.6746  91.5763  72.0968  40.8178  35.4526  33.9125  67.4749  89.5671 
>
iteration       : 279
climbing        : yes
zoom on         : no
nim             : 10
barrier         :   0.00811339 (image:  4) 
distance        :   0.00000000    7.01494208   13.76540202   17.94257363   18.61383191   18.91687927   19.18726410   19.62669881   21.96849029   24.31779312 
energy          : -1075.54974314  -1075.56369098  -1075.57141023  -1075.54940201  -1075.54162974  -1075.54231892  -1075.54488458  -1075.55294972  -1075.58216259  -1075.58160718 
max(|Fr_perp|)   :   0.00000000    0.00324069    0.00420195    0.00928203    0.00125562    0.00123533    0.00497768    0.00746593    0.00264916    0.00000000 
Fr_paral         :   0.00000000    0.00196925    0.00222015   -0.02624196   -0.00253964    0.00724976    0.01328628    0.02804180    0.00111417    0.00000000 
max(|Fsp_paral|) :   0.00000000    0.00107294    0.00286203    0.00497820    0.01844554    0.00254179    0.00137048    0.00240332    0.00002765    0.00000000 
max(|Fsp_perp|)  :   0.00000000    0.00000000    0.00000000    0.00000000    0.00000000    0.00000000    0.00000000    0.00000000    0.00000000    0.00000000 
max(|FNEB|)      :   0.00000000    0.00278386    0.00392327    0.00876800    0.00125695    0.00286434    0.00598838    0.00754587    0.00264545    0.00000000 
max(|Force|)     :   0.00161362    0.00357834    0.00426704    0.01768064    0.00130765    0.00348382    0.00952215    0.01904481    0.00265185    0.00144002 
ksp              :   0.01000000    0.01000000    0.01378399    0.10000000    0.10000000    0.09235511    0.06389487    0.01000000    0.01000000 
max(|step|)      :   0.00000000    0.00617629    0.01450470    0.00896976    0.00452854    0.01162184    0.02334763    0.02160024    0.00259820    0.00000000 
angle (deg.)     :    38.6427  91.5343  72.1457  42.2668  32.4785  24.8800  65.1590  89.4324 
>
iteration       : 280
climbing        : yes
zoom on         : no
nim             : 10
barrier         :   0.00812645 (image:  4) 
distance        :   0.00000000    7.00541714   13.74320926   17.96026406   18.62559068   18.89977304   19.21172695   19.61739143   21.94432282   24.29269149 
energy          : -1075.54974314  -1075.56368176  -1075.57169225  -1075.54906868  -1075.54161669  -1075.54219052  -1075.54544243  -1075.55366812  -1075.58217012  -1075.58160718 
max(|Fr_perp|)   :   0.00000000    0.00185811    0.00279650    0.00367426    0.00099207    0.00101151    0.00332031    0.00396346    0.00138194    0.00000000 
Fr_paral         :   0.00000000    0.00264698    0.00242851   -0.02610951   -0.00225929    0.00659721    0.01584266    0.03072477    0.00106033    0.00000000 
max(|Fsp_paral|) :   0.00000000    0.00108492    0.00180928    0.00373447    0.01931896    0.00083963    0.00255890    0.00005763    0.00007962    0.00000000 
max(|Fsp_perp|)  :   0.00000000    0.00000000    0.00000000    0.00000000    0.00000000    0.00000000    0.00000000    0.00000000    0.00000000    0.00000000 
max(|FNEB|)      :   0.00000000    0.00253527    0.00310781    0.00690000    0.00104091    0.00106558    0.00389496    0.00397977    0.00138487    0.00000000 
max(|Force|)     :   0.00161362    0.00248615    0.00291512    0.01693433    0.00119085    0.00304856    0.00997221    0.01922444    0.00137749    0.00144002 
ksp              :   0.01000000    0.01000000    0.01746961    0.10000000    0.10000000    0.09364482    0.05763015    0.01000000    0.01000000 
max(|step|)      :   0.00000000    0.00403782    0.00428365    0.00947746    0.00237362    0.00120360    0.00555637    0.00792334    0.00146910    0.00000000 
angle (deg.)     :    38.6224  91.4912  72.3659  42.0465  32.6391  20.7596  63.9102  89.3739 
>
iteration       : 281
climbing        : yes
zoom on         : no
nim             : 10
barrier         :   0.00813081 (image:  4) 
distance        :   0.00000000    6.99969348   13.74380770   17.95376805   18.63791056   18.90680445   19.21921948   19.62565312   21.94475155   24.29258256 
energy          : -1075.54974314  -1075.56367900  -1075.57177974  -1075.54952622  -1075.54161232  -1075.54219388  -1075.54551623  -1075.55388529  -1075.58217289  -1075.58160718 
max(|Fr_perp|)   :   0.00000000    0.00200170    0.00178887    0.00314997    0.00092404    0.00091253    0.00278755    0.01063761    0.00082173    0.00000000 
Fr_paral         :   0.00000000    0.00213378    0.00205628   -0.02671239   -0.00209942    0.00659904    0.01639958    0.03088659    0.00105924    0.00000000 
max(|Fsp_paral|) :   0.00000000    0.00103570    0.00433673    0.00852683    0.02039185    0.00108683    0.00276702    0.00005880    0.00010716    0.00000000 
max(|Fsp_perp|)  :   0.00000000    0.00000000    0.00000000    0.00000000    0.00000000    0.00000000    0.00000000    0.00000000    0.00000000    0.00000000 
max(|FNEB|)      :   0.00000000    0.00229096    0.00391300    0.00559613    0.00095201    0.00130052    0.00379784    0.01059265    0.00081913    0.00000000 
max(|Force|)     :   0.00161362    0.00236899    0.00194381    0.01720445    0.00110994    0.00306866    0.01016606    0.01899353    0.00082621    0.00144002 
ksp              :   0.01000000    0.01000000    0.01240104    0.10000000    0.10000000    0.09356275    0.05678759    0.01000000    0.01000000 
max(|step|)      :   0.00000000    0.00336537    0.00351764    0.00109047    0.00211048    0.00160161    0.00565248    0.00523461    0.00039764    0.00000000 
angle (deg.)     :    38.6090  91.4635  72.4488  42.3230  32.7213  17.6627  62.9977  89.3226 
>
iteration       : 282
climbing        : yes
zoom on         : no
nim             : 10
barrier         :   0.00813579 (image:  4) 
distance        :   0.00000000    6.99467584   13.73720914   17.95721708   18.64560384   18.90857956   19.22482118   19.63123614   21.94379638   24.29114575 
energy          : -1075.54974314  -1075.56367252  -1075.57179311  -1075.54954055  -1075.54160735  -1075.54218612  -1075.54560230  -1075.55413851  -1075.58217430  -1075.58160718 
max(|Fr_perp|)   :   0.00000000    0.00189336    0.00181841    0.00305857    0.00089891    0.00088866    0.00267973    0.00851321    0.00072573    0.00000000 
Fr_paral         :   0.00000000    0.00214462    0.00202375   -0.02676956   -0.00195703    0.00654694    0.01690714    0.03124790    0.00105916    0.00000000 
max(|Fsp_paral|) :   0.00000000    0.00102129    0.00448195    0.00905358    0.02078937    0.00152079    0.00317245    0.00023792    0.00013021    0.00000000 
max(|Fsp_perp|)  :   0.00000000    0.00000000    0.00000000    0.00000000    0.00000000    0.00000000    0.00000000    0.00000000    0.00000000    0.00000000 
max(|FNEB|)      :   0.00000000    0.00220555    0.00388694    0.00621809    0.00090044    0.00168836    0.00395446    0.00846620    0.00072346    0.00000000 
max(|Force|)     :   0.00161362    0.00226288    0.00204831    0.01716438    0.00103703    0.00304195    0.01043226    0.01912693    0.00073041    0.00144002 
ksp              :   0.01000000    0.01000000    0.01224099    0.10000000    0.10000000    0.09359745    0.05580693    0.01000000    0.01000000 
max(|step|)      :   0.00000000    0.03288704    0.03301396    0.01140674    0.01938199    0.01050175    0.04124596    0.05120874    0.00368915    0.00000000 
angle (deg.)     :    38.5117  91.2621  72.9414  45.3963  37.8306  19.9847  59.2566  88.9445 
>
iteration       : 283
climbing        : yes
zoom on         : no
nim             : 10
barrier         :   0.00815478 (image:  4) 
distance        :   0.00000000    6.94556066   13.66798745   18.00719696   18.71641827   18.95005767   19.26914851   19.73930769   22.00045917   24.34308643 
energy          : -1075.54974314  -1075.56358869  -1075.57155802  -1075.54896162  -1075.54158835  -1075.54226164  -1075.54574210  -1075.55631740  -1075.58218003  -1075.58160718 
max(|Fr_perp|)   :   0.00000000    0.00219760    0.00372664    0.01015086    0.00083899    0.00079869    0.00457329    0.01317538    0.00284309    0.00000000 
Fr_paral         :   0.00000000    0.00212768    0.00181245   -0.02618094   -0.00062163    0.00682552    0.01826487    0.03053994    0.00105727    0.00000000 
max(|Fsp_paral|) :   0.00000000    0.00089962    0.00386897    0.00522837    0.02236184    0.00274184    0.00210557    0.00147289    0.00031468    0.00000000 
max(|Fsp_perp|)  :   0.00000000    0.00000000    0.00000000    0.00000000    0.00000000    0.00000000    0.00000000    0.00000000    0.00000000    0.00000000 
max(|FNEB|)      :   0.00000000    0.00200772    0.00601561    0.01024480    0.00084040    0.00310333    0.00458600    0.01315351    0.00284307    0.00000000 
max(|Force|)     :   0.00161362    0.00256739    0.00376390    0.01690431    0.00083757    0.00339965    0.01131153    0.01991381    0.00284790    0.00144002 
ksp              :   0.01000000    0.01000000    0.01862516    0.10000000    0.10000000    0.09256927    0.05415725    0.01000000    0.01000000 
max(|step|)      :   0.00000000    0.00189817    0.01394966    0.01723560    0.00106482    0.00858745    0.01043842    0.02209407    0.00443476    0.00000000 
angle (deg.)     :    38.4646  91.2004  73.1028  43.7113  38.1541  15.2356  59.6157  89.0846 
>
iteration       : 284
climbing        : yes
zoom on         : no
nim             : 10
barrier         :   0.00815212 (image:  4) 
distance        :   0.00000000    6.94484131   13.68515853   17.98042044   18.71697670   18.96879722   19.26259054   19.73561257   22.00146156   24.34394229 
energy          : -1075.54974314  -1075.56358851  -1075.57184234  -1075.54973169  -1075.54159102  -1075.54238889  -1075.54561917  -1075.55627608  -1075.58217625  -1075.58160718 
max(|Fr_perp|)   :   0.00000000    0.00096344    0.00272817    0.01407624    0.00069031    0.00067473    0.00673255    0.02729356    0.00388764    0.00000000 
Fr_paral         :   0.00000000    0.00240920    0.00201467   -0.02686566   -0.00067760    0.00751276    0.01765741    0.03085432    0.00102805    0.00000000 
max(|Fsp_paral|) :   0.00000000    0.00082467    0.00667041    0.01600476    0.02309302    0.00071560    0.00027256    0.00190445    0.00029556    0.00000000 
max(|Fsp_perp|)  :   0.00000000    0.00000000    0.00000000    0.00000000    0.00000000    0.00000000    0.00000000    0.00000000    0.00000000    0.00000000 
max(|FNEB|)      :   0.00000000    0.00162931    0.00620895    0.01588509    0.00069085    0.00112522    0.00677249    0.02748095    0.00388675    0.00000000 
max(|Force|)     :   0.00161362    0.00162732    0.00268757    0.01744000    0.00068977    0.00376899    0.01056603    0.02605423    0.00388141    0.00144002 
ksp              :   0.01000000    0.01000000    0.01012641    0.10000000    0.10000000    0.09119143    0.05552895    0.01000000    0.01000000 
max(|step|)      :   0.00000000    0.00124345    0.00530247    0.01051261    0.00061174    0.00124524    0.00416585    0.01469599    0.00250013    0.00000000 
angle (deg.)     :    38.4854  91.2280  72.9225  44.1200  37.7653  14.1606  59.5276  89.0906 
>
iteration       : 285
climbing        : yes
zoom on         : no
nim             : 10
barrier         :   0.00815205 (image:  4) 
distance        :   0.00000000    6.94659356   13.67854087   17.99202942   18.71039270   18.96102396   19.25761189   19.72519051   21.99269934   24.33534165 
energy          : -1075.54974314  -1075.56359359  -1075.57182364  -1075.54945128  -1075.54159109  -1075.54237040  -1075.54568885  -1075.55666080  -1075.58218787  -1075.58160718 
max(|Fr_perp|)   :   0.00000000    0.00053354    0.00144497    0.00298365    0.00058735    0.00057166    0.00194925    0.00243678    0.00014149    0.00000000 
Fr_paral         :   0.00000000    0.00236756    0.00197174   -0.02698526   -0.00071895    0.00742491    0.01808739    0.03298389    0.00105370    0.00000000 
max(|Fsp_paral|) :   0.00000000    0.00086565    0.00288716    0.00782508    0.02230172    0.00090754    0.00077687    0.00155132    0.00028952    0.00000000 
max(|Fsp_perp|)  :   0.00000000    0.00000000    0.00000000    0.00000000    0.00000000    0.00000000    0.00000000    0.00000000    0.00000000    0.00000000 
max(|FNEB|)      :   0.00000000    0.00101300    0.00247047    0.00504754    0.00058793    0.00129799    0.00141329    0.00231910    0.00030313    0.00000000 
max(|Force|)     :   0.00161362    0.00119775    0.00199841    0.01724846    0.00058677    0.00370506    0.01064799    0.01990344    0.00040834    0.00144002 
ksp              :   0.01000000    0.01000000    0.01322209    0.10000000    0.10000000    0.09139630    0.05475997    0.01000000    0.01000000 
max(|step|)      :   0.00000000    0.00174544    0.00305386    0.00567954    0.00072756    0.00220030    0.00064836    0.00316243    0.00037385    0.00000000 
angle (deg.)     :    38.4829  91.2201  72.8463  44.3324  38.0342  13.8523  59.6840  89.1273 
>
iteration       : 286
climbing        : yes
zoom on         : no
nim             : 10
barrier         :   0.00815106 (image:  4) 
distance        :   0.00000000    6.94335809   13.67155249   17.99975780   18.71065211   18.96429454   19.25624870   19.72567515   21.99391212   24.33620327 
energy          : -1075.54974314  -1075.56358707  -1075.57182031  -1075.54917886  -1075.54159208  -1075.54240653  -1075.54568540  -1075.55677369  -1075.58218913  -1075.58160718 
max(|Fr_perp|)   :   0.00000000    0.00048321    0.00136259    0.00306330    0.00054876    0.00053302    0.00207450    0.00223311    0.00018258    0.00000000 
Fr_paral         :   0.00000000    0.00238247    0.00202953   -0.02665424   -0.00066268    0.00759808    0.01803833    0.03322547    0.00104772    0.00000000 
max(|Fsp_paral|) :   0.00000000    0.00086760    0.00083514    0.00044330    0.02187821    0.00053681    0.00043764    0.00161887    0.00028579    0.00000000 
max(|Fsp_perp|)  :   0.00000000    0.00000000    0.00000000    0.00000000    0.00000000    0.00000000    0.00000000    0.00000000    0.00000000    0.00000000 
max(|FNEB|)      :   0.00000000    0.00106240    0.00220632    0.00247789    0.00054923    0.00093589    0.00173958    0.00149419    0.00029886    0.00000000 
max(|Force|)     :   0.00161362    0.00115181    0.00193393    0.01711548    0.00054829    0.00380203    0.01054717    0.01990403    0.00039208    0.00144002 
ksp              :   0.01000000    0.01000000    0.01623042    0.10000000    0.10000000    0.09100717    0.05480353    0.01000000    0.01000000 
max(|step|)      :   0.00000000    0.00139198    0.00342517    0.00192287    0.00120921    0.00260857    0.00589029    0.00504906    0.00034767    0.00000000 
angle (deg.)     :    38.4791  91.2161  72.7666  44.1483  37.4461  11.5511  60.3487  89.2343 
>
