NEB log file generated by ORCA
All quantities are given in atomic units. Unless stated otherwise. 
iteration       : 0
climbing        : no
zoom on         : no
nim             : 10
barrier         :   0.44941600 (image:  4) 
distance        :   0.00000000    1.29451093    2.58902187    3.88353280    5.17804374    6.47255467    7.76706560    9.06157654   10.35608747   11.65059841 
energy          : -1076.31736593  -1076.25482141  -1076.11253734  -1075.96207082  -1075.86794993  -1075.87321918  -1075.97716200  -1076.13515940  -1076.28292870  -1076.34881019 
max(|Fr_perp|)   :   0.00000000    0.21906396    0.38858301    0.47872970    0.46894141    0.54696682    0.52171402    0.39981073    0.21512711    0.00000000 
Fr_paral         :   0.00000000   -0.08837473   -0.12270144   -0.10260004   -0.03752088    0.04556155    0.10958256    0.12800161    0.09196906    0.00000000 
max(|Fsp_paral|) :   0.00000000    0.01311197    0.01386804    0.00867609    0.00000035    0.00048572    0.00958146    0.01456336    0.01361881    0.00000000 
max(|Fsp_perp|)  :   0.00000000    0.00000000    0.00000000    0.00000000    0.00000000    0.00000000    0.00000000    0.00000000    0.00000000    0.00000000 
max(|FNEB|)      :   0.00000000    0.22185865    0.39160313    0.48073887    0.46925477    0.54725539    0.52145259    0.39918554    0.21445990    0.00000000 
max(|Force|)     :   0.00173011    0.21690659    0.37937621    0.47113618    0.46853775    0.54815103    0.52406026    0.40241284    0.21694798    0.00133386 
ksp              :   0.02252381    0.05101623    0.08114959    0.10000000    0.10000000    0.09894556    0.07812989    0.04649021    0.01690104 
max(|step|)      :   0.00000000    0.04054024    0.07155765    0.08784543    0.08574694    0.10000000    0.09528505    0.07294319    0.03918827    0.00000000 
angle (deg.)     :    1.0702  1.2192  1.3908  1.4601  1.4541  1.3780  1.2094  1.0643 
>
iteration       : 1
climbing        : no
zoom on         : no
nim             : 10
barrier         :   0.26139166 (image:  4) 
distance        :   0.00000000    1.30275790    2.59899001    3.89199254    5.18311768    6.47834416    7.76926867    9.06237959   10.35868426   11.66164173 
energy          : -1076.31736593  -1076.27872935  -1076.19358966  -1076.10766010  -1076.05597427  -1076.06054691  -1076.12112215  -1076.21473426  -1076.30622977  -1076.34881019 
max(|Fr_perp|)   :   0.00000000    0.16426954    0.28715433    0.34975377    0.34387741    0.40043188    0.38485378    0.29878382    0.16320531    0.00000000 
Fr_paral         :   0.00000000   -0.05575496   -0.07653001   -0.06588144   -0.02870326    0.03730133    0.07244673    0.08220684    0.05998592    0.00000000 
max(|Fsp_paral|) :   0.00000000    0.01271163    0.01321459    0.00823104    0.00015202    0.00091498    0.01001103    0.01530614    0.01464263    0.00000000 
max(|Fsp_perp|)  :   0.00000000    0.00000000    0.00000000    0.00000000    0.00000000    0.00000000    0.00000000    0.00000000    0.00000000    0.00000000 
max(|FNEB|)      :   0.00000000    0.16795535    0.29041256    0.35134751    0.34390765    0.40033599    0.38439638    0.29865893    0.16345416    0.00000000 
max(|Force|)     :   0.00173011    0.16244392    0.28029959    0.34481074    0.34300988    0.40153170    0.38593250    0.29888520    0.16275097    0.00133386 
ksp              :   0.02330300    0.05261752    0.08220401    0.10000000    0.10000000    0.09842559    0.07756887    0.04533720    0.01383430 
max(|step|)      :   0.00000000    0.04594645    0.07532364    0.08753072    0.08635058    0.10000000    0.09809032    0.07928853    0.04546514    0.00000000 
angle (deg.)     :    2.6709  2.5544  2.6078  2.6749  2.6569  2.6158  2.5424  2.6445 
>
iteration       : 2
climbing        : no
zoom on         : no
nim             : 10
barrier         :   0.12938347 (image:  4) 
distance        :   0.00000000    1.31389274    2.60981564    3.90468624    5.20095303    6.49295432    7.78917214    9.08402161   10.38011974   11.69625987 
energy          : -1076.31736593  -1076.29861919  -1076.25558220  -1076.21268967  -1076.18798245  -1076.19234665  -1076.22576828  -1076.27601335  -1076.32564182  -1076.34881019 
max(|Fr_perp|)   :   0.00000000    0.10138427    0.17865262    0.21962778    0.21744098    0.25263926    0.24222311    0.18682993    0.10159866    0.00000000 
Fr_paral         :   0.00000000   -0.03012170   -0.04279900   -0.03831009   -0.01714181    0.02730213    0.04475289    0.04845300    0.03471246    0.00000000 
max(|Fsp_paral|) :   0.00000000    0.01211692    0.01308929    0.00817672    0.00016302    0.00135221    0.01181565    0.01726325    0.01353507    0.00000000 
max(|Fsp_perp|)  :   0.00000000    0.00000000    0.00000000    0.00000000    0.00000000    0.00000000    0.00000000    0.00000000    0.00000000    0.00000000 
max(|FNEB|)      :   0.00000000    0.10615528    0.18258958    0.22143610    0.21772234    0.25281638    0.24209136    0.18761316    0.10293186    0.00000000 
max(|Force|)     :   0.00173011    0.10030374    0.17464663    0.21718124    0.21699863    0.25407156    0.24313792    0.18642337    0.10055468    0.00133386 
ksp              :   0.02303830    0.05297006    0.08280791    0.10000000    0.10000000    0.09696913    0.07372531    0.03878235    0.01000000 
max(|step|)      :   0.00000000    0.04198908    0.07222221    0.08758772    0.08611877    0.10000000    0.09575778    0.07420926    0.04071408    0.00000000 
angle (deg.)     :    3.9162  3.7532  3.9371  4.0950  4.0655  3.9301  3.7254  3.8955 
>
iteration       : 3
climbing        : no
zoom on         : no
nim             : 10
barrier         :   0.05584970 (image:  4) 
distance        :   0.00000000    1.33287763    2.63469732    3.93134951    5.22737850    6.52050808    7.81625606    9.11336525   10.41829919   11.75276582 
energy          : -1076.31736593  -1076.30867879  -1076.28793399  -1076.26989498  -1076.26151623  -1076.26565888  -1076.28234618  -1076.30770602  -1076.33545348  -1076.34881019 
max(|Fr_perp|)   :   0.00000000    0.04551651    0.07761508    0.09269323    0.09054367    0.10578472    0.10361691    0.08219178    0.04603355    0.00000000 
Fr_paral         :   0.00000000   -0.01550676   -0.02106807   -0.01768146   -0.00472706    0.01611221    0.02393854    0.02686498    0.02040603    0.00000000 
max(|Fsp_paral|) :   0.00000000    0.01262066    0.01231805    0.00642607    0.00011292    0.00335185    0.01417420    0.02081003    0.00737180    0.00000000 
max(|Fsp_perp|)  :   0.00000000    0.00000000    0.00000000    0.00000000    0.00000000    0.00000000    0.00000000    0.00000000    0.00000000    0.00000000 
max(|FNEB|)      :   0.00000000    0.05168554    0.08167159    0.09385166    0.09052937    0.10534411    0.10323176    0.08372252    0.04719342    0.00000000 
max(|Force|)     :   0.00173011    0.04497296    0.07528534    0.09147084    0.09026374    0.10660358    0.10385837    0.08138910    0.04482731    0.00133386 
ksp              :   0.02399904    0.05742862    0.08649791    0.10000000    0.10000000    0.09332424    0.06643320    0.02556663    0.01000000 
max(|step|)      :   0.00000000    0.04162788    0.06259468    0.06943845    0.06609570    0.07702678    0.07669519    0.06407253    0.03672250    0.00000000 
angle (deg.)     :    5.7438  4.9157  4.9028  5.1128  5.0376  4.8908  4.8471  5.9044 
>
iteration       : 4
climbing        : no
zoom on         : no
nim             : 10
barrier         :   0.03604113 (image:  4) 
distance        :   0.00000000    1.38118126    2.68251529    3.96835227    5.25592054    6.54543819    7.82825510    9.11656234   10.46574079   11.82089338 
energy          : -1076.31736593  -1076.31311473  -1076.29895775  -1076.28634878  -1076.28132480  -1076.28536556  -1076.29826904  -1076.31778813  -1076.33994060  -1076.34881019 
max(|Fr_perp|)   :   0.00000000    0.03187543    0.04114549    0.03110933    0.01915443    0.01842131    0.01711234    0.02965957    0.02643334    0.00000000 
Fr_paral         :   0.00000000   -0.00901480   -0.01263829   -0.00763214   -0.00047847    0.00651126    0.01359330    0.01838121    0.01401385    0.00000000 
max(|Fsp_paral|) :   0.00000000    0.01237225    0.01271814    0.00601902    0.00007625    0.00555663    0.01719069    0.02455530    0.00002232    0.00000000 
max(|Fsp_perp|)  :   0.00000000    0.00000000    0.00000000    0.00000000    0.00000000    0.00000000    0.00000000    0.00000000    0.00000000    0.00000000 
max(|FNEB|)      :   0.00000000    0.02814269    0.03678932    0.02923710    0.01917744    0.01759783    0.02436836    0.03378776    0.02640074    0.00000000 
max(|Force|)     :   0.00173011    0.03260284    0.04248658    0.03195264    0.01909921    0.01915814    0.01836595    0.03136107    0.02747260    0.00133386 
ksp              :   0.02061587    0.05596792    0.08745439    0.10000000    0.10000000    0.08990963    0.05768774    0.01000000    0.01000000 
max(|step|)      :   0.00000000    0.02848852    0.03678408    0.02945000    0.01856533    0.01827363    0.02583026    0.03147168    0.02592085    0.00000000 
angle (deg.)     :    6.7314  5.4294  5.0157  5.3179  5.2262  4.9581  5.3858  7.1402 
>
iteration       : 5
climbing        : no
zoom on         : no
nim             : 10
barrier         :   0.03407759 (image:  4) 
distance        :   0.00000000    1.42679501    2.72582042    3.99194380    5.26581913    6.54412095    7.80346878    9.07510747   10.48003712   11.84178415 
energy          : -1076.31736593  -1076.31448477  -1076.30155324  -1076.28860357  -1076.28328833  -1076.28713694  -1076.29983037  -1076.31933388  -1076.34151586  -1076.34881019 
max(|Fr_perp|)   :   0.00000000    0.02546265    0.03670941    0.02763404    0.01810754    0.02072823    0.01881165    0.02876464    0.02221197    0.00000000 
Fr_paral         :   0.00000000   -0.00739097   -0.01231693   -0.00723824   -0.00042060    0.00527713    0.01289438    0.01811379    0.01242407    0.00000000 
max(|Fsp_paral|) :   0.00000000    0.01171167    0.01326471    0.00680772    0.00017291    0.00598049    0.01737879    0.02328504    0.00016271    0.00000000 
max(|Fsp_perp|)  :   0.00000000    0.00000000    0.00000000    0.00000000    0.00000000    0.00000000    0.00000000    0.00000000    0.00000000    0.00000000 
max(|FNEB|)      :   0.00000000    0.02218380    0.03182572    0.02532501    0.01810101    0.02163493    0.02239706    0.03221230    0.02214760    0.00000000 
max(|Force|)     :   0.00173011    0.02601289    0.03810809    0.02850504    0.01812370    0.02040690    0.01866968    0.03061342    0.02312000    0.00133386 
ksp              :   0.01760921    0.05176179    0.08596229    0.10000000    0.10000000    0.08983571    0.05631194    0.01000000    0.01000000 
max(|step|)      :   0.00000000    0.07097350    0.10000000    0.08045429    0.04758930    0.04356145    0.07304821    0.09237594    0.06769672    0.00000000 
angle (deg.)     :    8.6807  8.0414  5.2112  5.9537  5.6275  5.0620  7.7386  10.2874 
>
iteration       : 6
climbing        : no
zoom on         : no
nim             : 10
barrier         :   0.03086113 (image:  4) 
distance        :   0.00000000    1.56479351    2.87142583    4.07514707    5.29859498    6.53700460    7.72114535    8.95048852   10.51516801   11.90540254 
energy          : -1076.31736593  -1076.31670564  -1076.30729567  -1076.29300124  -1076.28650480  -1076.28972615  -1076.30197373  -1076.32218543  -1076.34404362  -1076.34881019 
max(|Fr_perp|)   :   0.00000000    0.01163698    0.02629724    0.02401190    0.02335665    0.02564881    0.02554811    0.02523192    0.01182604    0.00000000 
Fr_paral         :   0.00000000   -0.00336767   -0.01228282   -0.00882761   -0.00063342    0.00451672    0.01333964    0.01867121    0.00795957    0.00000000 
max(|Fsp_paral|) :   0.00000000    0.00922651    0.01460347    0.00892415    0.00058088    0.00661759    0.01634023    0.02087643    0.00067241    0.00000000 
max(|Fsp_perp|)  :   0.00000000    0.00000000    0.00000000    0.00000000    0.00000000    0.00000000    0.00000000    0.00000000    0.00000000    0.00000000 
max(|FNEB|)      :   0.00000000    0.02090661    0.03676221    0.03306035    0.02351268    0.02691231    0.02794580    0.02790097    0.01180059    0.00000000 
max(|Force|)     :   0.00173011    0.01105166    0.02796693    0.02386240    0.02357306    0.02560093    0.02556972    0.02766855    0.01254061    0.00133386 
ksp              :   0.01193593    0.03939290    0.08106380    0.10000000    0.10000000    0.09060673    0.05490286    0.01000000    0.01000000 
max(|step|)      :   0.00000000    0.02863459    0.05035110    0.04528088    0.03220397    0.03686026    0.03827576    0.03821436    0.01616259    0.00000000 
angle (deg.)     :    8.1280  9.3650  4.9736  6.0186  5.5684  4.6634  9.0915  10.0577 
>
iteration       : 7
climbing        : no
zoom on         : no
nim             : 10
barrier         :   0.03004748 (image:  4) 
distance        :   0.00000000    1.60970431    2.93666187    4.10873622    5.29820528    6.51116537    7.65975723    8.86935079   10.50218788   11.89606863 
energy          : -1076.31736593  -1076.31701389  -1076.30884008  -1076.29430738  -1076.28731845  -1076.29018016  -1076.30223578  -1076.32281362  -1076.34450091  -1076.34881019 
max(|Fr_perp|)   :   0.00000000    0.01219939    0.02487278    0.02507806    0.02596751    0.02855206    0.02832003    0.02339393    0.01276881    0.00000000 
Fr_paral         :   0.00000000   -0.00386853   -0.01440063   -0.01336943   -0.00276424    0.00862281    0.01721684    0.02146598    0.00860541    0.00000000 
max(|Fsp_paral|) :   0.00000000    0.00861293    0.01461243    0.00934538    0.00089524    0.00636149    0.01521593    0.02000575    0.00092466    0.00000000 
max(|Fsp_perp|)  :   0.00000000    0.00000000    0.00000000    0.00000000    0.00000000    0.00000000    0.00000000    0.00000000    0.00000000    0.00000000 
max(|FNEB|)      :   0.00000000    0.01654052    0.02682593    0.02656249    0.02612210    0.02760515    0.02764875    0.02667803    0.01292570    0.00000000 
max(|Force|)     :   0.00173011    0.01174855    0.02691275    0.02484552    0.02579002    0.02904524    0.02860636    0.02626544    0.01218571    0.00133386 
ksp              :   0.01105442    0.03553711    0.07906634    0.10000000    0.10000000    0.09142843    0.05531872    0.01000000    0.01000000 
max(|step|)      :   0.00000000    0.01323371    0.02662594    0.02513443    0.01276443    0.01122988    0.02894602    0.03814594    0.01031410    0.00000000 
angle (deg.)     :    7.8050  10.8935  5.3379  6.5781  5.8912  4.7830  10.6416  10.1412 
>
iteration       : 8
climbing        : no
zoom on         : no
nim             : 10
barrier         :   0.02929416 (image:  4) 
distance        :   0.00000000    1.65473419    3.00818475    4.15424472    5.31305667    6.50174479    7.62092279    8.81479003   10.51995775   11.91973767 
energy          : -1076.31736593  -1076.31727345  -1076.31025652  -1076.29562964  -1076.28807177  -1076.29060019  -1076.30250088  -1076.32337853  -1076.34485573  -1076.34881019 
max(|Fr_perp|)   :   0.00000000    0.01211125    0.02287612    0.02450974    0.02566617    0.02825593    0.02806425    0.02354861    0.01278795    0.00000000 
Fr_paral         :   0.00000000   -0.00330977   -0.01391340   -0.01443164   -0.00326805    0.00843895    0.01764460    0.02181330    0.00791431    0.00000000 
max(|Fsp_paral|) :   0.00000000    0.00773879    0.01446478    0.00982061    0.00113098    0.00604750    0.01447237    0.01941798    0.00119180    0.00000000 
max(|Fsp_perp|)  :   0.00000000    0.00000000    0.00000000    0.00000000    0.00000000    0.00000000    0.00000000    0.00000000    0.00000000    0.00000000 
max(|FNEB|)      :   0.00000000    0.01591872    0.02618335    0.02604567    0.02585600    0.02736110    0.02738663    0.02656878    0.01298714    0.00000000 
max(|Force|)     :   0.00173011    0.01182131    0.02490992    0.02552291    0.02546361    0.02873026    0.02837120    0.02480350    0.01225917    0.00133386 
ksp              :   0.01028412    0.03184211    0.07678007    0.10000000    0.10000000    0.09223197    0.05566965    0.01000000    0.01000000 
max(|step|)      :   0.00000000    0.02743518    0.06607044    0.06369448    0.03521783    0.02839766    0.07533685    0.10000000    0.01918127    0.00000000 
angle (deg.)     :    7.4612  13.6031  7.6727  8.4013  7.0682  5.3932  14.5614  10.2542 
>
iteration       : 9
climbing        : no
zoom on         : no
nim             : 10
barrier         :   0.02785937 (image:  4) 
distance        :   0.00000000    1.75200664    3.19430626    4.28820339    5.36116121    6.48489464    7.53092944    8.68308532   10.57193524   11.99020388 
energy          : -1076.31736593  -1076.31777953  -1076.31279438  -1076.29861356  -1076.28950656  -1076.29127861  -1076.30278698  -1076.32433148  -1076.34540858  -1076.34881019 
max(|Fr_perp|)   :   0.00000000    0.01015061    0.02056972    0.02517408    0.02544434    0.02682864    0.02594887    0.01975743    0.01153819    0.00000000 
Fr_paral         :   0.00000000   -0.00206827   -0.01187132   -0.01729695   -0.00434254    0.00780636    0.01855843    0.02247770    0.00662047    0.00000000 
max(|Fsp_paral|) :   0.00000000    0.00550075    0.01356052    0.01022142    0.00187379    0.00514013    0.01234204    0.01809708    0.00187762    0.00000000 
max(|Fsp_perp|)  :   0.00000000    0.00000000    0.00000000    0.00000000    0.00000000    0.00000000    0.00000000    0.00000000    0.00000000    0.00000000 
max(|FNEB|)      :   0.00000000    0.01287337    0.02441357    0.02720878    0.02596253    0.02631624    0.02550614    0.02657642    0.01194391    0.00000000 
max(|Force|)     :   0.00173011    0.00993833    0.01967051    0.02448194    0.02542009    0.02749136    0.02654279    0.02181501    0.01121114    0.00133386 
ksp              :   0.01000000    0.02479313    0.07059622    0.10000000    0.10000000    0.09427274    0.05711042    0.01000000    0.01000000 
max(|step|)      :   0.00000000    0.01498229    0.02841301    0.03166612    0.03021571    0.03062737    0.02968455    0.03093016    0.01390056    0.00000000 
angle (deg.)     :    7.4577  14.0076  8.9895  9.2275  7.6033  5.9638  15.5574  10.4911 
>
iteration       : 10
climbing        : no
zoom on         : no
nim             : 10
barrier         :   0.02695686 (image:  4) 
distance        :   0.00000000    1.77477108    3.25136547    4.33924973    5.38767519    6.49115975    7.51999346    8.66014735   10.60586356   12.03218841 
energy          : -1076.31736593  -1076.31794516  -1076.31354117  -1076.29984951  -1076.29040907  -1076.29194959  -1076.30324134  -1076.32467161  -1076.34558395  -1076.34881019 
max(|Fr_perp|)   :   0.00000000    0.00661447    0.01471805    0.02033462    0.01812269    0.01857417    0.01827506    0.01744334    0.00782602    0.00000000 
Fr_paral         :   0.00000000   -0.00097931   -0.00946212   -0.01587546   -0.00250344    0.00488926    0.01669984    0.02098163    0.00485018    0.00000000 
max(|Fsp_paral|) :   0.00000000    0.00468424    0.01328580    0.01022491    0.00203836    0.00478021    0.01220311    0.01772762    0.00208993    0.00000000 
max(|Fsp_perp|)  :   0.00000000    0.00000000    0.00000000    0.00000000    0.00000000    0.00000000    0.00000000    0.00000000    0.00000000    0.00000000 
max(|FNEB|)      :   0.00000000    0.01113149    0.02760966    0.02947597    0.01800268    0.02043062    0.02207475    0.02402131    0.00747542    0.00000000 
max(|Force|)     :   0.00173011    0.00676515    0.01607852    0.02408126    0.01818353    0.01783972    0.01700788    0.02116791    0.00815717    0.00133386 
ksp              :   0.01000000    0.02276960    0.06848151    0.10000000    0.10000000    0.09485671    0.05715732    0.01000000    0.01000000 
max(|step|)      :   0.00000000    0.00609328    0.01925766    0.01884763    0.00824693    0.00772726    0.02054809    0.02935249    0.00426637    0.00000000 
angle (deg.)     :    7.4271  14.3457  10.2849  9.8740  8.0472  6.2373  16.6644  10.4696 
>
iteration       : 11
climbing        : no
zoom on         : no
nim             : 10
barrier         :   0.02653715 (image:  4) 
distance        :   0.00000000    1.79485481    3.30440278    4.38417307    5.40503832    6.48801063    7.49578931    8.62161738   10.62085669   12.05408870 
energy          : -1076.31736593  -1076.31803916  -1076.31397747  -1076.30065354  -1076.29082878  -1076.29213410  -1076.30325139  -1076.32472520  -1076.34567723  -1076.34881019 
max(|Fr_perp|)   :   0.00000000    0.00641470    0.01371408    0.02019764    0.01698123    0.01757745    0.01759555    0.01672538    0.00730473    0.00000000 
Fr_paral         :   0.00000000   -0.00084222   -0.00888583   -0.01687863   -0.00286568    0.00492014    0.01712891    0.02124745    0.00467267    0.00000000 
max(|Fsp_paral|) :   0.00000000    0.00428657    0.01293746    0.01000837    0.00227941    0.00444142    0.01155283    0.01738294    0.00228756    0.00000000 
max(|Fsp_perp|)  :   0.00000000    0.00000000    0.00000000    0.00000000    0.00000000    0.00000000    0.00000000    0.00000000    0.00000000    0.00000000 
max(|FNEB|)      :   0.00000000    0.01040837    0.02657063    0.02857773    0.01685121    0.01930125    0.02121738    0.02352725    0.00713694    0.00000000 
max(|Force|)     :   0.00173011    0.00654425    0.01495096    0.02439987    0.01704851    0.01684550    0.01571138    0.02063505    0.00761962    0.00133386 
ksp              :   0.01000000    0.02149186    0.06667960    0.10000000    0.10000000    0.09557305    0.05786906    0.01000000    0.01000000 
max(|step|)      :   0.00000000    0.01758803    0.06375752    0.06479890    0.03161934    0.02639551    0.06646961    0.10000000    0.01578034    0.00000000 
angle (deg.)     :    7.4940  14.7691  15.5336  12.1581  9.9186  7.5243  20.2011  10.6250 
>
iteration       : 12
climbing        : no
zoom on         : no
nim             : 10
barrier         :   0.02574288 (image:  4) 
distance        :   0.00000000    1.85179721    3.47738552    4.54580179    5.47672559    6.48719497    7.42544022    8.49438355   10.67588750   12.13808094 
energy          : -1076.31736593  -1076.31829544  -1076.31511987  -1076.30289356  -1076.29162305  -1076.29223435  -1076.30292654  -1076.32455654  -1076.34587223  -1076.34881019 
max(|Fr_perp|)   :   0.00000000    0.00504840    0.01010341    0.01915712    0.01863570    0.02026883    0.01745938    0.01437962    0.00759298    0.00000000 
Fr_paral         :   0.00000000   -0.00052488   -0.00729226   -0.01998797   -0.00360173    0.00440849    0.01828177    0.02254250    0.00405398    0.00000000 
max(|Fsp_paral|) :   0.00000000    0.00313006    0.01184037    0.01038619    0.00283101    0.00330106    0.01028230    0.01601478    0.00294305    0.00000000 
max(|Fsp_perp|)  :   0.00000000    0.00000000    0.00000000    0.00000000    0.00000000    0.00000000    0.00000000    0.00000000    0.00000000    0.00000000 
max(|FNEB|)      :   0.00000000    0.00822254    0.02196370    0.02812123    0.01874769    0.02100771    0.01860223    0.02298169    0.00724149    0.00000000 
max(|Force|)     :   0.00173011    0.00495952    0.01136921    0.02177944    0.01906493    0.02029021    0.01732184    0.02100855    0.00793920    0.00133386 
ksp              :   0.01000000    0.01786270    0.06060577    0.10000000    0.10000000    0.09785487    0.06047685    0.01000000    0.01000000 
max(|step|)      :   0.00000000    0.01150880    0.03074181    0.03936029    0.02624048    0.02940374    0.02603687    0.03216666    0.01013566    0.00000000 
angle (deg.)     :    7.4400  15.1303  17.3483  12.6369  10.4110  7.6170  21.7842  10.3055 
>
iteration       : 13
climbing        : no
zoom on         : no
nim             : 10
barrier         :   0.02544880 (image:  4) 
distance        :   0.00000000    1.86594881    3.52891939    4.59401404    5.49467542    6.48237075    7.39467795    8.44232787   10.67965473   12.15135623 
energy          : -1076.31736593  -1076.31837098  -1076.31538521  -1076.30349417  -1076.29191712  -1076.29235383  -1076.30280954  -1076.32440032  -1076.34590826  -1076.34881019 
max(|Fr_perp|)   :   0.00000000    0.00539464    0.00966866    0.01732514    0.02312820    0.02301736    0.01927598    0.01401090    0.00865446    0.00000000 
Fr_paral         :   0.00000000   -0.00086813   -0.00788207   -0.02213841   -0.00611369    0.00661189    0.02002035    0.02343596    0.00538395    0.00000000 
max(|Fsp_paral|) :   0.00000000    0.00289226    0.01179434    0.01035629    0.00301192    0.00310503    0.00985249    0.01531633    0.00313463    0.00000000 
max(|Fsp_perp|)  :   0.00000000    0.00000000    0.00000000    0.00000000    0.00000000    0.00000000    0.00000000    0.00000000    0.00000000    0.00000000 
max(|FNEB|)      :   0.00000000    0.00682649    0.01409626    0.02038989    0.02357372    0.02256284    0.01954034    0.02320201    0.00912779    0.00000000 
max(|Force|)     :   0.00173011    0.00560615    0.01014616    0.02323659    0.02282408    0.02334413    0.01975564    0.01959855    0.00831827    0.00133386 
ksp              :   0.01000000    0.01700482    0.05905765    0.10000000    0.10000000    0.09845557    0.06147885    0.01000000    0.01000000 
max(|step|)      :   0.00000000    0.00463934    0.02006990    0.02177059    0.00726083    0.00759215    0.02118449    0.03308433    0.00610210    0.00000000 
angle (deg.)     :    7.5342  15.2621  19.1743  13.3439  11.1203  8.0505  22.9601  10.4081 
>
iteration       : 14
climbing        : no
zoom on         : no
nim             : 10
barrier         :   0.02511677 (image:  4) 
distance        :   0.00000000    1.88062023    3.58367976    4.64795247    5.52206036    6.48660470    7.37663868    8.40423266   10.69896645   12.18224663 
energy          : -1076.31736593  -1076.31843541  -1076.31562951  -1076.30410416  -1076.29224916  -1076.29244304  -1076.30266191  -1076.32416636  -1076.34595428  -1076.34881019 
max(|Fr_perp|)   :   0.00000000    0.00509974    0.00914628    0.01697488    0.02216264    0.02212698    0.01882968    0.01340792    0.00837517    0.00000000 
Fr_paral         :   0.00000000   -0.00076855   -0.00742797   -0.02283069   -0.00641410    0.00638556    0.02026939    0.02387869    0.00529622    0.00000000 
max(|Fsp_paral|) :   0.00000000    0.00265475    0.01150490    0.01034022    0.00308348    0.00275477    0.00952993    0.01492542    0.00333456    0.00000000 
max(|Fsp_perp|)  :   0.00000000    0.00000000    0.00000000    0.00000000    0.00000000    0.00000000    0.00000000    0.00000000    0.00000000    0.00000000 
max(|FNEB|)      :   0.00000000    0.00624191    0.01352071    0.01926948    0.02261088    0.02172833    0.01864331    0.02294268    0.00886410    0.00000000 
max(|Force|)     :   0.00173011    0.00533105    0.00932515    0.02380752    0.02185424    0.02243318    0.01930869    0.01874342    0.00805292    0.00133386 
ksp              :   0.01000000    0.01622204    0.05752039    0.10000000    0.10000000    0.09930525    0.06268835    0.01000000    0.01000000 
max(|step|)      :   0.00000000    0.01381984    0.05985101    0.06638625    0.02512472    0.02295005    0.06200755    0.10000000    0.01910998    0.00000000 
angle (deg.)     :    7.8515  15.6865  25.0333  15.4106  13.4313  9.4942  26.8057  10.7566 
>
iteration       : 15
climbing        : no
zoom on         : no
nim             : 10
barrier         :   0.02458489 (image:  5) 
distance        :   0.00000000    1.92280733    3.74715841    4.81054259    5.61059401    6.50822695    7.33476108    8.30017912   10.76719428   12.28764263 
energy          : -1076.31736593  -1076.31862037  -1076.31631723  -1076.30584447  -1076.29318731  -1076.29278104  -1076.30228980  -1076.32337736  -1076.34604666  -1076.34881019 
max(|Fr_perp|)   :   0.00000000    0.00486458    0.00741904    0.01560794    0.02172587    0.02125871    0.01689752    0.01188896    0.00809157    0.00000000 
Fr_paral         :   0.00000000   -0.00051680   -0.00606276   -0.02474680   -0.00733323    0.00570903    0.02081217    0.02482821    0.00503610    0.00000000 
max(|Fsp_paral|) :   0.00000000    0.00181654    0.01054689    0.01014870    0.00351000    0.00227709    0.00845420    0.01455541    0.00392949    0.00000000 
max(|Fsp_perp|)  :   0.00000000    0.00000000    0.00000000    0.00000000    0.00000000    0.00000000    0.00000000    0.00000000    0.00000000    0.00000000 
max(|FNEB|)      :   0.00000000    0.00571605    0.01160316    0.01743096    0.02248430    0.02121415    0.01660126    0.02083628    0.00873775    0.00000000 
max(|Force|)     :   0.00173011    0.00508512    0.00734658    0.02307357    0.02167454    0.02177325    0.01760579    0.01847069    0.00789917    0.00133386 
ksp              :   0.01000000    0.01384903    0.05218855    0.09852474    0.10000000    0.10000000    0.06518606    0.01000000    0.01000000 
max(|step|)      :   0.00000000    0.00717725    0.01456929    0.02188687    0.02823201    0.02663717    0.02084507    0.02616270    0.01097140    0.00000000 
angle (deg.)     :    8.1189  15.5598  26.0677  15.6703  14.0911  9.8581  27.4388  11.2745 
>
iteration       : 16
climbing        : yes
zoom on         : no
nim             : 10
barrier         :   0.02430962 (image:  5) 
distance        :   0.00000000    1.93115103    3.79003906    4.85611613    5.64166716    6.51854866    7.33285223    8.27935304   10.78929910   12.32361463 
energy          : -1076.31736593  -1076.31867986  -1076.31649854  -1076.30624550  -1076.29361417  -1076.29305631  -1076.30232744  -1076.32307455  -1076.34608588  -1076.34881019 
max(|Fr_perp|)   :   0.00000000    0.00429885    0.00659372    0.01561889    0.01561129    0.01617652    0.01323498    0.01117020    0.00589113    0.00000000 
Fr_paral         :   0.00000000   -0.00016725   -0.00506269   -0.02427272   -0.00612475    0.00422386    0.02001309    0.02489830    0.00353326    0.00000000 
max(|Fsp_paral|) :   0.00000000    0.00157178    0.01032224    0.00986781    0.00343859    0.00199782    0.00839109    0.01438929    0.00406615    0.00000000 
max(|Fsp_perp|)  :   0.00000000    0.00000000    0.00000000    0.00000000    0.00000000    0.00000000    0.00000000    0.00000000    0.00000000    0.00000000 
max(|FNEB|)      :   0.00000000    0.00566204    0.01692647    0.02163563    0.01740328    0.01670039    0.01518926    0.02003854    0.00626669    0.00000000 
max(|Force|)     :   0.00173011    0.00438780    0.00687348    0.02160920    0.01595687    0.01625813    0.01386785    0.01921420    0.00617874    0.00133386 
ksp              :   0.01000000    0.01321915    0.05117974    0.09794641    0.10000000    0.10000000    0.06566883    0.01000000    0.01000000 
max(|step|)      :   0.00000000    0.00693310    0.02072628    0.02649260    0.02131014    0.02044945    0.01859909    0.02453699    0.00767350    0.00000000 
angle (deg.)     :    8.0711  15.8907  27.2845  15.6602  14.5926  9.9165  28.8178  11.0473 
>
iteration       : 17
climbing        : yes
zoom on         : no
nim             : 10
barrier         :   0.02412021 (image:  5) 
distance        :   0.00000000    1.93718869    3.82713977    4.89234935    5.66192763    6.51963104    7.31879761    8.24554373   10.79465936   12.34032154 
energy          : -1076.31736593  -1076.31872654  -1076.31662080  -1076.30656371  -1076.29394169  -1076.29324572  -1076.30227119  -1076.32274839  -1076.34609757  -1076.34881019 
max(|Fr_perp|)   :   0.00000000    0.00336041    0.00577548    0.01195766    0.01553860    0.01468669    0.01095714    0.01126453    0.00563669    0.00000000 
Fr_paral         :   0.00000000   -0.00036057   -0.00552338   -0.02506147   -0.00759815    0.00506832    0.02061942    0.02535823    0.00472992    0.00000000 
max(|Fsp_paral|) :   0.00000000    0.00143474    0.01029839    0.00957873    0.00336001    0.00186891    0.00814131    0.01419687    0.00418324    0.00000000 
max(|Fsp_perp|)  :   0.00000000    0.00000000    0.00000000    0.00000000    0.00000000    0.00000000    0.00000000    0.00000000    0.00000000    0.00000000 
max(|FNEB|)      :   0.00000000    0.00407965    0.01043962    0.01286516    0.01600365    0.01448289    0.01370359    0.01923212    0.00619797    0.00000000 
max(|Force|)     :   0.00173011    0.00345392    0.00685034    0.02138156    0.01522423    0.01489050    0.01369138    0.01994286    0.00536980    0.00133386 
ksp              :   0.01000000    0.01278028    0.05030643    0.09740310    0.10000000    0.10000000    0.06632318    0.01000000    0.01000000 
max(|step|)      :   0.00000000    0.00338208    0.02104670    0.02325707    0.01266247    0.00711411    0.01615700    0.03247335    0.00868756    0.00000000 
angle (deg.)     :    8.1940  16.1149  28.7874  15.8003  15.4163  10.1711  30.3021  11.1632 
>
iteration       : 18
climbing        : yes
zoom on         : no
nim             : 10
barrier         :   0.02428294 (image:  5) 
distance        :   0.00000000    1.94559170    3.87908545    4.94424808    5.69499832    6.52778715    7.30850408    8.21030174   10.81130505   12.37393802 
energy          : -1076.31736593  -1076.31876639  -1076.31673512  -1076.30674333  -1076.29390834  -1076.29308299  -1076.30194682  -1076.32229277  -1076.34607074  -1076.34881019 
max(|Fr_perp|)   :   0.00000000    0.00458363    0.00676626    0.01437862    0.02072472    0.01991204    0.01522995    0.01079167    0.00762621    0.00000000 
Fr_paral         :   0.00000000   -0.00036046   -0.00553285   -0.02571228   -0.00808884    0.00505870    0.02086570    0.02600168    0.00491310    0.00000000 
max(|Fsp_paral|) :   0.00000000    0.00132289    0.01011338    0.00922212    0.00326894    0.00168294    0.00786603    0.01393962    0.00433740    0.00000000 
max(|Fsp_perp|)  :   0.00000000    0.00000000    0.00000000    0.00000000    0.00000000    0.00000000    0.00000000    0.00000000    0.00000000    0.00000000 
max(|FNEB|)      :   0.00000000    0.00524257    0.01068395    0.01578777    0.02115883    0.01971789    0.01478391    0.01868249    0.00819540    0.00000000 
max(|Force|)     :   0.00173011    0.00468487    0.00667011    0.02112136    0.02040442    0.02010619    0.01571282    0.02004824    0.00735452    0.00133386 
ksp              :   0.01000000    0.01233796    0.04937060    0.09694099    0.10000000    0.10000000    0.06714792    0.01000000    0.01000000 
max(|step|)      :   0.00000000    0.01010424    0.06276717    0.06723444    0.03475410    0.02204259    0.05141850    0.10000000    0.02693564    0.00000000 
angle (deg.)     :    8.6388  16.7961  33.6743  16.1223  18.1099  10.9287  35.2907  11.6359 
>
iteration       : 19
climbing        : yes
zoom on         : no
nim             : 10
barrier         :   0.02433770 (image:  5) 
distance        :   0.00000000    1.97130744    4.04083426    5.10567593    5.80235521    6.56121739    7.29041377    8.11916901   10.87805976   12.49527866 
energy          : -1076.31736593  -1076.31890456  -1076.31714234  -1076.30756441  -1076.29432696  -1076.29302823  -1076.30122129  -1076.32076461  -1076.34602021  -1076.34881019 
max(|Fr_perp|)   :   0.00000000    0.00563991    0.00732625    0.01622027    0.02538900    0.02451531    0.01804653    0.01177171    0.00935721    0.00000000 
Fr_paral         :   0.00000000   -0.00024961   -0.00510977   -0.02718000   -0.00934671    0.00448306    0.02103027    0.02746867    0.00499864    0.00000000 
max(|Fsp_paral|) :   0.00000000    0.00081826    0.00955379    0.00824609    0.00326716    0.00099855    0.00716665    0.01304758    0.00479877    0.00000000 
max(|Fsp_perp|)  :   0.00000000    0.00000000    0.00000000    0.00000000    0.00000000    0.00000000    0.00000000    0.00000000    0.00000000    0.00000000 
max(|FNEB|)      :   0.00000000    0.00611965    0.01057979    0.01691274    0.02604758    0.02468598    0.01788981    0.01554907    0.01006396    0.00000000 
max(|Force|)     :   0.00173011    0.00579058    0.00702877    0.02072977    0.02539599    0.02497535    0.01875252    0.02047134    0.00921237    0.00133386 
ksp              :   0.01000000    0.01083784    0.04625121    0.09521451    0.10000000    0.10000000    0.06968849    0.01000000    0.01000000 
max(|step|)      :   0.00000000    0.00584756    0.01010940    0.01616079    0.02488949    0.02358842    0.01709442    0.01485775    0.00961651    0.00000000 
angle (deg.)     :    8.9224  16.7134  34.0873  16.0795  18.5619  10.9124  35.6895  12.1074 
>
iteration       : 20
climbing        : yes
zoom on         : no
nim             : 10
barrier         :   0.02363690 (image:  5) 
distance        :   0.00000000    1.97455234    4.07026961    5.13420470    5.82377028    6.57039756    7.29245063    8.10960673   10.89025103   12.52007238 
energy          : -1076.31736593  -1076.31896476  -1076.31729180  -1076.30795993  -1076.29518274  -1076.29372902  -1076.30147541  -1076.32054393  -1076.34611232  -1076.34881019 
max(|Fr_perp|)   :   0.00000000    0.00262430    0.00481149    0.01045096    0.00934663    0.00937376    0.00800169    0.00857716    0.00299499    0.00000000 
Fr_paral         :   0.00000000    0.00000840   -0.00438884   -0.02651364   -0.00886784    0.00363342    0.02026322    0.02794103    0.00363133    0.00000000 
max(|Fsp_paral|) :   0.00000000    0.00053868    0.00956954    0.00796277    0.00330238    0.00083757    0.00694055    0.01307747    0.00484413    0.00000000 
max(|Fsp_perp|)  :   0.00000000    0.00000000    0.00000000    0.00000000    0.00000000    0.00000000    0.00000000    0.00000000    0.00000000    0.00000000 
max(|FNEB|)      :   0.00000000    0.00281690    0.01325462    0.01398211    0.01189773    0.00975568    0.00905592    0.01643910    0.00629857    0.00000000 
max(|Force|)     :   0.00173011    0.00262301    0.00573693    0.02046723    0.00937448    0.00899185    0.01272851    0.01965050    0.00329922    0.00133386 
ksp              :   0.01000000    0.01028225    0.04581431    0.09446482    0.10000000    0.10000000    0.07050481    0.01000000    0.01000000 
max(|step|)      :   0.00000000    0.00134293    0.01059479    0.00961985    0.00558329    0.00342605    0.00706318    0.01554639    0.00544320    0.00000000 
angle (deg.)     :    9.0108  16.8787  34.6484  15.9515  18.9766  10.8632  36.5512  12.2114 
>
iteration       : 21
climbing        : yes
zoom on         : no
nim             : 10
barrier         :   0.02359709 (image:  5) 
distance        :   0.00000000    1.97664898    4.09790731    5.15907695    5.84162399    6.57649997    7.29067862    8.09542291   10.89778377   12.53906847 
energy          : -1076.31736593  -1076.31898913  -1076.31735099  -1076.30804770  -1076.29528956  -1076.29376883  -1076.30135934  -1076.32025971  -1076.34610661  -1076.34881019 
max(|Fr_perp|)   :   0.00000000    0.00260596    0.00470941    0.01076483    0.00931958    0.00925828    0.00814666    0.00840718    0.00304344    0.00000000 
Fr_paral         :   0.00000000    0.00002725   -0.00435612   -0.02664892   -0.00909199    0.00353763    0.02016174    0.02834888    0.00362742    0.00000000 
max(|Fsp_paral|) :   0.00000000    0.00046804    0.00949823    0.00780561    0.00323344    0.00070954    0.00681136    0.01294446    0.00489127    0.00000000 
max(|Fsp_perp|)  :   0.00000000    0.00000000    0.00000000    0.00000000    0.00000000    0.00000000    0.00000000    0.00000000    0.00000000    0.00000000 
max(|FNEB|)      :   0.00000000    0.00276716    0.01339665    0.01414293    0.01173712    0.00962294    0.00914731    0.01567424    0.00635928    0.00000000 
max(|Force|)     :   0.00173011    0.00260177    0.00562825    0.02036652    0.00924253    0.00896277    0.01277479    0.01984962    0.00326240    0.00133386 
ksp              :   0.01000000    0.01005696    0.04553999    0.09419991    0.10000000    0.10000000    0.07104958    0.01000000    0.01000000 
max(|step|)      :   0.00000000    0.00828101    0.07336409    0.06717733    0.03776815    0.02271437    0.04405553    0.10000000    0.03751496    0.00000000 
angle (deg.)     :    9.6417  18.1736  38.5308  14.9951  21.9214  10.5867  42.9978  13.0409 
>
iteration       : 22
climbing        : yes
zoom on         : no
nim             : 10
barrier         :   0.02327395 (image:  5) 
distance        :   0.00000000    1.98927789    4.28398551    5.32402407    5.96216269    6.62329957    7.28919896    8.01532058   10.95820633   12.67822355 
energy          : -1076.31736593  -1076.31914599  -1076.31772125  -1076.30871049  -1076.29603679  -1076.29409198  -1076.30063090  -1076.31780041  -1076.34599833  -1076.34881019 
max(|Fr_perp|)   :   0.00000000    0.00202087    0.00461033    0.00771755    0.00791838    0.00693392    0.00521246    0.01400094    0.00649734    0.00000000 
Fr_paral         :   0.00000000    0.00013247   -0.00420879   -0.02753445   -0.01073129    0.00289731    0.01928956    0.02975009    0.00368310    0.00000000 
max(|Fsp_paral|) :   0.00000000    0.00091278    0.00785942    0.00701337    0.00274402    0.00017113    0.00607722    0.01188338    0.00516547    0.00000000 
max(|Fsp_perp|)  :   0.00000000    0.00000000    0.00000000    0.00000000    0.00000000    0.00000000    0.00000000    0.00000000    0.00000000    0.00000000 
max(|FNEB|)      :   0.00000000    0.00260051    0.01114735    0.01022996    0.00962333    0.00732982    0.00594955    0.01529312    0.00653375    0.00000000 
max(|Force|)     :   0.00173011    0.00204237    0.00504900    0.02010225    0.00916003    0.00682491    0.01193157    0.01980561    0.00670149    0.00133386 
ksp              :   0.01000000    0.01000000    0.04347028    0.09248745    0.10000000    0.10000000    0.07470450    0.01000000    0.01000000 
max(|step|)      :   0.00000000    0.00384058    0.01646307    0.01510821    0.01421230    0.01082512    0.00878665    0.02258580    0.00964943    0.00000000 
angle (deg.)     :    9.6777  18.5560  39.2642  14.6973  22.4126  10.5166  44.5576  13.0326 
>
iteration       : 23
climbing        : yes
zoom on         : no
nim             : 10
barrier         :   0.02325280 (image:  5) 
distance        :   0.00000000    1.99365441    4.31831522    5.35526159    5.98442180    6.63261402    7.28924241    8.00053440   10.96568842   12.70376432 
energy          : -1076.31736593  -1076.31917307  -1076.31778672  -1076.30878798  -1076.29612243  -1076.29411313  -1076.30044862  -1076.31697705  -1076.34591830  -1076.34881019 
max(|Fr_perp|)   :   0.00000000    0.00214860    0.00594307    0.00734063    0.01086764    0.00934508    0.00577665    0.02274823    0.00917528    0.00000000 
Fr_paral         :   0.00000000    0.00007319   -0.00439529   -0.02776277   -0.01124337    0.00289532    0.01906497    0.02903929    0.00423158    0.00000000 
max(|Fsp_paral|) :   0.00000000    0.00099039    0.00760375    0.00675912    0.00267905    0.00030391    0.00591182    0.00946747    0.00707655    0.00000000 
max(|Fsp_perp|)  :   0.00000000    0.00000000    0.00000000    0.00000000    0.00000000    0.00000000    0.00000000    0.00000000    0.00000000    0.00000000 
max(|FNEB|)      :   0.00000000    0.00254792    0.00795206    0.00695155    0.01106123    0.00927639    0.00637551    0.02251764    0.00953353    0.00000000 
max(|Force|)     :   0.00173011    0.00212670    0.00588009    0.02005051    0.01058072    0.00941377    0.01170624    0.02300467    0.00908628    0.00133386 
ksp              :   0.01000000    0.01000000    0.04320094    0.09222299    0.10000000    0.10000000    0.07547848    0.01150515    0.01000000 
max(|step|)      :   0.00000000    0.00190663    0.01264971    0.01143148    0.00657033    0.00391749    0.00623903    0.01471556    0.00911931    0.00000000 
angle (deg.)     :    9.7969  18.8807  39.8275  14.4717  22.8828  10.3130  45.6907  13.1608 
>
iteration       : 24
climbing        : yes
zoom on         : no
nim             : 10
barrier         :   0.02320083 (image:  5) 
distance        :   0.00000000    1.99800901    4.34994512    5.38433117    6.00587407    6.64273417    7.29151387    7.99250774   10.97101648   12.72858979 
energy          : -1076.31736593  -1076.31920128  -1076.31787169  -1076.30885568  -1076.29624384  -1076.29416509  -1076.30031445  -1076.31680259  -1076.34590858  -1076.34881019 
max(|Fr_perp|)   :   0.00000000    0.00215886    0.00536711    0.00710944    0.01084516    0.00938293    0.00528763    0.01783169    0.00730276    0.00000000 
Fr_paral         :   0.00000000    0.00009835   -0.00437643   -0.02789269   -0.01151148    0.00274738    0.01882323    0.03004032    0.00436053    0.00000000 
max(|Fsp_paral|) :   0.00000000    0.00105739    0.00739340    0.00649775    0.00262005    0.00043524    0.00569046    0.00836749    0.00791543    0.00000000 
max(|Fsp_perp|)  :   0.00000000    0.00000000    0.00000000    0.00000000    0.00000000    0.00000000    0.00000000    0.00000000    0.00000000    0.00000000 
max(|FNEB|)      :   0.00000000    0.00259538    0.00778813    0.00695796    0.01102471    0.00932096    0.00615264    0.01756432    0.00822284    0.00000000 
max(|Force|)     :   0.00173011    0.00212948    0.00530556    0.02001098    0.01056499    0.00944490    0.01147470    0.02158308    0.00721687    0.00133386 
ksp              :   0.01000000    0.01000000    0.04301269    0.09193621    0.10000000    0.10000000    0.07614561    0.01218527    0.01000000 
max(|step|)      :   0.00000000    0.01371580    0.08770387    0.07703663    0.04502697    0.02725713    0.04363946    0.10000000    0.06928309    0.00000000 
angle (deg.)     :    10.6724  21.1350  44.1907  12.7502  26.4045  10.1305  54.6097  14.1075 
>
iteration       : 25
climbing        : yes
zoom on         : no
nim             : 10
barrier         :   0.02274622 (image:  5) 
distance        :   0.00000000    2.03053268    4.57175298    5.58859002    6.16173406    6.72683852    7.32706086    7.97360965   11.02520752   12.93301907 
energy          : -1076.31736593  -1076.31939231  -1076.31843114  -1076.30936286  -1076.29718447  -1076.29461971  -1076.29944733  -1076.31455623  -1076.34565393  -1076.34881019 
max(|Fr_perp|)   :   0.00000000    0.00149017    0.00332936    0.00568707    0.00427989    0.00397914    0.00255591    0.01482709    0.00423830    0.00000000 
Fr_paral         :   0.00000000    0.00028222   -0.00402793   -0.02851423   -0.01350461    0.00155318    0.01674693    0.03244756    0.00448704    0.00000000 
max(|Fsp_paral|) :   0.00000000    0.00150237    0.00590146    0.00484278    0.00222743    0.00139058    0.00383183    0.00649385    0.01927134    0.00000000 
max(|Fsp_perp|)  :   0.00000000    0.00000000    0.00000000    0.00000000    0.00000000    0.00000000    0.00000000    0.00000000    0.00000000    0.00000000 
max(|FNEB|)      :   0.00000000    0.00171723    0.00815153    0.00605035    0.00447484    0.00403400    0.00261940    0.01530707    0.01999149    0.00000000 
max(|Force|)     :   0.00173011    0.00143309    0.00393953    0.01970937    0.00970497    0.00407401    0.01001815    0.02133257    0.00427854    0.00133386 
ksp              :   0.01000000    0.01000000    0.04166755    0.08985376    0.10000000    0.10000000    0.08089406    0.02119518    0.01000000 
max(|step|)      :   0.00000000    0.00444830    0.02111570    0.01567282    0.01159161    0.01044968    0.00678529    0.03965140    0.05178591    0.00000000 
angle (deg.)     :    11.0542  21.5842  45.0207  12.4644  26.9631  12.0536  56.6790  13.5088 
>
iteration       : 26
climbing        : yes
zoom on         : no
nim             : 10
barrier         :   0.02277118 (image:  5) 
distance        :   0.00000000    2.04405555    4.62059039    5.63008582    6.19815280    6.74979170    7.34339588    8.04223952   10.97194371   12.99733050 
energy          : -1076.31736593  -1076.31942672  -1076.31850444  -1076.30950097  -1076.29721135  -1076.29459475  -1076.29925442  -1076.31435386  -1076.34501152  -1076.34881019 
max(|Fr_perp|)   :   0.00000000    0.00268424    0.00760865    0.00552028    0.00849946    0.00875356    0.00720465    0.04176969    0.01739358    0.00000000 
Fr_paral         :   0.00000000    0.00030737   -0.00410303   -0.02854391   -0.01373652    0.00137422    0.01629965    0.02686949    0.00444184    0.00000000 
max(|Fsp_paral|) :   0.00000000    0.00156342    0.00542407    0.00504780    0.00192393    0.00167917    0.00116453    0.00382847    0.01858604    0.00000000 
max(|Fsp_perp|)  :   0.00000000    0.00000000    0.00000000    0.00000000    0.00000000    0.00000000    0.00000000    0.00000000    0.00000000    0.00000000 
max(|FNEB|)      :   0.00000000    0.00361286    0.00754563    0.00515122    0.00855542    0.00882742    0.00726145    0.04135615    0.01936163    0.00000000 
max(|Force|)     :   0.00173011    0.00268447    0.00763008    0.01959427    0.00945573    0.00867970    0.01008281    0.04011853    0.01739852    0.00133386 
ksp              :   0.01000000    0.01000000    0.04108516    0.08965824    0.10000000    0.10000000    0.08158326    0.02190480    0.01000000 
max(|step|)      :   0.00000000    0.00576745    0.02430408    0.01854978    0.01357804    0.00821114    0.00739866    0.03212359    0.06304407    0.00000000 
angle (deg.)     :    11.3424  22.2560  46.0926  12.0116  27.5966  13.3192  58.9668  12.6914 
>
iteration       : 27
climbing        : yes
zoom on         : no
nim             : 10
barrier         :   0.02270032 (image:  5) 
distance        :   0.00000000    2.06067185    4.67957050    5.68101917    6.24226607    6.77853545    7.36762548    8.12542135   10.90803505   13.07636630 
energy          : -1076.31736593  -1076.31947895  -1076.31865102  -1076.30966090  -1076.29734230  -1076.29466561  -1076.29916471  -1076.31594735  -1076.34448803  -1076.34881019 
max(|Fr_perp|)   :   0.00000000    0.00288980    0.00811372    0.00522501    0.01012139    0.01020172    0.00772658    0.04656716    0.01488396    0.00000000 
Fr_paral         :   0.00000000    0.00032847   -0.00414518   -0.02867361   -0.01410958    0.00115591    0.01595998    0.02584826    0.00467272    0.00000000 
max(|Fsp_paral|) :   0.00000000    0.00162886    0.00493512    0.00513786    0.00161218    0.00214651    0.00165828    0.01015979    0.00926071    0.00000000 
max(|Fsp_perp|)  :   0.00000000    0.00000000    0.00000000    0.00000000    0.00000000    0.00000000    0.00000000    0.00000000    0.00000000    0.00000000 
max(|FNEB|)      :   0.00000000    0.00403730    0.00805689    0.00512878    0.01006267    0.01020913    0.00779382    0.04780724    0.01489580    0.00000000 
max(|Force|)     :   0.00173011    0.00283770    0.00813529    0.01944465    0.01027586    0.01019430    0.01006882    0.04493007    0.01487948    0.00133386 
ksp              :   0.01000000    0.01000000    0.04054812    0.08938771    0.10000000    0.10000000    0.08216238    0.01562421    0.01000000 
max(|step|)      :   0.00000000    0.01453757    0.05594546    0.04482646    0.03279881    0.02105882    0.01385387    0.03529152    0.10000000    0.00000000 
angle (deg.)     :    11.8850  24.3452  48.4081  11.0606  28.8344  13.3049  61.4789  13.2425 
>
iteration       : 28
climbing        : yes
zoom on         : no
nim             : 10
barrier         :   0.02224341 (image:  5) 
distance        :   0.00000000    2.10247604    4.81579024    5.80259346    6.34412495    6.85016464    7.45627223    8.18545928   10.81133721   13.20234881 
energy          : -1076.31736593  -1076.31961942  -1076.31906323  -1076.30988859  -1076.29794790  -1076.29512252  -1076.29960530  -1076.31804248  -1076.34323336  -1076.34881019 
max(|Fr_perp|)   :   0.00000000    0.00228832    0.00442854    0.00441691    0.00356247    0.00292196    0.00397632    0.01464451    0.03461698    0.00000000 
Fr_paral         :   0.00000000    0.00043329   -0.00416811   -0.02881822   -0.01502459    0.00049502    0.01628025    0.03299202    0.00428667    0.00000000 
max(|Fsp_paral|) :   0.00000000    0.00174164    0.00423148    0.00446968    0.00129387    0.00421872    0.00047077    0.01815569    0.00100049    0.00000000 
max(|Fsp_perp|)  :   0.00000000    0.00000000    0.00000000    0.00000000    0.00000000    0.00000000    0.00000000    0.00000000    0.00000000    0.00000000 
max(|FNEB|)      :   0.00000000    0.00236048    0.00575064    0.00478926    0.00378349    0.00290468    0.00412406    0.01592644    0.03551521    0.00000000 
max(|Force|)     :   0.00173011    0.00234055    0.00462853    0.01921737    0.00985614    0.00294448    0.00998495    0.01980882    0.03554155    0.00133386 
ksp              :   0.01000000    0.01000000    0.04025782    0.08856913    0.10000000    0.10000000    0.08186771    0.01000000    0.01000000 
max(|step|)      :   0.00000000    0.00180834    0.00440549    0.00366899    0.00289848    0.00222524    0.00315939    0.01220105    0.02720778    0.00000000 
angle (deg.)     :    11.9279  24.4841  48.5488  11.0204  28.9078  12.8035  61.2386  13.5426 
>
iteration       : 29
climbing        : yes
zoom on         : no
nim             : 10
barrier         :   0.02221207 (image:  5) 
distance        :   0.00000000    2.10714835    4.82714499    5.81266196    6.35224567    6.85678444    7.46454151    8.17021310   10.80857790   13.20125808 
energy          : -1076.31736593  -1076.31963591  -1076.31912135  -1076.30991524  -1076.29798864  -1076.29515385  -1076.29967511  -1076.31749930  -1076.34392182  -1076.34881019 
max(|Fr_perp|)   :   0.00000000    0.00128813    0.00327937    0.00438720    0.00345344    0.00277782    0.00233908    0.00396045    0.01145515    0.00000000 
Fr_paral         :   0.00000000    0.00045698   -0.00418646   -0.02892059   -0.01508989    0.00047108    0.01639716    0.03386869    0.00507500    0.00000000 
max(|Fsp_paral|) :   0.00000000    0.00173917    0.00414209    0.00443184    0.00132336    0.00436262    0.00155200    0.01696059    0.00104318    0.00000000 
max(|Fsp_perp|)  :   0.00000000    0.00000000    0.00000000    0.00000000    0.00000000    0.00000000    0.00000000    0.00000000    0.00000000    0.00000000 
max(|FNEB|)      :   0.00000000    0.00199318    0.00609447    0.00465630    0.00367241    0.00275946    0.00208403    0.01408324    0.01149973    0.00000000 
max(|Force|)     :   0.00173011    0.00120028    0.00351218    0.01920669    0.00978323    0.00279618    0.01003406    0.02089808    0.01137176    0.00133386 
ksp              :   0.01000000    0.01000000    0.04018907    0.08851388    0.10000000    0.10000000    0.08168055    0.01000000    0.01000000 
max(|step|)      :   0.00000000    0.00172086    0.00512020    0.00383812    0.00315834    0.00238735    0.00178177    0.01243697    0.00256825    0.00000000 
angle (deg.)     :    11.9942  24.7164  48.6864  11.0109  29.0004  12.4293  61.1021  14.0216 
>
iteration       : 30
climbing        : yes
zoom on         : no
nim             : 10
barrier         :   0.02218304 (image:  5) 
distance        :   0.00000000    2.11237205    4.83967401    5.82368783    6.36120165    6.86405899    7.47244953    8.15457141   10.80637421   13.20187999 
energy          : -1076.31736593  -1076.31964949  -1076.31915720  -1076.30991698  -1076.29802741  -1076.29518288  -1076.29970163  -1076.31669079  -1076.34393948  -1076.34881019 
max(|Fr_perp|)   :   0.00000000    0.00129689    0.00330386    0.00437697    0.00340709    0.00274488    0.00235514    0.00532145    0.01249927    0.00000000 
Fr_paral         :   0.00000000    0.00046785   -0.00417775   -0.02893138   -0.01514875    0.00042841    0.01641242    0.03396143    0.00511323    0.00000000 
max(|Fsp_paral|) :   0.00000000    0.00174078    0.00409203    0.00433643    0.00134946    0.00446996    0.00254031    0.01188570    0.00416116    0.00000000 
max(|Fsp_perp|)  :   0.00000000    0.00000000    0.00000000    0.00000000    0.00000000    0.00000000    0.00000000    0.00000000    0.00000000    0.00000000 
max(|FNEB|)      :   0.00000000    0.00198797    0.00614996    0.00470809    0.00362496    0.00272874    0.00203031    0.00871975    0.01267406    0.00000000 
max(|Force|)     :   0.00173011    0.00120730    0.00345032    0.01920492    0.00974890    0.00276103    0.01008287    0.02125694    0.01241164    0.00133386 
ksp              :   0.01000000    0.01000000    0.04022153    0.08845934    0.10000000    0.10000000    0.08166675    0.01273911    0.01000000 
max(|step|)      :   0.00000000    0.01571764    0.04745608    0.03544577    0.02870136    0.02173304    0.01599945    0.07633283    0.03919676    0.00000000 
angle (deg.)     :    12.6457  26.9529  49.9643  10.8723  29.9189  9.5977  62.0992  17.5292 
>
iteration       : 31
climbing        : yes
zoom on         : no
nim             : 10
barrier         :   0.02191882 (image:  5) 
distance        :   0.00000000    2.16071600    4.95428700    5.92405510    6.44477789    6.93291617    7.53519685    8.07953393   10.77542877   13.24866062 
energy          : -1076.31736593  -1076.31977598  -1076.31949765  -1076.30997103  -1076.29836739  -1076.29544711  -1076.29974279  -1076.31177856  -1076.34399469  -1076.34881019 
max(|Fr_perp|)   :   0.00000000    0.00130415    0.00347846    0.00409568    0.00329614    0.00281421    0.00249976    0.00436676    0.01188879    0.00000000 
Fr_paral         :   0.00000000    0.00054509   -0.00421460   -0.02906757   -0.01562816    0.00010847    0.01608563    0.03297462    0.00512622    0.00000000 
max(|Fsp_paral|) :   0.00000000    0.00174253    0.00360381    0.00366390    0.00151000    0.00489791    0.00760723    0.02371763    0.02658954    0.00000000 
max(|Fsp_perp|)  :   0.00000000    0.00000000    0.00000000    0.00000000    0.00000000    0.00000000    0.00000000    0.00000000    0.00000000    0.00000000 
max(|FNEB|)      :   0.00000000    0.00211367    0.00587840    0.00417073    0.00349167    0.00281142    0.00629229    0.02703759    0.02736530    0.00000000 
max(|Force|)     :   0.00173011    0.00120392    0.00333503    0.01915734    0.00970222    0.00281701    0.00996829    0.02115762    0.01179204    0.00133386 
ksp              :   0.01000000    0.01000000    0.04036390    0.08800913    0.10000000    0.10000000    0.08236169    0.03294206    0.01000000 
max(|step|)      :   0.00000000    0.01945542    0.05783915    0.04294451    0.03512937    0.02679478    0.01963592    0.06252105    0.06779239    0.00000000 
angle (deg.)     :    13.4309  29.7798  51.6671  10.7112  31.0514  8.6454  67.1441  20.7488 
>
iteration       : 32
climbing        : yes
zoom on         : no
nim             : 10
barrier         :   0.02161059 (image:  5) 
distance        :   0.00000000    2.22059423    5.09456718    6.04843832    6.55151509    7.02370138    7.61226861    8.05745698   10.74019200   13.35527898 
energy          : -1076.31736593  -1076.31992572  -1076.31988721  -1076.31002271  -1076.29875225  -1076.29575533  -1076.29964862  -1076.30810461  -1076.34377197  -1076.34881019 
max(|Fr_perp|)   :   0.00000000    0.00128620    0.00399300    0.00381250    0.00314453    0.00284871    0.00275517    0.00591512    0.00723484    0.00000000 
Fr_paral         :   0.00000000    0.00062826   -0.00422579   -0.02910077   -0.01612576   -0.00027390    0.01529899    0.02864837    0.00575450    0.00000000 
max(|Fsp_paral|) :   0.00000000    0.00172770    0.00335362    0.00293269    0.00165696    0.00503609    0.01058495    0.04914435    0.04227781    0.00000000 
max(|Fsp_perp|)  :   0.00000000    0.00000000    0.00000000    0.00000000    0.00000000    0.00000000    0.00000000    0.00000000    0.00000000    0.00000000 
max(|FNEB|)      :   0.00000000    0.00230741    0.00614902    0.00399005    0.00329927    0.00285165    0.00935438    0.05232392    0.04309959    0.00000000 
max(|Force|)     :   0.00173011    0.00117722    0.00331178    0.01905978    0.00968963    0.00284577    0.00953525    0.01882684    0.00707666    0.00133386 
ksp              :   0.01000000    0.01000000    0.04058173    0.08751898    0.10000000    0.10000000    0.08378594    0.04856988    0.01000000 
max(|step|)      :   0.00000000    0.02717574    0.08061489    0.05975593    0.04892287    0.03737463    0.02742632    0.07836719    0.10000000    0.00000000 
angle (deg.)     :    14.4996  33.9616  54.2556  10.5658  32.6605  19.8748  81.1097  25.0552 
>
iteration       : 33
climbing        : yes
zoom on         : no
nim             : 10
barrier         :   0.02120878 (image:  5) 
distance        :   0.00000000    2.30490975    5.29122748    6.22742235    6.70965549    7.16386625    7.73359297    8.08661252   10.74218587   13.56896068 
energy          : -1076.31736593  -1076.32012528  -1076.32035650  -1076.31003623  -1076.29924766  -1076.29615714  -1076.29946272  -1076.30407260  -1076.34288765  -1076.34881019 
max(|Fr_perp|)   :   0.00000000    0.00149284    0.00530856    0.00496537    0.00312969    0.00305673    0.00404388    0.00972271    0.02047846    0.00000000 
Fr_paral         :   0.00000000    0.00063635   -0.00404326   -0.02883322   -0.01668627   -0.00080395    0.01400047    0.01813877    0.00635861    0.00000000 
max(|Fsp_paral|) :   0.00000000    0.00179020    0.00306016    0.00188702    0.00188240    0.00500127    0.01286062    0.06782494    0.05812293    0.00000000 
max(|Fsp_perp|)  :   0.00000000    0.00000000    0.00000000    0.00000000    0.00000000    0.00000000    0.00000000    0.00000000    0.00000000    0.00000000 
max(|FNEB|)      :   0.00000000    0.00290724    0.00769556    0.00497888    0.00321295    0.00305003    0.01190913    0.07296823    0.05920048    0.00000000 
max(|Force|)     :   0.00173011    0.00162670    0.00477350    0.01888703    0.00981295    0.00306788    0.00883624    0.01484344    0.02086533    0.00133386 
ksp              :   0.01000000    0.01000000    0.04110849    0.08688488    0.10000000    0.10000000    0.08596751    0.06646995    0.01000000 
max(|step|)      :   0.00000000    0.00398426    0.01054645    0.00682336    0.00440321    0.00417994    0.01632098    0.10000000    0.08113186    0.00000000 
angle (deg.)     :    14.7150  34.2503  54.2476  10.2622  32.5524  18.0279  82.3445  20.4761 
>
iteration       : 34
climbing        : yes
zoom on         : no
nim             : 10
barrier         :   0.02117370 (image:  5) 
distance        :   0.00000000    2.31416567    5.30397303    6.23149531    6.71857518    7.17071704    7.71270971    8.25644253   10.67443264   13.68970086 
energy          : -1076.31736593  -1076.32014738  -1076.32038834  -1076.31014191  -1076.29924067  -1076.29619223  -1076.29908304  -1076.30831875  -1076.34143199  -1076.34881019 
max(|Fr_perp|)   :   0.00000000    0.00152611    0.00626498    0.00659957    0.00221427    0.00243561    0.00440874    0.00996582    0.02632801    0.00000000 
Fr_paral         :   0.00000000    0.00081375   -0.00432914   -0.02874182   -0.01653901   -0.00076708    0.01280560    0.02621301    0.00714459    0.00000000 
max(|Fsp_paral|) :   0.00000000    0.00177774    0.00281129    0.00256102    0.00150080    0.00382801    0.00311827    0.03554391    0.03530156    0.00000000 
max(|Fsp_perp|)  :   0.00000000    0.00000000    0.00000000    0.00000000    0.00000000    0.00000000    0.00000000    0.00000000    0.00000000    0.00000000 
max(|FNEB|)      :   0.00000000    0.00215183    0.00650363    0.00669159    0.00224626    0.00242679    0.00443271    0.03815310    0.03737278    0.00000000 
max(|Force|)     :   0.00173011    0.00152686    0.00614115    0.01876828    0.01005718    0.00244443    0.00785795    0.01685086    0.02613112    0.00133386 
ksp              :   0.01000000    0.01000000    0.04070608    0.08704241    0.10000000    0.10000000    0.08771244    0.04845555    0.01000000 
max(|step|)      :   0.00000000    0.00484182    0.01165444    0.01178390    0.00516452    0.00586235    0.00899469    0.10000000    0.09428224    0.00000000 
angle (deg.)     :    14.7850  34.9404  54.1861  10.0217  32.0840  19.7483  84.4296  16.3013 
>
iteration       : 35
climbing        : yes
zoom on         : no
nim             : 10
barrier         :   0.02112007 (image:  5) 
distance        :   0.00000000    2.32980928    5.33069988    6.24725946    6.73915014    7.18905982    7.71742428    8.44998217   10.60592763   13.83528148 
energy          : -1076.31736593  -1076.32017642  -1076.32036304  -1076.31016161  -1076.29924011  -1076.29624586  -1076.29893461  -1076.31430296  -1076.33841425  -1076.34881019 
max(|Fr_perp|)   :   0.00000000    0.00278820    0.00732875    0.00962733    0.00337821    0.00314407    0.00794651    0.00912264    0.05484010    0.00000000 
Fr_paral         :   0.00000000    0.00061284   -0.00436948   -0.02833667   -0.01635653   -0.00072645    0.01211871    0.03021851    0.00719411    0.00000000 
max(|Fsp_paral|) :   0.00000000    0.00176307    0.00265781    0.00309124    0.00110354    0.00332469    0.00570398    0.00794149    0.00727817    0.00000000 
max(|Fsp_perp|)  :   0.00000000    0.00000000    0.00000000    0.00000000    0.00000000    0.00000000    0.00000000    0.00000000    0.00000000    0.00000000 
max(|FNEB|)      :   0.00000000    0.00314053    0.00876393    0.00979917    0.00348261    0.00314243    0.00778766    0.00727946    0.05583333    0.00000000 
max(|Force|)     :   0.00173011    0.00282991    0.00756478    0.01857549    0.00996859    0.00315838    0.00779008    0.01713594    0.05595150    0.00133386 
ksp              :   0.01000000    0.01000000    0.04072090    0.08724092    0.10000000    0.10000000    0.08855829    0.02305781    0.01000000 
max(|step|)      :   0.00000000    0.00187704    0.00523805    0.00585679    0.00208150    0.00187817    0.00465455    0.00435081    0.03337060    0.00000000 
angle (deg.)     :    14.8977  35.1410  54.0408  9.8861  31.8746  19.2245  83.6497  16.7026 
>
iteration       : 36
climbing        : yes
zoom on         : no
nim             : 10
barrier         :   0.02109735 (image:  5) 
distance        :   0.00000000    2.33378473    5.33519885    6.24909957    6.74107371    7.19087933    7.72605366    8.44406978   10.58378742   13.82453077 
energy          : -1076.31736593  -1076.32019451  -1076.32054052  -1076.31033744  -1076.29926143  -1076.29626857  -1076.29913349  -1076.31433404  -1076.34061576  -1076.34881019 
max(|Fr_perp|)   :   0.00000000    0.00105417    0.00371170    0.00312619    0.00260182    0.00274789    0.00288768    0.00760729    0.00785841    0.00000000 
Fr_paral         :   0.00000000    0.00073348   -0.00437091   -0.02890931   -0.01636428   -0.00073312    0.01268851    0.03087983    0.00801511    0.00000000 
max(|Fsp_paral|) :   0.00000000    0.00175591    0.00235337    0.00352602    0.00109590    0.00364275    0.00452742    0.00730213    0.00694256    0.00000000 
max(|Fsp_perp|)  :   0.00000000    0.00000000    0.00000000    0.00000000    0.00000000    0.00000000    0.00000000    0.00000000    0.00000000    0.00000000 
max(|FNEB|)      :   0.00000000    0.00244916    0.00484711    0.00282171    0.00269338    0.00273976    0.00636313    0.00611939    0.00942660    0.00000000 
max(|Force|)     :   0.00173011    0.00120566    0.00323925    0.01859077    0.00993184    0.00275601    0.00783758    0.01830643    0.00906310    0.00133386 
ksp              :   0.01000000    0.01000000    0.03998310    0.08723267    0.10000000    0.10000000    0.08777845    0.02293383    0.01000000 
max(|step|)      :   0.00000000    0.00175488    0.00355938    0.00211307    0.00193218    0.00193339    0.00450548    0.00431078    0.00655857    0.00000000 
angle (deg.)     :    14.9672  35.4064  53.8920  9.8703  31.6758  18.7402  82.7818  17.1512 
>
iteration       : 37
climbing        : yes
zoom on         : no
nim             : 10
barrier         :   0.02108031 (image:  5) 
distance        :   0.00000000    2.33837806    5.34135221    6.25339922    6.74494568    7.19465378    7.73648032    8.43985502   10.56095066   13.81503827 
energy          : -1076.31736593  -1076.32020500  -1076.32056457  -1076.31032809  -1076.29927181  -1076.29628562  -1076.29926355  -1076.31428602  -1076.34065887  -1076.34881019 
max(|Fr_perp|)   :   0.00000000    0.00105339    0.00312299    0.00314194    0.00241644    0.00264812    0.00277292    0.00625233    0.00701794    0.00000000 
Fr_paral         :   0.00000000    0.00076643   -0.00437242   -0.02891035   -0.01634489   -0.00073136    0.01301064    0.03143035    0.00779260    0.00000000 
max(|Fsp_paral|) :   0.00000000    0.00174852    0.00234820    0.00351844    0.00110514    0.00395123    0.00344121    0.00642620    0.00687515    0.00000000 
max(|Fsp_perp|)  :   0.00000000    0.00000000    0.00000000    0.00000000    0.00000000    0.00000000    0.00000000    0.00000000    0.00000000    0.00000000 
max(|FNEB|)      :   0.00000000    0.00227390    0.00424896    0.00238336    0.00250820    0.00264006    0.00536091    0.00570070    0.00918589    0.00000000 
max(|Force|)     :   0.00173011    0.00104156    0.00322557    0.01861297    0.00990593    0.00265617    0.00806592    0.01926409    0.00800210    0.00133386 
ksp              :   0.01000000    0.01000000    0.04004723    0.08725080    0.10000000    0.10000000    0.08728606    0.02314929    0.01000000 
max(|step|)      :   0.00000000    0.01862690    0.03608345    0.02086249    0.02057478    0.02118259    0.04339868    0.04568212    0.07240304    0.00000000 
angle (deg.)     :    15.5858  38.4889  52.3497  9.7252  30.0754  16.9440  72.4098  22.5919 
>
iteration       : 38
climbing        : yes
zoom on         : no
nim             : 10
barrier         :   0.02089010 (image:  5) 
distance        :   0.00000000    2.39027136    5.41460634    6.30759743    6.79475559    7.24346210    7.84771457    8.42126422   10.34524193   13.74792012 
energy          : -1076.31736593  -1076.32032268  -1076.32082091  -1076.31024271  -1076.29938724  -1076.29647583  -1076.30062131  -1076.31294565  -1076.34016867  -1076.34881019 
max(|Fr_perp|)   :   0.00000000    0.00104185    0.00301535    0.00324292    0.00233070    0.00259532    0.00271172    0.00899595    0.02196683    0.00000000 
Fr_paral         :   0.00000000    0.00082691   -0.00434949   -0.02888211   -0.01611846   -0.00067703    0.01604495    0.03260345    0.00438074    0.00000000 
max(|Fsp_paral|) :   0.00000000    0.00167028    0.00226485    0.00346380    0.00119293    0.00693895    0.00645563    0.00452867    0.00866016    0.00000000 
max(|Fsp_perp|)  :   0.00000000    0.00000000    0.00000000    0.00000000    0.00000000    0.00000000    0.00000000    0.00000000    0.00000000    0.00000000 
max(|FNEB|)      :   0.00000000    0.00219474    0.00376699    0.00283865    0.00242783    0.00258867    0.00485097    0.01369975    0.02278493    0.00000000 
max(|Force|)     :   0.00173011    0.00102056    0.00315396    0.01871854    0.00975389    0.00260197    0.01011487    0.02583576    0.02188325    0.00133386 
ksp              :   0.01000000    0.01000000    0.04068869    0.08745688    0.10000000    0.10000000    0.08214020    0.02904369    0.01000000 
max(|step|)      :   0.00000000    0.02341091    0.04546110    0.02683302    0.02586330    0.02627819    0.02644113    0.04678089    0.08953942    0.00000000 
angle (deg.)     :    16.3926  42.3774  50.6698  9.7551  29.2354  18.1050  61.0267  27.6119 
>
iteration       : 39
climbing        : yes
zoom on         : no
nim             : 10
barrier         :   0.02067644 (image:  5) 
distance        :   0.00000000    2.45326406    5.50280524    6.37575398    6.85885732    7.30651041    7.93744625    8.47849370   10.15491492   13.74499628 
energy          : -1076.31736593  -1076.32045213  -1076.32092399  -1076.30989841  -1076.29950377  -1076.29668948  -1076.30139011  -1076.31332698  -1076.33953646  -1076.34881019 
max(|Fr_perp|)   :   0.00000000    0.00366882    0.01026393    0.01383181    0.00374643    0.00247649    0.00975910    0.00842071    0.02032973    0.00000000 
Fr_paral         :   0.00000000    0.00100286   -0.00451121   -0.02780668   -0.01580019   -0.00056445    0.01738242    0.03236637    0.00373159    0.00000000 
max(|Fsp_paral|) :   0.00000000    0.00157448    0.00256869    0.00291732    0.00123752    0.00826812    0.00980615    0.00169659    0.00386050    0.00000000 
max(|Fsp_perp|)  :   0.00000000    0.00000000    0.00000000    0.00000000    0.00000000    0.00000000    0.00000000    0.00000000    0.00000000    0.00000000 
max(|FNEB|)      :   0.00000000    0.00368564    0.01042341    0.01397319    0.00377312    0.00247351    0.00979596    0.00924657    0.02050985    0.00000000 
max(|Force|)     :   0.00173011    0.00366924    0.01016417    0.01870869    0.00975824    0.00247947    0.01132950    0.02447644    0.02027166    0.00133386 
ksp              :   0.01000000    0.01000000    0.04250444    0.08775002    0.10000000    0.10000000    0.07953921    0.02758062    0.01000000 
max(|step|)      :   0.00000000    0.02255008    0.04319605    0.02459669    0.02492353    0.02561782    0.02575132    0.04271781    0.07972887    0.00000000 
angle (deg.)     :    17.1120  46.0774  49.2426  9.4557  28.7779  19.6377  50.8348  32.9052 
>
iteration       : 40
climbing        : yes
zoom on         : no
nim             : 10
barrier         :   0.02045007 (image:  5) 
distance        :   0.00000000    2.51501842    5.59275130    6.44676204    6.92820995    7.37500626    8.00962153    8.55826285   10.02126582   13.77887115 
energy          : -1076.31736593  -1076.32060636  -1076.32134811  -1076.31017405  -1076.29965234  -1076.29691586  -1076.30196324  -1076.31448417  -1076.33953948  -1076.34881019 
max(|Fr_perp|)   :   0.00000000    0.00103260    0.00724206    0.00514397    0.00232828    0.00236119    0.00255907    0.00777569    0.00710025    0.00000000 
Fr_paral         :   0.00000000    0.00099493   -0.00439251   -0.02861934   -0.01557897   -0.00043313    0.01840459    0.03269600    0.00445131    0.00000000 
max(|Fsp_paral|) :   0.00000000    0.00148713    0.00190025    0.00374172    0.00120638    0.00851729    0.01023369    0.00508790    0.00151993    0.00000000 
max(|Fsp_perp|)  :   0.00000000    0.00000000    0.00000000    0.00000000    0.00000000    0.00000000    0.00000000    0.00000000    0.00000000    0.00000000 
max(|FNEB|)      :   0.00000000    0.00196623    0.00738445    0.00523497    0.00235375    0.00235770    0.00869970    0.00756375    0.00701135    0.00000000 
max(|Force|)     :   0.00173011    0.00119637    0.00712224    0.01860620    0.00960497    0.00236468    0.01162094    0.02380753    0.00700593    0.00133386 
ksp              :   0.01000000    0.01000000    0.04165116    0.08795685    0.10000000    0.10000000    0.07778665    0.02268248    0.01000000 
max(|step|)      :   0.00000000    0.01728771    0.03115145    0.01852293    0.01914557    0.01964572    0.01973595    0.02554483    0.03776730    0.00000000 
angle (deg.)     :    17.5469  49.1098  48.1798  9.3624  28.8281  16.0043  47.1593  36.2779 
>
iteration       : 41
climbing        : yes
zoom on         : no
nim             : 10
barrier         :   0.02029172 (image:  5) 
distance        :   0.00000000    2.56112157    5.66053007    6.50657021    6.98443687    7.43086171    8.02684124    8.61185908    9.98923831   13.82435143 
energy          : -1076.31736593  -1076.32071004  -1076.32155520  -1076.31015543  -1076.29975720  -1076.29707420  -1076.30151014  -1076.31545914  -1076.33972715  -1076.34881019 
max(|Fr_perp|)   :   0.00000000    0.00221652    0.00648105    0.00335945    0.00284137    0.00276824    0.00332165    0.00543847    0.00706396    0.00000000 
Fr_paral         :   0.00000000    0.00084333   -0.00498108   -0.02866608   -0.01542852   -0.00032963    0.01719287    0.03422452    0.00677217    0.00000000 
max(|Fsp_paral|) :   0.00000000    0.00142242    0.00182839    0.00363452    0.00130691    0.00669794    0.00622649    0.01182204    0.00423642    0.00000000 
max(|Fsp_perp|)  :   0.00000000    0.00000000    0.00000000    0.00000000    0.00000000    0.00000000    0.00000000    0.00000000    0.00000000    0.00000000 
max(|FNEB|)      :   0.00000000    0.00272068    0.00637053    0.00311452    0.00295636    0.00276574    0.00510440    0.00908031    0.00681089    0.00000000 
max(|Force|)     :   0.00173011    0.00221720    0.00658962    0.01857943    0.00967158    0.00277074    0.01055341    0.02112910    0.00693168    0.00133386 
ksp              :   0.01000000    0.01000000    0.04198074    0.08810010    0.10000000    0.10000000    0.08032527    0.01845717    0.01000000 
max(|step|)      :   0.00000000    0.01428407    0.02623936    0.01543843    0.01574561    0.01584183    0.01972741    0.01613043    0.02026548    0.00000000 
angle (deg.)     :    18.0221  51.2590  47.3809  9.2844  28.9220  13.7700  46.1729  39.4086 
>
iteration       : 42
climbing        : yes
zoom on         : no
nim             : 10
barrier         :   0.02016440 (image:  5) 
distance        :   0.00000000    2.59694225    5.71058354    6.55242502    7.02685234    7.47285640    8.03143373    8.63377271    9.99969524   13.87130506 
energy          : -1076.31736593  -1076.32079721  -1076.32178151  -1076.31008537  -1076.29984375  -1076.29720153  -1076.30103261  -1076.31505881  -1076.33988026  -1076.34881019 
max(|Fr_perp|)   :   0.00000000    0.00172995    0.00407441    0.00374919    0.00272177    0.00269205    0.00359960    0.00404811    0.00746791    0.00000000 
Fr_paral         :   0.00000000    0.00088574   -0.00500014   -0.02854878   -0.01531859   -0.00026334    0.01580986    0.03352328    0.00717880    0.00000000 
max(|Fsp_paral|) :   0.00000000    0.00136667    0.00189497    0.00335055    0.00141008    0.00496944    0.00292852    0.01221681    0.00367115    0.00000000 
max(|Fsp_perp|)  :   0.00000000    0.00000000    0.00000000    0.00000000    0.00000000    0.00000000    0.00000000    0.00000000    0.00000000    0.00000000 
max(|FNEB|)      :   0.00000000    0.00270596    0.00472852    0.00373802    0.00283920    0.00269004    0.00362068    0.01031929    0.00815140    0.00000000 
max(|Force|)     :   0.00173011    0.00173686    0.00342970    0.01855533    0.00964595    0.00269407    0.00940013    0.01997874    0.00791324    0.00133386 
ksp              :   0.01000000    0.01000000    0.04249541    0.08820695    0.10000000    0.10000000    0.08290065    0.02029740    0.01000000 
max(|step|)      :   0.00000000    0.03662150    0.06662093    0.03949449    0.04017459    0.04066649    0.04091816    0.04704574    0.06482809    0.00000000 
angle (deg.)     :    19.1518  57.2087  45.8081  9.1409  28.7437  14.6166  40.8929  49.5868 
>
iteration       : 43
climbing        : yes
zoom on         : no
nim             : 10
barrier         :   0.01985665 (image:  5) 
distance        :   0.00000000    2.69070325    5.84409639    6.68064999    7.14764363    7.59233790    8.09781259    8.69855808   10.02716966   14.02381623 
energy          : -1076.31736593  -1076.32101232  -1076.32216669  -1076.30991969  -1076.30003791  -1076.29750928  -1076.30061141  -1076.31337029  -1076.33992807  -1076.34881019 
max(|Fr_perp|)   :   0.00000000    0.00242057    0.00420206    0.00627912    0.00282085    0.00276898    0.00528618    0.00698826    0.01084862    0.00000000 
Fr_paral         :   0.00000000    0.00083772   -0.00531195   -0.02824471   -0.01499298   -0.00009305    0.01399828    0.03115953    0.00625377    0.00000000 
max(|Fsp_paral|) :   0.00000000    0.00122591    0.00214610    0.00261432    0.00158291    0.00262507    0.00053585    0.00774718    0.00097542    0.00000000 
max(|Fsp_perp|)  :   0.00000000    0.00000000    0.00000000    0.00000000    0.00000000    0.00000000    0.00000000    0.00000000    0.00000000    0.00000000 
max(|FNEB|)      :   0.00000000    0.00325746    0.00481405    0.00627004    0.00294664    0.00276830    0.00521477    0.00839585    0.01086348    0.00000000 
max(|Force|)     :   0.00173011    0.00241900    0.00420772    0.01850022    0.00950652    0.00276966    0.00801100    0.01944399    0.01090587    0.00133386 
ksp              :   0.01000000    0.01000000    0.04374995    0.08853902    0.10000000    0.10000000    0.08593964    0.02811015    0.01000000 
max(|step|)      :   0.00000000    0.05464397    0.09702360    0.05764452    0.05856650    0.05928357    0.05960811    0.06959541    0.10000000    0.00000000 
angle (deg.)     :    20.7363  65.7559  44.9675  9.0067  28.2172  18.1795  37.9700  64.6605 
>
iteration       : 44
climbing        : yes
zoom on         : no
nim             : 10
barrier         :   0.01944414 (image:  5) 
distance        :   0.00000000    2.82693928    6.03995237    6.88056870    7.34091757    7.78344823    8.23691788    8.83214804   10.13292784   14.33060924 
energy          : -1076.31736593  -1076.32132218  -1076.32265703  -1076.30985739  -1076.30028761  -1076.29792179  -1076.30043005  -1076.31176186  -1076.33979322  -1076.34881019 
max(|Fr_perp|)   :   0.00000000    0.00431970    0.00704933    0.00465627    0.00355134    0.00298263    0.00706562    0.01114243    0.01160882    0.00000000 
Fr_paral         :   0.00000000    0.00099348   -0.00567174   -0.02803856   -0.01449938    0.00012179    0.01239053    0.02820432    0.00472860    0.00000000 
max(|Fsp_paral|) :   0.00000000    0.00102660    0.00244277    0.00184884    0.00162251    0.00046974    0.00360842    0.00306737    0.00196516    0.00000000 
max(|Fsp_perp|)  :   0.00000000    0.00000000    0.00000000    0.00000000    0.00000000    0.00000000    0.00000000    0.00000000    0.00000000    0.00000000 
max(|FNEB|)      :   0.00000000    0.00444409    0.00743417    0.00477912    0.00354020    0.00308194    0.00735935    0.01158121    0.01196030    0.00000000 
max(|Force|)     :   0.00173011    0.00446152    0.00710853    0.01838706    0.00935913    0.00308393    0.00735713    0.01898547    0.01200351    0.00133386 
ksp              :   0.01000000    0.01000000    0.04477671    0.08905051    0.10000000    0.10000000    0.08842027    0.03600700    0.01000000 
max(|step|)      :   0.00000000    0.00402655    0.00673570    0.00433010    0.00320758    0.00279238    0.00666790    0.01049310    0.01083657    0.00000000 
angle (deg.)     :    20.8391  65.8719  45.0250  8.9148  28.0047  17.0086  37.0182  64.2468 
>
iteration       : 45
climbing        : yes
zoom on         : no
nim             : 10
barrier         :   0.01942179 (image:  5) 
distance        :   0.00000000    2.83041418    6.04553741    6.88245610    7.34486763    7.78693717    8.24823598    8.83327421   10.12718009   14.32574340 
energy          : -1076.31736593  -1076.32134604  -1076.32271410  -1076.30997893  -1076.30030911  -1076.29794414  -1076.30061883  -1076.31218074  -1076.33997829  -1076.34881019 
max(|Fr_perp|)   :   0.00000000    0.00209393    0.00359747    0.00355377    0.00209752    0.00219127    0.00363617    0.00632862    0.00609223    0.00000000 
Fr_paral         :   0.00000000    0.00116339   -0.00529874   -0.02817649   -0.01450641    0.00011852    0.01294204    0.02986067    0.00491610    0.00000000 
max(|Fsp_paral|) :   0.00000000    0.00102381    0.00215983    0.00228653    0.00151367    0.00081939    0.00254694    0.00386610    0.00081901    0.00000000 
max(|Fsp_perp|)  :   0.00000000    0.00000000    0.00000000    0.00000000    0.00000000    0.00000000    0.00000000    0.00000000    0.00000000    0.00000000 
max(|FNEB|)      :   0.00000000    0.00217447    0.00349066    0.00216747    0.00223325    0.00219206    0.00353284    0.00639481    0.00614524    0.00000000 
max(|Force|)     :   0.00173011    0.00209493    0.00374325    0.01837946    0.00930368    0.00219047    0.00721432    0.01914177    0.00598395    0.00133386 
ksp              :   0.01000000    0.01000000    0.04423111    0.08904080    0.10000000    0.10000000    0.08760557    0.03402799    0.01000000 
max(|step|)      :   0.00000000    0.00212197    0.00291002    0.00205145    0.00210475    0.00203100    0.00330246    0.00622280    0.00250819    0.00000000 
angle (deg.)     :    20.9039  65.9874  45.0713  8.8797  27.8343  16.1707  36.4119  63.8525 
>
iteration       : 46
climbing        : yes
zoom on         : no
nim             : 10
barrier         :   0.01940674 (image:  5) 
distance        :   0.00000000    2.83385178    6.05179819    6.88613894    7.34996891    7.79170500    8.25955940    8.83523377   10.12621918   14.32464451 
energy          : -1076.31736593  -1076.32135916  -1076.32272074  -1076.31004326  -1076.30032301  -1076.29795919  -1076.30074379  -1076.31238258  -1076.34003955  -1076.34881019 
max(|Fr_perp|)   :   0.00000000    0.00157111    0.00263052    0.00351941    0.00207793    0.00217353    0.00262864    0.00475053    0.00484434    0.00000000 
Fr_paral         :   0.00000000    0.00117675   -0.00532311   -0.02818084   -0.01451581    0.00011365    0.01326162    0.03089026    0.00513232    0.00000000 
max(|Fsp_paral|) :   0.00000000    0.00102227    0.00199904    0.00254370    0.00143547    0.00111942    0.00166178    0.00397625    0.00030214    0.00000000 
max(|Fsp_perp|)  :   0.00000000    0.00000000    0.00000000    0.00000000    0.00000000    0.00000000    0.00000000    0.00000000    0.00000000    0.00000000 
max(|FNEB|)      :   0.00000000    0.00213331    0.00286860    0.00203836    0.00221277    0.00217429    0.00277077    0.00465741    0.00486667    0.00000000 
max(|Force|)     :   0.00173011    0.00157226    0.00296879    0.01836312    0.00929332    0.00217277    0.00746146    0.01953003    0.00474371    0.00133386 
ksp              :   0.01000000    0.01000000    0.04395934    0.08903764    0.10000000    0.10000000    0.08708621    0.03311057    0.01000000 
max(|step|)      :   0.00000000    0.01724803    0.02321139    0.01695550    0.01753369    0.01703005    0.01932642    0.03121460    0.01582567    0.00000000 
angle (deg.)     :    21.3907  67.0881  45.2719  8.7193  26.9275  14.9781  38.0080  61.2453 
>
iteration       : 47
climbing        : yes
zoom on         : no
nim             : 10
barrier         :   0.01928880 (image:  5) 
distance        :   0.00000000    2.86327153    6.10399483    6.92546001    7.39400469    7.83474735    8.33963643    8.86072999   10.16719487   14.35861706 
energy          : -1076.31736593  -1076.32145838  -1076.32273209  -1076.31036194  -1076.30045286  -1076.29807713  -1076.30146058  -1076.31213570  -1076.34023079  -1076.34881019 
max(|Fr_perp|)   :   0.00000000    0.00205897    0.00464556    0.00341109    0.00238916    0.00238074    0.00345662    0.00647956    0.00535686    0.00000000 
Fr_paral         :   0.00000000    0.00101911   -0.00598587   -0.02805591   -0.01462896    0.00007387    0.01479392    0.03210731    0.00483292    0.00000000 
max(|Fsp_paral|) :   0.00000000    0.00100450    0.00119429    0.00363933    0.00120911    0.00282943    0.00322964    0.00058474    0.00118241    0.00000000 
max(|Fsp_perp|)  :   0.00000000    0.00000000    0.00000000    0.00000000    0.00000000    0.00000000    0.00000000    0.00000000    0.00000000    0.00000000 
max(|FNEB|)      :   0.00000000    0.00298331    0.00458334    0.00298736    0.00252077    0.00238126    0.00349998    0.00635383    0.00543913    0.00000000 
max(|Force|)     :   0.00173011    0.00230569    0.00475974    0.01828249    0.00946133    0.00238023    0.00897684    0.02099219    0.00523955    0.00133386 
ksp              :   0.01000000    0.01000000    0.04268002    0.08891502    0.10000000    0.10000000    0.08421307    0.03440381    0.01000000 
max(|step|)      :   0.00000000    0.01380847    0.01780365    0.01324798    0.01301171    0.01250571    0.01249335    0.01343790    0.00997937    0.00000000 
angle (deg.)     :    21.8256  67.7893  45.3351  8.6077  26.6484  15.6542  41.7896  59.7321 
>
iteration       : 48
climbing        : yes
zoom on         : no
nim             : 10
barrier         :   0.01920945 (image:  5) 
distance        :   0.00000000    2.88422129    6.13625812    6.95343781    7.42122630    7.86212319    8.37715871    8.89719521   10.20165414   14.39168915 
energy          : -1076.31736593  -1076.32152658  -1076.32273484  -1076.31046202  -1076.30054905  -1076.29815647  -1076.30168023  -1076.31223243  -1076.34020386  -1076.34881019 
max(|Fr_perp|)   :   0.00000000    0.00234896    0.00628700    0.00434051    0.00250666    0.00197862    0.00678952    0.01446618    0.01135458    0.00000000 
Fr_paral         :   0.00000000    0.00140934   -0.00519591   -0.02793677   -0.01475876    0.00004202    0.01508291    0.03176136    0.00581818    0.00000000 
max(|Fsp_paral|) :   0.00000000    0.00098059    0.00094579    0.00381753    0.00128485    0.00329964    0.00392307    0.00055154    0.00097667    0.00000000 
max(|Fsp_perp|)  :   0.00000000    0.00000000    0.00000000    0.00000000    0.00000000    0.00000000    0.00000000    0.00000000    0.00000000    0.00000000 
max(|FNEB|)      :   0.00000000    0.00233262    0.00633958    0.00444021    0.00253566    0.00197868    0.00683581    0.01457489    0.01117092    0.00000000 
max(|Force|)     :   0.00173011    0.00234648    0.00618224    0.01824238    0.00933804    0.00197856    0.00947663    0.02156870    0.01179964    0.00133386 
ksp              :   0.01000000    0.01000000    0.04234615    0.08879033    0.10000000    0.10000000    0.08349054    0.03405142    0.01000000 
max(|step|)      :   0.00000000    0.00071135    0.00248195    0.00186058    0.00099255    0.00076928    0.00240645    0.00519787    0.00443904    0.00000000 
angle (deg.)     :    21.8165  67.8362  45.3037  8.5849  26.6846  14.4407  41.6438  59.7102 
>
iteration       : 49
climbing        : yes
zoom on         : no
nim             : 10
barrier         :   0.01920002 (image:  5) 
distance        :   0.00000000    2.88545415    6.13818631    6.95705170    7.42349727    7.86463035    8.37516721    8.90158648   10.20259409   14.39272091 
energy          : -1076.31736593  -1076.32153516  -1076.32281656  -1076.31046376  -1076.30056459  -1076.29816590  -1076.30165274  -1076.31261307  -1076.34030120  -1076.34881019 
max(|Fr_perp|)   :   0.00000000    0.00120338    0.00300955    0.00343416    0.00194208    0.00205427    0.00294875    0.00596699    0.00445423    0.00000000 
Fr_paral         :   0.00000000    0.00129869   -0.00545459   -0.02802965   -0.01478401    0.00004599    0.01504500    0.03258960    0.00593144    0.00000000 
max(|Fsp_paral|) :   0.00000000    0.00097874    0.00097546    0.00369949    0.00136453    0.00308569    0.00340660    0.00112938    0.00003639    0.00000000 
max(|Fsp_perp|)  :   0.00000000    0.00000000    0.00000000    0.00000000    0.00000000    0.00000000    0.00000000    0.00000000    0.00000000    0.00000000 
max(|FNEB|)      :   0.00000000    0.00200099    0.00310605    0.00207702    0.00204526    0.00205462    0.00297253    0.00607250    0.00445431    0.00000000 
max(|Force|)     :   0.00173011    0.00140888    0.00301820    0.01825320    0.00937682    0.00205392    0.00924646    0.02124141    0.00492830    0.00133386 
ksp              :   0.01000000    0.01000000    0.04235387    0.08875617    0.10000000    0.10000000    0.08365546    0.03227900    0.01000000 
max(|step|)      :   0.00000000    0.01222401    0.01520104    0.01179032    0.01196676    0.01171745    0.01170974    0.00975439    0.00996418    0.00000000 
angle (deg.)     :    22.1272  68.5579  45.3134  8.4938  26.5920  13.3307  44.5892  58.6404 
>
iteration       : 50
climbing        : yes
zoom on         : no
nim             : 10
barrier         :   0.01911936 (image:  5) 
distance        :   0.00000000    2.90572221    6.17011542    6.99048829    7.45322354    7.89484687    8.40251950    8.94208694   10.24142105   14.42905424 
energy          : -1076.31736593  -1076.32160588  -1076.32289113  -1076.31048694  -1076.30066656  -1076.29824657  -1076.30169168  -1076.31316151  -1076.34037143  -1076.34881019 
max(|Fr_perp|)   :   0.00000000    0.00162528    0.00268786    0.00348129    0.00210912    0.00218998    0.00231868    0.00304815    0.00259836    0.00000000 
Fr_paral         :   0.00000000    0.00119086   -0.00581799   -0.02795747   -0.01491844    0.00002103    0.01493468    0.03316487    0.00634012    0.00000000 
max(|Fsp_paral|) :   0.00000000    0.00095567    0.00096624    0.00342897    0.00159240    0.00294410    0.00268818    0.00360075    0.00121569    0.00000000 
max(|Fsp_perp|)  :   0.00000000    0.00000000    0.00000000    0.00000000    0.00000000    0.00000000    0.00000000    0.00000000    0.00000000    0.00000000 
max(|FNEB|)      :   0.00000000    0.00252363    0.00290005    0.00236491    0.00223950    0.00219015    0.00220020    0.00253959    0.00251694    0.00000000 
max(|Force|)     :   0.00173011    0.00192024    0.00303864    0.01824706    0.00948617    0.00218982    0.00909929    0.02079955    0.00311123    0.00133386 
ksp              :   0.01000000    0.01000000    0.04238123    0.08860842    0.10000000    0.10000000    0.08378293    0.02979133    0.01000000 
max(|step|)      :   0.00000000    0.03154585    0.03929839    0.03028246    0.03049333    0.02977682    0.02975888    0.02317744    0.02512653    0.00000000 
angle (deg.)     :    22.9809  70.3346  45.5267  8.3013  26.3251  15.8172  52.3648  56.2449 
>
iteration       : 51
climbing        : yes
zoom on         : no
nim             : 10
barrier         :   0.01892514 (image:  5) 
distance        :   0.00000000    2.95714436    6.25089132    7.07236359    7.52909496    7.97111916    8.48035313    9.04666241   10.35243238   14.53322781 
energy          : -1076.31736593  -1076.32178059  -1076.32299617  -1076.31059969  -1076.30089926  -1076.29844079  -1076.30189591  -1076.31392039  -1076.34042519  -1076.34881019 
max(|Fr_perp|)   :   0.00000000    0.00221028    0.00436933    0.00357910    0.00216776    0.00224054    0.00381453    0.00850249    0.00798913    0.00000000 
Fr_paral         :   0.00000000    0.00112286   -0.00618041   -0.02773367   -0.01519827   -0.00002984    0.01490731    0.03270239    0.00694259    0.00000000 
max(|Fsp_paral|) :   0.00000000    0.00089733    0.00078868    0.00312069    0.00195951    0.00302368    0.00171896    0.00702717    0.00275988    0.00000000 
max(|Fsp_perp|)  :   0.00000000    0.00000000    0.00000000    0.00000000    0.00000000    0.00000000    0.00000000    0.00000000    0.00000000    0.00000000 
max(|FNEB|)      :   0.00000000    0.00307500    0.00437889    0.00313733    0.00229470    0.00224027    0.00381853    0.00850236    0.00774879    0.00000000 
max(|Force|)     :   0.00173011    0.00249554    0.00437509    0.01820456    0.00967540    0.00224080    0.00916856    0.02043119    0.00775890    0.00133386 
ksp              :   0.01000000    0.01000000    0.04217740    0.08830856    0.10000000    0.10000000    0.08356888    0.02638551    0.01000000 
max(|step|)      :   0.00000000    0.05500481    0.06640308    0.05163796    0.05181116    0.05074254    0.05073373    0.02649397    0.04314467    0.00000000 
angle (deg.)     :    24.4596  73.1777  46.2760  8.0060  26.1261  22.0683  62.3271  53.9100 
>
iteration       : 52
climbing        : yes
zoom on         : no
nim             : 10
barrier         :   0.01860963 (image:  5) 
distance        :   0.00000000    3.04512926    6.38715939    7.21299352    7.66329208    8.10430545    8.61816099    9.22798639   10.55816981   14.72383665 
energy          : -1076.31736593  -1076.32208346  -1076.32317665  -1076.31083828  -1076.30124898  -1076.29875630  -1076.30227817  -1076.31483390  -1076.34057639  -1076.34881019 
max(|Fr_perp|)   :   0.00000000    0.00248708    0.00619694    0.00444673    0.00232068    0.00210712    0.00561944    0.01250844    0.00784296    0.00000000 
Fr_paral         :   0.00000000    0.00115642   -0.00654636   -0.02735526   -0.01554238   -0.00011234    0.01504193    0.03078826    0.00732212    0.00000000 
max(|Fsp_paral|) :   0.00000000    0.00079248    0.00042755    0.00288666    0.00229363    0.00332181    0.00037237    0.01105995    0.00439428    0.00000000 
max(|Fsp_perp|)  :   0.00000000    0.00000000    0.00000000    0.00000000    0.00000000    0.00000000    0.00000000    0.00000000    0.00000000    0.00000000 
max(|FNEB|)      :   0.00000000    0.00328195    0.00617096    0.00442335    0.00235261    0.00210598    0.00557717    0.01255557    0.00744020    0.00000000 
max(|Force|)     :   0.00173011    0.00279327    0.00630532    0.01802745    0.00992260    0.00210826    0.00929899    0.02027096    0.00759472    0.00133386 
ksp              :   0.01000000    0.01000000    0.04156905    0.08794487    0.10000000    0.10000000    0.08296752    0.02224542    0.01000000 
max(|step|)      :   0.00000000    0.08523966    0.10000000    0.07891001    0.07896412    0.07764535    0.07766114    0.05216039    0.06725918    0.00000000 
angle (deg.)     :    26.7618  77.2179  47.8706  7.7098  26.1819  29.1748  71.8600  53.0541 
>
iteration       : 53
climbing        : yes
zoom on         : no
nim             : 10
barrier         :   0.01816955 (image:  5) 
distance        :   0.00000000    3.18173193    6.59650448    7.43703599    7.88020928    8.31843877    8.84138820    9.50719128   10.88929782   15.02513114 
energy          : -1076.31736593  -1076.32254312  -1076.32341770  -1076.31119516  -1076.30170263  -1076.29919637  -1076.30283683  -1076.31596103  -1076.34055281  -1076.34881019 
max(|Fr_perp|)   :   0.00000000    0.00423980    0.00937834    0.00596332    0.00449695    0.00391636    0.00705417    0.01214609    0.02283678    0.00000000 
Fr_paral         :   0.00000000    0.00081996   -0.00687747   -0.02687684   -0.01589833   -0.00022817    0.01530473    0.02825581    0.00594360    0.00000000 
max(|Fsp_paral|) :   0.00000000    0.00065278    0.00001841    0.00257234    0.00256767    0.00393540    0.00104928    0.01603219    0.00660968    0.00000000 
max(|Fsp_perp|)  :   0.00000000    0.00000000    0.00000000    0.00000000    0.00000000    0.00000000    0.00000000    0.00000000    0.00000000    0.00000000 
max(|FNEB|)      :   0.00000000    0.00495578    0.00959200    0.00615751    0.00462420    0.00399669    0.00713122    0.01370398    0.02260690    0.00000000 
max(|Force|)     :   0.00173011    0.00451980    0.00960750    0.01772082    0.01016485    0.00399727    0.00940991    0.02056796    0.02307067    0.00133386 
ksp              :   0.01000000    0.01000000    0.04058038    0.08758680    0.10000000    0.10000000    0.08199229    0.01696357    0.01000000 
max(|step|)      :   0.00000000    0.00525611    0.01017329    0.00653066    0.00490444    0.00423889    0.00756339    0.01453446    0.02397693    0.00000000 
angle (deg.)     :    26.8474  77.0746  47.9962  7.5775  26.2809  27.7228  69.0862  54.4717 
>
iteration       : 54
climbing        : yes
zoom on         : no
nim             : 10
barrier         :   0.01815078 (image:  5) 
distance        :   0.00000000    3.18419324    6.59567996    7.43587984    7.88182967    8.31874776    8.84597158    9.48058424   10.87412446   14.99950876 
energy          : -1076.31736593  -1076.32257282  -1076.32352566  -1076.31128014  -1076.30170406  -1076.29921514  -1076.30297644  -1076.31569416  -1076.34097656  -1076.34881019 
max(|Fr_perp|)   :   0.00000000    0.00232766    0.00478042    0.00348980    0.00255358    0.00223353    0.00534423    0.01015204    0.01781463    0.00000000 
Fr_paral         :   0.00000000    0.00197688   -0.00611368   -0.02695834   -0.01582602   -0.00022327    0.01569469    0.02951097    0.00689978    0.00000000 
max(|Fsp_paral|) :   0.00000000    0.00064012    0.00017233    0.00291701    0.00235922    0.00418935    0.00051320    0.01342456    0.00584907    0.00000000 
max(|Fsp_perp|)  :   0.00000000    0.00000000    0.00000000    0.00000000    0.00000000    0.00000000    0.00000000    0.00000000    0.00000000    0.00000000 
max(|FNEB|)      :   0.00000000    0.00265161    0.00478583    0.00349567    0.00258297    0.00223320    0.00539276    0.01079525    0.01809705    0.00000000 
max(|Force|)     :   0.00173011    0.00260786    0.00472632    0.01765814    0.01002170    0.00223387    0.00972658    0.02118443    0.01793748    0.00133386 
ksp              :   0.01000000    0.01000000    0.04017616    0.08765880    0.10000000    0.10000000    0.08134973    0.01828941    0.01000000 
max(|step|)      :   0.00000000    0.00224132    0.00138390    0.00154149    0.00137874    0.00151320    0.00236208    0.01115492    0.00686993    0.00000000 
angle (deg.)     :    26.8823  77.0410  48.0890  7.5105  26.3642  26.4112  66.7405  55.6317 
>
iteration       : 55
climbing        : yes
zoom on         : no
nim             : 10
barrier         :   0.01813967 (image:  5) 
distance        :   0.00000000    3.18636292    6.59814755    7.43907233    7.88690235    8.32286420    8.85198267    9.46381410   10.86731113   14.98426456 
energy          : -1076.31736593  -1076.32258620  -1076.32355621  -1076.31132323  -1076.30169932  -1076.29922625  -1076.30304848  -1076.31542489  -1076.34124392  -1076.34881019 
max(|Fr_perp|)   :   0.00000000    0.00226841    0.00442442    0.00342609    0.00237690    0.00211953    0.00339587    0.00680417    0.01163520    0.00000000 
Fr_paral         :   0.00000000    0.00195577   -0.00614372   -0.02698519   -0.01575702   -0.00021647    0.01589423    0.03036897    0.00642725    0.00000000 
max(|Fsp_paral|) :   0.00000000    0.00063600    0.00023885    0.00310136    0.00220645    0.00431938    0.00156500    0.01128376    0.00507112    0.00000000 
max(|Fsp_perp|)  :   0.00000000    0.00000000    0.00000000    0.00000000    0.00000000    0.00000000    0.00000000    0.00000000    0.00000000    0.00000000 
max(|FNEB|)      :   0.00000000    0.00259645    0.00442776    0.00315073    0.00240589    0.00211919    0.00342428    0.00975840    0.01189309    0.00000000 
max(|Force|)     :   0.00173011    0.00255229    0.00434852    0.01762858    0.00998173    0.00211988    0.00975469    0.02161892    0.01175656    0.00133386 
ksp              :   0.01000000    0.01000000    0.03998086    0.08772987    0.10000000    0.10000000    0.08103601    0.01963047    0.01000000 
max(|step|)      :   0.00000000    0.01542973    0.01039219    0.01170697    0.01063454    0.01161838    0.01177513    0.07656993    0.04697716    0.00000000 
angle (deg.)     :    27.1479  76.9196  48.6029  7.4663  26.9835  16.2182  50.3165  63.3285 
>
iteration       : 56
climbing        : yes
zoom on         : no
nim             : 10
barrier         :   0.01806935 (image:  5) 
distance        :   0.00000000    3.20337398    6.61957232    7.47023086    7.92720158    8.35805373    8.88293890    9.38488909   10.86396428   14.92657004 
energy          : -1076.31736593  -1076.32266363  -1076.32362704  -1076.31147636  -1076.30166882  -1076.29929658  -1076.30310713  -1076.31326109  -1076.34204996  -1076.34881019 
max(|Fr_perp|)   :   0.00000000    0.00371654    0.00745979    0.00439234    0.00347000    0.00310446    0.00319048    0.00572948    0.00451006    0.00000000 
Fr_paral         :   0.00000000    0.00096531   -0.00673340   -0.02700615   -0.01529512   -0.00016617    0.01609712    0.03139529    0.00298741    0.00000000 
max(|Fsp_paral|) :   0.00000000    0.00060752    0.00033862    0.00376160    0.00141327    0.00430770    0.00568589    0.00227460    0.00177039    0.00000000 
max(|Fsp_perp|)  :   0.00000000    0.00000000    0.00000000    0.00000000    0.00000000    0.00000000    0.00000000    0.00000000    0.00000000    0.00000000 
max(|FNEB|)      :   0.00000000    0.00433149    0.00747213    0.00445276    0.00350019    0.00310423    0.00448629    0.00776861    0.00442419    0.00000000 
max(|Force|)     :   0.00173011    0.00399210    0.00748455    0.01753172    0.00985955    0.00310469    0.00946844    0.02164327    0.00456366    0.00133386 
ksp              :   0.01000000    0.01000000    0.03933481    0.08818430    0.10000000    0.10000000    0.08102034    0.03044542    0.01000000 
max(|step|)      :   0.00000000    0.01451746    0.01473583    0.00891163    0.00726510    0.00763005    0.01321685    0.03054366    0.01890071    0.00000000 
angle (deg.)     :    27.3798  76.6955  48.6621  7.6027  27.1536  11.6386  45.4369  65.5959 
>
iteration       : 57
climbing        : yes
zoom on         : no
nim             : 10
barrier         :   0.01803961 (image:  5) 
distance        :   0.00000000    3.21353692    6.62584372    7.48406110    7.93997369    8.37103239    8.87434315    9.39365813   10.86878701   14.91857464 
energy          : -1076.31736593  -1076.32268862  -1076.32351321  -1076.31141865  -1076.30168080  -1076.29932632  -1076.30274783  -1076.31338376  -1076.34188815  -1076.34881019 
max(|Fr_perp|)   :   0.00000000    0.00598825    0.01297165    0.00736989    0.00583739    0.00524969    0.00703618    0.01906789    0.02255083    0.00000000 
Fr_paral         :   0.00000000    0.00280274   -0.00536119   -0.02695670   -0.01520798   -0.00014115    0.01515846    0.03191410    0.00201248    0.00000000 
max(|Fsp_paral|) :   0.00000000    0.00057459    0.00003696    0.00340375    0.00145110    0.00326074    0.00351362    0.00053257    0.00146163    0.00000000 
max(|Fsp_perp|)  :   0.00000000    0.00000000    0.00000000    0.00000000    0.00000000    0.00000000    0.00000000    0.00000000    0.00000000    0.00000000 
max(|FNEB|)      :   0.00000000    0.00611719    0.01296186    0.00734474    0.00586793    0.00524948    0.00709394    0.01893939    0.02267359    0.00000000 
max(|Force|)     :   0.00173011    0.00620205    0.01292020    0.01754928    0.00967257    0.00524989    0.00893355    0.02112390    0.02248470    0.00133386 
ksp              :   0.01000000    0.01000000    0.03967109    0.08825343    0.10000000    0.10000000    0.08293001    0.02986712    0.01000000 
max(|step|)      :   0.00000000    0.00339486    0.00725542    0.00424474    0.00335766    0.00299179    0.00304900    0.00874192    0.01032913    0.00000000 
angle (deg.)     :    27.3271  76.7863  48.6407  7.5530  27.0598  12.1298  46.5313  64.9808 
>
iteration       : 58
climbing        : yes
zoom on         : no
nim             : 10
barrier         :   0.01802323 (image:  5) 
distance        :   0.00000000    3.21207917    6.62683257    7.48422243    7.93974797    8.37110746    8.87662389    9.39767117   10.86816517   14.92097577 
energy          : -1076.31736593  -1076.32272687  -1076.32377641  -1076.31148407  -1076.30171482  -1076.29934269  -1076.30285071  -1076.31379960  -1076.34219220  -1076.34881019 
max(|Fr_perp|)   :   0.00000000    0.00177973    0.00299836    0.00325061    0.00203721    0.00158270    0.00199989    0.00482699    0.00717567    0.00000000 
Fr_paral         :   0.00000000    0.00189915   -0.00606592   -0.02706962   -0.01527836   -0.00014826    0.01542695    0.03271322    0.00317773    0.00000000 
max(|Fsp_paral|) :   0.00000000    0.00058400    0.00018879    0.00351966    0.00150682    0.00335855    0.00365719    0.00111752    0.00014905    0.00000000 
max(|Fsp_perp|)  :   0.00000000    0.00000000    0.00000000    0.00000000    0.00000000    0.00000000    0.00000000    0.00000000    0.00000000    0.00000000 
max(|FNEB|)      :   0.00000000    0.00207944    0.00300193    0.00193708    0.00168563    0.00158242    0.00248020    0.00472881    0.00718991    0.00000000 
max(|Force|)     :   0.00173011    0.00205988    0.00318631    0.01756086    0.00976455    0.00158297    0.00896902    0.02112505    0.00709261    0.00133386 
ksp              :   0.01000000    0.01000000    0.03937138    0.08815466    0.10000000    0.10000000    0.08248255    0.02780866    0.01000000 
max(|step|)      :   0.00000000    0.00580614    0.00372426    0.00413146    0.00395531    0.00420737    0.00540569    0.01699401    0.00868033    0.00000000 
angle (deg.)     :    27.4287  76.7813  48.7085  7.6358  27.1385  10.7427  44.0162  66.3787 
>
iteration       : 59
climbing        : yes
zoom on         : no
nim             : 10
barrier         :   0.01799532 (image:  5) 
distance        :   0.00000000    3.21809746    6.63455254    7.49650748    7.95199338    8.38329083    8.87975216    9.40293568   10.88129494   14.92402999 
energy          : -1076.31736593  -1076.32276149  -1076.32383313  -1076.31149421  -1076.30173452  -1076.29937061  -1076.30274020  -1076.31378614  -1076.34231564  -1076.34881019 
max(|Fr_perp|)   :   0.00000000    0.00177800    0.00136139    0.00325976    0.00208900    0.00150521    0.00163197    0.00399019    0.00155876    0.00000000 
Fr_paral         :   0.00000000    0.00163186   -0.00622852   -0.02708064   -0.01522952   -0.00013411    0.01511111    0.03293373    0.00324161    0.00000000 
max(|Fsp_paral|) :   0.00000000    0.00057407    0.00011242    0.00342802    0.00149651    0.00293283    0.00297650    0.00121683    0.00034173    0.00000000 
max(|Fsp_perp|)  :   0.00000000    0.00000000    0.00000000    0.00000000    0.00000000    0.00000000    0.00000000    0.00000000    0.00000000    0.00000000 
max(|FNEB|)      :   0.00000000    0.00235848    0.00140109    0.00143872    0.00147513    0.00150393    0.00189949    0.00262386    0.00158409    0.00000000 
max(|Force|)     :   0.00173011    0.00225028    0.00316583    0.01757501    0.00977261    0.00150649    0.00871046    0.02081995    0.00175841    0.00133386 
ksp              :   0.01000000    0.01000000    0.03936622    0.08817738    0.10000000    0.10000000    0.08314766    0.02790357    0.01000000 
max(|step|)      :   0.00000000    0.01495534    0.00909682    0.00991489    0.00961901    0.01012355    0.01218678    0.03365329    0.01570677    0.00000000 
angle (deg.)     :    27.6923  76.7513  48.8346  7.8409  27.2467  11.0165  40.9134  68.9583 
>
iteration       : 60
climbing        : yes
zoom on         : no
nim             : 10
barrier         :   0.01793227 (image:  5) 
distance        :   0.00000000    3.23228210    6.65184926    7.52407652    7.97838609    8.41036709    8.88595415    9.42767396   10.91723441   14.94064533 
energy          : -1076.31736593  -1076.32283873  -1076.32393013  -1076.31150374  -1076.30178978  -1076.29943365  -1076.30248413  -1076.31393196  -1076.34245905  -1076.34881019 
max(|Fr_perp|)   :   0.00000000    0.00222701    0.00232538    0.00330820    0.00217027    0.00152542    0.00164716    0.00377949    0.00240496    0.00000000 
Fr_paral         :   0.00000000    0.00151417   -0.00621947   -0.02708657   -0.01516700   -0.00010435    0.01431508    0.03306740    0.00321920    0.00000000 
max(|Fsp_paral|) :   0.00000000    0.00054831    0.00009138    0.00312112    0.00157620    0.00193362    0.00081795    0.00289738    0.00014135    0.00000000 
max(|Fsp_perp|)  :   0.00000000    0.00000000    0.00000000    0.00000000    0.00000000    0.00000000    0.00000000    0.00000000    0.00000000    0.00000000 
max(|FNEB|)      :   0.00000000    0.00278164    0.00233452    0.00147375    0.00152730    0.00152449    0.00152666    0.00250223    0.00238164    0.00000000 
max(|Force|)     :   0.00173011    0.00267031    0.00312254    0.01761204    0.00978515    0.00152635    0.00813711    0.02029247    0.00267307    0.00133386 
ksp              :   0.01000000    0.01000000    0.03942161    0.08817488    0.10000000    0.10000000    0.08469003    0.02723468    0.01000000 
max(|step|)      :   0.00000000    0.02058556    0.01223901    0.01290325    0.01306047    0.01344336    0.01351441    0.01991224    0.01216743    0.00000000 
angle (deg.)     :    28.0669  76.7830  49.0094  7.9798  27.0415  12.5366  41.0230  70.3386 
>
iteration       : 61
climbing        : yes
zoom on         : no
nim             : 10
barrier         :   0.01784848 (image:  5) 
distance        :   0.00000000    3.25040223    6.67592011    7.55823011    8.01113077    8.44510932    8.91210160    9.45737585   10.96763187   14.97128614 
energy          : -1076.31736593  -1076.32294408  -1076.32405015  -1076.31156877  -1076.30188343  -1076.29951745  -1076.30246096  -1076.31387213  -1076.34259334  -1076.34881019 
max(|Fr_perp|)   :   0.00000000    0.00212658    0.00175086    0.00334444    0.00223465    0.00145090    0.00156878    0.00314632    0.00503296    0.00000000 
Fr_paral         :   0.00000000    0.00159676   -0.00611750   -0.02705602   -0.01518939   -0.00008052    0.01403511    0.03279304    0.00290169    0.00000000 
max(|Fsp_paral|) :   0.00000000    0.00052092    0.00017406    0.00289706    0.00175580    0.00145512    0.00012910    0.00257740    0.00071330    0.00000000 
max(|Fsp_perp|)  :   0.00000000    0.00000000    0.00000000    0.00000000    0.00000000    0.00000000    0.00000000    0.00000000    0.00000000    0.00000000 
max(|FNEB|)      :   0.00000000    0.00265346    0.00175940    0.00139542    0.00147130    0.00145022    0.00144971    0.00230412    0.00498942    0.00000000 
max(|Force|)     :   0.00173011    0.00260157    0.00310545    0.01761503    0.00983051    0.00145158    0.00793618    0.02034374    0.00527746    0.00133386 
ksp              :   0.01000000    0.01000000    0.03923185    0.08806965    0.10000000    0.10000000    0.08515748    0.02761727    0.01000000 
max(|step|)      :   0.00000000    0.08051877    0.04756441    0.05004226    0.05108257    0.05222607    0.05244977    0.06082096    0.04654086    0.00000000 
angle (deg.)     :    29.6397  76.9734  49.7065  8.3363  26.2196  17.7981  45.3119  73.4042 
>
iteration       : 62
climbing        : yes
zoom on         : no
nim             : 10
barrier         :   0.01753894 (image:  5) 
distance        :   0.00000000    3.32173887    6.77519654    7.69349639    8.14395556    8.58517183    9.03349078    9.59255773   11.16237301   15.09915916 
energy          : -1076.31736593  -1076.32335039  -1076.32445228  -1076.31188972  -1076.30222422  -1076.29982699  -1076.30249199  -1076.31324400  -1076.34275313  -1076.34881019 
max(|Fr_perp|)   :   0.00000000    0.00280239    0.00574100    0.00340179    0.00281237    0.00158509    0.01047532    0.02707611    0.01607744    0.00000000 
Fr_paral         :   0.00000000    0.00146566   -0.00580439   -0.02688584   -0.01526646   -0.00002294    0.01316988    0.03002350    0.00170020    0.00000000 
max(|Fsp_paral|) :   0.00000000    0.00041534    0.00022057    0.00247015    0.00227744    0.00030848    0.00166607    0.00034929    0.00408498    0.00000000 
max(|Fsp_perp|)  :   0.00000000    0.00000000    0.00000000    0.00000000    0.00000000    0.00000000    0.00000000    0.00000000    0.00000000    0.00000000 
max(|FNEB|)      :   0.00000000    0.00322286    0.00573577    0.00308860    0.00267136    0.00158505    0.01050056    0.02716908    0.01700754    0.00000000 
max(|Force|)     :   0.00173011    0.00326454    0.00555392    0.01760096    0.00998869    0.00158512    0.01044071    0.02697810    0.01600167    0.00133386 
ksp              :   0.01000000    0.01000000    0.03810082    0.08769875    0.10000000    0.10000000    0.08632469    0.03115142    0.01000000 
max(|step|)      :   0.00000000    0.01712579    0.00959588    0.00986000    0.01045989    0.01045472    0.01046186    0.01407020    0.01148657    0.00000000 
angle (deg.)     :    29.9684  77.0397  49.8320  8.2718  25.8168  17.0548  47.4139  72.3770 
>
iteration       : 63
climbing        : yes
zoom on         : no
nim             : 10
barrier         :   0.01747565 (image:  5) 
distance        :   0.00000000    3.33565146    6.79593052    7.71945994    8.16928570    8.61269084    9.06811266    9.62104642   11.18761844   15.11793193 
energy          : -1076.31736593  -1076.32344255  -1076.32454506  -1076.31198872  -1076.30231230  -1076.29989028  -1076.30276798  -1076.31390862  -1076.34290788  -1076.34881019 
max(|Fr_perp|)   :   0.00000000    0.00192207    0.00101077    0.00340420    0.00247303    0.00114967    0.00162289    0.00459912    0.00339328    0.00000000 
Fr_paral         :   0.00000000    0.00184847   -0.00568380   -0.02682894   -0.01537519   -0.00000813    0.01385732    0.03137323    0.00278055    0.00000000 
max(|Fsp_paral|) :   0.00000000    0.00039774    0.00010105    0.00249053    0.00244955    0.00052749    0.00075294    0.00194439    0.00180591    0.00000000 
max(|Fsp_perp|)  :   0.00000000    0.00000000    0.00000000    0.00000000    0.00000000    0.00000000    0.00000000    0.00000000    0.00000000    0.00000000 
max(|FNEB|)      :   0.00000000    0.00232435    0.00105412    0.00119136    0.00122507    0.00114962    0.00225648    0.00445760    0.00379040    0.00000000 
max(|Force|)     :   0.00173011    0.00251199    0.00300328    0.01756814    0.01005272    0.00114973    0.00810558    0.02089014    0.00313002    0.00133386 
ksp              :   0.01000000    0.01000000    0.03769275    0.08752651    0.10000000    0.10000000    0.08517976    0.02780520    0.01000000 
max(|step|)      :   0.00000000    0.03682982    0.02104304    0.02200390    0.02286743    0.02304379    0.02309576    0.01475439    0.01982601    0.00000000 
angle (deg.)     :    30.7102  77.1375  50.1707  8.2780  25.4162  18.0262  50.4514  71.8136 
>
iteration       : 64
climbing        : yes
zoom on         : no
nim             : 10
barrier         :   0.01734628 (image:  5) 
distance        :   0.00000000    3.36728690    6.84267875    7.77948743    8.23019131    8.67655600    9.13981693    9.68409284   11.26159079   15.17003344 
energy          : -1076.31736593  -1076.32362900  -1076.32470419  -1076.31219139  -1076.30245866  -1076.30001965  -1076.30305508  -1076.31401131  -1076.34291074  -1076.34881019 
max(|Fr_perp|)   :   0.00000000    0.00162022    0.00175212    0.00338736    0.00254415    0.00102852    0.00181003    0.00551177    0.00356879    0.00000000 
Fr_paral         :   0.00000000    0.00204427   -0.00553718   -0.02671751   -0.01544478    0.00000758    0.01427942    0.03124072    0.00316732    0.00000000 
max(|Fsp_paral|) :   0.00000000    0.00035359    0.00011449    0.00264096    0.00258830    0.00074743    0.00022659    0.00144936    0.00174109    0.00000000 
max(|Fsp_perp|)  :   0.00000000    0.00000000    0.00000000    0.00000000    0.00000000    0.00000000    0.00000000    0.00000000    0.00000000    0.00000000 
max(|FNEB|)      :   0.00000000    0.00197775    0.00175774    0.00113479    0.00111478    0.00102857    0.00176832    0.00544373    0.00351336    0.00000000 
max(|Force|)     :   0.00173011    0.00228887    0.00296968    0.01750770    0.01012981    0.00102847    0.00843991    0.02129194    0.00377811    0.00133386 
ksp              :   0.01000000    0.01000000    0.03684772    0.08734538    0.10000000    0.10000000    0.08425088    0.02740519    0.01000000 
max(|step|)      :   0.00000000    0.10000000    0.05692977    0.05994994    0.06196528    0.06247511    0.06263682    0.04620551    0.05401103    0.00000000 
angle (deg.)     :    32.8033  77.3320  51.0793  8.4805  24.9429  22.3850  57.6173  71.0739 
>
iteration       : 65
climbing        : yes
zoom on         : no
nim             : 10
barrier         :   0.01702089 (image:  5) 
distance        :   0.00000000    3.45596947    6.97412608    7.94977381    8.40393459    8.85717356    9.33450129    9.87588353   11.47551779   15.32534310 
energy          : -1076.31736593  -1076.32413316  -1076.32511559  -1076.31270359  -1076.30281085  -1076.30034504  -1076.30367278  -1076.31447459  -1076.34278598  -1076.34881019 
max(|Fr_perp|)   :   0.00000000    0.00227631    0.00260636    0.00333078    0.00274773    0.00089458    0.00471314    0.01310568    0.00755205    0.00000000 
Fr_paral         :   0.00000000    0.00192739   -0.00525107   -0.02638634   -0.01555508    0.00005256    0.01501837    0.03055199    0.00365490    0.00000000 
max(|Fsp_paral|) :   0.00000000    0.00021621    0.00067098    0.00307926    0.00284395    0.00107871    0.00148861    0.00226059    0.00091190    0.00000000 
max(|Fsp_perp|)  :   0.00000000    0.00000000    0.00000000    0.00000000    0.00000000    0.00000000    0.00000000    0.00000000    0.00000000    0.00000000 
max(|FNEB|)      :   0.00000000    0.00252209    0.00279676    0.00150327    0.00131399    0.00089751    0.00496196    0.01376281    0.00783108    0.00000000 
max(|Force|)     :   0.00173011    0.00297045    0.00289100    0.01731394    0.01030400    0.00089877    0.00914628    0.02188748    0.00786013    0.00133386 
ksp              :   0.01000000    0.01000000    0.03465484    0.08695973    0.10000000    0.10000000    0.08241300    0.02539511    0.01000000 
max(|step|)      :   0.00000000    0.00270578    0.00300045    0.00161276    0.00140969    0.00096287    0.00532335    0.01476518    0.00840143    0.00000000 
angle (deg.)     :    32.7971  77.2401  51.1215  8.4803  25.1961  20.8721  56.2032  70.8888 
>
iteration       : 66
climbing        : yes
zoom on         : no
nim             : 10
barrier         :   0.01701439 (image:  5) 
distance        :   0.00000000    3.45663029    6.97565977    7.95375152    8.40901633    8.86105459    9.33741024    9.87974842   11.46822626   15.31711120 
energy          : -1076.31736593  -1076.32414449  -1076.32513436  -1076.31271447  -1076.30280095  -1076.30035153  -1076.30368390  -1076.31479225  -1076.34295792  -1076.34881019 
max(|Fr_perp|)   :   0.00000000    0.00135859    0.00212020    0.00333822    0.00275516    0.00100601    0.00420120    0.01088179    0.00513934    0.00000000 
Fr_paral         :   0.00000000    0.00216957   -0.00532579   -0.02638956   -0.01549880    0.00004846    0.01512547    0.03151517    0.00344586    0.00000000 
max(|Fsp_paral|) :   0.00000000    0.00021736    0.00065950    0.00313498    0.00272323    0.00108890    0.00142300    0.00401131    0.00042066    0.00000000 
max(|Fsp_perp|)  :   0.00000000    0.00000000    0.00000000    0.00000000    0.00000000    0.00000000    0.00000000    0.00000000    0.00000000    0.00000000 
max(|FNEB|)      :   0.00000000    0.00157869    0.00206343    0.00121380    0.00109199    0.00100633    0.00424092    0.01099144    0.00504086    0.00000000 
max(|Force|)     :   0.00173011    0.00211434    0.00281908    0.01730405    0.01028483    0.00100568    0.00912037    0.02169364    0.00480485    0.00133386 
ksp              :   0.01000000    0.01000000    0.03460453    0.08704344    0.10000000    0.10000000    0.08237298    0.02361384    0.01000000 
max(|step|)      :   0.00000000    0.00206303    0.00097995    0.00127340    0.00113932    0.00098374    0.00183125    0.00434315    0.00504165    0.00000000 
angle (deg.)     :    32.8167  77.1361  51.1655  8.4823  25.4326  19.5673  54.9299  70.7336 
>
iteration       : 67
climbing        : yes
zoom on         : no
nim             : 10
barrier         :   0.01700805 (image:  5) 
distance        :   0.00000000    3.45728446    6.97706940    7.95754029    8.41368928    8.86468453    9.34018502    9.88185652   11.46343140   15.31095173 
energy          : -1076.31736593  -1076.32415381  -1076.32515075  -1076.31272249  -1076.30279287  -1076.30035788  -1076.30368971  -1076.31497604  -1076.34309866  -1076.34881019 
max(|Fr_perp|)   :   0.00000000    0.00143038    0.00179998    0.00334152    0.00274983    0.00101441    0.00339511    0.00865291    0.00427179    0.00000000 
Fr_paral         :   0.00000000    0.00220682   -0.00531209   -0.02639143   -0.01545009    0.00004422    0.01519622    0.03219692    0.00350571    0.00000000 
max(|Fsp_paral|) :   0.00000000    0.00021805    0.00063934    0.00316987    0.00261923    0.00109748    0.00141510    0.00494691    0.00113920    0.00000000 
max(|Fsp_perp|)  :   0.00000000    0.00000000    0.00000000    0.00000000    0.00000000    0.00000000    0.00000000    0.00000000    0.00000000    0.00000000 
max(|FNEB|)      :   0.00000000    0.00153497    0.00174466    0.00119921    0.00109550    0.00101471    0.00343189    0.00875540    0.00401805    0.00000000 
max(|Force|)     :   0.00173011    0.00201026    0.00280583    0.01728955    0.01025801    0.00101411    0.00902454    0.02151281    0.00394063    0.00133386 
ksp              :   0.01000000    0.01000000    0.03457129    0.08711498    0.10000000    0.10000000    0.08236926    0.02264636    0.01000000 
max(|step|)      :   0.00000000    0.01888606    0.01023768    0.01304460    0.01146335    0.01051980    0.01492165    0.05335986    0.04209279    0.00000000 
angle (deg.)     :    33.1129  76.0935  51.7008  8.6171  27.6941  12.2694  45.7671  70.1592 
>
iteration       : 68
climbing        : yes
zoom on         : no
nim             : 10
barrier         :   0.01694432 (image:  5) 
distance        :   0.00000000    3.46421450    6.99251794    7.99808669    8.45950160    8.90268028    9.37071018    9.89421057   11.47404487   15.30147882 
energy          : -1076.31736593  -1076.32424027  -1076.32527647  -1076.31275853  -1076.30274927  -1076.30042161  -1076.30361992  -1076.31440737  -1076.34353351  -1076.34881019 
max(|Fr_perp|)   :   0.00000000    0.00301984    0.00468227    0.00336385    0.00262163    0.00096780    0.00274818    0.00623572    0.00235720    0.00000000 
Fr_paral         :   0.00000000    0.00178545   -0.00493455   -0.02636633   -0.01508969   -0.00000111    0.01519256    0.03232985    0.00142239    0.00000000 
max(|Fsp_paral|) :   0.00000000    0.00022663    0.00030598    0.00315383    0.00189956    0.00111240    0.00166288    0.00156923    0.00096714    0.00000000 
max(|Fsp_perp|)  :   0.00000000    0.00000000    0.00000000    0.00000000    0.00000000    0.00000000    0.00000000    0.00000000    0.00000000    0.00000000 
max(|FNEB|)      :   0.00000000    0.00309689    0.00469931    0.00107733    0.00103507    0.00096781    0.00275457    0.00630825    0.00251906    0.00000000 
max(|Force|)     :   0.00173011    0.00349863    0.00475920    0.01712427    0.00998285    0.00096779    0.00809547    0.02085240    0.00237399    0.00133386 
ksp              :   0.01000000    0.01000000    0.03447223    0.08763659    0.10000000    0.10000000    0.08301211    0.02571440    0.01000000 
max(|step|)      :   0.00000000    0.00927491    0.01052356    0.00400363    0.00370996    0.00326457    0.00611609    0.01369400    0.00526575    0.00000000 
angle (deg.)     :    33.0941  75.9005  51.9490  8.6238  27.6999  10.7784  45.6016  70.0392 
>
iteration       : 69
climbing        : yes
zoom on         : no
nim             : 10
barrier         :   0.01692780 (image:  5) 
distance        :   0.00000000    3.46653680    6.99892859    8.01172622    8.47148648    8.91533672    9.38014636    9.90946051   11.48416550   15.30608454 
energy          : -1076.31736593  -1076.32424531  -1076.32516832  -1076.31275353  -1076.30277708  -1076.30043812  -1076.30354954  -1076.31429930  -1076.34350258  -1076.34881019 
max(|Fr_perp|)   :   0.00000000    0.00621255    0.01170532    0.00331376    0.00272452    0.00153349    0.00631198    0.01544725    0.00526162    0.00000000 
Fr_paral         :   0.00000000    0.00288539   -0.00512877   -0.02630490   -0.01513636   -0.00000973    0.01487262    0.03159007    0.00222301    0.00000000 
max(|Fsp_paral|) :   0.00000000    0.00023448    0.00017786    0.00289329    0.00202259    0.00093640    0.00114166    0.00151464    0.00131844    0.00000000 
max(|Fsp_perp|)  :   0.00000000    0.00000000    0.00000000    0.00000000    0.00000000    0.00000000    0.00000000    0.00000000    0.00000000    0.00000000 
max(|FNEB|)      :   0.00000000    0.00632386    0.01168875    0.00199217    0.00153270    0.00153341    0.00634997    0.01538763    0.00524777    0.00000000 
max(|Force|)     :   0.00173011    0.00670242    0.01157870    0.01709835    0.01011226    0.00153357    0.00817503    0.02055047    0.00526609    0.00133386 
ksp              :   0.01000000    0.01000000    0.03452272    0.08756447    0.10000000    0.10000000    0.08345753    0.02630433    0.01000000 
max(|step|)      :   0.00000000    0.00736842    0.00655737    0.00372439    0.00342701    0.00279742    0.00395467    0.01041602    0.00927890    0.00000000 
angle (deg.)     :    33.0827  76.1221  51.7621  8.5692  27.1596  11.6819  47.0882  70.1165 
>
iteration       : 70
climbing        : yes
zoom on         : no
nim             : 10
barrier         :   0.01694114 (image:  5) 
distance        :   0.00000000    3.46448240    6.99379995    7.99915446    8.45831514    8.90360002    9.37082080    9.89924773   11.47394305   15.30149582 
energy          : -1076.31736593  -1076.32425435  -1076.32530566  -1076.31275550  -1076.30278385  -1076.30042479  -1076.30363531  -1076.31484642  -1076.34360333  -1076.34881019 
max(|Fr_perp|)   :   0.00000000    0.00151567    0.00173454    0.00331714    0.00268810    0.00100967    0.00111964    0.00344636    0.00090122    0.00000000 
Fr_paral         :   0.00000000    0.00226542   -0.00519084   -0.02634149   -0.01520792    0.00000018    0.01516965    0.03327017    0.00259125    0.00000000 
max(|Fsp_paral|) :   0.00000000    0.00022961    0.00030435    0.00299309    0.00213876    0.00098204    0.00142544    0.00389161    0.00060336    0.00000000 
max(|Fsp_perp|)  :   0.00000000    0.00000000    0.00000000    0.00000000    0.00000000    0.00000000    0.00000000    0.00000000    0.00000000    0.00000000 
max(|FNEB|)      :   0.00000000    0.00162560    0.00171529    0.00109024    0.00105098    0.00100967    0.00101009    0.00217002    0.00098495    0.00000000 
max(|Force|)     :   0.00173011    0.00200608    0.00272008    0.01712950    0.01010591    0.00100966    0.00829465    0.02032042    0.00120175    0.00133386 
ksp              :   0.01000000    0.01000000    0.03449292    0.08746745    0.10000000    0.10000000    0.08294409    0.02338490    0.01000000 
max(|step|)      :   0.00000000    0.00261860    0.00145619    0.00172623    0.00157343    0.00148227    0.00149309    0.00267299    0.00135474    0.00000000 
angle (deg.)     :    33.1318  76.0014  51.8573  8.5807  27.2330  11.2072  46.7433  70.1072 
>
iteration       : 71
climbing        : yes
zoom on         : no
nim             : 10
barrier         :   0.01693211 (image:  5) 
distance        :   0.00000000    3.46548555    6.99637288    8.00452015    8.46357001    8.90876219    9.37485660    9.90176599   11.47926844   15.30407755 
energy          : -1076.31736593  -1076.32426870  -1076.32532759  -1076.31276256  -1076.30279231  -1076.30043381  -1076.30362567  -1076.31478000  -1076.34361873  -1076.34881019 
max(|Fr_perp|)   :   0.00000000    0.00148763    0.00091230    0.00330319    0.00268088    0.00094689    0.00106153    0.00351481    0.00095496    0.00000000 
Fr_paral         :   0.00000000    0.00218743   -0.00516283   -0.02632515   -0.01521003   -0.00000495    0.01512172    0.03320341    0.00247971    0.00000000 
max(|Fsp_paral|) :   0.00000000    0.00023205    0.00027689    0.00294908    0.00214064    0.00093575    0.00140848    0.00348231    0.00032776    0.00000000 
max(|Fsp_perp|)  :   0.00000000    0.00000000    0.00000000    0.00000000    0.00000000    0.00000000    0.00000000    0.00000000    0.00000000    0.00000000 
max(|FNEB|)      :   0.00000000    0.00172224    0.00094527    0.00104792    0.00098704    0.00094685    0.00095202    0.00132712    0.00089844    0.00000000 
max(|Force|)     :   0.00173011    0.00226373    0.00272047    0.01710577    0.01010330    0.00094693    0.00825022    0.02027720    0.00126025    0.00133386 
ksp              :   0.01000000    0.01000000    0.03446845    0.08746378    0.10000000    0.10000000    0.08303418    0.02374508    0.01000000 
max(|step|)      :   0.00000000    0.02064794    0.01076310    0.01274382    0.01145808    0.01082268    0.01091276    0.01385452    0.00946626    0.00000000 
angle (deg.)     :    33.4694  75.1836  52.5914  8.6641  27.5497  8.6776  45.4045  70.0066 
>
iteration       : 72
climbing        : yes
zoom on         : no
nim             : 10
barrier         :   0.01686651 (image:  5) 
distance        :   0.00000000    3.47315569    7.01636375    8.04455106    8.50242467    8.94783647    9.40574122    9.92908958   11.52018532   15.32613651 
energy          : -1076.31736593  -1076.32436848  -1076.32545147  -1076.31282518  -1076.30286567  -1076.30049942  -1076.30355484  -1076.31440926  -1076.34368207  -1076.34881019 
max(|Fr_perp|)   :   0.00000000    0.00216027    0.00253992    0.00318120    0.00266800    0.00089681    0.00143529    0.00358618    0.00141716    0.00000000 
Fr_paral         :   0.00000000    0.00200813   -0.00505374   -0.02618971   -0.01526582   -0.00003844    0.01472257    0.03240401    0.00229979    0.00000000 
max(|Fsp_paral|) :   0.00000000    0.00025216    0.00011821    0.00263425    0.00222835    0.00055897    0.00097562    0.00149831    0.00121234    0.00000000 
max(|Fsp_perp|)  :   0.00000000    0.00000000    0.00000000    0.00000000    0.00000000    0.00000000    0.00000000    0.00000000    0.00000000    0.00000000 
max(|FNEB|)      :   0.00000000    0.00241509    0.00255141    0.00094514    0.00090834    0.00089702    0.00141793    0.00321449    0.00188704    0.00000000 
max(|Force|)     :   0.00173011    0.00288312    0.00271575    0.01694583    0.01014077    0.00089660    0.00803292    0.02022363    0.00159343    0.00133386 
ksp              :   0.01000000    0.01000000    0.03422952    0.08737365    0.10000000    0.10000000    0.08369621    0.02577684    0.01000000 
max(|step|)      :   0.00000000    0.02209034    0.01129944    0.01294829    0.01182895    0.01126515    0.01135488    0.00951996    0.00925436    0.00000000 
angle (deg.)     :    33.8279  74.4528  53.3433  8.7714  27.6987  7.9796  45.0755  69.8419 
>
iteration       : 73
climbing        : yes
zoom on         : no
nim             : 10
barrier         :   0.01679934 (image:  5) 
distance        :   0.00000000    3.48155919    7.03853738    8.08544932    8.54330918    8.98945972    9.44118000    9.96781991   11.55995606   15.34960779 
energy          : -1076.31736593  -1076.32447293  -1076.32558062  -1076.31293289  -1076.30294533  -1076.30056658  -1076.30352475  -1076.31426990  -1076.34372945  -1076.34881019 
max(|Fr_perp|)   :   0.00000000    0.00235768    0.00202855    0.00304527    0.00265287    0.00091533    0.00148761    0.00377862    0.00214456    0.00000000 
Fr_paral         :   0.00000000    0.00196020   -0.00498459   -0.02603302   -0.01533285   -0.00006860    0.01441924    0.03177706    0.00258685    0.00000000 
max(|Fsp_paral|) :   0.00000000    0.00027561    0.00011851    0.00253359    0.00229653    0.00024925    0.00041638    0.00104403    0.00181015    0.00000000 
max(|Fsp_perp|)  :   0.00000000    0.00000000    0.00000000    0.00000000    0.00000000    0.00000000    0.00000000    0.00000000    0.00000000    0.00000000 
max(|FNEB|)      :   0.00000000    0.00263590    0.00203984    0.00085273    0.00085962    0.00091557    0.00145590    0.00347413    0.00251202    0.00000000 
max(|Force|)     :   0.00173011    0.00307402    0.00268149    0.01679466    0.01017601    0.00091508    0.00795738    0.02046302    0.00208063    0.00133386 
ksp              :   0.01000000    0.01000000    0.03374933    0.08725621    0.10000000    0.10000000    0.08415203    0.02658652    0.01000000 
max(|step|)      :   0.00000000    0.10000000    0.04993817    0.05643747    0.05182434    0.04960962    0.04999281    0.04133262    0.03968737    0.00000000 
angle (deg.)     :    35.5470  71.8557  56.6103  9.3217  28.4480  10.3550  45.0296  69.2982 
>
iteration       : 74
climbing        : yes
zoom on         : no
nim             : 10
barrier         :   0.01651967 (image:  5) 
distance        :   0.00000000    3.52290321    7.14414075    8.27516651    8.73513612    9.18544410    9.62001303   10.15945506   11.74679989   15.47057948 
energy          : -1076.31736593  -1076.32493491  -1076.32601478  -1076.31338142  -1076.30327639  -1076.30084626  -1076.30353686  -1076.31365808  -1076.34359149  -1076.34881019 
max(|Fr_perp|)   :   0.00000000    0.00230780    0.00871914    0.00681160    0.00275737    0.00182023    0.00167305    0.01270931    0.01705262    0.00000000 
Fr_paral         :   0.00000000    0.00216408   -0.00468287   -0.02506684   -0.01557983   -0.00018320    0.01353806    0.02871580    0.00442930    0.00000000 
max(|Fsp_paral|) :   0.00000000    0.00038303    0.00016652    0.00221983    0.00253863    0.00070208    0.00122465    0.00098150    0.00434424    0.00000000 
max(|Fsp_perp|)  :   0.00000000    0.00000000    0.00000000    0.00000000    0.00000000    0.00000000    0.00000000    0.00000000    0.00000000    0.00000000 
max(|FNEB|)      :   0.00000000    0.00229208    0.00900589    0.00731776    0.00272762    0.00188109    0.00263712    0.01333359    0.01752859    0.00000000 
max(|Force|)     :   0.00173011    0.00251076    0.00904381    0.01613148    0.01044696    0.00188502    0.00775222    0.02100258    0.01776206    0.00133386 
ksp              :   0.01000000    0.01000000    0.03172809    0.08676153    0.10000000    0.10000000    0.08534958    0.03029542    0.01000000 
max(|step|)      :   0.00000000    0.00172120    0.00676283    0.00549516    0.00204827    0.00141258    0.00198031    0.01001265    0.01316281    0.00000000 
angle (deg.)     :    35.5776  71.8730  56.5439  9.2990  28.4405  9.7927  44.9066  69.2401 
>
iteration       : 75
climbing        : yes
zoom on         : no
nim             : 10
barrier         :   0.01651299 (image:  5) 
distance        :   0.00000000    3.52363970    7.14536567    8.27582708    8.73661180    9.18703335    9.62440789   10.16533852   11.74019767   15.46649490 
energy          : -1076.31736593  -1076.32494796  -1076.32613040  -1076.31345110  -1076.30328478  -1076.30085293  -1076.30359245  -1076.31408215  -1076.34381430  -1076.34881019 
max(|Fr_perp|)   :   0.00000000    0.00145423    0.00182829    0.00256235    0.00271733    0.00093051    0.00137413    0.00646437    0.00545614    0.00000000 
Fr_paral         :   0.00000000    0.00234480   -0.00474680   -0.02522837   -0.01558328   -0.00018408    0.01370638    0.03000532    0.00397588    0.00000000 
max(|Fsp_paral|) :   0.00000000    0.00038243    0.00040184    0.00250691    0.00251230    0.00058574    0.00108398    0.00101735    0.00268006    0.00000000 
max(|Fsp_perp|)  :   0.00000000    0.00000000    0.00000000    0.00000000    0.00000000    0.00000000    0.00000000    0.00000000    0.00000000    0.00000000 
max(|FNEB|)      :   0.00000000    0.00183845    0.00178856    0.00192354    0.00082832    0.00092833    0.00254399    0.00568057    0.00562178    0.00000000 
max(|Force|)     :   0.00173011    0.00236845    0.00252314    0.01613279    0.01040403    0.00093269    0.00789362    0.02112686    0.00536144    0.00133386 
ksp              :   0.01000000    0.01000000    0.03133680    0.08674584    0.10000000    0.10000000    0.08506892    0.02789740    0.01000000 
max(|step|)      :   0.00000000    0.00137177    0.00071007    0.00057492    0.00059544    0.00067031    0.00187444    0.00447200    0.00303297    0.00000000 
angle (deg.)     :    35.6002  71.9092  56.4893  9.3061  28.4427  9.5153  44.8655  69.2354 
>
iteration       : 76
climbing        : yes
zoom on         : no
nim             : 10
barrier         :   0.01650949 (image:  5) 
distance        :   0.00000000    3.52435613    7.14683120    8.27731806    8.73854781    9.18911160    9.62905105   10.16928273   11.73676135   15.46439205 
energy          : -1076.31736593  -1076.32495457  -1076.32613795  -1076.31347187  -1076.30328878  -1076.30085643  -1076.30363909  -1076.31427943  -1076.34383434  -1076.34881019 
max(|Fr_perp|)   :   0.00000000    0.00146277    0.00166837    0.00258513    0.00271452    0.00092202    0.00134865    0.00604950    0.00362297    0.00000000 
Fr_paral         :   0.00000000    0.00235103   -0.00472812   -0.02524661   -0.01558148   -0.00018245    0.01385048    0.03059807    0.00414895    0.00000000 
max(|Fsp_paral|) :   0.00000000    0.00038286    0.00046753    0.00259289    0.00250037    0.00047755    0.00087412    0.00186741    0.00192132    0.00000000 
max(|Fsp_perp|)  :   0.00000000    0.00000000    0.00000000    0.00000000    0.00000000    0.00000000    0.00000000    0.00000000    0.00000000    0.00000000 
max(|FNEB|)      :   0.00000000    0.00184741    0.00164730    0.00134171    0.00082423    0.00091987    0.00231213    0.00443155    0.00374185    0.00000000 
max(|Force|)     :   0.00173011    0.00238014    0.00251103    0.01615329    0.01039542    0.00092416    0.00794923    0.02116812    0.00352478    0.00133386 
ksp              :   0.01000000    0.01000000    0.03122810    0.08674026    0.10000000    0.10000000    0.08483060    0.02682575    0.01000000 
max(|step|)      :   0.00000000    0.01431892    0.00720528    0.00585966    0.00619882    0.00692460    0.01688244    0.03146184    0.02305703    0.00000000 
angle (deg.)     :    35.8182  72.3007  55.9640  9.3719  28.5353  12.1113  46.1678  69.8195 
>
iteration       : 77
climbing        : yes
zoom on         : no
nim             : 10
barrier         :   0.01647448 (image:  5) 
distance        :   0.00000000    3.53186812    7.16183536    8.29578554    8.75955836    9.21194519    9.67429026   10.19912400   11.73320342   15.46738687 
energy          : -1076.31736593  -1076.32501651  -1076.32618761  -1076.31360908  -1076.30333214  -1076.30089145  -1076.30405259  -1076.31492473  -1076.34383594  -1076.34881019 
max(|Fr_perp|)   :   0.00000000    0.00172217    0.00599671    0.00281733    0.00283605    0.00082469    0.00099610    0.00398828    0.00493589    0.00000000 
Fr_paral         :   0.00000000    0.00222915   -0.00463421   -0.02536958   -0.01557267   -0.00016135    0.01507284    0.03270186    0.00386997    0.00000000 
max(|Fsp_paral|) :   0.00000000    0.00038595    0.00085508    0.00306086    0.00248760    0.00045066    0.00136344    0.00408730    0.00063068    0.00000000 
max(|Fsp_perp|)  :   0.00000000    0.00000000    0.00000000    0.00000000    0.00000000    0.00000000    0.00000000    0.00000000    0.00000000    0.00000000 
max(|FNEB|)      :   0.00000000    0.00189095    0.00602307    0.00169710    0.00071861    0.00082456    0.00088241    0.00414187    0.00489600    0.00000000 
max(|Force|)     :   0.00173011    0.00238015    0.00605275    0.01634039    0.01045540    0.00082482    0.00827749    0.02054128    0.00482856    0.00133386 
ksp              :   0.01000000    0.01000000    0.03052363    0.08666651    0.10000000    0.10000000    0.08273068    0.02333626    0.01000000 
max(|step|)      :   0.00000000    0.00990696    0.01169513    0.00376883    0.00405611    0.00448579    0.00531728    0.01144821    0.01318071    0.00000000 
angle (deg.)     :    35.9824  72.5123  55.7009  9.4378  28.5014  13.8328  47.4282  70.4938 
>
iteration       : 78
climbing        : yes
zoom on         : no
nim             : 10
barrier         :   0.01645122 (image:  5) 
distance        :   0.00000000    3.53707817    7.17016739    8.31055671    8.77386117    9.22771586    9.69522097   10.21197979   11.74867630   15.48169319 
energy          : -1076.31736593  -1076.32505995  -1076.32615081  -1076.31362184  -1076.30336290  -1076.30091471  -1076.30416911  -1076.31484664  -1076.34367177  -1076.34881019 
max(|Fr_perp|)   :   0.00000000    0.00207012    0.01163944    0.00483028    0.00282945    0.00104166    0.00174335    0.00609257    0.01483816    0.00000000 
Fr_paral         :   0.00000000    0.00269901   -0.00428641   -0.02539352   -0.01557328   -0.00014682    0.01534678    0.03257997    0.00411993    0.00000000 
max(|Fsp_paral|) :   0.00000000    0.00037986    0.00079461    0.00293389    0.00258748    0.00061903    0.00208140    0.00326001    0.00032320    0.00000000 
max(|Fsp_perp|)  :   0.00000000    0.00000000    0.00000000    0.00000000    0.00000000    0.00000000    0.00000000    0.00000000    0.00000000    0.00000000 
max(|FNEB|)      :   0.00000000    0.00213546    0.01160065    0.00480054    0.00100935    0.00104016    0.00175560    0.00635207    0.01485003    0.00000000 
max(|Force|)     :   0.00173011    0.00225152    0.01154896    0.01640441    0.01042054    0.00104316    0.00854459    0.02038438    0.01491844    0.00133386 
ksp              :   0.01000000    0.01000000    0.03048284    0.08660665    0.10000000    0.10000000    0.08219607    0.02378228    0.01000000 
max(|step|)      :   0.00000000    0.00357627    0.00621877    0.00227043    0.00134788    0.00152109    0.00331433    0.00558485    0.00772707    0.00000000 
angle (deg.)     :    35.9216  72.4324  55.8093  9.3947  28.4761  12.3964  46.7201  70.2599 
>
iteration       : 79
climbing        : yes
zoom on         : no
nim             : 10
barrier         :   0.01645822 (image:  5) 
distance        :   0.00000000    3.53526950    7.16716826    8.30611512    8.76922891    9.22255899    9.68569843   10.20556243   11.74458743   15.47675065 
energy          : -1076.31736593  -1076.32504855  -1076.32626736  -1076.31361809  -1076.30335358  -1076.30090771  -1076.30409463  -1076.31489960  -1076.34388386  -1076.34881019 
max(|Fr_perp|)   :   0.00000000    0.00129394    0.00236535    0.00290269    0.00283640    0.00091184    0.00101392    0.00355063    0.00279812    0.00000000 
Fr_paral         :   0.00000000    0.00243276   -0.00456340   -0.02542906   -0.01557597   -0.00015125    0.01516008    0.03282481    0.00404265    0.00000000 
max(|Fsp_paral|) :   0.00000000    0.00038153    0.00080312    0.00294977    0.00256797    0.00044418    0.00164499    0.00367999    0.00048287    0.00000000 
max(|Fsp_perp|)  :   0.00000000    0.00000000    0.00000000    0.00000000    0.00000000    0.00000000    0.00000000    0.00000000    0.00000000    0.00000000 
max(|FNEB|)      :   0.00000000    0.00167708    0.00233376    0.00092487    0.00086241    0.00091026    0.00091112    0.00226101    0.00282292    0.00000000 
max(|Force|)     :   0.00173011    0.00225448    0.00248037    0.01637078    0.01043992    0.00091343    0.00836609    0.02050993    0.00303541    0.00133386 
ksp              :   0.01000000    0.01000000    0.03049465    0.08662501    0.10000000    0.10000000    0.08257262    0.02348683    0.01000000 
max(|step|)      :   0.00000000    0.00246184    0.00135218    0.00109157    0.00117280    0.00125649    0.00125704    0.00235251    0.00145363    0.00000000 
angle (deg.)     :    35.9590  72.4891  55.7676  9.4060  28.4426  12.2587  46.8317  70.4170 
>
iteration       : 80
climbing        : yes
zoom on         : no
nim             : 10
barrier         :   0.01645178 (image:  5) 
distance        :   0.00000000    3.53664603    7.16952907    8.31088972    8.77371035    9.22736011    9.68934998   10.20800764   11.75025810   15.48097611 
energy          : -1076.31736593  -1076.32506046  -1076.32629251  -1076.31361860  -1076.30336123  -1076.30091414  -1076.30408738  -1076.31487027  -1076.34390377  -1076.34881019 
max(|Fr_perp|)   :   0.00000000    0.00139810    0.00094188    0.00290701    0.00285674    0.00088740    0.00098937    0.00334375    0.00094599    0.00000000 
Fr_paral         :   0.00000000    0.00236572   -0.00457936   -0.02544662   -0.01557360   -0.00014766    0.01513260    0.03283738    0.00394706    0.00000000 
max(|Fsp_paral|) :   0.00000000    0.00038050    0.00076751    0.00288834    0.00259732    0.00037740    0.00162131    0.00347149    0.00034131    0.00000000 
max(|Fsp_perp|)  :   0.00000000    0.00000000    0.00000000    0.00000000    0.00000000    0.00000000    0.00000000    0.00000000    0.00000000    0.00000000 
max(|FNEB|)      :   0.00000000    0.00178027    0.00094664    0.00078386    0.00084077    0.00088587    0.00088678    0.00172626    0.00096263    0.00000000 
max(|Force|)     :   0.00173011    0.00233346    0.00246887    0.01637748    0.01045166    0.00088893    0.00831308    0.02047163    0.00184219    0.00133386 
ksp              :   0.01000000    0.01000000    0.03049984    0.08661313    0.10000000    0.10000000    0.08264069    0.02365255    0.01000000 
max(|step|)      :   0.00000000    0.01998678    0.01018505    0.00855380    0.00917459    0.00987223    0.00987436    0.01927498    0.00898603    0.00000000 
angle (deg.)     :    36.2710  72.9260  55.4289  9.5427  28.2706  13.5597  48.4813  71.5697 
>
iteration       : 81
climbing        : yes
zoom on         : no
nim             : 10
barrier         :   0.01640188 (image:  5) 
distance        :   0.00000000    3.54765865    7.18848803    8.34700670    8.80888175    9.26500663    9.72307944   10.23566139   11.79255806   15.51520769 
energy          : -1076.31736593  -1076.32515216  -1076.32642347  -1076.31365119  -1076.30341843  -1076.30096405  -1076.30410593  -1076.31467452  -1076.34392462  -1076.34881019 
max(|Fr_perp|)   :   0.00000000    0.00166483    0.00403499    0.00301253    0.00298416    0.00083915    0.00093145    0.00252218    0.00426725    0.00000000 
Fr_paral         :   0.00000000    0.00218095   -0.00450866   -0.02554290   -0.01554208   -0.00011909    0.01510327    0.03256026    0.00347426    0.00000000 
max(|Fsp_paral|) :   0.00000000    0.00037248    0.00060971    0.00260209    0.00276319    0.00008787    0.00165471    0.00214167    0.00055685    0.00000000 
max(|Fsp_perp|)  :   0.00000000    0.00000000    0.00000000    0.00000000    0.00000000    0.00000000    0.00000000    0.00000000    0.00000000    0.00000000 
max(|FNEB|)      :   0.00000000    0.00203906    0.00405704    0.00137491    0.00081569    0.00083954    0.00084794    0.00169188    0.00437911    0.00000000 
max(|Force|)     :   0.00173011    0.00253675    0.00409460    0.01644002    0.01050365    0.00083875    0.00810550    0.02013624    0.00396517    0.00133386 
ksp              :   0.01000000    0.01000000    0.03038339    0.08653235    0.10000000    0.10000000    0.08275995    0.02476823    0.01000000 
max(|step|)      :   0.00000000    0.02175578    0.01082336    0.00925805    0.00989879    0.01055457    0.01056101    0.01872982    0.00841712    0.00000000 
angle (deg.)     :    36.6150  73.3374  55.1987  9.7749  28.1511  15.5569  50.1166  72.4887 
>
iteration       : 82
climbing        : yes
zoom on         : no
nim             : 10
barrier         :   0.01634916 (image:  5) 
distance        :   0.00000000    3.55957026    7.20915180    8.38546792    8.84824580    9.30656997    9.76033458   10.27586555   11.83454678   15.55046532 
energy          : -1076.31736593  -1076.32525065  -1076.32657348  -1076.31372475  -1076.30347113  -1076.30101677  -1076.30411839  -1076.31465469  -1076.34391972  -1076.34881019 
max(|Fr_perp|)   :   0.00000000    0.00153432    0.00378681    0.00309408    0.00309316    0.00083923    0.00164824    0.00299405    0.00362554    0.00000000 
Fr_paral         :   0.00000000    0.00221761   -0.00439965   -0.02559252   -0.01547848   -0.00009008    0.01503509    0.03229345    0.00348801    0.00000000 
max(|Fsp_paral|) :   0.00000000    0.00036415    0.00058105    0.00254903    0.00282561    0.00020510    0.00128864    0.00219694    0.00071394    0.00000000 
max(|Fsp_perp|)  :   0.00000000    0.00000000    0.00000000    0.00000000    0.00000000    0.00000000    0.00000000    0.00000000    0.00000000    0.00000000 
max(|FNEB|)      :   0.00000000    0.00190007    0.00380828    0.00157797    0.00089113    0.00083977    0.00164919    0.00267949    0.00377127    0.00000000 
max(|Force|)     :   0.00173011    0.00243148    0.00384589    0.01647965    0.01052198    0.00083870    0.00801391    0.01996354    0.00331572    0.00133386 
ksp              :   0.01000000    0.01000000    0.03004420    0.08648906    0.10000000    0.10000000    0.08292599    0.02492499    0.01000000 
max(|step|)      :   0.00000000    0.07861674    0.04005950    0.03488903    0.03714991    0.03899418    0.03904754    0.05790314    0.02813116    0.00000000 
angle (deg.)     :    37.9992  74.5604  54.9968  10.8649  28.4478  21.0932  53.3209  74.9374 
>
iteration       : 83
climbing        : yes
zoom on         : no
nim             : 10
barrier         :   0.01616330 (image:  5) 
distance        :   0.00000000    3.60475207    7.28906039    8.53565842    9.00436380    9.47004430    9.91043573   10.43929209   11.99105726   15.68100665 
energy          : -1076.31736593  -1076.32558922  -1076.32707953  -1076.31399640  -1076.30364491  -1076.30120262  -1076.30357890  -1076.31450592  -1076.34361656  -1076.34881019 
max(|Fr_perp|)   :   0.00000000    0.00361139    0.00426208    0.00576169    0.00335048    0.00090418    0.02265399    0.01395976    0.01792445    0.00000000 
Fr_paral         :   0.00000000    0.00177614   -0.00389687   -0.02546524   -0.01520750   -0.00001050    0.01209282    0.03103453    0.00234318    0.00000000 
max(|Fsp_paral|) :   0.00000000    0.00033517    0.00049456    0.00250444    0.00289288    0.00111024    0.00091513    0.00322595    0.00144494    0.00000000 
max(|Fsp_perp|)  :   0.00000000    0.00000000    0.00000000    0.00000000    0.00000000    0.00000000    0.00000000    0.00000000    0.00000000    0.00000000 
max(|FNEB|)      :   0.00000000    0.00365248    0.00428106    0.00602559    0.00166359    0.00090406    0.02264430    0.01428349    0.01801772    0.00000000 
max(|Force|)     :   0.00173011    0.00370514    0.00431542    0.01655061    0.01046917    0.00090430    0.02243928    0.02043551    0.01786221    0.00133386 
ksp              :   0.01000000    0.01000000    0.02876208    0.08640095    0.10000000    0.10000000    0.08676850    0.02592500    0.01000000 
max(|step|)      :   0.00000000    0.00245285    0.00231272    0.00305843    0.00087431    0.00048632    0.01168658    0.00723094    0.00921214    0.00000000 
angle (deg.)     :    37.9923  74.5604  55.0069  10.8660  28.2612  20.1704  53.2463  74.8421 
>
iteration       : 84
climbing        : yes
zoom on         : no
nim             : 10
barrier         :   0.01616102 (image:  5) 
distance        :   0.00000000    3.60504153    7.28954448    8.53575383    9.00530675    9.47091157    9.91257198   10.44272428   11.98583054   15.67692766 
energy          : -1076.31736593  -1076.32560492  -1076.32710525  -1076.31405287  -1076.30364612  -1076.30120490  -1076.30419316  -1076.31482588  -1076.34382751  -1076.34881019 
max(|Fr_perp|)   :   0.00000000    0.00141037    0.00093089    0.00325910    0.00337036    0.00084920    0.00482247    0.00421748    0.00374497    0.00000000 
Fr_paral         :   0.00000000    0.00218678   -0.00394448   -0.02558394   -0.01520195   -0.00000585    0.01483255    0.03182519    0.00345273    0.00000000 
max(|Fsp_paral|) :   0.00000000    0.00033500    0.00069558    0.00276095    0.00285292    0.00106631    0.00001323    0.00397517    0.00015119    0.00000000 
max(|Fsp_perp|)  :   0.00000000    0.00000000    0.00000000    0.00000000    0.00000000    0.00000000    0.00000000    0.00000000    0.00000000    0.00000000 
max(|FNEB|)      :   0.00000000    0.00174659    0.00089565    0.00119339    0.00114281    0.00084928    0.00485577    0.00300711    0.00377244    0.00000000 
max(|Force|)     :   0.00173011    0.00233228    0.00215119    0.01654504    0.01048379    0.00084912    0.00786086    0.02025331    0.00343381    0.00133386 
ksp              :   0.01000000    0.01000000    0.02845028    0.08640501    0.10000000    0.10000000    0.08335853    0.02414537    0.01000000 
max(|step|)      :   0.00000000    0.01041094    0.00529754    0.00486940    0.00508267    0.00504400    0.00506337    0.00509199    0.00412551    0.00000000 
angle (deg.)     :    38.1661  74.5982  55.2071  11.0685  28.3352  18.7341  51.7960  74.6998 
>
iteration       : 85
climbing        : yes
zoom on         : no
nim             : 10
barrier         :   0.01613696 (image:  5) 
distance        :   0.00000000    3.61088418    7.29990897    8.55721521    9.02837210    9.49434799    9.93321514   10.46420339   11.99623716   15.68269471 
energy          : -1076.31736593  -1076.32565048  -1076.32717050  -1076.31411306  -1076.30366431  -1076.30122897  -1076.30421104  -1076.31495001  -1076.34386116  -1076.34881019 
max(|Fr_perp|)   :   0.00000000    0.00101133    0.00127144    0.00319163    0.00337648    0.00084424    0.00094595    0.00353081    0.00185613    0.00000000 
Fr_paral         :   0.00000000    0.00243811   -0.00387725   -0.02552306   -0.01516202   -0.00000476    0.01485210    0.03223593    0.00382375    0.00000000 
max(|Fsp_paral|) :   0.00000000    0.00033115    0.00075428    0.00287925    0.00279702    0.00120781    0.00018865    0.00473469    0.00039134    0.00000000 
max(|Fsp_perp|)  :   0.00000000    0.00000000    0.00000000    0.00000000    0.00000000    0.00000000    0.00000000    0.00000000    0.00000000    0.00000000 
max(|FNEB|)      :   0.00000000    0.00134340    0.00124270    0.00122417    0.00112211    0.00084421    0.00085330    0.00325183    0.00187106    0.00000000 
max(|Force|)     :   0.00173011    0.00204456    0.00210460    0.01650998    0.01046384    0.00084427    0.00793086    0.02049539    0.00193391    0.00133386 
ksp              :   0.01000000    0.01000000    0.02814210    0.08641749    0.10000000    0.10000000    0.08336823    0.02347417    0.01000000 
max(|step|)      :   0.00000000    0.06419308    0.03300907    0.02993409    0.03142117    0.03185913    0.03194919    0.03055669    0.02391963    0.00000000 
angle (deg.)     :    39.3624  75.1449  55.8569  12.1604  29.0015  16.4884  48.1695  75.0925 
>
iteration       : 86
climbing        : yes
zoom on         : no
nim             : 10
barrier         :   0.01599138 (image:  5) 
distance        :   0.00000000    3.64934375    7.36930638    8.69274934    9.17103771    9.64146264   10.07012329   10.60293688   12.10160066   15.76240056 
energy          : -1076.31736593  -1076.32592133  -1076.32754754  -1076.31440913  -1076.30379184  -1076.30137454  -1076.30420904  -1076.31511641  -1076.34376126  -1076.34881019 
max(|Fr_perp|)   :   0.00000000    0.00117691    0.00460103    0.00304231    0.00349774    0.00082020    0.00646337    0.00314641    0.00919019    0.00000000 
Fr_paral         :   0.00000000    0.00247814   -0.00353679   -0.02525052   -0.01495705    0.00002273    0.01437648    0.03268675    0.00413700    0.00000000 
max(|Fsp_paral|) :   0.00000000    0.00030854    0.00097075    0.00326837    0.00268619    0.00185278    0.00094860    0.00603952    0.00115047    0.00000000 
max(|Fsp_perp|)  :   0.00000000    0.00000000    0.00000000    0.00000000    0.00000000    0.00000000    0.00000000    0.00000000    0.00000000    0.00000000 
max(|FNEB|)      :   0.00000000    0.00131846    0.00456426    0.00150185    0.00119558    0.00081984    0.00638814    0.00420336    0.00940082    0.00000000 
max(|Force|)     :   0.00173011    0.00180674    0.00454211    0.01639516    0.01040531    0.00082056    0.00810797    0.02121452    0.00951528    0.00133386 
ksp              :   0.01000000    0.01000000    0.02664095    0.08639535    0.10000000    0.10000000    0.08404733    0.02266035    0.01000000 
max(|step|)      :   0.00000000    0.10000000    0.05129057    0.04605697    0.04828872    0.04922590    0.04935537    0.05027253    0.03663459    0.00000000 
angle (deg.)     :    41.3713  76.1318  56.4698  13.6859  30.4391  16.9990  45.9905  76.4591 
>
iteration       : 87
climbing        : yes
zoom on         : no
nim             : 10
barrier         :   0.01577893 (image:  5) 
distance        :   0.00000000    3.71330007    7.48573929    8.91231721    9.39916337    9.87837694   10.29878379   10.82826559   12.29822121   15.92248336 
energy          : -1076.31736593  -1076.32631471  -1076.32810781  -1076.31479719  -1076.30399648  -1076.30158700  -1076.30433509  -1076.31506062  -1076.34350290  -1076.34881019 
max(|Fr_perp|)   :   0.00000000    0.00100820    0.00481287    0.00300792    0.00374617    0.00083525    0.00845008    0.00397539    0.01124603    0.00000000 
Fr_paral         :   0.00000000    0.00216930   -0.00308174   -0.02490008   -0.01470298    0.00007373    0.01414614    0.03226596    0.00368951    0.00000000 
max(|Fsp_paral|) :   0.00000000    0.00026976    0.00127507    0.00365402    0.00273255    0.00258857    0.00129723    0.00581450    0.00096603    0.00000000 
max(|Fsp_perp|)  :   0.00000000    0.00000000    0.00000000    0.00000000    0.00000000    0.00000000    0.00000000    0.00000000    0.00000000    0.00000000 
max(|FNEB|)      :   0.00000000    0.00110305    0.00499729    0.00193224    0.00135658    0.00083453    0.00879073    0.00382293    0.01202638    0.00000000 
max(|Force|)     :   0.00173011    0.00160761    0.00499247    0.01628065    0.01039050    0.00083750    0.00845461    0.02163030    0.01213141    0.00133386 
ksp              :   0.01000000    0.01000000    0.02464685    0.08625961    0.10000000    0.10000000    0.08438342    0.02314233    0.01000000 
max(|step|)      :   0.00000000    0.00092923    0.00420982    0.00162776    0.00114281    0.00070303    0.00740550    0.00322052    0.01013129    0.00000000 
angle (deg.)     :    41.3776  76.0409  56.5241  13.5545  30.6053  16.3995  45.7809  76.3440 
>
iteration       : 88
climbing        : yes
zoom on         : no
nim             : 10
barrier         :   0.01577569 (image:  5) 
distance        :   0.00000000    3.71379771    7.48612843    8.91682924    9.40149747    9.88129960   10.30493536   10.82661527   12.30096343   15.92340064 
energy          : -1076.31736593  -1076.32631947  -1076.32814139  -1076.31477156  -1076.30401172  -1076.30159024  -1076.30445982  -1076.31500424  -1076.34363938  -1076.34881019 
max(|Fr_perp|)   :   0.00000000    0.00079893    0.00118605    0.00303777    0.00375981    0.00081548    0.00285683    0.00365145    0.00595130    0.00000000 
Fr_paral         :   0.00000000    0.00228605   -0.00311155   -0.02492743   -0.01476351    0.00007096    0.01469498    0.03228374    0.00308037    0.00000000 
max(|Fsp_paral|) :   0.00000000    0.00026718    0.00111564    0.00336768    0.00286472    0.00247643    0.00063214    0.00494519    0.00070026    0.00000000 
max(|Fsp_perp|)  :   0.00000000    0.00000000    0.00000000    0.00000000    0.00000000    0.00000000    0.00000000    0.00000000    0.00000000    0.00000000 
max(|FNEB|)      :   0.00000000    0.00086671    0.00135068    0.00185854    0.00131419    0.00081407    0.00289583    0.00261635    0.00590768    0.00000000 
max(|Force|)     :   0.00173011    0.00156486    0.00157835    0.01628730    0.01044316    0.00081688    0.00824917    0.02135154    0.00586337    0.00133386 
ksp              :   0.01000000    0.01000000    0.02480083    0.08618549    0.10000000    0.10000000    0.08362911    0.02347338    0.01000000 
max(|step|)      :   0.00000000    0.00076883    0.00118655    0.00161116    0.00113722    0.00070323    0.00159280    0.00239334    0.00255337    0.00000000 
angle (deg.)     :    41.3886  75.9516  56.5886  13.4483  30.7608  16.0075  45.6517  76.2297 
>
iteration       : 89
climbing        : yes
zoom on         : no
nim             : 10
barrier         :   0.01577256 (image:  5) 
distance        :   0.00000000    3.71430120    7.48671762    8.92124769    9.40416783    9.88444412   10.31042999   10.82634560   12.30413297   15.92479545 
energy          : -1076.31736593  -1076.32632360  -1076.32815321  -1076.31475163  -1076.30402515  -1076.30159337  -1076.30450085  -1076.31494781  -1076.34370961  -1076.34881019 
max(|Fr_perp|)   :   0.00000000    0.00076143    0.00148254    0.00306637    0.00376733    0.00081677    0.00274807    0.00332287    0.00442171    0.00000000 
Fr_paral         :   0.00000000    0.00228012   -0.00312076   -0.02493975   -0.01481733    0.00006574    0.01483803    0.03229847    0.00306961    0.00000000 
max(|Fsp_paral|) :   0.00000000    0.00026534    0.00098549    0.00313118    0.00297605    0.00239608    0.00021747    0.00432073    0.00044797    0.00000000 
max(|Fsp_perp|)  :   0.00000000    0.00000000    0.00000000    0.00000000    0.00000000    0.00000000    0.00000000    0.00000000    0.00000000    0.00000000 
max(|FNEB|)      :   0.00000000    0.00082883    0.00151342    0.00181920    0.00130247    0.00081551    0.00277752    0.00191347    0.00439604    0.00000000 
max(|Force|)     :   0.00173011    0.00157942    0.00159074    0.01628253    0.01048465    0.00081804    0.00817829    0.02106902    0.00433743    0.00133386 
ksp              :   0.01000000    0.01000000    0.02491748    0.08612398    0.10000000    0.10000000    0.08340959    0.02379806    0.01000000 
max(|step|)      :   0.00000000    0.00807347    0.01214438    0.01758625    0.01265697    0.00795901    0.01186334    0.01771333    0.02098028    0.00000000 
angle (deg.)     :    41.5386  75.0432  57.5441  12.7727  32.2320  14.5963  45.8531  75.0487 
>
iteration       : 90
climbing        : yes
zoom on         : no
nim             : 10
barrier         :   0.01573866 (image:  5) 
distance        :   0.00000000    3.71996047    7.49574839    8.96659009    9.43907486    9.92253841   10.36303446   10.84724510   12.34630928   15.95002444 
energy          : -1076.31736593  -1076.32636664  -1076.32823961  -1076.31469272  -1076.30413235  -1076.30162727  -1076.30468817  -1076.31436748  -1076.34397065  -1076.34881019 
max(|Fr_perp|)   :   0.00000000    0.00178478    0.00622289    0.00313349    0.00380322    0.00085704    0.00609733    0.00802662    0.00880248    0.00000000 
Fr_paral         :   0.00000000    0.00204229   -0.00312256   -0.02483386   -0.01523207    0.00000998    0.01532856    0.03131567    0.00239743    0.00000000 
max(|Fsp_paral|) :   0.00000000    0.00025572    0.00028206    0.00176816    0.00370527    0.00192079    0.00208785    0.00041454    0.00193703    0.00000000 
max(|Fsp_perp|)  :   0.00000000    0.00000000    0.00000000    0.00000000    0.00000000    0.00000000    0.00000000    0.00000000    0.00000000    0.00000000 
max(|FNEB|)      :   0.00000000    0.00175271    0.00620973    0.00152447    0.00117202    0.00085691    0.00608073    0.00797230    0.00893087    0.00000000 
max(|Force|)     :   0.00173011    0.00174224    0.00617542    0.01602727    0.01079979    0.00085717    0.00849847    0.01957500    0.00873920    0.00133386 
ksp              :   0.01000000    0.01000000    0.02528647    0.08567495    0.10000000    0.10000000    0.08249653    0.02714633    0.01000000 
max(|step|)      :   0.00000000    0.00425338    0.00659124    0.00804406    0.00592063    0.00390634    0.00594988    0.00859589    0.01215427    0.00000000 
angle (deg.)     :    41.6098  74.6782  58.0903  12.7763  32.7172  14.3321  46.1356  74.4552 
>
iteration       : 91
climbing        : yes
zoom on         : no
nim             : 10
barrier         :   0.01572283 (image:  5) 
distance        :   0.00000000    3.72267992    7.50119765    8.98520710    9.45821431    9.94183284   10.38232791   10.87153190   12.36271800   15.96046983 
energy          : -1076.31736593  -1076.32638894  -1076.32831529  -1076.31476304  -1076.30415574  -1076.30164309  -1076.30473702  -1076.31452481  -1076.34400631  -1076.34881019 
max(|Fr_perp|)   :   0.00000000    0.00087124    0.00324319    0.00299238    0.00380353    0.00081931    0.00341636    0.00559927    0.00915902    0.00000000 
Fr_paral         :   0.00000000    0.00232879   -0.00311699   -0.02466630   -0.01530252   -0.00001166    0.01557686    0.03134867    0.00355635    0.00000000 
max(|Fsp_paral|) :   0.00000000    0.00025622    0.00041622    0.00191391    0.00372340    0.00192597    0.00193277    0.00060280    0.00131254    0.00000000 
max(|Fsp_perp|)  :   0.00000000    0.00000000    0.00000000    0.00000000    0.00000000    0.00000000    0.00000000    0.00000000    0.00000000    0.00000000 
max(|FNEB|)      :   0.00000000    0.00090135    0.00325724    0.00132857    0.00101882    0.00081943    0.00341056    0.00549899    0.00909818    0.00000000 
max(|Force|)     :   0.00173011    0.00163070    0.00327919    0.01580210    0.01086210    0.00081919    0.00791922    0.01952367    0.00922102    0.00133386 
ksp              :   0.01000000    0.01000000    0.02489935    0.08561718    0.10000000    0.10000000    0.08228989    0.02626298    0.01000000 
max(|step|)      :   0.00000000    0.00056546    0.00141982    0.00105077    0.00083580    0.00028826    0.00227164    0.00342824    0.00407511    0.00000000 
angle (deg.)     :    41.6083  74.7337  58.0407  12.9177  32.4983  13.9281  45.8120  74.5030 
>
iteration       : 92
climbing        : yes
zoom on         : no
nim             : 10
barrier         :   0.01572405 (image:  5) 
distance        :   0.00000000    3.72245023    7.50129143    8.98220412    9.45743334    9.94035116   10.37753994   10.87345264   12.35721319   15.95629321 
energy          : -1076.31736593  -1076.32638743  -1076.32831572  -1076.31479953  -1076.30414134  -1076.30164188  -1076.30470769  -1076.31473817  -1076.34405425  -1076.34881019 
max(|Fr_perp|)   :   0.00000000    0.00081863    0.00123601    0.00293754    0.00378394    0.00082494    0.00117905    0.00344972    0.00342713    0.00000000 
Fr_paral         :   0.00000000    0.00228063   -0.00311300   -0.02464697   -0.01523981   -0.00000791    0.01549296    0.03185729    0.00368756    0.00000000 
max(|Fsp_paral|) :   0.00000000    0.00025873    0.00061142    0.00224664    0.00357537    0.00204198    0.00143719    0.00205912    0.00048188    0.00000000 
max(|Fsp_perp|)  :   0.00000000    0.00000000    0.00000000    0.00000000    0.00000000    0.00000000    0.00000000    0.00000000    0.00000000    0.00000000 
max(|FNEB|)      :   0.00000000    0.00085856    0.00125533    0.00135912    0.00103818    0.00082502    0.00149986    0.00260520    0.00339938    0.00000000 
max(|Force|)     :   0.00173011    0.00164597    0.00173892    0.01578717    0.01080564    0.00082485    0.00782815    0.01939284    0.00350141    0.00133386 
ksp              :   0.01000000    0.01000000    0.02468934    0.08569381    0.10000000    0.10000000    0.08245214    0.02504054    0.01000000 
max(|step|)      :   0.00000000    0.00296468    0.00332907    0.00513361    0.00385501    0.00279334    0.00315486    0.00397466    0.00478421    0.00000000 
angle (deg.)     :    41.6695  74.5322  58.3825  13.0797  32.5418  13.6550  45.6249  74.2186 
>
iteration       : 93
climbing        : yes
zoom on         : no
nim             : 10
barrier         :   0.01571303 (image:  5) 
distance        :   0.00000000    3.72438051    7.50574273    8.99409236    9.47177559    9.95410699   10.38763570   10.89231462   12.36629233   15.96189930 
energy          : -1076.31736593  -1076.32640204  -1076.32834901  -1076.31487720  -1076.30414352  -1076.30165290  -1076.30466350  -1076.31493984  -1076.34408176  -1076.34881019 
max(|Fr_perp|)   :   0.00000000    0.00075221    0.00099639    0.00281452    0.00375173    0.00083065    0.00099848    0.00298177    0.00112456    0.00000000 
Fr_paral         :   0.00000000    0.00223049   -0.00308801   -0.02451789   -0.01521733   -0.00002070    0.01530675    0.03223268    0.00399311    0.00000000 
max(|Fsp_paral|) :   0.00000000    0.00026176    0.00085544    0.00262746    0.00344231    0.00218288    0.00080219    0.00359462    0.00030361    0.00000000 
max(|Fsp_perp|)  :   0.00000000    0.00000000    0.00000000    0.00000000    0.00000000    0.00000000    0.00000000    0.00000000    0.00000000    0.00000000 
max(|FNEB|)      :   0.00000000    0.00090921    0.00108983    0.00129402    0.00099228    0.00083085    0.00090417    0.00135462    0.00107329    0.00000000 
max(|Force|)     :   0.00173011    0.00167179    0.00170409    0.01564106    0.01077498    0.00083046    0.00772371    0.01965121    0.00239658    0.00133386 
ksp              :   0.01000000    0.01000000    0.02425477    0.08573440    0.10000000    0.10000000    0.08275608    0.02389596    0.01000000 
max(|step|)      :   0.00000000    0.00825888    0.00983297    0.01437331    0.01073579    0.00775596    0.00747519    0.01029045    0.01030359    0.00000000 
angle (deg.)     :    41.8328  73.9871  59.3185  13.3262  32.8647  13.7194  45.5466  73.5473 
>
iteration       : 94
climbing        : yes
zoom on         : no
nim             : 10
barrier         :   0.01568291 (image:  5) 
distance        :   0.00000000    3.72981690    7.51726434    9.02973685    9.51063481    9.99252103   10.42129149   10.93804660   12.39914335   15.98396953 
energy          : -1076.31736593  -1076.32644192  -1076.32844024  -1076.31501202  -1076.30416722  -1076.30168301  -1076.30460919  -1076.31514375  -1076.34409590  -1076.34881019 
max(|Fr_perp|)   :   0.00000000    0.00078762    0.00165664    0.00258889    0.00370067    0.00083247    0.00212360    0.00250153    0.00469533    0.00000000 
Fr_paral         :   0.00000000    0.00220796   -0.00303188   -0.02419346   -0.01522674   -0.00005620    0.01500001    0.03249167    0.00451690    0.00000000 
max(|Fsp_paral|) :   0.00000000    0.00026563    0.00115802    0.00308937    0.00330184    0.00238582    0.00006042    0.00530590    0.00106746    0.00000000 
max(|Fsp_perp|)  :   0.00000000    0.00000000    0.00000000    0.00000000    0.00000000    0.00000000    0.00000000    0.00000000    0.00000000    0.00000000 
max(|FNEB|)      :   0.00000000    0.00094403    0.00162395    0.00106553    0.00085128    0.00083277    0.00209838    0.00284483    0.00445470    0.00000000 
max(|Force|)     :   0.00173011    0.00169582    0.00163894    0.01530400    0.01076392    0.00083217    0.00766924    0.02016812    0.00428277    0.00133386 
ksp              :   0.01000000    0.01000000    0.02350846    0.08574382    0.10000000    0.10000000    0.08320744    0.02275247    0.01000000 
max(|step|)      :   0.00000000    0.01316270    0.01599609    0.02143050    0.01617954    0.01229799    0.01191925    0.01051499    0.01253726    0.00000000 
angle (deg.)     :    42.0915  73.3054  60.6233  13.6144  33.2493  14.5536  45.4776  72.9954 
>
iteration       : 95
climbing        : yes
zoom on         : no
nim             : 10
barrier         :   0.01563666 (image:  5) 
distance        :   0.00000000    3.73855860    7.53493525    9.08750494    9.57059673   10.05280277   10.47827566   11.00138300   12.45653782   16.02401368 
energy          : -1076.31736593  -1076.32650330  -1076.32858750  -1076.31513311  -1076.30421275  -1076.30172926  -1076.30459618  -1076.31514349  -1076.34410134  -1076.34881019 
max(|Fr_perp|)   :   0.00000000    0.00084006    0.00228099    0.00238865    0.00365767    0.00083546    0.00149845    0.00448194    0.00498651    0.00000000 
Fr_paral         :   0.00000000    0.00217554   -0.00296658   -0.02380456   -0.01524571   -0.00010396    0.01471470    0.03237193    0.00505557    0.00000000 
max(|Fsp_paral|) :   0.00000000    0.00026791    0.00124116    0.00323910    0.00324836    0.00256516    0.00055609    0.00564131    0.00103259    0.00000000 
max(|Fsp_perp|)  :   0.00000000    0.00000000    0.00000000    0.00000000    0.00000000    0.00000000    0.00000000    0.00000000    0.00000000    0.00000000 
max(|FNEB|)      :   0.00000000    0.00098849    0.00224764    0.00102746    0.00067647    0.00083548    0.00153540    0.00475969    0.00475408    0.00000000 
max(|Force|)     :   0.00173011    0.00172839    0.00224515    0.01497246    0.01076981    0.00083544    0.00785174    0.02065520    0.00452428    0.00133386 
ksp              :   0.01000000    0.01000000    0.02285144    0.08570579    0.10000000    0.10000000    0.08349889    0.02279171    0.01000000 
max(|step|)      :   0.00000000    0.03627734    0.04331733    0.05442999    0.04184943    0.03354638    0.03268498    0.02335451    0.02618000    0.00000000 
angle (deg.)     :    42.8336  72.0987  63.8192  14.3295  34.3505  17.4518  45.7256  72.4622 
>
iteration       : 96
climbing        : yes
zoom on         : no
nim             : 10
barrier         :   0.01552165 (image:  5) 
distance        :   0.00000000    3.76314080    7.58509592    9.24694900    9.73406978   10.21950459   10.64184435   11.17292047   12.62052975   16.14481993 
energy          : -1076.31736593  -1076.32665586  -1076.32891863  -1076.31533202  -1076.30433867  -1076.30184427  -1076.30443861  -1076.31491697  -1076.34364629  -1076.34881019 
max(|Fr_perp|)   :   0.00000000    0.00276927    0.00980499    0.00437323    0.00364441    0.00253398    0.01267778    0.01490122    0.01872953    0.00000000 
Fr_paral         :   0.00000000    0.00227735   -0.00278154   -0.02280505   -0.01527213   -0.00020325    0.01332435    0.03064198    0.00514501    0.00000000 
max(|Fsp_paral|) :   0.00000000    0.00027641    0.00099720    0.00299433    0.00328979    0.00287479    0.00137986    0.00525080    0.00008894    0.00000000 
max(|Fsp_perp|)  :   0.00000000    0.00000000    0.00000000    0.00000000    0.00000000    0.00000000    0.00000000    0.00000000    0.00000000    0.00000000 
max(|FNEB|)      :   0.00000000    0.00276871    0.00972692    0.00433847    0.00298308    0.00253649    0.01258112    0.01533665    0.01872740    0.00000000 
max(|Force|)     :   0.00173011    0.00276713    0.00970749    0.01423129    0.01082582    0.00253148    0.01229342    0.02180706    0.01857526    0.00133386 
ksp              :   0.01000000    0.01000000    0.02179329    0.08553662    0.10000000    0.10000000    0.08495710    0.02419988    0.01000000 
max(|step|)      :   0.00000000    0.00150321    0.00527121    0.00228691    0.00162075    0.00137117    0.00639219    0.00894164    0.00870234    0.00000000 
angle (deg.)     :    42.8376  72.1506  63.6875  14.2595  34.2317  16.7734  45.3717  72.6874 
>
iteration       : 97
climbing        : yes
zoom on         : no
nim             : 10
barrier         :   0.01551504 (image:  5) 
distance        :   0.00000000    3.76333827    7.58504142    9.24781783    9.73307963   10.21892000   10.64405914   11.16572491   12.61977131   16.14313298 
energy          : -1076.31736593  -1076.32666217  -1076.32898409  -1076.31532151  -1076.30435396  -1076.30185088  -1076.30468321  -1076.31496439  -1076.34395229  -1076.34881019 
max(|Fr_perp|)   :   0.00000000    0.00069036    0.00108057    0.00215706    0.00365989    0.00083035    0.00234051    0.00460516    0.00450636    0.00000000 
Fr_paral         :   0.00000000    0.00220708   -0.00281079   -0.02298290   -0.01529351   -0.00020484    0.01435484    0.03179690    0.00585984    0.00000000 
max(|Fsp_paral|) :   0.00000000    0.00027433    0.00092975    0.00281728    0.00339608    0.00277991    0.00051703    0.00460716    0.00018463    0.00000000 
max(|Fsp_perp|)  :   0.00000000    0.00000000    0.00000000    0.00000000    0.00000000    0.00000000    0.00000000    0.00000000    0.00000000    0.00000000 
max(|FNEB|)      :   0.00000000    0.00096477    0.00100460    0.00118214    0.00072936    0.00082825    0.00233680    0.00289320    0.00450048    0.00000000 
max(|Force|)     :   0.00173011    0.00172775    0.00145751    0.01437527    0.01084619    0.00083245    0.00809237    0.02125392    0.00436787    0.00133386 
ksp              :   0.01000000    0.01000000    0.02185926    0.08548010    0.10000000    0.10000000    0.08357019    0.02393091    0.01000000 
max(|step|)      :   0.00000000    0.00363895    0.00427156    0.00263620    0.00253878    0.00324886    0.00328448    0.00819034    0.00442124    0.00000000 
angle (deg.)     :    42.9037  72.2512  63.5541  14.2232  34.1689  16.6733  44.9749  73.1988 
>
iteration       : 98
climbing        : yes
zoom on         : no
nim             : 10
barrier         :   0.01550301 (image:  5) 
distance        :   0.00000000    3.76570477    7.58931252    9.26040613    9.74297851   10.22987473   10.65864512   11.16779585   12.62989736   16.14936126 
energy          : -1076.31736593  -1076.32667642  -1076.32902694  -1076.31528582  -1076.30437928  -1076.30186292  -1076.30476070  -1076.31479024  -1076.34403505  -1076.34881019 
max(|Fr_perp|)   :   0.00000000    0.00066711    0.00108133    0.00224874    0.00369867    0.00082491    0.00145136    0.00416383    0.00216750    0.00000000 
Fr_paral         :   0.00000000    0.00221983   -0.00280665   -0.02315704   -0.01531628   -0.00020108    0.01454549    0.03164236    0.00591914    0.00000000 
max(|Fsp_paral|) :   0.00000000    0.00027255    0.00066813    0.00236463    0.00356988    0.00266464    0.00025157    0.00309160    0.00054484    0.00000000 
max(|Fsp_perp|)  :   0.00000000    0.00000000    0.00000000    0.00000000    0.00000000    0.00000000    0.00000000    0.00000000    0.00000000    0.00000000 
max(|FNEB|)      :   0.00000000    0.00093654    0.00093938    0.00113905    0.00066159    0.00082303    0.00127507    0.00245514    0.00225026    0.00000000 
max(|Force|)     :   0.00173011    0.00170881    0.00145108    0.01455906    0.01088033    0.00082679    0.00833202    0.02083913    0.00395250    0.00133386 
ksp              :   0.01000000    0.01000000    0.02207569    0.08539170    0.10000000    0.10000000    0.08317743    0.02495269    0.01000000 
max(|step|)      :   0.00000000    0.01297491    0.01427122    0.01235716    0.01089879    0.01173842    0.01174082    0.02092997    0.00825515    0.00000000 
angle (deg.)     :    43.1651  72.4006  63.6548  14.3766  34.2382  16.7724  44.4750  74.1553 
>
iteration       : 99
climbing        : yes
zoom on         : no
nim             : 10
barrier         :   0.01546089 (image:  5) 
distance        :   0.00000000    3.77441924    7.60720131    9.30838097    9.78836980   10.27768141   10.71073583   11.20389237   12.67344829   16.18039489 
energy          : -1076.31736593  -1076.32672718  -1076.32916076  -1076.31529347  -1076.30444293  -1076.30190504  -1076.30487128  -1076.31455458  -1076.34408763  -1076.34881019 
max(|Fr_perp|)   :   0.00000000    0.00067741    0.00131008    0.00231688    0.00378746    0.00083643    0.00266661    0.00372864    0.00523282    0.00000000 
Fr_paral         :   0.00000000    0.00217963   -0.00277469   -0.02328789   -0.01532963   -0.00020159    0.01472718    0.03124967    0.00591517    0.00000000 
max(|Fsp_paral|) :   0.00000000    0.00027608    0.00039234    0.00184146    0.00381112    0.00258140    0.00119241    0.00109183    0.00155537    0.00000000 
max(|Fsp_perp|)  :   0.00000000    0.00000000    0.00000000    0.00000000    0.00000000    0.00000000    0.00000000    0.00000000    0.00000000    0.00000000 
max(|FNEB|)      :   0.00000000    0.00092611    0.00134593    0.00116603    0.00058283    0.00083475    0.00266860    0.00289867    0.00493287    0.00000000 
max(|Force|)     :   0.00173011    0.00168104    0.00145879    0.01471573    0.01093969    0.00083810    0.00848137    0.02033005    0.00572621    0.00133386 
ksp              :   0.01000000    0.01000000    0.02206403    0.08522656    0.10000000    0.10000000    0.08273311    0.02636522    0.01000000 
max(|step|)      :   0.00000000    0.03141934    0.03382470    0.03310945    0.02860797    0.02859440    0.02845846    0.03851981    0.02039499    0.00000000 
angle (deg.)     :    43.8476  72.6169  64.5270  15.0270  34.8868  17.0456  44.1304  75.2863 
>
iteration       : 100
climbing        : yes
zoom on         : no
nim             : 10
barrier         :   0.01536167 (image:  5) 
distance        :   0.00000000    3.79627432    7.65431617    9.43006018    9.91119351   10.40506028   10.83780084   11.32458683   12.78766152   16.26565853 
energy          : -1076.31736593  -1076.32684507  -1076.32946592  -1076.31545384  -1076.30456745  -1076.30200426  -1076.30497720  -1076.31448840  -1076.34409220  -1076.34881019 
max(|Fr_perp|)   :   0.00000000    0.00081509    0.00107798    0.00225077    0.00394789    0.00084228    0.00324742    0.00363738    0.00736082    0.00000000 
Fr_paral         :   0.00000000    0.00235912   -0.00255313   -0.02309930   -0.01531068   -0.00022003    0.01479290    0.03086441    0.00599236    0.00000000 
max(|Fsp_paral|) :   0.00000000    0.00029562    0.00045689    0.00176110    0.00401081    0.00280953    0.00145988    0.00048195    0.00191635    0.00000000 
max(|Fsp_perp|)  :   0.00000000    0.00000000    0.00000000    0.00000000    0.00000000    0.00000000    0.00000000    0.00000000    0.00000000    0.00000000 
max(|FNEB|)      :   0.00000000    0.00095096    0.00109025    0.00186338    0.00102522    0.00083953    0.00330749    0.00327942    0.00699424    0.00000000 
max(|Force|)     :   0.00173011    0.00153066    0.00135536    0.01459200    0.01103081    0.00084502    0.00839980    0.01996957    0.00785670    0.00133386 
ksp              :   0.01000000    0.01000000    0.02120243    0.08498292    0.10000000    0.10000000    0.08258230    0.02685868    0.01000000 
max(|step|)      :   0.00000000    0.08426396    0.09206831    0.08712636    0.07709456    0.07759288    0.07733629    0.10000000    0.05595861    0.00000000 
angle (deg.)     :    45.8872  73.6197  66.6933  17.0185  37.0619  19.8444  44.8343  77.9595 
>
iteration       : 101
climbing        : yes
zoom on         : no
nim             : 10
barrier         :   0.01513232 (image:  5) 
distance        :   0.00000000    3.85991646    7.79800663    9.78169064   10.26795187   10.77431413   11.20258203   11.68644954   13.12911892   16.53092096 
energy          : -1076.31736593  -1076.32709641  -1076.33016503  -1076.31567949  -1076.30481731  -1076.30223361  -1076.30514882  -1076.31424413  -1076.34408121  -1076.34881019 
max(|Fr_perp|)   :   0.00000000    0.00647783    0.00489921    0.01443519    0.00770286    0.00419415    0.00398644    0.01409407    0.00413151    0.00000000 
Fr_paral         :   0.00000000    0.00048711   -0.00267960   -0.02206764   -0.01513194   -0.00022601    0.01474265    0.02916296    0.00564150    0.00000000 
max(|Fsp_paral|) :   0.00000000    0.00038491    0.00025963    0.00067111    0.00439402    0.00359059    0.00134570    0.00071082    0.00312061    0.00000000 
max(|Fsp_perp|)  :   0.00000000    0.00000000    0.00000000    0.00000000    0.00000000    0.00000000    0.00000000    0.00000000    0.00000000    0.00000000 
max(|FNEB|)      :   0.00000000    0.00662541    0.00505199    0.01483336    0.00790978    0.00431630    0.00411255    0.01442949    0.00491741    0.00000000 
max(|Force|)     :   0.00173011    0.00663936    0.00515566    0.01473142    0.01123929    0.00431414    0.00759805    0.01916295    0.00445801    0.00133386 
ksp              :   0.01000000    0.01000000    0.02012452    0.08465041    0.10000000    0.10000000    0.08267139    0.02866656    0.01000000 
max(|step|)      :   0.00000000    0.00484028    0.00369080    0.01083670    0.00577860    0.00315333    0.00300448    0.01054166    0.00359248    0.00000000 
angle (deg.)     :    45.9006  73.7302  66.5846  17.0864  37.0740  19.3276  44.4718  77.7813 
>
iteration       : 102
climbing        : yes
zoom on         : no
nim             : 10
barrier         :   0.01510265 (image:  5) 
distance        :   0.00000000    3.86049082    7.79812698    9.77919600   10.26771732   10.77403345   11.20053000   11.68992892   13.12269895   16.52453177 
energy          : -1076.31736593  -1076.32712741  -1076.33022525  -1076.31597101  -1076.30488590  -1076.30226327  -1076.30519099  -1076.31460695  -1076.34413008  -1076.34881019 
max(|Fr_perp|)   :   0.00000000    0.00045220    0.00108533    0.00205577    0.00434853    0.00081261    0.00100632    0.00463715    0.00227690    0.00000000 
Fr_paral         :   0.00000000    0.00200591   -0.00212779   -0.02241472   -0.01522524   -0.00026542    0.01484964    0.03018017    0.00565275    0.00000000 
max(|Fsp_paral|) :   0.00000000    0.00038018    0.00149051    0.00265956    0.00436714    0.00367362    0.00107777    0.00134480    0.00164379    0.00000000 
max(|Fsp_perp|)  :   0.00000000    0.00000000    0.00000000    0.00000000    0.00000000    0.00000000    0.00000000    0.00000000    0.00000000    0.00000000 
max(|FNEB|)      :   0.00000000    0.00070433    0.00157723    0.00133255    0.00078055    0.00081056    0.00120534    0.00318557    0.00282687    0.00000000 
max(|Force|)     :   0.00173011    0.00131260    0.00110127    0.01409733    0.01122667    0.00081467    0.00780464    0.01942341    0.00385481    0.00133386 
ksp              :   0.01000000    0.01000000    0.01831259    0.08437117    0.10000000    0.10000000    0.08255310    0.02644133    0.01000000 
max(|step|)      :   0.00000000    0.00056054    0.00099308    0.00091565    0.00035890    0.00058732    0.00076200    0.00237001    0.00211175    0.00000000 
angle (deg.)     :    45.9055  73.8077  66.4429  17.0720  37.1186  19.0652  44.1841  77.6564 
>
iteration       : 103
climbing        : yes
zoom on         : no
nim             : 10
barrier         :   0.01510079 (image:  5) 
distance        :   0.00000000    3.86103373    7.79828564    9.78041217   10.26887086   10.77519618   11.20025487   11.69245589   13.12018990   16.52178603 
energy          : -1076.31736593  -1076.32712914  -1076.33023370  -1076.31597362  -1076.30488407  -1076.30226513  -1076.30517664  -1076.31472396  -1076.34414839  -1076.34881019 
max(|Fr_perp|)   :   0.00000000    0.00046539    0.00107680    0.00208796    0.00434831    0.00080761    0.00084389    0.00434133    0.00204752    0.00000000 
Fr_paral         :   0.00000000    0.00207591   -0.00209517   -0.02246094   -0.01521001   -0.00026168    0.01481957    0.03055556    0.00571595    0.00000000 
max(|Fsp_paral|) :   0.00000000    0.00037567    0.00149276    0.00266771    0.00436374    0.00373781    0.00087658    0.00209840    0.00116615    0.00000000 
max(|Fsp_perp|)  :   0.00000000    0.00000000    0.00000000    0.00000000    0.00000000    0.00000000    0.00000000    0.00000000    0.00000000    0.00000000 
max(|FNEB|)      :   0.00000000    0.00065916    0.00159790    0.00133153    0.00075253    0.00080570    0.00112778    0.00254546    0.00230536    0.00000000 
max(|Force|)     :   0.00173011    0.00129324    0.00110383    0.01412399    0.01121465    0.00080952    0.00779835    0.01957985    0.00364516    0.00133386 
ksp              :   0.01000000    0.01000000    0.01829809    0.08439124    0.10000000    0.10000000    0.08264757    0.02574598    0.01000000 
max(|step|)      :   0.00000000    0.00470098    0.00977693    0.00826774    0.00318745    0.00544685    0.00684466    0.01687744    0.01592975    0.00000000 
angle (deg.)     :    45.9569  74.5281  65.2055  16.9739  37.6292  18.3476  42.6802  76.6960 
>
iteration       : 104
climbing        : yes
zoom on         : no
nim             : 10
barrier         :   0.01508420 (image:  5) 
distance        :   0.00000000    3.86608022    7.80056611    9.79432193   10.28184670   10.78839933   11.20299084   11.71240041   13.11223824   16.51051131 
energy          : -1076.31736593  -1076.32714413  -1076.33030757  -1076.31596224  -1076.30486565  -1076.30228173  -1076.30507092  -1076.31517484  -1076.34424204  -1076.34881019 
max(|Fr_perp|)   :   0.00000000    0.00112332    0.00105509    0.00236345    0.00436943    0.00084760    0.00085999    0.00329512    0.00157644    0.00000000 
Fr_paral         :   0.00000000    0.00171966   -0.00212099   -0.02283268   -0.01506253   -0.00022621    0.01460040    0.03197111    0.00567428    0.00000000 
max(|Fsp_paral|) :   0.00000000    0.00033755    0.00130014    0.00248145    0.00435071    0.00419492    0.00048695    0.00547397    0.00071579    0.00000000 
max(|Fsp_perp|)  :   0.00000000    0.00000000    0.00000000    0.00000000    0.00000000    0.00000000    0.00000000    0.00000000    0.00000000    0.00000000 
max(|FNEB|)      :   0.00000000    0.00122926    0.00145694    0.00228852    0.00125118    0.00084682    0.00101288    0.00270539    0.00211334    0.00000000 
max(|Force|)     :   0.00173011    0.00138658    0.00116504    0.01440657    0.01112208    0.00084837    0.00755542    0.02051218    0.00332101    0.00133386 
ksp              :   0.01000000    0.01000000    0.01837513    0.08458301    0.10000000    0.10000000    0.08335827    0.02307314    0.01000000 
max(|step|)      :   0.00000000    0.00443147    0.00909142    0.00636559    0.00290985    0.00504387    0.00523794    0.00874762    0.00923215    0.00000000 
angle (deg.)     :    46.0060  75.1311  64.3796  16.9658  38.1594  18.8475  42.5386  76.3052 
>
iteration       : 105
climbing        : yes
zoom on         : no
nim             : 10
barrier         :   0.01507153 (image:  5) 
distance        :   0.00000000    3.87046072    7.80162924    9.80775724   10.29452179   10.80154400   11.21554566   11.71462596   13.12329518   16.51572660 
energy          : -1076.31736593  -1076.32715575  -1076.33036645  -1076.31591693  -1076.30484931  -1076.30229439  -1076.30508869  -1076.31478572  -1076.34430134  -1076.34881019 
max(|Fr_perp|)   :   0.00000000    0.00172699    0.00183141    0.00450493    0.00443079    0.00139188    0.00140281    0.01132646    0.00325091    0.00000000 
Fr_paral         :   0.00000000    0.00243005   -0.00181246   -0.02299781   -0.01492927   -0.00019469    0.01467436    0.03133771    0.00548218    0.00000000 
max(|Fsp_paral|) :   0.00000000    0.00029992    0.00090654    0.00206803    0.00434921    0.00422788    0.00008799    0.00312668    0.00079377    0.00000000 
max(|Fsp_perp|)  :   0.00000000    0.00000000    0.00000000    0.00000000    0.00000000    0.00000000    0.00000000    0.00000000    0.00000000    0.00000000 
max(|FNEB|)      :   0.00000000    0.00186486    0.00171266    0.00457384    0.00220906    0.00139353    0.00139724    0.01132203    0.00320758    0.00000000 
max(|Force|)     :   0.00173011    0.00228380    0.00172753    0.01446827    0.01108103    0.00139024    0.00773849    0.02005680    0.00336132    0.00133386 
ksp              :   0.01000000    0.01000000    0.01865273    0.08474327    0.10000000    0.10000000    0.08331378    0.02540775    0.01000000 
max(|step|)      :   0.00000000    0.00077289    0.00074747    0.00202451    0.00098883    0.00066324    0.00060526    0.00420102    0.00127366    0.00000000 
angle (deg.)     :    46.0102  75.1639  64.3431  16.9876  38.1999  18.7261  42.5498  76.2784 
>
iteration       : 106
climbing        : yes
zoom on         : no
nim             : 10
barrier         :   0.01506721 (image:  5) 
distance        :   0.00000000    3.87084924    7.80234286    9.80953081   10.29658628   10.80368064   11.21792108   11.71645062   13.12431481   16.51641125 
energy          : -1076.31736593  -1076.32715931  -1076.33037764  -1076.31595028  -1076.30485593  -1076.30229872  -1076.30510019  -1076.31487685  -1076.34430732  -1076.34881019 
max(|Fr_perp|)   :   0.00000000    0.00080270    0.00108404    0.00237012    0.00443506    0.00077773    0.00078916    0.00409653    0.00141762    0.00000000 
Fr_paral         :   0.00000000    0.00216690   -0.00191511   -0.02304360   -0.01492808   -0.00019685    0.01471180    0.03165885    0.00552039    0.00000000 
max(|Fsp_paral|) :   0.00000000    0.00029962    0.00108726    0.00227976    0.00434313    0.00421856    0.00004235    0.00351237    0.00046319    0.00000000 
max(|Fsp_perp|)  :   0.00000000    0.00000000    0.00000000    0.00000000    0.00000000    0.00000000    0.00000000    0.00000000    0.00000000    0.00000000 
max(|FNEB|)      :   0.00000000    0.00094058    0.00125409    0.00144632    0.00086730    0.00077765    0.00079458    0.00404992    0.00138938    0.00000000 
max(|Force|)     :   0.00173011    0.00129959    0.00107418    0.01445441    0.01108143    0.00077780    0.00771231    0.02004193    0.00259779    0.00133386 
ksp              :   0.01000000    0.01000000    0.01845598    0.08472518    0.10000000    0.10000000    0.08326616    0.02486782    0.01000000 
max(|step|)      :   0.00000000    0.00250976    0.00584054    0.00371725    0.00207393    0.00337706    0.00349183    0.00433632    0.00467067    0.00000000 
angle (deg.)     :    46.0442  75.5082  63.9263  17.0616  38.5298  18.8585  42.6660  76.0823 
>
iteration       : 107
climbing        : yes
zoom on         : no
nim             : 10
barrier         :   0.01505662 (image:  5) 
distance        :   0.00000000    3.87369953    7.80439625    9.82018711   10.30751112   10.81504737   11.22961069   11.72201167   13.13342544   16.52209428 
energy          : -1076.31736593  -1076.32716852  -1076.33041977  -1076.31595344  -1076.30485252  -1076.30230931  -1076.30512558  -1076.31474475  -1076.34432338  -1076.34881019 
max(|Fr_perp|)   :   0.00000000    0.00029172    0.00105315    0.00236939    0.00447947    0.00083924    0.00083963    0.00275205    0.00089890    0.00000000 
Fr_paral         :   0.00000000    0.00188079   -0.00199330   -0.02312761   -0.01484964   -0.00018117    0.01480962    0.03149182    0.00549657    0.00000000 
max(|Fsp_paral|) :   0.00000000    0.00028176    0.00101849    0.00224078    0.00432387    0.00421219    0.00024844    0.00255448    0.00099486    0.00000000 
max(|Fsp_perp|)  :   0.00000000    0.00000000    0.00000000    0.00000000    0.00000000    0.00000000    0.00000000    0.00000000    0.00000000    0.00000000 
max(|FNEB|)      :   0.00000000    0.00054650    0.00118810    0.00100648    0.00072833    0.00083947    0.00084481    0.00199048    0.00121375    0.00000000 
max(|Force|)     :   0.00173011    0.00119443    0.00111279    0.01447333    0.01106443    0.00083900    0.00769178    0.01976464    0.00250944    0.00133386 
ksp              :   0.01000000    0.01000000    0.01844302    0.08479810    0.10000000    0.10000000    0.08316589    0.02566794    0.01000000 
max(|step|)      :   0.00000000    0.00385728    0.00859180    0.00530917    0.00328267    0.00512239    0.00528191    0.00508088    0.00576173    0.00000000 
angle (deg.)     :    46.0972  76.0134  63.3567  17.2289  39.0002  19.1400  42.9195  75.7752 
>
iteration       : 108
climbing        : yes
zoom on         : no
nim             : 10
barrier         :   0.01504187 (image:  5) 
distance        :   0.00000000    3.87792643    7.80743018    9.83595906   10.32411343   10.83240725   11.24645022   11.73401560   13.14630225   16.53048076 
energy          : -1076.31736593  -1076.32718081  -1076.33047767  -1076.31595740  -1076.30484728  -1076.30232406  -1076.30514591  -1076.31459559  -1076.34431542  -1076.34881019 
max(|Fr_perp|)   :   0.00000000    0.00079506    0.00106954    0.00240081    0.00453750    0.00086258    0.00085479    0.00393212    0.00112865    0.00000000 
Fr_paral         :   0.00000000    0.00171965   -0.00199556   -0.02321806   -0.01473505   -0.00015777    0.01489843    0.03119825    0.00553002    0.00000000 
max(|Fsp_paral|) :   0.00000000    0.00025520    0.00091369    0.00219658    0.00428372    0.00425274    0.00043577    0.00161855    0.00156602    0.00000000 
max(|Fsp_perp|)  :   0.00000000    0.00000000    0.00000000    0.00000000    0.00000000    0.00000000    0.00000000    0.00000000    0.00000000    0.00000000 
max(|FNEB|)      :   0.00000000    0.00077501    0.00109706    0.00158939    0.00087799    0.00086316    0.00085895    0.00404274    0.00188006    0.00000000 
max(|Force|)     :   0.00173011    0.00118215    0.00112564    0.01450663    0.01103362    0.00086199    0.00764941    0.01947807    0.00268263    0.00133386 
ksp              :   0.01000000    0.01000000    0.01842761    0.08490280    0.10000000    0.10000000    0.08311603    0.02657574    0.01000000 
max(|step|)      :   0.00000000    0.00865199    0.01920593    0.01014165    0.00841624    0.01195040    0.01224346    0.00618645    0.01400992    0.00000000 
angle (deg.)     :    46.2195  77.0351  62.3885  17.7769  39.9479  19.6469  43.4974  75.1477 
>
iteration       : 109
climbing        : yes
zoom on         : no
nim             : 10
barrier         :   0.01500809 (image:  5) 
distance        :   0.00000000    3.88730496    7.81517355    9.87380715   10.36488061   10.87552334   11.28745731   11.77304649   13.17412391   16.55012365 
energy          : -1076.31736593  -1076.32720818  -1076.33060261  -1076.31598780  -1076.30484893  -1076.30235784  -1076.30517554  -1076.31449580  -1076.34422963  -1076.34881019 
max(|Fr_perp|)   :   0.00000000    0.00105777    0.00105191    0.00247348    0.00464821    0.00086448    0.00084243    0.00517211    0.00136853    0.00000000 
Fr_paral         :   0.00000000    0.00163811   -0.00190599   -0.02331579   -0.01451303   -0.00011112    0.01502297    0.03079150    0.00578322    0.00000000 
max(|Fsp_paral|) :   0.00000000    0.00020112    0.00079855    0.00224996    0.00419917    0.00441977    0.00042190    0.00120353    0.00184272    0.00000000 
max(|Fsp_perp|)  :   0.00000000    0.00000000    0.00000000    0.00000000    0.00000000    0.00000000    0.00000000    0.00000000    0.00000000    0.00000000 
max(|FNEB|)      :   0.00000000    0.00104202    0.00099948    0.00194382    0.00106671    0.00086541    0.00084409    0.00528492    0.00233144    0.00000000 
max(|Force|)     :   0.00173011    0.00110793    0.00108018    0.01458857    0.01097085    0.00086356    0.00758156    0.01912548    0.00294843    0.00133386 
ksp              :   0.01000000    0.01000000    0.01826430    0.08506152    0.10000000    0.10000000    0.08310292    0.02721149    0.01000000 
max(|step|)      :   0.00000000    0.01935108    0.04560751    0.01824885    0.02275561    0.02924299    0.02972856    0.01890321    0.03180710    0.00000000 
angle (deg.)     :    46.5358  79.0892  61.0638  19.3734  41.9743  21.2944  44.1230  74.1900 
>
iteration       : 110
climbing        : yes
zoom on         : no
nim             : 10
barrier         :   0.01493089 (image:  5) 
distance        :   0.00000000    3.90901566    7.83747338    9.97467410   10.47367780   10.99211371   11.40248730   11.88507507   13.25055213   16.61017113 
energy          : -1076.31736593  -1076.32725947  -1076.33085699  -1076.31606504  -1076.30489443  -1076.30243504  -1076.30526272  -1076.31440206  -1076.34389818  -1076.34881019 
max(|Fr_perp|)   :   0.00000000    0.00299057    0.00369751    0.00320792    0.00487166    0.00118897    0.00214905    0.00408548    0.00380005    0.00000000 
Fr_paral         :   0.00000000    0.00076184   -0.00187052   -0.02328638   -0.01414796   -0.00002586    0.01525635    0.03015993    0.00565436    0.00000000 
max(|Fsp_paral|) :   0.00000000    0.00009683    0.00054457    0.00232937    0.00412778    0.00476822    0.00051810    0.00106252    0.00185186    0.00000000 
max(|Fsp_perp|)  :   0.00000000    0.00000000    0.00000000    0.00000000    0.00000000    0.00000000    0.00000000    0.00000000    0.00000000    0.00000000 
max(|FNEB|)      :   0.00000000    0.00294672    0.00364911    0.00316998    0.00133591    0.00118907    0.00215151    0.00416977    0.00403872    0.00000000 
max(|Force|)     :   0.00173011    0.00281508    0.00362931    0.01489412    0.01089096    0.00118886    0.00734583    0.01913974    0.00372401    0.00133386 
ksp              :   0.01000000    0.01000000    0.01784144    0.08517533    0.10000000    0.10000000    0.08295538    0.02786550    0.01000000 
max(|step|)      :   0.00000000    0.03091432    0.07146618    0.02388493    0.03833274    0.04703969    0.04765658    0.03594082    0.04761476    0.00000000 
angle (deg.)     :    47.0636  81.8771  60.1566  22.3300  45.0549  23.9126  44.7522  73.3149 
>
iteration       : 111
climbing        : yes
zoom on         : no
nim             : 10
barrier         :   0.01480864 (image:  5) 
distance        :   0.00000000    3.94304661    7.87670845   10.14268224   10.65997578   11.19285583   11.60249800   12.08602176   13.38946638   16.72891178 
energy          : -1076.31736593  -1076.32735189  -1076.33122210  -1076.31622546  -1076.30499156  -1076.30255729  -1076.30543458  -1076.31442976  -1076.34314064  -1076.34881019 
max(|Fr_perp|)   :   0.00000000    0.00094753    0.00339183    0.00375866    0.00516473    0.00088911    0.00162047    0.00978932    0.00436916    0.00000000 
Fr_paral         :   0.00000000    0.00197436   -0.00103069   -0.02281839   -0.01368141    0.00010279    0.01564247    0.02926696    0.00561093    0.00000000 
max(|Fsp_paral|) :   0.00000000    0.00004707    0.00045356    0.00295225    0.00393965    0.00534798    0.00056689    0.00191656    0.00117084    0.00000000 
max(|Fsp_perp|)  :   0.00000000    0.00000000    0.00000000    0.00000000    0.00000000    0.00000000    0.00000000    0.00000000    0.00000000    0.00000000 
max(|FNEB|)      :   0.00000000    0.00095827    0.00343292    0.00399410    0.00202547    0.00089028    0.00163683    0.00991705    0.00409645    0.00000000 
max(|Force|)     :   0.00173011    0.00140148    0.00342978    0.01511921    0.01079035    0.00088794    0.00761409    0.01880757    0.00491071    0.00133386 
ksp              :   0.01000000    0.01000000    0.01693119    0.08520567    0.10000000    0.10000000    0.08251317    0.02784465    0.01000000 
max(|step|)      :   0.00000000    0.01542956    0.03932180    0.01696587    0.02527801    0.02739507    0.02744835    0.02968688    0.03132183    0.00000000 
angle (deg.)     :    47.3829  82.9395  60.1769  23.4631  46.3751  24.0343  42.8270  73.3827 
>
iteration       : 112
climbing        : yes
zoom on         : no
nim             : 10
barrier         :   0.01473882 (image:  5) 
distance        :   0.00000000    3.96108526    7.90422608   10.24942689   10.77290312   11.31591364   11.72706571   12.21395089   13.46416290   16.79455961 
energy          : -1076.31736593  -1076.32739592  -1076.33140916  -1076.31638618  -1076.30511071  -1076.30262710  -1076.30554637  -1076.31489654  -1076.34273473  -1076.34881019 
max(|Fr_perp|)   :   0.00000000    0.00079509    0.00108149    0.00373626    0.00528333    0.00078594    0.00151372    0.00371144    0.00256048    0.00000000 
Fr_paral         :   0.00000000    0.00165311   -0.00095174   -0.02249337   -0.01368542    0.00014618    0.01576999    0.03030961    0.00524845    0.00000000 
max(|Fsp_paral|) :   0.00000000    0.00009029    0.00090583    0.00353443    0.00418366    0.00571050    0.00059050    0.00462678    0.00077457    0.00000000 
max(|Fsp_perp|)  :   0.00000000    0.00000000    0.00000000    0.00000000    0.00000000    0.00000000    0.00000000    0.00000000    0.00000000    0.00000000 
max(|FNEB|)      :   0.00000000    0.00076773    0.00175012    0.00435678    0.00164701    0.00078148    0.00151849    0.00374358    0.00272566    0.00000000 
max(|Force|)     :   0.00173011    0.00104502    0.00140532    0.01521461    0.01085543    0.00079040    0.00773473    0.01929825    0.00372436    0.00133386 
ksp              :   0.01000000    0.01000000    0.01598266    0.08483429    0.10000000    0.10000000    0.08217405    0.02507887    0.01000000 
max(|step|)      :   0.00000000    0.01311362    0.04070570    0.03923553    0.03276494    0.02961115    0.02911889    0.04820577    0.03322389    0.00000000 
angle (deg.)     :    47.6909  83.0551  60.6845  23.2279  46.9930  24.4844  38.9609  74.7398 
>
iteration       : 113
climbing        : yes
zoom on         : no
nim             : 10
barrier         :   0.01465992 (image:  5) 
distance        :   0.00000000    3.97686743    7.93457731   10.37662635   10.89169650   11.44738429   11.86153238   12.35435808   13.54104771   16.85823522 
energy          : -1076.31736593  -1076.32743631  -1076.33160806  -1076.31659038  -1076.30533479  -1076.30270600  -1076.30568020  -1076.31527703  -1076.34244081  -1076.34881019 
max(|Fr_perp|)   :   0.00000000    0.00102188    0.00112321    0.00432765    0.00536268    0.00082823    0.00247190    0.00741131    0.00342598    0.00000000 
Fr_paral         :   0.00000000    0.00115116   -0.00080337   -0.02225282   -0.01412164    0.00014771    0.01574066    0.03086678    0.00438893    0.00000000 
max(|Fsp_paral|) :   0.00000000    0.00009661    0.00163318    0.00366264    0.00525817    0.00621858    0.00059556    0.00709033    0.00240548    0.00000000 
max(|Fsp_perp|)  :   0.00000000    0.00000000    0.00000000    0.00000000    0.00000000    0.00000000    0.00000000    0.00000000    0.00000000    0.00000000 
max(|FNEB|)      :   0.00000000    0.00107000    0.00219306    0.00462818    0.00207162    0.00082447    0.00245653    0.00751315    0.00427348    0.00000000 
max(|Force|)     :   0.00173011    0.00101958    0.00125060    0.01518793    0.01121370    0.00083199    0.00805116    0.02076437    0.00376712    0.00133386 
ksp              :   0.01000000    0.01000000    0.01476125    0.08386142    0.10000000    0.10000000    0.08174089    0.02282415    0.01000000 
max(|step|)      :   0.00000000    0.00680764    0.01988258    0.02596639    0.01647239    0.01279967    0.01238948    0.02390770    0.01021937    0.00000000 
angle (deg.)     :    47.7534  82.6511  61.2163  22.5859  47.2817  25.3245  38.0365  75.7482 
>
iteration       : 114
climbing        : yes
zoom on         : no
nim             : 10
barrier         :   0.01462580 (image:  5) 
distance        :   0.00000000    3.98180999    7.94315360   10.43611027   10.94374522   11.50275311   11.91514280   12.41118550   13.58587962   16.89154246 
energy          : -1076.31736593  -1076.32744540  -1076.33168745  -1076.31668785  -1076.30541932  -1076.30274013  -1076.30569971  -1076.31530283  -1076.34247546  -1076.34881019 
max(|Fr_perp|)   :   0.00000000    0.00289386    0.00536228    0.00341118    0.00537080    0.00148342    0.00238656    0.01301229    0.01103640    0.00000000 
Fr_paral         :   0.00000000    0.00242510   -0.00049755   -0.02231158   -0.01433237    0.00012653    0.01560773    0.03071113    0.00373140    0.00000000 
max(|Fsp_paral|) :   0.00000000    0.00010329    0.00197611    0.00365611    0.00578853    0.00652172    0.00034741    0.00753466    0.00253448    0.00000000 
max(|Fsp_perp|)  :   0.00000000    0.00000000    0.00000000    0.00000000    0.00000000    0.00000000    0.00000000    0.00000000    0.00000000    0.00000000 
max(|FNEB|)      :   0.00000000    0.00288913    0.00520068    0.00341578    0.00174071    0.00148194    0.00238426    0.01322364    0.01078499    0.00000000 
max(|Force|)     :   0.00173011    0.00319375    0.00534373    0.01493851    0.01128495    0.00148490    0.00807477    0.02055718    0.01088954    0.00133386 
ksp              :   0.01000000    0.01000000    0.01417255    0.08351356    0.10000000    0.10000000    0.08178817    0.02269531    0.01000000 
max(|step|)      :   0.00000000    0.00833227    0.02648702    0.03421360    0.02093007    0.01598071    0.01544854    0.02814381    0.01302111    0.00000000 
angle (deg.)     :    47.8439  82.1735  62.1813  21.8420  47.8772  26.4891  37.5670  77.0178 
>
iteration       : 115
climbing        : yes
zoom on         : no
nim             : 10
barrier         :   0.01458205 (image:  5) 
distance        :   0.00000000    3.98753566    7.95392875   10.51693030   11.01666542   11.57803054   11.98811420   12.48149340   13.65949194   16.94677859 
energy          : -1076.31736593  -1076.32746657  -1076.33181734  -1076.31675097  -1076.30548314  -1076.30278387  -1076.30570046  -1076.31524993  -1076.34273650  -1076.34881019 
max(|Fr_perp|)   :   0.00000000    0.00223044    0.00452957    0.00288351    0.00543629    0.00124392    0.00313546    0.00698560    0.00837820    0.00000000 
Fr_paral         :   0.00000000    0.00228146   -0.00052857   -0.02235511   -0.01445833    0.00009804    0.01536911    0.03090824    0.00401343    0.00000000 
max(|Fsp_paral|) :   0.00000000    0.00010676    0.00197963    0.00329612    0.00627087    0.00680702    0.00028191    0.00727768    0.00229799    0.00000000 
max(|Fsp_perp|)  :   0.00000000    0.00000000    0.00000000    0.00000000    0.00000000    0.00000000    0.00000000    0.00000000    0.00000000    0.00000000 
max(|FNEB|)      :   0.00000000    0.00218054    0.00436848    0.00277131    0.00144418    0.00124277    0.00313663    0.00705681    0.00816084    0.00000000 
max(|Force|)     :   0.00173011    0.00275725    0.00451004    0.01459771    0.01142969    0.00124507    0.00796352    0.02000963    0.00822467    0.00133386 
ksp              :   0.01000000    0.01000000    0.01379546    0.08334021    0.10000000    0.10000000    0.08199891    0.02305988    0.01000000 
max(|step|)      :   0.00000000    0.02555373    0.09126628    0.08682402    0.06526890    0.05751757    0.05658130    0.07104562    0.04793225    0.00000000 
angle (deg.)     :    48.3494  82.4103  64.6631  22.3628  51.3390  29.6407  38.1844  79.2923 
>
iteration       : 116
climbing        : yes
zoom on         : no
nim             : 10
barrier         :   0.01444190 (image:  5) 
distance        :   0.00000000    4.01437932    7.99989611   10.79682927   11.29524030   11.86124976   12.26471948   12.73477342   13.94178759   17.17140698 
energy          : -1076.31736593  -1076.32750906  -1076.33210925  -1076.31675398  -1076.30548599  -1076.30292402  -1076.30567768  -1076.31419750  -1076.34285811  -1076.34881019 
max(|Fr_perp|)   :   0.00000000    0.00613353    0.00698644    0.00953787    0.00582075    0.00128432    0.00581465    0.00943919    0.01333646    0.00000000 
Fr_paral         :   0.00000000    0.00299088    0.00057883   -0.02192777   -0.01390049    0.00005151    0.01464608    0.02904083    0.00382588    0.00000000 
max(|Fsp_paral|) :   0.00000000    0.00014626    0.00055478    0.00173181    0.00635874    0.00741870    0.00069939    0.00167475    0.00149471    0.00000000 
max(|Fsp_perp|)  :   0.00000000    0.00000000    0.00000000    0.00000000    0.00000000    0.00000000    0.00000000    0.00000000    0.00000000    0.00000000 
max(|FNEB|)      :   0.00000000    0.00612736    0.00696970    0.00953754    0.00479351    0.00128471    0.00583227    0.00946399    0.01347030    0.00000000 
max(|Force|)     :   0.00173011    0.00621026    0.00699431    0.01365202    0.01150063    0.00128394    0.00817591    0.01883697    0.01320178    0.00133386 
ksp              :   0.01000000    0.01000000    0.01381357    0.08403420    0.10000000    0.10000000    0.08283959    0.02974518    0.01000000 
max(|step|)      :   0.00000000    0.02551855    0.08121258    0.05192333    0.05448983    0.05503368    0.05488351    0.05757153    0.04606241    0.00000000 
angle (deg.)     :    49.0497  84.2275  64.8981  23.9165  54.6138  31.7317  38.0740  80.2067 
>
iteration       : 117
climbing        : yes
zoom on         : no
nim             : 10
barrier         :   0.01432020 (image:  5) 
distance        :   0.00000000    4.04698165    8.06820201   11.05410519   11.55997632   12.13626132   12.53695956   13.00173218   14.17830279   17.37460352 
energy          : -1076.31736593  -1076.32759560  -1076.33238595  -1076.31707486  -1076.30556879  -1076.30304572  -1076.30583014  -1076.31433691  -1076.34269810  -1076.34881019 
max(|Fr_perp|)   :   0.00000000    0.00076789    0.00190291    0.00502605    0.00599910    0.00287663    0.00281719    0.01027934    0.00548538    0.00000000 
Fr_paral         :   0.00000000    0.00154298   -0.00009060   -0.02188003   -0.01357439    0.00012200    0.01490514    0.02919959    0.00538525    0.00000000 
max(|Fsp_paral|) :   0.00000000    0.00013112    0.00220473    0.00386340    0.00639175    0.00799142    0.00085826    0.00230104    0.00091400    0.00000000 
max(|Fsp_perp|)  :   0.00000000    0.00000000    0.00000000    0.00000000    0.00000000    0.00000000    0.00000000    0.00000000    0.00000000    0.00000000 
max(|FNEB|)      :   0.00000000    0.00075802    0.00258105    0.00505621    0.00312190    0.00287634    0.00280444    0.01043947    0.00542819    0.00000000 
max(|Force|)     :   0.00173011    0.00095198    0.00190379    0.01341511    0.01142562    0.00287692    0.00765310    0.01836978    0.00561529    0.00133386 
ksp              :   0.01000000    0.01000000    0.01182930    0.08414294    0.10000000    0.10000000    0.08250039    0.02903686    0.01000000 
max(|step|)      :   0.00000000    0.03296079    0.10000000    0.05944488    0.06579495    0.06732086    0.06719448    0.06964973    0.05610912    0.00000000 
angle (deg.)     :    50.0287  86.6266  64.7339  25.7112  58.6062  34.7160  37.8765  81.6738 
>
iteration       : 118
climbing        : yes
zoom on         : no
nim             : 10
barrier         :   0.01419478 (image:  5) 
distance        :   0.00000000    4.08911418    8.16320832   11.37891068   11.89197129   12.48297075   12.88221458   13.34130599   14.47994372   17.64421662 
energy          : -1076.31736593  -1076.32765690  -1076.33250234  -1076.31728321  -1076.30566255  -1076.30317115  -1076.30592724  -1076.31414445  -1076.34210402  -1076.34881019 
max(|Fr_perp|)   :   0.00000000    0.00122632    0.00535557    0.00601873    0.00627288    0.00543065    0.00568081    0.01263116    0.01047631    0.00000000 
Fr_paral         :   0.00000000    0.00085979    0.00009492   -0.02159470   -0.01315867    0.00016994    0.01479223    0.02845070    0.00551566    0.00000000 
max(|Fsp_paral|) :   0.00000000    0.00007737    0.00308325    0.00496096    0.00659822    0.00870379    0.00100624    0.00172086    0.00127731    0.00000000 
max(|Fsp_perp|)  :   0.00000000    0.00000000    0.00000000    0.00000000    0.00000000    0.00000000    0.00000000    0.00000000    0.00000000    0.00000000 
max(|FNEB|)      :   0.00000000    0.00130418    0.00561019    0.00631501    0.00405088    0.00562235    0.00586599    0.01331924    0.01087105    0.00000000 
max(|Force|)     :   0.00173011    0.00107044    0.00555612    0.01324521    0.01139440    0.00562267    0.00741924    0.01814407    0.01103581    0.00133386 
ksp              :   0.01000000    0.01000000    0.01052798    0.08419811    0.10000000    0.10000000    0.08253046    0.03053395    0.01000000 
max(|step|)      :   0.00000000    0.00101127    0.00435020    0.00489672    0.00314109    0.00435962    0.00454855    0.01032787    0.00842952    0.00000000 
angle (deg.)     :    50.0350  86.6081  64.7704  25.6204  58.6024  34.3286  37.2491  81.4261 
>
iteration       : 119
climbing        : yes
zoom on         : no
nim             : 10
barrier         :   0.01416621 (image:  5) 
distance        :   0.00000000    4.08899650    8.15982461   11.38224337   11.89237177   12.48274018   12.88081111   13.34290548   14.47539059   17.63743503 
energy          : -1076.31736593  -1076.32765908  -1076.33254225  -1076.31723740  -1076.30567010  -1076.30319972  -1076.30595475  -1076.31443372  -1076.34223795  -1076.34881019 
max(|Fr_perp|)   :   0.00000000    0.00043872    0.00109238    0.00266983    0.00626483    0.00087561    0.00103004    0.00494587    0.00331470    0.00000000 
Fr_paral         :   0.00000000    0.00121797    0.00075237   -0.02189011   -0.01309781    0.00018717    0.01479608    0.02927617    0.00561487    0.00000000 
max(|Fsp_paral|) :   0.00000000    0.00009298    0.00262032    0.00433382    0.00663379    0.00871583    0.00083740    0.00312826    0.00032862    0.00000000 
max(|Fsp_perp|)  :   0.00000000    0.00000000    0.00000000    0.00000000    0.00000000    0.00000000    0.00000000    0.00000000    0.00000000    0.00000000 
max(|FNEB|)      :   0.00000000    0.00048439    0.00319199    0.00223540    0.00103931    0.00087444    0.00095426    0.00424008    0.00337882    0.00000000 
max(|Force|)     :   0.00173011    0.00051492    0.00125280    0.01349011    0.01135798    0.00087679    0.00753396    0.01834597    0.00511198    0.00133386 
ksp              :   0.01000000    0.01000000    0.01081657    0.08430532    0.10000000    0.10000000    0.08249688    0.02862872    0.01000000 
max(|step|)      :   0.00000000    0.00046144    0.00246254    0.00180232    0.00079978    0.00060771    0.00076305    0.00347483    0.00240681    0.00000000 
angle (deg.)     :    50.0231  86.6006  64.8220  25.5623  58.6058  34.0854  36.7617  81.1962 
>
iteration       : 120
climbing        : yes
zoom on         : no
nim             : 10
barrier         :   0.01416532 (image:  5) 
distance        :   0.00000000    4.08886021    8.15796897   11.38663240   11.89459375   12.48428206   12.88141897   13.34476462   14.47446234   17.63428093 
energy          : -1076.31736593  -1076.32765954  -1076.33254995  -1076.31717116  -1076.30566130  -1076.30320061  -1076.30594466  -1076.31451145  -1076.34229603  -1076.34881019 
max(|Fr_perp|)   :   0.00000000    0.00042826    0.00122033    0.00274136    0.00624655    0.00095980    0.00101940    0.00424228    0.00251646    0.00000000 
Fr_paral         :   0.00000000    0.00125757    0.00075961   -0.02206216   -0.01305021    0.00018400    0.01476226    0.02955593    0.00593717    0.00000000 
max(|Fsp_paral|) :   0.00000000    0.00010108    0.00197421    0.00349662    0.00665334    0.00872022    0.00072382    0.00354678    0.00007710    0.00000000 
max(|Fsp_perp|)  :   0.00000000    0.00000000    0.00000000    0.00000000    0.00000000    0.00000000    0.00000000    0.00000000    0.00000000    0.00000000 
max(|FNEB|)      :   0.00000000    0.00045997    0.00263215    0.00186797    0.00101748    0.00095802    0.00098939    0.00343572    0.00257795    0.00000000 
max(|Force|)     :   0.00173011    0.00051862    0.00122575    0.01367548    0.01131717    0.00096158    0.00753797    0.01846489    0.00485294    0.00133386 
ksp              :   0.01000000    0.01000000    0.01123743    0.08436590    0.10000000    0.10000000    0.08256553    0.02813605    0.01000000 
max(|step|)      :   0.00000000    0.00363350    0.01892545    0.01369722    0.00764991    0.00628044    0.00626771    0.02615239    0.01949261    0.00000000 
angle (deg.)     :    49.9012  86.4952  65.5825  25.6491  58.7454  32.9070  34.2876  79.1929 
>
iteration       : 121
climbing        : yes
zoom on         : no
nim             : 10
barrier         :   0.01415780 (image:  5) 
distance        :   0.00000000    4.08737045    8.14723024   11.41944129   11.92048000   12.50318073   12.89352153   13.36301102   14.48464608   17.62321951 
energy          : -1076.31736593  -1076.32766339  -1076.33260340  -1076.31683951  -1076.30556155  -1076.30320813  -1076.30585390  -1076.31463872  -1076.34258900  -1076.34881019 
max(|Fr_perp|)   :   0.00000000    0.00072801    0.00308010    0.00269987    0.00606151    0.00246092    0.00256165    0.00630108    0.00366529    0.00000000 
Fr_paral         :   0.00000000    0.00108817    0.00013677   -0.02272811   -0.01254878    0.00015099    0.01445014    0.03017667    0.00754082    0.00000000 
max(|Fsp_paral|) :   0.00000000    0.00014070    0.00137432    0.00057111    0.00632951    0.00863936    0.00000919    0.00449576    0.00030973    0.00000000 
max(|Fsp_perp|)  :   0.00000000    0.00000000    0.00000000    0.00000000    0.00000000    0.00000000    0.00000000    0.00000000    0.00000000    0.00000000 
max(|FNEB|)      :   0.00000000    0.00079788    0.00306142    0.00300699    0.00195892    0.00246068    0.00254578    0.00630675    0.00365340    0.00000000 
max(|Force|)     :   0.00173011    0.00050109    0.00307929    0.01443666    0.01089273    0.00246116    0.00721707    0.01923515    0.00479929    0.00133386 
ksp              :   0.01000000    0.01000000    0.01334636    0.08503946    0.10000000    0.10000000    0.08318101    0.02733664    0.01000000 
max(|step|)      :   0.00000000    0.00300058    0.00490079    0.00728712    0.00375199    0.00428597    0.00441455    0.01017505    0.01067479    0.00000000 
angle (deg.)     :    49.8595  86.3223  66.2602  26.3893  58.8601  32.9295  34.1008  78.2327 
>
iteration       : 122
climbing        : yes
zoom on         : no
nim             : 10
barrier         :   0.01415407 (image:  5) 
distance        :   0.00000000    4.08615487    8.14620453   11.42120938   11.93471079   12.51329692   12.90273864   13.36784725   14.49760565   17.62269493 
energy          : -1076.31736593  -1076.32766503  -1076.33263830  -1076.31706640  -1076.30550076  -1076.30321185  -1076.30583575  -1076.31439862  -1076.34267717  -1076.34881019 
max(|Fr_perp|)   :   0.00000000    0.00102583    0.00342729    0.00430564    0.00600477    0.00283448    0.00294380    0.01189997    0.00712194    0.00000000 
Fr_paral         :   0.00000000    0.00144291    0.00077615   -0.02208008   -0.01226556    0.00012762    0.01434679    0.02963359    0.00863267    0.00000000 
max(|Fsp_paral|) :   0.00000000    0.00013346    0.00071853    0.00264595    0.00559652    0.00845181    0.00009561    0.00325998    0.00059419    0.00000000 
max(|Fsp_perp|)  :   0.00000000    0.00000000    0.00000000    0.00000000    0.00000000    0.00000000    0.00000000    0.00000000    0.00000000    0.00000000 
max(|FNEB|)      :   0.00000000    0.00102080    0.00341703    0.00436500    0.00204356    0.00283482    0.00295960    0.01205654    0.00700176    0.00000000 
max(|Force|)     :   0.00173011    0.00105793    0.00343167    0.01369355    0.01069436    0.00283415    0.00726047    0.01924941    0.00794200    0.00133386 
ksp              :   0.01000000    0.01000000    0.01190459    0.08544575    0.10000000    0.10000000    0.08331572    0.02886788    0.01000000 
max(|step|)      :   0.00000000    0.00056005    0.00187089    0.00195919    0.00126182    0.00165188    0.00171518    0.00530666    0.00302270    0.00000000 
angle (deg.)     :    49.8610  86.3570  66.1081  26.2015  58.8144  32.9023  34.0862  78.4322 
>
iteration       : 123
climbing        : yes
zoom on         : no
nim             : 10
barrier         :   0.01414573 (image:  5) 
distance        :   0.00000000    4.08632270    8.14696332   11.42084151   11.93173297   12.51142273   12.90138090   13.36669642   14.49445267   17.62209061 
energy          : -1076.31736593  -1076.32766527  -1076.33264727  -1076.31704338  -1076.30552431  -1076.30322019  -1076.30585568  -1076.31453274  -1076.34269821  -1076.34881019 
max(|Fr_perp|)   :   0.00000000    0.00037792    0.00092169    0.00213200    0.00603590    0.00083596    0.00086777    0.00312366    0.00195840    0.00000000 
Fr_paral         :   0.00000000    0.00131384    0.00050409   -0.02224015   -0.01234377    0.00013739    0.01439231    0.03005174    0.00843391    0.00000000 
max(|Fsp_paral|) :   0.00000000    0.00013131    0.00051216    0.00223706    0.00576923    0.00849011    0.00013187    0.00380146    0.00014307    0.00000000 
max(|Fsp_perp|)  :   0.00000000    0.00000000    0.00000000    0.00000000    0.00000000    0.00000000    0.00000000    0.00000000    0.00000000    0.00000000 
max(|FNEB|)      :   0.00000000    0.00038502    0.00113624    0.00117253    0.00077778    0.00083561    0.00085202    0.00257203    0.00193457    0.00000000 
max(|Force|)     :   0.00173011    0.00051708    0.00099955    0.01384011    0.01076339    0.00083631    0.00723476    0.01916184    0.00378002    0.00133386 
ksp              :   0.01000000    0.01000000    0.01205212    0.08534044    0.10000000    0.10000000    0.08323215    0.02802572    0.01000000 
max(|step|)      :   0.00000000    0.00093374    0.00256569    0.00273736    0.00155917    0.00149935    0.00149635    0.00171109    0.00296431    0.00000000 
angle (deg.)     :    49.8345  86.3206  66.2668  26.2778  58.8154  32.9063  34.0410  78.1274 
>
iteration       : 124
climbing        : yes
zoom on         : no
nim             : 10
barrier         :   0.01414212 (image:  5) 
distance        :   0.00000000    4.08584324    8.14648958   11.42441354   11.93630066   12.51517189   12.90492363   13.36902308   14.49848917   17.62158923 
energy          : -1076.31736593  -1076.32766590  -1076.33266139  -1076.31705923  -1076.30551724  -1076.30322381  -1076.30585340  -1076.31449360  -1076.34273362  -1076.34881019 
max(|Fr_perp|)   :   0.00000000    0.00035479    0.00079614    0.00206669    0.00603582    0.00073668    0.00077408    0.00307470    0.00136482    0.00000000 
Fr_paral         :   0.00000000    0.00128284    0.00041683   -0.02220038   -0.01229512    0.00013032    0.01436630    0.02999524    0.00866687    0.00000000 
max(|Fsp_paral|) :   0.00000000    0.00012881    0.00063650    0.00245398    0.00567938    0.00845596    0.00016384    0.00357471    0.00030903    0.00000000 
max(|Fsp_perp|)  :   0.00000000    0.00000000    0.00000000    0.00000000    0.00000000    0.00000000    0.00000000    0.00000000    0.00000000    0.00000000 
max(|FNEB|)      :   0.00000000    0.00041854    0.00123337    0.00110053    0.00075713    0.00073595    0.00073365    0.00186772    0.00126734    0.00000000 
max(|Force|)     :   0.00173011    0.00053155    0.00089963    0.01379447    0.01073767    0.00073742    0.00722141    0.01907158    0.00398780    0.00133386 
ksp              :   0.01000000    0.01000000    0.01195179    0.08540465    0.10000000    0.10000000    0.08326537    0.02827936    0.01000000 
max(|step|)      :   0.00000000    0.00420217    0.01137206    0.01195104    0.00691813    0.00663666    0.00661919    0.00541944    0.01230009    0.00000000 
angle (deg.)     :    49.7254  86.1658  66.9456  26.6023  58.8110  33.0366  34.1155  76.8493 
>
iteration       : 125
climbing        : yes
zoom on         : no
nim             : 10
barrier         :   0.01413019 (image:  5) 
distance        :   0.00000000    4.08370875    8.14413849   11.43985473   11.95561543   12.53123001   12.92008922   13.38018076   14.51639418   17.61996415 
energy          : -1076.31736593  -1076.32766791  -1076.33271034  -1076.31711349  -1076.30549002  -1076.30323574  -1076.30583869  -1076.31429978  -1076.34283837  -1076.34881019 
max(|Fr_perp|)   :   0.00000000    0.00036819    0.00122772    0.00180450    0.00603358    0.00123470    0.00129554    0.00483906    0.00297250    0.00000000 
Fr_paral         :   0.00000000    0.00125025    0.00026943   -0.02201441   -0.01210918    0.00009638    0.01425322    0.02957638    0.00969179    0.00000000 
max(|Fsp_paral|) :   0.00000000    0.00011893    0.00104217    0.00320491    0.00533163    0.00832389    0.00024764    0.00256437    0.00111321    0.00000000 
max(|Fsp_perp|)  :   0.00000000    0.00000000    0.00000000    0.00000000    0.00000000    0.00000000    0.00000000    0.00000000    0.00000000    0.00000000 
max(|FNEB|)      :   0.00000000    0.00042677    0.00164771    0.00170184    0.00094896    0.00123456    0.00127991    0.00479396    0.00305204    0.00000000 
max(|Force|)     :   0.00173011    0.00058766    0.00122644    0.01362042    0.01063635    0.00123484    0.00720148    0.01870875    0.00440902    0.00133386 
ksp              :   0.01000000    0.01000000    0.01160788    0.08564168    0.10000000    0.10000000    0.08342088    0.02952935    0.01000000 
max(|step|)      :   0.00000000    0.00428277    0.01269379    0.01188581    0.00747622    0.00721701    0.00719614    0.00399493    0.00988629    0.00000000 
angle (deg.)     :    49.6164  86.0489  67.4740  26.6445  58.7329  33.1834  34.3296  75.7316 
>
iteration       : 126
climbing        : yes
zoom on         : no
nim             : 10
barrier         :   0.01411660 (image:  5) 
distance        :   0.00000000    4.08142231    8.14137711   11.45712449   11.97209259   12.54605330   12.93420861   13.39354522   14.53038350   17.61593326 
energy          : -1076.31736593  -1076.32766909  -1076.33275145  -1076.31709639  -1076.30549496  -1076.30324933  -1076.30582887  -1076.31420065  -1076.34287925  -1076.34881019 
max(|Fr_perp|)   :   0.00000000    0.00035386    0.00148962    0.00200862    0.00604642    0.00142459    0.00148849    0.00539333    0.00326861    0.00000000 
Fr_paral         :   0.00000000    0.00126859    0.00023860   -0.02204882   -0.01205399    0.00006199    0.01416761    0.02927678    0.01057603    0.00000000 
max(|Fsp_paral|) :   0.00000000    0.00010961    0.00077213    0.00285228    0.00527191    0.00827402    0.00021268    0.00215472    0.00154335    0.00000000 
max(|Fsp_perp|)  :   0.00000000    0.00000000    0.00000000    0.00000000    0.00000000    0.00000000    0.00000000    0.00000000    0.00000000    0.00000000 
max(|FNEB|)      :   0.00000000    0.00040759    0.00151566    0.00198504    0.00112359    0.00142451    0.00147300    0.00534128    0.00337362    0.00000000 
max(|Force|)     :   0.00173011    0.00063794    0.00148866    0.01371524    0.01061278    0.00142467    0.00717032    0.01842407    0.00526914    0.00133386 
ksp              :   0.01000000    0.01000000    0.01171841    0.08568303    0.10000000    0.10000000    0.08355418    0.03018012    0.01000000 
max(|step|)      :   0.00000000    0.01033953    0.03002239    0.02645999    0.01918662    0.01873379    0.01867979    0.01097230    0.02427792    0.00000000 
angle (deg.)     :    49.3619  85.8511  68.4252  26.6222  58.4830  33.3778  34.1362  73.8829 
>
iteration       : 127
climbing        : yes
zoom on         : no
nim             : 10
barrier         :   0.01408384 (image:  5) 
distance        :   0.00000000    4.07566533    8.13972438   11.49172856   12.00746401   12.58109150   12.96983976   13.43133401   14.55220264   17.60279617 
energy          : -1076.31736593  -1076.32766816  -1076.33282624  -1076.31722461  -1076.30556985  -1076.30328209  -1076.30581864  -1076.31416987  -1076.34275421  -1076.34881019 
max(|Fr_perp|)   :   0.00000000    0.00083274    0.00135270    0.00163396    0.00619022    0.00150864    0.00228571    0.00398480    0.00427263    0.00000000 
Fr_paral         :   0.00000000    0.00141783    0.00014510   -0.02172975   -0.01219265   -0.00002408    0.01396038    0.02911084    0.01133949    0.00000000 
max(|Fsp_paral|) :   0.00000000    0.00005918    0.00179654    0.00404467    0.00531407    0.00826020    0.00010041    0.00240907    0.00160877    0.00000000 
max(|Fsp_perp|)  :   0.00000000    0.00000000    0.00000000    0.00000000    0.00000000    0.00000000    0.00000000    0.00000000    0.00000000    0.00000000 
max(|FNEB|)      :   0.00000000    0.00084225    0.00215120    0.00222905    0.00113389    0.00150843    0.00231315    0.00393147    0.00464948    0.00000000 
max(|Force|)     :   0.00173011    0.00073521    0.00134133    0.01331476    0.01079930    0.00150885    0.00762662    0.01859232    0.00532429    0.00133386 
ksp              :   0.01000000    0.01000000    0.01090303    0.08538047    0.10000000    0.10000000    0.08379066    0.03042379    0.01000000 
max(|step|)      :   0.00000000    0.01480910    0.05020240    0.03994914    0.03105800    0.03043381    0.03035041    0.02369450    0.03831314    0.00000000 
angle (deg.)     :    48.9986  85.7559  69.5653  26.1192  58.0647  33.5109  34.3594  71.7052 
>
iteration       : 128
climbing        : yes
zoom on         : no
nim             : 10
barrier         :   0.01402750 (image:  5) 
distance        :   0.00000000    4.06688804    8.13699901   11.55656680   12.06295024   12.63878382   13.02992898   13.49601250   14.58971835   17.59235762 
energy          : -1076.31736593  -1076.32766101  -1076.33286554  -1076.31720900  -1076.30573605  -1076.30333842  -1076.30585360  -1076.31420460  -1076.34225523  -1076.34881019 
max(|Fr_perp|)   :   0.00000000    0.00049617    0.00130701    0.00225708    0.00627554    0.00129005    0.00145998    0.00505959    0.00407749    0.00000000 
Fr_paral         :   0.00000000    0.00145123    0.00015050   -0.02182947   -0.01258588   -0.00015912    0.01391674    0.02891629    0.01212053    0.00000000 
max(|Fsp_paral|) :   0.00000000    0.00001640    0.00133024    0.00278393    0.00594091    0.00830876    0.00001342    0.00312831    0.00137313    0.00000000 
max(|Fsp_perp|)  :   0.00000000    0.00000000    0.00000000    0.00000000    0.00000000    0.00000000    0.00000000    0.00000000    0.00000000    0.00000000 
max(|FNEB|)      :   0.00000000    0.00048967    0.00145734    0.00223202    0.00115650    0.00129015    0.00144514    0.00501435    0.00401651    0.00000000 
max(|Force|)     :   0.00173011    0.00088132    0.00130691    0.01350671    0.01104572    0.00128996    0.00710708    0.01851105    0.00573235    0.00133386 
ksp              :   0.01000000    0.01000000    0.01100685    0.08461687    0.10000000    0.10000000    0.08386270    0.03028293    0.01000000 
max(|step|)      :   0.00000000    0.00118674    0.00311798    0.00356198    0.00194900    0.00079347    0.00218855    0.00837162    0.00908976    0.00000000 
angle (deg.)     :    49.0148  85.8900  68.9846  25.6590  58.0938  33.2209  33.3270  72.4571 
>
iteration       : 129
climbing        : yes
zoom on         : no
nim             : 10
barrier         :   0.01402490 (image:  5) 
distance        :   0.00000000    4.06725649    8.13651888   11.55533304   12.05622180   12.63477813   13.02760877   13.49234729   14.57484832   17.58406051 
energy          : -1076.31736593  -1076.32766269  -1076.33288072  -1076.31715114  -1076.30577792  -1076.30334102  -1076.30588661  -1076.31433805  -1076.34224882  -1076.34881019 
max(|Fr_perp|)   :   0.00000000    0.00043240    0.00058485    0.00221501    0.00628710    0.00062955    0.00090514    0.00339183    0.00497428    0.00000000 
Fr_paral         :   0.00000000    0.00154959    0.00030193   -0.02208839   -0.01274376   -0.00015116    0.01403817    0.02934184    0.01161956    0.00000000 
max(|Fsp_paral|) :   0.00000000    0.00001021    0.00077902    0.00179051    0.00631745    0.00837636    0.00019531    0.00370653    0.00077595    0.00000000 
max(|Fsp_perp|)  :   0.00000000    0.00000000    0.00000000    0.00000000    0.00000000    0.00000000    0.00000000    0.00000000    0.00000000    0.00000000 
max(|FNEB|)      :   0.00000000    0.00043283    0.00093356    0.00120409    0.00058790    0.00063008    0.00089993    0.00350132    0.00515643    0.00000000 
max(|Force|)     :   0.00173011    0.00084777    0.00064085    0.01376177    0.01114086    0.00062903    0.00696614    0.01863161    0.00625555    0.00133386 
ksp              :   0.01000000    0.01000000    0.01137832    0.08436207    0.10000000    0.10000000    0.08366455    0.02943037    0.01000000 
max(|step|)      :   0.00000000    0.00426493    0.00873125    0.01195445    0.00537717    0.00500124    0.00498231    0.00741301    0.01380009    0.00000000 
angle (deg.)     :    49.1000  86.0794  68.0290  25.3079  58.2463  33.0986  32.4263  73.9432 
>
iteration       : 130
climbing        : yes
zoom on         : no
nim             : 10
barrier         :   0.01403272 (image:  5) 
distance        :   0.00000000    4.06930439    8.13715973   11.54077405   12.03851010   12.62017391   13.01460355   13.47789139   14.55177400   17.57849950 
energy          : -1076.31736593  -1076.32766632  -1076.33288882  -1076.31712117  -1076.30579805  -1076.30333321  -1076.30591844  -1076.31445964  -1076.34232944  -1076.34881019 
max(|Fr_perp|)   :   0.00000000    0.00045153    0.00103449    0.00235875    0.00627954    0.00096879    0.00099611    0.00373924    0.00149209    0.00000000 
Fr_paral         :   0.00000000    0.00158025    0.00041481   -0.02225510   -0.01286903   -0.00011648    0.01418102    0.02971704    0.01114579    0.00000000 
max(|Fsp_paral|) :   0.00000000    0.00000738    0.00056617    0.00134857    0.00660966    0.00846356    0.00038656    0.00419325    0.00021234    0.00000000 
max(|Fsp_perp|)  :   0.00000000    0.00000000    0.00000000    0.00000000    0.00000000    0.00000000    0.00000000    0.00000000    0.00000000    0.00000000 
max(|FNEB|)      :   0.00000000    0.00045217    0.00089329    0.00151617    0.00088265    0.00096901    0.00098078    0.00384975    0.00138042    0.00000000 
max(|Force|)     :   0.00173011    0.00078395    0.00107985    0.01390285    0.01120837    0.00096856    0.00702606    0.01886882    0.00539367    0.00133386 
ksp              :   0.01000000    0.01000000    0.01156976    0.08419152    0.10000000    0.10000000    0.08341939    0.02863970    0.01000000 
max(|step|)      :   0.00000000    0.00238902    0.01184944    0.00592040    0.00841646    0.00856489    0.00855139    0.01526155    0.00951833    0.00000000 
angle (deg.)     :    49.0354  86.2428  67.8181  25.5441  58.5812  33.3738  32.2041  74.3388 
>
iteration       : 131
climbing        : yes
zoom on         : no
nim             : 10
barrier         :   0.01401558 (image:  5) 
distance        :   0.00000000    4.06792126    8.13732708   11.55644161   12.05727991   12.63973833   13.03388571   13.49417751   14.56110660   17.58111210 
energy          : -1076.31736593  -1076.32766658  -1076.33290763  -1076.31722303  -1076.30581410  -1076.30335034  -1076.30592284  -1076.31439163  -1076.34224753  -1076.34881019 
max(|Fr_perp|)   :   0.00000000    0.00036440    0.00088964    0.00231955    0.00629884    0.00085877    0.00090621    0.00429914    0.00133406    0.00000000 
Fr_paral         :   0.00000000    0.00153016    0.00042501   -0.02206631   -0.01285138   -0.00013444    0.01412300    0.02962266    0.01125898    0.00000000 
max(|Fsp_paral|) :   0.00000000    0.00000756    0.00146206    0.00258241    0.00653210    0.00852323    0.00047946    0.00393134    0.00036529    0.00000000 
max(|Fsp_perp|)  :   0.00000000    0.00000000    0.00000000    0.00000000    0.00000000    0.00000000    0.00000000    0.00000000    0.00000000    0.00000000 
max(|FNEB|)      :   0.00000000    0.00036120    0.00172138    0.00103943    0.00080218    0.00085932    0.00086587    0.00441000    0.00117123    0.00000000 
max(|Force|)     :   0.00173011    0.00078589    0.00089098    0.01364253    0.01121964    0.00085823    0.00725770    0.01875971    0.00542730    0.00133386 
ksp              :   0.01000000    0.01000000    0.01091761    0.08417916    0.10000000    0.10000000    0.08348091    0.02909920    0.01000000 
max(|step|)      :   0.00000000    0.01999272    0.10000000    0.06026118    0.06668795    0.06710630    0.06699406    0.09476757    0.07772502    0.00000000 
angle (deg.)     :    48.4980  87.2158  67.5813  26.6867  60.2769  35.9144  33.7441  74.8510 
>
iteration       : 132
climbing        : yes
zoom on         : no
nim             : 10
barrier         :   0.01389393 (image:  5) 
distance        :   0.00000000    4.05511528    8.13895475   11.70244424   12.21228383   12.79890015   13.19158486   13.64434848   14.66484652   17.61724485 
energy          : -1076.31736593  -1076.32765421  -1076.33294196  -1076.31761853  -1076.30596597  -1076.30347200  -1076.30587453  -1076.31384114  -1076.34131117  -1076.34881019 
max(|Fr_perp|)   :   0.00000000    0.00154452    0.00138603    0.00223342    0.00647528    0.00124131    0.00366477    0.00802557    0.00321749    0.00000000 
Fr_paral         :   0.00000000    0.00157465    0.00051258   -0.02121999   -0.01284079   -0.00032718    0.01338830    0.02802760    0.01243129    0.00000000 
max(|Fsp_paral|) :   0.00000000    0.00014554    0.00221584    0.00379360    0.00643682    0.00886451    0.00048839    0.00247027    0.00166483    0.00000000 
max(|Fsp_perp|)  :   0.00000000    0.00000000    0.00000000    0.00000000    0.00000000    0.00000000    0.00000000    0.00000000    0.00000000    0.00000000 
max(|FNEB|)      :   0.00000000    0.00161033    0.00259901    0.00233213    0.00165922    0.00129781    0.00381441    0.00799835    0.00348395    0.00000000 
max(|Force|)     :   0.00173011    0.00157554    0.00144545    0.01256002    0.01137634    0.00129533    0.00767157    0.01815494    0.00608978    0.00133386 
ksp              :   0.01000000    0.01000000    0.01000000    0.08384771    0.10000000    0.10000000    0.08446444    0.03290114    0.01000000 
max(|step|)      :   0.00000000    0.00180725    0.00291684    0.00261732    0.00186212    0.00145651    0.00428087    0.00897645    0.00390999    0.00000000 
angle (deg.)     :    48.4960  87.2599  67.5391  26.5705  60.3368  35.6215  33.0689  74.4905 
>
iteration       : 133
climbing        : yes
zoom on         : no
nim             : 10
barrier         :   0.01388907 (image:  5) 
distance        :   0.00000000    4.05543850    8.13748138   11.70824901   12.21481358   12.80196000   13.19410506   13.64803807   14.66192404   17.61341746 
energy          : -1076.31736593  -1076.32765808  -1076.33295675  -1076.31755485  -1076.30597540  -1076.30347686  -1076.30592327  -1076.31401114  -1076.34133093  -1076.34881019 
max(|Fr_perp|)   :   0.00000000    0.00063220    0.00102114    0.00212366    0.00643183    0.00087150    0.00111839    0.00417731    0.00265628    0.00000000 
Fr_paral         :   0.00000000    0.00176733    0.00045393   -0.02147263   -0.01284123   -0.00032192    0.01367820    0.02848975    0.01293383    0.00000000 
max(|Fsp_paral|) :   0.00000000    0.00013515    0.00218036    0.00359559    0.00656527    0.00889828    0.00048833    0.00317659    0.00109898    0.00000000 
max(|Fsp_perp|)  :   0.00000000    0.00000000    0.00000000    0.00000000    0.00000000    0.00000000    0.00000000    0.00000000    0.00000000    0.00000000 
max(|FNEB|)      :   0.00000000    0.00064963    0.00238963    0.00185479    0.00114306    0.00087428    0.00120404    0.00176601    0.00275444    0.00000000 
max(|Force|)     :   0.00173011    0.00085583    0.00118948    0.01294514    0.01132957    0.00086872    0.00706578    0.01809957    0.00630846    0.00133386 
ksp              :   0.01000000    0.01000000    0.01000000    0.08380964    0.10000000    0.10000000    0.08414742    0.03173875    0.01000000 
max(|step|)      :   0.00000000    0.00049949    0.00269025    0.00216923    0.00088716    0.00087630    0.00086971    0.00202605    0.00251123    0.00000000 
angle (deg.)     :    48.5025  87.2958  67.5245  26.4879  60.4319  35.5330  32.5252  74.1892 
>
iteration       : 134
climbing        : yes
zoom on         : no
nim             : 10
barrier         :   0.01388702 (image:  5) 
distance        :   0.00000000    4.05573810    8.13620019   11.71399187   12.21785380   12.80537868   13.19692206   13.65128968   14.66124108   17.61187228 
energy          : -1076.31736593  -1076.32765915  -1076.33296188  -1076.31748674  -1076.30597740  -1076.30347891  -1076.30591787  -1076.31404748  -1076.34134650  -1076.34881019 
max(|Fr_perp|)   :   0.00000000    0.00072150    0.00095099    0.00218201    0.00639922    0.00064361    0.00104299    0.00400060    0.00149042    0.00000000 
Fr_paral         :   0.00000000    0.00166855    0.00049002   -0.02167343   -0.01282801   -0.00031917    0.01366075    0.02865253    0.01336753    0.00000000 
max(|Fsp_paral|) :   0.00000000    0.00012559    0.00214534    0.00343022    0.00666547    0.00894484    0.00043159    0.00340357    0.00095625    0.00000000 
max(|Fsp_perp|)  :   0.00000000    0.00000000    0.00000000    0.00000000    0.00000000    0.00000000    0.00000000    0.00000000    0.00000000    0.00000000 
max(|FNEB|)      :   0.00000000    0.00073765    0.00239082    0.00141950    0.00065890    0.00064500    0.00105936    0.00189137    0.00165817    0.00000000 
max(|Force|)     :   0.00173011    0.00086179    0.00113267    0.01329913    0.01128718    0.00064223    0.00705518    0.01808539    0.00656211    0.00133386 
ksp              :   0.01000000    0.01000000    0.01000000    0.08380757    0.10000000    0.10000000    0.08419338    0.03150644    0.01000000 
max(|step|)      :   0.00000000    0.00175552    0.01244229    0.00878857    0.00376743    0.00378286    0.00376194    0.00718908    0.01030406    0.00000000 
angle (deg.)     :    48.5258  87.4677  67.5316  26.1914  60.9081  35.4213  30.7952  72.9209 
>
iteration       : 135
climbing        : yes
zoom on         : no
nim             : 10
barrier         :   0.01387939 (image:  5) 
distance        :   0.00000000    4.05707373    8.13025597   11.74035552   12.23320406   12.82211916   13.21120877   13.66710188   14.66329946   17.61028204 
energy          : -1076.31736593  -1076.32766355  -1076.33297422  -1076.31717544  -1076.30597201  -1076.30348653  -1076.30589903  -1076.31409728  -1076.34129695  -1076.34881019 
max(|Fr_perp|)   :   0.00000000    0.00056130    0.00092802    0.00274808    0.00636891    0.00080990    0.00134413    0.00323774    0.00238222    0.00000000 
Fr_paral         :   0.00000000    0.00149557    0.00061641   -0.02242933   -0.01272430   -0.00029788    0.01356878    0.02895855    0.01453252    0.00000000 
max(|Fsp_paral|) :   0.00000000    0.00008183    0.00007351    0.00041280    0.00704294    0.00911617    0.00021740    0.00393219    0.00066676    0.00000000 
max(|Fsp_perp|)  :   0.00000000    0.00000000    0.00000000    0.00000000    0.00000000    0.00000000    0.00000000    0.00000000    0.00000000    0.00000000 
max(|FNEB|)      :   0.00000000    0.00052516    0.00093954    0.00254262    0.00114272    0.00081046    0.00128361    0.00306755    0.00238910    0.00000000 
max(|Force|)     :   0.00173011    0.00086026    0.00089402    0.01459602    0.01118941    0.00080934    0.00678474    0.01807458    0.00733945    0.00133386 
ksp              :   0.01000000    0.01000000    0.01123520    0.08388310    0.10000000    0.10000000    0.08435630    0.03119532    0.01000000 
max(|step|)      :   0.00000000    0.00122028    0.00452318    0.00321718    0.00283650    0.00290936    0.00290466    0.00452037    0.00537869    0.00000000 
angle (deg.)     :    48.5311  87.5165  67.8110  26.6450  61.3748  35.6426  30.0167  72.2322 
>
iteration       : 136
climbing        : yes
zoom on         : no
nim             : 10
barrier         :   0.01387295 (image:  5) 
distance        :   0.00000000    4.05793217    8.13029842   11.74934212   12.24854387   12.83735643   13.22550346   13.67989345   14.67118650   17.61620733 
energy          : -1076.31736593  -1076.32766676  -1076.33299187  -1076.31729060  -1076.30594148  -1076.30349298  -1076.30589991  -1076.31405447  -1076.34126518  -1076.34881019 
max(|Fr_perp|)   :   0.00000000    0.00028239    0.00078721    0.00228056    0.00649904    0.00070582    0.00074629    0.00287014    0.00240504    0.00000000 
Fr_paral         :   0.00000000    0.00169860    0.00048363   -0.02212183   -0.01255140   -0.00028001    0.01353011    0.02896207    0.01473382    0.00000000 
max(|Fsp_paral|) :   0.00000000    0.00007333    0.00118284    0.00214184    0.00674322    0.00912589    0.00022727    0.00380278    0.00072963    0.00000000 
max(|Fsp_perp|)  :   0.00000000    0.00000000    0.00000000    0.00000000    0.00000000    0.00000000    0.00000000    0.00000000    0.00000000    0.00000000 
max(|FNEB|)      :   0.00000000    0.00029606    0.00133652    0.00071875    0.00070661    0.00070707    0.00075543    0.00182744    0.00235615    0.00000000 
max(|Force|)     :   0.00173011    0.00082871    0.00078765    0.01403219    0.01121933    0.00070457    0.00691511    0.01826671    0.00699186    0.00133386 
ksp              :   0.01000000    0.01000000    0.01048868    0.08411545    0.10000000    0.10000000    0.08438517    0.03148289    0.01000000 
max(|step|)      :   0.00000000    0.00247465    0.01135797    0.00602478    0.00588974    0.00597207    0.00594915    0.00589463    0.01078114    0.00000000 
angle (deg.)     :    48.5610  87.6484  68.2407  27.2578  62.2776  36.3094  29.5552  71.0076 
>
iteration       : 137
climbing        : yes
zoom on         : no
nim             : 10
barrier         :   0.01386089 (image:  5) 
distance        :   0.00000000    4.05964235    8.12818455   11.77278361   12.27775448   12.86699091   13.25331617   13.70623793   14.68956310   17.63145567 
energy          : -1076.31736593  -1076.32767233  -1076.33300982  -1076.31734514  -1076.30589220  -1076.30350504  -1076.30588756  -1076.31391636  -1076.34114082  -1076.34881019 
max(|Fr_perp|)   :   0.00000000    0.00027664    0.00062561    0.00207866    0.00659116    0.00074649    0.00083469    0.00312236    0.00184378    0.00000000 
Fr_paral         :   0.00000000    0.00167989    0.00059416   -0.02185868   -0.01225348   -0.00024671    0.01341624    0.02868915    0.01497651    0.00000000 
max(|Fsp_paral|) :   0.00000000    0.00004522    0.00160284    0.00306636    0.00642516    0.00918800    0.00016808    0.00341484    0.00100973    0.00000000 
max(|Fsp_perp|)  :   0.00000000    0.00000000    0.00000000    0.00000000    0.00000000    0.00000000    0.00000000    0.00000000    0.00000000    0.00000000 
max(|FNEB|)      :   0.00000000    0.00030027    0.00173864    0.00096746    0.00075515    0.00074763    0.00085890    0.00232956    0.00200663    0.00000000 
max(|Force|)     :   0.00173011    0.00080596    0.00073996    0.01355761    0.01114190    0.00074535    0.00718802    0.01836480    0.00705401    0.00133386 
ksp              :   0.01000000    0.01000000    0.01013496    0.08449990    0.10000000    0.10000000    0.08453004    0.03239835    0.01000000 
max(|step|)      :   0.00000000    0.00192615    0.00983532    0.00495700    0.00486351    0.00494254    0.00492508    0.00308627    0.00941127    0.00000000 
angle (deg.)     :    48.5789  87.7775  68.5084  27.6298  62.9661  36.9153  29.5572  70.3441 
>
iteration       : 138
climbing        : yes
zoom on         : no
nim             : 10
barrier         :   0.01385133 (image:  5) 
distance        :   0.00000000    4.06087288    8.12623338   11.79348175   12.30076180   12.89076009   13.27635393   13.72771160   14.70495459   17.64587794 
energy          : -1076.31736593  -1076.32767607  -1076.33301743  -1076.31734181  -1076.30586080  -1076.30351460  -1076.30589029  -1076.31383658  -1076.34102028  -1076.34881019 
max(|Fr_perp|)   :   0.00000000    0.00035955    0.00060322    0.00193863    0.00662344    0.00084047    0.00087663    0.00324146    0.00195308    0.00000000 
Fr_paral         :   0.00000000    0.00175264    0.00054562   -0.02176561   -0.01205138   -0.00022046    0.01338874    0.02848836    0.01516063    0.00000000 
max(|Fsp_paral|) :   0.00000000    0.00002280    0.00145706    0.00308901    0.00628047    0.00922296    0.00018931    0.00316514    0.00114834    0.00000000 
max(|Fsp_perp|)  :   0.00000000    0.00000000    0.00000000    0.00000000    0.00000000    0.00000000    0.00000000    0.00000000    0.00000000    0.00000000 
max(|FNEB|)      :   0.00000000    0.00037209    0.00142831    0.00117196    0.00092461    0.00084152    0.00084767    0.00213893    0.00157621    0.00000000 
max(|Force|)     :   0.00173011    0.00079984    0.00070837    0.01338206    0.01106148    0.00083942    0.00714356    0.01830552    0.00679580    0.00133386 
ksp              :   0.01000000    0.01000000    0.01015672    0.08475540    0.10000000    0.10000000    0.08456374    0.03293217    0.01000000 
max(|step|)      :   0.00000000    0.00667321    0.03252111    0.01795453    0.01788273    0.01802153    0.01793755    0.00805832    0.03402084    0.00000000 
angle (deg.)     :    48.6625  88.2154  69.2668  28.8362  65.2431  39.1316  30.5595  69.0041 
>
iteration       : 139
climbing        : yes
zoom on         : no
nim             : 10
barrier         :   0.01381652 (image:  5) 
distance        :   0.00000000    4.06471378    8.12115835   11.86404718   12.37884769   12.97257751   13.35718238   13.80405927   14.76016668   17.70274809 
energy          : -1076.31736593  -1076.32768718  -1076.33301751  -1076.31735602  -1076.30577911  -1076.30354940  -1076.30592280  -1076.31364120  -1076.34054213  -1076.34881019 
max(|Fr_perp|)   :   0.00000000    0.00022784    0.00077470    0.00171349    0.00667124    0.00068966    0.00091953    0.00348634    0.00218947    0.00000000 
Fr_paral         :   0.00000000    0.00160150    0.00072422   -0.02146750   -0.01145204   -0.00013567    0.01336394    0.02782372    0.01540771    0.00000000 
max(|Fsp_paral|) :   0.00000000    0.00004201    0.00123750    0.00345234    0.00589000    0.00933263    0.00032741    0.00260313    0.00143272    0.00000000 
max(|Fsp_perp|)  :   0.00000000    0.00000000    0.00000000    0.00000000    0.00000000    0.00000000    0.00000000    0.00000000    0.00000000    0.00000000 
max(|FNEB|)      :   0.00000000    0.00022661    0.00168476    0.00202730    0.00073833    0.00069034    0.00099711    0.00306345    0.00250771    0.00000000 
max(|Force|)     :   0.00173011    0.00073989    0.00072734    0.01289684    0.01078121    0.00068897    0.00678281    0.01791406    0.00733589    0.00133386 
ksp              :   0.01000000    0.01000000    0.01006454    0.08547585    0.10000000    0.10000000    0.08453987    0.03426268    0.01000000 
max(|step|)      :   0.00000000    0.00637002    0.03258706    0.01926910    0.01891201    0.01913317    0.01905429    0.01121797    0.03484297    0.00000000 
angle (deg.)     :    48.7626  88.6915  69.6028  29.5454  67.3174  40.9564  31.2279  68.8872 
>
iteration       : 140
climbing        : yes
zoom on         : no
nim             : 10
barrier         :   0.01378158 (image:  5) 
distance        :   0.00000000    4.06793760    8.11723225   11.93792688   12.45252176   13.05250419   13.43723577   13.88248738   14.81103700   17.76105263 
energy          : -1076.31736593  -1076.32769368  -1076.33297705  -1076.31726599  -1076.30574858  -1076.30358435  -1076.30594733  -1076.31349129  -1076.33990075  -1076.34881019 
max(|Fr_perp|)   :   0.00000000    0.00089596    0.00218461    0.00157463    0.00662090    0.00074579    0.00387509    0.00819579    0.00556467    0.00000000 
Fr_paral         :   0.00000000    0.00123799    0.00117733   -0.02176581   -0.01106437   -0.00005886    0.01326784    0.02712749    0.01589131    0.00000000 
max(|Fsp_paral|) :   0.00000000    0.00009471    0.00008874    0.00191145    0.00594383    0.00954791    0.00039115    0.00249365    0.00144991    0.00000000 
max(|Fsp_perp|)  :   0.00000000    0.00000000    0.00000000    0.00000000    0.00000000    0.00000000    0.00000000    0.00000000    0.00000000    0.00000000 
max(|FNEB|)      :   0.00000000    0.00090016    0.00218294    0.00128757    0.00083568    0.00074610    0.00379677    0.00831861    0.00564464    0.00000000 
max(|Force|)     :   0.00173011    0.00086194    0.00218135    0.01332471    0.01052094    0.00074548    0.00674060    0.01740269    0.00764242    0.00133386 
ksp              :   0.01000000    0.01000000    0.01065262    0.08586660    0.10000000    0.10000000    0.08456862    0.03530314    0.01000000 
max(|step|)      :   0.00000000    0.00178425    0.00579787    0.00266586    0.00249327    0.00255591    0.00254824    0.00554572    0.00574363    0.00000000 
angle (deg.)     :    48.7212  88.6156  69.2906  29.0968  66.7925  40.0858  29.1699  69.5275 
>
iteration       : 141
climbing        : yes
zoom on         : no
nim             : 10
barrier         :   0.01378583 (image:  5) 
distance        :   0.00000000    4.06685347    8.11814019   11.92497582   12.43550177   13.03578627   13.42138840   13.86631435   14.79089270   17.74218177 
energy          : -1076.31736593  -1076.32769308  -1076.33300020  -1076.31724213  -1076.30578605  -1076.30358010  -1076.30596674  -1076.31366942  -1076.34004422  -1076.34881019 
max(|Fr_perp|)   :   0.00000000    0.00023900    0.00058729    0.00182406    0.00665356    0.00083251    0.00127256    0.00398694    0.00221935    0.00000000 
Fr_paral         :   0.00000000    0.00157840    0.00084964   -0.02201329   -0.01126238   -0.00007363    0.01335909    0.02776822    0.01607395    0.00000000 
max(|Fsp_paral|) :   0.00000000    0.00007908    0.00027025    0.00139429    0.00617934    0.00955221    0.00047742    0.00310278    0.00089576    0.00000000 
max(|Fsp_perp|)  :   0.00000000    0.00000000    0.00000000    0.00000000    0.00000000    0.00000000    0.00000000    0.00000000    0.00000000    0.00000000 
max(|FNEB|)      :   0.00000000    0.00020356    0.00070599    0.00077479    0.00087279    0.00083289    0.00118363    0.00285119    0.00204837    0.00000000 
max(|Force|)     :   0.00173011    0.00071158    0.00075122    0.01366590    0.01065639    0.00083213    0.00677181    0.01743584    0.00768805    0.00133386 
ksp              :   0.01000000    0.01000000    0.01080817    0.08559853    0.10000000    0.10000000    0.08441895    0.03413240    0.01000000 
max(|step|)      :   0.00000000    0.00353862    0.01603199    0.00691462    0.00669402    0.00682577    0.00680275    0.00919803    0.01559460    0.00000000 
angle (deg.)     :    48.6601  88.3751  68.6938  28.3286  65.5998  38.6852  26.9632  70.8978 
>
iteration       : 142
climbing        : yes
zoom on         : no
nim             : 10
barrier         :   0.01379863 (image:  5) 
distance        :   0.00000000    4.06442623    8.12079810   11.88954493   12.39490465   12.99495973   13.38171982   13.82836980   14.75397610   17.70660741 
energy          : -1076.31736593  -1076.32768851  -1076.33302603  -1076.31725296  -1076.30585720  -1076.30356730  -1076.30596909  -1076.31386588  -1076.34027184  -1076.34881019 
max(|Fr_perp|)   :   0.00000000    0.00027393    0.00068976    0.00229248    0.00665204    0.00075147    0.00079997    0.00352835    0.00121789    0.00000000 
Fr_paral         :   0.00000000    0.00166551    0.00076099   -0.02225151   -0.01166800   -0.00011551    0.01339903    0.02839442    0.01602282    0.00000000 
max(|Fsp_paral|) :   0.00000000    0.00004091    0.00004248    0.00136336    0.00653473    0.00957130    0.00047983    0.00382427    0.00036795    0.00000000 
max(|Fsp_perp|)  :   0.00000000    0.00000000    0.00000000    0.00000000    0.00000000    0.00000000    0.00000000    0.00000000    0.00000000    0.00000000 
max(|FNEB|)      :   0.00000000    0.00027637    0.00069050    0.00088492    0.00074560    0.00075204    0.00074902    0.00165416    0.00119238    0.00000000 
max(|Force|)     :   0.00173011    0.00073862    0.00069190    0.01402990    0.01087039    0.00075090    0.00682087    0.01787882    0.00779388    0.00133386 
ksp              :   0.01000000    0.01000000    0.01073679    0.08506436    0.10000000    0.10000000    0.08433456    0.03282865    0.01000000 
max(|step|)      :   0.00000000    0.00308817    0.01204930    0.00957277    0.00962729    0.00969422    0.00965185    0.01131746    0.01164005    0.00000000 
angle (deg.)     :    48.6860  88.5333  68.7648  28.6796  66.4514  39.4362  26.1377  71.3593 
>
iteration       : 143
climbing        : yes
zoom on         : no
nim             : 10
barrier         :   0.01378087 (image:  5) 
distance        :   0.00000000    4.06518329    8.12123538   11.91736976   12.42574320   13.02904260   13.41539013   13.85947183   14.77392648   17.72860206 
energy          : -1076.31736593  -1076.32769136  -1076.33302456  -1076.31732384  -1076.30585816  -1076.30358505  -1076.30598165  -1076.31381798  -1076.34005917  -1076.34881019 
max(|Fr_perp|)   :   0.00000000    0.00021829    0.00046329    0.00222281    0.00667932    0.00063214    0.00067920    0.00334583    0.00113156    0.00000000 
Fr_paral         :   0.00000000    0.00152542    0.00087546   -0.02212012   -0.01155911   -0.00008582    0.01333848    0.02832746    0.01609870    0.00000000 
max(|Fsp_paral|) :   0.00000000    0.00004638    0.00066333    0.00231803    0.00650724    0.00973496    0.00055928    0.00374563    0.00034289    0.00000000 
max(|Fsp_perp|)  :   0.00000000    0.00000000    0.00000000    0.00000000    0.00000000    0.00000000    0.00000000    0.00000000    0.00000000    0.00000000 
max(|FNEB|)      :   0.00000000    0.00019735    0.00087371    0.00064309    0.00064023    0.00063257    0.00062702    0.00181800    0.00110486    0.00000000 
max(|Force|)     :   0.00173011    0.00073896    0.00063389    0.01374853    0.01083370    0.00063171    0.00683547    0.01799035    0.00734735    0.00133386 
ksp              :   0.01000000    0.01000000    0.01027487    0.08515485    0.10000000    0.10000000    0.08434830    0.03317087    0.01000000 
max(|step|)      :   0.00000000    0.02443573    0.10000000    0.07524892    0.07553679    0.07605919    0.07572160    0.08168491    0.09659091    0.00000000 
angle (deg.)     :    49.0008  90.0529  69.4406  31.3682  73.3822  45.7495  22.9260  75.7009 
>
iteration       : 144
climbing        : yes
zoom on         : no
nim             : 10
barrier         :   0.01365448 (image:  5) 
distance        :   0.00000000    4.07236834    8.13047076   12.16103857   12.68888118   13.31787117   13.70317551   14.12998420   14.97195392   17.95132731 
energy          : -1076.31736593  -1076.32769819  -1076.33275920  -1076.31765173  -1076.30583244  -1076.30371144  -1076.30604081  -1076.31329415  -1076.33793286  -1076.34881019 
max(|Fr_perp|)   :   0.00000000    0.00212819    0.00398581    0.00384377    0.00685497    0.00343131    0.00351728    0.00416710    0.00482942    0.00000000 
Fr_paral         :   0.00000000    0.00069323    0.00174032   -0.02121474   -0.01062387    0.00015427    0.01267170    0.02700323    0.01569545    0.00000000 
max(|Fsp_paral|) :   0.00000000    0.00007233    0.00011659    0.00278259    0.00637199    0.01087772    0.00112083    0.00266984    0.00062432    0.00000000 
max(|Fsp_perp|)  :   0.00000000    0.00000000    0.00000000    0.00000000    0.00000000    0.00000000    0.00000000    0.00000000    0.00000000    0.00000000 
max(|FNEB|)      :   0.00000000    0.00227725    0.00413065    0.00399615    0.00320321    0.00359889    0.00366355    0.00412655    0.00497202    0.00000000 
max(|Force|)     :   0.00173011    0.00209569    0.00418901    0.01215916    0.01048194    0.00359925    0.00688409    0.01836824    0.00814155    0.00133386 
ksp              :   0.01000000    0.01000000    0.01000000    0.08602344    0.10000000    0.10000000    0.08465666    0.03688243    0.01000000 
max(|step|)      :   0.00000000    0.00227100    0.00411933    0.00398519    0.00319443    0.00358902    0.00365350    0.00411524    0.00495838    0.00000000 
angle (deg.)     :    48.9608  90.0747  69.2875  31.2741  73.3692  45.5449  22.7057  75.5244 
>
iteration       : 145
climbing        : yes
zoom on         : no
nim             : 10
barrier         :   0.01364584 (image:  5) 
distance        :   0.00000000    4.07222691    8.13040689   12.16146171   12.68734925   13.31661563   13.70137174   14.12970807   14.96993786   17.94594278 
energy          : -1076.31736593  -1076.32770448  -1076.33282229  -1076.31765993  -1076.30585124  -1076.30372008  -1076.30605930  -1076.31338641  -1076.33805836  -1076.34881019 
max(|Fr_perp|)   :   0.00000000    0.00101406    0.00167426    0.00185424    0.00693161    0.00103270    0.00118743    0.00332596    0.00287960    0.00000000 
Fr_paral         :   0.00000000    0.00176547    0.00128609   -0.02154486   -0.01066300    0.00015097    0.01274774    0.02728151    0.01646356    0.00000000 
max(|Fsp_paral|) :   0.00000000    0.00007127    0.00011475    0.00265730    0.00646124    0.01088644    0.00105611    0.00304436    0.00034135    0.00000000 
max(|Fsp_perp|)  :   0.00000000    0.00000000    0.00000000    0.00000000    0.00000000    0.00000000    0.00000000    0.00000000    0.00000000    0.00000000 
max(|FNEB|)      :   0.00000000    0.00101113    0.00170878    0.00135579    0.00094172    0.00103296    0.00114361    0.00292129    0.00281311    0.00000000 
max(|Force|)     :   0.00173011    0.00135878    0.00167901    0.01284254    0.01057858    0.00103244    0.00690412    0.01772079    0.00881897    0.00133386 
ksp              :   0.01000000    0.01000000    0.01000000    0.08594417    0.10000000    0.10000000    0.08457192    0.03624659    0.01000000 
max(|step|)      :   0.00000000    0.00050668    0.00209214    0.00146711    0.00071059    0.00071142    0.00071017    0.00185587    0.00274574    0.00000000 
angle (deg.)     :    48.9575  90.0649  69.1768  31.2042  73.3542  45.4293  22.6239  75.3776 
>
iteration       : 146
climbing        : yes
zoom on         : no
nim             : 10
barrier         :   0.01364402 (image:  5) 
distance        :   0.00000000    4.07208707    8.13042237   12.16181813   12.68607437   13.31553752   13.69982238   14.12920075   14.96881927   17.94167013 
energy          : -1076.31736593  -1076.32770523  -1076.33284277  -1076.31764419  -1076.30586092  -1076.30372191  -1076.30605490  -1076.31342896  -1076.33812626  -1076.34881019 
max(|Fr_perp|)   :   0.00000000    0.00077993    0.00105559    0.00190775    0.00693733    0.00095308    0.00113341    0.00303274    0.00278594    0.00000000 
Fr_paral         :   0.00000000    0.00168963    0.00135452   -0.02175380   -0.01069297    0.00014821    0.01273594    0.02741251    0.01696506    0.00000000 
max(|Fsp_paral|) :   0.00000000    0.00006977    0.00011388    0.00255595    0.00653494    0.01092559    0.00098358    0.00323929    0.00023006    0.00000000 
max(|Fsp_perp|)  :   0.00000000    0.00000000    0.00000000    0.00000000    0.00000000    0.00000000    0.00000000    0.00000000    0.00000000    0.00000000 
max(|FNEB|)      :   0.00000000    0.00074783    0.00115075    0.00096558    0.00094086    0.00095229    0.00095486    0.00132621    0.00276873    0.00000000 
max(|Force|)     :   0.00173011    0.00116320    0.00131977    0.01324787    0.01059753    0.00095386    0.00695412    0.01751965    0.00824798    0.00133386 
ksp              :   0.01000000    0.01000000    0.01000000    0.08589041    0.10000000    0.10000000    0.08461085    0.03596942    0.01000000 
max(|step|)      :   0.00000000    0.00134506    0.00445217    0.00396399    0.00288652    0.00287631    0.00287458    0.00554406    0.01007202    0.00000000 
angle (deg.)     :    48.9455  90.0373  68.8814  31.0053  73.3013  45.1566  22.6901  74.9291 
>
iteration       : 147
climbing        : yes
zoom on         : no
nim             : 10
barrier         :   0.01363886 (image:  5) 
distance        :   0.00000000    4.07158065    8.13080047   12.16375924   12.68308032   13.31301149   13.69598695   14.12781781   14.96798083   17.92983144 
energy          : -1076.31736593  -1076.32770699  -1076.33286323  -1076.31755521  -1076.30588769  -1076.30372707  -1076.30604061  -1076.31349484  -1076.33827378  -1076.34881019 
max(|Fr_perp|)   :   0.00000000    0.00043425    0.00159724    0.00223191    0.00692726    0.00059565    0.00094298    0.00336070    0.00225931    0.00000000 
Fr_paral         :   0.00000000    0.00135317    0.00150498   -0.02216930   -0.01077416    0.00013713    0.01271097    0.02757776    0.01792285    0.00000000 
max(|Fsp_paral|) :   0.00000000    0.00006269    0.00011091    0.00225820    0.00675258    0.01103577    0.00079606    0.00355421    0.00011700    0.00000000 
max(|Fsp_perp|)  :   0.00000000    0.00000000    0.00000000    0.00000000    0.00000000    0.00000000    0.00000000    0.00000000    0.00000000    0.00000000 
max(|FNEB|)      :   0.00000000    0.00046445    0.00156355    0.00080775    0.00060645    0.00059494    0.00059152    0.00079735    0.00229388    0.00000000 
max(|Force|)     :   0.00173011    0.00067186    0.00180102    0.01415640    0.01062453    0.00059637    0.00678382    0.01727594    0.00899494    0.00133386 
ksp              :   0.01000000    0.01000000    0.01000000    0.08574252    0.10000000    0.10000000    0.08473342    0.03554448    0.01000000 
max(|step|)      :   0.00000000    0.00213241    0.00506178    0.00320938    0.00320237    0.00317079    0.00316000    0.00438109    0.01196123    0.00000000 
angle (deg.)     :    48.9105  90.0179  68.6843  30.8315  73.2439  45.0301  22.9832  74.4621 
>
iteration       : 148
climbing        : yes
zoom on         : no
nim             : 10
barrier         :   0.01363284 (image:  5) 
distance        :   0.00000000    4.07095815    8.13129542   12.16668153   12.68192362   13.31190165   13.69403838   14.12701890   14.97089458   17.91958153 
energy          : -1076.31736593  -1076.32770846  -1076.33289629  -1076.31747661  -1076.30590765  -1076.30373308  -1076.30602890  -1076.31349342  -1076.33841677  -1076.34881019 
max(|Fr_perp|)   :   0.00000000    0.00043529    0.00145598    0.00243743    0.00695333    0.00073923    0.00082356    0.00457226    0.00321429    0.00000000 
Fr_paral         :   0.00000000    0.00161628    0.00135920   -0.02238320   -0.01083504    0.00012256    0.01268379    0.02754333    0.01831304    0.00000000 
max(|Fsp_paral|) :   0.00000000    0.00005386    0.00010526    0.00202298    0.00691839    0.01108356    0.00068726    0.00354012    0.00024809    0.00000000 
max(|Fsp_perp|)  :   0.00000000    0.00000000    0.00000000    0.00000000    0.00000000    0.00000000    0.00000000    0.00000000    0.00000000    0.00000000 
max(|FNEB|)      :   0.00000000    0.00045113    0.00142365    0.00093376    0.00073830    0.00073861    0.00073788    0.00454574    0.00318809    0.00000000 
max(|Force|)     :   0.00173011    0.00077360    0.00164061    0.01443680    0.01067837    0.00073986    0.00653591    0.01724514    0.00933881    0.00133386 
ksp              :   0.01000000    0.01000000    0.01000000    0.08564413    0.10000000    0.10000000    0.08484368    0.03556517    0.01000000 
max(|step|)      :   0.00000000    0.00262285    0.00725860    0.00498844    0.00502092    0.00500091    0.00498847    0.00636059    0.01690814    0.00000000 
angle (deg.)     :    48.8759  89.9779  68.4812  30.6486  73.1588  44.9355  23.6167  73.8433 
>
iteration       : 149
climbing        : yes
zoom on         : no
nim             : 10
barrier         :   0.01362426 (image:  5) 
distance        :   0.00000000    4.07005381    8.13225579   12.17138208   12.68218749   13.31185827   13.69327805   14.12737495   14.97786971   17.90770062 
energy          : -1076.31736593  -1076.32771037  -1076.33294102  -1076.31739550  -1076.30592822  -1076.30374166  -1076.30601800  -1076.31349344  -1076.33860619  -1076.34881019 
max(|Fr_perp|)   :   0.00000000    0.00043131    0.00070010    0.00252105    0.00696602    0.00065317    0.00099444    0.00372330    0.00203930    0.00000000 
Fr_paral         :   0.00000000    0.00146889    0.00137267   -0.02257419   -0.01089279    0.00010049    0.01263891    0.02754149    0.01852855    0.00000000 
max(|Fsp_paral|) :   0.00000000    0.00003980    0.00009716    0.00177149    0.00708378    0.01112424    0.00058365    0.00347402    0.00044680    0.00000000 
max(|Fsp_perp|)  :   0.00000000    0.00000000    0.00000000    0.00000000    0.00000000    0.00000000    0.00000000    0.00000000    0.00000000    0.00000000 
max(|FNEB|)      :   0.00000000    0.00043801    0.00064674    0.00086943    0.00066922    0.00065267    0.00065064    0.00155326    0.00194871    0.00000000 
max(|Force|)     :   0.00173011    0.00070209    0.00100844    0.01449751    0.01071752    0.00065367    0.00664877    0.01719217    0.00930151    0.00133386 
ksp              :   0.01000000    0.01000000    0.01000000    0.08555588    0.10000000    0.10000000    0.08496282    0.03558111    0.01000000 
max(|step|)      :   0.00000000    0.00400543    0.01120986    0.00812060    0.00843638    0.00836507    0.00834471    0.01009351    0.02399274    0.00000000 
angle (deg.)     :    48.8123  89.9348  68.3584  30.5789  73.0399  44.8947  24.3655  72.9403 
>
iteration       : 150
climbing        : yes
zoom on         : no
nim             : 10
barrier         :   0.01361101 (image:  5) 
distance        :   0.00000000    4.06869125    8.13468150   12.18053772   12.68863865   13.31687517   13.69849421   14.13260149   14.99363360   17.89492330 
energy          : -1076.31736593  -1076.32771218  -1076.33299065  -1076.31733675  -1076.30593622  -1076.30375492  -1076.30601880  -1076.31346773  -1076.33885376  -1076.34881019 
max(|Fr_perp|)   :   0.00000000    0.00048227    0.00121584    0.00249948    0.00696739    0.00105919    0.00115728    0.00386732    0.00231201    0.00000000 
Fr_paral         :   0.00000000    0.00154376    0.00113819   -0.02253593   -0.01089562    0.00006507    0.01260180    0.02744031    0.01880405    0.00000000 
max(|Fsp_paral|) :   0.00000000    0.00001369    0.00024309    0.00120141    0.00712932    0.01106574    0.00057767    0.00319524    0.00081255    0.00000000 
max(|Fsp_perp|)  :   0.00000000    0.00000000    0.00000000    0.00000000    0.00000000    0.00000000    0.00000000    0.00000000    0.00000000    0.00000000 
max(|FNEB|)      :   0.00000000    0.00048251    0.00122110    0.00125081    0.00091394    0.00105863    0.00108115    0.00384075    0.00223226    0.00000000 
max(|Force|)     :   0.00173011    0.00072831    0.00122373    0.01413033    0.01072116    0.00105976    0.00684512    0.01731680    0.00925314    0.00133386 
ksp              :   0.01000000    0.01000000    0.01019291    0.08557658    0.10000000    0.10000000    0.08503051    0.03577601    0.01000000 
max(|step|)      :   0.00000000    0.00357476    0.00825993    0.00713689    0.00712393    0.00711824    0.00710065    0.00798799    0.01683105    0.00000000 
angle (deg.)     :    48.7619  89.8745  68.4184  30.7288  72.9668  44.8965  24.5735  72.2498 
>
iteration       : 151
climbing        : yes
zoom on         : no
nim             : 10
barrier         :   0.01359842 (image:  5) 
distance        :   0.00000000    4.06767389    8.13730033   12.18727244   12.69737572   13.32390731   13.70653329   14.13967494   15.00794072   17.88734283 
energy          : -1076.31736593  -1076.32771316  -1076.33301941  -1076.31737318  -1076.30592973  -1076.30376751  -1076.30603642  -1076.31347509  -1076.33901943  -1076.34881019 
max(|Fr_perp|)   :   0.00000000    0.00071112    0.00116948    0.00223008    0.00697333    0.00064596    0.00092885    0.00346220    0.00195322    0.00000000 
Fr_paral         :   0.00000000    0.00170221    0.00110401   -0.02224900   -0.01084628    0.00003488    0.01261177    0.02748383    0.01895961    0.00000000 
max(|Fsp_paral|) :   0.00000000    0.00000989    0.00008225    0.00172672    0.00698403    0.01092970    0.00067365    0.00301819    0.00100600    0.00000000 
max(|Fsp_perp|)  :   0.00000000    0.00000000    0.00000000    0.00000000    0.00000000    0.00000000    0.00000000    0.00000000    0.00000000    0.00000000 
max(|FNEB|)      :   0.00000000    0.00071273    0.00119553    0.00076281    0.00065076    0.00064578    0.00068408    0.00326233    0.00161049    0.00000000 
max(|Force|)     :   0.00173011    0.00075900    0.00102094    0.01349279    0.01070550    0.00064613    0.00662458    0.01734666    0.00903009    0.00133386 
ksp              :   0.01000000    0.01000000    0.01000000    0.08568953    0.10000000    0.10000000    0.08498339    0.03575115    0.01000000 
max(|step|)      :   0.00000000    0.00210618    0.00499826    0.00503729    0.00503901    0.00502634    0.00501471    0.00510511    0.00744438    0.00000000 
angle (deg.)     :    48.7398  89.8327  68.5496  30.9201  72.9358  44.9172  24.5344  71.8086 
>
iteration       : 152
climbing        : yes
zoom on         : no
nim             : 10
barrier         :   0.01359025 (image:  5) 
distance        :   0.00000000    4.06714793    8.13956686   12.19255578   12.70586503   13.33113456   13.71490867   14.14732549   15.01776445   17.88453460 
energy          : -1076.31736593  -1076.32771395  -1076.33303757  -1076.31743923  -1076.30592000  -1076.30377568  -1076.30605491  -1076.31349283  -1076.33908037  -1076.34881019 
max(|Fr_perp|)   :   0.00000000    0.00026265    0.00100059    0.00194959    0.00695735    0.00071417    0.00077466    0.00313137    0.00153110    0.00000000 
Fr_paral         :   0.00000000    0.00154869    0.00120636   -0.02199630   -0.01078792    0.00001452    0.01261376    0.02754509    0.01918588    0.00000000 
max(|Fsp_paral|) :   0.00000000    0.00002669    0.00008113    0.00189272    0.00680702    0.01082108    0.00077376    0.00298428    0.00105195    0.00000000 
max(|Fsp_perp|)  :   0.00000000    0.00000000    0.00000000    0.00000000    0.00000000    0.00000000    0.00000000    0.00000000    0.00000000    0.00000000 
max(|FNEB|)      :   0.00000000    0.00027445    0.00102626    0.00072749    0.00071936    0.00071409    0.00071468    0.00108105    0.00155982    0.00000000 
max(|Force|)     :   0.00173011    0.00076987    0.00088404    0.01319370    0.01066303    0.00071424    0.00651499    0.01726695    0.00915258    0.00133386 
ksp              :   0.01000000    0.01000000    0.01000000    0.08579946    0.10000000    0.10000000    0.08490599    0.03564918    0.01000000 
max(|step|)      :   0.00000000    0.00212290    0.00511829    0.00607767    0.00608093    0.00606055    0.00605188    0.00560859    0.00739305    0.00000000 
angle (deg.)     :    48.7117  89.7954  68.7148  31.1138  72.9252  44.9061  24.5542  71.3599 
>
iteration       : 153
climbing        : yes
zoom on         : no
nim             : 10
barrier         :   0.01358063 (image:  5) 
distance        :   0.00000000    4.06679557    8.14271092   12.19946217   12.71625242   13.34069443   13.72560014   14.15816628   15.02785260   17.88304712 
energy          : -1076.31736593  -1076.32771470  -1076.33305434  -1076.31752967  -1076.30591947  -1076.30378530  -1076.30606971  -1076.31351000  -1076.33908331  -1076.34881019 
max(|Fr_perp|)   :   0.00000000    0.00025205    0.00047971    0.00170977    0.00694903    0.00074811    0.00114720    0.00293630    0.00138703    0.00000000 
Fr_paral         :   0.00000000    0.00161847    0.00113752   -0.02180477   -0.01074629   -0.00000815    0.01259248    0.02752874    0.01949062    0.00000000 
max(|Fsp_paral|) :   0.00000000    0.00004616    0.00007985    0.00204805    0.00664488    0.01073975    0.00083230    0.00304463    0.00105139    0.00000000 
max(|Fsp_perp|)  :   0.00000000    0.00000000    0.00000000    0.00000000    0.00000000    0.00000000    0.00000000    0.00000000    0.00000000    0.00000000 
max(|FNEB|)      :   0.00000000    0.00027282    0.00047967    0.00080255    0.00073017    0.00074816    0.00074899    0.00164239    0.00141074    0.00000000 
max(|Force|)     :   0.00173011    0.00077745    0.00069291    0.01330232    0.01063485    0.00074807    0.00684559    0.01741814    0.00953755    0.00133386 
ksp              :   0.01000000    0.01000000    0.01000000    0.08585664    0.10000000    0.10000000    0.08486103    0.03555353    0.01000000 
max(|step|)      :   0.00000000    0.00224177    0.00454978    0.00646299    0.00628878    0.00631673    0.00631151    0.00556507    0.00756132    0.00000000 
angle (deg.)     :    48.6928  89.7473  68.8474  31.1760  72.9343  44.8163  24.4133  70.9840 
>
iteration       : 154
climbing        : yes
zoom on         : no
nim             : 10
barrier         :   0.01357081 (image:  5) 
distance        :   0.00000000    4.06671545    8.14581519   12.20647910   12.72467379   13.34936896   13.73483627   14.16844119   15.03478221   17.88098911 
energy          : -1076.31736593  -1076.32771560  -1076.33306418  -1076.31759367  -1076.30593948  -1076.30379512  -1076.30607528  -1076.31354028  -1076.33904472  -1076.34881019 
max(|Fr_perp|)   :   0.00000000    0.00028310    0.00068086    0.00181543    0.00695899    0.00056657    0.00108631    0.00307531    0.00174654    0.00000000 
Fr_paral         :   0.00000000    0.00167525    0.00121146   -0.02174832   -0.01077173   -0.00003061    0.01257938    0.02752335    0.01965069    0.00000000 
max(|Fsp_paral|) :   0.00000000    0.00006267    0.00007667    0.00206553    0.00662270    0.01073070    0.00081514    0.00323568    0.00096727    0.00000000 
max(|Fsp_perp|)  :   0.00000000    0.00000000    0.00000000    0.00000000    0.00000000    0.00000000    0.00000000    0.00000000    0.00000000    0.00000000 
max(|FNEB|)      :   0.00000000    0.00028772    0.00068352    0.00086099    0.00058355    0.00056672    0.00104290    0.00161874    0.00144566    0.00000000 
max(|Force|)     :   0.00173011    0.00078360    0.00072865    0.01350315    0.01065455    0.00056642    0.00662123    0.01753234    0.00994314    0.00133386 
ksp              :   0.01000000    0.01000000    0.01000000    0.08577886    0.10000000    0.10000000    0.08487821    0.03537120    0.01000000 
max(|step|)      :   0.00000000    0.00299836    0.00583254    0.00834962    0.00829064    0.00829360    0.00828263    0.00735626    0.00984014    0.00000000 
angle (deg.)     :    48.6746  89.6947  68.9965  31.1642  72.9425  44.7019  24.0944  70.5378 
>
iteration       : 155
climbing        : yes
zoom on         : no
nim             : 10
barrier         :   0.01355765 (image:  5) 
distance        :   0.00000000    4.06677713    8.15040200   12.21668798   12.73513895   13.36085615   13.74672238   14.18176342   15.04319444   17.87853874 
energy          : -1076.31736593  -1076.32771703  -1076.33307471  -1076.31765425  -1076.30597945  -1076.30380827  -1076.30608010  -1076.31358251  -1076.33898165  -1076.34881019 
max(|Fr_perp|)   :   0.00000000    0.00023569    0.00090725    0.00217402    0.00697219    0.00059167    0.00094037    0.00309233    0.00188639    0.00000000 
Fr_paral         :   0.00000000    0.00157302    0.00122620   -0.02173096   -0.01084778   -0.00005976    0.01255549    0.02755172    0.01972919    0.00000000 
max(|Fsp_paral|) :   0.00000000    0.00008523    0.00007195    0.00198742    0.00669162    0.01079109    0.00076792    0.00351131    0.00084035    0.00000000 
max(|Fsp_perp|)  :   0.00000000    0.00000000    0.00000000    0.00000000    0.00000000    0.00000000    0.00000000    0.00000000    0.00000000    0.00000000 
max(|FNEB|)      :   0.00000000    0.00027479    0.00088407    0.00090951    0.00057366    0.00059193    0.00065016    0.00244731    0.00130653    0.00000000 
max(|Force|)     :   0.00173011    0.00080355    0.00107122    0.01381567    0.01069878    0.00059141    0.00660694    0.01754523    0.01019518    0.00133386 
ksp              :   0.01000000    0.01000000    0.01000000    0.08558706    0.10000000    0.10000000    0.08491892    0.03511549    0.01000000 
max(|step|)      :   0.00000000    0.01020708    0.01820262    0.02778129    0.02757102    0.02767039    0.02764254    0.02476762    0.03209003    0.00000000 
angle (deg.)     :    48.6112  89.5342  69.5091  31.0918  73.0147  44.6412  23.3721  69.2980 
>
iteration       : 156
climbing        : yes
zoom on         : no
nim             : 10
barrier         :   0.01351404 (image:  5) 
distance        :   0.00000000    4.06752404    8.16619950   12.25201698   12.77113647   13.40095488   13.78833612   14.22545049   15.07476645   17.87649037 
energy          : -1076.31736593  -1076.32772095  -1076.33309510  -1076.31785517  -1076.30612049  -1076.30385189  -1076.30609569  -1076.31362834  -1076.33873841  -1076.34881019 
max(|Fr_perp|)   :   0.00000000    0.00052362    0.00093453    0.00274869    0.00708355    0.00066087    0.00112057    0.00396257    0.00198046    0.00000000 
Fr_paral         :   0.00000000    0.00187602    0.00107574   -0.02142319   -0.01112403   -0.00015468    0.01245995    0.02742750    0.01934634    0.00000000 
max(|Fsp_paral|) :   0.00000000    0.00015743    0.00005292    0.00171152    0.00697373    0.01100314    0.00072513    0.00394074    0.00071830    0.00000000 
max(|Fsp_perp|)  :   0.00000000    0.00000000    0.00000000    0.00000000    0.00000000    0.00000000    0.00000000    0.00000000    0.00000000    0.00000000 
max(|FNEB|)      :   0.00000000    0.00055826    0.00093529    0.00147296    0.00054535    0.00066150    0.00071874    0.00393002    0.00205142    0.00000000 
max(|Force|)     :   0.00173011    0.00094760    0.00100557    0.01416855    0.01092111    0.00066025    0.00673161    0.01771103    0.01012643    0.00133386 
ksp              :   0.01000000    0.01000000    0.01000000    0.08489168    0.10000000    0.10000000    0.08505690    0.03489138    0.01000000 
max(|step|)      :   0.00000000    0.01364161    0.02322487    0.03620773    0.03651608    0.03651087    0.03645271    0.03356348    0.04163230    0.00000000 
angle (deg.)     :    48.5787  89.3583  70.1542  31.0727  73.2299  44.9285  23.1127  67.9576 
>
iteration       : 157
climbing        : yes
zoom on         : no
nim             : 10
barrier         :   0.01345742 (image:  5) 
distance        :   0.00000000    4.06934469    8.18910028   12.30137761   12.82294489   13.45860991   13.84812335   14.28530965   15.12337573   17.88389940 
energy          : -1076.31736593  -1076.32772512  -1076.33308759  -1076.31815719  -1076.30630324  -1076.30390850  -1076.30611518  -1076.31362030  -1076.33836811  -1076.34881019 
max(|Fr_perp|)   :   0.00000000    0.00117973    0.00132327    0.00245559    0.00718472    0.00106507    0.00140502    0.00385687    0.00672635    0.00000000 
Fr_paral         :   0.00000000    0.00134433    0.00113916   -0.02077338   -0.01147427   -0.00027787    0.01236602    0.02721489    0.01870352    0.00000000 
max(|Fsp_paral|) :   0.00000000    0.00025438    0.00003043    0.00142815    0.00732274    0.01127397    0.00077892    0.00409235    0.00078905    0.00000000 
max(|Fsp_perp|)  :   0.00000000    0.00000000    0.00000000    0.00000000    0.00000000    0.00000000    0.00000000    0.00000000    0.00000000    0.00000000 
max(|FNEB|)      :   0.00000000    0.00106553    0.00132665    0.00154330    0.00136147    0.00106554    0.00136108    0.00364156    0.00660676    0.00000000 
max(|Force|)     :   0.00173011    0.00091127    0.00133594    0.01352202    0.01116283    0.00106461    0.00630728    0.01753364    0.01018656    0.00133386 
ksp              :   0.01000000    0.01000000    0.01000000    0.08398461    0.10000000    0.10000000    0.08524230    0.03504983    0.01000000 
max(|step|)      :   0.00000000    0.00349953    0.00560991    0.00865574    0.00863197    0.00867752    0.00866403    0.00825803    0.00934245    0.00000000 
angle (deg.)     :    48.5735  89.3214  70.2710  31.0836  73.3628  45.2185  22.8109  67.7734 
>
iteration       : 158
climbing        : yes
zoom on         : no
nim             : 10
barrier         :   0.01344226 (image:  5) 
distance        :   0.00000000    4.07042993    8.19524197   12.31354390   12.83650842   13.47407313   13.86408901   14.29924845   15.13533589   17.88787088 
energy          : -1076.31736593  -1076.32772856  -1076.33309332  -1076.31826217  -1076.30635031  -1076.30392366  -1076.30612436  -1076.31359007  -1076.33834628  -1076.34881019 
max(|Fr_perp|)   :   0.00000000    0.00076273    0.00100052    0.00212965    0.00723381    0.00060037    0.00083152    0.00385676    0.00209209    0.00000000 
Fr_paral         :   0.00000000    0.00147774    0.00100489   -0.02046142   -0.01155844   -0.00030331    0.01233582    0.02722977    0.01861764    0.00000000 
max(|Fsp_paral|) :   0.00000000    0.00027434    0.00002640    0.00139860    0.00740559    0.01137260    0.00087479    0.00395029    0.00088517    0.00000000 
max(|Fsp_perp|)  :   0.00000000    0.00000000    0.00000000    0.00000000    0.00000000    0.00000000    0.00000000    0.00000000    0.00000000    0.00000000 
max(|FNEB|)      :   0.00000000    0.00063952    0.00100275    0.00111608    0.00055848    0.00060166    0.00061919    0.00152728    0.00259460    0.00000000 
max(|Force|)     :   0.00173011    0.00087140    0.00128716    0.01291071    0.01124307    0.00059908    0.00643334    0.01734306    0.00965120    0.00133386 
ksp              :   0.01000000    0.01000000    0.01000000    0.08375285    0.10000000    0.10000000    0.08526569    0.03528047    0.01000000 
max(|step|)      :   0.00000000    0.01034830    0.01654280    0.02560137    0.02560636    0.02572639    0.02568882    0.02471664    0.02729023    0.00000000 
angle (deg.)     :    48.5699  89.2131  70.5648  31.2426  73.8300  46.1514  22.3041  67.3101 
>
iteration       : 159
climbing        : yes
zoom on         : no
nim             : 10
barrier         :   0.01340118 (image:  5) 
distance        :   0.00000000    4.07396296    8.21340040   12.34887312   12.87733519   13.52041923   13.91168154   14.34119134   15.17133915   17.90205410 
energy          : -1076.31736593  -1076.32773731  -1076.33309273  -1076.31854776  -1076.30647505  -1076.30396475  -1076.30613809  -1076.31342550  -1076.33813232  -1076.34881019 
max(|Fr_perp|)   :   0.00000000    0.00048174    0.00134690    0.00150466    0.00737394    0.00090128    0.00117398    0.00396391    0.00313732    0.00000000 
Fr_paral         :   0.00000000    0.00183028    0.00080023   -0.01940211   -0.01176439   -0.00037080    0.01219954    0.02693167    0.01857414    0.00000000 
max(|Fsp_paral|) :   0.00000000    0.00033003    0.00001592    0.00138940    0.00758905    0.01164306    0.00111951    0.00334051    0.00135225    0.00000000 
max(|Fsp_perp|)  :   0.00000000    0.00000000    0.00000000    0.00000000    0.00000000    0.00000000    0.00000000    0.00000000    0.00000000    0.00000000 
max(|FNEB|)      :   0.00000000    0.00064464    0.00135427    0.00115493    0.00091957    0.00090281    0.00124223    0.00173028    0.00451248    0.00000000 
max(|Force|)     :   0.00173011    0.00093340    0.00132458    0.01125757    0.01145755    0.00089975    0.00653135    0.01689182    0.00951355    0.00133386 
ksp              :   0.01000000    0.01000000    0.01000000    0.08314128    0.10000000    0.10000000    0.08540419    0.03646322    0.01000000 
max(|step|)      :   0.00000000    0.01487786    0.02395646    0.03691036    0.03699958    0.03709767    0.03703907    0.03596339    0.03901140    0.00000000 
angle (deg.)     :    48.5930  89.0744  70.8334  31.6005  74.5995  47.3447  22.0667  66.7082 
>
iteration       : 160
climbing        : yes
zoom on         : no
nim             : 10
barrier         :   0.01334305 (image:  5) 
distance        :   0.00000000    4.07949381    8.24032074   12.40011834   12.93704658   13.58805807   13.98015113   14.40508710   15.22327947   17.92521157 
energy          : -1076.31736593  -1076.32774974  -1076.33308564  -1076.31893163  -1076.30664921  -1076.30402287  -1076.30614610  -1076.31324964  -1076.33771661  -1076.34881019 
max(|Fr_perp|)   :   0.00000000    0.00057039    0.00170132    0.00170676    0.00755887    0.00091929    0.00111251    0.00401887    0.00606301    0.00000000 
Fr_paral         :   0.00000000    0.00183581    0.00074472   -0.01809344   -0.01204018   -0.00046330    0.01198200    0.02654233    0.01921733    0.00000000 
max(|Fsp_paral|) :   0.00000000    0.00040944    0.00000408    0.00139024    0.00782860    0.01206651    0.00127292    0.00287446    0.00180646    0.00000000 
max(|Fsp_perp|)  :   0.00000000    0.00000000    0.00000000    0.00000000    0.00000000    0.00000000    0.00000000    0.00000000    0.00000000    0.00000000 
max(|FNEB|)      :   0.00000000    0.00075709    0.00170548    0.00157709    0.00093333    0.00092107    0.00118831    0.00199488    0.00640545    0.00000000 
max(|Force|)     :   0.00173011    0.00100689    0.00160828    0.00971163    0.01174122    0.00091751    0.00647043    0.01660252    0.01070426    0.00133386 
ksp              :   0.01000000    0.01000000    0.01000000    0.08228511    0.10000000    0.10000000    0.08567868    0.03776472    0.01000000 
max(|step|)      :   0.00000000    0.03916130    0.06259440    0.09635542    0.09606263    0.09639975    0.09624864    0.09442550    0.10000000    0.00000000 
angle (deg.)     :    48.7003  88.8155  71.2243  32.7816  76.8403  50.3620  22.6746  65.7762 
>
iteration       : 161
climbing        : yes
zoom on         : no
nim             : 10
barrier         :   0.01319729 (image:  5) 
distance        :   0.00000000    4.09583767    8.31461502   12.54087451   13.10135528   13.77332419   14.16635235   14.58416050   15.36988381   18.00701492 
energy          : -1076.31736593  -1076.32778331  -1076.33302701  -1076.31984348  -1076.30708534  -1076.30416863  -1076.30614118  -1076.31283657  -1076.33645699  -1076.34881019 
max(|Fr_perp|)   :   0.00000000    0.00115693    0.00203746    0.00279559    0.00803526    0.00089260    0.00249263    0.00573599    0.00553652    0.00000000 
Fr_paral         :   0.00000000    0.00221251    0.00054235   -0.01477663   -0.01264548   -0.00068953    0.01130127    0.02545067    0.02185420    0.00000000 
max(|Fsp_paral|) :   0.00000000    0.00061649    0.00002839    0.00140439    0.00841707    0.01327441    0.00139185    0.00209137    0.00281952    0.00000000 
max(|Fsp_perp|)  :   0.00000000    0.00000000    0.00000000    0.00000000    0.00000000    0.00000000    0.00000000    0.00000000    0.00000000    0.00000000 
max(|FNEB|)      :   0.00000000    0.00149223    0.00214817    0.00294763    0.00329241    0.00090455    0.00270588    0.00621839    0.00597080    0.00000000 
max(|Force|)     :   0.00173011    0.00173554    0.00218264    0.00649634    0.01243213    0.00090024    0.00643392    0.01624871    0.01115599    0.00133386 
ksp              :   0.01000000    0.01000000    0.01000000    0.08011613    0.10000000    0.10000000    0.08655066    0.04095802    0.01000000 
max(|step|)      :   0.00000000    0.00134091    0.00193033    0.00264872    0.00295854    0.00081282    0.00243148    0.00558780    0.00536532    0.00000000 
angle (deg.)     :    48.7316  88.8110  70.9583  32.8950  77.0082  50.2478  22.1321  65.7561 
>
iteration       : 162
climbing        : yes
zoom on         : no
nim             : 10
barrier         :   0.01319552 (image:  5) 
distance        :   0.00000000    4.09694300    8.31530161   12.53968221   13.10062477   13.77292476   14.16511897   14.58521281   15.36483928   18.00331307 
energy          : -1076.31736593  -1076.32778758  -1076.33305388  -1076.31989439  -1076.30708690  -1076.30417041  -1076.30614274  -1076.31296042  -1076.33648355  -1076.34881019 
max(|Fr_perp|)   :   0.00000000    0.00061151    0.00177775    0.00179932    0.00800887    0.00065820    0.00124441    0.00380380    0.00266158    0.00000000 
Fr_paral         :   0.00000000    0.00162438    0.00088159   -0.01538851   -0.01265481   -0.00067470    0.01132655    0.02586827    0.02263126    0.00000000 
max(|Fsp_paral|) :   0.00000000    0.00060906    0.00002301    0.00142023    0.00841023    0.01330311    0.00127430    0.00268162    0.00235517    0.00000000 
max(|Fsp_perp|)  :   0.00000000    0.00000000    0.00000000    0.00000000    0.00000000    0.00000000    0.00000000    0.00000000    0.00000000    0.00000000 
max(|FNEB|)      :   0.00000000    0.00064244    0.00177715    0.00206561    0.00131113    0.00066016    0.00065955    0.00298612    0.00291482    0.00000000 
max(|Force|)     :   0.00173011    0.00084803    0.00176385    0.00731686    0.01240686    0.00065623    0.00612107    0.01614745    0.01156463    0.00133386 
ksp              :   0.01000000    0.01000000    0.01000000    0.08010807    0.10000000    0.10000000    0.08654770    0.04004772    0.01000000 
max(|step|)      :   0.00000000    0.00072019    0.00158386    0.00193899    0.00063660    0.00063544    0.00063056    0.00181037    0.00283723    0.00000000 
angle (deg.)     :    48.7433  88.8053  70.7276  33.0146  77.1574  50.2286  21.7600  65.7871 
>
iteration       : 163
climbing        : yes
zoom on         : no
nim             : 10
barrier         :   0.01319444 (image:  5) 
distance        :   0.00000000    4.09802100    8.31600092   12.53891405   13.10034264   13.77296311   14.16451482   14.58603438   15.36126188   18.00104250 
energy          : -1076.31736593  -1076.32779041  -1076.33307119  -1076.31991769  -1076.30707868  -1076.30417149  -1076.30613877  -1076.31301368  -1076.33646410  -1076.34881019 
max(|Fr_perp|)   :   0.00000000    0.00067717    0.00173120    0.00147233    0.00799047    0.00058728    0.00133565    0.00365785    0.00206568    0.00000000 
Fr_paral         :   0.00000000    0.00159571    0.00088610   -0.01580306   -0.01262681   -0.00065882    0.01129867    0.02602183    0.02316404    0.00000000 
max(|Fsp_paral|) :   0.00000000    0.00060174    0.00001885    0.00145784    0.00838498    0.01335411    0.00118501    0.00298911    0.00212943    0.00000000 
max(|Fsp_perp|)  :   0.00000000    0.00000000    0.00000000    0.00000000    0.00000000    0.00000000    0.00000000    0.00000000    0.00000000    0.00000000 
max(|FNEB|)      :   0.00000000    0.00064844    0.00173078    0.00155916    0.00094851    0.00058920    0.00062564    0.00195612    0.00203280    0.00000000 
max(|Force|)     :   0.00173011    0.00084693    0.00171703    0.00802529    0.01237674    0.00058536    0.00605354    0.01610584    0.01203918    0.00133386 
ksp              :   0.01000000    0.01000000    0.01000000    0.08016989    0.10000000    0.10000000    0.08658103    0.03968692    0.01000000 
max(|step|)      :   0.00000000    0.00428358    0.01102124    0.00974802    0.00387725    0.00391093    0.00387345    0.00904574    0.01295335    0.00000000 
angle (deg.)     :    48.8101  88.7736  69.3607  33.7983  78.1131  50.6250  20.4077  66.4141 
>
iteration       : 164
climbing        : yes
zoom on         : no
nim             : 10
barrier         :   0.01318799 (image:  5) 
distance        :   0.00000000    4.10566717    8.32088120   12.53562481   13.10030167   13.77524587   14.16390871   14.59004441   15.34480894   17.99447539 
energy          : -1076.31736593  -1076.32780968  -1076.33316000  -1076.31992890  -1076.30701338  -1076.30417793  -1076.30612500  -1076.31312431  -1076.33617033  -1076.34881019 
max(|Fr_perp|)   :   0.00000000    0.00086976    0.00141867    0.00239087    0.00794129    0.00059198    0.00180241    0.00416617    0.00275196    0.00000000 
Fr_paral         :   0.00000000    0.00198162    0.00072697   -0.01746477   -0.01240932   -0.00054706    0.01110207    0.02622971    0.02509888    0.00000000 
max(|Fsp_paral|) :   0.00000000    0.00054950    0.00000180    0.00172562    0.00821008    0.01367711    0.00085311    0.00393102    0.00142549    0.00000000 
max(|Fsp_perp|)  :   0.00000000    0.00000000    0.00000000    0.00000000    0.00000000    0.00000000    0.00000000    0.00000000    0.00000000    0.00000000 
max(|FNEB|)      :   0.00000000    0.00113825    0.00141919    0.00126304    0.00064291    0.00059362    0.00170462    0.00414473    0.00203186    0.00000000 
max(|Force|)     :   0.00173011    0.00135283    0.00145045    0.01127147    0.01223530    0.00059035    0.00625277    0.01652076    0.01375470    0.00133386 
ksp              :   0.01000000    0.01000000    0.01000000    0.08064980    0.10000000    0.10000000    0.08671242    0.03894645    0.01000000 
max(|step|)      :   0.00000000    0.00467606    0.00872156    0.00409827    0.00338464    0.00329870    0.00325513    0.00887947    0.00634868    0.00000000 
angle (deg.)     :    48.8958  88.7488  68.5151  34.2303  78.8168  51.2424  19.8736  67.1744 
>
iteration       : 165
climbing        : yes
zoom on         : no
nim             : 10
barrier         :   0.01318234 (image:  5) 
distance        :   0.00000000    4.11196481    8.32520836   12.53573876   13.10203242   13.77901093   14.16701208   14.59215492   15.33790239   17.99586369 
energy          : -1076.31736593  -1076.32782384  -1076.33322264  -1076.31990231  -1076.30696341  -1076.30418359  -1076.30613348  -1076.31305064  -1076.33595196  -1076.34881019 
max(|Fr_perp|)   :   0.00000000    0.00128322    0.00147743    0.00269142    0.00789719    0.00057371    0.00216434    0.01065009    0.00291230    0.00000000 
Fr_paral         :   0.00000000    0.00130942    0.00105059   -0.01805884   -0.01225362   -0.00046058    0.01106148    0.02588518    0.02561216    0.00000000 
max(|Fsp_paral|) :   0.00000000    0.00050790    0.00001035    0.00190346    0.00812573    0.01377061    0.00086709    0.00383758    0.00141210    0.00000000 
max(|Fsp_perp|)  :   0.00000000    0.00000000    0.00000000    0.00000000    0.00000000    0.00000000    0.00000000    0.00000000    0.00000000    0.00000000 
max(|FNEB|)      :   0.00000000    0.00122487    0.00147599    0.00169003    0.00081861    0.00057499    0.00212062    0.01082204    0.00247565    0.00000000 
max(|Force|)     :   0.00173011    0.00121740    0.00138845    0.01179346    0.01212526    0.00057243    0.00612383    0.01694538    0.01410021    0.00133386 
ksp              :   0.01000000    0.01000000    0.01000000    0.08102129    0.10000000    0.10000000    0.08668748    0.03946183    0.01000000 
max(|step|)      :   0.00000000    0.00061379    0.00149155    0.00106164    0.00057644    0.00053082    0.00073589    0.00382233    0.00158986    0.00000000 
angle (deg.)     :    48.9012  88.7461  68.4333  34.2259  78.9126  51.3871  19.5714  67.3164 
>
iteration       : 166
climbing        : yes
zoom on         : no
nim             : 10
barrier         :   0.01318103 (image:  5) 
distance        :   0.00000000    4.11312727    8.32599902   12.53664421   13.10269936   13.78008328   14.16835184   14.59216654   15.33724536   17.99661941 
energy          : -1076.31736593  -1076.32782772  -1076.33323725  -1076.31990666  -1076.30695798  -1076.30418489  -1076.30614368  -1076.31308562  -1076.33594786  -1076.34881019 
max(|Fr_perp|)   :   0.00000000    0.00072940    0.00117240    0.00241509    0.00790075    0.00049807    0.00135553    0.00420455    0.00242771    0.00000000 
Fr_paral         :   0.00000000    0.00150452    0.00094048   -0.01803968   -0.01223323   -0.00044665    0.01108461    0.02609456    0.02557556    0.00000000 
max(|Fsp_paral|) :   0.00000000    0.00050021    0.00000849    0.00191082    0.00813434    0.01378358    0.00094087    0.00387272    0.00130662    0.00000000 
max(|Fsp_perp|)  :   0.00000000    0.00000000    0.00000000    0.00000000    0.00000000    0.00000000    0.00000000    0.00000000    0.00000000    0.00000000 
max(|FNEB|)      :   0.00000000    0.00058939    0.00117335    0.00108307    0.00052437    0.00049930    0.00122024    0.00431286    0.00155039    0.00000000 
max(|Force|)     :   0.00173011    0.00079200    0.00128519    0.01153186    0.01211913    0.00049684    0.00594407    0.01686560    0.01390079    0.00133386 
ksp              :   0.01000000    0.01000000    0.01000000    0.08106536    0.10000000    0.10000000    0.08662542    0.03922589    0.01000000 
max(|step|)      :   0.00000000    0.00396311    0.00895879    0.00371654    0.00330599    0.00334740    0.00330792    0.00544328    0.00684492    0.00000000 
angle (deg.)     :    48.9641  88.7286  67.7930  34.4439  79.5693  52.2072  18.8283  68.1864 
>
iteration       : 167
climbing        : yes
zoom on         : no
nim             : 10
barrier         :   0.01317452 (image:  5) 
distance        :   0.00000000    4.11993688    8.33072644   12.54013820   13.10613619   13.78581626   14.17456027   14.59366792   15.33386505   18.00165438 
energy          : -1076.31736593  -1076.32784344  -1076.33329381  -1076.31987050  -1076.30691307  -1076.30419140  -1076.30616937  -1076.31301346  -1076.33577633  -1076.34881019 
max(|Fr_perp|)   :   0.00000000    0.00036555    0.00095588    0.00218496    0.00789597    0.00056072    0.00146476    0.00328544    0.00123489    0.00000000 
Fr_paral         :   0.00000000    0.00173203    0.00081597   -0.01818498   -0.01208349   -0.00035882    0.01107770    0.02595470    0.02561034    0.00000000 
max(|Fsp_paral|) :   0.00000000    0.00045558    0.00000525    0.00201965    0.00811866    0.01387606    0.00116430    0.00353536    0.00136431    0.00000000 
max(|Fsp_perp|)  :   0.00000000    0.00000000    0.00000000    0.00000000    0.00000000    0.00000000    0.00000000    0.00000000    0.00000000    0.00000000 
max(|FNEB|)      :   0.00000000    0.00052295    0.00095666    0.00073859    0.00059030    0.00056185    0.00055465    0.00282612    0.00096747    0.00000000 
max(|Force|)     :   0.00173011    0.00074409    0.00110038    0.01103261    0.01204798    0.00055959    0.00614723    0.01670604    0.01353772    0.00133386 
ksp              :   0.01000000    0.01000000    0.01000000    0.08140732    0.10000000    0.10000000    0.08648775    0.03973331    0.01000000 
max(|step|)      :   0.00000000    0.00477519    0.01042516    0.00408280    0.00419574    0.00419876    0.00415059    0.00637845    0.00634242    0.00000000 
angle (deg.)     :    49.0484  88.7101  67.0783  34.7276  80.3802  53.0791  18.3930  69.1648 
>
iteration       : 168
climbing        : yes
zoom on         : no
nim             : 10
barrier         :   0.01316683 (image:  5) 
distance        :   0.00000000    4.12803460    8.33652538   12.54526043   13.11082224   13.79318674   14.18208485   14.59751877   15.33109366   18.00840819 
energy          : -1076.31736593  -1076.32786057  -1076.33334613  -1076.31979830  -1076.30686058  -1076.30419909  -1076.30619069  -1076.31295016  -1076.33551934  -1076.34881019 
max(|Fr_perp|)   :   0.00000000    0.00028998    0.00075591    0.00211035    0.00788037    0.00062807    0.00161668    0.00355206    0.00139408    0.00000000 
Fr_paral         :   0.00000000    0.00173661    0.00083546   -0.01844408   -0.01190604   -0.00025981    0.01104276    0.02578936    0.02584405    0.00000000 
max(|Fsp_paral|) :   0.00000000    0.00040337    0.00000093    0.00212147    0.00810933    0.01398831    0.00132415    0.00331230    0.00135444    0.00000000 
max(|Fsp_perp|)  :   0.00000000    0.00000000    0.00000000    0.00000000    0.00000000    0.00000000    0.00000000    0.00000000    0.00000000    0.00000000 
max(|FNEB|)      :   0.00000000    0.00049695    0.00075833    0.00081633    0.00064888    0.00062891    0.00062396    0.00351318    0.00110113    0.00000000 
max(|Force|)     :   0.00173011    0.00073706    0.00092431    0.01085810    0.01195350    0.00062723    0.00625682    0.01652186    0.01360889    0.00133386 
ksp              :   0.01000000    0.01000000    0.01000000    0.08180775    0.10000000    0.10000000    0.08638670    0.04018332    0.01000000 
max(|step|)      :   0.00000000    0.00884821    0.01826919    0.00969541    0.00945145    0.00952895    0.00944858    0.01072434    0.00884958    0.00000000 
angle (deg.)     :    49.2104  88.6814  66.3527  34.8798  82.0046  54.4826  18.0637  70.4305 
>
iteration       : 169
climbing        : yes
zoom on         : no
nim             : 10
barrier         :   0.01315055 (image:  5) 
distance        :   0.00000000    4.14391650    8.34875202   12.56487805   13.12448220   13.81148049   14.20025874   14.61069512   15.33277506   18.02262645 
energy          : -1076.31736593  -1076.32789118  -1076.33341482  -1076.31955134  -1076.30676501  -1076.30421538  -1076.30621728  -1076.31286293  -1076.33505913  -1076.34881019 
max(|Fr_perp|)   :   0.00000000    0.00043323    0.00095596    0.00157256    0.00784158    0.00051284    0.00138367    0.00372242    0.00266661    0.00000000 
Fr_paral         :   0.00000000    0.00166247    0.00084664   -0.01895420   -0.01155699   -0.00009887    0.01097399    0.02552703    0.02662068    0.00000000 
max(|Fsp_paral|) :   0.00000000    0.00030525    0.00004331    0.00205691    0.00822627    0.01413484    0.00150793    0.00306587    0.00128865    0.00000000 
max(|Fsp_perp|)  :   0.00000000    0.00000000    0.00000000    0.00000000    0.00000000    0.00000000    0.00000000    0.00000000    0.00000000    0.00000000 
max(|FNEB|)      :   0.00000000    0.00045080    0.00095840    0.00126669    0.00100807    0.00051318    0.00079199    0.00368746    0.00262240    0.00000000 
max(|Force|)     :   0.00173011    0.00070311    0.00096972    0.01112750    0.01175313    0.00051249    0.00594939    0.01624429    0.01441448    0.00133386 
ksp              :   0.01000000    0.01000000    0.01000000    0.08255078    0.10000000    0.10000000    0.08629932    0.04081772    0.01000000 
max(|step|)      :   0.00000000    0.01054539    0.01888384    0.01089386    0.01151498    0.01143840    0.01133636    0.01121758    0.01132805    0.00000000 
angle (deg.)     :    49.3952  88.6664  66.1383  34.8903  83.8640  55.8867  18.3748  71.4258 
>
iteration       : 170
climbing        : yes
zoom on         : no
nim             : 10
barrier         :   0.01313153 (image:  5) 
distance        :   0.00000000    4.16200759    8.36328773   12.59400059   13.14515643   13.83637543   14.22495713   14.63278438   15.34219286   18.04169175 
energy          : -1076.31736593  -1076.32792225  -1076.33344427  -1076.31919844  -1076.30664563  -1076.30423440  -1076.30622108  -1076.31276257  -1076.33451208  -1076.34881019 
max(|Fr_perp|)   :   0.00000000    0.00036198    0.00111911    0.00203916    0.00781641    0.00065845    0.00374743    0.00475345    0.00837460    0.00000000 
Fr_paral         :   0.00000000    0.00158772    0.00112378   -0.01939779   -0.01109259    0.00005937    0.01072703    0.02510642    0.02706595    0.00000000 
max(|Fsp_paral|) :   0.00000000    0.00019663    0.00011390    0.00190707    0.00832978    0.01429626    0.00155609    0.00297666    0.00123729    0.00000000 
max(|Fsp_perp|)  :   0.00000000    0.00000000    0.00000000    0.00000000    0.00000000    0.00000000    0.00000000    0.00000000    0.00000000    0.00000000 
max(|FNEB|)      :   0.00000000    0.00046380    0.00112374    0.00205975    0.00245955    0.00065825    0.00385800    0.00469238    0.00844530    0.00000000 
max(|Force|)     :   0.00173011    0.00077479    0.00113407    0.01143502    0.01151085    0.00065866    0.00662397    0.01575500    0.01511003    0.00133386 
ksp              :   0.01000000    0.01000000    0.01000000    0.08347402    0.10000000    0.10000000    0.08638382    0.04155016    0.01000000 
max(|step|)      :   0.00000000    0.00334660    0.00737345    0.00311677    0.00352291    0.00344918    0.00340788    0.00435984    0.00512102    0.00000000 
angle (deg.)     :    49.3278  88.6640  66.4473  34.7825  83.2483  55.2468  17.9190  70.7626 
>
iteration       : 171
climbing        : yes
zoom on         : no
nim             : 10
barrier         :   0.01313716 (image:  5) 
distance        :   0.00000000    4.15577996    8.35849310   12.58656197   13.13949841   13.82873864   14.21717932   14.62695622   15.33961509   18.03316005 
energy          : -1076.31736593  -1076.32791238  -1076.33344177  -1076.31930856  -1076.30668751  -1076.30422877  -1076.30622587  -1076.31286089  -1076.33476240  -1076.34881019 
max(|Fr_perp|)   :   0.00000000    0.00033063    0.00039533    0.00152868    0.00782058    0.00055897    0.00151120    0.00357383    0.00169228    0.00000000 
Fr_paral         :   0.00000000    0.00152558    0.00102012   -0.01934240   -0.01124537   -0.00000560    0.01087263    0.02549986    0.02708596    0.00000000 
max(|Fsp_paral|) :   0.00000000    0.00023503    0.00009790    0.00190202    0.00830099    0.01419424    0.00149997    0.00322690    0.00109320    0.00000000 
max(|Fsp_perp|)  :   0.00000000    0.00000000    0.00000000    0.00000000    0.00000000    0.00000000    0.00000000    0.00000000    0.00000000    0.00000000 
max(|FNEB|)      :   0.00000000    0.00045227    0.00045591    0.00089308    0.00052694    0.00055899    0.00066117    0.00089956    0.00099835    0.00000000 
max(|Force|)     :   0.00173011    0.00072665    0.00065292    0.01147418    0.01158157    0.00055895    0.00620726    0.01581090    0.01495326    0.00133386 
ksp              :   0.01000000    0.01000000    0.01000000    0.08315567    0.10000000    0.10000000    0.08631826    0.04086306    0.01000000 
max(|step|)      :   0.00000000    0.00079268    0.00079389    0.00237475    0.00098800    0.00101939    0.00101965    0.00065512    0.00205366    0.00000000 
angle (deg.)     :    49.3308  88.6581  66.6875  34.7260  83.3556  55.2107  17.7519  70.5271 
>
iteration       : 172
climbing        : yes
zoom on         : no
nim             : 10
barrier         :   0.01313570 (image:  5) 
distance        :   0.00000000    4.15659977    8.35946790   12.59047754   13.14242422   13.83121594   14.21955196   14.62998945   15.34188387   18.03322760 
energy          : -1076.31736593  -1076.32791398  -1076.33344434  -1076.31927749  -1076.30667595  -1076.30423023  -1076.30622345  -1076.31287578  -1076.33477302  -1076.34881019 
max(|Fr_perp|)   :   0.00000000    0.00032648    0.00035126    0.00158189    0.00781714    0.00052913    0.00141231    0.00354944    0.00164560    0.00000000 
Fr_paral         :   0.00000000    0.00149319    0.00100362   -0.01941109   -0.01119319   -0.00000974    0.01086579    0.02553383    0.02707921    0.00000000 
max(|Fsp_paral|) :   0.00000000    0.00023167    0.00010877    0.00187331    0.00827986    0.01415230    0.00146723    0.00331090    0.00105577    0.00000000 
max(|Fsp_perp|)  :   0.00000000    0.00000000    0.00000000    0.00000000    0.00000000    0.00000000    0.00000000    0.00000000    0.00000000    0.00000000 
max(|FNEB|)      :   0.00000000    0.00044648    0.00041872    0.00072965    0.00052054    0.00052916    0.00052784    0.00080545    0.00087142    0.00000000 
max(|Force|)     :   0.00173011    0.00071429    0.00060424    0.01158383    0.01155154    0.00052909    0.00610812    0.01592123    0.01492523    0.00133386 
ksp              :   0.01000000    0.01000000    0.01000000    0.08324298    0.10000000    0.10000000    0.08634332    0.04076452    0.01000000 
max(|step|)      :   0.00000000    0.00732653    0.00762788    0.01099455    0.00847339    0.00859036    0.00855384    0.00532693    0.01159119    0.00000000 
angle (deg.)     :    49.4076  88.6256  67.6271  34.6769  84.4719  55.6660  17.2963  70.0123 
>
iteration       : 173
climbing        : yes
zoom on         : no
nim             : 10
barrier         :   0.01312229 (image:  5) 
distance        :   0.00000000    4.16670593    8.36923328   12.61709620   13.16353771   13.85173526   14.24000640   14.65143450   15.35698860   18.04268464 
energy          : -1076.31736593  -1076.32793183  -1076.33345995  -1076.31903037  -1076.30657990  -1076.30424364  -1076.30622312  -1076.31288887  -1076.33462410  -1076.34881019 
max(|Fr_perp|)   :   0.00000000    0.00033288    0.00031577    0.00171491    0.00778949    0.00049687    0.00165495    0.00354562    0.00296413    0.00000000 
Fr_paral         :   0.00000000    0.00142834    0.00100212   -0.01981147   -0.01078317    0.00003018    0.01076629    0.02549950    0.02704362    0.00000000 
max(|Fsp_paral|) :   0.00000000    0.00017922    0.00017652    0.00177926    0.00815311    0.01399525    0.00140945    0.00351602    0.00094282    0.00000000 
max(|Fsp_perp|)  :   0.00000000    0.00000000    0.00000000    0.00000000    0.00000000    0.00000000    0.00000000    0.00000000    0.00000000    0.00000000 
max(|FNEB|)      :   0.00000000    0.00042613    0.00042495    0.00063168    0.00056903    0.00049675    0.00107406    0.00218666    0.00291760    0.00000000 
max(|Force|)     :   0.00173011    0.00070546    0.00056490    0.01204178    0.01132598    0.00049699    0.00596189    0.01612465    0.01484024    0.00133386 
ksp              :   0.01000000    0.01000000    0.01000000    0.08397660    0.10000000    0.10000000    0.08642365    0.04070615    0.01000000 
max(|step|)      :   0.00000000    0.01039758    0.01144070    0.01214469    0.01198737    0.01212181    0.01206454    0.00955846    0.01396780    0.00000000 
angle (deg.)     :    49.5215  88.5796  68.5988  34.9579  85.9863  56.5565  16.9453  69.7940 
>
iteration       : 174
climbing        : yes
zoom on         : no
nim             : 10
barrier         :   0.01310340 (image:  5) 
distance        :   0.00000000    4.18115837    8.38371125   12.65088595   13.19268917   13.88055902   14.26975514   14.68008437   15.37892679   18.05939567 
energy          : -1076.31736593  -1076.32795624  -1076.33346829  -1076.31872144  -1076.30644814  -1076.30426253  -1076.30623477  -1076.31286237  -1076.33439419  -1076.34881019 
max(|Fr_perp|)   :   0.00000000    0.00045048    0.00076355    0.00186391    0.00774470    0.00047274    0.00257172    0.00346204    0.00360355    0.00000000 
Fr_paral         :   0.00000000    0.00132270    0.00100297   -0.02028810   -0.01021760    0.00009633    0.01064027    0.02535393    0.02699032    0.00000000 
max(|Fsp_paral|) :   0.00000000    0.00010692    0.00025370    0.00178735    0.00790955    0.01373993    0.00148056    0.00351970    0.00092162    0.00000000 
max(|Fsp_perp|)  :   0.00000000    0.00000000    0.00000000    0.00000000    0.00000000    0.00000000    0.00000000    0.00000000    0.00000000    0.00000000 
max(|FNEB|)      :   0.00000000    0.00039882    0.00075475    0.00114062    0.00108781    0.00047232    0.00251586    0.00222971    0.00366606    0.00000000 
max(|Force|)     :   0.00173011    0.00069000    0.00075083    0.01243503    0.01101827    0.00047317    0.00628484    0.01637210    0.01470957    0.00133386 
ksp              :   0.01000000    0.01000000    0.01000000    0.08498824    0.10000000    0.10000000    0.08645377    0.04093242    0.01000000 
max(|step|)      :   0.00000000    0.01139508    0.01263646    0.01306582    0.01313107    0.01321522    0.01314583    0.01108794    0.01455592    0.00000000 
angle (deg.)     :    49.6473  88.5379  69.5807  35.3761  87.5949  57.5774  16.7702  69.7426 
>
iteration       : 175
climbing        : yes
zoom on         : no
nim             : 10
barrier         :   0.01308260 (image:  5) 
distance        :   0.00000000    4.19704227    8.39978051   12.68710383   13.22438423   13.91245073   14.30298996   14.71141432   15.40358719   18.07950476 
energy          : -1076.31736593  -1076.32798213  -1076.33346174  -1076.31838968  -1076.30632021  -1076.30428333  -1076.30626339  -1076.31284493  -1076.33414287  -1076.34881019 
max(|Fr_perp|)   :   0.00000000    0.00037136    0.00052365    0.00189640    0.00766434    0.00052299    0.00164855    0.00338628    0.00141548    0.00000000 
Fr_paral         :   0.00000000    0.00140229    0.00105059   -0.02070553   -0.00963443    0.00016833    0.01056325    0.02529916    0.02703594    0.00000000 
max(|Fsp_paral|) :   0.00000000    0.00002843    0.00033487    0.00178847    0.00767697    0.01347881    0.00161212    0.00349858    0.00087270    0.00000000 
max(|Fsp_perp|)  :   0.00000000    0.00000000    0.00000000    0.00000000    0.00000000    0.00000000    0.00000000    0.00000000    0.00000000    0.00000000 
max(|FNEB|)      :   0.00000000    0.00036734    0.00058548    0.00061231    0.00060401    0.00052218    0.00094119    0.00098042    0.00122982    0.00000000 
max(|Force|)     :   0.00173011    0.00072310    0.00066855    0.01275688    0.01067411    0.00052380    0.00594629    0.01630136    0.01466687    0.00133386 
ksp              :   0.01000000    0.01000000    0.01000000    0.08598753    0.10000000    0.10000000    0.08637844    0.04110162    0.01000000 
max(|step|)      :   0.00000000    0.00758976    0.00769939    0.00889587    0.00893930    0.00897827    0.00893506    0.00905584    0.00851788    0.00000000 
angle (deg.)     :    49.7190  88.4934  69.9925  35.7527  88.5201  58.2795  16.5702  69.8451 
>
iteration       : 176
climbing        : yes
zoom on         : no
nim             : 10
barrier         :   0.01306876 (image:  5) 
distance        :   0.00000000    4.20690337    8.41073515   12.70743938   13.24309165   13.93122827   14.32316298   14.72912641   15.41851457   18.09040063 
energy          : -1076.31736593  -1076.32799814  -1076.33345563  -1076.31821339  -1076.30624595  -1076.30429717  -1076.30628540  -1076.31281015  -1076.33402111  -1076.34881019 
max(|Fr_perp|)   :   0.00000000    0.00039068    0.00066118    0.00181563    0.00760593    0.00058845    0.00193247    0.00329671    0.00151241    0.00000000 
Fr_paral         :   0.00000000    0.00142073    0.00112548   -0.02097855   -0.00927885    0.00020725    0.01051336    0.02522758    0.02721499    0.00000000 
max(|Fsp_paral|) :   0.00000000    0.00001532    0.00036899    0.00184819    0.00750156    0.01328240    0.00176786    0.00334358    0.00093457    0.00000000 
max(|Fsp_perp|)  :   0.00000000    0.00000000    0.00000000    0.00000000    0.00000000    0.00000000    0.00000000    0.00000000    0.00000000    0.00000000 
max(|FNEB|)      :   0.00000000    0.00038208    0.00069150    0.00057719    0.00059600    0.00058740    0.00058854    0.00099912    0.00131553    0.00000000 
max(|Force|)     :   0.00173011    0.00076766    0.00074359    0.01286286    0.01046021    0.00058950    0.00618224    0.01615687    0.01475418    0.00133386 
ksp              :   0.01000000    0.01000000    0.01000000    0.08657942    0.10000000    0.10000000    0.08630774    0.04137405    0.01000000 
max(|step|)      :   0.00000000    0.01408279    0.01415604    0.01679723    0.01695098    0.01699327    0.01692207    0.01816508    0.01552410    0.00000000 
angle (deg.)     :    49.8219  88.3921  70.6387  36.4832  90.0495  59.4363  16.5504  69.9682 
>
iteration       : 177
climbing        : yes
zoom on         : no
nim             : 10
barrier         :   0.01304345 (image:  5) 
distance        :   0.00000000    4.22377789    8.43122290   12.74186475   13.27513001   13.96310133   14.35757112   14.75968437   15.44543181   18.10691621 
energy          : -1076.31736593  -1076.32802615  -1076.33344503  -1076.31791366  -1076.30612468  -1076.30432248  -1076.30631779  -1076.31273617  -1076.33383667  -1076.34881019 
max(|Fr_perp|)   :   0.00000000    0.00049130    0.00086538    0.00168130    0.00746774    0.00057165    0.00227980    0.00317031    0.00145598    0.00000000 
Fr_paral         :   0.00000000    0.00152120    0.00110871   -0.02148305   -0.00867353    0.00025734    0.01040515    0.02502527    0.02762648    0.00000000 
max(|Fsp_paral|) :   0.00000000    0.00008131    0.00041205    0.00196758    0.00718727    0.01290492    0.00201696    0.00304235    0.00111731    0.00000000 
max(|Fsp_perp|)  :   0.00000000    0.00000000    0.00000000    0.00000000    0.00000000    0.00000000    0.00000000    0.00000000    0.00000000    0.00000000 
max(|FNEB|)      :   0.00000000    0.00048807    0.00093984    0.00089074    0.00072631    0.00057024    0.00155073    0.00200093    0.00132640    0.00000000 
max(|Force|)     :   0.00173011    0.00079541    0.00097224    0.01313701    0.01006476    0.00057306    0.00643121    0.01597649    0.01503455    0.00133386 
ksp              :   0.01000000    0.01000000    0.01000000    0.08756476    0.10000000    0.10000000    0.08623232    0.04194538    0.01000000 
max(|step|)      :   0.00000000    0.01489078    0.01556515    0.01837282    0.01829520    0.01839243    0.01833213    0.01968821    0.01726631    0.00000000 
angle (deg.)     :    49.9109  88.2534  71.3580  37.2141  91.4986  60.3901  16.8874  69.8857 
>
iteration       : 178
climbing        : yes
zoom on         : no
nim             : 10
barrier         :   0.01301662 (image:  5) 
distance        :   0.00000000    4.24025626    8.45293004   12.77624736   13.30660148   13.99415519   14.39086101   14.79101596   15.47338606   18.12022746 
energy          : -1076.31736593  -1076.32805545  -1076.33344209  -1076.31760463  -1076.30601791  -1076.30434931  -1076.30634263  -1076.31269855  -1076.33367849  -1076.34881019 
max(|Fr_perp|)   :   0.00000000    0.00048367    0.00109272    0.00156874    0.00736154    0.00062312    0.00249008    0.00308941    0.00158551    0.00000000 
Fr_paral         :   0.00000000    0.00144575    0.00125010   -0.02201310   -0.00809924    0.00028346    0.01029098    0.02489134    0.02811068    0.00000000 
max(|Fsp_paral|) :   0.00000000    0.00013703    0.00044358    0.00203700    0.00690565    0.01250806    0.00216951    0.00291855    0.00123589    0.00000000 
max(|Fsp_perp|)  :   0.00000000    0.00000000    0.00000000    0.00000000    0.00000000    0.00000000    0.00000000    0.00000000    0.00000000    0.00000000 
max(|FNEB|)      :   0.00000000    0.00050464    0.00100892    0.00128910    0.00205106    0.00062143    0.00206824    0.00182818    0.00148850    0.00000000 
max(|Force|)     :   0.00173011    0.00083063    0.00101475    0.01350726    0.00972036    0.00062480    0.00655217    0.01580742    0.01548674    0.00133386 
ksp              :   0.01000000    0.01000000    0.01000000    0.08846289    0.10000000    0.10000000    0.08621769    0.04227132    0.01000000 
max(|step|)      :   0.00000000    0.01661995    0.01807954    0.02081694    0.02076666    0.02086847    0.02081379    0.02243786    0.01995642    0.00000000 
angle (deg.)     :    49.9794  88.0772  72.1584  37.9582  92.9352  61.1504  17.4505  69.5979 
>
iteration       : 179
climbing        : yes
zoom on         : no
nim             : 10
barrier         :   0.01298697 (image:  5) 
distance        :   0.00000000    4.25710826    8.47725923   12.81235765   13.33911358   14.02601933   14.42469662   14.82471619   15.50378875   18.13112927 
energy          : -1076.31736593  -1076.32808773  -1076.33345316  -1076.31727887  -1076.30592845  -1076.30437896  -1076.30636614  -1076.31270572  -1076.33355087  -1076.34881019 
max(|Fr_perp|)   :   0.00000000    0.00050614    0.00123576    0.00158883    0.00723242    0.00058101    0.00243071    0.00304294    0.00197635    0.00000000 
Fr_paral         :   0.00000000    0.00135340    0.00126136   -0.02262962   -0.00756363    0.00029042    0.01019974    0.02486981    0.02859877    0.00000000 
max(|Fsp_paral|) :   0.00000000    0.00018316    0.00151427    0.00058561    0.00665665    0.01209062    0.00223830    0.00298197    0.00127163    0.00000000 
max(|Fsp_perp|)  :   0.00000000    0.00000000    0.00000000    0.00000000    0.00000000    0.00000000    0.00000000    0.00000000    0.00000000    0.00000000 
max(|FNEB|)      :   0.00000000    0.00053391    0.00196258    0.00108368    0.00142690    0.00057915    0.00117554    0.00172041    0.00152283    0.00000000 
max(|Force|)     :   0.00173011    0.00082707    0.00107066    0.01401390    0.00937163    0.00058286    0.00642323    0.01575602    0.01595524    0.00133386 
ksp              :   0.01000000    0.01000000    0.01060333    0.08926201    0.10000000    0.10000000    0.08622880    0.04229535    0.01000000 
max(|step|)      :   0.00000000    0.05791150    0.07085894    0.07472380    0.07478425    0.07504875    0.07492954    0.08300742    0.07319579    0.00000000 
angle (deg.)     :    50.0001  87.1558  74.9725  41.0694  96.5541  62.5161  23.2790  67.8689 
>
iteration       : 180
climbing        : yes
zoom on         : no
nim             : 10
barrier         :   0.01288706 (image:  5) 
distance        :   0.00000000    4.30549402    8.56726294   12.90670085   13.43700616   14.11887878   14.52366330   14.93022891   15.61760070   18.15424318 
energy          : -1076.31736593  -1076.32819853  -1076.33362437  -1076.31664515  -1076.30572307  -1076.30447887  -1076.30640751  -1076.31281082  -1076.33342648  -1076.34881019 
max(|Fr_perp|)   :   0.00000000    0.00056768    0.00192946    0.00270724    0.00683047    0.00064738    0.00211936    0.00333084    0.00531180    0.00000000 
Fr_paral         :   0.00000000    0.00146374    0.00075501   -0.02359263   -0.00609129    0.00018009    0.00987716    0.02489135    0.02912581    0.00000000 
max(|Fsp_paral|) :   0.00000000    0.00021465    0.00907554    0.00939253    0.00552628    0.01070674    0.00215916    0.00333222    0.00170485    0.00000000 
max(|Fsp_perp|)  :   0.00000000    0.00000000    0.00000000    0.00000000    0.00000000    0.00000000    0.00000000    0.00000000    0.00000000    0.00000000 
max(|FNEB|)      :   0.00000000    0.00055801    0.00951437    0.01144075    0.00153461    0.00064618    0.00121948    0.00342164    0.00371000    0.00000000 
max(|Force|)     :   0.00173011    0.00070799    0.00194449    0.01513993    0.00839596    0.00064857    0.00577934    0.01574405    0.01754842    0.00133386 
ksp              :   0.01000000    0.01000000    0.01503374    0.09131083    0.10000000    0.10000000    0.08653083    0.04181173    0.01000000 
max(|step|)      :   0.00000000    0.06713068    0.08678741    0.08815384    0.08832421    0.08858686    0.08849717    0.10000000    0.08681856    0.00000000 
angle (deg.)     :    49.9660  85.9728  78.2999  45.4473  99.8438  63.5360  35.2081  66.8675 
>
iteration       : 181
climbing        : yes
zoom on         : no
nim             : 10
barrier         :   0.01278200 (image:  5) 
distance        :   0.00000000    4.35569153    8.67908202   13.00523298   13.55336974   14.22851639   14.64026276   15.06223017   15.79335412   18.21545122 
energy          : -1076.31736593  -1076.32831476  -1076.33377461  -1076.31610720  -1076.30553404  -1076.30458393  -1076.30639837  -1076.31282087  -1076.33312330  -1076.34881019 
max(|Fr_perp|)   :   0.00000000    0.00190110    0.00608407    0.00502026    0.00638778    0.00204034    0.00410749    0.00823992    0.01075932    0.00000000 
Fr_paral         :   0.00000000    0.00149675   -0.00005444   -0.02351885   -0.00463190   -0.00000659    0.00939818    0.02407223    0.02694408    0.00000000 
max(|Fsp_paral|) :   0.00000000    0.00015573    0.01542413    0.01700023    0.00406581    0.00911258    0.00174221    0.00311807    0.00305298    0.00000000 
max(|Fsp_perp|)  :   0.00000000    0.00000000    0.00000000    0.00000000    0.00000000    0.00000000    0.00000000    0.00000000    0.00000000    0.00000000 
max(|FNEB|)      :   0.00000000    0.00196417    0.01572721    0.02011250    0.00370583    0.00208309    0.00412768    0.00857098    0.00822490    0.00000000 
max(|Force|)     :   0.00173011    0.00187528    0.00618461    0.01605461    0.00744982    0.00208306    0.00680182    0.01577445    0.02065944    0.00133386 
ksp              :   0.01000000    0.01000000    0.01897119    0.09332124    0.10000000    0.10000000    0.08723458    0.04205186    0.01000000 
max(|step|)      :   0.00000000    0.00597265    0.04782334    0.06115816    0.01126869    0.00633427    0.01255146    0.02606266    0.02501029    0.00000000 
angle (deg.)     :    49.9530  84.8700  78.5851  46.8479  98.8413  63.1211  29.3121  66.1585 
>
iteration       : 182
climbing        : yes
zoom on         : no
nim             : 10
barrier         :   0.01281204 (image:  5) 
distance        :   0.00000000    4.35472628    8.71759571   12.90128266   13.53278462   14.21381037   14.62897777   15.05259570   15.76658080   18.19066513 
energy          : -1076.31736593  -1076.32826257  -1076.33366435  -1076.31855680  -1076.30541933  -1076.30455388  -1076.30618261  -1076.31172429  -1076.33381109  -1076.34881019 
max(|Fr_perp|)   :   0.00000000    0.00711340    0.01380335    0.00632277    0.01308248    0.00633753    0.01186411    0.03571458    0.01106591    0.00000000 
Fr_paral         :   0.00000000    0.00157996    0.00222251   -0.01734277   -0.00454153    0.00000285    0.00819826    0.01856283    0.02642074    0.00000000 
max(|Fsp_paral|) :   0.00000000    0.00003949    0.00069522    0.00982383    0.00227191    0.00948285    0.00158558    0.00107991    0.00548817    0.00000000 
max(|Fsp_perp|)  :   0.00000000    0.00000000    0.00000000    0.00000000    0.00000000    0.00000000    0.00000000    0.00000000    0.00000000    0.00000000 
max(|FNEB|)      :   0.00000000    0.00711958    0.01384210    0.00966838    0.01316497    0.00633754    0.01204594    0.03576572    0.01144678    0.00000000 
max(|Force|)     :   0.00173011    0.00720236    0.01375402    0.00966607    0.01306986    0.00633752    0.01155919    0.03455431    0.01579877    0.00133386 
ksp              :   0.01000000    0.01000000    0.01000000    0.09392057    0.10000000    0.10000000    0.08855878    0.04963043    0.01000000 
max(|step|)      :   0.00000000    0.00497391    0.00967166    0.00676138    0.00919738    0.00442768    0.00841589    0.02498626    0.00799620    0.00000000 
angle (deg.)     :    49.9162  84.9155  78.1775  45.9164  98.4133  62.1767  26.4947  65.8844 
>
iteration       : 183
climbing        : yes
zoom on         : no
nim             : 10
barrier         :   0.01277586 (image:  5) 
distance        :   0.00000000    4.35479247    8.72004577   12.90511998   13.52123665   14.20471109   14.62069454   15.04592959   15.74612345   18.17193530 
energy          : -1076.31736593  -1076.32831933  -1076.33391455  -1076.31852690  -1076.30574820  -1076.30459007  -1076.30648683  -1076.31330281  -1076.33409032  -1076.34881019 
max(|Fr_perp|)   :   0.00000000    0.00038654    0.00105734    0.00270754    0.00686819    0.00059040    0.00243814    0.00633104    0.00480068    0.00000000 
Fr_paral         :   0.00000000    0.00155382    0.00039051   -0.01888658   -0.00546007   -0.00003702    0.00967485    0.02558398    0.02778460    0.00000000 
max(|Fsp_paral|) :   0.00000000    0.00005073    0.00069757    0.00823871    0.00309403    0.00994424    0.00190552    0.00508802    0.00137376    0.00000000 
max(|Fsp_perp|)  :   0.00000000    0.00000000    0.00000000    0.00000000    0.00000000    0.00000000    0.00000000    0.00000000    0.00000000    0.00000000 
max(|FNEB|)      :   0.00000000    0.00041700    0.00141087    0.00776250    0.00404422    0.00059070    0.00137041    0.00642630    0.00348580    0.00000000 
max(|Force|)     :   0.00173011    0.00084606    0.00108871    0.01079900    0.00824338    0.00059010    0.00611803    0.01584486    0.01626831    0.00133386 
ksp              :   0.01000000    0.01000000    0.01000000    0.09184148    0.10000000    0.10000000    0.08663820    0.03862274    0.01000000 
max(|step|)      :   0.00000000    0.00044360    0.00103097    0.00593962    0.00319942    0.00059500    0.00146873    0.00365757    0.00254980    0.00000000 
angle (deg.)     :    49.9130  84.9271  77.7777  45.1377  98.0750  62.1688  25.3530  65.7937 
>
iteration       : 184
climbing        : yes
zoom on         : no
nim             : 10
barrier         :   0.01277509 (image:  5) 
distance        :   0.00000000    4.35487091    8.72005367   12.90522840   13.50794677   14.19388374   14.61037641   15.03330815   15.73338887   18.15947150 
energy          : -1076.31736593  -1076.32831964  -1076.33392052  -1076.31838402  -1076.30580530  -1076.30459084  -1076.30649686  -1076.31331677  -1076.33419751  -1076.34881019 
max(|Fr_perp|)   :   0.00000000    0.00056813    0.00102073    0.00209521    0.00694373    0.00056362    0.00209562    0.00325551    0.00432768    0.00000000 
Fr_paral         :   0.00000000    0.00152664    0.00030691   -0.01990732   -0.00568929   -0.00004408    0.00973199    0.02574185    0.02785923    0.00000000 
max(|Fsp_paral|) :   0.00000000    0.00005001    0.00069786    0.00737996    0.00359567    0.01018745    0.00202166    0.00499243    0.00134564    0.00000000 
max(|Fsp_perp|)  :   0.00000000    0.00000000    0.00000000    0.00000000    0.00000000    0.00000000    0.00000000    0.00000000    0.00000000    0.00000000 
max(|FNEB|)      :   0.00000000    0.00056055    0.00136196    0.00640506    0.00355650    0.00056370    0.00064964    0.00193998    0.00302954    0.00000000 
max(|Force|)     :   0.00173011    0.00070386    0.00102768    0.01181190    0.00832767    0.00056353    0.00586869    0.01611282    0.01598684    0.00133386 
ksp              :   0.01000000    0.01000000    0.01000000    0.09144417    0.10000000    0.10000000    0.08657218    0.03852616    0.01000000 
max(|step|)      :   0.00000000    0.00151001    0.00302905    0.02001472    0.01266357    0.00177015    0.00175488    0.00544097    0.01058753    0.00000000 
angle (deg.)     :    49.9051  84.9348  76.1354  42.0501  96.7827  62.2827  21.3777  65.6033 
>
iteration       : 185
climbing        : yes
zoom on         : no
nim             : 10
barrier         :   0.01277321 (image:  5) 
distance        :   0.00000000    4.35516898    8.72079172   12.90199774   13.45668201   14.15269873   14.57103256   14.98557420   15.68766127   18.11549587 
energy          : -1076.31736593  -1076.32832117  -1076.33393811  -1076.31779974  -1076.30603259  -1076.30459271  -1076.30650298  -1076.31314584  -1076.33451348  -1076.34881019 
max(|Fr_perp|)   :   0.00000000    0.00051951    0.00118142    0.00319079    0.00729488    0.00084239    0.00256817    0.00527740    0.00258282    0.00000000 
Fr_paral         :   0.00000000    0.00148037    0.00042064   -0.02256742   -0.00657761   -0.00007231    0.00974616    0.02525128    0.02769306    0.00000000 
max(|Fsp_paral|) :   0.00000000    0.00005069    0.00071857    0.00438127    0.00555412    0.01119849    0.00240297    0.00409915    0.00183285    0.00000000 
max(|Fsp_perp|)  :   0.00000000    0.00000000    0.00000000    0.00000000    0.00000000    0.00000000    0.00000000    0.00000000    0.00000000    0.00000000 
max(|FNEB|)      :   0.00000000    0.00052563    0.00132040    0.00252880    0.00189903    0.00084252    0.00237230    0.00540363    0.00173914    0.00000000 
max(|Force|)     :   0.00173011    0.00067744    0.00119077    0.01477481    0.00898119    0.00084227    0.00614479    0.01644774    0.01504717    0.00133386 
ksp              :   0.01000000    0.01000000    0.01000000    0.08985461    0.10000000    0.10000000    0.08654028    0.03973471    0.01000000 
max(|step|)      :   0.00000000    0.00267612    0.00553307    0.01858229    0.01535114    0.00253173    0.00251359    0.00756233    0.01252385    0.00000000 
angle (deg.)     :    49.8813  84.9737  73.8076  38.1642  95.5256  62.2967  17.7379  65.6115 
>
iteration       : 186
climbing        : yes
zoom on         : no
nim             : 10
barrier         :   0.01277052 (image:  5) 
distance        :   0.00000000    4.35568574    8.72178569   12.89990683   13.40259046   14.11096151   14.53032826   14.93997190   15.64069659   18.07372291 
energy          : -1076.31736593  -1076.32832049  -1076.33393911  -1076.31708538  -1076.30631985  -1076.30459541  -1076.30651679  -1076.31312386  -1076.33462271  -1076.34881019 
max(|Fr_perp|)   :   0.00000000    0.00206356    0.00352492    0.00441815    0.00774241    0.00156219    0.00233535    0.00320381    0.00500914    0.00000000 
Fr_paral         :   0.00000000    0.00153800    0.00014187   -0.02401371   -0.00767602   -0.00010755    0.00978554    0.02535079    0.02726340    0.00000000 
max(|Fsp_paral|) :   0.00000000    0.00005048    0.00249945    0.00314510    0.00794409    0.01239897    0.00263229    0.00382566    0.00185302    0.00000000 
max(|Fsp_perp|)  :   0.00000000    0.00000000    0.00000000    0.00000000    0.00000000    0.00000000    0.00000000    0.00000000    0.00000000    0.00000000 
max(|FNEB|)      :   0.00000000    0.00205591    0.00366387    0.00698649    0.00150768    0.00156235    0.00158865    0.00220094    0.00504974    0.00000000 
max(|Force|)     :   0.00173011    0.00197474    0.00352804    0.01650661    0.00982477    0.00156204    0.00592214    0.01620184    0.01480606    0.00133386 
ksp              :   0.01000000    0.01000000    0.01197715    0.08784698    0.10000000    0.10000000    0.08645909    0.03989585    0.01000000 
max(|step|)      :   0.00000000    0.00211312    0.00914044    0.00899707    0.00790580    0.00209035    0.00210419    0.00428384    0.00767472    0.00000000 
angle (deg.)     :    49.8790  84.7879  72.7057  37.3024  95.1284  62.3135  16.7722  65.8273 
>
iteration       : 187
climbing        : yes
zoom on         : no
nim             : 10
barrier         :   0.01276611 (image:  5) 
distance        :   0.00000000    4.35598996    8.72983088   12.87745564   13.38121304   14.09555962   14.51487314   14.92439139   15.62374094   18.06146575 
energy          : -1076.31736593  -1076.32832505  -1076.33397187  -1076.31745750  -1076.30645269  -1076.30459981  -1076.30651235  -1076.31311475  -1076.33458414  -1076.34881019 
max(|Fr_perp|)   :   0.00000000    0.00120680    0.00140901    0.00370923    0.00792989    0.00076853    0.00235306    0.00326898    0.00630545    0.00000000 
Fr_paral         :   0.00000000    0.00152604    0.00074583   -0.02335336   -0.00819039   -0.00012604    0.00973996    0.02530249    0.02681041    0.00000000 
max(|Fsp_paral|) :   0.00000000    0.00008650    0.00088128    0.00124028    0.00846694    0.01299712    0.00262149    0.00382816    0.00183028    0.00000000 
max(|Fsp_perp|)  :   0.00000000    0.00000000    0.00000000    0.00000000    0.00000000    0.00000000    0.00000000    0.00000000    0.00000000    0.00000000 
max(|FNEB|)      :   0.00000000    0.00121868    0.00145816    0.00239286    0.00157993    0.00076923    0.00076964    0.00273246    0.00631128    0.00000000 
max(|Force|)     :   0.00173011    0.00129418    0.00139256    0.01556955    0.01020937    0.00076783    0.00603991    0.01607523    0.01460308    0.00133386 
ksp              :   0.01000000    0.01000000    0.01000000    0.08693736    0.10000000    0.10000000    0.08651677    0.03997046    0.01000000 
max(|step|)      :   0.00000000    0.00078081    0.00108469    0.00458919    0.00196939    0.00047593    0.00061877    0.00154256    0.00452965    0.00000000 
angle (deg.)     :    49.8757  84.8054  72.8755  37.8536  95.4683  62.4051  16.8076  65.7241 
>
iteration       : 188
climbing        : yes
zoom on         : no
nim             : 10
barrier         :   0.01276511 (image:  5) 
distance        :   0.00000000    4.35612187    8.72950523   12.87895310   13.39112247   14.10357895   14.52202944   14.93191186   15.62997147   18.06743634 
energy          : -1076.31736593  -1076.32832672  -1076.33397474  -1076.31760929  -1076.30640463  -1076.30460081  -1076.30650018  -1076.31310424  -1076.33457114  -1076.34881019 
max(|Fr_perp|)   :   0.00000000    0.00043985    0.00054403    0.00305896    0.00789478    0.00049778    0.00235233    0.00326686    0.00208183    0.00000000 
Fr_paral         :   0.00000000    0.00152900    0.00058327   -0.02301244   -0.00802468   -0.00012139    0.00969056    0.02531848    0.02728665    0.00000000 
max(|Fsp_paral|) :   0.00000000    0.00008364    0.00087109    0.00172813    0.00807972    0.01287803    0.00255437    0.00386868    0.00183001    0.00000000 
max(|Fsp_perp|)  :   0.00000000    0.00000000    0.00000000    0.00000000    0.00000000    0.00000000    0.00000000    0.00000000    0.00000000    0.00000000 
max(|FNEB|)      :   0.00000000    0.00049074    0.00120230    0.00130830    0.00051715    0.00049847    0.00051928    0.00080024    0.00140168    0.00000000 
max(|Force|)     :   0.00173011    0.00089413    0.00068630    0.01495367    0.01011303    0.00049709    0.00601675    0.01601759    0.01494091    0.00133386 
ksp              :   0.01000000    0.01000000    0.01000000    0.08728223    0.10000000    0.10000000    0.08660858    0.04004689    0.01000000 
max(|step|)      :   0.00000000    0.00089872    0.00220538    0.00425101    0.00116693    0.00088234    0.00088414    0.00146657    0.00334775    0.00000000 
angle (deg.)     :    49.8721  84.8380  72.7099  38.1239  95.8140  62.6124  16.8765  65.6637 
>
iteration       : 189
climbing        : yes
zoom on         : no
nim             : 10
barrier         :   0.01276390 (image:  5) 
distance        :   0.00000000    4.35644462    8.72877867   12.88066503   13.39788500   14.10955190   14.52678910   14.93624277   15.63347650   18.07176009 
energy          : -1076.31736593  -1076.32832778  -1076.33397566  -1076.31771047  -1076.30637311  -1076.30460203  -1076.30648049  -1076.31305375  -1076.33450796  -1076.34881019 
max(|Fr_perp|)   :   0.00000000    0.00035264    0.00043453    0.00240297    0.00787136    0.00039875    0.00228983    0.00327540    0.00177384    0.00000000 
Fr_paral         :   0.00000000    0.00152849    0.00051794   -0.02265756   -0.00793327   -0.00012018    0.00961536    0.02524179    0.02772832    0.00000000 
max(|Fsp_paral|) :   0.00000000    0.00007698    0.00085641    0.00202677    0.00787529    0.01287642    0.00249072    0.00377101    0.00193379    0.00000000 
max(|Fsp_perp|)  :   0.00000000    0.00000000    0.00000000    0.00000000    0.00000000    0.00000000    0.00000000    0.00000000    0.00000000    0.00000000 
max(|FNEB|)      :   0.00000000    0.00039947    0.00111147    0.00059801    0.00062811    0.00039943    0.00039593    0.00110115    0.00171673    0.00000000 
max(|Force|)     :   0.00173011    0.00080705    0.00056148    0.01434482    0.01006001    0.00039806    0.00592066    0.01593626    0.01530530    0.00133386 
ksp              :   0.01000000    0.01000000    0.01000000    0.08751188    0.10000000    0.10000000    0.08675467    0.04040571    0.01000000 
max(|step|)      :   0.00000000    0.00400483    0.00906848    0.00961995    0.00408007    0.00393494    0.00391014    0.00488722    0.00998262    0.00000000 
angle (deg.)     :    49.8598  84.9510  71.4877  38.3932  96.7701  63.4884  16.9873  65.7230 
>
iteration       : 190
climbing        : yes
zoom on         : no
nim             : 10
barrier         :   0.01275796 (image:  5) 
distance        :   0.00000000    4.35784242    8.72641146   12.88510033   13.41012820   14.12274154   14.53599314   14.94266437   15.63679884   18.08175407 
energy          : -1076.31736593  -1076.32833278  -1076.33397864  -1076.31790330  -1076.30634293  -1076.30460796  -1076.30641061  -1076.31283951  -1076.33416999  -1076.34881019 
max(|Fr_perp|)   :   0.00000000    0.00052665    0.00078794    0.00158828    0.00784129    0.00053362    0.00218163    0.00327954    0.00478602    0.00000000 
Fr_paral         :   0.00000000    0.00152887    0.00065444   -0.02169079   -0.00789741   -0.00012489    0.00932414    0.02486486    0.02887170    0.00000000 
max(|Fsp_paral|) :   0.00000000    0.00005194    0.00081261    0.00244369    0.00771674    0.01321065    0.00232113    0.00327804    0.00237105    0.00000000 
max(|Fsp_perp|)  :   0.00000000    0.00000000    0.00000000    0.00000000    0.00000000    0.00000000    0.00000000    0.00000000    0.00000000    0.00000000 
max(|FNEB|)      :   0.00000000    0.00055818    0.00092802    0.00139801    0.00053509    0.00053430    0.00053124    0.00092142    0.00483228    0.00000000 
max(|Force|)     :   0.00173011    0.00098243    0.00086156    0.01303752    0.01003388    0.00053295    0.00573628    0.01554501    0.01634192    0.00133386 
ksp              :   0.01000000    0.01000000    0.01000000    0.08776085    0.10000000    0.10000000    0.08728334    0.04193126    0.01000000 
max(|step|)      :   0.00000000    0.00713186    0.01365008    0.00893776    0.00715846    0.00698463    0.00694638    0.00613797    0.01410211    0.00000000 
angle (deg.)     :    49.8246  85.1372  69.7524  38.8674  98.0231  64.7332  17.3131  66.1226 
>
iteration       : 191
climbing        : yes
zoom on         : no
nim             : 10
barrier         :   0.01275143 (image:  5) 
distance        :   0.00000000    4.35992122    8.72420849   12.89496777   13.42927368   14.14486698   14.55317832   14.95686037   15.64250970   18.10105259 
energy          : -1076.31736593  -1076.32833521  -1076.33396755  -1076.31811501  -1076.30632362  -1076.30461449  -1076.30631666  -1076.31255096  -1076.33348518  -1076.34881019 
max(|Fr_perp|)   :   0.00000000    0.00243390    0.00328842    0.00237819    0.00790099    0.00190887    0.00222982    0.00478785    0.00706025    0.00000000 
Fr_paral         :   0.00000000    0.00153916    0.00012451   -0.02061479   -0.00790477   -0.00013270    0.00891444    0.02428447    0.03007859    0.00000000 
max(|Fsp_paral|) :   0.00000000    0.00002112    0.00074633    0.00286562    0.00761634    0.01376983    0.00208804    0.00274500    0.00284051    0.00000000 
max(|Fsp_perp|)  :   0.00000000    0.00000000    0.00000000    0.00000000    0.00000000    0.00000000    0.00000000    0.00000000    0.00000000    0.00000000 
max(|FNEB|)      :   0.00000000    0.00242977    0.00324409    0.00273876    0.00187109    0.00190910    0.00192323    0.00475007    0.00703481    0.00000000 
max(|Force|)     :   0.00173011    0.00234476    0.00329131    0.01199204    0.01011882    0.00190864    0.00551599    0.01527007    0.01728213    0.00133386 
ksp              :   0.01000000    0.01000000    0.01000000    0.08793693    0.10000000    0.10000000    0.08798606    0.04398421    0.01000000 
max(|step|)      :   0.00000000    0.00142903    0.00183729    0.00486933    0.00126636    0.00111039    0.00110959    0.00212086    0.00317499    0.00000000 
angle (deg.)     :    49.8339  85.1109  69.8478  38.4671  97.6649  64.5152  16.9504  66.1118 
>
iteration       : 192
climbing        : yes
zoom on         : no
nim             : 10
barrier         :   0.01274959 (image:  5) 
distance        :   0.00000000    4.35960739    8.72392862   12.89384498   13.42144957   14.13780921   14.54735631   14.95139322   15.63668864   18.09426255 
energy          : -1076.31736593  -1076.32833967  -1076.33398189  -1076.31802773  -1076.30636350  -1076.30461633  -1076.30634018  -1076.31262134  -1076.33361130  -1076.34881019 
max(|Fr_perp|)   :   0.00000000    0.00037137    0.00065949    0.00185823    0.00791008    0.00044919    0.00212255    0.00329945    0.00216352    0.00000000 
Fr_paral         :   0.00000000    0.00154174    0.00049677   -0.02128919   -0.00801565   -0.00013319    0.00899580    0.02444994    0.02993007    0.00000000 
max(|Fsp_paral|) :   0.00000000    0.00002281    0.00075051    0.00246336    0.00787666    0.01377743    0.00215439    0.00290929    0.00267203    0.00000000 
max(|Fsp_perp|)  :   0.00000000    0.00000000    0.00000000    0.00000000    0.00000000    0.00000000    0.00000000    0.00000000    0.00000000    0.00000000 
max(|FNEB|)      :   0.00000000    0.00036706    0.00097592    0.00169078    0.00044587    0.00044942    0.00045114    0.00098760    0.00188614    0.00000000 
max(|Force|)     :   0.00173011    0.00076152    0.00067094    0.01273205    0.01016358    0.00044896    0.00556063    0.01529500    0.01709691    0.00133386 
ksp              :   0.01000000    0.01000000    0.01000000    0.08766664    0.10000000    0.10000000    0.08783126    0.04349224    0.01000000 
max(|step|)      :   0.00000000    0.00140319    0.00321503    0.00352522    0.00141831    0.00140459    0.00139178    0.00120292    0.00332950    0.00000000 
angle (deg.)     :    49.8307  85.1627  69.4727  38.2978  97.7273  64.7074  16.6442  66.2764 
>
iteration       : 193
climbing        : yes
zoom on         : no
nim             : 10
barrier         :   0.01274735 (image:  5) 
distance        :   0.00000000    4.35997348    8.72238335   12.89841761   13.42229917   14.14030918   14.54973050   14.95331276   15.63357877   18.09552634 
energy          : -1076.31736593  -1076.32834138  -1076.33398151  -1076.31798719  -1076.30638970  -1076.30461858  -1076.30633432  -1076.31259535  -1076.33342243  -1076.34881019 
max(|Fr_perp|)   :   0.00000000    0.00050420    0.00047329    0.00166322    0.00793072    0.00051438    0.00217355    0.00324569    0.00217354    0.00000000 
Fr_paral         :   0.00000000    0.00154571    0.00065738   -0.02172611   -0.00809445   -0.00013494    0.00894857    0.02440097    0.03009627    0.00000000 
max(|Fsp_paral|) :   0.00000000    0.00001178    0.00071962    0.00219234    0.00807802    0.01393356    0.00215215    0.00294450    0.00261511    0.00000000 
max(|Fsp_perp|)  :   0.00000000    0.00000000    0.00000000    0.00000000    0.00000000    0.00000000    0.00000000    0.00000000    0.00000000    0.00000000 
max(|FNEB|)      :   0.00000000    0.00051096    0.00073825    0.00080411    0.00050504    0.00051502    0.00051184    0.00073738    0.00201625    0.00000000 
max(|Force|)     :   0.00173011    0.00096739    0.00063718    0.01334652    0.01021446    0.00051373    0.00554987    0.01525688    0.01715266    0.00133386 
ksp              :   0.01000000    0.01000000    0.01000000    0.08749534    0.10000000    0.10000000    0.08788638    0.04368163    0.01000000 
max(|step|)      :   0.00000000    0.00549714    0.01214541    0.00676289    0.00556346    0.00550458    0.00546118    0.00529693    0.01048547    0.00000000 
angle (deg.)     :    49.8135  85.3689  68.4933  38.3109  98.2763  65.4704  15.9015  66.8397 
>
iteration       : 194
climbing        : yes
zoom on         : no
nim             : 10
barrier         :   0.01273989 (image:  5) 
distance        :   0.00000000    4.36132525    8.71706297   12.91724980   13.43710540   14.15904885   14.56744301   14.96963588   15.63171773   18.10889723 
energy          : -1076.31736593  -1076.32834640  -1076.33397360  -1076.31792693  -1076.30642616  -1076.30462604  -1076.30630387  -1076.31248319  -1076.33267052  -1076.34881019 
max(|Fr_perp|)   :   0.00000000    0.00114884    0.00136013    0.00280336    0.00797193    0.00073914    0.00228643    0.00312079    0.00247228    0.00000000 
Fr_paral         :   0.00000000    0.00155987    0.00085722   -0.02239210   -0.00818309   -0.00013599    0.00874741    0.02418334    0.03080435    0.00000000 
max(|Fsp_paral|) :   0.00000000    0.00002700    0.00060035    0.00179064    0.00836890    0.01432673    0.00210043    0.00306306    0.00243615    0.00000000 
max(|Fsp_perp|)  :   0.00000000    0.00000000    0.00000000    0.00000000    0.00000000    0.00000000    0.00000000    0.00000000    0.00000000    0.00000000 
max(|FNEB|)      :   0.00000000    0.00114717    0.00139581    0.00106051    0.00072061    0.00073974    0.00073829    0.00253280    0.00213481    0.00000000 
max(|Force|)     :   0.00173011    0.00123841    0.00138171    0.01451483    0.01029274    0.00073854    0.00547914    0.01514925    0.01748529    0.00133386 
ksp              :   0.01000000    0.01000000    0.01000000    0.08728314    0.10000000    0.10000000    0.08814707    0.04449376    0.01000000 
max(|step|)      :   0.00000000    0.00733541    0.01565908    0.00753150    0.00751149    0.00747695    0.00742084    0.00811389    0.01397358    0.00000000 
angle (deg.)     :    49.7888  85.6483  67.9972  38.6361  99.0178  66.4078  15.0394  67.5996 
>
iteration       : 195
climbing        : yes
zoom on         : no
nim             : 10
barrier         :   0.01272954 (image:  5) 
distance        :   0.00000000    4.36268992    8.71040006   12.94643119   13.46693002   14.19271464   14.60092445   15.00079382   15.63832096   18.13422676 
energy          : -1076.31736593  -1076.32835359  -1076.33396244  -1076.31793239  -1076.30642923  -1076.30463639  -1076.30628114  -1076.31236462  -1076.33165201  -1076.34881019 
max(|Fr_perp|)   :   0.00000000    0.00120041    0.00173678    0.00359716    0.00801173    0.00077746    0.00242809    0.00298906    0.00273845    0.00000000 
Fr_paral         :   0.00000000    0.00157915    0.00094548   -0.02257528   -0.00813783   -0.00012956    0.00854247    0.02394511    0.03158965    0.00000000 
max(|Fsp_paral|) :   0.00000000    0.00007230    0.00043035    0.00163513    0.00844794    0.01460243    0.00211484    0.00327545    0.00208868    0.00000000 
max(|Fsp_perp|)  :   0.00000000    0.00000000    0.00000000    0.00000000    0.00000000    0.00000000    0.00000000    0.00000000    0.00000000    0.00000000 
max(|FNEB|)      :   0.00000000    0.00119327    0.00176270    0.00195502    0.00265202    0.00077771    0.00078052    0.00111338    0.00196976    0.00000000 
max(|Force|)     :   0.00173011    0.00129116    0.00171429    0.01490670    0.01031750    0.00077721    0.00548631    0.01503689    0.01794805    0.00133386 
ksp              :   0.01000000    0.01000000    0.01000000    0.08732426    0.10000000    0.10000000    0.08837132    0.04536005    0.01000000 
max(|step|)      :   0.00000000    0.01763985    0.03662237    0.01839634    0.01832373    0.01829632    0.01815682    0.02001820    0.03642117    0.00000000 
angle (deg.)     :    49.7351  86.3348  67.6984  39.4846  100.6716  68.6245  14.0159  69.8111 
>
iteration       : 196
climbing        : yes
zoom on         : no
nim             : 10
barrier         :   0.01270458 (image:  5) 
distance        :   0.00000000    4.36525048    8.69681895   13.02243070   13.54809474   14.28275021   14.69232584   15.08502847   15.66886149   18.20700565 
energy          : -1076.31736593  -1076.32836974  -1076.33392997  -1076.31802940  -1076.30637654  -1076.30466134  -1076.30624878  -1076.31205153  -1076.32920872  -1076.34881019 
max(|Fr_perp|)   :   0.00000000    0.00129903    0.00086078    0.00443569    0.00880051    0.00077073    0.00258335    0.00714406    0.00368997    0.00000000 
Fr_paral         :   0.00000000    0.00161730    0.00089524   -0.02255680   -0.00783706   -0.00010311    0.00814438    0.02313949    0.03255067    0.00000000 
max(|Fsp_paral|) :   0.00000000    0.00016208    0.00002285    0.00154690    0.00843072    0.01497571    0.00229603    0.00356616    0.00132678    0.00000000 
max(|Fsp_perp|)  :   0.00000000    0.00000000    0.00000000    0.00000000    0.00000000    0.00000000    0.00000000    0.00000000    0.00000000    0.00000000 
max(|FNEB|)      :   0.00000000    0.00128098    0.00086254    0.00290456    0.00888456    0.00077092    0.00132438    0.00726361    0.00348513    0.00000000 
max(|Force|)     :   0.00173011    0.00139220    0.00089123    0.01506695    0.01039599    0.00077054    0.00539510    0.01486634    0.01862459    0.00133386 
ksp              :   0.01000000    0.01000000    0.01000000    0.08784948    0.10000000    0.10000000    0.08875452    0.04764750    0.01000000 
max(|step|)      :   0.00000000    0.00279605    0.00680241    0.00449436    0.00579358    0.00272220    0.00269685    0.00404729    0.00654810    0.00000000 
angle (deg.)     :    49.7333  86.2147  68.5403  39.3308  100.3152  68.1354  13.7911  69.1466 
>
iteration       : 197
climbing        : yes
zoom on         : no
nim             : 10
barrier         :   0.01270775 (image:  5) 
distance        :   0.00000000    4.36414167    8.69914028   13.01384003   13.54140110   14.27374567   14.68442082   15.07767822   15.66965118   18.19703665 
energy          : -1076.31736593  -1076.32836750  -1076.33394004  -1076.31810777  -1076.30644449  -1076.30465818  -1076.30627670  -1076.31215899  -1076.32969678  -1076.34881019 
max(|Fr_perp|)   :   0.00000000    0.00046631    0.00044776    0.00336477    0.00807539    0.00050165    0.00257269    0.00299618    0.00247109    0.00000000 
Fr_paral         :   0.00000000    0.00161979    0.00077550   -0.02227536   -0.00801392   -0.00010672    0.00829261    0.02342664    0.03256936    0.00000000 
max(|Fsp_paral|) :   0.00000000    0.00014030    0.00007785    0.00157003    0.00836368    0.01484640    0.00236369    0.00358672    0.00133906    0.00000000 
max(|Fsp_perp|)  :   0.00000000    0.00000000    0.00000000    0.00000000    0.00000000    0.00000000    0.00000000    0.00000000    0.00000000    0.00000000 
max(|FNEB|)      :   0.00000000    0.00037629    0.00039390    0.00180257    0.00048315    0.00050208    0.00050106    0.00070684    0.00106410    0.00000000 
max(|Force|)     :   0.00173011    0.00096151    0.00064172    0.01431128    0.01031798    0.00050121    0.00546156    0.01488433    0.01874877    0.00133386 
ksp              :   0.01000000    0.01000000    0.01000000    0.08734885    0.10000000    0.10000000    0.08853714    0.04687703    0.01000000 
max(|step|)      :   0.00000000    0.00097786    0.00308533    0.00528023    0.00118113    0.00078318    0.00105911    0.00090138    0.00443486    0.00000000 
angle (deg.)     :    49.7273  86.1580  69.2550  39.3493  100.1781  67.9387  13.7979  68.7084 
>
iteration       : 198
climbing        : yes
zoom on         : no
nim             : 10
barrier         :   0.01270890 (image:  5) 
distance        :   0.00000000    4.36327171    8.70056933   13.01170484   13.54265170   14.27382171   14.68538773   15.07803637   15.67532398   18.19540585 
energy          : -1076.31736593  -1076.32836555  -1076.33394479  -1076.31819296  -1076.30642727  -1076.30465703  -1076.30629319  -1076.31218473  -1076.32995995  -1076.34881019 
max(|Fr_perp|)   :   0.00000000    0.00034268    0.00034992    0.00228991    0.00805952    0.00038317    0.00253131    0.00302635    0.00220589    0.00000000 
Fr_paral         :   0.00000000    0.00161515    0.00069836   -0.02178794   -0.00795687   -0.00010309    0.00837297    0.02345301    0.03256477    0.00000000 
max(|Fsp_paral|) :   0.00000000    0.00012506    0.00010027    0.00179657    0.00819851    0.01465895    0.00244217    0.00346339    0.00144550    0.00000000 
max(|Fsp_perp|)  :   0.00000000    0.00000000    0.00000000    0.00000000    0.00000000    0.00000000    0.00000000    0.00000000    0.00000000    0.00000000 
max(|FNEB|)      :   0.00000000    0.00028493    0.00030889    0.00051957    0.00089763    0.00038361    0.00038172    0.00107949    0.00090735    0.00000000 
max(|Force|)     :   0.00173011    0.00083620    0.00052522    0.01346371    0.01027634    0.00038273    0.00546416    0.01487734    0.01887429    0.00133386 
ksp              :   0.01000000    0.01000000    0.01000000    0.08746375    0.10000000    0.10000000    0.08841331    0.04669144    0.01000000 
max(|step|)      :   0.00000000    0.00422993    0.00618723    0.00484115    0.00480205    0.00489673    0.00486865    0.00527878    0.00736205    0.00000000 
angle (deg.)     :    49.6983  86.2690  70.0438  39.4026  100.4425  68.3179  13.6041  68.5629 
>
iteration       : 199
climbing        : yes
zoom on         : no
nim             : 10
barrier         :   0.01270236 (image:  5) 
distance        :   0.00000000    4.36231147    8.69963456   13.03075610   13.56485220   14.29824889   14.71117875   15.10102253   15.69368641   18.21208983 
energy          : -1076.31736593  -1076.32836704  -1076.33394116  -1076.31829104  -1076.30644048  -1076.30466357  -1076.30630091  -1076.31213424  -1076.32971222  -1076.34881019 
max(|Fr_perp|)   :   0.00000000    0.00044756    0.00077080    0.00159477    0.00808750    0.00044708    0.00249691    0.00316463    0.00167592    0.00000000 
Fr_paral         :   0.00000000    0.00162275    0.00065064   -0.02129807   -0.00795114   -0.00009390    0.00834695    0.02327729    0.03266257    0.00000000 
max(|Fsp_paral|) :   0.00000000    0.00012022    0.00002372    0.00183208    0.00817347    0.01468685    0.00257859    0.00331909    0.00145888    0.00000000 
max(|Fsp_perp|)  :   0.00000000    0.00000000    0.00000000    0.00000000    0.00000000    0.00000000    0.00000000    0.00000000    0.00000000    0.00000000 
max(|FNEB|)      :   0.00000000    0.00046065    0.00076965    0.00105468    0.00060328    0.00044724    0.00044984    0.00136226    0.00096305    0.00000000 
max(|Force|)     :   0.00173011    0.00076249    0.00078713    0.01291042    0.01029251    0.00044692    0.00541250    0.01475629    0.01915496    0.00133386 
ksp              :   0.01000000    0.01000000    0.01000000    0.08741005    0.10000000    0.10000000    0.08839896    0.04706806    0.01000000 
max(|step|)      :   0.00000000    0.01095024    0.01547204    0.01266978    0.01260929    0.01282151    0.01275418    0.01275721    0.01679684    0.00000000 
angle (deg.)     :    49.6310  86.5300  71.5074  39.5795  101.3123  69.3095  14.0064  67.9154 
>
iteration       : 200
climbing        : yes
zoom on         : no
nim             : 10
barrier         :   0.01268487 (image:  5) 
distance        :   0.00000000    4.35964684    8.69806194   13.07499124   13.61611528   14.35578456   14.77044172   15.15575326   15.74079765   18.25077301 
energy          : -1076.31736593  -1076.32837099  -1076.33393250  -1076.31845169  -1076.30646957  -1076.30468106  -1076.30629311  -1076.31201371  -1076.32915748  -1076.34881019 
max(|Fr_perp|)   :   0.00000000    0.00037027    0.00043616    0.00608065    0.00820108    0.00039351    0.00255720    0.00347029    0.00389301    0.00000000 
Fr_paral         :   0.00000000    0.00165996    0.00082707   -0.02013839   -0.00794619   -0.00007218    0.00816995    0.02288593    0.03271227    0.00000000 
max(|Fsp_paral|) :   0.00000000    0.00010192    0.00014672    0.00189614    0.00816698    0.01494106    0.00273274    0.00303710    0.00159459    0.00000000 
max(|Fsp_perp|)  :   0.00000000    0.00000000    0.00000000    0.00000000    0.00000000    0.00000000    0.00000000    0.00000000    0.00000000    0.00000000 
max(|FNEB|)      :   0.00000000    0.00038124    0.00053050    0.00611715    0.00281988    0.00039380    0.00059793    0.00085058    0.00402766    0.00000000 
max(|Force|)     :   0.00173011    0.00080573    0.00064598    0.01203673    0.01038707    0.00039322    0.00546237    0.01442922    0.01932745    0.00133386 
ksp              :   0.01000000    0.01000000    0.01000000    0.08731036    0.10000000    0.10000000    0.08856235    0.04797430    0.01000000 
max(|step|)      :   0.00000000    0.00093940    0.00169514    0.00341709    0.00180668    0.00098475    0.00097902    0.00076935    0.00243043    0.00000000 
angle (deg.)     :    49.6282  86.5567  71.2067  39.5845  101.4934  69.4806  13.8538  67.8905 
>
iteration       : 201
climbing        : yes
zoom on         : no
nim             : 10
barrier         :   0.01268342 (image:  5) 
distance        :   0.00000000    4.35980750    8.69809946   13.07642079   13.61769521   14.35793919   14.77185561   15.15712165   15.74133742   18.25200927 
energy          : -1076.31736593  -1076.32837204  -1076.33393116  -1076.31852824  -1076.30648427  -1076.30468251  -1076.30627977  -1076.31198435  -1076.32911903  -1076.34881019 
max(|Fr_perp|)   :   0.00000000    0.00036499    0.00032571    0.00171382    0.00817628    0.00040290    0.00248626    0.00344503    0.00231429    0.00000000 
Fr_paral         :   0.00000000    0.00165454    0.00079363   -0.02043155   -0.00798971   -0.00007370    0.00811135    0.02283871    0.03291038    0.00000000 
max(|Fsp_paral|) :   0.00000000    0.00010327    0.00015234    0.00186258    0.00820519    0.01506197    0.00268655    0.00301142    0.00163790    0.00000000 
max(|Fsp_perp|)  :   0.00000000    0.00000000    0.00000000    0.00000000    0.00000000    0.00000000    0.00000000    0.00000000    0.00000000    0.00000000 
max(|FNEB|)      :   0.00000000    0.00029743    0.00039829    0.00138923    0.00039822    0.00040321    0.00040282    0.00040094    0.00119825    0.00000000 
max(|Force|)     :   0.00173011    0.00087706    0.00050181    0.01225022    0.01037842    0.00040259    0.00537114    0.01439742    0.01951217    0.00133386 
ksp              :   0.01000000    0.01000000    0.01000000    0.08721491    0.10000000    0.10000000    0.08866605    0.04818704    0.01000000 
max(|step|)      :   0.00000000    0.00407250    0.00643561    0.00451433    0.00452484    0.00454197    0.00451728    0.00426638    0.00479141    0.00000000 
angle (deg.)     :    49.6119  86.6673  71.0640  39.6720  101.9605  69.9473  13.6815  67.8008 
>
iteration       : 202
climbing        : yes
zoom on         : no
nim             : 10
barrier         :   0.01267725 (image:  5) 
distance        :   0.00000000    4.35953898    8.69744719   13.08984308   13.63242106   14.37499433   14.78833753   15.17310504   15.75217292   18.26346928 
energy          : -1076.31736593  -1076.32837446  -1076.33392526  -1076.31859156  -1076.30649844  -1076.30468867  -1076.30625884  -1076.31192682  -1076.32883502  -1076.34881019 
max(|Fr_perp|)   :   0.00000000    0.00041849    0.00036211    0.00136736    0.00818815    0.00045631    0.00248376    0.00343853    0.00202471    0.00000000 
Fr_paral         :   0.00000000    0.00166349    0.00082460   -0.02054773   -0.00800713   -0.00006956    0.00797671    0.02271380    0.03307328    0.00000000 
max(|Fsp_paral|) :   0.00000000    0.00010375    0.00020701    0.00182212    0.00824932    0.01527688    0.00263765    0.00302057    0.00163935    0.00000000 
max(|Fsp_perp|)  :   0.00000000    0.00000000    0.00000000    0.00000000    0.00000000    0.00000000    0.00000000    0.00000000    0.00000000    0.00000000 
max(|FNEB|)      :   0.00000000    0.00035035    0.00043168    0.00077759    0.00045487    0.00045659    0.00045638    0.00041931    0.00095381    0.00000000 
max(|Force|)     :   0.00173011    0.00093492    0.00050652    0.01250132    0.01039577    0.00045602    0.00530886    0.01430682    0.01959024    0.00133386 
ksp              :   0.01000000    0.01000000    0.01000000    0.08715188    0.10000000    0.10000000    0.08885287    0.04861402    0.01000000 
max(|step|)      :   0.00000000    0.00984158    0.01444396    0.01098806    0.01102203    0.01107757    0.01102038    0.01050092    0.01193182    0.00000000 
angle (deg.)     :    49.5725  86.9156  70.8027  39.8982  103.0255  71.0086  13.2604  67.4394 
>
iteration       : 203
climbing        : yes
zoom on         : no
nim             : 10
barrier         :   0.01266242 (image:  5) 
distance        :   0.00000000    4.35861005    8.69692869   13.12149243   13.66729646   14.41545308   14.82784742   15.21184299   15.77967915   18.29013777 
energy          : -1076.31736593  -1076.32837969  -1076.33391183  -1076.31872240  -1076.30653355  -1076.30470351  -1076.30621465  -1076.31180898  -1076.32821791  -1076.34881019 
max(|Fr_perp|)   :   0.00000000    0.00038294    0.00034078    0.00211041    0.00823349    0.00043369    0.00252231    0.00341121    0.00172724    0.00000000 
Fr_paral         :   0.00000000    0.00168687    0.00082621   -0.02070892   -0.00804789   -0.00005894    0.00767181    0.02245829    0.03338271    0.00000000 
max(|Fsp_paral|) :   0.00000000    0.00009715    0.00032629    0.00173873    0.00834791    0.01576739    0.00253133    0.00307620    0.00163025    0.00000000 
max(|Fsp_perp|)  :   0.00000000    0.00000000    0.00000000    0.00000000    0.00000000    0.00000000    0.00000000    0.00000000    0.00000000    0.00000000 
max(|FNEB|)      :   0.00000000    0.00031844    0.00044620    0.00148352    0.00076744    0.00043391    0.00043268    0.00066227    0.00123986    0.00000000 
max(|Force|)     :   0.00173011    0.00091055    0.00044037    0.01296116    0.01045272    0.00043347    0.00518363    0.01415189    0.01968769    0.00133386 
ksp              :   0.01000000    0.01000000    0.01000000    0.08699273    0.10000000    0.10000000    0.08925935    0.04949680    0.01000000 
max(|step|)      :   0.00000000    0.01375717    0.01824434    0.01558556    0.01565456    0.01572779    0.01564551    0.01469990    0.01717599    0.00000000 
angle (deg.)     :    49.5264  87.2213  70.4089  40.2424  104.4313  72.4680  12.7492  66.6766 
>
iteration       : 204
climbing        : yes
zoom on         : no
nim             : 10
barrier         :   0.01264184 (image:  5) 
distance        :   0.00000000    4.35695846    8.69819445   13.16313786   13.71400247   14.47000121   14.88193815   15.26479606   15.82016099   18.32540636 
energy          : -1076.31736593  -1076.32838527  -1076.33389183  -1076.31890017  -1076.30658267  -1076.30472408  -1076.30616332  -1076.31164319  -1076.32748080  -1076.34881019 
max(|Fr_perp|)   :   0.00000000    0.00108216    0.00124840    0.00287812    0.00829725    0.00070872    0.00263929    0.00547654    0.00452337    0.00000000 
Fr_paral         :   0.00000000    0.00172410    0.00106828   -0.02067326   -0.00810403   -0.00004314    0.00728207    0.02206514    0.03375773    0.00000000 
max(|Fsp_paral|) :   0.00000000    0.00007508    0.00046495    0.00167731    0.00847335    0.01641251    0.00243134    0.00307361    0.00170614    0.00000000 
max(|Fsp_perp|)  :   0.00000000    0.00000000    0.00000000    0.00000000    0.00000000    0.00000000    0.00000000    0.00000000    0.00000000    0.00000000 
max(|FNEB|)      :   0.00000000    0.00107430    0.00130988    0.00212057    0.00089607    0.00070887    0.00071351    0.00558879    0.00430212    0.00000000 
max(|Force|)     :   0.00173011    0.00123276    0.00129021    0.01312234    0.01053231    0.00070858    0.00505427    0.01395305    0.01978528    0.00133386 
ksp              :   0.01000000    0.01000000    0.01000000    0.08676834    0.10000000    0.10000000    0.08975372    0.05074141    0.01000000 
max(|step|)      :   0.00000000    0.00424656    0.00502626    0.00476183    0.00478573    0.00481602    0.00479364    0.00469737    0.00507833    0.00000000 
angle (deg.)     :    49.5101  87.3083  70.3221  40.3369  104.8079  72.8750  12.5875  66.4519 
>
iteration       : 205
climbing        : yes
zoom on         : no
nim             : 10
barrier         :   0.01263514 (image:  5) 
distance        :   0.00000000    4.35646261    8.69923793   13.17561978   13.72805498   14.48629316   14.89837734   15.28071918   15.83277934   18.33627096 
energy          : -1076.31736593  -1076.32838812  -1076.33388911  -1076.31896291  -1076.30659865  -1076.30473079  -1076.30615295  -1076.31161861  -1076.32729606  -1076.34881019 
max(|Fr_perp|)   :   0.00000000    0.00042933    0.00040211    0.00288679    0.00832761    0.00047729    0.00266504    0.00328994    0.00229745    0.00000000 
Fr_paral         :   0.00000000    0.00172822    0.00094043   -0.02062042   -0.00812181   -0.00003844    0.00718381    0.02205286    0.03388108    0.00000000 
max(|Fsp_paral|) :   0.00000000    0.00006531    0.00050112    0.00166502    0.00850736    0.01657749    0.00242316    0.00309964    0.00168387    0.00000000 
max(|Fsp_perp|)  :   0.00000000    0.00000000    0.00000000    0.00000000    0.00000000    0.00000000    0.00000000    0.00000000    0.00000000    0.00000000 
max(|FNEB|)      :   0.00000000    0.00038485    0.00074628    0.00126531    0.00052402    0.00047741    0.00047577    0.00088949    0.00105162    0.00000000 
max(|Force|)     :   0.00173011    0.00097727    0.00064689    0.01307147    0.01056703    0.00047717    0.00501799    0.01392998    0.01989995    0.00133386 
ksp              :   0.01000000    0.01000000    0.01000000    0.08669524    0.10000000    0.10000000    0.08986995    0.05093812    0.01000000 
max(|step|)      :   0.00000000    0.00594371    0.00674206    0.00672695    0.00676219    0.00680139    0.00676769    0.00658117    0.00713266    0.00000000 
angle (deg.)     :    49.4901  87.4232  70.1995  40.4740  105.3194  73.4516  12.4429  66.1152 
>
iteration       : 206
climbing        : yes
zoom on         : no
nim             : 10
barrier         :   0.01262626 (image:  5) 
distance        :   0.00000000    4.35572606    8.70101170   13.19283973   13.74759957   14.50901186   14.92152937   15.30296815   15.85101315   18.35148384 
energy          : -1076.31736593  -1076.32839069  -1076.33388258  -1076.31904904  -1076.30661912  -1076.30473966  -1076.30614025  -1076.31156190  -1076.32704319  -1076.34881019 
max(|Fr_perp|)   :   0.00000000    0.00030642    0.00035152    0.00280594    0.00835837    0.00036619    0.00269562    0.00326181    0.00261212    0.00000000 
Fr_paral         :   0.00000000    0.00173668    0.00087257   -0.02048173   -0.00814193   -0.00003137    0.00705482    0.02192586    0.03401998    0.00000000 
max(|Fsp_paral|) :   0.00000000    0.00004977    0.00054800    0.00166045    0.00855112    0.01679279    0.00242802    0.00306794    0.00171696    0.00000000 
max(|Fsp_perp|)  :   0.00000000    0.00000000    0.00000000    0.00000000    0.00000000    0.00000000    0.00000000    0.00000000    0.00000000    0.00000000 
max(|FNEB|)      :   0.00000000    0.00027208    0.00064698    0.00121137    0.00036402    0.00036629    0.00036362    0.00084394    0.00099868    0.00000000 
max(|Force|)     :   0.00173011    0.00085951    0.00047594    0.01289742    0.01060238    0.00036610    0.00496326    0.01387018    0.02010485    0.00133386 
ksp              :   0.01000000    0.01000000    0.01000000    0.08660321    0.10000000    0.10000000    0.09001661    0.05137108    0.01000000 
max(|step|)      :   0.00000000    0.01111025    0.01160252    0.01262544    0.01269523    0.01276763    0.01270318    0.01238973    0.01325445    0.00000000 
angle (deg.)     :    49.4577  87.6188  69.9950  40.7256  106.2029  74.4850  12.2515  65.4878 
>
iteration       : 207
climbing        : yes
zoom on         : no
nim             : 10
barrier         :   0.01260969 (image:  5) 
distance        :   0.00000000    4.35433970    8.70528440   13.22421809   13.78347482   14.55073047   14.96463486   15.34412854   15.88575707   18.37984710 
energy          : -1076.31736593  -1076.32839515  -1076.33387105  -1076.31921232  -1076.30665500  -1076.30475624  -1076.30612400  -1076.31146172  -1076.32661892  -1076.34881019 
max(|Fr_perp|)   :   0.00000000    0.00051066    0.00083025    0.00236582    0.00841435    0.00047516    0.00275592    0.00320929    0.00307894    0.00000000 
Fr_paral         :   0.00000000    0.00175250    0.00082769   -0.02011682   -0.00817199   -0.00001826    0.00684412    0.02168773    0.03419255    0.00000000 
max(|Fsp_paral|) :   0.00000000    0.00001615    0.00062462    0.00167462    0.00862422    0.01714424    0.00247340    0.00297578    0.00179337    0.00000000 
max(|Fsp_perp|)  :   0.00000000    0.00000000    0.00000000    0.00000000    0.00000000    0.00000000    0.00000000    0.00000000    0.00000000    0.00000000 
max(|FNEB|)      :   0.00000000    0.00051137    0.00087867    0.00092836    0.00046453    0.00047518    0.00047937    0.00243283    0.00186198    0.00000000 
max(|Force|)     :   0.00173011    0.00076948    0.00085403    0.01238588    0.01066384    0.00047513    0.00490326    0.01374968    0.02042146    0.00133386 
ksp              :   0.01000000    0.01000000    0.01000000    0.08644785    0.10000000    0.10000000    0.09023776    0.05214051    0.01000000 
max(|step|)      :   0.00000000    0.02398116    0.02320523    0.02731317    0.02746466    0.02761638    0.02747435    0.02688449    0.02827782    0.00000000 
angle (deg.)     :    49.4089  88.0103  69.5976  41.2801  107.9851  76.5842  11.9875  64.2553 
>
iteration       : 208
climbing        : yes
zoom on         : no
nim             : 10
barrier         :   0.01257364 (image:  5) 
distance        :   0.00000000    4.35163549    8.71685018   13.29139416   13.86045942   14.64016124   15.05808812   15.43346091   15.96258712   18.44305344 
energy          : -1076.31736593  -1076.32840525  -1076.33384780  -1076.31953503  -1076.30672975  -1076.30479228  -1076.30610049  -1076.31127889  -1076.32578231  -1076.34881019 
max(|Fr_perp|)   :   0.00000000    0.00028158    0.00051039    0.00157545    0.00850602    0.00035331    0.00288416    0.00308108    0.00385916    0.00000000 
Fr_paral         :   0.00000000    0.00178494    0.00091286   -0.01923444   -0.00822357    0.00001113    0.00643942    0.02125426    0.03440555    0.00000000 
max(|Fsp_paral|) :   0.00000000    0.00006432    0.00076909    0.00172636    0.00877247    0.01781931    0.00260915    0.00280806    0.00190728    0.00000000 
max(|Fsp_perp|)  :   0.00000000    0.00000000    0.00000000    0.00000000    0.00000000    0.00000000    0.00000000    0.00000000    0.00000000    0.00000000 
max(|FNEB|)      :   0.00000000    0.00032490    0.00098989    0.00155160    0.00055168    0.00035328    0.00035168    0.00163100    0.00195797    0.00000000 
max(|Force|)     :   0.00173011    0.00086497    0.00059971    0.01124412    0.01076196    0.00035333    0.00482447    0.01346797    0.02104368    0.00133386 
ksp              :   0.01000000    0.01000000    0.01000000    0.08613196    0.10000000    0.10000000    0.09063605    0.05356997    0.01000000 
max(|step|)      :   0.00000000    0.02674201    0.02374926    0.03039096    0.03055844    0.03072600    0.03056961    0.03010812    0.03108552    0.00000000 
angle (deg.)     :    49.3834  88.4148  69.2066  41.9051  109.8255  78.7352  11.8287  63.1266 
>
iteration       : 209
climbing        : yes
zoom on         : no
nim             : 10
barrier         :   0.01253431 (image:  5) 
distance        :   0.00000000    4.34925987    8.73274714   13.36604994   13.94595142   14.73919327   15.16257199   15.53373946   16.05017977   18.51701227 
energy          : -1076.31736593  -1076.32841605  -1076.33382007  -1076.31985102  -1076.30680908  -1076.30483162  -1076.30608346  -1076.31110216  -1076.32494001  -1076.34881019 
max(|Fr_perp|)   :   0.00000000    0.00033324    0.00038912    0.00210632    0.00862993    0.00042255    0.00300797    0.00297187    0.00408491    0.00000000 
Fr_paral         :   0.00000000    0.00182195    0.00104591   -0.01823516   -0.00827314    0.00004241    0.00604001    0.02080138    0.03433789    0.00000000 
max(|Fsp_paral|) :   0.00000000    0.00016135    0.00090646    0.00179367    0.00892742    0.01847252    0.00277815    0.00265938    0.00198822    0.00000000 
max(|Fsp_perp|)  :   0.00000000    0.00000000    0.00000000    0.00000000    0.00000000    0.00000000    0.00000000    0.00000000    0.00000000    0.00000000 
max(|FNEB|)      :   0.00000000    0.00044626    0.00116186    0.00204480    0.00056552    0.00042249    0.00042182    0.00247953    0.00282586    0.00000000 
max(|Force|)     :   0.00173011    0.00094026    0.00068388    0.01015007    0.01088861    0.00042262    0.00475061    0.01317911    0.02113134    0.00133386 
ksp              :   0.01000000    0.01000000    0.01000000    0.08580127    0.10000000    0.10000000    0.09101144    0.05497568    0.01000000 
max(|step|)      :   0.00000000    0.00423520    0.00307078    0.00474150    0.00476491    0.00479111    0.00476798    0.00488831    0.00442208    0.00000000 
angle (deg.)     :    49.3826  88.4536  69.1335  41.9910  110.0558  78.9547  11.6604  63.1226 
>
iteration       : 210
climbing        : yes
zoom on         : no
nim             : 10
barrier         :   0.01252824 (image:  5) 
distance        :   0.00000000    4.34923724    8.73643699   13.37643048   13.95751080   14.75264428   15.17716913   15.54809808   16.06297116   18.52802801 
energy          : -1076.31736593  -1076.32841830  -1076.33381943  -1076.31989748  -1076.30681969  -1076.30483768  -1076.30608538  -1076.31109905  -1076.32488337  -1076.34881019 
max(|Fr_perp|)   :   0.00000000    0.00032670    0.00034293    0.00150634    0.00864717    0.00040510    0.00300771    0.00297748    0.00396591    0.00000000 
Fr_paral         :   0.00000000    0.00184554    0.00101835   -0.01828779   -0.00827459    0.00004548    0.00600344    0.02078907    0.03438374    0.00000000 
max(|Fsp_paral|) :   0.00000000    0.00017883    0.00091577    0.00179383    0.00895534    0.01853195    0.00280665    0.00268352    0.00196420    0.00000000 
max(|Fsp_perp|)  :   0.00000000    0.00000000    0.00000000    0.00000000    0.00000000    0.00000000    0.00000000    0.00000000    0.00000000    0.00000000 
max(|FNEB|)      :   0.00000000    0.00045252    0.00117618    0.00127693    0.00040412    0.00040503    0.00040398    0.00088811    0.00193444    0.00000000 
max(|Force|)     :   0.00173011    0.00094337    0.00067964    0.01030867    0.01090310    0.00040517    0.00473185    0.01315837    0.02120697    0.00133386 
ksp              :   0.01000000    0.01000000    0.01000000    0.08576176    0.10000000    0.10000000    0.09103684    0.05501981    0.01000000 
max(|step|)      :   0.00000000    0.03027426    0.02036673    0.03396929    0.03414060    0.03432479    0.03415558    0.03451047    0.03277983    0.00000000 
angle (deg.)     :    49.3954  88.7896  68.6864  42.6501  111.8056  80.7563  11.1181  62.7693 
>
iteration       : 211
climbing        : yes
zoom on         : no
nim             : 10
barrier         :   0.01248542 (image:  5) 
distance        :   0.00000000    4.34875251    8.76142773   13.45551023   14.04638435   14.85556326   15.28781351   15.65622288   16.15948094   18.61223179 
energy          : -1076.31736593  -1076.32843261  -1076.33380080  -1076.32019184  -1076.30689529  -1076.30488051  -1076.30608639  -1076.31100588  -1076.32425087  -1076.34881019 
max(|Fr_perp|)   :   0.00000000    0.00030447    0.00064799    0.00179683    0.00878693    0.00033112    0.00303980    0.00299470    0.00358433    0.00000000 
Fr_paral         :   0.00000000    0.00187049    0.00097930   -0.01799012   -0.00828915    0.00007150    0.00566807    0.02048697    0.03433301    0.00000000 
max(|Fsp_paral|) :   0.00000000    0.00029956    0.00100736    0.00182918    0.00913645    0.01903167    0.00299246    0.00272141    0.00190611    0.00000000 
max(|Fsp_perp|)  :   0.00000000    0.00000000    0.00000000    0.00000000    0.00000000    0.00000000    0.00000000    0.00000000    0.00000000    0.00000000 
max(|FNEB|)      :   0.00000000    0.00042589    0.00129672    0.00190793    0.00061167    0.00033105    0.00033132    0.00247711    0.00254587    0.00000000 
max(|Force|)     :   0.00173011    0.00090812    0.00069596    0.01041579    0.01102794    0.00033119    0.00460507    0.01294541    0.02148388    0.00133386 
ksp              :   0.01000000    0.01000000    0.01000000    0.08547665    0.10000000    0.10000000    0.09130748    0.05584582    0.01000000 
max(|step|)      :   0.00000000    0.02758144    0.01939446    0.03077349    0.03091496    0.03107506    0.03092453    0.03137890    0.02943404    0.00000000 
angle (deg.)     :    49.4378  89.0591  68.3218  43.2427  113.3000  82.1956  10.9405  62.7821 
>
iteration       : 212
climbing        : yes
zoom on         : no
nim             : 10
barrier         :   0.01244731 (image:  5) 
distance        :   0.00000000    4.34949906    8.78700366   13.52712488   14.12624908   14.94785088   15.38758489   15.75451945   16.24901186   18.69190366 
energy          : -1076.31736593  -1076.32844661  -1076.33378590  -1076.32043276  -1076.30695918  -1076.30491861  -1076.30608986  -1076.31095160  -1076.32377216  -1076.34881019 
max(|Fr_perp|)   :   0.00000000    0.00023471    0.00069930    0.00174885    0.00892239    0.00031721    0.00306780    0.00302247    0.00319938    0.00000000 
Fr_paral         :   0.00000000    0.00190739    0.00099871   -0.01788519   -0.00828847    0.00009174    0.00538982    0.02028505    0.03412304    0.00000000 
max(|Fsp_paral|) :   0.00000000    0.00041047    0.00107234    0.00185194    0.00929841    0.01941804    0.00314365    0.00279873    0.00183867    0.00000000 
max(|Fsp_perp|)  :   0.00000000    0.00000000    0.00000000    0.00000000    0.00000000    0.00000000    0.00000000    0.00000000    0.00000000    0.00000000 
max(|FNEB|)      :   0.00000000    0.00050791    0.00136518    0.00121850    0.00067038    0.00031716    0.00041336    0.00257442    0.00284339    0.00000000 
max(|Force|)     :   0.00173011    0.00093751    0.00073351    0.01077011    0.01114452    0.00031725    0.00458619    0.01277944    0.02138587    0.00133386 
ksp              :   0.01000000    0.01000000    0.01000000    0.08524574    0.10000000    0.10000000    0.09153130    0.05637861    0.01000000 
max(|step|)      :   0.00000000    0.08347546    0.06015894    0.09206650    0.09243540    0.09288838    0.09244306    0.09373734    0.08855914    0.00000000 
angle (deg.)     :    49.7211  89.7834  67.5473  44.9498  117.5044  86.0547  12.5736  63.3487 
>
iteration       : 213
climbing        : yes
zoom on         : no
nim             : 10
barrier         :   0.01233885 (image:  5) 
distance        :   0.00000000    4.35714091    8.87470969   13.74796014   14.37019501   15.22806931   15.69139275   16.05542234   16.53232681   18.94904852 
energy          : -1076.31736593  -1076.32848666  -1076.33373864  -1076.32083538  -1076.30712903  -1076.30502708  -1076.30608266  -1076.31081560  -1076.32253381  -1076.34881019 
max(|Fr_perp|)   :   0.00000000    0.00197136    0.00059391    0.01388674    0.00929704    0.00091673    0.00333570    0.00334288    0.01135654    0.00000000 
Fr_paral         :   0.00000000    0.00151917    0.00119254   -0.01673167   -0.00823438    0.00013964    0.00455557    0.01973544    0.03306041    0.00000000 
max(|Fsp_paral|) :   0.00000000    0.00073754    0.00122824    0.00192090    0.00975175    0.02027366    0.00351905    0.00293785    0.00180722    0.00000000 
max(|Fsp_perp|)  :   0.00000000    0.00000000    0.00000000    0.00000000    0.00000000    0.00000000    0.00000000    0.00000000    0.00000000    0.00000000 
max(|FNEB|)      :   0.00000000    0.00187487    0.00152491    0.01389175    0.00119896    0.00091669    0.00315896    0.00332692    0.01150215    0.00000000 
max(|Force|)     :   0.00173011    0.00188163    0.00076179    0.01401241    0.01144884    0.00091677    0.00457635    0.01233411    0.02090330    0.00133386 
ksp              :   0.01000000    0.01000000    0.01000000    0.08466824    0.10000000    0.10000000    0.09230056    0.05777831    0.01000000 
max(|step|)      :   0.00000000    0.01369215    0.00949141    0.01507295    0.01514553    0.01522027    0.01514386    0.01530850    0.01444077    0.00000000 
angle (deg.)     :    49.6631  89.6579  67.6592  44.6558  116.8638  85.4349  11.9290  63.1851 
>
iteration       : 214
climbing        : yes
zoom on         : no
nim             : 10
barrier         :   0.01235541 (image:  5) 
distance        :   0.00000000    4.35616075    8.86019473   13.71082363   14.32887977   15.18077409   15.64008421   16.00472433   16.48473124   18.90431951 
energy          : -1076.31736593  -1076.32848478  -1076.33375087  -1076.32092944  -1076.30710345  -1076.30501051  -1076.30609246  -1076.31084579  -1076.32285495  -1076.34881019 
max(|Fr_perp|)   :   0.00000000    0.00046702    0.00042750    0.00218145    0.00923315    0.00029688    0.00313810    0.00307685    0.00379291    0.00000000 
Fr_paral         :   0.00000000    0.00183539    0.00114133   -0.01733645   -0.00824317    0.00013026    0.00471786    0.01987074    0.03374141    0.00000000 
max(|Fsp_paral|) :   0.00000000    0.00068150    0.00119958    0.00189861    0.00968453    0.02017890    0.00346203    0.00291710    0.00181740    0.00000000 
max(|Fsp_perp|)  :   0.00000000    0.00000000    0.00000000    0.00000000    0.00000000    0.00000000    0.00000000    0.00000000    0.00000000    0.00000000 
max(|FNEB|)      :   0.00000000    0.00084263    0.00150314    0.00210497    0.00043528    0.00029700    0.00057785    0.00139293    0.00262925    0.00000000 
max(|Force|)     :   0.00173011    0.00100749    0.00075340    0.01067180    0.01139572    0.00029676    0.00446163    0.01241975    0.02108443    0.00133386 
ksp              :   0.01000000    0.01000000    0.01000000    0.08475455    0.10000000    0.10000000    0.09211883    0.05749433    0.01000000 
max(|step|)      :   0.00000000    0.01582792    0.01201564    0.01723079    0.01727986    0.01736128    0.01728258    0.01757608    0.01671909    0.00000000 
angle (deg.)     :    49.7354  89.7739  67.5536  44.9447  117.6460  86.0935  12.2022  63.2672 
>
iteration       : 215
climbing        : yes
zoom on         : no
nim             : 10
barrier         :   0.01233550 (image:  5) 
distance        :   0.00000000    4.35896755    8.87866277   13.75275752   14.37439745   15.23286814   15.69664631   16.06113880   16.53949582   18.95355657 
energy          : -1076.31736593  -1076.32849493  -1076.33374510  -1076.32102623  -1076.30713146  -1076.30503043  -1076.30609106  -1076.31082735  -1076.32272980  -1076.34881019 
max(|Fr_perp|)   :   0.00000000    0.00035131    0.00043820    0.00215774    0.00929274    0.00030693    0.00318009    0.00309190    0.00378722    0.00000000 
Fr_paral         :   0.00000000    0.00187954    0.00112208   -0.01718730   -0.00822078    0.00013491    0.00457129    0.01979946    0.03368675    0.00000000 
max(|Fsp_paral|) :   0.00000000    0.00073878    0.00122067    0.00189995    0.00976926    0.02031050    0.00351691    0.00292820    0.00185259    0.00000000 
max(|Fsp_perp|)  :   0.00000000    0.00000000    0.00000000    0.00000000    0.00000000    0.00000000    0.00000000    0.00000000    0.00000000    0.00000000 
max(|FNEB|)      :   0.00000000    0.00088672    0.00154556    0.00124057    0.00031175    0.00030710    0.00030954    0.00039353    0.00262662    0.00000000 
max(|Force|)     :   0.00173011    0.00101232    0.00076646    0.01054415    0.01143851    0.00030677    0.00444110    0.01236426    0.02111080    0.00133386 
ksp              :   0.01000000    0.01000000    0.01000000    0.08467079    0.10000000    0.10000000    0.09226158    0.05770553    0.01000000 
max(|step|)      :   0.00000000    0.08882555    0.06745141    0.09644506    0.09671753    0.09716884    0.09672706    0.09822446    0.09393451    0.00000000 
angle (deg.)     :    50.2480  90.4218  67.0622  46.5249  121.7890  89.5621  14.3973  63.7725 
>
iteration       : 216
climbing        : yes
zoom on         : no
nim             : 10
barrier         :   0.01222893 (image:  5) 
distance        :   0.00000000    4.37719930    8.98829960   13.99521239   14.63733916   15.53261678   16.02245583   16.38631849   16.85714103   19.24609826 
energy          : -1076.31736593  -1076.32854516  -1076.33369800  -1076.32148639  -1076.30727866  -1076.30513700  -1076.30607310  -1076.31070930  -1076.32199635  -1076.34881019 
max(|Fr_perp|)   :   0.00000000    0.00119192    0.00097151    0.00573023    0.00962268    0.00058068    0.00331247    0.00317070    0.00540139    0.00000000 
Fr_paral         :   0.00000000    0.00176236    0.00105419   -0.01614005   -0.00808723    0.00015747    0.00375910    0.01933312    0.03302196    0.00000000 
max(|Fsp_paral|) :   0.00000000    0.00105878    0.00132835    0.00192432    0.01021757    0.02066648    0.00380821    0.00294058    0.00208894    0.00000000 
max(|Fsp_perp|)  :   0.00000000    0.00000000    0.00000000    0.00000000    0.00000000    0.00000000    0.00000000    0.00000000    0.00000000    0.00000000 
max(|FNEB|)      :   0.00000000    0.00130845    0.00176148    0.00580374    0.00065369    0.00058071    0.00138728    0.00220285    0.00535860    0.00000000 
max(|Force|)     :   0.00173011    0.00113383    0.00101506    0.00965060    0.01167567    0.00058065    0.00425490    0.01203246    0.02110745    0.00133386 
ksp              :   0.01000000    0.01000000    0.01000000    0.08423825    0.10000000    0.10000000    0.09311069    0.05899007    0.01000000 
max(|step|)      :   0.00000000    0.09084178    0.06957694    0.09840107    0.09866269    0.09911566    0.09866609    0.10000000    0.09643496    0.00000000 
angle (deg.)     :    50.9404  91.0723  66.7001  48.0546  125.6638  92.7316  16.9765  64.2663 
>
iteration       : 217
climbing        : yes
zoom on         : no
nim             : 10
barrier         :   0.01212832 (image:  5) 
distance        :   0.00000000    4.40076209    9.11125005   14.25562216   14.91882771   15.85170476   16.36978995   16.73361361   17.19947894   19.57261073 
energy          : -1076.31736593  -1076.32858292  -1076.33363011  -1076.32193308  -1076.30741440  -1076.30523761  -1076.30604406  -1076.31058149  -1076.32134128  -1076.34881019 
max(|Fr_perp|)   :   0.00000000    0.00246923    0.00134890    0.00631919    0.00993836    0.00106314    0.00336988    0.00323681    0.00587084    0.00000000 
Fr_paral         :   0.00000000    0.00143419    0.00104630   -0.01508638   -0.00793699    0.00016851    0.00301619    0.01887560    0.03236881    0.00000000 
max(|Fsp_paral|) :   0.00000000    0.00137844    0.00141810    0.00195291    0.01064580    0.02016152    0.00408730    0.00290529    0.00238075    0.00000000 
max(|Fsp_perp|)  :   0.00000000    0.00000000    0.00000000    0.00000000    0.00000000    0.00000000    0.00000000    0.00000000    0.00000000    0.00000000 
max(|FNEB|)      :   0.00000000    0.00251179    0.00194663    0.00688462    0.00111203    0.00113055    0.00161332    0.00314085    0.00598449    0.00000000 
max(|Force|)     :   0.00173011    0.00256298    0.00146861    0.00857447    0.01189936    0.00113029    0.00405770    0.01170356    0.02101814    0.00133386 
ksp              :   0.01000000    0.01000000    0.01000000    0.08384462    0.10000000    0.10000000    0.09401590    0.06035093    0.01000000 
max(|step|)      :   0.00000000    0.00227448    0.00176272    0.00623418    0.00100697    0.00102374    0.00146089    0.00284411    0.00541909    0.00000000 
angle (deg.)     :    50.9558  91.0431  66.7063  48.0393  125.7836  92.7522  16.0781  63.8633 
>
iteration       : 218
climbing        : yes
zoom on         : no
nim             : 10
barrier         :   0.01212713 (image:  5) 
distance        :   0.00000000    4.40356598    9.11297350   14.25479006   14.91674271   15.84943408   16.36732342   16.73172060   17.19882072   19.56871615 
energy          : -1076.31736593  -1076.32859417  -1076.33364128  -1076.32195451  -1076.30740730  -1076.30523879  -1076.30604059  -1076.31058456  -1076.32148046  -1076.34881019 
max(|Fr_perp|)   :   0.00000000    0.00069558    0.00066779    0.00277669    0.00992833    0.00042991    0.00329888    0.00317786    0.00651221    0.00000000 
Fr_paral         :   0.00000000    0.00192890    0.00123956   -0.01524465   -0.00791242    0.00016459    0.00300213    0.01890791    0.03275330    0.00000000 
max(|Fsp_paral|) :   0.00000000    0.00136229    0.00141417    0.00194140    0.01064082    0.02012376    0.00404989    0.00290830    0.00242507    0.00000000 
max(|Fsp_perp|)  :   0.00000000    0.00000000    0.00000000    0.00000000    0.00000000    0.00000000    0.00000000    0.00000000    0.00000000    0.00000000 
max(|FNEB|)      :   0.00000000    0.00158998    0.00187902    0.00273056    0.00047767    0.00043083    0.00068198    0.00168825    0.00531078    0.00000000 
max(|Force|)     :   0.00173011    0.00108654    0.00091576    0.00849109    0.01188105    0.00042899    0.00397899    0.01170352    0.02082802    0.00133386 
ksp              :   0.01000000    0.01000000    0.01000000    0.08390670    0.10000000    0.10000000    0.09404958    0.06032705    0.01000000 
max(|step|)      :   0.00000000    0.00149726    0.00171208    0.00138186    0.00043564    0.00021143    0.00045227    0.00034177    0.00463424    0.00000000 
angle (deg.)     :    50.9734  91.0138  66.7167  48.0255  125.8992  92.7756  15.3059  63.5037 
>
iteration       : 219
climbing        : yes
zoom on         : no
nim             : 10
barrier         :   0.01212680 (image:  5) 
distance        :   0.00000000    4.40633378    9.11519581   14.25462771   14.91533892   15.84784400   16.36555358   16.73048898   17.19882559   19.56578523 
energy          : -1076.31736593  -1076.32860056  -1076.33365094  -1076.32193259  -1076.30739785  -1076.30523912  -1076.30603437  -1076.31058350  -1076.32159471  -1076.34881019 
max(|Fr_perp|)   :   0.00000000    0.00064885    0.00063180    0.00281113    0.00990851    0.00045598    0.00327870    0.00313521    0.00591449    0.00000000 
Fr_paral         :   0.00000000    0.00198728    0.00125037   -0.01529203   -0.00788439    0.00016077    0.00297911    0.01892620    0.03301397    0.00000000 
max(|Fsp_paral|) :   0.00000000    0.00134771    0.00140960    0.00192995    0.01063477    0.02008754    0.00401663    0.00290473    0.00248684    0.00000000 
max(|Fsp_perp|)  :   0.00000000    0.00000000    0.00000000    0.00000000    0.00000000    0.00000000    0.00000000    0.00000000    0.00000000    0.00000000 
max(|FNEB|)      :   0.00000000    0.00153818    0.00186578    0.00276534    0.00046456    0.00045688    0.00062293    0.00117868    0.00464283    0.00000000 
max(|Force|)     :   0.00173011    0.00107550    0.00091159    0.00851444    0.01185289    0.00045507    0.00396517    0.01171071    0.02089488    0.00133386 
ksp              :   0.01000000    0.01000000    0.01000000    0.08397881    0.10000000    0.10000000    0.09409802    0.06033632    0.01000000 
max(|step|)      :   0.00000000    0.02204021    0.02621148    0.01864353    0.00648532    0.00422744    0.00566011    0.00484620    0.05959129    0.00000000 
angle (deg.)     :    51.2683  90.5647  67.0119  47.9272  127.6113  93.1698  11.7594  60.3652 
>
iteration       : 220
climbing        : yes
zoom on         : no
nim             : 10
barrier         :   0.01212409 (image:  5) 
distance        :   0.00000000    4.44855633    9.15166722   14.25505994   14.89840645   15.82811697   16.34355549   16.71619030   17.21258892   19.54428793 
energy          : -1076.31736593  -1076.32867232  -1076.33377904  -1076.32140912  -1076.30724172  -1076.30524184  -1076.30594121  -1076.31052756  -1076.32267315  -1076.34881019 
max(|Fr_perp|)   :   0.00000000    0.00319374    0.00208552    0.00840079    0.00963093    0.00171042    0.00339814    0.00427986    0.01370020    0.00000000 
Fr_paral         :   0.00000000    0.00104374    0.00091950   -0.01553196   -0.00743120    0.00010652    0.00262916    0.01899516    0.03370334    0.00000000 
max(|Fsp_paral|) :   0.00000000    0.00113585    0.00133283    0.00181874    0.01050195    0.01957229    0.00358876    0.00248685    0.00366755    0.00000000 
max(|Fsp_perp|)  :   0.00000000    0.00000000    0.00000000    0.00000000    0.00000000    0.00000000    0.00000000    0.00000000    0.00000000    0.00000000 
max(|FNEB|)      :   0.00000000    0.00304759    0.00226141    0.00848439    0.00169357    0.00171052    0.00171366    0.00427068    0.01393196    0.00000000 
max(|Force|)     :   0.00173011    0.00313475    0.00212605    0.00923455    0.01143929    0.00171031    0.00386544    0.01179890    0.02136005    0.00133386 
ksp              :   0.01000000    0.01000000    0.01000000    0.08515443    0.10000000    0.10000000    0.09480845    0.06076282    0.01000000 
max(|step|)      :   0.00000000    0.00752798    0.00903842    0.00863979    0.00204892    0.00205290    0.00204822    0.00445746    0.01423561    0.00000000 
angle (deg.)     :    51.3599  90.4103  67.1604  47.9041  128.1095  93.2366  12.0514  60.1990 
>
iteration       : 221
climbing        : yes
zoom on         : no
nim             : 10
barrier         :   0.01211977 (image:  5) 
distance        :   0.00000000    4.46254899    9.16287195   14.25342287   14.89163064   15.82035632   16.33545516   16.71054903   17.21255677   19.53982226 
energy          : -1076.31736593  -1076.32871707  -1076.33382662  -1076.32134701  -1076.30719219  -1076.30524616  -1076.30592462  -1076.31053638  -1076.32288757  -1076.34881019 
max(|Fr_perp|)   :   0.00000000    0.00168616    0.00052601    0.00417568    0.00956357    0.00064332    0.00324916    0.00314063    0.01148239    0.00000000 
Fr_paral         :   0.00000000    0.00195746    0.00123813   -0.01606974   -0.00727753    0.00009225    0.00255788    0.01908086    0.03389603    0.00000000 
max(|Fsp_paral|) :   0.00000000    0.00106166    0.00130460    0.00180821    0.01045005    0.01942909    0.00349430    0.00247874    0.00383973    0.00000000 
max(|Fsp_perp|)  :   0.00000000    0.00000000    0.00000000    0.00000000    0.00000000    0.00000000    0.00000000    0.00000000    0.00000000    0.00000000 
max(|FNEB|)      :   0.00000000    0.00182031    0.00167780    0.00414085    0.00063521    0.00064346    0.00064383    0.00321073    0.01151469    0.00000000 
max(|Force|)     :   0.00173011    0.00179503    0.00084203    0.00928947    0.01132248    0.00064318    0.00373437    0.01184295    0.02140921    0.00133386 
ksp              :   0.01000000    0.01000000    0.01000000    0.08554899    0.10000000    0.10000000    0.09496182    0.06071541    0.01000000 
max(|step|)      :   0.00000000    0.00314148    0.00355105    0.00329454    0.00092839    0.00050786    0.00097460    0.00120064    0.01106979    0.00000000 
angle (deg.)     :    51.3178  90.4697  67.1118  47.8993  127.8492  93.1609  11.1705  60.5097 
>
iteration       : 222
climbing        : yes
zoom on         : no
nim             : 10
barrier         :   0.01212009 (image:  5) 
distance        :   0.00000000    4.45670154    9.15800208   14.25334862   14.89379183   15.82285694   16.33834525   16.71227085   17.20710356   19.54041691 
energy          : -1076.31736593  -1076.32870701  -1076.33381064  -1076.32143505  -1076.30721370  -1076.30524583  -1076.30593954  -1076.31055290  -1076.32277714  -1076.34881019 
max(|Fr_perp|)   :   0.00000000    0.00061723    0.00049452    0.00167349    0.00960481    0.00038084    0.00320911    0.00265456    0.00469030    0.00000000 
Fr_paral         :   0.00000000    0.00189136    0.00118848   -0.01609927   -0.00734039    0.00010033    0.00261417    0.01910336    0.03428898    0.00000000 
max(|Fsp_paral|) :   0.00000000    0.00109184    0.00131401    0.00182090    0.01047246    0.01953592    0.00354785    0.00264259    0.00356485    0.00000000 
max(|Fsp_perp|)  :   0.00000000    0.00000000    0.00000000    0.00000000    0.00000000    0.00000000    0.00000000    0.00000000    0.00000000    0.00000000 
max(|FNEB|)      :   0.00000000    0.00116908    0.00171148    0.00162878    0.00049180    0.00038146    0.00037789    0.00111084    0.00328909    0.00000000 
max(|Force|)     :   0.00173011    0.00092148    0.00084859    0.00917662    0.01138128    0.00038021    0.00378258    0.01180760    0.02139410    0.00133386 
ksp              :   0.01000000    0.01000000    0.01000000    0.08538724    0.10000000    0.10000000    0.09484875    0.06059139    0.01000000 
max(|step|)      :   0.00000000    0.00225703    0.00318071    0.00202928    0.00090358    0.00050989    0.00050358    0.00063010    0.00498864    0.00000000 
angle (deg.)     :    51.3481  90.4138  67.1849  47.8828  127.9530  93.1562  10.9024  60.7250 
>
iteration       : 223
climbing        : yes
zoom on         : no
nim             : 10
barrier         :   0.01211934 (image:  5) 
distance        :   0.00000000    4.46127138    9.16224424   14.25307228   14.89188792   15.82057122   16.33621345   16.71055189   17.20329745   19.53914720 
energy          : -1076.31736593  -1076.32871641  -1076.33382487  -1076.32139746  -1076.30719563  -1076.30524659  -1076.30593836  -1076.31055890  -1076.32274242  -1076.34881019 
max(|Fr_perp|)   :   0.00000000    0.00041495    0.00050607    0.00128163    0.00959727    0.00026978    0.00322209    0.00266122    0.00433331    0.00000000 
Fr_paral         :   0.00000000    0.00179630    0.00113831   -0.01629037   -0.00728588    0.00009775    0.00260822    0.01912858    0.03436211    0.00000000 
max(|Fsp_paral|) :   0.00000000    0.00107009    0.00130185    0.00182334    0.01045472    0.01954817    0.00353458    0.00273735    0.00347635    0.00000000 
max(|Fsp_perp|)  :   0.00000000    0.00000000    0.00000000    0.00000000    0.00000000    0.00000000    0.00000000    0.00000000    0.00000000    0.00000000 
max(|FNEB|)      :   0.00000000    0.00117718    0.00170299    0.00098370    0.00046800    0.00027039    0.00026701    0.00027721    0.00216357    0.00000000 
max(|Force|)     :   0.00173011    0.00090892    0.00083689    0.00925093    0.01135406    0.00026917    0.00379388    0.01177830    0.02142731    0.00133386 
ksp              :   0.01000000    0.01000000    0.01000000    0.08552615    0.10000000    0.10000000    0.09486280    0.06054998    0.01000000 
max(|step|)      :   0.00000000    0.01596662    0.02121316    0.01176737    0.00502849    0.00302720    0.00300280    0.00267709    0.00745413    0.00000000 
angle (deg.)     :    51.5631  90.0475  67.6697  47.8331  128.8455  93.2559  10.7351  61.2740 
>
iteration       : 224
climbing        : yes
zoom on         : no
nim             : 10
barrier         :   0.01211523 (image:  5) 
distance        :   0.00000000    4.49276309    9.19085632   14.25210081   14.87992785   15.80624203   16.32212590   16.70005393   17.19334191   19.53239842 
energy          : -1076.31736593  -1076.32877488  -1076.33391406  -1076.32105435  -1076.30707550  -1076.30525069  -1076.30591132  -1076.31056229  -1076.32276502  -1076.34881019 
max(|Fr_perp|)   :   0.00000000    0.00185208    0.00072739    0.00328900    0.00949717    0.00054312    0.00321636    0.00262149    0.00807900    0.00000000 
Fr_paral         :   0.00000000    0.00155523    0.00101272   -0.01704679   -0.00692119    0.00007292    0.00249768    0.01921633    0.03419758    0.00000000 
max(|Fsp_paral|) :   0.00000000    0.00091752    0.00122597    0.00182369    0.01032571    0.01947352    0.00339797    0.00294578    0.00346625    0.00000000 
max(|Fsp_perp|)  :   0.00000000    0.00000000    0.00000000    0.00000000    0.00000000    0.00000000    0.00000000    0.00000000    0.00000000    0.00000000 
max(|FNEB|)      :   0.00000000    0.00173545    0.00158609    0.00334515    0.00053652    0.00054319    0.00054465    0.00199396    0.00823759    0.00000000 
max(|Force|)     :   0.00173011    0.00176525    0.00077153    0.00969270    0.01113170    0.00054306    0.00375629    0.01170627    0.02159042    0.00133386 
ksp              :   0.01000000    0.01000000    0.01000000    0.08644414    0.10000000    0.10000000    0.09509243    0.06054195    0.01000000 
max(|step|)      :   0.00000000    0.03005768    0.03973520    0.02242646    0.00903061    0.00561588    0.00557665    0.00495335    0.00801897    0.00000000 
angle (deg.)     :    51.9809  89.3723  68.7389  47.8588  130.5473  93.5214  11.1300  61.9448 
>
iteration       : 225
climbing        : yes
zoom on         : no
nim             : 10
barrier         :   0.01210789 (image:  5) 
distance        :   0.00000000    4.55187169    9.24591665   14.25252083   14.86153300   15.78367145   16.29993310   16.68423299   17.18476089   19.52433741 
energy          : -1076.31736593  -1076.32887969  -1076.33406025  -1076.32036053  -1076.30686148  -1076.30525804  -1076.30585947  -1076.31054663  -1076.32296778  -1076.34881019 
max(|Fr_perp|)   :   0.00000000    0.00271904    0.00109424    0.00594889    0.00928493    0.00082433    0.00316123    0.00387615    0.01105656    0.00000000 
Fr_paral         :   0.00000000    0.00123968    0.00088252   -0.01803995   -0.00624807    0.00002418    0.00228360    0.01930711    0.03397908    0.00000000 
max(|Fsp_paral|) :   0.00000000    0.00063644    0.00107705    0.00184146    0.01005774    0.01934441    0.00315638    0.00310081    0.00371778    0.00000000 
max(|Fsp_perp|)  :   0.00000000    0.00000000    0.00000000    0.00000000    0.00000000    0.00000000    0.00000000    0.00000000    0.00000000    0.00000000 
max(|FNEB|)      :   0.00000000    0.00263876    0.00131110    0.00600694    0.00081731    0.00082435    0.00082728    0.00386831    0.01125378    0.00000000 
max(|Force|)     :   0.00173011    0.00265080    0.00113182    0.01074278    0.01070412    0.00082431    0.00364102    0.01161719    0.02166649    0.00133386 
ksp              :   0.01000000    0.01000000    0.01000000    0.08808133    0.10000000    0.10000000    0.09552943    0.06068901    0.01000000 
max(|step|)      :   0.00000000    0.05667679    0.07613963    0.04238447    0.01728822    0.01090975    0.01081826    0.00976043    0.01329620    0.00000000 
angle (deg.)     :    52.8053  88.1094  71.3463  48.3404  133.5720  94.1218  11.8230  63.1326 
>
iteration       : 226
climbing        : yes
zoom on         : no
nim             : 10
barrier         :   0.01209400 (image:  5) 
distance        :   0.00000000    4.66383562    9.35623993   14.25897006   14.83913497   15.75398298   16.27192024   16.66506574   17.17948395   19.52033327 
energy          : -1076.31736593  -1076.32906417  -1076.33427370  -1076.31910297  -1076.30649079  -1076.30527192  -1076.30577749  -1076.31050230  -1076.32315180  -1076.34881019 
max(|Fr_perp|)   :   0.00000000    0.00259427    0.00100195    0.00414678    0.00881439    0.00087775    0.00296490    0.00249981    0.02044597    0.00000000 
Fr_paral         :   0.00000000    0.00114097    0.00078582   -0.01955867   -0.00500750   -0.00006524    0.00192092    0.01940848    0.03300915    0.00000000 
max(|Fsp_paral|) :   0.00000000    0.00012829    0.00075102    0.00202357    0.00943704    0.01937205    0.00282717    0.00318052    0.00425778    0.00000000 
max(|Fsp_perp|)  :   0.00000000    0.00000000    0.00000000    0.00000000    0.00000000    0.00000000    0.00000000    0.00000000    0.00000000    0.00000000 
max(|FNEB|)      :   0.00000000    0.00257714    0.00098805    0.00440817    0.00103458    0.00087772    0.00232876    0.00137986    0.02068938    0.00000000 
max(|Force|)     :   0.00173011    0.00253357    0.00096198    0.01224807    0.00986305    0.00087778    0.00335065    0.01150564    0.02188504    0.00133386 
ksp              :   0.01000000    0.01000000    0.01000000    0.09092956    0.10000000    0.10000000    0.09623774    0.06107707    0.01000000 
max(|step|)      :   0.00000000    0.02759449    0.03784263    0.02030112    0.00872088    0.00554760    0.00549759    0.00513661    0.00830503    0.00000000 
angle (deg.)     :    53.2305  87.5003  72.8398  48.7885  134.9852  94.4624  11.8818  63.4636 
>
iteration       : 227
climbing        : yes
zoom on         : no
nim             : 10
barrier         :   0.01208689 (image:  5) 
distance        :   0.00000000    4.71896232    9.41395632   14.26508963   14.83380260   15.74538560   16.26447572   16.66042332   17.18211843   19.52199406 
energy          : -1076.31736593  -1076.32914630  -1076.33434770  -1076.31851456  -1076.30632954  -1076.30527904  -1076.30575293  -1076.31045702  -1076.32365185  -1076.34881019 
max(|Fr_perp|)   :   0.00000000    0.00161963    0.00079044    0.00390196    0.00855098    0.00062089    0.00293717    0.00327904    0.00571185    0.00000000 
Fr_paral         :   0.00000000    0.00098696    0.00075290   -0.02024369   -0.00442856   -0.00011173    0.00180193    0.01936181    0.03406221    0.00000000 
max(|Fsp_paral|) :   0.00000000    0.00010778    0.00056656    0.00216993    0.00908953    0.01960265    0.00272432    0.00305899    0.00462517    0.00000000 
max(|Fsp_perp|)  :   0.00000000    0.00000000    0.00000000    0.00000000    0.00000000    0.00000000    0.00000000    0.00000000    0.00000000    0.00000000 
max(|FNEB|)      :   0.00000000    0.00163018    0.00085171    0.00394008    0.00062176    0.00062087    0.00062577    0.00325878    0.00587077    0.00000000 
max(|Force|)     :   0.00173011    0.00156819    0.00082018    0.01241544    0.00943899    0.00062091    0.00329207    0.01140998    0.02115181    0.00133386 
ksp              :   0.01000000    0.01000000    0.01000000    0.09217788    0.10000000    0.10000000    0.09647136    0.06144428    0.01000000 
max(|step|)      :   0.00000000    0.00342435    0.00318945    0.00669936    0.00078410    0.00036332    0.00131793    0.00190242    0.00598770    0.00000000 
angle (deg.)     :    53.1632  87.5340  72.6111  48.7084  134.6568  94.4975  11.3339  63.1255 
>
iteration       : 228
climbing        : yes
zoom on         : no
nim             : 10
barrier         :   0.01208651 (image:  5) 
distance        :   0.00000000    4.71297211    9.40808329   14.26091702   14.83066667   15.74246772   16.26200866   16.65452671   17.17357302   19.51277694 
energy          : -1076.31736593  -1076.32914199  -1076.33434827  -1076.31865669  -1076.30635100  -1076.30527942  -1076.30577095  -1076.31044111  -1076.32357607  -1076.34881019 
max(|Fr_perp|)   :   0.00000000    0.00048525    0.00025228    0.00203261    0.00855360    0.00024340    0.00293998    0.00235982    0.00306239    0.00000000 
Fr_paral         :   0.00000000    0.00142625    0.00085191   -0.02034025   -0.00448634   -0.00010171    0.00186363    0.01927511    0.03431217    0.00000000 
max(|Fsp_paral|) :   0.00000000    0.00008029    0.00057065    0.00215684    0.00910335    0.01972017    0.00283138    0.00290893    0.00461011    0.00000000 
max(|Fsp_perp|)  :   0.00000000    0.00000000    0.00000000    0.00000000    0.00000000    0.00000000    0.00000000    0.00000000    0.00000000    0.00000000 
max(|FNEB|)      :   0.00000000    0.00052547    0.00081980    0.00116043    0.00034001    0.00024299    0.00046475    0.00081587    0.00268519    0.00000000 
max(|Force|)     :   0.00173011    0.00076588    0.00056050    0.01251469    0.00945675    0.00024382    0.00331125    0.01144307    0.02096752    0.00133386 
ksp              :   0.01000000    0.01000000    0.01000000    0.09202067    0.10000000    0.10000000    0.09633990    0.06156435    0.01000000 
max(|step|)      :   0.00000000    0.00402039    0.00268446    0.00558847    0.00089789    0.00040598    0.00168690    0.00252251    0.00605216    0.00000000 
angle (deg.)     :    53.0962  87.5537  72.3776  48.6496  134.2651  94.5567  11.0704  62.7745 
>
iteration       : 229
climbing        : yes
zoom on         : no
nim             : 10
barrier         :   0.01208606 (image:  5) 
distance        :   0.00000000    4.70699254    9.40354741   14.25632801   14.82698638   15.73892523   16.25917458   16.64713420   17.16054094   19.50078664 
energy          : -1076.31736593  -1076.32913533  -1076.33434882  -1076.31873710  -1076.30636910  -1076.30527987  -1076.30579465  -1076.31040903  -1076.32330490  -1076.34881019 
max(|Fr_perp|)   :   0.00000000    0.00062674    0.00030351    0.00154452    0.00853200    0.00033926    0.00295008    0.00232673    0.00361657    0.00000000 
Fr_paral         :   0.00000000    0.00123602    0.00083406   -0.02037248   -0.00453267   -0.00008808    0.00194284    0.01910925    0.03449518    0.00000000 
max(|Fsp_paral|) :   0.00000000    0.00004689    0.00056344    0.00215324    0.00910415    0.01988153    0.00297611    0.00275490    0.00451492    0.00000000 
max(|Fsp_perp|)  :   0.00000000    0.00000000    0.00000000    0.00000000    0.00000000    0.00000000    0.00000000    0.00000000    0.00000000    0.00000000 
max(|FNEB|)      :   0.00000000    0.00064812    0.00074280    0.00152541    0.00032713    0.00033889    0.00033562    0.00054446    0.00357368    0.00000000 
max(|Force|)     :   0.00173011    0.00065688    0.00048334    0.01261872    0.00944702    0.00033963    0.00334299    0.01145482    0.02110328    0.00133386 
ksp              :   0.01000000    0.01000000    0.01000000    0.09188894    0.10000000    0.10000000    0.09616661    0.06180524    0.01000000 
max(|step|)      :   0.00000000    0.00944095    0.01682222    0.00576196    0.00485212    0.00331626    0.00327580    0.00401626    0.00656838    0.00000000 
angle (deg.)     :    53.2261  87.2493  72.8667  48.8503  134.5487  94.7904  11.1740  62.5794 
>
iteration       : 230
climbing        : yes
zoom on         : no
nim             : 10
barrier         :   0.01208167 (image:  5) 
distance        :   0.00000000    4.72857160    9.42845754   14.25307367   14.81864979   15.72904774   16.25075272   16.63489613   17.14158728   19.48487605 
energy          : -1076.31736593  -1076.32916629  -1076.33438293  -1076.31845979  -1076.30630370  -1076.30528426  -1076.30580757  -1076.31034900  -1076.32292143  -1076.34881019 
max(|Fr_perp|)   :   0.00000000    0.00128448    0.00082354    0.00171957    0.00835142    0.00038823    0.00291498    0.00278755    0.00320592    0.00000000 
Fr_paral         :   0.00000000    0.00176601    0.00088541   -0.02080420   -0.00427906   -0.00009224    0.00196520    0.01887415    0.03440322    0.00000000 
max(|Fsp_paral|) :   0.00000000    0.00012885    0.00045181    0.00222559    0.00892229    0.02004451    0.00311032    0.00263804    0.00442865    0.00000000 
max(|Fsp_perp|)  :   0.00000000    0.00000000    0.00000000    0.00000000    0.00000000    0.00000000    0.00000000    0.00000000    0.00000000    0.00000000 
max(|FNEB|)      :   0.00000000    0.00127138    0.00094393    0.00169888    0.00047281    0.00038795    0.00038685    0.00285683    0.00317893    0.00000000 
max(|Force|)     :   0.00173011    0.00137534    0.00090925    0.01296803    0.00919699    0.00038852    0.00331570    0.01142009    0.02108892    0.00133386 
ksp              :   0.01000000    0.01000000    0.01000000    0.09240586    0.10000000    0.10000000    0.09610169    0.06227119    0.01000000 
max(|step|)      :   0.00000000    0.00961476    0.02053100    0.00978076    0.00695063    0.00526492    0.00520497    0.00712621    0.01679580    0.00000000 
angle (deg.)     :    53.3516  86.8532  73.2075  49.0988  134.6794  95.1414  11.9950  62.0563 
>
iteration       : 231
climbing        : yes
zoom on         : no
nim             : 10
barrier         :   0.01207441 (image:  5) 
distance        :   0.00000000    4.75197595    9.46146904   14.24583076   14.80496810   15.71337181   16.23752326   16.61350497   17.10171380   19.45248770 
energy          : -1076.31736593  -1076.32919989  -1076.33442729  -1076.31810288  -1076.30622265  -1076.30529152  -1076.30584295  -1076.31025364  -1076.32194017  -1076.34881019 
max(|Fr_perp|)   :   0.00000000    0.00276603    0.00166965    0.00349029    0.00806801    0.00028331    0.00298954    0.00409267    0.00397518    0.00000000 
Fr_paral         :   0.00000000    0.00035152    0.00055126   -0.02168315   -0.00395821   -0.00007423    0.00205079    0.01843314    0.03392828    0.00000000 
max(|Fsp_paral|) :   0.00000000    0.00019056    0.00027179    0.00232703    0.00866897    0.01992786    0.00340718    0.00256864    0.00398007    0.00000000 
max(|Fsp_perp|)  :   0.00000000    0.00000000    0.00000000    0.00000000    0.00000000    0.00000000    0.00000000    0.00000000    0.00000000    0.00000000 
max(|FNEB|)      :   0.00000000    0.00277504    0.00169868    0.00347946    0.00108064    0.00028324    0.00094507    0.00408508    0.00405613    0.00000000 
max(|Force|)     :   0.00173011    0.00275785    0.00169131    0.01354370    0.00882713    0.00028339    0.00332448    0.01132516    0.02115043    0.00133386 
ksp              :   0.01000000    0.01000000    0.01000000    0.09305957    0.10000000    0.10000000    0.09588975    0.06301346    0.01000000 
max(|step|)      :   0.00000000    0.01399045    0.02673161    0.01029728    0.00782197    0.00577101    0.00571803    0.00671352    0.01218260    0.00000000 
angle (deg.)     :    53.5686  86.3791  73.8734  49.4516  135.3161  95.4902  12.7091  61.6960 
>
iteration       : 232
climbing        : yes
zoom on         : no
nim             : 10
barrier         :   0.01206679 (image:  5) 
distance        :   0.00000000    4.78594189    9.50392212   14.24244807   14.79311157   15.69920000   16.22522509   16.59707158   17.07263914   19.42871205 
energy          : -1076.31736593  -1076.32925005  -1076.33447244  -1076.31763063  -1076.30611839  -1076.30529913  -1076.30585501  -1076.31018943  -1076.32128681  -1076.34881019 
max(|Fr_perp|)   :   0.00000000    0.00211629    0.00129369    0.00178443    0.00778003    0.00024150    0.00302013    0.00255572    0.00367995    0.00000000 
Fr_paral         :   0.00000000    0.00040381    0.00051176   -0.02263128   -0.00355882   -0.00007023    0.00205462    0.01818444    0.03372112    0.00000000 
max(|Fsp_paral|) :   0.00000000    0.00030467    0.00007504    0.00241496    0.00838773    0.01924993    0.00355069    0.00261687    0.00364773    0.00000000 
max(|Fsp_perp|)  :   0.00000000    0.00000000    0.00000000    0.00000000    0.00000000    0.00000000    0.00000000    0.00000000    0.00000000    0.00000000 
max(|FNEB|)      :   0.00000000    0.00213058    0.00130126    0.00109687    0.00049734    0.00024158    0.00052682    0.00135497    0.00131255    0.00000000 
max(|Force|)     :   0.00173011    0.00210727    0.00131341    0.01403413    0.00843657    0.00024143    0.00334362    0.01122594    0.02124462    0.00133386 
ksp              :   0.01000000    0.01000000    0.01000000    0.09388954    0.10000000    0.10000000    0.09585401    0.06352575    0.01000000 
max(|step|)      :   0.00000000    0.00909819    0.01571612    0.00676842    0.00444116    0.00353748    0.00352520    0.00344128    0.00501899    0.00000000 
angle (deg.)     :    53.6875  86.1051  74.1861  49.6706  136.0044  95.6809  12.0079  61.3304 
>
iteration       : 233
climbing        : yes
zoom on         : no
nim             : 10
barrier         :   0.01206226 (image:  5) 
distance        :   0.00000000    4.80667620    9.52842229   14.24075051   14.78586685   15.69052033   16.21684769   16.58902688   17.06023985   19.41657862 
energy          : -1076.31736593  -1076.32927711  -1076.33449385  -1076.31731467  -1076.30604651  -1076.30530366  -1076.30584265  -1076.31016431  -1076.32110602  -1076.34881019 
max(|Fr_perp|)   :   0.00000000    0.00218105    0.00084627    0.00194051    0.00762893    0.00024914    0.00296924    0.00258378    0.00368846    0.00000000 
Fr_paral         :   0.00000000    0.00185686    0.00068651   -0.02327350   -0.00330369   -0.00007192    0.00199163    0.01813041    0.03366041    0.00000000 
max(|Fsp_paral|) :   0.00000000    0.00038070    0.00062681    0.00143865    0.00822813    0.01872465    0.00350841    0.00273590    0.00353330    0.00000000 
max(|Fsp_perp|)  :   0.00000000    0.00000000    0.00000000    0.00000000    0.00000000    0.00000000    0.00000000    0.00000000    0.00000000    0.00000000 
max(|FNEB|)      :   0.00000000    0.00216418    0.00107148    0.00174520    0.00024851    0.00024924    0.00027247    0.00168258    0.00217536    0.00000000 
max(|Force|)     :   0.00173011    0.00222042    0.00083528    0.01447877    0.00822309    0.00024903    0.00330156    0.01114316    0.02117259    0.00133386 
ksp              :   0.01000000    0.01000000    0.01038245    0.09445742    0.10000000    0.10000000    0.09597848    0.06373333    0.01000000 
max(|step|)      :   0.00000000    0.01471497    0.02787747    0.01017742    0.00783427    0.00614495    0.00611815    0.00621567    0.00762679    0.00000000 
angle (deg.)     :    53.9321  85.6347  74.8053  50.1968  137.1179  96.0481  11.4156  60.8621 
>
iteration       : 234
climbing        : yes
zoom on         : no
nim             : 10
barrier         :   0.01205440 (image:  5) 
distance        :   0.00000000    4.84232022    9.57554618   14.23991495   14.77861817   15.68094990   16.20809410   16.57974150   17.04437739   19.40212058 
energy          : -1076.31736593  -1076.32932569  -1076.33452468  -1076.31681048  -1076.30592756  -1076.30531153  -1076.30582643  -1076.31010912  -1076.32076173  -1076.34881019 
max(|Fr_perp|)   :   0.00000000    0.00114243    0.00044743    0.00251209    0.00734969    0.00028854    0.00290154    0.00264237    0.00371132    0.00000000 
Fr_paral         :   0.00000000    0.00142065    0.00054108   -0.02394875   -0.00287102   -0.00007112    0.00189735    0.01799155    0.03341495    0.00000000 
max(|Fsp_paral|) :   0.00000000    0.00048874    0.00689808    0.00822041    0.00789085    0.01734324    0.00347840    0.00283347    0.00339036    0.00000000 
max(|Fsp_perp|)  :   0.00000000    0.00000000    0.00000000    0.00000000    0.00000000    0.00000000    0.00000000    0.00000000    0.00000000    0.00000000 
max(|FNEB|)      :   0.00000000    0.00112114    0.00715093    0.00985753    0.00028682    0.00028868    0.00028625    0.00040500    0.00258190    0.00000000 
max(|Force|)     :   0.00173011    0.00127914    0.00051148    0.01500902    0.00784280    0.00028840    0.00327404    0.01099807    0.02104570    0.00133386 
ksp              :   0.01000000    0.01000000    0.01414707    0.09540059    0.10000000    0.10000000    0.09615565    0.06418042    0.01000000 
max(|step|)      :   0.00000000    0.00000000    0.00000000    0.00000000    0.00000000    0.00000000    0.00000000    0.00000000    0.00000000    0.00000000 
angle (deg.)     :    53.9321  85.6347  74.8053  50.1968  137.1179  96.0481  11.4156  60.8621 
>
iteration       : 235
climbing        : yes
zoom on         : no
nim             : 10
barrier         :   0.01205438 (image:  5) 
distance        :   0.00000000    4.84232022    9.57554618   14.23991495   14.77861817   15.68094990   16.20809410   16.57974150   17.04437739   19.40212058 
energy          : -1076.31736593  -1076.32932581  -1076.33452513  -1076.31682848  -1076.30592718  -1076.30531155  -1076.30582637  -1076.31010880  -1076.32076257  -1076.34881019 
max(|Fr_perp|)   :   0.00000000    0.00108762    0.00044430    0.00248750    0.00735547    0.00027925    0.00290449    0.00264254    0.00370785    0.00000000 
Fr_paral         :   0.00000000    0.00140496    0.00053496   -0.02392362   -0.00287326   -0.00007106    0.00189850    0.01799090    0.03341847    0.00000000 
max(|Fsp_paral|) :   0.00000000    0.00048730    0.00689147    0.00818011    0.00787851    0.01733875    0.00347826    0.00283269    0.00339072    0.00000000 
max(|Fsp_perp|)  :   0.00000000    0.00000000    0.00000000    0.00000000    0.00000000    0.00000000    0.00000000    0.00000000    0.00000000    0.00000000 
max(|FNEB|)      :   0.00000000    0.00112114    0.00715093    0.00985753    0.00028682    0.00028868    0.00028625    0.00040500    0.00258190    0.00000000 
max(|Force|)     :   0.00173011    0.00127914    0.00051148    0.01500902    0.00784280    0.00028840    0.00327404    0.01099807    0.02104570    0.00133386 
ksp              :   0.01000000    0.01000000    0.01414707    0.09540059    0.10000000    0.10000000    0.09615565    0.06418042    0.01000000 
max(|step|)      :   0.00000000    0.00770209    0.04912580    0.06771977    0.00197039    0.00198317    0.00196653    0.00278230    0.01773729    0.00000000 
angle (deg.)     :    53.8003  84.6157  75.3631  53.8839  137.5146  96.3916  11.4086  60.9518 
>
iteration       : 236
climbing        : yes
zoom on         : no
nim             : 10
barrier         :   0.01205468 (image:  5) 
distance        :   0.00000000    4.83485441    9.62084060   14.12647255   14.78287728   15.68491092   16.21145627   16.58162125   17.04980952   19.40788242 
energy          : -1076.31736593  -1076.32924644  -1076.33451851  -1076.31921475  -1076.30589069  -1076.30531125  -1076.30580584  -1076.31003580  -1076.32024896  -1076.34881019 
max(|Fr_perp|)   :   0.00000000    0.00894412    0.00795016    0.01858108    0.00727206    0.00151496    0.00292546    0.00273499    0.02883964    0.00000000 
Fr_paral         :   0.00000000   -0.00149645   -0.00068718   -0.01360622   -0.00278956   -0.00005696    0.00182400    0.01780850    0.03120345    0.00000000 
max(|Fsp_paral|) :   0.00000000    0.00021855    0.00100928    0.01005359    0.00555251    0.01711555    0.00344007    0.00255519    0.00362865    0.00000000 
max(|Fsp_perp|)  :   0.00000000    0.00000000    0.00000000    0.00000000    0.00000000    0.00000000    0.00000000    0.00000000    0.00000000    0.00000000 
max(|FNEB|)      :   0.00000000    0.00895441    0.00783452    0.01864216    0.00202525    0.00151508    0.00151647    0.00277864    0.02902239    0.00000000 
max(|Force|)     :   0.00173011    0.00897720    0.00792194    0.01857022    0.00774763    0.00151484    0.00329446    0.01091868    0.02735906    0.00133386 
ksp              :   0.01000000    0.01000000    0.01000000    0.09567388    0.10000000    0.10000000    0.09630736    0.06472656    0.01000000 
max(|step|)      :   0.00000000    0.00843542    0.00676761    0.01735921    0.00185421    0.00138232    0.00138366    0.00259577    0.02694637    0.00000000 
angle (deg.)     :    53.7654  84.6388  74.8598  53.1252  137.3391  96.3791  11.1521  60.9054 
>
iteration       : 237
climbing        : yes
zoom on         : no
nim             : 10
barrier         :   0.01205214 (image:  5) 
distance        :   0.00000000    4.83483920    9.61237215   14.12851650   14.76273713   15.66605866   16.19257441   16.56302006   17.03176012   19.38900754 
energy          : -1076.31736593  -1076.32931584  -1076.33457311  -1076.31917115  -1076.30593550  -1076.30531379  -1076.30580938  -1076.31004860  -1076.32065694  -1076.34881019 
max(|Fr_perp|)   :   0.00000000    0.00327657    0.00287965    0.00673910    0.00741147    0.00069169    0.00287290    0.00263600    0.01727485    0.00000000 
Fr_paral         :   0.00000000    0.00201957    0.00066078   -0.01732839   -0.00291145   -0.00006038    0.00182826    0.01785931    0.03276216    0.00000000 
max(|Fsp_paral|) :   0.00000000    0.00025638    0.00094236    0.00861081    0.00610206    0.01780083    0.00343382    0.00256911    0.00364224    0.00000000 
max(|Fsp_perp|)  :   0.00000000    0.00000000    0.00000000    0.00000000    0.00000000    0.00000000    0.00000000    0.00000000    0.00000000    0.00000000 
max(|FNEB|)      :   0.00000000    0.00326601    0.00298305    0.00906616    0.00161486    0.00069180    0.00069090    0.00141906    0.01750235    0.00000000 
max(|Force|)     :   0.00173011    0.00331769    0.00285354    0.00949448    0.00791299    0.00069158    0.00324267    0.01082491    0.02077167    0.00133386 
ksp              :   0.01000000    0.01000000    0.01000000    0.09535735    0.10000000    0.10000000    0.09629912    0.06464256    0.01000000 
max(|step|)      :   0.00000000    0.00130285    0.01076469    0.01659561    0.00064929    0.00046682    0.00047233    0.00067861    0.00898480    0.00000000 
angle (deg.)     :    53.7969  84.8741  74.5984  52.2488  137.2228  96.3120  11.0287  60.8582 
>
iteration       : 238
climbing        : yes
zoom on         : no
nim             : 10
barrier         :   0.01205217 (image:  5) 
distance        :   0.00000000    4.83621732    9.60393141   14.15477878   14.75999491   15.66367116   16.19028988   16.56109054   17.02874857   19.38594263 
energy          : -1076.31736593  -1076.32932453  -1076.33457264  -1076.31861943  -1076.30595172  -1076.30531376  -1076.30581276  -1076.31006385  -1076.32082339  -1076.34881019 
max(|Fr_perp|)   :   0.00000000    0.00124005    0.00082156    0.00208093    0.00743939    0.00029516    0.00288189    0.00262711    0.00332621    0.00000000 
Fr_paral         :   0.00000000    0.00150174    0.00045655   -0.02020325   -0.00295877   -0.00006376    0.00184049    0.01789956    0.03352270    0.00000000 
max(|Fsp_paral|) :   0.00000000    0.00030652    0.00078696    0.00680262    0.00670572    0.01798355    0.00343821    0.00264061    0.00357879    0.00000000 
max(|Fsp_perp|)  :   0.00000000    0.00000000    0.00000000    0.00000000    0.00000000    0.00000000    0.00000000    0.00000000    0.00000000    0.00000000 
max(|FNEB|)      :   0.00000000    0.00122695    0.00100688    0.00596637    0.00107140    0.00029527    0.00029363    0.00029604    0.00218517    0.00000000 
max(|Force|)     :   0.00173011    0.00135648    0.00080373    0.01191966    0.00795112    0.00029505    0.00325492    0.01088242    0.02096431    0.00133386 
ksp              :   0.01000000    0.01000000    0.01000000    0.09523603    0.10000000    0.10000000    0.09627369    0.06452849    0.01000000 
max(|step|)      :   0.00000000    0.00115669    0.01827162    0.03033007    0.00152159    0.00043909    0.00044576    0.00072326    0.00335348    0.00000000 
angle (deg.)     :    53.8396  85.2729  74.0806  50.4011  137.0139  96.2268  11.0866  60.8343 
>
iteration       : 239
climbing        : yes
zoom on         : no
nim             : 10
barrier         :   0.01205255 (image:  5) 
distance        :   0.00000000    4.83792366    9.58871575   14.19931384   14.75197478   15.65655347   16.18328646   16.55464464   17.02051386   19.37807988 
energy          : -1076.31736593  -1076.32932642  -1076.33455293  -1076.31735148  -1076.30598324  -1076.30531338  -1076.30581593  -1076.31008141  -1076.32077894  -1076.34881019 
max(|Fr_perp|)   :   0.00000000    0.00050752    0.00053635    0.00274568    0.00749707    0.00032987    0.00288924    0.00262570    0.00360209    0.00000000 
Fr_paral         :   0.00000000    0.00104512    0.00042070   -0.02364832   -0.00305150   -0.00006793    0.00185264    0.01794157    0.03346724    0.00000000 
max(|Fsp_paral|) :   0.00000000    0.00038994    0.00033228    0.00328430    0.00782431    0.01837169    0.00344017    0.00274750    0.00348158    0.00000000 
max(|Fsp_perp|)  :   0.00000000    0.00000000    0.00000000    0.00000000    0.00000000    0.00000000    0.00000000    0.00000000    0.00000000    0.00000000 
max(|FNEB|)      :   0.00000000    0.00075550    0.00065109    0.00136098    0.00032961    0.00033005    0.00033349    0.00031174    0.00334824    0.00000000 
max(|Force|)     :   0.00173011    0.00073834    0.00055224    0.01505520    0.00802963    0.00032969    0.00326567    0.01094823    0.02109310    0.00133386 
ksp              :   0.01000000    0.01000000    0.01010785    0.09499793    0.10000000    0.10000000    0.09624728    0.06439568    0.01000000 
max(|step|)      :   0.00000000    0.00190795    0.00507328    0.00913257    0.00071317    0.00071314    0.00072111    0.00070711    0.00146666    0.00000000 
angle (deg.)     :    53.8069  85.3788  73.7399  49.7886  137.0761  96.3178  10.9705  60.8290 
>
iteration       : 240
climbing        : yes
zoom on         : no
nim             : 10
barrier         :   0.01205166 (image:  5) 
distance        :   0.00000000    4.83589571    9.58325666   14.20956207   14.74709333   15.65186276   16.17840109   16.54951668   17.01542323   19.37332720 
energy          : -1076.31736593  -1076.32932607  -1076.33455039  -1076.31694345  -1076.30598143  -1076.30531427  -1076.30581166  -1076.31006687  -1076.32076640  -1076.34881019 
max(|Fr_perp|)   :   0.00000000    0.00050316    0.00033815    0.00261259    0.00745921    0.00026094    0.00288105    0.00261370    0.00343103    0.00000000 
Fr_paral         :   0.00000000    0.00100134    0.00049031   -0.02421234   -0.00305628   -0.00006290    0.00183281    0.01791233    0.03348329    0.00000000 
max(|Fsp_paral|) :   0.00000000    0.00039604    0.00492940    0.00542933    0.00813788    0.01844125    0.00342648    0.00271614    0.00350620    0.00000000 
max(|Fsp_perp|)  :   0.00000000    0.00000000    0.00000000    0.00000000    0.00000000    0.00000000    0.00000000    0.00000000    0.00000000    0.00000000 
max(|FNEB|)      :   0.00000000    0.00072323    0.00519092    0.00780131    0.00105425    0.00026111    0.00026373    0.00041795    0.00170889    0.00000000 
max(|Force|)     :   0.00173011    0.00056482    0.00045904    0.01565656    0.00799348    0.00026078    0.00325220    0.01090741    0.02107577    0.00133386 
ksp              :   0.01000000    0.01000000    0.01315500    0.09501775    0.10000000    0.10000000    0.09628555    0.06450826    0.01000000 
max(|step|)      :   0.00000000    0.00243985    0.00673376    0.00822890    0.00086459    0.00086481    0.00087569    0.00098354    0.00270311    0.00000000 
angle (deg.)     :    53.7520  85.2421  73.6182  50.2457  137.1964  96.4425  10.8799  60.8406 
>
iteration       : 241
climbing        : yes
zoom on         : no
nim             : 10
barrier         :   0.01205064 (image:  5) 
distance        :   0.00000000    4.83312788    9.58735986   14.19310692   14.74334844   15.64816417   16.17446127   16.54514843   17.01184781   19.36995576 
energy          : -1076.31736593  -1076.32932382  -1076.33456045  -1076.31727457  -1076.30597330  -1076.30531528  -1076.30580568  -1076.31004562  -1076.32075555  -1076.34881019 
max(|Fr_perp|)   :   0.00000000    0.00088894    0.00069588    0.00424756    0.00743199    0.00028896    0.00287670    0.00260785    0.00323008    0.00000000 
Fr_paral         :   0.00000000    0.00108658    0.00050211   -0.02351045   -0.00304215   -0.00005696    0.00180690    0.01786854    0.03344696    0.00000000 
max(|Fsp_paral|) :   0.00000000    0.00035273    0.00060828    0.00173134    0.00788728    0.01845252    0.00341027    0.00264326    0.00356942    0.00000000 
max(|Fsp_perp|)  :   0.00000000    0.00000000    0.00000000    0.00000000    0.00000000    0.00000000    0.00000000    0.00000000    0.00000000    0.00000000 
max(|FNEB|)      :   0.00000000    0.00100337    0.00084517    0.00429390    0.00138154    0.00028911    0.00029008    0.00028570    0.00264355    0.00000000 
max(|Force|)     :   0.00173011    0.00092024    0.00074137    0.01510820    0.00796349    0.00028882    0.00324092    0.01084699    0.02100561    0.00133386 
ksp              :   0.01000000    0.01000000    0.01068232    0.09508559    0.10000000    0.10000000    0.09633744    0.06467154    0.01000000 
max(|step|)      :   0.00000000    0.00131407    0.00115675    0.00599203    0.00191117    0.00017732    0.00033589    0.00058808    0.00200692    0.00000000 
angle (deg.)     :    53.7511  85.2217  73.7065  50.4072  137.1902  96.4145  10.8812  60.8202 
>
iteration       : 242
climbing        : yes
zoom on         : no
nim             : 10
barrier         :   0.01205075 (image:  5) 
distance        :   0.00000000    4.83349777    9.58851355   14.19092012   14.74486665   15.64962545   16.17596696   16.54681745   17.01297723   19.37110233 
energy          : -1076.31736593  -1076.32932481  -1076.33456211  -1076.31738736  -1076.30597049  -1076.30531518  -1076.30580678  -1076.31005108  -1076.32075235  -1076.34881019 
max(|Fr_perp|)   :   0.00000000    0.00066610    0.00031251    0.00265746    0.00750805    0.00026734    0.00289466    0.00262276    0.00340840    0.00000000 
Fr_paral         :   0.00000000    0.00142954    0.00044614   -0.02349843   -0.00302821   -0.00005783    0.00181233    0.01787589    0.03348081    0.00000000 
max(|Fsp_paral|) :   0.00000000    0.00035092    0.00055948    0.00370124    0.00780631    0.01839172    0.00341081    0.00267449    0.00354183    0.00000000 
max(|Fsp_perp|)  :   0.00000000    0.00000000    0.00000000    0.00000000    0.00000000    0.00000000    0.00000000    0.00000000    0.00000000    0.00000000 
max(|FNEB|)      :   0.00000000    0.00083551    0.00079276    0.00275152    0.00182172    0.00026749    0.00027023    0.00057686    0.00097725    0.00000000 
max(|Force|)     :   0.00173011    0.00095462    0.00041811    0.01486604    0.00803646    0.00026718    0.00326020    0.01087179    0.02099384    0.00133386 
ksp              :   0.01000000    0.01000000    0.01000000    0.09510584    0.10000000    0.10000000    0.09632853    0.06463032    0.01000000 
max(|step|)      :   0.00000000    0.00144047    0.00087531    0.00249092    0.00101679    0.00049385    0.00049961    0.00053246    0.00103767    0.00000000 
angle (deg.)     :    53.7265  85.2272  73.5509  50.2973  137.2465  96.4800  10.8270  60.8217 
>
iteration       : 243
climbing        : yes
zoom on         : no
nim             : 10
barrier         :   0.01205012 (image:  5) 
distance        :   0.00000000    4.83198578    9.58770383   14.19077824   14.74234036   15.64717642   16.17338507   16.54405836   17.01032138   19.36868582 
energy          : -1076.31736593  -1076.32932510  -1076.33456373  -1076.31733417  -1076.30597272  -1076.30531581  -1076.30580371  -1076.31004084  -1076.32073971  -1076.34881019 
max(|Fr_perp|)   :   0.00000000    0.00046852    0.00029426    0.00197524    0.00748500    0.00024329    0.00289226    0.00261049    0.00330879    0.00000000 
Fr_paral         :   0.00000000    0.00125470    0.00045347   -0.02361775   -0.00304074   -0.00005450    0.00179822    0.01785900    0.03347183    0.00000000 
max(|Fsp_paral|) :   0.00000000    0.00034090    0.00015938    0.00295765    0.00786156    0.01847609    0.00340111    0.00264972    0.00356130    0.00000000 
max(|Fsp_perp|)  :   0.00000000    0.00000000    0.00000000    0.00000000    0.00000000    0.00000000    0.00000000    0.00000000    0.00000000    0.00000000 
max(|FNEB|)      :   0.00000000    0.00074053    0.00042163    0.00091703    0.00024334    0.00024343    0.00024551    0.00022173    0.00070154    0.00000000 
max(|Force|)     :   0.00173011    0.00052104    0.00040140    0.01495899    0.00801583    0.00024315    0.00325406    0.01084815    0.02098267    0.00133386 
ksp              :   0.01000000    0.01000000    0.01023717    0.09509364    0.10000000    0.10000000    0.09635596    0.06470964    0.01000000 
max(|step|)      :   0.00000000    0.00195323    0.00084697    0.00146595    0.00067528    0.00067491    0.00068191    0.00062107    0.00127742    0.00000000 
angle (deg.)     :    53.6884  85.2277  73.3624  50.2076  137.3271  96.5635  10.7639  60.8156 
>
iteration       : 244
climbing        : yes
zoom on         : no
nim             : 10
barrier         :   0.01204924 (image:  5) 
distance        :   0.00000000    4.82989177    9.58688933   14.18981685   14.73930223   15.64423324   16.17026806   16.54077292   17.00687827   19.36563363 
energy          : -1076.31736593  -1076.32932439  -1076.33456629  -1076.31727531  -1076.30596930  -1076.30531668  -1076.30579954  -1076.31002803  -1076.32071226  -1076.34881019 
max(|Fr_perp|)   :   0.00000000    0.00045404    0.00027495    0.00190809    0.00748125    0.00023930    0.00289460    0.00259693    0.00326874    0.00000000 
Fr_paral         :   0.00000000    0.00120578    0.00044938   -0.02370213   -0.00303637   -0.00005000    0.00177931    0.01783365    0.03344889    0.00000000 
max(|Fsp_paral|) :   0.00000000    0.00032567    0.00057723    0.00173286    0.00790597    0.01851534    0.00338675    0.00263012    0.00357514    0.00000000 
max(|Fsp_perp|)  :   0.00000000    0.00000000    0.00000000    0.00000000    0.00000000    0.00000000    0.00000000    0.00000000    0.00000000    0.00000000 
max(|FNEB|)      :   0.00000000    0.00068790    0.00067107    0.00079994    0.00024754    0.00023943    0.00024098    0.00022734    0.00045582    0.00000000 
max(|Force|)     :   0.00173011    0.00046264    0.00038093    0.01501642    0.00801137    0.00023917    0.00325140    0.01082162    0.02096712    0.00133386 
ksp              :   0.01000000    0.01000000    0.01067684    0.09512535    0.10000000    0.10000000    0.09639339    0.06480933    0.01000000 
max(|step|)      :   0.00000000    0.00703378    0.00348219    0.00368980    0.00244550    0.00244459    0.00246900    0.00217401    0.00450462    0.00000000 
angle (deg.)     :    53.5478  85.1915  72.7424  50.0737  137.6199  96.8604  10.6144  60.8041 
>
iteration       : 245
climbing        : yes
zoom on         : no
nim             : 10
barrier         :   0.01204610 (image:  5) 
distance        :   0.00000000    4.82232787    9.58561922   14.18228080   14.72897605   15.63424570   16.15967610   16.52962417   16.99512091   19.35534116 
energy          : -1076.31736593  -1076.32932098  -1076.33457680  -1076.31718186  -1076.30595606  -1076.30531982  -1076.30578461  -1076.30998266  -1076.32060761  -1076.34881019 
max(|Fr_perp|)   :   0.00000000    0.00049603    0.00026827    0.00188916    0.00747744    0.00024145    0.00290534    0.00255732    0.00318766    0.00000000 
Fr_paral         :   0.00000000    0.00114297    0.00042428   -0.02380414   -0.00301699   -0.00003295    0.00171144    0.01774176    0.03334707    0.00000000 
max(|Fsp_paral|) :   0.00000000    0.00026331    0.00170345    0.00011997    0.00796972    0.01864510    0.00333504    0.00256420    0.00362094    0.00000000 
max(|Fsp_perp|)  :   0.00000000    0.00000000    0.00000000    0.00000000    0.00000000    0.00000000    0.00000000    0.00000000    0.00000000    0.00000000 
max(|FNEB|)      :   0.00000000    0.00053692    0.00172653    0.00221928    0.00087642    0.00024152    0.00024136    0.00032642    0.00072999    0.00000000 
max(|Force|)     :   0.00173011    0.00057193    0.00033087    0.01503356    0.00800416    0.00024137    0.00324442    0.01073239    0.02090278    0.00133386 
ksp              :   0.01000000    0.01000000    0.01137522    0.09524646    0.10000000    0.10000000    0.09652745    0.06516255    0.01000000 
max(|step|)      :   0.00000000    0.01289095    0.00759506    0.00621414    0.00453776    0.00453732    0.00457980    0.00406867    0.00797421    0.00000000 
angle (deg.)     :    53.2891  85.0966  71.6876  50.0104  138.1489  97.3932  10.5899  60.8248 
>
iteration       : 246
climbing        : yes
zoom on         : no
nim             : 10
barrier         :   0.01204048 (image:  5) 
distance        :   0.00000000    4.80852171    9.58480569   14.16584474   14.71125619   15.61718358   16.14158033   16.51064810   16.97493783   19.33807155 
energy          : -1076.31736593  -1076.32931200  -1076.33459370  -1076.31709564  -1076.30593299  -1076.30532545  -1076.30575773  -1076.30990209  -1076.32040104  -1076.34881019 
max(|Fr_perp|)   :   0.00000000    0.00055834    0.00027977    0.00247475    0.00746661    0.00023975    0.00292384    0.00248589    0.00315231    0.00000000 
Fr_paral         :   0.00000000    0.00109889    0.00037495   -0.02385981   -0.00298244   -0.00000366    0.00158903    0.01757277    0.03312256    0.00000000 
max(|Fsp_paral|) :   0.00000000    0.00014333    0.00266221    0.00164378    0.00800773    0.01889842    0.00324156    0.00245686    0.00369201    0.00000000 
max(|Fsp_perp|)  :   0.00000000    0.00000000    0.00000000    0.00000000    0.00000000    0.00000000    0.00000000    0.00000000    0.00000000    0.00000000 
max(|FNEB|)      :   0.00000000    0.00054006    0.00258386    0.00375552    0.00127234    0.00023976    0.00023857    0.00066286    0.00104430    0.00000000 
max(|Force|)     :   0.00173011    0.00067908    0.00031642    0.01498725    0.00798722    0.00023975    0.00323181    0.01058187    0.02081027    0.00133386 
ksp              :   0.01000000    0.01000000    0.01202035    0.09545877    0.10000000    0.10000000    0.09676876    0.06579057    0.01000000 
max(|step|)      :   0.00000000    0.01958451    0.01265927    0.00880280    0.00712746    0.00713050    0.00718781    0.00650921    0.01129588    0.00000000 
angle (deg.)     :    52.8962  84.9263  70.2473  50.1274  138.9186  98.1709  10.8859  60.9052 
>
iteration       : 247
climbing        : yes
zoom on         : no
nim             : 10
barrier         :   0.01203211 (image:  5) 
distance        :   0.00000000    4.78776357    9.58565576   14.13933082   14.68661808   15.59369065   16.11673013   16.48477667   16.94653798   19.31454248 
energy          : -1076.31736593  -1076.32929218  -1076.33461130  -1076.31705189  -1076.30590399  -1076.30533382  -1076.30571873  -1076.30978831  -1076.32005990  -1076.34881019 
max(|Fr_perp|)   :   0.00000000    0.00069282    0.00035064    0.00238658    0.00744177    0.00025669    0.00294452    0.00240049    0.00339310    0.00000000 
Fr_paral         :   0.00000000    0.00115563    0.00029987   -0.02390696   -0.00293854    0.00003902    0.00141011    0.01733442    0.03271817    0.00000000 
max(|Fsp_paral|) :   0.00000000    0.00004481    0.00299018    0.00207288    0.00798554    0.01933980    0.00310600    0.00234401    0.00375399    0.00000000 
max(|Fsp_perp|)  :   0.00000000    0.00000000    0.00000000    0.00000000    0.00000000    0.00000000    0.00000000    0.00000000    0.00000000    0.00000000 
max(|FNEB|)      :   0.00000000    0.00068953    0.00282325    0.00433403    0.00155582    0.00025663    0.00025005    0.00044459    0.00205644    0.00000000 
max(|Force|)     :   0.00173011    0.00066922    0.00038589    0.01498526    0.00795469    0.00025675    0.00320902    0.01038915    0.02066688    0.00133386 
ksp              :   0.01000000    0.01000000    0.01234899    0.09573514    0.10000000    0.10000000    0.09712085    0.06668047    0.01000000 
max(|step|)      :   0.00000000    0.02737554    0.01836173    0.01097061    0.01120412    0.01122321    0.01127270    0.01072584    0.01317657    0.00000000 
angle (deg.)     :    52.3541  84.6768  68.7202  50.3369  139.8301  99.1768  11.1170  60.8558 
>
iteration       : 248
climbing        : yes
zoom on         : no
nim             : 10
barrier         :   0.01201986 (image:  5) 
distance        :   0.00000000    4.75995174    9.59077280   14.10786060   14.65756618   15.56686872   16.08880810   16.45573040   16.91061739   19.28559291 
energy          : -1076.31736593  -1076.32924986  -1076.33462049  -1076.31699780  -1076.30588507  -1076.30534607  -1076.30567351  -1076.30958943  -1076.31949172  -1076.34881019 
max(|Fr_perp|)   :   0.00000000    0.00196254    0.00034792    0.00345089    0.00735101    0.00024887    0.00293390    0.00717583    0.00476753    0.00000000 
Fr_paral         :   0.00000000    0.00091854    0.00026609   -0.02414734   -0.00290673    0.00008508    0.00118957    0.01671868    0.03211601    0.00000000 
max(|Fsp_paral|) :   0.00000000    0.00031131    0.00334783    0.00258206    0.00795998    0.01996348    0.00295956    0.00223826    0.00381200    0.00000000 
max(|Fsp_perp|)  :   0.00000000    0.00000000    0.00000000    0.00000000    0.00000000    0.00000000    0.00000000    0.00000000    0.00000000    0.00000000 
max(|FNEB|)      :   0.00000000    0.00194524    0.00320244    0.00531264    0.00231619    0.00024888    0.00032082    0.00724706    0.00486225    0.00000000 
max(|Force|)     :   0.00173011    0.00194140    0.00037287    0.01535457    0.00785895    0.00024886    0.00314856    0.01014160    0.02084522    0.00133386 
ksp              :   0.01000000    0.01000000    0.01275640    0.09596418    0.10000000    0.10000000    0.09754820    0.06822738    0.01000000 
max(|step|)      :   0.00000000    0.01548020    0.01202867    0.00644688    0.00657069    0.00658416    0.00660548    0.00636618    0.00682338    0.00000000 
angle (deg.)     :    52.0407  84.5032  68.0169  50.6444  140.3274  99.7131  10.8788  60.7957 
>
iteration       : 249
climbing        : yes
zoom on         : no
nim             : 10
barrier         :   0.01201294 (image:  5) 
distance        :   0.00000000    4.74433290    9.59627571   14.08708072   14.64267279   15.55334962   16.07483845   16.44133679   16.89084136   19.27012086 
energy          : -1076.31736593  -1076.32922353  -1076.33461751  -1076.31711094  -1076.30588629  -1076.30535298  -1076.30564951  -1076.30956914  -1076.31921396  -1076.34881019 
max(|Fr_perp|)   :   0.00000000    0.00129216    0.00035957    0.00301750    0.00733933    0.00024529    0.00293463    0.00302852    0.00387349    0.00000000 
Fr_paral         :   0.00000000    0.00127015    0.00018517   -0.02421806   -0.00291502    0.00010441    0.00107077    0.01682719    0.03186803    0.00000000 
max(|Fsp_paral|) :   0.00000000    0.00047075    0.00177599    0.00007744    0.00785942    0.02013806    0.00288127    0.00238538    0.00363163    0.00000000 
max(|Fsp_perp|)  :   0.00000000    0.00000000    0.00000000    0.00000000    0.00000000    0.00000000    0.00000000    0.00000000    0.00000000    0.00000000 
max(|FNEB|)      :   0.00000000    0.00126609    0.00190559    0.00307744    0.00087318    0.00024545    0.00039761    0.00306604    0.00276089    0.00000000 
max(|Force|)     :   0.00173011    0.00126262    0.00040092    0.01550535    0.00784891    0.00024514    0.00312375    0.01003921    0.02050389    0.00133386 
ksp              :   0.01000000    0.01000000    0.01191030    0.09600452    0.10000000    0.10000000    0.09777843    0.06841289    0.01000000 
max(|step|)      :   0.00000000    0.02034070    0.00966893    0.01301287    0.00601091    0.00599912    0.00609339    0.00762059    0.01432518    0.00000000 
angle (deg.)     :    52.4035  84.5818  70.0231  50.5640  139.3926  98.8498  10.1370  60.4290 
>
iteration       : 250
climbing        : yes
zoom on         : no
nim             : 10
barrier         :   0.01201848 (image:  5) 
distance        :   0.00000000    4.76654353    9.60047412   14.11097577   14.66878204   15.57895639   16.10240833   16.46983790   16.91798374   19.29171005 
energy          : -1076.31736593  -1076.32926230  -1076.33463225  -1076.31737114  -1076.30593975  -1076.30534744  -1076.30569951  -1076.30969519  -1076.31946834  -1076.34881019 
max(|Fr_perp|)   :   0.00000000    0.00203042    0.00039861    0.00340782    0.00741943    0.00031471    0.00291329    0.00394956    0.00350429    0.00000000 
Fr_paral         :   0.00000000    0.00219655    0.00019902   -0.02412077   -0.00298489    0.00005742    0.00127580    0.01703683    0.03236021    0.00000000 
max(|Fsp_paral|) :   0.00000000    0.00029629    0.00116369    0.00441746    0.00780165    0.02000613    0.00306148    0.00261766    0.00345856    0.00000000 
max(|Fsp_perp|)  :   0.00000000    0.00000000    0.00000000    0.00000000    0.00000000    0.00000000    0.00000000    0.00000000    0.00000000    0.00000000 
max(|FNEB|)      :   0.00000000    0.00204661    0.00132371    0.00287030    0.00066078    0.00031474    0.00030976    0.00397699    0.00270537    0.00000000 
max(|Force|)     :   0.00173011    0.00207938    0.00040646    0.01557084    0.00794116    0.00031467    0.00314899    0.01037417    0.02033052    0.00133386 
ksp              :   0.01000000    0.01000000    0.01000000    0.09556452    0.10000000    0.10000000    0.09736354    0.06744207    0.01000000 
max(|step|)      :   0.00000000    0.01596233    0.01063126    0.00811145    0.00565558    0.00565907    0.00570748    0.00514281    0.00889935    0.00000000 
angle (deg.)     :    52.7248  84.7186  71.2893  50.4396  138.7646  98.2207  10.3648  60.4400 
>
iteration       : 251
climbing        : yes
zoom on         : no
nim             : 10
barrier         :   0.01202462 (image:  5) 
distance        :   0.00000000    4.78377200    9.59943223   14.13423854   14.68981081   15.59899590   16.12357441   16.49164971   16.94279304   19.31239999 
energy          : -1076.31736593  -1076.32929123  -1076.33463013  -1076.31739520  -1076.30595973  -1076.30534131  -1076.30573204  -1076.30979564  -1076.31974854  -1076.34881019 
max(|Fr_perp|)   :   0.00000000    0.00047801    0.00025963    0.00304304    0.00742468    0.00026165    0.00289313    0.00251361    0.00346458    0.00000000 
Fr_paral         :   0.00000000    0.00167663    0.00026857   -0.02401940   -0.00301110    0.00002451    0.00142148    0.01728082    0.03267382    0.00000000 
max(|Fsp_paral|) :   0.00000000    0.00014077    0.00101626    0.00416851    0.00783128    0.01973371    0.00317750    0.00267904    0.00342501    0.00000000 
max(|Fsp_perp|)  :   0.00000000    0.00000000    0.00000000    0.00000000    0.00000000    0.00000000    0.00000000    0.00000000    0.00000000    0.00000000 
max(|FNEB|)      :   0.00000000    0.00048615    0.00111679    0.00168883    0.00056404    0.00026165    0.00025868    0.00251848    0.00157907    0.00000000 
max(|Force|)     :   0.00173011    0.00083110    0.00029885    0.01545756    0.00795070    0.00026166    0.00316316    0.01049067    0.02052868    0.00133386 
ksp              :   0.01000000    0.01000000    0.01000000    0.09537134    0.10000000    0.10000000    0.09707546    0.06666090    0.01000000 
max(|step|)      :   0.00000000    0.00680100    0.00564501    0.00538756    0.00173736    0.00174104    0.00176647    0.00314515    0.00345465    0.00000000 
angle (deg.)     :    52.8518  84.8070  71.9196  50.2301  138.5231  98.0594  10.5716  60.4604 
>
iteration       : 252
climbing        : yes
zoom on         : no
nim             : 10
barrier         :   0.01202652 (image:  5) 
distance        :   0.00000000    4.79145101    9.59836169   14.14995634   14.70035913   15.60903786   16.13421813   16.50135141   16.95560521   19.32323640 
energy          : -1076.31736593  -1076.32929233  -1076.33462650  -1076.31728262  -1076.30595611  -1076.30533941  -1076.30574602  -1076.30980809  -1076.31988247  -1076.34881019 
max(|Fr_perp|)   :   0.00000000    0.00334369    0.00023849    0.00225432    0.00744740    0.00029977    0.00289160    0.00274824    0.00353608    0.00000000 
Fr_paral         :   0.00000000    0.00216749    0.00031536   -0.02393977   -0.00299678    0.00001015    0.00148234    0.01728799    0.03279438    0.00000000 
max(|Fsp_paral|) :   0.00000000    0.00006836    0.00010327    0.00227843    0.00792923    0.01949390    0.00325034    0.00254060    0.00352689    0.00000000 
max(|Fsp_perp|)  :   0.00000000    0.00000000    0.00000000    0.00000000    0.00000000    0.00000000    0.00000000    0.00000000    0.00000000    0.00000000 
max(|FNEB|)      :   0.00000000    0.00334819    0.00030153    0.00146272    0.00179852    0.00029977    0.00030064    0.00285058    0.00218392    0.00000000 
max(|Force|)     :   0.00173011    0.00339038    0.00031386    0.01524591    0.00797022    0.00029978    0.00317633    0.01056410    0.02075654    0.00133386 
ksp              :   0.01000000    0.01000000    0.01062343    0.09538491    0.10000000    0.10000000    0.09695714    0.06655878    0.01000000 
max(|step|)      :   0.00000000    0.00730024    0.00442013    0.00271354    0.00279029    0.00279232    0.00281132    0.00259764    0.00391338    0.00000000 
angle (deg.)     :    52.7187  84.7484  71.4479  50.2355  138.7878  98.3261  10.3700  60.4265 
>
iteration       : 253
climbing        : yes
zoom on         : no
nim             : 10
barrier         :   0.01202335 (image:  5) 
distance        :   0.00000000    4.78421815    9.59932948   14.14192697   14.69231700   15.60144809   16.12622004   16.49303684   16.94553418   19.31493668 
energy          : -1076.31736593  -1076.32929255  -1076.33463103  -1076.31726674  -1076.30595261  -1076.30534257  -1076.30573312  -1076.30977707  -1076.31975859  -1076.34881019 
max(|Fr_perp|)   :   0.00000000    0.00058403    0.00028407    0.00238238    0.00742127    0.00024021    0.00288644    0.00243131    0.00345780    0.00000000 
Fr_paral         :   0.00000000    0.00131017    0.00029705   -0.02403173   -0.00299640    0.00002335    0.00142163    0.01724582    0.03270067    0.00000000 
max(|Fsp_paral|) :   0.00000000    0.00013633    0.00023458    0.00203995    0.00793637    0.01967317    0.00320526    0.00254642    0.00350507    0.00000000 
max(|Fsp_perp|)  :   0.00000000    0.00000000    0.00000000    0.00000000    0.00000000    0.00000000    0.00000000    0.00000000    0.00000000    0.00000000 
max(|FNEB|)      :   0.00000000    0.00057612    0.00043377    0.00075191    0.00024040    0.00024019    0.00023923    0.00121692    0.00129050    0.00000000 
max(|Force|)     :   0.00173011    0.00056344    0.00035512    0.01529785    0.00794401    0.00024022    0.00315659    0.01040498    0.02068211    0.00133386 
ksp              :   0.01000000    0.01000000    0.01074242    0.09543362    0.10000000    0.10000000    0.09707656    0.06680589    0.01000000 
max(|step|)      :   0.00000000    0.00493287    0.00390401    0.00232244    0.00234862    0.00235257    0.00235686    0.00229770    0.00247209    0.00000000 
angle (deg.)     :    52.6176  84.6992  71.2673  50.2644  138.9529  98.5175  10.3180  60.3857 
>
iteration       : 254
climbing        : yes
zoom on         : no
nim             : 10
barrier         :   0.01202063 (image:  5) 
distance        :   0.00000000    4.77951951    9.60104535   14.13734646   14.68814873   15.59770282   16.12236442   16.48877579   16.93972193   19.31039123 
energy          : -1076.31736593  -1076.32928669  -1076.33463459  -1076.31726851  -1076.30594981  -1076.30534529  -1076.30572593  -1076.30975184  -1076.31965681  -1076.34881019 
max(|Fr_perp|)   :   0.00000000    0.00069223    0.00026977    0.00251367    0.00741827    0.00022958    0.00288621    0.00242763    0.00345622    0.00000000 
Fr_paral         :   0.00000000    0.00132763    0.00027530   -0.02407330   -0.00298879    0.00003034    0.00138355    0.01719027    0.03261617    0.00000000 
max(|Fsp_paral|) :   0.00000000    0.00018512    0.00016518    0.00213967    0.00792947    0.01977004    0.00318605    0.00254354    0.00348874    0.00000000 
max(|Fsp_perp|)  :   0.00000000    0.00000000    0.00000000    0.00000000    0.00000000    0.00000000    0.00000000    0.00000000    0.00000000    0.00000000 
max(|FNEB|)      :   0.00000000    0.00068179    0.00037404    0.00051691    0.00022957    0.00022957    0.00022741    0.00026133    0.00054387    0.00000000 
max(|Force|)     :   0.00173011    0.00066247    0.00033572    0.01533605    0.00793947    0.00022959    0.00314751    0.01035962    0.02058481    0.00133386 
ksp              :   0.01000000    0.01000000    0.01072938    0.09547394    0.10000000    0.10000000    0.09715013    0.06700766    0.01000000 
max(|step|)      :   0.00000000    0.01387569    0.01195405    0.00739529    0.00743227    0.00744525    0.00744689    0.00737565    0.00737184    0.00000000 
angle (deg.)     :    52.3286  84.5651  70.9694  50.2965  139.4054  99.0936  10.2675  60.2565 
>
iteration       : 255
climbing        : yes
zoom on         : no
nim             : 10
barrier         :   0.01201208 (image:  5) 
distance        :   0.00000000    4.76701659    9.60714640   14.12863679   14.67918092   15.59001030   16.11463288   16.47933595   16.92612416   19.30036876 
energy          : -1076.31736593  -1076.32926955  -1076.33464261  -1076.31723524  -1076.30594140  -1076.30535385  -1076.30570805  -1076.30966765  -1076.31935398  -1076.34881019 
max(|Fr_perp|)   :   0.00000000    0.00031559    0.00027574    0.00262929    0.00740630    0.00024745    0.00287894    0.00242900    0.00348861    0.00000000 
Fr_paral         :   0.00000000    0.00153349    0.00022458   -0.02413173   -0.00296171    0.00004641    0.00128195    0.01697666    0.03234549    0.00000000 
max(|Fsp_paral|) :   0.00000000    0.00032093    0.00044783    0.00162956    0.00793699    0.01998574    0.00315348    0.00247975    0.00347423    0.00000000 
max(|Fsp_perp|)  :   0.00000000    0.00000000    0.00000000    0.00000000    0.00000000    0.00000000    0.00000000    0.00000000    0.00000000    0.00000000 
max(|FNEB|)      :   0.00000000    0.00035241    0.00054137    0.00094202    0.00024725    0.00024747    0.00024334    0.00043540    0.00033923    0.00000000 
max(|Force|)     :   0.00173011    0.00070476    0.00029520    0.01538441    0.00792175    0.00024743    0.00311731    0.01023331    0.02041180    0.00133386 
ksp              :   0.01000000    0.01000000    0.01097917    0.09559780    0.10000000    0.10000000    0.09734614    0.06767899    0.01000000 
max(|step|)      :   0.00000000    0.10000000    0.08693364    0.05363683    0.05389172    0.05398764    0.05399435    0.05354159    0.05299276    0.00000000 
angle (deg.)     :    50.3889  83.6876  68.9937  50.7182  142.6261  103.2712  10.1060  59.5053 
>
iteration       : 256
climbing        : yes
zoom on         : no
nim             : 10
barrier         :   0.01195601 (image:  5) 
distance        :   0.00000000    4.67951365    9.66128058   14.07680582   14.62858620   15.54872644   16.07409300   16.42666192   16.84381507   19.24819618 
energy          : -1076.31736593  -1076.32902994  -1076.33455162  -1076.31701919  -1076.30587479  -1076.30540991  -1076.30558280  -1076.30906650  -1076.31728354  -1076.34881019 
max(|Fr_perp|)   :   0.00000000    0.00210076    0.00109985    0.00341086    0.00729656    0.00026563    0.00279043    0.00344141    0.00369238    0.00000000 
Fr_paral         :   0.00000000    0.00161234   -0.00013203   -0.02426494   -0.00276694    0.00008123    0.00059628    0.01537021    0.02994613    0.00000000 
max(|Fsp_paral|) :   0.00000000    0.00128639    0.00222784    0.00152244    0.00792021    0.01750377    0.00292352    0.00208420    0.00242177    0.00000000 
max(|Fsp_perp|)  :   0.00000000    0.00000000    0.00000000    0.00000000    0.00000000    0.00000000    0.00000000    0.00000000    0.00000000    0.00000000 
max(|FNEB|)      :   0.00000000    0.00216712    0.00274138    0.00461791    0.00086672    0.00026974    0.00026096    0.00380305    0.00300173    0.00000000 
max(|Force|)     :   0.00173011    0.00200113    0.00113941    0.01566715    0.00777473    0.00026851    0.00289031    0.00932428    0.01897292    0.00133386 
ksp              :   0.01000000    0.01000000    0.01271139    0.09650210    0.10000000    0.10000000    0.09869928    0.07250246    0.01066821 
max(|step|)      :   0.00000000    0.00256613    0.00324613    0.00546817    0.00102630    0.00031941    0.00030901    0.00450328    0.00355442    0.00000000 
angle (deg.)     :    50.4193  83.6335  69.3275  50.9602  142.6285  103.2203  10.0844  59.4669 
>
iteration       : 257
climbing        : yes
zoom on         : no
nim             : 10
barrier         :   0.01195505 (image:  5) 
distance        :   0.00000000    4.68309124    9.66549292   14.07363228   14.63282481   15.55316839   16.07885056   16.43179771   16.85072655   19.25336021 
energy          : -1076.31736593  -1076.32904495  -1076.33456264  -1076.31724504  -1076.30587507  -1076.30541087  -1076.30558551  -1076.30907973  -1076.31736903  -1076.34881019 
max(|Fr_perp|)   :   0.00000000    0.00122015    0.00092559    0.00287926    0.00722293    0.00022429    0.00275718    0.00355125    0.00378768    0.00000000 
Fr_paral         :   0.00000000    0.00210646    0.00000719   -0.02395035   -0.00276179    0.00008519    0.00060115    0.01542259    0.03009068    0.00000000 
max(|Fsp_paral|) :   0.00000000    0.00127508    0.00061100    0.00315927    0.00777835    0.01763082    0.00292602    0.00206770    0.00331258    0.00000000 
max(|Fsp_perp|)  :   0.00000000    0.00000000    0.00000000    0.00000000    0.00000000    0.00000000    0.00000000    0.00000000    0.00000000    0.00000000 
max(|FNEB|)      :   0.00000000    0.00184937    0.00138374    0.00294030    0.00085834    0.00022489    0.00022054    0.00358836    0.00232315    0.00000000 
max(|Force|)     :   0.00173011    0.00166150    0.00092440    0.01531531    0.00769644    0.00022368    0.00285634    0.00924192    0.01943013    0.00133386 
ksp              :   0.01000000    0.01000000    0.01091003    0.09650542    0.10000000    0.10000000    0.09868532    0.07238011    0.01000000 
max(|step|)      :   0.00000000    0.00112492    0.00068774    0.00143463    0.00042286    0.00013715    0.00013419    0.00175512    0.00115026    0.00000000 
angle (deg.)     :    50.4377  83.6395  69.4434  50.9242  142.6222  103.1921  10.0398  59.4599 
>
iteration       : 258
climbing        : yes
zoom on         : no
nim             : 10
barrier         :   0.01195453 (image:  5) 
distance        :   0.00000000    4.68499211    9.66632583   14.07645207   14.63497568   15.55548010   16.08133332   16.43447144   16.85353243   19.25576655 
energy          : -1076.31736593  -1076.32905165  -1076.33456804  -1076.31724827  -1076.30587827  -1076.30541140  -1076.30558702  -1076.30910006  -1076.31739399  -1076.34881019 
max(|Fr_perp|)   :   0.00000000    0.00086506    0.00087099    0.00270476    0.00724195    0.00022233    0.00275767    0.00225281    0.00366062    0.00000000 
Fr_paral         :   0.00000000    0.00198707   -0.00000988   -0.02397927   -0.00276594    0.00008598    0.00060409    0.01550860    0.03014936    0.00000000 
max(|Fsp_paral|) :   0.00000000    0.00126262    0.00063760    0.00316821    0.00779773    0.01762739    0.00292704    0.00209988    0.00328887    0.00000000 
max(|Fsp_perp|)  :   0.00000000    0.00000000    0.00000000    0.00000000    0.00000000    0.00000000    0.00000000    0.00000000    0.00000000    0.00000000 
max(|FNEB|)      :   0.00000000    0.00177042    0.00143604    0.00142906    0.00024433    0.00022294    0.00021793    0.00083032    0.00080378    0.00000000 
max(|Force|)     :   0.00173011    0.00135360    0.00087264    0.01530629    0.00771609    0.00022172    0.00285736    0.00924721    0.01931481    0.00133386 
ksp              :   0.01000000    0.01000000    0.01088579    0.09648515    0.10000000    0.10000000    0.09867783    0.07222980    0.01000000 
max(|step|)      :   0.00000000    0.00411671    0.00231650    0.00283179    0.00052472    0.00048324    0.00047110    0.00186759    0.00210537    0.00000000 
angle (deg.)     :    50.5015  83.6550  69.8666  50.8305  142.6026  103.1029  10.1368  59.4296 
>
iteration       : 259
climbing        : yes
zoom on         : no
nim             : 10
barrier         :   0.01195276 (image:  5) 
distance        :   0.00000000    4.69177105    9.66928081   14.08573028   14.64262573   15.56368627   16.09015361   16.44391440   16.86385309   19.26455506 
energy          : -1076.31736593  -1076.32907157  -1076.33458568  -1076.31724053  -1076.30588447  -1076.30541317  -1076.30559221  -1076.30911761  -1076.31745527  -1076.34881019 
max(|Fr_perp|)   :   0.00000000    0.00089198    0.00087415    0.00244166    0.00727858    0.00023792    0.00275312    0.00234880    0.00348728    0.00000000 
Fr_paral         :   0.00000000    0.00186677   -0.00001806   -0.02395441   -0.00276969    0.00009030    0.00061416    0.01552867    0.03024777    0.00000000 
max(|Fsp_paral|) :   0.00000000    0.00121819    0.00050966    0.00291001    0.00784500    0.01772992    0.00293190    0.00211888    0.00330724    0.00000000 
max(|Fsp_perp|)  :   0.00000000    0.00000000    0.00000000    0.00000000    0.00000000    0.00000000    0.00000000    0.00000000    0.00000000    0.00000000 
max(|FNEB|)      :   0.00000000    0.00179207    0.00138892    0.00162853    0.00040188    0.00023856    0.00023304    0.00200411    0.00140215    0.00000000 
max(|Force|)     :   0.00173011    0.00136887    0.00088053    0.01526938    0.00775306    0.00023729    0.00285458    0.00927904    0.01921034    0.00133386 
ksp              :   0.01000000    0.01000000    0.01094415    0.09645121    0.10000000    0.10000000    0.09865187    0.07210689    0.01000000 
max(|step|)      :   0.00000000    0.00904209    0.00483838    0.00575095    0.00108671    0.00109601    0.00106982    0.00235194    0.00320631    0.00000000 
angle (deg.)     :    50.6401  83.6871  70.7909  50.6959  142.5644  102.9035  10.3960  59.3739 
>
iteration       : 260
climbing        : yes
zoom on         : no
nim             : 10
barrier         :   0.01194915 (image:  5) 
distance        :   0.00000000    4.70655973    9.67591584   14.10539849   14.65980426   15.58205030   16.10987681   16.46506547   16.88688559   19.28433951 
energy          : -1076.31736593  -1076.32911000  -1076.33461950  -1076.31722166  -1076.30589536  -1076.30541677  -1076.30560328  -1076.30915276  -1076.31757355  -1076.34881019 
max(|Fr_perp|)   :   0.00000000    0.00160533    0.00096012    0.00310545    0.00733888    0.00027140    0.00274003    0.00370664    0.00333724    0.00000000 
Fr_paral         :   0.00000000    0.00180180   -0.00003374   -0.02383261   -0.00277207    0.00010025    0.00063596    0.01556009    0.03037176    0.00000000 
max(|Fsp_paral|) :   0.00000000    0.00112191    0.00020796    0.00236469    0.00792106    0.01799410    0.00294175    0.00216117    0.00334598    0.00000000 
max(|Fsp_perp|)  :   0.00000000    0.00000000    0.00000000    0.00000000    0.00000000    0.00000000    0.00000000    0.00000000    0.00000000    0.00000000 
max(|FNEB|)      :   0.00000000    0.00196108    0.00117382    0.00309684    0.00081123    0.00027208    0.00026669    0.00372832    0.00259552    0.00000000 
max(|Force|)     :   0.00173011    0.00184780    0.00097209    0.01517739    0.00781305    0.00027071    0.00284536    0.00934385    0.01919244    0.00133386 
ksp              :   0.01000000    0.01000000    0.01108657    0.09639531    0.10000000    0.10000000    0.09859526    0.07186086    0.01000000 
max(|step|)      :   0.00000000    0.01744172    0.00979207    0.00940951    0.00235121    0.00236748    0.00231686    0.00395670    0.00598079    0.00000000 
angle (deg.)     :    50.9170  83.7459  72.4977  50.6463  142.5058  102.5133  10.6533  59.2785 
>
iteration       : 261
climbing        : yes
zoom on         : no
nim             : 10
barrier         :   0.01194292 (image:  5) 
distance        :   0.00000000    4.73540750    9.68955386   14.14208388   14.69448971   15.61894109   16.14952224   16.50750307   16.93254189   19.32411168 
energy          : -1076.31736593  -1076.32918326  -1076.33467376  -1076.31720605  -1076.30591150  -1076.30542301  -1076.30562430  -1076.30924024  -1076.31780740  -1076.34881019 
max(|Fr_perp|)   :   0.00000000    0.00164933    0.00088067    0.00334706    0.00740586    0.00027689    0.00271713    0.00397071    0.00337958    0.00000000 
Fr_paral         :   0.00000000    0.00173338    0.00000696   -0.02359253   -0.00276420    0.00011862    0.00067891    0.01573934    0.03060395    0.00000000 
max(|Fsp_paral|) :   0.00000000    0.00093619    0.00012447    0.00183299    0.00799346    0.01854644    0.00296276    0.00229016    0.00336321    0.00000000 
max(|Fsp_perp|)  :   0.00000000    0.00000000    0.00000000    0.00000000    0.00000000    0.00000000    0.00000000    0.00000000    0.00000000    0.00000000 
max(|FNEB|)      :   0.00000000    0.00194675    0.00076237    0.00335052    0.00089278    0.00027764    0.00027330    0.00399843    0.00206110    0.00000000 
max(|Force|)     :   0.00173011    0.00188338    0.00087818    0.01496596    0.00787706    0.00027614    0.00283012    0.00946287    0.01933019    0.00133386 
ksp              :   0.01000000    0.01000000    0.01120483    0.09631878    0.10000000    0.10000000    0.09848307    0.07123392    0.01000000 
max(|step|)      :   0.00000000    0.03999231    0.02227601    0.01708945    0.00627952    0.00632403    0.00621301    0.00652459    0.01171535    0.00000000 
angle (deg.)     :    51.5705  83.8787  75.2237  51.2682  142.4557  101.9153  11.0068  59.2948 
>
iteration       : 262
climbing        : yes
zoom on         : no
nim             : 10
barrier         :   0.01193197 (image:  5) 
distance        :   0.00000000    4.80272753    9.72597420   14.21608886   14.77393523   15.70287769   16.24064845   16.60136632   17.03726235   19.41771079 
energy          : -1076.31736593  -1076.32932205  -1076.33473470  -1076.31726204  -1076.30591291  -1076.30543395  -1076.30567153  -1076.30938196  -1076.31809015  -1076.34881019 
max(|Fr_perp|)   :   0.00000000    0.00245173    0.00296037    0.00258579    0.00715014    0.00023232    0.00267293    0.00280244    0.02214408    0.00000000 
Fr_paral         :   0.00000000    0.00085926   -0.00024227   -0.02322902   -0.00265281    0.00014253    0.00078566    0.01603538    0.02975907    0.00000000 
max(|Fsp_paral|) :   0.00000000    0.00051862    0.00029363    0.00299141    0.00783984    0.01997772    0.00309604    0.00222983    0.00360874    0.00000000 
max(|Fsp_perp|)  :   0.00000000    0.00000000    0.00000000    0.00000000    0.00000000    0.00000000    0.00000000    0.00000000    0.00000000    0.00000000 
max(|FNEB|)      :   0.00000000    0.00257128    0.00303644    0.00264770    0.00107574    0.00023297    0.00036199    0.00245460    0.02228021    0.00000000 
max(|Force|)     :   0.00173011    0.00252198    0.00298281    0.01501748    0.00759665    0.00023166    0.00280547    0.00976064    0.02093524    0.00133386 
ksp              :   0.01000000    0.01000000    0.01078360    0.09638738    0.10000000    0.10000000    0.09820799    0.07022111    0.01000000 
max(|step|)      :   0.00000000    0.00422300    0.00245972    0.00298433    0.00083884    0.00051748    0.00050533    0.00154069    0.01152254    0.00000000 
angle (deg.)     :    51.6391  83.8893  75.7457  51.2973  142.4373  101.7670  10.6130  59.1930 
>
iteration       : 263
climbing        : yes
zoom on         : no
nim             : 10
barrier         :   0.01193110 (image:  5) 
distance        :   0.00000000    4.80943947    9.72823211   14.22526491   14.78279822   15.71230398   16.25063618   16.61272157   17.04851465   19.42716112 
energy          : -1076.31736593  -1076.32934150  -1076.33475034  -1076.31725134  -1076.30592168  -1076.30543482  -1076.30567530  -1076.30942280  -1076.31845968  -1076.34881019 
max(|Fr_perp|)   :   0.00000000    0.00097028    0.00059212    0.00179373    0.00727542    0.00023243    0.00267017    0.00260518    0.00374034    0.00000000 
Fr_paral         :   0.00000000    0.00133422    0.00008185   -0.02318741   -0.00266402    0.00014323    0.00079461    0.01616436    0.03134932    0.00000000 
max(|Fsp_paral|) :   0.00000000    0.00047087    0.00011960    0.00271654    0.00786824    0.01993480    0.00308548    0.00235490    0.00354781    0.00000000 
max(|Fsp_perp|)  :   0.00000000    0.00000000    0.00000000    0.00000000    0.00000000    0.00000000    0.00000000    0.00000000    0.00000000    0.00000000 
max(|FNEB|)      :   0.00000000    0.00109835    0.00059848    0.00129530    0.00041055    0.00023310    0.00023632    0.00176099    0.00244182    0.00000000 
max(|Force|)     :   0.00173011    0.00112911    0.00059555    0.01478562    0.00772339    0.00023175    0.00280428    0.00971094    0.01986396    0.00133386 
ksp              :   0.01000000    0.01000000    0.01086437    0.09632747    0.10000000    0.10000000    0.09818603    0.06991744    0.01000000 
max(|step|)      :   0.00000000    0.00400514    0.00211536    0.00306002    0.00052698    0.00045506    0.00052273    0.00134678    0.00173089    0.00000000 
angle (deg.)     :    51.5683  83.8724  75.1279  51.2050  142.4620  101.8604  10.4761  59.2262 
>
iteration       : 264
climbing        : yes
zoom on         : no
nim             : 10
barrier         :   0.01193187 (image:  5) 
distance        :   0.00000000    4.80272627    9.72454744   14.21503022   14.77138797   15.70032970   16.23805721   16.59941184   17.03418761   19.41453056 
energy          : -1076.31736593  -1076.32933082  -1076.33474791  -1076.31724494  -1076.30591711  -1076.30543406  -1076.30567080  -1076.30940499  -1076.31839928  -1076.34881019 
max(|Fr_perp|)   :   0.00000000    0.00041939    0.00032994    0.00197741    0.00729117    0.00023023    0.00267942    0.00249536    0.00375917    0.00000000 
Fr_paral         :   0.00000000    0.00162670    0.00014794   -0.02340783   -0.00265954    0.00013794    0.00078463    0.01614517    0.03130414    0.00000000 
max(|Fsp_paral|) :   0.00000000    0.00051255    0.00007780    0.00257624    0.00787636    0.01988749    0.00308215    0.00233279    0.00352991    0.00000000 
max(|Fsp_perp|)  :   0.00000000    0.00000000    0.00000000    0.00000000    0.00000000    0.00000000    0.00000000    0.00000000    0.00000000    0.00000000 
max(|FNEB|)      :   0.00000000    0.00066619    0.00041235    0.00079725    0.00022937    0.00023089    0.00023276    0.00060558    0.00050459    0.00000000 
max(|Force|)     :   0.00173011    0.00085346    0.00031050    0.01483427    0.00773833    0.00022957    0.00281170    0.00966947    0.01990604    0.00133386 
ksp              :   0.01000000    0.01000000    0.01091260    0.09635646    0.10000000    0.10000000    0.09821435    0.07004794    0.01000000 
max(|step|)      :   0.00000000    0.00093459    0.00065124    0.00227473    0.00042115    0.00042309    0.00042936    0.00074862    0.00101769    0.00000000 
angle (deg.)     :    51.5810  83.8751  74.7119  51.2094  142.4939  101.8813  10.3984  59.2876 
>
iteration       : 265
climbing        : yes
zoom on         : no
nim             : 10
barrier         :   0.01193149 (image:  5) 
distance        :   0.00000000    4.80449651    9.72573228   14.21353230   14.76932510   15.69820876   16.23626014   16.59720545   17.03221499   19.41317564 
energy          : -1076.31736593  -1076.32933412  -1076.33474916  -1076.31722708  -1076.30591024  -1076.30543443  -1076.30567135  -1076.30939881  -1076.31839869  -1076.34881019 
max(|Fr_perp|)   :   0.00000000    0.00040752    0.00027362    0.00228602    0.00729105    0.00022746    0.00268154    0.00243609    0.00377395    0.00000000 
Fr_paral         :   0.00000000    0.00162904    0.00016106   -0.02359953   -0.00263382    0.00013230    0.00078773    0.01613648    0.03129901    0.00000000 
max(|Fsp_paral|) :   0.00000000    0.00050245    0.00013217    0.00223713    0.00785930    0.01996160    0.00309606    0.00229824    0.00354810    0.00000000 
max(|Fsp_perp|)  :   0.00000000    0.00000000    0.00000000    0.00000000    0.00000000    0.00000000    0.00000000    0.00000000    0.00000000    0.00000000 
max(|FNEB|)      :   0.00000000    0.00065021    0.00035565    0.00075629    0.00022693    0.00022806    0.00022936    0.00044743    0.00077831    0.00000000 
max(|Force|)     :   0.00173011    0.00084866    0.00031181    0.01491868    0.00773268    0.00022687    0.00281441    0.00966649    0.01996704    0.00133386 
ksp              :   0.01000000    0.01000000    0.01104735    0.09641096    0.10000000    0.10000000    0.09821293    0.07009646    0.01000000 
max(|step|)      :   0.00000000    0.00707254    0.00338135    0.00310277    0.00164110    0.00165372    0.00164419    0.00154261    0.00192570    0.00000000 
angle (deg.)     :    51.6875  83.8889  74.2097  51.3516  142.5642  101.8192  10.3333  59.4256 
>
iteration       : 266
climbing        : yes
zoom on         : no
nim             : 10
barrier         :   0.01192958 (image:  5) 
distance        :   0.00000000    4.81664136    9.73324900   14.21881635   14.77527773   15.70458436   16.24415632   16.60499195   17.04130366   19.42230102 
energy          : -1076.31736593  -1076.32935576  -1076.33475585  -1076.31721381  -1076.30589642  -1076.30543635  -1076.30567707  -1076.30940537  -1076.31845862  -1076.34881019 
max(|Fr_perp|)   :   0.00000000    0.00067348    0.00031119    0.00264902    0.00725919    0.00022558    0.00270664    0.00237944    0.00377031    0.00000000 
Fr_paral         :   0.00000000    0.00170831    0.00018872   -0.02380909   -0.00256410    0.00011933    0.00080205    0.01615076    0.03136146    0.00000000 
max(|Fsp_paral|) :   0.00000000    0.00043064    0.00030264    0.00206723    0.00778429    0.02014179    0.00313261    0.00225919    0.00359310    0.00000000 
max(|Fsp_perp|)  :   0.00000000    0.00000000    0.00000000    0.00000000    0.00000000    0.00000000    0.00000000    0.00000000    0.00000000    0.00000000 
max(|FNEB|)      :   0.00000000    0.00064203    0.00047338    0.00128480    0.00058701    0.00022602    0.00022722    0.00159810    0.00087263    0.00000000 
max(|Force|)     :   0.00173011    0.00078142    0.00032497    0.01504595    0.00768579    0.00022514    0.00284224    0.00968776    0.02004333    0.00133386 
ksp              :   0.01000000    0.01000000    0.01114763    0.09652910    0.10000000    0.10000000    0.09818395    0.07005663    0.01000000 
max(|step|)      :   0.00000000    0.01296103    0.00523126    0.00601288    0.00329630    0.00332080    0.00330928    0.00300158    0.00370251    0.00000000 
angle (deg.)     :    51.8863  83.9046  73.1846  51.6588  142.7238  101.6665  10.2712  59.7082 
>
iteration       : 267
climbing        : yes
zoom on         : no
nim             : 10
barrier         :   0.01192584 (image:  5) 
distance        :   0.00000000    4.83925564    9.74851478   14.22729792   14.78577748   15.71581836   16.25814054   16.61934687   17.05708610   19.43864399 
energy          : -1076.31736593  -1076.32939514  -1076.33476611  -1076.31720362  -1076.30587016  -1076.30544008  -1076.30568550  -1076.30942582  -1076.31854539  -1076.34881019 
max(|Fr_perp|)   :   0.00000000    0.00038802    0.00030636    0.00291651    0.00717117    0.00021923    0.00265882    0.00232379    0.00366973    0.00000000 
Fr_paral         :   0.00000000    0.00144629    0.00019621   -0.02408249   -0.00243894    0.00008711    0.00082192    0.01620101    0.03146517    0.00000000 
max(|Fsp_paral|) :   0.00000000    0.00030203    0.00042735    0.00208374    0.00762719    0.02023035    0.00318950    0.00226036    0.00362219    0.00000000 
max(|Fsp_perp|)  :   0.00000000    0.00000000    0.00000000    0.00000000    0.00000000    0.00000000    0.00000000    0.00000000    0.00000000    0.00000000 
max(|FNEB|)      :   0.00000000    0.00045127    0.00048286    0.00214376    0.00056896    0.00021941    0.00030180    0.00233014    0.00182427    0.00000000 
max(|Force|)     :   0.00173011    0.00072525    0.00029663    0.01526694    0.00757064    0.00021905    0.00279840    0.00974663    0.02007473    0.00133386 
ksp              :   0.01000000    0.01000000    0.01122487    0.09675437    0.10000000    0.10000000    0.09814791    0.06992106    0.01000000 
max(|step|)      :   0.00000000    0.03526238    0.01400287    0.00928610    0.00829905    0.00836777    0.00831046    0.00781361    0.00894693    0.00000000 
angle (deg.)     :    52.4292  83.9599  71.6956  52.4176  143.0766  101.1801  10.2908  60.2990 
>
iteration       : 268
climbing        : yes
zoom on         : no
nim             : 10
barrier         :   0.01191649 (image:  5) 
distance        :   0.00000000    4.89983237    9.78874472   14.26063738   14.82392913   15.75657334   16.30584833   16.66940919   17.11134594   19.49201838 
energy          : -1076.31736593  -1076.32948231  -1076.33477219  -1076.31717065  -1076.30580472  -1076.30544943  -1076.30570638  -1076.30951361  -1076.31882945  -1076.34881019 
max(|Fr_perp|)   :   0.00000000    0.00152909    0.00045688    0.00305097    0.00708025    0.00023237    0.00277308    0.00234795    0.00356177    0.00000000 
Fr_paral         :   0.00000000    0.00158973    0.00031407   -0.02449636   -0.00213940    0.00000767    0.00086802    0.01645747    0.03170590    0.00000000 
max(|Fsp_paral|) :   0.00000000    0.00004732    0.00088136    0.00192129    0.00729485    0.01896668    0.00330020    0.00236450    0.00365552    0.00000000 
max(|Fsp_perp|)  :   0.00000000    0.00000000    0.00000000    0.00000000    0.00000000    0.00000000    0.00000000    0.00000000    0.00000000    0.00000000 
max(|FNEB|)      :   0.00000000    0.00154226    0.00118266    0.00112840    0.00349190    0.00023235    0.00121920    0.00226569    0.00246519    0.00000000 
max(|Force|)     :   0.00173011    0.00149414    0.00044861    0.01562473    0.00741803    0.00023239    0.00292169    0.00988424    0.02013176    0.00133386 
ksp              :   0.01000000    0.01000000    0.01147480    0.09731663    0.10000000    0.10000000    0.09805938    0.06930505    0.01000000 
max(|step|)      :   0.00000000    0.00284035    0.00227171    0.00263673    0.00243848    0.00050471    0.00082351    0.00096850    0.00180107    0.00000000 
angle (deg.)     :    52.3782  83.9434  72.0801  52.2732  143.0547  101.2000  10.2604  60.1611 
>
iteration       : 269
climbing        : yes
zoom on         : no
nim             : 10
barrier         :   0.01191693 (image:  5) 
distance        :   0.00000000    4.89499948    9.78643489   14.25942204   14.82143218   15.75409836   16.30264493   16.66665674   17.10777123   19.48777115 
energy          : -1076.31736593  -1076.32947775  -1076.33477428  -1076.31717983  -1076.30583294  -1076.30544900  -1076.30570359  -1076.30951952  -1076.31881442  -1076.34881019 
max(|Fr_perp|)   :   0.00000000    0.00109261    0.00036634    0.00267737    0.00713431    0.00023554    0.00274430    0.00229283    0.00347562    0.00000000 
Fr_paral         :   0.00000000    0.00163747    0.00025397   -0.02435097   -0.00221967    0.00001217    0.00085976    0.01647053    0.03175978    0.00000000 
max(|Fsp_paral|) :   0.00000000    0.00001544    0.00076399    0.00195656    0.00737974    0.01961435    0.00327187    0.00242099    0.00361358    0.00000000 
max(|Fsp_perp|)  :   0.00000000    0.00000000    0.00000000    0.00000000    0.00000000    0.00000000    0.00000000    0.00000000    0.00000000    0.00000000 
max(|FNEB|)      :   0.00000000    0.00109269    0.00093586    0.00093013    0.00042779    0.00023553    0.00023713    0.00081737    0.00114605    0.00000000 
max(|Force|)     :   0.00173011    0.00113572    0.00028662    0.01547634    0.00748647    0.00023554    0.00289116    0.00988140    0.02010571    0.00133386 
ksp              :   0.01000000    0.01000000    0.01140542    0.09710041    0.10000000    0.10000000    0.09807729    0.06925831    0.01000000 
max(|step|)      :   0.00000000    0.00601721    0.00416794    0.00169758    0.00091975    0.00092698    0.00091370    0.00088910    0.00184394    0.00000000 
angle (deg.)     :    52.2785  83.9103  72.2213  52.1296  143.0455  101.2799  10.2796  60.0366 
>
iteration       : 270
climbing        : yes
zoom on         : no
nim             : 10
barrier         :   0.01191781 (image:  5) 
distance        :   0.00000000    4.88501870    9.78166722   14.25172781   14.81276652   15.74508992   16.29237367   16.65648333   17.09618278   19.47642667 
energy          : -1076.31736593  -1076.32946623  -1076.33477737  -1076.31719125  -1076.30584242  -1076.30544812  -1076.30569570  -1076.30950663  -1076.31874715  -1076.34881019 
max(|Fr_perp|)   :   0.00000000    0.00033491    0.00025050    0.00230068    0.00713789    0.00023347    0.00271105    0.00233592    0.00345549    0.00000000 
Fr_paral         :   0.00000000    0.00151208    0.00021291   -0.02422110   -0.00226599    0.00001981    0.00083538    0.01644459    0.03170972    0.00000000 
max(|Fsp_paral|) :   0.00000000    0.00005034    0.00059213    0.00211525    0.00744260    0.01991500    0.00323529    0.00245674    0.00357619    0.00000000 
max(|Fsp_perp|)  :   0.00000000    0.00000000    0.00000000    0.00000000    0.00000000    0.00000000    0.00000000    0.00000000    0.00000000    0.00000000 
max(|FNEB|)      :   0.00000000    0.00033827    0.00059953    0.00029252    0.00066745    0.00023348    0.00023477    0.00024927    0.00051893    0.00000000 
max(|Force|)     :   0.00173011    0.00058187    0.00026464    0.01535516    0.00749947    0.00023347    0.00285331    0.00984987    0.02004466    0.00133386 
ksp              :   0.01000000    0.01000000    0.01131912    0.09702235    0.10000000    0.10000000    0.09813030    0.06935125    0.01000000 
max(|step|)      :   0.00000000    0.00458562    0.00340859    0.00194551    0.00194022    0.00195830    0.00195435    0.00196124    0.00160998    0.00000000 
angle (deg.)     :    52.3465  83.8832  72.1828  52.1594  143.1490  101.2462  10.3118  60.0104 
>
iteration       : 271
climbing        : yes
zoom on         : no
nim             : 10
barrier         :   0.01191556 (image:  5) 
distance        :   0.00000000    4.89366621    9.79048260   14.25633319   14.81712137   15.75015774   16.29818950   16.66321201   17.10326814   19.48268310 
energy          : -1076.31736593  -1076.32947854  -1076.33478024  -1076.31718241  -1076.30584386  -1076.30545036  -1076.30569281  -1076.30951539  -1076.31877713  -1076.34881019 
max(|Fr_perp|)   :   0.00000000    0.00074115    0.00023384    0.00198687    0.00708240    0.00023786    0.00266060    0.00236419    0.00342405    0.00000000 
Fr_paral         :   0.00000000    0.00121334    0.00021069   -0.02415006   -0.00225380    0.00000305    0.00082069    0.01647024    0.03175295    0.00000000 
max(|Fsp_paral|) :   0.00000000    0.00001364    0.00068344    0.00196671    0.00744631    0.01997062    0.00322399    0.00250512    0.00357844    0.00000000 
max(|Fsp_perp|)  :   0.00000000    0.00000000    0.00000000    0.00000000    0.00000000    0.00000000    0.00000000    0.00000000    0.00000000    0.00000000 
max(|FNEB|)      :   0.00000000    0.00073238    0.00064761    0.00078836    0.00066820    0.00023786    0.00029547    0.00103006    0.00056544    0.00000000 
max(|Force|)     :   0.00173011    0.00078008    0.00026534    0.01529291    0.00744086    0.00023785    0.00280009    0.00984870    0.02003463    0.00133386 
ksp              :   0.01000000    0.01000000    0.01138610    0.09702788    0.10000000    0.10000000    0.09816876    0.06929625    0.01000000 
max(|step|)      :   0.00000000    0.03678695    0.02329338    0.01371166    0.01375688    0.01388098    0.01383989    0.01374156    0.01216343    0.00000000 
angle (deg.)     :    52.8917  83.7396  71.5796  52.6312  143.8453  100.9818  10.6357  60.0495 
>
iteration       : 272
climbing        : yes
zoom on         : no
nim             : 10
barrier         :   0.01189973 (image:  5) 
distance        :   0.00000000    4.96126170    9.85446321   14.29233580   14.85475490   15.79280572   16.34724915   16.71772189   17.16213923   19.53669238 
energy          : -1076.31736593  -1076.32954912  -1076.33478292  -1076.31711753  -1076.30583497  -1076.30546620  -1076.30568228  -1076.30956796  -1076.31902559  -1076.34881019 
max(|Fr_perp|)   :   0.00000000    0.00392957    0.00067414    0.00369087    0.00682673    0.00025801    0.00254636    0.00417640    0.00329113    0.00000000 
Fr_paral         :   0.00000000    0.00010818    0.00019425   -0.02373303   -0.00210119   -0.00011141    0.00074128    0.01658759    0.03202312    0.00000000 
max(|Fsp_paral|) :   0.00000000    0.00029572    0.00138362    0.00108176    0.00734313    0.01993419    0.00319555    0.00272104    0.00367998    0.00000000 
max(|Fsp_perp|)  :   0.00000000    0.00000000    0.00000000    0.00000000    0.00000000    0.00000000    0.00000000    0.00000000    0.00000000    0.00000000 
max(|FNEB|)      :   0.00000000    0.00394378    0.00127483    0.00371333    0.00119738    0.00025784    0.00031848    0.00422075    0.00245990    0.00000000 
max(|Force|)     :   0.00173011    0.00392721    0.00064777    0.01501531    0.00715094    0.00025818    0.00267101    0.00987275    0.02010282    0.00133386 
ksp              :   0.01000000    0.01000000    0.01187863    0.09721092    0.10000000    0.10000000    0.09836572    0.06897753    0.01000000 
max(|step|)      :   0.00000000    0.03473817    0.02575059    0.01439656    0.01447420    0.01460075    0.01457505    0.01444000    0.01276925    0.00000000 
angle (deg.)     :    53.3961  83.5519  70.8079  53.1899  144.5962  100.8607  11.0843  60.0904 
>
iteration       : 273
climbing        : yes
zoom on         : no
nim             : 10
barrier         :   0.01188310 (image:  5) 
distance        :   0.00000000    5.02618283    9.92170421   14.32196928   14.88844123   15.83165183   16.39218978   16.76769380   17.21692798   19.58762650 
energy          : -1076.31736593  -1076.32959957  -1076.33477103  -1076.31707753  -1076.30582724  -1076.30548283  -1076.30566471  -1076.30959352  -1076.31922349  -1076.34881019 
max(|Fr_perp|)   :   0.00000000    0.00543477    0.00101409    0.00536009    0.00671735    0.00027101    0.00260386    0.00584742    0.00388593    0.00000000 
Fr_paral         :   0.00000000   -0.00054713    0.00017109   -0.02316749   -0.00195770   -0.00022481    0.00063782    0.01664657    0.03217765    0.00000000 
max(|Fsp_paral|) :   0.00000000    0.00056943    0.00171205    0.00085857    0.00720798    0.01957221    0.00315206    0.00286967    0.00383623    0.00000000 
max(|Fsp_perp|)  :   0.00000000    0.00000000    0.00000000    0.00000000    0.00000000    0.00000000    0.00000000    0.00000000    0.00000000    0.00000000 
max(|FNEB|)      :   0.00000000    0.00546223    0.00180646    0.00538983    0.00188774    0.00027025    0.00050076    0.00591929    0.00379731    0.00000000 
max(|Force|)     :   0.00173011    0.00544648    0.00100891    0.01467148    0.00707777    0.00027177    0.00266741    0.00989236    0.02023432    0.00133386 
ksp              :   0.01000000    0.01000000    0.01218428    0.09739152    0.10000000    0.10000000    0.09862245    0.06886652    0.01000000 
max(|step|)      :   0.00000000    0.04599501    0.04384004    0.02303652    0.02314597    0.02333802    0.02332442    0.02319244    0.02029811    0.00000000 
angle (deg.)     :    54.0383  83.1733  69.7197  53.9999  145.7932  100.9944  11.9231  60.0447 
>
iteration       : 274
climbing        : yes
zoom on         : no
nim             : 10
barrier         :   0.01185640 (image:  5) 
distance        :   0.00000000    5.11565094   10.02816939   14.35515415   14.92995659   15.88125204   16.44969936   16.83214559   17.28914357   19.65565729 
energy          : -1076.31736593  -1076.32966292  -1076.33474414  -1076.31710728  -1076.30583664  -1076.30550953  -1076.30562326  -1076.30959596  -1076.31941886  -1076.34881019 
max(|Fr_perp|)   :   0.00000000    0.00570032    0.00131429    0.00589192    0.00668040    0.00028202    0.00268603    0.00627506    0.00499943    0.00000000 
Fr_paral         :   0.00000000   -0.00089296    0.00011079   -0.02229999   -0.00181474   -0.00030420    0.00042560    0.01667842    0.03221926    0.00000000 
max(|Fsp_paral|) :   0.00000000    0.00088804    0.00097593    0.00235637    0.00703977    0.01522128    0.00303330    0.00300452    0.00414003    0.00000000 
max(|Fsp_perp|)  :   0.00000000    0.00000000    0.00000000    0.00000000    0.00000000    0.00000000    0.00000000    0.00000000    0.00000000    0.00000000 
max(|FNEB|)      :   0.00000000    0.00574187    0.00178807    0.00590270    0.00222127    0.00027939    0.00074175    0.00637480    0.00494684    0.00000000 
max(|Force|)     :   0.00173011    0.00571880    0.00133411    0.01411834    0.00700733    0.00028465    0.00272560    0.00996568    0.02048138    0.00133386 
ksp              :   0.01000000    0.01000000    0.01196336    0.09751695    0.10000000    0.10000000    0.09913671    0.06898058    0.01000000 
max(|step|)      :   0.00000000    0.00813699    0.01550154    0.00949744    0.00814940    0.00817347    0.00816936    0.00856084    0.00775493    0.00000000 
angle (deg.)     :    54.0185  83.0087  70.2508  53.2678  145.9159  101.4199  11.8524  59.6107 
>
iteration       : 275
climbing        : yes
zoom on         : no
nim             : 10
barrier         :   0.01187375 (image:  6) 
distance        :   0.00000000    5.12661816   10.05488438   14.36750572   14.92619875   15.87848328   16.44612412   16.82810467   17.28823933   19.65427363 
energy          : -1076.31736593  -1076.32969839  -1076.33476788  -1076.31697205  -1076.30588428  -1076.30551866  -1076.30549217  -1076.30952216  -1076.31934787  -1076.34881019 
max(|Fr_perp|)   :   0.00000000    0.00327422    0.00138162    0.00576078    0.00692739    0.00026704    0.01005677    0.00347283    0.00528360    0.00000000 
Fr_paral         :   0.00000000   -0.00049884    0.00028125   -0.02341180   -0.00191578   -0.00016097   -0.00002797    0.01677513    0.03217253    0.00000000 
max(|Fsp_paral|) :   0.00000000    0.00086609    0.00249332    0.00099041    0.00740397    0.00610380    0.00299136    0.00292202    0.00438554    0.00000000 
max(|Fsp_perp|)  :   0.00000000    0.00000000    0.00000000    0.00000000    0.00000000    0.00000000    0.00000000    0.00000000    0.00000000    0.00000000 
max(|FNEB|)      :   0.00000000    0.00331431    0.00251452    0.00581273    0.00358587    0.00560152    0.01005659    0.00342849    0.00527752    0.00000000 
max(|Force|)     :   0.00173011    0.00328446    0.00136946    0.01503588    0.00727480    0.00028194    0.01005696    0.00963853    0.02045280    0.00133386 
ksp              :   0.01000000    0.01000000    0.01298547    0.09702792    0.09979923    0.10000000    0.10000000    0.06945374    0.01000000 
max(|step|)      :   0.00000000    0.06466134    0.10000000    0.05119778    0.05086779    0.05118668    0.05115064    0.05201333    0.04664582    0.00000000 
angle (deg.)     :    54.5785  82.1051  70.2580  52.7998  146.9747  102.3907  14.7978  58.6881 
>
iteration       : 276
climbing        : yes
zoom on         : no
nim             : 10
barrier         :   0.01274536 (image:  6) 
distance        :   0.00000000    5.24818833   10.26234022   14.42734321   14.95890163   15.92128529   16.49778407   16.88385439   17.36364497   19.73149174 
energy          : -1076.31736593  -1076.32975107  -1076.33472479  -1076.31646364  -1076.30603834  -1076.30557695  -1076.30462057  -1076.30913554  -1076.31911574  -1076.34881019 
max(|Fr_perp|)   :   0.00000000    0.00408546    0.00336285    0.00596790    0.00750408    0.00064337    0.02975955    0.00482686    0.00790291    0.00000000 
Fr_paral         :   0.00000000    0.00078850    0.00043251   -0.02415627   -0.00198769   -0.00032852   -0.00181521    0.01468517    0.03145256    0.00000000 
max(|Fsp_paral|) :   0.00000000    0.00101964    0.00690673    0.01141773    0.00745379    0.00498920    0.00400348    0.00274419    0.00469765    0.00000000 
max(|Fsp_perp|)  :   0.00000000    0.00000000    0.00000000    0.00000000    0.00000000    0.00000000    0.00000000    0.00000000    0.00000000    0.00000000 
max(|FNEB|)      :   0.00000000    0.00393099    0.00713876    0.01490075    0.00721807    0.00481592    0.03043599    0.00533771    0.00815758    0.00000000 
max(|Force|)     :   0.00173011    0.00430204    0.00343023    0.01668276    0.00786252    0.00067035    0.03052509    0.00873910    0.02064369    0.00133386 
ksp              :   0.01000000    0.01000000    0.01644246    0.08975513    0.09298580    0.10000000    0.10000000    0.06795047    0.01000000 
max(|step|)      :   0.00000000    0.00326591    0.00593096    0.01237970    0.00599685    0.00400111    0.02528654    0.00443462    0.00677740    0.00000000 
angle (deg.)     :    54.5189  82.0208  70.4956  53.7484  146.4122  101.5436  13.0074  58.6684 
>
iteration       : 277
climbing        : yes
zoom on         : no
nim             : 10
barrier         :   0.01191103 (image:  6) 
distance        :   0.00000000    5.24624919   10.26763952   14.41256518   14.96177386   15.92239754   16.50369031   16.88375385   17.36161413   19.73104323 
energy          : -1076.31736593  -1076.32978085  -1076.33474586  -1076.31709869  -1076.30609817  -1076.30558180  -1076.30545490  -1076.30916718  -1076.31915460  -1076.34881019 
max(|Fr_perp|)   :   0.00000000    0.00154722    0.00164343    0.00378120    0.00766328    0.00120247    0.00956638    0.00312325    0.00393537    0.00000000 
Fr_paral         :   0.00000000    0.00072959   -0.00021017   -0.02382118   -0.00201158   -0.00052971    0.00003334    0.01550726    0.03188158    0.00000000 
max(|Fsp_paral|) :   0.00000000    0.00098016    0.00014810    0.00134732    0.00755505    0.00603120    0.00345209    0.00166193    0.00565743    0.00000000 
max(|Fsp_perp|)  :   0.00000000    0.00000000    0.00000000    0.00000000    0.00000000    0.00000000    0.00000000    0.00000000    0.00000000    0.00000000 
max(|FNEB|)      :   0.00000000    0.00175404    0.00162475    0.00238288    0.00211738    0.00587825    0.00956682    0.00319383    0.00388468    0.00000000 
max(|Force|)     :   0.00173011    0.00152282    0.00163417    0.01573252    0.00793718    0.00120991    0.00956594    0.00917957    0.02043410    0.00133386 
ksp              :   0.01000000    0.01000000    0.01201925    0.09513943    0.09904108    0.10000000    0.10000000    0.07194992    0.01000000 
max(|step|)      :   0.00000000    0.00108957    0.00084187    0.00200575    0.00094129    0.00364984    0.00434374    0.00166451    0.00193903    0.00000000 
angle (deg.)     :    54.5033  82.0107  70.5412  54.0994  145.8278  100.6138  12.4959  58.6520 
>
iteration       : 278
climbing        : yes
zoom on         : no
nim             : 10
barrier         :   0.01182474 (image:  6) 
distance        :   0.00000000    5.24483250   10.26693999   14.41117971   14.96151419   15.92051134   16.50464922   16.88188989   17.35665441   19.72792235 
energy          : -1076.31736593  -1076.32978382  -1076.33475341  -1076.31717697  -1076.30610818  -1076.30559046  -1076.30554118  -1076.30918420  -1076.31909969  -1076.34881019 
max(|Fr_perp|)   :   0.00000000    0.00149226    0.00060327    0.00354121    0.00775316    0.00093516    0.00332730    0.00242534    0.00387149    0.00000000 
Fr_paral         :   0.00000000    0.00075202   -0.00009215   -0.02376190   -0.00195210   -0.00061168    0.00029551    0.01569464    0.03192401    0.00000000 
max(|Fsp_paral|) :   0.00000000    0.00097065    0.00105558    0.00291505    0.00744263    0.00634230    0.00360342    0.00156660    0.00561945    0.00000000 
max(|Fsp_perp|)  :   0.00000000    0.00000000    0.00000000    0.00000000    0.00000000    0.00000000    0.00000000    0.00000000    0.00000000    0.00000000 
max(|FNEB|)      :   0.00000000    0.00171407    0.00148846    0.00180200    0.00114525    0.00640651    0.00332956    0.00080426    0.00221919    0.00000000 
max(|Force|)     :   0.00173011    0.00146725    0.00062954    0.01553626    0.00801313    0.00100054    0.00332504    0.00911507    0.02038885    0.00133386 
ksp              :   0.01000000    0.01000000    0.01143820    0.09568452    0.09962495    0.10000000    0.10000000    0.07227239    0.01000000 
max(|step|)      :   0.00000000    0.00579667    0.00258146    0.00790122    0.00345609    0.02068285    0.01090265    0.00341657    0.00724310    0.00000000 
angle (deg.)     :    54.4015  81.9977  70.7653  55.9542  142.6543  95.6701  11.8100  58.7050 
>
iteration       : 279
climbing        : yes
zoom on         : no
nim             : 10
barrier         :   0.01182932 (image:  6) 
distance        :   0.00000000    5.23723487   10.26166820   14.40820252   14.95995027   15.91087585   16.51400440   16.87740483   17.33640597   19.71774906 
energy          : -1076.31736593  -1076.32979126  -1076.33476984  -1076.31740022  -1076.30613103  -1076.30564981  -1076.30553661  -1076.30920341  -1076.31872627  -1076.34881019 
max(|Fr_perp|)   :   0.00000000    0.00132158    0.00247426    0.00324308    0.00818665    0.00288196    0.01233479    0.00530829    0.00587954    0.00000000 
Fr_paral         :   0.00000000    0.00082400    0.00022946   -0.02334383   -0.00148541   -0.00143233    0.00087934    0.01533791    0.03158564    0.00000000 
max(|Fsp_paral|) :   0.00000000    0.00092640    0.00327445    0.00624870    0.00660332    0.00720867    0.00524925    0.00149962    0.00494946    0.00000000 
max(|Fsp_perp|)  :   0.00000000    0.00000000    0.00000000    0.00000000    0.00000000    0.00000000    0.00000000    0.00000000    0.00000000    0.00000000 
max(|FNEB|)      :   0.00000000    0.00160336    0.00328761    0.00421868    0.00293862    0.00832373    0.01234231    0.00542715    0.00590850    0.00000000 
max(|Force|)     :   0.00173011    0.00129498    0.00246411    0.01475391    0.00835924    0.00289455    0.01232727    0.00925825    0.02013394    0.00133386 
ksp              :   0.01000000    0.01000000    0.01000000    0.09547752    0.09913877    0.10000000    0.10000000    0.07210218    0.01000000 
max(|step|)      :   0.00000000    0.01233053    0.00683077    0.01403814    0.00876193    0.04602148    0.01638822    0.00554766    0.01491605    0.00000000 
angle (deg.)     :    54.1682  82.0146  71.3376  60.1045  136.9608  86.4520  13.3625  59.4331 
>
iteration       : 280
climbing        : yes
zoom on         : no
nim             : 10
barrier         :   0.01209416 (image:  6) 
distance        :   0.00000000    5.22108407   10.24908659   14.40639990   14.95775648   15.89664564   16.55998739   16.89560429   17.32534893   19.72821469 
energy          : -1076.31736593  -1076.32979868  -1076.33477539  -1076.31762856  -1076.30618875  -1076.30594554  -1076.30527177  -1076.30921784  -1076.31788879  -1076.34881019 
max(|Fr_perp|)   :   0.00000000    0.00222088    0.00568842    0.00707271    0.00894337    0.00542380    0.02900703    0.01087283    0.01252907    0.00000000 
Fr_paral         :   0.00000000    0.00090672    0.00057889   -0.02189085   -0.00037096   -0.00386465    0.00217055    0.01377474    0.03006268    0.00000000 
max(|Fsp_paral|) :   0.00000000    0.00083859    0.00322608    0.00548140    0.00472325    0.00655899    0.01021468    0.00150170    0.00338827    0.00000000 
max(|Fsp_perp|)  :   0.00000000    0.00000000    0.00000000    0.00000000    0.00000000    0.00000000    0.00000000    0.00000000    0.00000000    0.00000000 
max(|FNEB|)      :   0.00000000    0.00218369    0.00607334    0.00717620    0.00580700    0.00966581    0.02905007    0.01113087    0.01259121    0.00000000 
max(|Force|)     :   0.00173011    0.00223880    0.00566278    0.01331480    0.00897230    0.00552085    0.02896399    0.01005868    0.01956362    0.00133386 
ksp              :   0.01000000    0.01000000    0.01000000    0.09317615    0.09498604    0.10000000    0.10000000    0.07063486    0.01000000 
max(|step|)      :   0.00000000    0.01756462    0.00873585    0.02030448    0.01672268    0.06746794    0.02324696    0.00877575    0.01881951    0.00000000 
angle (deg.)     :    53.8233  82.0462  72.3536  66.0658  131.8656  76.3864  16.9279  61.7862 
>
iteration       : 281
climbing        : yes
zoom on         : no
nim             : 10
barrier         :   0.01188450 (image:  6) 
distance        :   0.00000000    5.19824108   10.23327351   14.40205612   14.95455936   15.88853528   16.66832797   16.96649702   17.36441053   19.79590252 
energy          : -1076.31736593  -1076.32980966  -1076.33479925  -1076.31796803  -1076.30639849  -1076.30682312  -1076.30548143  -1076.30936851  -1076.31686687  -1076.34881019 
max(|Fr_perp|)   :   0.00000000    0.00262849    0.00589541    0.00831726    0.00975551    0.00598313    0.03193846    0.01205941    0.01419467    0.00000000 
Fr_paral         :   0.00000000    0.00096432    0.00058586   -0.01885019    0.00088187   -0.01051133    0.00503902    0.01316071    0.02742575    0.00000000 
max(|Fsp_paral|) :   0.00000000    0.00070645    0.00317791    0.00541826    0.00308222    0.00413470    0.01843808    0.00083927    0.00286702    0.00000000 
max(|Fsp_perp|)  :   0.00000000    0.00000000    0.00000000    0.00000000    0.00000000    0.00000000    0.00000000    0.00000000    0.00000000    0.00000000 
max(|FNEB|)      :   0.00000000    0.00259686    0.00628414    0.00843337    0.00779698    0.00869572    0.03201930    0.01225610    0.01389726    0.00000000 
max(|Force|)     :   0.00173011    0.00264776    0.00586907    0.01112413    0.00972490    0.00930637    0.03185762    0.01101442    0.01879662    0.00133386 
ksp              :   0.01000000    0.01000000    0.01000000    0.09305520    0.09305520    0.10000000    0.10000000    0.07056353    0.01377932 
max(|step|)      :   0.00000000    0.01974619    0.01321389    0.01444380    0.03289809    0.06919259    0.01654881    0.01412440    0.02057586    0.00000000 
angle (deg.)     :    53.4299  82.1693  72.9647  68.8036  127.1698  63.9930  19.3007  64.9468 
>
iteration       : 282
climbing        : yes
zoom on         : no
nim             : 10
barrier         :   0.01147993 (image:  6) 
distance        :   0.00000000    5.17317669   10.20959739   14.40337438   14.92259659   15.85548894   16.74199376   17.01585661   17.42696601   19.85474936 
energy          : -1076.31736593  -1076.32982945  -1076.33481278  -1076.31841650  -1076.30719265  -1076.30843205  -1076.30588599  -1076.30987710  -1076.31764557  -1076.34881019 
max(|Fr_perp|)   :   0.00000000    0.00156771    0.00759627    0.00709582    0.01189261    0.00574293    0.03284604    0.00910312    0.01176140    0.00000000 
Fr_paral         :   0.00000000    0.00109841    0.00086104   -0.01819163    0.00114415   -0.01679216    0.00755379    0.01580327    0.02755585    0.00000000 
max(|Fsp_paral|) :   0.00000000    0.00058959    0.00305836    0.00252803    0.00241606    0.00248676    0.02603893    0.00044293    0.00208586    0.00000000 
max(|Fsp_perp|)  :   0.00000000    0.00000000    0.00000000    0.00000000    0.00000000    0.00000000    0.00000000    0.00000000    0.00000000    0.00000000 
max(|FNEB|)      :   0.00000000    0.00154091    0.00797999    0.00689614    0.01023256    0.00641051    0.03293383    0.00907411    0.01176063    0.00000000 
max(|Force|)     :   0.00173011    0.00159002    0.00755699    0.01117080    0.01181816    0.01335174    0.03275825    0.01097493    0.01898290    0.00133386 
ksp              :   0.01000000    0.01000000    0.01000000    0.08975611    0.08975611    0.10000000    0.10000000    0.06871061    0.01000000 
max(|step|)      :   0.00000000    0.02946156    0.02818864    0.02093114    0.07568061    0.08864317    0.03298404    0.02961330    0.04552408    0.00000000 
angle (deg.)     :    52.8207  82.6221  73.6780  63.7788  117.1509  42.4851  25.6512  67.7407 
>
iteration       : 283
climbing        : yes
zoom on         : no
nim             : 10
barrier         :   0.01074400 (image:  6) 
distance        :   0.00000000    5.13725983   10.16900775   14.42502764   14.85204333   15.77536439   16.73414135   17.01890784   17.45367109   19.85219942 
energy          : -1076.31736593  -1076.32980896  -1076.33484282  -1076.31900050  -1076.30919577  -1076.31100138  -1076.30662192  -1076.31093463  -1076.32003641  -1076.34881019 
max(|Fr_perp|)   :   0.00000000    0.00309731    0.00845003    0.00988219    0.01816061    0.00561997    0.01673937    0.00517855    0.00740400    0.00000000 
Fr_paral         :   0.00000000    0.00089923   -0.00092150   -0.01746788    0.00167760   -0.02333034    0.00897916    0.02090298    0.02969233    0.00000000 
max(|Fsp_paral|) :   0.00000000    0.00045202    0.00276953    0.00436272    0.00225905    0.01214984    0.03051320    0.00038820    0.00197412    0.00000000 
max(|Fsp_perp|)  :   0.00000000    0.00000000    0.00000000    0.00000000    0.00000000    0.00000000    0.00000000    0.00000000    0.00000000    0.00000000 
max(|FNEB|)      :   0.00000000    0.00321644    0.00807011    0.00992271    0.01849306    0.01228600    0.01667515    0.00521877    0.00759514    0.00000000 
max(|Force|)     :   0.00173011    0.00306261    0.00840488    0.01322430    0.01818147    0.01557662    0.01680359    0.01184071    0.02007100    0.00133386 
ksp              :   0.01000000    0.01000000    0.01000000    0.07843946    0.07843946    0.10000000    0.10000000    0.06387344    0.01000000 
max(|step|)      :   0.00000000    0.00624777    0.01754938    0.02526886    0.05262865    0.04807094    0.01836347    0.01741940    0.04873705    0.00000000 
angle (deg.)     :    52.6717  82.9069  73.4946  52.9838  108.0398  35.6135  29.2450  66.8611 
>
iteration       : 284
climbing        : yes
zoom on         : no
nim             : 10
barrier         :   0.01134831 (image:  6) 
distance        :   0.00000000    5.13057971   10.14502960   14.43960453   14.79961159   15.72392708   16.58784737   16.92849412   17.41212473   19.75725880 
energy          : -1076.31736593  -1076.32982223  -1076.33486185  -1076.31879018  -1076.31193077  -1076.31011523  -1076.30601761  -1076.31148936  -1076.32326140  -1076.34881019 
max(|Fr_perp|)   :   0.00000000    0.00184858    0.00644544    0.01049061    0.01775180    0.00466300    0.02773820    0.00993472    0.01171834    0.00000000 
Fr_paral         :   0.00000000    0.00122260   -0.00051530   -0.01555410   -0.00033075   -0.02204831    0.00836377    0.02094138    0.03161816    0.00000000 
max(|Fsp_paral|) :   0.00000000    0.00049674    0.00257076    0.00962093    0.00358955    0.01164216    0.02478648    0.00351966    0.00209877    0.00000000 
max(|Fsp_perp|)  :   0.00000000    0.00000000    0.00000000    0.00000000    0.00000000    0.00000000    0.00000000    0.00000000    0.00000000    0.00000000 
max(|FNEB|)      :   0.00000000    0.00185784    0.00609590    0.01938368    0.01574500    0.00955234    0.02764474    0.01053859    0.01187617    0.00000000 
max(|Force|)     :   0.00173011    0.00183680    0.00642040    0.01606760    0.01777413    0.01503598    0.02783166    0.01261013    0.02030294    0.00133386 
ksp              :   0.01000000    0.01000000    0.01000000    0.05310459    0.06750305    0.10000000    0.10000000    0.05660527    0.01000000 
max(|step|)      :   0.00000000    0.00507236    0.01727874    0.01527338    0.05790299    0.03811016    0.01873975    0.00959784    0.03641185    0.00000000 
angle (deg.)     :    52.5679  83.2100  74.0577  46.5886  99.5174  32.8577  31.8213  66.1843 
>
iteration       : 285
climbing        : yes
zoom on         : no
nim             : 10
barrier         :   0.01176319 (image:  6) 
distance        :   0.00000000    5.12525598   10.12113025   14.44968261   14.77819470   15.72933964   16.50129687   16.88944349   17.42133077   19.72276925 
energy          : -1076.31736593  -1076.32980528  -1076.33487519  -1076.31914494  -1076.31448829  -1076.30887017  -1076.30560274  -1076.31178418  -1076.32585826  -1076.34881019 
max(|Fr_perp|)   :   0.00000000    0.00291509    0.00346299    0.01429567    0.01645355    0.00729554    0.02904316    0.00897108    0.01169076    0.00000000 
Fr_paral         :   0.00000000    0.00119970   -0.00010947   -0.00921695   -0.00353979   -0.02106832    0.00720340    0.02128657    0.03207928    0.00000000 
max(|Fsp_paral|) :   0.00000000    0.00055272    0.00236528    0.01014073    0.00826203    0.00292859    0.01883533    0.00543691    0.00269941    0.00000000 
max(|Fsp_perp|)  :   0.00000000    0.00000000    0.00000000    0.00000000    0.00000000    0.00000000    0.00000000    0.00000000    0.00000000    0.00000000 
max(|FNEB|)      :   0.00000000    0.00294141    0.00339884    0.02248718    0.00968414    0.00736164    0.02899239    0.00986586    0.01185075    0.00000000 
max(|Force|)     :   0.00173011    0.00288979    0.00345757    0.01578690    0.01692214    0.01392392    0.02909393    0.01332272    0.01998945    0.00133386 
ksp              :   0.01000000    0.01000000    0.01000000    0.03201673    0.07500089    0.10000000    0.10000000    0.05270585    0.01000000 
max(|step|)      :   0.00000000    0.01971305    0.03470583    0.05289122    0.10000000    0.03479363    0.01718467    0.01275805    0.04277288    0.00000000 
angle (deg.)     :    52.1867  83.7804  75.5716  50.3822  87.2673  29.4133  37.7719  66.2288 
>
iteration       : 286
climbing        : yes
zoom on         : no
nim             : 10
barrier         :   0.01146964 (image:  6) 
distance        :   0.00000000    5.10165655   10.07344450   14.45524468   14.79526765   15.78868629   16.53442939   16.97875635   17.57128947   19.82507644 
energy          : -1076.31736593  -1076.32979130  -1076.33487940  -1076.32074546  -1076.31810091  -1076.30933853  -1076.30589629  -1076.31208827  -1076.32889618  -1076.34881019 
max(|Fr_perp|)   :   0.00000000    0.00297421    0.00258039    0.01761249    0.01802932    0.00713770    0.01789499    0.01168840    0.01322213    0.00000000 
Fr_paral         :   0.00000000    0.00155542    0.00002702    0.00100764   -0.00284146   -0.02315707    0.00701454    0.02130945    0.03119491    0.00000000 
max(|Fsp_paral|) :   0.00000000    0.00055235    0.00202553    0.00832018    0.01329316    0.00110359    0.01547136    0.00668816    0.00423046    0.00000000 
max(|Fsp_perp|)  :   0.00000000    0.00000000    0.00000000    0.00000000    0.00000000    0.00000000    0.00000000    0.00000000    0.00000000    0.00000000 
max(|FNEB|)      :   0.00000000    0.00287890    0.00284432    0.01546603    0.01858411    0.00710671    0.01809546    0.01284941    0.01371716    0.00000000 
max(|Force|)     :   0.00173011    0.00319923    0.00262902    0.01799243    0.01835236    0.01487327    0.01827168    0.01387438    0.01913146    0.00133386 
ksp              :   0.01000000    0.01000000    0.01000000    0.01000000    0.07298407    0.10000000    0.10000000    0.05141747    0.01000000 
max(|step|)      :   0.00000000    0.00307878    0.00304180    0.01653983    0.01987439    0.00760013    0.01935182    0.01374153    0.01466954    0.00000000 
angle (deg.)     :    52.2140  83.7765  74.3397  50.3113  87.4999  28.1132  37.7343  65.5121 
>
iteration       : 287
climbing        : yes
zoom on         : no
nim             : 10
barrier         :   0.01130277 (image:  6) 
distance        :   0.00000000    5.10027384   10.07070776   14.44094134   14.81114620   15.79821341   16.53750885   16.97805338   17.57495821   19.82706220 
energy          : -1076.31736593  -1076.32980240  -1076.33490500  -1076.32160698  -1076.31831140  -1076.30969687  -1076.30606316  -1076.31193800  -1076.32893159  -1076.34881019 
max(|Fr_perp|)   :   0.00000000    0.00163501    0.00185566    0.01088227    0.01145170    0.00599803    0.00976332    0.01063458    0.01124545    0.00000000 
Fr_paral         :   0.00000000    0.00120542    0.00057415   -0.00187313   -0.00408128   -0.02371576    0.00689590    0.02159713    0.03212182    0.00000000 
max(|Fsp_paral|) :   0.00000000    0.00055208    0.00202645    0.00892689    0.01280439    0.00202314    0.01523461    0.00591720    0.00493395    0.00000000 
max(|Fsp_perp|)  :   0.00000000    0.00000000    0.00000000    0.00000000    0.00000000    0.00000000    0.00000000    0.00000000    0.00000000    0.00000000 
max(|FNEB|)      :   0.00000000    0.00178191    0.00226483    0.01378413    0.01243712    0.00497886    0.00979813    0.01073276    0.01134879    0.00000000 
max(|Force|)     :   0.00173011    0.00172928    0.00182195    0.01089113    0.01137525    0.01515253    0.00972851    0.01297446    0.01954025    0.00133386 
ksp              :   0.01000000    0.01000000    0.01000000    0.01000000    0.07106603    0.10000000    0.10000000    0.05322069    0.01000000 
max(|step|)      :   0.00000000    0.00099949    0.00242312    0.01499685    0.00757460    0.00583180    0.00374766    0.00523440    0.00692492    0.00000000 
angle (deg.)     :    52.1968  83.7885  73.5778  51.0724  87.6465  27.2802  37.9544  64.9063 
>
iteration       : 288
climbing        : yes
zoom on         : no
nim             : 10
barrier         :   0.01133375 (image:  6) 
distance        :   0.00000000    5.09891800   10.06737625   14.42696816   14.83025968   15.81340178   16.54577959   16.98402489   17.58397685   19.83539990 
energy          : -1076.31736593  -1076.32980051  -1076.33491666  -1076.32217335  -1076.31831979  -1076.30990535  -1076.30603217  -1076.31182084  -1076.32889488  -1076.34881019 
max(|Fr_perp|)   :   0.00000000    0.00172968    0.00191056    0.01103828    0.01063371    0.00489146    0.01091948    0.00745741    0.00747763    0.00000000 
Fr_paral         :   0.00000000    0.00120234    0.00059150   -0.00207100   -0.00463556   -0.02411058    0.00671670    0.02166386    0.03298408    0.00000000 
max(|Fsp_paral|) :   0.00000000    0.00055461    0.00202752    0.00932616    0.01238223    0.00276776    0.01494100    0.00549930    0.00528295    0.00000000 
max(|Fsp_perp|)  :   0.00000000    0.00000000    0.00000000    0.00000000    0.00000000    0.00000000    0.00000000    0.00000000    0.00000000    0.00000000 
max(|FNEB|)      :   0.00000000    0.00187731    0.00225884    0.01249443    0.01157261    0.00448826    0.01095928    0.00751013    0.00753914    0.00000000 
max(|Force|)     :   0.00173011    0.00175836    0.00187665    0.01105479    0.01054741    0.01509703    0.01087967    0.01266913    0.01985792    0.00133386 
ksp              :   0.01000000    0.01000000    0.01000000    0.01000000    0.06924356    0.10000000    0.10000000    0.05403285    0.01000000 
max(|step|)      :   0.00000000    0.00739264    0.01724655    0.10000000    0.04256083    0.03334408    0.02638080    0.03633452    0.04248278    0.00000000 
angle (deg.)     :    52.0381  83.8945  73.3851  58.0771  88.5893  26.1881  42.4353  61.4394 
>
iteration       : 289
climbing        : yes
zoom on         : no
nim             : 10
barrier         :   0.01147227 (image:  6) 
distance        :   0.00000000    5.08867157   10.04128971   14.33100487   15.02301953   16.00113543   16.68045145   17.11078598   17.73059427   19.98583657 
energy          : -1076.31736593  -1076.32979523  -1076.33490716  -1076.32227245  -1076.31783031  -1076.31020299  -1076.30589366  -1076.31055307  -1076.32740956  -1076.34881019 
max(|Fr_perp|)   :   0.00000000    0.00061316    0.00159521    0.02659232    0.01431279    0.00407531    0.00300063    0.00731206    0.01214681    0.00000000 
Fr_paral         :   0.00000000    0.00146733    0.00025601    0.01387506   -0.00617527   -0.02356571    0.00492788    0.01902949    0.03452097    0.00000000 
max(|Fsp_paral|) :   0.00000000    0.00057763    0.00211176    0.01098968    0.01175528    0.00171297    0.01226702    0.00176497    0.00885974    0.00000000 
max(|Fsp_perp|)  :   0.00000000    0.00000000    0.00000000    0.00000000    0.00000000    0.00000000    0.00000000    0.00000000    0.00000000    0.00000000 
max(|FNEB|)      :   0.00000000    0.00093200    0.00301782    0.01946760    0.00535778    0.00236226    0.00303556    0.00753719    0.01278062    0.00000000 
max(|Force|)     :   0.00173011    0.00080907    0.00161664    0.02945812    0.01527157    0.01587289    0.00314506    0.01137663    0.02135183    0.00133386 
ksp              :   0.01000000    0.01000000    0.01000000    0.01000000    0.06619920    0.10000000    0.10000000    0.06347835    0.01000000 
max(|step|)      :   0.00000000    0.00197694    0.00640136    0.04129440    0.01136484    0.00501080    0.00643898    0.01598778    0.02711007    0.00000000 
angle (deg.)     :    52.0180  83.8983  72.6043  60.6389  87.2285  26.6712  43.7978  61.3511 
>
iteration       : 290
climbing        : yes
zoom on         : no
nim             : 10
barrier         :   0.01152856 (image:  6) 
distance        :   0.00000000    5.08578721   10.03388091   14.29581401   15.06067035   16.03907127   16.70680675   17.14928501   17.74503477   20.01524103 
energy          : -1076.31736593  -1076.32979153  -1076.33492447  -1076.32367316  -1076.31809043  -1076.31026102  -1076.30583736  -1076.31021374  -1076.32602919  -1076.34881019 
max(|Fr_perp|)   :   0.00000000    0.00094930    0.00110196    0.01342963    0.01228926    0.00251737    0.00638644    0.01707224    0.03380640    0.00000000 
Fr_paral         :   0.00000000    0.00127824    0.00051097    0.00561347   -0.00599670   -0.02413327    0.00451522    0.01772712    0.03116395    0.00000000 
max(|Fsp_paral|) :   0.00000000    0.00058434    0.00217260    0.01088659    0.01160183    0.00147787    0.01102382    0.00237405    0.00871684    0.00000000 
max(|Fsp_perp|)  :   0.00000000    0.00000000    0.00000000    0.00000000    0.00000000    0.00000000    0.00000000    0.00000000    0.00000000    0.00000000 
max(|FNEB|)      :   0.00000000    0.00110518    0.00229738    0.01691407    0.00756169    0.00252964    0.00646566    0.01714555    0.03459846    0.00000000 
max(|Force|)     :   0.00173011    0.00126224    0.00116415    0.01335250    0.01352274    0.01482112    0.00630723    0.01689573    0.03256458    0.00133386 
ksp              :   0.01000000    0.01000000    0.01000000    0.01000000    0.06546584    0.10000000    0.10000000    0.06583498    0.01000000 
max(|step|)      :   0.00000000    0.00199315    0.00611746    0.03965999    0.00908273    0.00415753    0.00457357    0.00432648    0.01264817    0.00000000 
angle (deg.)     :    51.9786  83.9093  72.5120  62.9706  86.0136  27.3465  44.4175  61.1028 
>
iteration       : 291
climbing        : yes
zoom on         : no
nim             : 10
barrier         :   0.01154311 (image:  6) 
distance        :   0.00000000    5.08275667   10.02551881   14.26245385   15.10920174   16.08904573   16.74594165   17.20041130   17.77115943   20.05533451 
energy          : -1076.31736593  -1076.32978867  -1076.33492378  -1076.32410083  -1076.31833345  -1076.31025466  -1076.30582281  -1076.31050865  -1076.32575683  -1076.34881019 
max(|Fr_perp|)   :   0.00000000    0.00077650    0.00105408    0.01092293    0.01090810    0.00217585    0.00475147    0.01241689    0.01678596    0.00000000 
Fr_paral         :   0.00000000    0.00130122    0.00054436    0.00401687   -0.00578374   -0.02436426    0.00432832    0.01869865    0.03392652    0.00000000 
max(|Fsp_paral|) :   0.00000000    0.00059391    0.00230659    0.01129461    0.01156881    0.00085274    0.00995094    0.00433615    0.00710172    0.00000000 
max(|Fsp_perp|)  :   0.00000000    0.00000000    0.00000000    0.00000000    0.00000000    0.00000000    0.00000000    0.00000000    0.00000000    0.00000000 
max(|FNEB|)      :   0.00000000    0.00091308    0.00242263    0.01680671    0.00523936    0.00217489    0.00481209    0.01249452    0.01714983    0.00000000 
max(|Force|)     :   0.00173011    0.00106371    0.00112253    0.01120168    0.01211026    0.01455845    0.00469084    0.01231786    0.02110911    0.00133386 
ksp              :   0.01000000    0.01000000    0.01000000    0.01000000    0.06544556    0.10000000    0.10000000    0.06346518    0.01000000 
max(|step|)      :   0.00000000    0.00504117    0.01353544    0.10000000    0.01653970    0.00795601    0.01102422    0.00886238    0.02964186    0.00000000 
angle (deg.)     :    51.8745  83.9419  73.5485  67.0479  83.6141  29.7563  47.2624  61.0210 
>
iteration       : 292
climbing        : yes
zoom on         : no
nim             : 10
barrier         :   0.01160531 (image:  6) 
distance        :   0.00000000    5.07497129   10.00352954   14.18723813   15.24961205   16.23412227   16.86813654   17.34311049   17.86862054   20.18759670 
energy          : -1076.31736593  -1076.32977970  -1076.33489472  -1076.32369726  -1076.31862823  -1076.31018325  -1076.30576061  -1076.31055410  -1076.32381673  -1076.34881019 
max(|Fr_perp|)   :   0.00000000    0.00049823    0.00148697    0.01656744    0.00850041    0.00315536    0.00067511    0.00250336    0.00671907    0.00000000 
Fr_paral         :   0.00000000    0.00144388    0.00050147    0.00616523   -0.00494722   -0.02443870    0.00363890    0.01883133    0.03400903    0.00000000 
max(|Fsp_paral|) :   0.00000000    0.00062076    0.00240579    0.01149056    0.01141852    0.00071744    0.00783363    0.00672191    0.00523552    0.00000000 
max(|Fsp_perp|)  :   0.00000000    0.00000000    0.00000000    0.00000000    0.00000000    0.00000000    0.00000000    0.00000000    0.00000000    0.00000000 
max(|FNEB|)      :   0.00000000    0.00088852    0.00286633    0.02057823    0.00368983    0.00370467    0.00193721    0.00444552    0.00709465    0.00000000 
max(|Force|)     :   0.00173011    0.00068615    0.00163740    0.01589623    0.00952940    0.01474042    0.00229638    0.01116192    0.02096330    0.00133386 
ksp              :   0.01000000    0.01000000    0.01000000    0.01000000    0.06572389    0.10000000    0.10000000    0.06280273    0.01000000 
max(|step|)      :   0.00000000    0.00379906    0.01225561    0.08798680    0.01577668    0.01584013    0.00828299    0.01900780    0.03033474    0.00000000 
angle (deg.)     :    51.8066  83.9576  73.9730  66.9183  83.9485  31.0389  49.2864  60.6886 
>
iteration       : 293
climbing        : yes
zoom on         : no
nim             : 10
barrier         :   0.01164424 (image:  6) 
distance        :   0.00000000    5.06871569    9.98488454   14.13532563   15.32882611   16.30799261   16.94184785   17.40017989   17.94356014   20.27263559 
energy          : -1076.31736593  -1076.32977234  -1076.33490318  -1076.32429135  -1076.31859185  -1076.31061409  -1076.30572169  -1076.30981575  -1076.32212032  -1076.34881019 
max(|Fr_perp|)   :   0.00000000    0.00057221    0.00109653    0.02114362    0.01238400    0.00172527    0.00112519    0.01029629    0.04597193    0.00000000 
Fr_paral         :   0.00000000    0.00143140    0.00049411    0.00898280   -0.00562340   -0.02506301    0.00317005    0.01682761    0.02973073    0.00000000 
max(|Fsp_paral|) :   0.00000000    0.00064629    0.00259050    0.01147172    0.01001416    0.00138731    0.00848467    0.00400667    0.00740064    0.00000000 
max(|Fsp_perp|)  :   0.00000000    0.00000000    0.00000000    0.00000000    0.00000000    0.00000000    0.00000000    0.00000000    0.00000000    0.00000000 
max(|FNEB|)      :   0.00000000    0.00086833    0.00238943    0.01946881    0.00571340    0.00161192    0.00145642    0.01023788    0.04680873    0.00000000 
max(|Force|)     :   0.00173011    0.00081998    0.00105499    0.02161641    0.01319973    0.01519452    0.00219263    0.01028064    0.04388969    0.00133386 
ksp              :   0.01000000    0.01000000    0.01000000    0.01000000    0.06218593    0.10000000    0.10000000    0.06835639    0.01000000 
max(|step|)      :   0.00000000    0.00334271    0.01020976    0.06434144    0.00574247    0.00822337    0.00658896    0.01330299    0.03472779    0.00000000 
angle (deg.)     :    51.7406  83.9743  74.7208  67.6195  83.7776  32.6079  50.7894  60.3722 
>
iteration       : 294
climbing        : yes
zoom on         : no
nim             : 10
barrier         :   0.01167821 (image:  6) 
distance        :   0.00000000    5.06310549    9.96800198   14.09296240   15.40653587   16.38557977   17.01631899   17.46633751   18.01818682   20.35638269 
energy          : -1076.31736593  -1076.32976305  -1076.33487122  -1076.32263797  -1076.31856077  -1076.31074470  -1076.30568772  -1076.30940144  -1076.32257102  -1076.34881019 
max(|Fr_perp|)   :   0.00000000    0.00076983    0.00184581    0.03872801    0.01343870    0.00351797    0.00106508    0.00291487    0.01249620    0.00000000 
Fr_paral         :   0.00000000    0.00149101    0.00048656    0.01450954   -0.00562057   -0.02499774    0.00278213    0.01564275    0.03449267    0.00000000 
max(|Fsp_paral|) :   0.00000000    0.00066998    0.00249188    0.01127913    0.00944406    0.00185856    0.00863613    0.00255655    0.00859478    0.00000000 
max(|Fsp_perp|)  :   0.00000000    0.00000000    0.00000000    0.00000000    0.00000000    0.00000000    0.00000000    0.00000000    0.00000000    0.00000000 
max(|FNEB|)      :   0.00000000    0.00090387    0.00327860    0.03677309    0.00612026    0.00337049    0.00140280    0.00215555    0.01275978    0.00000000 
max(|Force|)     :   0.00173011    0.00085857    0.00180712    0.03967304    0.01425516    0.01635935    0.00198505    0.00953765    0.02175902    0.00133386 
ksp              :   0.01000000    0.01000000    0.01000000    0.01000000    0.06102755    0.10000000    0.10000000    0.07137958    0.01000000 
max(|step|)      :   0.00000000    0.00432212    0.01277641    0.08321759    0.00582895    0.00636030    0.00786211    0.01443144    0.01624234    0.00000000 
angle (deg.)     :    51.6578  84.0015  75.8203  68.6838  83.1402  34.7798  53.3477  60.3554 
>
iteration       : 295
climbing        : yes
zoom on         : no
nim             : 10
barrier         :   0.01171383 (image:  6) 
distance        :   0.00000000    5.05578298    9.94652168   14.04191319   15.50983311   16.49054418   17.11545321   17.55992869   18.11592270   20.46971592 
energy          : -1076.31736593  -1076.32975216  -1076.33483451  -1076.32199423  -1076.31866046  -1076.31085474  -1076.30565210  -1076.30889447  -1076.32075735  -1076.34881019 
max(|Fr_perp|)   :   0.00000000    0.00093633    0.00203478    0.04038865    0.01391981    0.00441876    0.00093196    0.00844055    0.03935298    0.00000000 
Fr_paral         :   0.00000000    0.00155172    0.00048757    0.01564371   -0.00554518   -0.02491648    0.00229181    0.01397289    0.03060487    0.00000000 
max(|Fsp_paral|) :   0.00000000    0.00069853    0.00256219    0.01091154    0.00896503    0.00203491    0.00846267    0.00120519    0.00977107    0.00000000 
max(|Fsp_perp|)  :   0.00000000    0.00000000    0.00000000    0.00000000    0.00000000    0.00000000    0.00000000    0.00000000    0.00000000    0.00000000 
max(|FNEB|)      :   0.00000000    0.00090429    0.00372087    0.03889490    0.00601638    0.00446555    0.00120454    0.00858705    0.04027569    0.00000000 
max(|Force|)     :   0.00173011    0.00099162    0.00208501    0.04308391    0.01504480    0.01716312    0.00167338    0.00869020    0.03804835    0.00133386 
ksp              :   0.01000000    0.01000000    0.01000000    0.01000000    0.06002687    0.10000000    0.10000000    0.07508809    0.01000000 
max(|step|)      :   0.00000000    0.00531975    0.01543267    0.10000000    0.00544931    0.00550855    0.00917306    0.01580815    0.01425896    0.00000000 
angle (deg.)     :    51.5603  84.0425  77.4734  69.7931  82.1175  37.5440  56.2214  60.3661 
>
iteration       : 296
climbing        : yes
zoom on         : no
nim             : 10
barrier         :   0.01174822 (image:  6) 
distance        :   0.00000000    5.04671212    9.92039060   13.98763901   15.64533212   16.62896763   17.24632969   17.68805391   18.24649940   20.61866584 
energy          : -1076.31736593  -1076.32973995  -1076.33479516  -1076.32171798  -1076.31882697  -1076.31098479  -1076.30561770  -1076.30839103  -1076.31892804  -1076.34881019 
max(|Fr_perp|)   :   0.00000000    0.00097372    0.00264823    0.03633425    0.01418809    0.00476474    0.00125513    0.01141707    0.05236214    0.00000000 
Fr_paral         :   0.00000000    0.00159775    0.00050259    0.01499266   -0.00538462   -0.02489697    0.00174037    0.01221110    0.02681402    0.00000000 
max(|Fsp_paral|) :   0.00000000    0.00073187    0.00259407    0.01029545    0.00846312    0.00214816    0.00801986    0.00008752    0.01088322    0.00000000 
max(|Fsp_perp|)  :   0.00000000    0.00000000    0.00000000    0.00000000    0.00000000    0.00000000    0.00000000    0.00000000    0.00000000    0.00000000 
max(|FNEB|)      :   0.00000000    0.00092593    0.00390078    0.03361350    0.00673984    0.00508487    0.00129422    0.01170212    0.05459925    0.00000000 
max(|Force|)     :   0.00173011    0.00102413    0.00267962    0.03926805    0.01530697    0.01781518    0.00131552    0.01144491    0.05159389    0.00133386 
ksp              :   0.01000000    0.01000000    0.01000000    0.01000000    0.05889309    0.10000000    0.10000000    0.07877833    0.01000000 
max(|step|)      :   0.00000000    0.00083043    0.00349844    0.03014654    0.00604468    0.00456040    0.00116073    0.01049515    0.04896779    0.00000000 
angle (deg.)     :    51.5501  84.0465  77.4431  70.0602  81.3177  37.2708  55.9176  60.0660 
>
iteration       : 297
climbing        : yes
zoom on         : no
nim             : 10
barrier         :   0.01173784 (image:  6) 
distance        :   0.00000000    5.04516180    9.91655354   13.97752714   15.65449609   16.63880299   17.25251450   17.70023671   18.24494072   20.62012858 
energy          : -1076.31736593  -1076.32974139  -1076.33483048  -1076.32368561  -1076.31914360  -1076.31107498  -1076.30562809  -1076.30854378  -1076.31996640  -1076.34881019 
max(|Fr_perp|)   :   0.00000000    0.00061066    0.00200619    0.01762381    0.01251322    0.00326073    0.00076231    0.00591610    0.02987425    0.00000000 
Fr_paral         :   0.00000000    0.00155141    0.00053210    0.01021019   -0.00561118   -0.02544873    0.00172536    0.01273364    0.03178908    0.00000000 
max(|Fsp_paral|) :   0.00000000    0.00073489    0.00272505    0.01019642    0.00845419    0.00228968    0.00761164    0.00107394    0.01003325    0.00000000 
max(|Fsp_perp|)  :   0.00000000    0.00000000    0.00000000    0.00000000    0.00000000    0.00000000    0.00000000    0.00000000    0.00000000    0.00000000 
max(|FNEB|)      :   0.00000000    0.00090044    0.00310764    0.01529583    0.00495357    0.00380949    0.00094404    0.00581923    0.03058198    0.00000000 
max(|Force|)     :   0.00173011    0.00071832    0.00203117    0.01923257    0.01368302    0.01711505    0.00132590    0.00796411    0.02839703    0.00133386 
ksp              :   0.01000000    0.01000000    0.01000000    0.01000000    0.05823586    0.10000000    0.10000000    0.07764392    0.01000000 
max(|step|)      :   0.00000000    0.00078727    0.00288574    0.01747659    0.00469778    0.00360631    0.00089055    0.00238843    0.00728407    0.00000000 
angle (deg.)     :    51.5359  84.0483  77.4769  70.2341  80.6445  37.1339  55.9968  59.9348 
>
iteration       : 298
climbing        : yes
zoom on         : no
nim             : 10
barrier         :   0.01173388 (image:  6) 
distance        :   0.00000000    5.04365201    9.91243573   13.96860407   15.66447041   16.65012587   17.26022372   17.71277878   18.24504372   20.62469453 
energy          : -1076.31736593  -1076.32974069  -1076.33484753  -1076.32427560  -1076.31933895  -1076.31108973  -1076.30563205  -1076.30862478  -1076.32010096  -1076.34881019 
max(|Fr_perp|)   :   0.00000000    0.00041189    0.00147827    0.00807530    0.01124000    0.00240981    0.00053242    0.00414999    0.01738012    0.00000000 
Fr_paral         :   0.00000000    0.00154971    0.00055168    0.00855581   -0.00565353   -0.02572088    0.00169734    0.01297684    0.03318277    0.00000000 
max(|Fsp_paral|) :   0.00000000    0.00073948    0.00283415    0.01010111    0.00854579    0.00209640    0.00724261    0.00183451    0.00933529    0.00000000 
max(|Fsp_perp|)  :   0.00000000    0.00000000    0.00000000    0.00000000    0.00000000    0.00000000    0.00000000    0.00000000    0.00000000    0.00000000 
max(|FNEB|)      :   0.00000000    0.00090229    0.00255906    0.01168087    0.00371920    0.00264046    0.00078542    0.00404510    0.01777032    0.00000000 
max(|Force|)     :   0.00173011    0.00065761    0.00150369    0.00930233    0.01243748    0.01653023    0.00130440    0.00807815    0.02083038    0.00133386 
ksp              :   0.01000000    0.01000000    0.01000000    0.01000000    0.05813904    0.10000000    0.10000000    0.07704543    0.01000000 
max(|step|)      :   0.00000000    0.00388616    0.01135423    0.05097430    0.01630681    0.01182020    0.00339468    0.00788438    0.02472199    0.00000000 
angle (deg.)     :    51.4620  84.0505  77.8882  70.7245  78.1137  37.1936  57.6255  59.8546 
>
iteration       : 299
climbing        : yes
zoom on         : no
nim             : 10
barrier         :   0.01173490 (image:  6) 
distance        :   0.00000000    5.03615083    9.89124235   13.92865501   15.71883794   16.71362456   17.30813141   17.77835635   18.25985240   20.66369948 
energy          : -1076.31736593  -1076.32973037  -1076.33484748  -1076.32424270  -1076.31979586  -1076.31087702  -1076.30563103  -1076.30883250  -1076.31893686  -1076.34881019 
max(|Fr_perp|)   :   0.00000000    0.00038244    0.00087385    0.00900691    0.00696731    0.00182154    0.00040312    0.00293613    0.00409907    0.00000000 
Fr_paral         :   0.00000000    0.00158848    0.00061853    0.00761580   -0.00513144   -0.02581647    0.00154645    0.01347568    0.03246746    0.00000000 
max(|Fsp_paral|) :   0.00000000    0.00076541    0.00287182    0.00966571    0.00931549    0.00000225    0.00578009    0.00456003    0.00663612    0.00000000 
max(|Fsp_perp|)  :   0.00000000    0.00000000    0.00000000    0.00000000    0.00000000    0.00000000    0.00000000    0.00000000    0.00000000    0.00000000 
max(|FNEB|)      :   0.00000000    0.00092517    0.00263362    0.01268409    0.00172857    0.00191602    0.00084118    0.00305300    0.00413171    0.00000000 
max(|Force|)     :   0.00173011    0.00070467    0.00084704    0.00816924    0.00811770    0.01513108    0.00108552    0.00846930    0.02002463    0.00133386 
ksp              :   0.01000000    0.01000000    0.01000000    0.01000000    0.05976625    0.10000000    0.10000000    0.07544648    0.01000000 
max(|step|)      :   0.00000000    0.00533226    0.01448686    0.06950452    0.01139838    0.00670548    0.00393831    0.00444643    0.02752538    0.00000000 
angle (deg.)     :    51.3734  84.0599  78.6943  71.1281  76.1508  38.1097  60.4537  60.1771 
>
iteration       : 300
climbing        : yes
zoom on         : no
nim             : 10
barrier         :   0.01174690 (image:  6) 
distance        :   0.00000000    5.02581333    9.86293449   13.88010893   15.80169511   16.80521779   17.38912041   17.87263893   18.31150066   20.74196665 
energy          : -1076.31736593  -1076.32971426  -1076.33479939  -1076.32361843  -1076.32001593  -1076.31066513  -1076.30561902  -1076.30887129  -1076.31712179  -1076.34881019 
max(|Fr_perp|)   :   0.00000000    0.00073006    0.00164787    0.01556289    0.00633109    0.00361797    0.00066348    0.00452014    0.02209050    0.00000000 
Fr_paral         :   0.00000000    0.00154362    0.00074312    0.00824672   -0.00432217   -0.02543886    0.00133958    0.01339078    0.02856405    0.00000000 
max(|Fsp_paral|) :   0.00000000    0.00079731    0.00280626    0.00910812    0.00974199    0.00181961    0.00469607    0.00646436    0.00217820    0.00000000 
max(|Fsp_perp|)  :   0.00000000    0.00000000    0.00000000    0.00000000    0.00000000    0.00000000    0.00000000    0.00000000    0.00000000    0.00000000 
max(|FNEB|)      :   0.00000000    0.00091320    0.00276249    0.01746250    0.00431421    0.00461591    0.00094937    0.00440950    0.02226815    0.00000000 
max(|Force|)     :   0.00173011    0.00101816    0.00170760    0.01478651    0.00683246    0.01536141    0.00096354    0.00861712    0.02170422    0.00133386 
ksp              :   0.01000000    0.01000000    0.01000000    0.01000000    0.06133876    0.10000000    0.10000000    0.07508249    0.01187046 
max(|step|)      :   0.00000000    0.00755945    0.02043530    0.10000000    0.01253734    0.00585332    0.00530897    0.00449609    0.02998823    0.00000000 
angle (deg.)     :    51.2414  84.0906  80.1765  71.5045  74.1648  39.8187  64.3528  61.0441 
>
iteration       : 301
climbing        : yes
zoom on         : no
nim             : 10
barrier         :   0.01176216 (image:  6) 
distance        :   0.00000000    5.01101463    9.82317200   13.82093026   15.93251998   16.94525655   17.52121252   18.01754096   18.41873804   20.87864408 
energy          : -1076.31736593  -1076.32969235  -1076.33472131  -1076.32273118  -1076.32019446  -1076.31051460  -1076.30560376  -1076.30882264  -1076.31556798  -1076.34881019 
max(|Fr_perp|)   :   0.00000000    0.00072396    0.00278666    0.01947158    0.00641263    0.00498350    0.00100689    0.00334291    0.02042167    0.00000000 
Fr_paral         :   0.00000000    0.00159881    0.00080109    0.00921845   -0.00330086   -0.02493771    0.00103534    0.01300543    0.02443705    0.00000000 
max(|Fsp_paral|) :   0.00000000    0.00083980    0.00268817    0.00830307    0.00979522    0.00330668    0.00374837    0.00794347    0.01482441    0.00000000 
max(|Fsp_perp|)  :   0.00000000    0.00000000    0.00000000    0.00000000    0.00000000    0.00000000    0.00000000    0.00000000    0.00000000    0.00000000 
max(|FNEB|)      :   0.00000000    0.00097426    0.00315616    0.02108225    0.00645553    0.00666921    0.00099392    0.00473784    0.02022991    0.00000000 
max(|Force|)     :   0.00173011    0.00082864    0.00276257    0.01889070    0.00682540    0.01551031    0.00113135    0.00861735    0.02035793    0.00133386 
ksp              :   0.01000000    0.01000000    0.01000000    0.01000000    0.06246209    0.10000000    0.10000000    0.07535592    0.02396291 
max(|step|)      :   0.00000000    0.00211338    0.00684637    0.04573178    0.01400339    0.01446691    0.00215601    0.01027736    0.04388289    0.00000000 
angle (deg.)     :    51.2014  84.0972  80.3027  70.9974  75.2372  40.3868  60.3594  60.5640 
>
iteration       : 302
climbing        : yes
zoom on         : no
nim             : 10
barrier         :   0.01175099 (image:  6) 
distance        :   0.00000000    5.00670635    9.81275334   13.80389480   15.95445407   16.95576899   17.54422869   18.02558225   18.51253376   20.93019777 
energy          : -1076.31736593  -1076.32968875  -1076.33477569  -1076.32396518  -1076.32030285  -1076.31113062  -1076.30561494  -1076.30849476  -1076.31679852  -1076.34881019 
max(|Fr_perp|)   :   0.00000000    0.00050059    0.00108681    0.00642567    0.00713879    0.00156086    0.00092325    0.00808938    0.05330305    0.00000000 
Fr_paral         :   0.00000000    0.00170949    0.00069913    0.00846393   -0.00477822   -0.02619354    0.00097281    0.01207024    0.02425081    0.00000000 
max(|Fsp_paral|) :   0.00000000    0.00084728    0.00289442    0.00819045    0.00798065    0.00058473    0.00490964    0.00415698    0.00175609    0.00000000 
max(|Fsp_perp|)  :   0.00000000    0.00000000    0.00000000    0.00000000    0.00000000    0.00000000    0.00000000    0.00000000    0.00000000    0.00000000 
max(|FNEB|)      :   0.00000000    0.00095941    0.00272621    0.00886499    0.00492432    0.00148406    0.00092796    0.00802592    0.05348747    0.00000000 
max(|Force|)     :   0.00173011    0.00076033    0.00105708    0.00537907    0.00818854    0.01523315    0.00091853    0.00804099    0.05125992    0.00133386 
ksp              :   0.01000000    0.01000000    0.01000000    0.01000000    0.05775578    0.10000000    0.10000000    0.07794369    0.01434573 
max(|step|)      :   0.00000000    0.00154981    0.00434282    0.02076354    0.00628382    0.00641225    0.00130317    0.00460263    0.02741282    0.00000000 
angle (deg.)     :    51.1780  84.0980  80.4376  70.8307  75.6643  40.7996  58.9425  60.3191 
>
iteration       : 303
climbing        : yes
zoom on         : no
nim             : 10
barrier         :   0.01174871 (image:  6) 
distance        :   0.00000000    5.00343473    9.80483814   13.79188395   15.97179825   16.97004509   17.56287532   18.03837157   18.56404524   20.96148823 
energy          : -1076.31736593  -1076.32968392  -1076.33477662  -1076.32394521  -1076.32029773  -1076.31131029  -1076.30561721  -1076.30838872  -1076.31938728  -1076.34881019 
max(|Fr_perp|)   :   0.00000000    0.00037079    0.00069036    0.00678474    0.00885657    0.00107901    0.00054330    0.00320674    0.00689457    0.00000000 
Fr_paral         :   0.00000000    0.00168929    0.00071833    0.00888905   -0.00523122   -0.02642653    0.00094976    0.01176282    0.03273618    0.00000000 
max(|Fsp_paral|) :   0.00000000    0.00085300    0.00289920    0.00807325    0.00743896    0.00171731    0.00533245    0.00249895    0.00950217    0.00000000 
max(|Fsp_perp|)  :   0.00000000    0.00000000    0.00000000    0.00000000    0.00000000    0.00000000    0.00000000    0.00000000    0.00000000    0.00000000 
max(|FNEB|)      :   0.00000000    0.00094685    0.00262602    0.00845794    0.00218866    0.00166820    0.00046773    0.00111620    0.00705347    0.00000000 
max(|Force|)     :   0.00173011    0.00062106    0.00063395    0.00785111    0.00998484    0.01526355    0.00061887    0.00773070    0.02022471    0.00133386 
ksp              :   0.01000000    0.01000000    0.01000000    0.01000000    0.05638867    0.10000000    0.10000000    0.07876908    0.01000000 
max(|step|)      :   0.00000000    0.00126645    0.00350301    0.01229513    0.00162031    0.00154442    0.00066166    0.00133518    0.00860959    0.00000000 
angle (deg.)     :    51.1587  84.0949  80.5247  70.8053  75.4977  40.9003  59.1507  60.1146 
>
iteration       : 304
climbing        : yes
zoom on         : no
nim             : 10
barrier         :   0.01174837 (image:  6) 
distance        :   0.00000000    5.00073991    9.79824461   13.78190564   15.98405271   16.98344202   17.57475755   18.05074868   18.57517489   20.97273352 
energy          : -1076.31736593  -1076.32968000  -1076.33477124  -1076.32399278  -1076.32034515  -1076.31129925  -1076.30561756  -1076.30837334  -1076.31934950  -1076.34881019 
max(|Fr_perp|)   :   0.00000000    0.00032105    0.00054701    0.00622961    0.00887232    0.00108548    0.00022279    0.00315189    0.00763777    0.00000000 
Fr_paral         :   0.00000000    0.00166700    0.00073670    0.00876942   -0.00533020   -0.02641468    0.00092826    0.01169652    0.03297361    0.00000000 
max(|Fsp_paral|) :   0.00000000    0.00085803    0.00291169    0.00796653    0.00749130    0.00154378    0.00523339    0.00252851    0.00948370    0.00000000 
max(|Fsp_perp|)  :   0.00000000    0.00000000    0.00000000    0.00000000    0.00000000    0.00000000    0.00000000    0.00000000    0.00000000    0.00000000 
max(|FNEB|)      :   0.00000000    0.00093766    0.00260661    0.00866609    0.00215076    0.00147760    0.00028875    0.00110995    0.00780999    0.00000000 
max(|Force|)     :   0.00173011    0.00063633    0.00057490    0.00727203    0.01003245    0.01548967    0.00063806    0.00763805    0.02027197    0.00133386 
ksp              :   0.01000000    0.01000000    0.01000000    0.01000000    0.05647461    0.10000000    0.10000000    0.07888895    0.01000000 
max(|step|)      :   0.00000000    0.00617874    0.01711804    0.06058192    0.00709264    0.00667243    0.00304260    0.00393003    0.02518141    0.00000000 
angle (deg.)     :    51.0609  84.0841  81.0658  70.7283  74.7605  41.5563  60.4396  59.6034 
>
iteration       : 305
climbing        : yes
zoom on         : no
nim             : 10
barrier         :   0.01175485 (image:  6) 
distance        :   0.00000000    4.98752640    9.76602763   13.73602735   16.04856752   17.05418093   17.63893614   18.11764143   18.63880743   21.03848507 
energy          : -1076.31736593  -1076.32965987  -1076.33472831  -1076.32403353  -1076.32051189  -1076.31120178  -1076.30561107  -1076.30826252  -1076.31835294  -1076.34881019 
max(|Fr_perp|)   :   0.00000000    0.00041996    0.00128894    0.00616615    0.00888387    0.00174775    0.00109764    0.00519559    0.03346691    0.00000000 
Fr_paral         :   0.00000000    0.00164478    0.00078850    0.00848541   -0.00560418   -0.02614859    0.00080020    0.01125256    0.03030270    0.00000000 
max(|Fsp_paral|) :   0.00000000    0.00088223    0.00292803    0.00744232    0.00778569    0.00054933    0.00477883    0.00254532    0.00950520    0.00000000 
max(|Fsp_perp|)  :   0.00000000    0.00000000    0.00000000    0.00000000    0.00000000    0.00000000    0.00000000    0.00000000    0.00000000    0.00000000 
max(|FNEB|)      :   0.00000000    0.00092387    0.00257403    0.00895166    0.00335086    0.00186987    0.00116184    0.00536255    0.03424548    0.00000000 
max(|Force|)     :   0.00173011    0.00082308    0.00131946    0.00568176    0.01015259    0.01636215    0.00103343    0.00745153    0.03238579    0.00133386 
ksp              :   0.01000000    0.01000000    0.01000000    0.01000000    0.05719521    0.10000000    0.10000000    0.07969940    0.01000000 
max(|step|)      :   0.00000000    0.01024575    0.02842007    0.10000000    0.01136792    0.00758184    0.00445328    0.00535709    0.02878741    0.00000000 
angle (deg.)     :    50.9010  84.0818  82.3080  70.7223  73.6846  42.9129  62.5417  59.4901 
>
iteration       : 306
climbing        : yes
zoom on         : no
nim             : 10
barrier         :   0.01176496 (image:  6) 
distance        :   0.00000000    4.96549290    9.71328600   13.67096343   16.17125199   17.18766189   17.76460444   18.24930099   18.76830396   21.17335553 
energy          : -1076.31736593  -1076.32962566  -1076.33463115  -1076.32390378  -1076.32070581  -1076.31101728  -1076.30560097  -1076.30813589  -1076.31677903  -1076.34881019 
max(|Fr_perp|)   :   0.00000000    0.00052968    0.00254273    0.00572304    0.00858992    0.00323273    0.00139932    0.00661766    0.04518792    0.00000000 
Fr_paral         :   0.00000000    0.00169072    0.00084121    0.00835406   -0.00565025   -0.02544982    0.00059958    0.01068744    0.02551462    0.00000000 
max(|Fsp_paral|) :   0.00000000    0.00091847    0.00287958    0.00656833    0.00821045    0.00105266    0.00412899    0.00262022    0.00317091    0.00000000 
max(|Fsp_perp|)  :   0.00000000    0.00000000    0.00000000    0.00000000    0.00000000    0.00000000    0.00000000    0.00000000    0.00000000    0.00000000 
max(|FNEB|)      :   0.00000000    0.00092652    0.00256846    0.00819165    0.00434047    0.00404731    0.00146678    0.00695304    0.04665156    0.00000000 
max(|Force|)     :   0.00173011    0.00086693    0.00258182    0.00575308    0.00984174    0.01721374    0.00137100    0.00745467    0.04487874    0.00133386 
ksp              :   0.01000000    0.01000000    0.01000000    0.01000000    0.05858119    0.10000000    0.10000000    0.08062252    0.01492492 
max(|step|)      :   0.00000000    0.00071219    0.00197430    0.00629669    0.00333640    0.00311105    0.00112747    0.00534460    0.03585974    0.00000000 
angle (deg.)     :    50.8843  84.0770  82.3349  70.7619  73.4835  42.8668  61.8989  59.2409 
>
iteration       : 307
climbing        : yes
zoom on         : no
nim             : 10
barrier         :   0.01175697 (image:  6) 
distance        :   0.00000000    4.96382158    9.70934942   13.66568184   16.17672244   17.19163692   17.76993201   18.25594732   18.77481952   21.17737346 
energy          : -1076.31736593  -1076.32962346  -1076.33464637  -1076.32406021  -1076.32078090  -1076.31112695  -1076.30560895  -1076.30819750  -1076.31814050  -1076.34881019 
max(|Fr_perp|)   :   0.00000000    0.00025182    0.00199359    0.00555836    0.00813990    0.00248266    0.00053751    0.00318660    0.01427679    0.00000000 
Fr_paral         :   0.00000000    0.00178055    0.00082897    0.00827683   -0.00563857   -0.02580293    0.00060887    0.01088431    0.03090168    0.00000000 
max(|Fsp_paral|) :   0.00000000    0.00092093    0.00290648    0.00651936    0.00790324    0.00045259    0.00413839    0.00276220    0.00947403    0.00000000 
max(|Fsp_perp|)  :   0.00000000    0.00000000    0.00000000    0.00000000    0.00000000    0.00000000    0.00000000    0.00000000    0.00000000    0.00000000 
max(|FNEB|)      :   0.00000000    0.00095560    0.00267806    0.00803062    0.00231065    0.00273676    0.00060546    0.00198663    0.01457452    0.00000000 
max(|Force|)     :   0.00173011    0.00071852    0.00202228    0.00557565    0.00946972    0.01679051    0.00058478    0.00740980    0.02050843    0.00133386 
ksp              :   0.01000000    0.01000000    0.01000000    0.01000000    0.05775956    0.10000000    0.10000000    0.08018456    0.01000000 
max(|step|)      :   0.00000000    0.00069963    0.00195637    0.00594196    0.00176092    0.00221846    0.00047264    0.00067454    0.00696485    0.00000000 
angle (deg.)     :    50.8729  84.0712  82.3616  70.7900  73.3007  42.8576  61.8606  59.1138 
>
iteration       : 308
climbing        : yes
zoom on         : no
nim             : 10
barrier         :   0.01175463 (image:  6) 
distance        :   0.00000000    4.96221611    9.70569134   13.66078847   16.18190804   17.19600338   17.77500060   18.26217208   18.77446299   21.17986306 
energy          : -1076.31736593  -1076.32962092  -1076.33465452  -1076.32412751  -1076.32082744  -1076.31119586  -1076.30561130  -1076.30821581  -1076.31822008  -1076.34881019 
max(|Fr_perp|)   :   0.00000000    0.00025162    0.00155572    0.00542850    0.00780207    0.00191735    0.00040122    0.00323375    0.01185455    0.00000000 
Fr_paral         :   0.00000000    0.00179156    0.00083835    0.00821476   -0.00558904   -0.02603694    0.00060159    0.01094038    0.03150466    0.00000000 
max(|Fsp_paral|) :   0.00000000    0.00092280    0.00291916    0.00647019    0.00770247    0.00008508    0.00411647    0.00304021    0.00916700    0.00000000 
max(|Fsp_perp|)  :   0.00000000    0.00000000    0.00000000    0.00000000    0.00000000    0.00000000    0.00000000    0.00000000    0.00000000    0.00000000 
max(|FNEB|)      :   0.00000000    0.00095724    0.00270447    0.00790663    0.00209554    0.00195893    0.00046812    0.00184706    0.01209416    0.00000000 
max(|Force|)     :   0.00173011    0.00072341    0.00158466    0.00548124    0.00911307    0.01648505    0.00048647    0.00737455    0.02028527    0.00133386 
ksp              :   0.01000000    0.01000000    0.01000000    0.01000000    0.05724151    0.10000000    0.10000000    0.08005839    0.01000000 
max(|step|)      :   0.00000000    0.00893237    0.02532869    0.07355960    0.01853008    0.01619179    0.00380270    0.00539802    0.05015086    0.00000000 
angle (deg.)     :    50.7472  83.9954  82.8252  70.9986  71.6277  43.9244  64.6995  60.0490 
>
iteration       : 309
climbing        : yes
zoom on         : no
nim             : 10
barrier         :   0.01176374 (image:  6) 
distance        :   0.00000000    4.94173418    9.65977920   13.60301572   16.25009944   17.26657912   17.84668432   18.34232509   18.79410610   21.24347916 
energy          : -1076.31736593  -1076.32958728  -1076.33459160  -1076.32436054  -1076.32102546  -1076.31125780  -1076.30560219  -1076.30821130  -1076.31607739  -1076.34881019 
max(|Fr_perp|)   :   0.00000000    0.00067248    0.00198973    0.00915793    0.00581298    0.00253753    0.00184407    0.00426750    0.00930793    0.00000000 
Fr_paral         :   0.00000000    0.00164925    0.00097326    0.00773111   -0.00445686   -0.02627644    0.00047328    0.01086768    0.02627014    0.00000000 
max(|Fsp_paral|) :   0.00000000    0.00094355    0.00294321    0.00585679    0.00708164    0.00020134    0.00377330    0.00522432    0.00657190    0.00000000 
max(|Fsp_perp|)  :   0.00000000    0.00000000    0.00000000    0.00000000    0.00000000    0.00000000    0.00000000    0.00000000    0.00000000    0.00000000 
max(|FNEB|)      :   0.00000000    0.00092907    0.00269594    0.00975487    0.00522912    0.00246768    0.00183888    0.00439527    0.01068694    0.00000000 
max(|Force|)     :   0.00173011    0.00095681    0.00195666    0.00881658    0.00682474    0.01574203    0.00184927    0.00727896    0.01754648    0.00133386 
ksp              :   0.01000000    0.01000000    0.01000000    0.01000000    0.05673100    0.10000000    0.10000000    0.08003862    0.01985814 
max(|step|)      :   0.00000000    0.00573019    0.01669085    0.04978560    0.00906718    0.00269688    0.00343061    0.00743861    0.01937502    0.00000000 
angle (deg.)     :    50.6417  83.9468  83.2098  70.9639  71.0952  44.8932  64.4525  60.6368 
>
iteration       : 310
climbing        : yes
zoom on         : no
nim             : 10
barrier         :   0.01177109 (image:  6) 
distance        :   0.00000000    4.92812508    9.62891623   13.56740775   16.29525945   17.31410162   17.89546187   18.38967508   18.86364805   21.30766798 
energy          : -1076.31736593  -1076.32956242  -1076.33454579  -1076.32444874  -1076.32106344  -1076.31128168  -1076.30559484  -1076.30809059  -1076.31590086  -1076.34881019 
max(|Fr_perp|)   :   0.00000000    0.00143421    0.00224304    0.01282798    0.00891321    0.00315712    0.00241169    0.00480109    0.02391567    0.00000000 
Fr_paral         :   0.00000000    0.00206532    0.00091006    0.00796070   -0.00405887   -0.02613265    0.00041000    0.01041629    0.02428514    0.00000000 
max(|Fsp_paral|) :   0.00000000    0.00095893    0.00293215    0.00549341    0.00683827    0.00032388    0.00387886    0.00426127    0.00703938    0.00000000 
max(|Fsp_perp|)  :   0.00000000    0.00000000    0.00000000    0.00000000    0.00000000    0.00000000    0.00000000    0.00000000    0.00000000    0.00000000 
max(|FNEB|)      :   0.00000000    0.00175799    0.00292293    0.01294898    0.00880037    0.00308256    0.00241912    0.00480139    0.02375580    0.00000000 
max(|Force|)     :   0.00173011    0.00166523    0.00221302    0.01276415    0.00894536    0.01533192    0.00240426    0.00759122    0.02356797    0.00133386 
ksp              :   0.01000000    0.01000000    0.01000000    0.01000000    0.05651928    0.10000000    0.10000000    0.08091781    0.02120164 
max(|step|)      :   0.00000000    0.00295636    0.00862595    0.02582750    0.00211784    0.00211104    0.00083709    0.00248841    0.01245976    0.00000000 
angle (deg.)     :    50.6020  83.9186  83.4113  70.8689  70.8484  45.2370  63.6197  60.4191 
>
iteration       : 311
climbing        : yes
zoom on         : no
nim             : 10
barrier         :   0.01176654 (image:  6) 
distance        :   0.00000000    4.92116829    9.61370335   13.55044264   16.31785390   17.33746583   17.91862328   18.41112255   18.90694538   21.33890010 
energy          : -1076.31736593  -1076.32955225  -1076.33454092  -1076.32468859  -1076.32116611  -1076.31134587  -1076.30559938  -1076.30803455  -1076.31681680  -1076.34881019 
max(|Fr_perp|)   :   0.00000000    0.00113714    0.00177638    0.00986199    0.00686804    0.00252587    0.00225792    0.00504184    0.01952895    0.00000000 
Fr_paral         :   0.00000000    0.00203905    0.00093401    0.00782077   -0.00424824   -0.02628438    0.00037180    0.01023038    0.02671271    0.00000000 
max(|Fsp_paral|) :   0.00000000    0.00096440    0.00295793    0.00530964    0.00667228    0.00056815    0.00392342    0.00340963    0.00306744    0.00000000 
max(|Fsp_perp|)  :   0.00000000    0.00000000    0.00000000    0.00000000    0.00000000    0.00000000    0.00000000    0.00000000    0.00000000    0.00000000 
max(|FNEB|)      :   0.00000000    0.00152056    0.00291576    0.00998664    0.00671573    0.00243460    0.00226482    0.00505328    0.01969686    0.00000000 
max(|Force|)     :   0.00173011    0.00136547    0.00174636    0.00991879    0.00690799    0.01523219    0.00225103    0.00743629    0.01955618    0.00133386 
ksp              :   0.01000000    0.01000000    0.01000000    0.01000000    0.05604622    0.10000000    0.10000000    0.08137385    0.01420012 
max(|step|)      :   0.00000000    0.01158338    0.03371527    0.10000000    0.00838536    0.00453621    0.00276535    0.00641011    0.01504791    0.00000000 
angle (deg.)     :    50.4517  83.8295  84.4403  70.6545  69.8532  46.5546  63.2620  60.1492 
>
iteration       : 312
climbing        : yes
zoom on         : no
nim             : 10
barrier         :   0.01175322 (image:  6) 
distance        :   0.00000000    4.89395589    9.55499324   13.49275657   16.42072208   17.44511624   18.02596557   18.51732372   19.04349312   21.46203198 
energy          : -1076.31736593  -1076.32950831  -1076.33447869  -1076.32526441  -1076.32142323  -1076.31145796  -1076.30561271  -1076.30794214  -1076.31797890  -1076.34881019 
max(|Fr_perp|)   :   0.00000000    0.00034631    0.00105047    0.00546828    0.00516674    0.00144082    0.00120315    0.00352516    0.00750854    0.00000000 
Fr_paral         :   0.00000000    0.00194001    0.00100374    0.00738163   -0.00434072   -0.02646547    0.00029529    0.00982451    0.02994806    0.00000000 
max(|Fsp_paral|) :   0.00000000    0.00098246    0.00296116    0.00457904    0.00620902    0.00087072    0.00390898    0.00223489    0.01012920    0.00000000 
max(|Fsp_perp|)  :   0.00000000    0.00000000    0.00000000    0.00000000    0.00000000    0.00000000    0.00000000    0.00000000    0.00000000    0.00000000 
max(|FNEB|)      :   0.00000000    0.00093733    0.00288618    0.00781673    0.00209101    0.00181802    0.00123132    0.00277621    0.01226103    0.00000000 
max(|Force|)     :   0.00173011    0.00087246    0.00102963    0.00545921    0.00613568    0.01513407    0.00126973    0.00698343    0.02048342    0.00133386 
ksp              :   0.01000000    0.01000000    0.01000000    0.01000000    0.05524105    0.10000000    0.10000000    0.08217901    0.01000000 
max(|step|)      :   0.00000000    0.00270108    0.00831703    0.02252524    0.00602560    0.00523894    0.00354827    0.00800011    0.03533223    0.00000000 
angle (deg.)     :    50.4242  83.7653  84.4941  70.4901  69.6547  45.8913  64.6226  58.8949 
>
iteration       : 313
climbing        : yes
zoom on         : no
nim             : 10
barrier         :   0.01176645 (image:  6) 
distance        :   0.00000000    4.88725547    9.54088443   13.47639820   16.42870291   17.45530692   18.03231190   18.52950576   19.01395634   21.44654713 
energy          : -1076.31736593  -1076.32949642  -1076.33447477  -1076.32533270  -1076.32151166  -1076.31144303  -1076.30559948  -1076.30793862  -1076.31717203  -1076.34881019 
max(|Fr_perp|)   :   0.00000000    0.00055248    0.00093129    0.00959724    0.00673108    0.00145616    0.00286944    0.00690712    0.01419362    0.00000000 
Fr_paral         :   0.00000000    0.00181032    0.00112548    0.00685969   -0.00480503   -0.02672762    0.00023615    0.00985952    0.03016418    0.00000000 
max(|Fsp_paral|) :   0.00000000    0.00098548    0.00296362    0.00443335    0.00628697    0.00053600    0.00348233    0.00376363    0.00639263    0.00000000 
max(|Fsp_perp|)  :   0.00000000    0.00000000    0.00000000    0.00000000    0.00000000    0.00000000    0.00000000    0.00000000    0.00000000    0.00000000 
max(|FNEB|)      :   0.00000000    0.00087935    0.00261800    0.00939534    0.00486067    0.00142787    0.00288868    0.00702501    0.01436571    0.00000000 
max(|Force|)     :   0.00173011    0.00090742    0.00109692    0.00974372    0.00783960    0.01559414    0.00285020    0.00719463    0.01793660    0.00133386 
ksp              :   0.01000000    0.01000000    0.01000000    0.01000000    0.05530343    0.10000000    0.10000000    0.08210823    0.01148311 
max(|step|)      :   0.00000000    0.00229800    0.00701103    0.01979630    0.00389443    0.00331248    0.00114677    0.00309046    0.02008105    0.00000000 
angle (deg.)     :    50.3857  83.7143  84.5509  70.3766  69.5463  45.6580  65.8205  58.3922 
>
iteration       : 314
climbing        : yes
zoom on         : no
nim             : 10
barrier         :   0.01175054 (image:  6) 
distance        :   0.00000000    4.88137760    9.52830983   13.46233262   16.43629416   17.46527974   18.03985486   18.53978883   18.99947842   21.44284498 
energy          : -1076.31736593  -1076.32948705  -1076.33446194  -1076.32565872  -1076.32161502  -1076.31139943  -1076.30561539  -1076.30806417  -1076.31659351  -1076.34881019 
max(|Fr_perp|)   :   0.00000000    0.00031700    0.00054690    0.00513253    0.00709818    0.00064534    0.00156164    0.00336372    0.00435846    0.00000000 
Fr_paral         :   0.00000000    0.00190669    0.00104927    0.00661002   -0.00514196   -0.02667256    0.00029414    0.01019956    0.02985040    0.00000000 
max(|Fsp_paral|) :   0.00000000    0.00098902    0.00300281    0.00432155    0.00644663    0.00008312    0.00328720    0.00480099    0.00083070    0.00000000 
max(|Fsp_perp|)  :   0.00000000    0.00000000    0.00000000    0.00000000    0.00000000    0.00000000    0.00000000    0.00000000    0.00000000    0.00000000 
max(|FNEB|)      :   0.00000000    0.00090166    0.00284908    0.00745930    0.00202617    0.00064240    0.00157794    0.00346132    0.00484898    0.00000000 
max(|Force|)     :   0.00173011    0.00089427    0.00072802    0.00403199    0.00830036    0.01571008    0.00155737    0.00723584    0.01817948    0.00133386 
ksp              :   0.01000000    0.01000000    0.01000000    0.01000000    0.05569870    0.10000000    0.10000000    0.08124422    0.01591610 
max(|step|)      :   0.00000000    0.00298636    0.00929703    0.02509769    0.00369313    0.00221283    0.00211544    0.00480949    0.00880134    0.00000000 
angle (deg.)     :    50.3410  83.6436  84.6319  70.2882  69.4349  45.8035  66.3750  58.2477 
>
iteration       : 315
climbing        : yes
zoom on         : no
nim             : 10
barrier         :   0.01174544 (image:  6) 
distance        :   0.00000000    4.87372476    9.51199809   13.44447609   16.44697584   17.47845640   18.05134398   18.55103467   19.00640166   21.45267835 
energy          : -1076.31736593  -1076.32947381  -1076.33444203  -1076.32589721  -1076.32167458  -1076.31135561  -1076.30562049  -1076.30806151  -1076.31634244  -1076.34881019 
max(|Fr_perp|)   :   0.00000000    0.00028721    0.00058524    0.00427230    0.00654303    0.00062031    0.00092222    0.00351069    0.00599460    0.00000000 
Fr_paral         :   0.00000000    0.00196372    0.00101654    0.00656125   -0.00530260   -0.02655132    0.00030036    0.01015343    0.02929208    0.00000000 
max(|Fsp_paral|) :   0.00000000    0.00099338    0.00302266    0.00418496    0.00659267    0.00030461    0.00322463    0.00490781    0.00354982    0.00000000 
max(|Fsp_perp|)  :   0.00000000    0.00000000    0.00000000    0.00000000    0.00000000    0.00000000    0.00000000    0.00000000    0.00000000    0.00000000 
max(|FNEB|)      :   0.00000000    0.00091285    0.00295833    0.00657512    0.00126409    0.00077867    0.00089866    0.00229475    0.00721004    0.00000000 
max(|Force|)     :   0.00173011    0.00091168    0.00076384    0.00391674    0.00780080    0.01574182    0.00094579    0.00709708    0.01845921    0.00133386 
ksp              :   0.01000000    0.01000000    0.01000000    0.01000000    0.05605432    0.10000000    0.10000000    0.08129556    0.01784253 
max(|step|)      :   0.00000000    0.00665864    0.02086366    0.05419609    0.00709941    0.00318354    0.00174565    0.00323731    0.00912387    0.00000000 
angle (deg.)     :    50.2481  83.4878  84.8713  70.1672  69.2515  46.3688  66.8820  58.1681 
>
iteration       : 316
climbing        : yes
zoom on         : no
nim             : 10
barrier         :   0.01176065 (image:  6) 
distance        :   0.00000000    4.85665240    9.47591960   13.40701841   16.47462177   17.51106992   18.08198336   18.57973725   19.04174486   21.48717019 
energy          : -1076.31736593  -1076.32944367  -1076.33439557  -1076.32622225  -1076.32172284  -1076.31128202  -1076.30560528  -1076.30790293  -1076.31613400  -1076.34881019 
max(|Fr_perp|)   :   0.00000000    0.00054804    0.00092143    0.00730219    0.00626146    0.00146488    0.00277763    0.00616733    0.00803405    0.00000000 
Fr_paral         :   0.00000000    0.00201442    0.00099294    0.00639018   -0.00540678   -0.02628521    0.00021306    0.00965740    0.02835760    0.00000000 
max(|Fsp_paral|) :   0.00000000    0.00100180    0.00302301    0.00387769    0.00677855    0.00087650    0.00318906    0.00439929    0.00501744    0.00000000 
max(|Fsp_perp|)  :   0.00000000    0.00000000    0.00000000    0.00000000    0.00000000    0.00000000    0.00000000    0.00000000    0.00000000    0.00000000 
max(|FNEB|)      :   0.00000000    0.00105123    0.00304048    0.00954813    0.00378547    0.00173997    0.00276152    0.00621131    0.00966679    0.00000000 
max(|Force|)     :   0.00173011    0.00094559    0.00094459    0.00698130    0.00710475    0.01588252    0.00279374    0.00706874    0.01958961    0.00133386 
ksp              :   0.01000000    0.01000000    0.01000000    0.01000000    0.05655792    0.10000000    0.10000000    0.08241691    0.01942747 
max(|step|)      :   0.00000000    0.01251815    0.03937029    0.10000000    0.01185375    0.00356575    0.00298777    0.00491390    0.00808349    0.00000000 
angle (deg.)     :    50.0818  83.2190  85.5456  70.0538  69.0111  47.5300  67.2495  58.2169 
>
iteration       : 317
climbing        : yes
zoom on         : no
nim             : 10
barrier         :   0.01178534 (image:  6) 
distance        :   0.00000000    4.82444611    9.40894269   13.34557800   16.54093891   17.58608132   18.15627234   18.65114275   19.13377976   21.57288037 
energy          : -1076.31736593  -1076.32938539  -1076.33430575  -1076.32667420  -1076.32173944  -1076.31119610  -1076.30558059  -1076.30765371  -1076.31614435  -1076.34881019 
max(|Fr_perp|)   :   0.00000000    0.00079646    0.00129408    0.01182129    0.00739828    0.00229144    0.00400927    0.00932505    0.01002032    0.00000000 
Fr_paral         :   0.00000000    0.00211436    0.00093991    0.00605074   -0.00528734   -0.02584472    0.00009971    0.00883094    0.02762408    0.00000000 
max(|Fsp_paral|) :   0.00000000    0.00101316    0.00295428    0.00330729    0.00690775    0.00153373    0.00322373    0.00326565    0.00359640    0.00000000 
max(|Fsp_perp|)  :   0.00000000    0.00000000    0.00000000    0.00000000    0.00000000    0.00000000    0.00000000    0.00000000    0.00000000    0.00000000 
max(|FNEB|)      :   0.00000000    0.00133906    0.00312220    0.01367037    0.00613177    0.00304133    0.00409264    0.00962069    0.01103637    0.00000000 
max(|Force|)     :   0.00173011    0.00105471    0.00131936    0.01201319    0.00821412    0.01613637    0.00410623    0.00950756    0.02043963    0.00133386 
ksp              :   0.01000000    0.01000000    0.01000000    0.01000000    0.05713190    0.10000000    0.10000000    0.08423133    0.01945449 
max(|step|)      :   0.00000000    0.00150093    0.00349961    0.01532284    0.00687298    0.00340897    0.00458736    0.01078363    0.01237044    0.00000000 
angle (deg.)     :    50.0816  83.1776  85.5596  70.0802  68.8638  47.4359  66.1847  58.1417 
>
iteration       : 318
climbing        : yes
zoom on         : no
nim             : 10
barrier         :   0.01174724 (image:  6) 
distance        :   0.00000000    4.82176234    9.40363198   13.33975504   16.54357665   17.58578912   18.15917552   18.65457370   19.14777765   21.57906389 
energy          : -1076.31736593  -1076.32938167  -1076.33431060  -1076.32704480  -1076.32186343  -1076.31134557  -1076.30561869  -1076.30785187  -1076.31688122  -1076.34881019 
max(|Fr_perp|)   :   0.00000000    0.00049981    0.00089320    0.00508758    0.00643095    0.00139634    0.00128760    0.00342428    0.00830685    0.00000000 
Fr_paral         :   0.00000000    0.00196145    0.00115982    0.00560110   -0.00539461   -0.02628452    0.00024934    0.00935035    0.02987788    0.00000000 
max(|Fsp_paral|) :   0.00000000    0.00101298    0.00300973    0.00326038    0.00648143    0.00065978    0.00336226    0.00320272    0.00406332    0.00000000 
max(|Fsp_perp|)  :   0.00000000    0.00000000    0.00000000    0.00000000    0.00000000    0.00000000    0.00000000    0.00000000    0.00000000    0.00000000 
max(|FNEB|)      :   0.00000000    0.00088254    0.00276981    0.00551906    0.00373936    0.00202784    0.00130730    0.00348124    0.00749694    0.00000000 
max(|Force|)     :   0.00173011    0.00098760    0.00103231    0.00499971    0.00725225    0.01632275    0.00126790    0.00668213    0.01945145    0.00133386 
ksp              :   0.01000000    0.01000000    0.01000000    0.01000000    0.05612419    0.10000000    0.10000000    0.08289079    0.01371355 
max(|step|)      :   0.00000000    0.00093023    0.00287457    0.00520701    0.00264308    0.00226995    0.00043614    0.00077419    0.00834659    0.00000000 
angle (deg.)     :    50.0656  83.1438  85.5736  70.0848  68.7123  47.4194  65.9125  58.1608 
>
iteration       : 319
climbing        : yes
zoom on         : no
nim             : 10
barrier         :   0.01174349 (image:  6) 
distance        :   0.00000000    4.81934419    9.39853522   13.33439752   16.54537898   17.58616586   18.16112921   18.65723565   19.15061654   21.58147957 
energy          : -1076.31736593  -1076.32937756  -1076.33431124  -1076.32715851  -1076.32192361  -1076.31142227  -1076.30562244  -1076.30787497  -1076.31709696  -1076.34881019 
max(|Fr_perp|)   :   0.00000000    0.00033441    0.00065839    0.00359647    0.00603845    0.00105918    0.00121314    0.00332203    0.00618571    0.00000000 
Fr_paral         :   0.00000000    0.00201096    0.00110847    0.00551749   -0.00537863   -0.02650315    0.00025045    0.00942736    0.03058562    0.00000000 
max(|Fsp_paral|) :   0.00000000    0.00101415    0.00302054    0.00322748    0.00624287    0.00018350    0.00340366    0.00325022    0.00621276    0.00000000 
max(|Fsp_perp|)  :   0.00000000    0.00000000    0.00000000    0.00000000    0.00000000    0.00000000    0.00000000    0.00000000    0.00000000    0.00000000 
max(|FNEB|)      :   0.00000000    0.00086695    0.00288273    0.00562674    0.00202854    0.00121560    0.00123306    0.00263450    0.00465713    0.00000000 
max(|Force|)     :   0.00173011    0.00099935    0.00080337    0.00392742    0.00734463    0.01617401    0.00119322    0.00676392    0.01923799    0.00133386 
ksp              :   0.01000000    0.01000000    0.01000000    0.01000000    0.05555111    0.10000000    0.10000000    0.08273700    0.01206130 
max(|step|)      :   0.00000000    0.00489257    0.01598746    0.02964917    0.01324644    0.00919447    0.00174804    0.00380432    0.03438252    0.00000000 
angle (deg.)     :    49.9931  82.9539  85.6664  70.1360  68.1319  47.6831  65.8782  58.8918 
>
iteration       : 320
climbing        : yes
zoom on         : no
nim             : 10
barrier         :   0.01173771 (image:  6) 
distance        :   0.00000000    4.80616148    9.37099313   13.30603461   16.55551872   17.59315994   18.17444705   18.67442155   19.15859760   21.59832545 
energy          : -1076.31736593  -1076.32935353  -1076.33428751  -1076.32748731  -1076.32203225  -1076.31161520  -1076.30562822  -1076.30793966  -1076.31697624  -1076.34881019 
max(|Fr_perp|)   :   0.00000000    0.00040414    0.00059427    0.00422497    0.00582250    0.00085561    0.00071809    0.00351236    0.00379495    0.00000000 
Fr_paral         :   0.00000000    0.00210088    0.00102759    0.00541509   -0.00486095   -0.02682055    0.00025186    0.00960196    0.02996489    0.00000000 
max(|Fsp_paral|) :   0.00000000    0.00101951    0.00302631    0.00305507    0.00554964    0.00115921    0.00352779    0.00375283    0.00434866    0.00000000 
max(|Fsp_perp|)  :   0.00000000    0.00000000    0.00000000    0.00000000    0.00000000    0.00000000    0.00000000    0.00000000    0.00000000    0.00000000 
max(|FNEB|)      :   0.00000000    0.00103387    0.00305335    0.00597304    0.00223485    0.00148468    0.00072363    0.00182062    0.00439632    0.00000000 
max(|Force|)     :   0.00173011    0.00103002    0.00060651    0.00417170    0.00696386    0.01533815    0.00071256    0.00684755    0.01853786    0.00133386 
ksp              :   0.01000000    0.01000000    0.01000000    0.01000000    0.05409424    0.10000000    0.10000000    0.08227679    0.01298798 
max(|step|)      :   0.00000000    0.00435583    0.01447827    0.02759249    0.00707407    0.00179246    0.00106596    0.00164983    0.00930258    0.00000000 
angle (deg.)     :    49.9355  82.7756  85.7580  70.0921  67.6879  48.0369  66.1082  59.2176 
>
iteration       : 321
climbing        : yes
zoom on         : no
nim             : 10
barrier         :   0.01173641 (image:  6) 
distance        :   0.00000000    4.79435827    9.34647606   13.28126527   16.56242615   17.60241634   18.18299414   18.68442485   19.16754425   21.61035175 
energy          : -1076.31736593  -1076.32933219  -1076.33426219  -1076.32778427  -1076.32207896  -1076.31157957  -1076.30562951  -1076.30794662  -1076.31672769  -1076.34881019 
max(|Fr_perp|)   :   0.00000000    0.00025904    0.00073507    0.00346388    0.00453802    0.00100912    0.00036768    0.00353305    0.01640658    0.00000000 
Fr_paral         :   0.00000000    0.00207191    0.00106393    0.00529540   -0.00460373   -0.02672656    0.00023679    0.00959231    0.02882261    0.00000000 
max(|Fsp_paral|) :   0.00000000    0.00102371    0.00302801    0.00291459    0.00557462    0.00088026    0.00343728    0.00384043    0.00176994    0.00000000 
max(|Fsp_perp|)  :   0.00000000    0.00000000    0.00000000    0.00000000    0.00000000    0.00000000    0.00000000    0.00000000    0.00000000    0.00000000 
max(|FNEB|)      :   0.00000000    0.00092106    0.00299892    0.00537114    0.00238199    0.00149817    0.00034934    0.00071586    0.01654669    0.00000000 
max(|Force|)     :   0.00173011    0.00104722    0.00074727    0.00398065    0.00561929    0.01526529    0.00038601    0.00681821    0.01965401    0.00133386 
ksp              :   0.01000000    0.01000000    0.01000000    0.01000000    0.05437233    0.10000000    0.10000000    0.08223143    0.01489424 
max(|step|)      :   0.00000000    0.00931800    0.03070848    0.05796427    0.01285707    0.00303694    0.00225739    0.00221133    0.00852213    0.00000000 
angle (deg.)     :    49.8130  82.4084  86.0339  70.0111  66.9037  48.7982  66.3377  59.7407 
>
iteration       : 322
climbing        : yes
zoom on         : no
nim             : 10
barrier         :   0.01174071 (image:  6) 
distance        :   0.00000000    4.76928811    9.29472874   13.23224946   16.58177775   17.62776821   18.20642853   18.71039835   19.19850748   21.64264066 
energy          : -1076.31736593  -1076.32928601  -1076.33420932  -1076.32820400  -1076.32208979  -1076.31148553  -1076.30562521  -1076.30792540  -1076.31666804  -1076.34881019 
max(|Fr_perp|)   :   0.00000000    0.00027758    0.00091877    0.00416852    0.00440760    0.00141717    0.00085001    0.00363907    0.01390610    0.00000000 
Fr_paral         :   0.00000000    0.00206920    0.00107590    0.00511760   -0.00399531   -0.02647938    0.00020517    0.00946312    0.02798089    0.00000000 
max(|Fsp_paral|) :   0.00000000    0.00103128    0.00297438    0.00261948    0.00565889    0.00015000    0.00324595    0.00374015    0.00141502    0.00000000 
max(|Fsp_perp|)  :   0.00000000    0.00000000    0.00000000    0.00000000    0.00000000    0.00000000    0.00000000    0.00000000    0.00000000    0.00000000 
max(|FNEB|)      :   0.00000000    0.00095609    0.00292988    0.00485163    0.00305757    0.00143880    0.00085560    0.00229213    0.01402177    0.00000000 
max(|Force|)     :   0.00173011    0.00108272    0.00089892    0.00523379    0.00505856    0.01515557    0.00084442    0.00686226    0.02059293    0.00133386 
ksp              :   0.01000000    0.01000000    0.01000000    0.01000000    0.05507694    0.10000000    0.10000000    0.08236764    0.01534971 
max(|step|)      :   0.00000000    0.01623565    0.05336007    0.10000000    0.01709702    0.00385265    0.00392638    0.00384836    0.00799971    0.00000000 
angle (deg.)     :    49.6109  81.8122  86.7502  69.8947  65.8833  49.9159  66.8064  60.1371 
>
iteration       : 323
climbing        : yes
zoom on         : no
nim             : 10
barrier         :   0.01174462 (image:  6) 
distance        :   0.00000000    4.72571427    9.20618616   13.15860388   16.63097459   17.68684160   18.26344509   18.77170052   19.26420207   21.70996059 
energy          : -1076.31736593  -1076.32920346  -1076.33412029  -1076.32883701  -1076.32209783  -1076.31139613  -1076.30562130  -1076.30790522  -1076.31660923  -1076.34881019 
max(|Fr_perp|)   :   0.00000000    0.00045628    0.00091089    0.00581586    0.00497446    0.00174602    0.00120688    0.00373214    0.01619391    0.00000000 
Fr_paral         :   0.00000000    0.00207395    0.00112052    0.00482392   -0.00320550   -0.02623440    0.00016959    0.00930700    0.02743442    0.00000000 
max(|Fsp_paral|) :   0.00000000    0.00103860    0.00279586    0.00212378    0.00561782    0.00071562    0.00297085    0.00370941    0.00084908    0.00000000 
max(|Fsp_perp|)  :   0.00000000    0.00000000    0.00000000    0.00000000    0.00000000    0.00000000    0.00000000    0.00000000    0.00000000    0.00000000 
max(|FNEB|)      :   0.00000000    0.00098684    0.00268379    0.00592857    0.00433801    0.00195665    0.00124254    0.00235768    0.01700573    0.00000000 
max(|Force|)     :   0.00173011    0.00113215    0.00089800    0.00613352    0.00550467    0.01509263    0.00125006    0.00687006    0.02016974    0.00133386 
ksp              :   0.01000000    0.01000000    0.01000000    0.01000000    0.05576681    0.10000000    0.10000000    0.08250244    0.01595884 
max(|step|)      :   0.00000000    0.00109143    0.00296823    0.00655690    0.00479777    0.00216402    0.00137423    0.00260755    0.01880807    0.00000000 
angle (deg.)     :    49.5884  81.7597  86.7570  69.8157  65.9678  49.6722  66.4561  59.6826 
>
iteration       : 324
climbing        : yes
zoom on         : no
nim             : 10
barrier         :   0.01173579 (image:  6) 
distance        :   0.00000000    4.72300816    9.20075123   13.15288558   16.62937268   17.68276627   18.26064150   18.76856574   19.26449863   21.70520201 
energy          : -1076.31736593  -1076.32919838  -1076.33412189  -1076.32904409  -1076.32224291  -1076.31150644  -1076.30563013  -1076.30791781  -1076.31698347  -1076.34881019 
max(|Fr_perp|)   :   0.00000000    0.00042735    0.00066947    0.00380021    0.00488491    0.00152803    0.00054098    0.00376426    0.01519867    0.00000000 
Fr_paral         :   0.00000000    0.00222768    0.00102996    0.00452628   -0.00378837   -0.02656114    0.00017426    0.00936233    0.02901067    0.00000000 
max(|Fsp_paral|) :   0.00000000    0.00103884    0.00281587    0.00209893    0.00534208    0.00004762    0.00303436    0.00360115    0.00499697    0.00000000 
max(|Fsp_perp|)  :   0.00000000    0.00000000    0.00000000    0.00000000    0.00000000    0.00000000    0.00000000    0.00000000    0.00000000    0.00000000 
max(|FNEB|)      :   0.00000000    0.00109608    0.00281824    0.00505214    0.00331550    0.00151743    0.00054481    0.00084829    0.01534339    0.00000000 
max(|Force|)     :   0.00173011    0.00115237    0.00065383    0.00411179    0.00576086    0.01518750    0.00053715    0.00691759    0.01871184    0.00133386 
ksp              :   0.01000000    0.01000000    0.01000000    0.01000000    0.05493550    0.10000000    0.10000000    0.08245615    0.01293300 
max(|step|)      :   0.00000000    0.00096213    0.00295074    0.00518558    0.00389676    0.00177310    0.00040944    0.00052222    0.00680213    0.00000000 
angle (deg.)     :    49.5753  81.7061  86.7644  69.7588  66.0349  49.5163  66.4163  59.3182 
>
iteration       : 325
climbing        : yes
zoom on         : no
nim             : 10
barrier         :   0.01173245 (image:  6) 
distance        :   0.00000000    4.72040434    9.19570719   13.14753727   16.62802055   17.68017210   18.25856906   18.76637188   19.26096440   21.70024950 
energy          : -1076.31736593  -1076.32919349  -1076.33412078  -1076.32911950  -1076.32231816  -1076.31156727  -1076.30563347  -1076.30791697  -1076.31714718  -1076.34881019 
max(|Fr_perp|)   :   0.00000000    0.00038971    0.00047161    0.00336504    0.00563565    0.00122314    0.00058820    0.00370046    0.00756913    0.00000000 
Fr_paral         :   0.00000000    0.00222684    0.00103593    0.00442057   -0.00416513   -0.02673584    0.00017643    0.00936537    0.02996504    0.00000000 
max(|Fsp_paral|) :   0.00000000    0.00103827    0.00281738    0.00207603    0.00521128    0.00030224    0.00305393    0.00363198    0.00662810    0.00000000 
max(|Fsp_perp|)  :   0.00000000    0.00000000    0.00000000    0.00000000    0.00000000    0.00000000    0.00000000    0.00000000    0.00000000    0.00000000 
max(|FNEB|)      :   0.00000000    0.00105786    0.00281159    0.00488591    0.00273757    0.00109581    0.00059207    0.00105509    0.00766953    0.00000000 
max(|Force|)     :   0.00173011    0.00115386    0.00056395    0.00381807    0.00659956    0.01528871    0.00058433    0.00685433    0.01837512    0.00133386 
ksp              :   0.01000000    0.01000000    0.01000000    0.01000000    0.05448168    0.10000000    0.10000000    0.08248322    0.01167797 
max(|step|)      :   0.00000000    0.00494416    0.01508476    0.02603401    0.01730360    0.00728062    0.00172139    0.00224997    0.03130048    0.00000000 
angle (deg.)     :    49.5102  81.4318  86.8140  69.6080  66.5239  49.2521  67.2953  58.1893 
>
iteration       : 326
climbing        : yes
zoom on         : no
nim             : 10
barrier         :   0.01172756 (image:  6) 
distance        :   0.00000000    4.70712408    9.17003335   13.12082309   16.62220913   17.67380784   18.25341211   18.76098133   19.23977181   21.68299261 
energy          : -1076.31736593  -1076.32916835  -1076.33410303  -1076.32936910  -1076.32245508  -1076.31165398  -1076.30563837  -1076.30790254  -1076.31675493  -1076.34881019 
max(|Fr_perp|)   :   0.00000000    0.00037236    0.00056412    0.00314608    0.00680850    0.00057176    0.00048167    0.00344892    0.00396549    0.00000000 
Fr_paral         :   0.00000000    0.00216329    0.00107512    0.00410206   -0.00519374   -0.02694924    0.00017845    0.00930796    0.03024911    0.00000000 
max(|Fsp_paral|) :   0.00000000    0.00103512    0.00280055    0.00196674    0.00509463    0.00077688    0.00308952    0.00406970    0.00197557    0.00000000 
max(|Fsp_perp|)  :   0.00000000    0.00000000    0.00000000    0.00000000    0.00000000    0.00000000    0.00000000    0.00000000    0.00000000    0.00000000 
max(|FNEB|)      :   0.00000000    0.00090931    0.00274721    0.00418726    0.00257786    0.00066592    0.00048374    0.00060779    0.00357158    0.00000000 
max(|Force|)     :   0.00173011    0.00116295    0.00074211    0.00362604    0.00803358    0.01601231    0.00047960    0.00669496    0.01856083    0.00133386 
ksp              :   0.01000000    0.01000000    0.01000000    0.01000000    0.05383478    0.10000000    0.10000000    0.08262422    0.01468894 
max(|step|)      :   0.00000000    0.00348160    0.01059998    0.01514824    0.00534747    0.00160094    0.00085553    0.00133827    0.00389644    0.00000000 
angle (deg.)     :    49.4562  81.2354  86.8524  69.5707  66.4192  49.5016  67.1889  58.1728 
>
iteration       : 327
climbing        : yes
zoom on         : no
nim             : 10
barrier         :   0.01172698 (image:  6) 
distance        :   0.00000000    4.69775021    9.15170422   13.10197512   16.61825837   17.67258726   18.25043629   18.75673115   19.24256568   21.68310875 
energy          : -1076.31736593  -1076.32915017  -1076.33409085  -1076.32953684  -1076.32250312  -1076.31160793  -1076.30563894  -1076.30786306  -1076.31687863  -1076.34881019 
max(|Fr_perp|)   :   0.00000000    0.00042964    0.00052878    0.00326474    0.00523653    0.00058909    0.00048941    0.00355943    0.00761844    0.00000000 
Fr_paral         :   0.00000000    0.00226166    0.00102175    0.00399695   -0.00525700   -0.02684102    0.00017216    0.00916743    0.03032416    0.00000000 
max(|Fsp_paral|) :   0.00000000    0.00103381    0.00278329    0.00189992    0.00529627    0.00037414    0.00306171    0.00374108    0.00363578    0.00000000 
max(|Fsp_perp|)  :   0.00000000    0.00000000    0.00000000    0.00000000    0.00000000    0.00000000    0.00000000    0.00000000    0.00000000    0.00000000 
max(|FNEB|)      :   0.00000000    0.00109321    0.00278529    0.00449261    0.00143554    0.00069588    0.00048989    0.00071104    0.00774979    0.00000000 
max(|Force|)     :   0.00173011    0.00118385    0.00057984    0.00348788    0.00650373    0.01595042    0.00048894    0.00668241    0.01893637    0.00133386 
ksp              :   0.01000000    0.01000000    0.01000000    0.01000000    0.05419038    0.10000000    0.10000000    0.08293079    0.01373981 
max(|step|)      :   0.00000000    0.00630055    0.01946174    0.02688859    0.00659688    0.00204800    0.00150678    0.00206257    0.00352201    0.00000000 
angle (deg.)     :    49.3683  80.8754  86.9428  69.5307  66.1811  49.9591  67.1257  58.1835 
>
iteration       : 328
climbing        : yes
zoom on         : no
nim             : 10
barrier         :   0.01172747 (image:  6) 
distance        :   0.00000000    4.68060523    9.11855928   13.06868576   16.61292807   17.67202798   18.24717109   18.75182898   19.24667906   21.68463466 
energy          : -1076.31736593  -1076.32911726  -1076.33406826  -1076.32974685  -1076.32251945  -1076.31154115  -1076.30563845  -1076.30780587  -1076.31704044  -1076.34881019 
max(|Fr_perp|)   :   0.00000000    0.00032007    0.00047202    0.00466794    0.00582419    0.00075691    0.00055103    0.00354716    0.00351589    0.00000000 
Fr_paral         :   0.00000000    0.00224645    0.00102720    0.00393432   -0.00514433   -0.02669950    0.00015804    0.00895838    0.03047226    0.00000000 
max(|Fsp_paral|) :   0.00000000    0.00102978    0.00273257    0.00177503    0.00557164    0.00024090    0.00299972    0.00331246    0.00580551    0.00000000 
max(|Fsp_perp|)  :   0.00000000    0.00000000    0.00000000    0.00000000    0.00000000    0.00000000    0.00000000    0.00000000    0.00000000    0.00000000 
max(|FNEB|)      :   0.00000000    0.00094455    0.00271503    0.00582444    0.00291943    0.00079365    0.00054925    0.00046818    0.00315158    0.00000000 
max(|Force|)     :   0.00173011    0.00119981    0.00060439    0.00397269    0.00659949    0.01589687    0.00055280    0.00652239    0.01894221    0.00133386 
ksp              :   0.01000000    0.01000000    0.01000000    0.01000000    0.05470101    0.10000000    0.10000000    0.08336664    0.01249786 
max(|step|)      :   0.00000000    0.01924017    0.05905212    0.08045057    0.01356667    0.00449934    0.00455809    0.00475296    0.00681461    0.00000000 
angle (deg.)     :    49.0952  79.8210  87.3906  69.4874  65.5002  51.2267  67.7090  58.1940 
>
iteration       : 329
climbing        : yes
zoom on         : no
nim             : 10
barrier         :   0.01173228 (image:  6) 
distance        :   0.00000000    4.62844632    9.01837973   12.97601809   16.60990974   17.68212755   18.25166940   18.75385565   19.25644196   21.69723658 
energy          : -1076.31736593  -1076.32901457  -1076.33399509  -1076.33016243  -1076.32249334  -1076.31140838  -1076.30563364  -1076.30767359  -1076.31695500  -1076.34881019 
max(|Fr_perp|)   :   0.00000000    0.00054502    0.00069565    0.00874532    0.00657842    0.00105010    0.00107172    0.00363511    0.00389786    0.00000000 
Fr_paral         :   0.00000000    0.00232587    0.00091070    0.00361926   -0.00451329   -0.02642485    0.00013105    0.00845463    0.03000372    0.00000000 
max(|Fsp_paral|) :   0.00000000    0.00101478    0.00248819    0.00140793    0.00607990    0.00159281    0.00283176    0.00276682    0.00550734    0.00000000 
max(|Fsp_perp|)  :   0.00000000    0.00000000    0.00000000    0.00000000    0.00000000    0.00000000    0.00000000    0.00000000    0.00000000    0.00000000 
max(|FNEB|)      :   0.00000000    0.00119102    0.00255004    0.00968479    0.00505604    0.00216099    0.00107026    0.00110190    0.00441639    0.00000000 
max(|Force|)     :   0.00173011    0.00127886    0.00068511    0.00766980    0.00697058    0.01572084    0.00107318    0.00638060    0.01858598    0.00133386 
ksp              :   0.01000000    0.01000000    0.01000000    0.01000000    0.05570117    0.10000000    0.10000000    0.08435127    0.01315228 
max(|step|)      :   0.00000000    0.02431866    0.07426461    0.10000000    0.01236828    0.00575698    0.00583236    0.00576232    0.00773108    0.00000000 
angle (deg.)     :    48.7741  78.5860  88.2751  69.4530  64.8257  52.6200  68.3056  58.3520 
>
iteration       : 330
climbing        : yes
zoom on         : no
nim             : 10
barrier         :   0.01172909 (image:  6) 
distance        :   0.00000000    4.56251528    8.89459697   12.87765801   16.63243258   17.71506154   18.28416835   18.78583506   19.29868956   21.74145891 
energy          : -1076.31736593  -1076.32888119  -1076.33389431  -1076.33064485  -1076.32249133  -1076.31143118  -1076.30563684  -1076.30755370  -1076.31687209  -1076.34881019 
max(|Fr_perp|)   :   0.00000000    0.00077098    0.00077486    0.00754075    0.00728693    0.00112528    0.00154648    0.00356454    0.00606606    0.00000000 
Fr_paral         :   0.00000000    0.00235339    0.00106964    0.00357075   -0.00397765   -0.02640833    0.00009724    0.00796679    0.02938200    0.00000000 
max(|Fsp_paral|) :   0.00000000    0.00098360    0.00206433    0.00098263    0.00598435    0.00186050    0.00279073    0.00223497    0.00524398    0.00000000 
max(|Fsp_perp|)  :   0.00000000    0.00000000    0.00000000    0.00000000    0.00000000    0.00000000    0.00000000    0.00000000    0.00000000    0.00000000 
max(|FNEB|)      :   0.00000000    0.00085854    0.00194783    0.00775601    0.00598190    0.00229146    0.00157642    0.00183674    0.00645377    0.00000000 
max(|Force|)     :   0.00173011    0.00130024    0.00081161    0.00777408    0.00762314    0.01557739    0.00157838    0.00608735    0.01955840    0.00133386 
ksp              :   0.01000000    0.01000000    0.01000000    0.01000000    0.05555928    0.10000000    0.10000000    0.08530348    0.01384542 
max(|step|)      :   0.00000000    0.00107310    0.00243460    0.00969426    0.00747679    0.00286410    0.00197037    0.00229575    0.00806658    0.00000000 
angle (deg.)     :    48.7504  78.5199  88.2764  69.3699  64.8030  52.3518  68.3874  58.1744 
>
iteration       : 331
climbing        : yes
zoom on         : no
nim             : 10
barrier         :   0.01171996 (image:  6) 
distance        :   0.00000000    4.55964445    8.88992286   12.87227175   16.62985392   17.70759574   18.28074051   18.78512146   19.28900280   21.73411570 
energy          : -1076.31736593  -1076.32887567  -1076.33389431  -1076.33095456  -1076.32272618  -1076.31156214  -1076.30564596  -1076.30761629  -1076.31690890  -1076.34881019 
max(|Fr_perp|)   :   0.00000000    0.00060836    0.00047634    0.00512511    0.00650776    0.00087834    0.00077660    0.00347787    0.00677911    0.00000000 
Fr_paral         :   0.00000000    0.00236398    0.00093380    0.00309604   -0.00449653   -0.02668074    0.00008773    0.00816385    0.03020211    0.00000000 
max(|Fsp_paral|) :   0.00000000    0.00097931    0.00208326    0.00096562    0.00545106    0.00086338    0.00285290    0.00267571    0.00518597    0.00000000 
max(|Fsp_perp|)  :   0.00000000    0.00000000    0.00000000    0.00000000    0.00000000    0.00000000    0.00000000    0.00000000    0.00000000    0.00000000 
max(|FNEB|)      :   0.00000000    0.00122640    0.00207987    0.00508460    0.00510155    0.00137732    0.00077696    0.00131566    0.00691185    0.00000000 
max(|Force|)     :   0.00173011    0.00137333    0.00056326    0.00518598    0.00690503    0.01585007    0.00077623    0.00617319    0.01832229    0.00133386 
ksp              :   0.01000000    0.01000000    0.01000000    0.01000000    0.05456844    0.10000000    0.10000000    0.08486946    0.01350963 
max(|step|)      :   0.00000000    0.00125312    0.00249638    0.00639293    0.00651379    0.00198377    0.00065539    0.00144970    0.00420349    0.00000000 
angle (deg.)     :    48.7386  78.4502  88.2775  69.3052  64.7395  52.1808  68.5436  58.1186 
>
iteration       : 332
climbing        : yes
zoom on         : no
nim             : 10
barrier         :   0.01171595 (image:  6) 
distance        :   0.00000000    4.55684903    8.88557982   12.86716346   16.62731090   17.70203356   18.27760991   18.78407743   19.28023199   21.72823645 
energy          : -1076.31736593  -1076.32887049  -1076.33389267  -1076.33105638  -1076.32283321  -1076.31164000  -1076.30564998  -1076.30766003  -1076.31681232  -1076.34881019 
max(|Fr_perp|)   :   0.00000000    0.00035616    0.00038483    0.00332625    0.00538871    0.00060033    0.00031160    0.00351295    0.00299638    0.00000000 
Fr_paral         :   0.00000000    0.00236459    0.00097671    0.00307545   -0.00475703   -0.02683799    0.00008316    0.00830552    0.03029357    0.00000000 
max(|Fsp_paral|) :   0.00000000    0.00097419    0.00208680    0.00095076    0.00514254    0.00026654    0.00287776    0.00303965    0.00376643    0.00000000 
max(|Fsp_perp|)  :   0.00000000    0.00000000    0.00000000    0.00000000    0.00000000    0.00000000    0.00000000    0.00000000    0.00000000    0.00000000 
max(|FNEB|)      :   0.00000000    0.00097060    0.00205790    0.00370689    0.00390901    0.00070388    0.00030905    0.00074854    0.00208220    0.00000000 
max(|Force|)     :   0.00173011    0.00135205    0.00061676    0.00280249    0.00584133    0.01589129    0.00031414    0.00624987    0.01821274    0.00133386 
ksp              :   0.01000000    0.01000000    0.01000000    0.01000000    0.05398560    0.10000000    0.10000000    0.08455914    0.01425270 
max(|step|)      :   0.00000000    0.00301949    0.00666588    0.01094539    0.01463852    0.00361274    0.00080897    0.00297163    0.00642890    0.00000000 
angle (deg.)     :    48.7013  78.2633  88.2813  69.1909  64.5536  51.9179  68.8707  58.1390 
>
