NEB log file generated by ORCA
All quantities are given in atomic units. Unless stated otherwise. 
iteration       : 0
climbing        : no
zoom on         : no
nim             : 10
barrier         :   0.18015092 (image:  4) 
distance        :   0.00000000    1.10518885    2.21037770    3.31556655    4.42075540    5.52594425    6.63113310    7.73632196    8.84151081    9.94669966 
energy          : -1076.44982821  -1076.42078742  -1076.35985686  -1076.30174365  -1076.26967729  -1076.27682472  -1076.32124456  -1076.38792555  -1076.45273165  -1076.48254200 
max(|Fr_perp|)   :   0.00000000    0.12417771    0.21465970    0.27548114    0.30822993    0.35648342    0.34959980    0.28178152    0.16045032    0.00000000 
Fr_paral         :   0.00000000   -0.04685943   -0.05893870   -0.04422788   -0.01218745    0.02512779    0.05435614    0.06448159    0.04815947    0.00000000 
max(|Fsp_paral|) :   0.00000000    0.00868575    0.00828610    0.00457341    0.00000025    0.00101768    0.00633082    0.00950298    0.00882685    0.00000000 
max(|Fsp_perp|)  :   0.00000000    0.00000000    0.00000000    0.00000000    0.00000000    0.00000000    0.00000000    0.00000000    0.00000000    0.00000000 
max(|FNEB|)      :   0.00000000    0.11846038    0.21411432    0.27685685    0.30855909    0.35684835    0.35000688    0.28214982    0.16069426    0.00000000 
max(|Force|)     :   0.00151262    0.13449238    0.22769752    0.27320281    0.30860253    0.35674101    0.34971742    0.28177865    0.16039297    0.00156207 
ksp              :   0.02450485    0.05494072    0.08397498    0.10000000    0.10000000    0.09643501    0.07424829    0.04094077    0.01000000 
max(|step|)      :   0.00000000    0.03319628    0.06000149    0.07758390    0.08646785    0.10000000    0.09808281    0.07906715    0.04503153    0.00000000 
angle (deg.)     :    1.3169  1.2032  1.2758  1.3107  1.3026  1.2658  1.2047  1.2439 
>
iteration       : 1
climbing        : no
zoom on         : no
nim             : 10
barrier         :   0.08859908 (image:  4) 
distance        :   0.00000000    1.11654165    2.22267449    3.32475847    4.42557679    5.53011258    6.63013078    7.73278339    8.84006288    9.95675181 
energy          : -1076.44982821  -1076.43362830  -1076.40123894  -1076.37378193  -1076.36122913  -1076.36839642  -1076.39328393  -1076.42935832  -1076.46552688  -1076.48254200 
max(|Fr_perp|)   :   0.00000000    0.07710520    0.13095032    0.15966529    0.18273312    0.21231190    0.21017034    0.17186384    0.09975801    0.00000000 
Fr_paral         :   0.00000000   -0.02719419   -0.03245798   -0.02347782   -0.00398726    0.02008700    0.03369604    0.03795585    0.02836208    0.00000000 
max(|Fsp_paral|) :   0.00000000    0.00977012    0.00839935    0.00383904    0.00010110    0.00228292    0.00715900    0.00992010    0.00538507    0.00000000 
max(|Fsp_perp|)  :   0.00000000    0.00000000    0.00000000    0.00000000    0.00000000    0.00000000    0.00000000    0.00000000    0.00000000    0.00000000 
max(|FNEB|)      :   0.00000000    0.07342162    0.12736253    0.16058398    0.18274182    0.21222624    0.21029709    0.17267953    0.10052655    0.00000000 
max(|Force|)     :   0.00151262    0.08238438    0.13762767    0.16173696    0.18268870    0.21247017    0.20996368    0.17104304    0.09876251    0.00156207 
ksp              :   0.02645606    0.05935756    0.08724871    0.10000000    0.10000000    0.09271938    0.06743835    0.03079355    0.01000000 
max(|step|)      :   0.00000000    0.03639575    0.05971489    0.07285165    0.08514679    0.09947763    0.10000000    0.08419340    0.05042589    0.00000000 
angle (deg.)     :    3.6025  2.5688  2.5024  2.5931  2.5092  2.4971  2.6106  3.2800 
>
iteration       : 2
climbing        : no
zoom on         : no
nim             : 10
barrier         :   0.04045267 (image:  4) 
distance        :   0.00000000    1.14370485    2.24641759    3.34161336    4.43949155    5.53857577    6.63389066    7.73321485    8.86142196    9.99017524 
energy          : -1076.44982821  -1076.44190681  -1076.42450771  -1076.41215880  -1076.40937553  -1076.41691823  -1076.43264861  -1076.45359488  -1076.47419069  -1076.48254200 
max(|Fr_perp|)   :   0.00000000    0.03364929    0.04174265    0.05179483    0.05873391    0.06976695    0.06980733    0.05722945    0.03184303    0.00000000 
Fr_paral         :   0.00000000   -0.01547669   -0.01755199   -0.01022933    0.00357351    0.01447366    0.02098735    0.02256478    0.01570941    0.00000000 
max(|Fsp_paral|) :   0.00000000    0.01185703    0.00867703    0.00206744    0.00003406    0.00524345    0.00985196    0.01048261    0.00000101    0.00000000 
max(|Fsp_perp|)  :   0.00000000    0.00000000    0.00000000    0.00000000    0.00000000    0.00000000    0.00000000    0.00000000    0.00000000    0.00000000 
max(|FNEB|)      :   0.00000000    0.02794492    0.04159646    0.05044541    0.05899913    0.06965438    0.07027539    0.05892329    0.03196012    0.00000000 
max(|Force|)     :   0.00151262    0.03577487    0.04534055    0.05425693    0.05911386    0.07037243    0.06998029    0.05664618    0.03116971    0.00156207 
ksp              :   0.02762422    0.06631575    0.09378908    0.10000000    0.10000000    0.08324624    0.04827581    0.01000000    0.01000000 
max(|step|)      :   0.00000000    0.02832466    0.04216170    0.05113090    0.05980085    0.07060090    0.07123034    0.05972399    0.03239442    0.00000000 
angle (deg.)     :    5.8488  3.7144  3.5487  3.7212  3.5331  3.4808  3.8965  5.1071 
>
iteration       : 3
climbing        : no
zoom on         : no
nim             : 10
barrier         :   0.03238610 (image:  4) 
distance        :   0.00000000    1.19071391    2.28576540    3.36374863    4.45682790    5.54171843    6.62390990    7.72509311    8.90018107   10.03388117 
energy          : -1076.44982821  -1076.44430806  -1076.42918300  -1076.41867741  -1076.41744211  -1076.42541601  -1076.44012863  -1076.45931559  -1076.47694848  -1076.48254200 
max(|Fr_perp|)   :   0.00000000    0.02948421    0.03152881    0.02786495    0.03312952    0.03437676    0.03118326    0.03441061    0.02355273    0.00000000 
Fr_paral         :   0.00000000   -0.01224605   -0.01409661   -0.00520213    0.00256025    0.01023165    0.01650264    0.01811930    0.01122833    0.00000000 
max(|Fsp_paral|) :   0.00000000    0.01294741    0.00927659    0.00158343    0.00024705    0.00695307    0.01137435    0.00759558    0.00010424    0.00000000 
max(|Fsp_perp|)  :   0.00000000    0.00000000    0.00000000    0.00000000    0.00000000    0.00000000    0.00000000    0.00000000    0.00000000    0.00000000 
max(|FNEB|)      :   0.00000000    0.02349673    0.02669141    0.02816521    0.03307848    0.03283310    0.02831589    0.03015761    0.02349251    0.00000000 
max(|Force|)     :   0.00151262    0.03115313    0.03376087    0.02757254    0.03327558    0.03501513    0.03234187    0.03704755    0.02490615    0.00156207 
ksp              :   0.02534033    0.06737242    0.09656715    0.10000000    0.10000000    0.07784076    0.03695484    0.01000000    0.01000000 
max(|step|)      :   0.00000000    0.02494213    0.02763197    0.01938603    0.02235549    0.02154963    0.02307431    0.03039304    0.02527948    0.00000000 
angle (deg.)     :    7.5063  4.4320  3.7528  4.0149  3.6001  3.6730  4.7335  6.2037 
>
iteration       : 4
climbing        : no
zoom on         : no
nim             : 10
barrier         :   0.02961137 (image:  4) 
distance        :   0.00000000    1.23836324    2.32207832    3.37634678    4.46394344    5.52681901    6.59011211    7.70174291    8.91124170   10.04914950 
energy          : -1076.44982821  -1076.44562456  -1076.43138835  -1076.42105113  -1076.42021684  -1076.42839998  -1076.44303512  -1076.46231858  -1076.47840615  -1076.48254200 
max(|Fr_perp|)   :   0.00000000    0.02559882    0.02982534    0.01870407    0.02291950    0.02517454    0.02852593    0.03205768    0.01768995    0.00000000 
Fr_paral         :   0.00000000   -0.01106018   -0.01462436   -0.00538523    0.00320877    0.01094563    0.01710663    0.01768693    0.00915852    0.00000000 
max(|Fsp_paral|) :   0.00000000    0.01300804    0.00951756    0.00181544    0.00074350    0.00752393    0.01186226    0.00574965    0.00018117    0.00000000 
max(|Fsp_perp|)  :   0.00000000    0.00000000    0.00000000    0.00000000    0.00000000    0.00000000    0.00000000    0.00000000    0.00000000    0.00000000 
max(|FNEB|)      :   0.00000000    0.01968948    0.02445357    0.01975976    0.02304812    0.02605650    0.02664398    0.02869446    0.01760039    0.00000000 
max(|Force|)     :   0.00151262    0.02709444    0.03232688    0.01906437    0.02275478    0.02481946    0.03135501    0.03473706    0.01872375    0.00156207 
ksp              :   0.02277646    0.06604559    0.09746426    0.10000000    0.10000000    0.07512836    0.03064673    0.01000000    0.01000000 
max(|step|)      :   0.00000000    0.06980705    0.08640958    0.05504689    0.04498654    0.04881201    0.07261696    0.10000000    0.06172370    0.00000000 
angle (deg.)     :    11.1249  8.6895  5.1087  5.7812  4.1768  5.2493  8.2983  7.9287 
>
iteration       : 5
climbing        : no
zoom on         : no
nim             : 10
barrier         :   0.02588254 (image:  4) 
distance        :   0.00000000    1.40693894    2.45843961    3.43177107    4.49156277    5.47670913    6.47583482    7.66940158    8.96908789   10.12335818 
energy          : -1076.44982821  -1076.44803399  -1076.43616762  -1076.42466836  -1076.42394566  -1076.43251121  -1076.44783177  -1076.46885275  -1076.48028705  -1076.48254200 
max(|Fr_perp|)   :   0.00000000    0.01358331    0.02471667    0.01359961    0.01383462    0.01576638    0.02464682    0.02009205    0.00658114    0.00000000 
Fr_paral         :   0.00000000   -0.00742249   -0.01721286   -0.00678654    0.00426353    0.01290380    0.01974873    0.01559686    0.00446574    0.00000000 
max(|Fsp_paral|) :   0.00000000    0.01150475    0.01023731    0.00326393    0.00218838    0.00790509    0.01256861    0.00188763    0.00037295    0.00000000 
max(|Fsp_perp|)  :   0.00000000    0.00000000    0.00000000    0.00000000    0.00000000    0.00000000    0.00000000    0.00000000    0.00000000    0.00000000 
max(|FNEB|)      :   0.00000000    0.01357976    0.01719303    0.01445355    0.01436924    0.02239426    0.02738378    0.01890028    0.00635578    0.00000000 
max(|Force|)     :   0.00151262    0.01450953    0.02846760    0.01496721    0.01377199    0.01780835    0.02870191    0.02266949    0.00731348    0.00156207 
ksp              :   0.01624405    0.05751154    0.09748412    0.10000000    0.10000000    0.07022653    0.01696867    0.01000000    0.01000000 
max(|step|)      :   0.00000000    0.04185168    0.05298745    0.04454463    0.04428478    0.06901722    0.08439449    0.05824906    0.01958797    0.00000000 
angle (deg.)     :    11.3232  13.7331  5.7981  7.4767  4.1190  8.0197  11.5982  5.6961 
>
iteration       : 6
climbing        : no
zoom on         : no
nim             : 10
barrier         :   0.02787310 (image:  4) 
distance        :   0.00000000    1.53120096    2.58587411    3.48857685    4.49394110    5.41519582    6.34801668    7.67663950    9.00656484   10.16668581 
energy          : -1076.44982821  -1076.44860123  -1076.43756014  -1076.42381794  -1076.42195511  -1076.43055381  -1076.44741272  -1076.47115683  -1076.48043961  -1076.48254200 
max(|Fr_perp|)   :   0.00000000    0.00993458    0.03039964    0.04576826    0.05120864    0.05074675    0.04421914    0.02872098    0.01842701    0.00000000 
Fr_paral         :   0.00000000   -0.00661223   -0.02109616   -0.01102547    0.00547726    0.01667325    0.02479582    0.01511159    0.00493536    0.00000000 
max(|Fsp_paral|) :   0.00000000    0.00937611    0.01063259    0.00448467    0.00230195    0.00657548    0.01183115    0.00261687    0.00043606    0.00000000 
max(|Fsp_perp|)  :   0.00000000    0.00000000    0.00000000    0.00000000    0.00000000    0.00000000    0.00000000    0.00000000    0.00000000    0.00000000 
max(|FNEB|)      :   0.00000000    0.01303465    0.03263425    0.04667294    0.05073906    0.05000584    0.04354217    0.02890350    0.01854337    0.00000000 
max(|Force|)     :   0.00151262    0.01058909    0.02898494    0.04514926    0.05150532    0.05122335    0.04457069    0.02843374    0.01807864    0.00156207 
ksp              :   0.01396180    0.04961259    0.09398508    0.10000000    0.10000000    0.07223549    0.01779941    0.01000000    0.01000000 
max(|step|)      :   0.00000000    0.04290599    0.05085783    0.03319864    0.03120998    0.04214393    0.05695312    0.05300441    0.01849374    0.00000000 
angle (deg.)     :    11.3513  19.3857  7.2197  9.9446  4.9431  11.7678  14.2687  5.5129 
>
iteration       : 7
climbing        : no
zoom on         : no
nim             : 10
barrier         :   0.02642156 (image:  4) 
distance        :   0.00000000    1.65650446    2.72256167    3.56338135    4.51257173    5.37688706    6.24878970    7.71534437    9.08476818   10.25338628 
energy          : -1076.44982821  -1076.44905457  -1076.43962841  -1076.42538386  -1076.42340664  -1076.43207046  -1076.44906704  -1076.47300584  -1076.48067695  -1076.48254200 
max(|Fr_perp|)   :   0.00000000    0.00895243    0.02708021    0.04025154    0.04455612    0.04273168    0.03691719    0.02538267    0.01632571    0.00000000 
Fr_paral         :   0.00000000   -0.00520040   -0.02188094   -0.01187545    0.00540268    0.01761468    0.02605760    0.01118471    0.00406832    0.00000000 
max(|Fsp_paral|) :   0.00000000    0.00819534    0.01125997    0.00522757    0.00254913    0.00743729    0.01323356    0.00121708    0.00052221    0.00000000 
max(|Fsp_perp|)  :   0.00000000    0.00000000    0.00000000    0.00000000    0.00000000    0.00000000    0.00000000    0.00000000    0.00000000    0.00000000 
max(|FNEB|)      :   0.00000000    0.01205019    0.02907176    0.04117171    0.04409551    0.04200189    0.03609298    0.02545054    0.01646182    0.00000000 
max(|Force|)     :   0.00151262    0.00845626    0.02570265    0.03960850    0.04483985    0.04322011    0.03737922    0.02520521    0.01636321    0.00156207 
ksp              :   0.01263523    0.04474363    0.09326500    0.10000000    0.10000000    0.07048837    0.01259276    0.01000000    0.01000000 
max(|step|)      :   0.00000000    0.07113124    0.09168531    0.04664342    0.04982229    0.06977670    0.10000000    0.05285026    0.02488718    0.00000000 
angle (deg.)     :    11.5154  28.4115  9.2364  14.6348  6.4648  19.8655  15.5811  5.6240 
>
iteration       : 8
climbing        : no
zoom on         : no
nim             : 10
barrier         :   0.02483496 (image:  4) 
distance        :   0.00000000    1.85406700    2.95808625    3.70691468    4.55604608    5.32397235    6.09674587    7.83247508    9.23910407   10.42316425 
energy          : -1076.44982821  -1076.44951226  -1076.44195925  -1076.42739189  -1076.42499324  -1076.43335267  -1076.45029962  -1076.47454008  -1076.48106765  -1076.48254200 
max(|Fr_perp|)   :   0.00000000    0.00557243    0.01847152    0.03012798    0.03499595    0.03543554    0.02929205    0.01761086    0.01291547    0.00000000 
Fr_paral         :   0.00000000   -0.00355528   -0.02196540   -0.01367479    0.00492474    0.01920032    0.02806948    0.00659121    0.00336698    0.00000000 
max(|Fsp_paral|) :   0.00000000    0.00686538    0.01095339    0.00611493    0.00277508    0.00832380    0.01349339    0.00085411    0.00058992    0.00000000 
max(|Fsp_perp|)  :   0.00000000    0.00000000    0.00000000    0.00000000    0.00000000    0.00000000    0.00000000    0.00000000    0.00000000    0.00000000 
max(|FNEB|)      :   0.00000000    0.00990689    0.02005416    0.03121901    0.03492828    0.03523730    0.03065846    0.01779305    0.01318606    0.00000000 
max(|Force|)     :   0.00151262    0.00618611    0.01745085    0.02974586    0.03555422    0.03619579    0.03022194    0.01773921    0.01280579    0.00156207 
ksp              :   0.01114624    0.03850449    0.09128077    0.10000000    0.10000000    0.06974557    0.01000000    0.01000000    0.01000000 
max(|step|)      :   0.00000000    0.00884682    0.01790829    0.02787846    0.03119083    0.03146678    0.02737790    0.01588913    0.01177511    0.00000000 
angle (deg.)     :    11.3399  28.7407  9.1808  15.2362  6.7345  20.9736  14.7714  5.7894 
>
iteration       : 9
climbing        : yes
zoom on         : no
nim             : 10
barrier         :   0.02324570 (image:  4) 
distance        :   0.00000000    1.87474170    2.98920363    3.73053490    4.55839697    5.31409461    6.07610080    7.84940633    9.25763023   10.44457664 
energy          : -1076.44982821  -1076.44958881  -1076.44232685  -1076.42850666  -1076.42658251  -1076.43488642  -1076.45113954  -1076.47509138  -1076.48123784  -1076.48254200 
max(|Fr_perp|)   :   0.00000000    0.00545850    0.00977344    0.00962667    0.01143078    0.01247787    0.01285201    0.00794893    0.00410273    0.00000000 
Fr_paral         :   0.00000000   -0.00325618   -0.02116996   -0.01253573    0.00480000    0.01841108    0.02688399    0.00562242    0.00259473    0.00000000 
max(|Fsp_paral|) :   0.00000000    0.00734867    0.01065099    0.00530889    0.00253108    0.00882288    0.01270932    0.00097050    0.00059250    0.00000000 
max(|Fsp_perp|)  :   0.00000000    0.00000000    0.00000000    0.00000000    0.00000000    0.00000000    0.00000000    0.00000000    0.00000000    0.00000000 
max(|FNEB|)      :   0.00000000    0.00928600    0.01112186    0.01209372    0.01184713    0.01437640    0.01694785    0.00729709    0.00401542    0.00000000 
max(|Force|)     :   0.00151262    0.00601610    0.01733057    0.01147939    0.01146595    0.01456264    0.02291607    0.00897708    0.00435560    0.00156207 
ksp              :   0.01092913    0.03903940    0.09254523    0.10000000    0.10000000    0.06785282    0.01000000    0.01000000    0.01000000 
max(|step|)      :   0.00000000    0.01565543    0.01875053    0.02038902    0.01997329    0.02423742    0.02857267    0.01230229    0.00676967    0.00000000 
angle (deg.)     :    11.5879  29.7542  9.0522  16.2679  6.8187  23.2458  13.9986  5.5636 
>
iteration       : 10
climbing        : yes
zoom on         : no
nim             : 10
barrier         :   0.02336371 (image:  4) 
distance        :   0.00000000    1.91496053    3.04371449    3.76666171    4.55952889    5.28722907    6.03281622    7.86638339    9.27574546   10.46637716 
energy          : -1076.44982821  -1076.44967225  -1076.44234525  -1076.42853768  -1076.42646450  -1076.43451031  -1076.45086892  -1076.47540451  -1076.48127648  -1076.48254200 
max(|Fr_perp|)   :   0.00000000    0.00516469    0.00975733    0.01522444    0.01781296    0.01703320    0.01306401    0.00777892    0.00577207    0.00000000 
Fr_paral         :   0.00000000   -0.00335488   -0.02191839   -0.01353797    0.00499002    0.01923864    0.02817034    0.00718546    0.00291786    0.00000000 
max(|Fsp_paral|) :   0.00000000    0.00747943    0.00971701    0.00492392    0.00233594    0.00815869    0.01275636    0.00111599    0.00058493    0.00000000 
max(|Fsp_perp|)  :   0.00000000    0.00000000    0.00000000    0.00000000    0.00000000    0.00000000    0.00000000    0.00000000    0.00000000    0.00000000 
max(|FNEB|)      :   0.00000000    0.00965394    0.01422535    0.01583729    0.01758849    0.01987551    0.01950458    0.00780316    0.00592034    0.00000000 
max(|Force|)     :   0.00151262    0.00572850    0.01770450    0.01460670    0.01803743    0.01781790    0.02252412    0.00846889    0.00600528    0.00156207 
ksp              :   0.01060077    0.03882532    0.09201384    0.10000000    0.10000000    0.06900648    0.01000000    0.01000000    0.01000000 
max(|step|)      :   0.00000000    0.03231672    0.04161776    0.02513992    0.02084860    0.03298612    0.04223073    0.02400520    0.00878620    0.00000000 
angle (deg.)     :    11.9719  31.9073  9.3455  18.6403  7.3842  27.5914  13.0531  5.6957 
>
iteration       : 11
climbing        : yes
zoom on         : no
nim             : 10
barrier         :   0.02394810 (image:  4) 
distance        :   0.00000000    1.99809074    3.15423169    3.84281642    4.57109132    5.24516313    5.95820308    7.91644006    9.33207238   10.53118570 
energy          : -1076.44982821  -1076.44981133  -1076.44229787  -1076.42835439  -1076.42588010  -1076.43341838  -1076.45003497  -1076.47570579  -1076.48129695  -1076.48254200 
max(|Fr_perp|)   :   0.00000000    0.00460398    0.01388884    0.02520027    0.03039260    0.02945843    0.02006258    0.01343525    0.00979383    0.00000000 
Fr_paral         :   0.00000000   -0.00341899   -0.02320005   -0.01498353    0.00455509    0.01986845    0.03013097    0.00841773    0.00293126    0.00000000 
max(|Fsp_paral|) :   0.00000000    0.00769800    0.00791763    0.00423867    0.00201769    0.00667143    0.01284442    0.00142473    0.00058151    0.00000000 
max(|Fsp_perp|)  :   0.00000000    0.00000000    0.00000000    0.00000000    0.00000000    0.00000000    0.00000000    0.00000000    0.00000000    0.00000000 
max(|FNEB|)      :   0.00000000    0.00980881    0.01474460    0.02562449    0.03021792    0.02877920    0.02450177    0.01344481    0.00993630    0.00000000 
max(|Force|)     :   0.00151262    0.00516169    0.01826164    0.02463323    0.03056727    0.03022242    0.02199986    0.01341248    0.00959739    0.00156207 
ksp              :   0.01006341    0.03829996    0.09070130    0.10000000    0.10000000    0.07167021    0.01000000    0.01000000    0.01000000 
max(|step|)      :   0.00000000    0.07869334    0.10000000    0.06362778    0.04989334    0.07724510    0.09924533    0.05495258    0.02133411    0.00000000 
angle (deg.)     :    12.9472  38.2452  13.4077  25.3813  9.7709  38.3945  12.9707  6.6150 
>
iteration       : 12
climbing        : yes
zoom on         : no
nim             : 10
barrier         :   0.02428174 (image:  4) 
distance        :   0.00000000    2.20323678    3.41712882    4.03422627    4.63188817    5.20182003    5.83727099    8.09697501    9.53677469   10.75790997 
energy          : -1076.44982821  -1076.45004974  -1076.44240615  -1076.42857754  -1076.42554647  -1076.43200920  -1076.44837987  -1076.47586705  -1076.48132610  -1076.48254200 
max(|Fr_perp|)   :   0.00000000    0.00452934    0.01337911    0.02909407    0.03735935    0.03607152    0.02262439    0.01562541    0.01135669    0.00000000 
Fr_paral         :   0.00000000   -0.00321581   -0.02535401   -0.01785650    0.00345274    0.02077796    0.03379076    0.00892238    0.00265673    0.00000000 
max(|Fsp_paral|) :   0.00000000    0.00754256    0.00421717    0.00241574    0.00120209    0.00410007    0.00625804    0.00536896    0.00059487    0.00000000 
max(|Fsp_perp|)  :   0.00000000    0.00000000    0.00000000    0.00000000    0.00000000    0.00000000    0.00000000    0.00000000    0.00000000    0.00000000 
max(|FNEB|)      :   0.00000000    0.00906050    0.01377622    0.02950250    0.03766248    0.03612578    0.02217623    0.01570268    0.01162130    0.00000000 
max(|Force|)     :   0.00151262    0.00463589    0.01900593    0.02906162    0.03781420    0.03706728    0.02434054    0.01582969    0.01131630    0.00156207 
ksp              :   0.01000000    0.03748701    0.08872715    0.10000000    0.10000000    0.07607297    0.01541168    0.01000000    0.01000000 
max(|step|)      :   0.00000000    0.00736612    0.01119996    0.02398531    0.03061931    0.02936998    0.01802910    0.01276615    0.00944802    0.00000000 
angle (deg.)     :    12.9344  38.8687  13.2948  25.5511  9.6908  38.7846  13.1617  6.6359 
>
iteration       : 13
climbing        : yes
zoom on         : no
nim             : 10
barrier         :   0.02259716 (image:  4) 
distance        :   0.00000000    2.22340967    3.43397277    4.04932098    4.64042752    5.20600591    5.83785371    8.10090222    9.55862480   10.78214488 
energy          : -1076.44982821  -1076.45009473  -1076.44272116  -1076.42959629  -1076.42723105  -1076.43355439  -1076.44903558  -1076.47635715  -1076.48151145  -1076.48254200 
max(|Fr_perp|)   :   0.00000000    0.00384889    0.00837798    0.00700184    0.00795581    0.00812256    0.00848312    0.00999509    0.00323293    0.00000000 
Fr_paral         :   0.00000000   -0.00300776   -0.02448719   -0.01679498    0.00417190    0.02037550    0.03268491    0.00698531    0.00204859    0.00000000 
max(|Fsp_paral|) :   0.00000000    0.00781178    0.00432519    0.00164063    0.00113778    0.00441278    0.00819329    0.00403544    0.00064206    0.00000000 
max(|Fsp_perp|)  :   0.00000000    0.00000000    0.00000000    0.00000000    0.00000000    0.00000000    0.00000000    0.00000000    0.00000000    0.00000000 
max(|FNEB|)      :   0.00000000    0.00904873    0.00580507    0.00700703    0.00788028    0.00943133    0.01144252    0.00885811    0.00313412    0.00000000 
max(|Force|)     :   0.00151262    0.00393799    0.01851758    0.01174295    0.00803133    0.01214346    0.02154557    0.01051287    0.00336595    0.00156207 
ksp              :   0.01000000    0.03830593    0.09057973    0.10000000    0.10000000    0.07481538    0.01315687    0.01000000    0.01000000 
max(|step|)      :   0.00000000    0.00734795    0.00512665    0.00328616    0.00362238    0.00474829    0.00720114    0.00751175    0.00176549    0.00000000 
angle (deg.)     :    13.0810  39.6064  13.2570  25.6950  9.6988  39.4261  13.4381  6.5449 
>
iteration       : 14
climbing        : yes
zoom on         : no
nim             : 10
barrier         :   0.02252014 (image:  4) 
distance        :   0.00000000    2.24381784    3.44972433    4.06206257    4.64730920    5.20900990    5.83536225    8.10500480    9.57538594   10.80082306 
energy          : -1076.44982821  -1076.45012174  -1076.44283654  -1076.42967456  -1076.42730806  -1076.43355742  -1076.44894519  -1076.47649867  -1076.48154215  -1076.48254200 
max(|Fr_perp|)   :   0.00000000    0.00331354    0.00781559    0.00617235    0.00677260    0.00680421    0.00803886    0.00732905    0.00284149    0.00000000 
Fr_paral         :   0.00000000   -0.00293573   -0.02447846   -0.01687390    0.00411360    0.02033484    0.03293267    0.00675321    0.00208184    0.00000000 
max(|Fsp_paral|) :   0.00000000    0.00753502    0.00452430    0.00151187    0.00105786    0.00437352    0.00771363    0.00424143    0.00067248    0.00000000 
max(|Fsp_perp|)  :   0.00000000    0.00000000    0.00000000    0.00000000    0.00000000    0.00000000    0.00000000    0.00000000    0.00000000    0.00000000 
max(|FNEB|)      :   0.00000000    0.00890064    0.00623363    0.00617398    0.00669809    0.00806552    0.01074407    0.00719405    0.00268582    0.00000000 
max(|Force|)     :   0.00151262    0.00372967    0.01809149    0.01168222    0.00684712    0.01182727    0.02158225    0.00785018    0.00297575    0.00156207 
ksp              :   0.01000000    0.03794165    0.09054249    0.10000000    0.10000000    0.07502494    0.01352891    0.01000000    0.01000000 
max(|step|)      :   0.00000000    0.10000000    0.07241462    0.03460088    0.04873787    0.06366767    0.09137228    0.06798572    0.02105020    0.00000000 
angle (deg.)     :    15.6709  49.5243  13.1669  27.8284  11.1107  49.9324  16.4339  8.0168 
>
iteration       : 15
climbing        : yes
zoom on         : no
nim             : 10
barrier         :   0.02236795 (image:  4) 
distance        :   0.00000000    2.51403122    3.67079202    4.23689277    4.75373489    5.26979620    5.85100168    8.17638685    9.83541357   11.09223213 
energy          : -1076.44982821  -1076.45028741  -1076.44345423  -1076.43017372  -1076.42746026  -1076.43263973  -1076.44704254  -1076.47569686  -1076.48128875  -1076.48254200 
max(|Fr_perp|)   :   0.00000000    0.00379721    0.01103275    0.00624128    0.00872527    0.00961008    0.01511441    0.01931526    0.02035313    0.00000000 
Fr_paral         :   0.00000000   -0.00250141   -0.02396873   -0.01819923    0.00258755    0.01900758    0.03404995    0.00426189    0.00133925    0.00000000 
max(|Fsp_paral|) :   0.00000000    0.00508723    0.00479789    0.00068229    0.00003745    0.00273503    0.00186059    0.00880912    0.00111777    0.00000000 
max(|Fsp_perp|)  :   0.00000000    0.00000000    0.00000000    0.00000000    0.00000000    0.00000000    0.00000000    0.00000000    0.00000000    0.00000000 
max(|FNEB|)      :   0.00000000    0.00786878    0.01220369    0.00632255    0.00876343    0.00981334    0.01523105    0.02057933    0.02067432    0.00000000 
max(|Force|)     :   0.00151262    0.00389719    0.01418294    0.01079901    0.00883150    0.01167696    0.02277930    0.01959427    0.02074537    0.00156207 
ksp              :   0.01000000    0.03566069    0.08907737    0.10000000    0.10000000    0.07916173    0.02128369    0.01000000    0.01000000 
max(|step|)      :   0.00000000    0.00760467    0.01179409    0.00611034    0.00846929    0.00948397    0.01471985    0.01988862    0.01998042    0.00000000 
angle (deg.)     :    15.6859  49.9160  13.0502  27.9580  11.1056  51.1146  15.6202  7.7000 
>
iteration       : 16
climbing        : yes
zoom on         : no
nim             : 10
barrier         :   0.02221016 (image:  4) 
distance        :   0.00000000    2.53047332    3.68491181    4.24503911    4.75852338    5.27214071    5.86271591    8.16144458    9.84717863   11.10715246 
energy          : -1076.44982821  -1076.45034256  -1076.44353641  -1076.43029400  -1076.42761805  -1076.43273550  -1076.44766220  -1076.47603282  -1076.48153112  -1076.48254200 
max(|Fr_perp|)   :   0.00000000    0.00264754    0.00573077    0.00416557    0.00452170    0.00576043    0.00858795    0.01095102    0.01196930    0.00000000 
Fr_paral         :   0.00000000   -0.00251359   -0.02454172   -0.01822889    0.00263094    0.01895260    0.03510983    0.00502937    0.00182121    0.00000000 
max(|Fsp_paral|) :   0.00000000    0.00501441    0.00467962    0.00076514    0.00000651    0.00223385    0.00196572    0.00706869    0.00118581    0.00000000 
max(|Fsp_perp|)  :   0.00000000    0.00000000    0.00000000    0.00000000    0.00000000    0.00000000    0.00000000    0.00000000    0.00000000    0.00000000 
max(|FNEB|)      :   0.00000000    0.00727113    0.00656552    0.00421270    0.00433696    0.00577582    0.00861076    0.01162375    0.01212420    0.00000000 
max(|Force|)     :   0.00151262    0.00313898    0.01460696    0.01092147    0.00470645    0.01121830    0.02172514    0.01107805    0.01190076    0.00156207 
ksp              :   0.01000000    0.03549562    0.08915652    0.10000000    0.10000000    0.07926307    0.01877710    0.01000000    0.01000000 
max(|step|)      :   0.00000000    0.00680240    0.00605630    0.00433361    0.00425307    0.00432954    0.00461450    0.00947674    0.00217647    0.00000000 
angle (deg.)     :    15.9394  50.2272  12.9279  28.0843  11.1294  51.8494  15.2468  7.6984 
>
iteration       : 17
climbing        : yes
zoom on         : no
nim             : 10
barrier         :   0.02214894 (image:  4) 
distance        :   0.00000000    2.54575261    3.69795695    4.25260186    4.76278298    5.27485758    5.86893349    8.14870455    9.85601304   11.11959995 
energy          : -1076.44982821  -1076.45037572  -1076.44350462  -1076.43035396  -1076.42767927  -1076.43275071  -1076.44784729  -1076.47611162  -1076.48160424  -1076.48254200 
max(|Fr_perp|)   :   0.00000000    0.00265001    0.00564313    0.00327369    0.00353751    0.00394437    0.00637655    0.00698144    0.00828590    0.00000000 
Fr_paral         :   0.00000000   -0.00255113   -0.02489067   -0.01825488    0.00258191    0.01889147    0.03535562    0.00570900    0.00194360    0.00000000 
max(|Fsp_paral|) :   0.00000000    0.00501825    0.00433347    0.00086085    0.00009276    0.00198784    0.00325024    0.00649280    0.00123736    0.00000000 
max(|Fsp_perp|)  :   0.00000000    0.00000000    0.00000000    0.00000000    0.00000000    0.00000000    0.00000000    0.00000000    0.00000000    0.00000000 
max(|FNEB|)      :   0.00000000    0.00703014    0.00640409    0.00333408    0.00336099    0.00395046    0.00632435    0.00767818    0.00843763    0.00000000 
max(|Force|)     :   0.00151262    0.00315140    0.01490794    0.01097283    0.00371403    0.01092203    0.02162996    0.00708927    0.00821701    0.00156207 
ksp              :   0.01000000    0.03569524    0.08913163    0.10000000    0.10000000    0.07939270    0.01804925    0.01000000    0.01000000 
max(|step|)      :   0.00000000    0.06892493    0.05472830    0.03714437    0.02712275    0.03218707    0.03570189    0.07514631    0.01558783    0.00000000 
angle (deg.)     :    19.0073  54.0265  11.6752  29.3512  11.8988  57.7414  14.7327  8.9745 
>
iteration       : 18
climbing        : yes
zoom on         : no
nim             : 10
barrier         :   0.02219759 (image:  4) 
distance        :   0.00000000    2.70728192    3.83376806    4.34163832    4.81690867    5.31953162    5.91963003    8.04160674    9.95822513   11.26421556 
energy          : -1076.44982821  -1076.45053835  -1076.44278521  -1076.43042061  -1076.42763061  -1076.43224371  -1076.44762205  -1076.47442120  -1076.48159448  -1076.48254200 
max(|Fr_perp|)   :   0.00000000    0.00402097    0.00798918    0.00602881    0.00785151    0.00687595    0.01214462    0.01665090    0.00297786    0.00000000 
Fr_paral         :   0.00000000   -0.00299495   -0.02735322   -0.01856856    0.00166226    0.01813871    0.03616240    0.00837685    0.00179388    0.00000000 
max(|Fsp_paral|) :   0.00000000    0.00520711    0.00083234    0.00138819    0.00136068    0.00073449    0.00472465    0.00589487    0.00171406    0.00000000 
max(|Fsp_perp|)  :   0.00000000    0.00000000    0.00000000    0.00000000    0.00000000    0.00000000    0.00000000    0.00000000    0.00000000    0.00000000 
max(|FNEB|)      :   0.00000000    0.00613340    0.00807833    0.00597635    0.00782609    0.00680190    0.01237639    0.01512035    0.00340805    0.00000000 
max(|Force|)     :   0.00151262    0.00409024    0.01764469    0.01128582    0.00787694    0.01013837    0.02137014    0.01725452    0.00285273    0.00156207 
ksp              :   0.01000000    0.03855578    0.08868797    0.10000000    0.10000000    0.08129621    0.01894483    0.01000000    0.01000000 
max(|step|)      :   0.00000000    0.08924795    0.07156635    0.03833948    0.03343404    0.03771665    0.04342956    0.10000000    0.01834397    0.00000000 
angle (deg.)     :    23.0842  60.2691  10.5458  30.8977  13.0632  64.0916  16.0605  10.5146 
>
iteration       : 19
climbing        : yes
zoom on         : no
nim             : 10
barrier         :   0.02239026 (image:  4) 
distance        :   0.00000000    2.92368313    4.00857988    4.48007947    4.91352873    5.41099479    6.01901974    7.93582230   10.12743762   11.49347194 
energy          : -1076.44982821  -1076.45063129  -1076.44192431  -1076.43029472  -1076.42743794  -1076.43144067  -1076.44690134  -1076.47080333  -1076.48104050  -1076.48254200 
max(|Fr_perp|)   :   0.00000000    0.00660861    0.00974023    0.01140679    0.01416694    0.01321656    0.01164112    0.02821219    0.02254580    0.00000000 
Fr_paral         :   0.00000000   -0.00349303   -0.02872463   -0.01863986    0.00036736    0.01692938    0.03672091    0.00853431    0.00100667    0.00000000 
max(|Fsp_paral|) :   0.00000000    0.00511578    0.00183872    0.00092194    0.00322470    0.00063060    0.00515974    0.00586658    0.00233431    0.00000000 
max(|Fsp_perp|)  :   0.00000000    0.00000000    0.00000000    0.00000000    0.00000000    0.00000000    0.00000000    0.00000000    0.00000000    0.00000000 
max(|FNEB|)      :   0.00000000    0.00636837    0.00987492    0.01141214    0.01424110    0.01331776    0.01155242    0.02927206    0.02322633    0.00000000 
max(|Force|)     :   0.00151262    0.00673875    0.01955956    0.01159372    0.01423764    0.01326069    0.02268431    0.02854459    0.02283779    0.00156207 
ksp              :   0.01000000    0.04179206    0.08851218    0.10000000    0.10000000    0.08392160    0.02178597    0.01000000    0.01000000 
max(|step|)      :   0.00000000    0.00664186    0.01029900    0.01190224    0.01485268    0.01388969    0.01204854    0.03052915    0.02422378    0.00000000 
angle (deg.)     :    23.5691  60.3978  9.9696  30.7069  13.0477  63.0528  16.6545  10.0807 
>
iteration       : 20
climbing        : yes
zoom on         : no
nim             : 10
barrier         :   0.02193254 (image:  4) 
distance        :   0.00000000    2.94175688    4.01187095    4.48957594    4.92116460    5.42083645    6.01788820    7.91920360   10.12396122   11.49730096 
energy          : -1076.44982821  -1076.45075715  -1076.44239993  -1076.43062901  -1076.42789566  -1076.43196580  -1076.44704826  -1076.47230447  -1076.48135975  -1076.48254200 
max(|Fr_perp|)   :   0.00000000    0.00483489    0.00677563    0.00678528    0.00707201    0.00717575    0.00970048    0.02508740    0.01776664    0.00000000 
Fr_paral         :   0.00000000   -0.00318445   -0.02852859   -0.01841701    0.00053798    0.01709376    0.03682357    0.00925653    0.00148924    0.00000000 
max(|Fsp_paral|) :   0.00000000    0.00437384    0.00047152    0.00042988    0.00345195    0.00011581    0.00505238    0.00553947    0.00234268    0.00000000 
max(|Fsp_perp|)  :   0.00000000    0.00000000    0.00000000    0.00000000    0.00000000    0.00000000    0.00000000    0.00000000    0.00000000    0.00000000 
max(|FNEB|)      :   0.00000000    0.00578774    0.00672643    0.00675978    0.00707332    0.00714379    0.00982329    0.02546819    0.01812920    0.00000000 
max(|Force|)     :   0.00151262    0.00492621    0.01858614    0.01134348    0.00707070    0.00979827    0.02134086    0.02522852    0.01770043    0.00156207 
ksp              :   0.01000000    0.04048187    0.08878372    0.10000000    0.10000000    0.08329822    0.02140750    0.01000000    0.01000000 
max(|step|)      :   0.00000000    0.00552616    0.00633124    0.00872677    0.00956317    0.00958473    0.00889981    0.02005780    0.00464837    0.00000000 
angle (deg.)     :    24.0179  60.5020  9.5783  30.5509  13.0063  62.2419  17.4233  9.8388 
>
iteration       : 21
climbing        : yes
zoom on         : no
nim             : 10
barrier         :   0.02172660 (image:  4) 
distance        :   0.00000000    2.95858806    4.01677661    4.49843628    4.92865663    5.42975790    6.01705777    7.90450145   10.12319757   11.50445873 
energy          : -1076.44982821  -1076.45082676  -1076.44265347  -1076.43078481  -1076.42810160  -1076.43221189  -1076.44695428  -1076.47323469  -1076.48152272  -1076.48254200 
max(|Fr_perp|)   :   0.00000000    0.00333896    0.00440273    0.00323656    0.00459384    0.00483814    0.00620011    0.01708666    0.01153565    0.00000000 
Fr_paral         :   0.00000000   -0.00296649   -0.02824111   -0.01832125    0.00059532    0.01718993    0.03673722    0.00934453    0.00180583    0.00000000 
max(|Fsp_paral|) :   0.00000000    0.00390249    0.00041039    0.00012093    0.00360693    0.00068111    0.00414276    0.00570946    0.00236200    0.00000000 
max(|Fsp_perp|)  :   0.00000000    0.00000000    0.00000000    0.00000000    0.00000000    0.00000000    0.00000000    0.00000000    0.00000000    0.00000000 
max(|FNEB|)      :   0.00000000    0.00583485    0.00446591    0.00319595    0.00459206    0.00481904    0.00632187    0.01770627    0.01185681    0.00000000 
max(|Force|)     :   0.00151262    0.00341824    0.01778424    0.01120207    0.00459561    0.00941285    0.02107431    0.01677154    0.01146483    0.00156207 
ksp              :   0.01000000    0.03972052    0.08888513    0.10000000    0.10000000    0.08297361    0.02190489    0.01000000    0.01000000 
max(|step|)      :   0.00000000    0.02799281    0.01462503    0.01735580    0.02012369    0.02030278    0.02403514    0.05414881    0.01292589    0.00000000 
angle (deg.)     :    26.4479  60.5321  8.8832  30.0110  12.9429  59.4943  21.3984  9.7802 
>
iteration       : 22
climbing        : yes
zoom on         : no
nim             : 10
barrier         :   0.02166037 (image:  4) 
distance        :   0.00000000    3.03007987    4.04625605    4.53231039    4.95918904    5.46047891    6.01844320    7.83260120   10.12462870   11.54784682 
energy          : -1076.44982821  -1076.45092818  -1076.44289767  -1076.43084989  -1076.42816783  -1076.43226391  -1076.44594953  -1076.47359536  -1076.48156371  -1076.48254200 
max(|Fr_perp|)   :   0.00000000    0.00265104    0.00520015    0.00421898    0.00610224    0.00539658    0.00757362    0.00596903    0.00397383    0.00000000 
Fr_paral         :   0.00000000   -0.00258566   -0.02723398   -0.01830120    0.00048511    0.01712614    0.03637661    0.00632872    0.00204864    0.00000000 
max(|Fsp_paral|) :   0.00000000    0.00282035    0.00204926    0.00028996    0.00379692    0.00187008    0.00060991    0.00741742    0.00246756    0.00000000 
max(|Fsp_perp|)  :   0.00000000    0.00000000    0.00000000    0.00000000    0.00000000    0.00000000    0.00000000    0.00000000    0.00000000    0.00000000 
max(|FNEB|)      :   0.00000000    0.00451643    0.00517352    0.00419398    0.00610001    0.00537233    0.00751178    0.00924906    0.00391368    0.00000000 
max(|Force|)     :   0.00151262    0.00306577    0.01546052    0.01082047    0.00610448    0.00958425    0.02202814    0.00676370    0.00403980    0.00156207 
ksp              :   0.01000000    0.03879675    0.08885590    0.10000000    0.10000000    0.08298057    0.02611609    0.01000000    0.01000000 
max(|step|)      :   0.00000000    0.02393119    0.01223589    0.00811894    0.00808416    0.00756881    0.01036609    0.03391447    0.01522172    0.00000000 
angle (deg.)     :    28.8299  60.2566  8.8615  29.6698  13.0013  57.9833  23.7332  10.2319 
>
iteration       : 23
climbing        : yes
zoom on         : no
nim             : 10
barrier         :   0.02169037 (image:  4) 
distance        :   0.00000000    3.09011116    4.07385314    4.55819910    4.98335293    5.48060879    6.03035537    7.76084249   10.12311021   11.58664040 
energy          : -1076.44982821  -1076.45097636  -1076.44284979  -1076.43084038  -1076.42813784  -1076.43213127  -1076.44545249  -1076.47280049  -1076.48128768  -1076.48254200 
max(|Fr_perp|)   :   0.00000000    0.00410375    0.00752513    0.00743957    0.00959556    0.00876073    0.00638595    0.01313482    0.01763525    0.00000000 
Fr_paral         :   0.00000000   -0.00245888   -0.02661106   -0.01828414    0.00034498    0.01683184    0.03614044    0.00542102    0.00172408    0.00000000 
max(|Fsp_paral|) :   0.00000000    0.00225236    0.00259443    0.00028274    0.00367462    0.00187516    0.00162559    0.00775975    0.00253932    0.00000000 
max(|Fsp_perp|)  :   0.00000000    0.00000000    0.00000000    0.00000000    0.00000000    0.00000000    0.00000000    0.00000000    0.00000000    0.00000000 
max(|FNEB|)      :   0.00000000    0.00634273    0.00750725    0.00746637    0.00959681    0.00869741    0.00642882    0.01445290    0.01744881    0.00000000 
max(|Force|)     :   0.00151262    0.00335746    0.01467065    0.01053862    0.00959432    0.00993130    0.02208793    0.01299241    0.01767244    0.00156207 
ksp              :   0.01000000    0.03895558    0.08878632    0.10000000    0.10000000    0.08343001    0.02815619    0.01000000    0.01000000 
max(|step|)      :   0.00000000    0.04749402    0.01513352    0.01263326    0.01262347    0.01399376    0.01781810    0.06096474    0.02319025    0.00000000 
angle (deg.)     :    33.5581  59.6589  9.2127  29.1241  13.1654  55.4635  28.0697  10.7214 
>
iteration       : 24
climbing        : yes
zoom on         : no
nim             : 10
barrier         :   0.02162573 (image:  4) 
distance        :   0.00000000    3.20061158    4.13153114    4.60932557    5.03197800    5.51997951    6.06203161    7.63288512   10.12882145   11.66922253 
energy          : -1076.44982821  -1076.45108183  -1076.44270367  -1076.43094235  -1076.42820248  -1076.43197857  -1076.44479708  -1076.47143700  -1076.48094167  -1076.48254200 
max(|Fr_perp|)   :   0.00000000    0.00461990    0.00819426    0.00935333    0.01101475    0.00933060    0.00716562    0.01940169    0.02397779    0.00000000 
Fr_paral         :   0.00000000   -0.00240571   -0.02558790   -0.01831438    0.00014533    0.01623350    0.03551847    0.00380099    0.00155978    0.00000000 
max(|Fsp_paral|) :   0.00000000    0.00145821    0.00307478    0.00003833    0.00331706    0.00151015    0.00166874    0.00759520    0.00269983    0.00000000 
max(|Fsp_perp|)  :   0.00000000    0.00000000    0.00000000    0.00000000    0.00000000    0.00000000    0.00000000    0.00000000    0.00000000    0.00000000 
max(|FNEB|)      :   0.00000000    0.00606609    0.00814728    0.00937723    0.01101509    0.00926982    0.00722344    0.01998086    0.02380331    0.00000000 
max(|Force|)     :   0.00151262    0.00419920    0.01375718    0.01078040    0.01101440    0.01010993    0.02186894    0.01930362    0.02400751    0.00156207 
ksp              :   0.01000000    0.03965026    0.08859744    0.10000000    0.10000000    0.08428498    0.03093810    0.01000000    0.01000000 
max(|step|)      :   0.00000000    0.07737371    0.02668638    0.02059119    0.02125194    0.02040208    0.02650719    0.10000000    0.03943597    0.00000000 
angle (deg.)     :    42.1783  57.9798  10.0849  28.4513  13.6384  50.3252  36.2362  11.3499 
>
iteration       : 25
climbing        : yes
zoom on         : no
nim             : 10
barrier         :   0.02135488 (image:  4) 
distance        :   0.00000000    3.37474598    4.23642276    4.70255361    5.12028308    5.59518840    6.12228081    7.44933642   10.14881656   11.82048646 
energy          : -1076.44982821  -1076.45137199  -1076.44258782  -1076.43112795  -1076.42847333  -1076.43195965  -1076.44385643  -1076.47015115  -1076.48042660  -1076.48254200 
max(|Fr_perp|)   :   0.00000000    0.00431049    0.00825856    0.01291722    0.00890912    0.00972794    0.00904750    0.01972283    0.03097604    0.00000000 
Fr_paral         :   0.00000000   -0.00247327   -0.02521578   -0.01801842    0.00001509    0.01549581    0.03442782    0.00349433    0.00144875    0.00000000 
max(|Fsp_paral|) :   0.00000000    0.00033971    0.00372748    0.00021683    0.00289455    0.00121631    0.00099105    0.00677673    0.00291557    0.00000000 
max(|Fsp_perp|)  :   0.00000000    0.00000000    0.00000000    0.00000000    0.00000000    0.00000000    0.00000000    0.00000000    0.00000000    0.00000000 
max(|FNEB|)      :   0.00000000    0.00436779    0.00822272    0.01323423    0.00897665    0.00976269    0.00915627    0.02011300    0.03137318    0.00000000 
max(|Force|)     :   0.00151262    0.00426594    0.01343335    0.01306511    0.00897646    0.00976784    0.02162041    0.02017103    0.03157817    0.00156207 
ksp              :   0.01000000    0.04052231    0.08882623    0.10000000    0.10000000    0.08531179    0.03519431    0.01000000    0.01000000 
max(|step|)      :   0.00000000    0.00391721    0.00737446    0.01186898    0.00805062    0.00875557    0.00821170    0.01803813    0.02813671    0.00000000 
angle (deg.)     :    42.4048  57.3838  9.5418  28.5169  13.4783  50.6929  35.7307  11.1385 
>
iteration       : 26
climbing        : yes
zoom on         : no
nim             : 10
barrier         :   0.02121622 (image:  4) 
distance        :   0.00000000    3.37749967    4.24076659    4.70165329    5.11945138    5.59285428    6.12345919    7.42990303   10.13286391   11.81284478 
energy          : -1076.44982821  -1076.45145571  -1076.44263995  -1076.43130204  -1076.42861199  -1076.43210366  -1076.44414950  -1076.47077948  -1076.48102841  -1076.48254200 
max(|Fr_perp|)   :   0.00000000    0.00292876    0.00460476    0.00715098    0.00455441    0.00440825    0.00550929    0.00922027    0.01379560    0.00000000 
Fr_paral         :   0.00000000   -0.00262453   -0.02604232   -0.01834094    0.00010628    0.01556655    0.03490541    0.00621314    0.00208757    0.00000000 
max(|Fsp_paral|) :   0.00000000    0.00034855    0.00334587    0.00054947    0.00281182    0.00103220    0.00038200    0.00607742    0.00290880    0.00000000 
max(|Fsp_perp|)  :   0.00000000    0.00000000    0.00000000    0.00000000    0.00000000    0.00000000    0.00000000    0.00000000    0.00000000    0.00000000 
max(|FNEB|)      :   0.00000000    0.00296657    0.00506698    0.00714057    0.00455442    0.00444230    0.00548950    0.01169303    0.01412721    0.00000000 
max(|Force|)     :   0.00151262    0.00286057    0.01407239    0.01090104    0.00455441    0.00943203    0.02139201    0.00928128    0.01385629    0.00156207 
ksp              :   0.01000000    0.04049287    0.08858872    0.10000000    0.10000000    0.08518818    0.03408929    0.01000000    0.01000000 
max(|step|)      :   0.00000000    0.00271824    0.00437121    0.00377615    0.00438810    0.00463675    0.00467051    0.01077876    0.00282413    0.00000000 
angle (deg.)     :    42.7275  56.8571  9.2567  28.5702  13.4232  50.7994  35.5096  11.1418 
>
iteration       : 27
climbing        : yes
zoom on         : no
nim             : 10
barrier         :   0.02115541 (image:  4) 
distance        :   0.00000000    3.37995625    4.24487692    4.70194339    5.11925197    5.59158376    6.12370477    7.41352366   10.11967636   11.80790925 
energy          : -1076.44982821  -1076.45150836  -1076.44259885  -1076.43136418  -1076.42867279  -1076.43215808  -1076.44426012  -1076.47099591  -1076.48112302  -1076.48254200 
max(|Fr_perp|)   :   0.00000000    0.00225888    0.00358819    0.00423998    0.00355491    0.00346763    0.00317642    0.00504200    0.00903793    0.00000000 
Fr_paral         :   0.00000000   -0.00267817   -0.02655403   -0.01839925    0.00013242    0.01557826    0.03506702    0.00813781    0.00216200    0.00000000 
max(|Fsp_paral|) :   0.00000000    0.00042937    0.00295381    0.00072649    0.00278087    0.00092116    0.00107201    0.00572999    0.00289368    0.00000000 
max(|Fsp_perp|)  :   0.00000000    0.00000000    0.00000000    0.00000000    0.00000000    0.00000000    0.00000000    0.00000000    0.00000000    0.00000000 
max(|FNEB|)      :   0.00000000    0.00267811    0.00413609    0.00423051    0.00355487    0.00350153    0.00311527    0.00779392    0.00937187    0.00000000 
max(|Force|)     :   0.00151262    0.00281878    0.01455026    0.01070047    0.00355494    0.00917307    0.02125315    0.00601984    0.00905590    0.00156207 
ksp              :   0.01000000    0.04075535    0.08855024    0.10000000    0.10000000    0.08517278    0.03368792    0.01000000    0.01000000 
max(|step|)      :   0.00000000    0.01467831    0.02133345    0.01540937    0.01703180    0.01706557    0.01565927    0.04180127    0.01587590    0.00000000 
angle (deg.)     :    44.8915  54.0117  8.6345  28.7987  13.3474  50.2308  35.8311  11.4330 
>
iteration       : 28
climbing        : yes
zoom on         : no
nim             : 10
barrier         :   0.02109767 (image:  4) 
distance        :   0.00000000    3.39706879    4.27281426    4.71346021    5.12513471    5.59251189    6.12483963    7.32526340   10.05626114   11.79671757 
energy          : -1076.44982821  -1076.45168543  -1076.44209792  -1076.43136413  -1076.42873054  -1076.43215760  -1076.44426671  -1076.47044341  -1076.48112578  -1076.48254200 
max(|Fr_perp|)   :   0.00000000    0.00209685    0.00395362    0.00304913    0.00347235    0.00332571    0.00370981    0.00684238    0.00422471    0.00000000 
Fr_paral         :   0.00000000   -0.00291077   -0.02826313   -0.01827925    0.00015034    0.01555106    0.03539256    0.01375588    0.00217065    0.00000000 
max(|Fsp_paral|) :   0.00000000    0.00108070    0.00081027    0.00118254    0.00281208    0.00062193    0.00281928    0.00476065    0.00280780    0.00000000 
max(|Fsp_perp|)  :   0.00000000    0.00000000    0.00000000    0.00000000    0.00000000    0.00000000    0.00000000    0.00000000    0.00000000    0.00000000 
max(|FNEB|)      :   0.00000000    0.00316095    0.00402029    0.00302495    0.00347211    0.00339500    0.00377930    0.00564556    0.00453349    0.00000000 
max(|Force|)     :   0.00151262    0.00291843    0.01704343    0.01094663    0.00347260    0.00803650    0.02072692    0.00961720    0.00415524    0.00156207 
ksp              :   0.01000000    0.04297643    0.08876542    0.10000000    0.10000000    0.08538059    0.03372463    0.01000000    0.01000000 
max(|step|)      :   0.00000000    0.01593714    0.01125089    0.00958678    0.00772013    0.00791898    0.01214277    0.02467464    0.01603568    0.00000000 
angle (deg.)     :    47.0178  52.0463  8.8662  28.8574  13.4287  48.4033  37.6716  11.6817 
>
iteration       : 29
climbing        : yes
zoom on         : no
nim             : 10
barrier         :   0.02108043 (image:  4) 
distance        :   0.00000000    3.41987371    4.30281576    4.73743848    5.14190355    5.60557845    6.13132561    7.25495040   10.01563829   11.80882927 
energy          : -1076.44982821  -1076.45179977  -1076.44167176  -1076.43127216  -1076.42874778  -1076.43211717  -1076.44389648  -1076.46926508  -1076.48101033  -1076.48254200 
max(|Fr_perp|)   :   0.00000000    0.00290663    0.00990694    0.00731517    0.00542738    0.00593639    0.01247609    0.01452406    0.00311757    0.00000000 
Fr_paral         :   0.00000000   -0.00316539   -0.02829254   -0.01787331    0.00011642    0.01547818    0.03495023    0.01557083    0.00228631    0.00000000 
max(|Fsp_paral|) :   0.00000000    0.00157897    0.00043060    0.00096026    0.00299542    0.00065706    0.00300448    0.00446492    0.00274326    0.00000000 
max(|Fsp_perp|)  :   0.00000000    0.00000000    0.00000000    0.00000000    0.00000000    0.00000000    0.00000000    0.00000000    0.00000000    0.00000000 
max(|FNEB|)      :   0.00000000    0.00290766    0.00982061    0.00734865    0.00542767    0.00598445    0.01254612    0.01469633    0.00343666    0.00000000 
max(|Force|)     :   0.00151262    0.00303500    0.01839080    0.01109534    0.00542708    0.00834603    0.02043264    0.01424770    0.00304021    0.00156207 
ksp              :   0.01000000    0.04482285    0.08922250    0.10000000    0.10000000    0.08561486    0.03532467    0.01000000    0.01000000 
max(|step|)      :   0.00000000    0.02340847    0.01180112    0.01204645    0.01169261    0.01171930    0.01355584    0.03436009    0.02436225    0.00000000 
angle (deg.)     :    50.2736  49.5479  8.9678  28.8409  13.4823  44.7383  41.5227  12.1473 
>
iteration       : 30
climbing        : yes
zoom on         : no
nim             : 10
barrier         :   0.02101710 (image:  4) 
distance        :   0.00000000    3.45728317    4.34902742    4.77910170    5.17284749    5.63117574    6.14531987    7.16161931    9.96756322   11.84062301 
energy          : -1076.44982821  -1076.45196254  -1076.44126019  -1076.43119471  -1076.42881111  -1076.43209101  -1076.44341071  -1076.46769330  -1076.48078972  -1076.48254200 
max(|Fr_perp|)   :   0.00000000    0.00384768    0.00870553    0.00868173    0.00596631    0.00706309    0.01264783    0.01592189    0.00634667    0.00000000 
Fr_paral         :   0.00000000   -0.00327502   -0.02844042   -0.01737686    0.00007007    0.01533069    0.03463009    0.01780948    0.00241347    0.00000000 
max(|Fsp_paral|) :   0.00000000    0.00210327    0.00160309    0.00043560    0.00327737    0.00079618    0.00342589    0.00381199    0.00263569    0.00000000 
max(|Fsp_perp|)  :   0.00000000    0.00000000    0.00000000    0.00000000    0.00000000    0.00000000    0.00000000    0.00000000    0.00000000    0.00000000 
max(|FNEB|)      :   0.00000000    0.00350641    0.00854016    0.00871804    0.00596660    0.00711327    0.01274402    0.01605355    0.00665233    0.00000000 
max(|Force|)     :   0.00151262    0.00400053    0.01955603    0.01120445    0.00596603    0.00863337    0.02071429    0.01629027    0.00626545    0.00156207 
ksp              :   0.01000000    0.04669020    0.08979287    0.10000000    0.10000000    0.08595469    0.03748117    0.01000000    0.01000000 
max(|step|)      :   0.00000000    0.06850837    0.02610428    0.03421903    0.03600554    0.03659942    0.03970144    0.10000000    0.06955868    0.00000000 
angle (deg.)     :    59.1872  45.1471  10.2662  28.4042  13.7933  32.0688  58.8210  13.6369 
>
iteration       : 31
climbing        : yes
zoom on         : no
nim             : 10
barrier         :   0.02081631 (image:  4) 
distance        :   0.00000000    3.57662735    4.48930026    4.91748252    5.28768174    5.72900728    6.20816553    6.98587918    9.91578899   12.01773810 
energy          : -1076.44982821  -1076.45240841  -1076.44045151  -1076.43111605  -1076.42901190  -1076.43202882  -1076.44180431  -1076.46332103  -1076.48023915  -1076.48254200 
max(|Fr_perp|)   :   0.00000000    0.00494510    0.02425763    0.00909925    0.00408912    0.00422831    0.02395730    0.02739198    0.00579606    0.00000000 
Fr_paral         :   0.00000000   -0.00307533   -0.02686299   -0.01645402   -0.00000957    0.01479413    0.03248013    0.02284535    0.00294125    0.00000000 
max(|Fsp_paral|) :   0.00000000    0.00332079    0.00375386    0.00109880    0.00363190    0.00119446    0.00380860    0.00219024    0.00230538    0.00000000 
max(|Fsp_perp|)  :   0.00000000    0.00000000    0.00000000    0.00000000    0.00000000    0.00000000    0.00000000    0.00000000    0.00000000    0.00000000 
max(|FNEB|)      :   0.00000000    0.00442629    0.02430014    0.00932249    0.00411212    0.00425551    0.02470114    0.02806412    0.00610802    0.00000000 
max(|Force|)     :   0.00151262    0.00513077    0.02317738    0.01122638    0.00411217    0.00889921    0.02314752    0.02753274    0.00583232    0.00156207 
ksp              :   0.01000000    0.05061745    0.09091245    0.10000000    0.10000000    0.08695819    0.04474768    0.01000000    0.01000000 
max(|step|)      :   0.00000000    0.00357209    0.01961061    0.00752340    0.00331855    0.00343426    0.01993422    0.02264820    0.00492927    0.00000000 
angle (deg.)     :    59.4235  45.5723  8.7907  28.2010  13.4697  30.6336  59.2497  13.7128 
>
iteration       : 32
climbing        : yes
zoom on         : no
nim             : 10
barrier         :   0.02074992 (image:  4) 
distance        :   0.00000000    3.58576981    4.48963167    4.92342008    5.29561519    5.73585806    6.21250787    6.99092209    9.91951717   12.02844740 
energy          : -1076.44982821  -1076.45245756  -1076.44107185  -1076.43123913  -1076.42907829  -1076.43210240  -1076.44206576  -1076.46435090  -1076.48032690  -1076.48254200 
max(|Fr_perp|)   :   0.00000000    0.00393667    0.00931831    0.00344189    0.00273748    0.00309974    0.00991597    0.01297082    0.00312984    0.00000000 
Fr_paral         :   0.00000000   -0.00288032   -0.02853696   -0.01675651    0.00001125    0.01479698    0.03351529    0.02412951    0.00284270    0.00000000 
max(|Fsp_paral|) :   0.00000000    0.00234656    0.00212849    0.00120624    0.00347553    0.00125894    0.00413515    0.00186702    0.00227861    0.00000000 
max(|Fsp_perp|)  :   0.00000000    0.00000000    0.00000000    0.00000000    0.00000000    0.00000000    0.00000000    0.00000000    0.00000000    0.00000000 
max(|FNEB|)      :   0.00000000    0.00359529    0.00935573    0.00337284    0.00273746    0.00268465    0.01001891    0.01300184    0.00309167    0.00000000 
max(|Force|)     :   0.00151262    0.00407579    0.02006363    0.01107003    0.00273749    0.00861018    0.02042974    0.01847457    0.00354256    0.00156207 
ksp              :   0.01000000    0.04797952    0.09062764    0.10000000    0.10000000    0.08688330    0.04366859    0.01000000    0.01000000 
max(|step|)      :   0.00000000    0.00310604    0.00656034    0.00249156    0.00243623    0.00245469    0.00404870    0.00848808    0.00264492    0.00000000 
angle (deg.)     :    59.6589  46.0853  8.3705  28.0237  13.3802  29.5213  59.7132  13.8022 
>
iteration       : 33
climbing        : yes
zoom on         : no
nim             : 10
barrier         :   0.02070749 (image:  4) 
distance        :   0.00000000    3.59346190    4.49230008    4.92955489    5.30380162    5.74286663    6.21636700    6.99671476    9.92431074   12.04026642 
energy          : -1076.44982821  -1076.45249483  -1076.44134521  -1076.43130353  -1076.42912072  -1076.43213921  -1076.44201908  -1076.46481293  -1076.48037396  -1076.48254200 
max(|Fr_perp|)   :   0.00000000    0.00301057    0.00774247    0.00308666    0.00182088    0.00257568    0.00778914    0.01043862    0.00261694    0.00000000 
Fr_paral         :   0.00000000   -0.00270968   -0.02863109   -0.01685481    0.00002390    0.01475343    0.03343837    0.02430304    0.00278996    0.00000000 
max(|Fsp_paral|) :   0.00000000    0.00191676    0.00135428    0.00124124    0.00331174    0.00132986    0.00382795    0.00198032    0.00225347    0.00000000 
max(|Fsp_perp|)  :   0.00000000    0.00000000    0.00000000    0.00000000    0.00000000    0.00000000    0.00000000    0.00000000    0.00000000    0.00000000 
max(|FNEB|)      :   0.00000000    0.00338166    0.00779458    0.00301759    0.00182086    0.00210452    0.00787081    0.01045867    0.00268173    0.00000000 
max(|Force|)     :   0.00151262    0.00312991    0.01937464    0.01094685    0.00182090    0.00833911    0.02000160    0.01716463    0.00302026    0.00156207 
ksp              :   0.01000000    0.04686927    0.09051295    0.10000000    0.10000000    0.08688087    0.04394046    0.01000000    0.01000000 
max(|step|)      :   0.00000000    0.02459369    0.03366643    0.01734777    0.01065395    0.01313924    0.02468848    0.04993576    0.01954886    0.00000000 
angle (deg.)     :    61.6142  49.8963  8.4734  26.8903  13.1818  22.8723  63.7944  14.7661 
>
iteration       : 34
climbing        : yes
zoom on         : no
nim             : 10
barrier         :   0.02060532 (image:  4) 
distance        :   0.00000000    3.64482585    4.53215473    4.97663704    5.36996169    5.79640008    6.24955416    7.03912923    9.96299742   12.14138872 
energy          : -1076.44982821  -1076.45260897  -1076.44227472  -1076.43163042  -1076.42922288  -1076.43205702  -1076.44101846  -1076.46525140  -1076.48035527  -1076.48254200 
max(|Fr_perp|)   :   0.00000000    0.00251874    0.00740109    0.00537607    0.00330914    0.00629542    0.01338131    0.00831221    0.00299679    0.00000000 
Fr_paral         :   0.00000000   -0.00201881   -0.02711228   -0.01764485    0.00000489    0.01398094    0.03166233    0.01958393    0.00257395    0.00000000 
max(|Fsp_paral|) :   0.00000000    0.00051399    0.00090902    0.00025518    0.00168311    0.00138431    0.00080916    0.00397360    0.00205837    0.00000000 
max(|Fsp_perp|)  :   0.00000000    0.00000000    0.00000000    0.00000000    0.00000000    0.00000000    0.00000000    0.00000000    0.00000000    0.00000000 
max(|FNEB|)      :   0.00000000    0.00300237    0.00735056    0.00533396    0.00330918    0.00626790    0.01346893    0.00847801    0.00316220    0.00000000 
max(|Force|)     :   0.00151262    0.00216966    0.01514284    0.01045911    0.00330909    0.00763853    0.01909340    0.01008517    0.00307610    0.00156207 
ksp              :   0.01000000    0.04299212    0.08948434    0.10000000    0.10000000    0.08762104    0.04847922    0.01000000    0.01000000 
max(|step|)      :   0.00000000    0.01513340    0.01391760    0.01041999    0.00567847    0.00960661    0.02283398    0.02262624    0.01160305    0.00000000 
angle (deg.)     :    62.7891  51.4476  9.1094  26.5761  13.2766  21.1931  65.6513  15.4010 
>
iteration       : 35
climbing        : yes
zoom on         : no
nim             : 10
barrier         :   0.02057153 (image:  4) 
distance        :   0.00000000    3.66997603    4.55840977    5.00257518    5.40489476    5.82294880    6.27325811    7.05224052    9.97020550   12.18740082 
energy          : -1076.44982821  -1076.45267059  -1076.44246713  -1076.43175995  -1076.42925668  -1076.43196896  -1076.44049514  -1076.46448766  -1076.48023162  -1076.48254200 
max(|Fr_perp|)   :   0.00000000    0.00345514    0.00973928    0.00729680    0.00402638    0.00619060    0.01761851    0.01934022    0.00610123    0.00000000 
Fr_paral         :   0.00000000   -0.00209816   -0.02609124   -0.01798295   -0.00000708    0.01357555    0.03028550    0.01756832    0.00263669    0.00000000 
max(|Fsp_paral|) :   0.00000000    0.00024061    0.00116544    0.00039281    0.00079683    0.00099816    0.00005120    0.00476292    0.00195003    0.00000000 
max(|Fsp_perp|)  :   0.00000000    0.00000000    0.00000000    0.00000000    0.00000000    0.00000000    0.00000000    0.00000000    0.00000000    0.00000000 
max(|FNEB|)      :   0.00000000    0.00344837    0.00980298    0.00727240    0.00402639    0.00615979    0.01755467    0.01955103    0.00592902    0.00000000 
max(|Force|)     :   0.00151262    0.00349729    0.01425413    0.01052780    0.00402637    0.00760539    0.01901930    0.01903747    0.00616897    0.00156207 
ksp              :   0.01000000    0.04220454    0.08904823    0.10000000    0.10000000    0.08813384    0.05083197    0.01000000    0.01000000 
max(|step|)      :   0.00000000    0.00397635    0.00608458    0.00443345    0.00245155    0.00331579    0.00985267    0.00973620    0.00391328    0.00000000 
angle (deg.)     :    62.4155  50.6857  8.5038  26.7327  13.1471  21.5256  64.7712  15.2066 
>
iteration       : 36
climbing        : yes
zoom on         : no
nim             : 10
barrier         :   0.02055833 (image:  4) 
distance        :   0.00000000    3.66178749    4.55205242    4.99429997    5.39331497    5.81335792    6.26674832    7.03963825    9.95741250   12.16527006 
energy          : -1076.44982821  -1076.45268235  -1076.44247063  -1076.43178723  -1076.42926988  -1076.43203985  -1076.44103771  -1076.46493287  -1076.48030942  -1076.48254200 
max(|Fr_perp|)   :   0.00000000    0.00209535    0.00286365    0.00237624    0.00227963    0.00245689    0.00377867    0.00298743    0.00095203    0.00000000 
Fr_paral         :   0.00000000   -0.00209085   -0.02694493   -0.01812112    0.00001119    0.01381410    0.03180817    0.02054362    0.00264039    0.00000000 
max(|Fsp_paral|) :   0.00000000    0.00028907    0.00099235    0.00031792    0.00106494    0.00101845    0.00134208    0.00372066    0.00196217    0.00000000 
max(|Fsp_perp|)  :   0.00000000    0.00000000    0.00000000    0.00000000    0.00000000    0.00000000    0.00000000    0.00000000    0.00000000    0.00000000 
max(|FNEB|)      :   0.00000000    0.00236593    0.00281869    0.00233705    0.00227961    0.00248409    0.00371823    0.00462366    0.00230204    0.00000000 
max(|Force|)     :   0.00151262    0.00219492    0.01488026    0.01053158    0.00227965    0.00746398    0.01898981    0.00981030    0.00159780    0.00156207 
ksp              :   0.01000000    0.04220991    0.08897958    0.10000000    0.10000000    0.08787367    0.04848293    0.01000000    0.01000000 
max(|step|)      :   0.00000000    0.00531756    0.00467448    0.00401902    0.00396629    0.00410180    0.00472030    0.00722668    0.00471404    0.00000000 
angle (deg.)     :    62.7740  50.8974  8.4867  26.6776  13.1523  21.0244  65.1918  15.4129 
>
iteration       : 37
climbing        : yes
zoom on         : no
nim             : 10
barrier         :   0.02053815 (image:  4) 
distance        :   0.00000000    3.66929168    4.56283426    5.00353320    5.40434325    5.82142873    6.27401243    7.03729345    9.95155610   12.17465798 
energy          : -1076.44982821  -1076.45272489  -1076.44251079  -1076.43183612  -1076.42929005  -1076.43202160  -1076.44097158  -1076.46470970  -1076.48028479  -1076.48254200 
max(|Fr_perp|)   :   0.00000000    0.00209364    0.00154907    0.00151531    0.00159457    0.00159387    0.00138592    0.00203535    0.00093968    0.00000000 
Fr_paral         :   0.00000000   -0.00208931   -0.02695251   -0.01823491    0.00000981    0.01370444    0.03173997    0.02126670    0.00264225    0.00000000 
max(|Fsp_paral|) :   0.00000000    0.00026912    0.00087477    0.00053553    0.00082305    0.00087823    0.00146327    0.00366848    0.00192401    0.00000000 
max(|Fsp_perp|)  :   0.00000000    0.00000000    0.00000000    0.00000000    0.00000000    0.00000000    0.00000000    0.00000000    0.00000000    0.00000000 
max(|FNEB|)      :   0.00000000    0.00234631    0.00150040    0.00147574    0.00159455    0.00162010    0.00136178    0.00444324    0.00220074    0.00000000 
max(|Force|)     :   0.00151262    0.00219490    0.01491791    0.01062969    0.00159459    0.00737803    0.01888188    0.00982797    0.00161143    0.00156207 
ksp              :   0.01000000    0.04206558    0.08884290    0.10000000    0.10000000    0.08803013    0.04881049    0.01000000    0.01000000 
max(|step|)      :   0.00000000    0.04368535    0.03288204    0.02890343    0.02885595    0.02921051    0.02968740    0.06039903    0.03800129    0.00000000 
angle (deg.)     :    65.8189  53.0191  9.0069  26.1460  13.4096  17.4484  69.7926  17.2552 
>
iteration       : 38
climbing        : yes
zoom on         : no
nim             : 10
barrier         :   0.02043335 (image:  4) 
distance        :   0.00000000    3.73361556    4.65176676    5.08481137    5.50053837    5.89459568    6.33929639    7.03813011    9.92757214   12.27417577 
energy          : -1076.44982821  -1076.45301377  -1076.44280437  -1076.43214733  -1076.42939486  -1076.43181444  -1076.44008663  -1076.46246136  -1076.48003419  -1076.48254200 
max(|Fr_perp|)   :   0.00000000    0.00222141    0.00731454    0.00528383    0.00328486    0.00349864    0.01097005    0.01272757    0.00440195    0.00000000 
Fr_paral         :   0.00000000   -0.00207501   -0.02629996   -0.01895735   -0.00002118    0.01273816    0.03007976    0.02413475    0.00268877    0.00000000 
max(|Fsp_paral|) :   0.00000000    0.00007514    0.00026029    0.00202093    0.00108481    0.00015154    0.00155350    0.00391955    0.00160041    0.00000000 
max(|Fsp_perp|)  :   0.00000000    0.00000000    0.00000000    0.00000000    0.00000000    0.00000000    0.00000000    0.00000000    0.00000000    0.00000000 
max(|FNEB|)      :   0.00000000    0.00221760    0.00726077    0.00526243    0.00328482    0.00345588    0.01106888    0.01292881    0.00454748    0.00000000 
max(|Force|)     :   0.00151262    0.00218052    0.01502278    0.01120034    0.00328491    0.00685854    0.01812566    0.01304816    0.00432619    0.00156207 
ksp              :   0.01000000    0.04093695    0.08787657    0.10000000    0.10000000    0.08934279    0.05290739    0.01000000    0.01000000 
max(|step|)      :   0.00000000    0.04836940    0.03257864    0.02906622    0.02909787    0.02905224    0.02745324    0.06569045    0.04199590    0.00000000 
angle (deg.)     :    69.2383  55.0549  9.6490  25.5374  13.8762  15.8152  76.2990  19.4982 
>
iteration       : 39
climbing        : yes
zoom on         : no
nim             : 10
barrier         :   0.02032040 (image:  4) 
distance        :   0.00000000    3.80688409    4.75396724    5.18609913    5.61424472    5.98621338    6.42138059    7.05968492    9.92295722   12.40698848 
energy          : -1076.44982821  -1076.45331443  -1076.44321867  -1076.43246311  -1076.42950781  -1076.43165240  -1076.43931663  -1076.45972026  -1076.47975797  -1076.48254200 
max(|Fr_perp|)   :   0.00000000    0.00261848    0.00880041    0.00624962    0.00433102    0.00458041    0.01323025    0.01408972    0.00500651    0.00000000 
Fr_paral         :   0.00000000   -0.00190506   -0.02537796   -0.01965849   -0.00005816    0.01185460    0.02859518    0.02656051    0.00285530    0.00000000 
max(|Fsp_paral|) :   0.00000000    0.00026724    0.00019935    0.00301164    0.00279135    0.00100801    0.00184110    0.00386853    0.00118657    0.00000000 
max(|Fsp_perp|)  :   0.00000000    0.00000000    0.00000000    0.00000000    0.00000000    0.00000000    0.00000000    0.00000000    0.00000000    0.00000000 
max(|FNEB|)      :   0.00000000    0.00259294    0.00874822    0.00624107    0.00433087    0.00453806    0.01334175    0.01429981    0.00510173    0.00000000 
max(|Force|)     :   0.00151262    0.00258003    0.01473675    0.01166787    0.00433117    0.00642488    0.01736541    0.01569853    0.00492952    0.00156207 
ksp              :   0.01000000    0.03927395    0.08691084    0.10000000    0.10000000    0.09050150    0.05655628    0.01000000    0.01000000 
max(|step|)      :   0.00000000    0.09355039    0.05760615    0.05414413    0.05381817    0.05296029    0.04855765    0.10000000    0.08296214    0.00000000 
angle (deg.)     :    75.7961  55.0470  9.5915  24.5457  14.4642  20.3361  87.7279  24.4408 
>
iteration       : 40
climbing        : yes
zoom on         : no
nim             : 10
barrier         :   0.01995391 (image:  4) 
distance        :   0.00000000    3.94243389    4.97156131    5.43030755    5.84876921    6.20377216    6.59004211    7.12485612    9.88824816   12.64506293 
energy          : -1076.44982821  -1076.45403762  -1076.44400374  -1076.43264294  -1076.42987429  -1076.43186958  -1076.43825438  -1076.45337438  -1076.47924643  -1076.48254200 
max(|Fr_perp|)   :   0.00000000    0.00205240    0.01416622    0.00939358    0.00322362    0.00518061    0.01352288    0.02863287    0.00388730    0.00000000 
Fr_paral         :   0.00000000   -0.00109244   -0.02409965   -0.01927486   -0.00005998    0.01151408    0.02635842    0.02868111    0.00324017    0.00000000 
max(|Fsp_paral|) :   0.00000000    0.00065467    0.00150705    0.00097303    0.00320462    0.00015771    0.00103588    0.00313351    0.00002198    0.00000000 
max(|Fsp_perp|)  :   0.00000000    0.00000000    0.00000000    0.00000000    0.00000000    0.00000000    0.00000000    0.00000000    0.00000000    0.00000000 
max(|FNEB|)      :   0.00000000    0.00207073    0.01464736    0.00971719    0.00330146    0.00533903    0.01398234    0.02971334    0.00398668    0.00000000 
max(|Force|)     :   0.00151262    0.00209320    0.01454484    0.01198556    0.00330173    0.00601428    0.01583022    0.02788954    0.00390952    0.00156207 
ksp              :   0.01000000    0.03630644    0.08752923    0.10000000    0.10000000    0.09100337    0.06224132    0.01000000    0.01000000 
max(|step|)      :   0.00000000    0.00139045    0.00983534    0.00652485    0.00221685    0.00358502    0.00938879    0.01995176    0.00267695    0.00000000 
angle (deg.)     :    75.8918  54.8477  8.8821  24.5452  14.2790  18.8498  86.8808  24.4855 
>
iteration       : 41
climbing        : yes
zoom on         : no
nim             : 10
barrier         :   0.01993360 (image:  4) 
distance        :   0.00000000    3.94221637    4.97383268    5.43192103    5.84980391    6.20514048    6.59092564    7.12353620    9.87814075   12.63534557 
energy          : -1076.44982821  -1076.45405620  -1076.44414702  -1076.43272677  -1076.42989460  -1076.43190475  -1076.43843483  -1076.45397756  -1076.47926934  -1076.48254200 
max(|Fr_perp|)   :   0.00000000    0.00201185    0.00244664    0.00186382    0.00166037    0.00156247    0.00205321    0.00509303    0.00107775    0.00000000 
Fr_paral         :   0.00000000   -0.00100159   -0.02486435   -0.01958333   -0.00007044    0.01159365    0.02697839    0.03178644    0.00335214    0.00000000 
max(|Fsp_paral|) :   0.00000000    0.00084206    0.00171977    0.00105680    0.00315664    0.00020554    0.00130383    0.00287815    0.00000900    0.00000000 
max(|Fsp_perp|)  :   0.00000000    0.00000000    0.00000000    0.00000000    0.00000000    0.00000000    0.00000000    0.00000000    0.00000000    0.00000000 
max(|FNEB|)      :   0.00000000    0.00192859    0.00247205    0.00181152    0.00166042    0.00158176    0.00202198    0.00527060    0.00108576    0.00000000 
max(|Force|)     :   0.00151262    0.00169293    0.01436997    0.01190507    0.00166032    0.00593212    0.01576754    0.01869192    0.00172438    0.00156207 
ksp              :   0.01000000    0.03565047    0.08721281    0.10000000    0.10000000    0.09092421    0.06144095    0.01000000    0.01000000 
max(|step|)      :   0.00000000    0.00126039    0.00126287    0.00102935    0.00097095    0.00090122    0.00151499    0.00353101    0.00072351    0.00000000 
angle (deg.)     :    75.9331  54.6920  8.8042  24.5498  14.1579  18.2289  86.0615  24.5544 
>
iteration       : 42
climbing        : yes
zoom on         : no
nim             : 10
barrier         :   0.01992849 (image:  4) 
distance        :   0.00000000    3.94167681    4.97648414    5.43389620    5.85103893    6.20661767    6.59152130    7.12248864    9.86913972   12.62682110 
energy          : -1076.44982821  -1076.45406979  -1076.44412464  -1076.43272059  -1076.42989972  -1076.43191401  -1076.43843530  -1076.45402525  -1076.47927521  -1076.48254200 
max(|Fr_perp|)   :   0.00000000    0.00199001    0.00165115    0.00194173    0.00181762    0.00184018    0.00235553    0.00444793    0.00096000    0.00000000 
Fr_paral         :   0.00000000   -0.00099017   -0.02495588   -0.01955132   -0.00007053    0.01161356    0.02696981    0.03213832    0.00334262    0.00000000 
max(|Fsp_paral|) :   0.00000000    0.00076827    0.00157832    0.00103591    0.00310845    0.00025641    0.00130662    0.00286991    0.00003822    0.00000000 
max(|Fsp_perp|)  :   0.00000000    0.00000000    0.00000000    0.00000000    0.00000000    0.00000000    0.00000000    0.00000000    0.00000000    0.00000000 
max(|FNEB|)      :   0.00000000    0.00185766    0.00165382    0.00188908    0.00181765    0.00185980    0.00244869    0.00496751    0.00098327    0.00000000 
max(|Force|)     :   0.00151262    0.00167488    0.01432329    0.01185727    0.00181758    0.00590331    0.01573137    0.01886915    0.00172484    0.00156207 
ksp              :   0.01000000    0.03575813    0.08726051    0.10000000    0.10000000    0.09090315    0.06145203    0.01000000    0.01000000 
max(|step|)      :   0.00000000    0.01407267    0.01293726    0.01256834    0.01232171    0.01216189    0.01497499    0.03864760    0.00767697    0.00000000 
angle (deg.)     :    76.3929  53.1933  8.7951  24.6030  12.9723  12.5066  76.7471  25.3801 
>
iteration       : 43
climbing        : yes
zoom on         : no
nim             : 10
barrier         :   0.01987946 (image:  4) 
distance        :   0.00000000    3.93681989    5.00733460    5.45901223    5.86789730    6.22564242    6.60120214    7.11984057    9.77981473   12.54260891 
energy          : -1076.44982821  -1076.45420430  -1076.44380142  -1076.43262196  -1076.42994874  -1076.43199203  -1076.43834022  -1076.45413330  -1076.47931080  -1076.48254200 
max(|Fr_perp|)   :   0.00000000    0.00156377    0.00295965    0.00369283    0.00155793    0.00259787    0.00513315    0.00648274    0.00075075    0.00000000 
Fr_paral         :   0.00000000   -0.00094062   -0.02553365   -0.01904997   -0.00006915    0.01173409    0.02655516    0.03394525    0.00310560    0.00000000 
max(|Fsp_paral|) :   0.00000000    0.00017276    0.00011553    0.00068440    0.00259442    0.00076923    0.00105394    0.00305747    0.00035910    0.00000000 
max(|Fsp_perp|)  :   0.00000000    0.00000000    0.00000000    0.00000000    0.00000000    0.00000000    0.00000000    0.00000000    0.00000000    0.00000000 
max(|FNEB|)      :   0.00000000    0.00172879    0.00290814    0.00364763    0.00155793    0.00256429    0.00507570    0.00671873    0.00101061    0.00000000 
max(|Force|)     :   0.00151262    0.00137144    0.01399871    0.01142508    0.00155793    0.00572979    0.01541749    0.02058024    0.00173327    0.00156207 
ksp              :   0.01000000    0.03728496    0.08789757    0.10000000    0.10000000    0.09074947    0.06200937    0.01000000    0.01000000 
max(|step|)      :   0.00000000    0.01239095    0.00736625    0.01054681    0.01161277    0.01217269    0.01505958    0.03448614    0.00592777    0.00000000 
angle (deg.)     :    77.0158  52.3537  9.3143  24.6690  12.1974  9.0805  68.1988  26.3400 
>
iteration       : 44
climbing        : yes
zoom on         : no
nim             : 10
barrier         :   0.01983199 (image:  4) 
distance        :   0.00000000    3.93857693    5.03835699    5.49093310    5.89297534    6.25046775    6.62060240    7.13163636    9.71881180   12.48432940 
energy          : -1076.44982821  -1076.45432988  -1076.44363015  -1076.43256464  -1076.42999622  -1076.43205487  -1076.43833628  -1076.45403452  -1076.47933583  -1076.48254200 
max(|Fr_perp|)   :   0.00000000    0.00161032    0.00349205    0.00288443    0.00221250    0.00228672    0.00352294    0.00683997    0.00112474    0.00000000 
Fr_paral         :   0.00000000   -0.00081909   -0.02563564   -0.01871687   -0.00004550    0.01183759    0.02643992    0.03507876    0.00296667    0.00000000 
max(|Fsp_paral|) :   0.00000000    0.00080264    0.00105859    0.00012789    0.00226678    0.00100225    0.00097531    0.00317766    0.00062863    0.00000000 
max(|Fsp_perp|)  :   0.00000000    0.00000000    0.00000000    0.00000000    0.00000000    0.00000000    0.00000000    0.00000000    0.00000000    0.00000000 
max(|FNEB|)      :   0.00000000    0.00240437    0.00347079    0.00283129    0.00221260    0.00230600    0.00345864    0.00687259    0.00145221    0.00000000 
max(|Force|)     :   0.00151262    0.00135211    0.01384490    0.01115411    0.00221240    0.00583689    0.01533234    0.02111710    0.00173129    0.00156207 
ksp              :   0.01000000    0.03812753    0.08834420    0.10000000    0.10000000    0.09065758    0.06215176    0.01000000    0.01000000 
max(|step|)      :   0.00000000    0.01833178    0.01716059    0.01954126    0.01828463    0.01856138    0.02326861    0.04382162    0.00985796    0.00000000 
angle (deg.)     :    77.8969  51.9289  9.9553  24.7769  11.6031  11.0334  58.3602  27.8713 
>
iteration       : 45
climbing        : yes
zoom on         : no
nim             : 10
barrier         :   0.01976538 (image:  4) 
distance        :   0.00000000    3.94998937    5.08010658    5.54006280    5.93618689    6.29047528    6.65695477    7.16163227    9.67658021   12.44239937 
energy          : -1076.44982821  -1076.45449685  -1076.44366057  -1076.43251339  -1076.43006283  -1076.43209410  -1076.43826934  -1076.45348861  -1076.47939134  -1076.48254200 
max(|Fr_perp|)   :   0.00000000    0.00174822    0.00626070    0.00512770    0.00303649    0.00358784    0.00666368    0.00903467    0.00214140    0.00000000 
Fr_paral         :   0.00000000   -0.00082272   -0.02556950   -0.01828754   -0.00002003    0.01179786    0.02611778    0.03509434    0.00264345    0.00000000 
max(|Fsp_paral|) :   0.00000000    0.00112830    0.00118130    0.00072102    0.00213178    0.00099524    0.00088787    0.00336346    0.00089748    0.00000000 
max(|Fsp_perp|)  :   0.00000000    0.00000000    0.00000000    0.00000000    0.00000000    0.00000000    0.00000000    0.00000000    0.00000000    0.00000000 
max(|FNEB|)      :   0.00000000    0.00226394    0.00620529    0.00508704    0.00303655    0.00360595    0.00673342    0.00909926    0.00212108    0.00000000 
max(|Force|)     :   0.00151262    0.00173006    0.01403019    0.01099447    0.00303644    0.00581241    0.01534903    0.02088329    0.00211872    0.00156207 
ksp              :   0.01000000    0.03808382    0.08884155    0.10000000    0.10000000    0.09075077    0.06263231    0.01000000    0.01000000 
max(|step|)      :   0.00000000    0.00167775    0.00453720    0.00288082    0.00137462    0.00202358    0.00421582    0.00826808    0.00173676    0.00000000 
angle (deg.)     :    78.0134  52.3007  9.5627  24.7417  11.7666  9.9124  59.7217  27.8882 
>
iteration       : 46
climbing        : yes
zoom on         : no
nim             : 10
barrier         :   0.01975044 (image:  4) 
distance        :   0.00000000    3.95522733    5.07971395    5.54223457    5.94084613    6.29342299    6.66207997    7.15923234    9.69072877   12.45387976 
energy          : -1076.44982821  -1076.45450247  -1076.44388109  -1076.43258910  -1076.43007777  -1076.43208867  -1076.43832349  -1076.45343157  -1076.47942129  -1076.48254200 
max(|Fr_perp|)   :   0.00000000    0.00146995    0.00246992    0.00220849    0.00122094    0.00131448    0.00236925    0.00304602    0.00096323    0.00000000 
Fr_paral         :   0.00000000   -0.00075585   -0.02553372   -0.01850505   -0.00003934    0.01173141    0.02631130    0.03560899    0.00278247    0.00000000 
max(|Fsp_paral|) :   0.00000000    0.00069368    0.00041025    0.00063241    0.00234006    0.00080969    0.00132492    0.00302270    0.00082999    0.00000000 
max(|Fsp_perp|)  :   0.00000000    0.00000000    0.00000000    0.00000000    0.00000000    0.00000000    0.00000000    0.00000000    0.00000000    0.00000000 
max(|FNEB|)      :   0.00000000    0.00215538    0.00241852    0.00215117    0.00122108    0.00133833    0.00244404    0.00333550    0.00147379    0.00000000 
max(|Force|)     :   0.00151262    0.00122792    0.01417929    0.01113788    0.00122080    0.00577676    0.01538498    0.02075671    0.00163856    0.00156207 
ksp              :   0.01000000    0.03710016    0.08855623    0.10000000    0.10000000    0.09083662    0.06242538    0.01000000    0.01000000 
max(|step|)      :   0.00000000    0.00793673    0.00637783    0.00391039    0.00431705    0.00434347    0.00400573    0.01046960    0.00494812    0.00000000 
angle (deg.)     :    78.4088  52.8618  9.3364  24.7154  11.9582  9.6447  59.7400  28.3697 
>
iteration       : 47
climbing        : yes
zoom on         : no
nim             : 10
barrier         :   0.01972337 (image:  4) 
distance        :   0.00000000    3.96680044    5.09218326    5.55917022    5.96124367    6.31033014    6.68032722    7.16547042    9.70926789   12.46768134 
energy          : -1076.44982821  -1076.45454840  -1076.44413460  -1076.43266678  -1076.43010483  -1076.43207466  -1076.43830022  -1076.45299092  -1076.47946189  -1076.48254200 
max(|Fr_perp|)   :   0.00000000    0.00178242    0.00252804    0.00244434    0.00193697    0.00176976    0.00221770    0.00254566    0.00067763    0.00000000 
Fr_paral         :   0.00000000   -0.00066338   -0.02533881   -0.01867594   -0.00004187    0.01160139    0.02629425    0.03579471    0.00290405    0.00000000 
max(|Fsp_paral|) :   0.00000000    0.00026588    0.00040018    0.00059384    0.00268605    0.00056312    0.00178993    0.00263503    0.00077434    0.00000000 
max(|Fsp_perp|)  :   0.00000000    0.00000000    0.00000000    0.00000000    0.00000000    0.00000000    0.00000000    0.00000000    0.00000000    0.00000000 
max(|FNEB|)      :   0.00000000    0.00204076    0.00248077    0.00238770    0.00193708    0.00178504    0.00228407    0.00321061    0.00128129    0.00000000 
max(|Force|)     :   0.00151262    0.00156834    0.01441495    0.01132293    0.00193685    0.00568689    0.01533609    0.02063960    0.00155252    0.00156207 
ksp              :   0.01000000    0.03598056    0.08830953    0.10000000    0.10000000    0.09101147    0.06260353    0.01000000    0.01000000 
max(|step|)      :   0.00000000    0.01943355    0.01315333    0.01418911    0.01428808    0.01430145    0.01410827    0.01992211    0.01167505    0.00000000 
angle (deg.)     :    79.2477  53.7189  9.5169  24.6709  12.1686  10.4504  57.8290  29.6546 
>
iteration       : 48
climbing        : yes
zoom on         : no
nim             : 10
barrier         :   0.01965925 (image:  4) 
distance        :   0.00000000    3.98902438    5.12994408    5.60176624    6.01009869    6.35328408    6.72096453    7.18785845    9.74116436   12.49090000 
energy          : -1076.44982821  -1076.45467101  -1076.44444743  -1076.43281722  -1076.43016896  -1076.43207608  -1076.43818056  -1076.45204770  -1076.47952678  -1076.48254200 
max(|Fr_perp|)   :   0.00000000    0.00184357    0.00330838    0.00309458    0.00235798    0.00225173    0.00259350    0.00506865    0.00133000    0.00000000 
Fr_paral         :   0.00000000   -0.00056763   -0.02486212   -0.01896949   -0.00003930    0.01140921    0.02601261    0.03587153    0.00294016    0.00000000 
max(|Fsp_paral|) :   0.00000000    0.00012318    0.00102960    0.00036128    0.00329005    0.00034581    0.00217269    0.00216036    0.00072068    0.00000000 
max(|Fsp_perp|)  :   0.00000000    0.00000000    0.00000000    0.00000000    0.00000000    0.00000000    0.00000000    0.00000000    0.00000000    0.00000000 
max(|FNEB|)      :   0.00000000    0.00171353    0.00327170    0.00302848    0.00235809    0.00226598    0.00260420    0.00501410    0.00134338    0.00000000 
max(|Force|)     :   0.00151262    0.00165789    0.01458578    0.01159621    0.00235787    0.00552394    0.01503895    0.02091296    0.00154009    0.00156207 
ksp              :   0.01000000    0.03463317    0.08787625    0.10000000    0.10000000    0.09126918    0.06332288    0.01000000    0.01000000 
max(|step|)      :   0.00000000    0.04585027    0.03218762    0.03439083    0.03513327    0.03520829    0.03448012    0.04119515    0.02766076    0.00000000 
angle (deg.)     :    81.0049  55.6416  10.3947  24.5429  12.6819  12.1812  56.0633  32.5740 
>
iteration       : 49
climbing        : yes
zoom on         : no
nim             : 10
barrier         :   0.01953018 (image:  4) 
distance        :   0.00000000    4.03965808    5.22685823    5.70433731    6.12874886    6.45987139    6.81574020    7.24827544    9.84416909   12.57273936 
energy          : -1076.44982821  -1076.45496416  -1076.44495061  -1076.43316509  -1076.43029803  -1076.43209198  -1076.43775286  -1076.44999406  -1076.47964915  -1076.48254200 
max(|Fr_perp|)   :   0.00000000    0.00229998    0.00740671    0.00592342    0.00403174    0.00399769    0.00650002    0.00420245    0.00234766    0.00000000 
Fr_paral         :   0.00000000   -0.00022539   -0.02329003   -0.01965026   -0.00000264    0.01100073    0.02490453    0.03576199    0.00293978    0.00000000 
max(|Fsp_paral|) :   0.00000000    0.00061656    0.00150146    0.00057423    0.00468407    0.00021126    0.00232912    0.00132690    0.00050498    0.00000000 
max(|Fsp_perp|)  :   0.00000000    0.00000000    0.00000000    0.00000000    0.00000000    0.00000000    0.00000000    0.00000000    0.00000000    0.00000000 
max(|FNEB|)      :   0.00000000    0.00167754    0.00746668    0.00596599    0.00403175    0.00400934    0.00646360    0.00408493    0.00235127    0.00000000 
max(|Force|)     :   0.00151262    0.00222444    0.01400632    0.01215032    0.00403173    0.00539097    0.01425552    0.02093109    0.00265818    0.00156207 
ksp              :   0.01000000    0.03247720    0.08678785    0.10000000    0.10000000    0.09173303    0.06564623    0.01000000    0.01000000 
max(|step|)      :   0.00000000    0.06150183    0.04970711    0.05162331    0.05089329    0.05100280    0.05176625    0.06195393    0.03609893    0.00000000 
angle (deg.)     :    83.0994  57.5168  11.3969  24.3619  13.0982  15.9705  52.6360  36.4716 
>
iteration       : 50
climbing        : yes
zoom on         : no
nim             : 10
barrier         :   0.01930796 (image:  4) 
distance        :   0.00000000    4.10491980    5.36469956    5.84870829    6.29036691    6.60691012    6.94437305    7.34226233    9.98420362   12.68888266 
energy          : -1076.44982821  -1076.45534923  -1076.44562938  -1076.43368631  -1076.43052024  -1076.43217040  -1076.43731405  -1076.44754387  -1076.47980337  -1076.48254200 
max(|Fr_perp|)   :   0.00000000    0.00115389    0.00406251    0.00247926    0.00191643    0.00194570    0.00232163    0.00514800    0.00243006    0.00000000 
Fr_paral         :   0.00000000   -0.00020425   -0.02155161   -0.02062558   -0.00002061    0.01057001    0.02364793    0.03443740    0.00251438    0.00000000 
max(|Fsp_paral|) :   0.00000000    0.00132052    0.00206512    0.00166366    0.00623831    0.00022756    0.00217814    0.01492645    0.01091721    0.00000000 
max(|Fsp_perp|)  :   0.00000000    0.00000000    0.00000000    0.00000000    0.00000000    0.00000000    0.00000000    0.00000000    0.00000000    0.00000000 
max(|FNEB|)      :   0.00000000    0.00177016    0.00482504    0.00241646    0.00191649    0.00195367    0.00235065    0.01734266    0.01124983    0.00000000 
max(|Force|)     :   0.00151262    0.00115655    0.01294461    0.01268953    0.00191637    0.00518150    0.01324934    0.02099071    0.00295436    0.00156207 
ksp              :   0.01000000    0.02957195    0.08524205    0.10000000    0.10000000    0.09230812    0.06833211    0.02064793    0.01000000 
max(|step|)      :   0.00000000    0.02322589    0.01345616    0.01492784    0.01558234    0.01565690    0.01508051    0.02551489    0.02134180    0.00000000 
angle (deg.)     :    82.0810  56.1098  10.5907  24.4202  12.4178  13.5136  53.7752  34.5741 
>
iteration       : 51
climbing        : yes
zoom on         : no
nim             : 10
barrier         :   0.01936930 (image:  4) 
distance        :   0.00000000    4.07461687    5.31684711    5.79383087    6.22576737    6.54943995    6.88864362    7.32519280    9.91279694   12.64228180 
energy          : -1076.44982821  -1076.45523986  -1076.44533961  -1076.43346429  -1076.43045891  -1076.43217964  -1076.43745373  -1076.44942875  -1076.47975341  -1076.48254200 
max(|Fr_perp|)   :   0.00000000    0.00159627    0.00206465    0.00403706    0.00160772    0.00125113    0.00319961    0.00512487    0.00147998    0.00000000 
Fr_paral         :   0.00000000   -0.00013636   -0.02283734   -0.02014741   -0.00003294    0.01080845    0.02402896    0.03573047    0.00264482    0.00000000 
max(|Fsp_paral|) :   0.00000000    0.00083117    0.00141185    0.00123572    0.00542743    0.00052487    0.00095095    0.00065910    0.00132286    0.00000000 
max(|Fsp_perp|)  :   0.00000000    0.00000000    0.00000000    0.00000000    0.00000000    0.00000000    0.00000000    0.00000000    0.00000000    0.00000000 
max(|FNEB|)      :   0.00000000    0.00147562    0.00252169    0.00400695    0.00160759    0.00121443    0.00316369    0.00504330    0.00138125    0.00000000 
max(|Force|)     :   0.00151262    0.00154935    0.01299917    0.01228857    0.00160785    0.00524477    0.01358181    0.02145947    0.00184078    0.00156207 
ksp              :   0.01000000    0.03085639    0.08603541    0.10000000    0.10000000    0.09200456    0.06749837    0.01185607    0.01000000 
max(|step|)      :   0.00000000    0.01313037    0.01197602    0.01193078    0.01229068    0.01228687    0.01166864    0.00854041    0.00434865    0.00000000 
angle (deg.)     :    82.2428  56.0497  10.5369  24.3519  12.2371  12.5125  55.4944  34.8809 
>
iteration       : 52
climbing        : yes
zoom on         : no
nim             : 10
barrier         :   0.01931336 (image:  4) 
distance        :   0.00000000    4.08394932    5.35036370    5.82605165    6.25848975    6.57912170    6.91358857    7.35758499    9.94489834   12.68085299 
energy          : -1076.44982821  -1076.45533782  -1076.44540329  -1076.43353107  -1076.43051484  -1076.43220444  -1076.43735809  -1076.44960466  -1076.47977844  -1076.48254200 
max(|Fr_perp|)   :   0.00000000    0.00108596    0.00144983    0.00123278    0.00113265    0.00115925    0.00129434    0.00176497    0.00101564    0.00000000 
Fr_paral         :   0.00000000   -0.00019567   -0.02280625   -0.02022201   -0.00004446    0.01071605    0.02370530    0.03594583    0.00253830    0.00000000 
max(|Fsp_paral|) :   0.00000000    0.00071278    0.00110089    0.00135298    0.00561140    0.00056660    0.00031085    0.00092170    0.00047570    0.00000000 
max(|Fsp_perp|)  :   0.00000000    0.00000000    0.00000000    0.00000000    0.00000000    0.00000000    0.00000000    0.00000000    0.00000000    0.00000000 
max(|FNEB|)      :   0.00000000    0.00129882    0.00142912    0.00127784    0.00113254    0.00112284    0.00134752    0.00181104    0.00090439    0.00000000 
max(|Force|)     :   0.00151262    0.00106299    0.01261427    0.01225413    0.00113277    0.00522043    0.01346837    0.02129782    0.00124324    0.00156207 
ksp              :   0.01000000    0.03062006    0.08594440    0.10000000    0.10000000    0.09212650    0.06811054    0.01104173    0.01000000 
max(|step|)      :   0.00000000    0.06944960    0.06385909    0.06396543    0.06409050    0.06417691    0.06370067    0.05708927    0.02394599    0.00000000 
angle (deg.)     :    83.6431  56.5322  11.6514  24.1675  12.0811  12.6443  59.0865  37.4630 
>
iteration       : 53
climbing        : yes
zoom on         : no
nim             : 10
barrier         :   0.01906666 (image:  4) 
distance        :   0.00000000    4.14496124    5.52994244    6.00694640    6.44528876    6.74908230    7.06343830    7.52485758   10.11406746   12.87024845 
energy          : -1076.44982821  -1076.45576696  -1076.44573678  -1076.43384028  -1076.43076154  -1076.43229969  -1076.43685510  -1076.44904656  -1076.47983670  -1076.48254200 
max(|Fr_perp|)   :   0.00000000    0.00166284    0.00226820    0.00618963    0.00191608    0.00160000    0.00503289    0.00803637    0.00259646    0.00000000 
Fr_paral         :   0.00000000   -0.00000577   -0.02168713   -0.02042998   -0.00004360    0.01017894    0.02189675    0.03489727    0.00221513    0.00000000 
max(|Fsp_paral|) :   0.00000000    0.00030259    0.00009003    0.00175370    0.00677803    0.00055639    0.00197418    0.00146536    0.00321926    0.00000000 
max(|Fsp_perp|)  :   0.00000000    0.00000000    0.00000000    0.00000000    0.00000000    0.00000000    0.00000000    0.00000000    0.00000000    0.00000000 
max(|FNEB|)      :   0.00000000    0.00164046    0.00228841    0.00625471    0.00191629    0.00156555    0.00509220    0.00813660    0.00300102    0.00000000 
max(|Force|)     :   0.00151262    0.00166273    0.01110434    0.01227599    0.00191587    0.00498824    0.01273081    0.02097505    0.00264525    0.00156207 
ksp              :   0.01000000    0.02931268    0.08546751    0.10000000    0.10000000    0.09273953    0.07123670    0.01368960    0.01000000 
max(|step|)      :   0.00000000    0.07506453    0.07050567    0.06951653    0.06920364    0.06917517    0.06829548    0.05932885    0.02489589    0.00000000 
angle (deg.)     :    85.1554  57.2188  13.0788  24.0118  12.5074  13.9015  63.4419  39.8713 
>
iteration       : 54
climbing        : yes
zoom on         : no
nim             : 10
barrier         :   0.01881148 (image:  4) 
distance        :   0.00000000    4.21881688    5.73083815    6.21607958    6.65960077    6.94451934    7.25099941    7.72630541   10.30735110   13.09827508 
energy          : -1076.44982821  -1076.45616453  -1076.44615539  -1076.43414770  -1076.43101672  -1076.43238598  -1076.43658987  -1076.44872143  -1076.47983217  -1076.48254200 
max(|Fr_perp|)   :   0.00000000    0.00172285    0.00387083    0.00642941    0.00217045    0.00215818    0.00532044    0.00926210    0.00213439    0.00000000 
Fr_paral         :   0.00000000    0.00029825   -0.02040369   -0.02061728   -0.00004763    0.00956391    0.02058944    0.03393018    0.00210360    0.00000000 
max(|Fsp_paral|) :   0.00000000    0.00018258    0.00022749    0.00176608    0.00801598    0.00006701    0.00323349    0.00270692    0.00488522    0.00000000 
max(|Fsp_perp|)  :   0.00000000    0.00000000    0.00000000    0.00000000    0.00000000    0.00000000    0.00000000    0.00000000    0.00000000    0.00000000 
max(|FNEB|)      :   0.00000000    0.00173756    0.00397772    0.00650179    0.00217059    0.00215832    0.00537637    0.00931847    0.00456323    0.00000000 
max(|Force|)     :   0.00151262    0.00171455    0.00992333    0.01241694    0.00217032    0.00466533    0.01215002    0.02059687    0.00212794    0.00156207 
ksp              :   0.01000000    0.02757187    0.08502044    0.10000000    0.10000000    0.09344904    0.07333635    0.01529514    0.01000000 
max(|step|)      :   0.00000000    0.10000000    0.09223658    0.09216570    0.09240674    0.09218370    0.09105459    0.07934174    0.02911446    0.00000000 
angle (deg.)     :    87.1565  57.8424  15.0811  24.0490  13.6041  16.3948  68.1513  42.8625 
>
iteration       : 55
climbing        : yes
zoom on         : no
nim             : 10
barrier         :   0.01851968 (image:  4) 
distance        :   0.00000000    4.32473385    6.01009865    6.50976232    6.95833607    7.22231681    7.52608011    8.01416297   10.57244128   13.41901514 
energy          : -1076.44982821  -1076.45656015  -1076.44668663  -1076.43450437  -1076.43130853  -1076.43251194  -1076.43646435  -1076.44845430  -1076.47976632  -1076.48254200 
max(|Fr_perp|)   :   0.00000000    0.00326843    0.00871898    0.00464605    0.00373654    0.00380957    0.00583343    0.01124709    0.00606461    0.00000000 
Fr_paral         :   0.00000000    0.00010254   -0.01892635   -0.02082581   -0.00004400    0.00891851    0.01949449    0.03287430    0.00223561    0.00000000 
max(|Fsp_paral|) :   0.00000000    0.00022954    0.00022249    0.00150073    0.00939581    0.00100455    0.00410743    0.00377838    0.00632346    0.00000000 
max(|Fsp_perp|)  :   0.00000000    0.00000000    0.00000000    0.00000000    0.00000000    0.00000000    0.00000000    0.00000000    0.00000000    0.00000000 
max(|FNEB|)      :   0.00000000    0.00336929    0.00911482    0.00471597    0.00386880    0.00395582    0.00605322    0.01166146    0.00612201    0.00000000 
max(|Force|)     :   0.00151262    0.00337492    0.00926480    0.01259296    0.00386854    0.00438949    0.01160387    0.01994573    0.00633088    0.00156207 
ksp              :   0.01000000    0.02530148    0.08447098    0.10000000    0.10000000    0.09415426    0.07497560    0.01676757    0.01000000 
max(|step|)      :   0.00000000    0.00361791    0.00978740    0.00506396    0.00415427    0.00424773    0.00649989    0.01252197    0.00657376    0.00000000 
angle (deg.)     :    87.1171  57.7790  14.9836  24.0545  13.5600  15.4122  67.8068  42.5033 
>
iteration       : 56
climbing        : yes
zoom on         : no
nim             : 10
barrier         :   0.01849497 (image:  4) 
distance        :   0.00000000    4.32423424    6.00821427    6.51040004    6.95794854    7.22468316    7.53543006    8.02164177   10.55467598   13.41241785 
energy          : -1076.44982821  -1076.45659243  -1076.44682827  -1076.43451517  -1076.43133323  -1076.43255969  -1076.43670624  -1076.44900820  -1076.47977831  -1076.48254200 
max(|Fr_perp|)   :   0.00000000    0.00210362    0.00752910    0.00316230    0.00272711    0.00275244    0.00391509    0.00775253    0.00556051    0.00000000 
Fr_paral         :   0.00000000    0.00135815   -0.01937515   -0.02077574   -0.00005800    0.00903219    0.02015626    0.03368387    0.00228178    0.00000000 
max(|Fsp_paral|) :   0.00000000    0.00069128    0.00052387    0.00131243    0.00920897    0.00115623    0.00344144    0.00028174    0.00300413    0.00000000 
max(|Fsp_perp|)  :   0.00000000    0.00000000    0.00000000    0.00000000    0.00000000    0.00000000    0.00000000    0.00000000    0.00000000    0.00000000 
max(|FNEB|)      :   0.00000000    0.00213899    0.00751400    0.00307778    0.00272726    0.00275119    0.00494201    0.00786882    0.00550243    0.00000000 
max(|Force|)     :   0.00151262    0.00249158    0.00906925    0.01259594    0.00272695    0.00438944    0.01179023    0.02051721    0.00558243    0.00156207 
ksp              :   0.01000000    0.02459827    0.08451612    0.10000000    0.10000000    0.09403183    0.07385395    0.01399032    0.01000000 
max(|step|)      :   0.00000000    0.00137561    0.00374129    0.00116921    0.00107813    0.00128880    0.00469500    0.00446334    0.00388328    0.00000000 
angle (deg.)     :    87.0419  57.7279  14.9430  24.0570  13.5915  14.7394  67.4345  42.2954 
>
iteration       : 57
climbing        : yes
zoom on         : no
nim             : 10
barrier         :   0.01848361 (image:  4) 
distance        :   0.00000000    4.32338429    6.00782505    6.51098378    6.95788749    7.22714271    7.54275442    8.02393581   10.54286752   13.40642782 
energy          : -1076.44982821  -1076.45660815  -1076.44690771  -1076.43451778  -1076.43134459  -1076.43259383  -1076.43687889  -1076.44927830  -1076.47979157  -1076.48254200 
max(|Fr_perp|)   :   0.00000000    0.00176981    0.00349293    0.00255566    0.00226348    0.00227476    0.00304363    0.00403379    0.00271101    0.00000000 
Fr_paral         :   0.00000000    0.00127195   -0.01975327   -0.02073783   -0.00006393    0.00913767    0.02061305    0.03439033    0.00244901    0.00000000 
max(|Fsp_paral|) :   0.00000000    0.00092817    0.00089138    0.00121942    0.00905124    0.00123279    0.00283548    0.00192224    0.00144223    0.00000000 
max(|Fsp_perp|)  :   0.00000000    0.00000000    0.00000000    0.00000000    0.00000000    0.00000000    0.00000000    0.00000000    0.00000000    0.00000000 
max(|FNEB|)      :   0.00000000    0.00139537    0.00348778    0.00247054    0.00226365    0.00227363    0.00421950    0.00414185    0.00268026    0.00000000 
max(|Force|)     :   0.00151262    0.00225445    0.00942532    0.01262042    0.00226331    0.00442752    0.01194423    0.02052847    0.00273833    0.00156207 
ksp              :   0.01000000    0.02422041    0.08454918    0.10000000    0.10000000    0.09391724    0.07305253    0.01267761    0.01000000 
max(|step|)      :   0.00000000    0.00525151    0.01409399    0.00557827    0.00537347    0.00652802    0.01951902    0.01789069    0.01339540    0.00000000 
angle (deg.)     :    86.6230  57.6023  15.0076  24.0955  14.0794  12.1097  65.4967  41.6876 
>
iteration       : 58
climbing        : yes
zoom on         : no
nim             : 10
barrier         :   0.01845800 (image:  4) 
distance        :   0.00000000    4.31690775    6.00846732    6.51255847    6.95711944    7.23926485    7.57307972    8.02315208   10.49827921   13.37839744 
energy          : -1076.44982821  -1076.45663629  -1076.44696382  -1076.43450113  -1076.43137021  -1076.43274312  -1076.43755649  -1076.44962234  -1076.47977477  -1076.48254200 
max(|Fr_perp|)   :   0.00000000    0.00096174    0.00150486    0.00166699    0.00138012    0.00140758    0.00189336    0.00184320    0.00060465    0.00000000 
Fr_paral         :   0.00000000    0.00079061   -0.02085600   -0.02055031   -0.00007018    0.00966085    0.02226550    0.03601201    0.00270783    0.00000000 
max(|Fsp_paral|) :   0.00000000    0.00100494    0.00108847    0.00098769    0.00829639    0.00133049    0.00014955    0.00246367    0.00067951    0.00000000 
max(|Fsp_perp|)  :   0.00000000    0.00000000    0.00000000    0.00000000    0.00000000    0.00000000    0.00000000    0.00000000    0.00000000    0.00000000 
max(|FNEB|)      :   0.00000000    0.00095222    0.00146810    0.00158177    0.00138024    0.00165005    0.00194624    0.00247606    0.00088443    0.00000000 
max(|Force|)     :   0.00151262    0.00099415    0.01139742    0.01271119    0.00137999    0.00465788    0.01261506    0.02104724    0.00112658    0.00156207 
ksp              :   0.01000000    0.02396655    0.08473384    0.10000000    0.10000000    0.09330574    0.06983607    0.01100379    0.01000000 
max(|step|)      :   0.00000000    0.00301410    0.00449571    0.00414292    0.00407221    0.00584161    0.00831444    0.00850637    0.00380369    0.00000000 
angle (deg.)     :    86.2884  57.6836  14.8689  24.1989  14.5408  10.4267  64.1500  41.5770 
>
iteration       : 59
climbing        : yes
zoom on         : no
nim             : 10
barrier         :   0.01844346 (image:  4) 
distance        :   0.00000000    4.31063393    6.01150431    6.51344305    6.95720389    7.25080236    7.58634364    8.01903019   10.47981002   13.36330736 
energy          : -1076.44982821  -1076.45664580  -1076.44688585  -1076.43449509  -1076.43138474  -1076.43287365  -1076.43784231  -1076.44951466  -1076.47975557  -1076.48254200 
max(|Fr_perp|)   :   0.00000000    0.00174733    0.00605262    0.00249698    0.00228438    0.00229489    0.00285515    0.00371356    0.00483475    0.00000000 
Fr_paral         :   0.00000000    0.00123269   -0.02103651   -0.02045813   -0.00006679    0.01012078    0.02287593    0.03621435    0.00268250    0.00000000 
max(|Fsp_paral|) :   0.00000000    0.00063948    0.00057259    0.00102020    0.00769029    0.00079673    0.00078734    0.00072908    0.00019986    0.00000000 
max(|Fsp_perp|)  :   0.00000000    0.00000000    0.00000000    0.00000000    0.00000000    0.00000000    0.00000000    0.00000000    0.00000000    0.00000000 
max(|FNEB|)      :   0.00000000    0.00110395    0.00608156    0.00241125    0.00228453    0.00228998    0.00291351    0.00357949    0.00482307    0.00000000 
max(|Force|)     :   0.00151262    0.00221753    0.01169954    0.01265121    0.00228423    0.00487292    0.01293381    0.02093766    0.00479126    0.00156207 
ksp              :   0.01000000    0.02435805    0.08482219    0.10000000    0.10000000    0.09273446    0.06848849    0.01153002    0.01000000 
max(|step|)      :   0.00000000    0.00224832    0.00383219    0.00340772    0.00334770    0.00414596    0.00482951    0.00550969    0.00198005    0.00000000 
angle (deg.)     :    86.0373  57.7930  14.7276  24.3014  14.8240  9.3835  63.2614  41.5021 
>
iteration       : 60
climbing        : yes
zoom on         : no
nim             : 10
barrier         :   0.01842909 (image:  4) 
distance        :   0.00000000    4.30648609    6.01434184    6.51517752    6.95838956    7.26003023    7.59517669    8.01912187   10.46986813   13.35564073 
energy          : -1076.44982821  -1076.45665734  -1076.44687407  -1076.43449831  -1076.43139912  -1076.43297225  -1076.43801804  -1076.44951107  -1076.47976680  -1076.48254200 
max(|Fr_perp|)   :   0.00000000    0.00126271    0.00235119    0.00176654    0.00163883    0.00163856    0.00184839    0.00202072    0.00185815    0.00000000 
Fr_paral         :   0.00000000    0.00109925   -0.02113430   -0.02040749   -0.00006473    0.01043628    0.02322368    0.03633254    0.00262698    0.00000000 
max(|Fsp_paral|) :   0.00000000    0.00051420    0.00039309    0.00102954    0.00726131    0.00035177    0.00120171    0.00022134    0.00023932    0.00000000 
max(|Fsp_perp|)  :   0.00000000    0.00000000    0.00000000    0.00000000    0.00000000    0.00000000    0.00000000    0.00000000    0.00000000    0.00000000 
max(|FNEB|)      :   0.00000000    0.00083938    0.00238211    0.00168037    0.00163896    0.00163202    0.00190725    0.00204405    0.00184540    0.00000000 
max(|Force|)     :   0.00151262    0.00168219    0.01169886    0.01261095    0.00163869    0.00500380    0.01313505    0.02107412    0.00181723    0.00156207 
ksp              :   0.01000000    0.02442676    0.08486484    0.10000000    0.10000000    0.09231745    0.06767592    0.01154877    0.01000000 
max(|step|)      :   0.00000000    0.00553413    0.00915448    0.00806479    0.00803383    0.00900756    0.00849113    0.00996252    0.00361212    0.00000000 
angle (deg.)     :    85.4518  58.1526  14.2672  24.6219  15.3065  7.6676  61.5164  41.4685 
>
iteration       : 61
climbing        : yes
zoom on         : no
nim             : 10
barrier         :   0.01839784 (image:  4) 
distance        :   0.00000000    4.29699912    6.02237378    6.52064215    6.96281646    7.28167773    7.61120586    8.02258776   10.45689187   13.34446931 
energy          : -1076.44982821  -1076.45668349  -1076.44682331  -1076.43450179  -1076.43143037  -1076.43319180  -1076.43829614  -1076.44951782  -1076.47977580  -1076.48254200 
max(|Fr_perp|)   :   0.00000000    0.00096864    0.00220098    0.00112994    0.00117822    0.00120158    0.00124637    0.00229518    0.00129113    0.00000000 
Fr_paral         :   0.00000000    0.00090563   -0.02104338   -0.02028588   -0.00005797    0.01111595    0.02370382    0.03626480    0.00242183    0.00000000 
max(|Fsp_paral|) :   0.00000000    0.00013508    0.00013907    0.00106165    0.00634169    0.00080221    0.00150571    0.00039790    0.00035964    0.00000000 
max(|Fsp_perp|)  :   0.00000000    0.00000000    0.00000000    0.00000000    0.00000000    0.00000000    0.00000000    0.00000000    0.00000000    0.00000000 
max(|FNEB|)      :   0.00000000    0.00091866    0.00215458    0.00118225    0.00117809    0.00117318    0.00117729    0.00258537    0.00126792    0.00000000 
max(|Force|)     :   0.00151262    0.00109627    0.01126944    0.01248548    0.00117834    0.00532189    0.01347849    0.02141424    0.00125038    0.00156207 
ksp              :   0.01000000    0.02469960    0.08497499    0.10000000    0.10000000    0.09138328    0.06641347    0.01151839    0.01000000 
max(|step|)      :   0.00000000    0.00552859    0.00877014    0.00788008    0.00783001    0.00768739    0.00822269    0.00731527    0.00415753    0.00000000 
angle (deg.)     :    84.9117  58.5910  13.9135  25.0296  15.3896  7.1572  60.3273  41.5381 
>
iteration       : 62
climbing        : yes
zoom on         : no
nim             : 10
barrier         :   0.01836515 (image:  4) 
distance        :   0.00000000    4.28921880    6.03061418    6.52863665    6.96979580    7.30053757    7.62556649    8.03188962   10.45456309   13.34138204 
energy          : -1076.44982821  -1076.45671058  -1076.44681410  -1076.43450511  -1076.43146306  -1076.43336110  -1076.43849335  -1076.44963266  -1076.47977955  -1076.48254200 
max(|Fr_perp|)   :   0.00000000    0.00107151    0.00358236    0.00157024    0.00124979    0.00127714    0.00141259    0.00265301    0.00355067    0.00000000 
Fr_paral         :   0.00000000    0.00090023   -0.02074756   -0.02016663   -0.00005054    0.01160466    0.02401248    0.03616657    0.00222299    0.00000000 
max(|Fsp_paral|) :   0.00000000    0.00009312    0.00038593    0.00098146    0.00568135    0.00163420    0.00153976    0.00004608    0.00099550    0.00000000 
max(|Fsp_perp|)  :   0.00000000    0.00000000    0.00000000    0.00000000    0.00000000    0.00000000    0.00000000    0.00000000    0.00000000    0.00000000 
max(|FNEB|)      :   0.00000000    0.00110630    0.00352768    0.00150418    0.00124967    0.00169126    0.00134001    0.00258134    0.00358701    0.00000000 
max(|Force|)     :   0.00151262    0.00119950    0.01082719    0.01236436    0.00124990    0.00559559    0.01371706    0.02178083    0.00358281    0.00156207 
ksp              :   0.01000000    0.02477087    0.08509213    0.10000000    0.10000000    0.09069846    0.06554744    0.01095829    0.01000000 
max(|step|)      :   0.00000000    0.01543306    0.02605368    0.02329620    0.02337759    0.02298548    0.02361130    0.02265673    0.01318725    0.00000000 
angle (deg.)     :    83.5223  59.8441  13.4913  26.2261  15.0471  8.3077  58.1928  41.9828 
>
iteration       : 63
climbing        : yes
zoom on         : no
nim             : 10
barrier         :   0.01827398 (image:  4) 
distance        :   0.00000000    4.27152996    6.05518414    6.55665284    6.99568823    7.34762000    7.66722874    8.06687750   10.47208801   13.34891833 
energy          : -1076.44982821  -1076.45677911  -1076.44686092  -1076.43452935  -1076.43155422  -1076.43371023  -1076.43894927  -1076.44987367  -1076.47980893  -1076.48254200 
max(|Fr_perp|)   :   0.00000000    0.00213602    0.00323545    0.00212381    0.00205363    0.00207632    0.00191595    0.00869657    0.00223011    0.00000000 
Fr_paral         :   0.00000000    0.00068577   -0.01971152   -0.01988423   -0.00002785    0.01253267    0.02467780    0.03509636    0.00182499    0.00000000 
max(|Fsp_paral|) :   0.00000000    0.00045651    0.00057360    0.00062037    0.00446967    0.00308075    0.00170670    0.00070138    0.00201939    0.00000000 
max(|Fsp_perp|)  :   0.00000000    0.00000000    0.00000000    0.00000000    0.00000000    0.00000000    0.00000000    0.00000000    0.00000000    0.00000000 
max(|FNEB|)      :   0.00000000    0.00211939    0.00317420    0.00203520    0.00205368    0.00301127    0.00198092    0.00885848    0.00234355    0.00000000 
max(|Force|)     :   0.00151262    0.00212348    0.00955388    0.01213323    0.00205358    0.00604916    0.01426070    0.02260381    0.00227361    0.00156207 
ksp              :   0.01000000    0.02461397    0.08534740    0.10000000    0.10000000    0.08938161    0.06357915    0.01000000    0.01000000 
max(|step|)      :   0.00000000    0.01086944    0.01827789    0.01732344    0.01731060    0.01721835    0.01744644    0.01747066    0.01114297    0.00000000 
angle (deg.)     :    82.6493  60.6515  13.5494  27.1184  14.3444  9.0876  57.6206  42.5183 
>
iteration       : 64
climbing        : yes
zoom on         : no
nim             : 10
barrier         :   0.01820152 (image:  4) 
distance        :   0.00000000    4.26226809    6.07367317    6.57991769    7.01846072    7.37516083    7.69628621    8.09808018   10.50243956   13.36572738 
energy          : -1076.44982821  -1076.45683587  -1076.44696865  -1076.43457076  -1076.43162669  -1076.43384442  -1076.43917783  -1076.45025956  -1076.47983178  -1076.48254200 
max(|Fr_perp|)   :   0.00000000    0.00106947    0.00255879    0.00127372    0.00124122    0.00127669    0.00128452    0.00446188    0.00191319    0.00000000 
Fr_paral         :   0.00000000    0.00086036   -0.01899038   -0.01974631   -0.00000929    0.01280550    0.02494615    0.03508485    0.00144380    0.00000000 
max(|Fsp_paral|) :   0.00000000    0.00042687    0.00024761    0.00033540    0.00417892    0.00333837    0.00183067    0.00058072    0.00196789    0.00000000 
max(|Fsp_perp|)  :   0.00000000    0.00000000    0.00000000    0.00000000    0.00000000    0.00000000    0.00000000    0.00000000    0.00000000    0.00000000 
max(|FNEB|)      :   0.00000000    0.00122862    0.00237564    0.00124195    0.00124119    0.00335673    0.00149189    0.00396936    0.00217783    0.00000000 
max(|Force|)     :   0.00151262    0.00119181    0.00878546    0.01204962    0.00124124    0.00607404    0.01453105    0.02243291    0.00193233    0.00156207 
ksp              :   0.01000000    0.02413949    0.08544261    0.10000000    0.10000000    0.08903412    0.06266230    0.01000000    0.01000000 
max(|step|)      :   0.00000000    0.02393100    0.04098379    0.03907921    0.03904896    0.03886402    0.03918832    0.03956735    0.02554766    0.00000000 
angle (deg.)     :    80.9617  62.0936  14.1293  29.0589  12.6969  10.3953  57.3665  43.7588 
>
iteration       : 65
climbing        : yes
zoom on         : no
nim             : 10
barrier         :   0.01804884 (image:  4) 
distance        :   0.00000000    4.24689195    6.11789650    6.63578301    7.07503788    7.42989922    7.76556617    8.17772623   10.58610691   13.41625841 
energy          : -1076.44982821  -1076.45694564  -1076.44729385  -1076.43468586  -1076.43177937  -1076.43397347  -1076.43965282  -1076.45111376  -1076.47986956  -1076.48254200 
max(|Fr_perp|)   :   0.00000000    0.00179143    0.00273714    0.00152717    0.00153649    0.00158819    0.00180595    0.00702898    0.00280950    0.00000000 
Fr_paral         :   0.00000000    0.00124247   -0.01802450   -0.01953758    0.00002945    0.01289664    0.02555032    0.03399472    0.00092601    0.00000000 
max(|Fsp_paral|) :   0.00000000    0.00004480    0.00101196    0.00019833    0.00424703    0.00270648    0.00255840    0.00049020    0.00181874    0.00000000 
max(|Fsp_perp|)  :   0.00000000    0.00000000    0.00000000    0.00000000    0.00000000    0.00000000    0.00000000    0.00000000    0.00000000    0.00000000 
max(|FNEB|)      :   0.00000000    0.00178502    0.00378968    0.00143619    0.00153648    0.00295446    0.00299960    0.00691288    0.00286579    0.00000000 
max(|Force|)     :   0.00151262    0.00181441    0.00790362    0.01202588    0.00153649    0.00611304    0.01501141    0.02144975    0.00282177    0.00156207 
ksp              :   0.01000000    0.02263751    0.08550685    0.10000000    0.10000000    0.08905920    0.06073927    0.01000000    0.01000000 
max(|step|)      :   0.00000000    0.05941569    0.10000000    0.09565332    0.09553241    0.09510314    0.09598448    0.09598091    0.06285303    0.00000000 
angle (deg.)     :    77.7753  65.3157  15.9671  33.6533  11.6344  13.6349  57.3010  46.8794 
>
iteration       : 66
climbing        : yes
zoom on         : no
nim             : 10
barrier         :   0.01770114 (image:  4) 
distance        :   0.00000000    4.21690325    6.25905007    6.79830615    7.24258218    7.59369338    7.96602752    8.41116529   10.83155022   13.58398325 
energy          : -1076.44982821  -1076.45708747  -1076.44796630  -1076.43499506  -1076.43212706  -1076.43423987  -1076.44079507  -1076.45332828  -1076.47980899  -1076.48254200 
max(|Fr_perp|)   :   0.00000000    0.00359742    0.00743757    0.00209920    0.00201627    0.00216637    0.00308469    0.01620633    0.00431942    0.00000000 
Fr_paral         :   0.00000000    0.00165855   -0.01674742   -0.01918472    0.00012606    0.01290064    0.02704013    0.03065680   -0.00027190    0.00000000 
max(|Fsp_paral|) :   0.00000000    0.00097144    0.00327187    0.00087795    0.00452637    0.00095939    0.00433436    0.00036084    0.00144784    0.00000000 
max(|Fsp_perp|)  :   0.00000000    0.00000000    0.00000000    0.00000000    0.00000000    0.00000000    0.00000000    0.00000000    0.00000000    0.00000000 
max(|FNEB|)      :   0.00000000    0.00369573    0.00774113    0.00250614    0.00204048    0.00227483    0.00540387    0.01668835    0.00360692    0.00000000 
max(|Force|)     :   0.00151262    0.00377323    0.00789778    0.01211505    0.00204005    0.00653741    0.01601609    0.01846840    0.00438521    0.00156207 
ksp              :   0.01000000    0.01947626    0.08542611    0.10000000    0.10000000    0.08925665    0.05591386    0.01000000    0.01000000 
max(|step|)      :   0.00000000    0.00369087    0.00773094    0.00250284    0.00203780    0.00227183    0.00539676    0.01666638    0.00360217    0.00000000 
angle (deg.)     :    77.7646  64.7748  15.9379  33.2606  11.8577  11.7424  57.2249  46.7606 
>
iteration       : 67
climbing        : yes
zoom on         : no
nim             : 10
barrier         :   0.01769000 (image:  4) 
distance        :   0.00000000    4.21533856    6.26019233    6.79019007    7.23793443    7.58757622    7.95493474    8.40800179   10.82941067   13.57739677 
energy          : -1076.44982821  -1076.45710984  -1076.44794234  -1076.43506937  -1076.43213820  -1076.43424216  -1076.44067423  -1076.45384525  -1076.47988911  -1076.48254200 
max(|Fr_perp|)   :   0.00000000    0.00236135    0.00552720    0.00163593    0.00119044    0.00138660    0.00209544    0.01270388    0.00409365    0.00000000 
Fr_paral         :   0.00000000    0.00128093   -0.01795871   -0.01939479    0.00011606    0.01284536    0.02703459    0.03225217    0.00001402    0.00000000 
max(|Fsp_paral|) :   0.00000000    0.00084618    0.00260138    0.00017572    0.00477568    0.00109337    0.00373819    0.00073708    0.00142771    0.00000000 
max(|Fsp_perp|)  :   0.00000000    0.00000000    0.00000000    0.00000000    0.00000000    0.00000000    0.00000000    0.00000000    0.00000000    0.00000000 
max(|FNEB|)      :   0.00000000    0.00239886    0.00560748    0.00175415    0.00119065    0.00220018    0.00396338    0.01263576    0.00340133    0.00000000 
max(|Force|)     :   0.00151262    0.00234046    0.00804106    0.01223108    0.00119023    0.00643637    0.01576902    0.01926077    0.00409067    0.00156207 
ksp              :   0.01000000    0.01959458    0.08508735    0.10000000    0.10000000    0.08929585    0.05657192    0.01000000    0.01000000 
max(|step|)      :   0.00000000    0.00107725    0.00402846    0.00184229    0.00125010    0.00205522    0.00408646    0.00540786    0.00320376    0.00000000 
angle (deg.)     :    77.7581  64.3558  15.9358  32.9401  12.1825  10.6578  57.2924  46.7038 
>
iteration       : 68
climbing        : yes
zoom on         : no
nim             : 10
barrier         :   0.01768306 (image:  4) 
distance        :   0.00000000    4.21396954    6.26117313    6.78416852    7.23438316    7.58249475    7.94621738    8.40537171   10.82898280   13.57309063 
energy          : -1076.44982821  -1076.45712024  -1076.44790194  -1076.43512280  -1076.43214514  -1076.43423750  -1076.44056513  -1076.45413609  -1076.47994981  -1076.48254200 
max(|Fr_perp|)   :   0.00000000    0.00170001    0.00366188    0.00160679    0.00093119    0.00127489    0.00139808    0.00882082    0.00384563    0.00000000 
Fr_paral         :   0.00000000    0.00125042   -0.01881273   -0.01954969    0.00010904    0.01278187    0.02696777    0.03328682    0.00016589    0.00000000 
max(|Fsp_paral|) :   0.00000000    0.00064748    0.00196888    0.00035479    0.00498518    0.00116418    0.00329096    0.00104381    0.00140379    0.00000000 
max(|Fsp_perp|)  :   0.00000000    0.00000000    0.00000000    0.00000000    0.00000000    0.00000000    0.00000000    0.00000000    0.00000000    0.00000000 
max(|FNEB|)      :   0.00000000    0.00173032    0.00370466    0.00119167    0.00093139    0.00211621    0.00289674    0.00874821    0.00317784    0.00000000 
max(|Force|)     :   0.00151262    0.00167915    0.00886671    0.01231068    0.00093099    0.00633947    0.01557479    0.01936237    0.00381105    0.00156207 
ksp              :   0.01000000    0.01980396    0.08484487    0.10000000    0.10000000    0.08935070    0.05714551    0.01000000    0.01000000 
max(|step|)      :   0.00000000    0.00471634    0.01652280    0.00725904    0.00599748    0.01332962    0.01782460    0.02590447    0.01991697    0.00000000 
angle (deg.)     :    77.7691  62.4606  16.2074  31.1975  15.5314  8.8274  59.0022  46.6701 
>
iteration       : 69
climbing        : yes
zoom on         : no
nim             : 10
barrier         :   0.01765965 (image:  4) 
distance        :   0.00000000    4.20830139    6.26858728    6.76351350    7.22238513    7.55873355    7.90839268    8.39667170   10.84707521   13.56662710 
energy          : -1076.44982821  -1076.45713185  -1076.44756174  -1076.43531436  -1076.43216855  -1076.43414966  -1076.43993394  -1076.45471300  -1076.48018953  -1076.48254200 
max(|Fr_perp|)   :   0.00000000    0.00129414    0.00189615    0.00145153    0.00110848    0.00121660    0.00184221    0.00486036    0.00232276    0.00000000 
Fr_paral         :   0.00000000    0.00150718   -0.02155010   -0.02010783    0.00007226    0.01222815    0.02601205    0.03575291    0.00083670    0.00000000 
max(|Fsp_paral|) :   0.00000000    0.00093162    0.00141617    0.00239602    0.00609514    0.00107156    0.00106735    0.00262293    0.00119118    0.00000000 
max(|Fsp_perp|)  :   0.00000000    0.00000000    0.00000000    0.00000000    0.00000000    0.00000000    0.00000000    0.00000000    0.00000000    0.00000000 
max(|FNEB|)      :   0.00000000    0.00199526    0.00286977    0.00104133    0.00110856    0.00144048    0.00150346    0.00490560    0.00181803    0.00000000 
max(|Force|)     :   0.00151262    0.00167433    0.01200989    0.01258008    0.00110841    0.00571421    0.01452736    0.02090327    0.00216588    0.00156207 
ksp              :   0.01000000    0.02155074    0.08396781    0.10000000    0.10000000    0.08990354    0.06042478    0.01000000    0.01000000 
max(|step|)      :   0.00000000    0.00550244    0.00631528    0.00443122    0.00457890    0.00694372    0.00561911    0.01356147    0.01022023    0.00000000 
angle (deg.)     :    77.8543  62.2281  16.2885  30.5236  16.8274  9.2130  60.5368  46.8144 
>
iteration       : 70
climbing        : yes
zoom on         : no
nim             : 10
barrier         :   0.01764981 (image:  4) 
distance        :   0.00000000    4.21264366    6.27291019    6.77196697    7.22929084    7.55816018    7.90767275    8.39990236   10.87411187   13.57935389 
energy          : -1076.44982821  -1076.45713934  -1076.44758717  -1076.43529793  -1076.43217839  -1076.43407985  -1076.43974021  -1076.45437165  -1076.48026650  -1076.48254200 
max(|Fr_perp|)   :   0.00000000    0.00304423    0.00857853    0.00173152    0.00137399    0.00144676    0.00355949    0.01890640    0.00255565    0.00000000 
Fr_paral         :   0.00000000    0.00065646   -0.02117624   -0.02003544    0.00005834    0.01185785    0.02556655    0.03509355    0.00110748    0.00000000 
max(|Fsp_paral|) :   0.00000000    0.00081325    0.00108339    0.00208749    0.00645339    0.00063454    0.00073561    0.00293440    0.00102693    0.00000000 
max(|Fsp_perp|)  :   0.00000000    0.00000000    0.00000000    0.00000000    0.00000000    0.00000000    0.00000000    0.00000000    0.00000000    0.00000000 
max(|FNEB|)      :   0.00000000    0.00307068    0.00863238    0.00165109    0.00137417    0.00142834    0.00361149    0.01904447    0.00250061    0.00000000 
max(|Force|)     :   0.00151262    0.00305447    0.01173097    0.01260594    0.00137381    0.00564235    0.01427443    0.02125842    0.00252979    0.00156207 
ksp              :   0.01000000    0.02142752    0.08409286    0.10000000    0.10000000    0.09030406    0.06144074    0.01000000    0.01000000 
max(|step|)      :   0.00000000    0.00136619    0.00344407    0.00102314    0.00106329    0.00114867    0.00186881    0.00781984    0.00152670    0.00000000 
angle (deg.)     :    77.8533  62.3936  16.1904  30.6791  16.3413  8.6958  60.3018  46.8268 
>
iteration       : 71
climbing        : yes
zoom on         : no
nim             : 10
barrier         :   0.01764602 (image:  4) 
distance        :   0.00000000    4.21309073    6.27212627    6.77370659    7.23014509    7.55985568    7.91057456    8.39879389   10.87103374   13.57803910 
energy          : -1076.44982821  -1076.45715062  -1076.44767275  -1076.43528668  -1076.43218219  -1076.43409136  -1076.43980827  -1076.45454286  -1076.48027022  -1076.48254200 
max(|Fr_perp|)   :   0.00000000    0.00112039    0.00285352    0.00147840    0.00102924    0.00107955    0.00168490    0.00543673    0.00184850    0.00000000 
Fr_paral         :   0.00000000    0.00107701   -0.02111809   -0.01999598    0.00005806    0.01190977    0.02570806    0.03600339    0.00106047    0.00000000 
max(|Fsp_paral|) :   0.00000000    0.00044189    0.00050396    0.00189893    0.00635678    0.00063168    0.00101205    0.00273255    0.00104292    0.00000000 
max(|Fsp_perp|)  :   0.00000000    0.00000000    0.00000000    0.00000000    0.00000000    0.00000000    0.00000000    0.00000000    0.00000000    0.00000000 
max(|FNEB|)      :   0.00000000    0.00121295    0.00290836    0.00103112    0.00102942    0.00106102    0.00136822    0.00546353    0.00151341    0.00000000 
max(|Force|)     :   0.00151262    0.00120532    0.01141121    0.01255585    0.00102906    0.00558420    0.01438690    0.02107906    0.00165655    0.00156207 
ksp              :   0.01000000    0.02099346    0.08416614    0.10000000    0.10000000    0.09026265    0.06110468    0.01000000    0.01000000 
max(|step|)      :   0.00000000    0.00179935    0.00255526    0.00201669    0.00199617    0.00258117    0.00216231    0.00525451    0.00402845    0.00000000 
angle (deg.)     :    77.8945  62.4529  16.1502  30.4921  16.4894  8.6416  60.9473  46.9510 
>
iteration       : 72
climbing        : yes
zoom on         : no
nim             : 10
barrier         :   0.01763830 (image:  4) 
distance        :   0.00000000    4.21566361    6.27399302    6.78021136    7.23483304    7.56152700    7.91344614    8.39839338   10.88270604   13.58354409 
energy          : -1076.44982821  -1076.45716206  -1076.44774991  -1076.43526267  -1076.43218991  -1076.43406586  -1076.43977584  -1076.45438304  -1076.48030766  -1076.48254200 
max(|Fr_perp|)   :   0.00000000    0.00049010    0.00071232    0.00146773    0.00076649    0.00080342    0.00130721    0.00149505    0.00166366    0.00000000 
Fr_paral         :   0.00000000    0.00129206   -0.02078040   -0.01990740    0.00005035    0.01176874    0.02559801    0.03611631    0.00111895    0.00000000 
max(|Fsp_paral|) :   0.00000000    0.00010281    0.00013707    0.00153869    0.00644104    0.00040429    0.00116226    0.00264137    0.00096354    0.00000000 
max(|Fsp_perp|)  :   0.00000000    0.00000000    0.00000000    0.00000000    0.00000000    0.00000000    0.00000000    0.00000000    0.00000000    0.00000000 
max(|FNEB|)      :   0.00000000    0.00058867    0.00059746    0.00076827    0.00076665    0.00078397    0.00092332    0.00204497    0.00139430    0.00000000 
max(|Force|)     :   0.00151262    0.00101242    0.01099532    0.01249703    0.00076634    0.00551799    0.01440542    0.02103367    0.00146369    0.00156207 
ksp              :   0.01000000    0.02060455    0.08432112    0.10000000    0.10000000    0.09042790    0.06129255    0.01000000    0.01000000 
max(|step|)      :   0.00000000    0.00469754    0.00534751    0.00588898    0.00583552    0.00783451    0.00723061    0.01606854    0.01307693    0.00000000 
angle (deg.)     :    78.0067  62.4589  16.1987  29.8231  17.3922  9.3183  63.1201  47.3316 
>
iteration       : 73
climbing        : yes
zoom on         : no
nim             : 10
barrier         :   0.01761688 (image:  4) 
distance        :   0.00000000    4.22249055    6.28096360    6.79713765    7.24781486    7.56579725    7.91948336    8.39823722   10.92024442   13.60130629 
energy          : -1076.44982821  -1076.45718609  -1076.44789214  -1076.43521663  -1076.43221133  -1076.43399190  -1076.43962503  -1076.45382899  -1076.48040015  -1076.48254200 
max(|Fr_perp|)   :   0.00000000    0.00148551    0.00233870    0.00144467    0.00129318    0.00136170    0.00130474    0.00544462    0.00101896    0.00000000 
Fr_paral         :   0.00000000    0.00152918   -0.01995936   -0.01971729    0.00002834    0.01133871    0.02514127    0.03598779    0.00130998    0.00000000 
max(|Fsp_paral|) :   0.00000000    0.00051963    0.00138172    0.00076256    0.00676220    0.00016525    0.00132824    0.00252668    0.00071146    0.00000000 
max(|Fsp_perp|)  :   0.00000000    0.00000000    0.00000000    0.00000000    0.00000000    0.00000000    0.00000000    0.00000000    0.00000000    0.00000000 
max(|FNEB|)      :   0.00000000    0.00096224    0.00235213    0.00127528    0.00129317    0.00133842    0.00136708    0.00550414    0.00102230    0.00000000 
max(|Force|)     :   0.00151262    0.00210622    0.01014569    0.01237731    0.00129318    0.00537700    0.01436967    0.02090503    0.00097184    0.00156207 
ksp              :   0.01000000    0.01989084    0.08464669    0.10000000    0.10000000    0.09090353    0.06212533    0.01000000    0.01000000 
max(|step|)      :   0.00000000    0.00575046    0.00497977    0.00699000    0.00705029    0.00740362    0.00832386    0.01630802    0.01377695    0.00000000 
angle (deg.)     :    78.0639  62.1845  16.4188  29.1319  18.3620  10.2326  65.3111  47.7565 
>
iteration       : 74
climbing        : yes
zoom on         : no
nim             : 10
barrier         :   0.01758960 (image:  4) 
distance        :   0.00000000    4.22719305    6.29173711    6.80928356    7.25910651    7.57104699    7.92246290    8.39363020   10.95557452   13.61451749 
energy          : -1076.44982821  -1076.45720962  -1076.44792310  -1076.43523417  -1076.43223861  -1076.43395189  -1076.43944577  -1076.45314137  -1076.48047161  -1076.48254200 
max(|Fr_perp|)   :   0.00000000    0.00157773    0.00266561    0.00142281    0.00134142    0.00139836    0.00139574    0.00569146    0.00080937    0.00000000 
Fr_paral         :   0.00000000    0.00156621   -0.01979323   -0.01969599    0.00000421    0.01100498    0.02457595    0.03584862    0.00147758    0.00000000 
max(|Fsp_paral|) :   0.00000000    0.00061043    0.00153647    0.00064389    0.00710797    0.00039698    0.00127119    0.00236582    0.00043600    0.00000000 
max(|Fsp_perp|)  :   0.00000000    0.00000000    0.00000000    0.00000000    0.00000000    0.00000000    0.00000000    0.00000000    0.00000000    0.00000000 
max(|FNEB|)      :   0.00000000    0.00096375    0.00268629    0.00132122    0.00134142    0.00137501    0.00146005    0.00575882    0.00089450    0.00000000 
max(|Force|)     :   0.00151262    0.00221436    0.01002565    0.01233483    0.00134143    0.00527588    0.01427343    0.02074630    0.00098982    0.00156207 
ksp              :   0.01000000    0.01974779    0.08467274    0.10000000    0.10000000    0.09123372    0.06312340    0.01000000    0.01000000 
max(|step|)      :   0.00000000    0.01661133    0.01809913    0.02225538    0.02243958    0.02321653    0.02320070    0.02999906    0.02943681    0.00000000 
angle (deg.)     :    77.9941  61.6241  17.0376  28.1438  19.6319  12.5336  68.5624  48.7024 
>
iteration       : 75
climbing        : yes
zoom on         : no
nim             : 10
barrier         :   0.01751218 (image:  4) 
distance        :   0.00000000    4.23710105    6.32891469    6.84088840    7.29234866    7.59859606    7.93464351    8.37604883   11.01935126   13.62335125 
energy          : -1076.44982821  -1076.45726927  -1076.44784271  -1076.43535414  -1076.43231603  -1076.43395803  -1076.43903328  -1076.45096719  -1076.48054787  -1076.48254200 
max(|Fr_perp|)   :   0.00000000    0.00123386    0.00590634    0.00223505    0.00213470    0.00217725    0.00236325    0.00986858    0.00196987    0.00000000 
Fr_paral         :   0.00000000    0.00149968   -0.01970990   -0.01981631   -0.00004949    0.01059153    0.02321217    0.03524457    0.00164096    0.00000000 
max(|Fsp_paral|) :   0.00000000    0.00004389    0.00047509    0.00107735    0.00762514    0.00006830    0.00100629    0.00144749    0.00017785    0.00000000 
max(|Fsp_perp|)  :   0.00000000    0.00000000    0.00000000    0.00000000    0.00000000    0.00000000    0.00000000    0.00000000    0.00000000    0.00000000 
max(|FNEB|)      :   0.00000000    0.00123969    0.00601026    0.00213137    0.00213476    0.00215355    0.00242152    0.00996130    0.00200137    0.00000000 
max(|Force|)     :   0.00151262    0.00173197    0.01008313    0.01242972    0.00213464    0.00523186    0.01330779    0.02228805    0.00188460    0.00156207 
ksp              :   0.01000000    0.02020400    0.08438629    0.10000000    0.10000000    0.09156129    0.06547818    0.01000000    0.01000000 
max(|step|)      :   0.00000000    0.01476021    0.01512325    0.01844663    0.01859066    0.01904112    0.01966064    0.02795972    0.02161239    0.00000000 
angle (deg.)     :    77.8875  61.2238  17.5739  27.7599  19.9838  14.7379  70.5418  49.4390 
>
iteration       : 76
climbing        : yes
zoom on         : no
nim             : 10
barrier         :   0.01743660 (image:  4) 
distance        :   0.00000000    4.24612670    6.36303729    6.86976359    7.32372625    7.62764646    7.94953611    8.36427354   11.06605568   13.62611234 
energy          : -1076.44982821  -1076.45731820  -1076.44787386  -1076.43548512  -1076.43239161  -1076.43399593  -1076.43873434  -1076.44926247  -1076.48054070  -1076.48254200 
max(|Fr_perp|)   :   0.00000000    0.00088188    0.00519324    0.00142482    0.00101312    0.00104221    0.00136605    0.00516541    0.00188015    0.00000000 
Fr_paral         :   0.00000000    0.00144869   -0.02004586   -0.01996599   -0.00009411    0.01037336    0.02213164    0.03470343    0.00181884    0.00000000 
max(|Fsp_paral|) :   0.00000000    0.00002527    0.00002947    0.00155938    0.00796064    0.00042155    0.00085701    0.00418629    0.00422521    0.00000000 
max(|Fsp_perp|)  :   0.00000000    0.00000000    0.00000000    0.00000000    0.00000000    0.00000000    0.00000000    0.00000000    0.00000000    0.00000000 
max(|FNEB|)      :   0.00000000    0.00087891    0.00512478    0.00103519    0.00101343    0.00101442    0.00097108    0.00578850    0.00405491    0.00000000 
max(|Force|)     :   0.00151262    0.00137418    0.01042466    0.01248629    0.00101281    0.00527996    0.01270145    0.02225640    0.00215524    0.00156207 
ksp              :   0.01000000    0.02008745    0.08403268    0.10000000    0.10000000    0.09171920    0.06726165    0.01292010    0.01000000 
max(|step|)      :   0.00000000    0.00905918    0.00878694    0.01143364    0.01156499    0.01211731    0.01301095    0.02561755    0.02116526    0.00000000 
angle (deg.)     :    77.7969  61.6449  17.0218  28.6781  18.3284  10.8212  66.7411  48.5285 
>
iteration       : 77
climbing        : yes
zoom on         : no
nim             : 10
barrier         :   0.01747883 (image:  4) 
distance        :   0.00000000    4.23863098    6.34401564    6.84957709    7.30441596    7.61503334    7.94254438    8.37376964   11.00343533   13.60094903 
energy          : -1076.44982821  -1076.45728971  -1076.44786511  -1076.43545024  -1076.43234937  -1076.43403952  -1076.43901780  -1076.45068361  -1076.48057727  -1076.48254200 
max(|Fr_perp|)   :   0.00000000    0.00059153    0.00280132    0.00145293    0.00132108    0.00136137    0.00132004    0.00294659    0.00148482    0.00000000 
Fr_paral         :   0.00000000    0.00136562   -0.02031653   -0.01997786   -0.00005656    0.01086537    0.02306863    0.03584050    0.00177951    0.00000000 
max(|Fsp_paral|) :   0.00000000    0.00002069    0.00007504    0.00166030    0.00751280    0.00054113    0.00084166    0.00117886    0.00014510    0.00000000 
max(|Fsp_perp|)  :   0.00000000    0.00000000    0.00000000    0.00000000    0.00000000    0.00000000    0.00000000    0.00000000    0.00000000    0.00000000 
max(|FNEB|)      :   0.00000000    0.00058527    0.00272910    0.00134676    0.00132120    0.00133484    0.00129286    0.00294226    0.00146009    0.00000000 
max(|Force|)     :   0.00151262    0.00110913    0.01073319    0.01250984    0.00132096    0.00534392    0.01320092    0.02134561    0.00163068    0.00156207 
ksp              :   0.01000000    0.02010816    0.08403334    0.10000000    0.10000000    0.09129730    0.06566370    0.01000000    0.01000000 
max(|step|)      :   0.00000000    0.00837306    0.01071061    0.01156355    0.01154875    0.01168037    0.01200233    0.01205305    0.00806375    0.00000000 
angle (deg.)     :    77.6021  61.8831  17.0607  29.0588  17.8042  10.3158  65.4818  48.5513 
>
iteration       : 78
climbing        : yes
zoom on         : no
nim             : 10
barrier         :   0.01743860 (image:  4) 
distance        :   0.00000000    4.24375072    6.36213976    6.87064884    7.32522932    7.63200684    7.95646793    8.37987895   11.00734871   13.59168038 
energy          : -1076.44982821  -1076.45731520  -1076.44794805  -1076.43548365  -1076.43238960  -1076.43403767  -1076.43892813  -1076.45019625  -1076.48059936  -1076.48254200 
max(|Fr_perp|)   :   0.00000000    0.00125467    0.00389874    0.00154411    0.00126559    0.00134071    0.00130685    0.00411726    0.00143988    0.00000000 
Fr_paral         :   0.00000000    0.00109273   -0.02004072   -0.01992512   -0.00006669    0.01075489    0.02275791    0.03569517    0.00180526    0.00000000 
max(|Fsp_paral|) :   0.00000000    0.00028479    0.00050032    0.00150615    0.00766681    0.00045897    0.00085633    0.00103885    0.00019419    0.00000000 
max(|Fsp_perp|)  :   0.00000000    0.00000000    0.00000000    0.00000000    0.00000000    0.00000000    0.00000000    0.00000000    0.00000000    0.00000000 
max(|FNEB|)      :   0.00000000    0.00123996    0.00400377    0.00124917    0.00126535    0.00131933    0.00120712    0.00425685    0.00143706    0.00000000 
max(|Force|)     :   0.00151262    0.00133998    0.01034269    0.01254839    0.00126583    0.00523891    0.01308313    0.02052601    0.00146299    0.00156207 
ksp              :   0.01000000    0.01970342    0.08403173    0.10000000    0.10000000    0.09149439    0.06625487    0.01000000    0.01000000 
max(|step|)      :   0.00000000    0.01025698    0.01415172    0.01453426    0.01447066    0.01456838    0.01531238    0.01688773    0.01231050    0.00000000 
angle (deg.)     :    77.3442  62.0597  17.1783  29.5152  17.3777  9.9505  64.0335  48.6503 
>
iteration       : 79
climbing        : yes
zoom on         : no
nim             : 10
barrier         :   0.01738343 (image:  4) 
distance        :   0.00000000    4.24963961    6.38845786    6.89699407    7.35241100    7.65568545    7.97386540    8.38525970   11.01505030   13.57939834 
energy          : -1076.44982821  -1076.45734946  -1076.44801192  -1076.43555262  -1076.43244478  -1076.43405291  -1076.43878494  -1076.44943297  -1076.48062081  -1076.48254200 
max(|Fr_perp|)   :   0.00000000    0.00086368    0.00330918    0.00161733    0.00117655    0.00120540    0.00160128    0.00420325    0.00131985    0.00000000 
Fr_paral         :   0.00000000    0.00117304   -0.01995466   -0.01992869   -0.00008287    0.01065122    0.02223089    0.03532045    0.00193265    0.00000000 
max(|Fsp_paral|) :   0.00000000    0.00040739    0.00059013    0.00158144    0.00785482    0.00053247    0.00079009    0.00233278    0.00270965    0.00000000 
max(|Fsp_perp|)  :   0.00000000    0.00000000    0.00000000    0.00000000    0.00000000    0.00000000    0.00000000    0.00000000    0.00000000    0.00000000 
max(|FNEB|)      :   0.00000000    0.00096509    0.00341998    0.00119631    0.00117643    0.00119637    0.00128205    0.00429343    0.00282279    0.00000000 
max(|Force|)     :   0.00151262    0.00101717    0.01029688    0.01259627    0.00117667    0.00512322    0.01270815    0.02072003    0.00163686    0.00156207 
ksp              :   0.01000000    0.01940354    0.08390966    0.10000000    0.10000000    0.09167414    0.06717480    0.01204625    0.01000000 
max(|step|)      :   0.00000000    0.01217403    0.02039112    0.01991230    0.01990219    0.01995402    0.02122851    0.02061956    0.01163938    0.00000000 
angle (deg.)     :    76.8205  62.4770  17.1393  30.6556  16.8820  8.7173  60.7026  48.2679 
>
iteration       : 80
climbing        : yes
zoom on         : no
nim             : 10
barrier         :   0.01731090 (image:  4) 
distance        :   0.00000000    4.25337277    6.42498489    6.93166549    7.38818116    7.68502792    8.00001972    8.41465272   11.00288900   13.56014199 
energy          : -1076.44982821  -1076.45738530  -1076.44806841  -1076.43563306  -1076.43251730  -1076.43405464  -1076.43867889  -1076.44928094  -1076.48062315  -1076.48254200 
max(|Fr_perp|)   :   0.00000000    0.00119968    0.00233596    0.00202745    0.00192457    0.00194513    0.00200763    0.00249874    0.00131879    0.00000000 
Fr_paral         :   0.00000000    0.00113953   -0.02006169   -0.01989096   -0.00008830    0.01048586    0.02183384    0.03536069    0.00216661    0.00000000 
max(|Fsp_paral|) :   0.00000000    0.00038924    0.00044008    0.00175078    0.00812089    0.00032408    0.00040590    0.00274976    0.00342339    0.00000000 
max(|Fsp_perp|)  :   0.00000000    0.00000000    0.00000000    0.00000000    0.00000000    0.00000000    0.00000000    0.00000000    0.00000000    0.00000000 
max(|FNEB|)      :   0.00000000    0.00129593    0.00230026    0.00191686    0.00192468    0.00191615    0.00206128    0.00529419    0.00362133    0.00000000 
max(|Force|)     :   0.00151262    0.00108510    0.01061600    0.01263183    0.00192447    0.00486351    0.01234895    0.02166703    0.00146993    0.00156207 
ksp              :   0.01000000    0.01914926    0.08380106    0.10000000    0.10000000    0.09200733    0.06796571    0.01284527    0.01000000 
max(|step|)      :   0.00000000    0.02048500    0.03808844    0.03778812    0.03779165    0.03798168    0.03952949    0.04097664    0.02322873    0.00000000 
angle (deg.)     :    75.8988  63.2047  17.1654  32.7527  17.1672  9.3235  56.3707  47.5778 
>
iteration       : 81
climbing        : yes
zoom on         : no
nim             : 10
barrier         :   0.01717108 (image:  4) 
distance        :   0.00000000    4.25977820    6.49547235    6.99991865    7.45740086    7.74053936    8.05416156    8.48676380   10.99495910   13.54622493 
energy          : -1076.44982821  -1076.45744224  -1076.44814339  -1076.43576155  -1076.43265712  -1076.43404114  -1076.43852235  -1076.44918744  -1076.48057627  -1076.48254200 
max(|Fr_perp|)   :   0.00000000    0.00188621    0.00246543    0.00210654    0.00200049    0.00222494    0.00168600    0.00644986    0.00202625    0.00000000 
Fr_paral         :   0.00000000    0.00183784   -0.02009271   -0.01975185   -0.00009823    0.01000337    0.02121585    0.03403482    0.00264359    0.00000000 
max(|Fsp_paral|) :   0.00000000    0.00020483    0.00006854    0.00191287    0.00864156    0.00036717    0.00043199    0.00176160    0.00352952    0.00000000 
max(|Fsp_perp|)  :   0.00000000    0.00000000    0.00000000    0.00000000    0.00000000    0.00000000    0.00000000    0.00000000    0.00000000    0.00000000 
max(|FNEB|)      :   0.00000000    0.00184184    0.00253801    0.00199671    0.00200059    0.00219479    0.00204184    0.00827681    0.00402671    0.00000000 
max(|Force|)     :   0.00151262    0.00264219    0.01097039    0.01261875    0.00200040    0.00487762    0.01182327    0.02332973    0.00217775    0.00156207 
ksp              :   0.01000000    0.01883076    0.08372855    0.10000000    0.10000000    0.09274587    0.06925817    0.01335850    0.01000000 
max(|step|)      :   0.00000000    0.03153008    0.05375589    0.05248920    0.05246398    0.05250059    0.05412697    0.05633973    0.03331939    0.00000000 
angle (deg.)     :    74.8015  64.1263  17.4681  35.5758  18.8042  11.6581  53.0064  46.6942 
>
iteration       : 82
climbing        : yes
zoom on         : no
nim             : 10
barrier         :   0.01698656 (image:  4) 
distance        :   0.00000000    4.27071442    6.59845710    7.10392292    7.56111787    7.82321835    8.14101702    8.61019679   11.00747549   13.56033848 
energy          : -1076.44982821  -1076.45750945  -1076.44818888  -1076.43589207  -1076.43284165  -1076.43400073  -1076.43833612  -1076.44964430  -1076.48043856  -1076.48254200 
max(|Fr_perp|)   :   0.00000000    0.00217923    0.00992685    0.00199661    0.00156973    0.00159358    0.00155069    0.00887118    0.00186684    0.00000000 
Fr_paral         :   0.00000000    0.00138956   -0.01964907   -0.01945548   -0.00010589    0.00907860    0.02052293    0.03307982    0.00317811    0.00000000 
max(|Fsp_paral|) :   0.00000000    0.00032517    0.00055945    0.00180465    0.00936945    0.00176420    0.00167136    0.00328578    0.00034052    0.00000000 
max(|Fsp_perp|)  :   0.00000000    0.00000000    0.00000000    0.00000000    0.00000000    0.00000000    0.00000000    0.00000000    0.00000000    0.00000000 
max(|FNEB|)      :   0.00000000    0.00218865    0.00988190    0.00155986    0.00156944    0.00253004    0.00321986    0.00639726    0.00187394    0.00000000 
max(|Force|)     :   0.00151262    0.00220297    0.01105544    0.01250146    0.00157003    0.00474425    0.01149373    0.02405038    0.00227574    0.00156207 
ksp              :   0.01000000    0.01868562    0.08383792    0.10000000    0.10000000    0.09385881    0.07088859    0.01097438    0.01000000 
max(|step|)      :   0.00000000    0.01783892    0.02960122    0.02996796    0.02989083    0.03001670    0.02911836    0.03337090    0.01566370    0.00000000 
angle (deg.)     :    74.4050  64.2211  17.9523  35.9541  20.0952  11.2825  54.0710  46.6668 
>
iteration       : 83
climbing        : yes
zoom on         : no
nim             : 10
barrier         :   0.01688907 (image:  4) 
distance        :   0.00000000    4.28100876    6.65202011    7.16481892    7.62046544    7.87144924    8.19459477    8.66650509   11.04316911   13.59112618 
energy          : -1076.44982821  -1076.45754722  -1076.44842270  -1076.43593469  -1076.43293914  -1076.43400792  -1076.43829718  -1076.45002206  -1076.48037336  -1076.48254200 
max(|Fr_perp|)   :   0.00000000    0.00060443    0.00396674    0.00195601    0.00084000    0.00095665    0.00162059    0.00684161    0.00164373    0.00000000 
Fr_paral         :   0.00000000    0.00140731   -0.01936134   -0.01925239   -0.00011976    0.00857668    0.02031786    0.03436360    0.00339224    0.00000000 
max(|Fsp_paral|) :   0.00000000    0.00055741    0.00081592    0.00133135    0.00993954    0.00257624    0.00162859    0.00487871    0.00075182    0.00000000 
max(|Fsp_perp|)  :   0.00000000    0.00000000    0.00000000    0.00000000    0.00000000    0.00000000    0.00000000    0.00000000    0.00000000    0.00000000 
max(|FNEB|)      :   0.00000000    0.00075065    0.00385831    0.00085993    0.00084002    0.00317792    0.00326235    0.00684379    0.00193300    0.00000000 
max(|Force|)     :   0.00151262    0.00082560    0.01037108    0.01233086    0.00083997    0.00450686    0.01168117    0.02347845    0.00221322    0.00156207 
ksp              :   0.01000000    0.01748980    0.08403702    0.10000000    0.10000000    0.09430455    0.07144760    0.01000000    0.01000000 
max(|step|)      :   0.00000000    0.05503300    0.09235034    0.09456079    0.09424418    0.09471228    0.09172460    0.10000000    0.05654435    0.00000000 
angle (deg.)     :    73.4511  63.9251  20.1269  37.1502  27.4006  13.6218  60.9225  47.3995 
>
iteration       : 84
climbing        : yes
zoom on         : no
nim             : 10
barrier         :   0.01663793 (image:  4) 
distance        :   0.00000000    4.31504350    6.84119347    7.36112817    7.81796463    8.05167117    8.37739486    8.83358568   11.21108901   13.72566534 
energy          : -1076.44982821  -1076.45760352  -1076.44869317  -1076.43612807  -1076.43319027  -1076.43411601  -1076.43810650  -1076.44919969  -1076.47996704  -1076.48254200 
max(|Fr_perp|)   :   0.00000000    0.00218189    0.00688361    0.00631721    0.00614156    0.00609342    0.00598296    0.00866528    0.00390619    0.00000000 
Fr_paral         :   0.00000000    0.00200696   -0.01894145   -0.01893712   -0.00017186    0.00756330    0.01923881    0.03439920    0.00383068    0.00000000 
max(|Fsp_paral|) :   0.00000000    0.00096593    0.00144936    0.00105101    0.01140913    0.00344388    0.00136977    0.00082515    0.00306887    0.00000000 
max(|Fsp_perp|)  :   0.00000000    0.00000000    0.00000000    0.00000000    0.00000000    0.00000000    0.00000000    0.00000000    0.00000000    0.00000000 
max(|FNEB|)      :   0.00000000    0.00247446    0.00712931    0.00644016    0.00638156    0.00630699    0.00626882    0.00909283    0.00304217    0.00000000 
max(|Force|)     :   0.00151262    0.00288121    0.00956423    0.01206058    0.00638131    0.00631044    0.01200200    0.02031832    0.00446520    0.00156207 
ksp              :   0.01000000    0.01616962    0.08411576    0.10000000    0.10000000    0.09500256    0.07342580    0.01346616    0.01000000 
max(|step|)      :   0.00000000    0.00235727    0.00679168    0.00613516    0.00607934    0.00600830    0.00597193    0.00866221    0.00289810    0.00000000 
angle (deg.)     :    73.4393  63.8623  20.0857  36.9000  27.2069  12.6574  60.9104  47.3026 
>
iteration       : 85
climbing        : yes
zoom on         : no
nim             : 10
barrier         :   0.01660713 (image:  4) 
distance        :   0.00000000    4.31326816    6.84222598    7.35850254    7.81712110    8.05793784    8.37997142    8.83205967   11.20251006   13.72191218 
energy          : -1076.44982821  -1076.45761430  -1076.44873539  -1076.43619003  -1076.43322108  -1076.43420909  -1076.43823425  -1076.44938202  -1076.47999681  -1076.48254200 
max(|Fr_perp|)   :   0.00000000    0.00125104    0.00267333    0.00202667    0.00207355    0.00200197    0.00227705    0.00583136    0.00366420    0.00000000 
Fr_paral         :   0.00000000    0.00135355   -0.01941888   -0.01903085   -0.00016902    0.00787489    0.01953182    0.03492126    0.00391748    0.00000000 
max(|Fsp_paral|) :   0.00000000    0.00120269    0.00153491    0.00136055    0.01116885    0.00292749    0.00130758    0.00194880    0.00189832    0.00000000 
max(|Fsp_perp|)  :   0.00000000    0.00000000    0.00000000    0.00000000    0.00000000    0.00000000    0.00000000    0.00000000    0.00000000    0.00000000 
max(|FNEB|)      :   0.00000000    0.00154894    0.00278020    0.00209031    0.00207344    0.00369227    0.00302737    0.00584218    0.00305052    0.00000000 
max(|Force|)     :   0.00151262    0.00122977    0.00990394    0.01215274    0.00207365    0.00426760    0.01184299    0.02135089    0.00423504    0.00156207 
ksp              :   0.01000000    0.01592237    0.08391018    0.10000000    0.10000000    0.09464562    0.07283182    0.01241804    0.01000000 
max(|step|)      :   0.00000000    0.00102601    0.00165463    0.00096458    0.00096804    0.00352950    0.00290478    0.00391682    0.00280164    0.00000000 
angle (deg.)     :    73.3796  63.8294  20.0508  36.7249  27.0190  11.9701  60.9034  47.2428 
>
iteration       : 86
climbing        : yes
zoom on         : no
nim             : 10
barrier         :   0.01660391 (image:  4) 
distance        :   0.00000000    4.31095971    6.84291168    7.35583967    7.81584282    8.06280814    8.38197002    8.82879767   11.19531603   13.71826513 
energy          : -1076.44982821  -1076.45761661  -1076.44871212  -1076.43621741  -1076.43322430  -1076.43426912  -1076.43832616  -1076.44941220  -1076.48002340  -1076.48254200 
max(|Fr_perp|)   :   0.00000000    0.00081985    0.00221199    0.00209368    0.00220110    0.00214756    0.00226692    0.00321115    0.00349213    0.00000000 
Fr_paral         :   0.00000000    0.00138592   -0.01972442   -0.01910347   -0.00016398    0.00815682    0.01977814    0.03517822    0.00395263    0.00000000 
max(|Fsp_paral|) :   0.00000000    0.00103706    0.00117130    0.00162199    0.01094439    0.00248107    0.00117992    0.00185713    0.00168955    0.00000000 
max(|Fsp_perp|)  :   0.00000000    0.00000000    0.00000000    0.00000000    0.00000000    0.00000000    0.00000000    0.00000000    0.00000000    0.00000000 
max(|FNEB|)      :   0.00000000    0.00130922    0.00223812    0.00221318    0.00220098    0.00325566    0.00280672    0.00318072    0.00294032    0.00000000 
max(|Force|)     :   0.00151262    0.00103673    0.01018704    0.01222264    0.00220123    0.00433426    0.01175669    0.02168161    0.00407489    0.00156207 
ksp              :   0.01000000    0.01604965    0.08377613    0.10000000    0.10000000    0.09433662    0.07234580    0.01225491    0.01000000 
max(|step|)      :   0.00000000    0.00736565    0.00897723    0.00553888    0.00556374    0.02384640    0.02020758    0.02467523    0.02048503    0.00000000 
angle (deg.)     :    72.9679  63.8731  19.9968  36.0269  26.1080  9.2862  61.2342  46.9698 
>
iteration       : 87
climbing        : yes
zoom on         : no
nim             : 10
barrier         :   0.01658293 (image:  4) 
distance        :   0.00000000    4.29548408    6.84788711    7.34274780    7.81058362    8.09850065    8.40150498    8.81257119   11.15493045   13.70296087 
energy          : -1076.44982821  -1076.45762207  -1076.44851763  -1076.43637070  -1076.43324528  -1076.43469341  -1076.43892164  -1076.44919830  -1076.48016185  -1076.48254200 
max(|Fr_perp|)   :   0.00000000    0.00092831    0.00153902    0.00219850    0.00131144    0.00128411    0.00135534    0.00367512    0.00250878    0.00000000 
Fr_paral         :   0.00000000    0.00165109   -0.02105415   -0.01947941   -0.00012399    0.00996252    0.02114418    0.03538838    0.00396986    0.00000000 
max(|Fsp_paral|) :   0.00000000    0.00030171    0.00128731    0.00304550    0.00932303    0.00040304    0.00028029    0.00168707    0.00268303    0.00000000 
max(|Fsp_perp|)  :   0.00000000    0.00000000    0.00000000    0.00000000    0.00000000    0.00000000    0.00000000    0.00000000    0.00000000    0.00000000 
max(|FNEB|)      :   0.00000000    0.00092002    0.00272697    0.00131132    0.00131118    0.00128383    0.00143634    0.00411327    0.00290181    0.00000000 
max(|Force|)     :   0.00151262    0.00130991    0.01160445    0.01262171    0.00131170    0.00476069    0.01171483    0.02232747    0.00314631    0.00156207 
ksp              :   0.01000000    0.01711286    0.08303751    0.10000000    0.10000000    0.09214062    0.06919288    0.01341868    0.01000000 
max(|step|)      :   0.00000000    0.00689305    0.00821569    0.00743776    0.00745533    0.01573376    0.01696969    0.01468924    0.01742114    0.00000000 
angle (deg.)     :    72.6596  64.5881  20.0128  36.2672  24.9563  10.0187  62.0200  46.6332 
>
iteration       : 88
climbing        : yes
zoom on         : no
nim             : 10
barrier         :   0.01656682 (image:  4) 
distance        :   0.00000000    4.28770880    6.85098176    7.34913660    7.81801266    8.13041855    8.43130926    8.83056434   11.13333182   13.71261884 
energy          : -1076.44982821  -1076.45763195  -1076.44858885  -1076.43638454  -1076.43326138  -1076.43497062  -1076.43940611  -1076.44938906  -1076.48018474  -1076.48254200 
max(|Fr_perp|)   :   0.00000000    0.00182536    0.00462473    0.00233893    0.00200259    0.00191886    0.00217799    0.02097018    0.00189622    0.00000000 
Fr_paral         :   0.00000000    0.00130801   -0.02063521   -0.01945106   -0.00008655    0.01099994    0.02203975    0.03418222    0.00379781    0.00000000 
max(|Fsp_paral|) :   0.00000000    0.00000572    0.00076398    0.00294736    0.00812974    0.00182106    0.00037164    0.00111701    0.00123646    0.00000000 
max(|Fsp_perp|)  :   0.00000000    0.00000000    0.00000000    0.00000000    0.00000000    0.00000000    0.00000000    0.00000000    0.00000000    0.00000000 
max(|FNEB|)      :   0.00000000    0.00182205    0.00468199    0.00201543    0.00200248    0.00198147    0.00209078    0.02098319    0.00148989    0.00000000 
max(|Force|)     :   0.00151262    0.00184737    0.01148440    0.01271683    0.00200270    0.00537498    0.01279635    0.02114037    0.00254754    0.00156207 
ksp              :   0.01000000    0.01673283    0.08303328    0.10000000    0.10000000    0.09071448    0.06661849    0.01238567    0.01000000 
max(|step|)      :   0.00000000    0.00121458    0.00255320    0.00138176    0.00137446    0.00131987    0.00206191    0.00909357    0.00358684    0.00000000 
angle (deg.)     :    72.5845  64.8068  19.9682  36.4626  24.5005  9.8026  62.0222  46.5559 
>
iteration       : 89
climbing        : yes
zoom on         : no
nim             : 10
barrier         :   0.01655938 (image:  4) 
distance        :   0.00000000    4.28707862    6.85095276    7.35321770    7.82101763    8.13303091    8.43743772    8.83899385   11.13140688   13.71696842 
energy          : -1076.44982821  -1076.45763938  -1076.44867058  -1076.43636632  -1076.43326883  -1076.43497426  -1076.43949263  -1076.44981474  -1076.48018701  -1076.48254200 
max(|Fr_perp|)   :   0.00000000    0.00083397    0.00151031    0.00234088    0.00076496    0.00075268    0.00186057    0.00557133    0.00177971    0.00000000 
Fr_paral         :   0.00000000    0.00149992   -0.02035119   -0.01937144   -0.00008143    0.01100213    0.02222129    0.03528998    0.00372409    0.00000000 
max(|Fsp_paral|) :   0.00000000    0.00046010    0.00000053    0.00267037    0.00809017    0.00165060    0.00055496    0.00202576    0.00125331    0.00000000 
max(|Fsp_perp|)  :   0.00000000    0.00000000    0.00000000    0.00000000    0.00000000    0.00000000    0.00000000    0.00000000    0.00000000    0.00000000 
max(|FNEB|)      :   0.00000000    0.00081288    0.00155159    0.00076422    0.00076475    0.00179763    0.00168955    0.00566104    0.00225797    0.00000000 
max(|Force|)     :   0.00151262    0.00085839    0.01098838    0.01266796    0.00076516    0.00537004    0.01283278    0.02108776    0.00242213    0.00156207 
ksp              :   0.01000000    0.01629170    0.08316514    0.10000000    0.10000000    0.09073099    0.06617369    0.01007318    0.01000000 
max(|step|)      :   0.00000000    0.00103199    0.00326362    0.00178089    0.00069399    0.00701723    0.00471603    0.00750905    0.00408823    0.00000000 
angle (deg.)     :    72.6261  64.8588  19.8816  36.7235  24.1813  9.3458  61.5875  46.6822 
>
iteration       : 90
climbing        : yes
zoom on         : no
nim             : 10
barrier         :   0.01656003 (image:  4) 
distance        :   0.00000000    4.28950974    6.84979945    7.35773816    7.82294601    8.12191527    8.43358365    8.84082343   11.14048331   13.71897228 
energy          : -1076.44982821  -1076.45764236  -1076.44874418  -1076.43631751  -1076.43326817  -1076.43483529  -1076.43939509  -1076.44989414  -1076.48020762  -1076.48254200 
max(|Fr_perp|)   :   0.00000000    0.00068832    0.00100772    0.00227416    0.00101399    0.00099477    0.00117863    0.00447968    0.00189593    0.00000000 
Fr_paral         :   0.00000000    0.00162373   -0.01994719   -0.01923098   -0.00008950    0.01050053    0.02208357    0.03549164    0.00360971    0.00000000 
max(|Fsp_paral|) :   0.00000000    0.00092534    0.00084990    0.00220930    0.00861516    0.00063623    0.00070942    0.00240408    0.00126258    0.00000000 
max(|Fsp_perp|)  :   0.00000000    0.00000000    0.00000000    0.00000000    0.00000000    0.00000000    0.00000000    0.00000000    0.00000000    0.00000000 
max(|FNEB|)      :   0.00000000    0.00085935    0.00107789    0.00101450    0.00101377    0.00099470    0.00098395    0.00446061    0.00236995    0.00000000 
max(|Force|)     :   0.00151262    0.00115007    0.01020940    0.01252512    0.00101420    0.00505278    0.01238099    0.02052403    0.00250767    0.00156207 
ksp              :   0.01000000    0.01589141    0.08342757    0.10000000    0.10000000    0.09148307    0.06670161    0.01000000    0.01000000 
max(|step|)      :   0.00000000    0.00194319    0.00231032    0.00215261    0.00215607    0.00212696    0.00209232    0.00218953    0.00517909    0.00000000 
angle (deg.)     :    72.5313  65.0159  19.8510  36.9290  23.8012  9.3713  61.4525  46.7744 
>
iteration       : 91
climbing        : yes
zoom on         : no
nim             : 10
barrier         :   0.01655391 (image:  4) 
distance        :   0.00000000    4.28650363    6.85077334    7.35983128    7.82456089    8.12326910    8.43808891    8.84240330   11.13978168   13.72110869 
energy          : -1076.44982821  -1076.45764433  -1076.44875752  -1076.43630806  -1076.43327430  -1076.43483962  -1076.43947108  -1076.44992754  -1076.48023520  -1076.48254200 
max(|Fr_perp|)   :   0.00000000    0.00062647    0.00095880    0.00227317    0.00097658    0.00096209    0.00115147    0.00330617    0.00169429    0.00000000 
Fr_paral         :   0.00000000    0.00160156   -0.01985583   -0.01917790   -0.00008255    0.01050927    0.02222390    0.03554157    0.00344724    0.00000000 
max(|Fsp_paral|) :   0.00000000    0.00096174    0.00097676    0.00211141    0.00859679    0.00048958    0.00104394    0.00220323    0.00128646    0.00000000 
max(|Fsp_perp|)  :   0.00000000    0.00000000    0.00000000    0.00000000    0.00000000    0.00000000    0.00000000    0.00000000    0.00000000    0.00000000 
max(|FNEB|)      :   0.00000000    0.00083684    0.00102838    0.00097664    0.00097637    0.00096271    0.00095918    0.00327805    0.00218178    0.00000000 
max(|Force|)     :   0.00151262    0.00107025    0.01004472    0.01248946    0.00097678    0.00505105    0.01250530    0.02048274    0.00228444    0.00156207 
ksp              :   0.01000000    0.01582109    0.08350610    0.10000000    0.10000000    0.09148967    0.06630947    0.01000000    0.01000000 
max(|step|)      :   0.00000000    0.01539270    0.01866537    0.01749433    0.01751798    0.01731862    0.01711947    0.01397942    0.03982678    0.00000000 
angle (deg.)     :    71.7824  65.9724  19.7059  38.3389  22.0943  9.3749  60.4012  47.7322 
>
iteration       : 92
climbing        : yes
zoom on         : no
nim             : 10
barrier         :   0.01651093 (image:  4) 
distance        :   0.00000000    4.26038095    6.85996059    7.37067501    7.83367087    8.13208148    8.46163555    8.84971450   11.13976738   13.73749434 
energy          : -1076.44982821  -1076.45764305  -1076.44874310  -1076.43627003  -1076.43331727  -1076.43488410  -1076.43985802  -1076.44994433  -1076.48036425  -1076.48254200 
max(|Fr_perp|)   :   0.00000000    0.00039203    0.00106430    0.00227228    0.00103282    0.00098508    0.00162399    0.00221767    0.00179674    0.00000000 
Fr_paral         :   0.00000000    0.00154384   -0.01975548   -0.01888415   -0.00002876    0.01061055    0.02284429    0.03534544    0.00234580    0.00000000 
max(|Fsp_paral|) :   0.00000000    0.00051439    0.00074724    0.00183015    0.00846515    0.00013843    0.00265491    0.00115426    0.00139879    0.00000000 
max(|Fsp_perp|)  :   0.00000000    0.00000000    0.00000000    0.00000000    0.00000000    0.00000000    0.00000000    0.00000000    0.00000000    0.00000000 
max(|FNEB|)      :   0.00000000    0.00051930    0.00110540    0.00103633    0.00103279    0.00102889    0.00226769    0.00189752    0.00166282    0.00000000 
max(|Force|)     :   0.00151262    0.00074821    0.01008421    0.01229499    0.00103284    0.00506574    0.01335698    0.02178044    0.00148565    0.00156207 
ksp              :   0.01000000    0.01591483    0.08390469    0.10000000    0.10000000    0.09145934    0.06434681    0.01000000    0.01000000 
max(|step|)      :   0.00000000    0.01174196    0.01455180    0.01392346    0.01392091    0.01377402    0.01358066    0.01529501    0.02744321    0.00000000 
angle (deg.)     :    71.2323  66.5137  19.7808  39.1880  22.4581  8.6319  59.5544  48.7311 
>
iteration       : 93
climbing        : yes
zoom on         : no
nim             : 10
barrier         :   0.01648304 (image:  4) 
distance        :   0.00000000    4.24155189    6.86797756    7.37839381    7.84162417    8.13922787    8.46369623    8.85949565   11.15556032   13.75521229 
energy          : -1076.44982821  -1076.45763249  -1076.44867425  -1076.43626770  -1076.43334517  -1076.43490353  -1076.43976795  -1076.45004401  -1076.48040534  -1076.48254200 
max(|Fr_perp|)   :   0.00000000    0.00146605    0.00711897    0.00267028    0.00278317    0.00277633    0.00323982    0.00475159    0.00334178    0.00000000 
Fr_paral         :   0.00000000    0.00159041   -0.01973086   -0.01875808    0.00000465    0.01057671    0.02271874    0.03514745    0.00189770    0.00000000 
max(|Fsp_paral|) :   0.00000000    0.00016509    0.00004234    0.00181667    0.00846734    0.00003478    0.00207200    0.00149536    0.00138282    0.00000000 
max(|Fsp_perp|)  :   0.00000000    0.00000000    0.00000000    0.00000000    0.00000000    0.00000000    0.00000000    0.00000000    0.00000000    0.00000000 
max(|FNEB|)      :   0.00000000    0.00146328    0.00716093    0.00279209    0.00278317    0.00282080    0.00318768    0.00471129    0.00335782    0.00000000 
max(|Force|)     :   0.00151262    0.00144093    0.01041295    0.01217412    0.00278316    0.00502682    0.01303513    0.02257792    0.00335121    0.00156207 
ksp              :   0.01000000    0.01630080    0.08404248    0.10000000    0.10000000    0.09149108    0.06493058    0.01000000    0.01000000 
max(|step|)      :   0.00000000    0.00338426    0.00545795    0.00530690    0.00530361    0.00526911    0.00528096    0.00478019    0.00791297    0.00000000 
angle (deg.)     :    71.0752  66.5926  19.7981  39.3892  22.8739  8.2506  59.2269  49.1500 
>
iteration       : 94
climbing        : yes
zoom on         : no
nim             : 10
barrier         :   0.01646855 (image:  4) 
distance        :   0.00000000    4.23635778    6.87060059    7.38020456    7.84406171    8.14024112    8.46013052    8.85997425   11.16532970   13.76039554 
energy          : -1076.44982821  -1076.45763287  -1076.44872606  -1076.43628493  -1076.43335966  -1076.43490443  -1076.43966098  -1076.45005125  -1076.48044144  -1076.48254200 
max(|Fr_perp|)   :   0.00000000    0.00092295    0.00249925    0.00222620    0.00199367    0.00197295    0.00228869    0.00316148    0.00123970    0.00000000 
Fr_paral         :   0.00000000    0.00153940   -0.02003289   -0.01875815    0.00001315    0.01053404    0.02255059    0.03535918    0.00185912    0.00000000 
max(|Fsp_paral|) :   0.00000000    0.00006430    0.00030534    0.00189405    0.00855541    0.00015439    0.00160886    0.00172535    0.00131999    0.00000000 
max(|Fsp_perp|)  :   0.00000000    0.00000000    0.00000000    0.00000000    0.00000000    0.00000000    0.00000000    0.00000000    0.00000000    0.00000000 
max(|FNEB|)      :   0.00000000    0.00091671    0.00255113    0.00200090    0.00199367    0.00201761    0.00223477    0.00240967    0.00164699    0.00000000 
max(|Force|)     :   0.00151262    0.00117839    0.01046562    0.01217240    0.00199367    0.00498369    0.01291098    0.02245762    0.00118008    0.00156207 
ksp              :   0.01000000    0.01602318    0.08401351    0.10000000    0.10000000    0.09155789    0.06556354    0.01000000    0.01000000 
max(|step|)      :   0.00000000    0.01202686    0.01918451    0.01872954    0.01870858    0.01860205    0.01863151    0.01928180    0.02826373    0.00000000 
angle (deg.)     :    70.5193  66.8702  19.9683  40.1157  24.8353  8.1393  58.2527  50.7229 
>
iteration       : 95
climbing        : yes
zoom on         : no
nim             : 10
barrier         :   0.01642477 (image:  4) 
distance        :   0.00000000    4.21763712    6.88099900    7.38703787    7.85327461    8.14398008    8.44722630    8.86327806   11.20475725   13.78241596 
energy          : -1076.44982821  -1076.45761987  -1076.44870681  -1076.43634097  -1076.43340343  -1076.43488877  -1076.43922455  -1076.44995396  -1076.48048073  -1076.48254200 
max(|Fr_perp|)   :   0.00000000    0.00062897    0.00318359    0.00221764    0.00083788    0.00089338    0.00104253    0.00233933    0.00189735    0.00000000 
Fr_paral         :   0.00000000    0.00154942   -0.02051168   -0.01876535    0.00003992    0.01029667    0.02172164    0.03556030    0.00164207    0.00000000 
max(|Fsp_paral|) :   0.00000000    0.00034104    0.00027238    0.00220946    0.00889095    0.00057302    0.00025746    0.00268800    0.00107673    0.00000000 
max(|Fsp_perp|)  :   0.00000000    0.00000000    0.00000000    0.00000000    0.00000000    0.00000000    0.00000000    0.00000000    0.00000000    0.00000000 
max(|FNEB|)      :   0.00000000    0.00063839    0.00314831    0.00083116    0.00083791    0.00085043    0.00114265    0.00371421    0.00180267    0.00000000 
max(|Force|)     :   0.00151262    0.00073776    0.01085012    0.01217196    0.00083786    0.00498920    0.01220686    0.02176905    0.00180790    0.00156207 
ksp              :   0.01000000    0.01614472    0.08390368    0.10000000    0.10000000    0.09186107    0.06810302    0.01000000    0.01000000 
max(|step|)      :   0.00000000    0.00407439    0.00880942    0.00880620    0.00878439    0.00877862    0.00879979    0.01053063    0.01120135    0.00000000 
angle (deg.)     :    70.3127  66.9872  20.1100  40.3587  25.7245  8.0554  58.1881  51.5179 
>
iteration       : 96
climbing        : yes
zoom on         : no
nim             : 10
barrier         :   0.01640673 (image:  4) 
distance        :   0.00000000    4.21333633    6.88552836    7.39313068    7.86048347    8.14640369    8.44658893    8.86302441   11.23073137   13.79471170 
energy          : -1076.44982821  -1076.45761881  -1076.44877434  -1076.43636981  -1076.43342147  -1076.43485680  -1076.43906379  -1076.44972669  -1076.48051976  -1076.48254200 
max(|Fr_perp|)   :   0.00000000    0.00059483    0.00251396    0.00224399    0.00104056    0.00111737    0.00156944    0.00218985    0.00181858    0.00000000 
Fr_paral         :   0.00000000    0.00155459   -0.02044800   -0.01878650    0.00004462    0.01009227    0.02139011    0.03560291    0.00145689    0.00000000 
max(|Fsp_paral|) :   0.00000000    0.00001517    0.00019171    0.00221996    0.00917589    0.00044191    0.00059802    0.00208598    0.00029375    0.00000000 
max(|Fsp_perp|)  :   0.00000000    0.00000000    0.00000000    0.00000000    0.00000000    0.00000000    0.00000000    0.00000000    0.00000000    0.00000000 
max(|FNEB|)      :   0.00000000    0.00059304    0.00246803    0.00104088    0.00104057    0.00107274    0.00187409    0.00258041    0.00168479    0.00000000 
max(|Force|)     :   0.00151262    0.00075848    0.01072771    0.01221028    0.00104054    0.00488964    0.01186213    0.02085265    0.00151818    0.00156207 
ksp              :   0.01000000    0.01578102    0.08382671    0.10000000    0.10000000    0.09212643    0.06904874    0.01055687    0.01000000 
max(|step|)      :   0.00000000    0.00933669    0.01894789    0.01886092    0.01882210    0.01879375    0.01871094    0.01972512    0.02024662    0.00000000 
angle (deg.)     :    69.8650  67.3531  20.3199  40.8897  26.3227  7.6018  58.5942  52.9130 
>
iteration       : 97
climbing        : yes
zoom on         : no
nim             : 10
barrier         :   0.01636440 (image:  4) 
distance        :   0.00000000    4.20128065    6.89729593    7.40647759    7.87581095    8.15656364    8.45908495    8.86728894   11.27255715   13.82099289 
energy          : -1076.44982821  -1076.45760890  -1076.44886607  -1076.43642516  -1076.43346381  -1076.43484924  -1076.43903795  -1076.44938294  -1076.48053058  -1076.48254200 
max(|Fr_perp|)   :   0.00000000    0.00094632    0.00144914    0.00231625    0.00080739    0.00081373    0.00183209    0.00188306    0.00194950    0.00000000 
Fr_paral         :   0.00000000    0.00180721   -0.02034937   -0.01879685    0.00006013    0.00989877    0.02129971    0.03546425    0.00093293    0.00000000 
max(|Fsp_paral|) :   0.00000000    0.00032640    0.00070435    0.00228250    0.00953408    0.00006032    0.00019636    0.00092970    0.00203681    0.00000000 
max(|Fsp_perp|)  :   0.00000000    0.00000000    0.00000000    0.00000000    0.00000000    0.00000000    0.00000000    0.00000000    0.00000000    0.00000000 
max(|FNEB|)      :   0.00000000    0.00089072    0.00135754    0.00081294    0.00080760    0.00082192    0.00188414    0.00266736    0.00288643    0.00000000 
max(|Force|)     :   0.00151262    0.00169614    0.01066112    0.01227523    0.00080717    0.00483210    0.01172280    0.02061516    0.00175291    0.00156207 
ksp              :   0.01000000    0.01529150    0.08371333    0.10000000    0.10000000    0.09238050    0.06934366    0.01244886    0.01000000 
max(|step|)      :   0.00000000    0.00478116    0.01256891    0.01260371    0.01257371    0.01262152    0.01255596    0.01260246    0.00544734    0.00000000 
angle (deg.)     :    69.6094  67.6325  20.3945  40.9614  25.5227  8.4235  59.9725  53.2418 
>
iteration       : 98
climbing        : yes
zoom on         : no
nim             : 10
barrier         :   0.01633852 (image:  4) 
distance        :   0.00000000    4.19448374    6.90763830    7.41737312    7.88769783    8.17108043    8.48391667    8.88048788   11.28601571   13.83551990 
energy          : -1076.44982821  -1076.45760362  -1076.44889781  -1076.43645794  -1076.43348969  -1076.43490504  -1076.43935099  -1076.44942632  -1076.48053088  -1076.48254200 
max(|Fr_perp|)   :   0.00000000    0.00096383    0.00293818    0.00242329    0.00125044    0.00124690    0.00167816    0.00217233    0.00374554    0.00000000 
Fr_paral         :   0.00000000    0.00143138   -0.02008897   -0.01879816    0.00006705    0.01004684    0.02190403    0.03521751    0.00088428    0.00000000 
max(|Fsp_paral|) :   0.00000000    0.00037662    0.00080711    0.00232212    0.00951690    0.00023636    0.00107134    0.00147171    0.00178275    0.00000000 
max(|Fsp_perp|)  :   0.00000000    0.00000000    0.00000000    0.00000000    0.00000000    0.00000000    0.00000000    0.00000000    0.00000000    0.00000000 
max(|FNEB|)      :   0.00000000    0.00094627    0.00301038    0.00125289    0.00125068    0.00125513    0.00162779    0.00282380    0.00377328    0.00000000 
max(|Force|)     :   0.00151262    0.00118822    0.01043210    0.01235901    0.00125021    0.00475809    0.01216884    0.02024637    0.00373825    0.00156207 
ksp              :   0.01000000    0.01512501    0.08364951    0.10000000    0.10000000    0.09220357    0.06771328    0.01221377    0.01000000 
max(|step|)      :   0.00000000    0.00347924    0.01015738    0.01023650    0.01021500    0.01024842    0.01015741    0.00902075    0.00367218    0.00000000 
angle (deg.)     :    69.4171  67.8573  20.4330  41.0314  24.8395  10.3627  61.1591  53.2795 
>
iteration       : 99
climbing        : yes
zoom on         : no
nim             : 10
barrier         :   0.01631590 (image:  4) 
distance        :   0.00000000    4.18836891    6.91613308    7.42611796    7.89658107    8.18335180    8.50523277    8.89685435   11.29133011   13.84594979 
energy          : -1076.44982821  -1076.45759806  -1076.44892202  -1076.43647429  -1076.43351230  -1076.43496044  -1076.43964341  -1076.44964437  -1076.48054221  -1076.48254200 
max(|Fr_perp|)   :   0.00000000    0.00066891    0.00290585    0.00249657    0.00109990    0.00110401    0.00123089    0.00335985    0.00163166    0.00000000 
Fr_paral         :   0.00000000    0.00154983   -0.01997395   -0.01876082    0.00006937    0.01017695    0.02239169    0.03500958    0.00082377    0.00000000 
max(|Fsp_paral|) :   0.00000000    0.00040218    0.00088417    0.00230961    0.00940374    0.00043585    0.00195820    0.00026786    0.00038090    0.00000000 
max(|Fsp_perp|)  :   0.00000000    0.00000000    0.00000000    0.00000000    0.00000000    0.00000000    0.00000000    0.00000000    0.00000000    0.00000000 
max(|FNEB|)      :   0.00000000    0.00058142    0.00298154    0.00110083    0.00110014    0.00121172    0.00137690    0.00339542    0.00180502    0.00000000 
max(|Force|)     :   0.00151262    0.00103809    0.01024670    0.01238871    0.00109966    0.00492943    0.01267247    0.02001459    0.00145777    0.00156207 
ksp              :   0.01000000    0.01499863    0.08366138    0.10000000    0.10000000    0.09201195    0.06618026    0.01101406    0.01000000 
max(|step|)      :   0.00000000    0.01564338    0.03653426    0.03650614    0.03643976    0.03645136    0.03628690    0.03506330    0.01860833    0.00000000 
angle (deg.)     :    68.6962  68.5305  20.6334  41.7762  24.8277  13.3820  62.8237  54.4845 
>
iteration       : 100
climbing        : yes
zoom on         : no
nim             : 10
barrier         :   0.01624279 (image:  4) 
distance        :   0.00000000    4.16196702    6.94719290    7.45585137    7.92707417    8.21620978    8.54761605    8.94196147   11.33781182   13.89098501 
energy          : -1076.44982821  -1076.45755393  -1076.44893087  -1076.43651933  -1076.43358541  -1076.43505081  -1076.43994933  -1076.45005821  -1076.48050325  -1076.48254200 
max(|Fr_perp|)   :   0.00000000    0.00063067    0.00184640    0.00261570    0.00165498    0.00161777    0.00186089    0.00471854    0.00183819    0.00000000 
Fr_paral         :   0.00000000    0.00165837   -0.02001918   -0.01860586    0.00008745    0.01020000    0.02268219    0.03460921    0.00056914    0.00000000 
max(|Fsp_paral|) :   0.00000000    0.00003335    0.00045261    0.00237311    0.00938583    0.00070543    0.00255950    0.00092641    0.00073136    0.00000000 
max(|Fsp_perp|)  :   0.00000000    0.00000000    0.00000000    0.00000000    0.00000000    0.00000000    0.00000000    0.00000000    0.00000000    0.00000000 
max(|FNEB|)      :   0.00000000    0.00065116    0.00189018    0.00165993    0.00165497    0.00175969    0.00199363    0.00426519    0.00150401    0.00000000 
max(|Force|)     :   0.00151262    0.00114659    0.01022747    0.01237239    0.00165500    0.00507350    0.01318895    0.02101890    0.00171733    0.00156207 
ksp              :   0.01000000    0.01497209    0.08374343    0.10000000    0.10000000    0.09188036    0.06473804    0.01000000    0.01000000 
max(|step|)      :   0.00000000    0.02225273    0.06024115    0.06048622    0.06036405    0.06044608    0.06038306    0.05955894    0.02918066    0.00000000 
angle (deg.)     :    67.7344  69.3166  21.0430  42.6531  25.9130  15.9050  64.5101  56.4727 
>
iteration       : 101
climbing        : yes
zoom on         : no
nim             : 10
barrier         :   0.01611970 (image:  4) 
distance        :   0.00000000    4.12510365    7.00315083    7.50990925    7.98258898    8.27596566    8.61010188    9.01929305   11.42843379   13.96525193 
energy          : -1076.44982821  -1076.45747646  -1076.44895585  -1076.43660888  -1076.43370851  -1076.43520694  -1076.44016181  -1076.45065180  -1076.48044193  -1076.48254200 
max(|Fr_perp|)   :   0.00000000    0.00081926    0.00329426    0.00276315    0.00137391    0.00134572    0.00331228    0.00575743    0.00597400    0.00000000 
Fr_paral         :   0.00000000    0.00158474   -0.02013140   -0.01838951    0.00009951    0.01022888    0.02260358    0.03413945    0.00019350    0.00000000 
max(|Fsp_paral|) :   0.00000000    0.00063167    0.00016609    0.00249699    0.00934603    0.00058536    0.00228999    0.00122656    0.00060137    0.00000000 
max(|Fsp_perp|)  :   0.00000000    0.00000000    0.00000000    0.00000000    0.00000000    0.00000000    0.00000000    0.00000000    0.00000000    0.00000000 
max(|FNEB|)      :   0.00000000    0.00114996    0.00324627    0.00137945    0.00137392    0.00173391    0.00335621    0.00524310    0.00597195    0.00000000 
max(|Force|)     :   0.00151262    0.00115794    0.01046415    0.01233285    0.00137390    0.00531147    0.01346951    0.02178425    0.00597358    0.00156207 
ksp              :   0.01000000    0.01487056    0.08380652    0.10000000    0.10000000    0.09163391    0.06396972    0.01000000    0.01000000 
max(|step|)      :   0.00000000    0.02917944    0.09846594    0.09974452    0.09951349    0.09977991    0.09972842    0.10000000    0.05058209    0.00000000 
angle (deg.)     :    66.6042  70.0748  21.8218  43.5740  28.5313  17.0715  65.9803  59.1674 
>
iteration       : 102
climbing        : yes
zoom on         : no
nim             : 10
barrier         :   0.01592752 (image:  4) 
distance        :   0.00000000    4.07741149    7.10533840    7.61035123    8.08511917    8.38899705    8.71623605    9.16591977   11.58566860   14.08622639 
energy          : -1076.44982821  -1076.45733449  -1076.44900802  -1076.43675865  -1076.43390068  -1076.43548570  -1076.44030589  -1076.45202333  -1076.48036309  -1076.48254200 
max(|Fr_perp|)   :   0.00000000    0.00364358    0.00486266    0.00294420    0.00136073    0.00143355    0.00355584    0.00605983    0.00264599    0.00000000 
Fr_paral         :   0.00000000    0.00243443   -0.02034952   -0.01806658    0.00008323    0.01026910    0.02218014    0.03380799    0.00031491    0.00000000 
max(|Fsp_paral|) :   0.00000000    0.00147997    0.00106235    0.00263501    0.00906781    0.00028173    0.00057374    0.00266713    0.00038874    0.00000000 
max(|Fsp_perp|)  :   0.00000000    0.00000000    0.00000000    0.00000000    0.00000000    0.00000000    0.00000000    0.00000000    0.00000000    0.00000000 
max(|FNEB|)      :   0.00000000    0.00487895    0.00527442    0.00142993    0.00142639    0.00145710    0.00374487    0.00612853    0.00280749    0.00000000 
max(|Force|)     :   0.00151262    0.00440112    0.01048568    0.01223912    0.00142627    0.00543938    0.01325542    0.02212560    0.00280392    0.00156207 
ksp              :   0.01000000    0.01468034    0.08385133    0.10000000    0.10000000    0.09104442    0.06382121    0.01000000    0.01000000 
max(|step|)      :   0.00000000    0.00503259    0.00544051    0.00147496    0.00147131    0.00150299    0.00386279    0.00632151    0.00289590    0.00000000 
angle (deg.)     :    66.6476  70.1012  21.8276  43.5799  28.4046  15.7368  65.0333  59.0898 
>
iteration       : 103
climbing        : yes
zoom on         : no
nim             : 10
barrier         :   0.01592143 (image:  4) 
distance        :   0.00000000    4.08160783    7.10711846    7.61514140    8.08980526    8.39373677    8.72128074    9.16692130   11.58288465   14.08118997 
energy          : -1076.44982821  -1076.45735862  -1076.44911478  -1076.43676448  -1076.43390678  -1076.43549563  -1076.44034251  -1076.45209050  -1076.48040718  -1076.48254200 
max(|Fr_perp|)   :   0.00000000    0.00262727    0.00203582    0.00293185    0.00069256    0.00093525    0.00252966    0.00480844    0.00256749    0.00000000 
Fr_paral         :   0.00000000    0.00118800   -0.02024907   -0.01806131    0.00007787    0.01030781    0.02236028    0.03447491    0.00023555    0.00000000 
max(|Fsp_paral|) :   0.00000000    0.00066326    0.00007065    0.00250715    0.00904228    0.00027413    0.00076292    0.00245415    0.00039581    0.00000000 
max(|Fsp_perp|)  :   0.00000000    0.00000000    0.00000000    0.00000000    0.00000000    0.00000000    0.00000000    0.00000000    0.00000000    0.00000000 
max(|FNEB|)      :   0.00000000    0.00263664    0.00199587    0.00069181    0.00069282    0.00073896    0.00257563    0.00452385    0.00233364    0.00000000 
max(|Force|)     :   0.00151262    0.00263704    0.01062022    0.01222887    0.00069230    0.00543398    0.01307322    0.02171522    0.00250054    0.00156207 
ksp              :   0.01000000    0.01403281    0.08384613    0.10000000    0.10000000    0.09101863    0.06362036    0.01000000    0.01000000 
max(|step|)      :   0.00000000    0.00129147    0.00124683    0.00084462    0.00084576    0.00085650    0.00109752    0.00493099    0.00236178    0.00000000 
angle (deg.)     :    66.6441  70.0943  21.8318  43.5892  28.3203  14.6546  64.2321  59.0188 
>
iteration       : 104
climbing        : yes
zoom on         : no
nim             : 10
barrier         :   0.01591913 (image:  4) 
distance        :   0.00000000    4.08376717    7.10774706    7.61695892    8.09167262    8.39566633    8.72327786    9.16559541   11.57858588   14.07471413 
energy          : -1076.44982821  -1076.45737143  -1076.44915161  -1076.43676905  -1076.43390908  -1076.43550112  -1076.44036467  -1076.45210767  -1076.48044108  -1076.48254200 
max(|Fr_perp|)   :   0.00000000    0.00210917    0.00194684    0.00291066    0.00076079    0.00086073    0.00141617    0.00412598    0.00244985    0.00000000 
Fr_paral         :   0.00000000    0.00126827   -0.02020488   -0.01806543    0.00007412    0.01033366    0.02246790    0.03495562    0.00018580    0.00000000 
max(|Fsp_paral|) :   0.00000000    0.00039251    0.00044664    0.00246374    0.00902373    0.00027591    0.00090419    0.00232150    0.00039958    0.00000000 
max(|Fsp_perp|)  :   0.00000000    0.00000000    0.00000000    0.00000000    0.00000000    0.00000000    0.00000000    0.00000000    0.00000000    0.00000000 
max(|FNEB|)      :   0.00000000    0.00211325    0.00194310    0.00076181    0.00076074    0.00076195    0.00140497    0.00372945    0.00221571    0.00000000 
max(|Force|)     :   0.00151262    0.00211963    0.01054190    0.01221492    0.00076084    0.00538943    0.01307620    0.02137765    0.00239749    0.00156207 
ksp              :   0.01000000    0.01382517    0.08383093    0.10000000    0.10000000    0.09099930    0.06350283    0.01000000    0.01000000 
max(|step|)      :   0.00000000    0.00976513    0.00806198    0.00626631    0.00627389    0.00635585    0.00913443    0.03294741    0.01845565    0.00000000 
angle (deg.)     :    66.6156  69.9113  21.8727  43.7986  28.2117  10.0061  59.1846  58.5567 
>
iteration       : 105
climbing        : yes
zoom on         : no
nim             : 10
barrier         :   0.01590339 (image:  4) 
distance        :   0.00000000    4.09545868    7.11533834    7.62582261    8.10174773    8.40647243    8.73306698    9.15853618   11.55533072   14.03370747 
energy          : -1076.44982821  -1076.45743472  -1076.44922420  -1076.43681594  -1076.43392482  -1076.43552819  -1076.44039647  -1076.45172738  -1076.48061994  -1076.48254200 
max(|Fr_perp|)   :   0.00000000    0.00214877    0.00316146    0.00277494    0.00102927    0.00101936    0.00552259    0.00393581    0.00200463    0.00000000 
Fr_paral         :   0.00000000    0.00210444   -0.02028375   -0.01813985    0.00004682    0.01041940    0.02269770    0.03594430   -0.00001387    0.00000000 
max(|Fsp_paral|) :   0.00000000    0.00017580    0.00110289    0.00253207    0.00890651    0.00035192    0.00146866    0.00172200    0.00039149    0.00000000 
max(|Fsp_perp|)  :   0.00000000    0.00000000    0.00000000    0.00000000    0.00000000    0.00000000    0.00000000    0.00000000    0.00000000    0.00000000 
max(|FNEB|)      :   0.00000000    0.00198544    0.00298096    0.00102940    0.00102942    0.00104143    0.00558040    0.00307558    0.00193180    0.00000000 
max(|Force|)     :   0.00151262    0.00300264    0.01080193    0.01215576    0.00102912    0.00513876    0.01310210    0.02235718    0.00200635    0.00156207 
ksp              :   0.01000000    0.01341819    0.08363864    0.10000000    0.10000000    0.09092627    0.06337582    0.01000000    0.01000000 
max(|step|)      :   0.00000000    0.00497415    0.00482887    0.00426474    0.00426711    0.00431952    0.01009835    0.00781418    0.00990104    0.00000000 
angle (deg.)     :    66.6439  69.7719  21.8311  44.0476  28.2635  10.0723  57.9987  58.3979 
>
iteration       : 106
climbing        : yes
zoom on         : no
nim             : 10
barrier         :   0.01589351 (image:  4) 
distance        :   0.00000000    4.09898347    7.12334156    7.62971527    8.10644930    8.41119944    8.73542560    9.15711104   11.55373297   14.02157918 
energy          : -1076.44982821  -1076.45745857  -1076.44915789  -1076.43684414  -1076.43393469  -1076.43553375  -1076.44029114  -1076.45146996  -1076.48070208  -1076.48254200 
max(|Fr_perp|)   :   0.00000000    0.00242049    0.00409507    0.00273399    0.00073104    0.00064447    0.01260185    0.00739346    0.00458245    0.00000000 
Fr_paral         :   0.00000000    0.00119465   -0.02043534   -0.01819266    0.00003621    0.01043054    0.02226597    0.03561778    0.00033629    0.00000000 
max(|Fsp_paral|) :   0.00000000    0.00029682    0.00028901    0.00278474    0.00888898    0.00045055    0.00134206    0.00170208    0.00034167    0.00000000 
max(|Fsp_perp|)  :   0.00000000    0.00000000    0.00000000    0.00000000    0.00000000    0.00000000    0.00000000    0.00000000    0.00000000    0.00000000 
max(|FNEB|)      :   0.00000000    0.00242268    0.00413117    0.00131037    0.00073061    0.00066680    0.01262572    0.00728311    0.00458877    0.00000000 
max(|Force|)     :   0.00151262    0.00243033    0.01106797    0.01215301    0.00073147    0.00514364    0.01273094    0.02160703    0.00458499    0.00156207 
ksp              :   0.01000000    0.01379581    0.08352472    0.10000000    0.10000000    0.09094504    0.06400544    0.01000000    0.01000000 
max(|step|)      :   0.00000000    0.00168061    0.00206137    0.00097085    0.00097202    0.00098614    0.00526801    0.00512289    0.00269871    0.00000000 
angle (deg.)     :    66.6319  69.8043  21.8067  44.0119  28.1593  9.2705  58.6697  58.4571 
>
iteration       : 107
climbing        : yes
zoom on         : no
nim             : 10
barrier         :   0.01589451 (image:  4) 
distance        :   0.00000000    4.09737046    7.12157010    7.62834628    8.10476039    8.40922670    8.73353400    9.15616529   11.55515859   14.02547176 
energy          : -1076.44982821  -1076.45745819  -1076.44918961  -1076.43683672  -1076.43393370  -1076.43553155  -1076.44036623  -1076.45161029  -1076.48069636  -1076.48254200 
max(|Fr_perp|)   :   0.00000000    0.00083747    0.00117456    0.00275489    0.00074172    0.00072713    0.00318298    0.00293304    0.00177412    0.00000000 
Fr_paral         :   0.00000000    0.00155319   -0.02052997   -0.01817722    0.00003822    0.01043030    0.02271300    0.03598197    0.00033355    0.00000000 
max(|Fsp_paral|) :   0.00000000    0.00008251    0.00059244    0.00273886    0.00891052    0.00043139    0.00140742    0.00163379    0.00034225    0.00000000 
max(|Fsp_perp|)  :   0.00000000    0.00000000    0.00000000    0.00000000    0.00000000    0.00000000    0.00000000    0.00000000    0.00000000    0.00000000 
max(|FNEB|)      :   0.00000000    0.00085834    0.00118568    0.00074187    0.00074183    0.00074941    0.00316538    0.00244067    0.00158797    0.00000000 
max(|Force|)     :   0.00151262    0.00109389    0.01086852    0.01215869    0.00074160    0.00508132    0.01284853    0.02140470    0.00168698    0.00156207 
ksp              :   0.01000000    0.01361596    0.08356213    0.10000000    0.10000000    0.09095243    0.06357685    0.01000000    0.01000000 
max(|step|)      :   0.00000000    0.00172843    0.00150074    0.00150052    0.00150075    0.00151667    0.00203657    0.00247414    0.00330992    0.00000000 
angle (deg.)     :    66.6273  69.7694  21.7851  44.1398  28.1340  8.8642  58.6535  58.4284 
>
iteration       : 108
climbing        : yes
zoom on         : no
nim             : 10
barrier         :   0.01589104 (image:  4) 
distance        :   0.00000000    4.09802508    7.12419369    7.62963036    8.10601316    8.41009945    8.73312639    9.15476230   11.55619033   14.02275243 
energy          : -1076.44982821  -1076.45746714  -1076.44916951  -1076.43684059  -1076.43393717  -1076.43552991  -1076.44034162  -1076.45155654  -1076.48072563  -1076.48254200 
max(|Fr_perp|)   :   0.00000000    0.00079151    0.00069404    0.00275652    0.00076326    0.00074911    0.00105138    0.00243655    0.00176786    0.00000000 
Fr_paral         :   0.00000000    0.00169206   -0.02061811   -0.01817893    0.00003415    0.01042812    0.02268729    0.03596879    0.00043039    0.00000000 
max(|Fsp_paral|) :   0.00000000    0.00023102    0.00034509    0.00279602    0.00891738    0.00046397    0.00134496    0.00161471    0.00031257    0.00000000 
max(|Fsp_perp|)  :   0.00000000    0.00000000    0.00000000    0.00000000    0.00000000    0.00000000    0.00000000    0.00000000    0.00000000    0.00000000 
max(|FNEB|)      :   0.00000000    0.00084802    0.00076474    0.00076349    0.00076337    0.00077146    0.00077679    0.00217273    0.00159837    0.00000000 
max(|Force|)     :   0.00151262    0.00110066    0.01087597    0.01215899    0.00076316    0.00503538    0.01288457    0.02130969    0.00165570    0.00156207 
ksp              :   0.01000000    0.01373058    0.08355627    0.10000000    0.10000000    0.09097940    0.06372795    0.01000000    0.01000000 
max(|step|)      :   0.00000000    0.00817652    0.00689072    0.00687402    0.00687577    0.00695171    0.00734181    0.00969822    0.01559175    0.00000000 
angle (deg.)     :    66.6267  69.6512  21.7634  44.6970  28.1318  7.9537  58.0478  58.2835 
>
iteration       : 109
climbing        : yes
zoom on         : no
nim             : 10
barrier         :   0.01587625 (image:  4) 
distance        :   0.00000000    4.10357535    7.13596392    7.63808392    8.11432213    8.41695870    8.73575697    9.15227174   11.56156178   14.01140744 
energy          : -1076.44982821  -1076.45750504  -1076.44911278  -1076.43685700  -1076.43395195  -1076.43552255  -1076.44022187  -1076.45120345  -1076.48082738  -1076.48254200 
max(|Fr_perp|)   :   0.00000000    0.00088017    0.00156757    0.00275100    0.00079121    0.00077594    0.00481568    0.00272546    0.00156178    0.00000000 
Fr_paral         :   0.00000000    0.00180238   -0.02075985   -0.01818084    0.00001631    0.01040414    0.02240941    0.03558058    0.00070233    0.00000000 
max(|Fsp_paral|) :   0.00000000    0.00064015    0.00034406    0.00293689    0.00892024    0.00056226    0.00116100    0.00152853    0.00019451    0.00000000 
max(|Fsp_perp|)  :   0.00000000    0.00000000    0.00000000    0.00000000    0.00000000    0.00000000    0.00000000    0.00000000    0.00000000    0.00000000 
max(|FNEB|)      :   0.00000000    0.00140761    0.00151216    0.00079172    0.00079126    0.00079856    0.00487234    0.00261638    0.00159918    0.00000000 
max(|Force|)     :   0.00151262    0.00149866    0.01093914    0.01215012    0.00079116    0.00497709    0.01288544    0.02162164    0.00163543    0.00156207 
ksp              :   0.01000000    0.01405561    0.08353174    0.10000000    0.10000000    0.09109654    0.06445684    0.01000000    0.01000000 
max(|step|)      :   0.00000000    0.01054762    0.00900148    0.00898106    0.00898217    0.00907701    0.00921183    0.00999868    0.01959076    0.00000000 
angle (deg.)     :    66.6348  69.6144  21.8529  45.4251  28.1949  7.2727  57.5692  58.1457 
>
iteration       : 110
climbing        : yes
zoom on         : no
nim             : 10
barrier         :   0.01585800 (image:  4) 
distance        :   0.00000000    4.11374907    7.15033978    7.65348148    8.12885287    8.42894245    8.74441474    9.15420078   11.57462468   14.00419635 
energy          : -1076.44982821  -1076.45755179  -1076.44913760  -1076.43686360  -1076.43397020  -1076.43550447  -1076.44010722  -1076.45074189  -1076.48092789  -1076.48254200 
max(|Fr_perp|)   :   0.00000000    0.00092467    0.00158741    0.00276347    0.00083440    0.00081647    0.00448851    0.00324351    0.00182868    0.00000000 
Fr_paral         :   0.00000000    0.00180978   -0.02061111   -0.01813610   -0.00000596    0.01032743    0.02218342    0.03509182    0.00079956    0.00000000 
max(|Fsp_paral|) :   0.00000000    0.00045592    0.00010935    0.00283196    0.00893607    0.00056249    0.00109939    0.00136641    0.00004383    0.00000000 
max(|Fsp_perp|)  :   0.00000000    0.00000000    0.00000000    0.00000000    0.00000000    0.00000000    0.00000000    0.00000000    0.00000000    0.00000000 
max(|FNEB|)      :   0.00000000    0.00125513    0.00154099    0.00083602    0.00083439    0.00083933    0.00454436    0.00313020    0.00182633    0.00000000 
max(|Force|)     :   0.00151262    0.00153302    0.01074176    0.01212714    0.00083442    0.00497673    0.01276089    0.02153771    0.00181985    0.00156207 
ksp              :   0.01000000    0.01391944    0.08357892    0.10000000    0.10000000    0.09129246    0.06517019    0.01000000    0.01000000 
max(|step|)      :   0.00000000    0.02434674    0.02375971    0.02369837    0.02368545    0.02390000    0.02413924    0.02744780    0.04470179    0.00000000 
angle (deg.)     :    66.6623  69.4326  22.1062  46.8890  28.8171  9.4052  57.7974  57.8841 
>
iteration       : 111
climbing        : yes
zoom on         : no
nim             : 10
barrier         :   0.01581833 (image:  4) 
distance        :   0.00000000    4.13570535    7.18892238    7.68907323    8.16391543    8.45657107    8.76503187    9.16337359   11.61322186   13.99643670 
energy          : -1076.44982821  -1076.45762775  -1076.44910882  -1076.43690009  -1076.43400988  -1076.43544523  -1076.43974567  -1076.44952016  -1076.48103822  -1076.48254200 
max(|Fr_perp|)   :   0.00000000    0.00107182    0.00276547    0.00285195    0.00198071    0.00205464    0.01422980    0.02292926    0.00200501    0.00000000 
Fr_paral         :   0.00000000    0.00140872   -0.02079586   -0.01809452   -0.00005358    0.01005150    0.02104475    0.03244191    0.00109719    0.00000000 
max(|Fsp_paral|) :   0.00000000    0.00067188    0.00062673    0.00292827    0.00918033    0.00044283    0.00078114    0.00106614    0.00237554    0.00000000 
max(|Fsp_perp|)  :   0.00000000    0.00000000    0.00000000    0.00000000    0.00000000    0.00000000    0.00000000    0.00000000    0.00000000    0.00000000 
max(|FNEB|)      :   0.00000000    0.00109714    0.00269657    0.00198468    0.00198071    0.00200135    0.01431013    0.02274751    0.00302449    0.00000000 
max(|Force|)     :   0.00151262    0.00102503    0.01106528    0.01215797    0.00198070    0.00496756    0.01388556    0.02126159    0.00200121    0.00156207 
ksp              :   0.01000000    0.01409302    0.08355585    0.10000000    0.10000000    0.09183343    0.06736562    0.01175266    0.01000000 
max(|step|)      :   0.00000000    0.00475234    0.00451787    0.00448881    0.00448788    0.00453381    0.00706801    0.01225164    0.00863586    0.00000000 
angle (deg.)     :    66.6492  69.5461  22.1164  46.5879  28.6286  7.1044  57.8978  57.8617 
>
iteration       : 112
climbing        : yes
zoom on         : no
nim             : 10
barrier         :   0.01582233 (image:  4) 
distance        :   0.00000000    4.13301536    7.18062410    7.68472685    8.15916669    8.45271573    8.76355097    9.16485304   11.60629417   13.99944425 
energy          : -1076.44982821  -1076.45762165  -1076.44918448  -1076.43688658  -1076.43400588  -1076.43545799  -1076.43991658  -1076.45010117  -1076.48103909  -1076.48254200 
max(|Fr_perp|)   :   0.00000000    0.00033625    0.00067170    0.00285298    0.00069923    0.00067421    0.00225698    0.00208788    0.00094188    0.00000000 
Fr_paral         :   0.00000000    0.00165681   -0.02056083   -0.01806874   -0.00004264    0.01009023    0.02183682    0.03488029    0.00095747    0.00000000 
max(|Fsp_paral|) :   0.00000000    0.00012301    0.00026091    0.00272297    0.00915429    0.00039385    0.00098069    0.00121452    0.00023141    0.00000000 
max(|Fsp_perp|)  :   0.00000000    0.00000000    0.00000000    0.00000000    0.00000000    0.00000000    0.00000000    0.00000000    0.00000000    0.00000000 
max(|FNEB|)      :   0.00000000    0.00045367    0.00069501    0.00070237    0.00069914    0.00069791    0.00230355    0.00153399    0.00103744    0.00000000 
max(|Force|)     :   0.00151262    0.00100198    0.01072905    0.01214683    0.00069932    0.00494476    0.01234937    0.02113918    0.00075088    0.00156207 
ksp              :   0.01000000    0.01366164    0.08361408    0.10000000    0.10000000    0.09174017    0.06637898    0.01000000    0.01000000 
max(|step|)      :   0.00000000    0.00386873    0.00441534    0.00441894    0.00441265    0.00444217    0.00444183    0.00475683    0.00693899    0.00000000 
angle (deg.)     :    66.6489  69.5583  22.2092  46.7504  28.7970  7.4413  58.1334  57.7801 
>
iteration       : 113
climbing        : yes
zoom on         : no
nim             : 10
barrier         :   0.01581414 (image:  4) 
distance        :   0.00000000    4.13753097    7.18721159    7.69241794    8.16673008    8.45859405    8.76913413    9.16902099   11.61404289   14.00018865 
energy          : -1076.44982821  -1076.45763399  -1076.44921382  -1076.43689196  -1076.43401407  -1076.43544814  -1076.43989103  -1076.45001613  -1076.48105104  -1076.48254200 
max(|Fr_perp|)   :   0.00000000    0.00036977    0.00065560    0.00288486    0.00072767    0.00070149    0.00144252    0.00170704    0.00080409    0.00000000 
Fr_paral         :   0.00000000    0.00164815   -0.02051649   -0.01805018   -0.00004799    0.01002021    0.02180449    0.03501171    0.00094719    0.00000000 
max(|Fsp_paral|) :   0.00000000    0.00008677    0.00055032    0.00266421    0.00923930    0.00031266    0.00099820    0.00119219    0.00028230    0.00000000 
max(|Fsp_perp|)  :   0.00000000    0.00000000    0.00000000    0.00000000    0.00000000    0.00000000    0.00000000    0.00000000    0.00000000    0.00000000 
max(|FNEB|)      :   0.00000000    0.00027966    0.00072585    0.00073105    0.00072757    0.00072551    0.00072175    0.00142388    0.00091975    0.00000000 
max(|Force|)     :   0.00151262    0.00103438    0.01069938    0.01215946    0.00072777    0.00490353    0.01218973    0.02089543    0.00068367    0.00156207 
ksp              :   0.01000000    0.01349654    0.08362156    0.10000000    0.10000000    0.09183850    0.06655354    0.01000000    0.01000000 
max(|step|)      :   0.00000000    0.00938191    0.01244884    0.01246219    0.01243882    0.01250598    0.01247110    0.01241653    0.01698031    0.00000000 
angle (deg.)     :    66.6420  69.5679  22.4155  47.0362  29.4186  9.4813  59.2892  57.5087 
>
iteration       : 114
climbing        : yes
zoom on         : no
nim             : 10
barrier         :   0.01579195 (image:  4) 
distance        :   0.00000000    4.14745079    7.20625642    7.71160511    8.18618481    8.47388707    8.78317337    9.18240997   11.63532848   14.00406966 
energy          : -1076.44982821  -1076.45765726  -1076.44923671  -1076.43691522  -1076.43403626  -1076.43542826  -1076.43980550  -1076.44981303  -1076.48106898  -1076.48254200 
max(|Fr_perp|)   :   0.00000000    0.00050814    0.00075751    0.00297023    0.00074754    0.00071888    0.00278295    0.00268337    0.00112135    0.00000000 
Fr_paral         :   0.00000000    0.00157517   -0.02054566   -0.01802585   -0.00005768    0.00983440    0.02157890    0.03512598    0.00114760    0.00000000 
max(|Fsp_paral|) :   0.00000000    0.00023174    0.00068053    0.00267201    0.00951274    0.00013710    0.00088533    0.00116160    0.00050682    0.00000000 
max(|Fsp_perp|)  :   0.00000000    0.00000000    0.00000000    0.00000000    0.00000000    0.00000000    0.00000000    0.00000000    0.00000000    0.00000000 
max(|FNEB|)      :   0.00000000    0.00047545    0.00080242    0.00075102    0.00074743    0.00074383    0.00275442    0.00202504    0.00125879    0.00000000 
max(|Force|)     :   0.00151262    0.00093405    0.01076593    0.01220685    0.00074765    0.00475886    0.01196102    0.02034109    0.00097285    0.00156207 
ksp              :   0.01000000    0.01337098    0.08359251    0.10000000    0.10000000    0.09206686    0.06712048    0.01008647    0.01000000 
max(|step|)      :   0.00000000    0.00990350    0.01532117    0.01533030    0.01529849    0.01536537    0.01534381    0.01518096    0.01806463    0.00000000 
angle (deg.)     :    66.6255  69.5867  22.5473  47.2527  30.1749  10.1888  60.0357  57.1773 
>
iteration       : 115
climbing        : yes
zoom on         : no
nim             : 10
barrier         :   0.01576502 (image:  4) 
distance        :   0.00000000    4.15785632    7.22967343    7.73398108    8.20934466    8.49439458    8.80143263    9.19735494   11.65567995   14.00553087 
energy          : -1076.44982821  -1076.45767592  -1076.44924395  -1076.43694849  -1076.43406318  -1076.43542905  -1076.43971688  -1076.44953189  -1076.48107286  -1076.48254200 
max(|Fr_perp|)   :   0.00000000    0.00050880    0.00189831    0.00300589    0.00067080    0.00063973    0.00575606    0.00375826    0.00202505    0.00000000 
Fr_paral         :   0.00000000    0.00154144   -0.02051126   -0.01801576   -0.00006562    0.00969149    0.02123859    0.03510729    0.00153762    0.00000000 
max(|Fsp_paral|) :   0.00000000    0.00024711    0.00058774    0.00276762    0.00974282    0.00008965    0.00079111    0.00110260    0.00253082    0.00000000 
max(|Fsp_perp|)  :   0.00000000    0.00000000    0.00000000    0.00000000    0.00000000    0.00000000    0.00000000    0.00000000    0.00000000    0.00000000 
max(|FNEB|)      :   0.00000000    0.00056551    0.00192494    0.00067386    0.00067069    0.00066569    0.00573456    0.00360667    0.00313682    0.00000000 
max(|Force|)     :   0.00151262    0.00082270    0.01075471    0.01221818    0.00067092    0.00464664    0.01184398    0.02059024    0.00203867    0.00156207 
ksp              :   0.01000000    0.01333540    0.08352824    0.10000000    0.10000000    0.09220246    0.06772393    0.01169165    0.01000000 
max(|step|)      :   0.00000000    0.01039335    0.01963234    0.01967711    0.01962022    0.01965438    0.01951291    0.01902976    0.01903102    0.00000000 
angle (deg.)     :    66.5722  69.6849  22.6861  47.1068  31.4177  11.6274  61.9272  56.4701 
>
iteration       : 116
climbing        : yes
zoom on         : no
nim             : 10
barrier         :   0.01572922 (image:  4) 
distance        :   0.00000000    4.16721674    7.25865122    7.76118148    8.23829796    8.52188148    8.82742153    9.22906863   11.67749615   14.01362882 
energy          : -1076.44982821  -1076.45769013  -1076.44925150  -1076.43699714  -1076.43409899  -1076.43545497  -1076.43968224  -1076.44954364  -1076.48104691  -1076.48254200 
max(|Fr_perp|)   :   0.00000000    0.00063256    0.00076936    0.00304141    0.00067026    0.00063851    0.00239101    0.00226760    0.00125907    0.00000000 
Fr_paral         :   0.00000000    0.00153988   -0.02047413   -0.01801141   -0.00005983    0.00952353    0.02096952    0.03520201    0.00225753    0.00000000 
max(|Fsp_paral|) :   0.00000000    0.00022314    0.00040822    0.00295448    0.01006509    0.00007901    0.00045148    0.00066473    0.00248284    0.00000000 
max(|Fsp_perp|)  :   0.00000000    0.00000000    0.00000000    0.00000000    0.00000000    0.00000000    0.00000000    0.00000000    0.00000000    0.00000000 
max(|FNEB|)      :   0.00000000    0.00050601    0.00079953    0.00067223    0.00067015    0.00066563    0.00235129    0.00249043    0.00315050    0.00000000 
max(|Force|)     :   0.00151262    0.00098020    0.01067970    0.01222906    0.00067036    0.00465138    0.01173793    0.02070586    0.00156021    0.00156207 
ksp              :   0.01000000    0.01329982    0.08341727    0.10000000    0.10000000    0.09224130    0.06805357    0.01162821    0.01000000 
max(|step|)      :   0.00000000    0.00697584    0.01600722    0.01603429    0.01598842    0.01599923    0.01594592    0.01541177    0.01783436    0.00000000 
angle (deg.)     :    66.5027  69.7292  22.7357  47.1313  32.0014  11.3560  62.6214  55.7358 
>
iteration       : 117
climbing        : yes
zoom on         : no
nim             : 10
barrier         :   0.01569977 (image:  4) 
distance        :   0.00000000    4.17174698    7.28177882    7.78188052    8.26026020    8.54506091    8.85004144    9.25756725   11.68099247   14.01439744 
energy          : -1076.44982821  -1076.45769691  -1076.44923251  -1076.43702963  -1076.43412843  -1076.43549710  -1076.43971676  -1076.44970798  -1076.48099373  -1076.48254200 
max(|Fr_perp|)   :   0.00000000    0.00102726    0.00085843    0.00303018    0.00067303    0.00070468    0.00117216    0.00626485    0.00331980    0.00000000 
Fr_paral         :   0.00000000    0.00138488   -0.02056532   -0.01799333   -0.00004985    0.00948665    0.02087600    0.03507531    0.00249609    0.00000000 
max(|Fsp_paral|) :   0.00000000    0.00000126    0.00001412    0.00313093    0.01014620    0.00017188    0.00021630    0.00104507    0.00125079    0.00000000 
max(|Fsp_perp|)  :   0.00000000    0.00000000    0.00000000    0.00000000    0.00000000    0.00000000    0.00000000    0.00000000    0.00000000    0.00000000 
max(|FNEB|)      :   0.00000000    0.00102764    0.00086771    0.00067359    0.00067295    0.00066990    0.00090405    0.00623000    0.00330917    0.00000000 
max(|Force|)     :   0.00151262    0.00106102    0.01080058    0.01219774    0.00067312    0.00468201    0.01185768    0.02140153    0.00333417    0.00156207 
ksp              :   0.01000000    0.01341486    0.08336870    0.10000000    0.10000000    0.09215403    0.06796452    0.01068918    0.01000000 
max(|step|)      :   0.00000000    0.01257053    0.02357734    0.02358333    0.02353630    0.02360080    0.02367615    0.02374569    0.02258444    0.00000000 
angle (deg.)     :    66.4302  69.7403  22.8425  47.7598  32.2930  10.3766  62.1940  54.9786 
>
iteration       : 118
climbing        : yes
zoom on         : no
nim             : 10
barrier         :   0.01565915 (image:  4) 
distance        :   0.00000000    4.18209980    7.31651695    7.81488183    8.29393021    8.57980590    8.88318468    9.28809539   11.68558976   14.00884465 
energy          : -1076.44982821  -1076.45769979  -1076.44922180  -1076.43706027  -1076.43416906  -1076.43554443  -1076.43973660  -1076.44965786  -1076.48090222  -1076.48254200 
max(|Fr_perp|)   :   0.00000000    0.00125853    0.00191426    0.00301216    0.00065493    0.00072914    0.00544467    0.00215777    0.00184790    0.00000000 
Fr_paral         :   0.00000000    0.00175808   -0.02060268   -0.01793174   -0.00005204    0.00949410    0.02073501    0.03485341    0.00267349    0.00000000 
max(|Fsp_paral|) :   0.00000000    0.00017809    0.00036254    0.00322958    0.01011516    0.00029550    0.00021296    0.00069219    0.00149792    0.00000000 
max(|Fsp_perp|)  :   0.00000000    0.00000000    0.00000000    0.00000000    0.00000000    0.00000000    0.00000000    0.00000000    0.00000000    0.00000000 
max(|FNEB|)      :   0.00000000    0.00125868    0.00185805    0.00065462    0.00065499    0.00066112    0.00549788    0.00196949    0.00188559    0.00000000 
max(|Force|)     :   0.00151262    0.00159063    0.01084893    0.01213259    0.00065488    0.00467998    0.01209509    0.02187383    0.00219088    0.00156207 
ksp              :   0.01000000    0.01348526    0.08338295    0.10000000    0.10000000    0.09209516    0.06800090    0.01097904    0.01000000 
max(|step|)      :   0.00000000    0.00340205    0.00828352    0.00828901    0.00827193    0.00827096    0.00830304    0.00847811    0.01156936    0.00000000 
angle (deg.)     :    66.3754  69.7917  22.9516  48.1137  32.0483  10.0586  61.6584  54.5582 
>
iteration       : 119
climbing        : yes
zoom on         : no
nim             : 10
barrier         :   0.01564340 (image:  4) 
distance        :   0.00000000    4.18400666    7.32711291    7.82721965    8.30597923    8.59343894    8.89874882    9.30293489   11.67732169   14.00444176 
energy          : -1076.44982821  -1076.45770356  -1076.44925487  -1076.43705808  -1076.43418480  -1076.43557550  -1076.43983804  -1076.44979550  -1076.48086969  -1076.48254200 
max(|Fr_perp|)   :   0.00000000    0.00112013    0.00111095    0.00301973    0.00060419    0.00064338    0.00342219    0.00210660    0.00167182    0.00000000 
Fr_paral         :   0.00000000    0.00178611   -0.02054505   -0.01786693   -0.00004674    0.00957592    0.02097339    0.03479580    0.00258159    0.00000000 
max(|Fsp_paral|) :   0.00000000    0.00001646    0.00002799    0.00311620    0.00999076    0.00029776    0.00042636    0.00174416    0.00044335    0.00000000 
max(|Fsp_perp|)  :   0.00000000    0.00000000    0.00000000    0.00000000    0.00000000    0.00000000    0.00000000    0.00000000    0.00000000    0.00000000 
max(|FNEB|)      :   0.00000000    0.00110052    0.00115146    0.00060544    0.00060411    0.00059943    0.00347446    0.00268625    0.00148462    0.00000000 
max(|Force|)     :   0.00151262    0.00183092    0.01079641    0.01209894    0.00060427    0.00467858    0.01216750    0.02178181    0.00219229    0.00156207 
ksp              :   0.01000000    0.01329853    0.08346940    0.10000000    0.10000000    0.09199898    0.06747567    0.01018815    0.01000000 
max(|step|)      :   0.00000000    0.00793530    0.01731140    0.01728799    0.01725416    0.01726045    0.01734036    0.01734972    0.01927346    0.00000000 
angle (deg.)     :    66.2689  69.9046  23.2555  48.9812  31.7301  9.3622  60.7787  53.8843 
>
iteration       : 120
climbing        : yes
zoom on         : no
nim             : 10
barrier         :   0.01561377 (image:  4) 
distance        :   0.00000000    4.18866157    7.35064677    7.85426117    8.33245921    8.62194524    8.93096389    9.32930020   11.66785273   13.99888392 
energy          : -1076.44982821  -1076.45770776  -1076.44931566  -1076.43705335  -1076.43421443  -1076.43562265  -1076.43999696  -1076.44990161  -1076.48080751  -1076.48254200 
max(|Fr_perp|)   :   0.00000000    0.00230380    0.00185502    0.00308162    0.00140492    0.00138438    0.00161631    0.00331690    0.00215220    0.00000000 
Fr_paral         :   0.00000000    0.00112479   -0.02044754   -0.01773993   -0.00003818    0.00970278    0.02133209    0.03488881    0.00259913    0.00000000 
max(|Fsp_paral|) :   0.00000000    0.00036821    0.00058799    0.00288765    0.00979952    0.00024858    0.00095573    0.00178452    0.00003581    0.00000000 
max(|Fsp_perp|)  :   0.00000000    0.00000000    0.00000000    0.00000000    0.00000000    0.00000000    0.00000000    0.00000000    0.00000000    0.00000000 
max(|FNEB|)      :   0.00000000    0.00238796    0.00190108    0.00140443    0.00140491    0.00143977    0.00156444    0.00340015    0.00215030    0.00000000 
max(|Force|)     :   0.00151262    0.00220247    0.01071532    0.01206961    0.00140493    0.00470666    0.01210890    0.02134056    0.00234806    0.00156207 
ksp              :   0.01000000    0.01295436    0.08363608    0.10000000    0.10000000    0.09188284    0.06666867    0.01000000    0.01000000 
max(|step|)      :   0.00000000    0.01264269    0.02771378    0.02771857    0.02765623    0.02766499    0.02762968    0.02811402    0.02818709    0.00000000 
angle (deg.)     :    66.1143  70.0891  23.6516  49.8881  31.9796  9.7625  61.0340  52.9631 
>
iteration       : 121
climbing        : yes
zoom on         : no
nim             : 10
barrier         :   0.01556316 (image:  4) 
distance        :   0.00000000    4.19474382    7.38752009    7.89372946    8.37226074    8.66362426    8.97568139    9.36950713   11.66775040   14.00071268 
energy          : -1076.44982821  -1076.45772459  -1076.44938860  -1076.43707245  -1076.43426505  -1076.43568915  -1076.44013251  -1076.44996782  -1076.48071600  -1076.48254200 
max(|Fr_perp|)   :   0.00000000    0.00078788    0.00184542    0.00322064    0.00059067    0.00058369    0.00620934    0.00245173    0.00173362    0.00000000 
Fr_paral         :   0.00000000    0.00169072   -0.02044183   -0.01759706   -0.00002032    0.00977293    0.02146998    0.03495849    0.00288653    0.00000000 
max(|Fsp_paral|) :   0.00000000    0.00075600    0.00119521    0.00274734    0.00973610    0.00022379    0.00135789    0.00173009    0.00016314    0.00000000 
max(|Fsp_perp|)  :   0.00000000    0.00000000    0.00000000    0.00000000    0.00000000    0.00000000    0.00000000    0.00000000    0.00000000    0.00000000 
max(|FNEB|)      :   0.00000000    0.00083216    0.00185615    0.00058929    0.00059067    0.00060948    0.00620292    0.00260162    0.00180422    0.00000000 
max(|Force|)     :   0.00151262    0.00138998    0.01060039    0.01209057    0.00059068    0.00480382    0.01207214    0.02062122    0.00233373    0.00156207 
ksp              :   0.01000000    0.01254220    0.08376511    0.10000000    0.10000000    0.09176458    0.06606910    0.01000000    0.01000000 
max(|step|)      :   0.00000000    0.01924008    0.04539877    0.04544454    0.04533195    0.04535230    0.04520885    0.04505577    0.04367286    0.00000000 
angle (deg.)     :    65.9446  70.3456  24.1363  50.8687  32.9823  11.1346  62.2165  51.5599 
>
iteration       : 122
climbing        : yes
zoom on         : no
nim             : 10
barrier         :   0.01548729 (image:  4) 
distance        :   0.00000000    4.20590149    7.45373220    7.95892349    8.43958506    8.73354586    9.04677494    9.43866169   11.68194863   14.01480309 
energy          : -1076.44982821  -1076.45772925  -1076.44941237  -1076.43712774  -1076.43434092  -1076.43578740  -1076.44027905  -1076.45003680  -1076.48047836  -1076.48254200 
max(|Fr_perp|)   :   0.00000000    0.00076927    0.00171311    0.00337649    0.00108861    0.00104448    0.00522587    0.00231730    0.00220201    0.00000000 
Fr_paral         :   0.00000000    0.00156320   -0.02057233   -0.01745076    0.00000789    0.00977089    0.02159098    0.03499664    0.00352022    0.00000000 
max(|Fsp_paral|) :   0.00000000    0.00068394    0.00101843    0.00286702    0.00981277    0.00032015    0.00156924    0.00187665    0.00041550    0.00000000 
max(|Fsp_perp|)  :   0.00000000    0.00000000    0.00000000    0.00000000    0.00000000    0.00000000    0.00000000    0.00000000    0.00000000    0.00000000 
max(|FNEB|)      :   0.00000000    0.00092768    0.00172864    0.00109106    0.00108862    0.00110197    0.00522181    0.00219057    0.00235541    0.00000000 
max(|Force|)     :   0.00151262    0.00090379    0.01075471    0.01211031    0.00108861    0.00494994    0.01222467    0.02034738    0.00279811    0.00156207 
ksp              :   0.01000000    0.01241653    0.08380518    0.10000000    0.10000000    0.09159415    0.06549224    0.01000000    0.01000000 
max(|step|)      :   0.00000000    0.04109637    0.09993426    0.10000000    0.09975542    0.09977691    0.09954052    0.09856543    0.09740317    0.00000000 
angle (deg.)     :    65.6223  70.9737  25.1206  53.0091  35.1119  13.0027  63.1822  49.0062 
>
iteration       : 123
climbing        : yes
zoom on         : no
nim             : 10
barrier         :   0.01533311 (image:  4) 
distance        :   0.00000000    4.22480795    7.60203289    8.10322893    8.58981188    8.89257027    9.20513529    9.59436904   11.71042024   14.06053303 
energy          : -1076.44982821  -1076.45772644  -1076.44941005  -1076.43725288  -1076.43449509  -1076.43601549  -1076.44054265  -1076.45015747  -1076.47981040  -1076.48254200 
max(|Fr_perp|)   :   0.00000000    0.00182054    0.00372033    0.00360291    0.00081562    0.00192807    0.00391646    0.00473384    0.00318689    0.00000000 
Fr_paral         :   0.00000000    0.00166130   -0.02078108   -0.01716837    0.00007401    0.00981280    0.02164120    0.03461749    0.00445059    0.00000000 
max(|Fsp_paral|) :   0.00000000    0.00004067    0.00006778    0.00328152    0.00979998    0.00083855    0.00174479    0.00231333    0.00104597    0.00000000 
max(|Fsp_perp|)  :   0.00000000    0.00000000    0.00000000    0.00000000    0.00000000    0.00000000    0.00000000    0.00000000    0.00000000    0.00000000 
max(|FNEB|)      :   0.00000000    0.00192694    0.00389427    0.00085143    0.00085286    0.00204990    0.00422430    0.00528529    0.00341945    0.00000000 
max(|Force|)     :   0.00151262    0.00191376    0.01091707    0.01207470    0.00085297    0.00511959    0.01245278    0.02076699    0.00376439    0.00156207 
ksp              :   0.01000000    0.01247865    0.08381418    0.10000000    0.10000000    0.09107585    0.06450944    0.01000000    0.01000000 
max(|step|)      :   0.00000000    0.00166568    0.00336627    0.00073599    0.00073723    0.00177197    0.00365156    0.00456870    0.00295583    0.00000000 
angle (deg.)     :    65.6185  71.0031  25.0910  53.0553  35.0954  12.1816  62.7410  49.0799 
>
