# a-matrix for s14_design_milp.py, produced by s15_dv_matrix.py
# a_if = [V_TS(r_i) - V_R(r_i)] for frame f, in kcal/mol per unit charge.
# ddE_f(q) = sum_i a_if q_i, so a < 0 means a POSITIVE charge there lowers
#   the barrier. Convention validated by 03_dvpot/s1_signcheck.py, which
#   uses both a positive and a negative control.
# Densities: IN VACUO single points at the QM/MM-optimised geometries, i.e.
#   bare substrate with no protein and no continuum, matching the Phase 2.2
#   design environment. NOT the QM/MM densities, which already contain the
#   protein field the design is meant to replace.
# No SCF was run; orca_vpot evaluates existing densities at new positions.
#
# sites:  580   (row order matches the grid file exactly)
# frames: 30   20000 21634 23268 24883 26495 33320 34991 36665 38344 40485 41786 42436 43087 43738 44388 45688 46990 47641 48292 49592 50892 52192 53493 54144 54795 55446 56098 57397 58698 59999
# grid:   grid_v1.tsv
# ONLY the linear coefficient is here. The measured second-order term
#   b (differential polarisation) is NOT included; s14 runs the linear
#   model and reports that scope with every result.
-0.148623	-0.155303	-0.196117	-0.281379	-0.372495	-0.569277	-0.954966	-0.341240	-0.331075	-0.926711	-0.487871	-0.486968	-0.415673	-0.024577	-0.464810	-0.148548	-0.174180	-0.270478	0.142349	-0.332103	-0.596358	-1.531331	-0.586809	-1.019091	-1.497411	-0.636232	-0.804642	-0.217234	-1.985064	-0.687132
-0.169618	-0.193351	-0.232240	-0.374241	-0.484264	-0.920953	-1.158104	-0.385827	-0.336111	-1.034091	-0.499390	-0.496251	-0.429056	0.002251	-0.451219	-0.126201	-0.143184	-0.111046	1.921044	-0.227640	-0.463559	-1.416362	-0.601879	-1.106219	-1.290494	-0.569742	-0.771885	-0.795624	-2.834625	-1.164095
-0.144493	-0.165796	-0.194686	-0.301038	-0.477681	-0.693047	-1.368317	-0.441917	-0.391780	-1.251188	-0.539472	-0.506559	-0.445497	-0.049471	-0.567691	-0.166175	-0.257488	-0.321144	-0.349473	-0.779384	-1.063800	-2.402983	-0.785218	-1.254095	-1.304048	-0.783619	-0.722564	-0.022126	-1.327772	-0.991453
-0.127859	-0.121803	-0.165115	-0.209701	-0.297328	-0.361271	-0.912689	-0.363649	-0.397622	-1.029683	-0.562058	-0.541545	-0.461578	-0.073046	-0.584071	-0.205771	-0.266682	-0.550194	-1.423837	-0.548600	-0.767651	-3.291839	-0.709348	-1.004888	-1.501951	-0.925122	-0.945642	0.240716	-1.014602	-0.402745
-0.148438	-0.144768	-0.195941	-0.251430	-0.309569	-0.455873	-0.960143	-0.358571	-0.363625	-0.988285	-0.567494	-0.558448	-0.478365	-0.017025	-0.497741	-0.163854	-0.178175	-0.339322	-0.341021	-0.272854	-0.858854	-3.273557	-0.783381	-1.246345	-2.148775	-0.935841	-1.125829	0.022099	-2.106276	-0.570302
-0.132618	-0.138314	-0.172956	-0.246278	-0.368359	-0.483146	-0.969940	-0.353811	-0.355711	-0.984681	-0.491230	-0.478609	-0.409094	-0.060419	-0.527452	-0.175297	-0.239597	-0.406249	-0.589261	-0.583495	-0.701786	-1.565455	-0.612307	-0.959970	-1.246573	-0.686176	-0.724047	0.022427	-1.200687	-0.575157
-0.172708	-0.183125	-0.236039	-0.339344	-0.382825	-0.733911	-1.082898	-0.370886	-0.339018	-0.991290	-0.538301	-0.543198	-0.465901	0.021924	-0.442007	-0.126964	-0.118684	-0.137155	1.298656	-0.168162	-0.622128	-2.573561	-0.657395	-1.384169	-2.769567	-0.660080	-1.007788	-0.586589	-3.882105	-0.943258
-0.125811	-0.132158	-0.164823	-0.230886	-0.374119	-0.448191	-1.140488	-0.413025	-0.413307	-1.183204	-0.544883	-0.513089	-0.444581	-0.090066	-0.633020	-0.207587	-0.325530	-0.579088	-1.177415	-1.037609	-0.915413	-2.858301	-0.718950	-1.056517	-1.301427	-0.791153	-0.720362	0.263114	-0.711369	-0.547701
-0.099916	-0.095111	-0.127021	-0.158482	-0.303789	-0.234503	-0.928105	-0.444837	-0.504831	-1.312663	-0.570128	-0.532504	-0.461656	-0.213632	-0.887561	-0.325358	-0.586296	-1.124043	-3.136318	-2.450280	-0.703405	-1.412515	-0.573657	-0.736314	-0.790036	-0.678424	-0.526084	0.600724	0.534332	-0.007169
-0.095086	-0.074018	-0.117726	-0.128663	-0.223761	-0.147532	-0.650510	-0.394842	-0.573236	-1.190558	-0.632616	-0.602573	-0.497258	-0.250748	-0.958997	-0.398137	-0.576302	-1.335747	-4.866318	-0.826396	-0.477251	-0.585596	-0.496949	-0.570810	-0.612830	-0.818140	-0.670658	0.615694	0.658038	0.104624
-0.090670	-0.074556	-0.112634	-0.128386	-0.243908	-0.152785	-0.653049	-0.407669	-0.557592	-1.211392	-0.585214	-0.561836	-0.466831	-0.276325	-1.016959	-0.406716	-0.649262	-1.104172	-4.221517	-1.468346	-0.526359	-0.622733	-0.472575	-0.566525	-0.588388	-0.650781	-0.495843	0.632883	0.830519	0.162107
-0.094015	-0.079841	-0.116731	-0.137976	-0.247184	-0.186099	-0.660910	-0.355052	-0.480417	-1.044970	-0.535612	-0.519011	-0.426089	-0.214664	-0.834952	-0.334398	-0.497456	-0.961425	-2.651771	-1.050591	-0.496460	-1.000044	-0.466672	-0.581667	-0.640932	-0.658616	-0.547457	0.492076	0.405912	0.017210
-0.108321	-0.108915	-0.138802	-0.186060	-0.333904	-0.319813	-0.962389	-0.393593	-0.426973	-1.138547	-0.516984	-0.488869	-0.419681	-0.145217	-0.706980	-0.252174	-0.418766	-0.772614	-1.292453	-1.231393	-0.716498	-1.994161	-0.588078	-0.809106	-0.916090	-0.677458	-0.573112	0.388005	-0.048116	-0.250343
-0.110679	-0.098311	-0.140103	-0.167769	-0.263291	-0.251945	-0.818102	-0.374958	-0.458547	-1.093027	-0.586424	-0.557855	-0.470569	-0.140454	-0.716042	-0.272396	-0.381926	-0.849600	-2.724731	-0.798264	-0.644665	-2.359640	-0.630033	-0.799148	-1.032589	-0.912677	-0.833941	0.441658	-0.153947	-0.170478
-0.126334	-0.110966	-0.163492	-0.184801	-0.257255	-0.266944	-0.964608	-0.429456	-0.490025	-1.244337	-0.712953	-0.659769	-0.574263	-0.084771	-0.695034	-0.254239	-0.336480	-0.819166	-2.578714	-0.456058	-0.910587	-3.160037	-0.967007	-1.135812	-1.639949	-1.501521	-1.408897	0.542392	-0.612961	-0.252606
-0.105581	-0.079170	-0.132508	-0.133826	-0.214942	-0.130840	-0.773039	-0.487858	-0.668388	-1.504533	-0.819686	-0.739773	-0.641106	-0.223679	-0.989690	-0.416982	-0.615979	-1.819373	-4.251032	-0.444387	-0.530599	-0.099578	-0.671793	-0.677899	-0.703688	-1.351181	-1.161576	0.789652	0.755543	0.119017
-0.183249	-0.182792	-0.251942	-0.322178	-0.314282	-0.584951	-0.987353	-0.348343	-0.322568	-0.908547	-0.563241	-0.586132	-0.499683	0.055375	-0.399316	-0.116299	-0.072272	-0.102822	1.079822	-0.027382	-0.935293	-1.969305	-0.763814	-1.588435	-2.231997	-0.576460	-1.237667	-0.405604	-3.711658	-0.714057
-0.141941	-0.126651	-0.185587	-0.209186	-0.255326	-0.313383	-0.911166	-0.375445	-0.404967	-1.055359	-0.665316	-0.637343	-0.552173	-0.023037	-0.544194	-0.193165	-0.202793	-0.454303	-0.853590	-0.175378	-0.834043	-2.591260	-0.952913	-1.197225	-1.737832	-1.299020	-1.547702	0.312343	-1.518959	-0.362227
-0.172566	-0.155186	-0.230618	-0.249693	-0.242881	-0.352994	-0.817213	-0.312159	-0.307185	-0.810837	-0.586467	-0.612681	-0.520873	0.052869	-0.378940	-0.126542	-0.065640	-0.151108	0.316192	0.022905	-0.345600	-1.183887	-0.617623	-0.921265	-0.870434	-0.593741	-1.387301	-0.012143	-2.275988	-0.407743
-0.140035	-0.111630	-0.180004	-0.174405	-0.205321	-0.198421	-0.758226	-0.344536	-0.392497	-0.960938	-0.730000	-0.695372	-0.607495	-0.014498	-0.507377	-0.199991	-0.163439	-0.382872	-0.534546	0.002767	-0.246260	-1.401448	-0.681324	-0.708113	-0.660982	-1.115876	-1.776985	0.387105	-1.152076	-0.182770
-0.170316	-0.137215	-0.226511	-0.196846	-0.190972	-0.186715	-0.750981	-0.310099	-0.306894	-0.791570	-0.716459	-0.726459	-0.623912	0.089020	-0.357683	-0.130845	-0.032982	-0.136402	0.064432	0.121873	0.308046	-1.101212	-0.397076	-0.401946	-0.050693	-0.617278	-1.796427	0.252095	-1.786882	-0.220750
-0.162210	-0.118078	-0.216288	-0.153387	-0.166793	-0.053481	-0.793703	-0.387224	-0.361305	-0.985108	-1.078319	-0.953749	-0.867552	0.159786	-0.389453	-0.148191	-0.026181	-0.162503	-0.204590	0.240021	0.923918	-1.123280	-0.165383	-0.043406	0.472642	-0.960872	-2.841640	0.589478	-1.717570	-0.066379
-0.130044	-0.093070	-0.166594	-0.142402	-0.186243	-0.099622	-0.791923	-0.457387	-0.536006	-1.326327	-1.016389	-0.875328	-0.820806	-0.037530	-0.661591	-0.282781	-0.276113	-0.606476	-0.899543	0.112060	-0.048991	-1.116423	-0.698407	-0.534405	-0.242478	-1.646430	-2.722981	0.735961	-0.498012	0.005695
-0.102081	-0.102324	-0.130756	-0.161514	-0.333259	-0.230276	-1.117452	-0.528606	-0.537956	-1.570108	-0.607336	-0.550098	-0.500759	-0.234085	-0.949670	-0.333771	-0.721122	-1.501888	-3.163794	-2.985695	-0.795734	-1.237015	-0.612411	-0.782319	-0.800818	-0.677220	-0.508658	0.737840	0.729187	0.089133
-0.121468	-0.140906	-0.160131	-0.235145	-0.462605	-0.469742	-1.475971	-0.477727	-0.421739	-1.377704	-0.527194	-0.479914	-0.434780	-0.118901	-0.667414	-0.213773	-0.423283	-0.708120	-2.739866	-1.383808	-0.936627	-1.933411	-0.700989	-1.013648	-1.042777	-0.725212	-0.554033	0.343803	-0.287239	-0.514218
-0.123196	-0.138557	-0.162025	-0.239866	-0.437976	-0.484363	-1.272726	-0.430900	-0.401320	-1.233768	-0.510944	-0.475224	-0.420074	-0.102405	-0.629142	-0.203560	-0.360145	-0.584204	-1.897517	-0.702010	-0.888773	-2.177740	-0.678337	-1.003560	-1.066383	-0.699601	-0.582237	0.241745	-0.472796	-0.557387
-0.108002	-0.115618	-0.139421	-0.192592	-0.378600	-0.340500	-1.109448	-0.430127	-0.428376	-1.240700	-0.510120	-0.473417	-0.419165	-0.155329	-0.719434	-0.251742	-0.474397	-0.851006	-2.355780	-1.358971	-0.760940	-1.599601	-0.592020	-0.820886	-0.859341	-0.636627	-0.504172	0.414565	0.057931	-0.249678
-0.120769	-0.092239	-0.153680	-0.149518	-0.208713	-0.151664	-0.815418	-0.447826	-0.558929	-1.332193	-0.857218	-0.765597	-0.685903	-0.112056	-0.752865	-0.313448	-0.381731	-0.908115	-1.578800	-0.112324	-0.465795	-0.535194	-0.815226	-0.769158	-0.779732	-1.654570	-1.877423	0.689704	-0.131493	-0.030637
-0.201418	-0.235813	-0.286365	-0.489448	-0.519993	-1.401528	-1.190034	-0.393157	-0.323422	-1.006859	-0.503261	-0.520743	-0.447525	0.046778	-0.401421	-0.098142	-0.070570	0.067821	3.485268	0.046745	0.418280	-0.754812	-0.446504	-1.137415	-1.864133	-0.189132	-0.776403	-2.583814	-5.111270	-1.517693
-0.114202	-0.127373	-0.149192	-0.198240	-0.409005	-0.339266	-1.577252	-0.562150	-0.497715	-1.670642	-0.598808	-0.531093	-0.493718	-0.170689	-0.816517	-0.263211	-0.600312	-1.204490	-3.745177	-2.331493	-0.957675	-1.681286	-0.713742	-0.961581	-0.986481	-0.768672	-0.562367	0.665047	0.256661	-0.218906
-0.108555	-0.070437	-0.135786	-0.116927	-0.185997	-0.053072	-0.729762	-0.603524	-0.816262	-1.932733	-1.118735	-0.934977	-0.870797	-0.234306	-1.051376	-0.503210	-0.744361	-1.642095	-0.842657	0.088072	-0.234116	1.288218	-0.583729	-0.464320	-0.228570	-1.658241	-1.828591	0.988240	1.155922	0.269291
-0.238488	-0.270447	-0.340552	-0.605598	-0.484376	-1.357891	-0.842695	-0.305529	-0.249586	-0.677626	-0.385400	-0.457526	-0.385587	0.068939	-0.289854	-0.072438	-0.012020	0.091074	1.694404	0.136792	1.143519	2.294294	0.241980	-0.626104	1.086977	0.763333	-0.437524	-2.254337	-3.422752	-0.894824
-0.209161	-0.269406	-0.295972	-0.616903	-0.819935	-1.561977	-1.098667	-0.367428	-0.278788	-0.877505	-0.402871	-0.422015	-0.367742	0.025062	-0.349320	-0.088619	-0.080619	0.057557	1.234493	0.424906	-0.264633	-0.843146	-0.570044	-1.285248	-0.417342	-0.191616	-0.494392	-1.565483	-2.281625	-1.285088
-0.284957	-0.358059	-0.413378	-0.985222	-0.829515	-1.772242	-0.663561	-0.289661	-0.214555	-0.553567	-0.298328	-0.373627	-0.319318	0.060886	-0.238702	-0.058014	-0.004983	0.117796	0.790380	0.233711	1.707984	0.820696	-0.000331	-0.202447	2.985568	0.549984	-0.216155	-0.709647	-2.102727	-0.726751
-0.231684	-0.284351	-0.324048	-0.672316	-0.734134	-1.307970	-0.801584	-0.298262	-0.231496	-0.651200	-0.332934	-0.382582	-0.328212	0.039202	-0.279245	-0.073606	-0.042044	0.059378	0.972082	0.206371	0.643483	0.351066	-0.184952	-0.682818	1.039140	0.228153	-0.353840	-0.605059	-2.244588	-0.884501
-0.216592	-0.214185	-0.303532	-0.381002	-0.293777	-0.598709	-0.816540	-0.290232	-0.257580	-0.673734	-0.462014	-0.543877	-0.454342	0.090201	-0.295962	-0.082757	-0.001373	0.020971	1.219109	0.077170	0.000843	0.852044	-0.033761	-0.772719	-0.260131	0.441797	-0.788832	-0.724927	-3.049004	-0.580390
-0.246561	-0.268877	-0.362156	-0.561266	-0.385775	-1.082628	-0.903542	-0.316068	-0.263117	-0.695209	-0.434334	-0.528325	-0.440913	0.103024	-0.291067	-0.067544	0.019384	0.124213	2.058369	0.129632	0.419148	3.856022	0.552630	-1.018514	-0.121428	1.347331	-0.505608	-2.247546	-4.079354	-0.844161
-0.214582	-0.291739	-0.312325	-0.645212	-0.878746	-2.705553	-1.498366	-0.473919	-0.334801	-1.181483	-0.492128	-0.487694	-0.430744	0.035016	-0.409752	-0.088700	-0.079517	0.188240	1.259124	1.551891	-1.251845	-2.426931	-1.056152	-2.171394	-1.818775	-0.606824	-0.636611	-2.486492	-2.499741	-1.951589
-0.204120	-0.183507	-0.282506	-0.281367	-0.224467	-0.334725	-0.772482	-0.283811	-0.259388	-0.666389	-0.542072	-0.622484	-0.520367	0.111257	-0.290946	-0.089866	0.011154	-0.015448	0.650751	0.108103	0.228876	0.195903	-0.181942	-0.461630	-0.014822	0.092252	-1.142338	-0.141157	-2.372564	-0.378286
-0.085411	-0.053850	-0.103449	-0.100107	-0.189083	-0.065268	-0.450904	-0.424034	-0.771194	-1.299791	-0.718924	-0.694335	-0.557531	-0.403003	-1.333185	-0.603203	-0.875440	-2.750740	-2.206211	-0.364745	-0.318619	0.903795	-0.360912	-0.376940	-0.307338	-0.686769	-0.504521	0.754351	1.355864	0.353138
-0.082833	-0.060628	-0.101349	-0.107433	-0.219099	-0.094071	-0.459223	-0.413851	-0.633471	-1.210182	-0.603409	-0.592185	-0.486068	-0.382489	-1.256126	-0.526143	-0.838030	-1.561050	-2.788190	-1.016252	-0.440949	0.102703	-0.389414	-0.446417	-0.419220	-0.530318	-0.377042	0.713235	1.253443	0.364746
-0.076046	-0.042060	-0.090620	-0.084620	-0.179374	-0.031189	-0.236844	-0.389024	-0.801960	-1.106138	-0.655124	-0.674020	-0.520720	-0.535658	-1.653231	-0.740595	-1.093066	-2.758706	-0.984488	-0.223923	-0.282622	1.135138	-0.270562	-0.285247	-0.205331	-0.425537	-0.250955	0.765868	1.660334	0.519629
-0.089085	-0.069010	-0.110540	-0.112657	-0.242373	-0.072572	-0.537976	-0.583592	-0.743958	-1.725414	-0.732164	-0.682427	-0.610678	-0.443520	-1.493553	-0.563349	-1.168011	-2.302298	-3.023468	-1.341846	-0.602184	0.063202	-0.485146	-0.538721	-0.500664	-0.570115	-0.419517	1.000775	1.878396	0.650324
-0.175013	-0.216543	-0.244886	-0.423666	-0.612261	-1.243323	-1.470924	-0.467649	-0.371019	-1.283321	-0.538729	-0.513720	-0.453421	0.000459	-0.494229	-0.123733	-0.160417	-0.001427	2.974983	-0.045362	-1.096543	-2.749649	-0.861605	-1.495953	-1.309986	-0.777278	-0.747847	-0.861585	-1.635278	-1.687492
-0.257445	-0.253986	-0.376672	-0.447325	-0.267175	-0.550484	-0.727631	-0.261266	-0.223549	-0.518471	-0.392174	-0.537034	-0.440937	0.128076	-0.231979	-0.058841	0.051625	0.100329	1.101168	0.126298	0.433069	3.708228	0.726406	-0.078960	1.329973	1.487396	-0.354443	-0.730852	-2.475478	-0.461659
-0.076384	-0.029277	-0.089326	-0.070411	-0.154020	0.025723	-0.142568	-0.453601	-1.307564	-1.229266	-0.870813	-0.890423	-0.675524	-0.683461	-2.252900	-1.060636	-2.070219	-2.521495	1.130007	0.311936	-0.118184	2.959567	-0.154227	-0.132421	0.034153	-0.366761	-0.103653	0.903458	2.313463	0.669041
-0.088452	-0.048619	-0.106840	-0.092517	-0.174298	-0.022353	-0.439413	-0.531950	-1.027758	-1.676943	-0.939370	-0.860835	-0.717361	-0.478847	-1.510835	-0.761304	-1.230817	-4.072299	-0.250025	0.040736	-0.216390	2.356408	-0.323435	-0.293536	-0.133718	-0.799388	-0.598768	0.914091	1.872870	0.470935
-0.087258	-0.036647	-0.103998	-0.076802	-0.157426	0.043944	-0.313085	-0.720292	-1.565688	-2.128108	-1.262681	-1.109075	-0.934675	-0.658186	-1.761955	-1.111904	-2.566791	-1.772246	2.125205	0.505339	-0.048786	5.550587	-0.165299	-0.106671	0.167939	-0.599550	-0.330795	1.110910	2.929309	0.708760
-0.302954	-0.287722	-0.467062	-0.429814	-0.202706	-0.318437	-0.600962	-0.217333	-0.183871	-0.316486	-0.291256	-0.533517	-0.427805	0.169685	-0.161994	-0.038155	0.101660	0.144251	0.713844	0.151165	0.788528	4.009499	1.216478	1.104130	2.491732	2.420479	0.217520	-0.441314	-1.617752	-0.258197
-0.248167	-0.211828	-0.357819	-0.265884	-0.168219	-0.174713	-0.622924	-0.218757	-0.186708	-0.386779	-0.410781	-0.611693	-0.494087	0.174211	-0.173409	-0.052831	0.092180	0.087557	0.493327	0.165964	0.734099	1.596532	0.433877	0.413181	1.210119	1.183295	-0.451974	-0.138372	-1.682981	-0.216207
-0.331057	-0.317275	-0.554276	-0.329205	-0.156307	-0.075682	-0.589019	-0.194072	-0.166415	-0.141962	-0.204127	-0.601897	-0.465456	0.242756	-0.110405	-0.015833	0.163361	0.194875	0.489512	0.190429	1.063335	2.565544	0.985094	1.346351	2.009061	4.036937	1.052586	-0.324350	-1.214772	-0.127883
-0.096317	-0.084796	-0.121685	-0.137887	-0.276099	-0.155129	-0.876213	-0.540262	-0.631270	-1.631260	-0.674298	-0.620511	-0.548596	-0.302674	-1.164043	-0.422280	-0.832098	-1.823236	-4.061836	-3.380987	-0.712154	-0.801024	-0.580501	-0.689567	-0.699429	-0.704062	-0.515143	0.866836	1.242022	0.303117
-0.096132	-0.085611	-0.121269	-0.131200	-0.283107	-0.116601	-0.834126	-0.623650	-0.677395	-1.873491	-0.717454	-0.645089	-0.599784	-0.350700	-1.272791	-0.449801	-1.089002	-2.449250	-3.296642	-2.111907	-0.745326	-0.586592	-0.575895	-0.672906	-0.658312	-0.641641	-0.489137	1.020620	1.564070	0.555796
-0.074216	-0.035884	-0.087807	-0.075843	-0.175010	0.007115	-0.049217	-0.440322	-0.921323	-1.138443	-0.716304	-0.751071	-0.599279	-0.739106	-2.138455	-0.933332	-1.523889	-2.069202	-0.255865	0.086367	-0.286801	1.533754	-0.243063	-0.241563	-0.145481	-0.304347	-0.144932	0.895128	2.210579	0.762414
-0.115134	-0.050388	-0.140668	-0.079669	-0.133421	0.082223	-0.553431	-0.579748	-0.750205	-1.344733	-2.179857	-1.219070	-1.601350	-0.033764	-0.766137	-0.429386	-0.259368	-0.435403	-0.190722	0.475187	0.827683	-1.270639	0.261263	0.289972	1.021096	-0.843151	-1.712184	0.972337	0.245066	0.345626
-0.114958	-0.068395	-0.143563	-0.109163	-0.165775	-0.014595	-0.682534	-0.577336	-0.744354	-1.709097	-1.318486	-1.026095	-1.046488	-0.152531	-0.880553	-0.445721	-0.496435	-0.874809	-0.632118	0.261982	0.164801	-0.294797	-0.358891	-0.220619	0.203356	-1.445627	-2.426457	0.950953	0.558111	0.245624
-0.134634	-0.080792	-0.170606	-0.112428	-0.148070	0.003890	-0.663739	-0.420445	-0.471762	-1.085150	-1.357035	-1.052689	-1.048358	0.064027	-0.520090	-0.246523	-0.116735	-0.292009	-0.313760	0.288962	0.758507	-1.597861	-0.019288	0.061051	0.650779	-0.997752	-2.503714	0.729141	-0.813581	0.104846
-0.151691	-0.185201	-0.207646	-0.333330	-0.560996	-0.836226	-1.721839	-0.508542	-0.411768	-1.460165	-0.566821	-0.519184	-0.465941	-0.044642	-0.585414	-0.157272	-0.265040	-0.231683	-1.357394	-0.816942	-1.325112	-3.020957	-0.925253	-1.485594	-1.505039	-0.903718	-0.715397	-0.009289	-1.299564	-1.235011
-0.285290	-0.320385	-0.423241	-0.785566	-0.442186	-1.342292	-0.710229	-0.279998	-0.224210	-0.534559	-0.333632	-0.452482	-0.376107	0.097795	-0.238285	-0.054605	0.032570	0.144894	1.353392	0.158181	3.185026	3.805256	1.248203	0.590489	4.055761	1.656248	-0.155917	-2.138413	-2.696281	-0.659821
-0.322803	-0.386530	-0.481275	-1.138972	-0.616000	-1.775309	-0.563007	-0.271346	-0.204721	-0.465366	-0.277734	-0.390208	-0.327926	0.084941	-0.212813	-0.048571	0.028157	0.149143	0.863146	0.184279	4.361083	1.784772	0.682402	1.411587	5.366479	1.136334	-0.069819	-1.113734	-1.925467	-0.531615
-0.227080	-0.319526	-0.325697	-0.792437	-1.301951	-1.638999	-1.156144	-0.370921	-0.258464	-0.816973	-0.362644	-0.380697	-0.337655	0.023500	-0.314463	-0.079216	-0.075740	0.065978	0.219726	0.598888	-0.634511	-1.075024	-0.725412	-1.490241	-0.712144	-0.299873	-0.406418	-1.649104	-2.134854	-1.223347
-0.241955	-0.318610	-0.343942	-0.814513	-1.042991	-1.014146	-0.846559	-0.315464	-0.231103	-0.666715	-0.324460	-0.366069	-0.318378	0.035608	-0.275550	-0.070880	-0.046573	0.072970	0.615223	0.318713	0.195048	-0.218509	-0.406611	-0.974054	0.539367	0.054401	-0.330201	-1.021316	-2.056186	-0.945133
-0.282554	-0.398576	-0.410878	-1.180576	-1.691552	-1.535263	-0.709841	-0.305694	-0.209455	-0.570375	-0.283497	-0.331198	-0.291708	0.040915	-0.236270	-0.060262	-0.031254	0.088100	0.233512	0.253489	-0.079467	-0.386113	-0.509751	-1.055091	0.041765	-0.009845	-0.250426	-1.564347	-1.807882	-0.801917
-0.265948	-0.397768	-0.389845	-1.129809	-2.071733	-2.350556	-0.976149	-0.354019	-0.232658	-0.687793	-0.319686	-0.349347	-0.312080	0.033908	-0.266594	-0.066270	-0.050039	0.088308	0.027250	0.356662	-0.702595	-0.864962	-0.756926	-1.530731	-0.753965	-0.257911	-0.324600	-2.300231	-2.074869	-1.115330
-0.145427	-0.187743	-0.197808	-0.306335	-0.607080	-0.721239	-2.417961	-0.593274	-0.435154	-1.708245	-0.579587	-0.510761	-0.477156	-0.072848	-0.625059	-0.167964	-0.354893	-0.458462	-3.833594	-1.730102	-1.315423	-2.480824	-0.948154	-1.422090	-1.449288	-0.991148	-0.658712	0.251881	-0.978242	-1.058657
-0.095413	-0.040766	-0.114585	-0.079408	-0.150392	0.049990	-0.436326	-0.732678	-1.206595	-2.098152	-1.603211	-1.181744	-1.172857	-0.572201	-1.227785	-0.939546	-1.352548	-1.102934	1.094633	0.494264	0.157323	5.887479	-0.093163	-0.020442	0.373770	-0.791611	-0.781321	1.095149	2.332807	0.566008
-0.228170	-0.180888	-0.327572	-0.186658	-0.142978	-0.026992	-0.658624	-0.232631	-0.185538	-0.404160	-0.579066	-0.768578	-0.620696	0.240353	-0.155463	-0.049522	0.125605	0.090013	0.273262	0.227443	1.306898	0.169128	0.400615	0.558079	1.237501	0.808701	-0.995590	0.094016	-1.713652	-0.131062
-0.349006	-0.379383	-0.528369	-1.032457	-0.375776	-0.919987	-0.491230	-0.234510	-0.185277	-0.348840	-0.239872	-0.403594	-0.332618	0.109478	-0.178442	-0.040744	0.057973	0.151739	0.796067	0.135432	4.899110	2.492023	1.691648	2.838202	5.657065	1.725622	0.140866	-0.839927	-1.481133	-0.333961
-0.400890	-0.400674	-0.635370	-0.867448	-0.228963	-0.440011	-0.392376	-0.194311	-0.158395	-0.199561	-0.165603	-0.401305	-0.325059	0.137295	-0.131258	-0.029904	0.090187	0.159762	0.574118	0.123491	5.533219	2.173172	2.224996	4.665664	3.473960	1.990502	0.451119	-0.342238	-0.816175	-0.141992
-0.420499	-0.480396	-0.667076	-1.929430	-0.419657	-0.870053	-0.340355	-0.232788	-0.177000	-0.276143	-0.199569	-0.377549	-0.311604	0.114182	-0.158029	-0.033043	0.069162	0.173951	0.588944	0.130981	6.117496	1.518961	1.329284	3.822625	2.889926	1.474270	0.249395	0.044626	-0.890684	-0.145215
-0.179131	-0.261043	-0.251201	-0.449003	-0.916291	-1.318200	-3.060438	-0.588158	-0.373283	-1.503417	-0.521305	-0.468887	-0.439587	-0.020468	-0.482700	-0.116823	-0.212232	-0.093145	-2.067365	0.531471	-1.528130	-2.472309	-1.116709	-1.811902	-1.810765	-1.058871	-0.637670	-0.748525	-2.100702	-1.743611
-0.163665	-0.215917	-0.227006	-0.393677	-0.712335	-1.076351	-1.997208	-0.527702	-0.386771	-1.460471	-0.535481	-0.489356	-0.446003	-0.031674	-0.530266	-0.135722	-0.232750	-0.136965	-1.931251	1.130816	-1.363698	-2.734256	-0.983443	-1.617528	-1.605465	-0.936022	-0.660557	-0.346427	-1.600910	-1.211674
-0.210271	-0.302291	-0.304223	-0.637817	-1.061667	-2.193472	-1.924348	-0.504904	-0.334787	-1.234451	-0.481590	-0.463777	-0.418189	0.019467	-0.412263	-0.091663	-0.107439	0.124991	-0.467494	2.738287	-1.557635	-2.576575	-1.179020	-2.214310	-2.052527	-0.844880	-0.608711	-1.707052	-2.761247	-1.675552
-0.159968	-0.221224	-0.220296	-0.338928	-0.693744	-0.858969	-3.418896	-0.679678	-0.438693	-1.891692	-0.602491	-0.520770	-0.496416	-0.049860	-0.591188	-0.142946	-0.313615	-0.320135	-3.630414	-3.701840	-1.533521	-2.661735	-1.110577	-1.662574	-1.714273	-1.192884	-0.714677	0.140749	-1.547581	-1.573404
-0.212321	-0.327389	-0.306763	-0.590531	-1.124225	-1.964940	-3.428772	-0.607740	-0.359271	-1.434023	-0.518078	-0.477254	-0.442664	0.015865	-0.429769	-0.089707	-0.123857	0.108528	-1.385691	1.120946	-1.969986	-2.735987	-1.416009	-2.447881	-2.463265	-1.205752	-0.669001	-2.006930	-3.265652	-2.648049
-0.068898	0.005113	-0.072874	-0.036679	-0.096060	0.086388	-0.068528	-0.041682	-2.182269	-0.188331	-1.057616	-1.115204	-1.020717	-2.196753	-3.335219	-1.334803	-0.094780	0.288785	1.398207	0.433858	0.407853	2.412339	0.277845	0.265050	0.546107	-0.080761	0.436603	0.651617	1.253025	0.464020
-0.071870	-0.015588	-0.081099	-0.056788	-0.127256	0.044302	-0.103457	-0.273528	-1.709895	-0.705226	-0.884967	-0.915029	-0.678616	-0.900118	-2.065835	-1.562183	-1.268325	-0.548249	1.448958	0.364275	0.093607	3.001304	0.009760	0.022522	0.228870	-0.250140	0.081706	0.758921	1.794322	0.544770
-0.075061	-0.013153	-0.083859	-0.053668	-0.117604	0.054966	-0.152013	-0.239671	-1.783290	-0.631208	-1.083007	-0.995411	-0.870836	-1.336247	-1.710718	-1.361828	-0.687072	-0.240363	1.306219	0.384527	0.240442	2.896792	0.102491	0.110057	0.371713	-0.262574	0.051559	0.726573	1.493511	0.475939
-0.057611	0.012068	-0.059168	-0.031758	-0.091644	0.073900	0.036112	0.069714	-1.580431	0.044913	-0.518777	-0.830486	-0.388616	-2.725463	-4.785724	-1.704011	-0.059810	0.374443	1.321803	0.376278	0.264476	1.996313	0.197403	0.190259	0.379159	-0.000138	0.522771	0.572698	1.245976	0.467128
-0.587758	-0.632327	-0.973774	-3.013061	-0.226947	-0.263693	-0.102216	-0.190680	-0.144560	-0.105533	-0.106324	-0.323298	-0.267620	0.123872	-0.104976	-0.022935	0.085978	0.167816	0.318615	0.094925	3.276303	0.617986	0.901791	2.072347	-0.393396	0.908372	0.371437	1.087314	-0.143650	0.097814
-0.526762	-0.535822	-0.717095	-1.429503	-0.228166	-0.067743	-0.150662	-0.176566	-0.127654	-0.169945	-0.121419	-0.256351	-0.222746	0.081760	-0.107040	-0.031292	0.044051	0.110135	0.225398	0.073646	1.190425	0.303136	0.245482	0.668698	0.227089	0.445342	0.102024	0.349136	-0.576086	-0.102885
-0.363915	-0.481382	-0.538594	-1.385108	-1.195560	-0.958376	-0.386720	-0.259139	-0.179681	-0.399210	-0.227532	-0.312414	-0.271182	0.062666	-0.183958	-0.046049	0.008609	0.114531	0.303609	0.146139	0.791694	0.113110	-0.208670	-0.282241	0.632216	0.299754	-0.101587	-0.353231	-1.380853	-0.402861
-0.388201	-0.460354	-0.541142	-0.665455	-0.687936	-0.333887	-0.299728	-0.211899	-0.151754	-0.298321	-0.180682	-0.278444	-0.241538	0.063459	-0.150294	-0.041418	0.016779	0.095278	0.274310	0.094730	1.092850	0.272605	0.045470	0.248518	0.632021	0.374683	-0.030638	-0.019621	-0.997655	-0.279235
-0.395067	-0.439812	-0.560482	-0.897155	-0.476268	-0.657770	-0.315996	-0.210348	-0.156262	-0.284827	-0.182974	-0.309414	-0.262825	0.079878	-0.150029	-0.039176	0.034816	0.115615	0.405804	0.107180	2.358017	0.723776	0.430154	1.135225	1.389701	0.708617	0.046139	0.108174	-0.989749	-0.233067
-0.489046	-0.502749	-0.710477	-1.767729	-0.275829	-0.358434	-0.205630	-0.186843	-0.139939	-0.182182	-0.134352	-0.298826	-0.252588	0.097330	-0.117637	-0.030854	0.057944	0.130718	0.334677	0.093042	2.625437	0.665832	0.640777	1.581600	0.656560	0.780039	0.187794	0.454478	-0.584373	-0.082481
-0.165623	-0.102595	-0.216783	-0.111967	-0.127922	0.052111	-0.633634	-0.295637	-0.249322	-0.639295	-1.208655	-1.068387	-0.929975	0.239390	-0.235121	-0.110797	0.081069	-0.017932	-0.022460	0.305158	1.460756	-0.722091	0.402763	0.407554	1.153003	-0.362463	-1.966623	0.490722	-1.507185	0.025010
-0.130803	-0.162822	-0.174318	-0.241517	-0.513241	-0.473502	-2.377667	-0.645672	-0.478524	-1.889980	-0.611588	-0.527321	-0.505442	-0.119327	-0.717221	-0.205533	-0.508388	-0.899400	-4.267414	-3.739349	-1.171351	-1.991884	-0.856209	-1.193008	-1.216870	-0.934423	-0.630039	0.603245	-0.332574	-0.674569
-0.097385	-0.095017	-0.122879	-0.134413	-0.313016	-0.127884	-0.828875	-0.627440	-0.597447	-1.816675	-0.653704	-0.575443	-0.562033	-0.307594	-1.071162	-0.393007	-1.069315	-2.124687	-2.987620	-1.594533	-0.755788	-0.744592	-0.560627	-0.677864	-0.669416	-0.586237	-0.469287	0.907451	1.130789	0.507532
-0.121439	-0.143192	-0.157360	-0.172572	-0.407325	-0.187083	-2.207358	-0.835637	-0.573018	-2.450185	-0.713777	-0.587953	-0.600118	-0.177227	-0.855635	-0.246598	-0.812064	-1.533118	-3.791539	-6.097894	-1.094381	-1.476704	-0.803355	-1.005783	-1.026151	-0.911426	-0.660857	1.062172	0.373016	0.028151
-0.099092	-0.090336	-0.123586	-0.114722	-0.285498	-0.014771	-0.431006	-0.819875	-0.734225	-2.445805	-0.801013	-0.677565	-0.700229	-0.371719	-1.281089	-0.432506	-1.569979	-3.362902	-3.163061	-1.719445	-0.807398	-0.572106	-0.586425	-0.654884	-0.642311	-0.590462	-0.538616	1.257181	1.821801	1.163114
-0.096575	-0.079975	-0.120379	-0.111222	-0.263203	-0.006142	-0.411765	-0.815516	-0.840248	-2.474740	-0.875350	-0.757009	-0.755076	-0.452676	-1.576927	-0.508812	-1.768625	-4.708588	-3.257176	-1.278018	-0.768320	-0.176589	-0.569722	-0.611142	-0.574181	-0.575954	-0.520222	1.384506	2.495412	1.250635
-0.109213	-0.123157	-0.140781	-0.171999	-0.394790	-0.248724	-1.455213	-0.620481	-0.509632	-1.779666	-0.601003	-0.521273	-0.509862	-0.203238	-0.834774	-0.284044	-0.756728	-1.418082	-3.228417	-2.400984	-0.877801	-1.194845	-0.649018	-0.840307	-0.843110	-0.694769	-0.515893	0.728479	0.432927	0.015562
-0.150182	-0.041639	-0.179953	-0.023671	-0.074652	0.247682	-0.445812	-0.130671	0.029758	-0.095791	-1.637179	-1.709531	-1.249438	0.534815	0.137318	-0.027753	0.275709	0.181495	0.142016	0.449378	2.930587	-0.570321	1.481732	1.328323	2.738805	-0.188963	-0.964048	0.478086	-1.205028	0.170229
-0.137229	-0.058633	-0.167916	-0.069918	-0.106358	0.111259	-0.501091	-0.265560	-0.268001	-0.551911	-1.822453	-1.361984	-1.228523	0.223455	-0.241095	-0.162164	0.098473	-0.005893	0.036047	0.378704	1.499346	-0.774120	0.629006	0.592495	1.508908	-0.445532	-1.640953	0.593020	-0.967551	0.159645
-0.190607	-0.109556	-0.254788	-0.074215	-0.096662	0.178240	-0.567607	-0.199321	-0.094369	-0.249268	-1.032533	-1.110778	-0.879469	0.397482	-0.022283	-0.030913	0.206501	0.126800	0.076802	0.350852	2.285083	-0.637032	0.713816	0.818276	2.061497	0.299977	-1.510312	0.333506	-1.484689	0.045709
-0.304382	-0.481164	-0.452907	-1.593041	-3.781299	-2.459539	-0.747489	-0.329030	-0.207857	-0.564008	-0.277866	-0.314340	-0.284028	0.037798	-0.226275	-0.058187	-0.036780	0.084948	-0.059416	0.153574	-0.725818	-0.703915	-0.710630	-1.375743	-0.784320	-0.247345	-0.259608	-2.667270	-1.767153	-0.963130
-0.332287	-0.473172	-0.490383	-1.569333	-1.959339	-0.526736	-0.491231	-0.278333	-0.186854	-0.457036	-0.243028	-0.303976	-0.268527	0.048681	-0.198909	-0.051450	-0.012935	0.094975	0.163796	0.153280	-0.000818	-0.260616	-0.440496	-0.840604	-0.032216	0.043406	-0.174334	-1.371964	-1.507997	-0.580273
-0.068404	-0.019233	-0.078461	-0.058685	-0.149145	0.051878	0.173202	-0.356892	-1.129711	-0.705658	-0.734342	-0.846793	-0.629372	-1.044726	-2.910087	-1.242138	-2.683585	-1.060612	1.209212	0.485922	-0.154211	2.310595	-0.118514	-0.099506	0.027249	-0.114160	0.093450	0.903043	2.516251	0.879959
-0.485163	-0.453715	-0.906981	-0.378541	-0.094369	-0.015289	-0.299207	-0.135132	-0.120648	0.047517	0.010920	-0.405563	-0.317122	0.195943	-0.056318	-0.011364	0.145084	0.185829	0.345171	0.142289	0.402139	1.078128	2.341904	3.008423	0.251054	2.063650	1.102345	-0.156221	-0.011252	0.031021
-0.051865	0.014105	-0.053106	-0.030247	-0.093483	0.069842	0.133364	0.108438	-1.146142	0.194600	-0.344200	-0.691595	-0.150063	-2.035133	-4.296063	-2.429534	-0.164898	0.375777	1.345373	0.370421	0.163179	1.857142	0.137814	0.136456	0.280311	0.047127	0.529472	0.564374	1.365568	0.518127
-0.061032	-0.001467	-0.066271	-0.043669	-0.112943	0.056761	0.056731	-0.087457	-1.550084	-0.200988	-0.603334	-0.806777	-0.435641	-0.787825	-3.937885	-2.251065	-0.937016	-0.046923	1.499181	0.378906	0.098592	2.371123	0.062112	0.067013	0.229770	-0.065290	0.339585	0.667609	1.666137	0.567360
-0.317877	-0.271014	-0.518902	-0.146607	-0.096452	0.154003	-0.512024	-0.136650	-0.109842	0.054205	-0.050437	-0.635764	-0.478596	0.308774	-0.024637	-0.000609	0.205949	0.195407	0.258105	0.233857	1.453776	0.203758	0.555914	1.437816	1.536258	2.391841	1.185275	-0.162179	-0.921217	-0.034330
-0.077004	0.008308	-0.081820	-0.031754	-0.093080	0.129028	-0.107482	-0.080149	-2.734030	-0.199427	-2.166203	-1.393721	-2.346977	-1.638070	-2.462339	-1.116510	0.084898	0.395399	1.624789	0.567765	0.668011	2.846090	0.493181	0.455583	0.877891	-0.056353	0.640970	0.760451	1.324534	0.519415
-0.094499	-0.023320	-0.109578	-0.057939	-0.120367	0.103523	-0.329648	-0.522030	-1.262319	-1.080571	-2.724929	-1.249000	-1.899818	-0.663033	-1.265780	-0.865579	-0.441638	-0.427921	1.030669	0.575328	0.623536	3.647099	0.319647	0.324511	0.874348	-0.439128	-0.371959	0.955684	1.480751	0.511023
-0.061401	0.027458	-0.060173	-0.019094	-0.078648	0.123712	0.032122	0.209729	-2.119974	0.241439	-0.753644	-1.387600	-1.156656	-2.759532	-3.792848	-1.263745	0.442165	0.843813	1.590394	0.502354	0.533744	2.194580	0.442692	0.409953	0.690093	0.111976	1.087031	0.625312	1.222600	0.502034
-0.047708	0.035487	-0.044064	-0.014385	-0.071841	0.103217	0.137270	0.332261	-0.683934	0.482492	-0.081954	-0.741271	0.132924	-2.908828	-1.761490	-1.035608	0.593099	0.833452	1.351064	0.415513	0.346564	1.679637	0.309018	0.293887	0.464869	0.156889	0.938107	0.520695	1.132917	0.477472
-0.519801	-0.510339	-0.842052	-1.231459	-0.171797	-0.259916	-0.216699	-0.172284	-0.137166	-0.097669	-0.094317	-0.338452	-0.277231	0.132550	-0.098578	-0.023263	0.092795	0.160266	0.376987	0.105893	5.161899	1.018552	1.637800	3.594995	0.377021	1.286399	0.476271	0.269559	-0.236455	0.007994
-0.682031	-0.707811	-1.232640	-0.811832	-0.084721	-0.003987	-0.060540	-0.156719	-0.129197	0.040040	-0.018880	-0.328009	-0.264308	0.156226	-0.068233	-0.013236	0.118205	0.185219	0.270191	0.100591	0.724249	0.508416	1.391341	2.197691	-1.000007	0.946841	0.657437	0.763761	0.397691	0.190093
-0.067200	-0.014091	-0.076183	-0.050938	-0.148486	0.090249	0.560856	-0.365417	-1.147096	-0.384580	-0.778187	-0.907632	-0.763790	-1.590731	-3.656976	-1.793958	-2.760881	-1.412532	1.345475	0.857942	-0.193039	2.115055	-0.109578	-0.076446	0.036107	0.055696	0.142357	1.010615	2.982192	1.215321
-0.075538	-0.030150	-0.087329	-0.056604	-0.176338	0.123019	1.197237	-0.636689	-1.109252	-1.150489	-0.903736	-0.872663	-0.917736	-1.143793	-2.700555	-1.265288	-3.610548	-3.049670	-0.145486	1.147245	-0.405907	1.052317	-0.251288	-0.208821	-0.143234	0.006111	-0.168816	1.221190	3.235718	1.823527
-0.074731	-0.040922	-0.088925	-0.077433	-0.191325	0.011809	0.119636	-0.476556	-0.829175	-1.157988	-0.695492	-0.704515	-0.623078	-0.764289	-2.013302	-0.920848	-1.711047	-1.506466	-0.841801	0.014360	-0.384934	0.880515	-0.287789	-0.295325	-0.228748	-0.251599	-0.186154	0.936693	2.211373	0.934039
-0.082084	-0.051857	-0.098486	-0.080195	-0.212798	0.048733	0.431805	-0.667224	-0.885074	-1.701234	-0.811702	-0.749293	-0.754736	-0.709786	-1.917093	-0.805822	-2.346594	-3.147058	-1.380023	0.105073	-0.530230	0.459115	-0.373243	-0.374678	-0.325277	-0.267009	-0.313917	1.161428	2.572909	1.395116
-0.070748	-0.028245	-0.082094	-0.061110	-0.172522	0.067809	0.614946	-0.463406	-0.946116	-0.835665	-0.741626	-0.771605	-0.724996	-1.095540	-2.534902	-1.292392	-2.330839	-1.687528	-0.097565	0.563766	-0.337587	1.113744	-0.222372	-0.205009	-0.134324	-0.071651	-0.091617	1.004321	2.604131	1.260363
-0.694004	-0.795763	-1.904649	-0.161418	-0.035825	0.185495	-0.066885	-0.122681	-0.121558	0.222639	0.110222	-0.360823	-0.273807	0.205556	-0.033587	-0.000622	0.161110	0.215321	0.234583	0.122720	-3.626162	0.316860	0.771267	1.008498	-1.152469	0.904831	1.150210	0.145920	1.055377	0.258270
-0.049913	0.014113	-0.051464	-0.030111	-0.097540	0.071338	0.226496	0.116293	-0.933575	0.310144	-0.311185	-0.661148	-0.131263	-1.216313	-3.258507	-3.110921	-0.345487	0.341959	1.395485	0.394985	0.097480	1.805985	0.099530	0.103078	0.225299	0.081225	0.511702	0.586921	1.519485	0.590459
-0.052810	0.006140	-0.056502	-0.035729	-0.114199	0.072854	0.392982	0.010901	-0.866833	0.314038	-0.423346	-0.698661	-0.351166	-1.315857	-2.949984	-2.276388	-1.155507	-0.032988	1.335035	0.468038	-0.025034	1.737096	0.015424	0.027711	0.128136	0.092980	0.365103	0.681087	1.885462	0.770992
-0.061634	-0.007611	-0.068477	-0.048801	-0.127163	0.051204	0.137528	-0.164985	-1.176185	-0.287481	-0.594888	-0.776816	-0.461789	-0.814497	-2.973432	-1.438225	-1.712472	-0.457860	1.376088	0.390478	-0.026126	2.218553	-0.022413	-0.012535	0.119395	-0.065119	0.238895	0.733151	1.958357	0.683394
-0.365548	-0.505199	-0.513286	-1.885979	-1.627194	0.950568	-0.303519	-0.202478	-0.136012	-0.287697	-0.164032	-0.219658	-0.200612	0.037907	-0.138660	-0.043968	-0.012618	0.053452	0.034186	0.033378	-0.041209	-0.191895	-0.246965	-0.404088	-0.164636	-0.000859	-0.100416	-0.758823	-0.851756	-0.389207
-0.342588	-0.495174	-0.497293	-1.917460	-2.095985	1.182313	-0.416170	-0.245796	-0.163357	-0.380405	-0.206372	-0.260995	-0.234796	0.040505	-0.171939	-0.049152	-0.018030	0.067513	0.053415	0.074157	-0.129565	-0.284169	-0.373016	-0.670174	-0.222919	-0.025414	-0.146536	-1.191359	-1.166029	-0.518645
-0.289055	-0.422577	-0.402476	-1.475414	-2.820151	-0.125778	-0.471283	-0.225031	-0.151612	-0.368010	-0.192629	-0.232096	-0.211933	0.025285	-0.167726	-0.052493	-0.036283	0.031781	-0.022331	0.030311	-0.194259	-0.323460	-0.331532	-0.586572	-0.262284	-0.084288	-0.155850	-1.003206	-0.981804	-0.536745
-0.271112	-0.410528	-0.373269	-1.415846	-4.646479	-0.325284	-0.460799	-0.211460	-0.141508	-0.341502	-0.178598	-0.210151	-0.195263	0.018552	-0.157578	-0.052409	-0.043161	0.016970	-0.073534	-0.006780	-0.249572	-0.334864	-0.313496	-0.537832	-0.305771	-0.116211	-0.149051	-0.888855	-0.839769	-0.519702
-0.307610	-0.515359	-0.454823	-1.891086	-8.501854	-2.989725	-0.733232	-0.311584	-0.191711	-0.503648	-0.252682	-0.281869	-0.260415	0.030437	-0.205934	-0.057635	-0.044989	0.058688	-0.150931	0.033197	-0.722100	-0.653085	-0.633293	-1.154693	-0.767441	-0.286634	-0.237371	-2.241789	-1.446723	-0.972575
-0.267193	-0.430106	-0.374336	-1.488020	-7.274215	-0.716714	-0.541992	-0.230881	-0.150164	-0.372350	-0.191553	-0.216587	-0.203650	0.015897	-0.166968	-0.055467	-0.052105	0.013707	-0.127434	-0.028680	-0.372569	-0.412685	-0.371852	-0.635100	-0.415229	-0.173562	-0.168660	-1.032051	-0.884274	-0.618286
-0.277682	-0.429952	-0.394854	-1.518208	-5.067260	-0.880099	-0.614836	-0.258172	-0.169152	-0.436201	-0.219417	-0.250656	-0.230266	0.022188	-0.189517	-0.057539	-0.048609	0.030036	-0.090187	0.029222	-0.395081	-0.471893	-0.441989	-0.795374	-0.449898	-0.171585	-0.195720	-1.349378	-1.136628	-0.701921
-0.439435	-0.489598	-0.574579	0.218978	-0.376475	0.216706	-0.208182	-0.180180	-0.127479	-0.220788	-0.139534	-0.234647	-0.207890	0.059684	-0.119253	-0.036768	0.018834	0.081489	0.168038	0.061106	0.625770	0.119310	0.015553	0.149865	0.195634	0.250198	-0.004843	-0.084871	-0.729079	-0.213820
-0.551363	-0.528642	-0.661648	0.314945	0.013950	0.239707	-0.124946	-0.156417	-0.110614	-0.146032	-0.102527	-0.212654	-0.191254	0.068010	-0.091146	-0.030910	0.032870	0.087834	0.142281	0.052969	0.533621	0.112154	0.077979	0.272806	0.053252	0.248995	0.051483	0.000037	-0.523827	-0.135350
-0.409941	-0.545638	-0.591715	-1.328026	-1.292913	1.623902	-0.261699	-0.215083	-0.145213	-0.291657	-0.172424	-0.245493	-0.219907	0.050903	-0.142876	-0.041847	0.002148	0.078752	0.103375	0.061089	0.143590	-0.109119	-0.225981	-0.345092	-0.069220	0.088000	-0.077529	-0.601534	-0.939135	-0.336262
-0.116906	-0.029823	-0.137604	-0.048401	-0.101722	0.164129	-0.435549	-0.338817	-0.461518	-0.611123	-4.232782	-1.434573	-2.096478	0.258291	-0.355716	-0.259458	0.096716	-0.025636	0.171666	0.537136	1.535367	-0.695330	0.876380	0.773232	1.831502	-0.612401	-1.623849	0.813821	-0.450659	0.333765
-0.535113	-0.471819	-0.488642	2.108099	0.465398	0.260167	-0.114235	-0.132318	-0.092497	-0.118943	-0.082563	-0.172313	-0.161436	0.056556	-0.073991	-0.029646	0.025168	0.069028	0.090757	0.037130	0.262271	0.027867	0.020000	0.129281	-0.002195	0.147109	0.025233	-0.158627	-0.443803	-0.149221
-0.437861	-0.466531	-0.480278	1.564722	1.345938	0.296014	-0.143552	-0.131795	-0.090632	-0.142511	-0.092007	-0.155367	-0.148492	0.041323	-0.079653	-0.032292	0.007958	0.049521	0.044894	0.019655	0.088610	-0.056279	-0.064607	-0.048896	-0.058605	0.058857	-0.021972	-0.293948	-0.463176	-0.198887
-0.416545	-0.526492	-0.550680	-0.695991	0.962157	0.482482	-0.187263	-0.156059	-0.105219	-0.188628	-0.116549	-0.171801	-0.162521	0.037308	-0.098727	-0.036659	-0.002807	0.046817	0.020638	0.012877	-0.015465	-0.126650	-0.144706	-0.198500	-0.134088	0.011290	-0.054221	-0.458254	-0.567406	-0.268622
-0.393703	-0.465049	-0.493339	1.866018	-0.037636	0.439701	-0.212879	-0.162165	-0.112475	-0.208078	-0.125978	-0.192416	-0.176459	0.041863	-0.108891	-0.037696	0.001389	0.052626	0.069621	0.030316	0.167951	-0.054682	-0.098693	-0.114447	-0.019205	0.081464	-0.047595	-0.379077	-0.638145	-0.258224
-0.421702	-0.439692	-0.458778	2.752830	0.350815	0.272604	-0.171124	-0.143138	-0.100565	-0.165715	-0.104665	-0.179891	-0.165979	0.046403	-0.091963	-0.033940	0.011267	0.056138	0.084739	0.032397	0.255199	0.005490	-0.024967	0.028157	0.028461	0.122543	-0.015840	-0.245808	-0.537886	-0.200688
-0.058152	0.003050	-0.063123	-0.037366	-0.124033	0.097920	0.590983	-0.085000	-1.084485	0.395789	-0.596824	-0.863816	-0.605182	-1.968524	-3.995992	-2.474511	-1.986128	-0.146155	1.815814	0.733964	-0.069539	2.103587	-0.002563	0.024334	0.135078	0.166277	0.378145	0.845399	2.514966	1.040689
-0.041547	0.037887	-0.037650	-0.012783	-0.070809	0.096190	0.214820	0.377553	-0.235686	0.630952	0.073089	-0.526286	0.460366	-1.699169	-0.301750	-0.451036	0.648370	0.798033	1.276308	0.392874	0.252977	1.502550	0.243412	0.236871	0.366071	0.179442	0.843498	0.492700	1.154542	0.494964
-0.042429	0.031555	-0.040274	-0.017130	-0.079249	0.090622	0.279850	0.328574	-0.453356	0.668388	-0.040499	-0.562603	0.268448	-1.472425	-1.586307	-0.974386	0.427757	0.730193	1.377646	0.411781	0.174282	1.590339	0.181703	0.182294	0.298286	0.177222	0.742458	0.527183	1.333863	0.559853
-0.191662	-0.075527	-0.244757	0.006731	-0.059042	0.374805	-0.485849	-0.084725	0.098848	0.261073	-0.718020	-1.072060	-0.823600	0.641954	0.252399	0.053066	0.329152	0.242311	0.121095	0.430681	5.358830	-0.640424	2.015122	2.044607	3.313310	0.243583	-0.688849	0.234775	-1.298842	0.090886
-0.496637	-0.601615	-0.671889	-1.283871	2.433232	0.430663	-0.135274	-0.144039	-0.095953	-0.151126	-0.100158	-0.156364	-0.151900	0.040301	-0.082764	-0.033497	0.003679	0.051084	0.015815	0.010676	-0.046903	-0.121982	-0.128446	-0.158983	-0.150246	0.005071	-0.037476	-0.403323	-0.485328	-0.234686
-0.280092	-0.206612	-0.427540	-0.036838	-0.066068	0.324389	-0.492258	-0.089468	-0.044415	0.261105	0.164125	-0.716380	-0.520423	0.423320	0.080430	0.024708	0.265033	0.220371	0.154765	0.301577	2.137464	-0.504979	1.047298	1.453127	1.792706	1.110745	1.160576	-0.079216	-0.946618	0.011921
-0.036956	0.056481	-0.029668	-0.001441	-0.060255	0.124570	0.292191	0.644364	0.689207	1.023854	0.492615	-0.419317	1.237979	0.853428	2.331126	0.580878	1.344929	1.194940	1.401019	0.454089	0.321952	1.480466	0.332919	0.322914	0.449173	0.300835	1.240181	0.500393	1.182963	0.537576
-0.249464	-0.360822	-0.315917	-0.729852	-0.586565	-0.055610	-0.269325	-0.145925	-0.100336	-0.214218	-0.120034	-0.149318	-0.143339	0.015396	-0.107985	-0.042057	-0.030029	0.009575	-0.048315	-0.022351	-0.118892	-0.190271	-0.171419	-0.267078	-0.169382	-0.058678	-0.089358	-0.455508	-0.500353	-0.309556
-0.314920	-0.410853	-0.383316	-0.492660	5.857569	0.135886	-0.201427	-0.135127	-0.092620	-0.176305	-0.104863	-0.145644	-0.140375	0.025459	-0.091719	-0.036699	-0.012855	0.026512	-0.006247	-0.002713	-0.040984	-0.131628	-0.127902	-0.182055	-0.117438	-0.013328	-0.062172	-0.392424	-0.474609	-0.255374
-0.296501	-0.402608	-0.374568	-0.786093	2.304172	0.104387	-0.248720	-0.149664	-0.102744	-0.210234	-0.120620	-0.159741	-0.151506	0.023222	-0.106524	-0.040258	-0.019887	0.022742	-0.015159	-0.004982	-0.063306	-0.161256	-0.158759	-0.242425	-0.138248	-0.027394	-0.079868	-0.468314	-0.544470	-0.299124
-0.262638	-0.378219	-0.321877	-0.431433	2.929564	0.010129	-0.186928	-0.121629	-0.082724	-0.157531	-0.094373	-0.122171	-0.122514	0.017688	-0.082009	-0.035972	-0.019751	0.015746	-0.036324	-0.018641	-0.101925	-0.149142	-0.130959	-0.187733	-0.142222	-0.044813	-0.063795	-0.346827	-0.384305	-0.241808
-0.239289	-0.359447	-0.303211	-0.625569	-2.492573	-0.072305	-0.247341	-0.137982	-0.094152	-0.196531	-0.111878	-0.136804	-0.134126	0.013419	-0.099794	-0.040849	-0.030704	0.007530	-0.058465	-0.029403	-0.138461	-0.188192	-0.165099	-0.251628	-0.176551	-0.067181	-0.083918	-0.415332	-0.443553	-0.292604
-0.248634	-0.350966	-0.301535	-0.477498	3.555034	-0.006661	-0.210322	-0.125844	-0.086724	-0.173055	-0.100572	-0.129652	-0.127167	0.016506	-0.089691	-0.037501	-0.022503	0.012461	-0.035520	-0.018561	-0.088476	-0.151519	-0.134019	-0.197809	-0.135961	-0.041675	-0.069873	-0.362082	-0.413856	-0.252759
-0.391038	-0.504315	-0.503303	-0.716584	5.704403	0.266556	-0.173041	-0.140318	-0.094297	-0.165946	-0.103477	-0.149542	-0.145403	0.031751	-0.087442	-0.035358	-0.006098	0.037665	-0.000421	0.001982	-0.058888	-0.134735	-0.135366	-0.184491	-0.141474	-0.011941	-0.053429	-0.413649	-0.481904	-0.253272
-0.301198	-0.402883	-0.361228	-0.384364	8.230758	0.080812	-0.174195	-0.122148	-0.083195	-0.152091	-0.092567	-0.127566	-0.126632	0.022906	-0.080039	-0.034641	-0.012712	0.023393	-0.017176	-0.008491	-0.066607	-0.130431	-0.118237	-0.163312	-0.123234	-0.024598	-0.055764	-0.345220	-0.402798	-0.231803
-0.244143	-0.398176	-0.355539	-0.921684	-2.203270	-3.151870	-1.801153	-0.436963	-0.263286	-0.861511	-0.365902	-0.366211	-0.338132	0.020225	-0.304009	-0.075328	-0.086976	0.060953	-0.472389	0.207571	-1.294456	-1.363174	-0.992388	-1.824877	-1.482941	-0.625200	-0.416108	-2.891729	-2.275388	-1.897150
-0.232619	-0.395310	-0.335191	-0.674002	-1.505327	-3.289204	-3.671631	-0.562893	-0.308822	-1.113579	-0.439198	-0.411973	-0.389813	0.017179	-0.350460	-0.080413	-0.111571	0.062743	-0.842861	-0.171351	-1.694385	-1.731242	-1.229076	-2.098028	-1.900657	-0.964300	-0.537517	-2.965280	-2.733023	-3.444842
-0.278032	-0.518560	-0.406922	-0.726009	-1.460842	-8.088413	-3.443384	-0.587801	-0.296423	-0.962802	-0.426982	-0.411008	-0.388643	0.042049	-0.304698	-0.063035	-0.058483	0.134570	-0.574102	-0.128670	-1.952854	-1.520284	-1.389442	-2.375332	-2.002748	-1.013293	-0.531297	-4.408907	-3.015928	-4.716120
-0.240499	-0.417294	-0.347031	-0.531143	-1.071352	-3.085700	-7.423307	-0.723912	-0.358288	-1.390565	-0.529137	-0.479427	-0.455628	0.035741	-0.385302	-0.070724	-0.085351	0.154441	-0.986028	-0.201221	-2.293585	-2.175704	-1.647450	-2.701117	-2.535555	-1.425277	-0.709358	-3.523114	-3.915640	-7.289450
-0.266220	-0.466927	-0.390407	-1.007501	-2.507312	-5.736433	-1.935402	-0.456114	-0.257662	-0.811189	-0.358413	-0.358254	-0.335427	0.026689	-0.282606	-0.069206	-0.075225	0.075171	-0.465971	-0.012037	-1.410045	-1.251300	-1.040942	-1.861877	-1.518599	-0.674971	-0.407251	-3.517942	-2.275889	-2.328467
-0.147685	-0.202470	-0.197812	-0.249172	-0.565751	-0.479365	-4.093887	-0.812903	-0.482578	-2.204824	-0.651363	-0.540201	-0.540074	-0.082510	-0.647958	-0.162738	-0.454633	-0.606393	-3.187403	-7.480865	-1.382783	-2.039912	-1.018498	-1.391081	-1.429692	-1.160359	-0.720956	0.611997	-0.985304	-1.432966
-0.259931	-0.395251	-0.347862	-1.152250	-5.607948	-0.185365	-0.362136	-0.178447	-0.120195	-0.273944	-0.148147	-0.176396	-0.167338	0.015311	-0.131853	-0.047873	-0.039406	0.009810	-0.074883	-0.026860	-0.201706	-0.266556	-0.242569	-0.396008	-0.249759	-0.097106	-0.118791	-0.643420	-0.638359	-0.413654
-0.296104	-0.426444	-0.396747	-1.373025	-3.105000	0.063797	-0.324753	-0.178084	-0.120482	-0.264699	-0.146518	-0.184126	-0.172490	0.022748	-0.128470	-0.045262	-0.028175	0.023317	-0.032788	-0.004826	-0.134509	-0.227360	-0.225729	-0.367820	-0.204106	-0.059508	-0.107564	-0.649220	-0.677744	-0.386816
-0.424439	-0.405340	-0.811943	-0.105954	-0.063757	0.248878	-0.369926	-0.090941	-0.097030	0.270238	0.250011	-0.498758	-0.362694	0.293874	0.006485	0.009757	0.212327	0.221308	0.244320	0.202680	0.018697	0.225197	-0.849456	1.235509	0.863452	2.041886	2.350354	-0.281202	-0.046993	0.048158
-0.545745	-0.661147	-1.343262	0.081886	-0.015822	0.482640	-0.218480	-0.043029	-0.092998	0.524378	0.493757	-0.425743	-0.284057	0.304196	0.038376	0.021439	0.228757	0.245432	0.184766	0.189103	-1.080325	-0.086719	-2.462074	0.822028	0.211502	0.489830	2.497799	-0.404842	0.807305	0.146032
-0.037858	0.038668	-0.034825	-0.011872	-0.077148	0.102295	0.462353	0.448142	-0.194676	1.083587	0.044515	-0.508702	0.298814	-1.673332	-2.048527	0.259641	0.614000	0.753955	1.356615	0.455876	0.119736	1.416911	0.159254	0.168150	0.255816	0.252458	0.727275	0.534776	1.431537	0.652776
-0.043931	0.023882	-0.043804	-0.022002	-0.091988	0.087790	0.434857	0.248882	-0.584228	0.768070	-0.186097	-0.599686	-0.051003	-1.483130	-2.716643	-1.874102	-0.135903	0.459272	1.363150	0.453876	0.060151	1.538728	0.097728	0.107775	0.200692	0.183827	0.558196	0.582963	1.586801	0.690044
-0.351551	-0.486713	-0.477617	-1.726218	-1.843385	0.410009	-0.268243	-0.176231	-0.118482	-0.242441	-0.140086	-0.187176	-0.174950	0.031058	-0.119918	-0.041870	-0.015915	0.038363	-0.001456	0.008382	-0.083381	-0.187605	-0.206161	-0.323905	-0.177965	-0.026226	-0.088449	-0.620511	-0.677225	-0.348554
-0.096682	-0.010324	-0.108902	-0.041058	-0.100612	0.150045	-0.294393	-0.315540	-1.087905	-0.555547	-4.767663	-0.832819	-2.773192	-0.244128	-0.901720	-0.570258	0.019558	-0.049808	0.795271	0.597753	1.043505	1.486955	0.685693	0.617421	1.326963	-0.344872	-0.548698	0.861135	0.715593	0.462230
-0.354259	-0.675377	-0.533326	-2.334821	-5.618996	-3.641079	-0.644797	-0.332291	-0.190495	-0.462119	-0.250303	-0.276728	-0.261719	0.036989	-0.189039	-0.053479	-0.036544	0.072489	-0.192643	-0.041382	-0.889988	-0.662658	-0.684065	-1.184513	-0.872322	-0.366371	-0.238900	-2.287472	-1.378314	-1.120645
-0.290777	-0.522961	-0.421057	-1.660813	-7.536569	-1.960536	-0.747048	-0.292211	-0.175959	-0.449775	-0.229904	-0.247758	-0.236535	0.020057	-0.187662	-0.058984	-0.058494	0.029483	-0.210989	-0.062858	-0.654681	-0.579954	-0.533760	-0.906999	-0.670873	-0.299537	-0.218006	-1.543385	-1.112373	-0.942526
-0.682733	-0.515058	-0.606180	0.550400	0.310130	0.225358	-0.072753	-0.132818	-0.093488	-0.086279	-0.068804	-0.182993	-0.170269	0.071078	-0.065560	-0.026708	0.040398	0.087326	0.110958	0.047142	0.317397	0.063576	0.076836	0.260644	-0.034143	0.198254	0.076183	-0.052847	-0.382932	-0.102492
-0.606495	-0.491904	-0.669199	-0.326918	0.056623	0.059671	-0.108961	-0.140600	-0.102544	-0.096981	-0.075228	-0.215922	-0.192706	0.081999	-0.074956	-0.027024	0.049952	0.099488	0.171525	0.062477	0.763051	0.220522	0.249678	0.600391	0.093749	0.361363	0.129321	0.114926	-0.395198	-0.077553
-0.667462	-0.553657	-0.924989	-0.760852	-0.010844	-0.004783	-0.092741	-0.144161	-0.108617	-0.059641	-0.058803	-0.246803	-0.213948	0.104522	-0.070641	-0.023352	0.071189	0.125189	0.212411	0.077091	1.117235	0.341871	0.488092	1.060875	-0.001627	0.534996	0.252375	0.309699	-0.253897	-0.007703
-0.097290	0.011341	-0.101589	-0.016187	-0.071185	0.182555	-0.235106	0.013303	-0.168648	-0.041100	-2.269993	-3.835200	-1.945227	0.154407	-0.091948	-0.235489	0.318880	0.267512	0.528987	0.484210	1.440513	0.348377	1.039437	0.883158	1.553881	-0.196149	-0.993028	0.589305	-0.066900	0.320857
-0.949287	-0.467697	-0.553766	0.255683	0.326375	0.175104	-0.023051	-0.117293	-0.083712	-0.021704	-0.032954	-0.172179	-0.163963	0.085588	-0.042702	-0.022086	0.057194	0.101158	0.109767	0.054297	0.198432	0.056366	0.110993	0.344316	-0.088485	0.201439	0.133622	-0.022264	-0.254925	-0.056109
-0.482236	-0.964121	-0.762662	-5.811348	-0.395646	1.442915	-0.194856	-0.283241	-0.164142	-0.316675	-0.203417	-0.248522	-0.235649	0.050011	-0.146096	-0.043519	-0.008630	0.088012	-0.100069	-0.022985	-0.714685	-0.481954	-0.549117	-0.910991	-0.681350	-0.259748	-0.164219	-1.640050	-1.061193	-0.691002
-0.065059	0.041104	-0.059405	-0.006108	-0.062047	0.151812	-0.032003	0.289221	-0.178101	0.289083	-0.628083	-3.607153	-1.428980	-0.604890	-0.414280	-0.488346	0.557233	0.628835	0.987274	0.461215	0.824469	1.217337	0.685435	0.606901	0.936374	0.107462	0.665510	0.536883	0.634966	0.395658
-0.088305	-0.051683	-0.104564	-0.066439	-0.204991	0.167591	1.526430	-0.981273	-1.118949	-2.680463	-1.066448	-0.907115	-1.013188	-0.734650	-2.124975	-0.700206	-4.096409	-5.895440	-1.346735	1.302536	-0.608857	0.492289	-0.401775	-0.347849	-0.301998	-0.163359	-0.441146	1.561434	3.682313	2.529037
-0.095417	-0.051273	-0.110661	-0.046303	-0.191157	0.338606	3.712596	-1.522121	-1.329046	-4.974133	-1.382141	-1.062976	-1.291717	-0.586186	-2.019016	-0.376671	-5.697779	-4.333065	-1.130712	1.746613	-0.687508	0.295578	-0.426808	-0.290797	-0.269384	-0.015421	-0.668433	1.989672	4.827184	4.621086
-0.097257	-0.075691	-0.117112	-0.078247	-0.238105	0.160798	1.305808	-1.099050	-0.891473	-3.227574	-0.968910	-0.781999	-0.882329	-0.442957	-1.444722	-0.455217	-2.489395	-3.470500	-2.120727	-0.931401	-0.773699	-0.314535	-0.535895	-0.523217	-0.516870	-0.435011	-0.591747	1.516404	2.554303	2.481860
-0.196115	-0.314531	-0.273606	-0.388614	-0.847732	-1.343423	-8.296062	-0.773110	-0.398509	-1.725481	-0.576171	-0.496238	-0.483847	-0.003304	-0.466279	-0.098173	-0.194827	-0.021142	-1.641166	-1.440875	-1.847038	-2.234740	-1.355727	-2.051133	-2.043693	-1.371578	-0.734463	-1.020539	-2.819314	-4.508574
-0.176926	-0.263094	-0.245917	-0.374266	-0.791472	-1.068252	-5.033449	-0.730905	-0.420508	-1.864979	-0.593545	-0.510698	-0.492758	-0.025470	-0.529611	-0.118596	-0.252447	-0.151248	-2.535596	-3.639341	-1.707075	-2.556519	-1.246793	-1.881891	-1.937460	-1.316360	-0.734539	-0.304451	-2.254006	-2.371495
-0.116872	-0.121728	-0.146993	-0.118210	-0.314604	0.096973	-1.112087	-1.170260	-0.742221	-3.613696	-0.918067	-0.718412	-0.777727	-0.232326	-1.070338	-0.266389	-1.307013	-2.312156	-3.356324	-5.259546	-1.081028	-1.162438	-0.787038	-0.864402	-0.886884	-0.894318	-0.782175	1.668910	1.437401	1.670338
-0.046553	0.061828	-0.036255	0.003762	-0.052114	0.146057	0.102856	0.540610	0.434844	0.631389	0.387977	-0.974133	0.147660	-0.788811	0.221754	-0.486868	0.936203	0.905940	1.096395	0.437364	0.607173	1.245729	0.557975	0.508440	0.709865	0.247863	1.253556	0.479274	0.798942	0.423157
-0.043699	0.091055	-0.025534	0.022079	-0.036319	0.184989	0.089625	0.676672	0.924981	0.730155	0.773833	-0.384101	-0.141485	-0.297822	0.634490	-0.296322	0.976582	0.810405	0.874819	0.437996	0.812356	0.865759	0.777642	0.690928	0.876417	0.320186	1.129240	0.433368	0.541978	0.380545
-0.076019	0.055252	-0.064212	0.011904	-0.044230	0.194040	-0.101558	0.263001	0.302635	0.315604	-0.526015	-6.355407	-1.139101	0.140797	0.303689	-0.163900	0.491242	0.433884	0.576976	0.418302	1.250433	0.461227	1.033989	0.882699	1.241776	0.077814	-0.208553	0.429672	0.072314	0.287385
-0.254417	-0.391152	-0.323989	-0.535526	-1.309288	-0.037321	-0.211476	-0.131064	-0.088205	-0.173857	-0.102931	-0.126781	-0.127496	0.015163	-0.088970	-0.038547	-0.026267	0.012207	-0.054830	-0.027985	-0.144278	-0.177321	-0.155531	-0.228998	-0.174994	-0.066238	-0.074593	-0.384705	-0.401961	-0.272284
-0.799330	-1.013227	-1.726484	0.325159	-0.101620	0.287826	0.208028	-0.190172	-0.146035	0.050621	-0.051481	-0.328258	-0.264949	0.151955	-0.079123	-0.011843	0.117078	0.202474	0.198029	0.077113	-0.533985	0.114084	0.396231	0.821048	-1.140692	0.440016	0.469977	2.161908	0.452316	0.410304
-0.865365	-1.676212	-2.008704	1.642421	0.008985	0.805586	0.815590	-0.227998	-0.166648	0.179309	-0.063806	-0.354439	-0.278208	0.172695	-0.074161	-0.003652	0.141102	0.235421	0.089225	0.047999	-0.909514	-0.307781	-0.087693	0.274707	-0.832519	-0.120731	0.292728	-0.384150	0.256677	0.628791
-0.240196	-0.424245	-0.335238	-1.057916	-4.555120	-1.094492	-0.722065	-0.259663	-0.161742	-0.417768	-0.209512	-0.220013	-0.213086	0.006886	-0.180833	-0.062459	-0.074547	-0.003593	-0.229079	-0.101164	-0.514610	-0.501663	-0.426145	-0.700187	-0.532108	-0.259559	-0.197018	-1.026057	-0.862914	-0.778297
-0.223377	-0.369655	-0.301851	-0.904113	-6.166009	-0.484083	-0.468548	-0.197132	-0.130163	-0.314526	-0.163850	-0.180097	-0.173929	0.005917	-0.147441	-0.054687	-0.059810	-0.007731	-0.148093	-0.068591	-0.312284	-0.343678	-0.290328	-0.470449	-0.338881	-0.159413	-0.143620	-0.678731	-0.636283	-0.500576
-0.230242	-0.421027	-0.313443	-0.785941	-5.578326	-0.468225	-0.471441	-0.208098	-0.131496	-0.307321	-0.166094	-0.175885	-0.176031	0.005628	-0.141901	-0.055623	-0.063422	-0.004180	-0.169765	-0.091558	-0.374044	-0.356457	-0.307374	-0.478305	-0.377269	-0.189128	-0.146149	-0.657327	-0.593915	-0.538432
-0.263615	-0.501383	-0.370045	-1.077059	-4.161381	-0.921359	-0.669751	-0.266356	-0.159675	-0.392034	-0.206887	-0.215957	-0.213507	0.011341	-0.168828	-0.059914	-0.068057	0.009115	-0.218653	-0.107583	-0.550567	-0.485993	-0.433528	-0.692120	-0.545234	-0.272782	-0.192691	-1.008606	-0.829179	-0.800583
-0.219525	-0.379070	-0.299564	-0.865206	-4.594373	-0.667599	-0.569133	-0.220620	-0.142162	-0.354300	-0.181186	-0.192305	-0.187326	0.003188	-0.161303	-0.059384	-0.071041	-0.012661	-0.192834	-0.094946	-0.392103	-0.403513	-0.336718	-0.543033	-0.410211	-0.202568	-0.164316	-0.754916	-0.685498	-0.595791
-0.223570	-0.379491	-0.300153	-0.803250	-9.627573	-0.354886	-0.398378	-0.181998	-0.119575	-0.276348	-0.148861	-0.163933	-0.161274	0.006397	-0.131942	-0.051535	-0.054764	-0.004838	-0.134094	-0.068262	-0.287577	-0.303738	-0.259396	-0.408931	-0.306314	-0.145148	-0.127054	-0.584517	-0.551547	-0.444485
-0.235964	-0.391296	-0.325368	-1.088913	-5.218241	-0.767087	-0.582220	-0.227026	-0.147585	-0.372516	-0.188660	-0.205461	-0.196087	0.007756	-0.167880	-0.058525	-0.064807	-0.004161	-0.172931	-0.066602	-0.390844	-0.422128	-0.357752	-0.595727	-0.422384	-0.196004	-0.171164	-0.887406	-0.787827	-0.620907
-0.244588	-0.391875	-0.330197	-1.061524	-8.220076	-0.330123	-0.399794	-0.185420	-0.123213	-0.286678	-0.153229	-0.175305	-0.168362	0.011169	-0.136319	-0.050375	-0.047860	0.002770	-0.109131	-0.046075	-0.261148	-0.301832	-0.264915	-0.429810	-0.295708	-0.128323	-0.128532	-0.661071	-0.626884	-0.450322
-0.302390	-0.570245	-0.445753	-1.321316	-3.387141	-6.474685	-1.252528	-0.401126	-0.222994	-0.617348	-0.303588	-0.313993	-0.297688	0.031011	-0.231148	-0.061428	-0.057888	0.069803	-0.321512	-0.076880	-1.152113	-0.902578	-0.856058	-1.486939	-1.152419	-0.526827	-0.322248	-2.836488	-1.745260	-1.774113
-0.035460	0.073250	-0.023467	0.008942	-0.046441	0.141669	0.192945	0.699782	1.181250	0.875823	0.923854	-0.048049	1.463909	-0.719266	0.883968	-0.287546	1.277044	1.000683	1.088375	0.417962	0.482433	1.160271	0.473199	0.442148	0.582108	0.303806	1.325004	0.443922	0.852058	0.438747
-0.143163	0.001143	-0.151898	0.020245	-0.042554	0.290321	-0.309233	0.026870	0.187643	0.257301	-0.463068	-1.343682	-0.872902	0.542269	0.344370	0.002036	0.334191	0.264484	0.248488	0.406770	2.813289	-0.235226	1.849390	1.563066	2.194691	-0.009528	-0.384459	0.308258	-0.751279	0.151613
-0.103082	0.115839	-0.067000	0.082992	-0.009932	0.384491	-0.169136	0.207772	0.422126	0.679108	1.758273	-0.055599	-0.409446	0.762919	0.765024	0.048824	0.429926	0.392101	0.356448	0.441395	2.532242	-0.052596	2.383131	1.901726	1.879077	0.094347	-0.147145	0.261980	-0.404767	0.176309
-0.102817	0.054525	-0.088232	0.031420	-0.031025	0.253133	-0.180681	0.160606	0.303466	0.345597	-0.325913	-1.891716	-0.846616	0.443930	0.455328	-0.037430	0.394925	0.329795	0.366919	0.393330	1.874100	0.057189	1.482296	1.245394	1.599896	0.047614	-0.354003	0.326083	-0.339912	0.197612
-0.113015	0.007913	-0.117895	-0.006219	-0.059386	0.208546	-0.271067	0.024035	0.072647	0.057240	-1.341416	-2.937371	-1.313000	0.359690	0.171824	-0.098652	0.322908	0.250109	0.343463	0.427580	1.857239	-0.033462	1.278175	1.080215	1.782225	-0.146927	-0.832181	0.458831	-0.472234	0.228568
-0.535046	-0.488871	-0.515847	1.554503	1.495699	0.236488	-0.093640	-0.116094	-0.078813	-0.098360	-0.070138	-0.135479	-0.135217	0.045501	-0.059775	-0.028460	0.016406	0.054940	0.040016	0.020416	0.045757	-0.055577	-0.046408	-0.007218	-0.076555	0.051418	-0.001044	-0.246856	-0.372796	-0.163032
-0.619157	-0.433666	-0.268469	1.449962	0.871792	0.204947	-0.069249	-0.109736	-0.075077	-0.070876	-0.055599	-0.135915	-0.136472	0.054766	-0.049712	-0.026001	0.027980	0.065608	0.059128	0.030156	0.093493	-0.022172	-0.003227	0.083194	-0.056711	0.086345	0.028999	-0.185344	-0.334349	-0.130412
-0.590203	-0.607731	-0.754607	-0.016053	2.373638	0.266496	-0.089041	-0.122812	-0.081806	-0.104793	-0.076461	-0.134236	-0.135815	0.043188	-0.062074	-0.029537	0.011938	0.053690	0.020918	0.013500	-0.035575	-0.095952	-0.087056	-0.078390	-0.124953	0.014595	-0.015012	-0.305732	-0.383935	-0.186188
-0.962251	-0.459752	-0.471002	0.468458	0.550985	0.221936	-0.022719	-0.117913	-0.081443	-0.041389	-0.045759	-0.154318	-0.151926	0.072332	-0.045049	-0.023874	0.044088	0.087759	0.078370	0.041767	0.086488	-0.009937	0.021758	0.164211	-0.103922	0.118574	0.075088	-0.133170	-0.302373	-0.095999
-0.736880	-1.119763	-3.013684	0.296663	0.022367	0.532452	0.005346	-0.075394	-0.112933	0.467631	0.284738	-0.363634	-0.252422	0.249672	0.008360	0.012921	0.197080	0.238988	0.164573	0.139655	-2.786512	-0.065327	-1.461588	0.104497	-0.622221	0.135943	1.330764	-0.367232	1.284227	0.279755
-0.133855	-0.170534	-0.173717	-0.174317	-0.430591	-0.149241	-3.719275	-0.960647	-0.551655	-2.604281	-0.727736	-0.584374	-0.609717	-0.126263	-0.746948	-0.194248	-0.671334	-0.931081	-2.884489	-6.571691	-1.232809	-1.607883	-0.910068	-1.136946	-1.168516	-1.061477	-0.736432	1.041145	-0.220334	-0.445558
-0.162390	-0.240582	-0.216109	-0.231329	-0.559212	-0.421250	-9.109382	-0.913462	-0.460009	-2.122249	-0.648227	-0.529217	-0.541360	-0.049896	-0.560646	-0.131327	-0.367438	-0.288659	-1.950013	-3.101688	-1.481797	-1.820094	-1.102499	-1.482413	-1.496075	-1.238998	-0.750654	0.314491	-1.533289	-2.802110
-0.710420	-0.583517	-0.846346	-0.709337	1.509643	0.210961	-0.060562	-0.111709	-0.074481	-0.074900	-0.061013	-0.124151	-0.129315	0.048119	-0.049137	-0.026954	0.019980	0.059355	0.029752	0.019232	-0.022779	-0.078107	-0.059810	-0.022447	-0.109271	0.026962	0.003559	-0.254435	-0.332646	-0.156620
-1.300621	-0.451584	-2.141667	-0.788085	0.776332	0.207824	-0.004311	-0.113283	-0.076499	-0.031653	-0.043555	-0.135672	-0.140450	0.067563	-0.037768	-0.023798	0.039770	0.082933	0.053455	0.034444	-0.026381	-0.061060	-0.029199	0.068689	-0.130968	0.057200	0.050228	-0.204688	-0.290730	-0.115711
-0.236582	-0.421976	-0.316302	-0.648707	-10.967686	-0.211875	-0.308211	-0.166093	-0.107540	-0.229025	-0.131682	-0.145559	-0.148095	0.009175	-0.111405	-0.047180	-0.045883	0.003575	-0.112746	-0.060793	-0.267089	-0.261894	-0.228147	-0.344491	-0.274368	-0.130352	-0.107845	-0.492971	-0.464367	-0.384675
-0.220691	-0.366185	-0.289117	-0.632305	-9.497364	-0.187749	-0.294551	-0.152647	-0.101924	-0.220693	-0.123944	-0.140798	-0.140455	0.008225	-0.109479	-0.045435	-0.043248	-0.000248	-0.097952	-0.051902	-0.214883	-0.235838	-0.202180	-0.309665	-0.234648	-0.106799	-0.100173	-0.454716	-0.449899	-0.344319
-0.246949	-0.386007	-0.325663	-0.885370	-9.355700	-0.157320	-0.310022	-0.160337	-0.107735	-0.236219	-0.130980	-0.154798	-0.150326	0.012741	-0.116212	-0.045255	-0.038314	0.006158	-0.080592	-0.037372	-0.195859	-0.238768	-0.211335	-0.332595	-0.231532	-0.095013	-0.103721	-0.525813	-0.525379	-0.362264
-0.236397	-0.376579	-0.305941	-0.620836	-6.513123	-0.107809	-0.252848	-0.141838	-0.095305	-0.198387	-0.113879	-0.134697	-0.134303	0.011794	-0.099883	-0.041923	-0.034453	0.006076	-0.074290	-0.038327	-0.176341	-0.205785	-0.178975	-0.270935	-0.202852	-0.084933	-0.087767	-0.424591	-0.431529	-0.307804
-0.575373	-0.754244	-0.839467	0.359630	3.659056	0.287300	-0.104975	-0.139304	-0.090574	-0.129863	-0.092957	-0.141066	-0.142956	0.039125	-0.072292	-0.032576	0.003030	0.050574	-0.006166	0.002084	-0.133415	-0.151840	-0.146275	-0.183960	-0.189812	-0.032882	-0.040233	-0.411305	-0.430866	-0.238501
-0.293273	-0.406150	-0.351036	-0.279548	6.165793	0.051165	-0.149520	-0.112431	-0.075902	-0.131990	-0.083022	-0.113093	-0.116188	0.021459	-0.069995	-0.032925	-0.012008	0.022464	-0.023621	-0.011573	-0.085813	-0.128832	-0.111581	-0.149319	-0.126441	-0.032807	-0.050421	-0.309393	-0.348670	-0.213476
-0.351905	-0.509425	-0.443907	-0.211171	2.178497	0.061407	-0.125069	-0.114377	-0.075402	-0.119167	-0.080697	-0.109367	-0.116533	0.024473	-0.063549	-0.032381	-0.009031	0.028860	-0.027080	-0.011523	-0.121155	-0.140077	-0.120922	-0.156301	-0.148443	-0.044902	-0.047670	-0.316542	-0.333731	-0.216170
-0.388486	-0.487999	-0.470289	-0.192717	8.175358	0.135628	-0.126648	-0.115826	-0.077475	-0.121365	-0.080366	-0.119760	-0.122871	0.029545	-0.066055	-0.031454	-0.002610	0.034523	-0.006043	-0.001246	-0.067953	-0.116888	-0.103613	-0.126504	-0.123404	-0.016403	-0.038772	-0.315476	-0.365220	-0.205748
-0.289749	-0.428851	-0.359187	-0.293656	2.122209	0.027273	-0.149511	-0.114617	-0.076552	-0.132812	-0.084735	-0.110646	-0.115625	0.019885	-0.069839	-0.033715	-0.014974	0.021151	-0.034479	-0.016870	-0.116368	-0.143232	-0.123560	-0.167745	-0.145213	-0.047501	-0.054562	-0.317822	-0.339953	-0.222973
-0.444947	-0.598857	-0.577772	-0.166097	4.202795	0.115504	-0.108615	-0.117854	-0.077246	-0.112516	-0.079590	-0.115091	-0.122020	0.030420	-0.061521	-0.031458	-0.002452	0.037464	-0.016162	-0.004579	-0.116441	-0.136106	-0.119237	-0.146707	-0.151577	-0.036572	-0.040537	-0.328361	-0.348847	-0.213252
-0.056245	0.006025	-0.060218	-0.031308	-0.125376	0.120597	1.099485	-0.085147	-1.011109	0.840966	-0.601550	-0.802937	-0.724020	-2.272160	-3.827577	-2.966161	-2.360661	-0.491222	1.139317	0.834309	-0.148534	1.406092	-0.041119	-0.005091	0.065184	0.237350	0.236437	0.856349	2.467156	1.288509
-0.061775	-0.001770	-0.067037	-0.032852	-0.137728	0.145791	1.636299	-0.299612	-1.094696	0.482331	-0.743052	-0.829932	-0.889459	-1.778211	-3.192017	-2.401558	-3.575953	-1.236450	0.690686	1.005473	-0.245892	1.097474	-0.106562	-0.058407	-0.005825	0.233140	0.063304	0.971537	2.700091	1.655241
-0.054768	0.022014	-0.055234	-0.014159	-0.111915	0.189759	2.140161	-0.008359	-1.280259	2.349647	-0.718521	-0.912236	-1.060236	-2.749240	-4.039169	-4.537422	-4.600673	-0.525745	1.229516	1.136522	-0.151895	1.190545	-0.003165	0.062393	0.106445	0.467418	0.244882	0.927189	2.694707	1.768488
-0.338616	-0.660820	-0.497611	-2.002492	-5.410118	-0.985069	-0.577426	-0.288905	-0.168249	-0.391875	-0.217629	-0.238228	-0.231067	0.027516	-0.166924	-0.053892	-0.044931	0.045369	-0.183080	-0.068262	-0.669905	-0.530335	-0.521422	-0.857490	-0.654305	-0.297689	-0.200541	-1.435664	-1.024072	-0.890438
-0.269572	-0.153859	-0.371895	0.072064	-0.023952	0.483735	-0.382163	0.010881	0.041434	0.627776	1.318599	-0.503478	-0.346151	0.509029	0.225753	0.051649	0.307262	0.260266	0.154419	0.329767	2.736702	-0.465710	1.226119	1.815752	1.823129	0.318750	0.603126	-0.117723	-0.671025	0.029160
-0.353674	-0.298879	-0.540850	0.172437	0.006827	0.649931	-0.298449	0.072758	-0.005723	0.871795	1.703975	-0.383538	-0.189660	0.454206	0.195101	0.052053	0.294773	0.270267	0.146978	0.284433	1.018349	-0.415251	0.731153	1.653873	1.154004	-0.084893	1.529999	-0.332292	-0.236007	0.014085
-0.037500	0.034229	-0.035613	-0.012641	-0.085663	0.104788	0.769014	0.351646	-0.408975	1.289104	-0.138571	-0.505360	-0.148920	-1.782128	-2.386334	-2.391748	-0.311219	0.248124	0.991250	0.467526	-0.003423	1.058280	0.069264	0.088959	0.141346	0.253697	0.437901	0.553565	1.505596	0.798341
-0.045864	0.028553	-0.045235	-0.014616	-0.099632	0.138607	1.248187	0.253619	-0.860658	1.853755	-0.401068	-0.727129	-0.614329	-3.125239	-3.933372	-4.996700	-1.696153	0.034824	1.207338	0.731574	-0.066678	1.209440	0.039989	0.077616	0.130451	0.350707	0.389301	0.723045	2.064082	1.175924
-0.047452	0.014835	-0.049312	-0.027427	-0.106841	0.087432	0.620487	0.115852	-0.693979	0.743424	-0.338235	-0.632875	-0.333511	-1.719340	-2.936668	-2.126949	-0.992504	0.015427	1.124820	0.498539	-0.043568	1.362612	0.020848	0.037422	0.112157	0.171927	0.364514	0.647635	1.795786	0.842956
-0.040693	0.026592	-0.040090	-0.019000	-0.090652	0.090046	0.566022	0.272468	-0.455034	0.940440	-0.161322	-0.530716	-0.089258	-1.394647	-2.347016	-2.017213	-0.256329	0.291765	1.103291	0.439671	0.016590	1.243472	0.071279	0.084608	0.154553	0.201685	0.463835	0.559621	1.519401	0.725286
-0.552721	-0.806599	-0.794770	0.094709	1.752158	0.165557	-0.103996	-0.136946	-0.087946	-0.125395	-0.092085	-0.131273	-0.137107	0.035337	-0.068748	-0.033155	-0.001368	0.046019	-0.022156	-0.005597	-0.172714	-0.168508	-0.156362	-0.201080	-0.202329	-0.056307	-0.048152	-0.407206	-0.402357	-0.249248
-0.328029	-0.347245	-0.448497	0.297183	0.026152	1.022863	-0.295726	0.256517	-0.035837	1.472132	2.307669	-0.519113	-0.068536	0.524065	0.225367	0.080536	0.335300	0.308785	0.118672	0.311827	0.728799	-0.544783	1.036088	1.923254	0.984722	-0.599106	0.029933	-0.557525	-0.250623	-0.079600
-0.181355	-0.010490	-0.198428	0.085354	-0.023234	0.513956	-0.374519	0.038505	0.219635	0.760101	2.322083	-0.356908	-0.372434	0.763028	0.469226	0.097757	0.375259	0.314496	0.192209	0.442151	5.211616	-0.462771	3.344380	2.968040	2.730630	-0.030390	-0.770907	0.101442	-0.895274	0.073426
-0.501765	-0.784578	-1.082439	0.301460	0.024577	0.856384	-0.182068	0.061265	-0.077228	0.921987	0.966153	-0.420330	-0.210798	0.373005	0.105091	0.042351	0.271450	0.272760	0.130030	0.223073	-0.178107	-0.380236	-0.858569	1.187814	0.417198	-0.573764	2.089027	-0.581939	0.489638	0.077190
-0.331865	-0.604666	-0.451101	0.450509	0.028243	2.080461	-0.310838	0.598008	-0.164933	2.506900	1.017423	-0.791592	-0.204566	0.518154	0.125959	0.103374	0.399535	0.353556	0.047847	0.299694	-0.222365	-0.746234	-0.027035	1.453987	0.245475	-1.175466	0.509909	-1.175342	-0.496672	-0.375332
-0.504778	-1.916169	-0.931278	0.787490	0.072153	2.225970	0.165272	0.042309	-0.160210	1.247756	0.381695	-0.506115	-0.248388	0.346951	0.044396	0.048340	0.284441	0.308077	0.055899	0.174600	-0.920686	-0.558437	-0.509534	0.542539	-0.306392	-0.796108	0.598408	-1.144804	0.422896	-0.092153
-0.072953	0.077784	-0.049303	0.030748	-0.024110	0.200446	-0.088805	0.248582	0.395436	0.369428	-0.069196	-1.587213	-0.588841	0.223183	0.446652	-0.077805	0.432598	0.354221	0.419737	0.340116	1.209102	0.250399	0.993768	0.882476	1.095944	0.132022	-0.073012	0.297305	-0.062459	0.205971
-0.046740	0.102868	-0.019581	0.034561	-0.019628	0.185635	-0.001500	0.392928	0.662584	0.492003	0.258763	-0.938631	-0.345129	0.086211	0.597032	-0.101655	0.561357	0.441612	0.503940	0.334742	0.919125	0.402111	0.817616	0.737009	0.877472	0.204540	0.262285	0.301732	0.147686	0.240875
-0.034130	0.121883	-0.006358	0.038794	-0.019196	0.196572	0.075214	0.613540	1.137317	0.694873	0.860386	0.129543	-0.192521	0.009819	0.879415	-0.157114	0.796307	0.598116	0.630554	0.373500	0.840783	0.540364	0.810315	0.728375	0.841495	0.304662	0.651497	0.337913	0.316653	0.299554
-0.081891	0.105928	-0.044987	0.057947	-0.008712	0.256979	-0.102629	0.227734	0.383538	0.462910	0.419839	-0.649277	-0.441982	0.386581	0.550312	-0.029869	0.404996	0.340423	0.357963	0.341719	1.480887	0.111434	1.248494	1.114748	1.230282	0.161077	-0.068009	0.237356	-0.182901	0.170223
-0.963260	-0.598248	-2.292208	0.119590	0.100248	0.200790	-0.070599	-0.071238	-0.062409	0.156669	0.127812	-0.198426	-0.182259	0.155079	0.013130	-0.009824	0.120974	0.149160	0.168333	0.108018	-0.060373	0.170236	0.277229	0.839228	0.017272	0.440501	0.495451	-0.038977	0.043290	0.033467
-0.941086	-0.526272	-1.735524	0.016929	0.162489	0.131801	-0.041863	-0.102729	-0.078604	0.038575	0.013844	-0.190882	-0.176525	0.111732	-0.026018	-0.017646	0.082919	0.121908	0.150897	0.076336	0.264751	0.162264	0.288259	0.687982	-0.058400	0.349747	0.271330	0.060823	-0.117772	-0.001458
-0.871744	-0.817336	-3.017050	0.185744	0.066209	0.316392	-0.065412	-0.065316	-0.073320	0.278751	0.226455	-0.250502	-0.205703	0.200910	0.024581	-0.000789	0.154742	0.185166	0.174902	0.130291	-0.759401	0.106792	-0.046548	0.811437	-0.113176	0.447805	0.829844	-0.117090	0.335590	0.094043
-0.761940	-0.612807	-1.212418	-0.278275	0.025926	0.081139	-0.081448	-0.117979	-0.096811	0.057079	0.022494	-0.259657	-0.220284	0.140614	-0.037859	-0.014978	0.105632	0.150859	0.213858	0.096413	0.397632	0.355745	0.694620	1.333535	-0.198261	0.662345	0.492642	0.200688	0.056096	0.062022
-0.804855	-1.110218	-3.518855	0.498033	0.003673	0.433171	0.255115	-0.143513	-0.141903	0.334460	0.091462	-0.367440	-0.269618	0.211094	-0.037298	0.005139	0.172639	0.241395	0.155623	0.097928	-2.768897	-0.086087	-0.160653	0.453276	-1.142912	0.109957	0.842422	-0.037939	1.386878	0.529864
-0.262667	-0.506217	-0.368224	-0.334443	-0.744155	-3.104200	-5.969260	-0.738457	-0.330272	-1.092725	-0.492334	-0.447172	-0.434555	0.045572	-0.322513	-0.061519	-0.065712	0.141355	-0.637165	-0.224604	-1.968368	-1.493850	-1.434770	-2.196784	-1.882504	-1.210358	-0.638579	-2.460554	-2.893880	-6.898594
-0.034387	0.197868	0.026042	0.084824	0.011022	0.268458	0.002793	0.354143	0.539116	0.620923	0.770129	0.598292	-0.178668	0.363304	0.756666	-0.046201	0.471012	0.390998	0.388425	0.327116	1.112750	0.179356	1.060189	0.985821	0.956710	0.262481	0.183075	0.210121	-0.000378	0.181997
-0.044363	0.129099	-0.005929	0.051761	-0.005865	0.206557	-0.012331	0.341611	0.573224	0.494908	0.396852	-0.312941	-0.282423	0.203216	0.623812	-0.062608	0.482630	0.379806	0.413622	0.310284	0.977557	0.266120	0.871881	0.802828	0.882848	0.209253	0.169276	0.243914	0.042300	0.197469
-0.031043	0.095198	-0.013597	0.021134	-0.034500	0.162839	0.175330	0.799046	1.406938	0.903069	1.549937	0.719778	1.440561	-0.710170	0.770849	-0.288434	1.270421	0.890019	0.912092	0.406043	0.584907	0.911915	0.581701	0.536579	0.661613	0.341780	1.291031	0.404789	0.669019	0.396882
-0.026791	0.071607	-0.016752	0.007323	-0.048214	0.125069	0.333362	0.763755	1.719506	1.160957	0.868866	0.052469	2.116127	-0.835110	1.453326	2.311614	1.582911	0.975470	1.084597	0.397028	0.291539	1.097911	0.316728	0.311191	0.397706	0.313479	1.072122	0.425553	0.978583	0.488023
-0.018877	0.114894	0.001189	0.029091	-0.026313	0.165783	0.251508	0.989398	4.451659	1.117635	2.494899	1.472851	3.666147	-1.299827	1.271552	-0.325278	1.580248	0.880704	0.851065	0.387843	0.497061	0.800910	0.524541	0.496488	0.572193	0.385747	1.255225	0.371394	0.670974	0.401138
-0.032843	0.052317	-0.027025	-0.003527	-0.064141	0.112276	0.419210	0.611155	0.446886	1.195489	0.340057	-0.353439	0.885169	1.037096	1.142045	2.905118	1.208784	0.938661	1.277481	0.434138	0.188890	1.301575	0.223479	0.227661	0.314718	0.288943	0.895432	0.486802	1.245597	0.585225
-0.266487	-0.345727	-0.279738	0.452019	0.024305	2.806851	-0.575492	0.773067	-0.268539	3.600788	0.132740	-1.002612	-0.341599	0.555316	0.079164	0.137539	0.481659	0.389531	0.008420	0.340581	-0.752633	-0.880582	-0.620152	1.311817	-0.049968	-1.029164	0.590727	-1.393962	-0.836989	-1.034965
-0.404229	-1.135409	-0.577952	0.761380	0.045581	4.945133	0.334007	-0.168987	-0.246694	1.585474	-0.000296	-0.664314	-0.365871	0.363085	-0.017934	0.066118	0.346576	0.360457	-0.017567	0.152697	-1.594614	-0.803245	-0.530882	-0.074037	-0.734510	-0.731816	0.023622	-1.532785	-0.040873	-1.021656
-0.018646	0.090932	-0.004455	0.017498	-0.034023	0.131458	0.278401	0.794731	3.243157	1.038281	1.344189	0.696271	3.257779	-2.748090	3.162593	1.012069	1.455038	0.787778	0.835241	0.346195	0.342142	0.829057	0.362960	0.353217	0.422540	0.305566	0.980555	0.358101	0.734125	0.402286
-0.023709	0.060643	-0.016956	0.002678	-0.055826	0.107782	0.534285	0.630745	0.517907	1.294914	0.350369	-0.147023	0.805083	6.060603	0.569752	3.306297	1.090192	0.574483	0.881992	0.363250	0.112860	0.881865	0.164609	0.176445	0.222618	0.274218	0.620671	0.413823	1.050305	0.559460
-0.197751	-0.341033	-0.257595	-0.152130	-0.438376	-0.413828	-8.688978	-0.909315	-0.385683	-1.456159	-0.576192	-0.477759	-0.493485	0.004936	-0.397258	-0.088605	-0.190541	0.016835	-0.862009	-0.499829	-1.524029	-1.358701	-1.136386	-1.517698	-1.415365	-1.142109	-0.690493	-0.581519	-1.876838	-4.801053
-0.217526	-0.380034	-0.300856	-0.342674	-0.777890	-1.626106	-10.372762	-0.795984	-0.369975	-1.455401	-0.545829	-0.472922	-0.466903	0.016189	-0.397216	-0.081620	-0.144130	0.058113	-1.018653	-0.477113	-1.844634	-1.753539	-1.359743	-2.023172	-1.886118	-1.295394	-0.698251	-1.569357	-2.801922	-6.862307
-0.165453	-0.250954	-0.210860	-0.129269	-0.390476	0.001279	-11.141443	-1.052252	-0.452733	-1.937404	-0.661439	-0.526401	-0.559584	-0.033822	-0.499105	-0.116401	-0.334360	-0.126860	-1.171729	-1.022000	-1.387220	-1.385257	-1.037054	-1.297986	-1.275579	-1.137868	-0.746668	0.209398	-1.330184	-3.142800
-1.134368	-0.258498	-0.694818	0.283093	0.299190	0.148799	-0.032071	-0.080051	-0.057681	0.041199	0.021169	-0.131096	-0.138194	0.092365	-0.007868	-0.017904	0.069836	0.100485	0.107603	0.063856	0.145045	0.062898	0.143231	0.401512	0.000929	0.197671	0.164215	-0.063195	-0.167796	-0.042890
-0.387671	-0.828429	-0.581646	-1.615543	-1.563716	1.979419	-0.548040	-0.370625	-0.199612	-0.449500	-0.265277	-0.289164	-0.276979	0.046074	-0.183948	-0.050524	-0.026937	0.092509	-0.211910	-0.073900	-1.051985	-0.702316	-0.761768	-1.264477	-0.963005	-0.454073	-0.263827	-2.137688	-1.409256	-1.308570
-0.208978	-0.055418	3.210491	0.281021	0.425537	0.121422	-0.038411	-0.066156	-0.044150	0.016227	0.006688	-0.089287	-0.108003	0.067329	-0.004271	-0.018808	0.050813	0.075418	0.073973	0.046934	0.106564	0.015153	0.074877	0.225333	0.017187	0.112061	0.080203	-0.108159	-0.194022	-0.070731
-0.668307	-0.216243	2.339862	0.323660	0.418477	0.133613	-0.046910	-0.087224	-0.060910	-0.007026	-0.012542	-0.125913	-0.131795	0.072731	-0.023149	-0.020951	0.050916	0.082075	0.088949	0.048833	0.161415	0.039693	0.093572	0.275809	-0.000717	0.153116	0.096710	-0.093872	-0.234042	-0.074294
-0.642746	-0.239605	1.895195	0.299783	0.640467	0.158425	-0.037819	-0.094001	-0.064285	-0.024769	-0.028549	-0.120176	-0.127555	0.063762	-0.029474	-0.022487	0.040448	0.074747	0.065611	0.038155	0.075400	-0.011496	0.028274	0.152381	-0.048850	0.095456	0.059791	-0.145667	-0.259549	-0.098337
-0.337413	-0.067795	0.011203	0.210001	0.715587	0.140487	-0.019177	-0.081066	-0.054019	-0.003664	-0.017631	-0.092449	-0.110255	0.059896	-0.015209	-0.021238	0.039053	0.071034	0.047924	0.034454	0.002222	-0.043726	0.002275	0.100415	-0.058446	0.051249	0.045547	-0.165868	-0.220688	-0.100644
-1.111289	-0.046957	0.600254	0.317126	0.344760	0.142648	-0.028119	-0.060434	-0.040691	0.051110	0.032316	-0.088138	-0.111134	0.081655	0.008787	-0.016939	0.064775	0.089108	0.087011	0.058571	0.104158	0.025144	0.101924	0.297714	0.028609	0.134499	0.118616	-0.096558	-0.161882	-0.054091
-0.013290	-0.095146	2.514962	0.258261	0.596051	0.128127	-0.035823	-0.076059	-0.050974	-0.005811	-0.012902	-0.093676	-0.109490	0.059790	-0.015082	-0.020651	0.040787	0.069150	0.058623	0.037578	0.061256	-0.014179	0.033008	0.147455	-0.022326	0.079707	0.054427	-0.137897	-0.219019	-0.089934
-0.241472	-0.403642	-0.312091	-0.449243	1.980751	-0.075222	-0.208977	-0.132589	-0.087881	-0.171133	-0.103434	-0.121281	-0.125429	0.012627	-0.087009	-0.039659	-0.030715	0.009891	-0.070442	-0.037524	-0.180118	-0.190941	-0.165142	-0.239924	-0.195214	-0.084174	-0.077816	-0.373433	-0.373653	-0.280135
-0.562528	-1.487379	-0.822504	1.919535	0.141952	0.733166	2.920098	-0.456178	-0.233028	0.067207	-0.270820	-0.420117	-0.349634	0.165553	-0.121835	-0.004276	0.137081	0.260632	-0.081237	-0.032347	-1.653367	-0.763705	-0.960756	-1.330056	-1.096049	-0.699107	-0.284584	-0.912537	-0.952076	-0.648352
-0.072575	0.018515	-0.071280	0.009069	-0.113384	0.409608	8.403921	-1.436328	-1.687967	-2.251931	-1.454316	-1.199313	-1.793303	-1.011721	-2.198207	-0.812544	-7.708516	-0.954463	0.732289	1.662662	-0.331911	0.624855	-0.077452	0.102883	0.077298	0.813245	-0.240955	1.368807	3.659821	4.327215
-0.060448	0.031362	-0.058362	0.001208	-0.105838	0.293748	4.185187	-0.268765	-1.815870	3.858761	-1.108560	-1.162644	-1.676203	-2.203612	-3.541880	-2.997602	-10.198854	-0.824136	1.378328	1.651219	-0.180380	1.090620	0.024430	0.143988	0.161701	0.806050	0.152463	1.132422	3.329591	2.747370
-0.079986	-0.020764	-0.089112	-0.033857	-0.159783	0.270395	3.457310	-1.012098	-1.496989	-1.594501	-1.256131	-1.087589	-1.346815	-1.144930	-2.836569	-0.983327	-9.076749	-3.777217	0.303877	2.537902	-0.437668	0.974617	-0.221367	-0.105256	-0.060333	0.342936	-0.279998	1.550202	4.404816	3.376408
-1.025693	-1.689641	-3.977899	0.583348	0.127068	0.561130	0.021372	-0.031322	-0.067312	0.444137	0.329794	-0.211517	-0.166136	0.226868	0.061048	0.006891	0.172523	0.203618	0.132263	0.138809	-0.606247	-0.106498	-0.299395	0.606979	-0.068972	0.043757	0.693889	-0.299199	0.334848	0.069764
-1.578389	-1.058194	-2.778874	0.495106	0.164571	0.384688	-0.002775	-0.033707	-0.044227	0.305543	0.247487	-0.132201	-0.138555	0.183772	0.063827	-0.002531	0.142618	0.169349	0.131119	0.121931	-0.207448	-0.026996	0.019269	0.601402	0.036254	0.155048	0.458535	-0.173402	0.095386	0.021363
-0.285063	-0.580503	-0.388066	-0.028225	-0.361207	-1.575398	-1.778819	-0.839740	-0.339049	-0.950983	-0.523357	-0.476911	-0.460981	0.075449	-0.294522	-0.044260	-0.009048	0.204091	-0.486588	-0.189344	-2.091482	-1.368411	-1.546327	-2.206352	-1.810010	-1.310055	-0.705518	-1.704488	-2.743127	-5.006223
-2.394724	-0.026176	-4.952810	0.334305	0.783439	0.162193	0.010176	-0.095502	-0.063989	0.001411	-0.024973	-0.107300	-0.122993	0.067264	-0.019109	-0.022029	0.042407	0.081463	0.044209	0.035142	-0.064337	-0.073872	-0.028496	0.069165	-0.111424	0.030995	0.048030	-0.203476	-0.235605	-0.111392
-0.723921	-1.931082	-1.259035	2.303636	0.121577	1.381752	1.783472	-0.318816	-0.197663	0.207531	-0.152652	-0.388186	-0.307578	0.178163	-0.087333	-0.000642	0.149249	0.253994	-0.003600	0.012529	-1.230576	-0.578725	-0.473303	-0.589768	-0.860537	-0.458803	-0.024435	-1.337763	-0.402146	0.054115
-0.660464	-1.768861	-1.756410	0.965310	0.011443	1.408343	0.750801	-0.175165	-0.185192	0.639410	0.072049	-0.465397	-0.311253	0.256620	-0.044852	0.022657	0.228601	0.301802	0.071856	0.082728	-1.130616	-0.474884	0.408213	0.931682	-0.836836	-0.502611	0.593629	-1.985874	1.372787	0.832930
-1.378067	-0.312327	-0.911808	0.218415	0.187913	0.161709	-0.053487	-0.050943	-0.036100	0.105140	0.090792	-0.109407	-0.129823	0.113138	0.026146	-0.013835	0.093274	0.113154	0.125613	0.085289	0.167077	0.089166	0.197964	0.521936	0.111156	0.243930	0.231632	-0.070003	-0.116378	-0.021314
-1.404290	-0.195179	-0.486807	0.258358	0.252406	0.145196	-0.041294	-0.053970	-0.036518	0.073746	0.057770	-0.093707	-0.117100	0.094141	0.017814	-0.015521	0.077358	0.098535	0.105570	0.070559	0.150458	0.058798	0.151317	0.399563	0.074878	0.183554	0.161840	-0.078641	-0.143894	-0.038317
-1.473289	-0.527249	-1.766058	0.277071	0.155678	0.236966	-0.045619	-0.044875	-0.038093	0.184689	0.162547	-0.125439	-0.141520	0.147653	0.043599	-0.009208	0.118628	0.140314	0.138718	0.105825	0.030575	0.069982	0.173195	0.623849	0.099198	0.267461	0.361979	-0.091455	-0.025886	0.004717
-0.470974	-1.349836	-0.578951	1.345788	0.150666	3.546877	1.455517	-0.425513	-0.241284	0.535280	-0.245249	-0.490262	-0.363500	0.234527	-0.074597	0.020457	0.210389	0.297393	-0.053322	0.042458	-1.511860	-0.743377	-0.748686	-0.718251	-0.886615	-0.714961	-0.281347	-1.291750	-0.346974	-1.273861
-0.733528	-0.806072	-1.091581	-1.337777	2.173588	0.251549	-0.066746	-0.127642	-0.083425	-0.097608	-0.077559	-0.132752	-0.137166	0.045032	-0.059287	-0.029592	0.012622	0.057747	0.009324	0.010367	-0.103217	-0.124678	-0.112984	-0.116046	-0.165268	-0.012372	-0.018952	-0.340888	-0.378735	-0.197844
-0.999483	-0.984464	-1.552904	-1.600525	1.562894	0.181625	-0.034708	-0.120521	-0.078337	-0.070623	-0.066711	-0.122988	-0.131967	0.049099	-0.047766	-0.027847	0.018455	0.063114	0.010795	0.013442	-0.121808	-0.124224	-0.104028	-0.090609	-0.165251	-0.017294	-0.009095	-0.312490	-0.335424	-0.181011
-0.826526	-1.106538	-1.268704	-0.581314	1.862031	0.165331	-0.050967	-0.133053	-0.085088	-0.093800	-0.081503	-0.128949	-0.137399	0.044365	-0.057081	-0.030488	0.010133	0.058662	-0.007967	0.003958	-0.175733	-0.158212	-0.142801	-0.161943	-0.201690	-0.048101	-0.030714	-0.375534	-0.372132	-0.220726
-1.043025	-1.686256	-1.678122	-0.091119	1.701150	0.104150	-0.015106	-0.143599	-0.090372	-0.084310	-0.085999	-0.135360	-0.145428	0.050221	-0.055369	-0.030631	0.014178	0.068093	-0.012756	0.004267	-0.236162	-0.184473	-0.168195	-0.190473	-0.239545	-0.071824	-0.033871	-0.407777	-0.380451	-0.235907
-1.568549	-1.626263	-2.727146	-0.009350	1.298179	0.139486	0.006597	-0.124774	-0.080496	-0.049012	-0.063750	-0.125081	-0.136609	0.056918	-0.041371	-0.027016	0.025551	0.074019	0.010899	0.017033	-0.171366	-0.141826	-0.116413	-0.093864	-0.192472	-0.033061	-0.003025	-0.324122	-0.322625	-0.179787
-0.212336	0.004618	-0.139781	0.349822	0.042730	1.290592	-0.370172	0.909085	-0.049853	2.288487	1.406328	-0.836593	0.216876	0.664840	0.327310	0.125590	0.362080	0.354710	0.133467	0.391710	1.340146	-0.569193	1.187851	2.468521	1.049350	-0.358895	-0.861494	-0.525884	-0.500358	-0.332900
-0.026341	0.055338	-0.020881	0.001369	-0.064123	0.114738	0.810630	0.542182	-0.065390	1.470433	0.067636	-0.309046	0.111004	-0.853256	-1.177367	-1.208890	0.302623	0.311508	0.766350	0.388562	0.025116	0.766541	0.100289	0.122079	0.151069	0.281337	0.440988	0.450844	1.175627	0.694288
-0.028645	0.047149	-0.024311	-0.004575	-0.067769	0.098873	0.600462	0.475439	0.030512	1.195147	0.101898	-0.299800	0.284920	0.456662	-0.876716	0.147336	0.466194	0.391210	0.846089	0.366567	0.053118	0.888639	0.110385	0.124236	0.169483	0.241192	0.490970	0.445324	1.157628	0.617679
-0.021178	0.064189	-0.014157	0.005390	-0.053572	0.110511	0.622625	0.634274	0.370163	1.358382	0.293638	-0.137863	0.615513	2.742158	0.059987	2.480755	0.943352	0.458694	0.772855	0.350468	0.081301	0.762339	0.142303	0.158462	0.191083	0.276192	0.532068	0.400364	1.017600	0.576110
-0.117013	-0.128590	-0.144187	-0.100737	-0.303358	0.114589	-1.195584	-1.116427	-0.621219	-2.778150	-0.791120	-0.619838	-0.689921	-0.191443	-0.837300	-0.246086	-1.016566	-1.040262	-1.918532	-2.882430	-0.996797	-1.021685	-0.722154	-0.806715	-0.830394	-0.782371	-0.683938	1.142267	0.589565	1.184109
-0.102339	-0.072927	-0.119183	-0.047315	-0.207956	0.360255	4.806861	-1.632774	-0.966403	-4.452695	-1.143113	-0.859711	-1.037768	-0.352640	-1.306514	-0.317532	-2.513487	-1.761986	-1.432917	-0.800986	-0.830358	-0.449305	-0.558632	-0.474906	-0.501218	-0.400777	-0.753299	1.718724	2.655004	4.748890
-0.573942	-1.665543	-0.794567	2.756622	0.529149	-0.602118	0.943493	-0.404210	-0.203949	-0.150570	-0.257807	-0.326835	-0.302196	0.107467	-0.125279	-0.026320	0.057171	0.178077	-0.112103	-0.038747	-1.211815	-0.639243	-0.777029	-1.080327	-0.895078	-0.535930	-0.253710	-0.847711	-1.022356	-0.656635
-2.449648	-0.237784	-0.551997	0.318798	0.204705	0.207388	-0.027643	-0.023356	-0.012649	0.162312	0.143694	-0.041488	-0.096425	0.120126	0.064484	-0.011006	0.103872	0.119562	0.112265	0.092785	0.126553	0.025550	0.159233	0.445216	0.133538	0.159133	0.201605	-0.094033	-0.090069	-0.022127
-1.863373	-0.150120	-0.328060	0.287161	0.241841	0.161632	-0.031305	-0.036599	-0.021598	0.104459	0.086501	-0.058325	-0.099274	0.097298	0.039819	-0.013618	0.084060	0.101277	0.100576	0.075442	0.130368	0.035262	0.141096	0.374008	0.096849	0.151984	0.154164	-0.086608	-0.121943	-0.034472
-3.189475	-0.465239	-0.559257	0.433640	0.200455	0.290584	-0.011091	-0.018210	-0.016596	0.236841	0.203205	-0.043700	-0.098926	0.149513	0.080498	-0.007777	0.122762	0.142557	0.118125	0.108862	0.052124	-0.010566	0.134268	0.503947	0.124643	0.138050	0.266580	-0.127927	-0.041125	-0.014840
-0.037833	0.060232	-0.031192	0.007613	-0.075033	0.192881	1.813404	0.747865	-0.928124	3.691783	-0.307059	-0.757635	-0.839704	-3.739117	-3.344603	-8.730119	-1.958300	0.280182	1.187110	0.771934	-0.016537	0.991386	0.117335	0.174034	0.196042	0.553040	0.496005	0.686786	1.924342	1.303478
-0.035531	0.045786	-0.031680	-0.004075	-0.079220	0.132821	1.072026	0.500750	-0.471151	1.928536	-0.139453	-0.544744	-0.291294	-2.720173	-2.738340	-4.688455	-0.421937	0.281504	1.019244	0.548888	-0.007080	0.985578	0.086484	0.117123	0.156095	0.346435	0.463094	0.578599	1.588482	0.932619
-0.027346	0.066308	-0.020032	0.008392	-0.062051	0.147827	1.141823	0.736498	-0.252083	2.181080	0.021623	-0.424211	-0.153747	-2.261041	-1.739040	-3.925188	0.130867	0.359967	0.881147	0.494281	0.021374	0.799923	0.119863	0.154444	0.174696	0.386595	0.488183	0.511048	1.359960	0.867306
-0.020362	0.076538	-0.011562	0.012913	-0.050799	0.138120	0.915853	0.806634	0.120545	1.863986	0.227289	-0.231269	0.265366	-1.244963	-0.741538	-1.158536	0.895125	0.428142	0.783624	0.411825	0.056976	0.713886	0.142658	0.171031	0.187752	0.353616	0.516778	0.436640	1.128238	0.707882
-0.380000	-0.953055	-0.499215	0.606438	0.225127	-1.502192	0.168901	-0.557586	-0.249969	-0.414650	-0.361150	-0.369591	-0.356649	0.084212	-0.184973	-0.038565	0.015095	0.164878	-0.235486	-0.103222	-1.427637	-0.832535	-0.996959	-1.395040	-1.116645	-0.749236	-0.417224	-1.083508	-1.442387	-1.220232
-0.257543	-0.427140	-0.325372	-0.265881	0.424535	-0.021433	-0.152648	-0.116591	-0.077047	-0.134910	-0.087445	-0.105683	-0.113675	0.015867	-0.070058	-0.035459	-0.021434	0.016679	-0.051666	-0.026697	-0.153058	-0.160062	-0.136348	-0.186911	-0.164895	-0.067539	-0.061351	-0.311915	-0.317239	-0.233533
-0.390893	-0.651264	-0.511975	-0.156958	0.779751	0.033579	-0.114274	-0.124115	-0.079720	-0.118793	-0.086837	-0.110463	-0.121781	0.025409	-0.062854	-0.034127	-0.011099	0.032618	-0.040454	-0.017057	-0.178768	-0.167563	-0.145892	-0.188893	-0.184797	-0.071174	-0.055377	-0.341085	-0.333195	-0.240445
-0.284116	-0.507400	-0.367834	-0.263720	-0.197634	-0.029066	-0.154679	-0.127928	-0.082765	-0.141375	-0.094999	-0.111452	-0.121558	0.017304	-0.072535	-0.037346	-0.023093	0.020359	-0.060435	-0.030639	-0.191894	-0.181521	-0.157253	-0.214816	-0.193760	-0.084801	-0.068161	-0.342306	-0.333644	-0.260125
-0.301526	-0.501657	-0.382824	-0.195412	-0.182643	0.004962	-0.128736	-0.115861	-0.075626	-0.121680	-0.083848	-0.103508	-0.113937	0.019783	-0.063670	-0.034218	-0.016053	0.023656	-0.044467	-0.021273	-0.157493	-0.157059	-0.133884	-0.176822	-0.165902	-0.066058	-0.056083	-0.309247	-0.310211	-0.227325
-0.258054	-0.409696	-0.327724	-0.387369	2.367273	-0.025516	-0.179357	-0.122933	-0.081952	-0.152444	-0.094140	-0.115441	-0.119782	0.015633	-0.078706	-0.036687	-0.023389	0.014619	-0.052879	-0.027378	-0.148006	-0.167001	-0.144469	-0.205167	-0.169367	-0.066202	-0.066828	-0.345018	-0.355747	-0.250460
-0.418054	-0.632229	-0.548709	-0.156648	0.423346	0.068071	-0.110999	-0.120501	-0.078102	-0.115212	-0.082940	-0.111721	-0.121072	0.027551	-0.061853	-0.032726	-0.007077	0.034600	-0.029788	-0.011389	-0.152103	-0.153770	-0.134119	-0.170972	-0.170215	-0.056164	-0.048595	-0.336653	-0.339120	-0.227368
-0.322728	-0.676982	-0.467401	-0.817115	-1.279912	-3.720764	-1.311175	-0.458503	-0.234104	-0.607335	-0.324843	-0.327738	-0.316844	0.040256	-0.224061	-0.057719	-0.048577	0.091098	-0.333692	-0.134743	-1.289810	-0.904839	-0.926708	-1.510591	-1.195690	-0.631383	-0.357871	-2.360034	-1.732090	-2.168812
-0.330831	-0.759426	-0.456824	-0.210808	-0.172462	-1.677634	-0.924737	-0.495004	-0.237562	-0.550926	-0.335790	-0.331437	-0.327294	0.048029	-0.208728	-0.054581	-0.040078	0.102711	-0.305427	-0.143307	-1.248901	-0.830663	-0.888494	-1.338252	-1.081303	-0.652734	-0.371948	-1.531938	-1.493559	-1.905574
-0.473872	-1.279768	-0.670884	0.470750	0.779531	-0.215343	0.057168	-0.385645	-0.195728	-0.307949	-0.259163	-0.288872	-0.281688	0.067633	-0.147788	-0.041477	0.002938	0.122270	-0.163874	-0.067856	-1.037250	-0.620392	-0.709552	-1.046295	-0.844657	-0.475575	-0.256509	-1.144359	-1.101706	-0.957081
-0.351764	-0.746637	-0.509397	-1.425987	-0.663752	-0.251949	-0.500978	-0.287539	-0.163410	-0.356938	-0.211272	-0.227752	-0.226231	0.028319	-0.154324	-0.052929	-0.043576	0.046582	-0.180965	-0.081628	-0.657521	-0.497790	-0.492354	-0.773889	-0.616017	-0.302592	-0.194116	-1.171850	-0.905173	-0.850092
-0.263151	-0.532407	-0.363732	-0.806380	-1.241849	-0.648633	-0.622104	-0.268057	-0.157125	-0.370475	-0.204073	-0.208632	-0.211355	0.011036	-0.160208	-0.059971	-0.069077	0.010645	-0.215993	-0.118070	-0.548602	-0.461957	-0.417138	-0.641694	-0.523817	-0.276814	-0.188764	-0.867848	-0.747512	-0.776723
-0.228203	-0.446080	-0.306655	-0.575804	-2.054792	-0.353097	-0.421851	-0.206074	-0.127696	-0.284409	-0.161303	-0.166771	-0.172202	0.005483	-0.131997	-0.055328	-0.063297	-0.001096	-0.165357	-0.095731	-0.376363	-0.336882	-0.293850	-0.440086	-0.363644	-0.190797	-0.140149	-0.571021	-0.526049	-0.512394
-0.260312	-0.546689	-0.350023	-0.528379	1.374100	-0.281409	-0.384495	-0.217513	-0.130584	-0.274514	-0.165554	-0.170736	-0.179291	0.011269	-0.126211	-0.054033	-0.056734	0.012350	-0.156730	-0.088627	-0.413188	-0.345042	-0.311166	-0.455832	-0.385602	-0.205042	-0.143179	-0.592140	-0.538570	-0.536463
-0.232908	-0.447897	-0.310815	-0.527008	-3.536557	-0.231495	-0.322596	-0.178330	-0.112659	-0.237162	-0.139543	-0.148214	-0.154387	0.007871	-0.113714	-0.049891	-0.051691	0.003595	-0.129910	-0.073599	-0.310065	-0.282133	-0.246544	-0.364355	-0.302490	-0.153224	-0.116390	-0.490113	-0.456919	-0.416663
-0.158358	-0.056338	-0.141058	0.227796	-0.034738	2.408523	-4.797135	-4.538533	-0.706607	1.952020	-1.893278	-1.239026	-1.169031	0.405292	-0.297973	0.183356	0.544708	0.441377	-0.094590	0.431721	-1.238221	-1.038991	-0.832765	0.363456	-0.320913	-1.393936	-1.905171	0.266295	-0.451695	-5.115655
-1.804535	-4.609296	-3.680557	2.175434	1.298452	-0.005619	0.105237	-0.158231	-0.099749	-0.035750	-0.082613	-0.156232	-0.163571	0.072465	-0.047087	-0.027225	0.035477	0.097509	0.000779	0.017441	-0.328359	-0.212895	-0.192518	-0.186726	-0.298911	-0.093346	-0.013760	-0.430994	-0.373329	-0.216264
-2.006502	-0.921589	-5.154811	0.306482	0.917612	0.179211	0.024042	-0.119463	-0.079136	-0.026308	-0.049031	-0.132514	-0.140642	0.067544	-0.036150	-0.024363	0.038027	0.084986	0.035675	0.029346	-0.121852	-0.106839	-0.075778	-0.007116	-0.174923	0.009202	0.032581	-0.266822	-0.296405	-0.137119
-0.680418	-1.171651	-1.018456	0.089292	1.985321	0.109708	-0.072837	-0.149661	-0.093679	-0.119411	-0.098390	-0.136860	-0.145524	0.040137	-0.067267	-0.033782	0.001117	0.054967	-0.031271	-0.007773	-0.243574	-0.200008	-0.187292	-0.239391	-0.247827	-0.085664	-0.054506	-0.446685	-0.412740	-0.274252
-0.581011	-1.596145	-0.873103	-0.357873	1.629723	-0.330830	0.060678	-0.300650	-0.163841	-0.231345	-0.202469	-0.244175	-0.239887	0.062799	-0.121083	-0.039387	0.005435	0.105016	-0.109914	-0.040418	-0.783921	-0.480027	-0.534678	-0.786038	-0.658144	-0.327938	-0.172857	-1.014732	-0.864827	-0.662372
-0.495455	-1.148781	-0.762216	-2.152311	-0.116845	1.974108	-0.147202	-0.305350	-0.169044	-0.304037	-0.212965	-0.250285	-0.242492	0.052528	-0.141559	-0.043528	-0.008644	0.092365	-0.129897	-0.047109	-0.802290	-0.516039	-0.575550	-0.908100	-0.714264	-0.326562	-0.186182	-1.381095	-1.016221	-0.787914
-0.041673	0.080928	-0.030263	0.025885	-0.066705	0.287364	3.207035	1.044352	-1.642192	6.975616	-0.683861	-1.080953	-1.812037	-2.479513	-2.362447	-4.110412	-4.116600	0.220674	1.280619	1.021858	-0.016336	0.915645	0.173655	0.275754	0.263225	0.895981	0.474803	0.817149	2.265768	1.869980
-0.045488	0.052273	-0.039799	0.007390	-0.084676	0.229480	2.650360	0.418860	-1.296039	4.100930	-0.615383	-0.900951	-1.226652	-2.825732	-3.207884	-5.620566	-4.179817	-0.082683	1.159675	0.969275	-0.083838	0.951634	0.077615	0.155860	0.168709	0.627117	0.346532	0.813032	2.281931	1.728725
-0.032815	0.088013	-0.021008	0.023602	-0.058708	0.235369	2.066560	1.498529	-1.083336	5.446205	-0.209342	-0.856595	-1.193434	-3.377822	-2.291534	-6.289687	-2.808913	0.537953	1.248497	0.803942	0.045110	0.941837	0.200408	0.270875	0.272838	0.739426	0.643710	0.677474	1.869191	1.355467
-0.134113	-0.172456	-0.165470	-0.098829	-0.319462	0.113720	-5.048111	-1.093776	-0.514324	-2.234110	-0.707175	-0.552584	-0.611187	-0.103066	-0.617693	-0.172248	-0.598196	-0.409638	-1.351917	-1.720097	-1.106044	-1.131168	-0.812661	-0.948429	-0.962340	-0.892682	-0.689420	0.702142	-0.332717	-0.430540
-0.116239	-0.117606	-0.133266	-0.030080	-0.202290	0.344541	-0.025272	-1.287565	-0.573255	-2.269219	-0.780412	-0.592929	-0.700705	-0.142360	-0.660114	-0.204613	-0.777412	-0.379560	-0.934312	-0.915478	-0.910889	-0.791855	-0.645450	-0.658644	-0.693035	-0.643521	-0.652121	0.808465	0.297278	1.142083
-0.104166	-0.086207	-0.119777	-0.040400	-0.206062	0.320946	4.037298	-1.379428	-0.711507	-2.905498	-0.892941	-0.681033	-0.819193	-0.246704	-0.903975	-0.287375	-1.359123	-0.817352	-1.121376	-1.064573	-0.828338	-0.637029	-0.571090	-0.545240	-0.581600	-0.504911	-0.650915	1.156529	1.153957	2.873501
-0.142193	-0.183869	-0.169191	-0.041568	-0.239658	0.373410	-4.954190	-1.251839	-0.504671	-2.067683	-0.735531	-0.562876	-0.633542	-0.063215	-0.541725	-0.137965	-0.465213	-0.168976	-0.955002	-0.841613	-1.145488	-1.058537	-0.842125	-0.933037	-0.946440	-0.917040	-0.733784	0.563938	-0.512028	-0.869849
-0.226084	-0.406837	-0.293712	-0.386238	-2.089854	-0.108713	-0.217947	-0.138500	-0.090643	-0.176862	-0.108207	-0.120877	-0.127594	0.010006	-0.089081	-0.041956	-0.036680	0.007103	-0.085804	-0.047588	-0.211451	-0.206553	-0.177574	-0.255672	-0.214732	-0.101123	-0.084118	-0.369442	-0.361166	-0.296223
-0.242745	-0.423709	-0.312079	-0.326314	0.122973	-0.059496	-0.180261	-0.127031	-0.083448	-0.153817	-0.097320	-0.112625	-0.120220	0.013172	-0.078650	-0.038494	-0.028507	0.012579	-0.067562	-0.036220	-0.182831	-0.182432	-0.156654	-0.220441	-0.189477	-0.084198	-0.072201	-0.339826	-0.337134	-0.262791
-0.232897	-0.401599	-0.305657	-0.536060	-5.447231	-0.134704	-0.251887	-0.146210	-0.096239	-0.196831	-0.115675	-0.131329	-0.134547	0.010242	-0.098262	-0.043198	-0.038386	0.005536	-0.089741	-0.048456	-0.215376	-0.220696	-0.191061	-0.283709	-0.227081	-0.103686	-0.091097	-0.419095	-0.408925	-0.321751
-1.025061	-2.823028	-1.676453	0.252189	2.686719	-0.129138	0.057222	-0.186432	-0.112398	-0.096428	-0.115582	-0.168293	-0.175280	0.060647	-0.067318	-0.032534	0.017833	0.086903	-0.033312	-0.002102	-0.403449	-0.267814	-0.263367	-0.325816	-0.356756	-0.144784	-0.062895	-0.546605	-0.471853	-0.314311
-0.510443	-0.845558	-0.705499	-0.097520	2.024721	0.072688	-0.101025	-0.135281	-0.085842	-0.120254	-0.091958	-0.122080	-0.132332	0.031820	-0.064973	-0.034067	-0.005807	0.042238	-0.035959	-0.012679	-0.203166	-0.180920	-0.162815	-0.209557	-0.210087	-0.076152	-0.055146	-0.388349	-0.370490	-0.257115
-0.414167	-0.776962	-0.557281	-0.200393	1.986793	0.012407	-0.125510	-0.142661	-0.089649	-0.135815	-0.100945	-0.122732	-0.134568	0.026573	-0.070640	-0.036987	-0.014773	0.035822	-0.054752	-0.023817	-0.235656	-0.201931	-0.181185	-0.240946	-0.229086	-0.097924	-0.069151	-0.398024	-0.371836	-0.285602
-0.003299	0.129797	0.016448	0.034025	-0.018088	0.153434	0.355062	1.045679	5.330841	1.251712	2.189418	2.201170	8.858940	-1.584023	7.171462	-0.082193	1.682508	0.711579	0.707018	0.335559	0.331996	0.632976	0.380878	0.380706	0.406775	0.364804	0.919103	0.318317	0.647739	0.393122
-0.018051	0.080715	-0.006853	0.012505	-0.039515	0.118698	0.352969	0.755924	2.007237	1.129254	0.943200	0.372837	2.506586	-1.537077	4.059689	7.578450	1.472683	0.736149	0.841413	0.338019	0.242866	0.835560	0.274886	0.275525	0.331894	0.289476	0.836957	0.362693	0.821080	0.437854
-0.011497	0.096368	0.002578	0.020107	-0.029411	0.124989	0.319956	0.788100	2.908677	1.062316	1.257511	0.861831	3.616741	-2.481241	6.836807	3.471436	1.411159	0.664771	0.724085	0.313067	0.274208	0.701932	0.305211	0.304729	0.349761	0.291165	0.806118	0.324095	0.687912	0.388005
-0.006659	0.133663	0.015389	0.036129	-0.017578	0.163908	0.301657	1.049011	5.964799	1.184933	2.790332	2.255951	7.795595	-1.397116	3.332111	-0.346020	1.596906	0.756445	0.731615	0.351578	0.415210	0.656548	0.458194	0.446720	0.483791	0.381552	1.034559	0.327833	0.617366	0.381586
-0.838525	-1.748154	-1.306033	0.037058	2.280739	0.038286	-0.027043	-0.165903	-0.101771	-0.112332	-0.106432	-0.149149	-0.158217	0.048086	-0.067356	-0.033771	0.006987	0.067890	-0.034223	-0.006387	-0.313272	-0.230746	-0.220842	-0.278908	-0.295802	-0.112159	-0.059428	-0.493874	-0.438806	-0.297198
-0.024000	0.068289	-0.015237	0.005895	-0.049905	0.116060	0.406154	0.725967	1.259251	1.232621	0.668992	0.006803	1.661119	3.732922	2.019504	7.107663	1.485133	0.819117	0.998426	0.376678	0.209062	0.997517	0.245869	0.249160	0.314684	0.296733	0.858879	0.412019	0.996257	0.506872
-0.395412	-0.991032	-0.491975	1.007632	0.200817	-1.773532	1.026296	-0.626544	-0.268022	-0.246428	-0.394186	-0.424224	-0.391016	0.125556	-0.168556	-0.020738	0.075874	0.223456	-0.191567	-0.076985	-1.626043	-0.869401	-1.123475	-1.444449	-1.164544	-0.868291	-0.484672	-0.859124	-1.331083	-0.536521
-0.359913	-0.818372	-0.392632	0.947942	0.138391	2.281185	0.439243	-0.716065	-0.295277	0.167570	-0.449021	-0.524686	-0.441206	0.199334	-0.136047	0.010609	0.175261	0.292690	-0.137100	-0.008803	-1.724805	-0.886440	-1.171249	-1.168814	-1.079194	-0.977211	-0.592832	-0.967390	-0.820646	-1.204126
-0.254619	-0.500033	-0.335639	-0.379366	-1.647014	-0.118622	-0.228054	-0.157506	-0.099658	-0.189098	-0.120531	-0.130904	-0.140565	0.012450	-0.093155	-0.044572	-0.038819	0.013344	-0.097943	-0.053693	-0.267500	-0.237659	-0.209076	-0.297113	-0.257183	-0.126895	-0.095371	-0.415384	-0.391112	-0.343636
-0.274232	-0.524302	-0.358567	-0.301239	-0.857687	-0.064051	-0.179793	-0.141770	-0.090459	-0.160181	-0.106634	-0.119754	-0.130460	0.015576	-0.080641	-0.040624	-0.029716	0.018511	-0.076884	-0.040365	-0.230980	-0.207788	-0.181928	-0.252310	-0.224455	-0.105642	-0.080425	-0.374143	-0.356300	-0.296892
-0.025255	0.128526	0.000485	0.037932	-0.021280	0.195306	0.166936	0.902356	1.860703	0.950297	2.736962	1.326321	0.313600	-0.222194	1.220032	-0.276092	1.182148	0.791231	0.773238	0.404631	0.709955	0.694219	0.727016	0.663693	0.755959	0.399521	1.164293	0.370379	0.510669	0.364003
-0.009736	0.147016	0.017167	0.042920	-0.014104	0.185520	0.244202	1.041194	3.415307	1.098311	3.994386	1.671737	2.337646	-0.452318	1.778065	-0.349012	1.379705	0.756419	0.719443	0.370331	0.546816	0.628020	0.587385	0.557534	0.600363	0.409241	1.098984	0.332538	0.541868	0.362661
0.008247	0.210133	0.056181	0.071533	0.013197	0.203677	0.109366	0.500772	0.881586	0.652974	1.396892	1.032724	-0.073202	0.119827	0.904988	-0.080160	0.580495	0.406319	0.410072	0.278837	0.644418	0.283453	0.647206	0.632779	0.613687	0.280383	0.415044	0.206273	0.189106	0.206989
-0.018806	0.152705	0.018924	0.053173	-0.002359	0.191822	0.066658	0.480779	0.887355	0.604387	0.997702	0.092642	-0.063701	0.089413	0.821206	-0.080027	0.606392	0.437896	0.461082	0.302127	0.747511	0.349726	0.712960	0.669210	0.712210	0.259900	0.407615	0.247055	0.188869	0.225531
0.002300	0.176260	0.038057	0.055996	0.001616	0.184519	0.155661	0.657380	1.401912	0.757380	2.265655	2.030938	0.222075	-0.026535	1.170005	-0.110032	0.777858	0.490378	0.493893	0.296705	0.570182	0.393653	0.585182	0.564863	0.575212	0.308535	0.600615	0.246300	0.307048	0.255215
-0.014666	0.143084	0.015547	0.044472	-0.010090	0.180943	0.132917	0.673231	1.473517	0.757063	2.035656	0.538460	0.326015	-0.101804	1.098783	-0.129262	0.852272	0.560869	0.574104	0.327454	0.640521	0.490473	0.638934	0.598362	0.652108	0.311276	0.700829	0.289277	0.349377	0.283018
-0.121101	0.376885	0.068961	0.286915	0.062519	0.736006	-0.146623	0.160902	0.096996	1.160211	1.683669	0.542521	0.658396	0.587279	0.480853	0.061572	0.293846	0.329877	0.214305	0.348234	1.382652	-0.257174	1.363598	1.817817	1.051826	0.039146	-0.364474	-0.127359	-0.251340	-0.066969
-0.126293	0.141127	-0.067311	0.130831	0.011468	0.465669	-0.183886	0.143799	0.276213	0.794404	3.655476	1.472121	0.182391	0.666261	0.608835	0.056379	0.362200	0.342490	0.274291	0.387527	2.444182	-0.162795	2.140834	1.990098	1.647734	0.115840	-0.166156	0.102597	-0.407261	0.089187
-0.219928	-0.023015	-0.224542	0.163901	0.008561	0.630550	-0.304197	0.109090	0.117199	1.010046	4.867035	-0.132275	0.016265	0.624490	0.390976	0.080473	0.339399	0.307249	0.180564	0.368485	2.823804	-0.405873	1.930517	2.393075	1.745602	0.018487	-1.003661	-0.125415	-0.543571	0.003663
-0.018095	0.067409	-0.010087	0.006687	-0.046286	0.101745	0.436515	0.610002	0.815219	1.087915	0.484706	0.067011	1.200496	8.025780	1.596293	6.512114	1.068515	0.516256	0.730542	0.305533	0.134360	0.741855	0.176174	0.184844	0.224855	0.244443	0.582950	0.353803	0.853593	0.462709
-0.010385	0.082116	-0.000398	0.014439	-0.035138	0.106915	0.435193	0.661349	1.044539	1.074608	0.625645	0.304536	1.592926	6.950860	2.623248	9.214338	1.118418	0.468847	0.619415	0.278880	0.140959	0.606716	0.185779	0.196688	0.222416	0.249257	0.546662	0.312052	0.730802	0.419619
-0.015768	0.072012	-0.007470	0.009527	-0.044326	0.106638	0.519703	0.642876	0.669575	1.191691	0.440907	0.054096	1.020076	6.698918	1.249087	5.478369	1.054103	0.458746	0.680988	0.306000	0.107491	0.673035	0.159740	0.172976	0.201683	0.257208	0.531054	0.350340	0.857460	0.487985
-0.006837	0.094014	0.004536	0.020010	-0.030495	0.118454	0.509882	0.761421	1.034103	1.217086	0.678562	0.366559	1.666642	4.416717	2.722783	8.000997	1.247781	0.467908	0.607217	0.290214	0.134809	0.567794	0.190410	0.206103	0.221419	0.278631	0.546380	0.312473	0.737953	0.443404
-0.009879	0.089666	0.002031	0.017392	-0.031435	0.114246	0.371694	0.725457	1.766664	1.067395	0.909201	0.576391	2.547985	2.052492	5.066286	10.590643	1.292094	0.564375	0.666226	0.291541	0.200391	0.647753	0.238239	0.244600	0.278013	0.267214	0.660304	0.312867	0.702065	0.397466
-0.002265	0.111214	0.011978	0.026884	-0.023070	0.130751	0.477221	0.888243	1.655307	1.268771	1.019644	0.787709	2.896664	3.732699	4.918813	6.922082	1.470517	0.535562	0.620467	0.299327	0.181017	0.560836	0.237634	0.252523	0.264512	0.308897	0.630603	0.304493	0.695593	0.423171
0.014943	0.292307	0.087397	0.102328	0.026174	0.268885	0.103464	0.462235	0.653282	0.730615	1.102616	1.877794	-0.150326	0.285433	0.903920	-0.091589	0.518718	0.411996	0.395008	0.308746	0.802478	0.206963	0.836996	0.822848	0.730388	0.328888	0.365478	0.192215	0.128806	0.193599
0.025622	0.272758	0.083353	0.088694	0.022163	0.235003	0.159429	0.584667	0.904742	0.771123	1.776860	1.788410	-0.378841	0.162887	1.028350	-0.132489	0.613011	0.434578	0.420600	0.296629	0.635469	0.265708	0.679865	0.675872	0.612328	0.339197	0.475223	0.205876	0.219092	0.220405
-0.037375	0.557460	0.148016	0.247363	0.059677	0.655724	-0.051120	0.054552	0.126191	1.110844	-1.804907	1.501875	1.593521	0.672781	0.683955	0.043132	0.287468	0.382399	0.288862	0.392106	1.294299	-0.142454	1.450953	1.698747	1.038813	0.260870	-0.031518	0.027176	-0.134726	-0.004877
-0.078206	0.485640	0.089571	0.289236	0.056289	0.925892	-0.197817	-0.183257	0.043304	1.520237	-2.089674	-0.355647	1.148380	0.786225	0.594468	0.110918	0.245294	0.401400	0.262357	0.454226	1.356699	-0.297055	1.558933	2.137414	1.103076	0.152547	-0.162598	-0.054827	-0.234831	-0.198955
-0.203297	-0.132671	-0.157180	0.429551	0.038881	3.110948	-1.143894	-1.188196	-0.429240	1.049086	-0.967550	-0.895955	-0.688116	0.370310	-0.111738	0.098372	0.364438	0.375751	-0.070677	0.253570	-1.351036	-0.918351	-0.963472	0.045673	-0.531207	-1.207539	-1.021928	-0.670176	-0.509870	-1.747050
-0.002724	0.124986	0.013652	0.032669	-0.022486	0.155337	0.628589	1.203591	1.617874	1.704470	1.159980	0.718996	2.950760	0.219348	4.354903	0.625684	2.033490	0.624929	0.706644	0.355718	0.185203	0.602368	0.262579	0.284755	0.287833	0.392779	0.720193	0.343898	0.809784	0.510368
-0.005189	0.142115	0.014770	0.040007	-0.022072	0.191424	0.776519	1.864719	1.908038	2.455973	1.697288	0.710030	3.770343	0.250121	3.839646	-3.511760	3.317614	0.836144	0.867671	0.445747	0.233484	0.696592	0.336806	0.364343	0.360746	0.539640	0.954636	0.402546	0.960287	0.618278
0.002338	0.136142	0.020646	0.036506	-0.016090	0.154055	0.515030	1.137960	2.221974	1.469490	1.488035	1.410544	4.900685	3.879136	5.625189	-0.109492	1.773550	0.609971	0.651709	0.328414	0.223170	0.557091	0.292260	0.309703	0.311416	0.372298	0.733557	0.313016	0.700825	0.441336
-0.003075	0.107449	0.011208	0.025188	-0.023017	0.124768	0.394233	0.812419	2.048511	1.122356	1.115272	0.951864	3.407711	2.722182	6.229175	6.444405	1.357506	0.544219	0.614663	0.287145	0.208665	0.570668	0.254170	0.263773	0.283626	0.288072	0.651507	0.294323	0.649140	0.386009
0.001194	0.127736	0.019118	0.033138	-0.016381	0.141601	0.386487	0.945123	2.999390	1.191065	1.605140	1.750224	5.909608	1.278362	7.009625	1.306133	1.489591	0.594420	0.624411	0.302750	0.259204	0.557275	0.309748	0.318269	0.332299	0.326694	0.737285	0.293291	0.620945	0.380613
-0.284761	-0.460094	-0.288712	0.581050	0.042150	4.266847	-0.533773	-0.696209	-0.332305	1.791192	-0.460404	-0.817877	-0.492384	0.398125	-0.048448	0.092898	0.407299	0.384499	-0.058150	0.204851	-1.710242	-0.935770	-1.170390	-0.111563	-0.728350	-1.068454	-0.544044	-1.376540	-0.346519	-1.832286
1.132448	0.053247	2.867522	0.268404	0.446660	0.114066	-0.023770	-0.050843	-0.031427	0.029078	0.014593	-0.054538	-0.085596	0.059041	0.009810	-0.017341	0.046823	0.068192	0.056472	0.041849	0.054456	-0.013700	0.047354	0.158839	0.011456	0.067021	0.056244	-0.114833	-0.162212	-0.070509
-0.196469	0.085161	1.260339	0.294508	0.367613	0.126340	-0.016667	-0.040248	-0.022931	0.056045	0.036177	-0.039052	-0.079689	0.066462	0.025282	-0.015643	0.056677	0.075789	0.064629	0.050241	0.065426	-0.007690	0.067054	0.196824	0.033632	0.074847	0.071650	-0.103563	-0.139556	-0.058475
-0.336129	0.021491	2.963375	0.279724	0.370129	0.123040	-0.028713	-0.050094	-0.031192	0.042445	0.027818	-0.062442	-0.092909	0.068740	0.013719	-0.016669	0.056308	0.076800	0.071789	0.050750	0.090880	0.008052	0.078587	0.225318	0.035619	0.098373	0.081774	-0.102376	-0.160010	-0.060497
-0.151515	0.116379	-0.065574	0.361273	0.042167	2.032979	-1.302635	1.023504	-0.392074	1.252774	-1.067511	-1.084027	-0.682194	0.524732	0.034881	0.149983	0.317349	0.386122	0.072041	0.433870	-0.434503	-0.717970	-0.190659	1.196729	0.161452	-0.843756	-0.619052	-0.322885	-0.371889	-1.774465
-0.745440	-2.649506	-2.166885	0.778652	0.110763	0.971727	0.092265	-0.010210	-0.097827	0.691455	0.397106	-0.306262	-0.187105	0.274984	0.060758	0.020889	0.210223	0.244304	0.108450	0.153525	-0.806638	-0.279076	-0.675741	0.562073	-0.165715	-0.306929	0.775099	-0.603563	0.545572	0.084630
-0.100182	0.056966	-0.070949	0.148986	-0.026335	1.130181	-0.025437	-3.580590	-0.783552	-1.035048	-1.579367	-1.026921	-1.355315	0.095177	-0.447662	0.012784	-0.082026	0.249738	0.016371	0.400784	-0.617013	-0.476210	-0.279016	0.187182	-0.110307	0.000641	-0.912993	0.822487	0.813526	0.114564
-0.024582	0.127284	-0.005548	0.043239	-0.038847	0.275200	2.112845	2.662265	-1.026255	5.077596	-0.052096	-0.861480	-1.612898	-1.264313	-0.201708	-0.096410	-1.383510	0.651182	1.093265	0.732948	0.105081	0.770912	0.280078	0.362673	0.330201	0.859135	0.714921	0.619352	1.610703	1.263477
-0.232183	-0.437050	-0.289455	0.062344	-0.173857	0.186021	1.352803	-0.956775	-0.362936	-1.063370	-0.571687	-0.482510	-0.493148	0.052081	-0.316358	-0.058392	-0.075522	0.139358	-0.522994	-0.223829	-1.606599	-1.168140	-1.198959	-1.516011	-1.345924	-1.140770	-0.705686	-0.734212	-1.815036	-3.197229
-0.067803	0.066162	-0.054501	0.051149	-0.073677	0.552325	13.403868	-2.573742	-1.732153	-6.824533	-1.824852	-1.396626	-2.418272	-0.567925	-1.323046	-0.280256	-0.023201	-0.122110	0.794062	1.247808	-0.222116	0.402804	0.080782	0.343419	0.228969	1.293085	-0.246525	1.222184	2.911836	4.375256
-0.074799	0.103297	-0.045575	0.112869	-0.032355	0.800546	8.920914	-3.412218	-0.959637	-2.574805	-1.693751	-1.145117	-1.778455	-0.045504	-0.531568	-0.061886	-0.070926	0.187926	0.280568	0.629709	-0.337600	-0.133566	-0.014007	0.358514	0.112258	0.683090	-0.568401	0.917740	1.461507	2.292652
-2.963661	-0.188855	0.466462	0.387160	0.784087	0.140678	0.004253	-0.081464	-0.053738	0.009713	-0.017556	-0.083269	-0.107113	0.060907	-0.008950	-0.021503	0.039051	0.074068	0.036479	0.032742	-0.060916	-0.074898	-0.025170	0.059436	-0.085724	0.017535	0.035908	-0.191748	-0.208548	-0.110837
0.778888	-0.007189	1.052239	0.252625	0.587483	0.113307	-0.021463	-0.060544	-0.038760	0.011475	-0.002616	-0.062211	-0.089272	0.053670	-0.000387	-0.019151	0.038426	0.063606	0.044063	0.034067	0.016200	-0.035490	0.016254	0.104977	-0.022355	0.044563	0.039220	-0.138389	-0.179402	-0.086667
0.911997	0.012879	2.942058	0.265703	0.533376	0.118826	-0.028056	-0.063264	-0.041165	0.012113	0.000280	-0.073120	-0.096648	0.058735	-0.002563	-0.019033	0.042970	0.067951	0.055112	0.038743	0.048342	-0.018025	0.035823	0.145765	-0.009095	0.068289	0.053384	-0.129305	-0.187903	-0.081369
-0.799587	-0.080545	0.250294	0.260630	0.709381	0.123125	-0.014229	-0.070441	-0.045895	0.005201	-0.012262	-0.071594	-0.096612	0.054645	-0.006265	-0.020582	0.036226	0.065780	0.038187	0.031483	-0.018231	-0.054246	-0.005484	0.075828	-0.051892	0.030358	0.033640	-0.163280	-0.195354	-0.100023
-0.006590	0.110985	0.007090	0.028425	-0.028588	0.150081	0.796009	1.018423	0.539090	1.686687	0.565548	0.146843	0.966781	-0.935092	0.947274	0.990850	1.394592	0.465727	0.646240	0.350395	0.106005	0.554287	0.190221	0.220006	0.217707	0.363396	0.542185	0.356378	0.870118	0.573734
-0.008464	0.093209	0.002414	0.020502	-0.033362	0.125406	0.661854	0.769261	0.540718	1.351323	0.464172	0.130794	0.924059	0.456172	0.966742	3.482962	1.064501	0.399128	0.590641	0.305289	0.090847	0.541353	0.159763	0.182139	0.189215	0.292821	0.478811	0.332383	0.808288	0.510521
-0.013372	0.077500	-0.004598	0.012892	-0.041493	0.112093	0.602290	0.660804	0.499495	1.250200	0.386213	0.039615	0.816465	2.141847	0.748796	4.322319	0.950112	0.393432	0.619753	0.301536	0.084337	0.598254	0.145345	0.163020	0.181006	0.264940	0.474892	0.343464	0.843804	0.506688
-0.055119	0.131481	-0.027591	0.085096	-0.038004	0.588891	8.115699	-1.793600	-1.346183	-5.857645	-1.834667	-1.447990	-2.800322	-0.290822	-0.547442	-0.197544	0.333221	0.220919	0.757367	0.963686	-0.067591	0.304721	0.249221	0.529754	0.344195	1.418522	-0.076395	0.941884	2.009441	2.757602
-0.127523	0.437917	0.073292	0.415690	0.081814	1.343402	-0.323275	0.710487	-0.107386	1.715454	-0.168743	-0.601095	0.124858	0.583527	0.311170	0.098680	0.254369	0.356051	0.159000	0.383999	0.584238	-0.454315	0.670281	1.683375	0.622438	-0.270945	-0.024717	-0.333757	-0.291046	-0.534036
0.006045	0.360785	0.113721	0.136848	0.039091	0.335219	0.045965	0.303672	0.387087	0.718828	0.826719	2.249982	0.251720	0.403758	0.762910	-0.043681	0.403809	0.368027	0.338602	0.313187	0.984775	0.095741	1.011779	1.022335	0.836597	0.294861	0.222654	0.143905	0.011293	0.142223
0.026428	0.640446	0.204198	0.213574	0.063704	0.502704	0.073254	0.147094	0.165741	0.908420	-0.495573	1.891995	1.160615	0.522073	0.747396	-0.030186	0.310440	0.381658	0.319376	0.353163	0.953948	-0.013053	1.099167	1.237715	0.827232	0.342147	0.176847	0.095070	0.009864	0.082765
0.042269	0.531834	0.180241	0.171087	0.054393	0.393850	0.109212	0.270557	0.287894	0.820448	0.379550	1.797850	0.566973	0.420370	0.804892	-0.068287	0.373359	0.383785	0.340559	0.327260	0.855291	0.071689	0.960186	1.027169	0.757482	0.352056	0.265622	0.132677	0.066833	0.135860
-0.061404	0.240072	0.028821	0.126943	0.025089	0.365249	-0.059289	0.225909	0.330510	0.688231	1.382598	2.421372	0.194617	0.506350	0.670151	0.001400	0.377500	0.350274	0.317002	0.337803	1.461155	0.017031	1.375577	1.325631	1.135375	0.225303	0.065277	0.137914	-0.155324	0.123078
-0.056454	0.397608	0.105623	0.202019	0.051830	0.493283	-0.060662	0.158413	0.204219	0.840586	1.327490	3.191693	0.703363	0.533224	0.601422	0.020573	0.318468	0.334279	0.268990	0.331898	1.343238	-0.085752	1.325993	1.459779	1.031136	0.194042	-0.005406	0.036483	-0.160668	0.052310
0.012245	0.488886	0.171700	0.182596	0.056648	0.407383	0.026436	0.211447	0.254197	0.752086	0.600340	2.824036	0.567293	0.435431	0.664054	-0.021739	0.335028	0.339948	0.294661	0.308286	0.992692	0.012538	1.032499	1.120850	0.824459	0.258733	0.149140	0.085610	-0.036785	0.092395
-3.599911	-1.256277	-5.805443	0.694488	0.921811	0.149737	0.029779	-0.104043	-0.068829	-0.000019	-0.034917	-0.109003	-0.126269	0.066794	-0.020919	-0.023239	0.039591	0.083090	0.030743	0.030615	-0.129565	-0.108919	-0.065801	0.009177	-0.147763	-0.004847	0.030830	-0.248137	-0.249313	-0.133132
-0.044148	0.098086	-0.027793	0.044773	-0.055904	0.368821	4.893818	0.284620	-1.482740	1.415785	-1.001064	-1.110629	-2.088824	-1.131291	-1.189066	-1.251931	-2.214326	0.071335	0.938312	0.951193	-0.066365	0.607124	0.158679	0.304502	0.241512	0.974744	0.237046	0.837453	2.122074	2.207116
-0.032140	0.141084	-0.008476	0.059564	-0.035600	0.367997	3.431751	1.845119	-1.344617	2.517886	-0.771561	-1.165559	-2.550813	-0.809048	-0.175691	-0.548337	-1.465451	0.434517	1.001807	0.844657	0.063142	0.624523	0.290047	0.425982	0.344938	1.096114	0.489235	0.717239	1.776556	1.688718
-0.157050	-0.225093	-0.181759	0.010299	-0.164662	0.393381	-3.024834	-1.093454	-0.425480	-1.460048	-0.643810	-0.501500	-0.560355	-0.022161	-0.415652	-0.110013	-0.291719	-0.028199	-0.658305	-0.444850	-1.129245	-0.950943	-0.827098	-0.930819	-0.917914	-0.853122	-0.656945	0.118127	-0.775908	-1.584802
-0.123950	-0.112866	-0.128649	0.056975	-0.096932	0.636114	-0.572797	-1.420067	-0.517102	-1.682252	-0.784807	-0.580706	-0.699860	-0.060122	-0.487000	-0.138777	-0.442570	-0.055730	-0.527134	-0.313418	-0.914335	-0.730268	-0.638491	-0.586940	-0.642322	-0.625304	-0.668720	0.511561	-0.027425	-0.017911
-0.720899	-2.199821	-1.081412	-0.171884	4.208488	-0.337833	0.062113	-0.239520	-0.136670	-0.151826	-0.158106	-0.201800	-0.205438	0.060743	-0.090631	-0.036711	0.009699	0.093435	-0.071685	-0.021248	-0.571446	-0.363593	-0.379421	-0.513883	-0.480917	-0.232467	-0.116975	-0.713110	-0.617276	-0.459578
-1.364930	-6.566445	-2.066084	2.496856	1.762278	-0.034372	0.149015	-0.180104	-0.110213	-0.030259	-0.103036	-0.165669	-0.176020	0.075989	-0.048043	-0.028977	0.034513	0.104881	-0.019701	0.011857	-0.425911	-0.267951	-0.245752	-0.256831	-0.343354	-0.155916	-0.047530	-0.475334	-0.396950	-0.277834
-0.781643	-3.554132	-0.949665	3.512503	1.573158	-0.059435	0.247072	-0.250136	-0.142355	-0.056933	-0.160482	-0.213793	-0.218669	0.084612	-0.068640	-0.031423	0.034216	0.123453	-0.055900	-0.001978	-0.632215	-0.380844	-0.379473	-0.440465	-0.474833	-0.274541	-0.119805	-0.583799	-0.521458	-0.416294
-0.620214	-2.074907	-0.847007	2.084068	1.746372	-0.442568	0.217174	-0.305136	-0.163934	-0.162340	-0.201677	-0.245191	-0.244082	0.075060	-0.103467	-0.035972	0.019147	0.119750	-0.096944	-0.030150	-0.783013	-0.466937	-0.507641	-0.680989	-0.615062	-0.345779	-0.173527	-0.772673	-0.738039	-0.579334
-0.419947	-1.001363	-0.605572	-0.987534	1.248483	0.149112	-0.290327	-0.279898	-0.156118	-0.292270	-0.199071	-0.219384	-0.221667	0.037569	-0.133168	-0.048108	-0.028061	0.062699	-0.146762	-0.066018	-0.644414	-0.453487	-0.464167	-0.695992	-0.574957	-0.291373	-0.176762	-0.977284	-0.803333	-0.731671
-0.144862	-0.127807	-0.130046	0.193022	0.024529	0.995304	-1.056802	-1.258742	-0.429886	-0.939838	-0.731378	-0.546019	-0.635016	0.033263	-0.317986	-0.077003	-0.161800	0.112580	-0.307886	-0.078830	-0.963970	-0.715410	-0.669835	-0.563371	-0.637346	-0.669944	-0.663075	0.128104	-0.372985	-0.876529
-0.201240	-0.333123	-0.217923	0.206665	0.017445	0.797864	0.336568	-1.011232	-0.365912	-0.874539	-0.597229	-0.483150	-0.517324	0.052679	-0.288104	-0.060978	-0.088029	0.129111	-0.388626	-0.160573	-1.257173	-0.900138	-0.918613	-1.001258	-0.952746	-0.898822	-0.655951	-0.304983	-1.038270	-1.401537
-0.129680	-0.040041	-0.109290	0.176849	-0.022164	1.417843	-2.481841	-2.475501	-0.609977	-0.988037	-1.169583	-0.803048	-0.951307	0.090098	-0.398595	-0.019533	-0.090075	0.222940	-0.223912	0.114345	-0.961881	-0.739950	-0.634165	-0.278786	-0.487475	-0.654666	-0.977858	0.543417	0.060349	-1.533220
-1.934990	-0.120657	-0.061015	0.342383	0.235788	0.195324	-0.012319	-0.016996	-0.005268	0.150499	0.124597	-0.008932	-0.077453	0.105705	0.069721	-0.011689	0.094800	0.110078	0.097758	0.083943	0.112533	0.004836	0.135920	0.359551	0.113609	0.114559	0.147553	-0.094619	-0.094955	-0.030974
-1.121906	-0.032962	0.403392	0.285822	0.284827	0.141371	-0.024646	-0.035400	-0.019213	0.081298	0.063132	-0.042915	-0.086491	0.081095	0.035477	-0.014370	0.071290	0.088127	0.083955	0.063594	0.109649	0.016766	0.109036	0.285846	0.073738	0.113123	0.108272	-0.090620	-0.131220	-0.044693
-0.156713	-0.057211	-0.107469	0.333803	0.069097	1.754023	-0.778017	-1.249880	-0.434117	-0.256186	-0.871477	-0.655994	-0.700993	0.153998	-0.219276	-0.007727	0.043139	0.245673	-0.150161	0.105892	-1.013671	-0.729656	-0.683357	-0.330391	-0.541021	-0.749567	-0.797543	-0.027736	-0.367081	-1.206538
-0.108155	-0.036560	-0.096457	0.104819	-0.044729	0.795850	1.076708	-1.736077	-0.575534	-1.557992	-0.919912	-0.656729	-0.837582	-0.052061	-0.474504	-0.131229	-0.415341	0.024427	-0.306254	-0.047798	-0.775412	-0.571459	-0.499795	-0.333469	-0.445827	-0.411812	-0.670333	0.588777	0.335925	0.384932
-2.346877	-0.934258	0.211120	0.680638	0.222884	0.419472	0.029576	-0.014333	-0.028217	0.326458	0.237421	-0.052643	-0.096144	0.175606	0.091501	-0.004228	0.136652	0.164474	0.111178	0.119554	-0.069787	-0.081302	0.066578	0.499512	0.074036	0.052780	0.286839	-0.198554	0.006910	-0.024359
-0.011484	0.157745	0.011883	0.051911	-0.022808	0.256244	1.481144	2.871472	-0.412049	3.524399	0.557706	-0.428046	-0.779045	-1.101912	0.704874	-0.912441	1.503224	0.712191	0.912753	0.575319	0.164817	0.652216	0.320906	0.386973	0.346027	0.742842	0.784202	0.498137	1.226840	0.923361
-0.005683	0.158426	0.017143	0.048409	-0.019607	0.224596	1.047906	2.463703	0.212117	3.017993	1.303158	0.129891	1.163919	-1.227706	1.511718	-1.526711	3.104392	0.799328	0.881728	0.501015	0.212545	0.663220	0.343546	0.388353	0.362785	0.644591	0.901428	0.438564	1.058757	0.735296
-0.332305	-0.082276	-0.274862	0.381277	0.246655	0.211009	0.003589	-0.007512	0.002368	0.169445	0.132202	0.024182	-0.062316	0.106071	0.084811	-0.011578	0.096739	0.112642	0.092854	0.085497	0.097615	-0.014686	0.127828	0.332156	0.109610	0.086579	0.129414	-0.099096	-0.083936	-0.033787
-0.762510	-0.030142	0.194970	0.285457	0.242278	0.157438	-0.012866	-0.013974	0.000103	0.118755	0.097669	0.004797	-0.065363	0.086497	0.065017	-0.012186	0.082259	0.094771	0.086057	0.072243	0.116672	0.006163	0.121540	0.290781	0.104216	0.096589	0.106206	-0.082787	-0.103189	-0.034656
-0.442086	0.004261	0.276691	0.271831	0.283656	0.133048	-0.012806	-0.022441	-0.007265	0.085230	0.064706	-0.008004	-0.065591	0.071649	0.047689	-0.013357	0.067280	0.081437	0.072278	0.059051	0.089980	-0.000393	0.091627	0.228356	0.070533	0.079413	0.080234	-0.086512	-0.114013	-0.044029
-0.056463	0.072749	-0.047829	0.309780	0.349460	0.132646	-0.006073	-0.031148	-0.015399	0.071649	0.046086	-0.017827	-0.069093	0.066688	0.037381	-0.014784	0.059231	0.077356	0.062203	0.052092	0.053615	-0.016437	0.064869	0.187331	0.037161	0.061515	0.067687	-0.100912	-0.121431	-0.054873
-0.087781	-0.036481	-0.090886	0.007049	-0.130169	0.385529	9.179206	-1.362278	-0.704339	-2.189637	-0.869354	-0.665237	-0.868461	-0.284514	-0.826723	-0.340342	-1.317307	-0.474732	-0.500171	-0.238887	-0.625975	-0.347539	-0.391720	-0.309826	-0.363222	-0.198255	-0.503549	0.890193	1.175254	2.591275
-0.103956	-0.071136	-0.108483	0.022514	-0.123598	0.475664	4.404463	-1.418479	-0.592544	-2.005134	-0.820916	-0.611788	-0.767524	-0.150433	-0.623639	-0.213967	-0.767864	-0.235743	-0.566469	-0.380236	-0.768667	-0.576958	-0.515549	-0.451500	-0.509876	-0.431241	-0.597565	0.733138	0.532361	1.499682
-0.071257	0.050577	-0.056584	0.064027	-0.062020	0.555225	12.231503	-1.937574	-0.903742	-2.381107	-1.168090	-0.868627	-1.320796	-0.307843	-0.784181	-0.326979	-1.000317	-0.112632	0.092857	0.426288	-0.417341	-0.076195	-0.159383	0.046452	-0.072158	0.330502	-0.420450	0.897316	1.572936	2.860813
-0.087730	-0.009050	-0.079053	0.062442	-0.066641	0.535388	6.952736	-1.461979	-0.613242	-1.696622	-0.860153	-0.634022	-0.854718	-0.166637	-0.579137	-0.234081	-0.726645	-0.129801	-0.275978	-0.042109	-0.608753	-0.382454	-0.365666	-0.238611	-0.326825	-0.185140	-0.509342	0.668649	0.742033	1.536792
-0.081107	-0.009153	-0.082984	0.004602	-0.128568	0.422145	11.496408	-1.708920	-1.107161	-3.125723	-1.192254	-0.921135	-1.274607	-0.535708	-1.376428	-0.505383	-3.168382	-0.825293	-0.164122	0.522958	-0.519565	0.037583	-0.270039	-0.120377	-0.169050	0.212633	-0.479660	1.271284	2.573508	4.393901
-0.022157	0.089853	-0.010890	0.020948	-0.048989	0.177161	1.290799	1.132209	-0.187550	2.752094	0.159124	-0.401595	-0.171714	-2.365308	-1.166582	-3.102743	0.704894	0.484796	0.900549	0.521590	0.056929	0.749916	0.169611	0.213198	0.218436	0.482590	0.571003	0.503122	1.321034	0.895950
-0.013445	0.127013	0.003952	0.038468	-0.031003	0.210945	1.371583	1.656051	-0.171312	2.819719	0.336397	-0.298883	-0.214587	-1.504767	-0.016781	-1.191215	1.070649	0.536465	0.814627	0.503881	0.096490	0.625836	0.224799	0.279195	0.258235	0.561348	0.609035	0.467425	1.175014	0.860321
-0.007251	0.132087	0.010471	0.037539	-0.025588	0.188189	0.973773	1.621818	0.537497	2.422460	0.825324	0.104585	1.034158	-1.780753	1.008935	-1.132250	2.408351	0.640579	0.794290	0.440359	0.149692	0.632503	0.257661	0.296472	0.285130	0.503788	0.714579	0.409978	1.008734	0.684222
-0.013580	0.107681	0.000207	0.028029	-0.036110	0.172621	1.058356	1.256569	0.221912	2.334875	0.437664	-0.143281	0.375116	-1.873182	-0.068677	-1.416924	1.625141	0.532850	0.791814	0.443175	0.095468	0.654898	0.198882	0.237411	0.235226	0.454059	0.603055	0.431233	1.091988	0.737073
0.030168	0.319180	0.087128	0.097804	0.021346	0.282573	0.381201	1.158291	1.142842	1.266031	2.862693	4.137686	-2.689539	-0.059394	1.451327	-0.488985	0.872298	0.590453	0.547084	0.377109	0.546791	0.343186	0.678244	0.696138	0.590932	0.558187	0.782820	0.274625	0.432848	0.341940
-0.228623	-0.266976	-0.161654	0.598050	0.153569	2.156491	-1.145069	-0.819333	-0.330752	0.065922	-0.607984	-0.549752	-0.515254	0.186434	-0.138570	0.002465	0.120836	0.259814	-0.129175	0.063239	-1.203245	-0.760193	-0.825975	-0.551148	-0.696958	-0.835810	-0.649787	-0.489704	-0.597818	-0.987136
-0.179517	-0.196432	-0.147594	0.349943	0.117052	1.269896	-0.679273	-1.004454	-0.364160	-0.506316	-0.644764	-0.509307	-0.553426	0.091138	-0.224893	-0.044063	-0.029937	0.175922	-0.225398	-0.020312	-1.052888	-0.728790	-0.734370	-0.615556	-0.683889	-0.733716	-0.633662	-0.178572	-0.591315	-0.898221
-0.243929	-0.442315	-0.230609	0.513087	0.198620	0.973546	-0.566531	-0.801682	-0.310147	-0.387233	-0.516717	-0.450557	-0.460170	0.102317	-0.192060	-0.035680	0.013569	0.184320	-0.225022	-0.053004	-1.211055	-0.775268	-0.855134	-0.867947	-0.840087	-0.793558	-0.565592	-0.482301	-0.878446	-0.763750
-0.287721	-0.617737	-0.338096	0.433731	0.097062	0.005530	0.288140	-0.803911	-0.311043	-0.552764	-0.493753	-0.450309	-0.444555	0.093737	-0.223844	-0.036422	0.014314	0.190284	-0.299683	-0.119631	-1.533252	-0.947521	-1.113245	-1.354564	-1.160609	-0.968415	-0.602678	-0.782795	-1.430599	-0.887306
-0.017329	0.316993	0.045990	0.131721	0.010979	0.545233	1.297904	0.141540	0.589902	1.041716	-1.514968	-1.110299	0.354314	0.048290	0.985294	-0.585589	-0.199253	0.697113	0.752064	0.704488	0.502273	0.306714	0.864913	1.045734	0.738533	1.471991	0.638615	0.531835	0.910085	0.803005
0.039595	0.317393	0.100602	0.097704	0.027474	0.250307	0.221910	0.673168	0.919391	0.869852	2.013166	2.582920	-0.757433	0.136228	1.121188	-0.196985	0.644693	0.453110	0.430948	0.305781	0.572838	0.263612	0.647865	0.659656	0.570940	0.383618	0.528035	0.209407	0.267397	0.239139
0.041364	0.280699	0.087433	0.083246	0.022524	0.216249	0.285956	0.794966	1.150833	0.917428	2.225709	5.605321	-0.837509	0.038207	1.305025	-0.245605	0.751694	0.453398	0.439476	0.287651	0.430119	0.300162	0.502266	0.522211	0.458916	0.366210	0.565186	0.215522	0.341108	0.264739
0.010429	0.172344	0.039644	0.050935	-0.000505	0.169127	0.243709	0.818781	2.234676	0.909713	2.640847	5.090450	2.284998	-0.161980	1.834658	-0.126060	1.000909	0.528118	0.525654	0.291171	0.421863	0.437384	0.459938	0.456660	0.458673	0.327004	0.698219	0.253180	0.415582	0.291532
0.019780	0.199295	0.051318	0.058829	0.005125	0.181775	0.306971	0.943722	2.126153	1.026762	2.752504	7.108174	2.332209	-0.009839	2.009074	-0.274368	1.060692	0.528652	0.518378	0.296815	0.385468	0.410023	0.444002	0.451341	0.431441	0.360724	0.698442	0.250703	0.440049	0.308634
0.038131	0.264023	0.085331	0.080706	0.022252	0.205575	0.208854	0.633660	1.038953	0.774703	1.945430	4.283185	-0.301739	0.070065	1.121919	-0.139963	0.652091	0.414828	0.407083	0.269345	0.474928	0.279310	0.523066	0.535552	0.482810	0.317260	0.492328	0.197857	0.272592	0.227887
0.025372	0.208003	0.060716	0.062977	0.011419	0.176343	0.217164	0.677022	1.387382	0.783659	2.106219	5.732952	0.525033	-0.001283	1.340710	-0.096529	0.755429	0.433353	0.434461	0.262730	0.420133	0.334861	0.457378	0.463572	0.441224	0.298715	0.540945	0.212774	0.322154	0.245560
-0.111640	-0.063111	0.777273	0.488769	0.234075	0.300050	0.020251	0.006333	0.006141	0.256522	0.192731	0.056735	-0.051895	0.138866	0.116533	-0.009866	0.119348	0.139412	0.103731	0.107618	0.091133	-0.047370	0.145889	0.406699	0.135911	0.066115	0.157730	-0.125936	-0.059566	-0.035351
-2.165001	-0.190994	-0.630257	0.388564	0.212682	0.248389	-0.007682	-0.006766	-0.000260	0.209047	0.179591	0.007605	-0.074624	0.129896	0.091724	-0.009654	0.113242	0.129051	0.108733	0.100768	0.114584	-0.009546	0.153171	0.429053	0.143750	0.114458	0.186488	-0.107470	-0.072379	-0.024278
-0.010320	0.195911	0.021106	0.069353	-0.013614	0.315963	1.609535	4.642598	-0.620697	3.554364	0.467057	-0.740195	-1.952581	-1.131396	1.212100	-1.371815	0.643100	0.789326	0.932879	0.633293	0.234890	0.613029	0.431226	0.516139	0.437279	0.956781	0.886573	0.524450	1.230186	0.977700
-0.648809	-1.023349	0.867356	1.024000	0.237604	0.717816	0.088761	0.001681	-0.052676	0.506724	0.245417	-0.094460	-0.092705	0.220085	0.107861	0.003149	0.159471	0.200222	0.096200	0.139911	-0.182496	-0.205886	0.004242	0.500023	0.025529	-0.111985	0.237917	-0.348711	0.017238	-0.091787
-0.491392	-2.130818	0.057828	1.031426	0.198797	1.113849	0.104631	0.033104	-0.085218	0.742512	0.266562	-0.208317	-0.115388	0.273165	0.107838	0.017323	0.193205	0.237621	0.085924	0.163699	-0.297469	-0.320777	-0.059637	0.564808	-0.011615	-0.273231	0.234761	-0.524983	0.025274	-0.175398
-0.504945	-2.737313	-0.420389	1.269744	0.188549	1.892861	0.294044	-0.053399	-0.149089	0.843867	0.091903	-0.368097	-0.216259	0.278104	0.044458	0.025314	0.212536	0.265087	0.043868	0.142256	-0.712220	-0.472002	-0.230546	0.304175	-0.294432	-0.455836	0.148171	-0.847295	0.003990	-0.365286
-0.418236	2.072214	1.555378	1.230465	0.293419	0.783447	0.127372	-0.017590	-0.067385	0.482815	0.124777	-0.103135	-0.102944	0.206476	0.099375	-0.001552	0.144952	0.197918	0.077881	0.131662	-0.224352	-0.241794	-0.009352	0.383567	-0.032058	-0.150177	0.125191	-0.370372	-0.052000	-0.167964
-1.045647	-3.596303	-1.174615	0.917473	0.191467	0.675896	0.078828	-0.017090	-0.062614	0.484558	0.294929	-0.159787	-0.131252	0.222787	0.080258	0.005980	0.166515	0.202162	0.107847	0.135770	-0.358615	-0.177440	-0.127705	0.539219	-0.034487	-0.079224	0.426828	-0.358571	0.159656	-0.008346
0.011098	0.181313	0.037293	0.052694	-0.004351	0.188768	0.517173	1.434491	2.320561	1.570357	2.430337	3.729547	9.391336	0.981039	3.444251	-1.262145	1.743455	0.652563	0.644307	0.351976	0.297963	0.511175	0.384673	0.404284	0.384263	0.449731	0.834224	0.309834	0.651373	0.433543
0.004571	0.153277	0.026987	0.042717	-0.011147	0.167947	0.433821	1.225512	3.838596	1.417175	2.362668	3.261365	12.319874	1.091277	5.668323	-1.066118	1.777022	0.676260	0.667913	0.339351	0.306682	0.563662	0.374307	0.383984	0.386319	0.402288	0.867093	0.310104	0.646467	0.410480
0.005572	0.160528	0.031049	0.045822	-0.007314	0.170109	0.326505	1.057667	3.897421	1.164444	2.899553	4.225225	9.307077	-0.316654	3.177355	-0.379122	1.409333	0.638957	0.622348	0.323715	0.380270	0.528150	0.434323	0.433858	0.440839	0.377183	0.860161	0.290289	0.543150	0.354471
0.014818	0.183083	0.042053	0.052991	-0.000768	0.177627	0.388727	1.124450	2.639736	1.228511	2.560996	5.409938	8.272174	0.271683	2.951204	-0.518710	1.352713	0.583494	0.574353	0.314701	0.331849	0.464039	0.400169	0.412068	0.396873	0.387827	0.765490	0.275605	0.536783	0.359413
-0.003561	0.439595	0.089054	0.168178	0.033188	0.582888	0.637914	-0.206620	0.061113	1.059072	-0.833074	1.914431	1.754621	0.493472	0.981423	-0.250127	0.016894	0.580458	0.558818	0.572337	0.647498	0.139321	1.001570	1.189980	0.784770	1.051407	0.446850	0.368455	0.502479	0.399618
-0.309067	-0.644453	-0.401817	-0.208599	1.986327	-0.053181	-0.160657	-0.151957	-0.094757	-0.156380	-0.112135	-0.123807	-0.137971	0.019229	-0.078489	-0.041471	-0.027710	0.026341	-0.078462	-0.039552	-0.265565	-0.222670	-0.197370	-0.266560	-0.245999	-0.120514	-0.084706	-0.387245	-0.362457	-0.314990
-0.685316	-2.391571	-0.963945	2.286030	0.244792	1.785562	0.984706	-0.247413	-0.179134	0.423538	-0.092022	-0.367901	-0.277715	0.204578	-0.038303	0.006579	0.165493	0.247024	0.003204	0.059369	-1.030748	-0.521160	-0.354701	-0.226187	-0.633608	-0.449567	0.003532	-1.079721	-0.157995	-0.330860
-0.476939	-1.071761	0.282472	1.595950	0.317516	1.212457	0.251061	-0.097944	-0.126775	0.520013	-0.018159	-0.245487	-0.188292	0.214240	0.046123	0.002906	0.149837	0.219403	0.038587	0.117157	-0.524515	-0.376641	-0.181612	0.170306	-0.236079	-0.307544	0.022012	-0.570212	-0.131832	-0.352931
-0.006334	0.668747	0.162597	0.254875	0.065611	0.736507	0.096618	-0.178663	0.025742	1.027805	-0.696321	1.102213	0.913622	0.645825	0.687246	0.004242	0.146560	0.425317	0.339551	0.448476	0.816121	-0.109507	1.105768	1.445262	0.812351	0.449467	0.113628	0.121628	0.067835	-0.015651
-0.621202	-1.555462	-0.823284	0.181404	6.974300	-0.007328	-0.048440	-0.167807	-0.101359	-0.115111	-0.113105	-0.138497	-0.155087	0.040996	-0.065017	-0.037044	-0.003218	0.059926	-0.053609	-0.016784	-0.331002	-0.243408	-0.223759	-0.278753	-0.288439	-0.136822	-0.077005	-0.442360	-0.398129	-0.320810
-0.425640	-1.122747	-0.547943	0.015151	8.524690	-0.055426	-0.122506	-0.199082	-0.116769	-0.167612	-0.141825	-0.155177	-0.172076	0.032930	-0.084859	-0.043682	-0.020815	0.051139	-0.089435	-0.039122	-0.398902	-0.292957	-0.274577	-0.361147	-0.341723	-0.181460	-0.111490	-0.492554	-0.451004	-0.411899
-0.556930	-1.121339	-0.768808	-0.067829	3.669258	0.027861	-0.086467	-0.152573	-0.094246	-0.124255	-0.103822	-0.130721	-0.143798	0.034871	-0.067289	-0.036130	-0.006710	0.049015	-0.048784	-0.017464	-0.272172	-0.216200	-0.197767	-0.254894	-0.255286	-0.108682	-0.067886	-0.428749	-0.391076	-0.295999
-0.501215	-1.451262	-0.677057	0.082341	6.208401	-0.105244	-0.089645	-0.249903	-0.139978	-0.197358	-0.173623	-0.194864	-0.205475	0.045542	-0.100772	-0.043444	-0.012915	0.072873	-0.105196	-0.042967	-0.554300	-0.376088	-0.377448	-0.512975	-0.465270	-0.250951	-0.144382	-0.665982	-0.601770	-0.536403
-0.724217	-2.179804	-1.004249	0.359299	6.605928	-0.075637	0.000690	-0.196119	-0.115553	-0.119380	-0.130063	-0.163281	-0.176269	0.051363	-0.071808	-0.036831	0.004033	0.076207	-0.058182	-0.015787	-0.423229	-0.289280	-0.278785	-0.351916	-0.358040	-0.174548	-0.090643	-0.529057	-0.467749	-0.369837
-0.394697	-1.009187	-0.533409	-0.294753	5.272543	-0.100287	-0.229337	-0.251128	-0.141547	-0.242892	-0.179593	-0.192046	-0.202881	0.032812	-0.114285	-0.048353	-0.031000	0.053162	-0.130807	-0.062529	-0.532469	-0.383029	-0.375267	-0.527573	-0.462189	-0.250184	-0.154540	-0.684948	-0.614904	-0.588752
-0.436500	-1.003341	-0.570142	-0.057988	6.891021	-0.020229	-0.109894	-0.164275	-0.099921	-0.140537	-0.116123	-0.132933	-0.149203	0.029977	-0.072844	-0.039907	-0.016425	0.043997	-0.068478	-0.029147	-0.308320	-0.239303	-0.217562	-0.283285	-0.274882	-0.134191	-0.084832	-0.425530	-0.389116	-0.330745
-0.335466	-0.758557	-0.465782	-0.728945	2.622573	-0.213255	-0.397251	-0.260836	-0.148749	-0.302024	-0.191041	-0.201203	-0.207471	0.023999	-0.134946	-0.052653	-0.045874	0.037463	-0.163642	-0.083533	-0.550602	-0.419600	-0.403743	-0.598888	-0.500874	-0.263642	-0.170353	-0.811726	-0.698040	-0.688675
-0.285437	-0.651401	-0.377481	-0.363998	4.340298	-0.210600	-0.335299	-0.229706	-0.134055	-0.262900	-0.171106	-0.174617	-0.186976	0.016448	-0.120640	-0.053448	-0.051611	0.024288	-0.149962	-0.082825	-0.447083	-0.351998	-0.324869	-0.461436	-0.401256	-0.220478	-0.147661	-0.580466	-0.535443	-0.548648
-0.248043	-0.519761	-0.325352	-0.342525	1.214867	-0.158576	-0.263879	-0.178485	-0.110292	-0.213212	-0.136451	-0.142243	-0.153926	0.011094	-0.102604	-0.048884	-0.046972	0.012748	-0.119184	-0.067321	-0.320011	-0.271513	-0.240632	-0.340401	-0.297184	-0.155767	-0.111728	-0.444896	-0.417115	-0.397888
-0.289994	-0.679530	-0.372389	-0.186754	5.726426	-0.116579	-0.222372	-0.195717	-0.116793	-0.205194	-0.145716	-0.150089	-0.166281	0.018049	-0.098268	-0.048994	-0.041230	0.027455	-0.115153	-0.061358	-0.368583	-0.290099	-0.263676	-0.359528	-0.325732	-0.177235	-0.119212	-0.460003	-0.431071	-0.424757
-0.298489	-0.672711	-0.382127	-0.155277	4.758827	-0.072653	-0.171784	-0.167502	-0.102540	-0.169583	-0.124217	-0.131793	-0.148201	0.018900	-0.083782	-0.044538	-0.032675	0.027648	-0.091273	-0.046874	-0.305309	-0.246308	-0.219988	-0.295164	-0.273389	-0.142252	-0.096942	-0.402220	-0.376423	-0.349257
-2.762591	-3.485983	-7.584915	1.944867	0.980423	0.113052	0.082477	-0.132678	-0.086719	-0.007812	-0.055698	-0.140058	-0.149582	0.075143	-0.033868	-0.024439	0.042545	0.096506	0.022909	0.028195	-0.234119	-0.158006	-0.124505	-0.068614	-0.233514	-0.041209	0.022141	-0.331333	-0.302378	-0.158581
0.020104	0.290662	0.068921	0.090797	0.013492	0.291988	0.590571	1.922784	0.933982	1.756855	2.626742	2.454501	-1.612241	-0.651432	1.619608	-0.953153	1.110598	0.699947	0.652731	0.434122	0.461853	0.423999	0.620725	0.654847	0.554249	0.689342	0.950521	0.334228	0.618198	0.463016
0.142581	-0.082557	0.021499	0.335103	0.654291	0.118313	-0.003179	-0.061279	-0.039102	0.019657	-0.005356	-0.053213	-0.086220	0.053081	0.004201	-0.019943	0.036623	0.065197	0.033523	0.031743	-0.033718	-0.061551	-0.007660	0.067575	-0.047229	0.016461	0.028909	-0.156030	-0.169592	-0.096133
0.032011	0.275358	0.075596	0.081993	0.016897	0.235757	0.423429	1.210296	1.304118	1.251384	2.673522	5.658420	-2.484912	-0.081074	1.623449	-0.546384	1.005614	0.554254	0.529789	0.338837	0.404864	0.365117	0.508738	0.534307	0.464896	0.472846	0.726407	0.264290	0.474439	0.349732
0.021069	0.241865	0.058016	0.072895	0.008048	0.233195	0.553565	1.638937	1.274255	1.600990	2.746624	4.473850	0.181176	-0.122647	1.988042	-0.928053	1.360843	0.636843	0.613342	0.374538	0.355210	0.439252	0.469934	0.499315	0.441617	0.532148	0.835666	0.306337	0.607335	0.432620
-4.617866	-2.949908	-3.483412	1.007218	0.990662	0.140703	0.047815	-0.101287	-0.066638	0.017116	-0.034686	-0.096145	-0.121288	0.067142	-0.011804	-0.023801	0.039353	0.084881	0.020828	0.029986	-0.169713	-0.131988	-0.081455	-0.013623	-0.152558	-0.035085	0.017511	-0.260095	-0.231076	-0.147001
-0.016005	0.256787	0.031070	0.106736	0.001851	0.460535	2.144356	1.413128	-0.226063	0.670376	-0.891494	-1.090004	-2.274168	-0.474792	0.677506	-0.742629	-0.232051	0.582863	0.762016	0.677200	0.236106	0.376633	0.509469	0.678974	0.489289	1.188958	0.526371	0.559365	1.152250	1.078951
-0.035158	0.178054	-0.001885	0.085638	-0.022451	0.477960	3.945316	0.520245	-1.058095	-1.931033	-1.334068	-1.434778	-3.268225	-0.415135	0.136144	-0.456370	-0.575178	0.460702	0.899448	0.862003	0.106428	0.464940	0.391107	0.588580	0.431323	1.385394	0.371556	0.743719	1.665724	1.774961
1.184764	-0.025258	0.374944	0.229615	0.431064	0.098182	-0.018416	-0.041060	-0.023498	0.028433	0.014019	-0.033246	-0.069980	0.049734	0.015540	-0.016463	0.040826	0.059681	0.044742	0.036054	0.034669	-0.024153	0.033325	0.116641	0.009326	0.043893	0.038073	-0.108216	-0.141510	-0.068327
0.177900	-0.097139	-0.008210	0.253196	0.544352	0.101055	-0.012007	-0.049558	-0.030315	0.019642	0.001400	-0.039362	-0.074362	0.047445	0.009019	-0.018341	0.035087	0.058390	0.034516	0.030828	-0.004413	-0.045268	0.007598	0.077669	-0.021157	0.024227	0.027237	-0.129455	-0.151033	-0.082598
0.431504	0.004035	0.207507	0.250176	0.376178	0.107196	-0.012305	-0.033703	-0.017341	0.046152	0.027649	-0.021207	-0.065403	0.054360	0.026606	-0.015308	0.047604	0.065012	0.050791	0.041851	0.044100	-0.019580	0.046703	0.140519	0.023810	0.049081	0.046910	-0.099712	-0.127514	-0.060096
1.424380	-0.045272	0.465637	0.232118	0.519325	0.100312	-0.020820	-0.050450	-0.030988	0.016446	0.003008	-0.046190	-0.077739	0.049100	0.006402	-0.017990	0.037015	0.058900	0.040760	0.032762	0.019793	-0.032883	0.019694	0.098801	-0.009174	0.038819	0.033573	-0.124011	-0.159086	-0.079180
0.050342	-0.066258	0.044794	0.238830	0.454310	0.097885	-0.011679	-0.040547	-0.023244	0.028920	0.011153	-0.027790	-0.066813	0.047382	0.016693	-0.016802	0.038197	0.058250	0.038773	0.033619	0.014262	-0.034504	0.021798	0.095579	-0.002120	0.031168	0.031482	-0.112288	-0.135374	-0.071284
-0.415191	0.465888	2.222847	0.805967	0.254275	0.500140	0.058508	0.004795	-0.022039	0.386169	0.218102	0.005830	-0.061849	0.183840	0.122368	-0.005361	0.139143	0.173696	0.101155	0.128032	-0.028817	-0.131881	0.094643	0.459919	0.090346	-0.018702	0.182459	-0.226110	-0.031094	-0.069770
-0.571495	-0.014589	-0.072355	0.290660	0.369814	0.120464	-0.000309	-0.029004	-0.013717	0.062457	0.035664	-0.007927	-0.060919	0.057779	0.036458	-0.015110	0.051608	0.069971	0.051324	0.045337	0.031817	-0.027318	0.046325	0.142834	0.022697	0.041794	0.049139	-0.100851	-0.114843	-0.058416
-1.198776	-0.073218	-0.095522	0.275193	0.412610	0.109391	-0.001001	-0.033680	-0.017791	0.047259	0.022153	-0.013685	-0.061554	0.051317	0.028207	-0.016079	0.043838	0.063631	0.042474	0.038622	0.013437	-0.035428	0.029136	0.109699	0.005512	0.030269	0.036959	-0.106761	-0.119934	-0.065343
-0.087994	0.227932	-0.011092	0.247516	0.037233	1.243383	-0.542526	2.704296	-0.489663	-0.033061	-1.408359	-0.982886	-1.123096	0.311327	-0.066805	0.059935	-0.042407	0.334923	0.164668	0.464750	-0.299514	-0.414292	0.037357	0.688786	0.164669	0.033631	-0.644957	0.347810	0.288490	-0.776600
0.051133	0.453536	0.151304	0.139079	0.044767	0.329650	0.179472	0.427518	0.461437	0.841756	0.858053	2.003066	-0.013069	0.306047	0.929286	-0.134544	0.461886	0.415416	0.382198	0.321852	0.709337	0.156534	0.813063	0.850871	0.666821	0.394314	0.390258	0.174169	0.167337	0.189928
0.051383	0.409702	0.128494	0.121246	0.037524	0.303043	0.287222	0.650603	0.646648	0.971213	1.377290	2.652777	-0.582615	0.150200	1.096666	-0.257216	0.575280	0.466236	0.434903	0.333878	0.574426	0.226663	0.694663	0.731193	0.584755	0.458121	0.530006	0.212790	0.289096	0.252132
0.009925	0.234366	0.045630	0.075206	0.002565	0.270414	0.958064	2.420770	0.037909	2.220301	1.364494	0.556404	0.381163	-0.933782	1.430794	-1.235135	1.246663	0.670331	0.703472	0.457553	0.272894	0.475996	0.425821	0.484402	0.408839	0.678607	0.809020	0.380782	0.830611	0.622334
0.012574	0.200547	0.041027	0.060450	-0.001250	0.213155	0.711554	1.717717	0.790881	1.833834	1.746698	1.554768	3.903925	0.074156	2.111472	-1.086804	1.624704	0.621483	0.644604	0.380621	0.251472	0.479641	0.362388	0.399593	0.357919	0.510920	0.761411	0.330405	0.724504	0.508029
0.004345	0.164522	0.027574	0.047528	-0.011405	0.189771	0.642445	1.639956	1.885474	1.916106	2.008157	1.757136	6.633984	1.650998	3.759894	-2.199544	2.230415	0.709571	0.720744	0.386020	0.257311	0.573857	0.352851	0.377852	0.362371	0.486016	0.864201	0.345967	0.776267	0.511586
-0.018141	0.317650	0.045131	0.143988	0.021497	0.572089	1.984019	0.393242	-0.210740	-0.206008	-1.076661	-0.816106	-1.490795	-0.035783	0.368779	-0.324084	-0.250131	0.434500	0.543598	0.591687	0.172040	0.150155	0.463510	0.712000	0.437308	0.974315	0.179325	0.492987	0.888150	0.831137
0.000077	0.285178	0.049503	0.103436	0.008958	0.392263	1.380065	2.275030	-0.029462	1.845478	-0.176713	-0.532705	-0.877970	-0.977800	0.999457	-1.138893	0.189358	0.663871	0.736489	0.579415	0.316727	0.406454	0.552449	0.667682	0.507656	1.003259	0.732190	0.461162	0.943812	0.793105
0.018241	0.326239	0.072643	0.106953	0.019680	0.348440	0.918888	1.658149	0.129118	1.681760	0.446139	0.468263	-0.008715	-0.796182	1.117486	-0.943453	0.534615	0.614257	0.627334	0.472263	0.355661	0.354751	0.552587	0.638895	0.491852	0.779318	0.721769	0.363955	0.711900	0.565081
0.010683	0.380422	0.080978	0.132752	0.025993	0.445829	0.920485	0.448746	0.072361	1.368968	-0.566676	0.499387	0.989877	-0.320384	1.021677	-0.692374	0.201018	0.614021	0.620222	0.531717	0.453588	0.280598	0.716083	0.841927	0.605596	0.957825	0.650315	0.386227	0.677865	0.556471
-0.040104	0.326578	0.037319	0.196299	0.043247	0.778095	1.518642	0.300103	-0.381967	-0.443374	-1.097197	-0.745874	-1.137676	0.131263	0.051133	-0.099382	-0.188838	0.306152	0.297248	0.468924	-0.067419	-0.122818	0.224033	0.591893	0.249905	0.493152	-0.220508	0.408977	0.603756	0.361326
0.028946	0.681054	0.190068	0.219060	0.063665	0.564961	0.179265	0.037614	0.068664	0.982474	-0.893413	1.786666	1.066106	0.544054	0.807936	-0.068394	0.247782	0.426676	0.362586	0.403578	0.806873	-0.001845	1.040511	1.225597	0.774578	0.485825	0.242499	0.146552	0.118659	0.105654
0.065297	0.645591	0.192495	0.181645	0.062113	0.431246	0.317180	0.245950	0.167670	0.903938	0.065118	1.465613	0.179662	0.274651	0.835864	-0.187750	0.315539	0.418236	0.378744	0.357273	0.568663	0.097343	0.749416	0.872310	0.592408	0.478907	0.352822	0.177778	0.237087	0.193814
0.044208	0.417668	0.119489	0.124583	0.035663	0.333336	0.412995	0.765662	0.518238	1.158552	1.033128	2.244558	-0.460918	0.013974	1.171679	-0.402987	0.586569	0.521445	0.487506	0.377334	0.535682	0.251437	0.695652	0.748533	0.581545	0.571897	0.617631	0.251277	0.387150	0.315104
0.076142	0.616368	0.202965	0.171340	0.060998	0.381196	0.229494	0.312657	0.276146	0.840576	0.363439	1.068208	0.178576	0.286203	0.826266	-0.144113	0.365914	0.391629	0.353901	0.321842	0.610718	0.103924	0.747321	0.839995	0.598187	0.398974	0.336668	0.152265	0.177722	0.168894
-0.013424	0.529074	0.104190	0.234516	0.066853	0.756811	0.648548	0.190512	-0.136927	0.245108	-0.703683	-0.329422	-0.532245	0.276461	0.328926	-0.089172	-0.090478	0.365858	0.323689	0.448071	0.178734	-0.099400	0.464338	0.837035	0.409708	0.476534	-0.041460	0.258238	0.372186	0.101610
-0.051078	0.670969	0.145435	0.341751	0.084265	1.046369	-0.142633	-0.543700	-0.087872	1.013812	-0.274466	-0.284198	0.095060	0.552299	0.388016	0.057843	0.122838	0.370964	0.232360	0.416909	0.492547	-0.296249	0.732537	1.390637	0.602879	0.062811	-0.059852	-0.037031	-0.060174	-0.367259
-0.090496	0.368394	0.036407	0.337443	0.075760	1.352166	-0.514950	1.695016	-0.314891	0.402945	-0.907851	-0.771389	-0.668910	0.391152	0.088051	0.060715	0.062699	0.340418	0.146894	0.401032	-0.177002	-0.438903	0.117222	0.859656	0.213103	-0.183899	-0.432653	0.030994	-0.003499	-0.865547
0.001604	0.680929	0.155614	0.258941	0.075630	0.751858	0.307136	-0.380183	-0.036271	0.648955	-0.367543	0.239256	0.045584	0.416227	0.490750	-0.055871	0.026004	0.390210	0.322418	0.431836	0.402353	-0.104809	0.680757	1.055108	0.546622	0.428134	0.050295	0.166783	0.214624	-0.001415
0.034694	0.413536	0.106455	0.127947	0.034232	0.367673	0.636939	0.819243	0.226233	1.291006	0.318384	1.382754	0.151155	-0.246788	1.081354	-0.574414	0.469814	0.544834	0.528499	0.422185	0.441597	0.262096	0.635810	0.722273	0.537331	0.682602	0.620217	0.296136	0.514574	0.407184
-4.761782	-0.842595	1.723878	0.610419	0.816106	0.143124	0.021998	-0.082678	-0.054487	0.021274	-0.018182	-0.078625	-0.106831	0.063069	-0.004198	-0.021930	0.040100	0.077883	0.030656	0.032949	-0.098895	-0.094643	-0.040867	0.039511	-0.101345	-0.003396	0.030099	-0.207746	-0.201456	-0.119172
-0.658106	-3.286369	-0.413522	2.491641	0.928810	0.339666	0.257032	-0.231323	-0.139273	0.048171	-0.153442	-0.208713	-0.217792	0.104610	-0.039438	-0.027491	0.052855	0.142204	-0.034604	0.025257	-0.590707	-0.366276	-0.325226	-0.290501	-0.399710	-0.276499	-0.112885	-0.489812	-0.391114	-0.383288
-0.598487	-1.887639	-0.571339	2.403608	0.403008	1.155193	0.811171	-0.310486	-0.185837	0.237627	-0.185857	-0.336115	-0.284124	0.168843	-0.053352	-0.006089	0.122690	0.217561	-0.034867	0.038335	-0.990113	-0.534914	-0.507744	-0.458997	-0.623440	-0.470723	-0.154559	-0.793366	-0.434148	-0.545440
-0.503184	-2.061097	-0.055390	1.969327	0.492255	0.916207	0.330956	-0.227944	-0.155544	0.246026	-0.157374	-0.261440	-0.240582	0.157260	-0.014606	-0.013234	0.100702	0.190929	-0.012865	0.064311	-0.677718	-0.422230	-0.336817	-0.184169	-0.399060	-0.349856	-0.118142	-0.557214	-0.315488	-0.453493
-0.703004	-2.326465	-0.822069	3.983283	0.724971	0.289785	0.652603	-0.309697	-0.172173	0.020967	-0.191699	-0.282732	-0.262984	0.120681	-0.075320	-0.021375	0.072123	0.172330	-0.055919	0.005623	-0.892715	-0.489175	-0.512453	-0.585822	-0.625800	-0.397182	-0.156060	-0.688906	-0.595097	-0.461824
-3.473387	-0.602771	-0.312497	0.726342	0.820371	0.145515	0.032937	-0.079461	-0.052345	0.032593	-0.017700	-0.068014	-0.102598	0.062989	0.002767	-0.022455	0.039953	0.079129	0.025750	0.033310	-0.118054	-0.106598	-0.047726	0.028394	-0.102192	-0.019442	0.022278	-0.209627	-0.187918	-0.124602
-0.282073	-0.008260	0.257449	0.282095	0.275174	0.140029	-0.001616	-0.013766	0.000229	0.099385	0.073200	0.015760	-0.054517	0.071528	0.060069	-0.012753	0.069637	0.083244	0.070131	0.060713	0.079878	-0.009248	0.089149	0.216319	0.071374	0.066060	0.074545	-0.083790	-0.098675	-0.041264
-2.101335	-0.084966	0.303739	0.288564	0.309686	0.131292	0.010374	-0.014715	-0.001615	0.087764	0.054699	0.022388	-0.047977	0.061422	0.056393	-0.013802	0.059632	0.075725	0.056803	0.052282	0.042732	-0.025131	0.061422	0.160782	0.042607	0.041516	0.053497	-0.087571	-0.091964	-0.047754
0.079803	-0.011515	0.148143	0.280247	0.316329	0.126733	-0.000997	-0.021111	-0.006609	0.078067	0.051877	0.003867	-0.056655	0.062799	0.047218	-0.013814	0.059235	0.074923	0.059641	0.051792	0.055079	-0.017473	0.065993	0.174465	0.045607	0.052965	0.059524	-0.090386	-0.105768	-0.049304
0.502708	-0.005831	0.581126	0.306577	0.250045	0.166247	0.014819	0.001853	0.013488	0.137512	0.099541	0.058944	-0.039620	0.080296	0.087435	-0.012256	0.081430	0.094601	0.076411	0.071062	0.084777	-0.017187	0.104393	0.236303	0.089394	0.058989	0.078913	-0.079163	-0.076802	-0.034682
0.229481	-0.059884	0.557686	0.295937	0.271342	0.149168	0.017359	-0.003160	0.008612	0.115784	0.077280	0.049143	-0.039669	0.069591	0.076087	-0.012976	0.070741	0.085229	0.066125	0.061889	0.061021	-0.022113	0.082112	0.193250	0.065627	0.047176	0.063506	-0.080098	-0.078336	-0.039553
-0.337586	-0.018879	0.267267	0.322135	0.251352	0.173552	0.003898	-0.005452	0.006829	0.138220	0.105828	0.034562	-0.052538	0.087762	0.079619	-0.012067	0.084867	0.098454	0.082411	0.074308	0.096433	-0.010874	0.113729	0.271233	0.097313	0.074675	0.096672	-0.085890	-0.087814	-0.035326
1.377171	-0.054282	0.789847	0.389440	0.259645	0.209942	0.021647	0.001834	0.010458	0.173264	0.121147	0.061486	-0.044383	0.097956	0.097511	-0.012648	0.092850	0.109694	0.084557	0.082435	0.081134	-0.029245	0.115444	0.281995	0.097490	0.059337	0.098396	-0.095607	-0.074341	-0.037967
-0.526502	-0.020630	0.371143	0.275587	0.264037	0.140708	0.006993	-0.006284	0.006802	0.107101	0.076989	0.036386	-0.044433	0.069313	0.069596	-0.012383	0.070237	0.083127	0.067996	0.060984	0.074302	-0.013858	0.087232	0.202862	0.071897	0.056455	0.067534	-0.078434	-0.086304	-0.038419
-1.395019	-7.293514	-1.231420	1.660746	1.382687	0.139175	0.096942	-0.138898	-0.088730	0.013398	-0.076463	-0.119598	-0.147330	0.071536	-0.019893	-0.029005	0.033966	0.096430	-0.007714	0.022645	-0.311680	-0.215434	-0.164912	-0.126316	-0.233555	-0.119695	-0.032896	-0.341951	-0.277896	-0.229634
-1.089925	-9.119283	-1.000011	2.722152	1.284459	0.172177	0.174949	-0.177316	-0.110601	0.023307	-0.104471	-0.159561	-0.177655	0.086288	-0.030470	-0.028496	0.042519	0.116598	-0.017906	0.022791	-0.438101	-0.280271	-0.235353	-0.204258	-0.316548	-0.181263	-0.057168	-0.425438	-0.336615	-0.287369
-2.678998	-5.832883	-3.284111	1.478142	1.261028	0.115983	0.075220	-0.123844	-0.080035	0.006691	-0.056613	-0.114952	-0.137182	0.069471	-0.021278	-0.026096	0.036642	0.090636	0.006564	0.024547	-0.250212	-0.176245	-0.131105	-0.085071	-0.208516	-0.075716	-0.004391	-0.321813	-0.271308	-0.187090
3.326165	-0.341055	2.483957	0.463117	0.292419	0.229281	0.036768	-0.001743	0.004436	0.179748	0.106911	0.060390	-0.045296	0.098423	0.096985	-0.014321	0.090064	0.111992	0.078901	0.081570	0.046649	-0.047451	0.096784	0.259156	0.073905	0.040491	0.088320	-0.109450	-0.072719	-0.048197
3.114250	-0.550240	5.437573	0.504098	0.289077	0.265612	0.051447	0.005413	0.006729	0.212948	0.113553	0.083685	-0.038131	0.107998	0.113874	-0.015641	0.097027	0.122734	0.082453	0.090440	0.042064	-0.061637	0.103956	0.274697	0.080365	0.029635	0.085673	-0.115687	-0.063668	-0.052908
1.475256	0.442180	5.480150	0.515528	0.255963	0.313072	0.048360	0.016707	0.012682	0.267610	0.157901	0.107512	-0.029797	0.131483	0.135854	-0.013693	0.114847	0.140184	0.096344	0.107376	0.075390	-0.066675	0.139643	0.350909	0.119902	0.035265	0.107992	-0.122365	-0.055948	-0.048870
0.333429	0.553600	4.310842	0.601049	0.243981	0.389477	0.044356	0.017065	0.003483	0.329778	0.204622	0.084344	-0.035746	0.160966	0.140390	-0.009857	0.130497	0.158582	0.104542	0.122278	0.069436	-0.088967	0.148895	0.430298	0.136460	0.024427	0.142718	-0.156935	-0.049649	-0.054238
1.378488	0.053882	2.984974	0.459488	0.248935	0.269421	0.031599	0.010591	0.013048	0.231198	0.157645	0.085244	-0.038777	0.121177	0.120153	-0.012288	0.109311	0.129350	0.095062	0.099044	0.087684	-0.046298	0.136797	0.341628	0.120241	0.053510	0.116842	-0.110695	-0.063024	-0.039527
2.610804	-0.419651	-0.132790	0.470004	0.709273	0.125916	0.014972	-0.064003	-0.041215	0.028724	-0.009843	-0.048031	-0.086854	0.054266	0.008447	-0.021384	0.035926	0.068884	0.026076	0.031224	-0.074859	-0.084274	-0.026611	0.041760	-0.067303	-0.006648	0.019922	-0.171987	-0.163965	-0.107637
-0.746090	-0.183666	-0.143173	0.290696	0.556245	0.104502	-0.002494	-0.048729	-0.029795	0.025317	0.000876	-0.033128	-0.072234	0.047270	0.012653	-0.018828	0.034577	0.059564	0.030615	0.030456	-0.023744	-0.055383	-0.000612	0.065021	-0.029775	0.013064	0.023291	-0.133468	-0.143332	-0.085402
-0.903464	-0.180092	-0.011866	0.282629	0.428031	0.108036	0.005671	-0.033330	-0.017918	0.046588	0.017597	-0.008693	-0.058855	0.048432	0.029024	-0.016778	0.040666	0.061932	0.036902	0.036175	-0.003927	-0.044158	0.018733	0.089901	-0.004438	0.019041	0.029614	-0.108899	-0.114165	-0.068349
-0.098777	-0.356657	0.098243	0.338769	0.448595	0.121486	0.017679	-0.033821	-0.018923	0.056649	0.017231	-0.003637	-0.059672	0.051206	0.034025	-0.017969	0.042259	0.066624	0.035906	0.038369	-0.021633	-0.055019	0.012873	0.085777	-0.012494	0.010212	0.028182	-0.115812	-0.109912	-0.072849
0.149235	-0.359461	-0.110615	0.350206	0.574924	0.111870	0.009828	-0.049022	-0.030335	0.032886	-0.000865	-0.027393	-0.071732	0.048087	0.016943	-0.019895	0.034484	0.062323	0.027012	0.030906	-0.046062	-0.067762	-0.009741	0.053136	-0.039884	0.000657	0.018889	-0.139400	-0.136470	-0.090361
-1.128144	-0.187510	0.173457	0.309518	0.370494	0.125267	0.013475	-0.023988	-0.010294	0.071084	0.035247	0.008574	-0.053311	0.055674	0.044369	-0.015630	0.050478	0.070338	0.046369	0.044885	0.011640	-0.038566	0.037191	0.123021	0.014975	0.026689	0.040967	-0.100171	-0.100258	-0.059061
1.409331	4.153262	4.751333	0.599406	0.280814	0.363185	0.071335	0.014267	0.002489	0.291377	0.124522	0.104177	-0.030797	0.136534	0.140405	-0.016859	0.113001	0.148189	0.091850	0.111737	0.035221	-0.094490	0.122452	0.333271	0.096409	0.008642	0.086820	-0.140845	-0.055126	-0.070139
0.102804	3.384698	2.775659	0.775171	0.260020	0.539393	0.070065	0.017970	-0.018240	0.419857	0.178975	0.048517	-0.038497	0.189087	0.146581	-0.008171	0.139334	0.181110	0.100212	0.137172	0.002734	-0.150775	0.125365	0.451861	0.108332	-0.038569	0.121613	-0.219791	-0.050446	-0.099097
-0.223341	3.459758	1.504019	1.235465	0.344801	0.797380	0.140177	-0.046318	-0.083291	0.427030	0.010713	-0.113958	-0.124242	0.188470	0.087958	-0.008772	0.125219	0.192767	0.060467	0.123700	-0.264919	-0.267538	-0.042497	0.269643	-0.076683	-0.173158	0.030988	-0.358478	-0.111332	-0.243349
0.080374	-0.907760	0.150601	0.493460	0.562096	0.146190	0.035541	-0.047144	-0.030296	0.061639	0.003177	-0.015725	-0.072908	0.056538	0.031021	-0.021489	0.041514	0.074575	0.030039	0.039117	-0.069763	-0.083899	-0.011698	0.063180	-0.044246	-0.011684	0.020120	-0.146591	-0.123436	-0.095299
0.107900	-0.566472	0.027586	0.405407	0.536913	0.127433	0.022785	-0.044220	-0.027297	0.050472	0.005330	-0.016085	-0.068800	0.051988	0.027093	-0.020094	0.039031	0.068154	0.030086	0.035884	-0.050592	-0.071386	-0.005343	0.064334	-0.035301	-0.002459	0.021535	-0.135953	-0.123409	-0.087662
-0.423127	-0.507829	-0.345477	0.581953	0.737932	0.137118	0.029357	-0.066487	-0.043404	0.037886	-0.013453	-0.045437	-0.088977	0.056545	0.012326	-0.022700	0.036538	0.073266	0.022669	0.032454	-0.100890	-0.099579	-0.037452	0.030288	-0.078835	-0.021409	0.014277	-0.181824	-0.160361	-0.116532
0.304669	-0.699441	0.311194	0.426628	0.473047	0.144292	0.032350	-0.035558	-0.021314	0.071856	0.017087	-0.000232	-0.063070	0.056936	0.040287	-0.019548	0.045895	0.074527	0.036803	0.042837	-0.040888	-0.068278	0.008006	0.088025	-0.020475	0.001155	0.028214	-0.126628	-0.107974	-0.079760
-1.732959	2.135070	-0.788830	0.861277	0.948449	0.148397	0.049173	-0.088263	-0.058332	0.032811	-0.034274	-0.067314	-0.107523	0.061307	0.003282	-0.025728	0.034718	0.080859	0.012516	0.029928	-0.167836	-0.137579	-0.076472	-0.015442	-0.126435	-0.052954	-0.000667	-0.229713	-0.191275	-0.151458
-0.364884	-0.776235	0.120992	1.452521	0.653587	0.539301	0.166269	-0.208951	-0.137366	0.110247	-0.166231	-0.195260	-0.217670	0.113952	-0.013727	-0.029101	0.055875	0.150532	-0.020019	0.050224	-0.509976	-0.346285	-0.265291	-0.158880	-0.309427	-0.261945	-0.123186	-0.394863	-0.295825	-0.376996
-0.195453	1.403610	0.630942	1.178197	0.454356	0.711525	0.142612	-0.132521	-0.117885	0.252838	-0.128453	-0.160535	-0.187596	0.144177	0.037507	-0.023300	0.081820	0.171944	0.020094	0.092272	-0.387068	-0.306926	-0.156675	0.044374	-0.187942	-0.215781	-0.080074	-0.339792	-0.191893	-0.330175
-0.131695	1.383420	0.569018	1.033200	0.587424	0.444896	0.128244	-0.131138	-0.100598	0.129938	-0.114846	-0.113570	-0.167462	0.100441	0.023888	-0.033881	0.049638	0.134591	0.008701	0.064455	-0.321260	-0.251107	-0.138558	-0.013513	-0.174911	-0.158811	-0.069339	-0.271194	-0.185560	-0.260806
-0.397793	-1.705027	0.071486	1.342302	0.862977	0.332095	0.129639	-0.175816	-0.114249	0.052131	-0.131042	-0.147369	-0.184205	0.087386	-0.013101	-0.034083	0.036831	0.121369	-0.019143	0.035714	-0.407088	-0.283926	-0.211962	-0.142029	-0.261294	-0.194620	-0.089544	-0.339655	-0.270034	-0.305867
-0.672883	-4.238311	-0.173377	1.447030	1.074410	0.228403	0.111703	-0.145674	-0.094872	0.038612	-0.093043	-0.119525	-0.156234	0.077211	-0.010383	-0.031698	0.035104	0.106008	-0.010921	0.029821	-0.336968	-0.237478	-0.172459	-0.116380	-0.229015	-0.146602	-0.053688	-0.323248	-0.255126	-0.252690
-0.185390	-1.052649	0.499886	1.025062	0.726699	0.309806	0.110639	-0.117673	-0.084589	0.085023	-0.085243	-0.088806	-0.144167	0.081461	0.016749	-0.033700	0.039947	0.112656	0.005187	0.047912	-0.275821	-0.213813	-0.122152	-0.031490	-0.164009	-0.124822	-0.047237	-0.254734	-0.185387	-0.220461
1.124885	-1.126440	0.640289	0.605078	0.541069	0.183388	0.054070	-0.045752	-0.031126	0.088721	0.007147	-0.008846	-0.075272	0.065963	0.042540	-0.022527	0.049079	0.086302	0.035045	0.047785	-0.083048	-0.095810	-0.009452	0.080652	-0.043844	-0.019031	0.023124	-0.154198	-0.116228	-0.100004
-0.591267	-0.336648	-0.072699	0.658303	0.733391	0.155436	0.046245	-0.067602	-0.045243	0.050354	-0.019005	-0.039424	-0.090637	0.058523	0.018896	-0.024831	0.036756	0.078307	0.019529	0.034948	-0.124529	-0.115087	-0.046132	0.021978	-0.085678	-0.037221	0.005699	-0.185062	-0.151166	-0.125787
1.159716	-1.132948	1.139348	0.700420	0.556223	0.216656	0.071219	-0.051055	-0.037281	0.103604	-0.002177	-0.011943	-0.082717	0.071836	0.046557	-0.024903	0.051067	0.094820	0.034038	0.052385	-0.110110	-0.115015	-0.019851	0.076930	-0.055752	-0.034499	0.016032	-0.167951	-0.117321	-0.114425
4.048202	-4.367133	2.502763	0.696384	0.464861	0.246675	0.073887	-0.035793	-0.027688	0.140716	0.023406	0.009520	-0.072403	0.083344	0.065474	-0.022476	0.064469	0.104981	0.047931	0.064503	-0.079386	-0.104615	0.009838	0.130996	-0.024696	-0.021023	0.034445	-0.157474	-0.099403	-0.099257
-0.066944	-0.517773	0.419911	0.388539	0.409625	0.145292	0.028743	-0.026735	-0.013887	0.082528	0.031320	0.011579	-0.056272	0.059427	0.048583	-0.017642	0.051552	0.076342	0.044125	0.047204	-0.015071	-0.055230	0.026422	0.114333	0.000610	0.013406	0.037538	-0.113024	-0.098438	-0.067804
0.104529	-0.144681	0.506043	0.284895	0.302598	0.132316	0.023462	-0.008724	0.002482	0.093450	0.052284	0.040567	-0.039265	0.057622	0.064275	-0.014469	0.057741	0.074949	0.052596	0.051388	0.027872	-0.032383	0.054028	0.140611	0.036288	0.029705	0.044627	-0.082637	-0.077252	-0.046469
1.345502	-0.327563	0.591596	0.333562	0.347782	0.141822	0.031298	-0.015316	-0.004475	0.092142	0.041527	0.032633	-0.045263	0.058057	0.060059	-0.016611	0.054562	0.076332	0.047885	0.049989	0.003085	-0.045915	0.039651	0.124974	0.018366	0.018769	0.039118	-0.095351	-0.081905	-0.056344
5.806856	-0.637856	2.496274	0.436734	0.301103	0.219194	0.050967	0.002160	0.006874	0.171336	0.085920	0.078247	-0.037176	0.087958	0.101381	-0.016871	0.082830	0.107143	0.071653	0.077209	0.030112	-0.053683	0.083385	0.216765	0.060298	0.027000	0.065885	-0.101451	-0.064874	-0.051425
5.726274	-0.123255	0.818579	0.305638	0.285548	0.151737	0.035777	-0.000289	0.008770	0.117133	0.064148	0.063952	-0.033027	0.063559	0.080859	-0.015131	0.065343	0.083515	0.058589	0.058988	0.031758	-0.035183	0.064784	0.158272	0.046788	0.029610	0.048986	-0.079500	-0.065366	-0.042906
6.216220	-0.024390	1.096124	0.322248	0.259685	0.173964	0.033627	0.007657	0.016562	0.146115	0.091627	0.082563	-0.029815	0.076723	0.097409	-0.013942	0.079353	0.095434	0.071540	0.070569	0.061341	-0.029564	0.092659	0.208649	0.075588	0.042317	0.065751	-0.078229	-0.063083	-0.036867
7.837226	-0.342081	1.411493	0.373770	0.301490	0.184631	0.047769	0.000491	0.007108	0.142052	0.069819	0.072532	-0.035340	0.073797	0.091258	-0.016995	0.072374	0.094863	0.063477	0.067236	0.023958	-0.046975	0.069483	0.178306	0.048265	0.025329	0.053664	-0.090433	-0.063942	-0.048640
-0.490766	-2.120771	0.030529	0.987339	0.954619	0.198449	0.079701	-0.110175	-0.074179	0.041594	-0.066212	-0.080236	-0.127997	0.066153	0.003840	-0.031569	0.031275	0.092370	-0.000116	0.031846	-0.241668	-0.185235	-0.115233	-0.054942	-0.161860	-0.099352	-0.032470	-0.252566	-0.199120	-0.197017
-0.967692	-1.184345	-0.505655	0.946768	1.116030	0.148761	0.058879	-0.105661	-0.069308	0.021574	-0.055986	-0.080210	-0.120569	0.060495	-0.003871	-0.029244	0.028883	0.082963	-0.000043	0.025254	-0.218393	-0.168077	-0.108929	-0.060617	-0.159228	-0.082230	-0.022029	-0.256416	-0.211449	-0.184233
-0.427730	-0.792858	0.034782	0.760456	0.836834	0.168940	0.059697	-0.083421	-0.056591	0.045085	-0.039593	-0.053000	-0.104497	0.059591	0.013261	-0.028513	0.032435	0.082488	0.010072	0.032813	-0.171449	-0.143430	-0.074084	-0.012128	-0.115555	-0.062766	-0.011680	-0.208802	-0.166353	-0.153403
0.121794	-1.368401	0.646678	0.768489	0.673053	0.218886	0.079588	-0.073820	-0.053400	0.080045	-0.034589	-0.038157	-0.101935	0.067721	0.030726	-0.029364	0.040441	0.093650	0.019306	0.044948	-0.164681	-0.144813	-0.058461	0.023298	-0.096537	-0.062727	-0.008498	-0.193685	-0.141067	-0.146977
0.210673	7.239666	1.571021	0.832257	0.345741	0.580160	0.119241	-0.030045	-0.059508	0.329731	-0.025440	-0.019366	-0.097354	0.152821	0.112110	-0.023958	0.098612	0.172162	0.067993	0.121517	-0.142979	-0.202235	0.021226	0.254376	-0.009425	-0.093322	0.003364	-0.221718	-0.090728	-0.190057
2.701360	0.731287	2.403491	0.519102	0.333096	0.272286	0.084311	-0.001731	-0.004818	0.195111	0.053988	0.079664	-0.044370	0.092911	0.109632	-0.023578	0.080576	0.118583	0.068072	0.084174	-0.015655	-0.085441	0.064844	0.199671	0.037315	0.001442	0.045940	-0.116765	-0.059280	-0.072821
1.655780	2.986513	1.898440	0.566759	0.377221	0.283027	0.096118	-0.016771	-0.019401	0.178417	0.021686	0.051170	-0.060864	0.087922	0.095331	-0.027322	0.070376	0.116645	0.057955	0.079290	-0.058235	-0.104733	0.034976	0.161660	0.005757	-0.017330	0.027944	-0.130310	-0.068501	-0.091969
3.052127	-2.004666	5.154876	0.572128	0.314331	0.295194	0.068565	0.001661	-0.000963	0.223985	0.092318	0.079706	-0.041587	0.110048	0.115083	-0.018344	0.094707	0.127429	0.078210	0.092190	0.010205	-0.081473	0.088291	0.257223	0.061044	0.011001	0.072000	-0.129102	-0.063635	-0.067399
0.739961	12.500027	1.619079	0.582731	0.320422	0.390881	0.120086	-0.002754	-0.022531	0.258967	0.012396	0.074319	-0.058992	0.115891	0.130402	-0.031185	0.087327	0.146734	0.075994	0.108470	-0.047612	-0.126999	0.067789	0.236783	0.037494	-0.022225	0.026145	-0.133611	-0.051949	-0.106269
0.542769	11.940466	2.151387	0.634980	0.265583	0.495307	0.093424	0.024007	-0.010640	0.385077	0.084841	0.110616	-0.022907	0.168279	0.169505	-0.019907	0.124140	0.177512	0.100233	0.138780	0.024363	-0.139036	0.142989	0.391469	0.111555	-0.021138	0.061682	-0.162974	-0.051224	-0.108109
1.380155	9.199674	1.905353	0.509491	0.306899	0.315865	0.102798	0.007749	-0.003897	0.231837	0.048087	0.102986	-0.040369	0.102992	0.130921	-0.027558	0.087576	0.132636	0.076768	0.098033	-0.009865	-0.094492	0.081367	0.228921	0.052946	0.000681	0.042825	-0.111979	-0.046075	-0.075811
0.156100	8.468550	2.141854	0.878723	0.305122	0.627009	0.102507	-0.003990	-0.046201	0.412078	0.052608	-0.002207	-0.068371	0.181410	0.131695	-0.014147	0.123460	0.184916	0.082883	0.134735	-0.094311	-0.198082	0.066445	0.357012	0.036979	-0.088638	0.049111	-0.246748	-0.078061	-0.168948
0.865563	12.720605	1.898666	0.539995	0.275118	0.396667	0.107327	0.021291	-0.002082	0.307344	0.060288	0.130617	-0.027952	0.132762	0.161448	-0.027166	0.106514	0.157460	0.093230	0.121957	0.017919	-0.109568	0.121853	0.310677	0.090673	0.000369	0.050881	-0.121778	-0.039964	-0.084560
1.376130	9.055806	2.562962	0.516157	0.271125	0.346356	0.088330	0.023118	0.009023	0.283707	0.095426	0.138986	-0.021125	0.125690	0.154986	-0.022587	0.107803	0.146922	0.092316	0.112785	0.040592	-0.088948	0.126784	0.306617	0.098359	0.013292	0.066315	-0.115070	-0.043254	-0.066719
2.031836	-0.536014	0.660889	0.385556	0.394356	0.151633	0.039605	-0.022188	-0.011368	0.090775	0.030266	0.024628	-0.051785	0.058491	0.056181	-0.018881	0.051510	0.078024	0.043196	0.048807	-0.021853	-0.059924	0.025224	0.108842	0.000894	0.007261	0.032638	-0.108136	-0.087068	-0.067096
5.300882	-0.627984	1.132559	0.410113	0.362854	0.178851	0.055125	-0.013560	-0.006426	0.118510	0.039283	0.046509	-0.046848	0.065504	0.073753	-0.020204	0.059397	0.088185	0.050261	0.058144	-0.018365	-0.063764	0.037063	0.130890	0.012902	0.006937	0.036343	-0.104101	-0.073253	-0.064185
6.072247	-1.872817	1.999936	0.493427	0.362408	0.223131	0.067871	-0.011460	-0.007635	0.151836	0.046824	0.055198	-0.049105	0.079130	0.087097	-0.021407	0.069446	0.102561	0.057903	0.069431	-0.022612	-0.075841	0.046216	0.161447	0.019403	0.003057	0.042591	-0.115818	-0.071216	-0.070520
5.772024	-0.385088	0.977915	0.359582	0.328917	0.163624	0.043896	-0.008073	0.000213	0.115630	0.051008	0.052288	-0.040686	0.064276	0.075208	-0.017524	0.061674	0.085047	0.053744	0.057694	0.005510	-0.049536	0.049466	0.143154	0.027919	0.018258	0.043014	-0.093246	-0.070969	-0.053975
4.298073	-1.200908	1.214694	0.510438	0.435004	0.194098	0.060696	-0.027996	-0.019022	0.112769	0.022736	0.022716	-0.061023	0.067953	0.062570	-0.022281	0.055625	0.090493	0.043962	0.055932	-0.052959	-0.083252	0.015636	0.111763	-0.013124	-0.008310	0.029049	-0.128135	-0.089481	-0.082952
0.187573	-0.427556	0.716157	0.743312	0.621652	0.254109	0.094384	-0.078191	-0.059350	0.090419	-0.049459	-0.040030	-0.110392	0.070561	0.035324	-0.032870	0.039677	0.100453	0.018809	0.050239	-0.181768	-0.158874	-0.064247	0.023684	-0.099854	-0.074330	-0.019974	-0.191171	-0.134346	-0.158348
0.812307	0.855821	1.108287	0.616152	0.491639	0.249485	0.092810	-0.047252	-0.039255	0.119850	-0.017444	0.001253	-0.085083	0.072255	0.059252	-0.030320	0.049565	0.101795	0.035253	0.059933	-0.117959	-0.125271	-0.018121	0.080646	-0.049467	-0.042575	0.002538	-0.152875	-0.097760	-0.118855
0.541091	4.618552	0.984192	0.591786	0.441913	0.294803	0.113845	-0.045999	-0.044315	0.140938	-0.033005	0.005069	-0.092693	0.077655	0.070322	-0.034999	0.051125	0.112610	0.039846	0.070520	-0.126498	-0.136967	-0.014780	0.095704	-0.044306	-0.048230	-0.006182	-0.145963	-0.084663	-0.125381
0.265485	7.220043	1.125939	0.720751	0.380390	0.475351	0.131388	-0.046853	-0.062218	0.237168	-0.059404	-0.017336	-0.112376	0.118382	0.093380	-0.033834	0.072952	0.151233	0.054954	0.103404	-0.156853	-0.185249	-0.006084	0.170387	-0.035347	-0.079633	-0.018021	-0.182095	-0.087882	-0.174673
0.549957	8.046781	1.178212	0.596036	0.377441	0.358034	0.126662	-0.030151	-0.040314	0.195163	-0.026969	0.026419	-0.086823	0.095047	0.096296	-0.035390	0.065565	0.131117	0.055755	0.090184	-0.105441	-0.140104	0.014772	0.154413	-0.014372	-0.042241	0.001200	-0.140981	-0.067887	-0.123683
0.189175	3.767685	0.761813	0.711353	0.505802	0.343233	0.120567	-0.079429	-0.068782	0.127415	-0.072832	-0.042900	-0.125217	0.082717	0.050123	-0.037497	0.044692	0.118748	0.026374	0.067716	-0.197598	-0.179421	-0.060707	0.053392	-0.092039	-0.087122	-0.033765	-0.183966	-0.117019	-0.173696
