NEB log file generated by ORCA
All quantities are given in atomic units. Unless stated otherwise. 
iteration       : 0
climbing        : no
zoom on         : no
nim             : 10
barrier         :   0.28354110 (image:  4) 
distance        :   0.00000000    1.53092532    3.06185063    4.59277595    6.12370127    7.65462658    9.18555190   10.71647721   12.24740253   13.77832785 
energy          : -1075.52195325  -1075.47922881  -1075.38605498  -1075.29283108  -1075.23841215  -1075.24629027  -1075.31454156  -1075.41772450  -1075.51566959  -1075.55944373 
max(|Fr_perp|)   :   0.00000000    0.18345703    0.33114638    0.42122792    0.45208868    0.47604250    0.42703748    0.31666588    0.16747671    0.00000000 
Fr_paral         :   0.00000000   -0.05052338   -0.06635142   -0.05220875   -0.01647901    0.02682363    0.06053236    0.07110579    0.05176762    0.00000000 
max(|Fsp_paral|) :   0.00000000    0.01371142    0.01372030    0.00801004    0.00000037    0.00115815    0.01004166    0.01518095    0.01440947    0.00000000 
max(|Fsp_perp|)  :   0.00000000    0.00000000    0.00000000    0.00000000    0.00000000    0.00000000    0.00000000    0.00000000    0.00000000    0.00000000 
max(|FNEB|)      :   0.00000000    0.18727399    0.33507493    0.42369456    0.45247066    0.47733518    0.43542901    0.32910377    0.17918812    0.00000000 
max(|Force|)     :   0.00156225    0.17943886    0.32594307    0.41726208    0.45650073    0.46984390    0.41252059    0.29946020    0.15489781    0.00147223 
ksp              :   0.02355933    0.05313176    0.08272352    0.10000000    0.10000000    0.09750283    0.07584181    0.04309330    0.01200836 
max(|step|)      :   0.00000000    0.03923323    0.07019699    0.08876248    0.09479097    0.10000000    0.09122081    0.06894606    0.03753927    0.00000000 
angle (deg.)     :    0.8815  0.8989  0.9734  0.9941  0.9905  0.9687  0.9011  0.8408 
>
iteration       : 1
climbing        : no
zoom on         : no
nim             : 10
barrier         :   0.15581525 (image:  4) 
distance        :   0.00000000    1.54176877    3.07368070    4.60132262    6.12716660    7.65766871    9.18290863   10.71093704   12.24337054   13.78562478 
energy          : -1075.52195325  -1075.49651639  -1075.44298393  -1075.39287423  -1075.36613800  -1075.37407395  -1075.41469965  -1075.47482990  -1075.53297769  -1075.55944373 
max(|Fr_perp|)   :   0.00000000    0.13013605    0.23263074    0.29410227    0.31042172    0.32831333    0.29517257    0.22009840    0.11734005    0.00000000 
Fr_paral         :   0.00000000   -0.03106471   -0.03982578   -0.03154138   -0.00962542    0.02233676    0.03997357    0.04454878    0.03217013    0.00000000 
max(|Fsp_paral|) :   0.00000000    0.01484178    0.01385222    0.00730262    0.00014301    0.00229704    0.01060052    0.01542067    0.01197303    0.00000000 
max(|Fsp_perp|)  :   0.00000000    0.00000000    0.00000000    0.00000000    0.00000000    0.00000000    0.00000000    0.00000000    0.00000000    0.00000000 
max(|FNEB|)      :   0.00000000    0.13492529    0.23675031    0.29605018    0.31031876    0.33010547    0.30407054    0.23378165    0.12832106    0.00000000 
max(|Force|)     :   0.00156225    0.12695771    0.22886785    0.29144516    0.31273122    0.32291025    0.28510331    0.20850368    0.10879949    0.00147223 
ksp              :   0.02469251    0.05561324    0.08455696    0.10000000    0.10000000    0.09541614    0.07195044    0.03721878    0.01000000 
max(|step|)      :   0.00000000    0.04468697    0.07525985    0.09182503    0.09321062    0.10000000    0.09418795    0.07517813    0.04197326    0.00000000 
angle (deg.)     :    2.2291  1.8818  1.9344  1.9854  1.9506  1.9231  1.8970  2.0395 
>
iteration       : 2
climbing        : no
zoom on         : no
nim             : 10
barrier         :   0.06964369 (image:  4) 
distance        :   0.00000000    1.56454927    3.09439737    4.61599779    6.13791394    7.66334378    9.18319336   10.70754401   12.25125496   13.80956839 
energy          : -1075.52195325  -1075.50953046  -1075.48295453  -1075.46103498  -1075.45230956  -1075.46037001  -1075.48330772  -1075.51528515  -1075.54615303  -1075.55944373 
max(|Fr_perp|)   :   0.00000000    0.07181498    0.12832738    0.16243286    0.17230337    0.18294379    0.16433292    0.12200222    0.06393459    0.00000000 
Fr_paral         :   0.00000000   -0.01696836   -0.02100744   -0.01577836   -0.00073460    0.01675002    0.02447250    0.02555645    0.01766195    0.00000000 
max(|Fsp_paral|) :   0.00000000    0.01698991    0.01399197    0.00553393    0.00011043    0.00503228    0.01304245    0.01741248    0.00378215    0.00000000 
max(|Fsp_perp|)  :   0.00000000    0.00000000    0.00000000    0.00000000    0.00000000    0.00000000    0.00000000    0.00000000    0.00000000    0.00000000 
max(|FNEB|)      :   0.00000000    0.07823932    0.13305123    0.16420447    0.17256604    0.18716024    0.17607285    0.13926641    0.06780935    0.00000000 
max(|Force|)     :   0.00156225    0.06986759    0.12634740    0.16139978    0.17282033    0.17932177    0.15836379    0.11523822    0.05901452    0.00147223 
ksp              :   0.02604723    0.06037608    0.08870624    0.10000000    0.10000000    0.08960669    0.05998698    0.01868745    0.01000000 
max(|step|)      :   0.00000000    0.04180339    0.07108947    0.08773469    0.09220230    0.10000000    0.09407599    0.07441025    0.03623064    0.00000000 
angle (deg.)     :    3.4157  2.7938  2.9135  3.0016  2.9411  2.8829  2.8278  3.0831 
>
iteration       : 3
climbing        : no
zoom on         : no
nim             : 10
barrier         :   0.03189743 (image:  4) 
distance        :   0.00000000    1.59536295    3.12440765    4.63780168    6.15433242    7.67412806    9.18525121   10.70546557   12.27954083   13.84815060 
energy          : -1075.52195325  -1075.51530345  -1075.50016829  -1075.49065279  -1075.49005582  -1075.49832752  -1075.51336883  -1075.53295656  -1075.55201795  -1075.55944373 
max(|Fr_perp|)   :   0.00000000    0.03229335    0.03123360    0.03948332    0.04533236    0.04652285    0.04102740    0.03401516    0.02701244    0.00000000 
Fr_paral         :   0.00000000   -0.01006745   -0.01090203   -0.00558492    0.00446733    0.01054443    0.01450961    0.01520895    0.01034458    0.00000000 
max(|Fsp_paral|) :   0.00000000    0.02167840    0.01347018    0.00094587    0.00010742    0.01118899    0.01819849    0.01041500    0.00001660    0.00000000 
max(|Fsp_perp|)  :   0.00000000    0.00000000    0.00000000    0.00000000    0.00000000    0.00000000    0.00000000    0.00000000    0.00000000    0.00000000 
max(|FNEB|)      :   0.00000000    0.03691140    0.04212581    0.04042232    0.04544407    0.04804637    0.05479419    0.04091534    0.02699796    0.00000000 
max(|Force|)     :   0.00156225    0.03358627    0.03272661    0.03763807    0.04680224    0.04978784    0.04516483    0.03584858    0.02815645    0.00147223 
ksp              :   0.02876270    0.07146723    0.09831563    0.10000000    0.10000000    0.07666104    0.03422133    0.01000000    0.01000000 
max(|step|)      :   0.00000000    0.03564693    0.04053709    0.03872665    0.04349954    0.04579677    0.05241670    0.03910084    0.02612467    0.00000000 
angle (deg.)     :    4.8044  3.3483  3.4126  3.4872  3.3287  3.3025  3.5790  4.0761 
>
iteration       : 4
climbing        : no
zoom on         : no
nim             : 10
barrier         :   0.02671406 (image:  3) 
distance        :   0.00000000    1.65972185    3.16821950    4.64968226    6.16433319    7.65292681    9.14164900   10.69222455   12.30412711   13.87548578 
energy          : -1075.52195325  -1075.51711005  -1075.50352485  -1075.49523919  -1075.49567038  -1075.50409250  -1075.51837081  -1075.53725939  -1075.55405355  -1075.55944373 
max(|Fr_perp|)   :   0.00000000    0.02806515    0.02853001    0.01851541    0.02211814    0.02267912    0.02675756    0.03241436    0.02205630    0.00000000 
Fr_paral         :   0.00000000   -0.00838592   -0.00910093   -0.00276756    0.00291444    0.00797408    0.01200606    0.01282248    0.00789888    0.00000000 
max(|Fsp_paral|) :   0.00000000    0.02276440    0.01367466    0.00111055    0.00159240    0.01307165    0.01976545    0.00524960    0.00012624    0.00000000 
max(|Fsp_perp|)  :   0.00000000    0.00000000    0.00000000    0.00000000    0.00000000    0.00000000    0.00000000    0.00000000    0.00000000    0.00000000 
max(|FNEB|)      :   0.00000000    0.02859587    0.02276280    0.01887771    0.02159425    0.02690481    0.02998490    0.03012959    0.02200611    0.00000000 
max(|Force|)     :   0.00156225    0.02914766    0.02985511    0.01821071    0.02243983    0.02362686    0.02833467    0.03401771    0.02289688    0.00147223 
ksp              :   0.02631680    0.07208551    0.10000000    0.10000000    0.09854730    0.07017310    0.02206928    0.01000000    0.01000000 
max(|step|)      :   0.00000000    0.05973514    0.05591829    0.03878065    0.03693784    0.05468183    0.06494620    0.05580376    0.04391794    0.00000000 
angle (deg.)     :    6.9562  4.3130  3.9745  4.0422  3.6391  3.8129  4.7239  5.4254 
>
iteration       : 5
climbing        : no
zoom on         : no
nim             : 10
barrier         :   0.02487894 (image:  3) 
distance        :   0.00000000    1.78640109    3.25317750    4.67168782    6.17433744    7.59833437    9.03816367   10.67087939   12.33150404   13.91147910 
energy          : -1075.52195325  -1075.51884148  -1075.50587584  -1075.49707431  -1075.49760587  -1075.50613269  -1075.52066834  -1075.54115165  -1075.55578066  -1075.55944373 
max(|Fr_perp|)   :   0.00000000    0.02069639    0.02735157    0.03726048    0.03959920    0.03675632    0.03101230    0.02827787    0.01192317    0.00000000 
Fr_paral         :   0.00000000   -0.00703221   -0.00938167   -0.00183979    0.00169001    0.00692164    0.01155522    0.01157410    0.00539831    0.00000000 
max(|Fsp_paral|) :   0.00000000    0.02214960    0.01467068    0.00282631    0.00355262    0.01320925    0.02025513    0.00211854    0.00025440    0.00000000 
max(|Fsp_perp|)  :   0.00000000    0.00000000    0.00000000    0.00000000    0.00000000    0.00000000    0.00000000    0.00000000    0.00000000    0.00000000 
max(|FNEB|)      :   0.00000000    0.02341341    0.03054133    0.03654264    0.04048503    0.04347144    0.04876688    0.02729641    0.01201808    0.00000000 
max(|Force|)     :   0.00156225    0.02160698    0.02847630    0.03741854    0.03945730    0.03831494    0.03399288    0.02980996    0.01337778    0.00147223 
ksp              :   0.02125687    0.06816030    0.10000000    0.10000000    0.09807707    0.06723117    0.01464820    0.01000000    0.01000000 
max(|step|)      :   0.00000000    0.10000000    0.08592009    0.04955719    0.05406685    0.06900575    0.09872588    0.09952972    0.06172749    0.00000000 
angle (deg.)     :    9.7736  7.1644  5.1913  5.1882  4.0524  5.1064  7.1792  6.6699 
>
iteration       : 6
climbing        : no
zoom on         : no
nim             : 10
barrier         :   0.02384105 (image:  3) 
distance        :   0.00000000    2.02315043    3.42600980    4.73127012    6.18883193    7.50030472    8.83955145   10.64530170   12.38193742   13.98296268 
energy          : -1075.52195325  -1075.52043739  -1075.50862852  -1075.49811220  -1075.49832731  -1075.50688038  -1075.52218856  -1075.54528211  -1075.55630931  -1075.55944373 
max(|Fr_perp|)   :   0.00000000    0.01872699    0.03326898    0.04342910    0.04485320    0.04704210    0.04408465    0.03282601    0.01673143    0.00000000 
Fr_paral         :   0.00000000   -0.00467534   -0.01139816   -0.00199413    0.00120410    0.00733454    0.01291698    0.00882309    0.00255270    0.00000000 
max(|Fsp_paral|) :   0.00000000    0.01917577    0.01595160    0.00505285    0.00518270    0.01231950    0.01970403    0.00019844    0.00043103    0.00000000 
max(|Fsp_perp|)  :   0.00000000    0.00000000    0.00000000    0.00000000    0.00000000    0.00000000    0.00000000    0.00000000    0.00000000    0.00000000 
max(|FNEB|)      :   0.00000000    0.02531349    0.03785804    0.04247872    0.04821792    0.05954450    0.06392004    0.03315700    0.01670700    0.00000000 
max(|Force|)     :   0.00156225    0.01953353    0.03478536    0.04386050    0.04537047    0.04768777    0.04362629    0.03332669    0.01764327    0.00147223 
ksp              :   0.01573751    0.06030935    0.10000000    0.10000000    0.09921494    0.06696640    0.01000000    0.01000000    0.01000000 
max(|step|)      :   0.00000000    0.02562987    0.03833121    0.04300964    0.04882057    0.06028872    0.06471894    0.03357141    0.01691582    0.00000000 
angle (deg.)     :    9.5029  8.1884  5.0773  5.1918  3.6517  5.5694  7.6590  5.4466 
>
iteration       : 7
climbing        : no
zoom on         : no
nim             : 10
barrier         :   0.02140221 (image:  3) 
distance        :   0.00000000    2.07720381    3.47399793    4.74446925    6.17105183    7.45265215    8.75562539   10.63021894   12.36532048   13.96615714 
energy          : -1075.52195325  -1075.52100411  -1075.51045049  -1075.50055104  -1075.50119460  -1075.50966429  -1075.52449827  -1075.54738839  -1075.55700428  -1075.55944373 
max(|Fr_perp|)   :   0.00000000    0.01034990    0.01956649    0.02318775    0.02606730    0.02773851    0.02630623    0.01804441    0.00825595    0.00000000 
Fr_paral         :   0.00000000   -0.00499402   -0.01301714   -0.00466572    0.00492666    0.01082746    0.01583427    0.01047397    0.00350053    0.00000000 
max(|Fsp_paral|) :   0.00000000    0.01865247    0.01530459    0.00507435    0.00582707    0.01342540    0.01721498    0.00039030    0.00041605    0.00000000 
max(|Fsp_perp|)  :   0.00000000    0.00000000    0.00000000    0.00000000    0.00000000    0.00000000    0.00000000    0.00000000    0.00000000    0.00000000 
max(|FNEB|)      :   0.00000000    0.02192459    0.02405450    0.02444009    0.02960577    0.03739810    0.04134532    0.01842495    0.00866717    0.00000000 
max(|Force|)     :   0.00156225    0.00967352    0.02229712    0.02281037    0.02509096    0.02536452    0.02601532    0.01511382    0.00746514    0.00147223 
ksp              :   0.01399130    0.05837112    0.10000000    0.10000000    0.09729372    0.06167723    0.01000000    0.01000000    0.01000000 
max(|step|)      :   0.00000000    0.01895830    0.01850037    0.01229670    0.01278736    0.02148379    0.02631094    0.01363499    0.00689439    0.00000000 
angle (deg.)     :    9.3455  9.3762  5.3461  5.5105  3.6700  6.3432  8.2173  4.8213 
>
iteration       : 8
climbing        : no
zoom on         : no
nim             : 10
barrier         :   0.02083167 (image:  3) 
distance        :   0.00000000    2.13268009    3.52601095    4.76584499    6.15948097    7.41484232    8.69581469   10.63691393   12.37433734   13.97662842 
energy          : -1075.52195325  -1075.52120658  -1075.51116651  -1075.50112159  -1075.50172211  -1075.51013096  -1075.52508473  -1075.54827038  -1075.55720639  -1075.55944373 
max(|Fr_perp|)   :   0.00000000    0.01043069    0.01966120    0.02158179    0.02257812    0.02455814    0.02386403    0.01617352    0.00743946    0.00000000 
Fr_paral         :   0.00000000   -0.00480150   -0.01341399   -0.00479819    0.00495096    0.01104386    0.01625443    0.00992255    0.00348627    0.00000000 
max(|Fsp_paral|) :   0.00000000    0.01795582    0.01499504    0.00496165    0.00550137    0.01331251    0.01649563    0.00056992    0.00042001    0.00000000 
max(|Fsp_perp|)  :   0.00000000    0.00000000    0.00000000    0.00000000    0.00000000    0.00000000    0.00000000    0.00000000    0.00000000    0.00000000 
max(|FNEB|)      :   0.00000000    0.02182867    0.02491344    0.02281638    0.02592828    0.03410989    0.03812465    0.01673388    0.00785460    0.00000000 
max(|Force|)     :   0.00156225    0.00978197    0.02259672    0.02119333    0.02256318    0.02214769    0.02519749    0.01339702    0.00635589    0.00147223 
ksp              :   0.01322588    0.05660243    0.10000000    0.10000000    0.09740555    0.06107639    0.01000000    0.01000000    0.01000000 
max(|step|)      :   0.00000000    0.08201194    0.07750385    0.03563066    0.04189035    0.08120432    0.10000000    0.05090258    0.02496413    0.00000000 
angle (deg.)     :    9.2231  14.6988  6.7105  7.2123  3.9888  10.2437  9.7923  4.0649 
>
iteration       : 9
climbing        : no
zoom on         : no
nim             : 10
barrier         :   0.01950612 (image:  3) 
distance        :   0.00000000    2.36182500    3.75200120    4.86389071    6.12362907    7.26497029    8.46938473   10.67939726   12.43210198   14.04239050 
energy          : -1075.52195325  -1075.52192580  -1075.51351490  -1075.50244713  -1075.50254322  -1075.51066546  -1075.52662929  -1075.55046789  -1075.55752286  -1075.55944373 
max(|Fr_perp|)   :   0.00000000    0.00765331    0.01696742    0.01689770    0.02230432    0.02397061    0.02226932    0.01542892    0.00733849    0.00000000 
Fr_paral         :   0.00000000   -0.00377967   -0.01509445   -0.00569972    0.00479854    0.01198132    0.01808629    0.00764054    0.00303837    0.00000000 
max(|Fsp_paral|) :   0.00000000    0.01552470    0.01356702    0.00459789    0.00383541    0.01157126    0.01488968    0.00127605    0.00044515    0.00000000 
max(|Fsp_perp|)  :   0.00000000    0.00000000    0.00000000    0.00000000    0.00000000    0.00000000    0.00000000    0.00000000    0.00000000    0.00000000 
max(|FNEB|)      :   0.00000000    0.01961690    0.02587289    0.01918654    0.02490797    0.03235445    0.03467671    0.01684844    0.00785722    0.00000000 
max(|Force|)     :   0.00156225    0.00801662    0.02087891    0.01819382    0.02160596    0.02166587    0.02239324    0.01344866    0.00675200    0.00147223 
ksp              :   0.01013372    0.04894087    0.10000000    0.10000000    0.09956442    0.06210148    0.01000000    0.01000000    0.01000000 
max(|step|)      :   0.00000000    0.04008897    0.05287368    0.03920949    0.05090177    0.06611935    0.07086510    0.03443137    0.01605696    0.00000000 
angle (deg.)     :    9.3278  16.5832  7.4545  8.2684  4.5024  12.1901  9.6964  4.3478 
>
iteration       : 10
climbing        : no
zoom on         : no
nim             : 10
barrier         :   0.02050059 (image:  4) 
distance        :   0.00000000    2.45596702    3.85736553    4.91391338    6.11907336    7.21040285    8.39036133   10.71087657   12.47596407   14.09077760 
energy          : -1075.52195325  -1075.52212149  -1075.51377063  -1075.50189236  -1075.50145266  -1075.50950441  -1075.52631434  -1075.55036485  -1075.55745487  -1075.55944373 
max(|Fr_perp|)   :   0.00000000    0.00803966    0.02320133    0.03581472    0.04161261    0.03940217    0.03038027    0.02662256    0.01399859    0.00000000 
Fr_paral         :   0.00000000   -0.00306032   -0.01538667   -0.00474361    0.00268420    0.01069845    0.01759607    0.00469639    0.00223799    0.00000000 
max(|Fsp_paral|) :   0.00000000    0.01426876    0.01248798    0.00525614    0.00353323    0.00969140    0.01468612    0.00156204    0.00048192    0.00000000 
max(|Fsp_perp|)  :   0.00000000    0.00000000    0.00000000    0.00000000    0.00000000    0.00000000    0.00000000    0.00000000    0.00000000    0.00000000 
max(|FNEB|)      :   0.00000000    0.01530596    0.02966425    0.03890762    0.03951662    0.03881985    0.04150184    0.02506779    0.01352065    0.00000000 
max(|Force|)     :   0.00156225    0.00792749    0.02069903    0.03493972    0.04211085    0.04161960    0.03450143    0.02794333    0.01471631    0.00147223 
ksp              :   0.01000000    0.04592267    0.09806965    0.10000000    0.10000000    0.06465188    0.01000000    0.01000000    0.01000000 
max(|step|)      :   0.00000000    0.03484883    0.03931437    0.01616725    0.01235762    0.02536908    0.03735151    0.01732441    0.00728082    0.00000000 
angle (deg.)     :    9.5094  18.6516  7.9088  9.2421  4.7673  14.2597  9.5408  4.4045 
>
iteration       : 11
climbing        : no
zoom on         : no
nim             : 10
barrier         :   0.02001075 (image:  4) 
distance        :   0.00000000    2.54689543    3.95911135    4.96265481    6.11276261    7.15516017    8.30365363   10.73232113   12.50754192   14.12611492 
energy          : -1075.52195325  -1075.52234764  -1075.51440451  -1075.50251220  -1075.50194250  -1075.50978721  -1075.52684696  -1075.55089171  -1075.55756986  -1075.55944373 
max(|Fr_perp|)   :   0.00000000    0.00783723    0.02232568    0.03285463    0.03781411    0.03600702    0.02822837    0.02457891    0.01296302    0.00000000 
Fr_paral         :   0.00000000   -0.00265132   -0.01599438   -0.00536562    0.00292450    0.01132939    0.01839838    0.00428583    0.00211091    0.00000000 
max(|Fsp_paral|) :   0.00000000    0.01315109    0.01113671    0.00526801    0.00328642    0.00871132    0.01374422    0.00183338    0.00050268    0.00000000 
max(|Fsp_perp|)  :   0.00000000    0.00000000    0.00000000    0.00000000    0.00000000    0.00000000    0.00000000    0.00000000    0.00000000    0.00000000 
max(|FNEB|)      :   0.00000000    0.01457000    0.02812631    0.03595168    0.03586252    0.03704742    0.04019102    0.02275285    0.01246425    0.00000000 
max(|Force|)     :   0.00156225    0.00751184    0.01969561    0.03188163    0.03834870    0.03830379    0.03243656    0.02578139    0.01364041    0.00147223 
ksp              :   0.01000000    0.04395108    0.09743775    0.10000000    0.10000000    0.06471779    0.01000000    0.01000000    0.01000000 
max(|step|)      :   0.00000000    0.07385051    0.07936666    0.04546486    0.02995064    0.06904908    0.10000000    0.03875415    0.01913483    0.00000000 
angle (deg.)     :    9.9013  23.6968  8.8046  12.0420  5.7657  19.3589  9.5094  4.5973 
>
iteration       : 12
climbing        : no
zoom on         : no
nim             : 10
barrier         :   0.01974358 (image:  4) 
distance        :   0.00000000    2.75307051    4.19380008    5.09499076    6.10331521    7.04205689    8.10780687   10.78793220   12.59569357   14.22412240 
energy          : -1075.52195325  -1075.52291482  -1075.51597966  -1075.50337922  -1075.50220968  -1075.50991452  -1075.52782549  -1075.55154251  -1075.55761950  -1075.55944373 
max(|Fr_perp|)   :   0.00000000    0.00561954    0.01245441    0.03064707    0.03620925    0.03137512    0.02116567    0.02201511    0.01407616    0.00000000 
Fr_paral         :   0.00000000   -0.00194775   -0.01764444   -0.00700344    0.00293375    0.01299950    0.02063296    0.00329312    0.00182857    0.00000000 
max(|Fsp_paral|) :   0.00000000    0.00932206    0.01074155    0.00454113    0.00201053    0.00726909    0.01230135    0.00241603    0.00057626    0.00000000 
max(|Fsp_perp|)  :   0.00000000    0.00000000    0.00000000    0.00000000    0.00000000    0.00000000    0.00000000    0.00000000    0.00000000    0.00000000 
max(|FNEB|)      :   0.00000000    0.00903108    0.01617153    0.03277894    0.03704288    0.03298735    0.03254784    0.02036794    0.01419741    0.00000000 
max(|Force|)     :   0.00156225    0.00577535    0.01822978    0.03146382    0.03634540    0.03214355    0.02103945    0.02314602    0.01425159    0.00147223 
ksp              :   0.01000000    0.03720529    0.09463775    0.10000000    0.10000000    0.06490340    0.01000000    0.01000000    0.01000000 
max(|step|)      :   0.00000000    0.00860324    0.01540542    0.03122607    0.03528801    0.03142461    0.03100592    0.01940303    0.01352482    0.00000000 
angle (deg.)     :    10.1503  24.5126  8.4916  12.4176  5.6749  20.3669  9.1983  4.3560 
>
iteration       : 13
climbing        : yes
zoom on         : no
nim             : 10
barrier         :   0.01835540 (image:  4) 
distance        :   0.00000000    2.77869579    4.23151939    5.11562490    6.10263808    7.02280150    8.07058419   10.78722496   12.59972046   14.22916979 
energy          : -1075.52195325  -1075.52302629  -1075.51625227  -1075.50442984  -1075.50359785  -1075.51097778  -1075.52837700  -1075.55217388  -1075.55788676  -1075.55944373 
max(|Fr_perp|)   :   0.00000000    0.00539932    0.01199531    0.01315390    0.01638710    0.01675749    0.01480584    0.01071328    0.00813581    0.00000000 
Fr_paral         :   0.00000000   -0.00185092   -0.01768267   -0.00793434    0.00424495    0.01411517    0.02143497    0.00577395    0.00244338    0.00000000 
max(|Fsp_paral|) :   0.00000000    0.00971826    0.01021552    0.00416833    0.00195270    0.00758624    0.01177272    0.00251031    0.00057864    0.00000000 
max(|Fsp_perp|)  :   0.00000000    0.00000000    0.00000000    0.00000000    0.00000000    0.00000000    0.00000000    0.00000000    0.00000000    0.00000000 
max(|FNEB|)      :   0.00000000    0.01087564    0.01551410    0.01437471    0.01778989    0.02162887    0.02185229    0.01336493    0.00831134    0.00000000 
max(|Force|)     :   0.00156225    0.00554510    0.01789481    0.01309592    0.01587549    0.01432214    0.02102474    0.00925807    0.00823666    0.00147223 
ksp              :   0.01000000    0.03794935    0.09591421    0.10000000    0.10000000    0.06381931    0.01000000    0.01000000    0.01000000 
max(|step|)      :   0.00000000    0.01723772    0.02458960    0.02278368    0.02819670    0.03428142    0.03463554    0.02118320    0.01317334    0.00000000 
angle (deg.)     :    10.3212  25.5753  8.7800  13.3135  6.0684  21.6231  9.3403  4.6240 
>
iteration       : 14
climbing        : yes
zoom on         : no
nim             : 10
barrier         :   0.01847833 (image:  4) 
distance        :   0.00000000    2.82362480    4.29242038    5.15237148    6.10755701    7.00023378    8.02727610   10.80477850   12.63194266   14.26516904 
energy          : -1075.52195325  -1075.52316316  -1075.51647198  -1075.50449362  -1075.50347492  -1075.51078556  -1075.52837322  -1075.55217541  -1075.55782940  -1075.55944373 
max(|Fr_perp|)   :   0.00000000    0.00511621    0.01146668    0.01769169    0.02018688    0.01613733    0.01386654    0.01241268    0.01331506    0.00000000 
Fr_paral         :   0.00000000   -0.00165610   -0.01792233   -0.00774672    0.00352799    0.01379514    0.02151452    0.00384952    0.00188220    0.00000000 
max(|Fsp_paral|) :   0.00000000    0.00915303    0.00982494    0.00429265    0.00188422    0.00723350    0.01175722    0.00262806    0.00062094    0.00000000 
max(|Fsp_perp|)  :   0.00000000    0.00000000    0.00000000    0.00000000    0.00000000    0.00000000    0.00000000    0.00000000    0.00000000    0.00000000 
max(|FNEB|)      :   0.00000000    0.00928458    0.01201684    0.01996063    0.01958871    0.02191652    0.02303054    0.01249637    0.01328703    0.00000000 
max(|Force|)     :   0.00156225    0.00524130    0.01759746    0.01639950    0.02078505    0.01851463    0.02032799    0.01347639    0.01334601    0.00147223 
ksp              :   0.01000000    0.03669691    0.09503836    0.10000000    0.10000000    0.06439302    0.01000000    0.01000000    0.01000000 
max(|step|)      :   0.00000000    0.02815994    0.03808054    0.02172798    0.01269486    0.02707544    0.03979516    0.01425976    0.00637123    0.00000000 
angle (deg.)     :    10.6666  27.7047  8.9901  14.8686  6.5744  24.0811  9.3682  4.8249 
>
iteration       : 15
climbing        : yes
zoom on         : no
nim             : 10
barrier         :   0.01894116 (image:  4) 
distance        :   0.00000000    2.89932278    4.39533151    5.21498714    6.11940497    6.96332201    7.95346883   10.83252090   12.68274887   14.32181666 
energy          : -1075.52195325  -1075.52338346  -1075.51679737  -1075.50439401  -1075.50301210  -1075.51021312  -1075.52820998  -1075.55208307  -1075.55775650  -1075.55944373 
max(|Fr_perp|)   :   0.00000000    0.00463532    0.01045272    0.02686204    0.03120120    0.02600365    0.01849167    0.01955886    0.01570784    0.00000000 
Fr_paral         :   0.00000000   -0.00140075   -0.01870062   -0.00851679    0.00324283    0.01434645    0.02251479    0.00303645    0.00169539    0.00000000 
max(|Fsp_paral|) :   0.00000000    0.00808223    0.00920468    0.00460686    0.00192481    0.00641431    0.01178068    0.00286668    0.00067942    0.00000000 
max(|Fsp_perp|)  :   0.00000000    0.00000000    0.00000000    0.00000000    0.00000000    0.00000000    0.00000000    0.00000000    0.00000000    0.00000000 
max(|FNEB|)      :   0.00000000    0.00820784    0.01277081    0.02903366    0.03067235    0.02795567    0.02775197    0.01797820    0.01567706    0.00000000 
max(|Force|)     :   0.00156225    0.00473608    0.01713654    0.02550647    0.03173005    0.02859079    0.01990507    0.02039524    0.01573563    0.00147223 
ksp              :   0.01000000    0.03449846    0.09343374    0.10000000    0.10000000    0.06578393    0.01000000    0.01000000    0.01000000 
max(|step|)      :   0.00000000    0.06500472    0.08638397    0.05069977    0.02781350    0.06023100    0.10000000    0.03161556    0.01531742    0.00000000 
angle (deg.)     :    11.5607  33.6007  9.4916  19.1040  8.1283  30.6376  9.5255  5.2585 
>
iteration       : 16
climbing        : yes
zoom on         : no
nim             : 10
barrier         :   0.01900013 (image:  4) 
distance        :   0.00000000    3.07658055    4.64027988    5.37272490    6.16029628    6.90132556    7.80195196   10.92211262   12.82872812   14.48252427 
energy          : -1075.52195325  -1075.52386197  -1075.51761937  -1075.50485500  -1075.50295312  -1075.50971806  -1075.52801252  -1075.55214683  -1075.55757503  -1075.55944373 
max(|Fr_perp|)   :   0.00000000    0.00349805    0.00973510    0.03153351    0.03654827    0.03074537    0.02142360    0.02311822    0.02463719    0.00000000 
Fr_paral         :   0.00000000   -0.00088924   -0.02033838   -0.01068115    0.00311293    0.01599208    0.02489847    0.00212990    0.00141616    0.00000000 
max(|Fsp_paral|) :   0.00000000    0.00605390    0.00773480    0.00472518    0.00169944    0.00498582    0.01110464    0.00344057    0.00081701    0.00000000 
max(|Fsp_perp|)  :   0.00000000    0.00000000    0.00000000    0.00000000    0.00000000    0.00000000    0.00000000    0.00000000    0.00000000    0.00000000 
max(|FNEB|)      :   0.00000000    0.00694192    0.01202705    0.03347955    0.03648905    0.03040498    0.02865075    0.02126254    0.02486690    0.00000000 
max(|Force|)     :   0.00156225    0.00355518    0.01630259    0.03037523    0.03738079    0.03364435    0.02194981    0.02393999    0.02492595    0.00147223 
ksp              :   0.01000000    0.03050461    0.09096181    0.10000000    0.10000000    0.06797635    0.01000000    0.01000000    0.01000000 
max(|step|)      :   0.00000000    0.00565167    0.00979165    0.02725691    0.02970705    0.02475379    0.02332561    0.01731060    0.02024504    0.00000000 
angle (deg.)     :    11.6807  34.2784  9.1853  19.4416  8.1157  31.4489  9.3287  5.0008 
>
iteration       : 17
climbing        : yes
zoom on         : no
nim             : 10
barrier         :   0.01754514 (image:  4) 
distance        :   0.00000000    3.09070922    4.66256477    5.38872098    6.16391125    6.89614211    7.78274404   10.92194818   12.83429776   14.48930035 
energy          : -1075.52195325  -1075.52392208  -1075.51775579  -1075.50589106  -1075.50440811  -1075.51084367  -1075.52850339  -1075.55288125  -1075.55810374  -1075.55944373 
max(|Fr_perp|)   :   0.00000000    0.00341858    0.00809719    0.00699139    0.00868927    0.00965027    0.01062620    0.00668069    0.00865255    0.00000000 
Fr_paral         :   0.00000000   -0.00085774   -0.02007390   -0.01079123    0.00383134    0.01627493    0.02528720    0.00474998    0.00206574    0.00000000 
max(|Fsp_paral|) :   0.00000000    0.00664836    0.00723682    0.00412403    0.00160915    0.00542435    0.01049495    0.00348037    0.00081975    0.00000000 
max(|Fsp_perp|)  :   0.00000000    0.00000000    0.00000000    0.00000000    0.00000000    0.00000000    0.00000000    0.00000000    0.00000000    0.00000000 
max(|FNEB|)      :   0.00000000    0.00716586    0.00938869    0.00839333    0.00924945    0.01171081    0.01353709    0.00907070    0.00869737    0.00000000 
max(|Force|)     :   0.00156225    0.00347212    0.01623801    0.00913967    0.00812910    0.01104760    0.02003740    0.00660258    0.00861314    0.00147223 
ksp              :   0.01000000    0.03153138    0.09239300    0.10000000    0.10000000    0.06698800    0.01000000    0.01000000    0.01000000 
max(|step|)      :   0.00000000    0.00572864    0.00765895    0.00548029    0.00264561    0.00594173    0.01073061    0.00328320    0.00237023    0.00000000 
angle (deg.)     :    11.7652  34.8351  9.1965  19.8021  8.2395  32.1205  9.3781  5.0344 
>
iteration       : 18
climbing        : yes
zoom on         : no
nim             : 10
barrier         :   0.01750991 (image:  4) 
distance        :   0.00000000    3.10592195    4.68399738    5.40484834    6.16872337    6.89323198    7.76888510   10.92714253   12.84782175   14.50497166 
energy          : -1075.52195325  -1075.52397131  -1075.51782932  -1075.50594775  -1075.50444334  -1075.51082753  -1075.52843072  -1075.55290943  -1075.55813893  -1075.55944373 
max(|Fr_perp|)   :   0.00000000    0.00333729    0.00793825    0.00716663    0.00863402    0.00973535    0.01047343    0.00582094    0.00517865    0.00000000 
Fr_paral         :   0.00000000   -0.00083299   -0.02021901   -0.01093362    0.00380569    0.01637296    0.02559084    0.00474135    0.00206520    0.00000000 
max(|Fsp_paral|) :   0.00000000    0.00647209    0.00719304    0.00395908    0.00149266    0.00540277    0.01034612    0.00351879    0.00083961    0.00000000 
max(|Fsp_perp|)  :   0.00000000    0.00000000    0.00000000    0.00000000    0.00000000    0.00000000    0.00000000    0.00000000    0.00000000    0.00000000 
max(|FNEB|)      :   0.00000000    0.00705719    0.00969176    0.00848886    0.00918269    0.01173479    0.01389845    0.00919474    0.00522413    0.00000000 
max(|Force|)     :   0.00156225    0.00338860    0.01616179    0.00909966    0.00808536    0.01112011    0.02012515    0.00452504    0.00513963    0.00147223 
ksp              :   0.01000000    0.03119678    0.09226743    0.10000000    0.10000000    0.06718562    0.01000000    0.01000000    0.01000000 
max(|step|)      :   0.00000000    0.05670405    0.07591056    0.05401404    0.02626337    0.05429728    0.10000000    0.03587570    0.01279436    0.00000000 
angle (deg.)     :    12.6446  40.7420  9.7495  23.6741  9.4597  39.7309  9.8638  5.4986 
>
iteration       : 19
climbing        : yes
zoom on         : no
nim             : 10
barrier         :   0.01714580 (image:  4) 
distance        :   0.00000000    3.25560205    4.89859988    5.56745563    6.22906755    6.88336925    7.65970570   11.00363300   13.00889720   14.68864856 
energy          : -1075.52195325  -1075.52443668  -1075.51851377  -1075.50655116  -1075.50480745  -1075.51066041  -1075.52759240  -1075.55296936  -1075.55811376  -1075.55944373 
max(|Fr_perp|)   :   0.00000000    0.00264055    0.00642411    0.00487754    0.00375359    0.00467287    0.00880954    0.01047230    0.01312240    0.00000000 
Fr_paral         :   0.00000000   -0.00055819   -0.02138395   -0.01241421    0.00342579    0.01716664    0.02825409    0.00440259    0.00190536    0.00000000 
max(|Fsp_paral|) :   0.00000000    0.00482123    0.00659138    0.00246348    0.00031065    0.00514454    0.00874243    0.00387399    0.00104128    0.00000000 
max(|Fsp_perp|)  :   0.00000000    0.00000000    0.00000000    0.00000000    0.00000000    0.00000000    0.00000000    0.00000000    0.00000000    0.00000000 
max(|FNEB|)      :   0.00000000    0.00609615    0.00860125    0.00559566    0.00424946    0.00613382    0.00944192    0.01101464    0.01360562    0.00000000 
max(|Force|)     :   0.00156225    0.00253594    0.01560629    0.00897257    0.00342707    0.01109095    0.02095521    0.01072738    0.01350975    0.00147223 
ksp              :   0.01000000    0.02805667    0.09084911    0.10000000    0.10000000    0.06926960    0.01000000    0.01000000    0.01000000 
max(|step|)      :   0.00000000    0.01340651    0.01891565    0.01230584    0.00934531    0.01348936    0.02076444    0.02422312    0.02992116    0.00000000 
angle (deg.)     :    13.0871  41.9973  10.0049  24.4202  9.7552  41.4943  10.0824  5.7905 
>
iteration       : 20
climbing        : yes
zoom on         : no
nim             : 10
barrier         :   0.01710904 (image:  4) 
distance        :   0.00000000    3.28665154    4.94923475    5.60038033    6.24351847    6.88120285    7.64093250   11.01662121   13.04659240   14.73420556 
energy          : -1075.52195325  -1075.52455546  -1075.51855055  -1075.50669030  -1075.50484421  -1075.51051454  -1075.52710826  -1075.55255050  -1075.55747426  -1075.55944373 
max(|Fr_perp|)   :   0.00000000    0.00246747    0.00752888    0.00556611    0.00673778    0.00619073    0.01802252    0.02726041    0.03488805    0.00000000 
Fr_paral         :   0.00000000   -0.00045698   -0.02169453   -0.01274576    0.00322209    0.01708585    0.02835550    0.00344933    0.00154860    0.00000000 
max(|Fsp_paral|) :   0.00000000    0.00479999    0.00567750    0.00257920    0.00023637    0.00470027    0.00865723    0.00392053    0.00109804    0.00000000 
max(|Fsp_perp|)  :   0.00000000    0.00000000    0.00000000    0.00000000    0.00000000    0.00000000    0.00000000    0.00000000    0.00000000    0.00000000 
max(|FNEB|)      :   0.00000000    0.00580285    0.00996944    0.00611511    0.00684467    0.00801544    0.01864350    0.02707447    0.03483626    0.00000000 
max(|Force|)     :   0.00156225    0.00252094    0.01572133    0.00919264    0.00709772    0.01029714    0.01944364    0.02731024    0.03491346    0.00147223 
ksp              :   0.01000000    0.02789949    0.09028884    0.10000000    0.10000000    0.07017193    0.01000000    0.01000000    0.01000000 
max(|step|)      :   0.00000000    0.01475919    0.02033925    0.01365333    0.00708488    0.01081902    0.02222572    0.01151464    0.00452187    0.00000000 
angle (deg.)     :    13.4859  43.5819  10.2296  25.2362  9.9526  43.6104  10.2473  5.9301 
>
iteration       : 21
climbing        : yes
zoom on         : no
nim             : 10
barrier         :   0.01704921 (image:  4) 
distance        :   0.00000000    3.32133260    5.00463691    5.63809197    6.26125772    6.88155645    7.62327797   11.03335296   13.09008481   14.78602958 
energy          : -1075.52195325  -1075.52467716  -1075.51862883  -1075.50683788  -1075.50490404  -1075.51035164  -1075.52678342  -1075.55256815  -1075.55749823  -1075.55944373 
max(|Fr_perp|)   :   0.00000000    0.00249776    0.00721840    0.00604483    0.00750954    0.00717999    0.01729890    0.02611018    0.03375168    0.00000000 
Fr_paral         :   0.00000000   -0.00035870   -0.02211380   -0.01313316    0.00304392    0.01699615    0.02907825    0.00333315    0.00150371    0.00000000 
max(|Fsp_paral|) :   0.00000000    0.00467137    0.00490233    0.00260356    0.00012677    0.00420913    0.00855984    0.00395656    0.00115792    0.00000000 
max(|Fsp_perp|)  :   0.00000000    0.00000000    0.00000000    0.00000000    0.00000000    0.00000000    0.00000000    0.00000000    0.00000000    0.00000000 
max(|FNEB|)      :   0.00000000    0.00568225    0.00919199    0.00654355    0.00749757    0.00867550    0.01796083    0.02594945    0.03369611    0.00000000 
max(|Force|)     :   0.00156225    0.00253979    0.01581122    0.00928615    0.00782828    0.00971569    0.01900846    0.02615861    0.03377668    0.00147223 
ksp              :   0.01000000    0.02754910    0.08979156    0.10000000    0.10000000    0.07124299    0.01000000    0.01000000    0.01000000 
max(|step|)      :   0.00000000    0.06326461    0.08364594    0.05789461    0.03006684    0.05350753    0.10000000    0.04722357    0.01171879    0.00000000 
angle (deg.)     :    14.9690  51.5382  10.9982  28.5406  11.0514  53.5938  11.1623  6.3719 
>
iteration       : 22
climbing        : yes
zoom on         : no
nim             : 10
barrier         :   0.01665284 (image:  4) 
distance        :   0.00000000    3.46919750    5.22765076    5.80939590    6.35440550    6.91672984    7.58149064   11.12602867   13.29745377   15.03176920 
energy          : -1075.52195325  -1075.52518627  -1075.51915021  -1075.50743021  -1075.50530042  -1075.50982853  -1075.52478147  -1075.55230958  -1075.55749175  -1075.55944373 
max(|Fr_perp|)   :   0.00000000    0.00269094    0.00548227    0.00438985    0.00424682    0.00545031    0.02111222    0.03172946    0.03531892    0.00000000 
Fr_paral         :   0.00000000   -0.00011681   -0.02380364   -0.01443349    0.00227898    0.01626404    0.03123959    0.00388326    0.00173957    0.00000000 
max(|Fsp_paral|) :   0.00000000    0.00338063    0.00366138    0.00159276    0.00082834    0.00294794    0.00753818    0.00406632    0.00140077    0.00000000 
max(|Fsp_perp|)  :   0.00000000    0.00000000    0.00000000    0.00000000    0.00000000    0.00000000    0.00000000    0.00000000    0.00000000    0.00000000 
max(|FNEB|)      :   0.00000000    0.00520107    0.00625395    0.00450891    0.00425138    0.00593357    0.02215554    0.03210817    0.03585650    0.00000000 
max(|Force|)     :   0.00156225    0.00266345    0.01536747    0.00851869    0.00437472    0.00973183    0.02100336    0.03234486    0.03596267    0.00147223 
ksp              :   0.01000000    0.02515241    0.08849009    0.10000000    0.10000000    0.07552666    0.01000000    0.01000000    0.01000000 
max(|step|)      :   0.00000000    0.00421522    0.00506853    0.00365426    0.00344554    0.00480888    0.01795602    0.02602216    0.02906000    0.00000000 
angle (deg.)     :    15.0497  51.9900  10.9231  28.6609  10.8876  54.0573  11.2560  6.3101 
>
iteration       : 23
climbing        : yes
zoom on         : no
nim             : 10
barrier         :   0.01660172 (image:  4) 
distance        :   0.00000000    3.47729679    5.23991050    5.81918343    6.36010404    6.91991519    7.57831574   11.12611590   13.30571108   15.04336064 
energy          : -1075.52195325  -1075.52522924  -1075.51918522  -1075.50748236  -1075.50535153  -1075.50983522  -1075.52492896  -1075.55290533  -1075.55821772  -1075.55944373 
max(|Fr_perp|)   :   0.00000000    0.00247098    0.00537601    0.00412554    0.00295541    0.00262017    0.00703245    0.01032895    0.01064984    0.00000000 
Fr_paral         :   0.00000000   -0.00009020   -0.02387608   -0.01444071    0.00222958    0.01621622    0.03226879    0.00400882    0.00176083    0.00000000 
max(|Fsp_paral|) :   0.00000000    0.00330030    0.00362674    0.00150999    0.00090426    0.00300927    0.00736748    0.00405212    0.00141763    0.00000000 
max(|Fsp_perp|)  :   0.00000000    0.00000000    0.00000000    0.00000000    0.00000000    0.00000000    0.00000000    0.00000000    0.00000000    0.00000000 
max(|FNEB|)      :   0.00000000    0.00491949    0.00612307    0.00434952    0.00278603    0.00327523    0.00717375    0.01054357    0.01073111    0.00000000 
max(|Force|)     :   0.00156225    0.00244730    0.01529188    0.00885964    0.00312479    0.00910614    0.02073133    0.01026348    0.01061551    0.00147223 
ksp              :   0.01000000    0.02500582    0.08844850    0.10000000    0.10000000    0.07569339    0.01000000    0.01000000    0.01000000 
max(|step|)      :   0.00000000    0.00342236    0.00423576    0.00301610    0.00193154    0.00193277    0.00444211    0.00307813    0.00232851    0.00000000 
angle (deg.)     :    15.1557  52.3701  10.8784  28.7556  10.9177  54.4573  11.3472  6.3358 
>
iteration       : 24
climbing        : yes
zoom on         : no
nim             : 10
barrier         :   0.01657834 (image:  4) 
distance        :   0.00000000    3.48406372    5.25013081    5.82725930    6.36482443    6.92240957    7.57539596   11.12581040   13.31228434   15.05303897 
energy          : -1075.52195325  -1075.52525967  -1075.51919888  -1075.50750880  -1075.50537491  -1075.50981317  -1075.52476362  -1075.55293466  -1075.55825905  -1075.55944373 
max(|Fr_perp|)   :   0.00000000    0.00244347    0.00530035    0.00405085    0.00290457    0.00245475    0.00485357    0.00635226    0.00680512    0.00000000 
Fr_paral         :   0.00000000   -0.00007681   -0.02395192   -0.01445582    0.00218311    0.01614856    0.03240756    0.00398653    0.00175759    0.00000000 
max(|Fsp_paral|) :   0.00000000    0.00327257    0.00353405    0.00144640    0.00095998    0.00303692    0.00724945    0.00404198    0.00142979    0.00000000 
max(|Fsp_perp|)  :   0.00000000    0.00000000    0.00000000    0.00000000    0.00000000    0.00000000    0.00000000    0.00000000    0.00000000    0.00000000 
max(|FNEB|)      :   0.00000000    0.00487505    0.00601566    0.00426138    0.00274210    0.00310178    0.00661516    0.00656292    0.00688743    0.00000000 
max(|Force|)     :   0.00156225    0.00242329    0.01532815    0.00897442    0.00306704    0.00888964    0.02048094    0.00628812    0.00677072    0.00147223 
ksp              :   0.01000000    0.02495287    0.08841561    0.10000000    0.10000000    0.07590575    0.01000000    0.01000000    0.01000000 
max(|step|)      :   0.00000000    0.07852334    0.09669971    0.06873283    0.04414058    0.04329116    0.10000000    0.07091943    0.02196723    0.00000000 
angle (deg.)     :    17.6539  61.8220  10.4707  30.9815  12.7600  65.9764  13.4972  7.1582 
>
iteration       : 25
climbing        : yes
zoom on         : no
nim             : 10
barrier         :   0.01625543 (image:  4) 
distance        :   0.00000000    3.64069088    5.48630952    6.02350151    6.49219475    7.00428847    7.55107189   11.16094857   13.50552411   15.31942940 
energy          : -1075.52195325  -1075.52575913  -1075.51938557  -1075.50789135  -1075.50569782  -1075.50903797  -1075.52010831  -1075.55219500  -1075.55766130  -1075.55944373 
max(|Fr_perp|)   :   0.00000000    0.00741904    0.00397874    0.00521905    0.00633627    0.00752216    0.01675516    0.02414594    0.02348200    0.00000000 
Fr_paral         :   0.00000000    0.00017047   -0.02540548   -0.01464458    0.00094262    0.01402835    0.03235246    0.00361492    0.00164388    0.00000000 
max(|Fsp_paral|) :   0.00000000    0.00291897    0.00133179    0.00018199    0.00213916    0.00329499    0.01626535    0.01497874    0.00170465    0.00000000 
max(|Fsp_perp|)  :   0.00000000    0.00000000    0.00000000    0.00000000    0.00000000    0.00000000    0.00000000    0.00000000    0.00000000    0.00000000 
max(|FNEB|)      :   0.00000000    0.00765059    0.00415517    0.00522273    0.00636279    0.00688985    0.01698446    0.02556543    0.02395996    0.00000000 
max(|Force|)     :   0.00156225    0.00747803    0.01589767    0.01055466    0.00640786    0.00928784    0.01893233    0.02460000    0.02384945    0.00147223 
ksp              :   0.01000000    0.02422298    0.08785955    0.10000000    0.10000000    0.08151228    0.02033126    0.01000000    0.01000000 
max(|step|)      :   0.00000000    0.01020475    0.00554238    0.00696634    0.00848701    0.00919003    0.02265474    0.03410047    0.03195901    0.00000000 
angle (deg.)     :    17.8149  62.3111  10.0739  30.9039  12.9745  66.8107  12.8222  7.2252 
>
iteration       : 26
climbing        : yes
zoom on         : no
nim             : 10
barrier         :   0.01606684 (image:  4) 
distance        :   0.00000000    3.65223504    5.49746145    6.03190800    6.50009801    7.00590549    7.60014598   11.13131992   13.53445676   15.35529535 
energy          : -1075.52195325  -1075.52594418  -1075.51950421  -1075.50810598  -1075.50588641  -1075.50918907  -1075.52159704  -1075.55188154  -1075.55770644  -1075.55944373 
max(|Fr_perp|)   :   0.00000000    0.00229854    0.00401073    0.00327300    0.00291243    0.00247938    0.01895879    0.03269171    0.03208805    0.00000000 
Fr_paral         :   0.00000000    0.00020643   -0.02555322   -0.01486715    0.00100451    0.01381162    0.03248533    0.00466654    0.00177761    0.00000000 
max(|Fsp_paral|) :   0.00000000    0.00254951    0.00164344    0.00001079    0.00186515    0.00107139    0.00342498    0.00550713    0.00186151    0.00000000 
max(|Fsp_perp|)  :   0.00000000    0.00000000    0.00000000    0.00000000    0.00000000    0.00000000    0.00000000    0.00000000    0.00000000    0.00000000 
max(|FNEB|)      :   0.00000000    0.00425926    0.00420765    0.00329130    0.00288049    0.00253971    0.01904084    0.03299169    0.03219801    0.00000000 
max(|Force|)     :   0.00156225    0.00235425    0.01532618    0.00842021    0.00294438    0.00782831    0.02064350    0.03261239    0.03205281    0.00147223 
ksp              :   0.01000000    0.02371853    0.08756687    0.10000000    0.10000000    0.08149984    0.01199535    0.01000000    0.01000000 
max(|step|)      :   0.00000000    0.00292311    0.00284306    0.00219209    0.00190022    0.00148250    0.00921432    0.01650659    0.01606691    0.00000000 
angle (deg.)     :    17.9237  62.5346  10.0462  30.8964  12.9857  66.9404  12.8851  7.2050 
>
iteration       : 27
climbing        : yes
zoom on         : no
nim             : 10
barrier         :   0.01603906 (image:  4) 
distance        :   0.00000000    3.65759165    5.50348735    6.03655078    6.50418290    7.00923821    7.60510751   11.12255171   13.53815347   15.36281604 
energy          : -1075.52195325  -1075.52596999  -1075.51952243  -1075.50813898  -1075.50591419  -1075.50920205  -1075.52191900  -1075.55243822  -1075.55825882  -1075.55944373 
max(|Fr_perp|)   :   0.00000000    0.00240336    0.00404662    0.00326889    0.00288366    0.00239603    0.00381488    0.00369558    0.00356696    0.00000000 
Fr_paral         :   0.00000000    0.00020274   -0.02557939   -0.01489784    0.00099008    0.01378489    0.03355397    0.00438296    0.00174601    0.00000000 
max(|Fsp_paral|) :   0.00000000    0.00248565    0.00163541    0.00006281    0.00185607    0.00095243    0.00719556    0.00351749    0.00189189    0.00000000 
max(|Fsp_perp|)  :   0.00000000    0.00000000    0.00000000    0.00000000    0.00000000    0.00000000    0.00000000    0.00000000    0.00000000    0.00000000 
max(|FNEB|)      :   0.00000000    0.00431653    0.00423946    0.00328954    0.00285284    0.00228001    0.00647240    0.00477970    0.00367909    0.00000000 
max(|Force|)     :   0.00156225    0.00245814    0.01527214    0.00844692    0.00291449    0.00767834    0.02028807    0.00362987    0.00353220    0.00147223 
ksp              :   0.01000000    0.02364007    0.08751607    0.10000000    0.10000000    0.08155084    0.01019217    0.01000000    0.01000000 
max(|step|)      :   0.00000000    0.00470508    0.00456700    0.00350762    0.00302420    0.00236866    0.00370733    0.00701971    0.00469702    0.00000000 
angle (deg.)     :    18.0979  62.8812  9.9984  30.8837  13.1247  67.0581  13.0545  7.2396 
>
iteration       : 28
climbing        : yes
zoom on         : no
nim             : 10
barrier         :   0.01600576 (image:  4) 
distance        :   0.00000000    3.66596465    5.51297005    6.04391018    6.51058171    7.01470552    7.60680508   11.11056916   13.54002871   15.37112286 
energy          : -1075.52195325  -1075.52600615  -1075.51954109  -1075.50818291  -1075.50594749  -1075.50920974  -1075.52177961  -1075.55240386  -1075.55825482  -1075.55944373 
max(|Fr_perp|)   :   0.00000000    0.00244018    0.00400205    0.00321821    0.00283032    0.00235602    0.00243139    0.00380196    0.00373218    0.00000000 
Fr_paral         :   0.00000000    0.00021064   -0.02561367   -0.01493746    0.00095511    0.01373593    0.03362113    0.00419444    0.00174119    0.00000000 
max(|Fsp_paral|) :   0.00000000    0.00241568    0.00157561    0.00013908    0.00185769    0.00102760    0.00558638    0.00426181    0.00191739    0.00000000 
max(|Fsp_perp|)  :   0.00000000    0.00000000    0.00000000    0.00000000    0.00000000    0.00000000    0.00000000    0.00000000    0.00000000    0.00000000 
max(|FNEB|)      :   0.00000000    0.00430222    0.00418431    0.00324208    0.00280162    0.00223646    0.00521665    0.00464793    0.00374593    0.00000000 
max(|Force|)     :   0.00156225    0.00249717    0.01521910    0.00851802    0.00285902    0.00748369    0.02021927    0.00386361    0.00376682    0.00147223 
ksp              :   0.01000000    0.02356353    0.08743027    0.10000000    0.10000000    0.08165648    0.01097639    0.01000000    0.01000000 
max(|step|)      :   0.00000000    0.03122588    0.03018377    0.02315095    0.01992769    0.01557089    0.01493633    0.04664915    0.01675883    0.00000000 
angle (deg.)     :    19.2639  65.2282  9.7652  30.7990  14.2158  68.0093  13.9456  7.6172 
>
iteration       : 29
climbing        : yes
zoom on         : no
nim             : 10
barrier         :   0.01588438 (image:  4) 
distance        :   0.00000000    3.72139441    5.57589391    6.09395118    6.55427798    7.05174427    7.63154662   11.03009775   13.56071542   15.43493707 
energy          : -1075.52195325  -1075.52619377  -1075.51961034  -1075.50839031  -1075.50606888  -1075.50913030  -1075.52075038  -1075.55155666  -1075.55763578  -1075.55944373 
max(|Fr_perp|)   :   0.00000000    0.00506329    0.00363502    0.00342482    0.00378812    0.00413621    0.01784807    0.02725614    0.02690862    0.00000000 
Fr_paral         :   0.00000000    0.00027157   -0.02583324   -0.01520931    0.00067707    0.01324772    0.03257942    0.00356619    0.00167030    0.00000000 
max(|Fsp_paral|) :   0.00000000    0.00209310    0.00100738    0.00058975    0.00184002    0.00090467    0.00521882    0.00959466    0.00210734    0.00000000 
max(|Fsp_perp|)  :   0.00000000    0.00000000    0.00000000    0.00000000    0.00000000    0.00000000    0.00000000    0.00000000    0.00000000    0.00000000 
max(|FNEB|)      :   0.00000000    0.00494486    0.00374657    0.00333625    0.00384506    0.00416401    0.01781673    0.02686051    0.02678545    0.00000000 
max(|Force|)     :   0.00156225    0.00505764    0.01510840    0.00872086    0.00373118    0.00669152    0.02031366    0.02730445    0.02694140    0.00147223 
ksp              :   0.01000000    0.02327483    0.08684687    0.10000000    0.10000000    0.08265414    0.01681542    0.01000000    0.01000000 
max(|step|)      :   0.00000000    0.06572789    0.06335394    0.04859782    0.04182750    0.03267506    0.03064563    0.10000000    0.02684389    0.00000000 
angle (deg.)     :    21.7780  70.5294  9.8896  30.6143  16.8942  70.1888  15.7784  8.6884 
>
iteration       : 30
climbing        : yes
zoom on         : no
nim             : 10
barrier         :   0.01607008 (image:  4) 
distance        :   0.00000000    3.83908090    5.71105913    6.20695296    6.65497221    7.13990810    7.71038382   10.87278308   13.62790131   15.59425654 
energy          : -1075.52195325  -1075.52632006  -1075.51950846  -1075.50847131  -1075.50588317  -1075.50844694  -1075.51779997  -1075.54838399  -1075.55473620  -1075.55944373 
max(|Fr_perp|)   :   0.00000000    0.01321821    0.00765180    0.00930946    0.01017830    0.01065422    0.03973834    0.05758810    0.05806069    0.00000000 
Fr_paral         :   0.00000000    0.00034195   -0.02622350   -0.01588833   -0.00012365    0.01194089    0.02715540    0.00254640    0.00125831    0.00000000 
max(|Fsp_paral|) :   0.00000000    0.00209999    0.00111104    0.00137344    0.00180750    0.00019280    0.03252925    0.02365320    0.00253621    0.00000000 
max(|Fsp_perp|)  :   0.00000000    0.00000000    0.00000000    0.00000000    0.00000000    0.00000000    0.00000000    0.00000000    0.00000000    0.00000000 
max(|FNEB|)      :   0.00000000    0.01316427    0.00793748    0.00910983    0.01020297    0.01065395    0.03764056    0.05740761    0.05832916    0.00000000 
max(|Force|)     :   0.00156225    0.01326825    0.01504665    0.01099524    0.01022370    0.01033096    0.03890660    0.05802922    0.05849763    0.00147223 
ksp              :   0.01000000    0.02370554    0.08550219    0.10000000    0.10000000    0.08565214    0.03347460    0.01000000    0.01000000 
max(|step|)      :   0.00000000    0.01498822    0.00903725    0.01037203    0.01161663    0.01213009    0.04285579    0.06536164    0.06641087    0.00000000 
angle (deg.)     :    21.8348  70.5653  9.5901  30.5548  16.4434  71.3312  14.0425  8.5487 
>
iteration       : 31
climbing        : yes
zoom on         : no
nim             : 10
barrier         :   0.01546382 (image:  4) 
distance        :   0.00000000    3.84601636    5.71324068    6.21465730    6.66018171    7.14614157    7.78463244   10.83401317   13.66453039   15.63807239 
energy          : -1075.52195325  -1075.52675196  -1075.51990756  -1075.50890175  -1075.50648943  -1075.50918240  -1075.52182023  -1075.54941950  -1075.55670229  -1075.55944373 
max(|Fr_perp|)   :   0.00000000    0.00318422    0.00380105    0.00323714    0.00397791    0.00565352    0.02478671    0.05096601    0.04871453    0.00000000 
Fr_paral         :   0.00000000    0.00061766   -0.02588099   -0.01548384    0.00017293    0.01219630    0.03171905    0.00566512    0.00180863    0.00000000 
max(|Fsp_paral|) :   0.00000000    0.00085596    0.00123370    0.00082957    0.00199910    0.00256570    0.01199238    0.00137281    0.00270064    0.00000000 
max(|Fsp_perp|)  :   0.00000000    0.00000000    0.00000000    0.00000000    0.00000000    0.00000000    0.00000000    0.00000000    0.00000000    0.00000000 
max(|FNEB|)      :   0.00000000    0.00323877    0.00376584    0.00322295    0.00397630    0.00558416    0.02529705    0.05104575    0.04887132    0.00000000 
max(|Force|)     :   0.00156225    0.00319899    0.01477371    0.00906254    0.00397952    0.00635622    0.02399487    0.05085605    0.04868010    0.00147223 
ksp              :   0.01000000    0.02190598    0.08596021    0.10000000    0.10000000    0.08432679    0.01077421    0.01000000    0.01000000 
max(|step|)      :   0.00000000    0.00175142    0.00204229    0.00152657    0.00187727    0.00306603    0.01410170    0.02787270    0.02679800    0.00000000 
angle (deg.)     :    21.9098  70.5625  9.5366  30.5269  16.2553  71.1088  14.4390  8.3971 
>
iteration       : 32
climbing        : yes
zoom on         : no
nim             : 10
barrier         :   0.01540831 (image:  4) 
distance        :   0.00000000    3.84737294    5.71555460    6.21673050    6.66150904    7.15038704    7.77423893   10.82739412   13.65533239   15.63269710 
energy          : -1075.52195325  -1075.52678352  -1075.51993965  -1075.50894148  -1075.50654494  -1075.50929148  -1075.52216187  -1075.55104222  -1075.55807115  -1075.55944373 
max(|Fr_perp|)   :   0.00000000    0.00214842    0.00254531    0.00302683    0.00325296    0.00324852    0.00317534    0.00307462    0.00429044    0.00000000 
Fr_paral         :   0.00000000    0.00054864   -0.02595208   -0.01547288    0.00020655    0.01234051    0.03371326    0.00492227    0.00173854    0.00000000 
max(|Fsp_paral|) :   0.00000000    0.00076380    0.00137241    0.00078703    0.00218522    0.00170672    0.01253343    0.00068255    0.00269998    0.00000000 
max(|Fsp_perp|)  :   0.00000000    0.00000000    0.00000000    0.00000000    0.00000000    0.00000000    0.00000000    0.00000000    0.00000000    0.00000000 
max(|FNEB|)      :   0.00000000    0.00276079    0.00256350    0.00301369    0.00325093    0.00331954    0.01289101    0.00349560    0.00437383    0.00000000 
max(|Force|)     :   0.00156225    0.00230163    0.01479851    0.00904735    0.00325498    0.00637264    0.02082297    0.00336323    0.00427293    0.00147223 
ksp              :   0.01000000    0.02176143    0.08600178    0.10000000    0.10000000    0.08395745    0.01000000    0.01000000    0.01000000 
max(|step|)      :   0.00000000    0.00200776    0.00185236    0.00224721    0.00243998    0.00249951    0.00785900    0.00338695    0.00382281    0.00000000 
angle (deg.)     :    22.0189  70.5493  9.4643  30.4979  16.1890  70.8665  14.7789  8.3593 
>
iteration       : 33
climbing        : yes
zoom on         : no
nim             : 10
barrier         :   0.01535790 (image:  4) 
distance        :   0.00000000    3.84941083    5.71869437    6.21969965    6.66334553    7.15524070    7.76356273   10.81684572   13.64371671   15.62719429 
energy          : -1075.52195325  -1075.52681171  -1075.51994780  -1075.50897447  -1075.50659536  -1075.50938369  -1075.52181875  -1075.55108625  -1075.55811000  -1075.55944373 
max(|Fr_perp|)   :   0.00000000    0.00226485    0.00256957    0.00253222    0.00255060    0.00248217    0.00246202    0.00388596    0.00368953    0.00000000 
Fr_paral         :   0.00000000    0.00053242   -0.02598450   -0.01542083    0.00021319    0.01244524    0.03360125    0.00462130    0.00175643    0.00000000 
max(|Fsp_paral|) :   0.00000000    0.00075846    0.00137443    0.00071468    0.00239505    0.00083277    0.01032641    0.00141704    0.00268298    0.00000000 
max(|Fsp_perp|)  :   0.00000000    0.00000000    0.00000000    0.00000000    0.00000000    0.00000000    0.00000000    0.00000000    0.00000000    0.00000000 
max(|FNEB|)      :   0.00000000    0.00287390    0.00263311    0.00255246    0.00254847    0.00252897    0.01051959    0.00400189    0.00385004    0.00000000 
max(|Force|)     :   0.00156225    0.00241365    0.01489574    0.00903657    0.00255273    0.00645783    0.02036976    0.00376321    0.00365479    0.00147223 
ksp              :   0.01000000    0.02175230    0.08605798    0.10000000    0.10000000    0.08365988    0.01078822    0.01000000    0.01000000 
max(|step|)      :   0.00000000    0.00978806    0.00885456    0.00868249    0.00900781    0.00898162    0.02977426    0.01331786    0.00966622    0.00000000 
angle (deg.)     :    22.5429  70.4770  9.1858  30.4254  15.8726  69.9496  16.0069  8.3711 
>
iteration       : 34
climbing        : yes
zoom on         : no
nim             : 10
barrier         :   0.01527312 (image:  4) 
distance        :   0.00000000    3.85885811    5.73350123    6.23316396    6.67191302    7.17227329    7.72469004   10.76899374   13.59597680   15.60835691 
energy          : -1075.52195325  -1075.52689847  -1075.51989749  -1075.50901187  -1075.50668013  -1075.50956730  -1075.52037953  -1075.55109177  -1075.55802875  -1075.55944373 
max(|Fr_perp|)   :   0.00000000    0.00229132    0.00254477    0.00248199    0.00244066    0.00233038    0.00296785    0.00787728    0.00764722    0.00000000 
Fr_paral         :   0.00000000    0.00053063   -0.02616754   -0.01526137    0.00018346    0.01270696    0.03274757    0.00440089    0.00176155    0.00000000 
max(|Fsp_paral|) :   0.00000000    0.00099980    0.00091716    0.00044342    0.00307162    0.00204973    0.00743048    0.00920191    0.00259180    0.00000000 
max(|Fsp_perp|)  :   0.00000000    0.00000000    0.00000000    0.00000000    0.00000000    0.00000000    0.00000000    0.00000000    0.00000000    0.00000000 
max(|FNEB|)      :   0.00000000    0.00309854    0.00260408    0.00250045    0.00243977    0.00224645    0.00764751    0.00991006    0.00774125    0.00000000 
max(|Force|)     :   0.00156225    0.00244004    0.01534259    0.00896876    0.00244156    0.00666892    0.01909882    0.00793626    0.00768226    0.00147223 
ksp              :   0.01000000    0.02211399    0.08625977    0.10000000    0.10000000    0.08298675    0.01927347    0.01000000    0.01000000 
max(|step|)      :   0.00000000    0.01227839    0.01085802    0.01053197    0.01033266    0.00976282    0.01863410    0.02234662    0.01066118    0.00000000 
angle (deg.)     :    23.1887  70.4021  8.8971  30.3802  15.6043  69.3816  16.9704  8.4800 
>
iteration       : 35
climbing        : yes
zoom on         : no
nim             : 10
barrier         :   0.01527605 (image:  4) 
distance        :   0.00000000    3.87142960    5.75187631    6.25047311    6.68362254    7.18965564    7.70846644   10.70568996   13.55870714   15.60657294 
energy          : -1075.52195325  -1075.52697873  -1075.51979721  -1075.50897401  -1075.50667720  -1075.50960945  -1075.51945479  -1075.55094583  -1075.55783616  -1075.55944373 
max(|Fr_perp|)   :   0.00000000    0.00280732    0.00300364    0.00355986    0.00402986    0.00421551    0.00477064    0.00408034    0.00810589    0.00000000 
Fr_paral         :   0.00000000    0.00051990   -0.02636970   -0.01511779    0.00011027    0.01282655    0.03176708    0.00437623    0.00173065    0.00000000 
max(|Fsp_paral|) :   0.00000000    0.00138102    0.00023425    0.00011595    0.00364181    0.00375359    0.01816526    0.01378319    0.00256243    0.00000000 
max(|Fsp_perp|)  :   0.00000000    0.00000000    0.00000000    0.00000000    0.00000000    0.00000000    0.00000000    0.00000000    0.00000000    0.00000000 
max(|FNEB|)      :   0.00000000    0.00348670    0.00297510    0.00354240    0.00402726    0.00405226    0.01859323    0.01394546    0.00805897    0.00000000 
max(|Force|)     :   0.00156225    0.00281790    0.01572433    0.00889894    0.00403247    0.00684757    0.01893521    0.00413881    0.00811643    0.00147223 
ksp              :   0.01000000    0.02270246    0.08646817    0.10000000    0.10000000    0.08272442    0.02471985    0.01000000    0.01000000 
max(|step|)      :   0.00000000    0.05200893    0.04556505    0.04418008    0.04333489    0.04089679    0.06043222    0.10000000    0.04484897    0.00000000 
angle (deg.)     :    25.9340  70.1240  7.9268  30.2970  15.2045  67.7981  20.8383  9.2327 
>
iteration       : 36
climbing        : yes
zoom on         : no
nim             : 10
barrier         :   0.01604011 (image:  4) 
distance        :   0.00000000    3.92676725    5.83206501    6.32734458    6.73791402    7.26283364    7.67745118   10.44918300   13.43678020   15.63442610 
energy          : -1075.52195325  -1075.52712918  -1075.51897963  -1075.50820552  -1075.50591314  -1075.50885103  -1075.51553743  -1075.54938616  -1075.55586417  -1075.55944373 
max(|Fr_perp|)   :   0.00000000    0.00820037    0.00966701    0.01247803    0.01357779    0.01458141    0.01656292    0.01492325    0.02255882    0.00000000 
Fr_paral         :   0.00000000    0.00039883   -0.02730864   -0.01481507   -0.00047913    0.01293798    0.02619558    0.00457543    0.00129413    0.00000000 
max(|Fsp_paral|) :   0.00000000    0.00396183    0.00425108    0.00121050    0.00569554    0.00865771    0.05557471    0.02952221    0.00251376    0.00000000 
max(|Fsp_perp|)  :   0.00000000    0.00000000    0.00000000    0.00000000    0.00000000    0.00000000    0.00000000    0.00000000    0.00000000    0.00000000 
max(|FNEB|)      :   0.00000000    0.00846507    0.00974995    0.01250554    0.01361009    0.01467337    0.05504253    0.02917572    0.02261803    0.00000000 
max(|Force|)     :   0.00156225    0.00823784    0.01699370    0.01259417    0.01361302    0.01461583    0.01865030    0.01516051    0.02262884    0.00147223 
ksp              :   0.01000000    0.02670842    0.08713612    0.10000000    0.10000000    0.08352492    0.04612168    0.01000000    0.01000000 
max(|step|)      :   0.00000000    0.01537914    0.01771349    0.02271978    0.02472649    0.02665825    0.10000000    0.05300579    0.04109191    0.00000000 
angle (deg.)     :    26.0104  70.3903  8.0641  30.4281  15.1148  70.6731  16.9646  9.3084 
>
iteration       : 37
climbing        : yes
zoom on         : no
nim             : 10
barrier         :   0.01481394 (image:  4) 
distance        :   0.00000000    3.94860319    5.83424931    6.34043946    6.75554308    7.24976527    7.86105638   10.39067609   13.53325084   15.74317414 
energy          : -1075.52195325  -1075.52746405  -1075.52004558  -1075.50924105  -1075.50713931  -1075.50990038  -1075.52220648  -1075.54884207  -1075.55742747  -1075.55944373 
max(|Fr_perp|)   :   0.00000000    0.00455627    0.00522978    0.00425830    0.00353877    0.00595408    0.00989421    0.02702206    0.02385602    0.00000000 
Fr_paral         :   0.00000000    0.00081795   -0.02618334   -0.01451306    0.00005276    0.01245499    0.03207890    0.00639911    0.00191464    0.00000000 
max(|Fsp_paral|) :   0.00000000    0.00042238    0.00190286    0.00152260    0.00397276    0.00070660    0.01496087    0.00184980    0.00291280    0.00000000 
max(|Fsp_perp|)  :   0.00000000    0.00000000    0.00000000    0.00000000    0.00000000    0.00000000    0.00000000    0.00000000    0.00000000    0.00000000 
max(|FNEB|)      :   0.00000000    0.00458429    0.00519559    0.00423722    0.00353865    0.00595052    0.01690906    0.02705331    0.02367263    0.00000000 
max(|Force|)     :   0.00156225    0.00457739    0.01527122    0.00857013    0.00353889    0.00655424    0.02007395    0.02704912    0.02389502    0.00147223 
ksp              :   0.01000000    0.02158978    0.08723118    0.10000000    0.10000000    0.08322551    0.01000000    0.01000000    0.01000000 
max(|step|)      :   0.00000000    0.00537565    0.00604378    0.00556107    0.00567932    0.00687478    0.01438036    0.03104906    0.02704856    0.00000000 
angle (deg.)     :    26.2210  70.2677  8.3634  30.3416  15.2404  69.8849  17.9215  9.1248 
>
iteration       : 38
climbing        : yes
zoom on         : no
nim             : 10
barrier         :   0.01473650 (image:  4) 
distance        :   0.00000000    3.95234847    5.84088078    6.34134025    6.75994585    7.25483620    7.84666974   10.37740892   13.51619854   15.73842975 
energy          : -1075.52195325  -1075.52752077  -1075.52004825  -1075.50935383  -1075.50721675  -1075.50999698  -1075.52184604  -1075.54927529  -1075.55752399  -1075.55944373 
max(|Fr_perp|)   :   0.00000000    0.00287710    0.00373499    0.00307124    0.00290216    0.00560888    0.00854716    0.02315096    0.02148115    0.00000000 
Fr_paral         :   0.00000000    0.00062059   -0.02621943   -0.01466100    0.00008237    0.01248993    0.03290764    0.00507482    0.00188861    0.00000000 
max(|Fsp_paral|) :   0.00000000    0.00046109    0.00147324    0.00095085    0.00382604    0.00017254    0.01281881    0.00134607    0.00291099    0.00000000 
max(|Fsp_perp|)  :   0.00000000    0.00000000    0.00000000    0.00000000    0.00000000    0.00000000    0.00000000    0.00000000    0.00000000    0.00000000 
max(|FNEB|)      :   0.00000000    0.00291183    0.00369799    0.00305198    0.00290132    0.00558197    0.01296467    0.02306667    0.02164982    0.00000000 
max(|Force|)     :   0.00156225    0.00286811    0.01524988    0.00868640    0.00290300    0.00655344    0.01946189    0.02306054    0.02144504    0.00147223 
ksp              :   0.01000000    0.02163438    0.08694824    0.10000000    0.10000000    0.08302033    0.01065476    0.01000000    0.01000000 
max(|step|)      :   0.00000000    0.00134120    0.00167845    0.00139914    0.00146440    0.00266846    0.00962479    0.01094118    0.01009970    0.00000000 
angle (deg.)     :    26.2664  70.2301  8.3886  30.3154  15.1634  69.4629  18.2688  9.1246 
>
iteration       : 39
climbing        : yes
zoom on         : no
nim             : 10
barrier         :   0.01472187 (image:  4) 
distance        :   0.00000000    3.95168810    5.84195171    6.34070401    6.75950278    7.25611810    7.82973472   10.37730990   13.50287259   15.72742929 
energy          : -1075.52195325  -1075.52753529  -1075.52003543  -1075.50937132  -1075.50723138  -1075.51004499  -1075.52141382  -1075.54979830  -1075.55782240  -1075.55944373 
max(|Fr_perp|)   :   0.00000000    0.00222814    0.00219028    0.00219211    0.00219339    0.00216899    0.00253325    0.00410884    0.00352303    0.00000000 
Fr_paral         :   0.00000000    0.00069627   -0.02629458   -0.01469267    0.00009957    0.01257462    0.03280504    0.00552054    0.00186987    0.00000000 
max(|Fsp_paral|) :   0.00000000    0.00053467    0.00126727    0.00084576    0.00390665    0.00105341    0.00787612    0.00079254    0.00284843    0.00000000 
max(|Fsp_perp|)  :   0.00000000    0.00000000    0.00000000    0.00000000    0.00000000    0.00000000    0.00000000    0.00000000    0.00000000    0.00000000 
max(|FNEB|)      :   0.00000000    0.00267560    0.00224375    0.00220830    0.00219339    0.00212124    0.00811453    0.00382762    0.00369192    0.00000000 
max(|Force|)     :   0.00156225    0.00242817    0.01529953    0.00869311    0.00219338    0.00657922    0.01936909    0.00471689    0.00348662    0.00147223 
ksp              :   0.01000000    0.02172431    0.08691779    0.10000000    0.10000000    0.08279940    0.01329775    0.01000000    0.01000000 
max(|step|)      :   0.00000000    0.00292180    0.00252109    0.00248784    0.00247603    0.00240107    0.01165211    0.00529867    0.00337243    0.00000000 
angle (deg.)     :    26.4394  70.1539  8.5657  30.2662  15.1964  68.8245  18.8788  9.1253 
>
iteration       : 40
climbing        : yes
zoom on         : no
nim             : 10
barrier         :   0.01469254 (image:  4) 
distance        :   0.00000000    3.95383917    5.84685640    6.34170462    6.76224998    7.25821453    7.81440867   10.36719698   13.48470515   15.71975849 
energy          : -1075.52195325  -1075.52756143  -1075.52000836  -1075.50942314  -1075.50726071  -1075.51006646  -1075.52090499  -1075.54989929  -1075.55781958  -1075.55944373 
max(|Fr_perp|)   :   0.00000000    0.00209121    0.00211194    0.00213089    0.00214344    0.00212896    0.00219904    0.00252850    0.00076519    0.00000000 
Fr_paral         :   0.00000000    0.00074769   -0.02632696   -0.01477748    0.00009979    0.01254718    0.03259641    0.00538261    0.00186398    0.00000000 
max(|Fsp_paral|) :   0.00000000    0.00067162    0.00080409    0.00050342    0.00378307    0.00171891    0.00238246    0.00322721    0.00278505    0.00000000 
max(|Fsp_perp|)  :   0.00000000    0.00000000    0.00000000    0.00000000    0.00000000    0.00000000    0.00000000    0.00000000    0.00000000    0.00000000 
max(|FNEB|)      :   0.00000000    0.00265301    0.00216540    0.00214712    0.00214346    0.00207660    0.00214088    0.00393736    0.00285786    0.00000000 
max(|Force|)     :   0.00156225    0.00230614    0.01532071    0.00873244    0.00214343    0.00651070    0.01913807    0.00334434    0.00096638    0.00147223 
ksp              :   0.01000000    0.02191353    0.08675387    0.10000000    0.10000000    0.08281321    0.01642120    0.01000000    0.01000000 
max(|step|)      :   0.00000000    0.00997311    0.00817921    0.00808734    0.00805897    0.00780628    0.01968405    0.01371342    0.01093875    0.00000000 
angle (deg.)     :    26.9665  70.0019  9.0845  30.1532  15.4354  67.4560  20.2392  9.1636 
>
iteration       : 41
climbing        : yes
zoom on         : no
nim             : 10
barrier         :   0.01462863 (image:  4) 
distance        :   0.00000000    3.96287478    5.86231538    6.34813295    6.77343236    7.26325645    7.79567596   10.33028834   13.44633855   15.71534696 
energy          : -1075.52195325  -1075.52763814  -1075.51996664  -1075.50955100  -1075.50732462  -1075.51005096  -1075.52004982  -1075.54987256  -1075.55773718  -1075.55944373 
max(|Fr_perp|)   :   0.00000000    0.00190496    0.00198569    0.00203372    0.00206393    0.00206769    0.00342046    0.00770914    0.00739817    0.00000000 
Fr_paral         :   0.00000000    0.00084389   -0.02633900   -0.01500976    0.00009481    0.01232332    0.03197736    0.00482782    0.00185590    0.00000000 
max(|Fsp_paral|) :   0.00000000    0.00089191    0.00015802    0.00034638    0.00322465    0.00226764    0.00608121    0.00706939    0.00266758    0.00000000 
max(|Fsp_perp|)  :   0.00000000    0.00000000    0.00000000    0.00000000    0.00000000    0.00000000    0.00000000    0.00000000    0.00000000    0.00000000 
max(|FNEB|)      :   0.00000000    0.00265169    0.00203945    0.00204991    0.00206397    0.00201362    0.00825657    0.01073430    0.00724136    0.00000000 
max(|Force|)     :   0.00156225    0.00214811    0.01529158    0.00883035    0.00206389    0.00641774    0.02027825    0.00756612    0.00743393    0.00147223 
ksp              :   0.01000000    0.02222227    0.08630261    0.10000000    0.10000000    0.08322668    0.02171053    0.01000000    0.01000000 
max(|step|)      :   0.00000000    0.02479596    0.01995201    0.01974886    0.01969114    0.01908132    0.03042529    0.03641869    0.02650901    0.00000000 
angle (deg.)     :    28.2051  69.7739  10.2923  29.9410  16.4162  64.7931  23.0225  9.3196 
>
iteration       : 42
climbing        : yes
zoom on         : no
nim             : 10
barrier         :   0.01460207 (image:  4) 
distance        :   0.00000000    3.98683397    5.89977695    6.36868154    6.80369371    7.27636676    7.78016066   10.24039252   13.37530035   15.72701806 
energy          : -1075.52195325  -1075.52779779  -1075.51986075  -1075.50972546  -1075.50735118  -1075.50984916  -1075.51849650  -1075.54936389  -1075.55746216  -1075.55944373 
max(|Fr_perp|)   :   0.00000000    0.00334403    0.00436815    0.00511399    0.00541505    0.00557746    0.00781829    0.01655699    0.01539265    0.00000000 
Fr_paral         :   0.00000000    0.00102236   -0.02630855   -0.01550936    0.00004825    0.01168255    0.02989870    0.00343242    0.00185020    0.00000000 
max(|Fsp_paral|) :   0.00000000    0.00135913    0.00214078    0.00199432    0.00186352    0.00224688    0.01965264    0.01313533    0.00245709    0.00000000 
max(|Fsp_perp|)  :   0.00000000    0.00000000    0.00000000    0.00000000    0.00000000    0.00000000    0.00000000    0.00000000    0.00000000    0.00000000 
max(|FNEB|)      :   0.00000000    0.00342162    0.00442862    0.00512549    0.00541498    0.00558873    0.02452939    0.02095061    0.01525076    0.00000000 
max(|Force|)     :   0.00156225    0.00336333    0.01513447    0.00903594    0.00541512    0.00640715    0.02205427    0.01644149    0.01542763    0.00147223 
ksp              :   0.01000000    0.02289717    0.08536613    0.10000000    0.10000000    0.08460369    0.03130569    0.01000000    0.01000000 
max(|step|)      :   0.00000000    0.06641533    0.05283968    0.05232725    0.05218857    0.05059505    0.05791965    0.10000000    0.06981266    0.00000000 
angle (deg.)     :    31.4196  69.5194  13.7231  29.6123  21.0080  58.6660  30.3752  9.8634 
>
iteration       : 43
climbing        : yes
zoom on         : no
nim             : 10
barrier         :   0.01514012 (image:  4) 
distance        :   0.00000000    4.05453929    6.00233133    6.43495088    6.89293748    7.31941983    7.78844304   10.02855801   13.24300749   15.81388864 
energy          : -1075.52195325  -1075.52808198  -1075.51930982  -1075.50961884  -1075.50681313  -1075.50867881  -1075.51417195  -1075.54680088  -1075.55641168  -1075.55944373 
max(|Fr_perp|)   :   0.00000000    0.00841271    0.01194544    0.01390933    0.01441359    0.01502000    0.01833907    0.03193496    0.02991662    0.00000000 
Fr_paral         :   0.00000000    0.00136380   -0.02627252   -0.01676093   -0.00023783    0.00981503    0.02065892   -0.00150894    0.00180686    0.00000000 
max(|Fsp_paral|) :   0.00000000    0.00331026    0.00829030    0.00557999    0.00150677    0.00043035    0.04929287    0.02539284    0.00200323    0.00000000 
max(|Fsp_perp|)  :   0.00000000    0.00000000    0.00000000    0.00000000    0.00000000    0.00000000    0.00000000    0.00000000    0.00000000    0.00000000 
max(|FNEB|)      :   0.00000000    0.00863124    0.01223094    0.01390267    0.01443733    0.01502949    0.05720388    0.03850547    0.03006668    0.00000000 
max(|Force|)     :   0.00156225    0.00846222    0.01461189    0.01405095    0.01444045    0.01498732    0.02525794    0.03226738    0.03020958    0.00147223 
ksp              :   0.01000000    0.02574379    0.08331872    0.10000000    0.10000000    0.08891931    0.05638934    0.01000000    0.01000000 
max(|step|)      :   0.00000000    0.01508855    0.02138131    0.02430371    0.02523838    0.02627356    0.10000000    0.06731270    0.05256056    0.00000000 
angle (deg.)     :    31.1373  70.3928  11.4978  29.6508  18.9526  62.7075  25.5870  9.8665 
>
iteration       : 44
climbing        : yes
zoom on         : no
nim             : 10
barrier         :   0.01424163 (image:  4) 
distance        :   0.00000000    4.07145656    5.99763098    6.47064626    6.91235755    7.33836414    7.95761860    9.95653046   13.29682635   15.87892917 
energy          : -1075.52195325  -1075.52827866  -1075.52047421  -1075.51019939  -1075.50771162  -1075.50957771  -1075.51992684  -1075.54484490  -1075.55492252  -1075.55944373 
max(|Fr_perp|)   :   0.00000000    0.00627204    0.00980770    0.00656313    0.00864432    0.01679502    0.02269057    0.07014030    0.06302288    0.00000000 
Fr_paral         :   0.00000000    0.00068359   -0.02493156   -0.01576301   -0.00016441    0.00975518    0.03012294    0.00304251    0.00211259    0.00000000 
max(|Fsp_paral|) :   0.00000000    0.00118651    0.00149873    0.00247371    0.00076133    0.00573794    0.00522866    0.00351461    0.00242014    0.00000000 
max(|Fsp_perp|)  :   0.00000000    0.00000000    0.00000000    0.00000000    0.00000000    0.00000000    0.00000000    0.00000000    0.00000000    0.00000000 
max(|FNEB|)      :   0.00000000    0.00630878    0.00974847    0.00655283    0.00864436    0.01680863    0.02304118    0.07057789    0.06315678    0.00000000 
max(|Force|)     :   0.00156225    0.00626424    0.01384440    0.00929467    0.00864427    0.01680357    0.02484620    0.07002685    0.06298382    0.00147223 
ksp              :   0.01000000    0.01934681    0.08427852    0.10000000    0.10000000    0.08820724    0.02280594    0.01000000    0.01000000 
max(|step|)      :   0.00000000    0.00373828    0.00579009    0.00595348    0.00622464    0.00979189    0.01305507    0.04245567    0.03722296    0.00000000 
angle (deg.)     :    31.1513  70.4020  10.9503  29.5511  18.3781  62.8263  25.1133  10.0067 
>
iteration       : 45
climbing        : yes
zoom on         : no
nim             : 10
barrier         :   0.01406344 (image:  4) 
distance        :   0.00000000    4.07078529    5.99841849    6.47628591    6.91401792    7.34778629    7.96745194    9.94064854   13.29210311   15.87985911 
energy          : -1075.52195325  -1075.52835600  -1075.52071650  -1075.51029405  -1075.50788981  -1075.50997616  -1075.52124876  -1075.54836273  -1075.55729290  -1075.55944373 
max(|Fr_perp|)   :   0.00000000    0.00183474    0.00356765    0.00395126    0.00397091    0.00409471    0.00631277    0.00773098    0.00576894    0.00000000 
Fr_paral         :   0.00000000    0.00097504   -0.02520218   -0.01575387    0.00007384    0.01044939    0.03229658    0.00691990    0.00194120    0.00000000 
max(|Fsp_paral|) :   0.00000000    0.00211975    0.00337901    0.00192003    0.00019485    0.00492789    0.01445461    0.00138869    0.00239922    0.00000000 
max(|Fsp_perp|)  :   0.00000000    0.00000000    0.00000000    0.00000000    0.00000000    0.00000000    0.00000000    0.00000000    0.00000000    0.00000000 
max(|FNEB|)      :   0.00000000    0.00308601    0.00373010    0.00392850    0.00397088    0.00539850    0.01559350    0.00752450    0.00591276    0.00000000 
max(|Force|)     :   0.00156225    0.00212557    0.01401576    0.00925309    0.00397095    0.00546659    0.02274602    0.00775909    0.00573080    0.00147223 
ksp              :   0.01000000    0.01791468    0.08461393    0.10000000    0.10000000    0.08664829    0.01450843    0.01000000    0.01000000 
max(|step|)      :   0.00000000    0.00195398    0.00249815    0.00202460    0.00197544    0.00327291    0.01110747    0.00587658    0.00187671    0.00000000 
angle (deg.)     :    31.2054  70.2820  10.7517  29.4779  18.0642  62.2488  25.6919  10.0186 
>
iteration       : 46
climbing        : yes
zoom on         : no
nim             : 10
barrier         :   0.01403581 (image:  4) 
distance        :   0.00000000    4.06704101    6.00082722    6.47666110    6.91269203    7.35285494    7.94877607    9.93564872   13.27888581   15.87112048 
energy          : -1075.52195325  -1075.52836375  -1075.52064751  -1075.51029957  -1075.50791745  -1075.51007534  -1075.52086634  -1075.54854077  -1075.55730170  -1075.55944373 
max(|Fr_perp|)   :   0.00000000    0.00172006    0.00275800    0.00327489    0.00345613    0.00356913    0.00516110    0.00478942    0.00429123    0.00000000 
Fr_paral         :   0.00000000    0.00104854   -0.02539340   -0.01569292    0.00007406    0.01066007    0.03211103    0.00683530    0.00193845    0.00000000 
max(|Fsp_paral|) :   0.00000000    0.00176288    0.00273099    0.00189122    0.00020381    0.00350363    0.01014681    0.00007992    0.00235205    0.00000000 
max(|Fsp_perp|)  :   0.00000000    0.00000000    0.00000000    0.00000000    0.00000000    0.00000000    0.00000000    0.00000000    0.00000000    0.00000000 
max(|FNEB|)      :   0.00000000    0.00230144    0.00290167    0.00325176    0.00345609    0.00398909    0.01102154    0.00479659    0.00443319    0.00000000 
max(|Force|)     :   0.00156225    0.00203265    0.01426390    0.00923682    0.00345616    0.00559525    0.02170094    0.00563018    0.00425300    0.00147223 
ksp              :   0.01000000    0.01837263    0.08472543    0.10000000    0.10000000    0.08616321    0.01696946    0.01000000    0.01000000 
max(|step|)      :   0.00000000    0.00672110    0.00824287    0.00926042    0.00967441    0.01148282    0.03156208    0.01406017    0.00732487    0.00000000 
angle (deg.)     :    31.4253  69.9272  9.8094  29.2947  17.0888  60.8335  27.5638  10.0065 
>
iteration       : 47
climbing        : yes
zoom on         : no
nim             : 10
barrier         :   0.01395674 (image:  4) 
distance        :   0.00000000    4.05407422    6.01181995    6.48473961    6.91164860    7.37390174    7.90126416    9.90950225   13.24004960   15.85385422 
energy          : -1075.52195325  -1075.52839641  -1075.52042098  -1075.51026356  -1075.50799651  -1075.51041049  -1075.51981042  -1075.54871955  -1075.55728003  -1075.55944373 
max(|Fr_perp|)   :   0.00000000    0.00174710    0.00160280    0.00165549    0.00167595    0.00172535    0.00157925    0.00398484    0.00342047    0.00000000 
Fr_paral         :   0.00000000    0.00104592   -0.02595114   -0.01535171    0.00007481    0.01139482    0.03106349    0.00574222    0.00196218    0.00000000 
max(|Fsp_paral|) :   0.00000000    0.00055254    0.00081811    0.00133206    0.00176496    0.00081298    0.00191485    0.00404341    0.00224693    0.00000000 
max(|Fsp_perp|)  :   0.00000000    0.00000000    0.00000000    0.00000000    0.00000000    0.00000000    0.00000000    0.00000000    0.00000000    0.00000000 
max(|FNEB|)      :   0.00000000    0.00126623    0.00165624    0.00167152    0.00167615    0.00168893    0.00228520    0.00583538    0.00349540    0.00000000 
max(|Force|)     :   0.00156225    0.00205849    0.01503594    0.00910340    0.00167574    0.00589178    0.01812696    0.00380754    0.00345814    0.00147223 
ksp              :   0.01000000    0.01988083    0.08538094    0.10000000    0.10000000    0.08443347    0.02381802    0.01000000    0.01000000 
max(|step|)      :   0.00000000    0.00460629    0.00623976    0.00672838    0.00685847    0.00704101    0.00816679    0.01804025    0.00785215    0.00000000 
angle (deg.)     :    31.6672  69.7556  9.0319  29.3045  16.6711  60.6070  28.2365  10.1057 
>
iteration       : 48
climbing        : yes
zoom on         : no
nim             : 10
barrier         :   0.01392528 (image:  4) 
distance        :   0.00000000    4.04656935    6.02367148    6.49965238    6.91718726    7.38840746    7.89992742    9.87463064   13.21943036   15.85885763 
energy          : -1075.52195325  -1075.52843439  -1075.52030789  -1075.51018534  -1075.50802797  -1075.51054441  -1075.51959722  -1075.54857028  -1075.55721878  -1075.55944373 
max(|Fr_perp|)   :   0.00000000    0.00169231    0.00186455    0.00210317    0.00235380    0.00244369    0.00454620    0.00773051    0.00517979    0.00000000 
Fr_paral         :   0.00000000    0.00106181   -0.02616911   -0.01499106    0.00006145    0.01169256    0.03042583    0.00624123    0.00198302    0.00000000 
max(|Fsp_paral|) :   0.00000000    0.00011223    0.00009208    0.00045673    0.00269912    0.00205341    0.00410694    0.00460474    0.00220689    0.00000000 
max(|Fsp_perp|)  :   0.00000000    0.00000000    0.00000000    0.00000000    0.00000000    0.00000000    0.00000000    0.00000000    0.00000000    0.00000000 
max(|FNEB|)      :   0.00000000    0.00179232    0.00178543    0.00208186    0.00235377    0.00253414    0.00507776    0.00902421    0.00530584    0.00000000 
max(|Force|)     :   0.00156225    0.00200853    0.01534014    0.00890819    0.00235384    0.00608257    0.01834644    0.00765349    0.00514267    0.00147223 
ksp              :   0.01000000    0.02063406    0.08605680    0.10000000    0.10000000    0.08373609    0.02522718    0.01000000    0.01000000 
max(|step|)      :   0.00000000    0.00982585    0.01419185    0.01433160    0.01436033    0.01443642    0.01353164    0.04319499    0.01950513    0.00000000 
angle (deg.)     :    32.2609  69.4730  7.6718  29.4450  16.5717  60.5528  29.5276  10.3686 
>
iteration       : 49
climbing        : yes
zoom on         : no
nim             : 10
barrier         :   0.01387428 (image:  4) 
distance        :   0.00000000    4.03341975    6.05288755    6.53779824    6.93520535    7.42016857    7.92021137    9.79210886   13.18278044   15.88549388 
energy          : -1075.52195325  -1075.52852363  -1075.52011169  -1075.51000841  -1075.50807897  -1075.51075800  -1075.51940683  -1075.54801008  -1075.55702234  -1075.55944373 
max(|Fr_perp|)   :   0.00000000    0.00163062    0.00377455    0.00433541    0.00476418    0.00494190    0.00678474    0.01763838    0.01358135    0.00000000 
Fr_paral         :   0.00000000    0.00107638   -0.02644153   -0.01419168    0.00002993    0.01216498    0.02892644    0.00742825    0.00203283    0.00000000 
max(|Fsp_paral|) :   0.00000000    0.00134743    0.00104946    0.00154933    0.00445899    0.00343546    0.00498368    0.00460395    0.00214692    0.00000000 
max(|Fsp_perp|)  :   0.00000000    0.00000000    0.00000000    0.00000000    0.00000000    0.00000000    0.00000000    0.00000000    0.00000000    0.00000000 
max(|FNEB|)      :   0.00000000    0.00282203    0.00370026    0.00431936    0.00476419    0.00497204    0.00717153    0.01779803    0.01370316    0.00000000 
max(|Force|)     :   0.00156225    0.00195169    0.01578937    0.00846200    0.00476418    0.00646899    0.01862020    0.01755212    0.01354360    0.00147223 
ksp              :   0.01000000    0.02194587    0.08748406    0.10000000    0.10000000    0.08262157    0.02651818    0.01000000    0.01000000 
max(|step|)      :   0.00000000    0.02895246    0.03629978    0.03660435    0.03665579    0.03684550    0.03373759    0.10000000    0.05031566    0.00000000 
angle (deg.)     :    33.8117  69.0192  6.5094  30.0293  18.6641  60.2635  33.7483  10.9934 
>
iteration       : 50
climbing        : yes
zoom on         : no
nim             : 10
barrier         :   0.01369978 (image:  4) 
distance        :   0.00000000    4.01375642    6.12944475    6.63329751    6.99156439    7.49899215    7.99833930    9.60708349   13.11910008   15.98416778 
energy          : -1075.52195325  -1075.52874660  -1075.51981214  -1075.50976601  -1075.50825348  -1075.51120115  -1075.51902429  -1075.54672765  -1075.55662753  -1075.55944373 
max(|Fr_perp|)   :   0.00000000    0.00295955    0.00565605    0.00659329    0.00695051    0.00717918    0.01248932    0.02711630    0.02061810    0.00000000 
Fr_paral         :   0.00000000    0.00101848   -0.02666491   -0.01254428   -0.00002788    0.01292652    0.02443983    0.00942965    0.00210316    0.00000000 
max(|Fsp_paral|) :   0.00000000    0.00362407    0.00306418    0.00553536    0.00776860    0.00498202    0.00417132    0.00392412    0.00201992    0.00000000 
max(|Fsp_perp|)  :   0.00000000    0.00000000    0.00000000    0.00000000    0.00000000    0.00000000    0.00000000    0.00000000    0.00000000    0.00000000 
max(|FNEB|)      :   0.00000000    0.00492172    0.00566184    0.00662231    0.00698276    0.00724843    0.01236039    0.02758699    0.02100031    0.00000000 
max(|Force|)     :   0.00156225    0.00295400    0.01629393    0.00754605    0.00698278    0.00721380    0.01896017    0.02798130    0.02116558    0.00147223 
ksp              :   0.01000000    0.02409176    0.09007260    0.10000000    0.10000000    0.08063249    0.02935967    0.01000000    0.01000000 
max(|step|)      :   0.00000000    0.00444929    0.00511837    0.00598665    0.00631250    0.00655267    0.01117395    0.02493898    0.01898454    0.00000000 
angle (deg.)     :    33.8653  69.1417  6.4967  29.8930  17.3734  59.1817  33.6333  11.0213 
>
iteration       : 51
climbing        : yes
zoom on         : no
nim             : 10
barrier         :   0.01358174 (image:  4) 
distance        :   0.00000000    4.02379208    6.13131404    6.63210364    6.99906507    7.49820278    8.01306941    9.60094888   13.12028197   15.99136848 
energy          : -1075.52195325  -1075.52878926  -1075.52006087  -1075.50996731  -1075.50837151  -1075.51123417  -1075.51998383  -1075.54712113  -1075.55681813  -1075.55944373 
max(|Fr_perp|)   :   0.00000000    0.00198192    0.00418362    0.00468755    0.00485990    0.00501865    0.00778212    0.01632808    0.01215722    0.00000000 
Fr_paral         :   0.00000000    0.00108930   -0.02651717   -0.01293704    0.00001575    0.01268938    0.02734763    0.00855951    0.00205742    0.00000000 
max(|Fsp_paral|) :   0.00000000    0.00243990    0.00149485    0.00469018    0.00686236    0.00390440    0.00304226    0.00045669    0.00202405    0.00000000 
max(|Fsp_perp|)  :   0.00000000    0.00000000    0.00000000    0.00000000    0.00000000    0.00000000    0.00000000    0.00000000    0.00000000    0.00000000 
max(|FNEB|)      :   0.00000000    0.00378927    0.00415060    0.00493260    0.00485990    0.00504740    0.00845168    0.01635065    0.01203495    0.00000000 
max(|Force|)     :   0.00156225    0.00196133    0.01601385    0.00775254    0.00485991    0.00671570    0.01871323    0.01628476    0.01219788    0.00147223 
ksp              :   0.01000000    0.02253996    0.08942534    0.10000000    0.10000000    0.08103047    0.02305048    0.01000000    0.01000000 
max(|step|)      :   0.00000000    0.00372609    0.00414985    0.00473694    0.00494835    0.00513832    0.00746491    0.00485851    0.00257456    0.00000000 
angle (deg.)     :    33.9328  69.2373  6.6704  29.7792  16.5898  58.1453  33.8097  11.0221 
>
iteration       : 52
climbing        : yes
zoom on         : no
nim             : 10
barrier         :   0.01352264 (image:  4) 
distance        :   0.00000000    4.03159227    6.13370953    6.63059823    7.00530815    7.49758174    8.01904036    9.59830114   13.11875275   15.99588751 
energy          : -1075.52195325  -1075.52881970  -1075.52021650  -1075.51010902  -1075.50843062  -1075.51121401  -1075.52043863  -1075.54728990  -1075.55686297  -1075.55944373 
max(|Fr_perp|)   :   0.00000000    0.00157177    0.00279834    0.00303885    0.00312148    0.00320394    0.00579735    0.01114642    0.00838874    0.00000000 
Fr_paral         :   0.00000000    0.00112474   -0.02640353   -0.01329502    0.00003313    0.01247269    0.02905708    0.00833057    0.00204648    0.00000000 
max(|Fsp_paral|) :   0.00000000    0.00168394    0.00065031    0.00386488    0.00607411    0.00321069    0.00633503    0.00113371    0.00200941    0.00000000 
max(|Fsp_perp|)  :   0.00000000    0.00000000    0.00000000    0.00000000    0.00000000    0.00000000    0.00000000    0.00000000    0.00000000    0.00000000 
max(|FNEB|)      :   0.00000000    0.00308475    0.00276031    0.00408066    0.00312145    0.00322863    0.00802160    0.01115462    0.00826976    0.00000000 
max(|Force|)     :   0.00156225    0.00191124    0.01581626    0.00793160    0.00312151    0.00646831    0.01851162    0.01113950    0.00842844    0.00147223 
ksp              :   0.01000000    0.02155895    0.08882936    0.10000000    0.10000000    0.08147511    0.02008060    0.01000000    0.01000000 
max(|step|)      :   0.00000000    0.01572635    0.01419956    0.02023049    0.01638595    0.01694390    0.03719331    0.02112511    0.01068566    0.00000000 
angle (deg.)     :    34.3209  69.6618  8.8366  29.4094  16.3634  54.0297  36.1823  10.9655 
>
iteration       : 53
climbing        : yes
zoom on         : no
nim             : 10
barrier         :   0.01347539 (image:  4) 
distance        :   0.00000000    4.06014663    6.14863490    6.62429306    7.03231811    7.49629083    8.01475499    9.60739770   13.10811019   16.01726159 
energy          : -1075.52195325  -1075.52891094  -1075.52058707  -1075.51054479  -1075.50847786  -1075.51092261  -1075.52005923  -1075.54761206  -1075.55686021  -1075.55944373 
max(|Fr_perp|)   :   0.00000000    0.00151414    0.00269204    0.00300905    0.00313224    0.00320890    0.00364027    0.00364834    0.00087750    0.00000000 
Fr_paral         :   0.00000000    0.00120104   -0.02590006   -0.01480449    0.00004584    0.01153014    0.03071007    0.00601729    0.00199372    0.00000000 
max(|Fsp_paral|) :   0.00000000    0.00022335    0.00059404    0.00011393    0.00282736    0.00143348    0.00409193    0.00034887    0.00185085    0.00000000 
max(|Fsp_perp|)  :   0.00000000    0.00000000    0.00000000    0.00000000    0.00000000    0.00000000    0.00000000    0.00000000    0.00000000    0.00000000 
max(|FNEB|)      :   0.00000000    0.00131455    0.00265055    0.00298706    0.00313219    0.00323038    0.00400938    0.00389692    0.00233777    0.00000000 
max(|Force|)     :   0.00156225    0.00187905    0.01497999    0.00869356    0.00313228    0.00615991    0.02005656    0.00421517    0.00141836    0.00147223 
ksp              :   0.01000000    0.01912449    0.08619526    0.10000000    0.10000000    0.08367186    0.02264987    0.01000000    0.01000000 
max(|step|)      :   0.00000000    0.00486036    0.00436769    0.00480667    0.00502578    0.00513833    0.00706029    0.00871890    0.00548533    0.00000000 
angle (deg.)     :    34.4619  69.8298  9.2157  29.3576  16.1815  53.5115  36.9038  10.9814 
>
iteration       : 54
climbing        : yes
zoom on         : no
nim             : 10
barrier         :   0.01342625 (image:  4) 
distance        :   0.00000000    4.06410165    6.15629791    6.62936805    7.04186076    7.49785791    8.01596620    9.60462603   13.10061684   16.02575092 
energy          : -1075.52195325  -1075.52894511  -1075.52067912  -1075.51064641  -1075.50852701  -1075.51088251  -1075.51990310  -1075.54765789  -1075.55682580  -1075.55944373 
max(|Fr_perp|)   :   0.00000000    0.00147068    0.00218769    0.00227606    0.00223977    0.00229014    0.00764124    0.00617127    0.00388747    0.00000000 
Fr_paral         :   0.00000000    0.00122594   -0.02578787   -0.01500479    0.00004734    0.01127510    0.03041930    0.00675688    0.00205868    0.00000000 
max(|Fsp_paral|) :   0.00000000    0.00062508    0.00100978    0.00038351    0.00219064    0.00093534    0.00332475    0.00091464    0.00178749    0.00000000 
max(|Fsp_perp|)  :   0.00000000    0.00000000    0.00000000    0.00000000    0.00000000    0.00000000    0.00000000    0.00000000    0.00000000    0.00000000 
max(|FNEB|)      :   0.00000000    0.00108896    0.00214689    0.00225374    0.00223971    0.00231052    0.00783844    0.00619102    0.00398739    0.00000000 
max(|Force|)     :   0.00156225    0.00184394    0.01487192    0.00887063    0.00223984    0.00595778    0.01912412    0.00608615    0.00384941    0.00147223 
ksp              :   0.01000000    0.01854087    0.08579299    0.10000000    0.10000000    0.08421037    0.02374276    0.01000000    0.01000000 
max(|step|)      :   0.00000000    0.00987087    0.00908827    0.00977684    0.01004813    0.01027441    0.01209334    0.01599737    0.01098454    0.00000000 
angle (deg.)     :    34.7849  70.1454  10.0039  29.2771  16.1212  52.4078  38.5973  11.0296 
>
iteration       : 55
climbing        : yes
zoom on         : no
nim             : 10
barrier         :   0.01336042 (image:  4) 
distance        :   0.00000000    4.07073841    6.17354429    6.64093944    7.06182630    7.50216933    8.01779629    9.59878502   13.08618939   16.04600385 
energy          : -1075.52195325  -1075.52901244  -1075.52081388  -1075.51081531  -1075.50859283  -1075.51077398  -1075.51949968  -1075.54767415  -1075.55677626  -1075.55944373 
max(|Fr_perp|)   :   0.00000000    0.00145571    0.00153685    0.00164131    0.00164380    0.00173059    0.00704402    0.00584287    0.00431611    0.00000000 
Fr_paral         :   0.00000000    0.00122341   -0.02561004   -0.01539033    0.00004442    0.01076415    0.02975548    0.00768479    0.00207617    0.00000000 
max(|Fsp_paral|) :   0.00000000    0.00119270    0.00145369    0.00135650    0.00097231    0.00002259    0.00116785    0.00240364    0.00165491    0.00000000 
max(|Fsp_perp|)  :   0.00000000    0.00000000    0.00000000    0.00000000    0.00000000    0.00000000    0.00000000    0.00000000    0.00000000    0.00000000 
max(|FNEB|)      :   0.00000000    0.00130771    0.00149446    0.00161800    0.00164375    0.00175025    0.00717486    0.00589588    0.00441022    0.00000000 
max(|Force|)     :   0.00156225    0.00182959    0.01471086    0.00917744    0.00164385    0.00549203    0.01799756    0.00587370    0.00427691    0.00147223 
ksp              :   0.01000000    0.01767517    0.08502867    0.10000000    0.10000000    0.08530708    0.02652804    0.01000000    0.01000000 
max(|step|)      :   0.00000000    0.02175205    0.01913836    0.01904161    0.01904466    0.01909458    0.02169773    0.03556894    0.02675622    0.00000000 
angle (deg.)     :    35.6086  70.6870  11.4008  29.1628  17.0139  49.5977  42.9183  11.2267 
>
iteration       : 56
climbing        : yes
zoom on         : no
nim             : 10
barrier         :   0.01325721 (image:  4) 
distance        :   0.00000000    4.07756798    6.21950309    6.67529731    7.10867651    7.51956285    8.02425028    9.57797265   13.05612023   16.10256113 
energy          : -1075.52195325  -1075.52916021  -1075.52095354  -1075.51108190  -1075.50869604  -1075.51056165  -1075.51842173  -1075.54757770  -1075.55665330  -1075.55944373 
max(|Fr_perp|)   :   0.00000000    0.00141523    0.00300705    0.00356711    0.00371036    0.00383778    0.00884981    0.00662633    0.00405062    0.00000000 
Fr_paral         :   0.00000000    0.00120952   -0.02540073   -0.01598990    0.00002755    0.00977308    0.02780589    0.00858088    0.00204641    0.00000000 
max(|Fsp_paral|) :   0.00000000    0.00161449    0.00127002    0.00296954    0.00110826    0.00140669    0.00503582    0.00646884    0.00135976    0.00000000 
max(|Fsp_perp|)  :   0.00000000    0.00000000    0.00000000    0.00000000    0.00000000    0.00000000    0.00000000    0.00000000    0.00000000    0.00000000 
max(|FNEB|)      :   0.00000000    0.00200301    0.00295967    0.00353873    0.00371034    0.00385343    0.00871460    0.00635784    0.00412700    0.00000000 
max(|Force|)     :   0.00156225    0.00178729    0.01467965    0.00956710    0.00371037    0.00493238    0.01739739    0.00783164    0.00401198    0.00147223 
ksp              :   0.01000000    0.01678680    0.08380296    0.10000000    0.10000000    0.08733481    0.03397465    0.01000000    0.01000000 
max(|step|)      :   0.00000000    0.05389505    0.05023722    0.04998285    0.04997506    0.05008716    0.05385408    0.10000000    0.06930729    0.00000000 
angle (deg.)     :    37.7399  71.9411  14.1173  29.3176  21.6552  45.0394  54.1694  11.9324 
>
iteration       : 57
climbing        : yes
zoom on         : no
nim             : 10
barrier         :   0.01309511 (image:  4) 
distance        :   0.00000000    4.08704688    6.34540427    6.78160632    7.23382792    7.58256626    8.07241619    9.54829004   13.02675432   16.29930065 
energy          : -1075.52195325  -1075.52949155  -1075.52113403  -1075.51150960  -1075.50885814  -1075.51011916  -1075.51610555  -1075.54684495  -1075.55631222  -1075.55944373 
max(|Fr_perp|)   :   0.00000000    0.00204306    0.00740810    0.00845882    0.00874250    0.00915153    0.01115897    0.01021097    0.00250937    0.00000000 
Fr_paral         :   0.00000000    0.00123026   -0.02488499   -0.01693148   -0.00003743    0.00756330    0.02229837    0.01095737    0.00210640    0.00000000 
max(|Fsp_paral|) :   0.00000000    0.00182950    0.00019333    0.00549880    0.00493363    0.00453137    0.01733646    0.01583728    0.00066919    0.00000000 
max(|Fsp_perp|)  :   0.00000000    0.00000000    0.00000000    0.00000000    0.00000000    0.00000000    0.00000000    0.00000000    0.00000000    0.00000000 
max(|FNEB|)      :   0.00000000    0.00279034    0.00741175    0.00846956    0.00879680    0.00919914    0.02003113    0.01740465    0.00248658    0.00000000 
max(|Force|)     :   0.00156225    0.00204025    0.01489088    0.01027629    0.00879685    0.00920425    0.01601691    0.01309263    0.00280383    0.00147223 
ksp              :   0.01000000    0.01564636    0.08176788    0.10000000    0.10000000    0.09134609    0.05030562    0.01000000    0.01000000 
max(|step|)      :   0.00000000    0.01111711    0.02952943    0.03374391    0.03504769    0.03665067    0.07980681    0.06934255    0.00990688    0.00000000 
angle (deg.)     :    37.7114  71.3685  9.9702  28.6441  20.6090  44.8098  50.7323  12.7518 
>
iteration       : 58
climbing        : yes
zoom on         : no
nim             : 10
barrier         :   0.01293374 (image:  4) 
distance        :   0.00000000    4.06782860    6.35305512    6.82606920    7.24148950    7.62920630    8.20351244    9.42080696   12.99951371   16.28146754 
energy          : -1075.52195325  -1075.52949435  -1075.52130381  -1075.51116991  -1075.50901951  -1075.51063004  -1075.51925149  -1075.54562865  -1075.55612011  -1075.55944373 
max(|Fr_perp|)   :   0.00000000    0.00402974    0.00663628    0.00666095    0.00577362    0.00735623    0.01941210    0.01161834    0.01256591    0.00000000 
Fr_paral         :   0.00000000    0.00146420   -0.02488258   -0.01519477   -0.00005372    0.00880630    0.02799088    0.01112379    0.00190934    0.00000000 
max(|Fsp_paral|) :   0.00000000    0.00250135    0.00395793    0.00076214    0.00137009    0.00563385    0.00925764    0.00029732    0.00094038    0.00000000 
max(|Fsp_perp|)  :   0.00000000    0.00000000    0.00000000    0.00000000    0.00000000    0.00000000    0.00000000    0.00000000    0.00000000    0.00000000 
max(|FNEB|)      :   0.00000000    0.00409883    0.00651677    0.00663488    0.00577378    0.00745462    0.01934709    0.01147426    0.01252240    0.00000000 
max(|Force|)     :   0.00156225    0.00401651    0.01404944    0.00904934    0.00577346    0.00742330    0.01943373    0.01090745    0.01259688    0.00147223 
ksp              :   0.01000000    0.01451917    0.08503637    0.10000000    0.10000000    0.08879302    0.02880034    0.01000000    0.01000000 
max(|step|)      :   0.00000000    0.00557741    0.00869128    0.00873417    0.00630616    0.01087785    0.02599325    0.01659120    0.01660205    0.00000000 
angle (deg.)     :    37.7079  71.1261  9.4941  28.3150  20.1513  43.8006  50.8992  12.9707 
>
iteration       : 59
climbing        : yes
zoom on         : no
nim             : 10
barrier         :   0.01289042 (image:  4) 
distance        :   0.00000000    4.05576461    6.35991868    6.83012600    7.23994737    7.64960652    8.19864287    9.39825204   12.98827263   16.27555390 
energy          : -1075.52195325  -1075.52949953  -1075.52111313  -1075.51112551  -1075.50906283  -1075.51089360  -1075.51914601  -1075.54560168  -1075.55606258  -1075.55944373 
max(|Fr_perp|)   :   0.00000000    0.00341299    0.00775568    0.00856237    0.00545903    0.00845559    0.02441103    0.01325079    0.01561482    0.00000000 
Fr_paral         :   0.00000000    0.00128627   -0.02522517   -0.01481319   -0.00008031    0.00948666    0.02750289    0.01089232    0.00209838    0.00000000 
max(|Fsp_paral|) :   0.00000000    0.00133542    0.00206843    0.00042403    0.00000814    0.00320024    0.00720339    0.00015910    0.00096776    0.00000000 
max(|Fsp_perp|)  :   0.00000000    0.00000000    0.00000000    0.00000000    0.00000000    0.00000000    0.00000000    0.00000000    0.00000000    0.00000000 
max(|FNEB|)      :   0.00000000    0.00337460    0.00785387    0.00861318    0.00545912    0.00833380    0.02482955    0.01326352    0.01567159    0.00000000 
max(|Force|)     :   0.00156225    0.00342466    0.01451137    0.00892204    0.00545893    0.00828141    0.02359221    0.01304421    0.01557219    0.00147223 
ksp              :   0.01000000    0.01586563    0.08559852    0.10000000    0.10000000    0.08721764    0.02959997    0.01000000    0.01000000 
max(|step|)      :   0.00000000    0.00227316    0.00522556    0.00543431    0.00516057    0.00545581    0.01350716    0.01031108    0.00833149    0.00000000 
angle (deg.)     :    37.7347  71.2165  9.8999  28.3566  19.9608  43.4981  51.4337  12.7762 
>
iteration       : 60
climbing        : yes
zoom on         : no
nim             : 10
barrier         :   0.01282693 (image:  4) 
distance        :   0.00000000    4.05964357    6.35825125    6.82361772    7.23898416    7.64124548    8.17912415    9.41515620   12.99036408   16.27638463 
energy          : -1075.52195325  -1075.52951722  -1075.52122812  -1075.51129726  -1075.50912632  -1075.51092337  -1075.51947171  -1075.54617714  -1075.55633383  -1075.55944373 
max(|Fr_perp|)   :   0.00000000    0.00114902    0.00239311    0.00259814    0.00261072    0.00268758    0.00307196    0.00351923    0.00104088    0.00000000 
Fr_paral         :   0.00000000    0.00134479   -0.02520947   -0.01542564    0.00003790    0.00940870    0.02899001    0.01159959    0.00206606    0.00000000 
max(|Fsp_paral|) :   0.00000000    0.00197046    0.00267220    0.00120813    0.00065420    0.00313476    0.00760168    0.00075886    0.00092402    0.00000000 
max(|Fsp_perp|)  :   0.00000000    0.00000000    0.00000000    0.00000000    0.00000000    0.00000000    0.00000000    0.00000000    0.00000000    0.00000000 
max(|FNEB|)      :   0.00000000    0.00247222    0.00245915    0.00257225    0.00261067    0.00364407    0.00801734    0.00400680    0.00115606    0.00000000 
max(|Force|)     :   0.00156225    0.00156945    0.01453091    0.00910704    0.00261078    0.00487250    0.01701334    0.00662438    0.00124987    0.00147223 
ksp              :   0.01000000    0.01508787    0.08476762    0.10000000    0.10000000    0.08739102    0.02741170    0.01000000    0.01000000 
max(|step|)      :   0.00000000    0.00166386    0.00335562    0.00384071    0.00398220    0.00415552    0.01292753    0.00713136    0.00133517    0.00000000 
angle (deg.)     :    37.7677  71.1829  10.1137  28.3092  19.6364  42.8563  52.1239  12.6966 
>
iteration       : 61
climbing        : yes
zoom on         : no
nim             : 10
barrier         :   0.01280909 (image:  4) 
distance        :   0.00000000    4.05697056    6.36024049    6.82088988    7.23770537    7.64252735    8.15775012    9.42216777   12.98887025   16.27665836 
energy          : -1075.52195325  -1075.52951814  -1075.52115543  -1075.51133210  -1075.50914416  -1075.51096892  -1075.51902197  -1075.54637972  -1075.55633525  -1075.55944373 
max(|Fr_perp|)   :   0.00000000    0.00115348    0.00101276    0.00105197    0.00106642    0.00105950    0.00293192    0.00321337    0.00087680    0.00000000 
Fr_paral         :   0.00000000    0.00134717   -0.02533259   -0.01548534    0.00003948    0.00950561    0.02837099    0.01122404    0.00205538    0.00000000 
max(|Fsp_paral|) :   0.00000000    0.00153781    0.00170252    0.00156075    0.00059908    0.00205234    0.00361203    0.00121995    0.00089296    0.00000000 
max(|Fsp_perp|)  :   0.00000000    0.00000000    0.00000000    0.00000000    0.00000000    0.00000000    0.00000000    0.00000000    0.00000000    0.00000000 
max(|FNEB|)      :   0.00000000    0.00182350    0.00139125    0.00135979    0.00106635    0.00269497    0.00380174    0.00236806    0.00097498    0.00000000 
max(|Force|)     :   0.00156225    0.00157414    0.01468905    0.00917792    0.00106650    0.00486549    0.01631261    0.00629609    0.00097286    0.00147223 
ksp              :   0.01000000    0.01560568    0.08462694    0.10000000    0.10000000    0.08717875    0.03059593    0.01000000    0.01000000 
max(|step|)      :   0.00000000    0.00513453    0.00410507    0.00354419    0.00363740    0.00841679    0.00880501    0.00686156    0.00272572    0.00000000 
angle (deg.)     :    37.8374  71.0052  9.6312  28.1892  18.9011  41.4745  52.8235  12.8119 
>
iteration       : 62
climbing        : yes
zoom on         : no
nim             : 10
barrier         :   0.01278899 (image:  4) 
distance        :   0.00000000    4.04577692    6.36833549    6.82899122    7.23918432    7.66003966    8.14746462    9.40629293   12.98152278   16.27734570 
energy          : -1075.52195325  -1075.52952139  -1075.52101256  -1075.51127302  -1075.50916427  -1075.51115787  -1075.51884224  -1075.54636635  -1075.55632738  -1075.55944373 
max(|Fr_perp|)   :   0.00000000    0.00115081    0.00089031    0.00085927    0.00084010    0.00087625    0.00191855    0.00156277    0.00088379    0.00000000 
Fr_paral         :   0.00000000    0.00134146   -0.02557300   -0.01520194    0.00003949    0.01004758    0.02820168    0.01055967    0.00205941    0.00000000 
max(|Fsp_paral|) :   0.00000000    0.00061634    0.00035137    0.00103588    0.00053725    0.00008418    0.00101596    0.00176687    0.00089564    0.00000000 
max(|Fsp_perp|)  :   0.00000000    0.00000000    0.00000000    0.00000000    0.00000000    0.00000000    0.00000000    0.00000000    0.00000000    0.00000000 
max(|FNEB|)      :   0.00000000    0.00088479    0.00083535    0.00084261    0.00084019    0.00084213    0.00154914    0.00202475    0.00093400    0.00000000 
max(|Force|)     :   0.00156225    0.00156874    0.01482418    0.00901754    0.00084001    0.00511024    0.01642986    0.00462274    0.00090593    0.00147223 
ksp              :   0.01000000    0.01661996    0.08516002    0.10000000    0.10000000    0.08597038    0.03189316    0.01000000    0.01000000 
max(|step|)      :   0.00000000    0.01080719    0.00837031    0.00852769    0.00856317    0.01333675    0.01678770    0.02019581    0.00854066    0.00000000 
angle (deg.)     :    38.0608  70.8698  8.6853  28.3372  17.0804  38.4903  54.6372  13.2057 
>
iteration       : 63
climbing        : yes
zoom on         : no
nim             : 10
barrier         :   0.01272469 (image:  4) 
distance        :   0.00000000    4.02665817    6.39225630    6.86294262    7.25713680    7.70057303    8.15108598    9.37406650   12.97624683   16.29907649 
energy          : -1075.52195325  -1075.52955217  -1075.52093804  -1075.51115278  -1075.50922856  -1075.51146800  -1075.51866427  -1075.54612551  -1075.55627438  -1075.55944373 
max(|Fr_perp|)   :   0.00000000    0.00152483    0.00105104    0.00116908    0.00099954    0.00103250    0.00215966    0.00223423    0.00634897    0.00000000 
Fr_paral         :   0.00000000    0.00136890   -0.02571833   -0.01449449    0.00003510    0.01083844    0.02768321    0.00970749    0.00207374    0.00000000 
max(|Fsp_paral|) :   0.00000000    0.00012431    0.00001154    0.00072035    0.00251573    0.00298680    0.00157544    0.00185875    0.00089780    0.00000000 
max(|Fsp_perp|)  :   0.00000000    0.00000000    0.00000000    0.00000000    0.00000000    0.00000000    0.00000000    0.00000000    0.00000000    0.00000000 
max(|FNEB|)      :   0.00000000    0.00151972    0.00101042    0.00116050    0.00099949    0.00268430    0.00245743    0.00221095    0.00640023    0.00000000 
max(|Force|)     :   0.00156225    0.00157119    0.01496299    0.00863104    0.00099958    0.00561491    0.01660441    0.00463853    0.00630749    0.00147223 
ksp              :   0.01000000    0.01718043    0.08639022    0.10000000    0.10000000    0.08416074    0.03326255    0.01000000    0.01000000 
max(|step|)      :   0.00000000    0.01795487    0.01585280    0.01588156    0.01592806    0.01593283    0.02506222    0.03550693    0.01804101    0.00000000 
angle (deg.)     :    38.5819  70.7303  8.0418  28.9161  16.5741  35.0188  58.3681  13.9620 
>
iteration       : 64
climbing        : yes
zoom on         : no
nim             : 10
barrier         :   0.01260488 (image:  4) 
distance        :   0.00000000    3.99718065    6.44007957    6.92099871    7.29522429    7.76069600    8.17901987    9.33672361   12.98663849   16.36215952 
energy          : -1075.52195325  -1075.52959365  -1075.52080103  -1075.51103719  -1075.50934837  -1075.51181924  -1075.51835116  -1075.54552552  -1075.55594978  -1075.55944373 
max(|Fr_perp|)   :   0.00000000    0.00471864    0.00478502    0.00578269    0.00240293    0.00363797    0.01095958    0.00741293    0.02120695    0.00000000 
Fr_paral         :   0.00000000    0.00130212   -0.02592686   -0.01346350   -0.00000432    0.01159966    0.02579555    0.00845478    0.00184066    0.00000000 
max(|Fsp_paral|) :   0.00000000    0.00150137    0.00124387    0.00282622    0.00472393    0.00561724    0.00375429    0.00191380    0.00088490    0.00000000 
max(|Fsp_perp|)  :   0.00000000    0.00000000    0.00000000    0.00000000    0.00000000    0.00000000    0.00000000    0.00000000    0.00000000    0.00000000 
max(|FNEB|)      :   0.00000000    0.00476252    0.00478663    0.00566823    0.00240283    0.00533145    0.01088545    0.00747733    0.02117145    0.00000000 
max(|Force|)     :   0.00156225    0.00473124    0.01519899    0.00808981    0.00240303    0.00578630    0.01576298    0.00734188    0.02123377    0.00147223 
ksp              :   0.01000000    0.01822696    0.08794167    0.10000000    0.10000000    0.08235778    0.03571929    0.01000000    0.01000000 
max(|step|)      :   0.00000000    0.00249669    0.00232674    0.00276099    0.00218504    0.00449916    0.00535214    0.00397260    0.01154398    0.00000000 
angle (deg.)     :    38.6030  70.8256  8.0452  28.9321  16.1016  34.7693  58.2786  13.9887 
>
iteration       : 65
climbing        : yes
zoom on         : no
nim             : 10
barrier         :   0.01259162 (image:  4) 
distance        :   0.00000000    4.00100709    6.44199246    6.92399583    7.30052573    7.75726491    8.19234177    9.33521011   12.98762286   16.36598167 
energy          : -1075.52195325  -1075.52963519  -1075.52091695  -1075.51109216  -1075.50936163  -1075.51174091  -1075.51867365  -1075.54556471  -1075.55623830  -1075.55944373 
max(|Fr_perp|)   :   0.00000000    0.00105038    0.00102392    0.00110469    0.00077740    0.00133365    0.00290938    0.00188862    0.00256151    0.00000000 
Fr_paral         :   0.00000000    0.00136093   -0.02581088   -0.01372151    0.00003376    0.01133814    0.02661318    0.00927610    0.00205816    0.00000000 
max(|Fsp_paral|) :   0.00000000    0.00081834    0.00014051    0.00266123    0.00413873    0.00443541    0.00115023    0.00067260    0.00088374    0.00000000 
max(|Fsp_perp|)  :   0.00000000    0.00000000    0.00000000    0.00000000    0.00000000    0.00000000    0.00000000    0.00000000    0.00000000    0.00000000 
max(|FNEB|)      :   0.00000000    0.00182448    0.00105894    0.00284501    0.00077733    0.00410792    0.00323184    0.00237086    0.00251669    0.00000000 
max(|Force|)     :   0.00156225    0.00147457    0.01510966    0.00815897    0.00077746    0.00579036    0.01627833    0.00506293    0.00259858    0.00147223 
ksp              :   0.01000000    0.01740707    0.08763088    0.10000000    0.10000000    0.08299382    0.03344135    0.01000000    0.01000000 
max(|step|)      :   0.00000000    0.00562329    0.00437239    0.00439538    0.00439803    0.00698816    0.00400592    0.00896551    0.00493588    0.00000000 
angle (deg.)     :    38.7768  70.9622  8.2824  29.0742  15.6046  33.8537  59.1818  14.1598 
>
iteration       : 66
climbing        : yes
zoom on         : no
nim             : 10
barrier         :   0.01255487 (image:  4) 
distance        :   0.00000000    4.00215363    6.45593351    6.93735128    7.31706271    7.76022890    8.21368359    9.33425750   12.99487986   16.38938403 
energy          : -1075.52195325  -1075.52967061  -1075.52102739  -1075.51116671  -1075.50939838  -1075.51162240  -1075.51884106  -1075.54547779  -1075.55621430  -1075.55944373 
max(|Fr_perp|)   :   0.00000000    0.00103510    0.00106465    0.00109902    0.00110223    0.00146972    0.00263075    0.00131425    0.00417221    0.00000000 
Fr_paral         :   0.00000000    0.00139545   -0.02570490   -0.01388764    0.00003176    0.01089968    0.02680831    0.01010982    0.00207485    0.00000000 
max(|Fsp_paral|) :   0.00000000    0.00026457    0.00067924    0.00236141    0.00325724    0.00286677    0.00103612    0.00016014    0.00085916    0.00000000 
max(|Fsp_perp|)  :   0.00000000    0.00000000    0.00000000    0.00000000    0.00000000    0.00000000    0.00000000    0.00000000    0.00000000    0.00000000 
max(|FNEB|)      :   0.00000000    0.00128620    0.00102524    0.00254305    0.00110217    0.00264526    0.00289587    0.00143234    0.00421814    0.00000000 
max(|Force|)     :   0.00156225    0.00147113    0.01503758    0.00825537    0.00110228    0.00562044    0.01658544    0.00507825    0.00413287    0.00147223 
ksp              :   0.01000000    0.01663707    0.08732369    0.10000000    0.10000000    0.08405703    0.03230987    0.01000000    0.01000000 
max(|step|)      :   0.00000000    0.01741833    0.01713316    0.01708807    0.01701771    0.01693223    0.01468716    0.03464068    0.01848963    0.00000000 
angle (deg.)     :    39.4494  71.2637  8.9563  29.5688  15.4755  30.5954  63.4824  14.8165 
>
iteration       : 67
climbing        : yes
zoom on         : no
nim             : 10
barrier         :   0.01242406 (image:  4) 
distance        :   0.00000000    3.99630722    6.51016317    6.98755436    7.37316099    7.78808936    8.27291801    9.33554107   13.02805776   16.48239057 
energy          : -1075.52195325  -1075.52977344  -1075.52121577  -1075.51136511  -1075.50952919  -1075.51143840  -1075.51895089  -1075.54508704  -1075.55609924  -1075.55944373 
max(|Fr_perp|)   :   0.00000000    0.00231337    0.00236468    0.00299975    0.00141406    0.00190434    0.00589604    0.00352618    0.00974522    0.00000000 
Fr_paral         :   0.00000000    0.00143570   -0.02553795   -0.01416913    0.00001379    0.00997114    0.02626996    0.01141559    0.00205828    0.00000000 
max(|Fsp_paral|) :   0.00000000    0.00045853    0.00158490    0.00164383    0.00148736    0.00013049    0.00425862    0.00128705    0.00077275    0.00000000 
max(|Fsp_perp|)  :   0.00000000    0.00000000    0.00000000    0.00000000    0.00000000    0.00000000    0.00000000    0.00000000    0.00000000    0.00000000 
max(|FNEB|)      :   0.00000000    0.00232413    0.00227300    0.00299906    0.00141403    0.00189167    0.00583801    0.00352188    0.00978665    0.00000000 
max(|Force|)     :   0.00156225    0.00229951    0.01497325    0.00844209    0.00141408    0.00520707    0.01724433    0.00530151    0.00970563    0.00147223 
ksp              :   0.01000000    0.01534234    0.08670055    0.10000000    0.10000000    0.08616963    0.03174915    0.01000000    0.01000000 
max(|step|)      :   0.00000000    0.03209433    0.03500069    0.03515865    0.03516785    0.03508042    0.03140592    0.06815773    0.03661018    0.00000000 
angle (deg.)     :    40.8546  71.7216  10.0079  30.2666  16.9245  24.6419  73.7688  16.1132 
>
iteration       : 68
climbing        : yes
zoom on         : no
nim             : 10
barrier         :   0.01217861 (image:  4) 
distance        :   0.00000000    3.97997717    6.62251475    7.08818412    7.48353257    7.86504590    8.37651891    9.37062307   13.12553377   16.69794513 
energy          : -1075.52195325  -1075.52995367  -1075.52142174  -1075.51172774  -1075.50977464  -1075.51134104  -1075.51883372  -1075.54433794  -1075.55591715  -1075.55944373 
max(|Fr_perp|)   :   0.00000000    0.00281495    0.00304147    0.00297195    0.00158462    0.00235840    0.00721732    0.00504928    0.01345166    0.00000000 
Fr_paral         :   0.00000000    0.00149038   -0.02535234   -0.01469545   -0.00000219    0.00884846    0.02493021    0.01232446    0.00204053    0.00000000 
max(|Fsp_paral|) :   0.00000000    0.00097719    0.00171702    0.00018093    0.00068965    0.00319468    0.00632398    0.00194823    0.00059758    0.00000000 
max(|Fsp_perp|)  :   0.00000000    0.00000000    0.00000000    0.00000000    0.00000000    0.00000000    0.00000000    0.00000000    0.00000000    0.00000000 
max(|FNEB|)      :   0.00000000    0.00284024    0.00294812    0.00294680    0.00158465    0.00396049    0.00792853    0.00490514    0.01348106    0.00000000 
max(|Force|)     :   0.00156225    0.00280050    0.01496032    0.00874351    0.00158460    0.00477268    0.01747038    0.00658446    0.01341421    0.00147223 
ksp              :   0.01000000    0.01392791    0.08556662    0.10000000    0.10000000    0.08842432    0.03305339    0.01000000    0.01000000 
max(|step|)      :   0.00000000    0.04701120    0.05268440    0.05286553    0.05303183    0.05284385    0.04904197    0.10000000    0.05433797    0.00000000 
angle (deg.)     :    43.0432  72.5291  11.1834  30.6916  18.3609  21.7346  90.6300  18.0177 
>
iteration       : 69
climbing        : yes
zoom on         : no
nim             : 10
barrier         :   0.01186226 (image:  4) 
distance        :   0.00000000    3.95910095    6.79981212    7.25570297    7.66058597    8.01787681    8.53153313    9.51566915   13.35638619   17.10489447 
energy          : -1075.52195325  -1075.53014597  -1075.52173514  -1075.51203906  -1075.51009099  -1075.51142733  -1075.51836907  -1075.54319920  -1075.55575641  -1075.55944373 
max(|Fr_perp|)   :   0.00000000    0.00603209    0.00550250    0.01500689    0.00336132    0.00541256    0.01726999    0.01402946    0.00578077    0.00000000 
Fr_paral         :   0.00000000    0.00136623   -0.02506897   -0.01451221   -0.00010297    0.00797857    0.02329892    0.01225235    0.00197205    0.00000000 
max(|Fsp_paral|) :   0.00000000    0.00209259    0.00325564    0.00094061    0.00234140    0.00462487    0.00478852    0.00070648    0.00030576    0.00000000 
max(|Fsp_perp|)  :   0.00000000    0.00000000    0.00000000    0.00000000    0.00000000    0.00000000    0.00000000    0.00000000    0.00000000    0.00000000 
max(|FNEB|)      :   0.00000000    0.00625644    0.00544327    0.01546361    0.00346217    0.00570952    0.01783843    0.01433693    0.00593465    0.00000000 
max(|Force|)     :   0.00156225    0.00618629    0.01457729    0.01527296    0.00346195    0.00567626    0.01759756    0.01404197    0.00599485    0.00147223 
ksp              :   0.01000000    0.01165293    0.08527902    0.10000000    0.10000000    0.08988261    0.03731795    0.01000000    0.01000000 
max(|step|)      :   0.00000000    0.00456739    0.00397375    0.01128891    0.00252749    0.00416813    0.01302259    0.01046639    0.00433248    0.00000000 
angle (deg.)     :    43.0695  72.4924  10.5978  30.3441  17.8228  21.2548  90.5562  17.9985 
>
iteration       : 70
climbing        : yes
zoom on         : no
nim             : 10
barrier         :   0.01184385 (image:  4) 
distance        :   0.00000000    3.95476950    6.80201616    7.25457508    7.65887671    8.02357602    8.52383333    9.51440650   13.35117869   17.10040160 
energy          : -1075.52195325  -1075.53018138  -1075.52168347  -1075.51216788  -1075.51010940  -1075.51153324  -1075.51859783  -1075.54340854  -1075.55582111  -1075.55944373 
max(|Fr_perp|)   :   0.00000000    0.00066425    0.00112455    0.00356570    0.00123526    0.00124668    0.00513905    0.00351940    0.00113496    0.00000000 
Fr_paral         :   0.00000000    0.00149156   -0.02508825   -0.01525622   -0.00000875    0.00830372    0.02426005    0.01235620    0.00203019    0.00000000 
max(|Fsp_paral|) :   0.00000000    0.00168827    0.00217935    0.00131301    0.00195668    0.00363825    0.00485667    0.00134382    0.00029044    0.00000000 
max(|Fsp_perp|)  :   0.00000000    0.00000000    0.00000000    0.00000000    0.00000000    0.00000000    0.00000000    0.00000000    0.00000000    0.00000000 
max(|FNEB|)      :   0.00000000    0.00204420    0.00186513    0.00364572    0.00123527    0.00434274    0.00665357    0.00350673    0.00115476    0.00000000 
max(|Force|)     :   0.00156225    0.00103947    0.01467947    0.00905244    0.00123525    0.00441986    0.01657561    0.00688952    0.00109156    0.00147223 
ksp              :   0.01000000    0.01205002    0.08435784    0.10000000    0.10000000    0.08918043    0.03549746    0.01000000    0.01000000 
max(|step|)      :   0.00000000    0.00149823    0.00146059    0.00098016    0.00100967    0.00324436    0.00477746    0.00219701    0.00037382    0.00000000 
angle (deg.)     :    43.0831  72.4874  10.4304  30.0933  17.4337  21.0570  90.4836  17.9914 
>
iteration       : 71
climbing        : yes
zoom on         : no
nim             : 10
barrier         :   0.01183978 (image:  4) 
distance        :   0.00000000    3.95130408    6.80415964    7.25561644    7.65862556    8.02947819    8.51759297    9.51622983   13.34906702   17.09903692 
energy          : -1075.52195325  -1075.53017785  -1075.52162827  -1075.51216000  -1075.51011347  -1075.51159812  -1075.51853289  -1075.54348141  -1075.55582106  -1075.55944373 
max(|Fr_perp|)   :   0.00000000    0.00091658    0.00094158    0.00241585    0.00102145    0.00101878    0.00462860    0.00302435    0.00091668    0.00000000 
Fr_paral         :   0.00000000    0.00150197   -0.02516243   -0.01522732   -0.00000617    0.00851261    0.02436534    0.01199309    0.00203595    0.00000000 
max(|Fsp_paral|) :   0.00000000    0.00126828    0.00143243    0.00126923    0.00159526    0.00278565    0.00381054    0.00099142    0.00027499    0.00000000 
max(|Fsp_perp|)  :   0.00000000    0.00000000    0.00000000    0.00000000    0.00000000    0.00000000    0.00000000    0.00000000    0.00000000    0.00000000 
max(|FNEB|)      :   0.00000000    0.00162952    0.00107117    0.00249025    0.00102146    0.00342477    0.00554265    0.00300814    0.00093544    0.00000000 
max(|Force|)     :   0.00156225    0.00104975    0.01472446    0.00901595    0.00102144    0.00446645    0.01626614    0.00627155    0.00095897    0.00147223 
ksp              :   0.01000000    0.01247034    0.08444336    0.10000000    0.10000000    0.08871442    0.03599984    0.01000000    0.01000000 
max(|step|)      :   0.00000000    0.00976934    0.00658317    0.00733874    0.00709388    0.02076635    0.03388315    0.01239068    0.00326594    0.00000000 
angle (deg.)     :    43.1784  72.7370  9.4623  28.5603  16.9785  23.5508  89.7829  17.9977 
>
iteration       : 72
climbing        : yes
zoom on         : no
nim             : 10
barrier         :   0.01181404 (image:  4) 
distance        :   0.00000000    3.93226916    6.82190225    7.27840702    7.66901836    8.08023087    8.49755220    9.54780271   13.34289368   17.09982388 
energy          : -1075.52195325  -1075.53015237  -1075.52145675  -1075.51202247  -1075.51013922  -1075.51203433  -1075.51805761  -1075.54385681  -1075.55579701  -1075.55944373 
max(|Fr_perp|)   :   0.00000000    0.00367048    0.00585553    0.00573600    0.00278277    0.00288340    0.00624911    0.00326155    0.00405294    0.00000000 
Fr_paral         :   0.00000000    0.00136060   -0.02511746   -0.01461562   -0.00000421    0.00974097    0.02459060    0.00995827    0.00199952    0.00000000 
max(|Fsp_paral|) :   0.00000000    0.00016186    0.00040336    0.00002326    0.00104960    0.00246072    0.00330978    0.00153477    0.00012706    0.00000000 
max(|Fsp_perp|)  :   0.00000000    0.00000000    0.00000000    0.00000000    0.00000000    0.00000000    0.00000000    0.00000000    0.00000000    0.00000000 
max(|FNEB|)      :   0.00000000    0.00366294    0.00581712    0.00576525    0.00278279    0.00294513    0.00618543    0.00321243    0.00405467    0.00000000 
max(|Force|)     :   0.00156225    0.00365745    0.01465546    0.00876635    0.00278276    0.00514982    0.01519878    0.00545601    0.00403864    0.00147223 
ksp              :   0.01000000    0.01378238    0.08565326    0.10000000    0.10000000    0.08556292    0.03967719    0.01000000    0.01000000 
max(|step|)      :   0.00000000    0.00457656    0.00745255    0.00815713    0.00440601    0.00448441    0.01206498    0.00689598    0.00478639    0.00000000 
angle (deg.)     :    43.2424  72.9644  9.3093  28.2291  18.1949  26.7547  89.3304  18.0286 
>
iteration       : 73
climbing        : yes
zoom on         : no
nim             : 10
barrier         :   0.01179063 (image:  4) 
distance        :   0.00000000    3.92761168    6.83094248    7.29366793    7.67989916    8.09838760    8.51341372    9.56655359   13.33912207   17.09966949 
energy          : -1075.52195325  -1075.53016564  -1075.52151744  -1075.51197995  -1075.51016262  -1075.51213949  -1075.51813802  -1075.54396151  -1075.55580675  -1075.55944373 
max(|Fr_perp|)   :   0.00000000    0.00283676    0.00733946    0.00767518    0.00162978    0.00168246    0.00881062    0.00256086    0.00272537    0.00000000 
Fr_paral         :   0.00000000    0.00155403   -0.02494163   -0.01433768    0.00000206    0.00997590    0.02494097    0.01044617    0.00204782    0.00000000 
max(|Fsp_paral|) :   0.00000000    0.00018775    0.00064892    0.00071510    0.00165140    0.00301151    0.00339046    0.00140483    0.00004000    0.00000000 
max(|Fsp_perp|)  :   0.00000000    0.00000000    0.00000000    0.00000000    0.00000000    0.00000000    0.00000000    0.00000000    0.00000000    0.00000000 
max(|FNEB|)      :   0.00000000    0.00283441    0.00742132    0.00764972    0.00162977    0.00270758    0.00875518    0.00281002    0.00272410    0.00000000 
max(|Force|)     :   0.00156225    0.00285175    0.01448980    0.00860348    0.00162979    0.00490957    0.01487480    0.00538745    0.00271723    0.00147223 
ksp              :   0.01000000    0.01332660    0.08612801    0.10000000    0.10000000    0.08491023    0.03912238    0.01000000    0.01000000 
max(|step|)      :   0.00000000    0.00120267    0.00316693    0.00295867    0.00076357    0.00256547    0.00335457    0.00190282    0.00104847    0.00000000 
angle (deg.)     :    43.2406  72.9563  9.1180  28.3257  17.7994  26.3222  89.2871  18.0489 
>
iteration       : 74
climbing        : yes
zoom on         : no
nim             : 10
barrier         :   0.01178761 (image:  4) 
distance        :   0.00000000    3.92870401    6.83112104    7.29287363    7.68045492    8.09401994    8.51864533    9.56376238   13.33611568   17.09647583 
energy          : -1075.52195325  -1075.53017718  -1075.52156279  -1075.51202851  -1075.51016564  -1075.51209258  -1075.51830040  -1075.54395740  -1075.55581961  -1075.55944373 
max(|Fr_perp|)   :   0.00000000    0.00099510    0.00183233    0.00275048    0.00087918    0.00086798    0.00318566    0.00153959    0.00119146    0.00000000 
Fr_paral         :   0.00000000    0.00151238   -0.02517705   -0.01455482    0.00000265    0.00983759    0.02535715    0.01087867    0.00203762    0.00000000 
max(|Fsp_paral|) :   0.00000000    0.00051738    0.00107732    0.00049377    0.00132568    0.00233877    0.00191686    0.00075613    0.00003991    0.00000000 
max(|Fsp_perp|)  :   0.00000000    0.00000000    0.00000000    0.00000000    0.00000000    0.00000000    0.00000000    0.00000000    0.00000000    0.00000000 
max(|FNEB|)      :   0.00000000    0.00098331    0.00191706    0.00272978    0.00087917    0.00199048    0.00316353    0.00167165    0.00119160    0.00000000 
max(|Force|)     :   0.00156225    0.00107514    0.01450228    0.00864233    0.00087919    0.00487854    0.01492911    0.00539537    0.00120553    0.00147223 
ksp              :   0.01000000    0.01298122    0.08577675    0.10000000    0.10000000    0.08528754    0.03789005    0.01000000    0.01000000 
max(|step|)      :   0.00000000    0.00296501    0.00241013    0.00234557    0.00228873    0.00225421    0.00905844    0.00561956    0.00096035    0.00000000 
angle (deg.)     :    43.2916  73.0721  9.1144  28.2409  18.4090  28.0831  88.8670  18.1140 
>
iteration       : 75
climbing        : yes
zoom on         : no
nim             : 10
barrier         :   0.01177089 (image:  4) 
distance        :   0.00000000    3.92484102    6.83933129    7.30106755    7.68808840    8.09971331    8.53554840    9.57459590   13.32959273   17.09224502 
energy          : -1075.52195325  -1075.53018308  -1075.52156386  -1075.51204207  -1075.51018236  -1075.51209004  -1075.51849138  -1075.54401268  -1075.55582388  -1075.55944373 
max(|Fr_perp|)   :   0.00000000    0.00056387    0.00198624    0.00130522    0.00079391    0.00079270    0.00141916    0.00133058    0.00049048    0.00000000 
Fr_paral         :   0.00000000    0.00148092   -0.02518626   -0.01454463    0.00000461    0.00976760    0.02577367    0.01147957    0.00202392    0.00000000 
max(|Fsp_paral|) :   0.00000000    0.00045825    0.00099792    0.00052626    0.00125513    0.00178804    0.00038068    0.00013619    0.00002549    0.00000000 
max(|Fsp_perp|)  :   0.00000000    0.00000000    0.00000000    0.00000000    0.00000000    0.00000000    0.00000000    0.00000000    0.00000000    0.00000000 
max(|FNEB|)      :   0.00000000    0.00079112    0.00192280    0.00131959    0.00079390    0.00141824    0.00145197    0.00138092    0.00049513    0.00000000 
max(|Force|)     :   0.00156225    0.00103467    0.01451801    0.00863262    0.00079391    0.00485783    0.01498612    0.00539107    0.00087027    0.00147223 
ksp              :   0.01000000    0.01297726    0.08578072    0.10000000    0.10000000    0.08541396    0.03646945    0.01000000    0.01000000 
max(|step|)      :   0.00000000    0.00692065    0.00644530    0.00619915    0.00616609    0.00613490    0.01855203    0.01308797    0.00223462    0.00000000 
angle (deg.)     :    43.4218  73.3459  9.2542  28.0302  20.2413  32.1130  87.8753  18.2608 
>
iteration       : 76
climbing        : yes
zoom on         : no
nim             : 10
barrier         :   0.01173337 (image:  4) 
distance        :   0.00000000    3.91609981    6.85876019    7.32053491    7.70661745    8.11571887    8.57323674    9.60493424   13.31913398   17.08689117 
energy          : -1075.52195325  -1075.53019227  -1075.52156648  -1075.51206129  -1075.51021989  -1075.51210108  -1075.51881899  -1075.54413999  -1075.55582609  -1075.55944373 
max(|Fr_perp|)   :   0.00000000    0.00140117    0.00410186    0.00374633    0.00126112    0.00128574    0.00415085    0.00154297    0.00139562    0.00000000 
Fr_paral         :   0.00000000    0.00145264   -0.02511947   -0.01445686    0.00000755    0.00965265    0.02626341    0.01232661    0.00200620    0.00000000 
max(|Fsp_paral|) :   0.00000000    0.00032242    0.00083978    0.00060729    0.00117519    0.00079731    0.00233233    0.00079045    0.00017848    0.00000000 
max(|Fsp_perp|)  :   0.00000000    0.00000000    0.00000000    0.00000000    0.00000000    0.00000000    0.00000000    0.00000000    0.00000000    0.00000000 
max(|FNEB|)      :   0.00000000    0.00140729    0.00405125    0.00375416    0.00126111    0.00129999    0.00426368    0.00214545    0.00140833    0.00000000 
max(|Force|)     :   0.00156225    0.00138727    0.01453461    0.00862173    0.00126113    0.00483322    0.01509246    0.00574599    0.00143159    0.00147223 
ksp              :   0.01000000    0.01296672    0.08587565    0.10000000    0.10000000    0.08557046    0.03404113    0.01000000    0.01000000 
max(|step|)      :   0.00000000    0.00966557    0.01025146    0.01010963    0.01012274    0.01013686    0.01360177    0.01935338    0.00415307    0.00000000 
angle (deg.)     :    43.6240  73.6633  9.6243  27.8390  21.6127  34.6302  86.3478  18.4744 
>
iteration       : 77
climbing        : yes
zoom on         : no
nim             : 10
barrier         :   0.01167780 (image:  4) 
distance        :   0.00000000    3.90540383    6.88717032    7.34484265    7.73376601    8.13930629    8.61547645    9.64930290   13.30700480   17.07961637 
energy          : -1075.52195325  -1075.53021089  -1075.52158114  -1075.51214438  -1075.51027545  -1075.51211992  -1075.51910823  -1075.54440712  -1075.55583760  -1075.55944373 
max(|Fr_perp|)   :   0.00000000    0.00178550    0.00391351    0.00461915    0.00138101    0.00141201    0.00522526    0.00150736    0.00148190    0.00000000 
Fr_paral         :   0.00000000    0.00146255   -0.02512067   -0.01455046    0.00000861    0.00951174    0.02655039    0.01236666    0.00198733    0.00000000 
max(|Fsp_paral|) :   0.00000000    0.00021961    0.00045206    0.00016381    0.00084797    0.00013262    0.00461172    0.00143282    0.00038349    0.00000000 
max(|Fsp_perp|)  :   0.00000000    0.00000000    0.00000000    0.00000000    0.00000000    0.00000000    0.00000000    0.00000000    0.00000000    0.00000000 
max(|FNEB|)      :   0.00000000    0.00178868    0.00386853    0.00464342    0.00138100    0.00142597    0.00551689    0.00268713    0.00150588    0.00000000 
max(|Force|)     :   0.00156225    0.00177151    0.01459925    0.00870955    0.00138103    0.00487856    0.01537737    0.00564468    0.00151848    0.00147223 
ksp              :   0.01000000    0.01286783    0.08559634    0.10000000    0.10000000    0.08578481    0.03192640    0.01000000    0.01000000 
max(|step|)      :   0.00000000    0.03587138    0.04090881    0.04028003    0.04023980    0.04028368    0.04996195    0.07500841    0.01917545    0.00000000 
angle (deg.)     :    44.5092  74.8221  10.7892  27.3024  24.4972  38.8801  80.3192  19.3487 
>
iteration       : 78
climbing        : yes
zoom on         : no
nim             : 10
barrier         :   0.01147196 (image:  4) 
distance        :   0.00000000    3.86990150    7.00014871    7.45315540    7.84876705    8.24842296    8.75689542    9.83795186   13.28591909   17.06944151 
energy          : -1075.52195325  -1075.53025470  -1075.52171368  -1075.51242246  -1075.51048129  -1075.51226229  -1075.51965156  -1075.54549864  -1075.55587401  -1075.55944373 
max(|Fr_perp|)   :   0.00000000    0.00662992    0.01340103    0.00484353    0.00221489    0.00227225    0.00562560    0.00342543    0.00502239    0.00000000 
Fr_paral         :   0.00000000    0.00116545   -0.02441145   -0.01479322    0.00001784    0.00925762    0.02661038    0.01176384    0.00191816    0.00000000 
max(|Fsp_paral|) :   0.00000000    0.00048209    0.00068757    0.00066954    0.00020678    0.00168372    0.00798408    0.00179122    0.00112637    0.00000000 
max(|Fsp_perp|)  :   0.00000000    0.00000000    0.00000000    0.00000000    0.00000000    0.00000000    0.00000000    0.00000000    0.00000000    0.00000000 
max(|FNEB|)      :   0.00000000    0.00661573    0.01337113    0.00490298    0.00221483    0.00233138    0.00871090    0.00349829    0.00509244    0.00000000 
max(|Force|)     :   0.00156225    0.00663949    0.01465204    0.00882441    0.00221496    0.00479753    0.01551426    0.00581696    0.00506145    0.00147223 
ksp              :   0.01000000    0.01187946    0.08477111    0.10000000    0.10000000    0.08602766    0.02805729    0.01000000    0.01000000 
max(|step|)      :   0.00000000    0.04888361    0.05411327    0.05368559    0.05380685    0.05388452    0.06354527    0.10000000    0.02684734    0.00000000 
angle (deg.)     :    45.7932  76.0590  11.9640  26.9069  26.2898  40.4845  73.3451  20.7600 
>
iteration       : 79
climbing        : yes
zoom on         : no
nim             : 10
barrier         :   0.01119627 (image:  4) 
distance        :   0.00000000    3.82659556    7.15244434    7.59681253    8.00260082    8.39573823    8.92863743   10.10106448   13.28903501   17.08065016 
energy          : -1075.52195325  -1075.53033917  -1075.52204840  -1075.51278628  -1075.51075698  -1075.51246077  -1075.52013520  -1075.54678098  -1075.55597985  -1075.55944373 
max(|Fr_perp|)   :   0.00000000    0.00513895    0.00438510    0.00743391    0.00204178    0.00210669    0.01041239    0.00386590    0.00188580    0.00000000 
Fr_paral         :   0.00000000    0.00168253   -0.02477342   -0.01507388    0.00002590    0.00892019    0.02646619    0.01005339    0.00184222    0.00000000 
max(|Fsp_paral|) :   0.00000000    0.00158667    0.00225574    0.00194411    0.00063549    0.00290968    0.01007791    0.00136687    0.00204863    0.00000000 
max(|Fsp_perp|)  :   0.00000000    0.00000000    0.00000000    0.00000000    0.00000000    0.00000000    0.00000000    0.00000000    0.00000000    0.00000000 
max(|FNEB|)      :   0.00000000    0.00540165    0.00466997    0.00791380    0.00207865    0.00403900    0.01149544    0.00393879    0.00238240    0.00000000 
max(|Force|)     :   0.00156225    0.00534206    0.01465338    0.00914095    0.00207889    0.00502983    0.01565732    0.00549397    0.00194648    0.00147223 
ksp              :   0.01000000    0.01000000    0.08370584    0.10000000    0.10000000    0.08632201    0.02462870    0.01000000    0.01000000 
max(|step|)      :   0.00000000    0.00576806    0.00498675    0.00845062    0.00221965    0.00431298    0.01227522    0.00420597    0.00254401    0.00000000 
angle (deg.)     :    45.8427  75.9050  11.4437  26.8423  25.4063  39.1001  73.1376  20.7690 
>
iteration       : 80
climbing        : yes
zoom on         : no
nim             : 10
barrier         :   0.01118855 (image:  4) 
distance        :   0.00000000    3.82221721    7.15493018    7.59901950    8.00158214    8.40224998    8.91069245   10.09548158   13.28790018   17.07355306 
energy          : -1075.52195325  -1075.53035343  -1075.52198929  -1075.51276692  -1075.51076470  -1075.51254624  -1075.51991349  -1075.54689669  -1075.55599762  -1075.55944373 
max(|Fr_perp|)   :   0.00000000    0.00339875    0.00348796    0.00627218    0.00133384    0.00139014    0.00873432    0.00435108    0.00129111    0.00000000 
Fr_paral         :   0.00000000    0.00140323   -0.02488731   -0.01500330    0.00002699    0.00917874    0.02633749    0.00968619    0.00185952    0.00000000 
max(|Fsp_paral|) :   0.00000000    0.00154917    0.00224095    0.00172964    0.00009755    0.00154432    0.00722989    0.00028918    0.00201442    0.00000000 
max(|Fsp_perp|)  :   0.00000000    0.00000000    0.00000000    0.00000000    0.00000000    0.00000000    0.00000000    0.00000000    0.00000000    0.00000000 
max(|FNEB|)      :   0.00000000    0.00335648    0.00337581    0.00621886    0.00133380    0.00241549    0.00857313    0.00435621    0.00209239    0.00000000 
max(|Force|)     :   0.00156225    0.00341244    0.01462526    0.00900866    0.00133389    0.00495542    0.01545983    0.00530936    0.00132793    0.00147223 
ksp              :   0.01000000    0.01000000    0.08389427    0.10000000    0.10000000    0.08566939    0.02640770    0.01000000    0.01000000 
max(|step|)      :   0.00000000    0.00188559    0.00214540    0.00139124    0.00118893    0.00288818    0.00809136    0.00238343    0.00213268    0.00000000 
angle (deg.)     :    45.8561  75.7791  11.0367  26.8274  24.6258  37.9968  72.9377  20.7955 
>
iteration       : 81
climbing        : yes
zoom on         : no
nim             : 10
barrier         :   0.01118404 (image:  4) 
distance        :   0.00000000    3.81807064    7.15696623    7.60064878    8.00047172    8.40615750    8.89713800   10.08999914   13.28678837   17.06710367 
energy          : -1075.52195325  -1075.53035310  -1075.52192633  -1075.51275315  -1075.51076921  -1075.51260399  -1075.51976183  -1075.54696877  -1075.55601097  -1075.55944373 
max(|Fr_perp|)   :   0.00000000    0.00272516    0.00258723    0.00387499    0.00118751    0.00123260    0.00502298    0.00326138    0.00102541    0.00000000 
Fr_paral         :   0.00000000    0.00141522   -0.02498630   -0.01496608    0.00002662    0.00935229    0.02630776    0.00951571    0.00185802    0.00000000 
max(|Fsp_paral|) :   0.00000000    0.00128510    0.00180245    0.00155644    0.00030233    0.00056851    0.00522234    0.00045140    0.00198244    0.00000000 
max(|Fsp_perp|)  :   0.00000000    0.00000000    0.00000000    0.00000000    0.00000000    0.00000000    0.00000000    0.00000000    0.00000000    0.00000000 
max(|FNEB|)      :   0.00000000    0.00269054    0.00249393    0.00381407    0.00118747    0.00135081    0.00563146    0.00329902    0.00204814    0.00000000 
max(|Force|)     :   0.00156225    0.00273899    0.01464128    0.00892662    0.00118756    0.00496743    0.01544569    0.00516250    0.00104083    0.00147223 
ksp              :   0.01000000    0.01021663    0.08403490    0.10000000    0.10000000    0.08523524    0.02763473    0.01000000    0.01000000 
max(|step|)      :   0.00000000    0.00996440    0.00921274    0.00766216    0.00543077    0.00944778    0.03585686    0.00970094    0.01246388    0.00000000 
angle (deg.)     :    45.9193  75.1978  9.4663  27.1374  20.1013  32.9515  71.7603  21.0549 
>
iteration       : 82
climbing        : yes
zoom on         : no
nim             : 10
barrier         :   0.01116400 (image:  4) 
distance        :   0.00000000    3.79800774    7.16877682    7.61374233    7.99881547    8.41995146    8.84597849   10.06268525   13.28917791   17.03783619 
energy          : -1075.52195325  -1075.53032841  -1075.52162546  -1075.51261112  -1075.51078925  -1075.51279226  -1075.51903412  -1075.54712459  -1075.55608030  -1075.55944373 
max(|Fr_perp|)   :   0.00000000    0.00306374    0.00198465    0.00172674    0.00159371    0.00165162    0.00378186    0.00173983    0.00160152    0.00000000 
Fr_paral         :   0.00000000    0.00163167   -0.02534834   -0.01438889    0.00002160    0.00991696    0.02538103    0.00932653    0.00183051    0.00000000 
max(|Fsp_paral|) :   0.00000000    0.00146024    0.00261132    0.00031596    0.00187239    0.00287988    0.00289901    0.00382138    0.00177607    0.00000000 
max(|Fsp_perp|)  :   0.00000000    0.00000000    0.00000000    0.00000000    0.00000000    0.00000000    0.00000000    0.00000000    0.00000000    0.00000000 
max(|FNEB|)      :   0.00000000    0.00301649    0.00319409    0.00171285    0.00159368    0.00300688    0.00379368    0.00366429    0.00203845    0.00000000 
max(|Force|)     :   0.00156225    0.00304771    0.01476359    0.00855154    0.00159375    0.00510493    0.01494541    0.00445312    0.00158615    0.00147223 
ksp              :   0.01000000    0.01264256    0.08531277    0.10000000    0.10000000    0.08385250    0.03353294    0.01000000    0.01000000 
max(|step|)      :   0.00000000    0.00381688    0.00328552    0.00371316    0.00318704    0.00331772    0.00824573    0.00676551    0.00749505    0.00000000 
angle (deg.)     :    45.9743  75.1283  9.0749  27.5421  18.0801  31.3796  70.9926  21.2972 
>
iteration       : 83
climbing        : yes
zoom on         : no
nim             : 10
barrier         :   0.01115038 (image:  4) 
distance        :   0.00000000    3.80003824    7.17391420    7.62934237    8.00916709    8.42723086    8.85151499   10.05314108   13.30145239   17.03175666 
energy          : -1075.52195325  -1075.53033899  -1075.52177716  -1075.51255120  -1075.51080287  -1075.51277618  -1075.51895538  -1075.54703197  -1075.55612007  -1075.55944373 
max(|Fr_perp|)   :   0.00000000    0.00251583    0.00198279    0.00523577    0.00140110    0.00141722    0.01156689    0.00274162    0.00145789    0.00000000 
Fr_paral         :   0.00000000    0.00136024   -0.02517542   -0.01408068    0.00002070    0.00988222    0.02498812    0.01030201    0.00184720    0.00000000 
max(|Fsp_paral|) :   0.00000000    0.00016803    0.00032649    0.00065650    0.00198284    0.00277405    0.00302322    0.00385146    0.00163636    0.00000000 
max(|Fsp_perp|)  :   0.00000000    0.00000000    0.00000000    0.00000000    0.00000000    0.00000000    0.00000000    0.00000000    0.00000000    0.00000000 
max(|FNEB|)      :   0.00000000    0.00252443    0.00193798    0.00524113    0.00140102    0.00251798    0.01144663    0.00414928    0.00165381    0.00000000 
max(|Force|)     :   0.00156225    0.00252925    0.01458834    0.00837161    0.00140118    0.00485194    0.01506308    0.00434251    0.00147293    0.00147223 
ksp              :   0.01000000    0.01142133    0.08588837    0.10000000    0.10000000    0.08407249    0.03419725    0.01000000    0.01000000 
max(|step|)      :   0.00000000    0.00144417    0.00148094    0.00134129    0.00136816    0.00325067    0.00455995    0.00578555    0.00443697    0.00000000 
angle (deg.)     :    45.9891  75.0979  8.9169  27.8019  17.2114  30.7568  70.5004  21.4788 
>
iteration       : 84
climbing        : yes
zoom on         : no
nim             : 10
barrier         :   0.01114099 (image:  4) 
distance        :   0.00000000    3.80134474    7.17725067    7.63669002    8.01501602    8.42845326    8.86005621   10.04528651   13.30819046   17.02738654 
energy          : -1075.52195325  -1075.53035176  -1075.52185616  -1075.51255065  -1075.51081226  -1075.51273824  -1075.51908302  -1075.54692998  -1075.55614624  -1075.55944373 
max(|Fr_perp|)   :   0.00000000    0.00148357    0.00126414    0.00411868    0.00104618    0.00104746    0.00831494    0.00226946    0.00112964    0.00000000 
Fr_paral         :   0.00000000    0.00140299   -0.02513711   -0.01404601    0.00001956    0.00976789    0.02528212    0.01103522    0.00183711    0.00000000 
max(|Fsp_paral|) :   0.00000000    0.00050618    0.00173017    0.00096146    0.00181563    0.00221494    0.00160347    0.00300121    0.00154729    0.00000000 
max(|Fsp_perp|)  :   0.00000000    0.00000000    0.00000000    0.00000000    0.00000000    0.00000000    0.00000000    0.00000000    0.00000000    0.00000000 
max(|FNEB|)      :   0.00000000    0.00147194    0.00145676    0.00411420    0.00104610    0.00190788    0.00828625    0.00360690    0.00159078    0.00000000 
max(|Force|)     :   0.00156225    0.00149741    0.01450031    0.00832750    0.00104626    0.00477840    0.01510888    0.00517760    0.00114456    0.00147223 
ksp              :   0.01000000    0.01078436    0.08595684    0.10000000    0.10000000    0.08444139    0.03318650    0.01000000    0.01000000 
max(|step|)      :   0.00000000    0.00919753    0.00902603    0.00945458    0.00939781    0.01527347    0.02242620    0.03230470    0.02720911    0.00000000 
angle (deg.)     :    46.1558  74.6593  8.6548  29.3063  16.0735  29.7036  67.9788  22.5682 
>
iteration       : 85
climbing        : yes
zoom on         : no
nim             : 10
barrier         :   0.01108911 (image:  4) 
distance        :   0.00000000    3.79429363    7.20300888    7.66593258    8.03809925    8.43214875    8.88895482   10.00589532   13.35737622   17.00872260 
energy          : -1075.52195325  -1075.53036775  -1075.52183817  -1075.51254531  -1075.51086414  -1075.51258292  -1075.51921076  -1075.54625030  -1075.55629513  -1075.55944373 
max(|Fr_perp|)   :   0.00000000    0.00103082    0.00190383    0.00135388    0.00109154    0.00109858    0.00260924    0.00339270    0.00085813    0.00000000 
Fr_paral         :   0.00000000    0.00158776   -0.02524137   -0.01382609    0.00001122    0.00922238    0.02477812    0.01367845    0.00177432    0.00000000 
max(|Fsp_paral|) :   0.00000000    0.00021153    0.00150765    0.00160291    0.00111463    0.00004375    0.00176013    0.00111373    0.00101012    0.00000000 
max(|Fsp_perp|)  :   0.00000000    0.00000000    0.00000000    0.00000000    0.00000000    0.00000000    0.00000000    0.00000000    0.00000000    0.00000000 
max(|FNEB|)      :   0.00000000    0.00100345    0.00181713    0.00173826    0.00109152    0.00111112    0.00295171    0.00269494    0.00129249    0.00000000 
max(|Force|)     :   0.00156225    0.00109159    0.01457075    0.00817994    0.00109156    0.00458937    0.01510600    0.00818940    0.00088080    0.00147223 
ksp              :   0.01000000    0.01093399    0.08635549    0.10000000    0.10000000    0.08605029    0.03225828    0.01000000    0.01000000 
max(|step|)      :   0.00000000    0.00359493    0.00614580    0.00608455    0.00607746    0.00605037    0.00303770    0.01991697    0.01333454    0.00000000 
angle (deg.)     :    46.2943  74.5709  9.2021  29.6480  16.7464  29.4547  67.4727  23.1417 
>
iteration       : 86
climbing        : yes
zoom on         : no
nim             : 10
barrier         :   0.01106123 (image:  4) 
distance        :   0.00000000    3.79381865    7.21926466    7.67386205    8.05163015    8.43946668    8.90474554    9.99053202   13.38844073   17.00794254 
energy          : -1075.52195325  -1075.53037823  -1075.52175558  -1075.51263669  -1075.51089202  -1075.51254450  -1075.51923812  -1075.54590824  -1075.55636275  -1075.55944373 
max(|Fr_perp|)   :   0.00000000    0.00157246    0.00847544    0.00100227    0.00096800    0.00096693    0.00560642    0.00348373    0.00131974    0.00000000 
Fr_paral         :   0.00000000    0.00138188   -0.02514140   -0.01409022    0.00000821    0.00902370    0.02474363    0.01399310    0.00178223    0.00000000 
max(|Fsp_paral|) :   0.00000000    0.00057372    0.00042181    0.00071461    0.00050785    0.00067198    0.00291374    0.00037744    0.00074359    0.00000000 
max(|Fsp_perp|)  :   0.00000000    0.00000000    0.00000000    0.00000000    0.00000000    0.00000000    0.00000000    0.00000000    0.00000000    0.00000000 
max(|FNEB|)      :   0.00000000    0.00158499    0.00849373    0.00096909    0.00096799    0.00140641    0.00557349    0.00352993    0.00133717    0.00000000 
max(|Force|)     :   0.00156225    0.00158359    0.01472054    0.00832338    0.00096801    0.00449230    0.01528133    0.00789442    0.00133360    0.00147223 
ksp              :   0.01000000    0.01160839    0.08580446    0.10000000    0.10000000    0.08655459    0.03209171    0.01000000    0.01000000 
max(|step|)      :   0.00000000    0.00534300    0.00685655    0.00705337    0.00702590    0.00699158    0.00684531    0.02528137    0.01420958    0.00000000 
angle (deg.)     :    46.4350  74.6350  10.2072  29.7306  17.2652  28.5277  67.4714  23.8109 
>
iteration       : 87
climbing        : yes
zoom on         : no
nim             : 10
barrier         :   0.01102737 (image:  4) 
distance        :   0.00000000    3.79816768    7.23852079    7.68226345    8.07116730    8.45323608    8.92600462    9.97567712   13.42729180   17.01266589 
energy          : -1075.52195325  -1075.53040135  -1075.52181322  -1075.51279642  -1075.51092588  -1075.51251971  -1075.51932069  -1075.54552878  -1075.55643739  -1075.55944373 
max(|Fr_perp|)   :   0.00000000    0.00138749    0.00496278    0.00082554    0.00080461    0.00109715    0.00429228    0.00221110    0.00116456    0.00000000 
Fr_paral         :   0.00000000    0.00138923   -0.02524208   -0.01458471    0.00000491    0.00882477    0.02520663    0.01390282    0.00175367    0.00000000 
max(|Fsp_paral|) :   0.00000000    0.00011112    0.00041414    0.00074971    0.00034082    0.00131154    0.00440080    0.00062475    0.00044687    0.00000000 
max(|Fsp_perp|)  :   0.00000000    0.00000000    0.00000000    0.00000000    0.00000000    0.00000000    0.00000000    0.00000000    0.00000000    0.00000000 
max(|FNEB|)      :   0.00000000    0.00137600    0.00498575    0.00079203    0.00080461    0.00222742    0.00425875    0.00216637    0.00117521    0.00000000 
max(|Force|)     :   0.00156225    0.00133494    0.01489747    0.00863538    0.00080462    0.00459379    0.01551225    0.00670631    0.00117810    0.00147223 
ksp              :   0.01000000    0.01114284    0.08473355    0.10000000    0.10000000    0.08699200    0.03148568    0.01000000    0.01000000 
max(|step|)      :   0.00000000    0.01109694    0.01584659    0.01584516    0.01580773    0.01575263    0.02743889    0.04511072    0.02658246    0.00000000 
angle (deg.)     :    46.7093  75.1026  11.2287  29.3866  18.2975  26.9779  69.0590  25.0116 
>
iteration       : 88
climbing        : yes
zoom on         : no
nim             : 10
barrier         :   0.01095377 (image:  4) 
distance        :   0.00000000    3.80653023    7.27975338    7.72339247    8.12095506    8.50478050    8.95668271    9.97198734   13.52288531   17.04491899 
energy          : -1075.52195325  -1075.53043147  -1075.52204399  -1075.51296950  -1075.51099948  -1075.51260358  -1075.51893692  -1075.54487353  -1075.55657345  -1075.55944373 
max(|Fr_perp|)   :   0.00000000    0.00331630    0.01021552    0.00138587    0.00082789    0.00200986    0.00394616    0.00349229    0.00157228    0.00000000 
Fr_paral         :   0.00000000    0.00168871   -0.02479697   -0.01494634   -0.00000658    0.00881376    0.02495469    0.01351722    0.00166809    0.00000000 
max(|Fsp_paral|) :   0.00000000    0.00105379    0.00139779    0.00149379    0.00068135    0.00038221    0.00221619    0.00007728    0.00009595    0.00000000 
max(|Fsp_perp|)  :   0.00000000    0.00000000    0.00000000    0.00000000    0.00000000    0.00000000    0.00000000    0.00000000    0.00000000    0.00000000 
max(|FNEB|)      :   0.00000000    0.00328908    0.01032766    0.00146604    0.00082790    0.00192815    0.00388818    0.00349743    0.00157407    0.00000000 
max(|Force|)     :   0.00156225    0.00333268    0.01489393    0.00895259    0.00082788    0.00492575    0.01526700    0.00559048    0.00155866    0.00147223 
ksp              :   0.01000000    0.01000000    0.08381364    0.10000000    0.10000000    0.08682011    0.03478322    0.01000000    0.01000000 
max(|step|)      :   0.00000000    0.01315431    0.02247558    0.02265260    0.02274488    0.02262394    0.03141371    0.05888767    0.03843589    0.00000000 
angle (deg.)     :    47.1555  75.5248  11.5143  29.2405  20.6849  26.8298  71.3793  26.6376 
>
iteration       : 89
climbing        : yes
zoom on         : no
nim             : 10
barrier         :   0.01084987 (image:  4) 
distance        :   0.00000000    3.80878567    7.34069879    7.78718018    8.18755187    8.57529776    8.99893052    9.97644383   13.66395234   17.09823300 
energy          : -1075.52195325  -1075.53046555  -1075.52230364  -1075.51310656  -1075.51110338  -1075.51274372  -1075.51834307  -1075.54377986  -1075.55675700  -1075.55944373 
max(|Fr_perp|)   :   0.00000000    0.00495556    0.00848055    0.00159354    0.00063473    0.00149508    0.00482339    0.00415404    0.00227222    0.00000000 
Fr_paral         :   0.00000000    0.00122016   -0.02447732   -0.01508329   -0.00001107    0.00893603    0.02371792    0.01323911    0.00165267    0.00000000 
max(|Fsp_paral|) :   0.00000000    0.00088146    0.00109202    0.00163075    0.00062371    0.00098181    0.00141643    0.00092602    0.00083683    0.00000000 
max(|Fsp_perp|)  :   0.00000000    0.00000000    0.00000000    0.00000000    0.00000000    0.00000000    0.00000000    0.00000000    0.00000000    0.00000000 
max(|FNEB|)      :   0.00000000    0.00497765    0.00842600    0.00152104    0.00063475    0.00146023    0.00489638    0.00412917    0.00225254    0.00000000 
max(|Force|)     :   0.00156225    0.00494376    0.01452872    0.00894839    0.00063472    0.00488999    0.01393316    0.00644649    0.00228563    0.00147223 
ksp              :   0.01000000    0.01000000    0.08338355    0.10000000    0.10000000    0.08639333    0.03994655    0.01000000    0.01000000 
max(|step|)      :   0.00000000    0.00307705    0.00375679    0.00341506    0.00041415    0.00105520    0.00695590    0.00494868    0.00184623    0.00000000 
angle (deg.)     :    47.1356  75.4407  10.7707  29.3987  19.7190  25.9471  71.0490  26.5936 
>
iteration       : 90
climbing        : yes
zoom on         : no
nim             : 10
barrier         :   0.01084879 (image:  4) 
distance        :   0.00000000    3.80529059    7.34042020    7.79228725    8.18662924    8.57315314    8.99927049    9.97197318   13.65529321   17.09099416 
energy          : -1075.52195325  -1075.53049316  -1075.52234375  -1075.51304016  -1075.51110446  -1075.51273769  -1075.51847591  -1075.54383508  -1075.55676189  -1075.55944373 
max(|Fr_perp|)   :   0.00000000    0.00049332    0.00236779    0.00086370    0.00082820    0.00111693    0.00220524    0.00199169    0.00034992    0.00000000 
Fr_paral         :   0.00000000    0.00150630   -0.02468827   -0.01484374   -0.00001086    0.00892430    0.02400966    0.01409632    0.00163043    0.00000000 
max(|Fsp_paral|) :   0.00000000    0.00086115    0.00146536    0.00087376    0.00038751    0.00081924    0.00054354    0.00040496    0.00081890    0.00000000 
max(|Fsp_perp|)  :   0.00000000    0.00000000    0.00000000    0.00000000    0.00000000    0.00000000    0.00000000    0.00000000    0.00000000    0.00000000 
max(|FNEB|)      :   0.00000000    0.00105327    0.00229160    0.00082962    0.00082821    0.00084149    0.00242617    0.00195947    0.00076814    0.00000000 
max(|Force|)     :   0.00156225    0.00086720    0.01436328    0.00879338    0.00082818    0.00461636    0.01405394    0.00626295    0.00071690    0.00147223 
ksp              :   0.01000000    0.01000000    0.08394170    0.10000000    0.10000000    0.08645101    0.03884755    0.01000000    0.01000000 
max(|step|)      :   0.00000000    0.00360653    0.00367965    0.00361804    0.00359569    0.00359515    0.00421437    0.00428393    0.00331420    0.00000000 
angle (deg.)     :    47.1948  75.4600  10.0419  29.3895  19.2451  25.1901  71.3689  26.7055 
>
iteration       : 91
climbing        : yes
zoom on         : no
nim             : 10
barrier         :   0.01083191 (image:  4) 
distance        :   0.00000000    3.80118534    7.35020263    7.80749172    8.19572181    8.58179521    9.00808895    9.97151073   13.66328502   17.09316328 
energy          : -1075.52195325  -1075.53048980  -1075.52235771  -1075.51298703  -1075.51112134  -1075.51275193  -1075.51852916  -1075.54374330  -1075.55677524  -1075.55944373 
max(|Fr_perp|)   :   0.00000000    0.00150250    0.00115432    0.00081815    0.00081335    0.00088823    0.00171227    0.00188078    0.00106617    0.00000000 
Fr_paral         :   0.00000000    0.00158087   -0.02472304   -0.01458611   -0.00001168    0.00890861    0.02405171    0.01486253    0.00162924    0.00000000 
max(|Fsp_paral|) :   0.00000000    0.00080396    0.00177592    0.00010626    0.00010745    0.00079209    0.00010792    0.00005378    0.00086623    0.00000000 
max(|Fsp_perp|)  :   0.00000000    0.00000000    0.00000000    0.00000000    0.00000000    0.00000000    0.00000000    0.00000000    0.00000000    0.00000000 
max(|FNEB|)      :   0.00000000    0.00148272    0.00157994    0.00078391    0.00081337    0.00081476    0.00180178    0.00185014    0.00108742    0.00000000 
max(|Force|)     :   0.00156225    0.00151789    0.01416184    0.00862828    0.00081333    0.00440493    0.01382594    0.00634760    0.00105240    0.00147223 
ksp              :   0.01000000    0.01000000    0.08449840    0.10000000    0.10000000    0.08645180    0.03845008    0.01000000    0.01000000 
max(|step|)      :   0.00000000    0.01198631    0.01338890    0.01318532    0.01317644    0.01316340    0.01690495    0.01802314    0.01156776    0.00000000 
angle (deg.)     :    47.4366  75.6319  8.7812  29.1094  18.7901  23.7412  73.1490  27.1317 
>
iteration       : 92
climbing        : yes
zoom on         : no
nim             : 10
barrier         :   0.01077096 (image:  4) 
distance        :   0.00000000    3.78999152    7.38750101    7.85367559    8.22967662    8.61462014    9.04236817    9.97719556   13.70056353   17.11098546 
energy          : -1075.52195325  -1075.53048542  -1075.52232362  -1075.51290780  -1075.51118229  -1075.51280587  -1075.51862282  -1075.54335729  -1075.55682280  -1075.55944373 
max(|Fr_perp|)   :   0.00000000    0.00329535    0.00549774    0.00082430    0.00084472    0.00102077    0.00276148    0.00243775    0.00152869    0.00000000 
Fr_paral         :   0.00000000    0.00164897   -0.02470526   -0.01405310   -0.00001421    0.00884434    0.02398056    0.01636118    0.00162751    0.00000000 
max(|Fsp_paral|) :   0.00000000    0.00061241    0.00220352    0.00133449    0.00045148    0.00068595    0.00091005    0.00082028    0.00103455    0.00000000 
max(|Fsp_perp|)  :   0.00000000    0.00000000    0.00000000    0.00000000    0.00000000    0.00000000    0.00000000    0.00000000    0.00000000    0.00000000 
max(|FNEB|)      :   0.00000000    0.00328102    0.00562803    0.00144095    0.00084475    0.00109701    0.00270491    0.00247325    0.00155513    0.00000000 
max(|Force|)     :   0.00156225    0.00331155    0.01437484    0.00828707    0.00084470    0.00432122    0.01436923    0.00768778    0.00153501    0.00147223 
ksp              :   0.01000000    0.01000000    0.08558195    0.10000000    0.10000000    0.08643368    0.03782842    0.01000000    0.01000000 
max(|step|)      :   0.00000000    0.01462633    0.01659514    0.01620207    0.01620766    0.01622648    0.02300395    0.01316174    0.00827888    0.00000000 
angle (deg.)     :    47.7532  75.8598  8.2707  28.4592  18.7993  23.1873  75.8682  27.3658 
>
iteration       : 93
climbing        : yes
zoom on         : no
nim             : 10
barrier         :   0.01069813 (image:  4) 
distance        :   0.00000000    3.77587158    7.43447026    7.89973328    8.26845518    8.65199396    9.08630828    9.99863408   13.73122306   17.13734077 
energy          : -1075.52195325  -1075.53048175  -1075.52217856  -1075.51289467  -1075.51125512  -1075.51286757  -1075.51880042  -1075.54309916  -1075.55684690  -1075.55944373 
max(|Fr_perp|)   :   0.00000000    0.00414467    0.00433577    0.00102077    0.00081826    0.00158797    0.00416850    0.00366628    0.00209670    0.00000000 
Fr_paral         :   0.00000000    0.00164918   -0.02492648   -0.01371294   -0.00001548    0.00871990    0.02390386    0.01722051    0.00166838    0.00000000 
max(|Fsp_paral|) :   0.00000000    0.00037082    0.00198384    0.00187842    0.00075900    0.00036226    0.00241020    0.00179424    0.00108009    0.00000000 
max(|Fsp_perp|)  :   0.00000000    0.00000000    0.00000000    0.00000000    0.00000000    0.00000000    0.00000000    0.00000000    0.00000000    0.00000000 
max(|FNEB|)      :   0.00000000    0.00413743    0.00445119    0.00201877    0.00081828    0.00161638    0.00418556    0.00383481    0.00212575    0.00000000 
max(|Force|)     :   0.00156225    0.00416104    0.01463934    0.00811005    0.00081823    0.00446414    0.01484133    0.00857897    0.00208132    0.00147223 
ksp              :   0.01000000    0.01000000    0.08620701    0.10000000    0.10000000    0.08643497    0.03652379    0.01000000    0.01000000 
max(|step|)      :   0.00000000    0.03059296    0.03413473    0.03347482    0.03359276    0.03358145    0.04771289    0.02489086    0.01237568    0.00000000 
angle (deg.)     :    48.4466  76.4007  8.2299  27.1712  20.6871  27.8435  81.8396  27.6431 
>
iteration       : 94
climbing        : yes
zoom on         : no
nim             : 10
barrier         :   0.01054769 (image:  4) 
distance        :   0.00000000    3.74891327    7.53578044    7.99083085    8.35182800    8.73531687    9.18046088   10.08208548   13.80533044   17.21959814 
energy          : -1075.52195325  -1075.53050969  -1075.52169988  -1075.51295141  -1075.51140557  -1075.51300263  -1075.51907554  -1075.54254329  -1075.55683141  -1075.55944373 
max(|Fr_perp|)   :   0.00000000    0.00201691    0.01449732    0.00203765    0.00191522    0.00301542    0.00328540    0.01636625    0.00587075    0.00000000 
Fr_paral         :   0.00000000    0.00144624   -0.02459964   -0.01332357   -0.00000999    0.00846505    0.02342480    0.01662248    0.00167394    0.00000000 
max(|Fsp_paral|) :   0.00000000    0.00265695    0.00369251    0.00196692    0.00117844    0.00004399    0.00412581    0.00279094    0.00102292    0.00000000 
max(|Fsp_perp|)  :   0.00000000    0.00000000    0.00000000    0.00000000    0.00000000    0.00000000    0.00000000    0.00000000    0.00000000    0.00000000 
max(|FNEB|)      :   0.00000000    0.00305287    0.01430369    0.00216444    0.00191526    0.00307030    0.00530729    0.01626944    0.00582589    0.00000000 
max(|Force|)     :   0.00156225    0.00203661    0.01544768    0.00790910    0.00191518    0.00422575    0.01467442    0.01603202    0.00589662    0.00147223 
ksp              :   0.01000000    0.01216190    0.08680978    0.10000000    0.10000000    0.08637273    0.03455459    0.01000000    0.01000000 
max(|step|)      :   0.00000000    0.01163637    0.01157799    0.01151199    0.01153953    0.01148537    0.01447364    0.02060047    0.01236899    0.00000000 
angle (deg.)     :    48.1830  76.2777  8.2832  27.1793  19.7841  25.1876  79.8052  27.1240 
>
iteration       : 95
climbing        : yes
zoom on         : no
nim             : 10
barrier         :   0.01059889 (image:  4) 
distance        :   0.00000000    3.76006257    7.49959615    7.95145421    8.32142360    8.70696162    9.14525836   10.07027048   13.75304663   17.19105580 
energy          : -1075.52195325  -1075.53051722  -1075.52196991  -1075.51300629  -1075.51135436  -1075.51298952  -1075.51905448  -1075.54334683  -1075.55681126  -1075.55944373 
max(|Fr_perp|)   :   0.00000000    0.00053990    0.00248244    0.00077530    0.00070158    0.00075534    0.00158256    0.00162547    0.00024288    0.00000000 
Fr_paral         :   0.00000000    0.00147079   -0.02524564   -0.01376467   -0.00000784    0.00865446    0.02386011    0.01632458    0.00172590    0.00000000 
max(|Fsp_paral|) :   0.00000000    0.00006431    0.00081564    0.00107012    0.00081015    0.00035388    0.00321697    0.00217029    0.00081236    0.00000000 
max(|Fsp_perp|)  :   0.00000000    0.00000000    0.00000000    0.00000000    0.00000000    0.00000000    0.00000000    0.00000000    0.00000000    0.00000000 
max(|FNEB|)      :   0.00000000    0.00054188    0.00255185    0.00126182    0.00070159    0.00070071    0.00380429    0.00257615    0.00072927    0.00000000 
max(|Force|)     :   0.00156225    0.00085777    0.01501349    0.00816405    0.00070156    0.00441835    0.01440555    0.00775444    0.00067806    0.00147223 
ksp              :   0.01000000    0.01000000    0.08597276    0.10000000    0.10000000    0.08611515    0.03461477    0.01000000    0.01000000 
max(|step|)      :   0.00000000    0.00365030    0.00542305    0.00536960    0.00538564    0.00541060    0.01002894    0.00546136    0.00331538    0.00000000 
angle (deg.)     :    48.2863  76.3261  8.6406  26.9060  19.2956  24.1226  80.0954  27.0100 
>
iteration       : 96
climbing        : yes
zoom on         : no
nim             : 10
barrier         :   0.01057615 (image:  4) 
distance        :   0.00000000    3.75848508    7.51434265    7.95921151    8.33373297    8.72119066    9.14945779   10.09220384   13.75569860   17.20301326 
energy          : -1075.52195325  -1075.53052321  -1075.52193376  -1075.51308151  -1075.51137710  -1075.51303121  -1075.51895916  -1075.54357462  -1075.55679741  -1075.55944373 
max(|Fr_perp|)   :   0.00000000    0.00043801    0.00231402    0.00059932    0.00060249    0.00086175    0.00117421    0.00333941    0.00123221    0.00000000 
Fr_paral         :   0.00000000    0.00145361   -0.02536140   -0.01396902   -0.00000649    0.00869757    0.02360120    0.01538625    0.00174283    0.00000000 
max(|Fsp_paral|) :   0.00000000    0.00018661    0.00008229    0.00033657    0.00067293    0.00085365    0.00184709    0.00144250    0.00071871    0.00000000 
max(|Fsp_perp|)  :   0.00000000    0.00000000    0.00000000    0.00000000    0.00000000    0.00000000    0.00000000    0.00000000    0.00000000    0.00000000 
max(|FNEB|)      :   0.00000000    0.00055892    0.00227408    0.00064069    0.00060247    0.00099164    0.00162805    0.00333384    0.00125969    0.00000000 
max(|Force|)     :   0.00156225    0.00082819    0.01487886    0.00830728    0.00060250    0.00462440    0.01387477    0.00675828    0.00120790    0.00147223 
ksp              :   0.01000000    0.01016587    0.08549597    0.10000000    0.10000000    0.08592401    0.03547889    0.01000000    0.01000000 
max(|step|)      :   0.00000000    0.01256245    0.01989863    0.01984204    0.01987709    0.01988039    0.02187720    0.01724422    0.00746259    0.00000000 
angle (deg.)     :    48.6731  76.6249  9.8925  26.4514  18.4998  22.4217  81.2776  27.1155 
>
iteration       : 97
climbing        : yes
zoom on         : no
nim             : 10
barrier         :   0.01048912 (image:  4) 
distance        :   0.00000000    3.75832658    7.56949478    8.00643875    8.38988452    8.77797462    9.18515750   10.15887931   13.80381247   17.25451881 
energy          : -1075.52195325  -1075.53054879  -1075.52201724  -1075.51327094  -1075.51146413  -1075.51312387  -1075.51866459  -1075.54382344  -1075.55680652  -1075.55944373 
max(|Fr_perp|)   :   0.00000000    0.00211036    0.00581249    0.00078080    0.00071507    0.00104220    0.00190951    0.00353275    0.00131933    0.00000000 
Fr_paral         :   0.00000000    0.00136537   -0.02525461   -0.01433832   -0.00000603    0.00869883    0.02265762    0.01349940    0.00177679    0.00000000 
max(|Fsp_paral|) :   0.00000000    0.00016542    0.00067201    0.00082228    0.00024089    0.00170827    0.00123581    0.00035175    0.00064758    0.00000000 
max(|Fsp_perp|)  :   0.00000000    0.00000000    0.00000000    0.00000000    0.00000000    0.00000000    0.00000000    0.00000000    0.00000000    0.00000000 
max(|FNEB|)      :   0.00000000    0.00210143    0.00578047    0.00074508    0.00071508    0.00170044    0.00306779    0.00349652    0.00134509    0.00000000 
max(|Force|)     :   0.00156225    0.00209693    0.01515162    0.00856707    0.00071506    0.00478003    0.01387036    0.00648480    0.00129333    0.00147223 
ksp              :   0.01000000    0.01000000    0.08449699    0.10000000    0.10000000    0.08575891    0.03821781    0.01000000    0.01000000 
max(|step|)      :   0.00000000    0.03381702    0.04908514    0.04877523    0.04878923    0.04880498    0.05145785    0.04034764    0.02233396    0.00000000 
angle (deg.)     :    49.6847  77.3062  11.4043  25.8988  17.9563  23.7089  84.6482  27.6884 
>
iteration       : 98
climbing        : yes
zoom on         : no
nim             : 10
barrier         :   0.01027727 (image:  4) 
distance        :   0.00000000    3.75050293    7.70925830    8.14210359    8.53052375    8.91189007    9.30805507   10.30660385   13.93325257   17.38056542 
energy          : -1075.52195325  -1075.53060472  -1075.52219779  -1075.51353521  -1075.51167598  -1075.51326518  -1075.51844925  -1075.54379123  -1075.55684136  -1075.55944373 
max(|Fr_perp|)   :   0.00000000    0.00239769    0.00673586    0.00120583    0.00090220    0.00189190    0.00385368    0.00757851    0.00316486    0.00000000 
Fr_paral         :   0.00000000    0.00152945   -0.02505510   -0.01448596   -0.00000499    0.00842479    0.02111078    0.01218766    0.00174479    0.00000000 
max(|Fsp_paral|) :   0.00000000    0.00065324    0.00192766    0.00150225    0.00036646    0.00179554    0.00341903    0.00206162    0.00060078    0.00000000 
max(|Fsp_perp|)  :   0.00000000    0.00000000    0.00000000    0.00000000    0.00000000    0.00000000    0.00000000    0.00000000    0.00000000    0.00000000 
max(|FNEB|)      :   0.00000000    0.00237390    0.00672134    0.00120682    0.00090222    0.00181685    0.00701860    0.00748842    0.00319026    0.00000000 
max(|Force|)     :   0.00156225    0.00238263    0.01512491    0.00866503    0.00090218    0.00470362    0.01422921    0.00774267    0.00313755    0.00147223 
ksp              :   0.01000000    0.01000000    0.08371837    0.10000000    0.10000000    0.08608309    0.04068518    0.01000000    0.01000000 
max(|step|)      :   0.00000000    0.06657068    0.09527267    0.09499763    0.09513058    0.09506344    0.10000000    0.07984995    0.04593778    0.00000000 
angle (deg.)     :    51.8189  78.5266  13.6286  25.2019  18.7388  30.5499  90.7076  29.0607 
>
iteration       : 99
climbing        : yes
zoom on         : no
nim             : 10
barrier         :   0.00988411 (image:  4) 
distance        :   0.00000000    3.74429725    7.99077990    8.42481934    8.81799939    9.18510202    9.57993203   10.61062632   14.21746058   17.65266603 
energy          : -1075.52195325  -1075.53065706  -1075.52260955  -1075.51396837  -1075.51206914  -1075.51352001  -1075.51822268  -1075.54348030  -1075.55691482  -1075.55944373 
max(|Fr_perp|)   :   0.00000000    0.00516394    0.00993445    0.00218891    0.00185326    0.00199765    0.00661654    0.00849522    0.00188811    0.00000000 
Fr_paral         :   0.00000000    0.00108603   -0.02428335   -0.01455909   -0.00000622    0.00787612    0.01830850    0.01117796    0.00196164    0.00000000 
max(|Fsp_paral|) :   0.00000000    0.00158709    0.00385179    0.00195260    0.00135927    0.00109893    0.00544445    0.00455843    0.00057826    0.00000000 
max(|Fsp_perp|)  :   0.00000000    0.00000000    0.00000000    0.00000000    0.00000000    0.00000000    0.00000000    0.00000000    0.00000000    0.00000000 
max(|FNEB|)      :   0.00000000    0.00533728    0.01036810    0.00224952    0.00191543    0.00212097    0.01142728    0.00869568    0.00254689    0.00000000 
max(|Force|)     :   0.00156225    0.00537799    0.01508547    0.00877200    0.00191538    0.00464959    0.01451896    0.00905944    0.00212191    0.00147223 
ksp              :   0.01000000    0.01000000    0.08270071    0.10000000    0.10000000    0.08678991    0.04407037    0.01000000    0.01000000 
max(|step|)      :   0.00000000    0.00585355    0.01137100    0.00246711    0.00210071    0.00232613    0.01253263    0.00953681    0.00279325    0.00000000 
angle (deg.)     :    51.7966  78.5204  12.5623  25.4503  18.1409  29.3679  90.3136  29.0683 
>
iteration       : 100
climbing        : yes
zoom on         : no
nim             : 10
barrier         :   0.00987957 (image:  4) 
distance        :   0.00000000    3.74927047    7.98956443    8.43485707    8.82462113    9.19040573    9.59913767   10.60566473   14.20417381   17.64132100 
energy          : -1075.52195325  -1075.53069098  -1075.52286326  -1075.51393844  -1075.51207368  -1075.51352044  -1075.51856691  -1075.54349077  -1075.55691677  -1075.55944373 
max(|Fr_perp|)   :   0.00000000    0.00363718    0.00856328    0.00131903    0.00110543    0.00120028    0.00588070    0.00699933    0.00133310    0.00000000 
Fr_paral         :   0.00000000    0.00161805   -0.02425099   -0.01446124   -0.00000570    0.00790228    0.01938967    0.01250992    0.00179264    0.00000000 
max(|Fsp_paral|) :   0.00000000    0.00156818    0.00317531    0.00115920    0.00125134    0.00049542    0.00278123    0.00249652    0.00054435    0.00000000 
max(|Fsp_perp|)  :   0.00000000    0.00000000    0.00000000    0.00000000    0.00000000    0.00000000    0.00000000    0.00000000    0.00000000    0.00000000 
max(|FNEB|)      :   0.00000000    0.00368727    0.00845200    0.00133180    0.00110544    0.00120942    0.00835480    0.00700006    0.00143819    0.00000000 
max(|Force|)     :   0.00156225    0.00365288    0.01463075    0.00865102    0.00110542    0.00444574    0.01453486    0.00691778    0.00193784    0.00147223 
ksp              :   0.01000000    0.01000000    0.08301264    0.10000000    0.10000000    0.08682049    0.04084859    0.01000000    0.01000000 
max(|step|)      :   0.00000000    0.00184516    0.00463825    0.00154702    0.00069902    0.00083953    0.00947915    0.00394759    0.00063312    0.00000000 
angle (deg.)     :    51.7800  78.5222  11.7676  25.6368  17.7601  28.4302  89.9002  29.0632 
>
iteration       : 101
climbing        : yes
zoom on         : no
nim             : 10
barrier         :   0.00987641 (image:  4) 
distance        :   0.00000000    3.75400527    7.98939712    8.44339832    8.83094588    9.19632205    9.61357714   10.60425384   14.19520879   17.63392041 
energy          : -1075.52195325  -1075.53070701  -1075.52308572  -1075.51391813  -1075.51207684  -1075.51352428  -1075.51880435  -1075.54351577  -1075.55691626  -1075.55944373 
max(|Fr_perp|)   :   0.00000000    0.00272888    0.00492501    0.00116989    0.00099314    0.00106791    0.00509116    0.00408905    0.00113483    0.00000000 
Fr_paral         :   0.00000000    0.00158876   -0.02423444   -0.01439948   -0.00000553    0.00792948    0.02015568    0.01343543    0.00180590    0.00000000 
max(|Fsp_paral|) :   0.00000000    0.00155100    0.00265165    0.00056076    0.00115634    0.00014267    0.00105071    0.00117572    0.00051382    0.00000000 
max(|Fsp_perp|)  :   0.00000000    0.00000000    0.00000000    0.00000000    0.00000000    0.00000000    0.00000000    0.00000000    0.00000000    0.00000000 
max(|FNEB|)      :   0.00000000    0.00277783    0.00486108    0.00113202    0.00099315    0.00107670    0.00601295    0.00407044    0.00125255    0.00000000 
max(|Force|)     :   0.00156225    0.00274423    0.01425497    0.00857621    0.00099313    0.00436551    0.01433430    0.00684313    0.00174432    0.00147223 
ksp              :   0.01000000    0.01000000    0.08322103    0.10000000    0.10000000    0.08680996    0.03869477    0.01000000    0.01000000 
max(|step|)      :   0.00000000    0.01075882    0.02122533    0.00608350    0.00368833    0.00477884    0.03976320    0.01181932    0.00398114    0.00000000 
angle (deg.)     :    51.7077  78.5499  9.1516  26.5195  17.0056  24.9496  87.2070  28.9981 
>
iteration       : 102
climbing        : yes
zoom on         : no
nim             : 10
barrier         :   0.00986017 (image:  4) 
distance        :   0.00000000    3.78135170    7.99045146    8.48323061    8.86479831    9.23277063    9.67367522   10.61604803   14.16442150   17.61175386 
energy          : -1075.52195325  -1075.53075303  -1075.52397161  -1075.51386108  -1075.51209308  -1075.51357412  -1075.51953204  -1075.54359731  -1075.55690781  -1075.55944373 
max(|Fr_perp|)   :   0.00000000    0.00277009    0.00177263    0.00149081    0.00130970    0.00136563    0.00249440    0.00167170    0.00118919    0.00000000 
Fr_paral         :   0.00000000    0.00117515   -0.02306341   -0.01424129   -0.00000560    0.00813749    0.02259877    0.01561249    0.00193767    0.00000000 
max(|Fsp_paral|) :   0.00000000    0.00142886    0.00042962    0.00183314    0.00070664    0.00059047    0.00405469    0.00248878    0.00034224    0.00000000 
max(|Fsp_perp|)  :   0.00000000    0.00000000    0.00000000    0.00000000    0.00000000    0.00000000    0.00000000    0.00000000    0.00000000    0.00000000 
max(|FNEB|)      :   0.00000000    0.00273789    0.00170483    0.00196970    0.00130973    0.00142130    0.00454564    0.00329407    0.00152882    0.00000000 
max(|Force|)     :   0.00156225    0.00272385    0.01290382    0.00838437    0.00130968    0.00422923    0.01378031    0.00781362    0.00163595    0.00147223 
ksp              :   0.01000000    0.01000000    0.08386237    0.10000000    0.10000000    0.08648161    0.03209990    0.01000000    0.01000000 
max(|step|)      :   0.00000000    0.00845222    0.01122246    0.00387633    0.00380171    0.00508393    0.01528667    0.01250183    0.00406013    0.00000000 
angle (deg.)     :    51.6670  78.4933  8.7420  27.0760  17.3322  23.7003  84.8970  28.9186 
>
iteration       : 103
climbing        : yes
zoom on         : no
nim             : 10
barrier         :   0.00984660 (image:  4) 
distance        :   0.00000000    3.80404389    7.99215929    8.50203573    8.88759168    9.26130267    9.69929063   10.64089744   14.15435630   17.60854502 
energy          : -1075.52195325  -1075.53078372  -1075.52439240  -1075.51390610  -1075.51210665  -1075.51364090  -1075.51959298  -1075.54379072  -1075.55689904  -1075.55944373 
max(|Fr_perp|)   :   0.00000000    0.00362892    0.01197649    0.00156644    0.00137426    0.00147730    0.00348410    0.00861170    0.00181035    0.00000000 
Fr_paral         :   0.00000000    0.00170557   -0.02181055   -0.01446094   -0.00000493    0.00836631    0.02309720    0.01551102    0.00178891    0.00000000 
max(|Fsp_paral|) :   0.00000000    0.00130569    0.00040109    0.00234367    0.00061228    0.00012430    0.00428098    0.00252536    0.00020116    0.00000000 
max(|Fsp_perp|)  :   0.00000000    0.00000000    0.00000000    0.00000000    0.00000000    0.00000000    0.00000000    0.00000000    0.00000000    0.00000000 
max(|FNEB|)      :   0.00000000    0.00359889    0.01194239    0.00246629    0.00137427    0.00148585    0.00432331    0.00869281    0.00161157    0.00000000 
max(|Force|)     :   0.00156225    0.00361471    0.01230524    0.00850815    0.00137426    0.00406389    0.01428183    0.00877680    0.00241750    0.00147223 
ksp              :   0.01000000    0.01000000    0.08355265    0.10000000    0.10000000    0.08597663    0.03157338    0.01000000    0.01000000 
max(|step|)      :   0.00000000    0.00432846    0.00349301    0.00277680    0.00154067    0.00222463    0.00793776    0.00683445    0.00128910    0.00000000 
angle (deg.)     :    51.6540  78.4264  8.7153  27.2758  17.6070  23.3025  83.8467  28.8665 
>
iteration       : 104
climbing        : yes
zoom on         : no
nim             : 10
barrier         :   0.00983777 (image:  4) 
distance        :   0.00000000    3.81510994    7.99407478    8.50735380    8.89739229    9.27411084    9.70581186   10.65590886   14.15287855   17.60994565 
energy          : -1075.52195325  -1075.53082082  -1075.52463919  -1075.51396227  -1075.51211548  -1075.51367894  -1075.51954643  -1075.54399056  -1075.55690001  -1075.55944373 
max(|Fr_perp|)   :   0.00000000    0.00158371    0.00664022    0.00087691    0.00079130    0.00085452    0.00196768    0.00531379    0.00082919    0.00000000 
Fr_paral         :   0.00000000    0.00152855   -0.02172987   -0.01468916   -0.00000465    0.00847942    0.02322316    0.01510150    0.00183589    0.00000000 
max(|Fsp_paral|) :   0.00000000    0.00124955    0.00048031    0.00211634    0.00068636    0.00029534    0.00360694    0.00210836    0.00013569    0.00000000 
max(|Fsp_perp|)  :   0.00000000    0.00000000    0.00000000    0.00000000    0.00000000    0.00000000    0.00000000    0.00000000    0.00000000    0.00000000 
max(|FNEB|)      :   0.00000000    0.00160686    0.00659997    0.00225214    0.00079129    0.00082787    0.00412624    0.00540798    0.00069583    0.00000000 
max(|Force|)     :   0.00156225    0.00157050    0.01221808    0.00865703    0.00079132    0.00410376    0.01416724    0.00696205    0.00145347    0.00147223 
ksp              :   0.01000000    0.01000000    0.08310486    0.10000000    0.10000000    0.08569687    0.03201863    0.01000000    0.01000000 
max(|step|)      :   0.00000000    0.01687603    0.01184317    0.01253838    0.00639288    0.00751414    0.02940715    0.02804980    0.00388521    0.00000000 
angle (deg.)     :    51.6196  78.1034  9.3426  28.0369  19.6080  24.1682  80.1047  28.6701 
>
iteration       : 105
climbing        : yes
zoom on         : no
nim             : 10
barrier         :   0.00980799 (image:  4) 
distance        :   0.00000000    3.85896305    8.00256044    8.52269579    8.93355910    9.32066915    9.72697552   10.72282126   14.15566951   17.62353977 
energy          : -1075.52195325  -1075.53089346  -1075.52529743  -1075.51422248  -1075.51214527  -1075.51380606  -1075.51917416  -1075.54467054  -1075.55689145  -1075.55944373 
max(|Fr_perp|)   :   0.00000000    0.00153738    0.00291796    0.00103526    0.00093507    0.00093585    0.00260396    0.00254852    0.00060597    0.00000000 
Fr_paral         :   0.00000000    0.00122719   -0.02071328   -0.01571272   -0.00000403    0.00885228    0.02289117    0.01297186    0.00189401    0.00000000 
max(|Fsp_paral|) :   0.00000000    0.00100482    0.00035969    0.00058765    0.00120677    0.00189862    0.00052368    0.00045932    0.00011993    0.00000000 
max(|Fsp_perp|)  :   0.00000000    0.00000000    0.00000000    0.00000000    0.00000000    0.00000000    0.00000000    0.00000000    0.00000000    0.00000000 
max(|FNEB|)      :   0.00000000    0.00152675    0.00296357    0.00101544    0.00093508    0.00159823    0.00280936    0.00258514    0.00060661    0.00000000 
max(|Force|)     :   0.00156225    0.00151305    0.01185316    0.00935511    0.00093505    0.00430031    0.01342303    0.00605080    0.00111458    0.00147223 
ksp              :   0.01000000    0.01000000    0.08093911    0.10000000    0.10000000    0.08476019    0.03550147    0.01000000    0.01000000 
max(|step|)      :   0.00000000    0.00960250    0.00626105    0.00627935    0.00435871    0.00435795    0.00826495    0.01496825    0.00197977    0.00000000 
angle (deg.)     :    51.6059  77.8899  9.8536  28.5662  20.5640  25.4146  78.1786  28.6057 
>
iteration       : 106
climbing        : yes
zoom on         : no
nim             : 10
barrier         :   0.00978906 (image:  4) 
distance        :   0.00000000    3.88451642    8.00838064    8.53326687    8.95425695    9.34090322    9.74998072   10.75663662   14.15504746   17.62788251 
energy          : -1075.52195325  -1075.53093637  -1075.52563571  -1075.51436168  -1075.51216419  -1075.51381871  -1075.51916738  -1075.54493614  -1075.55688923  -1075.55944373 
max(|Fr_perp|)   :   0.00000000    0.00140575    0.00314913    0.00081888    0.00076271    0.00076343    0.00324741    0.00257764    0.00034203    0.00000000 
Fr_paral         :   0.00000000    0.00127406   -0.02009477   -0.01620693   -0.00000371    0.00886956    0.02298653    0.01287274    0.00187052    0.00000000 
max(|Fsp_paral|) :   0.00000000    0.00085698    0.00034482    0.00012481    0.00172892    0.00177781    0.00067203    0.00081539    0.00025571    0.00000000 
max(|Fsp_perp|)  :   0.00000000    0.00000000    0.00000000    0.00000000    0.00000000    0.00000000    0.00000000    0.00000000    0.00000000    0.00000000 
max(|FNEB|)      :   0.00000000    0.00138201    0.00319396    0.00077908    0.00076272    0.00150066    0.00350773    0.00261219    0.00050554    0.00000000 
max(|Force|)     :   0.00156225    0.00139473    0.01143098    0.00968659    0.00076270    0.00429501    0.01332834    0.00592841    0.00088333    0.00147223 
ksp              :   0.01000000    0.01000000    0.07979648    0.10000000    0.10000000    0.08478849    0.03561314    0.01000000    0.01000000 
max(|step|)      :   0.00000000    0.03717091    0.02595001    0.01851655    0.01853048    0.01845687    0.01379000    0.05340035    0.00699077    0.00000000 
angle (deg.)     :    51.6152  76.9807  12.6790  30.1024  22.1086  28.6661  72.1865  28.5596 
>
iteration       : 107
climbing        : yes
zoom on         : no
nim             : 10
barrier         :   0.00972646 (image:  4) 
distance        :   0.00000000    3.98428094    8.04074236    8.59107170    9.03607769    9.41463444    9.84340993   10.87909456   14.16238075   17.64438920 
energy          : -1075.52195325  -1075.53064714  -1075.52651204  -1075.51471629  -1075.51222679  -1075.51378147  -1075.51918498  -1075.54561496  -1075.55684938  -1075.55944373 
max(|Fr_perp|)   :   0.00000000    0.01769790    0.01349673    0.00534445    0.00513405    0.00536873    0.01027802    0.00665328    0.00541014    0.00000000 
Fr_paral         :   0.00000000   -0.00009133   -0.01760888   -0.01730201   -0.00000333    0.00860356    0.02279604    0.01274977    0.00202694    0.00000000 
max(|Fsp_paral|) :   0.00000000    0.00027049    0.00094396    0.00125313    0.00326868    0.00051372    0.00010109    0.00164016    0.00069451    0.00000000 
max(|Fsp_perp|)  :   0.00000000    0.00000000    0.00000000    0.00000000    0.00000000    0.00000000    0.00000000    0.00000000    0.00000000    0.00000000 
max(|FNEB|)      :   0.00000000    0.01770578    0.01356624    0.00532435    0.00513407    0.00542455    0.01019424    0.00662844    0.00471440    0.00000000 
max(|Force|)     :   0.00156225    0.01769730    0.01333084    0.01039609    0.00513404    0.00542047    0.01376593    0.00699980    0.00470175    0.00147223 
ksp              :   0.01000000    0.01000000    0.07696433    0.10000000    0.10000000    0.08561439    0.03561511    0.01000000    0.01000000 
max(|step|)      :   0.00000000    0.00956982    0.00741329    0.00283626    0.00269997    0.00287780    0.00551997    0.00356519    0.00339207    0.00000000 
angle (deg.)     :    51.6016  76.9667  12.6991  30.2027  21.7580  28.4599  72.1506  28.5791 
>
iteration       : 108
climbing        : yes
zoom on         : no
nim             : 10
barrier         :   0.00970742 (image:  4) 
distance        :   0.00000000    3.98268975    8.03900785    8.58680655    9.03320992    9.40863948    9.84520916   10.87248731   14.15703270   17.63927038 
energy          : -1075.52195325  -1075.53108585  -1075.52667794  -1075.51476505  -1075.51224583  -1075.51378477  -1075.51943238  -1075.54565109  -1075.55689560  -1075.55944373 
max(|Fr_perp|)   :   0.00000000    0.00310122    0.00124185    0.00098662    0.00097765    0.00114059    0.00288313    0.00115973    0.00050637    0.00000000 
Fr_paral         :   0.00000000    0.00113091   -0.01814871   -0.01740289   -0.00000253    0.00858108    0.02361752    0.01356688    0.00183140    0.00000000 
max(|Fsp_paral|) :   0.00000000    0.00027510    0.00075042    0.00155071    0.00348228    0.00005147    0.00179673    0.00057774    0.00068813    0.00000000 
max(|Fsp_perp|)  :   0.00000000    0.00000000    0.00000000    0.00000000    0.00000000    0.00000000    0.00000000    0.00000000    0.00000000    0.00000000 
max(|FNEB|)      :   0.00000000    0.00311023    0.00129399    0.00128103    0.00097766    0.00105465    0.00208908    0.00115081    0.00109027    0.00000000 
max(|Force|)     :   0.00156225    0.00310979    0.00964164    0.01044711    0.00097764    0.00452400    0.01385008    0.00583268    0.00103945    0.00147223 
ksp              :   0.01000000    0.01000000    0.07664362    0.10000000    0.10000000    0.08573210    0.03337167    0.01000000    0.01000000 
max(|step|)      :   0.00000000    0.00286441    0.00380555    0.00314020    0.00045348    0.00192710    0.00866962    0.00491898    0.00172085    0.00000000 
angle (deg.)     :    51.6035  76.9155  12.6869  29.9179  20.5796  26.0932  72.8886  28.6362 
>
iteration       : 109
climbing        : yes
zoom on         : no
nim             : 10
barrier         :   0.00970882 (image:  4) 
distance        :   0.00000000    3.97594128    8.03944773    8.58438916    9.02579083    9.39898155    9.83509132   10.85241066   14.15017208   17.62827814 
energy          : -1075.52195325  -1075.53108899  -1075.52653255  -1075.51469833  -1075.51224443  -1075.51376703  -1075.51949397  -1075.54555613  -1075.55690443  -1075.55944373 
max(|Fr_perp|)   :   0.00000000    0.00049529    0.00071527    0.00064533    0.00061058    0.00102599    0.00209229    0.00094245    0.00016940    0.00000000 
Fr_paral         :   0.00000000    0.00130013   -0.01870613   -0.01715576   -0.00000275    0.00851293    0.02372121    0.01393788    0.00180294    0.00000000 
max(|Fsp_paral|) :   0.00000000    0.00032499    0.00077637    0.00119298    0.00336726    0.00006080    0.00231655    0.00015842    0.00062668    0.00000000 
max(|Fsp_perp|)  :   0.00000000    0.00000000    0.00000000    0.00000000    0.00000000    0.00000000    0.00000000    0.00000000    0.00000000    0.00000000 
max(|FNEB|)      :   0.00000000    0.00066916    0.00093605    0.00095871    0.00061058    0.00104091    0.00245285    0.00091954    0.00076457    0.00000000 
max(|Force|)     :   0.00156225    0.00076352    0.01007132    0.01026960    0.00061057    0.00442166    0.01391348    0.00606952    0.00076318    0.00147223 
ksp              :   0.01000000    0.01000000    0.07725258    0.10000000    0.10000000    0.08588565    0.03279730    0.01000000    0.01000000 
max(|step|)      :   0.00000000    0.00851376    0.00656336    0.00647262    0.00647807    0.00647354    0.01553404    0.00746637    0.00429142    0.00000000 
angle (deg.)     :    51.6216  76.5689  13.5072  29.6889  18.6580  23.1758  72.8540  28.7951 
>
iteration       : 110
climbing        : yes
zoom on         : no
nim             : 10
barrier         :   0.00968142 (image:  4) 
distance        :   0.00000000    3.99520151    8.05379684    8.60319351    9.03873402    9.40785479    9.84265460   10.85659825   14.14689146   17.61688476 
energy          : -1075.52195325  -1075.53112096  -1075.52651770  -1075.51464662  -1075.51227183  -1075.51376188  -1075.51955131  -1075.54556259  -1075.55692824  -1075.55944373 
max(|Fr_perp|)   :   0.00000000    0.00170733    0.00215282    0.00062184    0.00062758    0.00085202    0.00166350    0.00119696    0.00055071    0.00000000 
Fr_paral         :   0.00000000    0.00137450   -0.01907045   -0.01686093   -0.00000312    0.00838299    0.02354989    0.01440861    0.00176562    0.00000000 
max(|Fsp_paral|) :   0.00000000    0.00023480    0.00118455    0.00043531    0.00331245    0.00024049    0.00259325    0.00005105    0.00062544    0.00000000 
max(|Fsp_perp|)  :   0.00000000    0.00000000    0.00000000    0.00000000    0.00000000    0.00000000    0.00000000    0.00000000    0.00000000    0.00000000 
max(|FNEB|)      :   0.00000000    0.00169875    0.00210357    0.00063326    0.00062757    0.00103550    0.00234553    0.00122300    0.00117728    0.00000000 
max(|Force|)     :   0.00156225    0.00169634    0.01040331    0.01001388    0.00062758    0.00430727    0.01403259    0.00622302    0.00116523    0.00147223 
ksp              :   0.01000000    0.01000000    0.07792356    0.10000000    0.10000000    0.08614826    0.03232879    0.01000000    0.01000000 
max(|step|)      :   0.00000000    0.02107352    0.01594024    0.01588577    0.01590438    0.01589480    0.01980286    0.01966796    0.00884004    0.00000000 
angle (deg.)     :    51.6632  75.9535  14.6372  29.4600  16.4631  22.4121  72.0057  29.1542 
>
iteration       : 111
climbing        : yes
zoom on         : no
nim             : 10
barrier         :   0.00961692 (image:  4) 
distance        :   0.00000000    4.04572607    8.08856197    8.64592705    9.07623789    9.44449386    9.87045052   10.89540630   14.15543486   17.61000612 
energy          : -1075.52195325  -1075.53113828  -1075.52660843  -1075.51463580  -1075.51233633  -1075.51382193  -1075.51950096  -1075.54567026  -1075.55697298  -1075.55944373 
max(|Fr_perp|)   :   0.00000000    0.00723246    0.00291298    0.00136324    0.00136688    0.00139270    0.00358458    0.00251615    0.00162776    0.00000000 
Fr_paral         :   0.00000000    0.00174957   -0.01936178   -0.01662802   -0.00000341    0.00832843    0.02275396    0.01525467    0.00166816    0.00000000 
max(|Fsp_paral|) :   0.00000000    0.00001073    0.00174712    0.00041839    0.00314508    0.00006651    0.00155412    0.00048737    0.00067930    0.00000000 
max(|Fsp_perp|)  :   0.00000000    0.00000000    0.00000000    0.00000000    0.00000000    0.00000000    0.00000000    0.00000000    0.00000000    0.00000000 
max(|FNEB|)      :   0.00000000    0.00722891    0.00297398    0.00133505    0.00136689    0.00140092    0.00351851    0.00248948    0.00230794    0.00000000 
max(|Force|)     :   0.00156225    0.00721795    0.01051540    0.00975233    0.00136686    0.00431674    0.01355100    0.00695774    0.00221024    0.00147223 
ksp              :   0.01000000    0.01000000    0.07848039    0.10000000    0.10000000    0.08609700    0.03294980    0.01000000    0.01000000 
max(|step|)      :   0.00000000    0.02127200    0.01578302    0.01568134    0.01568206    0.01566280    0.02040120    0.01870904    0.01130013    0.00000000 
angle (deg.)     :    51.7446  75.4333  15.4540  29.1993  15.0288  23.8968  71.4115  29.5716 
>
iteration       : 112
climbing        : yes
zoom on         : no
nim             : 10
barrier         :   0.00954658 (image:  4) 
distance        :   0.00000000    4.09406910    8.12707083    8.68918040    9.11396688    9.48354508    9.90177153   10.93715799   14.17291037   17.60987969 
energy          : -1075.52195325  -1075.53129477  -1075.52663791  -1075.51462718  -1075.51240667  -1075.51390492  -1075.51940761  -1075.54571152  -1075.55702607  -1075.55944373 
max(|Fr_perp|)   :   0.00000000    0.00074265    0.00398499    0.00112331    0.00064207    0.00093384    0.00392428    0.00211920    0.00045896    0.00000000 
Fr_paral         :   0.00000000    0.00127457   -0.01975393   -0.01639036   -0.00000239    0.00832052    0.02169324    0.01607811    0.00168980    0.00000000 
max(|Fsp_paral|) :   0.00000000    0.00022575    0.00214038    0.00115991    0.00284271    0.00045333    0.00036735    0.00119942    0.00070745    0.00000000 
max(|Fsp_perp|)  :   0.00000000    0.00000000    0.00000000    0.00000000    0.00000000    0.00000000    0.00000000    0.00000000    0.00000000    0.00000000 
max(|FNEB|)      :   0.00000000    0.00073362    0.00394265    0.00131160    0.00064207    0.00095977    0.00400701    0.00289842    0.00109151    0.00000000 
max(|Force|)     :   0.00156225    0.00075351    0.01080478    0.00951673    0.00064206    0.00423123    0.01333703    0.00758278    0.00097747    0.00147223 
ksp              :   0.01000000    0.01000000    0.07906623    0.10000000    0.10000000    0.08587535    0.03399897    0.01000000    0.01000000 
max(|step|)      :   0.00000000    0.00678579    0.00538560    0.00538329    0.00538251    0.00537933    0.00579450    0.00690794    0.00353968    0.00000000 
angle (deg.)     :    51.7772  75.3585  15.2132  29.2133  14.9416  24.3569  70.8894  29.7398 
>
iteration       : 113
climbing        : yes
zoom on         : no
nim             : 10
barrier         :   0.00952369 (image:  4) 
distance        :   0.00000000    4.10944531    8.14098893    8.69981253    9.12692900    9.49900930    9.91405243   10.95021367   14.17730763   17.60886599 
energy          : -1075.52195325  -1075.53132232  -1075.52665943  -1075.51467692  -1075.51242956  -1075.51395180  -1075.51944426  -1075.54573392  -1075.55704144  -1075.55944373 
max(|Fr_perp|)   :   0.00000000    0.00040473    0.00136258    0.00071114    0.00067424    0.00067794    0.00206705    0.00190794    0.00030342    0.00000000 
Fr_paral         :   0.00000000    0.00120497   -0.01983505   -0.01652894   -0.00000215    0.00839910    0.02183553    0.01645951    0.00168664    0.00000000 
max(|Fsp_paral|) :   0.00000000    0.00028789    0.00190860    0.00076815    0.00283396    0.00073057    0.00031325    0.00111788    0.00071991    0.00000000 
max(|Fsp_perp|)  :   0.00000000    0.00000000    0.00000000    0.00000000    0.00000000    0.00000000    0.00000000    0.00000000    0.00000000    0.00000000 
max(|FNEB|)      :   0.00000000    0.00061471    0.00209491    0.00081852    0.00067424    0.00067291    0.00196283    0.00300131    0.00083246    0.00000000 
max(|Force|)     :   0.00156225    0.00061911    0.01097129    0.00962981    0.00067424    0.00417687    0.01338147    0.00806281    0.00070576    0.00147223 
ksp              :   0.01000000    0.01000000    0.07876220    0.10000000    0.10000000    0.08561466    0.03371024    0.01000000    0.01000000 
max(|step|)      :   0.00000000    0.02304867    0.01902419    0.01901039    0.01902746    0.01900934    0.02051216    0.02394544    0.01295232    0.00000000 
angle (deg.)     :    51.8990  75.0955  14.9963  29.2150  15.2065  25.7004  69.4162  30.3762 
>
iteration       : 114
climbing        : yes
zoom on         : no
nim             : 10
barrier         :   0.00944362 (image:  4) 
distance        :   0.00000000    4.16058386    8.19155771    8.73329991    9.17002544    9.54610330    9.95283076   10.99465447   14.19726419   17.60809061 
energy          : -1075.52195325  -1075.53140130  -1075.52656144  -1075.51487115  -1075.51250964  -1075.51407012  -1075.51944104  -1075.54573915  -1075.55709563  -1075.55944373 
max(|Fr_perp|)   :   0.00000000    0.00301255    0.00361813    0.00096940    0.00091941    0.00090218    0.00236965    0.00229282    0.00067692    0.00000000 
Fr_paral         :   0.00000000    0.00115469   -0.02019193   -0.01702274   -0.00000145    0.00851186    0.02180710    0.01718018    0.00165793    0.00000000 
max(|Fsp_paral|) :   0.00000000    0.00047510    0.00084584    0.00099342    0.00311345    0.00130858    0.00038964    0.00141346    0.00073562    0.00000000 
max(|Fsp_perp|)  :   0.00000000    0.00000000    0.00000000    0.00000000    0.00000000    0.00000000    0.00000000    0.00000000    0.00000000    0.00000000 
max(|FNEB|)      :   0.00000000    0.00300630    0.00368014    0.00108162    0.00091942    0.00118068    0.00228662    0.00353844    0.00117312    0.00000000 
max(|Force|)     :   0.00156225    0.00302169    0.01166444    0.01008670    0.00091940    0.00413052    0.01317426    0.00920334    0.00102547    0.00147223 
ksp              :   0.01000000    0.01000000    0.07749422    0.10000000    0.10000000    0.08512818    0.03394196    0.01000000    0.01000000 
max(|step|)      :   0.00000000    0.02207332    0.02048563    0.02026566    0.02025875    0.02025636    0.02389726    0.02298566    0.01619439    0.00000000 
angle (deg.)     :    52.0579  75.0312  14.4493  29.0095  15.7697  26.1754  68.7398  31.1970 
>
iteration       : 115
climbing        : yes
zoom on         : no
nim             : 10
barrier         :   0.00935926 (image:  4) 
distance        :   0.00000000    4.20408510    8.24919549    8.77253147    9.21125656    9.58652756    9.99152511   11.02632821   14.22442060   17.60697621 
energy          : -1075.52195325  -1075.53147309  -1075.52628333  -1075.51497642  -1075.51259399  -1075.51414846  -1075.51942685  -1075.54556180  -1075.55716440  -1075.55944373 
max(|Fr_perp|)   :   0.00000000    0.00269960    0.00326210    0.00115883    0.00120929    0.00113643    0.00708553    0.00307025    0.00083591    0.00000000 
Fr_paral         :   0.00000000    0.00092967   -0.02072617   -0.01711556   -0.00000090    0.00846767    0.02149649    0.01773018    0.00160722    0.00000000 
max(|Fsp_paral|) :   0.00000000    0.00057374    0.00005390    0.00206439    0.00325497    0.00134785    0.00055518    0.00147536    0.00065326    0.00000000 
max(|Fsp_perp|)  :   0.00000000    0.00000000    0.00000000    0.00000000    0.00000000    0.00000000    0.00000000    0.00000000    0.00000000    0.00000000 
max(|FNEB|)      :   0.00000000    0.00268280    0.00332080    0.00227673    0.00120929    0.00119547    0.00699504    0.00343125    0.00126241    0.00000000 
max(|Force|)     :   0.00156225    0.00270869    0.01240564    0.01028519    0.00120929    0.00407965    0.01298134    0.00993847    0.00117960    0.00147223 
ksp              :   0.01000000    0.01000000    0.07709023    0.10000000    0.10000000    0.08505201    0.03429426    0.01000000    0.01000000 
max(|step|)      :   0.00000000    0.05302528    0.05107304    0.05063433    0.05068456    0.05064569    0.05866109    0.05787879    0.04070900    0.00000000 
angle (deg.)     :    52.4351  75.3103  13.3161  28.5615  18.4796  27.4362  67.1757  33.3916 
>
iteration       : 116
climbing        : yes
zoom on         : no
nim             : 10
barrier         :   0.00915099 (image:  4) 
distance        :   0.00000000    4.30727913    8.39399537    8.88089454    9.31849298    9.68776400   10.09993615   11.10675791   14.30447839   17.61615926 
energy          : -1075.52195325  -1075.53166174  -1075.52557605  -1075.51516089  -1075.51280227  -1075.51430165  -1075.51960855  -1075.54500016  -1075.55732887  -1075.55944373 
max(|Fr_perp|)   :   0.00000000    0.00274873    0.00692007    0.00167610    0.00137097    0.00160998    0.00471873    0.00396663    0.00088106    0.00000000 
Fr_paral         :   0.00000000    0.00106928   -0.02141706   -0.01702466    0.00000046    0.00823028    0.02154157    0.01882115    0.00145169    0.00000000 
max(|Fsp_paral|) :   0.00000000    0.00076654    0.00181217    0.00368630    0.00349445    0.00077460    0.00100404    0.00053513    0.00040336    0.00000000 
max(|Fsp_perp|)  :   0.00000000    0.00000000    0.00000000    0.00000000    0.00000000    0.00000000    0.00000000    0.00000000    0.00000000    0.00000000 
max(|FNEB|)      :   0.00000000    0.00277758    0.00696044    0.00417986    0.00137097    0.00157995    0.00465380    0.00393582    0.00093323    0.00000000 
max(|Force|)     :   0.00156225    0.00273527    0.01331058    0.01054954    0.00137097    0.00406610    0.01249223    0.01129613    0.00104152    0.00147223 
ksp              :   0.01000000    0.01000000    0.07680290    0.10000000    0.10000000    0.08525350    0.03306016    0.01000000    0.01000000 
max(|step|)      :   0.00000000    0.05439651    0.05406438    0.05390701    0.05394496    0.05389504    0.05536114    0.06323996    0.04155140    0.00000000 
angle (deg.)     :    52.8176  76.2817  11.7428  28.4033  21.2624  27.8985  64.4060  35.6419 
>
iteration       : 117
climbing        : yes
zoom on         : no
nim             : 10
barrier         :   0.00893371 (image:  4) 
distance        :   0.00000000    4.41810313    8.54263523    9.03401137    9.45936878    9.82222965   10.23949664   11.23261901   14.41725499   17.66356752 
energy          : -1075.52195325  -1075.53178522  -1075.52567871  -1075.51523141  -1075.51301954  -1075.51446347  -1075.51959724  -1075.54476275  -1075.55746539  -1075.55944373 
max(|Fr_perp|)   :   0.00000000    0.00812722    0.00528025    0.00177049    0.00090321    0.00113897    0.01274672    0.00876679    0.00239346    0.00000000 
Fr_paral         :   0.00000000    0.00090997   -0.02123495   -0.01637367   -0.00000092    0.00805263    0.02109731    0.01850423    0.00137407    0.00000000 
max(|Fsp_paral|) :   0.00000000    0.00101661    0.00164304    0.00251169    0.00318246    0.00027122    0.00119455    0.00067283    0.00021836    0.00000000 
max(|Fsp_perp|)  :   0.00000000    0.00000000    0.00000000    0.00000000    0.00000000    0.00000000    0.00000000    0.00000000    0.00000000    0.00000000 
max(|FNEB|)      :   0.00000000    0.00810771    0.00519867    0.00287001    0.00090321    0.00115815    0.01270981    0.00883749    0.00240624    0.00000000 
max(|Force|)     :   0.00156225    0.00813464    0.01219872    0.01017892    0.00090320    0.00432352    0.01284142    0.01079661    0.00266989    0.00147223 
ksp              :   0.01000000    0.01000000    0.07771723    0.10000000    0.10000000    0.08545362    0.03373498    0.01000000    0.01000000 
max(|step|)      :   0.00000000    0.02213920    0.02582795    0.02550819    0.02550690    0.02551094    0.02824470    0.02692201    0.02066017    0.00000000 
angle (deg.)     :    53.0019  76.9333  11.0048  27.9569  21.8437  26.1732  64.3911  36.8199 
>
iteration       : 118
climbing        : yes
zoom on         : no
nim             : 10
barrier         :   0.00883232 (image:  4) 
distance        :   0.00000000    4.45683118    8.61597710    9.11201836    9.52125309    9.87956485   10.29721406   11.27396365   14.47771141   17.68679576 
energy          : -1075.52195325  -1075.53192469  -1075.52557286  -1075.51514939  -1075.51312093  -1075.51452706  -1075.51976116  -1075.54473154  -1075.55755155  -1075.55944373 
max(|Fr_perp|)   :   0.00000000    0.00216063    0.00195372    0.00071517    0.00067854    0.00088604    0.00456268    0.00330603    0.00073510    0.00000000 
Fr_paral         :   0.00000000    0.00102852   -0.02148833   -0.01554952   -0.00000129    0.00791833    0.02154926    0.01893152    0.00122162    0.00000000 
max(|Fsp_paral|) :   0.00000000    0.00102173    0.00122902    0.00090830    0.00260803    0.00002186    0.00230689    0.00018918    0.00001883    0.00000000 
max(|Fsp_perp|)  :   0.00000000    0.00000000    0.00000000    0.00000000    0.00000000    0.00000000    0.00000000    0.00000000    0.00000000    0.00000000 
max(|FNEB|)      :   0.00000000    0.00227340    0.00201446    0.00110151    0.00067854    0.00082250    0.00451166    0.00330931    0.00073840    0.00000000 
max(|Force|)     :   0.00156225    0.00212199    0.01195040    0.00953974    0.00067853    0.00426967    0.01296105    0.00984778    0.00114433    0.00147223 
ksp              :   0.01000000    0.01000000    0.07933032    0.10000000    0.10000000    0.08567179    0.03233707    0.01000000    0.01000000 
max(|step|)      :   0.00000000    0.00716628    0.01361620    0.01377829    0.01346254    0.01344923    0.01415395    0.01632918    0.01286928    0.00000000 
angle (deg.)     :    53.0440  77.5791  10.9192  27.3615  21.1358  23.2886  65.5305  37.4475 
>
iteration       : 119
climbing        : yes
zoom on         : no
nim             : 10
barrier         :   0.00878005 (image:  4) 
distance        :   0.00000000    4.46003268    8.65371333    9.16348412    9.55391156    9.91196733   10.31696317   11.28898519   14.52253790   17.70752557 
energy          : -1075.52195325  -1075.53194769  -1075.52552812  -1075.51499924  -1075.51317320  -1075.51457900  -1075.51964768  -1075.54470447  -1075.55760668  -1075.55944373 
max(|Fr_perp|)   :   0.00000000    0.00180036    0.00142962    0.00076587    0.00077166    0.00083152    0.00266925    0.00260298    0.00068851    0.00000000 
Fr_paral         :   0.00000000    0.00139013   -0.02152297   -0.01457659   -0.00000149    0.00791399    0.02113077    0.01845846    0.00116827    0.00000000 
max(|Fsp_paral|) :   0.00000000    0.00091096    0.00028356    0.00138680    0.00167644    0.00050159    0.00106387    0.00015581    0.00017035    0.00000000 
max(|Fsp_perp|)  :   0.00000000    0.00000000    0.00000000    0.00000000    0.00000000    0.00000000    0.00000000    0.00000000    0.00000000    0.00000000 
max(|FNEB|)      :   0.00000000    0.00181730    0.00141121    0.00160554    0.00077167    0.00076790    0.00275669    0.00251425    0.00079088    0.00000000 
max(|Force|)     :   0.00156225    0.00179232    0.01159902    0.00867259    0.00077166    0.00419766    0.01247048    0.00851974    0.00109830    0.00147223 
ksp              :   0.01000000    0.01000000    0.08128217    0.10000000    0.10000000    0.08558987    0.03363327    0.01000000    0.01000000 
max(|step|)      :   0.00000000    0.01529287    0.01990415    0.01983003    0.01983399    0.01982855    0.01859888    0.02116323    0.01559194    0.00000000 
angle (deg.)     :    53.1554  78.1607  11.2017  27.1572  21.0902  22.3137  65.2981  38.2735 
>
iteration       : 120
climbing        : yes
zoom on         : no
nim             : 10
barrier         :   0.00870160 (image:  4) 
distance        :   0.00000000    4.48549497    8.70899788    9.22587175    9.60919062    9.96676910   10.36635633   11.33346432   14.57889224   17.73842794 
energy          : -1075.52195325  -1075.53199429  -1075.52558324  -1075.51500464  -1075.51325165  -1075.51465540  -1075.51962362  -1075.54464513  -1075.55766271  -1075.55944373 
max(|Fr_perp|)   :   0.00000000    0.00203548    0.00156483    0.00067577    0.00063436    0.00075881    0.00330710    0.00240164    0.00114270    0.00000000 
Fr_paral         :   0.00000000    0.00137238   -0.02125599   -0.01418582   -0.00000179    0.00792460    0.02098311    0.01825983    0.00111070    0.00000000 
max(|Fsp_paral|) :   0.00000000    0.00089548    0.00004633    0.00231105    0.00133461    0.00070245    0.00063887    0.00023228    0.00030063    0.00000000 
max(|Fsp_perp|)  :   0.00000000    0.00000000    0.00000000    0.00000000    0.00000000    0.00000000    0.00000000    0.00000000    0.00000000    0.00000000 
max(|FNEB|)      :   0.00000000    0.00205336    0.00159092    0.00243863    0.00063436    0.00062774    0.00339269    0.00225837    0.00090710    0.00000000 
max(|Force|)     :   0.00156225    0.00202381    0.01132852    0.00832354    0.00063435    0.00413910    0.01217206    0.00834492    0.00153145    0.00147223 
ksp              :   0.01000000    0.01000000    0.08186896    0.10000000    0.10000000    0.08548113    0.03409518    0.01000000    0.01000000 
max(|step|)      :   0.00000000    0.06908512    0.09235741    0.09228400    0.09238871    0.09231061    0.08393448    0.10000000    0.07237006    0.00000000 
angle (deg.)     :    53.6441  80.4422  14.2489  26.7034  20.7748  20.8317  64.4800  41.9767 
>
iteration       : 121
climbing        : yes
zoom on         : no
nim             : 10
barrier         :   0.00835029 (image:  4) 
distance        :   0.00000000    4.60230474    8.96173243    9.49827525    9.86730748   10.22105561   10.60397983   11.55572446   14.85250021   17.90378932 
energy          : -1075.52195325  -1075.53217654  -1075.52584517  -1075.51521649  -1075.51360296  -1075.51497291  -1075.51956666  -1075.54424936  -1075.55789626  -1075.55944373 
max(|Fr_perp|)   :   0.00000000    0.00354780    0.00275404    0.00115785    0.00105601    0.00104487    0.00373387    0.00543878    0.00227108    0.00000000 
Fr_paral         :   0.00000000    0.00142943   -0.01995309   -0.01328258   -0.00000204    0.00787408    0.02032111    0.01724997    0.00098991    0.00000000 
max(|Fsp_paral|) :   0.00000000    0.00082800    0.00042566    0.00428352    0.00080464    0.00117866    0.00079109    0.00052602    0.00084450    0.00000000 
max(|Fsp_perp|)  :   0.00000000    0.00000000    0.00000000    0.00000000    0.00000000    0.00000000    0.00000000    0.00000000    0.00000000    0.00000000 
max(|FNEB|)      :   0.00000000    0.00412009    0.00277743    0.00490281    0.00109602    0.00118589    0.00391800    0.00576056    0.00237804    0.00000000 
max(|Force|)     :   0.00156225    0.00383239    0.01079000    0.00783454    0.00109600    0.00371333    0.01175337    0.00840296    0.00241488    0.00147223 
ksp              :   0.01000000    0.01000000    0.08264010    0.10000000    0.10000000    0.08523302    0.03579131    0.01000000    0.01000000 
max(|step|)      :   0.00000000    0.00393669    0.00265379    0.00468457    0.00104723    0.00113310    0.00374360    0.00550414    0.00227218    0.00000000 
angle (deg.)     :    53.6487  80.2905  13.6605  26.7805  20.3299  20.2923  64.4639  41.8921 
>
iteration       : 122
climbing        : yes
zoom on         : no
nim             : 10
barrier         :   0.00834706 (image:  4) 
distance        :   0.00000000    4.60061069    8.96245995    9.49142674    9.86775835   10.22007666   10.60667051   11.55469933   14.84987304   17.90237770 
energy          : -1075.52195325  -1075.53219791  -1075.52589408  -1075.51529182  -1075.51360619  -1075.51496744  -1075.51966144  -1075.54435604  -1075.55790232  -1075.55944373 
max(|Fr_perp|)   :   0.00000000    0.00172079    0.00238849    0.00106701    0.00093876    0.00082883    0.00279950    0.00330982    0.00108856    0.00000000 
Fr_paral         :   0.00000000    0.00127284   -0.02025174   -0.01364038   -0.00000196    0.00784359    0.02062602    0.01761922    0.00094909    0.00000000 
max(|Fsp_paral|) :   0.00000000    0.00081578    0.00019719    0.00327211    0.00123288    0.00097124    0.00004374    0.00002150    0.00083839    0.00000000 
max(|Fsp_perp|)  :   0.00000000    0.00000000    0.00000000    0.00000000    0.00000000    0.00000000    0.00000000    0.00000000    0.00000000    0.00000000 
max(|FNEB|)      :   0.00000000    0.00186244    0.00233121    0.00392516    0.00093877    0.00086843    0.00288111    0.00334407    0.00142440    0.00000000 
max(|Force|)     :   0.00156225    0.00171048    0.01102039    0.00796378    0.00093875    0.00372432    0.01198355    0.00814633    0.00113503    0.00147223 
ksp              :   0.01000000    0.01000000    0.08182519    0.10000000    0.10000000    0.08532275    0.03471091    0.01000000    0.01000000 
max(|step|)      :   0.00000000    0.00080148    0.00232290    0.00397273    0.00055364    0.00078183    0.00157307    0.00296456    0.00135117    0.00000000 
angle (deg.)     :    53.6319  80.1580  13.1364  26.8618  19.9804  19.9142  64.4650  41.8135 
>
iteration       : 123
climbing        : yes
zoom on         : no
nim             : 10
barrier         :   0.00834485 (image:  4) 
distance        :   0.00000000    4.59864298    8.96224144    9.48561606    9.86799484   10.21919466   10.60812747   11.55438965   14.84760220   17.90126090 
energy          : -1075.52195325  -1075.53219647  -1075.52594646  -1075.51535747  -1075.51360840  -1075.51496136  -1075.51971343  -1075.54442014  -1075.55790419  -1075.55944373 
max(|Fr_perp|)   :   0.00000000    0.00142132    0.00205217    0.00097535    0.00092963    0.00082051    0.00221370    0.00252888    0.00082537    0.00000000 
Fr_paral         :   0.00000000    0.00127381   -0.02044011   -0.01395139   -0.00000187    0.00781305    0.02077193    0.01785210    0.00096058    0.00000000 
max(|Fsp_paral|) :   0.00000000    0.00080471    0.00068411    0.00244491    0.00159550    0.00082088    0.00049876    0.00029194    0.00082780    0.00000000 
max(|Fsp_perp|)  :   0.00000000    0.00000000    0.00000000    0.00000000    0.00000000    0.00000000    0.00000000    0.00000000    0.00000000    0.00000000 
max(|FNEB|)      :   0.00000000    0.00180426    0.00223768    0.00312459    0.00092963    0.00086630    0.00230751    0.00249141    0.00140349    0.00000000 
max(|Force|)     :   0.00156225    0.00150556    0.01113130    0.00806314    0.00092962    0.00377254    0.01196025    0.00810115    0.00113784    0.00147223 
ksp              :   0.01000000    0.01000000    0.08113616    0.10000000    0.10000000    0.08540828    0.03415673    0.01000000    0.01000000 
max(|step|)      :   0.00000000    0.00924589    0.02082913    0.02859667    0.00544946    0.00544913    0.01053268    0.02311833    0.01311204    0.00000000 
angle (deg.)     :    53.4476  79.1359  10.2250  27.6476  17.8175  19.0496  65.0074  41.0563 
>
iteration       : 124
climbing        : yes
zoom on         : no
nim             : 10
barrier         :   0.00832435 (image:  4) 
distance        :   0.00000000    4.57931919    8.95915127    9.45906756    9.88286464   10.22725897   10.62542043   11.57659686   14.84978328   17.91479943 
energy          : -1075.52195325  -1075.53215657  -1075.52648836  -1075.51583843  -1075.51362890  -1075.51492446  -1075.51983193  -1075.54471226  -1075.55791380  -1075.55944373 
max(|Fr_perp|)   :   0.00000000    0.00343978    0.00393871    0.00101993    0.00112612    0.00133872    0.00298439    0.00693582    0.00107736    0.00000000 
Fr_paral         :   0.00000000    0.00145160   -0.02061694   -0.01608197   -0.00000235    0.00759343    0.02081274    0.01820072    0.00111764    0.00000000 
max(|Fsp_paral|) :   0.00000000    0.00069792    0.00315078    0.00248447    0.00396939    0.00008566    0.00157622    0.00064843    0.00071955    0.00000000 
max(|Fsp_perp|)  :   0.00000000    0.00000000    0.00000000    0.00000000    0.00000000    0.00000000    0.00000000    0.00000000    0.00000000    0.00000000 
max(|FNEB|)      :   0.00000000    0.00355874    0.00398038    0.00210413    0.00112613    0.00133158    0.00293745    0.00683908    0.00141388    0.00000000 
max(|Force|)     :   0.00156225    0.00342364    0.01169589    0.00986080    0.00112611    0.00396899    0.01194039    0.00907557    0.00146318    0.00147223 
ksp              :   0.01000000    0.01000000    0.07611138    0.10000000    0.10000000    0.08599284    0.03293498    0.01000000    0.01000000 
max(|step|)      :   0.00000000    0.00680931    0.01279681    0.00723086    0.00325115    0.00315661    0.00542529    0.01081940    0.00781687    0.00000000 
angle (deg.)     :    53.3649  78.8133  10.2406  28.0085  17.1789  19.3906  65.5988  40.6066 
>
iteration       : 125
climbing        : yes
zoom on         : no
nim             : 10
barrier         :   0.00831088 (image:  4) 
distance        :   0.00000000    4.56842666    8.95859049    9.47143518    9.90399199   10.24737720   10.64390641   11.60623403   14.86773824   17.93973538 
energy          : -1075.52195325  -1075.53215458  -1075.52693786  -1075.51595072  -1075.51364237  -1075.51493026  -1075.51978084  -1075.54483148  -1075.55791695  -1075.55944373 
max(|Fr_perp|)   :   0.00000000    0.00277159    0.00581809    0.00116373    0.00134246    0.00120850    0.00410360    0.01084996    0.00118461    0.00000000 
Fr_paral         :   0.00000000    0.00122989   -0.01968431   -0.01655837   -0.00000233    0.00755435    0.02045492    0.01814562    0.00111237    0.00000000 
max(|Fsp_paral|) :   0.00000000    0.00063471    0.00290896    0.00274771    0.00444275    0.00009213    0.00100141    0.00016123    0.00065846    0.00000000 
max(|Fsp_perp|)  :   0.00000000    0.00000000    0.00000000    0.00000000    0.00000000    0.00000000    0.00000000    0.00000000    0.00000000    0.00000000 
max(|FNEB|)      :   0.00000000    0.00306436    0.00569961    0.00270269    0.00134247    0.00125476    0.00417107    0.01081326    0.00111047    0.00000000 
max(|Force|)     :   0.00156225    0.00280963    0.01118658    0.01029804    0.00134245    0.00405085    0.01238564    0.01066306    0.00157112    0.00147223 
ksp              :   0.01000000    0.01000000    0.07500248    0.10000000    0.10000000    0.08605318    0.03352548    0.01000000    0.01000000 
max(|step|)      :   0.00000000    0.00180117    0.00325651    0.00512729    0.00058992    0.00094507    0.00185224    0.00401247    0.00136925    0.00000000 
angle (deg.)     :    53.3697  78.9420  10.0849  27.9099  17.2985  19.0362  65.5301  40.6847 
>
iteration       : 126
climbing        : yes
zoom on         : no
nim             : 10
barrier         :   0.00831202 (image:  4) 
distance        :   0.00000000    4.57031384    8.95825313    9.47797357    9.90286079   10.24750909   10.64151528   11.60317656   14.86659501   17.93737291 
energy          : -1075.52195325  -1075.53217042  -1075.52695797  -1075.51585714  -1075.51364123  -1075.51494131  -1075.51980015  -1075.54492793  -1075.55791773  -1075.55944373 
max(|Fr_perp|)   :   0.00000000    0.00080695    0.00184456    0.00071297    0.00073879    0.00071319    0.00137808    0.00370766    0.00065591    0.00000000 
Fr_paral         :   0.00000000    0.00131494   -0.01969958   -0.01618418   -0.00000192    0.00760817    0.02068223    0.01829900    0.00112403    0.00000000 
max(|Fsp_paral|) :   0.00000000    0.00064960    0.00235677    0.00171614    0.00401615    0.00026117    0.00098013    0.00027559    0.00066836    0.00000000 
max(|Fsp_perp|)  :   0.00000000    0.00000000    0.00000000    0.00000000    0.00000000    0.00000000    0.00000000    0.00000000    0.00000000    0.00000000 
max(|FNEB|)      :   0.00000000    0.00110621    0.00272188    0.00160110    0.00073880    0.00071670    0.00132342    0.00366997    0.00112644    0.00000000 
max(|Force|)     :   0.00156225    0.00089267    0.01094205    0.00993716    0.00073878    0.00396748    0.01211105    0.00935890    0.00097051    0.00147223 
ksp              :   0.01000000    0.01000000    0.07600677    0.10000000    0.10000000    0.08592311    0.03331310    0.01000000    0.01000000 
max(|step|)      :   0.00000000    0.00236045    0.00643170    0.00216852    0.00157015    0.00154385    0.00213852    0.00346605    0.00337068    0.00000000 
angle (deg.)     :    53.3119  78.9211  10.1936  28.0201  17.1534  18.9207  65.8471  40.4978 
>
iteration       : 127
climbing        : yes
zoom on         : no
nim             : 10
barrier         :   0.00830562 (image:  4) 
distance        :   0.00000000    4.56543447    8.95724124    9.49431832    9.91498930   10.26049479   10.65069824   11.61820467   14.87669011   17.95050870 
energy          : -1075.52195325  -1075.53216610  -1075.52724597  -1075.51580974  -1075.51364763  -1075.51495585  -1075.51976510  -1075.54503790  -1075.55791882  -1075.55944373 
max(|Fr_perp|)   :   0.00000000    0.00052269    0.00130761    0.00056280    0.00050799    0.00061407    0.00098474    0.00090237    0.00062376    0.00000000 
Fr_paral         :   0.00000000    0.00137588   -0.01899832   -0.01600055   -0.00000183    0.00764535    0.02062131    0.01824864    0.00116326    0.00000000 
max(|Fsp_paral|) :   0.00000000    0.00062549    0.00150017    0.00054300    0.00377564    0.00045531    0.00046975    0.00001418    0.00064073    0.00000000 
max(|Fsp_perp|)  :   0.00000000    0.00000000    0.00000000    0.00000000    0.00000000    0.00000000    0.00000000    0.00000000    0.00000000    0.00000000 
max(|FNEB|)      :   0.00000000    0.00072700    0.00166760    0.00051635    0.00050799    0.00051158    0.00055525    0.00087583    0.00107148    0.00000000 
max(|Force|)     :   0.00156225    0.00075388    0.01032346    0.00972627    0.00050798    0.00389276    0.01188725    0.00905922    0.00082186    0.00147223 
ksp              :   0.01000000    0.01000000    0.07657127    0.10000000    0.10000000    0.08582406    0.03371092    0.01000000    0.01000000 
max(|step|)      :   0.00000000    0.00722997    0.01995610    0.00509269    0.00509126    0.00509185    0.00399312    0.01170653    0.01207899    0.00000000 
angle (deg.)     :    53.1364  78.7447  11.2008  28.4720  16.7122  19.0803  66.8904  39.8454 
>
iteration       : 128
climbing        : yes
zoom on         : no
nim             : 10
barrier         :   0.00828352 (image:  4) 
distance        :   0.00000000    4.54810616    8.95549896    9.53249284    9.95293656   10.29881586   10.68426242   11.66610652   14.90808787   17.99294839 
energy          : -1075.52195325  -1075.53214400  -1075.52803420  -1075.51581803  -1075.51366974  -1075.51498143  -1075.51970502  -1075.54526986  -1075.55791862  -1075.55944373 
max(|Fr_perp|)   :   0.00000000    0.00126524    0.00227513    0.00057574    0.00060717    0.00056914    0.00165349    0.00447017    0.00056044    0.00000000 
Fr_paral         :   0.00000000    0.00144482   -0.01687766   -0.01603971   -0.00000262    0.00766890    0.02036725    0.01810542    0.00126051    0.00000000 
max(|Fsp_paral|) :   0.00000000    0.00052341    0.00008291    0.00126716    0.00375920    0.00066148    0.00040043    0.00063993    0.00054620    0.00000000 
max(|Fsp_perp|)  :   0.00000000    0.00000000    0.00000000    0.00000000    0.00000000    0.00000000    0.00000000    0.00000000    0.00000000    0.00000000 
max(|FNEB|)      :   0.00000000    0.00145282    0.00224822    0.00159734    0.00060718    0.00057807    0.00159607    0.00450664    0.00089066    0.00000000 
max(|Force|)     :   0.00156225    0.00144291    0.00863628    0.00962447    0.00060716    0.00376498    0.01162737    0.00885784    0.00099772    0.00147223 
ksp              :   0.01000000    0.01000000    0.07665891    0.10000000    0.10000000    0.08574851    0.03442691    0.01000000    0.01000000 
max(|step|)      :   0.00000000    0.01032731    0.02795753    0.00859077    0.00801985    0.00802465    0.00479636    0.01318680    0.01764677    0.00000000 
angle (deg.)     :    52.8991  78.4401  13.7535  29.0177  16.6293  19.4601  68.4198  38.9556 
>
iteration       : 129
climbing        : yes
zoom on         : no
nim             : 10
barrier         :   0.00824929 (image:  4) 
distance        :   0.00000000    4.52293522    8.95604585    9.57132289   10.00339013   10.34820583   10.73697278   11.72670213   14.94750324   18.04902047 
energy          : -1075.52195325  -1075.53211455  -1075.52891916  -1075.51598515  -1075.51370397  -1075.51500600  -1075.51975826  -1075.54548361  -1075.55790937  -1075.55944373 
max(|Fr_perp|)   :   0.00000000    0.00154049    0.00309931    0.00064480    0.00068085    0.00061896    0.00193438    0.00240377    0.00058290    0.00000000 
Fr_paral         :   0.00000000    0.00149992   -0.01453138   -0.01663757   -0.00000267    0.00764338    0.02031737    0.01809892    0.00138100    0.00000000 
max(|Fsp_paral|) :   0.00000000    0.00034686    0.00095647    0.00175423    0.00439722    0.00048638    0.00012943    0.00064254    0.00041571    0.00000000 
max(|Fsp_perp|)  :   0.00000000    0.00000000    0.00000000    0.00000000    0.00000000    0.00000000    0.00000000    0.00000000    0.00000000    0.00000000 
max(|FNEB|)      :   0.00000000    0.00164854    0.00303850    0.00192566    0.00068087    0.00064831    0.00187842    0.00244257    0.00065564    0.00000000 
max(|Force|)     :   0.00156225    0.00171827    0.00703949    0.00987587    0.00068084    0.00368010    0.01171773    0.00899794    0.00106381    0.00147223 
ksp              :   0.01000000    0.01000000    0.07511225    0.10000000    0.10000000    0.08579477    0.03394749    0.01000000    0.01000000 
max(|step|)      :   0.00000000    0.02740247    0.07711370    0.02946647    0.02390362    0.02393592    0.01679438    0.03025088    0.05012847    0.00000000 
angle (deg.)     :    52.3263  78.1067  21.7743  30.1659  17.6045  20.8261  73.3476  36.6687 
>
iteration       : 130
climbing        : yes
zoom on         : no
nim             : 10
barrier         :   0.00814798 (image:  4) 
distance        :   0.00000000    4.45313016    8.96869216    9.67939677   10.15438028   10.49948151   10.89565718   11.91168329   15.07674036   18.22825184 
energy          : -1075.52195325  -1075.53195427  -1075.53040806  -1075.51665762  -1075.51380527  -1075.51510583  -1075.51982917  -1075.54535704  -1075.55781465  -1075.55944373 
max(|Fr_perp|)   :   0.00000000    0.00800483    0.01665029    0.00139556    0.00150526    0.00140109    0.00937071    0.02686271    0.00323515    0.00000000 
Fr_paral         :   0.00000000    0.00111484   -0.00716216   -0.01873474   -0.00000322    0.00764336    0.01976005    0.01539222    0.00161057    0.00000000 
max(|Fsp_paral|) :   0.00000000    0.00025883    0.00161687    0.00069804    0.00649854    0.00025257    0.00003758    0.00106970    0.00004758    0.00000000 
max(|Fsp_perp|)  :   0.00000000    0.00000000    0.00000000    0.00000000    0.00000000    0.00000000    0.00000000    0.00000000    0.00000000    0.00000000 
max(|FNEB|)      :   0.00000000    0.00800978    0.01661272    0.00136007    0.00150527    0.00145591    0.00929477    0.02695355    0.00323398    0.00000000 
max(|Force|)     :   0.00156225    0.00800723    0.01667572    0.01097020    0.00150524    0.00375749    0.01194506    0.02647496    0.00326442    0.00147223 
ksp              :   0.01000000    0.01000000    0.06849391    0.10000000    0.10000000    0.08563442    0.03346191    0.01000000    0.01000000 
max(|step|)      :   0.00000000    0.00545065    0.01376547    0.00418581    0.00418988    0.00417916    0.00467533    0.01579966    0.00903393    0.00000000 
angle (deg.)     :    52.4144  77.9855  20.5749  29.9734  17.2711  20.2821  72.3474  37.0605 
>
iteration       : 131
climbing        : yes
zoom on         : no
nim             : 10
barrier         :   0.00816467 (image:  4) 
distance        :   0.00000000    4.46558258    8.96537784    9.65074943   10.12294274   10.46649225   10.86634003   11.87121267   15.04612002   18.18834649 
energy          : -1075.52195325  -1075.53204176  -1075.53047268  -1075.51660459  -1075.51378858  -1075.51507846  -1075.51996573  -1075.54585023  -1075.55784766  -1075.55944373 
max(|Fr_perp|)   :   0.00000000    0.00108507    0.00211302    0.00061727    0.00059540    0.00054151    0.00134368    0.00407119    0.00027137    0.00000000 
Fr_paral         :   0.00000000    0.00140600   -0.00993100   -0.01859730   -0.00000306    0.00760674    0.02044804    0.01741277    0.00159143    0.00000000 
max(|Fsp_paral|) :   0.00000000    0.00014165    0.00105161    0.00002539    0.00642572    0.00002391    0.00117117    0.00014349    0.00011459    0.00000000 
max(|Fsp_perp|)  :   0.00000000    0.00000000    0.00000000    0.00000000    0.00000000    0.00000000    0.00000000    0.00000000    0.00000000    0.00000000 
max(|FNEB|)      :   0.00000000    0.00108993    0.00216551    0.00058185    0.00059542    0.00058742    0.00143733    0.00410598    0.00026729    0.00000000 
max(|Force|)     :   0.00156225    0.00108968    0.00411413    0.01096733    0.00059539    0.00370689    0.01205644    0.00935164    0.00081584    0.00147223 
ksp              :   0.01000000    0.01000000    0.06895881    0.10000000    0.10000000    0.08578154    0.03190860    0.01000000    0.01000000 
max(|step|)      :   0.00000000    0.00224079    0.00558251    0.00341709    0.00224825    0.00224853    0.00226661    0.00242054    0.00376629    0.00000000 
angle (deg.)     :    52.3693  77.8630  21.3774  29.9738  17.3507  20.1184  72.7779  36.9062 
>
iteration       : 132
climbing        : yes
zoom on         : no
nim             : 10
barrier         :   0.00815520 (image:  4) 
distance        :   0.00000000    4.46074513    8.96739818    9.65456708   10.13234093   10.47618580   10.87717400   11.88154576   15.05224810   18.19840348 
energy          : -1075.52195325  -1075.53203667  -1075.53057413  -1075.51669898  -1075.51379805  -1075.51509080  -1075.52000422  -1075.54588303  -1075.55783984  -1075.55944373 
max(|Fr_perp|)   :   0.00000000    0.00023086    0.00074700    0.00055890    0.00053642    0.00054964    0.00127593    0.00174333    0.00020100    0.00000000 
Fr_paral         :   0.00000000    0.00142672   -0.01005531   -0.01885226   -0.00000320    0.00761600    0.02055245    0.01729473    0.00161149    0.00000000 
max(|Fsp_paral|) :   0.00000000    0.00019098    0.00075886    0.00062464    0.00667879    0.00000276    0.00143525    0.00002724    0.00008612    0.00000000 
max(|Fsp_perp|)  :   0.00000000    0.00000000    0.00000000    0.00000000    0.00000000    0.00000000    0.00000000    0.00000000    0.00000000    0.00000000 
max(|FNEB|)      :   0.00000000    0.00034800    0.00145172    0.00060439    0.00053644    0.00053118    0.00152466    0.00174490    0.00018899    0.00000000 
max(|Force|)     :   0.00156225    0.00059865    0.00425604    0.01113429    0.00053641    0.00371336    0.01207709    0.00916605    0.00076593    0.00147223 
ksp              :   0.01000000    0.01000000    0.06798570    0.10000000    0.10000000    0.08573343    0.03150935    0.01000000    0.01000000 
max(|step|)      :   0.00000000    0.00935275    0.02438752    0.01130221    0.00951522    0.00951813    0.00953870    0.00455787    0.01618889    0.00000000 
angle (deg.)     :    52.1856  77.5440  24.4426  30.0234  17.7064  19.7473  74.6750  36.2499 
>
iteration       : 133
climbing        : yes
zoom on         : no
nim             : 10
barrier         :   0.00811468 (image:  4) 
distance        :   0.00000000    4.44016986    8.97638464    9.68243701   10.17818714   10.52408180   10.92601374   11.93491865   15.08689480   18.25010132 
energy          : -1075.52195325  -1075.53200744  -1075.53099114  -1075.51702209  -1075.51383857  -1075.51514913  -1075.52009889  -1075.54599164  -1075.55780021  -1075.55944373 
max(|Fr_perp|)   :   0.00000000    0.00130048    0.00185809    0.00052873    0.00051607    0.00056174    0.00104294    0.00537735    0.00040857    0.00000000 
Fr_paral         :   0.00000000    0.00144131   -0.00964761   -0.01964464   -0.00000332    0.00767579    0.02079951    0.01643036    0.00168672    0.00000000 
max(|Fsp_paral|) :   0.00000000    0.00040765    0.00013838    0.00230212    0.00744234    0.00010271    0.00186647    0.00030745    0.00003951    0.00000000 
max(|Fsp_perp|)  :   0.00000000    0.00000000    0.00000000    0.00000000    0.00000000    0.00000000    0.00000000    0.00000000    0.00000000    0.00000000 
max(|FNEB|)      :   0.00000000    0.00129430    0.00188811    0.00225654    0.00051608    0.00051459    0.00144800    0.00535013    0.00040525    0.00000000 
max(|Force|)     :   0.00156225    0.00129658    0.00454559    0.01164543    0.00051605    0.00382671    0.01206083    0.00815866    0.00075116    0.00147223 
ksp              :   0.01000000    0.01000000    0.06469162    0.10000000    0.10000000    0.08546461    0.03056673    0.01000000    0.01000000 
max(|step|)      :   0.00000000    0.01172684    0.03144204    0.01286742    0.01286932    0.01287176    0.01391366    0.00729272    0.02043657    0.00000000 
angle (deg.)     :    51.9657  77.2966  27.8174  30.0564  18.1873  19.6853  77.2086  35.4592 
>
iteration       : 134
climbing        : yes
zoom on         : no
nim             : 10
barrier         :   0.00805954 (image:  4) 
distance        :   0.00000000    4.41588601    8.99051482    9.73123644   10.24217079   10.59166786   10.99004002   12.01208964   15.13809651   18.32331699 
energy          : -1075.52195325  -1075.53197143  -1075.53148998  -1075.51732823  -1075.51389371  -1075.51523535  -1075.52015389  -1075.54615816  -1075.55774015  -1075.55944373 
max(|Fr_perp|)   :   0.00000000    0.00203515    0.00261888    0.00051398    0.00050559    0.00062055    0.00096985    0.00752102    0.00055451    0.00000000 
Fr_paral         :   0.00000000    0.00145613   -0.00874454   -0.02029295   -0.00000368    0.00778258    0.02097376    0.01501064    0.00177233    0.00000000 
max(|Fsp_paral|) :   0.00000000    0.00069035    0.00003488    0.00320953    0.00800030    0.00046507    0.00168046    0.00022499    0.00020906    0.00000000 
max(|Fsp_perp|)  :   0.00000000    0.00000000    0.00000000    0.00000000    0.00000000    0.00000000    0.00000000    0.00000000    0.00000000    0.00000000 
max(|FNEB|)      :   0.00000000    0.00202885    0.00263751    0.00312860    0.00050557    0.00050892    0.00106031    0.00749466    0.00054204    0.00000000 
max(|Force|)     :   0.00156225    0.00203251    0.00443889    0.01207690    0.00050561    0.00396915    0.01200040    0.00754070    0.00073937    0.00147223 
ksp              :   0.01000000    0.01000000    0.06164711    0.10000000    0.10000000    0.08501805    0.03009332    0.01000000    0.01000000 
max(|step|)      :   0.00000000    0.01582525    0.04437625    0.02276777    0.02277064    0.02276819    0.02820256    0.01493468    0.02804493    0.00000000 
angle (deg.)     :    51.6982  76.8415  31.6443  30.0938  18.9996  21.5678  80.8897  34.4610 
>
iteration       : 135
climbing        : yes
zoom on         : no
nim             : 10
barrier         :   0.00796216 (image:  4) 
distance        :   0.00000000    4.39146999    9.02317009    9.82554560   10.34087085   10.69203242   11.08781749   12.13245282   15.21097843   18.42681385 
energy          : -1075.52195325  -1075.53194015  -1075.53212112  -1075.51749875  -1075.51399109  -1075.51534856  -1075.52022587  -1075.54637561  -1075.55764789  -1075.55944373 
max(|Fr_perp|)   :   0.00000000    0.00133841    0.00478081    0.00100385    0.00062722    0.00063993    0.00258053    0.00805958    0.00109165    0.00000000 
Fr_paral         :   0.00000000    0.00140866   -0.00800488   -0.02047657   -0.00000396    0.00784690    0.02112823    0.01344714    0.00187003    0.00000000 
max(|Fsp_paral|) :   0.00000000    0.00106925    0.00084952    0.00183250    0.00814079    0.00069288    0.00146583    0.00002534    0.00048803    0.00000000 
max(|Fsp_perp|)  :   0.00000000    0.00000000    0.00000000    0.00000000    0.00000000    0.00000000    0.00000000    0.00000000    0.00000000    0.00000000 
max(|FNEB|)      :   0.00000000    0.00134305    0.00484159    0.00148420    0.00062724    0.00061043    0.00268738    0.00803439    0.00106376    0.00000000 
max(|Force|)     :   0.00156225    0.00133924    0.00494186    0.01242183    0.00062721    0.00401562    0.01209833    0.00810086    0.00105567    0.00147223 
ksp              :   0.01000000    0.01000000    0.06035134    0.10000000    0.10000000    0.08465589    0.02952542    0.01000000    0.01000000 
max(|step|)      :   0.00000000    0.01045646    0.02630753    0.02501893    0.02508366    0.02505995    0.03743227    0.01818511    0.01618826    0.00000000 
angle (deg.)     :    51.5745  76.0017  34.0718  29.7578  22.1519  28.6549  83.7163  33.9946 
>
iteration       : 136
climbing        : yes
zoom on         : no
nim             : 10
barrier         :   0.00785561 (image:  4) 
distance        :   0.00000000    4.39640282    9.07569000    9.91290734   10.41172952   10.76392991   11.15596685   12.22854238   15.25323632   18.48657821 
energy          : -1075.52195325  -1075.53161906  -1075.53232095  -1075.51730137  -1075.51409764  -1075.51546363  -1075.52005036  -1075.54632567  -1075.55760160  -1075.55944373 
max(|Fr_perp|)   :   0.00000000    0.01623055    0.00530582    0.00489351    0.00098258    0.00090608    0.00959131    0.01081607    0.00305841    0.00000000 
Fr_paral         :   0.00000000    0.00157466   -0.00932265   -0.01964149   -0.00000451    0.00789187    0.02010774    0.01160344    0.00196905    0.00000000 
max(|Fsp_paral|) :   0.00000000    0.00126185    0.00251900    0.00182094    0.00733201    0.00092533    0.00058769    0.00164269    0.00074813    0.00000000 
max(|Fsp_perp|)  :   0.00000000    0.00000000    0.00000000    0.00000000    0.00000000    0.00000000    0.00000000    0.00000000    0.00000000    0.00000000 
max(|FNEB|)      :   0.00000000    0.01621998    0.00517326    0.00482695    0.00098260    0.00094901    0.00952257    0.01078149    0.00301547    0.00000000 
max(|Force|)     :   0.00156225    0.01622641    0.00709530    0.01178380    0.00098256    0.00406004    0.01178424    0.01108650    0.00301914    0.00147223 
ksp              :   0.01000000    0.01000000    0.06329558    0.10000000    0.10000000    0.08435007    0.03180096    0.01000000    0.01000000 
max(|step|)      :   0.00000000    0.01581229    0.04155770    0.01476914    0.01479043    0.01479156    0.01380630    0.00994903    0.02649947    0.00000000 
angle (deg.)     :    51.7986  75.6062  30.7352  29.4819  21.3762  26.6617  80.7759  34.9467 
>
iteration       : 137
climbing        : yes
zoom on         : no
nim             : 10
barrier         :   0.00791675 (image:  4) 
distance        :   0.00000000    4.43009847    9.05957410    9.83996193   10.31810162   10.66732670   11.06174181   12.10775178   15.16156009   18.36512220 
energy          : -1075.52195325  -1075.53199870  -1075.53169501  -1075.51694673  -1075.51403651  -1075.51537740  -1075.52014567  -1075.54624356  -1075.55771744  -1075.55944373 
max(|Fr_perp|)   :   0.00000000    0.00299366    0.00367494    0.00070014    0.00068274    0.00063251    0.00253588    0.00377542    0.00033393    0.00000000 
Fr_paral         :   0.00000000    0.00150752   -0.01218140   -0.01879804   -0.00000439    0.00779604    0.02081248    0.01355758    0.00184936    0.00000000 
max(|Fsp_paral|) :   0.00000000    0.00087533    0.00240273    0.00256873    0.00646076    0.00064246    0.00082687    0.00061309    0.00053439    0.00000000 
max(|Fsp_perp|)  :   0.00000000    0.00000000    0.00000000    0.00000000    0.00000000    0.00000000    0.00000000    0.00000000    0.00000000    0.00000000 
max(|FNEB|)      :   0.00000000    0.00298755    0.00423778    0.00299113    0.00068276    0.00067625    0.00205647    0.00376143    0.00068821    0.00000000 
max(|Force|)     :   0.00156225    0.00299158    0.00790419    0.01138144    0.00068272    0.00391224    0.01178767    0.00688799    0.00081255    0.00147223 
ksp              :   0.01000000    0.01000000    0.06691573    0.10000000    0.10000000    0.08475628    0.03054914    0.01000000    0.01000000 
max(|step|)      :   0.00000000    0.03631703    0.10000000    0.03837653    0.03838884    0.03839437    0.03925948    0.02073171    0.06263594    0.00000000 
angle (deg.)     :    52.4679  75.7245  21.0962  28.7604  19.3406  21.4093  73.5167  37.5137 
>
iteration       : 138
climbing        : yes
zoom on         : no
nim             : 10
barrier         :   0.00807954 (image:  4) 
distance        :   0.00000000    4.50443210    9.02127910    9.67013708   10.11181023   10.45704209   10.85069922   11.84811637   14.98444498   18.12128057 
energy          : -1075.52195325  -1075.53206909  -1075.52967475  -1075.51628288  -1075.51387371  -1075.51518096  -1075.51998391  -1075.54570460  -1075.55788181  -1075.55944373 
max(|Fr_perp|)   :   0.00000000    0.00539469    0.00212581    0.00164655    0.00059138    0.00058942    0.00349448    0.00384225    0.00120378    0.00000000 
Fr_paral         :   0.00000000    0.00134471   -0.01630573   -0.01702915   -0.00000317    0.00767185    0.02072860    0.01656554    0.00154646    0.00000000 
max(|Fsp_paral|) :   0.00000000    0.00005010    0.00109176    0.00190577    0.00486647    0.00038498    0.00095449    0.00023871    0.00000203    0.00000000 
max(|Fsp_perp|)  :   0.00000000    0.00000000    0.00000000    0.00000000    0.00000000    0.00000000    0.00000000    0.00000000    0.00000000    0.00000000 
max(|FNEB|)      :   0.00000000    0.00585017    0.00233400    0.00236620    0.00059909    0.00058333    0.00388703    0.00416772    0.00131056    0.00000000 
max(|Force|)     :   0.00156225    0.00585115    0.00913376    0.01029793    0.00059906    0.00374425    0.01165308    0.00810107    0.00133661    0.00147223 
ksp              :   0.01000000    0.01000000    0.07319773    0.10000000    0.10000000    0.08543941    0.03197417    0.01000000    0.01000000 
max(|step|)      :   0.00000000    0.00449648    0.00179392    0.00181868    0.00046047    0.00044835    0.00298759    0.00320333    0.00100730    0.00000000 
angle (deg.)     :    52.4732  75.7441  20.9677  28.7471  19.1832  21.1191  73.4208  37.5174 
>
iteration       : 139
climbing        : yes
zoom on         : no
nim             : 10
barrier         :   0.00807787 (image:  4) 
distance        :   0.00000000    4.50453941    9.02321555    9.66793517   10.11241503   10.45775832   10.85071234   11.84796888   14.98318825   18.11996742 
energy          : -1075.52195325  -1075.53210645  -1075.52967638  -1075.51632322  -1075.51387538  -1075.51518380  -1075.51999878  -1075.54572761  -1075.55788288  -1075.55944373 
max(|Fr_perp|)   :   0.00000000    0.00102276    0.00145659    0.00054316    0.00053306    0.00057263    0.00120682    0.00133162    0.00036630    0.00000000 
Fr_paral         :   0.00000000    0.00141960   -0.01628670   -0.01717213   -0.00000351    0.00767415    0.02081616    0.01667518    0.00155635    0.00000000 
max(|Fsp_paral|) :   0.00000000    0.00005648    0.00080798    0.00141486    0.00499076    0.00041634    0.00103021    0.00015221    0.00000550    0.00000000 
max(|Fsp_perp|)  :   0.00000000    0.00000000    0.00000000    0.00000000    0.00000000    0.00000000    0.00000000    0.00000000    0.00000000    0.00000000 
max(|FNEB|)      :   0.00000000    0.00101832    0.00177288    0.00180259    0.00053305    0.00052904    0.00115311    0.00135129    0.00036754    0.00000000 
max(|Force|)     :   0.00156225    0.00101631    0.00909683    0.01034358    0.00053308    0.00376796    0.01159115    0.00809142    0.00073998    0.00147223 
ksp              :   0.01000000    0.01000000    0.07272722    0.10000000    0.10000000    0.08542211    0.03177587    0.01000000    0.01000000 
max(|step|)      :   0.00000000    0.00012256    0.00136883    0.00144071    0.00040756    0.00040488    0.00070758    0.00090563    0.00013972    0.00000000 
angle (deg.)     :    52.4811  75.7720  20.8463  28.7397  19.0455  20.8946  73.3342  37.5207 
>
iteration       : 140
climbing        : yes
zoom on         : no
nim             : 10
barrier         :   0.00807618 (image:  4) 
distance        :   0.00000000    4.50467752    9.02514848    9.66669157   10.11338995   10.45879817   10.85098583   11.84838643   14.98255171   18.11927709 
energy          : -1075.52195325  -1075.53210644  -1075.52967220  -1075.51635494  -1075.51387707  -1075.51518626  -1075.51999474  -1075.54573702  -1075.55788342  -1075.55944373 
max(|Fr_perp|)   :   0.00000000    0.00114865    0.00138229    0.00054744    0.00052298    0.00056271    0.00112863    0.00093719    0.00024356    0.00000000 
Fr_paral         :   0.00000000    0.00142314   -0.01622864   -0.01727820   -0.00000350    0.00767554    0.02080888    0.01668887    0.00155531    0.00000000 
max(|Fsp_paral|) :   0.00000000    0.00006309    0.00058768    0.00102636    0.00509719    0.00044918    0.00096090    0.00018170    0.00000902    0.00000000 
max(|Fsp_perp|)  :   0.00000000    0.00000000    0.00000000    0.00000000    0.00000000    0.00000000    0.00000000    0.00000000    0.00000000    0.00000000 
max(|FNEB|)      :   0.00000000    0.00114414    0.00160957    0.00139404    0.00052296    0.00051926    0.00088467    0.00099224    0.00024500    0.00000000 
max(|Force|)     :   0.00156225    0.00114216    0.00900858    0.01039050    0.00052299    0.00377906    0.01158287    0.00798049    0.00074542    0.00147223 
ksp              :   0.01000000    0.01000000    0.07238700    0.10000000    0.10000000    0.08541053    0.03182543    0.01000000    0.01000000 
max(|step|)      :   0.00000000    0.00343690    0.01765684    0.01462730    0.00589075    0.00585483    0.00941728    0.01082967    0.00224568    0.00000000 
angle (deg.)     :    52.5844  76.4018  19.0943  28.7538  17.5556  18.9458  72.1585  37.5804 
>
iteration       : 141
climbing        : yes
zoom on         : no
nim             : 10
barrier         :   0.00805109 (image:  4) 
distance        :   0.00000000    4.50704203    9.05193157    9.66511022   10.13390956   10.47918034   10.86388444   11.86266595   14.98227993   18.11807436 
energy          : -1075.52195325  -1075.53208537  -1075.52963391  -1075.51668560  -1075.51390216  -1075.51521177  -1075.51990433  -1075.54575368  -1075.55788942  -1075.55944373 
max(|Fr_perp|)   :   0.00000000    0.00416371    0.00160773    0.00105309    0.00058905    0.00054440    0.00344310    0.00287659    0.00089567    0.00000000 
Fr_paral         :   0.00000000    0.00134722   -0.01468841   -0.01828945   -0.00000320    0.00766211    0.02040911    0.01705116    0.00155229    0.00000000 
max(|Fsp_paral|) :   0.00000000    0.00015106    0.00158286    0.00270780    0.00619001    0.00072519    0.00001371    0.00076825    0.00005704    0.00000000 
max(|Fsp_perp|)  :   0.00000000    0.00000000    0.00000000    0.00000000    0.00000000    0.00000000    0.00000000    0.00000000    0.00000000    0.00000000 
max(|FNEB|)      :   0.00000000    0.00416895    0.00165974    0.00238870    0.00058907    0.00057693    0.00338677    0.00285103    0.00089235    0.00000000 
max(|Force|)     :   0.00156225    0.00416923    0.00711574    0.01099126    0.00058904    0.00383500    0.01149479    0.00735171    0.00087224    0.00147223 
ksp              :   0.01000000    0.01000000    0.06888497    0.10000000    0.10000000    0.08536039    0.03290409    0.01000000    0.01000000 
max(|step|)      :   0.00000000    0.00474024    0.00642714    0.00271727    0.00272538    0.00272308    0.00439196    0.00378935    0.00118791    0.00000000 
angle (deg.)     :    52.5997  76.8128  18.2981  28.8796  17.2162  18.7550  71.6954  37.6242 
>
