idx	x	y	z	shell	standoff	V_R_Eh	V_TS_Eh	dv_Eh	dv_kcal_per_e
0	55.4466	36.0585	48.6096	4.0	3.996	-0.119403387	-0.119056710	0.000346677	0.2175
1	56.1877	31.2600	62.3452	4.0	3.997	-0.126076825	-0.129957150	-0.003880326	-2.4349
2	59.5221	30.4109	62.1332	4.0	3.997	-0.132393050	-0.136096780	-0.003703730	-2.3241
3	54.9787	37.7480	51.8856	3.0	2.995	-0.145981295	-0.146840856	-0.000859561	-0.5394
4	59.0712	42.4236	59.8961	5.0	4.999	-0.118783988	-0.119427024	-0.000643035	-0.4035
5	55.2057	28.7241	60.6566	4.0	3.996	-0.115091895	-0.117622664	-0.002530769	-1.5881
6	66.2462	28.4643	55.3525	4.0	3.996	-0.134319141	-0.131697058	0.002622083	1.6454
7	53.0737	37.9074	55.6023	3.0	2.997	-0.153538326	-0.154793103	-0.001254777	-0.7874
8	56.1572	29.5324	62.4744	5.0	5.004	-0.112702557	-0.115487073	-0.002784516	-1.7473
9	56.2675	39.6490	59.3794	3.0	2.995	-0.163350512	-0.164013982	-0.000663470	-0.4163
10	54.4535	40.6860	58.1667	4.0	3.996	-0.135834375	-0.136500275	-0.000665900	-0.4179
11	55.2979	37.2690	50.8369	3.0	2.995	-0.138593952	-0.138986853	-0.000392901	-0.2465
12	56.8612	36.4986	49.6269	3.0	2.999	-0.137671106	-0.137249424	0.000421682	0.2646
13	67.2863	31.2900	55.6534	4.0	3.998	-0.137876400	-0.135677309	0.002199091	1.3800
14	63.0676	34.1318	62.0740	4.0	3.997	-0.134727937	-0.136771869	-0.002043931	-1.2826
15	53.2929	33.4420	48.3252	5.0	4.997	-0.106619529	-0.106427268	0.000192261	0.1206
16	49.0190	31.8876	53.5570	5.0	4.998	-0.093646293	-0.094196318	-0.000550025	-0.3451
17	54.0447	25.8855	57.6026	5.0	4.998	-0.098844287	-0.099680028	-0.000835741	-0.5244
18	52.6794	35.3009	61.9965	5.0	4.997	-0.116264747	-0.118137745	-0.001872998	-1.1753
19	61.5149	41.0132	58.9404	4.0	3.997	-0.135533264	-0.136377207	-0.000843943	-0.5296
20	49.7672	31.5999	58.3090	5.0	4.997	-0.097961201	-0.098932024	-0.000970823	-0.6092
21	53.3463	37.6894	60.8623	4.0	3.997	-0.130240135	-0.131649193	-0.001409058	-0.8842
22	57.4406	34.4684	64.2883	5.0	4.997	-0.117469619	-0.120031066	-0.002561446	-1.6073
23	66.5705	27.6656	57.3511	5.0	4.996	-0.116442416	-0.115224901	0.001217515	0.7640
24	65.0439	26.8329	58.3999	5.0	4.999	-0.116293233	-0.115629414	0.000663819	0.4166
25	61.9464	37.5026	48.5937	5.0	4.996	-0.121825595	-0.120870410	0.000955185	0.5994
26	66.2461	33.3254	50.7456	4.0	3.995	-0.134651344	-0.131571305	0.003080039	1.9328
27	68.0171	33.2184	56.7531	5.0	4.996	-0.124545220	-0.123555579	0.000989641	0.6210
28	52.5313	29.8095	60.6644	5.0	4.998	-0.104211628	-0.106030758	-0.001819130	-1.1415
29	58.3585	27.1280	59.5675	4.0	3.997	-0.122957783	-0.124701196	-0.001743413	-1.0940
30	53.1672	34.5916	48.4571	5.0	4.998	-0.106519265	-0.106446873	0.000072392	0.0454
31	54.1497	31.6835	61.0796	4.0	4.014	-0.126921918	-0.130315796	-0.003393878	-2.1297
32	50.4213	28.0974	54.6294	5.0	4.998	-0.091786162	-0.092320196	-0.000534034	-0.3351
33	67.3359	28.9435	53.5294	5.0	4.998	-0.121881074	-0.119134879	0.002746195	1.7233
34	65.6260	30.5160	60.7237	5.0	4.996	-0.121004759	-0.121438814	-0.000434054	-0.2724
35	51.6862	29.6920	54.9011	3.0	2.995	-0.108203297	-0.108946289	-0.000742991	-0.4662
36	53.9555	38.5125	52.7934	4.0	3.997	-0.138665362	-0.139625512	-0.000960149	-0.6025
37	61.8597	37.3782	49.8726	4.0	3.997	-0.138215520	-0.137339026	0.000876494	0.5500
38	59.3998	40.7484	54.3973	3.0	2.996	-0.158440538	-0.159073795	-0.000633258	-0.3974
39	58.8998	32.8862	48.0784	4.0	3.997	-0.134957743	-0.132610023	0.002347720	1.4732
40	51.5836	37.5190	57.1343	4.0	3.996	-0.129043678	-0.130103893	-0.001060215	-0.6653
41	64.3608	26.8727	54.8567	4.0	3.997	-0.134826946	-0.132076428	0.002750518	1.7260
42	52.6581	39.2931	58.0434	4.0	3.995	-0.130450292	-0.131319581	-0.000869289	-0.5455
43	64.8546	36.1322	49.4397	5.0	4.999	-0.123581145	-0.121979595	0.001601551	1.0050
44	62.2809	38.4973	52.0575	4.0	3.996	-0.150270378	-0.150106516	0.000163862	0.1028
45	53.3953	31.1666	50.6703	3.0	2.996	-0.123174320	-0.123528253	-0.000353933	-0.2221
46	53.6452	29.0875	50.5317	4.0	3.995	-0.111979421	-0.111821142	0.000158279	0.0993
47	50.8026	30.9459	59.4532	5.0	4.996	-0.101075939	-0.102373926	-0.001297986	-0.8145
48	60.2077	42.0590	57.5861	4.0	3.996	-0.133781711	-0.134364694	-0.000582982	-0.3658
49	60.4531	30.7963	47.0622	5.0	4.997	-0.118144629	-0.115477399	0.002667231	1.6737
50	56.7165	34.0491	47.9818	4.0	3.999	-0.123650166	-0.122495251	0.001154915	0.7247
51	53.6116	36.6504	61.4115	4.0	3.997	-0.131226447	-0.133064927	-0.001838480	-1.1537
52	63.4800	41.4113	56.9322	5.0	4.996	-0.122375528	-0.122921336	-0.000545808	-0.3425
53	50.5425	37.2171	56.0313	5.0	4.998	-0.115137942	-0.116057601	-0.000919659	-0.5771
54	57.2209	26.5049	60.2580	5.0	4.997	-0.108734242	-0.110245226	-0.001510984	-0.9482
55	66.5341	37.3112	57.7771	5.0	4.999	-0.124610618	-0.124883942	-0.000273324	-0.1715
56	55.4107	33.3547	63.7020	5.0	4.996	-0.115471579	-0.118193195	-0.002721616	-1.7078
57	53.2375	36.5370	62.3959	5.0	4.996	-0.116346166	-0.118032243	-0.001686077	-1.0580
58	61.1765	26.1319	50.7763	5.0	4.997	-0.119368372	-0.116484349	0.002884023	1.8098
59	61.1022	26.3158	54.5681	4.0	3.997	-0.139770795	-0.137463103	0.002307692	1.4481
60	52.4830	35.0486	49.1818	5.0	5.015	-0.106793959	-0.106963539	-0.000169580	-0.1064
61	57.7065	31.0781	47.7900	5.0	4.999	-0.122547532	-0.120503452	0.002044079	1.2827
62	55.1825	26.5468	57.7598	4.0	3.997	-0.109661356	-0.110774275	-0.001112919	-0.6984
63	59.9654	43.1222	55.3626	5.0	4.998	-0.118962026	-0.119366729	-0.000404703	-0.2540
64	61.0839	37.0324	49.1977	4.0	3.997	-0.134786338	-0.133803046	0.000983292	0.6170
65	52.8006	26.4339	55.4793	5.0	4.998	-0.097886156	-0.098472895	-0.000586738	-0.3682
66	52.6248	33.0215	61.1876	5.0	4.999	-0.118010012	-0.120307075	-0.002297063	-1.4414
67	59.4987	37.8784	62.0222	4.0	3.998	-0.144427366	-0.146268822	-0.001841456	-1.1555
68	56.6912	25.2081	57.8319	5.0	4.999	-0.105331025	-0.105950268	-0.000619243	-0.3886
69	61.6562	27.3875	50.4990	4.0	3.996	-0.133081039	-0.128983741	0.004097298	2.5711
70	64.0487	30.0786	48.8775	4.0	3.996	-0.128805802	-0.124648348	0.004157454	2.6088
71	60.7563	32.6188	46.9037	5.0	4.997	-0.119534949	-0.117187940	0.002347008	1.4728
72	57.0929	29.9512	50.8124	3.0	2.995	-0.155320128	-0.152445976	0.002874152	1.8036
73	59.5951	37.1798	61.1331	3.0	2.995	-0.168324672	-0.170599766	-0.002275093	-1.4276
74	50.2449	36.1501	55.2482	5.0	4.998	-0.112609968	-0.113508012	-0.000898044	-0.5635
75	59.5491	27.0747	55.3351	3.0	2.995	-0.150896152	-0.149501214	0.001394938	0.8753
76	63.8945	32.1042	59.6704	3.0	3.018	-0.161987201	-0.163546009	-0.001558807	-0.9782
77	61.1007	29.0794	48.7631	4.0	3.996	-0.131602116	-0.127598271	0.004003844	2.5125
78	51.6571	31.7457	50.6047	4.0	3.998	-0.106904258	-0.107344970	-0.000440712	-0.2766
79	54.8902	36.9299	63.1339	5.0	4.997	-0.119470619	-0.121306936	-0.001836317	-1.1523
80	55.0190	27.4725	55.8398	3.0	2.995	-0.121120631	-0.122168143	-0.001047512	-0.6573
81	54.7459	39.1928	62.1961	5.0	4.996	-0.118395828	-0.119590854	-0.001195026	-0.7499
82	52.9664	28.1797	57.7750	4.0	4.024	-0.106705055	-0.108008699	-0.001303644	-0.8180
83	64.4093	32.3080	62.1459	5.0	4.996	-0.121796756	-0.123115885	-0.001319129	-0.8278
84	56.7183	29.9084	61.6099	4.0	4.020	-0.126363005	-0.130145423	-0.003782418	-2.3735
85	58.1995	36.5063	63.7578	5.0	4.998	-0.124037564	-0.126191821	-0.002154256	-1.3518
86	57.8576	42.1932	60.1380	5.0	4.997	-0.119883299	-0.120542153	-0.000658854	-0.4134
87	64.1685	28.8439	48.3609	5.0	4.997	-0.113897473	-0.110675940	0.003221532	2.0215
88	60.3485	27.1333	49.3109	5.0	4.999	-0.118525664	-0.115608038	0.002917626	1.8308
89	57.2658	32.2116	63.0849	4.0	3.998	-0.127118315	-0.130919035	-0.003800720	-2.3850
90	53.6297	33.0902	62.3791	5.0	5.000	-0.116966078	-0.119549887	-0.002583809	-1.6214
91	61.9700	27.4039	59.0633	4.0	4.000	-0.134445658	-0.135002258	-0.000556600	-0.3493
92	59.8123	26.3225	60.2892	5.0	4.996	-0.112826012	-0.113941425	-0.001115413	-0.6999
93	63.8944	35.3043	48.1838	5.0	4.998	-0.120763537	-0.118888694	0.001874843	1.1765
94	65.0797	28.6426	55.9869	3.0	2.998	-0.154032841	-0.151147167	0.002885675	1.8108
95	64.8206	33.2191	47.8311	5.0	4.998	-0.116169353	-0.113671337	0.002498016	1.5675
96	51.5142	27.6742	52.7046	5.0	4.998	-0.095126031	-0.095453408	-0.000327377	-0.2054
97	56.1314	41.9557	59.5630	5.0	4.998	-0.122035588	-0.122668043	-0.000632455	-0.3969
98	54.3191	41.8594	57.0833	5.0	4.998	-0.121267175	-0.121852625	-0.000585450	-0.3674
99	62.9061	39.1703	51.5693	5.0	4.997	-0.132985002	-0.132715430	0.000269572	0.1692
100	63.9850	36.8013	51.5082	4.0	3.998	-0.148120442	-0.147013895	0.001106546	0.6944
101	60.9103	26.9533	60.7132	5.0	4.997	-0.116050633	-0.117232785	-0.001182152	-0.7418
102	51.4515	36.0601	55.0573	4.0	3.996	-0.129187430	-0.130342251	-0.001154821	-0.7247
103	53.7676	39.1572	57.1292	3.0	2.996	-0.153971417	-0.154818421	-0.000847004	-0.5315
104	53.6318	38.6985	61.9136	5.0	4.996	-0.116264074	-0.117476493	-0.001212419	-0.7608
105	52.5921	31.0305	59.5624	4.0	4.013	-0.116690375	-0.118752307	-0.002061932	-1.2939
106	53.0241	30.7974	58.5114	3.0	2.995	-0.122827917	-0.124791840	-0.001963924	-1.2324
107	55.3805	34.5179	48.2944	4.0	3.995	-0.119379564	-0.118743506	0.000636059	0.3991
108	55.0985	38.5262	61.5085	4.0	3.997	-0.134472239	-0.135856224	-0.001383985	-0.8685
109	58.4633	30.4160	50.3875	3.0	2.997	-0.165790570	-0.161385685	0.004404885	2.7641
110	57.7092	38.9708	52.7513	3.0	2.995	-0.169564731	-0.170484503	-0.000919771	-0.5772
111	55.1124	31.3822	47.9472	5.0	4.997	-0.111936105	-0.111011353	0.000924752	0.5803
112	63.6358	33.6146	48.4759	4.0	3.998	-0.132453600	-0.129475683	0.002977917	1.8687
113	61.6737	37.8143	52.6620	3.0	2.995	-0.173313028	-0.173375243	-0.000062215	-0.0390
114	53.6324	34.9373	62.6110	5.0	4.999	-0.118515251	-0.120730657	-0.002215406	-1.3902
115	48.9165	31.2849	55.4008	5.0	4.999	-0.092755324	-0.093369086	-0.000613762	-0.3851
116	61.3146	40.0668	52.8019	4.0	3.996	-0.144288773	-0.144572972	-0.000284199	-0.1783
117	52.1503	32.4725	48.8346	5.0	4.997	-0.101538857	-0.101560191	-0.000021334	-0.0134
118	61.4534	41.4878	55.1464	4.0	3.997	-0.136510630	-0.137027257	-0.000516627	-0.3242
119	52.5245	37.0366	57.6232	3.0	2.997	-0.148657713	-0.149912170	-0.001254457	-0.7872
120	61.1717	42.5302	58.6469	5.0	4.997	-0.118583449	-0.119184596	-0.000601146	-0.3772
121	53.0127	38.8889	52.1416	5.0	4.998	-0.120099827	-0.120779013	-0.000679186	-0.4262
122	64.0137	34.6246	59.8133	3.0	2.997	-0.156615631	-0.158418106	-0.001802475	-1.1311
123	60.3483	36.4162	63.5894	5.0	4.999	-0.124414221	-0.126394933	-0.001980712	-1.2429
124	57.4575	37.7757	62.2100	4.0	3.995	-0.142193127	-0.144127824	-0.001934697	-1.2140
125	52.6506	37.2822	53.6812	4.0	4.011	-0.137292440	-0.138496337	-0.001203897	-0.7555
126	64.7924	34.2817	62.0012	5.0	4.999	-0.121635666	-0.122873952	-0.001238286	-0.7770
127	55.5352	25.1664	56.6904	5.0	4.998	-0.102458486	-0.102921320	-0.000462834	-0.2904
128	57.3327	31.7043	49.7421	3.0	2.998	-0.153698451	-0.150957145	0.002741305	1.7202
129	55.3255	38.5116	53.6534	3.0	2.997	-0.168874793	-0.170286650	-0.001411857	-0.8860
130	56.5545	33.6885	62.0375	3.0	2.996	-0.148269171	-0.153270749	-0.005001577	-3.1385
131	57.6251	42.3677	53.3721	5.0	4.998	-0.122096975	-0.122502149	-0.000405174	-0.2543
132	62.3083	42.1939	55.2233	5.0	4.996	-0.121152075	-0.121544988	-0.000392913	-0.2466
133	65.5468	34.1447	53.9930	3.0	2.995	-0.172384929	-0.169721741	0.002663188	1.6712
134	53.9355	38.1687	59.5738	3.0	2.996	-0.151197673	-0.152332519	-0.001134846	-0.7121
135	57.1791	40.8000	57.9418	3.0	2.994	-0.160459516	-0.160871714	-0.000412198	-0.2587
136	50.7628	30.9992	57.8092	4.0	3.999	-0.104630467	-0.105637592	-0.001007125	-0.6320
137	51.6774	28.5633	58.8338	5.0	4.997	-0.097952717	-0.099146121	-0.001193404	-0.7489
138	60.5659	30.6667	61.8892	4.0	3.996	-0.137101103	-0.140597350	-0.003496248	-2.1939
139	61.2135	37.8338	62.8444	5.0	4.998	-0.125443296	-0.127008475	-0.001565178	-0.9822
140	66.7429	30.1324	53.7001	4.0	3.998	-0.140732961	-0.137136046	0.003596915	2.2571
141	56.3069	28.4464	52.2792	3.0	2.994	-0.142150450	-0.140913354	0.001237095	0.7763
142	61.7522	38.7866	49.7444	5.0	4.998	-0.125042227	-0.124533488	0.000508739	0.3192
143	54.4492	29.3876	51.3406	3.0	2.993	-0.127486022	-0.127396004	0.000090018	0.0565
144	57.2384	28.0273	53.1182	3.0	2.996	-0.148952917	-0.147334433	0.001618485	1.0156
145	53.0037	30.8393	61.4067	5.0	4.997	-0.109273221	-0.111500870	-0.002227649	-1.3979
146	50.8501	33.9507	57.6333	4.0	3.995	-0.117891056	-0.119017195	-0.001126139	-0.7067
147	62.0581	42.4965	56.5143	5.0	4.997	-0.119613411	-0.120092814	-0.000479403	-0.3008
148	60.0731	29.9420	62.8979	5.0	4.998	-0.119556402	-0.122202925	-0.002646523	-1.6607
149	54.3473	30.5257	62.2034	5.0	4.998	-0.111391414	-0.114022527	-0.002631113	-1.6510
150	66.2632	29.1153	59.5241	5.0	4.996	-0.117818355	-0.117540872	0.000277483	0.1741
151	63.8954	27.8933	56.7384	3.0	2.996	-0.152603120	-0.150682326	0.001920795	1.2053
152	54.2863	28.2380	57.5752	3.0	2.996	-0.117489389	-0.119150853	-0.001661464	-1.0426
153	56.7649	42.6832	54.6070	5.0	4.998	-0.121271083	-0.121722911	-0.000451828	-0.2835
154	62.5103	35.2791	63.3989	5.0	4.997	-0.120307531	-0.122063049	-0.001755518	-1.1016
155	63.9944	36.1353	61.0110	4.0	4.001	-0.135573258	-0.137113804	-0.001540546	-0.9667
156	57.6802	34.8175	49.0264	3.0	2.996	-0.141315204	-0.139958200	0.001357003	0.8515
157	65.2680	34.2643	56.9966	3.0	2.995	-0.170422180	-0.169951713	0.000470467	0.2952
158	52.3617	33.4902	51.3844	3.0	2.994	-0.123099380	-0.124064466	-0.000965086	-0.6056
159	66.6758	33.1498	49.4764	5.0	4.998	-0.117317142	-0.114820755	0.002496387	1.5665
160	49.4960	32.7125	57.8309	5.0	4.998	-0.099736160	-0.100648987	-0.000912827	-0.5728
161	58.1179	29.9198	60.4100	3.0	3.037	-0.147653508	-0.152981533	-0.005328025	-3.3434
162	56.6593	35.1405	47.0460	5.0	4.997	-0.110924995	-0.110111780	0.000813215	0.5103
163	65.3011	28.0773	57.7628	4.0	3.996	-0.131666646	-0.130539447	0.001127199	0.7073
164	50.9778	31.6743	56.0228	3.0	2.998	-0.111151033	-0.111744548	-0.000593515	-0.3724
165	61.0448	42.8042	55.1921	5.0	4.997	-0.119600071	-0.119995600	-0.000395529	-0.2482
166	63.3341	31.1212	61.1590	4.0	3.997	-0.138229448	-0.140061082	-0.001831634	-1.1494
167	50.4871	32.7922	52.3809	4.0	3.998	-0.105770483	-0.106475422	-0.000704939	-0.4424
168	62.1652	28.6181	50.5505	3.0	2.998	-0.151703425	-0.145729252	0.005974173	3.7489
169	55.5158	40.2283	61.6519	5.0	4.998	-0.120407689	-0.121397526	-0.000989837	-0.6211
170	51.3046	28.9039	53.5640	4.0	3.998	-0.100855922	-0.101439785	-0.000583862	-0.3664
171	57.4918	37.5863	50.4125	3.0	2.995	-0.144533146	-0.144513100	0.000020045	0.0126
172	59.7183	30.8044	49.4296	3.0	2.998	-0.157677119	-0.152916525	0.004760594	2.9873
173	56.8884	28.0001	49.7137	5.0	4.998	-0.119737449	-0.117965558	0.001771890	1.1119
174	54.2819	39.6481	60.0838	4.0	3.996	-0.133040341	-0.133966218	-0.000925877	-0.5810
175	65.9150	30.5008	56.9235	3.0	2.997	-0.155343618	-0.153334479	0.002009139	1.2608
176	58.0747	42.9515	54.5002	5.0	4.998	-0.120156002	-0.120562835	-0.000406833	-0.2553
177	63.4658	35.5847	62.8813	5.0	4.997	-0.120162411	-0.121681834	-0.001519422	-0.9535
178	50.5838	34.9186	50.9815	5.0	4.998	-0.102427309	-0.102959977	-0.000532668	-0.3343
179	60.3697	33.2939	47.9874	4.0	4.003	-0.135915634	-0.133287830	0.002627805	1.6490
180	61.1060	31.0710	60.8189	3.0	2.996	-0.156861329	-0.161072571	-0.004211242	-2.6426
181	58.9206	41.7714	59.0082	4.0	3.998	-0.134569536	-0.135187055	-0.000617520	-0.3875
182	55.2912	30.1718	61.3968	4.0	3.998	-0.121891953	-0.125252636	-0.003360683	-2.1089
183	59.4261	37.5563	48.1112	5.0	4.998	-0.119370618	-0.118673947	0.000696672	0.4372
184	55.5119	30.3053	48.2181	5.0	4.998	-0.113136232	-0.111994035	0.001142197	0.7167
185	60.9373	42.0389	59.8525	5.0	4.998	-0.119076192	-0.119782912	-0.000706720	-0.4435
186	60.4929	28.0367	51.7018	3.0	2.995	-0.158599894	-0.153359561	0.005240333	3.2884
187	52.9424	35.3721	60.8827	4.0	3.995	-0.130805418	-0.132897244	-0.002091826	-1.3126
188	59.3731	26.0422	57.4794	4.0	3.998	-0.125156781	-0.125352038	-0.000195257	-0.1225
189	59.3191	42.8878	54.2414	5.0	4.997	-0.120090438	-0.120464543	-0.000374104	-0.2348
190	66.2269	31.9321	54.7501	3.0	2.998	-0.164854286	-0.161240433	0.003613853	2.2677
191	55.2643	38.0434	48.6366	5.0	4.996	-0.110857593	-0.110806346	0.000051247	0.0322
192	56.6759	35.8873	61.5392	3.0	3.013	-0.163379276	-0.167060180	-0.003680903	-2.3098
193	52.8016	40.5806	55.0638	5.0	4.998	-0.119627555	-0.120320265	-0.000692709	-0.4347
194	59.8541	30.2901	60.5473	3.0	3.015	-0.155149846	-0.160187809	-0.005037963	-3.1614
195	52.7594	32.8618	59.7359	4.0	3.999	-0.129821565	-0.132287187	-0.002465621	-1.5472
196	62.9610	29.7504	61.7924	5.0	5.005	-0.123767682	-0.125328301	-0.001560619	-0.9793
197	66.9059	32.9400	59.4549	5.0	4.997	-0.124371264	-0.124415441	-0.000044177	-0.0277
198	55.5912	32.5511	49.6667	3.0	2.997	-0.139729970	-0.138597728	0.001132242	0.7105
199	51.8352	36.1445	61.1752	5.0	4.998	-0.114312012	-0.115797364	-0.001485353	-0.9321
200	57.6396	27.0348	51.1138	5.0	5.007	-0.124597280	-0.122636032	0.001961248	1.2307
201	67.6634	29.8668	53.3127	5.0	4.999	-0.122856162	-0.120110932	0.002745230	1.7227
202	60.7630	34.0412	47.0060	5.0	4.998	-0.119828003	-0.117898094	0.001929909	1.2110
203	65.8503	35.2744	51.9676	4.0	3.996	-0.142436411	-0.140444871	0.001991540	1.2497
204	64.9551	37.5376	54.6978	4.0	3.997	-0.148167264	-0.148011527	0.000155737	0.0977
205	62.0751	26.8464	51.7741	4.0	3.998	-0.135642575	-0.131702859	0.003939717	2.4722
206	66.3476	35.5933	50.6655	5.0	4.998	-0.123501875	-0.121775802	0.001726073	1.0831
207	59.7195	31.4984	47.1242	5.0	4.998	-0.120521519	-0.118066529	0.002454990	1.5405
208	67.8240	32.5794	57.8866	5.0	4.998	-0.122663318	-0.121981554	0.000681764	0.4278
209	58.4320	36.6565	49.8689	3.0	2.994	-0.146884207	-0.146258771	0.000625436	0.3925
210	53.6584	34.8657	50.9230	3.0	3.028	-0.133962509	-0.134589889	-0.000627380	-0.3937
211	63.4981	39.5919	55.3360	4.0	3.995	-0.144934599	-0.145482788	-0.000548189	-0.3440
212	54.1026	36.1445	48.1306	5.0	4.998	-0.107044379	-0.106899498	0.000144881	0.0909
213	65.0890	30.1277	48.2545	5.0	4.999	-0.113858408	-0.110758547	0.003099861	1.9452
214	56.7312	27.0418	59.3383	4.0	3.999	-0.116429949	-0.118149640	-0.001719691	-1.0791
215	58.4516	41.0359	55.0082	3.0	2.995	-0.158099563	-0.158677519	-0.000577956	-0.3627
216	66.6518	29.7518	50.0643	5.0	4.998	-0.115667030	-0.112561841	0.003105189	1.9485
217	62.0920	29.8356	48.3535	4.0	3.998	-0.129872047	-0.125849433	0.004022615	2.5242
218	62.1605	28.9049	60.3551	4.0	3.998	-0.137896210	-0.139551811	-0.001655601	-1.0389
219	64.2325	29.8247	58.8751	3.0	2.999	-0.154178485	-0.154266912	-0.000088426	-0.0555
220	62.8214	39.0233	56.4477	3.0	2.994	-0.164390425	-0.165584099	-0.001193674	-0.7490
221	51.6727	32.8513	52.2017	3.0	2.997	-0.118233835	-0.119259821	-0.001025986	-0.6438
222	60.7855	29.0593	59.7877	3.0	2.993	-0.150926955	-0.153700601	-0.002773646	-1.7405
223	59.8297	43.2550	56.5173	5.0	4.997	-0.118229079	-0.118675783	-0.000446704	-0.2803
224	53.4334	33.8264	59.1774	3.0	2.996	-0.152847897	-0.155859391	-0.003011493	-1.8897
225	58.4312	26.6955	60.6315	5.0	4.995	-0.111735274	-0.113296195	-0.001560920	-0.9795
226	63.1990	26.8662	49.8524	5.0	4.996	-0.115966806	-0.112758998	0.003207808	2.0129
227	56.5612	32.3234	61.8036	3.0	2.995	-0.144020367	-0.149445495	-0.005425128	-3.4043
228	60.6134	40.8817	55.6422	3.0	2.997	-0.156211121	-0.156898509	-0.000687388	-0.4313
229	62.0097	32.8049	48.9149	3.0	2.997	-0.152689686	-0.148477043	0.004212643	2.6435
230	50.1104	29.6739	52.2491	5.0	4.996	-0.093217956	-0.093630673	-0.000412717	-0.2590
231	60.0004	24.9756	56.8008	5.0	4.998	-0.115053074	-0.114671859	0.000381215	0.2392
232	63.2391	28.3184	51.5738	3.0	2.996	-0.154017356	-0.147971491	0.006045865	3.7938
233	56.7909	39.0399	50.7083	4.0	3.996	-0.133043779	-0.133331260	-0.000287480	-0.1804
234	60.0082	37.8211	51.2645	3.0	2.997	-0.159963038	-0.159826165	0.000136873	0.0859
235	58.6443	32.3806	47.1989	5.0	4.996	-0.120957555	-0.118963702	0.001993853	1.2512
236	54.8578	41.2889	60.0009	5.0	4.997	-0.119959619	-0.120686376	-0.000726757	-0.4560
237	66.0746	32.9683	54.9259	3.0	2.995	-0.168080699	-0.165112608	0.002968092	1.8625
238	51.8759	29.6545	58.3508	4.0	3.996	-0.105971677	-0.107280030	-0.001308353	-0.8210
239	60.2280	42.7394	58.9039	5.0	4.997	-0.118164853	-0.118750674	-0.000585822	-0.3676
240	60.5244	29.7133	47.3776	5.0	4.996	-0.117402499	-0.114572114	0.002830385	1.7761
241	64.7013	29.7025	61.0650	5.0	4.997	-0.120904153	-0.121602357	-0.000698204	-0.4381
242	58.7344	26.3794	54.2881	4.0	3.999	-0.134404090	-0.132995670	0.001408420	0.8838
243	62.1080	39.9066	51.7861	5.0	4.998	-0.132051783	-0.132006407	0.000045377	0.0285
244	65.7050	27.8931	56.2983	4.0	3.998	-0.132439272	-0.130414151	0.002025121	1.2708
245	63.7300	26.0353	52.4437	5.0	4.997	-0.120577781	-0.117650406	0.002927374	1.8370
246	63.1487	32.6912	47.0648	5.0	4.997	-0.116250579	-0.113708694	0.002541885	1.5951
247	63.8535	33.5944	61.4488	4.0	4.004	-0.136569193	-0.138327756	-0.001758563	-1.1035
248	57.9280	38.9664	48.9976	5.0	4.997	-0.118301045	-0.118121746	0.000179298	0.1125
249	60.6077	41.0569	61.1921	5.0	4.997	-0.120746618	-0.121641697	-0.000895079	-0.5617
250	54.6696	29.8651	59.7637	3.0	2.996	-0.126258667	-0.129373035	-0.003114368	-1.9543
251	64.2032	37.6466	50.9004	5.0	5.001	-0.131753719	-0.130857812	0.000895907	0.5622
252	53.7698	29.5955	61.6188	5.0	4.997	-0.106309959	-0.108498061	-0.002188102	-1.3731
253	52.4573	35.7189	58.0975	3.0	2.997	-0.148306721	-0.149884106	-0.001577386	-0.9898
254	63.4467	26.7491	57.3120	4.0	3.996	-0.132281522	-0.131223275	0.001058247	0.6641
255	62.2019	27.5582	57.3164	3.0	2.995	-0.153723783	-0.152962302	0.000761482	0.4778
256	56.9535	26.3043	52.1257	5.0	4.998	-0.118036769	-0.116827851	0.001208918	0.7586
257	64.7296	31.2672	50.2673	3.0	2.996	-0.150493172	-0.145013997	0.005479174	3.4382
258	60.6572	25.1926	55.1726	5.0	4.998	-0.121223659	-0.119934382	0.001289278	0.8090
259	58.1488	42.6988	59.3118	5.0	4.998	-0.118901129	-0.119479698	-0.000578569	-0.3631
260	67.0190	30.9231	50.0255	5.0	4.998	-0.116175531	-0.113247743	0.002927788	1.8372
261	58.1289	37.4985	47.9367	5.0	4.997	-0.116237286	-0.115680254	0.000557032	0.3495
262	54.8634	40.1165	51.9801	5.0	4.996	-0.124764419	-0.125325625	-0.000561207	-0.3522
263	59.6991	41.6739	52.2797	5.0	4.996	-0.124128404	-0.124391248	-0.000262844	-0.1649
264	58.6307	27.9301	61.6606	5.0	4.996	-0.115313048	-0.117541875	-0.002228827	-1.3986
265	53.7845	31.2249	48.2317	5.0	4.997	-0.105806648	-0.105328216	0.000478432	0.3002
266	62.7643	37.4315	50.7128	4.0	3.996	-0.143143506	-0.142309992	0.000833514	0.5230
267	53.7260	29.0047	52.2789	3.0	2.998	-0.121301079	-0.121825316	-0.000524237	-0.3290
268	53.6037	38.5988	60.5309	4.0	3.997	-0.130842465	-0.132006793	-0.001164327	-0.7306
269	51.6134	33.4151	58.8257	4.0	3.998	-0.122322303	-0.123906410	-0.001584107	-0.9940
270	62.8562	40.1319	60.4866	5.0	4.997	-0.123489926	-0.124474212	-0.000984286	-0.6176
271	64.0380	30.3673	50.0150	3.0	2.997	-0.149448167	-0.143588929	0.005859238	3.6767
272	63.5594	37.4718	54.3759	3.0	2.993	-0.169811684	-0.169925202	-0.000113519	-0.0712
273	56.2334	25.1781	54.8470	5.0	4.997	-0.107417631	-0.107303684	0.000113948	0.0715
274	65.2482	37.3670	60.7401	5.0	4.997	-0.120285821	-0.121236537	-0.000950716	-0.5966
275	58.6278	40.9813	52.9404	4.0	3.997	-0.140211279	-0.140684840	-0.000473560	-0.2972
276	60.0426	35.6417	49.3064	3.0	2.996	-0.148103758	-0.146664335	0.001439424	0.9033
277	58.6468	40.0874	53.4448	3.0	2.995	-0.162530856	-0.163239971	-0.000709115	-0.4450
278	57.3878	41.5454	59.0428	4.0	3.998	-0.136862672	-0.137446955	-0.000584283	-0.3666
279	65.7894	33.4572	60.7851	5.0	4.998	-0.125124559	-0.125889612	-0.000765053	-0.4801
280	57.7711	29.7818	61.7202	4.0	3.997	-0.128647004	-0.132476454	-0.003829450	-2.4030
281	57.3905	40.4070	54.2336	3.0	2.997	-0.162457130	-0.163187459	-0.000730329	-0.4583
282	51.1825	27.9016	57.3497	5.0	4.995	-0.094279521	-0.095142674	-0.000863153	-0.5416
283	56.7572	43.0009	56.3886	5.0	4.998	-0.120050168	-0.120515842	-0.000465674	-0.2922
284	60.1422	27.5330	61.3904	5.0	4.997	-0.115889639	-0.117602961	-0.001713322	-1.0751
285	56.4069	27.0216	56.1578	3.0	2.996	-0.126866301	-0.127595999	-0.000729698	-0.4579
286	56.5963	25.7207	53.2975	5.0	4.997	-0.113278573	-0.112610984	0.000667589	0.4189
287	60.2086	32.1968	47.9998	4.0	3.997	-0.136038180	-0.132952571	0.003085609	1.9362
288	67.6228	28.9781	54.5547	5.0	4.998	-0.120033416	-0.117725615	0.002307802	1.4482
289	66.8102	33.7237	53.6372	4.0	3.999	-0.145272835	-0.142834270	0.002438565	1.5302
290	65.1676	36.4018	53.7313	4.0	4.008	-0.154047092	-0.153122650	0.000924442	0.5801
291	57.2988	27.5386	52.0686	4.0	4.010	-0.135588127	-0.133735304	0.001852822	1.1627
292	54.4511	38.5474	49.5446	5.0	4.996	-0.112059220	-0.112247718	-0.000188498	-0.1183
293	58.7014	27.6731	51.7086	4.0	3.996	-0.143874617	-0.140724064	0.003150552	1.9770
294	59.8387	40.4003	61.9246	5.0	4.996	-0.122225706	-0.123261211	-0.001035505	-0.6498
295	48.9262	32.9298	55.8086	5.0	4.998	-0.096731761	-0.097425941	-0.000694180	-0.4356
296	64.2503	37.9172	53.7311	4.0	3.998	-0.150012617	-0.149809245	0.000203372	0.1276
297	51.5694	37.6272	53.5993	5.0	5.004	-0.120137340	-0.121037366	-0.000900026	-0.5648
298	59.3053	39.2839	61.4877	4.0	3.995	-0.140641872	-0.141942708	-0.001300836	-0.8163
299	67.0099	30.1076	56.3274	4.0	3.999	-0.134764212	-0.132783546	0.001980666	1.2429
300	61.9336	28.6794	47.8238	5.0	4.997	-0.115181852	-0.112094625	0.003087227	1.9373
301	58.2263	28.6518	59.6004	3.0	2.999	-0.140434950	-0.143814704	-0.003379755	-2.1208
302	64.1773	29.8374	60.2000	4.0	3.999	-0.135928944	-0.136704400	-0.000775456	-0.4866
303	65.9996	26.7988	54.7248	5.0	4.998	-0.118456336	-0.116222638	0.002233698	1.4017
304	61.2480	26.5535	53.0822	4.0	3.998	-0.140188721	-0.136880985	0.003307736	2.0756
305	61.3590	37.4501	51.3146	3.0	2.994	-0.160088946	-0.159647175	0.000441771	0.2772
306	54.8597	40.2373	54.3077	4.0	3.996	-0.143019614	-0.143823138	-0.000803524	-0.5042
307	66.7842	31.4099	57.8865	4.0	3.996	-0.136080849	-0.135147764	0.000933084	0.5855
308	63.7954	37.9514	56.0590	3.0	2.996	-0.163059801	-0.163915540	-0.000855739	-0.5370
309	52.7336	29.1952	51.0582	4.0	3.996	-0.107819161	-0.108008873	-0.000189713	-0.1190
310	51.3788	33.4840	56.7046	3.0	2.995	-0.124218725	-0.125104220	-0.000885495	-0.5557
311	67.1227	32.0962	49.9882	5.0	4.997	-0.116975881	-0.114270685	0.002705195	1.6975
312	53.9102	39.9949	59.1665	4.0	3.996	-0.132837414	-0.133642353	-0.000804939	-0.5051
313	65.2750	31.1028	49.4171	4.0	3.997	-0.129727066	-0.125791309	0.003935758	2.4697
314	63.9879	39.2846	60.4725	5.0	4.997	-0.121685849	-0.122677525	-0.000991677	-0.6223
315	63.6647	27.0313	52.9362	4.0	3.997	-0.138362270	-0.134438554	0.003923716	2.4622
316	65.7227	29.4705	58.7113	4.0	3.999	-0.132984630	-0.132418351	0.000566279	0.3553
317	58.5808	28.0859	49.1635	5.0	4.998	-0.122766749	-0.120160638	0.002606111	1.6354
318	64.9955	27.7617	53.3907	4.0	4.000	-0.139260720	-0.135345318	0.003915402	2.4570
319	54.7091	27.4723	52.2649	4.0	3.996	-0.116041901	-0.115835467	0.000206434	0.1295
320	56.4806	29.0488	48.8679	5.0	4.997	-0.118005826	-0.116379768	0.001626058	1.0204
321	65.7240	32.3723	57.7115	3.0	2.996	-0.159859223	-0.159024555	0.000834668	0.5238
322	51.2757	30.5758	51.5996	4.0	3.996	-0.103952511	-0.104470341	-0.000517830	-0.3249
323	62.8768	35.9903	60.6458	3.0	2.993	-0.153634140	-0.155814215	-0.002180075	-1.3680
324	53.4805	32.2791	50.3804	3.0	2.997	-0.125786437	-0.126119349	-0.000332912	-0.2089
325	60.5595	40.8618	57.5904	3.0	2.997	-0.155122207	-0.155870537	-0.000748330	-0.4696
326	59.5683	37.9949	49.8081	4.0	3.995	-0.136843531	-0.136434348	0.000409183	0.2568
327	64.6770	36.2473	58.0748	3.0	2.996	-0.156337941	-0.157448599	-0.001110658	-0.6969
328	52.5690	39.0941	55.7096	4.0	3.999	-0.132846924	-0.133760786	-0.000913862	-0.5735
329	65.0633	35.3484	59.9194	4.0	3.997	-0.138489696	-0.139608781	-0.001119085	-0.7022
330	58.0489	43.2851	56.2956	5.0	4.998	-0.118786294	-0.119226360	-0.000440066	-0.2761
331	59.6392	28.2222	59.4154	3.0	2.994	-0.142101364	-0.144500701	-0.002399337	-1.5056
332	62.9559	27.8052	53.4287	3.0	3.009	-0.163492292	-0.158185781	0.005306512	3.3299
333	53.1578	26.4601	53.7071	5.0	4.999	-0.099876708	-0.100159324	-0.000282616	-0.1773
334	52.5501	33.2468	49.8227	4.0	3.997	-0.112754136	-0.113032215	-0.000278079	-0.1745
335	59.7482	35.8274	47.2174	5.0	4.999	-0.117437122	-0.116230472	0.001206650	0.7572
336	52.7444	29.6250	57.4972	3.0	2.995	-0.114121895	-0.115486668	-0.001364773	-0.8564
337	59.6142	26.8542	52.7879	4.0	3.996	-0.141594301	-0.138673312	0.002920989	1.8329
338	62.1632	41.0438	57.8485	4.0	3.998	-0.135985655	-0.136771572	-0.000785917	-0.4932
339	57.1901	39.9005	60.8602	4.0	3.999	-0.141672622	-0.142669897	-0.000997275	-0.6258
340	50.4281	35.5627	58.1510	5.0	4.999	-0.113714868	-0.114824116	-0.001109247	-0.6961
341	62.9624	25.3246	54.9004	5.0	4.997	-0.119641745	-0.117802161	0.001839584	1.1544
342	52.7886	28.3335	59.9525	5.0	4.999	-0.100564087	-0.102084937	-0.001520850	-0.9543
343	60.2652	32.9279	64.0430	5.0	4.997	-0.118783496	-0.121316611	-0.002533115	-1.5896
344	52.4145	39.4046	53.8084	5.0	4.997	-0.120642753	-0.121415321	-0.000772568	-0.4848
345	61.7986	31.9849	61.1405	3.0	2.997	-0.154211084	-0.157750139	-0.003539055	-2.2208
346	53.6211	27.2247	54.5451	4.0	3.998	-0.108895653	-0.109516690	-0.000621037	-0.3897
347	59.5627	31.5944	61.6669	3.0	2.996	-0.149477069	-0.154672944	-0.005195875	-3.2605
348	55.1104	27.9615	54.0434	3.0	3.014	-0.128826345	-0.129418247	-0.000591902	-0.3714
349	53.5416	35.3742	49.6385	4.0	3.995	-0.118439423	-0.118596670	-0.000157247	-0.0987
350	55.5901	26.9876	50.8212	5.0	4.997	-0.111032344	-0.110126952	0.000905392	0.5681
351	51.9325	35.0839	54.7948	3.0	2.998	-0.136502742	-0.137826389	-0.001323647	-0.8306
352	53.6474	31.8415	62.1092	5.0	4.996	-0.114286095	-0.116904722	-0.002618627	-1.6432
353	53.8050	38.8396	55.5114	3.0	2.996	-0.156787867	-0.157880813	-0.001092946	-0.6858
354	54.6750	37.9309	50.3769	4.0	3.998	-0.124503704	-0.124841044	-0.000337340	-0.2117
355	57.8322	36.2661	47.3315	5.0	4.997	-0.114369342	-0.113569625	0.000799718	0.5018
356	58.9081	34.9540	48.0829	4.0	3.997	-0.130881734	-0.129405654	0.001476080	0.9263
357	67.9678	33.1880	53.4052	5.0	4.997	-0.125900735	-0.123825462	0.002075273	1.3023
358	68.0171	30.8667	53.8320	5.0	4.997	-0.123628180	-0.121191338	0.002436842	1.5291
359	59.8197	25.7130	52.8511	5.0	4.997	-0.124162872	-0.122041572	0.002121301	1.3311
360	64.1773	31.0301	60.5342	4.0	3.999	-0.139430522	-0.140623086	-0.001192564	-0.7483
361	57.8474	40.1444	62.0985	5.0	4.996	-0.123963009	-0.125047170	-0.001084161	-0.6803
362	66.8644	36.0168	56.5494	5.0	4.998	-0.132092414	-0.131772144	0.000320271	0.2010
363	54.8254	32.9519	47.5777	5.0	4.996	-0.109278620	-0.108590684	0.000687937	0.4317
364	65.6726	38.1814	59.3950	5.0	4.997	-0.120831269	-0.121551047	-0.000719778	-0.4517
365	67.2032	31.8347	54.5069	4.0	3.998	-0.141586429	-0.138846460	0.002739969	1.7194
366	65.0987	33.1365	58.3502	3.0	2.998	-0.164032178	-0.164216165	-0.000183987	-0.1155
367	58.9562	29.1264	62.4680	5.0	4.995	-0.117983811	-0.120686879	-0.002703068	-1.6962
368	61.3293	41.6598	52.9363	5.0	4.996	-0.124017953	-0.124254363	-0.000236410	-0.1483
369	59.7929	36.8749	48.8483	4.0	3.996	-0.132577604	-0.131681629	0.000895975	0.5622
370	57.0086	38.3600	60.7595	3.0	2.996	-0.164388209	-0.165854103	-0.001465894	-0.9199
371	64.4190	28.5937	53.5371	3.0	3.022	-0.163716548	-0.158133919	0.005582629	3.5032
372	56.3436	32.1365	48.4831	4.0	3.996	-0.127608285	-0.126123494	0.001484791	0.9317
373	61.0187	41.8838	56.7823	4.0	3.996	-0.134378290	-0.134967958	-0.000589667	-0.3700
374	52.3048	27.8546	54.3164	4.0	3.996	-0.103218383	-0.103862691	-0.000644308	-0.4043
375	60.7564	40.3946	58.5328	3.0	2.995	-0.156090998	-0.157000393	-0.000909396	-0.5707
376	61.0039	27.5862	48.6908	5.0	4.996	-0.116903752	-0.113870940	0.003032812	1.9031
377	66.4185	34.8289	59.4659	5.0	4.997	-0.127639654	-0.128073503	-0.000433849	-0.2722
378	51.5876	32.1137	60.2566	5.0	4.997	-0.109727976	-0.111467574	-0.001739598	-1.0916
379	49.5619	31.5942	52.1634	5.0	5.003	-0.094548911	-0.095038538	-0.000489627	-0.3072
380	55.7124	38.7472	62.7359	5.0	4.996	-0.120643806	-0.122026034	-0.001382228	-0.8674
381	60.9533	35.4934	47.2514	5.0	4.999	-0.118683960	-0.117204264	0.001479696	0.9285
382	55.8905	39.2433	51.5116	4.0	3.998	-0.135657867	-0.136209917	-0.000552050	-0.3464
383	55.7629	42.4250	57.8988	5.0	4.998	-0.121754694	-0.122291509	-0.000536815	-0.3369
384	57.4301	27.1779	57.3477	3.0	2.995	-0.131952665	-0.133071756	-0.001119091	-0.7022
385	51.2017	33.9557	49.7816	5.0	4.996	-0.101350030	-0.101676263	-0.000326233	-0.2047
386	64.8277	38.3961	57.6977	4.0	3.996	-0.137596078	-0.138393981	-0.000797903	-0.5007
387	61.5709	39.2314	53.8259	3.0	2.995	-0.166536779	-0.167144580	-0.000607801	-0.3814
388	65.2445	39.3043	55.7562	5.0	4.996	-0.127937408	-0.128190793	-0.000253385	-0.1590
389	64.3440	26.9090	56.4901	4.0	3.996	-0.132252633	-0.130525012	0.001727620	1.0841
390	53.8933	39.0488	58.2165	3.0	2.994	-0.152894476	-0.153717874	-0.000823398	-0.5167
391	61.8671	35.6022	49.9426	3.0	2.996	-0.156293860	-0.154552337	0.001741523	1.0928
392	56.9537	39.5958	53.5442	3.0	2.994	-0.167270151	-0.168229155	-0.000959004	-0.6018
393	50.7894	32.7866	58.0416	4.0	3.997	-0.112134471	-0.113265443	-0.001130972	-0.7097
394	55.0358	27.9705	59.8996	4.0	3.997	-0.112206806	-0.114253992	-0.002047186	-1.2846
395	53.9628	27.6950	58.6464	4.0	3.997	-0.108176477	-0.109704501	-0.001528024	-0.9588
396	56.7478	33.4420	63.1630	4.0	3.999	-0.129144091	-0.132757165	-0.003613074	-2.2672
397	62.4270	26.9799	60.0465	5.0	4.997	-0.119245381	-0.119834421	-0.000589040	-0.3696
398	56.7618	27.6519	58.4639	3.0	2.997	-0.127543524	-0.129494458	-0.001950934	-1.2242
399	52.2393	36.5280	50.1871	5.0	4.997	-0.109369609	-0.109776385	-0.000406775	-0.2553
400	59.6366	30.2833	48.5073	4.0	3.996	-0.135889647	-0.132364998	0.003524649	2.2118
401	65.3525	31.3247	48.1238	5.0	4.998	-0.114373026	-0.111459795	0.002913231	1.8281
402	62.1365	28.3609	49.3445	4.0	3.998	-0.130505660	-0.126284670	0.004220990	2.6487
403	53.9557	37.7539	54.0876	3.0	2.994	-0.160517287	-0.162044342	-0.001527054	-0.9582
404	67.2323	28.1250	55.6435	5.0	4.998	-0.117898695	-0.115998977	0.001899718	1.1921
405	59.8639	41.2224	53.3769	4.0	3.997	-0.138769363	-0.139201161	-0.000431798	-0.2710
406	49.1356	34.0541	55.5431	5.0	4.997	-0.100358294	-0.101096188	-0.000737894	-0.4630
407	64.0081	36.6838	59.2572	3.0	2.996	-0.152214069	-0.153883706	-0.001669636	-1.0477
408	51.0301	31.6956	51.4287	4.0	3.997	-0.104863136	-0.105438605	-0.000575469	-0.3611
409	51.2370	34.4222	51.5989	4.0	3.996	-0.111901683	-0.112656764	-0.000755080	-0.4738
410	59.9897	26.1882	54.9145	4.0	3.997	-0.136061465	-0.134479862	0.001581603	0.9925
411	55.9753	28.0754	51.0078	4.0	3.996	-0.125240301	-0.124019106	0.001221195	0.7663
412	55.4728	32.1795	63.5435	5.0	4.998	-0.113697841	-0.116523440	-0.002825599	-1.7731
413	63.8364	32.2967	61.2935	4.0	3.995	-0.136952199	-0.138656992	-0.001704793	-1.0698
414	51.8809	33.5369	49.1078	5.0	4.998	-0.102310866	-0.102463273	-0.000152407	-0.0956
415	53.5874	29.4846	60.0529	4.0	3.995	-0.112737434	-0.114945210	-0.002207777	-1.3854
416	63.6198	39.0941	59.0656	4.0	3.998	-0.137701307	-0.138858537	-0.001157230	-0.7262
417	59.9761	25.9666	56.3634	4.0	3.997	-0.129841174	-0.129219152	0.000622022	0.3903
418	54.6254	41.6500	55.0276	5.0	4.998	-0.124452452	-0.125038409	-0.000585957	-0.3677
419	65.9816	27.8524	51.1931	5.0	4.998	-0.117206777	-0.114012832	0.003193945	2.0042
420	58.2942	40.3714	59.3203	3.0	2.998	-0.158733623	-0.159366001	-0.000632378	-0.3968
421	67.0054	31.3411	53.3997	4.0	3.998	-0.141221669	-0.137813128	0.003408541	2.1389
422	66.5155	31.7053	51.0033	4.0	3.996	-0.133365908	-0.129713549	0.003652359	2.2919
423	67.0395	33.3872	55.5329	4.0	3.998	-0.143807348	-0.142063734	0.001743614	1.0941
424	64.4966	31.4410	48.7426	4.0	3.996	-0.129318304	-0.125490738	0.003827566	2.4018
425	52.3809	35.4561	55.9262	3.0	3.009	-0.149373042	-0.150841449	-0.001468407	-0.9214
426	67.7798	32.6527	51.5481	5.0	4.997	-0.120391515	-0.117941065	0.002450450	1.5377
427	56.0932	40.8891	61.0751	5.0	4.998	-0.122405601	-0.123257397	-0.000851796	-0.5345
428	51.1472	38.5611	58.6595	5.0	4.998	-0.113510281	-0.114431042	-0.000920761	-0.5778
429	66.0237	31.3383	59.1090	4.0	3.998	-0.136323253	-0.136169022	0.000154231	0.0968
430	54.6490	33.0969	48.7708	4.0	3.998	-0.120504901	-0.119944439	0.000560462	0.3517
431	62.4908	35.8818	50.6785	3.0	2.995	-0.162245963	-0.160729260	0.001516703	0.9517
432	65.7893	29.6176	55.6033	3.0	2.995	-0.156367423	-0.153070165	0.003297258	2.0691
433	67.5630	34.7430	55.7331	5.0	4.998	-0.129895058	-0.128904751	0.000990307	0.6214
434	56.6307	41.8791	56.3067	4.0	3.998	-0.137734407	-0.138238079	-0.000503671	-0.3161
435	66.4244	36.8764	58.8826	5.0	4.996	-0.123147408	-0.123623132	-0.000475724	-0.2985
436	66.6757	30.2550	52.5579	4.0	3.996	-0.137173954	-0.133316575	0.003857379	2.4205
437	64.8374	38.0174	58.6590	4.0	3.997	-0.135587651	-0.136551562	-0.000963911	-0.6049
438	66.3326	34.4715	57.1280	4.0	3.997	-0.146727137	-0.146230102	0.000497035	0.3119
439	60.7708	38.9590	49.5444	5.0	4.995	-0.124280482	-0.123877498	0.000402983	0.2529
440	58.2550	26.0579	56.0975	4.0	3.997	-0.125952263	-0.125796785	0.000155478	0.0976
441	63.8867	26.6757	50.6154	5.0	4.998	-0.116714390	-0.113519972	0.003194418	2.0045
442	58.8166	32.2345	49.3603	3.0	3.000	-0.158388529	-0.154957054	0.003431475	2.1533
443	57.4003	39.0247	62.7402	5.0	4.996	-0.124626591	-0.126008320	-0.001381729	-0.8670
444	57.3294	31.2255	63.8251	5.0	4.998	-0.113509715	-0.116384061	-0.002874346	-1.8037
445	64.6899	30.8049	58.9271	3.0	2.994	-0.156054965	-0.156191655	-0.000136690	-0.0858
446	55.7298	40.0969	53.3896	4.0	3.996	-0.145637233	-0.146427098	-0.000789865	-0.4956
447	59.1821	38.5792	60.7215	3.0	2.997	-0.163945433	-0.165411669	-0.001466237	-0.9201
448	49.8797	31.8389	54.4626	4.0	3.997	-0.101553466	-0.102184920	-0.000631454	-0.3962
449	53.4335	37.4509	51.3153	4.0	3.996	-0.125672489	-0.126326946	-0.000654457	-0.4107
450	59.5256	29.4226	47.7672	5.0	4.996	-0.119586740	-0.116859028	0.002727712	1.7117
451	61.9689	25.7763	51.8630	5.0	4.997	-0.120561269	-0.117746021	0.002815247	1.7666
452	58.2957	32.8468	63.3267	4.0	3.998	-0.128897193	-0.132519679	-0.003622486	-2.2731
453	59.6906	29.0077	50.6371	3.0	2.997	-0.158590307	-0.153422790	0.005167516	3.2427
454	60.1693	27.7359	50.2775	4.0	3.997	-0.135486364	-0.131664463	0.003821902	2.3983
455	51.0099	38.5924	56.0189	5.0	4.999	-0.115433676	-0.116275713	-0.000842037	-0.5284
456	58.8134	31.9390	64.1312	5.0	4.999	-0.115412028	-0.118166887	-0.002754860	-1.7287
457	67.6920	31.1923	51.4056	5.0	4.996	-0.118870474	-0.116101770	0.002768704	1.7374
458	66.2970	36.6745	53.5456	5.0	4.998	-0.134083843	-0.133160436	0.000923407	0.5794
459	63.7651	37.5183	52.7103	4.0	3.996	-0.153924054	-0.153429120	0.000494934	0.3106
460	50.3536	31.8292	52.7955	4.0	3.996	-0.103263422	-0.103913188	-0.000649766	-0.4077
461	56.1884	27.0331	60.8213	5.0	4.998	-0.106027745	-0.107773171	-0.001745426	-1.0953
462	62.6343	31.3480	62.8588	5.0	4.998	-0.121105425	-0.123047976	-0.001942551	-1.2190
463	65.9085	28.4324	53.8901	4.0	3.996	-0.137956057	-0.134376925	0.003579132	2.2459
464	64.4044	28.0364	55.2422	3.0	2.996	-0.155692483	-0.152204521	0.003487962	2.1887
465	65.2717	26.7912	52.8073	5.0	4.997	-0.120956953	-0.117966297	0.002990656	1.8767
466	52.9488	34.6388	49.9993	4.0	3.999	-0.117727218	-0.118058408	-0.000331190	-0.2078
467	54.1787	33.3062	59.9250	3.0	2.996	-0.153830157	-0.158063384	-0.004233228	-2.6564
468	54.9956	30.6647	50.2820	3.0	2.997	-0.133827707	-0.133095198	0.000732509	0.4597
469	57.1022	38.4759	51.7598	3.0	2.996	-0.155162416	-0.155813509	-0.000651093	-0.4086
470	62.6829	39.3382	59.6718	4.0	4.015	-0.140336512	-0.141590418	-0.001253906	-0.7868
471	56.4803	39.5052	62.3928	5.0	4.997	-0.122694045	-0.123909142	-0.001215097	-0.7625
472	65.3099	32.1445	49.3263	4.0	3.995	-0.130531549	-0.126916902	0.003614648	2.2682
473	61.5910	28.3703	58.7064	3.0	3.021	-0.155006094	-0.156120421	-0.001114326	-0.6993
474	65.1348	39.5301	57.9668	5.0	4.997	-0.123085731	-0.123697869	-0.000612138	-0.3841
475	64.9160	38.6959	53.5520	5.0	4.996	-0.132740639	-0.132520952	0.000219687	0.1379
476	51.4410	37.4482	60.2897	5.0	4.996	-0.113412173	-0.114574960	-0.001162787	-0.7297
477	60.0842	40.8087	60.1697	4.0	3.997	-0.135886212	-0.136767702	-0.000881490	-0.5531
478	60.8290	27.4160	53.9056	3.0	2.998	-0.162485383	-0.158699763	0.003785620	2.3755
479	55.7138	30.8988	63.1551	5.0	4.996	-0.112808899	-0.115684972	-0.002876074	-1.8048
480	56.4152	27.1674	55.0979	3.0	2.999	-0.130679013	-0.130948561	-0.000269548	-0.1691
481	53.6064	40.1062	55.6506	4.0	3.996	-0.136096629	-0.136888195	-0.000791566	-0.4967
482	53.7809	34.8876	60.1923	3.0	2.998	-0.152615867	-0.155538653	-0.002922786	-1.8341
483	55.7298	35.3619	49.3860	3.0	2.995	-0.132722773	-0.132210838	0.000511936	0.3212
484	59.0254	40.3089	52.2741	4.0	3.997	-0.143055715	-0.143463677	-0.000407961	-0.2560
485	52.8358	28.5264	51.7983	4.0	3.999	-0.107513620	-0.107778171	-0.000264551	-0.1660
486	65.8829	30.5681	50.3167	4.0	3.997	-0.130962616	-0.126923677	0.004038939	2.5345
487	57.1605	29.4662	62.6927	5.0	4.997	-0.114152105	-0.116988908	-0.002836802	-1.7801
488	53.1461	36.1756	59.5912	3.0	2.998	-0.149190873	-0.151004153	-0.001813280	-1.1379
489	58.1148	42.2773	56.9627	4.0	3.997	-0.134781673	-0.135263522	-0.000481849	-0.3024
490	62.2875	41.4928	53.5412	5.0	4.997	-0.124372138	-0.124618327	-0.000246189	-0.1545
491	68.0047	31.5392	52.7319	5.0	4.998	-0.122258116	-0.119711426	0.002546690	1.5981
492	51.3159	35.6149	56.4327	4.0	4.024	-0.129337975	-0.130497441	-0.001159466	-0.7276
493	50.3744	36.1413	52.9887	5.0	4.999	-0.107982224	-0.108741853	-0.000759629	-0.4767
494	56.0550	33.5898	47.0995	5.0	4.997	-0.110818917	-0.109877600	0.000941317	0.5907
495	51.6655	32.3533	57.5965	3.0	2.995	-0.120565741	-0.121619336	-0.001053594	-0.6611
496	63.2663	31.1766	59.8430	3.0	2.995	-0.161599320	-0.163531882	-0.001932561	-1.2127
497	60.0735	29.3985	61.2799	4.0	3.996	-0.134581228	-0.137761726	-0.003180498	-1.9958
498	58.2823	34.0300	48.0612	4.0	4.013	-0.131403202	-0.129723573	0.001679629	1.0540
499	54.6837	39.7644	57.6525	3.0	2.996	-0.157679488	-0.158340129	-0.000660641	-0.4146
500	62.8681	28.3267	59.8267	4.0	3.997	-0.134721142	-0.135547346	-0.000826204	-0.5185
501	65.6966	35.1684	58.5660	4.0	3.996	-0.143290987	-0.143812929	-0.000521942	-0.3275
502	54.7940	28.7527	49.1054	5.0	4.997	-0.108314797	-0.107484208	0.000830589	0.5212
503	66.5682	33.0412	58.0201	4.0	3.996	-0.140563094	-0.140069883	0.000493211	0.3095
504	62.2022	39.8256	57.0581	3.0	2.995	-0.159056385	-0.160163554	-0.001107169	-0.6948
505	62.4851	40.4539	54.4833	4.0	3.997	-0.141227934	-0.141683742	-0.000455808	-0.2860
506	65.2778	27.4455	55.2083	4.0	3.997	-0.133977111	-0.131335026	0.002642086	1.6579
507	52.0423	39.7963	55.0429	5.0	4.996	-0.118151934	-0.118906233	-0.000754300	-0.4733
508	53.5205	28.0225	50.1502	5.0	4.997	-0.102310273	-0.101998352	0.000311921	0.1957
509	54.0922	31.2312	59.7382	3.0	2.994	-0.133410925	-0.136886582	-0.003475657	-2.1810
510	61.0113	35.8918	48.4909	4.0	3.997	-0.133066448	-0.131595089	0.001471358	0.9233
511	61.4342	25.2586	56.6316	5.0	5.024	-0.119497694	-0.118690884	0.000806810	0.5063
512	65.8714	35.4139	55.0498	4.0	4.002	-0.154951915	-0.153890561	0.001061354	0.6660
513	63.2572	30.1811	60.7000	4.0	3.997	-0.139227326	-0.140798140	-0.001570814	-0.9857
514	53.9802	26.1127	54.1628	5.0	5.013	-0.102816463	-0.103062082	-0.000245619	-0.1541
515	51.6853	34.1664	60.6240	5.0	4.996	-0.115618989	-0.117379145	-0.001760156	-1.1045
516	63.3994	28.2195	60.8648	5.0	4.997	-0.119990719	-0.120796041	-0.000805323	-0.5053
517	51.3138	39.2130	57.8116	5.0	4.999	-0.114248271	-0.115082039	-0.000833768	-0.5232
518	65.3670	33.2008	49.5330	4.0	3.996	-0.132176648	-0.128966785	0.003209863	2.0142
519	65.1302	36.5068	59.5235	4.0	3.997	-0.135843158	-0.136883982	-0.001040824	-0.6531
520	62.2602	27.2287	55.9317	3.0	2.996	-0.155497337	-0.153347667	0.002149670	1.3489
521	60.6119	31.0203	63.3519	5.0	4.999	-0.119839257	-0.122434333	-0.002595076	-1.6284
522	51.7693	28.6632	50.8141	5.0	4.996	-0.096805832	-0.096932617	-0.000126786	-0.0796
523	63.7164	35.6861	59.9802	3.0	3.002	-0.153890069	-0.155824217	-0.001934148	-1.2137
524	56.4920	32.4307	47.2715	5.0	4.997	-0.114101391	-0.112836706	0.001264685	0.7936
525	56.2781	39.8814	54.4410	3.0	2.994	-0.167520024	-0.168432686	-0.000912662	-0.5727
526	56.0619	36.6566	47.5592	5.0	4.997	-0.109764275	-0.109329570	0.000434706	0.2728
527	53.7453	36.2845	51.7278	3.0	2.995	-0.138893789	-0.139809872	-0.000916083	-0.5749
528	62.9660	31.3046	49.1416	3.0	2.997	-0.149281286	-0.143961084	0.005320201	3.3385
529	61.6459	25.4139	53.7690	5.0	5.012	-0.123049882	-0.120874871	0.002175010	1.3648
530	50.2357	33.7438	50.8972	5.0	4.999	-0.099029730	-0.099512663	-0.000482933	-0.3030
531	65.8225	38.1707	54.7510	5.0	4.997	-0.130700679	-0.130522275	0.000178404	0.1120
532	51.3110	27.4132	53.8157	5.0	4.998	-0.093841726	-0.094280903	-0.000439176	-0.2756
533	56.8373	36.8483	62.4344	4.0	3.996	-0.141356445	-0.143764103	-0.002407659	-1.5108
534	51.0547	32.4004	53.6996	3.0	2.995	-0.114004490	-0.114805990	-0.000801501	-0.5029
535	62.9141	35.5831	49.2758	4.0	4.008	-0.139576763	-0.137657109	0.001919654	1.2046
536	52.6624	29.0685	56.5678	3.0	2.994	-0.111448720	-0.112589980	-0.001141260	-0.7162
537	59.3648	33.9840	62.2576	3.0	2.997	-0.151512406	-0.155856404	-0.004343998	-2.7259
538	56.4877	35.5886	48.1840	4.0	3.997	-0.121518431	-0.120809699	0.000708732	0.4447
539	64.8450	28.4799	49.0620	5.0	4.998	-0.114263119	-0.111001991	0.003261128	2.0464
540	50.0699	30.7355	55.4997	4.0	3.998	-0.099744071	-0.100389467	-0.000645396	-0.4050
541	64.8648	27.8284	52.3130	4.0	3.996	-0.135736194	-0.131549132	0.004187062	2.6274
542	54.9462	38.8172	59.8413	3.0	2.998	-0.154921683	-0.155916352	-0.000994669	-0.6242
543	68.0017	29.7953	56.0033	5.0	4.999	-0.119098213	-0.117402175	0.001696038	1.0643
544	62.0693	40.7050	52.3888	5.0	4.997	-0.128020460	-0.128122685	-0.000102226	-0.0641
545	52.6887	27.1155	52.2051	5.0	4.997	-0.098697358	-0.098825793	-0.000128435	-0.0806
546	67.9676	31.2187	57.5523	5.0	4.998	-0.120213338	-0.119220195	0.000993143	0.6232
547	52.2593	36.6721	52.9372	4.0	3.997	-0.128877587	-0.129954129	-0.001076542	-0.6755
548	58.4582	39.8606	50.2762	5.0	4.997	-0.125349098	-0.125405961	-0.000056864	-0.0357
549	51.6920	29.9615	59.8192	5.0	4.996	-0.102235716	-0.103738278	-0.001502563	-0.9429
550	62.0847	26.4465	53.8684	4.0	4.004	-0.139715506	-0.136652978	0.003062529	1.9218
551	54.9034	25.9117	58.7490	5.0	4.999	-0.100504439	-0.101543864	-0.001039425	-0.6522
552	52.9358	38.1073	57.2377	3.0	2.996	-0.150456852	-0.151509731	-0.001052879	-0.6607
553	57.2524	33.0933	47.0656	5.0	4.998	-0.115312020	-0.113944012	0.001368008	0.8584
554	53.8651	32.3060	48.0727	5.0	4.997	-0.107279239	-0.106835600	0.000443639	0.2784
555	63.3681	25.5533	57.0132	5.0	4.997	-0.117342672	-0.116346437	0.000996235	0.6251
556	62.1829	34.4678	62.5162	4.0	3.997	-0.134596246	-0.136895795	-0.002299549	-1.4430
557	51.5170	32.8543	50.6873	4.0	3.996	-0.108423964	-0.108957764	-0.000533800	-0.3350
558	63.2856	32.7122	49.2318	3.0	2.996	-0.150994496	-0.146481415	0.004513081	2.8320
559	54.5678	26.1680	53.0898	5.0	4.997	-0.105606891	-0.105512792	0.000094099	0.0590
560	58.9510	40.6228	60.5721	4.0	3.997	-0.137071686	-0.137961149	-0.000889463	-0.5581
561	65.8934	30.0947	54.5757	3.0	2.997	-0.160930647	-0.156635078	0.004295568	2.6955
562	60.3223	39.2705	61.2842	4.0	3.997	-0.140087726	-0.141397852	-0.001310126	-0.8221
563	51.6862	30.6330	49.5239	5.0	4.997	-0.098175215	-0.098251502	-0.000076287	-0.0479
564	50.6351	32.5311	59.4565	5.0	4.997	-0.105651560	-0.106986149	-0.001334588	-0.8375
565	51.9630	38.0752	55.7032	4.0	3.998	-0.131525708	-0.132548317	-0.001022609	-0.6417
566	63.6413	34.1909	62.8996	5.0	4.998	-0.120339326	-0.121926176	-0.001586851	-0.9958
567	65.3390	29.7914	52.5742	3.0	2.996	-0.158638351	-0.152855358	0.005782993	3.6289
568	51.0214	34.0795	59.4759	5.0	5.024	-0.114279067	-0.115734639	-0.001455571	-0.9134
569	54.6992	25.5234	55.0460	5.0	4.997	-0.102565283	-0.102820081	-0.000254798	-0.1599
570	60.0418	32.8022	49.0661	3.0	3.006	-0.157620498	-0.154014775	0.003605723	2.2626
571	52.3657	35.1959	56.9495	3.0	3.002	-0.149190972	-0.150658557	-0.001467585	-0.9209
572	53.4530	32.5007	60.4957	4.0	4.002	-0.130385220	-0.133454095	-0.003068875	-1.9257
573	59.0261	25.5822	53.5056	5.0	4.997	-0.122294792	-0.120738986	0.001555806	0.9763
574	59.1493	35.1435	62.0727	3.0	2.997	-0.156846247	-0.160640014	-0.003793767	-2.3806
575	61.1858	34.2646	62.8043	4.0	3.998	-0.135709997	-0.138417551	-0.002707554	-1.6990
576	54.7477	39.4224	58.8106	3.0	2.995	-0.155847535	-0.156579592	-0.000732057	-0.4594
577	51.7497	35.5788	59.1193	4.0	3.996	-0.128487434	-0.129993791	-0.001506357	-0.9453
578	57.5808	42.0054	55.1585	4.0	3.997	-0.136665095	-0.137159360	-0.000494265	-0.3102
579	67.4056	34.1063	57.9010	5.0	4.997	-0.126910168	-0.126539570	0.000370598	0.2326
580	50.9956	36.5997	52.2319	5.0	4.996	-0.110200623	-0.110924728	-0.000724105	-0.4544
581	53.2642	27.3918	51.1253	5.0	4.997	-0.100959030	-0.100831747	0.000127282	0.0799
582	59.6303	40.8935	58.3440	3.0	2.996	-0.155296839	-0.155942421	-0.000645582	-0.4051
583	56.3116	35.8394	62.5608	4.0	4.003	-0.139499467	-0.142423170	-0.002923702	-1.8347
584	53.1640	32.1388	58.8643	3.0	2.996	-0.134723936	-0.137237260	-0.002513324	-1.5771
585	51.6529	35.1513	60.8938	5.0	4.997	-0.114719960	-0.116333315	-0.001613355	-1.0124
586	58.6577	26.3491	58.3188	4.0	3.996	-0.122696717	-0.123556329	-0.000859612	-0.5394
587	52.5621	29.6954	52.6629	3.0	2.996	-0.115228627	-0.116065477	-0.000836851	-0.5251
588	54.8358	36.1388	61.0470	3.0	2.997	-0.154577932	-0.157215617	-0.002637685	-1.6552
589	55.4045	39.5434	50.1540	5.0	4.996	-0.116560209	-0.116814456	-0.000254247	-0.1595
590	67.3855	29.4051	52.3485	5.0	4.996	-0.120088029	-0.117146966	0.002941063	1.8455
591	52.6466	34.6000	51.6569	3.0	2.995	-0.128875662	-0.129947767	-0.001072105	-0.6728
592	55.5096	28.9738	51.5213	3.0	2.998	-0.135579920	-0.134750500	0.000829420	0.5205
593	64.0034	39.4176	53.3307	5.0	4.998	-0.133604637	-0.133571590	0.000033047	0.0207
594	49.1011	30.8161	53.8981	5.0	4.998	-0.092000434	-0.092529223	-0.000528789	-0.3318
595	61.3633	30.2859	49.2256	3.0	2.994	-0.151231919	-0.145774186	0.005457733	3.4248
596	63.7130	28.5216	58.1227	3.0	2.996	-0.152391396	-0.151828663	0.000562732	0.3531
597	54.8331	26.8539	54.2497	4.0	3.997	-0.114845365	-0.115151981	-0.000306616	-0.1924
598	50.7331	28.4279	52.6660	5.0	4.998	-0.093416503	-0.093799747	-0.000383244	-0.2405
599	57.6481	30.8919	62.5774	4.0	3.997	-0.127008056	-0.130901331	-0.003893275	-2.4431
600	53.1820	36.2601	53.5987	3.0	2.997	-0.150427643	-0.152097636	-0.001669992	-1.0479
601	53.3378	29.9662	51.4350	3.0	2.994	-0.120678263	-0.121160424	-0.000482161	-0.3026
602	59.9108	39.3427	49.9103	5.0	4.996	-0.126207416	-0.126007983	0.000199433	0.1251
603	54.9620	30.7792	49.1543	4.0	3.998	-0.121150227	-0.120268965	0.000881262	0.5530
604	66.0454	38.2384	58.2024	5.0	4.998	-0.122474630	-0.122968911	-0.000494280	-0.3102
605	55.0539	29.7381	49.6258	4.0	3.996	-0.120711875	-0.119791887	0.000919989	0.5773
606	58.4022	29.5033	51.3094	3.0	3.041	-0.168793755	-0.164271491	0.004522264	2.8378
607	63.1899	40.2598	56.5756	4.0	3.997	-0.140078350	-0.140820992	-0.000742642	-0.4660
608	57.5597	28.1974	60.5664	4.0	3.996	-0.123574629	-0.126296154	-0.002721525	-1.7078
609	56.8355	41.3408	54.1169	4.0	3.996	-0.139752988	-0.140327053	-0.000574065	-0.3602
610	57.0698	30.3945	49.3784	4.0	4.003	-0.137428957	-0.135102547	0.002326410	1.4598
611	60.2614	34.0783	64.0819	5.0	4.998	-0.120105437	-0.122509188	-0.002403751	-1.5084
612	60.3927	38.6340	50.7487	4.0	3.996	-0.142207263	-0.142016399	0.000190864	0.1198
613	58.9185	30.4717	60.9701	3.0	2.995	-0.149347854	-0.154816225	-0.005468370	-3.4315
614	60.4086	42.2759	53.3358	5.0	4.998	-0.121882458	-0.122189311	-0.000306853	-0.1926
615	55.3471	31.9167	48.8484	4.0	4.013	-0.124859163	-0.123839491	0.001019672	0.6399
616	63.9298	38.4141	61.3325	5.0	4.997	-0.120991960	-0.122115463	-0.001123503	-0.7050
617	58.8625	27.5416	53.9787	3.0	2.997	-0.156113060	-0.153796005	0.002317055	1.4540
618	50.5448	30.5053	53.0392	4.0	3.997	-0.101002787	-0.101594234	-0.000591447	-0.3711
619	50.1257	35.9978	53.9720	5.0	4.998	-0.108682705	-0.109494067	-0.000811361	-0.5091
620	56.9488	26.1344	57.4310	4.0	3.996	-0.116610424	-0.117377039	-0.000766615	-0.4811
621	52.2420	26.9266	56.7714	5.0	4.997	-0.096390535	-0.097195695	-0.000805160	-0.5052
622	62.0363	29.1589	61.7020	5.0	5.000	-0.124162951	-0.125974420	-0.001811469	-1.1367
623	67.5160	34.2371	51.8558	5.0	4.998	-0.123182662	-0.121169018	0.002013644	1.2636
624	52.0761	40.2576	56.4336	5.0	4.996	-0.116712766	-0.117441092	-0.000728326	-0.4570
625	65.6509	34.4103	50.4860	4.0	3.995	-0.136179353	-0.133563418	0.002615935	1.6415
626	55.7442	34.7080	62.6554	4.0	3.996	-0.134479404	-0.137774239	-0.003294836	-2.0675
627	58.1221	33.9582	63.3829	4.0	3.997	-0.130958266	-0.134368992	-0.003410726	-2.1403
628	57.8521	30.1784	63.3385	5.0	4.997	-0.114295685	-0.117156947	-0.002861262	-1.7955
629	64.1477	35.6795	52.1446	3.0	2.995	-0.167105925	-0.165446535	0.001659389	1.0413
630	59.6754	25.1897	54.6579	5.0	4.997	-0.120026137	-0.118803021	0.001223117	0.7675
631	62.1258	27.8749	48.4306	5.0	4.997	-0.115289945	-0.112139931	0.003150014	1.9767
632	65.6454	33.8791	52.7098	3.0	2.997	-0.163654963	-0.160351850	0.003303113	2.0727
633	58.5849	38.4802	50.1325	4.0	3.996	-0.136221927	-0.136111075	0.000110852	0.0696
634	61.7133	30.5057	60.1822	3.0	2.995	-0.160726687	-0.164080454	-0.003353767	-2.1045
635	50.4584	34.4310	53.9065	4.0	4.001	-0.112361844	-0.113227049	-0.000865205	-0.5429
636	60.6919	39.4689	59.7148	3.0	2.996	-0.158891178	-0.160112649	-0.001221470	-0.7665
637	50.3687	36.4996	57.4343	5.0	4.997	-0.113796771	-0.114797359	-0.001000588	-0.6279
638	60.3074	32.0346	62.7388	4.0	3.997	-0.133568976	-0.137026374	-0.003457398	-2.1696
639	52.2055	39.2801	60.0449	5.0	4.996	-0.114361749	-0.115301032	-0.000939283	-0.5894
640	63.6220	36.7526	53.6410	3.0	2.998	-0.174445925	-0.174038131	0.000407794	0.2559
641	65.5000	37.2548	56.5413	4.0	3.997	-0.142548471	-0.142805498	-0.000257028	-0.1613
642	52.9234	37.8700	50.3820	5.0	4.997	-0.111641765	-0.112050297	-0.000408532	-0.2564
643	63.3655	37.5836	59.3600	3.0	2.997	-0.153020003	-0.154795444	-0.001775441	-1.1141
644	58.9687	38.8109	62.8288	5.0	4.998	-0.125883087	-0.127327837	-0.001444750	-0.9066
645	58.3821	33.5144	49.1240	3.0	3.018	-0.150713446	-0.148402321	0.002311125	1.4503
646	64.7290	39.2207	59.6597	5.0	4.996	-0.121220570	-0.122071933	-0.000851363	-0.5342
647	52.0117	35.5073	51.4262	4.0	3.997	-0.118248263	-0.119017538	-0.000769276	-0.4827
648	56.1974	40.4070	51.5026	5.0	4.998	-0.125723916	-0.126151590	-0.000427674	-0.2684
649	65.0444	36.4301	52.7001	4.0	3.999	-0.149425626	-0.148256429	0.001169197	0.7337
650	63.3061	28.9819	50.6074	3.0	2.998	-0.150819742	-0.144689940	0.006129802	3.8465
651	60.9034	38.9806	51.7437	4.0	3.997	-0.149388661	-0.149429919	-0.000041259	-0.0259
652	63.4295	34.6917	48.8605	4.0	3.996	-0.135585171	-0.133129136	0.002456036	1.5412
653	57.9611	32.8231	64.3257	5.0	4.999	-0.115060572	-0.117799142	-0.002738570	-1.7185
654	64.0211	40.2747	54.4998	5.0	4.998	-0.128791198	-0.129022203	-0.000231005	-0.1450
655	60.3042	27.1056	57.1456	3.0	2.997	-0.146412264	-0.146286479	0.000125785	0.0789
656	49.2887	29.8962	55.1640	5.0	4.998	-0.091224966	-0.091804945	-0.000579979	-0.3639
657	65.3810	33.3568	59.5198	4.0	4.027	-0.143723794	-0.144394514	-0.000670720	-0.4209
658	58.2375	41.5360	53.7731	4.0	3.999	-0.138205870	-0.138703650	-0.000497780	-0.3124
659	54.2889	31.6942	49.0569	4.0	3.997	-0.118257165	-0.117748633	0.000508531	0.3191
660	66.0472	27.7994	58.5557	5.0	4.997	-0.116479909	-0.115780021	0.000699889	0.4392
661	64.7576	38.4247	60.5514	5.0	4.997	-0.120322695	-0.121285350	-0.000962654	-0.6041
662	61.9263	34.3466	47.2440	5.0	4.998	-0.120524313	-0.118499497	0.002024816	1.2706
663	51.9635	37.4485	59.0357	4.0	3.997	-0.128220639	-0.129399335	-0.001178695	-0.7396
664	53.1536	35.8834	52.5795	3.0	3.000	-0.141412384	-0.142778998	-0.001366614	-0.8576
665	56.3808	39.4255	49.5824	5.0	4.998	-0.116471494	-0.116561565	-0.000090072	-0.0565
666	65.9650	38.5786	57.1778	5.0	4.998	-0.124303734	-0.124656384	-0.000352651	-0.2213
667	55.8062	34.2062	61.6011	3.0	2.996	-0.153093625	-0.157835573	-0.004741948	-2.9756
668	52.0350	34.6378	59.4357	4.0	3.997	-0.129582827	-0.131388138	-0.001805311	-1.1328
669	49.6145	30.1478	57.2893	5.0	4.998	-0.093355758	-0.094143473	-0.000787715	-0.4943
670	55.8416	31.2390	50.0178	3.0	2.998	-0.142601996	-0.141105207	0.001496789	0.9392
671	63.4128	33.3645	60.5051	3.0	2.997	-0.155421283	-0.157655111	-0.002233828	-1.4017
672	52.6327	33.2537	58.3807	3.0	2.995	-0.138350364	-0.140287299	-0.001936935	-1.2154
673	65.7467	31.5911	51.7840	3.0	2.998	-0.155777158	-0.150644474	0.005132684	3.2208
674	64.2734	40.4741	56.3421	5.0	4.998	-0.126198090	-0.126680876	-0.000482786	-0.3030
675	66.6442	36.1226	54.5116	5.0	5.000	-0.135846165	-0.134940960	0.000905205	0.5680
676	60.6266	35.2611	61.7975	3.0	2.999	-0.156535676	-0.159604892	-0.003069216	-1.9260
677	55.5623	28.7721	59.4740	3.0	2.994	-0.124991690	-0.127763428	-0.002771738	-1.7393
678	66.5375	29.6943	57.4972	4.0	3.997	-0.133260761	-0.131920526	0.001340235	0.8410
679	64.9513	29.1117	57.4522	3.0	2.995	-0.152681650	-0.151162698	0.001518952	0.9532
680	57.9512	41.3691	51.9794	5.0	4.996	-0.125249428	-0.125591966	-0.000342538	-0.2149
681	61.6565	32.1322	46.8370	5.0	4.997	-0.117307274	-0.114763867	0.002543407	1.5960
682	51.8534	28.3646	56.5701	4.0	3.997	-0.101739513	-0.102657787	-0.000918274	-0.5762
683	67.4292	29.2346	57.6719	5.0	4.998	-0.117545517	-0.116456245	0.001089273	0.6835
684	60.2752	35.9197	62.6937	4.0	3.997	-0.139776965	-0.142271307	-0.002494341	-1.5652
685	56.2665	40.7619	59.5124	4.0	4.015	-0.140768668	-0.141443101	-0.000674433	-0.4232
686	49.9896	33.4300	55.3942	4.0	3.999	-0.107612794	-0.108369746	-0.000756952	-0.4750
687	60.5221	27.3739	54.8611	3.0	3.021	-0.162326399	-0.159690090	0.002636309	1.6543
688	60.5229	29.5866	49.7463	3.0	2.996	-0.153840213	-0.148414949	0.005425265	3.4044
689	59.6661	34.4049	63.1760	4.0	3.997	-0.134691124	-0.137783134	-0.003092009	-1.9403
690	61.9221	39.3196	50.6925	5.0	4.996	-0.128997557	-0.128707580	0.000289977	0.1820
691	56.2798	27.3672	52.1944	4.0	3.996	-0.126660764	-0.125623682	0.001037082	0.6508
692	51.4477	35.9812	53.3229	4.0	3.996	-0.122150721	-0.123184397	-0.001033676	-0.6486
693	57.1142	41.1410	61.1505	5.0	4.997	-0.122499228	-0.123333235	-0.000834007	-0.5233
694	51.5201	32.2613	58.9317	4.0	3.996	-0.115221718	-0.116745594	-0.001523876	-0.9562
695	55.2054	41.0561	56.2018	4.0	3.997	-0.141705004	-0.142318783	-0.000613779	-0.3852
696	54.3277	41.0171	53.9252	5.0	4.999	-0.124971453	-0.125604558	-0.000633105	-0.3973
697	59.9990	41.7688	58.7098	4.0	3.999	-0.133998271	-0.134652700	-0.000654429	-0.4107
698	61.9016	32.5126	63.3909	5.0	5.001	-0.121500863	-0.123733278	-0.002232415	-1.4009
699	66.8488	35.4975	57.9828	5.0	4.997	-0.129361551	-0.129381290	-0.000019739	-0.0124
700	66.7201	31.9098	59.8574	5.0	4.998	-0.122214575	-0.122285493	-0.000070918	-0.0445
701	64.4051	32.5541	48.6595	4.0	3.996	-0.130448544	-0.126997652	0.003450892	2.1655
702	65.9602	33.7835	48.8656	5.0	4.997	-0.117496473	-0.115137838	0.002358635	1.4801
703	61.8071	27.0219	49.2851	5.0	4.997	-0.116457909	-0.113347359	0.003110550	1.9519
704	64.0905	27.6810	58.5471	4.0	3.995	-0.131999023	-0.131560551	0.000438472	0.2751
705	64.8738	35.2221	53.9854	3.0	2.997	-0.175421986	-0.173819726	0.001602260	1.0054
706	59.2988	26.9684	56.9562	3.0	2.996	-0.141487523	-0.141612848	-0.000125326	-0.0786
707	62.6964	42.0173	57.4172	5.0	4.997	-0.120294727	-0.120859309	-0.000564582	-0.3543
708	54.3153	26.7465	51.5942	5.0	4.998	-0.104755773	-0.104434182	0.000321591	0.2018
709	63.9293	38.7931	52.3938	5.0	4.999	-0.135166234	-0.134861608	0.000304626	0.1912
710	67.1977	35.0201	57.1680	5.0	4.997	-0.130318594	-0.129914595	0.000403999	0.2535
711	59.1150	25.1157	57.8919	5.0	4.998	-0.111721429	-0.111955399	-0.000233970	-0.1468
712	50.9113	35.1325	59.6223	5.0	4.998	-0.113896167	-0.115253269	-0.001357103	-0.8516
713	61.8355	26.2803	56.5720	4.0	3.999	-0.134745641	-0.133626501	0.001119140	0.7023
714	66.0608	29.1340	52.2733	4.0	3.996	-0.135716773	-0.131601912	0.004114861	2.5821
715	58.2506	31.2875	61.6934	3.0	2.998	-0.144820439	-0.150332914	-0.005512476	-3.4591
716	64.0201	26.3370	58.4973	5.0	4.996	-0.116737391	-0.116258855	0.000478536	0.3003
717	62.6326	30.0438	47.2680	5.0	4.997	-0.114632783	-0.111639475	0.002993308	1.8783
718	60.9369	39.9477	51.1731	5.0	5.020	-0.131266878	-0.131242504	0.000024374	0.0153
719	68.2984	31.7935	55.3445	5.0	4.997	-0.122756893	-0.121027742	0.001729151	1.0851
720	54.4420	38.0094	62.6710	5.0	4.997	-0.117931061	-0.119401329	-0.001470268	-0.9226
721	50.9873	29.3609	56.6904	4.0	3.996	-0.100349304	-0.101187435	-0.000838131	-0.5259
722	62.8376	37.0897	48.8175	5.0	4.998	-0.123596087	-0.122439498	0.001156589	0.7258
723	64.8253	27.4022	59.4024	5.0	4.998	-0.116893860	-0.116688035	0.000205825	0.1292
724	56.9010	35.6105	63.9451	5.0	4.996	-0.120579710	-0.122960541	-0.002380831	-1.4940
725	63.9454	39.3502	56.9351	4.0	3.998	-0.141735167	-0.142550162	-0.000814995	-0.5114
726	64.1085	27.6695	60.1432	5.0	4.996	-0.118001204	-0.118259699	-0.000258495	-0.1622
727	67.3276	35.1228	53.2565	5.0	4.998	-0.128795996	-0.127253682	0.001542315	0.9678
728	61.6326	33.1924	47.9447	4.0	3.997	-0.134142983	-0.131211933	0.002931050	1.8393
729	55.7037	38.6020	50.4692	4.0	3.995	-0.127995237	-0.128298774	-0.000303537	-0.1905
730	67.0277	33.9929	50.3838	5.0	4.997	-0.119805234	-0.117580888	0.002224346	1.3958
731	63.2195	38.2601	58.6225	3.0	2.995	-0.155811711	-0.157458335	-0.001646624	-1.0333
732	54.2053	34.2699	50.2131	3.0	2.994	-0.133021108	-0.133119173	-0.000098065	-0.0615
733	54.7888	35.6039	63.1906	5.0	4.997	-0.120461256	-0.122720375	-0.002259119	-1.4176
734	58.0005	29.8170	48.3596	5.0	5.015	-0.124889745	-0.122480323	0.002409422	1.5119
735	53.5475	40.2688	53.5237	5.0	4.996	-0.123484891	-0.124179088	-0.000694197	-0.4356
736	51.5942	34.4761	55.8533	3.0	2.996	-0.131580654	-0.132629824	-0.001049170	-0.6584
737	60.7493	27.9231	60.2510	4.0	3.996	-0.130550634	-0.132301820	-0.001751187	-1.0989
738	68.1102	32.9552	54.5996	5.0	4.997	-0.126181316	-0.124380752	0.001800564	1.1299
739	56.1866	41.6256	57.2392	4.0	3.997	-0.138989814	-0.139506708	-0.000516893	-0.3244
740	59.2640	33.1873	63.2839	4.0	3.997	-0.131120910	-0.134557233	-0.003436323	-2.1563
741	58.9373	35.6201	49.3601	3.0	2.995	-0.147383204	-0.146128990	0.001254213	0.7870
742	51.7724	30.3264	53.1850	3.0	2.994	-0.111676429	-0.112493819	-0.000817390	-0.5129
743	61.1019	28.4037	50.8084	3.0	2.994	-0.154287277	-0.148615663	0.005671614	3.5590
744	58.4507	35.4730	47.2090	5.0	5.000	-0.116953497	-0.115853352	0.001100145	0.6904
745	52.8771	28.7337	54.1278	3.0	2.996	-0.113380907	-0.114308986	-0.000928079	-0.5824
746	56.8119	27.6793	61.4869	5.0	4.997	-0.109355463	-0.111461546	-0.002106083	-1.3216
747	63.8114	37.2982	62.0368	5.0	4.998	-0.121147635	-0.122430196	-0.001282561	-0.8048
748	53.3805	28.8702	60.9689	5.0	4.996	-0.103139377	-0.105003727	-0.001864350	-1.1699
749	57.4058	26.7945	53.2540	4.0	3.997	-0.131081117	-0.129827846	0.001253271	0.7864
750	55.7442	39.9990	60.4762	4.0	3.997	-0.137605917	-0.138513275	-0.000907358	-0.5694
751	63.5823	31.5671	62.4919	5.0	4.997	-0.121303534	-0.122893032	-0.001589498	-0.9974
752	64.0922	40.5334	57.7653	5.0	4.999	-0.124569768	-0.125235513	-0.000665745	-0.4178
753	61.4233	34.5748	63.7751	5.0	4.997	-0.121008584	-0.123112949	-0.002104365	-1.3205
754	65.4613	34.8576	48.9328	5.0	4.997	-0.119533021	-0.117484427	0.002048594	1.2855
755	58.2364	41.1146	59.9913	4.0	3.997	-0.136663298	-0.137393376	-0.000730077	-0.4581
756	61.9798	36.9635	63.1011	5.0	4.997	-0.122432978	-0.124048537	-0.001615558	-1.0138
757	58.6407	35.5468	64.1180	5.0	4.998	-0.120949428	-0.123269046	-0.002319618	-1.4556
758	64.2047	36.8292	54.8715	3.0	3.003	-0.169412125	-0.169326745	0.000085380	0.0536
759	65.1503	33.2068	61.5936	5.0	4.997	-0.122981870	-0.124051219	-0.001069348	-0.6710
760	62.8928	32.5798	63.0812	5.0	4.997	-0.120993898	-0.122881531	-0.001887633	-1.1845
761	57.0737	32.9861	48.1149	4.0	3.997	-0.127788365	-0.126208586	0.001579779	0.9913
762	63.2337	36.5056	50.2906	4.0	4.014	-0.143641358	-0.142277692	0.001363666	0.8557
763	52.5439	28.0023	53.2769	4.0	3.999	-0.105160162	-0.105673262	-0.000513100	-0.3220
764	55.0764	28.3081	61.5980	5.0	4.997	-0.105673195	-0.107776831	-0.002103635	-1.3201
765	63.6814	40.1951	59.4370	5.0	5.016	-0.123765718	-0.124639172	-0.000873454	-0.5481
766	57.0036	37.3758	63.3445	5.0	4.998	-0.124878106	-0.126781240	-0.001903135	-1.1942
767	51.2079	28.7352	55.6377	4.0	3.995	-0.099740130	-0.100479022	-0.000738892	-0.4637
768	59.7763	40.1642	59.4518	3.0	2.994	-0.157108171	-0.157980576	-0.000872405	-0.5474
769	57.4791	34.9711	62.1292	3.0	2.996	-0.154323920	-0.158625407	-0.004301487	-2.6992
770	58.2399	38.8729	61.7125	4.0	3.999	-0.142501301	-0.143941841	-0.001440540	-0.9040
771	57.8288	33.4156	62.3580	3.0	2.997	-0.146709680	-0.151685587	-0.004975907	-3.1224
772	62.8514	25.7442	52.8329	5.0	4.997	-0.122130917	-0.119388670	0.002742247	1.7208
773	65.6618	28.6008	49.7168	5.0	4.998	-0.114908111	-0.111666019	0.003242092	2.0344
774	65.6451	33.0087	51.7014	3.0	2.995	-0.157204387	-0.152983368	0.004221019	2.6487
775	49.5401	33.8333	57.4506	5.0	4.997	-0.103168199	-0.104079367	-0.000911168	-0.5718
776	66.1085	27.1519	53.7910	5.0	4.997	-0.120186847	-0.117536472	0.002650375	1.6631
777	66.8409	32.8205	51.9939	4.0	3.998	-0.137370994	-0.134243430	0.003127563	1.9626
778	52.6030	30.0253	59.1774	4.0	4.016	-0.111797912	-0.113591509	-0.001793598	-1.1255
779	49.1655	33.8419	53.8571	5.0	4.997	-0.098595856	-0.099249680	-0.000653825	-0.4103
780	62.3307	38.4407	59.2912	3.0	2.996	-0.159802343	-0.161569128	-0.001766785	-1.1087
781	50.3592	32.7023	50.5243	5.0	4.997	-0.097418309	-0.097817086	-0.000398778	-0.2502
782	54.2046	34.5885	47.7385	5.0	4.997	-0.106908636	-0.106555760	0.000352876	0.2214
783	60.6398	36.8181	62.3352	4.0	3.998	-0.140904543	-0.143012626	-0.002108083	-1.3228
784	53.8894	29.4486	48.8778	5.0	4.996	-0.104750032	-0.104220552	0.000529481	0.3323
785	53.8555	39.6475	61.3839	5.0	4.997	-0.116759720	-0.117780316	-0.001020596	-0.6404
786	59.4382	36.0032	61.6003	3.0	3.002	-0.165032439	-0.168187394	-0.003154955	-1.9798
787	60.5117	26.4522	53.7599	4.0	3.996	-0.140482320	-0.137836566	0.002645754	1.6602
788	56.8061	35.3717	49.1321	3.0	2.995	-0.136044349	-0.135177949	0.000866399	0.5437
789	50.2661	33.6936	56.5147	4.0	3.997	-0.111352024	-0.112225432	-0.000873408	-0.5481
790	54.2359	38.3817	51.5903	4.0	3.995	-0.130368402	-0.131038592	-0.000670190	-0.4206
791	53.3268	38.4063	53.5957	4.0	3.996	-0.138832020	-0.139892565	-0.001060545	-0.6655
792	62.7924	30.2144	49.4477	3.0	2.996	-0.149146128	-0.143365493	0.005780635	3.6274
793	54.5460	40.8643	57.1263	4.0	3.996	-0.137570877	-0.138209944	-0.000639067	-0.4010
794	53.7802	36.7389	50.1184	4.0	3.997	-0.120769590	-0.121079398	-0.000309808	-0.1944
795	55.9638	26.0798	56.3001	4.0	3.997	-0.113472001	-0.114007631	-0.000535629	-0.3361
796	50.0266	31.1938	51.3190	5.0	4.996	-0.094814690	-0.095226030	-0.000411340	-0.2581
797	61.4437	31.4471	62.1132	4.0	3.995	-0.136545225	-0.139585721	-0.003040496	-1.9079
798	65.5239	35.7665	60.9537	5.0	5.000	-0.122291144	-0.123246700	-0.000955556	-0.5996
799	57.5725	42.0434	57.8451	4.0	3.998	-0.135641033	-0.136143528	-0.000502495	-0.3153
800	59.1867	28.6445	51.6602	3.0	2.996	-0.164237651	-0.159459691	0.004777959	2.9982
801	61.6709	39.2598	60.6141	4.0	3.995	-0.140318195	-0.141629934	-0.001311739	-0.8231
802	61.8272	30.3001	61.3500	4.0	3.997	-0.138538820	-0.141166275	-0.002627455	-1.6488
803	52.0067	30.7987	52.3047	3.0	2.995	-0.114634042	-0.115502999	-0.000868956	-0.5453
804	63.3417	37.4880	60.9631	4.0	3.996	-0.135624475	-0.137141793	-0.001517319	-0.9521
805	61.6498	40.3728	56.3326	3.0	2.997	-0.157332033	-0.158206684	-0.000874651	-0.5489
806	60.1741	42.1583	56.2490	4.0	3.997	-0.134222076	-0.134743483	-0.000521406	-0.3272
807	58.1766	31.8889	48.4955	4.0	3.998	-0.137607503	-0.135073837	0.002533666	1.5899
808	62.3080	26.7104	57.8660	4.0	3.996	-0.133320706	-0.132909219	0.000411487	0.2582
809	52.0259	39.8293	58.8631	5.0	4.995	-0.114709969	-0.115530259	-0.000820290	-0.5147
810	61.6172	34.8355	48.3713	4.0	3.996	-0.135897753	-0.133779977	0.002117776	1.3289
811	57.5242	42.9477	58.3813	5.0	4.998	-0.119083584	-0.119601759	-0.000518175	-0.3252
812	53.0137	29.9860	50.2184	4.0	3.995	-0.109939561	-0.109961143	-0.000021582	-0.0135
813	65.5282	26.4637	56.5517	5.0	4.997	-0.116534500	-0.115080444	0.001454055	0.9124
814	60.0272	43.0903	57.8738	5.0	4.999	-0.117915822	-0.118428175	-0.000512354	-0.3215
815	64.7760	35.2672	50.1941	4.0	3.996	-0.138210888	-0.136028058	0.002182830	1.3697
816	62.0618	38.7124	62.0368	5.0	4.997	-0.125287568	-0.126604763	-0.001317195	-0.8266
817	65.1564	35.9443	51.6081	4.0	3.996	-0.143530637	-0.141873822	0.001656815	1.0397
818	54.5394	36.3288	62.0008	4.0	3.997	-0.133895518	-0.136118051	-0.002222533	-1.3947
819	67.0391	32.5826	53.3121	4.0	3.999	-0.142023256	-0.139031742	0.002991515	1.8772
820	52.6114	35.9256	54.9226	3.0	3.015	-0.150351059	-0.151977650	-0.001626591	-1.0207
821	51.0851	27.4723	55.7470	5.0	4.998	-0.093019046	-0.093662284	-0.000643238	-0.4036
822	53.5301	29.7126	58.2768	3.0	2.995	-0.120143605	-0.122117976	-0.001974372	-1.2389
823	61.2827	37.8159	61.6029	4.0	3.996	-0.142733043	-0.144474230	-0.001741186	-1.0926
824	55.4653	32.5222	62.4548	4.0	3.997	-0.127943937	-0.131679609	-0.003735673	-2.3442
825	61.5882	36.7482	47.9366	5.0	4.998	-0.119965318	-0.118798421	0.001166898	0.7322
826	54.5525	28.2163	51.0906	4.0	3.996	-0.116106763	-0.115684893	0.000421870	0.2647
827	60.7363	26.4215	58.1272	4.0	3.997	-0.129135474	-0.129339800	-0.000204326	-0.1282
828	54.4414	34.2950	63.0877	5.0	4.997	-0.118677416	-0.121216765	-0.002539349	-1.5935
829	58.6979	36.9301	62.4521	4.0	3.998	-0.144015190	-0.146370703	-0.002355513	-1.4781
830	57.2069	25.9120	59.4496	5.0	4.997	-0.107584424	-0.108729054	-0.001144630	-0.7183
831	66.2656	31.5039	56.0710	3.0	2.996	-0.159292716	-0.156724440	0.002568276	1.6116
832	50.3427	33.5379	58.9225	5.0	4.996	-0.107527034	-0.108737791	-0.001210757	-0.7598
833	61.5000	30.0456	62.4983	5.0	4.997	-0.122695679	-0.124964942	-0.002269262	-1.4240
834	61.2255	34.9374	49.3367	3.0	2.999	-0.153193082	-0.151040071	0.002153011	1.3510
835	60.5346	35.2737	63.8399	5.0	5.003	-0.122615339	-0.124801264	-0.002185925	-1.3717
836	54.6085	37.4818	61.7837	4.0	3.997	-0.133266077	-0.134991729	-0.001725652	-1.0829
837	57.0463	24.9989	56.6173	5.0	5.000	-0.107609686	-0.107817942	-0.000208256	-0.1307
838	55.4793	25.5565	54.0591	5.0	4.997	-0.106791755	-0.106671463	0.000120292	0.0755
839	60.1956	39.2785	52.9869	3.0	2.995	-0.166673585	-0.167251051	-0.000577466	-0.3624
840	64.5349	34.8147	51.3227	3.0	2.999	-0.160548107	-0.157833501	0.002714607	1.7034
841	50.6585	37.5994	58.1183	5.0	4.999	-0.113328638	-0.114296985	-0.000968348	-0.6076
842	53.5894	30.9933	49.4573	4.0	3.997	-0.113775287	-0.113549364	0.000225923	0.1418
843	65.0542	26.0654	55.4998	5.0	4.996	-0.117544105	-0.115711062	0.001833044	1.1503
844	63.5893	36.1349	48.6541	5.0	4.999	-0.123813275	-0.122240782	0.001572493	0.9868
845	57.6937	28.3362	61.8970	5.0	4.998	-0.114367845	-0.116859274	-0.002491429	-1.5634
846	53.7128	27.1655	56.8796	4.0	3.998	-0.106964892	-0.108017210	-0.001052318	-0.6603
847	63.9489	37.8035	57.9497	3.0	2.995	-0.154655840	-0.156052112	-0.001396272	-0.8762
848	51.4885	34.0111	53.3258	3.0	2.999	-0.122862916	-0.123998651	-0.001135734	-0.7127
849	54.4403	27.2152	53.2122	4.0	3.996	-0.114052947	-0.114197292	-0.000144345	-0.0906
850	65.0000	30.4522	59.8979	4.0	3.998	-0.135843902	-0.136256025	-0.000412123	-0.2586
851	49.3064	32.6181	52.6811	5.0	4.998	-0.095778140	-0.096333440	-0.000555300	-0.3485
852	64.7976	36.1256	61.6718	5.0	5.000	-0.121224026	-0.122393866	-0.001169840	-0.7341
853	53.5098	33.9586	60.9799	4.0	3.996	-0.134189356	-0.137087016	-0.002897660	-1.8183
854	54.4356	29.6717	60.8110	4.0	3.996	-0.116275859	-0.118983573	-0.002707714	-1.6991
855	65.2146	27.6624	50.3128	5.0	4.998	-0.115762260	-0.112503212	0.003259048	2.0451
856	51.2382	28.5547	51.6616	5.0	4.996	-0.095277950	-0.095549734	-0.000271784	-0.1705
857	50.7302	31.4927	50.1840	5.0	4.997	-0.096603957	-0.096892610	-0.000288653	-0.1811
858	64.7042	32.1433	47.6553	5.0	4.997	-0.114929836	-0.112190426	0.002739411	1.7190
859	51.2401	30.6956	56.0585	3.0	2.997	-0.108819871	-0.109469820	-0.000649949	-0.4078
860	62.5751	37.6870	53.4532	3.0	2.994	-0.174537080	-0.174646608	-0.000109529	-0.0687
861	58.2525	41.5982	60.9734	5.0	4.997	-0.120616730	-0.121395397	-0.000778667	-0.4886
862	48.8682	32.4158	54.4175	5.0	4.997	-0.094556326	-0.095156504	-0.000600177	-0.3766
863	52.6360	38.1430	54.2725	4.0	3.996	-0.135669797	-0.136747514	-0.001077717	-0.6763
864	61.5998	28.1445	61.3838	5.0	4.997	-0.120205321	-0.121751338	-0.001546017	-0.9701
865	52.2248	26.8145	53.8734	5.0	4.999	-0.096405570	-0.096797771	-0.000392201	-0.2461
866	65.4897	34.3225	55.6038	3.0	2.997	-0.172901836	-0.171337969	0.001563867	0.9813
867	56.3787	37.9123	48.2027	5.0	4.999	-0.112065092	-0.111821780	0.000243312	0.1527
868	55.5542	28.0101	49.6311	5.0	4.999	-0.111692964	-0.110605102	0.001087863	0.6826
869	56.2038	28.0324	60.4023	4.0	3.997	-0.116638151	-0.119024730	-0.002386578	-1.4976
870	59.0535	39.3585	52.8119	3.0	2.995	-0.166360971	-0.167040564	-0.000679593	-0.4265
871	52.9666	35.0636	59.1917	3.0	2.994	-0.149751555	-0.151918170	-0.002166615	-1.3596
872	55.5928	39.4407	52.6026	4.0	3.997	-0.144293852	-0.145102256	-0.000808404	-0.5073
873	52.8248	27.0448	58.2858	5.0	4.997	-0.098009535	-0.099088768	-0.001079233	-0.6772
874	59.2246	40.4584	51.1466	5.0	4.996	-0.128695287	-0.128855420	-0.000160133	-0.1005
875	58.8542	37.7854	63.2551	5.0	4.998	-0.126324109	-0.128078217	-0.001754108	-1.1007
876	55.1296	37.1988	48.1144	5.0	4.996	-0.109027788	-0.108844316	0.000183471	0.1151
877	64.7231	34.0887	49.3070	4.0	3.996	-0.133660827	-0.130844875	0.002815952	1.7670
878	67.5399	34.5594	54.0871	5.0	4.998	-0.130499052	-0.128937427	0.001561626	0.9799
879	55.9808	36.2040	63.4686	5.0	5.006	-0.122818475	-0.125050479	-0.002232004	-1.4006
880	60.2586	25.3222	58.3804	5.0	4.998	-0.113577462	-0.113774201	-0.000196739	-0.1235
881	63.3147	38.3918	50.6058	5.0	4.998	-0.129074722	-0.128438087	0.000636636	0.3995
882	61.1625	25.6817	58.7503	5.0	4.998	-0.115866581	-0.116054384	-0.000187803	-0.1178
883	50.6335	28.6785	57.6715	5.0	4.996	-0.093925829	-0.094811613	-0.000885783	-0.5558
884	52.3359	38.0956	51.9978	5.0	4.996	-0.117028350	-0.117721963	-0.000693613	-0.4352
885	60.8293	41.1726	52.1004	5.0	4.998	-0.126014525	-0.126186946	-0.000172421	-0.1082
886	65.8020	29.6082	50.8947	4.0	3.997	-0.131834854	-0.127632677	0.004202177	2.6369
887	56.3415	38.7410	53.2400	3.0	3.057	-0.171664790	-0.172926489	-0.001261699	-0.7917
888	57.6190	28.3843	51.0304	4.0	3.997	-0.141172700	-0.138531474	0.002641226	1.6574
889	58.4696	28.3026	52.7661	3.0	2.997	-0.163099700	-0.159705693	0.003394007	2.1298
890	58.9630	28.3084	50.2916	4.0	3.997	-0.139596308	-0.136082162	0.003514147	2.2052
891	57.6445	38.0902	49.5176	4.0	3.996	-0.129362424	-0.129180560	0.000181864	0.1141
892	52.1442	34.2191	57.3730	3.0	2.993	-0.139506609	-0.140867371	-0.001360762	-0.8539
893	60.0466	34.6263	48.9884	3.0	2.999	-0.149145094	-0.147080100	0.002064995	1.2958
894	56.3413	33.9227	49.0603	3.0	2.995	-0.136400155	-0.135195867	0.001204288	0.7557
895	55.3212	37.2706	61.0177	3.0	2.996	-0.155498542	-0.157460570	-0.001962028	-1.2312
896	50.5671	29.6103	54.5139	4.0	3.997	-0.099026335	-0.099641954	-0.000615619	-0.3863
897	53.6617	38.9096	50.8316	5.0	4.997	-0.115439105	-0.115889614	-0.000450509	-0.2827
898	62.3936	31.1848	46.9574	5.0	4.997	-0.115472166	-0.112680890	0.002791276	1.7516
899	58.8809	42.2451	52.9480	5.0	4.997	-0.122275208	-0.122616011	-0.000340803	-0.2139
900	55.9140	41.3425	55.3312	4.0	3.996	-0.140663286	-0.141253267	-0.000589981	-0.3702
901	52.7375	36.8104	51.9674	4.0	3.995	-0.126871159	-0.127747532	-0.000876374	-0.5499
902	62.2826	34.1582	49.3994	3.0	2.995	-0.156336221	-0.153156986	0.003179235	1.9950
903	50.9930	31.1038	54.7943	3.0	2.997	-0.108884167	-0.109482953	-0.000598786	-0.3757
904	51.4099	38.5985	54.6808	5.0	4.996	-0.117721272	-0.118557920	-0.000836648	-0.5250
905	62.9957	32.5946	48.0529	4.0	3.998	-0.131066355	-0.127736121	0.003330234	2.0898
906	58.7449	42.0303	54.7712	4.0	3.997	-0.135992046	-0.136469281	-0.000477235	-0.2995
907	65.0886	37.0698	50.9071	5.0	4.998	-0.128659264	-0.127504455	0.001154809	0.7247
908	61.5767	39.5456	58.9044	3.0	2.995	-0.158765351	-0.160055603	-0.001290253	-0.8096
909	65.8651	32.0449	60.6815	5.0	4.995	-0.124100830	-0.124661490	-0.000560661	-0.3518
910	67.0864	32.8810	56.5673	4.0	3.998	-0.140628206	-0.139273506	0.001354700	0.8501
911	56.5463	38.2595	63.0577	5.0	4.997	-0.123000559	-0.124580644	-0.001580084	-0.9915
912	67.7328	30.4603	52.1526	5.0	4.998	-0.120071229	-0.117257770	0.002813459	1.7655
913	55.5919	41.8243	53.9211	5.0	4.999	-0.124231727	-0.124760417	-0.000528690	-0.3318
914	62.8163	29.1737	59.1946	3.0	2.995	-0.155120397	-0.156140462	-0.001020065	-0.6401
915	65.8152	30.6108	53.6923	3.0	3.021	-0.165566267	-0.160399672	0.005166595	3.2421
916	56.9128	41.2693	52.2151	5.0	4.996	-0.125698055	-0.126124101	-0.000426046	-0.2673
917	55.6698	26.3543	54.7674	4.0	3.996	-0.115901534	-0.116060717	-0.000159183	-0.0999
918	55.2828	32.1491	60.9015	3.0	2.995	-0.144982345	-0.150142591	-0.005160246	-3.2381
919	56.1272	40.4059	55.9985	3.0	2.999	-0.165637092	-0.166239887	-0.000602795	-0.3783
920	54.6640	38.8050	54.3615	3.0	2.997	-0.163382931	-0.164650988	-0.001268058	-0.7957
921	63.2425	38.4352	53.1419	4.0	3.995	-0.152160763	-0.152107300	0.000053463	0.0335
922	57.2618	36.3212	48.3918	4.0	3.996	-0.124475287	-0.123797557	0.000677730	0.4253
923	59.0832	25.9112	59.7387	5.0	4.997	-0.111209523	-0.112192976	-0.000983453	-0.6171
924	58.4039	39.3803	51.5803	4.0	4.009	-0.146231100	-0.146596553	-0.000365454	-0.2293
925	52.3920	38.4821	60.9772	5.0	4.996	-0.114394469	-0.115509391	-0.001114923	-0.6996
926	66.2053	32.2723	48.8027	5.0	4.998	-0.115623574	-0.112902095	0.002721480	1.7078
927	50.8039	35.2340	54.7603	4.0	3.999	-0.119256883	-0.120246286	-0.000989403	-0.6209
928	49.4493	33.6926	52.6550	5.0	4.998	-0.098356659	-0.098963307	-0.000606648	-0.3807
929	66.8311	28.6521	51.7515	5.0	4.998	-0.118448482	-0.115360896	0.003087587	1.9375
930	61.0106	31.2610	47.9268	4.0	3.997	-0.132574864	-0.129057492	0.003517372	2.2072
931	67.1627	30.7279	54.7753	4.0	3.999	-0.138563814	-0.135766301	0.002797513	1.7555
932	50.7562	29.3018	58.5222	5.0	4.997	-0.096003976	-0.097051939	-0.001047963	-0.6576
933	66.4280	30.4539	51.3981	4.0	3.997	-0.133528163	-0.129560297	0.003967867	2.4899
934	58.6831	24.9688	56.5141	5.0	4.997	-0.113029018	-0.112852743	0.000176274	0.1106
935	50.1206	28.7659	53.4922	5.0	4.997	-0.091825996	-0.092288064	-0.000462068	-0.2900
936	54.0087	37.3024	60.2177	3.0	2.999	-0.150981953	-0.152549551	-0.001567598	-0.9837
937	57.5236	27.4740	54.2401	3.0	2.997	-0.144802072	-0.143873021	0.000929051	0.5830
938	55.5419	25.4348	58.0510	5.0	4.998	-0.101798740	-0.102597187	-0.000798447	-0.5010
939	63.2996	38.5331	60.1832	4.0	3.999	-0.136662138	-0.138006034	-0.001343896	-0.8433
940	64.2152	26.0416	53.4156	5.0	4.997	-0.121343266	-0.118652114	0.002691152	1.6887
941	64.1380	25.6575	56.1692	5.0	4.997	-0.117311429	-0.115857936	0.001453493	0.9121
942	64.5546	29.2075	49.7522	4.0	3.998	-0.129542165	-0.125224039	0.004318126	2.7097
943	64.7715	30.1903	50.8459	3.0	2.996	-0.151463679	-0.145551970	0.005911709	3.7097
944	60.5781	38.8311	62.5221	5.0	4.999	-0.126000161	-0.127383350	-0.001383189	-0.8680
945	58.7247	37.5195	49.2901	4.0	3.995	-0.133041559	-0.132543871	0.000497688	0.3123
946	53.2312	37.7428	52.5216	4.0	3.995	-0.132881508	-0.133834586	-0.000953078	-0.5981
947	54.0684	37.1313	52.4248	3.0	2.997	-0.146542010	-0.147687420	-0.001145409	-0.7188
948	52.9130	40.1784	59.8921	5.0	4.997	-0.115662877	-0.116501260	-0.000838383	-0.5261
949	65.9338	31.1999	52.8374	3.0	2.995	-0.160847382	-0.155701057	0.005146325	3.2294
950	60.3238	38.3592	48.8035	5.0	4.999	-0.121620359	-0.121059849	0.000560510	0.3517
951	66.5056	30.3369	59.8624	5.0	4.997	-0.119427274	-0.119350387	0.000076887	0.0482
952	64.8667	34.9543	57.6530	3.0	2.996	-0.167206035	-0.167741361	-0.000535327	-0.3359
953	52.4788	36.6622	56.1648	3.0	2.996	-0.150703398	-0.152085226	-0.001381829	-0.8671
954	63.9615	34.6712	61.4018	4.0	3.998	-0.135416381	-0.137079606	-0.001663225	-1.0437
955	52.4040	38.3631	59.1125	4.0	3.995	-0.128976735	-0.130023851	-0.001047116	-0.6571
956	65.4786	27.1363	51.8414	5.0	4.999	-0.118557342	-0.115421502	0.003135840	1.9678
957	63.4044	34.0233	49.7100	3.0	2.998	-0.154553327	-0.151061761	0.003491566	2.1910
958	61.9170	37.6095	60.3334	3.0	2.996	-0.159087336	-0.161085313	-0.001997977	-1.2537
959	50.1006	35.2929	52.2839	5.0	4.997	-0.103476252	-0.104141398	-0.000665146	-0.4174
960	62.5796	34.4375	61.2030	3.0	2.994	-0.152408115	-0.154965517	-0.002557402	-1.6048
961	55.6289	27.3114	57.1444	3.0	2.995	-0.121299626	-0.122613833	-0.001314207	-0.8247
962	52.6483	40.7342	58.0186	5.0	4.995	-0.116477577	-0.117190744	-0.000713167	-0.4475
963	57.9093	25.6406	53.4474	5.0	4.998	-0.118846715	-0.117715624	0.001131090	0.7098
964	63.8408	27.5804	51.1936	4.0	3.997	-0.132713255	-0.128418563	0.004294692	2.6950
965	50.7867	36.1990	59.3993	5.0	4.997	-0.113281426	-0.114481492	-0.001200066	-0.7531
966	52.3623	31.2903	51.4947	3.0	2.997	-0.117554269	-0.118353688	-0.000799418	-0.5016
967	57.2752	35.7518	62.8925	4.0	3.997	-0.137896216	-0.140851450	-0.002955234	-1.8544
968	59.2648	34.6805	46.9782	5.0	4.997	-0.117624896	-0.116177420	0.001447476	0.9083
969	58.2415	27.0816	56.3867	3.0	2.998	-0.140122749	-0.140330777	-0.000208028	-0.1305
970	65.9003	33.2574	53.6242	3.0	2.997	-0.168110844	-0.164542025	0.003568819	2.2395
971	59.0035	26.7232	50.6990	5.0	4.996	-0.123367958	-0.120842047	0.002525911	1.5850
972	56.0357	26.9814	53.2118	4.0	4.033	-0.123875910	-0.123374050	0.000501860	0.3149
973	58.3130	32.3499	62.1832	3.0	2.995	-0.145154100	-0.150417653	-0.005263554	-3.3029
974	55.2529	26.4492	51.8661	5.0	4.998	-0.108920502	-0.108358559	0.000561943	0.3526
975	52.3983	31.7553	60.8900	5.0	4.996	-0.112124894	-0.114242349	-0.002117455	-1.3287
976	52.9063	27.4699	55.3863	4.0	3.998	-0.105061432	-0.105858083	-0.000796651	-0.4999
977	62.9480	26.3149	55.7817	4.0	3.997	-0.134150588	-0.132258239	0.001892349	1.1875
978	60.1673	41.7726	54.5062	4.0	3.997	-0.136212977	-0.136682957	-0.000469980	-0.2949
979	62.9196	29.2776	48.8212	4.0	3.997	-0.129217698	-0.125000740	0.004216958	2.6462
980	52.8403	34.3550	58.4860	3.0	2.997	-0.149921125	-0.152046034	-0.002124909	-1.3334
981	54.5876	33.4416	61.9417	4.0	3.997	-0.131965552	-0.135441101	-0.003475549	-2.1809
982	50.0459	32.4580	53.5745	4.0	3.997	-0.103676158	-0.104349212	-0.000673054	-0.4223
983	62.5727	25.7237	58.0386	5.0	4.997	-0.117852829	-0.117436225	0.000416604	0.2614
984	56.2051	40.1326	58.3449	3.0	3.012	-0.165429690	-0.165891849	-0.000462160	-0.2900
985	61.9560	39.7124	54.9391	3.0	2.995	-0.162175525	-0.162958687	-0.000783162	-0.4914
986	64.7281	26.1759	57.3491	5.0	4.996	-0.116390150	-0.115339514	0.001050636	0.6593
987	62.6071	32.8065	61.0199	3.0	2.996	-0.153782167	-0.156613077	-0.002830910	-1.7764
988	51.7333	29.2043	52.3346	4.0	3.997	-0.103804207	-0.104306882	-0.000502676	-0.3154
989	65.8582	26.9551	57.3668	5.0	4.996	-0.116221771	-0.115058620	0.001163152	0.7299
990	58.9853	38.9262	49.2391	5.0	4.995	-0.122491625	-0.122230348	0.000261277	0.1640
991	61.8775	27.8145	51.9893	3.0	2.996	-0.156887578	-0.151286647	0.005600930	3.5146
992	55.4134	37.0127	62.2108	4.0	3.997	-0.135907981	-0.137995394	-0.002087413	-1.3099
993	62.6567	40.2552	58.6079	4.0	3.996	-0.138103689	-0.139086734	-0.000983045	-0.6169
994	67.2763	30.4176	58.8336	5.0	4.998	-0.118929915	-0.118378323	0.000551593	0.3461
995	55.9528	26.7363	58.7047	4.0	3.997	-0.112472502	-0.113881269	-0.001408767	-0.8840
996	57.7848	36.2342	61.6160	3.0	3.027	-0.165147733	-0.168528157	-0.003380424	-2.1212
997	52.0370	37.2937	54.7114	4.0	3.997	-0.133713387	-0.134862612	-0.001149225	-0.7211
998	59.5387	26.5195	58.7992	4.0	3.997	-0.124424607	-0.125329996	-0.000905389	-0.5681
999	49.8709	29.2402	56.8181	5.0	4.998	-0.092217561	-0.092953670	-0.000736108	-0.4619
1000	58.7821	27.7376	58.8088	3.0	2.997	-0.137912566	-0.139874805	-0.001962238	-1.2313
1001	59.4548	36.9772	50.2146	3.0	2.996	-0.151696428	-0.151094229	0.000602199	0.3779
1002	56.6291	39.8756	52.5421	4.0	3.994	-0.145797450	-0.146488409	-0.000690960	-0.4336
1003	65.4772	37.6652	53.2393	5.0	4.998	-0.134747905	-0.134151683	0.000596222	0.3741
1004	52.1173	37.1095	61.3185	5.0	4.996	-0.114276012	-0.115627420	-0.001351408	-0.8480
1005	65.0695	37.8443	55.7081	4.0	3.998	-0.144322257	-0.144523789	-0.000201532	-0.1265
1006	64.8304	31.9652	60.2114	4.0	4.000	-0.140696429	-0.141623530	-0.000927101	-0.5818
1007	51.6132	31.2560	57.3381	3.0	2.996	-0.113964825	-0.114890396	-0.000925571	-0.5808
1008	52.4640	31.4167	48.7605	5.0	4.997	-0.101289474	-0.101189374	0.000100100	0.0628
1009	50.4655	34.5232	55.9387	4.0	3.996	-0.115608522	-0.116529055	-0.000920533	-0.5776
1010	54.7775	37.1616	49.5964	4.0	3.997	-0.121240651	-0.121332453	-0.000091802	-0.0576
1011	59.6354	41.2532	56.3364	3.0	2.997	-0.155298827	-0.155874667	-0.000575840	-0.3613
1012	54.4873	28.8958	58.7821	3.0	2.995	-0.120681546	-0.122938477	-0.002256931	-1.4162
1013	64.3139	37.4414	57.0132	3.0	2.994	-0.157689534	-0.158682474	-0.000992940	-0.6231
1014	68.1689	32.0878	56.7997	5.0	4.998	-0.122079768	-0.120917194	0.001162574	0.7295
1015	54.8789	26.6222	59.8568	5.0	4.997	-0.101644140	-0.103034086	-0.001389946	-0.8722
1016	50.2902	36.0263	56.5562	5.0	5.047	-0.114126457	-0.115094422	-0.000967966	-0.6074
1017	53.6922	25.9069	56.0393	5.0	4.999	-0.099282847	-0.099869515	-0.000586668	-0.3681
1018	55.8426	33.1179	48.2631	4.0	3.999	-0.122780921	-0.121723196	0.001057726	0.6637
1019	59.2601	41.3636	61.2253	5.0	4.995	-0.120502863	-0.121342036	-0.000839172	-0.5266
1020	52.9406	30.0654	48.9500	5.0	4.997	-0.101631351	-0.101385599	0.000245752	0.1542
1021	54.7037	39.5940	55.6655	3.0	2.996	-0.161422946	-0.162324732	-0.000901785	-0.5659
1022	59.2132	35.4911	63.0153	4.0	3.997	-0.137765202	-0.140617808	-0.002852606	-1.7900
1023	53.4642	32.6537	49.2702	4.0	3.997	-0.115515416	-0.115420921	0.000094495	0.0593
1024	64.6941	32.2948	50.1280	3.0	2.994	-0.151273152	-0.146381072	0.004892080	3.0698
1025	64.7093	38.5474	56.4295	4.0	3.996	-0.141486045	-0.142041992	-0.000555947	-0.3489
1026	60.9127	40.3271	54.5547	3.0	2.998	-0.159313733	-0.160003463	-0.000689730	-0.4328
1027	51.4892	36.8637	57.8877	4.0	3.996	-0.128293170	-0.129452952	-0.001159782	-0.7278
1028	57.0913	40.9573	56.0153	3.0	2.998	-0.160372697	-0.160875534	-0.000502837	-0.3155
1029	52.1346	38.7139	56.7411	4.0	3.995	-0.130541489	-0.131474640	-0.000933151	-0.5856
1030	62.2816	32.2303	62.1562	4.0	3.997	-0.135565969	-0.138120364	-0.002554395	-1.6029
1031	56.3868	27.5884	54.1141	3.0	2.995	-0.136455809	-0.136270492	0.000185318	0.1163
1032	62.0257	36.7496	50.9972	3.0	2.995	-0.159858630	-0.158981001	0.000877629	0.5507
1033	51.8747	29.4986	49.9756	5.0	4.998	-0.097725154	-0.097774158	-0.000049004	-0.0308
1034	56.5615	30.8927	47.9762	5.0	5.002	-0.118751626	-0.117177065	0.001574561	0.9881
1035	58.4645	28.9274	48.5660	5.0	4.998	-0.122941067	-0.120366238	0.002574829	1.6157
1036	53.7549	30.6533	60.6784	4.0	3.997	-0.118908109	-0.121671694	-0.002763585	-1.7342
1037	61.1532	36.6316	61.1987	3.0	2.995	-0.159206265	-0.161529750	-0.002323485	-1.4580
1038	67.9796	30.0354	54.3978	5.0	4.996	-0.121463278	-0.119166190	0.002297089	1.4414
1039	68.1841	30.8947	56.4731	5.0	4.997	-0.120218501	-0.118790074	0.001428426	0.8964
1040	65.7633	31.2640	57.6637	3.0	2.996	-0.156450426	-0.155256079	0.001194347	0.7495
1041	49.9108	35.1059	57.0152	5.0	4.996	-0.109241921	-0.110189419	-0.000947497	-0.5946
1042	61.7001	31.7794	48.8524	3.0	2.995	-0.151572236	-0.146758827	0.004813408	3.0205
1043	61.0497	40.9648	53.6226	4.0	3.997	-0.139518662	-0.139928442	-0.000409780	-0.2571
1044	56.7679	26.0454	55.4344	4.0	3.998	-0.119024373	-0.119061455	-0.000037082	-0.0233
1045	60.9559	33.6069	61.7647	3.0	2.997	-0.154453121	-0.158222227	-0.003769106	-2.3651
1046	53.8292	40.9047	59.8107	5.0	4.997	-0.117622266	-0.118381846	-0.000759579	-0.4766
1047	61.5228	33.3811	46.9598	5.0	4.999	-0.119272546	-0.117029192	0.002243353	1.4077
1048	62.3456	35.8226	62.2507	4.0	3.998	-0.135203201	-0.137195375	-0.001992173	-1.2501
1049	66.4393	34.5834	52.7956	4.0	3.997	-0.143550432	-0.141343259	0.002207173	1.3850
1050	66.0667	35.3117	53.8945	4.0	3.998	-0.150084803	-0.148544584	0.001540220	0.9665
1051	66.8638	28.9931	58.5978	5.0	4.996	-0.117326907	-0.116615447	0.000711461	0.4464
1052	62.1973	42.0568	58.5062	5.0	4.996	-0.119611559	-0.120249705	-0.000638146	-0.4004
1053	53.1402	39.9417	57.0528	4.0	3.997	-0.132808775	-0.133590734	-0.000781959	-0.4907
1054	63.8866	30.5932	47.4640	5.0	4.997	-0.114068004	-0.111077062	0.002990942	1.8768
1055	51.5989	31.7366	49.2900	5.0	4.997	-0.099077801	-0.099193474	-0.000115673	-0.0726
1056	65.2134	31.9982	58.5310	3.0	2.995	-0.158989105	-0.158885792	0.000103314	0.0648
1057	63.1373	28.2315	49.7666	4.0	3.996	-0.130193162	-0.125859820	0.004333342	2.7192
1058	56.5404	40.0250	50.4637	5.0	4.997	-0.120862580	-0.121105670	-0.000243090	-0.1525
1059	61.0468	33.9109	49.1314	3.0	3.001	-0.156264006	-0.153243045	0.003020962	1.8957
1060	64.7896	36.2888	56.8497	3.0	2.995	-0.162146830	-0.162682753	-0.000535923	-0.3363
1061	58.6767	26.1172	52.3695	5.0	5.000	-0.124600546	-0.122648176	0.001952370	1.2251
1062	62.8962	27.3568	50.8947	4.0	3.997	-0.132580378	-0.128347007	0.004233370	2.6565
1063	55.3598	30.6954	60.4585	3.0	2.996	-0.135849481	-0.140242788	-0.004393307	-2.7568
1064	58.6862	29.8657	49.1991	4.0	3.996	-0.140216334	-0.136826197	0.003390137	2.1273
1065	53.3268	41.2200	55.8768	5.0	4.997	-0.119949025	-0.120590898	-0.000641873	-0.4028
1066	55.1444	29.5689	62.2535	5.0	4.997	-0.109820788	-0.112383734	-0.002562946	-1.6083
1067	52.0570	30.0924	50.9337	4.0	3.997	-0.106083837	-0.106420447	-0.000336609	-0.2112
1068	57.0931	25.0196	55.5842	5.0	4.997	-0.109379262	-0.109270404	0.000108858	0.0683
1069	55.8965	42.5412	55.4766	5.0	4.997	-0.121930500	-0.122423598	-0.000493098	-0.3094
1070	58.6255	37.4859	61.2558	3.0	2.995	-0.165811395	-0.167975694	-0.002164298	-1.3581
1071	56.9213	31.2830	48.8751	4.0	4.001	-0.134144550	-0.132112785	0.002031766	1.2750
1072	62.8785	34.0335	47.2715	5.0	4.998	-0.118594210	-0.116404927	0.002189283	1.3738
1073	61.6755	39.6357	61.7107	5.0	4.997	-0.124062202	-0.125213681	-0.001151478	-0.7226
1074	61.1253	33.0604	62.6622	4.0	4.001	-0.136244379	-0.139299597	-0.003055218	-1.9172
1075	52.0085	40.1988	57.4668	5.0	4.997	-0.115670966	-0.116418355	-0.000747389	-0.4690
1076	56.4303	37.6851	49.2704	4.0	3.998	-0.124386185	-0.124253755	0.000132430	0.0831
1077	62.0271	36.4435	49.2184	4.0	3.996	-0.136686505	-0.135343663	0.001342842	0.8426
1078	66.3629	30.4146	49.3061	5.0	4.998	-0.114903206	-0.111856242	0.003046964	1.9120
1079	55.4647	33.5641	49.3942	3.0	2.996	-0.134955783	-0.134100263	0.000855520	0.5368
1080	63.1815	26.5163	54.2838	4.0	3.996	-0.137098091	-0.134139551	0.002958540	1.8565
1081	62.3183	26.2468	54.9269	4.0	3.996	-0.136556999	-0.134230349	0.002326650	1.4600
1082	64.6806	29.1616	51.9931	3.0	2.994	-0.155569554	-0.149533783	0.006035771	3.7875
1083	50.1073	32.6733	56.6707	4.0	3.996	-0.106539785	-0.107347263	-0.000807478	-0.5067
1084	61.5418	40.5296	61.1885	5.0	4.997	-0.121933376	-0.122909595	-0.000976220	-0.6126
1085	62.6161	38.2318	60.8891	4.0	3.997	-0.138164300	-0.139665396	-0.001501096	-0.9420
1086	57.5523	32.6221	49.3039	3.0	2.995	-0.149559430	-0.147159720	0.002399709	1.5058
1087	54.5815	39.4979	50.7367	5.0	4.996	-0.117223869	-0.117615953	-0.000392084	-0.2460
1088	59.4428	38.1794	52.0523	3.0	2.998	-0.170655224	-0.171017186	-0.000361962	-0.2271
1089	62.9483	36.5335	52.1752	3.0	2.994	-0.171727884	-0.170964446	0.000763438	0.4791
1090	56.2852	39.3900	61.2025	4.0	3.996	-0.138856808	-0.140008037	-0.001151229	-0.7224
1091	59.0521	42.9704	58.7192	5.0	4.998	-0.118122655	-0.118667227	-0.000544572	-0.3417
1092	62.2984	41.2448	59.8645	5.0	4.997	-0.120851087	-0.121655769	-0.000804682	-0.5049
1093	53.8631	39.6165	52.2577	5.0	4.995	-0.123440322	-0.124090195	-0.000649872	-0.4078
1094	49.8507	32.3752	55.3890	4.0	3.997	-0.103405503	-0.104083964	-0.000678461	-0.4257
1095	61.2232	33.5353	63.7612	5.0	4.999	-0.121228183	-0.123548528	-0.002320344	-1.4560
1096	58.9931	37.8330	51.2273	3.0	3.011	-0.159767523	-0.159820495	-0.000052972	-0.0332
1097	58.7245	33.7539	64.3796	5.0	4.998	-0.117062118	-0.119648168	-0.002586050	-1.6228
1098	51.5704	37.1323	55.9941	4.0	3.997	-0.130517685	-0.131617090	-0.001099405	-0.6899
1099	60.4282	26.9858	51.6321	4.0	3.996	-0.137925884	-0.134300519	0.003625365	2.2750
1100	49.8490	28.8184	55.1645	5.0	4.997	-0.091122476	-0.091700437	-0.000577962	-0.3627
1101	60.7113	38.3985	60.3576	3.0	2.995	-0.163480696	-0.165135254	-0.001654558	-1.0383
1102	50.8013	35.8055	51.4366	5.0	4.997	-0.105793510	-0.106405177	-0.000611667	-0.3838
1103	54.3015	26.8259	55.1722	4.0	3.998	-0.110587078	-0.111219066	-0.000631988	-0.3966
1104	55.0541	35.1705	47.4138	5.0	4.997	-0.107682109	-0.107203968	0.000478141	0.3000
1105	49.6475	33.0368	51.8235	5.0	4.998	-0.096915234	-0.097446122	-0.000530888	-0.3331
1106	65.0443	28.6131	50.9080	4.0	3.998	-0.131676060	-0.127344374	0.004331686	2.7182
1107	56.9884	30.7825	61.0617	3.0	2.999	-0.143255351	-0.148819380	-0.005564030	-3.4915
1108	56.5889	32.1621	63.9698	5.0	4.997	-0.113667571	-0.116509480	-0.002841909	-1.7833
1109	57.4825	29.0490	49.0285	5.0	5.018	-0.124997875	-0.122758194	0.002239681	1.4054
1110	56.6799	42.0416	53.3144	5.0	4.998	-0.123258797	-0.123713566	-0.000454769	-0.2854
1111	54.4635	41.6511	58.7856	5.0	4.997	-0.120020356	-0.120659530	-0.000639174	-0.4011
1112	55.5330	33.1116	61.3933	3.0	2.999	-0.148136754	-0.153254174	-0.005117420	-3.2112
1113	65.8612	36.4782	60.3084	5.0	4.996	-0.121661124	-0.122461478	-0.000800354	-0.5022
1114	59.2865	32.6982	62.1664	3.0	2.994	-0.148221595	-0.153146545	-0.004924950	-3.0905
1115	55.5535	40.9513	58.6722	4.0	3.998	-0.139444623	-0.140056636	-0.000612013	-0.3840
1116	62.9285	40.2050	52.7084	5.0	4.997	-0.130338710	-0.130384782	-0.000046071	-0.0289
1117	50.4868	28.2037	56.4040	5.0	4.996	-0.092275074	-0.092982845	-0.000707771	-0.4441
1118	62.2072	39.4751	53.0206	4.0	3.998	-0.147825973	-0.148031515	-0.000205542	-0.1290
1119	52.0819	35.2716	53.8067	3.0	2.995	-0.134748779	-0.136152993	-0.001404215	-0.8812
1120	62.5491	31.1894	48.0081	4.0	3.996	-0.129974392	-0.126225815	0.003748577	2.3523
1121	60.5814	27.1241	56.0985	3.0	2.996	-0.153505157	-0.152268009	0.001237149	0.7763
1122	63.2564	25.6148	53.7409	5.0	4.997	-0.121363479	-0.118940203	0.002423276	1.5206
1123	67.0045	35.3631	51.9305	5.0	4.997	-0.125664287	-0.123996835	0.001667452	1.0463
1124	58.6806	30.9695	48.7378	4.0	4.027	-0.140434246	-0.137288656	0.003145589	1.9739
1125	48.9876	31.8345	56.3828	5.0	4.997	-0.094605535	-0.095306476	-0.000700941	-0.4398
1126	65.7914	36.2928	56.3541	4.0	3.999	-0.146824676	-0.146719597	0.000105079	0.0659
1127	54.9946	27.2243	58.9487	4.0	3.996	-0.110137203	-0.111715024	-0.001577820	-0.9901
1128	60.2633	28.5094	49.3703	4.0	3.997	-0.133973980	-0.130086532	0.003887448	2.4394
1129	57.9411	39.3679	60.2060	3.0	2.999	-0.163409405	-0.164373190	-0.000963786	-0.6048
1130	50.2009	34.3725	58.3135	5.0	4.997	-0.109482518	-0.110594107	-0.001111589	-0.6975
1131	53.8412	28.2408	55.9229	3.0	3.016	-0.117039437	-0.118342098	-0.001302661	-0.8174
1132	64.2986	37.8165	59.8426	4.0	3.996	-0.134577456	-0.135809701	-0.001232245	-0.7732
1133	57.9196	41.1867	57.3032	3.0	2.997	-0.157343751	-0.157771303	-0.000427552	-0.2683
1134	63.4218	27.5367	54.9496	3.0	2.995	-0.156963112	-0.153416707	0.003546405	2.2254
1135	55.2480	31.5720	61.9474	4.0	4.001	-0.126699168	-0.130472572	-0.003773404	-2.3678
1136	56.5959	29.9883	48.4109	5.0	4.999	-0.119678642	-0.117994158	0.001684484	1.0570
1137	49.2429	30.2896	56.1680	5.0	4.996	-0.092056939	-0.092716135	-0.000659196	-0.4137
1138	54.0600	37.4743	48.8940	5.0	4.997	-0.109098472	-0.109164295	-0.000065823	-0.0413
1139	64.3934	36.8840	60.3641	4.0	3.994	-0.134605536	-0.135932647	-0.001327111	-0.8328
1140	53.5551	27.1278	59.4417	5.0	4.996	-0.099591112	-0.100920545	-0.001329434	-0.8342
1141	55.8572	25.8551	59.1760	5.0	4.997	-0.102963975	-0.104070590	-0.001106615	-0.6944
1142	62.3037	38.5977	54.1773	3.0	2.996	-0.171310668	-0.171902018	-0.000591350	-0.3711
1143	52.4577	34.0514	61.4872	5.0	4.998	-0.117093139	-0.119169863	-0.002076724	-1.3032
1144	54.8704	34.9045	49.7223	3.0	2.998	-0.131800420	-0.131550192	0.000250228	0.1570
1145	57.1712	29.2929	50.0378	4.0	3.997	-0.137445081	-0.135025585	0.002419496	1.5183
1146	58.1656	25.4603	58.6072	5.0	4.997	-0.110124381	-0.110827191	-0.000702810	-0.4410
1147	53.1572	37.6345	58.9229	3.0	2.998	-0.149195182	-0.150392054	-0.001196871	-0.7510
1148	62.9156	37.9590	62.1953	5.0	4.997	-0.122664447	-0.124004560	-0.001340113	-0.8409
1149	50.4279	33.6565	52.9152	4.0	3.997	-0.108323715	-0.109104521	-0.000780805	-0.4900
1150	60.5223	25.4363	53.7712	5.0	4.997	-0.123680817	-0.121754967	0.001925851	1.2085
1151	56.3427	37.5209	61.1744	3.0	2.995	-0.160057978	-0.162067905	-0.002009927	-1.2612
1152	50.0465	33.3813	54.1249	4.0	3.997	-0.106717498	-0.107456301	-0.000738803	-0.4636
1153	57.1942	34.0968	46.9598	5.0	4.997	-0.113458471	-0.112322643	0.001135828	0.7127
1154	55.9606	38.3085	51.9514	3.0	2.994	-0.151465748	-0.152291338	-0.000825590	-0.5181
1155	55.1311	27.4202	60.9018	5.0	4.997	-0.103749781	-0.105523409	-0.001773628	-1.1130
1156	55.4726	33.6563	62.6086	4.0	3.998	-0.130838651	-0.134384284	-0.003545633	-2.2249
1157	63.4874	26.8186	59.5471	5.0	4.997	-0.117587322	-0.117673312	-0.000085991	-0.0540
1158	64.9478	35.0806	56.2289	3.0	3.016	-0.175038879	-0.174572214	0.000466665	0.2928
1159	63.1325	41.4165	58.3092	5.0	4.996	-0.121362209	-0.122035528	-0.000673319	-0.4225
1160	53.0980	39.1018	59.4298	4.0	3.997	-0.130304519	-0.131263321	-0.000958802	-0.6017
1161	53.4883	36.6095	48.7870	5.0	4.997	-0.107579470	-0.107637780	-0.000058309	-0.0366
1162	54.1615	40.4337	60.7879	5.0	4.997	-0.117701801	-0.118575558	-0.000873757	-0.5483
1163	58.8326	30.4364	63.4937	5.0	5.000	-0.115660906	-0.118461793	-0.002800887	-1.7576
1164	57.2728	39.4834	51.5734	4.0	3.997	-0.141551382	-0.142020601	-0.000469219	-0.2944
1165	54.5315	35.7210	50.2692	3.0	2.995	-0.132755151	-0.132897093	-0.000141942	-0.0891
1166	57.3915	26.6228	58.6530	4.0	3.997	-0.118909124	-0.120220165	-0.001311041	-0.8227
1167	61.7492	41.5007	56.1044	4.0	3.997	-0.135789834	-0.136381278	-0.000591444	-0.3711
1168	59.8519	39.5952	51.8719	4.0	3.995	-0.146833341	-0.147090952	-0.000257611	-0.1617
1169	65.5867	37.1839	52.2013	5.0	4.996	-0.132036637	-0.131076272	0.000960365	0.6026
1170	62.2134	35.7766	47.7638	5.0	4.997	-0.121141787	-0.119574752	0.001567035	0.9833
1171	50.6676	29.8239	51.1200	5.0	4.998	-0.094799390	-0.095107703	-0.000308313	-0.1935
1172	63.5740	31.6780	48.2413	4.0	3.998	-0.129562907	-0.125865313	0.003697594	2.3203
1173	60.0153	40.3956	52.4982	4.0	3.997	-0.142586628	-0.142939206	-0.000352578	-0.2212
1174	61.4619	38.7193	59.7068	3.0	2.994	-0.162100745	-0.163716451	-0.001615705	-1.0139
1175	51.0103	34.9679	52.5720	4.0	3.997	-0.114187078	-0.115067296	-0.000880218	-0.5523
1176	56.2237	37.4237	50.4590	3.0	2.993	-0.139452039	-0.139608793	-0.000156753	-0.0984
1177	52.6026	31.6576	49.8192	4.0	3.997	-0.110276399	-0.110435604	-0.000159205	-0.0999
1178	64.1497	30.9093	61.7985	5.0	4.996	-0.123101020	-0.124357193	-0.001256174	-0.7883
1179	65.7184	36.5790	57.6498	4.0	3.996	-0.140501669	-0.140937244	-0.000435574	-0.2733
1180	54.4948	34.1976	60.5008	3.0	2.998	-0.157176801	-0.161289796	-0.004112995	-2.5809
1181	63.1192	41.6088	55.3116	5.0	4.996	-0.122912762	-0.123303068	-0.000390306	-0.2449
1182	59.1898	27.9283	60.4956	4.0	3.997	-0.126648515	-0.128961662	-0.002313146	-1.4515
1183	54.4551	31.7167	62.7432	5.0	4.998	-0.113811719	-0.116584628	-0.002772909	-1.7400
1184	61.8245	29.1990	59.3808	3.0	3.001	-0.157746143	-0.159719699	-0.001973556	-1.2384
1185	52.3857	31.7308	58.3228	3.0	2.993	-0.123322105	-0.124920926	-0.001598821	-1.0033
1186	55.2454	28.3475	52.5677	3.0	2.997	-0.131666255	-0.131490067	0.000176188	0.1106
1187	59.7124	35.9508	48.3341	4.0	3.997	-0.131097882	-0.129857152	0.001240730	0.7786
1188	51.7256	26.9704	54.9223	5.0	4.996	-0.094571675	-0.095113817	-0.000542142	-0.3402
1189	55.5846	29.7268	60.1871	3.0	2.996	-0.130024286	-0.133693210	-0.003668924	-2.3023
1190	64.7427	35.7989	55.4435	3.0	2.998	-0.173021895	-0.172558835	0.000463060	0.2906
1191	60.2819	33.4869	63.0226	4.0	3.997	-0.134450703	-0.137652957	-0.003202253	-2.0094
1192	54.8135	40.6548	53.0710	5.0	5.000	-0.127646584	-0.128278061	-0.000631477	-0.3963
1193	60.1052	26.1666	51.0891	5.0	4.997	-0.121581093	-0.118916935	0.002664158	1.6718
1194	60.0031	36.8271	47.6543	5.0	4.997	-0.118199038	-0.117232634	0.000966404	0.6064
1195	50.8473	32.3915	55.2434	3.0	2.995	-0.113093675	-0.113702011	-0.000608336	-0.3817
1196	54.0139	32.3808	59.5754	3.0	2.996	-0.145379488	-0.149294724	-0.003915236	-2.4568
1197	57.0443	29.1055	60.0579	3.0	2.995	-0.135003293	-0.138803394	-0.003800102	-2.3846
1198	52.7126	35.3958	50.6271	4.0	4.001	-0.119630557	-0.120181389	-0.000550832	-0.3457
1199	66.3209	34.2020	51.5645	4.0	3.997	-0.138374220	-0.135777886	0.002596334	1.6292
1200	65.3359	29.4676	53.8716	3.0	2.996	-0.163484505	-0.158267037	0.005217468	3.2740
1201	50.3725	30.4895	56.6241	4.0	3.998	-0.100683793	-0.101449354	-0.000765561	-0.4804
1202	52.1844	36.4001	59.9220	4.0	3.999	-0.128565891	-0.130068980	-0.001503089	-0.9432
1203	51.7810	30.9917	60.2433	5.0	4.999	-0.106350450	-0.108063506	-0.001713055	-1.0750
1204	63.2286	39.0530	53.9392	4.0	4.010	-0.149885210	-0.150130913	-0.000245703	-0.1542
1205	64.1527	37.0610	49.9297	5.0	4.997	-0.127698603	-0.126495280	0.001203323	0.7551
1206	55.0736	35.5076	62.2253	4.0	3.997	-0.136570049	-0.139386189	-0.002816141	-1.7672
1207	52.6734	34.1898	60.2225	4.0	3.997	-0.131458477	-0.133756468	-0.002297990	-1.4420
1208	61.8133	27.2134	55.0371	3.0	2.997	-0.158808562	-0.155876378	0.002932183	1.8400
1209	61.9351	29.5573	49.6459	3.0	2.996	-0.150340005	-0.144521194	0.005818811	3.6514
1210	53.6743	34.1275	49.3336	4.0	3.997	-0.118471221	-0.118444295	0.000026927	0.0169
1211	65.4956	29.3302	48.9808	5.0	4.996	-0.114222857	-0.111025148	0.003197709	2.0066
1212	61.1359	41.6198	57.9975	4.0	3.995	-0.134449371	-0.135137537	-0.000688166	-0.4318
1213	52.6708	28.8199	49.8925	5.0	4.995	-0.099757881	-0.099631651	0.000126230	0.0792
1214	66.7017	36.4656	55.5190	5.0	4.997	-0.133097594	-0.132600321	0.000497272	0.3120
1215	54.5221	33.2695	63.1614	5.0	4.996	-0.116076778	-0.118756665	-0.002679887	-1.6817
1216	53.4652	27.6294	52.9367	4.0	3.997	-0.109301935	-0.109627314	-0.000325379	-0.2042
1217	58.6211	29.0927	61.1291	4.0	3.998	-0.131185173	-0.134641870	-0.003456696	-2.1691
1218	55.5584	42.4645	56.4913	5.0	4.997	-0.122162686	-0.122676704	-0.000514018	-0.3226
1219	55.6507	35.1815	61.3166	3.0	2.998	-0.160045681	-0.164077473	-0.004031791	-2.5300
1220	56.0807	38.3521	61.8658	4.0	3.996	-0.137643983	-0.139203879	-0.001559896	-0.9788
1221	61.8975	38.1747	50.8583	4.0	3.997	-0.142503830	-0.142035627	0.000468202	0.2938
1222	60.6922	27.7108	52.7357	3.0	2.999	-0.162414591	-0.157562514	0.004852077	3.0447
1223	53.8465	28.2264	54.4540	3.0	2.999	-0.118684105	-0.119702321	-0.001018216	-0.6389
1224	64.6801	39.4837	54.6279	5.0	4.996	-0.130937551	-0.131072540	-0.000134989	-0.0847
1225	64.0293	27.6997	49.2473	5.0	4.997	-0.114723226	-0.111451936	0.003271290	2.0528
1226	57.0449	29.0577	51.5941	3.0	2.996	-0.152601504	-0.150101937	0.002499567	1.5685
1227	58.9804	43.3007	55.9310	5.0	4.997	-0.118576662	-0.119001515	-0.000424853	-0.2666
1228	64.2304	33.4702	62.4207	5.0	5.004	-0.121554984	-0.122989829	-0.001434845	-0.9004
1229	66.5452	28.8235	50.7774	5.0	4.996	-0.116590775	-0.113426734	0.003164040	1.9855
1230	66.1958	32.6188	55.8654	3.0	2.997	-0.163475104	-0.161117464	0.002357639	1.4794
1231	58.3188	27.0212	52.8606	4.0	3.995	-0.138646534	-0.136517154	0.002129380	1.3362
1232	57.1347	34.7662	63.1591	4.0	3.996	-0.133283739	-0.136561950	-0.003278211	-2.0571
1233	51.7761	30.2943	56.9287	3.0	2.995	-0.110577269	-0.111478474	-0.000901205	-0.5655
1234	67.3956	30.2124	51.2031	5.0	4.998	-0.117862551	-0.114910544	0.002952007	1.8524
1235	66.4454	37.3929	55.7978	5.0	4.997	-0.129720876	-0.129557120	0.000163756	0.1028
1236	65.4024	28.4232	59.8821	5.0	4.998	-0.117649783	-0.117598383	0.000051400	0.0323
1237	62.4741	36.9900	61.6931	4.0	3.998	-0.137271727	-0.139034395	-0.001762668	-1.1061
1238	56.7580	26.3019	54.4300	4.0	3.997	-0.122311873	-0.121962004	0.000349869	0.2195
1239	53.5454	41.3883	57.9695	5.0	4.996	-0.118479306	-0.119129143	-0.000649836	-0.4078
1240	55.5905	34.6830	63.7177	5.0	4.998	-0.118407362	-0.120948890	-0.002541528	-1.5948
1241	63.4178	35.6648	51.1835	3.0	2.996	-0.164214801	-0.162442642	0.001772159	1.1120
1242	66.7920	27.6479	54.5647	5.0	4.997	-0.119021947	-0.116689056	0.002332891	1.4639
1243	58.8747	33.5276	46.9806	5.0	4.997	-0.118794718	-0.117093593	0.001701125	1.0675
1244	64.9430	31.3627	61.3318	5.0	5.017	-0.124013413	-0.124954557	-0.000941144	-0.5906
1245	58.4095	25.0759	55.4648	5.0	4.997	-0.114996211	-0.114499366	0.000496845	0.3118
1246	61.5953	42.1754	54.0245	5.0	4.997	-0.121851675	-0.122169976	-0.000318301	-0.1997
1247	54.2213	28.2855	53.4863	3.0	2.995	-0.122724726	-0.123430631	-0.000705905	-0.4430
1248	59.1746	42.2844	57.2422	4.0	3.998	-0.133833242	-0.134347393	-0.000514152	-0.3226
1249	58.2747	31.8179	63.0601	4.0	3.997	-0.127947691	-0.131727563	-0.003779872	-2.3719
1250	60.6568	29.0628	62.1375	5.0	4.997	-0.121293121	-0.123589382	-0.002296262	-1.4409
1251	54.7296	27.4924	50.3139	5.0	4.999	-0.107228743	-0.106565563	0.000663180	0.4162
1252	59.8023	27.2915	58.0446	3.0	2.995	-0.141476579	-0.142324209	-0.000847630	-0.5319
1253	63.5166	38.4001	57.1051	3.0	2.993	-0.159525274	-0.160815540	-0.001290266	-0.8097
1254	65.9056	35.6366	57.2451	4.0	3.997	-0.146370670	-0.146413303	-0.000042634	-0.0268
1255	64.5640	26.5516	51.7738	5.0	4.998	-0.118649947	-0.115544678	0.003105269	1.9486
1256	59.3811	29.1301	60.0923	3.0	2.995	-0.145885276	-0.149639775	-0.003754499	-2.3560
1257	54.1031	27.7041	60.5985	5.0	4.997	-0.101862538	-0.103540363	-0.001677825	-1.0529
1258	64.1464	33.4654	59.6400	3.0	2.997	-0.160110396	-0.161702127	-0.001591731	-0.9988
1259	56.5747	26.8853	51.0138	5.0	4.996	-0.116691294	-0.115365626	0.001325667	0.8319
1260	63.7947	28.2397	59.3743	4.0	3.996	-0.133042816	-0.133231815	-0.000188999	-0.1186
1261	66.5742	34.4694	55.6774	4.0	3.997	-0.147969961	-0.146712902	0.001257059	0.7888
1262	59.5855	28.2713	48.4603	5.0	4.997	-0.119443896	-0.116633016	0.002810880	1.7639
1263	60.6740	31.8448	48.9278	3.0	2.997	-0.154599863	-0.150094988	0.004504875	2.8269
1264	62.3275	33.8181	63.5048	5.0	4.997	-0.120412476	-0.122385863	-0.001973387	-1.2383
1265	68.0496	33.4992	55.5994	5.0	4.998	-0.126238695	-0.124899138	0.001339557	0.8406
1266	58.0412	27.6575	50.1255	5.0	4.996	-0.125739877	-0.123336399	0.002403478	1.5082
1267	61.7134	33.0363	61.4214	3.0	3.003	-0.154388821	-0.157860583	-0.003471762	-2.1786
1268	64.8572	28.3904	58.7198	4.0	3.998	-0.132139609	-0.131665869	0.000473741	0.2973
1269	60.8079	40.1637	60.4839	4.0	3.996	-0.137377485	-0.138438585	-0.001061101	-0.6659
1270	64.7030	34.1258	58.3719	3.0	2.997	-0.167700311	-0.168498832	-0.000798520	-0.5011
1271	64.7376	37.7099	51.8819	5.0	4.997	-0.134316714	-0.133545393	0.000771321	0.4840
1272	64.4693	34.1406	50.5817	3.0	2.996	-0.156084456	-0.152649969	0.003434487	2.1552
1273	65.0203	34.9910	52.7899	3.0	2.995	-0.167000310	-0.164767964	0.002232346	1.4008
1274	54.6044	26.5658	56.6830	4.0	3.997	-0.108716984	-0.109603577	-0.000886594	-0.5563
1275	62.9193	38.9453	61.5392	5.0	4.995	-0.123216746	-0.124404308	-0.001187562	-0.7452
1276	58.4921	27.3235	57.9455	3.0	2.995	-0.137028871	-0.138290700	-0.001261828	-0.7918
1277	49.4616	30.4873	52.9311	5.0	4.997	-0.092427312	-0.092907397	-0.000480085	-0.3013
1278	61.7277	25.1859	55.5556	5.0	4.997	-0.120345362	-0.118994676	0.001350686	0.8476
1279	61.6288	40.1564	57.8126	3.0	2.996	-0.156978581	-0.158022981	-0.001044399	-0.6554
1280	59.7913	38.1366	62.9487	5.0	4.997	-0.127311219	-0.128923253	-0.001612035	-1.0116
1281	64.7387	39.9927	57.1151	5.0	4.997	-0.125355094	-0.125904832	-0.000549738	-0.3450
1282	56.0939	28.5347	62.0043	5.0	4.998	-0.109233078	-0.111614040	-0.002380962	-1.4941
1283	56.7827	38.7427	48.7782	5.0	4.997	-0.114564317	-0.114445294	0.000119023	0.0747
1284	51.2125	28.7206	54.6342	4.0	3.996	-0.099859366	-0.100511307	-0.000651941	-0.4091
1285	68.0933	31.9476	53.9162	5.0	4.999	-0.125242099	-0.123001866	0.002240233	1.4058
1286	53.2634	28.7359	59.0172	4.0	3.996	-0.109231283	-0.110946488	-0.001715205	-1.0763
1287	51.4435	35.0592	57.8447	4.0	3.997	-0.128866332	-0.130190334	-0.001324003	-0.8308
1288	57.1404	40.7736	60.0386	4.0	3.995	-0.139274119	-0.140014933	-0.000740813	-0.4649
1289	62.5342	39.0519	58.0213	3.0	3.014	-0.161466953	-0.162962130	-0.001495177	-0.9382
1290	61.9512	35.2779	61.4378	3.0	2.996	-0.152982860	-0.155545556	-0.002562697	-1.6081
1291	61.2181	28.0646	49.6108	4.0	3.998	-0.132208956	-0.128124894	0.004084062	2.5628
1292	53.5849	26.5131	52.7573	5.0	4.997	-0.101581157	-0.101634920	-0.000053763	-0.0337
1293	57.8842	27.1632	55.4557	3.0	2.997	-0.141710469	-0.141447603	0.000262866	0.1650
1294	60.9036	28.8705	60.8553	4.0	3.998	-0.134091576	-0.136483430	-0.002391853	-1.5009
1295	57.5172	37.2039	61.3474	3.0	2.995	-0.165144671	-0.167571717	-0.002427046	-1.5230
1296	60.7052	30.3436	48.1924	4.0	3.997	-0.132606842	-0.128898870	0.003707971	2.3268
1297	49.9775	34.3465	51.6638	5.0	4.997	-0.100175056	-0.100751580	-0.000576524	-0.3618
1298	49.6695	35.3243	55.1282	5.0	4.997	-0.106273838	-0.107084870	-0.000811033	-0.5089
1299	54.4682	34.7786	48.7648	4.0	3.995	-0.118067514	-0.117779101	0.000288413	0.1810
1300	58.1430	40.4448	51.1513	5.0	5.020	-0.128239602	-0.128490423	-0.000250820	-0.1574
1301	56.6526	40.3056	61.7616	5.0	4.998	-0.123533543	-0.124542561	-0.001009018	-0.6332
1302	64.0519	34.2312	47.7274	5.0	4.996	-0.118100016	-0.115894444	0.002205572	1.3840
1303	51.8749	36.9743	51.2536	5.0	5.014	-0.112134904	-0.112741539	-0.000606634	-0.3807
1304	65.7654	35.7043	52.9130	4.0	3.996	-0.147002889	-0.145437623	0.001565266	0.9822
1305	51.2894	31.2588	53.3868	3.0	2.996	-0.111493253	-0.112272452	-0.000779199	-0.4890
1306	49.6074	34.6342	53.0214	5.0	4.999	-0.101336046	-0.102009298	-0.000673252	-0.4225
1307	57.4324	30.8172	50.2875	3.0	2.996	-0.158935297	-0.155711686	0.003223610	2.0228
1308	62.9513	36.5584	62.8719	5.0	4.997	-0.121011014	-0.122526675	-0.001515661	-0.9511
1309	57.3779	39.9343	59.5147	3.0	2.995	-0.163008300	-0.163657951	-0.000649651	-0.4077
1310	51.5240	31.1490	58.7875	4.0	3.995	-0.109957023	-0.111371379	-0.001414356	-0.8875
1311	58.9897	26.0501	55.3603	4.0	3.996	-0.130253001	-0.129408595	0.000844406	0.5299
1312	59.0872	41.2451	57.4319	3.0	2.997	-0.155231396	-0.155748566	-0.000517170	-0.3245
1313	65.1608	29.9735	58.0015	3.0	2.996	-0.153758119	-0.152762863	0.000995256	0.6245
1314	53.2246	33.3774	50.6140	3.0	2.997	-0.126941818	-0.127523077	-0.000581259	-0.3647
1315	62.6024	38.2251	49.6645	5.0	4.998	-0.125314188	-0.124584701	0.000729487	0.4578
1316	59.7213	27.8017	53.1406	3.0	2.997	-0.163742054	-0.159757289	0.003984765	2.5005
1317	67.3298	28.5506	56.8854	5.0	4.998	-0.117221710	-0.115808497	0.001413213	0.8868
1318	51.2937	34.0152	54.3771	3.0	2.997	-0.123323291	-0.124321053	-0.000997761	-0.6261
1319	58.2396	43.2135	57.7007	5.0	4.998	-0.118358806	-0.118842701	-0.000483895	-0.3036
1320	60.9825	36.4235	50.0056	3.0	2.998	-0.152194705	-0.151095489	0.001099216	0.6898
1321	64.6436	34.6645	60.6495	4.0	3.996	-0.137521705	-0.138882469	-0.001360764	-0.8539
1322	64.9762	34.9413	54.9674	3.0	2.997	-0.179297104	-0.177871682	0.001425421	0.8945
1323	53.6875	41.1575	54.9226	5.0	4.997	-0.121935372	-0.122574499	-0.000639127	-0.4011
1324	51.3018	35.0546	50.1749	5.0	4.996	-0.104077292	-0.104495208	-0.000417916	-0.2622
1325	58.7272	34.5806	49.0861	3.0	2.996	-0.147855782	-0.146079064	0.001776717	1.1149
1326	60.7089	31.9003	61.3080	3.0	3.012	-0.156084478	-0.160761604	-0.004677126	-2.9349
1327	62.6140	27.4396	54.3061	3.0	2.995	-0.160544055	-0.156471657	0.004072398	2.5555
1328	50.9660	37.4314	59.3490	5.0	4.997	-0.113114975	-0.114184850	-0.001069875	-0.6714
1329	59.5606	24.9771	55.6671	5.0	4.997	-0.116571085	-0.115837434	0.000733650	0.4604
1330	54.4894	32.2294	49.9815	3.0	2.997	-0.132356448	-0.132041374	0.000315074	0.1977
1331	64.0380	38.5602	54.4724	4.0	4.001	-0.148534397	-0.148710779	-0.000176382	-0.1107
1332	55.0666	40.4308	59.5162	4.0	3.995	-0.136341010	-0.137087374	-0.000746364	-0.4684
1333	57.9865	26.2146	55.0581	4.0	4.006	-0.128290885	-0.127703878	0.000587007	0.3684
1334	59.3830	29.0857	49.2739	4.0	3.995	-0.136766229	-0.133117437	0.003648791	2.2897
1335	52.1249	34.7704	52.5895	3.0	2.994	-0.128487725	-0.129753431	-0.001265707	-0.7942
1336	58.0705	40.8562	58.4588	3.0	2.996	-0.157824303	-0.158303863	-0.000479560	-0.3009
1337	55.3778	38.8225	49.2613	5.0	4.997	-0.112994625	-0.113080545	-0.000085920	-0.0539
1338	66.4389	37.6537	56.7752	5.0	4.997	-0.126519067	-0.126631380	-0.000112313	-0.0705
1339	61.1433	25.3434	57.7344	5.0	4.997	-0.116826657	-0.116577958	0.000248699	0.1561
1340	64.3232	33.2870	49.9974	3.0	2.996	-0.152686742	-0.148511266	0.004175475	2.6202
1341	55.8824	38.8681	60.2309	3.0	2.998	-0.158883544	-0.159947941	-0.001064397	-0.6679
1342	52.0368	28.7798	57.6130	4.0	3.995	-0.103831592	-0.104970721	-0.001139129	-0.7148
1343	58.5673	36.5038	48.6656	4.0	4.009	-0.130949781	-0.130104527	0.000845254	0.5304
1344	55.5974	40.1876	56.8396	3.0	2.996	-0.165145799	-0.165710933	-0.000565135	-0.3546
1345	62.3469	26.1401	50.8573	5.0	4.997	-0.118222879	-0.115198274	0.003024605	1.8980
1346	54.1192	28.4964	59.7702	4.0	3.995	-0.110849490	-0.112856323	-0.002006833	-1.2593
1347	64.5401	35.0564	58.7909	3.0	2.996	-0.159979587	-0.161279464	-0.001299877	-0.8157
1348	64.2620	35.8392	53.1833	3.0	2.997	-0.173545308	-0.172310629	0.001234679	0.7748
1349	51.0168	32.6868	56.1878	3.0	2.995	-0.116209326	-0.116875291	-0.000665964	-0.4179
1350	66.3844	36.2457	51.8482	5.0	4.997	-0.127617016	-0.126244127	0.001372888	0.8615
1351	52.7248	27.7766	56.5467	4.0	3.996	-0.104569654	-0.105567171	-0.000997517	-0.6260
1352	65.1076	30.0653	49.6708	4.0	3.998	-0.129567834	-0.125386515	0.004181319	2.6238
1353	53.2533	37.4078	49.5459	5.0	4.996	-0.109470949	-0.109709091	-0.000238141	-0.1494
1354	55.9951	30.1203	49.3940	4.0	3.998	-0.127978707	-0.126460172	0.001518535	0.9529
1355	60.9721	38.5577	52.9242	3.0	2.997	-0.172412526	-0.172841316	-0.000428791	-0.2691
1356	57.6375	40.9928	53.1678	4.0	3.997	-0.140631956	-0.141176437	-0.000544481	-0.3417
1357	66.4403	34.4919	54.5357	4.0	4.000	-0.150816252	-0.149027535	0.001788718	1.1224
1358	61.0496	26.1679	59.7114	5.0	4.996	-0.115408600	-0.116052224	-0.000643624	-0.4039
1359	51.8331	34.3733	50.7915	4.0	3.996	-0.113166853	-0.113780332	-0.000613479	-0.3850
1360	57.5185	34.7805	47.9968	4.0	3.996	-0.125942042	-0.124754542	0.001187500	0.7452
1361	64.2011	29.2441	51.0876	3.0	2.997	-0.152013565	-0.145886121	0.006127445	3.8450
1362	66.5322	27.9335	52.9781	5.0	4.997	-0.121362791	-0.118386397	0.002976393	1.8677
1363	63.8293	31.6825	47.2653	5.0	4.997	-0.114764554	-0.111969775	0.002794779	1.7538
1364	55.9766	26.1517	52.5655	5.0	5.000	-0.112586833	-0.111928511	0.000658322	0.4131
1365	49.5896	29.6592	53.5336	5.0	4.997	-0.091528300	-0.092014018	-0.000485718	-0.3048
1366	66.1837	35.0073	49.8192	5.0	4.996	-0.120801267	-0.118829659	0.001971607	1.2372
1367	65.9203	38.4394	55.8665	5.0	5.001	-0.127875400	-0.127970025	-0.000094625	-0.0594
1368	63.1706	27.0158	51.9918	4.0	3.996	-0.135367311	-0.131286747	0.004080564	2.5606
1369	50.5933	37.7094	56.9050	5.0	4.998	-0.114167181	-0.115078639	-0.000911459	-0.5719
1370	62.9743	27.3912	58.8138	4.0	3.997	-0.132866412	-0.132891329	-0.000024917	-0.0156
1371	59.5251	31.2231	63.7778	5.0	4.997	-0.116719462	-0.119448013	-0.002728551	-1.7122
1372	64.1557	36.0476	50.4588	4.0	3.995	-0.141781851	-0.140092731	0.001689120	1.0599
1373	50.9552	37.2121	54.5396	5.0	5.006	-0.117701505	-0.118621730	-0.000920225	-0.5774
1374	65.5376	34.7270	61.1223	5.0	4.998	-0.123146427	-0.124104610	-0.000958183	-0.6013
1375	65.5767	36.6254	55.3820	4.0	3.997	-0.148706341	-0.148378192	0.000328150	0.2059
1376	56.9512	41.7835	60.3667	5.0	4.997	-0.121423374	-0.122124627	-0.000701253	-0.4400
1377	66.7458	29.2915	55.6748	4.0	3.997	-0.134600305	-0.132187213	0.002413092	1.5142
1378	54.1004	39.1815	53.5509	4.0	3.996	-0.141246465	-0.142206860	-0.000960395	-0.6027
1379	57.1126	38.6755	61.7518	4.0	4.007	-0.141613922	-0.143102511	-0.001488589	-0.9341
1380	53.2516	26.2503	56.8880	5.0	4.998	-0.098105906	-0.098884009	-0.000778103	-0.4883
1381	50.0030	31.6815	56.2764	4.0	3.998	-0.102415484	-0.103133135	-0.000717651	-0.4503
1382	62.5824	28.0410	58.1074	3.0	2.997	-0.153108909	-0.152983382	0.000125527	0.0788
1383	64.4044	25.8290	54.4864	5.0	4.997	-0.119172379	-0.116969989	0.002202390	1.3820
1384	56.9342	33.4871	64.2426	5.0	4.997	-0.115428308	-0.118137662	-0.002709354	-1.7001
1385	63.5149	39.6112	57.8455	4.0	4.019	-0.140788076	-0.141776379	-0.000988303	-0.6202
1386	58.8664	36.6095	47.5978	5.0	4.998	-0.117885017	-0.117008522	0.000876495	0.5500
1387	59.9869	34.9202	48.0205	4.0	3.999	-0.131613110	-0.129904967	0.001708143	1.0719
1388	59.5591	34.8728	64.1632	5.0	4.997	-0.120329213	-0.122690493	-0.002361280	-1.4817
1389	65.5365	29.4105	56.5740	3.0	2.995	-0.153920041	-0.151528479	0.002391562	1.5007
1390	52.7836	40.9509	56.9902	5.0	4.998	-0.117606019	-0.118282481	-0.000676463	-0.4245
1391	62.3260	27.7137	60.7516	5.0	5.011	-0.120641811	-0.121671863	-0.001030051	-0.6464
1392	66.2438	26.9592	55.8224	5.0	4.996	-0.117162581	-0.115363233	0.001799348	1.1291
1393	62.1128	26.2335	59.1383	5.0	5.003	-0.118596290	-0.118793881	-0.000197591	-0.1240
1394	56.1112	28.8110	50.2451	4.0	3.997	-0.127250256	-0.125751532	0.001498725	0.9405
1395	50.1191	31.0123	53.8303	4.0	3.998	-0.100339993	-0.100943847	-0.000603855	-0.3789
1396	60.7085	27.8708	58.6796	3.0	2.996	-0.146922764	-0.148159709	-0.001236945	-0.7762
1397	55.0635	34.1419	47.3375	5.0	4.996	-0.108229767	-0.107614371	0.000615396	0.3862
1398	59.7542	41.9171	60.5294	5.0	4.999	-0.119326995	-0.120065698	-0.000738702	-0.4635
1399	66.0548	32.2391	53.2226	3.0	2.998	-0.163986288	-0.159557716	0.004428572	2.7790
1400	66.3370	28.7878	56.6509	4.0	3.997	-0.132761052	-0.130905250	0.001855802	1.1645
1401	54.5067	35.8810	49.0204	4.0	3.995	-0.118387380	-0.118268900	0.000118481	0.0743
1402	53.3401	39.1778	54.3465	4.0	3.995	-0.137296681	-0.138248532	-0.000951851	-0.5973
1403	55.3265	27.9844	58.3872	3.0	2.996	-0.120958352	-0.122909142	-0.001950790	-1.2241
1404	54.2077	33.2007	50.1075	3.0	2.995	-0.132458572	-0.132442885	0.000015687	0.0098
1405	51.9092	38.1946	57.8145	4.0	3.999	-0.128913239	-0.129914422	-0.001001183	-0.6283
1406	65.7511	33.9633	58.7452	4.0	3.998	-0.145571364	-0.145895095	-0.000323732	-0.2031
1407	62.5079	33.7454	48.1733	4.0	3.998	-0.133842358	-0.131032471	0.002809887	1.7632
1408	57.7896	25.1517	57.3593	5.0	5.000	-0.110162431	-0.110487385	-0.000324954	-0.2039
1409	57.7727	27.3737	61.1515	5.0	5.001	-0.112369622	-0.114367085	-0.001997463	-1.2534
1410	59.2070	39.5999	60.1124	3.0	2.994	-0.159700882	-0.160711280	-0.001010398	-0.6340
1411	58.2741	41.2859	56.1947	3.0	2.996	-0.156830926	-0.157313877	-0.000482951	-0.3031
1412	61.3140	35.5683	62.6518	4.0	3.997	-0.136426919	-0.138737330	-0.002310411	-1.4498
1413	61.2473	42.8102	57.4353	5.0	4.998	-0.118503824	-0.119021797	-0.000517974	-0.3250
1414	66.8770	31.4318	52.1207	4.0	3.998	-0.136367933	-0.132770213	0.003597720	2.2576
1415	58.7292	42.3154	56.1290	4.0	3.996	-0.134571088	-0.135050065	-0.000478977	-0.3006
1416	62.8174	37.1646	60.1629	3.0	2.995	-0.154004519	-0.155989638	-0.001985119	-1.2457
1417	57.4101	39.6488	49.7605	5.0	4.997	-0.119859013	-0.119906945	-0.000047932	-0.0301
1418	63.1727	32.1471	60.4445	3.0	2.994	-0.156471722	-0.158817397	-0.002345675	-1.4719
1419	57.2349	31.5339	61.6883	3.0	2.996	-0.143163419	-0.148723694	-0.005560276	-3.4891
1420	59.7815	27.3326	59.9299	4.0	3.998	-0.126109986	-0.127749890	-0.001639905	-1.0291
1421	53.0137	36.8985	54.8531	3.0	2.995	-0.155333000	-0.156910337	-0.001577337	-0.9898
1422	54.7334	41.9581	56.1363	5.0	5.001	-0.123435729	-0.123998286	-0.000562557	-0.3530
1423	61.0427	42.9464	56.2594	5.0	4.997	-0.118771385	-0.119219964	-0.000448579	-0.2815
1424	63.2892	41.0741	54.3220	5.0	4.996	-0.125529714	-0.125805166	-0.000275453	-0.1728
1425	52.6611	32.2335	50.9573	3.0	2.997	-0.121127351	-0.121854884	-0.000727533	-0.4565
1426	51.1741	32.8807	49.6058	5.0	4.996	-0.099471341	-0.099727587	-0.000256246	-0.1608
1427	57.2125	28.9748	61.1580	4.0	3.996	-0.124551029	-0.127823643	-0.003272614	-2.0536
1428	66.9759	32.2516	57.3727	4.0	3.997	-0.138232136	-0.137162900	0.001069236	0.6710
1429	66.4671	35.8204	59.3292	5.0	4.999	-0.124722638	-0.125202608	-0.000479970	-0.3012
1430	49.9906	30.4423	58.2417	5.0	4.997	-0.095764461	-0.096716045	-0.000951584	-0.5971
1431	61.0021	25.5885	52.8229	5.0	4.997	-0.123326713	-0.120912834	0.002413878	1.5147
1432	59.2245	30.5736	47.4581	5.0	4.996	-0.121065813	-0.118523531	0.002542282	1.5953
1433	55.0586	28.8994	50.2377	4.0	3.997	-0.119951813	-0.119111407	0.000840406	0.5274
1434	67.4642	31.6725	58.7857	5.0	4.997	-0.120931328	-0.120481043	0.000450285	0.2826
1435	62.9047	33.0364	62.0286	4.0	3.996	-0.135660270	-0.137879935	-0.002219666	-1.3929
1436	51.9586	29.5876	53.9060	3.0	2.998	-0.110083991	-0.110885541	-0.000801550	-0.5030
1437	53.7925	35.1015	61.5462	4.0	3.996	-0.133276640	-0.135827907	-0.002551267	-1.6009
1438	54.1586	32.6872	61.4270	4.0	3.996	-0.130127543	-0.133569081	-0.003441538	-2.1596
1439	65.3696	30.4583	51.6146	3.0	2.996	-0.154342765	-0.148621592	0.005721174	3.5901
1440	57.8731	35.7960	49.3140	3.0	2.997	-0.141921581	-0.140963220	0.000958362	0.6014
1441	53.2006	40.9088	58.9150	5.0	4.997	-0.116908427	-0.117630378	-0.000721951	-0.4530
1442	63.2270	36.0908	61.6643	4.0	3.997	-0.135136362	-0.136882963	-0.001746602	-1.0960
1443	55.0583	39.3751	60.8598	4.0	3.996	-0.134762177	-0.135837574	-0.001075397	-0.6748
1444	57.4161	43.0736	55.3930	5.0	4.998	-0.119822344	-0.120257582	-0.000435238	-0.2731
1445	60.9612	26.1990	55.8894	4.0	4.007	-0.136302759	-0.134993445	0.001309313	0.8216
1446	57.0992	43.0591	57.3449	5.0	4.997	-0.119446674	-0.119926893	-0.000480218	-0.3013
1447	62.5650	40.8023	55.5751	4.0	3.994	-0.138759688	-0.139343939	-0.000584251	-0.3666
