idx	x	y	z	shell	standoff	V_R_Eh	V_TS_Eh	dv_Eh	dv_kcal_per_e
0	55.4466	36.0585	48.6096	4.0	3.996	-0.118937558	-0.118291335	0.000646224	0.4055
1	56.1877	31.2600	62.3452	4.0	3.997	-0.124578054	-0.129018271	-0.004440217	-2.7863
2	59.5221	30.4109	62.1332	4.0	3.997	-0.130411779	-0.134739046	-0.004327268	-2.7154
3	54.9787	37.7480	51.8856	3.0	2.995	-0.145466926	-0.146141923	-0.000674997	-0.4236
4	59.0712	42.4236	59.8961	5.0	4.999	-0.119654114	-0.120500249	-0.000846136	-0.5310
5	55.2057	28.7241	60.6566	4.0	3.996	-0.113252806	-0.115969626	-0.002716820	-1.7048
6	66.2462	28.4643	55.3525	4.0	3.996	-0.135839501	-0.132973289	0.002866212	1.7986
7	53.0737	37.9074	55.6023	3.0	2.997	-0.154630397	-0.155964391	-0.001333994	-0.8371
8	56.1572	29.5324	62.4744	5.0	5.004	-0.111238295	-0.114368467	-0.003130172	-1.9642
9	56.2675	39.6490	59.3794	3.0	2.995	-0.165697857	-0.166594425	-0.000896568	-0.5626
10	54.4535	40.6860	58.1667	4.0	3.996	-0.137568976	-0.138359055	-0.000790079	-0.4958
11	55.2979	37.2690	50.8369	3.0	2.995	-0.137825490	-0.137942037	-0.000116547	-0.0731
12	56.8612	36.4986	49.6269	3.0	2.999	-0.136694158	-0.135901608	0.000792550	0.4973
13	67.2863	31.2900	55.6534	4.0	3.998	-0.139260451	-0.136866671	0.002393780	1.5021
14	63.0676	34.1318	62.0740	4.0	3.997	-0.133231006	-0.135862985	-0.002631979	-1.6516
15	53.2929	33.4420	48.3252	5.0	4.997	-0.106479939	-0.106033735	0.000446204	0.2800
16	49.0190	31.8876	53.5570	5.0	4.998	-0.093317541	-0.093787313	-0.000469773	-0.2948
17	54.0447	25.8855	57.6026	5.0	4.998	-0.097695115	-0.098491734	-0.000796619	-0.4999
18	52.6794	35.3009	61.9965	5.0	4.997	-0.116205728	-0.118341183	-0.002135455	-1.3400
19	61.5149	41.0132	58.9404	4.0	3.997	-0.136169054	-0.137325238	-0.001156184	-0.7255
20	49.7672	31.5999	58.3090	5.0	4.997	-0.097286548	-0.098267384	-0.000980836	-0.6155
21	53.3463	37.6894	60.8623	4.0	3.997	-0.131029700	-0.132669836	-0.001640136	-1.0292
22	57.4406	34.4684	64.2883	5.0	4.997	-0.116750858	-0.119825414	-0.003074556	-1.9293
23	66.5705	27.6656	57.3511	5.0	4.996	-0.117037361	-0.115730816	0.001306545	0.8199
24	65.0439	26.8329	58.3999	5.0	4.999	-0.116431295	-0.115735063	0.000696233	0.4369
25	61.9464	37.5026	48.5937	5.0	4.996	-0.121757505	-0.120613088	0.001144417	0.7181
26	66.2461	33.3254	50.7456	4.0	3.995	-0.136111069	-0.132744293	0.003366777	2.1127
27	68.0171	33.2184	56.7531	5.0	4.996	-0.124996891	-0.123973532	0.001023358	0.6422
28	52.5313	29.8095	60.6644	5.0	4.998	-0.103025386	-0.104964627	-0.001939240	-1.2169
29	58.3585	27.1280	59.5675	4.0	3.997	-0.120962807	-0.122811023	-0.001848216	-1.1598
30	53.1672	34.5916	48.4571	5.0	4.998	-0.106330378	-0.106021589	0.000308789	0.1938
31	54.1497	31.6835	61.0796	4.0	4.014	-0.125547292	-0.129308112	-0.003760820	-2.3600
32	50.4213	28.0974	54.6294	5.0	4.998	-0.091181341	-0.091637571	-0.000456230	-0.2863
33	67.3359	28.9435	53.5294	5.0	4.998	-0.123322424	-0.120315658	0.003006766	1.8868
34	65.6260	30.5160	60.7237	5.0	4.996	-0.120557869	-0.121166791	-0.000608922	-0.3821
35	51.6862	29.6920	54.9011	3.0	2.995	-0.107255247	-0.107876639	-0.000621392	-0.3899
36	53.9555	38.5125	52.7934	4.0	3.997	-0.138862710	-0.139762277	-0.000899566	-0.5645
37	61.8597	37.3782	49.8726	4.0	3.997	-0.137925198	-0.136839651	0.001085547	0.6812
38	59.3998	40.7484	54.3973	3.0	2.996	-0.160037201	-0.160681011	-0.000643810	-0.4040
39	58.8998	32.8862	48.0784	4.0	3.997	-0.134988998	-0.132233735	0.002755263	1.7290
40	51.5836	37.5190	57.1343	4.0	3.996	-0.129641973	-0.130776142	-0.001134169	-0.7117
41	64.3608	26.8727	54.8567	4.0	3.997	-0.135966310	-0.132966949	0.002999361	1.8821
42	52.6581	39.2931	58.0434	4.0	3.995	-0.131690179	-0.132667584	-0.000977404	-0.6133
43	64.8546	36.1322	49.4397	5.0	4.999	-0.124038871	-0.122255347	0.001783524	1.1192
44	62.2809	38.4973	52.0575	4.0	3.996	-0.149987618	-0.149645768	0.000341851	0.2145
45	53.3953	31.1666	50.6703	3.0	2.996	-0.123238715	-0.123298813	-0.000060098	-0.0377
46	53.6452	29.0875	50.5317	4.0	3.995	-0.111881741	-0.111492523	0.000389219	0.2442
47	50.8026	30.9459	59.4532	5.0	4.996	-0.100194615	-0.101542721	-0.001348105	-0.8459
48	60.2077	42.0590	57.5861	4.0	3.996	-0.134953186	-0.135713239	-0.000760052	-0.4769
49	60.4531	30.7963	47.0622	5.0	4.997	-0.118711890	-0.115695509	0.003016381	1.8928
50	56.7165	34.0491	47.9818	4.0	3.999	-0.123316966	-0.121790133	0.001526833	0.9581
51	53.6116	36.6504	61.4115	4.0	3.997	-0.131698450	-0.133833737	-0.002135287	-1.3399
52	63.4800	41.4113	56.9322	5.0	4.996	-0.122626127	-0.123343273	-0.000717146	-0.4500
53	50.5425	37.2171	56.0313	5.0	4.998	-0.115348473	-0.116298034	-0.000949562	-0.5959
54	57.2209	26.5049	60.2580	5.0	4.997	-0.107197504	-0.108804897	-0.001607392	-1.0087
55	66.5341	37.3112	57.7771	5.0	4.999	-0.124188517	-0.124649712	-0.000461195	-0.2894
56	55.4107	33.3547	63.7020	5.0	4.996	-0.114754810	-0.117930574	-0.003175765	-1.9928
57	53.2375	36.5370	62.3959	5.0	4.996	-0.116521246	-0.118478897	-0.001957651	-1.2284
58	61.1765	26.1319	50.7763	5.0	4.997	-0.119928601	-0.116718040	0.003210562	2.0147
59	61.1022	26.3158	54.5681	4.0	3.997	-0.139668975	-0.137106874	0.002562101	1.6077
60	52.4830	35.0486	49.1818	5.0	5.015	-0.106607696	-0.106570281	0.000037415	0.0235
61	57.7065	31.0781	47.7900	5.0	4.999	-0.122690859	-0.120265747	0.002425112	1.5218
62	55.1825	26.5468	57.7598	4.0	3.997	-0.108081368	-0.109147846	-0.001066478	-0.6692
63	59.9654	43.1222	55.3626	5.0	4.998	-0.119834120	-0.120305064	-0.000470944	-0.2955
64	61.0839	37.0324	49.1977	4.0	3.997	-0.134438204	-0.133224574	0.001213631	0.7616
65	52.8006	26.4339	55.4793	5.0	4.998	-0.097009315	-0.097516059	-0.000506744	-0.3180
66	52.6248	33.0215	61.1876	5.0	4.999	-0.117330022	-0.119875282	-0.002545260	-1.5972
67	59.4987	37.8784	62.0222	4.0	3.998	-0.144162374	-0.146576399	-0.002414025	-1.5148
68	56.6912	25.2081	57.8319	5.0	4.999	-0.104102378	-0.104674862	-0.000572484	-0.3592
69	61.6562	27.3875	50.4990	4.0	3.996	-0.134130254	-0.129599991	0.004530262	2.8428
70	64.0487	30.0786	48.8775	4.0	3.996	-0.130344785	-0.125775824	0.004568961	2.8671
71	60.7563	32.6188	46.9037	5.0	4.997	-0.119956863	-0.117291832	0.002665032	1.6723
72	57.0929	29.9512	50.8124	3.0	2.995	-0.155410706	-0.151962633	0.003448073	2.1637
73	59.5951	37.1798	61.1331	3.0	2.995	-0.167623897	-0.170671276	-0.003047379	-1.9123
74	50.2449	36.1501	55.2482	5.0	4.998	-0.112563759	-0.113460285	-0.000896526	-0.5626
75	59.5491	27.0747	55.3351	3.0	2.995	-0.149492652	-0.147805042	0.001687609	1.0590
76	63.8945	32.1042	59.6704	3.0	3.018	-0.160446108	-0.162437565	-0.001991458	-1.2497
77	61.1007	29.0794	48.7631	4.0	3.996	-0.132650712	-0.128190975	0.004459736	2.7985
78	51.6571	31.7457	50.6047	4.0	3.998	-0.106800609	-0.107047143	-0.000246534	-0.1547
79	54.8902	36.9299	63.1339	5.0	4.997	-0.119585011	-0.121771708	-0.002186696	-1.3722
80	55.0190	27.4725	55.8398	3.0	2.995	-0.119461162	-0.120378936	-0.000917774	-0.5759
81	54.7459	39.1928	62.1961	5.0	4.996	-0.119011860	-0.120456624	-0.001444764	-0.9066
82	52.9664	28.1797	57.7750	4.0	4.024	-0.105193993	-0.106464339	-0.001270347	-0.7972
83	64.4093	32.3080	62.1459	5.0	4.996	-0.120776080	-0.122457279	-0.001681199	-1.0550
84	56.7183	29.9084	61.6099	4.0	4.020	-0.124406263	-0.128652399	-0.004246137	-2.6645
85	58.1995	36.5063	63.7578	5.0	4.998	-0.123588912	-0.126246948	-0.002658036	-1.6679
86	57.8576	42.1932	60.1380	5.0	4.997	-0.120872358	-0.121726710	-0.000854352	-0.5361
87	64.1685	28.8439	48.3609	5.0	4.997	-0.115016390	-0.111462544	0.003553846	2.2301
88	60.3485	27.1333	49.3109	5.0	4.999	-0.119102803	-0.115828506	0.003274296	2.0547
89	57.2658	32.2116	63.0849	4.0	3.998	-0.125789638	-0.130249873	-0.004460235	-2.7988
90	53.6297	33.0902	62.3791	5.0	5.000	-0.116298958	-0.119233049	-0.002934091	-1.8412
91	61.9700	27.4039	59.0633	4.0	4.000	-0.133430800	-0.134066270	-0.000635470	-0.3988
92	59.8123	26.3225	60.2892	5.0	4.996	-0.111524626	-0.112747226	-0.001222600	-0.7672
93	63.8944	35.3043	48.1838	5.0	4.998	-0.121250039	-0.119157157	0.002092882	1.3133
94	65.0797	28.6426	55.9869	3.0	2.998	-0.155925496	-0.152765589	0.003159907	1.9829
95	64.8206	33.2191	47.8311	5.0	4.998	-0.117040828	-0.114283741	0.002757087	1.7301
96	51.5142	27.6742	52.7046	5.0	4.998	-0.094689516	-0.094901671	-0.000212155	-0.1331
97	56.1314	41.9557	59.5630	5.0	4.998	-0.123260278	-0.124052652	-0.000792374	-0.4972
98	54.3191	41.8594	57.0833	5.0	4.998	-0.122563090	-0.123232803	-0.000669713	-0.4203
99	62.9061	39.1703	51.5693	5.0	4.997	-0.132923345	-0.132529769	0.000393577	0.2470
100	63.9850	36.8013	51.5082	4.0	3.998	-0.148157374	-0.146883458	0.001273916	0.7994
101	60.9103	26.9533	60.7132	5.0	4.997	-0.114825024	-0.116162391	-0.001337367	-0.8392
102	51.4515	36.0601	55.0573	4.0	3.996	-0.129094462	-0.130256417	-0.001161955	-0.7291
103	53.7676	39.1572	57.1292	3.0	2.996	-0.156105454	-0.157062657	-0.000957203	-0.6007
104	53.6318	38.6985	61.9136	5.0	4.996	-0.116850464	-0.118285180	-0.001434716	-0.9003
105	52.5921	31.0305	59.5624	4.0	4.013	-0.115259859	-0.117418488	-0.002158629	-1.3546
106	53.0241	30.7974	58.5114	3.0	2.995	-0.120830465	-0.122790889	-0.001960424	-1.2302
107	55.3805	34.5179	48.2944	4.0	3.995	-0.119024310	-0.118043707	0.000980603	0.6153
108	55.0985	38.5262	61.5085	4.0	3.997	-0.135342763	-0.137024414	-0.001681652	-1.0553
109	58.4633	30.4160	50.3875	3.0	2.997	-0.166174273	-0.161114647	0.005059626	3.1750
110	57.7092	38.9708	52.7513	3.0	2.995	-0.170066950	-0.170836685	-0.000769735	-0.4830
111	55.1124	31.3822	47.9472	5.0	4.997	-0.111901660	-0.110662597	0.001239063	0.7775
112	63.6358	33.6146	48.4759	4.0	3.998	-0.133412554	-0.130129971	0.003282583	2.0599
113	61.6737	37.8143	52.6620	3.0	2.995	-0.172596041	-0.172368708	0.000227333	0.1427
114	53.6324	34.9373	62.6110	5.0	4.999	-0.118314276	-0.120871466	-0.002557189	-1.6047
115	48.9165	31.2849	55.4008	5.0	4.999	-0.092275578	-0.092835063	-0.000559485	-0.3511
116	61.3146	40.0668	52.8019	4.0	3.996	-0.144581680	-0.144773264	-0.000191584	-0.1202
117	52.1503	32.4725	48.8346	5.0	4.997	-0.101443902	-0.101255285	0.000188617	0.1184
118	61.4534	41.4878	55.1464	4.0	3.997	-0.137292454	-0.137885335	-0.000592881	-0.3720
119	52.5245	37.0366	57.6232	3.0	2.997	-0.149611783	-0.150973660	-0.001361877	-0.8546
120	61.1717	42.5302	58.6469	5.0	4.997	-0.119247318	-0.120043735	-0.000796417	-0.4998
121	53.0127	38.8889	52.1416	5.0	4.998	-0.120245138	-0.120856838	-0.000611700	-0.3838
122	64.0137	34.6246	59.8133	3.0	2.997	-0.154671235	-0.157121078	-0.002449843	-1.5373
123	60.3483	36.4162	63.5894	5.0	4.999	-0.123680800	-0.126191913	-0.002511113	-1.5757
124	57.4575	37.7757	62.2100	4.0	3.995	-0.142357228	-0.144783387	-0.002426159	-1.5224
125	52.6506	37.2822	53.6812	4.0	4.011	-0.137343543	-0.138526337	-0.001182794	-0.7422
126	64.7924	34.2817	62.0012	5.0	4.999	-0.120661820	-0.122295749	-0.001633929	-1.0253
127	55.5352	25.1664	56.6904	5.0	4.998	-0.101383173	-0.101766116	-0.000382943	-0.2403
128	57.3327	31.7043	49.7421	3.0	2.998	-0.153614952	-0.150274259	0.003340693	2.0963
129	55.3255	38.5116	53.6534	3.0	2.997	-0.169689284	-0.171102143	-0.001412859	-0.8866
130	56.5545	33.6885	62.0375	3.0	2.996	-0.147175020	-0.153094679	-0.005919659	-3.7146
131	57.6251	42.3677	53.3721	5.0	4.998	-0.122976925	-0.123377782	-0.000400857	-0.2515
132	62.3083	42.1939	55.2233	5.0	4.996	-0.121654024	-0.122123586	-0.000469562	-0.2947
133	65.5468	34.1447	53.9930	3.0	2.995	-0.173721616	-0.170815095	0.002906522	1.8239
134	53.9355	38.1687	59.5738	3.0	2.996	-0.152884374	-0.154221166	-0.001336792	-0.8388
135	57.1791	40.8000	57.9418	3.0	2.994	-0.163128781	-0.163694188	-0.000565406	-0.3548
136	50.7628	30.9992	57.8092	4.0	3.999	-0.103649144	-0.104633943	-0.000984799	-0.6180
137	51.6774	28.5633	58.8338	5.0	4.997	-0.096838518	-0.098043333	-0.001204815	-0.7560
138	60.5659	30.6667	61.8892	4.0	3.996	-0.135039699	-0.139173246	-0.004133547	-2.5938
139	61.2135	37.8338	62.8444	5.0	4.998	-0.124941804	-0.126998766	-0.002056961	-1.2908
140	66.7429	30.1324	53.7001	4.0	3.998	-0.142832184	-0.138883431	0.003948753	2.4779
141	56.3069	28.4464	52.2792	3.0	2.994	-0.141861642	-0.140234095	0.001627547	1.0213
142	61.7522	38.7866	49.7444	5.0	4.998	-0.124917411	-0.124244929	0.000672482	0.4220
143	54.4492	29.3876	51.3406	3.0	2.993	-0.127470751	-0.127114605	0.000356146	0.2235
144	57.2384	28.0273	53.1182	3.0	2.996	-0.148176166	-0.146107863	0.002068304	1.2979
145	53.0037	30.8393	61.4067	5.0	4.997	-0.108160521	-0.110595489	-0.002434968	-1.5280
146	50.8501	33.9507	57.6333	4.0	3.995	-0.117358320	-0.118501656	-0.001143336	-0.7175
147	62.0581	42.4965	56.5143	5.0	4.997	-0.120190889	-0.120797045	-0.000606156	-0.3804
148	60.0731	29.9420	62.8979	5.0	4.998	-0.118034041	-0.121137477	-0.003103436	-1.9474
149	54.3473	30.5257	62.2034	5.0	4.998	-0.110161441	-0.113092736	-0.002931295	-1.8394
150	66.2632	29.1153	59.5241	5.0	4.996	-0.117860372	-0.117630046	0.000230326	0.1445
151	63.8954	27.8933	56.7384	3.0	2.996	-0.153598426	-0.151504766	0.002093660	1.3138
152	54.2863	28.2380	57.5752	3.0	2.996	-0.115388696	-0.116988977	-0.001600281	-1.0042
153	56.7649	42.6832	54.6070	5.0	4.998	-0.122375886	-0.122859527	-0.000483641	-0.3035
154	62.5103	35.2791	63.3989	5.0	4.997	-0.119318164	-0.121569242	-0.002251078	-1.4126
155	63.9944	36.1353	61.0110	4.0	4.001	-0.134365765	-0.136468233	-0.002102468	-1.3193
156	57.6802	34.8175	49.0264	3.0	2.996	-0.140486687	-0.138680084	0.001806602	1.1337
157	65.2680	34.2643	56.9966	3.0	2.995	-0.169984261	-0.169581320	0.000402942	0.2528
158	52.3617	33.4902	51.3844	3.0	2.994	-0.123030446	-0.123771342	-0.000740897	-0.4649
159	66.6758	33.1498	49.4764	5.0	4.998	-0.118385788	-0.115647967	0.002737821	1.7180
160	49.4960	32.7125	57.8309	5.0	4.998	-0.099209537	-0.100129529	-0.000919992	-0.5773
161	58.1179	29.9198	60.4100	3.0	3.037	-0.144576207	-0.150544862	-0.005968655	-3.7454
162	56.6593	35.1405	47.0460	5.0	4.997	-0.110683789	-0.109595936	0.001087854	0.6826
163	65.3011	28.0773	57.7628	4.0	3.996	-0.132248440	-0.131045356	0.001203083	0.7549
164	50.9778	31.6743	56.0228	3.0	2.998	-0.110202040	-0.110687511	-0.000485471	-0.3046
165	61.0448	42.8042	55.1921	5.0	4.997	-0.120313392	-0.120776229	-0.000462837	-0.2904
166	63.3341	31.1212	61.1590	4.0	3.997	-0.136783878	-0.139039688	-0.002255810	-1.4155
167	50.4871	32.7922	52.3809	4.0	3.998	-0.105544034	-0.106123580	-0.000579547	-0.3637
168	62.1652	28.6181	50.5505	3.0	2.998	-0.153577387	-0.147010077	0.006567310	4.1210
169	55.5158	40.2283	61.6519	5.0	4.998	-0.121219879	-0.122442784	-0.001222906	-0.7674
170	51.3046	28.9039	53.5640	4.0	3.998	-0.100290199	-0.100760404	-0.000470205	-0.2951
171	57.4918	37.5863	50.4125	3.0	2.995	-0.143594656	-0.143271963	0.000322693	0.2025
172	59.7183	30.8044	49.4296	3.0	2.998	-0.158630126	-0.153256504	0.005373623	3.3720
173	56.8884	28.0001	49.7137	5.0	4.998	-0.119795142	-0.117682562	0.002112579	1.3257
174	54.2819	39.6481	60.0838	4.0	3.996	-0.134376919	-0.135492039	-0.001115120	-0.6997
175	65.9150	30.5008	56.9235	3.0	2.997	-0.156872737	-0.154692104	0.002180633	1.3684
176	58.0747	42.9515	54.5002	5.0	4.998	-0.121160175	-0.121599023	-0.000438848	-0.2754
177	63.4658	35.5847	62.8813	5.0	4.997	-0.119212445	-0.121198428	-0.001985983	-1.2462
178	50.5838	34.9186	50.9815	5.0	4.998	-0.102291992	-0.102703277	-0.000411285	-0.2581
179	60.3697	33.2939	47.9874	4.0	4.003	-0.136205612	-0.133210634	0.002994978	1.8794
180	61.1060	31.0710	60.8189	3.0	2.996	-0.154064592	-0.159070741	-0.005006149	-3.1414
181	58.9206	41.7714	59.0082	4.0	3.998	-0.135894248	-0.136724032	-0.000829785	-0.5207
182	55.2912	30.1718	61.3968	4.0	3.998	-0.120150698	-0.123868774	-0.003718076	-2.3331
183	59.4261	37.5563	48.1112	5.0	4.998	-0.119078058	-0.118161262	0.000916796	0.5753
184	55.5119	30.3053	48.2181	5.0	4.998	-0.113158441	-0.111697274	0.001461167	0.9169
185	60.9373	42.0389	59.8525	5.0	4.998	-0.119658294	-0.120607804	-0.000949510	-0.5958
186	60.4929	28.0367	51.7018	3.0	2.995	-0.159460410	-0.153662450	0.005797961	3.6383
187	52.9424	35.3721	60.8827	4.0	3.995	-0.130920212	-0.133286733	-0.002366521	-1.4850
188	59.3731	26.0422	57.4794	4.0	3.998	-0.123769384	-0.123884998	-0.000115614	-0.0725
189	59.3191	42.8878	54.2414	5.0	4.997	-0.120951865	-0.121353621	-0.000401756	-0.2521
190	66.2269	31.9321	54.7501	3.0	2.998	-0.167295090	-0.163315429	0.003979661	2.4973
191	55.2643	38.0434	48.6366	5.0	4.996	-0.110600760	-0.110356959	0.000243800	0.1530
192	56.6759	35.8873	61.5392	3.0	3.013	-0.163228267	-0.167684966	-0.004456698	-2.7966
193	52.8016	40.5806	55.0638	5.0	4.998	-0.120508349	-0.121236968	-0.000728620	-0.4572
194	59.8541	30.2901	60.5473	3.0	3.015	-0.152052061	-0.157877418	-0.005825357	-3.6555
195	52.7594	32.8618	59.7359	4.0	3.999	-0.128819727	-0.131471259	-0.002651532	-1.6639
196	62.9610	29.7504	61.7924	5.0	5.005	-0.122587242	-0.124470704	-0.001883462	-1.1819
197	66.9059	32.9400	59.4549	5.0	4.997	-0.124124885	-0.124314691	-0.000189807	-0.1191
198	55.5912	32.5511	49.6667	3.0	2.997	-0.139556558	-0.137887556	0.001669001	1.0473
199	51.8352	36.1445	61.1752	5.0	4.998	-0.114460600	-0.116136302	-0.001675701	-1.0515
200	57.6396	27.0348	51.1138	5.0	5.007	-0.124512728	-0.122206861	0.002305867	1.4470
201	67.6634	29.8668	53.3127	5.0	4.999	-0.124330091	-0.121324115	0.003005976	1.8863
202	60.7630	34.0412	47.0060	5.0	4.998	-0.120042596	-0.117828463	0.002214132	1.3894
203	65.8503	35.2744	51.9676	4.0	3.996	-0.143254629	-0.141077120	0.002177509	1.3664
204	64.9551	37.5376	54.6978	4.0	3.997	-0.147740711	-0.147578778	0.000161932	0.1016
205	62.0751	26.8464	51.7741	4.0	3.998	-0.136628446	-0.132296897	0.004331549	2.7181
206	66.3476	35.5933	50.6655	5.0	4.998	-0.124166818	-0.122270427	0.001896391	1.1900
207	59.7195	31.4984	47.1242	5.0	4.998	-0.120921744	-0.118113271	0.002808473	1.7623
208	67.8240	32.5794	57.8866	5.0	4.998	-0.122942559	-0.122275659	0.000666900	0.4185
209	58.4320	36.6565	49.8689	3.0	2.994	-0.145715994	-0.144733447	0.000982547	0.6166
210	53.6584	34.8657	50.9230	3.0	3.028	-0.133543379	-0.133832534	-0.000289155	-0.1814
211	63.4981	39.5919	55.3360	4.0	3.995	-0.144883998	-0.145536069	-0.000652071	-0.4092
212	54.1026	36.1445	48.1306	5.0	4.998	-0.106793168	-0.106423330	0.000369837	0.2321
213	65.0890	30.1277	48.2545	5.0	4.999	-0.115021375	-0.111608581	0.003412794	2.1416
214	56.7312	27.0418	59.3383	4.0	3.999	-0.114495954	-0.116272821	-0.001776866	-1.1150
215	58.4516	41.0359	55.0082	3.0	2.995	-0.160185951	-0.160809160	-0.000623209	-0.3911
216	66.6518	29.7518	50.0643	5.0	4.998	-0.117029457	-0.113621136	0.003408321	2.1388
217	62.0920	29.8356	48.3535	4.0	3.998	-0.131077882	-0.126621221	0.004456661	2.7966
218	62.1605	28.9049	60.3551	4.0	3.998	-0.136439355	-0.138380443	-0.001941088	-1.2181
219	64.2325	29.8247	58.8751	3.0	2.999	-0.154059773	-0.154252724	-0.000192951	-0.1211
220	62.8214	39.0233	56.4477	3.0	2.994	-0.164222742	-0.165728310	-0.001505568	-0.9448
221	51.6727	32.8513	52.2017	3.0	2.997	-0.118107635	-0.118961295	-0.000853660	-0.5357
222	60.7855	29.0593	59.7877	3.0	2.993	-0.148428332	-0.151583647	-0.003155315	-1.9800
223	59.8297	43.2550	56.5173	5.0	4.997	-0.119156836	-0.119704262	-0.000547426	-0.3435
224	53.4334	33.8264	59.1774	3.0	2.996	-0.152147723	-0.155388981	-0.003241258	-2.0339
225	58.4312	26.6955	60.6315	5.0	4.995	-0.110210707	-0.111909477	-0.001698770	-1.0660
226	63.1990	26.8662	49.8524	5.0	4.996	-0.116950450	-0.113409086	0.003541363	2.2222
227	56.5612	32.3234	61.8036	3.0	2.995	-0.142421980	-0.148724565	-0.006302584	-3.9549
228	60.6134	40.8817	55.6422	3.0	2.997	-0.157623974	-0.158421816	-0.000797842	-0.5007
229	62.0097	32.8049	48.9149	3.0	2.997	-0.153875897	-0.149229217	0.004646679	2.9158
230	50.1104	29.6739	52.2491	5.0	4.996	-0.092895290	-0.093194113	-0.000298823	-0.1875
231	60.0004	24.9756	56.8008	5.0	4.998	-0.114279607	-0.113796884	0.000482723	0.3029
232	63.2391	28.3184	51.5738	3.0	2.996	-0.156238364	-0.149624783	0.006613581	4.1501
233	56.7909	39.0399	50.7083	4.0	3.996	-0.132831100	-0.132940967	-0.000109868	-0.0689
234	60.0082	37.8211	51.2645	3.0	2.997	-0.159097704	-0.158660054	0.000437650	0.2746
235	58.6443	32.3806	47.1989	5.0	4.996	-0.121082666	-0.118739422	0.002343245	1.4704
236	54.8578	41.2889	60.0009	5.0	4.997	-0.121091352	-0.121977831	-0.000886480	-0.5563
237	66.0746	32.9683	54.9259	3.0	2.995	-0.169932915	-0.166674152	0.003258763	2.0449
238	51.8759	29.6545	58.3508	4.0	3.996	-0.104644271	-0.105944813	-0.001300542	-0.8161
239	60.2280	42.7394	58.9039	5.0	4.997	-0.118965221	-0.119736599	-0.000771379	-0.4840
240	60.5244	29.7133	47.3776	5.0	4.996	-0.118045985	-0.114857145	0.003188839	2.0010
241	64.7013	29.7025	61.0650	5.0	4.997	-0.120272159	-0.121168377	-0.000896218	-0.5624
242	58.7344	26.3794	54.2881	4.0	3.999	-0.133528777	-0.131832008	0.001696769	1.0647
243	62.1080	39.9066	51.7861	5.0	4.998	-0.132103079	-0.131949285	0.000153793	0.0965
244	65.7050	27.8931	56.2983	4.0	3.998	-0.133560933	-0.131356442	0.002204491	1.3833
245	63.7300	26.0353	52.4437	5.0	4.997	-0.121495781	-0.118283512	0.003212269	2.0157
246	63.1487	32.6912	47.0648	5.0	4.997	-0.116984029	-0.114156320	0.002827710	1.7744
247	63.8535	33.5944	61.4488	4.0	4.004	-0.135107134	-0.137385582	-0.002278448	-1.4297
248	57.9280	38.9664	48.9976	5.0	4.997	-0.118063515	-0.117699766	0.000363749	0.2283
249	60.6077	41.0569	61.1921	5.0	4.997	-0.121142762	-0.122346580	-0.001203818	-0.7554
250	54.6696	29.8651	59.7637	3.0	2.996	-0.123933919	-0.127209899	-0.003275980	-2.0557
251	64.2032	37.6466	50.9004	5.0	5.001	-0.131823248	-0.130782718	0.001040530	0.6529
252	53.7698	29.5955	61.6188	5.0	4.997	-0.105039574	-0.107426763	-0.002387189	-1.4980
253	52.4573	35.7189	58.0975	3.0	2.997	-0.148602308	-0.150287411	-0.001685103	-1.0574
254	63.4467	26.7491	57.3120	4.0	3.996	-0.132430567	-0.131280405	0.001150162	0.7217
255	62.2019	27.5582	57.3164	3.0	2.995	-0.153379237	-0.152534384	0.000844853	0.5302
256	56.9535	26.3043	52.1257	5.0	4.998	-0.117681665	-0.116198636	0.001483029	0.9306
257	64.7296	31.2672	50.2673	3.0	2.996	-0.152934429	-0.146944236	0.005990193	3.7589
258	60.6572	25.1926	55.1726	5.0	4.998	-0.120862003	-0.119392853	0.001469150	0.9219
259	58.1488	42.6988	59.3118	5.0	4.998	-0.119943728	-0.120690425	-0.000746697	-0.4686
260	67.0190	30.9231	50.0255	5.0	4.998	-0.117495912	-0.114284627	0.003211285	2.0151
261	58.1289	37.4985	47.9367	5.0	4.997	-0.115909648	-0.115124862	0.000784786	0.4925
262	54.8634	40.1165	51.9801	5.0	4.996	-0.125125227	-0.125619107	-0.000493880	-0.3099
263	59.6991	41.6739	52.2797	5.0	4.996	-0.124642117	-0.124854802	-0.000212685	-0.1335
264	58.6307	27.9301	61.6606	5.0	4.996	-0.113676901	-0.116177426	-0.002500525	-1.5691
265	53.7845	31.2249	48.2317	5.0	4.997	-0.105758161	-0.105016806	0.000741355	0.4652
266	62.7643	37.4315	50.7128	4.0	3.996	-0.142932837	-0.141910563	0.001022274	0.6415
267	53.7260	29.0047	52.2789	3.0	2.998	-0.121030637	-0.121383400	-0.000352763	-0.2214
268	53.6037	38.5988	60.5309	4.0	3.997	-0.131882475	-0.133253376	-0.001370901	-0.8603
269	51.6134	33.4151	58.8257	4.0	3.998	-0.121602920	-0.123260719	-0.001657800	-1.0403
270	62.8562	40.1319	60.4866	5.0	4.997	-0.123446485	-0.124799776	-0.001353291	-0.8492
271	64.0380	30.3673	50.0150	3.0	2.997	-0.151827613	-0.145415292	0.006412321	4.0238
272	63.5594	37.4718	54.3759	3.0	2.993	-0.168944728	-0.168950175	-0.000005448	-0.0034
273	56.2334	25.1781	54.8470	5.0	4.997	-0.106573852	-0.106309863	0.000263989	0.1657
274	65.2482	37.3670	60.7401	5.0	4.997	-0.119622930	-0.120943803	-0.001320872	-0.8289
275	58.6278	40.9813	52.9404	4.0	3.997	-0.141086835	-0.141509662	-0.000422827	-0.2653
276	60.0426	35.6417	49.3064	3.0	2.996	-0.147365577	-0.145614861	0.001750716	1.0986
277	58.6468	40.0874	53.4448	3.0	2.995	-0.163830230	-0.164474367	-0.000644138	-0.4042
278	57.3878	41.5454	59.0428	4.0	3.998	-0.138469466	-0.139238295	-0.000768829	-0.4824
279	65.7894	33.4572	60.7851	5.0	4.998	-0.124369986	-0.125427329	-0.001057343	-0.6635
280	57.7711	29.7818	61.7202	4.0	3.997	-0.126605618	-0.130952167	-0.004346549	-2.7275
281	57.3905	40.4070	54.2336	3.0	2.997	-0.164440454	-0.165176377	-0.000735923	-0.4618
282	51.1825	27.9016	57.3497	5.0	4.995	-0.093338234	-0.094169328	-0.000831094	-0.5215
283	56.7572	43.0009	56.3886	5.0	4.998	-0.121292461	-0.121834484	-0.000542023	-0.3401
284	60.1422	27.5330	61.3904	5.0	4.997	-0.114451138	-0.116393227	-0.001942089	-1.2187
285	56.4069	27.0216	56.1578	3.0	2.996	-0.124995237	-0.125554504	-0.000559267	-0.3509
286	56.5963	25.7207	53.2975	5.0	4.997	-0.112680515	-0.111796089	0.000884427	0.5550
287	60.2086	32.1968	47.9998	4.0	3.997	-0.136558434	-0.133059443	0.003498990	2.1956
288	67.6228	28.9781	54.5547	5.0	4.998	-0.121291083	-0.118770461	0.002520622	1.5817
289	66.8102	33.7237	53.6372	4.0	3.999	-0.146566027	-0.143907847	0.002658180	1.6680
290	65.1676	36.4018	53.7313	4.0	4.008	-0.153990429	-0.152957352	0.001033077	0.6483
291	57.2988	27.5386	52.0686	4.0	4.010	-0.135250420	-0.133011339	0.002239081	1.4050
292	54.4511	38.5474	49.5446	5.0	4.996	-0.111886233	-0.111915607	-0.000029374	-0.0184
293	58.7014	27.6731	51.7086	4.0	3.996	-0.143854550	-0.140246510	0.003608040	2.2641
294	59.8387	40.4003	61.9246	5.0	4.996	-0.122554197	-0.123927878	-0.001373681	-0.8620
295	48.9262	32.9298	55.8086	5.0	4.998	-0.096334557	-0.096994119	-0.000659562	-0.4139
296	64.2503	37.9172	53.7311	4.0	3.998	-0.149665730	-0.149385872	0.000279858	0.1756
297	51.5694	37.6272	53.5993	5.0	5.004	-0.120257540	-0.121133292	-0.000875752	-0.5495
298	59.3053	39.2839	61.4877	4.0	3.995	-0.141014664	-0.142757682	-0.001743018	-1.0938
299	67.0099	30.1076	56.3274	4.0	3.999	-0.136035716	-0.133885425	0.002150291	1.3493
300	61.9336	28.6794	47.8238	5.0	4.997	-0.116037814	-0.112600231	0.003437584	2.1571
301	58.2263	28.6518	59.6004	3.0	2.999	-0.137378337	-0.141022386	-0.003644049	-2.2867
302	64.1773	29.8374	60.2000	4.0	3.999	-0.135217767	-0.136205338	-0.000987571	-0.6197
303	65.9996	26.7988	54.7248	5.0	4.998	-0.119467021	-0.117027638	0.002439384	1.5307
304	61.2480	26.5535	53.0822	4.0	3.998	-0.140593472	-0.136948733	0.003644739	2.2871
305	61.3590	37.4501	51.3146	3.0	2.994	-0.159300577	-0.158592839	0.000707738	0.4441
306	54.8597	40.2373	54.3077	4.0	3.996	-0.144369327	-0.145200620	-0.000831293	-0.5216
307	66.7842	31.4099	57.8865	4.0	3.996	-0.136620085	-0.135669194	0.000950891	0.5967
308	63.7954	37.9514	56.0590	3.0	2.996	-0.162120427	-0.163193310	-0.001072883	-0.6732
309	52.7336	29.1952	51.0582	4.0	3.996	-0.107642616	-0.107642949	-0.000000333	-0.0002
310	51.3788	33.4840	56.7046	3.0	2.995	-0.123376854	-0.124213096	-0.000836243	-0.5248
311	67.1227	32.0962	49.9882	5.0	4.997	-0.118200135	-0.115235114	0.002965021	1.8606
312	53.9102	39.9949	59.1665	4.0	3.996	-0.134315782	-0.135269873	-0.000954091	-0.5987
313	65.2750	31.1028	49.4171	4.0	3.997	-0.131379945	-0.127065544	0.004314402	2.7073
314	63.9879	39.2846	60.4725	5.0	4.997	-0.121348271	-0.122718814	-0.001370542	-0.8600
315	63.6647	27.0313	52.9362	4.0	3.997	-0.139764090	-0.135481706	0.004282384	2.6872
316	65.7227	29.4705	58.7113	4.0	3.999	-0.133278488	-0.132726182	0.000552306	0.3466
317	58.5808	28.0859	49.1635	5.0	4.998	-0.123102606	-0.120115307	0.002987299	1.8746
318	64.9955	27.7617	53.3907	4.0	4.000	-0.141081226	-0.136802415	0.004278811	2.6850
319	54.7091	27.4723	52.2649	4.0	3.996	-0.115642667	-0.115226115	0.000416552	0.2614
320	56.4806	29.0488	48.8679	5.0	4.997	-0.118094613	-0.116125396	0.001969218	1.2357
321	65.7240	32.3723	57.7115	3.0	2.996	-0.160287641	-0.159470090	0.000817551	0.5130
322	51.2757	30.5758	51.5996	4.0	3.996	-0.103733181	-0.104090404	-0.000357223	-0.2242
323	62.8768	35.9903	60.6458	3.0	2.993	-0.151850452	-0.154852824	-0.003002372	-1.8840
324	53.4805	32.2791	50.3804	3.0	2.997	-0.125824679	-0.125819090	0.000005589	0.0035
325	60.5595	40.8618	57.5904	3.0	2.997	-0.156595044	-0.157601695	-0.001006651	-0.6317
326	59.5683	37.9949	49.8081	4.0	3.995	-0.136298461	-0.135647287	0.000651174	0.4086
327	64.6770	36.2473	58.0748	3.0	2.996	-0.154865079	-0.156443661	-0.001578582	-0.9906
328	52.5690	39.0941	55.7096	4.0	3.999	-0.133850904	-0.134822260	-0.000971356	-0.6095
329	65.0633	35.3484	59.9194	4.0	3.997	-0.137332089	-0.138893945	-0.001561856	-0.9801
330	58.0489	43.2851	56.2956	5.0	4.998	-0.119910616	-0.120431201	-0.000520585	-0.3267
331	59.6392	28.2222	59.4154	3.0	2.994	-0.139501200	-0.142119311	-0.002618111	-1.6429
332	62.9559	27.8052	53.4287	3.0	3.009	-0.165350022	-0.159612201	0.005737821	3.6005
333	53.1578	26.4601	53.7071	5.0	4.999	-0.099245660	-0.099409889	-0.000164229	-0.1031
334	52.5501	33.2468	49.8227	4.0	3.997	-0.112643224	-0.112672925	-0.000029701	-0.0186
335	59.7482	35.8274	47.2174	5.0	4.999	-0.117297826	-0.115840787	0.001457040	0.9143
336	52.7444	29.6250	57.4972	3.0	2.995	-0.112313642	-0.113611811	-0.001298168	-0.8146
337	59.6142	26.8542	52.7879	4.0	3.996	-0.141452071	-0.138151903	0.003300168	2.0709
338	62.1632	41.0438	57.8485	4.0	3.998	-0.136536153	-0.137587375	-0.001051221	-0.6597
339	57.1901	39.9005	60.8602	4.0	3.999	-0.142813617	-0.144117548	-0.001303930	-0.8182
340	50.4281	35.5627	58.1510	5.0	4.999	-0.113658209	-0.114829750	-0.001171542	-0.7352
341	62.9624	25.3246	54.9004	5.0	4.997	-0.119963857	-0.117939430	0.002024427	1.2703
342	52.7886	28.3335	59.9525	5.0	4.999	-0.099300022	-0.100882713	-0.001582691	-0.9932
343	60.2652	32.9279	64.0430	5.0	4.997	-0.117593864	-0.120668721	-0.003074858	-1.9295
344	52.4145	39.4046	53.8084	5.0	4.997	-0.121147687	-0.121918501	-0.000770814	-0.4837
345	61.7986	31.9849	61.1405	3.0	2.997	-0.151706793	-0.156019768	-0.004312975	-2.7064
346	53.6211	27.2247	54.5451	4.0	3.998	-0.107972294	-0.108480552	-0.000508257	-0.3189
347	59.5627	31.5944	61.6669	3.0	2.996	-0.147042132	-0.153206960	-0.006164828	-3.8685
348	55.1104	27.9615	54.0434	3.0	3.014	-0.127865243	-0.128279909	-0.000414666	-0.2602
349	53.5416	35.3742	49.6385	4.0	3.995	-0.118104595	-0.117989770	0.000114826	0.0721
350	55.5901	26.9876	50.8212	5.0	4.997	-0.110852608	-0.109695726	0.001156883	0.7260
351	51.9325	35.0839	54.7948	3.0	2.998	-0.136072714	-0.137393455	-0.001320741	-0.8288
352	53.6474	31.8415	62.1092	5.0	4.996	-0.113318371	-0.116251204	-0.002932833	-1.8404
353	53.8050	38.8396	55.5114	3.0	2.996	-0.158491755	-0.159671260	-0.001179505	-0.7402
354	54.6750	37.9309	50.3769	4.0	3.998	-0.124152582	-0.124294055	-0.000141472	-0.0888
355	57.8322	36.2661	47.3315	5.0	4.997	-0.114074597	-0.113018651	0.001055946	0.6626
356	58.9081	34.9540	48.0829	4.0	3.997	-0.130507541	-0.128697855	0.001809686	1.1356
357	67.9678	33.1880	53.4052	5.0	4.997	-0.126979530	-0.124720406	0.002259123	1.4176
358	68.0171	30.8667	53.8320	5.0	4.997	-0.124981599	-0.122318751	0.002662848	1.6710
359	59.8197	25.7130	52.8511	5.0	4.997	-0.124072690	-0.121667915	0.002404775	1.5090
360	64.1773	31.0301	60.5342	4.0	3.999	-0.138394265	-0.139903820	-0.001509555	-0.9473
361	57.8474	40.1444	62.0985	5.0	4.996	-0.124514155	-0.125908893	-0.001394737	-0.8752
362	66.8644	36.0168	56.5494	5.0	4.998	-0.131915333	-0.131662803	0.000252530	0.1585
363	54.8254	32.9519	47.5777	5.0	4.996	-0.109150741	-0.108168428	0.000982313	0.6164
364	65.6726	38.1814	59.3950	5.0	4.997	-0.120326918	-0.121350607	-0.001023689	-0.6424
365	67.2032	31.8347	54.5069	4.0	3.998	-0.143249942	-0.140252105	0.002997837	1.8812
366	65.0987	33.1365	58.3502	3.0	2.998	-0.163424278	-0.163819296	-0.000395018	-0.2479
367	58.9562	29.1264	62.4680	5.0	4.995	-0.116368055	-0.119471625	-0.003103570	-1.9475
368	61.3293	41.6598	52.9363	5.0	4.996	-0.124459987	-0.124671262	-0.000211275	-0.1326
369	59.7929	36.8749	48.8483	4.0	3.996	-0.132069968	-0.130912479	0.001157489	0.7263
370	57.0086	38.3600	60.7595	3.0	2.996	-0.165523747	-0.167422229	-0.001898482	-1.1913
371	64.4190	28.5937	53.5371	3.0	3.022	-0.166532630	-0.160443206	0.006089423	3.8212
372	56.3436	32.1365	48.4831	4.0	3.996	-0.127501164	-0.125594085	0.001907079	1.1967
373	61.0187	41.8838	56.7823	4.0	3.996	-0.135358984	-0.136106374	-0.000747390	-0.4690
374	52.3048	27.8546	54.3164	4.0	3.996	-0.102443829	-0.102987837	-0.000544008	-0.3414
375	60.7564	40.3946	58.5328	3.0	2.995	-0.157278469	-0.158554613	-0.001276144	-0.8008
376	61.0039	27.5862	48.6908	5.0	4.996	-0.117621194	-0.114231187	0.003390007	2.1273
377	66.4185	34.8289	59.4659	5.0	4.997	-0.127044102	-0.127723067	-0.000678965	-0.4261
378	51.5876	32.1137	60.2566	5.0	4.997	-0.108894489	-0.110759227	-0.001864738	-1.1701
379	49.5619	31.5942	52.1634	5.0	5.003	-0.094296139	-0.094677537	-0.000381397	-0.2393
380	55.7124	38.7472	62.7359	5.0	4.996	-0.121075263	-0.122764867	-0.001689604	-1.0602
381	60.9533	35.4934	47.2514	5.0	4.999	-0.118723983	-0.117000432	0.001723551	1.0815
382	55.8905	39.2433	51.5116	4.0	3.998	-0.135686854	-0.136107300	-0.000420447	-0.2638
383	55.7629	42.4250	57.8988	5.0	4.998	-0.123098292	-0.123744562	-0.000646270	-0.4055
384	57.4301	27.1779	57.3477	3.0	2.995	-0.129572975	-0.130575507	-0.001002533	-0.6291
385	51.2017	33.9557	49.7816	5.0	4.996	-0.101222830	-0.101382725	-0.000159895	-0.1003
386	64.8277	38.3961	57.6977	4.0	3.996	-0.136991569	-0.138107714	-0.001116145	-0.7004
387	61.5709	39.2314	53.8259	3.0	2.995	-0.166821287	-0.167325157	-0.000503870	-0.3162
388	65.2445	39.3043	55.7562	5.0	4.996	-0.127746345	-0.128108281	-0.000361936	-0.2271
389	64.3440	26.9090	56.4901	4.0	3.996	-0.132937759	-0.131057292	0.001880467	1.1800
390	53.8933	39.0488	58.2165	3.0	2.994	-0.155024128	-0.155983936	-0.000959807	-0.6023
391	61.8671	35.6022	49.9426	3.0	2.996	-0.156070752	-0.154087307	0.001983445	1.2446
392	56.9537	39.5958	53.5442	3.0	2.994	-0.168695945	-0.169615390	-0.000919445	-0.5770
393	50.7894	32.7866	58.0416	4.0	3.997	-0.111367549	-0.112508080	-0.001140531	-0.7157
394	55.0358	27.9705	59.8996	4.0	3.997	-0.110379379	-0.112520646	-0.002141267	-1.3437
395	53.9628	27.6950	58.6464	4.0	3.997	-0.106521993	-0.108052354	-0.001530361	-0.9603
396	56.7478	33.4420	63.1630	4.0	3.999	-0.128146622	-0.132419659	-0.004273037	-2.6814
397	62.4270	26.9799	60.0465	5.0	4.997	-0.118421513	-0.119112376	-0.000690863	-0.4335
398	56.7618	27.6519	58.4639	3.0	2.997	-0.124986764	-0.126931141	-0.001944377	-1.2201
399	52.2393	36.5280	50.1871	5.0	4.997	-0.109185885	-0.109434478	-0.000248594	-0.1560
400	59.6366	30.2833	48.5073	4.0	3.996	-0.136567414	-0.132573786	0.003993628	2.5060
401	65.3525	31.3247	48.1238	5.0	4.998	-0.115481850	-0.112275885	0.003205965	2.0118
402	62.1365	28.3609	49.3445	4.0	3.998	-0.131758366	-0.127091338	0.004667028	2.9286
403	53.9557	37.7539	54.0876	3.0	2.994	-0.160990772	-0.162548638	-0.001557866	-0.9776
404	67.2323	28.1250	55.6435	5.0	4.998	-0.118910642	-0.116843449	0.002067193	1.2972
405	59.8639	41.2224	53.3769	4.0	3.997	-0.139607938	-0.140011624	-0.000403686	-0.2533
406	49.1356	34.0541	55.5431	5.0	4.997	-0.100061419	-0.100772188	-0.000710770	-0.4460
407	64.0081	36.6838	59.2572	3.0	2.996	-0.150686711	-0.153032526	-0.002345815	-1.4720
408	51.0301	31.6956	51.4287	4.0	3.997	-0.104691124	-0.105105095	-0.000413972	-0.2598
409	51.2370	34.4222	51.5989	4.0	3.996	-0.111738528	-0.112354414	-0.000615885	-0.3865
410	59.9897	26.1882	54.9145	4.0	3.997	-0.135383205	-0.133558191	0.001825015	1.1452
411	55.9753	28.0754	51.0078	4.0	3.996	-0.125121454	-0.123573383	0.001548070	0.9714
412	55.4728	32.1795	63.5435	5.0	4.998	-0.112760893	-0.116025312	-0.003264420	-2.0485
413	63.8364	32.2967	61.2935	4.0	3.995	-0.135546025	-0.137704766	-0.002158741	-1.3546
414	51.8809	33.5369	49.1078	5.0	4.998	-0.102190108	-0.102144824	0.000045283	0.0284
415	53.5874	29.4846	60.0529	4.0	3.995	-0.111083888	-0.113408316	-0.002324428	-1.4586
416	63.6198	39.0941	59.0656	4.0	3.998	-0.137302647	-0.138913816	-0.001611169	-1.0110
417	59.9761	25.9666	56.3634	4.0	3.997	-0.128836131	-0.128063052	0.000773080	0.4851
418	54.6254	41.6500	55.0276	5.0	4.998	-0.125645641	-0.126272452	-0.000626811	-0.3933
419	65.9816	27.8524	51.1931	5.0	4.998	-0.118559679	-0.115054907	0.003504772	2.1993
420	58.2942	40.3714	59.3203	3.0	2.998	-0.160669406	-0.161579307	-0.000909901	-0.5710
421	67.0054	31.3411	53.3997	4.0	3.998	-0.143205989	-0.139467321	0.003738668	2.3460
422	66.5155	31.7053	51.0033	4.0	3.996	-0.135168902	-0.131168160	0.004000741	2.5105
423	67.0395	33.3872	55.5329	4.0	3.998	-0.144726775	-0.142847705	0.001879071	1.1791
424	64.4966	31.4410	48.7426	4.0	3.996	-0.130788286	-0.126587647	0.004200639	2.6359
425	52.3809	35.4561	55.9262	3.0	3.009	-0.149004159	-0.150508502	-0.001504342	-0.9440
426	67.7798	32.6527	51.5481	5.0	4.997	-0.121599017	-0.118919403	0.002679614	1.6815
427	56.0932	40.8891	61.0751	5.0	4.998	-0.123373587	-0.124444159	-0.001070572	-0.6718
428	51.1472	38.5611	58.6595	5.0	4.998	-0.114107835	-0.115124924	-0.001017089	-0.6382
429	66.0237	31.3383	59.1090	4.0	3.998	-0.136284501	-0.136234427	0.000050074	0.0314
430	54.6490	33.0969	48.7708	4.0	3.998	-0.120319277	-0.119394174	0.000925103	0.5805
431	62.4908	35.8818	50.6785	3.0	2.995	-0.162057739	-0.160328785	0.001728954	1.0849
432	65.7893	29.6176	55.6033	3.0	2.995	-0.158673892	-0.155048961	0.003624931	2.2747
433	67.5630	34.7430	55.7331	5.0	4.998	-0.130236109	-0.129205444	0.001030664	0.6468
434	56.6307	41.8791	56.3067	4.0	3.998	-0.139547213	-0.140133009	-0.000585796	-0.3676
435	66.4244	36.8764	58.8826	5.0	4.996	-0.122611732	-0.123335351	-0.000723619	-0.4541
436	66.6757	30.2550	52.5579	4.0	3.996	-0.139251360	-0.135017722	0.004233639	2.6566
437	64.8374	38.0174	58.6590	4.0	3.997	-0.134858276	-0.136216312	-0.001358036	-0.8522
438	66.3326	34.4715	57.1280	4.0	3.997	-0.146603266	-0.146169981	0.000433286	0.2719
439	60.7708	38.9590	49.5444	5.0	4.995	-0.124108901	-0.123533537	0.000575364	0.3610
440	58.2550	26.0579	56.0975	4.0	3.997	-0.124572924	-0.124244611	0.000328313	0.2060
441	63.8867	26.6757	50.6154	5.0	4.998	-0.117771033	-0.114255031	0.003516001	2.2063
442	58.8166	32.2345	49.3603	3.0	3.000	-0.158484414	-0.154496087	0.003988327	2.5027
443	57.4003	39.0247	62.7402	5.0	4.996	-0.124943053	-0.126682639	-0.001739586	-1.0916
444	57.3294	31.2255	63.8251	5.0	4.998	-0.112321770	-0.115670134	-0.003348364	-2.1011
445	64.6899	30.8049	58.9271	3.0	2.994	-0.155883586	-0.156161894	-0.000278309	-0.1746
446	55.7298	40.0969	53.3896	4.0	3.996	-0.146690385	-0.147461008	-0.000770623	-0.4836
447	59.1821	38.5792	60.7215	3.0	2.997	-0.164425405	-0.166453002	-0.002027597	-1.2723
448	49.8797	31.8389	54.4626	4.0	3.997	-0.101067205	-0.101607596	-0.000540391	-0.3391
449	53.4335	37.4509	51.3153	4.0	3.996	-0.125405811	-0.125904633	-0.000498822	-0.3130
450	59.5256	29.4226	47.7672	5.0	4.996	-0.120101958	-0.117001082	0.003100876	1.9458
451	61.9689	25.7763	51.8630	5.0	4.997	-0.121149060	-0.118035296	0.003113765	1.9539
452	58.2957	32.8468	63.3267	4.0	3.998	-0.127570526	-0.131892279	-0.004321753	-2.7119
453	59.6906	29.0077	50.6371	3.0	2.997	-0.159484325	-0.153689136	0.005795188	3.6365
454	60.1693	27.7359	50.2775	4.0	3.997	-0.136192977	-0.131917314	0.004275663	2.6830
455	51.0099	38.5924	56.0189	5.0	4.999	-0.115928122	-0.116811543	-0.000883421	-0.5544
456	58.8134	31.9390	64.1312	5.0	4.999	-0.114230828	-0.117502444	-0.003271616	-2.0530
457	67.6920	31.1923	51.4056	5.0	4.996	-0.120235721	-0.117202866	0.003032855	1.9031
458	66.2970	36.6745	53.5456	5.0	4.998	-0.134258997	-0.133255690	0.001003307	0.6296
459	63.7651	37.5183	52.7103	4.0	3.996	-0.153610215	-0.152966837	0.000643378	0.4037
460	50.3536	31.8292	52.7955	4.0	3.996	-0.102955805	-0.103480429	-0.000524624	-0.3292
461	56.1884	27.0331	60.8213	5.0	4.998	-0.104524456	-0.106396832	-0.001872376	-1.1749
462	62.6343	31.3480	62.8588	5.0	4.998	-0.119825581	-0.122199223	-0.002373643	-1.4895
463	65.9085	28.4324	53.8901	4.0	3.996	-0.139863937	-0.135944428	0.003919509	2.4595
464	64.4044	28.0364	55.2422	3.0	2.996	-0.157615993	-0.153811635	0.003804358	2.3873
465	65.2717	26.7912	52.8073	5.0	4.997	-0.122176374	-0.118901820	0.003274554	2.0548
466	52.9488	34.6388	49.9993	4.0	3.999	-0.117491648	-0.117563643	-0.000071996	-0.0452
467	54.1787	33.3062	59.9250	3.0	2.996	-0.152861385	-0.157551171	-0.004689786	-2.9429
468	54.9956	30.6647	50.2820	3.0	2.997	-0.133950339	-0.132812929	0.001137410	0.7137
469	57.1022	38.4759	51.7598	3.0	2.996	-0.154778781	-0.155222299	-0.000443518	-0.2783
470	62.6829	39.3382	59.6718	4.0	4.015	-0.140157464	-0.141909948	-0.001752484	-1.0997
471	56.4803	39.5052	62.3928	5.0	4.997	-0.123244484	-0.124760492	-0.001516008	-0.9513
472	65.3099	32.1445	49.3263	4.0	3.995	-0.132048301	-0.128088771	0.003959530	2.4846
473	61.5910	28.3703	58.7064	3.0	3.021	-0.153419780	-0.154670647	-0.001250867	-0.7849
474	65.1348	39.5301	57.9668	5.0	4.997	-0.122823746	-0.123680960	-0.000857214	-0.5379
475	64.9160	38.6959	53.5520	5.0	4.996	-0.132636440	-0.132379377	0.000257062	0.1613
476	51.4410	37.4482	60.2897	5.0	4.996	-0.113822591	-0.115129186	-0.001306595	-0.8199
477	60.0842	40.8087	60.1697	4.0	3.997	-0.136681036	-0.137893020	-0.001211984	-0.7605
478	60.8290	27.4160	53.9056	3.0	2.998	-0.162468889	-0.158326948	0.004141942	2.5991
479	55.7138	30.8988	63.1551	5.0	4.996	-0.111620259	-0.114903698	-0.003283439	-2.0604
480	56.4152	27.1674	55.0979	3.0	2.999	-0.129143819	-0.129181858	-0.000038039	-0.0239
481	53.6064	40.1062	55.6506	4.0	3.996	-0.137493236	-0.138348093	-0.000854857	-0.5364
482	53.7809	34.8876	60.1923	3.0	2.998	-0.152782916	-0.156076986	-0.003294070	-2.0671
483	55.7298	35.3619	49.3860	3.0	2.995	-0.131976113	-0.131042624	0.000933489	0.5858
484	59.0254	40.3089	52.2741	4.0	3.997	-0.143569566	-0.143873150	-0.000303583	-0.1905
485	52.8358	28.5264	51.7983	4.0	3.999	-0.107216474	-0.107315433	-0.000098960	-0.0621
486	65.8829	30.5681	50.3167	4.0	3.997	-0.132798003	-0.128369494	0.004428509	2.7789
487	57.1605	29.4662	62.6927	5.0	4.997	-0.112648214	-0.115870047	-0.003221834	-2.0217
488	53.1461	36.1756	59.5912	3.0	2.998	-0.149971203	-0.152007056	-0.002035853	-1.2775
489	58.1148	42.2773	56.9627	4.0	3.997	-0.136393755	-0.136988987	-0.000595233	-0.3735
490	62.2875	41.4928	53.5412	5.0	4.997	-0.124740876	-0.124986708	-0.000245832	-0.1543
491	68.0047	31.5392	52.7319	5.0	4.998	-0.123604033	-0.120818944	0.002785089	1.7477
492	51.3159	35.6149	56.4327	4.0	4.024	-0.129211676	-0.130398447	-0.001186771	-0.7447
493	50.3744	36.1413	52.9887	5.0	4.999	-0.107890757	-0.108594193	-0.000703436	-0.4414
494	56.0550	33.5898	47.0995	5.0	4.997	-0.110663928	-0.109422454	0.001241475	0.7790
495	51.6655	32.3533	57.5965	3.0	2.995	-0.119360186	-0.120367680	-0.001007494	-0.6322
496	63.2663	31.1766	59.8430	3.0	2.995	-0.159924194	-0.162296105	-0.002371911	-1.4884
497	60.0735	29.3985	61.2799	4.0	3.996	-0.132447095	-0.136113485	-0.003666390	-2.3007
498	58.2823	34.0300	48.0612	4.0	4.013	-0.131101484	-0.129042179	0.002059305	1.2922
499	54.6837	39.7644	57.6525	3.0	2.996	-0.160246942	-0.161034522	-0.000787579	-0.4942
500	62.8681	28.3267	59.8267	4.0	3.997	-0.133810250	-0.134798324	-0.000988073	-0.6200
501	65.6966	35.1684	58.5660	4.0	3.996	-0.142424771	-0.143237757	-0.000812987	-0.5102
502	54.7940	28.7527	49.1054	5.0	4.997	-0.108291876	-0.107195507	0.001096368	0.6880
503	66.5682	33.0412	58.0201	4.0	3.996	-0.140642301	-0.140215464	0.000426837	0.2678
504	62.2022	39.8256	57.0581	3.0	2.995	-0.159531349	-0.160977298	-0.001445949	-0.9073
505	62.4851	40.4539	54.4833	4.0	3.997	-0.141576118	-0.142064370	-0.000488252	-0.3064
506	65.2778	27.4455	55.2083	4.0	3.997	-0.135301990	-0.132418121	0.002883869	1.8097
507	52.0423	39.7963	55.0429	5.0	4.996	-0.118846665	-0.119631606	-0.000784941	-0.4926
508	53.5205	28.0225	50.1502	5.0	4.997	-0.102163196	-0.101650492	0.000512705	0.3217
509	54.0922	31.2312	59.7382	3.0	2.994	-0.131347699	-0.135048765	-0.003701066	-2.3225
510	61.0113	35.8918	48.4909	4.0	3.997	-0.132890579	-0.131162654	0.001727925	1.0843
511	61.4342	25.2586	56.6316	5.0	5.024	-0.119078080	-0.118159882	0.000918198	0.5762
512	65.8714	35.4139	55.0498	4.0	4.002	-0.155026728	-0.153889860	0.001136868	0.7134
513	63.2572	30.1811	60.7000	4.0	3.997	-0.137947155	-0.139858787	-0.001911632	-1.1996
514	53.9802	26.1127	54.1628	5.0	5.013	-0.102078105	-0.102198040	-0.000119934	-0.0753
515	51.6853	34.1664	60.6240	5.0	4.996	-0.115288844	-0.117225248	-0.001936404	-1.2151
516	63.3994	28.2195	60.8648	5.0	4.997	-0.119205808	-0.120183645	-0.000977837	-0.6136
517	51.3138	39.2130	57.8116	5.0	4.999	-0.114950889	-0.115864964	-0.000914075	-0.5736
518	65.3670	33.2008	49.5330	4.0	3.996	-0.133524837	-0.130010802	0.003514035	2.2051
519	65.1302	36.5068	59.5235	4.0	3.997	-0.134842940	-0.136313999	-0.001471059	-0.9231
520	62.2602	27.2287	55.9317	3.0	2.996	-0.155790205	-0.153439232	0.002350973	1.4753
521	60.6119	31.0203	63.3519	5.0	4.999	-0.118419702	-0.121515966	-0.003096264	-1.9429
522	51.7693	28.6632	50.8141	5.0	4.996	-0.096586308	-0.096558955	0.000027353	0.0172
523	63.7164	35.6861	59.9802	3.0	3.002	-0.152038010	-0.154712951	-0.002674940	-1.6786
524	56.4920	32.4307	47.2715	5.0	4.997	-0.114038345	-0.112445262	0.001593083	0.9997
525	56.2781	39.8814	54.4410	3.0	2.994	-0.169662732	-0.170610022	-0.000947290	-0.5944
526	56.0619	36.6566	47.5592	5.0	4.997	-0.109469286	-0.108796923	0.000672364	0.4219
527	53.7453	36.2845	51.7278	3.0	2.995	-0.138281205	-0.138965105	-0.000683900	-0.4292
528	62.9660	31.3046	49.1416	3.0	2.997	-0.151158513	-0.145328354	0.005830158	3.6585
529	61.6459	25.4139	53.7690	5.0	5.012	-0.123250382	-0.120838323	0.002412059	1.5136
530	50.2357	33.7438	50.8972	5.0	4.999	-0.098887377	-0.099243991	-0.000356614	-0.2238
531	65.8225	38.1707	54.7510	5.0	4.997	-0.130528444	-0.130370838	0.000157607	0.0989
532	51.3110	27.4132	53.8157	5.0	4.998	-0.093275974	-0.093620370	-0.000344396	-0.2161
533	56.8373	36.8483	62.4344	4.0	3.996	-0.141335647	-0.144283083	-0.002947436	-1.8495
534	51.0547	32.4004	53.6996	3.0	2.995	-0.113587603	-0.114250843	-0.000663241	-0.4162
535	62.9141	35.5831	49.2758	4.0	4.008	-0.139870889	-0.137717361	0.002153528	1.3514
536	52.6624	29.0685	56.5678	3.0	2.994	-0.109880904	-0.110938805	-0.001057901	-0.6638
537	59.3648	33.9840	62.2576	3.0	2.997	-0.149718413	-0.155044305	-0.005325892	-3.3420
538	56.4877	35.5886	48.1840	4.0	3.997	-0.121042984	-0.120009206	0.001033778	0.6487
539	64.8450	28.4799	49.0620	5.0	4.998	-0.115470094	-0.111880118	0.003589976	2.2527
540	50.0699	30.7355	55.4997	4.0	3.998	-0.099056628	-0.099621696	-0.000565068	-0.3546
541	64.8648	27.8284	52.3130	4.0	3.996	-0.137540660	-0.132957558	0.004583101	2.8759
542	54.9462	38.8172	59.8413	3.0	2.998	-0.156831415	-0.158057394	-0.001225979	-0.7693
543	68.0017	29.7953	56.0033	5.0	4.999	-0.120066894	-0.118231317	0.001835577	1.1518
544	62.0693	40.7050	52.3888	5.0	4.997	-0.128237652	-0.128276282	-0.000038630	-0.0242
545	52.6887	27.1155	52.2051	5.0	4.997	-0.098300042	-0.098289506	0.000010537	0.0066
546	67.9676	31.2187	57.5523	5.0	4.998	-0.120746194	-0.119713638	0.001032555	0.6479
547	52.2593	36.6721	52.9372	4.0	3.997	-0.128720210	-0.129728189	-0.001007979	-0.6325
548	58.4582	39.8606	50.2762	5.0	4.997	-0.125309084	-0.125215331	0.000093753	0.0588
549	51.6920	29.9615	59.8192	5.0	4.996	-0.101135074	-0.102702971	-0.001567898	-0.9839
550	62.0847	26.4465	53.8684	4.0	4.004	-0.140266968	-0.136915203	0.003351765	2.1033
551	54.9034	25.9117	58.7490	5.0	4.999	-0.099224783	-0.100261893	-0.001037110	-0.6508
552	52.9358	38.1073	57.2377	3.0	2.996	-0.151965209	-0.153124061	-0.001158851	-0.7272
553	57.2524	33.0933	47.0656	5.0	4.998	-0.115230620	-0.113538583	0.001692037	1.0618
554	53.8651	32.3060	48.0727	5.0	4.997	-0.107190443	-0.106473136	0.000717307	0.4501
555	63.3681	25.5533	57.0132	5.0	4.997	-0.117378736	-0.116287616	0.001091120	0.6847
556	62.1829	34.4678	62.5162	4.0	3.997	-0.133123712	-0.136060087	-0.002936375	-1.8426
557	51.5170	32.8543	50.6873	4.0	3.996	-0.108312681	-0.108658888	-0.000346207	-0.2172
558	63.2856	32.7122	49.2318	3.0	2.996	-0.152614241	-0.147679988	0.004934253	3.0963
559	54.5678	26.1680	53.0898	5.0	4.997	-0.105042978	-0.104784958	0.000258020	0.1619
560	58.9510	40.6228	60.5721	4.0	3.997	-0.138014827	-0.139221220	-0.001206393	-0.7570
561	65.8934	30.0947	54.5757	3.0	2.997	-0.163781367	-0.159049281	0.004732086	2.9694
562	60.3223	39.2705	61.2842	4.0	3.997	-0.140264492	-0.142052056	-0.001787564	-1.1217
563	51.6862	30.6330	49.5239	5.0	4.997	-0.098068314	-0.097962059	0.000106255	0.0667
564	50.6351	32.5311	59.4565	5.0	4.997	-0.104984263	-0.106388543	-0.001404280	-0.8812
565	51.9630	38.0752	55.7032	4.0	3.998	-0.132169742	-0.133241407	-0.001071666	-0.6725
566	63.6413	34.1909	62.8996	5.0	4.998	-0.119265852	-0.121304586	-0.002038733	-1.2793
567	65.3390	29.7914	52.5742	3.0	2.996	-0.161717114	-0.155363212	0.006353902	3.9871
568	51.0214	34.0795	59.4759	5.0	5.024	-0.113894834	-0.115453529	-0.001558695	-0.9781
569	54.6992	25.5234	55.0460	5.0	4.997	-0.101698204	-0.101836399	-0.000138194	-0.0867
570	60.0418	32.8022	49.0661	3.0	3.006	-0.158017765	-0.153930520	0.004087245	2.5648
571	52.3657	35.1959	56.9495	3.0	3.002	-0.148876778	-0.150382566	-0.001505788	-0.9449
572	53.4530	32.5007	60.4957	4.0	4.002	-0.129269822	-0.132641184	-0.003371362	-2.1156
573	59.0261	25.5822	53.5056	5.0	4.997	-0.121883632	-0.120071590	0.001812042	1.1371
574	59.1493	35.1435	62.0727	3.0	2.997	-0.155365843	-0.160087361	-0.004721518	-2.9628
575	61.1858	34.2646	62.8043	4.0	3.998	-0.134211489	-0.137607287	-0.003395798	-2.1309
576	54.7477	39.4224	58.8106	3.0	2.995	-0.158168379	-0.159067142	-0.000898763	-0.5640
577	51.7497	35.5788	59.1193	4.0	3.996	-0.128596915	-0.130233087	-0.001636172	-1.0267
578	57.5808	42.0054	55.1585	4.0	3.997	-0.138225777	-0.138769967	-0.000544190	-0.3415
579	67.4056	34.1063	57.9010	5.0	4.997	-0.126888011	-0.126592188	0.000295823	0.1856
580	50.9956	36.5997	52.2319	5.0	4.996	-0.110115140	-0.110762150	-0.000647010	-0.4060
581	53.2642	27.3918	51.1253	5.0	4.997	-0.100699380	-0.100399674	0.000299706	0.1881
582	59.6303	40.8935	58.3440	3.0	2.996	-0.157062905	-0.157969875	-0.000906970	-0.5691
583	56.3116	35.8394	62.5608	4.0	4.003	-0.139260979	-0.142776498	-0.003515519	-2.2060
584	53.1640	32.1388	58.8643	3.0	2.996	-0.132972687	-0.135570046	-0.002597360	-1.6299
585	51.6529	35.1513	60.8938	5.0	4.997	-0.114646697	-0.116443017	-0.001796320	-1.1272
586	58.6577	26.3491	58.3188	4.0	3.996	-0.120990954	-0.121831267	-0.000840312	-0.5273
587	52.5621	29.6954	52.6629	3.0	2.996	-0.114855411	-0.115536450	-0.000681038	-0.4274
588	54.8358	36.1388	61.0470	3.0	2.997	-0.155225049	-0.158325675	-0.003100626	-1.9457
589	55.4045	39.5434	50.1540	5.0	4.996	-0.116516187	-0.116636889	-0.000120702	-0.0757
590	67.3855	29.4051	52.3485	5.0	4.996	-0.121562401	-0.118338892	0.003223510	2.0228
591	52.6466	34.6000	51.6569	3.0	2.995	-0.128659341	-0.129523524	-0.000864184	-0.5423
592	55.5096	28.9738	51.5213	3.0	2.998	-0.135542666	-0.134374823	0.001167843	0.7328
593	64.0034	39.4176	53.3307	5.0	4.998	-0.133557173	-0.133482125	0.000075049	0.0471
594	49.1011	30.8161	53.8981	5.0	4.998	-0.091600182	-0.092048626	-0.000448443	-0.2814
595	61.3633	30.2859	49.2256	3.0	2.994	-0.152823028	-0.146779417	0.006043611	3.7924
596	63.7130	28.5216	58.1227	3.0	2.996	-0.152592311	-0.152012435	0.000579875	0.3639
597	54.8331	26.8539	54.2497	4.0	3.997	-0.113924548	-0.114072174	-0.000147627	-0.0926
598	50.7331	28.4279	52.6660	5.0	4.998	-0.093013442	-0.093286419	-0.000272977	-0.1713
599	57.6481	30.8919	62.5774	4.0	3.997	-0.125332640	-0.129839655	-0.004507015	-2.8282
600	53.1820	36.2601	53.5987	3.0	2.997	-0.149984425	-0.151620957	-0.001636532	-1.0269
601	53.3378	29.9662	51.4350	3.0	2.994	-0.120617371	-0.120876687	-0.000259316	-0.1627
602	59.9108	39.3427	49.9103	5.0	4.996	-0.126048834	-0.125679427	0.000369408	0.2318
603	54.9620	30.7792	49.1543	4.0	3.998	-0.121162043	-0.119925617	0.001236426	0.7759
604	66.0454	38.2384	58.2024	5.0	4.998	-0.122047278	-0.122776437	-0.000729159	-0.4576
605	55.0539	29.7381	49.6258	4.0	3.996	-0.120736249	-0.119484560	0.001251689	0.7854
606	58.4022	29.5033	51.3094	3.0	3.041	-0.168939039	-0.163754458	0.005184581	3.2534
607	63.1899	40.2598	56.5756	4.0	3.997	-0.140246442	-0.141203137	-0.000956694	-0.6003
608	57.5597	28.1974	60.5664	4.0	3.996	-0.121414558	-0.124383391	-0.002968833	-1.8630
609	56.8355	41.3408	54.1169	4.0	3.996	-0.141163515	-0.141749359	-0.000585844	-0.3676
610	57.0698	30.3945	49.3784	4.0	4.003	-0.137545466	-0.134745557	0.002799909	1.7570
611	60.2614	34.0783	64.0819	5.0	4.998	-0.119040437	-0.121993964	-0.002953527	-1.8534
612	60.3927	38.6340	50.7487	4.0	3.996	-0.141847013	-0.141443467	0.000403546	0.2532
613	58.9185	30.4717	60.9701	3.0	2.995	-0.146548567	-0.152849907	-0.006301340	-3.9542
614	60.4086	42.2759	53.3358	5.0	4.998	-0.122509757	-0.122812399	-0.000302643	-0.1899
615	55.3471	31.9167	48.8484	4.0	4.013	-0.124784391	-0.123363693	0.001420698	0.8915
616	63.9298	38.4141	61.3325	5.0	4.997	-0.120471075	-0.122011046	-0.001539971	-0.9663
617	58.8625	27.5416	53.9787	3.0	2.997	-0.154961066	-0.152214840	0.002746226	1.7233
618	50.5448	30.5053	53.0392	4.0	3.997	-0.100599952	-0.101065886	-0.000465934	-0.2924
619	50.1257	35.9978	53.9720	5.0	4.998	-0.108590373	-0.109368718	-0.000778345	-0.4884
620	56.9488	26.1344	57.4310	4.0	3.996	-0.114984740	-0.115672641	-0.000687900	-0.4317
621	52.2420	26.9266	56.7714	5.0	4.997	-0.095391332	-0.096147059	-0.000755726	-0.4742
622	62.0363	29.1589	61.7020	5.0	5.000	-0.122803661	-0.124945427	-0.002141766	-1.3440
623	67.5160	34.2371	51.8558	5.0	4.998	-0.124125029	-0.121927570	0.002197459	1.3789
624	52.0761	40.2576	56.4336	5.0	4.996	-0.117586434	-0.118374658	-0.000788224	-0.4946
625	65.6509	34.4103	50.4860	4.0	3.995	-0.137303853	-0.134442591	0.002861262	1.7955
626	55.7442	34.7080	62.6554	4.0	3.996	-0.133988548	-0.137884555	-0.003896006	-2.4448
627	58.1221	33.9582	63.3829	4.0	3.997	-0.129858803	-0.133967700	-0.004108897	-2.5784
628	57.8521	30.1784	63.3385	5.0	4.997	-0.112913182	-0.116220242	-0.003307060	-2.0752
629	64.1477	35.6795	52.1446	3.0	2.995	-0.167479300	-0.165644560	0.001834740	1.1513
630	59.6754	25.1897	54.6579	5.0	4.997	-0.119525892	-0.118101011	0.001424881	0.8941
631	62.1258	27.8749	48.4306	5.0	4.997	-0.116171344	-0.112671421	0.003499923	2.1962
632	65.6454	33.8791	52.7098	3.0	2.997	-0.165456736	-0.161863027	0.003593709	2.2551
633	58.5849	38.4802	50.1325	4.0	3.996	-0.135750689	-0.135410808	0.000339881	0.2133
634	61.7133	30.5057	60.1822	3.0	2.995	-0.158136666	-0.162097558	-0.003960892	-2.4855
635	50.4584	34.4310	53.9065	4.0	4.001	-0.112090678	-0.112893424	-0.000802746	-0.5037
636	60.6919	39.4689	59.7148	3.0	2.996	-0.159556277	-0.161309362	-0.001753085	-1.1001
637	50.3687	36.4996	57.4343	5.0	4.997	-0.113921415	-0.114974739	-0.001053324	-0.6610
638	60.3074	32.0346	62.7388	4.0	3.997	-0.131806753	-0.135966580	-0.004159828	-2.6103
639	52.2055	39.2801	60.0449	5.0	4.996	-0.115116384	-0.116194002	-0.001077618	-0.6762
640	63.6220	36.7526	53.6410	3.0	2.998	-0.173645227	-0.173051619	0.000593608	0.3725
641	65.5000	37.2548	56.5413	4.0	3.997	-0.141918137	-0.142340217	-0.000422080	-0.2649
642	52.9234	37.8700	50.3820	5.0	4.997	-0.111503033	-0.111774041	-0.000271007	-0.1701
643	63.3655	37.5836	59.3600	3.0	2.997	-0.151819611	-0.154324472	-0.002504862	-1.5718
644	58.9687	38.8109	62.8288	5.0	4.998	-0.125920072	-0.127779242	-0.001859170	-1.1666
645	58.3821	33.5144	49.1240	3.0	3.018	-0.150210605	-0.147401886	0.002808719	1.7625
646	64.7290	39.2207	59.6597	5.0	4.996	-0.120859429	-0.122045671	-0.001186242	-0.7444
647	52.0117	35.5073	51.4262	4.0	3.997	-0.118032204	-0.118647597	-0.000615394	-0.3862
648	56.1974	40.4070	51.5026	5.0	4.998	-0.126038322	-0.126376807	-0.000338485	-0.2124
649	65.0444	36.4301	52.7001	4.0	3.999	-0.149595492	-0.148288283	0.001307210	0.8203
650	63.3061	28.9819	50.6074	3.0	2.998	-0.153098518	-0.146379281	0.006719237	4.2164
651	60.9034	38.9806	51.7437	4.0	3.997	-0.149216832	-0.149065845	0.000150987	0.0947
652	63.4295	34.6917	48.8605	4.0	3.996	-0.136255850	-0.133536508	0.002719342	1.7064
653	57.9611	32.8231	64.3257	5.0	4.999	-0.114058966	-0.117315257	-0.003256290	-2.0434
654	64.0211	40.2747	54.4998	5.0	4.998	-0.128848444	-0.129119194	-0.000270750	-0.1699
655	60.3042	27.1056	57.1456	3.0	2.997	-0.144815204	-0.144573803	0.000241401	0.1515
656	49.2887	29.8962	55.1640	5.0	4.998	-0.090681170	-0.091196619	-0.000515449	-0.3234
657	65.3810	33.3568	59.5198	4.0	4.027	-0.142864819	-0.143834940	-0.000970121	-0.6088
658	58.2375	41.5360	53.7731	4.0	3.999	-0.139402289	-0.139896237	-0.000493948	-0.3100
659	54.2889	31.6942	49.0569	4.0	3.997	-0.118217527	-0.117372218	0.000845309	0.5304
660	66.0472	27.7994	58.5557	5.0	4.997	-0.116748759	-0.116024644	0.000724115	0.4544
661	64.7576	38.4247	60.5514	5.0	4.997	-0.119804964	-0.121140722	-0.001335758	-0.8382
662	61.9263	34.3466	47.2440	5.0	4.998	-0.120878092	-0.118587807	0.002290284	1.4372
663	51.9635	37.4485	59.0357	4.0	3.997	-0.128930309	-0.130240607	-0.001310298	-0.8222
664	53.1536	35.8834	52.5795	3.0	3.000	-0.140919641	-0.142146518	-0.001226877	-0.7699
665	56.3808	39.4255	49.5824	5.0	4.998	-0.116344474	-0.116279250	0.000065224	0.0409
666	65.9650	38.5786	57.1778	5.0	4.998	-0.123964535	-0.124497868	-0.000533333	-0.3347
667	55.8062	34.2062	61.6011	3.0	2.996	-0.152442252	-0.158024113	-0.005581861	-3.5027
668	52.0350	34.6378	59.4357	4.0	3.997	-0.129365409	-0.131321081	-0.001955672	-1.2272
669	49.6145	30.1478	57.2893	5.0	4.998	-0.092646078	-0.093408106	-0.000762028	-0.4782
670	55.8416	31.2390	50.0178	3.0	2.998	-0.142667895	-0.140652940	0.002014955	1.2644
671	63.4128	33.3645	60.5051	3.0	2.997	-0.153315533	-0.156201766	-0.002886233	-1.8111
672	52.6327	33.2537	58.3807	3.0	2.995	-0.137169574	-0.139152871	-0.001983297	-1.2445
673	65.7467	31.5911	51.7840	3.0	2.998	-0.158534761	-0.152906653	0.005628108	3.5317
674	64.2734	40.4741	56.3421	5.0	4.998	-0.126220238	-0.126857549	-0.000637312	-0.3999
675	66.6442	36.1226	54.5116	5.0	5.000	-0.136009248	-0.135047903	0.000961345	0.6033
676	60.6266	35.2611	61.7975	3.0	2.999	-0.154755966	-0.158708536	-0.003952570	-2.4803
677	55.5623	28.7721	59.4740	3.0	2.994	-0.122479519	-0.125358362	-0.002878842	-1.8065
678	66.5375	29.6943	57.4972	4.0	3.997	-0.134113192	-0.132684392	0.001428800	0.8966
679	64.9513	29.1117	57.4522	3.0	2.995	-0.153776073	-0.152137664	0.001638409	1.0281
680	57.9512	41.3691	51.9794	5.0	4.996	-0.125788541	-0.126067972	-0.000279431	-0.1753
681	61.6565	32.1322	46.8370	5.0	4.997	-0.117910611	-0.115054063	0.002856548	1.7925
682	51.8534	28.3646	56.5701	4.0	3.997	-0.100612960	-0.101470047	-0.000857086	-0.5378
683	67.4292	29.2346	57.6719	5.0	4.998	-0.118139743	-0.116987256	0.001152487	0.7232
684	60.2752	35.9197	62.6937	4.0	3.997	-0.138685470	-0.141863724	-0.003178254	-1.9944
685	56.2665	40.7619	59.5124	4.0	4.015	-0.142472424	-0.143343771	-0.000871347	-0.5468
686	49.9896	33.4300	55.3942	4.0	3.999	-0.107159720	-0.107864536	-0.000704816	-0.4423
687	60.5221	27.3739	54.8611	3.0	3.021	-0.161604435	-0.158663635	0.002940799	1.8454
688	60.5229	29.5866	49.7463	3.0	2.996	-0.155196106	-0.149150574	0.006045531	3.7936
689	59.6661	34.4049	63.1760	4.0	3.997	-0.133402320	-0.137209374	-0.003807054	-2.3890
690	61.9221	39.3196	50.6925	5.0	4.996	-0.128920864	-0.128486423	0.000434441	0.2726
691	56.2798	27.3672	52.1944	4.0	3.996	-0.126269828	-0.124925834	0.001343994	0.8434
692	51.4477	35.9812	53.3229	4.0	3.996	-0.121988782	-0.122968810	-0.000980028	-0.6150
693	57.1142	41.1410	61.1505	5.0	4.997	-0.123394981	-0.124464977	-0.001069996	-0.6714
694	51.5201	32.2613	58.9317	4.0	3.996	-0.114237519	-0.115814338	-0.001576819	-0.9895
695	55.2054	41.0561	56.2018	4.0	3.997	-0.143624741	-0.144318754	-0.000694014	-0.4355
696	54.3277	41.0171	53.9252	5.0	4.999	-0.125903238	-0.126546851	-0.000643613	-0.4039
697	59.9990	41.7688	58.7098	4.0	3.999	-0.135120750	-0.136003226	-0.000882476	-0.5538
698	61.9016	32.5126	63.3909	5.0	5.001	-0.120193605	-0.122935862	-0.002742257	-1.7208
699	66.8488	35.4975	57.9828	5.0	4.997	-0.129003853	-0.129175624	-0.000171771	-0.1078
700	66.7201	31.9098	59.8574	5.0	4.998	-0.121992642	-0.122200815	-0.000208173	-0.1306
701	64.4051	32.5541	48.6595	4.0	3.996	-0.131740955	-0.127953078	0.003787877	2.3769
702	65.9602	33.7835	48.8656	5.0	4.997	-0.118422229	-0.115829385	0.002592844	1.6270
703	61.8071	27.0219	49.2851	5.0	4.997	-0.117259484	-0.113802700	0.003456785	2.1692
704	64.0905	27.6810	58.5471	4.0	3.995	-0.131992387	-0.131551006	0.000441382	0.2770
705	64.8738	35.2221	53.9854	3.0	2.997	-0.175674262	-0.173903334	0.001770928	1.1113
706	59.2988	26.9684	56.9562	3.0	2.996	-0.139536527	-0.139510528	0.000025999	0.0163
707	62.6964	42.0173	57.4172	5.0	4.997	-0.120721785	-0.121463324	-0.000741539	-0.4653
708	54.3153	26.7465	51.5942	5.0	4.998	-0.104437828	-0.103927248	0.000510580	0.3204
709	63.9293	38.7931	52.3938	5.0	4.999	-0.135085296	-0.134683538	0.000401758	0.2521
710	67.1977	35.0201	57.1680	5.0	4.997	-0.130249366	-0.129911159	0.000338207	0.2122
711	59.1150	25.1157	57.8919	5.0	4.998	-0.110643847	-0.110829241	-0.000185394	-0.1163
712	50.9113	35.1325	59.6223	5.0	4.998	-0.113791759	-0.115263835	-0.001472076	-0.9237
713	61.8355	26.2803	56.5720	4.0	3.999	-0.134426774	-0.133175607	0.001251168	0.7851
714	66.0608	29.1340	52.2733	4.0	3.996	-0.137766316	-0.133252321	0.004513995	2.8326
715	58.2506	31.2875	61.6934	3.0	2.998	-0.142584396	-0.149009044	-0.006424647	-4.0315
716	64.0201	26.3370	58.4973	5.0	4.996	-0.116645234	-0.116144360	0.000500874	0.3143
717	62.6326	30.0438	47.2680	5.0	4.997	-0.115522197	-0.112195760	0.003326437	2.0874
718	60.9369	39.9477	51.1731	5.0	5.020	-0.131306501	-0.131149990	0.000156510	0.0982
719	68.2984	31.7935	55.3445	5.0	4.997	-0.123725341	-0.121856061	0.001869281	1.1730
720	54.4420	38.0094	62.6710	5.0	4.997	-0.118315698	-0.120069825	-0.001754127	-1.1007
721	50.9873	29.3609	56.6904	4.0	3.996	-0.099350577	-0.100129536	-0.000778959	-0.4888
722	62.8376	37.0897	48.8175	5.0	4.998	-0.123658329	-0.122315278	0.001343051	0.8428
723	64.8253	27.4022	59.4024	5.0	4.998	-0.116774090	-0.116598983	0.000175106	0.1099
724	56.9010	35.6105	63.9451	5.0	4.996	-0.120127553	-0.122997969	-0.002870417	-1.8012
725	63.9454	39.3502	56.9351	4.0	3.998	-0.141469172	-0.142555247	-0.001086075	-0.6815
726	64.1085	27.6695	60.1432	5.0	4.996	-0.117563944	-0.117914245	-0.000350301	-0.2198
727	67.3276	35.1228	53.2565	5.0	4.998	-0.129452217	-0.127779385	0.001672832	1.0497
728	61.6326	33.1924	47.9447	4.0	3.997	-0.134776265	-0.131496842	0.003279422	2.0579
729	55.7037	38.6020	50.4692	4.0	3.995	-0.127702205	-0.127821522	-0.000119317	-0.0749
730	67.0277	33.9929	50.3838	5.0	4.997	-0.120788902	-0.118353273	0.002435629	1.5284
731	63.2195	38.2601	58.6225	3.0	2.995	-0.154960135	-0.157268223	-0.002308087	-1.4483
732	54.2053	34.2699	50.2131	3.0	2.994	-0.132641125	-0.132318400	0.000322726	0.2025
733	54.7888	35.6039	63.1906	5.0	4.997	-0.120299890	-0.122961036	-0.002661147	-1.6699
734	58.0005	29.8170	48.3596	5.0	5.015	-0.125162119	-0.122353713	0.002808406	1.7623
735	53.5475	40.2688	53.5237	5.0	4.996	-0.124167698	-0.124857195	-0.000689497	-0.4327
736	51.5942	34.4761	55.8533	3.0	2.996	-0.130991232	-0.132017053	-0.001025821	-0.6437
737	60.7493	27.9231	60.2510	4.0	3.996	-0.128843504	-0.130822017	-0.001978512	-1.2415
738	68.1102	32.9552	54.5996	5.0	4.997	-0.127139757	-0.125190187	0.001949570	1.2234
739	56.1866	41.6256	57.2392	4.0	3.997	-0.140910003	-0.141534758	-0.000624755	-0.3920
740	59.2640	33.1873	63.2839	4.0	3.997	-0.129709337	-0.133860904	-0.004151567	-2.6051
741	58.9373	35.6201	49.3601	3.0	2.995	-0.146362801	-0.144734966	0.001627835	1.0215
742	51.7724	30.3264	53.1850	3.0	2.994	-0.111202488	-0.111861086	-0.000658598	-0.4133
743	61.1019	28.4037	50.8084	3.0	2.994	-0.155705058	-0.149438897	0.006266161	3.9321
744	58.4507	35.4730	47.2090	5.0	5.000	-0.116715817	-0.115339760	0.001376058	0.8635
745	52.8771	28.7337	54.1278	3.0	2.996	-0.112518655	-0.113343931	-0.000825276	-0.5179
746	56.8119	27.6793	61.4869	5.0	4.997	-0.107789943	-0.110100623	-0.002310680	-1.4500
747	63.8114	37.2982	62.0368	5.0	4.998	-0.120421439	-0.122153187	-0.001731748	-1.0867
748	53.3805	28.8702	60.9689	5.0	4.996	-0.101851650	-0.103846522	-0.001994872	-1.2518
749	57.4058	26.7945	53.2540	4.0	3.997	-0.130375645	-0.128803935	0.001571710	0.9863
750	55.7442	39.9990	60.4762	4.0	3.997	-0.138968213	-0.140111427	-0.001143213	-0.7174
751	63.5823	31.5671	62.4919	5.0	4.997	-0.120161769	-0.122136045	-0.001974277	-1.2389
752	64.0922	40.5334	57.7653	5.0	4.999	-0.124572153	-0.125476359	-0.000904206	-0.5674
753	61.4233	34.5748	63.7751	5.0	4.997	-0.119937973	-0.122573713	-0.002635740	-1.6540
754	65.4613	34.8576	48.9328	5.0	4.997	-0.120264293	-0.118004513	0.002259781	1.4180
755	58.2364	41.1146	59.9913	4.0	3.997	-0.137929769	-0.138912458	-0.000982689	-0.6166
756	61.9798	36.9635	63.1011	5.0	4.997	-0.121702922	-0.123814579	-0.002111657	-1.3251
757	58.6407	35.5468	64.1180	5.0	4.998	-0.120264177	-0.123109486	-0.002845310	-1.7855
758	64.2047	36.8292	54.8715	3.0	3.003	-0.168439788	-0.168295298	0.000144490	0.0907
759	65.1503	33.2068	61.5936	5.0	4.997	-0.122071825	-0.123483050	-0.001411226	-0.8856
760	62.8928	32.5798	63.0812	5.0	4.997	-0.119766423	-0.122114515	-0.002348092	-1.4734
761	57.0737	32.9861	48.1149	4.0	3.997	-0.127590894	-0.125602916	0.001987978	1.2475
762	63.2337	36.5056	50.2906	4.0	4.014	-0.143702271	-0.142141903	0.001560368	0.9791
763	52.5439	28.0023	53.2769	4.0	3.999	-0.104581913	-0.104972824	-0.000390911	-0.2453
764	55.0764	28.3081	61.5980	5.0	4.997	-0.104250875	-0.106542629	-0.002291754	-1.4381
765	63.6814	40.1951	59.4370	5.0	5.016	-0.123679808	-0.124884316	-0.001204507	-0.7558
766	57.0036	37.3758	63.3445	5.0	4.998	-0.124828304	-0.127164933	-0.002336629	-1.4663
767	51.2079	28.7352	55.6377	4.0	3.995	-0.098843719	-0.099504068	-0.000660349	-0.4144
768	59.7763	40.1642	59.4518	3.0	2.994	-0.158438878	-0.159692817	-0.001253940	-0.7869
769	57.4791	34.9711	62.1292	3.0	2.996	-0.153373002	-0.158589945	-0.005216943	-3.2737
770	58.2399	38.8729	61.7125	4.0	3.999	-0.142942004	-0.144819216	-0.001877212	-1.1780
771	57.8288	33.4156	62.3580	3.0	2.997	-0.145213245	-0.151169468	-0.005956224	-3.7376
772	62.8514	25.7442	52.8329	5.0	4.997	-0.122812063	-0.119797065	0.003014998	1.8919
773	65.6618	28.6008	49.7168	5.0	4.998	-0.116207199	-0.112644161	0.003563038	2.2358
774	65.6451	33.0087	51.7014	3.0	2.995	-0.159463412	-0.154857805	0.004605606	2.8901
775	49.5401	33.8333	57.4506	5.0	4.997	-0.102784528	-0.103706808	-0.000922280	-0.5787
776	66.1085	27.1519	53.7910	5.0	4.997	-0.121404883	-0.118505991	0.002898892	1.8191
777	66.8409	32.8205	51.9939	4.0	3.998	-0.139010466	-0.135590624	0.003419842	2.1460
778	52.6030	30.0253	59.1774	4.0	4.016	-0.110261830	-0.112101210	-0.001839380	-1.1542
779	49.1655	33.8419	53.8571	5.0	4.997	-0.098347763	-0.098941847	-0.000594084	-0.3728
780	62.3307	38.4407	59.2912	3.0	2.996	-0.159260633	-0.161776271	-0.002515637	-1.5786
781	50.3592	32.7023	50.5243	5.0	4.997	-0.097277129	-0.097535273	-0.000258145	-0.1620
782	54.2046	34.5885	47.7385	5.0	4.997	-0.106702056	-0.106091449	0.000610608	0.3832
783	60.6398	36.8181	62.3352	4.0	3.998	-0.140027799	-0.142784642	-0.002756843	-1.7299
784	53.8894	29.4486	48.8778	5.0	4.996	-0.104709708	-0.103936264	0.000773445	0.4853
785	53.8555	39.6475	61.3839	5.0	4.997	-0.117533156	-0.118750956	-0.001217800	-0.7642
786	59.4382	36.0032	61.6003	3.0	3.002	-0.163678927	-0.167715938	-0.004037011	-2.5333
787	60.5117	26.4522	53.7599	4.0	3.996	-0.140360551	-0.137407814	0.002952737	1.8529
788	56.8061	35.3717	49.1321	3.0	2.995	-0.135199953	-0.133904878	0.001295075	0.8127
789	50.2661	33.6936	56.5147	4.0	3.997	-0.110842887	-0.111693002	-0.000850115	-0.5335
790	54.2359	38.3817	51.5903	4.0	3.995	-0.130242073	-0.130782175	-0.000540102	-0.3389
791	53.3268	38.4063	53.5957	4.0	3.996	-0.139243368	-0.140291332	-0.001047964	-0.6576
792	62.7924	30.2144	49.4477	3.0	2.996	-0.151162074	-0.144818779	0.006343295	3.9805
793	54.5460	40.8643	57.1263	4.0	3.996	-0.139379443	-0.140117649	-0.000738206	-0.4632
794	53.7802	36.7389	50.1184	4.0	3.997	-0.120386133	-0.120469417	-0.000083284	-0.0523
795	55.9638	26.0798	56.3001	4.0	3.997	-0.112100002	-0.112516992	-0.000416990	-0.2617
796	50.0266	31.1938	51.3190	5.0	4.996	-0.094605664	-0.094890064	-0.000284401	-0.1785
797	61.4437	31.4471	62.1132	4.0	3.995	-0.134655699	-0.138322256	-0.003666558	-2.3008
798	65.5239	35.7665	60.9537	5.0	5.000	-0.121479875	-0.122799844	-0.001319969	-0.8283
799	57.5725	42.0434	57.8451	4.0	3.998	-0.137329195	-0.137969522	-0.000640327	-0.4018
800	59.1867	28.6445	51.6602	3.0	2.996	-0.164511731	-0.159122010	0.005389721	3.3821
801	61.6709	39.2598	60.6141	4.0	3.995	-0.140267905	-0.142094170	-0.001826265	-1.1460
802	61.8272	30.3001	61.3500	4.0	3.997	-0.136677185	-0.139803721	-0.003126536	-1.9619
803	52.0067	30.7987	52.3047	3.0	2.995	-0.114403769	-0.115087567	-0.000683798	-0.4291
804	63.3417	37.4880	60.9631	4.0	3.996	-0.134724313	-0.136818107	-0.002093794	-1.3139
805	61.6498	40.3728	56.3326	3.0	2.997	-0.158245677	-0.159326819	-0.001081142	-0.6784
806	60.1741	42.1583	56.2490	4.0	3.997	-0.135409197	-0.136045948	-0.000636751	-0.3996
807	58.1766	31.8889	48.4955	4.0	3.998	-0.137693565	-0.134699273	0.002994292	1.8789
808	62.3080	26.7104	57.8660	4.0	3.996	-0.132846849	-0.132393007	0.000453842	0.2848
809	52.0259	39.8293	58.8631	5.0	4.995	-0.115563249	-0.116490834	-0.000927585	-0.5821
810	61.6172	34.8355	48.3713	4.0	3.996	-0.136089347	-0.133689645	0.002399702	1.5058
811	57.5242	42.9477	58.3813	5.0	4.998	-0.120252460	-0.120903282	-0.000650822	-0.4084
812	53.0137	29.9860	50.2184	4.0	3.995	-0.109869741	-0.109662238	0.000207503	0.1302
813	65.5282	26.4637	56.5517	5.0	4.997	-0.117117837	-0.115539257	0.001578580	0.9906
814	60.0272	43.0903	57.8738	5.0	4.999	-0.118801960	-0.119460063	-0.000658104	-0.4130
815	64.7760	35.2672	50.1941	4.0	3.996	-0.138973250	-0.136571709	0.002401541	1.5070
816	62.0618	38.7124	62.0368	5.0	4.997	-0.124932894	-0.126710681	-0.001777786	-1.1156
817	65.1564	35.9443	51.6081	4.0	3.996	-0.144054074	-0.142225761	0.001828312	1.1473
818	54.5394	36.3288	62.0008	4.0	3.997	-0.134168926	-0.136785518	-0.002616592	-1.6419
819	67.0391	32.5826	53.3121	4.0	3.999	-0.143718640	-0.140446279	0.003272361	2.0534
820	52.6114	35.9256	54.9226	3.0	3.015	-0.150055214	-0.151722537	-0.001667323	-1.0463
821	51.0851	27.4723	55.7470	5.0	4.998	-0.092245254	-0.092825851	-0.000580597	-0.3643
822	53.5301	29.7126	58.2768	3.0	2.995	-0.117920130	-0.119864466	-0.001944337	-1.2201
823	61.2827	37.8159	61.6029	4.0	3.996	-0.142118269	-0.144484880	-0.002366611	-1.4851
824	55.4653	32.5222	62.4548	4.0	3.997	-0.126850206	-0.131158181	-0.004307975	-2.7033
825	61.5882	36.7482	47.9366	5.0	4.998	-0.119934614	-0.118558737	0.001375877	0.8634
826	54.5525	28.2163	51.0906	4.0	3.996	-0.115942006	-0.115276896	0.000665111	0.4174
827	60.7363	26.4215	58.1272	4.0	3.997	-0.127971101	-0.128153009	-0.000181908	-0.1141
828	54.4414	34.2950	63.0877	5.0	4.997	-0.118243848	-0.121193961	-0.002950113	-1.8512
829	58.6979	36.9301	62.4521	4.0	3.998	-0.143530662	-0.146507361	-0.002976699	-1.8679
830	57.2069	25.9120	59.4496	5.0	4.997	-0.106144383	-0.107326037	-0.001181654	-0.7415
831	66.2656	31.5039	56.0710	3.0	2.996	-0.161144391	-0.158332773	0.002811619	1.7643
832	50.3427	33.5379	58.9225	5.0	4.996	-0.107048475	-0.108317926	-0.001269451	-0.7966
833	61.5000	30.0456	62.4983	5.0	4.997	-0.121224500	-0.123921333	-0.002696833	-1.6923
834	61.2255	34.9374	49.3367	3.0	2.999	-0.153053171	-0.150611030	0.002442141	1.5325
835	60.5346	35.2737	63.8399	5.0	5.003	-0.121672138	-0.124406231	-0.002734094	-1.7157
836	54.6085	37.4818	61.7837	4.0	3.997	-0.133873305	-0.135928302	-0.002054997	-1.2895
837	57.0463	24.9989	56.6173	5.0	5.000	-0.106528313	-0.106638017	-0.000109704	-0.0688
838	55.4793	25.5565	54.0591	5.0	4.997	-0.106059832	-0.105779214	0.000280618	0.1761
839	60.1956	39.2785	52.9869	3.0	2.995	-0.167116827	-0.167527452	-0.000410625	-0.2577
840	64.5349	34.8147	51.3227	3.0	2.999	-0.161697907	-0.158744507	0.002953400	1.8533
841	50.6585	37.5994	58.1183	5.0	4.999	-0.113713784	-0.114760202	-0.001046418	-0.6566
842	53.5894	30.9933	49.4573	4.0	3.997	-0.113755487	-0.113245529	0.000509958	0.3200
843	65.0542	26.0654	55.4998	5.0	4.996	-0.118229928	-0.116229429	0.002000498	1.2553
844	63.5893	36.1349	48.6541	5.0	4.999	-0.124119950	-0.122346980	0.001772970	1.1126
845	57.6937	28.3362	61.8970	5.0	4.998	-0.112715643	-0.115503913	-0.002788269	-1.7497
846	53.7128	27.1655	56.8796	4.0	3.998	-0.105562838	-0.106551160	-0.000988322	-0.6202
847	63.9489	37.8035	57.9497	3.0	2.995	-0.153540495	-0.155477777	-0.001937282	-1.2157
848	51.4885	34.0111	53.3258	3.0	2.999	-0.122594561	-0.123637470	-0.001042909	-0.6544
849	54.4403	27.2152	53.2122	4.0	3.996	-0.113428971	-0.113403076	0.000025895	0.0162
850	65.0000	30.4522	59.8979	4.0	3.998	-0.135406395	-0.135993908	-0.000587512	-0.3687
851	49.3064	32.6181	52.6811	5.0	4.998	-0.095530321	-0.095993621	-0.000463300	-0.2907
852	64.7976	36.1256	61.6718	5.0	5.000	-0.120369596	-0.121954008	-0.001584412	-0.9942
853	53.5098	33.9586	60.9799	4.0	3.996	-0.133750349	-0.137013783	-0.003263433	-2.0478
854	54.4356	29.6717	60.8110	4.0	3.996	-0.114569888	-0.117494325	-0.002924437	-1.8351
855	65.2146	27.6624	50.3128	5.0	4.998	-0.117021602	-0.113440140	0.003581462	2.2474
856	51.2382	28.5547	51.6616	5.0	4.996	-0.094975530	-0.095115136	-0.000139606	-0.0876
857	50.7302	31.4927	50.1840	5.0	4.997	-0.096465717	-0.096599480	-0.000133764	-0.0839
858	64.7042	32.1433	47.6553	5.0	4.997	-0.115897644	-0.112875551	0.003022093	1.8964
859	51.2401	30.6956	56.0585	3.0	2.997	-0.107734864	-0.108272922	-0.000538058	-0.3376
860	62.5751	37.6870	53.4532	3.0	2.994	-0.173775817	-0.173652229	0.000123588	0.0776
861	58.2525	41.5982	60.9734	5.0	4.997	-0.121426999	-0.122444846	-0.001017847	-0.6387
862	48.8682	32.4158	54.4175	5.0	4.997	-0.094202801	-0.094740583	-0.000537781	-0.3375
863	52.6360	38.1430	54.2725	4.0	3.996	-0.136133580	-0.137224698	-0.001091118	-0.6847
864	61.5998	28.1445	61.3838	5.0	4.997	-0.118918704	-0.120716411	-0.001797707	-1.1281
865	52.2248	26.8145	53.8734	5.0	4.999	-0.095789908	-0.096080216	-0.000290308	-0.1822
866	65.4897	34.3225	55.6038	3.0	2.997	-0.173300104	-0.171597282	0.001702822	1.0685
867	56.3787	37.9123	48.2027	5.0	4.999	-0.111772412	-0.111320690	0.000451722	0.2835
868	55.5542	28.0101	49.6311	5.0	4.999	-0.111660847	-0.110292288	0.001368559	0.8588
869	56.2038	28.0324	60.4023	4.0	3.997	-0.114674314	-0.117227796	-0.002553482	-1.6023
870	59.0535	39.3585	52.8119	3.0	2.995	-0.166988334	-0.167512737	-0.000524403	-0.3291
871	52.9666	35.0636	59.1917	3.0	2.994	-0.149892848	-0.152256634	-0.002363786	-1.4833
872	55.5928	39.4407	52.6026	4.0	3.997	-0.144777726	-0.145515087	-0.000737361	-0.4627
873	52.8248	27.0448	58.2858	5.0	4.997	-0.096821877	-0.097889546	-0.001067669	-0.6700
874	59.2246	40.4584	51.1466	5.0	4.996	-0.128885534	-0.128927593	-0.000042058	-0.0264
875	58.8542	37.7854	63.2551	5.0	4.998	-0.126095321	-0.128315977	-0.002220656	-1.3935
876	55.1296	37.1988	48.1144	5.0	4.996	-0.108747933	-0.108349469	0.000398464	0.2500
877	64.7231	34.0887	49.3070	4.0	3.996	-0.134720331	-0.131630639	0.003089692	1.9388
878	67.5399	34.5594	54.0871	5.0	4.998	-0.131205439	-0.129519024	0.001686414	1.0582
879	55.9808	36.2040	63.4686	5.0	5.006	-0.122638563	-0.125316616	-0.002678053	-1.6805
880	60.2586	25.3222	58.3804	5.0	4.998	-0.112621014	-0.112796636	-0.000175621	-0.1102
881	63.3147	38.3918	50.6058	5.0	4.998	-0.129033979	-0.128252136	0.000781843	0.4906
882	61.1625	25.6817	58.7503	5.0	4.998	-0.115018759	-0.115209448	-0.000190689	-0.1197
883	50.6335	28.6785	57.6715	5.0	4.996	-0.093032690	-0.093895966	-0.000863276	-0.5417
884	52.3359	38.0956	51.9978	5.0	4.996	-0.117040348	-0.117654617	-0.000614269	-0.3855
885	60.8293	41.1726	52.1004	5.0	4.998	-0.126359677	-0.126465792	-0.000106114	-0.0666
886	65.8020	29.6082	50.8947	4.0	3.997	-0.133758664	-0.129148456	0.004610208	2.8929
887	56.3415	38.7410	53.2400	3.0	3.057	-0.172371517	-0.173567850	-0.001196333	-0.7507
888	57.6190	28.3843	51.0304	4.0	3.997	-0.141172028	-0.138070029	0.003101999	1.9465
889	58.4696	28.3026	52.7661	3.0	2.997	-0.162464375	-0.158508133	0.003956243	2.4826
890	58.9630	28.3084	50.2916	4.0	3.997	-0.140018647	-0.136026088	0.003992558	2.5054
891	57.6445	38.0902	49.5176	4.0	3.996	-0.128846761	-0.128424016	0.000422745	0.2653
892	52.1442	34.2191	57.3730	3.0	2.993	-0.138745353	-0.140109202	-0.001363849	-0.8558
893	60.0466	34.6263	48.9884	3.0	2.999	-0.148741356	-0.146330283	0.002411073	1.5130
894	56.3413	33.9227	49.0603	3.0	2.995	-0.135850387	-0.134153176	0.001697211	1.0650
895	55.3212	37.2706	61.0177	3.0	2.996	-0.156530826	-0.158894438	-0.002363612	-1.4832
896	50.5671	29.6103	54.5139	4.0	3.997	-0.098377016	-0.098893681	-0.000516665	-0.3242
897	53.6617	38.9096	50.8316	5.0	4.997	-0.115413760	-0.115750396	-0.000336636	-0.2112
898	62.3936	31.1848	46.9574	5.0	4.997	-0.116255447	-0.113144136	0.003111311	1.9524
899	58.8809	42.2451	52.9480	5.0	4.997	-0.122996551	-0.123318219	-0.000321668	-0.2018
900	55.9140	41.3425	55.3312	4.0	3.996	-0.142425039	-0.143069949	-0.000644911	-0.4047
901	52.7375	36.8104	51.9674	4.0	3.995	-0.126624173	-0.127372708	-0.000748535	-0.4697
902	62.2826	34.1582	49.3994	3.0	2.995	-0.157057797	-0.153554918	0.003502879	2.1981
903	50.9930	31.1038	54.7943	3.0	2.997	-0.108124974	-0.108587627	-0.000462653	-0.2903
904	51.4099	38.5985	54.6808	5.0	4.996	-0.118130531	-0.118981358	-0.000850827	-0.5339
905	62.9957	32.5946	48.0529	4.0	3.998	-0.132095324	-0.128415564	0.003679760	2.3091
906	58.7449	42.0303	54.7712	4.0	3.997	-0.137327022	-0.137844741	-0.000517719	-0.3249
907	65.0886	37.0698	50.9071	5.0	4.998	-0.128921259	-0.127623477	0.001297782	0.8144
908	61.5767	39.5456	58.9044	3.0	2.995	-0.159235501	-0.161062374	-0.001826873	-1.1464
909	65.8651	32.0449	60.6815	5.0	4.995	-0.123527968	-0.124314982	-0.000787015	-0.4939
910	67.0864	32.8810	56.5673	4.0	3.998	-0.141348867	-0.139916800	0.001432066	0.8986
911	56.5463	38.2595	63.0577	5.0	4.997	-0.123226589	-0.125172068	-0.001945480	-1.2208
912	67.7328	30.4603	52.1526	5.0	4.998	-0.121504864	-0.118422654	0.003082210	1.9341
913	55.5919	41.8243	53.9211	5.0	4.999	-0.125261484	-0.125801230	-0.000539745	-0.3387
914	62.8163	29.1737	59.1946	3.0	2.995	-0.154111510	-0.155328853	-0.001217343	-0.7639
915	65.8152	30.6108	53.6923	3.0	3.021	-0.168811055	-0.163118305	0.005692750	3.5723
916	56.9128	41.2693	52.2151	5.0	4.996	-0.126312084	-0.126685109	-0.000373026	-0.2341
917	55.6698	26.3543	54.7674	4.0	3.996	-0.114838397	-0.114826155	0.000012243	0.0077
918	55.2828	32.1491	60.9015	3.0	2.995	-0.143353471	-0.149178803	-0.005825332	-3.6555
919	56.1272	40.4059	55.9985	3.0	2.999	-0.168524024	-0.169214060	-0.000690036	-0.4330
920	54.6640	38.8050	54.3615	3.0	2.997	-0.164762282	-0.166086624	-0.001324342	-0.8310
921	63.2425	38.4352	53.1419	4.0	3.995	-0.151869499	-0.151694716	0.000174783	0.1097
922	57.2618	36.3212	48.3918	4.0	3.996	-0.123924001	-0.122940122	0.000983879	0.6174
923	59.0832	25.9112	59.7387	5.0	4.997	-0.109885921	-0.110931282	-0.001045361	-0.6560
924	58.4039	39.3803	51.5803	4.0	4.009	-0.146269180	-0.146463711	-0.000194531	-0.1221
925	52.3920	38.4821	60.9772	5.0	4.996	-0.114993366	-0.116280156	-0.001286790	-0.8075
926	66.2053	32.2723	48.8027	5.0	4.998	-0.116739690	-0.113751018	0.002988673	1.8754
927	50.8039	35.2340	54.7603	4.0	3.999	-0.119018213	-0.119983331	-0.000965118	-0.6056
928	49.4493	33.6926	52.6550	5.0	4.998	-0.098151447	-0.098673519	-0.000522072	-0.3276
929	66.8311	28.6521	51.7515	5.0	4.998	-0.119889764	-0.116503805	0.003385959	2.1247
930	61.0106	31.2610	47.9268	4.0	3.997	-0.133431110	-0.129493099	0.003938011	2.4711
931	67.1627	30.7279	54.7753	4.0	3.999	-0.140294775	-0.137231046	0.003063729	1.9225
932	50.7562	29.3018	58.5222	5.0	4.997	-0.095059592	-0.096110267	-0.001050674	-0.6593
933	66.4280	30.4539	51.3981	4.0	3.997	-0.135497985	-0.131145417	0.004352568	2.7313
934	58.6831	24.9688	56.5141	5.0	4.997	-0.112067183	-0.111776672	0.000290511	0.1823
935	50.1206	28.7659	53.4922	5.0	4.997	-0.091362857	-0.091731112	-0.000368255	-0.2311
936	54.0087	37.3024	60.2177	3.0	2.999	-0.152264389	-0.154098366	-0.001833977	-1.1508
937	57.5236	27.4740	54.2401	3.0	2.997	-0.143450938	-0.142150083	0.001300854	0.8163
938	55.5419	25.4348	58.0510	5.0	4.998	-0.100572329	-0.101338356	-0.000766027	-0.4807
939	63.2996	38.5331	60.1832	4.0	3.999	-0.136085519	-0.137960438	-0.001874919	-1.1765
940	64.2152	26.0416	53.4156	5.0	4.997	-0.122257918	-0.119311517	0.002946401	1.8489
941	64.1380	25.6575	56.1692	5.0	4.997	-0.117680704	-0.116092373	0.001588331	0.9967
942	64.5546	29.2075	49.7522	4.0	3.998	-0.131238981	-0.126497876	0.004741105	2.9751
943	64.7715	30.1903	50.8459	3.0	2.996	-0.154142371	-0.147663383	0.006478988	4.0656
944	60.5781	38.8311	62.5221	5.0	4.999	-0.125836990	-0.127665292	-0.001828302	-1.1473
945	58.7247	37.5195	49.2901	4.0	3.995	-0.132420103	-0.131656816	0.000763287	0.4790
946	53.2312	37.7428	52.5216	4.0	3.995	-0.132812194	-0.133679802	-0.000867608	-0.5444
947	54.0684	37.1313	52.4248	3.0	2.997	-0.146036436	-0.147031511	-0.000995074	-0.6244
948	52.9130	40.1784	59.8921	5.0	4.997	-0.116584570	-0.117561320	-0.000976751	-0.6129
949	65.9338	31.1999	52.8374	3.0	2.995	-0.163869121	-0.158209708	0.005659413	3.5513
950	60.3238	38.3592	48.8035	5.0	4.999	-0.121391508	-0.120639045	0.000752463	0.4722
951	66.5056	30.3369	59.8624	5.0	4.997	-0.119341360	-0.119356697	-0.000015338	-0.0096
952	64.8667	34.9543	57.6530	3.0	2.996	-0.165865918	-0.166700216	-0.000834298	-0.5235
953	52.4788	36.6622	56.1648	3.0	2.996	-0.151141372	-0.152594170	-0.001452798	-0.9116
954	63.9615	34.6712	61.4018	4.0	3.998	-0.134039780	-0.136244014	-0.002204233	-1.3832
955	52.4040	38.3631	59.1125	4.0	3.995	-0.129965607	-0.131149711	-0.001184104	-0.7430
956	65.4786	27.1363	51.8414	5.0	4.999	-0.119834601	-0.116396014	0.003438587	2.1577
957	63.4044	34.0233	49.7100	3.0	2.998	-0.155751890	-0.151937368	0.003814522	2.3936
958	61.9170	37.6095	60.3334	3.0	2.996	-0.158106378	-0.160941362	-0.002834984	-1.7790
959	50.1006	35.2929	52.2839	5.0	4.997	-0.103341051	-0.103925189	-0.000584138	-0.3666
960	62.5796	34.4375	61.2030	3.0	2.994	-0.150309846	-0.153657155	-0.003347309	-2.1005
961	55.6289	27.3114	57.1444	3.0	2.995	-0.119236599	-0.120453440	-0.001216841	-0.7636
962	52.6483	40.7342	58.0186	5.0	4.995	-0.117504882	-0.118311620	-0.000806738	-0.5062
963	57.9093	25.6406	53.4474	5.0	4.998	-0.118288548	-0.116912248	0.001376300	0.8636
964	63.8408	27.5804	51.1936	4.0	3.997	-0.134273235	-0.129563059	0.004710176	2.9557
965	50.7867	36.1990	59.3993	5.0	4.997	-0.113415632	-0.114724625	-0.001308993	-0.8214
966	52.3623	31.2903	51.4947	3.0	2.997	-0.117499311	-0.118077323	-0.000578012	-0.3627
967	57.2752	35.7518	62.8925	4.0	3.997	-0.137374425	-0.140967133	-0.003592708	-2.2545
968	59.2648	34.6805	46.9782	5.0	4.997	-0.117551203	-0.115821323	0.001729880	1.0855
969	58.2415	27.0816	56.3867	3.0	2.998	-0.137973938	-0.137966043	0.000007895	0.0050
970	65.9003	33.2574	53.6242	3.0	2.997	-0.170235638	-0.166334113	0.003901525	2.4482
971	59.0035	26.7232	50.6990	5.0	4.996	-0.123556466	-0.120678597	0.002877869	1.8059
972	56.0357	26.9814	53.2118	4.0	4.033	-0.123192827	-0.122435524	0.000757304	0.4752
973	58.3130	32.3499	62.1832	3.0	2.995	-0.143264159	-0.149509649	-0.006245490	-3.9191
974	55.2529	26.4492	51.8661	5.0	4.998	-0.108568272	-0.107792708	0.000775564	0.4867
975	52.3983	31.7553	60.8900	5.0	4.996	-0.111158778	-0.113461791	-0.002303013	-1.4452
976	52.9063	27.4699	55.3863	4.0	3.998	-0.104014406	-0.104724488	-0.000710082	-0.4456
977	62.9480	26.3149	55.7817	4.0	3.997	-0.134521581	-0.132449196	0.002072385	1.3004
978	60.1673	41.7726	54.5062	4.0	3.997	-0.137235521	-0.137740012	-0.000504492	-0.3166
979	62.9196	29.2776	48.8212	4.0	3.997	-0.130607301	-0.125956546	0.004650754	2.9184
980	52.8403	34.3550	58.4860	3.0	2.997	-0.149431523	-0.151665885	-0.002234362	-1.4021
981	54.5876	33.4416	61.9417	4.0	3.997	-0.131236674	-0.135228397	-0.003991723	-2.5048
982	50.0459	32.4580	53.5745	4.0	3.997	-0.103319407	-0.103891092	-0.000571685	-0.3587
983	62.5727	25.7237	58.0386	5.0	4.997	-0.117490087	-0.117032730	0.000457357	0.2870
984	56.2051	40.1326	58.3449	3.0	3.012	-0.168286225	-0.168914613	-0.000628388	-0.3943
985	61.9560	39.7124	54.9391	3.0	2.995	-0.162672236	-0.163505927	-0.000833692	-0.5231
986	64.7281	26.1759	57.3491	5.0	4.996	-0.116670610	-0.115535094	0.001135515	0.7125
987	62.6071	32.8065	61.0199	3.0	2.996	-0.151486556	-0.155036986	-0.003550430	-2.2279
988	51.7333	29.2043	52.3346	4.0	3.997	-0.103439064	-0.103799350	-0.000360286	-0.2261
989	65.8582	26.9551	57.3668	5.0	4.996	-0.116708688	-0.115457492	0.001251196	0.7851
990	58.9853	38.9262	49.2391	5.0	4.995	-0.122240853	-0.121791316	0.000449536	0.2821
991	61.8775	27.8145	51.9893	3.0	2.996	-0.158362583	-0.152237524	0.006125059	3.8435
992	55.4134	37.0127	62.2108	4.0	3.997	-0.136246593	-0.138752713	-0.002506120	-1.5726
993	62.6567	40.2552	58.6079	4.0	3.996	-0.138302642	-0.139652275	-0.001349633	-0.8469
994	67.2763	30.4176	58.8336	5.0	4.998	-0.119175934	-0.118645381	0.000530554	0.3329
995	55.9528	26.7363	58.7047	4.0	3.997	-0.110704695	-0.112115580	-0.001410885	-0.8853
996	57.7848	36.2342	61.6160	3.0	3.027	-0.164578314	-0.168766179	-0.004187866	-2.6279
997	52.0370	37.2937	54.7114	4.0	3.997	-0.133961257	-0.135129067	-0.001167811	-0.7328
998	59.5387	26.5195	58.7992	4.0	3.997	-0.122818226	-0.123750987	-0.000932760	-0.5853
999	49.8709	29.2402	56.8181	5.0	4.998	-0.091480538	-0.092177973	-0.000697435	-0.4376
1000	58.7821	27.7376	58.8088	3.0	2.997	-0.135263822	-0.137302725	-0.002038904	-1.2794
1001	59.4548	36.9772	50.2146	3.0	2.996	-0.150582398	-0.149659690	0.000922708	0.5790
1002	56.6291	39.8756	52.5421	4.0	3.994	-0.146427996	-0.147039083	-0.000611087	-0.3835
1003	65.4772	37.6652	53.2393	5.0	4.998	-0.134728486	-0.134060914	0.000667572	0.4189
1004	52.1173	37.1095	61.3185	5.0	4.996	-0.114616157	-0.116159128	-0.001542971	-0.9682
1005	65.0695	37.8443	55.7081	4.0	3.998	-0.143791145	-0.144095671	-0.000304526	-0.1911
1006	64.8304	31.9652	60.2114	4.0	4.000	-0.139787699	-0.141019796	-0.001232097	-0.7732
1007	51.6132	31.2560	57.3381	3.0	2.996	-0.112634653	-0.113487307	-0.000852654	-0.5350
1008	52.4640	31.4167	48.7605	5.0	4.997	-0.101214654	-0.100897872	0.000316782	0.1988
1009	50.4655	34.5232	55.9387	4.0	3.996	-0.115241256	-0.116144075	-0.000902818	-0.5665
1010	54.7775	37.1616	49.5964	4.0	3.997	-0.120796617	-0.120645100	0.000151517	0.0951
1011	59.6354	41.2532	56.3364	3.0	2.997	-0.157201241	-0.157909573	-0.000708332	-0.4445
1012	54.4873	28.8958	58.7821	3.0	2.995	-0.118342432	-0.120613463	-0.002271031	-1.4251
1013	64.3139	37.4414	57.0132	3.0	2.994	-0.156507996	-0.157864551	-0.001356555	-0.8513
1014	68.1689	32.0878	56.7997	5.0	4.998	-0.122696780	-0.121472733	0.001224047	0.7681
1015	54.8789	26.6222	59.8568	5.0	4.997	-0.100265519	-0.101707193	-0.001441674	-0.9047
1016	50.2902	36.0263	56.5562	5.0	5.047	-0.114107524	-0.115101599	-0.000994075	-0.6238
1017	53.6922	25.9069	56.0393	5.0	4.999	-0.098303910	-0.098812638	-0.000508728	-0.3192
1018	55.8426	33.1179	48.2631	4.0	3.999	-0.122558081	-0.121112874	0.001445207	0.9069
1019	59.2601	41.3636	61.2253	5.0	4.995	-0.121126403	-0.122237668	-0.001111264	-0.6973
1020	52.9406	30.0654	48.9500	5.0	4.997	-0.101566016	-0.101100928	0.000465088	0.2918
1021	54.7037	39.5940	55.6655	3.0	2.996	-0.163749188	-0.164744420	-0.000995232	-0.6245
1022	59.2132	35.4911	63.0153	4.0	3.997	-0.136759262	-0.140303598	-0.003544336	-2.2241
1023	53.4642	32.6537	49.2702	4.0	3.997	-0.115423517	-0.115026858	0.000396659	0.2489
1024	64.6941	32.2948	50.1280	3.0	2.994	-0.153451472	-0.148114765	0.005336707	3.3488
1025	64.7093	38.5474	56.4295	4.0	3.996	-0.140989684	-0.141746323	-0.000756639	-0.4748
1026	60.9127	40.3271	54.5547	3.0	2.998	-0.160338765	-0.161045742	-0.000706976	-0.4436
1027	51.4892	36.8637	57.8877	4.0	3.996	-0.128738625	-0.129986293	-0.001247668	-0.7829
1028	57.0913	40.9573	56.0153	3.0	2.998	-0.163030961	-0.163613330	-0.000582369	-0.3654
1029	52.1346	38.7139	56.7411	4.0	3.995	-0.131507469	-0.132515705	-0.001008237	-0.6327
1030	62.2816	32.2303	62.1562	4.0	3.997	-0.133843745	-0.136989608	-0.003145862	-1.9741
1031	56.3868	27.5884	54.1141	3.0	2.995	-0.135307594	-0.134826186	0.000481407	0.3021
1032	62.0257	36.7496	50.9972	3.0	2.995	-0.159233386	-0.158123991	0.001109394	0.6962
1033	51.8747	29.4986	49.9756	5.0	4.998	-0.097584355	-0.097459319	0.000125037	0.0785
1034	56.5615	30.8927	47.9762	5.0	5.002	-0.118800888	-0.116865609	0.001935279	1.2144
1035	58.4645	28.9274	48.5660	5.0	4.998	-0.123296178	-0.120332738	0.002963440	1.8596
1036	53.7549	30.6533	60.6784	4.0	3.997	-0.117363888	-0.120354447	-0.002990559	-1.8766
1037	61.1532	36.6316	61.1987	3.0	2.995	-0.157853260	-0.161024639	-0.003171379	-1.9901
1038	67.9796	30.0354	54.3978	5.0	4.996	-0.122747276	-0.120239232	0.002508044	1.5738
1039	68.1841	30.8947	56.4731	5.0	4.997	-0.121030963	-0.119500590	0.001530374	0.9603
1040	65.7633	31.2640	57.6637	3.0	2.996	-0.157324246	-0.156080071	0.001244176	0.7807
1041	49.9108	35.1059	57.0152	5.0	4.996	-0.109048445	-0.110016269	-0.000967825	-0.6073
1042	61.7001	31.7794	48.8524	3.0	2.995	-0.152973988	-0.147652597	0.005321390	3.3392
1043	61.0497	40.9648	53.6226	4.0	3.997	-0.140155504	-0.140545660	-0.000390156	-0.2448
1044	56.7679	26.0454	55.4344	4.0	3.998	-0.117787337	-0.117648734	0.000138603	0.0870
1045	60.9559	33.6069	61.7647	3.0	2.997	-0.152171291	-0.156869933	-0.004698642	-2.9484
1046	53.8292	40.9047	59.8107	5.0	4.997	-0.118683794	-0.119586817	-0.000903024	-0.5667
1047	61.5228	33.3811	46.9598	5.0	4.999	-0.119706291	-0.117171354	0.002534937	1.5907
1048	62.3456	35.8226	62.2507	4.0	3.998	-0.133961233	-0.136581745	-0.002620511	-1.6444
1049	66.4393	34.5834	52.7956	4.0	3.997	-0.144592944	-0.142187846	0.002405098	1.5092
1050	66.0667	35.3117	53.8945	4.0	3.998	-0.150592614	-0.148916599	0.001676015	1.0517
1051	66.8638	28.9931	58.5978	5.0	4.996	-0.117665928	-0.116940390	0.000725538	0.4553
1052	62.1973	42.0568	58.5062	5.0	4.996	-0.120082805	-0.120935915	-0.000853110	-0.5353
1053	53.1402	39.9417	57.0528	4.0	3.997	-0.134226922	-0.135098526	-0.000871604	-0.5469
1054	63.8866	30.5932	47.4640	5.0	4.997	-0.115067986	-0.111761522	0.003306464	2.0748
1055	51.5989	31.7366	49.2900	5.0	4.997	-0.098980037	-0.098908271	0.000071767	0.0450
1056	65.2134	31.9982	58.5310	3.0	2.995	-0.158875518	-0.158907096	-0.000031578	-0.0198
1057	63.1373	28.2315	49.7666	4.0	3.996	-0.131642877	-0.126872296	0.004770581	2.9936
1058	56.5404	40.0250	50.4637	5.0	4.997	-0.120909111	-0.121025691	-0.000116580	-0.0732
1059	61.0468	33.9109	49.1314	3.0	3.001	-0.156552709	-0.153169587	0.003383122	2.1229
1060	64.7896	36.2888	56.8497	3.0	2.995	-0.160861206	-0.161648683	-0.000787477	-0.4941
1061	58.6767	26.1172	52.3695	5.0	5.000	-0.124378430	-0.122117861	0.002260569	1.4185
1062	62.8962	27.3568	50.8947	4.0	3.997	-0.133912075	-0.129258760	0.004653315	2.9200
1063	55.3598	30.6954	60.4585	3.0	2.996	-0.133569321	-0.138371849	-0.004802528	-3.0136
1064	58.6862	29.8657	49.1991	4.0	3.996	-0.140686167	-0.136799222	0.003886945	2.4391
1065	53.3268	41.2200	55.8768	5.0	4.997	-0.121033690	-0.121731145	-0.000697455	-0.4377
1066	55.1444	29.5689	62.2535	5.0	4.997	-0.108448982	-0.111299383	-0.002850402	-1.7887
1067	52.0570	30.0924	50.9337	4.0	3.997	-0.105931678	-0.106082248	-0.000150570	-0.0945
1068	57.0931	25.0196	55.5842	5.0	4.997	-0.108437202	-0.108189565	0.000247637	0.1554
1069	55.8965	42.5412	55.4766	5.0	4.997	-0.123171766	-0.123717212	-0.000545446	-0.3423
1070	58.6255	37.4859	61.2558	3.0	2.995	-0.165647402	-0.168473994	-0.002826592	-1.7737
1071	56.9213	31.2830	48.8751	4.0	4.001	-0.134164344	-0.131672344	0.002492000	1.5638
1072	62.8785	34.0335	47.2715	5.0	4.998	-0.119130437	-0.116680965	0.002449472	1.5371
1073	61.6755	39.6357	61.7107	5.0	4.997	-0.123996863	-0.125556299	-0.001559436	-0.9786
1074	61.1253	33.0604	62.6622	4.0	4.001	-0.134525314	-0.138284727	-0.003759413	-2.3591
1075	52.0085	40.1988	57.4668	5.0	4.997	-0.116568623	-0.117394914	-0.000826291	-0.5185
1076	56.4303	37.6851	49.2704	4.0	3.998	-0.123880975	-0.123499481	0.000381493	0.2394
1077	62.0271	36.4435	49.2184	4.0	3.996	-0.136574871	-0.135008569	0.001566301	0.9829
1078	66.3629	30.4146	49.3061	5.0	4.998	-0.116189704	-0.112843935	0.003345769	2.0995
1079	55.4647	33.5641	49.3942	3.0	2.996	-0.134558407	-0.133206320	0.001352088	0.8484
1080	63.1815	26.5163	54.2838	4.0	3.996	-0.137974318	-0.134747614	0.003226703	2.0248
1081	62.3183	26.2468	54.9269	4.0	3.996	-0.136899767	-0.134347985	0.002551781	1.6013
1082	64.6806	29.1616	51.9931	3.0	2.994	-0.158392836	-0.151775609	0.006617227	4.1524
1083	50.1073	32.6733	56.6707	4.0	3.996	-0.105898903	-0.106669010	-0.000770107	-0.4832
1084	61.5418	40.5296	61.1885	5.0	4.997	-0.122108258	-0.123433497	-0.001325240	-0.8316
1085	62.6161	38.2318	60.8891	4.0	3.997	-0.137544699	-0.139625905	-0.002081205	-1.3060
1086	57.5523	32.6221	49.3039	3.0	2.995	-0.149256965	-0.146296407	0.002960558	1.8578
1087	54.5815	39.4979	50.7367	5.0	4.996	-0.117252129	-0.117530993	-0.000278864	-0.1750
1088	59.4428	38.1794	52.0523	3.0	2.998	-0.170079515	-0.170135223	-0.000055709	-0.0350
1089	62.9483	36.5335	52.1752	3.0	2.994	-0.171155498	-0.170185593	0.000969905	0.6086
1090	56.2852	39.3900	61.2025	4.0	3.996	-0.139900675	-0.141355431	-0.001454756	-0.9129
1091	59.0521	42.9704	58.7192	5.0	4.998	-0.119099148	-0.119803488	-0.000704340	-0.4420
1092	62.2984	41.2448	59.8645	5.0	4.997	-0.121128762	-0.122225268	-0.001096506	-0.6881
1093	53.8631	39.6165	52.2577	5.0	4.995	-0.123750354	-0.124342183	-0.000591828	-0.3714
1094	49.8507	32.3752	55.3890	4.0	3.997	-0.102862939	-0.103472895	-0.000609956	-0.3828
1095	61.2232	33.5353	63.7612	5.0	4.999	-0.120023474	-0.122887159	-0.002863685	-1.7970
1096	58.9931	37.8330	51.2273	3.0	3.011	-0.158810049	-0.158550750	0.000259299	0.1627
1097	58.7245	33.7539	64.3796	5.0	4.998	-0.116113950	-0.119234358	-0.003120408	-1.9581
1098	51.5704	37.1323	55.9941	4.0	3.997	-0.130872948	-0.132017478	-0.001144531	-0.7182
1099	60.4282	26.9858	51.6321	4.0	3.996	-0.138417349	-0.134380912	0.004036437	2.5329
1100	49.8490	28.8184	55.1645	5.0	4.997	-0.090513428	-0.091023775	-0.000510347	-0.3202
1101	60.7113	38.3985	60.3576	3.0	2.995	-0.163414701	-0.165775410	-0.002360710	-1.4814
1102	50.8013	35.8055	51.4366	5.0	4.997	-0.105666864	-0.106173106	-0.000506242	-0.3177
1103	54.3015	26.8259	55.1722	4.0	3.998	-0.109476541	-0.109991300	-0.000514759	-0.3230
1104	55.0541	35.1705	47.4138	5.0	4.997	-0.107442633	-0.106705513	0.000737120	0.4625
1105	49.6475	33.0368	51.8235	5.0	4.998	-0.096725615	-0.097150106	-0.000424491	-0.2664
1106	65.0443	28.6131	50.9080	4.0	3.998	-0.133504109	-0.128752152	0.004751957	2.9819
1107	56.9884	30.7825	61.0617	3.0	2.999	-0.140861655	-0.147154955	-0.006293300	-3.9491
1108	56.5889	32.1621	63.9698	5.0	4.997	-0.112666805	-0.115986623	-0.003319818	-2.0832
1109	57.4825	29.0490	49.0285	5.0	5.018	-0.125193536	-0.122561950	0.002631587	1.6513
1110	56.6799	42.0416	53.3144	5.0	4.998	-0.124160568	-0.124607845	-0.000447277	-0.2807
1111	54.4635	41.6511	58.7856	5.0	4.997	-0.121263804	-0.122025783	-0.000761979	-0.4781
1112	55.5330	33.1116	61.3933	3.0	2.999	-0.147018487	-0.152934256	-0.005915770	-3.7122
1113	65.8612	36.4782	60.3084	5.0	4.996	-0.120963922	-0.122095455	-0.001131532	-0.7100
1114	59.2865	32.6982	62.1664	3.0	2.994	-0.146177075	-0.152104429	-0.005927353	-3.7195
1115	55.5535	40.9513	58.6722	4.0	3.998	-0.141295323	-0.142058228	-0.000762905	-0.4787
1116	62.9285	40.2050	52.7084	5.0	4.997	-0.130445800	-0.130432901	0.000012899	0.0081
1117	50.4868	28.2037	56.4040	5.0	4.996	-0.091493244	-0.092151914	-0.000658670	-0.4133
1118	62.2072	39.4751	53.0206	4.0	3.998	-0.147876112	-0.147980379	-0.000104266	-0.0654
1119	52.0819	35.2716	53.8067	3.0	2.995	-0.134410322	-0.135783812	-0.001373490	-0.8619
1120	62.5491	31.1894	48.0081	4.0	3.996	-0.131131306	-0.126984115	0.004147191	2.6024
1121	60.5814	27.1241	56.0985	3.0	2.996	-0.152399286	-0.150954844	0.001444442	0.9064
1122	63.2564	25.6148	53.7409	5.0	4.997	-0.121985663	-0.119326120	0.002659543	1.6689
1123	67.0045	35.3631	51.9305	5.0	4.997	-0.126360308	-0.124539402	0.001820906	1.1426
1124	58.6806	30.9695	48.7378	4.0	4.027	-0.140802281	-0.137169868	0.003632413	2.2794
1125	48.9876	31.8345	56.3828	5.0	4.997	-0.094095681	-0.094763057	-0.000667376	-0.4188
1126	65.7914	36.2928	56.3541	4.0	3.999	-0.146292559	-0.146287667	0.000004892	0.0031
1127	54.9946	27.2243	58.9487	4.0	3.996	-0.108395474	-0.109991225	-0.001595751	-1.0013
1128	60.2633	28.5094	49.3703	4.0	3.997	-0.134819174	-0.130465509	0.004353665	2.7320
1129	57.9411	39.3679	60.2060	3.0	2.999	-0.164885943	-0.166227507	-0.001341564	-0.8418
1130	50.2009	34.3725	58.3135	5.0	4.997	-0.109161666	-0.110321215	-0.001159549	-0.7276
1131	53.8412	28.2408	55.9229	3.0	3.016	-0.115407413	-0.116622807	-0.001215393	-0.7627
1132	64.2986	37.8165	59.8426	4.0	3.996	-0.133760671	-0.135483736	-0.001723065	-1.0812
1133	57.9196	41.1867	57.3032	3.0	2.997	-0.159841194	-0.160404864	-0.000563670	-0.3537
1134	63.4218	27.5367	54.9496	3.0	2.995	-0.158440484	-0.154594577	0.003845906	2.4133
1135	55.2480	31.5720	61.9474	4.0	4.001	-0.125310142	-0.129586202	-0.004276059	-2.6833
1136	56.5959	29.9883	48.4109	5.0	4.999	-0.119773760	-0.117726929	0.002046831	1.2844
1137	49.2429	30.2896	56.1680	5.0	4.996	-0.091456739	-0.092069358	-0.000612619	-0.3844
1138	54.0600	37.4743	48.8940	5.0	4.997	-0.108858750	-0.108735323	0.000123427	0.0775
1139	64.3934	36.8840	60.3641	4.0	3.994	-0.133578372	-0.135421250	-0.001842878	-1.1564
1140	53.5551	27.1278	59.4417	5.0	4.996	-0.098294077	-0.099655249	-0.001361171	-0.8541
1141	55.8572	25.8551	59.1760	5.0	4.997	-0.101610657	-0.102733600	-0.001122943	-0.7047
1142	62.3037	38.5977	54.1773	3.0	2.996	-0.171097079	-0.171579303	-0.000482224	-0.3026
1143	52.4577	34.0514	61.4872	5.0	4.998	-0.116729708	-0.119056809	-0.002327101	-1.4603
1144	54.8704	34.9045	49.7223	3.0	2.998	-0.131208407	-0.130534604	0.000673803	0.4228
1145	57.1712	29.2929	50.0378	4.0	3.997	-0.137569719	-0.134693255	0.002876464	1.8050
1146	58.1656	25.4603	58.6072	5.0	4.997	-0.108814466	-0.109506689	-0.000692222	-0.4344
1147	53.1572	37.6345	58.9229	3.0	2.998	-0.150622299	-0.151982107	-0.001359808	-0.8533
1148	62.9156	37.9590	62.1953	5.0	4.997	-0.122077766	-0.123882611	-0.001804845	-1.1326
1149	50.4279	33.6565	52.9152	4.0	3.997	-0.108084268	-0.108764782	-0.000680513	-0.4270
1150	60.5223	25.4363	53.7712	5.0	4.997	-0.123569015	-0.121400312	0.002168703	1.3609
1151	56.3427	37.5209	61.1744	3.0	2.995	-0.160891726	-0.163376321	-0.002484595	-1.5591
1152	50.0465	33.3813	54.1249	4.0	3.997	-0.106364945	-0.107026602	-0.000661657	-0.4152
1153	57.1942	34.0968	46.9598	5.0	4.997	-0.113293769	-0.111857088	0.001436681	0.9015
1154	55.9606	38.3085	51.9514	3.0	2.994	-0.151117175	-0.151769156	-0.000651981	-0.4091
1155	55.1311	27.4202	60.9018	5.0	4.997	-0.102315813	-0.104212299	-0.001896486	-1.1901
1156	55.4726	33.6563	62.6086	4.0	3.998	-0.130073574	-0.134213306	-0.004139732	-2.5977
1157	63.4874	26.8186	59.5471	5.0	4.997	-0.117152049	-0.117286856	-0.000134807	-0.0846
1158	64.9478	35.0806	56.2289	3.0	3.016	-0.174247106	-0.173794668	0.000452438	0.2839
1159	63.1325	41.4165	58.3092	5.0	4.996	-0.121620125	-0.122527954	-0.000907829	-0.5697
1160	53.0980	39.1018	59.4298	4.0	3.997	-0.131512855	-0.132623610	-0.001110755	-0.6970
1161	53.4883	36.6095	48.7870	5.0	4.997	-0.107342987	-0.107200463	0.000142524	0.0894
1162	54.1615	40.4337	60.7879	5.0	4.997	-0.118638831	-0.119689737	-0.001050906	-0.6595
1163	58.8326	30.4364	63.4937	5.0	5.000	-0.114275749	-0.117549917	-0.003274169	-2.0546
1164	57.2728	39.4834	51.5734	4.0	3.997	-0.141651648	-0.141975315	-0.000323667	-0.2031
1165	54.5315	35.7210	50.2692	3.0	2.995	-0.132077402	-0.131854947	0.000222455	0.1396
1166	57.3915	26.6228	58.6530	4.0	3.997	-0.117023595	-0.118337904	-0.001314310	-0.8247
1167	61.7492	41.5007	56.1044	4.0	3.997	-0.136544766	-0.137272934	-0.000728168	-0.4569
1168	59.8519	39.5952	51.8719	4.0	3.995	-0.146961079	-0.147059090	-0.000098011	-0.0615
1169	65.5867	37.1839	52.2013	5.0	4.996	-0.132222261	-0.131149825	0.001072436	0.6730
1170	62.2134	35.7766	47.7638	5.0	4.997	-0.121311603	-0.119519482	0.001792121	1.1246
1171	50.6676	29.8239	51.1200	5.0	4.998	-0.094573253	-0.094744290	-0.000171037	-0.1073
1172	63.5740	31.6780	48.2413	4.0	3.998	-0.130837719	-0.126767029	0.004070690	2.5544
1173	60.0153	40.3956	52.4982	4.0	3.997	-0.143070321	-0.143327911	-0.000257591	-0.1616
1174	61.4619	38.7193	59.7068	3.0	2.994	-0.162053319	-0.164374866	-0.002321547	-1.4568
1175	51.0103	34.9679	52.5720	4.0	3.997	-0.113999820	-0.114786153	-0.000786334	-0.4934
1176	56.2237	37.4237	50.4590	3.0	2.993	-0.138601949	-0.138463601	0.000138348	0.0868
1177	52.6026	31.6576	49.8192	4.0	3.997	-0.110221504	-0.110137680	0.000083824	0.0526
1178	64.1497	30.9093	61.7985	5.0	4.996	-0.122114473	-0.123685617	-0.001571144	-0.9859
1179	65.7184	36.5790	57.6498	4.0	3.996	-0.139746243	-0.140430832	-0.000684589	-0.4296
1180	54.4948	34.1976	60.5008	3.0	2.998	-0.156905034	-0.161592604	-0.004687570	-2.9415
1181	63.1192	41.6088	55.3116	5.0	4.996	-0.123249678	-0.123725876	-0.000476198	-0.2988
1182	59.1898	27.9283	60.4956	4.0	3.997	-0.124621714	-0.127185622	-0.002563908	-1.6089
1183	54.4551	31.7167	62.7432	5.0	4.998	-0.112809979	-0.115954660	-0.003144681	-1.9733
1184	61.8245	29.1990	59.3808	3.0	3.001	-0.155859625	-0.158139119	-0.002279495	-1.4304
1185	52.3857	31.7308	58.3228	3.0	2.993	-0.121740496	-0.123331102	-0.001590606	-0.9981
1186	55.2454	28.3475	52.5677	3.0	2.997	-0.131317039	-0.130889749	0.000427290	0.2681
1187	59.7124	35.9508	48.3341	4.0	3.997	-0.130695191	-0.129170529	0.001524662	0.9567
1188	51.7256	26.9704	54.9223	5.0	4.996	-0.093845930	-0.094308238	-0.000462307	-0.2901
1189	55.5846	29.7268	60.1871	3.0	2.996	-0.127562700	-0.131500885	-0.003938186	-2.4712
1190	64.7427	35.7989	55.4435	3.0	2.998	-0.172164443	-0.171657005	0.000507438	0.3184
1191	60.2819	33.4869	63.0226	4.0	3.997	-0.132910192	-0.136834864	-0.003924671	-2.4628
1192	54.8135	40.6548	53.0710	5.0	5.000	-0.128393407	-0.129004281	-0.000610874	-0.3833
1193	60.1052	26.1666	51.0891	5.0	4.997	-0.121896860	-0.118903244	0.002993616	1.8785
1194	60.0031	36.8271	47.6543	5.0	4.997	-0.117999056	-0.116805903	0.001193153	0.7487
1195	50.8473	32.3915	55.2434	3.0	2.995	-0.112377664	-0.112874740	-0.000497076	-0.3119
1196	54.0139	32.3808	59.5754	3.0	2.996	-0.143675364	-0.147896212	-0.004220848	-2.6486
1197	57.0443	29.1055	60.0579	3.0	2.995	-0.132182297	-0.136288414	-0.004106117	-2.5766
1198	52.7126	35.3958	50.6271	4.0	4.001	-0.119356344	-0.119689518	-0.000333174	-0.2091
1199	66.3209	34.2020	51.5645	4.0	3.997	-0.139611795	-0.136777641	0.002834154	1.7785
1200	65.3359	29.4676	53.8716	3.0	2.996	-0.166598732	-0.160867974	0.005730758	3.5961
1201	50.3725	30.4895	56.6241	4.0	3.998	-0.099825925	-0.100532911	-0.000706986	-0.4436
1202	52.1844	36.4001	59.9220	4.0	3.999	-0.128993430	-0.130672925	-0.001679495	-1.0539
1203	51.7810	30.9917	60.2433	5.0	4.999	-0.105326555	-0.107146432	-0.001819877	-1.1420
1204	63.2286	39.0530	53.9392	4.0	4.010	-0.149736055	-0.149937116	-0.000201061	-0.1262
1205	64.1527	37.0610	49.9297	5.0	4.997	-0.127897308	-0.126528336	0.001368972	0.8590
1206	55.0736	35.5076	62.2253	4.0	3.997	-0.136503929	-0.139823607	-0.003319677	-2.0831
1207	52.6734	34.1898	60.2225	4.0	3.997	-0.131111041	-0.133645479	-0.002534437	-1.5904
1208	61.8133	27.2134	55.0371	3.0	2.997	-0.159109553	-0.155919566	0.003189987	2.0017
1209	61.9351	29.5573	49.6459	3.0	2.996	-0.152163289	-0.145750541	0.006412748	4.0241
1210	53.6743	34.1275	49.3336	4.0	3.997	-0.118230306	-0.117890878	0.000339428	0.2130
1211	65.4956	29.3302	48.9808	5.0	4.996	-0.115475355	-0.111958869	0.003516486	2.2066
1212	61.1359	41.6198	57.9975	4.0	3.995	-0.135340933	-0.136258242	-0.000917309	-0.5756
1213	52.6708	28.8199	49.8925	5.0	4.995	-0.099625886	-0.099310793	0.000315093	0.1977
1214	66.7017	36.4656	55.5190	5.0	4.997	-0.133017540	-0.132535549	0.000481991	0.3025
1215	54.5221	33.2695	63.1614	5.0	4.996	-0.115406695	-0.118498364	-0.003091668	-1.9401
1216	53.4652	27.6294	52.9367	4.0	3.997	-0.108769024	-0.108949228	-0.000180204	-0.1131
1217	58.6211	29.0927	61.1291	4.0	3.998	-0.128928014	-0.132825287	-0.003897274	-2.4456
1218	55.5584	42.4645	56.4913	5.0	4.997	-0.123494531	-0.124083939	-0.000589409	-0.3699
1219	55.6507	35.1815	61.3166	3.0	2.998	-0.160017423	-0.164787482	-0.004770058	-2.9933
1220	56.0807	38.3521	61.8658	4.0	3.996	-0.138310153	-0.140235910	-0.001925756	-1.2084
1221	61.8975	38.1747	50.8583	4.0	3.997	-0.142182201	-0.141518322	0.000663878	0.4166
1222	60.6922	27.7108	52.7357	3.0	2.999	-0.162911296	-0.157584970	0.005326326	3.3423
1223	53.8465	28.2264	54.4540	3.0	2.999	-0.117632673	-0.118553571	-0.000920898	-0.5779
1224	64.6801	39.4837	54.6279	5.0	4.996	-0.130836385	-0.131010174	-0.000173789	-0.1091
1225	64.0293	27.6997	49.2473	5.0	4.997	-0.115840658	-0.112234207	0.003606451	2.2631
1226	57.0449	29.0577	51.5941	3.0	2.996	-0.152513995	-0.149490251	0.003023744	1.8974
1227	58.9804	43.3007	55.9310	5.0	4.997	-0.119591608	-0.120093132	-0.000501524	-0.3147
1228	64.2304	33.4702	62.4207	5.0	5.004	-0.120486997	-0.122334070	-0.001847073	-1.1591
1229	66.5452	28.8235	50.7774	5.0	4.996	-0.117989625	-0.114517227	0.003472398	2.1790
1230	66.1958	32.6188	55.8654	3.0	2.997	-0.165005298	-0.162430806	0.002574492	1.6155
1231	58.3188	27.0212	52.8606	4.0	3.995	-0.138137117	-0.135629475	0.002507642	1.5736
1232	57.1347	34.7662	63.1591	4.0	3.996	-0.132527800	-0.136468353	-0.003940553	-2.4727
1233	51.7761	30.2943	56.9287	3.0	2.995	-0.109189464	-0.110002538	-0.000813074	-0.5102
1234	67.3956	30.2124	51.2031	5.0	4.998	-0.119279402	-0.116042797	0.003236605	2.0310
1235	66.4454	37.3929	55.7978	5.0	4.997	-0.129492892	-0.129393252	0.000099639	0.0625
1236	65.4024	28.4232	59.8821	5.0	4.998	-0.117502277	-0.117518914	-0.000016636	-0.0104
1237	62.4741	36.9900	61.6931	4.0	3.998	-0.136269888	-0.138656634	-0.002386746	-1.4977
1238	56.7580	26.3019	54.4300	4.0	3.997	-0.121291862	-0.120716741	0.000575120	0.3609
1239	53.5454	41.3883	57.9695	5.0	4.996	-0.119656267	-0.120404137	-0.000747870	-0.4693
1240	55.5905	34.6830	63.7177	5.0	4.998	-0.117932606	-0.120934440	-0.003001834	-1.8837
1241	63.4178	35.6648	51.1835	3.0	2.996	-0.164495200	-0.162527086	0.001968114	1.2350
1242	66.7920	27.6479	54.5647	5.0	4.997	-0.120191233	-0.117642647	0.002548587	1.5993
1243	58.8747	33.5276	46.9806	5.0	4.997	-0.118808440	-0.116791652	0.002016788	1.2656
1244	64.9430	31.3627	61.3318	5.0	5.017	-0.123206991	-0.124424919	-0.001217927	-0.7643
1245	58.4095	25.0759	55.4648	5.0	4.997	-0.114140190	-0.113482192	0.000657997	0.4129
1246	61.5953	42.1754	54.0245	5.0	4.997	-0.122392737	-0.122734950	-0.000342212	-0.2147
1247	54.2213	28.2855	53.4863	3.0	2.995	-0.122047585	-0.122620896	-0.000573311	-0.3598
1248	59.1746	42.2844	57.2422	4.0	3.998	-0.135244419	-0.135897863	-0.000653444	-0.4100
1249	58.2747	31.8179	63.0601	4.0	3.997	-0.126427917	-0.130884938	-0.004457021	-2.7968
1250	60.6568	29.0628	62.1375	5.0	4.997	-0.119739695	-0.122412851	-0.002673156	-1.6774
1251	54.7296	27.4924	50.3139	5.0	4.999	-0.107089501	-0.106193720	0.000895781	0.5621
1252	59.8023	27.2915	58.0446	3.0	2.995	-0.139389306	-0.140215567	-0.000826261	-0.5185
1253	63.5166	38.4001	57.1051	3.0	2.993	-0.158754868	-0.160478749	-0.001723881	-1.0818
1254	65.9056	35.6366	57.2451	4.0	3.997	-0.145761584	-0.145967201	-0.000205616	-0.1290
1255	64.5640	26.5516	51.7738	5.0	4.998	-0.119772580	-0.116365221	0.003407360	2.1382
1256	59.3811	29.1301	60.0923	3.0	2.995	-0.142951390	-0.147156893	-0.004205503	-2.6390
1257	54.1031	27.7041	60.5985	5.0	4.997	-0.100500952	-0.102276199	-0.001775247	-1.1140
1258	64.1464	33.4654	59.6400	3.0	2.997	-0.158322840	-0.160438647	-0.002115807	-1.3277
1259	56.5747	26.8853	51.0138	5.0	4.996	-0.116528477	-0.114912801	0.001615677	1.0139
1260	63.7947	28.2397	59.3743	4.0	3.996	-0.132642735	-0.132917181	-0.000274446	-0.1722
1261	66.5742	34.4694	55.6774	4.0	3.997	-0.148390423	-0.147058371	0.001332052	0.8359
1262	59.5855	28.2713	48.4603	5.0	4.997	-0.119968333	-0.116785066	0.003183267	1.9975
1263	60.6740	31.8448	48.9278	3.0	2.997	-0.155649473	-0.150612326	0.005037147	3.1609
1264	62.3275	33.8181	63.5048	5.0	4.997	-0.119255572	-0.121730501	-0.002474929	-1.5530
1265	68.0496	33.4992	55.5994	5.0	4.998	-0.126894173	-0.125467236	0.001426936	0.8954
1266	58.0412	27.6575	50.1255	5.0	4.996	-0.125892372	-0.123109612	0.002782760	1.7462
1267	61.7134	33.0363	61.4214	3.0	3.003	-0.151953677	-0.156275561	-0.004321884	-2.7120
1268	64.8572	28.3904	58.7198	4.0	3.998	-0.132283962	-0.131818550	0.000465412	0.2921
1269	60.8079	40.1637	60.4839	4.0	3.996	-0.137820233	-0.139288004	-0.001467771	-0.9210
1270	64.7030	34.1258	58.3719	3.0	2.997	-0.166297093	-0.167462755	-0.001165663	-0.7315
1271	64.7376	37.7099	51.8819	5.0	4.997	-0.134361723	-0.133470261	0.000891462	0.5594
1272	64.4693	34.1406	50.5817	3.0	2.996	-0.157570569	-0.153833648	0.003736920	2.3450
1273	65.0203	34.9910	52.7899	3.0	2.995	-0.167928745	-0.165499354	0.002429391	1.5245
1274	54.6044	26.5658	56.6830	4.0	3.997	-0.107327211	-0.108132645	-0.000805434	-0.5054
1275	62.9193	38.9453	61.5392	5.0	4.995	-0.122854475	-0.124475019	-0.001620543	-1.0169
1276	58.4921	27.3235	57.9455	3.0	2.995	-0.134530266	-0.135738165	-0.001207899	-0.7580
1277	49.4616	30.4873	52.9311	5.0	4.997	-0.092081799	-0.092463987	-0.000382188	-0.2398
1278	61.7277	25.1859	55.5556	5.0	4.997	-0.120215693	-0.118706008	0.001509685	0.9473
1279	61.6288	40.1564	57.8126	3.0	2.996	-0.157788755	-0.159206797	-0.001418041	-0.8898
1280	59.7913	38.1366	62.9487	5.0	4.997	-0.127051307	-0.129135530	-0.002084223	-1.3079
1281	64.7387	39.9927	57.1151	5.0	4.997	-0.125222775	-0.125975132	-0.000752357	-0.4721
1282	56.0939	28.5347	62.0043	5.0	4.998	-0.107735000	-0.110370548	-0.002635548	-1.6538
1283	56.7827	38.7427	48.7782	5.0	4.997	-0.114321889	-0.114017524	0.000304364	0.1910
1284	51.2125	28.7206	54.6342	4.0	3.996	-0.099119048	-0.099676003	-0.000556955	-0.3495
1285	68.0933	31.9476	53.9162	5.0	4.999	-0.126478334	-0.124035754	0.002442580	1.5327
1286	53.2634	28.7359	59.0172	4.0	3.996	-0.107583789	-0.109325797	-0.001742008	-1.0931
1287	51.4435	35.0592	57.8447	4.0	3.997	-0.128663629	-0.130046476	-0.001382848	-0.8678
1288	57.1404	40.7736	60.0386	4.0	3.995	-0.140720634	-0.141698693	-0.000978059	-0.6137
1289	62.5342	39.0519	58.0213	3.0	3.014	-0.161331576	-0.163392704	-0.002061128	-1.2934
1290	61.9512	35.2779	61.4378	3.0	2.996	-0.151101906	-0.154497082	-0.003395177	-2.1305
1291	61.2181	28.0646	49.6108	4.0	3.998	-0.133247757	-0.128711308	0.004536448	2.8467
1292	53.5849	26.5131	52.7573	5.0	4.997	-0.101090085	-0.100998525	0.000091560	0.0575
1293	57.8842	27.1632	55.4557	3.0	2.997	-0.139842466	-0.139292073	0.000550394	0.3454
1294	60.9036	28.8705	60.8553	4.0	3.998	-0.132205204	-0.134962315	-0.002757111	-1.7301
1295	57.5172	37.2039	61.3474	3.0	2.995	-0.165279446	-0.168333633	-0.003054187	-1.9165
1296	60.7052	30.3436	48.1924	4.0	3.997	-0.133508442	-0.129354324	0.004154118	2.6067
1297	49.9775	34.3465	51.6638	5.0	4.997	-0.100023538	-0.100497439	-0.000473902	-0.2974
1298	49.6695	35.3243	55.1282	5.0	4.997	-0.106109950	-0.106903163	-0.000793213	-0.4977
1299	54.4682	34.7786	48.7648	4.0	3.995	-0.117725893	-0.117117190	0.000608703	0.3820
1300	58.1430	40.4448	51.1513	5.0	5.020	-0.128461569	-0.128597607	-0.000136038	-0.0854
1301	56.6526	40.3056	61.7616	5.0	4.998	-0.124297397	-0.125572957	-0.001275560	-0.8004
1302	64.0519	34.2312	47.7274	5.0	4.996	-0.118760707	-0.116312120	0.002448587	1.5365
1303	51.8749	36.9743	51.2536	5.0	5.014	-0.112006516	-0.112497344	-0.000490828	-0.3080
1304	65.7654	35.7043	52.9130	4.0	3.996	-0.147517178	-0.145802742	0.001714436	1.0758
1305	51.2894	31.2588	53.3868	3.0	2.996	-0.111048250	-0.111666477	-0.000618227	-0.3879
1306	49.6074	34.6342	53.0214	5.0	4.999	-0.101158809	-0.101763323	-0.000604513	-0.3793
1307	57.4324	30.8172	50.2875	3.0	2.996	-0.159013548	-0.155170907	0.003842641	2.4113
1308	62.9513	36.5584	62.8719	5.0	4.997	-0.120183699	-0.122179328	-0.001995628	-1.2523
1309	57.3779	39.9343	59.5147	3.0	2.995	-0.165117926	-0.166039443	-0.000921516	-0.5783
1310	51.5240	31.1490	58.7875	4.0	3.995	-0.108799736	-0.110239551	-0.001439815	-0.9035
1311	58.9897	26.0501	55.3603	4.0	3.996	-0.129187745	-0.128125793	0.001061952	0.6664
1312	59.0872	41.2451	57.4319	3.0	2.997	-0.157332644	-0.158025330	-0.000692686	-0.4347
1313	65.1608	29.9735	58.0015	3.0	2.996	-0.154524265	-0.153489399	0.001034866	0.6494
1314	53.2246	33.3774	50.6140	3.0	2.997	-0.126871982	-0.127130634	-0.000258652	-0.1623
1315	62.6024	38.2251	49.6645	5.0	4.998	-0.125248873	-0.124355255	0.000893617	0.5608
1316	59.7213	27.8017	53.1406	3.0	2.997	-0.163386463	-0.158924664	0.004461799	2.7998
1317	67.3298	28.5506	56.8854	5.0	4.998	-0.117991097	-0.116469628	0.001521469	0.9547
1318	51.2937	34.0152	54.3771	3.0	2.997	-0.122893550	-0.123825393	-0.000931843	-0.5847
1319	58.2396	43.2135	57.7007	5.0	4.998	-0.119471929	-0.120075443	-0.000603514	-0.3787
1320	60.9825	36.4235	50.0056	3.0	2.998	-0.151465553	-0.150104016	0.001361537	0.8544
1321	64.6436	34.6645	60.6495	4.0	3.996	-0.136237808	-0.138079413	-0.001841605	-1.1556
1322	64.9762	34.9413	54.9674	3.0	2.997	-0.179287177	-0.177702185	0.001584992	0.9946
1323	53.6875	41.1575	54.9226	5.0	4.997	-0.122963737	-0.123639007	-0.000675270	-0.4237
1324	51.3018	35.0546	50.1749	5.0	4.996	-0.103932598	-0.104196944	-0.000264346	-0.1659
1325	58.7272	34.5806	49.0861	3.0	2.996	-0.147083154	-0.144882658	0.002200495	1.3808
1326	60.7089	31.9003	61.3080	3.0	3.012	-0.153366368	-0.158995717	-0.005629349	-3.5325
1327	62.6140	27.4396	54.3061	3.0	2.995	-0.161753273	-0.157356463	0.004396811	2.7590
1328	50.9660	37.4314	59.3490	5.0	4.997	-0.113505513	-0.114686495	-0.001180981	-0.7411
1329	59.5606	24.9771	55.6671	5.0	4.997	-0.115883481	-0.114996243	0.000887238	0.5568
1330	54.4894	32.2294	49.9815	3.0	2.997	-0.132364156	-0.131614065	0.000750091	0.4707
1331	64.0380	38.5602	54.4724	4.0	4.001	-0.148193906	-0.148368330	-0.000174424	-0.1095
1332	55.0666	40.4308	59.5162	4.0	3.995	-0.137943165	-0.138865275	-0.000922110	-0.5786
1333	57.9865	26.2146	55.0581	4.0	4.006	-0.127105767	-0.126285759	0.000820008	0.5146
1334	59.3830	29.0857	49.2739	4.0	3.995	-0.137416408	-0.133286531	0.004129877	2.5915
1335	52.1249	34.7704	52.5895	3.0	2.994	-0.128252087	-0.129401793	-0.001149706	-0.7215
1336	58.0705	40.8562	58.4588	3.0	2.996	-0.160117168	-0.160798386	-0.000681217	-0.4275
1337	55.3778	38.8225	49.2613	5.0	4.997	-0.112808394	-0.112728078	0.000080316	0.0504
1338	66.4389	37.6537	56.7752	5.0	4.997	-0.126185288	-0.126431431	-0.000246143	-0.1545
1339	61.1433	25.3434	57.7344	5.0	4.997	-0.116142459	-0.115838652	0.000303807	0.1906
1340	64.3232	33.2870	49.9974	3.0	2.996	-0.154450356	-0.149901889	0.004548466	2.8542
1341	55.8824	38.8681	60.2309	3.0	2.998	-0.160653260	-0.162010722	-0.001357462	-0.8518
1342	52.0368	28.7798	57.6130	4.0	3.995	-0.102526357	-0.103629137	-0.001102781	-0.6920
1343	58.5673	36.5038	48.6656	4.0	4.009	-0.130332157	-0.129187577	0.001144580	0.7182
1344	55.5974	40.1876	56.8396	3.0	2.996	-0.168132580	-0.168809829	-0.000677249	-0.4250
1345	62.3469	26.1401	50.8573	5.0	4.997	-0.118992462	-0.115648263	0.003344199	2.0985
1346	54.1192	28.4964	59.7702	4.0	3.995	-0.109113946	-0.111201885	-0.002087938	-1.3102
1347	64.5401	35.0564	58.7909	3.0	2.996	-0.158262336	-0.160088577	-0.001826241	-1.1460
1348	64.2620	35.8392	53.1833	3.0	2.997	-0.173501364	-0.172104693	0.001396671	0.8764
1349	51.0168	32.6868	56.1878	3.0	2.995	-0.115349301	-0.115929479	-0.000580178	-0.3641
1350	66.3844	36.2457	51.8482	5.0	4.997	-0.128092041	-0.126584530	0.001507511	0.9460
1351	52.7248	27.7766	56.5467	4.0	3.996	-0.103310487	-0.104243837	-0.000933350	-0.5857
1352	65.1076	30.0653	49.6708	4.0	3.998	-0.131303627	-0.126716458	0.004587169	2.8785
1353	53.2533	37.4078	49.5459	5.0	4.996	-0.109267177	-0.109335720	-0.000068543	-0.0430
1354	55.9951	30.1203	49.3940	4.0	3.998	-0.128040439	-0.126121338	0.001919101	1.2043
1355	60.9721	38.5577	52.9242	3.0	2.997	-0.172274746	-0.172459396	-0.000184650	-0.1159
1356	57.6375	40.9928	53.1678	4.0	3.997	-0.141674368	-0.142183958	-0.000509590	-0.3198
1357	66.4403	34.4919	54.5357	4.0	4.000	-0.151587062	-0.149647144	0.001939918	1.2173
1358	61.0496	26.1679	59.7114	5.0	4.996	-0.114379762	-0.115091219	-0.000711457	-0.4464
1359	51.8331	34.3733	50.7915	4.0	3.996	-0.113007639	-0.113436090	-0.000428451	-0.2689
1360	57.5185	34.7805	47.9968	4.0	3.996	-0.125521081	-0.123979320	0.001541762	0.9675
1361	64.2011	29.2441	51.0876	3.0	2.997	-0.154605385	-0.147890121	0.006715264	4.2139
1362	66.5322	27.9335	52.9781	5.0	4.997	-0.122785235	-0.119525252	0.003259983	2.0457
1363	63.8293	31.6825	47.2653	5.0	4.997	-0.115674766	-0.112581531	0.003093235	1.9410
1364	55.9766	26.1517	52.5655	5.0	5.000	-0.112113782	-0.111231118	0.000882664	0.5539
1365	49.5896	29.6592	53.5336	5.0	4.997	-0.091102324	-0.091497535	-0.000395211	-0.2480
1366	66.1837	35.0073	49.8192	5.0	4.996	-0.121571024	-0.119403815	0.002167210	1.3599
1367	65.9203	38.4394	55.8665	5.0	5.001	-0.127614668	-0.127806296	-0.000191628	-0.1202
1368	63.1706	27.0158	51.9918	4.0	3.996	-0.136679210	-0.132210537	0.004468672	2.8041
1369	50.5933	37.7094	56.9050	5.0	4.998	-0.114523656	-0.115487095	-0.000963439	-0.6046
1370	62.9743	27.3912	58.8138	4.0	3.997	-0.132375716	-0.132435880	-0.000060164	-0.0378
1371	59.5251	31.2231	63.7778	5.0	4.997	-0.115397629	-0.118632683	-0.003235053	-2.0300
1372	64.1557	36.0476	50.4588	4.0	3.995	-0.142179909	-0.140296938	0.001882971	1.1816
1373	50.9552	37.2121	54.5396	5.0	5.006	-0.117822363	-0.118740746	-0.000918383	-0.5763
1374	65.5376	34.7270	61.1223	5.0	4.998	-0.122293194	-0.123602772	-0.001309578	-0.8218
1375	65.5767	36.6254	55.3820	4.0	3.997	-0.148298246	-0.147989205	0.000309040	0.1939
1376	56.9512	41.7835	60.3667	5.0	4.997	-0.122475885	-0.123373256	-0.000897371	-0.5631
1377	66.7458	29.2915	55.6748	4.0	3.997	-0.136092291	-0.133456758	0.002635533	1.6538
1378	54.1004	39.1815	53.5509	4.0	3.996	-0.141952210	-0.142904898	-0.000952688	-0.5978
1379	57.1126	38.6755	61.7518	4.0	4.007	-0.142231403	-0.144119506	-0.001888103	-1.1848
1380	53.2516	26.2503	56.8880	5.0	4.998	-0.097040358	-0.097765104	-0.000724746	-0.4548
1381	50.0030	31.6815	56.2764	4.0	3.998	-0.101718348	-0.102377609	-0.000659261	-0.4137
1382	62.5824	28.0410	58.1074	3.0	2.997	-0.152642894	-0.152523792	0.000119102	0.0747
1383	64.4044	25.8290	54.4864	5.0	4.997	-0.119911395	-0.117501860	0.002409535	1.5120
1384	56.9342	33.4871	64.2426	5.0	4.997	-0.114607116	-0.117818719	-0.003211603	-2.0153
1385	63.5149	39.6112	57.8455	4.0	4.019	-0.140632862	-0.141977789	-0.001344927	-0.8440
1386	58.8664	36.6095	47.5978	5.0	4.998	-0.117590576	-0.116466790	0.001123787	0.7052
1387	59.9869	34.9202	48.0205	4.0	3.999	-0.131438383	-0.129424173	0.002014210	1.2639
1388	59.5591	34.8728	64.1632	5.0	4.997	-0.119437695	-0.122342103	-0.002904408	-1.8225
1389	65.5365	29.4105	56.5740	3.0	2.995	-0.155661989	-0.153046934	0.002615055	1.6410
1390	52.7836	40.9509	56.9902	5.0	4.998	-0.118658054	-0.119409033	-0.000750979	-0.4712
1391	62.3260	27.7137	60.7516	5.0	5.011	-0.119619573	-0.120826883	-0.001207310	-0.7576
1392	66.2438	26.9592	55.8224	5.0	4.996	-0.118006147	-0.116047617	0.001958530	1.2290
1393	62.1128	26.2335	59.1383	5.0	5.003	-0.117882826	-0.118111515	-0.000228690	-0.1435
1394	56.1112	28.8110	50.2451	4.0	3.997	-0.127263951	-0.125398820	0.001865131	1.1704
1395	50.1191	31.0123	53.8303	4.0	3.998	-0.099870993	-0.100366544	-0.000495551	-0.3110
1396	60.7085	27.8708	58.6796	3.0	2.996	-0.144946722	-0.146282146	-0.001335424	-0.8380
1397	55.0635	34.1419	47.3375	5.0	4.996	-0.108037189	-0.107143604	0.000893584	0.5607
1398	59.7542	41.9171	60.5294	5.0	4.999	-0.120010057	-0.120994013	-0.000983956	-0.6174
1399	66.0548	32.2391	53.2226	3.0	2.998	-0.166689618	-0.161829998	0.004859620	3.0495
1400	66.3370	28.7878	56.6509	4.0	3.997	-0.133897603	-0.131883752	0.002013852	1.2637
1401	54.5067	35.8810	49.0204	4.0	3.995	-0.117972630	-0.117566729	0.000405901	0.2547
1402	53.3401	39.1778	54.3465	4.0	3.995	-0.138159752	-0.139136614	-0.000976861	-0.6130
1403	55.3265	27.9844	58.3872	3.0	2.996	-0.118619017	-0.120551001	-0.001931984	-1.2123
1404	54.2077	33.2007	50.1075	3.0	2.995	-0.132328877	-0.131880180	0.000448697	0.2816
1405	51.9092	38.1946	57.8145	4.0	3.999	-0.129784095	-0.130881147	-0.001097052	-0.6884
1406	65.7511	33.9633	58.7452	4.0	3.998	-0.144898394	-0.145460699	-0.000562305	-0.3529
1407	62.5079	33.7454	48.1733	4.0	3.998	-0.134543713	-0.131420357	0.003123356	1.9599
1408	57.7896	25.1517	57.3593	5.0	5.000	-0.108976864	-0.109228084	-0.000251220	-0.1576
1409	57.7727	27.3737	61.1515	5.0	5.001	-0.110735914	-0.112929013	-0.002193099	-1.3762
1410	59.2070	39.5999	60.1124	3.0	2.994	-0.160857567	-0.162296311	-0.001438744	-0.9028
1411	58.2741	41.2859	56.1947	3.0	2.996	-0.159188955	-0.159768148	-0.000579192	-0.3634
1412	61.3140	35.5683	62.6518	4.0	3.997	-0.135179731	-0.138151567	-0.002971836	-1.8649
1413	61.2473	42.8102	57.4353	5.0	4.998	-0.119214312	-0.119881801	-0.000667489	-0.4189
1414	66.8770	31.4318	52.1207	4.0	3.998	-0.138289912	-0.134346034	0.003943878	2.4748
1415	58.7292	42.3154	56.1290	4.0	3.996	-0.136048446	-0.136618686	-0.000570240	-0.3578
1416	62.8174	37.1646	60.1629	3.0	2.995	-0.152665022	-0.155460998	-0.002795976	-1.7545
1417	57.4101	39.6488	49.7605	5.0	4.997	-0.119754759	-0.119647327	0.000107432	0.0674
1418	63.1727	32.1471	60.4445	3.0	2.994	-0.154415373	-0.157341730	-0.002926358	-1.8363
1419	57.2349	31.5339	61.6883	3.0	2.996	-0.141167274	-0.147596777	-0.006429502	-4.0346
1420	59.7815	27.3326	59.9299	4.0	3.998	-0.124315119	-0.126114150	-0.001799030	-1.1289
1421	53.0137	36.8985	54.8531	3.0	2.995	-0.155556925	-0.157189463	-0.001632538	-1.0244
1422	54.7334	41.9581	56.1363	5.0	5.001	-0.124755066	-0.125383820	-0.000628754	-0.3945
1423	61.0427	42.9464	56.2594	5.0	4.997	-0.119521384	-0.120074700	-0.000553315	-0.3472
1424	63.2892	41.0741	54.3220	5.0	4.996	-0.125768775	-0.126079463	-0.000310688	-0.1950
1425	52.6611	32.2335	50.9573	3.0	2.997	-0.121142957	-0.121607524	-0.000464566	-0.2915
1426	51.1741	32.8807	49.6058	5.0	4.996	-0.099357883	-0.099441711	-0.000083828	-0.0526
1427	57.2125	28.9748	61.1580	4.0	3.996	-0.122448649	-0.126076235	-0.003627586	-2.2763
1428	66.9759	32.2516	57.3727	4.0	3.997	-0.138812737	-0.137709502	0.001103235	0.6923
1429	66.4671	35.8204	59.3292	5.0	4.999	-0.124131523	-0.124866212	-0.000734689	-0.4610
1430	49.9906	30.4423	58.2417	5.0	4.997	-0.094982376	-0.095933509	-0.000951133	-0.5968
1431	61.0021	25.5885	52.8229	5.0	4.997	-0.123538401	-0.120848615	0.002689786	1.6879
1432	59.2245	30.5736	47.4581	5.0	4.996	-0.121477803	-0.118563359	0.002914444	1.8288
1433	55.0586	28.8994	50.2377	4.0	3.997	-0.119924994	-0.118781520	0.001143474	0.7175
1434	67.4642	31.6725	58.7857	5.0	4.997	-0.121084738	-0.120681662	0.000403076	0.2529
1435	62.9047	33.0364	62.0286	4.0	3.996	-0.134045610	-0.136840425	-0.002794815	-1.7538
1436	51.9586	29.5876	53.9060	3.0	2.998	-0.109369782	-0.110040099	-0.000670317	-0.4206
1437	53.7925	35.1015	61.5462	4.0	3.996	-0.133255459	-0.136188485	-0.002933026	-1.8405
1438	54.1586	32.6872	61.4270	4.0	3.996	-0.129139487	-0.133019383	-0.003879897	-2.4347
1439	65.3696	30.4583	51.6146	3.0	2.996	-0.157229805	-0.150949129	0.006280676	3.9412
1440	57.8731	35.7960	49.3140	3.0	2.997	-0.140895153	-0.139533678	0.001361475	0.8543
1441	53.2006	40.9088	58.9150	5.0	4.997	-0.117980484	-0.118818547	-0.000838063	-0.5259
1442	63.2270	36.0908	61.6643	4.0	3.997	-0.133917348	-0.136264364	-0.002347016	-1.4728
1443	55.0583	39.3751	60.8598	4.0	3.996	-0.135934747	-0.137254373	-0.001319626	-0.8281
1444	57.4161	43.0736	55.3930	5.0	4.998	-0.120956930	-0.121446355	-0.000489426	-0.3071
1445	60.9612	26.1990	55.8894	4.0	4.007	-0.135757010	-0.134268833	0.001488177	0.9338
1446	57.0992	43.0591	57.3449	5.0	4.997	-0.120678744	-0.121260601	-0.000581857	-0.3651
1447	62.5650	40.8023	55.5751	4.0	3.994	-0.139199629	-0.139900728	-0.000701098	-0.4399
