idx	x	y	z	shell	standoff	V_R_Eh	V_TS_Eh	dv_Eh	dv_kcal_per_e
0	55.2325	35.5273	49.6700	3.0	3.000	-0.131356650	-0.130691571	0.000665079	0.4173
1	65.0026	29.8273	58.1110	3.0	2.999	-0.154136691	-0.153236689	0.000900002	0.5648
2	55.8325	37.0273	61.2552	3.0	3.000	-0.158453285	-0.161220812	-0.002767526	-1.7366
3	54.9325	27.4969	56.3110	3.0	3.000	-0.117908880	-0.118979723	-0.001070842	-0.6720
4	62.1325	39.6133	55.1110	3.0	2.999	-0.162904094	-0.163794150	-0.000890056	-0.5585
5	63.3325	31.6273	49.2311	3.0	3.000	-0.151253457	-0.145571294	0.005682163	3.5656
6	51.6325	34.4791	56.0110	3.0	2.998	-0.131746981	-0.132786777	-0.001039796	-0.6525
7	58.5325	30.7273	61.2694	3.0	2.999	-0.144097587	-0.150479120	-0.006381533	-4.0045
8	55.8325	40.0273	55.4654	3.0	2.999	-0.171278831	-0.172135208	-0.000856377	-0.5374
9	63.0325	35.8273	60.5967	3.0	2.999	-0.151440683	-0.154407332	-0.002966649	-1.8616
10	61.2325	27.4049	53.9110	3.0	3.000	-0.162919520	-0.158584633	0.004334887	2.7202
11	54.0325	30.0761	50.9110	3.0	2.999	-0.125525950	-0.125291092	0.000234857	0.1474
12	65.7602	33.7273	53.3110	3.0	3.000	-0.168657084	-0.165096514	0.003560570	2.2343
13	61.2325	36.1273	49.8939	3.0	2.999	-0.151975559	-0.150414862	0.001560697	0.9794
14	60.0325	40.0273	59.5169	3.0	2.999	-0.158397754	-0.159759324	-0.001361569	-0.8544
15	54.0325	32.2273	59.6373	3.0	3.000	-0.141737405	-0.145929291	-0.004191887	-2.6304
16	58.5325	30.4894	50.3110	3.0	2.999	-0.166091969	-0.161000710	0.005091259	3.1948
17	65.2517	29.5273	53.3110	3.0	2.999	-0.166211605	-0.159993419	0.006218186	3.9020
18	59.7325	27.1880	57.8110	3.0	3.000	-0.139332182	-0.139941376	-0.000609194	-0.3823
19	53.1325	38.1872	58.1110	3.0	2.999	-0.151593466	-0.152741229	-0.001147763	-0.7202
20	51.5882	29.8273	54.8110	3.0	3.000	-0.107176163	-0.107771104	-0.000594941	-0.3733
21	57.9325	38.6506	52.4110	3.0	3.000	-0.169062952	-0.169684508	-0.000621556	-0.3900
22	53.6449	36.7273	53.6110	3.0	2.999	-0.156492201	-0.158158115	-0.001665914	-1.0454
23	59.1325	34.9273	62.1469	3.0	3.000	-0.153816568	-0.158676597	-0.004860028	-3.0497
24	52.2325	33.7273	51.6178	3.0	2.999	-0.123240038	-0.124073211	-0.000833173	-0.5228
25	62.4325	31.9273	60.8554	3.0	3.000	-0.152312706	-0.155958173	-0.003645467	-2.2876
26	57.3325	28.0899	53.0110	3.0	2.999	-0.149668753	-0.147393307	0.002275447	1.4279
27	65.0108	34.0273	57.8110	3.0	2.999	-0.168361458	-0.168756766	-0.000395308	-0.2481
28	56.1325	28.9273	59.8293	3.0	2.999	-0.125954455	-0.129343138	-0.003388683	-2.1264
29	59.4325	41.2273	55.8055	3.0	2.998	-0.157791593	-0.158460336	-0.000668743	-0.4196
30	58.5325	34.0273	49.0791	3.0	3.000	-0.148525799	-0.146014964	0.002510835	1.5756
31	55.8325	39.7273	59.0978	3.0	2.998	-0.163664166	-0.164499339	-0.000835173	-0.5241
32	63.9325	35.0754	50.9110	3.0	2.998	-0.161352054	-0.158653352	0.002698702	1.6935
33	63.0325	27.4914	56.6110	3.0	3.000	-0.153780965	-0.151855877	0.001925089	1.2080
34	63.0325	38.5098	58.4110	3.0	3.000	-0.156998297	-0.159255234	-0.002256937	-1.4162
35	62.1325	28.8174	50.3110	3.0	2.999	-0.153037723	-0.146475262	0.006562461	4.1180
36	52.8325	29.8273	57.7807	3.0	2.999	-0.113800247	-0.115232424	-0.001432176	-0.8987
37	53.4325	35.2154	59.9110	3.0	3.000	-0.151202099	-0.153960728	-0.002758629	-1.7311
38	66.2685	31.3273	55.1110	3.0	3.000	-0.163955163	-0.160127009	0.003828154	2.4022
39	55.5325	32.5103	49.7110	3.0	3.000	-0.139636462	-0.138006753	0.001629710	1.0227
40	64.6403	36.4273	55.7110	3.0	3.000	-0.165904474	-0.165980578	-0.000076104	-0.0478
41	56.7090	32.8273	62.0110	3.0	2.999	-0.143563957	-0.149766621	-0.006202664	-3.8922
42	61.8325	29.1027	59.3110	3.0	2.998	-0.155577581	-0.157715995	-0.002138414	-1.3419
43	63.0325	36.4273	52.1934	3.0	2.998	-0.172044250	-0.171021382	0.001022867	0.6419
44	54.0325	28.3977	53.3110	3.0	3.000	-0.121020976	-0.121593536	-0.000572560	-0.3593
45	65.4987	32.5273	51.2110	3.0	3.000	-0.156909363	-0.151847522	0.005061841	3.1764
46	58.2325	37.9022	61.1110	3.0	2.999	-0.165525530	-0.167979651	-0.002454121	-1.5400
47	60.0325	39.7273	53.2794	3.0	3.000	-0.164415003	-0.164929371	-0.000514369	-0.3228
48	58.5325	36.7273	49.9392	3.0	2.999	-0.146562595	-0.145608617	0.000953978	0.5986
49	61.5325	33.6635	49.1110	3.0	2.999	-0.156821360	-0.153020786	0.003800574	2.3849
50	57.9325	27.1072	56.0110	3.0	3.000	-0.137680859	-0.137537059	0.000143800	0.0902
51	51.0762	32.2273	53.6110	3.0	3.000	-0.113055985	-0.113710371	-0.000654386	-0.4106
52	55.0811	37.6273	51.5110	3.0	2.998	-0.142333615	-0.142816662	-0.000483047	-0.3031
53	51.0578	31.6273	56.3110	3.0	3.000	-0.110535300	-0.111061939	-0.000526640	-0.3305
54	59.7325	28.3273	51.6624	3.0	2.998	-0.161722446	-0.156165848	0.005556598	3.4868
55	61.2325	40.6067	57.2110	3.0	3.000	-0.156905945	-0.158033828	-0.001127883	-0.7078
56	61.2325	30.7273	49.0595	3.0	3.000	-0.153060220	-0.147256146	0.005804074	3.6421
57	63.6325	27.7086	54.5110	3.0	3.000	-0.160317443	-0.155865662	0.004451781	2.7935
58	52.3253	35.5273	53.6110	3.0	2.999	-0.137045416	-0.138472963	-0.001427547	-0.8958
59	52.5325	33.1273	58.3491	3.0	2.999	-0.134631534	-0.136509084	-0.001877550	-1.1782
60	64.7884	30.1273	50.9110	3.0	2.999	-0.154252434	-0.147763663	0.006488771	4.0718
61	61.2325	34.0273	61.7606	3.0	3.000	-0.151398927	-0.155655400	-0.004256473	-2.6710
62	65.2679	28.9273	56.3110	3.0	2.999	-0.155458796	-0.152601402	0.002857394	1.7930
63	51.9325	30.5397	52.7110	3.0	2.998	-0.113260887	-0.113953368	-0.000692480	-0.4345
64	61.5325	37.9273	60.2113	3.0	3.000	-0.162024167	-0.164771716	-0.002747549	-1.7241
65	53.7325	39.0552	56.3110	3.0	2.999	-0.157020539	-0.158064889	-0.001044350	-0.6553
66	52.4695	36.4273	56.0110	3.0	3.000	-0.151188199	-0.152683727	-0.001495528	-0.9385
67	57.6325	41.1352	57.2110	3.0	3.000	-0.160689785	-0.161236319	-0.000546534	-0.3430
68	58.5325	28.3273	59.4207	3.0	2.999	-0.136450745	-0.139529231	-0.003078486	-1.9318
69	64.2325	32.2273	59.3839	3.0	2.999	-0.161361915	-0.162905984	-0.001544069	-0.9689
70	54.0325	38.2529	59.6110	3.0	2.999	-0.153141196	-0.154462861	-0.001321665	-0.8294
71	64.2325	36.5009	59.0110	3.0	2.998	-0.151253058	-0.153438442	-0.002185384	-1.3713
72	56.1325	30.7273	60.7030	3.0	3.000	-0.138298583	-0.143999033	-0.005700450	-3.5771
73	55.5325	34.6273	61.3199	3.0	2.999	-0.157239674	-0.162483048	-0.005243374	-3.2903
74	53.4325	35.8273	51.9704	3.0	2.998	-0.138855423	-0.139747473	-0.000892050	-0.5598
75	55.3771	38.8273	53.9110	3.0	2.998	-0.169948446	-0.171288987	-0.001340542	-0.8412
76	60.6325	27.2499	55.4110	3.0	3.000	-0.158051930	-0.155764049	0.002287881	1.4357
77	57.0325	29.8273	50.8744	3.0	3.000	-0.154186749	-0.150855125	0.003331623	2.0906
78	60.6325	36.4265	61.4110	3.0	3.000	-0.159067515	-0.162407222	-0.003339707	-2.0957
79	53.4325	32.2273	50.4077	3.0	2.999	-0.125404656	-0.125426504	-0.000021848	-0.0137
80	60.0325	31.9273	61.6569	3.0	3.000	-0.149199226	-0.155144238	-0.005945012	-3.7306
81	61.8325	37.6696	52.4110	3.0	3.000	-0.169401623	-0.169024520	0.000377103	0.2366
82	63.9325	33.7273	59.9322	3.0	3.000	-0.156177521	-0.158608350	-0.002430829	-1.5254
83	52.8325	28.7446	56.0110	3.0	2.999	-0.110183072	-0.111206381	-0.001023308	-0.6421
84	57.6325	40.3273	53.9878	3.0	2.999	-0.164267673	-0.164996739	-0.000729066	-0.4575
85	57.0325	27.4431	58.1110	3.0	3.000	-0.126304569	-0.127939046	-0.001634478	-1.0257
86	52.4029	35.5273	57.8110	3.0	3.000	-0.148498330	-0.150148690	-0.001650360	-1.0356
87	65.8704	31.6273	57.5110	3.0	3.000	-0.158294440	-0.156984121	0.001310319	0.8222
88	54.3325	28.3273	57.8385	3.0	2.999	-0.115698649	-0.117405692	-0.001707042	-1.0712
89	57.3325	35.5273	61.8933	3.0	2.999	-0.158256773	-0.163095837	-0.004839063	-3.0366
90	57.6325	39.7273	59.8295	3.0	2.999	-0.164732377	-0.165813604	-0.001081227	-0.6785
91	64.8325	35.2759	53.0110	3.0	2.999	-0.169741758	-0.167684104	0.002057654	1.2912
92	54.1135	34.0273	50.3110	3.0	2.999	-0.133302561	-0.133047726	0.000254835	0.1599
93	65.6598	34.0273	56.0110	3.0	3.000	-0.170169044	-0.168585811	0.001583233	0.9935
94	56.1325	27.3050	54.8110	3.0	3.000	-0.128912794	-0.128966363	-0.000053569	-0.0336
95	59.1325	37.6273	50.9922	3.0	2.999	-0.156972044	-0.156540440	0.000431604	0.2708
96	66.0521	32.2273	53.6110	3.0	3.000	-0.169288626	-0.164530484	0.004758142	2.9858
97	56.7325	35.2273	49.0973	3.0	3.000	-0.134900108	-0.133566994	0.001333114	0.8365
98	63.3325	30.7273	59.7352	3.0	3.000	-0.157917700	-0.159912337	-0.001994637	-1.2517
99	63.6325	38.2976	56.9110	3.0	2.999	-0.158782928	-0.160382971	-0.001600043	-1.0040
100	54.9325	28.6273	52.1462	3.0	2.999	-0.129526346	-0.129145937	0.000380410	0.2387
101	63.9325	28.4352	57.8110	3.0	2.999	-0.152699369	-0.151700932	0.000998437	0.6265
102	58.8325	27.5676	53.9110	3.0	3.000	-0.155140532	-0.152343013	0.002797519	1.7555
103	63.9325	28.3890	52.4110	3.0	2.999	-0.159943848	-0.153458321	0.006485527	4.0697
104	56.3644	37.6273	50.6110	3.0	2.998	-0.140159549	-0.140101543	0.000058006	0.0364
105	62.7325	36.1185	51.2110	3.0	3.000	-0.165576610	-0.164120217	0.001456394	0.9139
106	60.0325	41.0691	57.5110	3.0	3.000	-0.156502149	-0.157371152	-0.000869003	-0.5453
107	56.7325	38.2899	60.8110	3.0	2.999	-0.163667377	-0.165584351	-0.001916974	-1.2029
108	60.9325	30.4273	60.3253	3.0	3.014	-0.156816144	-0.161723508	-0.004907363	-3.0794
109	58.5325	32.5273	62.2340	3.0	3.000	-0.143843332	-0.149989366	-0.006146034	-3.8567
110	57.6325	31.9273	49.6266	3.0	3.000	-0.154657734	-0.151196761	0.003460973	2.1718
111	64.5325	35.8273	54.7350	3.0	2.998	-0.175943124	-0.175065752	0.000877372	0.5506
112	61.3354	40.3273	55.1110	3.0	2.998	-0.159670465	-0.160491030	-0.000820565	-0.5149
113	61.5325	39.4273	59.0884	3.0	2.999	-0.159489491	-0.161385537	-0.001896046	-1.1898
114	60.0325	31.9273	49.0957	3.0	3.000	-0.158254227	-0.153441157	0.004813070	3.0202
115	60.3325	29.2273	50.0860	3.0	2.999	-0.156103378	-0.150066187	0.006037190	3.7884
116	63.4958	37.6273	54.5110	3.0	2.999	-0.168527173	-0.168669550	-0.000142377	-0.0893
117	60.0325	35.1347	49.1110	3.0	2.998	-0.147655972	-0.145592810	0.002063162	1.2947
118	54.0325	36.7273	60.4407	3.0	2.999	-0.152255588	-0.154460496	-0.002204908	-1.3836
119	54.9325	39.8672	57.8110	3.0	2.999	-0.161318881	-0.162072178	-0.000753297	-0.4727
120	61.5325	28.1462	58.4110	3.0	3.000	-0.153521648	-0.154391867	-0.000870220	-0.5461
121	53.1325	31.6273	58.8082	3.0	2.999	-0.128065714	-0.130466948	-0.002401234	-1.5068
122	63.8675	33.4273	49.7110	3.0	2.999	-0.154183619	-0.149780372	0.004403248	2.7631
123	55.5325	30.7273	50.2012	3.0	3.000	-0.138852691	-0.137185709	0.001666982	1.0460
124	54.9119	29.8273	59.9110	3.0	2.999	-0.124830952	-0.128294924	-0.003463972	-2.1737
125	62.1325	27.7255	52.4110	3.0	3.000	-0.159888401	-0.153883200	0.006005201	3.7683
126	52.6361	29.2273	53.3110	3.0	2.998	-0.113394516	-0.114131564	-0.000737048	-0.4625
127	64.5325	32.2273	49.9671	3.0	2.999	-0.152875886	-0.147500895	0.005374990	3.3729
128	63.3325	29.8273	49.8862	3.0	2.999	-0.151479489	-0.144931710	0.006547778	4.1088
129	60.0325	28.1739	59.3110	3.0	2.999	-0.141053511	-0.143396850	-0.002343339	-1.4705
130	61.8325	27.1857	55.7110	3.0	3.000	-0.156745276	-0.154315664	0.002429612	1.5246
131	54.2224	34.0273	60.2110	3.0	2.998	-0.155896017	-0.160342618	-0.004446601	-2.7903
132	57.6325	30.3335	60.8110	3.0	2.999	-0.142444595	-0.148691300	-0.006246705	-3.9199
133	63.0226	37.3273	59.9110	3.0	3.000	-0.152092791	-0.154788982	-0.002696191	-1.6919
134	58.8325	36.4273	61.4966	3.0	3.000	-0.166397376	-0.170237350	-0.003839975	-2.4096
135	53.1325	36.7273	59.4389	3.0	2.998	-0.149956556	-0.151716448	-0.001759891	-1.1043
136	65.7972	30.7273	52.7110	3.0	3.000	-0.162792751	-0.156858970	0.005933781	3.7235
137	61.8325	35.2273	49.7420	3.0	3.000	-0.156419571	-0.154113185	0.002306387	1.4473
138	59.7325	40.7557	54.5110	3.0	2.999	-0.159511869	-0.160166906	-0.000655036	-0.4110
139	64.8850	35.8273	57.2110	3.0	3.000	-0.161468376	-0.162300630	-0.000832253	-0.5222
140	50.8620	32.5273	55.4110	3.0	3.000	-0.113120269	-0.113632349	-0.000512079	-0.3213
141	51.9325	32.0197	51.8110	3.0	2.998	-0.116969750	-0.117694425	-0.000724675	-0.4547
142	62.3161	38.2273	53.9110	3.0	3.019	-0.174251981	-0.174537527	-0.000285546	-0.1792
143	57.3325	33.4273	49.0379	3.0	3.000	-0.142773391	-0.140402507	0.002370884	1.4878
144	64.5325	28.2765	56.6110	3.0	2.999	-0.154008148	-0.151604993	0.002403155	1.5080
145	66.1420	32.8273	56.0110	3.0	3.000	-0.165116774	-0.162786196	0.002330577	1.4625
146	51.4968	34.0273	53.3110	3.0	3.000	-0.122678728	-0.123725481	-0.001046753	-0.6568
147	57.3325	40.9997	55.7110	3.0	3.000	-0.162218459	-0.162813070	-0.000594611	-0.3731
148	65.8851	30.7273	53.9110	3.0	3.000	-0.169058915	-0.163600304	0.005458610	3.4253
149	65.8845	30.1273	56.6110	3.0	3.000	-0.156710388	-0.154165124	0.002545264	1.5972
150	65.5790	33.4273	51.8110	3.0	2.999	-0.160352419	-0.156132978	0.004219442	2.6477
151	58.5325	39.6125	53.0110	3.0	2.999	-0.166015968	-0.166644848	-0.000628880	-0.3946
152	61.8325	31.9273	48.8457	3.0	3.000	-0.152782616	-0.147539912	0.005242704	3.2898
153	59.4325	38.5273	52.3871	3.0	3.000	-0.171861576	-0.172131526	-0.000269951	-0.1694
154	51.4290	30.4273	56.3110	3.0	2.999	-0.107737957	-0.108355390	-0.000617433	-0.3874
155	54.0325	28.9273	52.1463	3.0	2.999	-0.123101978	-0.123277410	-0.000175432	-0.1101
156	58.7939	29.2273	51.2110	3.0	2.999	-0.166097188	-0.160713797	0.005383391	3.3781
157	58.2325	27.2365	57.5110	3.0	3.000	-0.134507485	-0.135428496	-0.000921011	-0.5779
158	59.1325	39.1273	60.4508	3.0	3.000	-0.162411345	-0.164098877	-0.001687532	-1.0589
159	57.6325	31.3273	61.6608	3.0	3.000	-0.141413237	-0.147852360	-0.006439123	-4.0406
160	64.3088	37.3273	57.8110	3.0	2.999	-0.153347723	-0.155082614	-0.001734891	-1.0887
161	57.6325	34.0273	62.3327	3.0	3.000	-0.147590825	-0.153301303	-0.005710478	-3.5834
162	56.4325	27.0346	56.6110	3.0	3.000	-0.123968462	-0.124743160	-0.000774698	-0.4861
163	55.5325	27.7273	58.1288	3.0	3.000	-0.118839893	-0.120584476	-0.001744583	-1.0947
164	54.6325	39.3051	55.1110	3.0	2.999	-0.163900956	-0.165032503	-0.001131548	-0.7101
165	57.0325	39.1273	53.1260	3.0	2.999	-0.170446630	-0.171403979	-0.000957349	-0.6007
166	62.7325	34.3427	61.1110	3.0	3.000	-0.150390580	-0.153675381	-0.003284801	-2.0612
167	55.5325	32.1779	61.1110	3.0	2.999	-0.143339075	-0.149346119	-0.006007044	-3.7695
168	51.6325	31.9273	57.5483	3.0	2.999	-0.116479283	-0.117429256	-0.000949973	-0.5961
169	57.0325	30.7273	50.3735	3.0	3.000	-0.156109284	-0.152676242	0.003433042	2.1543
170	53.7325	28.2101	55.1110	3.0	3.000	-0.115654328	-0.116698971	-0.001044642	-0.6555
171	52.8874	37.9273	56.3110	3.0	3.000	-0.152813131	-0.154061542	-0.001248411	-0.7834
172	53.0695	34.0273	58.7110	3.0	3.000	-0.150257727	-0.152835972	-0.002578245	-1.6179
173	63.9325	27.7273	55.4110	3.0	3.000	-0.156665241	-0.153189899	0.003475342	2.1808
174	51.0325	30.9496	55.1110	3.0	2.998	-0.107707787	-0.108166599	-0.000458812	-0.2879
175	59.7325	38.1037	60.8110	3.0	2.998	-0.165476438	-0.167873913	-0.002397475	-1.5044
176	62.5505	39.4273	56.9110	3.0	2.999	-0.161322338	-0.162880649	-0.001558311	-0.9779
177	61.2325	39.6450	53.9110	3.0	2.999	-0.164166961	-0.164740142	-0.000573181	-0.3597
178	55.8325	34.6273	49.2006	3.0	3.000	-0.132649898	-0.131421356	0.001228543	0.7709
179	51.3325	33.1273	56.8466	3.0	2.998	-0.120820799	-0.121616959	-0.000796159	-0.4996
180	64.0653	35.2273	59.6110	3.0	3.002	-0.154258707	-0.156694688	-0.002435982	-1.5286
181	61.5325	27.3109	56.6110	3.0	3.000	-0.155025524	-0.153695585	0.001329940	0.8345
182	64.8325	28.6273	54.2481	3.0	2.999	-0.162746954	-0.157614062	0.005132893	3.2209
183	52.1240	34.6273	52.4110	3.0	2.999	-0.127171752	-0.128269632	-0.001097880	-0.6889
184	53.2297	36.1273	53.0110	3.0	2.998	-0.145447438	-0.146863610	-0.001416172	-0.8887
185	57.9325	37.0273	61.4366	3.0	3.000	-0.165059366	-0.168327196	-0.003267831	-2.0506
186	60.9325	28.0273	51.5040	3.0	3.000	-0.157790738	-0.151782623	0.006008115	3.7701
187	52.7526	31.0273	51.2110	3.0	2.999	-0.119111868	-0.119534750	-0.000422882	-0.2654
188	52.0352	35.2273	54.8110	3.0	2.999	-0.138116469	-0.139497652	-0.001381183	-0.8667
189	56.2465	40.3273	57.8110	3.0	2.998	-0.168737329	-0.169308740	-0.000571410	-0.3586
190	61.4716	37.3273	51.2110	3.0	2.999	-0.158614701	-0.157829006	0.000785695	0.4930
191	51.1619	31.0273	53.9110	3.0	3.000	-0.109188612	-0.109732710	-0.000544098	-0.3414
192	61.5325	35.2273	61.6099	3.0	3.000	-0.151770047	-0.155334099	-0.003564052	-2.2365
193	54.6325	39.2467	59.0110	3.0	2.999	-0.157056176	-0.158019860	-0.000963684	-0.6047
194	59.4325	40.9033	58.4110	3.0	3.000	-0.157186590	-0.158063564	-0.000876974	-0.5503
195	57.3325	27.5976	53.9110	3.0	3.000	-0.143650773	-0.142230004	0.001420769	0.8915
196	63.9325	29.1502	50.9110	3.0	2.999	-0.153934027	-0.147207168	0.006726858	4.2212
197	55.5325	38.7582	60.2110	3.0	2.999	-0.158846332	-0.160215751	-0.001369419	-0.8593
198	54.6325	35.9689	50.3110	3.0	2.998	-0.132459449	-0.132266988	0.000192461	0.1208
199	59.4325	29.3550	60.2110	3.0	2.999	-0.144470454	-0.149028217	-0.004557763	-2.8600
200	56.4325	38.4020	51.8110	3.0	3.000	-0.151852671	-0.152397542	-0.000544871	-0.3419
201	53.7325	29.8273	58.7581	3.0	2.999	-0.119379995	-0.121662406	-0.002282411	-1.4322
202	54.9325	31.4566	50.0110	3.0	2.998	-0.134560130	-0.133426703	0.001133427	0.7112
203	58.2325	37.6273	50.5861	3.0	3.000	-0.148579946	-0.148192369	0.000387578	0.2432
204	59.4325	27.9503	53.0110	3.0	3.000	-0.164113398	-0.159641470	0.004471927	2.8062
205	54.1272	37.3273	53.0110	3.0	2.999	-0.153116558	-0.154407150	-0.001290592	-0.8099
206	55.8325	28.0216	53.3110	3.0	3.000	-0.135275622	-0.134764785	0.000510838	0.3206
207	59.7325	33.4273	48.9383	3.0	3.000	-0.152722181	-0.149442262	0.003279918	2.0582
208	61.5325	29.5273	49.6416	3.0	2.999	-0.152671867	-0.146348828	0.006323039	3.9678
209	56.4325	39.8428	54.2110	3.0	2.999	-0.169090123	-0.170036080	-0.000945957	-0.5936
210	57.3325	40.6757	58.4110	3.0	3.000	-0.162794477	-0.163418824	-0.000624346	-0.3918
211	58.5325	28.6273	52.3412	3.0	2.999	-0.166283570	-0.161704456	0.004579114	2.8734
212	65.8626	32.8273	57.2110	3.0	3.000	-0.162330095	-0.161181434	0.001148661	0.7208
213	54.3325	38.5273	54.3588	3.0	2.998	-0.162674030	-0.164055211	-0.001381181	-0.8667
214	52.5325	28.8852	54.5110	3.0	3.000	-0.110212917	-0.111016715	-0.000803798	-0.5044
215	52.3307	34.3273	57.5110	3.0	2.999	-0.142700553	-0.144206081	-0.001505528	-0.9447
216	62.1325	30.4273	59.9488	3.0	3.008	-0.159936346	-0.163279469	-0.003343123	-2.0978
217	52.4104	36.7273	57.2110	3.0	3.000	-0.149506383	-0.150906405	-0.001400022	-0.8785
218	53.8320	28.3273	56.3110	3.0	3.023	-0.115150476	-0.116448551	-0.001298075	-0.8146
219	56.4325	34.3273	61.9398	3.0	3.000	-0.150971801	-0.156581338	-0.005609538	-3.5200
220	63.8744	36.1273	53.3110	3.0	2.999	-0.176698333	-0.175647500	0.001050832	0.6594
221	59.4325	26.9587	56.9110	3.0	3.000	-0.140266565	-0.140143707	0.000122857	0.0771
222	60.3325	34.9273	61.8734	3.0	3.000	-0.155214959	-0.159550250	-0.004335291	-2.7204
223	59.7325	36.1273	49.5483	3.0	2.999	-0.147320374	-0.145883430	0.001436944	0.9017
224	64.7468	33.7273	50.6110	3.0	2.999	-0.156649261	-0.152520569	0.004128693	2.5908
225	61.5325	32.6879	61.4110	3.0	2.997	-0.151977643	-0.156538032	-0.004560389	-2.8617
226	53.1780	37.3273	54.8110	3.0	3.000	-0.156200602	-0.157754611	-0.001554009	-0.9752
227	65.9568	32.8273	52.7110	3.0	3.000	-0.163999842	-0.159476169	0.004523673	2.8386
228	57.0325	36.6669	49.7110	3.0	3.000	-0.137740633	-0.136994203	0.000746430	0.4684
229	60.0325	27.4273	54.5343	3.0	2.999	-0.160643222	-0.157601264	0.003041958	1.9089
230	52.8325	36.1273	54.5197	3.0	3.000	-0.151680062	-0.153413694	-0.001733632	-1.0879
231	63.9325	29.6950	59.0110	3.0	2.998	-0.153984960	-0.154444144	-0.000459185	-0.2881
232	60.6325	40.9273	55.9341	3.0	2.998	-0.157247657	-0.158073963	-0.000826306	-0.5185
233	60.9325	38.7710	53.0110	3.0	2.999	-0.170532438	-0.170791776	-0.000259339	-0.1627
234	54.6325	39.7273	56.2933	3.0	2.999	-0.162276251	-0.163169659	-0.000893408	-0.5606
235	57.2390	28.3273	59.3110	3.0	2.998	-0.130234295	-0.133225931	-0.002991636	-1.8773
236	62.1325	36.7273	60.7529	3.0	3.004	-0.155055674	-0.158100899	-0.003045225	-1.9109
237	55.2325	29.2273	51.2949	3.0	3.000	-0.133769274	-0.132767598	0.001001677	0.6286
238	62.6974	27.7273	57.5110	3.0	2.999	-0.152816462	-0.151967973	0.000848489	0.5324
239	58.8325	41.3259	56.9110	3.0	3.000	-0.157692577	-0.158323429	-0.000630852	-0.3959
240	56.1325	35.5273	61.4623	3.0	3.000	-0.161492125	-0.166150584	-0.004658460	-2.9232
241	63.5787	32.5273	60.2110	3.0	2.999	-0.155451413	-0.158027632	-0.002576219	-1.6166
242	53.4775	38.8273	57.5110	3.0	2.999	-0.154023989	-0.155033646	-0.001009657	-0.6336
243	59.7325	31.0273	61.2272	3.0	2.999	-0.149181336	-0.155357013	-0.006175677	-3.8753
244	59.7325	30.7273	49.4470	3.0	3.000	-0.158450392	-0.153041573	0.005408819	3.3941
245	55.2325	27.9059	54.2110	3.0	2.999	-0.128391319	-0.128814291	-0.000422972	-0.2654
246	52.5325	32.5273	51.0582	3.0	2.999	-0.121140426	-0.121683533	-0.000543106	-0.3408
247	65.1325	32.9139	58.4110	3.0	2.998	-0.162366721	-0.162697838	-0.000331116	-0.2078
248	51.3325	34.1377	54.5110	3.0	2.998	-0.124020981	-0.124976360	-0.000955379	-0.5995
249	58.8325	27.1662	55.1110	3.0	3.000	-0.147333978	-0.145852833	0.001481145	0.9294
250	54.9325	37.6273	60.7007	3.0	2.999	-0.155190101	-0.157150581	-0.001960480	-1.2302
251	64.8882	35.5273	56.0110	3.0	3.000	-0.171157578	-0.170858940	0.000298637	0.1874
252	55.2325	38.1816	52.7110	3.0	3.000	-0.156641597	-0.157707242	-0.001065645	-0.6687
253	54.6325	33.4273	49.9307	3.0	2.999	-0.134457825	-0.133684630	0.000773195	0.4852
254	63.9425	35.8273	52.1110	3.0	3.000	-0.168051865	-0.166377470	0.001674395	1.0507
255	60.6325	39.2674	59.9110	3.0	2.998	-0.160150175	-0.162002054	-0.001851880	-1.1621
256	61.3061	31.6273	61.1110	3.0	2.998	-0.152513001	-0.157366752	-0.004853751	-3.0458
257	52.4835	29.2273	56.6110	3.0	2.999	-0.109330921	-0.110338499	-0.001007579	-0.6323
258	58.5325	27.7172	58.7110	3.0	3.000	-0.134545927	-0.136564246	-0.002018319	-1.2665
259	56.4325	28.5499	52.1110	3.0	2.999	-0.143485176	-0.141609476	0.001875700	1.1770
260	56.5794	31.9273	49.7110	3.0	2.997	-0.147600088	-0.144963403	0.002636685	1.6545
261	59.7325	33.4273	62.1557	3.0	3.000	-0.149119844	-0.154595494	-0.005475649	-3.4360
262	54.6901	31.3273	60.2110	3.0	2.999	-0.135637078	-0.140246220	-0.004609141	-2.8923
263	64.4793	33.4273	59.0110	3.0	3.000	-0.163522138	-0.165045541	-0.001523403	-0.9559
264	56.7325	39.5428	59.6110	3.0	2.999	-0.167951800	-0.168933464	-0.000981664	-0.6160
265	60.9325	34.6273	49.1609	3.0	3.000	-0.152412695	-0.149778604	0.002634091	1.6529
266	55.9660	40.3273	56.6110	3.0	2.999	-0.169848890	-0.170489711	-0.000640821	-0.4021
267	55.5516	33.1273	61.4110	3.0	3.000	-0.147021335	-0.152938809	-0.005917473	-3.7133
268	64.8947	29.2273	52.4110	3.0	2.999	-0.160430444	-0.153922866	0.006507578	4.0836
269	65.1325	31.9273	58.6349	3.0	2.999	-0.158603834	-0.158747399	-0.000143566	-0.0901
270	60.9325	29.5273	60.0009	3.0	2.999	-0.151378480	-0.155063697	-0.003685217	-2.3125
271	55.2325	37.0273	50.6464	3.0	2.999	-0.136321319	-0.136327624	-0.000006305	-0.0040
272	63.6018	37.6273	59.0110	3.0	2.999	-0.151652960	-0.154018328	-0.002365369	-1.4843
273	60.9325	40.1918	58.7110	3.0	2.999	-0.157589086	-0.158990260	-0.001401174	-0.8792
274	53.1325	33.4273	50.6841	3.0	2.999	-0.126489385	-0.126810060	-0.000320675	-0.2012
275	51.6325	30.5385	56.9110	3.0	2.998	-0.109351633	-0.110113573	-0.000761940	-0.4781
276	64.2325	31.0273	49.8868	3.0	2.999	-0.151780093	-0.145675170	0.006104923	3.8309
277	55.8325	29.8273	60.3258	3.0	2.999	-0.129485046	-0.133742167	-0.004257121	-2.6714
278	66.1247	31.0273	56.6110	3.0	3.000	-0.158565216	-0.156165894	0.002399321	1.5056
279	62.7325	27.7466	53.3110	3.0	3.000	-0.164737369	-0.158998389	0.005738980	3.6013
280	65.8977	33.4273	54.8110	3.0	3.000	-0.172262702	-0.169212370	0.003050333	1.9141
281	62.1295	38.5273	59.3110	3.0	3.000	-0.160972405	-0.163473872	-0.002501467	-1.5697
282	63.0362	34.3273	49.7110	3.0	3.000	-0.156884513	-0.153418437	0.003466077	2.1750
283	57.9325	38.8643	60.5110	3.0	2.999	-0.166842148	-0.168492855	-0.001650707	-1.0358
284	53.1325	29.8273	51.7401	3.0	2.999	-0.118927086	-0.119329291	-0.000402205	-0.2524
285	56.7325	27.0645	55.4110	3.0	3.000	-0.129785570	-0.129828391	-0.000042821	-0.0269
286	52.3487	35.5273	56.6110	3.0	3.000	-0.149484082	-0.150979256	-0.001495174	-0.9382
287	54.4384	34.6273	50.0110	3.0	2.999	-0.131670105	-0.131210575	0.000459530	0.2884
288	52.5815	36.4273	58.4110	3.0	3.000	-0.148870663	-0.150457148	-0.001586485	-0.9955
289	58.8325	40.9800	54.8110	3.0	3.000	-0.159796963	-0.160431132	-0.000634168	-0.3979
290	58.8325	31.6273	61.8558	3.0	2.999	-0.144022165	-0.150331757	-0.006309593	-3.9593
291	63.8529	36.4273	59.6110	3.0	2.999	-0.150654886	-0.153150811	-0.002495925	-1.5662
292	62.4325	30.7273	49.1418	3.0	3.000	-0.151213535	-0.145166346	0.006047189	3.7947
293	53.7325	31.3273	50.4262	3.0	2.999	-0.125617089	-0.125442580	0.000174509	0.1095
294	58.8325	32.2273	49.3603	3.0	3.000	-0.158576061	-0.154572096	0.004003965	2.5125
295	62.7335	39.1273	56.0110	3.0	3.000	-0.164240692	-0.165523585	-0.001282893	-0.8050
296	64.9601	34.6273	51.8110	3.0	2.999	-0.162900087	-0.159833631	0.003066455	1.9242
297	54.0325	31.0273	59.6589	3.0	2.999	-0.129171431	-0.132650580	-0.003479148	-2.1832
298	62.7325	28.1551	51.5110	3.0	2.999	-0.156037199	-0.149518096	0.006519103	4.0908
299	54.0325	35.5273	60.5373	3.0	3.000	-0.152945509	-0.156004993	-0.003059484	-1.9199
300	58.5325	29.8273	60.3158	3.0	3.005	-0.146314570	-0.152163794	-0.005849224	-3.6704
301	65.1325	29.2273	57.2991	3.0	2.998	-0.154037266	-0.152212074	0.001825192	1.1453
302	52.1383	29.2273	55.7110	3.0	2.999	-0.107784544	-0.108577987	-0.000793443	-0.4979
303	66.0325	30.2245	55.1110	3.0	2.998	-0.161555216	-0.157461788	0.004093428	2.5687
304	55.2325	36.1273	61.2248	3.0	3.000	-0.156641221	-0.159990451	-0.003349230	-2.1017
305	62.4325	37.2140	52.4110	3.0	2.999	-0.169848978	-0.169259365	0.000589613	0.3700
306	64.6619	35.8273	58.4110	3.0	3.000	-0.155315724	-0.157001274	-0.001685551	-1.0577
307	56.4055	31.6273	61.4110	3.0	2.999	-0.141143626	-0.147442309	-0.006298683	-3.9525
308	62.1325	39.3263	58.4110	3.0	2.998	-0.160127924	-0.162088485	-0.001960560	-1.2303
309	54.9325	28.9926	59.3110	3.0	2.999	-0.120531761	-0.123223985	-0.002692223	-1.6894
310	52.8325	35.2273	59.0062	3.0	3.000	-0.149324202	-0.151501563	-0.002177361	-1.3663
311	64.0694	37.0273	54.8110	3.0	2.999	-0.168035099	-0.167977427	0.000057672	0.0362
312	57.6325	29.0019	59.9110	3.0	2.999	-0.135698154	-0.139871922	-0.004173768	-2.6191
313	55.8325	27.1626	55.7110	3.0	3.000	-0.123257973	-0.123829880	-0.000571907	-0.3589
314	62.7325	28.6273	58.7670	3.0	2.999	-0.153022711	-0.153659789	-0.000637078	-0.3998
315	64.2325	28.3273	53.8023	3.0	2.998	-0.165005759	-0.159345105	0.005660653	3.5521
316	60.0325	37.0719	50.3110	3.0	2.999	-0.151343777	-0.150410313	0.000933464	0.5858
317	63.0325	33.1273	49.2102	3.0	3.000	-0.153371090	-0.148806621	0.004564469	2.8642
318	63.1349	31.6273	60.2110	3.0	2.998	-0.156774506	-0.159569801	-0.002795295	-1.7541
319	63.1613	37.3273	53.6110	3.0	2.998	-0.172038086	-0.171745209	0.000292877	0.1838
320	53.7325	35.0193	50.9110	3.0	2.998	-0.133824916	-0.134081432	-0.000256517	-0.1610
321	56.6799	40.6273	55.4110	3.0	2.999	-0.165433808	-0.166116022	-0.000682213	-0.4281
322	58.2325	35.2273	62.1293	3.0	3.000	-0.154801680	-0.159716835	-0.004915155	-3.0843
323	60.6325	37.8454	51.5110	3.0	2.999	-0.161023515	-0.160575396	0.000448119	0.2812
324	64.5728	30.7273	59.0110	3.0	2.999	-0.155681029	-0.156078820	-0.000397791	-0.2496
325	53.9803	36.7273	51.8110	3.0	2.999	-0.139874756	-0.140567866	-0.000693110	-0.4349
326	61.6694	40.3273	56.0110	3.0	2.998	-0.158680067	-0.159704569	-0.001024502	-0.6429
327	66.2141	32.2273	54.8110	3.0	3.000	-0.167816734	-0.164041987	0.003774747	2.3687
328	63.0325	35.4213	50.6110	3.0	2.999	-0.162329638	-0.160079696	0.002249941	1.4119
329	65.4693	34.3273	53.0110	3.0	3.000	-0.167867918	-0.164806848	0.003061070	1.9209
330	51.4335	32.8273	52.7110	3.0	3.000	-0.117110898	-0.117965961	-0.000855062	-0.5366
331	58.8325	35.2273	49.2211	3.0	3.000	-0.146226308	-0.144389766	0.001836542	1.1524
332	58.5325	40.3273	59.4119	3.0	2.999	-0.160156035	-0.161128105	-0.000972070	-0.6100
333	65.3136	31.6273	50.9110	3.0	2.999	-0.155095356	-0.149369674	0.005725682	3.5929
334	57.3325	38.2273	51.2366	3.0	2.999	-0.149974490	-0.150130096	-0.000155606	-0.0976
335	62.7325	27.4886	54.2110	3.0	3.000	-0.162089642	-0.157526649	0.004562992	2.8633
336	65.0187	34.6273	56.9110	3.0	2.999	-0.172826846	-0.172686587	0.000140259	0.0880
337	53.7325	33.7273	59.5119	3.0	2.998	-0.153729822	-0.157528414	-0.003798592	-2.3837
338	56.1325	35.8273	49.4116	3.0	3.000	-0.133045506	-0.132148975	0.000896531	0.5626
339	65.5593	30.7273	51.8110	3.0	2.999	-0.158151089	-0.152037673	0.006113416	3.8362
340	65.1325	34.7275	54.5110	3.0	2.998	-0.178271679	-0.176206501	0.002065178	1.2959
341	57.0325	30.7273	61.0291	3.0	2.999	-0.140927171	-0.147212091	-0.006284920	-3.9438
342	56.7325	36.4273	61.4912	3.0	3.000	-0.163047827	-0.166812987	-0.003765161	-2.3627
343	54.9325	27.5817	55.4110	3.0	2.999	-0.120592827	-0.121438815	-0.000845988	-0.5309
344	57.9325	34.6273	49.0378	3.0	3.000	-0.142654014	-0.140673569	0.001980444	1.2427
345	60.3516	27.1273	57.2110	3.0	2.999	-0.144892812	-0.144698689	0.000194123	0.1218
346	62.5173	33.1273	61.1110	3.0	2.998	-0.151477772	-0.155098784	-0.003621011	-2.2722
347	57.3325	28.9823	51.8110	3.0	2.999	-0.156379401	-0.153022221	0.003357179	2.1067
348	62.7325	27.2849	55.4110	3.0	3.000	-0.156829153	-0.153749098	0.003080055	1.9328
349	57.9325	35.9959	49.4110	3.0	2.998	-0.141423923	-0.140154728	0.001269195	0.7964
350	52.8325	35.0224	51.8110	3.0	2.999	-0.131741729	-0.132656271	-0.000914542	-0.5739
351	51.7277	33.7273	52.4110	3.0	2.999	-0.121446400	-0.122428065	-0.000981665	-0.6160
352	64.0401	37.6273	56.0110	3.0	2.999	-0.161872979	-0.162775278	-0.000902299	-0.5662
353	59.4325	29.5124	50.3110	3.0	3.000	-0.160239293	-0.154565703	0.005673590	3.5602
354	55.8325	33.4273	49.2678	3.0	3.000	-0.135821951	-0.134219055	0.001602896	1.0058
355	52.8325	30.8377	58.4110	3.0	2.998	-0.119510841	-0.121303986	-0.001793145	-1.1252
356	53.7325	28.9273	57.7000	3.0	2.998	-0.115448053	-0.117120639	-0.001672587	-1.0496
357	59.4325	40.3273	53.7571	3.0	2.998	-0.161828900	-0.162442727	-0.000613827	-0.3852
358	55.2325	27.4817	57.2110	3.0	3.000	-0.117651098	-0.118968178	-0.001317081	-0.8265
359	59.7325	36.7273	61.2659	3.0	2.999	-0.166797787	-0.170172383	-0.003374596	-2.1176
360	59.7325	30.1599	60.5110	3.0	3.001	-0.150925089	-0.156652035	-0.005726946	-3.5937
361	57.6325	30.1123	50.9110	3.0	3.000	-0.164314450	-0.160006210	0.004308240	2.7035
362	65.7325	29.5273	55.2359	3.0	2.998	-0.159761733	-0.155741349	0.004020384	2.5228
363	56.1325	38.5751	52.7110	3.0	3.000	-0.162444452	-0.163438686	-0.000994234	-0.6239
364	60.6325	27.6432	53.0110	3.0	3.000	-0.163110987	-0.158074258	0.005036729	3.1606
365	64.2325	36.1273	50.6234	4.0	4.000	-0.142645100	-0.140824848	0.001820252	1.1422
366	50.4325	31.0273	57.2136	4.0	4.000	-0.101920744	-0.102737836	-0.000817092	-0.5127
367	57.6325	40.9273	60.0688	4.0	3.999	-0.139295415	-0.140280388	-0.000984973	-0.6181
368	62.4325	28.6273	60.1458	4.0	4.000	-0.135140844	-0.136666048	-0.001525205	-0.9571
369	54.0831	37.6273	50.6110	4.0	3.999	-0.123591059	-0.123835449	-0.000244391	-0.1534
370	58.2325	28.3273	51.0675	4.0	3.998	-0.145012605	-0.141339495	0.003673111	2.3049
371	65.4038	36.4273	59.0110	4.0	4.000	-0.136043318	-0.137284931	-0.001241613	-0.7791
372	56.4325	33.1273	63.0349	4.0	4.000	-0.127457311	-0.131778678	-0.004321368	-2.7117
373	66.1470	28.9273	53.6110	4.0	3.999	-0.141398669	-0.137262065	0.004136605	2.5958
374	60.0325	41.1369	53.3110	4.0	3.999	-0.139842667	-0.140231367	-0.000388700	-0.2439
375	51.5450	37.3273	57.5110	4.0	4.000	-0.129138267	-0.130309219	-0.001170951	-0.7348
376	55.5325	26.2282	56.9110	4.0	4.000	-0.109648492	-0.110362497	-0.000714005	-0.4480
377	51.9325	31.8479	50.3110	4.0	3.998	-0.107925245	-0.108086661	-0.000161416	-0.1013
378	58.8325	34.0273	47.9858	4.0	4.000	-0.131766840	-0.129578251	0.002188589	1.3734
379	63.0325	30.1273	48.4207	4.0	4.000	-0.130348930	-0.125865172	0.004483758	2.8136
380	61.8325	26.1995	55.1110	4.0	4.000	-0.136960989	-0.134657799	0.002303190	1.4453
381	61.5325	35.5273	62.6106	4.0	4.000	-0.134656727	-0.137571462	-0.002914735	-1.8290
382	66.8147	31.3273	57.8110	4.0	4.000	-0.136455718	-0.135438215	0.001017503	0.6385
383	62.1325	40.8531	58.4110	4.0	3.999	-0.136676617	-0.137839653	-0.001163037	-0.7298
384	55.5403	41.2273	56.0110	4.0	4.000	-0.143465952	-0.144131666	-0.000665714	-0.4177
385	50.4096	34.3273	53.9110	4.0	4.000	-0.111429557	-0.112216218	-0.000786661	-0.4936
386	54.0325	29.2273	60.2926	4.0	3.999	-0.111357851	-0.113811904	-0.002454054	-1.5399
387	52.5325	27.8853	53.6110	4.0	3.999	-0.104059400	-0.104496748	-0.000437349	-0.2744
388	66.6858	34.0273	53.9110	4.0	4.000	-0.148402557	-0.145977643	0.002424914	1.5217
389	54.5610	37.6273	61.7110	4.0	3.999	-0.133707240	-0.135682678	-0.001975437	-1.2396
390	58.8325	38.2273	49.9448	4.0	3.999	-0.135738555	-0.135268120	0.000470435	0.2952
391	64.2325	38.2273	54.1905	4.0	4.000	-0.148432335	-0.148397596	0.000034740	0.0218
392	52.6512	33.7273	59.9110	4.0	3.999	-0.131326435	-0.133890917	-0.002564482	-1.6092
393	64.1183	32.5273	61.1110	4.0	3.999	-0.136091057	-0.138087890	-0.001996833	-1.2530
394	58.5325	29.7401	61.7110	4.0	3.999	-0.128538113	-0.132853738	-0.004315625	-2.7081
395	54.6325	33.7273	48.6606	4.0	3.999	-0.118976740	-0.118138332	0.000838408	0.5261
396	62.7325	27.1606	51.2110	4.0	4.000	-0.134694605	-0.130124014	0.004570591	2.8681
397	65.4325	27.6320	56.3110	4.0	3.999	-0.133339211	-0.131174204	0.002165008	1.3586
398	66.3078	31.6273	50.6110	4.0	4.000	-0.134063114	-0.129998739	0.004064375	2.5504
399	59.4325	26.3313	58.4110	4.0	4.000	-0.122675315	-0.123365802	-0.000690487	-0.4333
400	60.9325	39.1273	61.1223	4.0	4.000	-0.140460384	-0.142322579	-0.001862195	-1.1685
401	58.5325	42.3211	56.9110	4.0	4.000	-0.135828756	-0.136432282	-0.000603526	-0.3787
402	62.4325	33.7273	48.1520	4.0	4.000	-0.134561763	-0.131439095	0.003122668	1.9595
403	57.9325	26.4495	54.2110	4.0	4.000	-0.130239296	-0.128925069	0.001314227	0.8247
404	53.7325	39.7273	59.4095	4.0	3.999	-0.133401528	-0.134417878	-0.001016350	-0.6378
405	54.6325	28.9273	50.2919	4.0	4.000	-0.117192837	-0.116302286	0.000890550	0.5588
406	56.7325	40.1604	52.7110	4.0	3.999	-0.145218980	-0.145817264	-0.000598284	-0.3754
407	52.8325	37.6273	53.6425	4.0	3.999	-0.137907864	-0.139049602	-0.001141738	-0.7165
408	50.2555	30.7273	53.6110	4.0	4.000	-0.099768607	-0.100252554	-0.000483947	-0.3037
409	57.6325	36.4273	62.6279	4.0	4.000	-0.141606241	-0.144903774	-0.003297533	-2.0692
410	59.4929	30.4273	48.5110	4.0	3.999	-0.137131879	-0.133199316	0.003932563	2.4677
411	61.8325	38.7575	52.1110	4.0	4.000	-0.150864210	-0.150651746	0.000212464	0.1333
412	60.6325	32.2273	62.6593	4.0	4.000	-0.133130215	-0.137197144	-0.004066929	-2.5520
413	52.8325	28.3273	57.7863	4.0	4.000	-0.105125706	-0.106394104	-0.001268398	-0.7959
414	51.5977	34.6273	51.2110	4.0	4.000	-0.113208041	-0.113753444	-0.000545403	-0.3422
415	65.8267	35.8273	55.7110	4.0	4.000	-0.151315647	-0.150767816	0.000547831	0.3438
416	51.3325	34.6273	57.8301	4.0	4.000	-0.125832899	-0.127173796	-0.001340897	-0.8414
417	57.0325	27.7273	60.1647	4.0	3.999	-0.117484658	-0.119938836	-0.002454178	-1.5400
418	56.1325	36.4273	48.5557	4.0	4.000	-0.120565032	-0.119849263	0.000715768	0.4492
419	61.8325	36.8706	49.4110	4.0	3.999	-0.136431835	-0.135094693	0.001337142	0.8391
420	56.4325	31.0273	49.0894	4.0	4.001	-0.132678446	-0.130444999	0.002233447	1.4015
421	67.2009	30.7273	55.1110	4.0	4.000	-0.139407158	-0.136566385	0.002840773	1.7826
422	62.4325	40.7904	55.1110	4.0	3.999	-0.139595240	-0.140207638	-0.000612398	-0.3843
423	63.9325	35.2273	61.3545	4.0	3.999	-0.133806059	-0.135994570	-0.002188512	-1.3733
424	65.1325	29.2223	50.3110	4.0	4.000	-0.132239630	-0.127520139	0.004719491	2.9615
425	62.4325	26.5782	57.5110	4.0	4.000	-0.132876529	-0.132127687	0.000748842	0.4699
426	65.4325	30.1273	59.4101	4.0	3.999	-0.134294049	-0.134362586	-0.000068537	-0.0430
427	64.5325	27.1040	54.2110	4.0	4.000	-0.137779325	-0.134263090	0.003516234	2.2065
428	55.2325	27.3146	52.4110	4.0	4.000	-0.118620118	-0.117997313	0.000622806	0.3908
429	63.6064	38.5273	59.9110	4.0	4.000	-0.135453738	-0.137250460	-0.001796721	-1.1275
430	51.9325	36.4273	59.4670	4.0	3.998	-0.128657586	-0.130218474	-0.001560887	-0.9795
431	59.1325	34.0273	63.3236	4.0	4.000	-0.131220487	-0.135198398	-0.003977910	-2.4962
432	61.2325	28.3273	49.3421	4.0	3.999	-0.132867920	-0.128331048	0.004536872	2.8469
433	65.1325	36.4014	53.0110	4.0	4.000	-0.150696086	-0.149447403	0.001248683	0.7836
434	65.4325	33.4273	59.4167	4.0	4.010	-0.143297124	-0.144211390	-0.000914266	-0.5737
435	52.5325	31.0273	59.5122	4.0	3.999	-0.114882488	-0.116990440	-0.002107952	-1.3228
436	60.0325	26.8273	52.5615	4.0	4.000	-0.141187440	-0.137602594	0.003584846	2.2495
437	56.4325	41.6435	57.8110	4.0	4.000	-0.140237969	-0.140882464	-0.000644496	-0.4044
438	51.0325	28.9033	55.4110	4.0	4.000	-0.098519673	-0.099140426	-0.000620753	-0.3895
439	60.0325	41.2662	59.6110	4.0	4.000	-0.135821102	-0.136876708	-0.001055606	-0.6624
440	56.1325	30.7648	62.0110	4.0	3.999	-0.124303549	-0.128687418	-0.004383869	-2.7509
441	56.7325	38.7372	61.7110	4.0	3.999	-0.140872879	-0.142689095	-0.001816216	-1.1397
442	49.9307	32.5273	56.0110	4.0	4.000	-0.104056741	-0.104728479	-0.000671738	-0.4215
443	57.6325	41.8273	54.5856	4.0	3.999	-0.138789207	-0.139325569	-0.000536361	-0.3366
444	65.3381	37.6273	57.5110	4.0	4.000	-0.137656666	-0.138541845	-0.000885179	-0.5555
445	59.4325	27.7273	60.3359	4.0	3.999	-0.124451900	-0.126753640	-0.002301741	-1.4444
446	51.5538	36.1273	55.4110	4.0	4.009	-0.131711262	-0.132916672	-0.001205410	-0.7564
447	67.1009	33.1273	56.0110	4.0	4.000	-0.142922415	-0.141234408	0.001688008	1.0592
448	54.3325	32.8273	61.6261	4.0	3.999	-0.129457035	-0.133421564	-0.003964529	-2.4878
449	55.5325	35.2273	62.3961	4.0	3.999	-0.137336487	-0.141014830	-0.003678343	-2.3082
450	52.8423	39.4273	55.7110	4.0	4.000	-0.134693299	-0.135628487	-0.000935188	-0.5868
451	59.1325	36.2578	48.5110	4.0	3.998	-0.130725843	-0.129403459	0.001322385	0.8298
452	62.1325	30.4273	61.3458	4.0	3.999	-0.136507051	-0.139446103	-0.002939052	-1.8443
453	52.2325	29.2273	51.5362	4.0	4.000	-0.105486088	-0.105671230	-0.000185142	-0.1162
454	54.6325	26.6544	55.1110	4.0	3.999	-0.110412135	-0.110821698	-0.000409562	-0.2570
455	65.9293	34.0273	50.6110	4.0	3.999	-0.136779689	-0.133737276	0.003042414	1.9091
456	56.4325	38.9251	50.6110	4.0	3.999	-0.130908445	-0.131019811	-0.000111366	-0.0699
457	64.5325	32.5273	48.7333	4.0	4.000	-0.131700423	-0.127901023	0.003799401	2.3842
458	52.2325	36.5682	52.7110	4.0	3.999	-0.127102153	-0.128055174	-0.000953021	-0.5980
459	50.5982	32.8273	52.1110	4.0	4.000	-0.105812085	-0.106376141	-0.000564056	-0.3540
460	66.7395	30.7273	52.1110	4.0	4.000	-0.137813369	-0.133643376	0.004169993	2.6167
461	59.4325	39.6114	51.8110	4.0	3.999	-0.146725785	-0.146861789	-0.000136004	-0.0853
462	54.6325	39.1273	53.1260	4.0	3.999	-0.144694464	-0.145614260	-0.000919796	-0.5772
463	58.5325	31.9273	63.0971	4.0	4.000	-0.126862984	-0.131284777	-0.004421794	-2.7747
464	63.6325	39.6315	56.6110	4.0	4.001	-0.142865455	-0.143890644	-0.001025190	-0.6433
465	55.2325	27.3809	59.3110	4.0	3.999	-0.109547152	-0.111328108	-0.001780957	-1.1176
466	60.0325	36.9234	62.3110	4.0	3.999	-0.142777278	-0.145615029	-0.002837750	-1.7807
467	62.7325	37.0273	61.5327	4.0	4.004	-0.135994765	-0.138326417	-0.002331651	-1.4631
468	61.2325	31.6273	47.8623	4.0	4.000	-0.133271929	-0.129428575	0.003843353	2.4117
469	52.5325	38.2273	59.5090	4.0	3.999	-0.129911047	-0.131166313	-0.001255267	-0.7877
470	62.5659	33.7273	62.3110	4.0	3.998	-0.133304027	-0.136206280	-0.002902254	-1.8212
471	60.2359	42.1273	56.0110	4.0	3.998	-0.135521585	-0.136142924	-0.000621338	-0.3899
472	51.0325	32.4576	58.4110	4.0	3.998	-0.111616185	-0.112891359	-0.001275174	-0.8002
473	59.1325	25.9786	55.7110	4.0	4.000	-0.128097562	-0.127207962	0.000889600	0.5582
474	66.3669	28.6273	55.4110	4.0	4.000	-0.135810913	-0.132985519	0.002825394	1.7730
475	53.7325	31.6273	49.2406	4.0	4.000	-0.115214235	-0.114641693	0.000572542	0.3593
476	64.2325	27.8890	58.7110	4.0	3.999	-0.132001144	-0.131647921	0.000353223	0.2217
477	63.6325	37.3273	52.1139	4.0	4.000	-0.151987474	-0.151134318	0.000853156	0.5354
478	53.5688	35.2273	61.4110	4.0	3.999	-0.132493893	-0.135247654	-0.002753761	-1.7280
479	55.2325	39.1273	61.1492	4.0	4.000	-0.136100665	-0.137545601	-0.001444936	-0.9067
480	53.4325	35.2273	49.7024	4.0	4.000	-0.118109789	-0.118024137	0.000085651	0.0537
481	64.6613	27.7273	52.1110	4.0	3.999	-0.136806862	-0.132197823	0.004609039	2.8922
482	66.1391	34.3273	57.8110	4.0	3.999	-0.145818177	-0.145801523	0.000016654	0.0105
483	63.0325	39.4273	53.9949	4.0	3.999	-0.147409014	-0.147690796	-0.000281782	-0.1768
484	56.4325	32.5273	48.3072	4.0	4.000	-0.126315613	-0.124472140	0.001843473	1.1568
485	63.0325	28.3273	49.6174	4.0	3.999	-0.131419331	-0.126663103	0.004756228	2.9846
486	61.2325	27.0373	59.0110	4.0	3.999	-0.129785669	-0.130529742	-0.000744072	-0.4669
487	66.4606	29.5273	57.5110	4.0	3.999	-0.133835092	-0.132407394	0.001427698	0.8959
488	57.3325	27.4273	52.2239	4.0	3.999	-0.134789534	-0.132618807	0.002170727	1.3622
489	62.6170	35.5273	49.1110	4.0	4.009	-0.139482482	-0.137324377	0.002158105	1.3542
490	60.0325	33.7273	47.9245	4.0	4.000	-0.133973656	-0.131344874	0.002628782	1.6496
491	52.0424	29.5273	58.4110	4.0	3.999	-0.105051834	-0.106402842	-0.001351008	-0.8478
492	50.1629	30.4273	55.4110	4.0	4.000	-0.098619373	-0.099179376	-0.000560003	-0.3514
493	56.4325	29.1315	50.0110	4.0	3.999	-0.130311011	-0.128130877	0.002180135	1.3681
494	56.1325	26.2273	54.8584	4.0	3.999	-0.116450391	-0.116304640	0.000145751	0.0915
495	57.0325	26.6297	58.7110	4.0	4.000	-0.115141951	-0.116502374	-0.001360423	-0.8537
496	66.9031	32.5273	52.1110	4.0	4.000	-0.139063461	-0.135540327	0.003523134	2.2108
497	60.5372	38.5273	50.6110	4.0	3.998	-0.140787010	-0.140312320	0.000474690	0.2979
498	60.6249	29.2273	61.1110	4.0	4.000	-0.132804230	-0.136026235	-0.003222004	-2.0218
499	64.4681	34.6273	49.4110	4.0	3.999	-0.136041019	-0.133245845	0.002795173	1.7540
500	52.4265	33.7273	50.0110	4.0	3.999	-0.113187358	-0.113315846	-0.000128488	-0.0806
501	54.0325	27.7261	52.1110	4.0	4.000	-0.112051759	-0.111863950	0.000187809	0.1179
502	62.4325	26.5273	53.7406	4.0	3.998	-0.140463892	-0.136922414	0.003541478	2.2223
503	49.9886	32.8273	53.9110	4.0	4.000	-0.104222882	-0.104826562	-0.000603680	-0.3788
504	57.0325	34.6273	63.1657	4.0	4.000	-0.131940640	-0.135919873	-0.003979233	-2.4970
505	51.1658	28.9273	53.9110	4.0	3.999	-0.099584777	-0.100079621	-0.000494844	-0.3105
506	59.7325	26.6122	53.6110	4.0	4.000	-0.140726751	-0.137936697	0.002790054	1.7508
507	59.4325	38.8273	61.6826	4.0	4.000	-0.142175142	-0.144124246	-0.001949104	-1.2231
508	63.9325	26.6759	56.3110	4.0	4.000	-0.133165936	-0.131248047	0.001917889	1.2035
509	58.5325	41.8273	58.8773	4.0	3.998	-0.136233083	-0.137018352	-0.000785270	-0.4928
510	62.4325	39.7054	59.6110	4.0	4.000	-0.139270506	-0.140897258	-0.001626752	-1.0208
511	54.0850	40.6273	57.2110	4.0	3.999	-0.137373907	-0.138152666	-0.000778759	-0.4887
512	50.4325	34.4304	56.0110	4.0	3.998	-0.114671473	-0.115565851	-0.000894378	-0.5612
513	54.3325	31.0273	61.1394	4.0	4.000	-0.121715801	-0.125311441	-0.003595640	-2.2563
514	54.3325	40.0840	54.5110	4.0	3.999	-0.141733555	-0.142594312	-0.000860757	-0.5401
515	53.1325	30.4273	49.9006	4.0	3.999	-0.110899531	-0.110611510	0.000288021	0.1807
516	66.0325	31.3273	59.0978	4.0	3.999	-0.136244453	-0.136182694	0.000061759	0.0388
517	58.2325	31.9273	48.4733	4.0	4.000	-0.137702888	-0.134700320	0.003002567	1.8841
518	64.2325	38.9621	58.1110	4.0	3.999	-0.137268238	-0.138605653	-0.001337414	-0.8392
519	60.9325	35.5273	48.3266	4.0	4.000	-0.132785553	-0.130894584	0.001890969	1.1866
520	59.1325	29.0872	49.4110	4.0	3.999	-0.138425002	-0.134359032	0.004065970	2.5514
521	64.1943	37.0273	60.5110	4.0	3.999	-0.133485212	-0.135388228	-0.001903016	-1.1942
522	61.2325	40.3273	52.9859	4.0	4.000	-0.143163263	-0.143414230	-0.000250967	-0.1575
523	64.5325	30.1273	49.1576	4.0	4.000	-0.130552153	-0.125982630	0.004569523	2.8674
524	56.1325	34.9273	48.1105	4.0	4.000	-0.120297143	-0.119181602	0.001115542	0.7000
525	51.0821	30.7273	51.8110	4.0	4.000	-0.103288544	-0.103685951	-0.000397407	-0.2494
526	55.9158	40.6273	59.6110	4.0	3.998	-0.141190312	-0.142093116	-0.000902804	-0.5665
527	65.2768	36.7273	54.5110	4.0	4.000	-0.151204777	-0.150609288	0.000595488	0.3737
528	53.3170	28.9273	59.3110	4.0	3.999	-0.108265130	-0.110142851	-0.001877721	-1.1783
529	52.2325	28.0273	56.4205	4.0	3.998	-0.101564437	-0.102430984	-0.000866547	-0.5438
530	57.6325	30.1273	49.5153	4.0	3.999	-0.141423124	-0.138120890	0.003302234	2.0722
531	60.6325	26.1110	56.9110	4.0	4.000	-0.130120849	-0.129496717	0.000624132	0.3916
532	53.4325	37.9483	60.8110	4.0	4.000	-0.131202063	-0.132769266	-0.001567203	-0.9834
533	51.0325	35.1071	52.7110	4.0	3.998	-0.114834705	-0.115648504	-0.000813800	-0.5107
534	54.8967	37.0273	49.4110	4.0	3.999	-0.120277746	-0.120048023	0.000229722	0.1442
535	51.8936	37.9273	55.7110	4.0	4.000	-0.131950079	-0.133034421	-0.001084342	-0.6804
536	58.2325	40.6273	52.6079	4.0	3.999	-0.142537307	-0.142958327	-0.000421020	-0.2642
537	65.5890	27.7273	55.1110	4.0	3.999	-0.135666287	-0.132681467	0.002984820	1.8730
538	61.2107	30.1273	48.2110	4.0	3.999	-0.132362585	-0.128086194	0.004276391	2.6835
539	56.1325	37.0273	62.3558	4.0	4.000	-0.138518800	-0.141193840	-0.002675039	-1.6786
540	56.7325	41.9241	56.3110	4.0	4.000	-0.139230516	-0.139812406	-0.000581889	-0.3651
541	53.4325	37.9476	52.4110	4.0	4.000	-0.132922991	-0.133744838	-0.000821847	-0.5157
542	63.6923	31.0273	60.8110	4.0	3.999	-0.138609974	-0.140539655	-0.001929681	-1.2109
543	60.1777	42.1273	57.2110	4.0	3.998	-0.134980102	-0.135699309	-0.000719207	-0.4513
544	55.6679	27.7273	51.5110	4.0	3.998	-0.122305659	-0.121129999	0.001175660	0.7377
545	60.0325	30.7273	62.1923	4.0	3.999	-0.131918229	-0.136175333	-0.004257103	-2.6714
546	56.2725	40.9273	53.9110	4.0	3.998	-0.143102337	-0.143753118	-0.000650781	-0.4084
547	57.4480	28.9273	61.1110	4.0	3.998	-0.123420473	-0.127066095	-0.003645622	-2.2877
548	60.5225	27.4273	50.6110	4.0	3.998	-0.136004077	-0.131708493	0.004295584	2.6955
549	66.0276	35.2273	54.5110	4.0	4.000	-0.153515120	-0.152009830	0.001505289	0.9446
550	59.4325	35.8273	62.8438	4.0	4.000	-0.138836111	-0.142237091	-0.003400980	-2.1341
551	57.6325	39.3291	51.2110	4.0	4.000	-0.139809408	-0.139986566	-0.000177158	-0.1112
552	57.9325	26.0956	56.6110	4.0	4.000	-0.122080681	-0.122149007	-0.000068326	-0.0429
553	54.6325	30.1273	49.4792	4.0	4.000	-0.118422734	-0.117396797	0.001025937	0.6438
554	51.5733	36.7273	58.4110	4.0	4.000	-0.128469762	-0.129793487	-0.001323726	-0.8307
555	60.0325	40.3273	60.6603	4.0	3.999	-0.137688074	-0.139065189	-0.001377115	-0.8642
556	66.9997	31.3273	53.6110	4.0	4.000	-0.144120245	-0.140426051	0.003694194	2.3181
557	66.4109	32.8273	58.4110	4.0	4.000	-0.139914546	-0.139701610	0.000212936	0.1336
558	57.6325	30.7273	62.4750	4.0	3.999	-0.125326520	-0.129822270	-0.004495750	-2.8211
559	57.3325	38.2273	49.6295	4.0	3.999	-0.128248141	-0.127918470	0.000329670	0.2069
560	66.1928	34.9273	52.4110	4.0	4.000	-0.143884286	-0.141591125	0.002293160	1.4390
561	67.0193	30.1273	56.3110	4.0	4.000	-0.136073465	-0.133915440	0.002158025	1.3542
562	64.5325	34.0273	60.7903	4.0	4.000	-0.136785884	-0.138670310	-0.001884426	-1.1825
563	51.8426	34.6273	59.0110	4.0	4.000	-0.128984751	-0.130769557	-0.001784806	-1.1200
564	54.6325	26.8101	57.8110	4.0	4.000	-0.106750377	-0.107897967	-0.001147590	-0.7201
565	53.1325	39.9329	57.2110	4.0	3.999	-0.133989695	-0.134864169	-0.000874474	-0.5487
566	62.4325	37.8635	50.9110	4.0	3.999	-0.142950918	-0.142149461	0.000801457	0.5029
567	51.9325	32.8273	50.2598	4.0	3.999	-0.109588874	-0.109801101	-0.000212227	-0.1332
568	65.7325	36.4273	57.8453	4.0	3.999	-0.139523672	-0.140254568	-0.000730897	-0.4586
569	66.0325	29.4804	51.5110	4.0	3.999	-0.135371499	-0.130808868	0.004562631	2.8631
570	50.4325	32.2273	57.5185	4.0	4.000	-0.106439167	-0.107363499	-0.000924332	-0.5800
571	55.8325	28.6273	60.8098	4.0	4.000	-0.115124857	-0.118017236	-0.002892379	-1.8150
572	60.9325	33.7273	62.8123	4.0	4.000	-0.134528155	-0.138204590	-0.003676435	-2.3070
573	58.2325	27.1938	59.6110	4.0	3.999	-0.120897243	-0.122823088	-0.001925845	-1.2085
574	62.1325	31.9273	62.1229	4.0	4.000	-0.133905268	-0.137129375	-0.003224106	-2.0232
575	63.3325	31.9273	48.1348	4.0	4.000	-0.131100180	-0.127138615	0.003961565	2.4859
576	66.8025	29.8273	54.2110	4.0	4.000	-0.140514804	-0.136921414	0.003593390	2.2549
577	53.1325	37.0273	51.2966	4.0	3.998	-0.124204044	-0.124716304	-0.000512260	-0.3214
578	51.2248	35.8273	53.9110	4.0	3.999	-0.121886989	-0.122901187	-0.001014198	-0.6364
579	59.0543	27.4273	51.8110	4.0	3.999	-0.142544674	-0.138888199	0.003656475	2.2945
580	59.9448	41.8273	54.5110	4.0	3.998	-0.137169434	-0.137673181	-0.000503747	-0.3161
581	51.9016	28.6273	57.2110	4.0	4.000	-0.101444710	-0.102432923	-0.000988213	-0.6201
582	65.7325	30.1999	50.3110	4.0	3.999	-0.132584431	-0.128061266	0.004523165	2.8383
583	59.1325	32.5273	48.1293	4.0	4.000	-0.136555112	-0.133527729	0.003027383	1.8997
584	64.5325	37.9273	59.3990	4.0	3.999	-0.133958270	-0.135545056	-0.001586786	-0.9957
585	65.1325	34.9273	59.8516	4.0	3.999	-0.138697962	-0.140182006	-0.001484045	-0.9313
586	65.5605	33.1273	49.7110	4.0	3.999	-0.133661955	-0.130125688	0.003536267	2.2190
587	61.7397	41.5273	56.6110	4.0	3.999	-0.136098210	-0.136892023	-0.000793813	-0.4981
588	65.1325	27.9120	53.3110	4.0	4.002	-0.141357234	-0.137004151	0.004353083	2.7316
589	66.6507	34.3273	55.4110	4.0	4.000	-0.148298844	-0.146749186	0.001549658	0.9724
590	53.2307	32.8273	60.2110	4.0	4.000	-0.131253979	-0.134434506	-0.003180526	-1.9958
591	54.3325	38.6621	52.1110	4.0	3.999	-0.134543362	-0.135227276	-0.000683914	-0.4292
592	54.9325	35.2273	48.5772	4.0	4.000	-0.117924320	-0.117237402	0.000686918	0.4310
593	57.6325	26.0914	55.4110	4.0	4.000	-0.123173914	-0.122707717	0.000466197	0.2925
594	54.0325	27.1273	54.3438	4.0	3.998	-0.110322532	-0.110723154	-0.000400623	-0.2514
595	62.8220	35.8273	62.0110	4.0	3.999	-0.133613043	-0.136104273	-0.002491230	-1.5633
596	51.3275	36.1273	56.9110	4.0	4.000	-0.129226819	-0.130444897	-0.001218078	-0.7644
597	54.0325	39.1273	60.4497	4.0	3.999	-0.133131022	-0.134393064	-0.001262042	-0.7919
598	58.2325	35.2273	48.1548	4.0	4.000	-0.128641929	-0.127074783	0.001567146	0.9834
599	59.7325	37.2252	49.1110	4.0	3.999	-0.133098693	-0.132093726	0.001004966	0.6306
600	65.1325	32.2273	59.9745	4.0	3.999	-0.139950673	-0.140971497	-0.001020825	-0.6406
601	62.7325	26.2669	55.7110	4.0	4.000	-0.134754258	-0.132681790	0.002072468	1.3005
602	65.2035	37.6273	55.7110	4.0	4.000	-0.144031069	-0.144258555	-0.000227486	-0.1427
603	64.5325	37.0273	53.2367	4.0	3.999	-0.153520464	-0.152721460	0.000799004	0.5014
604	51.9325	28.0767	54.5110	4.0	4.000	-0.101010202	-0.101577723	-0.000567522	-0.3561
605	67.2846	31.6273	56.0110	4.0	4.000	-0.139222081	-0.137120747	0.002101334	1.3186
606	63.0325	29.5019	60.5110	4.0	3.999	-0.136340676	-0.138045298	-0.001704622	-1.0697
607	65.6140	35.5273	51.8110	4.0	3.999	-0.143327283	-0.141274891	0.002052393	1.2879
608	60.6325	39.4273	51.9972	4.0	3.999	-0.148064640	-0.148081439	-0.000016798	-0.0105
609	61.5325	37.6273	61.6766	4.0	4.000	-0.140410677	-0.142800414	-0.002389737	-1.4996
610	61.2325	41.0586	53.9110	4.0	3.999	-0.139580808	-0.140008982	-0.000428174	-0.2687
611	64.1629	27.1273	57.5110	4.0	3.999	-0.132042477	-0.130868433	0.001174044	0.7367
612	55.1501	32.2273	48.8110	4.0	4.008	-0.123550063	-0.122271996	0.001278066	0.8020
613	63.3325	38.2273	52.9703	4.0	3.999	-0.152048555	-0.151756866	0.000291688	0.1830
614	62.1325	29.0277	48.8110	4.0	3.999	-0.131216366	-0.126612137	0.004604230	2.8892
615	67.0105	33.4273	55.1110	4.0	4.000	-0.145774361	-0.143667439	0.002106922	1.3221
616	62.1325	38.8273	60.5817	4.0	3.999	-0.140840013	-0.142822679	-0.001982666	-1.2441
617	61.5325	26.5273	53.2410	4.0	3.999	-0.140647424	-0.137015299	0.003632125	2.2792
618	57.6325	42.0678	57.8110	4.0	4.000	-0.137157480	-0.137796159	-0.000638679	-0.4008
619	54.6325	28.2209	59.9110	4.0	3.999	-0.109782606	-0.111934247	-0.002151641	-1.3502
620	53.4325	34.0273	60.9508	4.0	3.999	-0.133379010	-0.136555668	-0.003176658	-1.9934
621	53.5609	36.4273	61.4110	4.0	3.999	-0.131649917	-0.133863064	-0.002213147	-1.3888
622	52.5983	38.8273	55.1110	4.0	3.999	-0.134663983	-0.135671577	-0.001007593	-0.6323
623	66.2393	30.1273	58.4110	4.0	3.999	-0.134161653	-0.133405997	0.000755656	0.4742
624	57.9325	33.1273	63.3524	4.0	4.000	-0.127685746	-0.131983214	-0.004297468	-2.6967
625	55.2325	41.1058	57.5110	4.0	4.000	-0.141741072	-0.142435565	-0.000694493	-0.4358
626	62.9560	40.0273	58.4110	4.0	3.999	-0.139164813	-0.140545408	-0.001380595	-0.8663
627	59.7325	32.8273	63.1358	4.0	4.000	-0.130270639	-0.134415000	-0.004144361	-2.6006
628	57.3325	42.0061	55.4110	4.0	4.000	-0.138391513	-0.138945161	-0.000553648	-0.3474
629	53.4325	28.6273	51.1374	4.0	3.999	-0.110228907	-0.110032662	0.000196245	0.1231
630	59.1325	40.9621	60.2110	4.0	4.000	-0.137068249	-0.138172878	-0.001104629	-0.6932
631	63.8321	27.1273	52.7110	4.0	3.998	-0.138881411	-0.134506759	0.004374653	2.7451
632	51.3325	31.3273	58.6490	4.0	3.999	-0.108384153	-0.109736418	-0.001352265	-0.8486
633	58.2325	28.3273	60.6365	4.0	3.999	-0.124696106	-0.127825969	-0.003129863	-1.9640
634	50.4325	29.8512	54.5110	4.0	3.999	-0.098362360	-0.098873696	-0.000511336	-0.3209
635	62.4325	27.1273	58.6074	4.0	3.999	-0.132661420	-0.132735062	-0.000073642	-0.0462
636	55.2325	26.8273	53.9368	4.0	3.999	-0.116500742	-0.116404181	0.000096561	0.0606
637	62.7325	40.7640	56.6110	4.0	3.999	-0.138313258	-0.139217528	-0.000904269	-0.5674
638	53.7325	30.1419	60.5110	4.0	4.000	-0.114506036	-0.117242061	-0.002736025	-1.7169
639	56.3375	41.5273	55.1110	4.0	3.999	-0.141128573	-0.141738882	-0.000610309	-0.3830
640	61.2325	41.4314	58.4110	4.0	3.999	-0.135480414	-0.136478667	-0.000998253	-0.6264
641	56.4325	26.8849	53.3110	4.0	4.000	-0.125102665	-0.124159951	0.000942714	0.5916
642	57.0325	37.6273	62.2316	4.0	4.000	-0.141712791	-0.144185181	-0.002472389	-1.5514
643	59.0317	28.0273	50.6110	4.0	3.999	-0.140190719	-0.136230388	0.003960331	2.4851
644	52.6186	35.2273	60.5110	4.0	3.999	-0.130225206	-0.132461585	-0.002236379	-1.4033
645	58.2325	37.3273	49.0209	4.0	3.999	-0.129282828	-0.128497163	0.000785665	0.4930
646	55.5325	32.8273	62.5658	4.0	4.000	-0.127462903	-0.131746480	-0.004283577	-2.6880
647	55.5325	30.1273	61.4628	4.0	4.000	-0.120814394	-0.124638224	-0.003823831	-2.3995
648	59.4325	35.2273	48.0894	4.0	4.000	-0.130501044	-0.128718481	0.001782563	1.1186
649	63.6783	28.0273	50.3110	4.0	3.999	-0.132319813	-0.127534869	0.004784944	3.0026
650	57.6325	41.3198	53.6110	4.0	3.999	-0.140506548	-0.141028873	-0.000522325	-0.3278
651	53.4325	27.3677	56.6110	4.0	3.999	-0.105487699	-0.106449648	-0.000961949	-0.6036
652	52.5115	32.8273	59.6110	4.0	4.000	-0.126121970	-0.128528711	-0.002406740	-1.5103
653	57.0325	39.8812	60.8110	4.0	3.999	-0.143254786	-0.144544941	-0.001290155	-0.8096
654	55.8325	38.5273	61.7299	4.0	4.000	-0.137490242	-0.139291958	-0.001801715	-1.1306
655	56.4325	35.8304	62.6110	4.0	4.000	-0.139003220	-0.142535125	-0.003531906	-2.2163
656	61.8325	29.2273	60.6269	4.0	3.999	-0.137172853	-0.139623522	-0.002450668	-1.5378
657	50.7702	33.4273	57.8110	4.0	4.000	-0.114176943	-0.115303709	-0.001126766	-0.7071
658	58.8325	37.6273	62.2530	4.0	4.000	-0.143197908	-0.145750714	-0.002552806	-1.6019
659	60.9067	40.9273	59.6110	4.0	3.999	-0.136180745	-0.137378643	-0.001197898	-0.7517
660	63.6385	33.7273	48.5110	4.0	4.000	-0.133605538	-0.130378005	0.003227534	2.0253
661	51.9325	37.0273	54.7747	4.0	3.999	-0.133633719	-0.134822351	-0.001188632	-0.7459
662	50.8419	29.5273	56.6110	4.0	3.999	-0.099155478	-0.099906005	-0.000750527	-0.4710
663	61.5325	26.9030	51.5110	4.0	4.000	-0.136418579	-0.132124547	0.004294032	2.6945
664	51.1794	33.4273	51.2110	4.0	3.999	-0.108597393	-0.109089592	-0.000492199	-0.3089
665	52.8325	28.1890	52.4110	4.0	3.999	-0.106654286	-0.106864201	-0.000209915	-0.1317
666	55.8325	26.6082	58.4110	4.0	4.000	-0.110093455	-0.111365800	-0.001272345	-0.7984
667	58.5325	26.9098	53.0110	4.0	4.000	-0.138180079	-0.135652264	0.002527815	1.5862
668	53.1325	27.3639	55.1110	4.0	4.000	-0.105131300	-0.105786631	-0.000655331	-0.4112
669	63.3325	39.8821	55.4110	4.0	3.999	-0.143252662	-0.143932646	-0.000679984	-0.4267
670	65.5440	35.2273	59.0110	4.0	4.000	-0.140398707	-0.141466040	-0.001067333	-0.6698
671	65.1325	31.9273	49.1654	4.0	3.999	-0.131563044	-0.127525492	0.004037552	2.5336
672	64.9274	35.2273	50.3110	4.0	3.999	-0.138991130	-0.136573599	0.002417532	1.5170
673	50.0564	33.7273	55.1110	4.0	4.000	-0.108373272	-0.109099133	-0.000725861	-0.4555
674	63.3325	36.7273	50.6633	4.0	3.999	-0.145399984	-0.144002059	0.001397925	0.8772
675	65.1325	37.6273	58.4900	4.0	3.998	-0.135199953	-0.136435806	-0.001235853	-0.7755
676	64.2325	31.3273	48.5973	4.0	4.000	-0.130570719	-0.126346933	0.004223786	2.6505
677	53.1389	35.8273	50.3110	4.0	4.000	-0.119640181	-0.119821499	-0.000181319	-0.1138
678	54.6325	36.4273	62.0359	4.0	4.000	-0.134298778	-0.136893816	-0.002595038	-1.6284
679	52.1407	38.5273	58.1110	4.0	4.000	-0.130106881	-0.131182055	-0.001075174	-0.6747
680	60.0325	31.3273	48.1006	4.0	4.000	-0.135973925	-0.132202283	0.003771642	2.3667
681	51.9325	30.3173	50.9110	4.0	3.998	-0.105739732	-0.105916968	-0.000177236	-0.1112
682	55.8325	27.6600	59.9110	4.0	3.999	-0.112336711	-0.114496057	-0.002159347	-1.3550
683	62.1325	27.5391	50.3110	4.0	3.999	-0.133234143	-0.128609279	0.004624864	2.9021
684	57.6325	38.8273	50.3409	4.0	3.999	-0.133305557	-0.133200393	0.000105165	0.0660
685	55.8325	34.0273	62.7981	4.0	4.000	-0.130820805	-0.134915963	-0.004095158	-2.5698
686	57.0325	34.0273	47.9621	4.0	4.000	-0.124599708	-0.122963037	0.001636671	1.0270
687	63.5561	26.5273	54.8110	4.0	3.999	-0.136233006	-0.133345329	0.002887676	1.8120
688	54.0325	40.4951	56.0110	4.0	3.999	-0.138650492	-0.139448165	-0.000797673	-0.5005
689	51.9325	35.5273	51.5433	4.0	3.999	-0.117947719	-0.118593690	-0.000645971	-0.4054
690	51.9325	36.5663	53.6110	4.0	3.999	-0.128914978	-0.130015071	-0.001100093	-0.6903
691	64.4435	38.8273	56.3110	4.0	3.999	-0.141809400	-0.142603166	-0.000793766	-0.4981
692	61.0876	37.6273	49.7110	4.0	3.998	-0.136222409	-0.135278292	0.000944117	0.5924
693	57.3325	32.2273	63.1043	4.0	4.000	-0.125817740	-0.130272768	-0.004455028	-2.7956
694	57.6325	36.7273	48.6063	4.0	4.000	-0.125867708	-0.124952672	0.000915036	0.5742
695	53.4325	38.8986	53.9110	4.0	3.999	-0.139009153	-0.140011399	-0.001002246	-0.6289
696	51.0325	31.9273	51.3650	4.0	3.999	-0.105091158	-0.105511804	-0.000420646	-0.2640
697	59.9180	40.3273	52.4110	4.0	3.998	-0.143368941	-0.143616587	-0.000247646	-0.1554
698	61.5325	31.0273	61.9019	4.0	4.000	-0.134902261	-0.138441961	-0.003539699	-2.2212
699	55.2325	40.3273	54.1952	4.0	4.000	-0.146222736	-0.147031414	-0.000808678	-0.5075
700	60.0325	29.2273	48.8920	4.0	3.999	-0.135049595	-0.130801291	0.004248304	2.6659
701	66.4385	32.8273	50.9110	4.0	4.000	-0.135859085	-0.132294659	0.003564426	2.2367
702	51.3325	29.3921	52.7110	4.0	3.998	-0.101813057	-0.102228497	-0.000415441	-0.2607
703	55.2325	40.0485	60.2110	4.0	4.000	-0.137411627	-0.138490243	-0.001078616	-0.6768
704	54.1171	36.1273	49.4110	4.0	3.999	-0.118346132	-0.118134973	0.000211158	0.1325
705	51.4924	37.0273	56.3110	4.0	4.000	-0.130263298	-0.131414551	-0.001151252	-0.7224
706	65.6169	37.0273	56.9110	4.0	4.000	-0.141027948	-0.141524683	-0.000496735	-0.3117
707	52.2325	38.8623	56.6110	4.0	3.999	-0.131853191	-0.132844563	-0.000991373	-0.6221
708	62.3558	32.5273	47.9110	4.0	3.998	-0.132605346	-0.128962050	0.003643296	2.2862
709	60.6325	28.2002	60.5110	4.0	3.999	-0.129160887	-0.131459011	-0.002298124	-1.4421
710	64.5325	29.1286	59.6110	4.0	3.999	-0.133345517	-0.133661081	-0.000315564	-0.1980
711	54.6325	26.5419	56.6110	4.0	4.000	-0.107454007	-0.108233953	-0.000779945	-0.4894
712	52.2325	37.3273	59.6648	4.0	3.999	-0.129105459	-0.130539074	-0.001433615	-0.8996
713	57.0325	41.5273	58.8391	4.0	3.998	-0.139187385	-0.139924885	-0.000737500	-0.4628
714	55.8325	39.3351	51.8110	4.0	4.000	-0.138007379	-0.138515373	-0.000507994	-0.3188
715	55.8091	33.4273	48.2110	4.0	3.999	-0.121710354	-0.120346216	0.001364138	0.8560
716	59.4325	26.6295	59.0110	4.0	4.000	-0.122468030	-0.123577823	-0.001109793	-0.6964
717	66.6325	34.0310	56.9110	4.0	4.000	-0.144676464	-0.143887160	0.000789303	0.4953
718	66.2423	28.6273	56.6110	4.0	3.999	-0.133748079	-0.131710665	0.002037413	1.2785
719	58.2325	40.3273	60.8001	4.0	4.000	-0.139632460	-0.140886157	-0.001253697	-0.7867
720	60.0586	26.2273	54.8110	4.0	3.999	-0.136296978	-0.134353714	0.001943264	1.2194
721	63.3325	34.6801	48.8110	4.0	3.999	-0.136219119	-0.133501475	0.002717644	1.7053
722	59.4325	28.9273	61.1163	4.0	4.000	-0.129141224	-0.132627774	-0.003486550	-2.1878
723	58.2325	26.3473	58.1110	4.0	4.000	-0.120396060	-0.121228881	-0.000832822	-0.5226
724	50.0565	31.0273	56.0110	4.0	4.000	-0.099883031	-0.100498314	-0.000615282	-0.3861
725	60.9325	26.2192	55.7110	4.0	4.000	-0.136560847	-0.134940349	0.001620498	1.0169
726	64.5325	36.5772	51.8110	4.0	3.999	-0.147398597	-0.146012712	0.001385884	0.8697
727	67.0792	32.5273	56.9110	4.0	4.000	-0.139928523	-0.138605397	0.001323125	0.8303
728	60.6325	26.3837	58.1110	4.0	4.000	-0.127456755	-0.127651414	-0.000194659	-0.1222
729	55.3119	38.5273	50.6110	4.0	3.999	-0.127311674	-0.127499914	-0.000188240	-0.1181
730	52.8325	34.6273	50.0677	4.0	3.999	-0.117016720	-0.117131615	-0.000114895	-0.0721
731	50.4921	34.0273	53.0110	4.0	4.000	-0.109524064	-0.110246087	-0.000722023	-0.4531
732	63.5849	29.2273	49.1110	4.0	3.999	-0.130529695	-0.125824083	0.004705612	2.9528
733	56.7325	25.9890	56.3110	4.0	4.000	-0.115469871	-0.115707211	-0.000237339	-0.1489
734	50.3029	33.7273	56.6110	4.0	4.000	-0.111300820	-0.112170239	-0.000869420	-0.5456
735	65.4325	28.0568	57.5110	4.0	4.000	-0.132324410	-0.130938151	0.001386259	0.8699
736	53.7325	27.9508	58.7110	4.0	3.999	-0.106564268	-0.108139884	-0.001575616	-0.9887
737	59.7325	31.6273	62.7875	4.0	4.000	-0.129742479	-0.134039711	-0.004297232	-2.6966
738	65.4325	28.5096	51.8110	4.0	3.999	-0.135990263	-0.131336565	0.004653698	2.9202
739	55.8325	26.1069	56.0110	4.0	4.000	-0.112113612	-0.112461126	-0.000347514	-0.2181
740	53.4325	34.0273	49.5021	4.0	4.000	-0.117864343	-0.117634143	0.000230199	0.1445
741	63.4894	33.4273	61.7110	4.0	3.999	-0.134588116	-0.137065987	-0.002477871	-1.5549
742	57.2335	28.6273	50.6110	4.0	3.998	-0.137173254	-0.134376565	0.002796689	1.7549
743	61.5325	34.6273	48.2979	4.0	4.000	-0.136160696	-0.133654417	0.002506279	1.5727
744	53.8958	32.8273	49.1110	4.0	3.998	-0.117746372	-0.117166739	0.000579633	0.3637
745	62.1325	31.0273	47.9717	4.0	4.000	-0.131392534	-0.127244927	0.004147607	2.6027
746	61.5325	41.4355	55.1110	4.0	3.999	-0.137432025	-0.138022611	-0.000590587	-0.3706
747	59.7325	25.9655	56.9110	4.0	4.000	-0.126198138	-0.125855682	0.000342455	0.2149
748	58.8325	41.5273	53.6818	4.0	3.999	-0.138997468	-0.139463166	-0.000465698	-0.2922
749	57.0325	29.9445	61.7110	4.0	3.999	-0.125202514	-0.129545041	-0.004342527	-2.7250
750	55.2325	31.6273	61.9645	4.0	4.001	-0.125399649	-0.129674644	-0.004274995	-2.6826
751	54.3516	34.0273	61.7110	4.0	4.000	-0.134555620	-0.138340550	-0.003784931	-2.3751
752	61.2325	32.9670	47.9110	4.0	3.998	-0.135137882	-0.131811736	0.003326146	2.0872
753	61.8325	34.3273	62.6439	4.0	4.000	-0.133339620	-0.136442908	-0.003103288	-1.9473
754	64.8325	27.1031	55.7110	4.0	4.000	-0.134067803	-0.131592360	0.002475442	1.5534
755	58.8325	26.2273	54.7485	4.0	3.999	-0.131712137	-0.130297400	0.001414737	0.8878
756	51.4402	35.5273	58.1110	4.0	4.000	-0.128430944	-0.129837187	-0.001406243	-0.8824
757	63.0325	34.3273	62.1042	4.0	4.000	-0.133047858	-0.135671323	-0.002623465	-1.6462
758	66.4377	30.7273	51.2110	4.0	4.000	-0.135055420	-0.130762438	0.004292982	2.6939
759	60.6116	30.1273	61.4110	4.0	4.003	-0.137250040	-0.141260018	-0.004009978	-2.5163
760	54.0325	40.4718	58.1110	4.0	3.999	-0.136019378	-0.136841474	-0.000822096	-0.5159
761	52.5325	30.1273	59.1662	4.0	3.999	-0.110359423	-0.112184259	-0.001824837	-1.1451
762	58.8325	38.9384	50.9110	4.0	3.999	-0.142214406	-0.142115307	0.000099100	0.0622
763	57.0325	31.9273	48.5036	4.0	4.000	-0.131569230	-0.129234318	0.002334912	1.4652
764	55.8325	37.6273	49.4019	4.0	4.000	-0.122722209	-0.122443322	0.000278887	0.1750
765	56.4325	31.3273	62.4913	4.0	3.999	-0.124603850	-0.129070218	-0.004466369	-2.8027
766	63.6325	27.3421	51.5110	4.0	4.000	-0.135100937	-0.130469246	0.004631691	2.9064
767	63.3325	28.0273	59.4031	4.0	3.999	-0.132714259	-0.133145654	-0.000431395	-0.2707
768	66.3325	29.4444	52.7110	4.0	3.999	-0.139449624	-0.135068755	0.004380870	2.7490
769	56.1325	30.1273	49.3999	4.0	4.000	-0.129178239	-0.127154378	0.002023861	1.2700
770	57.9325	39.7273	51.9496	4.0	3.999	-0.146164172	-0.146521470	-0.000357298	-0.2242
771	49.8658	31.9273	54.5110	4.0	4.000	-0.101251352	-0.101797562	-0.000546211	-0.3428
772	63.7699	36.4273	61.1110	4.0	3.999	-0.134257347	-0.136404388	-0.002147041	-1.3473
773	56.1325	27.3937	52.1110	4.0	4.000	-0.125113589	-0.123841430	0.001272160	0.7983
774	50.2736	31.6273	53.0110	4.0	4.000	-0.102067915	-0.102581318	-0.000513403	-0.3222
775	66.5647	34.0273	52.1110	4.0	4.000	-0.140964882	-0.138133598	0.002831284	1.7767
776	58.8325	42.1273	58.0882	4.0	3.999	-0.135519625	-0.136227504	-0.000707879	-0.4442
777	65.1642	31.0273	59.9110	4.0	4.000	-0.136488681	-0.137149505	-0.000660825	-0.4147
778	65.7992	29.2273	58.4110	4.0	3.999	-0.133060291	-0.132271690	0.000788601	0.4949
779	60.0325	41.8273	58.5465	4.0	3.998	-0.135054552	-0.135916350	-0.000861798	-0.5408
780	60.3325	38.1621	61.7110	4.0	3.999	-0.143829489	-0.146096450	-0.002266961	-1.4225
781	54.6325	30.1273	61.1031	4.0	4.000	-0.117475066	-0.120775097	-0.003300031	-2.0708
782	53.4325	31.3273	60.5088	4.0	4.000	-0.120413011	-0.123425809	-0.003012798	-1.8906
783	57.0325	27.8401	51.5110	4.0	3.999	-0.133763965	-0.131509131	0.002254835	1.4149
784	58.5325	35.8273	62.9647	4.0	4.000	-0.137691032	-0.141187307	-0.003496274	-2.1939
785	57.9325	33.4273	48.0731	4.0	4.000	-0.130861127	-0.128677837	0.002183290	1.3700
786	52.8325	37.0273	52.0490	4.0	3.999	-0.127517177	-0.128278843	-0.000761666	-0.4780
787	60.9325	26.3995	53.9110	4.0	4.000	-0.140300691	-0.137315019	0.002985672	1.8735
788	59.7325	38.1810	50.0110	4.0	4.000	-0.137348205	-0.136763727	0.000584479	0.3668
789	63.1354	31.3273	61.4110	4.0	3.999	-0.135577446	-0.138037488	-0.002460042	-1.5437
790	60.4295	34.6273	62.9110	4.0	4.015	-0.135779961	-0.139381782	-0.003601822	-2.2602
791	51.0889	35.2273	56.6110	4.0	3.999	-0.125159158	-0.126291159	-0.001132001	-0.7103
792	57.9325	34.3273	63.3469	4.0	4.000	-0.130821441	-0.134846669	-0.004025228	-2.5259
793	65.0146	36.7273	59.6110	4.0	3.999	-0.134270175	-0.135798759	-0.001528584	-0.9592
794	58.8325	30.4597	62.3110	4.0	3.999	-0.127965921	-0.132383134	-0.004417213	-2.7718
795	65.9048	35.2273	57.5110	4.0	4.000	-0.146899954	-0.147115524	-0.000215571	-0.1353
796	55.2325	40.8479	58.7110	4.0	4.000	-0.139819992	-0.140606289	-0.000786297	-0.4934
797	64.5325	29.8273	59.9895	4.0	3.999	-0.134673228	-0.135369358	-0.000696130	-0.4368
798	55.7681	39.7273	53.0110	4.0	3.999	-0.147858029	-0.148641052	-0.000783023	-0.4914
799	63.3325	37.3273	61.0603	4.0	3.999	-0.134639964	-0.136766000	-0.002126036	-1.3341
800	52.9082	29.5273	50.6110	4.0	3.999	-0.108811512	-0.108692248	0.000119264	0.0748
801	57.0325	26.2273	57.7704	4.0	3.999	-0.115133886	-0.115974675	-0.000840790	-0.5276
802	62.4325	38.0451	61.1110	4.0	3.999	-0.137882954	-0.140039309	-0.002156355	-1.3531
803	54.9325	28.2719	50.9110	4.0	3.999	-0.118375195	-0.117465454	0.000909741	0.5709
804	66.7991	30.4273	53.3110	4.0	4.000	-0.142313323	-0.138275912	0.004037411	2.5335
805	55.8325	28.3273	50.7099	4.0	3.999	-0.124428054	-0.122895224	0.001532829	0.9619
806	58.5325	42.0398	54.8110	4.0	4.000	-0.137381764	-0.137902039	-0.000520274	-0.3265
807	56.1325	39.4273	61.1523	4.0	4.000	-0.139322155	-0.140745713	-0.001423558	-0.8933
808	51.0325	29.9214	57.5110	4.0	3.998	-0.101248228	-0.102185323	-0.000937095	-0.5880
809	62.3243	38.8273	52.7110	4.0	3.999	-0.152473796	-0.152383163	0.000090633	0.0569
810	64.8010	28.6273	59.0110	4.0	3.999	-0.132479989	-0.132245727	0.000234262	0.1470
811	57.3325	26.6393	53.6110	4.0	4.000	-0.128531593	-0.127217497	0.001314096	0.8246
812	53.4325	36.8389	50.6110	4.0	3.998	-0.121628349	-0.121901748	-0.000273400	-0.1716
813	62.2885	40.0273	53.6110	4.0	3.999	-0.144326011	-0.144616607	-0.000290596	-0.1824
814	58.2325	39.1273	61.5587	4.0	4.000	-0.142902830	-0.144654906	-0.001752077	-1.0994
815	52.8325	37.0273	60.6171	4.0	3.999	-0.130004373	-0.131730109	-0.001725736	-1.0829
816	64.5733	35.8273	60.5110	4.0	4.000	-0.134981944	-0.136848191	-0.001866247	-1.1711
817	61.8325	32.5273	62.3568	4.0	4.000	-0.134277443	-0.137710367	-0.003432924	-2.1542
818	65.9141	35.5273	53.0110	4.0	3.999	-0.147319063	-0.145521107	0.001797956	1.1282
819	50.7954	35.2273	54.8110	4.0	4.000	-0.119014330	-0.119979487	-0.000965157	-0.6056
820	63.6325	35.5273	49.5602	4.0	3.999	-0.139427296	-0.137191703	0.002235593	1.4029
821	51.6325	33.7273	58.7291	4.0	4.000	-0.123717903	-0.125366045	-0.001648141	-1.0342
822	57.9325	30.7273	49.0345	4.0	4.000	-0.140186308	-0.136873202	0.003313106	2.0790
823	63.6325	38.9465	59.3110	4.0	3.999	-0.136657571	-0.138320091	-0.001662519	-1.0432
824	51.8578	28.6273	53.0110	4.0	3.999	-0.102564647	-0.102973728	-0.000409080	-0.2567
825	66.8901	30.4273	57.2110	4.0	4.000	-0.135409191	-0.133858643	0.001550548	0.9730
826	61.5325	39.7273	60.3996	4.0	3.999	-0.138868664	-0.140513366	-0.001644701	-1.0321
827	61.8325	26.2273	56.2322	4.0	3.998	-0.134878596	-0.133386514	0.001492082	0.9363
828	65.7325	28.0273	54.3772	4.0	3.998	-0.137861809	-0.134331932	0.003529877	2.2150
829	52.3404	31.6273	50.0110	4.0	3.999	-0.109119791	-0.109133573	-0.000013783	-0.0086
830	61.8325	27.7273	59.4696	4.0	3.999	-0.133830677	-0.134902770	-0.001072093	-0.6727
831	60.6325	36.4273	48.6607	4.0	3.999	-0.132263112	-0.130823906	0.001439206	0.9031
832	67.0736	30.1273	55.4110	4.0	4.000	-0.137749888	-0.135017520	0.002732369	1.7146
833	67.2029	31.9273	54.5110	4.0	4.000	-0.143402005	-0.140434076	0.002967928	1.8624
834	54.3325	27.2158	53.3110	4.0	4.000	-0.112742174	-0.112780156	-0.000037982	-0.0238
835	52.5325	36.1273	51.5157	4.0	4.000	-0.122942504	-0.123577133	-0.000634629	-0.3982
836	61.5325	38.5530	51.2110	4.0	4.000	-0.144295917	-0.143844917	0.000451000	0.2830
837	67.0344	32.5273	53.0110	4.0	4.000	-0.142378743	-0.139020387	0.003358356	2.1074
838	60.3777	27.4273	59.9110	4.0	3.999	-0.126321424	-0.127989622	-0.001668199	-1.0468
839	60.0325	28.3273	49.6242	4.0	3.999	-0.135610651	-0.131311889	0.004298762	2.6975
840	52.7384	39.1273	58.7110	4.0	3.999	-0.131178963	-0.132218076	-0.001039112	-0.6521
841	64.5325	31.6273	60.3991	4.0	4.000	-0.139407049	-0.140809181	-0.001402132	-0.8799
842	51.8328	35.5273	59.3110	4.0	4.000	-0.128657105	-0.130356235	-0.001699130	-1.0662
843	53.4325	27.4783	53.6110	4.0	4.000	-0.108198937	-0.108540475	-0.000341538	-0.2143
844	59.7325	35.8273	47.2169	5.0	5.000	-0.117284229	-0.115829240	0.001454989	0.9130
845	57.3325	32.8273	64.2623	5.0	5.000	-0.113666722	-0.116938818	-0.003272096	-2.0533
846	66.9502	27.7273	55.7110	5.0	5.000	-0.118509592	-0.116473732	0.002035861	1.2775
847	49.8325	29.2273	53.4655	5.0	4.998	-0.091163850	-0.091542847	-0.000378997	-0.2378
848	59.1325	43.2127	57.8110	5.0	5.000	-0.118936084	-0.119562248	-0.000626164	-0.3929
849	50.6643	37.6273	58.1110	5.0	5.000	-0.113715652	-0.114759487	-0.001043835	-0.6550
850	65.9367	36.4273	60.2110	5.0	5.000	-0.121142453	-0.122236936	-0.001094484	-0.6868
851	57.9325	25.2606	57.8110	5.0	5.000	-0.109127010	-0.109535531	-0.000408521	-0.2564
852	60.6325	26.8273	49.6375	5.0	4.999	-0.119015612	-0.115730295	0.003285316	2.0616
853	66.9325	35.4308	51.8110	5.0	4.999	-0.126199743	-0.124385528	0.001814215	1.1384
854	52.1935	36.1273	50.0110	5.0	5.000	-0.108529718	-0.108736082	-0.000206364	-0.1295
855	63.6325	29.8273	61.5688	5.0	5.000	-0.122275369	-0.123810184	-0.001534815	-0.9631
856	52.6678	29.2273	60.5110	5.0	4.999	-0.101423007	-0.103253516	-0.001830508	-1.1487
857	56.7325	39.4273	62.4583	5.0	4.999	-0.123894219	-0.125454222	-0.001560003	-0.9789
858	57.0325	40.8965	51.8110	5.0	5.000	-0.127358000	-0.127684296	-0.000326296	-0.2048
859	54.6325	30.7273	48.1583	5.0	5.000	-0.108965241	-0.107895236	0.001070006	0.6714
860	63.0768	40.6273	53.3110	5.0	5.000	-0.128179722	-0.128304025	-0.000124303	-0.0780
861	65.1325	30.7273	48.0895	5.0	4.999	-0.115133689	-0.111818850	0.003314839	2.0801
862	55.5325	26.0434	53.0110	5.0	5.006	-0.109534188	-0.108952245	0.000581943	0.3652
863	60.6325	36.4273	63.5696	5.0	5.000	-0.123060014	-0.125513407	-0.002453393	-1.5395
864	54.0325	41.6917	56.3110	5.0	5.000	-0.122494297	-0.123158614	-0.000664317	-0.4169
865	68.1325	32.7575	56.6110	5.0	4.999	-0.124107216	-0.122928141	0.001179075	0.7399
866	62.4325	25.3529	54.2110	5.0	5.000	-0.121621799	-0.119323757	0.002298041	1.4420
867	49.1023	34.0273	55.1110	5.0	5.000	-0.099478329	-0.100155287	-0.000676958	-0.4248
868	52.3889	34.0273	61.4110	5.0	4.999	-0.116599653	-0.118898618	-0.002298964	-1.4426
869	62.7325	40.5688	60.2110	5.0	4.999	-0.122471348	-0.123716714	-0.001245366	-0.7815
870	57.6325	28.5120	62.0110	5.0	4.999	-0.112976248	-0.115862124	-0.002885876	-1.8109
871	63.3325	37.3057	49.4110	5.0	5.000	-0.126025570	-0.124758441	0.001267129	0.7951
872	67.8325	30.7273	52.3471	5.0	4.999	-0.122111614	-0.119105239	0.003006375	1.8865
873	59.3442	31.0273	47.3110	5.0	4.999	-0.121466220	-0.118613199	0.002853020	1.7903
874	50.7325	31.6273	50.1468	5.0	4.999	-0.096618667	-0.096753957	-0.000135290	-0.0849
875	63.0325	26.1247	58.7110	5.0	5.000	-0.117063374	-0.116850533	0.000212842	0.1336
876	64.8325	27.1273	50.7325	5.0	4.999	-0.117734397	-0.114185495	0.003548902	2.2270
877	65.9818	38.5273	56.6110	5.0	5.000	-0.125381422	-0.125768999	-0.000387577	-0.2432
878	51.9479	39.1273	54.2110	5.0	5.000	-0.119633414	-0.120438033	-0.000804620	-0.5049
879	53.2855	26.2273	56.9110	5.0	4.999	-0.097052084	-0.097777473	-0.000725390	-0.4552
880	55.8325	37.9273	48.3438	5.0	4.999	-0.110944884	-0.110579890	0.000364994	0.2290
881	50.2221	32.2273	59.0110	5.0	4.999	-0.101580848	-0.102788692	-0.001207844	-0.7579
882	66.3325	32.5523	60.2110	5.0	4.999	-0.123936733	-0.124496381	-0.000559648	-0.3512
883	53.4854	40.6273	59.9110	5.0	4.999	-0.117776103	-0.118713066	-0.000936963	-0.5880
884	63.0325	33.1273	63.1073	5.0	5.000	-0.119732156	-0.122027116	-0.002294960	-1.4401
885	52.5325	28.4672	50.3110	5.0	4.999	-0.098856640	-0.098619968	0.000236672	0.1485
886	60.0325	42.4273	53.4422	5.0	4.999	-0.122115824	-0.122440576	-0.000324752	-0.2038
887	59.4325	41.5273	61.0445	5.0	4.999	-0.120721336	-0.121795843	-0.001074507	-0.6743
888	63.0325	33.4273	47.1447	5.0	5.000	-0.117982707	-0.115354210	0.002628496	1.6494
889	56.1325	34.0273	47.0506	5.0	5.000	-0.110257669	-0.109075651	0.001182018	0.7417
890	60.0325	39.2015	49.7110	5.0	5.000	-0.124989921	-0.124553533	0.000436388	0.2738
891	58.8325	26.0902	52.4110	5.0	5.000	-0.124773616	-0.122458689	0.002314927	1.4526
892	56.4325	28.0273	49.6201	5.0	4.999	-0.116743193	-0.114903230	0.001839963	1.1546
893	55.8325	36.4273	63.4253	5.0	5.000	-0.122135892	-0.124693031	-0.002557139	-1.6046
894	63.0325	41.8230	56.9110	5.0	5.000	-0.121481695	-0.122173521	-0.000691826	-0.4341
895	50.7325	28.3273	57.3142	5.0	4.999	-0.092600553	-0.093405010	-0.000804457	-0.5048
896	54.3325	31.3273	62.4934	5.0	4.999	-0.112233630	-0.115324393	-0.003090763	-1.9395
897	60.1237	30.4273	63.2110	5.0	4.999	-0.117454506	-0.120595465	-0.003140960	-1.9710
898	65.7325	28.4677	59.6110	5.0	4.999	-0.117377897	-0.117215434	0.000162463	0.1019
899	65.4325	34.6999	48.8110	5.0	4.999	-0.119831901	-0.117518073	0.002313828	1.4519
900	54.1050	39.1273	50.6110	5.0	4.999	-0.115459557	-0.115734090	-0.000274533	-0.1723
901	54.9325	26.8273	60.1310	5.0	5.000	-0.100824734	-0.102383181	-0.001558447	-0.9779
902	56.1958	42.1273	59.3110	5.0	4.999	-0.122875604	-0.123633756	-0.000758152	-0.4757
903	53.7325	33.4273	48.0782	5.0	4.999	-0.107299718	-0.106710760	0.000588958	0.3696
904	57.0325	42.8360	54.8110	5.0	5.000	-0.121808360	-0.122287983	-0.000479623	-0.3010
905	61.8325	28.9273	47.6682	5.0	5.000	-0.116069883	-0.112666288	0.003403595	2.1358
906	60.6325	27.1273	60.9652	5.0	4.999	-0.114465502	-0.116009606	-0.001544104	-0.9689
907	53.0550	37.6273	62.0110	5.0	4.999	-0.115865862	-0.117485028	-0.001619167	-1.0160
908	49.8163	34.0273	51.8110	5.0	5.000	-0.099037451	-0.099510062	-0.000472611	-0.2966
909	60.0325	33.7273	64.1629	5.0	5.000	-0.117991913	-0.121008961	-0.003017048	-1.8932
910	52.1849	26.8273	53.9110	5.0	4.999	-0.095639544	-0.095938291	-0.000298747	-0.1875
911	65.5392	37.6273	53.3110	5.0	4.999	-0.134656351	-0.133989089	0.000667263	0.4187
912	60.0325	38.9664	62.6110	5.0	4.998	-0.125611294	-0.127409783	-0.001798489	-1.1286
913	66.8725	35.8273	55.7110	5.0	5.005	-0.134694225	-0.134045859	0.000648367	0.4069
914	63.8360	37.3273	62.0110	5.0	4.999	-0.120367987	-0.122089758	-0.001721771	-1.0804
915	49.1415	31.0273	56.6110	5.0	5.000	-0.092814094	-0.093486882	-0.000672788	-0.4222
916	54.6325	40.5227	53.0110	5.0	4.999	-0.127897942	-0.128517564	-0.000619623	-0.3888
917	50.1325	34.8538	57.8110	5.0	4.999	-0.110251646	-0.111337867	-0.001086220	-0.6816
918	65.0252	39.1273	59.3110	5.0	4.999	-0.120817247	-0.121916461	-0.001099214	-0.6898
919	51.8510	40.0273	56.6110	5.0	4.999	-0.116922819	-0.117732378	-0.000809560	-0.5080
920	65.2461	26.5273	53.6110	5.0	4.999	-0.121601231	-0.118666362	0.002934869	1.8417
921	49.5325	31.6273	52.2170	5.0	5.002	-0.094271200	-0.094657766	-0.000386566	-0.2426
922	56.4325	25.1020	55.1110	5.0	5.000	-0.106699552	-0.106463946	0.000235606	0.1478
923	59.7325	24.9773	55.7110	5.0	5.000	-0.116167167	-0.115253364	0.000913803	0.5734
924	67.4136	30.7273	58.7110	5.0	5.000	-0.119579102	-0.119018743	0.000560359	0.3516
925	67.1378	32.2273	50.0110	5.0	5.000	-0.118307754	-0.115376910	0.002930844	1.8391
926	57.9325	36.9707	63.5110	5.0	5.006	-0.125609625	-0.128150463	-0.002540839	-1.5944
927	67.8325	33.7273	53.8986	5.0	5.000	-0.129215919	-0.127215409	0.002000510	1.2553
928	50.4325	36.3976	53.6110	5.0	5.000	-0.110352123	-0.111132427	-0.000780304	-0.4896
929	64.5325	25.9500	56.9110	5.0	5.000	-0.116907165	-0.115601785	0.001305380	0.8191
930	61.2325	40.6273	51.7973	5.0	5.000	-0.128564247	-0.128560173	0.000004074	0.0026
931	66.5739	34.6273	59.0110	5.0	5.000	-0.129192317	-0.129645728	-0.000453411	-0.2845
932	55.2325	28.6273	61.8517	5.0	4.999	-0.105546451	-0.108018281	-0.002471830	-1.5511
933	66.8346	28.6273	51.8110	5.0	4.999	-0.119992516	-0.116613121	0.003379395	2.1206
934	68.1325	30.2954	56.0110	5.0	4.998	-0.120668814	-0.118880919	0.001787895	1.1219
935	61.5325	25.7715	51.8110	5.0	5.000	-0.121379919	-0.118319540	0.003060379	1.9204
936	52.0228	31.6273	60.5110	5.0	5.012	-0.109273169	-0.111330613	-0.002057444	-1.2911
937	58.5325	28.9422	48.5110	5.0	5.000	-0.123015540	-0.120040814	0.002974725	1.8667
938	61.2325	42.3620	59.0110	5.0	5.000	-0.119353077	-0.120199992	-0.000846915	-0.5314
939	58.5325	26.3055	60.2110	5.0	4.999	-0.109597351	-0.111009554	-0.001412202	-0.8862
940	62.7325	35.4935	47.9110	5.0	4.999	-0.122687045	-0.120717073	0.001969973	1.2362
941	57.1945	30.1273	63.2110	5.0	4.998	-0.112203888	-0.115508984	-0.003305095	-2.0740
942	58.2325	37.9273	48.2017	5.0	5.000	-0.116657792	-0.115975111	0.000682681	0.4284
943	51.0074	36.1273	59.9110	5.0	5.000	-0.113521775	-0.114926114	-0.001404338	-0.8812
944	65.0684	34.6273	61.7110	5.0	4.999	-0.120970036	-0.122494148	-0.001524112	-0.9564
945	64.5325	28.6273	48.7216	5.0	4.999	-0.115175618	-0.111598685	0.003576933	2.2446
946	54.0325	35.8273	48.0625	5.0	4.999	-0.106548241	-0.106147112	0.000401128	0.2517
947	60.0325	25.6273	59.1818	5.0	4.999	-0.111591974	-0.112188029	-0.000596055	-0.3740
948	55.5325	25.3273	57.6658	5.0	4.998	-0.100669615	-0.101322506	-0.000652891	-0.4097
949	52.5325	30.1961	49.1110	5.0	4.999	-0.100265529	-0.099924273	0.000341257	0.2141
950	58.8325	33.4273	46.9909	5.0	5.000	-0.118927526	-0.116888268	0.002039257	1.2797
951	50.7325	29.5273	51.2871	5.0	4.999	-0.094456357	-0.094629097	-0.000172740	-0.1084
952	61.8325	25.2705	56.6110	5.0	5.000	-0.118945455	-0.117934102	0.001011353	0.6346
953	56.7361	32.2273	47.3110	5.0	5.000	-0.115322030	-0.113601827	0.001720203	1.0794
954	65.4325	36.7273	50.8083	5.0	4.999	-0.127448398	-0.125998236	0.001450162	0.9100
955	63.4776	27.4273	60.2110	5.0	4.998	-0.117832314	-0.118353305	-0.000520991	-0.3269
956	50.5052	37.0273	56.0110	5.0	5.000	-0.115326393	-0.116281606	-0.000955214	-0.5994
957	51.8315	38.5273	60.2110	5.0	4.999	-0.114351809	-0.115525128	-0.001173319	-0.7363
958	56.7325	39.4273	49.5111	5.0	4.999	-0.116900484	-0.116792096	0.000108388	0.0680
959	64.2325	40.5396	56.6110	5.0	4.999	-0.125691591	-0.126380464	-0.000688873	-0.4323
960	51.2037	33.7273	49.7110	5.0	4.999	-0.100780350	-0.100918181	-0.000137831	-0.0865
961	55.2325	33.4273	63.6176	5.0	5.000	-0.114994354	-0.118145718	-0.003151364	-1.9775
962	57.9325	35.2273	64.2032	5.0	5.000	-0.118864021	-0.121795748	-0.002931726	-1.8397
963	66.6233	37.0273	57.8110	5.0	5.000	-0.124692649	-0.125110922	-0.000418273	-0.2625
964	63.4388	35.5273	62.9110	5.0	4.999	-0.119162521	-0.121159866	-0.001997345	-1.2534
965	62.7325	26.8313	49.7110	5.0	5.000	-0.116989810	-0.113477992	0.003511818	2.2037
966	63.0325	39.1273	51.6823	5.0	4.998	-0.133445645	-0.133053961	0.000391684	0.2458
967	65.1325	30.1273	60.9618	5.0	4.999	-0.120443131	-0.121231004	-0.000787873	-0.4944
968	53.1325	26.9836	58.7110	5.0	4.999	-0.097191402	-0.098349536	-0.001158134	-0.7267
969	61.8325	42.3601	54.8110	5.0	5.000	-0.121439292	-0.121864585	-0.000425293	-0.2669
970	62.1325	31.6273	63.1171	5.0	5.000	-0.119841290	-0.122459905	-0.002618616	-1.6432
971	63.0325	31.3273	47.0537	5.0	5.000	-0.115801697	-0.112678990	0.003122707	1.9595
972	66.7772	30.1273	50.0110	5.0	4.999	-0.117068212	-0.113716109	0.003352102	2.1035
973	56.2223	42.7273	57.5110	5.0	4.999	-0.122046512	-0.122654462	-0.000607950	-0.3815
974	51.0325	29.8273	59.2012	5.0	4.999	-0.097695359	-0.098958443	-0.001263084	-0.7926
975	52.6433	40.3273	54.8110	5.0	4.999	-0.120380593	-0.121121221	-0.000740628	-0.4648
976	61.6468	37.9273	48.8110	5.0	4.998	-0.122066186	-0.121085964	0.000980222	0.6151
977	51.9325	37.5480	52.1110	5.0	4.999	-0.116102524	-0.116756162	-0.000653638	-0.4102
978	55.5325	40.9818	60.8110	5.0	5.000	-0.122049442	-0.123062139	-0.001012696	-0.6355
979	60.3501	28.6273	62.0110	5.0	5.000	-0.117826727	-0.120358329	-0.002531602	-1.5886
980	64.5325	31.9273	61.9416	5.0	4.999	-0.121284110	-0.122851945	-0.001567835	-0.9838
981	54.0325	25.9273	54.6762	5.0	4.998	-0.101107018	-0.101309287	-0.000202270	-0.1269
982	57.9325	42.6722	59.3110	5.0	5.000	-0.120135704	-0.120879307	-0.000743604	-0.4666
983	54.9325	28.7134	49.1110	5.0	4.999	-0.108937409	-0.107783262	0.001154148	0.7242
984	67.9278	32.5273	52.1110	5.0	5.000	-0.122749573	-0.120111301	0.002638272	1.6555
985	63.3325	25.9273	52.3049	5.0	4.998	-0.121298326	-0.118103400	0.003194926	2.0048
986	51.0862	27.4273	55.1110	5.0	4.999	-0.092254810	-0.092754784	-0.000499974	-0.3137
987	60.3325	32.8273	46.9864	5.0	5.000	-0.121090876	-0.118518439	0.002572437	1.6142
988	59.1325	41.2927	51.8110	5.0	4.999	-0.125894496	-0.126075673	-0.000181176	-0.1137
989	67.1867	28.6273	57.5110	5.0	5.000	-0.117617016	-0.116374414	0.001242601	0.7797
990	53.6347	34.9273	62.6110	5.0	4.999	-0.118324568	-0.120885649	-0.002561081	-1.6071
991	53.1325	27.0599	51.8110	5.0	5.000	-0.099849172	-0.099688046	0.000161127	0.1011
992	65.1325	26.7320	58.1110	5.0	4.999	-0.116404487	-0.115563641	0.000840846	0.5276
993	50.7434	33.7273	59.3110	5.0	5.000	-0.110478422	-0.111923480	-0.001445058	-0.9068
994	57.6325	36.1273	47.2634	5.0	5.000	-0.113328955	-0.112273533	0.001055421	0.6623
995	54.0325	37.7298	49.1110	5.0	4.999	-0.109507794	-0.109443601	0.000064193	0.0403
996	49.2325	32.7146	57.2110	5.0	4.998	-0.097740275	-0.098551761	-0.000811486	-0.5092
997	57.0325	25.6273	53.4578	5.0	4.999	-0.114122408	-0.113124883	0.000997525	0.6260
998	53.4325	41.2284	58.4110	5.0	5.000	-0.118926667	-0.119708891	-0.000782225	-0.4909
999	51.3325	27.9858	52.4110	5.0	5.000	-0.094550081	-0.094750929	-0.000200849	-0.1260
1000	49.6100	29.2273	55.4110	5.0	5.000	-0.090477028	-0.091010393	-0.000533364	-0.3347
1001	56.8527	29.8273	48.5110	5.0	4.998	-0.121379155	-0.119171721	0.002207434	1.3852
1002	55.2325	39.1273	62.4109	5.0	5.000	-0.119984985	-0.121503532	-0.001518547	-0.9529
1003	61.8325	34.3273	63.6851	5.0	5.000	-0.119452065	-0.122009340	-0.002557275	-1.6047
1004	59.4325	26.4410	50.9110	5.0	5.000	-0.122827494	-0.119915356	0.002912138	1.8274
1005	56.1325	26.5727	51.5110	5.0	5.000	-0.113432398	-0.112185422	0.001246976	0.7825
1006	66.9325	34.6273	50.6931	5.0	4.999	-0.122267723	-0.120054341	0.002213382	1.3889
1007	65.4325	33.1273	48.2220	5.0	5.000	-0.117050503	-0.114265120	0.002785383	1.7479
1008	54.9325	33.1273	47.4923	5.0	5.000	-0.109012489	-0.108018799	0.000993690	0.6235
1009	67.7276	29.2273	54.5110	5.0	5.000	-0.121587274	-0.119063827	0.002523446	1.5835
1010	57.9325	40.3146	62.0110	5.0	5.000	-0.124025065	-0.125373177	-0.001348112	-0.8460
1011	60.6325	25.3880	54.2110	5.0	5.000	-0.123559482	-0.121564137	0.001995345	1.2521
1012	67.1407	31.9273	59.3110	5.0	5.000	-0.121644695	-0.121549261	0.000095434	0.0599
1013	58.5325	39.7273	50.0821	5.0	4.999	-0.124503028	-0.124353329	0.000149698	0.0939
1014	67.0780	35.5273	54.2110	5.0	5.000	-0.133255678	-0.131962821	0.001292856	0.8113
1015	68.2997	31.9273	55.4110	5.0	5.000	-0.123820598	-0.122002065	0.001818533	1.1411
1016	60.9325	41.2273	60.8877	5.0	4.999	-0.120806681	-0.121964637	-0.001157956	-0.7266
1017	51.9325	39.7273	58.8452	5.0	4.998	-0.115359280	-0.116294029	-0.000934749	-0.5866
1018	61.8325	39.4717	61.7110	5.0	4.999	-0.124396169	-0.125994184	-0.001598015	-1.0028
1019	53.4588	39.4273	52.7110	5.0	5.000	-0.125057473	-0.125743716	-0.000686243	-0.4306
1020	63.9239	40.3273	58.7110	5.0	5.000	-0.124308742	-0.125393497	-0.001084755	-0.6807
1021	58.8325	43.2802	55.7110	5.0	5.000	-0.119733307	-0.120222364	-0.000489056	-0.3069
1022	60.6325	34.9273	47.0671	5.0	5.000	-0.118629621	-0.116761557	0.001868065	1.1722
1023	64.2325	39.1273	60.4143	5.0	4.999	-0.120830927	-0.122177865	-0.001346938	-0.8452
1024	49.2325	30.3361	53.9110	5.0	4.999	-0.091146866	-0.091582874	-0.000436008	-0.2736
1025	56.7325	41.6364	52.7110	5.0	4.999	-0.125254899	-0.125672139	-0.000417240	-0.2618
1026	55.2325	40.0273	51.2115	5.0	5.000	-0.121464096	-0.121801806	-0.000337710	-0.2119
1027	59.1325	32.2273	64.1724	5.0	5.000	-0.114868736	-0.118101017	-0.003232281	-2.0283
1028	53.4325	33.1273	62.1907	5.0	4.999	-0.116600304	-0.119471827	-0.002871524	-1.8019
1029	51.0325	38.5273	55.7419	5.0	4.999	-0.116238075	-0.117117504	-0.000879429	-0.5519
1030	51.5197	27.4273	56.9110	5.0	4.999	-0.093612938	-0.094377951	-0.000765013	-0.4801
1031	61.5325	31.3273	46.8795	5.0	5.000	-0.117307356	-0.114292455	0.003014901	1.8919
1032	64.2325	37.9273	51.4310	5.0	4.999	-0.133560355	-0.132698724	0.000861630	0.5407
1033	53.6276	30.1273	61.7110	5.0	4.999	-0.106666199	-0.109173180	-0.002506981	-1.5732
1034	64.5325	25.8805	54.5110	5.0	5.000	-0.119794089	-0.117384497	0.002409592	1.5120
1035	64.6983	39.1273	53.9110	5.0	4.999	-0.132092634	-0.132032950	0.000059685	0.0375
1036	60.8071	43.0273	56.3110	5.0	4.998	-0.119379216	-0.119931300	-0.000552084	-0.3464
1037	58.8325	42.7273	53.8167	5.0	4.999	-0.121598383	-0.121983332	-0.000384949	-0.2416
1038	60.3325	28.9273	47.7907	5.0	5.000	-0.118224063	-0.114975607	0.003248456	2.0384
1039	61.2325	39.3680	50.3110	5.0	5.000	-0.127321200	-0.126895341	0.000425858	0.2672
1040	49.5325	30.6773	57.5110	5.0	4.999	-0.093648204	-0.094448932	-0.000800727	-0.5025
1041	55.8325	31.6273	63.5390	5.0	5.000	-0.112061740	-0.115364155	-0.003302415	-2.0723
1042	56.1325	25.6273	58.8294	5.0	4.999	-0.102199375	-0.103174892	-0.000975517	-0.6121
1043	58.2325	29.5620	62.9110	5.0	5.000	-0.113987320	-0.117213473	-0.003226153	-2.0244
1044	53.9808	28.0273	60.8110	5.0	4.999	-0.100928762	-0.102803524	-0.001874762	-1.1764
1045	63.9325	34.6273	47.8362	5.0	5.000	-0.119555419	-0.117235742	0.002319677	1.4556
1046	55.0808	27.4273	50.3110	5.0	4.998	-0.108709565	-0.107671980	0.001037585	0.6511
1047	59.7325	35.2273	64.0521	5.0	5.000	-0.120576356	-0.123408259	-0.002831903	-1.7770
1048	55.5325	35.4762	47.3110	5.0	4.999	-0.108111492	-0.107320635	0.000790857	0.4963
1049	64.5325	36.3633	49.4110	5.0	4.999	-0.124779653	-0.123090459	0.001689194	1.0600
1050	57.0325	41.4466	60.8110	5.0	4.999	-0.122912341	-0.123898695	-0.000986353	-0.6189
1051	66.2429	34.3273	59.9110	5.0	5.000	-0.126633645	-0.127428387	-0.000794743	-0.4987
1052	54.6325	38.8273	49.7095	5.0	5.000	-0.112850718	-0.112911541	-0.000060823	-0.0382
1053	66.3827	37.0273	54.8110	5.0	5.000	-0.133042761	-0.132534366	0.000508395	0.3190
1054	58.2325	39.1273	62.7261	5.0	5.000	-0.125309049	-0.127046980	-0.001737931	-1.0906
1055	49.6280	34.6273	56.9110	5.0	5.000	-0.105517884	-0.106422404	-0.000904520	-0.5676
1056	54.9325	37.3273	63.0664	5.0	5.000	-0.119469182	-0.121524213	-0.002055030	-1.2896
1057	60.0325	25.0273	57.2768	5.0	4.999	-0.113469367	-0.113192325	0.000277042	0.1738
1058	65.7325	26.5273	55.1837	5.0	4.999	-0.118657325	-0.116450742	0.002206583	1.3847
1059	51.7455	32.5273	49.1110	5.0	4.999	-0.100339053	-0.100260397	0.000078656	0.0494
1060	62.4325	27.8332	48.5110	5.0	4.999	-0.115955240	-0.112431432	0.003523808	2.2112
1061	57.6325	25.0422	55.7110	5.0	5.000	-0.110684356	-0.110344289	0.000340067	0.2134
1062	56.4325	37.3273	63.3467	5.0	5.000	-0.123165628	-0.125450709	-0.002285080	-1.4339
1063	50.7325	35.5273	51.2543	5.0	4.999	-0.104468122	-0.104938655	-0.000470533	-0.2953
1064	52.7810	37.6273	50.3110	5.0	4.999	-0.110851153	-0.111111561	-0.000260408	-0.1634
1065	49.3534	34.0273	53.3110	5.0	5.000	-0.099174213	-0.099755837	-0.000581624	-0.3650
1066	55.5325	41.8273	54.0008	5.0	4.999	-0.125293615	-0.125839363	-0.000545748	-0.3425
1067	61.8325	41.5273	53.1366	5.0	4.999	-0.124790595	-0.125000999	-0.000210405	-0.1320
1068	56.1325	27.0313	60.8110	5.0	4.999	-0.104343347	-0.106207685	-0.001864338	-1.1699
1069	59.7325	37.0273	47.7554	5.0	5.000	-0.118094709	-0.116989412	0.001105297	0.6936
1070	64.9422	37.3273	61.1110	5.0	4.999	-0.119550195	-0.120978108	-0.001427913	-0.8960
1071	63.6325	30.1273	47.5034	5.0	5.000	-0.114967802	-0.111598837	0.003368965	2.1141
1072	52.2325	36.1273	61.6138	5.0	4.999	-0.115016642	-0.116814081	-0.001797440	-1.1279
1073	51.6325	28.4790	58.7110	5.0	4.999	-0.096424314	-0.097589480	-0.001165166	-0.7312
1074	57.9325	43.2785	56.6110	5.0	5.000	-0.119862921	-0.120399743	-0.000536822	-0.3369
1075	66.1195	27.1273	57.2110	5.0	4.999	-0.116807698	-0.115467608	0.001340090	0.8409
1076	53.4325	31.0273	48.3943	5.0	5.000	-0.104186720	-0.103560019	0.000626700	0.3933
1077	61.3540	28.0273	61.4110	5.0	4.998	-0.118021263	-0.119853545	-0.001832282	-1.1498
1078	63.1525	41.5273	55.1110	5.0	4.999	-0.123615333	-0.124061305	-0.000445972	-0.2799
1079	61.5325	30.2277	62.6110	5.0	4.999	-0.120946526	-0.123665014	-0.002718488	-1.7059
1080	65.7325	28.3965	50.0110	5.0	4.999	-0.116586709	-0.113023323	0.003563385	2.2361
1081	61.5325	37.9273	62.7156	5.0	5.000	-0.124529478	-0.126529485	-0.002000008	-1.2550
1082	48.8856	32.2273	54.2110	5.0	5.000	-0.093761927	-0.094279646	-0.000517719	-0.3249
1083	66.8187	30.7273	59.6110	5.0	4.999	-0.119717111	-0.119621961	0.000095150	0.0597
1084	52.8325	38.8273	61.2016	5.0	4.999	-0.115612840	-0.116893185	-0.001280344	-0.8034
1085	58.5325	28.0273	49.2534	5.0	4.999	-0.123300253	-0.120328549	0.002971704	1.8648
1086	64.8325	39.9122	57.2110	5.0	4.999	-0.124801154	-0.125559121	-0.000757967	-0.4756
1087	66.3325	27.5995	53.3110	5.0	4.999	-0.122724675	-0.119574717	0.003149958	1.9766
1088	59.7325	37.9273	63.0428	5.0	5.000	-0.127031221	-0.129187607	-0.002156385	-1.3532
1089	66.0723	38.2273	58.1110	5.0	5.000	-0.122205060	-0.122908849	-0.000703789	-0.4416
1090	66.3857	33.1273	49.1110	5.0	5.000	-0.117872610	-0.115110687	0.002761923	1.7331
1091	68.0510	32.2273	53.0110	5.0	5.000	-0.124853467	-0.122274080	0.002579387	1.6186
1092	53.7325	26.2273	58.0953	5.0	5.000	-0.097261141	-0.098207820	-0.000946679	-0.5940
1093	61.5325	32.8273	63.5699	5.0	5.000	-0.120073029	-0.122922599	-0.002849571	-1.7881
1094	52.7529	40.9273	56.9110	5.0	4.999	-0.118636980	-0.119387433	-0.000750453	-0.4709
1095	67.8325	34.1485	55.7110	5.0	4.999	-0.128411917	-0.127197137	0.001214780	0.7623
1096	67.3208	34.9273	56.9110	5.0	5.000	-0.129910218	-0.129424876	0.000485342	0.3046
1097	56.4325	29.2273	62.3844	5.0	5.000	-0.111032529	-0.114086630	-0.003054101	-1.9165
1098	68.1325	31.0273	56.8672	5.0	4.999	-0.120858785	-0.119510069	0.001348715	0.8463
1099	57.8448	30.7273	47.9110	5.0	4.999	-0.123495856	-0.120935862	0.002559994	1.6064
1100	63.3325	25.3860	56.0110	5.0	5.000	-0.118202154	-0.116654621	0.001547533	0.9711
1101	50.1325	32.8273	50.8623	5.0	4.999	-0.097031258	-0.097343227	-0.000311969	-0.1958
1102	66.3325	35.3137	50.3110	5.0	4.999	-0.122901095	-0.120875692	0.002025403	1.2710
1103	50.0507	31.3273	51.2110	5.0	5.000	-0.094784773	-0.095063728	-0.000278955	-0.1750
1104	65.5463	37.9273	59.9110	5.0	4.999	-0.119870841	-0.121002040	-0.001131198	-0.7098
1105	54.0325	41.4185	55.1110	5.0	5.000	-0.123716704	-0.124372633	-0.000655929	-0.4116
1106	59.1325	33.4273	64.3370	5.0	5.000	-0.116080392	-0.119209432	-0.003129040	-1.9635
1107	59.4325	28.0273	61.7718	5.0	5.000	-0.114796334	-0.117216108	-0.002419774	-1.5184
1108	65.9069	27.4273	52.1110	5.0	4.999	-0.120451983	-0.117047077	0.003404906	2.1366
1109	51.0325	37.4382	54.5110	5.0	4.998	-0.117992452	-0.118901386	-0.000908934	-0.5704
1110	50.3646	36.4273	57.5110	5.0	5.000	-0.113836751	-0.114899074	-0.001062323	-0.6666
1111	52.2325	34.6273	49.1859	5.0	5.000	-0.105173946	-0.105150536	0.000023410	0.0147
1112	67.4268	30.7273	50.9110	5.0	5.000	-0.118927309	-0.115755049	0.003172260	1.9906
1113	58.2325	39.0289	49.1110	5.0	4.999	-0.119335620	-0.118965404	0.000370217	0.2323
1114	51.0325	27.6165	53.9110	5.0	4.999	-0.092577758	-0.092945382	-0.000367624	-0.2307
1115	65.5677	29.2273	49.1110	5.0	4.999	-0.115558822	-0.112036236	0.003522586	2.2105
1116	58.5325	25.3273	54.3617	5.0	5.004	-0.117928568	-0.116729549	0.001199019	0.7524
1117	54.9325	42.0635	57.5110	5.0	5.000	-0.123909714	-0.124570536	-0.000660822	-0.4147
1118	59.7325	42.9104	58.7110	5.0	5.000	-0.118878404	-0.119605406	-0.000727001	-0.4562
1119	64.2325	28.9273	60.9595	5.0	4.999	-0.119377482	-0.120245120	-0.000867638	-0.5445
1120	59.4325	40.6273	61.8333	5.0	4.999	-0.122267999	-0.123574877	-0.001306879	-0.8201
1121	66.1288	36.7273	52.4110	5.0	4.999	-0.130887374	-0.129662779	0.001224595	0.7684
1122	60.9325	25.2127	55.4110	5.0	5.000	-0.121071338	-0.119644640	0.001426698	0.8953
1123	62.4325	37.0306	62.9110	5.0	5.000	-0.121243182	-0.123268149	-0.002024966	-1.2707
1124	60.6325	26.1299	50.9110	5.0	5.000	-0.120775225	-0.117668630	0.003106595	1.9494
1125	66.1932	31.6273	48.8110	5.0	4.999	-0.116253512	-0.113121551	0.003131960	1.9653
1126	51.2265	39.1273	57.5110	5.0	5.000	-0.115010179	-0.115915536	-0.000905357	-0.5681
1127	54.3325	39.9529	61.4110	5.0	4.999	-0.118522449	-0.119714115	-0.001191666	-0.7478
1128	56.4325	34.9273	63.9983	5.0	5.000	-0.118046605	-0.121040239	-0.002993634	-1.8785
1129	60.0325	39.7273	50.5767	5.0	4.999	-0.129553891	-0.129345390	0.000208501	0.1308
1130	67.6370	33.1273	58.1110	5.0	5.000	-0.124093751	-0.123643449	0.000450302	0.2826
1131	51.0325	30.7273	59.6058	5.0	5.000	-0.100554937	-0.101974120	-0.001419183	-0.8906
1132	57.3325	43.0991	57.5110	5.0	5.000	-0.120338062	-0.120927519	-0.000589457	-0.3699
1133	58.5325	34.9273	47.1089	5.0	5.000	-0.117242774	-0.115698949	0.001543825	0.9688
1134	58.5325	25.5638	59.0110	5.0	5.000	-0.109053639	-0.109849326	-0.000795687	-0.4993
1135	61.9514	42.1273	58.7110	5.0	4.999	-0.119843123	-0.120704586	-0.000861464	-0.5406
1136	66.7616	28.9273	58.7110	5.0	4.999	-0.117563641	-0.116893659	0.000669982	0.4204
1137	55.8325	30.7273	63.1219	5.0	4.999	-0.111523880	-0.114805845	-0.003281965	-2.0595
1138	51.9325	29.2273	50.1253	5.0	4.999	-0.097526823	-0.097401773	0.000125050	0.0785
1139	52.8325	26.4078	55.1110	5.0	5.000	-0.097203503	-0.097642277	-0.000438774	-0.2753
1140	61.0336	25.3273	57.8110	5.0	4.999	-0.115622926	-0.115378929	0.000243997	0.1531
1141	53.1325	29.2273	49.3170	5.0	4.999	-0.101557914	-0.101061877	0.000496037	0.3113
1142	65.3072	39.1273	55.4110	5.0	4.999	-0.128580282	-0.128829065	-0.000248783	-0.1561
1143	54.9325	34.0273	47.3868	5.0	5.000	-0.107909026	-0.107033603	0.000875424	0.5493
1144	63.6325	25.7675	57.5110	5.0	5.000	-0.116952072	-0.116049199	0.000902873	0.5666
1145	66.4743	35.8273	59.3110	5.0	5.000	-0.124145881	-0.124874530	-0.000728649	-0.4572
1146	51.6325	35.5273	60.9186	5.0	4.999	-0.114418649	-0.116144469	-0.001725820	-1.0830
1147	64.6557	36.4273	61.7110	5.0	4.999	-0.120218460	-0.121825619	-0.001607159	-1.0085
1148	51.9325	39.6988	55.1110	5.0	5.000	-0.118508710	-0.119301566	-0.000792855	-0.4975
1149	66.5731	37.0273	55.7110	5.0	5.000	-0.130604468	-0.130369566	0.000234902	0.1474
1150	63.8662	26.5273	50.9110	5.0	4.999	-0.118273988	-0.114794618	0.003479370	2.1833
1151	49.5655	30.4273	52.7110	5.0	5.000	-0.092298875	-0.092664789	-0.000365913	-0.2296
1152	58.2981	32.2273	47.3110	5.0	4.999	-0.121360280	-0.119053011	0.002307269	1.4478
1153	64.8325	27.5984	59.6110	5.0	4.999	-0.116929563	-0.116863200	0.000066363	0.0416
1154	63.9325	40.4102	54.5110	5.0	4.999	-0.128235769	-0.128521436	-0.000285668	-0.1793
1155	60.6325	42.9214	55.1110	5.0	5.000	-0.120139173	-0.120593693	-0.000454520	-0.2852
1156	56.7325	24.9881	56.3110	5.0	5.000	-0.105702715	-0.105771563	-0.000068848	-0.0432
1157	56.1325	29.2273	48.7403	5.0	5.000	-0.116084030	-0.114306020	0.001778010	1.1157
1158	53.1325	31.3273	61.5622	5.0	4.999	-0.110768368	-0.113386697	-0.002618329	-1.6430
1159	57.0325	38.5273	48.5671	5.0	5.000	-0.114259692	-0.113869097	0.000390596	0.2451
1160	52.2325	33.1273	60.7334	5.0	4.999	-0.117050241	-0.119358459	-0.002308217	-1.4484
1161	56.4325	40.3477	61.7110	5.0	5.000	-0.123665087	-0.124915406	-0.001250319	-0.7846
1162	55.8325	25.4184	54.2110	5.0	5.000	-0.106739729	-0.106400950	0.000338779	0.2126
1163	63.8435	40.9273	57.5110	5.0	4.999	-0.123551991	-0.124386237	-0.000834246	-0.5235
1164	59.7325	26.2487	60.2110	5.0	5.000	-0.111250501	-0.112438205	-0.001187704	-0.7453
1165	60.6325	42.9564	57.8110	5.0	5.000	-0.118900083	-0.119576564	-0.000676481	-0.4245
1166	60.3325	31.9200	63.8110	5.0	5.000	-0.117245522	-0.120372515	-0.003126993	-1.9622
1167	66.9325	33.2521	59.3110	5.0	4.998	-0.124853850	-0.125040649	-0.000186800	-0.1172
1168	63.6325	32.8273	47.2197	5.0	5.000	-0.116802279	-0.113985346	0.002816932	1.7677
1169	67.8325	33.7273	52.8231	5.0	4.998	-0.125903210	-0.123698562	0.002204647	1.3834
1170	57.9325	41.5273	52.1433	5.0	5.000	-0.125281597	-0.125579276	-0.000297679	-0.1868
1171	63.9325	39.1273	52.8039	5.0	4.999	-0.134289366	-0.134048762	0.000240604	0.1510
1172	61.2325	36.7273	47.8076	5.0	5.000	-0.119253307	-0.117904228	0.001349079	0.8466
1173	55.2325	42.1273	55.3559	5.0	4.999	-0.124715800	-0.125300091	-0.000584291	-0.3666
1174	62.1325	27.0898	60.2110	5.0	5.000	-0.118845455	-0.119730407	-0.000884951	-0.5553
1175	68.0092	31.3273	53.6110	5.0	5.000	-0.125988641	-0.123305078	0.002683563	1.6840
1176	62.5127	40.3273	52.4110	5.0	4.999	-0.129929999	-0.129906521	0.000023478	0.0147
1177	54.6325	41.2273	59.9597	5.0	4.999	-0.120505547	-0.121393166	-0.000887619	-0.5570
1178	66.0325	27.6727	58.4110	5.0	4.999	-0.116655787	-0.115864254	0.000791533	0.4967
1179	52.5889	38.5273	52.4110	5.0	4.999	-0.120170165	-0.120848686	-0.000678521	-0.4258
1180	56.4325	28.0024	61.7110	5.0	5.000	-0.107302612	-0.109733110	-0.002430499	-1.5252
1181	59.8785	25.9273	52.1110	5.0	4.998	-0.124151427	-0.121432645	0.002718781	1.7061
1182	53.4325	26.3868	53.6110	5.0	5.000	-0.100364012	-0.100469165	-0.000105153	-0.0660
1183	63.6325	26.6888	59.3110	5.0	4.999	-0.116916542	-0.116894591	0.000021951	0.0138
1184	50.7325	34.9273	59.0950	5.0	4.999	-0.113772302	-0.115152502	-0.001380200	-0.8661
1185	54.6325	26.5273	51.9203	5.0	4.999	-0.105688512	-0.105144552	0.000543960	0.3413
1186	49.3316	31.9273	57.5110	5.0	5.000	-0.096090863	-0.096917332	-0.000826469	-0.5186
1187	48.9010	32.8273	55.7110	5.0	5.000	-0.095910878	-0.096556465	-0.000645587	-0.4051
1188	55.5325	25.1467	56.3110	5.0	5.000	-0.101788145	-0.102071433	-0.000283288	-0.1778
1189	60.8114	26.2273	59.9110	5.0	4.998	-0.113679475	-0.114534466	-0.000854992	-0.5365
1190	50.2306	33.7273	58.7110	5.0	4.999	-0.107004400	-0.108218375	-0.001213976	-0.7618
1191	67.3987	29.5273	52.1110	5.0	5.000	-0.120980084	-0.117744583	0.003235501	2.0303
1192	51.0325	37.2658	59.6110	5.0	4.999	-0.113480876	-0.114710671	-0.001229795	-0.7717
1193	62.2130	25.6273	53.0110	5.0	5.002	-0.123535442	-0.120666213	0.002869229	1.8005
1194	59.4325	28.0273	48.7251	5.0	4.999	-0.120422898	-0.117265559	0.003157339	1.9813
1195	49.8325	35.5893	54.8110	5.0	4.999	-0.107425458	-0.108225107	-0.000799649	-0.5018
1196	67.9374	29.8273	56.6110	5.0	5.000	-0.119479420	-0.117903351	0.001576069	0.9890
1197	56.1325	40.0273	50.6053	5.0	5.000	-0.120547785	-0.120719354	-0.000171569	-0.1077
1198	65.1325	33.1273	61.6106	5.0	4.999	-0.122002880	-0.123415353	-0.001412474	-0.8863
1199	62.8992	38.5273	50.3110	5.0	4.999	-0.127562238	-0.126807630	0.000754608	0.4735
1200	61.8325	42.4766	57.8110	5.0	5.000	-0.119564778	-0.120302397	-0.000737619	-0.4629
1201	57.0325	36.0774	63.8110	5.0	4.999	-0.121805777	-0.124572391	-0.002766614	-1.7361
1202	57.6325	32.8273	47.1355	5.0	5.000	-0.117369790	-0.115481745	0.001888046	1.1848
1203	58.8325	36.1273	63.9045	5.0	5.000	-0.122393558	-0.125112804	-0.002719246	-1.7064
1204	64.1292	30.7273	61.7110	5.0	4.999	-0.122444287	-0.123980063	-0.001535775	-0.9637
1205	52.8325	35.9884	49.1110	5.0	4.998	-0.107043175	-0.106997543	0.000045633	0.0286
1206	57.6325	26.9655	51.2110	5.0	4.999	-0.124285911	-0.122021386	0.002264525	1.4210
1207	50.1316	31.0273	58.7110	5.0	5.000	-0.097277793	-0.098355370	-0.001077577	-0.6762
1208	64.6752	26.5273	52.1110	5.0	4.999	-0.120490935	-0.117131099	0.003359836	2.1083
1209	52.7047	35.2273	62.0110	5.0	4.999	-0.116278930	-0.118441126	-0.002162196	-1.3568
1210	49.8863	34.9273	52.4110	5.0	5.000	-0.101918194	-0.102492934	-0.000574740	-0.3607
1211	50.9017	36.4273	52.1110	5.0	4.999	-0.108943728	-0.109566388	-0.000622660	-0.3907
1212	51.9325	29.8273	59.9260	5.0	5.003	-0.101797830	-0.103442257	-0.001644428	-1.0319
1213	57.6325	27.4273	61.2220	5.0	4.999	-0.110279184	-0.112503979	-0.002224795	-1.3961
1214	63.3325	31.9273	62.7464	5.0	5.000	-0.119739135	-0.121863587	-0.002124452	-1.3331
1215	66.2500	36.7273	53.6110	5.0	4.999	-0.134673500	-0.133709262	0.000964238	0.6051
1216	57.3325	26.1053	52.4110	5.0	5.000	-0.118401889	-0.116850840	0.001551049	0.9733
1217	50.6801	37.9273	57.5110	5.0	5.000	-0.114139913	-0.115123471	-0.000983558	-0.6172
1218	64.8325	28.0273	49.4763	5.0	4.999	-0.115898069	-0.112293980	0.003604090	2.2616
1219	55.5325	31.6273	47.7873	5.0	5.000	-0.113328908	-0.111942020	0.001386888	0.8703
1220	62.7325	36.7494	48.5110	5.0	5.000	-0.122900465	-0.121431059	0.001469406	0.9221
1221	53.5556	36.4273	62.6110	5.0	4.999	-0.117114590	-0.119180820	-0.002066230	-1.2966
1222	63.6325	27.1273	49.7002	5.0	5.000	-0.116497688	-0.112922625	0.003575063	2.2434
1223	59.4325	38.5273	48.9209	5.0	4.999	-0.121829228	-0.121213231	0.000615997	0.3865
1224	58.8325	37.0273	47.8264	5.0	5.000	-0.118153305	-0.117151546	0.001001759	0.6286
1225	66.4264	36.7273	59.0110	5.0	5.000	-0.122603141	-0.123344819	-0.000741678	-0.4654
1226	66.8294	35.5273	58.1110	5.0	5.000	-0.128435399	-0.128663694	-0.000228296	-0.1433
1227	55.2325	27.4273	60.9527	5.0	4.999	-0.102575390	-0.104496150	-0.001920760	-1.2053
1228	62.1325	26.2273	50.5974	5.0	5.000	-0.118697075	-0.115341767	0.003355308	2.1055
1229	56.4325	31.0273	47.9113	5.0	5.000	-0.117861242	-0.116010549	0.001850693	1.1613
1230	60.0325	34.0273	46.9210	5.0	5.000	-0.118927442	-0.116853429	0.002074014	1.3015
1231	67.5325	34.6948	54.8110	5.0	4.999	-0.131476518	-0.130077114	0.001399404	0.8781
1232	57.3325	28.6273	49.2956	5.0	4.999	-0.123781500	-0.121281973	0.002499527	1.5685
1233	56.1325	33.1273	63.9946	5.0	5.000	-0.113973397	-0.117207743	-0.003234346	-2.0296
1234	57.3325	31.6273	63.9787	5.0	5.000	-0.112507456	-0.115848744	-0.003341288	-2.0967
1235	61.2325	41.2804	52.4110	5.0	4.999	-0.125896294	-0.126027082	-0.000130788	-0.0821
1236	61.2616	42.1273	53.6110	5.0	4.999	-0.122710681	-0.123014688	-0.000304007	-0.1908
1237	59.4325	32.5273	47.0720	5.0	5.000	-0.121249287	-0.118762542	0.002486745	1.5605
1238	63.6325	36.1273	48.6663	5.0	4.999	-0.124060879	-0.122283485	0.001777394	1.1153
1239	64.2325	26.1780	53.0110	5.0	5.000	-0.122773848	-0.119631663	0.003142185	1.9718
1240	58.8325	24.9533	56.6110	5.0	5.000	-0.112088204	-0.111801323	0.000286881	0.1800
1241	64.2325	34.6273	62.4868	5.0	4.999	-0.119555389	-0.121385332	-0.001829943	-1.1483
1242	61.5325	27.1553	49.1110	5.0	5.000	-0.117317078	-0.113882949	0.003434129	2.1549
1243	56.7325	25.1268	57.5110	5.0	5.000	-0.104427971	-0.104885961	-0.000457990	-0.2874
1244	55.2325	36.7273	47.8230	5.0	5.000	-0.108206270	-0.107697563	0.000508707	0.3192
1245	62.4325	35.8273	63.3272	5.0	5.000	-0.119717905	-0.121913730	-0.002195825	-1.3779
1246	50.7765	32.2273	59.6110	5.0	5.000	-0.104621463	-0.106079403	-0.001457940	-0.9149
1247	51.6325	31.0755	49.4110	5.0	4.999	-0.098340940	-0.098248281	0.000092660	0.0581
1248	49.4394	33.1273	52.4110	5.0	5.000	-0.096773807	-0.097248088	-0.000474282	-0.2976
1249	52.5325	39.7273	59.9936	5.0	4.999	-0.115727013	-0.116755711	-0.001028697	-0.6455
1250	50.1325	29.2273	52.6832	5.0	4.999	-0.092200242	-0.092516681	-0.000316439	-0.1986
1251	53.9543	29.5273	48.8110	5.0	4.999	-0.105021208	-0.104220271	0.000800937	0.5026
1252	62.5396	41.5273	53.9110	5.0	4.999	-0.124397643	-0.124687015	-0.000289371	-0.1816
1253	51.6325	37.6273	53.4293	5.0	5.017	-0.120155964	-0.121016202	-0.000860238	-0.5398
1254	54.0325	34.6273	47.8361	5.0	5.000	-0.106525526	-0.105965760	0.000559766	0.3513
1255	54.0325	25.7235	56.6110	5.0	5.000	-0.098218856	-0.098794191	-0.000575335	-0.3610
1256	50.2108	28.3273	54.8110	5.0	4.999	-0.090849527	-0.091325213	-0.000475686	-0.2985
1257	67.6964	31.9273	51.2110	5.0	5.000	-0.120265781	-0.117374653	0.002891129	1.8142
1258	56.6135	26.2273	59.9110	5.0	4.998	-0.104494744	-0.105908284	-0.001413541	-0.8870
1259	52.1699	40.3273	57.8110	5.0	4.999	-0.116594788	-0.117425128	-0.000830340	-0.5210
1260	52.8325	32.6198	61.4110	5.0	4.999	-0.115812823	-0.118458443	-0.002645620	-1.6602
1261	66.8564	29.2273	50.9110	5.0	5.000	-0.118301890	-0.114892357	0.003409533	2.1395
1262	50.7137	34.6273	50.6110	5.0	5.000	-0.101678309	-0.102021721	-0.000343412	-0.2155
1263	51.6325	37.3273	60.6423	5.0	4.999	-0.113975058	-0.115353633	-0.001378574	-0.8651
1264	62.4325	38.2273	62.2345	5.0	5.000	-0.123370539	-0.125200810	-0.001830271	-1.1485
1265	60.3325	42.2118	59.9110	5.0	5.000	-0.119456802	-0.120370195	-0.000913394	-0.5732
1266	58.5325	40.5533	51.2110	5.0	4.999	-0.128386604	-0.128503782	-0.000117178	-0.0735
1267	49.1538	33.7273	56.3110	5.0	5.000	-0.099778712	-0.100536201	-0.000757490	-0.4753
1268	54.9325	29.8273	62.2712	5.0	5.000	-0.108826462	-0.111711897	-0.002885434	-1.8106
1269	53.4325	29.2273	61.2177	5.0	4.999	-0.103025363	-0.105161520	-0.002136157	-1.3405
1270	68.1653	32.8273	54.8110	5.0	5.000	-0.126449553	-0.124558837	0.001890716	1.1864
1271	57.3325	25.1550	54.8110	5.0	5.000	-0.111287360	-0.110699483	0.000587877	0.3689
1272	56.1325	38.2273	63.0388	5.0	5.000	-0.122083073	-0.123994681	-0.001911608	-1.1996
1273	62.7325	30.7273	62.5434	5.0	5.000	-0.120378602	-0.122619920	-0.002241319	-1.4064
1274	57.0325	42.3435	53.6110	5.0	5.000	-0.123195759	-0.123634555	-0.000438796	-0.2753
1275	53.7325	40.6273	53.8429	5.0	4.999	-0.124268163	-0.124945519	-0.000677356	-0.4250
1276	62.1838	42.4273	56.6110	5.0	4.999	-0.120250741	-0.120871220	-0.000620478	-0.3894
1277	52.5325	27.0256	57.5110	5.0	4.999	-0.096526733	-0.097439419	-0.000912686	-0.5727
1278	54.2065	39.7273	51.8110	5.0	4.999	-0.122039493	-0.122535734	-0.000496241	-0.3114
1279	55.2325	25.7772	58.7110	5.0	5.000	-0.099875677	-0.100875376	-0.000999699	-0.6273
1280	51.9325	26.8704	55.7110	5.0	5.000	-0.094264223	-0.094835662	-0.000571439	-0.3586
1281	62.1325	32.2273	46.8608	5.0	5.000	-0.117373727	-0.114504416	0.002869311	1.8005
1282	55.2325	40.0273	61.7493	5.0	5.000	-0.120395237	-0.121652075	-0.001256838	-0.7887
1283	65.5765	30.7273	60.8110	5.0	4.999	-0.121009494	-0.121702504	-0.000693010	-0.4349
1284	57.9325	43.0133	58.4110	5.0	5.000	-0.119788249	-0.120443336	-0.000655088	-0.4111
1285	54.0325	32.5273	48.0199	5.0	5.000	-0.108092782	-0.107334430	0.000758351	0.4759
1286	62.1325	38.3017	49.4110	5.0	4.999	-0.124031848	-0.123169159	0.000862689	0.5413
1287	67.2231	28.9273	53.0110	5.0	5.000	-0.123099406	-0.119921991	0.003177415	1.9939
1288	50.2858	28.3273	56.0110	5.0	4.999	-0.091041675	-0.091645783	-0.000604107	-0.3791
1289	62.7325	34.3273	63.3758	5.0	5.000	-0.119012906	-0.121312993	-0.002300087	-1.4433
1290	61.8325	41.7364	59.6110	5.0	4.999	-0.120245657	-0.121238291	-0.000992635	-0.6229
1291	58.5325	27.1273	61.0669	5.0	5.000	-0.111248908	-0.113232577	-0.001983669	-1.2448
1292	53.4969	27.4273	50.9110	5.0	4.999	-0.101627338	-0.101233724	0.000393614	0.2470
1293	56.1325	37.0273	47.7168	5.0	5.000	-0.109941882	-0.109333291	0.000608590	0.3819
1294	52.2990	33.4273	48.8110	5.0	4.999	-0.103202397	-0.103037499	0.000164898	0.1035
1295	65.4325	35.8613	49.7110	5.0	5.000	-0.123415076	-0.121539974	0.001875102	1.1766
1296	67.8325	31.6273	58.0049	5.0	4.999	-0.121133371	-0.120358084	0.000775286	0.4865
1297	57.3325	40.0026	50.3110	5.0	5.000	-0.122218484	-0.122243401	-0.000024917	-0.0156
1298	50.5250	29.5273	58.4110	5.0	4.999	-0.094715304	-0.095725169	-0.001009865	-0.6337
1299	60.3325	38.2273	48.6864	5.0	4.999	-0.121028161	-0.120232445	0.000795716	0.4993
1300	53.7325	27.1171	59.6110	5.0	5.000	-0.098629271	-0.100038520	-0.001409249	-0.8843
1301	51.2949	38.8273	58.7110	5.0	5.000	-0.114290893	-0.115290210	-0.000999317	-0.6271
1302	59.4325	42.9761	54.5110	5.0	5.000	-0.120602013	-0.121019304	-0.000417291	-0.2619
1303	57.0325	34.6273	46.9687	5.0	5.000	-0.112113382	-0.110835786	0.001277596	0.8017
1304	63.0325	39.6340	60.8110	5.0	4.999	-0.123619289	-0.125080218	-0.001460930	-0.9167
1305	54.8742	41.8273	58.7110	5.0	4.999	-0.122452828	-0.123192938	-0.000740110	-0.4644
1306	67.2325	28.2837	56.6110	5.0	4.999	-0.117975431	-0.116331032	0.001644399	1.0319
1307	50.6606	36.7273	55.1110	5.0	5.004	-0.116730089	-0.117673091	-0.000943002	-0.5917
1308	63.0325	28.6273	61.2174	5.0	5.000	-0.120529112	-0.121887605	-0.001358493	-0.8525
1309	57.3325	25.9273	59.4654	5.0	4.999	-0.106634422	-0.107819730	-0.001185308	-0.7438
1310	58.2325	42.2012	60.2110	5.0	5.000	-0.120500486	-0.121371139	-0.000870653	-0.5463
1311	66.3325	31.6273	60.2756	5.0	4.999	-0.121832470	-0.122253323	-0.000420853	-0.2641
1312	52.0674	37.0273	50.9110	5.0	4.999	-0.111309447	-0.111723387	-0.000413940	-0.2598
1313	54.0325	41.7300	57.2110	5.0	5.000	-0.121604138	-0.122291655	-0.000687517	-0.4314
1314	60.9325	28.0273	48.3038	5.0	4.999	-0.117409008	-0.114035463	0.003373545	2.1169
1315	60.3325	30.1273	47.2592	5.0	5.000	-0.118517717	-0.115409389	0.003108329	1.9505
1316	64.7140	38.5273	60.5110	5.0	4.999	-0.119867680	-0.121198883	-0.001331203	-0.8353
1317	52.6898	30.7273	61.1110	5.0	4.999	-0.106912823	-0.109165912	-0.002253090	-1.4138
1318	51.9325	28.4202	50.9110	5.0	4.999	-0.096875086	-0.096828452	0.000046634	0.0293
1319	64.2325	32.2273	47.4157	5.0	5.000	-0.115971406	-0.112984882	0.002986524	1.8741
1320	67.1198	28.0273	54.8110	5.0	4.999	-0.120007461	-0.117572161	0.002435300	1.5282
1321	55.2325	34.8311	63.5110	5.0	4.999	-0.118778507	-0.121725579	-0.002947072	-1.8493
1322	57.3325	34.0273	64.3137	5.0	5.000	-0.115697316	-0.118835373	-0.003138057	-1.9692
1323	67.7531	30.1273	53.3110	5.0	5.000	-0.124430487	-0.121465944	0.002964543	1.8603
1324	50.4781	36.1273	58.4110	5.0	5.000	-0.113445819	-0.114618970	-0.001173152	-0.7362
1325	55.8325	42.4273	58.0466	5.0	4.999	-0.122963993	-0.123617453	-0.000653460	-0.4101
1326	64.2325	33.4273	62.4137	5.0	5.000	-0.120524125	-0.122369481	-0.001845355	-1.1580
1327	52.8325	40.8940	56.0110	5.0	5.000	-0.119632921	-0.120361337	-0.000728416	-0.4571
1328	64.5325	33.4273	47.7125	5.0	5.000	-0.117300846	-0.114607543	0.002693302	1.6901
1329	61.2325	33.1273	46.9206	5.0	5.000	-0.119772111	-0.117194799	0.002577312	1.6173
1330	51.5695	35.2273	50.0110	5.0	4.999	-0.104952562	-0.105176957	-0.000224396	-0.1408
1331	54.6325	26.0421	53.6110	5.0	5.004	-0.105065395	-0.104915735	0.000149660	0.0939
1332	63.3325	25.6708	53.6110	5.0	5.000	-0.122192427	-0.119455107	0.002737319	1.7177
1333	51.0325	32.8273	49.7348	5.0	5.000	-0.098911092	-0.099024286	-0.000113194	-0.0710
1334	57.6325	38.2273	63.1343	5.0	5.000	-0.125030238	-0.127066238	-0.002035999	-1.2776
1335	52.7598	28.3273	59.9110	5.0	4.999	-0.099232449	-0.100801392	-0.001568943	-0.9845
1336	64.1991	39.7273	59.6110	5.0	4.999	-0.122064915	-0.123279361	-0.001214446	-0.7621
1337	60.3325	25.5857	53.0110	5.0	5.000	-0.123657068	-0.121202537	0.002454531	1.5402
1338	52.8325	32.5273	48.4543	5.0	5.000	-0.103647483	-0.103268202	0.000379281	0.2380
1339	61.5435	40.6273	61.1110	5.0	5.000	-0.121890730	-0.123190332	-0.001299601	-0.8155
1340	53.5475	38.2273	50.0110	5.0	4.999	-0.111587246	-0.111756247	-0.000169000	-0.1060
1341	60.5598	37.3273	63.2110	5.0	4.999	-0.125109391	-0.127364667	-0.002255276	-1.4152
1342	55.8325	38.8639	49.1110	5.0	5.000	-0.113245219	-0.113101702	0.000143517	0.0901
1343	59.4325	25.6771	53.3110	5.0	5.000	-0.123973449	-0.121877981	0.002095468	1.3149
1344	56.1325	41.5273	60.2054	5.0	5.000	-0.123984654	-0.124878790	-0.000894137	-0.5611
1345	60.1107	31.6273	47.0110	5.0	4.999	-0.120106974	-0.117283870	0.002823104	1.7715
1346	58.8325	34.3273	64.3440	5.0	5.000	-0.117272087	-0.120307683	-0.003035596	-1.9049
1347	64.5325	25.7922	55.7110	5.0	5.000	-0.118013248	-0.116168694	0.001844555	1.1575
1348	67.1039	35.5273	53.0110	5.0	5.000	-0.129426029	-0.127852023	0.001574006	0.9877
1349	65.7325	33.4273	60.8719	5.0	4.999	-0.124089689	-0.125182553	-0.001092864	-0.6858
1350	60.6325	39.7273	62.1222	5.0	5.000	-0.123684823	-0.125243642	-0.001558820	-0.9782
1351	57.9325	27.7273	50.1443	5.0	4.999	-0.126311427	-0.123557262	0.002754165	1.7283
1352	59.1325	31.0273	63.7636	5.0	5.000	-0.114605385	-0.117872819	-0.003267434	-2.0503
1353	50.1325	35.6755	56.6110	5.0	4.999	-0.112193290	-0.113167468	-0.000974178	-0.6113
1354	51.6325	33.7273	60.3083	5.0	4.999	-0.115466355	-0.117394719	-0.001928364	-1.2101
1355	63.9325	36.7273	62.1893	5.0	4.999	-0.120210156	-0.121983049	-0.001772892	-1.1125
1356	62.4325	25.2290	55.1110	5.0	5.000	-0.120046961	-0.118205084	0.001841877	1.1558
1357	50.7275	30.4273	50.6110	5.0	5.000	-0.095289000	-0.095423902	-0.000134901	-0.0847
1358	56.7325	42.9713	56.0110	5.0	5.000	-0.121437672	-0.121966015	-0.000528343	-0.3315
1359	55.5325	28.3273	49.3601	5.0	5.000	-0.111850277	-0.110451304	0.001398972	0.8779
1360	53.7325	38.5273	62.0769	5.0	5.000	-0.116954102	-0.118449765	-0.001495663	-0.9385
1361	50.9873	34.6273	59.6110	5.0	5.000	-0.114070103	-0.115605898	-0.001535795	-0.9637
1362	62.4325	30.1273	47.2049	5.0	5.000	-0.115669280	-0.112372136	0.003297145	2.0690
1363	54.6325	37.4544	48.5110	5.0	4.999	-0.108837047	-0.108585784	0.000251263	0.1577
1364	53.4325	34.0273	62.2612	5.0	5.000	-0.118767523	-0.121529434	-0.002761911	-1.7331
1365	59.7325	25.2350	54.5110	5.0	5.000	-0.120225423	-0.118702432	0.001522991	0.9557
1366	62.4325	25.6157	57.8110	5.0	5.000	-0.117632866	-0.117091073	0.000541793	0.3400
1367	61.8530	39.7273	51.5110	5.0	5.000	-0.132966170	-0.132758667	0.000207503	0.1302
1368	60.9325	34.6273	63.8552	5.0	5.000	-0.120557905	-0.123320423	-0.002762518	-1.7335
1369	53.1325	37.0273	49.3868	5.0	5.000	-0.108492071	-0.108522565	-0.000030495	-0.0191
1370	62.1325	34.3273	47.2513	5.0	5.000	-0.120518286	-0.118207520	0.002310767	1.4500
1371	59.1325	28.9961	62.3110	5.0	4.999	-0.117132574	-0.120183932	-0.003051358	-1.9148
1372	63.6743	41.2273	56.3110	5.0	5.000	-0.123636504	-0.124262996	-0.000626492	-0.3931
1373	49.1975	30.1273	55.1110	5.0	5.000	-0.090808722	-0.091322490	-0.000513768	-0.3224
1374	54.9325	25.4207	55.1110	5.0	5.000	-0.102096642	-0.102200715	-0.000104073	-0.0653
1375	62.7325	25.9667	51.5110	5.0	5.000	-0.119890850	-0.116613357	0.003277493	2.0567
1376	59.3965	29.2273	47.9110	5.0	4.999	-0.120353001	-0.117254286	0.003098715	1.9445
1377	67.4402	33.4273	50.9110	5.0	5.000	-0.121029364	-0.118485489	0.002543875	1.5963
1378	53.5797	26.5273	52.7110	5.0	4.998	-0.101076435	-0.100976971	0.000099464	0.0624
1379	55.5325	30.1273	48.2838	5.0	5.000	-0.113123869	-0.111649827	0.001474042	0.9250
1380	55.0390	42.1273	56.3110	5.0	4.999	-0.124829630	-0.125444881	-0.000615251	-0.3861
1381	63.3325	28.6273	48.1383	5.0	5.000	-0.115133108	-0.111597357	0.003535751	2.2187
1382	64.6081	29.5273	48.2110	5.0	4.999	-0.114886286	-0.111397782	0.003488504	2.1891
1383	62.5602	42.1273	55.7110	5.0	4.999	-0.121493562	-0.122021255	-0.000527693	-0.3311
1384	49.5325	33.7274	57.5110	5.0	5.000	-0.102420532	-0.103345009	-0.000924476	-0.5801
1385	51.3325	38.5273	54.7734	5.0	4.999	-0.117851947	-0.118708620	-0.000856673	-0.5376
1386	65.1325	39.5022	58.1110	5.0	4.999	-0.122545012	-0.123427815	-0.000882803	-0.5540
1387	66.1377	29.5273	59.9110	5.0	4.999	-0.118391182	-0.118395909	-0.000004727	-0.0030
1388	54.6325	36.1273	63.1382	5.0	5.000	-0.119476398	-0.121898524	-0.002422126	-1.5199
1389	65.4325	26.4053	56.6110	5.0	4.999	-0.117031762	-0.115489596	0.001542166	0.9677
1390	62.8887	40.9273	59.6110	5.0	4.999	-0.121950335	-0.123074845	-0.001124511	-0.7056
1391	60.0325	40.6273	51.3757	5.0	4.999	-0.128373965	-0.128396214	-0.000022248	-0.0140
1392	62.1325	29.2597	61.7110	5.0	5.000	-0.123181507	-0.125323513	-0.002142006	-1.3441
1393	66.3325	27.0883	54.8110	5.0	5.000	-0.119415439	-0.116998249	0.002417191	1.5168
1394	61.8325	35.5273	47.5194	5.0	5.000	-0.120444803	-0.118609768	0.001835035	1.1515
1395	54.9325	32.0809	63.2110	5.0	4.998	-0.112899470	-0.116112636	-0.003213166	-2.0163
1396	65.4931	35.2273	61.1110	5.0	5.000	-0.121801574	-0.123141708	-0.001340133	-0.8409
1397	63.0325	38.8273	61.5827	5.0	4.999	-0.122405914	-0.124032112	-0.001626198	-1.0205
1398	48.8617	31.6273	55.1110	5.0	5.000	-0.092718873	-0.093267244	-0.000548371	-0.3441
1399	66.0325	30.4273	48.9362	5.0	4.999	-0.115737713	-0.112380511	0.003357202	2.1067
1400	64.5325	38.2273	52.4385	5.0	5.000	-0.135293679	-0.134697437	0.000596242	0.3741
1401	65.2637	39.4273	56.3110	5.0	4.999	-0.126163574	-0.126661224	-0.000497649	-0.3123
1402	56.4325	36.1693	47.3110	5.0	4.999	-0.109965872	-0.109130239	0.000835633	0.5244
1403	65.4325	31.9273	48.1251	5.0	5.000	-0.115864426	-0.112786257	0.003078169	1.9316
1404	61.8325	26.0754	59.0110	5.0	4.999	-0.117373896	-0.117589188	-0.000215292	-0.1351
1405	59.7325	41.8273	52.4640	5.0	4.999	-0.124098061	-0.124332359	-0.000234299	-0.1470
1406	53.7325	32.2034	62.3110	5.0	5.000	-0.113998160	-0.116973115	-0.002974955	-1.8668
1407	64.3048	40.3273	57.5110	5.0	5.011	-0.125347400	-0.126212984	-0.000865584	-0.5432
1408	67.5325	34.3569	52.1110	5.0	4.999	-0.124899428	-0.122775619	0.002123810	1.3327
1409	63.3325	41.3988	57.8110	5.0	4.999	-0.121970368	-0.122813905	-0.000843537	-0.5293
1410	49.0531	33.4273	53.9110	5.0	5.000	-0.096926495	-0.097494977	-0.000568482	-0.3567
1411	68.0692	30.1273	54.8110	5.0	5.000	-0.122088586	-0.119774807	0.002313779	1.4519
1412	56.1325	40.4853	51.8110	5.0	5.000	-0.127901065	-0.128298003	-0.000396937	-0.2491
1413	65.7325	38.2273	54.5924	5.0	4.999	-0.130842309	-0.130663690	0.000178620	0.1121
1414	67.8325	30.4273	57.6155	5.0	4.999	-0.119560885	-0.118467150	0.001093735	0.6863
1415	67.8325	33.7273	56.9819	5.0	4.999	-0.126039137	-0.125232398	0.000806739	0.5062
1416	49.2325	30.2348	56.0110	5.0	4.998	-0.091273364	-0.091868911	-0.000595546	-0.3737
1417	59.4325	25.1677	58.1110	5.0	5.000	-0.110983918	-0.111198593	-0.000214675	-0.1347
1418	67.0340	31.0273	50.0110	5.0	5.000	-0.117504568	-0.114314249	0.003190319	2.0020
1419	49.6158	34.9273	53.6110	5.0	5.000	-0.102793226	-0.103458813	-0.000665587	-0.4177
1420	63.9325	37.5168	50.3110	5.0	4.999	-0.129581519	-0.128435416	0.001146102	0.7192
1421	59.1325	37.3273	63.3414	5.0	5.000	-0.126658883	-0.129049156	-0.002390272	-1.4999
1422	54.3325	40.7434	60.5110	5.0	4.999	-0.119242870	-0.120231149	-0.000988279	-0.6202
1423	59.4325	43.3086	56.6110	5.0	5.000	-0.119104919	-0.119651653	-0.000546734	-0.3431
1424	60.9325	25.1307	56.3110	5.0	5.000	-0.118325379	-0.117374704	0.000950676	0.5966
1425	54.2151	34.3273	62.9110	5.0	4.999	-0.118720860	-0.121629011	-0.002908150	-1.8249
1426	53.7325	28.3662	49.7110	5.0	5.000	-0.103244845	-0.102609457	0.000635388	0.3987
1427	66.5962	34.0273	49.7110	5.0	5.000	-0.119746836	-0.117269697	0.002477139	1.5544
1428	66.0325	27.8949	51.2110	5.0	4.999	-0.118581201	-0.115081518	0.003499683	2.1961
1429	49.9079	29.2273	56.9110	5.0	5.000	-0.091583961	-0.092295217	-0.000711255	-0.4463
1430	58.8325	42.1273	52.7719	5.0	4.999	-0.123330236	-0.123638850	-0.000308615	-0.1937
1431	56.2628	27.1273	50.6110	5.0	4.998	-0.114791183	-0.113252023	0.001539160	0.9658
1432	61.5325	25.3951	53.9110	5.0	5.000	-0.123317155	-0.120989364	0.002327790	1.4607
1433	66.5720	37.3273	56.9110	5.0	5.000	-0.126464472	-0.126675762	-0.000211289	-0.1326
1434	57.6325	42.7772	54.2110	5.0	5.000	-0.121785015	-0.122223241	-0.000438226	-0.2750
1435	53.0093	38.5273	51.2110	5.0	4.999	-0.115339730	-0.115776302	-0.000436572	-0.2740
1436	53.2073	35.2273	48.5110	5.0	4.999	-0.106278712	-0.106022421	0.000256291	0.1608
1437	58.5325	41.5273	61.0791	5.0	5.000	-0.121282986	-0.122330412	-0.001047426	-0.6573
1438	66.8980	35.8273	56.9110	5.0	5.000	-0.131418517	-0.131249022	0.000169495	0.1064
1439	59.1325	27.2654	49.7110	5.0	4.999	-0.121959730	-0.118915321	0.003044409	1.9104
1440	52.5325	31.3273	48.7378	5.0	5.000	-0.101325085	-0.100985858	0.000339227	0.2129
1441	57.6325	36.9859	47.6110	5.0	4.999	-0.113751540	-0.112902752	0.000848788	0.5326
1442	52.5786	39.4273	53.6110	5.0	4.999	-0.121742763	-0.122501852	-0.000759089	-0.4763
1443	58.2325	32.5273	64.2881	5.0	5.000	-0.113964931	-0.117232994	-0.003268062	-2.0507
1444	60.6325	29.8273	62.5748	5.0	5.000	-0.120434373	-0.123423159	-0.002988786	-1.8755
1445	62.7325	27.8949	60.8110	5.0	4.999	-0.119507668	-0.120634066	-0.001126398	-0.7068
1446	65.7139	31.9273	60.8110	5.0	5.000	-0.123450356	-0.124312613	-0.000862257	-0.5411
1447	61.2325	30.7273	62.9293	5.0	5.000	-0.120718180	-0.123662134	-0.002943954	-1.8474
