1448
    104.7788809995000037      68.1406845598999951      91.8588244154999956      -0.1183690435670375
    106.1793569297000062      59.0728344035999982     117.8153447045000064      -0.1280279278873779
    112.4804592659999969      57.4682680666999985     117.4147227949000012      -0.1338518442500245
    103.8946782093999985      71.3333766176999973      98.0495667540999989      -0.1443900096523709
    111.6283818178000047      80.1689794499999948     113.1872167858000040      -0.1184507861897561
    104.3236460088999991      54.2806782691000009     114.6243534001000057      -0.1165866263622242
    125.1871657859999942      53.7897274573000033     104.6010577840000053      -0.1356352344124216
    100.2947502012000029      71.6345989402999948     105.0731113358999949      -0.1503630386686208
    106.1217202870000023      55.8081437856999969     118.0594973022000005      -0.1140864243620214
    106.3301570635999980      74.9257457220000020     112.2107953674999976      -0.1612891354084898
    102.9021941201999937      76.8853915722000067     109.9191246610999997      -0.1345731158391379
    104.4978787449999942      70.4281978691000035      96.0678111099000063      -0.1371980702522446
    107.4520873830000056      68.9723529675000009      93.7812426636999987      -0.1375854464338424
    127.1526697867000024      59.1295261833000012     105.1696763340000018      -0.1396289218196101
    119.1804827585999931      64.4997494976999945     117.3028510163999982      -0.1342922237846640
    100.7089781379000044      63.1962165107999994      91.3213863442999951      -0.1044874041069521
     92.6324782351999971      60.2588264341000013     101.2080547715000023      -0.0907101340668843
    102.1296741360999931      48.9165020778999988     108.8531302309000068      -0.0994434189683533
     99.5496312438999951      66.7090281509999983     117.1563972521999943      -0.1158210391988614
    116.2463052160999979      77.5037099155999982     111.3812056584999937      -0.1359040934060962
     94.0463712198999957      59.7151522671999970     110.1880326693000001      -0.0967041333981076
    100.8098895056999993      71.2226386746999935     115.0130700360000020      -0.1289700444123252
    108.5469946208000067      65.1358312655000020     121.4872712729000028      -0.1179489874069866
    125.8000039240999968      52.2804033102000005     108.3778641448000002      -0.1172305090818995
    122.9151482298999980      50.7068284794999968     110.3598087615999930      -0.1169522376895449
    117.0617219802000051      70.8696378600999992      91.8287777721999987      -0.1245399154699598
    125.1869768133999941      62.9758744605000018      95.8952791270999967      -0.1378460178427510
    128.5336815391999892      62.7736737796999975     107.2478080035999994      -0.1259518899242877
     99.2697628248999990      56.3317868572000009     114.6390932628000030      -0.1048048573095262
    110.2815741057000025      51.2644866186999977     112.5662528258999941      -0.1239487773865191
    100.4714395811000003      65.3686455073000019      91.5706412021999938      -0.1044284436631990
    102.3280953648999940      59.8731333598000006     115.4237074933000002      -0.1284295544780640
     95.2824409889999941      53.0963869921000011     103.2345969216000015      -0.0907116341608161
    127.2464001958000068      54.6952841510000027     101.1558983342000033      -0.1228887922492481
    124.0151577279000037      57.6668782680999996     114.7511540139000061      -0.1210087298179037
     97.6727553919999991      56.1097440535000018     103.7480354726999963      -0.1062319011054838
    101.9611105779000013      72.7780721360000058      99.7650600065999953      -0.1368901241808000
    116.8978827370000033      70.6345559470999973      94.2455483390999973      -0.1424056391363164
    112.2493457775999985      77.0033104739000009     102.7959915196999958      -0.1613083068154424
    111.3044827833000028      62.1459068062999975      90.8550019702999947      -0.1342363874421588
     97.4788695055000005      70.9006293662999951     107.9681715505000028      -0.1262839938759628
    121.6242764070999982      50.7820395739000006     103.6641316388000007      -0.1357709055247627
     99.5093800803000050      74.2531922426999955     109.6861214466999996      -0.1286605840887916
    122.5574231002999994      68.2799573653000067      93.4274859586000019      -0.1271306035229252
    117.6938353233999948      72.7493483008999959      98.3744106514999999      -0.1557764415934848
    100.9024860791000009      58.8963339963000010      95.7529827601999983      -0.1193888171363611
    101.3747286036000048      54.9674046933999989      95.4910667381000025      -0.1102446633994463
     96.0029935084999977      58.4792714705999970     112.3502571453999934      -0.1006460883178812
    113.7760554038000009      79.4799853545000019     108.8219497520999965      -0.1342645796532107
    114.2397941613999990      58.1965684627000002      88.9346624206999934      -0.1169139711560572
    107.1786440324000012      64.3434691583999978      90.6724544398000063      -0.1228159947564338
    101.3112338103999974      69.2592133726000014     116.0509075488999997      -0.1303567484101373
    119.9598057562999998      78.2560098316999984     107.5862579281999984      -0.1239799626077520
     95.5114757788000048      70.3301210902999969     105.8838037849999978      -0.1123034256622937
    108.1318218211000044      50.0869983552000022     113.8711086211000065      -0.1096253394257731
    125.7312178980999988      70.5079443058999971     109.1828874158999980      -0.1261348180476025
    104.7110398365000066      63.0312434319999966     120.3793249258000060      -0.1162302247638944
    100.6042873181000061      69.0449184455000022     117.9111538120999967      -0.1157866961869463
    115.6068219416000034      49.3821305614999986      95.9532937150000009      -0.1178241662611201
    115.4664153006000049      49.7296511707999969     103.1187567184999949      -0.1399098874312461
     99.1784890596999986      66.2322502840000027      92.9401256260999986      -0.1042646548111712
    109.0494727611000059      58.7290932463000033      90.3100049952000035      -0.1210793489625379
    104.2798043659000058      50.1661778742000024     109.1501951563000006      -0.1106633491409150
    113.3181747967999939      81.4891420256000032     104.6201440165000065      -0.1200217275988269
    115.4318333150000058      69.9810887002000044      92.9701722692999937      -0.1380000556294458
     99.7786660337000058      49.9528278100999970     104.8406750392999953      -0.0980521688488682
     99.4464522048999982      62.4015867326000020     115.6277979001000062      -0.1181141021724894
    112.4362396779000051      71.5797968865999934     117.2049632101000043      -0.1434313114737380
    107.1308339649000061      47.6364016931999998     109.2864444000999953      -0.1059215497950072
    116.5133234982999966      51.7548705127999966      95.4292726982999966      -0.1304570868134549
    121.0344929259999986      56.8403121206999984      92.3650820077999981      -0.1276557126410811
    114.8127590811999994      61.6405940769000011      88.6351408514999974      -0.1192554408142366
    107.8899368944999964      56.5995610298000003      96.0215128230999966      -0.1533892550772205
    112.6184092631999931      70.2596343109999992     115.5248078336999953      -0.1665876397766688
     94.9490933245999997      68.3137834605000052     104.4039593634000056      -0.1090816469304601
    112.5314818676999948      51.1637642235000030     104.5681765517999935      -0.1511090599384293
    120.7430971785999958      60.6681410831999983     112.7607056301999933      -0.1601727292300730
    115.4635807117000041      54.9520979129000011      92.1488973546999972      -0.1288029398313739
     97.6177643656999976      59.9906743163000016      95.6290167352999987      -0.1031770646903984
    103.7274374594999955      69.7873917863999935     119.3057715916999939      -0.1191133540686238
    103.9708341668000031      51.9154972218000026     105.5219212581999955      -0.1228778652592020
    103.4547499993000059      74.0636527260000008     117.5335865595999962      -0.1175469069522093
    100.0919826025999981      53.2519114409999972     109.1789189913999962      -0.1076154318043230
    121.7159281174999990      61.0532672396999985     117.4387223149000050      -0.1215903863519712
    107.1820455392000042      56.5186807573999985     116.4258291849999978      -0.1284818930404601
    109.9811076735000057      68.9869038575999980     120.4847716360000049      -0.1239021442555108
    109.3350103580000052      79.7335865822000045     113.6443415023999961      -0.1192832283361245
    121.2608820994999945      54.5070674425999968      91.3888495621000061      -0.1129440075863188
    114.0421288229999988      51.2745021664999996      93.1840892512999943      -0.1165631609171180
    108.2166705180000008      60.8710976544000033     119.2131750182000047      -0.1287250467303345
    101.3454378507999962      62.5314109079999980     117.8794064155000001      -0.1175133203942860
    117.1063195134999972      51.7858620189999996     111.6134529824999930      -0.1351237694060821
    113.0288577479000054      49.7423123348999994     113.9300680718999956      -0.1134960577660413
    120.7429082059999956      66.7154532193000023      91.0541790894999963      -0.1232402564841575
    122.9828004202999949      54.1266656011000009     105.7998999511000022      -0.1559873521153978
    122.4931724166000038      62.7749965878999987      90.3876727332999934      -0.1174256827380065
     97.3477225218999962      52.2966549536999992      99.5972523388000042      -0.0939672414722059
    106.0729653565000064      79.2847766599000039     112.5577490590000025      -0.1212202459859295
    102.6482149474000067      79.1027960472000018     107.8717955250999978      -0.1204955614223051
    118.8752920114999938      74.0211338912999963      97.4518464238999940      -0.1370920753397407
    120.9141173806000040      69.5443730243000005      97.3363841660000020      -0.1547907975946394
    115.1037768834000019      50.9343514884999990     114.7313118911000061      -0.1166619249178513
     97.2292367025000033      68.1437081214999978     104.0432106721000025      -0.1241856140840234
    101.6060310646000033      73.9963784808000042     107.9585339478999941      -0.1519779033142346
    101.3494062753999998      73.1295611697999988     116.9997389677999990      -0.1153628284168011
     99.3846581651000065      58.6391422892999969     112.5566152234000015      -0.1172413708641642
    100.2010197920999985      58.1986471613000020     110.5705132094000049      -0.1239485203567803
    104.6539701117000050      65.2293727019000045      91.2631827838000049      -0.1179973900407028
    104.1210673828999944      72.8039613819999971     116.2342109698000030      -0.1333630596097377
    110.4796173893000031      57.4779056693000001      95.2185682506000006      -0.1616182654504321
    109.0545750212999963      73.6441335564999946      99.6855025424000019      -0.1725576992507172
    104.1473345741000003      59.3037589194000034      90.6070699205999972      -0.1103601186796359
    120.2542250653999929      63.5223832164000015      91.6061680507999938      -0.1342622216159866
    116.5463937030999944      71.4586654506999963      99.5167500116999975      -0.1809114536579717
    101.3505401110000008      66.0219237815000071     118.3176338722000054      -0.1184921162202270
     92.4387813214000005      59.1198885808000014     104.6923315492000057      -0.0905114650026357
    115.8677931005999966      75.7152732400000019      99.7811226774999938      -0.1482715144545619
     98.5497772232999978      61.3641271648000028      92.2840127629000051      -0.0990818321530460
    116.1300870678000052      78.4005738697999988     104.2115852576999941      -0.1388142793915499
     99.2569126882000035      69.9890255493999973     108.8920585862999957      -0.1453579003074683
    115.5977512567999952      80.3704242403999984     110.8265710807999938      -0.1189926620856774
    100.1794769158999969      73.4893649981000010      98.5333366071999990      -0.1183808110040525
    120.9683525164000031      65.4310064648999941     113.0307474739000071      -0.1557305986376001
    114.0417508777999984      68.8166395461000064     120.1665417794999939      -0.1241722420435281
    108.5789309900000035      71.3857220275999964     117.5598537508000021      -0.1413301118965720
     99.4952071353999941      70.4531422521999957     101.4427587392000021      -0.1333188769085947
    122.4398821438000056      64.7830194234000061     117.1652789644000023      -0.1214793738798567
    104.9463107220999945      47.5576001195000018     107.1293221841000047      -0.1029740094640763
    108.3430931866000009      59.9124396603999969      93.9989390974999992      -0.1517263565553488
    104.5500351822999932      72.7763713826000043     101.3902243568000046      -0.1685672757706236
    106.8725084223000010      63.6620339669999993     117.2338760178000001      -0.1503719010989695
    108.8956490656999989      80.0633437671999957     100.8586444361999952      -0.1230476184190596
    117.7456138154999934      79.7349093904000057     104.3569051862999970      -0.1229906806328813
    123.8654914295999987      64.5241269630000005     102.0319753025000011      -0.1796337042517901
    101.9233160580999993      72.1283843411000021     112.5781580997000049      -0.1491703670330775
    108.0528312747999991      77.1008203349000070     109.4941252863000045      -0.1591523338416092
     95.9277824140999940      58.5799938657999988     109.2435476202000046      -0.1034799137796441
     97.6561258033000001      53.9768103302000029     111.1797608681000042      -0.0981864499923182
    114.4529552528999972      57.9516599745999983     116.9536296537000055      -0.1380209354990996
    115.6767418032000023      71.4955151074999975     118.7586959180000008      -0.1250451606887086
    126.1257926844999986      56.9419793789000011     101.4784745604000022      -0.1424320411050113
    106.4046122674999992      53.7559013620999977      98.7933629032000056      -0.1421812884770031
    116.6947371931999982      73.2960460294000029      94.0032854673000031      -0.1281360261891908
    102.8940682985000024      55.5345114626000012      97.0196660903000065      -0.1259959442548979
    108.1648920259000022      52.9639172003000027     100.3788430076999987      -0.1489136271625426
    100.1624693819999976      58.2778266802000005     116.0418368641999933      -0.1099907922313657
     96.0927554928999967      64.1575201211999939     108.9111448187999969      -0.1149990232964582
    117.2728043731000014      80.3067404745000033     106.7965414374999966      -0.1209031050940439
    113.5216982857999994      56.5821755507000006     118.8597962583999958      -0.1204439339065999
    102.7015052202000049      57.6852086102000001     117.5473815593000069      -0.1125344330510272
    125.2192911278000054      55.0199390758999982     112.4842387180000003      -0.1181983723971420
    120.7447979319999973      52.7106939178000005     107.2200290316000064      -0.1544191642651800
    102.5862319348999989      53.3620824660999986     108.8013517387999940      -0.1193415366673083
    107.2701067703000035      80.6595523165999992     103.1922670594999971      -0.1216615555841347
    118.1273384651999976      66.6678321243999932     119.8065489786999933      -0.1201551495119331
    120.9318808049000040      68.2858155158999978     115.2940722904999973      -0.1354493495755147
    108.9997729675999949      65.7955346080999988      92.6464622074999937      -0.1413074914092523
    123.3386358239000060      64.7501381911999943     107.7079562817999943      -0.1713874174893295
     98.9492652973000020      63.2873013033999996      97.1024360886000011      -0.1167421407034244
    125.9989920706999982      62.6440385769000017      93.4968389024000004      -0.1192614307694804
     93.5338775317000000      61.8176614021000006     109.2845546740999936      -0.0979015346113519
    109.8269060328999984      56.5402236337000019     114.1583469713000056      -0.1507835295134790
    107.0705517059000016      66.4059161023999991      88.9040488596999978      -0.1104661748354490
    123.4011857542000001      53.0584034996999989     109.1558643343000057      -0.1325721629193417
     96.3340735017000043      59.8557478807000010     105.8677411140999993      -0.1076398986108025
    115.3579450289000050      80.8882091611999954     104.2979457354000061      -0.1210293553163906
    119.6840947345999950      58.8105404363999966     115.5737517368000056      -0.1377543207914496
     95.4067849590000066      61.9682725633999993      98.9855480363000027      -0.1010119991810088
    117.4751940265000059      54.0803673144000001      95.5265935867000024      -0.1473198947184997
    104.9096500378999934      76.0204639872000030     116.5051976766000053      -0.1194753289908901
     96.9516359546999951      54.6204510019000011     101.2212828533999982      -0.0990258032347162
    108.6437485913999978      71.0278079252999959      95.2658114002999952      -0.1455314778007981
    112.8512235049999930      58.2118752431999980      93.4083997261000007      -0.1535764445883370
    107.5034879299000039      52.9125166533999973      93.9452708795000007      -0.1182744817400971
    102.5779171405999932      74.9240449686000005     113.5419183537999999      -0.1316404885849360
    124.5612885385999959      57.6381544330999986     107.5698173120999996      -0.1565110122927909
    109.7452698701000031      81.1665657994000043     102.9904443238999932      -0.1209468582010933
    119.9329716472999934      67.2453323864999959     118.8284268069999996      -0.1200120755380221
     95.5895214620999951      65.9865859054999930      96.3410654877999946      -0.0990520694239851
    114.0821910140000028      62.9163480918000033      90.6830369052999998      -0.1359747954032775
    115.4735962593999972      58.7156761918000001     114.9310559280999939      -0.1571824161498956
    111.3437890839000062      78.9365001601999978     111.5093290804999953      -0.1340580298764298
    104.4852175808999988      57.0164345828000023     116.0231285769000067      -0.1237436799446439
    112.2990455710999953      70.9711161456999946      90.9169849827000007      -0.1208041972721094
    104.9022801066000028      57.2687130022999966      91.1189966909000049      -0.1116142127282469
    115.1547994850999999      79.4420018622000015     113.1048247326999956      -0.1191248039571136
    114.3150052558000027      52.9816806246000027      97.7022351173999937      -0.1542286827389781
    100.0466291789000053      66.8435766414000057     115.0516204461000029      -0.1300154922608998
    112.1988900937000011      49.2126221402999988     108.6203159891000070      -0.1257276348463261
    112.0968448904000070      81.0461902538999936     102.5013832380000025      -0.1213147237605057
    125.1506940743999934      60.3429192405999970     103.4626868483999971      -0.1681613203124641
    104.4343839518000010      71.8916016746999986      91.9098470171000059      -0.1103445886999701
    107.1019211572999978      67.8171634706999953     116.2922255576999930      -0.1635841430565819
     99.7805557596999932      76.6862144530000052     104.0554938910999994      -0.1184337719431383
    113.1078482942999983      57.2399891673000027     114.4178063495999993      -0.1570577256656023
     99.7008093228999996      62.0997974921999969     112.8844826824000052      -0.1297284012185766
    118.9790379682000037      56.2201040512000034     116.7707041780000026      -0.1238734136801387
    126.4338180207000022      62.2475740645000002     112.3534696795999963      -0.1246478734181649
    105.0521353774999938      61.5126596274999997      93.8564537580000007      -0.1375735288522808
     97.9543245642999949      68.3032009949999974     115.6043652978000011      -0.1133465716621034
    108.9230500925000058      51.0883641566000009      96.5910762360999939      -0.1232818706992633
    127.8652854569999988      56.4400681563000006     100.7463947124000043      -0.1241310363584569
    114.8254202452999948      64.3285403231000004      88.8284598200999937      -0.1203706031680056
    124.4390232670999978      66.6589504123000012      98.2045242851999944      -0.1480162307207813
    122.7473405621000069      70.9357782696999948     103.3638541792000041      -0.1527814406991119
    117.3049297148999983      50.7323397803999967      97.8388623064000029      -0.1337984600003042
    125.3787840012000032      67.2615840299999945      95.7439120754000044      -0.1271620944315464
    112.8534911761999950      59.5233450793000003      89.0518254320000011      -0.1194387592727306
    128.1687754508000125      61.5661388729999999     109.3898124117000066      -0.1235342618291373
    110.4204689658999996      69.2707407010999958      94.2385563529000052      -0.1485069142887738
    101.3996729866999971      65.8866194006999990      96.2305165175000070      -0.1290461184674356
    119.9940097966999986      74.8178423681000027     104.5698773051999950      -0.1485123718964312
    102.2390892707999939      68.3032009949999974      90.9536456669000017      -0.1057029886129657
    123.0003748719999948      56.9330976667000002      91.1877827169000028      -0.1136146995463889
    107.2064230044999960      51.1015922384999968     112.1331276293000059      -0.1175497964941190
    110.4575075953000010      77.5466066956000049     103.9504251261000007      -0.1597537020933011
    125.9536386470000053      56.2227496675999987      94.6078088111000000      -0.1160088405842989
    117.3368660841999969      56.3811087054999973      91.3748655897999953      -0.1277133063516915
    117.4663123143999997      54.6223407279000028     114.0546010145999958      -0.1381518334624321
    121.3818245627000039      56.3605106922000019     111.2578065513999945      -0.1540371978218982
    118.7152322201999937      73.7433441709000022     106.6706856866999971      -0.1680837739677621
     97.6472440911000064      62.0799553693000021      98.6469091391000035      -0.1112572951680804
    114.8679390799999993      54.9141144204999989     112.9823704885999973      -0.1515686763239241
    113.0617389801000030      81.7400976369000034     106.8022106155000017      -0.1189068405564004
    100.9744846393000017      63.9226271807999993     111.8290707177999934      -0.1521508737011779
    110.4189571850999982      50.4471801286999977     114.5769212777999968      -0.1125896693299770
    119.4287927535000051      50.7697563548999966      94.2073758740999949      -0.1146094492812839
    106.8851695863999964      61.0823690198999998     116.7918691090000038      -0.1469229885438548
    114.5427172373999980      77.2552109481000002     105.1485114028999988      -0.1586602307182794
    117.1813416353000008      61.9922720834000032      92.4357577597999978      -0.1528359465806908
     94.6949251790999966      56.0755400131000030      98.7364821510000041      -0.0909394879154206
    113.3843152064000037      47.1970404009000006     107.3379479333000006      -0.1154488131493681
    119.5045707656999951      53.5140164355999985      97.4603501909000016      -0.1510568874060567
    107.3192396459999998      73.7747136222999984      95.8247923476999972      -0.1337533795212869
    113.3990550691000010      71.4715155874000061      96.8758579426000068      -0.1644691383875099
    110.8216577933000053      61.1904613465000011      89.1929879632999985      -0.1201234970485157
    103.6662103374000026      78.0247073706999998     113.3852600694000046      -0.1189800725115822
    124.8628888063000062      62.3010533100000004     103.7949006772000047      -0.1720767582732119
     98.0312364119999984      56.0388793289000020     110.2670232156000054      -0.1061716215136812
    113.8144168414000035      80.7657549171999989     111.3122306598999955      -0.1182923125826321
    114.3745316244000065      56.1499952170999990      89.5306819974999968      -0.1157955734733740
    122.2677281061999963      56.1295861763999966     115.3961174938999932      -0.1209401833517489
    110.9919221047999969      49.8498377437000002     102.5896334417000020      -0.1341857706975809
    117.3671017000000063      75.4125391367000049      97.8615390182000056      -0.1356632087804357
    124.1644460809999941      52.7103159726000001     106.3883606240000006      -0.1336425985580618
    120.4322372535000056      49.1995830310000031      99.1042228282999957      -0.1201265662992164
    119.3337395363000013      61.7774102385000035      88.9395757082999978      -0.1166472801608904
    120.6656184131000060      63.4842107513999991     116.1213943282999992      -0.1359990494823329
    109.4680470675999970      73.6358187622000031      92.5920380990000069      -0.1192853623608627
    114.5319457993000043      77.5862909413999944     115.6363016669999979      -0.1204370151188279
    103.3105639064000059      56.4368556220999977     112.9370170649000045      -0.1283646748272158
    121.3264555913000038      71.1417584024000007      96.1878087101000006      -0.1363861507528847
    101.6101884618000071      55.9273854955999994     116.4426477462999969      -0.1072717682021995
     99.1299231018000029      67.4989336141999985     109.7883556226999957      -0.1449225358619728
    119.8968778809000071      50.5484694417000000     108.3039758585999977      -0.1333239246710498
    117.5445469703000043      52.0774467390000027     108.3122906530000051      -0.1552415266377807
    107.6265090917000009      49.7079193219000004      98.5032899640000039      -0.1174504131847804
    122.3212073516999965      59.0864404308000033      94.9914231868000059      -0.1504884534334847
    114.6254872357000067      47.6071109403999984     104.2610960786000049      -0.1213936276239034
    109.8852985659000012      80.6890320419999938     112.0830498905999946      -0.1185146211883064
    126.6475460300000009      58.4361857180999991      94.5344874426999979      -0.1171010303712752
    109.8476930186999994      70.8618899835000065      90.5872277976999953      -0.1169631088936320
    103.6767928029999979      75.8091926217000065      98.2281458599999979      -0.1244651483752834
    112.8149407660000065      78.7522518762999937      98.7943077662000064      -0.1261298145896603
    110.7959575197999982      52.7802358341999991     116.5216382927000041      -0.1163818172535214
    101.6379674339000019      59.0065050214000024      91.1446969643999978      -0.1039672910488223
    118.6073288662999943      70.7352783423000062      95.8332961147000049      -0.1485201016151496
    101.5274184634999983      54.8109353815000020      98.7927959854000051      -0.1199455739162403
    101.2963049751000000      72.9411554888000069     114.3868148433000016      -0.1294561614271901
     97.5351833400000032      63.1453828817000016     111.1644540876000065      -0.1207263725894032
    118.7809946846000031      75.8382944019000007     114.3030999820999938      -0.1237758280527741
    121.0142728579999982      57.3858760135999972      94.5146453197999961      -0.1475348691408378
    120.1098499998000051      70.8114342995999948     102.7555513835000056      -0.1765934351673675
    106.2657174073000022      47.5797099135999986     103.6458012967000002      -0.1076753637032439
    123.3012192494000061      70.6133910159999942     114.7821455202000038      -0.1206971487881647
    110.7904773143999932      77.4434276565999937     100.0428497269000019      -0.1423868813200082
    113.4640616430999955      67.3530467678999969      93.1755854843000009      -0.1508453485301793
    110.8263821081999936      75.7542015954000050     100.9960275155000033      -0.1658403546122891
    108.4472170885999986      78.5094220868000008     111.5747135997000044      -0.1359324580326859
    124.3239389544000062      63.2249403458000003     114.8671831895999986      -0.1250113263588029
    109.1715490600000038      56.2794414473000018     116.6342659615999935      -0.1306759991793349
    108.4523193487000015      76.3581580214000013     102.4866433753000052      -0.1642014083637946
     96.7209004114999971      52.7263786434999986     108.3752185283999978      -0.0941639749429228
    107.2555558802000064      81.2599182632000065     106.5590028807999943      -0.1200242567199483
    113.6522783516000032      52.0298256441000007     116.0110343304999958      -0.1166395185500626
    106.5935848663999934      51.0634197736000033     106.1228541226000033      -0.1281223009461669
    106.9514989686000064      48.6050752350000010     100.7176708773999962      -0.1131730740475216
    113.7777561572000025      60.8431297098000030      90.7064695076000049      -0.1349747314368024
    127.7885625818999955      54.7606686701999976     103.0934343903000041      -0.1211394999579793
    126.2529712436000011      63.7285523217000005     101.3596107956999930      -0.1494190524259160
    123.1489073346999987      68.7894274917999979     101.5374340112999931      -0.1603591826647612
    108.2790314755999930      52.0404081097000031      98.3953866100000027      -0.1346525827147165
    102.8976587779000056      72.8440235730000012      93.6257182148000027      -0.1112338395020025
    110.9295611472000047      52.2945762550999973      97.7150852541000035      -0.1415313974706329
    113.0787465140000023      76.3454968572000041     117.0205259537000018      -0.1216692257271239
     92.4571116633999992      62.2282988593999988     105.4629618074000064      -0.0940697771161325
    121.4154616853000022      71.6531182548999936     101.5370560661000070      -0.1555256224814947
     97.4520353964999941      71.1050977181999997     101.2879901807999943      -0.1169827251840925
    112.0707666716999995      74.2358067635999959     116.1949046691999996      -0.1395511183945990
    126.6303495235000014      56.8951141743999997     106.4433516503000021      -0.1360742911941326
    117.0375334876000011      54.1962075174999995      90.3738777335999970      -0.1135781702589389
    110.0317523300000033      54.1440510802000006     112.6284248110000021      -0.1422076367159324
    121.2775116881999935      56.3845102123000004     113.7615045137000038      -0.1357660979954032
    124.7211593571999941      50.6423888233000028     103.4148767809000020      -0.1191675263339151
    115.7419373497999970      50.1788390382999978     100.3108128721000014      -0.1391422981703228
    115.9516969345000064      70.7704272457000059      96.9705332145999961      -0.1661960742101769
    103.6698008168000058      76.0374715211000023     102.6266720711000033      -0.1426420125308567
    126.2038383679000049      59.3561043293000026     109.3896234391000064      -0.1367253584466797
    120.5558253331000031      71.7177468838000038     105.9361491948999969      -0.1671685586307863
     99.6520543924000037      55.1709281823999973      96.4860074710999953      -0.1057347136415014
     97.0918536230999933      63.2755850022999979     107.1561562931999987      -0.1197069220441378
    126.8435106149999996      60.6530232753000007      94.4640006632999985      -0.1185083348308691
    101.8755059906000042      75.5794019414999951     111.8084727045000051      -0.1313876305459356
    123.3518639059000037      58.7757694781999973      93.3847781511999955      -0.1300072257418270
    120.9195975858999930      74.2371295717999971     114.2764548456000000      -0.1221683636127668
    120.3088381464000065      51.0817501156000020     100.0349128776999947      -0.1379334022590601
    124.1978942310000065      55.6911697469999964     110.9482694345000056      -0.1334183838354521
    110.7016601929999950      53.0746551431999976      92.9055436404999995      -0.1207254691964357
    122.8236854920999974      52.4620059777000023     100.8937933394999931      -0.1396902647935852
    103.3852080828999931      51.9151192766000023      98.7663398215999990      -0.1157512193695824
    106.7328576717000033      54.8942722975999970      92.3469406382999978      -0.1164748654469543
    124.2003508747000069      61.1747766208000030     109.0589213911000002      -0.1599049586308965
     96.8970228736999957      57.7798838821999965      97.5091051213999975      -0.1005312516086736
    118.8199230400000062      68.0118052475000070     114.6039443594000033      -0.1530655431687666
    101.0634907333000001      60.9986541585999973      95.2051511961000045      -0.1215379599760098
    114.4408610066000023      77.2176054010000001     108.8300755739000039      -0.1557420028547503
    112.5677646066999955      71.7999499642999979      94.1236610127999995      -0.1393884961632104
    122.2218077647000030      68.4974648265999946     109.7454588427000033      -0.1574740542921713
     99.3410054946999992      73.8771367708999946     105.2758789344999997      -0.1307857795380611
    122.9518089140999990      66.7987901353999973     113.2312474012999957      -0.1385140130539249
    109.6965149395999930      81.7969783891000048     106.3832583637999960      -0.1190917182454587
    112.7017461793000024      53.3322247954999966     112.2788255030999949      -0.1431022833942919
    118.9694003656999968      52.5442090582000034     100.9656029270999937      -0.1631368101348958
    100.4536761568000003      50.0023386310000006     101.4917026422999982      -0.0996976545168637
     99.3052896734999990      62.8273419977999978      94.1512510122000066      -0.1091969967430533
    112.9077263120999959      67.7039688840000053      89.2279478940999979      -0.1183935016339053
     99.6724634331000061      55.9831324123000016     108.6539531117000053      -0.1151364076778467
    112.6545030295999936      50.7470796431000011      99.7546665136000001      -0.1400506274778444
    117.4714145745000025      77.5615355309000023     109.3178138515000057      -0.1371328323228571
    108.0736182606000000      75.4010118080999945     115.0091016113999984      -0.1402893372635567
     95.2952911257000039      67.2037584148000064     109.8894559631000050      -0.1113882994741386
    118.9816835846000060      47.8565547708999972     103.7467126644999951      -0.1199976399454954
     99.7559893218000013      53.5425512979999993     113.2937973315000022      -0.1012314310236695
    113.8847146482000028      62.2247083800000027     121.0237214879000049      -0.1192452182264363
     99.0490428294999958      74.4638966904000057     101.6831318849999946      -0.1188899336966136
    116.7824204790999971      60.4426967727999980     115.5387918060000061      -0.1537776536718276
    101.3291862072999976      51.4472231218000005     103.0752930208000038      -0.1093288290335144
    112.5571821412000020      59.7047587742000019     116.5335435663999988      -0.1515198262665667
    104.1435551220999969      52.8395732302000027     102.1272174923000051      -0.1304706754361202
    101.1789529912000063      66.8475450658999932      93.8031634851000007      -0.1157088752276145
    105.0500566789000061      50.9991690899000005      96.0381424117999956      -0.1102162600876655
     98.1381949029999987      66.2989576113999988     103.5471576000999931      -0.1287322545134888
    101.3788860007999943      60.1717100660000028     117.3693693711999941      -0.1151242322807962
    101.6767068166000030      73.3962015067999971     104.9013352436000019      -0.1548844030447789
    103.3207684266999991      71.6790075010000010      95.1985371550999986      -0.1233008226630306
    109.2870113178999958      68.5329916751999946      89.4435656293999983      -0.1146377346274452
    111.3201675090000009      66.0534822055000035      90.8635057373000024      -0.1314974024324815
    128.4405180480000013      62.7162261097000027     100.9211943664000017      -0.1285107195757051
    128.5336815391999892      58.3296051722999991     101.7277294183000009      -0.1252701992769696
    113.0428417203000038      48.5905243448999968      99.8740971960999957      -0.1233323472547703
    121.2775116881999935      58.6383863989000034     114.3930509390999930      -0.1388605904580267
    109.3157351529000039      75.8619159768000060     117.3491493031000061      -0.1231339700630567
    126.3553943920999956      68.0618829862000041     106.8628708197000066      -0.1342210257871654
    103.6049832153999972      62.2700618037000027      89.9088161677999977      -0.1077906314665977
    124.1032189589000012      72.1523838611000059     112.2402750929000064      -0.1217528672687980
    126.9956335571000068      60.1588599293000001     103.0031054880000028      -0.1440410628521374
    123.0187052140999953      62.6189052212000021     110.2658893800000044      -0.1631135173754572
    111.4110633291000028      55.0409150344000011     118.0474030559000056      -0.1191534942056336
    115.8955720726000038      78.7256067399000017     100.0351018502999949      -0.1264299491389584
    112.9921970638000062      69.6834568569999959      92.3099020088999964      -0.1347007365151756
    107.7306329936999987      72.4898889227000041     114.8188062043000031      -0.1625217332675906
    121.7342584595999995      54.0342580001999977     101.1704492243000004      -0.1644092839469788
    106.4739652112999977      60.7291792326000035      91.6197740779000043      -0.1260844578129383
    115.3086231805999944      79.1489053612999953     107.3029880025000011      -0.1355656868786745
     98.8417398885000011      52.6375615221000004     102.6431126872000021      -0.1027240173308419
    114.8129480537999996      76.3347254190999962     110.6109533454999934      -0.1561066263230924
    115.2806552360000012      52.1303590667000023      92.0122701657000022      -0.1149877724122828
    125.5127655737999959      65.8170774844000022     112.3742566654999990      -0.1280396924769835
     97.4864284094999931      60.6860934800999985     113.8684630047000041      -0.1094624330564091
     93.6584104744000001      59.7043808290000015      98.5745326337000023      -0.0914880653740804
    105.2811701673000044      73.2215908255000016     118.5536606481999939      -0.1199278962287567
    115.1850351008999951      67.0728004038000023      89.2921985777000060      -0.1200048574074071
    105.6177303658000000      74.1590838884000050      97.3428092343999936      -0.1358280745796172
    105.3766013296999944      80.1716250663999972     109.4128670687999971      -0.1211661911391602
    108.5271524979000048      51.3587839456000026     108.3714390763999944      -0.1329466573749016
     96.7571831504999977      64.1669687511000006      94.0735832741000024      -0.0983518291050700
    122.5065894712000016      72.5581080309000015     109.0328431724000069      -0.1394850203695137
    116.3521298714999972      74.1365961492000025     101.7162020898000065      -0.1723340592313427
    123.2942272631999998      74.2743571736999968     105.3639401655999990      -0.1305898037261501
    121.5925290105000016      50.8506366271999966     106.7508100686000034      -0.1333956862652350
    101.8435696213999933      73.7915321835999976     110.0132330153000026      -0.1508187008224198
    116.9118667092999999      67.2784025912999937      94.3778291583000026      -0.1618925333537753
    107.6268870369000012      74.8252122993999933     101.1838662787999965      -0.1692130206272981
     95.9780491254000054      61.9576900977999969     109.6827199398999966      -0.1101453478551226
    104.0025815633999997      52.8565807641000021     113.1938308266999940      -0.1135165458848455
    101.9749055775999977      52.3359612543000026     110.8256262177999929      -0.1093056607727183
    107.2377924559000064      63.1962165107999994     119.3607626178999936      -0.1303951992263661
    117.9699242902999998      50.9846181998000034     113.4714315745000022      -0.1197659950564116
    107.2642486196999982      52.2545140642000021     110.4807512249000041      -0.1289287956748986
     98.7179628363000035      69.0279109116000029      94.8398671624999992      -0.1067926321201931
    112.6968328916999980      57.2271390306000001      91.6655054467999975      -0.1333043761697779
    123.4983176700000058      59.1950996751000034      90.9407955302000062      -0.1147398446836982
    117.4209588906000050      53.5943297900999980      93.2475840445000017      -0.1278678786501644
    101.9614885231000017      71.3445260010000055     102.2107433810000003      -0.1576259705805114
    127.0506245833999941      53.1485434294000001     105.1509680467000010      -0.1188565379538495
    113.1263676089999990      77.8990405925000005     100.8677151209000016      -0.1413415580206285
     92.8528202855000018      64.3529177884000063     104.9612395574000061      -0.0972999144268032
    120.9577700508999953      69.3223302205999943     111.9798708516999994      -0.1527419855653918
     96.4329061708999973      59.8959990442999981      97.1861509498999965      -0.1008007223029752
     96.8238904778999938      65.0485259248000034      97.5077823131999963      -0.1071156345069229
    113.3640951383000015      49.4885221346999984     103.7733578010000031      -0.1361324179187484
    105.7779791297000003      53.0548130203000028      96.3907652813000055      -0.1243061162901862
    104.8283918204000003      60.8104374501999985     120.0798033565999958      -0.1147153336533737
    120.6333040986999947      61.0319133360000023     115.8279198822999945      -0.1363435124101402
     98.0406850420000069      63.3755515070999991      92.8002859030000025      -0.0996345930669049
    101.2655024415000042      55.7178148834999973     113.4835258207999971      -0.1139451204877746
    120.2239894494999959      73.8771367708999946     111.6177993522999969      -0.1387200111066154
    113.3383948648999962      49.0697588555999999     106.5113817858999994      -0.1303145836364088
    103.2270380176999964      78.7070874252000010     103.9870858103000018      -0.1240334216306804
    124.6871442893999955      52.6334041248999966      96.7409315069999991      -0.1170724206488822
    110.1600647246000051      76.2908837762000047     112.0991125614999930      -0.1570117108860867
    126.6218457564999937      59.2260911812999993     100.9108008734000066      -0.1435695049016230
    125.6960689946999992      59.9143293863999986      96.3822615143999997      -0.1351641013442100
    126.6862854127000020      63.0926595266000021     104.9419643523000047      -0.1463474093733055
    121.8809011963000017      59.4148748076000004      92.1101579718999943      -0.1293727362125292
     98.9855480363000027      67.0023136244000028     105.6851935835999967      -0.1426288103178734
    128.0852495620999889      61.7046557879999966      97.4117842330000059      -0.1225974858636665
    106.0007778237000053      77.2691949204999986     115.4152037263000068      -0.1214520773169410
     96.6541930841000010      72.8699128190000067     110.8503816282999992      -0.1118495612070527
    124.7667017535000014      59.2207999485000016     111.6998134602000050      -0.1363285928093276
    103.2716355510000028      62.5440720721000005      92.1634482447999943      -0.1183722500477007
    118.0904888083999964      67.8067699777000001      95.7684785132999963      -0.1700006781720038
    124.3237499818000060      55.9691484399999979     105.0750010618999966      -0.1584100258568224
    127.6755569678000057      65.6547500219000000     105.3202874952000059      -0.1322073927479410
    107.0165055426000009      79.1400236492000033     106.4042343222999989      -0.1375955166717429
    125.5239149572000059      69.6862914459999985     111.2719794963000055      -0.1241398786085606
    125.9988030980999980      57.1736597850999999      99.3200295361999963      -0.1385281523225359
    122.5249198133000021      71.8424687990000024     110.8494367652999983      -0.1368540698176481
    125.3504381113999955      65.1416894160000055     107.9562662767000063      -0.1481629829836963
    114.8401601080000063      73.6218347899000065      93.6253402696000023      -0.1268871829976526
    110.0859874659000042      49.2422908383000006     106.0089036454999984      -0.1263914357133604
    120.7283573158999985      50.4097635541000031      95.6492368034000009      -0.1156979868550501
    111.1472575811000070      60.9143723795000014      93.2774417150999966      -0.1564159855435499
    108.4708386634000021      73.7459897873000045     118.5617864700000013      -0.1238815628335637
    108.3368570907999953      59.0076388570000034     120.6119501950000057      -0.1146526992998416
    122.2461852298999929      58.2128201061999988     111.3560723028000012      -0.1554095976175613
    105.3140513995000020      75.7721539923000051     100.8917146409999930      -0.1460014416297444
    111.8379524298999996      72.9041168594000055     114.7469966168000042      -0.1619945074341800
     94.2589653935999934      60.1667967783999984     102.9193906266999932      -0.0978641183419828
    100.9746736119000019      70.7719390264999930      96.9718560227999973      -0.1231558685743810
    112.4870733070000028      55.6006518721999967      90.2669192426999984      -0.1177411903460026
    117.1042408149999972      48.7101439999999997      98.0068589467999942      -0.1195241397442839
    110.1628993135999934      62.0714516023000016     119.6701107622999984      -0.1301296852548095
    112.7988780950999939      54.8166045595000000      95.6902438573000040      -0.1534461528539879
    113.7034899259000014      52.4132510471999993      95.0106983918000054      -0.1324910876504211
     96.3947337058999949      72.9290612423999960     105.8603711827999945      -0.1132414664247099
    111.1412104579000015      60.3559583498999999     121.1903953200999950      -0.1162799709677360
    127.9193316202999995      58.9448999541999967      97.1424982796000052      -0.1203228301429444
    125.2831638661999989      69.3047557688999945     101.1865118951999989      -0.1383590748522243
    120.4985666357000014      70.8993065580999939      99.6080237768999979      -0.1606547153511002
     95.1545065396000069      60.1484664362999979      99.7690284310999971      -0.0989597176194730
    106.1806797378999931      51.0851516223999980     114.9355912703999962      -0.1070125706990179
    118.3616644877999988      59.2391302906000021     118.7859079721999933      -0.1211896249243036
    124.5490053195999991      53.7294451982999988     101.8375224983000038      -0.1389916668020819
    121.7066684602000066      52.9811137068000022     104.3926210073999954      -0.1577051694447409
    123.3456278100999981      50.6280269057999988      99.7913271978000012      -0.1210284195399991
    100.0587234252000002      65.4578405739000004      94.4849766218000013      -0.1141870661502855
    102.3828974185999954      62.9395917215000011     113.2418298669000052      -0.1550700945444898
    103.9266145786999971      57.9478805226000020      95.0192021587999989      -0.1317393353276834
    107.9075113461999962      72.7089081647999933      97.8118392246999946      -0.1565321863526581
    118.4535051707999997      74.3384188847000047     112.7633512464999939      -0.1408018704332230
    106.7322907539000028      74.6540031247999991     117.9052956615000056      -0.1218643847905172
    123.4178153428999991      60.7442970406000029      93.2131910315000027      -0.1317280002990096
    116.3901133638999994      53.6120932143999980     110.9390097770999972      -0.1556702880682330
    123.0869243223000069      74.7010573019999953     109.5413684359999991      -0.1246056476319861
    122.6734522760000061      73.1246478822999961     101.1986061414999938      -0.1367547336183152
     97.2093945796000014      70.7668367663000026     113.9310129348999965      -0.1120697621895044
    113.5426742442000005      77.1172609510000058     113.7042458163000020      -0.1353085018344888
    114.9501421604999933      51.8087277034999971     101.8668132510999982      -0.1618316749665532
    105.2838157837000068      58.3902653765999986     119.3458337825999962      -0.1140594374741468
    106.6092695921000058      51.3389418227000007     104.1199335472999934      -0.1319146376895866
    101.3014072353000046      75.7897284440000050     105.1643851011999971      -0.1348306249303253
    101.6311644202999958      65.9280043999000043     113.7469536236000067      -0.1520180784864937
    105.3140513995000020      66.8243014363000043      93.3260076730000065      -0.1313025388244711
    111.5418323675000067      76.1727759018999961      98.7837253006999987      -0.1457939144007190
     99.8451843885000017      53.9070794411999969      97.8845936752999961      -0.1059643699127584
    124.5006283343000035      57.7653329920999994      95.0847756505999939      -0.1313683535293020
    108.0176823713999994      55.6830439252999980     118.4720244855000004      -0.1155240079346305
    100.4315663626999964      68.3619714732000006     112.6110393319000025      -0.1472041021121235
    109.8210478822999931      79.8925125378000018     107.6438945708000006      -0.1348382132787620
    117.7063075149000042      78.4100224997999931     101.1781971008000056      -0.1269388215618026
    128.5102489369000125      59.6004458996999986      99.6488418583000026      -0.1241047177293231
     96.9729898583999983      67.3024021113999993     106.6423397969000035      -0.1249918265465890
     95.1938128400999943      68.2971538718000062     100.1341234921000023      -0.1043761428764300
    105.9285902910000061      63.4755180119000002      89.0051492001000071      -0.1098425656043345
     97.6336380639999959      61.1388718270000027     108.8416029023999982      -0.1184026368383844
    119.5559713125999934      58.9152312562000020     113.0868723357999954      -0.1600691705808597
    113.5224541762000001      55.5551094758999966     115.8022196088000015      -0.1357228914664059
    110.1375769854000026      64.3073753920999991      90.8224986832999974      -0.1312249815381783
    103.3372090427999979      75.1438201011000046     108.9474275577999975      -0.1560206118932719
    118.8034824238999931      53.5297011612999967     113.0560698021999997      -0.1350776734002892
    124.1485723826999958      66.4586394574999986     110.6736922483000001      -0.1438362885028184
    103.5456458193000060      54.3347244324000016      92.7957505605999984      -0.1069430740975177
    125.7956575543000071      62.4388143345000017     109.6420908311999938      -0.1411174855166539
    117.5451138881000048      75.2594713315999968     107.8241744301000011      -0.1614505146336302
    118.0797173703000027      76.4467861701999993     102.9585079546999964      -0.1446610517285549
    123.3571551386000067      51.8644746200999975     104.3285592964000017      -0.1351339569226058
     98.3456868165000060      75.2041023600999949     104.0159986178999958      -0.1165078797417971
    101.1390797729000042      52.9548465155000017      94.7701362735000004      -0.1010457241437175
    102.2194361205000064      59.0184102951999989     112.8888290521999949      -0.1354200446553797
    115.2946392082999978      67.8256672376000012      91.6345139406000015      -0.1355304103010244
    116.0938043289000063      47.7318328556999987     107.0182062960000025      -0.1200198909926602
    124.4788964855000017      66.9225671876999968     104.0290377272000057      -0.1594001364509108
    119.5387748060999940      57.0340090345000021     114.7063675079999996      -0.1389176230856481
    102.0077868097999954      49.3458478224999979     102.3528507752999985      -0.1029637052003167
     97.6710546385999976      64.5651340169000036     114.5627483329000000      -0.1148533423943467
    119.8074938416000066      53.3271225352999991     115.0177943509000045      -0.1202859257212054
     96.9690214337999947      74.1018251910000032     109.2480829625000069      -0.1125744433741485
    123.5257186967999985      62.7404146022999996      93.6037973932999989      -0.1345363284164707
    123.0782315826999991      68.9878487205999988     112.4831048823999993      -0.1363884852807162
    117.6547179954000057      51.4547820258000002     105.6955870766000061      -0.1573166090577054
    114.5398826483999954      58.6198670842000027     119.7177318571999933      -0.1204928232172557
     97.8297916215999948      54.1655939564000022      96.0247253572999995      -0.0950763291429224
    120.4065369799999985      67.4369506018000067     113.3461427414000013      -0.1535364813850215
    106.7544005480000067      61.2851366184999975      89.3301820700999940      -0.1129774843846665
    106.3501881589999982      75.3649180417999958     102.8785725454000044      -0.1684278292726979
    105.9416294003000019      69.2709296736999960      89.8738562369999983      -0.1093660021721456
    101.5638901750999992      68.5677626333999939      97.7513679931000041      -0.1345701206534518
    118.9884865981999980      59.1571161827000012      92.8641586413999960      -0.1475226176144364
    116.4938593205999950      48.0253073017000034     101.6086766810000057      -0.1228280307515472
     94.9317078455000001      63.7665358141000027      96.1817615869999969      -0.0956855536768328
    124.3864888845999985      72.1321637931000055     103.4643876017999986      -0.1340592901964337
     96.9637302011000060      51.8034364706999995     101.6969268847000052      -0.0929872654854833
    107.4069229318999987      69.6331901456999987     117.9839082625999964      -0.1409475198433716
     96.4793934302000054      61.2278779210000010     101.4775296974000014      -0.1073286661355963
    118.8904098194000056      67.2423088249999950      93.1177598690999986      -0.1437156425025394
     99.5175059019999964      54.9314998995999986     106.8976417779000059      -0.1121982556058452
    112.1832053680000030      64.2204479966000008     117.6498047079000031      -0.1523543811347228
    106.7462747261999993      67.2527023179000025      91.0545570346999966      -0.1209888624275282
    122.5392817307999991      53.8192071826999978      92.7137364527000045      -0.1134922387348167
     94.6183912765999935      58.0816731226000016     104.8792254494999980      -0.0972847520510545
    122.5766983052999990      52.5880507011999967      98.8572356415999991      -0.1353688629515153
    103.8332621147999930      73.3538716447000070     113.0836598016000067      -0.1530349467824301
    128.5045797589999950      56.3049527480999998     105.8308914573999999      -0.1202214648148532
    117.2939693042000044      76.9212963660000071      99.0004768716000001      -0.1311239189666411
     99.5672056954999931      51.2408650439000013      98.6533342074999950      -0.0978753808322494
    128.4401401028000009      58.9947887203000008     108.7580770137000030      -0.1211039147412203
     98.7557573560000037      69.3002204265000046     100.0368026036999964      -0.1243945303169793
    110.4699797867999962      75.3256117412000066      95.0082417481000050      -0.1269780818260609
     97.6837158026999930      56.6190252074000000     113.0418968573000029      -0.1024338651082681
    117.3230710843999987      49.9766383575000006     101.7965154442999989      -0.1396104054956622
    103.7523818425000002      48.9660128988000025     111.0195121043000057      -0.1012198359292604
    100.0341569872999941      72.0123551653999954     108.1635692177000010      -0.1476833931686610
    108.1913481896999940      62.5372690585000015      88.9410874890999992      -0.1145155242560643
    101.7902793484999933      61.0494877877000022      90.8442305322000010      -0.1053910379211827
    119.7483454182000031      48.2887351044999988     107.7393257332000047      -0.1180221525766472
    117.5086421765000040      65.1346974299000010     118.1384878485000058      -0.1342707206058673
     97.3530137547000010      62.0856245473000001      95.7851081019999953      -0.1042618991143351
    119.5924430241000067      61.8170944843000001      93.0346119256000037      -0.1519472156429762
    103.1181898006999944      49.4503496697000031     100.3251747895999983      -0.1055281441328821
    111.4012367539999957      76.7659608896999970     114.4646715540999935      -0.1360807805004329
    124.5204704572000054      56.8707367091000009     103.1331186360000061      -0.1632763478956250
    113.9926180021000022      74.2104844353000033     115.8103454305999946      -0.1392434875644959
     97.6727553919999991      57.8879762087999978      93.5866008867999994      -0.0958619036590074
     95.6864644054000024      61.4748651076999977     112.3564932411999990      -0.1046862762723295
     98.1958315456000008      71.9516949611000030     105.2637846882000048      -0.1286791614916769
    120.2646185583000005      64.6114323035999973     118.8630087924999970      -0.1201757896006468
    123.4728063690999988      56.2975828168000021      99.3508320698999938      -0.1591050990940852
     96.4164655547999985      64.4009168285000015     112.3931539254000000      -0.1128722054520841
    103.3664997956000065      48.2322322974000031     104.0218567685000011      -0.1029074546512945
    113.4625498622999942      61.9871698233000004      92.7214843291999955      -0.1567418563754721
     98.9568242012000070      66.5106069221999974     107.6189501877999959      -0.1439480951411980
    101.0115232686000013      61.4174174377000028     114.3202964885000057      -0.1312165163258108
    111.5431551756999937      48.3433481856000000     101.1109228555999948      -0.1218293923092260
    111.7759694174999936      66.4115852804000042     117.3003943725999960      -0.1569102570890575
    115.6243963933000032      64.7507051089999948     118.6829179057999966      -0.1356176324749852
    103.4581515060999948      74.4975338130000040     111.1359192251999986      -0.1539381803144870
     97.7927529922999952      67.2341830032000018     111.7192776378000048      -0.1264369260235654
    108.8119342044000035      79.3786960415000067     104.2344509421999987      -0.1373367369672716
    127.3781140971999974      64.4515614849999992     109.4170244658999991      -0.1279173831732390
     96.3677106243000026      69.1634042649999969      98.7039788640000069      -0.1068145639741376
    100.6547430020000036      51.7629963345000021      96.6128080849999975      -0.0999571951702709
    112.6849276180000032      77.2775097148000043     110.2541730788999956      -0.1547801135978757
    106.4134939796000054      67.7266455957999938     118.2227696276000017      -0.1396573689375273
    100.4653924578999948      60.7335256024000003     111.2373975107000064      -0.1352525739244932
     97.6098275166000064      66.4263251431000015     115.0725964046000058      -0.1138076947138051
    110.8469801214999961      49.7925790461999966     110.2065519840000007      -0.1234049902095187
     99.3279663854000034      56.1161691219000005      99.5184507649999972      -0.1121682904095600
    103.6246363656999989      68.2924295568000019     115.3621024260999945      -0.1539742627444785
    104.6993235353999978      74.7261906576000001      94.7773172322000050      -0.1164082516524712
    127.3401306047999952      55.5675816673999989      98.9243209141999955      -0.1209856129397480
     99.4876482314000015      65.3845192056000002      97.6173864204999973      -0.1223908475441480
    104.8979337367999989      54.7525428484999992      97.3611395764999941      -0.1349678480447363
    120.9488883388000033      74.4884631281999958     100.7804097802000030      -0.1375409871871884
     92.7876247388000053      58.2339850373000019     101.8526403062000014      -0.0895272324396785
    115.9598227562999995      57.2320523181000027      93.0228956243999932      -0.1471766477223539
    120.4001119116999945      53.8980087564999977     109.8359767176000048      -0.1533231604535619
    103.6195341054999943      50.7465127253000006     102.5170679638000024      -0.1155156153213577
     95.8716575522000056      53.7209414312999982      99.5243089156000025      -0.0918102229930824
    108.9391127634000043      58.3772262672000011     118.2541390789999980      -0.1288951834358478
    100.4994075256999935      68.5216533191999986     101.2868563451999933      -0.1439194401308477
    100.7938268346999990      56.6279069196000009      97.1980562236000054      -0.1177586324376207
    113.2149957577999970      74.3469226516999981      94.3167910087999957      -0.1285531781496170
    103.8631197854000021      58.1642541483000031      92.8881581613999998      -0.1192532975682790
    124.8077088075000063      72.2600982425000069     109.9865878788999964      -0.1238738401745163
    104.0367856037999985      56.1968604216000003      93.7791639650999969      -0.1190585474357366
    110.3641551313999969      55.7531527594999972      96.9607066395000032      -0.1645362865883335
    119.4115962470000056      76.0799903558000068     106.9123816406000032      -0.1424731597034636
    108.7720609859999996      53.2853595909000006     114.4539001158999980      -0.1250814190605585
    107.4035214250999957      78.1227841495000064     102.2661123525000022      -0.1405690591669213
    107.8462842242000050      57.4372765605000026      93.3116457554999954      -0.1354613977680685
    113.8775336893999963      64.3986491572999995     121.0972318288999929      -0.1203575179486425
    114.1256547116999940      73.0076738436000028      95.9011372777000020      -0.1458207769479358
    111.3398206593000026      57.5831634067999971     115.2167824975000059      -0.1521620238574766
    114.1557013549000033      79.8898669215000012     100.7900473827999974      -0.1237632080220026
    104.5908532635999961      60.3138174603000010      92.3100909814999966      -0.1229753262545028
    120.8098045060000061      72.5921230987000001     115.9016191957999951      -0.1212088186204108
    111.2339960040000051      52.0460772875999993     102.0049522208000070      -0.1552989179769053
     95.5158221485999945      57.6466581999999974     100.2295546545999940      -0.0976699284744313
     94.7238379868000067      68.0259781924000038     101.9922910566999974      -0.1050165251445385
    107.6176273795999947      49.3868548765000028     108.5288532513000064      -0.1174046206626072
     98.7230650964000063      50.8838958046000016     107.2823899891999986      -0.0966175778973133
    117.2316083465999981      55.1023311289999995     116.5998729485999945      -0.1245129357843702
    127.5867398463000058      64.6987376442999960      97.9932529195999962      -0.1262709531323152
     98.4095595548999995      76.0758329587000048     106.6440405503000051      -0.1152701242125094
    124.0622119049999981      65.0260381854999991      95.4047062605000065      -0.1403214009574256
    105.3412634536999946      65.5886096123000044     118.4015377061000009      -0.1351969120038161
    109.8348428820000038      64.1716930661000049     119.7763133627999963      -0.1318363973662873
    109.3246168650999977      57.0289067743999993     119.6924095289000007      -0.1155345587751500
    121.2215757989000053      67.4244784102999972      98.5390057852000041      -0.1771138746967011
    112.7701542601000000      47.6016307350000005     103.2884541123000020      -0.1199814549333844
    117.4007388226000046      52.6759229596000011      91.5205634634999967      -0.1136028083058145
    124.0518184120000029      64.0222157404000001      99.6070789138999970      -0.1706580622346365
    110.7094080695000002      72.7170339864999988      94.7366881235000022      -0.1381442108867716
    116.6212268522999977      57.6474140903999981     113.7278673911000055      -0.1602862993524923
     95.3525498231999933      65.0651555135000024     101.8685140044999997      -0.1071784393723219
    114.6910607275000018      74.5854060715000031     112.8446094641000030      -0.1580637902682334
     95.1830414020000006      68.9742426935000026     108.5350893469999960      -0.1112789954677824
    113.9644610848999946      60.5366161544000008     118.5591408535999989      -0.1343948800517687
     98.6540900978999957      74.2286258048000036     113.4684080128999994      -0.1130925057905534
    120.2281468466999996      69.4523433685999976     101.3667917544999995      -0.1834282760242107
    123.7770522532999991      70.4013637600999971     106.8475640391999946      -0.1451977646362677
    100.0107243851000050      71.5639231882999951      95.2081747576000055      -0.1098003077391656
    119.7434321305999987      71.0227056651000055     112.1741346832999966      -0.1537058529365165
    111.4346849039999938      73.3419663709999980     118.7292161926000063      -0.1252190305586609
    110.3261716389999947      63.3330326722999999      92.8308994639999980      -0.1503063916530873
    122.3200735160999955      74.1163760811000003     112.7404855621000053      -0.1220471163044081
     98.2878612013000037      67.0990675949999940      97.1814266349000064      -0.1138045146139692
    106.1976872717000049      76.3581580214000013      97.3258017004999942      -0.1262341435295387
    122.9160930928999989      68.8429067372999981      99.5887485717999965      -0.1560349218598045
    119.6311824068999954      54.7678496289999970      95.6341189955000033      -0.1474075643995558
    115.0907377741000062      73.6626528711999953      97.7814146362999992      -0.1538994894742665
    119.8643745938999956      65.5578070786999945      92.3329566660000012      -0.1386967621385278
    109.5305969978000036      62.0266650964000021     121.5579470249000025      -0.1158661758816368
    120.9823364888000015      76.1081472731000019     102.9896884335000067      -0.1318237751138991
    113.9584139617000034      51.2221567566000004     107.9895254541000043      -0.1471923331057852
     93.1421373343000027      56.4956261004000027     104.2448444351000063      -0.0894507341523205
    123.5521748607000063      63.0352118564999984     112.4761128962999948      -0.1432548430137981
    110.0529172611000064      78.4916586625000008     101.6164245575999985      -0.1397890713384911
    102.5911452225000033      59.8933534279000028      92.7040988501999976      -0.1159802701256778
    124.8111103142999951      52.5332486475000024     110.6542280707000003      -0.1170979008291742
    122.3741196793999961      72.6121541942000022     114.4255542261000045      -0.1208340390198188
    117.0237384878000029      64.9056626400000027      89.2782146053999952      -0.1216525859714075
     98.1967764086000017      70.7674036841000031     111.5612965451999941      -0.1262140187495824
    100.4457393075999931      67.8097935393000029      99.3608476176000011      -0.1350753351809431
    106.5442630180999970      74.5033919634999933      93.6971498572000030      -0.1167709486372779
    124.6557748379999992      72.9029830238000045     108.0503746309999968      -0.1261925133575685
    105.4584264650000023      64.6403451112000056     116.4091995962999988      -0.1548072821083046
     98.3318918167999954      65.4559508478999987     112.3171869405999956      -0.1279984248709001
     93.7578100613999936      56.9710811591000024     108.2610790787000070      -0.0922031823844698
    105.5253227649999985      59.0331501579000033      94.5199365526000008      -0.1407287328127254
    119.8328161698999992      63.0497627466000026     114.3380599128000057      -0.1540714257503737
     99.4613810401999956      62.8403811071000007     110.3235260226999941      -0.1367180468893388
    124.2432476546999993      59.6985226784999981      97.8575705937000038      -0.1580105030180299
    121.4591143556999953      76.4849586352000017     106.4711306222999951      -0.1283628774209040
    125.9392767294999942      68.2618159958000064     103.0119872001999966      -0.1395764295046407
    114.5676616205000045      66.6338170565999945     116.7803417804999953      -0.1558248669199607
    104.9975222964000068      54.3713851166000026     112.3895634459999968      -0.1269221110849816
    125.7376429665000046      56.1140904232999986     108.6539531117000053      -0.1341433382561856
    122.7401596034000022      55.0131360622999992     108.5689154421999945      -0.1538192656545512
    109.5118887106000045      78.1762633950000065      98.2268230517999967      -0.1266458508758497
    116.5138904160999971      60.7210534108999980      88.5090961280999977      -0.1169852314226008
     97.9887175772999939      53.6013217762000025     106.9019881476999956      -0.1017341645554293
    127.4227116305000038      55.2453833862999986     108.9840882418999968      -0.1183208159494100
    113.9036119081000038      67.8783905927000006     118.4739142115000021      -0.1393772636309292
    106.3282673375999963      77.0288217747000061     112.4621289239999982      -0.1394428843687630
     94.4666462797000008      63.1735397989000020     104.6798593576999963      -0.1035359714272017
    114.3701852546000026      51.7291702392999966     103.6724464331999940      -0.1627855873959323
    114.3716970354000040      55.9105669343000002      94.0068759467000064      -0.1488993078671506
    112.7525798084000002      65.0158336652000060     119.3853290557999998      -0.1350207731869801
    117.0158016386999975      74.3032699814000068      95.7949346771000023      -0.1324557052536832
    106.3534006932000011      51.7165090752000012      98.6331141394000070      -0.1263167900425444
     97.2220557436999968      67.9946087409999933     100.7656699175000057      -0.1171424218869479
    107.9301880581000006      77.7452168970000059     115.5576890658999929      -0.1216328621245513
     97.3588719053000062      60.9650170359999990     111.3647650423999949      -0.1143194669558731
    104.3230790910999985      77.5847791605999930     106.2060020660999982      -0.1410874164391371
    102.6644665909000054      77.5110798470000049     101.9038518804999995      -0.1244922006538127
    113.3816695900000013      78.9315868725999934     110.9454348455000030      -0.1339295626353110
    116.9770622558999946      61.4399051770000000     119.7914311706999939      -0.1216512367270521
    126.3259146667000010      67.0805482802999933     109.5716040517999943      -0.1305348619712650
    126.0827069319999936      60.3007783509999982     113.1140843900000021      -0.1223713978207330
    121.7079912683999936      61.5183288054999977      91.9531217422999987      -0.1314886273766227
    124.6467041533000071      63.8415579358999992      92.3425942684999939      -0.1195650471821308
    116.7984831499999956      51.0639866913999967      93.1353343206999966      -0.1147070402059782
    121.1134834724000058      52.3095050904000018     110.6379764272000017      -0.1327393173827147
    122.5937058391999983      66.5601177430999940     102.0176133850000042      -0.1843221986712216
    112.0584834528000044      50.9628863510000016     107.6316113519000055      -0.1420404639052801
    118.4790164717000067      79.4011837807999967     108.5027750325999989      -0.1214758991623794
    102.6410339886000003      50.5435561541000027      97.4989006010000026      -0.1041503405356607
    120.8088596430000052      73.3083292483999998      99.0099255015000068      -0.1396573018654657
    126.9852400640999974      66.1783930934000040     108.0318553162999962      -0.1318587459599909
    111.7111518160999992      47.4617910118999973     109.3998279593999996      -0.1122149877172127
     96.2084067234000031      66.3907982945000015     112.6698098101000056      -0.1123667840900202
    116.8521513680999959      49.6625658982000004     106.9055786270999988      -0.1356590482222542
    124.8368105877000005      55.0552769518999980      98.7822135198999973      -0.1361783573160196
    110.0776726714999967      59.1248018682999970     116.5836213050999959      -0.1477529657234928
    120.9804467627999998      49.7697133618000009     110.5438680728999969      -0.1173901673647579
    118.3584519535999959      56.7745496563000032      89.3235680291000023      -0.1136020356865712
    115.1540435946999992      75.4902068747999948      96.7031369871999971      -0.1344034836551851
    129.0652614598000127      60.0810032186000029     104.5859399760999935      -0.1243804595562192
    102.8804622714000061      71.8273509911000048     118.4310174315999973      -0.1172646729604132
     96.3520258985000027      55.4840557786999966     107.1293221841000047      -0.0995735500538641
    118.7458457813000052      70.0893699994000059      92.2516984484999938      -0.1267402841337786
    122.5020541287999976      51.7826494847999967     112.2542590652000030      -0.1174015153655041
    107.5272984772999934      67.2940873170000060     120.8387173136000001      -0.1207639185440872
    120.8392842314000006      74.3610955965999949     107.5917381335000016      -0.1441890865295692
    121.1474985402000044      52.2877732416000001     113.6541680776000049      -0.1183991000677711
    127.2307154700999945      66.3724679524000010     100.6401921119000065      -0.1323681461903892
    116.4687259650000044      62.7245409040000013      90.6023456055999930      -0.1345649957609991
    105.2647295512000056      72.9472026118999963      95.3729588638999957      -0.1277462313196951
    126.6639866460999997      64.2372665579000000      95.2115762643999943      -0.1224908513112695
    119.4675321362999938      72.3011052963999958     110.7804617667000002      -0.1571833540584375
    102.4331641299000069      64.7607206567000020      94.8890000381999954      -0.1292641943977575
    103.5358192441999989      67.2816151254999966     119.4129190552000068      -0.1204899379346953
    109.6050522018000066      56.3459598020999977      91.3863929183000039      -0.1229983509291745
    101.1901023746000021      76.0969978897000061     101.1451268959999936      -0.1225129312071740
     97.4989006010000026      65.1503821555999991     105.5474325591000024      -0.1251418735153607
    114.7995309993000035      52.7670077523000032     113.8578805390999946      -0.1312554151052572
    128.7096150287000000      62.2762978995000012     103.1782830872000005      -0.1284075655647223
    106.1772782311000043      78.6609781110999933     108.1664038067000035      -0.1383536145978779
    111.9927209883999950      62.7149033015000015     119.5892304900000056      -0.1319985864263735
    111.3753475079000026      67.3122286865000063      93.2770637698999963      -0.1490344004944575
     97.8356497722000000      57.3085862207000005     100.5050767036999986      -0.1074904432603976
    115.4658483828000044      53.6752100623999979      96.0139539192000058      -0.1494446503286717
    110.4558068418999994      67.0342499935999996      89.2120741957999996      -0.1172819744557207
     99.9232300718000062      54.2988196386000013     102.2867103657000030      -0.1127988676269078
    107.3589238917000017      52.3062925563000007     116.1933928883999982      -0.1104756386608923
    120.5860609490000002      70.4833778680000052     117.2325532095999989      -0.1211527383701076
    100.8745181344999935      54.5567672361000007     115.2145148264000056      -0.1039772523434950
    108.4812321563999973      50.6342630015000026     100.6354677969000022      -0.1308166556179167
    105.3412634536999946      75.5871498180000003     114.2834468318000063      -0.1362507182507944
    120.1531247249999979      59.6531692547000034     118.0925675069999983      -0.1212060880588792
    121.1166960065000069      76.5970193863000048     109.1605886492999957      -0.1260662323142334
    116.0732063156000038      65.3368981106000035     120.5174638956000024      -0.1209991180825263
    123.7039198574999972      65.8713126202000012      92.4695838549999962      -0.1222146095445176
    110.0508385625000045      77.6953281308999948     113.3671186999000042      -0.1356560793682053
    117.1248388281999979      69.8508865796000009     119.2437885792000003      -0.1221725299759404
    110.8148547796999992      67.1737117715999972     121.1654509371000046      -0.1210639695933908
    121.3292901803000063      69.5970963792999981     103.6920995834999957      -0.1755316141661147
    123.1162150751000013      62.7517529582000009     116.3950266514000020      -0.1227766895828823
    118.8501586558000014      61.5668947634000006     119.2061830321000002      -0.1209497319613480
    107.8536541555999975      62.3346904325999986      90.9239769689000070      -0.1267180835114203
    119.4943662453000002      68.9855810493999968      95.0354538022999975      -0.1492312222737269
     99.2935733724000045      52.9166740506000011     100.6787425219999932      -0.1042707792418769
    104.0793044385000030      53.4945522578999970     116.4033414457999953      -0.1067590058790406
    120.3403965704000029      75.9577250843999963     112.3196435843999978      -0.1245497262520177
    107.7211843638000062      70.6300206046999932     119.7037478848999967      -0.1244963220470110
     96.7688994516000065      54.3016542275999967     105.1400076359000053      -0.0988918741686282
    112.9608276123999957      75.8993325513000059     112.3476115290000052      -0.1559473898133952
    108.6197490713000064      66.0857965199000006     117.4071638908999944      -0.1552876400050920
    110.0574526034999963      73.4591293822000040     116.6197150714999964      -0.1412957304127849
    109.2805862496000060      63.1463277447000024     117.8395331970999962      -0.1486900061289322
    118.7719239998999967      48.6494837957000001      99.8397041830999967      -0.1216658056725608
    124.0828099183000006      54.0476750548000027      93.9511290300000041      -0.1145212112746741
    124.0512514942000024      62.3773982399000033      97.7014792269999930      -0.1619002317703391
     93.6172144477999950      63.9356662901000021     108.5658918806999935      -0.1008423592881957
    124.9269505174000017      51.3096510698999992     101.6502506527999969      -0.1207665220598573
    126.3109858314000036      62.0217518087999977      98.2542240787000054      -0.1405696175446653
     99.4052561782999931      56.7395897254999966     111.8290707177999934      -0.1125297849832556
     92.9093230925000029      63.9519179336000008     101.7751615405999956      -0.0951522681223782
    117.7879436775999977      72.6423898099999974     112.0441215352999933      -0.1603072574966173
     95.1650890051000005      61.7983861969999992      95.4770827658000059      -0.0942907996162363
    102.4318413217000057      65.3627873566999966      90.2126841067999976      -0.1054006689102698
    114.5926060034999949      69.5761204208999970     117.7964474446000054      -0.1402452803307703
    101.8361996901000026      55.6497847479000001      92.3656489255999986      -0.1031568253650885
    101.7721379789999929      74.9229111329999995     115.9987511116000007      -0.1157636896765011
    112.3219112555999999      68.0361827127999987     116.4076878155999992      -0.1640923157405147
    114.3505321044000027      49.9874097956000014     101.5914801745000062      -0.1398821486631636
    107.3479634809999936      66.8428207510000050      92.8462062444999958      -0.1355491644571742
     94.9891555156000038      63.6716715694999991     106.7972973278999973      -0.1078104584895305
    102.4909897450999949      72.5308959765999930      97.4915306696999977      -0.1288907375709529
    100.7730398488999981      72.5773832360000029     101.2811871672000024      -0.1365032803114765
    118.6604301665999941      57.0969369099999966      93.4426037664999996      -0.1459230030681233
    103.0769937742000053      77.2223297159000026     107.9530537426000052      -0.1365171420083788
    101.6298416120999946      69.4264541226000063      94.7100429870999960      -0.1185302470258351
    105.7562472807999967      49.2836758374999988     106.3917621308000037      -0.1142704393805341
     94.5365661412999998      58.9477345431999993      96.9788480090000036      -0.0919304979645750
    116.1117567257000047      59.4264021361000019     117.3769282750999992      -0.1368532172567587
    123.8222167044000059      67.5888845712999995     115.1857909912999958      -0.1224569858437201
    108.7962494787000054      79.4505056290999931     109.3113887832000017      -0.1351811883891800
    111.8466451694999932      54.1302560804999970      97.6236225163000029      -0.1596772670147075
    116.5411024704000056      74.1902643672000011     114.5440400455999992      -0.1400391290771914
    116.8364666423999978      57.2588864271999967     115.9346894006000070      -0.1387056750084010
     98.2784125712999952      58.2011038050999971      98.8415509159000010      -0.1096752681459634
    119.6984566521000062      70.8420478606000046     115.2035544155999958      -0.1356358813980778
    116.5012292520000017      76.2935293926000071     106.4531782253999950      -0.1599352303656332
    113.7125606105999935      79.6676351451999949     106.2951971327999985      -0.1353345095735623
    109.9378329484000005      60.2612830779000035      91.6432066801999952      -0.1360380332008173
    117.7450468977000071      50.4753370458999981     109.3508840563000035      -0.1342323358241924
     98.3146953102999959      75.2664633177000013     111.2351298396000061      -0.1133375627005195
    116.4396241847999960      65.8295496758999974      91.4085027123999936      -0.1381052432492433
    108.7049757134000032      81.1593848405999978     110.3246598582999951      -0.1187731847669458
    100.1813666417999968      56.6653234942000026      94.8990155859000026      -0.1075568510522658
    123.8303425261999990      50.0091416444999979     106.8672171894999963      -0.1173180583354636
    113.4349598629000013      81.4288597665999987     109.3656239190000008      -0.1182640049246020
    122.4088906375999954      66.6453443852000049      94.8530952443999951      -0.1430143186990076
    117.2797963592999935      73.1558283611000064     117.2325532095999989      -0.1250497631667944
    123.1277424035999957      67.9248778519999945      97.5251677922999960      -0.1496126730709131
    103.0645215826999959      68.6514774947000035     117.1645230740000017      -0.1334627869652438
    126.6855295224000031      61.5721859961999982     100.7452608768000033      -0.1452545412619779
     99.4211298766000056      67.8895399759999947     103.7886645815000008      -0.1432709640231309
     96.5368411001999931      51.9151192766000023     105.3465546864999993      -0.0925840125427504
    101.1572211424000045      56.1486724088999978     110.1271834923999933      -0.1219695710499487
    115.8075108416000063      71.4616890122999990     116.4126011031000019      -0.1420542725756793
    104.8142188755000035      61.4580465463999985     118.0224586727999991      -0.1295186923319909
    116.3848221310999946      69.4440285743000061      90.5870388250999952      -0.1221421989758591
    103.0892769931000004      53.3210754121000008      96.5472345932000025      -0.1151076473968260
    114.7749645613999974      49.9293952077999990     109.8444804844999965      -0.1298352808379697
    102.8793284358000051      64.8081527789999967     119.2184662509999953      -0.1190737884369879
    110.9229471061999988      69.7877697315999939     118.0173564125999945      -0.1433772979999475
    108.1053656571999966      48.9665798166000030     112.3434541319000033      -0.1083471232519617
    125.2238264701999952      59.5337385723000025     105.9588259068000013      -0.1611588415756149
     95.1339085263000044      63.3774412331000008     111.3473795632999952      -0.1059569012907042
    116.2181482989000045      56.7779511630999991     118.1046617532999932      -0.1231552649436889
    115.6994185150000050      66.0221127540999930      93.2328441818000044      -0.1567762862940043
    114.3938068294999937      66.6576276041000000     120.6399181395999989      -0.1225861964521924
    103.1951016484999997      70.8303315594999958     116.7542635619000038      -0.1324024366140524
    107.8018756634999988      47.2410710163999994     106.9911832143999959      -0.1080559892586139
    104.8406750392999953      48.2947822276999972     102.1568861902999998      -0.1069643663989144
    113.7531897193999981      74.2256022432000009     100.1307219852999992      -0.1719538550421760
    121.9532777017000029      65.7902433752999940      96.9858399950999939      -0.1684855977145698
     95.7306839934999942      71.0525633358000022     109.8276619232999991      -0.1113315649545727
    101.2692818934999934      58.5688444824999976      93.4607451359999999      -0.1113217549550223
    122.9346124075999995      49.2564637832999992     104.8794144220999982      -0.1182336875312640
    120.1663528068999938      68.2850596254999971      91.9429172219000037      -0.1269065204976911
    109.0252842685000019      53.5476535581999968     116.9683695164000028      -0.1156213208879597
    101.5024740804999936      51.3353513432999975     107.4868583412000049      -0.1079294591166349
    120.8458982724000066      71.4382564099999939     109.5090541216000020      -0.1565790493366190
     97.2991565640000005      64.2716595708999989     100.7711501228999964      -0.1149791225716079
    102.8772497372000032      51.4292707249000003     100.5564772505999969      -0.1141972431472578
    122.8321892590000033      57.5463137500000030     113.1906182926000071      -0.1356332717292146
     93.1755854843000009      61.6392712688000017      99.5528437779999962      -0.0924486710570749
    122.4497087188999984      68.2674851737999973     116.5428032237000053      -0.1212695415978482
    101.1188597048000020      64.1724489565000056     115.2353018122000066      -0.1343754980838199
    102.8683680249999952      56.0713826158999993     114.9161270927999965      -0.1177698516699666
    123.2377244561999987      52.2743561870000022      95.0774057192000015      -0.1151547345761239
     96.8261581490999959      53.9605586866999971      97.6262681327000053      -0.0935508979841417
     95.8661773469000025      59.5125736411999995      94.8340090118999939      -0.0938326749854150
    122.2732083116000013      60.7420293694000009      90.0554589045000000      -0.1154956111475025
     96.8297486284999991      58.0062730556999995     105.9352043318999961      -0.1065493399742961
    118.2497927091999941      71.2181033324000055     101.0119012138000016      -0.1825499587284902
    110.0812631508999999      78.6091996189999946     115.2230185932999973      -0.1199463915638326
     92.3475075560999983      61.2569797012999970     102.8341639845999964      -0.0916494034942748
     99.4676171358999994      72.0798183832000063     102.5601537162999932      -0.1328006684796312
    116.4067429525999984      53.1853930862000013     115.9985621390000006      -0.1207135432735491
     98.6905618093999948      50.6720575212999975     101.8059640742000056      -0.0959616072548162
    123.7575880755999975      64.8601202436999955     105.0759459248999974      -0.1767850532790742
    106.5402945934999934      71.6438585976000013      91.0898949106999964      -0.1120372055334755
    104.9822155158999948      52.9314139132999983      93.7891795128000041      -0.1104866880646860
    106.2097815181000016      52.9735548028000025     114.1437960811999943      -0.1180664388884720
    111.5949336678000066      74.3767803222999930      99.8000199372999930      -0.1706339121084230
    100.0923605477999985      66.2605961738999980     111.8560937994000000      -0.1477789753245542
    105.0551589389999947      74.5321157986000031      99.4045002879000066      -0.1444103162777814
     99.8243974025999989      51.1072614165000019     110.1441910263000068      -0.0985656582794823
    111.9182657844000062      76.4552899372000070      96.6530592485000000      -0.1308772763574204
    111.2183112783000070      71.4040523695999951     119.5348063815000046      -0.1258198045307930
    104.1798378610999976      70.2955391046999978      90.9230321059000062      -0.1083178312417603
    122.3089241328000014      64.4183023076000012      93.1767193199000019      -0.1367018383590413
    127.6319042973999984      65.3077963303999951     102.2097985179999995      -0.1336658463946447
    105.7883726225999936      68.4156396913000009     119.9382628800999981      -0.1227824825271435
    113.8722424566999933      47.8520194285000002     110.3229591048999936      -0.1141139126400361
    119.6474340503999940      72.5499822090999942      95.6310954339000006      -0.1331370973441590
    115.5803657776999955      48.5313759213999987     111.0219687480000061      -0.1164491847215734
     95.6834408437999997      54.1945067640999980     108.9833323514999961      -0.0935569344676024
     98.9005103668000061      71.9902453713000057      98.2615940099999960      -0.1146554603864747
    114.9507090782999938      77.8049322381999957      98.4554798964999947      -0.1285845316001017
    124.3477495018999974      55.9513850156999979      96.1770372720000069      -0.1317970195592020
    106.4699967866999941      73.2098745244000071     100.6090116330999962      -0.1729013491178861
    108.8841217371000027      53.6385493781999969      96.4334730886999978      -0.1392219628373077
    110.4915226629999978      53.4841587649999965      99.7134704870999968      -0.1608249244736886
    111.4239134657999983      53.4951191756999975      95.0373435282999992      -0.1365959055107115
    108.9323097498999999      71.9800408509999983      93.5746956131000047      -0.1302955026831132
     98.5382498948000034      64.6647225764999973     108.4192491439000037      -0.1352548205071482
    113.4716205471000023      65.4342189990999969      92.5746526198999931      -0.1509617705737760
    106.4696188414999938      64.1046077934999943      92.7105239185000016      -0.1350986423259855
    104.5419093605000000      70.4312214307000062     115.3067334546000069      -0.1543174097342721
     95.5579630380999987      55.9553534401999997     103.0163335698999987      -0.0969129915813562
    101.4059090825000027      73.5284823260000024      96.0577955620999973      -0.1142183793837708
    117.9068074423000070      58.9307270093000000      88.7366191371000070      -0.1148608079845923
    111.2687669622000044      79.8316633609999968     100.0572116443999988      -0.1237585035513087
    105.6621389265999937      78.1259966836999951     104.5608066204000011      -0.1406353745711675
     99.6594243237999962      69.5615695307999999      98.2041463399999941      -0.1231216235362718
    117.6970478575999977      64.5496382638000057      93.3513300011999974      -0.1598166149905609
     96.3627973366999981      58.7776592041999990     103.5462127371000065      -0.1047421167115168
     97.1506241012999965      72.9405885710000064     103.3317288373999929      -0.1153663844172899
    119.0446114599999987      61.5948627080000009      90.8068139575999993      -0.1314295929841860
    111.0117642276999987      79.4257502187000028     103.5025600668000010      -0.1372917115342815
    122.9996189815999941      70.0517644522000040      96.2004698742999977      -0.1331001164303176
    116.3630902822000053      74.7303480548000039     111.3131755228999964      -0.1590765925536388
    124.4669912117000052      60.5560803321000023     114.6714075772000001      -0.1239834531173551
    126.7749135616000018      62.1360802311999976     106.8966969149000050      -0.1421974146304157
    106.8570126692000031      72.2999714607999948     119.1617744713000064      -0.1224021644413611
    127.9964324406000031      57.5616205306000026      98.5541235931000017      -0.1213566379732276
    105.0534581856999949      79.0364666650000061     101.8961040039000068      -0.1243563312087410
    118.7055946177000010      55.1302990735999998     111.8615740048000049      -0.1551651998116430
    124.3726938849000021      57.8460242917999992     101.4637346977000050      -0.1680282986685224
    107.5495972439999974      77.9876687412999985      98.6722314672999943      -0.1266123835169122
    105.2006678401999977      49.8024056213999984     103.4953791080999963      -0.1165723063279698
    104.4693438826000005      60.7529897801000018     115.0871472947000029      -0.1478331918264448
    106.0650285072999992      76.3560793227999994     105.8218207726000060      -0.1653473391900153
    103.2999814407999963      73.3308169876000022     102.7283393292999989      -0.1624011444297295
    119.5109958339999991      72.6319963170000023     100.4236295136000052      -0.1578936257424015
    108.2091116139999940      68.6371155771000048      91.4472420950999947      -0.1245924440466286
    111.6510585296999949      48.9650680358000017     112.8897739151999957      -0.1118754968897795
    110.3673676655999998      74.4179763488999981      97.4726334097999967      -0.1487144290629967
     99.0065239947000038      72.7206244659000021     115.2301995521000038      -0.1132678399559923
    125.1098759931000046      60.9858040219000017      92.2237305037999988      -0.1168282406970649
     96.0054501521999981      66.5826054822999964     103.4819620534999984      -0.1141693972182187
     93.4456273281000023      63.6697818434999974      99.5035219296999998      -0.0947880921634932
    126.2924665167000029      54.1446179980000011      97.7961544989999965      -0.1188655373637530
    115.2933164000999966      59.0747241295999999      90.5685195103999945      -0.1309823999913560
    126.9190996545000019      58.0673112050999976     103.5103079433999937      -0.1404556349364823
     95.9153102225999987      55.3723729728000009     110.5909222500000055      -0.0957345013029585
    125.5307179706999960      57.5495262841999988      97.1283253346999942      -0.1344665312319329
    110.8949791616000056      47.1841902641999980     106.7961634922999963      -0.1133787482405371
     94.7142003841999980      54.3596688155000010     101.0856005274000040      -0.0901646026524920
    102.0616440004999959      70.4913147171999981     113.7949526637000019      -0.1492699182983070
    108.7038418778000022      51.9183318107999980     102.4989265943000021      -0.1452016337169351
    104.9589718862000041      48.0648025747999981     109.7004833641999966      -0.1024418861995420
    119.6188991880000003      72.8170004913000071     113.7297571170999930      -0.1370412122220088
    121.3491323031000064      49.2114883046999978     100.9408475167000034      -0.1214065387581229
    121.2032454568000048      48.4856445524999984     106.1443969989000067      -0.1179895042857888
    121.9905053037000044      55.1941718120000004      94.0180253300000004      -0.1283300592952097
    122.4003868706000020      57.0513945136000018      96.0848186438000056      -0.1503947146085860
    114.4760099100000019      73.3801388358999986     118.1496372317999999      -0.1254810276586209
    110.9735917626999964      70.9015742292999960      93.1447829507000051      -0.1346672314961461
    100.5923820443999972      71.3235500425000026      99.2514324829000003      -0.1300296744816611
    102.1744606419999997      70.1679826004999967      99.0685070071999974      -0.1431308354649161
     99.9910712348000033      75.9261666603999998     113.1796578817999972      -0.1144892980220416
    124.5968153871999959      58.9592618717000008      99.8482079501000044      -0.1633688777388542
    113.9954525911000047      72.4883771419000027      92.2252422846000002      -0.1237643040526262
    125.6773607073999983      57.3284283436000024     113.1235330199999964      -0.1196579968901847
    122.5802887847000022      66.0540491233000040     108.9483724207999984      -0.1676842269791674
     99.1705522105000057      69.2815121393000055     106.1360822044999992      -0.1460753936659014
    120.8697088197999960      65.5190676959000058     116.0325772067999992      -0.1349924581775781
     99.0292007065999940      72.4957470732999951     111.7064275010999950      -0.1271553149906079
    123.7366121170999946      51.2801713444000029      97.9660408654000037      -0.1183707515820149
    119.8169424716000009      64.2947142279000019      93.9382788932999944      -0.1586745692320424
    117.0061640361000030      71.0716495683000034     114.0135939606000051      -0.1586020620593569
     94.6764058644999977      66.6939103431000007      98.8022446153999994      -0.0998585967618464
    118.2582964762000017      65.0774387323999974     115.6568996803000005      -0.1514916838455278
    105.1233780472000063      51.6110623650999969     107.9872577830000040      -0.1228136396512536
     99.4908607656000044      76.9764763648000070     109.6392562422000054      -0.1152538970816446
    109.4327091915999972      48.4537081833000016     101.0009408030999936      -0.1185405848642631
    120.6416188930000004      52.1193986560000013      96.7418763700000000      -0.1312206142171082
     95.9729468652000008      68.4061910613000066     112.2484009145999977      -0.1115944855591806
     98.9503991329000030      59.1300931011000017      97.3108728651999968      -0.1125060992035207
    108.2344339423000008      67.5611055992000047     118.8495917380000009      -0.1380871588916763
    111.9942327691999964      65.5366421476000056      88.7759254375999944      -0.1179642988413976
    110.0604761649999972      51.1768033329000005     106.5554124014000053      -0.1407151313860417
    124.5335095665000011      62.8473730932999999     101.3350443579000029      -0.1740495997573852
    111.5004473684000033      50.4995255385999968      95.8072178959999974      -0.1216289239764405
    105.8921185794000053      50.9874527887999989     100.5557213601999962      -0.1241254955926685
    110.1955915732000051      61.1324467585999969     117.5092090943000045      -0.1475692923807106
    104.4128410754999976      49.9817406176999981      98.0127170972999977      -0.1084765309846096
     99.0184292685000003      60.0088156858000019     115.0654154459000011      -0.1124347332667890
     99.9784100706999936      51.9105839341999982     104.6649305223999988      -0.1054161078680416
    118.9544715303999993      49.7279504174000024     105.4121281782999944      -0.1351194558730668
    113.6997104738999980      78.9387678313999999     103.0017826798000016      -0.1382629747292512
    118.9008033122999990      55.3266416037999988      92.2586904345999983      -0.1271283478396894
     99.8536881553999933      64.9215363384000028     110.5225141692999955      -0.1474426272602827
    103.1556063752999961      63.1954606203999987     117.0528402680999989      -0.1330366159752847
     94.5730378529000006      61.3367261380000031     101.2411249763000001      -0.0992569130840870
    118.2452573669000060      48.6107444128999973     109.6770507619999933      -0.1185068242107130
    106.2122381619000038      75.8396172101000019     110.2558738322999972      -0.1636207242313095
    117.0798633497000054      75.0455543496999979     103.8198450602999969      -0.1667374991290504
    122.3183727626999939      49.4652785050000006     108.3740846927999968      -0.1171272158586314
    118.3102639409000005      61.9952956449999988     115.3108908517999964      -0.1527387620319818
     97.7617614859999975      55.1881246888999968      98.8980537230000039      -0.1014889536653429
    124.4539521023999953      50.9377529953000021     108.4075328427999949      -0.1169890144259060
    111.4660543554000043      73.5598517773999987      93.0484069253000001      -0.1241318934125344
    116.9315198596000016      52.5617835099000033      98.2455313390999976      -0.1534818404337841
    104.7161420966999970      69.9438610983000046     117.5613655316000035      -0.1353587774928791
    118.4039943499000032      76.0712976163000008     110.7528717672999932      -0.1390899539018839
    127.1337725269000032      57.4809292308000011     111.1793829229000039      -0.1194339285005315
    105.7354602948999940      50.5242809490000013     110.9357972429999961      -0.1135250881556393
    109.1974383060999969      68.4727094161000025     116.4373565135999939      -0.1647567933772542
     98.3356712687999988      70.4748741010999993     103.3895544526999970      -0.1298615330366495
    112.5118287174999949      50.1145883546999968     111.1143763488999952      -0.1251274177602530
     94.2423358048999944      55.2559658519000010     107.3706401928999981      -0.0912646053457289
    111.0820620344999980      52.4164635814000022     111.1325177183999955      -0.1388969911458116
    112.3532807069999961      69.8767758256999940      94.8918346271999980      -0.1547457665139262
    107.0134819809999982      75.3539576310000001      99.2901718656000014      -0.1469072944184795
    123.7339665007999940      71.1769073058000004     100.6076888248999950      -0.1392436431011550
     98.4874162657000056      70.1267865739999934     115.8751630320000032      -0.1132679598241184
    122.9635252151999936      71.5153572303999994     105.2730443454999971      -0.1477988372183834
    122.5116917313000044      60.4054691707999964     113.7830473899999930      -0.1400301547826039
     97.5348053948000029      59.0652754997000002     108.3532977068999941      -0.1126100356986433
     99.1425842658999983      59.3689544659999981      92.1439840671000070      -0.0990681456260658
     95.3659668777000036      65.2393882495999975     105.7088151585000020      -0.1113414255369714
    103.5144653404999957      70.2252412980000003      93.7236060209999948      -0.1199467502408460
    112.6945652205999977      77.9572441529000031     106.4603591842000014      -0.1564110456943784
    102.9660668586000014      54.6051442214000033     111.0820620344999980      -0.1225705601656060
    121.5356482581999984      70.7539866296000071     107.7393257332000047      -0.1604108098522516
    128.8205419443000039      60.6371495770000024     107.3358692346999987      -0.1232965370844834
    103.7060835558000065      50.3086632137000009     113.1129505544000011      -0.1024835447781705
     95.0346979118999968      68.0798353831000043     106.8757209565000039      -0.1110320860466070
    101.4635457251000048      48.9569422141000032     105.8989215929999972      -0.0997054657221224
    105.5272124910000002      62.5837563178999972      91.2040343604000014      -0.1213317702674317
    111.9853510570000026      78.1658699020999990     115.6990405698000046      -0.1199561134365439
    100.0432276721000022      56.8153677377000008      92.5020871419999935      -0.0997474029011620
    103.3750035625999999      74.8218107926000044     105.1925420184000046      -0.1604667695911814
    111.8967229082000046      67.0684540339999984     119.0816500894000001      -0.1377608928820830
    101.0326881997000044      61.7065455138999965      93.1071774035000033      -0.1126545772564924
    122.2541220791000001      61.0283228565999991      94.7281843564999946      -0.1529211494739240
    122.2828459140999939      72.8440235730000012     106.6362926736999981      -0.1443227508630809
    115.1083122258000060      76.2071689148999951     103.0934343903000041      -0.1632284773830932
     97.3004793722000016      69.6622919259999946     109.3918911102999942      -0.1256235342328083
    107.8869133329999954      77.3980742329000009     105.8535681692000026      -0.1604662131306203
     98.5201085253000031      73.1586629500999948     107.2251312917999968      -0.1283006772464752
    117.6951581315999960      60.9064355304000031     117.4581864926000065      -0.1354091432259645
    106.5556013740000054      52.1345164638999989     102.2608211196999974      -0.1376629905164641
    117.2115772510999960      69.4466741906999943      96.3707341858000035      -0.1668810985428824
     98.0289687407999963      55.7442710473000034      94.4401901158999948      -0.0957328343947905
    106.8857365041999969      58.3787380480000024      90.6618719742999986      -0.1172719464606216
    110.4818850605000051      54.6648595626000002      91.7764323622999996      -0.1209252108750469
    101.5820315445999995      57.9263376464000004     114.6655494266999966      -0.1202247508510270
    115.5627913260999975      69.2236865240000014     115.6487738584999931      -0.1581002639538216
    128.4628168145999894      56.7586759579999978     102.7969363826999967      -0.1228169772646419
    128.8492657792999978      58.3825174999999987     106.7186847268000065      -0.1213804289244234
    124.2746171060999956      59.0803933075999979     108.9685924887999988      -0.1567969476864093
     94.3177358717999965      66.3405315832000042     107.7431051851999939      -0.1064192657456893
    116.5962824692000055      60.0543580821000020      92.3176498855000034      -0.1496640994933411
    115.3672046861999974      77.4122471777999976     101.3320207963000001      -0.1426099457026204
    107.2757759482000068      49.2186692634999972     104.7558263423999989      -0.1195988398389281
    115.1899483884999995      63.5078323262999973     116.7183587681000034      -0.1543327535862833
    101.7224381854999962      77.2986746458999932     113.0258341864000045      -0.1165592878800554
    116.2612340513999953      63.0811321981000006      88.7411544794999969      -0.1196424601741484
    117.8161005949000071      67.6948981991999972     117.6367655985000056      -0.1347859796363222
    125.5520718743999993      65.3531497541000022      99.7692174036999972      -0.1485518201979108
    124.8479599709999945      66.7294371915999989     101.8458372925999953      -0.1554626776996635
    126.3542605565999963      54.7890145601000000     110.7337855348000062      -0.1179101982919297
    117.5358542307999983      79.4758279573999999     110.5606866341999961      -0.1203153952212652
    100.4204169794000023      75.4788685189000006     107.8141588823999939      -0.1312487337860144
    120.7281683432999984      57.8127651144000012      89.6939543228999980      -0.1136070045020885
     97.5077823131999963      59.9734778098000021      93.1445939781000050      -0.0965365987038131
    123.2354567849999967      60.4678301284000028     110.6075518387000045      -0.1582347912450910
    119.3121966599999979      53.3497992472000035      94.0452373842999947      -0.1279853269848781
    106.8458632857999930      75.6362826936999966      95.3625653709000005      -0.1214150990808065
    115.3617244808999942      64.0823090268000044      92.8448834362999946      -0.1581289102287524
    122.4345909110000008      68.5758884550999994     107.4303555341000020      -0.1645847546330952
    110.8828849152999965      49.3543515894999985      98.9640051599999993      -0.1236132455859558
    118.8565837241999930      51.6968559248999995      96.1770372720000069      -0.1305385865281679
    104.6148527837000017      58.0058951104999991     114.2499986817999940      -0.1386109604552743
    110.9008373121999966      56.4379894576999988      92.9728178856999961      -0.1373621166982026
    100.7730398488999981      77.8945052500999964     105.5918411197999944      -0.1189967886327263
    104.2078058058000067      55.8771187843000021     117.6420568312999961      -0.1110639135959186
     98.3734657886000008      56.8663903392999970      96.2507365855999950      -0.1032410096184169
    107.8903148396999967      47.2801883444000026     105.0389072954999961      -0.1096874155442649
    105.6290687217999960      80.3912112261999994     104.8355727792000067      -0.1218774227788906
    110.7861309447000053      70.8380794361000028     115.7566772124999943      -0.1641632241184947
    107.5656599148999959      59.1162981013999982      92.3605466653999940      -0.1324135554648489
    118.8231355741999948      64.3139894330000033      89.3301820700999940      -0.1197793257728366
    116.5497952098999974      74.9006123663999972     116.6163135646999933      -0.1238238648469974
    115.5100679709999980      62.4750970735000024     118.4143878428999983      -0.1364442180453089
     98.2818140780999983      75.9647170705000008     108.5965054417000033      -0.1142504851388706
    106.6378044544999995      71.2145128530000022      93.1075553487000036      -0.1243477829750814
    117.2142228674999984      68.8682290655000031      93.0092895972999969      -0.1404833297919144
    125.4076968088999990      57.4752600528999977      93.1750185665000004      -0.1152985857018880
    104.8130850399000025      63.4269520539999974      93.3415034261000045      -0.1328662418406132
    119.3957225486999931      50.1085412314999985     102.5815076199999965      -0.1375637090894388
    117.7645110753999944      49.5992600776000003     103.7967904032000064      -0.1371628873406499
    122.2286107781999931      55.1074333891999970      98.2527122979000040      -0.1544929023851811
     94.6890670285999931      61.7435841432999979     107.0920945822000050      -0.1036194178832108
    116.2971388451999957      76.5898384276000002     115.6294986534999936      -0.1217920666580614
    118.3272714747999999      72.2476260509999975     115.0637146924999996      -0.1380822724506325
    108.7580770137000030      61.6468301726999997      93.1708611692999966      -0.1481608980046616
    103.1440790468000017      74.6402081251000027      95.8784605657999975      -0.1166384553278874
    112.3306039951999935      72.1486044092000043      98.3645840764000070      -0.1755009710729691
    118.9550384481999998      69.0383044044999963      98.5968314004000064      -0.1817619649843127
    106.3636052134999943      74.4363066909999986     115.6559548172999996      -0.1375697109009293
    111.5922880514000042      81.2022816205000026     110.9631982698000030      -0.1180460397683127
    117.7269055282000068      77.9413704546000048     113.1275014444999982      -0.1211957498342127
    101.7864998966000059      74.8643296273999965      98.7527337945000028      -0.1224315126203877
     94.2041633399000062      61.1802568260999990     104.6700327826000034      -0.0998728984356134
    115.6950721453000028      63.3725279455000035     120.4911967042999947      -0.1213971731270869
    111.4807942181000016      71.4940033266999961      96.8055601357999933      -0.1630922065533547
    110.9732138174999960      63.7856220465999968     121.6598032556999982      -0.1175971985935842
     97.4539251224999958      70.1698723264999984     105.8135059783000003      -0.1270119135061396
    114.1927399843000046      50.9957675831999993      97.5705212160000031      -0.1355795238315451
     94.2009508057000033      54.4588794299000014     104.2457892980999929      -0.0898281365301594
    114.7277214117000028      72.5626433733000056     114.0593253294999982      -0.1622441919535920
     96.0005368646999955      67.6625838848000001      97.2010797851999939      -0.1024054637922287
    102.6149557699999946      50.6936003976000009     104.2603401882000043      -0.1113992680327263
    104.0371635489999989      66.4626078821000021      89.5990900782999944      -0.1066312098684774
     93.8201710190000000      62.4304995402000031      97.9322147702000052      -0.0935084517048406
    122.9159041202999987      54.0709186843999987      96.2021706275999975      -0.1308436809552953
    107.6924605286999963      58.1704902441000016     115.3898813981000018      -0.1467002210975181
    106.9375149962999956      60.7775562180000009     120.8853935454999942      -0.1146895803688537
    108.6261741396999980      54.8946502427999974      92.6504306320999973      -0.1231318378823856
    107.1094800612000029      79.4471041223000043     100.7496072465999930      -0.1238975089381134
    102.9210913800999947      78.7091661238000029     111.0886760754000022      -0.1190859629105878
    104.9421533249000049      62.5718510441000006     116.0165145359000007      -0.1505600913563612
    124.4596212804000004      68.9338025572999982     113.9663508108999963      -0.1221081265252257
    112.0352398230999995      61.7906383203999994     117.4774616976999937      -0.1499264463906798
    104.9808927076999936      77.3867358770000067     110.8743811483000030      -0.1382303424529754
    118.9176218735999981      75.9764333716999971      99.6044332974999946      -0.1338494900988776
     95.4062180412999936      53.2972648646999971     106.5881046610000027      -0.0916603861246248
    117.5545625179999973      74.5971223725999977     100.1944057511999944      -0.1525362547571287
     98.4205199656999952      66.6536591794999964     101.6799193508000059      -0.1270057446703259
    118.2006598334999978      58.9394197487999989      90.7221542333000031      -0.1288791286083866
    114.4822460057999933      51.2571166873999999     106.0107933715000001      -0.1544538716111674
    119.5372630253000068      48.4049532527999986     101.5555753807999935      -0.1213841459523302
    126.6201450031000064      66.8265691075000063      98.1344154509999953      -0.1293887673427632
    110.8902548466000013      58.5238690039000033      92.1010872872000022      -0.1381223899060089
     92.5731408391000059      60.1584819840999998     106.5480424699999986      -0.0924942232105828
    124.3277184063999954      68.5834473591000062     106.4938073341999996      -0.1495534507705987
    103.9247248526999954      51.4464672313999998     111.3968903842000060      -0.1112873939004997
    113.8811241687999996      53.8749540994000000      93.2963389749999976      -0.1308893874089563
    109.4928024781000033      74.3945437465999930     113.7728428696999998      -0.1612451274731690
     94.8659453811000049      64.9546065432000006     110.1965364362000059      -0.1073769024846163
    101.7451148974000006      53.3673736989000034     105.6789574879000071      -0.1188515809203441
    121.5067354506000044      71.4628228479000001     113.0861164453999947      -0.1351939802666706
    109.4521733692999987      77.8315773747000037     108.2873462698999987      -0.1567720277573308
    119.8498237037999985      52.0368176302999998     103.8396871831999988      -0.1587362070418461
    104.4035814182000053      59.6624289120999975     117.0636117062000068      -0.1285397784828328
    106.9507430782000057      56.6696698638999976      91.4833358614999952      -0.1180951298807935
     93.0555878840000048      57.2390443043000019     106.1421293277000046      -0.0904396023704388
    102.1585869437000014      70.8161586145999991      92.3962624865999942      -0.1079053452710665
    121.6858814743000039      69.7006533634999954     114.0716085483999933      -0.1348663401751198
    101.2044642920999991      51.2641086734999973     112.3285252966000058      -0.1003333144890384
    105.5548024903999931      48.8590544078999969     111.8264251014000052      -0.1037171435960742
    117.7369210758999998      72.9390767902000050     102.3802518021999930      -0.1778437246580875
     99.1306789922000036      64.3478155282000017     116.1939598061999988      -0.1168437297331435
    103.6900208848999938      65.9599407691000010      93.9615225229999993      -0.1293408706225705
    108.0379024393999998      55.3555544115000018      94.5577310724000029      -0.1354735894628192
    109.9170459624999978      48.1129905876000024     110.7515489591000062      -0.1107376229594594
    100.4525423211999993      71.1188927179999979     111.3481354536999959      -0.1467956046838808
    118.8932444083999940      71.7321088013000008     117.5320747787999949      -0.1225564439883700
     95.2949131805000036      63.6015627352999999      99.9952286320000070      -0.1032507468588166
    114.3705631998000030      48.0676371638000006     101.6128340781999952      -0.1233256021146838
    106.4722644578999962      70.9042198456999984     115.6028535169999998      -0.1588219584691490
     94.5741716885000017      63.0815101433000009     102.2812301603999998      -0.1020454910033166
    108.0813661372000070      64.4336090880999990      88.7411544794999969      -0.1129288141557554
    105.7502001576000055      72.3925680342999982      98.1739107241999989      -0.1514083397198736
    104.1826724501000001      51.8166645526000025     115.0877142125000034      -0.1047256814228241
    104.8280138751999999      63.6011847900999996     118.3130985299000031      -0.1319959963100601
    119.9737897285999964      50.6798053978999974     112.5277024157999932      -0.1181241889015565
    122.7335455623999962      66.2927215156999949     106.2572136403999963      -0.1779201568138866
    119.3031259753000057      78.2658364068999930     110.1884106145000004      -0.1223795204126148
    100.3406705426999963      73.8916876610000060     112.3060375573000016      -0.1287040992477033
    101.0782305959999974      69.1819235796999976      92.1940618058000041      -0.1059586536526496
    102.3503941315999981      76.4086137052999987     114.8724744224000034      -0.1166743656551157
    111.1774931969000022      57.5164560794000010     119.9856950024000071      -0.1167404412765833
    108.2298985998999967      74.6128070982999958      97.4595943005000009      -0.1429780668606586
    103.0495927472999966      67.5029020388000021      94.9950136660999931      -0.1299722107932659
    108.4542090747000032      50.3097970493000020     110.8380984094000041      -0.1198359837605087
    116.6890680152999948      78.4249513351000047     106.0219427547999942      -0.1376750711737573
    113.1036908970999946      74.8240784638000065      98.0236775080999934      -0.1504080577454960
    123.9408914965000008      70.2673821875000044      98.6461532487000028      -0.1366943387463548
    117.5662788191999937      67.6079708036999989      90.2604941743000069      -0.1232403428974207
     95.7478804999999937      56.3589989114000005      96.6027925372000027      -0.0924671589951140
    120.1374399992999997      59.8627398669000002      91.1628383337999963      -0.1293304393829660
    113.4124721235999971      76.3366151450999979      99.2072128947000067      -0.1458216624202517
    116.1461497387000037      73.1688674704000022     112.8294916561000036      -0.1617282320801721
     96.3954895962999956      66.0797493967999969      99.3466746727000043      -0.1091000875324548
    106.2473870652000016      70.7205384795999947      95.3536836587999943      -0.1390975287051912
     99.4045002879000066      59.8241894566999974      94.1446369713000024      -0.1071326422912131
    121.2253552508999945      58.4101074993999987     116.7822315064999970      -0.1229574550638528
    124.1897684091999992      69.1242869369999937     108.9423252975999930      -0.1421209227497329
    102.9802398036000000      64.6240934677000070     114.3299340911000002      -0.1580202809113906
    119.2779926195999991      78.6292307144999967     104.5237679909999997      -0.1250310170419056
    111.8525033199999967      52.7768343274000031     114.3201075159999931      -0.1277449215952817
    102.9052176817999964      59.9358722626000002     118.5674556479000046      -0.1148413174588967
    116.8313643821999932      55.1781091411000020     112.2134409839000000      -0.1578522416254611
     98.9946187209999948      59.9625173991000011     110.2141108879000058      -0.1230071906687122
    104.3986681306000008      53.5690074617999983      99.3385488508999970      -0.1320048983982041
    112.8400741216999990      67.9371610710000056      91.3382049055999943      -0.1326909329321833
     97.7472105959000004      50.9666658029000033     103.7880976637000003      -0.0942233001213175
    105.0396631858999967      56.1755065178999970     113.7371270484999997      -0.1324028648844759
    122.3459627621000010      67.6501116933000048     104.7730228488999984      -0.1780704381596543
    113.9162730721999992      63.2810652076000011     119.0954450890999965      -0.1348914652990763
    103.5824954760999930      76.8264321213000017     100.2896479409999984      -0.1274068844792371
    113.5823584900000043      49.4477040533000007      96.5444000041999999      -0.1200129083822414
    113.3894174665999941      69.5931279547999964      90.0535691784999983      -0.1196301842084893
     96.0874642601000062      61.2110593597000019     104.3948886785999974      -0.1078829241482531
    102.0714705756000029      61.1908392917000015     112.5811816612000058      -0.1470513657052770
    107.7980962114999954      55.0014197611999975     113.4929744507000038      -0.1373190047060628
     99.6123701467000018      66.8883631472999980      95.6713465975000048      -0.1157767420365339
    125.3283283173000058      64.6324082621000002      97.4427757392000018      -0.1427698462704985
    123.4669482185999954      55.6856895417000004     101.8025625675000043      -0.1652210624434876
     95.1902223608000071      57.6168005294000025     107.0040333511000057      -0.0990502872510852
     98.6142168795000060      68.7862149575999950     113.2361606889000001      -0.1269433677824923
     97.8519014156999987      58.5658209209000020     113.8433296489999975      -0.1064597507813572
    119.4847286427999933      73.7994690328000047     101.9303080443000056      -0.1547601052841987
    121.2310244288999996      70.0351348635000051      94.3534516929999967      -0.1318079011212037
    104.0740132058000000      67.0996345127999945     117.5887665583999961      -0.1367021823243189
     99.5382928878999991      64.6093536049999955     113.8040233484999959      -0.1307848054726142
    116.8101994511000044      51.4258692181999990     104.0050382072000019      -0.1601465071296939
    117.0403680765000018      55.8551979627999984      93.8171474573999973      -0.1460053112352373
    101.4297196299000063      64.4916236759000014      93.2269860311999992      -0.1156296230441338
    123.7687374589999934      55.4260411907999995      92.5602907023999961      -0.1138899886991904
    115.5300990665000000      78.6500177002999976     109.5993830238000015      -0.1350955247279213
     99.5333796003999964      54.4617140188999969      94.2831538861999974      -0.0981147421410169
    126.0479359737999943      68.9099920098999945     104.9156971610999989      -0.1360159854577088
    103.0318293229999966      62.8702387777000027     119.3577390564000069      -0.1167693483264198
    101.0345779257000061      52.2119952294000029     100.0358577406999956      -0.1088572756638717
    110.7778161502999978      54.9772312684999989     115.5172489297000027      -0.1328991265257766
    104.9901523650000001      80.2462692428999986     106.7530777398000055      -0.1218051977334902
    105.1645740737999972      66.4833948679000031     115.8715725526000000      -0.1607881476872155
    105.9771562489000019      72.4749600874000066     116.9094100654999977      -0.1366335689558120
    116.9693143794000036      72.1397226969999963      96.1082512459999947      -0.1471931012536771
    114.6916276453000023      52.3658189248999975      99.6560228169999931      -0.1594662143945591
    101.7551304450999936      53.3401616446000020     102.9031389831999945      -0.1196993827701380
    122.2276659152000065      74.6133740160999963     103.2317623325999989      -0.1342206977679314
    120.9978322418999994      52.3448429664000017      93.0639026783999981      -0.1135771437633961
    107.7992300470999965      54.9110908589000033      97.4987116284000024      -0.1513552094880897
    111.4567946979999959      81.8264581146000012     105.6942642684000049      -0.1192081462364598
    121.3778561382000021      63.2495067835999976     117.9580190166000051      -0.1213511095607798
    125.7521938566000017      54.4685170324000012      95.9553724135000010      -0.1167425233210126
    125.0919235962000045      61.6405940769000011     105.5702982435000052      -0.1658345712753651
    110.2065519840000007      51.0626638832000026      99.8920495929999959      -0.1376109139367845
    107.9689274409000035      65.6985916648999932     119.3533926866000030      -0.1339688316410665
     97.8426417584000063      57.2479260164000010     107.5796438872000067      -0.1098785941948561
    127.3592168372999964      57.0931574580000003      96.7598287669000001      -0.1187994528429543
    125.5635992028999937      70.6623349191000045     105.4425527667000040      -0.1324161862253224
    123.5926149967999947      53.7120597191999991     113.1607606218999962      -0.1180079328347903
    118.0589303844000000      69.9009643182999980     116.5830543872999954      -0.1369031476483649
    107.2570676609999936      49.7033839795999981     102.8577855595000017      -0.1227047054451127
    101.1861339499999985      78.2125461339999930     109.5464706961000019      -0.1174609837437686
    105.0508125693000068      65.5413664625999957     120.4089936238000007      -0.1188291585117822
    119.8422647998000059      67.3966994382000024      96.7227901374999988      -0.1732623701733083
    126.2185782306000021      52.2469551602000024     103.1123316502000051      -0.1198678459615712
    111.2570506609999939      63.3579770553999992      88.7804607799999985      -0.1185383242883633
    122.7244748776000023      59.2669092626999969     115.9002963875999939      -0.1238106257120180
    110.3779501310999933      47.3865799175000006     104.8132740125000026      -0.1151892799939738
    116.3982391856000049      79.6999494596000062     102.0915016711000050      -0.1239027022351742
    102.4633997457000021      53.4518444504999977     101.0744511440999958      -0.1232637573086262
    111.8237794850000029      79.9059295923999997     108.1720729846000069      -0.1341103443399945
    110.1232150679000057      60.1271125326999964     119.1663098136999963      -0.1294897196287197
    114.6247313453000061      54.9207284614999978     117.4228486166000067      -0.1220311300037480
    103.4239474656999960      51.9531027689999974      95.0794844178000034      -0.1062316263009073
    113.0099604881000062      51.5734568179000021     109.6883891179000017      -0.1421723127641457
    120.0289697274999980      72.5656669348000065     107.9129915516000011      -0.1624507747591259
    124.5435251142999959      67.3434091653000024     108.1775531899999976      -0.1480481829460771
    122.0082687280000044      50.1752485589000017      97.8382953886000024      -0.1181569562614770
    112.2140079017000005      55.0479070204999985     113.5579810246999983      -0.1475008480650146
    102.2400341337999947      52.3531577608000021     114.5145603202000046      -0.1027504256073506
    121.2191191551000031      63.2404360988999983     112.7032579601000037      -0.1585982388287182
    106.9106808872000016      50.8058501212999971      96.4021036371999998      -0.1157779896801108
    120.5545025249000020      53.3652950003000015     112.2011577649000031      -0.1334789980764937
    125.8069959103000031      65.1377209914000019     105.2150297576999947      -0.1509022109373603
    112.6002678937000070      53.4250103414999984      91.5766883253999993      -0.1174111650678391
    114.6572346323000033      60.1779461618000013      92.4601352250000019      -0.1522586791318634
    117.7818965544999941      63.9069424551000012     120.0066709607999940      -0.1203737956960875
    128.5950976338000089      63.3043088372999989     105.0676311306000059      -0.1282249915795033
    109.6819640494999959      52.2650965297000027      94.7234600416000063      -0.1238860229363441
    116.6214158248999979      62.4295546772000023     116.0696158362000006      -0.1538662740981120
    122.5623363878000021      53.6500767066999984     110.9643321054000040      -0.1327292294154754
    114.9102689422000054      75.8983876883000050     114.2979977219000034      -0.1369041152321504
    122.2709406403999992      64.4884111418000003     110.3068964339999951      -0.1668115975860953
    122.3363251595999941      71.2613780574999964      98.0425747679000068      -0.1392010022490640
    121.8293116768000033      64.5163790863999935      95.5855530375999933      -0.1618144464087212
    122.8705506966000058      66.1234020671000025      99.7584459656000035      -0.1761016214189670
    103.1873537719000069      50.2020826679000010     107.1153382117999939      -0.1096718610809146
    118.9002363944999985      73.5959455437999992     116.2922255576999930      -0.1232410878460399
    110.5340414978000041      51.6339280494999997     109.5011172723999948      -0.1378216192842849
     93.4688709577000054      57.6126431321999988     100.0252752752000021      -0.0898899336675010
    116.6484389065000045      47.5944497763000030     104.9848611322999972      -0.1207223784198197
    116.4615450061999979      75.8845926885999944     109.2499726884999944      -0.1581963067508596
    112.9891735022000034      72.0677241367999954     118.9557943386000005      -0.1267472749212004
    122.3384038581999960      75.5752445443000056     107.9318888115000021      -0.1272442776112763
    106.0021006319000065      53.9227641669000022     117.1711371149999934      -0.1104599460352649
    107.3037438929000018      73.2130870584999940      92.1774322171000051      -0.1148986485762027
     96.7775921912000001      54.2740642281999968     103.2436676063999954      -0.0985676890083340
    128.6776786595000033      60.3722099933999985     101.8868443466000002      -0.1272777271934293
    100.6532312212000022      54.3029770357999979     111.5263366143999946      -0.1103092358038271
     97.2141188945000039      66.2522813795000047     109.3106328928000011      -0.1257387322351242
    107.9796988789999972      77.0509315687999958     113.4565027392000047      -0.1380077767334988
    118.1725029163000045      73.7973903342000028     109.6443585023999958      -0.1632557480260015
    117.0707926649999990      66.6655644532000053     116.1006073423999965      -0.1521383968572838
    115.6854345426999942      53.0344039797000022      93.7508180752000015      -0.1292833304254266
    101.2607781265000000      50.1024941084000019      99.6968408983999979      -0.1012200707122970
    109.3852770693000025      51.3310049735000007     104.7960775060000032      -0.1422857138734717
    115.0911157193000065      54.5573341539000012     114.9998419540000043      -0.1347787909888183
    108.6917476314999931      70.3051767073000065     115.9297761130000026      -0.1639466760597106
    114.7161940831999942      57.3410895076999978      91.0704307329999949      -0.1302981406513499
     94.4437805952999980      64.9054736674000026      97.6304255297999930      -0.0966425309373840
     93.8617449908000054      66.7532477391000043     104.1771922446999952      -0.1028248457242480
    102.9299730923000027      65.7220242670999966      92.1521098889000001      -0.1161204076828444
    109.8743381551999931      76.4295896636999998      96.6619409606999938      -0.1298631512586370
    107.0578905418000062      76.1665398061000047     116.7125006174999982      -0.1226121605654411
    121.0405400492000041      64.6875882610000019      90.1917081482999947      -0.1197956010793719
     98.0293466859999967      69.8712956203000033      96.8552599293000043      -0.1092398069047356
    124.2785855306999991      67.4713436148000056      99.9910712348000033      -0.1529905343913622
     96.9229121197000012      59.0705667324000032     100.8864234082000024      -0.1060036572978538
     93.7443930068999975      65.4491478343999944     100.1959175319999957      -0.0976632399929978
    108.5314988676999945      58.2360637358999966      95.0295956517000064      -0.1565037074179187
    118.9607076262000049      69.0853585816000049     118.8106633826999996      -0.1208397675640116
    108.4285088012999978      75.4648845465000022     112.4664752937000003      -0.1609095237328919
     97.3662418365999969      58.8630748189000030     111.0922665548000055      -0.1095457164922911
    111.4743691496999958      49.2275509756000034     104.6157976467000026      -0.1304425414663708
    111.6586174335999999      77.9419373724000053     108.5305540046999937      -0.1551080305125323
    123.1360571980000032      56.6417019192999973     109.6069419277999941      -0.1542103349469350
    100.5799098528000002      63.0741402119000014      95.6465911869999985      -0.1218845489171887
    118.3013822287000067      72.2349648868000003      93.8522963607999969      -0.1287555059158931
    112.8568926829999981      52.5375950172999993     100.4211728698000030      -0.1613010386990634
    127.2348728671999964      53.9528108100999972     107.4978187518999988      -0.1181043035025011
     96.9310379414999943      64.2794074474000041     102.7578190546999934      -0.1157179720016863
    110.0568856856999957      81.6616740083999986     109.0385123503999978      -0.1183547431589487
    115.2402150997999968      68.8304345458000029      94.4968818954999961      -0.1568287016931116
    122.1586909166999959      65.5064065317999962     114.6109363455999954      -0.1371709319740830
    122.7872137804999966      66.0294826854999997     103.8733243057999971      -0.1857560935884965
    101.4546640129999986      77.7763973758000020     103.7886645815000008      -0.1211497032419020
     96.9463447220000063      66.2435886399999987      94.8168125053999944      -0.1009949167293556
    110.9783160777000006      65.3478585213999992      92.7592788489999975      -0.1485947630599025
    114.7231860692999987      60.2828259540999980     115.8553209091000014      -0.1568366296375938
    118.3233030501999963      51.8533252368000035     102.6236485095000006      -0.1615153688495923
     96.3117747350000002      70.7350893697000060     112.1533476973999939      -0.1114788408475675
    112.5532137165999984      47.1998749899000032     105.1955655799999931      -0.1167760481624800
    102.9700352832000050      60.9047347770000016      94.4513394992000030      -0.1292528690575701
    121.0142728579999982      72.8682120656000052     102.9379099413999938      -0.1531816568378108
    104.0607851238000023      76.4031334998999938     112.4693098827000028      -0.1349928842610923
    109.5785960380000006      49.5384109008000024     104.0447224529000039      -0.1285443377750521
    112.2175983810000020      54.9640031866000029      93.1141693896999953      -0.1337021634799918
     98.5017781832000026      65.7065285139999986      99.3797448775000021      -0.1210875369491724
    109.7373330209999978      77.2070229354000048     110.4711136223999972      -0.1565109498528834
    104.6488678515000004      73.3638871924000000      93.0903588422000041      -0.1126790948856105
    125.5513159839999986      71.1551754568999968     107.2895709480000050      -0.1285969610332023
    115.5440830387999966      47.8920816194999972     109.1021961162000053      -0.1173844390381618
    121.5532227098999982      62.9033089825000005      94.4813861423999981      -0.1559865065560340
    105.6024235853000022      73.4500586974999976     113.8198970467999942      -0.1570080277508819
     98.3352933235999984      54.3859360066999997     108.8727833811999943      -0.1041460244795225
    110.6761488921000023      68.9821795426999955      91.9646490707999931      -0.1320629485691205
    105.0638516786000025      75.9435521394999995     107.4112693016000009      -0.1640878874883889
    117.8185572385999933      49.3976263145999965      96.1063615199999930      -0.1169049855737194
    102.2704587222000043      53.8503876615000010     112.9493002837999995      -0.1121078434942255
    121.9631042767999958      66.2469901468000018     111.0986916231999970      -0.1597342291207848
    121.4375714794000061      67.7262676505999934     100.5018641694999957      -0.1839250093081333
     96.4077728152000049      61.7690954441999978     106.1795459023000063      -0.1117996267538217
    125.4483259176000018      68.4944412650000061      97.9788910020999992      -0.1317960848684390
     99.6354248037000048      52.4901628949000028     106.8577685596000038      -0.1051484837317140
    123.0355237753999944      56.8151787651000006      93.8642016345999934      -0.1290791151023196
    100.6341449887000010      70.6904918363999997      93.6281748586000049      -0.1077975196119185
    105.8153957043000020      56.9191136943999965      93.3411254809000042      -0.1262962257250457
    115.2205619494999951      72.8634877506000009     100.0122361659000063      -0.1790284996493821
    108.9190816679000022      77.4651595054999973     100.4725734167000013      -0.1422041368506992
    125.5539616004000010      65.1802398261999940     103.0575295965000038      -0.1551689939747956
    115.3670157135999972      49.4501606971000029     112.8381843956999973      -0.1159974604588401
     97.9503561397000055      64.9561183239000002      95.9820175499999948      -0.1088398370461627
    108.6942042752999953      65.7256147464999998      90.7008003295999998      -0.1257183560122970
    121.3224871667000002      55.2633357831999987      96.5415654151999973      -0.1497887735207915
    125.7276274186999956      52.7866609025999978     100.1140923966000003      -0.1219054012210981
    120.6198870440999968      59.8712436337999989      89.3184657689999995      -0.1148006793383480
    105.7804357735000025      49.4195471361000003      99.3343914537999950      -0.1123455039857975
     93.7107558842999993      56.0477610411000029     101.1638351832999945      -0.0894539971451414
    125.0690579116999999      66.1542046006999982      94.1446369713000024      -0.1238998957674733
    124.5713040863000032      72.6399331661999952     105.5723769420999929      -0.1305025408856588
    119.3751245355000066      51.0524593628000005      98.2502556541000018      -0.1340421564746102
     95.6074738589999953      71.2604331944999956     107.5348573813000002      -0.1118271797686665
    119.0041713238999961      51.7618624989000011     111.1419663483000022      -0.1335812031539767
    112.4861284440000020      59.0031035147000011     120.5225661557000052      -0.1175833457334452
    121.2366936068000030      68.1200865466999943      95.3533057135999940      -0.1473947960454680
     96.2913656942999978      70.3206724604000044     103.0648995277999944      -0.1143671862334834
    123.8481059504999990      65.6245144061000047     115.5043987929999929      -0.1231359964304666
    123.9219942365999998      69.2119702229000069     104.6568047006000057      -0.1526133481814380
    107.6221627219999988      78.9593658447000024     114.0765218359999977      -0.1206300842682051
    126.1312728899000035      55.3529087950999994     105.2101164701000044      -0.1359939402002164
    102.2349318737000061      74.0422988222999976     101.1965274429000061      -0.1400141737151444
    107.9271644964999979      73.0860974720999934     116.6939813027999975      -0.1404518725757846
    100.6309324544999981      49.6058741184999974     107.5027320395000032      -0.0985816815548821
     94.4919686079999934      59.8693539077999972     106.3469756247999953      -0.0998074819502355
    118.2635877090000065      52.9898064463000011     109.8070639099999966      -0.1541936457417261
    121.7066684602000066      48.8097325594999987     102.9643661053000017      -0.1196067105217677
    107.5900373802000018      63.2814431528000014     121.4009107952000051      -0.1161633807385840
    120.0257571932999952      74.8543140796000017     109.3121446736000024      -0.1425430518124866
    111.2413659352999957      69.1819235796999976      89.9467996601999999      -0.1187566499864534
    113.3588039054999967      65.9896094670999958      90.7455868355999939      -0.1327746957031195
    112.5503791275999959      65.9000364552999969     121.2508665516999997      -0.1205141113835984
    123.8460272518999972      55.5777861876999992     106.9093580791000022      -0.1555172251675723
     99.7465406918999946      77.3859799866000060     107.6958620354999994      -0.1164409350966302
    117.7790619655000057      52.3712991303000024     114.8038773690000056      -0.1210836396823884
    125.1826304436000044      50.9455008719000020     105.4890400259999979      -0.1179907630436148
    117.3761723846999985      49.5741267219000008     111.7551824316000051      -0.1192025882052565
    106.0347928915000040      54.4448954575999977      94.9494712698000001      -0.1258917516551961
     94.7113657951999954      58.6047492762999980     101.7245168840999980      -0.0969094568768094
    114.7224301788999981      52.6681750831000031     110.8883651207000014      -0.1476577364064546
    104.0549269732999988      64.5188357301999957      89.4549039853999943      -0.1070196559240095
    112.9190646680000043      79.2118332367000022     114.3839802544000008      -0.1189928306527808
    124.8254722318000063      60.9230651191000021     100.5761304008999986      -0.1682344630490729
    125.3587529058000030      54.4010538145999973     107.0546780076000033      -0.1339211469983725
    103.0027275428000024      67.8052581970000006      92.6351238515999995      -0.1166675261195298
    100.7981732045000030      74.0353068361999931     102.6999934394000036      -0.1355721393382439
    104.5519249082999949      52.8828479554000026     110.3358092416000034      -0.1226362827346090
    102.4376994721999949      62.7402256296999994      94.6894449737999935      -0.1287209708116421
     98.0941642874000053      72.1773282441999982     109.2535631678999977      -0.1266725575925642
    124.2515624490000050      64.1813306685999976     111.0123311454999993      -0.1455848787626319
    118.1228031227999935      63.7695593756999983      91.0343369665999944      -0.1352640341592295
    109.2065089908000033      47.5298211475000016     108.3933598978999981      -0.1106664737046197
    109.1745726216000065      51.7287922941000033     115.5595787918999946      -0.1134237414649890
    111.8850066069999940      74.8329601760000003     113.5959645171000005      -0.1579471256719778
    110.1220812323000047      78.0190381926999947     106.1925850116000021      -0.1573131869000592
    115.8666592649999956      67.2143408803000000     118.3947346925999966      -0.1360425915484855
    115.7406145415999958      80.8995475172000056     108.5369790729999977      -0.1192754470985156
    126.3792049396000010      59.3974893285000007      98.4938413339999954      -0.1384189667403017
    110.9820955297000040      79.9645110980000027     106.0684300141000023      -0.1352027015260910
    118.7076733163000029      70.2309104759000036     113.6913956795000047      -0.1539446273160863
    108.4893579781000028      74.9253677768000017      94.0337100556999985      -0.1207561974786744
    119.3790929599999942      60.7492103280999984     114.2235425179000003      -0.1550421003660389
    108.1582779848999962      59.5904303518999967     116.5739837026000032      -0.1463211176121142
    112.9706541875000028      51.6511245559999992     113.2510895241999975      -0.1269391291549757
    100.1813666417999968      69.7280543904000041     103.6573286252999964      -0.1503562230658808
    103.4311284244000007      79.2893120022999938     106.0822250137999987      -0.1228974090929649
    115.3539766043000014      81.1569281967999956     106.3148502829999984      -0.1198484998915879
    119.5992460376999986      77.6187942284000059     102.6536951526999957      -0.1282075029207626
     99.5150492582999959      60.9124826534999997      96.2953341189000014      -0.1158570992281289
     96.7050267131999988      62.1355133133999971      93.7413694452999948      -0.0966063417380125
    108.1159481228000061      54.7544325745000009     115.5718620108000039      -0.1263758233986181
    126.5660988398999933      60.9466866938999985     108.4186822262000049      -0.1391848050368161
    125.6046062568999986      67.6907408019999934     112.1159311228000064      -0.1253811408874519
     94.4685360057000025      57.5276054627999969     110.0608541101999975      -0.0948977008279481
    115.2772537291999981      48.3552534593000019      99.8208069231999957      -0.1225655714480531
    111.9180768118000060      57.7757264851000016      89.6828049396000040      -0.1195178250587219
    104.0456673159000047      54.6119472349000006      94.9354872975000035      -0.1186070886663968
    127.4888520400999994      59.8523463738999979     111.0888650480000024      -0.1214471691226215
    118.8726463951000056      62.4297436498000025     117.2170574565000010      -0.1352467546653955
     98.1875167512999951      55.9124566603000019     101.8675691414999989      -0.1075656955079571
    101.6530852417999995      66.3322167887999967     116.3054536396000032      -0.1331049958230777
    102.3449139261999932      61.7698513345999984     116.0801983016999941      -0.1313340544104165
    123.5306319844000029      57.5578410785999992      97.5374510112000053      -0.1546141449510117
    109.3643011107999996      67.6446314878999999      93.1899474017999978      -0.1425308279706066
    100.5345564290999931      77.3064225223999983     111.3332066183999984      -0.1157808253504991
    119.4817050812000048      68.2017227094000020     116.5286302787999944      -0.1348273607799388
    104.0451003981000042      74.4081497737000035     115.0083457209999978      -0.1334664146374367
    108.5006963340999988      81.3973013426000023     104.6775916864999942      -0.1202019065793483
    115.1999639362000067      49.5089311752999990     105.6156516672999999      -0.1369357231594019
    107.9018421683000071      81.3699003156999936     108.3661478437000056      -0.1192790615554831
    118.2307064767999947      77.1051667046999967     105.0217107889999966      -0.1414301077376683
