1448
    104.7788809995000037      68.1406845598999951      91.8588244154999956      -0.1163535533320115
    106.1793569297000062      59.0728344035999982     117.8153447045000064      -0.1258863550990359
    112.4804592659999969      57.4682680666999985     117.4147227949000012      -0.1322981175351217
    103.8946782093999985      71.3333766176999973      98.0495667540999989      -0.1421979048907467
    111.6283818178000047      80.1689794499999948     113.1872167858000040      -0.1209306369076186
    104.3236460088999991      54.2806782691000009     114.6243534001000057      -0.1151055422571980
    125.1871657859999942      53.7897274573000033     104.6010577840000053      -0.1364844209131357
    100.2947502012000029      71.6345989402999948     105.0731113358999949      -0.1516947573045044
    106.1217202870000023      55.8081437856999969     118.0594973022000005      -0.1125984431768696
    106.3301570635999980      74.9257457220000020     112.2107953674999976      -0.1670424857499722
    102.9021941201999937      76.8853915722000067     109.9191246610999997      -0.1372405322818295
    104.4978787449999942      70.4281978691000035      96.0678111099000063      -0.1347111539255685
    107.4520873830000056      68.9723529675000009      93.7812426636999987      -0.1340282781186772
    127.1526697867000024      59.1295261833000012     105.1696763340000018      -0.1414187342888917
    119.1804827585999931      64.4997494976999945     117.3028510163999982      -0.1355710084409107
    100.7089781379000044      63.1962165107999994      91.3213863442999951      -0.1039027426789962
     92.6324782351999971      60.2588264341000013     101.2080547715000023      -0.0914942803295098
    102.1296741360999931      48.9165020778999988     108.8531302309000068      -0.0991314070927114
     99.5496312438999951      66.7090281509999983     117.1563972521999943      -0.1159790906505478
    116.2463052160999979      77.5037099155999982     111.3812056584999937      -0.1383189028916485
     94.0463712198999957      59.7151522671999970     110.1880326693000001      -0.0966609091123516
    100.8098895056999993      71.2226386746999935     115.0130700360000020      -0.1306138575416087
    108.5469946208000067      65.1358312655000020     121.4872712729000028      -0.1178259314202847
    125.8000039240999968      52.2804033102000005     108.3778641448000002      -0.1179487314839571
    122.9151482298999980      50.7068284794999968     110.3598087615999930      -0.1173616622604907
    117.0617219802000051      70.8696378600999992      91.8287777721999987      -0.1217065858516886
    125.1869768133999941      62.9758744605000018      95.8952791270999967      -0.1378406891710666
    128.5336815391999892      62.7736737796999975     107.2478080035999994      -0.1272475622948539
     99.2697628248999990      56.3317868572000009     114.6390932628000030      -0.1039652168202005
    110.2815741057000025      51.2644866186999977     112.5662528258999941      -0.1227559321547735
    100.4714395811000003      65.3686455073000019      91.5706412021999938      -0.1037373372031061
    102.3280953648999940      59.8731333598000006     115.4237074933000002      -0.1264768853739646
     95.2824409889999941      53.0963869921000011     103.2345969216000015      -0.0912558946828934
    127.2464001958000068      54.6952841510000027     101.1558983342000033      -0.1236955174637293
    124.0151577279000037      57.6668782680999996     114.7511540139000061      -0.1223432755963616
     97.6727553919999991      56.1097440535000018     103.7480354726999963      -0.1077413872481019
    101.9611105779000013      72.7780721360000058      99.7650600065999953      -0.1359546764227435
    116.8978827370000033      70.6345559470999973      94.2455483390999973      -0.1383716837774713
    112.2493457775999985      77.0033104739000009     102.7959915196999958      -0.1586173690622878
    111.3044827833000028      62.1459068062999975      90.8550019702999947      -0.1318447374122895
     97.4788695055000005      70.9006293662999951     107.9681715505000028      -0.1274851794073646
    121.6242764070999982      50.7820395739000006     103.6641316388000007      -0.1355034726790114
     99.5093800803000050      74.2531922426999955     109.6861214466999996      -0.1305814049523271
    122.5574231002999994      68.2799573653000067      93.4274859586000019      -0.1252650974202245
    117.6938353233999948      72.7493483008999959      98.3744106514999999      -0.1508176923656261
    100.9024860791000009      58.8963339963000010      95.7529827601999983      -0.1203066862343185
    101.3747286036000048      54.9674046933999989      95.4910667381000025      -0.1105016974982256
     96.0029935084999977      58.4792714705999970     112.3502571453999934      -0.1002598584676253
    113.7760554038000009      79.4799853545000019     108.8219497520999965      -0.1360824978047122
    114.2397941613999990      58.1965684627000002      88.9346624206999934      -0.1161344717166308
    107.1786440324000012      64.3434691583999978      90.6724544398000063      -0.1205398922206706
    101.3112338103999974      69.2592133726000014     116.0509075488999997      -0.1313824775691348
    119.9598057562999998      78.2560098316999984     107.5862579281999984      -0.1239143581550008
     95.5114757788000048      70.3301210902999969     105.8838037849999978      -0.1129992687113779
    108.1318218211000044      50.0869983552000022     113.8711086211000065      -0.1086938833124753
    125.7312178980999988      70.5079443058999971     109.1828874158999980      -0.1264533955033098
    104.7110398365000066      63.0312434319999966     120.3793249258000060      -0.1154703778544945
    100.6042873181000061      69.0449184455000022     117.9111538120999967      -0.1164464170351813
    115.6068219416000034      49.3821305614999986      95.9532937150000009      -0.1175769223442966
    115.4664153006000049      49.7296511707999969     103.1187567184999949      -0.1386458045513415
     99.1784890596999986      66.2322502840000027      92.9401256260999986      -0.1038537514445759
    109.0494727611000059      58.7290932463000033      90.3100049952000035      -0.1197051465791592
    104.2798043659000058      50.1661778742000024     109.1501951563000006      -0.1101216820688693
    113.3181747967999939      81.4891420256000032     104.6201440165000065      -0.1199077092043082
    115.4318333150000058      69.9810887002000044      92.9701722692999937      -0.1341865083530038
     99.7786660337000058      49.9528278100999970     104.8406750392999953      -0.0981974230459564
     99.4464522048999982      62.4015867326000020     115.6277979001000062      -0.1173158462649457
    112.4362396779000051      71.5797968865999934     117.2049632101000043      -0.1469405078830697
    107.1308339649000061      47.6364016931999998     109.2864444000999953      -0.1053274178764285
    116.5133234982999966      51.7548705127999966      95.4292726982999966      -0.1305341050069462
    121.0344929259999986      56.8403121206999984      92.3650820077999981      -0.1282125690907430
    114.8127590811999994      61.6405940769000011      88.6351408514999974      -0.1179076704006228
    107.8899368944999964      56.5995610298000003      96.0215128230999966      -0.1513848218825302
    112.6184092631999931      70.2596343109999992     115.5248078336999953      -0.1716627738682206
     94.9490933245999997      68.3137834605000052     104.4039593634000056      -0.1096713032945775
    112.5314818676999948      51.1637642235000030     104.5681765517999935      -0.1495471824593100
    120.7430971785999958      60.6681410831999983     112.7607056301999933      -0.1634759112010968
    115.4635807117000041      54.9520979129000011      92.1488973546999972      -0.1288310994810109
     97.6177643656999976      59.9906743163000016      95.6290167352999987      -0.1041620706892710
    103.7274374594999955      69.7873917863999935     119.3057715916999939      -0.1200034252396538
    103.9708341668000031      51.9154972218000026     105.5219212581999955      -0.1228142610496992
    103.4547499993000059      74.0636527260000008     117.5335865595999962      -0.1194230893308994
    100.0919826025999981      53.2519114409999972     109.1789189913999962      -0.1073953642072931
    121.7159281174999990      61.0532672396999985     117.4387223149000050      -0.1227055715028849
    107.1820455392000042      56.5186807573999985     116.4258291849999978      -0.1261671704395706
    109.9811076735000057      68.9869038575999980     120.4847716360000049      -0.1249921833895637
    109.3350103580000052      79.7335865822000045     113.6443415023999961      -0.1219888324372542
    121.2608820994999945      54.5070674425999968      91.3888495621000061      -0.1132076757847056
    114.0421288229999988      51.2745021664999996      93.1840892512999943      -0.1163439840461109
    108.2166705180000008      60.8710976544000033     119.2131750182000047      -0.1270718077607915
    101.3454378507999962      62.5314109079999980     117.8794064155000001      -0.1166337068494059
    117.1063195134999972      51.7858620189999996     111.6134529824999930      -0.1349280967923239
    113.0288577479000054      49.7423123348999994     113.9300680718999956      -0.1128226518030511
    120.7429082059999956      66.7154532193000023      91.0541790894999963      -0.1215207819469795
    122.9828004202999949      54.1266656011000009     105.7998999511000022      -0.1568304354654870
    122.4931724166000038      62.7749965878999987      90.3876727332999934      -0.1167946384067644
     97.3477225218999962      52.2966549536999992      99.5972523388000042      -0.0945609828625944
    106.0729653565000064      79.2847766599000039     112.5577490590000025      -0.1238405852059605
    102.6482149474000067      79.1027960472000018     107.8717955250999978      -0.1220256035378977
    118.8752920114999938      74.0211338912999963      97.4518464238999940      -0.1336551187240396
    120.9141173806000040      69.5443730243000005      97.3363841660000020      -0.1510299549326035
    115.1037768834000019      50.9343514884999990     114.7313118911000061      -0.1161966961032697
     97.2292367025000033      68.1437081214999978     104.0432106721000025      -0.1249038705795922
    101.6060310646000033      73.9963784808000042     107.9585339478999941      -0.1547240960003293
    101.3494062753999998      73.1295611697999988     116.9997389677999990      -0.1168894443712158
     99.3846581651000065      58.6391422892999969     112.5566152234000015      -0.1160984174465050
    100.2010197920999985      58.1986471613000020     110.5705132094000049      -0.1226511916247404
    104.6539701117000050      65.2293727019000045      91.2631827838000049      -0.1161893431815484
    104.1210673828999944      72.8039613819999971     116.2342109698000030      -0.1357852548728173
    110.4796173893000031      57.4779056693000001      95.2185682506000006      -0.1600483737482676
    109.0545750212999963      73.6441335564999946      99.6855025424000019      -0.1668217834993015
    104.1473345741000003      59.3037589194000034      90.6070699205999972      -0.1094057606786931
    120.2542250653999929      63.5223832164000015      91.6061680507999938      -0.1330982650353638
    116.5463937030999944      71.4586654506999963      99.5167500116999975      -0.1734133834862526
    101.3505401110000008      66.0219237815000071     118.3176338722000054      -0.1183980656238797
     92.4387813214000005      59.1198885808000014     104.6923315492000057      -0.0910388695543283
    115.8677931005999966      75.7152732400000019      99.7811226774999938      -0.1441856036636073
     98.5497772232999978      61.3641271648000028      92.2840127629000051      -0.0990793388293643
    116.1300870678000052      78.4005738697999988     104.2115852576999941      -0.1375864642485265
     99.2569126882000035      69.9890255493999973     108.8920585862999957      -0.1472211709243307
    115.5977512567999952      80.3704242403999984     110.8265710807999938      -0.1205144308148967
    100.1794769158999969      73.4893649981000010      98.5333366071999990      -0.1178171096519467
    120.9683525164000031      65.4310064648999941     113.0307474739000071      -0.1578244807664664
    114.0417508777999984      68.8166395461000064     120.1665417794999939      -0.1255709231879045
    108.5789309900000035      71.3857220275999964     117.5598537508000021      -0.1440240090939895
     99.4952071353999941      70.4531422521999957     101.4427587392000021      -0.1335001938212947
    122.4398821438000056      64.7830194234000061     117.1652789644000023      -0.1227145627623258
    104.9463107220999945      47.5576001195000018     107.1293221841000047      -0.1025693154647520
    108.3430931866000009      59.9124396603999969      93.9989390974999992      -0.1489749925794879
    104.5500351822999932      72.7763713826000043     101.3902243568000046      -0.1664803001593782
    106.8725084223000010      63.6620339669999993     117.2338760178000001      -0.1480782719053160
    108.8956490656999989      80.0633437671999957     100.8586444361999952      -0.1220223892852799
    117.7456138154999934      79.7349093904000057     104.3569051862999970      -0.1222004987555172
    123.8654914295999987      64.5241269630000005     102.0319753025000011      -0.1800006606100713
    101.9233160580999993      72.1283843411000021     112.5781580997000049      -0.1522139800206315
    108.0528312747999991      77.1008203349000070     109.4941252863000045      -0.1642320208914700
     95.9277824140999940      58.5799938657999988     109.2435476202000046      -0.1033523228294291
     97.6561258033000001      53.9768103302000029     111.1797608681000042      -0.0978733376609284
    114.4529552528999972      57.9516599745999983     116.9536296537000055      -0.1370997102267975
    115.6767418032000023      71.4955151074999975     118.7586959180000008      -0.1271651688131472
    126.1257926844999986      56.9419793789000011     101.4784745604000022      -0.1438026150058445
    106.4046122674999992      53.7559013620999977      98.7933629032000056      -0.1410777528274245
    116.6947371931999982      73.2960460294000029      94.0032854673000031      -0.1249353695356339
    102.8940682985000024      55.5345114626000012      97.0196660903000065      -0.1262453315814014
    108.1648920259000022      52.9639172003000027     100.3788430076999987      -0.1475590893051475
    100.1624693819999976      58.2778266802000005     116.0418368641999933      -0.1089234399459560
     96.0927554928999967      64.1575201211999939     108.9111448187999969      -0.1150091162835825
    117.2728043731000014      80.3067404745000033     106.7965414374999966      -0.1210029862987900
    113.5216982857999994      56.5821755507000006     118.8597962583999958      -0.1196438827956712
    102.7015052202000049      57.6852086102000001     117.5473815593000069      -0.1111919854408603
    125.2192911278000054      55.0199390758999982     112.4842387180000003      -0.1193390811658972
    120.7447979319999973      52.7106939178000005     107.2200290316000064      -0.1545086028436060
    102.5862319348999989      53.3620824660999986     108.8013517387999940      -0.1189776868752528
    107.2701067703000035      80.6595523165999992     103.1922670594999971      -0.1216240588861091
    118.1273384651999976      66.6678321243999932     119.8065489786999933      -0.1212552537326133
    120.9318808049000040      68.2858155158999978     115.2940722904999973      -0.1369756030289624
    108.9997729675999949      65.7955346080999988      92.6464622074999937      -0.1374394966769419
    123.3386358239000060      64.7501381911999943     107.7079562817999943      -0.1742502186940573
     98.9492652973000020      63.2873013033999996      97.1024360886000011      -0.1182762853162345
    125.9989920706999982      62.6440385769000017      93.4968389024000004      -0.1190939462637335
     93.5338775317000000      61.8176614021000006     109.2845546740999936      -0.0979988961406857
    109.8269060328999984      56.5402236337000019     114.1583469713000056      -0.1471036364261913
    107.0705517059000016      66.4059161023999991      88.9040488596999978      -0.1086125378469891
    123.4011857542000001      53.0584034996999989     109.1558643343000057      -0.1334824658415146
     96.3340735017000043      59.8557478807000010     105.8677411140999993      -0.1082518469959561
    115.3579450289000050      80.8882091611999954     104.2979457354000061      -0.1205538628670029
    119.6840947345999950      58.8105404363999966     115.5737517368000056      -0.1390285243333853
     95.4067849590000066      61.9682725633999993      98.9855480363000027      -0.1023712259274667
    117.4751940265000059      54.0803673144000001      95.5265935867000024      -0.1482199006779084
    104.9096500378999934      76.0204639872000030     116.5051976766000053      -0.1218908032135229
     96.9516359546999951      54.6204510019000011     101.2212828533999982      -0.1001622439870173
    108.6437485913999978      71.0278079252999959      95.2658114002999952      -0.1413416198813078
    112.8512235049999930      58.2118752431999980      93.4083997261000007      -0.1527024357197657
    107.5034879299000039      52.9125166533999973      93.9452708795000007      -0.1175756835455113
    102.5779171405999932      74.9240449686000005     113.5419183537999999      -0.1343761921324136
    124.5612885385999959      57.6381544330999986     107.5698173120999996      -0.1592813465115750
    109.7452698701000031      81.1665657994000043     102.9904443238999932      -0.1206308011099635
    119.9329716472999934      67.2453323864999959     118.8284268069999996      -0.1212333363257914
     95.5895214620999951      65.9865859054999930      96.3410654877999946      -0.0994456548835876
    114.0821910140000028      62.9163480918000033      90.6830369052999998      -0.1337170714883484
    115.4735962593999972      58.7156761918000001     114.9310559280999939      -0.1567011532537830
    111.3437890839000062      78.9365001601999978     111.5093290804999953      -0.1374625359628725
    104.4852175808999988      57.0164345828000023     116.0231285769000067      -0.1217154299720464
    112.2990455710999953      70.9711161456999946      90.9169849827000007      -0.1179797240795581
    104.9022801066000028      57.2687130022999966      91.1189966909000049      -0.1107496652180364
    115.1547994850999999      79.4420018622000015     113.1048247326999956      -0.1212497858143990
    114.3150052558000027      52.9816806246000027      97.7022351173999937      -0.1539280190699870
    100.0466291789000053      66.8435766414000057     115.0516204461000029      -0.1302813787848347
    112.1988900937000011      49.2126221402999988     108.6203159891000070      -0.1248425448546771
    112.0968448904000070      81.0461902538999936     102.5013832380000025      -0.1205861965304464
    125.1506940743999934      60.3429192405999970     103.4626868483999971      -0.1708043531128336
    104.4343839518000010      71.8916016746999986      91.9098470171000059      -0.1086449733004944
    107.1019211572999978      67.8171634706999953     116.2922255576999930      -0.1639556934045032
     99.7805557596999932      76.6862144530000052     104.0554938910999994      -0.1190345743975421
    113.1078482942999983      57.2399891673000027     114.4178063495999993      -0.1546107931094198
     99.7008093228999996      62.0997974921999969     112.8844826824000052      -0.1284859319641392
    118.9790379682000037      56.2201040512000034     116.7707041780000026      -0.1243619453358207
    126.4338180207000022      62.2475740645000002     112.3534696795999963      -0.1262654268020480
    105.0521353774999938      61.5126596274999997      93.8564537580000007      -0.1354876999451697
     97.9543245642999949      68.3032009949999974     115.6043652978000011      -0.1138917909856012
    108.9230500925000058      51.0883641566000009      96.5910762360999939      -0.1226037469869983
    127.8652854569999988      56.4400681563000006     100.7463947124000043      -0.1250574960930289
    114.8254202452999948      64.3285403231000004      88.8284598200999937      -0.1184796844539493
    124.4390232670999978      66.6589504123000012      98.2045242851999944      -0.1466736254922818
    122.7473405621000069      70.9357782696999948     103.3638541792000041      -0.1506973607155420
    117.3049297148999983      50.7323397803999967      97.8388623064000029      -0.1335551241843023
    125.3787840012000032      67.2615840299999945      95.7439120754000044      -0.1260454393602428
    112.8534911761999950      59.5233450793000003      89.0518254320000011      -0.1182652498655035
    128.1687754508000125      61.5661388729999999     109.3898124117000066      -0.1250210613076943
    110.4204689658999996      69.2707407010999958      94.2385563529000052      -0.1437350426623638
    101.3996729866999971      65.8866194006999990      96.2305165175000070      -0.1286706857141198
    119.9940097966999986      74.8178423681000027     104.5698773051999950      -0.1463346463590609
    102.2390892707999939      68.3032009949999974      90.9536456669000017      -0.1044960448404213
    123.0003748719999948      56.9330976667000002      91.1877827169000028      -0.1138435245212905
    107.2064230044999960      51.1015922384999968     112.1331276293000059      -0.1164514304001720
    110.4575075953000010      77.5466066956000049     103.9504251261000007      -0.1589331774656007
    125.9536386470000053      56.2227496675999987      94.6078088111000000      -0.1165607511238287
    117.3368660841999969      56.3811087054999973      91.3748655897999953      -0.1278401657051704
    117.4663123143999997      54.6223407279000028     114.0546010145999958      -0.1384125401423777
    121.3818245627000039      56.3605106922000019     111.2578065513999945      -0.1564454821655676
    118.7152322201999937      73.7433441709000022     106.6706856866999971      -0.1662434524594030
     97.6472440911000064      62.0799553693000021      98.6469091391000035      -0.1135789147122770
    114.8679390799999993      54.9141144204999989     112.9823704885999973      -0.1507578430005889
    113.0617389801000030      81.7400976369000034     106.8022106155000017      -0.1195442810390377
    100.9744846393000017      63.9226271807999993     111.8290707177999934      -0.1507994939881669
    110.4189571850999982      50.4471801286999977     114.5769212777999968      -0.1116624340985375
    119.4287927535000051      50.7697563548999966      94.2073758740999949      -0.1147564094344018
    106.8851695863999964      61.0823690198999998     116.7918691090000038      -0.1437169382434966
    114.5427172373999980      77.2552109481000002     105.1485114028999988      -0.1577256414136343
    117.1813416353000008      61.9922720834000032      92.4357577597999978      -0.1515362520869434
     94.6949251790999966      56.0755400131000030      98.7364821510000041      -0.0917829474048188
    113.3843152064000037      47.1970404009000006     107.3379479333000006      -0.1147701757522759
    119.5045707656999951      53.5140164355999985      97.4603501909000016      -0.1518397811204206
    107.3192396459999998      73.7747136222999984      95.8247923476999972      -0.1307783674127609
    113.3990550691000010      71.4715155874000061      96.8758579426000068      -0.1582258495514086
    110.8216577933000053      61.1904613465000011      89.1929879632999985      -0.1184581271472362
    103.6662103374000026      78.0247073706999998     113.3852600694000046      -0.1213531365070812
    124.8628888063000062      62.3010533100000004     103.7949006772000047      -0.1745726505790266
     98.0312364119999984      56.0388793289000020     110.2670232156000054      -0.1057947033283453
    113.8144168414000035      80.7657549171999989     111.3122306598999955      -0.1201455423549502
    114.3745316244000065      56.1499952170999990      89.5306819974999968      -0.1153125046282799
    122.2677281061999963      56.1295861763999966     115.3961174938999932      -0.1219725187210852
    110.9919221047999969      49.8498377437000002     102.5896334417000020      -0.1331333767254854
    117.3671017000000063      75.4125391367000049      97.8615390182000056      -0.1322526819779819
    124.1644460809999941      52.7103159726000001     106.3883606240000006      -0.1343063890053413
    120.4322372535000056      49.1995830310000031      99.1042228282999957      -0.1199861578755224
    119.3337395363000013      61.7774102385000035      88.9395757082999978      -0.1158340439384347
    120.6656184131000060      63.4842107513999991     116.1213943282999992      -0.1375158658201343
    109.4680470675999970      73.6358187622000031      92.5920380990000069      -0.1166710643932172
    114.5319457993000043      77.5862909413999944     115.6363016669999979      -0.1230690339637635
    103.3105639064000059      56.4368556220999977     112.9370170649000045      -0.1263978391443317
    121.3264555913000038      71.1417584024000007      96.1878087101000006      -0.1334873438555828
    101.6101884618000071      55.9273854955999994     116.4426477462999969      -0.1061615473100632
     99.1299231018000029      67.4989336141999985     109.7883556226999957      -0.1459117352437698
    119.8968778809000071      50.5484694417000000     108.3039758585999977      -0.1331682417584945
    117.5445469703000043      52.0774467390000027     108.3122906530000051      -0.1545591355608593
    107.6265090917000009      49.7079193219000004      98.5032899640000039      -0.1168706624295215
    122.3212073516999965      59.0864404308000033      94.9914231868000059      -0.1518790583692766
    114.6254872357000067      47.6071109403999984     104.2610960786000049      -0.1206037381214484
    109.8852985659000012      80.6890320419999938     112.0830498905999946      -0.1208833183055322
    126.6475460300000009      58.4361857180999991      94.5344874426999979      -0.1175594169858831
    109.8476930186999994      70.8618899835000065      90.5872277976999953      -0.1144251627422586
    103.6767928029999979      75.8091926217000065      98.2281458599999979      -0.1231550604249172
    112.8149407660000065      78.7522518762999937      98.7943077662000064      -0.1238768091558677
    110.7959575197999982      52.7802358341999991     116.5216382927000041      -0.1152367131933989
    101.6379674339000019      59.0065050214000024      91.1446969643999978      -0.1035069365989925
    118.6073288662999943      70.7352783423000062      95.8332961147000049      -0.1443244503319763
    101.5274184634999983      54.8109353815000020      98.7927959854000051      -0.1211160427892484
    101.2963049751000000      72.9411554888000069     114.3868148433000016      -0.1315892828141330
     97.5351833400000032      63.1453828817000016     111.1644540876000065      -0.1202348244113658
    118.7809946846000031      75.8382944019000007     114.3030999820999938      -0.1256161326783971
    121.0142728579999982      57.3858760135999972      94.5146453197999961      -0.1490296946300580
    120.1098499998000051      70.8114342995999948     102.7555513835000056      -0.1720242920063981
    106.2657174073000022      47.5797099135999986     103.6458012967000002      -0.1072469591908147
    123.3012192494000061      70.6133910159999942     114.7821455202000038      -0.1217591228854866
    110.7904773143999932      77.4434276565999937     100.0428497269000019      -0.1396044982773139
    113.4640616430999955      67.3530467678999969      93.1755854843000009      -0.1460830507141857
    110.8263821081999936      75.7542015954000050     100.9960275155000033      -0.1613849128328724
    108.4472170885999986      78.5094220868000008     111.5747135997000044      -0.1396458797644584
    124.3239389544000062      63.2249403458000003     114.8671831895999986      -0.1265214260702834
    109.1715490600000038      56.2794414473000018     116.6342659615999935      -0.1284378070915295
    108.4523193487000015      76.3581580214000013     102.4866433753000052      -0.1621349197719475
     96.7209004114999971      52.7263786434999986     108.3752185283999978      -0.0942117248275327
    107.2555558802000064      81.2599182632000065     106.5590028807999943      -0.1210934785434885
    113.6522783516000032      52.0298256441000007     116.0110343304999958      -0.1159348372659101
    106.5935848663999934      51.0634197736000033     106.1228541226000033      -0.1274581746583774
    106.9514989686000064      48.6050752350000010     100.7176708773999962      -0.1126778971006122
    113.7777561572000025      60.8431297098000030      90.7064695076000049      -0.1333747080793133
    127.7885625818999955      54.7606686701999976     103.0934343903000041      -0.1220025008452845
    126.2529712436000011      63.7285523217000005     101.3596107956999930      -0.1501037767919087
    123.1489073346999987      68.7894274917999979     101.5374340112999931      -0.1581236889511413
    108.2790314755999930      52.0404081097000031      98.3953866100000027      -0.1337149658444918
    102.8976587779000056      72.8440235730000012      93.6257182148000027      -0.1098138626992169
    110.9295611472000047      52.2945762550999973      97.7150852541000035      -0.1406854690797399
    113.0787465140000023      76.3454968572000041     117.0205259537000018      -0.1245236396770020
     92.4571116633999992      62.2282988593999988     105.4629618074000064      -0.0945286905805895
    121.4154616853000022      71.6531182548999936     101.5370560661000070      -0.1522333755705034
     97.4520353964999941      71.1050977181999997     101.2879901807999943      -0.1172737611250838
    112.0707666716999995      74.2358067635999959     116.1949046691999996      -0.1437634904657301
    126.6303495235000014      56.8951141743999997     106.4433516503000021      -0.1377194861169926
    117.0375334876000011      54.1962075174999995      90.3738777335999970      -0.1135225348964282
    110.0317523300000033      54.1440510802000006     112.6284248110000021      -0.1398930331860058
    121.2775116881999935      56.3845102123000004     113.7615045137000038      -0.1372534807697683
    124.7211593571999941      50.6423888233000028     103.4148767809000020      -0.1194328883171165
    115.7419373497999970      50.1788390382999978     100.3108128721000014      -0.1382102817547404
    115.9516969345000064      70.7704272457000059      96.9705332145999961      -0.1600537063766723
    103.6698008168000058      76.0374715211000023     102.6266720711000033      -0.1424532204578757
    126.2038383679000049      59.3561043293000026     109.3896234391000064      -0.1388973849373407
    120.5558253331000031      71.7177468838000038     105.9361491948999969      -0.1648203896656142
     99.6520543924000037      55.1709281823999973      96.4860074710999953      -0.1064855328342968
     97.0918536230999933      63.2755850022999979     107.1561562931999987      -0.1195862637567657
    126.8435106149999996      60.6530232753000007      94.4640006632999985      -0.1187482575580541
    101.8755059906000042      75.5794019414999951     111.8084727045000051      -0.1340047900867445
    123.3518639059000037      58.7757694781999973      93.3847781511999955      -0.1305898417170956
    120.9195975858999930      74.2371295717999971     114.2764548456000000      -0.1234927435064357
    120.3088381464000065      51.0817501156000020     100.0349128776999947      -0.1376886653302138
    124.1978942310000065      55.6911697469999964     110.9482694345000056      -0.1350649176083936
    110.7016601929999950      53.0746551431999976      92.9055436404999995      -0.1201530893808496
    122.8236854920999974      52.4620059777000023     100.8937933394999931      -0.1399420240319325
    103.3852080828999931      51.9151192766000023      98.7663398215999990      -0.1157392912499766
    106.7328576717000033      54.8942722975999970      92.3469406382999978      -0.1156485402591176
    124.2003508747000069      61.1747766208000030     109.0589213911000002      -0.1635861428276240
     96.8970228736999957      57.7798838821999965      97.5091051213999975      -0.1018636732413087
    118.8199230400000062      68.0118052475000070     114.6039443594000033      -0.1551009077904624
    101.0634907333000001      60.9986541585999973      95.2051511961000045      -0.1220351532694899
    114.4408610066000023      77.2176054010000001     108.8300755739000039      -0.1585104367749057
    112.5677646066999955      71.7999499642999979      94.1236610127999995      -0.1352587265156604
    122.2218077647000030      68.4974648265999946     109.7454588427000033      -0.1581996129142080
     99.3410054946999992      73.8771367708999946     105.2758789344999997      -0.1318614585628026
    122.9518089140999990      66.7987901353999973     113.2312474012999957      -0.1400106886584709
    109.6965149395999930      81.7969783891000048     106.3832583637999960      -0.1199213236411341
    112.7017461793000024      53.3322247954999966     112.2788255030999949      -0.1416489431567491
    118.9694003656999968      52.5442090582000034     100.9656029270999937      -0.1620323963670245
    100.4536761568000003      50.0023386310000006     101.4917026422999982      -0.0999303990783513
     99.3052896734999990      62.8273419977999978      94.1512510122000066      -0.1094011416790037
    112.9077263120999959      67.7039688840000053      89.2279478940999979      -0.1159647592240747
     99.6724634331000061      55.9831324123000016     108.6539531117000053      -0.1149191703743409
    112.6545030295999936      50.7470796431000011      99.7546665136000001      -0.1390761427253508
    117.4714145745000025      77.5615355309000023     109.3178138515000057      -0.1382915982267328
    108.0736182606000000      75.4010118080999945     115.0091016113999984      -0.1445863911802556
     95.2952911257000039      67.2037584148000064     109.8894559631000050      -0.1118399743782916
    118.9816835846000060      47.8565547708999972     103.7467126644999951      -0.1194959213883022
     99.7559893218000013      53.5425512979999993     113.2937973315000022      -0.1005873185020940
    113.8847146482000028      62.2247083800000027     121.0237214879000049      -0.1191516787450251
     99.0490428294999958      74.4638966904000057     101.6831318849999946      -0.1190266421110655
    116.7824204790999971      60.4426967727999980     115.5387918060000061      -0.1543494098899885
    101.3291862072999976      51.4472231218000005     103.0752930208000038      -0.1097283424611035
    112.5571821412000020      59.7047587742000019     116.5335435663999988      -0.1492479063795091
    104.1435551220999969      52.8395732302000027     102.1272174923000051      -0.1306211733029201
    101.1789529912000063      66.8475450658999932      93.8031634851000007      -0.1148222415072775
    105.0500566789000061      50.9991690899000005      96.0381424117999956      -0.1098390213117302
     98.1381949029999987      66.2989576113999988     103.5471576000999931      -0.1296539320046399
    101.3788860007999943      60.1717100660000028     117.3693693711999941      -0.1139430004895710
    101.6767068166000030      73.3962015067999971     104.9013352436000019      -0.1562105110223246
    103.3207684266999991      71.6790075010000010      95.1985371550999986      -0.1215534792164714
    109.2870113178999958      68.5329916751999946      89.4435656293999983      -0.1123394058964333
    111.3201675090000009      66.0534822055000035      90.8635057373000024      -0.1283675867923924
    128.4405180480000013      62.7162261097000027     100.9211943664000017      -0.1291476791202069
    128.5336815391999892      58.3296051722999991     101.7277294183000009      -0.1262966619296426
    113.0428417203000038      48.5905243448999968      99.8740971960999957      -0.1226184303006645
    121.2775116881999935      58.6383863989000034     114.3930509390999930      -0.1406822132685717
    109.3157351529000039      75.8619159768000060     117.3491493031000061      -0.1260665677288655
    126.3553943920999956      68.0618829862000041     106.8628708197000066      -0.1346401775133605
    103.6049832153999972      62.2700618037000027      89.9088161677999977      -0.1066820737875140
    124.1032189589000012      72.1523838611000059     112.2402750929000064      -0.1224240893208632
    126.9956335571000068      60.1588599293000001     103.0031054880000028      -0.1456611131527543
    123.0187052140999953      62.6189052212000021     110.2658893800000044      -0.1668735538967603
    111.4110633291000028      55.0409150344000011     118.0474030559000056      -0.1179433499257385
    115.8955720726000038      78.7256067399000017     100.0351018502999949      -0.1242775159076137
    112.9921970638000062      69.6834568569999959      92.3099020088999964      -0.1309889882435114
    107.7306329936999987      72.4898889227000041     114.8188062043000031      -0.1675739470683375
    121.7342584595999995      54.0342580001999977     101.1704492243000004      -0.1645847480252485
    106.4739652112999977      60.7291792326000035      91.6197740779000043      -0.1242681909654646
    115.3086231805999944      79.1489053612999953     107.3029880025000011      -0.1362721306239632
     98.8417398885000011      52.6375615221000004     102.6431126872000021      -0.1034995613722129
    114.8129480537999996      76.3347254190999962     110.6109533454999934      -0.1602145066675025
    115.2806552360000012      52.1303590667000023      92.0122701657000022      -0.1148743895310433
    125.5127655737999959      65.8170774844000022     112.3742566654999990      -0.1294031386452232
     97.4864284094999931      60.6860934800999985     113.8684630047000041      -0.1088233234666438
     93.6584104744000001      59.7043808290000015      98.5745326337000023      -0.0923749695591862
    105.2811701673000044      73.2215908255000016     118.5536606481999939      -0.1218154070248882
    115.1850351008999951      67.0728004038000023      89.2921985777000060      -0.1177137112453357
    105.6177303658000000      74.1590838884000050      97.3428092343999936      -0.1333817640979955
    105.3766013296999944      80.1716250663999972     109.4128670687999971      -0.1231406654751686
    108.5271524979000048      51.3587839456000026     108.3714390763999944      -0.1318886169487250
     96.7571831504999977      64.1669687511000006      94.0735832741000024      -0.0985770448693879
    122.5065894712000016      72.5581080309000015     109.0328431724000069      -0.1394202339430377
    116.3521298714999972      74.1365961492000025     101.7162020898000065      -0.1664351185263868
    123.2942272631999998      74.2743571736999968     105.3639401655999990      -0.1295699557968097
    121.5925290105000016      50.8506366271999966     106.7508100686000034      -0.1333844726487916
    101.8435696213999933      73.7915321835999976     110.0132330153000026      -0.1541155483907346
    116.9118667092999999      67.2784025912999937      94.3778291583000026      -0.1570056969854559
    107.6268870369000012      74.8252122993999933     101.1838662787999965      -0.1656662642946749
     95.9780491254000054      61.9576900977999969     109.6827199398999966      -0.1099222948521890
    104.0025815633999997      52.8565807641000021     113.1938308266999940      -0.1123867283953057
    101.9749055775999977      52.3359612543000026     110.8256262177999929      -0.1087009522003282
    107.2377924559000064      63.1962165107999994     119.3607626178999936      -0.1291782407794031
    117.9699242902999998      50.9846181998000034     113.4714315745000022      -0.1197200911220788
    107.2642486196999982      52.2545140642000021     110.4807512249000041      -0.1276672522772291
     98.7179628363000035      69.0279109116000029      94.8398671624999992      -0.1063848052162779
    112.6968328916999980      57.2271390306000001      91.6655054467999975      -0.1325143797446611
    123.4983176700000058      59.1950996751000034      90.9407955302000062      -0.1147701275880184
    117.4209588906000050      53.5943297900999980      93.2475840445000017      -0.1282130937357406
    101.9614885231000017      71.3445260010000055     102.2107433810000003      -0.1573517078354811
    127.0506245833999941      53.1485434294000001     105.1509680467000010      -0.1195996743981116
    113.1263676089999990      77.8990405925000005     100.8677151209000016      -0.1386908646138529
     92.8528202855000018      64.3529177884000063     104.9612395574000061      -0.0978029923869803
    120.9577700508999953      69.3223302205999943     111.9798708516999994      -0.1538909695639017
     96.4329061708999973      59.8959990442999981      97.1861509498999965      -0.1021154905038353
     96.8238904778999938      65.0485259248000034      97.5077823131999963      -0.1079681076941252
    113.3640951383000015      49.4885221346999984     103.7733578010000031      -0.1349545521713384
    105.7779791297000003      53.0548130203000028      96.3907652813000055      -0.1236397055316765
    104.8283918204000003      60.8104374501999985     120.0798033565999958      -0.1136187773941444
    120.6333040986999947      61.0319133360000023     115.8279198822999945      -0.1378685158658524
     98.0406850420000069      63.3755515070999991      92.8002859030000025      -0.0996273278638764
    101.2655024415000042      55.7178148834999973     113.4835258207999971      -0.1127582665074565
    120.2239894494999959      73.8771367708999946     111.6177993522999969      -0.1398714629387756
    113.3383948648999962      49.0697588555999999     106.5113817858999994      -0.1293327033719116
    103.2270380176999964      78.7070874252000010     103.9870858103000018      -0.1245287612508834
    124.6871442893999955      52.6334041248999966      96.7409315069999991      -0.1175688013811369
    110.1600647246000051      76.2908837762000047     112.0991125614999930      -0.1635014308680898
    126.6218457564999937      59.2260911812999993     100.9108008734000066      -0.1450025109072222
    125.6960689946999992      59.9143293863999986      96.3822615143999997      -0.1359672186196983
    126.6862854127000020      63.0926595266000021     104.9419643523000047      -0.1479505675192989
    121.8809011963000017      59.4148748076000004      92.1101579718999943      -0.1296206679564920
     98.9855480363000027      67.0023136244000028     105.6851935835999967      -0.1432264205797082
    128.0852495620999889      61.7046557879999966      97.4117842330000059      -0.1229766343152132
    106.0007778237000053      77.2691949204999986     115.4152037263000068      -0.1242202572197328
     96.6541930841000010      72.8699128190000067     110.8503816282999992      -0.1129894383105086
    124.7667017535000014      59.2207999485000016     111.6998134602000050      -0.1385605885388381
    103.2716355510000028      62.5440720721000005      92.1634482447999943      -0.1171641836904289
    118.0904888083999964      67.8067699777000001      95.7684785132999963      -0.1646106305993733
    124.3237499818000060      55.9691484399999979     105.0750010618999966      -0.1600998353447070
    127.6755569678000057      65.6547500219000000     105.3202874952000059      -0.1329451987632160
    107.0165055426000009      79.1400236492000033     106.4042343222999989      -0.1391561382089730
    125.5239149572000059      69.6862914459999985     111.2719794963000055      -0.1248440726575382
    125.9988030980999980      57.1736597850999999      99.3200295361999963      -0.1397673237593402
    122.5249198133000021      71.8424687990000024     110.8494367652999983      -0.1373817830023309
    125.3504381113999955      65.1416894160000055     107.9562662767000063      -0.1498799423273844
    114.8401601080000063      73.6218347899000065      93.6253402696000023      -0.1236709790432142
    110.0859874659000042      49.2422908383000006     106.0089036454999984      -0.1254966967514335
    120.7283573158999985      50.4097635541000031      95.6492368034000009      -0.1158656155662587
    111.1472575811000070      60.9143723795000014      93.2774417150999966      -0.1534794151124963
    108.4708386634000021      73.7459897873000045     118.5617864700000013      -0.1263329653200227
    108.3368570907999953      59.0076388570000034     120.6119501950000057      -0.1135209891451128
    122.2461852298999929      58.2128201061999988     111.3560723028000012      -0.1585746081241606
    105.3140513995000020      75.7721539923000051     100.8917146409999930      -0.1444773722887689
    111.8379524298999996      72.9041168594000055     114.7469966168000042      -0.1686392873148925
     94.2589653935999934      60.1667967783999984     102.9193906266999932      -0.0988974191258682
    100.9746736119000019      70.7719390264999930      96.9718560227999973      -0.1222453546516613
    112.4870733070000028      55.6006518721999967      90.2669192426999984      -0.1171306734945432
    117.1042408149999972      48.7101439999999997      98.0068589467999942      -0.1191933937201179
    110.1628993135999934      62.0714516023000016     119.6701107622999984      -0.1290032903995622
    112.7988780950999939      54.8166045595000000      95.6902438573000040      -0.1532784834326186
    113.7034899259000014      52.4132510471999993      95.0106983918000054      -0.1322827374247648
     96.3947337058999949      72.9290612423999960     105.8603711827999945      -0.1140428228586812
    111.1412104579000015      60.3559583498999999     121.1903953200999950      -0.1155721099209650
    127.9193316202999995      58.9448999541999967      97.1424982796000052      -0.1209516108721074
    125.2831638661999989      69.3047557688999945     101.1865118951999989      -0.1371483377369316
    120.4985666357000014      70.8993065580999939      99.6080237768999979      -0.1563879250320976
     95.1545065396000069      60.1484664362999979      99.7690284310999971      -0.1004002273855402
    106.1806797378999931      51.0851516223999980     114.9355912703999962      -0.1060247774077769
    118.3616644877999988      59.2391302906000021     118.7859079721999933      -0.1216133384363971
    124.5490053195999991      53.7294451982999988     101.8375224983000038      -0.1396790807741857
    121.7066684602000066      52.9811137068000022     104.3926210073999954      -0.1574893213786179
    123.3456278100999981      50.6280269057999988      99.7913271978000012      -0.1212119716065052
    100.0587234252000002      65.4578405739000004      94.4849766218000013      -0.1139145358036187
    102.3828974185999954      62.9395917215000011     113.2418298669000052      -0.1526461376920576
    103.9266145786999971      57.9478805226000020      95.0192021587999989      -0.1309495347606315
    107.9075113461999962      72.7089081647999933      97.8118392246999946      -0.1520914775006172
    118.4535051707999997      74.3384188847000047     112.7633512464999939      -0.1430015828270141
    106.7322907539000028      74.6540031247999991     117.9052956615000056      -0.1242967028058244
    123.4178153428999991      60.7442970406000029      93.2131910315000027      -0.1319274072624577
    116.3901133638999994      53.6120932143999980     110.9390097770999972      -0.1554837197632146
    123.0869243223000069      74.7010573019999953     109.5413684359999991      -0.1247364296444999
    122.6734522760000061      73.1246478822999961     101.1986061414999938      -0.1345195010457294
     97.2093945796000014      70.7668367663000026     113.9310129348999965      -0.1130342819930128
    113.5426742442000005      77.1172609510000058     113.7042458163000020      -0.1391122521140513
    114.9501421604999933      51.8087277034999971     101.8668132510999982      -0.1598063642862986
    105.2838157837000068      58.3902653765999986     119.3458337825999962      -0.1126982326860961
    106.6092695921000058      51.3389418227000007     104.1199335472999934      -0.1312598722051561
    101.3014072353000046      75.7897284440000050     105.1643851011999971      -0.1359403232300407
    101.6311644202999958      65.9280043999000043     113.7469536236000067      -0.1517910472790032
    105.3140513995000020      66.8243014363000043      93.3260076730000065      -0.1286584272856004
    111.5418323675000067      76.1727759018999961      98.7837253006999987      -0.1419951448631247
     99.8451843885000017      53.9070794411999969      97.8845936752999961      -0.1067504354517803
    124.5006283343000035      57.7653329920999994      95.0847756505999939      -0.1322616104439680
    108.0176823713999994      55.6830439252999980     118.4720244855000004      -0.1140685360106612
    100.4315663626999964      68.3619714732000006     112.6110393319000025      -0.1485656050370476
    109.8210478822999931      79.8925125378000018     107.6438945708000006      -0.1367175233150029
    117.7063075149000042      78.4100224997999931     101.1781971008000056      -0.1249687812274098
    128.5102489369000125      59.6004458996999986      99.6488418583000026      -0.1249126358794204
     96.9729898583999983      67.3024021113999993     106.6423397969000035      -0.1256021042412137
     95.1938128400999943      68.2971538718000062     100.1341234921000023      -0.1048488484927894
    105.9285902910000061      63.4755180119000002      89.0051492001000071      -0.1083183194372834
     97.6336380639999959      61.1388718270000027     108.8416029023999982      -0.1177492603534773
    119.5559713125999934      58.9152312562000020     113.0868723357999954      -0.1627976566219829
    113.5224541762000001      55.5551094758999966     115.8022196088000015      -0.1344510512915562
    110.1375769854000026      64.3073753920999991      90.8224986832999974      -0.1283854216362004
    103.3372090427999979      75.1438201011000046     108.9474275577999975      -0.1596258860116642
    118.8034824238999931      53.5297011612999967     113.0560698021999997      -0.1355602758326482
    124.1485723826999958      66.4586394574999986     110.6736922483000001      -0.1453521092393535
    103.5456458193000060      54.3347244324000016      92.7957505605999984      -0.1065347277504296
    125.7956575543000071      62.4388143345000017     109.6420908311999938      -0.1433877659562270
    117.5451138881000048      75.2594713315999968     107.8241744301000011      -0.1615779990780020
    118.0797173703000027      76.4467861701999993     102.9585079546999964      -0.1421150124618249
    123.3571551386000067      51.8644746200999975     104.3285592964000017      -0.1353597753344093
     98.3456868165000060      75.2041023600999949     104.0159986178999958      -0.1171133210538882
    101.1390797729000042      52.9548465155000017      94.7701362735000004      -0.1010974501412978
    102.2194361205000064      59.0184102951999989     112.8888290521999949      -0.1330348806617003
    115.2946392082999978      67.8256672376000012      91.6345139406000015      -0.1321864002710704
    116.0938043289000063      47.7318328556999987     107.0182062960000025      -0.1193770464079194
    124.4788964855000017      66.9225671876999968     104.0290377272000057      -0.1593071502184227
    119.5387748060999940      57.0340090345000021     114.7063675079999996      -0.1401191498304470
    102.0077868097999954      49.3458478224999979     102.3528507752999985      -0.1030009570693480
     97.6710546385999976      64.5651340169000036     114.5627483329000000      -0.1146793410446545
    119.8074938416000066      53.3271225352999991     115.0177943509000045      -0.1207189861012150
     96.9690214337999947      74.1018251910000032     109.2480829625000069      -0.1137389722527056
    123.5257186967999985      62.7404146022999996      93.6037973932999989      -0.1342323966355217
    123.0782315826999991      68.9878487205999988     112.4831048823999993      -0.1374768442081553
    117.6547179954000057      51.4547820258000002     105.6955870766000061      -0.1558054474086745
    114.5398826483999954      58.6198670842000027     119.7177318571999933      -0.1200481968430918
     97.8297916215999948      54.1655939564000022      96.0247253572999995      -0.0955999488162336
    120.4065369799999985      67.4369506018000067     113.3461427414000013      -0.1552313728248258
    106.7544005480000067      61.2851366184999975      89.3301820700999940      -0.1115117917487094
    106.3501881589999982      75.3649180417999958     102.8785725454000044      -0.1671414775675970
    105.9416294003000019      69.2709296736999960      89.8738562369999983      -0.1075227265335164
    101.5638901750999992      68.5677626333999939      97.7513679931000041      -0.1337703289023473
    118.9884865981999980      59.1571161827000012      92.8641586413999960      -0.1481171119080917
    116.4938593205999950      48.0253073017000034     101.6086766810000057      -0.1221422968441992
     94.9317078455000001      63.7665358141000027      96.1817615869999969      -0.0962683563948046
    124.3864888845999985      72.1321637931000055     103.4643876017999986      -0.1327771303816316
     96.9637302011000060      51.8034364706999995     101.6969268847000052      -0.0935178191812662
    107.4069229318999987      69.6331901456999987     117.9839082625999964      -0.1424729923763426
     96.4793934302000054      61.2278779210000010     101.4775296974000014      -0.1095255331336364
    118.8904098194000056      67.2423088249999950      93.1177598690999986      -0.1406640361804605
     99.5175059019999964      54.9314998995999986     106.8976417779000059      -0.1126408090352609
    112.1832053680000030      64.2204479966000008     117.6498047079000031      -0.1517479974042573
    106.7462747261999993      67.2527023179000025      91.0545570346999966      -0.1185839109414832
    122.5392817307999991      53.8192071826999978      92.7137364527000045      -0.1138749611130176
     94.6183912765999935      58.0816731226000016     104.8792254494999980      -0.0980142357694982
    122.5766983052999990      52.5880507011999967      98.8572356415999991      -0.1358292343523422
    103.8332621147999930      73.3538716447000070     113.0836598016000067      -0.1569483085654380
    128.5045797589999950      56.3049527480999998     105.8308914573999999      -0.1213326313888334
    117.2939693042000044      76.9212963660000071      99.0004768716000001      -0.1282966103724723
     99.5672056954999931      51.2408650439000013      98.6533342074999950      -0.0982379718882838
    128.4401401028000009      58.9947887203000008     108.7580770137000030      -0.1225190562361043
     98.7557573560000037      69.3002204265000046     100.0368026036999964      -0.1246163232725985
    110.4699797867999962      75.3256117412000066      95.0082417481000050      -0.1240005694369604
     97.6837158026999930      56.6190252074000000     113.0418968573000029      -0.1018446340372323
    117.3230710843999987      49.9766383575000006     101.7965154442999989      -0.1385831736307210
    103.7523818425000002      48.9660128988000025     111.0195121043000057      -0.1006814520504324
    100.0341569872999941      72.0123551653999954     108.1635692177000010      -0.1499853329944045
    108.1913481896999940      62.5372690585000015      88.9410874890999992      -0.1128018798647350
    101.7902793484999933      61.0494877877000022      90.8442305322000010      -0.1047356875317327
    119.7483454182000031      48.2887351044999988     107.7393257332000047      -0.1177658008815889
    117.5086421765000040      65.1346974299000010     118.1384878485000058      -0.1354023344171162
     97.3530137547000010      62.0856245473000001      95.7851081019999953      -0.1051702069077374
    119.5924430241000067      61.8170944843000001      93.0346119256000037      -0.1515169391300590
    103.1181898006999944      49.4503496697000031     100.3251747895999983      -0.1054545275494485
    111.4012367539999957      76.7659608896999970     114.4646715540999935      -0.1403303572248742
    124.5204704572000054      56.8707367091000009     103.1331186360000061      -0.1650972054107775
    113.9926180021000022      74.2104844353000033     115.8103454305999946      -0.1432473567901926
     97.6727553919999991      57.8879762087999978      93.5866008867999994      -0.0962276403098752
     95.6864644054000024      61.4748651076999977     112.3564932411999990      -0.1043911281394028
     98.1958315456000008      71.9516949611000030     105.2637846882000048      -0.1296594474916954
    120.2646185583000005      64.6114323035999973     118.8630087924999970      -0.1212182120259397
    123.4728063690999988      56.2975828168000021      99.3508320698999938      -0.1608212446021042
     96.4164655547999985      64.4009168285000015     112.3931539254000000      -0.1127913722820955
    103.3664997956000065      48.2322322974000031     104.0218567685000011      -0.1027233597324200
    113.4625498622999942      61.9871698233000004      92.7214843291999955      -0.1538962515536859
     98.9568242012000070      66.5106069221999974     107.6189501877999959      -0.1443499786535618
    101.0115232686000013      61.4174174377000028     114.3202964885000057      -0.1295748136372339
    111.5431551756999937      48.3433481856000000     101.1109228555999948      -0.1210672729857256
    111.7759694174999936      66.4115852804000042     117.3003943725999960      -0.1575603983431773
    115.6243963933000032      64.7507051089999948     118.6829179057999966      -0.1363618325758846
    103.4581515060999948      74.4975338130000040     111.1359192251999986      -0.1580019935682380
     97.7927529922999952      67.2341830032000018     111.7192776378000048      -0.1269906358764681
    108.8119342044000035      79.3786960415000067     104.2344509421999987      -0.1374927327267308
    127.3781140971999974      64.4515614849999992     109.4170244658999991      -0.1292806055218367
     96.3677106243000026      69.1634042649999969      98.7039788640000069      -0.1070632538340934
    100.6547430020000036      51.7629963345000021      96.6128080849999975      -0.1001482981914101
    112.6849276180000032      77.2775097148000043     110.2541730788999956      -0.1594473183154204
    106.4134939796000054      67.7266455957999938     118.2227696276000017      -0.1400289256948302
    100.4653924578999948      60.7335256024000003     111.2373975107000064      -0.1332809862913571
     97.6098275166000064      66.4263251431000015     115.0725964046000058      -0.1140042090595994
    110.8469801214999961      49.7925790461999966     110.2065519840000007      -0.1224664203325716
     99.3279663854000034      56.1161691219000005      99.5184507649999972      -0.1143614583126675
    103.6246363656999989      68.2924295568000019     115.3621024260999945      -0.1548896811275444
    104.6993235353999978      74.7261906576000001      94.7773172322000050      -0.1146633235183891
    127.3401306047999952      55.5675816673999989      98.9243209141999955      -0.1217633634479931
     99.4876482314000015      65.3845192056000002      97.6173864204999973      -0.1233579895835746
    104.8979337367999989      54.7525428484999992      97.3611395764999941      -0.1342763924483261
    120.9488883388000033      74.4884631281999958     100.7804097802000030      -0.1348553918180642
     92.7876247388000053      58.2339850373000019     101.8526403062000014      -0.0902757349411925
    115.9598227562999995      57.2320523181000027      93.0228956243999932      -0.1476002039797528
    120.4001119116999945      53.8980087564999977     109.8359767176000048      -0.1543805879089497
    103.6195341054999943      50.7465127253000006     102.5170679638000024      -0.1154878692135952
     95.8716575522000056      53.7209414312999982      99.5243089156000025      -0.0925315379439589
    108.9391127634000043      58.3772262672000011     118.2541390789999980      -0.1268832820028329
    100.4994075256999935      68.5216533191999986     101.2868563451999933      -0.1442215407689620
    100.7938268346999990      56.6279069196000009      97.1980562236000054      -0.1190941804199159
    113.2149957577999970      74.3469226516999981      94.3167910087999957      -0.1252414835003615
    103.8631197854000021      58.1642541483000031      92.8881581613999998      -0.1184202559231711
    124.8077088075000063      72.2600982425000069     109.9865878788999964      -0.1241485575660466
    104.0367856037999985      56.1968604216000003      93.7791639650999969      -0.1184251808257697
    110.3641551313999969      55.7531527594999972      96.9607066395000032      -0.1632364384402063
    119.4115962470000056      76.0799903558000068     106.9123816406000032      -0.1418222184165945
    108.7720609859999996      53.2853595909000006     114.4539001158999980      -0.1233862884439958
    107.4035214250999957      78.1227841495000064     102.2661123525000022      -0.1397068447049774
    107.8462842242000050      57.4372765605000026      93.3116457554999954      -0.1338998545037651
    113.8775336893999963      64.3986491572999995     121.0972318288999929      -0.1206450984632674
    114.1256547116999940      73.0076738436000028      95.9011372777000020      -0.1412154196872049
    111.3398206593000026      57.5831634067999971     115.2167824975000059      -0.1488986551659188
    114.1557013549000033      79.8898669215000012     100.7900473827999974      -0.1221513304847832
    104.5908532635999961      60.3138174603000010      92.3100909814999966      -0.1216202870861656
    120.8098045060000061      72.5921230987000001     115.9016191957999951      -0.1226541946278550
    111.2339960040000051      52.0460772875999993     102.0049522208000070      -0.1537564844567623
     95.5158221485999945      57.6466581999999974     100.2295546545999940      -0.0990579991298537
     94.7238379868000067      68.0259781924000038     101.9922910566999974      -0.1055782561267824
    107.6176273795999947      49.3868548765000028     108.5288532513000064      -0.1166478071445374
     98.7230650964000063      50.8838958046000016     107.2823899891999986      -0.0966636416314808
    117.2316083465999981      55.1023311289999995     116.5998729485999945      -0.1245375330564240
    127.5867398463000058      64.6987376442999960      97.9932529195999962      -0.1261624876642857
     98.4095595548999995      76.0758329587000048     106.6440405503000051      -0.1163112025074122
    124.0622119049999981      65.0260381854999991      95.4047062605000065      -0.1393982151179776
    105.3412634536999946      65.5886096123000044     118.4015377061000009      -0.1345732196799876
    109.8348428820000038      64.1716930661000049     119.7763133627999963      -0.1312267622292458
    109.3246168650999977      57.0289067743999993     119.6924095289000007      -0.1142739683248282
    121.2215757989000053      67.4244784102999972      98.5390057852000041      -0.1729127113602384
    112.7701542601000000      47.6016307350000005     103.2884541123000020      -0.1192005598999559
    117.4007388226000046      52.6759229596000011      91.5205634634999967      -0.1136472248645619
    124.0518184120000029      64.0222157404000001      99.6070789138999970      -0.1706314557662836
    110.7094080695000002      72.7170339864999988      94.7366881235000022      -0.1342343982166918
    116.6212268522999977      57.6474140903999981     113.7278673911000055      -0.1608710204807977
     95.3525498231999933      65.0651555135000024     101.8685140044999997      -0.1081654365786981
    114.6910607275000018      74.5854060715000031     112.8446094641000030      -0.1636496378438181
     95.1830414020000006      68.9742426935000026     108.5350893469999960      -0.1119388491818682
    113.9644610848999946      60.5366161544000008     118.5591408535999989      -0.1337090590090124
     98.6540900978999957      74.2286258048000036     113.4684080128999994      -0.1145703616363116
    120.2281468466999996      69.4523433685999976     101.3667917544999995      -0.1781856829876922
    123.7770522532999991      70.4013637600999971     106.8475640391999946      -0.1447610273859281
    100.0107243851000050      71.5639231882999951      95.2081747576000055      -0.1090255731800029
    119.7434321305999987      71.0227056651000055     112.1741346832999966      -0.1551570267240283
    111.4346849039999938      73.3419663709999980     118.7292161926000063      -0.1278169208715481
    110.3261716389999947      63.3330326722999999      92.8308994639999980      -0.1463903111953844
    122.3200735160999955      74.1163760811000003     112.7404855621000053      -0.1229186516643130
     98.2878612013000037      67.0990675949999940      97.1814266349000064      -0.1141055062856262
    106.1976872717000049      76.3581580214000013      97.3258017004999942      -0.1242626040519355
    122.9160930928999989      68.8429067372999981      99.5887485717999965      -0.1533797910743875
    119.6311824068999954      54.7678496289999970      95.6341189955000033      -0.1487235566977247
    115.0907377741000062      73.6626528711999953      97.7814146362999992      -0.1487319459901570
    119.8643745938999956      65.5578070786999945      92.3329566660000012      -0.1366585543980037
    109.5305969978000036      62.0266650964000021     121.5579470249000025      -0.1152457807725824
    120.9823364888000015      76.1081472731000019     102.9896884335000067      -0.1299954669115930
    113.9584139617000034      51.2221567566000004     107.9895254541000043      -0.1459924238225696
     93.1421373343000027      56.4956261004000027     104.2448444351000063      -0.0900050100914411
    123.5521748607000063      63.0352118564999984     112.4761128962999948      -0.1455941457448091
    110.0529172611000064      78.4916586625000008     101.6164245575999985      -0.1381610010588101
    102.5911452225000033      59.8933534279000028      92.7040988501999976      -0.1153282694904183
    124.8111103142999951      52.5332486475000024     110.6542280707000003      -0.1178800464130276
    122.3741196793999961      72.6121541942000022     114.4255542261000045      -0.1219281986331753
    117.0237384878000029      64.9056626400000027      89.2782146053999952      -0.1198580173440860
     98.1967764086000017      70.7674036841000031     111.5612965451999941      -0.1276163509199986
    100.4457393075999931      67.8097935393000029      99.3608476176000011      -0.1353130812958998
    106.5442630180999970      74.5033919634999933      93.6971498572000030      -0.1146641860857534
    124.6557748379999992      72.9029830238000045     108.0503746309999968      -0.1260266725791688
    105.4584264650000023      64.6403451112000056     116.4091995962999988      -0.1528270353416392
     98.3318918167999954      65.4559508478999987     112.3171869405999956      -0.1279836304424480
     93.7578100613999936      56.9710811591000024     108.2610790787000070      -0.0923601486172787
    105.5253227649999985      59.0331501579000033      94.5199365526000008      -0.1388731502922180
    119.8328161698999992      63.0497627466000026     114.3380599128000057      -0.1562374584316863
     99.4613810401999956      62.8403811071000007     110.3235260226999941      -0.1353677411101852
    124.2432476546999993      59.6985226784999981      97.8575705937000038      -0.1597604656104696
    121.4591143556999953      76.4849586352000017     106.4711306222999951      -0.1276942180765577
    125.9392767294999942      68.2618159958000064     103.0119872001999966      -0.1390927722254025
    114.5676616205000045      66.6338170565999945     116.7803417804999953      -0.1575763400273900
    104.9975222964000068      54.3713851166000026     112.3895634459999968      -0.1252428384176909
    125.7376429665000046      56.1140904232999986     108.6539531117000053      -0.1358109744346718
    122.7401596034000022      55.0131360622999992     108.5689154421999945      -0.1555827094996189
    109.5118887106000045      78.1762633950000065      98.2268230517999967      -0.1245087195911854
    116.5138904160999971      60.7210534108999980      88.5090961280999977      -0.1160356128840130
     97.9887175772999939      53.6013217762000025     106.9019881476999956      -0.1020309860689554
    127.4227116305000038      55.2453833862999986     108.9840882418999968      -0.1194605051437190
    113.9036119081000038      67.8783905927000006     118.4739142115000021      -0.1409981416763788
    106.3282673375999963      77.0288217747000061     112.4621289239999982      -0.1434308312602495
     94.4666462797000008      63.1735397989000020     104.6798593576999963      -0.1042071696649112
    114.3701852546000026      51.7291702392999966     103.6724464331999940      -0.1605431244337527
    114.3716970354000040      55.9105669343000002      94.0068759467000064      -0.1491586926667381
    112.7525798084000002      65.0158336652000060     119.3853290557999998      -0.1352275203068185
    117.0158016386999975      74.3032699814000068      95.7949346771000023      -0.1290392344520184
    106.3534006932000011      51.7165090752000012      98.6331141394000070      -0.1256657976582645
     97.2220557436999968      67.9946087409999933     100.7656699175000057      -0.1177787135756301
    107.9301880581000006      77.7452168970000059     115.5576890658999929      -0.1245876539373558
     97.3588719053000062      60.9650170359999990     111.3647650423999949      -0.1136682913678229
    104.3230790910999985      77.5847791605999930     106.2060020660999982      -0.1427394926947283
    102.6644665909000054      77.5110798470000049     101.9038518804999995      -0.1243578313705900
    113.3816695900000013      78.9315868725999934     110.9454348455000030      -0.1367870406237488
    116.9770622558999946      61.4399051770000000     119.7914311706999939      -0.1219769534655875
    126.3259146667000010      67.0805482802999933     109.5716040517999943      -0.1315240917025688
    126.0827069319999936      60.3007783509999982     113.1140843900000021      -0.1239603376820870
    121.7079912683999936      61.5183288054999977      91.9531217422999987      -0.1312079508114765
    124.6467041533000071      63.8415579358999992      92.3425942684999939      -0.1190047174774120
    116.7984831499999956      51.0639866913999967      93.1353343206999966      -0.1147028119211795
    121.1134834724000058      52.3095050904000018     110.6379764272000017      -0.1333176855233020
    122.5937058391999983      66.5601177430999940     102.0176133850000042      -0.1823604619783801
    112.0584834528000044      50.9628863510000016     107.6316113519000055      -0.1408554574455323
    118.4790164717000067      79.4011837807999967     108.5027750325999989      -0.1219273989613274
    102.6410339886000003      50.5435561541000027      97.4989006010000026      -0.1041056218320247
    120.8088596430000052      73.3083292483999998      99.0099255015000068      -0.1365462094016348
    126.9852400640999974      66.1783930934000040     108.0318553162999962      -0.1328716568464445
    111.7111518160999992      47.4617910118999973     109.3998279593999996      -0.1115461928136874
     96.2084067234000031      66.3907982945000015     112.6698098101000056      -0.1126357690595752
    116.8521513680999959      49.6625658982000004     106.9055786270999988      -0.1347919395229189
    124.8368105877000005      55.0552769518999980      98.7822135198999973      -0.1371837482198792
    110.0776726714999967      59.1248018682999970     116.5836213050999959      -0.1445419029416826
    120.9804467627999998      49.7697133618000009     110.5438680728999969      -0.1175222673820988
    118.3584519535999959      56.7745496563000032      89.3235680291000023      -0.1134320321486681
    115.1540435946999992      75.4902068747999948      96.7031369871999971      -0.1308672186878006
    129.0652614598000127      60.0810032186000029     104.5859399760999935      -0.1255619425389494
    102.8804622714000061      71.8273509911000048     118.4310174315999973      -0.1186162976351461
     96.3520258985000027      55.4840557786999966     107.1293221841000047      -0.0998888354209404
    118.7458457813000052      70.0893699994000059      92.2516984484999938      -0.1240359846813792
    122.5020541287999976      51.7826494847999967     112.2542590652000030      -0.1179632914832158
    107.5272984772999934      67.2940873170000060     120.8387173136000001      -0.1211036360051265
    120.8392842314000006      74.3610955965999949     107.5917381335000016      -0.1435447595377308
    121.1474985402000044      52.2877732416000001     113.6541680776000049      -0.1189027408437591
    127.2307154700999945      66.3724679524000010     100.6401921119000065      -0.1321555877668761
    116.4687259650000044      62.7245409040000013      90.6023456055999930      -0.1329040465670310
    105.2647295512000056      72.9472026118999963      95.3729588638999957      -0.1254257709103896
    126.6639866460999997      64.2372665579000000      95.2115762643999943      -0.1221811442821075
    119.4675321362999938      72.3011052963999958     110.7804617667000002      -0.1582183966652870
    102.4331641299000069      64.7607206567000020      94.8890000381999954      -0.1282376213888909
    103.5358192441999989      67.2816151254999966     119.4129190552000068      -0.1206829368120017
    109.6050522018000066      56.3459598020999977      91.3863929183000039      -0.1219843222965817
    101.1901023746000021      76.0969978897000061     101.1451268959999936      -0.1223141341669827
     97.4989006010000026      65.1503821555999991     105.5474325591000024      -0.1255339710039340
    114.7995309993000035      52.7670077523000032     113.8578805390999946      -0.1305960529875998
    128.7096150287000000      62.2762978995000012     103.1782830872000005      -0.1293684773777297
    106.1772782311000043      78.6609781110999933     108.1664038067000035      -0.1408563167638484
    111.9927209883999950      62.7149033015000015     119.5892304900000056      -0.1313552292137645
    111.3753475079000026      67.3122286865000063      93.2770637698999963      -0.1442441518685982
     97.8356497722000000      57.3085862207000005     100.5050767036999986      -0.1099378488940479
    115.4658483828000044      53.6752100623999979      96.0139539192000058      -0.1498490721348791
    110.4558068418999994      67.0342499935999996      89.2120741957999996      -0.1149234716339267
     99.9232300718000062      54.2988196386000013     102.2867103657000030      -0.1143664753079570
    107.3589238917000017      52.3062925563000007     116.1933928883999982      -0.1092975022750897
    120.5860609490000002      70.4833778680000052     117.2325532095999989      -0.1225920678445798
    100.8745181344999935      54.5567672361000007     115.2145148264000056      -0.1030674987552409
    108.4812321563999973      50.6342630015000026     100.6354677969000022      -0.1299544971620303
    105.3412634536999946      75.5871498180000003     114.2834468318000063      -0.1397854469837965
    120.1531247249999979      59.6531692547000034     118.0925675069999983      -0.1220058932849089
    121.1166960065000069      76.5970193863000048     109.1605886492999957      -0.1262822196895090
    116.0732063156000038      65.3368981106000035     120.5174638956000024      -0.1217395523771172
    123.7039198574999972      65.8713126202000012      92.4695838549999962      -0.1211136777178687
    110.0508385625000045      77.6953281308999948     113.3671186999000042      -0.1397881506180036
    117.1248388281999979      69.8508865796000009     119.2437885792000003      -0.1238018863391295
    110.8148547796999992      67.1737117715999972     121.1654509371000046      -0.1216555621076072
    121.3292901803000063      69.5970963792999981     103.6920995834999957      -0.1724985359017381
    123.1162150751000013      62.7517529582000009     116.3950266514000020      -0.1241168218690891
    118.8501586558000014      61.5668947634000006     119.2061830321000002      -0.1216121649037021
    107.8536541555999975      62.3346904325999986      90.9239769689000070      -0.1245095967400509
    119.4943662453000002      68.9855810493999968      95.0354538022999975      -0.1454887852573545
     99.2935733724000045      52.9166740506000011     100.6787425219999932      -0.1051484999670000
    104.0793044385000030      53.4945522578999970     116.4033414457999953      -0.1056338055647474
    120.3403965704000029      75.9577250843999963     112.3196435843999978      -0.1257096342966344
    107.7211843638000062      70.6300206046999932     119.7037478848999967      -0.1259572684801098
     96.7688994516000065      54.3016542275999967     105.1400076359000053      -0.0995260296362845
    112.9608276123999957      75.8993325513000059     112.3476115290000052      -0.1619695701860469
    108.6197490713000064      66.0857965199000006     117.4071638908999944      -0.1546063828569118
    110.0574526034999963      73.4591293822000040     116.6197150714999964      -0.1452728433343751
    109.2805862496000060      63.1463277447000024     117.8395331970999962      -0.1466521036438930
    118.7719239998999967      48.6494837957000001      99.8397041830999967      -0.1212875923030721
    124.0828099183000006      54.0476750548000027      93.9511290300000041      -0.1150036973464159
    124.0512514942000024      62.3773982399000033      97.7014792269999930      -0.1625769374325063
     93.6172144477999950      63.9356662901000021     108.5658918806999935      -0.1010677906854598
    124.9269505174000017      51.3096510698999992     101.6502506527999969      -0.1211034779102205
    126.3109858314000036      62.0217518087999977      98.2542240787000054      -0.1411912541611242
     99.4052561782999931      56.7395897254999966     111.8290707177999934      -0.1116577823742961
     92.9093230925000029      63.9519179336000008     101.7751615405999956      -0.0958487803659560
    117.7879436775999977      72.6423898099999974     112.0441215352999933      -0.1631221284108939
     95.1650890051000005      61.7983861969999992      95.4770827658000059      -0.0949157982522140
    102.4318413217000057      65.3627873566999966      90.2126841067999976      -0.1042998514852105
    114.5926060034999949      69.5761204208999970     117.7964474446000054      -0.1426807327187198
    101.8361996901000026      55.6497847479000001      92.3656489255999986      -0.1029169217237813
    101.7721379789999929      74.9229111329999995     115.9987511116000007      -0.1176210533285671
    112.3219112555999999      68.0361827127999987     116.4076878155999992      -0.1666057076863581
    114.3505321044000027      49.9874097956000014     101.5914801745000062      -0.1387004111424357
    107.3479634809999936      66.8428207510000050      92.8462062444999958      -0.1321888776738565
     94.9891555156000038      63.6716715694999991     106.7972973278999973      -0.1081326147494748
    102.4909897450999949      72.5308959765999930      97.4915306696999977      -0.1274920597730151
    100.7730398488999981      72.5773832360000029     101.2811871672000024      -0.1362932962566461
    118.6604301665999941      57.0969369099999966      93.4426037664999996      -0.1470082927940197
    103.0769937742000053      77.2223297159000026     107.9530537426000052      -0.1387210152055438
    101.6298416120999946      69.4264541226000063      94.7100429870999960      -0.1173466048280805
    105.7562472807999967      49.2836758374999988     106.3917621308000037      -0.1137714100207807
     94.5365661412999998      58.9477345431999993      96.9788480090000036      -0.0927615907894941
    116.1117567257000047      59.4264021361000019     117.3769282750999992      -0.1367646035478369
    123.8222167044000059      67.5888845712999995     115.1857909912999958      -0.1236523348042242
    108.7962494787000054      79.4505056290999931     109.3113887832000017      -0.1379725728149683
    111.8466451694999932      54.1302560804999970      97.6236225163000029      -0.1589643568641161
    116.5411024704000056      74.1902643672000011     114.5440400455999992      -0.1433294026723990
    116.8364666423999978      57.2588864271999967     115.9346894006000070      -0.1388241992986057
     98.2784125712999952      58.2011038050999971      98.8415509159000010      -0.1121938178919830
    119.6984566521000062      70.8420478606000046     115.2035544155999958      -0.1374550721200185
    116.5012292520000017      76.2935293926000071     106.4531782253999950      -0.1593816013710665
    113.7125606105999935      79.6676351451999949     106.2951971327999985      -0.1358476931985244
    109.9378329484000005      60.2612830779000035      91.6432066801999952      -0.1339576504590951
    117.7450468977000071      50.4753370458999981     109.3508840563000035      -0.1338312559948598
     98.3146953102999959      75.2664633177000013     111.2351298396000061      -0.1147968703207347
    116.4396241847999960      65.8295496758999974      91.4085027123999936      -0.1352779854404220
    108.7049757134000032      81.1593848405999978     110.3246598582999951      -0.1208028731085529
    100.1813666417999968      56.6653234942000026      94.8990155859000026      -0.1080191123631780
    123.8303425261999990      50.0091416444999979     106.8672171894999963      -0.1175641942631271
    113.4349598629000013      81.4288597665999987     109.3656239190000008      -0.1196332418955617
    122.4088906375999954      66.6453443852000049      94.8530952443999951      -0.1410576146538576
    117.2797963592999935      73.1558283611000064     117.2325532095999989      -0.1272883057180456
    123.1277424035999957      67.9248778519999945      97.5251677922999960      -0.1473124578262412
    103.0645215826999959      68.6514774947000035     117.1645230740000017      -0.1342249763286469
    126.6855295224000031      61.5721859961999982     100.7452608768000033      -0.1463921150976262
     99.4211298766000056      67.8895399759999947     103.7886645815000008      -0.1440372897660751
     96.5368411001999931      51.9151192766000023     105.3465546864999993      -0.0929040701236410
    101.1572211424000045      56.1486724088999978     110.1271834923999933      -0.1210847395147727
    115.8075108416000063      71.4616890122999990     116.4126011031000019      -0.1452180379113335
    104.8142188755000035      61.4580465463999985     118.0224586727999991      -0.1277251649733921
    116.3848221310999946      69.4440285743000061      90.5870388250999952      -0.1195328051791904
    103.0892769931000004      53.3210754121000008      96.5472345932000025      -0.1150428503295755
    114.7749645613999974      49.9293952077999990     109.8444804844999965      -0.1290972071843441
    102.8793284358000051      64.8081527789999967     119.2184662509999953      -0.1186223945772555
    110.9229471061999988      69.7877697315999939     118.0173564125999945      -0.1456727193138718
    108.1053656571999966      48.9665798166000030     112.3434541319000033      -0.1075551793026364
    125.2238264701999952      59.5337385723000025     105.9588259068000013      -0.1641479149204894
     95.1339085263000044      63.3774412331000008     111.3473795632999952      -0.1058960456166611
    116.2181482989000045      56.7779511630999991     118.1046617532999932      -0.1229624379644800
    115.6994185150000050      66.0221127540999930      93.2328441818000044      -0.1524375483208047
    114.3938068294999937      66.6576276041000000     120.6399181395999989      -0.1234395801444510
    103.1951016484999997      70.8303315594999958     116.7542635619000038      -0.1340187179778782
    107.8018756634999988      47.2410710163999994     106.9911832143999959      -0.1074890079057393
    104.8406750392999953      48.2947822276999972     102.1568861902999998      -0.1066732142439939
    113.7531897193999981      74.2256022432000009     100.1307219852999992      -0.1653348278869800
    121.9532777017000029      65.7902433752999940      96.9858399950999939      -0.1660346515079034
     95.7306839934999942      71.0525633358000022     109.8276619232999991      -0.1122285514475978
    101.2692818934999934      58.5688444824999976      93.4607451359999999      -0.1112499643818001
    122.9346124075999995      49.2564637832999992     104.8794144220999982      -0.1182425868788295
    120.1663528068999938      68.2850596254999971      91.9429172219000037      -0.1246651035005435
    109.0252842685000019      53.5476535581999968     116.9683695164000028      -0.1142748601409069
    101.5024740804999936      51.3353513432999975     107.4868583412000049      -0.1078387362237248
    120.8458982724000066      71.4382564099999939     109.5090541216000020      -0.1565785590864976
     97.2991565640000005      64.2716595708999989     100.7711501228999964      -0.1168743424046621
    102.8772497372000032      51.4292707249000003     100.5564772505999969      -0.1143490837152576
    122.8321892590000033      57.5463137500000030     113.1906182926000071      -0.1375270308826266
     93.1755854843000009      61.6392712688000017      99.5528437779999962      -0.0932883842388188
    122.4497087188999984      68.2674851737999973     116.5428032237000053      -0.1225064797964919
    101.1188597048000020      64.1724489565000056     115.2353018122000066      -0.1334905130752997
    102.8683680249999952      56.0713826158999993     114.9161270927999965      -0.1161956411338032
    123.2377244561999987      52.2743561870000022      95.0774057192000015      -0.1155695486514601
     96.8261581490999959      53.9605586866999971      97.6262681327000053      -0.0942278459471853
     95.8661773469000025      59.5125736411999995      94.8340090118999939      -0.0944395399424831
    122.2732083116000013      60.7420293694000009      90.0554589045000000      -0.1151828447062258
     96.8297486284999991      58.0062730556999995     105.9352043318999961      -0.1072604224347264
    118.2497927091999941      71.2181033324000055     101.0119012138000016      -0.1758166619464738
    110.0812631508999999      78.6091996189999946     115.2230185932999973      -0.1228415048755753
     92.3475075560999983      61.2569797012999970     102.8341639845999964      -0.0923194045771583
     99.4676171358999994      72.0798183832000063     102.5601537162999932      -0.1331597350387437
    116.4067429525999984      53.1853930862000013     115.9985621390000006      -0.1204865587920416
     98.6905618093999948      50.6720575212999975     101.8059640742000056      -0.0963477741300913
    123.7575880755999975      64.8601202436999955     105.0759459248999974      -0.1785821235426273
    106.5402945934999934      71.6438585976000013      91.0898949106999964      -0.1099994592779039
    104.9822155158999948      52.9314139132999983      93.7891795128000041      -0.1099970375752584
    106.2097815181000016      52.9735548028000025     114.1437960811999943      -0.1166249567538804
    111.5949336678000066      74.3767803222999930      99.8000199372999930      -0.1644042801383367
    100.0923605477999985      66.2605961738999980     111.8560937994000000      -0.1480931400061127
    105.0551589389999947      74.5321157986000031      99.4045002879000066      -0.1422934456758806
     99.8243974025999989      51.1072614165000019     110.1441910263000068      -0.0982801005174165
    111.9182657844000062      76.4552899372000070      96.6530592485000000      -0.1277704570371405
    111.2183112783000070      71.4040523695999951     119.5348063815000046      -0.1278674467694758
    104.1798378610999976      70.2955391046999978      90.9230321059000062      -0.1067074573217104
    122.3089241328000014      64.4183023076000012      93.1767193199000019      -0.1356163629138303
    127.6319042973999984      65.3077963303999951     102.2097985179999995      -0.1339856635566896
    105.7883726225999936      68.4156396913000009     119.9382628800999981      -0.1233692539685682
    113.8722424566999933      47.8520194285000002     110.3229591048999936      -0.1135145200432683
    119.6474340503999940      72.5499822090999942      95.6310954339000006      -0.1299967873899366
    115.5803657776999955      48.5313759213999987     111.0219687480000061      -0.1159692518789175
     95.6834408437999997      54.1945067640999980     108.9833323514999961      -0.0935815087484171
     98.9005103668000061      71.9902453713000057      98.2615940099999960      -0.1143319137092487
    114.9507090782999938      77.8049322381999957      98.4554798964999947      -0.1259007773920828
    124.3477495018999974      55.9513850156999979      96.1770372720000069      -0.1327967185011207
    106.4699967866999941      73.2098745244000071     100.6090116330999962      -0.1689984969059548
    108.8841217371000027      53.6385493781999969      96.4334730886999978      -0.1381743898614083
    110.4915226629999978      53.4841587649999965      99.7134704870999968      -0.1593996259969526
    111.4239134657999983      53.4951191756999975      95.0373435282999992      -0.1360191365363406
    108.9323097498999999      71.9800408509999983      93.5746956131000047      -0.1270512216866599
     98.5382498948000034      64.6647225764999973     108.4192491439000037      -0.1348158853142785
    113.4716205471000023      65.4342189990999969      92.5746526198999931      -0.1467068841887844
    106.4696188414999938      64.1046077934999943      92.7105239185000016      -0.1322645359893198
    104.5419093605000000      70.4312214307000062     115.3067334546000069      -0.1566769357454607
     95.5579630380999987      55.9553534401999997     103.0163335698999987      -0.0979274152852323
    101.4059090825000027      73.5284823260000024      96.0577955620999973      -0.1131806335833803
    117.9068074423000070      58.9307270093000000      88.7366191371000070      -0.1143656465472995
    111.2687669622000044      79.8316633609999968     100.0572116443999988      -0.1221922626157070
    105.6621389265999937      78.1259966836999951     104.5608066204000011      -0.1413213131561655
     99.6594243237999962      69.5615695307999999      98.2041463399999941      -0.1228556398400062
    117.6970478575999977      64.5496382638000057      93.3513300011999974      -0.1568730719429663
     96.3627973366999981      58.7776592041999990     103.5462127371000065      -0.1063110796398590
     97.1506241012999965      72.9405885710000064     103.3317288373999929      -0.1158806902034817
    119.0446114599999987      61.5948627080000009      90.8068139575999993      -0.1306662365691604
    111.0117642276999987      79.4257502187000028     103.5025600668000010      -0.1366890344489304
    122.9996189815999941      70.0517644522000040      96.2004698742999977      -0.1308517080407636
    116.3630902822000053      74.7303480548000039     111.3131755228999964      -0.1628231651553804
    124.4669912117000052      60.5560803321000023     114.6714075772000001      -0.1255454159512208
    126.7749135616000018      62.1360802311999976     106.8966969149000050      -0.1441886869005868
    106.8570126692000031      72.2999714607999948     119.1617744713000064      -0.1242455603948933
    127.9964324406000031      57.5616205306000026      98.5541235931000017      -0.1221437327691151
    105.0534581856999949      79.0364666650000061     101.8961040039000068      -0.1240182027665693
    118.7055946177000010      55.1302990735999998     111.8615740048000049      -0.1564084430382309
    124.3726938849000021      57.8460242917999992     101.4637346977000050      -0.1701790434831061
    107.5495972439999974      77.9876687412999985      98.6722314672999943      -0.1248355559731484
    105.2006678401999977      49.8024056213999984     103.4953791080999963      -0.1162218360049767
    104.4693438826000005      60.7529897801000018     115.0871472947000029      -0.1444824010330823
    106.0650285072999992      76.3560793227999994     105.8218207726000060      -0.1673664109289685
    103.2999814407999963      73.3308169876000022     102.7283393292999989      -0.1619949055917491
    119.5109958339999991      72.6319963170000023     100.4236295136000052      -0.1535149329235885
    108.2091116139999940      68.6371155771000048      91.4472420950999947      -0.1217604369496881
    111.6510585296999949      48.9650680358000017     112.8897739151999957      -0.1111431668999900
    110.3673676655999998      74.4179763488999981      97.4726334097999967      -0.1443449499736307
     99.0065239947000038      72.7206244659000021     115.2301995521000038      -0.1145927788563608
    125.1098759931000046      60.9858040219000017      92.2237305037999988      -0.1167931780788090
     96.0054501521999981      66.5826054822999964     103.4819620534999984      -0.1149232327998071
     93.4456273281000023      63.6697818434999974      99.5035219296999998      -0.0955555582984999
    126.2924665167000029      54.1446179980000011      97.7961544989999965      -0.1195154848977644
    115.2933164000999966      59.0747241295999999      90.5685195103999945      -0.1302368916227019
    126.9190996545000019      58.0673112050999976     103.5103079433999937      -0.1420286150740226
     95.9153102225999987      55.3723729728000009     110.5909222500000055      -0.0955673965267110
    125.5307179706999960      57.5495262841999988      97.1283253346999942      -0.1355489294041856
    110.8949791616000056      47.1841902641999980     106.7961634922999963      -0.1126965817819388
     94.7142003841999980      54.3596688155000010     101.0856005274000040      -0.0908821081370226
    102.0616440004999959      70.4913147171999981     113.7949526637000019      -0.1515944821935804
    108.7038418778000022      51.9183318107999980     102.4989265943000021      -0.1439850730334360
    104.9589718862000041      48.0648025747999981     109.7004833641999966      -0.1019294507298136
    119.6188991880000003      72.8170004913000071     113.7297571170999930      -0.1388471055539915
    121.3491323031000064      49.2114883046999978     100.9408475167000034      -0.1212331168637588
    121.2032454568000048      48.4856445524999984     106.1443969989000067      -0.1178152423668246
    121.9905053037000044      55.1941718120000004      94.0180253300000004      -0.1291222225688040
    122.4003868706000020      57.0513945136000018      96.0848186438000056      -0.1521557545098364
    114.4760099100000019      73.3801388358999986     118.1496372317999999      -0.1280861162469185
    110.9735917626999964      70.9015742292999960      93.1447829507000051      -0.1309305885276180
    100.5923820443999972      71.3235500425000026      99.2514324829000003      -0.1294745510644582
    102.1744606419999997      70.1679826004999967      99.0685070071999974      -0.1419833164720110
     99.9910712348000033      75.9261666603999998     113.1796578817999972      -0.1162375187044260
    124.5968153871999959      58.9592618717000008      99.8482079501000044      -0.1654869636878562
    113.9954525911000047      72.4883771419000027      92.2252422846000002      -0.1207300949723162
    125.6773607073999983      57.3284283436000024     113.1235330199999964      -0.1210477286044291
    122.5802887847000022      66.0540491233000040     108.9483724207999984      -0.1697229676619774
     99.1705522105000057      69.2815121393000055     106.1360822044999992      -0.1473430538491058
    120.8697088197999960      65.5190676959000058     116.0325772067999992      -0.1365094377583196
     99.0292007065999940      72.4957470732999951     111.7064275010999950      -0.1289407562105609
    123.7366121170999946      51.2801713444000029      97.9660408654000037      -0.1187054594907710
    119.8169424716000009      64.2947142279000019      93.9382788932999944      -0.1567238420682635
    117.0061640361000030      71.0716495683000034     114.0135939606000051      -0.1621313449556734
     94.6764058644999977      66.6939103431000007      98.8022446153999994      -0.1004005853071543
    118.2582964762000017      65.0774387323999974     115.6568996803000005      -0.1531896953353975
    105.1233780472000063      51.6110623650999969     107.9872577830000040      -0.1222410765868478
     99.4908607656000044      76.9764763648000070     109.6392562422000054      -0.1167694657774749
    109.4327091915999972      48.4537081833000016     101.0009408030999936      -0.1178627748143697
    120.6416188930000004      52.1193986560000013      96.7418763700000000      -0.1316360789060322
     95.9729468652000008      68.4061910613000066     112.2484009145999977      -0.1121936574589659
     98.9503991329000030      59.1300931011000017      97.3108728651999968      -0.1145875092274649
    108.2344339423000008      67.5611055992000047     118.8495917380000009      -0.1385628610760534
    111.9942327691999964      65.5366421476000056      88.7759254375999944      -0.1157751021176283
    110.0604761649999972      51.1768033329000005     106.5554124014000053      -0.1395713007779040
    124.5335095665000011      62.8473730932999999     101.3350443579000029      -0.1754231704509852
    111.5004473684000033      50.4995255385999968      95.8072178959999974      -0.1211199988391334
    105.8921185794000053      50.9874527887999989     100.5557213601999962      -0.1236228889698836
    110.1955915732000051      61.1324467585999969     117.5092090943000045      -0.1449961196938112
    104.4128410754999976      49.9817406176999981      98.0127170972999977      -0.1082219128902260
     99.0184292685000003      60.0088156858000019     115.0654154459000011      -0.1115034151415069
     99.9784100706999936      51.9105839341999982     104.6649305223999988      -0.1058551536062495
    118.9544715303999993      49.7279504174000024     105.4121281782999944      -0.1344055453288133
    113.6997104738999980      78.9387678313999999     103.0017826798000016      -0.1368602335460238
    118.9008033122999990      55.3266416037999988      92.2586904345999983      -0.1275783399750319
     99.8536881553999933      64.9215363384000028     110.5225141692999955      -0.1469603527620311
    103.1556063752999961      63.1954606203999987     117.0528402680999989      -0.1316223215690329
     94.5730378529000006      61.3367261380000031     101.2411249763000001      -0.1005053396553945
    118.2452573669000060      48.6107444128999973     109.6770507619999933      -0.1182147281980628
    106.2122381619000038      75.8396172101000019     110.2558738322999972      -0.1691340526392722
    117.0798633497000054      75.0455543496999979     103.8198450602999969      -0.1630026255490851
    122.3183727626999939      49.4652785050000006     108.3740846927999968      -0.1172551895707041
    118.3102639409000005      61.9952956449999988     115.3108908517999964      -0.1542421468559958
     97.7617614859999975      55.1881246888999968      98.8980537230000039      -0.1027296320834434
    124.4539521023999953      50.9377529953000021     108.4075328427999949      -0.1174614275397596
    111.4660543554000043      73.5598517773999987      93.0484069253000001      -0.1211121369068664
    116.9315198596000016      52.5617835099000033      98.2455313390999976      -0.1533405783125321
    104.7161420966999970      69.9438610983000046     117.5613655316000035      -0.1367103353000720
    118.4039943499000032      76.0712976163000008     110.7528717672999932      -0.1406029210885862
    127.1337725269000032      57.4809292308000011     111.1793829229000039      -0.1208395466367413
    105.7354602948999940      50.5242809490000013     110.9357972429999961      -0.1126886138717946
    109.1974383060999969      68.4727094161000025     116.4373565135999939      -0.1663587637622044
     98.3356712687999988      70.4748741010999993     103.3895544526999970      -0.1304976462666678
    112.5118287174999949      50.1145883546999968     111.1143763488999952      -0.1242419487941184
     94.2423358048999944      55.2559658519000010     107.3706401928999981      -0.0914992620233646
    111.0820620344999980      52.4164635814000022     111.1325177183999955      -0.1374200703950077
    112.3532807069999961      69.8767758256999940      94.8918346271999980      -0.1493932658566166
    107.0134819809999982      75.3539576310000001      99.2901718656000014      -0.1441102073696783
    123.7339665007999940      71.1769073058000004     100.6076888248999950      -0.1372152526635517
     98.4874162657000056      70.1267865739999934     115.8751630320000032      -0.1141477291413144
    122.9635252151999936      71.5153572303999994     105.2730443454999971      -0.1464547670729450
    122.5116917313000044      60.4054691707999964     113.7830473899999930      -0.1422347640405679
     97.5348053948000029      59.0652754997000002     108.3532977068999941      -0.1123161795074878
     99.1425842658999983      59.3689544659999981      92.1439840671000070      -0.0990680595452380
     95.3659668777000036      65.2393882495999975     105.7088151585000020      -0.1118490221081556
    103.5144653404999957      70.2252412980000003      93.7236060209999948      -0.1181583269941955
    112.6945652205999977      77.9572441529000031     106.4603591842000014      -0.1575912433530977
    102.9660668586000014      54.6051442214000033     111.0820620344999980      -0.1214652349643668
    121.5356482581999984      70.7539866296000071     107.7393257332000047      -0.1595939732133491
    128.8205419443000039      60.6371495770000024     107.3358692346999987      -0.1246625702277084
    103.7060835558000065      50.3086632137000009     113.1129505544000011      -0.1017645445286446
     95.0346979118999968      68.0798353831000043     106.8757209565000039      -0.1116122754283184
    101.4635457251000048      48.9569422141000032     105.8989215929999972      -0.0996209750636190
    105.5272124910000002      62.5837563178999972      91.2040343604000014      -0.1195348445327218
    111.9853510570000026      78.1658699020999990     115.6990405698000046      -0.1228086151172896
    100.0432276721000022      56.8153677377000008      92.5020871419999935      -0.0997413342236184
    103.3750035625999999      74.8218107926000044     105.1925420184000046      -0.1619625530983679
    111.8967229082000046      67.0684540339999984     119.0816500894000001      -0.1386329522512586
    101.0326881997000044      61.7065455138999965      93.1071774035000033      -0.1123435230579970
    122.2541220791000001      61.0283228565999991      94.7281843564999946      -0.1536021968230417
    122.2828459140999939      72.8440235730000012     106.6362926736999981      -0.1433049696908615
    115.1083122258000060      76.2071689148999951     103.0934343903000041      -0.1597439549136990
     97.3004793722000016      69.6622919259999946     109.3918911102999942      -0.1267092600968640
    107.8869133329999954      77.3980742329000009     105.8535681692000026      -0.1622660282640780
     98.5201085253000031      73.1586629500999948     107.2251312917999968      -0.1296976418638476
    117.6951581315999960      60.9064355304000031     117.4581864926000065      -0.1360203232452051
    106.5556013740000054      52.1345164638999989     102.2608211196999974      -0.1369077116788802
    117.2115772510999960      69.4466741906999943      96.3707341858000035      -0.1610693127028764
     98.0289687407999963      55.7442710473000034      94.4401901158999948      -0.0961480141583291
    106.8857365041999969      58.3787380480000024      90.6618719742999986      -0.1160333611194559
    110.4818850605000051      54.6648595626000002      91.7764323622999996      -0.1202083892633645
    101.5820315445999995      57.9263376464000004     114.6655494266999966      -0.1186293707417825
    115.5627913260999975      69.2236865240000014     115.6487738584999931      -0.1614989626788823
    128.4628168145999894      56.7586759579999978     102.7969363826999967      -0.1238294156088493
    128.8492657792999978      58.3825174999999987     106.7186847268000065      -0.1226625625276601
    124.2746171060999956      59.0803933075999979     108.9685924887999988      -0.1601605590451385
     94.3177358717999965      66.3405315832000042     107.7431051851999939      -0.1068279969511607
    116.5962824692000055      60.0543580821000020      92.3176498855000034      -0.1492276838603050
    115.3672046861999974      77.4122471777999976     101.3320207963000001      -0.1397632802847841
    107.2757759482000068      49.2186692634999972     104.7558263423999989      -0.1189690641658379
    115.1899483884999995      63.5078323262999973     116.7183587681000034      -0.1547247947003285
    101.7224381854999962      77.2986746458999932     113.0258341864000045      -0.1185979333043230
    116.2612340513999953      63.0811321981000006      88.7411544794999969      -0.1181755669450553
    117.8161005949000071      67.6948981991999972     117.6367655985000056      -0.1364425966540690
    125.5520718743999993      65.3531497541000022      99.7692174036999972      -0.1482095848632072
    124.8479599709999945      66.7294371915999989     101.8458372925999953      -0.1548195563313897
    126.3542605565999963      54.7890145601000000     110.7337855348000062      -0.1190342246134817
    117.5358542307999983      79.4758279573999999     110.5606866341999961      -0.1214991283463238
    100.4204169794000023      75.4788685189000006     107.8141588823999939      -0.1330449289758802
    120.7281683432999984      57.8127651144000012      89.6939543228999980      -0.1135389752178666
     97.5077823131999963      59.9734778098000021      93.1445939781000050      -0.0968200370511134
    123.2354567849999967      60.4678301284000028     110.6075518387000045      -0.1619465232141621
    119.3121966599999979      53.3497992472000035      94.0452373842999947      -0.1285190573552759
    106.8458632857999930      75.6362826936999966      95.3625653709000005      -0.1192374640370586
    115.3617244808999942      64.0823090268000044      92.8448834362999946      -0.1546177093958434
    122.4345909110000008      68.5758884550999994     107.4303555341000020      -0.1645466456380760
    110.8828849152999965      49.3543515894999985      98.9640051599999993      -0.1229088233713078
    118.8565837241999930      51.6968559248999995      96.1770372720000069      -0.1307878189745004
    104.6148527837000017      58.0058951104999991     114.2499986817999940      -0.1356047347380915
    110.9008373121999966      56.4379894576999988      92.9728178856999961      -0.1363712729146442
    100.7730398488999981      77.8945052500999964     105.5918411197999944      -0.1199396761002838
    104.2078058058000067      55.8771187843000021     117.6420568312999961      -0.1097049721254857
     98.3734657886000008      56.8663903392999970      96.2507365855999950      -0.1042361464707042
    107.8903148396999967      47.2801883444000026     105.0389072954999961      -0.1091349240399779
    105.6290687217999960      80.3912112261999994     104.8355727792000067      -0.1225093244851143
    110.7861309447000053      70.8380794361000028     115.7566772124999943      -0.1689702746391237
    107.5656599148999959      59.1162981013999982      92.3605466653999940      -0.1306103679138051
    118.8231355741999948      64.3139894330000033      89.3301820700999940      -0.1183791578098088
    116.5497952098999974      74.9006123663999972     116.6163135646999933      -0.1262784794028766
    115.5100679709999980      62.4750970735000024     118.4143878428999983      -0.1366118902589708
     98.2818140780999983      75.9647170705000008     108.5965054417000033      -0.1155281200878076
    106.6378044544999995      71.2145128530000022      93.1075553487000036      -0.1217365553695977
    117.2142228674999984      68.8682290655000031      93.0092895972999969      -0.1368882268160050
    125.4076968088999990      57.4752600528999977      93.1750185665000004      -0.1157032438833756
    104.8130850399000025      63.4269520539999974      93.3415034261000045      -0.1306923862696898
    119.3957225486999931      50.1085412314999985     102.5815076199999965      -0.1368193564930014
    117.7645110753999944      49.5992600776000003     103.7967904032000064      -0.1361594747828505
    122.2286107781999931      55.1074333891999970      98.2527122979000040      -0.1559111228515313
     94.6890670285999931      61.7435841432999979     107.0920945822000050      -0.1038903582925848
    116.2971388451999957      76.5898384276000002     115.6294986534999936      -0.1242121846669635
    118.3272714747999999      72.2476260509999975     115.0637146924999996      -0.1404648901082286
    108.7580770137000030      61.6468301726999997      93.1708611692999966      -0.1449770111187654
    103.1440790468000017      74.6402081251000027      95.8784605657999975      -0.1152432592453074
    112.3306039951999935      72.1486044092000043      98.3645840764000070      -0.1680806175086538
    118.9550384481999998      69.0383044044999963      98.5968314004000064      -0.1753567201040287
    106.3636052134999943      74.4363066909999986     115.6559548172999996      -0.1410693290330478
    111.5922880514000042      81.2022816205000026     110.9631982698000030      -0.1200225032171875
    117.7269055282000068      77.9413704546000048     113.1275014444999982      -0.1229815549406181
    101.7864998966000059      74.8643296273999965      98.7527337945000028      -0.1215810452329453
     94.2041633399000062      61.1802568260999990     104.6700327826000034      -0.1005900447832575
    115.6950721453000028      63.3725279455000035     120.4911967042999947      -0.1217614622987329
    111.4807942181000016      71.4940033266999961      96.8055601357999933      -0.1570783149947221
    110.9732138174999960      63.7856220465999968     121.6598032556999982      -0.1174221825902118
     97.4539251224999958      70.1698723264999984     105.8135059783000003      -0.1279397484147591
    114.1927399843000046      50.9957675831999993      97.5705212160000031      -0.1350864475128537
     94.2009508057000033      54.4588794299000014     104.2457892980999929      -0.0903458082151527
    114.7277214117000028      72.5626433733000056     114.0593253294999982      -0.1680612876668732
     96.0005368646999955      67.6625838848000001      97.2010797851999939      -0.1026932358729988
    102.6149557699999946      50.6936003976000009     104.2603401882000043      -0.1114660225756872
    104.0371635489999989      66.4626078821000021      89.5990900782999944      -0.1052049950281164
     93.8201710190000000      62.4304995402000031      97.9322147702000052      -0.0942966170704533
    122.9159041202999987      54.0709186843999987      96.2021706275999975      -0.1316716150373294
    107.6924605286999963      58.1704902441000016     115.3898813981000018      -0.1429093938860575
    106.9375149962999956      60.7775562180000009     120.8853935454999942      -0.1136883900819514
    108.6261741396999980      54.8946502427999974      92.6504306320999973      -0.1222285836904318
    107.1094800612000029      79.4471041223000043     100.7496072465999930      -0.1229826200688438
    102.9210913800999947      78.7091661238000029     111.0886760754000022      -0.1211796146104467
    104.9421533249000049      62.5718510441000006     116.0165145359000007      -0.1476896442887856
    124.4596212804000004      68.9338025572999982     113.9663508108999963      -0.1231400767756279
    112.0352398230999995      61.7906383203999994     117.4774616976999937      -0.1481621110549334
    104.9808927076999936      77.3867358770000067     110.8743811483000030      -0.1416110243324162
    118.9176218735999981      75.9764333716999971      99.6044332974999946      -0.1309789298158597
     95.4062180412999936      53.2972648646999971     106.5881046610000027      -0.0919294969956006
    117.5545625179999973      74.5971223725999977     100.1944057511999944      -0.1481917054245265
     98.4205199656999952      66.6536591794999964     101.6799193508000059      -0.1281528682231272
    118.2006598334999978      58.9394197487999989      90.7221542333000031      -0.1286683536249296
    114.4822460057999933      51.2571166873999999     106.0107933715000001      -0.1528045466614323
    119.5372630253000068      48.4049532527999986     101.5555753807999935      -0.1209662112363965
    126.6201450031000064      66.8265691075000063      98.1344154509999953      -0.1287069949384323
    110.8902548466000013      58.5238690039000033      92.1010872872000022      -0.1366202273602344
     92.5731408391000059      60.1584819840999998     106.5480424699999986      -0.0928494191312126
    124.3277184063999954      68.5834473591000062     106.4938073341999996      -0.1495845469021244
    103.9247248526999954      51.4464672313999998     111.3968903842000060      -0.1104926096748136
    113.8811241687999996      53.8749540994000000      93.2963389749999976      -0.1307503440725641
    109.4928024781000033      74.3945437465999930     113.7728428696999998      -0.1681329593504390
     94.8659453811000049      64.9546065432000006     110.1965364362000059      -0.1075392077304276
    101.7451148974000006      53.3673736989000034     105.6789574879000071      -0.1194108624315948
    121.5067354506000044      71.4628228479000001     113.0861164453999947      -0.1363677952134426
    109.4521733692999987      77.8315773747000037     108.2873462698999987      -0.1606238611191753
    119.8498237037999985      52.0368176302999998     103.8396871831999988      -0.1575657471742105
    104.4035814182000053      59.6624289120999975     117.0636117062000068      -0.1264249824766779
    106.9507430782000057      56.6696698638999976      91.4833358614999952      -0.1170474621976405
     93.0555878840000048      57.2390443043000019     106.1421293277000046      -0.0908233435744554
    102.1585869437000014      70.8161586145999991      92.3962624865999942      -0.1066383514435225
    121.6858814743000039      69.7006533634999954     114.0716085483999933      -0.1361939235806071
    101.2044642920999991      51.2641086734999973     112.3285252966000058      -0.0997721826750384
    105.5548024903999931      48.8590544078999969     111.8264251014000052      -0.1030486936311039
    117.7369210758999998      72.9390767902000050     102.3802518021999930      -0.1718002112183665
     99.1306789922000036      64.3478155282000017     116.1939598061999988      -0.1164950643587774
    103.6900208848999938      65.9599407691000010      93.9615225229999993      -0.1274264061968111
    108.0379024393999998      55.3555544115000018      94.5577310724000029      -0.1342596415576818
    109.9170459624999978      48.1129905876000024     110.7515489591000062      -0.1100150000128499
    100.4525423211999993      71.1188927179999979     111.3481354536999959      -0.1492917301937489
    118.8932444083999940      71.7321088013000008     117.5320747787999949      -0.1243191075491366
     95.2949131805000036      63.6015627352999999      99.9952286320000070      -0.1044720629279343
    114.3705631998000030      48.0676371638000006     101.6128340781999952      -0.1225440251175147
    106.4722644578999962      70.9042198456999984     115.6028535169999998      -0.1618830161654206
     94.5741716885000017      63.0815101433000009     102.2812301603999998      -0.1030872503074667
    108.0813661372000070      64.4336090880999990      88.7411544794999969      -0.1110772964573039
    105.7502001576000055      72.3925680342999982      98.1739107241999989      -0.1482002421595325
    104.1826724501000001      51.8166645526000025     115.0877142125000034      -0.1037770789123584
    104.8280138751999999      63.6011847900999996     118.3130985299000031      -0.1307160754164336
    119.9737897285999964      50.6798053978999974     112.5277024157999932      -0.1183040100904904
    122.7335455623999962      66.2927215156999949     106.2572136403999963      -0.1791163755090466
    119.3031259753000057      78.2658364068999930     110.1884106145000004      -0.1231865059704900
    100.3406705426999963      73.8916876610000060     112.3060375573000016      -0.1308802427205098
    101.0782305959999974      69.1819235796999976      92.1940618058000041      -0.1049470939781196
    102.3503941315999981      76.4086137052999987     114.8724744224000034      -0.1187771255904986
    111.1774931969000022      57.5164560794000010     119.9856950024000071      -0.1157062725046893
    108.2298985998999967      74.6128070982999958      97.4595943005000009      -0.1395201167200995
    103.0495927472999966      67.5029020388000021      94.9950136660999931      -0.1282585604363131
    108.4542090747000032      50.3097970493000020     110.8380984094000041      -0.1188435798740075
    116.6890680152999948      78.4249513351000047     106.0219427547999942      -0.1373437215279223
    113.1036908970999946      74.8240784638000065      98.0236775080999934      -0.1456848099152470
    123.9408914965000008      70.2673821875000044      98.6461532487000028      -0.1346678379917146
    117.5662788191999937      67.6079708036999989      90.2604941743000069      -0.1209450211355891
     95.7478804999999937      56.3589989114000005      96.6027925372000027      -0.0932212460543278
    120.1374399992999997      59.8627398669000002      91.1628383337999963      -0.1292139258566660
    113.4124721235999971      76.3366151450999979      99.2072128947000067      -0.1419530377805271
    116.1461497387000037      73.1688674704000022     112.8294916561000036      -0.1664103480669041
     96.3954895962999956      66.0797493967999969      99.3466746727000043      -0.1099810668558412
    106.2473870652000016      70.7205384795999947      95.3536836587999943      -0.1358918740502180
     99.4045002879000066      59.8241894566999974      94.1446369713000024      -0.1075594988326376
    121.2253552508999945      58.4101074993999987     116.7822315064999970      -0.1239793267195521
    124.1897684091999992      69.1242869369999937     108.9423252975999930      -0.1425940832384338
    102.9802398036000000      64.6240934677000070     114.3299340911000002      -0.1564143163744305
    119.2779926195999991      78.6292307144999967     104.5237679909999997      -0.1240594517912301
    111.8525033199999967      52.7768343274000031     114.3201075159999931      -0.1264498693535145
    102.9052176817999964      59.9358722626000002     118.5674556479000046      -0.1135953051527068
    116.8313643821999932      55.1781091411000020     112.2134409839000000      -0.1582783842353628
     98.9946187209999948      59.9625173991000011     110.2141108879000058      -0.1218065855708677
    104.3986681306000008      53.5690074617999983      99.3385488508999970      -0.1318138246042331
    112.8400741216999990      67.9371610710000056      91.3382049055999943      -0.1292880975502584
     97.7472105959000004      50.9666658029000033     103.7880976637000003      -0.0945788148572255
    105.0396631858999967      56.1755065178999970     113.7371270484999997      -0.1299713252485102
    122.3459627621000010      67.6501116933000048     104.7730228488999984      -0.1771606803613039
    113.9162730721999992      63.2810652076000011     119.0954450890999965      -0.1348223475824053
    103.5824954760999930      76.8264321213000017     100.2896479409999984      -0.1266023747442233
    113.5823584900000043      49.4477040533000007      96.5444000041999999      -0.1195926150465727
    113.3894174665999941      69.5931279547999964      90.0535691784999983      -0.1169765043164190
     96.0874642601000062      61.2110593597000019     104.3948886785999974      -0.1089745139664808
    102.0714705756000029      61.1908392917000015     112.5811816612000058      -0.1443067308901753
    107.7980962114999954      55.0014197611999975     113.4929744507000038      -0.1347236371809135
     99.6123701467000018      66.8883631472999980      95.6713465975000048      -0.1155961211784540
    125.3283283173000058      64.6324082621000002      97.4427757392000018      -0.1423644902091370
    123.4669482185999954      55.6856895417000004     101.8025625675000043      -0.1664369056168340
     95.1902223608000071      57.6168005294000025     107.0040333511000057      -0.0993901464575426
     98.6142168795000060      68.7862149575999950     113.2361606889000001      -0.1278949272962144
     97.8519014156999987      58.5658209209000020     113.8433296489999975      -0.1057387907374894
    119.4847286427999933      73.7994690328000047     101.9303080443000056      -0.1510137422610498
    121.2310244288999996      70.0351348635000051      94.3534516929999967      -0.1292258425770578
    104.0740132058000000      67.0996345127999945     117.5887665583999961      -0.1367472933903553
     99.5382928878999991      64.6093536049999955     113.8040233484999959      -0.1303327465940232
    116.8101994511000044      51.4258692181999990     104.0050382072000019      -0.1580946516357020
    117.0403680765000018      55.8551979627999984      93.8171474573999973      -0.1469254238129718
    101.4297196299000063      64.4916236759000014      93.2269860311999992      -0.1148797664202270
    123.7687374589999934      55.4260411907999995      92.5602907023999961      -0.1142971955280956
    115.5300990665000000      78.6500177002999976     109.5993830238000015      -0.1369037222068172
     99.5333796003999964      54.4617140188999969      94.2831538861999974      -0.0983429197954537
    126.0479359737999943      68.9099920098999945     104.9156971610999989      -0.1358245798554991
    103.0318293229999966      62.8702387777000027     119.3577390564000069      -0.1159412076474844
    101.0345779257000061      52.2119952294000029     100.0358577406999956      -0.1094129907090595
    110.7778161502999978      54.9772312684999989     115.5172489297000027      -0.1309203806936718
    104.9901523650000001      80.2462692428999986     106.7530777398000055      -0.1230710835646560
    105.1645740737999972      66.4833948679000031     115.8715725526000000      -0.1600185237960314
    105.9771562489000019      72.4749600874000066     116.9094100654999977      -0.1392544592344382
    116.9693143794000036      72.1397226969999963      96.1082512459999947      -0.1427176086967883
    114.6916276453000023      52.3658189248999975      99.6560228169999931      -0.1583435152755932
    101.7551304450999936      53.3401616446000020     102.9031389831999945      -0.1207150707042093
    122.2276659152000065      74.6133740160999963     103.2317623325999989      -0.1324284623862475
    120.9978322418999994      52.3448429664000017      93.0639026783999981      -0.1138737910225647
    107.7992300470999965      54.9110908589000033      97.4987116284000024      -0.1496899134046661
    111.4567946979999959      81.8264581146000012     105.6942642684000049      -0.1196547138761321
    121.3778561382000021      63.2495067835999976     117.9580190166000051      -0.1224666884368268
    125.7521938566000017      54.4685170324000012      95.9553724135000010      -0.1173425258689802
    125.0919235962000045      61.6405940769000011     105.5702982435000052      -0.1688869256991516
    110.2065519840000007      51.0626638832000026      99.8920495929999959      -0.1366122901666493
    107.9689274409000035      65.6985916648999932     119.3533926866000030      -0.1336101186190923
     97.8426417584000063      57.2479260164000010     107.5796438872000067      -0.1100202391426350
    127.3592168372999964      57.0931574580000003      96.7598287669000001      -0.1194734732141152
    125.5635992028999937      70.6623349191000045     105.4425527667000040      -0.1319609812637399
    123.5926149967999947      53.7120597191999991     113.1607606218999962      -0.1189057685490917
    118.0589303844000000      69.9009643182999980     116.5830543872999954      -0.1390225433093839
    107.2570676609999936      49.7033839795999981     102.8577855595000017      -0.1220607955912500
    101.1861339499999985      78.2125461339999930     109.5464706961000019      -0.1191499960425624
    105.0508125693000068      65.5413664625999957     120.4089936238000007      -0.1185877155484869
    119.8422647998000059      67.3966994382000024      96.7227901374999988      -0.1685310500027679
    126.2185782306000021      52.2469551602000024     103.1123316502000051      -0.1204072066504978
    111.2570506609999939      63.3579770553999992      88.7804607799999985      -0.1165995654908221
    122.7244748776000023      59.2669092626999969     115.9002963875999939      -0.1251451795301719
    110.3779501310999933      47.3865799175000006     104.8132740125000026      -0.1144950220369658
    116.3982391856000049      79.6999494596000062     102.0915016711000050      -0.1224860528305722
    102.4633997457000021      53.4518444504999977     101.0744511440999958      -0.1241045975653581
    111.8237794850000029      79.9059295923999997     108.1720729846000069      -0.1359582316864261
    110.1232150679000057      60.1271125326999964     119.1663098136999963      -0.1279361648411976
    114.6247313453000061      54.9207284614999978     117.4228486166000067      -0.1214047260757321
    103.4239474656999960      51.9531027689999974      95.0794844178000034      -0.1060049655094080
    113.0099604881000062      51.5734568179000021     109.6883891179000017      -0.1410558018834038
    120.0289697274999980      72.5656669348000065     107.9129915516000011      -0.1614622986416592
    124.5435251142999959      67.3434091653000024     108.1775531899999976      -0.1489756877992896
    122.0082687280000044      50.1752485589000017      97.8382953886000024      -0.1182947383307171
    112.2140079017000005      55.0479070204999985     113.5579810246999983      -0.1453318411027347
    102.2400341337999947      52.3531577608000021     114.5145603202000046      -0.1019172794810039
    121.2191191551000031      63.2404360988999983     112.7032579601000037      -0.1614657906794648
    106.9106808872000016      50.8058501212999971      96.4021036371999998      -0.1152285873237000
    120.5545025249000020      53.3652950003000015     112.2011577649000031      -0.1342631404038759
    125.8069959103000031      65.1377209914000019     105.2150297576999947      -0.1520573000578853
    112.6002678937000070      53.4250103414999984      91.5766883253999993      -0.1170068973937628
    114.6572346323000033      60.1779461618000013      92.4601352250000019      -0.1510893009873033
    117.7818965544999941      63.9069424551000012     120.0066709607999940      -0.1210949263936554
    128.5950976338000089      63.3043088372999989     105.0676311306000059      -0.1292742177691331
    109.6819640494999959      52.2650965297000027      94.7234600416000063      -0.1232303283690799
    116.6214158248999979      62.4295546772000023     116.0696158362000006      -0.1546260699350483
    122.5623363878000021      53.6500767066999984     110.9643321054000040      -0.1338040783729388
    114.9102689422000054      75.8983876883000050     114.2979977219000034      -0.1405865531297072
    122.2709406403999992      64.4884111418000003     110.3068964339999951      -0.1699307130014898
    122.3363251595999941      71.2613780574999964      98.0425747679000068      -0.1364865826392432
    121.8293116768000033      64.5163790863999935      95.5855530375999933      -0.1603456609134621
    122.8705506966000058      66.1234020671000025      99.7584459656000035      -0.1739612557190462
    103.1873537719000069      50.2020826679000010     107.1153382117999939      -0.1094142357244472
    118.9002363944999985      73.5959455437999992     116.2922255576999930      -0.1251344344462302
    110.5340414978000041      51.6339280494999997     109.5011172723999948      -0.1365677221426029
     93.4688709577000054      57.6126431321999988     100.0252752752000021      -0.0907331432376157
    116.6484389065000045      47.5944497763000030     104.9848611322999972      -0.1200417462755965
    116.4615450061999979      75.8845926885999944     109.2499726884999944      -0.1602863863765531
    112.9891735022000034      72.0677241367999954     118.9557943386000005      -0.1291403958990154
    122.3384038581999960      75.5752445443000056     107.9318888115000021      -0.1269693898300064
    106.0021006319000065      53.9227641669000022     117.1711371149999934      -0.1091621527140765
    107.3037438929000018      73.2130870584999940      92.1774322171000051      -0.1126895992161954
     96.7775921912000001      54.2740642281999968     103.2436676063999954      -0.0994745298084583
    128.6776786595000033      60.3722099933999985     101.8868443466000002      -0.1282735426926305
    100.6532312212000022      54.3029770357999979     111.5263366143999946      -0.1095845940841942
     97.2141188945000039      66.2522813795000047     109.3106328928000011      -0.1260587294361724
    107.9796988789999972      77.0509315687999958     113.4565027392000047      -0.1422348033349392
    118.1725029163000045      73.7973903342000028     109.6443585023999958      -0.1644365576902747
    117.0707926649999990      66.6655644532000053     116.1006073423999965      -0.1540887010507621
    115.6854345426999942      53.0344039797000022      93.7508180752000015      -0.1294050654580063
    101.2607781265000000      50.1024941084000019      99.6968408983999979      -0.1013749237456825
    109.3852770693000025      51.3310049735000007     104.7960775060000032      -0.1411312693827647
    115.0911157193000065      54.5573341539000012     114.9998419540000043      -0.1341474081684773
    108.6917476314999931      70.3051767073000065     115.9297761130000026      -0.1673053785087966
    114.7161940831999942      57.3410895076999978      91.0704307329999949      -0.1298514947735736
     94.4437805952999980      64.9054736674000026      97.6304255297999930      -0.0972624264065010
     93.8617449908000054      66.7532477391000043     104.1771922446999952      -0.1033852512556086
    102.9299730923000027      65.7220242670999966      92.1521098889000001      -0.1147281012153192
    109.8743381551999931      76.4295896636999998      96.6619409606999938      -0.1270279854203569
    107.0578905418000062      76.1665398061000047     116.7125006174999982      -0.1254204182932597
    121.0405400492000041      64.6875882610000019      90.1917081482999947      -0.1186010349023858
     98.0293466859999967      69.8712956203000033      96.8552599293000043      -0.1090610850683005
    124.2785855306999991      67.4713436148000056      99.9910712348000033      -0.1514632999658181
     96.9229121197000012      59.0705667324000032     100.8864234082000024      -0.1084551431255250
     93.7443930068999975      65.4491478343999944     100.1959175319999957      -0.0983404558013703
    108.5314988676999945      58.2360637358999966      95.0295956517000064      -0.1541364756849060
    118.9607076262000049      69.0853585816000049     118.8106633826999996      -0.1222712340023646
    108.4285088012999978      75.4648845465000022     112.4664752937000003      -0.1676063607910887
     97.3662418365999969      58.8630748189000030     111.0922665548000055      -0.1089544328788161
    111.4743691496999958      49.2275509756000034     104.6157976467000026      -0.1294376903113310
    111.6586174335999999      77.9419373724000053     108.5305540046999937      -0.1586292087898142
    123.1360571980000032      56.6417019192999973     109.6069419277999941      -0.1568343912305945
    100.5799098528000002      63.0741402119000014      95.6465911869999985      -0.1224195401036763
    118.3013822287000067      72.2349648868000003      93.8522963607999969      -0.1256946483935826
    112.8568926829999981      52.5375950172999993     100.4211728698000030      -0.1598419459770195
    127.2348728671999964      53.9528108100999972     107.4978187518999988      -0.1190408606335636
     96.9310379414999943      64.2794074474000041     102.7578190546999934      -0.1171440378259181
    110.0568856856999957      81.6616740083999986     109.0385123503999978      -0.1199459151891729
    115.2402150997999968      68.8304345458000029      94.4968818954999961      -0.1515893202148142
    122.1586909166999959      65.5064065317999962     114.6109363455999954      -0.1388101718120245
    122.7872137804999966      66.0294826854999997     103.8733243057999971      -0.1856186574257102
    101.4546640129999986      77.7763973758000020     103.7886645815000008      -0.1216498869026692
     96.9463447220000063      66.2435886399999987      94.8168125053999944      -0.1011038095434991
    110.9783160777000006      65.3478585213999992      92.7592788489999975      -0.1441871498469336
    114.7231860692999987      60.2828259540999980     115.8553209091000014      -0.1559140982551188
    118.3233030501999963      51.8533252368000035     102.6236485095000006      -0.1597579997016894
     96.3117747350000002      70.7350893697000060     112.1533476973999939      -0.1124034526243438
    112.5532137165999984      47.1998749899000032     105.1955655799999931      -0.1160455924981481
    102.9700352832000050      60.9047347770000016      94.4513394992000030      -0.1285137660785711
    121.0142728579999982      72.8682120656000052     102.9379099413999938      -0.1502241106319033
    104.0607851238000023      76.4031334998999938     112.4693098827000028      -0.1382420785030716
    109.5785960380000006      49.5384109008000024     104.0447224529000039      -0.1276418239063020
    112.2175983810000020      54.9640031866000029      93.1141693896999953      -0.1331998653101731
     98.5017781832000026      65.7065285139999986      99.3797448775000021      -0.1224907070907051
    109.7373330209999978      77.2070229354000048     110.4711136223999972      -0.1620772436758369
    104.6488678515000004      73.3638871924000000      93.0903588422000041      -0.1109288493370899
    125.5513159839999986      71.1551754568999968     107.2895709480000050      -0.1284760683501380
    115.5440830387999966      47.8920816194999972     109.1021961162000053      -0.1168233288526599
    121.5532227098999982      62.9033089825000005      94.4813861423999981      -0.1555053002591036
    105.6024235853000022      73.4500586974999976     113.8198970467999942      -0.1615998871880215
     98.3352933235999984      54.3859360066999997     108.8727833811999943      -0.1040741970248016
    110.6761488921000023      68.9821795426999955      91.9646490707999931      -0.1285681357948372
    105.0638516786000025      75.9435521394999995     107.4112693016000009      -0.1674879152191622
    117.8185572385999933      49.3976263145999965      96.1063615199999930      -0.1168007561307709
    102.2704587222000043      53.8503876615000010     112.9493002837999995      -0.1110751510275296
    121.9631042767999958      66.2469901468000018     111.0986916231999970      -0.1616502270254561
    121.4375714794000061      67.7262676505999934     100.5018641694999957      -0.1797262922728162
     96.4077728152000049      61.7690954441999978     106.1795459023000063      -0.1121364915209675
    125.4483259176000018      68.4944412650000061      97.9788910020999992      -0.1305007009664818
     99.6354248037000048      52.4901628949000028     106.8577685596000038      -0.1053486607249416
    123.0355237753999944      56.8151787651000006      93.8642016345999934      -0.1298808511399567
    100.6341449887000010      70.6904918363999997      93.6281748586000049      -0.1068552450829880
    105.8153957043000020      56.9191136943999965      93.3411254809000042      -0.1251371081152515
    115.2205619494999951      72.8634877506000009     100.0122361659000063      -0.1713967161565950
    108.9190816679000022      77.4651595054999973     100.4725734167000013      -0.1399858578263293
    125.5539616004000010      65.1802398261999940     103.0575295965000038      -0.1557126380987190
    115.3670157135999972      49.4501606971000029     112.8381843956999973      -0.1155487440238767
     97.9503561397000055      64.9561183239000002      95.9820175499999948      -0.1093586512153699
    108.6942042752999953      65.7256147464999998      90.7008003295999998      -0.1230128277350317
    121.3224871667000002      55.2633357831999987      96.5415654151999973      -0.1513212760600293
    125.7276274186999956      52.7866609025999978     100.1140923966000003      -0.1224628959170309
    120.6198870440999968      59.8712436337999989      89.3184657689999995      -0.1144469307821350
    105.7804357735000025      49.4195471361000003      99.3343914537999950      -0.1119469396664465
     93.7107558842999993      56.0477610411000029     101.1638351832999945      -0.0902192896610146
    125.0690579116999999      66.1542046006999982      94.1446369713000024      -0.1229487520683943
    124.5713040863000032      72.6399331661999952     105.5723769420999929      -0.1297438966372200
    119.3751245355000066      51.0524593628000005      98.2502556541000018      -0.1339933620213634
     95.6074738589999953      71.2604331944999956     107.5348573813000002      -0.1126501650234735
    119.0041713238999961      51.7618624989000011     111.1419663483000022      -0.1337383254440390
    112.4861284440000020      59.0031035147000011     120.5225661557000052      -0.1168649388362510
    121.2366936068000030      68.1200865466999943      95.3533057135999940      -0.1444657191182532
     96.2913656942999978      70.3206724604000044     103.0648995277999944      -0.1149082998792998
    123.8481059504999990      65.6245144061000047     115.5043987929999929      -0.1244462597832214
    123.9219942365999998      69.2119702229000069     104.6568047006000057      -0.1517405712520148
    107.6221627219999988      78.9593658447000024     114.0765218359999977      -0.1234537334194039
    126.1312728899000035      55.3529087950999994     105.2101164701000044      -0.1372612459463065
    102.2349318737000061      74.0422988222999976     101.1965274429000061      -0.1394367768301112
    107.9271644964999979      73.0860974720999934     116.6939813027999975      -0.1438654579753171
    100.6309324544999981      49.6058741184999974     107.5027320395000032      -0.0984659333283266
     94.4919686079999934      59.8693539077999972     106.3469756247999953      -0.1002431931621093
    118.2635877090000065      52.9898064463000011     109.8070639099999966      -0.1543186600384487
    121.7066684602000066      48.8097325594999987     102.9643661053000017      -0.1194173287109948
    107.5900373802000018      63.2814431528000014     121.4009107952000051      -0.1156006802154028
    120.0257571932999952      74.8543140796000017     109.3121446736000024      -0.1428797567561295
    111.2413659352999957      69.1819235796999976      89.9467996601999999      -0.1161457392812091
    113.3588039054999967      65.9896094670999958      90.7455868355999939      -0.1297383860174293
    112.5503791275999959      65.9000364552999969     121.2508665516999997      -0.1209646009574916
    123.8460272518999972      55.5777861876999992     106.9093580791000022      -0.1573414240063471
     99.7465406918999946      77.3859799866000060     107.6958620354999994      -0.1177299720893759
    117.7790619655000057      52.3712991303000024     114.8038773690000056      -0.1211023881738829
    125.1826304436000044      50.9455008719000020     105.4890400259999979      -0.1183880015398380
    117.3761723846999985      49.5741267219000008     111.7551824316000051      -0.1189501812041716
    106.0347928915000040      54.4448954575999977      94.9494712698000001      -0.1250277870464886
     94.7113657951999954      58.6047492762999980     101.7245168840999980      -0.0981374328676266
    114.7224301788999981      52.6681750831000031     110.8883651207000014      -0.1468257717227885
    104.0549269732999988      64.5188357301999957      89.4549039853999943      -0.1056953036014390
    112.9190646680000043      79.2118332367000022     114.3839802544000008      -0.1215914590494691
    124.8254722318000063      60.9230651191000021     100.5761304008999986      -0.1702058991616706
    125.3587529058000030      54.4010538145999973     107.0546780076000033      -0.1351053346832192
    103.0027275428000024      67.8052581970000006      92.6351238515999995      -0.1151226696851815
    100.7981732045000030      74.0353068361999931     102.6999934394000036      -0.1358193269064696
    104.5519249082999949      52.8828479554000026     110.3358092416000034      -0.1216963886744384
    102.4376994721999949      62.7402256296999994      94.6894449737999935      -0.1280416275717524
     98.0941642874000053      72.1773282441999982     109.2535631678999977      -0.1281822175004832
    124.2515624490000050      64.1813306685999976     111.0123311454999993      -0.1478229811279173
    118.1228031227999935      63.7695593756999983      91.0343369665999944      -0.1335748968305568
    109.2065089908000033      47.5298211475000016     108.3933598978999981      -0.1100056849319779
    109.1745726216000065      51.7287922941000033     115.5595787918999946      -0.1122874082401735
    111.8850066069999940      74.8329601760000003     113.5959645171000005      -0.1647477054752962
    110.1220812323000047      78.0190381926999947     106.1925850116000021      -0.1590017699524147
    115.8666592649999956      67.2143408803000000     118.3947346925999966      -0.1375321297335104
    115.7406145415999958      80.8995475172000056     108.5369790729999977      -0.1201281921071047
    126.3792049396000010      59.3974893285000007      98.4938413339999954      -0.1395267358640391
    110.9820955297000040      79.9645110980000027     106.0684300141000023      -0.1360852723010417
    118.7076733163000029      70.2309104759000036     113.6913956795000047      -0.1561731661779096
    108.4893579781000028      74.9253677768000017      94.0337100556999985      -0.1182579228869649
    119.3790929599999942      60.7492103280999984     114.2235425179000003      -0.1572421240979356
    108.1582779848999962      59.5904303518999967     116.5739837026000032      -0.1428740610119998
    112.9706541875000028      51.6511245559999992     113.2510895241999975      -0.1259813337138453
    100.1813666417999968      69.7280543904000041     103.6573286252999964      -0.1510813659186283
    103.4311284244000007      79.2893120022999938     106.0822250137999987      -0.1240225646870527
    115.3539766043000014      81.1569281967999956     106.3148502829999984      -0.1200543784362536
    119.5992460376999986      77.6187942284000059     102.6536951526999957      -0.1264953311786465
     99.5150492582999959      60.9124826534999997      96.2953341189000014      -0.1173626349300543
     96.7050267131999988      62.1355133133999971      93.7413694452999948      -0.0969350156982864
    108.1159481228000061      54.7544325745000009     115.5718620108000039      -0.1243622356637299
    126.5660988398999933      60.9466866938999985     108.4186822262000049      -0.1413643018480846
    125.6046062568999986      67.6907408019999934     112.1159311228000064      -0.1264235818963311
     94.4685360057000025      57.5276054627999969     110.0608541101999975      -0.0948418658162318
    115.2772537291999981      48.3552534593000019      99.8208069231999957      -0.1219403625912783
    111.9180768118000060      57.7757264851000016      89.6828049396000040      -0.1185416307345966
    104.0456673159000047      54.6119472349000006      94.9354872975000035      -0.1181558234310485
    127.4888520400999994      59.8523463738999979     111.0888650480000024      -0.1229868781568983
    118.8726463951000056      62.4297436498000025     117.2170574565000010      -0.1363193231115316
     98.1875167512999951      55.9124566603000019     101.8675691414999989      -0.1095606764759767
    101.6530852417999995      66.3322167887999967     116.3054536396000032      -0.1330144355356255
    102.3449139261999932      61.7698513345999984     116.0801983016999941      -0.1296262776559445
    123.5306319844000029      57.5578410785999992      97.5374510112000053      -0.1565147429380662
    109.3643011107999996      67.6446314878999999      93.1899474017999978      -0.1383402956719788
    100.5345564290999931      77.3064225223999983     111.3332066183999984      -0.1175685941734610
    119.4817050812000048      68.2017227094000020     116.5286302787999944      -0.1364903007505749
    104.0451003981000042      74.4081497737000035     115.0083457209999978      -0.1363819512230595
    108.5006963340999988      81.3973013426000023     104.6775916864999942      -0.1205759190233264
    115.1999639362000067      49.5089311752999990     105.6156516672999999      -0.1358023896739464
    107.9018421683000071      81.3699003156999936     108.3661478437000056      -0.1208379528605565
    118.2307064767999947      77.1051667046999967     105.0217107889999966      -0.1400955769065915
