DELETED 13864474 00_admin/results_staging/05_qmmm/15_reactant_opt/reactant_opt.mdrestart
DELETED 123904 05_qmmm/13_smoketest/smoke.densities
DELETED 975328 05_qmmm/13_smoketest/smoke.gbw
DELETED 1115136 05_qmmm/14_dft_sp/dft_sp.densities
DELETED 1689120 05_qmmm/14_dft_sp/dft_sp.gbw
DELETED 1115136 05_qmmm/15_reactant_opt_lopth/reactant_opt.densities
DELETED 1689120 05_qmmm/15_reactant_opt_lopth/reactant_opt.gbw
DELETED 13864474 05_qmmm/15_reactant_opt_lopth/reactant_opt.mdrestart
DELETED 195794596 05_qmmm/15_reactant_opt_lopth/reactant_opt_trj.dcd
DELETED 9779 05_qmmm/16b_restraint_test/rtest-active_atoms.tmp
DELETED 120 05_qmmm/16b_restraint_test/rtest-qm_atoms.tmp
DELETED 8 05_qmmm/16b_restraint_test/rtest.E.tmp
DELETED 5039120 05_qmmm/16b_restraint_test/rtest.EIJ.tmp
DELETED 279864 05_qmmm/16b_restraint_test/rtest.H.tmp
DELETED 385661 05_qmmm/16b_restraint_test/rtest.H_DIST.prms.tmp
DELETED 2135652 05_qmmm/16b_restraint_test/rtest.K.tmp
DELETED 557592 05_qmmm/16b_restraint_test/rtest.K0.tmp
DELETED 279864 05_qmmm/16b_restraint_test/rtest.P0.tmp
DELETED 2237496 05_qmmm/16b_restraint_test/rtest.PDAT.tmp
DELETED 279864 05_qmmm/16b_restraint_test/rtest.S.tmp
DELETED 557592 05_qmmm/16b_restraint_test/rtest.SC0.gridx1.tmp
DELETED 557592 05_qmmm/16b_restraint_test/rtest.SC0.gridx2.tmp
DELETED 557592 05_qmmm/16b_restraint_test/rtest.SC0.gridx3.tmp
DELETED 58104 05_qmmm/16b_restraint_test/rtest.SHARK.KPRSCR.tmp
DELETED 45590 05_qmmm/16b_restraint_test/rtest.SHARKINP.tmp
DELETED 557592 05_qmmm/16b_restraint_test/rtest.SINV.gridx1_factor.tmp
DELETED 557592 05_qmmm/16b_restraint_test/rtest.SINV.gridx2_factor.tmp
DELETED 557592 05_qmmm/16b_restraint_test/rtest.SINV.gridx3_factor.tmp
DELETED 279864 05_qmmm/16b_restraint_test/rtest.SM12.tmp
DELETED 279864 05_qmmm/16b_restraint_test/rtest.SP12.tmp
DELETED 1752 05_qmmm/16b_restraint_test/rtest.SQRTVEXT.tmp
DELETED 7000 05_qmmm/16b_restraint_test/rtest.SQRTVJ.tmp
DELETED 279864 05_qmmm/16b_restraint_test/rtest.T.tmp
DELETED 279864 05_qmmm/16b_restraint_test/rtest.V.tmp
DELETED 6083096 05_qmmm/16b_restraint_test/rtest.VAUXJ.tmp
DELETED 6083096 05_qmmm/16b_restraint_test/rtest.VCDJ.tmp
DELETED 373272 05_qmmm/16b_restraint_test/rtest.VEXT.tmp
DELETED 373272 05_qmmm/16b_restraint_test/rtest.VM1EXT.tmp
DELETED 988 05_qmmm/16b_restraint_test/rtest.citations.tmp
DELETED 1115136 05_qmmm/16b_restraint_test/rtest.densities
DELETED 2340 05_qmmm/16b_restraint_test/rtest.en.tmp
DELETED 121976 05_qmmm/16b_restraint_test/rtest.exc0.tmp
DELETED 121888 05_qmmm/16b_restraint_test/rtest.exc1.tmp
DELETED 121752 05_qmmm/16b_restraint_test/rtest.exc2.tmp
DELETED 121632 05_qmmm/16b_restraint_test/rtest.exc3.tmp
DELETED 121528 05_qmmm/16b_restraint_test/rtest.exc4.tmp
DELETED 121432 05_qmmm/16b_restraint_test/rtest.exc5.tmp
DELETED 121224 05_qmmm/16b_restraint_test/rtest.exc6.tmp
DELETED 121064 05_qmmm/16b_restraint_test/rtest.exc7.tmp
DELETED 1689120 05_qmmm/16b_restraint_test/rtest.gbw
DELETED 487904 05_qmmm/16b_restraint_test/rtest.gpot0.tmp
DELETED 487552 05_qmmm/16b_restraint_test/rtest.gpot1.tmp
DELETED 487008 05_qmmm/16b_restraint_test/rtest.gpot2.tmp
DELETED 486528 05_qmmm/16b_restraint_test/rtest.gpot3.tmp
DELETED 486112 05_qmmm/16b_restraint_test/rtest.gpot4.tmp
DELETED 485728 05_qmmm/16b_restraint_test/rtest.gpot5.tmp
DELETED 484896 05_qmmm/16b_restraint_test/rtest.gpot6.tmp
DELETED 484256 05_qmmm/16b_restraint_test/rtest.gpot7.tmp
DELETED 330168168 05_qmmm/16b_restraint_test/rtest.grad.tmp
DELETED 487904 05_qmmm/16b_restraint_test/rtest.grho0.tmp
DELETED 487552 05_qmmm/16b_restraint_test/rtest.grho1.tmp
DELETED 487008 05_qmmm/16b_restraint_test/rtest.grho2.tmp
DELETED 486528 05_qmmm/16b_restraint_test/rtest.grho3.tmp
DELETED 486112 05_qmmm/16b_restraint_test/rtest.grho4.tmp
DELETED 485728 05_qmmm/16b_restraint_test/rtest.grho5.tmp
DELETED 484896 05_qmmm/16b_restraint_test/rtest.grho6.tmp
DELETED 484256 05_qmmm/16b_restraint_test/rtest.grho7.tmp
DELETED 9959272 05_qmmm/16b_restraint_test/rtest.grid.tmp
DELETED 1153604 05_qmmm/16b_restraint_test/rtest.gridx1.tmp
DELETED 2455844 05_qmmm/16b_restraint_test/rtest.gridx2.tmp
DELETED 5281560 05_qmmm/16b_restraint_test/rtest.gridx3.tmp
DELETED 40487 05_qmmm/16b_restraint_test/rtest.int.tmp
DELETED 1542247 05_qmmm/16b_restraint_test/rtest.maininp.tmp
DELETED 13864473 05_qmmm/16b_restraint_test/rtest.mdrestart
DELETED 487904 05_qmmm/16b_restraint_test/rtest.opot0.tmp
DELETED 487552 05_qmmm/16b_restraint_test/rtest.opot1.tmp
DELETED 487008 05_qmmm/16b_restraint_test/rtest.opot2.tmp
DELETED 486528 05_qmmm/16b_restraint_test/rtest.opot3.tmp
DELETED 486112 05_qmmm/16b_restraint_test/rtest.opot4.tmp
DELETED 485728 05_qmmm/16b_restraint_test/rtest.opot5.tmp
DELETED 484896 05_qmmm/16b_restraint_test/rtest.opot6.tmp
DELETED 484256 05_qmmm/16b_restraint_test/rtest.opot7.tmp
DELETED 487904 05_qmmm/16b_restraint_test/rtest.orho0.tmp
DELETED 487552 05_qmmm/16b_restraint_test/rtest.orho1.tmp
DELETED 487008 05_qmmm/16b_restraint_test/rtest.orho2.tmp
DELETED 486528 05_qmmm/16b_restraint_test/rtest.orho3.tmp
DELETED 486112 05_qmmm/16b_restraint_test/rtest.orho4.tmp
DELETED 485728 05_qmmm/16b_restraint_test/rtest.orho5.tmp
DELETED 484896 05_qmmm/16b_restraint_test/rtest.orho6.tmp
DELETED 484256 05_qmmm/16b_restraint_test/rtest.orho7.tmp
DELETED 3784614 05_qmmm/16b_restraint_test/rtest.pc.tmp
DELETED 9959272 05_qmmm/16b_restraint_test/rtest.shark_grid.tmp
DELETED 468 05_qmmm/16b_restraint_test/rtest_MM.en.tmp
DELETED 4657560 05_qmmm/16b_restraint_test/rtest_MM.gbw
DELETED 225839016 05_qmmm/16b_restraint_test/rtest_MM.grad.tmp
DELETED 32 05_qmmm/16b_restraint_test/rtest_MM.mmdim.tmp
DELETED 1252132 05_qmmm/16b_restraint_test/rtest_MM.mmindex.tmp
DELETED 3971160 05_qmmm/16b_restraint_test/rtest_MM.mmparam.tmp
DELETED 1115136 05_qmmm/17_product_opt/product_opt.densities
DELETED 1689120 05_qmmm/17_product_opt/product_opt.gbw
DELETED 13864473 05_qmmm/17_product_opt/product_opt.mdrestart
DELETED 8 05_qmmm/18_nebts/nebts.E.tmp
DELETED 5281976 05_qmmm/18_nebts/nebts.EIJ.tmp
DELETED 279864 05_qmmm/18_nebts/nebts.H.tmp
DELETED 385661 05_qmmm/18_nebts/nebts.H_DIST.prms.tmp
DELETED 2225028 05_qmmm/18_nebts/nebts.K.tmp
DELETED 557592 05_qmmm/18_nebts/nebts.K0.tmp
DELETED 279864 05_qmmm/18_nebts/nebts.P0.tmp
DELETED 2295792 05_qmmm/18_nebts/nebts.PDAT.tmp
DELETED 279864 05_qmmm/18_nebts/nebts.S.tmp
DELETED 557592 05_qmmm/18_nebts/nebts.SC0.gridx1.tmp
DELETED 557592 05_qmmm/18_nebts/nebts.SC0.gridx2.tmp
DELETED 557592 05_qmmm/18_nebts/nebts.SC0.gridx3.tmp
DELETED 58104 05_qmmm/18_nebts/nebts.SHARK.KPRSCR.tmp
DELETED 45590 05_qmmm/18_nebts/nebts.SHARKINP.tmp
DELETED 557592 05_qmmm/18_nebts/nebts.SINV.gridx1_factor.tmp
DELETED 557592 05_qmmm/18_nebts/nebts.SINV.gridx2_factor.tmp
DELETED 557592 05_qmmm/18_nebts/nebts.SINV.gridx3_factor.tmp
DELETED 279864 05_qmmm/18_nebts/nebts.SM12.tmp
DELETED 279864 05_qmmm/18_nebts/nebts.SP12.tmp
DELETED 7000 05_qmmm/18_nebts/nebts.SQRTVJ.tmp
DELETED 279864 05_qmmm/18_nebts/nebts.T.tmp
DELETED 279864 05_qmmm/18_nebts/nebts.V.tmp
DELETED 6083096 05_qmmm/18_nebts/nebts.VAUXJ.tmp
DELETED 6083096 05_qmmm/18_nebts/nebts.VCDJ.tmp
DELETED 2392614641 05_qmmm/18_nebts/nebts.appr.hess
DELETED 456140832 05_qmmm/18_nebts/nebts.carthess
DELETED 988 05_qmmm/18_nebts/nebts.citations.tmp
DELETED 1115136 05_qmmm/18_nebts/nebts.densities
DELETED 60 05_qmmm/18_nebts/nebts.en.tmp
DELETED 121824 05_qmmm/18_nebts/nebts.exc0.tmp
DELETED 121720 05_qmmm/18_nebts/nebts.exc1.tmp
DELETED 121656 05_qmmm/18_nebts/nebts.exc2.tmp
DELETED 121528 05_qmmm/18_nebts/nebts.exc3.tmp
DELETED 121368 05_qmmm/18_nebts/nebts.exc4.tmp
DELETED 121248 05_qmmm/18_nebts/nebts.exc5.tmp
DELETED 121128 05_qmmm/18_nebts/nebts.exc6.tmp
DELETED 121000 05_qmmm/18_nebts/nebts.exc7.tmp
DELETED 1876500 05_qmmm/18_nebts/nebts.gbw
DELETED 31992 05_qmmm/18_nebts/nebts.ginp.tmp
DELETED 487296 05_qmmm/18_nebts/nebts.gpot0.tmp
DELETED 486880 05_qmmm/18_nebts/nebts.gpot1.tmp
DELETED 486624 05_qmmm/18_nebts/nebts.gpot2.tmp
DELETED 486112 05_qmmm/18_nebts/nebts.gpot3.tmp
DELETED 485472 05_qmmm/18_nebts/nebts.gpot4.tmp
DELETED 484992 05_qmmm/18_nebts/nebts.gpot5.tmp
DELETED 484512 05_qmmm/18_nebts/nebts.gpot6.tmp
DELETED 484000 05_qmmm/18_nebts/nebts.gpot7.tmp
DELETED 395208 05_qmmm/18_nebts/nebts.grad.tmp
DELETED 487296 05_qmmm/18_nebts/nebts.grho0.tmp
DELETED 486880 05_qmmm/18_nebts/nebts.grho1.tmp
DELETED 486624 05_qmmm/18_nebts/nebts.grho2.tmp
DELETED 486112 05_qmmm/18_nebts/nebts.grho3.tmp
DELETED 485472 05_qmmm/18_nebts/nebts.grho4.tmp
DELETED 484992 05_qmmm/18_nebts/nebts.grho5.tmp
DELETED 484512 05_qmmm/18_nebts/nebts.grho6.tmp
DELETED 484000 05_qmmm/18_nebts/nebts.grho7.tmp
DELETED 10177176 05_qmmm/18_nebts/nebts.grid.tmp
DELETED 1168156 05_qmmm/18_nebts/nebts.gridx1.tmp
DELETED 2484632 05_qmmm/18_nebts/nebts.gridx2.tmp
DELETED 5347804 05_qmmm/18_nebts/nebts.gridx3.tmp
DELETED 40487 05_qmmm/18_nebts/nebts.int.tmp
DELETED 3102822364 05_qmmm/18_nebts/nebts.inthess.tmp
DELETED 487296 05_qmmm/18_nebts/nebts.opot0.tmp
DELETED 486880 05_qmmm/18_nebts/nebts.opot1.tmp
DELETED 486624 05_qmmm/18_nebts/nebts.opot2.tmp
DELETED 486112 05_qmmm/18_nebts/nebts.opot3.tmp
DELETED 485472 05_qmmm/18_nebts/nebts.opot4.tmp
DELETED 484992 05_qmmm/18_nebts/nebts.opot5.tmp
DELETED 484512 05_qmmm/18_nebts/nebts.opot6.tmp
DELETED 484000 05_qmmm/18_nebts/nebts.opot7.tmp
DELETED 487296 05_qmmm/18_nebts/nebts.orho0.tmp
DELETED 486880 05_qmmm/18_nebts/nebts.orho1.tmp
DELETED 486624 05_qmmm/18_nebts/nebts.orho2.tmp
DELETED 486112 05_qmmm/18_nebts/nebts.orho3.tmp
DELETED 485472 05_qmmm/18_nebts/nebts.orho4.tmp
DELETED 484992 05_qmmm/18_nebts/nebts.orho5.tmp
DELETED 484512 05_qmmm/18_nebts/nebts.orho6.tmp
DELETED 484000 05_qmmm/18_nebts/nebts.orho7.tmp
DELETED 3784614 05_qmmm/18_nebts/nebts.pc.tmp
DELETED 60432 05_qmmm/18_nebts/nebts.refgeohess.tmp
DELETED 10177176 05_qmmm/18_nebts/nebts.shark_grid.tmp
DELETED 471064860 05_qmmm/18_nebts/nebts_MEP_ALL_trj.xyz
DELETED 1044 05_qmmm/18_nebts/nebts_MM.en.tmp
DELETED 4675416 05_qmmm/18_nebts/nebts_MM.gbw
DELETED 503794728 05_qmmm/18_nebts/nebts_MM.grad.tmp
DELETED 32 05_qmmm/18_nebts/nebts_MM.mmdim.tmp
DELETED 1252132 05_qmmm/18_nebts/nebts_MM.mmindex.tmp
DELETED 3971160 05_qmmm/18_nebts/nebts_MM.mmparam.tmp
DELETED 988 05_qmmm/18_nebts/nebts_im0.citations.tmp
DELETED 1706976 05_qmmm/18_nebts/nebts_im0.gbw
DELETED 5902272 05_qmmm/18_nebts/nebts_im1.gbw
DELETED 5902272 05_qmmm/18_nebts/nebts_im2.gbw
DELETED 5902272 05_qmmm/18_nebts/nebts_im3.gbw
DELETED 5902272 05_qmmm/18_nebts/nebts_im4.gbw
DELETED 5902272 05_qmmm/18_nebts/nebts_im5.gbw
DELETED 5902272 05_qmmm/18_nebts/nebts_im6.gbw
DELETED 5902272 05_qmmm/18_nebts/nebts_im7.gbw
DELETED 5902272 05_qmmm/18_nebts/nebts_im8.gbw
DELETED 988 05_qmmm/18_nebts/nebts_im9.citations.tmp
DELETED 1706976 05_qmmm/18_nebts/nebts_im9.gbw
DELETED 8 05_qmmm/18b_ts_numfreq/ts_optfreq.E.tmp
DELETED 5184288 05_qmmm/18b_ts_numfreq/ts_optfreq.EIJ.tmp
DELETED 279864 05_qmmm/18b_ts_numfreq/ts_optfreq.H.tmp
DELETED 385661 05_qmmm/18b_ts_numfreq/ts_optfreq.H_DIST.prms.tmp
DELETED 2190964 05_qmmm/18b_ts_numfreq/ts_optfreq.K.tmp
DELETED 557592 05_qmmm/18b_ts_numfreq/ts_optfreq.K0.tmp
DELETED 279864 05_qmmm/18b_ts_numfreq/ts_optfreq.P0.tmp
DELETED 2276488 05_qmmm/18b_ts_numfreq/ts_optfreq.PDAT.tmp
DELETED 279864 05_qmmm/18b_ts_numfreq/ts_optfreq.S.tmp
DELETED 557592 05_qmmm/18b_ts_numfreq/ts_optfreq.SC0.gridx1.tmp
DELETED 557592 05_qmmm/18b_ts_numfreq/ts_optfreq.SC0.gridx2.tmp
DELETED 557592 05_qmmm/18b_ts_numfreq/ts_optfreq.SC0.gridx3.tmp
DELETED 58104 05_qmmm/18b_ts_numfreq/ts_optfreq.SHARK.KPRSCR.tmp
DELETED 45645 05_qmmm/18b_ts_numfreq/ts_optfreq.SHARKINP.tmp
DELETED 557592 05_qmmm/18b_ts_numfreq/ts_optfreq.SINV.gridx1_factor.tmp
DELETED 557592 05_qmmm/18b_ts_numfreq/ts_optfreq.SINV.gridx2_factor.tmp
DELETED 557592 05_qmmm/18b_ts_numfreq/ts_optfreq.SINV.gridx3_factor.tmp
DELETED 279864 05_qmmm/18b_ts_numfreq/ts_optfreq.SM12.tmp
DELETED 279864 05_qmmm/18b_ts_numfreq/ts_optfreq.SP12.tmp
DELETED 1752 05_qmmm/18b_ts_numfreq/ts_optfreq.SQRTVEXT.tmp
DELETED 7000 05_qmmm/18b_ts_numfreq/ts_optfreq.SQRTVJ.tmp
DELETED 279864 05_qmmm/18b_ts_numfreq/ts_optfreq.T.tmp
DELETED 279864 05_qmmm/18b_ts_numfreq/ts_optfreq.V.tmp
DELETED 6083096 05_qmmm/18b_ts_numfreq/ts_optfreq.VAUXJ.tmp
DELETED 6083096 05_qmmm/18b_ts_numfreq/ts_optfreq.VCDJ.tmp
DELETED 373272 05_qmmm/18b_ts_numfreq/ts_optfreq.VEXT.tmp
DELETED 373272 05_qmmm/18b_ts_numfreq/ts_optfreq.VM1EXT.tmp
DELETED 1193413566 05_qmmm/18b_ts_numfreq/ts_optfreq.appr.hess
DELETED 988 05_qmmm/18b_ts_numfreq/ts_optfreq.citations.tmp
DELETED 1115136 05_qmmm/18b_ts_numfreq/ts_optfreq.densities
DELETED 120 05_qmmm/18b_ts_numfreq/ts_optfreq.en.tmp
DELETED 122064 05_qmmm/18b_ts_numfreq/ts_optfreq.exc0.tmp
DELETED 121920 05_qmmm/18b_ts_numfreq/ts_optfreq.exc1.tmp
DELETED 121760 05_qmmm/18b_ts_numfreq/ts_optfreq.exc2.tmp
DELETED 121656 05_qmmm/18b_ts_numfreq/ts_optfreq.exc3.tmp
DELETED 121536 05_qmmm/18b_ts_numfreq/ts_optfreq.exc4.tmp
DELETED 121408 05_qmmm/18b_ts_numfreq/ts_optfreq.exc5.tmp
DELETED 121296 05_qmmm/18b_ts_numfreq/ts_optfreq.exc6.tmp
DELETED 121144 05_qmmm/18b_ts_numfreq/ts_optfreq.exc7.tmp
DELETED 5491488 05_qmmm/18b_ts_numfreq/ts_optfreq.gbw
DELETED 5491488 05_qmmm/18b_ts_numfreq/ts_optfreq.gbw1
DELETED 61 05_qmmm/18b_ts_numfreq/ts_optfreq.ginp.tmp
DELETED 488256 05_qmmm/18b_ts_numfreq/ts_optfreq.gpot0.tmp
DELETED 487680 05_qmmm/18b_ts_numfreq/ts_optfreq.gpot1.tmp
DELETED 487040 05_qmmm/18b_ts_numfreq/ts_optfreq.gpot2.tmp
DELETED 486624 05_qmmm/18b_ts_numfreq/ts_optfreq.gpot3.tmp
DELETED 486144 05_qmmm/18b_ts_numfreq/ts_optfreq.gpot4.tmp
DELETED 485632 05_qmmm/18b_ts_numfreq/ts_optfreq.gpot5.tmp
DELETED 485184 05_qmmm/18b_ts_numfreq/ts_optfreq.gpot6.tmp
DELETED 484576 05_qmmm/18b_ts_numfreq/ts_optfreq.gpot7.tmp
DELETED 9083376 05_qmmm/18b_ts_numfreq/ts_optfreq.grad.tmp
DELETED 488256 05_qmmm/18b_ts_numfreq/ts_optfreq.grho0.tmp
DELETED 487680 05_qmmm/18b_ts_numfreq/ts_optfreq.grho1.tmp
DELETED 487040 05_qmmm/18b_ts_numfreq/ts_optfreq.grho2.tmp
DELETED 486624 05_qmmm/18b_ts_numfreq/ts_optfreq.grho3.tmp
DELETED 486144 05_qmmm/18b_ts_numfreq/ts_optfreq.grho4.tmp
DELETED 485632 05_qmmm/18b_ts_numfreq/ts_optfreq.grho5.tmp
DELETED 485184 05_qmmm/18b_ts_numfreq/ts_optfreq.grho6.tmp
DELETED 484576 05_qmmm/18b_ts_numfreq/ts_optfreq.grho7.tmp
DELETED 10139176 05_qmmm/18b_ts_numfreq/ts_optfreq.grid.tmp
DELETED 1168556 05_qmmm/18b_ts_numfreq/ts_optfreq.gridx1.tmp
DELETED 2480940 05_qmmm/18b_ts_numfreq/ts_optfreq.gridx2.tmp
DELETED 5341088 05_qmmm/18b_ts_numfreq/ts_optfreq.gridx3.tmp
DELETED 1180534200 05_qmmm/18b_ts_numfreq/ts_optfreq.gu.tmp
DELETED 40497 05_qmmm/18b_ts_numfreq/ts_optfreq.int.tmp
DELETED 8467960 05_qmmm/18b_ts_numfreq/ts_optfreq.maininp.tmp
DELETED 488256 05_qmmm/18b_ts_numfreq/ts_optfreq.opot0.tmp
DELETED 487680 05_qmmm/18b_ts_numfreq/ts_optfreq.opot1.tmp
DELETED 487040 05_qmmm/18b_ts_numfreq/ts_optfreq.opot2.tmp
DELETED 486624 05_qmmm/18b_ts_numfreq/ts_optfreq.opot3.tmp
DELETED 486144 05_qmmm/18b_ts_numfreq/ts_optfreq.opot4.tmp
DELETED 485632 05_qmmm/18b_ts_numfreq/ts_optfreq.opot5.tmp
DELETED 485184 05_qmmm/18b_ts_numfreq/ts_optfreq.opot6.tmp
DELETED 484576 05_qmmm/18b_ts_numfreq/ts_optfreq.opot7.tmp
DELETED 488256 05_qmmm/18b_ts_numfreq/ts_optfreq.orho0.tmp
DELETED 487680 05_qmmm/18b_ts_numfreq/ts_optfreq.orho1.tmp
DELETED 487040 05_qmmm/18b_ts_numfreq/ts_optfreq.orho2.tmp
DELETED 486624 05_qmmm/18b_ts_numfreq/ts_optfreq.orho3.tmp
DELETED 486144 05_qmmm/18b_ts_numfreq/ts_optfreq.orho4.tmp
DELETED 485632 05_qmmm/18b_ts_numfreq/ts_optfreq.orho5.tmp
DELETED 485184 05_qmmm/18b_ts_numfreq/ts_optfreq.orho6.tmp
DELETED 484576 05_qmmm/18b_ts_numfreq/ts_optfreq.orho7.tmp
DELETED 3784614 05_qmmm/18b_ts_numfreq/ts_optfreq.pc.tmp
DELETED 10139176 05_qmmm/18b_ts_numfreq/ts_optfreq.shark_grid.tmp
DELETED 24 05_qmmm/18b_ts_numfreq/ts_optfreq_MM.en.tmp
DELETED 4675320 05_qmmm/18b_ts_numfreq/ts_optfreq_MM.gbw
DELETED 11581488 05_qmmm/18b_ts_numfreq/ts_optfreq_MM.grad.tmp
DELETED 32 05_qmmm/18b_ts_numfreq/ts_optfreq_MM.mmdim.tmp
DELETED 1252132 05_qmmm/18b_ts_numfreq/ts_optfreq_MM.mmindex.tmp
DELETED 3971160 05_qmmm/18b_ts_numfreq/ts_optfreq_MM.mmparam.tmp
DELETED 6160517 05_qmmm/18c_reduced_region/ts_reduced.appr.hess
DELETED 1115136 05_qmmm/18c_reduced_region/ts_reduced.densities
DELETED 1691648 05_qmmm/18c_reduced_region/ts_reduced.gbw
DELETED 1115136 05_qmmm/18d_irc/irc.densities
DELETED 1691648 05_qmmm/18d_irc/irc.gbw
DELETED 8 05_qmmm/18d_irc/irc_IRC_B.E.tmp
DELETED 5244592 05_qmmm/18d_irc/irc_IRC_B.EIJ.tmp
DELETED 279864 05_qmmm/18d_irc/irc_IRC_B.H.tmp
DELETED 2203988 05_qmmm/18d_irc/irc_IRC_B.K.tmp
DELETED 557592 05_qmmm/18d_irc/irc_IRC_B.K0.tmp
DELETED 279864 05_qmmm/18d_irc/irc_IRC_B.P0.tmp
DELETED 2280148 05_qmmm/18d_irc/irc_IRC_B.PDAT.tmp
DELETED 279864 05_qmmm/18d_irc/irc_IRC_B.S.tmp
DELETED 557592 05_qmmm/18d_irc/irc_IRC_B.SC0.gridx1.tmp
DELETED 557592 05_qmmm/18d_irc/irc_IRC_B.SC0.gridx2.tmp
DELETED 557592 05_qmmm/18d_irc/irc_IRC_B.SC0.gridx3.tmp
DELETED 58104 05_qmmm/18d_irc/irc_IRC_B.SHARK.KPRSCR.tmp
DELETED 557592 05_qmmm/18d_irc/irc_IRC_B.SINV.gridx1_factor.tmp
DELETED 557592 05_qmmm/18d_irc/irc_IRC_B.SINV.gridx2_factor.tmp
DELETED 557592 05_qmmm/18d_irc/irc_IRC_B.SINV.gridx3_factor.tmp
DELETED 279864 05_qmmm/18d_irc/irc_IRC_B.SM12.tmp
DELETED 279864 05_qmmm/18d_irc/irc_IRC_B.SP12.tmp
DELETED 7000 05_qmmm/18d_irc/irc_IRC_B.SQRTVJ.tmp
DELETED 279864 05_qmmm/18d_irc/irc_IRC_B.T.tmp
DELETED 279864 05_qmmm/18d_irc/irc_IRC_B.V.tmp
DELETED 6083096 05_qmmm/18d_irc/irc_IRC_B.VAUXJ.tmp
DELETED 6083096 05_qmmm/18d_irc/irc_IRC_B.VCDJ.tmp
DELETED 1115136 05_qmmm/18d_irc/irc_IRC_B.densities
DELETED 14220 05_qmmm/18d_irc/irc_IRC_B.en.tmp
DELETED 61216 05_qmmm/18d_irc/irc_IRC_B.exc0.tmp
DELETED 61144 05_qmmm/18d_irc/irc_IRC_B.exc1.tmp
DELETED 60592 05_qmmm/18d_irc/irc_IRC_B.exc10.tmp
DELETED 60528 05_qmmm/18d_irc/irc_IRC_B.exc11.tmp
DELETED 60488 05_qmmm/18d_irc/irc_IRC_B.exc12.tmp
DELETED 60400 05_qmmm/18d_irc/irc_IRC_B.exc13.tmp
DELETED 60336 05_qmmm/18d_irc/irc_IRC_B.exc14.tmp
DELETED 60272 05_qmmm/18d_irc/irc_IRC_B.exc15.tmp
DELETED 61088 05_qmmm/18d_irc/irc_IRC_B.exc2.tmp
DELETED 61008 05_qmmm/18d_irc/irc_IRC_B.exc3.tmp
DELETED 60952 05_qmmm/18d_irc/irc_IRC_B.exc4.tmp
DELETED 60912 05_qmmm/18d_irc/irc_IRC_B.exc5.tmp
DELETED 60872 05_qmmm/18d_irc/irc_IRC_B.exc6.tmp
DELETED 60792 05_qmmm/18d_irc/irc_IRC_B.exc7.tmp
DELETED 60720 05_qmmm/18d_irc/irc_IRC_B.exc8.tmp
DELETED 60656 05_qmmm/18d_irc/irc_IRC_B.exc9.tmp
DELETED 1691648 05_qmmm/18d_irc/irc_IRC_B.gbw
DELETED 244864 05_qmmm/18d_irc/irc_IRC_B.gpot0.tmp
DELETED 244576 05_qmmm/18d_irc/irc_IRC_B.gpot1.tmp
DELETED 242368 05_qmmm/18d_irc/irc_IRC_B.gpot10.tmp
DELETED 242112 05_qmmm/18d_irc/irc_IRC_B.gpot11.tmp
DELETED 241952 05_qmmm/18d_irc/irc_IRC_B.gpot12.tmp
DELETED 241600 05_qmmm/18d_irc/irc_IRC_B.gpot13.tmp
DELETED 241344 05_qmmm/18d_irc/irc_IRC_B.gpot14.tmp
DELETED 241088 05_qmmm/18d_irc/irc_IRC_B.gpot15.tmp
DELETED 244352 05_qmmm/18d_irc/irc_IRC_B.gpot2.tmp
DELETED 244032 05_qmmm/18d_irc/irc_IRC_B.gpot3.tmp
DELETED 243808 05_qmmm/18d_irc/irc_IRC_B.gpot4.tmp
DELETED 243648 05_qmmm/18d_irc/irc_IRC_B.gpot5.tmp
DELETED 243488 05_qmmm/18d_irc/irc_IRC_B.gpot6.tmp
DELETED 243168 05_qmmm/18d_irc/irc_IRC_B.gpot7.tmp
DELETED 242880 05_qmmm/18d_irc/irc_IRC_B.gpot8.tmp
DELETED 242624 05_qmmm/18d_irc/irc_IRC_B.gpot9.tmp
DELETED 3602664 05_qmmm/18d_irc/irc_IRC_B.grad.tmp
DELETED 244864 05_qmmm/18d_irc/irc_IRC_B.grho0.tmp
DELETED 244576 05_qmmm/18d_irc/irc_IRC_B.grho1.tmp
DELETED 242368 05_qmmm/18d_irc/irc_IRC_B.grho10.tmp
DELETED 242112 05_qmmm/18d_irc/irc_IRC_B.grho11.tmp
DELETED 241952 05_qmmm/18d_irc/irc_IRC_B.grho12.tmp
DELETED 241600 05_qmmm/18d_irc/irc_IRC_B.grho13.tmp
DELETED 241344 05_qmmm/18d_irc/irc_IRC_B.grho14.tmp
DELETED 241088 05_qmmm/18d_irc/irc_IRC_B.grho15.tmp
DELETED 244352 05_qmmm/18d_irc/irc_IRC_B.grho2.tmp
DELETED 244032 05_qmmm/18d_irc/irc_IRC_B.grho3.tmp
DELETED 243808 05_qmmm/18d_irc/irc_IRC_B.grho4.tmp
DELETED 243648 05_qmmm/18d_irc/irc_IRC_B.grho5.tmp
DELETED 243488 05_qmmm/18d_irc/irc_IRC_B.grho6.tmp
DELETED 243168 05_qmmm/18d_irc/irc_IRC_B.grho7.tmp
DELETED 242880 05_qmmm/18d_irc/irc_IRC_B.grho8.tmp
DELETED 242624 05_qmmm/18d_irc/irc_IRC_B.grho9.tmp
DELETED 10197020 05_qmmm/18d_irc/irc_IRC_B.grid.tmp
DELETED 1166128 05_qmmm/18d_irc/irc_IRC_B.gridx1.tmp
DELETED 2489524 05_qmmm/18d_irc/irc_IRC_B.gridx2.tmp
DELETED 5357272 05_qmmm/18d_irc/irc_IRC_B.gridx3.tmp
DELETED 40495 05_qmmm/18d_irc/irc_IRC_B.int.tmp
DELETED 244864 05_qmmm/18d_irc/irc_IRC_B.opot0.tmp
DELETED 244576 05_qmmm/18d_irc/irc_IRC_B.opot1.tmp
DELETED 242368 05_qmmm/18d_irc/irc_IRC_B.opot10.tmp
DELETED 242112 05_qmmm/18d_irc/irc_IRC_B.opot11.tmp
DELETED 241952 05_qmmm/18d_irc/irc_IRC_B.opot12.tmp
DELETED 241600 05_qmmm/18d_irc/irc_IRC_B.opot13.tmp
DELETED 241344 05_qmmm/18d_irc/irc_IRC_B.opot14.tmp
DELETED 241088 05_qmmm/18d_irc/irc_IRC_B.opot15.tmp
DELETED 244352 05_qmmm/18d_irc/irc_IRC_B.opot2.tmp
DELETED 244032 05_qmmm/18d_irc/irc_IRC_B.opot3.tmp
DELETED 243808 05_qmmm/18d_irc/irc_IRC_B.opot4.tmp
DELETED 243648 05_qmmm/18d_irc/irc_IRC_B.opot5.tmp
DELETED 243488 05_qmmm/18d_irc/irc_IRC_B.opot6.tmp
DELETED 243168 05_qmmm/18d_irc/irc_IRC_B.opot7.tmp
DELETED 242880 05_qmmm/18d_irc/irc_IRC_B.opot8.tmp
DELETED 242624 05_qmmm/18d_irc/irc_IRC_B.opot9.tmp
DELETED 244864 05_qmmm/18d_irc/irc_IRC_B.orho0.tmp
DELETED 244576 05_qmmm/18d_irc/irc_IRC_B.orho1.tmp
DELETED 242368 05_qmmm/18d_irc/irc_IRC_B.orho10.tmp
DELETED 242112 05_qmmm/18d_irc/irc_IRC_B.orho11.tmp
DELETED 241952 05_qmmm/18d_irc/irc_IRC_B.orho12.tmp
DELETED 241600 05_qmmm/18d_irc/irc_IRC_B.orho13.tmp
DELETED 241344 05_qmmm/18d_irc/irc_IRC_B.orho14.tmp
DELETED 241088 05_qmmm/18d_irc/irc_IRC_B.orho15.tmp
DELETED 244352 05_qmmm/18d_irc/irc_IRC_B.orho2.tmp
DELETED 244032 05_qmmm/18d_irc/irc_IRC_B.orho3.tmp
DELETED 243808 05_qmmm/18d_irc/irc_IRC_B.orho4.tmp
DELETED 243648 05_qmmm/18d_irc/irc_IRC_B.orho5.tmp
DELETED 243488 05_qmmm/18d_irc/irc_IRC_B.orho6.tmp
DELETED 243168 05_qmmm/18d_irc/irc_IRC_B.orho7.tmp
DELETED 242880 05_qmmm/18d_irc/irc_IRC_B.orho8.tmp
DELETED 242624 05_qmmm/18d_irc/irc_IRC_B.orho9.tmp
DELETED 10197020 05_qmmm/18d_irc/irc_IRC_B.shark_grid.tmp
DELETED 8 05_qmmm/18d_irc/irc_IRC_F.E.tmp
DELETED 5191304 05_qmmm/18d_irc/irc_IRC_F.EIJ.tmp
DELETED 279864 05_qmmm/18d_irc/irc_IRC_F.H.tmp
DELETED 2199972 05_qmmm/18d_irc/irc_IRC_F.K.tmp
DELETED 557592 05_qmmm/18d_irc/irc_IRC_F.K0.tmp
DELETED 279864 05_qmmm/18d_irc/irc_IRC_F.P0.tmp
DELETED 2278028 05_qmmm/18d_irc/irc_IRC_F.PDAT.tmp
DELETED 279864 05_qmmm/18d_irc/irc_IRC_F.S.tmp
DELETED 557592 05_qmmm/18d_irc/irc_IRC_F.SC0.gridx1.tmp
DELETED 557592 05_qmmm/18d_irc/irc_IRC_F.SC0.gridx2.tmp
DELETED 557592 05_qmmm/18d_irc/irc_IRC_F.SC0.gridx3.tmp
DELETED 58104 05_qmmm/18d_irc/irc_IRC_F.SHARK.KPRSCR.tmp
DELETED 557592 05_qmmm/18d_irc/irc_IRC_F.SINV.gridx1_factor.tmp
DELETED 557592 05_qmmm/18d_irc/irc_IRC_F.SINV.gridx2_factor.tmp
DELETED 557592 05_qmmm/18d_irc/irc_IRC_F.SINV.gridx3_factor.tmp
DELETED 279864 05_qmmm/18d_irc/irc_IRC_F.SM12.tmp
DELETED 279864 05_qmmm/18d_irc/irc_IRC_F.SP12.tmp
DELETED 7000 05_qmmm/18d_irc/irc_IRC_F.SQRTVJ.tmp
DELETED 279864 05_qmmm/18d_irc/irc_IRC_F.T.tmp
DELETED 279864 05_qmmm/18d_irc/irc_IRC_F.V.tmp
DELETED 6083096 05_qmmm/18d_irc/irc_IRC_F.VAUXJ.tmp
DELETED 6083096 05_qmmm/18d_irc/irc_IRC_F.VCDJ.tmp
DELETED 1115136 05_qmmm/18d_irc/irc_IRC_F.densities
DELETED 7140 05_qmmm/18d_irc/irc_IRC_F.en.tmp
DELETED 61248 05_qmmm/18d_irc/irc_IRC_F.exc0.tmp
DELETED 61216 05_qmmm/18d_irc/irc_IRC_F.exc1.tmp
DELETED 60648 05_qmmm/18d_irc/irc_IRC_F.exc10.tmp
DELETED 60560 05_qmmm/18d_irc/irc_IRC_F.exc11.tmp
DELETED 60520 05_qmmm/18d_irc/irc_IRC_F.exc12.tmp
DELETED 60464 05_qmmm/18d_irc/irc_IRC_F.exc13.tmp
DELETED 60392 05_qmmm/18d_irc/irc_IRC_F.exc14.tmp
DELETED 60336 05_qmmm/18d_irc/irc_IRC_F.exc15.tmp
DELETED 61152 05_qmmm/18d_irc/irc_IRC_F.exc2.tmp
DELETED 61088 05_qmmm/18d_irc/irc_IRC_F.exc3.tmp
DELETED 61048 05_qmmm/18d_irc/irc_IRC_F.exc4.tmp
DELETED 60960 05_qmmm/18d_irc/irc_IRC_F.exc5.tmp
DELETED 60880 05_qmmm/18d_irc/irc_IRC_F.exc6.tmp
DELETED 60800 05_qmmm/18d_irc/irc_IRC_F.exc7.tmp
DELETED 60744 05_qmmm/18d_irc/irc_IRC_F.exc8.tmp
DELETED 60688 05_qmmm/18d_irc/irc_IRC_F.exc9.tmp
DELETED 1691648 05_qmmm/18d_irc/irc_IRC_F.gbw
DELETED 244992 05_qmmm/18d_irc/irc_IRC_F.gpot0.tmp
DELETED 244864 05_qmmm/18d_irc/irc_IRC_F.gpot1.tmp
DELETED 242592 05_qmmm/18d_irc/irc_IRC_F.gpot10.tmp
DELETED 242240 05_qmmm/18d_irc/irc_IRC_F.gpot11.tmp
DELETED 242080 05_qmmm/18d_irc/irc_IRC_F.gpot12.tmp
DELETED 241856 05_qmmm/18d_irc/irc_IRC_F.gpot13.tmp
DELETED 241568 05_qmmm/18d_irc/irc_IRC_F.gpot14.tmp
DELETED 241344 05_qmmm/18d_irc/irc_IRC_F.gpot15.tmp
DELETED 244608 05_qmmm/18d_irc/irc_IRC_F.gpot2.tmp
DELETED 244352 05_qmmm/18d_irc/irc_IRC_F.gpot3.tmp
DELETED 244192 05_qmmm/18d_irc/irc_IRC_F.gpot4.tmp
DELETED 243840 05_qmmm/18d_irc/irc_IRC_F.gpot5.tmp
DELETED 243520 05_qmmm/18d_irc/irc_IRC_F.gpot6.tmp
DELETED 243200 05_qmmm/18d_irc/irc_IRC_F.gpot7.tmp
DELETED 242976 05_qmmm/18d_irc/irc_IRC_F.gpot8.tmp
DELETED 242752 05_qmmm/18d_irc/irc_IRC_F.gpot9.tmp
DELETED 1755144 05_qmmm/18d_irc/irc_IRC_F.grad.tmp
DELETED 244992 05_qmmm/18d_irc/irc_IRC_F.grho0.tmp
DELETED 244864 05_qmmm/18d_irc/irc_IRC_F.grho1.tmp
DELETED 242592 05_qmmm/18d_irc/irc_IRC_F.grho10.tmp
DELETED 242240 05_qmmm/18d_irc/irc_IRC_F.grho11.tmp
DELETED 242080 05_qmmm/18d_irc/irc_IRC_F.grho12.tmp
DELETED 241856 05_qmmm/18d_irc/irc_IRC_F.grho13.tmp
DELETED 241568 05_qmmm/18d_irc/irc_IRC_F.grho14.tmp
DELETED 241344 05_qmmm/18d_irc/irc_IRC_F.grho15.tmp
DELETED 244608 05_qmmm/18d_irc/irc_IRC_F.grho2.tmp
DELETED 244352 05_qmmm/18d_irc/irc_IRC_F.grho3.tmp
DELETED 244192 05_qmmm/18d_irc/irc_IRC_F.grho4.tmp
DELETED 243840 05_qmmm/18d_irc/irc_IRC_F.grho5.tmp
DELETED 243520 05_qmmm/18d_irc/irc_IRC_F.grho6.tmp
DELETED 243200 05_qmmm/18d_irc/irc_IRC_F.grho7.tmp
DELETED 242976 05_qmmm/18d_irc/irc_IRC_F.grho8.tmp
DELETED 242752 05_qmmm/18d_irc/irc_IRC_F.grho9.tmp
DELETED 10107268 05_qmmm/18d_irc/irc_IRC_F.grid.tmp
DELETED 1164332 05_qmmm/18d_irc/irc_IRC_F.gridx1.tmp
DELETED 2473040 05_qmmm/18d_irc/irc_IRC_F.gridx2.tmp
DELETED 5319924 05_qmmm/18d_irc/irc_IRC_F.gridx3.tmp
DELETED 40495 05_qmmm/18d_irc/irc_IRC_F.int.tmp
DELETED 244992 05_qmmm/18d_irc/irc_IRC_F.opot0.tmp
DELETED 244864 05_qmmm/18d_irc/irc_IRC_F.opot1.tmp
DELETED 242592 05_qmmm/18d_irc/irc_IRC_F.opot10.tmp
DELETED 242240 05_qmmm/18d_irc/irc_IRC_F.opot11.tmp
DELETED 242080 05_qmmm/18d_irc/irc_IRC_F.opot12.tmp
DELETED 241856 05_qmmm/18d_irc/irc_IRC_F.opot13.tmp
DELETED 241568 05_qmmm/18d_irc/irc_IRC_F.opot14.tmp
DELETED 241344 05_qmmm/18d_irc/irc_IRC_F.opot15.tmp
DELETED 244608 05_qmmm/18d_irc/irc_IRC_F.opot2.tmp
DELETED 244352 05_qmmm/18d_irc/irc_IRC_F.opot3.tmp
DELETED 244192 05_qmmm/18d_irc/irc_IRC_F.opot4.tmp
DELETED 243840 05_qmmm/18d_irc/irc_IRC_F.opot5.tmp
DELETED 243520 05_qmmm/18d_irc/irc_IRC_F.opot6.tmp
DELETED 243200 05_qmmm/18d_irc/irc_IRC_F.opot7.tmp
DELETED 242976 05_qmmm/18d_irc/irc_IRC_F.opot8.tmp
DELETED 242752 05_qmmm/18d_irc/irc_IRC_F.opot9.tmp
DELETED 244992 05_qmmm/18d_irc/irc_IRC_F.orho0.tmp
DELETED 244864 05_qmmm/18d_irc/irc_IRC_F.orho1.tmp
DELETED 242592 05_qmmm/18d_irc/irc_IRC_F.orho10.tmp
DELETED 242240 05_qmmm/18d_irc/irc_IRC_F.orho11.tmp
DELETED 242080 05_qmmm/18d_irc/irc_IRC_F.orho12.tmp
DELETED 241856 05_qmmm/18d_irc/irc_IRC_F.orho13.tmp
DELETED 241568 05_qmmm/18d_irc/irc_IRC_F.orho14.tmp
DELETED 241344 05_qmmm/18d_irc/irc_IRC_F.orho15.tmp
DELETED 244608 05_qmmm/18d_irc/irc_IRC_F.orho2.tmp
DELETED 244352 05_qmmm/18d_irc/irc_IRC_F.orho3.tmp
DELETED 244192 05_qmmm/18d_irc/irc_IRC_F.orho4.tmp
DELETED 243840 05_qmmm/18d_irc/irc_IRC_F.orho5.tmp
DELETED 243520 05_qmmm/18d_irc/irc_IRC_F.orho6.tmp
DELETED 243200 05_qmmm/18d_irc/irc_IRC_F.orho7.tmp
DELETED 242976 05_qmmm/18d_irc/irc_IRC_F.orho8.tmp
DELETED 242752 05_qmmm/18d_irc/irc_IRC_F.orho9.tmp
DELETED 10107268 05_qmmm/18d_irc/irc_IRC_F.shark_grid.tmp
DELETED 1115136 05_qmmm/18e_reactant_reduced/reactant_freq.densities
DELETED 1691616 05_qmmm/18e_reactant_reduced/reactant_freq.gbw
DELETED 1115136 05_qmmm/18e_reactant_reduced/reactant_reduced.densities
DELETED 1691744 05_qmmm/18e_reactant_reduced/reactant_reduced.gbw
DELETED 1115136 05_qmmm/18f_product_reduced/product_freq.densities
DELETED 1691744 05_qmmm/18f_product_reduced/product_freq.gbw
DELETED 1115136 05_qmmm/18f_product_reduced/product_reduced.densities
DELETED 1691808 05_qmmm/18f_product_reduced/product_reduced.gbw
DELETED 385661 05_qmmm/19_ensemble/frame_02450/neb.H_DIST.prms.tmp
DELETED 45568 05_qmmm/19_ensemble/frame_02450/neb.SHARKINP.tmp
DELETED 988 05_qmmm/19_ensemble/frame_02450/neb.citations.tmp
DELETED 91271 05_qmmm/19_ensemble/frame_02450/neb.ginp.tmp
DELETED 2030993 05_qmmm/19_ensemble/frame_02450/neb.maininp.tmp
DELETED 3784614 05_qmmm/19_ensemble/frame_02450/neb.pc.tmp
DELETED 680426500 05_qmmm/19_ensemble/frame_02450/neb_MEP_ALL_trj.xyz
DELETED 32 05_qmmm/19_ensemble/frame_02450/neb_MM.mmdim.tmp
DELETED 1252132 05_qmmm/19_ensemble/frame_02450/neb_MM.mmindex.tmp
DELETED 3971160 05_qmmm/19_ensemble/frame_02450/neb_MM.mmparam.tmp
DELETED 988 05_qmmm/19_ensemble/frame_02450/neb_ci_superseded/neb.citations.tmp
DELETED 988 05_qmmm/19_ensemble/frame_02450/neb_ci_superseded/neb_im0.citations.tmp
DELETED 988 05_qmmm/19_ensemble/frame_02450/neb_ci_superseded/neb_im9.citations.tmp
DELETED 988 05_qmmm/19_ensemble/frame_02450/neb_im0.citations.tmp
DELETED 1740256 05_qmmm/19_ensemble/frame_02450/neb_im0.gbw
DELETED 7212352 05_qmmm/19_ensemble/frame_02450/neb_im1.gbw
DELETED 7212352 05_qmmm/19_ensemble/frame_02450/neb_im2.gbw
DELETED 7212352 05_qmmm/19_ensemble/frame_02450/neb_im3.gbw
DELETED 7212352 05_qmmm/19_ensemble/frame_02450/neb_im4.gbw
DELETED 7212352 05_qmmm/19_ensemble/frame_02450/neb_im5.gbw
DELETED 7212352 05_qmmm/19_ensemble/frame_02450/neb_im6.gbw
DELETED 7212352 05_qmmm/19_ensemble/frame_02450/neb_im7.gbw
DELETED 7212352 05_qmmm/19_ensemble/frame_02450/neb_im8.gbw
DELETED 988 05_qmmm/19_ensemble/frame_02450/neb_im9.citations.tmp
DELETED 1740256 05_qmmm/19_ensemble/frame_02450/neb_im9.gbw
DELETED 13864473 05_qmmm/19_ensemble/frame_02450/product_opt.mdrestart
DELETED 53459476 05_qmmm/19_ensemble/frame_02450/product_opt_trj.dcd
DELETED 13864474 05_qmmm/19_ensemble/frame_02450/reactant_opt.mdrestart
DELETED 385661 05_qmmm/19_ensemble/frame_04085/neb.H_DIST.prms.tmp
DELETED 45568 05_qmmm/19_ensemble/frame_04085/neb.SHARKINP.tmp
DELETED 988 05_qmmm/19_ensemble/frame_04085/neb.citations.tmp
DELETED 88186 05_qmmm/19_ensemble/frame_04085/neb.ginp.tmp
DELETED 2022207 05_qmmm/19_ensemble/frame_04085/neb.maininp.tmp
DELETED 3784614 05_qmmm/19_ensemble/frame_04085/neb.pc.tmp
DELETED 811277750 05_qmmm/19_ensemble/frame_04085/neb_MEP_ALL_trj.xyz
DELETED 32 05_qmmm/19_ensemble/frame_04085/neb_MM.mmdim.tmp
DELETED 1252132 05_qmmm/19_ensemble/frame_04085/neb_MM.mmindex.tmp
DELETED 3971160 05_qmmm/19_ensemble/frame_04085/neb_MM.mmparam.tmp
DELETED 988 05_qmmm/19_ensemble/frame_04085/neb_ci_superseded/neb.citations.tmp
DELETED 988 05_qmmm/19_ensemble/frame_04085/neb_ci_superseded/neb_im0.citations.tmp
DELETED 988 05_qmmm/19_ensemble/frame_04085/neb_ci_superseded/neb_im9.citations.tmp
DELETED 988 05_qmmm/19_ensemble/frame_04085/neb_im0.citations.tmp
DELETED 1738528 05_qmmm/19_ensemble/frame_04085/neb_im0.gbw
DELETED 7450048 05_qmmm/19_ensemble/frame_04085/neb_im1.gbw
DELETED 7450048 05_qmmm/19_ensemble/frame_04085/neb_im2.gbw
DELETED 7450048 05_qmmm/19_ensemble/frame_04085/neb_im3.gbw
DELETED 7450048 05_qmmm/19_ensemble/frame_04085/neb_im4.gbw
DELETED 7450048 05_qmmm/19_ensemble/frame_04085/neb_im5.gbw
DELETED 7450048 05_qmmm/19_ensemble/frame_04085/neb_im6.gbw
DELETED 7450048 05_qmmm/19_ensemble/frame_04085/neb_im7.gbw
DELETED 7450048 05_qmmm/19_ensemble/frame_04085/neb_im8.gbw
DELETED 988 05_qmmm/19_ensemble/frame_04085/neb_im9.citations.tmp
DELETED 1738528 05_qmmm/19_ensemble/frame_04085/neb_im9.gbw
DELETED 13864473 05_qmmm/19_ensemble/frame_04085/product_opt.mdrestart
DELETED 58137156 05_qmmm/19_ensemble/frame_04085/product_opt_trj.dcd
DELETED 13864474 05_qmmm/19_ensemble/frame_04085/reactant_opt.mdrestart
DELETED 385661 05_qmmm/19_ensemble/frame_05680/neb.H_DIST.prms.tmp
DELETED 45568 05_qmmm/19_ensemble/frame_05680/neb.SHARKINP.tmp
DELETED 988 05_qmmm/19_ensemble/frame_05680/neb.citations.tmp
DELETED 94634 05_qmmm/19_ensemble/frame_05680/neb.ginp.tmp
DELETED 2040587 05_qmmm/19_ensemble/frame_05680/neb.maininp.tmp
DELETED 3784614 05_qmmm/19_ensemble/frame_05680/neb.pc.tmp
DELETED 497234750 05_qmmm/19_ensemble/frame_05680/neb_MEP_ALL_trj.xyz
DELETED 32 05_qmmm/19_ensemble/frame_05680/neb_MM.mmdim.tmp
DELETED 1252132 05_qmmm/19_ensemble/frame_05680/neb_MM.mmindex.tmp
DELETED 3971160 05_qmmm/19_ensemble/frame_05680/neb_MM.mmparam.tmp
DELETED 988 05_qmmm/19_ensemble/frame_05680/neb_ci_superseded/neb.citations.tmp
DELETED 988 05_qmmm/19_ensemble/frame_05680/neb_ci_superseded/neb_im0.citations.tmp
DELETED 988 05_qmmm/19_ensemble/frame_05680/neb_ci_superseded/neb_im9.citations.tmp
DELETED 988 05_qmmm/19_ensemble/frame_05680/neb_im0.citations.tmp
DELETED 1742144 05_qmmm/19_ensemble/frame_05680/neb_im0.gbw
DELETED 6852352 05_qmmm/19_ensemble/frame_05680/neb_im1.gbw
DELETED 6852352 05_qmmm/19_ensemble/frame_05680/neb_im2.gbw
DELETED 6852352 05_qmmm/19_ensemble/frame_05680/neb_im3.gbw
DELETED 6852352 05_qmmm/19_ensemble/frame_05680/neb_im4.gbw
DELETED 6852352 05_qmmm/19_ensemble/frame_05680/neb_im5.gbw
DELETED 6852352 05_qmmm/19_ensemble/frame_05680/neb_im6.gbw
DELETED 6852352 05_qmmm/19_ensemble/frame_05680/neb_im7.gbw
DELETED 6852352 05_qmmm/19_ensemble/frame_05680/neb_im8.gbw
DELETED 988 05_qmmm/19_ensemble/frame_05680/neb_im9.citations.tmp
DELETED 1742144 05_qmmm/19_ensemble/frame_05680/neb_im9.gbw
DELETED 13864473 05_qmmm/19_ensemble/frame_05680/product_opt.mdrestart
DELETED 44772356 05_qmmm/19_ensemble/frame_05680/product_opt_trj.dcd
DELETED 13864474 05_qmmm/19_ensemble/frame_05680/reactant_opt.mdrestart
DELETED 8 05_qmmm/19_ensemble/frame_07310/neb.E.tmp
DELETED 5236216 05_qmmm/19_ensemble/frame_07310/neb.EIJ.tmp
DELETED 279864 05_qmmm/19_ensemble/frame_07310/neb.H.tmp
DELETED 385661 05_qmmm/19_ensemble/frame_07310/neb.H_DIST.prms.tmp
DELETED 2200868 05_qmmm/19_ensemble/frame_07310/neb.K.tmp
DELETED 557592 05_qmmm/19_ensemble/frame_07310/neb.K0.tmp
DELETED 279864 05_qmmm/19_ensemble/frame_07310/neb.P0.tmp
DELETED 2286092 05_qmmm/19_ensemble/frame_07310/neb.PDAT.tmp
DELETED 279864 05_qmmm/19_ensemble/frame_07310/neb.S.tmp
DELETED 557592 05_qmmm/19_ensemble/frame_07310/neb.SC0.gridx1.tmp
DELETED 557592 05_qmmm/19_ensemble/frame_07310/neb.SC0.gridx2.tmp
DELETED 557592 05_qmmm/19_ensemble/frame_07310/neb.SC0.gridx3.tmp
DELETED 58104 05_qmmm/19_ensemble/frame_07310/neb.SHARK.KPRSCR.tmp
DELETED 45568 05_qmmm/19_ensemble/frame_07310/neb.SHARKINP.tmp
DELETED 557592 05_qmmm/19_ensemble/frame_07310/neb.SINV.gridx1_factor.tmp
DELETED 557592 05_qmmm/19_ensemble/frame_07310/neb.SINV.gridx2_factor.tmp
DELETED 557592 05_qmmm/19_ensemble/frame_07310/neb.SINV.gridx3_factor.tmp
DELETED 279864 05_qmmm/19_ensemble/frame_07310/neb.SM12.tmp
DELETED 279864 05_qmmm/19_ensemble/frame_07310/neb.SP12.tmp
DELETED 7000 05_qmmm/19_ensemble/frame_07310/neb.SQRTVJ.tmp
DELETED 279864 05_qmmm/19_ensemble/frame_07310/neb.T.tmp
DELETED 279864 05_qmmm/19_ensemble/frame_07310/neb.V.tmp
DELETED 6083096 05_qmmm/19_ensemble/frame_07310/neb.VAUXJ.tmp
DELETED 6083096 05_qmmm/19_ensemble/frame_07310/neb.VCDJ.tmp
DELETED 988 05_qmmm/19_ensemble/frame_07310/neb.citations.tmp
DELETED 60 05_qmmm/19_ensemble/frame_07310/neb.en.tmp
DELETED 122000 05_qmmm/19_ensemble/frame_07310/neb.exc0.tmp
DELETED 121848 05_qmmm/19_ensemble/frame_07310/neb.exc1.tmp
DELETED 121752 05_qmmm/19_ensemble/frame_07310/neb.exc2.tmp
DELETED 121632 05_qmmm/19_ensemble/frame_07310/neb.exc3.tmp
DELETED 121488 05_qmmm/19_ensemble/frame_07310/neb.exc4.tmp
DELETED 121368 05_qmmm/19_ensemble/frame_07310/neb.exc5.tmp
DELETED 121232 05_qmmm/19_ensemble/frame_07310/neb.exc6.tmp
DELETED 121080 05_qmmm/19_ensemble/frame_07310/neb.exc7.tmp
DELETED 93551 05_qmmm/19_ensemble/frame_07310/neb.ginp.tmp
DELETED 488000 05_qmmm/19_ensemble/frame_07310/neb.gpot0.tmp
DELETED 487392 05_qmmm/19_ensemble/frame_07310/neb.gpot1.tmp
DELETED 487008 05_qmmm/19_ensemble/frame_07310/neb.gpot2.tmp
DELETED 486528 05_qmmm/19_ensemble/frame_07310/neb.gpot3.tmp
DELETED 485952 05_qmmm/19_ensemble/frame_07310/neb.gpot4.tmp
DELETED 485472 05_qmmm/19_ensemble/frame_07310/neb.gpot5.tmp
DELETED 484928 05_qmmm/19_ensemble/frame_07310/neb.gpot6.tmp
DELETED 484320 05_qmmm/19_ensemble/frame_07310/neb.gpot7.tmp
DELETED 563688 05_qmmm/19_ensemble/frame_07310/neb.grad.tmp
DELETED 488000 05_qmmm/19_ensemble/frame_07310/neb.grho0.tmp
DELETED 487392 05_qmmm/19_ensemble/frame_07310/neb.grho1.tmp
DELETED 487008 05_qmmm/19_ensemble/frame_07310/neb.grho2.tmp
DELETED 486528 05_qmmm/19_ensemble/frame_07310/neb.grho3.tmp
DELETED 485952 05_qmmm/19_ensemble/frame_07310/neb.grho4.tmp
DELETED 485472 05_qmmm/19_ensemble/frame_07310/neb.grho5.tmp
DELETED 484928 05_qmmm/19_ensemble/frame_07310/neb.grho6.tmp
DELETED 484320 05_qmmm/19_ensemble/frame_07310/neb.grho7.tmp
DELETED 10137416 05_qmmm/19_ensemble/frame_07310/neb.grid.tmp
DELETED 1167492 05_qmmm/19_ensemble/frame_07310/neb.gridx1.tmp
DELETED 2474948 05_qmmm/19_ensemble/frame_07310/neb.gridx2.tmp
DELETED 5334332 05_qmmm/19_ensemble/frame_07310/neb.gridx3.tmp
DELETED 40483 05_qmmm/19_ensemble/frame_07310/neb.int.tmp
DELETED 2037468 05_qmmm/19_ensemble/frame_07310/neb.maininp.tmp
DELETED 488000 05_qmmm/19_ensemble/frame_07310/neb.opot0.tmp
DELETED 487392 05_qmmm/19_ensemble/frame_07310/neb.opot1.tmp
DELETED 487008 05_qmmm/19_ensemble/frame_07310/neb.opot2.tmp
DELETED 486528 05_qmmm/19_ensemble/frame_07310/neb.opot3.tmp
DELETED 485952 05_qmmm/19_ensemble/frame_07310/neb.opot4.tmp
DELETED 485472 05_qmmm/19_ensemble/frame_07310/neb.opot5.tmp
DELETED 484928 05_qmmm/19_ensemble/frame_07310/neb.opot6.tmp
DELETED 484320 05_qmmm/19_ensemble/frame_07310/neb.opot7.tmp
DELETED 488000 05_qmmm/19_ensemble/frame_07310/neb.orho0.tmp
DELETED 487392 05_qmmm/19_ensemble/frame_07310/neb.orho1.tmp
DELETED 487008 05_qmmm/19_ensemble/frame_07310/neb.orho2.tmp
DELETED 486528 05_qmmm/19_ensemble/frame_07310/neb.orho3.tmp
DELETED 485952 05_qmmm/19_ensemble/frame_07310/neb.orho4.tmp
DELETED 485472 05_qmmm/19_ensemble/frame_07310/neb.orho5.tmp
DELETED 484928 05_qmmm/19_ensemble/frame_07310/neb.orho6.tmp
DELETED 484320 05_qmmm/19_ensemble/frame_07310/neb.orho7.tmp
DELETED 3784614 05_qmmm/19_ensemble/frame_07310/neb.pc.tmp
DELETED 86352 05_qmmm/19_ensemble/frame_07310/neb.refgeohess.tmp
DELETED 10137416 05_qmmm/19_ensemble/frame_07310/neb.shark_grid.tmp
DELETED 340213250 05_qmmm/19_ensemble/frame_07310/neb_MEP_ALL_trj.xyz
DELETED 12 05_qmmm/19_ensemble/frame_07310/neb_MM.en.tmp
DELETED 5790744 05_qmmm/19_ensemble/frame_07310/neb_MM.grad.tmp
DELETED 32 05_qmmm/19_ensemble/frame_07310/neb_MM.mmdim.tmp
DELETED 1252132 05_qmmm/19_ensemble/frame_07310/neb_MM.mmindex.tmp
DELETED 3971160 05_qmmm/19_ensemble/frame_07310/neb_MM.mmparam.tmp
DELETED 988 05_qmmm/19_ensemble/frame_07310/neb_ci_superseded/neb.citations.tmp
DELETED 988 05_qmmm/19_ensemble/frame_07310/neb_ci_superseded/neb_im0.citations.tmp
DELETED 988 05_qmmm/19_ensemble/frame_07310/neb_ci_superseded/neb_im9.citations.tmp
DELETED 988 05_qmmm/19_ensemble/frame_07310/neb_im0.citations.tmp
DELETED 1741536 05_qmmm/19_ensemble/frame_07310/neb_im0.gbw
DELETED 6522048 05_qmmm/19_ensemble/frame_07310/neb_im1.gbw
DELETED 6522048 05_qmmm/19_ensemble/frame_07310/neb_im2.gbw
DELETED 6522048 05_qmmm/19_ensemble/frame_07310/neb_im3.gbw
DELETED 6522048 05_qmmm/19_ensemble/frame_07310/neb_im4.gbw
DELETED 6522048 05_qmmm/19_ensemble/frame_07310/neb_im5.gbw
DELETED 6522048 05_qmmm/19_ensemble/frame_07310/neb_im6.gbw
DELETED 6522048 05_qmmm/19_ensemble/frame_07310/neb_im7.gbw
DELETED 6522048 05_qmmm/19_ensemble/frame_07310/neb_im8.gbw
DELETED 988 05_qmmm/19_ensemble/frame_07310/neb_im9.citations.tmp
DELETED 1741536 05_qmmm/19_ensemble/frame_07310/neb_im9.gbw
DELETED 13864473 05_qmmm/19_ensemble/frame_07310/product_opt.mdrestart
DELETED 58137156 05_qmmm/19_ensemble/frame_07310/product_opt_trj.dcd
DELETED 13864474 05_qmmm/19_ensemble/frame_07310/reactant_opt.mdrestart
DELETED 385661 05_qmmm/19_ensemble/frame_08170/neb.H_DIST.prms.tmp
DELETED 45568 05_qmmm/19_ensemble/frame_08170/neb.SHARKINP.tmp
DELETED 988 05_qmmm/19_ensemble/frame_08170/neb.citations.tmp
DELETED 2044002 05_qmmm/19_ensemble/frame_08170/neb.maininp.tmp
DELETED 3784614 05_qmmm/19_ensemble/frame_08170/neb.pc.tmp
DELETED 2041279500 05_qmmm/19_ensemble/frame_08170/neb_MEP_ALL_trj.xyz
DELETED 32 05_qmmm/19_ensemble/frame_08170/neb_MM.mmdim.tmp
DELETED 1252132 05_qmmm/19_ensemble/frame_08170/neb_MM.mmindex.tmp
DELETED 3971160 05_qmmm/19_ensemble/frame_08170/neb_MM.mmparam.tmp
DELETED 988 05_qmmm/19_ensemble/frame_08170/neb_ci_superseded/neb.citations.tmp
DELETED 988 05_qmmm/19_ensemble/frame_08170/neb_ci_superseded/neb_im0.citations.tmp
DELETED 988 05_qmmm/19_ensemble/frame_08170/neb_ci_superseded/neb_im9.citations.tmp
DELETED 988 05_qmmm/19_ensemble/frame_08170/neb_im0.citations.tmp
DELETED 1742816 05_qmmm/19_ensemble/frame_08170/neb_im0.gbw
DELETED 10360064 05_qmmm/19_ensemble/frame_08170/neb_im1.gbw
DELETED 10360064 05_qmmm/19_ensemble/frame_08170/neb_im2.gbw
DELETED 10360064 05_qmmm/19_ensemble/frame_08170/neb_im3.gbw
DELETED 10360064 05_qmmm/19_ensemble/frame_08170/neb_im4.gbw
DELETED 10360064 05_qmmm/19_ensemble/frame_08170/neb_im5.gbw
DELETED 10360064 05_qmmm/19_ensemble/frame_08170/neb_im6.gbw
DELETED 10360064 05_qmmm/19_ensemble/frame_08170/neb_im7.gbw
DELETED 10360064 05_qmmm/19_ensemble/frame_08170/neb_im8.gbw
DELETED 988 05_qmmm/19_ensemble/frame_08170/neb_im9.citations.tmp
DELETED 1742816 05_qmmm/19_ensemble/frame_08170/neb_im9.gbw
DELETED 13864473 05_qmmm/19_ensemble/frame_08170/product_opt.mdrestart
DELETED 42767636 05_qmmm/19_ensemble/frame_08170/product_opt_trj.dcd
DELETED 13864474 05_qmmm/19_ensemble/frame_08170/reactant_opt.mdrestart
DELETED 385661 05_qmmm/19_ensemble/frame_09025/neb.H_DIST.prms.tmp
DELETED 45568 05_qmmm/19_ensemble/frame_09025/neb.SHARKINP.tmp
DELETED 988 05_qmmm/19_ensemble/frame_09025/neb.citations.tmp
DELETED 90986 05_qmmm/19_ensemble/frame_09025/neb.ginp.tmp
DELETED 2030144 05_qmmm/19_ensemble/frame_09025/neb.maininp.tmp
DELETED 3784614 05_qmmm/19_ensemble/frame_09025/neb.pc.tmp
DELETED 575745500 05_qmmm/19_ensemble/frame_09025/neb_MEP_ALL_trj.xyz
DELETED 32 05_qmmm/19_ensemble/frame_09025/neb_MM.mmdim.tmp
DELETED 1252132 05_qmmm/19_ensemble/frame_09025/neb_MM.mmindex.tmp
DELETED 3971160 05_qmmm/19_ensemble/frame_09025/neb_MM.mmparam.tmp
DELETED 988 05_qmmm/19_ensemble/frame_09025/neb_ci_superseded/neb.citations.tmp
DELETED 988 05_qmmm/19_ensemble/frame_09025/neb_ci_superseded/neb_im0.citations.tmp
DELETED 988 05_qmmm/19_ensemble/frame_09025/neb_ci_superseded/neb_im9.citations.tmp
DELETED 988 05_qmmm/19_ensemble/frame_09025/neb_im0.citations.tmp
DELETED 1740096 05_qmmm/19_ensemble/frame_09025/neb_im0.gbw
DELETED 7003008 05_qmmm/19_ensemble/frame_09025/neb_im1.gbw
DELETED 7003008 05_qmmm/19_ensemble/frame_09025/neb_im2.gbw
DELETED 7003008 05_qmmm/19_ensemble/frame_09025/neb_im3.gbw
DELETED 7003008 05_qmmm/19_ensemble/frame_09025/neb_im4.gbw
DELETED 7003008 05_qmmm/19_ensemble/frame_09025/neb_im5.gbw
DELETED 7003008 05_qmmm/19_ensemble/frame_09025/neb_im6.gbw
DELETED 7003008 05_qmmm/19_ensemble/frame_09025/neb_im7.gbw
DELETED 7003008 05_qmmm/19_ensemble/frame_09025/neb_im8.gbw
DELETED 988 05_qmmm/19_ensemble/frame_09025/neb_im9.citations.tmp
DELETED 1740096 05_qmmm/19_ensemble/frame_09025/neb_im9.gbw
DELETED 13864473 05_qmmm/19_ensemble/frame_09025/product_opt.mdrestart
DELETED 44104116 05_qmmm/19_ensemble/frame_09025/product_opt_trj.dcd
DELETED 13864474 05_qmmm/19_ensemble/frame_09025/reactant_opt.mdrestart
DELETED 385661 05_qmmm/19_ensemble/frame_09900/neb.H_DIST.prms.tmp
DELETED 45568 05_qmmm/19_ensemble/frame_09900/neb.SHARKINP.tmp
DELETED 988 05_qmmm/19_ensemble/frame_09900/neb.citations.tmp
DELETED 90587 05_qmmm/19_ensemble/frame_09900/neb.ginp.tmp
DELETED 2029017 05_qmmm/19_ensemble/frame_09900/neb.maininp.tmp
DELETED 3784614 05_qmmm/19_ensemble/frame_09900/neb.pc.tmp
DELETED 628086000 05_qmmm/19_ensemble/frame_09900/neb_MEP_ALL_trj.xyz
DELETED 32 05_qmmm/19_ensemble/frame_09900/neb_MM.mmdim.tmp
DELETED 1252132 05_qmmm/19_ensemble/frame_09900/neb_MM.mmindex.tmp
DELETED 3971160 05_qmmm/19_ensemble/frame_09900/neb_MM.mmparam.tmp
DELETED 988 05_qmmm/19_ensemble/frame_09900/neb_ci_superseded/neb.citations.tmp
DELETED 988 05_qmmm/19_ensemble/frame_09900/neb_ci_superseded/neb_im0.citations.tmp
DELETED 988 05_qmmm/19_ensemble/frame_09900/neb_ci_superseded/neb_im9.citations.tmp
DELETED 988 05_qmmm/19_ensemble/frame_09900/neb_im0.citations.tmp
DELETED 1739872 05_qmmm/19_ensemble/frame_09900/neb_im0.gbw
DELETED 7199296 05_qmmm/19_ensemble/frame_09900/neb_im1.gbw
DELETED 7199296 05_qmmm/19_ensemble/frame_09900/neb_im2.gbw
DELETED 7199296 05_qmmm/19_ensemble/frame_09900/neb_im3.gbw
DELETED 7199296 05_qmmm/19_ensemble/frame_09900/neb_im4.gbw
DELETED 7199296 05_qmmm/19_ensemble/frame_09900/neb_im5.gbw
DELETED 7199296 05_qmmm/19_ensemble/frame_09900/neb_im6.gbw
DELETED 7199296 05_qmmm/19_ensemble/frame_09900/neb_im7.gbw
DELETED 7199296 05_qmmm/19_ensemble/frame_09900/neb_im8.gbw
DELETED 988 05_qmmm/19_ensemble/frame_09900/neb_im9.citations.tmp
DELETED 1739872 05_qmmm/19_ensemble/frame_09900/neb_im9.gbw
DELETED 13864474 05_qmmm/19_ensemble/frame_09900/product_opt.mdrestart
DELETED 69497236 05_qmmm/19_ensemble/frame_09900/product_opt_trj.dcd
DELETED 13864474 05_qmmm/19_ensemble/frame_09900/reactant_opt.mdrestart
DELETED 8 05_qmmm/19_ensemble/frame_10775/neb.E.tmp
DELETED 5291112 05_qmmm/19_ensemble/frame_10775/neb.EIJ.tmp
DELETED 279864 05_qmmm/19_ensemble/frame_10775/neb.H.tmp
DELETED 385661 05_qmmm/19_ensemble/frame_10775/neb.H_DIST.prms.tmp
DELETED 2219612 05_qmmm/19_ensemble/frame_10775/neb.K.tmp
DELETED 557592 05_qmmm/19_ensemble/frame_10775/neb.K0.tmp
DELETED 279864 05_qmmm/19_ensemble/frame_10775/neb.P0.tmp
DELETED 2294764 05_qmmm/19_ensemble/frame_10775/neb.PDAT.tmp
DELETED 279864 05_qmmm/19_ensemble/frame_10775/neb.S.tmp
DELETED 557592 05_qmmm/19_ensemble/frame_10775/neb.SC0.gridx1.tmp
DELETED 557592 05_qmmm/19_ensemble/frame_10775/neb.SC0.gridx2.tmp
DELETED 557592 05_qmmm/19_ensemble/frame_10775/neb.SC0.gridx3.tmp
DELETED 58104 05_qmmm/19_ensemble/frame_10775/neb.SHARK.KPRSCR.tmp
DELETED 45568 05_qmmm/19_ensemble/frame_10775/neb.SHARKINP.tmp
DELETED 557592 05_qmmm/19_ensemble/frame_10775/neb.SINV.gridx1_factor.tmp
DELETED 557592 05_qmmm/19_ensemble/frame_10775/neb.SINV.gridx2_factor.tmp
DELETED 557592 05_qmmm/19_ensemble/frame_10775/neb.SINV.gridx3_factor.tmp
DELETED 279864 05_qmmm/19_ensemble/frame_10775/neb.SM12.tmp
DELETED 279864 05_qmmm/19_ensemble/frame_10775/neb.SP12.tmp
DELETED 7000 05_qmmm/19_ensemble/frame_10775/neb.SQRTVJ.tmp
DELETED 279864 05_qmmm/19_ensemble/frame_10775/neb.T.tmp
DELETED 279864 05_qmmm/19_ensemble/frame_10775/neb.V.tmp
DELETED 6083096 05_qmmm/19_ensemble/frame_10775/neb.VAUXJ.tmp
DELETED 6083096 05_qmmm/19_ensemble/frame_10775/neb.VCDJ.tmp
DELETED 988 05_qmmm/19_ensemble/frame_10775/neb.citations.tmp
DELETED 60 05_qmmm/19_ensemble/frame_10775/neb.en.tmp
DELETED 121912 05_qmmm/19_ensemble/frame_10775/neb.exc0.tmp
DELETED 121744 05_qmmm/19_ensemble/frame_10775/neb.exc1.tmp
DELETED 121608 05_qmmm/19_ensemble/frame_10775/neb.exc2.tmp
DELETED 121496 05_qmmm/19_ensemble/frame_10775/neb.exc3.tmp
DELETED 121352 05_qmmm/19_ensemble/frame_10775/neb.exc4.tmp
DELETED 121256 05_qmmm/19_ensemble/frame_10775/neb.exc5.tmp
DELETED 121112 05_qmmm/19_ensemble/frame_10775/neb.exc6.tmp
DELETED 121024 05_qmmm/19_ensemble/frame_10775/neb.exc7.tmp
DELETED 92789 05_qmmm/19_ensemble/frame_10775/neb.ginp.tmp
DELETED 487648 05_qmmm/19_ensemble/frame_10775/neb.gpot0.tmp
DELETED 486976 05_qmmm/19_ensemble/frame_10775/neb.gpot1.tmp
DELETED 486432 05_qmmm/19_ensemble/frame_10775/neb.gpot2.tmp
DELETED 485984 05_qmmm/19_ensemble/frame_10775/neb.gpot3.tmp
DELETED 485408 05_qmmm/19_ensemble/frame_10775/neb.gpot4.tmp
DELETED 485024 05_qmmm/19_ensemble/frame_10775/neb.gpot5.tmp
DELETED 484448 05_qmmm/19_ensemble/frame_10775/neb.gpot6.tmp
DELETED 484096 05_qmmm/19_ensemble/frame_10775/neb.gpot7.tmp
DELETED 561660 05_qmmm/19_ensemble/frame_10775/neb.grad.tmp
DELETED 487648 05_qmmm/19_ensemble/frame_10775/neb.grho0.tmp
DELETED 486976 05_qmmm/19_ensemble/frame_10775/neb.grho1.tmp
DELETED 486432 05_qmmm/19_ensemble/frame_10775/neb.grho2.tmp
DELETED 485984 05_qmmm/19_ensemble/frame_10775/neb.grho3.tmp
DELETED 485408 05_qmmm/19_ensemble/frame_10775/neb.grho4.tmp
DELETED 485024 05_qmmm/19_ensemble/frame_10775/neb.grho5.tmp
DELETED 484448 05_qmmm/19_ensemble/frame_10775/neb.grho6.tmp
DELETED 484096 05_qmmm/19_ensemble/frame_10775/neb.grho7.tmp
DELETED 10119584 05_qmmm/19_ensemble/frame_10775/neb.grid.tmp
DELETED 1163620 05_qmmm/19_ensemble/frame_10775/neb.gridx1.tmp
DELETED 2473116 05_qmmm/19_ensemble/frame_10775/neb.gridx2.tmp
DELETED 5319080 05_qmmm/19_ensemble/frame_10775/neb.gridx3.tmp
DELETED 40483 05_qmmm/19_ensemble/frame_10775/neb.int.tmp
DELETED 2035365 05_qmmm/19_ensemble/frame_10775/neb.maininp.tmp
DELETED 487648 05_qmmm/19_ensemble/frame_10775/neb.opot0.tmp
DELETED 486976 05_qmmm/19_ensemble/frame_10775/neb.opot1.tmp
DELETED 486432 05_qmmm/19_ensemble/frame_10775/neb.opot2.tmp
DELETED 485984 05_qmmm/19_ensemble/frame_10775/neb.opot3.tmp
DELETED 485408 05_qmmm/19_ensemble/frame_10775/neb.opot4.tmp
DELETED 485024 05_qmmm/19_ensemble/frame_10775/neb.opot5.tmp
DELETED 484448 05_qmmm/19_ensemble/frame_10775/neb.opot6.tmp
DELETED 484096 05_qmmm/19_ensemble/frame_10775/neb.opot7.tmp
DELETED 487648 05_qmmm/19_ensemble/frame_10775/neb.orho0.tmp
DELETED 486976 05_qmmm/19_ensemble/frame_10775/neb.orho1.tmp
DELETED 486432 05_qmmm/19_ensemble/frame_10775/neb.orho2.tmp
DELETED 485984 05_qmmm/19_ensemble/frame_10775/neb.orho3.tmp
DELETED 485408 05_qmmm/19_ensemble/frame_10775/neb.orho4.tmp
DELETED 485024 05_qmmm/19_ensemble/frame_10775/neb.orho5.tmp
DELETED 484448 05_qmmm/19_ensemble/frame_10775/neb.orho6.tmp
DELETED 484096 05_qmmm/19_ensemble/frame_10775/neb.orho7.tmp
DELETED 3784614 05_qmmm/19_ensemble/frame_10775/neb.pc.tmp
DELETED 10119584 05_qmmm/19_ensemble/frame_10775/neb.shark_grid.tmp
DELETED 287872750 05_qmmm/19_ensemble/frame_10775/neb_MEP_ALL_trj.xyz
DELETED 12 05_qmmm/19_ensemble/frame_10775/neb_MM.en.tmp
DELETED 5790744 05_qmmm/19_ensemble/frame_10775/neb_MM.grad.tmp
DELETED 32 05_qmmm/19_ensemble/frame_10775/neb_MM.mmdim.tmp
DELETED 1252132 05_qmmm/19_ensemble/frame_10775/neb_MM.mmindex.tmp
DELETED 3971160 05_qmmm/19_ensemble/frame_10775/neb_MM.mmparam.tmp
DELETED 988 05_qmmm/19_ensemble/frame_10775/neb_ci_superseded/neb.citations.tmp
DELETED 988 05_qmmm/19_ensemble/frame_10775/neb_ci_superseded/neb_im0.citations.tmp
DELETED 988 05_qmmm/19_ensemble/frame_10775/neb_ci_superseded/neb_im9.citations.tmp
DELETED 988 05_qmmm/19_ensemble/frame_10775/neb_im0.citations.tmp
DELETED 1741120 05_qmmm/19_ensemble/frame_10775/neb_im0.gbw
DELETED 6357728 05_qmmm/19_ensemble/frame_10775/neb_im1.gbw
DELETED 6357728 05_qmmm/19_ensemble/frame_10775/neb_im2.gbw
DELETED 6357728 05_qmmm/19_ensemble/frame_10775/neb_im3.gbw
DELETED 6357728 05_qmmm/19_ensemble/frame_10775/neb_im4.gbw
DELETED 6357728 05_qmmm/19_ensemble/frame_10775/neb_im5.gbw
DELETED 6357728 05_qmmm/19_ensemble/frame_10775/neb_im6.gbw
DELETED 6357728 05_qmmm/19_ensemble/frame_10775/neb_im7.gbw
DELETED 6357728 05_qmmm/19_ensemble/frame_10775/neb_im8.gbw
DELETED 988 05_qmmm/19_ensemble/frame_10775/neb_im9.citations.tmp
DELETED 1741120 05_qmmm/19_ensemble/frame_10775/neb_im9.gbw
DELETED 13864473 05_qmmm/19_ensemble/frame_10775/product_opt.mdrestart
DELETED 25393396 05_qmmm/19_ensemble/frame_10775/product_opt_trj.dcd
DELETED 13864474 05_qmmm/19_ensemble/frame_10775/reactant_opt.mdrestart
DELETED 8 05_qmmm/19_ensemble/frame_11630/neb.E.tmp
DELETED 5227848 05_qmmm/19_ensemble/frame_11630/neb.EIJ.tmp
DELETED 279864 05_qmmm/19_ensemble/frame_11630/neb.H.tmp
DELETED 385661 05_qmmm/19_ensemble/frame_11630/neb.H_DIST.prms.tmp
DELETED 2212156 05_qmmm/19_ensemble/frame_11630/neb.K.tmp
DELETED 557592 05_qmmm/19_ensemble/frame_11630/neb.K0.tmp
DELETED 279864 05_qmmm/19_ensemble/frame_11630/neb.P0.tmp
DELETED 2287364 05_qmmm/19_ensemble/frame_11630/neb.PDAT.tmp
DELETED 279864 05_qmmm/19_ensemble/frame_11630/neb.S.tmp
DELETED 557592 05_qmmm/19_ensemble/frame_11630/neb.SC0.gridx1.tmp
DELETED 557592 05_qmmm/19_ensemble/frame_11630/neb.SC0.gridx2.tmp
DELETED 557592 05_qmmm/19_ensemble/frame_11630/neb.SC0.gridx3.tmp
DELETED 58104 05_qmmm/19_ensemble/frame_11630/neb.SHARK.KPRSCR.tmp
DELETED 45568 05_qmmm/19_ensemble/frame_11630/neb.SHARKINP.tmp
DELETED 557592 05_qmmm/19_ensemble/frame_11630/neb.SINV.gridx1_factor.tmp
DELETED 557592 05_qmmm/19_ensemble/frame_11630/neb.SINV.gridx2_factor.tmp
DELETED 557592 05_qmmm/19_ensemble/frame_11630/neb.SINV.gridx3_factor.tmp
DELETED 279864 05_qmmm/19_ensemble/frame_11630/neb.SM12.tmp
DELETED 279864 05_qmmm/19_ensemble/frame_11630/neb.SP12.tmp
DELETED 7000 05_qmmm/19_ensemble/frame_11630/neb.SQRTVJ.tmp
DELETED 279864 05_qmmm/19_ensemble/frame_11630/neb.T.tmp
DELETED 279864 05_qmmm/19_ensemble/frame_11630/neb.V.tmp
DELETED 6083096 05_qmmm/19_ensemble/frame_11630/neb.VAUXJ.tmp
DELETED 6083096 05_qmmm/19_ensemble/frame_11630/neb.VCDJ.tmp
DELETED 988 05_qmmm/19_ensemble/frame_11630/neb.citations.tmp
DELETED 60 05_qmmm/19_ensemble/frame_11630/neb.en.tmp
DELETED 121944 05_qmmm/19_ensemble/frame_11630/neb.exc0.tmp
DELETED 121832 05_qmmm/19_ensemble/frame_11630/neb.exc1.tmp
DELETED 121744 05_qmmm/19_ensemble/frame_11630/neb.exc2.tmp
DELETED 121576 05_qmmm/19_ensemble/frame_11630/neb.exc3.tmp
DELETED 121440 05_qmmm/19_ensemble/frame_11630/neb.exc4.tmp
DELETED 121328 05_qmmm/19_ensemble/frame_11630/neb.exc5.tmp
DELETED 121184 05_qmmm/19_ensemble/frame_11630/neb.exc6.tmp
DELETED 121088 05_qmmm/19_ensemble/frame_11630/neb.exc7.tmp
DELETED 92069 05_qmmm/19_ensemble/frame_11630/neb.ginp.tmp
DELETED 487776 05_qmmm/19_ensemble/frame_11630/neb.gpot0.tmp
DELETED 487328 05_qmmm/19_ensemble/frame_11630/neb.gpot1.tmp
DELETED 486976 05_qmmm/19_ensemble/frame_11630/neb.gpot2.tmp
DELETED 486304 05_qmmm/19_ensemble/frame_11630/neb.gpot3.tmp
DELETED 485760 05_qmmm/19_ensemble/frame_11630/neb.gpot4.tmp
DELETED 485312 05_qmmm/19_ensemble/frame_11630/neb.gpot5.tmp
DELETED 484736 05_qmmm/19_ensemble/frame_11630/neb.gpot6.tmp
DELETED 484352 05_qmmm/19_ensemble/frame_11630/neb.gpot7.tmp
DELETED 559632 05_qmmm/19_ensemble/frame_11630/neb.grad.tmp
DELETED 487776 05_qmmm/19_ensemble/frame_11630/neb.grho0.tmp
DELETED 487328 05_qmmm/19_ensemble/frame_11630/neb.grho1.tmp
DELETED 486976 05_qmmm/19_ensemble/frame_11630/neb.grho2.tmp
DELETED 486304 05_qmmm/19_ensemble/frame_11630/neb.grho3.tmp
DELETED 485760 05_qmmm/19_ensemble/frame_11630/neb.grho4.tmp
DELETED 485312 05_qmmm/19_ensemble/frame_11630/neb.grho5.tmp
DELETED 484736 05_qmmm/19_ensemble/frame_11630/neb.grho6.tmp
DELETED 484352 05_qmmm/19_ensemble/frame_11630/neb.grho7.tmp
DELETED 10121460 05_qmmm/19_ensemble/frame_11630/neb.grid.tmp
DELETED 1167340 05_qmmm/19_ensemble/frame_11630/neb.gridx1.tmp
DELETED 2478340 05_qmmm/19_ensemble/frame_11630/neb.gridx2.tmp
DELETED 5324724 05_qmmm/19_ensemble/frame_11630/neb.gridx3.tmp
DELETED 40483 05_qmmm/19_ensemble/frame_11630/neb.int.tmp
DELETED 2033188 05_qmmm/19_ensemble/frame_11630/neb.maininp.tmp
DELETED 487776 05_qmmm/19_ensemble/frame_11630/neb.opot0.tmp
DELETED 487328 05_qmmm/19_ensemble/frame_11630/neb.opot1.tmp
DELETED 486976 05_qmmm/19_ensemble/frame_11630/neb.opot2.tmp
DELETED 486304 05_qmmm/19_ensemble/frame_11630/neb.opot3.tmp
DELETED 485760 05_qmmm/19_ensemble/frame_11630/neb.opot4.tmp
DELETED 485312 05_qmmm/19_ensemble/frame_11630/neb.opot5.tmp
DELETED 484736 05_qmmm/19_ensemble/frame_11630/neb.opot6.tmp
DELETED 484352 05_qmmm/19_ensemble/frame_11630/neb.opot7.tmp
DELETED 487776 05_qmmm/19_ensemble/frame_11630/neb.orho0.tmp
DELETED 487328 05_qmmm/19_ensemble/frame_11630/neb.orho1.tmp
DELETED 486976 05_qmmm/19_ensemble/frame_11630/neb.orho2.tmp
DELETED 486304 05_qmmm/19_ensemble/frame_11630/neb.orho3.tmp
DELETED 485760 05_qmmm/19_ensemble/frame_11630/neb.orho4.tmp
DELETED 485312 05_qmmm/19_ensemble/frame_11630/neb.orho5.tmp
DELETED 484736 05_qmmm/19_ensemble/frame_11630/neb.orho6.tmp
DELETED 484352 05_qmmm/19_ensemble/frame_11630/neb.orho7.tmp
DELETED 3784614 05_qmmm/19_ensemble/frame_11630/neb.pc.tmp
DELETED 85728 05_qmmm/19_ensemble/frame_11630/neb.refgeohess.tmp
DELETED 10121460 05_qmmm/19_ensemble/frame_11630/neb.shark_grid.tmp
DELETED 628086000 05_qmmm/19_ensemble/frame_11630/neb_MEP_ALL_trj.xyz
DELETED 12 05_qmmm/19_ensemble/frame_11630/neb_MM.en.tmp
DELETED 5790744 05_qmmm/19_ensemble/frame_11630/neb_MM.grad.tmp
DELETED 32 05_qmmm/19_ensemble/frame_11630/neb_MM.mmdim.tmp
DELETED 1252132 05_qmmm/19_ensemble/frame_11630/neb_MM.mmindex.tmp
DELETED 3971160 05_qmmm/19_ensemble/frame_11630/neb_MM.mmparam.tmp
DELETED 988 05_qmmm/19_ensemble/frame_11630/neb_ci_superseded/neb.citations.tmp
DELETED 988 05_qmmm/19_ensemble/frame_11630/neb_ci_superseded/neb_im0.citations.tmp
DELETED 988 05_qmmm/19_ensemble/frame_11630/neb_ci_superseded/neb_im9.citations.tmp
DELETED 988 05_qmmm/19_ensemble/frame_11630/neb_im0.citations.tmp
DELETED 1740704 05_qmmm/19_ensemble/frame_11630/neb_im0.gbw
DELETED 7072832 05_qmmm/19_ensemble/frame_11630/neb_im1.gbw
DELETED 7072832 05_qmmm/19_ensemble/frame_11630/neb_im2.gbw
DELETED 7072832 05_qmmm/19_ensemble/frame_11630/neb_im3.gbw
DELETED 7072832 05_qmmm/19_ensemble/frame_11630/neb_im4.gbw
DELETED 7072832 05_qmmm/19_ensemble/frame_11630/neb_im5.gbw
DELETED 7072832 05_qmmm/19_ensemble/frame_11630/neb_im6.gbw
DELETED 7072832 05_qmmm/19_ensemble/frame_11630/neb_im7.gbw
DELETED 7072832 05_qmmm/19_ensemble/frame_11630/neb_im8.gbw
DELETED 988 05_qmmm/19_ensemble/frame_11630/neb_im9.citations.tmp
DELETED 1740704 05_qmmm/19_ensemble/frame_11630/neb_im9.gbw
DELETED 13864473 05_qmmm/19_ensemble/frame_11630/product_opt.mdrestart
DELETED 44772356 05_qmmm/19_ensemble/frame_11630/product_opt_trj.dcd
DELETED 13864474 05_qmmm/19_ensemble/frame_11630/reactant_opt.mdrestart
DELETED 385661 05_qmmm/19_ensemble/frame_12485/neb.H_DIST.prms.tmp
DELETED 45568 05_qmmm/19_ensemble/frame_12485/neb.SHARKINP.tmp
DELETED 988 05_qmmm/19_ensemble/frame_12485/neb.citations.tmp
DELETED 92582 05_qmmm/19_ensemble/frame_12485/neb.ginp.tmp
DELETED 2034695 05_qmmm/19_ensemble/frame_12485/neb.maininp.tmp
DELETED 3784614 05_qmmm/19_ensemble/frame_12485/neb.pc.tmp
DELETED 968299250 05_qmmm/19_ensemble/frame_12485/neb_MEP_ALL_trj.xyz
DELETED 32 05_qmmm/19_ensemble/frame_12485/neb_MM.mmdim.tmp
DELETED 1252132 05_qmmm/19_ensemble/frame_12485/neb_MM.mmindex.tmp
DELETED 3971160 05_qmmm/19_ensemble/frame_12485/neb_MM.mmparam.tmp
DELETED 988 05_qmmm/19_ensemble/frame_12485/neb_ci_superseded/neb.citations.tmp
DELETED 988 05_qmmm/19_ensemble/frame_12485/neb_ci_superseded/neb_im0.citations.tmp
DELETED 988 05_qmmm/19_ensemble/frame_12485/neb_ci_superseded/neb_im9.citations.tmp
DELETED 988 05_qmmm/19_ensemble/frame_12485/neb_im0.citations.tmp
DELETED 1740992 05_qmmm/19_ensemble/frame_12485/neb_im0.gbw
DELETED 8171072 05_qmmm/19_ensemble/frame_12485/neb_im1.gbw
DELETED 8171072 05_qmmm/19_ensemble/frame_12485/neb_im2.gbw
DELETED 8171072 05_qmmm/19_ensemble/frame_12485/neb_im3.gbw
DELETED 8171072 05_qmmm/19_ensemble/frame_12485/neb_im4.gbw
DELETED 8171072 05_qmmm/19_ensemble/frame_12485/neb_im5.gbw
DELETED 8171072 05_qmmm/19_ensemble/frame_12485/neb_im6.gbw
DELETED 8171072 05_qmmm/19_ensemble/frame_12485/neb_im7.gbw
DELETED 8171072 05_qmmm/19_ensemble/frame_12485/neb_im8.gbw
DELETED 988 05_qmmm/19_ensemble/frame_12485/neb_im9.citations.tmp
DELETED 1740992 05_qmmm/19_ensemble/frame_12485/neb_im9.gbw
DELETED 13864473 05_qmmm/19_ensemble/frame_12485/product_opt.mdrestart
DELETED 23388676 05_qmmm/19_ensemble/frame_12485/product_opt_trj.dcd
DELETED 13864474 05_qmmm/19_ensemble/frame_12485/reactant_opt.mdrestart
DELETED 385661 05_qmmm/19_ensemble/frame_14155/neb.H_DIST.prms.tmp
DELETED 45568 05_qmmm/19_ensemble/frame_14155/neb.SHARKINP.tmp
DELETED 988 05_qmmm/19_ensemble/frame_14155/neb.citations.tmp
DELETED 93038 05_qmmm/19_ensemble/frame_14155/neb.ginp.tmp
DELETED 2035997 05_qmmm/19_ensemble/frame_14155/neb.maininp.tmp
DELETED 3784614 05_qmmm/19_ensemble/frame_14155/neb.pc.tmp
DELETED 287872750 05_qmmm/19_ensemble/frame_14155/neb_MEP_ALL_trj.xyz
DELETED 32 05_qmmm/19_ensemble/frame_14155/neb_MM.mmdim.tmp
DELETED 1252132 05_qmmm/19_ensemble/frame_14155/neb_MM.mmindex.tmp
DELETED 3971160 05_qmmm/19_ensemble/frame_14155/neb_MM.mmparam.tmp
DELETED 988 05_qmmm/19_ensemble/frame_14155/neb_ci_superseded/neb.citations.tmp
DELETED 988 05_qmmm/19_ensemble/frame_14155/neb_ci_superseded/neb_im0.citations.tmp
DELETED 988 05_qmmm/19_ensemble/frame_14155/neb_ci_superseded/neb_im9.citations.tmp
DELETED 988 05_qmmm/19_ensemble/frame_14155/neb_im0.citations.tmp
DELETED 1741248 05_qmmm/19_ensemble/frame_14155/neb_im0.gbw
DELETED 6412032 05_qmmm/19_ensemble/frame_14155/neb_im1.gbw
DELETED 6412032 05_qmmm/19_ensemble/frame_14155/neb_im2.gbw
DELETED 6412032 05_qmmm/19_ensemble/frame_14155/neb_im3.gbw
DELETED 6412032 05_qmmm/19_ensemble/frame_14155/neb_im4.gbw
DELETED 6412032 05_qmmm/19_ensemble/frame_14155/neb_im5.gbw
DELETED 6412032 05_qmmm/19_ensemble/frame_14155/neb_im6.gbw
DELETED 6412032 05_qmmm/19_ensemble/frame_14155/neb_im7.gbw
DELETED 6412032 05_qmmm/19_ensemble/frame_14155/neb_im8.gbw
DELETED 988 05_qmmm/19_ensemble/frame_14155/neb_im9.citations.tmp
DELETED 1741248 05_qmmm/19_ensemble/frame_14155/neb_im9.gbw
DELETED 13864473 05_qmmm/19_ensemble/frame_14155/product_opt.mdrestart
DELETED 28066356 05_qmmm/19_ensemble/frame_14155/product_opt_trj.dcd
DELETED 13864474 05_qmmm/19_ensemble/frame_14155/reactant_opt.mdrestart
DELETED 385661 05_qmmm/19_ensemble/frame_15825/neb.H_DIST.prms.tmp
DELETED 45568 05_qmmm/19_ensemble/frame_15825/neb.SHARKINP.tmp
DELETED 988 05_qmmm/19_ensemble/frame_15825/neb.citations.tmp
DELETED 93829 05_qmmm/19_ensemble/frame_15825/neb.ginp.tmp
DELETED 2038292 05_qmmm/19_ensemble/frame_15825/neb.maininp.tmp
DELETED 3784614 05_qmmm/19_ensemble/frame_15825/neb.pc.tmp
DELETED 785107500 05_qmmm/19_ensemble/frame_15825/neb_MEP_ALL_trj.xyz
DELETED 32 05_qmmm/19_ensemble/frame_15825/neb_MM.mmdim.tmp
DELETED 1252132 05_qmmm/19_ensemble/frame_15825/neb_MM.mmindex.tmp
DELETED 3971160 05_qmmm/19_ensemble/frame_15825/neb_MM.mmparam.tmp
DELETED 988 05_qmmm/19_ensemble/frame_15825/neb_ci_superseded/neb.citations.tmp
DELETED 988 05_qmmm/19_ensemble/frame_15825/neb_ci_superseded/neb_im0.citations.tmp
DELETED 988 05_qmmm/19_ensemble/frame_15825/neb_ci_superseded/neb_im9.citations.tmp
DELETED 988 05_qmmm/19_ensemble/frame_15825/neb_im0.citations.tmp
DELETED 1741696 05_qmmm/19_ensemble/frame_15825/neb_im0.gbw
DELETED 7471616 05_qmmm/19_ensemble/frame_15825/neb_im1.gbw
DELETED 7471616 05_qmmm/19_ensemble/frame_15825/neb_im2.gbw
DELETED 7471616 05_qmmm/19_ensemble/frame_15825/neb_im3.gbw
DELETED 7471616 05_qmmm/19_ensemble/frame_15825/neb_im4.gbw
DELETED 7471616 05_qmmm/19_ensemble/frame_15825/neb_im5.gbw
DELETED 7471616 05_qmmm/19_ensemble/frame_15825/neb_im6.gbw
DELETED 7471616 05_qmmm/19_ensemble/frame_15825/neb_im7.gbw
DELETED 7471616 05_qmmm/19_ensemble/frame_15825/neb_im8.gbw
DELETED 988 05_qmmm/19_ensemble/frame_15825/neb_im9.citations.tmp
DELETED 1741696 05_qmmm/19_ensemble/frame_15825/neb_im9.gbw
DELETED 13864473 05_qmmm/19_ensemble/frame_15825/product_opt.mdrestart
DELETED 44104116 05_qmmm/19_ensemble/frame_15825/product_opt_trj.dcd
DELETED 13864474 05_qmmm/19_ensemble/frame_15825/reactant_opt.mdrestart
DELETED 385661 05_qmmm/19_ensemble/frame_17505/neb.H_DIST.prms.tmp
DELETED 45568 05_qmmm/19_ensemble/frame_17505/neb.SHARKINP.tmp
DELETED 988 05_qmmm/19_ensemble/frame_17505/neb.citations.tmp
DELETED 92867 05_qmmm/19_ensemble/frame_17505/neb.ginp.tmp
DELETED 2035485 05_qmmm/19_ensemble/frame_17505/neb.maininp.tmp
DELETED 3784614 05_qmmm/19_ensemble/frame_17505/neb.pc.tmp
DELETED 549575250 05_qmmm/19_ensemble/frame_17505/neb_MEP_ALL_trj.xyz
DELETED 32 05_qmmm/19_ensemble/frame_17505/neb_MM.mmdim.tmp
DELETED 1252132 05_qmmm/19_ensemble/frame_17505/neb_MM.mmindex.tmp
DELETED 3971160 05_qmmm/19_ensemble/frame_17505/neb_MM.mmparam.tmp
DELETED 988 05_qmmm/19_ensemble/frame_17505/neb_ci_superseded/neb.citations.tmp
DELETED 988 05_qmmm/19_ensemble/frame_17505/neb_ci_superseded/neb_im0.citations.tmp
DELETED 988 05_qmmm/19_ensemble/frame_17505/neb_ci_superseded/neb_im9.citations.tmp
DELETED 988 05_qmmm/19_ensemble/frame_17505/neb_im0.citations.tmp
DELETED 1741152 05_qmmm/19_ensemble/frame_17505/neb_im0.gbw
DELETED 6930624 05_qmmm/19_ensemble/frame_17505/neb_im1.gbw
DELETED 6930624 05_qmmm/19_ensemble/frame_17505/neb_im2.gbw
DELETED 6930624 05_qmmm/19_ensemble/frame_17505/neb_im3.gbw
DELETED 6930624 05_qmmm/19_ensemble/frame_17505/neb_im4.gbw
DELETED 6930624 05_qmmm/19_ensemble/frame_17505/neb_im5.gbw
DELETED 6930624 05_qmmm/19_ensemble/frame_17505/neb_im6.gbw
DELETED 6930624 05_qmmm/19_ensemble/frame_17505/neb_im7.gbw
DELETED 6930624 05_qmmm/19_ensemble/frame_17505/neb_im8.gbw
DELETED 988 05_qmmm/19_ensemble/frame_17505/neb_im9.citations.tmp
DELETED 1741152 05_qmmm/19_ensemble/frame_17505/neb_im9.gbw
DELETED 13864473 05_qmmm/19_ensemble/frame_17505/product_opt.mdrestart
DELETED 56132436 05_qmmm/19_ensemble/frame_17505/product_opt_trj.dcd
DELETED 13864474 05_qmmm/19_ensemble/frame_17505/reactant_opt.mdrestart
DELETED 385661 05_qmmm/19_ensemble/frame_19185/neb.H_DIST.prms.tmp
DELETED 45568 05_qmmm/19_ensemble/frame_19185/neb.SHARKINP.tmp
DELETED 988 05_qmmm/19_ensemble/frame_19185/neb.citations.tmp
DELETED 93836 05_qmmm/19_ensemble/frame_19185/neb.ginp.tmp
DELETED 2038300 05_qmmm/19_ensemble/frame_19185/neb.maininp.tmp
DELETED 3784614 05_qmmm/19_ensemble/frame_19185/neb.pc.tmp
DELETED 654256250 05_qmmm/19_ensemble/frame_19185/neb_MEP_ALL_trj.xyz
DELETED 32 05_qmmm/19_ensemble/frame_19185/neb_MM.mmdim.tmp
DELETED 1252132 05_qmmm/19_ensemble/frame_19185/neb_MM.mmindex.tmp
DELETED 3971160 05_qmmm/19_ensemble/frame_19185/neb_MM.mmparam.tmp
DELETED 988 05_qmmm/19_ensemble/frame_19185/neb_ci_superseded/neb.citations.tmp
DELETED 988 05_qmmm/19_ensemble/frame_19185/neb_ci_superseded/neb_im0.citations.tmp
DELETED 988 05_qmmm/19_ensemble/frame_19185/neb_ci_superseded/neb_im9.citations.tmp
DELETED 988 05_qmmm/19_ensemble/frame_19185/neb_im0.citations.tmp
DELETED 1741696 05_qmmm/19_ensemble/frame_19185/neb_im0.gbw
DELETED 7366464 05_qmmm/19_ensemble/frame_19185/neb_im1.gbw
DELETED 7366464 05_qmmm/19_ensemble/frame_19185/neb_im2.gbw
DELETED 7366464 05_qmmm/19_ensemble/frame_19185/neb_im3.gbw
DELETED 7366464 05_qmmm/19_ensemble/frame_19185/neb_im4.gbw
DELETED 7366464 05_qmmm/19_ensemble/frame_19185/neb_im5.gbw
DELETED 7366464 05_qmmm/19_ensemble/frame_19185/neb_im6.gbw
DELETED 7366464 05_qmmm/19_ensemble/frame_19185/neb_im7.gbw
DELETED 7366464 05_qmmm/19_ensemble/frame_19185/neb_im8.gbw
DELETED 988 05_qmmm/19_ensemble/frame_19185/neb_im9.citations.tmp
DELETED 1741696 05_qmmm/19_ensemble/frame_19185/neb_im9.gbw
DELETED 13864474 05_qmmm/19_ensemble/frame_19185/product_opt.mdrestart
DELETED 120951716 05_qmmm/19_ensemble/frame_19185/product_opt_trj.dcd
DELETED 13864474 05_qmmm/19_ensemble/frame_19185/reactant_opt.mdrestart
DELETED 931565472 05_qmmm/19_ensemble/frame_20000/neb.carthess
DELETED 13864473 05_qmmm/19_ensemble/frame_20000/product_opt.mdrestart
DELETED 40094676 05_qmmm/19_ensemble/frame_20000/product_opt_trj.dcd
DELETED 13864474 05_qmmm/19_ensemble/frame_20000/reactant_opt.mdrestart
DELETED 937271832 05_qmmm/19_ensemble/frame_21634/neb.carthess
DELETED 13864473 05_qmmm/19_ensemble/frame_21634/product_opt.mdrestart
DELETED 56132436 05_qmmm/19_ensemble/frame_21634/product_opt_trj.dcd
DELETED 13864474 05_qmmm/19_ensemble/frame_21634/reactant_opt.mdrestart
DELETED 886036632 05_qmmm/19_ensemble/frame_23268/neb.carthess
DELETED 13864473 05_qmmm/19_ensemble/frame_23268/product_opt.mdrestart
DELETED 56800676 05_qmmm/19_ensemble/frame_23268/product_opt_trj.dcd
DELETED 13864474 05_qmmm/19_ensemble/frame_23268/reactant_opt.mdrestart
DELETED 931565472 05_qmmm/19_ensemble/frame_24883/neb.carthess
DELETED 13864473 05_qmmm/19_ensemble/frame_24883/product_opt.mdrestart
DELETED 55464196 05_qmmm/19_ensemble/frame_24883/product_opt_trj.dcd
DELETED 13864474 05_qmmm/19_ensemble/frame_24883/reactant_opt.mdrestart
DELETED 900237336 05_qmmm/19_ensemble/frame_26495/neb.carthess
DELETED 13864473 05_qmmm/19_ensemble/frame_26495/product_opt.mdrestart
DELETED 56800676 05_qmmm/19_ensemble/frame_26495/product_opt_trj.dcd
DELETED 13864474 05_qmmm/19_ensemble/frame_26495/reactant_opt.mdrestart
DELETED 924844056 05_qmmm/19_ensemble/frame_33320/neb.carthess
DELETED 13864473 05_qmmm/19_ensemble/frame_33320/product_opt.mdrestart
DELETED 44104116 05_qmmm/19_ensemble/frame_33320/product_opt_trj.dcd
DELETED 13864474 05_qmmm/19_ensemble/frame_33320/reactant_opt.mdrestart
DELETED 933120024 05_qmmm/19_ensemble/frame_34991/neb.carthess
DELETED 13864473 05_qmmm/19_ensemble/frame_34991/product_opt.mdrestart
DELETED 54795956 05_qmmm/19_ensemble/frame_34991/product_opt_trj.dcd
DELETED 13864474 05_qmmm/19_ensemble/frame_34991/reactant_opt.mdrestart
DELETED 13864473 05_qmmm/19_ensemble/frame_36665/product_opt.mdrestart
DELETED 55464196 05_qmmm/19_ensemble/frame_36665/product_opt_trj.dcd
DELETED 13864474 05_qmmm/19_ensemble/frame_36665/reactant_opt.mdrestart
DELETED 13864473 05_qmmm/19_ensemble/frame_38344/product_opt.mdrestart
DELETED 55464196 05_qmmm/19_ensemble/frame_38344/product_opt_trj.dcd
DELETED 13864474 05_qmmm/19_ensemble/frame_38344/reactant_opt.mdrestart
DELETED 13864473 05_qmmm/19_ensemble/frame_40485/product_opt.mdrestart
DELETED 44104116 05_qmmm/19_ensemble/frame_40485/product_opt_trj.dcd
DELETED 13864474 05_qmmm/19_ensemble/frame_40485/reactant_opt.mdrestart
DELETED 13864474 05_qmmm/19_ensemble/frame_41786/product_opt.mdrestart
DELETED 93553876 05_qmmm/19_ensemble/frame_41786/product_opt_trj.dcd
DELETED 13864474 05_qmmm/19_ensemble/frame_41786/reactant_opt.mdrestart
DELETED 13864473 05_qmmm/19_ensemble/frame_42436/product_opt.mdrestart
DELETED 34080516 05_qmmm/19_ensemble/frame_42436/product_opt_trj.dcd
DELETED 13864474 05_qmmm/19_ensemble/frame_42436/reactant_opt.mdrestart
DELETED 13864473 05_qmmm/19_ensemble/frame_43087/product_opt.mdrestart
DELETED 45440596 05_qmmm/19_ensemble/frame_43087/product_opt_trj.dcd
DELETED 13864474 05_qmmm/19_ensemble/frame_43087/reactant_opt.mdrestart
DELETED 933638496 05_qmmm/19_ensemble/frame_43738/neb.carthess
DELETED 13864473 05_qmmm/19_ensemble/frame_43738/product_opt.mdrestart
DELETED 48781796 05_qmmm/19_ensemble/frame_43738/product_opt_trj.dcd
DELETED 13864474 05_qmmm/19_ensemble/frame_43738/reactant_opt.mdrestart
DELETED 13864473 05_qmmm/19_ensemble/frame_44388/product_opt.mdrestart
DELETED 56800676 05_qmmm/19_ensemble/frame_44388/product_opt_trj.dcd
DELETED 13864474 05_qmmm/19_ensemble/frame_44388/reactant_opt.mdrestart
DELETED 13864473 05_qmmm/19_ensemble/frame_45688/product_opt.mdrestart
DELETED 43435876 05_qmmm/19_ensemble/frame_45688/product_opt_trj.dcd
DELETED 13864474 05_qmmm/19_ensemble/frame_45688/reactant_opt.mdrestart
DELETED 13864473 05_qmmm/19_ensemble/frame_46990/product_opt.mdrestart
DELETED 56132436 05_qmmm/19_ensemble/frame_46990/product_opt_trj.dcd
DELETED 13864474 05_qmmm/19_ensemble/frame_46990/reactant_opt.mdrestart
DELETED 13864473 05_qmmm/19_ensemble/frame_47641/product_opt.mdrestart
DELETED 44772356 05_qmmm/19_ensemble/frame_47641/product_opt_trj.dcd
DELETED 13864474 05_qmmm/19_ensemble/frame_47641/reactant_opt.mdrestart
DELETED 13864473 05_qmmm/19_ensemble/frame_48292/product_opt.mdrestart
DELETED 56800676 05_qmmm/19_ensemble/frame_48292/product_opt_trj.dcd
DELETED 13864474 05_qmmm/19_ensemble/frame_48292/reactant_opt.mdrestart
DELETED 13864473 05_qmmm/19_ensemble/frame_49592/product_opt.mdrestart
DELETED 56800676 05_qmmm/19_ensemble/frame_49592/product_opt_trj.dcd
DELETED 13864474 05_qmmm/19_ensemble/frame_49592/reactant_opt.mdrestart
DELETED 13864473 05_qmmm/19_ensemble/frame_50892/product_opt.mdrestart
DELETED 51454756 05_qmmm/19_ensemble/frame_50892/product_opt_trj.dcd
DELETED 13864474 05_qmmm/19_ensemble/frame_50892/reactant_opt.mdrestart
DELETED 13864473 05_qmmm/19_ensemble/frame_52192/product_opt.mdrestart
DELETED 45440596 05_qmmm/19_ensemble/frame_52192/product_opt_trj.dcd
DELETED 13864474 05_qmmm/19_ensemble/frame_52192/reactant_opt.mdrestart
DELETED 13864473 05_qmmm/19_ensemble/frame_53493/product_opt.mdrestart
DELETED 54795956 05_qmmm/19_ensemble/frame_53493/product_opt_trj.dcd
DELETED 13864474 05_qmmm/19_ensemble/frame_53493/reactant_opt.mdrestart
DELETED 13864473 05_qmmm/19_ensemble/frame_54144/product_opt.mdrestart
DELETED 58805396 05_qmmm/19_ensemble/frame_54144/product_opt_trj.dcd
DELETED 13864474 05_qmmm/19_ensemble/frame_54144/reactant_opt.mdrestart
DELETED 13864473 05_qmmm/19_ensemble/frame_54795/product_opt.mdrestart
DELETED 57468916 05_qmmm/19_ensemble/frame_54795/product_opt_trj.dcd
DELETED 13864474 05_qmmm/19_ensemble/frame_54795/reactant_opt.mdrestart
DELETED 13864473 05_qmmm/19_ensemble/frame_55446/product_opt.mdrestart
DELETED 57468916 05_qmmm/19_ensemble/frame_55446/product_opt_trj.dcd
DELETED 13864474 05_qmmm/19_ensemble/frame_55446/reactant_opt.mdrestart
DELETED 13864473 05_qmmm/19_ensemble/frame_56098/product_opt.mdrestart
DELETED 60810116 05_qmmm/19_ensemble/frame_56098/product_opt_trj.dcd
DELETED 13864474 05_qmmm/19_ensemble/frame_56098/reactant_opt.mdrestart
DELETED 13864473 05_qmmm/19_ensemble/frame_57397/product_opt.mdrestart
DELETED 59473636 05_qmmm/19_ensemble/frame_57397/product_opt_trj.dcd
DELETED 13864474 05_qmmm/19_ensemble/frame_57397/reactant_opt.mdrestart
DELETED 13864473 05_qmmm/19_ensemble/frame_58698/product_opt.mdrestart
DELETED 52122996 05_qmmm/19_ensemble/frame_58698/product_opt_trj.dcd
DELETED 13864474 05_qmmm/19_ensemble/frame_58698/reactant_opt.mdrestart
DELETED 13864473 05_qmmm/19_ensemble/frame_59999/product_opt.mdrestart
DELETED 39426436 05_qmmm/19_ensemble/frame_59999/product_opt_trj.dcd
DELETED 13864474 05_qmmm/19_ensemble/frame_59999/reactant_opt.mdrestart
DELETED 1115136 phase2_charge_design/02_baseline/react_cpcm.densities
DELETED 1689120 phase2_charge_design/02_baseline/react_cpcm.gbw
DELETED 1115136 phase2_charge_design/02_baseline/react_vac.densities
DELETED 1689120 phase2_charge_design/02_baseline/react_vac.gbw
DELETED 58104 phase2_charge_design/03_dvpot/sp_reactant.K.tmp
DELETED 1115136 phase2_charge_design/03_dvpot/sp_reactant.densities
DELETED 1689120 phase2_charge_design/03_dvpot/sp_reactant.gbw
DELETED 58104 phase2_charge_design/03_dvpot/sp_ts.K.tmp
DELETED 1115136 phase2_charge_design/03_dvpot/sp_ts.densities
DELETED 1689120 phase2_charge_design/03_dvpot/sp_ts.gbw
DELETED 58104 phase2_charge_design/05_select/sp_reactant.K.tmp
DELETED 58104 phase2_charge_design/05_select/sp_ts.K.tmp
DELETED 1115136 phase2_charge_design/06_polarize/pol_R_bare.densities
DELETED 1689120 phase2_charge_design/06_polarize/pol_R_bare.gbw
DELETED 1115136 phase2_charge_design/06_polarize/pol_R_pc.densities
DELETED 1689120 phase2_charge_design/06_polarize/pol_R_pc.gbw
DELETED 1115136 phase2_charge_design/06_polarize/pol_TS_bare.densities
DELETED 1689120 phase2_charge_design/06_polarize/pol_TS_bare.gbw
DELETED 1115136 phase2_charge_design/06_polarize/pol_TS_pc.densities
DELETED 1689120 phase2_charge_design/06_polarize/pol_TS_pc.gbw
DELETED 1115136 phase2_charge_design/06_polarize/polf_R_bare.densities
DELETED 1689120 phase2_charge_design/06_polarize/polf_R_bare.gbw
DELETED 1115136 phase2_charge_design/06_polarize/polf_R_pc.densities
DELETED 1689120 phase2_charge_design/06_polarize/polf_R_pc.gbw
DELETED 1115136 phase2_charge_design/06_polarize/polf_TS_bare.densities
DELETED 1689120 phase2_charge_design/06_polarize/polf_TS_bare.gbw
DELETED 1115136 phase2_charge_design/06_polarize/polf_TS_pc.densities
DELETED 1689120 phase2_charge_design/06_polarize/polf_TS_pc.gbw
DELETED 8 phase2_charge_design/08_validate_relaxed/ropt_K2.E.tmp
DELETED 4517896 phase2_charge_design/08_validate_relaxed/ropt_K2.EIJ.tmp
DELETED 279864 phase2_charge_design/08_validate_relaxed/ropt_K2.H.tmp
DELETED 1946100 phase2_charge_design/08_validate_relaxed/ropt_K2.K.tmp
DELETED 557592 phase2_charge_design/08_validate_relaxed/ropt_K2.K0.tmp
DELETED 279864 phase2_charge_design/08_validate_relaxed/ropt_K2.P0.tmp
DELETED 2070120 phase2_charge_design/08_validate_relaxed/ropt_K2.PDAT.tmp
DELETED 279864 phase2_charge_design/08_validate_relaxed/ropt_K2.S.tmp
DELETED 557592 phase2_charge_design/08_validate_relaxed/ropt_K2.SC0.gridx1.tmp
DELETED 557592 phase2_charge_design/08_validate_relaxed/ropt_K2.SC0.gridx2.tmp
DELETED 557592 phase2_charge_design/08_validate_relaxed/ropt_K2.SC0.gridx3.tmp
DELETED 58104 phase2_charge_design/08_validate_relaxed/ropt_K2.SHARK.KPRSCR.tmp
DELETED 45612 phase2_charge_design/08_validate_relaxed/ropt_K2.SHARKINP.tmp
DELETED 557592 phase2_charge_design/08_validate_relaxed/ropt_K2.SINV.gridx1_factor.tmp
DELETED 557592 phase2_charge_design/08_validate_relaxed/ropt_K2.SINV.gridx2_factor.tmp
DELETED 557592 phase2_charge_design/08_validate_relaxed/ropt_K2.SINV.gridx3_factor.tmp
DELETED 279864 phase2_charge_design/08_validate_relaxed/ropt_K2.SM12.tmp
DELETED 279864 phase2_charge_design/08_validate_relaxed/ropt_K2.SP12.tmp
DELETED 7000 phase2_charge_design/08_validate_relaxed/ropt_K2.SQRTVJ.tmp
DELETED 279864 phase2_charge_design/08_validate_relaxed/ropt_K2.T.tmp
DELETED 279864 phase2_charge_design/08_validate_relaxed/ropt_K2.V.tmp
DELETED 6083096 phase2_charge_design/08_validate_relaxed/ropt_K2.VAUXJ.tmp
DELETED 6083096 phase2_charge_design/08_validate_relaxed/ropt_K2.VCDJ.tmp
DELETED 41496 phase2_charge_design/08_validate_relaxed/ropt_K2.carthess
DELETED 988 phase2_charge_design/08_validate_relaxed/ropt_K2.citations.tmp
DELETED 383349 phase2_charge_design/08_validate_relaxed/ropt_K2.cpcm.tmp
DELETED 41005592 phase2_charge_design/08_validate_relaxed/ropt_K2.cpcm_achol.tmp
DELETED 1115136 phase2_charge_design/08_validate_relaxed/ropt_K2.densities
DELETED 48 phase2_charge_design/08_validate_relaxed/ropt_K2.en.tmp
DELETED 122552 phase2_charge_design/08_validate_relaxed/ropt_K2.exc0.tmp
DELETED 122368 phase2_charge_design/08_validate_relaxed/ropt_K2.exc1.tmp
DELETED 122240 phase2_charge_design/08_validate_relaxed/ropt_K2.exc2.tmp
DELETED 122088 phase2_charge_design/08_validate_relaxed/ropt_K2.exc3.tmp
DELETED 122032 phase2_charge_design/08_validate_relaxed/ropt_K2.exc4.tmp
DELETED 121936 phase2_charge_design/08_validate_relaxed/ropt_K2.exc5.tmp
DELETED 121784 phase2_charge_design/08_validate_relaxed/ropt_K2.exc6.tmp
DELETED 121664 phase2_charge_design/08_validate_relaxed/ropt_K2.exc7.tmp
DELETED 1689120 phase2_charge_design/08_validate_relaxed/ropt_K2.gbw
DELETED 80 phase2_charge_design/08_validate_relaxed/ropt_K2.ginp.tmp
DELETED 490208 phase2_charge_design/08_validate_relaxed/ropt_K2.gpot0.tmp
DELETED 489472 phase2_charge_design/08_validate_relaxed/ropt_K2.gpot1.tmp
DELETED 488960 phase2_charge_design/08_validate_relaxed/ropt_K2.gpot2.tmp
DELETED 488352 phase2_charge_design/08_validate_relaxed/ropt_K2.gpot3.tmp
DELETED 488128 phase2_charge_design/08_validate_relaxed/ropt_K2.gpot4.tmp
DELETED 487744 phase2_charge_design/08_validate_relaxed/ropt_K2.gpot5.tmp
DELETED 487136 phase2_charge_design/08_validate_relaxed/ropt_K2.gpot6.tmp
DELETED 486656 phase2_charge_design/08_validate_relaxed/ropt_K2.gpot7.tmp
DELETED 490208 phase2_charge_design/08_validate_relaxed/ropt_K2.grho0.tmp
DELETED 489472 phase2_charge_design/08_validate_relaxed/ropt_K2.grho1.tmp
DELETED 488960 phase2_charge_design/08_validate_relaxed/ropt_K2.grho2.tmp
DELETED 488352 phase2_charge_design/08_validate_relaxed/ropt_K2.grho3.tmp
DELETED 488128 phase2_charge_design/08_validate_relaxed/ropt_K2.grho4.tmp
DELETED 487744 phase2_charge_design/08_validate_relaxed/ropt_K2.grho5.tmp
DELETED 487136 phase2_charge_design/08_validate_relaxed/ropt_K2.grho6.tmp
DELETED 486656 phase2_charge_design/08_validate_relaxed/ropt_K2.grho7.tmp
DELETED 9923148 phase2_charge_design/08_validate_relaxed/ropt_K2.grid.tmp
DELETED 1148924 phase2_charge_design/08_validate_relaxed/ropt_K2.gridx1.tmp
DELETED 2463324 phase2_charge_design/08_validate_relaxed/ropt_K2.gridx2.tmp
DELETED 5321504 phase2_charge_design/08_validate_relaxed/ropt_K2.gridx3.tmp
DELETED 40491 phase2_charge_design/08_validate_relaxed/ropt_K2.int.tmp
DELETED 137284 phase2_charge_design/08_validate_relaxed/ropt_K2.inthess.tmp
DELETED 490208 phase2_charge_design/08_validate_relaxed/ropt_K2.opot0.tmp
DELETED 489472 phase2_charge_design/08_validate_relaxed/ropt_K2.opot1.tmp
DELETED 488960 phase2_charge_design/08_validate_relaxed/ropt_K2.opot2.tmp
DELETED 488352 phase2_charge_design/08_validate_relaxed/ropt_K2.opot3.tmp
DELETED 488128 phase2_charge_design/08_validate_relaxed/ropt_K2.opot4.tmp
DELETED 487744 phase2_charge_design/08_validate_relaxed/ropt_K2.opot5.tmp
DELETED 487136 phase2_charge_design/08_validate_relaxed/ropt_K2.opot6.tmp
DELETED 486656 phase2_charge_design/08_validate_relaxed/ropt_K2.opot7.tmp
DELETED 490208 phase2_charge_design/08_validate_relaxed/ropt_K2.orho0.tmp
DELETED 489472 phase2_charge_design/08_validate_relaxed/ropt_K2.orho1.tmp
DELETED 488960 phase2_charge_design/08_validate_relaxed/ropt_K2.orho2.tmp
DELETED 488352 phase2_charge_design/08_validate_relaxed/ropt_K2.orho3.tmp
DELETED 488128 phase2_charge_design/08_validate_relaxed/ropt_K2.orho4.tmp
DELETED 487744 phase2_charge_design/08_validate_relaxed/ropt_K2.orho5.tmp
DELETED 487136 phase2_charge_design/08_validate_relaxed/ropt_K2.orho6.tmp
DELETED 486656 phase2_charge_design/08_validate_relaxed/ropt_K2.orho7.tmp
DELETED 600 phase2_charge_design/08_validate_relaxed/ropt_K2.refgeohess.tmp
DELETED 9923148 phase2_charge_design/08_validate_relaxed/ropt_K2.shark_grid.tmp
DELETED 279864 phase2_charge_design/08_validate_relaxed/ropt_K2.vcpcm.tmp
DELETED 8 phase2_charge_design/08_validate_relaxed/ropt_K3.E.tmp
DELETED 4453800 phase2_charge_design/08_validate_relaxed/ropt_K3.EIJ.tmp
DELETED 279864 phase2_charge_design/08_validate_relaxed/ropt_K3.H.tmp
DELETED 1935348 phase2_charge_design/08_validate_relaxed/ropt_K3.K.tmp
DELETED 557592 phase2_charge_design/08_validate_relaxed/ropt_K3.K0.tmp
DELETED 279864 phase2_charge_design/08_validate_relaxed/ropt_K3.P0.tmp
DELETED 2062624 phase2_charge_design/08_validate_relaxed/ropt_K3.PDAT.tmp
DELETED 279864 phase2_charge_design/08_validate_relaxed/ropt_K3.S.tmp
DELETED 557592 phase2_charge_design/08_validate_relaxed/ropt_K3.SC0.gridx1.tmp
DELETED 557592 phase2_charge_design/08_validate_relaxed/ropt_K3.SC0.gridx2.tmp
DELETED 557592 phase2_charge_design/08_validate_relaxed/ropt_K3.SC0.gridx3.tmp
DELETED 58104 phase2_charge_design/08_validate_relaxed/ropt_K3.SHARK.KPRSCR.tmp
DELETED 45612 phase2_charge_design/08_validate_relaxed/ropt_K3.SHARKINP.tmp
DELETED 557592 phase2_charge_design/08_validate_relaxed/ropt_K3.SINV.gridx1_factor.tmp
DELETED 557592 phase2_charge_design/08_validate_relaxed/ropt_K3.SINV.gridx2_factor.tmp
DELETED 557592 phase2_charge_design/08_validate_relaxed/ropt_K3.SINV.gridx3_factor.tmp
DELETED 279864 phase2_charge_design/08_validate_relaxed/ropt_K3.SM12.tmp
DELETED 279864 phase2_charge_design/08_validate_relaxed/ropt_K3.SP12.tmp
DELETED 7000 phase2_charge_design/08_validate_relaxed/ropt_K3.SQRTVJ.tmp
DELETED 279864 phase2_charge_design/08_validate_relaxed/ropt_K3.T.tmp
DELETED 279864 phase2_charge_design/08_validate_relaxed/ropt_K3.V.tmp
DELETED 6083096 phase2_charge_design/08_validate_relaxed/ropt_K3.VAUXJ.tmp
DELETED 6083096 phase2_charge_design/08_validate_relaxed/ropt_K3.VCDJ.tmp
DELETED 41496 phase2_charge_design/08_validate_relaxed/ropt_K3.carthess
DELETED 988 phase2_charge_design/08_validate_relaxed/ropt_K3.citations.tmp
DELETED 395953 phase2_charge_design/08_validate_relaxed/ropt_K3.cpcm.tmp
DELETED 43767392 phase2_charge_design/08_validate_relaxed/ropt_K3.cpcm_achol.tmp
DELETED 1115136 phase2_charge_design/08_validate_relaxed/ropt_K3.densities
DELETED 48 phase2_charge_design/08_validate_relaxed/ropt_K3.en.tmp
DELETED 122664 phase2_charge_design/08_validate_relaxed/ropt_K3.exc0.tmp
DELETED 122520 phase2_charge_design/08_validate_relaxed/ropt_K3.exc1.tmp
DELETED 122376 phase2_charge_design/08_validate_relaxed/ropt_K3.exc2.tmp
DELETED 122232 phase2_charge_design/08_validate_relaxed/ropt_K3.exc3.tmp
DELETED 122120 phase2_charge_design/08_validate_relaxed/ropt_K3.exc4.tmp
DELETED 121968 phase2_charge_design/08_validate_relaxed/ropt_K3.exc5.tmp
DELETED 121864 phase2_charge_design/08_validate_relaxed/ropt_K3.exc6.tmp
DELETED 121720 phase2_charge_design/08_validate_relaxed/ropt_K3.exc7.tmp
DELETED 1689120 phase2_charge_design/08_validate_relaxed/ropt_K3.gbw
DELETED 80 phase2_charge_design/08_validate_relaxed/ropt_K3.ginp.tmp
DELETED 490656 phase2_charge_design/08_validate_relaxed/ropt_K3.gpot0.tmp
DELETED 490080 phase2_charge_design/08_validate_relaxed/ropt_K3.gpot1.tmp
DELETED 489504 phase2_charge_design/08_validate_relaxed/ropt_K3.gpot2.tmp
DELETED 488928 phase2_charge_design/08_validate_relaxed/ropt_K3.gpot3.tmp
DELETED 488480 phase2_charge_design/08_validate_relaxed/ropt_K3.gpot4.tmp
DELETED 487872 phase2_charge_design/08_validate_relaxed/ropt_K3.gpot5.tmp
DELETED 487456 phase2_charge_design/08_validate_relaxed/ropt_K3.gpot6.tmp
DELETED 486880 phase2_charge_design/08_validate_relaxed/ropt_K3.gpot7.tmp
DELETED 490656 phase2_charge_design/08_validate_relaxed/ropt_K3.grho0.tmp
DELETED 490080 phase2_charge_design/08_validate_relaxed/ropt_K3.grho1.tmp
DELETED 489504 phase2_charge_design/08_validate_relaxed/ropt_K3.grho2.tmp
DELETED 488928 phase2_charge_design/08_validate_relaxed/ropt_K3.grho3.tmp
DELETED 488480 phase2_charge_design/08_validate_relaxed/ropt_K3.grho4.tmp
DELETED 487872 phase2_charge_design/08_validate_relaxed/ropt_K3.grho5.tmp
DELETED 487456 phase2_charge_design/08_validate_relaxed/ropt_K3.grho6.tmp
DELETED 486880 phase2_charge_design/08_validate_relaxed/ropt_K3.grho7.tmp
DELETED 9886660 phase2_charge_design/08_validate_relaxed/ropt_K3.grid.tmp
DELETED 1148160 phase2_charge_design/08_validate_relaxed/ropt_K3.gridx1.tmp
DELETED 2453316 phase2_charge_design/08_validate_relaxed/ropt_K3.gridx2.tmp
DELETED 5285672 phase2_charge_design/08_validate_relaxed/ropt_K3.gridx3.tmp
DELETED 40491 phase2_charge_design/08_validate_relaxed/ropt_K3.int.tmp
DELETED 133764 phase2_charge_design/08_validate_relaxed/ropt_K3.inthess.tmp
DELETED 490656 phase2_charge_design/08_validate_relaxed/ropt_K3.opot0.tmp
DELETED 490080 phase2_charge_design/08_validate_relaxed/ropt_K3.opot1.tmp
DELETED 489504 phase2_charge_design/08_validate_relaxed/ropt_K3.opot2.tmp
DELETED 488928 phase2_charge_design/08_validate_relaxed/ropt_K3.opot3.tmp
DELETED 488480 phase2_charge_design/08_validate_relaxed/ropt_K3.opot4.tmp
DELETED 487872 phase2_charge_design/08_validate_relaxed/ropt_K3.opot5.tmp
DELETED 487456 phase2_charge_design/08_validate_relaxed/ropt_K3.opot6.tmp
DELETED 486880 phase2_charge_design/08_validate_relaxed/ropt_K3.opot7.tmp
DELETED 490656 phase2_charge_design/08_validate_relaxed/ropt_K3.orho0.tmp
DELETED 490080 phase2_charge_design/08_validate_relaxed/ropt_K3.orho1.tmp
DELETED 489504 phase2_charge_design/08_validate_relaxed/ropt_K3.orho2.tmp
DELETED 488928 phase2_charge_design/08_validate_relaxed/ropt_K3.orho3.tmp
DELETED 488480 phase2_charge_design/08_validate_relaxed/ropt_K3.orho4.tmp
DELETED 487872 phase2_charge_design/08_validate_relaxed/ropt_K3.orho5.tmp
DELETED 487456 phase2_charge_design/08_validate_relaxed/ropt_K3.orho6.tmp
DELETED 486880 phase2_charge_design/08_validate_relaxed/ropt_K3.orho7.tmp
DELETED 600 phase2_charge_design/08_validate_relaxed/ropt_K3.refgeohess.tmp
DELETED 9886660 phase2_charge_design/08_validate_relaxed/ropt_K3.shark_grid.tmp
DELETED 279864 phase2_charge_design/08_validate_relaxed/ropt_K3.vcpcm.tmp
DELETED 8 phase2_charge_design/08_validate_relaxed/ropt_K4.E.tmp
DELETED 4759304 phase2_charge_design/08_validate_relaxed/ropt_K4.EIJ.tmp
DELETED 279864 phase2_charge_design/08_validate_relaxed/ropt_K4.H.tmp
DELETED 2027164 phase2_charge_design/08_validate_relaxed/ropt_K4.K.tmp
DELETED 557592 phase2_charge_design/08_validate_relaxed/ropt_K4.K0.tmp
DELETED 279864 phase2_charge_design/08_validate_relaxed/ropt_K4.P0.tmp
DELETED 2145520 phase2_charge_design/08_validate_relaxed/ropt_K4.PDAT.tmp
DELETED 279864 phase2_charge_design/08_validate_relaxed/ropt_K4.S.tmp
DELETED 557592 phase2_charge_design/08_validate_relaxed/ropt_K4.SC0.gridx1.tmp
DELETED 557592 phase2_charge_design/08_validate_relaxed/ropt_K4.SC0.gridx2.tmp
DELETED 557592 phase2_charge_design/08_validate_relaxed/ropt_K4.SC0.gridx3.tmp
DELETED 58104 phase2_charge_design/08_validate_relaxed/ropt_K4.SHARK.KPRSCR.tmp
DELETED 45612 phase2_charge_design/08_validate_relaxed/ropt_K4.SHARKINP.tmp
DELETED 557592 phase2_charge_design/08_validate_relaxed/ropt_K4.SINV.gridx1_factor.tmp
DELETED 557592 phase2_charge_design/08_validate_relaxed/ropt_K4.SINV.gridx2_factor.tmp
DELETED 557592 phase2_charge_design/08_validate_relaxed/ropt_K4.SINV.gridx3_factor.tmp
DELETED 279864 phase2_charge_design/08_validate_relaxed/ropt_K4.SM12.tmp
DELETED 279864 phase2_charge_design/08_validate_relaxed/ropt_K4.SP12.tmp
DELETED 7000 phase2_charge_design/08_validate_relaxed/ropt_K4.SQRTVJ.tmp
DELETED 279864 phase2_charge_design/08_validate_relaxed/ropt_K4.T.tmp
DELETED 279864 phase2_charge_design/08_validate_relaxed/ropt_K4.V.tmp
DELETED 6083096 phase2_charge_design/08_validate_relaxed/ropt_K4.VAUXJ.tmp
DELETED 6083096 phase2_charge_design/08_validate_relaxed/ropt_K4.VCDJ.tmp
DELETED 41496 phase2_charge_design/08_validate_relaxed/ropt_K4.carthess
DELETED 988 phase2_charge_design/08_validate_relaxed/ropt_K4.citations.tmp
DELETED 376132 phase2_charge_design/08_validate_relaxed/ropt_K4.cpcm.tmp
DELETED 39462752 phase2_charge_design/08_validate_relaxed/ropt_K4.cpcm_achol.tmp
DELETED 1115136 phase2_charge_design/08_validate_relaxed/ropt_K4.densities
DELETED 48 phase2_charge_design/08_validate_relaxed/ropt_K4.en.tmp
DELETED 122416 phase2_charge_design/08_validate_relaxed/ropt_K4.exc0.tmp
DELETED 122232 phase2_charge_design/08_validate_relaxed/ropt_K4.exc1.tmp
DELETED 122144 phase2_charge_design/08_validate_relaxed/ropt_K4.exc2.tmp
DELETED 122000 phase2_charge_design/08_validate_relaxed/ropt_K4.exc3.tmp
DELETED 121896 phase2_charge_design/08_validate_relaxed/ropt_K4.exc4.tmp
DELETED 121808 phase2_charge_design/08_validate_relaxed/ropt_K4.exc5.tmp
DELETED 121680 phase2_charge_design/08_validate_relaxed/ropt_K4.exc6.tmp
DELETED 121536 phase2_charge_design/08_validate_relaxed/ropt_K4.exc7.tmp
DELETED 1689120 phase2_charge_design/08_validate_relaxed/ropt_K4.gbw
DELETED 80 phase2_charge_design/08_validate_relaxed/ropt_K4.ginp.tmp
DELETED 489664 phase2_charge_design/08_validate_relaxed/ropt_K4.gpot0.tmp
DELETED 488928 phase2_charge_design/08_validate_relaxed/ropt_K4.gpot1.tmp
DELETED 488576 phase2_charge_design/08_validate_relaxed/ropt_K4.gpot2.tmp
DELETED 488000 phase2_charge_design/08_validate_relaxed/ropt_K4.gpot3.tmp
DELETED 487584 phase2_charge_design/08_validate_relaxed/ropt_K4.gpot4.tmp
DELETED 487232 phase2_charge_design/08_validate_relaxed/ropt_K4.gpot5.tmp
DELETED 486720 phase2_charge_design/08_validate_relaxed/ropt_K4.gpot6.tmp
DELETED 486144 phase2_charge_design/08_validate_relaxed/ropt_K4.gpot7.tmp
DELETED 489664 phase2_charge_design/08_validate_relaxed/ropt_K4.grho0.tmp
DELETED 488928 phase2_charge_design/08_validate_relaxed/ropt_K4.grho1.tmp
DELETED 488576 phase2_charge_design/08_validate_relaxed/ropt_K4.grho2.tmp
DELETED 488000 phase2_charge_design/08_validate_relaxed/ropt_K4.grho3.tmp
DELETED 487584 phase2_charge_design/08_validate_relaxed/ropt_K4.grho4.tmp
DELETED 487232 phase2_charge_design/08_validate_relaxed/ropt_K4.grho5.tmp
DELETED 486720 phase2_charge_design/08_validate_relaxed/ropt_K4.grho6.tmp
DELETED 486144 phase2_charge_design/08_validate_relaxed/ropt_K4.grho7.tmp
DELETED 9976408 phase2_charge_design/08_validate_relaxed/ropt_K4.grid.tmp
DELETED 1154424 phase2_charge_design/08_validate_relaxed/ropt_K4.gridx1.tmp
DELETED 2464380 phase2_charge_design/08_validate_relaxed/ropt_K4.gridx2.tmp
DELETED 5319200 phase2_charge_design/08_validate_relaxed/ropt_K4.gridx3.tmp
DELETED 40491 phase2_charge_design/08_validate_relaxed/ropt_K4.int.tmp
DELETED 135524 phase2_charge_design/08_validate_relaxed/ropt_K4.inthess.tmp
DELETED 489664 phase2_charge_design/08_validate_relaxed/ropt_K4.opot0.tmp
DELETED 488928 phase2_charge_design/08_validate_relaxed/ropt_K4.opot1.tmp
DELETED 488576 phase2_charge_design/08_validate_relaxed/ropt_K4.opot2.tmp
DELETED 488000 phase2_charge_design/08_validate_relaxed/ropt_K4.opot3.tmp
DELETED 487584 phase2_charge_design/08_validate_relaxed/ropt_K4.opot4.tmp
DELETED 487232 phase2_charge_design/08_validate_relaxed/ropt_K4.opot5.tmp
DELETED 486720 phase2_charge_design/08_validate_relaxed/ropt_K4.opot6.tmp
DELETED 486144 phase2_charge_design/08_validate_relaxed/ropt_K4.opot7.tmp
DELETED 489664 phase2_charge_design/08_validate_relaxed/ropt_K4.orho0.tmp
DELETED 488928 phase2_charge_design/08_validate_relaxed/ropt_K4.orho1.tmp
DELETED 488576 phase2_charge_design/08_validate_relaxed/ropt_K4.orho2.tmp
DELETED 488000 phase2_charge_design/08_validate_relaxed/ropt_K4.orho3.tmp
DELETED 487584 phase2_charge_design/08_validate_relaxed/ropt_K4.orho4.tmp
DELETED 487232 phase2_charge_design/08_validate_relaxed/ropt_K4.orho5.tmp
DELETED 486720 phase2_charge_design/08_validate_relaxed/ropt_K4.orho6.tmp
DELETED 486144 phase2_charge_design/08_validate_relaxed/ropt_K4.orho7.tmp
DELETED 600 phase2_charge_design/08_validate_relaxed/ropt_K4.refgeohess.tmp
DELETED 9976408 phase2_charge_design/08_validate_relaxed/ropt_K4.shark_grid.tmp
DELETED 279864 phase2_charge_design/08_validate_relaxed/ropt_K4.vcpcm.tmp
DELETED 557592 phase2_charge_design/08_validate_relaxed/ropt_K5.C0.tmp
DELETED 8 phase2_charge_design/08_validate_relaxed/ropt_K5.E.tmp
DELETED 4614848 phase2_charge_design/08_validate_relaxed/ropt_K5.EIJ.tmp
DELETED 279864 phase2_charge_design/08_validate_relaxed/ropt_K5.FAO0.tmp
DELETED 279864 phase2_charge_design/08_validate_relaxed/ropt_K5.FMO0.tmp
DELETED 279864 phase2_charge_design/08_validate_relaxed/ropt_K5.H.tmp
DELETED 1986212 phase2_charge_design/08_validate_relaxed/ropt_K5.K.tmp
DELETED 557592 phase2_charge_design/08_validate_relaxed/ropt_K5.K0.tmp
DELETED 279864 phase2_charge_design/08_validate_relaxed/ropt_K5.P0.tmp
DELETED 2104632 phase2_charge_design/08_validate_relaxed/ropt_K5.PDAT.tmp
DELETED 279864 phase2_charge_design/08_validate_relaxed/ropt_K5.POLD0.tmp
DELETED 279864 phase2_charge_design/08_validate_relaxed/ropt_K5.S.tmp
DELETED 557592 phase2_charge_design/08_validate_relaxed/ropt_K5.SC0.gridx1.tmp
DELETED 557592 phase2_charge_design/08_validate_relaxed/ropt_K5.SC0.gridx2.tmp
DELETED 557592 phase2_charge_design/08_validate_relaxed/ropt_K5.SC0.gridx3.tmp
DELETED 58104 phase2_charge_design/08_validate_relaxed/ropt_K5.SHARK.KPRSCR.tmp
DELETED 45612 phase2_charge_design/08_validate_relaxed/ropt_K5.SHARKINP.tmp
DELETED 557592 phase2_charge_design/08_validate_relaxed/ropt_K5.SINV.gridx1_factor.tmp
DELETED 557592 phase2_charge_design/08_validate_relaxed/ropt_K5.SINV.gridx2_factor.tmp
DELETED 557592 phase2_charge_design/08_validate_relaxed/ropt_K5.SINV.gridx3_factor.tmp
DELETED 279864 phase2_charge_design/08_validate_relaxed/ropt_K5.SM12.tmp
DELETED 279864 phase2_charge_design/08_validate_relaxed/ropt_K5.SP12.tmp
DELETED 7000 phase2_charge_design/08_validate_relaxed/ropt_K5.SQRTVJ.tmp
DELETED 279864 phase2_charge_design/08_validate_relaxed/ropt_K5.T.tmp
DELETED 279864 phase2_charge_design/08_validate_relaxed/ropt_K5.V.tmp
DELETED 6083096 phase2_charge_design/08_validate_relaxed/ropt_K5.VAUXJ.tmp
DELETED 6083096 phase2_charge_design/08_validate_relaxed/ropt_K5.VCDJ.tmp
DELETED 279864 phase2_charge_design/08_validate_relaxed/ropt_K5.VXC0.tmp
DELETED 41496 phase2_charge_design/08_validate_relaxed/ropt_K5.carthess
DELETED 988 phase2_charge_design/08_validate_relaxed/ropt_K5.citations.tmp
DELETED 378310 phase2_charge_design/08_validate_relaxed/ropt_K5.cpcm.tmp
DELETED 39926072 phase2_charge_design/08_validate_relaxed/ropt_K5.cpcm_achol.tmp
DELETED 1115136 phase2_charge_design/08_validate_relaxed/ropt_K5.densities
DELETED 12 phase2_charge_design/08_validate_relaxed/ropt_K5.en.tmp
DELETED 122472 phase2_charge_design/08_validate_relaxed/ropt_K5.exc0.tmp
DELETED 122344 phase2_charge_design/08_validate_relaxed/ropt_K5.exc1.tmp
DELETED 122240 phase2_charge_design/08_validate_relaxed/ropt_K5.exc2.tmp
DELETED 122072 phase2_charge_design/08_validate_relaxed/ropt_K5.exc3.tmp
DELETED 121952 phase2_charge_design/08_validate_relaxed/ropt_K5.exc4.tmp
DELETED 121848 phase2_charge_design/08_validate_relaxed/ropt_K5.exc5.tmp
DELETED 121672 phase2_charge_design/08_validate_relaxed/ropt_K5.exc6.tmp
DELETED 121568 phase2_charge_design/08_validate_relaxed/ropt_K5.exc7.tmp
DELETED 1689120 phase2_charge_design/08_validate_relaxed/ropt_K5.gbw
DELETED 80 phase2_charge_design/08_validate_relaxed/ropt_K5.ginp.tmp
DELETED 489888 phase2_charge_design/08_validate_relaxed/ropt_K5.gpot0.tmp
DELETED 489376 phase2_charge_design/08_validate_relaxed/ropt_K5.gpot1.tmp
DELETED 488960 phase2_charge_design/08_validate_relaxed/ropt_K5.gpot2.tmp
DELETED 488288 phase2_charge_design/08_validate_relaxed/ropt_K5.gpot3.tmp
DELETED 487808 phase2_charge_design/08_validate_relaxed/ropt_K5.gpot4.tmp
DELETED 487392 phase2_charge_design/08_validate_relaxed/ropt_K5.gpot5.tmp
DELETED 486688 phase2_charge_design/08_validate_relaxed/ropt_K5.gpot6.tmp
DELETED 486272 phase2_charge_design/08_validate_relaxed/ropt_K5.gpot7.tmp
DELETED 489888 phase2_charge_design/08_validate_relaxed/ropt_K5.grho0.tmp
DELETED 489376 phase2_charge_design/08_validate_relaxed/ropt_K5.grho1.tmp
DELETED 488960 phase2_charge_design/08_validate_relaxed/ropt_K5.grho2.tmp
DELETED 488288 phase2_charge_design/08_validate_relaxed/ropt_K5.grho3.tmp
DELETED 487808 phase2_charge_design/08_validate_relaxed/ropt_K5.grho4.tmp
DELETED 487392 phase2_charge_design/08_validate_relaxed/ropt_K5.grho5.tmp
DELETED 486688 phase2_charge_design/08_validate_relaxed/ropt_K5.grho6.tmp
DELETED 486272 phase2_charge_design/08_validate_relaxed/ropt_K5.grho7.tmp
DELETED 9992932 phase2_charge_design/08_validate_relaxed/ropt_K5.grid.tmp
DELETED 1154904 phase2_charge_design/08_validate_relaxed/ropt_K5.gridx1.tmp
DELETED 2476812 phase2_charge_design/08_validate_relaxed/ropt_K5.gridx2.tmp
DELETED 5346676 phase2_charge_design/08_validate_relaxed/ropt_K5.gridx3.tmp
DELETED 40491 phase2_charge_design/08_validate_relaxed/ropt_K5.int.tmp
DELETED 137284 phase2_charge_design/08_validate_relaxed/ropt_K5.inthess.tmp
DELETED 489888 phase2_charge_design/08_validate_relaxed/ropt_K5.opot0.tmp
DELETED 489376 phase2_charge_design/08_validate_relaxed/ropt_K5.opot1.tmp
DELETED 488960 phase2_charge_design/08_validate_relaxed/ropt_K5.opot2.tmp
DELETED 488288 phase2_charge_design/08_validate_relaxed/ropt_K5.opot3.tmp
DELETED 487808 phase2_charge_design/08_validate_relaxed/ropt_K5.opot4.tmp
DELETED 487392 phase2_charge_design/08_validate_relaxed/ropt_K5.opot5.tmp
DELETED 486688 phase2_charge_design/08_validate_relaxed/ropt_K5.opot6.tmp
DELETED 486272 phase2_charge_design/08_validate_relaxed/ropt_K5.opot7.tmp
DELETED 489888 phase2_charge_design/08_validate_relaxed/ropt_K5.orho0.tmp
DELETED 489376 phase2_charge_design/08_validate_relaxed/ropt_K5.orho1.tmp
DELETED 488960 phase2_charge_design/08_validate_relaxed/ropt_K5.orho2.tmp
DELETED 488288 phase2_charge_design/08_validate_relaxed/ropt_K5.orho3.tmp
DELETED 487808 phase2_charge_design/08_validate_relaxed/ropt_K5.orho4.tmp
DELETED 487392 phase2_charge_design/08_validate_relaxed/ropt_K5.orho5.tmp
DELETED 486688 phase2_charge_design/08_validate_relaxed/ropt_K5.orho6.tmp
DELETED 486272 phase2_charge_design/08_validate_relaxed/ropt_K5.orho7.tmp
DELETED 600 phase2_charge_design/08_validate_relaxed/ropt_K5.refgeohess.tmp
DELETED 9992932 phase2_charge_design/08_validate_relaxed/ropt_K5.shark_grid.tmp
DELETED 279864 phase2_charge_design/08_validate_relaxed/ropt_K5.vcpcm.tmp
DELETED 8 phase2_charge_design/08_validate_relaxed/ropt_K6.E.tmp
DELETED 4692576 phase2_charge_design/08_validate_relaxed/ropt_K6.EIJ.tmp
DELETED 279864 phase2_charge_design/08_validate_relaxed/ropt_K6.H.tmp
DELETED 2008636 phase2_charge_design/08_validate_relaxed/ropt_K6.K.tmp
DELETED 557592 phase2_charge_design/08_validate_relaxed/ropt_K6.K0.tmp
DELETED 279864 phase2_charge_design/08_validate_relaxed/ropt_K6.P0.tmp
DELETED 2131324 phase2_charge_design/08_validate_relaxed/ropt_K6.PDAT.tmp
DELETED 279864 phase2_charge_design/08_validate_relaxed/ropt_K6.S.tmp
DELETED 557592 phase2_charge_design/08_validate_relaxed/ropt_K6.SC0.gridx1.tmp
DELETED 557592 phase2_charge_design/08_validate_relaxed/ropt_K6.SC0.gridx2.tmp
DELETED 557592 phase2_charge_design/08_validate_relaxed/ropt_K6.SC0.gridx3.tmp
DELETED 58104 phase2_charge_design/08_validate_relaxed/ropt_K6.SHARK.KPRSCR.tmp
DELETED 45612 phase2_charge_design/08_validate_relaxed/ropt_K6.SHARKINP.tmp
DELETED 557592 phase2_charge_design/08_validate_relaxed/ropt_K6.SINV.gridx1_factor.tmp
DELETED 557592 phase2_charge_design/08_validate_relaxed/ropt_K6.SINV.gridx2_factor.tmp
DELETED 557592 phase2_charge_design/08_validate_relaxed/ropt_K6.SINV.gridx3_factor.tmp
DELETED 279864 phase2_charge_design/08_validate_relaxed/ropt_K6.SM12.tmp
DELETED 279864 phase2_charge_design/08_validate_relaxed/ropt_K6.SP12.tmp
DELETED 7000 phase2_charge_design/08_validate_relaxed/ropt_K6.SQRTVJ.tmp
DELETED 279864 phase2_charge_design/08_validate_relaxed/ropt_K6.T.tmp
DELETED 279864 phase2_charge_design/08_validate_relaxed/ropt_K6.V.tmp
DELETED 6083096 phase2_charge_design/08_validate_relaxed/ropt_K6.VAUXJ.tmp
DELETED 6083096 phase2_charge_design/08_validate_relaxed/ropt_K6.VCDJ.tmp
DELETED 41496 phase2_charge_design/08_validate_relaxed/ropt_K6.carthess
DELETED 988 phase2_charge_design/08_validate_relaxed/ropt_K6.citations.tmp
DELETED 380831 phase2_charge_design/08_validate_relaxed/ropt_K6.cpcm.tmp
DELETED 40464032 phase2_charge_design/08_validate_relaxed/ropt_K6.cpcm_achol.tmp
DELETED 1115136 phase2_charge_design/08_validate_relaxed/ropt_K6.densities
DELETED 48 phase2_charge_design/08_validate_relaxed/ropt_K6.en.tmp
DELETED 122392 phase2_charge_design/08_validate_relaxed/ropt_K6.exc0.tmp
DELETED 122248 phase2_charge_design/08_validate_relaxed/ropt_K6.exc1.tmp
DELETED 122120 phase2_charge_design/08_validate_relaxed/ropt_K6.exc2.tmp
DELETED 122016 phase2_charge_design/08_validate_relaxed/ropt_K6.exc3.tmp
DELETED 121904 phase2_charge_design/08_validate_relaxed/ropt_K6.exc4.tmp
DELETED 121776 phase2_charge_design/08_validate_relaxed/ropt_K6.exc5.tmp
DELETED 121624 phase2_charge_design/08_validate_relaxed/ropt_K6.exc6.tmp
DELETED 121456 phase2_charge_design/08_validate_relaxed/ropt_K6.exc7.tmp
DELETED 1689120 phase2_charge_design/08_validate_relaxed/ropt_K6.gbw
DELETED 80 phase2_charge_design/08_validate_relaxed/ropt_K6.ginp.tmp
DELETED 489568 phase2_charge_design/08_validate_relaxed/ropt_K6.gpot0.tmp
DELETED 488992 phase2_charge_design/08_validate_relaxed/ropt_K6.gpot1.tmp
DELETED 488480 phase2_charge_design/08_validate_relaxed/ropt_K6.gpot2.tmp
DELETED 488064 phase2_charge_design/08_validate_relaxed/ropt_K6.gpot3.tmp
DELETED 487616 phase2_charge_design/08_validate_relaxed/ropt_K6.gpot4.tmp
DELETED 487104 phase2_charge_design/08_validate_relaxed/ropt_K6.gpot5.tmp
DELETED 486496 phase2_charge_design/08_validate_relaxed/ropt_K6.gpot6.tmp
DELETED 485824 phase2_charge_design/08_validate_relaxed/ropt_K6.gpot7.tmp
DELETED 489568 phase2_charge_design/08_validate_relaxed/ropt_K6.grho0.tmp
DELETED 488992 phase2_charge_design/08_validate_relaxed/ropt_K6.grho1.tmp
DELETED 488480 phase2_charge_design/08_validate_relaxed/ropt_K6.grho2.tmp
DELETED 488064 phase2_charge_design/08_validate_relaxed/ropt_K6.grho3.tmp
DELETED 487616 phase2_charge_design/08_validate_relaxed/ropt_K6.grho4.tmp
DELETED 487104 phase2_charge_design/08_validate_relaxed/ropt_K6.grho5.tmp
DELETED 486496 phase2_charge_design/08_validate_relaxed/ropt_K6.grho6.tmp
DELETED 485824 phase2_charge_design/08_validate_relaxed/ropt_K6.grho7.tmp
DELETED 10003536 phase2_charge_design/08_validate_relaxed/ropt_K6.grid.tmp
DELETED 1156300 phase2_charge_design/08_validate_relaxed/ropt_K6.gridx1.tmp
DELETED 2476692 phase2_charge_design/08_validate_relaxed/ropt_K6.gridx2.tmp
DELETED 5343288 phase2_charge_design/08_validate_relaxed/ropt_K6.gridx3.tmp
DELETED 40491 phase2_charge_design/08_validate_relaxed/ropt_K6.int.tmp
DELETED 137284 phase2_charge_design/08_validate_relaxed/ropt_K6.inthess.tmp
DELETED 489568 phase2_charge_design/08_validate_relaxed/ropt_K6.opot0.tmp
DELETED 488992 phase2_charge_design/08_validate_relaxed/ropt_K6.opot1.tmp
DELETED 488480 phase2_charge_design/08_validate_relaxed/ropt_K6.opot2.tmp
DELETED 488064 phase2_charge_design/08_validate_relaxed/ropt_K6.opot3.tmp
DELETED 487616 phase2_charge_design/08_validate_relaxed/ropt_K6.opot4.tmp
DELETED 487104 phase2_charge_design/08_validate_relaxed/ropt_K6.opot5.tmp
DELETED 486496 phase2_charge_design/08_validate_relaxed/ropt_K6.opot6.tmp
DELETED 485824 phase2_charge_design/08_validate_relaxed/ropt_K6.opot7.tmp
DELETED 489568 phase2_charge_design/08_validate_relaxed/ropt_K6.orho0.tmp
DELETED 488992 phase2_charge_design/08_validate_relaxed/ropt_K6.orho1.tmp
DELETED 488480 phase2_charge_design/08_validate_relaxed/ropt_K6.orho2.tmp
DELETED 488064 phase2_charge_design/08_validate_relaxed/ropt_K6.orho3.tmp
DELETED 487616 phase2_charge_design/08_validate_relaxed/ropt_K6.orho4.tmp
DELETED 487104 phase2_charge_design/08_validate_relaxed/ropt_K6.orho5.tmp
DELETED 486496 phase2_charge_design/08_validate_relaxed/ropt_K6.orho6.tmp
DELETED 485824 phase2_charge_design/08_validate_relaxed/ropt_K6.orho7.tmp
DELETED 600 phase2_charge_design/08_validate_relaxed/ropt_K6.refgeohess.tmp
DELETED 10003536 phase2_charge_design/08_validate_relaxed/ropt_K6.shark_grid.tmp
DELETED 279864 phase2_charge_design/08_validate_relaxed/ropt_K6.vcpcm.tmp
DELETED 8 phase2_charge_design/08_validate_relaxed/ropt_K7.E.tmp
DELETED 4568216 phase2_charge_design/08_validate_relaxed/ropt_K7.EIJ.tmp
DELETED 279864 phase2_charge_design/08_validate_relaxed/ropt_K7.H.tmp
DELETED 1952692 phase2_charge_design/08_validate_relaxed/ropt_K7.K.tmp
DELETED 279864 phase2_charge_design/08_validate_relaxed/ropt_K7.P0.tmp
DELETED 2076124 phase2_charge_design/08_validate_relaxed/ropt_K7.PDAT.tmp
DELETED 279864 phase2_charge_design/08_validate_relaxed/ropt_K7.S.tmp
DELETED 557592 phase2_charge_design/08_validate_relaxed/ropt_K7.SC0.gridx1.tmp
DELETED 557592 phase2_charge_design/08_validate_relaxed/ropt_K7.SC0.gridx2.tmp
DELETED 557592 phase2_charge_design/08_validate_relaxed/ropt_K7.SC0.gridx3.tmp
DELETED 58104 phase2_charge_design/08_validate_relaxed/ropt_K7.SHARK.KPRSCR.tmp
DELETED 45612 phase2_charge_design/08_validate_relaxed/ropt_K7.SHARKINP.tmp
DELETED 557592 phase2_charge_design/08_validate_relaxed/ropt_K7.SINV.gridx1_factor.tmp
DELETED 557592 phase2_charge_design/08_validate_relaxed/ropt_K7.SINV.gridx2_factor.tmp
DELETED 557592 phase2_charge_design/08_validate_relaxed/ropt_K7.SINV.gridx3_factor.tmp
DELETED 279864 phase2_charge_design/08_validate_relaxed/ropt_K7.SM12.tmp
DELETED 279864 phase2_charge_design/08_validate_relaxed/ropt_K7.SP12.tmp
DELETED 7000 phase2_charge_design/08_validate_relaxed/ropt_K7.SQRTVJ.tmp
DELETED 279864 phase2_charge_design/08_validate_relaxed/ropt_K7.T.tmp
DELETED 279864 phase2_charge_design/08_validate_relaxed/ropt_K7.V.tmp
DELETED 6083096 phase2_charge_design/08_validate_relaxed/ropt_K7.VAUXJ.tmp
DELETED 6083096 phase2_charge_design/08_validate_relaxed/ropt_K7.VCDJ.tmp
DELETED 41496 phase2_charge_design/08_validate_relaxed/ropt_K7.carthess
DELETED 988 phase2_charge_design/08_validate_relaxed/ropt_K7.citations.tmp
DELETED 1115136 phase2_charge_design/08_validate_relaxed/ropt_K7.densities
DELETED 12 phase2_charge_design/08_validate_relaxed/ropt_K7.en.tmp
DELETED 1689120 phase2_charge_design/08_validate_relaxed/ropt_K7.gbw
DELETED 80 phase2_charge_design/08_validate_relaxed/ropt_K7.ginp.tmp
DELETED 9897692 phase2_charge_design/08_validate_relaxed/ropt_K7.grid.tmp
DELETED 1148648 phase2_charge_design/08_validate_relaxed/ropt_K7.gridx1.tmp
DELETED 2462076 phase2_charge_design/08_validate_relaxed/ropt_K7.gridx2.tmp
DELETED 5312472 phase2_charge_design/08_validate_relaxed/ropt_K7.gridx3.tmp
DELETED 40491 phase2_charge_design/08_validate_relaxed/ropt_K7.int.tmp
DELETED 109124 phase2_charge_design/08_validate_relaxed/ropt_K7.inthess.tmp
DELETED 600 phase2_charge_design/08_validate_relaxed/ropt_K7.refgeohess.tmp
DELETED 9897692 phase2_charge_design/08_validate_relaxed/ropt_K7.shark_grid.tmp
DELETED 557592 phase2_charge_design/08_validate_relaxed/ropt_K8.C0.tmp
DELETED 8 phase2_charge_design/08_validate_relaxed/ropt_K8.E.tmp
DELETED 4756648 phase2_charge_design/08_validate_relaxed/ropt_K8.EIJ.tmp
DELETED 279864 phase2_charge_design/08_validate_relaxed/ropt_K8.FAO0.tmp
DELETED 279864 phase2_charge_design/08_validate_relaxed/ropt_K8.FMO0.tmp
DELETED 279864 phase2_charge_design/08_validate_relaxed/ropt_K8.H.tmp
DELETED 2023540 phase2_charge_design/08_validate_relaxed/ropt_K8.K.tmp
DELETED 279864 phase2_charge_design/08_validate_relaxed/ropt_K8.P0.tmp
DELETED 2143204 phase2_charge_design/08_validate_relaxed/ropt_K8.PDAT.tmp
DELETED 279864 phase2_charge_design/08_validate_relaxed/ropt_K8.POLD0.tmp
DELETED 279864 phase2_charge_design/08_validate_relaxed/ropt_K8.S.tmp
DELETED 557592 phase2_charge_design/08_validate_relaxed/ropt_K8.SC0.gridx1.tmp
DELETED 557592 phase2_charge_design/08_validate_relaxed/ropt_K8.SC0.gridx2.tmp
DELETED 557592 phase2_charge_design/08_validate_relaxed/ropt_K8.SC0.gridx3.tmp
DELETED 58104 phase2_charge_design/08_validate_relaxed/ropt_K8.SHARK.KPRSCR.tmp
DELETED 45612 phase2_charge_design/08_validate_relaxed/ropt_K8.SHARKINP.tmp
DELETED 557592 phase2_charge_design/08_validate_relaxed/ropt_K8.SINV.gridx1_factor.tmp
DELETED 557592 phase2_charge_design/08_validate_relaxed/ropt_K8.SINV.gridx2_factor.tmp
DELETED 557592 phase2_charge_design/08_validate_relaxed/ropt_K8.SINV.gridx3_factor.tmp
DELETED 279864 phase2_charge_design/08_validate_relaxed/ropt_K8.SM12.tmp
DELETED 279864 phase2_charge_design/08_validate_relaxed/ropt_K8.SP12.tmp
DELETED 7000 phase2_charge_design/08_validate_relaxed/ropt_K8.SQRTVJ.tmp
DELETED 279864 phase2_charge_design/08_validate_relaxed/ropt_K8.T.tmp
DELETED 279864 phase2_charge_design/08_validate_relaxed/ropt_K8.V.tmp
DELETED 6083096 phase2_charge_design/08_validate_relaxed/ropt_K8.VAUXJ.tmp
DELETED 6083096 phase2_charge_design/08_validate_relaxed/ropt_K8.VCDJ.tmp
DELETED 279864 phase2_charge_design/08_validate_relaxed/ropt_K8.VXC0.tmp
DELETED 41496 phase2_charge_design/08_validate_relaxed/ropt_K8.carthess
DELETED 988 phase2_charge_design/08_validate_relaxed/ropt_K8.citations.tmp
DELETED 38649656 phase2_charge_design/08_validate_relaxed/ropt_K8.cpcm_achol.tmp
DELETED 1115136 phase2_charge_design/08_validate_relaxed/ropt_K8.densities
DELETED 12 phase2_charge_design/08_validate_relaxed/ropt_K8.en.tmp
DELETED 1689120 phase2_charge_design/08_validate_relaxed/ropt_K8.gbw
DELETED 80 phase2_charge_design/08_validate_relaxed/ropt_K8.ginp.tmp
DELETED 10000380 phase2_charge_design/08_validate_relaxed/ropt_K8.grid.tmp
DELETED 1152544 phase2_charge_design/08_validate_relaxed/ropt_K8.gridx1.tmp
DELETED 2471584 phase2_charge_design/08_validate_relaxed/ropt_K8.gridx2.tmp
DELETED 5351432 phase2_charge_design/08_validate_relaxed/ropt_K8.gridx3.tmp
DELETED 40491 phase2_charge_design/08_validate_relaxed/ropt_K8.int.tmp
DELETED 109124 phase2_charge_design/08_validate_relaxed/ropt_K8.inthess.tmp
DELETED 600 phase2_charge_design/08_validate_relaxed/ropt_K8.refgeohess.tmp
DELETED 10000380 phase2_charge_design/08_validate_relaxed/ropt_K8.shark_grid.tmp
DELETED 1115136 phase2_charge_design/08_validate_relaxed/ropt_bare.densities
DELETED 1689120 phase2_charge_design/08_validate_relaxed/ropt_bare.gbw
DELETED 1115136 phase2_charge_design/08_validate_relaxed/ropt_charged.densities
DELETED 1689120 phase2_charge_design/08_validate_relaxed/ropt_charged.gbw
DELETED 8 phase2_charge_design/08_validate_relaxed/tsopt_K2.E.tmp
DELETED 5180528 phase2_charge_design/08_validate_relaxed/tsopt_K2.EIJ.tmp
DELETED 279864 phase2_charge_design/08_validate_relaxed/tsopt_K2.H.tmp
DELETED 2193540 phase2_charge_design/08_validate_relaxed/tsopt_K2.K.tmp
DELETED 279864 phase2_charge_design/08_validate_relaxed/tsopt_K2.P0.tmp
DELETED 2273152 phase2_charge_design/08_validate_relaxed/tsopt_K2.PDAT.tmp
DELETED 279864 phase2_charge_design/08_validate_relaxed/tsopt_K2.S.tmp
DELETED 557592 phase2_charge_design/08_validate_relaxed/tsopt_K2.SC0.gridx1.tmp
DELETED 557592 phase2_charge_design/08_validate_relaxed/tsopt_K2.SC0.gridx2.tmp
DELETED 557592 phase2_charge_design/08_validate_relaxed/tsopt_K2.SC0.gridx3.tmp
DELETED 58104 phase2_charge_design/08_validate_relaxed/tsopt_K2.SHARK.KPRSCR.tmp
DELETED 45623 phase2_charge_design/08_validate_relaxed/tsopt_K2.SHARKINP.tmp
DELETED 557592 phase2_charge_design/08_validate_relaxed/tsopt_K2.SINV.gridx1_factor.tmp
DELETED 557592 phase2_charge_design/08_validate_relaxed/tsopt_K2.SINV.gridx2_factor.tmp
DELETED 557592 phase2_charge_design/08_validate_relaxed/tsopt_K2.SINV.gridx3_factor.tmp
DELETED 279864 phase2_charge_design/08_validate_relaxed/tsopt_K2.SM12.tmp
DELETED 279864 phase2_charge_design/08_validate_relaxed/tsopt_K2.SP12.tmp
DELETED 7000 phase2_charge_design/08_validate_relaxed/tsopt_K2.SQRTVJ.tmp
DELETED 279864 phase2_charge_design/08_validate_relaxed/tsopt_K2.T.tmp
DELETED 279864 phase2_charge_design/08_validate_relaxed/tsopt_K2.V.tmp
DELETED 6083096 phase2_charge_design/08_validate_relaxed/tsopt_K2.VAUXJ.tmp
DELETED 6083096 phase2_charge_design/08_validate_relaxed/tsopt_K2.VCDJ.tmp
DELETED 41496 phase2_charge_design/08_validate_relaxed/tsopt_K2.carthess
DELETED 988 phase2_charge_design/08_validate_relaxed/tsopt_K2.citations.tmp
DELETED 1115136 phase2_charge_design/08_validate_relaxed/tsopt_K2.densities
DELETED 12 phase2_charge_design/08_validate_relaxed/tsopt_K2.en.tmp
DELETED 1689120 phase2_charge_design/08_validate_relaxed/tsopt_K2.gbw
DELETED 99 phase2_charge_design/08_validate_relaxed/tsopt_K2.ginp.tmp
DELETED 10094268 phase2_charge_design/08_validate_relaxed/tsopt_K2.grid.tmp
DELETED 1160264 phase2_charge_design/08_validate_relaxed/tsopt_K2.gridx1.tmp
DELETED 2467892 phase2_charge_design/08_validate_relaxed/tsopt_K2.gridx2.tmp
DELETED 5317120 phase2_charge_design/08_validate_relaxed/tsopt_K2.gridx3.tmp
DELETED 40493 phase2_charge_design/08_validate_relaxed/tsopt_K2.int.tmp
DELETED 285700 phase2_charge_design/08_validate_relaxed/tsopt_K2.inthess.tmp
DELETED 600 phase2_charge_design/08_validate_relaxed/tsopt_K2.refgeohess.tmp
DELETED 10094268 phase2_charge_design/08_validate_relaxed/tsopt_K2.shark_grid.tmp
DELETED 8 phase2_charge_design/08_validate_relaxed/tsopt_K3.E.tmp
DELETED 5220536 phase2_charge_design/08_validate_relaxed/tsopt_K3.EIJ.tmp
DELETED 279864 phase2_charge_design/08_validate_relaxed/tsopt_K3.H.tmp
DELETED 2211692 phase2_charge_design/08_validate_relaxed/tsopt_K3.K.tmp
DELETED 2287708 phase2_charge_design/08_validate_relaxed/tsopt_K3.PDAT.tmp
DELETED 279864 phase2_charge_design/08_validate_relaxed/tsopt_K3.S.tmp
DELETED 557592 phase2_charge_design/08_validate_relaxed/tsopt_K3.SC0.gridx1.tmp
DELETED 557592 phase2_charge_design/08_validate_relaxed/tsopt_K3.SC0.gridx2.tmp
DELETED 557592 phase2_charge_design/08_validate_relaxed/tsopt_K3.SC0.gridx3.tmp
DELETED 58104 phase2_charge_design/08_validate_relaxed/tsopt_K3.SHARK.KPRSCR.tmp
DELETED 45623 phase2_charge_design/08_validate_relaxed/tsopt_K3.SHARKINP.tmp
DELETED 557592 phase2_charge_design/08_validate_relaxed/tsopt_K3.SINV.gridx1_factor.tmp
DELETED 557592 phase2_charge_design/08_validate_relaxed/tsopt_K3.SINV.gridx2_factor.tmp
DELETED 557592 phase2_charge_design/08_validate_relaxed/tsopt_K3.SINV.gridx3_factor.tmp
DELETED 279864 phase2_charge_design/08_validate_relaxed/tsopt_K3.SM12.tmp
DELETED 279864 phase2_charge_design/08_validate_relaxed/tsopt_K3.SP12.tmp
DELETED 7000 phase2_charge_design/08_validate_relaxed/tsopt_K3.SQRTVJ.tmp
DELETED 279864 phase2_charge_design/08_validate_relaxed/tsopt_K3.T.tmp
DELETED 279864 phase2_charge_design/08_validate_relaxed/tsopt_K3.V.tmp
DELETED 6083096 phase2_charge_design/08_validate_relaxed/tsopt_K3.VAUXJ.tmp
DELETED 6083096 phase2_charge_design/08_validate_relaxed/tsopt_K3.VCDJ.tmp
DELETED 41496 phase2_charge_design/08_validate_relaxed/tsopt_K3.carthess
DELETED 988 phase2_charge_design/08_validate_relaxed/tsopt_K3.citations.tmp
DELETED 1115136 phase2_charge_design/08_validate_relaxed/tsopt_K3.densities
DELETED 1689120 phase2_charge_design/08_validate_relaxed/tsopt_K3.gbw
DELETED 99 phase2_charge_design/08_validate_relaxed/tsopt_K3.ginp.tmp
DELETED 10105048 phase2_charge_design/08_validate_relaxed/tsopt_K3.grid.tmp
DELETED 1159852 phase2_charge_design/08_validate_relaxed/tsopt_K3.gridx1.tmp
DELETED 2472824 phase2_charge_design/08_validate_relaxed/tsopt_K3.gridx2.tmp
DELETED 5307568 phase2_charge_design/08_validate_relaxed/tsopt_K3.gridx3.tmp
DELETED 40493 phase2_charge_design/08_validate_relaxed/tsopt_K3.int.tmp
DELETED 288676 phase2_charge_design/08_validate_relaxed/tsopt_K3.inthess.tmp
DELETED 600 phase2_charge_design/08_validate_relaxed/tsopt_K3.refgeohess.tmp
DELETED 8 phase2_charge_design/08_validate_relaxed/tsopt_K3.rot.tmp
DELETED 10105048 phase2_charge_design/08_validate_relaxed/tsopt_K3.shark_grid.tmp
DELETED 8 phase2_charge_design/08_validate_relaxed/tsopt_K4.E.tmp
DELETED 5216136 phase2_charge_design/08_validate_relaxed/tsopt_K4.EIJ.tmp
DELETED 279864 phase2_charge_design/08_validate_relaxed/tsopt_K4.H.tmp
DELETED 2195876 phase2_charge_design/08_validate_relaxed/tsopt_K4.K.tmp
DELETED 557592 phase2_charge_design/08_validate_relaxed/tsopt_K4.K0.tmp
DELETED 279864 phase2_charge_design/08_validate_relaxed/tsopt_K4.P0.tmp
DELETED 2279992 phase2_charge_design/08_validate_relaxed/tsopt_K4.PDAT.tmp
DELETED 279864 phase2_charge_design/08_validate_relaxed/tsopt_K4.S.tmp
DELETED 557592 phase2_charge_design/08_validate_relaxed/tsopt_K4.SC0.gridx1.tmp
DELETED 557592 phase2_charge_design/08_validate_relaxed/tsopt_K4.SC0.gridx2.tmp
DELETED 557592 phase2_charge_design/08_validate_relaxed/tsopt_K4.SC0.gridx3.tmp
DELETED 58104 phase2_charge_design/08_validate_relaxed/tsopt_K4.SHARK.KPRSCR.tmp
DELETED 45623 phase2_charge_design/08_validate_relaxed/tsopt_K4.SHARKINP.tmp
DELETED 557592 phase2_charge_design/08_validate_relaxed/tsopt_K4.SINV.gridx1_factor.tmp
DELETED 557592 phase2_charge_design/08_validate_relaxed/tsopt_K4.SINV.gridx2_factor.tmp
DELETED 557592 phase2_charge_design/08_validate_relaxed/tsopt_K4.SINV.gridx3_factor.tmp
DELETED 279864 phase2_charge_design/08_validate_relaxed/tsopt_K4.SM12.tmp
DELETED 279864 phase2_charge_design/08_validate_relaxed/tsopt_K4.SP12.tmp
DELETED 7000 phase2_charge_design/08_validate_relaxed/tsopt_K4.SQRTVJ.tmp
DELETED 279864 phase2_charge_design/08_validate_relaxed/tsopt_K4.T.tmp
DELETED 279864 phase2_charge_design/08_validate_relaxed/tsopt_K4.V.tmp
DELETED 6083096 phase2_charge_design/08_validate_relaxed/tsopt_K4.VAUXJ.tmp
DELETED 6083096 phase2_charge_design/08_validate_relaxed/tsopt_K4.VCDJ.tmp
DELETED 41496 phase2_charge_design/08_validate_relaxed/tsopt_K4.carthess
DELETED 988 phase2_charge_design/08_validate_relaxed/tsopt_K4.citations.tmp
DELETED 349417 phase2_charge_design/08_validate_relaxed/tsopt_K4.cpcm.tmp
DELETED 34014776 phase2_charge_design/08_validate_relaxed/tsopt_K4.cpcm_achol.tmp
DELETED 1115136 phase2_charge_design/08_validate_relaxed/tsopt_K4.densities
DELETED 48 phase2_charge_design/08_validate_relaxed/tsopt_K4.en.tmp
DELETED 122064 phase2_charge_design/08_validate_relaxed/tsopt_K4.exc0.tmp
DELETED 121960 phase2_charge_design/08_validate_relaxed/tsopt_K4.exc1.tmp
DELETED 121768 phase2_charge_design/08_validate_relaxed/tsopt_K4.exc2.tmp
DELETED 121632 phase2_charge_design/08_validate_relaxed/tsopt_K4.exc3.tmp
DELETED 121536 phase2_charge_design/08_validate_relaxed/tsopt_K4.exc4.tmp
DELETED 121408 phase2_charge_design/08_validate_relaxed/tsopt_K4.exc5.tmp
DELETED 121272 phase2_charge_design/08_validate_relaxed/tsopt_K4.exc6.tmp
DELETED 121184 phase2_charge_design/08_validate_relaxed/tsopt_K4.exc7.tmp
DELETED 1689120 phase2_charge_design/08_validate_relaxed/tsopt_K4.gbw
DELETED 99 phase2_charge_design/08_validate_relaxed/tsopt_K4.ginp.tmp
DELETED 488256 phase2_charge_design/08_validate_relaxed/tsopt_K4.gpot0.tmp
DELETED 487840 phase2_charge_design/08_validate_relaxed/tsopt_K4.gpot1.tmp
DELETED 487072 phase2_charge_design/08_validate_relaxed/tsopt_K4.gpot2.tmp
DELETED 486528 phase2_charge_design/08_validate_relaxed/tsopt_K4.gpot3.tmp
DELETED 486144 phase2_charge_design/08_validate_relaxed/tsopt_K4.gpot4.tmp
DELETED 485632 phase2_charge_design/08_validate_relaxed/tsopt_K4.gpot5.tmp
DELETED 485088 phase2_charge_design/08_validate_relaxed/tsopt_K4.gpot6.tmp
DELETED 484736 phase2_charge_design/08_validate_relaxed/tsopt_K4.gpot7.tmp
DELETED 488256 phase2_charge_design/08_validate_relaxed/tsopt_K4.grho0.tmp
DELETED 487840 phase2_charge_design/08_validate_relaxed/tsopt_K4.grho1.tmp
DELETED 487072 phase2_charge_design/08_validate_relaxed/tsopt_K4.grho2.tmp
DELETED 486528 phase2_charge_design/08_validate_relaxed/tsopt_K4.grho3.tmp
DELETED 486144 phase2_charge_design/08_validate_relaxed/tsopt_K4.grho4.tmp
DELETED 485632 phase2_charge_design/08_validate_relaxed/tsopt_K4.grho5.tmp
DELETED 485088 phase2_charge_design/08_validate_relaxed/tsopt_K4.grho6.tmp
DELETED 484736 phase2_charge_design/08_validate_relaxed/tsopt_K4.grho7.tmp
DELETED 10113500 phase2_charge_design/08_validate_relaxed/tsopt_K4.grid.tmp
DELETED 1162660 phase2_charge_design/08_validate_relaxed/tsopt_K4.gridx1.tmp
DELETED 2471060 phase2_charge_design/08_validate_relaxed/tsopt_K4.gridx2.tmp
DELETED 5321384 phase2_charge_design/08_validate_relaxed/tsopt_K4.gridx3.tmp
DELETED 40493 phase2_charge_design/08_validate_relaxed/tsopt_K4.int.tmp
DELETED 279748 phase2_charge_design/08_validate_relaxed/tsopt_K4.inthess.tmp
DELETED 488256 phase2_charge_design/08_validate_relaxed/tsopt_K4.opot0.tmp
DELETED 487840 phase2_charge_design/08_validate_relaxed/tsopt_K4.opot1.tmp
DELETED 487072 phase2_charge_design/08_validate_relaxed/tsopt_K4.opot2.tmp
DELETED 486528 phase2_charge_design/08_validate_relaxed/tsopt_K4.opot3.tmp
DELETED 486144 phase2_charge_design/08_validate_relaxed/tsopt_K4.opot4.tmp
DELETED 485632 phase2_charge_design/08_validate_relaxed/tsopt_K4.opot5.tmp
DELETED 485088 phase2_charge_design/08_validate_relaxed/tsopt_K4.opot6.tmp
DELETED 484736 phase2_charge_design/08_validate_relaxed/tsopt_K4.opot7.tmp
DELETED 488256 phase2_charge_design/08_validate_relaxed/tsopt_K4.orho0.tmp
DELETED 487840 phase2_charge_design/08_validate_relaxed/tsopt_K4.orho1.tmp
DELETED 487072 phase2_charge_design/08_validate_relaxed/tsopt_K4.orho2.tmp
DELETED 486528 phase2_charge_design/08_validate_relaxed/tsopt_K4.orho3.tmp
DELETED 486144 phase2_charge_design/08_validate_relaxed/tsopt_K4.orho4.tmp
DELETED 485632 phase2_charge_design/08_validate_relaxed/tsopt_K4.orho5.tmp
DELETED 485088 phase2_charge_design/08_validate_relaxed/tsopt_K4.orho6.tmp
DELETED 484736 phase2_charge_design/08_validate_relaxed/tsopt_K4.orho7.tmp
DELETED 600 phase2_charge_design/08_validate_relaxed/tsopt_K4.refgeohess.tmp
DELETED 10113500 phase2_charge_design/08_validate_relaxed/tsopt_K4.shark_grid.tmp
DELETED 279864 phase2_charge_design/08_validate_relaxed/tsopt_K4.vcpcm.tmp
DELETED 41496 phase2_charge_design/08_validate_relaxed/tsopt_K5.carthess
DELETED 988 phase2_charge_design/08_validate_relaxed/tsopt_K5.citations.tmp
DELETED 1115136 phase2_charge_design/08_validate_relaxed/tsopt_K5.densities
DELETED 1689120 phase2_charge_design/08_validate_relaxed/tsopt_K5.gbw
DELETED 99 phase2_charge_design/08_validate_relaxed/tsopt_K5.ginp.tmp
DELETED 279748 phase2_charge_design/08_validate_relaxed/tsopt_K5.inthess.tmp
DELETED 600 phase2_charge_design/08_validate_relaxed/tsopt_K5.refgeohess.tmp
DELETED 41496 phase2_charge_design/08_validate_relaxed/tsopt_K6.carthess
DELETED 988 phase2_charge_design/08_validate_relaxed/tsopt_K6.citations.tmp
DELETED 1115136 phase2_charge_design/08_validate_relaxed/tsopt_K6.densities
DELETED 1689120 phase2_charge_design/08_validate_relaxed/tsopt_K6.gbw
DELETED 99 phase2_charge_design/08_validate_relaxed/tsopt_K6.ginp.tmp
DELETED 279748 phase2_charge_design/08_validate_relaxed/tsopt_K6.inthess.tmp
DELETED 600 phase2_charge_design/08_validate_relaxed/tsopt_K6.refgeohess.tmp
DELETED 988 phase2_charge_design/08_validate_relaxed/tsopt_K7.citations.tmp
DELETED 1115136 phase2_charge_design/08_validate_relaxed/tsopt_K7.densities
DELETED 1689120 phase2_charge_design/08_validate_relaxed/tsopt_K7.gbw
DELETED 100 phase2_charge_design/08_validate_relaxed/tsopt_K7.ginp.tmp
DELETED 41496 phase2_charge_design/08_validate_relaxed/tsopt_K8.carthess
DELETED 988 phase2_charge_design/08_validate_relaxed/tsopt_K8.citations.tmp
DELETED 1115136 phase2_charge_design/08_validate_relaxed/tsopt_K8.densities
DELETED 1689120 phase2_charge_design/08_validate_relaxed/tsopt_K8.gbw
DELETED 99 phase2_charge_design/08_validate_relaxed/tsopt_K8.ginp.tmp
DELETED 279748 phase2_charge_design/08_validate_relaxed/tsopt_K8.inthess.tmp
DELETED 600 phase2_charge_design/08_validate_relaxed/tsopt_K8.refgeohess.tmp
DELETED 1115136 phase2_charge_design/08_validate_relaxed/tsopt_bare.densities
DELETED 1689120 phase2_charge_design/08_validate_relaxed/tsopt_bare.gbw
DELETED 8 phase2_charge_design/08_validate_relaxed/tsopt_charged.E.tmp
DELETED 5191480 phase2_charge_design/08_validate_relaxed/tsopt_charged.EIJ.tmp
DELETED 279864 phase2_charge_design/08_validate_relaxed/tsopt_charged.H.tmp
DELETED 2192748 phase2_charge_design/08_validate_relaxed/tsopt_charged.K.tmp
DELETED 557592 phase2_charge_design/08_validate_relaxed/tsopt_charged.K0.tmp
DELETED 279864 phase2_charge_design/08_validate_relaxed/tsopt_charged.P0.tmp
DELETED 2281972 phase2_charge_design/08_validate_relaxed/tsopt_charged.PDAT.tmp
DELETED 279864 phase2_charge_design/08_validate_relaxed/tsopt_charged.S.tmp
DELETED 557592 phase2_charge_design/08_validate_relaxed/tsopt_charged.SC0.gridx1.tmp
DELETED 557592 phase2_charge_design/08_validate_relaxed/tsopt_charged.SC0.gridx2.tmp
DELETED 557592 phase2_charge_design/08_validate_relaxed/tsopt_charged.SC0.gridx3.tmp
DELETED 58104 phase2_charge_design/08_validate_relaxed/tsopt_charged.SHARK.KPRSCR.tmp
DELETED 45678 phase2_charge_design/08_validate_relaxed/tsopt_charged.SHARKINP.tmp
DELETED 557592 phase2_charge_design/08_validate_relaxed/tsopt_charged.SINV.gridx1_factor.tmp
DELETED 557592 phase2_charge_design/08_validate_relaxed/tsopt_charged.SINV.gridx2_factor.tmp
DELETED 557592 phase2_charge_design/08_validate_relaxed/tsopt_charged.SINV.gridx3_factor.tmp
DELETED 279864 phase2_charge_design/08_validate_relaxed/tsopt_charged.SM12.tmp
DELETED 279864 phase2_charge_design/08_validate_relaxed/tsopt_charged.SP12.tmp
DELETED 7000 phase2_charge_design/08_validate_relaxed/tsopt_charged.SQRTVJ.tmp
DELETED 279864 phase2_charge_design/08_validate_relaxed/tsopt_charged.T.tmp
DELETED 279864 phase2_charge_design/08_validate_relaxed/tsopt_charged.V.tmp
DELETED 6083096 phase2_charge_design/08_validate_relaxed/tsopt_charged.VAUXJ.tmp
DELETED 6083096 phase2_charge_design/08_validate_relaxed/tsopt_charged.VCDJ.tmp
DELETED 41496 phase2_charge_design/08_validate_relaxed/tsopt_charged.carthess
DELETED 988 phase2_charge_design/08_validate_relaxed/tsopt_charged.citations.tmp
DELETED 351769 phase2_charge_design/08_validate_relaxed/tsopt_charged.cpcm.tmp
DELETED 34478232 phase2_charge_design/08_validate_relaxed/tsopt_charged.cpcm_achol.tmp
DELETED 1115136 phase2_charge_design/08_validate_relaxed/tsopt_charged.densities
DELETED 48 phase2_charge_design/08_validate_relaxed/tsopt_charged.en.tmp
DELETED 122000 phase2_charge_design/08_validate_relaxed/tsopt_charged.exc0.tmp
DELETED 121912 phase2_charge_design/08_validate_relaxed/tsopt_charged.exc1.tmp
DELETED 121776 phase2_charge_design/08_validate_relaxed/tsopt_charged.exc2.tmp
DELETED 121648 phase2_charge_design/08_validate_relaxed/tsopt_charged.exc3.tmp
DELETED 121544 phase2_charge_design/08_validate_relaxed/tsopt_charged.exc4.tmp
DELETED 121432 phase2_charge_design/08_validate_relaxed/tsopt_charged.exc5.tmp
DELETED 121288 phase2_charge_design/08_validate_relaxed/tsopt_charged.exc6.tmp
DELETED 121176 phase2_charge_design/08_validate_relaxed/tsopt_charged.exc7.tmp
DELETED 1689120 phase2_charge_design/08_validate_relaxed/tsopt_charged.gbw
DELETED 104 phase2_charge_design/08_validate_relaxed/tsopt_charged.ginp.tmp
DELETED 488000 phase2_charge_design/08_validate_relaxed/tsopt_charged.gpot0.tmp
DELETED 487648 phase2_charge_design/08_validate_relaxed/tsopt_charged.gpot1.tmp
DELETED 487104 phase2_charge_design/08_validate_relaxed/tsopt_charged.gpot2.tmp
DELETED 486592 phase2_charge_design/08_validate_relaxed/tsopt_charged.gpot3.tmp
DELETED 486176 phase2_charge_design/08_validate_relaxed/tsopt_charged.gpot4.tmp
DELETED 485728 phase2_charge_design/08_validate_relaxed/tsopt_charged.gpot5.tmp
DELETED 485152 phase2_charge_design/08_validate_relaxed/tsopt_charged.gpot6.tmp
DELETED 484704 phase2_charge_design/08_validate_relaxed/tsopt_charged.gpot7.tmp
DELETED 488000 phase2_charge_design/08_validate_relaxed/tsopt_charged.grho0.tmp
DELETED 487648 phase2_charge_design/08_validate_relaxed/tsopt_charged.grho1.tmp
DELETED 487104 phase2_charge_design/08_validate_relaxed/tsopt_charged.grho2.tmp
DELETED 486592 phase2_charge_design/08_validate_relaxed/tsopt_charged.grho3.tmp
DELETED 486176 phase2_charge_design/08_validate_relaxed/tsopt_charged.grho4.tmp
DELETED 485728 phase2_charge_design/08_validate_relaxed/tsopt_charged.grho5.tmp
DELETED 485152 phase2_charge_design/08_validate_relaxed/tsopt_charged.grho6.tmp
DELETED 484704 phase2_charge_design/08_validate_relaxed/tsopt_charged.grho7.tmp
DELETED 10107276 phase2_charge_design/08_validate_relaxed/tsopt_charged.grid.tmp
DELETED 1157928 phase2_charge_design/08_validate_relaxed/tsopt_charged.gridx1.tmp
DELETED 2466812 phase2_charge_design/08_validate_relaxed/tsopt_charged.gridx2.tmp
DELETED 5305464 phase2_charge_design/08_validate_relaxed/tsopt_charged.gridx3.tmp
DELETED 40503 phase2_charge_design/08_validate_relaxed/tsopt_charged.int.tmp
DELETED 285700 phase2_charge_design/08_validate_relaxed/tsopt_charged.inthess.tmp
DELETED 488000 phase2_charge_design/08_validate_relaxed/tsopt_charged.opot0.tmp
DELETED 487648 phase2_charge_design/08_validate_relaxed/tsopt_charged.opot1.tmp
DELETED 487104 phase2_charge_design/08_validate_relaxed/tsopt_charged.opot2.tmp
DELETED 486592 phase2_charge_design/08_validate_relaxed/tsopt_charged.opot3.tmp
DELETED 486176 phase2_charge_design/08_validate_relaxed/tsopt_charged.opot4.tmp
DELETED 485728 phase2_charge_design/08_validate_relaxed/tsopt_charged.opot5.tmp
DELETED 485152 phase2_charge_design/08_validate_relaxed/tsopt_charged.opot6.tmp
DELETED 484704 phase2_charge_design/08_validate_relaxed/tsopt_charged.opot7.tmp
DELETED 488000 phase2_charge_design/08_validate_relaxed/tsopt_charged.orho0.tmp
DELETED 487648 phase2_charge_design/08_validate_relaxed/tsopt_charged.orho1.tmp
DELETED 487104 phase2_charge_design/08_validate_relaxed/tsopt_charged.orho2.tmp
DELETED 486592 phase2_charge_design/08_validate_relaxed/tsopt_charged.orho3.tmp
DELETED 486176 phase2_charge_design/08_validate_relaxed/tsopt_charged.orho4.tmp
DELETED 485728 phase2_charge_design/08_validate_relaxed/tsopt_charged.orho5.tmp
DELETED 485152 phase2_charge_design/08_validate_relaxed/tsopt_charged.orho6.tmp
DELETED 484704 phase2_charge_design/08_validate_relaxed/tsopt_charged.orho7.tmp
DELETED 600 phase2_charge_design/08_validate_relaxed/tsopt_charged.refgeohess.tmp
DELETED 10107276 phase2_charge_design/08_validate_relaxed/tsopt_charged.shark_grid.tmp
DELETED 279864 phase2_charge_design/08_validate_relaxed/tsopt_charged.vcpcm.tmp
DELETED 9216 phase2_charge_design/09_mmtest/a.densities
DELETED 900156 phase2_charge_design/09_mmtest/a.gbw
DELETED 9216 phase2_charge_design/09_mmtest/b.densities
DELETED 900414 phase2_charge_design/09_mmtest/b.gbw
DELETED 9216 phase2_charge_design/09_mmtest/bare.densities
DELETED 900156 phase2_charge_design/09_mmtest/bare.gbw
DELETED 4632 phase2_charge_design/09_mmtest/collapse_bare.C0.tmp
DELETED 8 phase2_charge_design/09_mmtest/collapse_bare.E.tmp
DELETED 54352 phase2_charge_design/09_mmtest/collapse_bare.EIJ.tmp
DELETED 2424 phase2_charge_design/09_mmtest/collapse_bare.FAO0.tmp
DELETED 2424 phase2_charge_design/09_mmtest/collapse_bare.FMO0.tmp
DELETED 2424 phase2_charge_design/09_mmtest/collapse_bare.H.tmp
DELETED 30292 phase2_charge_design/09_mmtest/collapse_bare.K.tmp
DELETED 4632 phase2_charge_design/09_mmtest/collapse_bare.K0.tmp
DELETED 2424 phase2_charge_design/09_mmtest/collapse_bare.P0.tmp
DELETED 32232 phase2_charge_design/09_mmtest/collapse_bare.PDAT.tmp
DELETED 2424 phase2_charge_design/09_mmtest/collapse_bare.POLD0.tmp
DELETED 2424 phase2_charge_design/09_mmtest/collapse_bare.S.tmp
DELETED 4632 phase2_charge_design/09_mmtest/collapse_bare.SC0.gridx1.tmp
DELETED 4632 phase2_charge_design/09_mmtest/collapse_bare.SC0.gridx2.tmp
DELETED 4632 phase2_charge_design/09_mmtest/collapse_bare.SC0.gridx3.tmp
DELETED 648 phase2_charge_design/09_mmtest/collapse_bare.SHARK.KPRSCR.tmp
DELETED 5202 phase2_charge_design/09_mmtest/collapse_bare.SHARKINP.tmp
DELETED 4632 phase2_charge_design/09_mmtest/collapse_bare.SINV.gridx1_factor.tmp
DELETED 4632 phase2_charge_design/09_mmtest/collapse_bare.SINV.gridx2_factor.tmp
DELETED 4632 phase2_charge_design/09_mmtest/collapse_bare.SINV.gridx3_factor.tmp
DELETED 2424 phase2_charge_design/09_mmtest/collapse_bare.SM12.tmp
DELETED 2424 phase2_charge_design/09_mmtest/collapse_bare.SP12.tmp
DELETED 592 phase2_charge_design/09_mmtest/collapse_bare.SQRTVJ.tmp
DELETED 2424 phase2_charge_design/09_mmtest/collapse_bare.T.tmp
DELETED 2424 phase2_charge_design/09_mmtest/collapse_bare.V.tmp
DELETED 40352 phase2_charge_design/09_mmtest/collapse_bare.VAUXJ.tmp
DELETED 40352 phase2_charge_design/09_mmtest/collapse_bare.VCDJ.tmp
DELETED 2424 phase2_charge_design/09_mmtest/collapse_bare.VXC0.tmp
DELETED 672 phase2_charge_design/09_mmtest/collapse_bare.carthess
DELETED 988 phase2_charge_design/09_mmtest/collapse_bare.citations.tmp
DELETED 53193 phase2_charge_design/09_mmtest/collapse_bare.cpcm.tmp
DELETED 758936 phase2_charge_design/09_mmtest/collapse_bare.cpcm_achol.tmp
DELETED 9216 phase2_charge_design/09_mmtest/collapse_bare.densities
DELETED 12 phase2_charge_design/09_mmtest/collapse_bare.en.tmp
DELETED 900156 phase2_charge_design/09_mmtest/collapse_bare.gbw
DELETED 86 phase2_charge_design/09_mmtest/collapse_bare.ginp.tmp
DELETED 408384 phase2_charge_design/09_mmtest/collapse_bare.gpot0.tmp
DELETED 408384 phase2_charge_design/09_mmtest/collapse_bare.grho0.tmp
DELETED 823736 phase2_charge_design/09_mmtest/collapse_bare.grid.tmp
DELETED 102464 phase2_charge_design/09_mmtest/collapse_bare.gridx1.tmp
DELETED 216280 phase2_charge_design/09_mmtest/collapse_bare.gridx2.tmp
DELETED 480708 phase2_charge_design/09_mmtest/collapse_bare.gridx3.tmp
DELETED 4012 phase2_charge_design/09_mmtest/collapse_bare.int.tmp
DELETED 316 phase2_charge_design/09_mmtest/collapse_bare.inthess.tmp
DELETED 0 phase2_charge_design/09_mmtest/collapse_bare.opot0.tmp
DELETED 0 phase2_charge_design/09_mmtest/collapse_bare.orho0.tmp
DELETED 96 phase2_charge_design/09_mmtest/collapse_bare.refgeohess.tmp
DELETED 823736 phase2_charge_design/09_mmtest/collapse_bare.shark_grid.tmp
DELETED 2424 phase2_charge_design/09_mmtest/collapse_bare.vcpcm.tmp
DELETED 35344 phase2_charge_design/09_mmtest/fmt_bare.densities
DELETED 935176 phase2_charge_design/09_mmtest/fmt_bare.gbw
DELETED 9216 phase2_charge_design/09_mmtest/scan/bare_15.densities
DELETED 900156 phase2_charge_design/09_mmtest/scan/bare_15.gbw
DELETED 9216 phase2_charge_design/09_mmtest/scan/bare_18.densities
DELETED 900156 phase2_charge_design/09_mmtest/scan/bare_18.gbw
DELETED 9216 phase2_charge_design/09_mmtest/scan/bare_20.densities
DELETED 900156 phase2_charge_design/09_mmtest/scan/bare_20.gbw
DELETED 9216 phase2_charge_design/09_mmtest/scan/bare_22.densities
DELETED 900156 phase2_charge_design/09_mmtest/scan/bare_22.gbw
DELETED 9216 phase2_charge_design/09_mmtest/scan/bare_25.densities
DELETED 900156 phase2_charge_design/09_mmtest/scan/bare_25.gbw
DELETED 9216 phase2_charge_design/09_mmtest/scan/bare_30.densities
DELETED 900156 phase2_charge_design/09_mmtest/scan/bare_30.gbw
DELETED 9216 phase2_charge_design/09_mmtest/scan/bare_35.densities
DELETED 900156 phase2_charge_design/09_mmtest/scan/bare_35.gbw
DELETED 9216 phase2_charge_design/09_mmtest/scan/bare_40.densities
DELETED 900156 phase2_charge_design/09_mmtest/scan/bare_40.gbw
DELETED 9216 phase2_charge_design/09_mmtest/scan/cap_15.densities
DELETED 900414 phase2_charge_design/09_mmtest/scan/cap_15.gbw
DELETED 9216 phase2_charge_design/09_mmtest/scan/cap_18.densities
DELETED 900414 phase2_charge_design/09_mmtest/scan/cap_18.gbw
DELETED 9216 phase2_charge_design/09_mmtest/scan/cap_20.densities
DELETED 900414 phase2_charge_design/09_mmtest/scan/cap_20.gbw
DELETED 9216 phase2_charge_design/09_mmtest/scan/cap_22.densities
DELETED 900414 phase2_charge_design/09_mmtest/scan/cap_22.gbw
DELETED 9216 phase2_charge_design/09_mmtest/scan/cap_25.densities
DELETED 900414 phase2_charge_design/09_mmtest/scan/cap_25.gbw
DELETED 9216 phase2_charge_design/09_mmtest/scan/cap_30.densities
DELETED 900414 phase2_charge_design/09_mmtest/scan/cap_30.gbw
DELETED 9216 phase2_charge_design/09_mmtest/scan/cap_35.densities
DELETED 900414 phase2_charge_design/09_mmtest/scan/cap_35.gbw
DELETED 9216 phase2_charge_design/09_mmtest/scan/cap_40.densities
DELETED 900414 phase2_charge_design/09_mmtest/scan/cap_40.gbw
DELETED 9216 phase2_charge_design/09_mmtest/t.densities
DELETED 900691 phase2_charge_design/09_mmtest/t.gbw
DELETED 9216 phase2_charge_design/09_mmtest/w0.densities
DELETED 900156 phase2_charge_design/09_mmtest/w0.gbw
DELETED 9216 phase2_charge_design/09_mmtest/w1.densities
DELETED 900414 phase2_charge_design/09_mmtest/w1.gbw
DELETED 54 phase2_charge_design/09_mmtest/walled.H_DIST.prms.tmp
DELETED 988 phase2_charge_design/09_mmtest/walled.citations.tmp
DELETED 32 phase2_charge_design/09_mmtest/walled_MM.mmdim.tmp
DELETED 84 phase2_charge_design/09_mmtest/walled_MM.mmindex.tmp
DELETED 216 phase2_charge_design/09_mmtest/walled_MM.mmparam.tmp
DELETED 3168400 phase2_charge_design/10_surrogate/surr_ropt.densities
DELETED 2897096 phase2_charge_design/10_surrogate/surr_ropt.gbw
DELETED 139416 phase2_charge_design/10_surrogate/surr_ropt_ref.carthess
DELETED 3168400 phase2_charge_design/10_surrogate/surr_ropt_ref.densities
DELETED 2897096 phase2_charge_design/10_surrogate/surr_ropt_ref.gbw
DELETED 139416 phase2_charge_design/10_surrogate/surr_tsopt.carthess
DELETED 3168400 phase2_charge_design/10_surrogate/surr_tsopt.densities
DELETED 2897096 phase2_charge_design/10_surrogate/surr_tsopt.gbw
DELETED 3168400 phase2_charge_design/10_surrogate/surr_tsopt_ref.densities
DELETED 2897096 phase2_charge_design/10_surrogate/surr_tsopt_ref.gbw
DELETED 2585664 phase2b_charge_design/02_singlepoints/refstate_diagnostic/reactant_def2-SVPD_cpcm.densities
DELETED 2458976 phase2b_charge_design/02_singlepoints/refstate_diagnostic/reactant_def2-SVPD_cpcm.gbw
DELETED 2585664 phase2b_charge_design/02_singlepoints/refstate_diagnostic/reactant_def2-SVPD_cpcm78.densities
DELETED 2458976 phase2b_charge_design/02_singlepoints/refstate_diagnostic/reactant_def2-SVPD_cpcm78.gbw
DELETED 2585664 phase2b_charge_design/02_singlepoints/refstate_diagnostic/reactant_def2-SVPD_vac.densities
DELETED 2458976 phase2b_charge_design/02_singlepoints/refstate_diagnostic/reactant_def2-SVPD_vac.gbw
DELETED 1115136 phase2b_charge_design/02_singlepoints/refstate_diagnostic/reactant_def2-SVP_cpcm.densities
DELETED 1689120 phase2b_charge_design/02_singlepoints/refstate_diagnostic/reactant_def2-SVP_cpcm.gbw
DELETED 1115136 phase2b_charge_design/02_singlepoints/refstate_diagnostic/reactant_def2-SVP_cpcm78.densities
DELETED 1689120 phase2b_charge_design/02_singlepoints/refstate_diagnostic/reactant_def2-SVP_cpcm78.gbw
DELETED 1115136 phase2b_charge_design/02_singlepoints/refstate_diagnostic/reactant_def2-SVP_vac.densities
DELETED 1689120 phase2b_charge_design/02_singlepoints/refstate_diagnostic/reactant_def2-SVP_vac.gbw
DELETED 2585664 phase2b_charge_design/02_singlepoints/refstate_diagnostic/ts_def2-SVPD_cpcm.densities
DELETED 2458976 phase2b_charge_design/02_singlepoints/refstate_diagnostic/ts_def2-SVPD_cpcm.gbw
DELETED 2585664 phase2b_charge_design/02_singlepoints/refstate_diagnostic/ts_def2-SVPD_cpcm78.densities
DELETED 2458976 phase2b_charge_design/02_singlepoints/refstate_diagnostic/ts_def2-SVPD_cpcm78.gbw
DELETED 2585664 phase2b_charge_design/02_singlepoints/refstate_diagnostic/ts_def2-SVPD_vac.densities
DELETED 2458976 phase2b_charge_design/02_singlepoints/refstate_diagnostic/ts_def2-SVPD_vac.gbw
DELETED 1115136 phase2b_charge_design/02_singlepoints/refstate_diagnostic/ts_def2-SVP_cpcm.densities
DELETED 1689120 phase2b_charge_design/02_singlepoints/refstate_diagnostic/ts_def2-SVP_cpcm.gbw
DELETED 1115136 phase2b_charge_design/02_singlepoints/refstate_diagnostic/ts_def2-SVP_cpcm78.densities
DELETED 1689120 phase2b_charge_design/02_singlepoints/refstate_diagnostic/ts_def2-SVP_cpcm78.gbw
DELETED 1115136 phase2b_charge_design/02_singlepoints/refstate_diagnostic/ts_def2-SVP_vac.densities
DELETED 1689120 phase2b_charge_design/02_singlepoints/refstate_diagnostic/ts_def2-SVP_vac.gbw
DELETED 1115136 phase2b_charge_design/02_singlepoints/sp_product.densities
DELETED 1689120 phase2b_charge_design/02_singlepoints/sp_product.gbw
DELETED 1115136 phase2b_charge_design/02_singlepoints/sp_reactant.densities
DELETED 1689120 phase2b_charge_design/02_singlepoints/sp_reactant.gbw
DELETED 1115136 phase2b_charge_design/02_singlepoints/sp_ts.densities
DELETED 1689120 phase2b_charge_design/02_singlepoints/sp_ts.gbw
DELETED 58104 phase2b_charge_design/03_dvpot/sp_reactant.K.tmp
DELETED 58104 phase2b_charge_design/03_dvpot/sp_ts.K.tmp
DELETED 110912 phase2b_charge_design/03_dvpot/svpd_reactant.K.tmp
DELETED 2585664 phase2b_charge_design/03_dvpot/svpd_reactant.densities
DELETED 2458976 phase2b_charge_design/03_dvpot/svpd_reactant.gbw
DELETED 110912 phase2b_charge_design/03_dvpot/svpd_ts.K.tmp
DELETED 2585664 phase2b_charge_design/03_dvpot/svpd_ts.densities
DELETED 2458976 phase2b_charge_design/03_dvpot/svpd_ts.gbw
DELETED 58104 phase2b_charge_design/03_dvpot_v2/sp_reactant.K.tmp
DELETED 58104 phase2b_charge_design/03_dvpot_v2/sp_ts.K.tmp
DELETED 58104 phase2b_charge_design/04_grid/sp_reactant.K.tmp
DELETED 58104 phase2b_charge_design/04_grid/sp_ts.K.tmp
DELETED 557592 phase2b_charge_design/05b_optimise_realism/step3_higherK/orca.C0.tmp
DELETED 8 phase2b_charge_design/05b_optimise_realism/step3_higherK/orca.E.tmp
DELETED 5164232 phase2b_charge_design/05b_optimise_realism/step3_higherK/orca.EIJ.tmp
DELETED 279864 phase2b_charge_design/05b_optimise_realism/step3_higherK/orca.FAO0.tmp
DELETED 279864 phase2b_charge_design/05b_optimise_realism/step3_higherK/orca.FMO0.tmp
DELETED 279864 phase2b_charge_design/05b_optimise_realism/step3_higherK/orca.G0.tmp
DELETED 279864 phase2b_charge_design/05b_optimise_realism/step3_higherK/orca.H.tmp
DELETED 2177388 phase2b_charge_design/05b_optimise_realism/step3_higherK/orca.K.tmp
DELETED 557592 phase2b_charge_design/05b_optimise_realism/step3_higherK/orca.K0.tmp
DELETED 279864 phase2b_charge_design/05b_optimise_realism/step3_higherK/orca.P0.tmp
DELETED 7000 phase2b_charge_design/05b_optimise_realism/step3_higherK/orca.PAUX.tmp
DELETED 2271936 phase2b_charge_design/05b_optimise_realism/step3_higherK/orca.PDAT.tmp
DELETED 279864 phase2b_charge_design/05b_optimise_realism/step3_higherK/orca.PINP0.tmp
DELETED 279864 phase2b_charge_design/05b_optimise_realism/step3_higherK/orca.POLD0.tmp
DELETED 279864 phase2b_charge_design/05b_optimise_realism/step3_higherK/orca.S.tmp
DELETED 557592 phase2b_charge_design/05b_optimise_realism/step3_higherK/orca.SC0.gridx1.tmp
DELETED 557592 phase2b_charge_design/05b_optimise_realism/step3_higherK/orca.SC0.gridx2.tmp
DELETED 557592 phase2b_charge_design/05b_optimise_realism/step3_higherK/orca.SC0.gridx3.tmp
DELETED 58104 phase2b_charge_design/05b_optimise_realism/step3_higherK/orca.SHARK.KPRSCR.tmp
DELETED 45579 phase2b_charge_design/05b_optimise_realism/step3_higherK/orca.SHARKINP.tmp
DELETED 557592 phase2b_charge_design/05b_optimise_realism/step3_higherK/orca.SINV.gridx1_factor.tmp
DELETED 557592 phase2b_charge_design/05b_optimise_realism/step3_higherK/orca.SINV.gridx2_factor.tmp
DELETED 557592 phase2b_charge_design/05b_optimise_realism/step3_higherK/orca.SINV.gridx3_factor.tmp
DELETED 279864 phase2b_charge_design/05b_optimise_realism/step3_higherK/orca.SM12.tmp
DELETED 279864 phase2b_charge_design/05b_optimise_realism/step3_higherK/orca.SP12.tmp
DELETED 1752 phase2b_charge_design/05b_optimise_realism/step3_higherK/orca.SQRTVEXT.tmp
DELETED 7000 phase2b_charge_design/05b_optimise_realism/step3_higherK/orca.SQRTVJ.tmp
DELETED 279864 phase2b_charge_design/05b_optimise_realism/step3_higherK/orca.T.tmp
DELETED 279864 phase2b_charge_design/05b_optimise_realism/step3_higherK/orca.V.tmp
DELETED 6083096 phase2b_charge_design/05b_optimise_realism/step3_higherK/orca.VAUXJ.tmp
DELETED 6083096 phase2b_charge_design/05b_optimise_realism/step3_higherK/orca.VCDJ.tmp
DELETED 373272 phase2b_charge_design/05b_optimise_realism/step3_higherK/orca.VEXT.tmp
DELETED 373272 phase2b_charge_design/05b_optimise_realism/step3_higherK/orca.VM1EXT.tmp
DELETED 279864 phase2b_charge_design/05b_optimise_realism/step3_higherK/orca.VXC0.tmp
DELETED 988 phase2b_charge_design/05b_optimise_realism/step3_higherK/orca.citations.tmp
DELETED 359666 phase2b_charge_design/05b_optimise_realism/step3_higherK/orca.cpcm.tmp
DELETED 36057056 phase2b_charge_design/05b_optimise_realism/step3_higherK/orca.cpcm_achol.tmp
DELETED 557568 phase2b_charge_design/05b_optimise_realism/step3_higherK/orca.densities
DELETED 36 phase2b_charge_design/05b_optimise_realism/step3_higherK/orca.en.tmp
DELETED 1689120 phase2b_charge_design/05b_optimise_realism/step3_higherK/orca.gbw
DELETED 488192 phase2b_charge_design/05b_optimise_realism/step3_higherK/orca.gpot0.tmp
DELETED 487712 phase2b_charge_design/05b_optimise_realism/step3_higherK/orca.gpot1.tmp
DELETED 487232 phase2b_charge_design/05b_optimise_realism/step3_higherK/orca.gpot2.tmp
DELETED 486816 phase2b_charge_design/05b_optimise_realism/step3_higherK/orca.gpot3.tmp
DELETED 486304 phase2b_charge_design/05b_optimise_realism/step3_higherK/orca.gpot4.tmp
DELETED 485888 phase2b_charge_design/05b_optimise_realism/step3_higherK/orca.gpot5.tmp
DELETED 485216 phase2b_charge_design/05b_optimise_realism/step3_higherK/orca.gpot6.tmp
DELETED 484800 phase2b_charge_design/05b_optimise_realism/step3_higherK/orca.gpot7.tmp
DELETED 488192 phase2b_charge_design/05b_optimise_realism/step3_higherK/orca.grho0.tmp
DELETED 487712 phase2b_charge_design/05b_optimise_realism/step3_higherK/orca.grho1.tmp
DELETED 487232 phase2b_charge_design/05b_optimise_realism/step3_higherK/orca.grho2.tmp
DELETED 486816 phase2b_charge_design/05b_optimise_realism/step3_higherK/orca.grho3.tmp
DELETED 486304 phase2b_charge_design/05b_optimise_realism/step3_higherK/orca.grho4.tmp
DELETED 485888 phase2b_charge_design/05b_optimise_realism/step3_higherK/orca.grho5.tmp
DELETED 485216 phase2b_charge_design/05b_optimise_realism/step3_higherK/orca.grho6.tmp
DELETED 484800 phase2b_charge_design/05b_optimise_realism/step3_higherK/orca.grho7.tmp
DELETED 6287208 phase2b_charge_design/05b_optimise_realism/step3_higherK/orca.grid.tmp
DELETED 1161644 phase2b_charge_design/05b_optimise_realism/step3_higherK/orca.gridx1.tmp
DELETED 2474972 phase2b_charge_design/05b_optimise_realism/step3_higherK/orca.gridx2.tmp
DELETED 5320092 phase2b_charge_design/05b_optimise_realism/step3_higherK/orca.gridx3.tmp
DELETED 40485 phase2b_charge_design/05b_optimise_realism/step3_higherK/orca.int.tmp
DELETED 488192 phase2b_charge_design/05b_optimise_realism/step3_higherK/orca.opot0.tmp
DELETED 487712 phase2b_charge_design/05b_optimise_realism/step3_higherK/orca.opot1.tmp
DELETED 487232 phase2b_charge_design/05b_optimise_realism/step3_higherK/orca.opot2.tmp
DELETED 486816 phase2b_charge_design/05b_optimise_realism/step3_higherK/orca.opot3.tmp
DELETED 486304 phase2b_charge_design/05b_optimise_realism/step3_higherK/orca.opot4.tmp
DELETED 485888 phase2b_charge_design/05b_optimise_realism/step3_higherK/orca.opot5.tmp
DELETED 485216 phase2b_charge_design/05b_optimise_realism/step3_higherK/orca.opot6.tmp
DELETED 484800 phase2b_charge_design/05b_optimise_realism/step3_higherK/orca.opot7.tmp
DELETED 488192 phase2b_charge_design/05b_optimise_realism/step3_higherK/orca.orho0.tmp
DELETED 487712 phase2b_charge_design/05b_optimise_realism/step3_higherK/orca.orho1.tmp
DELETED 487232 phase2b_charge_design/05b_optimise_realism/step3_higherK/orca.orho2.tmp
DELETED 486816 phase2b_charge_design/05b_optimise_realism/step3_higherK/orca.orho3.tmp
DELETED 486304 phase2b_charge_design/05b_optimise_realism/step3_higherK/orca.orho4.tmp
DELETED 485888 phase2b_charge_design/05b_optimise_realism/step3_higherK/orca.orho5.tmp
DELETED 485216 phase2b_charge_design/05b_optimise_realism/step3_higherK/orca.orho6.tmp
DELETED 484800 phase2b_charge_design/05b_optimise_realism/step3_higherK/orca.orho7.tmp
DELETED 6287208 phase2b_charge_design/05b_optimise_realism/step3_higherK/orca.shark_grid.tmp
DELETED 279864 phase2b_charge_design/05b_optimise_realism/step3_higherK/orca.vcpcm.tmp
DELETED 1115136 phase2b_charge_design/05b_optimise_realism/step3_higherK/run_K10_aforce/orca.densities
DELETED 1689120 phase2b_charge_design/05b_optimise_realism/step3_higherK/run_K10_aforce/orca.gbw
DELETED 148704 phase2b_charge_design/05b_optimise_realism/step3_higherK/run_K10_aforce_r2scan/orca.B.24.tmp
DELETED 1119032 phase2b_charge_design/05b_optimise_realism/step3_higherK/run_K10_aforce_r2scan/orca.C0.tmp
DELETED 8 phase2b_charge_design/05b_optimise_realism/step3_higherK/run_K10_aforce_r2scan/orca.E.tmp
DELETED 6978584 phase2b_charge_design/05b_optimise_realism/step3_higherK/run_K10_aforce_r2scan/orca.EIJ.tmp
DELETED 561024 phase2b_charge_design/05b_optimise_realism/step3_higherK/run_K10_aforce_r2scan/orca.FAO0.tmp
DELETED 561024 phase2b_charge_design/05b_optimise_realism/step3_higherK/run_K10_aforce_r2scan/orca.FMO0.tmp
DELETED 561024 phase2b_charge_design/05b_optimise_realism/step3_higherK/run_K10_aforce_r2scan/orca.H.tmp
DELETED 2739340 phase2b_charge_design/05b_optimise_realism/step3_higherK/run_K10_aforce_r2scan/orca.K.tmp
DELETED 561024 phase2b_charge_design/05b_optimise_realism/step3_higherK/run_K10_aforce_r2scan/orca.P0.tmp
DELETED 3001196 phase2b_charge_design/05b_optimise_realism/step3_higherK/run_K10_aforce_r2scan/orca.PDAT.tmp
DELETED 561024 phase2b_charge_design/05b_optimise_realism/step3_higherK/run_K10_aforce_r2scan/orca.POLD0.tmp
DELETED 561024 phase2b_charge_design/05b_optimise_realism/step3_higherK/run_K10_aforce_r2scan/orca.S.tmp
DELETED 121824 phase2b_charge_design/05b_optimise_realism/step3_higherK/run_K10_aforce_r2scan/orca.SHARK.KPRSCR.tmp
DELETED 42583 phase2b_charge_design/05b_optimise_realism/step3_higherK/run_K10_aforce_r2scan/orca.SHARKINP.tmp
DELETED 561024 phase2b_charge_design/05b_optimise_realism/step3_higherK/run_K10_aforce_r2scan/orca.SM12.tmp
DELETED 561024 phase2b_charge_design/05b_optimise_realism/step3_higherK/run_K10_aforce_r2scan/orca.SP12.tmp
DELETED 1752 phase2b_charge_design/05b_optimise_realism/step3_higherK/run_K10_aforce_r2scan/orca.SQRTVEXT.tmp
DELETED 4568 phase2b_charge_design/05b_optimise_realism/step3_higherK/run_K10_aforce_r2scan/orca.SQRTVJ.tmp
DELETED 561024 phase2b_charge_design/05b_optimise_realism/step3_higherK/run_K10_aforce_r2scan/orca.T.tmp
DELETED 561024 phase2b_charge_design/05b_optimise_realism/step3_higherK/run_K10_aforce_r2scan/orca.V.tmp
DELETED 2581016 phase2b_charge_design/05b_optimise_realism/step3_higherK/run_K10_aforce_r2scan/orca.VAUXJ.tmp
DELETED 2581016 phase2b_charge_design/05b_optimise_realism/step3_higherK/run_K10_aforce_r2scan/orca.VCDJ.tmp
DELETED 373272 phase2b_charge_design/05b_optimise_realism/step3_higherK/run_K10_aforce_r2scan/orca.VEXT.tmp
DELETED 373272 phase2b_charge_design/05b_optimise_realism/step3_higherK/run_K10_aforce_r2scan/orca.VM1EXT.tmp
DELETED 561024 phase2b_charge_design/05b_optimise_realism/step3_higherK/run_K10_aforce_r2scan/orca.VXC0.tmp
DELETED 988 phase2b_charge_design/05b_optimise_realism/step3_higherK/run_K10_aforce_r2scan/orca.citations.tmp
DELETED 424520 phase2b_charge_design/05b_optimise_realism/step3_higherK/run_K10_aforce_r2scan/orca.cpcm.tmp
DELETED 50360672 phase2b_charge_design/05b_optimise_realism/step3_higherK/run_K10_aforce_r2scan/orca.cpcm_achol.tmp
DELETED 2238016 phase2b_charge_design/05b_optimise_realism/step3_higherK/run_K10_aforce_r2scan/orca.densities
DELETED 12 phase2b_charge_design/05b_optimise_realism/step3_higherK/run_K10_aforce_r2scan/orca.en.tmp
DELETED 2260736 phase2b_charge_design/05b_optimise_realism/step3_higherK/run_K10_aforce_r2scan/orca.gbw
DELETED 624600 phase2b_charge_design/05b_optimise_realism/step3_higherK/run_K10_aforce_r2scan/orca.gpot0.tmp
DELETED 624120 phase2b_charge_design/05b_optimise_realism/step3_higherK/run_K10_aforce_r2scan/orca.gpot1.tmp
DELETED 623400 phase2b_charge_design/05b_optimise_realism/step3_higherK/run_K10_aforce_r2scan/orca.gpot2.tmp
DELETED 622800 phase2b_charge_design/05b_optimise_realism/step3_higherK/run_K10_aforce_r2scan/orca.gpot3.tmp
DELETED 622280 phase2b_charge_design/05b_optimise_realism/step3_higherK/run_K10_aforce_r2scan/orca.gpot4.tmp
DELETED 621600 phase2b_charge_design/05b_optimise_realism/step3_higherK/run_K10_aforce_r2scan/orca.gpot5.tmp
DELETED 620840 phase2b_charge_design/05b_optimise_realism/step3_higherK/run_K10_aforce_r2scan/orca.gpot6.tmp
DELETED 620240 phase2b_charge_design/05b_optimise_realism/step3_higherK/run_K10_aforce_r2scan/orca.gpot7.tmp
DELETED 624600 phase2b_charge_design/05b_optimise_realism/step3_higherK/run_K10_aforce_r2scan/orca.grho0.tmp
DELETED 624120 phase2b_charge_design/05b_optimise_realism/step3_higherK/run_K10_aforce_r2scan/orca.grho1.tmp
DELETED 623400 phase2b_charge_design/05b_optimise_realism/step3_higherK/run_K10_aforce_r2scan/orca.grho2.tmp
DELETED 622800 phase2b_charge_design/05b_optimise_realism/step3_higherK/run_K10_aforce_r2scan/orca.grho3.tmp
DELETED 622280 phase2b_charge_design/05b_optimise_realism/step3_higherK/run_K10_aforce_r2scan/orca.grho4.tmp
DELETED 621600 phase2b_charge_design/05b_optimise_realism/step3_higherK/run_K10_aforce_r2scan/orca.grho5.tmp
DELETED 620840 phase2b_charge_design/05b_optimise_realism/step3_higherK/run_K10_aforce_r2scan/orca.grho6.tmp
DELETED 620240 phase2b_charge_design/05b_optimise_realism/step3_higherK/run_K10_aforce_r2scan/orca.grho7.tmp
DELETED 10130724 phase2b_charge_design/05b_optimise_realism/step3_higherK/run_K10_aforce_r2scan/orca.grid.tmp
DELETED 37511 phase2b_charge_design/05b_optimise_realism/step3_higherK/run_K10_aforce_r2scan/orca.int.tmp
DELETED 0 phase2b_charge_design/05b_optimise_realism/step3_higherK/run_K10_aforce_r2scan/orca.opot0.tmp
DELETED 0 phase2b_charge_design/05b_optimise_realism/step3_higherK/run_K10_aforce_r2scan/orca.opot1.tmp
DELETED 0 phase2b_charge_design/05b_optimise_realism/step3_higherK/run_K10_aforce_r2scan/orca.opot2.tmp
DELETED 0 phase2b_charge_design/05b_optimise_realism/step3_higherK/run_K10_aforce_r2scan/orca.opot3.tmp
DELETED 0 phase2b_charge_design/05b_optimise_realism/step3_higherK/run_K10_aforce_r2scan/orca.opot4.tmp
DELETED 0 phase2b_charge_design/05b_optimise_realism/step3_higherK/run_K10_aforce_r2scan/orca.opot5.tmp
DELETED 0 phase2b_charge_design/05b_optimise_realism/step3_higherK/run_K10_aforce_r2scan/orca.opot6.tmp
DELETED 0 phase2b_charge_design/05b_optimise_realism/step3_higherK/run_K10_aforce_r2scan/orca.opot7.tmp
DELETED 0 phase2b_charge_design/05b_optimise_realism/step3_higherK/run_K10_aforce_r2scan/orca.orho0.tmp
DELETED 0 phase2b_charge_design/05b_optimise_realism/step3_higherK/run_K10_aforce_r2scan/orca.orho1.tmp
DELETED 0 phase2b_charge_design/05b_optimise_realism/step3_higherK/run_K10_aforce_r2scan/orca.orho2.tmp
DELETED 0 phase2b_charge_design/05b_optimise_realism/step3_higherK/run_K10_aforce_r2scan/orca.orho3.tmp
DELETED 0 phase2b_charge_design/05b_optimise_realism/step3_higherK/run_K10_aforce_r2scan/orca.orho4.tmp
DELETED 0 phase2b_charge_design/05b_optimise_realism/step3_higherK/run_K10_aforce_r2scan/orca.orho5.tmp
DELETED 0 phase2b_charge_design/05b_optimise_realism/step3_higherK/run_K10_aforce_r2scan/orca.orho6.tmp
DELETED 0 phase2b_charge_design/05b_optimise_realism/step3_higherK/run_K10_aforce_r2scan/orca.orho7.tmp
DELETED 10130724 phase2b_charge_design/05b_optimise_realism/step3_higherK/run_K10_aforce_r2scan/orca.shark_grid.tmp
DELETED 561024 phase2b_charge_design/05b_optimise_realism/step3_higherK/run_K10_aforce_r2scan/orca.vcpcm.tmp
DELETED 1115136 phase2b_charge_design/05b_optimise_realism/step3_higherK/run_K10_apot/orca.densities
DELETED 1689120 phase2b_charge_design/05b_optimise_realism/step3_higherK/run_K10_apot/orca.gbw
DELETED 2238016 phase2b_charge_design/05b_optimise_realism/step3_higherK/run_K10_apot_r2scan/orca.densities
DELETED 2260736 phase2b_charge_design/05b_optimise_realism/step3_higherK/run_K10_apot_r2scan/orca.gbw
DELETED 1115136 phase2b_charge_design/05b_optimise_realism/step3_higherK/run_K6_aforce/orca.densities
DELETED 1689120 phase2b_charge_design/05b_optimise_realism/step3_higherK/run_K6_aforce/orca.gbw
DELETED 2238016 phase2b_charge_design/05b_optimise_realism/step3_higherK/run_K6_aforce_r2scan/orca.densities
DELETED 2260736 phase2b_charge_design/05b_optimise_realism/step3_higherK/run_K6_aforce_r2scan/orca.gbw
DELETED 1115136 phase2b_charge_design/05b_optimise_realism/step3_higherK/run_K6_apot/orca.densities
DELETED 1689120 phase2b_charge_design/05b_optimise_realism/step3_higherK/run_K6_apot/orca.gbw
DELETED 2238016 phase2b_charge_design/05b_optimise_realism/step3_higherK/run_K6_apot_r2scan/orca.densities
DELETED 2260736 phase2b_charge_design/05b_optimise_realism/step3_higherK/run_K6_apot_r2scan/orca.gbw
DELETED 1115136 phase2b_charge_design/05b_optimise_realism/step3_k2_mu100/orca.densities
DELETED 1689120 phase2b_charge_design/05b_optimise_realism/step3_k2_mu100/orca.gbw
DELETED 1115136 phase2b_charge_design/05b_optimise_realism/step3_k2_mu100_aforce/orca.densities
DELETED 1689120 phase2b_charge_design/05b_optimise_realism/step3_k2_mu100_aforce/orca.gbw
DELETED 1115136 phase2b_charge_design/05c_cradle/02_relax/run_K2aforce/orca.densities
DELETED 1689120 phase2b_charge_design/05c_cradle/02_relax/run_K2aforce/orca.gbw
DELETED 1115136 phase2b_charge_design/05c_cradle/02_relax/run_K6apot/orca.densities
DELETED 1689120 phase2b_charge_design/05c_cradle/02_relax/run_K6apot/orca.gbw
DELETED 557592 phase2b_charge_design/05d_shell_ladder/relax/orca.C0.tmp
DELETED 8 phase2b_charge_design/05d_shell_ladder/relax/orca.E.tmp
DELETED 4982680 phase2b_charge_design/05d_shell_ladder/relax/orca.EIJ.tmp
DELETED 279864 phase2b_charge_design/05d_shell_ladder/relax/orca.FAO0.tmp
DELETED 279864 phase2b_charge_design/05d_shell_ladder/relax/orca.FMO0.tmp
DELETED 279864 phase2b_charge_design/05d_shell_ladder/relax/orca.G0.tmp
DELETED 279864 phase2b_charge_design/05d_shell_ladder/relax/orca.H.tmp
DELETED 2132324 phase2b_charge_design/05d_shell_ladder/relax/orca.K.tmp
DELETED 557592 phase2b_charge_design/05d_shell_ladder/relax/orca.K0.tmp
DELETED 279864 phase2b_charge_design/05d_shell_ladder/relax/orca.P0.tmp
DELETED 7000 phase2b_charge_design/05d_shell_ladder/relax/orca.PAUX.tmp
DELETED 2226548 phase2b_charge_design/05d_shell_ladder/relax/orca.PDAT.tmp
DELETED 279864 phase2b_charge_design/05d_shell_ladder/relax/orca.PINP0.tmp
DELETED 279864 phase2b_charge_design/05d_shell_ladder/relax/orca.POLD0.tmp
DELETED 279864 phase2b_charge_design/05d_shell_ladder/relax/orca.S.tmp
DELETED 557592 phase2b_charge_design/05d_shell_ladder/relax/orca.SC0.gridx1.tmp
DELETED 557592 phase2b_charge_design/05d_shell_ladder/relax/orca.SC0.gridx2.tmp
DELETED 557592 phase2b_charge_design/05d_shell_ladder/relax/orca.SC0.gridx3.tmp
DELETED 58104 phase2b_charge_design/05d_shell_ladder/relax/orca.SHARK.KPRSCR.tmp
DELETED 45579 phase2b_charge_design/05d_shell_ladder/relax/orca.SHARKINP.tmp
DELETED 557592 phase2b_charge_design/05d_shell_ladder/relax/orca.SINV.gridx1_factor.tmp
DELETED 557592 phase2b_charge_design/05d_shell_ladder/relax/orca.SINV.gridx2_factor.tmp
DELETED 557592 phase2b_charge_design/05d_shell_ladder/relax/orca.SINV.gridx3_factor.tmp
DELETED 279864 phase2b_charge_design/05d_shell_ladder/relax/orca.SM12.tmp
DELETED 279864 phase2b_charge_design/05d_shell_ladder/relax/orca.SP12.tmp
DELETED 1752 phase2b_charge_design/05d_shell_ladder/relax/orca.SQRTVEXT.tmp
DELETED 7000 phase2b_charge_design/05d_shell_ladder/relax/orca.SQRTVJ.tmp
DELETED 279864 phase2b_charge_design/05d_shell_ladder/relax/orca.T.tmp
DELETED 279864 phase2b_charge_design/05d_shell_ladder/relax/orca.V.tmp
DELETED 6083096 phase2b_charge_design/05d_shell_ladder/relax/orca.VAUXJ.tmp
DELETED 6083096 phase2b_charge_design/05d_shell_ladder/relax/orca.VCDJ.tmp
DELETED 373272 phase2b_charge_design/05d_shell_ladder/relax/orca.VEXT.tmp
DELETED 373272 phase2b_charge_design/05d_shell_ladder/relax/orca.VM1EXT.tmp
DELETED 279864 phase2b_charge_design/05d_shell_ladder/relax/orca.VXC0.tmp
DELETED 988 phase2b_charge_design/05d_shell_ladder/relax/orca.citations.tmp
DELETED 363530 phase2b_charge_design/05d_shell_ladder/relax/orca.cpcm.tmp
DELETED 36842552 phase2b_charge_design/05d_shell_ladder/relax/orca.cpcm_achol.tmp
DELETED 557568 phase2b_charge_design/05d_shell_ladder/relax/orca.densities
DELETED 12 phase2b_charge_design/05d_shell_ladder/relax/orca.en.tmp
DELETED 1689120 phase2b_charge_design/05d_shell_ladder/relax/orca.gbw
DELETED 488832 phase2b_charge_design/05d_shell_ladder/relax/orca.gpot0.tmp
DELETED 488256 phase2b_charge_design/05d_shell_ladder/relax/orca.gpot1.tmp
DELETED 487776 phase2b_charge_design/05d_shell_ladder/relax/orca.gpot2.tmp
DELETED 487136 phase2b_charge_design/05d_shell_ladder/relax/orca.gpot3.tmp
DELETED 486688 phase2b_charge_design/05d_shell_ladder/relax/orca.gpot4.tmp
DELETED 485984 phase2b_charge_design/05d_shell_ladder/relax/orca.gpot5.tmp
DELETED 485696 phase2b_charge_design/05d_shell_ladder/relax/orca.gpot6.tmp
DELETED 485312 phase2b_charge_design/05d_shell_ladder/relax/orca.gpot7.tmp
DELETED 488832 phase2b_charge_design/05d_shell_ladder/relax/orca.grho0.tmp
DELETED 488256 phase2b_charge_design/05d_shell_ladder/relax/orca.grho1.tmp
DELETED 487776 phase2b_charge_design/05d_shell_ladder/relax/orca.grho2.tmp
DELETED 487136 phase2b_charge_design/05d_shell_ladder/relax/orca.grho3.tmp
DELETED 486688 phase2b_charge_design/05d_shell_ladder/relax/orca.grho4.tmp
DELETED 485984 phase2b_charge_design/05d_shell_ladder/relax/orca.grho5.tmp
DELETED 485696 phase2b_charge_design/05d_shell_ladder/relax/orca.grho6.tmp
DELETED 485312 phase2b_charge_design/05d_shell_ladder/relax/orca.grho7.tmp
DELETED 10056216 phase2b_charge_design/05d_shell_ladder/relax/orca.grid.tmp
DELETED 1161584 phase2b_charge_design/05d_shell_ladder/relax/orca.gridx1.tmp
DELETED 2464672 phase2b_charge_design/05d_shell_ladder/relax/orca.gridx2.tmp
DELETED 5300900 phase2b_charge_design/05d_shell_ladder/relax/orca.gridx3.tmp
DELETED 40485 phase2b_charge_design/05d_shell_ladder/relax/orca.int.tmp
DELETED 488832 phase2b_charge_design/05d_shell_ladder/relax/orca.opot0.tmp
DELETED 488256 phase2b_charge_design/05d_shell_ladder/relax/orca.opot1.tmp
DELETED 487776 phase2b_charge_design/05d_shell_ladder/relax/orca.opot2.tmp
DELETED 487136 phase2b_charge_design/05d_shell_ladder/relax/orca.opot3.tmp
DELETED 486688 phase2b_charge_design/05d_shell_ladder/relax/orca.opot4.tmp
DELETED 485984 phase2b_charge_design/05d_shell_ladder/relax/orca.opot5.tmp
DELETED 485696 phase2b_charge_design/05d_shell_ladder/relax/orca.opot6.tmp
DELETED 485312 phase2b_charge_design/05d_shell_ladder/relax/orca.opot7.tmp
DELETED 488832 phase2b_charge_design/05d_shell_ladder/relax/orca.orho0.tmp
DELETED 488256 phase2b_charge_design/05d_shell_ladder/relax/orca.orho1.tmp
DELETED 487776 phase2b_charge_design/05d_shell_ladder/relax/orca.orho2.tmp
DELETED 487136 phase2b_charge_design/05d_shell_ladder/relax/orca.orho3.tmp
DELETED 486688 phase2b_charge_design/05d_shell_ladder/relax/orca.orho4.tmp
DELETED 485984 phase2b_charge_design/05d_shell_ladder/relax/orca.orho5.tmp
DELETED 485696 phase2b_charge_design/05d_shell_ladder/relax/orca.orho6.tmp
DELETED 485312 phase2b_charge_design/05d_shell_ladder/relax/orca.orho7.tmp
DELETED 10056216 phase2b_charge_design/05d_shell_ladder/relax/orca.shark_grid.tmp
DELETED 279864 phase2b_charge_design/05d_shell_ladder/relax/orca.vcpcm.tmp
DELETED 1115136 phase2b_charge_design/05d_shell_ladder/relax/run_barr7p4_ts/orca.densities
DELETED 1689120 phase2b_charge_design/05d_shell_ladder/relax/run_barr7p4_ts/orca.gbw
DELETED 1115136 phase2b_charge_design/05d_shell_ladder/relax/run_barr8_ts/orca.densities
DELETED 1689120 phase2b_charge_design/05d_shell_ladder/relax/run_barr8_ts/orca.gbw
DELETED 1115136 phase2b_charge_design/05d_shell_ladder/relax/run_barr_10p0/orca.densities
DELETED 1689120 phase2b_charge_design/05d_shell_ladder/relax/run_barr_10p0/orca.gbw
DELETED 1115136 phase2b_charge_design/05d_shell_ladder/relax/run_barr_11p0/orca.densities
DELETED 1689120 phase2b_charge_design/05d_shell_ladder/relax/run_barr_11p0/orca.gbw
DELETED 1115136 phase2b_charge_design/05d_shell_ladder/relax/run_barr_12p0/orca.densities
DELETED 1689120 phase2b_charge_design/05d_shell_ladder/relax/run_barr_12p0/orca.gbw
DELETED 1115136 phase2b_charge_design/05d_shell_ladder/relax/run_barr_13p0/orca.densities
DELETED 1689120 phase2b_charge_design/05d_shell_ladder/relax/run_barr_13p0/orca.gbw
DELETED 1115136 phase2b_charge_design/05d_shell_ladder/relax/run_barr_14p0/orca.densities
DELETED 1689120 phase2b_charge_design/05d_shell_ladder/relax/run_barr_14p0/orca.gbw
DELETED 1115136 phase2b_charge_design/05d_shell_ladder/relax/run_barr_15p0/orca.densities
DELETED 1689120 phase2b_charge_design/05d_shell_ladder/relax/run_barr_15p0/orca.gbw
DELETED 1115136 phase2b_charge_design/05d_shell_ladder/relax/run_barr_2p0/orca.densities
DELETED 1689120 phase2b_charge_design/05d_shell_ladder/relax/run_barr_2p0/orca.gbw
DELETED 1115136 phase2b_charge_design/05d_shell_ladder/relax/run_barr_3p0/orca.densities
DELETED 1689120 phase2b_charge_design/05d_shell_ladder/relax/run_barr_3p0/orca.gbw
DELETED 1115136 phase2b_charge_design/05d_shell_ladder/relax/run_barr_4p0/orca.densities
DELETED 1689120 phase2b_charge_design/05d_shell_ladder/relax/run_barr_4p0/orca.gbw
DELETED 557592 phase2b_charge_design/05d_shell_ladder/relax/run_barr_5p0/orca.C0.tmp
DELETED 8 phase2b_charge_design/05d_shell_ladder/relax/run_barr_5p0/orca.E.tmp
DELETED 3015848 phase2b_charge_design/05d_shell_ladder/relax/run_barr_5p0/orca.EIJ.tmp
DELETED 279864 phase2b_charge_design/05d_shell_ladder/relax/run_barr_5p0/orca.FAO0.tmp
DELETED 279864 phase2b_charge_design/05d_shell_ladder/relax/run_barr_5p0/orca.FMO0.tmp
DELETED 279864 phase2b_charge_design/05d_shell_ladder/relax/run_barr_5p0/orca.H.tmp
DELETED 1289772 phase2b_charge_design/05d_shell_ladder/relax/run_barr_5p0/orca.K.tmp
DELETED 557592 phase2b_charge_design/05d_shell_ladder/relax/run_barr_5p0/orca.K0.tmp
DELETED 279864 phase2b_charge_design/05d_shell_ladder/relax/run_barr_5p0/orca.P0.tmp
DELETED 1296828 phase2b_charge_design/05d_shell_ladder/relax/run_barr_5p0/orca.PDAT.tmp
DELETED 279864 phase2b_charge_design/05d_shell_ladder/relax/run_barr_5p0/orca.POLD0.tmp
DELETED 279864 phase2b_charge_design/05d_shell_ladder/relax/run_barr_5p0/orca.S.tmp
DELETED 557592 phase2b_charge_design/05d_shell_ladder/relax/run_barr_5p0/orca.SC0.gridx1.tmp
DELETED 557592 phase2b_charge_design/05d_shell_ladder/relax/run_barr_5p0/orca.SC0.gridx2.tmp
DELETED 557592 phase2b_charge_design/05d_shell_ladder/relax/run_barr_5p0/orca.SC0.gridx3.tmp
DELETED 58104 phase2b_charge_design/05d_shell_ladder/relax/run_barr_5p0/orca.SHARK.KPRSCR.tmp
DELETED 45579 phase2b_charge_design/05d_shell_ladder/relax/run_barr_5p0/orca.SHARKINP.tmp
DELETED 557592 phase2b_charge_design/05d_shell_ladder/relax/run_barr_5p0/orca.SINV.gridx1_factor.tmp
DELETED 557592 phase2b_charge_design/05d_shell_ladder/relax/run_barr_5p0/orca.SINV.gridx2_factor.tmp
DELETED 557592 phase2b_charge_design/05d_shell_ladder/relax/run_barr_5p0/orca.SINV.gridx3_factor.tmp
DELETED 279864 phase2b_charge_design/05d_shell_ladder/relax/run_barr_5p0/orca.SM12.tmp
DELETED 279864 phase2b_charge_design/05d_shell_ladder/relax/run_barr_5p0/orca.SP12.tmp
DELETED 1752 phase2b_charge_design/05d_shell_ladder/relax/run_barr_5p0/orca.SQRTVEXT.tmp
DELETED 7000 phase2b_charge_design/05d_shell_ladder/relax/run_barr_5p0/orca.SQRTVJ.tmp
DELETED 279864 phase2b_charge_design/05d_shell_ladder/relax/run_barr_5p0/orca.T.tmp
DELETED 279864 phase2b_charge_design/05d_shell_ladder/relax/run_barr_5p0/orca.V.tmp
DELETED 6083096 phase2b_charge_design/05d_shell_ladder/relax/run_barr_5p0/orca.VAUXJ.tmp
DELETED 6083096 phase2b_charge_design/05d_shell_ladder/relax/run_barr_5p0/orca.VCDJ.tmp
DELETED 373272 phase2b_charge_design/05d_shell_ladder/relax/run_barr_5p0/orca.VEXT.tmp
DELETED 373272 phase2b_charge_design/05d_shell_ladder/relax/run_barr_5p0/orca.VM1EXT.tmp
DELETED 279864 phase2b_charge_design/05d_shell_ladder/relax/run_barr_5p0/orca.VXC0.tmp
DELETED 988 phase2b_charge_design/05d_shell_ladder/relax/run_barr_5p0/orca.citations.tmp
DELETED 481138 phase2b_charge_design/05d_shell_ladder/relax/run_barr_5p0/orca.cpcm.tmp
DELETED 64797752 phase2b_charge_design/05d_shell_ladder/relax/run_barr_5p0/orca.cpcm_achol.tmp
DELETED 1115136 phase2b_charge_design/05d_shell_ladder/relax/run_barr_5p0/orca.densities
DELETED 12 phase2b_charge_design/05d_shell_ladder/relax/run_barr_5p0/orca.en.tmp
DELETED 1689120 phase2b_charge_design/05d_shell_ladder/relax/run_barr_5p0/orca.gbw
DELETED 494432 phase2b_charge_design/05d_shell_ladder/relax/run_barr_5p0/orca.gpot0.tmp
DELETED 493824 phase2b_charge_design/05d_shell_ladder/relax/run_barr_5p0/orca.gpot1.tmp
DELETED 493312 phase2b_charge_design/05d_shell_ladder/relax/run_barr_5p0/orca.gpot2.tmp
DELETED 492896 phase2b_charge_design/05d_shell_ladder/relax/run_barr_5p0/orca.gpot3.tmp
DELETED 492544 phase2b_charge_design/05d_shell_ladder/relax/run_barr_5p0/orca.gpot4.tmp
DELETED 491808 phase2b_charge_design/05d_shell_ladder/relax/run_barr_5p0/orca.gpot5.tmp
DELETED 491264 phase2b_charge_design/05d_shell_ladder/relax/run_barr_5p0/orca.gpot6.tmp
DELETED 490848 phase2b_charge_design/05d_shell_ladder/relax/run_barr_5p0/orca.gpot7.tmp
DELETED 494432 phase2b_charge_design/05d_shell_ladder/relax/run_barr_5p0/orca.grho0.tmp
DELETED 493824 phase2b_charge_design/05d_shell_ladder/relax/run_barr_5p0/orca.grho1.tmp
DELETED 493312 phase2b_charge_design/05d_shell_ladder/relax/run_barr_5p0/orca.grho2.tmp
DELETED 492896 phase2b_charge_design/05d_shell_ladder/relax/run_barr_5p0/orca.grho3.tmp
DELETED 492544 phase2b_charge_design/05d_shell_ladder/relax/run_barr_5p0/orca.grho4.tmp
DELETED 491808 phase2b_charge_design/05d_shell_ladder/relax/run_barr_5p0/orca.grho5.tmp
DELETED 491264 phase2b_charge_design/05d_shell_ladder/relax/run_barr_5p0/orca.grho6.tmp
DELETED 490848 phase2b_charge_design/05d_shell_ladder/relax/run_barr_5p0/orca.grho7.tmp
DELETED 9117296 phase2b_charge_design/05d_shell_ladder/relax/run_barr_5p0/orca.grid.tmp
DELETED 1085068 phase2b_charge_design/05d_shell_ladder/relax/run_barr_5p0/orca.gridx1.tmp
DELETED 2391892 phase2b_charge_design/05d_shell_ladder/relax/run_barr_5p0/orca.gridx2.tmp
DELETED 5195124 phase2b_charge_design/05d_shell_ladder/relax/run_barr_5p0/orca.gridx3.tmp
DELETED 40485 phase2b_charge_design/05d_shell_ladder/relax/run_barr_5p0/orca.int.tmp
DELETED 0 phase2b_charge_design/05d_shell_ladder/relax/run_barr_5p0/orca.opot0.tmp
DELETED 0 phase2b_charge_design/05d_shell_ladder/relax/run_barr_5p0/orca.opot1.tmp
DELETED 0 phase2b_charge_design/05d_shell_ladder/relax/run_barr_5p0/orca.opot2.tmp
DELETED 0 phase2b_charge_design/05d_shell_ladder/relax/run_barr_5p0/orca.opot3.tmp
DELETED 0 phase2b_charge_design/05d_shell_ladder/relax/run_barr_5p0/orca.opot4.tmp
DELETED 0 phase2b_charge_design/05d_shell_ladder/relax/run_barr_5p0/orca.opot5.tmp
DELETED 0 phase2b_charge_design/05d_shell_ladder/relax/run_barr_5p0/orca.opot6.tmp
DELETED 0 phase2b_charge_design/05d_shell_ladder/relax/run_barr_5p0/orca.opot7.tmp
DELETED 0 phase2b_charge_design/05d_shell_ladder/relax/run_barr_5p0/orca.orho0.tmp
DELETED 0 phase2b_charge_design/05d_shell_ladder/relax/run_barr_5p0/orca.orho1.tmp
DELETED 0 phase2b_charge_design/05d_shell_ladder/relax/run_barr_5p0/orca.orho2.tmp
DELETED 0 phase2b_charge_design/05d_shell_ladder/relax/run_barr_5p0/orca.orho3.tmp
DELETED 0 phase2b_charge_design/05d_shell_ladder/relax/run_barr_5p0/orca.orho4.tmp
DELETED 0 phase2b_charge_design/05d_shell_ladder/relax/run_barr_5p0/orca.orho5.tmp
DELETED 0 phase2b_charge_design/05d_shell_ladder/relax/run_barr_5p0/orca.orho6.tmp
DELETED 0 phase2b_charge_design/05d_shell_ladder/relax/run_barr_5p0/orca.orho7.tmp
DELETED 9117296 phase2b_charge_design/05d_shell_ladder/relax/run_barr_5p0/orca.shark_grid.tmp
DELETED 279864 phase2b_charge_design/05d_shell_ladder/relax/run_barr_5p0/orca.vcpcm.tmp
DELETED 1115136 phase2b_charge_design/05d_shell_ladder/relax/run_barr_6p0/orca.densities
DELETED 1689120 phase2b_charge_design/05d_shell_ladder/relax/run_barr_6p0/orca.gbw
DELETED 1115136 phase2b_charge_design/05d_shell_ladder/relax/run_barr_7p0/orca.densities
DELETED 1689120 phase2b_charge_design/05d_shell_ladder/relax/run_barr_7p0/orca.gbw
DELETED 1115136 phase2b_charge_design/05d_shell_ladder/relax/run_barr_7p1/orca.densities
DELETED 1689120 phase2b_charge_design/05d_shell_ladder/relax/run_barr_7p1/orca.gbw
DELETED 1115136 phase2b_charge_design/05d_shell_ladder/relax/run_barr_7p2/orca.densities
DELETED 1689120 phase2b_charge_design/05d_shell_ladder/relax/run_barr_7p2/orca.gbw
DELETED 1115136 phase2b_charge_design/05d_shell_ladder/relax/run_barr_7p3/orca.densities
DELETED 1689120 phase2b_charge_design/05d_shell_ladder/relax/run_barr_7p3/orca.gbw
DELETED 1115136 phase2b_charge_design/05d_shell_ladder/relax/run_barr_7p4/orca.densities
DELETED 1689120 phase2b_charge_design/05d_shell_ladder/relax/run_barr_7p4/orca.gbw
DELETED 1115136 phase2b_charge_design/05d_shell_ladder/relax/run_barr_7p5/orca.densities
DELETED 1689120 phase2b_charge_design/05d_shell_ladder/relax/run_barr_7p5/orca.gbw
DELETED 1115136 phase2b_charge_design/05d_shell_ladder/relax/run_barr_7p6/orca.densities
DELETED 1689120 phase2b_charge_design/05d_shell_ladder/relax/run_barr_7p6/orca.gbw
DELETED 1115136 phase2b_charge_design/05d_shell_ladder/relax/run_barr_7p7/orca.densities
DELETED 1689120 phase2b_charge_design/05d_shell_ladder/relax/run_barr_7p7/orca.gbw
DELETED 1115136 phase2b_charge_design/05d_shell_ladder/relax/run_barr_7p8/orca.densities
DELETED 1689120 phase2b_charge_design/05d_shell_ladder/relax/run_barr_7p8/orca.gbw
DELETED 1115136 phase2b_charge_design/05d_shell_ladder/relax/run_barr_7p9/orca.densities
DELETED 1689120 phase2b_charge_design/05d_shell_ladder/relax/run_barr_7p9/orca.gbw
DELETED 557592 phase2b_charge_design/05d_shell_ladder/relax/run_barr_8p0/orca.C0.tmp
DELETED 8 phase2b_charge_design/05d_shell_ladder/relax/run_barr_8p0/orca.E.tmp
DELETED 3282120 phase2b_charge_design/05d_shell_ladder/relax/run_barr_8p0/orca.EIJ.tmp
DELETED 279864 phase2b_charge_design/05d_shell_ladder/relax/run_barr_8p0/orca.FAO0.tmp
DELETED 279864 phase2b_charge_design/05d_shell_ladder/relax/run_barr_8p0/orca.FMO0.tmp
DELETED 279864 phase2b_charge_design/05d_shell_ladder/relax/run_barr_8p0/orca.H.tmp
DELETED 1374780 phase2b_charge_design/05d_shell_ladder/relax/run_barr_8p0/orca.K.tmp
DELETED 557592 phase2b_charge_design/05d_shell_ladder/relax/run_barr_8p0/orca.K0.tmp
DELETED 279864 phase2b_charge_design/05d_shell_ladder/relax/run_barr_8p0/orca.P0.tmp
DELETED 1361016 phase2b_charge_design/05d_shell_ladder/relax/run_barr_8p0/orca.PDAT.tmp
DELETED 279864 phase2b_charge_design/05d_shell_ladder/relax/run_barr_8p0/orca.POLD0.tmp
DELETED 279864 phase2b_charge_design/05d_shell_ladder/relax/run_barr_8p0/orca.S.tmp
DELETED 557592 phase2b_charge_design/05d_shell_ladder/relax/run_barr_8p0/orca.SC0.gridx1.tmp
DELETED 557592 phase2b_charge_design/05d_shell_ladder/relax/run_barr_8p0/orca.SC0.gridx2.tmp
DELETED 557592 phase2b_charge_design/05d_shell_ladder/relax/run_barr_8p0/orca.SC0.gridx3.tmp
DELETED 58104 phase2b_charge_design/05d_shell_ladder/relax/run_barr_8p0/orca.SHARK.KPRSCR.tmp
DELETED 45579 phase2b_charge_design/05d_shell_ladder/relax/run_barr_8p0/orca.SHARKINP.tmp
DELETED 557592 phase2b_charge_design/05d_shell_ladder/relax/run_barr_8p0/orca.SINV.gridx1_factor.tmp
DELETED 557592 phase2b_charge_design/05d_shell_ladder/relax/run_barr_8p0/orca.SINV.gridx2_factor.tmp
DELETED 557592 phase2b_charge_design/05d_shell_ladder/relax/run_barr_8p0/orca.SINV.gridx3_factor.tmp
DELETED 279864 phase2b_charge_design/05d_shell_ladder/relax/run_barr_8p0/orca.SM12.tmp
DELETED 279864 phase2b_charge_design/05d_shell_ladder/relax/run_barr_8p0/orca.SP12.tmp
DELETED 1752 phase2b_charge_design/05d_shell_ladder/relax/run_barr_8p0/orca.SQRTVEXT.tmp
DELETED 7000 phase2b_charge_design/05d_shell_ladder/relax/run_barr_8p0/orca.SQRTVJ.tmp
DELETED 279864 phase2b_charge_design/05d_shell_ladder/relax/run_barr_8p0/orca.T.tmp
DELETED 279864 phase2b_charge_design/05d_shell_ladder/relax/run_barr_8p0/orca.V.tmp
DELETED 6083096 phase2b_charge_design/05d_shell_ladder/relax/run_barr_8p0/orca.VAUXJ.tmp
DELETED 6083096 phase2b_charge_design/05d_shell_ladder/relax/run_barr_8p0/orca.VCDJ.tmp
DELETED 373272 phase2b_charge_design/05d_shell_ladder/relax/run_barr_8p0/orca.VEXT.tmp
DELETED 373272 phase2b_charge_design/05d_shell_ladder/relax/run_barr_8p0/orca.VM1EXT.tmp
DELETED 279864 phase2b_charge_design/05d_shell_ladder/relax/run_barr_8p0/orca.VXC0.tmp
DELETED 988 phase2b_charge_design/05d_shell_ladder/relax/run_barr_8p0/orca.citations.tmp
DELETED 413250 phase2b_charge_design/05d_shell_ladder/relax/run_barr_8p0/orca.cpcm.tmp
DELETED 47706936 phase2b_charge_design/05d_shell_ladder/relax/run_barr_8p0/orca.cpcm_achol.tmp
DELETED 1115136 phase2b_charge_design/05d_shell_ladder/relax/run_barr_8p0/orca.densities
DELETED 12 phase2b_charge_design/05d_shell_ladder/relax/run_barr_8p0/orca.en.tmp
DELETED 1689120 phase2b_charge_design/05d_shell_ladder/relax/run_barr_8p0/orca.gbw
DELETED 492928 phase2b_charge_design/05d_shell_ladder/relax/run_barr_8p0/orca.gpot0.tmp
DELETED 492352 phase2b_charge_design/05d_shell_ladder/relax/run_barr_8p0/orca.gpot1.tmp
DELETED 491904 phase2b_charge_design/05d_shell_ladder/relax/run_barr_8p0/orca.gpot2.tmp
DELETED 491488 phase2b_charge_design/05d_shell_ladder/relax/run_barr_8p0/orca.gpot3.tmp
DELETED 491040 phase2b_charge_design/05d_shell_ladder/relax/run_barr_8p0/orca.gpot4.tmp
DELETED 490368 phase2b_charge_design/05d_shell_ladder/relax/run_barr_8p0/orca.gpot5.tmp
DELETED 490016 phase2b_charge_design/05d_shell_ladder/relax/run_barr_8p0/orca.gpot6.tmp
DELETED 489536 phase2b_charge_design/05d_shell_ladder/relax/run_barr_8p0/orca.gpot7.tmp
DELETED 492928 phase2b_charge_design/05d_shell_ladder/relax/run_barr_8p0/orca.grho0.tmp
DELETED 492352 phase2b_charge_design/05d_shell_ladder/relax/run_barr_8p0/orca.grho1.tmp
DELETED 491904 phase2b_charge_design/05d_shell_ladder/relax/run_barr_8p0/orca.grho2.tmp
DELETED 491488 phase2b_charge_design/05d_shell_ladder/relax/run_barr_8p0/orca.grho3.tmp
DELETED 491040 phase2b_charge_design/05d_shell_ladder/relax/run_barr_8p0/orca.grho4.tmp
DELETED 490368 phase2b_charge_design/05d_shell_ladder/relax/run_barr_8p0/orca.grho5.tmp
DELETED 490016 phase2b_charge_design/05d_shell_ladder/relax/run_barr_8p0/orca.grho6.tmp
DELETED 489536 phase2b_charge_design/05d_shell_ladder/relax/run_barr_8p0/orca.grho7.tmp
DELETED 9222180 phase2b_charge_design/05d_shell_ladder/relax/run_barr_8p0/orca.grid.tmp
DELETED 1087716 phase2b_charge_design/05d_shell_ladder/relax/run_barr_8p0/orca.gridx1.tmp
DELETED 2386360 phase2b_charge_design/05d_shell_ladder/relax/run_barr_8p0/orca.gridx2.tmp
DELETED 5190660 phase2b_charge_design/05d_shell_ladder/relax/run_barr_8p0/orca.gridx3.tmp
DELETED 40485 phase2b_charge_design/05d_shell_ladder/relax/run_barr_8p0/orca.int.tmp
DELETED 0 phase2b_charge_design/05d_shell_ladder/relax/run_barr_8p0/orca.opot0.tmp
DELETED 0 phase2b_charge_design/05d_shell_ladder/relax/run_barr_8p0/orca.opot1.tmp
DELETED 0 phase2b_charge_design/05d_shell_ladder/relax/run_barr_8p0/orca.opot2.tmp
DELETED 0 phase2b_charge_design/05d_shell_ladder/relax/run_barr_8p0/orca.opot3.tmp
DELETED 0 phase2b_charge_design/05d_shell_ladder/relax/run_barr_8p0/orca.opot4.tmp
DELETED 0 phase2b_charge_design/05d_shell_ladder/relax/run_barr_8p0/orca.opot5.tmp
DELETED 0 phase2b_charge_design/05d_shell_ladder/relax/run_barr_8p0/orca.opot6.tmp
DELETED 0 phase2b_charge_design/05d_shell_ladder/relax/run_barr_8p0/orca.opot7.tmp
DELETED 0 phase2b_charge_design/05d_shell_ladder/relax/run_barr_8p0/orca.orho0.tmp
DELETED 0 phase2b_charge_design/05d_shell_ladder/relax/run_barr_8p0/orca.orho1.tmp
DELETED 0 phase2b_charge_design/05d_shell_ladder/relax/run_barr_8p0/orca.orho2.tmp
DELETED 0 phase2b_charge_design/05d_shell_ladder/relax/run_barr_8p0/orca.orho3.tmp
DELETED 0 phase2b_charge_design/05d_shell_ladder/relax/run_barr_8p0/orca.orho4.tmp
DELETED 0 phase2b_charge_design/05d_shell_ladder/relax/run_barr_8p0/orca.orho5.tmp
DELETED 0 phase2b_charge_design/05d_shell_ladder/relax/run_barr_8p0/orca.orho6.tmp
DELETED 0 phase2b_charge_design/05d_shell_ladder/relax/run_barr_8p0/orca.orho7.tmp
DELETED 9222180 phase2b_charge_design/05d_shell_ladder/relax/run_barr_8p0/orca.shark_grid.tmp
DELETED 279864 phase2b_charge_design/05d_shell_ladder/relax/run_barr_8p0/orca.vcpcm.tmp
DELETED 1115136 phase2b_charge_design/05d_shell_ladder/relax/run_barr_8p1/orca.densities
DELETED 1689120 phase2b_charge_design/05d_shell_ladder/relax/run_barr_8p1/orca.gbw
DELETED 1115136 phase2b_charge_design/05d_shell_ladder/relax/run_barr_8p2/orca.densities
DELETED 1689120 phase2b_charge_design/05d_shell_ladder/relax/run_barr_8p2/orca.gbw
DELETED 1115136 phase2b_charge_design/05d_shell_ladder/relax/run_barr_8p3/orca.densities
DELETED 1689120 phase2b_charge_design/05d_shell_ladder/relax/run_barr_8p3/orca.gbw
DELETED 1115136 phase2b_charge_design/05d_shell_ladder/relax/run_barr_8p4/orca.densities
DELETED 1689120 phase2b_charge_design/05d_shell_ladder/relax/run_barr_8p4/orca.gbw
DELETED 1115136 phase2b_charge_design/05d_shell_ladder/relax/run_barr_8p5/orca.densities
DELETED 1689120 phase2b_charge_design/05d_shell_ladder/relax/run_barr_8p5/orca.gbw
DELETED 1115136 phase2b_charge_design/05d_shell_ladder/relax/run_barr_8p6/orca.densities
DELETED 1689120 phase2b_charge_design/05d_shell_ladder/relax/run_barr_8p6/orca.gbw
DELETED 1115136 phase2b_charge_design/05d_shell_ladder/relax/run_barr_8p7/orca.densities
DELETED 1689120 phase2b_charge_design/05d_shell_ladder/relax/run_barr_8p7/orca.gbw
DELETED 1115136 phase2b_charge_design/05d_shell_ladder/relax/run_barr_8p8/orca.densities
DELETED 1689120 phase2b_charge_design/05d_shell_ladder/relax/run_barr_8p8/orca.gbw
DELETED 1115136 phase2b_charge_design/05d_shell_ladder/relax/run_barr_8p9/orca.densities
DELETED 1689120 phase2b_charge_design/05d_shell_ladder/relax/run_barr_8p9/orca.gbw
DELETED 1115136 phase2b_charge_design/05d_shell_ladder/relax/run_barr_9p0/orca.densities
DELETED 1689120 phase2b_charge_design/05d_shell_ladder/relax/run_barr_9p0/orca.gbw
DELETED 1115136 phase2b_charge_design/05d_shell_ladder/relax/run_ctrl_bare/orca.densities
DELETED 1689120 phase2b_charge_design/05d_shell_ladder/relax/run_ctrl_bare/orca.gbw
DELETED 1115136 phase2b_charge_design/05d_shell_ladder/relax/run_ctrl_shell2/orca.densities
DELETED 1689120 phase2b_charge_design/05d_shell_ladder/relax/run_ctrl_shell2/orca.gbw
DELETED 1689120 phase2b_charge_design/05d_shell_ladder/relax/run_nebP_12p0/image_0/current_image0.gbw
DELETED 1115136 phase2b_charge_design/05d_shell_ladder/relax/run_nebP_12p0/image_0/orca.densities
DELETED 1689120 phase2b_charge_design/05d_shell_ladder/relax/run_nebP_12p0/image_0/orca.gbw
DELETED 1689120 phase2b_charge_design/05d_shell_ladder/relax/run_nebP_12p0/image_1/current_image1.gbw
DELETED 1115136 phase2b_charge_design/05d_shell_ladder/relax/run_nebP_12p0/image_1/orca.densities
DELETED 1689120 phase2b_charge_design/05d_shell_ladder/relax/run_nebP_12p0/image_1/orca.gbw
DELETED 1689120 phase2b_charge_design/05d_shell_ladder/relax/run_nebP_12p0/image_10/current_image10.gbw
DELETED 1115136 phase2b_charge_design/05d_shell_ladder/relax/run_nebP_12p0/image_10/orca.densities
DELETED 1689120 phase2b_charge_design/05d_shell_ladder/relax/run_nebP_12p0/image_10/orca.gbw
DELETED 1689120 phase2b_charge_design/05d_shell_ladder/relax/run_nebP_12p0/image_11/current_image11.gbw
DELETED 1115136 phase2b_charge_design/05d_shell_ladder/relax/run_nebP_12p0/image_11/orca.densities
DELETED 1689120 phase2b_charge_design/05d_shell_ladder/relax/run_nebP_12p0/image_11/orca.gbw
DELETED 1689120 phase2b_charge_design/05d_shell_ladder/relax/run_nebP_12p0/image_12/current_image12.gbw
DELETED 1115136 phase2b_charge_design/05d_shell_ladder/relax/run_nebP_12p0/image_12/orca.densities
DELETED 1689120 phase2b_charge_design/05d_shell_ladder/relax/run_nebP_12p0/image_12/orca.gbw
DELETED 1689120 phase2b_charge_design/05d_shell_ladder/relax/run_nebP_12p0/image_13/current_image13.gbw
DELETED 1115136 phase2b_charge_design/05d_shell_ladder/relax/run_nebP_12p0/image_13/orca.densities
DELETED 1689120 phase2b_charge_design/05d_shell_ladder/relax/run_nebP_12p0/image_13/orca.gbw
DELETED 1689120 phase2b_charge_design/05d_shell_ladder/relax/run_nebP_12p0/image_2/current_image2.gbw
DELETED 1115136 phase2b_charge_design/05d_shell_ladder/relax/run_nebP_12p0/image_2/orca.densities
DELETED 1689120 phase2b_charge_design/05d_shell_ladder/relax/run_nebP_12p0/image_2/orca.gbw
DELETED 1689120 phase2b_charge_design/05d_shell_ladder/relax/run_nebP_12p0/image_3/current_image3.gbw
DELETED 1115136 phase2b_charge_design/05d_shell_ladder/relax/run_nebP_12p0/image_3/orca.densities
DELETED 1689120 phase2b_charge_design/05d_shell_ladder/relax/run_nebP_12p0/image_3/orca.gbw
DELETED 1689120 phase2b_charge_design/05d_shell_ladder/relax/run_nebP_12p0/image_4/current_image4.gbw
DELETED 1115136 phase2b_charge_design/05d_shell_ladder/relax/run_nebP_12p0/image_4/orca.densities
DELETED 1689120 phase2b_charge_design/05d_shell_ladder/relax/run_nebP_12p0/image_4/orca.gbw
DELETED 1689120 phase2b_charge_design/05d_shell_ladder/relax/run_nebP_12p0/image_5/current_image5.gbw
DELETED 1115136 phase2b_charge_design/05d_shell_ladder/relax/run_nebP_12p0/image_5/orca.densities
DELETED 1689120 phase2b_charge_design/05d_shell_ladder/relax/run_nebP_12p0/image_5/orca.gbw
DELETED 1689120 phase2b_charge_design/05d_shell_ladder/relax/run_nebP_12p0/image_6/current_image6.gbw
DELETED 1115136 phase2b_charge_design/05d_shell_ladder/relax/run_nebP_12p0/image_6/orca.densities
DELETED 1689120 phase2b_charge_design/05d_shell_ladder/relax/run_nebP_12p0/image_6/orca.gbw
DELETED 1689120 phase2b_charge_design/05d_shell_ladder/relax/run_nebP_12p0/image_7/current_image7.gbw
DELETED 1115136 phase2b_charge_design/05d_shell_ladder/relax/run_nebP_12p0/image_7/orca.densities
DELETED 1689120 phase2b_charge_design/05d_shell_ladder/relax/run_nebP_12p0/image_7/orca.gbw
DELETED 1689120 phase2b_charge_design/05d_shell_ladder/relax/run_nebP_12p0/image_8/current_image8.gbw
DELETED 1115136 phase2b_charge_design/05d_shell_ladder/relax/run_nebP_12p0/image_8/orca.densities
DELETED 1689120 phase2b_charge_design/05d_shell_ladder/relax/run_nebP_12p0/image_8/orca.gbw
DELETED 1689120 phase2b_charge_design/05d_shell_ladder/relax/run_nebP_12p0/image_9/current_image9.gbw
DELETED 1115136 phase2b_charge_design/05d_shell_ladder/relax/run_nebP_12p0/image_9/orca.densities
DELETED 1689120 phase2b_charge_design/05d_shell_ladder/relax/run_nebP_12p0/image_9/orca.gbw
DELETED 1689120 phase2b_charge_design/05d_shell_ladder/relax/run_nebP_13p0/image_0/current_image0.gbw
DELETED 1115136 phase2b_charge_design/05d_shell_ladder/relax/run_nebP_13p0/image_0/orca.densities
DELETED 1689120 phase2b_charge_design/05d_shell_ladder/relax/run_nebP_13p0/image_0/orca.gbw
DELETED 1689120 phase2b_charge_design/05d_shell_ladder/relax/run_nebP_13p0/image_1/current_image1.gbw
DELETED 1115136 phase2b_charge_design/05d_shell_ladder/relax/run_nebP_13p0/image_1/orca.densities
DELETED 1689120 phase2b_charge_design/05d_shell_ladder/relax/run_nebP_13p0/image_1/orca.gbw
DELETED 1689120 phase2b_charge_design/05d_shell_ladder/relax/run_nebP_13p0/image_10/current_image10.gbw
DELETED 1115136 phase2b_charge_design/05d_shell_ladder/relax/run_nebP_13p0/image_10/orca.densities
DELETED 1689120 phase2b_charge_design/05d_shell_ladder/relax/run_nebP_13p0/image_10/orca.gbw
DELETED 1689120 phase2b_charge_design/05d_shell_ladder/relax/run_nebP_13p0/image_11/current_image11.gbw
DELETED 1115136 phase2b_charge_design/05d_shell_ladder/relax/run_nebP_13p0/image_11/orca.densities
DELETED 1689120 phase2b_charge_design/05d_shell_ladder/relax/run_nebP_13p0/image_11/orca.gbw
DELETED 1689120 phase2b_charge_design/05d_shell_ladder/relax/run_nebP_13p0/image_12/current_image12.gbw
DELETED 1115136 phase2b_charge_design/05d_shell_ladder/relax/run_nebP_13p0/image_12/orca.densities
DELETED 1689120 phase2b_charge_design/05d_shell_ladder/relax/run_nebP_13p0/image_12/orca.gbw
DELETED 1689120 phase2b_charge_design/05d_shell_ladder/relax/run_nebP_13p0/image_13/current_image13.gbw
DELETED 1115136 phase2b_charge_design/05d_shell_ladder/relax/run_nebP_13p0/image_13/orca.densities
DELETED 1689120 phase2b_charge_design/05d_shell_ladder/relax/run_nebP_13p0/image_13/orca.gbw
DELETED 1689120 phase2b_charge_design/05d_shell_ladder/relax/run_nebP_13p0/image_2/current_image2.gbw
DELETED 1115136 phase2b_charge_design/05d_shell_ladder/relax/run_nebP_13p0/image_2/orca.densities
DELETED 1689120 phase2b_charge_design/05d_shell_ladder/relax/run_nebP_13p0/image_2/orca.gbw
DELETED 1689120 phase2b_charge_design/05d_shell_ladder/relax/run_nebP_13p0/image_3/current_image3.gbw
DELETED 1115136 phase2b_charge_design/05d_shell_ladder/relax/run_nebP_13p0/image_3/orca.densities
DELETED 1689120 phase2b_charge_design/05d_shell_ladder/relax/run_nebP_13p0/image_3/orca.gbw
DELETED 1689120 phase2b_charge_design/05d_shell_ladder/relax/run_nebP_13p0/image_4/current_image4.gbw
DELETED 1115136 phase2b_charge_design/05d_shell_ladder/relax/run_nebP_13p0/image_4/orca.densities
DELETED 1689120 phase2b_charge_design/05d_shell_ladder/relax/run_nebP_13p0/image_4/orca.gbw
DELETED 1689120 phase2b_charge_design/05d_shell_ladder/relax/run_nebP_13p0/image_5/current_image5.gbw
DELETED 1115136 phase2b_charge_design/05d_shell_ladder/relax/run_nebP_13p0/image_5/orca.densities
DELETED 1689120 phase2b_charge_design/05d_shell_ladder/relax/run_nebP_13p0/image_5/orca.gbw
DELETED 1689120 phase2b_charge_design/05d_shell_ladder/relax/run_nebP_13p0/image_6/current_image6.gbw
DELETED 1115136 phase2b_charge_design/05d_shell_ladder/relax/run_nebP_13p0/image_6/orca.densities
DELETED 1689120 phase2b_charge_design/05d_shell_ladder/relax/run_nebP_13p0/image_6/orca.gbw
DELETED 1689120 phase2b_charge_design/05d_shell_ladder/relax/run_nebP_13p0/image_7/current_image7.gbw
DELETED 1115136 phase2b_charge_design/05d_shell_ladder/relax/run_nebP_13p0/image_7/orca.densities
DELETED 1689120 phase2b_charge_design/05d_shell_ladder/relax/run_nebP_13p0/image_7/orca.gbw
DELETED 1689120 phase2b_charge_design/05d_shell_ladder/relax/run_nebP_13p0/image_8/current_image8.gbw
DELETED 1115136 phase2b_charge_design/05d_shell_ladder/relax/run_nebP_13p0/image_8/orca.densities
DELETED 1689120 phase2b_charge_design/05d_shell_ladder/relax/run_nebP_13p0/image_8/orca.gbw
DELETED 1689120 phase2b_charge_design/05d_shell_ladder/relax/run_nebP_13p0/image_9/current_image9.gbw
DELETED 1115136 phase2b_charge_design/05d_shell_ladder/relax/run_nebP_13p0/image_9/orca.densities
DELETED 1689120 phase2b_charge_design/05d_shell_ladder/relax/run_nebP_13p0/image_9/orca.gbw
DELETED 1689120 phase2b_charge_design/05d_shell_ladder/relax/run_nebP_15p0/image_0/current_image0.gbw
DELETED 1115136 phase2b_charge_design/05d_shell_ladder/relax/run_nebP_15p0/image_0/orca.densities
DELETED 1689120 phase2b_charge_design/05d_shell_ladder/relax/run_nebP_15p0/image_0/orca.gbw
DELETED 1689120 phase2b_charge_design/05d_shell_ladder/relax/run_nebP_15p0/image_1/current_image1.gbw
DELETED 1115136 phase2b_charge_design/05d_shell_ladder/relax/run_nebP_15p0/image_1/orca.densities
DELETED 1689120 phase2b_charge_design/05d_shell_ladder/relax/run_nebP_15p0/image_1/orca.gbw
DELETED 1689120 phase2b_charge_design/05d_shell_ladder/relax/run_nebP_15p0/image_10/current_image10.gbw
DELETED 1115136 phase2b_charge_design/05d_shell_ladder/relax/run_nebP_15p0/image_10/orca.densities
DELETED 1689120 phase2b_charge_design/05d_shell_ladder/relax/run_nebP_15p0/image_10/orca.gbw
DELETED 1689120 phase2b_charge_design/05d_shell_ladder/relax/run_nebP_15p0/image_11/current_image11.gbw
DELETED 1115136 phase2b_charge_design/05d_shell_ladder/relax/run_nebP_15p0/image_11/orca.densities
DELETED 1689120 phase2b_charge_design/05d_shell_ladder/relax/run_nebP_15p0/image_11/orca.gbw
DELETED 1689120 phase2b_charge_design/05d_shell_ladder/relax/run_nebP_15p0/image_12/current_image12.gbw
DELETED 1115136 phase2b_charge_design/05d_shell_ladder/relax/run_nebP_15p0/image_12/orca.densities
DELETED 1689120 phase2b_charge_design/05d_shell_ladder/relax/run_nebP_15p0/image_12/orca.gbw
DELETED 1689120 phase2b_charge_design/05d_shell_ladder/relax/run_nebP_15p0/image_13/current_image13.gbw
DELETED 1115136 phase2b_charge_design/05d_shell_ladder/relax/run_nebP_15p0/image_13/orca.densities
DELETED 1689120 phase2b_charge_design/05d_shell_ladder/relax/run_nebP_15p0/image_13/orca.gbw
DELETED 1689120 phase2b_charge_design/05d_shell_ladder/relax/run_nebP_15p0/image_2/current_image2.gbw
DELETED 1115136 phase2b_charge_design/05d_shell_ladder/relax/run_nebP_15p0/image_2/orca.densities
DELETED 1689120 phase2b_charge_design/05d_shell_ladder/relax/run_nebP_15p0/image_2/orca.gbw
DELETED 1689120 phase2b_charge_design/05d_shell_ladder/relax/run_nebP_15p0/image_3/current_image3.gbw
DELETED 1115136 phase2b_charge_design/05d_shell_ladder/relax/run_nebP_15p0/image_3/orca.densities
DELETED 1689120 phase2b_charge_design/05d_shell_ladder/relax/run_nebP_15p0/image_3/orca.gbw
DELETED 1689120 phase2b_charge_design/05d_shell_ladder/relax/run_nebP_15p0/image_4/current_image4.gbw
DELETED 1115136 phase2b_charge_design/05d_shell_ladder/relax/run_nebP_15p0/image_4/orca.densities
DELETED 1689120 phase2b_charge_design/05d_shell_ladder/relax/run_nebP_15p0/image_4/orca.gbw
DELETED 1689120 phase2b_charge_design/05d_shell_ladder/relax/run_nebP_15p0/image_5/current_image5.gbw
DELETED 1115136 phase2b_charge_design/05d_shell_ladder/relax/run_nebP_15p0/image_5/orca.densities
DELETED 1689120 phase2b_charge_design/05d_shell_ladder/relax/run_nebP_15p0/image_5/orca.gbw
DELETED 1689120 phase2b_charge_design/05d_shell_ladder/relax/run_nebP_15p0/image_6/current_image6.gbw
DELETED 1115136 phase2b_charge_design/05d_shell_ladder/relax/run_nebP_15p0/image_6/orca.densities
DELETED 1689120 phase2b_charge_design/05d_shell_ladder/relax/run_nebP_15p0/image_6/orca.gbw
DELETED 1689120 phase2b_charge_design/05d_shell_ladder/relax/run_nebP_15p0/image_7/current_image7.gbw
DELETED 1115136 phase2b_charge_design/05d_shell_ladder/relax/run_nebP_15p0/image_7/orca.densities
DELETED 1689120 phase2b_charge_design/05d_shell_ladder/relax/run_nebP_15p0/image_7/orca.gbw
DELETED 1689120 phase2b_charge_design/05d_shell_ladder/relax/run_nebP_15p0/image_8/current_image8.gbw
DELETED 1115136 phase2b_charge_design/05d_shell_ladder/relax/run_nebP_15p0/image_8/orca.densities
DELETED 1689120 phase2b_charge_design/05d_shell_ladder/relax/run_nebP_15p0/image_8/orca.gbw
DELETED 1689120 phase2b_charge_design/05d_shell_ladder/relax/run_nebP_15p0/image_9/current_image9.gbw
DELETED 1115136 phase2b_charge_design/05d_shell_ladder/relax/run_nebP_15p0/image_9/orca.densities
DELETED 1689120 phase2b_charge_design/05d_shell_ladder/relax/run_nebP_15p0/image_9/orca.gbw
DELETED 1689120 phase2b_charge_design/05d_shell_ladder/relax/run_nebP_7p1/image_0/current_image0.gbw
DELETED 1115136 phase2b_charge_design/05d_shell_ladder/relax/run_nebP_7p1/image_0/orca.densities
DELETED 1689120 phase2b_charge_design/05d_shell_ladder/relax/run_nebP_7p1/image_0/orca.gbw
DELETED 1689120 phase2b_charge_design/05d_shell_ladder/relax/run_nebP_7p1/image_1/current_image1.gbw
DELETED 1115136 phase2b_charge_design/05d_shell_ladder/relax/run_nebP_7p1/image_1/orca.densities
DELETED 1689120 phase2b_charge_design/05d_shell_ladder/relax/run_nebP_7p1/image_1/orca.gbw
DELETED 1689120 phase2b_charge_design/05d_shell_ladder/relax/run_nebP_7p1/image_10/current_image10.gbw
DELETED 1115136 phase2b_charge_design/05d_shell_ladder/relax/run_nebP_7p1/image_10/orca.densities
DELETED 1689120 phase2b_charge_design/05d_shell_ladder/relax/run_nebP_7p1/image_10/orca.gbw
DELETED 1689120 phase2b_charge_design/05d_shell_ladder/relax/run_nebP_7p1/image_11/current_image11.gbw
DELETED 1115136 phase2b_charge_design/05d_shell_ladder/relax/run_nebP_7p1/image_11/orca.densities
DELETED 1689120 phase2b_charge_design/05d_shell_ladder/relax/run_nebP_7p1/image_11/orca.gbw
DELETED 1689120 phase2b_charge_design/05d_shell_ladder/relax/run_nebP_7p1/image_12/current_image12.gbw
DELETED 1115136 phase2b_charge_design/05d_shell_ladder/relax/run_nebP_7p1/image_12/orca.densities
DELETED 1689120 phase2b_charge_design/05d_shell_ladder/relax/run_nebP_7p1/image_12/orca.gbw
DELETED 1689120 phase2b_charge_design/05d_shell_ladder/relax/run_nebP_7p1/image_13/current_image13.gbw
DELETED 1115136 phase2b_charge_design/05d_shell_ladder/relax/run_nebP_7p1/image_13/orca.densities
DELETED 1689120 phase2b_charge_design/05d_shell_ladder/relax/run_nebP_7p1/image_13/orca.gbw
DELETED 1689120 phase2b_charge_design/05d_shell_ladder/relax/run_nebP_7p1/image_2/current_image2.gbw
DELETED 1115136 phase2b_charge_design/05d_shell_ladder/relax/run_nebP_7p1/image_2/orca.densities
DELETED 1689120 phase2b_charge_design/05d_shell_ladder/relax/run_nebP_7p1/image_2/orca.gbw
DELETED 1689120 phase2b_charge_design/05d_shell_ladder/relax/run_nebP_7p1/image_3/current_image3.gbw
DELETED 1115136 phase2b_charge_design/05d_shell_ladder/relax/run_nebP_7p1/image_3/orca.densities
DELETED 1689120 phase2b_charge_design/05d_shell_ladder/relax/run_nebP_7p1/image_3/orca.gbw
DELETED 1689120 phase2b_charge_design/05d_shell_ladder/relax/run_nebP_7p1/image_4/current_image4.gbw
DELETED 1115136 phase2b_charge_design/05d_shell_ladder/relax/run_nebP_7p1/image_4/orca.densities
DELETED 1689120 phase2b_charge_design/05d_shell_ladder/relax/run_nebP_7p1/image_4/orca.gbw
DELETED 1689120 phase2b_charge_design/05d_shell_ladder/relax/run_nebP_7p1/image_5/current_image5.gbw
DELETED 1115136 phase2b_charge_design/05d_shell_ladder/relax/run_nebP_7p1/image_5/orca.densities
DELETED 1689120 phase2b_charge_design/05d_shell_ladder/relax/run_nebP_7p1/image_5/orca.gbw
DELETED 1689120 phase2b_charge_design/05d_shell_ladder/relax/run_nebP_7p1/image_6/current_image6.gbw
DELETED 1115136 phase2b_charge_design/05d_shell_ladder/relax/run_nebP_7p1/image_6/orca.densities
DELETED 1689120 phase2b_charge_design/05d_shell_ladder/relax/run_nebP_7p1/image_6/orca.gbw
DELETED 1689120 phase2b_charge_design/05d_shell_ladder/relax/run_nebP_7p1/image_7/current_image7.gbw
DELETED 1115136 phase2b_charge_design/05d_shell_ladder/relax/run_nebP_7p1/image_7/orca.densities
DELETED 1689120 phase2b_charge_design/05d_shell_ladder/relax/run_nebP_7p1/image_7/orca.gbw
DELETED 1689120 phase2b_charge_design/05d_shell_ladder/relax/run_nebP_7p1/image_8/current_image8.gbw
DELETED 1115136 phase2b_charge_design/05d_shell_ladder/relax/run_nebP_7p1/image_8/orca.densities
DELETED 1689120 phase2b_charge_design/05d_shell_ladder/relax/run_nebP_7p1/image_8/orca.gbw
DELETED 1689120 phase2b_charge_design/05d_shell_ladder/relax/run_nebP_7p1/image_9/current_image9.gbw
DELETED 1115136 phase2b_charge_design/05d_shell_ladder/relax/run_nebP_7p1/image_9/orca.densities
DELETED 1689120 phase2b_charge_design/05d_shell_ladder/relax/run_nebP_7p1/image_9/orca.gbw
DELETED 1115136 phase2b_charge_design/05d_shell_ladder/relax/run_nebP_7p3/Numfreq_dir/orca.densities
DELETED 1689120 phase2b_charge_design/05d_shell_ladder/relax/run_nebP_7p3/Numfreq_dir/orca.gbw
DELETED 1689120 phase2b_charge_design/05d_shell_ladder/relax/run_nebP_7p3/image_0/current_image0.gbw
DELETED 1115136 phase2b_charge_design/05d_shell_ladder/relax/run_nebP_7p3/image_0/orca.densities
DELETED 1689120 phase2b_charge_design/05d_shell_ladder/relax/run_nebP_7p3/image_0/orca.gbw
DELETED 1689120 phase2b_charge_design/05d_shell_ladder/relax/run_nebP_7p3/image_1/current_image1.gbw
DELETED 1115136 phase2b_charge_design/05d_shell_ladder/relax/run_nebP_7p3/image_1/orca.densities
DELETED 1689120 phase2b_charge_design/05d_shell_ladder/relax/run_nebP_7p3/image_1/orca.gbw
DELETED 1689120 phase2b_charge_design/05d_shell_ladder/relax/run_nebP_7p3/image_10/current_image10.gbw
DELETED 1115136 phase2b_charge_design/05d_shell_ladder/relax/run_nebP_7p3/image_10/orca.densities
DELETED 1689120 phase2b_charge_design/05d_shell_ladder/relax/run_nebP_7p3/image_10/orca.gbw
DELETED 1689120 phase2b_charge_design/05d_shell_ladder/relax/run_nebP_7p3/image_11/current_image11.gbw
DELETED 1115136 phase2b_charge_design/05d_shell_ladder/relax/run_nebP_7p3/image_11/orca.densities
DELETED 1689120 phase2b_charge_design/05d_shell_ladder/relax/run_nebP_7p3/image_11/orca.gbw
DELETED 1689120 phase2b_charge_design/05d_shell_ladder/relax/run_nebP_7p3/image_12/current_image12.gbw
DELETED 1115136 phase2b_charge_design/05d_shell_ladder/relax/run_nebP_7p3/image_12/orca.densities
DELETED 1689120 phase2b_charge_design/05d_shell_ladder/relax/run_nebP_7p3/image_12/orca.gbw
DELETED 1689120 phase2b_charge_design/05d_shell_ladder/relax/run_nebP_7p3/image_13/current_image13.gbw
DELETED 1115136 phase2b_charge_design/05d_shell_ladder/relax/run_nebP_7p3/image_13/orca.densities
DELETED 1689120 phase2b_charge_design/05d_shell_ladder/relax/run_nebP_7p3/image_13/orca.gbw
DELETED 1689120 phase2b_charge_design/05d_shell_ladder/relax/run_nebP_7p3/image_2/current_image2.gbw
DELETED 1115136 phase2b_charge_design/05d_shell_ladder/relax/run_nebP_7p3/image_2/orca.densities
DELETED 1689120 phase2b_charge_design/05d_shell_ladder/relax/run_nebP_7p3/image_2/orca.gbw
DELETED 1689120 phase2b_charge_design/05d_shell_ladder/relax/run_nebP_7p3/image_3/current_image3.gbw
DELETED 1115136 phase2b_charge_design/05d_shell_ladder/relax/run_nebP_7p3/image_3/orca.densities
DELETED 1689120 phase2b_charge_design/05d_shell_ladder/relax/run_nebP_7p3/image_3/orca.gbw
DELETED 1689120 phase2b_charge_design/05d_shell_ladder/relax/run_nebP_7p3/image_4/current_image4.gbw
DELETED 1115136 phase2b_charge_design/05d_shell_ladder/relax/run_nebP_7p3/image_4/orca.densities
DELETED 1689120 phase2b_charge_design/05d_shell_ladder/relax/run_nebP_7p3/image_4/orca.gbw
DELETED 1689120 phase2b_charge_design/05d_shell_ladder/relax/run_nebP_7p3/image_5/current_image5.gbw
DELETED 1115136 phase2b_charge_design/05d_shell_ladder/relax/run_nebP_7p3/image_5/orca.densities
DELETED 1689120 phase2b_charge_design/05d_shell_ladder/relax/run_nebP_7p3/image_5/orca.gbw
DELETED 1689120 phase2b_charge_design/05d_shell_ladder/relax/run_nebP_7p3/image_6/current_image6.gbw
DELETED 1115136 phase2b_charge_design/05d_shell_ladder/relax/run_nebP_7p3/image_6/orca.densities
DELETED 1689120 phase2b_charge_design/05d_shell_ladder/relax/run_nebP_7p3/image_6/orca.gbw
DELETED 1689120 phase2b_charge_design/05d_shell_ladder/relax/run_nebP_7p3/image_7/current_image7.gbw
DELETED 1115136 phase2b_charge_design/05d_shell_ladder/relax/run_nebP_7p3/image_7/orca.densities
DELETED 1689120 phase2b_charge_design/05d_shell_ladder/relax/run_nebP_7p3/image_7/orca.gbw
DELETED 1689120 phase2b_charge_design/05d_shell_ladder/relax/run_nebP_7p3/image_8/current_image8.gbw
DELETED 1115136 phase2b_charge_design/05d_shell_ladder/relax/run_nebP_7p3/image_8/orca.densities
DELETED 1689120 phase2b_charge_design/05d_shell_ladder/relax/run_nebP_7p3/image_8/orca.gbw
DELETED 1689120 phase2b_charge_design/05d_shell_ladder/relax/run_nebP_7p3/image_9/current_image9.gbw
DELETED 1115136 phase2b_charge_design/05d_shell_ladder/relax/run_nebP_7p3/image_9/orca.densities
DELETED 1689120 phase2b_charge_design/05d_shell_ladder/relax/run_nebP_7p3/image_9/orca.gbw
DELETED 1115136 phase2b_charge_design/05d_shell_ladder/relax/run_nebP_7p3/orca.densities
DELETED 1689120 phase2b_charge_design/05d_shell_ladder/relax/run_nebP_7p3/orca.gbw
DELETED 1689120 phase2b_charge_design/05d_shell_ladder/relax/run_nebP_7p4/image_0/current_image0.gbw
DELETED 1115136 phase2b_charge_design/05d_shell_ladder/relax/run_nebP_7p4/image_0/orca.densities
DELETED 1689120 phase2b_charge_design/05d_shell_ladder/relax/run_nebP_7p4/image_0/orca.gbw
DELETED 1689120 phase2b_charge_design/05d_shell_ladder/relax/run_nebP_7p4/image_1/current_image1.gbw
DELETED 1115136 phase2b_charge_design/05d_shell_ladder/relax/run_nebP_7p4/image_1/orca.densities
DELETED 1689120 phase2b_charge_design/05d_shell_ladder/relax/run_nebP_7p4/image_1/orca.gbw
DELETED 1689120 phase2b_charge_design/05d_shell_ladder/relax/run_nebP_7p4/image_10/current_image10.gbw
DELETED 1115136 phase2b_charge_design/05d_shell_ladder/relax/run_nebP_7p4/image_10/orca.densities
DELETED 1689120 phase2b_charge_design/05d_shell_ladder/relax/run_nebP_7p4/image_10/orca.gbw
DELETED 1689120 phase2b_charge_design/05d_shell_ladder/relax/run_nebP_7p4/image_11/current_image11.gbw
DELETED 1115136 phase2b_charge_design/05d_shell_ladder/relax/run_nebP_7p4/image_11/orca.densities
DELETED 1689120 phase2b_charge_design/05d_shell_ladder/relax/run_nebP_7p4/image_11/orca.gbw
DELETED 1689120 phase2b_charge_design/05d_shell_ladder/relax/run_nebP_7p4/image_12/current_image12.gbw
DELETED 1115136 phase2b_charge_design/05d_shell_ladder/relax/run_nebP_7p4/image_12/orca.densities
DELETED 1689120 phase2b_charge_design/05d_shell_ladder/relax/run_nebP_7p4/image_12/orca.gbw
DELETED 1689120 phase2b_charge_design/05d_shell_ladder/relax/run_nebP_7p4/image_13/current_image13.gbw
DELETED 1115136 phase2b_charge_design/05d_shell_ladder/relax/run_nebP_7p4/image_13/orca.densities
DELETED 1689120 phase2b_charge_design/05d_shell_ladder/relax/run_nebP_7p4/image_13/orca.gbw
DELETED 1689120 phase2b_charge_design/05d_shell_ladder/relax/run_nebP_7p4/image_2/current_image2.gbw
DELETED 1115136 phase2b_charge_design/05d_shell_ladder/relax/run_nebP_7p4/image_2/orca.densities
DELETED 1689120 phase2b_charge_design/05d_shell_ladder/relax/run_nebP_7p4/image_2/orca.gbw
DELETED 1689120 phase2b_charge_design/05d_shell_ladder/relax/run_nebP_7p4/image_3/current_image3.gbw
DELETED 1115136 phase2b_charge_design/05d_shell_ladder/relax/run_nebP_7p4/image_3/orca.densities
DELETED 1689120 phase2b_charge_design/05d_shell_ladder/relax/run_nebP_7p4/image_3/orca.gbw
DELETED 1689120 phase2b_charge_design/05d_shell_ladder/relax/run_nebP_7p4/image_4/current_image4.gbw
DELETED 1115136 phase2b_charge_design/05d_shell_ladder/relax/run_nebP_7p4/image_4/orca.densities
DELETED 1689120 phase2b_charge_design/05d_shell_ladder/relax/run_nebP_7p4/image_4/orca.gbw
DELETED 1689120 phase2b_charge_design/05d_shell_ladder/relax/run_nebP_7p4/image_5/current_image5.gbw
DELETED 1115136 phase2b_charge_design/05d_shell_ladder/relax/run_nebP_7p4/image_5/orca.densities
DELETED 1689120 phase2b_charge_design/05d_shell_ladder/relax/run_nebP_7p4/image_5/orca.gbw
DELETED 1689120 phase2b_charge_design/05d_shell_ladder/relax/run_nebP_7p4/image_6/current_image6.gbw
DELETED 1115136 phase2b_charge_design/05d_shell_ladder/relax/run_nebP_7p4/image_6/orca.densities
DELETED 1689120 phase2b_charge_design/05d_shell_ladder/relax/run_nebP_7p4/image_6/orca.gbw
DELETED 1689120 phase2b_charge_design/05d_shell_ladder/relax/run_nebP_7p4/image_7/current_image7.gbw
DELETED 1115136 phase2b_charge_design/05d_shell_ladder/relax/run_nebP_7p4/image_7/orca.densities
DELETED 1689120 phase2b_charge_design/05d_shell_ladder/relax/run_nebP_7p4/image_7/orca.gbw
DELETED 1689120 phase2b_charge_design/05d_shell_ladder/relax/run_nebP_7p4/image_8/current_image8.gbw
DELETED 1115136 phase2b_charge_design/05d_shell_ladder/relax/run_nebP_7p4/image_8/orca.densities
DELETED 1689120 phase2b_charge_design/05d_shell_ladder/relax/run_nebP_7p4/image_8/orca.gbw
DELETED 1689120 phase2b_charge_design/05d_shell_ladder/relax/run_nebP_7p4/image_9/current_image9.gbw
DELETED 1115136 phase2b_charge_design/05d_shell_ladder/relax/run_nebP_7p4/image_9/orca.densities
DELETED 1689120 phase2b_charge_design/05d_shell_ladder/relax/run_nebP_7p4/image_9/orca.gbw
DELETED 1689120 phase2b_charge_design/05d_shell_ladder/relax/run_nebP_7p6/image_0/current_image0.gbw
DELETED 1115136 phase2b_charge_design/05d_shell_ladder/relax/run_nebP_7p6/image_0/orca.densities
DELETED 1689120 phase2b_charge_design/05d_shell_ladder/relax/run_nebP_7p6/image_0/orca.gbw
DELETED 1689120 phase2b_charge_design/05d_shell_ladder/relax/run_nebP_7p6/image_1/current_image1.gbw
DELETED 1115136 phase2b_charge_design/05d_shell_ladder/relax/run_nebP_7p6/image_1/orca.densities
DELETED 1689120 phase2b_charge_design/05d_shell_ladder/relax/run_nebP_7p6/image_1/orca.gbw
DELETED 1689120 phase2b_charge_design/05d_shell_ladder/relax/run_nebP_7p6/image_10/current_image10.gbw
DELETED 1115136 phase2b_charge_design/05d_shell_ladder/relax/run_nebP_7p6/image_10/orca.densities
DELETED 1689120 phase2b_charge_design/05d_shell_ladder/relax/run_nebP_7p6/image_10/orca.gbw
DELETED 1689120 phase2b_charge_design/05d_shell_ladder/relax/run_nebP_7p6/image_11/current_image11.gbw
DELETED 1115136 phase2b_charge_design/05d_shell_ladder/relax/run_nebP_7p6/image_11/orca.densities
DELETED 1689120 phase2b_charge_design/05d_shell_ladder/relax/run_nebP_7p6/image_11/orca.gbw
DELETED 1689120 phase2b_charge_design/05d_shell_ladder/relax/run_nebP_7p6/image_12/current_image12.gbw
DELETED 1115136 phase2b_charge_design/05d_shell_ladder/relax/run_nebP_7p6/image_12/orca.densities
DELETED 1689120 phase2b_charge_design/05d_shell_ladder/relax/run_nebP_7p6/image_12/orca.gbw
DELETED 1689120 phase2b_charge_design/05d_shell_ladder/relax/run_nebP_7p6/image_13/current_image13.gbw
DELETED 1115136 phase2b_charge_design/05d_shell_ladder/relax/run_nebP_7p6/image_13/orca.densities
DELETED 1689120 phase2b_charge_design/05d_shell_ladder/relax/run_nebP_7p6/image_13/orca.gbw
DELETED 1689120 phase2b_charge_design/05d_shell_ladder/relax/run_nebP_7p6/image_2/current_image2.gbw
DELETED 1115136 phase2b_charge_design/05d_shell_ladder/relax/run_nebP_7p6/image_2/orca.densities
DELETED 1689120 phase2b_charge_design/05d_shell_ladder/relax/run_nebP_7p6/image_2/orca.gbw
DELETED 1689120 phase2b_charge_design/05d_shell_ladder/relax/run_nebP_7p6/image_3/current_image3.gbw
DELETED 1115136 phase2b_charge_design/05d_shell_ladder/relax/run_nebP_7p6/image_3/orca.densities
DELETED 1689120 phase2b_charge_design/05d_shell_ladder/relax/run_nebP_7p6/image_3/orca.gbw
DELETED 1689120 phase2b_charge_design/05d_shell_ladder/relax/run_nebP_7p6/image_4/current_image4.gbw
DELETED 1115136 phase2b_charge_design/05d_shell_ladder/relax/run_nebP_7p6/image_4/orca.densities
DELETED 1689120 phase2b_charge_design/05d_shell_ladder/relax/run_nebP_7p6/image_4/orca.gbw
DELETED 1689120 phase2b_charge_design/05d_shell_ladder/relax/run_nebP_7p6/image_5/current_image5.gbw
DELETED 1115136 phase2b_charge_design/05d_shell_ladder/relax/run_nebP_7p6/image_5/orca.densities
DELETED 1689120 phase2b_charge_design/05d_shell_ladder/relax/run_nebP_7p6/image_5/orca.gbw
DELETED 1689120 phase2b_charge_design/05d_shell_ladder/relax/run_nebP_7p6/image_6/current_image6.gbw
DELETED 1115136 phase2b_charge_design/05d_shell_ladder/relax/run_nebP_7p6/image_6/orca.densities
DELETED 1689120 phase2b_charge_design/05d_shell_ladder/relax/run_nebP_7p6/image_6/orca.gbw
DELETED 1689120 phase2b_charge_design/05d_shell_ladder/relax/run_nebP_7p6/image_7/current_image7.gbw
DELETED 1115136 phase2b_charge_design/05d_shell_ladder/relax/run_nebP_7p6/image_7/orca.densities
DELETED 1689120 phase2b_charge_design/05d_shell_ladder/relax/run_nebP_7p6/image_7/orca.gbw
DELETED 1689120 phase2b_charge_design/05d_shell_ladder/relax/run_nebP_7p6/image_8/current_image8.gbw
DELETED 1115136 phase2b_charge_design/05d_shell_ladder/relax/run_nebP_7p6/image_8/orca.densities
DELETED 1689120 phase2b_charge_design/05d_shell_ladder/relax/run_nebP_7p6/image_8/orca.gbw
DELETED 1689120 phase2b_charge_design/05d_shell_ladder/relax/run_nebP_7p6/image_9/current_image9.gbw
DELETED 1115136 phase2b_charge_design/05d_shell_ladder/relax/run_nebP_7p6/image_9/orca.densities
DELETED 1689120 phase2b_charge_design/05d_shell_ladder/relax/run_nebP_7p6/image_9/orca.gbw
DELETED 1689120 phase2b_charge_design/05d_shell_ladder/relax/run_nebP_7p8/image_0/current_image0.gbw
DELETED 1115136 phase2b_charge_design/05d_shell_ladder/relax/run_nebP_7p8/image_0/orca.densities
DELETED 1689120 phase2b_charge_design/05d_shell_ladder/relax/run_nebP_7p8/image_0/orca.gbw
DELETED 1689120 phase2b_charge_design/05d_shell_ladder/relax/run_nebP_7p8/image_1/current_image1.gbw
DELETED 1115136 phase2b_charge_design/05d_shell_ladder/relax/run_nebP_7p8/image_1/orca.densities
DELETED 1689120 phase2b_charge_design/05d_shell_ladder/relax/run_nebP_7p8/image_1/orca.gbw
DELETED 1689120 phase2b_charge_design/05d_shell_ladder/relax/run_nebP_7p8/image_10/current_image10.gbw
DELETED 1115136 phase2b_charge_design/05d_shell_ladder/relax/run_nebP_7p8/image_10/orca.densities
DELETED 1689120 phase2b_charge_design/05d_shell_ladder/relax/run_nebP_7p8/image_10/orca.gbw
DELETED 1689120 phase2b_charge_design/05d_shell_ladder/relax/run_nebP_7p8/image_11/current_image11.gbw
DELETED 1115136 phase2b_charge_design/05d_shell_ladder/relax/run_nebP_7p8/image_11/orca.densities
DELETED 1689120 phase2b_charge_design/05d_shell_ladder/relax/run_nebP_7p8/image_11/orca.gbw
DELETED 1689120 phase2b_charge_design/05d_shell_ladder/relax/run_nebP_7p8/image_12/current_image12.gbw
DELETED 1115136 phase2b_charge_design/05d_shell_ladder/relax/run_nebP_7p8/image_12/orca.densities
DELETED 1689120 phase2b_charge_design/05d_shell_ladder/relax/run_nebP_7p8/image_12/orca.gbw
DELETED 1689120 phase2b_charge_design/05d_shell_ladder/relax/run_nebP_7p8/image_13/current_image13.gbw
DELETED 1115136 phase2b_charge_design/05d_shell_ladder/relax/run_nebP_7p8/image_13/orca.densities
DELETED 1689120 phase2b_charge_design/05d_shell_ladder/relax/run_nebP_7p8/image_13/orca.gbw
DELETED 1689120 phase2b_charge_design/05d_shell_ladder/relax/run_nebP_7p8/image_2/current_image2.gbw
DELETED 1115136 phase2b_charge_design/05d_shell_ladder/relax/run_nebP_7p8/image_2/orca.densities
DELETED 1689120 phase2b_charge_design/05d_shell_ladder/relax/run_nebP_7p8/image_2/orca.gbw
DELETED 1689120 phase2b_charge_design/05d_shell_ladder/relax/run_nebP_7p8/image_3/current_image3.gbw
DELETED 1115136 phase2b_charge_design/05d_shell_ladder/relax/run_nebP_7p8/image_3/orca.densities
DELETED 1689120 phase2b_charge_design/05d_shell_ladder/relax/run_nebP_7p8/image_3/orca.gbw
DELETED 1689120 phase2b_charge_design/05d_shell_ladder/relax/run_nebP_7p8/image_4/current_image4.gbw
DELETED 1115136 phase2b_charge_design/05d_shell_ladder/relax/run_nebP_7p8/image_4/orca.densities
DELETED 1689120 phase2b_charge_design/05d_shell_ladder/relax/run_nebP_7p8/image_4/orca.gbw
DELETED 1689120 phase2b_charge_design/05d_shell_ladder/relax/run_nebP_7p8/image_5/current_image5.gbw
DELETED 1115136 phase2b_charge_design/05d_shell_ladder/relax/run_nebP_7p8/image_5/orca.densities
DELETED 1689120 phase2b_charge_design/05d_shell_ladder/relax/run_nebP_7p8/image_5/orca.gbw
DELETED 1689120 phase2b_charge_design/05d_shell_ladder/relax/run_nebP_7p8/image_6/current_image6.gbw
DELETED 1115136 phase2b_charge_design/05d_shell_ladder/relax/run_nebP_7p8/image_6/orca.densities
DELETED 1689120 phase2b_charge_design/05d_shell_ladder/relax/run_nebP_7p8/image_6/orca.gbw
DELETED 1689120 phase2b_charge_design/05d_shell_ladder/relax/run_nebP_7p8/image_7/current_image7.gbw
DELETED 1115136 phase2b_charge_design/05d_shell_ladder/relax/run_nebP_7p8/image_7/orca.densities
DELETED 1689120 phase2b_charge_design/05d_shell_ladder/relax/run_nebP_7p8/image_7/orca.gbw
DELETED 1689120 phase2b_charge_design/05d_shell_ladder/relax/run_nebP_7p8/image_8/current_image8.gbw
DELETED 1115136 phase2b_charge_design/05d_shell_ladder/relax/run_nebP_7p8/image_8/orca.densities
DELETED 1689120 phase2b_charge_design/05d_shell_ladder/relax/run_nebP_7p8/image_8/orca.gbw
DELETED 1689120 phase2b_charge_design/05d_shell_ladder/relax/run_nebP_7p8/image_9/current_image9.gbw
DELETED 1115136 phase2b_charge_design/05d_shell_ladder/relax/run_nebP_7p8/image_9/orca.densities
DELETED 1689120 phase2b_charge_design/05d_shell_ladder/relax/run_nebP_7p8/image_9/orca.gbw
DELETED 1689120 phase2b_charge_design/05d_shell_ladder/relax/run_nebP_8p1/image_0/current_image0.gbw
DELETED 1115136 phase2b_charge_design/05d_shell_ladder/relax/run_nebP_8p1/image_0/orca.densities
DELETED 1689120 phase2b_charge_design/05d_shell_ladder/relax/run_nebP_8p1/image_0/orca.gbw
DELETED 1689120 phase2b_charge_design/05d_shell_ladder/relax/run_nebP_8p1/image_1/current_image1.gbw
DELETED 1115136 phase2b_charge_design/05d_shell_ladder/relax/run_nebP_8p1/image_1/orca.densities
DELETED 1689120 phase2b_charge_design/05d_shell_ladder/relax/run_nebP_8p1/image_1/orca.gbw
DELETED 1689120 phase2b_charge_design/05d_shell_ladder/relax/run_nebP_8p1/image_10/current_image10.gbw
DELETED 1115136 phase2b_charge_design/05d_shell_ladder/relax/run_nebP_8p1/image_10/orca.densities
DELETED 1689120 phase2b_charge_design/05d_shell_ladder/relax/run_nebP_8p1/image_10/orca.gbw
DELETED 1689120 phase2b_charge_design/05d_shell_ladder/relax/run_nebP_8p1/image_11/current_image11.gbw
DELETED 1115136 phase2b_charge_design/05d_shell_ladder/relax/run_nebP_8p1/image_11/orca.densities
DELETED 1689120 phase2b_charge_design/05d_shell_ladder/relax/run_nebP_8p1/image_11/orca.gbw
DELETED 1689120 phase2b_charge_design/05d_shell_ladder/relax/run_nebP_8p1/image_12/current_image12.gbw
DELETED 1115136 phase2b_charge_design/05d_shell_ladder/relax/run_nebP_8p1/image_12/orca.densities
DELETED 1689120 phase2b_charge_design/05d_shell_ladder/relax/run_nebP_8p1/image_12/orca.gbw
DELETED 1689120 phase2b_charge_design/05d_shell_ladder/relax/run_nebP_8p1/image_13/current_image13.gbw
DELETED 1115136 phase2b_charge_design/05d_shell_ladder/relax/run_nebP_8p1/image_13/orca.densities
DELETED 1689120 phase2b_charge_design/05d_shell_ladder/relax/run_nebP_8p1/image_13/orca.gbw
DELETED 1689120 phase2b_charge_design/05d_shell_ladder/relax/run_nebP_8p1/image_2/current_image2.gbw
DELETED 1115136 phase2b_charge_design/05d_shell_ladder/relax/run_nebP_8p1/image_2/orca.densities
DELETED 1689120 phase2b_charge_design/05d_shell_ladder/relax/run_nebP_8p1/image_2/orca.gbw
DELETED 1689120 phase2b_charge_design/05d_shell_ladder/relax/run_nebP_8p1/image_3/current_image3.gbw
DELETED 1115136 phase2b_charge_design/05d_shell_ladder/relax/run_nebP_8p1/image_3/orca.densities
DELETED 1689120 phase2b_charge_design/05d_shell_ladder/relax/run_nebP_8p1/image_3/orca.gbw
DELETED 1689120 phase2b_charge_design/05d_shell_ladder/relax/run_nebP_8p1/image_4/current_image4.gbw
DELETED 1115136 phase2b_charge_design/05d_shell_ladder/relax/run_nebP_8p1/image_4/orca.densities
DELETED 1689120 phase2b_charge_design/05d_shell_ladder/relax/run_nebP_8p1/image_4/orca.gbw
DELETED 1689120 phase2b_charge_design/05d_shell_ladder/relax/run_nebP_8p1/image_5/current_image5.gbw
DELETED 1115136 phase2b_charge_design/05d_shell_ladder/relax/run_nebP_8p1/image_5/orca.densities
DELETED 1689120 phase2b_charge_design/05d_shell_ladder/relax/run_nebP_8p1/image_5/orca.gbw
DELETED 1689120 phase2b_charge_design/05d_shell_ladder/relax/run_nebP_8p1/image_6/current_image6.gbw
DELETED 1115136 phase2b_charge_design/05d_shell_ladder/relax/run_nebP_8p1/image_6/orca.densities
DELETED 1689120 phase2b_charge_design/05d_shell_ladder/relax/run_nebP_8p1/image_6/orca.gbw
DELETED 1689120 phase2b_charge_design/05d_shell_ladder/relax/run_nebP_8p1/image_7/current_image7.gbw
DELETED 1115136 phase2b_charge_design/05d_shell_ladder/relax/run_nebP_8p1/image_7/orca.densities
DELETED 1689120 phase2b_charge_design/05d_shell_ladder/relax/run_nebP_8p1/image_7/orca.gbw
DELETED 1689120 phase2b_charge_design/05d_shell_ladder/relax/run_nebP_8p1/image_8/current_image8.gbw
DELETED 1115136 phase2b_charge_design/05d_shell_ladder/relax/run_nebP_8p1/image_8/orca.densities
DELETED 1689120 phase2b_charge_design/05d_shell_ladder/relax/run_nebP_8p1/image_8/orca.gbw
DELETED 1689120 phase2b_charge_design/05d_shell_ladder/relax/run_nebP_8p1/image_9/current_image9.gbw
DELETED 1115136 phase2b_charge_design/05d_shell_ladder/relax/run_nebP_8p1/image_9/orca.densities
DELETED 1689120 phase2b_charge_design/05d_shell_ladder/relax/run_nebP_8p1/image_9/orca.gbw
DELETED 1689120 phase2b_charge_design/05d_shell_ladder/relax/run_nebP_8p2/image_0/current_image0.gbw
DELETED 1115136 phase2b_charge_design/05d_shell_ladder/relax/run_nebP_8p2/image_0/orca.densities
DELETED 1689120 phase2b_charge_design/05d_shell_ladder/relax/run_nebP_8p2/image_0/orca.gbw
DELETED 1689120 phase2b_charge_design/05d_shell_ladder/relax/run_nebP_8p2/image_1/current_image1.gbw
DELETED 1115136 phase2b_charge_design/05d_shell_ladder/relax/run_nebP_8p2/image_1/orca.densities
DELETED 1689120 phase2b_charge_design/05d_shell_ladder/relax/run_nebP_8p2/image_1/orca.gbw
DELETED 1689120 phase2b_charge_design/05d_shell_ladder/relax/run_nebP_8p2/image_10/current_image10.gbw
DELETED 1115136 phase2b_charge_design/05d_shell_ladder/relax/run_nebP_8p2/image_10/orca.densities
DELETED 1689120 phase2b_charge_design/05d_shell_ladder/relax/run_nebP_8p2/image_10/orca.gbw
DELETED 1689120 phase2b_charge_design/05d_shell_ladder/relax/run_nebP_8p2/image_11/current_image11.gbw
DELETED 1115136 phase2b_charge_design/05d_shell_ladder/relax/run_nebP_8p2/image_11/orca.densities
DELETED 1689120 phase2b_charge_design/05d_shell_ladder/relax/run_nebP_8p2/image_11/orca.gbw
DELETED 1689120 phase2b_charge_design/05d_shell_ladder/relax/run_nebP_8p2/image_12/current_image12.gbw
DELETED 1115136 phase2b_charge_design/05d_shell_ladder/relax/run_nebP_8p2/image_12/orca.densities
DELETED 1689120 phase2b_charge_design/05d_shell_ladder/relax/run_nebP_8p2/image_12/orca.gbw
DELETED 1689120 phase2b_charge_design/05d_shell_ladder/relax/run_nebP_8p2/image_13/current_image13.gbw
DELETED 1115136 phase2b_charge_design/05d_shell_ladder/relax/run_nebP_8p2/image_13/orca.densities
DELETED 1689120 phase2b_charge_design/05d_shell_ladder/relax/run_nebP_8p2/image_13/orca.gbw
DELETED 1689120 phase2b_charge_design/05d_shell_ladder/relax/run_nebP_8p2/image_2/current_image2.gbw
DELETED 1115136 phase2b_charge_design/05d_shell_ladder/relax/run_nebP_8p2/image_2/orca.densities
DELETED 1689120 phase2b_charge_design/05d_shell_ladder/relax/run_nebP_8p2/image_2/orca.gbw
DELETED 1689120 phase2b_charge_design/05d_shell_ladder/relax/run_nebP_8p2/image_3/current_image3.gbw
DELETED 1115136 phase2b_charge_design/05d_shell_ladder/relax/run_nebP_8p2/image_3/orca.densities
DELETED 1689120 phase2b_charge_design/05d_shell_ladder/relax/run_nebP_8p2/image_3/orca.gbw
DELETED 1689120 phase2b_charge_design/05d_shell_ladder/relax/run_nebP_8p2/image_4/current_image4.gbw
DELETED 1115136 phase2b_charge_design/05d_shell_ladder/relax/run_nebP_8p2/image_4/orca.densities
DELETED 1689120 phase2b_charge_design/05d_shell_ladder/relax/run_nebP_8p2/image_4/orca.gbw
DELETED 1689120 phase2b_charge_design/05d_shell_ladder/relax/run_nebP_8p2/image_5/current_image5.gbw
DELETED 1115136 phase2b_charge_design/05d_shell_ladder/relax/run_nebP_8p2/image_5/orca.densities
DELETED 1689120 phase2b_charge_design/05d_shell_ladder/relax/run_nebP_8p2/image_5/orca.gbw
DELETED 1689120 phase2b_charge_design/05d_shell_ladder/relax/run_nebP_8p2/image_6/current_image6.gbw
DELETED 1115136 phase2b_charge_design/05d_shell_ladder/relax/run_nebP_8p2/image_6/orca.densities
DELETED 1689120 phase2b_charge_design/05d_shell_ladder/relax/run_nebP_8p2/image_6/orca.gbw
DELETED 1689120 phase2b_charge_design/05d_shell_ladder/relax/run_nebP_8p2/image_7/current_image7.gbw
DELETED 1115136 phase2b_charge_design/05d_shell_ladder/relax/run_nebP_8p2/image_7/orca.densities
DELETED 1689120 phase2b_charge_design/05d_shell_ladder/relax/run_nebP_8p2/image_7/orca.gbw
DELETED 1689120 phase2b_charge_design/05d_shell_ladder/relax/run_nebP_8p2/image_8/current_image8.gbw
DELETED 1115136 phase2b_charge_design/05d_shell_ladder/relax/run_nebP_8p2/image_8/orca.densities
DELETED 1689120 phase2b_charge_design/05d_shell_ladder/relax/run_nebP_8p2/image_8/orca.gbw
DELETED 1689120 phase2b_charge_design/05d_shell_ladder/relax/run_nebP_8p2/image_9/current_image9.gbw
DELETED 1115136 phase2b_charge_design/05d_shell_ladder/relax/run_nebP_8p2/image_9/orca.densities
DELETED 1689120 phase2b_charge_design/05d_shell_ladder/relax/run_nebP_8p2/image_9/orca.gbw
DELETED 1115136 phase2b_charge_design/05d_shell_ladder/relax/run_nebP_8p5/Numfreq_dir/orca.densities
DELETED 1689120 phase2b_charge_design/05d_shell_ladder/relax/run_nebP_8p5/Numfreq_dir/orca.gbw
DELETED 1689120 phase2b_charge_design/05d_shell_ladder/relax/run_nebP_8p5/image_0/current_image0.gbw
DELETED 1115136 phase2b_charge_design/05d_shell_ladder/relax/run_nebP_8p5/image_0/orca.densities
DELETED 1689120 phase2b_charge_design/05d_shell_ladder/relax/run_nebP_8p5/image_0/orca.gbw
DELETED 1689120 phase2b_charge_design/05d_shell_ladder/relax/run_nebP_8p5/image_1/current_image1.gbw
DELETED 1115136 phase2b_charge_design/05d_shell_ladder/relax/run_nebP_8p5/image_1/orca.densities
DELETED 1689120 phase2b_charge_design/05d_shell_ladder/relax/run_nebP_8p5/image_1/orca.gbw
DELETED 1689120 phase2b_charge_design/05d_shell_ladder/relax/run_nebP_8p5/image_10/current_image10.gbw
DELETED 1115136 phase2b_charge_design/05d_shell_ladder/relax/run_nebP_8p5/image_10/orca.densities
DELETED 1689120 phase2b_charge_design/05d_shell_ladder/relax/run_nebP_8p5/image_10/orca.gbw
DELETED 1689120 phase2b_charge_design/05d_shell_ladder/relax/run_nebP_8p5/image_11/current_image11.gbw
DELETED 1115136 phase2b_charge_design/05d_shell_ladder/relax/run_nebP_8p5/image_11/orca.densities
DELETED 1689120 phase2b_charge_design/05d_shell_ladder/relax/run_nebP_8p5/image_11/orca.gbw
DELETED 1689120 phase2b_charge_design/05d_shell_ladder/relax/run_nebP_8p5/image_12/current_image12.gbw
DELETED 1115136 phase2b_charge_design/05d_shell_ladder/relax/run_nebP_8p5/image_12/orca.densities
DELETED 1689120 phase2b_charge_design/05d_shell_ladder/relax/run_nebP_8p5/image_12/orca.gbw
DELETED 1689120 phase2b_charge_design/05d_shell_ladder/relax/run_nebP_8p5/image_13/current_image13.gbw
DELETED 1115136 phase2b_charge_design/05d_shell_ladder/relax/run_nebP_8p5/image_13/orca.densities
DELETED 1689120 phase2b_charge_design/05d_shell_ladder/relax/run_nebP_8p5/image_13/orca.gbw
DELETED 1689120 phase2b_charge_design/05d_shell_ladder/relax/run_nebP_8p5/image_2/current_image2.gbw
DELETED 1115136 phase2b_charge_design/05d_shell_ladder/relax/run_nebP_8p5/image_2/orca.densities
DELETED 1689120 phase2b_charge_design/05d_shell_ladder/relax/run_nebP_8p5/image_2/orca.gbw
DELETED 1689120 phase2b_charge_design/05d_shell_ladder/relax/run_nebP_8p5/image_3/current_image3.gbw
DELETED 1115136 phase2b_charge_design/05d_shell_ladder/relax/run_nebP_8p5/image_3/orca.densities
DELETED 1689120 phase2b_charge_design/05d_shell_ladder/relax/run_nebP_8p5/image_3/orca.gbw
DELETED 1689120 phase2b_charge_design/05d_shell_ladder/relax/run_nebP_8p5/image_4/current_image4.gbw
DELETED 1115136 phase2b_charge_design/05d_shell_ladder/relax/run_nebP_8p5/image_4/orca.densities
DELETED 1689120 phase2b_charge_design/05d_shell_ladder/relax/run_nebP_8p5/image_4/orca.gbw
DELETED 1689120 phase2b_charge_design/05d_shell_ladder/relax/run_nebP_8p5/image_5/current_image5.gbw
DELETED 1115136 phase2b_charge_design/05d_shell_ladder/relax/run_nebP_8p5/image_5/orca.densities
DELETED 1689120 phase2b_charge_design/05d_shell_ladder/relax/run_nebP_8p5/image_5/orca.gbw
DELETED 1689120 phase2b_charge_design/05d_shell_ladder/relax/run_nebP_8p5/image_6/current_image6.gbw
DELETED 1115136 phase2b_charge_design/05d_shell_ladder/relax/run_nebP_8p5/image_6/orca.densities
DELETED 1689120 phase2b_charge_design/05d_shell_ladder/relax/run_nebP_8p5/image_6/orca.gbw
DELETED 1689120 phase2b_charge_design/05d_shell_ladder/relax/run_nebP_8p5/image_7/current_image7.gbw
DELETED 1115136 phase2b_charge_design/05d_shell_ladder/relax/run_nebP_8p5/image_7/orca.densities
DELETED 1689120 phase2b_charge_design/05d_shell_ladder/relax/run_nebP_8p5/image_7/orca.gbw
DELETED 1689120 phase2b_charge_design/05d_shell_ladder/relax/run_nebP_8p5/image_8/current_image8.gbw
DELETED 1115136 phase2b_charge_design/05d_shell_ladder/relax/run_nebP_8p5/image_8/orca.densities
DELETED 1689120 phase2b_charge_design/05d_shell_ladder/relax/run_nebP_8p5/image_8/orca.gbw
DELETED 1689120 phase2b_charge_design/05d_shell_ladder/relax/run_nebP_8p5/image_9/current_image9.gbw
DELETED 1115136 phase2b_charge_design/05d_shell_ladder/relax/run_nebP_8p5/image_9/orca.densities
DELETED 1689120 phase2b_charge_design/05d_shell_ladder/relax/run_nebP_8p5/image_9/orca.gbw
DELETED 1115136 phase2b_charge_design/05d_shell_ladder/relax/run_nebP_8p5/orca.densities
DELETED 1689120 phase2b_charge_design/05d_shell_ladder/relax/run_nebP_8p5/orca.gbw
DELETED 1689120 phase2b_charge_design/05d_shell_ladder/relax/run_nebP_8p6/image_0/current_image0.gbw
DELETED 1115136 phase2b_charge_design/05d_shell_ladder/relax/run_nebP_8p6/image_0/orca.densities
DELETED 1689120 phase2b_charge_design/05d_shell_ladder/relax/run_nebP_8p6/image_0/orca.gbw
DELETED 1689120 phase2b_charge_design/05d_shell_ladder/relax/run_nebP_8p6/image_1/current_image1.gbw
DELETED 1115136 phase2b_charge_design/05d_shell_ladder/relax/run_nebP_8p6/image_1/orca.densities
DELETED 1689120 phase2b_charge_design/05d_shell_ladder/relax/run_nebP_8p6/image_1/orca.gbw
DELETED 1689120 phase2b_charge_design/05d_shell_ladder/relax/run_nebP_8p6/image_10/current_image10.gbw
DELETED 1115136 phase2b_charge_design/05d_shell_ladder/relax/run_nebP_8p6/image_10/orca.densities
DELETED 1689120 phase2b_charge_design/05d_shell_ladder/relax/run_nebP_8p6/image_10/orca.gbw
DELETED 1689120 phase2b_charge_design/05d_shell_ladder/relax/run_nebP_8p6/image_11/current_image11.gbw
DELETED 1115136 phase2b_charge_design/05d_shell_ladder/relax/run_nebP_8p6/image_11/orca.densities
DELETED 1689120 phase2b_charge_design/05d_shell_ladder/relax/run_nebP_8p6/image_11/orca.gbw
DELETED 1689120 phase2b_charge_design/05d_shell_ladder/relax/run_nebP_8p6/image_12/current_image12.gbw
DELETED 1115136 phase2b_charge_design/05d_shell_ladder/relax/run_nebP_8p6/image_12/orca.densities
DELETED 1689120 phase2b_charge_design/05d_shell_ladder/relax/run_nebP_8p6/image_12/orca.gbw
DELETED 1689120 phase2b_charge_design/05d_shell_ladder/relax/run_nebP_8p6/image_13/current_image13.gbw
DELETED 1115136 phase2b_charge_design/05d_shell_ladder/relax/run_nebP_8p6/image_13/orca.densities
DELETED 1689120 phase2b_charge_design/05d_shell_ladder/relax/run_nebP_8p6/image_13/orca.gbw
DELETED 1689120 phase2b_charge_design/05d_shell_ladder/relax/run_nebP_8p6/image_2/current_image2.gbw
DELETED 1115136 phase2b_charge_design/05d_shell_ladder/relax/run_nebP_8p6/image_2/orca.densities
DELETED 1689120 phase2b_charge_design/05d_shell_ladder/relax/run_nebP_8p6/image_2/orca.gbw
DELETED 1689120 phase2b_charge_design/05d_shell_ladder/relax/run_nebP_8p6/image_3/current_image3.gbw
DELETED 1115136 phase2b_charge_design/05d_shell_ladder/relax/run_nebP_8p6/image_3/orca.densities
DELETED 1689120 phase2b_charge_design/05d_shell_ladder/relax/run_nebP_8p6/image_3/orca.gbw
DELETED 1689120 phase2b_charge_design/05d_shell_ladder/relax/run_nebP_8p6/image_4/current_image4.gbw
DELETED 1115136 phase2b_charge_design/05d_shell_ladder/relax/run_nebP_8p6/image_4/orca.densities
DELETED 1689120 phase2b_charge_design/05d_shell_ladder/relax/run_nebP_8p6/image_4/orca.gbw
DELETED 1689120 phase2b_charge_design/05d_shell_ladder/relax/run_nebP_8p6/image_5/current_image5.gbw
DELETED 1115136 phase2b_charge_design/05d_shell_ladder/relax/run_nebP_8p6/image_5/orca.densities
DELETED 1689120 phase2b_charge_design/05d_shell_ladder/relax/run_nebP_8p6/image_5/orca.gbw
DELETED 1689120 phase2b_charge_design/05d_shell_ladder/relax/run_nebP_8p6/image_6/current_image6.gbw
DELETED 1115136 phase2b_charge_design/05d_shell_ladder/relax/run_nebP_8p6/image_6/orca.densities
DELETED 1689120 phase2b_charge_design/05d_shell_ladder/relax/run_nebP_8p6/image_6/orca.gbw
DELETED 1689120 phase2b_charge_design/05d_shell_ladder/relax/run_nebP_8p6/image_7/current_image7.gbw
DELETED 1115136 phase2b_charge_design/05d_shell_ladder/relax/run_nebP_8p6/image_7/orca.densities
DELETED 1689120 phase2b_charge_design/05d_shell_ladder/relax/run_nebP_8p6/image_7/orca.gbw
DELETED 1689120 phase2b_charge_design/05d_shell_ladder/relax/run_nebP_8p6/image_8/current_image8.gbw
DELETED 1115136 phase2b_charge_design/05d_shell_ladder/relax/run_nebP_8p6/image_8/orca.densities
DELETED 1689120 phase2b_charge_design/05d_shell_ladder/relax/run_nebP_8p6/image_8/orca.gbw
DELETED 1689120 phase2b_charge_design/05d_shell_ladder/relax/run_nebP_8p6/image_9/current_image9.gbw
DELETED 1115136 phase2b_charge_design/05d_shell_ladder/relax/run_nebP_8p6/image_9/orca.densities
DELETED 1689120 phase2b_charge_design/05d_shell_ladder/relax/run_nebP_8p6/image_9/orca.gbw
DELETED 1689120 phase2b_charge_design/05d_shell_ladder/relax/run_nebP_8p9/image_0/current_image0.gbw
DELETED 1115136 phase2b_charge_design/05d_shell_ladder/relax/run_nebP_8p9/image_0/orca.densities
DELETED 1689120 phase2b_charge_design/05d_shell_ladder/relax/run_nebP_8p9/image_0/orca.gbw
DELETED 1689120 phase2b_charge_design/05d_shell_ladder/relax/run_nebP_8p9/image_1/current_image1.gbw
DELETED 1115136 phase2b_charge_design/05d_shell_ladder/relax/run_nebP_8p9/image_1/orca.densities
DELETED 1689120 phase2b_charge_design/05d_shell_ladder/relax/run_nebP_8p9/image_1/orca.gbw
DELETED 1689120 phase2b_charge_design/05d_shell_ladder/relax/run_nebP_8p9/image_10/current_image10.gbw
DELETED 1115136 phase2b_charge_design/05d_shell_ladder/relax/run_nebP_8p9/image_10/orca.densities
DELETED 1689120 phase2b_charge_design/05d_shell_ladder/relax/run_nebP_8p9/image_10/orca.gbw
DELETED 1689120 phase2b_charge_design/05d_shell_ladder/relax/run_nebP_8p9/image_11/current_image11.gbw
DELETED 1115136 phase2b_charge_design/05d_shell_ladder/relax/run_nebP_8p9/image_11/orca.densities
DELETED 1689120 phase2b_charge_design/05d_shell_ladder/relax/run_nebP_8p9/image_11/orca.gbw
DELETED 1689120 phase2b_charge_design/05d_shell_ladder/relax/run_nebP_8p9/image_12/current_image12.gbw
DELETED 1115136 phase2b_charge_design/05d_shell_ladder/relax/run_nebP_8p9/image_12/orca.densities
DELETED 1689120 phase2b_charge_design/05d_shell_ladder/relax/run_nebP_8p9/image_12/orca.gbw
DELETED 1689120 phase2b_charge_design/05d_shell_ladder/relax/run_nebP_8p9/image_13/current_image13.gbw
DELETED 1115136 phase2b_charge_design/05d_shell_ladder/relax/run_nebP_8p9/image_13/orca.densities
DELETED 1689120 phase2b_charge_design/05d_shell_ladder/relax/run_nebP_8p9/image_13/orca.gbw
DELETED 1689120 phase2b_charge_design/05d_shell_ladder/relax/run_nebP_8p9/image_2/current_image2.gbw
DELETED 1115136 phase2b_charge_design/05d_shell_ladder/relax/run_nebP_8p9/image_2/orca.densities
DELETED 1689120 phase2b_charge_design/05d_shell_ladder/relax/run_nebP_8p9/image_2/orca.gbw
DELETED 1689120 phase2b_charge_design/05d_shell_ladder/relax/run_nebP_8p9/image_3/current_image3.gbw
DELETED 1115136 phase2b_charge_design/05d_shell_ladder/relax/run_nebP_8p9/image_3/orca.densities
DELETED 1689120 phase2b_charge_design/05d_shell_ladder/relax/run_nebP_8p9/image_3/orca.gbw
DELETED 1689120 phase2b_charge_design/05d_shell_ladder/relax/run_nebP_8p9/image_4/current_image4.gbw
DELETED 1115136 phase2b_charge_design/05d_shell_ladder/relax/run_nebP_8p9/image_4/orca.densities
DELETED 1689120 phase2b_charge_design/05d_shell_ladder/relax/run_nebP_8p9/image_4/orca.gbw
DELETED 1689120 phase2b_charge_design/05d_shell_ladder/relax/run_nebP_8p9/image_5/current_image5.gbw
DELETED 1115136 phase2b_charge_design/05d_shell_ladder/relax/run_nebP_8p9/image_5/orca.densities
DELETED 1689120 phase2b_charge_design/05d_shell_ladder/relax/run_nebP_8p9/image_5/orca.gbw
DELETED 1689120 phase2b_charge_design/05d_shell_ladder/relax/run_nebP_8p9/image_6/current_image6.gbw
DELETED 1115136 phase2b_charge_design/05d_shell_ladder/relax/run_nebP_8p9/image_6/orca.densities
DELETED 1689120 phase2b_charge_design/05d_shell_ladder/relax/run_nebP_8p9/image_6/orca.gbw
DELETED 1689120 phase2b_charge_design/05d_shell_ladder/relax/run_nebP_8p9/image_7/current_image7.gbw
DELETED 1115136 phase2b_charge_design/05d_shell_ladder/relax/run_nebP_8p9/image_7/orca.densities
DELETED 1689120 phase2b_charge_design/05d_shell_ladder/relax/run_nebP_8p9/image_7/orca.gbw
DELETED 1689120 phase2b_charge_design/05d_shell_ladder/relax/run_nebP_8p9/image_8/current_image8.gbw
DELETED 1115136 phase2b_charge_design/05d_shell_ladder/relax/run_nebP_8p9/image_8/orca.densities
DELETED 1689120 phase2b_charge_design/05d_shell_ladder/relax/run_nebP_8p9/image_8/orca.gbw
DELETED 1689120 phase2b_charge_design/05d_shell_ladder/relax/run_nebP_8p9/image_9/current_image9.gbw
DELETED 1115136 phase2b_charge_design/05d_shell_ladder/relax/run_nebP_8p9/image_9/orca.densities
DELETED 1689120 phase2b_charge_design/05d_shell_ladder/relax/run_nebP_8p9/image_9/orca.gbw
DELETED 1115136 phase2b_charge_design/05d_shell_ladder/relax/run_screen_10p0_product/orca.densities
DELETED 1689120 phase2b_charge_design/05d_shell_ladder/relax/run_screen_10p0_product/orca.gbw
DELETED 1115136 phase2b_charge_design/05d_shell_ladder/relax/run_screen_10p0_reactant/orca.densities
DELETED 1689120 phase2b_charge_design/05d_shell_ladder/relax/run_screen_10p0_reactant/orca.gbw
DELETED 1115136 phase2b_charge_design/05d_shell_ladder/relax/run_screen_11p0_product/orca.densities
DELETED 1689120 phase2b_charge_design/05d_shell_ladder/relax/run_screen_11p0_product/orca.gbw
DELETED 1115136 phase2b_charge_design/05d_shell_ladder/relax/run_screen_11p0_reactant/orca.densities
DELETED 1689120 phase2b_charge_design/05d_shell_ladder/relax/run_screen_11p0_reactant/orca.gbw
DELETED 1115136 phase2b_charge_design/05d_shell_ladder/relax/run_screen_12p0_product/orca.densities
DELETED 1689120 phase2b_charge_design/05d_shell_ladder/relax/run_screen_12p0_product/orca.gbw
DELETED 1115136 phase2b_charge_design/05d_shell_ladder/relax/run_screen_12p0_reactant/orca.densities
DELETED 1689120 phase2b_charge_design/05d_shell_ladder/relax/run_screen_12p0_reactant/orca.gbw
DELETED 1115136 phase2b_charge_design/05d_shell_ladder/relax/run_screen_13p0_product/orca.densities
DELETED 1689120 phase2b_charge_design/05d_shell_ladder/relax/run_screen_13p0_product/orca.gbw
DELETED 1115136 phase2b_charge_design/05d_shell_ladder/relax/run_screen_13p0_reactant/orca.densities
DELETED 1689120 phase2b_charge_design/05d_shell_ladder/relax/run_screen_13p0_reactant/orca.gbw
DELETED 1115136 phase2b_charge_design/05d_shell_ladder/relax/run_screen_15p0_product/orca.densities
DELETED 1689120 phase2b_charge_design/05d_shell_ladder/relax/run_screen_15p0_product/orca.gbw
DELETED 1115136 phase2b_charge_design/05d_shell_ladder/relax/run_screen_15p0_reactant/orca.densities
DELETED 1689120 phase2b_charge_design/05d_shell_ladder/relax/run_screen_15p0_reactant/orca.gbw
DELETED 1115136 phase2b_charge_design/05d_shell_ladder/relax/run_screen_2p0_product/orca.densities
DELETED 1689120 phase2b_charge_design/05d_shell_ladder/relax/run_screen_2p0_product/orca.gbw
DELETED 1115136 phase2b_charge_design/05d_shell_ladder/relax/run_screen_2p0_reactant/orca.densities
DELETED 1689120 phase2b_charge_design/05d_shell_ladder/relax/run_screen_2p0_reactant/orca.gbw
DELETED 1115136 phase2b_charge_design/05d_shell_ladder/relax/run_screen_7p0_product/orca.densities
DELETED 1689120 phase2b_charge_design/05d_shell_ladder/relax/run_screen_7p0_product/orca.gbw
DELETED 1115136 phase2b_charge_design/05d_shell_ladder/relax/run_screen_7p0_reactant/orca.densities
DELETED 1689120 phase2b_charge_design/05d_shell_ladder/relax/run_screen_7p0_reactant/orca.gbw
DELETED 1115136 phase2b_charge_design/05d_shell_ladder/relax/run_screen_7p1_product/orca.densities
DELETED 1689120 phase2b_charge_design/05d_shell_ladder/relax/run_screen_7p1_product/orca.gbw
DELETED 1115136 phase2b_charge_design/05d_shell_ladder/relax/run_screen_7p1_reactant/orca.densities
DELETED 1689120 phase2b_charge_design/05d_shell_ladder/relax/run_screen_7p1_reactant/orca.gbw
DELETED 1115136 phase2b_charge_design/05d_shell_ladder/relax/run_screen_7p2_product/orca.densities
DELETED 1689120 phase2b_charge_design/05d_shell_ladder/relax/run_screen_7p2_product/orca.gbw
DELETED 1115136 phase2b_charge_design/05d_shell_ladder/relax/run_screen_7p2_reactant/orca.densities
DELETED 1689120 phase2b_charge_design/05d_shell_ladder/relax/run_screen_7p2_reactant/orca.gbw
DELETED 1115136 phase2b_charge_design/05d_shell_ladder/relax/run_screen_7p3_product/orca.densities
DELETED 1689120 phase2b_charge_design/05d_shell_ladder/relax/run_screen_7p3_product/orca.gbw
DELETED 1115136 phase2b_charge_design/05d_shell_ladder/relax/run_screen_7p3_reactant/orca.densities
DELETED 1689120 phase2b_charge_design/05d_shell_ladder/relax/run_screen_7p3_reactant/orca.gbw
DELETED 1115136 phase2b_charge_design/05d_shell_ladder/relax/run_screen_7p4_product/orca.densities
DELETED 1689120 phase2b_charge_design/05d_shell_ladder/relax/run_screen_7p4_product/orca.gbw
DELETED 1115136 phase2b_charge_design/05d_shell_ladder/relax/run_screen_7p4_reactant/orca.densities
DELETED 1689120 phase2b_charge_design/05d_shell_ladder/relax/run_screen_7p4_reactant/orca.gbw
DELETED 1115136 phase2b_charge_design/05d_shell_ladder/relax/run_screen_7p5_product/orca.densities
DELETED 1689120 phase2b_charge_design/05d_shell_ladder/relax/run_screen_7p5_product/orca.gbw
DELETED 1115136 phase2b_charge_design/05d_shell_ladder/relax/run_screen_7p5_reactant/orca.densities
DELETED 1689120 phase2b_charge_design/05d_shell_ladder/relax/run_screen_7p5_reactant/orca.gbw
DELETED 1115136 phase2b_charge_design/05d_shell_ladder/relax/run_screen_7p6_product/orca.densities
DELETED 1689120 phase2b_charge_design/05d_shell_ladder/relax/run_screen_7p6_product/orca.gbw
DELETED 1115136 phase2b_charge_design/05d_shell_ladder/relax/run_screen_7p6_reactant/orca.densities
DELETED 1689120 phase2b_charge_design/05d_shell_ladder/relax/run_screen_7p6_reactant/orca.gbw
DELETED 1115136 phase2b_charge_design/05d_shell_ladder/relax/run_screen_7p7_product/orca.densities
DELETED 1689120 phase2b_charge_design/05d_shell_ladder/relax/run_screen_7p7_product/orca.gbw
DELETED 1115136 phase2b_charge_design/05d_shell_ladder/relax/run_screen_7p7_reactant/orca.densities
DELETED 1689120 phase2b_charge_design/05d_shell_ladder/relax/run_screen_7p7_reactant/orca.gbw
DELETED 1115136 phase2b_charge_design/05d_shell_ladder/relax/run_screen_7p8_product/orca.densities
DELETED 1689120 phase2b_charge_design/05d_shell_ladder/relax/run_screen_7p8_product/orca.gbw
DELETED 1115136 phase2b_charge_design/05d_shell_ladder/relax/run_screen_7p8_reactant/orca.densities
DELETED 1689120 phase2b_charge_design/05d_shell_ladder/relax/run_screen_7p8_reactant/orca.gbw
DELETED 1115136 phase2b_charge_design/05d_shell_ladder/relax/run_screen_7p9_product/orca.densities
DELETED 1689120 phase2b_charge_design/05d_shell_ladder/relax/run_screen_7p9_product/orca.gbw
DELETED 1115136 phase2b_charge_design/05d_shell_ladder/relax/run_screen_7p9_reactant/orca.densities
DELETED 1689120 phase2b_charge_design/05d_shell_ladder/relax/run_screen_7p9_reactant/orca.gbw
DELETED 1115136 phase2b_charge_design/05d_shell_ladder/relax/run_screen_8p0_product/orca.densities
DELETED 1689120 phase2b_charge_design/05d_shell_ladder/relax/run_screen_8p0_product/orca.gbw
DELETED 1115136 phase2b_charge_design/05d_shell_ladder/relax/run_screen_8p0_reactant/orca.densities
DELETED 1689120 phase2b_charge_design/05d_shell_ladder/relax/run_screen_8p0_reactant/orca.gbw
DELETED 1115136 phase2b_charge_design/05d_shell_ladder/relax/run_screen_8p1_product/orca.densities
DELETED 1689120 phase2b_charge_design/05d_shell_ladder/relax/run_screen_8p1_product/orca.gbw
DELETED 1115136 phase2b_charge_design/05d_shell_ladder/relax/run_screen_8p1_reactant/orca.densities
DELETED 1689120 phase2b_charge_design/05d_shell_ladder/relax/run_screen_8p1_reactant/orca.gbw
DELETED 1115136 phase2b_charge_design/05d_shell_ladder/relax/run_screen_8p2_product/orca.densities
DELETED 1689120 phase2b_charge_design/05d_shell_ladder/relax/run_screen_8p2_product/orca.gbw
DELETED 1115136 phase2b_charge_design/05d_shell_ladder/relax/run_screen_8p2_reactant/orca.densities
DELETED 1689120 phase2b_charge_design/05d_shell_ladder/relax/run_screen_8p2_reactant/orca.gbw
DELETED 1115136 phase2b_charge_design/05d_shell_ladder/relax/run_screen_8p3_product/orca.densities
DELETED 1689120 phase2b_charge_design/05d_shell_ladder/relax/run_screen_8p3_product/orca.gbw
DELETED 1115136 phase2b_charge_design/05d_shell_ladder/relax/run_screen_8p3_reactant/orca.densities
DELETED 1689120 phase2b_charge_design/05d_shell_ladder/relax/run_screen_8p3_reactant/orca.gbw
DELETED 1115136 phase2b_charge_design/05d_shell_ladder/relax/run_screen_8p5_product/orca.densities
DELETED 1689120 phase2b_charge_design/05d_shell_ladder/relax/run_screen_8p5_product/orca.gbw
DELETED 1115136 phase2b_charge_design/05d_shell_ladder/relax/run_screen_8p5_reactant/orca.densities
DELETED 1689120 phase2b_charge_design/05d_shell_ladder/relax/run_screen_8p5_reactant/orca.gbw
DELETED 1115136 phase2b_charge_design/05d_shell_ladder/relax/run_screen_8p6_product/orca.densities
DELETED 1689120 phase2b_charge_design/05d_shell_ladder/relax/run_screen_8p6_product/orca.gbw
DELETED 1115136 phase2b_charge_design/05d_shell_ladder/relax/run_screen_8p6_reactant/orca.densities
DELETED 1689120 phase2b_charge_design/05d_shell_ladder/relax/run_screen_8p6_reactant/orca.gbw
DELETED 1115136 phase2b_charge_design/05d_shell_ladder/relax/run_screen_8p7_product/orca.densities
DELETED 1689120 phase2b_charge_design/05d_shell_ladder/relax/run_screen_8p7_product/orca.gbw
DELETED 1115136 phase2b_charge_design/05d_shell_ladder/relax/run_screen_8p7_reactant/orca.densities
DELETED 1689120 phase2b_charge_design/05d_shell_ladder/relax/run_screen_8p7_reactant/orca.gbw
DELETED 1115136 phase2b_charge_design/05d_shell_ladder/relax/run_screen_8p8_product/orca.densities
DELETED 1689120 phase2b_charge_design/05d_shell_ladder/relax/run_screen_8p8_product/orca.gbw
DELETED 1115136 phase2b_charge_design/05d_shell_ladder/relax/run_screen_8p8_reactant/orca.densities
DELETED 1689120 phase2b_charge_design/05d_shell_ladder/relax/run_screen_8p8_reactant/orca.gbw
DELETED 1115136 phase2b_charge_design/05d_shell_ladder/relax/run_screen_8p9_product/orca.densities
DELETED 1689120 phase2b_charge_design/05d_shell_ladder/relax/run_screen_8p9_product/orca.gbw
DELETED 1115136 phase2b_charge_design/05d_shell_ladder/relax/run_screen_8p9_reactant/orca.densities
DELETED 1689120 phase2b_charge_design/05d_shell_ladder/relax/run_screen_8p9_reactant/orca.gbw
DELETED 1115136 phase2b_charge_design/05d_shell_ladder/relax/run_screen_9p0_product/orca.densities
DELETED 1689120 phase2b_charge_design/05d_shell_ladder/relax/run_screen_9p0_product/orca.gbw
DELETED 1115136 phase2b_charge_design/05d_shell_ladder/relax/run_screen_9p0_reactant/orca.densities
DELETED 1689120 phase2b_charge_design/05d_shell_ladder/relax/run_screen_9p0_reactant/orca.gbw
DELETED 1115136 phase2b_charge_design/05d_shell_ladder/relax/run_shell10p0/orca.densities
DELETED 1689120 phase2b_charge_design/05d_shell_ladder/relax/run_shell10p0/orca.gbw
DELETED 1115136 phase2b_charge_design/05d_shell_ladder/relax/run_shell11p0/orca.densities
DELETED 1689120 phase2b_charge_design/05d_shell_ladder/relax/run_shell11p0/orca.gbw
DELETED 1115136 phase2b_charge_design/05d_shell_ladder/relax/run_shell12p0/orca.densities
DELETED 1689120 phase2b_charge_design/05d_shell_ladder/relax/run_shell12p0/orca.gbw
DELETED 1115136 phase2b_charge_design/05d_shell_ladder/relax/run_shell13p0/orca.densities
DELETED 1689120 phase2b_charge_design/05d_shell_ladder/relax/run_shell13p0/orca.gbw
DELETED 1115136 phase2b_charge_design/05d_shell_ladder/relax/run_shell14p0/orca.densities
DELETED 1689120 phase2b_charge_design/05d_shell_ladder/relax/run_shell14p0/orca.gbw
DELETED 1115136 phase2b_charge_design/05d_shell_ladder/relax/run_shell15p0/orca.densities
DELETED 1689120 phase2b_charge_design/05d_shell_ladder/relax/run_shell15p0/orca.gbw
DELETED 1115136 phase2b_charge_design/05d_shell_ladder/relax/run_shell2p0/orca.densities
DELETED 1689120 phase2b_charge_design/05d_shell_ladder/relax/run_shell2p0/orca.gbw
DELETED 1115136 phase2b_charge_design/05d_shell_ladder/relax/run_shell3p0/orca.densities
DELETED 1689120 phase2b_charge_design/05d_shell_ladder/relax/run_shell3p0/orca.gbw
DELETED 1115136 phase2b_charge_design/05d_shell_ladder/relax/run_shell4p0/orca.densities
DELETED 1689120 phase2b_charge_design/05d_shell_ladder/relax/run_shell4p0/orca.gbw
DELETED 1115136 phase2b_charge_design/05d_shell_ladder/relax/run_shell5p0/orca.densities
DELETED 1689120 phase2b_charge_design/05d_shell_ladder/relax/run_shell5p0/orca.gbw
DELETED 1115136 phase2b_charge_design/05d_shell_ladder/relax/run_shell6p0/orca.densities
DELETED 1689120 phase2b_charge_design/05d_shell_ladder/relax/run_shell6p0/orca.gbw
DELETED 1115136 phase2b_charge_design/05d_shell_ladder/relax/run_shell7p0/orca.densities
DELETED 1689120 phase2b_charge_design/05d_shell_ladder/relax/run_shell7p0/orca.gbw
DELETED 1115136 phase2b_charge_design/05d_shell_ladder/relax/run_shell7p1/orca.densities
DELETED 1689120 phase2b_charge_design/05d_shell_ladder/relax/run_shell7p1/orca.gbw
DELETED 1115136 phase2b_charge_design/05d_shell_ladder/relax/run_shell7p2/orca.densities
DELETED 1689120 phase2b_charge_design/05d_shell_ladder/relax/run_shell7p2/orca.gbw
DELETED 1115136 phase2b_charge_design/05d_shell_ladder/relax/run_shell7p3/orca.densities
DELETED 1689120 phase2b_charge_design/05d_shell_ladder/relax/run_shell7p3/orca.gbw
DELETED 1115136 phase2b_charge_design/05d_shell_ladder/relax/run_shell7p4/orca.densities
DELETED 1689120 phase2b_charge_design/05d_shell_ladder/relax/run_shell7p4/orca.gbw
DELETED 1115136 phase2b_charge_design/05d_shell_ladder/relax/run_shell7p5/orca.densities
DELETED 1689120 phase2b_charge_design/05d_shell_ladder/relax/run_shell7p5/orca.gbw
DELETED 1115136 phase2b_charge_design/05d_shell_ladder/relax/run_shell7p6/orca.densities
DELETED 1689120 phase2b_charge_design/05d_shell_ladder/relax/run_shell7p6/orca.gbw
DELETED 1115136 phase2b_charge_design/05d_shell_ladder/relax/run_shell7p7/orca.densities
DELETED 1689120 phase2b_charge_design/05d_shell_ladder/relax/run_shell7p7/orca.gbw
DELETED 1115136 phase2b_charge_design/05d_shell_ladder/relax/run_shell7p8/orca.densities
DELETED 1689120 phase2b_charge_design/05d_shell_ladder/relax/run_shell7p8/orca.gbw
DELETED 1115136 phase2b_charge_design/05d_shell_ladder/relax/run_shell7p9/orca.densities
DELETED 1689120 phase2b_charge_design/05d_shell_ladder/relax/run_shell7p9/orca.gbw
DELETED 1115136 phase2b_charge_design/05d_shell_ladder/relax/run_shell8p0/orca.densities
DELETED 1689120 phase2b_charge_design/05d_shell_ladder/relax/run_shell8p0/orca.gbw
DELETED 1115136 phase2b_charge_design/05d_shell_ladder/relax/run_shell8p1/orca.densities
DELETED 1689120 phase2b_charge_design/05d_shell_ladder/relax/run_shell8p1/orca.gbw
DELETED 1115136 phase2b_charge_design/05d_shell_ladder/relax/run_shell8p2/orca.densities
DELETED 1689120 phase2b_charge_design/05d_shell_ladder/relax/run_shell8p2/orca.gbw
DELETED 1115136 phase2b_charge_design/05d_shell_ladder/relax/run_shell8p3/orca.densities
DELETED 1689120 phase2b_charge_design/05d_shell_ladder/relax/run_shell8p3/orca.gbw
DELETED 1115136 phase2b_charge_design/05d_shell_ladder/relax/run_shell8p4/orca.densities
DELETED 1689120 phase2b_charge_design/05d_shell_ladder/relax/run_shell8p4/orca.gbw
DELETED 1115136 phase2b_charge_design/05d_shell_ladder/relax/run_shell8p5/orca.densities
DELETED 1689120 phase2b_charge_design/05d_shell_ladder/relax/run_shell8p5/orca.gbw
DELETED 1115136 phase2b_charge_design/05d_shell_ladder/relax/run_shell8p6/orca.densities
DELETED 1689120 phase2b_charge_design/05d_shell_ladder/relax/run_shell8p6/orca.gbw
DELETED 1115136 phase2b_charge_design/05d_shell_ladder/relax/run_shell8p7/orca.densities
DELETED 1689120 phase2b_charge_design/05d_shell_ladder/relax/run_shell8p7/orca.gbw
DELETED 1115136 phase2b_charge_design/05d_shell_ladder/relax/run_shell8p8/orca.densities
DELETED 1689120 phase2b_charge_design/05d_shell_ladder/relax/run_shell8p8/orca.gbw
DELETED 1115136 phase2b_charge_design/05d_shell_ladder/relax/run_shell8p9/orca.densities
DELETED 1689120 phase2b_charge_design/05d_shell_ladder/relax/run_shell8p9/orca.gbw
DELETED 1115136 phase2b_charge_design/05d_shell_ladder/relax/run_shell9p0/orca.densities
DELETED 1689120 phase2b_charge_design/05d_shell_ladder/relax/run_shell9p0/orca.gbw
DELETED 2585664 phase2b_charge_design/06b_inner_shell/sp_reactant_distant_m.densities
DELETED 2458976 phase2b_charge_design/06b_inner_shell/sp_reactant_distant_m.gbw
DELETED 2585664 phase2b_charge_design/06b_inner_shell/sp_reactant_distant_p.densities
DELETED 2458976 phase2b_charge_design/06b_inner_shell/sp_reactant_distant_p.gbw
DELETED 2585664 phase2b_charge_design/06b_inner_shell/sp_reactant_inner_1.5_m.densities
DELETED 2458976 phase2b_charge_design/06b_inner_shell/sp_reactant_inner_1.5_m.gbw
DELETED 2585664 phase2b_charge_design/06b_inner_shell/sp_reactant_inner_1.5_p.densities
DELETED 2458976 phase2b_charge_design/06b_inner_shell/sp_reactant_inner_1.5_p.gbw
DELETED 2585664 phase2b_charge_design/06b_inner_shell/sp_reactant_inner_1.5_q025_m.densities
DELETED 2458976 phase2b_charge_design/06b_inner_shell/sp_reactant_inner_1.5_q025_m.gbw
DELETED 2585664 phase2b_charge_design/06b_inner_shell/sp_reactant_inner_1.5_q025_p.densities
DELETED 2458976 phase2b_charge_design/06b_inner_shell/sp_reactant_inner_1.5_q025_p.gbw
DELETED 2585664 phase2b_charge_design/06b_inner_shell/sp_reactant_inner_1.5_q050_m.densities
DELETED 2458976 phase2b_charge_design/06b_inner_shell/sp_reactant_inner_1.5_q050_m.gbw
DELETED 2585664 phase2b_charge_design/06b_inner_shell/sp_reactant_inner_1.5_q050_p.densities
DELETED 2458976 phase2b_charge_design/06b_inner_shell/sp_reactant_inner_1.5_q050_p.gbw
DELETED 2585664 phase2b_charge_design/06b_inner_shell/sp_reactant_inner_2.0_m.densities
DELETED 2458976 phase2b_charge_design/06b_inner_shell/sp_reactant_inner_2.0_m.gbw
DELETED 2585664 phase2b_charge_design/06b_inner_shell/sp_reactant_inner_2.0_p.densities
DELETED 2458976 phase2b_charge_design/06b_inner_shell/sp_reactant_inner_2.0_p.gbw
DELETED 2585664 phase2b_charge_design/06b_inner_shell/sp_reactant_inner_2.0_q025_m.densities
DELETED 2458976 phase2b_charge_design/06b_inner_shell/sp_reactant_inner_2.0_q025_m.gbw
DELETED 2585664 phase2b_charge_design/06b_inner_shell/sp_reactant_inner_2.0_q025_p.densities
DELETED 2458976 phase2b_charge_design/06b_inner_shell/sp_reactant_inner_2.0_q025_p.gbw
DELETED 2585664 phase2b_charge_design/06b_inner_shell/sp_reactant_inner_2.0_q050_m.densities
DELETED 2458976 phase2b_charge_design/06b_inner_shell/sp_reactant_inner_2.0_q050_m.gbw
DELETED 2585664 phase2b_charge_design/06b_inner_shell/sp_reactant_inner_2.0_q050_p.densities
DELETED 2458976 phase2b_charge_design/06b_inner_shell/sp_reactant_inner_2.0_q050_p.gbw
DELETED 2585664 phase2b_charge_design/06b_inner_shell/sp_reactant_inner_2.5_m.densities
DELETED 2458976 phase2b_charge_design/06b_inner_shell/sp_reactant_inner_2.5_m.gbw
DELETED 2585664 phase2b_charge_design/06b_inner_shell/sp_reactant_inner_2.5_p.densities
DELETED 2458976 phase2b_charge_design/06b_inner_shell/sp_reactant_inner_2.5_p.gbw
DELETED 2585664 phase2b_charge_design/06b_inner_shell/sp_reactant_parent_3.0_m.densities
DELETED 2458976 phase2b_charge_design/06b_inner_shell/sp_reactant_parent_3.0_m.gbw
DELETED 2585664 phase2b_charge_design/06b_inner_shell/sp_reactant_parent_3.0_p.densities
DELETED 2458976 phase2b_charge_design/06b_inner_shell/sp_reactant_parent_3.0_p.gbw
DELETED 2585664 phase2b_charge_design/06b_inner_shell/sp_reactant_parent_3.0_q025_m.densities
DELETED 2458976 phase2b_charge_design/06b_inner_shell/sp_reactant_parent_3.0_q025_m.gbw
DELETED 2585664 phase2b_charge_design/06b_inner_shell/sp_reactant_parent_3.0_q025_p.densities
DELETED 2458976 phase2b_charge_design/06b_inner_shell/sp_reactant_parent_3.0_q025_p.gbw
DELETED 2585664 phase2b_charge_design/06b_inner_shell/sp_reactant_parent_3.0_q050_m.densities
DELETED 2458976 phase2b_charge_design/06b_inner_shell/sp_reactant_parent_3.0_q050_m.gbw
DELETED 2585664 phase2b_charge_design/06b_inner_shell/sp_reactant_parent_3.0_q050_p.densities
DELETED 2458976 phase2b_charge_design/06b_inner_shell/sp_reactant_parent_3.0_q050_p.gbw
DELETED 2585664 phase2b_charge_design/06b_inner_shell/sp_reactant_q0.densities
DELETED 2458976 phase2b_charge_design/06b_inner_shell/sp_reactant_q0.gbw
DELETED 2585664 phase2b_charge_design/06b_inner_shell/sp_ts_distant_m.densities
DELETED 2458976 phase2b_charge_design/06b_inner_shell/sp_ts_distant_m.gbw
DELETED 2585664 phase2b_charge_design/06b_inner_shell/sp_ts_distant_p.densities
DELETED 2458976 phase2b_charge_design/06b_inner_shell/sp_ts_distant_p.gbw
DELETED 2585664 phase2b_charge_design/06b_inner_shell/sp_ts_inner_1.5_m.densities
DELETED 2458976 phase2b_charge_design/06b_inner_shell/sp_ts_inner_1.5_m.gbw
DELETED 2585664 phase2b_charge_design/06b_inner_shell/sp_ts_inner_1.5_p.densities
DELETED 2458976 phase2b_charge_design/06b_inner_shell/sp_ts_inner_1.5_p.gbw
DELETED 2585664 phase2b_charge_design/06b_inner_shell/sp_ts_inner_1.5_q025_m.densities
DELETED 2458976 phase2b_charge_design/06b_inner_shell/sp_ts_inner_1.5_q025_m.gbw
DELETED 2585664 phase2b_charge_design/06b_inner_shell/sp_ts_inner_1.5_q025_p.densities
DELETED 2458976 phase2b_charge_design/06b_inner_shell/sp_ts_inner_1.5_q025_p.gbw
DELETED 2585664 phase2b_charge_design/06b_inner_shell/sp_ts_inner_1.5_q050_m.densities
DELETED 2458976 phase2b_charge_design/06b_inner_shell/sp_ts_inner_1.5_q050_m.gbw
DELETED 2585664 phase2b_charge_design/06b_inner_shell/sp_ts_inner_1.5_q050_p.densities
DELETED 2458976 phase2b_charge_design/06b_inner_shell/sp_ts_inner_1.5_q050_p.gbw
DELETED 2585664 phase2b_charge_design/06b_inner_shell/sp_ts_inner_2.0_m.densities
DELETED 2458976 phase2b_charge_design/06b_inner_shell/sp_ts_inner_2.0_m.gbw
DELETED 2585664 phase2b_charge_design/06b_inner_shell/sp_ts_inner_2.0_p.densities
DELETED 2458976 phase2b_charge_design/06b_inner_shell/sp_ts_inner_2.0_p.gbw
DELETED 2585664 phase2b_charge_design/06b_inner_shell/sp_ts_inner_2.0_q025_m.densities
DELETED 2458976 phase2b_charge_design/06b_inner_shell/sp_ts_inner_2.0_q025_m.gbw
DELETED 2585664 phase2b_charge_design/06b_inner_shell/sp_ts_inner_2.0_q025_p.densities
DELETED 2458976 phase2b_charge_design/06b_inner_shell/sp_ts_inner_2.0_q025_p.gbw
DELETED 2585664 phase2b_charge_design/06b_inner_shell/sp_ts_inner_2.0_q050_m.densities
DELETED 2458976 phase2b_charge_design/06b_inner_shell/sp_ts_inner_2.0_q050_m.gbw
DELETED 2585664 phase2b_charge_design/06b_inner_shell/sp_ts_inner_2.0_q050_p.densities
DELETED 2458976 phase2b_charge_design/06b_inner_shell/sp_ts_inner_2.0_q050_p.gbw
DELETED 2585664 phase2b_charge_design/06b_inner_shell/sp_ts_inner_2.5_m.densities
DELETED 2458976 phase2b_charge_design/06b_inner_shell/sp_ts_inner_2.5_m.gbw
DELETED 2585664 phase2b_charge_design/06b_inner_shell/sp_ts_inner_2.5_p.densities
DELETED 2458976 phase2b_charge_design/06b_inner_shell/sp_ts_inner_2.5_p.gbw
DELETED 2585664 phase2b_charge_design/06b_inner_shell/sp_ts_parent_3.0_m.densities
DELETED 2458976 phase2b_charge_design/06b_inner_shell/sp_ts_parent_3.0_m.gbw
DELETED 2585664 phase2b_charge_design/06b_inner_shell/sp_ts_parent_3.0_p.densities
DELETED 2458976 phase2b_charge_design/06b_inner_shell/sp_ts_parent_3.0_p.gbw
DELETED 2585664 phase2b_charge_design/06b_inner_shell/sp_ts_parent_3.0_q025_m.densities
DELETED 2458976 phase2b_charge_design/06b_inner_shell/sp_ts_parent_3.0_q025_m.gbw
DELETED 2585664 phase2b_charge_design/06b_inner_shell/sp_ts_parent_3.0_q025_p.densities
DELETED 2458976 phase2b_charge_design/06b_inner_shell/sp_ts_parent_3.0_q025_p.gbw
DELETED 2585664 phase2b_charge_design/06b_inner_shell/sp_ts_parent_3.0_q050_m.densities
DELETED 2458976 phase2b_charge_design/06b_inner_shell/sp_ts_parent_3.0_q050_m.gbw
DELETED 2585664 phase2b_charge_design/06b_inner_shell/sp_ts_parent_3.0_q050_p.densities
DELETED 2458976 phase2b_charge_design/06b_inner_shell/sp_ts_parent_3.0_q050_p.gbw
DELETED 2585664 phase2b_charge_design/06b_inner_shell/sp_ts_q0.densities
DELETED 2458976 phase2b_charge_design/06b_inner_shell/sp_ts_q0.gbw
DELETED 2585664 phase2b_charge_design/07_additivity/sp_reactant_q0.densities
DELETED 2458976 phase2b_charge_design/07_additivity/sp_reactant_q0.gbw
DELETED 2585664 phase2b_charge_design/07_additivity/sp_reactant_s_q0p25_A.densities
DELETED 2458976 phase2b_charge_design/07_additivity/sp_reactant_s_q0p25_A.gbw
DELETED 2585664 phase2b_charge_design/07_additivity/sp_reactant_s_q0p25_AB.densities
DELETED 2458976 phase2b_charge_design/07_additivity/sp_reactant_s_q0p25_AB.gbw
DELETED 2585664 phase2b_charge_design/07_additivity/sp_reactant_s_q0p25_B.densities
DELETED 2458976 phase2b_charge_design/07_additivity/sp_reactant_s_q0p25_B.gbw
DELETED 2585664 phase2b_charge_design/07_additivity/sp_reactant_s_q0p50_A.densities
DELETED 2458976 phase2b_charge_design/07_additivity/sp_reactant_s_q0p50_A.gbw
DELETED 2585664 phase2b_charge_design/07_additivity/sp_reactant_s_q0p50_AB.densities
DELETED 2458976 phase2b_charge_design/07_additivity/sp_reactant_s_q0p50_AB.gbw
DELETED 2585664 phase2b_charge_design/07_additivity/sp_reactant_s_q0p50_B.densities
DELETED 2458976 phase2b_charge_design/07_additivity/sp_reactant_s_q0p50_B.gbw
DELETED 2585664 phase2b_charge_design/07_additivity/sp_reactant_s_q0p75_A.densities
DELETED 2458976 phase2b_charge_design/07_additivity/sp_reactant_s_q0p75_A.gbw
DELETED 2585664 phase2b_charge_design/07_additivity/sp_reactant_s_q0p75_AB.densities
DELETED 2458976 phase2b_charge_design/07_additivity/sp_reactant_s_q0p75_AB.gbw
DELETED 2585664 phase2b_charge_design/07_additivity/sp_reactant_s_q0p75_B.densities
DELETED 2458976 phase2b_charge_design/07_additivity/sp_reactant_s_q0p75_B.gbw
DELETED 2585664 phase2b_charge_design/07_additivity/sp_reactant_sep3.0_mm_A.densities
DELETED 2458976 phase2b_charge_design/07_additivity/sp_reactant_sep3.0_mm_A.gbw
DELETED 2585664 phase2b_charge_design/07_additivity/sp_reactant_sep3.0_mm_AB.densities
DELETED 2458976 phase2b_charge_design/07_additivity/sp_reactant_sep3.0_mm_AB.gbw
DELETED 2585664 phase2b_charge_design/07_additivity/sp_reactant_sep3.0_mm_B.densities
DELETED 2458976 phase2b_charge_design/07_additivity/sp_reactant_sep3.0_mm_B.gbw
DELETED 2585664 phase2b_charge_design/07_additivity/sp_reactant_sep3.0_pm_A.densities
DELETED 2458976 phase2b_charge_design/07_additivity/sp_reactant_sep3.0_pm_A.gbw
DELETED 2585664 phase2b_charge_design/07_additivity/sp_reactant_sep3.0_pm_AB.densities
DELETED 2458976 phase2b_charge_design/07_additivity/sp_reactant_sep3.0_pm_AB.gbw
DELETED 2585664 phase2b_charge_design/07_additivity/sp_reactant_sep3.0_pm_B.densities
DELETED 2458976 phase2b_charge_design/07_additivity/sp_reactant_sep3.0_pm_B.gbw
DELETED 2585664 phase2b_charge_design/07_additivity/sp_reactant_sep3.0_pp_A.densities
DELETED 2458976 phase2b_charge_design/07_additivity/sp_reactant_sep3.0_pp_A.gbw
DELETED 2585664 phase2b_charge_design/07_additivity/sp_reactant_sep3.0_pp_AB.densities
DELETED 2458976 phase2b_charge_design/07_additivity/sp_reactant_sep3.0_pp_AB.gbw
DELETED 2585664 phase2b_charge_design/07_additivity/sp_reactant_sep3.0_pp_B.densities
DELETED 2458976 phase2b_charge_design/07_additivity/sp_reactant_sep3.0_pp_B.gbw
DELETED 2585664 phase2b_charge_design/07_additivity/sp_reactant_sep3.5_mm_A.densities
DELETED 2458976 phase2b_charge_design/07_additivity/sp_reactant_sep3.5_mm_A.gbw
DELETED 2585664 phase2b_charge_design/07_additivity/sp_reactant_sep3.5_mm_AB.densities
DELETED 2458976 phase2b_charge_design/07_additivity/sp_reactant_sep3.5_mm_AB.gbw
DELETED 2585664 phase2b_charge_design/07_additivity/sp_reactant_sep3.5_mm_B.densities
DELETED 2458976 phase2b_charge_design/07_additivity/sp_reactant_sep3.5_mm_B.gbw
DELETED 2585664 phase2b_charge_design/07_additivity/sp_reactant_sep3.5_pm_A.densities
DELETED 2458976 phase2b_charge_design/07_additivity/sp_reactant_sep3.5_pm_A.gbw
DELETED 2585664 phase2b_charge_design/07_additivity/sp_reactant_sep3.5_pm_AB.densities
DELETED 2458976 phase2b_charge_design/07_additivity/sp_reactant_sep3.5_pm_AB.gbw
DELETED 2585664 phase2b_charge_design/07_additivity/sp_reactant_sep3.5_pm_B.densities
DELETED 2458976 phase2b_charge_design/07_additivity/sp_reactant_sep3.5_pm_B.gbw
DELETED 2585664 phase2b_charge_design/07_additivity/sp_reactant_sep3.5_pp_A.densities
DELETED 2458976 phase2b_charge_design/07_additivity/sp_reactant_sep3.5_pp_A.gbw
DELETED 2585664 phase2b_charge_design/07_additivity/sp_reactant_sep3.5_pp_AB.densities
DELETED 2458976 phase2b_charge_design/07_additivity/sp_reactant_sep3.5_pp_AB.gbw
DELETED 2585664 phase2b_charge_design/07_additivity/sp_reactant_sep3.5_pp_B.densities
DELETED 2458976 phase2b_charge_design/07_additivity/sp_reactant_sep3.5_pp_B.gbw
DELETED 2585664 phase2b_charge_design/07_additivity/sp_reactant_sep4.5_mm_A.densities
DELETED 2458976 phase2b_charge_design/07_additivity/sp_reactant_sep4.5_mm_A.gbw
DELETED 2585664 phase2b_charge_design/07_additivity/sp_reactant_sep4.5_mm_AB.densities
DELETED 2458976 phase2b_charge_design/07_additivity/sp_reactant_sep4.5_mm_AB.gbw
DELETED 2585664 phase2b_charge_design/07_additivity/sp_reactant_sep4.5_mm_B.densities
DELETED 2458976 phase2b_charge_design/07_additivity/sp_reactant_sep4.5_mm_B.gbw
DELETED 2585664 phase2b_charge_design/07_additivity/sp_reactant_sep4.5_pm_A.densities
DELETED 2458976 phase2b_charge_design/07_additivity/sp_reactant_sep4.5_pm_A.gbw
DELETED 2585664 phase2b_charge_design/07_additivity/sp_reactant_sep4.5_pm_AB.densities
DELETED 2458976 phase2b_charge_design/07_additivity/sp_reactant_sep4.5_pm_AB.gbw
DELETED 2585664 phase2b_charge_design/07_additivity/sp_reactant_sep4.5_pm_B.densities
DELETED 2458976 phase2b_charge_design/07_additivity/sp_reactant_sep4.5_pm_B.gbw
DELETED 2585664 phase2b_charge_design/07_additivity/sp_reactant_sep4.5_pp_A.densities
DELETED 2458976 phase2b_charge_design/07_additivity/sp_reactant_sep4.5_pp_A.gbw
DELETED 2585664 phase2b_charge_design/07_additivity/sp_reactant_sep4.5_pp_AB.densities
DELETED 2458976 phase2b_charge_design/07_additivity/sp_reactant_sep4.5_pp_AB.gbw
DELETED 2585664 phase2b_charge_design/07_additivity/sp_reactant_sep4.5_pp_B.densities
DELETED 2458976 phase2b_charge_design/07_additivity/sp_reactant_sep4.5_pp_B.gbw
DELETED 2585664 phase2b_charge_design/07_additivity/sp_reactant_sep6.0_mm_A.densities
DELETED 2458976 phase2b_charge_design/07_additivity/sp_reactant_sep6.0_mm_A.gbw
DELETED 2585664 phase2b_charge_design/07_additivity/sp_reactant_sep6.0_mm_AB.densities
DELETED 2458976 phase2b_charge_design/07_additivity/sp_reactant_sep6.0_mm_AB.gbw
DELETED 2585664 phase2b_charge_design/07_additivity/sp_reactant_sep6.0_mm_B.densities
DELETED 2458976 phase2b_charge_design/07_additivity/sp_reactant_sep6.0_mm_B.gbw
DELETED 2585664 phase2b_charge_design/07_additivity/sp_reactant_sep6.0_pm_A.densities
DELETED 2458976 phase2b_charge_design/07_additivity/sp_reactant_sep6.0_pm_A.gbw
DELETED 2585664 phase2b_charge_design/07_additivity/sp_reactant_sep6.0_pm_AB.densities
DELETED 2458976 phase2b_charge_design/07_additivity/sp_reactant_sep6.0_pm_AB.gbw
DELETED 2585664 phase2b_charge_design/07_additivity/sp_reactant_sep6.0_pm_B.densities
DELETED 2458976 phase2b_charge_design/07_additivity/sp_reactant_sep6.0_pm_B.gbw
DELETED 2585664 phase2b_charge_design/07_additivity/sp_reactant_sep6.0_pp_A.densities
DELETED 2458976 phase2b_charge_design/07_additivity/sp_reactant_sep6.0_pp_A.gbw
DELETED 2585664 phase2b_charge_design/07_additivity/sp_reactant_sep6.0_pp_AB.densities
DELETED 2458976 phase2b_charge_design/07_additivity/sp_reactant_sep6.0_pp_AB.gbw
DELETED 2585664 phase2b_charge_design/07_additivity/sp_reactant_sep6.0_pp_B.densities
DELETED 2458976 phase2b_charge_design/07_additivity/sp_reactant_sep6.0_pp_B.gbw
DELETED 2585664 phase2b_charge_design/07_additivity/sp_reactant_sep8.0_mm_A.densities
DELETED 2458976 phase2b_charge_design/07_additivity/sp_reactant_sep8.0_mm_A.gbw
DELETED 2585664 phase2b_charge_design/07_additivity/sp_reactant_sep8.0_mm_AB.densities
DELETED 2458976 phase2b_charge_design/07_additivity/sp_reactant_sep8.0_mm_AB.gbw
DELETED 2585664 phase2b_charge_design/07_additivity/sp_reactant_sep8.0_mm_B.densities
DELETED 2458976 phase2b_charge_design/07_additivity/sp_reactant_sep8.0_mm_B.gbw
DELETED 2585664 phase2b_charge_design/07_additivity/sp_reactant_sep8.0_pm_A.densities
DELETED 2458976 phase2b_charge_design/07_additivity/sp_reactant_sep8.0_pm_A.gbw
DELETED 2585664 phase2b_charge_design/07_additivity/sp_reactant_sep8.0_pm_AB.densities
DELETED 2458976 phase2b_charge_design/07_additivity/sp_reactant_sep8.0_pm_AB.gbw
DELETED 2585664 phase2b_charge_design/07_additivity/sp_reactant_sep8.0_pm_B.densities
DELETED 2458976 phase2b_charge_design/07_additivity/sp_reactant_sep8.0_pm_B.gbw
DELETED 2585664 phase2b_charge_design/07_additivity/sp_reactant_sep8.0_pp_A.densities
DELETED 2458976 phase2b_charge_design/07_additivity/sp_reactant_sep8.0_pp_A.gbw
DELETED 2585664 phase2b_charge_design/07_additivity/sp_reactant_sep8.0_pp_AB.densities
DELETED 2458976 phase2b_charge_design/07_additivity/sp_reactant_sep8.0_pp_AB.gbw
DELETED 2585664 phase2b_charge_design/07_additivity/sp_reactant_sep8.0_pp_B.densities
DELETED 2458976 phase2b_charge_design/07_additivity/sp_reactant_sep8.0_pp_B.gbw
DELETED 2585664 phase2b_charge_design/07_additivity/sp_ts_q0.densities
DELETED 2458976 phase2b_charge_design/07_additivity/sp_ts_q0.gbw
DELETED 2585664 phase2b_charge_design/07_additivity/sp_ts_s_q0p25_A.densities
DELETED 2458976 phase2b_charge_design/07_additivity/sp_ts_s_q0p25_A.gbw
DELETED 2585664 phase2b_charge_design/07_additivity/sp_ts_s_q0p25_AB.densities
DELETED 2458976 phase2b_charge_design/07_additivity/sp_ts_s_q0p25_AB.gbw
DELETED 2585664 phase2b_charge_design/07_additivity/sp_ts_s_q0p25_B.densities
DELETED 2458976 phase2b_charge_design/07_additivity/sp_ts_s_q0p25_B.gbw
DELETED 2585664 phase2b_charge_design/07_additivity/sp_ts_s_q0p50_A.densities
DELETED 2458976 phase2b_charge_design/07_additivity/sp_ts_s_q0p50_A.gbw
DELETED 2585664 phase2b_charge_design/07_additivity/sp_ts_s_q0p50_AB.densities
DELETED 2458976 phase2b_charge_design/07_additivity/sp_ts_s_q0p50_AB.gbw
DELETED 2585664 phase2b_charge_design/07_additivity/sp_ts_s_q0p50_B.densities
DELETED 2458976 phase2b_charge_design/07_additivity/sp_ts_s_q0p50_B.gbw
DELETED 2585664 phase2b_charge_design/07_additivity/sp_ts_s_q0p75_A.densities
DELETED 2458976 phase2b_charge_design/07_additivity/sp_ts_s_q0p75_A.gbw
DELETED 2585664 phase2b_charge_design/07_additivity/sp_ts_s_q0p75_AB.densities
DELETED 2458976 phase2b_charge_design/07_additivity/sp_ts_s_q0p75_AB.gbw
DELETED 2585664 phase2b_charge_design/07_additivity/sp_ts_s_q0p75_B.densities
DELETED 2458976 phase2b_charge_design/07_additivity/sp_ts_s_q0p75_B.gbw
DELETED 2585664 phase2b_charge_design/07_additivity/sp_ts_sep3.0_mm_A.densities
DELETED 2458976 phase2b_charge_design/07_additivity/sp_ts_sep3.0_mm_A.gbw
DELETED 2585664 phase2b_charge_design/07_additivity/sp_ts_sep3.0_mm_AB.densities
DELETED 2458976 phase2b_charge_design/07_additivity/sp_ts_sep3.0_mm_AB.gbw
DELETED 2585664 phase2b_charge_design/07_additivity/sp_ts_sep3.0_mm_B.densities
DELETED 2458976 phase2b_charge_design/07_additivity/sp_ts_sep3.0_mm_B.gbw
DELETED 2585664 phase2b_charge_design/07_additivity/sp_ts_sep3.0_pm_A.densities
DELETED 2458976 phase2b_charge_design/07_additivity/sp_ts_sep3.0_pm_A.gbw
DELETED 2585664 phase2b_charge_design/07_additivity/sp_ts_sep3.0_pm_AB.densities
DELETED 2458976 phase2b_charge_design/07_additivity/sp_ts_sep3.0_pm_AB.gbw
DELETED 2585664 phase2b_charge_design/07_additivity/sp_ts_sep3.0_pm_B.densities
DELETED 2458976 phase2b_charge_design/07_additivity/sp_ts_sep3.0_pm_B.gbw
DELETED 2585664 phase2b_charge_design/07_additivity/sp_ts_sep3.0_pp_A.densities
DELETED 2458976 phase2b_charge_design/07_additivity/sp_ts_sep3.0_pp_A.gbw
DELETED 2585664 phase2b_charge_design/07_additivity/sp_ts_sep3.0_pp_AB.densities
DELETED 2458976 phase2b_charge_design/07_additivity/sp_ts_sep3.0_pp_AB.gbw
DELETED 2585664 phase2b_charge_design/07_additivity/sp_ts_sep3.0_pp_B.densities
DELETED 2458976 phase2b_charge_design/07_additivity/sp_ts_sep3.0_pp_B.gbw
DELETED 2585664 phase2b_charge_design/07_additivity/sp_ts_sep3.5_mm_A.densities
DELETED 2458976 phase2b_charge_design/07_additivity/sp_ts_sep3.5_mm_A.gbw
DELETED 2585664 phase2b_charge_design/07_additivity/sp_ts_sep3.5_mm_AB.densities
DELETED 2458976 phase2b_charge_design/07_additivity/sp_ts_sep3.5_mm_AB.gbw
DELETED 2585664 phase2b_charge_design/07_additivity/sp_ts_sep3.5_mm_B.densities
DELETED 2458976 phase2b_charge_design/07_additivity/sp_ts_sep3.5_mm_B.gbw
DELETED 2585664 phase2b_charge_design/07_additivity/sp_ts_sep3.5_pm_A.densities
DELETED 2458976 phase2b_charge_design/07_additivity/sp_ts_sep3.5_pm_A.gbw
DELETED 2585664 phase2b_charge_design/07_additivity/sp_ts_sep3.5_pm_AB.densities
DELETED 2458976 phase2b_charge_design/07_additivity/sp_ts_sep3.5_pm_AB.gbw
DELETED 2585664 phase2b_charge_design/07_additivity/sp_ts_sep3.5_pm_B.densities
DELETED 2458976 phase2b_charge_design/07_additivity/sp_ts_sep3.5_pm_B.gbw
DELETED 2585664 phase2b_charge_design/07_additivity/sp_ts_sep3.5_pp_A.densities
DELETED 2458976 phase2b_charge_design/07_additivity/sp_ts_sep3.5_pp_A.gbw
DELETED 2585664 phase2b_charge_design/07_additivity/sp_ts_sep3.5_pp_AB.densities
DELETED 2458976 phase2b_charge_design/07_additivity/sp_ts_sep3.5_pp_AB.gbw
DELETED 2585664 phase2b_charge_design/07_additivity/sp_ts_sep3.5_pp_B.densities
DELETED 2458976 phase2b_charge_design/07_additivity/sp_ts_sep3.5_pp_B.gbw
DELETED 2585664 phase2b_charge_design/07_additivity/sp_ts_sep4.5_mm_A.densities
DELETED 2458976 phase2b_charge_design/07_additivity/sp_ts_sep4.5_mm_A.gbw
DELETED 2585664 phase2b_charge_design/07_additivity/sp_ts_sep4.5_mm_AB.densities
DELETED 2458976 phase2b_charge_design/07_additivity/sp_ts_sep4.5_mm_AB.gbw
DELETED 2585664 phase2b_charge_design/07_additivity/sp_ts_sep4.5_mm_B.densities
DELETED 2458976 phase2b_charge_design/07_additivity/sp_ts_sep4.5_mm_B.gbw
DELETED 2585664 phase2b_charge_design/07_additivity/sp_ts_sep4.5_pm_A.densities
DELETED 2458976 phase2b_charge_design/07_additivity/sp_ts_sep4.5_pm_A.gbw
DELETED 2585664 phase2b_charge_design/07_additivity/sp_ts_sep4.5_pm_AB.densities
DELETED 2458976 phase2b_charge_design/07_additivity/sp_ts_sep4.5_pm_AB.gbw
DELETED 2585664 phase2b_charge_design/07_additivity/sp_ts_sep4.5_pm_B.densities
DELETED 2458976 phase2b_charge_design/07_additivity/sp_ts_sep4.5_pm_B.gbw
DELETED 2585664 phase2b_charge_design/07_additivity/sp_ts_sep4.5_pp_A.densities
DELETED 2458976 phase2b_charge_design/07_additivity/sp_ts_sep4.5_pp_A.gbw
DELETED 2585664 phase2b_charge_design/07_additivity/sp_ts_sep4.5_pp_AB.densities
DELETED 2458976 phase2b_charge_design/07_additivity/sp_ts_sep4.5_pp_AB.gbw
DELETED 2585664 phase2b_charge_design/07_additivity/sp_ts_sep4.5_pp_B.densities
DELETED 2458976 phase2b_charge_design/07_additivity/sp_ts_sep4.5_pp_B.gbw
DELETED 2585664 phase2b_charge_design/07_additivity/sp_ts_sep6.0_mm_A.densities
DELETED 2458976 phase2b_charge_design/07_additivity/sp_ts_sep6.0_mm_A.gbw
DELETED 2585664 phase2b_charge_design/07_additivity/sp_ts_sep6.0_mm_AB.densities
DELETED 2458976 phase2b_charge_design/07_additivity/sp_ts_sep6.0_mm_AB.gbw
DELETED 2585664 phase2b_charge_design/07_additivity/sp_ts_sep6.0_mm_B.densities
DELETED 2458976 phase2b_charge_design/07_additivity/sp_ts_sep6.0_mm_B.gbw
DELETED 2585664 phase2b_charge_design/07_additivity/sp_ts_sep6.0_pm_A.densities
DELETED 2458976 phase2b_charge_design/07_additivity/sp_ts_sep6.0_pm_A.gbw
DELETED 2585664 phase2b_charge_design/07_additivity/sp_ts_sep6.0_pm_AB.densities
DELETED 2458976 phase2b_charge_design/07_additivity/sp_ts_sep6.0_pm_AB.gbw
DELETED 2585664 phase2b_charge_design/07_additivity/sp_ts_sep6.0_pm_B.densities
DELETED 2458976 phase2b_charge_design/07_additivity/sp_ts_sep6.0_pm_B.gbw
DELETED 2585664 phase2b_charge_design/07_additivity/sp_ts_sep6.0_pp_A.densities
DELETED 2458976 phase2b_charge_design/07_additivity/sp_ts_sep6.0_pp_A.gbw
DELETED 2585664 phase2b_charge_design/07_additivity/sp_ts_sep6.0_pp_AB.densities
DELETED 2458976 phase2b_charge_design/07_additivity/sp_ts_sep6.0_pp_AB.gbw
DELETED 2585664 phase2b_charge_design/07_additivity/sp_ts_sep6.0_pp_B.densities
DELETED 2458976 phase2b_charge_design/07_additivity/sp_ts_sep6.0_pp_B.gbw
DELETED 2585664 phase2b_charge_design/07_additivity/sp_ts_sep8.0_mm_A.densities
DELETED 2458976 phase2b_charge_design/07_additivity/sp_ts_sep8.0_mm_A.gbw
DELETED 2585664 phase2b_charge_design/07_additivity/sp_ts_sep8.0_mm_AB.densities
DELETED 2458976 phase2b_charge_design/07_additivity/sp_ts_sep8.0_mm_AB.gbw
DELETED 2585664 phase2b_charge_design/07_additivity/sp_ts_sep8.0_mm_B.densities
DELETED 2458976 phase2b_charge_design/07_additivity/sp_ts_sep8.0_mm_B.gbw
DELETED 2585664 phase2b_charge_design/07_additivity/sp_ts_sep8.0_pm_A.densities
DELETED 2458976 phase2b_charge_design/07_additivity/sp_ts_sep8.0_pm_A.gbw
DELETED 2585664 phase2b_charge_design/07_additivity/sp_ts_sep8.0_pm_AB.densities
DELETED 2458976 phase2b_charge_design/07_additivity/sp_ts_sep8.0_pm_AB.gbw
DELETED 2585664 phase2b_charge_design/07_additivity/sp_ts_sep8.0_pm_B.densities
DELETED 2458976 phase2b_charge_design/07_additivity/sp_ts_sep8.0_pm_B.gbw
DELETED 2585664 phase2b_charge_design/07_additivity/sp_ts_sep8.0_pp_A.densities
DELETED 2458976 phase2b_charge_design/07_additivity/sp_ts_sep8.0_pp_A.gbw
DELETED 2585664 phase2b_charge_design/07_additivity/sp_ts_sep8.0_pp_AB.densities
DELETED 2458976 phase2b_charge_design/07_additivity/sp_ts_sep8.0_pp_AB.gbw
DELETED 2585664 phase2b_charge_design/07_additivity/sp_ts_sep8.0_pp_B.densities
DELETED 2458976 phase2b_charge_design/07_additivity/sp_ts_sep8.0_pp_B.gbw
DELETED 41496 phase2b_charge_design/07_stage0/runs/K1_product/job.carthess
DELETED 1115136 phase2b_charge_design/07_stage0/runs/K1_product/job.densities
DELETED 1689120 phase2b_charge_design/07_stage0/runs/K1_product/job.gbw
DELETED 41496 phase2b_charge_design/07_stage0/runs/K1_reactant/job.carthess
DELETED 1115136 phase2b_charge_design/07_stage0/runs/K1_reactant/job.densities
DELETED 1689120 phase2b_charge_design/07_stage0/runs/K1_reactant/job.gbw
DELETED 41496 phase2b_charge_design/07_stage0/runs/K2_product/job.carthess
DELETED 1115136 phase2b_charge_design/07_stage0/runs/K2_product/job.densities
DELETED 1689120 phase2b_charge_design/07_stage0/runs/K2_product/job.gbw
DELETED 41496 phase2b_charge_design/07_stage0/runs/K2_reactant/job.carthess
DELETED 1115136 phase2b_charge_design/07_stage0/runs/K2_reactant/job.densities
DELETED 1689120 phase2b_charge_design/07_stage0/runs/K2_reactant/job.gbw
DELETED 41496 phase2b_charge_design/07_stage0/runs/K3_product/job.carthess
DELETED 1115136 phase2b_charge_design/07_stage0/runs/K3_product/job.densities
DELETED 1689120 phase2b_charge_design/07_stage0/runs/K3_product/job.gbw
DELETED 41496 phase2b_charge_design/07_stage0/runs/K3_reactant/job.carthess
DELETED 1115136 phase2b_charge_design/07_stage0/runs/K3_reactant/job.densities
DELETED 1689120 phase2b_charge_design/07_stage0/runs/K3_reactant/job.gbw
DELETED 8 phase2b_charge_design/07_stage0/runs/K4_product/job.E.tmp
DELETED 4110520 phase2b_charge_design/07_stage0/runs/K4_product/job.EIJ.tmp
DELETED 279864 phase2b_charge_design/07_stage0/runs/K4_product/job.H.tmp
DELETED 1792884 phase2b_charge_design/07_stage0/runs/K4_product/job.K.tmp
DELETED 557592 phase2b_charge_design/07_stage0/runs/K4_product/job.K0.tmp
DELETED 279864 phase2b_charge_design/07_stage0/runs/K4_product/job.P0.tmp
DELETED 1912036 phase2b_charge_design/07_stage0/runs/K4_product/job.PDAT.tmp
DELETED 279864 phase2b_charge_design/07_stage0/runs/K4_product/job.S.tmp
DELETED 557592 phase2b_charge_design/07_stage0/runs/K4_product/job.SC0.gridx1.tmp
DELETED 557592 phase2b_charge_design/07_stage0/runs/K4_product/job.SC0.gridx2.tmp
DELETED 557592 phase2b_charge_design/07_stage0/runs/K4_product/job.SC0.gridx3.tmp
DELETED 58104 phase2b_charge_design/07_stage0/runs/K4_product/job.SHARK.KPRSCR.tmp
DELETED 557592 phase2b_charge_design/07_stage0/runs/K4_product/job.SINV.gridx1_factor.tmp
DELETED 557592 phase2b_charge_design/07_stage0/runs/K4_product/job.SINV.gridx2_factor.tmp
DELETED 557592 phase2b_charge_design/07_stage0/runs/K4_product/job.SINV.gridx3_factor.tmp
DELETED 279864 phase2b_charge_design/07_stage0/runs/K4_product/job.SM12.tmp
DELETED 279864 phase2b_charge_design/07_stage0/runs/K4_product/job.SP12.tmp
DELETED 7000 phase2b_charge_design/07_stage0/runs/K4_product/job.SQRTVJ.tmp
DELETED 279864 phase2b_charge_design/07_stage0/runs/K4_product/job.T.tmp
DELETED 279864 phase2b_charge_design/07_stage0/runs/K4_product/job.V.tmp
DELETED 6083096 phase2b_charge_design/07_stage0/runs/K4_product/job.VAUXJ.tmp
DELETED 6083096 phase2b_charge_design/07_stage0/runs/K4_product/job.VCDJ.tmp
DELETED 41496 phase2b_charge_design/07_stage0/runs/K4_product/job.carthess
DELETED 412754 phase2b_charge_design/07_stage0/runs/K4_product/job.cpcm.tmp
DELETED 47589792 phase2b_charge_design/07_stage0/runs/K4_product/job.cpcm_achol.tmp
DELETED 1115136 phase2b_charge_design/07_stage0/runs/K4_product/job.densities
DELETED 48 phase2b_charge_design/07_stage0/runs/K4_product/job.en.tmp
DELETED 122856 phase2b_charge_design/07_stage0/runs/K4_product/job.exc0.tmp
DELETED 122704 phase2b_charge_design/07_stage0/runs/K4_product/job.exc1.tmp
DELETED 122608 phase2b_charge_design/07_stage0/runs/K4_product/job.exc2.tmp
DELETED 122432 phase2b_charge_design/07_stage0/runs/K4_product/job.exc3.tmp
DELETED 122312 phase2b_charge_design/07_stage0/runs/K4_product/job.exc4.tmp
DELETED 122208 phase2b_charge_design/07_stage0/runs/K4_product/job.exc5.tmp
DELETED 122072 phase2b_charge_design/07_stage0/runs/K4_product/job.exc6.tmp
DELETED 121984 phase2b_charge_design/07_stage0/runs/K4_product/job.exc7.tmp
DELETED 1689120 phase2b_charge_design/07_stage0/runs/K4_product/job.gbw
DELETED 76 phase2b_charge_design/07_stage0/runs/K4_product/job.ginp.tmp
DELETED 491424 phase2b_charge_design/07_stage0/runs/K4_product/job.gpot0.tmp
DELETED 490816 phase2b_charge_design/07_stage0/runs/K4_product/job.gpot1.tmp
DELETED 490432 phase2b_charge_design/07_stage0/runs/K4_product/job.gpot2.tmp
DELETED 489728 phase2b_charge_design/07_stage0/runs/K4_product/job.gpot3.tmp
DELETED 489248 phase2b_charge_design/07_stage0/runs/K4_product/job.gpot4.tmp
DELETED 488832 phase2b_charge_design/07_stage0/runs/K4_product/job.gpot5.tmp
DELETED 488288 phase2b_charge_design/07_stage0/runs/K4_product/job.gpot6.tmp
DELETED 487936 phase2b_charge_design/07_stage0/runs/K4_product/job.gpot7.tmp
DELETED 2520 phase2b_charge_design/07_stage0/runs/K4_product/job.grad.tmp
DELETED 491424 phase2b_charge_design/07_stage0/runs/K4_product/job.grho0.tmp
DELETED 490816 phase2b_charge_design/07_stage0/runs/K4_product/job.grho1.tmp
DELETED 490432 phase2b_charge_design/07_stage0/runs/K4_product/job.grho2.tmp
DELETED 489728 phase2b_charge_design/07_stage0/runs/K4_product/job.grho3.tmp
DELETED 489248 phase2b_charge_design/07_stage0/runs/K4_product/job.grho4.tmp
DELETED 488832 phase2b_charge_design/07_stage0/runs/K4_product/job.grho5.tmp
DELETED 488288 phase2b_charge_design/07_stage0/runs/K4_product/job.grho6.tmp
DELETED 487936 phase2b_charge_design/07_stage0/runs/K4_product/job.grho7.tmp
DELETED 9770124 phase2b_charge_design/07_stage0/runs/K4_product/job.grid.tmp
DELETED 1136660 phase2b_charge_design/07_stage0/runs/K4_product/job.gridx1.tmp
DELETED 2454180 phase2b_charge_design/07_stage0/runs/K4_product/job.gridx2.tmp
DELETED 5300288 phase2b_charge_design/07_stage0/runs/K4_product/job.gridx3.tmp
DELETED 40483 phase2b_charge_design/07_stage0/runs/K4_product/job.int.tmp
DELETED 491424 phase2b_charge_design/07_stage0/runs/K4_product/job.opot0.tmp
DELETED 490816 phase2b_charge_design/07_stage0/runs/K4_product/job.opot1.tmp
DELETED 490432 phase2b_charge_design/07_stage0/runs/K4_product/job.opot2.tmp
DELETED 489728 phase2b_charge_design/07_stage0/runs/K4_product/job.opot3.tmp
DELETED 489248 phase2b_charge_design/07_stage0/runs/K4_product/job.opot4.tmp
DELETED 488832 phase2b_charge_design/07_stage0/runs/K4_product/job.opot5.tmp
DELETED 488288 phase2b_charge_design/07_stage0/runs/K4_product/job.opot6.tmp
DELETED 487936 phase2b_charge_design/07_stage0/runs/K4_product/job.opot7.tmp
DELETED 491424 phase2b_charge_design/07_stage0/runs/K4_product/job.orho0.tmp
DELETED 490816 phase2b_charge_design/07_stage0/runs/K4_product/job.orho1.tmp
DELETED 490432 phase2b_charge_design/07_stage0/runs/K4_product/job.orho2.tmp
DELETED 489728 phase2b_charge_design/07_stage0/runs/K4_product/job.orho3.tmp
DELETED 489248 phase2b_charge_design/07_stage0/runs/K4_product/job.orho4.tmp
DELETED 488832 phase2b_charge_design/07_stage0/runs/K4_product/job.orho5.tmp
DELETED 488288 phase2b_charge_design/07_stage0/runs/K4_product/job.orho6.tmp
DELETED 487936 phase2b_charge_design/07_stage0/runs/K4_product/job.orho7.tmp
DELETED 600 phase2b_charge_design/07_stage0/runs/K4_product/job.refgeohess.tmp
DELETED 9770124 phase2b_charge_design/07_stage0/runs/K4_product/job.shark_grid.tmp
DELETED 279864 phase2b_charge_design/07_stage0/runs/K4_product/job.vcpcm.tmp
DELETED 41496 phase2b_charge_design/07_stage0/runs/K4_reactant/job.carthess
DELETED 1115136 phase2b_charge_design/07_stage0/runs/K4_reactant/job.densities
DELETED 1689120 phase2b_charge_design/07_stage0/runs/K4_reactant/job.gbw
DELETED 1115136 phase2b_charge_design/07_stage0/stage1/mmsurr/orca.densities
DELETED 1689120 phase2b_charge_design/07_stage0/stage1/mmsurr/orca.gbw
DELETED 1115136 phase2b_charge_design/07_stage0/stage1/mmsurr_k1/orca.densities
DELETED 1689120 phase2b_charge_design/07_stage0/stage1/mmsurr_k1/orca.gbw
DELETED 1115136 phase2b_charge_design/07_stage0/stage1/mmsurr_k3/orca.densities
DELETED 1689120 phase2b_charge_design/07_stage0/stage1/mmsurr_k3/orca.gbw
DELETED 1115136 phase2b_charge_design/07_stage0/stage1/mmsurr_k4/orca.densities
DELETED 1689120 phase2b_charge_design/07_stage0/stage1/mmsurr_k4/orca.gbw
DELETED 1115136 phase2b_charge_design/07_stage0/stage1/mmsurr_restr/orca.densities
DELETED 1689120 phase2b_charge_design/07_stage0/stage1/mmsurr_restr/orca.gbw
DELETED 1689120 phase2b_charge_design/07_stage0/stage1/nebts_k2/image_0/current_image0.gbw
DELETED 1115136 phase2b_charge_design/07_stage0/stage1/nebts_k2/image_0/orca.densities
DELETED 1689120 phase2b_charge_design/07_stage0/stage1/nebts_k2/image_0/orca.gbw
DELETED 1689120 phase2b_charge_design/07_stage0/stage1/nebts_k2/image_1/current_image1.gbw
DELETED 1115136 phase2b_charge_design/07_stage0/stage1/nebts_k2/image_1/orca.densities
DELETED 1689120 phase2b_charge_design/07_stage0/stage1/nebts_k2/image_1/orca.gbw
DELETED 1689120 phase2b_charge_design/07_stage0/stage1/nebts_k2/image_10/current_image10.gbw
DELETED 1115136 phase2b_charge_design/07_stage0/stage1/nebts_k2/image_10/orca.densities
DELETED 1689120 phase2b_charge_design/07_stage0/stage1/nebts_k2/image_10/orca.gbw
DELETED 1689120 phase2b_charge_design/07_stage0/stage1/nebts_k2/image_11/current_image11.gbw
DELETED 1115136 phase2b_charge_design/07_stage0/stage1/nebts_k2/image_11/orca.densities
DELETED 1689120 phase2b_charge_design/07_stage0/stage1/nebts_k2/image_11/orca.gbw
DELETED 1689120 phase2b_charge_design/07_stage0/stage1/nebts_k2/image_2/current_image2.gbw
DELETED 1115136 phase2b_charge_design/07_stage0/stage1/nebts_k2/image_2/orca.densities
DELETED 1689120 phase2b_charge_design/07_stage0/stage1/nebts_k2/image_2/orca.gbw
DELETED 1689120 phase2b_charge_design/07_stage0/stage1/nebts_k2/image_3/current_image3.gbw
DELETED 1115136 phase2b_charge_design/07_stage0/stage1/nebts_k2/image_3/orca.densities
DELETED 1689120 phase2b_charge_design/07_stage0/stage1/nebts_k2/image_3/orca.gbw
DELETED 1689120 phase2b_charge_design/07_stage0/stage1/nebts_k2/image_4/current_image4.gbw
DELETED 1115136 phase2b_charge_design/07_stage0/stage1/nebts_k2/image_4/orca.densities
DELETED 1689120 phase2b_charge_design/07_stage0/stage1/nebts_k2/image_4/orca.gbw
DELETED 1689120 phase2b_charge_design/07_stage0/stage1/nebts_k2/image_5/current_image5.gbw
DELETED 1115136 phase2b_charge_design/07_stage0/stage1/nebts_k2/image_5/orca.densities
DELETED 1689120 phase2b_charge_design/07_stage0/stage1/nebts_k2/image_5/orca.gbw
DELETED 1689120 phase2b_charge_design/07_stage0/stage1/nebts_k2/image_6/current_image6.gbw
DELETED 1115136 phase2b_charge_design/07_stage0/stage1/nebts_k2/image_6/orca.densities
DELETED 1689120 phase2b_charge_design/07_stage0/stage1/nebts_k2/image_6/orca.gbw
DELETED 1689120 phase2b_charge_design/07_stage0/stage1/nebts_k2/image_7/current_image7.gbw
DELETED 1115136 phase2b_charge_design/07_stage0/stage1/nebts_k2/image_7/orca.densities
DELETED 1689120 phase2b_charge_design/07_stage0/stage1/nebts_k2/image_7/orca.gbw
DELETED 1689120 phase2b_charge_design/07_stage0/stage1/nebts_k2/image_8/current_image8.gbw
DELETED 1115136 phase2b_charge_design/07_stage0/stage1/nebts_k2/image_8/orca.densities
DELETED 1689120 phase2b_charge_design/07_stage0/stage1/nebts_k2/image_8/orca.gbw
DELETED 1689120 phase2b_charge_design/07_stage0/stage1/nebts_k2/image_9/current_image9.gbw
DELETED 1115136 phase2b_charge_design/07_stage0/stage1/nebts_k2/image_9/orca.densities
DELETED 1689120 phase2b_charge_design/07_stage0/stage1/nebts_k2/image_9/orca.gbw
DELETED 1115136 phase2b_charge_design/07_stage0/stage1/orca.densities
DELETED 1689120 phase2b_charge_design/07_stage0/stage1/orca.gbw
DELETED 1115136 phase2b_charge_design/07_stage0/stage1/prod_k1/orca.densities
DELETED 1689120 phase2b_charge_design/07_stage0/stage1/prod_k1/orca.gbw
DELETED 1115136 phase2b_charge_design/07_stage0/stage1/prod_k2/orca.densities
DELETED 1689120 phase2b_charge_design/07_stage0/stage1/prod_k2/orca.gbw
DELETED 1115136 phase2b_charge_design/07_stage0/stage1/prod_k3/orca.densities
DELETED 1689120 phase2b_charge_design/07_stage0/stage1/prod_k3/orca.gbw
DELETED 1115136 phase2b_charge_design/07_stage0/stage1/prod_k4/orca.densities
DELETED 1689120 phase2b_charge_design/07_stage0/stage1/prod_k4/orca.gbw
DELETED 41496 phase2b_charge_design/07_stage0/stage1/runs/K1_product/job.carthess
DELETED 1115136 phase2b_charge_design/07_stage0/stage1/runs/K1_product/job.densities
DELETED 1689120 phase2b_charge_design/07_stage0/stage1/runs/K1_product/job.gbw
DELETED 41496 phase2b_charge_design/07_stage0/stage1/runs/K1_reactant/job.carthess
DELETED 1115136 phase2b_charge_design/07_stage0/stage1/runs/K1_reactant/job.densities
DELETED 1689120 phase2b_charge_design/07_stage0/stage1/runs/K1_reactant/job.gbw
DELETED 41496 phase2b_charge_design/07_stage0/stage1/runs/K2_product/job.carthess
DELETED 1115136 phase2b_charge_design/07_stage0/stage1/runs/K2_product/job.densities
DELETED 1689120 phase2b_charge_design/07_stage0/stage1/runs/K2_product/job.gbw
DELETED 41496 phase2b_charge_design/07_stage0/stage1/runs/K2_reactant/job.carthess
DELETED 1115136 phase2b_charge_design/07_stage0/stage1/runs/K2_reactant/job.densities
DELETED 1689120 phase2b_charge_design/07_stage0/stage1/runs/K2_reactant/job.gbw
DELETED 41496 phase2b_charge_design/07_stage0/stage1/runs/K3_product/job.carthess
DELETED 1115136 phase2b_charge_design/07_stage0/stage1/runs/K3_product/job.densities
DELETED 1689120 phase2b_charge_design/07_stage0/stage1/runs/K3_product/job.gbw
DELETED 41496 phase2b_charge_design/07_stage0/stage1/runs/K3_reactant/job.carthess
DELETED 1115136 phase2b_charge_design/07_stage0/stage1/runs/K3_reactant/job.densities
DELETED 1689120 phase2b_charge_design/07_stage0/stage1/runs/K3_reactant/job.gbw
DELETED 41496 phase2b_charge_design/07_stage0/stage1/runs/K4_product/job.carthess
DELETED 1115136 phase2b_charge_design/07_stage0/stage1/runs/K4_product/job.densities
DELETED 1689120 phase2b_charge_design/07_stage0/stage1/runs/K4_product/job.gbw
DELETED 41496 phase2b_charge_design/07_stage0/stage1/runs/K4_reactant/job.carthess
DELETED 1115136 phase2b_charge_design/07_stage0/stage1/runs/K4_reactant/job.densities
DELETED 1689120 phase2b_charge_design/07_stage0/stage1/runs/K4_reactant/job.gbw
DELETED 1115136 phase2b_charge_design/07_stage0/stage1/scan2d_k2/orca.densities
DELETED 1689120 phase2b_charge_design/07_stage0/stage1/scan2d_k2/orca.gbw
DELETED 1115136 phase2b_charge_design/07_stage0/stage1/scan_k2/orca.densities
DELETED 1689120 phase2b_charge_design/07_stage0/stage1/scan_k2/orca.gbw
DELETED 2521744 phase2b_charge_design/07_stage0/stage1/surrogate/orca.densities
DELETED 2524752 phase2b_charge_design/07_stage0/stage1/surrogate/orca.gbw
DELETED 1115136 phase2b_charge_design/07_stage0/stage1/wall/orca.densities
DELETED 1689120 phase2b_charge_design/07_stage0/stage1/wall/orca.gbw
DELETED 1115136 phase2b_charge_design/07_stage0/stage1/wall2/orca.densities
DELETED 1689120 phase2b_charge_design/07_stage0/stage1/wall2/orca.gbw
DELETED 1115136 phase2b_charge_design/07_stage0/stage1/wall3/orca.densities
DELETED 1689120 phase2b_charge_design/07_stage0/stage1/wall3/orca.gbw
DELETED 110912 phase2b_charge_design/08_frame_sensitivity/sp_02450_R.K.tmp
DELETED 2585664 phase2b_charge_design/08_frame_sensitivity/sp_02450_R.densities
DELETED 2458976 phase2b_charge_design/08_frame_sensitivity/sp_02450_R.gbw
DELETED 110912 phase2b_charge_design/08_frame_sensitivity/sp_02450_TS.K.tmp
DELETED 2585664 phase2b_charge_design/08_frame_sensitivity/sp_02450_TS.densities
DELETED 2458976 phase2b_charge_design/08_frame_sensitivity/sp_02450_TS.gbw
DELETED 110912 phase2b_charge_design/08_frame_sensitivity/sp_04085_R.K.tmp
DELETED 2585664 phase2b_charge_design/08_frame_sensitivity/sp_04085_R.densities
DELETED 2458976 phase2b_charge_design/08_frame_sensitivity/sp_04085_R.gbw
DELETED 110912 phase2b_charge_design/08_frame_sensitivity/sp_04085_TS.K.tmp
DELETED 2585664 phase2b_charge_design/08_frame_sensitivity/sp_04085_TS.densities
DELETED 2458976 phase2b_charge_design/08_frame_sensitivity/sp_04085_TS.gbw
DELETED 110912 phase2b_charge_design/08_frame_sensitivity/sp_09025_R.K.tmp
DELETED 2585664 phase2b_charge_design/08_frame_sensitivity/sp_09025_R.densities
DELETED 2458976 phase2b_charge_design/08_frame_sensitivity/sp_09025_R.gbw
DELETED 110912 phase2b_charge_design/08_frame_sensitivity/sp_09025_TS.K.tmp
DELETED 2585664 phase2b_charge_design/08_frame_sensitivity/sp_09025_TS.densities
DELETED 2458976 phase2b_charge_design/08_frame_sensitivity/sp_09025_TS.gbw
DELETED 110912 phase2b_charge_design/08_frame_sensitivity/sp_09900_R.K.tmp
DELETED 2585664 phase2b_charge_design/08_frame_sensitivity/sp_09900_R.densities
DELETED 2458976 phase2b_charge_design/08_frame_sensitivity/sp_09900_R.gbw
DELETED 110912 phase2b_charge_design/08_frame_sensitivity/sp_09900_TS.K.tmp
DELETED 2585664 phase2b_charge_design/08_frame_sensitivity/sp_09900_TS.densities
DELETED 2458976 phase2b_charge_design/08_frame_sensitivity/sp_09900_TS.gbw
DELETED 110912 phase2b_charge_design/08_frame_sensitivity/sp_10775_R.K.tmp
DELETED 2585664 phase2b_charge_design/08_frame_sensitivity/sp_10775_R.densities
DELETED 2458976 phase2b_charge_design/08_frame_sensitivity/sp_10775_R.gbw
DELETED 110912 phase2b_charge_design/08_frame_sensitivity/sp_10775_TS.K.tmp
DELETED 2585664 phase2b_charge_design/08_frame_sensitivity/sp_10775_TS.densities
DELETED 2458976 phase2b_charge_design/08_frame_sensitivity/sp_10775_TS.gbw
DELETED 110912 phase2b_charge_design/08_frame_sensitivity/sp_11630_R.K.tmp
DELETED 2585664 phase2b_charge_design/08_frame_sensitivity/sp_11630_R.densities
DELETED 2458976 phase2b_charge_design/08_frame_sensitivity/sp_11630_R.gbw
DELETED 110912 phase2b_charge_design/08_frame_sensitivity/sp_11630_TS.K.tmp
DELETED 2585664 phase2b_charge_design/08_frame_sensitivity/sp_11630_TS.densities
DELETED 2458976 phase2b_charge_design/08_frame_sensitivity/sp_11630_TS.gbw
DELETED 110912 phase2b_charge_design/08_frame_sensitivity/sp_12485_R.K.tmp
DELETED 2585664 phase2b_charge_design/08_frame_sensitivity/sp_12485_R.densities
DELETED 2458976 phase2b_charge_design/08_frame_sensitivity/sp_12485_R.gbw
DELETED 110912 phase2b_charge_design/08_frame_sensitivity/sp_12485_TS.K.tmp
DELETED 2585664 phase2b_charge_design/08_frame_sensitivity/sp_12485_TS.densities
DELETED 2458976 phase2b_charge_design/08_frame_sensitivity/sp_12485_TS.gbw
DELETED 110912 phase2b_charge_design/08_frame_sensitivity/sp_14155_R.K.tmp
DELETED 2585664 phase2b_charge_design/08_frame_sensitivity/sp_14155_R.densities
DELETED 2458976 phase2b_charge_design/08_frame_sensitivity/sp_14155_R.gbw
DELETED 110912 phase2b_charge_design/08_frame_sensitivity/sp_14155_TS.K.tmp
DELETED 2585664 phase2b_charge_design/08_frame_sensitivity/sp_14155_TS.densities
DELETED 2458976 phase2b_charge_design/08_frame_sensitivity/sp_14155_TS.gbw
DELETED 110912 phase2b_charge_design/08_frame_sensitivity/sp_17505_R.K.tmp
DELETED 2585664 phase2b_charge_design/08_frame_sensitivity/sp_17505_R.densities
DELETED 2458976 phase2b_charge_design/08_frame_sensitivity/sp_17505_R.gbw
DELETED 110912 phase2b_charge_design/08_frame_sensitivity/sp_17505_TS.K.tmp
DELETED 2585664 phase2b_charge_design/08_frame_sensitivity/sp_17505_TS.densities
DELETED 2458976 phase2b_charge_design/08_frame_sensitivity/sp_17505_TS.gbw
DELETED 110912 phase2b_charge_design/08_frame_sensitivity/sp_19185_R.K.tmp
DELETED 2585664 phase2b_charge_design/08_frame_sensitivity/sp_19185_R.densities
DELETED 2458976 phase2b_charge_design/08_frame_sensitivity/sp_19185_R.gbw
DELETED 110912 phase2b_charge_design/08_frame_sensitivity/sp_19185_TS.K.tmp
DELETED 2585664 phase2b_charge_design/08_frame_sensitivity/sp_19185_TS.densities
DELETED 2458976 phase2b_charge_design/08_frame_sensitivity/sp_19185_TS.gbw
