NEB log file generated by ORCA
All quantities are given in atomic units. Unless stated otherwise. 
iteration       : 0
climbing        : no
zoom on         : no
nim             : 10
barrier         :   0.07058624 (image:  4) 
distance        :   0.00000000    1.02981962    2.05963924    3.08945886    4.11927848    5.14909810    6.17891772    7.20873734    8.23855696    9.26837658 
energy          : -1076.01159235  -1075.99699057  -1075.97118438  -1075.95054628  -1075.94100611  -1075.94522392  -1075.96213147  -1075.98757959  -1076.01518578  -1076.02943679 
max(|Fr_perp|)   :   0.00000000    0.05154403    0.06894104    0.08689105    0.09714949    0.10864401    0.10550306    0.08431815    0.04701332    0.00000000 
Fr_paral         :   0.00000000   -0.02373097   -0.02498280   -0.01575009   -0.00267355    0.01095490    0.02244153    0.02830393    0.02349087    0.00000000 
max(|Fsp_paral|) :   0.00000000    0.00794929    0.00635968    0.00294224    0.00000030    0.00129704    0.00520739    0.00783995    0.00740578    0.00000000 
max(|Fsp_perp|)  :   0.00000000    0.00000000    0.00000000    0.00000000    0.00000000    0.00000000    0.00000000    0.00000000    0.00000000    0.00000000 
max(|FNEB|)      :   0.00000000    0.04510639    0.06783362    0.08652086    0.09738143    0.10869953    0.10481811    0.08306220    0.04571705    0.00000000 
max(|Force|)     :   0.00146971    0.05606731    0.07033217    0.08787802    0.09725511    0.10945416    0.10686770    0.08589787    0.04824746    0.00148152 
ksp              :   0.02861428    0.06150895    0.08782558    0.10000000    0.10000000    0.09463485    0.07308619    0.04064419    0.01000000 
max(|step|)      :   0.00000000    0.03722218    0.05597689    0.07139776    0.08036000    0.08969979    0.08649681    0.06854365    0.03772611    0.00000000 
angle (deg.)     :    3.0371  1.3625  1.3313  1.3867  1.4214  1.4782  1.6513  2.6622 
>
iteration       : 1
climbing        : no
zoom on         : no
nim             : 10
barrier         :   0.04667627 (image:  4) 
distance        :   0.00000000    1.06121678    2.08724688    3.10625726    4.12641825    5.15214942    6.16890495    7.19063215    8.22390364    9.28349423 
energy          : -1076.01159235  -1076.00239450  -1075.98378706  -1075.97008089  -1075.96491609  -1075.96924165  -1075.98186304  -1076.00042069  -1076.02038312  -1076.02943679 
max(|Fr_perp|)   :   0.00000000    0.04014016    0.04080497    0.03130900    0.03484964    0.04093468    0.04676617    0.04043433    0.02989353    0.00000000 
Fr_paral         :   0.00000000   -0.01749397   -0.01832067   -0.01015661   -0.00035578    0.00892752    0.01684836    0.02112422    0.01658242    0.00000000 
max(|Fsp_paral|) :   0.00000000    0.00842138    0.00619598    0.00239966    0.00013019    0.00219082    0.00569556    0.00843926    0.00513423    0.00000000 
max(|Fsp_perp|)  :   0.00000000    0.00000000    0.00000000    0.00000000    0.00000000    0.00000000    0.00000000    0.00000000    0.00000000    0.00000000 
max(|FNEB|)      :   0.00000000    0.03352145    0.03560605    0.03211532    0.03489018    0.04079521    0.04631876    0.03948722    0.02653955    0.00000000 
max(|Force|)     :   0.00146971    0.04335084    0.04437703    0.03053603    0.03482285    0.04109348    0.04711556    0.04103366    0.03239968    0.00148152 
ksp              :   0.02773507    0.06361346    0.09004135    0.10000000    0.10000000    0.09165957    0.06732332    0.03154091    0.01000000 
max(|step|)      :   0.00000000    0.03218207    0.03492168    0.02693781    0.02918595    0.03019378    0.03140208    0.02707011    0.02459383    0.00000000 
angle (deg.)     :    5.5473  2.3049  1.8438  1.9331  1.7436  1.7018  2.5163  4.5153 
>
iteration       : 2
climbing        : no
zoom on         : no
nim             : 10
barrier         :   0.04251775 (image:  4) 
distance        :   0.00000000    1.09758793    2.11689576    3.12239057    4.13401103    5.15187276    6.15527906    7.16685636    8.21254469    9.29692781 
energy          : -1076.01159235  -1076.00447106  -1075.98689423  -1075.97369742  -1075.96907461  -1075.97381191  -1075.98641912  -1076.00439894  -1076.02249342  -1076.02943679 
max(|Fr_perp|)   :   0.00000000    0.03261953    0.03410398    0.02948677    0.03253071    0.03087709    0.02498141    0.03246459    0.02561872    0.00000000 
Fr_paral         :   0.00000000   -0.01597143   -0.01827191   -0.00979276    0.00016606    0.00936625    0.01719809    0.02052656    0.01425096    0.00000000 
max(|Fsp_paral|) :   0.00000000    0.00833399    0.00629843    0.00243840    0.00014616    0.00270441    0.00618840    0.00885445    0.00364288    0.00000000 
max(|Fsp_perp|)  :   0.00000000    0.00000000    0.00000000    0.00000000    0.00000000    0.00000000    0.00000000    0.00000000    0.00000000    0.00000000 
max(|FNEB|)      :   0.00000000    0.02603176    0.02844202    0.03033791    0.03257666    0.03000227    0.02313632    0.02596532    0.02328745    0.00000000 
max(|Force|)     :   0.00146971    0.03552718    0.03787925    0.02871343    0.03254336    0.03156410    0.02680584    0.03598333    0.02773607    0.00148152 
ksp              :   0.02507409    0.06228007    0.09021461    0.10000000    0.10000000    0.08997225    0.06328578    0.02522675    0.01000000 
max(|step|)      :   0.00000000    0.08974603    0.10000000    0.09126433    0.09771743    0.09012993    0.06950158    0.08559035    0.07678978    0.00000000 
angle (deg.)     :    11.9581  6.0588  3.8647  4.3149  3.2418  3.4129  6.4933  9.1278 
>
iteration       : 3
climbing        : no
zoom on         : no
nim             : 10
barrier         :   0.03657145 (image:  4) 
distance        :   0.00000000    1.23565459    2.23525543    3.19342836    4.17605063    5.16019913    6.11978966    7.09977637    8.21936485    9.37781071 
energy          : -1076.01159235  -1076.00839415  -1075.99300041  -1075.97945419  -1075.97502091  -1075.97970730  -1075.99224072  -1076.01049117  -1076.02553934  -1076.02943679 
max(|Fr_perp|)   :   0.00000000    0.01436487    0.02391710    0.01374265    0.01216255    0.01492524    0.02311311    0.02490184    0.01168926    0.00000000 
Fr_paral         :   0.00000000   -0.01114821   -0.02003070   -0.01023229    0.00032756    0.00961538    0.01847477    0.01953427    0.00826198    0.00000000 
max(|Fsp_paral|) :   0.00000000    0.00756012    0.00752634    0.00315403    0.00003593    0.00339928    0.00754061    0.01032936    0.00064151    0.00000000 
max(|Fsp_perp|)  :   0.00000000    0.00000000    0.00000000    0.00000000    0.00000000    0.00000000    0.00000000    0.00000000    0.00000000    0.00000000 
max(|FNEB|)      :   0.00000000    0.00980896    0.01656384    0.01216018    0.01221684    0.01579944    0.02181657    0.02175925    0.01180891    0.00000000 
max(|Force|)     :   0.00146971    0.01631917    0.02884859    0.01623137    0.01220758    0.01473430    0.02719352    0.02881367    0.01180572    0.00148152 
ksp              :   0.01787925    0.05576738    0.08909278    0.10000000    0.10000000    0.08847169    0.05764331    0.01274113    0.01000000 
max(|step|)      :   0.00000000    0.02868521    0.04843914    0.03556110    0.03572679    0.04620373    0.06380017    0.06363254    0.03453387    0.00000000 
angle (deg.)     :    12.5953  10.8185  5.0899  6.4142  4.0454  5.0994  9.9975  8.3149 
>
iteration       : 4
climbing        : no
zoom on         : no
nim             : 10
barrier         :   0.03580448 (image:  4) 
distance        :   0.00000000    1.34667488    2.34470792    3.25764849    4.20545513    5.15196506    6.07014725    7.01195511    8.25571927    9.42792313 
energy          : -1076.01159235  -1076.00941249  -1075.99559626  -1075.98080355  -1075.97578787  -1075.97960752  -1075.99077201  -1076.00856979  -1076.02526582  -1076.02943679 
max(|Fr_perp|)   :   0.00000000    0.01500601    0.02610284    0.02174015    0.02446189    0.03433353    0.07182372    0.08573311    0.04618378    0.00000000 
Fr_paral         :   0.00000000   -0.00921119   -0.02264851   -0.01198899   -0.00054656    0.00990445    0.01884194    0.01982103    0.00883069    0.00000000 
max(|Fsp_paral|) :   0.00000000    0.00664703    0.00882080    0.00407266    0.00003316    0.00321708    0.00726638    0.00944549    0.00239939    0.00000000 
max(|Fsp_perp|)  :   0.00000000    0.00000000    0.00000000    0.00000000    0.00000000    0.00000000    0.00000000    0.00000000    0.00000000    0.00000000 
max(|FNEB|)      :   0.00000000    0.01151658    0.01820080    0.02111888    0.02446754    0.03471574    0.07270688    0.08644980    0.04615252    0.00000000 
max(|Force|)     :   0.00146971    0.01640436    0.03240034    0.02225531    0.02448662    0.03437217    0.07108573    0.08530045    0.04619185    0.00148152 
ksp              :   0.01547941    0.05020860    0.08739234    0.10000000    0.10000000    0.09039875    0.06233509    0.01759768    0.01000000 
max(|step|)      :   0.00000000    0.02419927    0.03977391    0.02755830    0.02078820    0.02211599    0.03877934    0.03685569    0.01725651    0.00000000 
angle (deg.)     :    13.0422  14.8756  6.2721  8.2745  4.7273  6.8510  12.4521  8.4422 
>
iteration       : 5
climbing        : no
zoom on         : no
nim             : 10
barrier         :   0.03483906 (image:  4) 
distance        :   0.00000000    1.43457486    2.43712925    3.31771823    4.23805074    5.15752954    6.04718293    6.96028198    8.29716034    9.48758345 
energy          : -1076.01159235  -1076.00985682  -1075.99738075  -1075.98193984  -1075.97675330  -1075.98078282  -1075.99388668  -1076.01236876  -1076.02637263  -1076.02943679 
max(|Fr_perp|)   :   0.00000000    0.01279306    0.02457800    0.01859369    0.02002236    0.02626278    0.03651872    0.03603570    0.02356919    0.00000000 
Fr_paral         :   0.00000000   -0.00753488   -0.02376484   -0.01278342   -0.00068566    0.01093639    0.02274548    0.01998901    0.00643928    0.00000000 
max(|Fsp_paral|) :   0.00000000    0.00602117    0.00974371    0.00460578    0.00002306    0.00364581    0.00945503    0.01002105    0.00033953    0.00000000 
max(|Fsp_perp|)  :   0.00000000    0.00000000    0.00000000    0.00000000    0.00000000    0.00000000    0.00000000    0.00000000    0.00000000    0.00000000 
max(|FNEB|)      :   0.00000000    0.01029591    0.01703783    0.01712432    0.02002618    0.02558227    0.03536325    0.03636800    0.02355318    0.00000000 
max(|Force|)     :   0.00146971    0.01379224    0.03175834    0.02232653    0.02005246    0.02690428    0.03750759    0.03673403    0.02367889    0.00148152 
ksp              :   0.01448341    0.04671296    0.08660158    0.10000000    0.10000000    0.08959051    0.05573920    0.01000000    0.01000000 
max(|step|)      :   0.00000000    0.06116205    0.10000000    0.07099835    0.05241096    0.05155406    0.09007688    0.08657214    0.04571703    0.00000000 
angle (deg.)     :    13.8999  25.9666  9.5996  13.5536  7.0817  12.3300  18.1588  10.1838 
>
iteration       : 6
climbing        : yes
zoom on         : no
nim             : 10
barrier         :   0.03365252 (image:  4) 
distance        :   0.00000000    1.65966285    2.68388174    3.49431110    4.35074113    5.20749052    6.02776243    6.87710470    8.47101163    9.70198414 
energy          : -1076.01159235  -1076.01017367  -1076.00075722  -1075.98380183  -1075.97793984  -1075.98182113  -1075.99616707  -1076.01379204  -1076.02669210  -1076.02943679 
max(|Fr_perp|)   :   0.00000000    0.01361567    0.01549514    0.01482358    0.01344206    0.01652685    0.01734259    0.01379504    0.01061530    0.00000000 
Fr_paral         :   0.00000000   -0.00389072   -0.02429359   -0.01487022   -0.00146918    0.01221007    0.02675095    0.01715286    0.00395897    0.00000000 
max(|Fsp_paral|) :   0.00000000    0.00407388    0.01185938    0.00599845    0.00001107    0.00432603    0.01214099    0.00814258    0.00080186    0.00000000 
max(|Fsp_perp|)  :   0.00000000    0.00000000    0.00000000    0.00000000    0.00000000    0.00000000    0.00000000    0.00000000    0.00000000    0.00000000 
max(|FNEB|)      :   0.00000000    0.01306422    0.01479660    0.01645423    0.01354974    0.01546039    0.01548808    0.01331814    0.01063686    0.00000000 
max(|Force|)     :   0.00146971    0.01382341    0.02438182    0.01923291    0.01342909    0.01777459    0.02246442    0.01841538    0.01066004    0.00148152 
ksp              :   0.01381185    0.03899170    0.08432616    0.10000000    0.10000000    0.08962581    0.05126874    0.01000000    0.01000000 
max(|step|)      :   0.00000000    0.02478957    0.02807679    0.03122217    0.02571085    0.02933635    0.02938889    0.02527139    0.02018362    0.00000000 
angle (deg.)     :    13.2241  27.2028  9.3572  14.7452  7.4280  14.1499  18.6205  9.2914 
>
iteration       : 7
climbing        : yes
zoom on         : no
nim             : 10
barrier         :   0.03269361 (image:  4) 
distance        :   0.00000000    1.69298333    2.75096613    3.54053424    4.36629494    5.20153316    5.99041219    6.85235047    8.49846244    9.73617488 
energy          : -1076.01159235  -1076.01089868  -1076.00147369  -1075.98468437  -1075.97889874  -1075.98277817  -1075.99680972  -1076.01455257  -1076.02737594  -1076.02943679 
max(|Fr_perp|)   :   0.00000000    0.00669915    0.01129284    0.01282634    0.01295596    0.01335906    0.01516720    0.01689767    0.00540839    0.00000000 
Fr_paral         :   0.00000000   -0.00404502   -0.02449215   -0.01489430   -0.00107539    0.01152028    0.02646476    0.01663012    0.00366205    0.00000000 
max(|Fsp_paral|) :   0.00000000    0.00474346    0.01089724    0.00582897    0.00030618    0.00487371    0.01129554    0.00798211    0.00088111    0.00000000 
max(|Fsp_perp|)  :   0.00000000    0.00000000    0.00000000    0.00000000    0.00000000    0.00000000    0.00000000    0.00000000    0.00000000    0.00000000 
max(|FNEB|)      :   0.00000000    0.00640518    0.00930379    0.01233203    0.01299715    0.01422935    0.01646742    0.01800378    0.00545106    0.00000000 
max(|Force|)     :   0.00146971    0.00697616    0.02038826    0.01447650    0.01291477    0.01304729    0.02431595    0.01617556    0.00536366    0.00148152 
ksp              :   0.01190955    0.03785498    0.08407314    0.10000000    0.10000000    0.08932059    0.05069410    0.01000000    0.01000000 
max(|step|)      :   0.00000000    0.01125277    0.01990771    0.01413510    0.01388294    0.01216871    0.02129748    0.01889468    0.01091910    0.00000000 
angle (deg.)     :    12.9227  28.5654  9.0836  16.1283  7.7252  15.9537  19.2820  8.7361 
>
iteration       : 8
climbing        : yes
zoom on         : no
nim             : 10
barrier         :   0.03220296 (image:  4) 
distance        :   0.00000000    1.73217556    2.82016475    3.58872201    4.38429921    5.19450993    5.95363078    6.82441364    8.52368217    9.76970056 
energy          : -1076.01159235  -1076.01094798  -1076.00138420  -1075.98497145  -1075.97938940  -1075.98311006  -1075.99673974  -1076.01472621  -1076.02748405  -1076.02943679 
max(|Fr_perp|)   :   0.00000000    0.00827148    0.01188377    0.01140894    0.00840770    0.00837840    0.01025321    0.00914213    0.00500248    0.00000000 
Fr_paral         :   0.00000000   -0.00435925   -0.02489661   -0.01520923   -0.00113422    0.01170767    0.02700716    0.01704137    0.00377051    0.00000000 
max(|Fsp_paral|) :   0.00000000    0.00509841    0.00946879    0.00549120    0.00048792    0.00504494    0.01009499    0.00810720    0.00098136    0.00000000 
max(|Fsp_perp|)  :   0.00000000    0.00000000    0.00000000    0.00000000    0.00000000    0.00000000    0.00000000    0.00000000    0.00000000    0.00000000 
max(|FNEB|)      :   0.00000000    0.00800078    0.01003672    0.01023893    0.00828231    0.00981141    0.01042809    0.00948669    0.00490311    0.00000000 
max(|Force|)     :   0.00146971    0.00855884    0.02215743    0.01357372    0.00853309    0.01008018    0.02202273    0.01342365    0.00509136    0.00148152 
ksp              :   0.01180088    0.03852948    0.08439941    0.10000000    0.10000000    0.08960158    0.05150969    0.01000000    0.01000000 
max(|step|)      :   0.00000000    0.04880665    0.08014621    0.05598964    0.04521433    0.03908695    0.07350514    0.07135310    0.02900478    0.00000000 
angle (deg.)     :    12.8789  34.8320  9.1316  22.9991  9.5484  24.6581  22.5211  8.6301 
>
iteration       : 9
climbing        : yes
zoom on         : no
nim             : 10
barrier         :   0.03291251 (image:  4) 
distance        :   0.00000000    1.90658757    3.10666243    3.79955083    4.48379541    5.19701101    5.85490154    6.75115461    8.67911090    9.96606945 
energy          : -1076.01159235  -1076.01070705  -1076.00048403  -1075.98457762  -1075.97867984  -1075.98156519  -1075.99436065  -1076.01370270  -1076.02700563  -1076.02943679 
max(|Fr_perp|)   :   0.00000000    0.01278013    0.01659765    0.00903064    0.01378836    0.01999215    0.01724477    0.01424003    0.01233410    0.00000000 
Fr_paral         :   0.00000000   -0.00490400   -0.02694367   -0.01766780   -0.00209524    0.01183673    0.02984437    0.01821172    0.00370365    0.00000000 
max(|Fsp_paral|) :   0.00000000    0.00584618    0.00399990    0.00442374    0.00112753    0.00482098    0.00466169    0.00990592    0.00140347    0.00000000 
max(|Fsp_perp|)  :   0.00000000    0.00000000    0.00000000    0.00000000    0.00000000    0.00000000    0.00000000    0.00000000    0.00000000    0.00000000 
max(|FNEB|)      :   0.00000000    0.01254101    0.01588809    0.00924101    0.01369817    0.02025035    0.01723012    0.01446910    0.01246730    0.00000000 
max(|Force|)     :   0.00146971    0.01310600    0.02326960    0.01141032    0.01387854    0.01965541    0.02459014    0.01728988    0.01225954    0.00148152 
ksp              :   0.01242089    0.04037596    0.08387240    0.10000000    0.10000000    0.09210995    0.05712049    0.01000000    0.01000000 
max(|step|)      :   0.00000000    0.07270197    0.10000000    0.06646966    0.02990323    0.04865584    0.08956267    0.09781933    0.03538970    0.00000000 
angle (deg.)     :    13.9281  45.0377  12.7173  33.4675  12.2622  38.8992  27.1544  10.2503 
>
iteration       : 10
climbing        : yes
zoom on         : no
nim             : 10
barrier         :   0.03302432 (image:  4) 
distance        :   0.00000000    2.16604810    3.48430078    4.11392340    4.68854988    5.29626086    5.87931772    6.76472344    9.02593499   10.37973514 
energy          : -1076.01159235  -1076.01073996  -1076.00035121  -1075.98429718  -1075.97856803  -1075.98053190  -1075.99161415  -1076.01079143  -1076.02639078  -1076.02943679 
max(|Fr_perp|)   :   0.00000000    0.01292886    0.01236628    0.01161458    0.01390697    0.01650436    0.04268034    0.06176031    0.02070236    0.00000000 
Fr_paral         :   0.00000000   -0.00457314   -0.02991953   -0.02027673   -0.00245501    0.01104425    0.03038527    0.01894654    0.00372230    0.00000000 
max(|Fsp_paral|) :   0.00000000    0.00643753    0.00019228    0.00215103    0.00150825    0.00287680    0.00106828    0.00993278    0.00317872    0.00000000 
max(|Fsp_perp|)  :   0.00000000    0.00000000    0.00000000    0.00000000    0.00000000    0.00000000    0.00000000    0.00000000    0.00000000    0.00000000 
max(|FNEB|)      :   0.00000000    0.01192920    0.01251623    0.01180916    0.01405916    0.01675078    0.04294075    0.06303615    0.02111286    0.00000000 
max(|Force|)     :   0.00146971    0.01341675    0.02113624    0.01208615    0.01402712    0.01618915    0.04204210    0.06207667    0.02084640    0.00148152 
ksp              :   0.01233559    0.04064350    0.08438226    0.10000000    0.10000000    0.09465400    0.06449931    0.01231443    0.01000000 
max(|step|)      :   0.00000000    0.01071011    0.01123715    0.01060235    0.01262241    0.01503896    0.03855250    0.05659428    0.01895527    0.00000000 
angle (deg.)     :    14.0896  45.6433  12.2880  33.2434  12.0060  38.3960  27.8154  9.9109 
>
iteration       : 11
climbing        : yes
zoom on         : no
nim             : 10
barrier         :   0.03155099 (image:  4) 
distance        :   0.00000000    2.19148206    3.49498895    4.12960829    4.70174400    5.30234670    5.89169997    6.75179129    9.03091696   10.39696265 
energy          : -1076.01159235  -1076.01134114  -1076.00135323  -1075.98538649  -1075.98004137  -1075.98209095  -1075.99355426  -1076.01262989  -1076.02722916  -1076.02943679 
max(|Fr_perp|)   :   0.00000000    0.01118099    0.00823318    0.00706605    0.00678824    0.00749413    0.01909850    0.03054909    0.00941336    0.00000000 
Fr_paral         :   0.00000000   -0.00425603   -0.02982602   -0.01972401   -0.00242314    0.01151829    0.03195298    0.01831552    0.00306319    0.00000000 
max(|Fsp_paral|) :   0.00000000    0.00670347    0.00120188    0.00171934    0.00126790    0.00233644    0.00148503    0.01019371    0.00203420    0.00000000 
max(|Fsp_perp|)  :   0.00000000    0.00000000    0.00000000    0.00000000    0.00000000    0.00000000    0.00000000    0.00000000    0.00000000    0.00000000 
max(|FNEB|)      :   0.00000000    0.01005609    0.00771734    0.00733502    0.00665214    0.00777770    0.01916594    0.03227433    0.00958951    0.00000000 
max(|Force|)     :   0.00146971    0.01135080    0.02110978    0.01240838    0.00698454    0.00989603    0.02239328    0.02944533    0.00935154    0.00148152 
ksp              :   0.01071661    0.03920735    0.08475291    0.10000000    0.10000000    0.09415351    0.06145413    0.01000000    0.01000000 
max(|step|)      :   0.00000000    0.01121874    0.00924535    0.00863439    0.00856823    0.00876904    0.00708058    0.01166804    0.01103838    0.00000000 
angle (deg.)     :    14.3871  46.3269  11.9521  32.9834  11.8314  37.5935  28.6654  9.7643 
>
iteration       : 12
climbing        : yes
zoom on         : no
nim             : 10
barrier         :   0.03096147 (image:  4) 
distance        :   0.00000000    2.22214018    3.50927510    4.14728426    4.71765942    5.31077510    5.90376757    6.73629171    9.03966525   10.41668627 
energy          : -1076.01159235  -1076.01168889  -1076.00194606  -1075.98583291  -1075.98063089  -1075.98267347  -1075.99416666  -1076.01313794  -1076.02764891  -1076.02943679 
max(|Fr_perp|)   :   0.00000000    0.00872690    0.00790155    0.00534652    0.00637969    0.00685670    0.01661035    0.02297955    0.00775323    0.00000000 
Fr_paral         :   0.00000000   -0.00393429   -0.02981755   -0.01953972   -0.00246314    0.01163145    0.03229906    0.01909226    0.00301976    0.00000000 
max(|Fsp_paral|) :   0.00000000    0.00654652    0.00239971    0.00145900    0.00099742    0.00178654    0.00298145    0.00935259    0.00207101    0.00000000 
max(|Fsp_perp|)  :   0.00000000    0.00000000    0.00000000    0.00000000    0.00000000    0.00000000    0.00000000    0.00000000    0.00000000    0.00000000 
max(|FNEB|)      :   0.00000000    0.00758309    0.00556416    0.00534465    0.00642041    0.00708284    0.01683581    0.02453610    0.00794927    0.00000000 
max(|Force|)     :   0.00146971    0.00889190    0.02104482    0.01260513    0.00633896    0.00777152    0.02032853    0.02244269    0.00768666    0.00148152 
ksp              :   0.01000000    0.03804022    0.08487856    0.10000000    0.10000000    0.09406255    0.06065370    0.01000000    0.01000000 
max(|step|)      :   0.00000000    0.04155817    0.03043987    0.02493167    0.02377183    0.02830536    0.02526660    0.05022883    0.03086469    0.00000000 
angle (deg.)     :    16.3898  49.5043  11.2655  31.7692  11.9108  32.0915  35.3704  10.5228 
>
iteration       : 13
climbing        : yes
zoom on         : no
nim             : 10
barrier         :   0.03092358 (image:  4) 
distance        :   0.00000000    2.37740915    3.59555267    4.23276050    4.80059407    5.36265013    5.95223401    6.67826949    9.09721135   10.53596996 
energy          : -1076.01159235  -1076.01178338  -1076.00246270  -1075.98583024  -1075.98066878  -1075.98256502  -1075.99399141  -1076.01216057  -1076.02786880  -1076.02943679 
max(|Fr_perp|)   :   0.00000000    0.00440634    0.00515309    0.00690854    0.00840669    0.00842224    0.00671270    0.02764208    0.00480405    0.00000000 
Fr_paral         :   0.00000000   -0.00278392   -0.02915216   -0.01940912   -0.00275026    0.01147385    0.03283909    0.01972517    0.00284011    0.00000000 
max(|Fsp_paral|) :   0.00000000    0.00527655    0.00488522    0.00136617    0.00025859    0.00024388    0.00636815    0.00766890    0.00221849    0.00000000 
max(|Fsp_perp|)  :   0.00000000    0.00000000    0.00000000    0.00000000    0.00000000    0.00000000    0.00000000    0.00000000    0.00000000    0.00000000 
max(|FNEB|)      :   0.00000000    0.00645083    0.00577410    0.00691140    0.00836564    0.00841380    0.00853857    0.02780489    0.00448733    0.00000000 
max(|Force|)     :   0.00146971    0.00426437    0.01616030    0.01200897    0.00844774    0.00897421    0.02357929    0.02772735    0.00489824    0.00148152 
ksp              :   0.01000000    0.03657095    0.08497807    0.10000000    0.10000000    0.09448116    0.06122580    0.01000000    0.01000000 
max(|step|)      :   0.00000000    0.04246384    0.02595260    0.01823182    0.01668795    0.01933694    0.02025892    0.05360286    0.01684818    0.00000000 
angle (deg.)     :    18.2438  52.7342  11.5830  30.7845  12.6854  24.8591  44.5060  11.6868 
>
iteration       : 14
climbing        : yes
zoom on         : no
nim             : 10
barrier         :   0.03150205 (image:  4) 
distance        :   0.00000000    2.53308375    3.68930881    4.31914982    4.88660611    5.42175653    5.98979984    6.63926946    9.16778618   10.67487375 
energy          : -1076.01159235  -1076.01143527  -1076.00212770  -1075.98532695  -1075.98009031  -1075.98181370  -1075.99269248  -1076.00969375  -1076.02737782  -1076.02943679 
max(|Fr_perp|)   :   0.00000000    0.00880589    0.00684283    0.01319195    0.01560220    0.01508566    0.01142375    0.05263364    0.00722547    0.00000000 
Fr_paral         :   0.00000000   -0.00255913   -0.02867586   -0.01917177   -0.00270399    0.01064557    0.03242092    0.01884187    0.00248759    0.00000000 
max(|Fsp_paral|) :   0.00000000    0.00436033    0.00579359    0.00167359    0.00147569    0.00024220    0.00710771    0.00112750    0.00545691    0.00000000 
max(|Fsp_perp|)  :   0.00000000    0.00000000    0.00000000    0.00000000    0.00000000    0.00000000    0.00000000    0.00000000    0.00000000    0.00000000 
max(|FNEB|)      :   0.00000000    0.00978364    0.00703592    0.01317386    0.01563412    0.01510533    0.01156691    0.05277269    0.00859455    0.00000000 
max(|Force|)     :   0.00146971    0.00865560    0.01428618    0.01305171    0.01557028    0.01522337    0.02442688    0.05244954    0.00726196    0.00148152 
ksp              :   0.01044878    0.03704010    0.08503913    0.10000000    0.10000000    0.09507633    0.06399613    0.01542423    0.01000000 
max(|step|)      :   0.00000000    0.00971703    0.00683658    0.00607089    0.00705334    0.00716218    0.00995115    0.01718459    0.00696244    0.00000000 
angle (deg.)     :    18.6022  53.4012  11.5987  30.5564  12.5820  23.0953  46.8056  11.5528 
>
iteration       : 15
climbing        : yes
zoom on         : no
nim             : 10
barrier         :   0.03081063 (image:  4) 
distance        :   0.00000000    2.56703809    3.71144988    4.33497067    4.90227384    5.43234151    5.98816777    6.63545355    9.17130197   10.70186122 
energy          : -1076.01159235  -1076.01159091  -1076.00221563  -1075.98582864  -1075.98078172  -1075.98256419  -1075.99279541  -1076.01111836  -1076.02747510  -1076.02943679 
max(|Fr_perp|)   :   0.00000000    0.00689002    0.00500532    0.00518306    0.00625402    0.00733005    0.00632458    0.02082815    0.00604447    0.00000000 
Fr_paral         :   0.00000000   -0.00298127   -0.02879933   -0.01882544   -0.00259083    0.01090345    0.03158884    0.02271409    0.00251037    0.00000000 
max(|Fsp_paral|) :   0.00000000    0.00459151    0.00561179    0.00187291    0.00168808    0.00015603    0.00611749    0.00594574    0.00309788    0.00000000 
max(|Fsp_perp|)  :   0.00000000    0.00000000    0.00000000    0.00000000    0.00000000    0.00000000    0.00000000    0.00000000    0.00000000    0.00000000 
max(|FNEB|)      :   0.00000000    0.00788932    0.00625477    0.00527516    0.00648127    0.00735604    0.00925348    0.02131264    0.00622175    0.00000000 
max(|Force|)     :   0.00146971    0.00671904    0.01504423    0.01042815    0.00602677    0.00918461    0.02307226    0.02131144    0.00601272    0.00148152 
ksp              :   0.01000421    0.03739006    0.08525760    0.10000000    0.10000000    0.09479331    0.06490719    0.01138458    0.01000000 
max(|step|)      :   0.00000000    0.07009387    0.04456157    0.02491073    0.02349456    0.02395185    0.04563601    0.06719923    0.03477941    0.00000000 
angle (deg.)     :    22.0722  58.3033  12.8964  29.0044  13.6554  12.5921  65.1096  12.3178 
>
iteration       : 16
climbing        : yes
zoom on         : no
nim             : 10
barrier         :   0.03072233 (image:  4) 
distance        :   0.00000000    2.82062193    3.87280133    4.47359094    5.04085462    5.53224309    6.02900307    6.64147707    9.30600178   10.97378177 
energy          : -1076.01159235  -1076.01164340  -1076.00164368  -1075.98579055  -1075.98087003  -1075.98248504  -1075.99099296  -1076.00941629  -1076.02710137  -1076.02943679 
max(|Fr_perp|)   :   0.00000000    0.00403716    0.00531326    0.00994431    0.01237098    0.01223487    0.00997517    0.02163270    0.00691864    0.00000000 
Fr_paral         :   0.00000000   -0.00439467   -0.02962599   -0.01806757   -0.00227061    0.01001241    0.02909961    0.02282444    0.00235017    0.00000000 
max(|Fsp_paral|) :   0.00000000    0.00369176    0.00576343    0.00278215    0.00343829    0.00088447    0.00247122    0.00028420    0.00621573    0.00000000 
max(|Fsp_perp|)  :   0.00000000    0.00000000    0.00000000    0.00000000    0.00000000    0.00000000    0.00000000    0.00000000    0.00000000    0.00000000 
max(|FNEB|)      :   0.00000000    0.00460035    0.00912302    0.00994121    0.01235350    0.01223281    0.00984416    0.02151249    0.00758349    0.00000000 
max(|Force|)     :   0.00146971    0.00389053    0.01666758    0.01155723    0.01238846    0.01216738    0.01860888    0.02043992    0.00688215    0.00148152 
ksp              :   0.01000000    0.03914430    0.08558549    0.10000000    0.10000000    0.09526888    0.07034521    0.01637472    0.01000000 
max(|step|)      :   0.00000000    0.06149002    0.03816096    0.02202025    0.01705045    0.01680826    0.03945834    0.05025085    0.03688204    0.00000000 
angle (deg.)     :    26.1487  61.3651  14.4094  27.8681  14.6347  12.5085  79.5467  12.0527 
>
iteration       : 17
climbing        : yes
zoom on         : no
nim             : 10
barrier         :   0.03068266 (image:  4) 
distance        :   0.00000000    3.04211321    4.01785872    4.60275060    5.16710847    5.62560066    6.07582279    6.72926343    9.43553818   11.26018309 
energy          : -1076.01159235  -1076.01162775  -1076.00083903  -1075.98562117  -1075.98090969  -1075.98239630  -1075.98960621  -1076.00852034  -1076.02685698  -1076.02943679 
max(|Fr_perp|)   :   0.00000000    0.00397426    0.00396993    0.00792547    0.00964579    0.00951620    0.00706497    0.02409982    0.00485234    0.00000000 
Fr_paral         :   0.00000000   -0.00575401   -0.03088835   -0.01726324   -0.00196831    0.00932720    0.02673571    0.02158058    0.00269751    0.00000000 
max(|Fsp_paral|) :   0.00000000    0.00306815    0.00561616    0.00314320    0.00477101    0.00134969    0.00329353    0.00147845    0.00773466    0.00000000 
max(|Fsp_perp|)  :   0.00000000    0.00000000    0.00000000    0.00000000    0.00000000    0.00000000    0.00000000    0.00000000    0.00000000    0.00000000 
max(|FNEB|)      :   0.00000000    0.00427813    0.00909019    0.00793984    0.00963957    0.00950809    0.00703541    0.02378643    0.00773637    0.00000000 
max(|Force|)     :   0.00146971    0.00496358    0.01797470    0.01165686    0.00965202    0.00949811    0.01539687    0.02237505    0.00461704    0.00148152 
ksp              :   0.01000000    0.04154220    0.08618003    0.10000000    0.10000000    0.09563940    0.07449092    0.01901099    0.01000000 
max(|step|)      :   0.00000000    0.10000000    0.05596704    0.03111000    0.02671887    0.02471436    0.04340842    0.07530037    0.07031051    0.00000000 
angle (deg.)     :    35.7222  62.6447  17.1624  26.6851  15.4591  20.3743  97.7636  11.4442 
>
iteration       : 18
climbing        : yes
zoom on         : no
nim             : 10
barrier         :   0.03061694 (image:  4) 
distance        :   0.00000000    3.40417382    4.26558737    4.83078644    5.38645268    5.79254391    6.21315978    6.96495028    9.66582283   11.79258776 
energy          : -1076.01159235  -1076.01150418  -1075.99907715  -1075.98524439  -1075.98097541  -1075.98226835  -1075.98844184  -1076.00784456  -1076.02635480  -1076.02943679 
max(|Fr_perp|)   :   0.00000000    0.00533972    0.00366307    0.00666309    0.00929708    0.00917487    0.00508591    0.01517655    0.00564302    0.00000000 
Fr_paral         :   0.00000000   -0.00801538   -0.03196393   -0.01582026   -0.00145686    0.00834072    0.02401225    0.02002841    0.00316119    0.00000000 
max(|Fsp_paral|) :   0.00000000    0.00183067    0.00508307    0.00316008    0.00660951    0.00005771    0.01054653    0.00088536    0.00845373    0.00000000 
max(|Fsp_perp|)  :   0.00000000    0.00000000    0.00000000    0.00000000    0.00000000    0.00000000    0.00000000    0.00000000    0.00000000    0.00000000 
max(|FNEB|)      :   0.00000000    0.00421435    0.00753725    0.00682328    0.00947827    0.00933977    0.01056128    0.01554365    0.00913747    0.00000000 
max(|Force|)     :   0.00146971    0.00710693    0.01951726    0.01038051    0.00946594    0.00940758    0.01365471    0.01492991    0.00585956    0.00148152 
ksp              :   0.01026413    0.04677478    0.08744199    0.10000000    0.10000000    0.09620196    0.07806208    0.02106168    0.01000000 
max(|step|)      :   0.00000000    0.00608657    0.01088565    0.00985451    0.01368897    0.01348895    0.01525310    0.02244889    0.01319678    0.00000000 
angle (deg.)     :    37.3746  60.0376  16.3763  26.8487  14.6779  20.4432  97.4102  11.1615 
>
iteration       : 19
climbing        : yes
zoom on         : no
nim             : 10
barrier         :   0.03031181 (image:  4) 
distance        :   0.00000000    3.41733009    4.27153458    4.83070194    5.37927005    5.78267605    6.22829478    6.95372623    9.58395007   11.76140927 
energy          : -1076.01159235  -1076.01163254  -1075.99886685  -1075.98536074  -1075.98128054  -1075.98261108  -1075.98935484  -1076.00814486  -1076.02636829  -1076.02943679 
max(|Fr_perp|)   :   0.00000000    0.00290557    0.00405214    0.00763246    0.01086115    0.01084643    0.00532728    0.02394328    0.00827610    0.00000000 
Fr_paral         :   0.00000000   -0.00778606   -0.03227991   -0.01563950   -0.00136301    0.00862677    0.02535715    0.02059600    0.00367075    0.00000000 
max(|Fsp_paral|) :   0.00000000    0.00230155    0.00459829    0.00293504    0.00643518    0.00117040    0.00712661    0.00094037    0.00749505    0.00000000 
max(|Fsp_perp|)  :   0.00000000    0.00000000    0.00000000    0.00000000    0.00000000    0.00000000    0.00000000    0.00000000    0.00000000    0.00000000 
max(|FNEB|)      :   0.00000000    0.00396935    0.00544848    0.00755590    0.01085304    0.01083594    0.00702889    0.02392958    0.00916462    0.00000000 
max(|Force|)     :   0.00146971    0.00464327    0.01894656    0.00944363    0.01086926    0.01078939    0.01450761    0.02409760    0.00830439    0.00148152 
ksp              :   0.01000000    0.04778378    0.08788531    0.10000000    0.10000000    0.09604944    0.07602627    0.02023609    0.01000000 
max(|step|)      :   0.00000000    0.00381121    0.00863003    0.00675987    0.00473101    0.00534796    0.01113852    0.00855963    0.01131134    0.00000000 
angle (deg.)     :    38.8824  57.7831  15.7082  27.0059  14.1135  20.4234  96.9747  11.0265 
>
iteration       : 20
climbing        : yes
zoom on         : no
nim             : 10
barrier         :   0.03009975 (image:  4) 
distance        :   0.00000000    3.43032360    4.27787722    4.83199970    5.37450577    5.77747646    6.24075963    6.94603562    9.51413279   11.73643094 
energy          : -1076.01159235  -1076.01169621  -1075.99860177  -1075.98539639  -1075.98149261  -1075.98285801  -1075.98997692  -1076.00884713  -1076.02632563  -1076.02943679 
max(|Fr_perp|)   :   0.00000000    0.00252389    0.00240198    0.00586111    0.00804359    0.00804682    0.00422881    0.01135724    0.00476557    0.00000000 
Fr_paral         :   0.00000000   -0.00756571   -0.03260462   -0.01543526   -0.00128738    0.00889188    0.02631678    0.02224568    0.00371981    0.00000000 
max(|Fsp_paral|) :   0.00000000    0.00247449    0.00413613    0.00272362    0.00619070    0.00198076    0.00471108    0.00285104    0.00586092    0.00000000 
max(|Fsp_perp|)  :   0.00000000    0.00000000    0.00000000    0.00000000    0.00000000    0.00000000    0.00000000    0.00000000    0.00000000    0.00000000 
max(|FNEB|)      :   0.00000000    0.00364446    0.00405485    0.00579396    0.00803670    0.00802454    0.00574637    0.01120867    0.00605121    0.00000000 
max(|Force|)     :   0.00146971    0.00377167    0.01868388    0.00865669    0.00805048    0.00798958    0.01612254    0.01282869    0.00491003    0.00148152 
ksp              :   0.01000000    0.04884262    0.08832746    0.10000000    0.10000000    0.09591738    0.07463140    0.01820837    0.01000000 
max(|step|)      :   0.00000000    0.01690192    0.02719074    0.02184114    0.01440867    0.01480745    0.03656701    0.02054264    0.03575484    0.00000000 
angle (deg.)     :    44.8142  49.6902  13.7500  27.7367  12.9386  20.2977  93.6477  11.4415 
>
iteration       : 21
climbing        : yes
zoom on         : no
nim             : 10
barrier         :   0.03001513 (image:  4) 
distance        :   0.00000000    3.48403229    4.30887371    4.84661433    5.36806935    5.77968684    6.28543423    6.91296409    9.26228260   11.63361145 
energy          : -1076.01159235  -1076.01178784  -1075.99737972  -1075.98506474  -1075.98157722  -1075.98313238  -1075.99158183  -1076.00929808  -1076.02592320  -1076.02943679 
max(|Fr_perp|)   :   0.00000000    0.00216695    0.00260129    0.00422565    0.00538370    0.00527951    0.00307832    0.01222524    0.00297069    0.00000000 
Fr_paral         :   0.00000000   -0.00731767   -0.03319252   -0.01477730   -0.00107861    0.00988056    0.02918904    0.02535869    0.00405124    0.00000000 
max(|Fsp_paral|) :   0.00000000    0.00308849    0.00256903    0.00204306    0.00486382    0.00343069    0.00244178    0.00202618    0.00382717    0.00000000 
max(|Fsp_perp|)  :   0.00000000    0.00000000    0.00000000    0.00000000    0.00000000    0.00000000    0.00000000    0.00000000    0.00000000    0.00000000 
max(|FNEB|)      :   0.00000000    0.00358197    0.00281885    0.00426942    0.00538705    0.00551733    0.00316679    0.01213129    0.00429123    0.00000000 
max(|Force|)     :   0.00146971    0.00405180    0.01956064    0.00893163    0.00538035    0.00687347    0.01943892    0.01704773    0.00329356    0.00148152 
ksp              :   0.01000000    0.05261639    0.08954273    0.10000000    0.10000000    0.09533687    0.07000131    0.01687936    0.01000000 
max(|step|)      :   0.00000000    0.02233828    0.02641561    0.02087242    0.01150827    0.02418521    0.03288490    0.03256299    0.04097382    0.00000000 
angle (deg.)     :    51.8327  41.1592  12.5675  28.6935  12.5153  19.9056  87.8484  12.5779 
>
iteration       : 22
climbing        : yes
zoom on         : no
nim             : 10
barrier         :   0.03003107 (image:  4) 
distance        :   0.00000000    3.55305667    4.35608817    4.87980615    5.37879973    5.81074857    6.33297140    6.90294334    9.00092286   11.54173759 
energy          : -1076.01159235  -1076.01181024  -1075.99599705  -1075.98464187  -1075.98156129  -1075.98344118  -1075.99286775  -1076.00884827  -1076.02533944  -1076.02943679 
max(|Fr_perp|)   :   0.00000000    0.00227611    0.00311037    0.00320238    0.00336549    0.00365182    0.00325287    0.03737494    0.00698918    0.00000000 
Fr_paral         :   0.00000000   -0.00781172   -0.03306450   -0.01387631   -0.00081320    0.01112948    0.03119186    0.02393689    0.00443230    0.00000000 
max(|Fsp_paral|) :   0.00000000    0.00374203    0.00107559    0.00119637    0.00294055    0.00300313    0.00658748    0.00025560    0.00308729    0.00000000 
max(|Fsp_perp|)  :   0.00000000    0.00000000    0.00000000    0.00000000    0.00000000    0.00000000    0.00000000    0.00000000    0.00000000    0.00000000 
max(|FNEB|)      :   0.00000000    0.00456625    0.00350310    0.00358421    0.00344436    0.00428263    0.00642838    0.03742467    0.00642933    0.00000000 
max(|Force|)     :   0.00146971    0.00451206    0.02056233    0.00947583    0.00338155    0.00676497    0.01997511    0.03658910    0.00718841    0.00148152 
ksp              :   0.01000000    0.05673750    0.09076780    0.10000000    0.10000000    0.09436615    0.06611569    0.01822373    0.01000000 
max(|step|)      :   0.00000000    0.01921784    0.01757029    0.01380325    0.00814664    0.02054831    0.01919364    0.01684197    0.03263510    0.00000000 
angle (deg.)     :    57.4041  35.4460  12.4454  29.4704  12.5193  19.3466  82.2717  13.7059 
>
iteration       : 23
climbing        : yes
zoom on         : no
nim             : 10
barrier         :   0.03003208 (image:  4) 
distance        :   0.00000000    3.61170477    4.40056263    4.91640464    5.39928967    5.85039119    6.37031495    6.91938109    8.81712959   11.49320233 
energy          : -1076.01159235  -1076.01178433  -1075.99504420  -1075.98436085  -1075.98156027  -1075.98375450  -1075.99360224  -1076.00992320  -1076.02492127  -1076.02943679 
max(|Fr_perp|)   :   0.00000000    0.00199246    0.00302567    0.00276707    0.00386712    0.00422042    0.00430318    0.02185382    0.00452751    0.00000000 
Fr_paral         :   0.00000000   -0.00873394   -0.03265666   -0.01314898   -0.00060811    0.01219505    0.03211657    0.02636780    0.00466953    0.00000000 
max(|Fsp_paral|) :   0.00000000    0.00414119    0.00013407    0.00051908    0.00138299    0.00173731    0.00765715    0.00305092    0.00041212    0.00000000 
max(|Fsp_perp|)  :   0.00000000    0.00000000    0.00000000    0.00000000    0.00000000    0.00000000    0.00000000    0.00000000    0.00000000    0.00000000 
max(|FNEB|)      :   0.00000000    0.00435931    0.00304531    0.00304993    0.00405587    0.00496209    0.00656062    0.02204262    0.00446530    0.00000000 
max(|Force|)     :   0.00146971    0.00471625    0.02084612    0.00933888    0.00367837    0.00720998    0.01988340    0.02147554    0.00472518    0.00148152 
ksp              :   0.01000000    0.05959143    0.09160724    0.10000000    0.10000000    0.09342435    0.06391267    0.01500212    0.01000000 
max(|step|)      :   0.00000000    0.02215767    0.01085025    0.01216600    0.00820500    0.01743799    0.01112748    0.02124918    0.02375850    0.00000000 
angle (deg.)     :    61.8329  32.7722  13.3725  29.9202  12.5266  16.7176  75.0010  16.6747 
>
iteration       : 24
climbing        : yes
zoom on         : no
nim             : 10
barrier         :   0.02985257 (image:  4) 
distance        :   0.00000000    3.68112841    4.43765425    4.95209258    5.42629427    5.89526263    6.37621787    6.92082771    8.67256350   11.44233238 
energy          : -1076.01159235  -1076.01155367  -1075.99457279  -1075.98431352  -1075.98173979  -1075.98426602  -1075.99342488  -1076.01025675  -1076.02494658  -1076.02943679 
max(|Fr_perp|)   :   0.00000000    0.00230992    0.00384144    0.00283250    0.00303882    0.00310841    0.00371087    0.00497413    0.00270609    0.00000000 
Fr_paral         :   0.00000000   -0.01118875   -0.03235868   -0.01238871   -0.00038664    0.01315634    0.03150491    0.02840043    0.00472713    0.00000000 
max(|Fsp_paral|) :   0.00000000    0.00354527    0.00058416    0.00001601    0.00023055    0.00125865    0.00522920    0.00505170    0.00074250    0.00000000 
max(|Fsp_perp|)  :   0.00000000    0.00000000    0.00000000    0.00000000    0.00000000    0.00000000    0.00000000    0.00000000    0.00000000    0.00000000 
max(|FNEB|)      :   0.00000000    0.00348447    0.00389831    0.00287296    0.00316201    0.00285237    0.00443690    0.00638883    0.00325589    0.00000000 
max(|Force|)     :   0.00146971    0.00518627    0.01975649    0.00794764    0.00291563    0.00826346    0.01904775    0.01647053    0.00353366    0.00148152 
ksp              :   0.01011663    0.06131086    0.09224068    0.10000000    0.10000000    0.09238387    0.06477158    0.01402660    0.01000000 
max(|step|)      :   0.00000000    0.02256112    0.01144317    0.01383224    0.01284708    0.01483339    0.01438764    0.02213087    0.01968769    0.00000000 
angle (deg.)     :    65.9065  31.6034  14.6813  30.1133  12.6467  14.0281  67.4896  20.8233 
>
iteration       : 25
climbing        : yes
zoom on         : no
nim             : 10
barrier         :   0.02974687 (image:  4) 
distance        :   0.00000000    3.75363074    4.47483412    4.98741769    5.45712659    5.93569530    6.37373135    6.91837334    8.55976062   11.40384249 
energy          : -1076.01159235  -1076.01114283  -1075.99415757  -1075.98426455  -1075.98184549  -1075.98460062  -1075.99283291  -1076.00974268  -1076.02493695  -1076.02943679 
max(|Fr_perp|)   :   0.00000000    0.00353278    0.00322347    0.00263812    0.00297805    0.00295549    0.00283336    0.01564222    0.00434969    0.00000000 
Fr_paral         :   0.00000000   -0.01337970   -0.03194174   -0.01179236   -0.00021316    0.01369443    0.03038970    0.02871849    0.00471030    0.00000000 
max(|Fsp_paral|) :   0.00000000    0.00102365    0.00123165    0.00026678    0.00039214    0.00397475    0.00217806    0.00524910    0.00074582    0.00000000 
max(|Fsp_perp|)  :   0.00000000    0.00000000    0.00000000    0.00000000    0.00000000    0.00000000    0.00000000    0.00000000    0.00000000    0.00000000 
max(|FNEB|)      :   0.00000000    0.00269574    0.00321820    0.00263482    0.00298172    0.00438671    0.00294458    0.01580175    0.00424439    0.00000000 
max(|Force|)     :   0.00146971    0.00793955    0.01831669    0.00629665    0.00297438    0.00805172    0.01839015    0.01610822    0.00418673    0.00148152 
ksp              :   0.01136004    0.06274944    0.09268106    0.10000000    0.10000000    0.09166427    0.06675723    0.01559623    0.01000000 
max(|step|)      :   0.00000000    0.02280167    0.01301281    0.01234131    0.01104477    0.00907714    0.01070623    0.02079029    0.02155428    0.00000000 
angle (deg.)     :    70.6644  30.5777  16.0442  30.2496  12.1993  12.3681  59.7533  26.0189 
>
iteration       : 26
climbing        : yes
zoom on         : no
nim             : 10
barrier         :   0.02967784 (image:  4) 
distance        :   0.00000000    3.82889416    4.52886178    5.03458853    5.50123605    5.97442827    6.38787166    6.92472079    8.46476222   11.38834066 
energy          : -1076.01159235  -1076.01081078  -1075.99354734  -1075.98421236  -1075.98191451  -1075.98470168  -1075.99230461  -1076.00905974  -1076.02484072  -1076.02943679 
max(|Fr_perp|)   :   0.00000000    0.00308656    0.00652026    0.00319734    0.00346014    0.00329839    0.00354705    0.00638927    0.00213485    0.00000000 
Fr_paral         :   0.00000000   -0.01441355   -0.03114062   -0.01127091   -0.00009505    0.01375691    0.02936676    0.02942583    0.00428938    0.00000000 
max(|Fsp_paral|) :   0.00000000    0.00080822    0.00096035    0.00019017    0.00029006    0.00493061    0.00062116    0.00479500    0.00059774    0.00000000 
max(|Fsp_perp|)  :   0.00000000    0.00000000    0.00000000    0.00000000    0.00000000    0.00000000    0.00000000    0.00000000    0.00000000    0.00000000 
max(|FNEB|)      :   0.00000000    0.00381248    0.00654350    0.00325680    0.00345941    0.00461822    0.00349458    0.00644702    0.00272955    0.00000000 
max(|Force|)     :   0.00146971    0.00802276    0.01727015    0.00528324    0.00346087    0.00746542    0.01715157    0.01614729    0.00341212    0.00148152 
ksp              :   0.01237017    0.06472269    0.09303161    0.10000000    0.10000000    0.09154772    0.06849135    0.01768033    0.01000000 
max(|step|)      :   0.00000000    0.01345994    0.00992882    0.00722092    0.00685683    0.00646038    0.00569680    0.01458876    0.01291783    0.00000000 
angle (deg.)     :    73.5104  29.8116  16.7266  30.2666  11.3119  11.7208  55.2009  29.5942 
>
iteration       : 27
climbing        : yes
zoom on         : no
nim             : 10
barrier         :   0.02959432 (image:  4) 
distance        :   0.00000000    3.87346745    4.56991116    5.06934598    5.53518894    5.99325057    6.40640025    6.92852172    8.42154066   11.39153400 
energy          : -1076.01159235  -1076.01072146  -1075.99332940  -1075.98424227  -1075.98199803  -1075.98465235  -1075.99216374  -1076.00841974  -1076.02481663  -1076.02943679 
max(|Fr_perp|)   :   0.00000000    0.00145337    0.00208961    0.00176731    0.00152372    0.00152448    0.00144529    0.00220488    0.00191334    0.00000000 
Fr_paral         :   0.00000000   -0.01413917   -0.03102675   -0.01105384   -0.00002679    0.01343870    0.02923500    0.03021024    0.00421808    0.00000000 
max(|Fsp_paral|) :   0.00000000    0.00130920    0.00049507    0.00002445    0.00034340    0.00410326    0.00109385    0.00344322    0.00011731    0.00000000 
max(|Fsp_perp|)  :   0.00000000    0.00000000    0.00000000    0.00000000    0.00000000    0.00000000    0.00000000    0.00000000    0.00000000    0.00000000 
max(|FNEB|)      :   0.00000000    0.00266375    0.00200903    0.00172787    0.00152374    0.00457416    0.00154232    0.00301662    0.00193787    0.00000000 
max(|Force|)     :   0.00146971    0.00648537    0.01704969    0.00529832    0.00152370    0.00774092    0.01775758    0.01661593    0.00318159    0.00148152 
ksp              :   0.01264850    0.06553989    0.09317499    0.10000000    0.10000000    0.09192788    0.06908483    0.01964833    0.01000000 
max(|step|)      :   0.00000000    0.01971362    0.01532712    0.01101577    0.01060573    0.01179142    0.00749883    0.02100074    0.01988997    0.00000000 
angle (deg.)     :    77.5508  28.9033  17.5540  30.2328  9.9888  11.9730  49.1292  35.0853 
>
iteration       : 28
climbing        : yes
zoom on         : no
nim             : 10
barrier         :   0.02952613 (image:  4) 
distance        :   0.00000000    3.93687005    4.63880477    5.12886506    5.59316394    6.02131213    6.44360032    6.94079955    8.37586299   11.41729685 
energy          : -1076.01159235  -1076.01065731  -1075.99289219  -1075.98423348  -1075.98206623  -1075.98443959  -1075.99192190  -1076.00725739  -1076.02479378  -1076.02943679 
max(|Fr_perp|)   :   0.00000000    0.00146262    0.00233365    0.00119442    0.00148816    0.00199164    0.00194554    0.00309437    0.00191953    0.00000000 
Fr_paral         :   0.00000000   -0.01293070   -0.03048123   -0.01078414    0.00010672    0.01269510    0.02891266    0.03112847    0.00415580    0.00000000 
max(|Fsp_paral|) :   0.00000000    0.00137407    0.00070534    0.00032458    0.00158749    0.00192680    0.00250014    0.00076469    0.00103531    0.00000000 
max(|Fsp_perp|)  :   0.00000000    0.00000000    0.00000000    0.00000000    0.00000000    0.00000000    0.00000000    0.00000000    0.00000000    0.00000000 
max(|FNEB|)      :   0.00000000    0.00148228    0.00226879    0.00125457    0.00148780    0.00356169    0.00331262    0.00309213    0.00218090    0.00000000 
max(|Force|)     :   0.00146971    0.00434149    0.01703180    0.00540893    0.00148851    0.00777556    0.01840944    0.01779655    0.00279722    0.00148152 
ksp              :   0.01285014    0.06700086    0.09339390    0.10000000    0.10000000    0.09276565    0.06995844    0.02321362    0.01000000 
max(|step|)      :   0.00000000    0.01826701    0.01210697    0.00966232    0.00918367    0.01308094    0.01115372    0.01643148    0.02042391    0.00000000 
angle (deg.)     :    80.9246  28.7809  18.0203  30.1445  9.2209  12.8160  45.0806  39.9806 
>
iteration       : 29
climbing        : yes
zoom on         : no
nim             : 10
barrier         :   0.02946337 (image:  4) 
distance        :   0.00000000    3.99238371    4.70287284    5.19006057    5.65119234    6.05412649    6.47998976    6.96584102    8.34711434   11.46314505 
energy          : -1076.01159235  -1076.01065921  -1075.99260574  -1075.98420895  -1075.98212898  -1075.98428488  -1075.99163932  -1076.00638803  -1076.02472715  -1076.02943679 
max(|Fr_perp|)   :   0.00000000    0.00275057    0.00982768    0.00182934    0.00145610    0.00176949    0.00215352    0.00582744    0.00196629    0.00000000 
Fr_paral         :   0.00000000   -0.01202536   -0.02993840   -0.01052105    0.00026084    0.01206726    0.02848602    0.03141399    0.00441669    0.00000000 
max(|Fsp_paral|) :   0.00000000    0.00115177    0.00149288    0.00023871    0.00256219    0.00027317    0.00301941    0.00068174    0.00179106    0.00000000 
max(|Fsp_perp|)  :   0.00000000    0.00000000    0.00000000    0.00000000    0.00000000    0.00000000    0.00000000    0.00000000    0.00000000    0.00000000 
max(|FNEB|)      :   0.00000000    0.00265965    0.00983043    0.00177835    0.00145593    0.00179555    0.00386098    0.00579158    0.00219938    0.00000000 
max(|Force|)     :   0.00146971    0.00448565    0.01708311    0.00555318    0.00145628    0.00766278    0.01834844    0.01834790    0.00254077    0.00148152 
ksp              :   0.01285043    0.06799728    0.09364644    0.10000000    0.10000000    0.09341451    0.07094933    0.02589735    0.01000000 
max(|step|)      :   0.00000000    0.02219796    0.01268503    0.01108615    0.01057027    0.01537686    0.01552825    0.01672326    0.02632618    0.00000000 
angle (deg.)     :    84.7175  29.1799  18.3637  30.0391  8.7486  13.9962  41.6279  45.8954 
>
iteration       : 30
climbing        : yes
zoom on         : no
nim             : 10
barrier         :   0.02936872 (image:  4) 
distance        :   0.00000000    4.05681729    4.78041161    5.26833483    5.72440852    6.10212936    6.52758604    7.00880044    8.32425096   11.53887065 
energy          : -1076.01159235  -1076.01073025  -1075.99247231  -1075.98418614  -1075.98222363  -1075.98418398  -1075.99131862  -1076.00567728  -1076.02456420  -1076.02943679 
max(|Fr_perp|)   :   0.00000000    0.00268799    0.00455038    0.00179816    0.00133591    0.00146290    0.00172761    0.00471055    0.00131610    0.00000000 
Fr_paral         :   0.00000000   -0.01135482   -0.02978712   -0.01018286    0.00045870    0.01146354    0.02793572    0.03182870    0.00477787    0.00000000 
max(|Fsp_paral|) :   0.00000000    0.00064174    0.00209200    0.00012092    0.00344431    0.00119775    0.00300149    0.00120345    0.00205742    0.00000000 
max(|Fsp_perp|)  :   0.00000000    0.00000000    0.00000000    0.00000000    0.00000000    0.00000000    0.00000000    0.00000000    0.00000000    0.00000000 
max(|FNEB|)      :   0.00000000    0.00202942    0.00457553    0.00174234    0.00133565    0.00186749    0.00339912    0.00445176    0.00222815    0.00000000 
max(|Force|)     :   0.00146971    0.00473441    0.01721780    0.00567864    0.00144207    0.00685814    0.01760670    0.01848156    0.00237542    0.00148152 
ksp              :   0.01264190    0.06859310    0.09398592    0.10000000    0.10000000    0.09399255    0.07212856    0.02812666    0.01000000 
max(|step|)      :   0.00000000    0.03014505    0.01713827    0.01362083    0.01689121    0.02373294    0.03212903    0.02044297    0.03854362    0.00000000 
angle (deg.)     :    88.1465  30.2282  18.6634  29.2087  9.4763  13.5449  41.6551  53.2531 
>
iteration       : 31
climbing        : yes
zoom on         : no
nim             : 10
barrier         :   0.02925667 (image:  4) 
distance        :   0.00000000    4.13659178    4.87161469    5.37304660    5.82626575    6.17467588    6.58335675    7.07626540    8.31996374   11.67810512 
energy          : -1076.01159235  -1076.01099138  -1075.99279959  -1075.98423693  -1075.98233568  -1075.98405737  -1075.99054844  -1076.00493053  -1076.02421918  -1076.02943679 
max(|Fr_perp|)   :   0.00000000    0.00285045    0.00969706    0.00236045    0.00380863    0.00467516    0.00312102    0.00789260    0.00238700    0.00000000 
Fr_paral         :   0.00000000   -0.01105194   -0.02985784   -0.00997189    0.00062217    0.01060604    0.02660162    0.03214461    0.00533283    0.00000000 
max(|Fsp_paral|) :   0.00000000    0.00031257    0.00146586    0.00089646    0.00460622    0.00208577    0.00106853    0.00057780    0.00202545    0.00000000 
max(|Fsp_perp|)  :   0.00000000    0.00000000    0.00000000    0.00000000    0.00000000    0.00000000    0.00000000    0.00000000    0.00000000    0.00000000 
max(|FNEB|)      :   0.00000000    0.00286853    0.00970202    0.00242559    0.00378339    0.00475608    0.00302467    0.00790859    0.00213699    0.00000000 
max(|Force|)     :   0.00146971    0.00496519    0.01760374    0.00589693    0.00383387    0.00493718    0.01497651    0.01777508    0.00315513    0.00148152 
ksp              :   0.01184874    0.06781069    0.09415133    0.10000000    0.10000000    0.09470371    0.07473573    0.03049324    0.01000000 
max(|step|)      :   0.00000000    0.01247101    0.01018300    0.00809519    0.00835077    0.01151617    0.01972595    0.00884608    0.01727027    0.00000000 
angle (deg.)     :    88.6245  30.6548  18.6768  28.3767  10.4643  12.0970  43.5103  55.7957 
>
iteration       : 32
climbing        : yes
zoom on         : no
nim             : 10
barrier         :   0.02918474 (image:  4) 
distance        :   0.00000000    4.16664104    4.89847984    5.41089742    5.86673999    6.20610482    6.59769540    7.10510611    8.32449171   11.74761955 
energy          : -1076.01159235  -1076.01114623  -1075.99334386  -1075.98432844  -1075.98240762  -1075.98407654  -1075.99009769  -1076.00487951  -1076.02405716  -1076.02943679 
max(|Fr_perp|)   :   0.00000000    0.00139380    0.00453291    0.00128166    0.00143709    0.00179256    0.00218923    0.00398809    0.00255176    0.00000000 
Fr_paral         :   0.00000000   -0.01143978   -0.03050736   -0.01012465    0.00072741    0.01040555    0.02563779    0.03286482    0.00580923    0.00000000 
max(|Fsp_paral|) :   0.00000000    0.00040536    0.00016506    0.00124219    0.00509920    0.00171398    0.00090271    0.00068459    0.00154255    0.00000000 
max(|Fsp_perp|)  :   0.00000000    0.00000000    0.00000000    0.00000000    0.00000000    0.00000000    0.00000000    0.00000000    0.00000000    0.00000000 
max(|FNEB|)      :   0.00000000    0.00139989    0.00451935    0.00249427    0.00143609    0.00246345    0.00247550    0.00400285    0.00215973    0.00000000 
max(|Force|)     :   0.00146971    0.00512001    0.01797652    0.00607785    0.00166068    0.00597037    0.01531459    0.01849202    0.00331693    0.00148152 
ksp              :   0.01137574    0.06627478    0.09407658    0.10000000    0.10000000    0.09485338    0.07628534    0.03070110    0.01000000 
max(|step|)      :   0.00000000    0.00589535    0.00683941    0.00493683    0.00418105    0.00451594    0.00832626    0.00542427    0.00795949    0.00000000 
angle (deg.)     :    88.4432  30.9541  18.7839  27.7798  11.2206  11.1614  44.7699  56.6946 
>
iteration       : 33
climbing        : yes
zoom on         : no
nim             : 10
barrier         :   0.02913911 (image:  4) 
distance        :   0.00000000    4.17962277    4.90485296    5.42073160    5.88146534    6.22163888    6.60072586    7.11485036    8.32703954   11.78015879 
energy          : -1076.01159235  -1076.01120238  -1075.99368669  -1075.98443428  -1075.98245325  -1075.98413234  -1075.98989176  -1076.00483339  -1076.02402803  -1076.02943679 
max(|Fr_perp|)   :   0.00000000    0.00135451    0.00479141    0.00116033    0.00119252    0.00141445    0.00173798    0.00309628    0.00192023    0.00000000 
Fr_paral         :   0.00000000   -0.01167390   -0.03085642   -0.01032011    0.00070680    0.01043570    0.02511602    0.03303685    0.00579196    0.00000000 
max(|Fsp_paral|) :   0.00000000    0.00019596    0.00059719    0.00112042    0.00529050    0.00101827    0.00211822    0.00118048    0.00140903    0.00000000 
max(|Fsp_perp|)  :   0.00000000    0.00000000    0.00000000    0.00000000    0.00000000    0.00000000    0.00000000    0.00000000    0.00000000    0.00000000 
max(|FNEB|)      :   0.00000000    0.00129545    0.00479795    0.00224996    0.00109093    0.00182523    0.00319855    0.00312289    0.00170284    0.00000000 
max(|Force|)     :   0.00146971    0.00553165    0.01804318    0.00606402    0.00141119    0.00604240    0.01498251    0.01849220    0.00270400    0.00148152 
ksp              :   0.01120450    0.06530402    0.09388132    0.10000000    0.10000000    0.09481388    0.07702515    0.03087596    0.01000000 
max(|step|)      :   0.00000000    0.03326230    0.02584431    0.02108340    0.02042269    0.02191629    0.02902417    0.02760793    0.04780274    0.00000000 
angle (deg.)     :    89.5349  32.4812  19.5704  25.4717  14.4720  9.9416  47.8778  64.5348 
>
iteration       : 34
climbing        : yes
zoom on         : no
nim             : 10
barrier         :   0.02894318 (image:  4) 
distance        :   0.00000000    4.26511773    4.97972871    5.50001897    5.98058160    6.31798595    6.66145853    7.18228133    8.35351494   11.98770818 
energy          : -1076.01159235  -1076.01142472  -1075.99474428  -1075.98486321  -1075.98264918  -1075.98432919  -1075.98931210  -1076.00404937  -1076.02357699  -1076.02943679 
max(|Fr_perp|)   :   0.00000000    0.00234154    0.00356674    0.00100559    0.00078339    0.00162932    0.00159557    0.00539032    0.00287107    0.00000000 
Fr_paral         :   0.00000000   -0.01153121   -0.03169812   -0.01107227    0.00071837    0.01035732    0.02343279    0.03333216    0.00587377    0.00000000 
max(|Fsp_paral|) :   0.00000000    0.00010856    0.00215059    0.00018653    0.00633663    0.00060438    0.00511027    0.00117422    0.00146899    0.00000000 
max(|Fsp_perp|)  :   0.00000000    0.00000000    0.00000000    0.00000000    0.00000000    0.00000000    0.00000000    0.00000000    0.00000000    0.00000000 
max(|FNEB|)      :   0.00000000    0.00245698    0.00360209    0.00098010    0.00084293    0.00163199    0.00532482    0.00540716    0.00299746    0.00000000 
max(|Force|)     :   0.00146971    0.00620282    0.01804995    0.00611731    0.00095385    0.00546435    0.01361558    0.01900470    0.00318947    0.00148152 
ksp              :   0.01052127    0.06238979    0.09311538    0.10000000    0.10000000    0.09477594    0.07928136    0.03345522    0.01000000 
max(|step|)      :   0.00000000    0.03767309    0.02590482    0.02358375    0.02374342    0.02484050    0.02521895    0.02267018    0.05825993    0.00000000 
angle (deg.)     :    91.9303  33.2750  19.5913  23.8710  16.2230  9.9507  48.8508  75.7595 
>
iteration       : 35
climbing        : yes
zoom on         : no
nim             : 10
barrier         :   0.02878947 (image:  4) 
distance        :   0.00000000    4.36672120    5.09314719    5.60303433    6.09646437    6.42852991    6.77961715    7.26781074    8.40002855   12.25448025 
energy          : -1076.01159235  -1076.01164050  -1075.99512282  -1075.98519236  -1075.98280288  -1075.98433017  -1075.98948276  -1076.00287492  -1076.02282759  -1076.02943679 
max(|Fr_perp|)   :   0.00000000    0.00259600    0.00544301    0.00305177    0.00368633    0.00942549    0.00523885    0.01545320    0.01038834    0.00000000 
Fr_paral         :   0.00000000   -0.01048224   -0.03178551   -0.01164181    0.00067539    0.00945893    0.02368112    0.03227191    0.00507587    0.00000000 
max(|Fsp_paral|) :   0.00000000    0.00037460    0.00139305    0.00103316    0.00712901    0.00011255    0.00304137    0.00200765    0.00194725    0.00000000 
max(|Fsp_perp|)  :   0.00000000    0.00000000    0.00000000    0.00000000    0.00000000    0.00000000    0.00000000    0.00000000    0.00000000    0.00000000 
max(|FNEB|)      :   0.00000000    0.00261097    0.00553855    0.00311072    0.00372429    0.00939226    0.00560259    0.01541841    0.01025633    0.00000000 
max(|Force|)     :   0.00146971    0.00458251    0.01833841    0.00687421    0.00364838    0.00962502    0.01482581    0.02025942    0.01059753    0.00148152 
ksp              :   0.01000000    0.06148611    0.09253015    0.10000000    0.10000000    0.09522548    0.07911775    0.03725195    0.01000000 
max(|step|)      :   0.00000000    0.01207820    0.00795048    0.00661243    0.00653945    0.00821206    0.01325386    0.01309273    0.01471031    0.00000000 
angle (deg.)     :    91.0552  32.8145  18.9371  24.3992  15.0542  9.1255  47.6331  72.4854 
>
iteration       : 36
climbing        : yes
zoom on         : no
nim             : 10
barrier         :   0.02880984 (image:  4) 
distance        :   0.00000000    4.33285899    5.06048563    5.56822843    6.05666833    6.39876129    6.75956729    7.24452429    8.35810409   12.16050001 
energy          : -1076.01159235  -1076.01163508  -1075.99492930  -1075.98512916  -1075.98278252  -1075.98451226  -1075.98992182  -1076.00376954  -1076.02303643  -1076.02943679 
max(|Fr_perp|)   :   0.00000000    0.00082199    0.00142291    0.00114436    0.00139954    0.00229197    0.00162859    0.00350410    0.00234943    0.00000000 
Fr_paral         :   0.00000000   -0.01065787   -0.03178002   -0.01162288    0.00069878    0.01050885    0.02450195    0.03354868    0.00596178    0.00000000 
max(|Fsp_paral|) :   0.00000000    0.00068562    0.00105235    0.00085874    0.00643223    0.00003934    0.00206677    0.00037559    0.00017315    0.00000000 
max(|Fsp_perp|)  :   0.00000000    0.00000000    0.00000000    0.00000000    0.00000000    0.00000000    0.00000000    0.00000000    0.00000000    0.00000000 
max(|FNEB|)      :   0.00000000    0.00085108    0.00144653    0.00137974    0.00143397    0.00229466    0.00278709    0.00351397    0.00234864    0.00000000 
max(|Force|)     :   0.00146971    0.00449085    0.01840872    0.00671458    0.00136511    0.00612039    0.01494039    0.01977933    0.00310954    0.00148152 
ksp              :   0.01000000    0.06205425    0.09266923    0.10000000    0.10000000    0.09459639    0.07769730    0.03443793    0.01000000 
max(|step|)      :   0.00000000    0.00260533    0.00429360    0.00276037    0.00171396    0.00350407    0.00817262    0.00314509    0.00479028    0.00000000 
angle (deg.)     :    91.7155  32.8194  18.5030  24.7029  14.2063  8.3301  46.6366  74.1460 
>
iteration       : 37
climbing        : yes
zoom on         : no
nim             : 10
barrier         :   0.02879038 (image:  4) 
distance        :   0.00000000    4.34178665    5.07443500    5.57721121    6.06186338    6.40726797    6.77796391    7.24928918    8.35100419   12.17324030 
energy          : -1076.01159235  -1076.01160337  -1075.99470232  -1075.98510602  -1075.98280198  -1075.98457142  -1075.99023867  -1076.00385245  -1076.02300113  -1076.02943679 
max(|Fr_perp|)   :   0.00000000    0.00076278    0.00085787    0.00104014    0.00078301    0.00048340    0.00108441    0.00101257    0.00115821    0.00000000 
Fr_paral         :   0.00000000   -0.01059499   -0.03161363   -0.01155119    0.00070693    0.01068948    0.02513242    0.03368843    0.00612682    0.00000000 
max(|Fsp_paral|) :   0.00000000    0.00096401    0.00035786    0.00086746    0.00610204    0.00024039    0.00066997    0.00084161    0.00029258    0.00000000 
max(|Fsp_perp|)  :   0.00000000    0.00000000    0.00000000    0.00000000    0.00000000    0.00000000    0.00000000    0.00000000    0.00000000    0.00000000 
max(|FNEB|)      :   0.00000000    0.00086852    0.00082400    0.00113808    0.00083986    0.00070478    0.00138436    0.00148000    0.00132945    0.00000000 
max(|Force|)     :   0.00146971    0.00445591    0.01835022    0.00657965    0.00072617    0.00580717    0.01522226    0.01950486    0.00310434    0.00148152 
ksp              :   0.01000000    0.06279901    0.09279746    0.10000000    0.10000000    0.09446866    0.07675256    0.03419529    0.01000000 
max(|step|)      :   0.00000000    0.00400860    0.00391803    0.00356738    0.00312215    0.00551388    0.01361211    0.00758529    0.00664358    0.00000000 
angle (deg.)     :    91.1423  32.6553  17.5258  25.0721  13.2075  7.6616  45.7285  74.5946 
>
iteration       : 38
climbing        : yes
zoom on         : no
nim             : 10
barrier         :   0.02876822 (image:  4) 
distance        :   0.00000000    4.33786398    5.06923007    5.56658489    6.04698961    6.40266108    6.78979961    7.24585840    8.32466960   12.15687492 
energy          : -1076.01159235  -1076.01156093  -1075.99456392  -1075.98511986  -1075.98282413  -1075.98466695  -1075.99079313  -1076.00420033  -1076.02296049  -1076.02943679 
max(|Fr_perp|)   :   0.00000000    0.00082949    0.00094189    0.00097316    0.00068946    0.00073268    0.00074673    0.00139274    0.00113314    0.00000000 
Fr_paral         :   0.00000000   -0.01075110   -0.03148675   -0.01158838    0.00062145    0.01096940    0.02617960    0.03356361    0.00626128    0.00000000 
max(|Fsp_paral|) :   0.00000000    0.00092340    0.00006176    0.00090444    0.00543437    0.00046148    0.00129304    0.00084179    0.00137344    0.00000000 
max(|Fsp_perp|)  :   0.00000000    0.00000000    0.00000000    0.00000000    0.00000000    0.00000000    0.00000000    0.00000000    0.00000000    0.00000000 
max(|FNEB|)      :   0.00000000    0.00112117    0.00094573    0.00085694    0.00068234    0.00077773    0.00099755    0.00151659    0.00197505    0.00000000 
max(|Force|)     :   0.00146971    0.00438774    0.01830245    0.00655696    0.00069658    0.00580539    0.01581922    0.01913254    0.00315952    0.00148152 
ksp              :   0.01009831    0.06327263    0.09281792    0.10000000    0.10000000    0.09423482    0.07506935    0.03312560    0.01000000 
max(|step|)      :   0.00000000    0.00910412    0.01135610    0.01213551    0.01163315    0.01055626    0.01246331    0.00884809    0.01583029    0.00000000 
angle (deg.)     :    90.4359  32.8385  16.2605  25.3173  12.3331  7.5056  45.4185  78.8682 
>
iteration       : 39
climbing        : yes
zoom on         : no
nim             : 10
barrier         :   0.02868552 (image:  4) 
distance        :   0.00000000    4.36055955    5.08482326    5.58090424    6.05451175    6.42004113    6.81314585    7.26353134    8.32744864   12.22324946 
energy          : -1076.01159235  -1076.01149525  -1075.99464323  -1075.98519570  -1075.98290684  -1075.98480736  -1075.99116050  -1076.00452640  -1076.02282648  -1076.02943679 
max(|Fr_perp|)   :   0.00000000    0.00208629    0.00142420    0.00084113    0.00073405    0.00141031    0.00159057    0.00154998    0.00278264    0.00000000 
Fr_paral         :   0.00000000   -0.01118245   -0.03144290   -0.01167216    0.00049372    0.01118751    0.02670439    0.03337290    0.00600072    0.00000000 
max(|Fsp_paral|) :   0.00000000    0.00031262    0.00015823    0.00064034    0.00469758    0.00020995    0.00205521    0.00047719    0.00251834    0.00000000 
max(|Fsp_perp|)  :   0.00000000    0.00000000    0.00000000    0.00000000    0.00000000    0.00000000    0.00000000    0.00000000    0.00000000    0.00000000 
max(|FNEB|)      :   0.00000000    0.00214584    0.00141780    0.00085254    0.00072941    0.00135077    0.00168089    0.00152249    0.00274809    0.00000000 
max(|Force|)     :   0.00146971    0.00439702    0.01826172    0.00628633    0.00073869    0.00587133    0.01605554    0.01866351    0.00302165    0.00148152 
ksp              :   0.01030467    0.06317741    0.09281876    0.10000000    0.10000000    0.09403717    0.07410436    0.03216924    0.01000000 
max(|step|)      :   0.00000000    0.02383571    0.03197229    0.03338184    0.03203045    0.02913831    0.03033770    0.02392203    0.04925845    0.00000000 
angle (deg.)     :    88.2262  33.5049  13.5130  26.1263  10.7801  8.7586  45.9014  90.7828 
>
iteration       : 40
climbing        : yes
zoom on         : no
nim             : 10
barrier         :   0.02850334 (image:  4) 
distance        :   0.00000000    4.42416606    5.13264402    5.62804295    6.08445875    6.47282474    6.87144468    7.32011297    8.39357145   12.45789412 
energy          : -1076.01159235  -1076.01131914  -1075.99487732  -1075.98536231  -1075.98308901  -1075.98512811  -1075.99179091  -1076.00530400  -1076.02250354  -1076.02943679 
max(|Fr_perp|)   :   0.00000000    0.00234516    0.00195737    0.00168765    0.00123305    0.00118485    0.00198005    0.00297486    0.00260857    0.00000000 
Fr_paral         :   0.00000000   -0.01209847   -0.03131428   -0.01186342    0.00017918    0.01172708    0.02739181    0.03289638    0.00462062    0.00000000 
max(|Fsp_paral|) :   0.00000000    0.00141914    0.00081857    0.00017052    0.00302294    0.00078769    0.00268437    0.00027386    0.00446719    0.00000000 
max(|Fsp_perp|)  :   0.00000000    0.00000000    0.00000000    0.00000000    0.00000000    0.00000000    0.00000000    0.00000000    0.00000000    0.00000000 
max(|FNEB|)      :   0.00000000    0.00229014    0.00210881    0.00176144    0.00130927    0.00119546    0.00196939    0.00296772    0.00495761    0.00000000 
max(|Force|)     :   0.00146971    0.00445415    0.01799122    0.00621278    0.00115683    0.00653956    0.01659821    0.01800981    0.00319808    0.00148152 
ksp              :   0.01086269    0.06277812    0.09282200    0.10000000    0.10000000    0.09356151    0.07252354    0.02985563    0.01000000 
max(|step|)      :   0.00000000    0.02324031    0.03073788    0.03205468    0.03080068    0.02799492    0.02844151    0.02412798    0.04428557    0.00000000 
angle (deg.)     :    85.7611  34.0766  11.7804  27.1640  9.9558  10.3065  47.4226  101.4427 
>
iteration       : 41
climbing        : yes
zoom on         : no
nim             : 10
barrier         :   0.02835771 (image:  4) 
distance        :   0.00000000    4.48411630    5.18840861    5.68039627    6.12313227    6.53078603    6.93108100    7.38570357    8.52476324   12.74516639 
energy          : -1076.01159235  -1076.01121562  -1075.99502879  -1075.98551101  -1075.98323464  -1075.98537524  -1075.99220037  -1076.00603580  -1076.02224558  -1076.02943679 
max(|Fr_perp|)   :   0.00000000    0.00162739    0.00287825    0.00243435    0.00175683    0.00144243    0.00180436    0.00168826    0.00356644    0.00000000 
Fr_paral         :   0.00000000   -0.01224569   -0.03110251   -0.01207071   -0.00011682    0.01212306    0.02772291    0.03263275    0.00300155    0.00000000 
max(|Fsp_paral|) :   0.00000000    0.00252016    0.00085184    0.00069784    0.00158585    0.00176853    0.00266239    0.00057633    0.00525814    0.00000000 
max(|Fsp_perp|)  :   0.00000000    0.00000000    0.00000000    0.00000000    0.00000000    0.00000000    0.00000000    0.00000000    0.00000000    0.00000000 
max(|FNEB|)      :   0.00000000    0.00265487    0.00310410    0.00284554    0.00170766    0.00235133    0.00244268    0.00169684    0.00637419    0.00000000 
max(|Force|)     :   0.00146971    0.00452878    0.01805648    0.00641650    0.00180600    0.00695891    0.01680775    0.01805490    0.00388907    0.00148152 
ksp              :   0.01119565    0.06256846    0.09277541    0.10000000    0.10000000    0.09320631    0.07154512    0.02763507    0.01000000 
max(|step|)      :   0.00000000    0.05204072    0.06907118    0.07193912    0.06916574    0.06290871    0.06369765    0.05427021    0.10000000    0.00000000 
angle (deg.)     :    80.2712  35.7746  10.9439  30.3130  10.0474  14.1175  53.1233  119.9076 
>
iteration       : 42
climbing        : yes
zoom on         : no
nim             : 10
barrier         :   0.02815262 (image:  4) 
distance        :   0.00000000    4.62332061    5.33082570    5.81517006    6.23114859    6.68152875    7.08843256    7.55933492    8.96381549   13.53960656 
energy          : -1076.01159235  -1076.01082218  -1075.99518402  -1075.98569704  -1075.98343973  -1075.98579739  -1075.99297246  -1076.00743577  -1076.02136264  -1076.02943679 
max(|Fr_perp|)   :   0.00000000    0.00242348    0.00466442    0.00412882    0.00281411    0.00229128    0.00341828    0.00705098    0.00518714    0.00000000 
Fr_paral         :   0.00000000   -0.01181318   -0.03044194   -0.01240415   -0.00076941    0.01294615    0.02813392    0.03134474   -0.00052696    0.00000000 
max(|Fsp_paral|) :   0.00000000    0.00591607    0.00038268    0.00177294    0.00159861    0.00377938    0.00261946    0.00000080    0.00520819    0.00000000 
max(|Fsp_perp|)  :   0.00000000    0.00000000    0.00000000    0.00000000    0.00000000    0.00000000    0.00000000    0.00000000    0.00000000    0.00000000 
max(|FNEB|)      :   0.00000000    0.00540786    0.00478294    0.00511541    0.00258057    0.00489632    0.00423199    0.00737815    0.00728961    0.00000000 
max(|Force|)     :   0.00146971    0.00465956    0.01852609    0.00788768    0.00314157    0.00775152    0.01728525    0.01795621    0.00517568    0.00148152 
ksp              :   0.01248746    0.06246453    0.09278983    0.10000000    0.10000000    0.09245553    0.06952046    0.02330873    0.01000000 
max(|step|)      :   0.00000000    0.01291915    0.01142626    0.01222050    0.00616487    0.01169710    0.01011004    0.01762610    0.01741458    0.00000000 
angle (deg.)     :    79.9827  35.5784  11.1153  29.6987  9.0848  11.4308  53.6272  120.3285 
>
iteration       : 43
climbing        : yes
zoom on         : no
nim             : 10
barrier         :   0.02804089 (image:  4) 
distance        :   0.00000000    4.61733379    5.35525017    5.83082011    6.25767423    6.68934259    7.10332428    7.58375428    9.02236256   13.60682096 
energy          : -1076.01159235  -1076.01131950  -1075.99535695  -1075.98590716  -1075.98355146  -1075.98566811  -1075.99288763  -1076.00737443  -1076.02153320  -1076.02943679 
max(|Fr_perp|)   :   0.00000000    0.00552835    0.01074765    0.00552979    0.00243763    0.00366894    0.00294695    0.02186725    0.00570021    0.00000000 
Fr_paral         :   0.00000000   -0.00998721   -0.03053994   -0.01274927   -0.00076503    0.01225683    0.02825141    0.03023255   -0.00069394    0.00000000 
max(|Fsp_paral|) :   0.00000000    0.00191986    0.00101537    0.00068585    0.00022362    0.00234143    0.00266931    0.00011328    0.00481007    0.00000000 
max(|Fsp_perp|)  :   0.00000000    0.00000000    0.00000000    0.00000000    0.00000000    0.00000000    0.00000000    0.00000000    0.00000000    0.00000000 
max(|FNEB|)      :   0.00000000    0.00556278    0.01075169    0.00557705    0.00243746    0.00355539    0.00328730    0.02185167    0.00666121    0.00000000 
max(|Force|)     :   0.00146971    0.00555941    0.01809692    0.00697494    0.00243780    0.00633487    0.01765084    0.02097005    0.00573769    0.00148152 
ksp              :   0.01087575    0.06210912    0.09243915    0.10000000    0.10000000    0.09320642    0.07003466    0.02353784    0.01000000 
max(|step|)      :   0.00000000    0.00907719    0.00797828    0.00943896    0.00453118    0.00917868    0.00783827    0.00705634    0.01487198    0.00000000 
angle (deg.)     :    79.7389  35.8070  11.4276  29.1885  8.7079  9.9774  54.0601  120.6844 
>
iteration       : 44
climbing        : yes
zoom on         : no
nim             : 10
barrier         :   0.02798161 (image:  4) 
distance        :   0.00000000    4.61390299    5.37067301    5.84226283    6.27735618    6.69486512    7.11322648    7.60350195    9.07132563   13.66363557 
energy          : -1076.01159235  -1076.01169946  -1075.99561969  -1075.98608473  -1075.98361075  -1075.98558906  -1075.99278539  -1076.00787736  -1076.02170532  -1076.02943679 
max(|Fr_perp|)   :   0.00000000    0.00386145    0.00450305    0.00307233    0.00205265    0.00285750    0.00200601    0.00935799    0.00434576    0.00000000 
Fr_paral         :   0.00000000   -0.00900158   -0.03104022   -0.01315093   -0.00073791    0.01185845    0.02830861    0.03132167   -0.00055019    0.00000000 
max(|Fsp_paral|) :   0.00000000    0.00013598    0.00167095    0.00005522    0.00080849    0.00130952    0.00251901    0.00122937    0.00552089    0.00000000 
max(|Fsp_perp|)  :   0.00000000    0.00000000    0.00000000    0.00000000    0.00000000    0.00000000    0.00000000    0.00000000    0.00000000    0.00000000 
max(|FNEB|)      :   0.00000000    0.00388802    0.00452829    0.00312360    0.00212045    0.00279020    0.00284244    0.00938511    0.00710914    0.00000000 
max(|Force|)     :   0.00146971    0.00448952    0.01795219    0.00697465    0.00198486    0.00593876    0.01746032    0.01745591    0.00437496    0.00148152 
ksp              :   0.01000000    0.06137446    0.09204269    0.10000000    0.10000000    0.09363695    0.07049069    0.02194890    0.01000000 
max(|step|)      :   0.00000000    0.02385146    0.02092433    0.02511722    0.01128509    0.02438075    0.02182562    0.01496164    0.04952383    0.00000000 
angle (deg.)     :    79.0125  38.0789  13.8483  28.1050  9.7290  11.8412  55.5733  121.6017 
>
iteration       : 45
climbing        : yes
zoom on         : no
nim             : 10
barrier         :   0.02797325 (image:  4) 
distance        :   0.00000000    4.60816083    5.40385207    5.87514533    6.33189470    6.71243851    7.13961711    7.65496469    9.23219390   13.85410786 
energy          : -1076.01159235  -1076.01230583  -1075.99618019  -1075.98635990  -1075.98361911  -1075.98528813  -1075.99228772  -1076.00818306  -1076.02189465  -1076.02943679 
max(|Fr_perp|)   :   0.00000000    0.00286907    0.00236748    0.00154027    0.00140595    0.00168739    0.00172621    0.00266719    0.00295231    0.00000000 
Fr_paral         :   0.00000000   -0.00699257   -0.03145191   -0.01393523   -0.00053585    0.01077509    0.02801891    0.03168238   -0.00114346    0.00000000 
max(|Fsp_paral|) :   0.00000000    0.00060217    0.00249505    0.00142277    0.00341544    0.00121229    0.00183176    0.00210181    0.00535531    0.00000000 
max(|Fsp_perp|)  :   0.00000000    0.00000000    0.00000000    0.00000000    0.00000000    0.00000000    0.00000000    0.00000000    0.00000000    0.00000000 
max(|FNEB|)      :   0.00000000    0.00314091    0.00299465    0.00156343    0.00136497    0.00187198    0.00206599    0.00294900    0.00660991    0.00000000 
max(|Force|)     :   0.00146971    0.00429138    0.01763267    0.00747515    0.00144693    0.00617447    0.01655874    0.01727510    0.00321602    0.00148152 
ksp              :   0.01000000    0.05958647    0.09118187    0.10000000    0.10000000    0.09463014    0.07210997    0.02096892    0.01000000 
max(|step|)      :   0.00000000    0.01643893    0.01360146    0.01152611    0.00503065    0.00958987    0.01286377    0.00796368    0.03991147    0.00000000 
angle (deg.)     :    78.7502  40.2876  15.4060  27.8558  11.2723  14.5005  56.7651  122.1216 
>
iteration       : 46
climbing        : yes
zoom on         : no
nim             : 10
barrier         :   0.02800995 (image:  4) 
distance        :   0.00000000    4.60888544    5.42045524    5.90644004    6.37315266    6.73814998    7.16221011    7.69284640    9.36359264   14.01160439 
energy          : -1076.01159235  -1076.01256130  -1075.99673888  -1075.98642400  -1075.98358240  -1075.98515685  -1075.99188270  -1076.00806388  -1076.02194892  -1076.02943679 
max(|Fr_perp|)   :   0.00000000    0.00199537    0.00843873    0.00193819    0.00200962    0.00155698    0.00173415    0.01541220    0.00295237    0.00000000 
Fr_paral         :   0.00000000   -0.00619612   -0.03139644   -0.01418160   -0.00038848    0.01038847    0.02755388    0.03126571   -0.00169946    0.00000000 
max(|Fsp_paral|) :   0.00000000    0.00034559    0.00151547    0.00130833    0.00464991    0.00194958    0.00076884    0.00166164    0.00446341    0.00000000 
max(|Fsp_perp|)  :   0.00000000    0.00000000    0.00000000    0.00000000    0.00000000    0.00000000    0.00000000    0.00000000    0.00000000    0.00000000 
max(|FNEB|)      :   0.00000000    0.00213771    0.00837545    0.00229315    0.00197978    0.00289080    0.00172822    0.01544867    0.00546235    0.00000000 
max(|Force|)     :   0.00146971    0.00407706    0.01755995    0.00781233    0.00203946    0.00632739    0.01609715    0.01729318    0.00332738    0.00148152 
ksp              :   0.01000000    0.05772633    0.09086955    0.10000000    0.10000000    0.09494108    0.07332994    0.02133750    0.01000000 
max(|step|)      :   0.00000000    0.02076749    0.01734358    0.00924212    0.00531532    0.00637612    0.01532247    0.01038230    0.05360481    0.00000000 
angle (deg.)     :    78.6833  42.8836  16.9220  27.8019  13.6127  17.0285  58.3430  122.7573 
>
iteration       : 47
climbing        : yes
zoom on         : no
nim             : 10
barrier         :   0.02802009 (image:  4) 
distance        :   0.00000000    4.61385935    5.44015722    5.95213583    6.42842974    6.78232616    7.19726400    7.74456068    9.54304826   14.22857871 
energy          : -1076.01159235  -1076.01276828  -1075.99769808  -1075.98647876  -1075.98357226  -1075.98508746  -1075.99142766  -1076.00815534  -1076.02196362  -1076.02943679 
max(|Fr_perp|)   :   0.00000000    0.00171398    0.00378988    0.00217649    0.00209928    0.00180764    0.00219228    0.00683695    0.00270665    0.00000000 
Fr_paral         :   0.00000000   -0.00556658   -0.03160632   -0.01428088   -0.00023182    0.01012486    0.02688479    0.03158972   -0.00255255    0.00000000 
max(|Fsp_paral|) :   0.00000000    0.00045717    0.00071792    0.00062084    0.00567532    0.00213244    0.00083993    0.00156420    0.00377238    0.00000000 
max(|Fsp_perp|)  :   0.00000000    0.00000000    0.00000000    0.00000000    0.00000000    0.00000000    0.00000000    0.00000000    0.00000000    0.00000000 
max(|FNEB|)      :   0.00000000    0.00180807    0.00371461    0.00265392    0.00220677    0.00347934    0.00229457    0.00684097    0.00431845    0.00000000 
max(|Force|)     :   0.00146971    0.00377322    0.01798788    0.00830073    0.00201898    0.00663302    0.01603177    0.01758573    0.00323707    0.00148152 
ksp              :   0.01000000    0.05462815    0.09066439    0.10000000    0.10000000    0.09513322    0.07476860    0.02103963    0.01000000 
max(|step|)      :   0.00000000    0.03650235    0.02266618    0.00875288    0.00955544    0.01137642    0.02001614    0.02409409    0.10000000    0.00000000 
angle (deg.)     :    79.0388  46.1402  18.6515  28.1338  17.5472  19.2172  61.3032  123.8644 
>
iteration       : 48
climbing        : yes
zoom on         : no
nim             : 10
barrier         :   0.02793198 (image:  4) 
distance        :   0.00000000    4.62635969    5.48136565    6.03467253    6.52673959    6.87696737    7.27493347    7.83223088    9.87876970   14.64238623 
energy          : -1076.01159235  -1076.01304897  -1075.99922655  -1075.98662518  -1075.98366038  -1075.98517386  -1075.99097777  -1076.00788331  -1076.02173888  -1076.02943679 
max(|Fr_perp|)   :   0.00000000    0.00314414    0.00284176    0.00348613    0.00217697    0.00302531    0.00305492    0.00370640    0.00363744    0.00000000 
Fr_paral         :   0.00000000   -0.00406793   -0.03144905   -0.01423377   -0.00003440    0.01004605    0.02591128    0.03119674   -0.00397686    0.00000000 
max(|Fsp_paral|) :   0.00000000    0.00167487    0.00411781    0.00040221    0.00660892    0.00147091    0.00282918    0.00122181    0.00113899    0.00000000 
max(|Fsp_perp|)  :   0.00000000    0.00000000    0.00000000    0.00000000    0.00000000    0.00000000    0.00000000    0.00000000    0.00000000    0.00000000 
max(|FNEB|)      :   0.00000000    0.00392038    0.00448125    0.00371818    0.00224031    0.00311479    0.00368171    0.00401240    0.00378424    0.00000000 
max(|Force|)     :   0.00146971    0.00399736    0.01843150    0.00979929    0.00224546    0.00685021    0.01605867    0.01731406    0.00389095    0.00148152 
ksp              :   0.01000000    0.04982903    0.09045461    0.10000000    0.10000000    0.09512908    0.07644185    0.02197684    0.01000000 
max(|step|)      :   0.00000000    0.00564825    0.00645631    0.00535694    0.00322770    0.00448761    0.00530438    0.00578083    0.00545211    0.00000000 
angle (deg.)     :    79.2656  45.1556  17.9990  28.2567  16.5416  17.7325  61.5458  123.9038 
>
iteration       : 49
climbing        : yes
zoom on         : no
nim             : 10
barrier         :   0.02789005 (image:  4) 
distance        :   0.00000000    4.62543684    5.49093035    6.03211248    6.52669504    6.88147414    7.28336503    7.83532448    9.88385184   14.64892024 
energy          : -1076.01159235  -1076.01320418  -1075.99898025  -1075.98669532  -1075.98370231  -1075.98525237  -1075.99124969  -1076.00807165  -1076.02179823  -1076.02943679 
max(|Fr_perp|)   :   0.00000000    0.00254956    0.00400582    0.00415406    0.00137588    0.00221768    0.00337306    0.00642142    0.00480169    0.00000000 
Fr_paral         :   0.00000000   -0.00394899   -0.03161358   -0.01435969   -0.00008969    0.01026476    0.02638440    0.03082142   -0.00354519    0.00000000 
max(|Fsp_paral|) :   0.00000000    0.00107957    0.00277960    0.00028372    0.00649786    0.00140141    0.00212587    0.00103774    0.00166519    0.00000000 
max(|Fsp_perp|)  :   0.00000000    0.00000000    0.00000000    0.00000000    0.00000000    0.00000000    0.00000000    0.00000000    0.00000000    0.00000000 
max(|FNEB|)      :   0.00000000    0.00275987    0.00400177    0.00410413    0.00140545    0.00226003    0.00348766    0.00631528    0.00486329    0.00000000 
max(|Force|)     :   0.00146971    0.00346990    0.01878683    0.00859918    0.00134631    0.00618442    0.01564260    0.01656611    0.00474739    0.00148152 
ksp              :   0.01000000    0.05069873    0.09034166    0.10000000    0.10000000    0.09499800    0.07564492    0.02136115    0.01000000 
max(|step|)      :   0.00000000    0.00413502    0.00535963    0.00284715    0.00205220    0.00374653    0.00445491    0.00345148    0.00270465    0.00000000 
angle (deg.)     :    79.4647  44.4181  17.4215  28.3444  15.7546  16.3625  61.7474  123.9510 
>
iteration       : 50
climbing        : yes
zoom on         : no
nim             : 10
barrier         :   0.02786709 (image:  4) 
distance        :   0.00000000    4.62491008    5.49883053    6.03104032    6.52709177    6.88618897    7.29124542    7.83875093    9.89015325   14.65692175 
energy          : -1076.01159235  -1076.01331677  -1075.99878688  -1075.98675034  -1075.98372527  -1075.98532105  -1075.99148653  -1076.00827428  -1076.02185647  -1076.02943679 
max(|Fr_perp|)   :   0.00000000    0.00187878    0.00212668    0.00266232    0.00134399    0.00211506    0.00255072    0.00354272    0.00243035    0.00000000 
Fr_paral         :   0.00000000   -0.00374440   -0.03173232   -0.01445313   -0.00011599    0.01046207    0.02679793    0.03065537   -0.00344839    0.00000000 
max(|Fsp_paral|) :   0.00000000    0.00061767    0.00174491    0.00079576    0.00633496    0.00129768    0.00154595    0.00076683    0.00220884    0.00000000 
max(|Fsp_perp|)  :   0.00000000    0.00000000    0.00000000    0.00000000    0.00000000    0.00000000    0.00000000    0.00000000    0.00000000    0.00000000 
max(|FNEB|)      :   0.00000000    0.00243836    0.00218647    0.00259625    0.00134050    0.00219140    0.00290722    0.00344671    0.00251101    0.00000000 
max(|Force|)     :   0.00146971    0.00350605    0.01877058    0.00830070    0.00134748    0.00599748    0.01581260    0.01629266    0.00298861    0.00148152 
ksp              :   0.01000000    0.05135676    0.09023018    0.10000000    0.10000000    0.09484623    0.07493409    0.02071612    0.01000000 
max(|step|)      :   0.00000000    0.02161097    0.02379658    0.01551177    0.00995586    0.01876806    0.02276380    0.01350822    0.01388187    0.00000000 
angle (deg.)     :    80.5572  41.6155  14.5050  28.8849  12.3928  10.8164  62.7604  124.2965 
>
iteration       : 51
climbing        : yes
zoom on         : no
nim             : 10
barrier         :   0.02782092 (image:  4) 
distance        :   0.00000000    4.62592375    5.53767219    6.03733162    6.53576380    6.91842640    7.33812731    7.86547953    9.94363835   14.72445440 
energy          : -1076.01159235  -1076.01363421  -1075.99787343  -1075.98682556  -1075.98377144  -1075.98561636  -1075.99257479  -1076.00896861  -1076.02199384  -1076.02943679 
max(|Fr_perp|)   :   0.00000000    0.00405075    0.00193627    0.00172996    0.00136061    0.00201151    0.00160415    0.00275514    0.00227606    0.00000000 
Fr_paral         :   0.00000000   -0.00304672   -0.03175288   -0.01452259   -0.00018461    0.01143463    0.02851233    0.02908155   -0.00306547    0.00000000 
max(|Fsp_paral|) :   0.00000000    0.00148604    0.00253560    0.00244109    0.00519999    0.00061873    0.00101958    0.00037873    0.00396901    0.00000000 
max(|Fsp_perp|)  :   0.00000000    0.00000000    0.00000000    0.00000000    0.00000000    0.00000000    0.00000000    0.00000000    0.00000000    0.00000000 
max(|FNEB|)      :   0.00000000    0.00481218    0.00312191    0.00197934    0.00136085    0.00196354    0.00160789    0.00274734    0.00320107    0.00000000 
max(|Force|)     :   0.00146971    0.00339857    0.01799118    0.00808328    0.00136038    0.00637994    0.01723205    0.01489970    0.00279357    0.00148152 
ksp              :   0.01000000    0.05438040    0.09012000    0.10000000    0.10000000    0.09403171    0.07152137    0.01848775    0.01000000 
max(|step|)      :   0.00000000    0.01296615    0.00752292    0.01050576    0.00467927    0.01114822    0.01309320    0.01005544    0.01198688    0.00000000 
angle (deg.)     :    81.4641  41.5133  12.9031  29.4317  10.7813  10.0640  63.1216  124.8302 
>
iteration       : 52
climbing        : yes
zoom on         : no
nim             : 10
barrier         :   0.02782177 (image:  4) 
distance        :   0.00000000    4.63539297    5.55411252    6.05902335    6.55004273    6.94881895    7.37256396    7.89602443   10.00952349   14.80939396 
energy          : -1076.01159235  -1076.01378722  -1075.99772610  -1075.98669372  -1075.98377058  -1075.98579330  -1075.99312294  -1076.00938730  -1076.02199792  -1076.02943679 
max(|Fr_perp|)   :   0.00000000    0.00309680    0.00946677    0.00330154    0.00168173    0.00360973    0.00222601    0.01047269    0.00620301    0.00000000 
Fr_paral         :   0.00000000   -0.00409190   -0.03148404   -0.01415575   -0.00019937    0.01201683    0.02917978    0.02805677   -0.00341935    0.00000000 
max(|Fsp_paral|) :   0.00000000    0.00180711    0.00258913    0.00173689    0.00407003    0.00014429    0.00177684    0.00016168    0.00492315    0.00000000 
max(|Fsp_perp|)  :   0.00000000    0.00000000    0.00000000    0.00000000    0.00000000    0.00000000    0.00000000    0.00000000    0.00000000    0.00000000 
max(|FNEB|)      :   0.00000000    0.00307645    0.00936601    0.00334295    0.00170036    0.00360410    0.00216700    0.01048295    0.00604254    0.00000000 
max(|Force|)     :   0.00146971    0.00313694    0.01828782    0.00751030    0.00166309    0.00628956    0.01774110    0.01433435    0.00624882    0.00148152 
ksp              :   0.01000000    0.05485563    0.09054399    0.10000000    0.10000000    0.09345675    0.06974628    0.01713309    0.01000000 
max(|step|)      :   0.00000000    0.00806620    0.00619876    0.00668933    0.00411032    0.00628167    0.00890706    0.00828909    0.01149541    0.00000000 
angle (deg.)     :    82.2423  42.0111  12.1160  29.7653  10.0492  10.6964  63.2877  125.3713 
>
iteration       : 53
climbing        : yes
zoom on         : no
nim             : 10
barrier         :   0.02781953 (image:  4) 
distance        :   0.00000000    4.64642339    5.56400954    6.08104996    6.56475184    6.97411924    7.39895884    7.92340535   10.07182414   14.89087181 
energy          : -1076.01159235  -1076.01384725  -1075.99787999  -1075.98657808  -1075.98377283  -1075.98592618  -1075.99343719  -1076.00980136  -1076.02198466  -1076.02943679 
max(|Fr_perp|)   :   0.00000000    0.00289244    0.00601762    0.00376631    0.00173190    0.00301441    0.00214275    0.00672202    0.00523868    0.00000000 
Fr_paral         :   0.00000000   -0.00491038   -0.03153167   -0.01381729   -0.00019479    0.01243886    0.02946813    0.02791794   -0.00361182    0.00000000 
max(|Fsp_paral|) :   0.00000000    0.00152942    0.00157527    0.00070001    0.00330591    0.00074188    0.00197937    0.00114137    0.00588584    0.00000000 
max(|Fsp_perp|)  :   0.00000000    0.00000000    0.00000000    0.00000000    0.00000000    0.00000000    0.00000000    0.00000000    0.00000000    0.00000000 
max(|FNEB|)      :   0.00000000    0.00287834    0.00596167    0.00373507    0.00175030    0.00297884    0.00207679    0.00681251    0.00503658    0.00000000 
max(|Force|)     :   0.00146971    0.00294086    0.01840997    0.00741405    0.00171351    0.00656457    0.01799632    0.01415492    0.00528917    0.00148152 
ksp              :   0.01000000    0.05436139    0.09092461    0.10000000    0.10000000    0.09303359    0.06873445    0.01579410    0.01000000 
max(|step|)      :   0.00000000    0.04539669    0.03523092    0.03381561    0.02520160    0.03224297    0.05014085    0.04725364    0.08302831    0.00000000 
angle (deg.)     :    87.7652  46.8715  12.2128  32.1930  11.1906  21.5775  64.5308  129.0054 
>
iteration       : 54
climbing        : yes
zoom on         : no
nim             : 10
barrier         :   0.02784259 (image:  4) 
distance        :   0.00000000    4.72814776    5.65478213    6.24791302    6.69369855    7.16109071    7.59930988    8.13556919   10.55498655   15.52487257 
energy          : -1076.01159235  -1076.01306517  -1075.99858150  -1075.98592563  -1075.98374976  -1075.98664499  -1075.99498495  -1076.01136249  -1076.02123928  -1076.02943679 
max(|Fr_perp|)   :   0.00000000    0.00966218    0.00356609    0.00452176    0.00202749    0.00288204    0.00448543    0.00517281    0.00873501    0.00000000 
Fr_paral         :   0.00000000   -0.00759121   -0.03086060   -0.01184935   -0.00010781    0.01450694    0.02978955    0.02599038   -0.00498776    0.00000000 
max(|Fsp_paral|) :   0.00000000    0.00046393    0.00361739    0.00553336    0.00102357    0.00371736    0.00296879    0.00416696    0.00904077    0.00000000 
max(|Fsp_perp|)  :   0.00000000    0.00000000    0.00000000    0.00000000    0.00000000    0.00000000    0.00000000    0.00000000    0.00000000    0.00000000 
max(|FNEB|)      :   0.00000000    0.00959613    0.00497636    0.00653895    0.00202665    0.00389849    0.00480744    0.00556678    0.00703130    0.00000000 
max(|Force|)     :   0.00146971    0.01078336    0.01915353    0.00692836    0.00202832    0.00832564    0.01859486    0.01523836    0.00927757    0.00148152 
ksp              :   0.01000000    0.05205704    0.09296659    0.10000000    0.10000000    0.09064130    0.06368272    0.01074302    0.01000000 
max(|step|)      :   0.00000000    0.03657422    0.02381047    0.01986670    0.02000681    0.02015394    0.03778515    0.04419456    0.08311533    0.00000000 
angle (deg.)     :    92.5307  51.7968  15.0327  34.5650  14.7477  29.1663  65.7157  132.3882 
>
iteration       : 55
climbing        : yes
zoom on         : no
nim             : 10
barrier         :   0.02782030 (image:  4) 
distance        :   0.00000000    4.80789646    5.76199190    6.40638792    6.83595129    7.34142905    7.79885745    8.35027067   11.06276109   16.20481504 
energy          : -1076.01159235  -1076.01184818  -1075.99896804  -1075.98557763  -1075.98377205  -1075.98719071  -1075.99608312  -1076.01207905  -1076.02000405  -1076.02943679 
max(|Fr_perp|)   :   0.00000000    0.01374878    0.01765349    0.00395080    0.00265746    0.00351967    0.00587816    0.01942856    0.01152179    0.00000000 
Fr_paral         :   0.00000000   -0.00688019   -0.02953749   -0.01056808   -0.00002792    0.01577336    0.02923208    0.02338390   -0.00614451    0.00000000 
max(|Fsp_paral|) :   0.00000000    0.00021034    0.00626508    0.00944040    0.00374153    0.00524096    0.00376681    0.00289020    0.00861278    0.00000000 
max(|Fsp_perp|)  :   0.00000000    0.00000000    0.00000000    0.00000000    0.00000000    0.00000000    0.00000000    0.00000000    0.00000000    0.00000000 
max(|FNEB|)      :   0.00000000    0.01372451    0.01764802    0.00918268    0.00265739    0.00522209    0.00669249    0.01954802    0.00883300    0.00000000 
max(|Force|)     :   0.00146971    0.01459846    0.01902641    0.00678494    0.00265753    0.00862058    0.01899786    0.01893484    0.01219864    0.00148152 
ksp              :   0.01000000    0.05084024    0.09415888    0.10000000    0.10000000    0.08894046    0.06017310    0.01000000    0.01000000 
max(|step|)      :   0.00000000    0.03784225    0.01855759    0.01998772    0.02037338    0.01972112    0.03140646    0.05440718    0.10000000    0.00000000 
angle (deg.)     :    97.0803  56.9330  17.4036  36.6212  17.3210  32.4641  66.7639  136.2858 
>
iteration       : 56
climbing        : yes
zoom on         : no
nim             : 10
barrier         :   0.02767840 (image:  4) 
distance        :   0.00000000    4.90002787    5.89189175    6.57489088    7.00540064    7.53604768    8.01406182    8.59395661   11.67769342   17.05461905 
energy          : -1076.01159235  -1076.01089375  -1075.99986084  -1075.98553355  -1075.98391395  -1075.98770951  -1075.99715249  -1076.01328685  -1076.01824680  -1076.02943679 
max(|Fr_perp|)   :   0.00000000    0.01611578    0.02113434    0.00384573    0.00309140    0.00427916    0.00752114    0.02320244    0.01065346    0.00000000 
Fr_paral         :   0.00000000   -0.00472568   -0.02870118   -0.00997145    0.00009631    0.01666750    0.02893911    0.02143091   -0.00707848    0.00000000 
max(|Fsp_paral|) :   0.00000000    0.00591085    0.00859625    0.01168410    0.00507219    0.00589442    0.00427722    0.00106403    0.00748892    0.00000000 
max(|Fsp_perp|)  :   0.00000000    0.00000000    0.00000000    0.00000000    0.00000000    0.00000000    0.00000000    0.00000000    0.00000000    0.00000000 
max(|FNEB|)      :   0.00000000    0.01762903    0.02154468    0.01051536    0.00311147    0.00564346    0.00742159    0.02369143    0.00825444    0.00000000 
max(|Force|)     :   0.00146971    0.01653259    0.02155284    0.00612959    0.00311310    0.00907511    0.01977348    0.02314539    0.01145568    0.00148152 
ksp              :   0.01232107    0.04817998    0.09474542    0.10000000    0.10000000    0.08765411    0.05696328    0.01000000    0.01000000 
max(|step|)      :   0.00000000    0.02361123    0.02885560    0.01408361    0.00416730    0.00755850    0.00994001    0.03173082    0.01105548    0.00000000 
angle (deg.)     :    96.4443  54.2968  16.0960  35.7141  14.9767  28.5610  66.7424  136.7133 
>
iteration       : 57
climbing        : yes
zoom on         : no
nim             : 10
barrier         :   0.02757264 (image:  4) 
distance        :   0.00000000    4.89922246    5.92047675    6.55367484    7.01208865    7.52780884    8.00947568    8.59244474   11.70745097   17.10865957 
energy          : -1076.01159235  -1076.01234151  -1075.99936833  -1075.98601042  -1075.98401971  -1075.98760643  -1075.99731853  -1076.01385240  -1076.01855045  -1076.02943679 
max(|Fr_perp|)   :   0.00000000    0.01222351    0.02786247    0.00379383    0.00193498    0.00411800    0.00611500    0.03017681    0.00854061    0.00000000 
Fr_paral         :   0.00000000   -0.00628975   -0.02886479   -0.01142083    0.00007466    0.01629214    0.03001435    0.02123373   -0.00666049    0.00000000 
max(|Fsp_paral|) :   0.00000000    0.00098686    0.00420917    0.00724582    0.00287326    0.00476949    0.00474480    0.00088769    0.00739281    0.00000000 
max(|Fsp_perp|)  :   0.00000000    0.00000000    0.00000000    0.00000000    0.00000000    0.00000000    0.00000000    0.00000000    0.00000000    0.00000000 
max(|FNEB|)      :   0.00000000    0.01215426    0.02820100    0.00723185    0.00193418    0.00439056    0.00686736    0.03024245    0.00835023    0.00000000 
max(|Force|)     :   0.00146971    0.01241363    0.02665022    0.00673044    0.00193578    0.00897602    0.01935801    0.02949200    0.00859485    0.00148152 
ksp              :   0.01000000    0.04990049    0.09350212    0.10000000    0.10000000    0.08829258    0.05659125    0.01000000    0.01000000 
max(|step|)      :   0.00000000    0.01743725    0.00816388    0.01084033    0.00246329    0.00618510    0.00889199    0.00778195    0.00910826    0.00000000 
angle (deg.)     :    95.9379  52.4469  15.0089  35.0652  13.2431  25.3950  66.8207  137.0858 
>
iteration       : 58
climbing        : yes
zoom on         : no
nim             : 10
barrier         :   0.02753496 (image:  4) 
distance        :   0.00000000    4.89870607    5.93466606    6.53289178    7.01224699    7.51561233    7.99933945    8.58737104   11.73208484   17.15590880 
energy          : -1076.01159235  -1076.01317866  -1075.99949767  -1075.98635489  -1075.98405739  -1075.98748582  -1075.99735865  -1076.01459486  -1076.01867592  -1076.02943679 
max(|Fr_perp|)   :   0.00000000    0.00840815    0.01602970    0.00370889    0.00124752    0.00241776    0.00478391    0.01772339    0.00512955    0.00000000 
Fr_paral         :   0.00000000   -0.00634817   -0.03025140   -0.01254106    0.00005553    0.01598395    0.03080936    0.02233757   -0.00627298    0.00000000 
max(|Fsp_paral|) :   0.00000000    0.00114815    0.00207867    0.00401408    0.00118977    0.00388811    0.00494688    0.00085719    0.00730485    0.00000000 
max(|Fsp_perp|)  :   0.00000000    0.00000000    0.00000000    0.00000000    0.00000000    0.00000000    0.00000000    0.00000000    0.00000000    0.00000000 
max(|FNEB|)      :   0.00000000    0.00830014    0.01614981    0.00564581    0.00124698    0.00381644    0.00597253    0.01776246    0.00652252    0.00000000 
max(|Force|)     :   0.00146971    0.00867626    0.01847117    0.00703484    0.00124807    0.00882011    0.01959701    0.01731728    0.00672500    0.00148152 
ksp              :   0.01000000    0.04953235    0.09249046    0.10000000    0.10000000    0.08879394    0.05652388    0.01000000    0.01000000 
max(|step|)      :   0.00000000    0.05704518    0.02773378    0.03626184    0.00702016    0.02287914    0.03541955    0.01947672    0.03780816    0.00000000 
angle (deg.)     :    94.7897  48.3192  12.3455  33.3282  9.4437  18.7796  67.6452  138.5568 
>
iteration       : 59
climbing        : yes
zoom on         : no
nim             : 10
barrier         :   0.02753658 (image:  4) 
distance        :   0.00000000    4.91010505    6.00048472    6.49913016    7.04189487    7.49991316    7.98738599    8.60968313   11.89255652   17.41792141 
energy          : -1076.01159235  -1076.01430796  -1075.99896420  -1075.98736552  -1075.98405577  -1075.98690206  -1075.99678166  -1076.01526127  -1076.01850229  -1076.02943679 
max(|Fr_perp|)   :   0.00000000    0.00885564    0.00390459    0.00326955    0.00271981    0.00255190    0.00340980    0.00528518    0.00450481    0.00000000 
Fr_paral         :   0.00000000   -0.00193614   -0.03157451   -0.01586966    0.00003340    0.01462452    0.03206285    0.02111572   -0.00559515    0.00000000 
max(|Fsp_paral|) :   0.00000000    0.00313950    0.00620645    0.00530534    0.00400692    0.00083107    0.00430423    0.00162982    0.00695494    0.00000000 
max(|Fsp_perp|)  :   0.00000000    0.00000000    0.00000000    0.00000000    0.00000000    0.00000000    0.00000000    0.00000000    0.00000000    0.00000000 
max(|FNEB|)      :   0.00000000    0.01025380    0.00786314    0.00579690    0.00271980    0.00255046    0.00578383    0.00541223    0.00585412    0.00000000 
max(|Force|)     :   0.00146971    0.00845538    0.01813093    0.00874904    0.00271982    0.00820585    0.02012110    0.01072203    0.00520093    0.00148152 
ksp              :   0.01000000    0.05127361    0.08918248    0.10000000    0.10000000    0.09069723    0.05840696    0.01000000    0.01000000 
max(|step|)      :   0.00000000    0.02170113    0.01411285    0.01696528    0.00403901    0.01372756    0.02793695    0.01386466    0.02928732    0.00000000 
angle (deg.)     :    94.4897  49.3179  12.4923  32.7474  10.1816  20.3594  68.3244  139.6099 
>
iteration       : 60
climbing        : yes
zoom on         : no
nim             : 10
barrier         :   0.02752321 (image:  4) 
distance        :   0.00000000    4.92440071    6.02291472    6.51471396    7.07448154    7.50794509    7.99305040    8.64643571   12.04687176   17.65859367 
energy          : -1076.01159235  -1076.01466801  -1075.99922333  -1075.98769839  -1075.98406914  -1075.98660058  -1075.99614502  -1076.01529610  -1076.01824913  -1076.02943679 
max(|Fr_perp|)   :   0.00000000    0.00959916    0.02196181    0.00412554    0.00214475    0.00231075    0.00473353    0.01764704    0.00435017    0.00000000 
Fr_paral         :   0.00000000   -0.00160804   -0.03059115   -0.01678644    0.00004440    0.01374553    0.03207422    0.01993207   -0.00576644    0.00000000 
max(|Fsp_paral|) :   0.00000000    0.00277749    0.00664881    0.00674505    0.00579672    0.00059615    0.00280791    0.00252928    0.00672706    0.00000000 
max(|Fsp_perp|)  :   0.00000000    0.00000000    0.00000000    0.00000000    0.00000000    0.00000000    0.00000000    0.00000000    0.00000000    0.00000000 
max(|FNEB|)      :   0.00000000    0.01077572    0.02179027    0.00648263    0.00214474    0.00230007    0.00485400    0.01776346    0.00656202    0.00000000 
max(|Force|)     :   0.00146971    0.00943377    0.02151510    0.00932152    0.00214476    0.00750588    0.01950280    0.01720497    0.00512567    0.00148152 
ksp              :   0.01000000    0.05044631    0.08813248    0.10000000    0.10000000    0.09172227    0.06051228    0.01000000    0.01000000 
max(|step|)      :   0.00000000    0.03440450    0.03042352    0.02479265    0.00811617    0.02189645    0.04730113    0.02558703    0.05625855    0.00000000 
angle (deg.)     :    94.2128  52.6095  15.6233  32.4929  14.9813  29.3184  69.8277  141.3816 
>
iteration       : 61
climbing        : yes
zoom on         : no
nim             : 10
barrier         :   0.02750640 (image:  4) 
distance        :   0.00000000    4.95296804    6.05373864    6.56826306    7.14478056    7.54161972    8.02682465    8.73965381   12.36493761   18.14258585 
energy          : -1076.01159235  -1076.01488251  -1076.00056783  -1075.98804702  -1075.98408596  -1075.98615174  -1075.99488273  -1076.01552495  -1076.01757064  -1076.02943679 
max(|Fr_perp|)   :   0.00000000    0.00640698    0.02014790    0.00230097    0.00200525    0.00232715    0.00284231    0.01826525    0.00438691    0.00000000 
Fr_paral         :   0.00000000   -0.00119366   -0.02980077   -0.01762760    0.00006002    0.01223270    0.03092835    0.01941133   -0.00611039    0.00000000 
max(|Fsp_paral|) :   0.00000000    0.00051462    0.00329677    0.00670236    0.00826850    0.00292011    0.00050560    0.00435636    0.00634570    0.00000000 
max(|Fsp_perp|)  :   0.00000000    0.00000000    0.00000000    0.00000000    0.00000000    0.00000000    0.00000000    0.00000000    0.00000000    0.00000000 
max(|FNEB|)      :   0.00000000    0.00647628    0.02007091    0.00581172    0.00200597    0.00304045    0.00313454    0.01849981    0.00649002    0.00000000 
max(|Force|)     :   0.00146971    0.00634142    0.01972969    0.01064427    0.00200453    0.00652736    0.01851417    0.01778976    0.00471785    0.00148152 
ksp              :   0.01000000    0.04607186    0.08703953    0.10000000    0.10000000    0.09324084    0.06467332    0.01000000    0.01000000 
max(|step|)      :   0.00000000    0.03329617    0.03489126    0.01543865    0.01142612    0.01224595    0.04750216    0.03497619    0.10000000    0.00000000 
angle (deg.)     :    93.5209  56.0404  20.0459  33.6136  21.3478  40.8836  71.4433  143.6656 
>
iteration       : 62
climbing        : yes
zoom on         : no
nim             : 10
barrier         :   0.02756039 (image:  4) 
distance        :   0.00000000    4.98517806    6.09663610    6.67696283    7.24759521    7.62839304    8.12328930    8.85138858   12.87518928   18.94959848 
energy          : -1076.01159235  -1076.01415522  -1076.00165289  -1075.98776536  -1075.98403197  -1075.98585451  -1075.99366969  -1076.01454320  -1076.01607971  -1076.02943679 
max(|Fr_perp|)   :   0.00000000    0.00925753    0.03065404    0.00877761    0.00478521    0.00536859    0.01070486    0.01556849    0.00638160    0.00000000 
Fr_paral         :   0.00000000    0.00054558   -0.02550103   -0.01651632   -0.00000143    0.01117460    0.02831462    0.02078047   -0.00697560    0.00000000 
max(|Fsp_paral|) :   0.00000000    0.00115853    0.00203107    0.00310334    0.00903058    0.00449737    0.00202772    0.00435589    0.00587622    0.00000000 
max(|Fsp_perp|)  :   0.00000000    0.00000000    0.00000000    0.00000000    0.00000000    0.00000000    0.00000000    0.00000000    0.00000000    0.00000000 
max(|FNEB|)      :   0.00000000    0.00919404    0.03138816    0.00863556    0.00485003    0.00544403    0.01069481    0.01612361    0.00694049    0.00000000 
max(|Force|)     :   0.00146971    0.00934177    0.03047205    0.00984012    0.00485000    0.00687909    0.01854510    0.01534134    0.00645797    0.00148152 
ksp              :   0.01000000    0.04254634    0.08782095    0.10000000    0.10000000    0.09405278    0.06856136    0.01000000    0.01000000 
max(|step|)      :   0.00000000    0.00756063    0.02581174    0.00710136    0.00398837    0.00447684    0.00879477    0.01325909    0.00570745    0.00000000 
angle (deg.)     :    93.4509  55.7908  18.8327  33.4282  20.7873  39.4771  71.2995  143.7033 
>
iteration       : 63
climbing        : yes
zoom on         : no
nim             : 10
barrier         :   0.02746152 (image:  4) 
distance        :   0.00000000    4.98294452    6.09184748    6.67398908    7.24080882    7.62858927    8.12074391    8.83281701   12.87550188   18.96510725 
energy          : -1076.01159235  -1076.01449483  -1076.00230940  -1075.98793159  -1075.98413083  -1075.98603018  -1075.99413524  -1076.01480263  -1076.01617286  -1076.02943679 
max(|Fr_perp|)   :   0.00000000    0.00521468    0.01214928    0.00224014    0.00117724    0.00146458    0.00404631    0.00610042    0.00324700    0.00000000 
Fr_paral         :   0.00000000   -0.00034564   -0.02789505   -0.01696048    0.00006184    0.01155110    0.02926701    0.02179688   -0.00675974    0.00000000 
max(|Fsp_paral|) :   0.00000000    0.00216474    0.00339207    0.00289862    0.00849560    0.00391716    0.00102541    0.00332034    0.00586460    0.00000000 
max(|Fsp_perp|)  :   0.00000000    0.00000000    0.00000000    0.00000000    0.00000000    0.00000000    0.00000000    0.00000000    0.00000000    0.00000000 
max(|FNEB|)      :   0.00000000    0.00554035    0.01226386    0.00361281    0.00117701    0.00451132    0.00423574    0.00605233    0.00670372    0.00000000 
max(|Force|)     :   0.00146971    0.00520252    0.01600526    0.01060733    0.00117747    0.00672786    0.01824413    0.01137215    0.00518372    0.00148152 
ksp              :   0.01000000    0.04042315    0.08754374    0.10000000    0.10000000    0.09377525    0.06721242    0.01000000    0.01000000 
max(|step|)      :   0.00000000    0.00479082    0.00303491    0.00307965    0.00113867    0.00383549    0.00399560    0.00406473    0.00544896    0.00000000 
angle (deg.)     :    93.3467  55.5084  18.2522  33.3862  20.2299  38.1531  71.1704  143.7435 
>
iteration       : 64
climbing        : yes
zoom on         : no
nim             : 10
barrier         :   0.02745377 (image:  4) 
distance        :   0.00000000    4.97993179    6.08979204    6.67182104    7.23501809    7.62914600    8.11803256    8.81714557   12.87845805   18.98294728 
energy          : -1076.01159235  -1076.01465742  -1076.00231101  -1075.98789699  -1075.98413858  -1075.98611428  -1075.99433054  -1076.01475405  -1076.01616946  -1076.02943679 
max(|Fr_perp|)   :   0.00000000    0.00328008    0.00719952    0.00207536    0.00133453    0.00180250    0.00392775    0.00380986    0.00342325    0.00000000 
Fr_paral         :   0.00000000   -0.00062007   -0.02838232   -0.01682235    0.00005220    0.01184081    0.02964336    0.02202379   -0.00677262    0.00000000 
max(|Fsp_paral|) :   0.00000000    0.00210596    0.00340515    0.00267964    0.00798051    0.00334809    0.00049678    0.00263385    0.00585729    0.00000000 
max(|Fsp_perp|)  :   0.00000000    0.00000000    0.00000000    0.00000000    0.00000000    0.00000000    0.00000000    0.00000000    0.00000000    0.00000000 
max(|FNEB|)      :   0.00000000    0.00487179    0.00728120    0.00319010    0.00133431    0.00382333    0.00403180    0.00416221    0.00668404    0.00000000 
max(|Force|)     :   0.00146971    0.00329858    0.01599353    0.01059999    0.00133475    0.00675574    0.01817882    0.01129425    0.00536480    0.00148152 
ksp              :   0.01000000    0.04042644    0.08767906    0.10000000    0.10000000    0.09352319    0.06658833    0.01000000    0.01000000 
max(|step|)      :   0.00000000    0.04820350    0.03594027    0.03248619    0.01067504    0.03980097    0.04458716    0.04160172    0.06362517    0.00000000 
angle (deg.)     :    92.3005  52.2616  13.6104  33.6431  14.2095  21.6714  70.0951  144.2824 
>
iteration       : 65
climbing        : yes
zoom on         : no
nim             : 10
barrier         :   0.02745380 (image:  4) 
distance        :   0.00000000    4.94807098    6.08069545    6.66135761    7.18618322    7.64815415    8.10565777    8.68299546   12.96109383   19.24136128 
energy          : -1076.01159235  -1076.01526959  -1076.00133318  -1075.98736275  -1075.98413855  -1075.98699961  -1075.99606151  -1076.01383332  -1076.01583301  -1076.02943679 
max(|Fr_perp|)   :   0.00000000    0.01112833    0.00688702    0.00626034    0.00378645    0.00453073    0.00573626    0.00653762    0.00467065    0.00000000 
Fr_paral         :   0.00000000   -0.00214734   -0.03059515   -0.01503495   -0.00007457    0.01477018    0.03230711    0.02322619   -0.00696497    0.00000000 
max(|Fsp_paral|) :   0.00000000    0.00002607    0.00136797    0.00028363    0.00278570    0.00248748    0.00371860    0.00342620    0.00574552    0.00000000 
max(|Fsp_perp|)  :   0.00000000    0.00000000    0.00000000    0.00000000    0.00000000    0.00000000    0.00000000    0.00000000    0.00000000    0.00000000 
max(|FNEB|)      :   0.00000000    0.01112651    0.00689142    0.00628857    0.00378516    0.00459794    0.00567988    0.00671561    0.00646958    0.00000000 
max(|Force|)     :   0.00146971    0.01117637    0.01752486    0.00879895    0.00378775    0.00811705    0.01858630    0.01084575    0.00654873    0.00148152 
ksp              :   0.01000000    0.04363198    0.08943034    0.10000000    0.10000000    0.09062077    0.06091374    0.01000000    0.01000000 
max(|step|)      :   0.00000000    0.04185956    0.02555782    0.02244470    0.00817887    0.02232001    0.03731289    0.02040538    0.06832044    0.00000000 
angle (deg.)     :    91.9557  49.7696  12.8547  34.3822  10.9175  14.6480  70.4637  145.1747 
>
iteration       : 66
climbing        : yes
zoom on         : no
nim             : 10
barrier         :   0.02741510 (image:  4) 
distance        :   0.00000000    4.93316021    6.09486628    6.67882061    7.17837216    7.67896266    8.12377505    8.66530386   13.16625688   19.63963333 
energy          : -1076.01159235  -1076.01557418  -1076.00021238  -1075.98694829  -1075.98417725  -1075.98754829  -1075.99684546  -1076.01345111  -1076.01527546  -1076.02943679 
max(|Fr_perp|)   :   0.00000000    0.00420255    0.02348406    0.00614533    0.00175286    0.00316126    0.00719529    0.00774234    0.00457703    0.00000000 
Fr_paral         :   0.00000000   -0.00310003   -0.03026247   -0.01361168   -0.00009625    0.01631047    0.03236814    0.02168254   -0.00725586    0.00000000 
max(|Fsp_paral|) :   0.00000000    0.00239119    0.00103280    0.00162290    0.00004767    0.00564971    0.00445314    0.00644246    0.00555256    0.00000000 
max(|Fsp_perp|)  :   0.00000000    0.00000000    0.00000000    0.00000000    0.00000000    0.00000000    0.00000000    0.00000000    0.00000000    0.00000000 
max(|FNEB|)      :   0.00000000    0.00427606    0.02346352    0.00607805    0.00175434    0.00617532    0.00736466    0.00783693    0.00705927    0.00000000 
max(|Force|)     :   0.00146971    0.00415381    0.02306398    0.00762919    0.00175138    0.00853191    0.01985672    0.01054496    0.00661962    0.00148152 
ksp              :   0.01000000    0.04735889    0.09090308    0.10000000    0.10000000    0.08893336    0.05841204    0.01000000    0.01000000 
max(|step|)      :   0.00000000    0.03474700    0.02430257    0.01778303    0.00795877    0.01295005    0.03229537    0.03021418    0.08576055    0.00000000 
angle (deg.)     :    92.1788  48.2928  14.5326  35.2913  12.9183  27.1693  71.9039  146.4330 
>
iteration       : 67
climbing        : yes
zoom on         : no
nim             : 10
barrier         :   0.02742984 (image:  4) 
distance        :   0.00000000    4.93143649    6.12410336    6.71620880    7.19767763    7.72186766    8.17191670    8.73693303   13.50838062   20.22585879 
energy          : -1076.01159235  -1076.01481224  -1075.99961796  -1075.98660113  -1075.98416251  -1075.98785875  -1075.99722366  -1076.01357512  -1076.01439861  -1076.02943679 
max(|Fr_perp|)   :   0.00000000    0.00977151    0.01727804    0.00591546    0.00219697    0.00349032    0.00877670    0.01012915    0.00446315    0.00000000 
Fr_paral         :   0.00000000   -0.00278314   -0.03059293   -0.01242971   -0.00008668    0.01711128    0.03103695    0.01754499   -0.00710534    0.00000000 
max(|Fsp_paral|) :   0.00000000    0.00422356    0.00225289    0.00332421    0.00201998    0.00702263    0.00379684    0.00750509    0.00529219    0.00000000 
max(|Fsp_perp|)  :   0.00000000    0.00000000    0.00000000    0.00000000    0.00000000    0.00000000    0.00000000    0.00000000    0.00000000    0.00000000 
max(|FNEB|)      :   0.00000000    0.00989266    0.01713104    0.00588951    0.00219649    0.00743639    0.00934685    0.01218577    0.00664360    0.00000000 
max(|Force|)     :   0.00146971    0.00988042    0.01938489    0.00810034    0.00219745    0.00953131    0.01992418    0.01267791    0.00639544    0.00148152 
ksp              :   0.01000000    0.04928915    0.09199867    0.10000000    0.10000000    0.08787227    0.05714511    0.01000000    0.01000000 
max(|step|)      :   0.00000000    0.01137385    0.00711883    0.00469848    0.00479915    0.00737709    0.01001983    0.02813325    0.05023635    0.00000000 
angle (deg.)     :    92.6969  48.3888  15.0357  35.3280  13.4859  30.9509  72.6230  147.3518 
>
iteration       : 68
climbing        : yes
zoom on         : no
nim             : 10
barrier         :   0.02742916 (image:  4) 
distance        :   0.00000000    4.94366625    6.14430119    6.73753737    7.22147970    7.73340299    8.19647042    8.81444398   13.73374859   20.59530018 
energy          : -1076.01159235  -1076.01448619  -1075.99967346  -1075.98663434  -1075.98416319  -1075.98767439  -1075.99717348  -1076.01440082  -1076.01394241  -1076.02943679 
max(|Fr_perp|)   :   0.00000000    0.01208314    0.01615515    0.00495757    0.00292725    0.00327264    0.00479857    0.00799182    0.00385006    0.00000000 
Fr_paral         :   0.00000000   -0.00238144   -0.03035396   -0.01247812   -0.00013481    0.01657756    0.03071049    0.01453191   -0.00699477    0.00000000 
max(|Fsp_paral|) :   0.00000000    0.00431677    0.00231339    0.00323655    0.00132804    0.00559695    0.00283737    0.00616700    0.00522525    0.00000000 
max(|Fsp_perp|)  :   0.00000000    0.00000000    0.00000000    0.00000000    0.00000000    0.00000000    0.00000000    0.00000000    0.00000000    0.00000000 
max(|FNEB|)      :   0.00000000    0.01202628    0.01600284    0.00556327    0.00292030    0.00599367    0.00480445    0.01150057    0.00664135    0.00000000 
max(|Force|)     :   0.00146971    0.01216623    0.01908782    0.00822307    0.00293419    0.00929360    0.02021111    0.01169858    0.00573187    0.00148152 
ksp              :   0.01000000    0.04910802    0.09189174    0.10000000    0.10000000    0.08847913    0.05731091    0.01000000    0.01000000 
max(|step|)      :   0.00000000    0.01979549    0.01208078    0.00936773    0.00948938    0.01656259    0.01535440    0.05831467    0.10000000    0.00000000 
angle (deg.)     :    93.7264  49.0801  15.6969  35.1807  14.6278  36.1885  73.7717  149.0892 
>
iteration       : 69
climbing        : yes
zoom on         : no
nim             : 10
barrier         :   0.02741273 (image:  4) 
distance        :   0.00000000    4.97031629    6.18406935    6.77834408    7.27100004    7.75564539    8.24676023    8.97543153   14.19096530   21.34184372 
energy          : -1076.01159235  -1076.01395966  -1075.99983936  -1075.98675068  -1075.98417962  -1075.98729111  -1075.99698801  -1076.01579079  -1076.01297213  -1076.02943679 
max(|Fr_perp|)   :   0.00000000    0.01378973    0.01557104    0.00730283    0.00427991    0.00435939    0.00587117    0.00817506    0.00476418    0.00000000 
Fr_paral         :   0.00000000   -0.00170058   -0.02976973   -0.01275725   -0.00015062    0.01538036    0.02986369    0.00808508   -0.00731573    0.00000000 
max(|Fsp_paral|) :   0.00000000    0.00432016    0.00237456    0.00273709    0.00038839    0.00239745    0.00091723    0.00304294    0.00545127    0.00000000 
max(|Fsp_perp|)  :   0.00000000    0.00000000    0.00000000    0.00000000    0.00000000    0.00000000    0.00000000    0.00000000    0.00000000    0.00000000 
max(|FNEB|)      :   0.00000000    0.01370124    0.01581070    0.00765028    0.00435358    0.00437591    0.00604907    0.01107002    0.00657871    0.00000000 
max(|Force|)     :   0.00146971    0.01394486    0.01866156    0.00824498    0.00435219    0.00844116    0.02044291    0.01053619    0.00509004    0.00148152 
ksp              :   0.01000000    0.04862813    0.09156794    0.10000000    0.10000000    0.08978148    0.05795890    0.01000000    0.01000000 
max(|step|)      :   0.00000000    0.02077728    0.02397618    0.01160129    0.00660199    0.00663586    0.00917313    0.01678716    0.00997630    0.00000000 
angle (deg.)     :    93.8243  50.2406  14.7251  34.5155  12.9722  33.1166  73.0640  149.3524 
>
iteration       : 70
climbing        : yes
zoom on         : no
nim             : 10
barrier         :   0.02736039 (image:  4) 
distance        :   0.00000000    4.97773563    6.17796657    6.77125421    7.27315764    7.75065479    8.24659055    8.98263936   14.21680046   21.39241140 
energy          : -1076.01159235  -1076.01484475  -1076.00013993  -1075.98697758  -1075.98423196  -1075.98726264  -1075.99723467  -1076.01637484  -1076.01308032  -1076.02943679 
max(|Fr_perp|)   :   0.00000000    0.00432497    0.02443380    0.00520612    0.00291722    0.00304795    0.00529769    0.00922164    0.00381870    0.00000000 
Fr_paral         :   0.00000000   -0.00298153   -0.02928267   -0.01347156   -0.00006307    0.01519844    0.03090066    0.00818075   -0.00724078    0.00000000 
max(|Fsp_paral|) :   0.00000000    0.00324683    0.00168360    0.00198611    0.00114508    0.00168529    0.00128943    0.00310224    0.00553369    0.00000000 
max(|Fsp_perp|)  :   0.00000000    0.00000000    0.00000000    0.00000000    0.00000000    0.00000000    0.00000000    0.00000000    0.00000000    0.00000000 
max(|FNEB|)      :   0.00000000    0.00475400    0.02440382    0.00499389    0.00291608    0.00309214    0.00536151    0.01035026    0.00617046    0.00000000 
max(|Force|)     :   0.00146971    0.00462750    0.02411566    0.00801528    0.00291836    0.00784900    0.01962142    0.00973309    0.00573291    0.00148152 
ksp              :   0.01000000    0.04767190    0.09096850    0.10000000    0.10000000    0.09003079    0.05722854    0.01000000    0.01000000 
max(|step|)      :   0.00000000    0.01190740    0.00970890    0.00668488    0.00194302    0.00378054    0.00600681    0.01610638    0.00958800    0.00000000 
angle (deg.)     :    94.0195  51.0611  13.8214  34.0413  11.6901  30.7372  72.4988  149.6083 
>
iteration       : 71
climbing        : yes
zoom on         : no
nim             : 10
barrier         :   0.02735343 (image:  4) 
distance        :   0.00000000    4.98644824    6.17676431    6.76941355    7.27950711    7.75122828    8.25081436    8.99767168   14.25069817   21.45102916 
energy          : -1076.01159235  -1076.01505380  -1076.00083284  -1075.98713189  -1075.98423893  -1075.98721172  -1075.99738976  -1076.01689900  -1076.01309424  -1076.02943679 
max(|Fr_perp|)   :   0.00000000    0.00765669    0.00772362    0.00568134    0.00330385    0.00351492    0.00452643    0.00672192    0.00436759    0.00000000 
Fr_paral         :   0.00000000   -0.00315522   -0.03036999   -0.01397853   -0.00006140    0.01502929    0.03164447    0.00808084   -0.00721259    0.00000000 
max(|Fsp_paral|) :   0.00000000    0.00177363    0.00021833    0.00137019    0.00178753    0.00113468    0.00141718    0.00317318    0.00562212    0.00000000 
max(|Fsp_perp|)  :   0.00000000    0.00000000    0.00000000    0.00000000    0.00000000    0.00000000    0.00000000    0.00000000    0.00000000    0.00000000 
max(|FNEB|)      :   0.00000000    0.00769718    0.00773292    0.00553191    0.00330274    0.00354637    0.00458542    0.00989386    0.00594144    0.00000000 
max(|Force|)     :   0.00146971    0.00763728    0.01831568    0.00799446    0.00330496    0.00777442    0.01951965    0.00924552    0.00559474    0.00148152 
ksp              :   0.01000000    0.04540166    0.09048139    0.10000000    0.10000000    0.09021872    0.05673029    0.01000000    0.01000000 
max(|step|)      :   0.00000000    0.03820764    0.03373187    0.03186365    0.00784596    0.01688861    0.03072734    0.08229804    0.04915535    0.00000000 
angle (deg.)     :    94.9340  54.6825  12.4347  32.1691  11.3344  28.8548  70.9650  150.8638 
>
iteration       : 72
climbing        : yes
zoom on         : no
nim             : 10
barrier         :   0.02728774 (image:  4) 
distance        :   0.00000000    5.02865587    6.19526900    6.78060002    7.33002416    7.77679644    8.29956729    9.13166677   14.48784184   21.81694057 
energy          : -1076.01159235  -1076.01506068  -1076.00229460  -1075.98785322  -1075.98430462  -1075.98698056  -1075.99788575  -1076.01888862  -1076.01283398  -1076.02943679 
max(|Fr_perp|)   :   0.00000000    0.01894861    0.00993448    0.00118425    0.00088900    0.00146871    0.00254267    0.00479135    0.00511290    0.00000000 
Fr_paral         :   0.00000000   -0.00266032   -0.02993540   -0.01630165    0.00000555    0.01411369    0.03346311    0.00667946   -0.00737844    0.00000000 
max(|Fsp_paral|) :   0.00000000    0.00117052    0.00225499    0.00169652    0.00463073    0.00156810    0.00099391    0.00254473    0.00589558    0.00000000 
max(|Fsp_perp|)  :   0.00000000    0.00000000    0.00000000    0.00000000    0.00000000    0.00000000    0.00000000    0.00000000    0.00000000    0.00000000 
max(|FNEB|)      :   0.00000000    0.01895901    0.01003055    0.00133524    0.00088880    0.00218796    0.00251887    0.00733515    0.00493733    0.00000000 
max(|Force|)     :   0.00146971    0.01895976    0.01674930    0.00891288    0.00088920    0.00793193    0.01945107    0.00702079    0.00574213    0.00148152 
ksp              :   0.01000000    0.04066572    0.08829604    0.10000000    0.10000000    0.09117424    0.05520693    0.01000000    0.01000000 
max(|step|)      :   0.00000000    0.04063266    0.03306415    0.02754756    0.00791115    0.00928164    0.03202775    0.10000000    0.06163641    0.00000000 
angle (deg.)     :    95.7476  57.1945  15.9720  31.1141  17.6329  38.4677  71.1529  152.2852 
>
iteration       : 73
climbing        : yes
zoom on         : no
nim             : 10
barrier         :   0.02733006 (image:  4) 
distance        :   0.00000000    5.07223358    6.23525474    6.82788309    7.41019387    7.84456609    8.39562698    9.36980408   14.87385191   22.36589495 
energy          : -1076.01159235  -1076.01551600  -1076.00284337  -1075.98825567  -1075.98426229  -1075.98678559  -1075.99809869  -1076.02039317  -1076.01215125  -1076.02943679 
max(|Fr_perp|)   :   0.00000000    0.00673207    0.03254782    0.00496399    0.00288381    0.00332731    0.00410570    0.00707594    0.00372670    0.00000000 
Fr_paral         :   0.00000000   -0.00157563   -0.02572503   -0.01755516    0.00007811    0.01347065    0.03294621    0.00466093   -0.00724736    0.00000000 
max(|Fsp_paral|) :   0.00000000    0.00212746    0.00331994    0.00343987    0.00672965    0.00368518    0.00151908    0.00068306    0.00576162    0.00000000 
max(|Fsp_perp|)  :   0.00000000    0.00000000    0.00000000    0.00000000    0.00000000    0.00000000    0.00000000    0.00000000    0.00000000    0.00000000 
max(|FNEB|)      :   0.00000000    0.00738869    0.03371098    0.00543271    0.00293650    0.00459697    0.00486920    0.00722601    0.00549806    0.00000000 
max(|Force|)     :   0.00146971    0.00695339    0.03224118    0.01163000    0.00293401    0.00791226    0.01918899    0.00718747    0.00535656    0.00148152 
ksp              :   0.01000000    0.03891159    0.08684897    0.10000000    0.10000000    0.09169584    0.05444798    0.01000000    0.01000000 
max(|step|)      :   0.00000000    0.00665587    0.03036752    0.00489389    0.00264525    0.00414105    0.00438627    0.00650933    0.00495277    0.00000000 
angle (deg.)     :    95.5764  56.5701  15.1480  31.3170  17.0036  37.9602  71.1624  152.3518 
>
iteration       : 74
climbing        : yes
zoom on         : no
nim             : 10
barrier         :   0.02728856 (image:  4) 
distance        :   0.00000000    5.06930011    6.23575040    6.82940835    7.40688695    7.84783489    8.39534887    9.36816597   14.88621370   22.38613950 
energy          : -1076.01159235  -1076.01570633  -1076.00322424  -1075.98824794  -1075.98430380  -1075.98691087  -1075.99829600  -1076.02058671  -1076.01218031  -1076.02943679 
max(|Fr_perp|)   :   0.00000000    0.00415963    0.01734637    0.00174029    0.00119363    0.00100672    0.00355795    0.00345678    0.00373652    0.00000000 
Fr_paral         :   0.00000000   -0.00154912   -0.02761422   -0.01753495    0.00008640    0.01378025    0.03313750    0.00454448   -0.00725371    0.00000000 
max(|Fsp_paral|) :   0.00000000    0.00259167    0.00417762    0.00312690    0.00620453    0.00310320    0.00140988    0.00094620    0.00574566    0.00000000 
max(|Fsp_perp|)  :   0.00000000    0.00000000    0.00000000    0.00000000    0.00000000    0.00000000    0.00000000    0.00000000    0.00000000    0.00000000 
max(|FNEB|)      :   0.00000000    0.00507277    0.01742068    0.00354746    0.00119294    0.00397006    0.00427876    0.00414395    0.00551223    0.00000000 
max(|Force|)     :   0.00146971    0.00433353    0.01711114    0.01072227    0.00119431    0.00805133    0.01902039    0.00457408    0.00583944    0.00148152 
ksp              :   0.01000000    0.03759876    0.08699187    0.10000000    0.10000000    0.09140165    0.05385252    0.01000000    0.01000000 
max(|step|)      :   0.00000000    0.00502421    0.00324628    0.00331666    0.00128912    0.00369622    0.00396148    0.00367348    0.00490210    0.00000000 
angle (deg.)     :    95.3621  56.0444  14.7958  31.5052  16.4515  37.5008  71.1479  152.4146 
>
iteration       : 75
climbing        : yes
zoom on         : no
nim             : 10
barrier         :   0.02728168 (image:  4) 
distance        :   0.00000000    5.06570046    6.23759678    6.83058290    7.40364887    7.85038776    8.39500297    9.36706864   14.89811149   22.40533200 
energy          : -1076.01159235  -1076.01581241  -1076.00316939  -1075.98819068  -1075.98431068  -1075.98699488  -1075.99844191  -1076.02070489  -1076.01217097  -1076.02943679 
max(|Fr_perp|)   :   0.00000000    0.00228477    0.01338880    0.00175203    0.00105204    0.00119955    0.00316033    0.00336350    0.00353912    0.00000000 
Fr_paral         :   0.00000000   -0.00151070   -0.02815006   -0.01733739    0.00006389    0.01404673    0.03324718    0.00446459   -0.00717050    0.00000000 
max(|Fsp_paral|) :   0.00000000    0.00240506    0.00398993    0.00287397    0.00572218    0.00259234    0.00134878    0.00115247    0.00571848    0.00000000 
max(|Fsp_perp|)  :   0.00000000    0.00000000    0.00000000    0.00000000    0.00000000    0.00000000    0.00000000    0.00000000    0.00000000    0.00000000 
max(|FNEB|)      :   0.00000000    0.00457156    0.01342863    0.00312700    0.00105282    0.00332601    0.00386697    0.00420290    0.00550158    0.00000000 
max(|Force|)     :   0.00146971    0.00273714    0.01608432    0.01029138    0.00105126    0.00806340    0.01921936    0.00450974    0.00561406    0.00148152 
ksp              :   0.01000000    0.03778666    0.08720020    0.10000000    0.10000000    0.09114505    0.05338224    0.01000000    0.01000000 
max(|step|)      :   0.00000000    0.06054655    0.04755447    0.04412072    0.01503574    0.04729278    0.05372984    0.05481686    0.07216192    0.00000000 
angle (deg.)     :    92.6750  50.2664  12.8086  34.0673  11.7942  32.2755  70.7645  153.2855 
>
iteration       : 76
climbing        : yes
zoom on         : no
nim             : 10
barrier         :   0.02725824 (image:  4) 
distance        :   0.00000000    5.01781966    6.28120340    6.86371057    7.37834295    7.90045166    8.41804767    9.39216738   15.10965514   22.72412217 
energy          : -1076.01159235  -1076.01555981  -1076.00114436  -1075.98736871  -1075.98433411  -1075.98805051  -1076.00015615  -1076.02168620  -1076.01131384  -1076.02943679 
max(|Fr_perp|)   :   0.00000000    0.01707383    0.00369820    0.00228290    0.00181282    0.00246066    0.00344867    0.00464401    0.00607367    0.00000000 
Fr_paral         :   0.00000000    0.00048555   -0.03100727   -0.01456439   -0.00008580    0.01728989    0.03422878    0.00353931   -0.00667421    0.00000000 
max(|Fsp_paral|) :   0.00000000    0.00248407    0.00205706    0.00049452    0.00034418    0.00362725    0.00062282    0.00493443    0.00565930    0.00000000 
max(|Fsp_perp|)  :   0.00000000    0.00000000    0.00000000    0.00000000    0.00000000    0.00000000    0.00000000    0.00000000    0.00000000    0.00000000 
max(|FNEB|)      :   0.00000000    0.01806066    0.00363593    0.00233315    0.00181368    0.00464853    0.00352989    0.00781796    0.00651865    0.00000000 
max(|Force|)     :   0.00146971    0.01715354    0.01753337    0.00755458    0.00181195    0.00989663    0.02185577    0.00463484    0.00638590    0.00148152 
ksp              :   0.01000000    0.04449670    0.08998050    0.10000000    0.10000000    0.08772938    0.04775951    0.01091958    0.01091958 
max(|step|)      :   0.00000000    0.03624210    0.02537842    0.03122393    0.00979640    0.02590377    0.04062834    0.06930794    0.07746402    0.00000000 
angle (deg.)     :    91.2699  49.8931  15.7277  36.0965  12.1905  31.9553  68.5649  154.1151 
>
iteration       : 77
climbing        : yes
zoom on         : no
nim             : 10
barrier         :   0.02734286 (image:  4) 
distance        :   0.00000000    4.99605783    6.31630408    6.90995242    7.38538697    7.94891514    8.48038645    9.50096807   15.37240752   23.09643673 
energy          : -1076.01159235  -1076.01578102  -1075.99947790  -1075.98660205  -1075.98424949  -1075.98853405  -1076.00161256  -1076.02236719  -1076.01019789  -1076.02943679 
max(|Fr_perp|)   :   0.00000000    0.00645565    0.02009753    0.00761113    0.00390478    0.00630445    0.00483001    0.00757916    0.01639960    0.00000000 
Fr_paral         :   0.00000000   -0.00095297   -0.02944183   -0.01183234   -0.00027621    0.01882809    0.03398075    0.00261374   -0.00601399    0.00000000 
max(|Fsp_paral|) :   0.00000000    0.00670996    0.00599097    0.00379110    0.00418101    0.00585173    0.00101231    0.01204612    0.00664406    0.00000000 
max(|Fsp_perp|)  :   0.00000000    0.00000000    0.00000000    0.00000000    0.00000000    0.00000000    0.00000000    0.00000000    0.00000000    0.00000000 
max(|FNEB|)      :   0.00000000    0.00917240    0.01974488    0.00793643    0.00390569    0.00662319    0.00480582    0.01494417    0.01623222    0.00000000 
max(|Force|)     :   0.00146971    0.00629205    0.01917007    0.00824191    0.00390699    0.01131743    0.02264335    0.00755146    0.01642839    0.00148152 
ksp              :   0.01000000    0.04987515    0.09225647    0.10000000    0.10000000    0.08589724    0.04284884    0.01458994    0.01458994 
max(|step|)      :   0.00000000    0.04155130    0.02755799    0.03608586    0.01109604    0.03021640    0.04873052    0.09384196    0.10000000    0.00000000 
angle (deg.)     :    90.0306  50.3712  21.6871  38.9151  16.3679  34.2532  65.8485  155.0902 
>
iteration       : 78
climbing        : yes
zoom on         : no
nim             : 10
barrier         :   0.02752749 (image:  4) 
distance        :   0.00000000    4.97739635    6.36700126    6.98129630    7.41435838    8.02585382    8.58681541    9.69475952   15.76023247   23.63753520 
energy          : -1076.01159235  -1076.01452203  -1075.99728955  -1075.98556621  -1075.98406486  -1075.98899177  -1076.00318465  -1076.02251505  -1076.00803481  -1076.02943679 
max(|Fr_perp|)   :   0.00000000    0.00970541    0.03107241    0.01152605    0.00577191    0.01041460    0.00883564    0.01095859    0.02386110    0.00000000 
Fr_paral         :   0.00000000   -0.00206420   -0.02593918   -0.00792741   -0.00057690    0.02036248    0.03216880    0.00168292   -0.00597706    0.00000000 
max(|Fsp_paral|) :   0.00000000    0.01370138    0.01102570    0.00797112    0.00880269    0.00788300    0.00267485    0.02334430    0.00854263    0.00000000 
max(|Fsp_perp|)  :   0.00000000    0.00000000    0.00000000    0.00000000    0.00000000    0.00000000    0.00000000    0.00000000    0.00000000    0.00000000 
max(|FNEB|)      :   0.00000000    0.01490948    0.03054702    0.01220714    0.00577419    0.01091838    0.00890700    0.02589189    0.02365420    0.00000000 
max(|Force|)     :   0.00146971    0.00970075    0.03032034    0.01192610    0.00585684    0.01262210    0.02278796    0.01099549    0.02424933    0.00148152 
ksp              :   0.01000000    0.05684532    0.09510730    0.10000000    0.10000000    0.08389680    0.03750025    0.02167171    0.02167171 
max(|step|)      :   0.00000000    0.02520223    0.05163514    0.02063434    0.00976040    0.01845588    0.01505595    0.04376636    0.03998388    0.00000000 
angle (deg.)     :    90.7343  51.8067  19.8942  37.8720  14.1316  37.6983  60.2810  155.1160 
>
iteration       : 79
climbing        : yes
zoom on         : no
nim             : 10
barrier         :   0.02741311 (image:  4) 
distance        :   0.00000000    5.00439481    6.32794619    6.95498285    7.41708897    8.00353354    8.57889813    9.79071525   15.73295967   23.60722668 
energy          : -1076.01159235  -1076.01515330  -1075.99774660  -1075.98611536  -1075.98417925  -1075.98857100  -1076.00342055  -1076.02313287  -1076.00693558  -1076.02943679 
max(|Fr_perp|)   :   0.00000000    0.01649435    0.05724535    0.01100777    0.00547964    0.01454303    0.00886828    0.01897142    0.04329005    0.00000000 
Fr_paral         :   0.00000000   -0.00331196   -0.02217673   -0.00985895   -0.00038295    0.01902979    0.03338040    0.00140702   -0.00754328    0.00000000 
max(|Fsp_paral|) :   0.00000000    0.01051835    0.00783922    0.00649575    0.00594197    0.00523408    0.00233605    0.02709563    0.01018098    0.00000000 
max(|Fsp_perp|)  :   0.00000000    0.00000000    0.00000000    0.00000000    0.00000000    0.00000000    0.00000000    0.00000000    0.00000000    0.00000000 
max(|FNEB|)      :   0.00000000    0.01467827    0.05661182    0.01023977    0.00549767    0.01441446    0.00878933    0.02923006    0.04379689    0.00000000 
max(|Force|)     :   0.00146971    0.01675184    0.05628721    0.01040119    0.00546160    0.01482379    0.02088898    0.01895109    0.04320177    0.00148152 
ksp              :   0.01000000    0.05545702    0.09364356    0.10000000    0.10000000    0.08558145    0.03682885    0.02528867    0.02528867 
max(|step|)      :   0.00000000    0.03353357    0.03530133    0.02572776    0.00825714    0.01653308    0.01659660    0.06283201    0.02302681    0.00000000 
angle (deg.)     :    91.9454  54.4312  21.6575  37.1801  12.4903  42.8096  53.9071  155.0748 
>
iteration       : 80
climbing        : yes
zoom on         : no
nim             : 10
barrier         :   0.02768142 (image:  4) 
distance        :   0.00000000    5.04185824    6.28386660    6.93363145    7.43650737    7.99338703    8.58741531    9.96747770   15.72643770   23.59116554 
energy          : -1076.01159235  -1076.01514223  -1075.99804845  -1075.98586482  -1075.98391094  -1075.98763945  -1076.00314400  -1076.02318202  -1076.00581653  -1076.02943679 
max(|Fr_perp|)   :   0.00000000    0.02025850    0.06409559    0.02171653    0.01076786    0.02249372    0.01483383    0.02231171    0.05146660    0.00000000 
Fr_paral         :   0.00000000   -0.00398732   -0.01367934   -0.00822770   -0.00134796    0.01709050    0.03417467    0.00061499   -0.00747899    0.00000000 
max(|Fsp_paral|) :   0.00000000    0.00746667    0.00331937    0.00542969    0.00255003    0.00192038    0.00026190    0.02922947    0.01205580    0.00000000 
max(|Fsp_perp|)  :   0.00000000    0.00000000    0.00000000    0.00000000    0.00000000    0.00000000    0.00000000    0.00000000    0.00000000    0.00000000 
max(|FNEB|)      :   0.00000000    0.01891760    0.06379656    0.02097872    0.01083726    0.02245707    0.01485714    0.03064507    0.05215808    0.00000000 
max(|Force|)     :   0.00146971    0.02057863    0.06344093    0.02114059    0.01069845    0.02271249    0.01957586    0.02230291    0.05137170    0.00148152 
ksp              :   0.01000000    0.05403501    0.09364738    0.10000000    0.10000000    0.08787755    0.03746796    0.02877882    0.02877882 
max(|step|)      :   0.00000000    0.05204642    0.05559749    0.04044478    0.01211442    0.02475039    0.02486986    0.10000000    0.03723489    0.00000000 
angle (deg.)     :    94.3821  59.2171  24.7500  36.4720  12.9262  49.7810  46.8102  154.8553 
>
iteration       : 81
climbing        : yes
zoom on         : no
nim             : 10
barrier         :   0.02827928 (image:  4) 
distance        :   0.00000000    5.10171176    6.22663507    6.91318928    7.48291799    7.99629300    8.62313430   10.30077212   15.76921869   23.61801309 
energy          : -1076.01159235  -1076.01410300  -1075.99828541  -1075.98526042  -1075.98331307  -1075.98615586  -1076.00241310  -1076.02238447  -1076.00417027  -1076.02943679 
max(|Fr_perp|)   :   0.00000000    0.02299872    0.06704800    0.03290212    0.01640728    0.03014277    0.02316361    0.02457336    0.05774902    0.00000000 
Fr_paral         :   0.00000000   -0.00421326    0.00173591   -0.00586504   -0.00264223    0.01407515    0.03435343   -0.00044720   -0.00767631    0.00000000 
max(|Fsp_paral|) :   0.00000000    0.00383995    0.00278566    0.00378773    0.00262130    0.00307480    0.00494440    0.03028002    0.01543605    0.00000000 
max(|Fsp_perp|)  :   0.00000000    0.00000000    0.00000000    0.00000000    0.00000000    0.00000000    0.00000000    0.00000000    0.00000000    0.00000000 
max(|FNEB|)      :   0.00000000    0.02244918    0.06769475    0.03247182    0.01662433    0.03034553    0.02293111    0.03060510    0.05902584    0.00000000 
max(|Force|)     :   0.00146971    0.02348596    0.06753335    0.03259969    0.01633376    0.03043968    0.02197182    0.02472221    0.05790535    0.00148152 
ksp              :   0.01000000    0.05254629    0.09385499    0.10000000    0.10000000    0.09098244    0.03924901    0.03373197    0.03373197 
max(|step|)      :   0.00000000    0.02474580    0.07462013    0.03579378    0.01832505    0.03344997    0.02527703    0.03373609    0.06506436    0.00000000 
angle (deg.)     :    94.7635  57.9882  15.0809  35.5665  11.2867  51.9637  44.3501  154.5979 
>
iteration       : 82
climbing        : yes
zoom on         : no
nim             : 10
barrier         :   0.02721956 (image:  4) 
distance        :   0.00000000    5.10768202    6.20802957    6.88290227    7.47259449    7.98928786    8.61654929   10.39409767   15.74124861   23.55931648 
energy          : -1076.01159235  -1076.01572486  -1076.00356959  -1075.98808942  -1075.98437280  -1075.98794034  -1076.00413681  -1076.02394557  -1076.00664906  -1076.02943679 
max(|Fr_perp|)   :   0.00000000    0.01751568    0.05667787    0.00953196    0.00497847    0.01248980    0.00881102    0.01904755    0.04206839    0.00000000 
Fr_paral         :   0.00000000   -0.00234534   -0.01711961   -0.01618834    0.00007525    0.01667259    0.03443363   -0.00127955   -0.00335010    0.00000000 
max(|Fsp_paral|) :   0.00000000    0.00394353    0.01025660    0.00011891    0.00333941    0.00198911    0.00352595    0.02008892    0.01110553    0.00000000 
max(|Fsp_perp|)  :   0.00000000    0.00000000    0.00000000    0.00000000    0.00000000    0.00000000    0.00000000    0.00000000    0.00000000    0.00000000 
max(|FNEB|)      :   0.00000000    0.01700287    0.05788234    0.00954365    0.00498184    0.01233439    0.00874494    0.02009725    0.04085549    0.00000000 
max(|Force|)     :   0.00146971    0.01740444    0.05558656    0.01024810    0.00497510    0.01180712    0.01983573    0.01903068    0.04213484    0.00148152 
ksp              :   0.01000000    0.03652685    0.08771120    0.10000000    0.10000000    0.08820412    0.03465135    0.02634473    0.02634473 
max(|step|)      :   0.00000000    0.00796049    0.02848776    0.00353635    0.00073465    0.00413626    0.00453707    0.01827543    0.01831947    0.00000000 
angle (deg.)     :    94.5620  57.1279  14.0346  35.5320  10.7019  53.1145  43.0148  154.3858 
>
iteration       : 83
climbing        : yes
zoom on         : no
nim             : 10
barrier         :   0.02720339 (image:  4) 
distance        :   0.00000000    5.10402568    6.20946210    6.87321481    7.46787631    7.98791228    8.61657746   10.45174898   15.72394037   23.51454810 
energy          : -1076.01159235  -1076.01606256  -1076.00529595  -1075.98827460  -1075.98438897  -1075.98822329  -1076.00446456  -1076.02429080  -1076.00782412  -1076.02943679 
max(|Fr_perp|)   :   0.00000000    0.00380816    0.00956975    0.00852708    0.00419202    0.00764863    0.00486132    0.00614975    0.00898321    0.00000000 
Fr_paral         :   0.00000000   -0.00191052   -0.02327045   -0.01682615    0.00013183    0.01758762    0.03442505   -0.00118879   -0.00350117    0.00000000 
max(|Fsp_paral|) :   0.00000000    0.00554947    0.01275982    0.00086015    0.00342403    0.00157363    0.00378562    0.01458435    0.00964443    0.00000000 
max(|Fsp_perp|)  :   0.00000000    0.00000000    0.00000000    0.00000000    0.00000000    0.00000000    0.00000000    0.00000000    0.00000000    0.00000000 
max(|FNEB|)      :   0.00000000    0.00681277    0.01383902    0.00845638    0.00419761    0.00754043    0.00492896    0.01394755    0.01096926    0.00000000 
max(|Force|)     :   0.00146971    0.00368378    0.01135375    0.01014007    0.00418644    0.01048495    0.01961519    0.00611839    0.00904533    0.00148152 
ksp              :   0.01000000    0.03083110    0.08714471    0.10000000    0.10000000    0.08731449    0.03358169    0.02246688    0.02246688 
max(|step|)      :   0.00000000    0.01144772    0.02461599    0.00904939    0.00333081    0.00756834    0.01445914    0.04819642    0.03151645    0.00000000 
angle (deg.)     :    93.1839  54.4081  12.6596  35.5352  10.0814  56.1289  39.9258  153.6675 
>
iteration       : 84
climbing        : yes
zoom on         : no
nim             : 10
barrier         :   0.02713907 (image:  4) 
distance        :   0.00000000    5.07932690    6.22262111    6.83954844    7.44448145    7.97375445    8.61117781   10.60226358   15.67128762   23.37676620 
energy          : -1076.01159235  -1076.01614036  -1076.00426788  -1075.98858728  -1075.98445328  -1075.98848919  -1076.00528415  -1076.02430744  -1076.00766708  -1076.02943679 
max(|Fr_perp|)   :   0.00000000    0.00772792    0.02445486    0.00250238    0.00160233    0.00404828    0.00283150    0.00848941    0.01006176    0.00000000 
Fr_paral         :   0.00000000   -0.00210904   -0.02650522   -0.01800524    0.00032133    0.01821998    0.03418547   -0.00106893   -0.00357741    0.00000000 
max(|Fsp_paral|) :   0.00000000    0.00396414    0.00734144    0.00383336    0.00345734    0.00124602    0.00355760    0.01396261    0.01132302    0.00000000 
max(|Fsp_perp|)  :   0.00000000    0.00000000    0.00000000    0.00000000    0.00000000    0.00000000    0.00000000    0.00000000    0.00000000    0.00000000 
max(|FNEB|)      :   0.00000000    0.00848039    0.02462402    0.00423692    0.00159921    0.00405895    0.00388289    0.01350051    0.01323020    0.00000000 
max(|Force|)     :   0.00146971    0.00786549    0.02415164    0.00968582    0.00160544    0.00973003    0.01900610    0.00850320    0.01001674    0.00148152 
ksp              :   0.01000000    0.03428979    0.08629061    0.10000000    0.10000000    0.08661592    0.03091958    0.02301721    0.02301721 
max(|step|)      :   0.00000000    0.02137347    0.04055526    0.01554143    0.00376249    0.01407476    0.02891170    0.10000000    0.06754797    0.00000000 
angle (deg.)     :    91.0229  50.7201  13.8475  35.8251  10.1270  61.2461  35.5066  151.7054 
>
iteration       : 85
climbing        : yes
zoom on         : no
nim             : 10
barrier         :   0.02714501 (image:  4) 
distance        :   0.00000000    5.03601605    6.25563409    6.79937419    7.42176895    7.97061903    8.62691055   10.96428128   15.62476214   23.15797581 
energy          : -1076.01159235  -1076.01531931  -1076.00078914  -1075.98866996  -1075.98444734  -1075.98865398  -1076.00662332  -1076.02344937  -1076.00628954  -1076.02943679 
max(|Fr_perp|)   :   0.00000000    0.01830947    0.05722940    0.00859839    0.00266955    0.01084619    0.00864493    0.02005550    0.03059343    0.00000000 
Fr_paral         :   0.00000000   -0.00172006   -0.02346881   -0.01858906    0.00041863    0.01864326    0.03297789   -0.00122834   -0.00368591    0.00000000 
max(|Fsp_paral|) :   0.00000000    0.00231559    0.00454941    0.00811823    0.00334645    0.00087425    0.00302017    0.01662363    0.01608436    0.00000000 
max(|Fsp_perp|)  :   0.00000000    0.00000000    0.00000000    0.00000000    0.00000000    0.00000000    0.00000000    0.00000000    0.00000000    0.00000000 
max(|FNEB|)      :   0.00000000    0.01804859    0.05734229    0.00839610    0.00267167    0.01097230    0.00881881    0.01944212    0.03178705    0.00000000 
max(|Force|)     :   0.00146971    0.01862584    0.05661889    0.00960259    0.00270521    0.01130446    0.01802871    0.02027316    0.03081452    0.00148152 
ksp              :   0.01000000    0.04595946    0.08600286    0.10000000    0.10000000    0.08606757    0.02648645    0.02764680    0.02764680 
max(|step|)      :   0.00000000    0.02175727    0.06912516    0.01012136    0.00322065    0.01322693    0.01063093    0.02343715    0.03831875    0.00000000 
angle (deg.)     :    91.2251  52.1047  13.3035  35.7582  10.2739  61.8214  34.7610  151.1272 
>
iteration       : 86
climbing        : yes
zoom on         : no
nim             : 10
barrier         :   0.02712281 (image:  4) 
distance        :   0.00000000    5.04159796    6.24679277    6.82702744    7.43270118    7.98482215    8.64532377   11.04934140   15.61196772   23.08495479 
energy          : -1076.01159235  -1076.01618477  -1076.00157161  -1075.98851400  -1075.98446954  -1075.98882996  -1076.00695746  -1076.02354442  -1076.00666971  -1076.02943679 
max(|Fr_perp|)   :   0.00000000    0.01734277    0.05825308    0.00467801    0.00098665    0.00869667    0.00631645    0.01951201    0.02873203    0.00000000 
Fr_paral         :   0.00000000   -0.00169829   -0.02354607   -0.01795934    0.00041892    0.01900800    0.03289430   -0.00197596   -0.00286696    0.00000000 
max(|Fsp_paral|) :   0.00000000    0.00064450    0.00094867    0.00540149    0.00245045    0.00069727    0.00251846    0.01460225    0.01615117    0.00000000 
max(|Fsp_perp|)  :   0.00000000    0.00000000    0.00000000    0.00000000    0.00000000    0.00000000    0.00000000    0.00000000    0.00000000    0.00000000 
max(|FNEB|)      :   0.00000000    0.01742696    0.05810880    0.00518909    0.00100649    0.00869042    0.00625078    0.02021961    0.02813181    0.00000000 
max(|Force|)     :   0.00146971    0.01726144    0.05651120    0.01040109    0.00096680    0.01156405    0.01861545    0.01948850    0.02877478    0.00148152 
ksp              :   0.01000000    0.04325125    0.08657953    0.10000000    0.10000000    0.08553109    0.02537970    0.02633452    0.02633452 
max(|step|)      :   0.00000000    0.00757042    0.01115934    0.00691768    0.00087521    0.00168922    0.00347782    0.01805244    0.02056072    0.00000000 
angle (deg.)     :    91.3974  53.0213  12.8454  35.7717  10.4565  62.3168  34.1657  150.5546 
>
iteration       : 87
climbing        : yes
zoom on         : no
nim             : 10
barrier         :   0.02712311 (image:  4) 
distance        :   0.00000000    5.04597173    6.24399643    6.84951230    7.44273003    7.99756885    8.66179170   11.12508737   15.60224743   23.01966557 
energy          : -1076.01159235  -1076.01629350  -1076.00286249  -1075.98830332  -1075.98446924  -1075.98888180  -1076.00716490  -1076.02359039  -1076.00695669  -1076.02943679 
max(|Fr_perp|)   :   0.00000000    0.01343620    0.04221786    0.00602470    0.00167925    0.00785174    0.00671017    0.01488801    0.02147139    0.00000000 
Fr_paral         :   0.00000000   -0.00148914   -0.02582467   -0.01732095    0.00040912    0.01911931    0.03286330   -0.00209799   -0.00270975    0.00000000 
max(|Fsp_paral|) :   0.00000000    0.00135664    0.00314075    0.00337801    0.00176141    0.00066015    0.00229672    0.01296332    0.01605098    0.00000000 
max(|Fsp_perp|)  :   0.00000000    0.00000000    0.00000000    0.00000000    0.00000000    0.00000000    0.00000000    0.00000000    0.00000000    0.00000000 
max(|FNEB|)      :   0.00000000    0.01324386    0.04255092    0.00632703    0.00169869    0.00779746    0.00665588    0.01550914    0.02137647    0.00000000 
max(|Force|)     :   0.00146971    0.01335923    0.04079421    0.01031517    0.00165981    0.01178886    0.01854837    0.01486348    0.02150945    0.00148152 
ksp              :   0.01000000    0.03896746    0.08727775    0.10000000    0.10000000    0.08535824    0.02469118    0.02538209    0.02538209 
max(|step|)      :   0.00000000    0.01466383    0.02242017    0.02260909    0.00299361    0.00755829    0.01547405    0.07792008    0.10000000    0.00000000 
angle (deg.)     :    91.2805  55.4086  12.7346  35.8140  11.2108  64.4364  32.7176  147.3485 
>
iteration       : 88
climbing        : yes
zoom on         : no
nim             : 10
barrier         :   0.02711304 (image:  4) 
distance        :   0.00000000    5.04704128    6.25705975    6.92174089    7.47175231    8.03912515    8.72021715   11.45435405   15.56108849   22.71448048 
energy          : -1076.01159235  -1076.01596623  -1076.00420268  -1075.98777441  -1075.98447931  -1075.98919254  -1076.00814900  -1076.02338558  -1076.00734679  -1076.02943679 
max(|Fr_perp|)   :   0.00000000    0.00979937    0.02065923    0.00109140    0.00104756    0.00193593    0.00140483    0.00612691    0.01235243    0.00000000 
Fr_paral         :   0.00000000   -0.00126616   -0.02602410   -0.01572028    0.00035483    0.01995580    0.03246604   -0.00227755   -0.00254848    0.00000000 
max(|Fsp_paral|) :   0.00000000    0.00304000    0.00922169    0.00216921    0.00080147    0.00039121    0.00063675    0.00975076    0.01677823    0.00000000 
max(|Fsp_perp|)  :   0.00000000    0.00000000    0.00000000    0.00000000    0.00000000    0.00000000    0.00000000    0.00000000    0.00000000    0.00000000 
max(|FNEB|)      :   0.00000000    0.00992521    0.02156105    0.00280216    0.00106784    0.00197668    0.00147968    0.00825359    0.01900632    0.00000000 
max(|Force|)     :   0.00146971    0.00988247    0.02018528    0.00883157    0.00103820    0.01118894    0.01770207    0.00620672    0.01259149    0.00148152 
ksp              :   0.01000000    0.03454187    0.08906480    0.10000000    0.10000000    0.08435589    0.02143225    0.02410987    0.02410987 
max(|step|)      :   0.00000000    0.03406045    0.07399129    0.00961621    0.00366451    0.00678339    0.00507785    0.02832391    0.06522420    0.00000000 
angle (deg.)     :    90.2375  53.9188  15.1376  35.6140  10.9584  65.3649  32.7810  145.1764 
>
iteration       : 89
climbing        : yes
zoom on         : no
nim             : 10
barrier         :   0.02710649 (image:  4) 
distance        :   0.00000000    5.02645582    6.29157834    6.89012504    7.45604557    8.02718771    8.71055043   11.56746955   15.49386098   22.47480795 
energy          : -1076.01159235  -1076.01547599  -1075.99741637  -1075.98801651  -1075.98448586  -1075.98918715  -1076.00832856  -1076.02281369  -1076.00561422  -1076.02943679 
max(|Fr_perp|)   :   0.00000000    0.02245669    0.10049017    0.00375936    0.00115834    0.00655624    0.00300876    0.02916717    0.05014947    0.00000000 
Fr_paral         :   0.00000000   -0.00229855   -0.01140952   -0.01640649    0.00034127    0.01999768    0.03232548   -0.00205836   -0.00249697    0.00000000 
max(|Fsp_paral|) :   0.00000000    0.00951317    0.01010822    0.00195595    0.00024072    0.00030334    0.00102205    0.01357946    0.02146289    0.00000000 
max(|Fsp_perp|)  :   0.00000000    0.00000000    0.00000000    0.00000000    0.00000000    0.00000000    0.00000000    0.00000000    0.00000000    0.00000000 
max(|FNEB|)      :   0.00000000    0.02040300    0.09871262    0.00382455    0.00115816    0.00653521    0.00304879    0.02857896    0.05076112    0.00000000 
max(|Force|)     :   0.00146971    0.02267191    0.09944432    0.00868689    0.00115851    0.01109107    0.01781764    0.02918801    0.05013015    0.00148152 
ksp              :   0.01000000    0.05706763    0.08827741    0.10000000    0.10000000    0.08439061    0.02083656    0.02984883    0.02984883 
max(|step|)      :   0.00000000    0.03047568    0.02543670    0.01003617    0.00375877    0.00439994    0.00545064    0.04312067    0.09425843    0.00000000 
angle (deg.)     :    89.6363  53.5573  17.8523  35.4360  10.9394  66.5249  34.1838  141.5846 
>
iteration       : 90
climbing        : yes
zoom on         : no
nim             : 10
barrier         :   0.02715092 (image:  4) 
distance        :   0.00000000    5.01471664    6.32468393    6.87267188    7.45567011    8.03218709    8.71964653   11.76143645   15.45459187   22.19556393 
energy          : -1076.01159235  -1076.01051301  -1075.99263591  -1075.98823876  -1075.98444143  -1075.98909986  -1076.00851879  -1076.02184494  -1076.00356135  -1076.02943679 
max(|Fr_perp|)   :   0.00000000    0.03049627    0.12665166    0.00588880    0.00277426    0.00963992    0.00480830    0.03735463    0.06707751    0.00000000 
Fr_paral         :   0.00000000    0.00392971    0.00249722   -0.01699331    0.00023501    0.01995151    0.03202199   -0.00187033   -0.00245756    0.00000000 
max(|Fsp_paral|) :   0.00000000    0.01325163    0.02436006    0.00542414    0.00029692    0.00026161    0.00178923    0.01676232    0.02698649    0.00000000 
max(|Fsp_perp|)  :   0.00000000    0.00000000    0.00000000    0.00000000    0.00000000    0.00000000    0.00000000    0.00000000    0.00000000    0.00000000 
max(|FNEB|)      :   0.00000000    0.03220381    0.12030517    0.00611086    0.00276602    0.00961800    0.00480472    0.03672222    0.06764918    0.00000000 
max(|Force|)     :   0.00146971    0.03068405    0.12698446    0.00900213    0.00278249    0.01133857    0.01782565    0.03737051    0.06706254    0.00148152 
ksp              :   0.01357782    0.07283691    0.08741262    0.10000000    0.10000000    0.08455823    0.02018827    0.03662122    0.03662122 
max(|step|)      :   0.00000000    0.00000000    0.00000000    0.00000000    0.00000000    0.00000000    0.00000000    0.00000000    0.00000000    0.00000000 
angle (deg.)     :    89.6363  53.5573  17.8523  35.4360  10.9394  66.5249  34.1838  141.5846 
>
iteration       : 91
climbing        : yes
zoom on         : no
nim             : 10
barrier         :   0.02715065 (image:  4) 
distance        :   0.00000000    5.01471664    6.32468393    6.87267188    7.45567011    8.03218709    8.71964653   11.76143645   15.45459187   22.19556393 
energy          : -1076.01159235  -1076.01054537  -1075.99274503  -1075.98823909  -1075.98444171  -1075.98910173  -1076.00851980  -1076.02185608  -1076.00360237  -1076.02943679 
max(|Fr_perp|)   :   0.00000000    0.03045787    0.12599178    0.00585968    0.00276881    0.00959098    0.00478536    0.03713312    0.06679186    0.00000000 
Fr_paral         :   0.00000000    0.00391418    0.00211114   -0.01699391    0.00023536    0.01995712    0.03202340   -0.00187472   -0.00245255    0.00000000 
max(|Fsp_paral|) :   0.00000000    0.01324233    0.02434632    0.00541338    0.00029528    0.00026182    0.00179147    0.01676871    0.02698721    0.00000000 
max(|Fsp_perp|)  :   0.00000000    0.00000000    0.00000000    0.00000000    0.00000000    0.00000000    0.00000000    0.00000000    0.00000000    0.00000000 
max(|FNEB|)      :   0.00000000    0.03220381    0.12030517    0.00611086    0.00276602    0.00961800    0.00480472    0.03672222    0.06764918    0.00000000 
max(|Force|)     :   0.00146971    0.03068405    0.12698446    0.00900213    0.00278249    0.01133857    0.01782565    0.03737051    0.06706254    0.00148152 
ksp              :   0.01357782    0.07283691    0.08741262    0.10000000    0.10000000    0.08455823    0.02018827    0.03662122    0.03662122 
max(|step|)      :   0.00000000    0.02676843    0.10000000    0.00507946    0.00229917    0.00799467    0.00399378    0.03052422    0.05623132    0.00000000 
angle (deg.)     :    89.4275  54.4454  13.8953  35.4004  10.6753  66.6431  34.7466  140.6116 
>
iteration       : 92
climbing        : yes
zoom on         : no
nim             : 10
barrier         :   0.02710555 (image:  4) 
distance        :   0.00000000    5.01333328    6.25973516    6.87128655    7.44681185    8.02416667    8.71376313   11.80977384   15.43464498   22.11156259 
energy          : -1076.01159235  -1076.01537166  -1076.00298287  -1075.98822285  -1075.98448680  -1075.98930738  -1076.00869510  -1076.02276651  -1076.00787935  -1076.02943679 
max(|Fr_perp|)   :   0.00000000    0.01711740    0.03694989    0.00148076    0.00153086    0.00332224    0.00220716    0.01338001    0.01273915    0.00000000 
Fr_paral         :   0.00000000   -0.00085877   -0.02680255   -0.01685653    0.00029491    0.02039274    0.03204841   -0.00242913   -0.00215093    0.00000000 
max(|Fsp_paral|) :   0.00000000    0.00078089    0.00287707    0.00207117    0.00008388    0.00010198    0.00154172    0.00487227    0.01638940    0.00000000 
max(|Fsp_perp|)  :   0.00000000    0.00000000    0.00000000    0.00000000    0.00000000    0.00000000    0.00000000    0.00000000    0.00000000    0.00000000 
max(|FNEB|)      :   0.00000000    0.01707716    0.03721036    0.00176490    0.00152399    0.00331142    0.00222746    0.01353640    0.01928508    0.00000000 
max(|Force|)     :   0.00146971    0.01710203    0.03564118    0.00914168    0.00154178    0.01126540    0.01757524    0.01336155    0.01276452    0.00148152 
ksp              :   0.01000000    0.03858651    0.08759498    0.10000000    0.10000000    0.08399399    0.01961991    0.02232847    0.02232847 
max(|step|)      :   0.00000000    0.01648547    0.01476811    0.00196823    0.00146038    0.00247857    0.00184822    0.00665560    0.01796321    0.00000000 
angle (deg.)     :    89.3441  54.7545  13.4911  35.4064  10.7031  66.7216  35.1330  139.9591 
>
iteration       : 93
climbing        : yes
zoom on         : no
nim             : 10
barrier         :   0.02709159 (image:  4) 
distance        :   0.00000000    5.01252150    6.25442105    6.87538607    7.44759372    8.02547862    8.71759495   11.83316164   15.42915994   22.06142080 
energy          : -1076.01159235  -1076.01643764  -1076.00385274  -1075.98818912  -1075.98450076  -1075.98934880  -1076.00881184  -1076.02293378  -1076.00813552  -1076.02943679 
max(|Fr_perp|)   :   0.00000000    0.00554468    0.01214222    0.00068042    0.00074981    0.00127499    0.00115062    0.00357250    0.00961453    0.00000000 
Fr_paral         :   0.00000000   -0.00125333   -0.02849900   -0.01672996    0.00030489    0.02043961    0.03198865   -0.00247234   -0.00173119    0.00000000 
max(|Fsp_paral|) :   0.00000000    0.00199419    0.00535217    0.00141884    0.00026036    0.00015114    0.00102133    0.00418921    0.01586138    0.00000000 
max(|Fsp_perp|)  :   0.00000000    0.00000000    0.00000000    0.00000000    0.00000000    0.00000000    0.00000000    0.00000000    0.00000000    0.00000000 
max(|FNEB|)      :   0.00000000    0.00547822    0.01237220    0.00086384    0.00073817    0.00126367    0.00123674    0.00484417    0.01808143    0.00000000 
max(|Force|)     :   0.00146971    0.00553050    0.01640197    0.00930796    0.00076145    0.01136008    0.01748511    0.00390937    0.00963315    0.00148152 
ksp              :   0.01000000    0.03571148    0.08774703    0.10000000    0.10000000    0.08389452    0.01923704    0.02148383    0.02148383 
max(|step|)      :   0.00000000    0.04445845    0.02043313    0.00663743    0.00483012    0.00669505    0.00654729    0.02919388    0.09045004    0.00000000 
angle (deg.)     :    88.6719  55.3668  13.3543  35.5188  11.1632  67.1823  37.6686  136.4973 
>
iteration       : 94
climbing        : yes
zoom on         : no
nim             : 10
barrier         :   0.02710214 (image:  4) 
distance        :   0.00000000    4.99996585    6.26106680    6.89169802    7.45145006    8.03244342    8.73480832   11.93955931   15.41624678   21.82236561 
energy          : -1076.01159235  -1076.01392202  -1076.00361827  -1075.98800960  -1075.98449021  -1075.98934779  -1076.00918171  -1076.02271628  -1076.00833896  -1076.02943679 
max(|Fr_perp|)   :   0.00000000    0.03139791    0.02195811    0.00171252    0.00189528    0.00309951    0.00194092    0.00746890    0.01500714    0.00000000 
Fr_paral         :   0.00000000    0.00043822   -0.02727372   -0.01619274    0.00021840    0.02037997    0.03163190   -0.00261442   -0.00142794    0.00000000 
max(|Fsp_paral|) :   0.00000000    0.00171261    0.00517025    0.00014603    0.00097399    0.00044233    0.00065606    0.00352302    0.01500640    0.00000000 
max(|Fsp_perp|)  :   0.00000000    0.00000000    0.00000000    0.00000000    0.00000000    0.00000000    0.00000000    0.00000000    0.00000000    0.00000000 
max(|FNEB|)      :   0.00000000    0.03137171    0.02205634    0.00163928    0.00189645    0.00311129    0.00200873    0.00736688    0.01651073    0.00000000 
max(|Force|)     :   0.00146971    0.03140085    0.02170267    0.00938814    0.00189411    0.01156819    0.01714523    0.00748661    0.01499543    0.00148152 
ksp              :   0.01000000    0.03648010    0.08831293    0.10000000    0.10000000    0.08386909    0.01800520    0.02080377    0.02080377 
max(|step|)      :   0.00000000    0.01750260    0.01627091    0.00572893    0.00276072    0.00398847    0.00570071    0.02911351    0.10000000    0.00000000 
angle (deg.)     :    88.1475  55.9399  13.8233  35.6719  11.6829  67.7427  41.4243  132.4890 
>
iteration       : 95
climbing        : yes
zoom on         : no
nim             : 10
barrier         :   0.02714097 (image:  4) 
distance        :   0.00000000    4.98981827    6.27411749    6.91445865    7.46305513    8.04814971    8.75822313   12.06078848   15.44973671   21.61642036 
energy          : -1076.01159235  -1076.01108147  -1076.00252327  -1075.98783429  -1075.98445138  -1075.98930107  -1076.00943352  -1076.02213237  -1076.00844758  -1076.02943679 
max(|Fr_perp|)   :   0.00000000    0.03840191    0.04829046    0.00240024    0.00321374    0.00579734    0.00381558    0.01911621    0.01111586    0.00000000 
Fr_paral         :   0.00000000    0.00570129   -0.02331644   -0.01569973    0.00009649    0.02030319    0.03127152   -0.00255129   -0.00127598    0.00000000 
max(|Fsp_paral|) :   0.00000000    0.00387595    0.00281867    0.00102405    0.00167155    0.00059146    0.00158121    0.00301535    0.01395585    0.00000000 
max(|Fsp_perp|)  :   0.00000000    0.00000000    0.00000000    0.00000000    0.00000000    0.00000000    0.00000000    0.00000000    0.00000000    0.00000000 
max(|FNEB|)      :   0.00000000    0.03844794    0.04907435    0.00242671    0.00322712    0.00584447    0.00390250    0.01926615    0.01441994    0.00000000 
max(|Force|)     :   0.00146971    0.03884846    0.04806126    0.00923893    0.00322587    0.01167432    0.01695330    0.01936071    0.01119226    0.00148152 
ksp              :   0.01188944    0.04017536    0.08878359    0.10000000    0.10000000    0.08392235    0.01715982    0.02045284    0.02045284 
max(|step|)      :   0.00000000    0.04368090    0.05575362    0.00275700    0.00366635    0.00663993    0.00443365    0.02188837    0.01638257    0.00000000 
angle (deg.)     :    88.1637  55.5644  13.4846  35.6341  11.3302  67.8802  42.0981  131.8066 
>
iteration       : 96
climbing        : yes
zoom on         : no
nim             : 10
barrier         :   0.02707834 (image:  4) 
distance        :   0.00000000    4.98787384    6.28367167    6.91974760    7.47154309    8.05802351    8.76336696   12.07892617   15.45888156   21.58191710 
energy          : -1076.01159235  -1076.01617537  -1076.00280726  -1075.98793350  -1075.98451402  -1075.98945490  -1076.00943253  -1076.02258922  -1076.00905189  -1076.02943679 
max(|Fr_perp|)   :   0.00000000    0.01064441    0.04442335    0.00180344    0.00130483    0.00348163    0.00271162    0.01659446    0.00792283    0.00000000 
Fr_paral         :   0.00000000   -0.00092530   -0.02450753   -0.01597542    0.00021166    0.02062124    0.03153040   -0.00263373   -0.00179892    0.00000000 
max(|Fsp_paral|) :   0.00000000    0.00033480    0.00298984    0.00062041    0.00159320    0.00016636    0.00108045    0.00129791    0.01261221    0.00000000 
max(|Fsp_perp|)  :   0.00000000    0.00000000    0.00000000    0.00000000    0.00000000    0.00000000    0.00000000    0.00000000    0.00000000    0.00000000 
max(|FNEB|)      :   0.00000000    0.01069406    0.04472773    0.00181551    0.00131351    0.00349742    0.00264440    0.01662114    0.01582767    0.00000000 
max(|Force|)     :   0.00146971    0.01059894    0.04306157    0.00876593    0.00129615    0.01154380    0.01715436    0.01658264    0.00796538    0.00148152 
ksp              :   0.01000000    0.03919893    0.08863470    0.10000000    0.10000000    0.08357804    0.01717857    0.01844372    0.01844372 
max(|step|)      :   0.00000000    0.01497312    0.01839900    0.00157576    0.00213111    0.00261413    0.00275598    0.00648078    0.01751219    0.00000000 
angle (deg.)     :    88.2298  55.4763  13.1198  35.6205  11.1691  67.9703  42.7360  131.1886 
>
iteration       : 97
climbing        : yes
zoom on         : no
nim             : 10
barrier         :   0.02706489 (image:  4) 
distance        :   0.00000000    4.98900595    6.29038040    6.92137624    7.47572044    8.06308865    8.76538297   12.08853410   15.46434918   21.54642471 
energy          : -1076.01159235  -1076.01653897  -1076.00371881  -1075.98798504  -1075.98452746  -1075.98950069  -1076.00939391  -1076.02282047  -1076.00932413  -1076.02943679 
max(|Fr_perp|)   :   0.00000000    0.00807746    0.01390395    0.00079515    0.00065219    0.00115006    0.00100672    0.00604466    0.00482529    0.00000000 
Fr_paral         :   0.00000000   -0.00086317   -0.02789552   -0.01611184    0.00023624    0.02075454    0.03169655   -0.00249668   -0.00147560    0.00000000 
max(|Fsp_paral|) :   0.00000000    0.00097105    0.00468475    0.00021245    0.00151724    0.00006679    0.00058962    0.00041115    0.01194156    0.00000000 
max(|Fsp_perp|)  :   0.00000000    0.00000000    0.00000000    0.00000000    0.00000000    0.00000000    0.00000000    0.00000000    0.00000000    0.00000000 
max(|FNEB|)      :   0.00000000    0.00790167    0.01412119    0.00078785    0.00065229    0.00116630    0.00093543    0.00605500    0.01468255    0.00000000 
max(|Force|)     :   0.00146971    0.00802330    0.01484384    0.00872051    0.00065209    0.01145753    0.01733363    0.00603286    0.00494054    0.00148152 
ksp              :   0.01000000    0.03618222    0.08850236    0.10000000    0.10000000    0.08346232    0.01731057    0.01754261    0.01754261 
max(|step|)      :   0.00000000    0.02393395    0.01726847    0.00302800    0.00317058    0.00397985    0.00457751    0.00740906    0.04740283    0.00000000 
angle (deg.)     :    88.1918  55.2503  13.3350  35.6046  10.9942  68.1296  44.5470  129.5772 
>
iteration       : 98
climbing        : yes
zoom on         : no
nim             : 10
barrier         :   0.02707414 (image:  4) 
distance        :   0.00000000    4.98712002    6.31515108    6.92341043    7.48311725    8.07197230    8.76930811   12.10458184   15.47990239   21.45173272 
energy          : -1076.01159235  -1076.01569478  -1076.00320106  -1075.98807219  -1075.98451822  -1075.98949409  -1076.00926151  -1076.02281728  -1076.00958875  -1076.02943679 
max(|Fr_perp|)   :   0.00000000    0.01340191    0.01430218    0.00102961    0.00155106    0.00199996    0.00154276    0.00600933    0.00622281    0.00000000 
Fr_paral         :   0.00000000   -0.00060084   -0.02906456   -0.01633075    0.00021477    0.02081312    0.03185090   -0.00227735   -0.00097289    0.00000000 
max(|Fsp_paral|) :   0.00000000    0.00016967    0.00176416    0.00120719    0.00133611    0.00037676    0.00053831    0.00072301    0.01090560    0.00000000 
max(|Fsp_perp|)  :   0.00000000    0.00000000    0.00000000    0.00000000    0.00000000    0.00000000    0.00000000    0.00000000    0.00000000    0.00000000 
max(|FNEB|)      :   0.00000000    0.01343073    0.01431881    0.00098267    0.00155080    0.00198864    0.00147682    0.00602108    0.01221726    0.00000000 
max(|Force|)     :   0.00146971    0.01336210    0.01661901    0.00893661    0.00155131    0.01145503    0.01755566    0.00601996    0.00622015    0.00148152 
ksp              :   0.01000000    0.03789439    0.08818585    0.10000000    0.10000000    0.08345918    0.01774820    0.01666041    0.01666041 
max(|step|)      :   0.00000000    0.01773522    0.01424725    0.00441588    0.00455473    0.00451073    0.00526797    0.01197293    0.09806949    0.00000000 
angle (deg.)     :    88.4020  55.4012  14.0546  35.6004  10.8461  68.4049  48.5873  126.4132 
>
iteration       : 99
climbing        : yes
zoom on         : no
nim             : 10
barrier         :   0.02710382 (image:  4) 
distance        :   0.00000000    4.99255843    6.35869622    6.94377375    7.50869461    8.09940806    8.79273030   12.14228996   15.55043721   21.29650406 
energy          : -1076.01159235  -1076.01430675  -1076.00196390  -1075.98815975  -1075.98448854  -1075.98943033  -1076.00909320  -1076.02267879  -1076.00993574  -1076.02943679 
max(|Fr_perp|)   :   0.00000000    0.02165730    0.03724835    0.00159471    0.00290169    0.00360440    0.00359672    0.01113147    0.01214595    0.00000000 
Fr_paral         :   0.00000000    0.00004477   -0.02764637   -0.01653577    0.00013679    0.02079406    0.03185554   -0.00203428   -0.00092139    0.00000000 
max(|Fsp_paral|) :   0.00000000    0.00321219    0.00315164    0.00264852    0.00117697    0.00061299    0.00180028    0.00207746    0.00913457    0.00000000 
max(|Fsp_perp|)  :   0.00000000    0.00000000    0.00000000    0.00000000    0.00000000    0.00000000    0.00000000    0.00000000    0.00000000    0.00000000 
max(|FNEB|)      :   0.00000000    0.02197327    0.03708623    0.00213040    0.00289690    0.00361707    0.00352800    0.01116310    0.01212407    0.00000000 
max(|Force|)     :   0.00146971    0.02165920    0.03647599    0.00915231    0.00290647    0.01152160    0.01759841    0.01113949    0.01214576    0.00148152 
ksp              :   0.01000000    0.04197191    0.08780950    0.10000000    0.10000000    0.08359045    0.01829860    0.01550089    0.01550089 
max(|step|)      :   0.00000000    0.00737734    0.00421240    0.00439682    0.00445198    0.00443527    0.00458922    0.01485402    0.10000000    0.00000000 
angle (deg.)     :    88.8160  56.0555  14.4391  35.6001  10.8077  68.6846  52.7685  123.6500 
>
iteration       : 100
climbing        : yes
zoom on         : no
nim             : 10
barrier         :   0.02709891 (image:  4) 
distance        :   0.00000000    5.00648866    6.38496678    6.97399766    7.54006081    8.13198107    8.82590609   12.18022983   15.66237780   21.19242438 
energy          : -1076.01159235  -1076.01406178  -1076.00206098  -1075.98819328  -1075.98449344  -1075.98941029  -1076.00910919  -1076.02255109  -1076.01039827  -1076.02943679 
max(|Fr_perp|)   :   0.00000000    0.02217551    0.03893054    0.00232978    0.00310893    0.00549835    0.00407824    0.02128820    0.01298704    0.00000000 
Fr_paral         :   0.00000000    0.00009139   -0.02729950   -0.01656079    0.00010660    0.02075357    0.03174295   -0.00181481   -0.00049080    0.00000000 
max(|Fsp_paral|) :   0.00000000    0.00330857    0.00310472    0.00254981    0.00117846    0.00061744    0.00170379    0.00306781    0.00720859    0.00000000 
max(|Fsp_perp|)  :   0.00000000    0.00000000    0.00000000    0.00000000    0.00000000    0.00000000    0.00000000    0.00000000    0.00000000    0.00000000 
max(|FNEB|)      :   0.00000000    0.02265385    0.03938924    0.00251500    0.00312168    0.00556079    0.00406948    0.02166825    0.01300567    0.00000000 
max(|Force|)     :   0.00146971    0.02233082    0.03872588    0.00921589    0.00312900    0.01148386    0.01753561    0.02163576    0.01305014    0.00148152 
ksp              :   0.01000000    0.04175269    0.08771063    0.10000000    0.10000000    0.08367458    0.01825490    0.01399870    0.01399870 
max(|step|)      :   0.00000000    0.02301763    0.04002176    0.00255538    0.00317181    0.00565009    0.00413483    0.02201621    0.01321452    0.00000000 
angle (deg.)     :    88.8726  56.1674  13.9122  35.5718  10.7313  68.6223  53.1216  123.4995 
>
iteration       : 101
climbing        : yes
zoom on         : no
nim             : 10
barrier         :   0.02704451 (image:  4) 
distance        :   0.00000000    5.01045331    6.37846912    6.98007740    7.54232091    8.13329630    8.83168854   12.17253782   15.67079643   21.17989485 
energy          : -1076.01159235  -1076.01641769  -1076.00283345  -1075.98817450  -1075.98454785  -1075.98951172  -1076.00931916  -1076.02306958  -1076.01095082  -1076.02943679 
max(|Fr_perp|)   :   0.00000000    0.00890972    0.02746174    0.00149664    0.00141584    0.00323096    0.00230188    0.01429493    0.00651075    0.00000000 
Fr_paral         :   0.00000000   -0.00111358   -0.02830468   -0.01644215    0.00017021    0.02084831    0.03167128   -0.00203447   -0.00127217    0.00000000 
max(|Fsp_paral|) :   0.00000000    0.00125991    0.00034823    0.00171842    0.00131049    0.00043704    0.00020435    0.00400780    0.00620747    0.00000000 
max(|Fsp_perp|)  :   0.00000000    0.00000000    0.00000000    0.00000000    0.00000000    0.00000000    0.00000000    0.00000000    0.00000000    0.00000000 
max(|FNEB|)      :   0.00000000    0.00900174    0.02742998    0.00138492    0.00140953    0.00323161    0.00229839    0.01426908    0.00921385    0.00000000 
max(|Force|)     :   0.00146971    0.00903580    0.02633878    0.00912686    0.00142215    0.01154379    0.01725593    0.01429153    0.00650598    0.00148152 
ksp              :   0.01000000    0.03914830    0.08793105    0.10000000    0.10000000    0.08348100    0.01756484    0.01213492    0.01213492 
max(|step|)      :   0.00000000    0.01169246    0.00935491    0.00138862    0.00188258    0.00272332    0.00268046    0.00642427    0.00836023    0.00000000 
angle (deg.)     :    88.9737  56.1915  13.6222  35.5713  10.7706  68.5914  53.4214  123.3894 
>
iteration       : 102
climbing        : yes
zoom on         : no
nim             : 10
barrier         :   0.02702957 (image:  4) 
distance        :   0.00000000    5.01443706    6.37877200    6.98697947    7.54652952    8.13685489    8.83756062   12.16339072   15.67882713   21.16905319 
energy          : -1076.01159235  -1076.01687101  -1076.00332459  -1075.98814698  -1075.98456278  -1075.98953368  -1076.00940196  -1076.02330912  -1076.01118129  -1076.02943679 
max(|Fr_perp|)   :   0.00000000    0.00422126    0.01162457    0.00093697    0.00052657    0.00137637    0.00100550    0.00674506    0.00372854    0.00000000 
Fr_paral         :   0.00000000   -0.00105254   -0.02914598   -0.01634792    0.00017620    0.02084693    0.03166600   -0.00196853   -0.00117018    0.00000000 
max(|Fsp_paral|) :   0.00000000    0.00036979    0.00125925    0.00123639    0.00140478    0.00030776    0.00051670    0.00434224    0.00574196    0.00000000 
max(|Fsp_perp|)  :   0.00000000    0.00000000    0.00000000    0.00000000    0.00000000    0.00000000    0.00000000    0.00000000    0.00000000    0.00000000 
max(|FNEB|)      :   0.00000000    0.00428630    0.01167293    0.00083370    0.00052661    0.00137261    0.00098480    0.00671133    0.00836648    0.00000000 
max(|Force|)     :   0.00146971    0.00415914    0.01680698    0.00907373    0.00052653    0.01156119    0.01721454    0.00674113    0.00381562    0.00148152 
ksp              :   0.01000000    0.03752907    0.08806573    0.10000000    0.10000000    0.08344846    0.01729333    0.01136872    0.01136872 
max(|step|)      :   0.00000000    0.01601075    0.00923062    0.00268533    0.00260585    0.00408473    0.00426529    0.01871568    0.02367940    0.00000000 
angle (deg.)     :    89.1390  56.1273  13.4100  35.6053  10.9943  68.5351  54.2560  123.1381 
>
iteration       : 103
climbing        : yes
zoom on         : no
nim             : 10
barrier         :   0.02702882 (image:  4) 
distance        :   0.00000000    5.02185599    6.38767117    7.00162445    7.55575808    8.14483083    8.84775645   12.12672013   15.69512849   21.13226653 
energy          : -1076.01159235  -1076.01670961  -1076.00342305  -1075.98807494  -1075.98456353  -1075.98950579  -1076.00941998  -1076.02347775  -1076.01146094  -1076.02943679 
max(|Fr_perp|)   :   0.00000000    0.00594245    0.00379919    0.00063037    0.00095259    0.00143696    0.00107906    0.00306891    0.00376128    0.00000000 
Fr_paral         :   0.00000000   -0.00078423   -0.02901156   -0.01614835    0.00014479    0.02073265    0.03173589   -0.00178473   -0.00093444    0.00000000 
max(|Fsp_paral|) :   0.00000000    0.00020798    0.00182944    0.00061783    0.00159566    0.00010038    0.00119500    0.00478553    0.00498468    0.00000000 
max(|Fsp_perp|)  :   0.00000000    0.00000000    0.00000000    0.00000000    0.00000000    0.00000000    0.00000000    0.00000000    0.00000000    0.00000000 
max(|FNEB|)      :   0.00000000    0.00592486    0.00377977    0.00063035    0.00095319    0.00144522    0.00114882    0.00586624    0.00571907    0.00000000 
max(|Force|)     :   0.00146971    0.00596225    0.01554236    0.00892991    0.00095199    0.01156462    0.01737058    0.00307308    0.00378430    0.00148152 
ksp              :   0.01000000    0.03720196    0.08830779    0.10000000    0.10000000    0.08354337    0.01723354    0.01043759    0.01043759 
max(|step|)      :   0.00000000    0.01160047    0.00932187    0.00375171    0.00286354    0.00288846    0.00353627    0.03424899    0.03945495    0.00000000 
angle (deg.)     :    89.4424  56.3080  13.3474  35.6859  11.3391  68.4743  55.7453  122.8105 
>
iteration       : 104
climbing        : yes
zoom on         : no
nim             : 10
barrier         :   0.02703862 (image:  4) 
distance        :   0.00000000    5.03554629    6.40476510    7.02580465    7.57238206    8.15989113    8.86343034   12.05320137   15.72359511   21.06664501 
energy          : -1076.01159235  -1076.01609664  -1076.00319259  -1075.98796988  -1075.98455373  -1075.98943568  -1076.00931868  -1076.02356387  -1076.01182678  -1076.02943679 
max(|Fr_perp|)   :   0.00000000    0.01168748    0.01932932    0.00091315    0.00189996    0.00294236    0.00283284    0.00746097    0.00649762    0.00000000 
Fr_paral         :   0.00000000   -0.00050209   -0.02778795   -0.01587006    0.00008993    0.02053203    0.03182375   -0.00146256   -0.00131551    0.00000000 
max(|Fsp_paral|) :   0.00000000    0.00059388    0.00165774    0.00019829    0.00186898    0.00009385    0.00155386    0.00484107    0.00422912    0.00000000 
max(|Fsp_perp|)  :   0.00000000    0.00000000    0.00000000    0.00000000    0.00000000    0.00000000    0.00000000    0.00000000    0.00000000    0.00000000 
max(|FNEB|)      :   0.00000000    0.01188034    0.01935867    0.00090822    0.00190363    0.00295240    0.00290889    0.00750757    0.00608982    0.00000000 
max(|Force|)     :   0.00146971    0.01162716    0.01911990    0.00875837    0.00189629    0.01148497    0.01763786    0.00746457    0.00653003    0.00148152 
ksp              :   0.01000000    0.03795923    0.08862911    0.10000000    0.10000000    0.08375009    0.01756809    0.01000000    0.01000000 
max(|step|)      :   0.00000000    0.01574897    0.00890501    0.00773655    0.00763258    0.00766024    0.00727865    0.08345713    0.10000000    0.00000000 
angle (deg.)     :    90.3065  57.1659  13.3577  35.8732  12.0190  68.3709  59.4115  122.4797 
>
iteration       : 105
climbing        : yes
zoom on         : no
nim             : 10
barrier         :   0.02704840 (image:  4) 
distance        :   0.00000000    5.07277388    6.44340386    7.08276512    7.61529330    8.19990380    8.90225696   11.87317999   15.80614839   20.92879297 
energy          : -1076.01159235  -1076.01468687  -1076.00317048  -1075.98777496  -1075.98454395  -1075.98927624  -1076.00902099  -1076.02344261  -1076.01256390  -1076.02943679 
max(|Fr_perp|)   :   0.00000000    0.01808723    0.02103917    0.00292435    0.00291995    0.00624315    0.00485293    0.01971522    0.01016981    0.00000000 
Fr_paral         :   0.00000000    0.00008476   -0.02629018   -0.01531776   -0.00000634    0.02005811    0.03193576   -0.00070495   -0.00128163    0.00000000 
max(|Fsp_paral|) :   0.00000000    0.00058255    0.00266824    0.00195358    0.00237439    0.00039323    0.00218099    0.00402542    0.00288173    0.00000000 
max(|Fsp_perp|)  :   0.00000000    0.00000000    0.00000000    0.00000000    0.00000000    0.00000000    0.00000000    0.00000000    0.00000000    0.00000000 
max(|FNEB|)      :   0.00000000    0.01839425    0.02151759    0.00299204    0.00293701    0.00632172    0.00497096    0.02014546    0.01031248    0.00000000 
max(|Force|)     :   0.00146971    0.01821772    0.02123153    0.00851706    0.00293764    0.01127703    0.01804544    0.02010421    0.01023759    0.00148152 
ksp              :   0.01000000    0.03805738    0.08925258    0.10000000    0.10000000    0.08426135    0.01855824    0.01000000    0.01000000 
max(|step|)      :   0.00000000    0.02041237    0.02387839    0.00332031    0.00325925    0.00701531    0.00551635    0.02235572    0.01144391    0.00000000 
angle (deg.)     :    90.2621  57.2534  13.2306  35.8014  11.4978  68.3485  59.5940  122.4990 
>
iteration       : 106
climbing        : yes
zoom on         : no
nim             : 10
barrier         :   0.02699541 (image:  4) 
distance        :   0.00000000    5.07325867    6.44298908    7.07332484    7.61101793    8.19655049    8.89348693   11.85066775   15.79959637   20.91051173 
energy          : -1076.01159235  -1076.01643465  -1076.00327618  -1075.98788734  -1075.98459694  -1075.98941325  -1076.00903162  -1076.02393058  -1076.01313864  -1076.02943679 
max(|Fr_perp|)   :   0.00000000    0.01128690    0.01880172    0.00231427    0.00127703    0.00412769    0.00335466    0.01627436    0.00668623    0.00000000 
Fr_paral         :   0.00000000   -0.00100627   -0.02735107   -0.01555518    0.00008683    0.02033522    0.03213493   -0.00067949   -0.00214085    0.00000000 
max(|Fsp_paral|) :   0.00000000    0.00033647    0.00240894    0.00121019    0.00218456    0.00002773    0.00199144    0.00394518    0.00284521    0.00000000 
max(|Fsp_perp|)  :   0.00000000    0.00000000    0.00000000    0.00000000    0.00000000    0.00000000    0.00000000    0.00000000    0.00000000    0.00000000 
max(|FNEB|)      :   0.00000000    0.01134515    0.01893185    0.00226325    0.00128049    0.00414351    0.00329486    0.01626231    0.00748795    0.00000000 
max(|Force|)     :   0.00146971    0.01122729    0.01796197    0.00861602    0.00127356    0.01127294    0.01786300    0.01627380    0.00683581    0.00148152 
ksp              :   0.01000000    0.03772528    0.08903015    0.10000000    0.10000000    0.08394292    0.01853723    0.01000000    0.01000000 
max(|step|)      :   0.00000000    0.01172312    0.00720495    0.00219846    0.00195805    0.00279530    0.00349221    0.00639588    0.00668809    0.00000000 
angle (deg.)     :    90.2753  57.2258  13.1963  35.7528  11.1842  68.3177  59.7749  122.5251 
>
iteration       : 107
climbing        : yes
zoom on         : no
nim             : 10
barrier         :   0.02698255 (image:  4) 
distance        :   0.00000000    5.07476969    6.44560648    7.06819716    7.60987963    8.19579948    8.88851260   11.83241052   15.79713474   20.89720634 
energy          : -1076.01159235  -1076.01691925  -1076.00338601  -1075.98796112  -1075.98460980  -1075.98945888  -1076.00895898  -1076.02421252  -1076.01338797  -1076.02943679 
max(|Fr_perp|)   :   0.00000000    0.00476528    0.00699409    0.00133955    0.00069115    0.00170268    0.00134711    0.00683356    0.00465416    0.00000000 
Fr_paral         :   0.00000000   -0.00119187   -0.02848984   -0.01573861    0.00010988    0.02047493    0.03228460   -0.00053962   -0.00187056    0.00000000 
max(|Fsp_paral|) :   0.00000000    0.00016763    0.00219572    0.00058306    0.00201983    0.00028872    0.00149914    0.00405144    0.00280235    0.00000000 
max(|Fsp_perp|)  :   0.00000000    0.00000000    0.00000000    0.00000000    0.00000000    0.00000000    0.00000000    0.00000000    0.00000000    0.00000000 
max(|FNEB|)      :   0.00000000    0.00479711    0.00706424    0.00127675    0.00069120    0.00171837    0.00127071    0.00681239    0.00633351    0.00000000 
max(|Force|)     :   0.00146971    0.00469315    0.01466835    0.00873819    0.00069110    0.01122893    0.01784219    0.00683281    0.00478594    0.00148152 
ksp              :   0.01000000    0.03737216    0.08882171    0.10000000    0.10000000    0.08382594    0.01878359    0.01000000    0.01000000 
max(|step|)      :   0.00000000    0.01209644    0.00894517    0.00379253    0.00204910    0.00307077    0.00414100    0.01261238    0.01392923    0.00000000 
angle (deg.)     :    90.3362  56.9215  13.3681  35.6685  10.8075  68.1994  60.2615  122.5986 
>
iteration       : 108
climbing        : yes
zoom on         : no
nim             : 10
barrier         :   0.02698079 (image:  4) 
distance        :   0.00000000    5.07887762    6.45635048    7.06283618    7.61119114    8.19667837    8.88290188   11.79233932   15.79665069   20.86947306 
energy          : -1076.01159235  -1076.01693327  -1076.00315063  -1075.98807064  -1075.98461156  -1075.98944945  -1076.00874146  -1076.02431311  -1076.01360469  -1076.02943679 
max(|Fr_perp|)   :   0.00000000    0.00456755    0.00086189    0.00064935    0.00071179    0.00093874    0.00100521    0.00241699    0.00367990    0.00000000 
Fr_paral         :   0.00000000   -0.00128947   -0.02951790   -0.01601234    0.00010620    0.02050636    0.03242805   -0.00039433   -0.00139851    0.00000000 
max(|Fsp_paral|) :   0.00000000    0.00062139    0.00058318    0.00061121    0.00169310    0.00055008    0.00042635    0.00436769    0.00262905    0.00000000 
max(|Fsp_perp|)  :   0.00000000    0.00000000    0.00000000    0.00000000    0.00000000    0.00000000    0.00000000    0.00000000    0.00000000    0.00000000 
max(|FNEB|)      :   0.00000000    0.00437342    0.00095575    0.00062836    0.00071154    0.00094717    0.00093534    0.00488291    0.00366804    0.00000000 
max(|Force|)     :   0.00146971    0.00471018    0.01628530    0.00890944    0.00071204    0.01124698    0.01780981    0.00241484    0.00367917    0.00148152 
ksp              :   0.01000000    0.03815910    0.08846153    0.10000000    0.10000000    0.08386223    0.01950974    0.01000000    0.01000000 
max(|step|)      :   0.00000000    0.00698356    0.00802337    0.00348211    0.00279150    0.00276611    0.00376237    0.01871168    0.01675136    0.00000000 
angle (deg.)     :    90.5356  56.5720  13.6548  35.5770  10.5291  68.0276  61.0294  122.7390 
>
iteration       : 109
climbing        : yes
zoom on         : no
nim             : 10
barrier         :   0.02697868 (image:  4) 
distance        :   0.00000000    5.08796624    6.47291916    7.06503467    7.61930503    8.20312882    8.88435199   11.73737489   15.80398521   20.83490999 
energy          : -1076.01159235  -1076.01670971  -1076.00279375  -1075.98816965  -1075.98461367  -1075.98940453  -1076.00849920  -1076.02427464  -1076.01385487  -1076.02943679 
max(|Fr_perp|)   :   0.00000000    0.00733686    0.01191266    0.00074243    0.00114220    0.00196557    0.00218166    0.00736545    0.00568337    0.00000000 
Fr_paral         :   0.00000000   -0.00129779   -0.02983143   -0.01623735    0.00009233    0.02042866    0.03247416   -0.00025927   -0.00164842    0.00000000 
max(|Fsp_paral|) :   0.00000000    0.00130290    0.00123315    0.00167240    0.00134482    0.00063023    0.00039967    0.00457036    0.00233664    0.00000000 
max(|Fsp_perp|)  :   0.00000000    0.00000000    0.00000000    0.00000000    0.00000000    0.00000000    0.00000000    0.00000000    0.00000000    0.00000000 
max(|FNEB|)      :   0.00000000    0.00692306    0.01191538    0.00111417    0.00113875    0.00195494    0.00224217    0.00740582    0.00565420    0.00000000 
max(|Force|)     :   0.00146971    0.00748625    0.01772699    0.00900950    0.00114565    0.01123978    0.01780224    0.00736606    0.00568546    0.00148152 
ksp              :   0.01000000    0.03935186    0.08813739    0.10000000    0.10000000    0.08401785    0.02031868    0.01000000    0.01000000 
max(|step|)      :   0.00000000    0.01962829    0.01839210    0.00988289    0.01008195    0.01002537    0.01087408    0.07272264    0.06745585    0.00000000 
angle (deg.)     :    91.5041  55.8570  14.7821  35.3219  10.1705  67.4126  64.1207  123.4393 
>
iteration       : 110
climbing        : yes
zoom on         : no
nim             : 10
barrier         :   0.02696370 (image:  4) 
distance        :   0.00000000    5.12841508    6.53306424    7.09223364    7.66163876    8.23854920    8.90789506   11.54649956   15.85254391   20.73090386 
energy          : -1076.01159235  -1076.01551315  -1076.00195392  -1075.98842327  -1075.98462865  -1075.98921183  -1076.00773708  -1076.02372296  -1076.01460581  -1076.02943679 
max(|Fr_perp|)   :   0.00000000    0.01294183    0.01679737    0.00287206    0.00179603    0.00511133    0.00470186    0.01815780    0.00881961    0.00000000 
Fr_paral         :   0.00000000   -0.00086733   -0.03015758   -0.01674792    0.00004704    0.01996539    0.03239851    0.00012507   -0.00189764    0.00000000 
max(|Fsp_paral|) :   0.00000000    0.00318583    0.00546307    0.00419057    0.00033952    0.00054500    0.00199816    0.00474040    0.00126850    0.00000000 
max(|Fsp_perp|)  :   0.00000000    0.00000000    0.00000000    0.00000000    0.00000000    0.00000000    0.00000000    0.00000000    0.00000000    0.00000000 
max(|FNEB|)      :   0.00000000    0.01240373    0.01671132    0.00366195    0.00179430    0.00510421    0.00469560    0.01821840    0.00875802    0.00000000 
max(|Force|)     :   0.00146971    0.01300031    0.02071741    0.00927086    0.00179776    0.01127455    0.01785570    0.01815736    0.00883507    0.00148152 
ksp              :   0.01000000    0.04217135    0.08733426    0.10000000    0.10000000    0.08470218    0.02286822    0.01000000    0.01000000 
max(|step|)      :   0.00000000    0.02357849    0.01911707    0.01296704    0.01298969    0.01296351    0.01314680    0.10000000    0.08121968    0.00000000 
angle (deg.)     :    92.9675  56.1593  16.2430  35.0825  10.1887  66.5546  68.8271  124.7054 
>
iteration       : 111
climbing        : yes
zoom on         : no
nim             : 10
barrier         :   0.02692889 (image:  4) 
distance        :   0.00000000    5.18897980    6.60172464    7.15083355    7.72951684    8.29801390    8.95766354   11.31351243   15.94323453   20.62876160 
energy          : -1076.01159235  -1076.01484425  -1076.00078739  -1075.98862494  -1075.98466346  -1075.98906346  -1076.00701024  -1076.02319950  -1076.01589888  -1076.02943679 
max(|Fr_perp|)   :   0.00000000    0.01268410    0.04616713    0.00227045    0.00197524    0.00379833    0.00608006    0.01785321    0.00935062    0.00000000 
Fr_paral         :   0.00000000   -0.00048527   -0.02626497   -0.01708081    0.00000124    0.01953019    0.03231770    0.00070467   -0.00306980    0.00000000 
max(|Fsp_paral|) :   0.00000000    0.00583535    0.00918616    0.00527276    0.00045467    0.00031588    0.00187291    0.00387498    0.00010570    0.00000000 
max(|Fsp_perp|)  :   0.00000000    0.00000000    0.00000000    0.00000000    0.00000000    0.00000000    0.00000000    0.00000000    0.00000000    0.00000000 
max(|FNEB|)      :   0.00000000    0.01328348    0.04618961    0.00480703    0.00198534    0.00383578    0.00613643    0.01821760    0.00937606    0.00000000 
max(|Force|)     :   0.00146971    0.01274330    0.04582762    0.00970710    0.00198541    0.01113727    0.01809345    0.01815519    0.00944501    0.00148152 
ksp              :   0.01000000    0.04627232    0.08675592    0.10000000    0.10000000    0.08529753    0.02532691    0.01000000    0.01000000 
max(|step|)      :   0.00000000    0.01280298    0.04451882    0.00463314    0.00191352    0.00369704    0.00591446    0.01755863    0.00903690    0.00000000 
angle (deg.)     :    93.2194  56.7823  15.1884  35.1226  9.9998  66.5184  68.9086  124.7619 
>
iteration       : 112
climbing        : yes
zoom on         : no
nim             : 10
barrier         :   0.02690679 (image:  4) 
distance        :   0.00000000    5.19685294    6.58849556    7.16652396    7.73684820    8.30491563    8.96868499   11.31104382   15.94721949   20.62762577 
energy          : -1076.01159235  -1076.01625630  -1076.00242265  -1075.98852066  -1075.98468557  -1075.98913401  -1076.00730062  -1076.02388956  -1076.01626539  -1076.02943679 
max(|Fr_perp|)   :   0.00000000    0.00734502    0.02736117    0.00175789    0.00103490    0.00239212    0.00271618    0.01057822    0.00502144    0.00000000 
Fr_paral         :   0.00000000   -0.00098922   -0.02877456   -0.01681774    0.00001832    0.01961371    0.03273399    0.00095727   -0.00284211    0.00000000 
max(|Fsp_paral|) :   0.00000000    0.00173945    0.00326929    0.00343169    0.00010185    0.00016728    0.00030257    0.00308185    0.00008829    0.00000000 
max(|Fsp_perp|)  :   0.00000000    0.00000000    0.00000000    0.00000000    0.00000000    0.00000000    0.00000000    0.00000000    0.00000000    0.00000000 
max(|FNEB|)      :   0.00000000    0.00730338    0.02711328    0.00292706    0.00103422    0.00238472    0.00271318    0.01056467    0.00500346    0.00000000 
max(|Force|)     :   0.00146971    0.00735594    0.02623435    0.00926980    0.00103558    0.01110372    0.01822706    0.01057944    0.00505557    0.00148152 
ksp              :   0.01000000    0.04067158    0.08717206    0.10000000    0.10000000    0.08512049    0.02435535    0.01000000    0.01000000 
max(|step|)      :   0.00000000    0.00766453    0.01005109    0.00315392    0.00118195    0.00199699    0.00287206    0.00584468    0.00566428    0.00000000 
angle (deg.)     :    93.3764  57.1804  14.6284  35.1645  10.0442  66.4886  68.9822  124.8025 
>
iteration       : 113
climbing        : yes
zoom on         : no
nim             : 10
barrier         :   0.02689847 (image:  4) 
distance        :   0.00000000    5.20177187    6.58452934    7.17877975    7.74341645    8.31125679    8.97696929   11.30924727   15.95034450   20.62597229 
energy          : -1076.01159235  -1076.01682095  -1076.00319195  -1075.98844358  -1075.98469389  -1075.98916191  -1076.00742882  -1076.02418411  -1076.01643289  -1076.02943679 
max(|Fr_perp|)   :   0.00000000    0.00478457    0.01370125    0.00139027    0.00057998    0.00120837    0.00173085    0.00560274    0.00258995    0.00000000 
Fr_paral         :   0.00000000   -0.00106912   -0.02946123   -0.01663390    0.00002161    0.01962533    0.03298327    0.00113733   -0.00278035    0.00000000 
max(|Fsp_paral|) :   0.00000000    0.00023803    0.00038400    0.00231925    0.00014479    0.00009013    0.00044393    0.00270636    0.00007030    0.00000000 
max(|Fsp_perp|)  :   0.00000000    0.00000000    0.00000000    0.00000000    0.00000000    0.00000000    0.00000000    0.00000000    0.00000000    0.00000000 
max(|FNEB|)      :   0.00000000    0.00474605    0.01367746    0.00179247    0.00057999    0.00119896    0.00180801    0.00558562    0.00257378    0.00000000 
max(|Force|)     :   0.00146971    0.00484819    0.01869719    0.00918343    0.00057998    0.01100494    0.01842470    0.00560482    0.00258795    0.00148152 
ksp              :   0.01000000    0.03810705    0.08745383    0.10000000    0.10000000    0.08505039    0.02393083    0.01000000    0.01000000 
max(|step|)      :   0.00000000    0.01385162    0.01145751    0.00532328    0.00164869    0.00299244    0.00502877    0.01037149    0.00774711    0.00000000 
angle (deg.)     :    93.4633  57.7173  13.9148  35.2751  10.5032  66.3829  69.2179  124.8903 
>
iteration       : 114
climbing        : yes
zoom on         : no
nim             : 10
barrier         :   0.02689116 (image:  4) 
distance        :   0.00000000    5.20660982    6.58785973    7.19891659    7.75391810    8.32154631    8.98747861   11.29706630   15.94964409   20.61101938 
energy          : -1076.01159235  -1076.01714557  -1076.00363376  -1075.98830496  -1075.98470120  -1075.98918219  -1076.00746649  -1076.02435204  -1076.01664080  -1076.02943679 
max(|Fr_perp|)   :   0.00000000    0.00171895    0.00085097    0.00070965    0.00060274    0.00060885    0.00070323    0.00133224    0.00168645    0.00000000 
Fr_paral         :   0.00000000   -0.00116247   -0.02906566   -0.01632356    0.00001991    0.01957430    0.03336064    0.00136871   -0.00278353    0.00000000 
max(|Fsp_paral|) :   0.00000000    0.00049673    0.00168406    0.00090939    0.00057189    0.00008573    0.00088998    0.00244296    0.00001797    0.00000000 
max(|Fsp_perp|)  :   0.00000000    0.00000000    0.00000000    0.00000000    0.00000000    0.00000000    0.00000000    0.00000000    0.00000000    0.00000000 
max(|FNEB|)      :   0.00000000    0.00155837    0.00123586    0.00058443    0.00060275    0.00059778    0.00078452    0.00267295    0.00169100    0.00000000 
max(|Force|)     :   0.00146971    0.00159187    0.01602611    0.00907152    0.00060273    0.01075592    0.01881351    0.00143334    0.00193604    0.00148152 
ksp              :   0.01000000    0.03663601    0.08793883    0.10000000    0.10000000    0.08500291    0.02380854    0.01000000    0.01000000 
max(|step|)      :   0.00000000    0.00469258    0.00302259    0.00200444    0.00135194    0.00135264    0.00230598    0.00504639    0.00427768    0.00000000 
angle (deg.)     :    93.4393  57.8657  13.6485  35.3465  10.7384  66.2850  69.4385  124.9582 
>
iteration       : 115
climbing        : yes
zoom on         : no
nim             : 10
barrier         :   0.02688645 (image:  4) 
distance        :   0.00000000    5.20829961    6.59493515    7.20810886    7.75931770    8.32670999    8.99115727   11.28336840   15.94505483   20.59379325 
energy          : -1076.01159235  -1076.01714941  -1076.00359092  -1075.98825065  -1075.98470590  -1075.98918335  -1076.00740614  -1076.02433656  -1076.01677900  -1076.02943679 
max(|Fr_perp|)   :   0.00000000    0.00135747    0.00408323    0.00068623    0.00063526    0.00064030    0.00088019    0.00150353    0.00167213    0.00000000 
Fr_paral         :   0.00000000   -0.00125473   -0.02884300   -0.01620400    0.00002046    0.01953338    0.03346587    0.00146274   -0.00285140    0.00000000 
max(|Fsp_paral|) :   0.00000000    0.00036619    0.00163533    0.00055609    0.00073379    0.00013857    0.00079430    0.00244748    0.00002616    0.00000000 
max(|Fsp_perp|)  :   0.00000000    0.00000000    0.00000000    0.00000000    0.00000000    0.00000000    0.00000000    0.00000000    0.00000000    0.00000000 
max(|FNEB|)      :   0.00000000    0.00140953    0.00406768    0.00061649    0.00063527    0.00062918    0.00080019    0.00300828    0.00169372    0.00000000 
max(|Force|)     :   0.00146971    0.00141512    0.01544053    0.00903522    0.00063525    0.01068309    0.01880000    0.00157175    0.00192842    0.00148152 
ksp              :   0.01000000    0.03678407    0.08813426    0.10000000    0.10000000    0.08501214    0.02401298    0.01000000    0.01000000 
max(|step|)      :   0.00000000    0.01571785    0.01187112    0.00848275    0.00764823    0.00763772    0.00917888    0.03032182    0.02334756    0.00000000 
angle (deg.)     :    93.3692  58.4613  12.8291  35.7166  11.9646  65.7278  70.7292  125.3298 
>
iteration       : 116
climbing        : yes
zoom on         : no
nim             : 10
barrier         :   0.02686314 (image:  4) 
distance        :   0.00000000    5.21862470    6.63639227    7.25517283    7.79032631    8.35605061    9.01333528   11.21349036   15.92477967   20.50605957 
energy          : -1076.01159235  -1076.01690870  -1076.00322554  -1075.98801854  -1075.98472922  -1075.98916304  -1076.00704725  -1076.02406868  -1076.01745275  -1076.02943679 
max(|Fr_perp|)   :   0.00000000    0.00555358    0.00399303    0.00084491    0.00068944    0.00129415    0.00236933    0.00522764    0.00247280    0.00000000 
Fr_paral         :   0.00000000   -0.00139421   -0.02810936   -0.01565164    0.00001993    0.01928988    0.03371542    0.00182680   -0.00310195    0.00000000 
max(|Fsp_paral|) :   0.00000000    0.00060532    0.00061630    0.00079476    0.00139280    0.00033266    0.00025426    0.00252699    0.00024178    0.00000000 
max(|Fsp_perp|)  :   0.00000000    0.00000000    0.00000000    0.00000000    0.00000000    0.00000000    0.00000000    0.00000000    0.00000000    0.00000000 
max(|FNEB|)      :   0.00000000    0.00544249    0.00382806    0.00152487    0.00068945    0.00135662    0.00236107    0.00526058    0.00248916    0.00000000 
max(|Force|)     :   0.00146971    0.00564099    0.01397820    0.00884231    0.00068943    0.01116782    0.01899778    0.00522052    0.00247706    0.00148152 
ksp              :   0.01000000    0.03803146    0.08897972    0.10000000    0.10000000    0.08514531    0.02522752    0.01000000    0.01000000 
max(|step|)      :   0.00000000    0.01575081    0.01401824    0.01411764    0.01418443    0.01415957    0.01435214    0.05843299    0.04229043    0.00000000 
angle (deg.)     :    93.5549  59.0650  12.5944  36.2611  13.2602  64.5966  73.4413  126.0150 
>
iteration       : 117
climbing        : yes
zoom on         : no
nim             : 10
barrier         :   0.02682107 (image:  4) 
distance        :   0.00000000    5.24503245    6.71302444    7.33712952    7.85357575    8.41520782    9.06350073   11.10268183   15.90393094   20.36700524 
energy          : -1076.01159235  -1076.01653110  -1076.00239854  -1075.98775566  -1075.98477128  -1075.98908840  -1076.00649669  -1076.02360992  -1076.01857399  -1076.02943679 
max(|Fr_perp|)   :   0.00000000    0.01594069    0.02031576    0.00186264    0.00066567    0.00360993    0.00530492    0.00812228    0.00344892    0.00000000 
Fr_paral         :   0.00000000   -0.00113843   -0.02642783   -0.01490375    0.00000947    0.01884515    0.03367376    0.00223068   -0.00343574    0.00000000 
max(|Fsp_paral|) :   0.00000000    0.00276265    0.00207196    0.00232520    0.00207282    0.00039591    0.00009926    0.00233672    0.00062704    0.00000000 
max(|Fsp_perp|)  :   0.00000000    0.00000000    0.00000000    0.00000000    0.00000000    0.00000000    0.00000000    0.00000000    0.00000000    0.00000000 
max(|FNEB|)      :   0.00000000    0.01648565    0.02029013    0.00311168    0.00066567    0.00362325    0.00522957    0.00810363    0.00349852    0.00000000 
max(|Force|)     :   0.00146971    0.01585846    0.02010951    0.00850298    0.00066567    0.01146155    0.01969310    0.00812788    0.00349787    0.00148152 
ksp              :   0.01000000    0.04085051    0.08998570    0.10000000    0.10000000    0.08551361    0.02709885    0.01000000    0.01000000 
max(|step|)      :   0.00000000    0.01902014    0.01580215    0.01598943    0.01606996    0.01603841    0.01628992    0.06705791    0.04750756    0.00000000 
angle (deg.)     :    93.9862  59.4599  12.6446  36.7571  13.8041  63.1371  77.1034  126.7731 
>
iteration       : 118
climbing        : yes
zoom on         : no
nim             : 10
barrier         :   0.02677253 (image:  4) 
distance        :   0.00000000    5.28121274    6.79511596    7.42474497    7.92748121    8.48421496    9.12297169   10.99372173   15.89531572   20.23133689 
energy          : -1076.01159235  -1076.01663137  -1076.00203752  -1075.98758273  -1075.98481982  -1075.98903450  -1076.00599350  -1076.02327881  -1076.01975109  -1076.02943679 
max(|Fr_perp|)   :   0.00000000    0.01333514    0.01589419    0.00230689    0.00061292    0.00382575    0.00489590    0.00631256    0.00296289    0.00000000 
Fr_paral         :   0.00000000   -0.00116852   -0.02587898   -0.01431413   -0.00000422    0.01851475    0.03380109    0.00265913   -0.00359915    0.00000000 
max(|Fsp_paral|) :   0.00000000    0.00405513    0.00367867    0.00352522    0.00249384    0.00046099    0.00050907    0.00170815    0.00116065    0.00000000 
max(|Fsp_perp|)  :   0.00000000    0.00000000    0.00000000    0.00000000    0.00000000    0.00000000    0.00000000    0.00000000    0.00000000    0.00000000 
max(|FNEB|)      :   0.00000000    0.01411444    0.01588163    0.00429397    0.00061240    0.00384661    0.00485828    0.00629660    0.00306823    0.00000000 
max(|Force|)     :   0.00146971    0.01325219    0.01583279    0.00817821    0.00061343    0.01134689    0.01994796    0.00632091    0.00302370    0.00148152 
ksp              :   0.01000000    0.04212006    0.09071206    0.10000000    0.10000000    0.08583170    0.02882141    0.01000000    0.01000000 
max(|step|)      :   0.00000000    0.03215586    0.02460267    0.02475116    0.02480213    0.02476680    0.02492826    0.10000000    0.07419727    0.00000000 
angle (deg.)     :    95.0569  59.9155  12.8809  37.1511  13.7740  60.4397  84.1049  127.8123 
>
iteration       : 119
climbing        : yes
zoom on         : no
nim             : 10
barrier         :   0.02669762 (image:  4) 
distance        :   0.00000000    5.35093977    6.91471181    7.55098157    8.04746235    8.59606797    9.21516554   10.86449790   15.90678217   20.05418180 
energy          : -1076.01159235  -1076.01674107  -1076.00198192  -1075.98755821  -1075.98489473  -1075.98898440  -1076.00507221  -1076.02268225  -1076.02134757  -1076.02943679 
max(|Fr_perp|)   :   0.00000000    0.01736010    0.01802697    0.00260399    0.00063592    0.00271123    0.00504509    0.01254205    0.00513245    0.00000000 
Fr_paral         :   0.00000000   -0.00074931   -0.02541111   -0.01403660   -0.00003053    0.01818528    0.03413552    0.00274530   -0.00351407    0.00000000 
max(|Fsp_paral|) :   0.00000000    0.00475700    0.00471846    0.00426350    0.00241162    0.00080203    0.00034635    0.00089767    0.00203067    0.00000000 
max(|Fsp_perp|)  :   0.00000000    0.00000000    0.00000000    0.00000000    0.00000000    0.00000000    0.00000000    0.00000000    0.00000000    0.00000000 
max(|FNEB|)      :   0.00000000    0.01876261    0.01845347    0.00499321    0.00063990    0.00285185    0.00510183    0.01287576    0.00537273    0.00000000 
max(|Force|)     :   0.00146971    0.01776425    0.01835371    0.00799418    0.00064049    0.01087129    0.02014468    0.01287887    0.00527691    0.00148152 
ksp              :   0.01000000    0.04246200    0.09102959    0.10000000    0.10000000    0.08621471    0.03199134    0.01000000    0.01000000 
max(|step|)      :   0.00000000    0.01813328    0.01783451    0.00482572    0.00061843    0.00275619    0.00493071    0.01244388    0.00519252    0.00000000 
angle (deg.)     :    95.3709  59.5940  12.3778  36.8649  12.8814  60.2455  84.0423  127.7663 
>
iteration       : 120
climbing        : yes
zoom on         : no
nim             : 10
barrier         :   0.02669352 (image:  4) 
distance        :   0.00000000    5.36077731    6.90993797    7.54693840    8.05203938    8.59925889    9.21919804   10.86672555   15.89889215   20.04016702 
energy          : -1076.01159235  -1076.01731020  -1076.00265058  -1075.98770714  -1075.98489884  -1075.98899034  -1076.00516450  -1076.02294009  -1076.02149332  -1076.02943679 
max(|Fr_perp|)   :   0.00000000    0.01071782    0.01091185    0.00225786    0.00050637    0.00156655    0.00325276    0.00798496    0.00315728    0.00000000 
Fr_paral         :   0.00000000   -0.00120103   -0.02624510   -0.01444267   -0.00003314    0.01826910    0.03436799    0.00292191   -0.00348765    0.00000000 
max(|Fsp_paral|) :   0.00000000    0.00301202    0.00249245    0.00369996    0.00195064    0.00069227    0.00071208    0.00071462    0.00201307    0.00000000 
max(|Fsp_perp|)  :   0.00000000    0.00000000    0.00000000    0.00000000    0.00000000    0.00000000    0.00000000    0.00000000    0.00000000    0.00000000 
max(|FNEB|)      :   0.00000000    0.01020368    0.01079391    0.00431483    0.00050636    0.00185701    0.00318494    0.00799880    0.00311135    0.00000000 
max(|Force|)     :   0.00146971    0.01078945    0.01201794    0.00811267    0.00050637    0.01055669    0.01975732    0.00796423    0.00313959    0.00148152 
ksp              :   0.01000000    0.04014814    0.09053149    0.10000000    0.10000000    0.08620507    0.03167217    0.01000000    0.01000000 
max(|step|)      :   0.00000000    0.00488870    0.00500790    0.00413536    0.00046568    0.00185767    0.00324520    0.00360594    0.00220899    0.00000000 
angle (deg.)     :    95.6162  59.3605  12.1724  36.6377  12.2933  60.0770  83.9885  127.7217 
>
iteration       : 121
climbing        : yes
zoom on         : no
nim             : 10
barrier         :   0.02669106 (image:  4) 
distance        :   0.00000000    5.36844651    6.90814863    7.54375378    8.05637731    8.60241003    9.22274279   10.86919267   15.89184112   20.02748656 
energy          : -1076.01159235  -1076.01748301  -1076.00304201  -1075.98783463  -1075.98490130  -1075.98898330  -1076.00519243  -1076.02307220  -1076.02157959  -1076.02943679 
max(|Fr_perp|)   :   0.00000000    0.00626388    0.00646044    0.00192639    0.00050746    0.00115937    0.00230550    0.00482219    0.00193490    0.00000000 
Fr_paral         :   0.00000000   -0.00121736   -0.02686999   -0.01477807   -0.00003573    0.01829532    0.03445533    0.00283612   -0.00342416    0.00000000 
max(|Fsp_paral|) :   0.00000000    0.00209299    0.00136967    0.00310923    0.00154302    0.00059930    0.00084610    0.00068119    0.00200049    0.00000000 
max(|Fsp_perp|)  :   0.00000000    0.00000000    0.00000000    0.00000000    0.00000000    0.00000000    0.00000000    0.00000000    0.00000000    0.00000000 
max(|FNEB|)      :   0.00000000    0.00588974    0.00640507    0.00366137    0.00050745    0.00140851    0.00218420    0.00483327    0.00223447    0.00000000 
max(|Force|)     :   0.00146971    0.00633808    0.01274171    0.00823334    0.00050747    0.01026885    0.01943860    0.00480541    0.00191788    0.00148152 
ksp              :   0.01000000    0.03883104    0.09010903    0.10000000    0.10000000    0.08623582    0.03158001    0.01000000    0.01000000 
max(|step|)      :   0.00000000    0.01769824    0.02094734    0.01878836    0.00261051    0.00734202    0.01145767    0.01297600    0.01149696    0.00000000 
angle (deg.)     :    96.5893  58.8347  13.0418  35.7188  10.8205  59.3696  83.6733  127.4615 
>
iteration       : 122
climbing        : yes
zoom on         : no
nim             : 10
barrier         :   0.02668308 (image:  4) 
distance        :   0.00000000    5.39939239    6.91156713    7.53308480    8.08097542    8.62155450    9.24229286   10.88484694   15.85462490   19.95941421 
energy          : -1076.01159235  -1076.01749880  -1076.00393820  -1075.98840470  -1075.98490928  -1075.98890667  -1076.00508431  -1076.02323582  -1076.02183739  -1076.02943679 
max(|Fr_perp|)   :   0.00000000    0.00863261    0.00519637    0.00065300    0.00051044    0.00115434    0.00107813    0.00182239    0.00187519    0.00000000 
Fr_paral         :   0.00000000   -0.00074385   -0.02861192   -0.01612778   -0.00004270    0.01822033    0.03437310    0.00216774   -0.00327219    0.00000000 
max(|Fsp_paral|) :   0.00000000    0.00005545    0.00035205    0.00001820    0.00033309    0.00019102    0.00068563    0.00108199    0.00195740    0.00000000 
max(|Fsp_perp|)  :   0.00000000    0.00000000    0.00000000    0.00000000    0.00000000    0.00000000    0.00000000    0.00000000    0.00000000    0.00000000 
max(|FNEB|)      :   0.00000000    0.00862850    0.00513183    0.00062305    0.00051043    0.00115750    0.00120558    0.00183470    0.00226920    0.00000000 
max(|Force|)     :   0.00146971    0.00866243    0.01570507    0.00885516    0.00051046    0.01002530    0.01979321    0.00184788    0.00185433    0.00148152 
ksp              :   0.01000000    0.03581688    0.08821021    0.10000000    0.10000000    0.08651709    0.03195114    0.01000000    0.01000000 
max(|step|)      :   0.00000000    0.01173961    0.00806820    0.00668435    0.00185612    0.00185258    0.00205780    0.00578426    0.00822174    0.00000000 
angle (deg.)     :    96.8743  59.0888  13.9151  35.3889  10.6743  59.0844  83.4065  127.2829 
>
iteration       : 123
climbing        : yes
zoom on         : no
nim             : 10
barrier         :   0.02667711 (image:  4) 
distance        :   0.00000000    5.41034629    6.91844579    7.53320570    8.09450909    8.63274812    9.25276030   10.89029432   15.82312659   19.90623507 
energy          : -1076.01159235  -1076.01748307  -1076.00403656  -1075.98861667  -1075.98491524  -1075.98887439  -1076.00498207  -1076.02326680  -1076.02198758  -1076.02943679 
max(|Fr_perp|)   :   0.00000000    0.00847188    0.01024922    0.00111446    0.00050740    0.00126892    0.00245322    0.00455782    0.00179665    0.00000000 
Fr_paral         :   0.00000000   -0.00090571   -0.02843879   -0.01659036   -0.00003776    0.01813779    0.03435370    0.00201981   -0.00323276    0.00000000 
max(|Fsp_paral|) :   0.00000000    0.00019136    0.00014632    0.00120601    0.00104570    0.00005631    0.00046228    0.00139169    0.00193107    0.00000000 
max(|Fsp_perp|)  :   0.00000000    0.00000000    0.00000000    0.00000000    0.00000000    0.00000000    0.00000000    0.00000000    0.00000000    0.00000000 
max(|FNEB|)      :   0.00000000    0.00844555    0.01025456    0.00105533    0.00050739    0.00127154    0.00237512    0.00455051    0.00224961    0.00000000 
max(|Force|)     :   0.00146971    0.00843486    0.01710387    0.00918046    0.00050741    0.01000852    0.01990110    0.00456156    0.00181331    0.00148152 
ksp              :   0.01000000    0.03549083    0.08751257    0.10000000    0.10000000    0.08664309    0.03230098    0.01000000    0.01000000 
max(|step|)      :   0.00000000    0.00359875    0.00358745    0.00048146    0.00032534    0.00069219    0.00115185    0.00128803    0.00144467    0.00000000 
angle (deg.)     :    96.8479  59.1631  13.8369  35.3960  10.7282  59.0679  83.3458  127.2565 
>
iteration       : 124
climbing        : yes
zoom on         : no
nim             : 10
barrier         :   0.02667593 (image:  4) 
distance        :   0.00000000    5.41024207    6.91958050    7.53479598    8.09536840    8.63355552    9.25333100   10.88900615   15.81555258   19.89493120 
energy          : -1076.01159235  -1076.01759980  -1076.00411583  -1075.98860674  -1075.98491643  -1075.98887838  -1076.00498377  -1076.02329813  -1076.02202312  -1076.02943679 
max(|Fr_perp|)   :   0.00000000    0.00356750    0.00411709    0.00100678    0.00050704    0.00064115    0.00124405    0.00228497    0.00120111    0.00000000 
Fr_paral         :   0.00000000   -0.00093973   -0.02868100   -0.01657492   -0.00003647    0.01813572    0.03440465    0.00214894   -0.00322512    0.00000000 
max(|Fsp_paral|) :   0.00000000    0.00030624    0.00037040    0.00113547    0.00101470    0.00006798    0.00048555    0.00139072    0.00192531    0.00000000 
max(|Fsp_perp|)  :   0.00000000    0.00000000    0.00000000    0.00000000    0.00000000    0.00000000    0.00000000    0.00000000    0.00000000    0.00000000 
max(|FNEB|)      :   0.00000000    0.00355137    0.00411778    0.00057753    0.00050703    0.00064224    0.00119278    0.00227528    0.00223941    0.00000000 
max(|Force|)     :   0.00146971    0.00354889    0.01666726    0.00919732    0.00050705    0.00993855    0.01982486    0.00229039    0.00121683    0.00148152 
ksp              :   0.01000000    0.03522449    0.08754952    0.10000000    0.10000000    0.08663305    0.03229622    0.01000000    0.01000000 
max(|step|)      :   0.00000000    0.00588267    0.00489973    0.00304131    0.00264815    0.00264225    0.00311941    0.00868228    0.01172309    0.00000000 
angle (deg.)     :    96.9549  59.6140  14.3876  35.2070  10.8758  58.7815  82.9150  127.0242 
>
iteration       : 125
climbing        : yes
zoom on         : no
nim             : 10
barrier         :   0.02666766 (image:  4) 
distance        :   0.00000000    5.41788919    6.92994962    7.54225505    8.10969898    8.64596599    9.26444039   10.88911733   15.76405366   19.81308108 
energy          : -1076.01159235  -1076.01765125  -1076.00422432  -1075.98871911  -1075.98492470  -1075.98886091  -1076.00488943  -1076.02337644  -1076.02224218  -1076.02943679 
max(|Fr_perp|)   :   0.00000000    0.00342068    0.00450314    0.00105687    0.00050366    0.00051808    0.00093760    0.00137370    0.00073306    0.00000000 
Fr_paral         :   0.00000000   -0.00099914   -0.02866209   -0.01682510   -0.00003023    0.01804412    0.03451085    0.00239689   -0.00317820    0.00000000 
max(|Fsp_paral|) :   0.00000000    0.00047310    0.00035833    0.00173232    0.00140745    0.00000259    0.00035420    0.00166902    0.00188594    0.00000000 
max(|Fsp_perp|)  :   0.00000000    0.00000000    0.00000000    0.00000000    0.00000000    0.00000000    0.00000000    0.00000000    0.00000000    0.00000000 
max(|FNEB|)      :   0.00000000    0.00345890    0.00450823    0.00106551    0.00050365    0.00052313    0.00101894    0.00186590    0.00218857    0.00000000 
max(|Force|)     :   0.00146971    0.00343773    0.01608574    0.00946563    0.00050367    0.00971698    0.01969803    0.00208362    0.00103484    0.00148152 
ksp              :   0.01000000    0.03486620    0.08719434    0.10000000    0.10000000    0.08671577    0.03262154    0.01000000    0.01000000 
max(|step|)      :   0.00000000    0.00909064    0.00884978    0.00939662    0.00674001    0.00672909    0.00680613    0.02206125    0.02977368    0.00000000 
angle (deg.)     :    97.3716  60.7002  16.1889  34.7345  11.1482  57.9974  81.8349  126.4370 
>
iteration       : 126
climbing        : yes
zoom on         : no
nim             : 10
barrier         :   0.02664785 (image:  4) 
distance        :   0.00000000    5.44098976    6.95629134    7.56361677    8.15124802    8.68236664    9.29824054   10.89589921   15.64066080   19.61405851 
energy          : -1076.01159235  -1076.01750764  -1076.00445784  -1075.98904581  -1075.98494450  -1075.98880183  -1076.00463273  -1076.02347476  -1076.02274348  -1076.02943679 
max(|Fr_perp|)   :   0.00000000    0.00941605    0.01179724    0.00150797    0.00049469    0.00134517    0.00262791    0.00465186    0.00164874    0.00000000 
Fr_paral         :   0.00000000   -0.00104061   -0.02795566   -0.01750156   -0.00001883    0.01780067    0.03461157    0.00264852   -0.00306979    0.00000000 
max(|Fsp_paral|) :   0.00000000    0.00088516    0.00035279    0.00331611    0.00252640    0.00024537    0.00001902    0.00241910    0.00178535    0.00000000 
max(|Fsp_perp|)  :   0.00000000    0.00000000    0.00000000    0.00000000    0.00000000    0.00000000    0.00000000    0.00000000    0.00000000    0.00000000 
max(|FNEB|)      :   0.00000000    0.00924621    0.01180702    0.00255576    0.00049468    0.00130617    0.00270964    0.00467255    0.00207929    0.00000000 
max(|Force|)     :   0.00146971    0.00935271    0.01703133    0.01009845    0.00049469    0.00978958    0.01958989    0.00464336    0.00173233    0.00148152 
ksp              :   0.01000000    0.03409600    0.08614830    0.10000000    0.10000000    0.08697233    0.03350532    0.01000000    0.01000000 
max(|step|)      :   0.00000000    0.02001760    0.01797668    0.01752750    0.01531942    0.01530148    0.01527186    0.05081583    0.06747184    0.00000000 
angle (deg.)     :    98.2676  63.0479  19.6956  34.0450  11.7852  56.2236  79.3243  125.1543 
>
iteration       : 127
climbing        : yes
zoom on         : no
nim             : 10
barrier         :   0.02660304 (image:  4) 
distance        :   0.00000000    5.49169381    7.01610479    7.62552683    8.25051554    8.77139390    9.38231812   10.91773551   15.37339694   19.18437606 
energy          : -1076.01159235  -1076.01713536  -1076.00507997  -1075.98966035  -1075.98498932  -1075.98868752  -1076.00411403  -1076.02357654  -1076.02373783  -1076.02943679 
max(|Fr_perp|)   :   0.00000000    0.01415044    0.01738814    0.00231708    0.00061551    0.00233583    0.00397136    0.00759810    0.00277916    0.00000000 
Fr_paral         :   0.00000000   -0.00097810   -0.02561176   -0.01866336    0.00000234    0.01731570    0.03456228    0.00302568   -0.00281306    0.00000000 
max(|Fsp_paral|) :   0.00000000    0.00193539    0.00134694    0.00572762    0.00466677    0.00074076    0.00042120    0.00394945    0.00152299    0.00000000 
max(|Fsp_perp|)  :   0.00000000    0.00000000    0.00000000    0.00000000    0.00000000    0.00000000    0.00000000    0.00000000    0.00000000    0.00000000 
max(|FNEB|)      :   0.00000000    0.01397058    0.01745400    0.00506114    0.00061550    0.00223123    0.00404948    0.00761322    0.00275675    0.00000000 
max(|Force|)     :   0.00146971    0.01409250    0.01796160    0.01118832    0.00061552    0.01001367    0.01962477    0.00759390    0.00276688    0.00148152 
ksp              :   0.01000000    0.03203188    0.08419756    0.10000000    0.10000000    0.08748869    0.03529969    0.01000000    0.01000000 
max(|step|)      :   0.00000000    0.02693465    0.02292021    0.02281477    0.02280599    0.02278504    0.02260236    0.07720278    0.10000000    0.00000000 
angle (deg.)     :    99.1262  65.6122  22.1643  33.7360  12.6461  53.6380  75.4102  123.4593 
>
iteration       : 128
climbing        : yes
zoom on         : no
nim             : 10
barrier         :   0.02653594 (image:  4) 
distance        :   0.00000000    5.55404746    7.10352537    7.73035370    8.39004447    8.89985308    9.50318303   10.94471952   14.98907272   18.58554321 
energy          : -1076.01159235  -1076.01680655  -1076.00600636  -1075.99026746  -1075.98505642  -1075.98858917  -1076.00349649  -1076.02368109  -1076.02491520  -1076.02943679 
max(|Fr_perp|)   :   0.00000000    0.01739812    0.02217354    0.00286402    0.00065440    0.00291163    0.00521716    0.00914160    0.00394037    0.00000000 
Fr_paral         :   0.00000000   -0.00074913   -0.02178111   -0.01979954    0.00003357    0.01680050    0.03441904    0.00400227   -0.00231301    0.00000000 
max(|Fsp_paral|) :   0.00000000    0.00324063    0.00359116    0.00732440    0.00676251    0.00115570    0.00050701    0.00592758    0.00105699    0.00000000 
max(|Fsp_perp|)  :   0.00000000    0.00000000    0.00000000    0.00000000    0.00000000    0.00000000    0.00000000    0.00000000    0.00000000    0.00000000 
max(|FNEB|)      :   0.00000000    0.01797935    0.02295982    0.00657717    0.00065896    0.00278980    0.00542932    0.00933345    0.00399018    0.00000000 
max(|Force|)     :   0.00146971    0.01768356    0.02201200    0.01214671    0.00065799    0.01006284    0.01992416    0.00937677    0.00399115    0.00148152 
ksp              :   0.01000000    0.02901325    0.08231676    0.10000000    0.10000000    0.08802151    0.03746938    0.01000000    0.01000000 
max(|step|)      :   0.00000000    0.01683849    0.02150294    0.00615982    0.00061715    0.00261278    0.00508481    0.00874121    0.00373698    0.00000000 
angle (deg.)     :    98.8441  64.7740  20.4076  34.0511  12.1185  53.4485  75.1864  123.5353 
>
iteration       : 129
climbing        : yes
zoom on         : no
nim             : 10
barrier         :   0.02653204 (image:  4) 
distance        :   0.00000000    5.54626271    7.10036116    7.73249720    8.38031338    8.89219769    9.49467213   10.92333024   14.96511957   18.55838245 
energy          : -1076.01159235  -1076.01754096  -1076.00635266  -1075.99008956  -1075.98506031  -1075.98864087  -1076.00362336  -1076.02387485  -1076.02500008  -1076.02943679 
max(|Fr_perp|)   :   0.00000000    0.00764471    0.01386827    0.00236389    0.00045154    0.00125035    0.00322705    0.00505573    0.00209072    0.00000000 
Fr_paral         :   0.00000000   -0.00097471   -0.02297077   -0.01955745    0.00003269    0.01697819    0.03460170    0.00406057   -0.00221183    0.00000000 
max(|Fsp_paral|) :   0.00000000    0.00355775    0.00496678    0.00632364    0.00613619    0.00094707    0.00001362    0.00546638    0.00105768    0.00000000 
max(|Fsp_perp|)  :   0.00000000    0.00000000    0.00000000    0.00000000    0.00000000    0.00000000    0.00000000    0.00000000    0.00000000    0.00000000 
max(|FNEB|)      :   0.00000000    0.00685984    0.01390673    0.00542085    0.00045155    0.00185511    0.00314381    0.00515564    0.00215578    0.00000000 
max(|Force|)     :   0.00146971    0.00758225    0.01552206    0.01174816    0.00045152    0.00985836    0.01965576    0.00552990    0.00212054    0.00148152 
ksp              :   0.01000000    0.02777371    0.08294017    0.10000000    0.10000000    0.08785430    0.03703181    0.01000000    0.01000000 
max(|step|)      :   0.00000000    0.00520754    0.00503269    0.00524393    0.00042933    0.00182685    0.00267551    0.00358503    0.00154145    0.00000000 
angle (deg.)     :    98.5225  64.0255  19.0581  34.3395  11.7974  53.2864  74.9726  123.6042 
>
iteration       : 130
climbing        : yes
zoom on         : no
nim             : 10
barrier         :   0.02652973 (image:  4) 
distance        :   0.00000000    5.53765097    7.09801200    7.73236055    8.36990700    8.88355970    9.48493714   10.90226181   14.94145649   18.53167667 
energy          : -1076.01159235  -1076.01772539  -1076.00637859  -1075.98992824  -1075.98506262  -1075.98867622  -1076.00368707  -1076.02396579  -1076.02504692  -1076.02943679 
max(|Fr_perp|)   :   0.00000000    0.00637386    0.00806837    0.00193986    0.00045719    0.00112843    0.00200473    0.00397161    0.00140763    0.00000000 
Fr_paral         :   0.00000000   -0.00091244   -0.02372744   -0.01930925    0.00003106    0.01709400    0.03468446    0.00419249   -0.00217659    0.00000000 
max(|Fsp_paral|) :   0.00000000    0.00348913    0.00520030    0.00553679    0.00558745    0.00076034    0.00032851    0.00517180    0.00105798    0.00000000 
max(|Fsp_perp|)  :   0.00000000    0.00000000    0.00000000    0.00000000    0.00000000    0.00000000    0.00000000    0.00000000    0.00000000    0.00000000 
max(|FNEB|)      :   0.00000000    0.00639299    0.00804682    0.00449293    0.00045720    0.00136127    0.00192252    0.00379634    0.00147216    0.00000000 
max(|Force|)     :   0.00146971    0.00633929    0.01497898    0.01141490    0.00045717    0.00962521    0.01964156    0.00457637    0.00143674    0.00148152 
ksp              :   0.01000000    0.02768727    0.08349378    0.10000000    0.10000000    0.08774117    0.03681804    0.01000000    0.01000000 
max(|step|)      :   0.00000000    0.02980721    0.03935545    0.03541919    0.00347105    0.01084714    0.01508105    0.02938440    0.01117636    0.00000000 
angle (deg.)     :    95.9247  59.5779  12.4416  36.6599  11.4333  52.1925  73.3365  124.1318 
>
iteration       : 131
climbing        : yes
zoom on         : no
nim             : 10
barrier         :   0.02652208 (image:  4) 
distance        :   0.00000000    5.46654576    7.09229196    7.73426508    8.30079788    8.82632290    9.41810438   10.75242924   14.77089533   18.33595662 
energy          : -1076.01159235  -1076.01744749  -1076.00498045  -1075.98874948  -1075.98507027  -1075.98885487  -1076.00373746  -1076.02377693  -1076.02515081  -1076.02943679 
max(|Fr_perp|)   :   0.00000000    0.01353974    0.01214965    0.00126813    0.00052880    0.00188080    0.00240573    0.00361889    0.00205528    0.00000000 
Fr_paral         :   0.00000000    0.00003277   -0.02660068   -0.01694465    0.00001235    0.01764699    0.03438252    0.00410511   -0.00205535    0.00000000 
max(|Fsp_paral|) :   0.00000000    0.00060540    0.00176245    0.00024499    0.00187078    0.00052417    0.00151012    0.00387739    0.00106218    0.00000000 
max(|Fsp_perp|)  :   0.00000000    0.00000000    0.00000000    0.00000000    0.00000000    0.00000000    0.00000000    0.00000000    0.00000000    0.00000000 
max(|FNEB|)      :   0.00000000    0.01361635    0.01215387    0.00122285    0.00052867    0.00187094    0.00260822    0.00375683    0.00198672    0.00000000 
max(|Force|)     :   0.00146971    0.01353849    0.01537962    0.00912754    0.00052894    0.00995200    0.02035706    0.00410819    0.00200411    0.00148152 
ksp              :   0.01000000    0.03243681    0.08751497    0.10000000    0.10000000    0.08715733    0.03665480    0.01000000    0.01000000 
max(|step|)      :   0.00000000    0.02247880    0.02183999    0.00613036    0.00167200    0.00271054    0.00430612    0.01278289    0.00465118    0.00000000 
angle (deg.)     :    95.2504  59.3305  12.1205  36.9408  11.4812  51.5949  72.6274  124.3206 
>
iteration       : 132
climbing        : yes
zoom on         : no
nim             : 10
barrier         :   0.02651442 (image:  4) 
distance        :   0.00000000    5.44908183    7.09495614    7.73146401    8.28640214    8.81231193    9.39970754   10.70388763   14.71123774   18.26422688 
energy          : -1076.01159235  -1076.01767627  -1076.00428088  -1075.98857143  -1075.98507793  -1075.98887522  -1076.00362234  -1076.02378786  -1076.02523684  -1076.02943679 
max(|Fr_perp|)   :   0.00000000    0.01610125    0.02412820    0.00211540    0.00046834    0.00207190    0.00484517    0.00432945    0.00157410    0.00000000 
Fr_paral         :   0.00000000   -0.00053071   -0.02626687   -0.01645639    0.00001821    0.01766004    0.03452629    0.00497735   -0.00203838    0.00000000 
max(|Fsp_paral|) :   0.00000000    0.00090020    0.00061651    0.00031670    0.00133184    0.00076566    0.00161157    0.00367953    0.00106266    0.00000000 
max(|Fsp_perp|)  :   0.00000000    0.00000000    0.00000000    0.00000000    0.00000000    0.00000000    0.00000000    0.00000000    0.00000000    0.00000000 
max(|FNEB|)      :   0.00000000    0.01621247    0.02407809    0.00211442    0.00046835    0.00199041    0.00494297    0.00429112    0.00150777    0.00000000 
max(|Force|)     :   0.00146971    0.01607983    0.02312782    0.00893282    0.00046833    0.00990041    0.02020844    0.00435388    0.00154598    0.00148152 
ksp              :   0.01000000    0.03481793    0.08814173    0.10000000    0.10000000    0.08711058    0.03705324    0.01000000    0.01000000 
max(|step|)      :   0.00000000    0.00897851    0.01002649    0.00574089    0.00035883    0.00187516    0.00265907    0.00329684    0.00151452    0.00000000 
angle (deg.)     :    95.6409  59.8792  12.5300  36.4981  11.4460  51.6662  72.8128  124.2591 
>
iteration       : 133
climbing        : yes
zoom on         : no
nim             : 10
barrier         :   0.02651499 (image:  4) 
distance        :   0.00000000    5.46083602    7.09472637    7.72988093    8.29557879    8.81927866    9.40777358   10.72166653   14.73067906   18.28624289 
energy          : -1076.01159235  -1076.01800648  -1076.00491280  -1075.98875743  -1075.98507736  -1075.98884778  -1076.00361525  -1076.02387267  -1076.02524327  -1076.02943679 
max(|Fr_perp|)   :   0.00000000    0.00415420    0.00743874    0.00108581    0.00046277    0.00072475    0.00140019    0.00225130    0.00088495    0.00000000 
Fr_paral         :   0.00000000   -0.00058571   -0.02726190   -0.01689179    0.00002059    0.01757607    0.03466105    0.00505037   -0.00204754    0.00000000 
max(|Fsp_paral|) :   0.00000000    0.00037481    0.00113120    0.00051275    0.00191321    0.00056716    0.00147426    0.00383972    0.00106146    0.00000000 
max(|Fsp_perp|)  :   0.00000000    0.00000000    0.00000000    0.00000000    0.00000000    0.00000000    0.00000000    0.00000000    0.00000000    0.00000000 
max(|FNEB|)      :   0.00000000    0.00410388    0.00747878    0.00091891    0.00046278    0.00086931    0.00148799    0.00327346    0.00122503    0.00000000 
max(|Force|)     :   0.00146971    0.00413145    0.01543818    0.00931136    0.00046277    0.00965847    0.02007988    0.00362352    0.00085610    0.00148152 
ksp              :   0.01000000    0.03267247    0.08750872    0.10000000    0.10000000    0.08720206    0.03707673    0.01000000    0.01000000 
max(|step|)      :   0.00000000    0.00428062    0.00487108    0.00278239    0.00112261    0.00111799    0.00195368    0.00837309    0.00310575    0.00000000 
angle (deg.)     :    95.3490  59.7465  12.4599  36.5803  11.5407  51.2046  72.3716  124.3845 
>
