NEB log file generated by ORCA
All quantities are given in atomic units. Unless stated otherwise. 
iteration       : 0
climbing        : no
zoom on         : no
nim             : 10
barrier         :   0.05103839 (image:  5) 
distance        :   0.00000000    1.42740469    2.85480938    4.28221407    5.61476526    6.94731644    8.27986762    9.61241881   10.94496999   12.27752118 
energy          : -1077.14234302  -1077.13769802  -1077.12757924  -1077.11690418  -1077.10178194  -1077.09130462  -1077.09505059  -1077.11459263  -1077.14216828  -1077.15780440 
max(|Fr_perp|)   :   0.00000000    0.03395613    0.03670988    0.01520485    0.04699073    0.07739843    0.08733717    0.07659132    0.04664192    0.00000000 
Fr_paral         :   0.00000000   -0.00634660   -0.00731535   -0.00992323   -0.01176668   -0.00271991    0.00991768    0.01975324    0.01938105    0.00000000 
max(|Fsp_paral|) :   0.00000000    0.00925774    0.00975462    0.00688528    0.00560427    0.00000083    0.00198136    0.01041220    0.01470637    0.00000000 
max(|Fsp_perp|)  :   0.00000000    0.00000000    0.00000000    0.00000000    0.00000000    0.00000000    0.00000000    0.00000000    0.00000000    0.00000000 
max(|FNEB|)      :   0.00000000    0.03840902    0.04140539    0.01239227    0.04977374    0.07766165    0.08913637    0.08480328    0.05804019    0.00000000 
max(|Force|)     :   0.00156285    0.03296835    0.03556650    0.01613340    0.04921005    0.07813901    0.08589741    0.07669445    0.04813839    0.00139315 
ksp              :   0.01819984    0.03601460    0.05478626    0.08146006    0.10000000    0.10000000    0.09345136    0.05901149    0.01037203 
max(|step|)      :   0.00000000    0.03393228    0.03657941    0.01094790    0.04397239    0.06860984    0.07874713    0.07491908    0.05127535    0.00000000 
angle (deg.)     :    2.6508  2.8288  59.8969  2.0223  2.1250  2.0716  2.1795  2.4967 
>
iteration       : 1
climbing        : no
zoom on         : no
nim             : 10
barrier         :   0.03585853 (image:  5) 
distance        :   0.00000000    1.45137659    2.88006809    4.29475575    5.62689984    6.93990741    8.26549414    9.56612724   10.88388948   12.27770346 
energy          : -1077.14234302  -1077.14037554  -1077.13088647  -1077.11815627  -1077.10779025  -1077.10648449  -1077.11483692  -1077.13089457  -1077.14892221  -1077.15780440 
max(|Fr_perp|)   :   0.00000000    0.01726201    0.02197207    0.01382845    0.01435773    0.02285547    0.02742396    0.02650845    0.02199695    0.00000000 
Fr_paral         :   0.00000000   -0.00447291   -0.00846707   -0.01114308   -0.00498175    0.00305159    0.01031560    0.01421454    0.01180407    0.00000000 
max(|Fsp_paral|) :   0.00000000    0.01236888    0.01640597    0.00622552    0.00054207    0.00027893    0.00672419    0.01187866    0.00859814    0.00000000 
max(|Fsp_perp|)  :   0.00000000    0.00000000    0.00000000    0.00000000    0.00000000    0.00000000    0.00000000    0.00000000    0.00000000    0.00000000 
max(|FNEB|)      :   0.00000000    0.01810651    0.02258918    0.01088912    0.01472690    0.02286838    0.03264440    0.03275519    0.01939691    0.00000000 
max(|Force|)     :   0.00156285    0.01752206    0.02254300    0.01512578    0.01359127    0.02314759    0.02564849    0.02790374    0.02306078    0.00139315 
ksp              :   0.01493810    0.03875436    0.07070544    0.09672273    0.10000000    0.10000000    0.07903654    0.03873403    0.01000000 
max(|step|)      :   0.00000000    0.01491098    0.01801341    0.00959077    0.01434463    0.02114353    0.02166938    0.02054731    0.01632840    0.00000000 
angle (deg.)     :    3.2118  3.8811  58.3302  2.5259  2.4765  2.3503  2.6797  3.5497 
>
iteration       : 2
climbing        : no
zoom on         : no
nim             : 10
barrier         :   0.03330767 (image:  4) 
distance        :   0.00000000    1.48041485    2.91727203    4.30643483    5.62123220    6.93056075    8.23294168    9.51194312   10.83760485   12.27076820 
energy          : -1077.14234302  -1077.14132748  -1077.13256945  -1077.11915795  -1077.10903535  -1077.10947060  -1077.11903007  -1077.13485654  -1077.15081601  -1077.15780440 
max(|Fr_perp|)   :   0.00000000    0.01371430    0.02044737    0.01413853    0.01134743    0.01657912    0.01969904    0.02349799    0.01777838    0.00000000 
Fr_paral         :   0.00000000   -0.00377738   -0.00907014   -0.01230591   -0.00418787    0.00472098    0.01141696    0.01385279    0.01001650    0.00000000 
max(|Fsp_paral|) :   0.00000000    0.01230657    0.01762346    0.00653788    0.00011873    0.00048393    0.00796469    0.01231633    0.00604569    0.00000000 
max(|Fsp_perp|)  :   0.00000000    0.00000000    0.00000000    0.00000000    0.00000000    0.00000000    0.00000000    0.00000000    0.00000000    0.00000000 
max(|FNEB|)      :   0.00000000    0.01700941    0.02309450    0.01063413    0.01125831    0.01693325    0.02585225    0.02670949    0.01552983    0.00000000 
max(|Force|)     :   0.00156285    0.01392487    0.02112204    0.01573408    0.01070266    0.01730813    0.01909272    0.02492829    0.01865382    0.00139315 
ksp              :   0.01274406    0.03640897    0.07264791    0.10000000    0.10000000    0.09882393    0.07299345    0.03022906    0.01000000 
max(|step|)      :   0.00000000    0.06610265    0.09742901    0.05228968    0.05227709    0.07177781    0.08206529    0.10000000    0.07569627    0.00000000 
angle (deg.)     :    5.3377  13.3928  49.0024  6.9537  5.4689  5.4349  7.0945  7.6221 
>
iteration       : 3
climbing        : yes
zoom on         : no
nim             : 10
barrier         :   0.03079068 (image:  4) 
distance        :   0.00000000    1.64958474    3.16234818    4.40646542    5.60663794    6.90298431    8.06701289    9.25325677   10.70233261   12.30367886 
energy          : -1077.14234302  -1077.14273566  -1077.13812390  -1077.12421037  -1077.11155233  -1077.11388371  -1077.12601100  -1077.14205253  -1077.15349023  -1077.15780440 
max(|Fr_perp|)   :   0.00000000    0.00757388    0.00740008    0.01484870    0.00678644    0.01133431    0.01481891    0.01606341    0.01381677    0.00000000 
Fr_paral         :   0.00000000   -0.00072335   -0.00739385   -0.01746061   -0.00443691    0.00747024    0.01451739    0.01173001    0.00421146    0.00000000 
max(|Fsp_paral|) :   0.00000000    0.00639142    0.01457727    0.00836685    0.00198394    0.00437568    0.00875305    0.01234684    0.00005945    0.00000000 
max(|Fsp_perp|)  :   0.00000000    0.00000000    0.00000000    0.00000000    0.00000000    0.00000000    0.00000000    0.00000000    0.00000000    0.00000000 
max(|FNEB|)      :   0.00000000    0.00819233    0.01853512    0.01347007    0.00767350    0.01136348    0.01580962    0.02212975    0.01394386    0.00000000 
max(|Force|)     :   0.00156285    0.00758448    0.00827154    0.01779539    0.00700253    0.01136478    0.01682840    0.01490959    0.01355378    0.00139315 
ksp              :   0.01000000    0.02233983    0.06301010    0.10000000    0.10000000    0.09319381    0.05776304    0.01087971    0.01000000 
max(|step|)      :   0.00000000    0.01354592    0.03064761    0.02227261    0.01268804    0.01878939    0.02614103    0.03659129    0.02305602    0.00000000 
angle (deg.)     :    4.1557  15.9916  46.1316  7.7953  5.6240  6.3735  7.9963  6.3864 
>
iteration       : 4
climbing        : yes
zoom on         : no
nim             : 10
barrier         :   0.03029439 (image:  4) 
distance        :   0.00000000    1.67678965    3.23592918    4.45221827    5.60138822    6.84852619    7.98130236    9.14725835   10.68408280   12.28345456 
energy          : -1077.14234302  -1077.14316074  -1077.13853104  -1077.12516562  -1077.11204863  -1077.11446261  -1077.12719749  -1077.14262234  -1077.15404491  -1077.15780440 
max(|Fr_perp|)   :   0.00000000    0.00365368    0.00772558    0.01412273    0.00635179    0.00907644    0.01375946    0.02982142    0.02551914    0.00000000 
Fr_paral         :   0.00000000   -0.00124095   -0.00754652   -0.01864464   -0.00499786    0.00881628    0.01624471    0.01189234    0.00487327    0.00000000 
max(|Fsp_paral|) :   0.00000000    0.00608193    0.01268597    0.00878168    0.00198037    0.00396559    0.00888744    0.01127015    0.00015140    0.00000000 
max(|Fsp_perp|)  :   0.00000000    0.00000000    0.00000000    0.00000000    0.00000000    0.00000000    0.00000000    0.00000000    0.00000000    0.00000000 
max(|FNEB|)      :   0.00000000    0.00608267    0.01307263    0.01266568    0.00553925    0.01201977    0.01842775    0.03253217    0.02548563    0.00000000 
max(|Force|)     :   0.00156285    0.00372026    0.00788017    0.01758346    0.00716432    0.00830944    0.01570178    0.02914583    0.02527349    0.00139315 
ksp              :   0.01000000    0.02132481    0.06103142    0.10000000    0.10000000    0.09282842    0.05499505    0.01000000    0.01000000 
max(|step|)      :   0.00000000    0.04273761    0.10000000    0.07166912    0.03984909    0.05733538    0.08177127    0.08356639    0.03584009    0.00000000 
angle (deg.)     :    5.8691  26.5197  39.1492  13.2966  8.0564  12.5728  10.9892  6.7120 
>
iteration       : 5
climbing        : yes
zoom on         : no
nim             : 10
barrier         :   0.02998605 (image:  4) 
distance        :   0.00000000    1.77953932    3.50698332    4.66676317    5.64379578    6.73877819    7.76325765    8.87276448   10.72948012   12.33050985 
energy          : -1077.14234302  -1077.14229515  -1077.13906182  -1077.12792658  -1077.11235696  -1077.11245447  -1077.12598957  -1077.14054423  -1077.15238154  -1077.15780440 
max(|Fr_perp|)   :   0.00000000    0.01707096    0.01383685    0.01071469    0.01045722    0.01711941    0.02218843    0.03300151    0.02887118    0.00000000 
Fr_paral         :   0.00000000   -0.00053704   -0.00590629   -0.02213340   -0.00874215    0.00983962    0.01939836    0.01191036    0.00460472    0.00000000 
max(|Fsp_paral|) :   0.00000000    0.00596014    0.00656997    0.00988974    0.00259061    0.00160912    0.00790039    0.00814315    0.00301405    0.00000000 
max(|Fsp_perp|)  :   0.00000000    0.00000000    0.00000000    0.00000000    0.00000000    0.00000000    0.00000000    0.00000000    0.00000000    0.00000000 
max(|FNEB|)      :   0.00000000    0.01768882    0.01632138    0.01559817    0.01048266    0.01828546    0.02793286    0.02956739    0.02782194    0.00000000 
max(|Force|)     :   0.00156285    0.01710604    0.01420351    0.01598530    0.01050434    0.01712399    0.02092240    0.03454938    0.02963245    0.00139315 
ksp              :   0.01016751    0.01986584    0.05327241    0.10000000    0.10000000    0.09974794    0.05916006    0.01549144    0.01000000 
max(|step|)      :   0.00000000    0.02330151    0.02150017    0.02054749    0.01380882    0.02408747    0.03679600    0.03894917    0.03664989    0.00000000 
angle (deg.)     :    5.4557  27.5325  37.9616  14.0835  8.9069  13.6512  11.1893  6.0171 
>
iteration       : 6
climbing        : yes
zoom on         : no
nim             : 10
barrier         :   0.02923122 (image:  4) 
distance        :   0.00000000    1.79996201    3.54162692    4.71016461    5.65508304    6.73044137    7.71995899    8.83624395   10.73000554   12.34740558 
energy          : -1077.14234302  -1077.14332497  -1077.13951986  -1077.12819561  -1077.11311179  -1077.11423184  -1077.12824814  -1077.14228453  -1077.15408811  -1077.15780440 
max(|Fr_perp|)   :   0.00000000    0.00779211    0.01207515    0.01210427    0.00696762    0.01626936    0.02104132    0.03554348    0.03266884    0.00000000 
Fr_paral         :   0.00000000   -0.00075140   -0.00548982   -0.02315151   -0.00814778    0.01074755    0.01926206    0.00971092    0.00398014    0.00000000 
max(|Fsp_paral|) :   0.00000000    0.00531426    0.00698531    0.00906459    0.00295437    0.00278105    0.00812109    0.00898020    0.00073925    0.00000000 
max(|Fsp_perp|)  :   0.00000000    0.00000000    0.00000000    0.00000000    0.00000000    0.00000000    0.00000000    0.00000000    0.00000000    0.00000000 
max(|FNEB|)      :   0.00000000    0.00802038    0.01374098    0.01721329    0.00800561    0.01817358    0.02678814    0.03464989    0.03249088    0.00000000 
max(|Force|)     :   0.00156285    0.00779867    0.01176352    0.01591028    0.00619896    0.01534015    0.01858856    0.03585261    0.03290049    0.00139315 
ksp              :   0.01000000    0.01869221    0.05355844    0.10000000    0.10000000    0.09655147    0.05339671    0.01018008    0.01000000 
max(|step|)      :   0.00000000    0.01448317    0.01175249    0.01692572    0.01004482    0.01424086    0.02007155    0.01753591    0.01450989    0.00000000 
angle (deg.)     :    5.9171  28.3688  37.3745  14.9698  9.5433  14.8206  11.2285  6.1811 
>
iteration       : 7
climbing        : yes
zoom on         : no
nim             : 10
barrier         :   0.02900850 (image:  4) 
distance        :   0.00000000    1.82100266    3.57980429    4.75468822    5.66898916    6.72077488    7.67713337    8.79617625   10.73679263   12.36488107 
energy          : -1077.14234302  -1077.14355082  -1077.13977965  -1077.12845082  -1077.11333451  -1077.11464663  -1077.12889354  -1077.14328924  -1077.15478643  -1077.15780440 
max(|Fr_perp|)   :   0.00000000    0.00450377    0.00859861    0.00976756    0.00535222    0.01156816    0.01527471    0.01476278    0.01401492    0.00000000 
Fr_paral         :   0.00000000   -0.00074062   -0.00541765   -0.02404950   -0.00836944    0.01142351    0.01997027    0.01001837    0.00367776    0.00000000 
max(|Fsp_paral|) :   0.00000000    0.00486452    0.00682518    0.00851251    0.00325403    0.00326933    0.00802081    0.00863472    0.00074779    0.00000000 
max(|Fsp_perp|)  :   0.00000000    0.00000000    0.00000000    0.00000000    0.00000000    0.00000000    0.00000000    0.00000000    0.00000000    0.00000000 
max(|FNEB|)      :   0.00000000    0.00697472    0.01020019    0.01281821    0.00640658    0.01362287    0.02058600    0.01730069    0.01383739    0.00000000 
max(|Force|)     :   0.00156285    0.00445724    0.00831009    0.01613896    0.00583898    0.01032133    0.01548363    0.01515220    0.01422662    0.00139315 
ksp              :   0.01000000    0.01795295    0.05310107    0.10000000    0.10000000    0.09592911    0.05172751    0.01000000    0.01000000 
max(|step|)      :   0.00000000    0.03604336    0.04804979    0.06394338    0.03228905    0.03184848    0.06963981    0.06360015    0.03198358    0.00000000 
angle (deg.)     :    9.0382  31.7797  38.6743  19.1318  12.5229  21.0747  12.0553  7.5801 
>
iteration       : 8
climbing        : yes
zoom on         : no
nim             : 10
barrier         :   0.02883284 (image:  4) 
distance        :   0.00000000    1.90631391    3.74727965    4.94612054    5.75234276    6.70671325    7.54381789    8.67080431   10.80872870   12.47922272 
energy          : -1077.14234302  -1077.14286361  -1077.14014074  -1077.12908178  -1077.11351017  -1077.11359371  -1077.12741596  -1077.14159608  -1077.15324998  -1077.15780440 
max(|Fr_perp|)   :   0.00000000    0.01620253    0.00583327    0.00904663    0.00778810    0.01340953    0.01483223    0.01493529    0.01546080    0.00000000 
Fr_paral         :   0.00000000   -0.00006776   -0.00445886   -0.02646422   -0.01081366    0.01190557    0.02127499    0.00894356    0.00270358    0.00000000 
max(|Fsp_paral|) :   0.00000000    0.00429006    0.00556332    0.00625859    0.00428728    0.00346333    0.00556488    0.00853764    0.00232932    0.00000000 
max(|Fsp_perp|)  :   0.00000000    0.00000000    0.00000000    0.00000000    0.00000000    0.00000000    0.00000000    0.00000000    0.00000000    0.00000000 
max(|FNEB|)      :   0.00000000    0.01595337    0.00745355    0.00916207    0.00812038    0.01345449    0.01656451    0.01571641    0.01552493    0.00000000 
max(|Force|)     :   0.00156285    0.01620398    0.00568765    0.01688351    0.00798290    0.01334260    0.01496794    0.01506330    0.01546423    0.00139315 
ksp              :   0.01000000    0.01687426    0.05139417    0.10000000    0.10000000    0.09973924    0.05659390    0.01233153    0.01000000 
max(|step|)      :   0.00000000    0.05072466    0.07204492    0.09362885    0.03831863    0.03859803    0.09485059    0.10000000    0.03022323    0.00000000 
angle (deg.)     :    12.8728  36.7984  49.8168  25.9864  17.4131  35.3021  13.6973  8.1564 
>
iteration       : 9
climbing        : yes
zoom on         : no
nim             : 10
barrier         :   0.03002265 (image:  5) 
distance        :   0.00000000    2.04285607    4.02547094    5.26818753    5.96440456    6.79955164    7.49969366    8.60069309   11.04927780   12.79990973 
energy          : -1077.14234302  -1077.14241613  -1077.14050179  -1077.13007804  -1077.11375956  -1077.11232036  -1077.12533673  -1077.13702236  -1077.15061824  -1077.15780440 
max(|Fr_perp|)   :   0.00000000    0.02196082    0.00540864    0.00885112    0.01135262    0.01960483    0.02817672    0.06374397    0.05863609    0.00000000 
Fr_paral         :   0.00000000    0.00086252   -0.00329834   -0.02955150   -0.01441578    0.01277241    0.02170384    0.00594855    0.00303988    0.00000000 
max(|Fsp_paral|) :   0.00000000    0.00353869    0.00568019    0.00320734    0.00606027    0.00485094    0.00100586    0.00074061    0.01120126    0.00000000 
max(|Fsp_perp|)  :   0.00000000    0.00000000    0.00000000    0.00000000    0.00000000    0.00000000    0.00000000    0.00000000    0.00000000    0.00000000 
max(|FNEB|)      :   0.00000000    0.02231823    0.00800507    0.00943317    0.01110559    0.01985867    0.02846338    0.06458127    0.06191615    0.00000000 
max(|Force|)     :   0.00156285    0.02205470    0.00569063    0.01669778    0.01166052    0.01944024    0.02756913    0.06406569    0.05906158    0.00139315 
ksp              :   0.01000000    0.01552416    0.04676044    0.09566284    0.10000000    0.10000000    0.06103550    0.02612665    0.01000000 
max(|step|)      :   0.00000000    0.01917171    0.00687648    0.00810324    0.00953988    0.01705891    0.02445050    0.05547633    0.05318695    0.00000000 
angle (deg.)     :    12.7122  36.6556  50.0642  25.5186  17.3993  36.2079  13.7448  7.2163 
>
iteration       : 10
climbing        : yes
zoom on         : no
nim             : 10
barrier         :   0.02847113 (image:  5) 
distance        :   0.00000000    2.04924918    4.04184186    5.27259983    5.97433336    6.78595986    7.49457529    8.59876100   11.00825049   12.79548504 
energy          : -1077.14234302  -1077.14363193  -1077.14077318  -1077.13036611  -1077.11425389  -1077.11387189  -1077.12804042  -1077.14056149  -1077.15350860  -1077.15780440 
max(|Fr_perp|)   :   0.00000000    0.01131898    0.00437206    0.00555463    0.00680447    0.01140850    0.01366078    0.03366545    0.03116935    0.00000000 
Fr_paral         :   0.00000000   -0.00033567   -0.00399720   -0.03035744   -0.01365670    0.01442054    0.02416091    0.00719199    0.00298329    0.00000000 
max(|Fsp_paral|) :   0.00000000    0.00325433    0.00598436    0.00393764    0.00424281    0.00369567    0.00352596    0.00528950    0.00474043    0.00000000 
max(|Fsp_perp|)  :   0.00000000    0.00000000    0.00000000    0.00000000    0.00000000    0.00000000    0.00000000    0.00000000    0.00000000    0.00000000 
max(|FNEB|)      :   0.00000000    0.01143143    0.00793781    0.00590064    0.00716294    0.01153922    0.01488036    0.03660808    0.03304210    0.00000000 
max(|Force|)     :   0.00156285    0.01131502    0.00466280    0.01631207    0.00693148    0.01127777    0.01625240    0.03274725    0.03088566    0.00139315 
ksp              :   0.01000000    0.01496241    0.04786016    0.09879244    0.10000000    0.10000000    0.05521189    0.01563158    0.01000000 
max(|step|)      :   0.00000000    0.01455321    0.00797262    0.00607567    0.00793162    0.01393034    0.01552500    0.01284377    0.01406786    0.00000000 
angle (deg.)     :    12.9970  36.4449  50.4296  25.1558  17.3141  37.0532  13.8819  6.7488 
>
iteration       : 11
climbing        : yes
zoom on         : no
nim             : 10
barrier         :   0.02791932 (image:  4) 
distance        :   0.00000000    2.05791101    4.06424332    5.28127794    5.98709294    6.77267088    7.48792788    8.58632050   10.98440157   12.79733764 
energy          : -1077.14234302  -1077.14405278  -1077.14088753  -1077.13046204  -1077.11442370  -1077.11445962  -1077.12913863  -1077.14187296  -1077.15442783  -1077.15780440 
max(|Fr_perp|)   :   0.00000000    0.00403807    0.00377955    0.00504250    0.00435161    0.00513031    0.01020239    0.02260174    0.02135118    0.00000000 
Fr_paral         :   0.00000000   -0.00043299   -0.00446492   -0.03075713   -0.01330322    0.01514340    0.02536908    0.00820496    0.00324202    0.00000000 
max(|Fsp_paral|) :   0.00000000    0.00310597    0.00596860    0.00446011    0.00285891    0.00255227    0.00487584    0.00677452    0.00225877    0.00000000 
max(|Fsp_perp|)  :   0.00000000    0.00000000    0.00000000    0.00000000    0.00000000    0.00000000    0.00000000    0.00000000    0.00000000    0.00000000 
max(|FNEB|)      :   0.00000000    0.00412811    0.00757241    0.00588393    0.00509275    0.00634280    0.01187075    0.02628902    0.02225155    0.00000000 
max(|Force|)     :   0.00156285    0.00403380    0.00403796    0.01591680    0.00640303    0.00669839    0.01425814    0.02158637    0.02104183    0.00139315 
ksp              :   0.01000000    0.01469187    0.04829921    0.10000000    0.10000000    0.09988419    0.05256533    0.01151525    0.01000000 
max(|step|)      :   0.00000000    0.02449225    0.03013363    0.02035600    0.02181298    0.02846522    0.03742002    0.03741857    0.02244001    0.00000000 
angle (deg.)     :    14.9367  35.6986  51.8735  25.0002  17.2061  39.3793  15.2358  6.6751 
>
iteration       : 12
climbing        : yes
zoom on         : no
nim             : 10
barrier         :   0.02851894 (image:  5) 
distance        :   0.00000000    2.09317171    4.16129780    5.32730132    6.03271240    6.72925555    7.46150471    8.52057544   10.96297922   12.83389969 
energy          : -1077.14234302  -1077.14403216  -1077.14094507  -1077.13035845  -1077.11426505  -1077.11382407  -1077.12885469  -1077.14185737  -1077.15439253  -1077.15780440 
max(|Fr_perp|)   :   0.00000000    0.00714149    0.00475953    0.00456860    0.00402311    0.00580739    0.00653661    0.00714775    0.00747130    0.00000000 
Fr_paral         :   0.00000000   -0.00043154   -0.00525419   -0.03145826   -0.01347344    0.01395205    0.02754491    0.00964947    0.00363252    0.00000000 
max(|Fsp_paral|) :   0.00000000    0.00305165    0.00517047    0.00523863    0.00003438    0.00129526    0.00630960    0.00599813    0.00222293    0.00000000 
max(|Fsp_perp|)  :   0.00000000    0.00000000    0.00000000    0.00000000    0.00000000    0.00000000    0.00000000    0.00000000    0.00000000    0.00000000 
max(|FNEB|)      :   0.00000000    0.00705522    0.00657161    0.00583376    0.00402623    0.00589212    0.00691872    0.00863180    0.00747454    0.00000000 
max(|Force|)     :   0.00156285    0.00714558    0.00532717    0.01524095    0.00594320    0.00576148    0.01454628    0.00785087    0.00746899    0.00139315 
ksp              :   0.01000000    0.01441164    0.04782085    0.09860839    0.10000000    0.10000000    0.05256641    0.01153261    0.01000000 
max(|step|)      :   0.00000000    0.02012280    0.03886931    0.02497631    0.02115327    0.02868889    0.02700382    0.04077003    0.02295281    0.00000000 
angle (deg.)     :    17.4679  35.3474  53.4578  25.7053  18.5020  41.7901  17.8180  6.9790 
>
iteration       : 13
climbing        : yes
zoom on         : no
nim             : 10
barrier         :   0.02986431 (image:  5) 
distance        :   0.00000000    2.14382670    4.29664841    5.40132537    6.09257147    6.68973232    7.43994248    8.46138049   10.95458113   12.91451542 
energy          : -1077.14234302  -1077.14376682  -1077.14095268  -1077.12980259  -1077.11396648  -1077.11247871  -1077.12712204  -1077.14056730  -1077.15356879  -1077.15780440 
max(|Fr_perp|)   :   0.00000000    0.01169305    0.00623892    0.01018394    0.00683251    0.01143932    0.01305150    0.02214109    0.01653170    0.00000000 
Fr_paral         :   0.00000000   -0.00038897   -0.00562063   -0.03202798   -0.01416045    0.01054351    0.02868296    0.01029823    0.00412159    0.00000000 
max(|Fsp_paral|) :   0.00000000    0.00305470    0.00439809    0.00509722    0.00231490    0.00565006    0.00664095    0.00396795    0.00441843    0.00000000 
max(|Fsp_perp|)  :   0.00000000    0.00000000    0.00000000    0.00000000    0.00000000    0.00000000    0.00000000    0.00000000    0.00000000    0.00000000 
max(|FNEB|)      :   0.00000000    0.01160555    0.00657154    0.01090189    0.00690274    0.01165200    0.01330087    0.02008384    0.01474705    0.00000000 
max(|Force|)     :   0.00156285    0.01169669    0.00688778    0.01521064    0.00697336    0.01122665    0.01718617    0.02328662    0.01692763    0.00139315 
ksp              :   0.01000000    0.01418995    0.04779221    0.09551642    0.10000000    0.10000000    0.05587041    0.01535136    0.01000000 
max(|step|)      :   0.00000000    0.05019187    0.09932382    0.06648981    0.04789480    0.07017056    0.06786850    0.10000000    0.06461468    0.00000000 
angle (deg.)     :    23.1806  37.5849  57.0454  33.5705  31.4782  45.8451  26.2246  7.6158 
>
iteration       : 14
climbing        : yes
zoom on         : no
nim             : 10
barrier         :   0.03228973 (image:  5) 
distance        :   0.00000000    2.27950614    4.66419338    5.62607212    6.28019990    6.69814642    7.50541977    8.45949925   11.04765789   13.26634609 
energy          : -1077.14234302  -1077.14336434  -1077.14116099  -1077.12862105  -1077.11350217  -1077.11005329  -1077.12260817  -1077.13828073  -1077.15174184  -1077.15780440 
max(|Fr_perp|)   :   0.00000000    0.01641033    0.00725844    0.00485760    0.00980339    0.01725729    0.02440340    0.03190899    0.03201863    0.00000000 
Fr_paral         :   0.00000000   -0.00019754   -0.00716768   -0.03304291   -0.01562599    0.00026148    0.02956767    0.01259390    0.00447667    0.00000000 
max(|Fsp_paral|) :   0.00000000    0.00280578    0.00283075    0.00511619    0.00619136    0.01448053    0.00727388    0.00151773    0.00801657    0.00000000 
max(|Fsp_perp|)  :   0.00000000    0.00000000    0.00000000    0.00000000    0.00000000    0.00000000    0.00000000    0.00000000    0.00000000    0.00000000 
max(|FNEB|)      :   0.00000000    0.01636865    0.00519020    0.00546700    0.01052340    0.01732192    0.02282678    0.03140758    0.02937016    0.00000000 
max(|Force|)     :   0.00156285    0.01645583    0.00831225    0.01534093    0.01045765    0.01730739    0.02776573    0.03399240    0.03283761    0.00139315 
ksp              :   0.01000000    0.01330061    0.04823177    0.09037197    0.10000000    0.10000000    0.06504725    0.02139551    0.01000000 
max(|step|)      :   0.00000000    0.02233358    0.00708157    0.00745924    0.01435825    0.02363423    0.03114512    0.04285287    0.04007299    0.00000000 
angle (deg.)     :    23.3359  37.8099  55.7817  33.8783  30.9549  45.0898  27.5514  7.5482 
>
iteration       : 15
climbing        : yes
zoom on         : no
nim             : 10
barrier         :   0.03054525 (image:  5) 
distance        :   0.00000000    2.29054050    4.68382798    5.63767153    6.26277673    6.70385173    7.48961480    8.45520537   11.01449436   13.27878213 
energy          : -1077.14234302  -1077.14437129  -1077.14148443  -1077.12851227  -1077.11443219  -1077.11179777  -1077.12426559  -1077.13989130  -1077.15256542  -1077.15780440 
max(|Fr_perp|)   :   0.00000000    0.00816898    0.00465957    0.00516609    0.00399297    0.00789347    0.02708979    0.03614975    0.03868234    0.00000000 
Fr_paral         :   0.00000000   -0.00026177   -0.00718285   -0.03362109   -0.01440619    0.00291247    0.02916322    0.01039122    0.00384225    0.00000000 
max(|Fsp_paral|) :   0.00000000    0.00228131    0.00361275    0.00368724    0.00482083    0.01294416    0.00696376    0.00398856    0.00518800    0.00000000 
max(|Fsp_perp|)  :   0.00000000    0.00000000    0.00000000    0.00000000    0.00000000    0.00000000    0.00000000    0.00000000    0.00000000    0.00000000 
max(|FNEB|)      :   0.00000000    0.00809413    0.00534325    0.00528936    0.00570380    0.00801377    0.02741246    0.03568204    0.03742614    0.00000000 
max(|Force|)     :   0.00156285    0.00817168    0.00591445    0.01540700    0.00600566    0.00777317    0.02671662    0.03645587    0.03890937    0.00139315 
ksp              :   0.01000000    0.01252977    0.05075157    0.09223782    0.10000000    0.10000000    0.06326420    0.01722386    0.01000000 
max(|step|)      :   0.00000000    0.01719480    0.00785048    0.00675482    0.01019559    0.01698538    0.01977502    0.01989015    0.01853561    0.00000000 
angle (deg.)     :    23.6993  38.0226  55.1479  34.0956  30.4406  44.6017  28.8239  7.5614 
>
iteration       : 16
climbing        : yes
zoom on         : no
nim             : 10
barrier         :   0.03002791 (image:  5) 
distance        :   0.00000000    2.30203862    4.70926371    5.65046355    6.25059259    6.71218811    7.47879132    8.44722372   10.99118747   13.29530790 
energy          : -1077.14234302  -1077.14466384  -1077.14158893  -1077.12835120  -1077.11487925  -1077.11231511  -1077.12470055  -1077.14098893  -1077.15346254  -1077.15780440 
max(|Fr_perp|)   :   0.00000000    0.00187495    0.00354634    0.00324112    0.00214565    0.00373348    0.01023031    0.01225786    0.01369885    0.00000000 
Fr_paral         :   0.00000000   -0.00021231   -0.00709874   -0.03365055   -0.01449307    0.00364142    0.02964018    0.01041819    0.00370669    0.00000000 
max(|Fsp_paral|) :   0.00000000    0.00209282    0.00383857    0.00262612    0.00328620    0.01154437    0.00639705    0.00612770    0.00308265    0.00000000 
max(|Fsp_perp|)  :   0.00000000    0.00000000    0.00000000    0.00000000    0.00000000    0.00000000    0.00000000    0.00000000    0.00000000    0.00000000 
max(|FNEB|)      :   0.00000000    0.00214932    0.00573738    0.00327912    0.00388864    0.00376425    0.01032182    0.01290137    0.01295596    0.00000000 
max(|Force|)     :   0.00156285    0.00189237    0.00482722    0.01594811    0.00574205    0.00370271    0.01405908    0.01259340    0.01391722    0.00139315 
ksp              :   0.01000000    0.01226015    0.05193643    0.09231474    0.10000000    0.10000000    0.06287822    0.01405848    0.01000000 
max(|step|)      :   0.00000000    0.01204159    0.01473972    0.00835930    0.01233144    0.01478443    0.01648191    0.01957632    0.01355059    0.00000000 
angle (deg.)     :    24.4666  38.3756  55.1290  33.8705  29.8948  44.1680  30.8589  7.8488 
>
iteration       : 17
climbing        : yes
zoom on         : no
nim             : 10
barrier         :   0.02995716 (image:  5) 
distance        :   0.00000000    2.32136849    4.75913014    5.66919154    6.23915029    6.72446425    7.46290338    8.41130489   10.96845683   13.32121147 
energy          : -1077.14234302  -1077.14464512  -1077.14159520  -1077.12817222  -1077.11528866  -1077.11238585  -1077.12373408  -1077.14067405  -1077.15339976  -1077.15780440 
max(|Fr_perp|)   :   0.00000000    0.00457892    0.00267521    0.00325635    0.00238768    0.00369940    0.00435645    0.00412692    0.00467717    0.00000000 
Fr_paral         :   0.00000000   -0.00015800   -0.00737238   -0.03334881   -0.01534797    0.00340974    0.02927774    0.01137178    0.00359412    0.00000000 
max(|Fsp_paral|) :   0.00000000    0.00212334    0.00356109    0.00169720    0.00123705    0.00964241    0.00468266    0.00619602    0.00360395    0.00000000 
max(|Fsp_perp|)  :   0.00000000    0.00000000    0.00000000    0.00000000    0.00000000    0.00000000    0.00000000    0.00000000    0.00000000    0.00000000 
max(|FNEB|)      :   0.00000000    0.00465202    0.00586385    0.00266319    0.00239592    0.00370972    0.00446591    0.00628396    0.00554154    0.00000000 
max(|Force|)     :   0.00156285    0.00457722    0.00366323    0.01618086    0.00564394    0.00368907    0.01271666    0.00543179    0.00446634    0.00139315 
ksp              :   0.01000000    0.01224667    0.05257317    0.09127912    0.10000000    0.10000000    0.06590663    0.01501405    0.01000000 
max(|step|)      :   0.00000000    0.01293687    0.02918042    0.01209003    0.01671475    0.01526619    0.02243609    0.03202766    0.02532518    0.00000000 
angle (deg.)     :    25.8522  39.4678  55.8449  33.0582  29.7407  43.6005  34.7933  8.4019 
>
iteration       : 18
climbing        : yes
zoom on         : no
nim             : 10
barrier         :   0.03015338 (image:  5) 
distance        :   0.00000000    2.35838198    4.85488353    5.70208823    6.23371909    6.74960533    7.44688203    8.34829990   10.92897764   13.37642254 
energy          : -1077.14234302  -1077.14458162  -1077.14155420  -1077.12802706  -1077.11581851  -1077.11218963  -1077.12169071  -1077.13941349  -1077.15290969  -1077.15780440 
max(|Fr_perp|)   :   0.00000000    0.00775093    0.00301191    0.00350555    0.00340648    0.00606414    0.01145328    0.01938941    0.01786132    0.00000000 
Fr_paral         :   0.00000000   -0.00009919   -0.00814721   -0.03270516   -0.01686989    0.00247628    0.02804533    0.01352153    0.00369406    0.00000000 
max(|Fsp_paral|) :   0.00000000    0.00228204    0.00277279    0.00110901    0.00146597    0.00699215    0.00217576    0.00456828    0.00579571    0.00000000 
max(|Fsp_perp|)  :   0.00000000    0.00000000    0.00000000    0.00000000    0.00000000    0.00000000    0.00000000    0.00000000    0.00000000    0.00000000 
max(|FNEB|)      :   0.00000000    0.00783865    0.00522783    0.00266644    0.00337523    0.00609567    0.01143958    0.01985626    0.01921578    0.00000000 
max(|Force|)     :   0.00156285    0.00774975    0.00397920    0.01609411    0.00615719    0.00603261    0.01302056    0.01896729    0.01765014    0.00139315 
ksp              :   0.01000000    0.01235442    0.05272941    0.08916876    0.10000000    0.10000000    0.07164177    0.01874386    0.01000000 
max(|step|)      :   0.00000000    0.03560079    0.07756429    0.02886447    0.03077738    0.02906487    0.04805945    0.07886622    0.07683184    0.00000000 
angle (deg.)     :    29.1566  46.2057  57.8779  33.2003  34.3642  42.6818  47.4341  9.8477 
>
iteration       : 19
climbing        : yes
zoom on         : no
nim             : 10
barrier         :   0.03083628 (image:  5) 
distance        :   0.00000000    2.46200226    5.11252490    5.80775785    6.27933399    6.85197541    7.47294933    8.27725186   10.86391588   13.60454492 
energy          : -1077.14234302  -1077.14464839  -1077.14148991  -1077.12772328  -1077.11679821  -1077.11150673  -1077.11672874  -1077.13641413  -1077.15151293  -1077.15780440 
max(|Fr_perp|)   :   0.00000000    0.00859347    0.00509652    0.01171666    0.00676895    0.01079935    0.03380522    0.01413698    0.02841205    0.00000000 
Fr_paral         :   0.00000000   -0.00002364   -0.01028732   -0.03019827   -0.01994632    0.00026749    0.02150677    0.01862083    0.00370676    0.00000000 
max(|Fsp_paral|) :   0.00000000    0.00255960    0.00082402    0.00128964    0.00638879    0.00194644    0.00266089    0.00079589    0.01049182    0.00000000 
max(|Fsp_perp|)  :   0.00000000    0.00000000    0.00000000    0.00000000    0.00000000    0.00000000    0.00000000    0.00000000    0.00000000    0.00000000 
max(|FNEB|)      :   0.00000000    0.00870935    0.00476049    0.01193963    0.00841434    0.01080120    0.03361331    0.01411314    0.03090952    0.00000000 
max(|Force|)     :   0.00156285    0.00859316    0.00648913    0.01577968    0.00881327    0.01079750    0.03328162    0.01414583    0.02819609    0.00139315 
ksp              :   0.01000000    0.01248991    0.05266974    0.08455609    0.10000000    0.10000000    0.08475885    0.02730429    0.01000000 
max(|step|)      :   0.00000000    0.04402278    0.09047880    0.02993824    0.02618217    0.02916187    0.05215940    0.08971403    0.10000000    0.00000000 
angle (deg.)     :    32.4648  62.7957  56.8905  38.8726  46.0801  42.8419  64.8227  11.5268 
>
iteration       : 20
climbing        : yes
zoom on         : no
nim             : 10
barrier         :   0.03139778 (image:  5) 
distance        :   0.00000000    2.58777329    5.41816967    5.99105061    6.43131591    7.05488618    7.63050873    8.39013593   10.93293409   14.05048327 
energy          : -1077.14234302  -1077.14490401  -1077.14161012  -1077.12796260  -1077.11770553  -1077.11094523  -1077.11364435  -1077.13242678  -1077.14988450  -1077.15780440 
max(|Fr_perp|)   :   0.00000000    0.00732471    0.00463845    0.00603086    0.00859590    0.01300380    0.01758860    0.04729348    0.03188191    0.00000000 
Fr_paral         :   0.00000000    0.00003620   -0.01297257   -0.02822615   -0.02240061   -0.00120604    0.01609230    0.02154340    0.00468973    0.00000000 
max(|Fsp_paral|) :   0.00000000    0.00243840    0.00137726    0.00225651    0.01022943    0.00202283    0.00547577    0.01051822    0.01622475    0.00000000 
max(|Fsp_perp|)  :   0.00000000    0.00000000    0.00000000    0.00000000    0.00000000    0.00000000    0.00000000    0.00000000    0.00000000    0.00000000 
max(|FNEB|)      :   0.00000000    0.00746974    0.00542717    0.00579940    0.01262708    0.01304678    0.01772058    0.04741947    0.03558856    0.00000000 
max(|Force|)     :   0.00156285    0.00735262    0.00666516    0.01637762    0.01012126    0.01305055    0.01774004    0.04752425    0.03203593    0.00139315 
ksp              :   0.01000000    0.01210662    0.05121818    0.08059932    0.10000000    0.10000000    0.09228721    0.03853991    0.01000000 
max(|step|)      :   0.00000000    0.00949560    0.00689906    0.00737224    0.01605164    0.01658517    0.02252654    0.06028001    0.04524046    0.00000000 
angle (deg.)     :    32.4501  64.0185  51.8723  34.5171  44.9971  41.3316  65.6268  11.0565 
>
iteration       : 21
climbing        : yes
zoom on         : no
nim             : 10
barrier         :   0.03009661 (image:  5) 
distance        :   0.00000000    2.59777663    5.41924387    5.98575821    6.45282438    7.04158534    7.63218444    8.40321778   10.84684636   14.04738000 
energy          : -1077.14234302  -1077.14517362  -1077.14190573  -1077.12842775  -1077.11752693  -1077.11224641  -1077.11577764  -1077.13374283  -1077.14980898  -1077.15780440 
max(|Fr_perp|)   :   0.00000000    0.00285612    0.00363456    0.00482821    0.00443703    0.00698741    0.01407985    0.04931883    0.03205901    0.00000000 
Fr_paral         :   0.00000000    0.00000199   -0.01287187   -0.03007105   -0.02045535   -0.00028868    0.01843945    0.01556408    0.00454101    0.00000000 
max(|Fsp_paral|) :   0.00000000    0.00174775    0.00074136    0.00384385    0.00756308    0.00007544    0.00429612    0.00641907    0.01346342    0.00000000 
max(|Fsp_perp|)  :   0.00000000    0.00000000    0.00000000    0.00000000    0.00000000    0.00000000    0.00000000    0.00000000    0.00000000    0.00000000 
max(|FNEB|)      :   0.00000000    0.00274945    0.00385494    0.00383593    0.00918713    0.00698423    0.01513199    0.04563426    0.03712232    0.00000000 
max(|Force|)     :   0.00156285    0.00285606    0.00484913    0.01615065    0.00798886    0.00699060    0.01617585    0.04618685    0.03164070    0.00139315 
ksp              :   0.01000000    0.01130766    0.05161180    0.08420928    0.10000000    0.10000000    0.08944030    0.03571773    0.01000000 
max(|step|)      :   0.00000000    0.00762698    0.00630028    0.00608932    0.01654521    0.01363572    0.01700014    0.01985088    0.02376161    0.00000000 
angle (deg.)     :    32.4838  65.6306  47.3989  30.8045  43.8269  39.4712  66.4942  10.5585 
>
iteration       : 22
climbing        : yes
zoom on         : no
nim             : 10
barrier         :   0.02945049 (image:  5) 
distance        :   0.00000000    2.60827118    5.42214051    5.98468821    6.48031957    7.03397305    7.64237792    8.42245929   10.75778039   14.04952438 
energy          : -1077.14234302  -1077.14524741  -1077.14210688  -1077.12868483  -1077.11715383  -1077.11289252  -1077.11716735  -1077.13582868  -1077.15001008  -1077.15780440 
max(|Fr_perp|)   :   0.00000000    0.00138393    0.00220293    0.00383552    0.00288692    0.00510590    0.01155641    0.03699621    0.02212148    0.00000000 
Fr_paral         :   0.00000000   -0.00000859   -0.01263750   -0.03128506   -0.01875555    0.00034317    0.02037913    0.01491379    0.00462865    0.00000000 
max(|Fsp_paral|) :   0.00000000    0.00121518    0.00029496    0.00550990    0.00482358    0.00216827    0.00301205    0.00070929    0.00903006    0.00000000 
max(|Fsp_perp|)  :   0.00000000    0.00000000    0.00000000    0.00000000    0.00000000    0.00000000    0.00000000    0.00000000    0.00000000    0.00000000 
max(|FNEB|)      :   0.00000000    0.00136663    0.00225829    0.00361848    0.00583615    0.00510623    0.01233829    0.03658978    0.02552889    0.00000000 
max(|Force|)     :   0.00156285    0.00138396    0.00407416    0.01583528    0.00708943    0.00510557    0.01415317    0.03415817    0.02228780    0.00139315 
ksp              :   0.01000000    0.01072161    0.05173909    0.08697754    0.10000000    0.10000000    0.08693624    0.02990764    0.01000000 
max(|step|)      :   0.00000000    0.00737367    0.01049557    0.01567516    0.03133143    0.01971831    0.04442188    0.03163027    0.04899019    0.00000000 
angle (deg.)     :    32.7265  70.8603  38.9365  26.6407  40.7205  34.6492  67.2609  10.8761 
>
iteration       : 23
climbing        : yes
zoom on         : no
nim             : 10
barrier         :   0.02936521 (image:  5) 
distance        :   0.00000000    2.63100590    5.43695651    6.01430561    6.54137784    7.02938649    7.68727200    8.41022355   10.55536237   14.03117257 
energy          : -1077.14234302  -1077.14527911  -1077.14234308  -1077.12791222  -1077.11618452  -1077.11297781  -1077.11877062  -1077.13714508  -1077.14952271  -1077.15780440 
max(|Fr_perp|)   :   0.00000000    0.00188021    0.00369422    0.00541377    0.00369647    0.00776514    0.01410868    0.00564120    0.01597751    0.00000000 
Fr_paral         :   0.00000000    0.00000980   -0.01238441   -0.03236574   -0.01613820    0.00054813    0.02366126    0.01756683    0.00441988    0.00000000 
max(|Fsp_paral|) :   0.00000000    0.00052440    0.00092793    0.00648269    0.00051444    0.00634751    0.00273322    0.00131644    0.00510007    0.00000000 
max(|Fsp_perp|)  :   0.00000000    0.00000000    0.00000000    0.00000000    0.00000000    0.00000000    0.00000000    0.00000000    0.00000000    0.00000000 
max(|FNEB|)      :   0.00000000    0.00188432    0.00378582    0.00541638    0.00401780    0.00776991    0.01390292    0.00556007    0.01545295    0.00000000 
max(|Force|)     :   0.00156285    0.00188022    0.00429164    0.01566248    0.00678262    0.00776036    0.01517510    0.00801901    0.01621147    0.00139315 
ksp              :   0.01000000    0.01000000    0.05422826    0.09017190    0.10000000    0.10000000    0.08224589    0.02593090    0.01000000 
max(|step|)      :   0.00000000    0.00510555    0.00836164    0.01423501    0.01474158    0.00904513    0.02175120    0.00598594    0.03363769    0.00000000 
angle (deg.)     :    32.9535  74.0867  35.2212  25.8233  38.8415  30.8167  68.4925  11.3248 
>
iteration       : 24
climbing        : yes
zoom on         : no
nim             : 10
barrier         :   0.02933143 (image:  5) 
distance        :   0.00000000    2.64473576    5.44994056    6.04456803    6.57627285    7.03221853    7.71085209    8.40080240   10.42666688   14.02231129 
energy          : -1077.14234302  -1077.14533863  -1077.14245594  -1077.12702195  -1077.11575430  -1077.11301159  -1077.11952814  -1077.13712634  -1077.14867787  -1077.15780440 
max(|Fr_perp|)   :   0.00000000    0.00115426    0.00186664    0.00418045    0.00295305    0.00491838    0.01452220    0.00951680    0.03104954    0.00000000 
Fr_paral         :   0.00000000    0.00004849   -0.01275349   -0.03248909   -0.01482861    0.00072722    0.02514061    0.01722485    0.00480371    0.00000000 
max(|Fsp_paral|) :   0.00000000    0.00048268    0.00171714    0.00587652    0.00125069    0.00815598    0.00542420    0.00087220    0.00406933    0.00000000 
max(|Fsp_perp|)  :   0.00000000    0.00000000    0.00000000    0.00000000    0.00000000    0.00000000    0.00000000    0.00000000    0.00000000    0.00000000 
max(|FNEB|)      :   0.00000000    0.00109297    0.00248536    0.00452281    0.00298968    0.00493442    0.01497794    0.00919575    0.02979904    0.00000000 
max(|Force|)     :   0.00156285    0.00114875    0.00458863    0.01594746    0.00670208    0.00490234    0.01380869    0.01195414    0.03151520    0.00139315 
ksp              :   0.01000000    0.01000000    0.05701087    0.09158431    0.10000000    0.10000000    0.08000473    0.02600676    0.01000000 
max(|step|)      :   0.00000000    0.00258442    0.00427774    0.00853761    0.00590048    0.00323496    0.01087663    0.00187331    0.01817242    0.00000000 
angle (deg.)     :    33.1005  75.6444  33.8958  25.8979  37.8301  28.3910  69.3946  11.6827 
>
iteration       : 25
climbing        : yes
zoom on         : no
nim             : 10
barrier         :   0.02932042 (image:  5) 
distance        :   0.00000000    2.65231205    5.45831489    6.06315765    6.59218986    7.03459492    7.71990685    8.39554011   10.35698833   14.01844506 
energy          : -1077.14234302  -1077.14536428  -1077.14246678  -1077.12647781  -1077.11558104  -1077.11302260  -1077.11992670  -1077.13713403  -1077.14887532  -1077.15780440 
max(|Fr_perp|)   :   0.00000000    0.00115326    0.00158646    0.00331144    0.00337490    0.00530937    0.00731662    0.00923887    0.01269681    0.00000000 
Fr_paral         :   0.00000000    0.00006059   -0.01318978   -0.03237308   -0.01423501    0.00079162    0.02588369    0.01734656    0.00501340    0.00000000 
max(|Fsp_paral|) :   0.00000000    0.00046198    0.00221616    0.00523353    0.00182184    0.00880458    0.00652593    0.00076521    0.00348303    0.00000000 
max(|Fsp_perp|)  :   0.00000000    0.00000000    0.00000000    0.00000000    0.00000000    0.00000000    0.00000000    0.00000000    0.00000000    0.00000000 
max(|FNEB|)      :   0.00000000    0.00097936    0.00280138    0.00329263    0.00342755    0.00532502    0.00772140    0.00894672    0.01123182    0.00000000 
max(|Force|)     :   0.00156285    0.00114637    0.00456598    0.01607298    0.00635483    0.00529372    0.01349465    0.01174025    0.01321260    0.00139315 
ksp              :   0.01000000    0.01000000    0.05869879    0.09214679    0.10000000    0.10000000    0.07880763    0.02598915    0.01000000 
max(|step|)      :   0.00000000    0.00820389    0.01366740    0.02798543    0.01642567    0.01094320    0.02463116    0.00753654    0.05811197    0.00000000 
angle (deg.)     :    33.6448  79.7863  32.5816  27.5332  34.8405  21.1986  72.8744  13.2942 
>
iteration       : 26
climbing        : yes
zoom on         : no
nim             : 10
barrier         :   0.02916287 (image:  5) 
distance        :   0.00000000    2.67650676    5.48832960    6.12620833    6.63564704    7.04537640    7.73962963    8.38388465   10.14522437   14.01450701 
energy          : -1077.14234302  -1077.14543477  -1077.14234839  -1077.12453312  -1077.11526448  -1077.11318014  -1077.12054837  -1077.13715107  -1077.14812891  -1077.15780440 
max(|Fr_perp|)   :   0.00000000    0.00158225    0.00142243    0.00420288    0.00334328    0.00402217    0.00841802    0.00363548    0.01090387    0.00000000 
Fr_paral         :   0.00000000    0.00010475   -0.01514870   -0.03080945   -0.01259938    0.00102438    0.02643306    0.01725871    0.00473936    0.00000000 
max(|Fsp_paral|) :   0.00000000    0.00040294    0.00413687    0.00247143    0.00270910    0.01024567    0.00827762    0.00131948    0.00170805    0.00000000 
max(|Fsp_perp|)  :   0.00000000    0.00000000    0.00000000    0.00000000    0.00000000    0.00000000    0.00000000    0.00000000    0.00000000    0.00000000 
max(|FNEB|)      :   0.00000000    0.00159802    0.00410696    0.00248859    0.00336233    0.00403073    0.00893919    0.00376224    0.01051551    0.00000000 
max(|Force|)     :   0.00156285    0.00158341    0.00543163    0.01595427    0.00511604    0.00401361    0.01317995    0.00648960    0.01116766    0.00139315 
ksp              :   0.01000000    0.01000000    0.06496341    0.09356750    0.10000000    0.10000000    0.07726081    0.02602295    0.01000000 
max(|step|)      :   0.00000000    0.00599034    0.00991692    0.01607789    0.01005590    0.01368169    0.02026225    0.00971596    0.03955042    0.00000000 
angle (deg.)     :    34.1374  81.0302  33.7767  29.3359  33.1802  17.8619  75.2261  14.9011 
>
iteration       : 27
climbing        : yes
zoom on         : no
nim             : 10
barrier         :   0.02901078 (image:  5) 
distance        :   0.00000000    2.69370416    5.51335168    6.14810679    6.63743744    7.03979689    7.71644827    8.36484342    9.99577305   14.00066794 
energy          : -1077.14234302  -1077.14549798  -1077.14185076  -1077.12354571  -1077.11532255  -1077.11333223  -1077.12036428  -1077.13705462  -1077.14745775  -1077.15780440 
max(|Fr_perp|)   :   0.00000000    0.00126166    0.00248076    0.00419389    0.00166589    0.00155530    0.00222308    0.00265753    0.02216352    0.00000000 
Fr_paral         :   0.00000000    0.00011742   -0.01803024   -0.02916702   -0.01210573    0.00103813    0.02595829    0.01771239    0.00437280    0.00000000 
max(|Fsp_paral|) :   0.00000000    0.00161773    0.00349496    0.00100227    0.00228154    0.00986552    0.00707844    0.00262904    0.00070968    0.00000000 
max(|Fsp_perp|)  :   0.00000000    0.00000000    0.00000000    0.00000000    0.00000000    0.00000000    0.00000000    0.00000000    0.00000000    0.00000000 
max(|FNEB|)      :   0.00000000    0.00185060    0.00430294    0.00306137    0.00245182    0.00155778    0.00565494    0.00291756    0.02202455    0.00000000 
max(|Force|)     :   0.00156285    0.00126333    0.00739345    0.01513082    0.00458225    0.00155281    0.01223806    0.00629393    0.02237463    0.00139315 
ksp              :   0.01000000    0.01152711    0.06831477    0.09382544    0.10000000    0.10000000    0.07818451    0.02640616    0.01000000 
max(|step|)      :   0.00000000    0.01462070    0.02485622    0.02272940    0.01891851    0.02287334    0.03451715    0.02282965    0.06532154    0.00000000 
angle (deg.)     :    35.1599  81.7439  36.9534  32.5630  31.0429  19.1756  77.4666  19.0602 
>
iteration       : 28
climbing        : yes
zoom on         : no
nim             : 10
barrier         :   0.02897042 (image:  5) 
distance        :   0.00000000    2.73712727    5.56110282    6.16231397    6.62022112    7.02323512    7.65207271    8.32565957    9.74944399   13.97344611 
energy          : -1077.14234302  -1077.14560822  -1077.14043625  -1077.12241466  -1077.11549369  -1077.11337260  -1077.11882585  -1077.13612361  -1077.14705693  -1077.15780440 
max(|Fr_perp|)   :   0.00000000    0.00098113    0.00293469    0.00504658    0.00215174    0.00316873    0.02431251    0.01658730    0.00350335    0.00000000 
Fr_paral         :   0.00000000    0.00008340   -0.02257751   -0.02629966   -0.01205689    0.00067241    0.02184252    0.01787892    0.00525138    0.00000000 
max(|Fsp_paral|) :   0.00000000    0.00483975    0.00059811    0.00017565    0.00097959    0.00820132    0.00281808    0.00509889    0.00011066    0.00000000 
max(|Fsp_perp|)  :   0.00000000    0.00000000    0.00000000    0.00000000    0.00000000    0.00000000    0.00000000    0.00000000    0.00000000    0.00000000 
max(|FNEB|)      :   0.00000000    0.00518357    0.00338776    0.00478718    0.00215666    0.00317023    0.02444316    0.01863264    0.00346767    0.00000000 
max(|Force|)     :   0.00156285    0.00097911    0.00960016    0.01356444    0.00447876    0.00316722    0.02365367    0.01441948    0.00335840    0.00139315 
ksp              :   0.01000000    0.01592360    0.07190977    0.09341057    0.10000000    0.10000000    0.08305882    0.02932132    0.01000000 
max(|step|)      :   0.00000000    0.01132280    0.01072441    0.00577919    0.00589762    0.00715528    0.01273175    0.01097565    0.02772245    0.00000000 
angle (deg.)     :    35.5676  81.6824  37.3112  33.0494  30.4769  20.2288  76.6728  21.6361 
>
iteration       : 29
climbing        : yes
zoom on         : no
nim             : 10
barrier         :   0.02890341 (image:  5) 
distance        :   0.00000000    2.77226608    5.57955803    6.16221846    6.61753525    7.01957671    7.63207394    8.30601360    9.64429637   13.95774387 
energy          : -1077.14234302  -1077.14565689  -1077.13997333  -1077.12236785  -1077.11556210  -1077.11343961  -1077.11893647  -1077.13590996  -1077.14680052  -1077.15780440 
max(|Fr_perp|)   :   0.00000000    0.00111645    0.00238746    0.00343967    0.00233532    0.00309423    0.00315640    0.00369347    0.00297465    0.00000000 
Fr_paral         :   0.00000000    0.00004201   -0.02350169   -0.02604006   -0.01198042    0.00064003    0.02231879    0.02099416    0.00555210    0.00000000 
max(|Fsp_paral|) :   0.00000000    0.00570088    0.00238978    0.00017178    0.00091589    0.00759854    0.00216919    0.00568461    0.00064067    0.00000000 
max(|Fsp_perp|)  :   0.00000000    0.00000000    0.00000000    0.00000000    0.00000000    0.00000000    0.00000000    0.00000000    0.00000000    0.00000000 
max(|FNEB|)      :   0.00000000    0.00593607    0.00435291    0.00301107    0.00233169    0.00309257    0.00310834    0.00517796    0.00280903    0.00000000 
max(|Force|)     :   0.00156285    0.00111550    0.00973009    0.01308131    0.00433464    0.00309590    0.01040633    0.00811955    0.00305547    0.00139315 
ksp              :   0.01000000    0.01737876    0.07219906    0.09339096    0.10000000    0.10000000    0.08288376    0.03003137    0.01000000 
max(|step|)      :   0.00000000    0.02346057    0.01538757    0.01206493    0.01107120    0.01408791    0.02046782    0.02182504    0.03877328    0.00000000 
angle (deg.)     :    36.1656  80.7388  36.5675  33.0388  30.3379  23.2236  73.3610  26.9129 
>
iteration       : 30
climbing        : yes
zoom on         : no
nim             : 10
barrier         :   0.02876580 (image:  5) 
distance        :   0.00000000    2.84711367    5.60499908    6.15588194    6.61310626    7.01809920    7.60372888    8.27022087    9.49945923   13.93269573 
energy          : -1077.14234302  -1077.14572050  -1077.13944953  -1077.12254951  -1077.11573622  -1077.11357721  -1077.11825134  -1077.13476881  -1077.14646547  -1077.15780440 
max(|Fr_perp|)   :   0.00000000    0.00211688    0.00204729    0.00414279    0.00228429    0.00231733    0.01580383    0.01459480    0.00664248    0.00000000 
Fr_paral         :   0.00000000   -0.00003449   -0.02349922   -0.02589383   -0.01200121    0.00057331    0.01987738    0.02283332    0.00607835    0.00000000 
max(|Fsp_paral|) :   0.00000000    0.00639735    0.00483635    0.00114787    0.00083994    0.00651548    0.00065940    0.00571222    0.00071439    0.00000000 
max(|Fsp_perp|)  :   0.00000000    0.00000000    0.00000000    0.00000000    0.00000000    0.00000000    0.00000000    0.00000000    0.00000000    0.00000000 
max(|FNEB|)      :   0.00000000    0.00651352    0.00509580    0.00441261    0.00226352    0.00231023    0.01595912    0.01461202    0.00699249    0.00000000 
max(|Force|)     :   0.00156285    0.00211770    0.00906702    0.01342545    0.00428116    0.00232444    0.01476162    0.01560675    0.00744996    0.00139315 
ksp              :   0.01000000    0.01905290    0.07192822    0.09324509    0.10000000    0.10000000    0.08537600    0.03369753    0.01000000 
max(|step|)      :   0.00000000    0.05465438    0.02622617    0.02278508    0.02656088    0.03218852    0.04650061    0.04575817    0.09344242    0.00000000 
angle (deg.)     :    37.8290  80.1088  36.2644  33.6421  30.5203  31.8470  63.7003  43.6734 
>
iteration       : 31
climbing        : yes
zoom on         : no
nim             : 10
barrier         :   0.02862187 (image:  5) 
distance        :   0.00000000    3.02399050    5.66838838    6.18233458    6.64575839    7.04870244    7.59984121    8.23738559    9.25424800   13.98343699 
energy          : -1077.14234302  -1077.14584536  -1077.13850716  -1077.12249625  -1077.11594446  -1077.11372115  -1077.11681054  -1077.13189112  -1077.14550307  -1077.15780440 
max(|Fr_perp|)   :   0.00000000    0.00297924    0.00423991    0.00753355    0.00239762    0.00383415    0.03142120    0.02430862    0.01279161    0.00000000 
Fr_paral         :   0.00000000   -0.00012673   -0.02177793   -0.02449035   -0.01172214    0.00021143    0.01404662    0.02372130    0.00694993    0.00000000 
max(|Fsp_paral|) :   0.00000000    0.00720870    0.00866872    0.00233796    0.00108927    0.00532033    0.00092974    0.00532253    0.00122283    0.00000000 
max(|Fsp_perp|)  :   0.00000000    0.00000000    0.00000000    0.00000000    0.00000000    0.00000000    0.00000000    0.00000000    0.00000000    0.00000000 
max(|FNEB|)      :   0.00000000    0.00729686    0.00889694    0.00782478    0.00240980    0.00383540    0.03141721    0.02376916    0.01346113    0.00000000 
max(|Force|)     :   0.00156285    0.00298247    0.00903656    0.01396128    0.00441228    0.00383290    0.03118751    0.02534457    0.01403903    0.00139315 
ksp              :   0.01000000    0.02206164    0.07240716    0.09300891    0.10000000    0.10000000    0.09028557    0.04286545    0.01000000 
max(|step|)      :   0.00000000    0.06426242    0.02372580    0.02277217    0.02953257    0.03409958    0.04869380    0.05154940    0.10000000    0.00000000 
angle (deg.)     :    40.0165  79.8493  36.0021  34.4218  32.0530  41.6113  50.6851  68.3394 
>
iteration       : 32
climbing        : yes
zoom on         : no
nim             : 10
barrier         :   0.02855338 (image:  5) 
distance        :   0.00000000    3.23536451    5.74043047    6.24099549    6.71160901    7.11636246    7.64933126    8.24751768    9.17502291   14.21778264 
energy          : -1077.14234302  -1077.14599417  -1077.13785425  -1077.12256092  -1077.11616573  -1077.11378963  -1077.11573065  -1077.12873327  -1077.14450384  -1077.15780440 
max(|Fr_perp|)   :   0.00000000    0.00307694    0.00728164    0.00900424    0.00345266    0.00570722    0.03825880    0.02791310    0.01382274    0.00000000 
Fr_paral         :   0.00000000   -0.00016623   -0.01693336   -0.02329075   -0.01155631   -0.00013444    0.00926659    0.02287528    0.00672886    0.00000000 
max(|Fsp_paral|) :   0.00000000    0.00702394    0.01063325    0.00297444    0.00115843    0.00451663    0.00104035    0.00277613    0.00052597    0.00000000 
max(|Fsp_perp|)  :   0.00000000    0.00000000    0.00000000    0.00000000    0.00000000    0.00000000    0.00000000    0.00000000    0.00000000    0.00000000 
max(|FNEB|)      :   0.00000000    0.00707099    0.01161914    0.00946178    0.00351272    0.00572830    0.03870558    0.02838892    0.01432665    0.00000000 
max(|Force|)     :   0.00156285    0.00309153    0.01030853    0.01423364    0.00485539    0.00572947    0.03855945    0.02868487    0.01541272    0.00139315 
ksp              :   0.01000000    0.02417404    0.07237582    0.09250969    0.10000000    0.10000000    0.09400320    0.05296623    0.01000000 
max(|step|)      :   0.00000000    0.00627131    0.01030511    0.00839173    0.00311546    0.00508047    0.03432827    0.02517835    0.01270642    0.00000000 
angle (deg.)     :    39.8476  79.2576  34.1267  34.1573  31.2786  38.7992  50.1263  68.7743 
>
iteration       : 33
climbing        : yes
zoom on         : no
nim             : 10
barrier         :   0.02841225 (image:  5) 
distance        :   0.00000000    3.25846094    5.73321190    6.25029660    6.71811011    7.12527781    7.66415268    8.24965258    9.17509672   14.21657648 
energy          : -1077.14234302  -1077.14604627  -1077.13850789  -1077.12294623  -1077.11627839  -1077.11393077  -1077.11735955  -1077.12932530  -1077.14467043  -1077.15780440 
max(|Fr_perp|)   :   0.00000000    0.00215985    0.00599081    0.00505377    0.00244323    0.00377992    0.00817871    0.01727456    0.00865262    0.00000000 
Fr_paral         :   0.00000000   -0.00013006   -0.01587731   -0.02455163   -0.01164704   -0.00006540    0.01472563    0.02653147    0.00547585    0.00000000 
max(|Fsp_paral|) :   0.00000000    0.00564655    0.00769489    0.00257097    0.00097847    0.00458212    0.00061452    0.00188435    0.00124063    0.00000000 
max(|Fsp_perp|)  :   0.00000000    0.00000000    0.00000000    0.00000000    0.00000000    0.00000000    0.00000000    0.00000000    0.00000000    0.00000000 
max(|FNEB|)      :   0.00000000    0.00588064    0.00933998    0.00550438    0.00244753    0.00377968    0.00803608    0.01755135    0.00877848    0.00000000 
max(|Force|)     :   0.00156285    0.00216284    0.00896525    0.01384997    0.00478115    0.00378017    0.00986383    0.01609769    0.00887488    0.00139315 
ksp              :   0.01000000    0.02214834    0.07144218    0.09256357    0.10000000    0.10000000    0.08913883    0.05123556    0.01000000 
max(|step|)      :   0.00000000    0.00531231    0.00851497    0.00499347    0.00227528    0.00365087    0.00398845    0.00675628    0.00343894    0.00000000 
angle (deg.)     :    39.7263  78.6608  32.8735  33.9179  31.1232  37.0990  49.1643  69.1937 
>
iteration       : 34
climbing        : yes
zoom on         : no
nim             : 10
barrier         :   0.02833704 (image:  5) 
distance        :   0.00000000    3.27745654    5.72740737    6.25727593    6.72312937    7.13243203    7.67362000    8.25325962    9.17745135   14.21658634 
energy          : -1077.14234302  -1077.14607298  -1077.13899567  -1077.12316107  -1077.11635136  -1077.11400597  -1077.11746321  -1077.12966176  -1077.14475355  -1077.15780440 
max(|Fr_perp|)   :   0.00000000    0.00146349    0.00526170    0.00446157    0.00175095    0.00252793    0.01111328    0.00828221    0.00450666    0.00000000 
Fr_paral         :   0.00000000   -0.00010360   -0.01513277   -0.02520636   -0.01173796    0.00000879    0.01487650    0.02735166    0.00536679    0.00000000 
max(|Fsp_paral|) :   0.00000000    0.00458280    0.00549456    0.00221994    0.00082426    0.00460058    0.00091726    0.00203982    0.00162232    0.00000000 
max(|Fsp_perp|)  :   0.00000000    0.00000000    0.00000000    0.00000000    0.00000000    0.00000000    0.00000000    0.00000000    0.00000000    0.00000000 
max(|FNEB|)      :   0.00000000    0.00483818    0.00763544    0.00465974    0.00175457    0.00252794    0.01088917    0.00855290    0.00465504    0.00000000 
max(|Force|)     :   0.00156285    0.00146571    0.00805333    0.01362311    0.00477122    0.00252792    0.01275687    0.01363427    0.00470553    0.00139315 
ksp              :   0.01000000    0.02063136    0.07092291    0.09255090    0.10000000    0.10000000    0.08901962    0.05027636    0.01000000 
max(|step|)      :   0.00000000    0.02641316    0.04205012    0.02548547    0.00994239    0.01507335    0.02076610    0.01894577    0.00789688    0.00000000 
angle (deg.)     :    39.2828  75.6325  30.0540  32.6786  31.0322  27.0894  43.8632  71.8412 
>
iteration       : 35
climbing        : yes
zoom on         : no
nim             : 10
barrier         :   0.02827712 (image:  5) 
distance        :   0.00000000    3.37056384    5.70210932    6.29100307    6.75291173    7.17360951    7.72525982    8.27448452    9.20562360   14.22824432 
energy          : -1077.14234302  -1077.14609766  -1077.14094846  -1077.12380891  -1077.11656038  -1077.11406589  -1077.11764720  -1077.13004023  -1077.14493350  -1077.15780440 
max(|Fr_perp|)   :   0.00000000    0.00174633    0.00318640    0.00408984    0.00154249    0.00215881    0.01478491    0.00389232    0.00347781    0.00000000 
Fr_paral         :   0.00000000    0.00001671   -0.01286252   -0.02681166   -0.01228197   -0.00002623    0.01587958    0.02837265    0.00432106    0.00000000 
max(|Fsp_paral|) :   0.00000000    0.00001142    0.00266681    0.00073044    0.00016856    0.00465235    0.00244186    0.00117243    0.00186788    0.00000000 
max(|Fsp_perp|)  :   0.00000000    0.00000000    0.00000000    0.00000000    0.00000000    0.00000000    0.00000000    0.00000000    0.00000000    0.00000000 
max(|FNEB|)      :   0.00000000    0.00174501    0.00512592    0.00320366    0.00152345    0.00215864    0.01561478    0.00404594    0.00363385    0.00000000 
max(|Force|)     :   0.00156285    0.00174628    0.00513476    0.01440241    0.00484381    0.00215899    0.01382642    0.01246740    0.00362820    0.00139315 
ksp              :   0.01000000    0.01443857    0.06899007    0.09206059    0.10000000    0.10000000    0.08860146    0.04915711    0.01000000 
max(|step|)      :   0.00000000    0.00629639    0.01118745    0.00815231    0.00517587    0.00510587    0.01877912    0.01176751    0.00972942    0.00000000 
angle (deg.)     :    39.2792  73.4167  29.8769  31.4994  31.3008  21.5673  41.7502  73.0480 
>
iteration       : 36
climbing        : yes
zoom on         : no
nim             : 10
barrier         :   0.02822192 (image:  5) 
distance        :   0.00000000    3.39157474    5.70016444    6.27875953    6.74765640    7.17156621    7.71957750    8.26402546    9.20433005   14.21484513 
energy          : -1077.14234302  -1077.14613726  -1077.14123129  -1077.12430383  -1077.11665498  -1077.11412110  -1077.11775966  -1077.13011307  -1077.14500423  -1077.15780440 
max(|Fr_perp|)   :   0.00000000    0.00093148    0.00208546    0.00397227    0.00131565    0.00172531    0.01205895    0.01162367    0.01000129    0.00000000 
Fr_paral         :   0.00000000    0.00005287   -0.01612557   -0.02769538   -0.01251415   -0.00006612    0.01635053    0.02881548    0.00477292    0.00000000 
max(|Fsp_paral|) :   0.00000000    0.00073661    0.00285410    0.00156541    0.00026593    0.00442713    0.00255075    0.00083440    0.00169565    0.00000000 
max(|Fsp_perp|)  :   0.00000000    0.00000000    0.00000000    0.00000000    0.00000000    0.00000000    0.00000000    0.00000000    0.00000000    0.00000000 
max(|FNEB|)      :   0.00000000    0.00109165    0.00293489    0.00343147    0.00129457    0.00172731    0.01221332    0.01151558    0.01079031    0.00000000 
max(|Force|)     :   0.00156285    0.00093108    0.00598908    0.01467365    0.00491987    0.00172331    0.01150967    0.01318477    0.01093362    0.00139315 
ksp              :   0.01000000    0.01354529    0.06752715    0.09191943    0.10000000    0.10000000    0.08839661    0.04900144    0.01000000 
max(|step|)      :   0.00000000    0.00139290    0.00439709    0.00322780    0.00149553    0.00214041    0.00376250    0.00341703    0.00458980    0.00000000 
angle (deg.)     :    39.3379  72.6352  29.7458  31.0810  31.4624  20.3095  41.3761  73.2421 
>
iteration       : 37
climbing        : yes
zoom on         : no
nim             : 10
barrier         :   0.02819517 (image:  5) 
distance        :   0.00000000    3.38906686    5.70348391    6.26907309    6.74056082    7.16489052    7.70909754    8.25589332    9.19968078   14.20614802 
energy          : -1077.14234302  -1077.14615098  -1077.14112844  -1077.12449032  -1077.11668169  -1077.11414784  -1077.11780744  -1077.13023622  -1077.14510433  -1077.15780440 
max(|Fr_perp|)   :   0.00000000    0.00078288    0.00167632    0.00357951    0.00129540    0.00146375    0.00769782    0.00654289    0.00340871    0.00000000 
Fr_paral         :   0.00000000    0.00004881   -0.01753550   -0.02807536   -0.01257628   -0.00007023    0.01659163    0.02894912    0.00449549    0.00000000 
max(|Fsp_paral|) :   0.00000000    0.00049190    0.00210535    0.00212147    0.00034024    0.00426951    0.00235079    0.00097049    0.00175223    0.00000000 
max(|Fsp_perp|)  :   0.00000000    0.00000000    0.00000000    0.00000000    0.00000000    0.00000000    0.00000000    0.00000000    0.00000000    0.00000000 
max(|FNEB|)      :   0.00000000    0.00101539    0.00244758    0.00215572    0.00127157    0.00146586    0.00780052    0.00642937    0.00423042    0.00000000 
max(|Force|)     :   0.00156285    0.00077651    0.00692162    0.01451113    0.00496378    0.00146165    0.00799653    0.01281203    0.00429636    0.00139315 
ksp              :   0.01000000    0.01387696    0.06698646    0.09191187    0.10000000    0.10000000    0.08831844    0.04864533    0.01000000 
max(|step|)      :   0.00000000    0.00300180    0.01327250    0.01167416    0.00714500    0.00805017    0.00900211    0.01461890    0.00931206    0.00000000 
angle (deg.)     :    39.5322  69.4184  30.2662  29.6970  32.3754  14.8682  39.9404  74.3689 
>
iteration       : 38
climbing        : yes
zoom on         : no
nim             : 10
barrier         :   0.02815440 (image:  5) 
distance        :   0.00000000    3.39643849    5.71367909    6.24985731    6.72857090    7.15734884    7.69081580    8.24439831    9.20608222   14.19364711 
energy          : -1077.14234302  -1077.14618108  -1077.14091290  -1077.12506049  -1077.11678950  -1077.11418861  -1077.11771589  -1077.13040419  -1077.14527826  -1077.15780440 
max(|Fr_perp|)   :   0.00000000    0.00098733    0.00299100    0.00290686    0.00124852    0.00141814    0.00169014    0.00335326    0.00122951    0.00000000 
Fr_paral         :   0.00000000    0.00004893   -0.02072895   -0.02895165   -0.01291257   -0.00016402    0.01667804    0.02922635    0.00418328    0.00000000 
max(|Fsp_paral|) :   0.00000000    0.00005457    0.00043040    0.00351516    0.00038862    0.00374190    0.00165214    0.00114026    0.00152124    0.00000000 
max(|Fsp_perp|)  :   0.00000000    0.00000000    0.00000000    0.00000000    0.00000000    0.00000000    0.00000000    0.00000000    0.00000000    0.00000000 
max(|FNEB|)      :   0.00000000    0.00099001    0.00276167    0.00222043    0.00122696    0.00142076    0.00144312    0.00346357    0.00168457    0.00000000 
max(|Force|)     :   0.00156285    0.00098634    0.00953660    0.01433008    0.00516032    0.00141551    0.00820364    0.01324139    0.00196131    0.00139315 
ksp              :   0.01000000    0.01457159    0.06524631    0.09168586    0.10000000    0.10000000    0.08872450    0.04816434    0.01000000 
max(|step|)      :   0.00000000    0.00393586    0.00747921    0.01119957    0.00688468    0.00655773    0.00534191    0.01201675    0.00924949    0.00000000 
angle (deg.)     :    39.7285  67.1780  31.0554  28.9595  33.2907  12.0900  39.4743  75.2097 
>
iteration       : 39
climbing        : yes
zoom on         : no
nim             : 10
barrier         :   0.02811394 (image:  5) 
distance        :   0.00000000    3.40932426    5.72455433    6.25258302    6.73236116    7.16656288    7.69459236    8.25341317    9.23411473   14.20366471 
energy          : -1077.14234302  -1077.14621470  -1077.14091699  -1077.12540125  -1077.11690536  -1077.11422907  -1077.11764041  -1077.13050797  -1077.14539427  -1077.15780440 
max(|Fr_perp|)   :   0.00000000    0.00090595    0.00361707    0.00289587    0.00121826    0.00147960    0.00224031    0.00211657    0.00847367    0.00000000 
Fr_paral         :   0.00000000    0.00008026   -0.02140081   -0.02937131   -0.01321409   -0.00024835    0.01662909    0.02923740    0.00353903    0.00000000 
max(|Fsp_paral|) :   0.00000000    0.00010207    0.00006791    0.00392481    0.00017302    0.00337607    0.00119893    0.00114198    0.00117185    0.00000000 
max(|Fsp_perp|)  :   0.00000000    0.00000000    0.00000000    0.00000000    0.00000000    0.00000000    0.00000000    0.00000000    0.00000000    0.00000000 
max(|FNEB|)      :   0.00000000    0.00091245    0.00360045    0.00200770    0.00119645    0.00148251    0.00227191    0.00221204    0.00857995    0.00000000 
max(|Force|)     :   0.00156285    0.00090426    0.01008604    0.01443860    0.00527439    0.00147668    0.00817288    0.01316727    0.00860885    0.00139315 
ksp              :   0.01000000    0.01456508    0.06423498    0.09143251    0.10000000    0.10000000    0.08907944    0.04788704    0.01000000 
max(|step|)      :   0.00000000    0.01083082    0.01730235    0.03302088    0.02066925    0.01919310    0.01450664    0.03145624    0.02725634    0.00000000 
angle (deg.)     :    40.4204  62.2615  34.4119  27.7376  36.5558  18.3438  40.8602  76.7997 
>
iteration       : 40
climbing        : yes
zoom on         : no
nim             : 10
barrier         :   0.02798501 (image:  5) 
distance        :   0.00000000    3.44209957    5.76591771    6.28599148    6.76485962    7.21439264    7.73538457    8.31615961    9.35699684   14.27259956 
energy          : -1077.14234302  -1077.14631586  -1077.14098586  -1077.12613271  -1077.11723743  -1077.11435800  -1077.11745357  -1077.13065338  -1077.14585254  -1077.15780440 
max(|Fr_perp|)   :   0.00000000    0.00084212    0.00340933    0.00301362    0.00134944    0.00103874    0.00628396    0.00975798    0.00585959    0.00000000 
Fr_paral         :   0.00000000    0.00019441   -0.02128631   -0.03001302   -0.01399463   -0.00047870    0.01625130    0.02840066    0.00359422    0.00000000 
max(|Fsp_paral|) :   0.00000000    0.00028476    0.00035497    0.00434970    0.00059347    0.00262228    0.00008039    0.00108446    0.00016795    0.00000000 
max(|Fsp_perp|)  :   0.00000000    0.00000000    0.00000000    0.00000000    0.00000000    0.00000000    0.00000000    0.00000000    0.00000000    0.00000000 
max(|FNEB|)      :   0.00000000    0.00097680    0.00363617    0.00205837    0.00133849    0.00103873    0.00633307    0.00983820    0.00578986    0.00000000 
max(|Force|)     :   0.00156285    0.00081717    0.00962181    0.01473358    0.00552886    0.00103875    0.00811437    0.01284746    0.00656485    0.00139315 
ksp              :   0.01000000    0.01436463    0.06213245    0.09073975    0.10000000    0.10000000    0.09004464    0.04759395    0.01000000 
max(|step|)      :   0.00000000    0.00509288    0.01022540    0.01296147    0.00961596    0.00846399    0.00422232    0.00808366    0.01269614    0.00000000 
angle (deg.)     :    40.7927  62.5668  34.3263  27.6445  37.3764  21.2104  41.7215  76.3555 
>
iteration       : 41
climbing        : yes
zoom on         : no
nim             : 10
barrier         :   0.02792046 (image:  5) 
distance        :   0.00000000    3.44949070    5.79314436    6.32234176    6.79571958    7.24845132    7.77392059    8.35531275    9.41862871   14.31072827 
energy          : -1077.14234302  -1077.14635985  -1077.14122189  -1077.12611824  -1077.11733205  -1077.11442255  -1077.11754273  -1077.13082186  -1077.14600851  -1077.15780440 
max(|Fr_perp|)   :   0.00000000    0.00079347    0.00235977    0.00322653    0.00137051    0.00118165    0.00284872    0.00145790    0.00811935    0.00000000 
Fr_paral         :   0.00000000    0.00024908   -0.02004521   -0.02989169   -0.01412351   -0.00052618    0.01647129    0.02825919    0.00300163    0.00000000 
max(|Fsp_paral|) :   0.00000000    0.00071201    0.00036074    0.00385297    0.00094210    0.00268302    0.00010535    0.00084671    0.00052415    0.00000000 
max(|Fsp_perp|)  :   0.00000000    0.00000000    0.00000000    0.00000000    0.00000000    0.00000000    0.00000000    0.00000000    0.00000000    0.00000000 
max(|FNEB|)      :   0.00000000    0.00112094    0.00234197    0.00105888    0.00135754    0.00117958    0.00265783    0.00165167    0.00807225    0.00000000 
max(|Force|)     :   0.00156285    0.00076204    0.00786104    0.01482566    0.00558700    0.00118373    0.00771415    0.01236918    0.00825018    0.00139315 
ksp              :   0.01000000    0.01361389    0.06229965    0.09062140    0.10000000    0.10000000    0.08994228    0.04713779    0.01000000 
max(|step|)      :   0.00000000    0.00540075    0.01131048    0.00713460    0.00698664    0.00614930    0.00400641    0.00444966    0.00662688    0.00000000 
angle (deg.)     :    41.1281  64.4048  32.9827  27.6815  37.2927  20.9512  42.2850  75.1504 
>
iteration       : 42
climbing        : yes
zoom on         : no
nim             : 10
barrier         :   0.02787864 (image:  5) 
distance        :   0.00000000    3.44438438    5.82075813    6.35906291    6.82532356    7.27684913    7.80736776    8.38151509    9.45754119   14.33318798 
energy          : -1077.14234302  -1077.14638801  -1077.14133079  -1077.12584444  -1077.11734376  -1077.11446437  -1077.11765909  -1077.13084919  -1077.14612497  -1077.15780440 
max(|Fr_perp|)   :   0.00000000    0.00074897    0.00239181    0.00333969    0.00138868    0.00134978    0.00228903    0.00600489    0.00666342    0.00000000 
Fr_paral         :   0.00000000    0.00027775   -0.01832662   -0.02947701   -0.01402587   -0.00052598    0.01670102    0.02822055    0.00331300    0.00000000 
max(|Fsp_paral|) :   0.00000000    0.00080177    0.00089149    0.00319209    0.00113541    0.00291400    0.00064560    0.00031706    0.00083964    0.00000000 
max(|Fsp_perp|)  :   0.00000000    0.00000000    0.00000000    0.00000000    0.00000000    0.00000000    0.00000000    0.00000000    0.00000000    0.00000000 
max(|FNEB|)      :   0.00000000    0.00111417    0.00222820    0.00103854    0.00137138    0.00134599    0.00247032    0.00594553    0.00658651    0.00000000 
max(|Force|)     :   0.00156285    0.00071425    0.00571886    0.01476191    0.00553237    0.00135357    0.00774719    0.01208093    0.00680623    0.00139315 
ksp              :   0.01000000    0.01326774    0.06326198    0.09070454    0.10000000    0.10000000    0.08968657    0.04710527    0.01000000 
max(|step|)      :   0.00000000    0.01292621    0.02242474    0.01591556    0.01695168    0.01548468    0.01076844    0.01022607    0.01629131    0.00000000 
angle (deg.)     :    41.8897  68.1703  31.1840  27.4754  37.0574  19.6446  44.2896  72.2913 
>
iteration       : 43
climbing        : yes
zoom on         : no
nim             : 10
barrier         :   0.02778268 (image:  5) 
distance        :   0.00000000    3.43085693    5.88526267    6.43781289    6.89589787    7.34122907    7.88071747    8.44595714    9.54527876   14.38338337 
energy          : -1077.14234302  -1077.14644977  -1077.14134246  -1077.12533745  -1077.11732531  -1077.11456034  -1077.11786644  -1077.13111234  -1077.14636113  -1077.15780440 
max(|Fr_perp|)   :   0.00000000    0.00071292    0.00385551    0.00351890    0.00139193    0.00157385    0.00436413    0.00727787    0.00178590    0.00000000 
Fr_paral         :   0.00000000    0.00033534   -0.01566601   -0.02859143   -0.01364831   -0.00051877    0.01703235    0.02817807    0.00411117    0.00000000 
max(|Fsp_paral|) :   0.00000000    0.00049336    0.00127154    0.00222914    0.00112519    0.00346998    0.00144793    0.00020648    0.00112776    0.00000000 
max(|Fsp_perp|)  :   0.00000000    0.00000000    0.00000000    0.00000000    0.00000000    0.00000000    0.00000000    0.00000000    0.00000000    0.00000000 
max(|FNEB|)      :   0.00000000    0.00090746    0.00471961    0.00382641    0.00136422    0.00156700    0.00416635    0.00722000    0.00203838    0.00000000 
max(|Force|)     :   0.00156285    0.00071085    0.00533691    0.01452556    0.00534933    0.00158070    0.00779124    0.01178567    0.00198654    0.00139315 
ksp              :   0.01000000    0.01324124    0.06508830    0.09104306    0.10000000    0.10000000    0.08929013    0.04638097    0.01000000 
max(|step|)      :   0.00000000    0.02502131    0.04714491    0.03861740    0.03856981    0.03606833    0.02483527    0.01675687    0.03591278    0.00000000 
angle (deg.)     :    43.3516  72.7759  30.8750  26.4809  37.7994  19.9122  49.5799  67.9349 
>
iteration       : 44
climbing        : yes
zoom on         : no
nim             : 10
barrier         :   0.02756532 (image:  5) 
distance        :   0.00000000    3.42565893    6.01123103    6.58504192    7.04245877    7.47794338    8.03366612    8.60024238    9.75469659   14.51148983 
energy          : -1077.14234302  -1077.14657138  -1077.14148487  -1077.12480012  -1077.11734761  -1077.11477769  -1077.11809434  -1077.13166047  -1077.14676641  -1077.15780440 
max(|Fr_perp|)   :   0.00000000    0.00144635    0.00471994    0.01268646    0.00132363    0.00170032    0.00774212    0.01376130    0.00821796    0.00000000 
Fr_paral         :   0.00000000    0.00048188   -0.01396092   -0.02696553   -0.01300265   -0.00050827    0.01701215    0.02692468    0.00502471    0.00000000 
max(|Fsp_paral|) :   0.00000000    0.00031176    0.00199897    0.00128659    0.00065881    0.00443484    0.00210434    0.00052217    0.00179150    0.00000000 
max(|Fsp_perp|)  :   0.00000000    0.00000000    0.00000000    0.00000000    0.00000000    0.00000000    0.00000000    0.00000000    0.00000000    0.00000000 
max(|FNEB|)      :   0.00000000    0.00144040    0.00618527    0.01248973    0.00128681    0.00168690    0.00769998    0.01371379    0.00845826    0.00000000 
max(|Force|)     :   0.00156285    0.00144872    0.00556117    0.01418725    0.00502549    0.00171374    0.00869698    0.01529555    0.00908987    0.00139315 
ksp              :   0.01000000    0.01280181    0.06727705    0.09160930    0.10000000    0.10000000    0.08917124    0.04487820    0.01000000 
max(|step|)      :   0.00000000    0.01173043    0.02209144    0.01805764    0.01844786    0.01771561    0.01273073    0.00866159    0.01717769    0.00000000 
angle (deg.)     :    44.0092  74.3077  30.8502  25.6639  38.2735  19.8683  52.1647  66.2145 
>
iteration       : 45
climbing        : yes
zoom on         : no
nim             : 10
barrier         :   0.02745304 (image:  5) 
distance        :   0.00000000    3.42383293    6.06978561    6.64463075    7.10596268    7.53713277    8.09946258    8.67137871    9.85137326   14.57094060 
energy          : -1077.14234302  -1077.14662422  -1077.14153180  -1077.12505798  -1077.11736754  -1077.11488998  -1077.11838383  -1077.13223095  -1077.14698417  -1077.15780440 
max(|Fr_perp|)   :   0.00000000    0.00082822    0.00398459    0.00301235    0.00129005    0.00164077    0.00469963    0.00525974    0.00602904    0.00000000 
Fr_paral         :   0.00000000    0.00054962   -0.01465032   -0.02800683   -0.01270646   -0.00049576    0.01764574    0.02690212    0.00493444    0.00000000 
max(|Fsp_paral|) :   0.00000000    0.00019886    0.00171818    0.00159582    0.00029421    0.00480729    0.00232933    0.00011243    0.00155422    0.00000000 
max(|Fsp_perp|)  :   0.00000000    0.00000000    0.00000000    0.00000000    0.00000000    0.00000000    0.00000000    0.00000000    0.00000000    0.00000000 
max(|FNEB|)      :   0.00000000    0.00082403    0.00526338    0.00201409    0.00125851    0.00162540    0.00459424    0.00520746    0.00626502    0.00000000 
max(|Force|)     :   0.00156285    0.00083122    0.00563405    0.01401115    0.00487707    0.00165615    0.00885573    0.01118166    0.00694563    0.00139315 
ksp              :   0.01000000    0.01265943    0.06666598    0.09187773    0.10000000    0.10000000    0.08854602    0.04315064    0.01000000 
max(|step|)      :   0.00000000    0.02174378    0.04153322    0.03499732    0.03555721    0.03456034    0.02559638    0.01910238    0.03282874    0.00000000 
angle (deg.)     :    45.1928  76.3838  31.7098  24.2591  39.4251  20.4241  56.6376  63.5733 
>
iteration       : 46
climbing        : yes
zoom on         : no
nim             : 10
barrier         :   0.02724381 (image:  5) 
distance        :   0.00000000    3.42539889    6.17789688    6.74957158    7.22138423    7.64672356    8.21982714    8.80697938   10.03646935   14.68653538 
energy          : -1077.14234302  -1077.14670627  -1077.14161738  -1077.12523867  -1077.11743005  -1077.11509921  -1077.11867227  -1077.13297725  -1077.14736798  -1077.15780440 
max(|Fr_perp|)   :   0.00000000    0.00069052    0.00273688    0.00279675    0.00122587    0.00141544    0.00252180    0.00442367    0.00177058    0.00000000 
Fr_paral         :   0.00000000    0.00066795   -0.01714373   -0.02819595   -0.01221994   -0.00044967    0.01789180    0.02576574    0.00471004    0.00000000 
max(|Fsp_paral|) :   0.00000000    0.00003470    0.00131379    0.00219711    0.00041191    0.00538278    0.00229124    0.00058849    0.00155276    0.00000000 
max(|Fsp_perp|)  :   0.00000000    0.00000000    0.00000000    0.00000000    0.00000000    0.00000000    0.00000000    0.00000000    0.00000000    0.00000000 
max(|FNEB|)      :   0.00000000    0.00069123    0.00344925    0.00297567    0.00121302    0.00139781    0.00285226    0.00399254    0.00276732    0.00000000 
max(|Force|)     :   0.00156285    0.00069413    0.00714415    0.01371421    0.00464087    0.00143307    0.00913996    0.01059127    0.00272492    0.00139315 
ksp              :   0.01000000    0.01239715    0.06650424    0.09230005    0.10000000    0.10000000    0.08819636    0.04093983    0.01000000 
max(|step|)      :   0.00000000    0.02016957    0.03895268    0.03257456    0.03366063    0.03291827    0.02708325    0.01832983    0.03077427    0.00000000 
angle (deg.)     :    46.2518  78.1935  32.5974  23.3563  39.8589  19.5077  60.6645  61.3265 
>
iteration       : 47
climbing        : yes
zoom on         : no
nim             : 10
barrier         :   0.02705297 (image:  5) 
distance        :   0.00000000    3.42821635    6.27756540    6.84241266    7.32370370    7.74702588    8.32707502    8.93020449   10.19835344   14.78757394 
energy          : -1077.14234302  -1077.14676894  -1077.14165185  -1077.12544282  -1077.11752048  -1077.11529005  -1077.11891700  -1077.13362256  -1077.14767067  -1077.15780440 
max(|Fr_perp|)   :   0.00000000    0.00071395    0.00314302    0.00384086    0.00113724    0.00118783    0.00327254    0.00637543    0.00136812    0.00000000 
Fr_paral         :   0.00000000    0.00076883   -0.01918962   -0.02837615   -0.01183067   -0.00035344    0.01799189    0.02464032    0.00454311    0.00000000 
max(|Fsp_paral|) :   0.00000000    0.00020008    0.00076120    0.00286448    0.00090618    0.00568578    0.00205169    0.00143831    0.00139629    0.00000000 
max(|Fsp_perp|)  :   0.00000000    0.00000000    0.00000000    0.00000000    0.00000000    0.00000000    0.00000000    0.00000000    0.00000000    0.00000000 
max(|FNEB|)      :   0.00000000    0.00071823    0.00310512    0.00410884    0.00119178    0.00117222    0.00341966    0.00652085    0.00168222    0.00000000 
max(|Force|)     :   0.00156285    0.00071668    0.00932961    0.01363636    0.00445675    0.00120345    0.00940222    0.01111140    0.00187777    0.00139315 
ksp              :   0.01000000    0.01229936    0.06622369    0.09257980    0.10000000    0.10000000    0.08793382    0.03901126    0.01000000 
max(|step|)      :   0.00000000    0.04469489    0.08780773    0.07432247    0.07719654    0.07545353    0.06828054    0.04400651    0.06972976    0.00000000 
angle (deg.)     :    48.5359  82.2668  34.5256  22.8341  39.4023  15.8015  69.2744  57.1425 
>
iteration       : 48
climbing        : yes
zoom on         : no
nim             : 10
barrier         :   0.02662483 (image:  5) 
distance        :   0.00000000    3.44166780    6.50003058    7.05699962    7.54898766    7.97856697    8.56960831    9.20689032   10.54988745   15.01048577 
energy          : -1077.14234302  -1077.14687014  -1077.14169119  -1077.12581891  -1077.11782972  -1077.11571818  -1077.11943027  -1077.13482985  -1077.14824576  -1077.15780440 
max(|Fr_perp|)   :   0.00000000    0.00188024    0.00637190    0.00223840    0.00118292    0.00122865    0.00833036    0.00953489    0.00282559    0.00000000 
Fr_paral         :   0.00000000    0.00099238   -0.02117196   -0.02859479   -0.01123108   -0.00002575    0.01796635    0.02192017    0.00430003    0.00000000 
max(|Fsp_paral|) :   0.00000000    0.00074260    0.00019659    0.00363151    0.00110163    0.00584096    0.00138717    0.00319533    0.00103037    0.00000000 
max(|Fsp_perp|)  :   0.00000000    0.00000000    0.00000000    0.00000000    0.00000000    0.00000000    0.00000000    0.00000000    0.00000000    0.00000000 
max(|FNEB|)      :   0.00000000    0.00186461    0.00642141    0.00193425    0.00148925    0.00122775    0.00846738    0.00932399    0.00341770    0.00000000 
max(|Force|)     :   0.00156285    0.00187511    0.01112747    0.01356456    0.00419967    0.00122954    0.00992591    0.01049295    0.00272119    0.00139315 
ksp              :   0.01000000    0.01220338    0.06585648    0.09286236    0.10000000    0.10000000    0.08745201    0.03539679    0.01000000 
max(|step|)      :   0.00000000    0.04931317    0.10000000    0.08851479    0.08964088    0.08731256    0.08027254    0.05617323    0.08000254    0.00000000 
angle (deg.)     :    50.9987  86.0823  37.2653  23.1441  39.2500  13.6048  77.6757  54.1243 
>
iteration       : 49
climbing        : yes
zoom on         : no
nim             : 10
barrier         :   0.02615392 (image:  5) 
distance        :   0.00000000    3.47538053    6.75500553    7.31537636    7.81551981    8.25988181    8.86617772    9.54362919   10.97782992   15.29625130 
energy          : -1077.14234302  -1077.14692679  -1077.14174593  -1077.12622022  -1077.11822883  -1077.11618910  -1077.12044156  -1077.13611969  -1077.14879386  -1077.15780440 
max(|Fr_perp|)   :   0.00000000    0.00115389    0.00589953    0.00274342    0.00151081    0.00123862    0.00617301    0.01014546    0.00442153    0.00000000 
Fr_paral         :   0.00000000    0.00126324   -0.02156208   -0.02856322   -0.01075921    0.00039131    0.01935387    0.01950337    0.00392297    0.00000000 
max(|Fsp_paral|) :   0.00000000    0.00121741    0.00085934    0.00396143    0.00081174    0.00578605    0.00115285    0.00477026    0.00059034    0.00000000 
max(|Fsp_perp|)  :   0.00000000    0.00000000    0.00000000    0.00000000    0.00000000    0.00000000    0.00000000    0.00000000    0.00000000    0.00000000 
max(|FNEB|)      :   0.00000000    0.00156617    0.00658369    0.00313790    0.00146570    0.00126777    0.00652548    0.01124125    0.00498047    0.00000000 
max(|Force|)     :   0.00156285    0.00116345    0.01196415    0.01379277    0.00407368    0.00124966    0.01046235    0.01118900    0.00410162    0.00139315 
ksp              :   0.01000000    0.01209114    0.06547904    0.09298337    0.10000000    0.10000000    0.08538361    0.03142817    0.01000000 
max(|step|)      :   0.00000000    0.00247958    0.01042333    0.00496794    0.00232051    0.00200714    0.01033118    0.01779720    0.00788511    0.00000000 
angle (deg.)     :    50.9614  85.5336  35.4242  23.1192  38.3888  13.3392  76.5330  54.5585 
>
iteration       : 50
climbing        : yes
zoom on         : no
nim             : 10
barrier         :   0.02612973 (image:  5) 
distance        :   0.00000000    3.48185779    6.74803625    7.31786499    7.80940127    8.25758431    8.86290527    9.52402426   10.94410013   15.26281787 
energy          : -1077.14234302  -1077.14695078  -1077.14223464  -1077.12610777  -1077.11829286  -1077.11621328  -1077.12054745  -1077.13583463  -1077.14880851  -1077.15780440 
max(|Fr_perp|)   :   0.00000000    0.00078876    0.00369778    0.00534975    0.00124426    0.00133139    0.00868209    0.01788528    0.00825503    0.00000000 
Fr_paral         :   0.00000000    0.00122625   -0.02064995   -0.02823204   -0.01093294    0.00044820    0.01955122    0.02042817    0.00437306    0.00000000 
max(|Fsp_paral|) :   0.00000000    0.00023953    0.00114275    0.00323856    0.00032033    0.00562593    0.00177542    0.00382182    0.00089150    0.00000000 
max(|Fsp_perp|)  :   0.00000000    0.00000000    0.00000000    0.00000000    0.00000000    0.00000000    0.00000000    0.00000000    0.00000000    0.00000000 
max(|FNEB|)      :   0.00000000    0.00081354    0.00379309    0.00517486    0.00123308    0.00134782    0.00848818    0.01724480    0.00851000    0.00000000 
max(|Force|)     :   0.00156285    0.00075822    0.01003314    0.01384595    0.00419030    0.00131496    0.01027587    0.01927563    0.00797395    0.00139315 
ksp              :   0.01000000    0.01037327    0.06591991    0.09283720    0.10000000    0.10000000    0.08507161    0.03241716    0.01000000 
max(|step|)      :   0.00000000    0.00121475    0.00625413    0.00259333    0.00143864    0.00124818    0.00393727    0.00542775    0.00284970    0.00000000 
angle (deg.)     :    50.9470  85.0627  34.2121  23.0736  37.7291  13.2452  75.6063  54.9309 
>
iteration       : 51
climbing        : yes
zoom on         : no
nim             : 10
barrier         :   0.02611635 (image:  5) 
distance        :   0.00000000    3.48404817    6.74295022    7.31622048    7.80227350    8.25289569    8.85667244    9.50674069   10.91489139   15.23434733 
energy          : -1077.14234302  -1077.14696418  -1077.14245694  -1077.12606290  -1077.11833344  -1077.11622667  -1077.12066281  -1077.13585108  -1077.14885395  -1077.15780440 
max(|Fr_perp|)   :   0.00000000    0.00076553    0.00231309    0.00343585    0.00134035    0.00137583    0.00669112    0.01078369    0.00504511    0.00000000 
Fr_paral         :   0.00000000    0.00120988   -0.02001194   -0.02812414   -0.01104375    0.00048423    0.01989908    0.02121140    0.00433027    0.00000000 
max(|Fsp_paral|) :   0.00000000    0.00058269    0.00171622    0.00287642    0.00000557    0.00547900    0.00221096    0.00354393    0.00075590    0.00000000 
max(|Fsp_perp|)  :   0.00000000    0.00000000    0.00000000    0.00000000    0.00000000    0.00000000    0.00000000    0.00000000    0.00000000    0.00000000 
max(|FNEB|)      :   0.00000000    0.00082372    0.00287245    0.00323500    0.00129401    0.00137486    0.00642660    0.01014245    0.00525860    0.00000000 
max(|Force|)     :   0.00156285    0.00074338    0.00877154    0.01386402    0.00426205    0.00137680    0.01015585    0.01234162    0.00500682    0.00139315 
ksp              :   0.01000000    0.01000000    0.06610317    0.09273982    0.10000000    0.10000000    0.08471253    0.03237197    0.01000000 
max(|step|)      :   0.00000000    0.00608915    0.02559673    0.01312597    0.00662831    0.00728647    0.02395050    0.03037866    0.01096069    0.00000000 
angle (deg.)     :    50.9068  82.5715  30.5002  23.0515  34.1589  14.3441  69.8656  57.5247 
>
iteration       : 52
climbing        : yes
zoom on         : no
nim             : 10
barrier         :   0.02607016 (image:  5) 
distance        :   0.00000000    3.48851555    6.71616161    7.30436698    7.76691206    8.22817046    8.82068454    9.41583962   10.75947592   15.08269540 
energy          : -1077.14234302  -1077.14701346  -1077.14253357  -1077.12568013  -1077.11850008  -1077.11627286  -1077.12103213  -1077.13508428  -1077.14891242  -1077.15780440 
max(|Fr_perp|)   :   0.00000000    0.00074446    0.00501764    0.00320759    0.00163505    0.00116801    0.00450818    0.00287085    0.00157814    0.00000000 
Fr_paral         :   0.00000000    0.00116149   -0.01352410   -0.02684323   -0.01146222    0.00061466    0.02102738    0.02377955    0.00444177    0.00000000 
max(|Fsp_paral|) :   0.00000000    0.00068044    0.00282319    0.00118087    0.00130512    0.00467028    0.00407034    0.00097291    0.00128059    0.00000000 
max(|Fsp_perp|)  :   0.00000000    0.00000000    0.00000000    0.00000000    0.00000000    0.00000000    0.00000000    0.00000000    0.00000000    0.00000000 
max(|FNEB|)      :   0.00000000    0.00085700    0.00705672    0.00262922    0.00158671    0.00116680    0.00487588    0.00306222    0.00233340    0.00000000 
max(|Force|)     :   0.00156285    0.00074204    0.00513810    0.01384435    0.00460255    0.00116922    0.00976187    0.01063998    0.00212601    0.00139315 
ksp              :   0.01000000    0.01000000    0.06752400    0.09231112    0.10000000    0.10000000    0.08356992    0.03505877    0.01000000 
max(|step|)      :   0.00000000    0.00416241    0.00963884    0.00544803    0.00404214    0.00514930    0.01677565    0.01765841    0.00806154    0.00000000 
angle (deg.)     :    50.8369  80.7246  29.5830  22.7047  32.2075  15.6380  66.2732  59.4315 
>
iteration       : 53
climbing        : yes
zoom on         : no
nim             : 10
barrier         :   0.02602527 (image:  5) 
distance        :   0.00000000    3.48726747    6.70006669    7.28078682    7.74484592    8.20462630    8.78084553    9.36779482   10.66247983   14.99126486 
energy          : -1077.14234302  -1077.14704068  -1077.14248415  -1077.12576146  -1077.11853182  -1077.11631775  -1077.12101648  -1077.13470622  -1077.14888129  -1077.15780440 
max(|Fr_perp|)   :   0.00000000    0.00096003    0.00491279    0.00304153    0.00141050    0.00143482    0.00708287    0.01524173    0.00423579    0.00000000 
Fr_paral         :   0.00000000    0.00113966   -0.01360063   -0.02677701   -0.01145867    0.00070818    0.02089707    0.02347985    0.00444902    0.00000000 
max(|Fsp_paral|) :   0.00000000    0.00071539    0.00272713    0.00148634    0.00117655    0.00412697    0.00364487    0.00075733    0.00130942    0.00000000 
max(|Fsp_perp|)  :   0.00000000    0.00000000    0.00000000    0.00000000    0.00000000    0.00000000    0.00000000    0.00000000    0.00000000    0.00000000 
max(|FNEB|)      :   0.00000000    0.00095505    0.00681366    0.00219710    0.00135945    0.00144658    0.00703372    0.01540281    0.00479521    0.00000000 
max(|Force|)     :   0.00156285    0.00096343    0.00520037    0.01365604    0.00465038    0.00142306    0.00987205    0.01463364    0.00461941    0.00139315 
ksp              :   0.01000000    0.01000000    0.06734196    0.09234335    0.10000000    0.10000000    0.08375094    0.03640939    0.01000000 
max(|step|)      :   0.00000000    0.00854043    0.01793621    0.01153475    0.00815944    0.01075961    0.03367458    0.03652311    0.01656969    0.00000000 
angle (deg.)     :    50.6907  76.8480  28.9903  22.0930  29.1641  19.0402  58.7578  63.9526 
>
iteration       : 54
climbing        : yes
zoom on         : no
nim             : 10
barrier         :   0.02594186 (image:  5) 
distance        :   0.00000000    3.48240952    6.66969167    7.23298731    7.70576885    8.15971576    8.70807947    9.29157909   10.49314224   14.83457497 
energy          : -1077.14234302  -1077.14708503  -1077.14238306  -1077.12600015  -1077.11855790  -1077.11640115  -1077.12096469  -1077.13445076  -1077.14878108  -1077.15780440 
max(|Fr_perp|)   :   0.00000000    0.00061305    0.00329361    0.00350740    0.00143789    0.00156907    0.00495769    0.01469279    0.00540968    0.00000000 
Fr_paral         :   0.00000000    0.00111289   -0.01581414   -0.02685329   -0.01133096    0.00087926    0.02048611    0.02451666    0.00430402    0.00000000 
max(|Fsp_paral|) :   0.00000000    0.00076803    0.00228277    0.00245493    0.00061033    0.00331835    0.00245736    0.00161775    0.00052748    0.00000000 
max(|Fsp_perp|)  :   0.00000000    0.00000000    0.00000000    0.00000000    0.00000000    0.00000000    0.00000000    0.00000000    0.00000000    0.00000000 
max(|FNEB|)      :   0.00000000    0.00088308    0.00435237    0.00196530    0.00140750    0.00157348    0.00483102    0.01493068    0.00529712    0.00000000 
max(|Force|)     :   0.00156285    0.00066400    0.00598827    0.01335044    0.00459981    0.00156466    0.00972654    0.01440115    0.00574613    0.00139315 
ksp              :   0.01000000    0.01000000    0.06669823    0.09251762    0.10000000    0.10000000    0.08416774    0.03738056    0.01000000 
max(|step|)      :   0.00000000    0.02187781    0.03102646    0.02291607    0.02435218    0.03022003    0.07396927    0.10000000    0.03339048    0.00000000 
angle (deg.)     :    50.4358  68.2560  31.8851  23.5740  28.5150  25.1530  41.7011  79.7421 
>
iteration       : 55
climbing        : yes
zoom on         : no
nim             : 10
barrier         :   0.02584270 (image:  5) 
distance        :   0.00000000    3.45388492    6.61777649    7.16469354    7.63893918    8.08151047    8.61204203    9.17723278   10.26434446   14.62149019 
energy          : -1077.14234302  -1077.14712763  -1077.14157983  -1077.12576139  -1077.11864092  -1077.11650031  -1077.12031828  -1077.13282245  -1077.14850946  -1077.15780440 
max(|Fr_perp|)   :   0.00000000    0.00149881    0.01013441    0.01588286    0.00594679    0.00720693    0.00989548    0.02282605    0.00756518    0.00000000 
Fr_paral         :   0.00000000    0.00105097   -0.01903532   -0.02540144   -0.01107987    0.00102887    0.01637071    0.02520961    0.00299543    0.00000000 
max(|Fsp_paral|) :   0.00000000    0.00142745    0.00120442    0.00261992    0.00013046    0.00307456    0.00158389    0.00077142    0.00132108    0.00000000 
max(|Fsp_perp|)  :   0.00000000    0.00000000    0.00000000    0.00000000    0.00000000    0.00000000    0.00000000    0.00000000    0.00000000    0.00000000 
max(|FNEB|)      :   0.00000000    0.00167248    0.01032261    0.01615425    0.00596508    0.00728971    0.01016588    0.02341032    0.00712921    0.00000000 
max(|Force|)     :   0.00156285    0.00149408    0.00992176    0.01530329    0.00603414    0.00728065    0.01023584    0.02224757    0.00823451    0.00139315 
ksp              :   0.01000000    0.01270709    0.06779599    0.09254339    0.10000000    0.10000000    0.08674878    0.04325084    0.01000000 
max(|step|)      :   0.00000000    0.00118149    0.00729222    0.01141187    0.00421392    0.00514968    0.00718150    0.01653778    0.00503630    0.00000000 
angle (deg.)     :    50.4128  68.3050  30.9088  23.4995  28.2880  23.2955  41.1983  79.7211 
>
iteration       : 56
climbing        : yes
zoom on         : no
nim             : 10
barrier         :   0.02575124 (image:  5) 
distance        :   0.00000000    3.45750917    6.61847026    7.16755966    7.64166563    8.08347114    8.61339137    9.17865087   10.26154729   14.61716219 
energy          : -1077.14234302  -1077.14714524  -1077.14203318  -1077.12613603  -1077.11870953  -1077.11659177  -1077.12073950  -1077.13360023  -1077.14858942  -1077.15780440 
max(|Fr_perp|)   :   0.00000000    0.00057676    0.00263766    0.00325948    0.00239865    0.00276994    0.00258161    0.00418452    0.00222071    0.00000000 
Fr_paral         :   0.00000000    0.00104619   -0.02052788   -0.02684212   -0.01107149    0.00099217    0.01791871    0.02820679    0.00295756    0.00000000 
max(|Fsp_paral|) :   0.00000000    0.00011777    0.00060514    0.00282262    0.00009832    0.00305950    0.00183495    0.00171903    0.00013847    0.00000000 
max(|Fsp_perp|)  :   0.00000000    0.00000000    0.00000000    0.00000000    0.00000000    0.00000000    0.00000000    0.00000000    0.00000000    0.00000000 
max(|FNEB|)      :   0.00000000    0.00055480    0.00289351    0.00319102    0.00235558    0.00277323    0.00275404    0.00493575    0.00220630    0.00000000 
max(|Force|)     :   0.00156285    0.00056722    0.00851010    0.01362619    0.00454319    0.00276666    0.00837451    0.01329851    0.00236045    0.00139315 
ksp              :   0.01000000    0.01108286    0.06664303    0.09259847    0.10000000    0.10000000    0.08550378    0.04055582    0.01000000 
max(|step|)      :   0.00000000    0.00038752    0.00191014    0.00120289    0.00175162    0.00207508    0.00202765    0.00256851    0.00135387    0.00000000 
angle (deg.)     :    50.4049  68.3780  30.6491  23.5814  28.2029  22.3278  41.2324  79.7388 
>
iteration       : 57
climbing        : yes
zoom on         : no
nim             : 10
barrier         :   0.02573343 (image:  5) 
distance        :   0.00000000    3.45804185    6.62078651    7.17005517    7.64341036    8.08463303    8.61328950    9.17813760   10.26247712   14.61628801 
energy          : -1077.14234302  -1077.14714861  -1077.14210255  -1077.12614988  -1077.11872982  -1077.11660959  -1077.12073513  -1077.13364156  -1077.14861330  -1077.15780440 
max(|Fr_perp|)   :   0.00000000    0.00037031    0.00248274    0.00320757    0.00130402    0.00122957    0.00138305    0.00277678    0.00117207    0.00000000 
Fr_paral         :   0.00000000    0.00104974   -0.02062015   -0.02689523   -0.01108436    0.00096726    0.01792304    0.02832195    0.00304892    0.00000000 
max(|Fsp_paral|) :   0.00000000    0.00007568    0.00089695    0.00279201    0.00010465    0.00303270    0.00178788    0.00175791    0.00011611    0.00000000 
max(|Fsp_perp|)  :   0.00000000    0.00000000    0.00000000    0.00000000    0.00000000    0.00000000    0.00000000    0.00000000    0.00000000    0.00000000 
max(|FNEB|)      :   0.00000000    0.00037743    0.00282882    0.00110265    0.00127059    0.00120947    0.00130192    0.00359230    0.00117304    0.00000000 
max(|Force|)     :   0.00156285    0.00055303    0.00835960    0.01360005    0.00459413    0.00124966    0.00845554    0.01302137    0.00168641    0.00139315 
ksp              :   0.01000000    0.01084101    0.06663382    0.09258473    0.10000000    0.10000000    0.08557136    0.04043244    0.01000000 
max(|step|)      :   0.00000000    0.00139963    0.01007139    0.00384337    0.00478656    0.00560411    0.00604132    0.01083539    0.00430253    0.00000000 
angle (deg.)     :    50.3777  68.8150  29.7273  24.0259  27.9046  17.6061  41.7080  79.8066 
>
iteration       : 58
climbing        : yes
zoom on         : no
nim             : 10
barrier         :   0.02572240 (image:  5) 
distance        :   0.00000000    3.45843312    6.63448410    7.18276018    7.65234301    8.09056426    8.61311385    9.17628767   10.26990026   14.61409727 
energy          : -1077.14234302  -1077.14715592  -1077.14222961  -1077.12611242  -1077.11876798  -1077.11662062  -1077.12063561  -1077.13367676  -1077.14867013  -1077.15780440 
max(|Fr_perp|)   :   0.00000000    0.00056691    0.00320423    0.00314796    0.00274494    0.00322329    0.00276707    0.00276189    0.00233301    0.00000000 
Fr_paral         :   0.00000000    0.00106344   -0.02081393   -0.02689031   -0.01116909    0.00081299    0.01790898    0.02858790    0.00322017    0.00000000 
max(|Fsp_paral|) :   0.00000000    0.00040542    0.00138835    0.00263369    0.00013952    0.00292643    0.00153771    0.00171315    0.00024410    0.00000000 
max(|Fsp_perp|)  :   0.00000000    0.00000000    0.00000000    0.00000000    0.00000000    0.00000000    0.00000000    0.00000000    0.00000000    0.00000000 
max(|FNEB|)      :   0.00000000    0.00059865    0.00329161    0.00182444    0.00278738    0.00322206    0.00260555    0.00321557    0.00232460    0.00000000 
max(|Force|)     :   0.00156285    0.00056421    0.00830608    0.01354562    0.00463109    0.00322451    0.00846816    0.01223755    0.00230878    0.00139315 
ksp              :   0.01000000    0.01039678    0.06678916    0.09248659    0.10000000    0.10000000    0.08595194    0.04032232    0.01000000 
max(|step|)      :   0.00000000    0.00177894    0.01243826    0.00572847    0.00587896    0.00479987    0.00555903    0.01260358    0.00583765    0.00000000 
angle (deg.)     :    50.3648  69.5160  29.1189  24.5153  27.8441  12.7402  42.9738  79.7542 
>
iteration       : 59
climbing        : yes
zoom on         : no
nim             : 10
barrier         :   0.02570414 (image:  5) 
distance        :   0.00000000    3.45701465    6.65408467    7.19988039    7.66543880    8.09980878    8.61593328    9.17897174   10.28592627   14.61717564 
energy          : -1077.14234302  -1077.14716312  -1077.14228087  -1077.12606142  -1077.11881427  -1077.11663887  -1077.12050378  -1077.13363202  -1077.14872357  -1077.15780440 
max(|Fr_perp|)   :   0.00000000    0.00068411    0.00339420    0.00409387    0.00313506    0.00359478    0.00315066    0.00442282    0.00292503    0.00000000 
Fr_paral         :   0.00000000    0.00107046   -0.02113618   -0.02682531   -0.01125871    0.00060877    0.01784016    0.02883402    0.00352689    0.00000000 
max(|Fsp_paral|) :   0.00000000    0.00049340    0.00148950    0.00249034    0.00015423    0.00286723    0.00118670    0.00154363    0.00057815    0.00000000 
max(|Fsp_perp|)  :   0.00000000    0.00000000    0.00000000    0.00000000    0.00000000    0.00000000    0.00000000    0.00000000    0.00000000    0.00000000 
max(|FNEB|)      :   0.00000000    0.00072282    0.00347966    0.00390760    0.00317732    0.00359456    0.00300643    0.00481521    0.00300605    0.00000000 
max(|Force|)     :   0.00156285    0.00066104    0.00839993    0.01352837    0.00457611    0.00359501    0.00844054    0.01212617    0.00359839    0.00139315 
ksp              :   0.01000000    0.01021759    0.06700806    0.09238310    0.10000000    0.10000000    0.08646750    0.04050052    0.01000000 
max(|step|)      :   0.00000000    0.00533589    0.03301773    0.01763179    0.01854903    0.01567682    0.01530279    0.03317508    0.01873157    0.00000000 
angle (deg.)     :    50.3987  72.3093  29.9842  25.6356  29.5747  15.3214  49.2335  79.0922 
>
iteration       : 60
climbing        : yes
zoom on         : no
nim             : 10
barrier         :   0.02562538 (image:  5) 
distance        :   0.00000000    3.45107764    6.71617973    7.26011007    7.71694163    8.14120567    8.64981784    9.22539110   10.37338619   14.66601832 
energy          : -1077.14234302  -1077.14717775  -1077.14219596  -1077.12603625  -1077.11896467  -1077.11671764  -1077.12000015  -1077.13331735  -1077.14879208  -1077.15780440 
max(|Fr_perp|)   :   0.00000000    0.00068679    0.00487613    0.00297880    0.00394402    0.00478377    0.00703034    0.00695077    0.00878872    0.00000000 
Fr_paral         :   0.00000000    0.00110589   -0.02145149   -0.02678847   -0.01148372    0.00001698    0.01657881    0.02829403    0.00361793    0.00000000 
max(|Fsp_paral|) :   0.00000000    0.00004434    0.00082039    0.00213227    0.00013039    0.00305704    0.00002517    0.00121180    0.00194626    0.00000000 
max(|Fsp_perp|)  :   0.00000000    0.00000000    0.00000000    0.00000000    0.00000000    0.00000000    0.00000000    0.00000000    0.00000000    0.00000000 
max(|FNEB|)      :   0.00000000    0.00068083    0.00494849    0.00265144    0.00398538    0.00478384    0.00699595    0.00672350    0.00978667    0.00000000 
max(|Force|)     :   0.00156285    0.00071363    0.00936190    0.01336692    0.00465012    0.00478371    0.00835429    0.01208883    0.00858956    0.00139315 
ksp              :   0.01000000    0.01051648    0.06727171    0.09210810    0.10000000    0.10000000    0.08847136    0.04169942    0.01000000 
max(|step|)      :   0.00000000    0.00076524    0.00534488    0.00320419    0.00436805    0.00506260    0.00556741    0.00524020    0.00846141    0.00000000 
angle (deg.)     :    50.4181  72.6118  29.9096  25.4068  29.8824  15.6717  49.5441  78.5268 
>
iteration       : 61
climbing        : yes
zoom on         : no
nim             : 10
barrier         :   0.02557054 (image:  5) 
distance        :   0.00000000    3.45003657    6.72558944    7.26623151    7.72325075    8.14684830    8.65782208    9.23098232   10.37774815   14.66485981 
energy          : -1077.14234302  -1077.14718442  -1077.14225252  -1077.12610623  -1077.11901910  -1077.11677248  -1077.12021848  -1077.13340234  -1077.14884791  -1077.15780440 
max(|Fr_perp|)   :   0.00000000    0.00035470    0.00214136    0.00304066    0.00088547    0.00088751    0.00137098    0.00170358    0.00456339    0.00000000 
Fr_paral         :   0.00000000    0.00109317   -0.02177584   -0.02687047   -0.01151101   -0.00005699    0.01738575    0.02875898    0.00442978    0.00000000 
max(|Fsp_paral|) :   0.00000000    0.00017968    0.00090726    0.00225024    0.00010246    0.00314536    0.00030552    0.00111414    0.00185025    0.00000000 
max(|Fsp_perp|)  :   0.00000000    0.00000000    0.00000000    0.00000000    0.00000000    0.00000000    0.00000000    0.00000000    0.00000000    0.00000000 
max(|FNEB|)      :   0.00000000    0.00036348    0.00203125    0.00187388    0.00086262    0.00088730    0.00130719    0.00171460    0.00483375    0.00000000 
max(|Force|)     :   0.00156285    0.00054305    0.00886070    0.01349282    0.00448270    0.00088772    0.00810697    0.01254123    0.00472280    0.00139315 
ksp              :   0.01000000    0.01031850    0.06714821    0.09209260    0.10000000    0.10000000    0.08787119    0.04146828    0.01000000 
max(|step|)      :   0.00000000    0.00044154    0.00362082    0.00131734    0.00183598    0.00208667    0.00198373    0.00300468    0.00263677    0.00000000 
angle (deg.)     :    50.4313  72.4401  29.5176  25.0590  29.7789  14.5483  48.8846  78.0300 
>
iteration       : 62
climbing        : yes
zoom on         : no
nim             : 10
barrier         :   0.02556574 (image:  5) 
distance        :   0.00000000    3.44950459    6.72618925    7.26260068    7.72086618    8.14523637    8.65775105    9.22673162   10.36592998   14.65295083 
energy          : -1077.14234302  -1077.14718548  -1077.14225311  -1077.12616543  -1077.11902480  -1077.11677727  -1077.12026298  -1077.13342320  -1077.14884789  -1077.15780440 
max(|Fr_perp|)   :   0.00000000    0.00031986    0.00149900    0.00301359    0.00110078    0.00105229    0.00128487    0.00138838    0.00151042    0.00000000 
Fr_paral         :   0.00000000    0.00108752   -0.02196186   -0.02695479   -0.01152540   -0.00003249    0.01749084    0.02891603    0.00445377    0.00000000 
max(|Fsp_paral|) :   0.00000000    0.00017701    0.00076992    0.00244984    0.00008903    0.00316394    0.00055710    0.00109358    0.00168765    0.00000000 
max(|Fsp_perp|)  :   0.00000000    0.00000000    0.00000000    0.00000000    0.00000000    0.00000000    0.00000000    0.00000000    0.00000000    0.00000000 
max(|FNEB|)      :   0.00000000    0.00032866    0.00152526    0.00110027    0.00107789    0.00105246    0.00117407    0.00148177    0.00204398    0.00000000 
max(|Force|)     :   0.00156285    0.00055553    0.00890649    0.01351581    0.00448656    0.00105212    0.00813939    0.01287671    0.00203939    0.00139315 
ksp              :   0.01000000    0.01031651    0.06695054    0.09208796    0.10000000    0.10000000    0.08772914    0.04140073    0.01000000 
max(|step|)      :   0.00000000    0.00154238    0.00630087    0.00494468    0.00474372    0.00470513    0.00297203    0.00453749    0.00676704    0.00000000 
angle (deg.)     :    50.4872  72.7006  29.0924  24.4014  30.1589  13.7710  48.5774  76.2992 
>
iteration       : 63
climbing        : yes
zoom on         : no
nim             : 10
barrier         :   0.02554369 (image:  5) 
distance        :   0.00000000    3.44655660    6.74261760    7.26921073    7.72852947    8.15358433    8.67001565    9.23211425   10.35773093   14.63594106 
energy          : -1077.14234302  -1077.14718964  -1077.14216728  -1077.12628416  -1077.11906580  -1077.11679933  -1077.12031420  -1077.13337810  -1077.14880725  -1077.15780440 
max(|Fr_perp|)   :   0.00000000    0.00036306    0.00203233    0.00291683    0.00195291    0.00220088    0.00184348    0.00373044    0.00165389    0.00000000 
Fr_paral         :   0.00000000    0.00108371   -0.02216103   -0.02705431   -0.01161416   -0.00008576    0.01762960    0.02897291    0.00490909    0.00000000 
max(|Fsp_paral|) :   0.00000000    0.00013637    0.00002206    0.00281927    0.00009131    0.00327229    0.00100386    0.00097327    0.00157013    0.00000000 
max(|Fsp_perp|)  :   0.00000000    0.00000000    0.00000000    0.00000000    0.00000000    0.00000000    0.00000000    0.00000000    0.00000000    0.00000000 
max(|FNEB|)      :   0.00000000    0.00044649    0.00197180    0.00128435    0.00191016    0.00220120    0.00195626    0.00356688    0.00214588    0.00000000 
max(|Force|)     :   0.00156285    0.00056808    0.00887818    0.01350650    0.00457087    0.00220055    0.00806736    0.01326999    0.00265418    0.00139315 
ksp              :   0.01000000    0.01061918    0.06658139    0.09201436    0.10000000    0.10000000    0.08761578    0.04158676    0.01000000 
max(|step|)      :   0.00000000    0.00363320    0.01416139    0.01377410    0.01311390    0.01247400    0.00635569    0.01063658    0.01724532    0.00000000 
angle (deg.)     :    50.6036  74.0496  29.0021  23.5989  31.6647  14.0609  49.6781  72.4920 
>
iteration       : 64
climbing        : yes
zoom on         : no
nim             : 10
barrier         :   0.02546731 (image:  5) 
distance        :   0.00000000    3.44239284    6.78826361    7.30376585    7.76174171    8.18717789    8.70992391    9.26521677   10.37119817   14.62471797 
energy          : -1077.14234302  -1077.14720318  -1077.14202550  -1077.12646103  -1077.11919365  -1077.11687571  -1077.12031828  -1077.13324323  -1077.14865467  -1077.15780440 
max(|Fr_perp|)   :   0.00000000    0.00054176    0.00345378    0.00288383    0.00265718    0.00305529    0.00246580    0.00247873    0.00896869    0.00000000 
Fr_paral         :   0.00000000    0.00108411   -0.02175751   -0.02708607   -0.01182222   -0.00029538    0.01754037    0.02883524    0.00525480    0.00000000 
max(|Fsp_paral|) :   0.00000000    0.00070026    0.00115938    0.00313207    0.00019050    0.00348526    0.00147703    0.00086832    0.00157692    0.00000000 
max(|Fsp_perp|)  :   0.00000000    0.00000000    0.00000000    0.00000000    0.00000000    0.00000000    0.00000000    0.00000000    0.00000000    0.00000000 
max(|FNEB|)      :   0.00000000    0.00097891    0.00334522    0.00281877    0.00261328    0.00305689    0.00256484    0.00257606    0.00895306    0.00000000 
max(|Force|)     :   0.00156285    0.00060615    0.00862534    0.01354426    0.00468774    0.00305370    0.00820295    0.01336281    0.00927155    0.00139315 
ksp              :   0.01000000    0.01112209    0.06612603    0.09180853    0.10000000    0.10000000    0.08783415    0.04215812    0.01000000 
max(|step|)      :   0.00000000    0.00573965    0.01843737    0.01782455    0.01682410    0.01608223    0.00921952    0.01162164    0.02184918    0.00000000 
angle (deg.)     :    50.7386  75.8864  29.1704  22.8378  33.6080  13.6450  51.8990  67.3356 
>
iteration       : 65
climbing        : yes
zoom on         : no
nim             : 10
barrier         :   0.02534642 (image:  5) 
distance        :   0.00000000    3.44153961    6.84518624    7.35556131    7.81146952    8.23824708    8.76839368    9.31925579   10.39973527   14.62350942 
energy          : -1077.14234302  -1077.14722540  -1077.14197257  -1077.12667408  -1077.11937341  -1077.11699660  -1077.12034543  -1077.13308935  -1077.14850688  -1077.15780440 
max(|Fr_perp|)   :   0.00000000    0.00058729    0.00307033    0.00284236    0.00224944    0.00255751    0.00279525    0.00275921    0.00402176    0.00000000 
Fr_paral         :   0.00000000    0.00109980   -0.02047824   -0.02706537   -0.01205949   -0.00052473    0.01734232    0.02840610    0.00642949    0.00000000 
max(|Fsp_paral|) :   0.00000000    0.00101816    0.00187456    0.00325992    0.00036183    0.00370716    0.00189702    0.00091428    0.00153489    0.00000000 
max(|Fsp_perp|)  :   0.00000000    0.00000000    0.00000000    0.00000000    0.00000000    0.00000000    0.00000000    0.00000000    0.00000000    0.00000000 
max(|FNEB|)      :   0.00000000    0.00130612    0.00295514    0.00294537    0.00220439    0.00256137    0.00246824    0.00281094    0.00394021    0.00000000 
max(|Force|)     :   0.00156285    0.00064428    0.00789455    0.01354540    0.00491002    0.00255366    0.00811922    0.01316511    0.00441027    0.00139315 
ksp              :   0.01000000    0.01131538    0.06563724    0.09156042    0.10000000    0.10000000    0.08810899    0.04285788    0.01000000 
max(|step|)      :   0.00000000    0.01379100    0.03699628    0.03513057    0.03314240    0.03195641    0.02121110    0.01998189    0.04423504    0.00000000 
angle (deg.)     :    50.9554  79.3324  29.7444  21.8805  37.2057  12.3131  58.8897  57.2515 
>
iteration       : 66
climbing        : yes
zoom on         : no
nim             : 10
barrier         :   0.02510813 (image:  5) 
distance        :   0.00000000    3.44882976    6.95118591    7.46924817    7.92176274    8.35188622    8.89356976    9.44999293   10.48920665   14.66332686 
energy          : -1077.14234302  -1077.14727721  -1077.14215541  -1077.12708794  -1077.11971348  -1077.11723489  -1077.12032292  -1077.13276060  -1077.14798891  -1077.15780440 
max(|Fr_perp|)   :   0.00000000    0.00059194    0.00392282    0.00303783    0.00135916    0.00135895    0.00517361    0.00847004    0.00570115    0.00000000 
Fr_paral         :   0.00000000    0.00112407   -0.01692635   -0.02716414   -0.01243138   -0.00088523    0.01658474    0.02711083    0.00774492    0.00000000 
max(|Fsp_paral|) :   0.00000000    0.00071441    0.00145347    0.00306499    0.00070036    0.00402697    0.00197617    0.00141018    0.00153359    0.00000000 
max(|Fsp_perp|)  :   0.00000000    0.00000000    0.00000000    0.00000000    0.00000000    0.00000000    0.00000000    0.00000000    0.00000000    0.00000000 
max(|FNEB|)      :   0.00000000    0.00104673    0.00427297    0.00152011    0.00132538    0.00133989    0.00527589    0.00828815    0.00557888    0.00000000 
max(|Force|)     :   0.00156285    0.00065536    0.00648304    0.01358101    0.00530409    0.00137800    0.00796135    0.01217714    0.00618747    0.00139315 
ksp              :   0.01000000    0.01067247    0.06468176    0.09111547    0.10000000    0.10000000    0.08893097    0.04434812    0.01000000 
max(|step|)      :   0.00000000    0.01206853    0.02960008    0.02735829    0.02580556    0.02462107    0.01767551    0.01195981    0.03229320    0.00000000 
angle (deg.)     :    51.0685  81.4486  29.7322  21.4977  39.3290  11.6938  64.9005  50.2640 
>
iteration       : 67
climbing        : yes
zoom on         : no
nim             : 10
barrier         :   0.02493731 (image:  5) 
distance        :   0.00000000    3.45899705    7.02777225    7.56128885    8.01209731    8.44433032    8.99037759    9.56080175   10.57135041   14.71714080 
energy          : -1077.14234302  -1077.14732549  -1077.14263525  -1077.12738364  -1077.11994441  -1077.11740571  -1077.12028793  -1077.13264884  -1077.14753985  -1077.15780440 
max(|Fr_perp|)   :   0.00000000    0.00057248    0.00374070    0.00301753    0.00183565    0.00212577    0.00555842    0.00413490    0.00473683    0.00000000 
Fr_paral         :   0.00000000    0.00115606   -0.01465850   -0.02743831   -0.01261080   -0.00108923    0.01583098    0.02632968    0.00873228    0.00000000 
max(|Fsp_paral|) :   0.00000000    0.00027549    0.00057492    0.00269451    0.00090234    0.00412800    0.00145775    0.00233462    0.00133585    0.00000000 
max(|Fsp_perp|)  :   0.00000000    0.00000000    0.00000000    0.00000000    0.00000000    0.00000000    0.00000000    0.00000000    0.00000000    0.00000000 
max(|FNEB|)      :   0.00000000    0.00066764    0.00399473    0.00141352    0.00188040    0.00211213    0.00537263    0.00349757    0.00486530    0.00000000 
max(|Force|)     :   0.00156285    0.00068317    0.00629431    0.01387222    0.00534183    0.00213942    0.00801400    0.01165263    0.00643089    0.00139315 
ksp              :   0.01000000    0.01000000    0.06398916    0.09083771    0.10000000    0.10000000    0.08959792    0.04498677    0.01000000 
max(|step|)      :   0.00000000    0.00667382    0.01317727    0.01044879    0.01037789    0.01025790    0.01113969    0.00618977    0.01488010    0.00000000 
angle (deg.)     :    51.0238  81.3650  29.1292  21.7527  38.7335  11.1567  65.0648  48.6305 
>
iteration       : 68
climbing        : yes
zoom on         : no
nim             : 10
barrier         :   0.02487630 (image:  5) 
distance        :   0.00000000    3.46932755    7.04537697    7.59468308    8.04805563    8.48097659    9.01747975    9.59505609   10.57153952   14.71870099 
energy          : -1077.14234302  -1077.14735606  -1077.14328107  -1077.12748421  -1077.11999275  -1077.11746671  -1077.12029582  -1077.13265644  -1077.14738151  -1077.15780440 
max(|Fr_perp|)   :   0.00000000    0.00068884    0.00337278    0.00317565    0.00243405    0.00278399    0.00578504    0.00373963    0.00543740    0.00000000 
Fr_paral         :   0.00000000    0.00116743   -0.01453382   -0.02769343   -0.01250650   -0.00101735    0.01564015    0.02656690    0.00894023    0.00000000 
max(|Fsp_paral|) :   0.00000000    0.00027704    0.00027113    0.00242498    0.00082854    0.00377404    0.00075093    0.00322341    0.00082029    0.00000000 
max(|Fsp_perp|)  :   0.00000000    0.00000000    0.00000000    0.00000000    0.00000000    0.00000000    0.00000000    0.00000000    0.00000000    0.00000000 
max(|FNEB|)      :   0.00000000    0.00070570    0.00314850    0.00271857    0.00247988    0.00277194    0.00569998    0.00304713    0.00559754    0.00000000 
max(|Force|)     :   0.00156285    0.00070441    0.00522900    0.01405742    0.00519729    0.00279603    0.00802523    0.01157823    0.00650323    0.00139315 
ksp              :   0.01000000    0.01000000    0.06375768    0.09086106    0.10000000    0.10000000    0.08976456    0.04504507    0.01000000 
max(|step|)      :   0.00000000    0.01683180    0.04090177    0.02004294    0.02026635    0.02043930    0.02999216    0.02532833    0.02731259    0.00000000 
angle (deg.)     :    50.8138  80.2497  31.2669  23.9834  34.9023  13.6469  59.2274  50.2041 
>
iteration       : 69
climbing        : yes
zoom on         : no
nim             : 10
barrier         :   0.02476373 (image:  5) 
distance        :   0.00000000    3.50400474    7.05481745    7.66374271    8.13261384    8.56815335    9.07330890    9.64817871   10.52609829   14.70014100 
energy          : -1077.14234302  -1077.14741971  -1077.14455224  -1077.12760448  -1077.11999690  -1077.11757929  -1077.12040885  -1077.13212222  -1077.14671961  -1077.15780440 
max(|Fr_perp|)   :   0.00000000    0.00183829    0.00636160    0.00415381    0.00268961    0.00321658    0.00601455    0.01008241    0.02309770    0.00000000 
Fr_paral         :   0.00000000    0.00117554   -0.01332832   -0.02778407   -0.01186638   -0.00057901    0.01562546    0.02668002    0.00777766    0.00000000 
max(|Fsp_paral|) :   0.00000000    0.00013091    0.00111679    0.00159511    0.00030259    0.00256280    0.00044322    0.00402716    0.00011473    0.00000000 
max(|Fsp_perp|)  :   0.00000000    0.00000000    0.00000000    0.00000000    0.00000000    0.00000000    0.00000000    0.00000000    0.00000000    0.00000000 
max(|FNEB|)      :   0.00000000    0.00182483    0.00638014    0.00443065    0.00274048    0.00321186    0.00601832    0.01087533    0.02305832    0.00000000 
max(|Force|)     :   0.00156285    0.00181363    0.00610153    0.01429488    0.00474321    0.00322129    0.00741723    0.01267071    0.02245853    0.00139315 
ksp              :   0.01000000    0.01000000    0.06356495    0.09121357    0.10000000    0.10000000    0.08971640    0.04714592    0.01000000 
max(|step|)      :   0.00000000    0.00951180    0.01578073    0.01351225    0.01356469    0.01363708    0.01719357    0.01702281    0.02004332    0.00000000 
angle (deg.)     :    50.7489  80.0935  32.9465  24.6599  33.3368  15.2227  55.1720  52.3670 
>
iteration       : 70
climbing        : yes
zoom on         : no
nim             : 10
barrier         :   0.02466692 (image:  5) 
distance        :   0.00000000    3.52210131    7.06940610    7.70563369    8.18443692    8.62263178    9.11981944    9.67973906   10.51722787   14.70101509 
energy          : -1077.14234302  -1077.14746026  -1077.14500994  -1077.12781172  -1077.12005375  -1077.11767610  -1077.12064978  -1077.13185957  -1077.14680194  -1077.15780440 
max(|Fr_perp|)   :   0.00000000    0.00073466    0.00842062    0.00725969    0.00132821    0.00134355    0.00202456    0.00681907    0.00750589    0.00000000 
Fr_paral         :   0.00000000    0.00122188   -0.01258575   -0.02788132   -0.01161581   -0.00038720    0.01609432    0.02706689    0.00768340    0.00000000 
max(|Fsp_paral|) :   0.00000000    0.00007236    0.00156347    0.00144515    0.00003540    0.00216066    0.00008286    0.00370707    0.00044968    0.00000000 
max(|Fsp_perp|)  :   0.00000000    0.00000000    0.00000000    0.00000000    0.00000000    0.00000000    0.00000000    0.00000000    0.00000000    0.00000000 
max(|FNEB|)      :   0.00000000    0.00072724    0.00847660    0.00703895    0.00129808    0.00133778    0.00200105    0.00635540    0.00721562    0.00000000 
max(|Force|)     :   0.00156285    0.00071615    0.00838551    0.01454731    0.00450737    0.00134932    0.00764833    0.01352242    0.00727095    0.00139315 
ksp              :   0.01000000    0.01000000    0.06301904    0.09132487    0.10000000    0.10000000    0.08915019    0.04825001    0.01000000 
max(|step|)      :   0.00000000    0.00413213    0.00873685    0.00831447    0.00821472    0.00812967    0.00730139    0.00726676    0.00812805    0.00000000 
angle (deg.)     :    50.7775  80.2056  32.6315  23.7568  33.5218  15.0102  55.0065  52.0995 
>
iteration       : 71
climbing        : yes
zoom on         : no
nim             : 10
barrier         :   0.02460286 (image:  5) 
distance        :   0.00000000    3.52652231    7.09021523    7.72264492    8.20432543    8.64429672    9.14566685    9.69385003   10.52251262   14.70151196 
energy          : -1077.14234302  -1077.14748224  -1077.14531528  -1077.12812782  -1077.12013647  -1077.11774016  -1077.12076296  -1077.13179903  -1077.14675588  -1077.15780440 
max(|Fr_perp|)   :   0.00000000    0.00065387    0.00476543    0.00362497    0.00111955    0.00114830    0.00171883    0.00519008    0.00781300    0.00000000 
Fr_paral         :   0.00000000    0.00122569   -0.01347567   -0.02846785   -0.01170402   -0.00039392    0.01628032    0.02731660    0.00802959    0.00000000 
max(|Fsp_paral|) :   0.00000000    0.00010861    0.00120886    0.00188208    0.00001966    0.00224082    0.00057867    0.00330678    0.00048520    0.00000000 
max(|Fsp_perp|)  :   0.00000000    0.00000000    0.00000000    0.00000000    0.00000000    0.00000000    0.00000000    0.00000000    0.00000000    0.00000000 
max(|FNEB|)      :   0.00000000    0.00064480    0.00479686    0.00339442    0.00108910    0.00114211    0.00160253    0.00461881    0.00750322    0.00000000 
max(|Force|)     :   0.00156285    0.00065181    0.00557633    0.01449957    0.00459152    0.00115448    0.00771295    0.01376210    0.00751367    0.00139315 
ksp              :   0.01000000    0.01000000    0.06200076    0.09123402    0.10000000    0.10000000    0.08894226    0.04857107    0.01000000 
max(|step|)      :   0.00000000    0.02861258    0.05273234    0.05014651    0.05014892    0.04976273    0.04957084    0.04912136    0.04412084    0.00000000 
angle (deg.)     :    50.9127  81.0723  35.4777  21.9362  33.2946  16.1026  49.8333  55.5314 
>
iteration       : 72
climbing        : yes
zoom on         : no
nim             : 10
barrier         :   0.02432784 (image:  5) 
distance        :   0.00000000    3.56533028    7.20313366    7.86288553    8.36367782    8.81538451    9.31807849    9.81358195   10.57521659   14.74739193 
energy          : -1077.14234302  -1077.14759599  -1077.14624265  -1077.12919910  -1077.12045493  -1077.11801518  -1077.12118169  -1077.13081805  -1077.14616463  -1077.15780440 
max(|Fr_perp|)   :   0.00000000    0.00112291    0.00434926    0.00387276    0.00376620    0.00417440    0.00363962    0.00470249    0.00824211    0.00000000 
Fr_paral         :   0.00000000    0.00124034   -0.01289533   -0.02954322   -0.01176711   -0.00023328    0.01675795    0.02689983    0.00882612    0.00000000 
max(|Fsp_paral|) :   0.00000000    0.00022197    0.00073917    0.00277207    0.00014751    0.00184116    0.00275872    0.00140104    0.00051708    0.00000000 
max(|Fsp_perp|)  :   0.00000000    0.00000000    0.00000000    0.00000000    0.00000000    0.00000000    0.00000000    0.00000000    0.00000000    0.00000000 
max(|FNEB|)      :   0.00000000    0.00111471    0.00401491    0.00414062    0.00370713    0.00417621    0.00368432    0.00454059    0.00828718    0.00000000 
max(|Force|)     :   0.00156285    0.00111398    0.00630695    0.01430355    0.00474208    0.00417258    0.00748764    0.01497324    0.00842169    0.00139315 
ksp              :   0.01000000    0.01000000    0.05862546    0.09097423    0.10000000    0.10000000    0.08828561    0.05263623    0.01000000 
max(|step|)      :   0.00000000    0.03920850    0.07014625    0.06685925    0.06701250    0.06666825    0.06928318    0.06986849    0.05652332    0.00000000 
angle (deg.)     :    51.2010  82.6169  39.7169  21.4506  33.2678  18.5515  43.6237  64.2511 
>
iteration       : 73
climbing        : yes
zoom on         : no
nim             : 10
barrier         :   0.02393563 (image:  5) 
distance        :   0.00000000    3.62088658    7.35667289    8.07513171    8.59822191    9.06687890    9.55438351   10.01232945   10.70925145   14.88681189 
energy          : -1077.14234302  -1077.14774199  -1077.14721626  -1077.13031097  -1077.12090077  -1077.11840738  -1077.12140177  -1077.12971583  -1077.14523834  -1077.15780440 
max(|Fr_perp|)   :   0.00000000    0.00190209    0.01012607    0.01241221    0.00404336    0.00460593    0.00885758    0.00930164    0.00400191    0.00000000 
Fr_paral         :   0.00000000    0.00128053   -0.00928336   -0.02981460   -0.01178732   -0.00000540    0.01598795    0.02546244    0.00928674    0.00000000 
max(|Fsp_paral|) :   0.00000000    0.00036816    0.00069167    0.00316885    0.00020233    0.00067710    0.00342287    0.00022404    0.00055427    0.00000000 
max(|Fsp_perp|)  :   0.00000000    0.00000000    0.00000000    0.00000000    0.00000000    0.00000000    0.00000000    0.00000000    0.00000000    0.00000000 
max(|FNEB|)      :   0.00000000    0.00191947    0.01016495    0.01273729    0.00397891    0.00460597    0.00814131    0.00938848    0.00394153    0.00000000 
max(|Force|)     :   0.00156285    0.00191690    0.00985036    0.01457148    0.00491575    0.00460588    0.01048954    0.01461103    0.00611213    0.00139315 
ksp              :   0.01000000    0.01000000    0.05524152    0.09062464    0.10000000    0.10000000    0.08874086    0.05747927    0.01000000 
max(|step|)      :   0.00000000    0.05521583    0.10000000    0.09502449    0.09508503    0.09439234    0.09559819    0.09737249    0.07884872    0.00000000 
angle (deg.)     :    51.8001  84.9200  44.4485  21.4595  33.9914  20.8938  41.7633  81.2575 
>
iteration       : 74
climbing        : yes
zoom on         : no
nim             : 10
barrier         :   0.02340384 (image:  5) 
distance        :   0.00000000    3.70155690    7.58398132    8.39119320    8.94306066    9.43665372    9.89824967   10.32037081   11.00367416   15.20568557 
energy          : -1077.14234302  -1077.14795522  -1077.14850104  -1077.13207248  -1077.12152909  -1077.11893917  -1077.12188402  -1077.12883387  -1077.14372193  -1077.15780440 
max(|Fr_perp|)   :   0.00000000    0.00141886    0.00874371    0.00684421    0.00388307    0.00391685    0.00419837    0.00789531    0.00428192    0.00000000 
Fr_paral         :   0.00000000    0.00122962   -0.00513836   -0.03051992   -0.01190409    0.00028033    0.01591972    0.02457845    0.00823204    0.00000000 
max(|Fsp_paral|) :   0.00000000    0.00058899    0.00031623    0.00406996    0.00011736    0.00114657    0.00366963    0.00192350    0.00011256    0.00000000 
max(|Fsp_perp|)  :   0.00000000    0.00000000    0.00000000    0.00000000    0.00000000    0.00000000    0.00000000    0.00000000    0.00000000    0.00000000 
max(|FNEB|)      :   0.00000000    0.00173823    0.00906106    0.00737074    0.00393629    0.00400970    0.00451443    0.00785220    0.00436948    0.00000000 
max(|Force|)     :   0.00156285    0.00164038    0.00889898    0.01469753    0.00518269    0.00400119    0.00740557    0.01382730    0.00640865    0.00139315 
ksp              :   0.01000000    0.01000000    0.04950990    0.09004333    0.10000000    0.10000000    0.08867556    0.06200835    0.01000000 
max(|step|)      :   0.00000000    0.00210273    0.01096116    0.00891638    0.00476173    0.00485053    0.00546110    0.00949880    0.00528576    0.00000000 
angle (deg.)     :    51.8073  84.7519  43.4472  21.4385  34.0641  19.2597  39.5979  81.3630 
>
iteration       : 75
climbing        : yes
zoom on         : no
nim             : 10
barrier         :   0.02335497 (image:  5) 
distance        :   0.00000000    3.70374442    7.58317305    8.39054922    8.93557165    9.43095390    9.88456335   10.32483696   10.99219796   15.18800863 
energy          : -1077.14234302  -1077.14797258  -1077.14886498  -1077.13203505  -1077.12161189  -1077.11898804  -1077.12184780  -1077.12946620  -1077.14390088  -1077.15780440 
max(|Fr_perp|)   :   0.00000000    0.00107668    0.00902687    0.00826832    0.00313642    0.00315216    0.00346973    0.00704921    0.00486712    0.00000000 
Fr_paral         :   0.00000000    0.00128728   -0.00531758   -0.03069209   -0.01205388    0.00027649    0.01567809    0.02572874    0.00868510    0.00000000 
max(|Fsp_paral|) :   0.00000000    0.00057228    0.00036900    0.00368154    0.00020116    0.00149420    0.00261048    0.00024635    0.00072721    0.00000000 
max(|Fsp_perp|)  :   0.00000000    0.00000000    0.00000000    0.00000000    0.00000000    0.00000000    0.00000000    0.00000000    0.00000000    0.00000000 
max(|FNEB|)      :   0.00000000    0.00138189    0.00903443    0.00814432    0.00309223    0.00315574    0.00361497    0.00715436    0.00506615    0.00000000 
max(|Force|)     :   0.00156285    0.00130320    0.00907864    0.01483035    0.00532166    0.00314859    0.00703107    0.01289947    0.00561267    0.00139315 
ksp              :   0.01000000    0.01000000    0.04972246    0.08988881    0.10000000    0.10000000    0.08897972    0.05962168    0.01000000 
max(|step|)      :   0.00000000    0.00180039    0.00502166    0.00304608    0.00212816    0.00206717    0.00311403    0.00573082    0.00392003    0.00000000 
angle (deg.)     :    51.8127  84.6448  42.6610  21.4018  34.1507  18.1772  37.7805  81.5464 
>
iteration       : 76
climbing        : yes
zoom on         : no
nim             : 10
barrier         :   0.02333935 (image:  5) 
distance        :   0.00000000    3.70584862    7.58349427    8.39108715    8.93062465    9.42720460    9.87472668   10.32843781   10.98567146   15.17538109 
energy          : -1077.14234302  -1077.14798231  -1077.14912168  -1077.13202249  -1077.12165237  -1077.11900367  -1077.12179495  -1077.12992358  -1077.14405769  -1077.15780440 
max(|Fr_perp|)   :   0.00000000    0.00093287    0.00509030    0.00423802    0.00260220    0.00262240    0.00294761    0.00491945    0.00339813    0.00000000 
Fr_paral         :   0.00000000    0.00131675   -0.00563869   -0.03095448   -0.01216038    0.00027779    0.01546151    0.02664996    0.00880029    0.00000000 
max(|Fsp_paral|) :   0.00000000    0.00055949    0.00038656    0.00340323    0.00044647    0.00175822    0.00179768    0.00099167    0.00128610    0.00000000 
max(|Fsp_perp|)  :   0.00000000    0.00000000    0.00000000    0.00000000    0.00000000    0.00000000    0.00000000    0.00000000    0.00000000    0.00000000 
max(|FNEB|)      :   0.00000000    0.00118456    0.00508594    0.00406363    0.00255292    0.00262584    0.00304611    0.00454311    0.00374243    0.00000000 
max(|Force|)     :   0.00156285    0.00111774    0.00518982    0.01486097    0.00536509    0.00261897    0.00700949    0.01265050    0.00501989    0.00139315 
ksp              :   0.01000000    0.01000000    0.04979749    0.08978623    0.10000000    0.10000000    0.08923643    0.05789119    0.01000000 
max(|step|)      :   0.00000000    0.00726606    0.01933840    0.01143645    0.00615695    0.00670352    0.00923100    0.01670495    0.02206583    0.00000000 
angle (deg.)     :    51.8408  84.4895  40.6334  21.2855  34.5469  15.8838  31.6146  82.8840 
>
iteration       : 77
climbing        : yes
zoom on         : no
nim             : 10
barrier         :   0.02331716 (image:  5) 
distance        :   0.00000000    3.71549602    7.58961828    8.40109319    8.92180877    9.42071741    9.84996295   10.34263014   10.98458910   15.14518461 
energy          : -1077.14234302  -1077.14801126  -1077.14939165  -1077.13159612  -1077.12171686  -1077.11902585  -1077.12159185  -1077.13100147  -1077.14470838  -1077.15780440 
max(|Fr_perp|)   :   0.00000000    0.00088978    0.00296737    0.00328667    0.00241954    0.00245972    0.00266993    0.00350533    0.00273372    0.00000000 
Fr_paral         :   0.00000000    0.00139020   -0.00566241   -0.03101033   -0.01241268    0.00029220    0.01469837    0.02842561    0.00859111    0.00000000 
max(|Fsp_paral|) :   0.00000000    0.00051601    0.00077020    0.00197094    0.00118166    0.00250843    0.00061501    0.00409008    0.00235330    0.00000000 
max(|Fsp_perp|)  :   0.00000000    0.00000000    0.00000000    0.00000000    0.00000000    0.00000000    0.00000000    0.00000000    0.00000000    0.00000000 
max(|FNEB|)      :   0.00000000    0.00093616    0.00312321    0.00306201    0.00235591    0.00246286    0.00265273    0.00403939    0.00460492    0.00000000 
max(|Force|)     :   0.00156285    0.00090377    0.00326889    0.01549296    0.00535697    0.00245657    0.00685088    0.01293583    0.00505469    0.00139315 
ksp              :   0.01000000    0.01000000    0.05148107    0.08961321    0.10000000    0.10000000    0.09009573    0.05377630    0.01000000 
max(|step|)      :   0.00000000    0.00518955    0.01030386    0.00934041    0.00652731    0.00708945    0.00885546    0.01556754    0.01981646    0.00000000 
angle (deg.)     :    51.8632  84.5381  40.3282  20.9752  34.7771  15.4624  28.6275  84.1058 
>
iteration       : 78
climbing        : yes
zoom on         : no
nim             : 10
barrier         :   0.02329537 (image:  5) 
distance        :   0.00000000    3.72352426    7.59821244    8.40755720    8.92407168    9.42077465    9.84695718   10.34431141   11.00455278   15.13985378 
energy          : -1077.14234302  -1077.14803351  -1077.14936353  -1077.13128925  -1077.12171397  -1077.11904765  -1077.12157407  -1077.13117716  -1077.14524887  -1077.15780440 
max(|Fr_perp|)   :   0.00000000    0.00119712    0.00661443    0.01213614    0.00284142    0.00283412    0.00301601    0.00482890    0.00484000    0.00000000 
Fr_paral         :   0.00000000    0.00143040   -0.00586452   -0.03033327   -0.01242054    0.00029073    0.01455894    0.02888790    0.00774785    0.00000000 
max(|Fsp_paral|) :   0.00000000    0.00049127    0.00100197    0.00146542    0.00122326    0.00253693    0.00095123    0.00405916    0.00211871    0.00000000 
max(|Fsp_perp|)  :   0.00000000    0.00000000    0.00000000    0.00000000    0.00000000    0.00000000    0.00000000    0.00000000    0.00000000    0.00000000 
max(|FNEB|)      :   0.00000000    0.00119036    0.00673645    0.01243374    0.00278272    0.00283618    0.00299683    0.00535987    0.00671035    0.00000000 
max(|Force|)     :   0.00156285    0.00118526    0.00639497    0.01555424    0.00541175    0.00283205    0.00657052    0.01306936    0.00717414    0.00139315 
ksp              :   0.01000000    0.01000000    0.05270544    0.08969886    0.10000000    0.10000000    0.09023935    0.05313850    0.01000000 
max(|step|)      :   0.00000000    0.00310514    0.00467279    0.00310702    0.00311684    0.00343053    0.00438065    0.00843094    0.01537789    0.00000000 
angle (deg.)     :    51.8739  84.6217  40.2840  20.6027  34.8632  15.3706  27.4228  84.8299 
>
iteration       : 79
climbing        : yes
zoom on         : no
nim             : 10
barrier         :   0.02327547 (image:  5) 
distance        :   0.00000000    3.72891020    7.60563183    8.41004341    8.92766057    9.42165268    9.84959424   10.34139876   11.02300218   15.14109985 
energy          : -1077.14234302  -1077.14805082  -1077.14941235  -1077.13137856  -1077.12170480  -1077.11906755  -1077.12162599  -1077.13116816  -1077.14563012  -1077.15780440 
max(|Fr_perp|)   :   0.00000000    0.00093726    0.00559896    0.00780623    0.00178494    0.00178618    0.00195871    0.00307145    0.00391161    0.00000000 
Fr_paral         :   0.00000000    0.00143290   -0.00670230   -0.03066284   -0.01237784    0.00028794    0.01467573    0.02918155    0.00724215    0.00000000 
max(|Fsp_paral|) :   0.00000000    0.00048004    0.00087069    0.00172446    0.00106913    0.00236798    0.00063950    0.00332175    0.00166671    0.00000000 
max(|Fsp_perp|)  :   0.00000000    0.00000000    0.00000000    0.00000000    0.00000000    0.00000000    0.00000000    0.00000000    0.00000000    0.00000000 
max(|FNEB|)      :   0.00000000    0.00116641    0.00569017    0.00809006    0.00173016    0.00178779    0.00195219    0.00372969    0.00542264    0.00000000 
max(|Force|)     :   0.00156285    0.00116191    0.00536903    0.01558303    0.00537842    0.00178457    0.00666696    0.01345987    0.00617038    0.00139315 
ksp              :   0.01000000    0.01000000    0.05239662    0.08980247    0.10000000    0.10000000    0.09010721    0.05321016    0.01000000 
max(|step|)      :   0.00000000    0.01507526    0.02180530    0.01321900    0.01336827    0.01521273    0.02030819    0.04079995    0.07316872    0.00000000 
angle (deg.)     :    51.9306  85.4206  40.7367  19.1379  35.2369  16.3570  29.9020  87.7128 
>
iteration       : 80
climbing        : yes
zoom on         : no
nim             : 10
barrier         :   0.02320879 (image:  5) 
distance        :   0.00000000    3.75588943    7.64744965    8.43372881    8.95671572    9.43771463    9.87684979   10.34618193   11.14955843   15.18427584 
energy          : -1077.14234302  -1077.14812941  -1077.14931349  -1077.13143234  -1077.12162901  -1077.11913422  -1077.12184595  -1077.13096880  -1077.14719192  -1077.15780440 
max(|Fr_perp|)   :   0.00000000    0.00131894    0.00439831    0.00335496    0.00200054    0.00219508    0.00244486    0.00339906    0.00289023    0.00000000 
Fr_paral         :   0.00000000    0.00141096   -0.00960263   -0.03088169   -0.01211093    0.00028195    0.01512581    0.02925627    0.00484402    0.00000000 
max(|Fsp_paral|) :   0.00000000    0.00043905    0.00058675    0.00243950    0.00031735    0.00147498    0.00080707    0.00059204    0.00108897    0.00000000 
max(|Fsp_perp|)  :   0.00000000    0.00000000    0.00000000    0.00000000    0.00000000    0.00000000    0.00000000    0.00000000    0.00000000    0.00000000 
max(|FNEB|)      :   0.00000000    0.00133345    0.00437623    0.00161745    0.00192582    0.00219397    0.00229772    0.00388568    0.00248564    0.00000000 
max(|Force|)     :   0.00156285    0.00132963    0.00461421    0.01555305    0.00507773    0.00219619    0.00686710    0.01500728    0.00458015    0.00139315 
ksp              :   0.01000000    0.01000000    0.05230985    0.09032563    0.10000000    0.10000000    0.08948436    0.05410740    0.01000000 
max(|step|)      :   0.00000000    0.00827226    0.01278121    0.00832897    0.00817302    0.00900232    0.01097789    0.01894263    0.03411591    0.00000000 
angle (deg.)     :    51.9771  86.0310  41.1357  18.8471  35.3403  16.7011  34.0115  88.1939 
>
iteration       : 81
climbing        : yes
zoom on         : no
nim             : 10
barrier         :   0.02316260 (image:  5) 
distance        :   0.00000000    3.77001358    7.67236875    8.45219652    8.97505442    9.45207543    9.89524644   10.37002973   11.21646569   15.20880502 
energy          : -1077.14234302  -1077.14817047  -1077.14917259  -1077.13129633  -1077.12164196  -1077.11918041  -1077.12191806  -1077.13120249  -1077.14774476  -1077.15780440 
max(|Fr_perp|)   :   0.00000000    0.00181957    0.00768822    0.01332487    0.00135549    0.00126789    0.00315074    0.00536814    0.01076196    0.00000000 
Fr_paral         :   0.00000000    0.00141673   -0.01047614   -0.03034909   -0.01204617    0.00025432    0.01518142    0.02910808    0.00534503    0.00000000 
max(|Fsp_paral|) :   0.00000000    0.00042743    0.00059856    0.00238593    0.00015450    0.00118793    0.00079538    0.00108651    0.00193475    0.00000000 
max(|Fsp_perp|)  :   0.00000000    0.00000000    0.00000000    0.00000000    0.00000000    0.00000000    0.00000000    0.00000000    0.00000000    0.00000000 
max(|FNEB|)      :   0.00000000    0.00180457    0.00770123    0.01318452    0.00131407    0.00126670    0.00323970    0.00536755    0.01004968    0.00000000 
max(|Force|)     :   0.00156285    0.00180797    0.00748958    0.01524966    0.00515071    0.00126909    0.00680136    0.01387040    0.01151194    0.00139315 
ksp              :   0.01000000    0.01000000    0.05292272    0.09043549    0.10000000    0.10000000    0.08936267    0.05328732    0.01000000 
max(|step|)      :   0.00000000    0.00082166    0.00379038    0.00473777    0.00079844    0.00079186    0.00158711    0.00298241    0.00443415    0.00000000 
angle (deg.)     :    51.9803  86.0479  41.1095  18.9095  35.2393  16.3015  33.8662  87.8245 
>
iteration       : 82
climbing        : yes
zoom on         : no
nim             : 10
barrier         :   0.02315699 (image:  5) 
distance        :   0.00000000    3.77001089    7.67302894    8.45203903    8.97457851    9.45238060    9.89537856   10.37305836   11.20998898   15.20209350 
energy          : -1077.14234302  -1077.14817566  -1077.14928322  -1077.13144695  -1077.12166047  -1077.11918602  -1077.12194296  -1077.13139835  -1077.14778405  -1077.15780440 
max(|Fr_perp|)   :   0.00000000    0.00070688    0.00164266    0.00523054    0.00143784    0.00137351    0.00143636    0.00227853    0.00338188    0.00000000 
Fr_paral         :   0.00000000    0.00141799   -0.01032500   -0.03082948   -0.01208027    0.00024633    0.01529500    0.02938685    0.00576904    0.00000000 
max(|Fsp_paral|) :   0.00000000    0.00042956    0.00046206    0.00256452    0.00020415    0.00122135    0.00069462    0.00053930    0.00150589    0.00000000 
max(|Fsp_perp|)  :   0.00000000    0.00000000    0.00000000    0.00000000    0.00000000    0.00000000    0.00000000    0.00000000    0.00000000    0.00000000 
max(|FNEB|)      :   0.00000000    0.00094724    0.00169103    0.00503698    0.00139635    0.00137244    0.00144303    0.00255657    0.00279772    0.00000000 
max(|Force|)     :   0.00156285    0.00096736    0.00351903    0.01525954    0.00513854    0.00137458    0.00690050    0.01381767    0.00423417    0.00139315 
ksp              :   0.01000000    0.01000000    0.05234772    0.09038302    0.10000000    0.10000000    0.08928514    0.05253661    0.01000000 
max(|step|)      :   0.00000000    0.00379032    0.00564577    0.00381987    0.00396567    0.00414538    0.00447920    0.00650078    0.00678262    0.00000000 
angle (deg.)     :    52.0108  86.3604  41.2766  19.0654  35.1127  15.8326  35.3310  87.2303 
>
iteration       : 83
climbing        : yes
zoom on         : no
nim             : 10
barrier         :   0.02313869 (image:  5) 
distance        :   0.00000000    3.77604266    7.68498774    8.46170479    8.98228482    9.46043479    9.90436234   10.39165669   11.22722502   15.20113828 
energy          : -1077.14234302  -1077.14819566  -1077.14930708  -1077.13147214  -1077.12169700  -1077.11920432  -1077.12196783  -1077.13175029  -1077.14795047  -1077.15780440 
max(|Fr_perp|)   :   0.00000000    0.00074734    0.00181537    0.00283583    0.00124972    0.00120250    0.00112064    0.00151581    0.00206711    0.00000000 
Fr_paral         :   0.00000000    0.00142040   -0.01034310   -0.03086941   -0.01212570    0.00022594    0.01531484    0.02939539    0.00644013    0.00000000 
max(|Fsp_paral|) :   0.00000000    0.00042882    0.00039736    0.00255761    0.00029783    0.00120170    0.00037917    0.00029372    0.00115544    0.00000000 
max(|Fsp_perp|)  :   0.00000000    0.00000000    0.00000000    0.00000000    0.00000000    0.00000000    0.00000000    0.00000000    0.00000000    0.00000000 
max(|FNEB|)      :   0.00000000    0.00098843    0.00180735    0.00139573    0.00120848    0.00120139    0.00112458    0.00125819    0.00209406    0.00000000 
max(|Force|)     :   0.00156285    0.00100927    0.00319051    0.01516925    0.00513642    0.00120361    0.00698483    0.01333066    0.00345322    0.00139315 
ksp              :   0.01000000    0.01000000    0.05228322    0.09030453    0.10000000    0.10000000    0.08925111    0.05120134    0.01000000 
max(|step|)      :   0.00000000    0.00734426    0.01066449    0.00711113    0.00745157    0.00785109    0.00866264    0.00989761    0.01431619    0.00000000 
angle (deg.)     :    52.0747  86.9256  41.6769  19.3204  34.9647  15.4813  37.7259  86.4093 
>
iteration       : 84
climbing        : yes
zoom on         : no
nim             : 10
barrier         :   0.02310889 (image:  5) 
distance        :   0.00000000    3.78768232    7.70705327    8.47991748    8.99748763    9.47560042    9.92238142   10.42305061   11.26647447   15.20607470 
energy          : -1077.14234302  -1077.14823055  -1077.14928924  -1077.13143967  -1077.12174827  -1077.11923412  -1077.12201676  -1077.13222176  -1077.14823665  -1077.15780440 
max(|Fr_perp|)   :   0.00000000    0.00080062    0.00226847    0.00374328    0.00093550    0.00095694    0.00104511    0.00241638    0.00440501    0.00000000 
Fr_paral         :   0.00000000    0.00142610   -0.01046985   -0.03071337   -0.01217331    0.00019330    0.01536070    0.02911593    0.00700142    0.00000000 
max(|Fsp_paral|) :   0.00000000    0.00042416    0.00035682    0.00246757    0.00041585    0.00110104    0.00001559    0.00124077    0.00089737    0.00000000 
max(|Fsp_perp|)  :   0.00000000    0.00000000    0.00000000    0.00000000    0.00000000    0.00000000    0.00000000    0.00000000    0.00000000    0.00000000 
max(|FNEB|)      :   0.00000000    0.00104124    0.00226284    0.00400262    0.00092410    0.00095765    0.00105025    0.00214453    0.00442906    0.00000000 
max(|Force|)     :   0.00156285    0.00106556    0.00313065    0.01502088    0.00514006    0.00095622    0.00701639    0.01265996    0.00437154    0.00139315 
ksp              :   0.01000000    0.01000000    0.05246423    0.09020838    0.10000000    0.10000000    0.08916270    0.04941827    0.01000000 
max(|step|)      :   0.00000000    0.01530374    0.02028487    0.01394584    0.01466001    0.01533194    0.01655233    0.01686469    0.02462735    0.00000000 
angle (deg.)     :    52.2277  87.9775  42.4000  19.9500  34.6823  15.0704  40.1557  84.3833 
>
iteration       : 85
climbing        : yes
zoom on         : no
nim             : 10
barrier         :   0.02303996 (image:  5) 
distance        :   0.00000000    3.81109420    7.75033393    8.51503790    9.02779645    9.50594360    9.96212982   10.47768851   11.33884814   15.21147572 
energy          : -1077.14234302  -1077.14830145  -1077.14922609  -1077.13139463  -1077.12185843  -1077.11930305  -1077.12217208  -1077.13293828  -1077.14875480  -1077.15780440 
max(|Fr_perp|)   :   0.00000000    0.00081699    0.00300203    0.00640768    0.00103828    0.00097286    0.00130047    0.00312103    0.00191289    0.00000000 
Fr_paral         :   0.00000000    0.00144854   -0.01067505   -0.03041155   -0.01225279    0.00011476    0.01562811    0.02893233    0.00753632    0.00000000 
max(|Fsp_paral|) :   0.00000000    0.00041128    0.00026029    0.00234895    0.00061430    0.00077297    0.00006689    0.00232696    0.00062578    0.00000000 
max(|Fsp_perp|)  :   0.00000000    0.00000000    0.00000000    0.00000000    0.00000000    0.00000000    0.00000000    0.00000000    0.00000000    0.00000000 
max(|FNEB|)      :   0.00000000    0.00105467    0.00300590    0.00668379    0.00100068    0.00097191    0.00132430    0.00276945    0.00170869    0.00000000 
max(|Force|)     :   0.00156285    0.00109026    0.00369480    0.01482814    0.00518375    0.00097380    0.00711727    0.01238506    0.00300759    0.00139315 
ksp              :   0.01000000    0.01000000    0.05276720    0.09001803    0.10000000    0.10000000    0.08879283    0.04673729    0.01000000 
max(|step|)      :   0.00000000    0.03834316    0.05043225    0.03665133    0.03820572    0.03953461    0.04175645    0.03940631    0.05713411    0.00000000 
angle (deg.)     :    52.6525  90.4282  43.9572  21.4207  34.2392  14.7308  44.4740  79.8888 
>
iteration       : 86
climbing        : yes
zoom on         : no
nim             : 10
barrier         :   0.02289015 (image:  5) 
distance        :   0.00000000    3.86926656    7.85533229    8.60095484    9.10642719    9.58365688   10.06473736   10.59979610   11.52902928   15.24386561 
energy          : -1077.14234302  -1077.14847215  -1077.14886616  -1077.13133684  -1077.12208678  -1077.11945287  -1077.12256536  -1077.13419682  -1077.14874915  -1077.15780440 
max(|Fr_perp|)   :   0.00000000    0.00088956    0.00307004    0.01150705    0.00323474    0.00304859    0.00259286    0.00459182    0.03837385    0.00000000 
Fr_paral         :   0.00000000    0.00149270   -0.01059875   -0.02972217   -0.01238037   -0.00007424    0.01638446    0.02901331    0.00341139    0.00000000 
max(|Fsp_paral|) :   0.00000000    0.00037153    0.00003961    0.00228032    0.00089152    0.00013580    0.00048218    0.00330336    0.00080811    0.00000000 
max(|Fsp_perp|)  :   0.00000000    0.00000000    0.00000000    0.00000000    0.00000000    0.00000000    0.00000000    0.00000000    0.00000000    0.00000000 
max(|FNEB|)      :   0.00000000    0.00111400    0.00304075    0.01135269    0.00320237    0.00304934    0.00258753    0.00497637    0.03837632    0.00000000 
max(|Force|)     :   0.00156285    0.00118172    0.00430447    0.01492196    0.00519215    0.00304784    0.00733924    0.01246275    0.03838158    0.00139315 
ksp              :   0.01000000    0.01000000    0.05327431    0.08964393    0.10000000    0.10000000    0.08776224    0.04202941    0.01000000 
max(|step|)      :   0.00000000    0.00139885    0.00379441    0.00619689    0.00270059    0.00263629    0.00234578    0.00440754    0.01942920    0.00000000 
angle (deg.)     :    52.6285  90.1886  43.5143  21.0763  34.3499  14.8518  43.6548  80.5673 
>
iteration       : 87
climbing        : yes
zoom on         : no
nim             : 10
barrier         :   0.02288737 (image:  5) 
distance        :   0.00000000    3.86712138    7.84913262    8.59443958    9.09986362    9.57619500   10.05578363   10.58706640   11.52207506   15.24292346 
energy          : -1077.14234302  -1077.14846866  -1077.14894935  -1077.13145609  -1077.12207399  -1077.11945565  -1077.12255683  -1077.13411657  -1077.14980998  -1077.15780440 
max(|Fr_perp|)   :   0.00000000    0.00082339    0.00139812    0.00298577    0.00123746    0.00111285    0.00081703    0.00137978    0.00709576    0.00000000 
Fr_paral         :   0.00000000    0.00150031   -0.01092072   -0.03028647   -0.01238155   -0.00006206    0.01636694    0.02943117    0.00634187    0.00000000 
max(|Fsp_paral|) :   0.00000000    0.00036559    0.00013079    0.00243000    0.00084936    0.00011473    0.00054879    0.00292532    0.00102185    0.00000000 
max(|Fsp_perp|)  :   0.00000000    0.00000000    0.00000000    0.00000000    0.00000000    0.00000000    0.00000000    0.00000000    0.00000000    0.00000000 
max(|FNEB|)      :   0.00000000    0.00104383    0.00135038    0.00145219    0.00120437    0.00111348    0.00080951    0.00221370    0.00746468    0.00000000 
max(|Force|)     :   0.00156285    0.00111667    0.00392629    0.01488607    0.00522374    0.00111222    0.00732483    0.01298662    0.00724293    0.00139315 
ksp              :   0.01000000    0.01000000    0.05281066    0.08970390    0.10000000    0.10000000    0.08780521    0.04234885    0.01000000 
max(|step|)      :   0.00000000    0.00436023    0.00729070    0.00429592    0.00451808    0.00490606    0.00586596    0.00838624    0.01265734    0.00000000 
angle (deg.)     :    52.5763  89.6185  42.8765  20.8984  34.4394  14.8650  41.4146  80.1595 
>
iteration       : 88
climbing        : yes
zoom on         : no
nim             : 10
barrier         :   0.02290478 (image:  5) 
distance        :   0.00000000    3.85951524    7.83298280    8.57899441    9.08623080    9.56283685   10.04016323   10.56055629   11.47571392   15.21744306 
energy          : -1077.14234302  -1077.14844823  -1077.14904137  -1077.13150605  -1077.12205032  -1077.11943824  -1077.12252063  -1077.13375070  -1077.14969331  -1077.15780440 
max(|Fr_perp|)   :   0.00000000    0.00074120    0.00092514    0.00279087    0.00099883    0.00088275    0.00063363    0.00112681    0.00321570    0.00000000 
Fr_paral         :   0.00000000    0.00150749   -0.01088566   -0.03045005   -0.01237499   -0.00004485    0.01633269    0.02959703    0.00694954    0.00000000 
max(|Fsp_paral|) :   0.00000000    0.00036299    0.00014303    0.00254913    0.00079301    0.00002538    0.00083732    0.00234721    0.00111862    0.00000000 
max(|Fsp_perp|)  :   0.00000000    0.00000000    0.00000000    0.00000000    0.00000000    0.00000000    0.00000000    0.00000000    0.00000000    0.00000000 
max(|FNEB|)      :   0.00000000    0.00095898    0.00093890    0.00101282    0.00096623    0.00088323    0.00061670    0.00135956    0.00327692    0.00000000 
max(|Force|)     :   0.00156285    0.00103476    0.00342848    0.01479878    0.00524275    0.00088226    0.00731291    0.01334147    0.00439450    0.00139315 
ksp              :   0.01000000    0.01000000    0.05258182    0.08973633    0.10000000    0.10000000    0.08788832    0.04376188    0.01000000 
max(|step|)      :   0.00000000    0.00625770    0.00563131    0.00567952    0.00579995    0.00570494    0.00516235    0.00368821    0.00794289    0.00000000 
angle (deg.)     :    52.6396  89.5698  42.4802  20.9695  34.5106  14.8803  40.1688  78.6531 
>
iteration       : 89
climbing        : yes
zoom on         : no
nim             : 10
barrier         :   0.02288020 (image:  5) 
distance        :   0.00000000    3.86790390    7.84390869    8.58621471    9.09356391    9.56970126   10.05011313   10.56298064   11.48092550   15.20187440 
energy          : -1077.14234302  -1077.14847471  -1077.14903823  -1077.13155868  -1077.12208157  -1077.11946282  -1077.12257210  -1077.13361062  -1077.14979022  -1077.15780440 
max(|Fr_perp|)   :   0.00000000    0.00069263    0.00088095    0.00262076    0.00124317    0.00112742    0.00090487    0.00153211    0.00528886    0.00000000 
Fr_paral         :   0.00000000    0.00152210   -0.01076855   -0.03052651   -0.01239382   -0.00007700    0.01643962    0.02972896    0.00688050    0.00000000 
max(|Fsp_paral|) :   0.00000000    0.00034384    0.00023909    0.00266616    0.00077835    0.00015074    0.00127043    0.00176242    0.00148015    0.00000000 
max(|Fsp_perp|)  :   0.00000000    0.00000000    0.00000000    0.00000000    0.00000000    0.00000000    0.00000000    0.00000000    0.00000000    0.00000000 
max(|FNEB|)      :   0.00000000    0.00090029    0.00086799    0.00127151    0.00120971    0.00112819    0.00087851    0.00121069    0.00538798    0.00000000 
max(|Force|)     :   0.00156285    0.00099086    0.00314377    0.01489183    0.00526665    0.00112664    0.00735314    0.01370547    0.00645259    0.00139315 
ksp              :   0.01000000    0.01000000    0.05242053    0.08969907    0.10000000    0.10000000    0.08776956    0.04434918    0.01000000 
max(|step|)      :   0.00000000    0.02456765    0.02377837    0.02393469    0.02428408    0.02393658    0.02185820    0.01061669    0.03260199    0.00000000 
angle (deg.)     :    52.8822  89.2016  41.3059  21.0721  34.9317  14.9985  38.5349  73.1402 
>
iteration       : 90
climbing        : yes
zoom on         : no
nim             : 10
barrier         :   0.02278268 (image:  5) 
distance        :   0.00000000    3.90119988    7.88570999    8.62052374    9.12651700    9.60096157   10.08502684   10.58693866   11.51396886   15.15618768 
energy          : -1077.14234302  -1077.14858041  -1077.14899489  -1077.13165028  -1077.12219851  -1077.11956034  -1077.12265481  -1077.13329870  -1077.15004097  -1077.15780440 
max(|Fr_perp|)   :   0.00000000    0.00064341    0.00132766    0.00289847    0.00090311    0.00090359    0.00100286    0.00213748    0.00741522    0.00000000 
Fr_paral         :   0.00000000    0.00156204   -0.00983790   -0.03055842   -0.01245158   -0.00019602    0.01646753    0.02962123    0.00698825    0.00000000 
max(|Fsp_paral|) :   0.00000000    0.00026342    0.00041549    0.00278325    0.00078129    0.00034038    0.00182914    0.00067227    0.00246411    0.00000000 
max(|Fsp_perp|)  :   0.00000000    0.00000000    0.00000000    0.00000000    0.00000000    0.00000000    0.00000000    0.00000000    0.00000000    0.00000000 
max(|FNEB|)      :   0.00000000    0.00080630    0.00138190    0.00185711    0.00086446    0.00090471    0.00120697    0.00205151    0.00764657    0.00000000 
max(|Force|)     :   0.00156285    0.00095669    0.00270491    0.01515533    0.00533875    0.00090246    0.00745134    0.01410443    0.00863959    0.00139315 
ksp              :   0.01000000    0.01000000    0.05224027    0.08957824    0.10000000    0.10000000    0.08777569    0.04572840    0.01000000 
max(|step|)      :   0.00000000    0.03655361    0.03026086    0.03312090    0.03282378    0.03149229    0.02827104    0.01582729    0.04265096    0.00000000 
angle (deg.)     :    53.2085  87.5104  39.6585  20.5417  36.1138  16.4057  39.8684  65.1141 
>
iteration       : 91
climbing        : yes
zoom on         : no
nim             : 10
barrier         :   0.02269198 (image:  5) 
distance        :   0.00000000    3.94896971    7.93477270    8.67032676    9.17512622    9.64648782   10.12373055   10.62191537   11.55055818   15.09568998 
energy          : -1077.14234302  -1077.14871056  -1077.14887036  -1077.13164381  -1077.12228914  -1077.11965104  -1077.12243648  -1077.13245259  -1077.14995422  -1077.15780440 
max(|Fr_perp|)   :   0.00000000    0.00415250    0.01024468    0.00568001    0.00579370    0.00612834    0.00722851    0.01132925    0.00837628    0.00000000 
Fr_paral         :   0.00000000    0.00155543   -0.00786773   -0.03039595   -0.01241787   -0.00034452    0.01539826    0.02847474    0.00734888    0.00000000 
max(|Fsp_paral|) :   0.00000000    0.00011539    0.00036957    0.00265433    0.00071374    0.00021059    0.00143889    0.00055543    0.00384955    0.00000000 
max(|Fsp_perp|)  :   0.00000000    0.00000000    0.00000000    0.00000000    0.00000000    0.00000000    0.00000000    0.00000000    0.00000000    0.00000000 
max(|FNEB|)      :   0.00000000    0.00414578    0.01016421    0.00559197    0.00575012    0.00612859    0.00750150    0.01132534    0.00865051    0.00000000 
max(|Force|)     :   0.00156285    0.00414051    0.00981367    0.01527483    0.00574124    0.00612809    0.00799498    0.01379400    0.00831395    0.00139315 
ksp              :   0.01000000    0.01000000    0.05243474    0.08953687    0.10000000    0.10000000    0.08895250    0.04922701    0.01000000 
max(|step|)      :   0.00000000    0.00638184    0.01131176    0.00742071    0.00777311    0.00818108    0.00900353    0.01000370    0.01100537    0.00000000 
angle (deg.)     :    53.1291  87.2773  39.5912  20.5505  35.9228  15.7671  39.6744  65.1377 
>
iteration       : 92
climbing        : yes
zoom on         : no
nim             : 10
barrier         :   0.02266949 (image:  5) 
distance        :   0.00000000    3.93911582    7.91891619    8.65742737    9.16239299    9.63519917   10.10890063   10.61165392   11.51478152   15.08489091 
energy          : -1077.14234302  -1077.14870727  -1077.14906981  -1077.13170454  -1077.12231338  -1077.11967353  -1077.12254058  -1077.13280544  -1077.14987820  -1077.15780440 
max(|Fr_perp|)   :   0.00000000    0.00096304    0.00242091    0.00320576    0.00198129    0.00198356    0.00220042    0.00335930    0.00199707    0.00000000 
Fr_paral         :   0.00000000    0.00158775   -0.00811414   -0.03048583   -0.01244993   -0.00032094    0.01583613    0.02929054    0.00809101    0.00000000 
max(|Fsp_paral|) :   0.00000000    0.00012765    0.00034859    0.00265669    0.00076383    0.00003191    0.00118848    0.00053151    0.00286579    0.00000000 
max(|Fsp_perp|)  :   0.00000000    0.00000000    0.00000000    0.00000000    0.00000000    0.00000000    0.00000000    0.00000000    0.00000000    0.00000000 
max(|FNEB|)      :   0.00000000    0.00095619    0.00253971    0.00200407    0.00193822    0.00198392    0.00221454    0.00347333    0.00352973    0.00000000 
max(|Force|)     :   0.00156285    0.00096337    0.00336068    0.01532867    0.00544594    0.00198319    0.00711582    0.01378940    0.00331501    0.00139315 
ksp              :   0.01000000    0.01000000    0.05223577    0.08951956    0.10000000    0.10000000    0.08861754    0.04786508    0.01000000 
max(|step|)      :   0.00000000    0.00571785    0.00662044    0.00693914    0.00679733    0.00680925    0.00681574    0.00810258    0.00750877    0.00000000 
angle (deg.)     :    53.1478  86.7855  39.4369  20.2306  36.0911  15.2850  40.3225  64.7077 
>
iteration       : 93
climbing        : yes
zoom on         : no
nim             : 10
barrier         :   0.02264227 (image:  5) 
distance        :   0.00000000    3.94637497    7.92405221    8.66490343    9.16877708    9.64098724   10.10939790   10.62067655   11.51570495   15.07566179 
energy          : -1077.14234302  -1077.14873482  -1077.14917701  -1077.13169694  -1077.12233170  -1077.11970075  -1077.12249657  -1077.13299213  -1077.14988017  -1077.15780440 
max(|Fr_perp|)   :   0.00000000    0.00071005    0.00174965    0.00313913    0.00087514    0.00083471    0.00092309    0.00173238    0.00135761    0.00000000 
Fr_paral         :   0.00000000    0.00159012   -0.00833016   -0.03044844   -0.01243178   -0.00032526    0.01560802    0.02924375    0.00873149    0.00000000 
max(|Fsp_paral|) :   0.00000000    0.00009805    0.00029004    0.00254131    0.00077364    0.00013546    0.00058863    0.00131287    0.00251043    0.00000000 
max(|Fsp_perp|)  :   0.00000000    0.00000000    0.00000000    0.00000000    0.00000000    0.00000000    0.00000000    0.00000000    0.00000000    0.00000000 
max(|FNEB|)      :   0.00000000    0.00077072    0.00154425    0.00090099    0.00083068    0.00083488    0.00093357    0.00189134    0.00238017    0.00000000 
max(|Force|)     :   0.00156285    0.00103977    0.00239912    0.01526635    0.00541041    0.00083453    0.00711390    0.01343402    0.00349897    0.00139315 
ksp              :   0.01000000    0.01000000    0.05231671    0.08954230    0.10000000    0.10000000    0.08888697    0.04716851    0.01000000 
max(|step|)      :   0.00000000    0.02420658    0.01986032    0.02604670    0.02533306    0.02467898    0.02252810    0.01977162    0.03369361    0.00000000 
angle (deg.)     :    53.2651  84.5236  38.6348  19.1961  36.9911  15.1894  42.5943  61.0067 
>
iteration       : 94
climbing        : yes
zoom on         : no
nim             : 10
barrier         :   0.02255383 (image:  5) 
distance        :   0.00000000    3.97537659    7.94173568    8.69327904    9.19594771    9.66615903   10.11880990   10.64324334   11.50852784   15.03140706 
energy          : -1077.14234302  -1077.14883661  -1077.14941720  -1077.13167642  -1077.12238526  -1077.11978919  -1077.12233222  -1077.13288295  -1077.14948789  -1077.15780440 
max(|Fr_perp|)   :   0.00000000    0.00121138    0.00284509    0.00312900    0.00197945    0.00204704    0.00240366    0.00342674    0.00407563    0.00000000 
Fr_paral         :   0.00000000    0.00160042   -0.00817823   -0.03027387   -0.01232508   -0.00036403    0.01475901    0.02870169    0.01010032    0.00000000 
max(|Fsp_paral|) :   0.00000000    0.00002806    0.00004471    0.00220822    0.00072110    0.00062881    0.00078496    0.00239830    0.00216594    0.00000000 
max(|Fsp_perp|)  :   0.00000000    0.00000000    0.00000000    0.00000000    0.00000000    0.00000000    0.00000000    0.00000000    0.00000000    0.00000000 
max(|FNEB|)      :   0.00000000    0.00121458    0.00285822    0.00187137    0.00193143    0.00204609    0.00253099    0.00367642    0.00524675    0.00000000 
max(|Force|)     :   0.00156285    0.00122185    0.00290196    0.01516364    0.00536383    0.00204799    0.00682966    0.01276667    0.00550894    0.00139315 
ksp              :   0.01000000    0.01000000    0.05256456    0.08964049    0.10000000    0.10000000    0.08985216    0.04774993    0.01000000 
max(|step|)      :   0.00000000    0.03409631    0.02810024    0.03618539    0.03513681    0.03439653    0.03221226    0.03345062    0.03892487    0.00000000 
angle (deg.)     :    53.4219  81.7382  38.5667  18.2680  37.8103  15.3778  44.3983  58.0125 
>
iteration       : 95
climbing        : yes
zoom on         : no
nim             : 10
barrier         :   0.02243437 (image:  5) 
distance        :   0.00000000    4.01440950    7.97038139    8.73516318    9.23881319    9.70763048   10.15142759   10.67702846   11.50434369   14.98719066 
energy          : -1077.14234302  -1077.14897722  -1077.14966659  -1077.13173114  -1077.12246548  -1077.11990865  -1077.12229610  -1077.13268625  -1077.14885699  -1077.15780440 
max(|Fr_perp|)   :   0.00000000    0.00212810    0.00369689    0.00304188    0.00287353    0.00283541    0.00404778    0.00480178    0.00454855    0.00000000 
Fr_paral         :   0.00000000    0.00162015   -0.00853769   -0.03009739   -0.01215738   -0.00037839    0.01416600    0.02849890    0.01134716    0.00000000 
max(|Fsp_paral|) :   0.00000000    0.00018013    0.00017799    0.00198465    0.00061813    0.00089898    0.00133379    0.00301070    0.00177997    0.00000000 
max(|Fsp_perp|)  :   0.00000000    0.00000000    0.00000000    0.00000000    0.00000000    0.00000000    0.00000000    0.00000000    0.00000000    0.00000000 
max(|FNEB|)      :   0.00000000    0.00212814    0.00371620    0.00276352    0.00282312    0.00283353    0.00444648    0.00466767    0.00562305    0.00000000 
max(|Force|)     :   0.00156285    0.00213805    0.00362155    0.01500496    0.00526245    0.00283730    0.00667127    0.01256365    0.00658557    0.00139315 
ksp              :   0.01000000    0.01000000    0.05257167    0.08974276    0.10000000    0.10000000    0.09042224    0.04874006    0.01000000 
max(|step|)      :   0.00000000    0.07918393    0.06061282    0.07894467    0.07674192    0.07550293    0.07154564    0.07757053    0.08653713    0.00000000 
angle (deg.)     :    53.8979  76.2535  40.4067  16.8395  39.5575  17.2225  49.2622  53.5047 
>
iteration       : 96
climbing        : yes
zoom on         : no
nim             : 10
barrier         :   0.02218827 (image:  5) 
distance        :   0.00000000    4.10402387    8.04616677    8.85417142    9.36265891    9.83067412   10.26227167   10.77667175   11.53128076   14.94592767 
energy          : -1077.14234302  -1077.14930636  -1077.14973365  -1077.13180866  -1077.12263128  -1077.12015474  -1077.12232602  -1077.13153005  -1077.14680621  -1077.15780440 
max(|Fr_perp|)   :   0.00000000    0.00289803    0.01170799    0.00672859    0.00468607    0.00438462    0.00575521    0.02354713    0.00573495    0.00000000 
Fr_paral         :   0.00000000    0.00159966   -0.00824265   -0.02949134   -0.01177469   -0.00039474    0.01334134    0.02642884    0.01255470    0.00000000 
max(|Fsp_paral|) :   0.00000000    0.00048784    0.00086129    0.00124780    0.00038976    0.00131865    0.00160068    0.00265570    0.00201521    0.00000000 
max(|Fsp_perp|)  :   0.00000000    0.00000000    0.00000000    0.00000000    0.00000000    0.00000000    0.00000000    0.00000000    0.00000000    0.00000000 
max(|FNEB|)      :   0.00000000    0.00290547    0.01167935    0.00648498    0.00463190    0.00437966    0.00521786    0.02387531    0.00600120    0.00000000 
max(|Force|)     :   0.00156285    0.00288753    0.01185092    0.01471710    0.00512798    0.00438957    0.00618664    0.02247361    0.00813159    0.00139315 
ksp              :   0.01000000    0.01000000    0.05272942    0.08995469    0.10000000    0.10000000    0.09119289    0.05385951    0.01000000 
max(|step|)      :   0.00000000    0.02241944    0.01648762    0.02140716    0.02078139    0.02052049    0.01948265    0.02060153    0.02641279    0.00000000 
angle (deg.)     :    53.7017  77.7525  39.6894  17.4826  38.7562  16.3182  45.6009  55.0181 
>
iteration       : 97
climbing        : yes
zoom on         : no
nim             : 10
barrier         :   0.02223446 (image:  5) 
distance        :   0.00000000    4.07592783    8.02332257    8.81306210    9.32145910    9.79087626   10.23100796   10.73850277   11.50355647   14.94186445 
energy          : -1077.14234302  -1077.14922030  -1077.14996597  -1077.13195543  -1077.12262524  -1077.12010856  -1077.12245960  -1077.13221205  -1077.14763081  -1077.15780440 
max(|Fr_perp|)   :   0.00000000    0.00108253    0.00181238    0.00296098    0.00110925    0.00113995    0.00203828    0.00256292    0.00375519    0.00000000 
Fr_paral         :   0.00000000    0.00166811   -0.00889334   -0.03002685   -0.01192942   -0.00039815    0.01409461    0.02851735    0.01293554    0.00000000 
max(|Fsp_paral|) :   0.00000000    0.00038982    0.00043504    0.00181619    0.00047073    0.00105397    0.00081186    0.00290446    0.00147549    0.00000000 
max(|Fsp_perp|)  :   0.00000000    0.00000000    0.00000000    0.00000000    0.00000000    0.00000000    0.00000000    0.00000000    0.00000000    0.00000000 
max(|FNEB|)      :   0.00000000    0.00108741    0.00186241    0.00119021    0.00105524    0.00113577    0.00198590    0.00244951    0.00313380    0.00000000 
max(|Force|)     :   0.00156285    0.00123985    0.00354097    0.01468103    0.00519302    0.00114413    0.00614079    0.01246010    0.00666253    0.00139315 
ksp              :   0.01000000    0.01000000    0.05204656    0.08981306    0.10000000    0.10000000    0.09048354    0.05100783    0.01000000 
max(|step|)      :   0.00000000    0.00546147    0.00586255    0.00621164    0.00617445    0.00614095    0.00619802    0.00739366    0.00610384    0.00000000 
angle (deg.)     :    53.6980  77.5126  39.8819  17.7107  38.6227  16.4558  44.1937  55.3497 
>
iteration       : 98
climbing        : yes
zoom on         : no
nim             : 10
barrier         :   0.02221413 (image:  5) 
distance        :   0.00000000    4.07971149    8.02923584    8.81892560    9.32863840    9.79944051   10.24268148   10.74053912   11.49581978   14.93600540 
energy          : -1077.14234302  -1077.14924308  -1077.15002574  -1077.13204853  -1077.12265492  -1077.12012888  -1077.12253880  -1077.13210509  -1077.14758414  -1077.15780440 
max(|Fr_perp|)   :   0.00000000    0.00078252    0.00160704    0.00281393    0.00094217    0.00087577    0.00101052    0.00418592    0.00316684    0.00000000 
Fr_paral         :   0.00000000    0.00169767   -0.00892673   -0.03015361   -0.01193772   -0.00038384    0.01430356    0.02873945    0.01307525    0.00000000 
max(|Fsp_paral|) :   0.00000000    0.00039416    0.00035515    0.00196297    0.00048659    0.00099018    0.00025554    0.00253848    0.00143688    0.00000000 
max(|Fsp_perp|)  :   0.00000000    0.00000000    0.00000000    0.00000000    0.00000000    0.00000000    0.00000000    0.00000000    0.00000000    0.00000000 
max(|FNEB|)      :   0.00000000    0.00076468    0.00160834    0.00105663    0.00088855    0.00087267    0.00100085    0.00378368    0.00256599    0.00000000 
max(|Force|)     :   0.00156285    0.00117319    0.00332082    0.01477794    0.00518335    0.00087887    0.00639523    0.01286425    0.00640168    0.00139315 
ksp              :   0.01000000    0.01000000    0.05170785    0.08976582    0.10000000    0.10000000    0.09023630    0.05147871    0.01000000 
max(|step|)      :   0.00000000    0.02812503    0.02615415    0.02963200    0.02932690    0.02914916    0.02926503    0.03466576    0.02922400    0.00000000 
angle (deg.)     :    53.7180  76.3063  41.0341  18.7319  38.3043  17.6910  38.7296  57.0531 
>
iteration       : 99
climbing        : yes
zoom on         : no
nim             : 10
barrier         :   0.02212839 (image:  5) 
distance        :   0.00000000    4.10110881    8.06108540    8.85549764    9.37080187    9.84791079   10.30100910   10.76267434   11.47482077   14.92163677 
energy          : -1077.14234302  -1077.14934584  -1077.15019926  -1077.13240443  -1077.12277721  -1077.12021462  -1077.12277692  -1077.13153284  -1077.14707552  -1077.15780440 
max(|Fr_perp|)   :   0.00000000    0.00192670    0.00353595    0.00283788    0.00233547    0.00223017    0.00392578    0.00749433    0.00285854    0.00000000 
Fr_paral         :   0.00000000    0.00179069   -0.00882600   -0.03055207   -0.01193538   -0.00030532    0.01473529    0.02881370    0.01344331    0.00000000 
max(|Fsp_paral|) :   0.00000000    0.00042353    0.00011844    0.00244323    0.00056753    0.00086090    0.00167732    0.00121305    0.00131317    0.00000000 
max(|Fsp_perp|)  :   0.00000000    0.00000000    0.00000000    0.00000000    0.00000000    0.00000000    0.00000000    0.00000000    0.00000000    0.00000000 
max(|FNEB|)      :   0.00000000    0.00192207    0.00352640    0.00221191    0.00227995    0.00222787    0.00353998    0.00734409    0.00196179    0.00000000 
max(|Force|)     :   0.00156285    0.00193673    0.00326590    0.01506715    0.00517121    0.00223246    0.00693842    0.01379546    0.00646779    0.00139315 
ksp              :   0.01000000    0.01000000    0.05042195    0.08957751    0.10000000    0.10000000    0.08957869    0.05396685    0.01000000 
max(|step|)      :   0.00000000    0.03232135    0.03049402    0.03222577    0.03235690    0.03256239    0.03415829    0.04096441    0.03404063    0.00000000 
angle (deg.)     :    53.6910  75.4322  42.7224  20.3183  37.9529  19.6610  31.9811  61.1661 
>
iteration       : 100
climbing        : yes
zoom on         : no
nim             : 10
barrier         :   0.02202526 (image:  5) 
distance        :   0.00000000    4.12193273    8.10236778    8.90613107    9.42677954    9.91351322   10.37058994   10.80148102   11.46534178   14.93230773 
energy          : -1077.14234302  -1077.14946949  -1077.15033865  -1077.13270548  -1077.12293888  -1077.12031776  -1077.12302809  -1077.13083163  -1077.14619727  -1077.15780440 
max(|Fr_perp|)   :   0.00000000    0.00083711    0.00773762    0.00944183    0.00101134    0.00054388    0.00101606    0.01157856    0.01458292    0.00000000 
Fr_paral         :   0.00000000    0.00186927   -0.00826380   -0.03050030   -0.01199638   -0.00021509    0.01525323    0.02794513    0.01294139    0.00000000 
max(|Fsp_paral|) :   0.00000000    0.00041994    0.00002905    0.00273461    0.00079633    0.00106173    0.00312358    0.00018452    0.00109253    0.00000000 
max(|Fsp_perp|)  :   0.00000000    0.00000000    0.00000000    0.00000000    0.00000000    0.00000000    0.00000000    0.00000000    0.00000000    0.00000000 
max(|FNEB|)      :   0.00000000    0.00084508    0.00776313    0.00974078    0.00053302    0.00054043    0.00250209    0.01167350    0.01451954    0.00000000 
max(|Force|)     :   0.00156285    0.00125873    0.00799411    0.01522072    0.00528307    0.00054733    0.00695550    0.01444252    0.01495882    0.00139315 
ksp              :   0.01000000    0.01000000    0.04938106    0.08928954    0.10000000    0.10000000    0.08892499    0.05703803    0.01000000 
max(|step|)      :   0.00000000    0.01020613    0.00862159    0.01054975    0.01043212    0.01035674    0.01055730    0.01218125    0.01481262    0.00000000 
angle (deg.)     :    53.6805  75.2306  43.1755  20.6641  37.9439  20.0231  30.1964  62.6018 
>
iteration       : 101
climbing        : yes
zoom on         : no
nim             : 10
barrier         :   0.02199558 (image:  5) 
distance        :   0.00000000    4.12838594    8.11626856    8.92410282    9.44606999    9.93572001   10.39048385   10.81767482   11.46649484   14.93973421 
energy          : -1077.14234302  -1077.14950743  -1077.15049155  -1077.13290450  -1077.12298410  -1077.12034744  -1077.12304798  -1077.13082133  -1077.14612211  -1077.15780440 
max(|Fr_perp|)   :   0.00000000    0.00082453    0.00193235    0.00279454    0.00111904    0.00108905    0.00127106    0.00339419    0.00370933    0.00000000 
Fr_paral         :   0.00000000    0.00187471   -0.00819355   -0.03091864   -0.01201300   -0.00018148    0.01521338    0.02839235    0.01324681    0.00000000 
max(|Fsp_paral|) :   0.00000000    0.00041545    0.00015180    0.00293755    0.00087318    0.00124953    0.00315670    0.00037708    0.00080664    0.00000000 
max(|Fsp_perp|)  :   0.00000000    0.00000000    0.00000000    0.00000000    0.00000000    0.00000000    0.00000000    0.00000000    0.00000000    0.00000000 
max(|FNEB|)      :   0.00000000    0.00082439    0.00193933    0.00108764    0.00105760    0.00108768    0.00258321    0.00349778    0.00336853    0.00000000 
max(|Force|)     :   0.00156285    0.00124982    0.00260688    0.01525566    0.00531152    0.00109042    0.00688217    0.01422706    0.00560559    0.00139315 
ksp              :   0.01000000    0.01000000    0.04861987    0.08921148    0.10000000    0.10000000    0.08895011    0.05714366    0.01000000 
max(|step|)      :   0.00000000    0.00716953    0.00760422    0.00802321    0.00805919    0.00807501    0.00850914    0.00947657    0.00642272    0.00000000 
angle (deg.)     :    53.6582  75.1818  43.4421  20.8438  37.9736  20.1123  28.7913  63.7556 
>
iteration       : 102
climbing        : yes
zoom on         : no
nim             : 10
barrier         :   0.02197223 (image:  5) 
distance        :   0.00000000    4.13219193    8.12651662    8.93855096    9.46076173    9.95253862   10.40284474   10.83107310   11.46846666   14.94686495 
energy          : -1077.14234302  -1077.14953472  -1077.15056602  -1077.13295670  -1077.12301803  -1077.12037079  -1077.12303094  -1077.13079873  -1077.14600653  -1077.15780440 
max(|Fr_perp|)   :   0.00000000    0.00077610    0.00170492    0.00280889    0.00098575    0.00068278    0.00098004    0.00298887    0.00360290    0.00000000 
Fr_paral         :   0.00000000    0.00187508   -0.00801678   -0.03092881   -0.01203246   -0.00015503    0.01506990    0.02842404    0.01354709    0.00000000 
max(|Fsp_paral|) :   0.00000000    0.00040652    0.00015042    0.00291276    0.00095159    0.00148576    0.00289804    0.00067357    0.00059844    0.00000000 
max(|Fsp_perp|)  :   0.00000000    0.00000000    0.00000000    0.00000000    0.00000000    0.00000000    0.00000000    0.00000000    0.00000000    0.00000000 
max(|FNEB|)      :   0.00000000    0.00081318    0.00171232    0.00195910    0.00059017    0.00068167    0.00228142    0.00271407    0.00347306    0.00000000 
max(|Force|)     :   0.00156285    0.00120335    0.00251743    0.01529016    0.00533598    0.00068389    0.00685879    0.01414752    0.00566439    0.00139315 
ksp              :   0.01000000    0.01000000    0.04844709    0.08915666    0.10000000    0.10000000    0.08910378    0.05728630    0.01000000 
max(|step|)      :   0.00000000    0.04246326    0.04535195    0.04616109    0.04660723    0.04696737    0.05020686    0.05548226    0.03737743    0.00000000 
angle (deg.)     :    53.5322  75.1751  44.8879  21.6178  38.3900  20.7328  23.9779  72.2013 
>
iteration       : 103
climbing        : yes
zoom on         : no
nim             : 10
barrier         :   0.02184565 (image:  5) 
distance        :   0.00000000    4.15395061    8.19079383    9.03082034    9.55430035   10.05802559   10.47741673   10.91791460   11.50637952   15.01762364 
energy          : -1077.14234302  -1077.14969257  -1077.15090748  -1077.13321399  -1077.12319275  -1077.12049737  -1077.12285718  -1077.13062985  -1077.14527100  -1077.15780440 
max(|Fr_perp|)   :   0.00000000    0.00056080    0.00385504    0.00524772    0.00110211    0.00059348    0.00090055    0.00517205    0.00905727    0.00000000 
Fr_paral         :   0.00000000    0.00183546   -0.00681089   -0.03084549   -0.01212344    0.00001401    0.01396317    0.02827996    0.01499988    0.00000000 
max(|Fsp_paral|) :   0.00000000    0.00033943    0.00008851    0.00266106    0.00138096    0.00302583    0.00090806    0.00229541    0.00031640    0.00000000 
max(|Fsp_perp|)  :   0.00000000    0.00000000    0.00000000    0.00000000    0.00000000    0.00000000    0.00000000    0.00000000    0.00000000    0.00000000 
max(|FNEB|)      :   0.00000000    0.00071762    0.00382390    0.00505452    0.00091195    0.00059365    0.00071242    0.00486704    0.00903085    0.00000000 
max(|Force|)     :   0.00156285    0.00102879    0.00363178    0.01528994    0.00546485    0.00059331    0.00646510    0.01356886    0.00997620    0.00139315 
ksp              :   0.01000000    0.01000000    0.04760987    0.08889551    0.10000000    0.10000000    0.09027803    0.05825605    0.01000000 
max(|step|)      :   0.00000000    0.04294442    0.05066091    0.04710503    0.04806039    0.04886047    0.05291351    0.05600350    0.05016734    0.00000000 
angle (deg.)     :    53.3804  75.6171  45.9400  21.3797  39.2168  21.7868  27.6488  81.6950 
>
iteration       : 104
climbing        : yes
zoom on         : no
nim             : 10
barrier         :   0.02174335 (image:  5) 
distance        :   0.00000000    4.17342567    8.25960375    9.13064000    9.65865350   10.16921681   10.56075419   11.00443602   11.59523364   15.13390291 
energy          : -1077.14234302  -1077.14984227  -1077.15112292  -1077.13300218  -1077.12327638  -1077.12059967  -1077.12268939  -1077.13010871  -1077.14309158  -1077.15780440 
max(|Fr_perp|)   :   0.00000000    0.00065891    0.00576459    0.02457034    0.00309737    0.00323095    0.00379599    0.00644876    0.04515060    0.00000000 
Fr_paral         :   0.00000000    0.00182884   -0.00564309   -0.02921803   -0.01206729    0.00016977    0.01287443    0.02736055    0.00871529    0.00000000 
max(|Fsp_paral|) :   0.00000000    0.00024827    0.00037028    0.00186604    0.00146445    0.00425476    0.00057091    0.00198954    0.00017191    0.00000000 
max(|Fsp_perp|)  :   0.00000000    0.00000000    0.00000000    0.00000000    0.00000000    0.00000000    0.00000000    0.00000000    0.00000000    0.00000000 
max(|FNEB|)      :   0.00000000    0.00065986    0.00587514    0.02492380    0.00303100    0.00323080    0.00378765    0.00590531    0.04521571    0.00000000 
max(|Force|)     :   0.00156285    0.00114185    0.00539131    0.02416182    0.00548006    0.00323110    0.00587198    0.01313918    0.04426060    0.00139315 
ksp              :   0.01000000    0.01000000    0.04866356    0.08892056    0.10000000    0.10000000    0.09135021    0.06064020    0.01000000 
max(|step|)      :   0.00000000    0.01687634    0.02143159    0.01950991    0.01995770    0.02028697    0.02197505    0.02322439    0.03303386    0.00000000 
angle (deg.)     :    53.4316  75.4219  45.4276  21.4056  38.8612  21.2748  24.7689  77.7825 
>
iteration       : 105
climbing        : yes
zoom on         : no
nim             : 10
barrier         :   0.02177519 (image:  5) 
distance        :   0.00000000    4.16566374    8.23238043    9.08998359    9.61638741   10.12434182   10.52690308   10.96932657   11.55428866   15.08094069 
energy          : -1077.14234302  -1077.14978480  -1077.15109953  -1077.13340221  -1077.12325304  -1077.12056782  -1077.12277308  -1077.13040621  -1077.14500513  -1077.15780440 
max(|Fr_perp|)   :   0.00000000    0.00062476    0.00133616    0.00261516    0.00114396    0.00061293    0.00074037    0.00209377    0.00458471    0.00000000 
Fr_paral         :   0.00000000    0.00182748   -0.00621203   -0.03098740   -0.01209257    0.00011315    0.01335666    0.02808424    0.01538657    0.00000000 
max(|Fsp_paral|) :   0.00000000    0.00028363    0.00009559    0.00266784    0.00143086    0.00377218    0.00001928    0.00231816    0.00021710    0.00000000 
max(|Fsp_perp|)  :   0.00000000    0.00000000    0.00000000    0.00000000    0.00000000    0.00000000    0.00000000    0.00000000    0.00000000    0.00000000 
max(|FNEB|)      :   0.00000000    0.00066470    0.00143439    0.00169148    0.00079384    0.00061401    0.00067311    0.00127627    0.00464941    0.00000000 
max(|Force|)     :   0.00156285    0.00110084    0.00276665    0.01527404    0.00547259    0.00061185    0.00608600    0.01323736    0.00874702    0.00139315 
ksp              :   0.01000000    0.01000000    0.04695365    0.08890162    0.10000000    0.10000000    0.09088535    0.05933656    0.01000000 
max(|step|)      :   0.00000000    0.00329530    0.00362857    0.00325695    0.00332344    0.00339669    0.00363352    0.00328796    0.00325039    0.00000000 
angle (deg.)     :    53.3996  75.5204  45.3690  21.1847  38.9525  21.3026  24.5701  78.2075 
>
iteration       : 106
climbing        : yes
zoom on         : no
nim             : 10
barrier         :   0.02176588 (image:  5) 
distance        :   0.00000000    4.16642163    8.23769271    9.09792059    9.62486046   10.13237582   10.53373982   10.97430218   11.56133462   15.08730070 
energy          : -1077.14234302  -1077.14979589  -1077.15113953  -1077.13341129  -1077.12324975  -1077.12057713  -1077.12277383  -1077.13034756  -1077.14503986  -1077.15780440 
max(|Fr_perp|)   :   0.00000000    0.00060610    0.00122185    0.00257899    0.00113310    0.00061384    0.00070649    0.00166580    0.00308396    0.00000000 
Fr_paral         :   0.00000000    0.00183552   -0.00620994   -0.03099974   -0.01206384    0.00012278    0.01331964    0.02803962    0.01566847    0.00000000 
max(|Fsp_paral|) :   0.00000000    0.00027233    0.00008177    0.00265509    0.00138841    0.00379439    0.00003407    0.00213589    0.00010568    0.00000000 
max(|Fsp_perp|)  :   0.00000000    0.00000000    0.00000000    0.00000000    0.00000000    0.00000000    0.00000000    0.00000000    0.00000000    0.00000000 
max(|FNEB|)      :   0.00000000    0.00065387    0.00130644    0.00096218    0.00069906    0.00061497    0.00066244    0.00101836    0.00306976    0.00000000 
max(|Force|)     :   0.00156285    0.00108564    0.00265074    0.01524432    0.00544913    0.00061271    0.00603754    0.01316873    0.00735718    0.00139315 
ksp              :   0.01000000    0.01000000    0.04693191    0.08894897    0.10000000    0.10000000    0.09091684    0.05960015    0.01000000 
max(|step|)      :   0.00000000    0.03444930    0.03831811    0.03409859    0.03481308    0.03558815    0.03810731    0.03480185    0.03412165    0.00000000 
angle (deg.)     :    53.1120  76.5670  45.0847  19.2807  39.9456  22.0973  25.7283  82.8232 
>
iteration       : 107
climbing        : yes
zoom on         : no
nim             : 10
barrier         :   0.02167907 (image:  5) 
distance        :   0.00000000    4.17540228    8.29558296    9.18366751    9.71687549   10.22063949   10.60962941   11.03456364   11.64911025   15.17043457 
energy          : -1077.14234302  -1077.14990717  -1077.15146060  -1077.13346507  -1077.12321125  -1077.12066395  -1077.12276186  -1077.12974012  -1077.14504372  -1077.15780440 
max(|Fr_perp|)   :   0.00000000    0.00048583    0.00117280    0.00393882    0.00104944    0.00060204    0.00075218    0.00186559    0.00848627    0.00000000 
Fr_paral         :   0.00000000    0.00188658   -0.00603306   -0.03091775   -0.01176092    0.00022224    0.01287687    0.02724510    0.01676834    0.00000000 
max(|Fsp_paral|) :   0.00000000    0.00015550    0.00010184    0.00247911    0.00095802    0.00404861    0.00004420    0.00020774    0.00113021    0.00000000 
max(|Fsp_perp|)  :   0.00000000    0.00000000    0.00000000    0.00000000    0.00000000    0.00000000    0.00000000    0.00000000    0.00000000    0.00000000 
max(|FNEB|)      :   0.00000000    0.00053051    0.00118300    0.00373468    0.00057192    0.00060319    0.00076454    0.00178285    0.00825632    0.00000000 
max(|Force|)     :   0.00156285    0.00099321    0.00204657    0.01499574    0.00523128    0.00060089    0.00563241    0.01258293    0.00994920    0.00139315 
ksp              :   0.01000000    0.01000000    0.04685653    0.08942496    0.10000000    0.10000000    0.09129058    0.06232057    0.01000000 
max(|step|)      :   0.00000000    0.02103290    0.02519950    0.02062228    0.02115662    0.02171900    0.02316914    0.02032132    0.02288802    0.00000000 
angle (deg.)     :    52.9206  77.4253  44.8507  18.3606  40.5638  22.6316  26.3234  84.4421 
>
iteration       : 108
climbing        : yes
zoom on         : no
nim             : 10
barrier         :   0.02163051 (image:  5) 
distance        :   0.00000000    4.17981220    8.33370665    9.23966851    9.77617035   10.27694813   10.66193949   11.08226572   11.70723993   15.21591014 
energy          : -1077.14234302  -1077.14997247  -1077.15164854  -1077.13342584  -1077.12318169  -1077.12071251  -1077.12278170  -1077.12952670  -1077.14509821  -1077.15780440 
max(|Fr_perp|)   :   0.00000000    0.00044612    0.00238288    0.00731753    0.00117876    0.00084643    0.00108283    0.00882822    0.00289884    0.00000000 
Fr_paral         :   0.00000000    0.00190428   -0.00578943   -0.03077967   -0.01155719    0.00026628    0.01272174    0.02668054    0.01704374    0.00000000 
max(|Fsp_paral|) :   0.00000000    0.00007222    0.00028620    0.00222369    0.00068702    0.00405032    0.00003532    0.00048730    0.00159594    0.00000000 
max(|Fsp_perp|)  :   0.00000000    0.00000000    0.00000000    0.00000000    0.00000000    0.00000000    0.00000000    0.00000000    0.00000000    0.00000000 
max(|FNEB|)      :   0.00000000    0.00046652    0.00241351    0.00759202    0.00082280    0.00084832    0.00109651    0.00874112    0.00305180    0.00000000 
max(|Force|)     :   0.00156285    0.00096730    0.00213593    0.01493190    0.00512481    0.00084453    0.00553907    0.01247637    0.00779653    0.00139315 
ksp              :   0.01000000    0.01000000    0.04710251    0.08972625    0.10000000    0.10000000    0.09139054    0.06332602    0.01000000 
max(|step|)      :   0.00000000    0.01650139    0.01888980    0.01506255    0.01541199    0.01582600    0.01668619    0.01420353    0.01775076    0.00000000 
angle (deg.)     :    52.7718  78.1932  44.6625  17.8459  41.0165  22.9745  26.4674  85.1786 
>
iteration       : 109
climbing        : yes
zoom on         : no
nim             : 10
barrier         :   0.02159321 (image:  5) 
distance        :   0.00000000    4.18310680    8.36569383    9.28533456    9.82403969   10.32276169   10.70622413   11.12658206   11.75345569   15.24754278 
energy          : -1077.14234302  -1077.15002290  -1077.15179654  -1077.13345237  -1077.12316717  -1077.12074981  -1077.12281096  -1077.12957899  -1077.14512274  -1077.15780440 
max(|Fr_perp|)   :   0.00000000    0.00043795    0.00130317    0.00431545    0.00125849    0.00077626    0.00105791    0.00319935    0.00665225    0.00000000 
Fr_paral         :   0.00000000    0.00190062   -0.00571334   -0.03085746   -0.01141508    0.00029201    0.01266307    0.02683660    0.01713129    0.00000000 
max(|Fsp_paral|) :   0.00000000    0.00000144    0.00037049    0.00209396    0.00050485    0.00400875    0.00003237    0.00049809    0.00162880    0.00000000 
max(|Fsp_perp|)  :   0.00000000    0.00000000    0.00000000    0.00000000    0.00000000    0.00000000    0.00000000    0.00000000    0.00000000    0.00000000 
max(|FNEB|)      :   0.00000000    0.00043174    0.00142787    0.00457078    0.00084348    0.00077881    0.00107036    0.00312161    0.00703363    0.00000000 
max(|Force|)     :   0.00156285    0.00096522    0.00185676    0.01492889    0.00506745    0.00077372    0.00556089    0.01248092    0.00780219    0.00139315 
ksp              :   0.01000000    0.01000000    0.04705602    0.08992448    0.10000000    0.10000000    0.09140919    0.06320017    0.01000000 
max(|step|)      :   0.00000000    0.04946353    0.05557973    0.04405795    0.04497212    0.04611373    0.04824791    0.04122382    0.05249459    0.00000000 
angle (deg.)     :    52.4215  80.5811  44.5654  16.9817  42.3019  24.4567  29.0687  87.1593 
>
iteration       : 110
climbing        : yes
zoom on         : no
nim             : 10
barrier         :   0.02149711 (image:  5) 
distance        :   0.00000000    4.19506569    8.46823366    9.43031471    9.97478246   10.46929318   10.85069948   11.27637123   11.90932399   15.35755386 
energy          : -1077.14234302  -1077.15016693  -1077.15211559  -1077.13346376  -1077.12313947  -1077.12084591  -1077.12290169  -1077.12972717  -1077.14513802  -1077.15780440 
max(|Fr_perp|)   :   0.00000000    0.00043740    0.00122752    0.00267800    0.00133992    0.00100852    0.00127877    0.00210512    0.00444079    0.00000000 
Fr_paral         :   0.00000000    0.00185935   -0.00540005   -0.03085793   -0.01104955    0.00035454    0.01256893    0.02667202    0.01738600    0.00000000 
max(|Fsp_paral|) :   0.00000000    0.00022526    0.00070326    0.00153190    0.00008135    0.00387718    0.00031304    0.00035170    0.00173931    0.00000000 
max(|Fsp_perp|)  :   0.00000000    0.00000000    0.00000000    0.00000000    0.00000000    0.00000000    0.00000000    0.00000000    0.00000000    0.00000000 
max(|FNEB|)      :   0.00000000    0.00065776    0.00135264    0.00213834    0.00122769    0.00101167    0.00128421    0.00225046    0.00405946    0.00000000 
max(|Force|)     :   0.00156285    0.00097367    0.00180487    0.01500925    0.00494734    0.00100537    0.00564940    0.01246348    0.00832182    0.00139315 
ksp              :   0.01000000    0.01000000    0.04717399    0.09039775    0.10000000    0.10000000    0.09139325    0.06281764    0.01000000 
max(|step|)      :   0.00000000    0.03875526    0.04500271    0.03386640    0.03446046    0.03524675    0.03637716    0.03280473    0.04096929    0.00000000 
angle (deg.)     :    52.2578  82.4876  45.2379  17.3120  42.8189  24.9070  30.0602  87.5092 
>
iteration       : 111
climbing        : yes
zoom on         : no
nim             : 10
barrier         :   0.02143315 (image:  5) 
distance        :   0.00000000    4.20813156    8.55639484    9.54574961   10.09278932   10.58958261   10.97574521   11.41245143   12.03332217   15.43447962 
energy          : -1077.14234302  -1077.15027827  -1077.15227170  -1077.13361947  -1077.12320305  -1077.12090987  -1077.12302557  -1077.13018339  -1077.14507548  -1077.15780440 
max(|Fr_perp|)   :   0.00000000    0.00037383    0.00235150    0.00290714    0.00135337    0.00152873    0.00199233    0.00456328    0.01305974    0.00000000 
Fr_paral         :   0.00000000    0.00188804   -0.00502868   -0.03100428   -0.01101223    0.00037299    0.01277590    0.02696774    0.01696678    0.00000000 
max(|Fsp_paral|) :   0.00000000    0.00041582    0.00072247    0.00130975    0.00008461    0.00377922    0.00048024    0.00076294    0.00126419    0.00000000 
max(|Fsp_perp|)  :   0.00000000    0.00000000    0.00000000    0.00000000    0.00000000    0.00000000    0.00000000    0.00000000    0.00000000    0.00000000 
max(|FNEB|)      :   0.00000000    0.00070649    0.00226812    0.00297617    0.00140620    0.00153433    0.00198353    0.00469104    0.01325351    0.00000000 
max(|Force|)     :   0.00156285    0.00085590    0.00254205    0.01520618    0.00498324    0.00152313    0.00579227    0.01283802    0.01239568    0.00139315 
ksp              :   0.01000000    0.01000000    0.04663107    0.09037071    0.10000000    0.10000000    0.09111594    0.06105952    0.01000000 
max(|step|)      :   0.00000000    0.02599944    0.02797660    0.02208935    0.02235568    0.02267848    0.02321710    0.02266981    0.02674727    0.00000000 
angle (deg.)     :    52.2030  83.7836  46.2748  18.1486  42.7474  24.4832  29.0553  86.5970 
>
iteration       : 112
climbing        : yes
zoom on         : no
nim             : 10
barrier         :   0.02139254 (image:  5) 
distance        :   0.00000000    4.21977511    8.62003822    9.62251092   10.17006370   10.67254130   11.06698435   11.51225068   12.11372220   15.47270555 
energy          : -1077.14234302  -1077.15035220  -1077.15236347  -1077.13387645  -1077.12331643  -1077.12095047  -1077.12316243  -1077.13073147  -1077.14531326  -1077.15780440 
max(|Fr_perp|)   :   0.00000000    0.00050549    0.00199858    0.00303302    0.00154670    0.00172784    0.00218119    0.00205211    0.00474001    0.00000000 
Fr_paral         :   0.00000000    0.00191510   -0.00499712   -0.03125382   -0.01118103    0.00036431    0.01315273    0.02762785    0.01734106    0.00000000 
max(|Fsp_paral|) :   0.00000000    0.00054521    0.00048013    0.00141594    0.00032787    0.00370651    0.00038372    0.00201511    0.00057914    0.00000000 
max(|Fsp_perp|)  :   0.00000000    0.00000000    0.00000000    0.00000000    0.00000000    0.00000000    0.00000000    0.00000000    0.00000000    0.00000000 
max(|FNEB|)      :   0.00000000    0.00074892    0.00186537    0.00327988    0.00159682    0.00173333    0.00217865    0.00240462    0.00482940    0.00000000 
max(|Force|)     :   0.00156285    0.00078296    0.00235805    0.01538947    0.00508660    0.00172234    0.00600687    0.01318491    0.00817555    0.00139315 
ksp              :   0.01000000    0.01000000    0.04561947    0.09004625    0.10000000    0.10000000    0.09069412    0.05885061    0.01000000 
max(|step|)      :   0.00000000    0.04145616    0.04597117    0.03610545    0.03631974    0.03670764    0.03687046    0.03774306    0.04330472    0.00000000 
angle (deg.)     :    52.2021  85.8043  48.7639  19.9467  42.2986  23.8020  27.0759  83.7533 
>
iteration       : 113
climbing        : yes
zoom on         : no
nim             : 10
barrier         :   0.02133654 (image:  5) 
distance        :   0.00000000    4.24374781    8.72606311    9.74791194   10.29651431   10.81129340   11.22440878   11.67465047   12.25552236   15.53657357 
energy          : -1077.14234302  -1077.15047095  -1077.15246792  -1077.13439083  -1077.12354888  -1077.12100647  -1077.12343026  -1077.13147179  -1077.14553666  -1077.15780440 
max(|Fr_perp|)   :   0.00000000    0.00056522    0.00347055    0.00648976    0.00237339    0.00257861    0.00303964    0.00617132    0.00318042    0.00000000 
Fr_paral         :   0.00000000    0.00182987   -0.00524459   -0.03148911   -0.01160199    0.00031674    0.01396573    0.02834477    0.01639115    0.00000000 
max(|Fsp_paral|) :   0.00000000    0.00073989    0.00009389    0.00180759    0.00087050    0.00352424    0.00036522    0.00321443    0.00011565    0.00000000 
max(|Fsp_perp|)  :   0.00000000    0.00000000    0.00000000    0.00000000    0.00000000    0.00000000    0.00000000    0.00000000    0.00000000    0.00000000 
max(|FNEB|)      :   0.00000000    0.00094460    0.00348579    0.00629262    0.00242370    0.00258144    0.00306865    0.00647244    0.00313999    0.00000000 
max(|Force|)     :   0.00156285    0.00077737    0.00382576    0.01556982    0.00528203    0.00257577    0.00646434    0.01375710    0.00693889    0.00139315 
ksp              :   0.01000000    0.01000000    0.04354324    0.08927582    0.10000000    0.10000000    0.08977619    0.05585609    0.01000000 
max(|step|)      :   0.00000000    0.03176877    0.03452901    0.02735273    0.02731577    0.02745622    0.02685826    0.02868046    0.03213408    0.00000000 
angle (deg.)     :    52.2694  87.2050  50.9596  21.1626  41.9473  23.6177  26.2816  80.8389 
>
iteration       : 114
climbing        : yes
zoom on         : no
nim             : 10
barrier         :   0.02129147 (image:  5) 
distance        :   0.00000000    4.26679472    8.80662547    9.84495111   10.39540348   10.91979637   11.34776054   11.79447178   12.37759216   15.59327553 
energy          : -1077.14234302  -1077.15056317  -1077.15257959  -1077.13485048  -1077.12374092  -1077.12105154  -1077.12364482  -1077.13182008  -1077.14580784  -1077.15780440 
max(|Fr_perp|)   :   0.00000000    0.00054937    0.00217830    0.00620860    0.00158208    0.00176134    0.00212690    0.00755568    0.00528418    0.00000000 
Fr_paral         :   0.00000000    0.00175660   -0.00498719   -0.03157930   -0.01196150    0.00026422    0.01459723    0.02860359    0.01504245    0.00000000 
max(|Fsp_paral|) :   0.00000000    0.00086254    0.00062050    0.00224936    0.00127429    0.00336834    0.00124648    0.00322863    0.00012514    0.00000000 
max(|Fsp_perp|)  :   0.00000000    0.00000000    0.00000000    0.00000000    0.00000000    0.00000000    0.00000000    0.00000000    0.00000000    0.00000000 
max(|FNEB|)      :   0.00000000    0.00114613    0.00230703    0.00646546    0.00162138    0.00176452    0.00219148    0.00705993    0.00525034    0.00000000 
max(|Force|)     :   0.00156285    0.00084373    0.00249158    0.01554190    0.00543062    0.00175816    0.00661605    0.01402418    0.00740335    0.00139315 
ksp              :   0.01000000    0.01000000    0.04167129    0.08863188    0.10000000    0.10000000    0.08903812    0.05448092    0.01000000 
max(|step|)      :   0.00000000    0.01032758    0.01094575    0.00881900    0.00871586    0.00867086    0.00809499    0.00935527    0.00981507    0.00000000 
angle (deg.)     :    52.3047  87.5425  51.5473  21.1377  41.9253  23.6285  25.4456  79.4308 
>
iteration       : 115
climbing        : yes
zoom on         : no
nim             : 10
barrier         :   0.02127677 (image:  5) 
distance        :   0.00000000    4.27689805    8.83012808    9.87557981   10.42679015   10.95334026   11.38415675   11.82624321   12.41831046   15.60915280 
energy          : -1077.14234302  -1077.15059671  -1077.15265752  -1077.13503808  -1077.12379621  -1077.12106625  -1077.12368725  -1077.13181880  -1077.14608326  -1077.15780440 
max(|Fr_perp|)   :   0.00000000    0.00059631    0.00261278    0.00268674    0.00184069    0.00202302    0.00237539    0.00237215    0.00391019    0.00000000 
Fr_paral         :   0.00000000    0.00174076   -0.00494558   -0.03168292   -0.01208510    0.00023757    0.01471119    0.02881589    0.01475310    0.00000000 
max(|Fsp_paral|) :   0.00000000    0.00087756    0.00081173    0.00244362    0.00136318    0.00335030    0.00156201    0.00284912    0.00012204    0.00000000 
max(|Fsp_perp|)  :   0.00000000    0.00000000    0.00000000    0.00000000    0.00000000    0.00000000    0.00000000    0.00000000    0.00000000    0.00000000 
max(|FNEB|)      :   0.00000000    0.00115012    0.00278721    0.00257292    0.00188027    0.00202564    0.00244486    0.00216812    0.00390946    0.00000000 
max(|Force|)     :   0.00156285    0.00083061    0.00293165    0.01544461    0.00546960    0.00202041    0.00657269    0.01393043    0.00735336    0.00139315 
ksp              :   0.01000000    0.01000000    0.04089962    0.08845236    0.10000000    0.10000000    0.08891326    0.05451705    0.01000000 
max(|step|)      :   0.00000000    0.02926080    0.03102420    0.02511850    0.02477268    0.02457015    0.02264108    0.02652665    0.02743666    0.00000000 
angle (deg.)     :    52.4246  88.3758  53.0203  20.7640  42.0669  24.1312  25.3391  75.5165 
>
iteration       : 116
climbing        : yes
zoom on         : no
nim             : 10
barrier         :   0.02123058 (image:  5) 
distance        :   0.00000000    4.30831954    8.89401572    9.96476982   10.51774407   11.04882890   11.48348811   11.91476257   12.54148306   15.66053029 
energy          : -1077.14234302  -1077.15069193  -1077.15284056  -1077.13539732  -1077.12393580  -1077.12111244  -1077.12375053  -1077.13154989  -1077.14681147  -1077.15780440 
max(|Fr_perp|)   :   0.00000000    0.00064102    0.00174644    0.00513736    0.00126467    0.00141006    0.00159867    0.00416306    0.00356008    0.00000000 
Fr_paral         :   0.00000000    0.00169348   -0.00483755   -0.03151591   -0.01239668    0.00015712    0.01482138    0.02848605    0.01408579    0.00000000 
max(|Fsp_paral|) :   0.00000000    0.00089330    0.00107299    0.00262974    0.00155650    0.00339017    0.00215512    0.00138462    0.00131257    0.00000000 
max(|Fsp_perp|)  :   0.00000000    0.00000000    0.00000000    0.00000000    0.00000000    0.00000000    0.00000000    0.00000000    0.00000000    0.00000000 
max(|FNEB|)      :   0.00000000    0.00111216    0.00199544    0.00495752    0.00131816    0.00141078    0.00177424    0.00438257    0.00319836    0.00000000 
max(|Force|)     :   0.00156285    0.00076952    0.00208378    0.01513972    0.00557710    0.00140934    0.00645698    0.01343835    0.00697088    0.00139315 
ksp              :   0.01000000    0.01000000    0.03944396    0.08803127    0.10000000    0.10000000    0.08881666    0.05575387    0.01000000 
max(|step|)      :   0.00000000    0.02523786    0.02568567    0.02118078    0.02081010    0.02052086    0.01848122    0.02146331    0.02241958    0.00000000 
angle (deg.)     :    52.5567  88.9193  53.8931  20.1817  42.4790  24.5781  27.0353  72.3031 
>
iteration       : 117
climbing        : yes
zoom on         : no
nim             : 10
barrier         :   0.02119509 (image:  5) 
distance        :   0.00000000    4.33863481    8.94429208   10.04154190   10.59630395   11.12896034   11.56014834   11.99249780   12.64532730   15.70422610 
energy          : -1077.14234302  -1077.15077717  -1077.15295989  -1077.13563455  -1077.12401860  -1077.12114793  -1077.12370204  -1077.13139449  -1077.14723910  -1077.15780440 
max(|Fr_perp|)   :   0.00000000    0.00053687    0.00340990    0.00442624    0.00231295    0.00248950    0.00276772    0.00323786    0.00975732    0.00000000 
Fr_paral         :   0.00000000    0.00172431   -0.00414305   -0.03136752   -0.01258590    0.00008144    0.01457913    0.02820560    0.01369330    0.00000000 
max(|Fsp_paral|) :   0.00000000    0.00086947    0.00114604    0.00266917    0.00160465    0.00358420    0.00191958    0.00069638    0.00220511    0.00000000 
max(|Fsp_perp|)  :   0.00000000    0.00000000    0.00000000    0.00000000    0.00000000    0.00000000    0.00000000    0.00000000    0.00000000    0.00000000 
max(|FNEB|)      :   0.00000000    0.00099013    0.00365967    0.00467235    0.00236034    0.00248990    0.00280225    0.00318982    0.00996901    0.00000000 
max(|Force|)     :   0.00156285    0.00075137    0.00368335    0.01491146    0.00569010    0.00248911    0.00626681    0.01302570    0.00937889    0.00139315 
ksp              :   0.01000000    0.01000000    0.03848595    0.08781037    0.10000000    0.10000000    0.08915454    0.05649038    0.01000000 
max(|step|)      :   0.00000000    0.01262708    0.01293993    0.01079533    0.01060553    0.01041104    0.00931859    0.01044120    0.01093505    0.00000000 
angle (deg.)     :    52.6297  89.0730  53.9786  19.6960  42.8685  24.4405  27.4589  70.5016 
>
iteration       : 118
climbing        : yes
zoom on         : no
nim             : 10
barrier         :   0.02116829 (image:  5) 
distance        :   0.00000000    4.35597735    8.96598837   10.07974773   10.63519479   11.16694265   11.59197542   12.03147452   12.68851644   15.71922229 
energy          : -1077.14234302  -1077.15082332  -1077.15306409  -1077.13571762  -1077.12404527  -1077.12117473  -1077.12363201  -1077.13142094  -1077.14747664  -1077.15780440 
max(|Fr_perp|)   :   0.00000000    0.00038523    0.00196560    0.00268937    0.00136403    0.00148288    0.00155404    0.00530008    0.00458053    0.00000000 
Fr_paral         :   0.00000000    0.00174341   -0.00395795   -0.03135417   -0.01262177    0.00004551    0.01427237    0.02820330    0.01487221    0.00000000 
max(|Fsp_paral|) :   0.00000000    0.00083125    0.00107904    0.00257827    0.00155559    0.00377960    0.00132127    0.00095836    0.00238823    0.00000000 
max(|Fsp_perp|)  :   0.00000000    0.00000000    0.00000000    0.00000000    0.00000000    0.00000000    0.00000000    0.00000000    0.00000000    0.00000000 
max(|FNEB|)      :   0.00000000    0.00087705    0.00220685    0.00292516    0.00141491    0.00148302    0.00157515    0.00524591    0.00404489    0.00000000 
max(|Force|)     :   0.00156285    0.00064917    0.00223490    0.01486744    0.00575407    0.00148274    0.00619164    0.01284142    0.00677520    0.00139315 
ksp              :   0.01000000    0.01000000    0.03816880    0.08779546    0.10000000    0.10000000    0.08955251    0.05643674    0.01000000 
max(|step|)      :   0.00000000    0.01776114    0.01814683    0.01528615    0.01501108    0.01469798    0.01314107    0.01421991    0.01505939    0.00000000 
angle (deg.)     :    52.7419  89.2084  53.9059  18.9778  43.4994  24.1161  27.9838  67.9350 
>
iteration       : 119
climbing        : yes
zoom on         : no
nim             : 10
barrier         :   0.02113621 (image:  5) 
distance        :   0.00000000    4.38201562    8.99416739   10.13319138   10.68957446   11.21907228   11.63414519   12.08590902   12.74324976   15.73756170 
energy          : -1077.14234302  -1077.15088849  -1077.15320095  -1077.13578791  -1077.12406307  -1077.12120680  -1077.12351129  -1077.13151762  -1077.14760531  -1077.15780440 
max(|Fr_perp|)   :   0.00000000    0.00050732    0.00231172    0.00270769    0.00159376    0.00172282    0.00185043    0.00233746    0.00620636    0.00000000 
Fr_paral         :   0.00000000    0.00175815   -0.00367069   -0.03142485   -0.01262711   -0.00000663    0.01377008    0.02842447    0.01605519    0.00000000 
max(|Fsp_paral|) :   0.00000000    0.00075791    0.00088876    0.00234325    0.00144011    0.00406981    0.00032096    0.00164180    0.00242182    0.00000000 
max(|Fsp_perp|)  :   0.00000000    0.00000000    0.00000000    0.00000000    0.00000000    0.00000000    0.00000000    0.00000000    0.00000000    0.00000000 
max(|FNEB|)      :   0.00000000    0.00078361    0.00251765    0.00250102    0.00165550    0.00172282    0.00186723    0.00231540    0.00540489    0.00000000 
max(|Force|)     :   0.00156285    0.00068119    0.00257314    0.01496308    0.00583869    0.00172282    0.00606110    0.01274756    0.00860712    0.00139315 
ksp              :   0.01000000    0.01000000    0.03791226    0.08783776    0.10000000    0.10000000    0.09018728    0.05609556    0.01000000 
max(|step|)      :   0.00000000    0.02527888    0.02557132    0.02179458    0.02138079    0.02088096    0.01864556    0.01920875    0.02084730    0.00000000 
angle (deg.)     :    52.9216  89.3186  53.7493  18.0987  44.3832  23.8121  29.0116  64.5498 
>
iteration       : 120
climbing        : yes
zoom on         : no
nim             : 10
barrier         :   0.02108530 (image:  5) 
distance        :   0.00000000    4.42121618    9.03197227   10.20842968   10.76672903   11.29246850   11.69552899   12.16104521   12.81704686   15.76554594 
energy          : -1077.14234302  -1077.15098324  -1077.15337694  -1077.13587380  -1077.12408221  -1077.12125771  -1077.12337965  -1077.13157999  -1077.14759936  -1077.15780440 
max(|Fr_perp|)   :   0.00000000    0.00053127    0.00159710    0.00246886    0.00147011    0.00098367    0.00084269    0.00433354    0.00539650    0.00000000 
Fr_paral         :   0.00000000    0.00175016   -0.00292482   -0.03148744   -0.01258279   -0.00007425    0.01314067    0.02851673    0.01722116    0.00000000 
max(|Fsp_paral|) :   0.00000000    0.00062951    0.00056664    0.00198918    0.00122893    0.00438760    0.00085210    0.00240266    0.00239774    0.00000000 
max(|Fsp_perp|)  :   0.00000000    0.00000000    0.00000000    0.00000000    0.00000000    0.00000000    0.00000000    0.00000000    0.00000000    0.00000000 
max(|FNEB|)      :   0.00000000    0.00068287    0.00149915    0.00271070    0.00098206    0.00098386    0.00124974    0.00407573    0.00539984    0.00000000 
max(|Force|)     :   0.00156285    0.00065632    0.00148674    0.01511160    0.00592016    0.00098348    0.00584526    0.01280101    0.00818082    0.00139315 
ksp              :   0.01000000    0.01000000    0.03761303    0.08794398    0.10000000    0.10000000    0.09094279    0.05594063    0.01000000 
max(|step|)      :   0.00000000    0.02744075    0.02894634    0.02480497    0.02439298    0.02380687    0.02165860    0.02017956    0.02434438    0.00000000 
angle (deg.)     :    53.1297  89.2880  53.6973  17.6910  45.0184  23.8143  29.3328  61.5277 
>
iteration       : 121
climbing        : yes
zoom on         : no
nim             : 10
barrier         :   0.02102573 (image:  5) 
distance        :   0.00000000    4.46773753    9.06914278   10.28727402   10.84933720   11.37114509   11.77086069   12.23486047   12.88216707   15.79706674 
energy          : -1077.14234302  -1077.15109406  -1077.15359482  -1077.13591428  -1077.12410724  -1077.12131728  -1077.12336633  -1077.13131170  -1077.14709823  -1077.15780440 
max(|Fr_perp|)   :   0.00000000    0.00040348    0.00395687    0.01022626    0.00145525    0.00101608    0.00094362    0.01451803    0.01929063    0.00000000 
Fr_paral         :   0.00000000    0.00163073   -0.00240747   -0.03132928   -0.01248512   -0.00014061    0.01288693    0.02788898    0.01730475    0.00000000 
max(|Fsp_paral|) :   0.00000000    0.00044753    0.00009601    0.00153990    0.00095404    0.00438068    0.00098987    0.00223355    0.00272796    0.00000000 
max(|Fsp_perp|)  :   0.00000000    0.00000000    0.00000000    0.00000000    0.00000000    0.00000000    0.00000000    0.00000000    0.00000000    0.00000000 
max(|FNEB|)      :   0.00000000    0.00058120    0.00397631    0.01003379    0.00104111    0.00101684    0.00138417    0.01477680    0.02060452    0.00000000 
max(|Force|)     :   0.00156285    0.00065001    0.00404960    0.01540384    0.00588851    0.00101531    0.00573539    0.01370736    0.01739908    0.00139315 
ksp              :   0.01000000    0.01000000    0.03751802    0.08805769    0.10000000    0.10000000    0.09122912    0.05721919    0.01000000 
max(|step|)      :   0.00000000    0.00271637    0.00249987    0.00413113    0.00210536    0.00205098    0.00176063    0.00686015    0.00945022    0.00000000 
angle (deg.)     :    53.1030  89.2544  53.7420  17.7917  44.8464  23.7665  28.5391  61.9030 
>
iteration       : 122
climbing        : yes
zoom on         : no
nim             : 10
barrier         :   0.02102964 (image:  5) 
distance        :   0.00000000    4.46369035    9.06445950   10.27765093   10.83974205   11.36229337   11.76459793   12.22484728   12.86902602   15.79063938 
energy          : -1077.14234302  -1077.15108542  -1077.15360807  -1077.13602337  -1077.12411201  -1077.12131338  -1077.12339923  -1077.13143607  -1077.14733331  -1077.15780440 
max(|Fr_perp|)   :   0.00000000    0.00037349    0.00133726    0.00296315    0.00142682    0.00088496    0.00089413    0.00487255    0.00624133    0.00000000 
Fr_paral         :   0.00000000    0.00164351   -0.00262250   -0.03165584   -0.01250251   -0.00013132    0.01302039    0.02850157    0.01770723    0.00000000 
max(|Fsp_paral|) :   0.00000000    0.00045854    0.00032637    0.00184267    0.00098680    0.00431010    0.00070775    0.00228144    0.00249847    0.00000000 
max(|Fsp_perp|)  :   0.00000000    0.00000000    0.00000000    0.00000000    0.00000000    0.00000000    0.00000000    0.00000000    0.00000000    0.00000000 
max(|FNEB|)      :   0.00000000    0.00058096    0.00128948    0.00274632    0.00090816    0.00088561    0.00110496    0.00506003    0.00741313    0.00000000 
max(|Force|)     :   0.00156285    0.00064514    0.00139748    0.01534797    0.00586746    0.00088431    0.00579184    0.01319119    0.00840012    0.00139315 
ksp              :   0.01000000    0.01000000    0.03704603    0.08802276    0.10000000    0.10000000    0.09107323    0.05667819    0.01000000 
max(|step|)      :   0.00000000    0.00837991    0.00952289    0.00813977    0.00803211    0.00784894    0.00734814    0.00612529    0.00709517    0.00000000 
angle (deg.)     :    53.1602  89.1953  53.8579  17.8487  44.8537  23.8106  27.8798  61.2870 
>
iteration       : 123
climbing        : yes
zoom on         : no
nim             : 10
barrier         :   0.02100910 (image:  5) 
distance        :   0.00000000    4.47889134    9.07434360   10.29975761   10.86331515   11.38553060   11.79040863   12.24385765   12.88046590   15.79875574 
energy          : -1077.14234302  -1077.15112124  -1077.15370466  -1077.13610320  -1077.12413298  -1077.12133391  -1077.12344413  -1077.13133824  -1077.14717328  -1077.15780440 
max(|Fr_perp|)   :   0.00000000    0.00042669    0.00106968    0.00250096    0.00137708    0.00080363    0.00088559    0.00217866    0.00423859    0.00000000 
Fr_paral         :   0.00000000    0.00162118   -0.00263173   -0.03169401   -0.01249044   -0.00014623    0.01311129    0.02845779    0.01803193    0.00000000 
max(|Fsp_paral|) :   0.00000000    0.00039076    0.00028994    0.00185955    0.00093390    0.00420522    0.00031823    0.00204432    0.00250244    0.00000000 
max(|Fsp_perp|)  :   0.00000000    0.00000000    0.00000000    0.00000000    0.00000000    0.00000000    0.00000000    0.00000000    0.00000000    0.00000000 
max(|FNEB|)      :   0.00000000    0.00053654    0.00112692    0.00137075    0.00083138    0.00080442    0.00086755    0.00186793    0.00436686    0.00000000 
max(|Force|)     :   0.00156285    0.00064044    0.00126267    0.01534629    0.00582368    0.00080285    0.00583409    0.01328587    0.00700819    0.00139315 
ksp              :   0.01000000    0.01000000    0.03673050    0.08800920    0.10000000    0.10000000    0.09096014    0.05714287    0.01000000 
max(|step|)      :   0.00000000    0.01531617    0.01763078    0.01504761    0.01485781    0.01452877    0.01368534    0.01138738    0.01382392    0.00000000 
angle (deg.)     :    53.2674  89.1032  54.1464  17.9946  44.8494  23.9608  27.0311  60.3812 
>
iteration       : 124
climbing        : yes
zoom on         : no
nim             : 10
barrier         :   0.02097165 (image:  5) 
distance        :   0.00000000    4.50676928    9.09268471   10.34067913   10.90686193   11.42897155   11.83806513   12.28014988   12.90256683   15.81720025 
energy          : -1077.14234302  -1077.15118648  -1077.15386040  -1077.13622840  -1077.12417635  -1077.12137137  -1077.12352060  -1077.13111820  -1077.14675898  -1077.15780440 
max(|Fr_perp|)   :   0.00000000    0.00042665    0.00168739    0.00407202    0.00129481    0.00072503    0.00088567    0.00601133    0.00964739    0.00000000 
Fr_paral         :   0.00000000    0.00160526   -0.00260537   -0.03171530   -0.01248445   -0.00017108    0.01325480    0.02810783    0.01839238    0.00000000 
max(|Fsp_paral|) :   0.00000000    0.00026638    0.00019386    0.00185318    0.00086087    0.00404983    0.00032684    0.00163383    0.00251218    0.00000000 
max(|Fsp_perp|)  :   0.00000000    0.00000000    0.00000000    0.00000000    0.00000000    0.00000000    0.00000000    0.00000000    0.00000000    0.00000000 
max(|FNEB|)      :   0.00000000    0.00047666    0.00165043    0.00432066    0.00075530    0.00072305    0.00088439    0.00579588    0.00977684    0.00000000 
max(|Force|)     :   0.00156285    0.00063514    0.00156405    0.01536732    0.00575778    0.00072700    0.00590273    0.01340986    0.00954018    0.00139315 
ksp              :   0.01000000    0.01000000    0.03624093    0.08796241    0.10000000    0.10000000    0.09077655    0.05817140    0.01000000 
max(|step|)      :   0.00000000    0.02826237    0.03359986    0.02863073    0.02830248    0.02770454    0.02642148    0.02173170    0.02870210    0.00000000 
angle (deg.)     :    53.4777  88.9660  54.8662  18.3621  44.7502  24.4176  26.1559  59.5495 
>
iteration       : 125
climbing        : yes
zoom on         : no
nim             : 10
barrier         :   0.02090158 (image:  5) 
distance        :   0.00000000    4.55915191    9.12710789   10.41816646   10.98896931   11.51240834   11.92858295   12.35116683   12.94469273   15.86172858 
energy          : -1077.14234302  -1077.15130755  -1077.15410851  -1077.13652723  -1077.12427311  -1077.12144144  -1077.12365762  -1077.13077544  -1077.14589110  -1077.15780440 
max(|Fr_perp|)   :   0.00000000    0.00044863    0.00087217    0.00260579    0.00137463    0.00070532    0.00091192    0.00420733    0.00750192    0.00000000 
Fr_paral         :   0.00000000    0.00160316   -0.00252933   -0.03182152   -0.01251652   -0.00021139    0.01349375    0.02760920    0.01883252    0.00000000 
max(|Fsp_paral|) :   0.00000000    0.00002984    0.00013488    0.00199014    0.00080080    0.00384349    0.00142385    0.00111809    0.00230515    0.00000000 
max(|Fsp_perp|)  :   0.00000000    0.00000000    0.00000000    0.00000000    0.00000000    0.00000000    0.00000000    0.00000000    0.00000000    0.00000000 
max(|FNEB|)      :   0.00000000    0.00045906    0.00088821    0.00237534    0.00072126    0.00070243    0.00098596    0.00407520    0.00757282    0.00000000 
max(|Force|)     :   0.00156285    0.00062691    0.00106967    0.01535255    0.00567587    0.00070822    0.00600408    0.01349895    0.00787520    0.00139315 
ksp              :   0.01000000    0.01000000    0.03504218    0.08780709    0.10000000    0.10000000    0.09045734    0.05980876    0.01000000 
max(|step|)      :   0.00000000    0.04039319    0.05429838    0.04601412    0.04564876    0.04488489    0.04454456    0.03736481    0.04636934    0.00000000 
angle (deg.)     :    53.7696  88.8391  56.4116  18.3461  44.5252  24.9438  24.1063  61.3928 
>
iteration       : 126
climbing        : yes
zoom on         : no
nim             : 10
barrier         :   0.02078874 (image:  5) 
distance        :   0.00000000    4.63646575    9.17734216   10.54053098   11.11172960   11.64367002   12.05265808   12.46926473   13.00209526   15.95010988 
energy          : -1077.14234302  -1077.15148874  -1077.15442159  -1077.13681504  -1077.12450621  -1077.12155427  -1077.12367810  -1077.13048810  -1077.14433993  -1077.15780440 
max(|Fr_perp|)   :   0.00000000    0.00073299    0.00534190    0.01168345    0.00148523    0.00088941    0.00106228    0.00303041    0.00247245    0.00000000 
Fr_paral         :   0.00000000    0.00171904   -0.00205945   -0.03131690   -0.01285672   -0.00023886    0.01316729    0.02711092    0.02083657    0.00000000 
max(|Fsp_paral|) :   0.00000000    0.00032688    0.00026117    0.00144689    0.00122311    0.00442504    0.00128499    0.00211693    0.00123951    0.00000000 
max(|Fsp_perp|)  :   0.00000000    0.00000000    0.00000000    0.00000000    0.00000000    0.00000000    0.00000000    0.00000000    0.00000000    0.00000000 
max(|FNEB|)      :   0.00000000    0.00072381    0.00537953    0.01195724    0.00086162    0.00088582    0.00110353    0.00308641    0.00246854    0.00000000 
max(|Force|)     :   0.00156285    0.00097891    0.00523404    0.01526670    0.00588912    0.00089300    0.00591752    0.01287537    0.00852083    0.00139315 
ksp              :   0.01000000    0.01000000    0.03393206    0.08722025    0.10000000    0.10000000    0.09080536    0.06132306    0.01000000 
max(|step|)      :   0.00000000    0.03201582    0.04919447    0.04139163    0.04112532    0.04056314    0.04110985    0.03577933    0.03687891    0.00000000 
angle (deg.)     :    54.0271  88.8649  58.0845  18.2214  44.3481  25.7128  23.5025  66.4875 
>
iteration       : 127
climbing        : yes
zoom on         : no
nim             : 10
barrier         :   0.02069503 (image:  5) 
distance        :   0.00000000    4.69994544    9.22195687   10.64673246   11.22093582   11.76213446   12.15679652   12.57514797   13.06437696   16.05355504 
energy          : -1077.14234302  -1077.15163429  -1077.15459288  -1077.13692027  -1077.12472032  -1077.12164798  -1077.12360972  -1077.13015496  -1077.14272888  -1077.15780440 
max(|Fr_perp|)   :   0.00000000    0.00086156    0.00957074    0.02266487    0.00137864    0.00097800    0.00085948    0.00471338    0.00770680    0.00000000 
Fr_paral         :   0.00000000    0.00173058   -0.00142386   -0.02986897   -0.01323006   -0.00023693    0.01255574    0.02633817    0.02121621    0.00000000 
max(|Fsp_paral|) :   0.00000000    0.00061236    0.00081420    0.00076857    0.00158787    0.00530003    0.00050118    0.00307602    0.00037056    0.00000000 
max(|Fsp_perp|)  :   0.00000000    0.00000000    0.00000000    0.00000000    0.00000000    0.00000000    0.00000000    0.00000000    0.00000000    0.00000000 
max(|FNEB|)      :   0.00000000    0.00109164    0.00948446    0.02248007    0.00106035    0.00097912    0.00086577    0.00492339    0.00780509    0.00000000 
max(|Force|)     :   0.00156285    0.00102270    0.00962121    0.02156149    0.00618418    0.00097689    0.00564660    0.01260856    0.01000921    0.00139315 
ksp              :   0.01000000    0.01000000    0.03358280    0.08663883    0.10000000    0.10000000    0.09146868    0.06300426    0.01000000 
max(|step|)      :   0.00000000    0.01391455    0.01967803    0.01663303    0.01651658    0.01624809    0.01629981    0.01360498    0.01729599    0.00000000 
angle (deg.)     :    53.8946  88.8391  57.3819  18.1016  44.4232  25.3373  22.1127  64.4177 
>
iteration       : 128
climbing        : yes
zoom on         : no
nim             : 10
barrier         :   0.02073033 (image:  5) 
distance        :   0.00000000    4.67259307    9.20258690   10.59905524   11.17395520   11.71121526   12.11076273   12.52734649   13.03354529   16.00577203 
energy          : -1077.14234302  -1077.15157611  -1077.15460667  -1077.13733689  -1077.12463244  -1077.12161268  -1077.12363283  -1077.13030029  -1077.14353815  -1077.15780440 
max(|Fr_perp|)   :   0.00000000    0.00045915    0.00152795    0.00322160    0.00137380    0.00076743    0.00091452    0.00201898    0.00301067    0.00000000 
Fr_paral         :   0.00000000    0.00170902   -0.00195311   -0.03178986   -0.01307568   -0.00023244    0.01277667    0.02683528    0.02159357    0.00000000 
max(|Fsp_paral|) :   0.00000000    0.00048939    0.00030294    0.00227791    0.00136838    0.00497044    0.00081540    0.00267174    0.00071253    0.00000000 
max(|Fsp_perp|)  :   0.00000000    0.00000000    0.00000000    0.00000000    0.00000000    0.00000000    0.00000000    0.00000000    0.00000000    0.00000000 
max(|FNEB|)      :   0.00000000    0.00089549    0.00157741    0.00302061    0.00084093    0.00076864    0.00093799    0.00162015    0.00281681    0.00000000 
max(|Force|)     :   0.00156285    0.00063817    0.00161662    0.01512875    0.00606152    0.00076622    0.00571587    0.01273262    0.00910868    0.00139315 
ksp              :   0.01000000    0.01000000    0.03173393    0.08688983    0.10000000    0.10000000    0.09122959    0.06228308    0.01000000 
max(|step|)      :   0.00000000    0.00244328    0.00542451    0.00456594    0.00455862    0.00455105    0.00481624    0.00493340    0.00332060    0.00000000 
angle (deg.)     :    53.8935  88.8304  57.5446  18.0292  44.4121  25.4450  20.9975  65.2904 
>
iteration       : 129
climbing        : yes
zoom on         : no
nim             : 10
barrier         :   0.02071931 (image:  5) 
distance        :   0.00000000    4.67742144    9.20558840   10.60868219   11.18387892   11.72194285   12.11908007   12.53427817   13.03825522   16.01494493 
energy          : -1077.14234302  -1077.15159043  -1077.15464675  -1077.13739193  -1077.12465146  -1077.12162371  -1077.12362038  -1077.13022771  -1077.14347462  -1077.15780440 
max(|Fr_perp|)   :   0.00000000    0.00042272    0.00087008    0.00226190    0.00133765    0.00071319    0.00090312    0.00185909    0.00303471    0.00000000 
Fr_paral         :   0.00000000    0.00169494   -0.00191070   -0.03180663   -0.01310839   -0.00022602    0.01268262    0.02675924    0.02181698    0.00000000 
max(|Fsp_paral|) :   0.00000000    0.00051242    0.00033089    0.00232512    0.00139605    0.00508796    0.00075040    0.00262422    0.00070909    0.00000000 
max(|Fsp_perp|)  :   0.00000000    0.00000000    0.00000000    0.00000000    0.00000000    0.00000000    0.00000000    0.00000000    0.00000000    0.00000000 
max(|FNEB|)      :   0.00000000    0.00089307    0.00096250    0.00079281    0.00074898    0.00070992    0.00092359    0.00160404    0.00284455    0.00000000 
max(|Force|)     :   0.00156285    0.00066191    0.00104149    0.01510470    0.00608887    0.00071647    0.00564906    0.01267891    0.00897061    0.00139315 
ksp              :   0.01000000    0.01000000    0.03150640    0.08684814    0.10000000    0.10000000    0.09132690    0.06262616    0.01000000 
max(|step|)      :   0.00000000    0.02374859    0.05159016    0.04342484    0.04332771    0.04320198    0.04540500    0.04588358    0.03065831    0.00000000 
angle (deg.)     :    53.9509  88.8443  59.1076  17.6880  44.3429  26.7063  16.1506  73.8002 
>
iteration       : 130
climbing        : yes
zoom on         : no
nim             : 10
barrier         :   0.02062333 (image:  5) 
distance        :   0.00000000    4.72569209    9.23895014   10.70607918   11.28550645   11.83094387   12.20753890   12.61089138   13.10426853   16.12301018 
energy          : -1077.14234302  -1077.15171966  -1077.15492725  -1077.13775580  -1077.12481695  -1077.12171968  -1077.12351737  -1077.12956189  -1077.14252058  -1077.15780440 
max(|Fr_perp|)   :   0.00000000    0.00068171    0.00323509    0.00757672    0.00149365    0.00069713    0.00078867    0.00277859    0.00369391    0.00000000 
Fr_paral         :   0.00000000    0.00161754   -0.00143523   -0.03134217   -0.01337529   -0.00016954    0.01186390    0.02573162    0.02238320    0.00000000 
max(|Fsp_paral|) :   0.00000000    0.00073218    0.00033727    0.00247846    0.00159963    0.00610906    0.00020354    0.00195905    0.00088223    0.00000000 
max(|Fsp_perp|)  :   0.00000000    0.00000000    0.00000000    0.00000000    0.00000000    0.00000000    0.00000000    0.00000000    0.00000000    0.00000000 
max(|FNEB|)      :   0.00000000    0.00098916    0.00317488    0.00783566    0.00064575    0.00069516    0.00079074    0.00251516    0.00350110    0.00000000 
max(|Force|)     :   0.00156285    0.00081547    0.00316022    0.01496623    0.00632026    0.00069909    0.00510872    0.01214008    0.00963443    0.00139315 
ksp              :   0.01000000    0.01000000    0.03001856    0.08648355    0.10000000    0.10000000    0.09215491    0.06577672    0.01000000 
max(|step|)      :   0.00000000    0.01499282    0.03421826    0.02902240    0.02902303    0.02908964    0.03085840    0.03303838    0.02189415    0.00000000 
angle (deg.)     :    53.9219  88.8767  59.9436  17.5889  44.3666  27.7031  17.4274  79.4180 
>
iteration       : 131
climbing        : yes
zoom on         : no
nim             : 10
barrier         :   0.02056371 (image:  5) 
distance        :   0.00000000    4.75069119    9.25700315   10.76804281   11.34996029   11.89871288   12.26243462   12.65599274   13.15889714   16.19882967 
energy          : -1077.14234302  -1077.15179505  -1077.15510910  -1077.13801557  -1077.12489021  -1077.12177930  -1077.12346299  -1077.12912455  -1077.14204593  -1077.15780440 
max(|Fr_perp|)   :   0.00000000    0.00079126    0.00127444    0.00207608    0.00155634    0.00062101    0.00067633    0.00334691    0.00662304    0.00000000 
Fr_paral         :   0.00000000    0.00162077   -0.00117560   -0.03146481   -0.01344957   -0.00011817    0.01136713    0.02494034    0.02236225    0.00000000 
max(|Fsp_paral|) :   0.00000000    0.00084377    0.00041359    0.00267972    0.00165619    0.00668765    0.00003464    0.00097058    0.00008685    0.00000000 
max(|Fsp_perp|)  :   0.00000000    0.00000000    0.00000000    0.00000000    0.00000000    0.00000000    0.00000000    0.00000000    0.00000000    0.00000000 
max(|FNEB|)      :   0.00000000    0.00109629    0.00110800    0.00147997    0.00075683    0.00061997    0.00067515    0.00345388    0.00666357    0.00000000 
max(|Force|)     :   0.00156285    0.00078131    0.00112708    0.01496909    0.00639191    0.00062206    0.00481063    0.01178615    0.01032685    0.00139315 
ksp              :   0.01000000    0.01000000    0.02893969    0.08638467    0.10000000    0.10000000    0.09263111    0.06785247    0.01130025 
max(|step|)      :   0.00000000    0.00824817    0.01964534    0.01677077    0.01683594    0.01700853    0.01820681    0.02090369    0.01464134    0.00000000 
angle (deg.)     :    53.8216  88.8755  60.2432  17.5952  44.4155  28.1666  19.0486  81.8771 
>
iteration       : 132
climbing        : yes
zoom on         : no
nim             : 10
barrier         :   0.02052891 (image:  5) 
distance        :   0.00000000    4.75860965    9.26227013   10.79998376   11.38214621   11.93113431   12.28891350   12.67697254   13.19322809   16.23473209 
energy          : -1077.14234302  -1077.15183280  -1077.15521178  -1077.13801623  -1077.12490500  -1077.12181411  -1077.12345409  -1077.12895761  -1077.14217391  -1077.15780440 
max(|Fr_perp|)   :   0.00000000    0.00049468    0.00183732    0.00348839    0.00154771    0.00066624    0.00070095    0.00163585    0.00288020    0.00000000 
Fr_paral         :   0.00000000    0.00170220   -0.00107317   -0.03148152   -0.01339773   -0.00007828    0.01116664    0.02463005    0.02292380    0.00000000 
max(|Fsp_paral|) :   0.00000000    0.00088065    0.00015272    0.00236710    0.00163992    0.00689002    0.00009817    0.00023250    0.00105086    0.00000000 
max(|Fsp_perp|)  :   0.00000000    0.00000000    0.00000000    0.00000000    0.00000000    0.00000000    0.00000000    0.00000000    0.00000000    0.00000000 
max(|FNEB|)      :   0.00000000    0.00123102    0.00186370    0.00329478    0.00077346    0.00066571    0.00070076    0.00148559    0.00287198    0.00000000 
max(|Force|)     :   0.00156285    0.00075422    0.00188953    0.01503559    0.00635412    0.00066676    0.00474341    0.01151632    0.00998565    0.00139315 
ksp              :   0.01000000    0.01000000    0.02896890    0.08644936    0.10000000    0.10000000    0.09281024    0.06868247    0.01074136 
max(|step|)      :   0.00000000    0.01524224    0.03688423    0.03167636    0.03186558    0.03229189    0.03458539    0.04026308    0.03076974    0.00000000 
angle (deg.)     :    53.5847  88.9020  60.6988  17.7108  44.5498  28.9258  24.5065  85.2900 
>
iteration       : 133
climbing        : yes
zoom on         : no
nim             : 10
barrier         :   0.02046859 (image:  5) 
distance        :   0.00000000    4.76769515    9.27004266   10.85708042   11.44031775   11.98814373   12.33720370   12.72001907   13.26082966   16.29501212 
energy          : -1077.14234302  -1077.15188756  -1077.15538518  -1077.13798057  -1077.12490299  -1077.12187443  -1077.12345905  -1077.12876641  -1077.14230059  -1077.15780440 
max(|Fr_perp|)   :   0.00000000    0.00074154    0.00113346    0.00236161    0.00150819    0.00059030    0.00052435    0.00181640    0.00385966    0.00000000 
Fr_paral         :   0.00000000    0.00183838   -0.00097828   -0.03162648   -0.01321065    0.00000152    0.01089623    0.02408359    0.02312069    0.00000000 
max(|Fsp_paral|) :   0.00000000    0.00091675    0.00040396    0.00173164    0.00150988    0.00710509    0.00028884    0.00086402    0.00248030    0.00000000 
max(|Fsp_perp|)  :   0.00000000    0.00000000    0.00000000    0.00000000    0.00000000    0.00000000    0.00000000    0.00000000    0.00000000    0.00000000 
max(|FNEB|)      :   0.00000000    0.00142292    0.00119803    0.00259642    0.00058986    0.00059031    0.00070678    0.00254915    0.00426583    0.00000000 
max(|Force|)     :   0.00156285    0.00095927    0.00115072    0.01516357    0.00622861    0.00059030    0.00477887    0.01121394    0.01044846    0.00139315 
ksp              :   0.01000000    0.01000000    0.02918160    0.08668346    0.10000000    0.10000000    0.09303243    0.06969606    0.01018654 
max(|step|)      :   0.00000000    0.01002421    0.02491991    0.02152457    0.02174351    0.02212463    0.02344687    0.02742865    0.02699760    0.00000000 
angle (deg.)     :    53.3449  88.9303  60.9287  17.9807  44.6221  28.7990  26.0582  85.3448 
>
iteration       : 134
climbing        : yes
zoom on         : no
nim             : 10
barrier         :   0.02042920 (image:  5) 
distance        :   0.00000000    4.76521258    9.27268923   10.88690657   11.47354034   12.01871581   12.36692701   12.75686348   13.29248634   16.30097116 
energy          : -1077.14234302  -1077.15191525  -1077.15550374  -1077.13794330  -1077.12487746  -1077.12191381  -1077.12351246  -1077.12899538  -1077.14237415  -1077.15780440 
max(|Fr_perp|)   :   0.00000000    0.00057776    0.00227261    0.00488239    0.00147685    0.00064091    0.00056448    0.00161215    0.01002067    0.00000000 
Fr_paral         :   0.00000000    0.00183438   -0.00099223   -0.03164468   -0.01298876    0.00005455    0.01093262    0.02444020    0.02344809    0.00000000 
max(|Fsp_paral|) :   0.00000000    0.00088970    0.00074072    0.00145776    0.00125237    0.00699327    0.00057724    0.00025014    0.00243638    0.00000000 
max(|Fsp_perp|)  :   0.00000000    0.00000000    0.00000000    0.00000000    0.00000000    0.00000000    0.00000000    0.00000000    0.00000000    0.00000000 
max(|FNEB|)      :   0.00000000    0.00133877    0.00215810    0.00467240    0.00061778    0.00064092    0.00118120    0.00186734    0.00962053    0.00000000 
max(|Force|)     :   0.00156285    0.00086670    0.00232242    0.01522659    0.00610676    0.00064091    0.00496348    0.01172136    0.01164246    0.00139315 
ksp              :   0.01000000    0.01000000    0.02938276    0.08694378    0.10000000    0.10000000    0.09295724    0.06880244    0.01000000 
max(|step|)      :   0.00000000    0.00949910    0.02317288    0.01998021    0.02027755    0.02071001    0.02168508    0.02520537    0.03134978    0.00000000 
angle (deg.)     :    53.0414  88.9633  61.1038  18.4202  44.6110  28.1777  25.1658  82.9985 
>
iteration       : 135
climbing        : yes
zoom on         : no
nim             : 10
barrier         :   0.02039502 (image:  5) 
distance        :   0.00000000    4.75421787    9.27313501   10.90427919   11.49682162   12.03851445   12.39214937   12.79657296   13.30670740   16.27068162 
energy          : -1077.14234302  -1077.15192707  -1077.15560459  -1077.13800398  -1077.12483924  -1077.12194799  -1077.12362220  -1077.12953373  -1077.14251409  -1077.15780440 
max(|Fr_perp|)   :   0.00000000    0.00057965    0.00176423    0.00315600    0.00144237    0.00061158    0.00069821    0.00218923    0.00398993    0.00000000 
Fr_paral         :   0.00000000    0.00175832   -0.00116400   -0.03177051   -0.01272302    0.00009912    0.01122827    0.02536503    0.02389480    0.00000000 
max(|Fsp_paral|) :   0.00000000    0.00081086    0.00074069    0.00170118    0.00088060    0.00663437    0.00084262    0.00144540    0.00152888    0.00000000 
max(|Fsp_perp|)  :   0.00000000    0.00000000    0.00000000    0.00000000    0.00000000    0.00000000    0.00000000    0.00000000    0.00000000    0.00000000 
max(|FNEB|)      :   0.00000000    0.00110019    0.00164648    0.00294691    0.00060104    0.00061143    0.00160235    0.00117674    0.00322207    0.00000000 
max(|Force|)     :   0.00156285    0.00086045    0.00182438    0.01522471    0.00596912    0.00061174    0.00522296    0.01261186    0.01092085    0.00139315 
ksp              :   0.01000000    0.01000000    0.02914750    0.08724139    0.10000000    0.10000000    0.09261199    0.06652535    0.01000000 
max(|step|)      :   0.00000000    0.01106820    0.02096793    0.01794467    0.01833803    0.01875853    0.01916758    0.02060343    0.03547275    0.00000000 
angle (deg.)     :    52.6541  88.9984  61.2401  18.6045  44.2764  27.6093  20.4164  76.8405 
>
iteration       : 136
climbing        : yes
zoom on         : no
nim             : 10
barrier         :   0.02036529 (image:  5) 
distance        :   0.00000000    4.73344084    9.27211316   10.90739195   11.50281290   12.04401303   12.41467240   12.82362347   13.30734734   16.20530382 
energy          : -1077.14234302  -1077.15192068  -1077.15566599  -1077.13809953  -1077.12484768  -1077.12197773  -1077.12384984  -1077.13011107  -1077.14269863  -1077.15780440 
max(|Fr_perp|)   :   0.00000000    0.00049805    0.00243005    0.00228037    0.00145759    0.00059426    0.00060120    0.00206474    0.01403102    0.00000000 
Fr_paral         :   0.00000000    0.00182438   -0.00143540   -0.03183191   -0.01261128    0.00012324    0.01200842    0.02614355    0.02371099    0.00000000 
max(|Fsp_paral|) :   0.00000000    0.00066958    0.00051156    0.00203734    0.00075775    0.00599194    0.00018077    0.00267890    0.00069747    0.00000000 
max(|Fsp_perp|)  :   0.00000000    0.00000000    0.00000000    0.00000000    0.00000000    0.00000000    0.00000000    0.00000000    0.00000000    0.00000000 
max(|FNEB|)      :   0.00000000    0.00103852    0.00251553    0.00185404    0.00076549    0.00059488    0.00076938    0.00215276    0.01399727    0.00000000 
max(|Force|)     :   0.00156285    0.00071746    0.00235147    0.01516082    0.00584768    0.00059363    0.00538613    0.01257368    0.01382032    0.00139315 
ksp              :   0.01000000    0.01000000    0.02875318    0.08731686    0.10000000    0.10000000    0.09172660    0.06405645    0.01000000 
max(|step|)      :   0.00000000    0.01285353    0.01606353    0.01401447    0.01440303    0.01469364    0.01436481    0.01328763    0.03244436    0.00000000 
angle (deg.)     :    52.2656  89.0217  61.3881  18.4072  43.8416  27.3890  17.0903  69.2632 
>
iteration       : 137
climbing        : yes
zoom on         : no
nim             : 10
barrier         :   0.02034225 (image:  5) 
distance        :   0.00000000    4.70884289    9.27048655   10.90143400   11.49502582   12.03896700   12.43067906   12.83286438   13.31274641   16.14237700 
energy          : -1077.14234302  -1077.15189992  -1077.15570522  -1077.13815185  -1077.12490482  -1077.12200076  -1077.12411723  -1077.13049145  -1077.14297413  -1077.15780440 
max(|Fr_perp|)   :   0.00000000    0.00067413    0.00124131    0.00209060    0.00155150    0.00057035    0.00057850    0.00216103    0.01932551    0.00000000 
Fr_paral         :   0.00000000    0.00192537   -0.00152617   -0.03182005   -0.01268832    0.00012438    0.01293319    0.02649934    0.02228746    0.00000000 
max(|Fsp_paral|) :   0.00000000    0.00050467    0.00029110    0.00211047    0.00094823    0.00533819    0.00111491    0.00266388    0.00055819    0.00000000 
max(|Fsp_perp|)  :   0.00000000    0.00000000    0.00000000    0.00000000    0.00000000    0.00000000    0.00000000    0.00000000    0.00000000    0.00000000 
max(|FNEB|)      :   0.00000000    0.00092737    0.00127514    0.00092554    0.00070236    0.00057021    0.00075528    0.00213178    0.01951911    0.00000000 
max(|Force|)     :   0.00156285    0.00084988    0.00130142    0.01498140    0.00582755    0.00057049    0.00557269    0.01239832    0.01869823    0.00139315 
ksp              :   0.01000000    0.01000000    0.02854291    0.08715162    0.10000000    0.10000000    0.09063614    0.06243475    0.01000000 
max(|step|)      :   0.00000000    0.00194311    0.00321590    0.00272152    0.00279669    0.00287538    0.00295618    0.00324178    0.01113192    0.00000000 
angle (deg.)     :    52.3280  89.0088  61.3540  18.3389  43.9419  27.4129  16.0406  70.4765 
>
iteration       : 138
climbing        : yes
zoom on         : no
nim             : 10
barrier         :   0.02034554 (image:  5) 
distance        :   0.00000000    4.71272214    9.27066126   10.90178616   11.49428037   12.03834726   12.42506641   12.82659142   13.30906015   16.15108439 
energy          : -1077.14234302  -1077.15190471  -1077.15571203  -1077.13813120  -1077.12490790  -1077.12199747  -1077.12405399  -1077.13036171  -1077.14329119  -1077.15780440 
max(|Fr_perp|)   :   0.00000000    0.00052754    0.00098811    0.00209359    0.00149010    0.00056622    0.00046006    0.00166068    0.00401563    0.00000000 
Fr_paral         :   0.00000000    0.00188852   -0.00150959   -0.03183210   -0.01272520    0.00012033    0.01271936    0.02639670    0.02398155    0.00000000 
max(|Fsp_paral|) :   0.00000000    0.00053087    0.00034930    0.00200399    0.00099219    0.00552422    0.00088939    0.00250541    0.00067714    0.00000000 
max(|Fsp_perp|)  :   0.00000000    0.00000000    0.00000000    0.00000000    0.00000000    0.00000000    0.00000000    0.00000000    0.00000000    0.00000000 
max(|FNEB|)      :   0.00000000    0.00088459    0.00093226    0.00107000    0.00060087    0.00056609    0.00045038    0.00093736    0.00420988    0.00000000 
max(|Force|)     :   0.00156285    0.00083649    0.00112671    0.01499307    0.00587167    0.00056635    0.00555914    0.01249502    0.01016017    0.00139315 
ksp              :   0.01000000    0.01000000    0.02863125    0.08712549    0.10000000    0.10000000    0.09090284    0.06300018    0.01000000 
max(|step|)      :   0.00000000    0.00153638    0.00116604    0.00106050    0.00108535    0.00108064    0.00089668    0.00131123    0.00421908    0.00000000 
angle (deg.)     :    52.2861  89.0033  61.3672  18.2139  43.9687  27.3987  15.0495  69.8668 
>
iteration       : 139
climbing        : yes
zoom on         : no
nim             : 10
barrier         :   0.02034335 (image:  5) 
distance        :   0.00000000    4.70996788    9.27056772   10.90071628   11.49162735   12.03651293   12.42282082   12.82235501   13.30846521   16.14618606 
energy          : -1077.14234302  -1077.15190245  -1077.15572348  -1077.13812029  -1077.12492529  -1077.12199966  -1077.12404940  -1077.13031043  -1077.14341551  -1077.15780440 
max(|Fr_perp|)   :   0.00000000    0.00049911    0.00081220    0.00207765    0.00143217    0.00051698    0.00046113    0.00170969    0.00319583    0.00000000 
Fr_paral         :   0.00000000    0.00187785   -0.00155277   -0.03182146   -0.01278559    0.00011514    0.01270487    0.02633268    0.02423820    0.00000000 
max(|Fsp_paral|) :   0.00000000    0.00051211    0.00035752    0.00190582    0.00108513    0.00557321    0.00094299    0.00229561    0.00081642    0.00000000 
max(|Fsp_perp|)  :   0.00000000    0.00000000    0.00000000    0.00000000    0.00000000    0.00000000    0.00000000    0.00000000    0.00000000    0.00000000 
max(|FNEB|)      :   0.00000000    0.00083161    0.00068670    0.00052287    0.00052946    0.00051688    0.00049488    0.00083957    0.00312944    0.00000000 
max(|Force|)     :   0.00156285    0.00080668    0.00099011    0.01497815    0.00590942    0.00051708    0.00556759    0.01246809    0.00995941    0.00139315 
ksp              :   0.01000000    0.01000000    0.02868153    0.08705688    0.10000000    0.10000000    0.09093186    0.06323274    0.01000000 
max(|step|)      :   0.00000000    0.00358710    0.00288176    0.00269348    0.00275209    0.00274596    0.00233156    0.00301866    0.00681424    0.00000000 
angle (deg.)     :    52.1870  88.9934  61.4019  17.9928  44.0453  27.3615  13.7455  68.5837 
>
iteration       : 140
climbing        : yes
zoom on         : no
nim             : 10
barrier         :   0.02033863 (image:  5) 
distance        :   0.00000000    4.70347443    9.27041173   10.89828229   11.48651038   12.03285743   12.41823922   12.81478127   13.30832801   16.13622671 
energy          : -1077.14234302  -1077.15189602  -1077.15573822  -1077.13810448  -1077.12495724  -1077.12200438  -1077.12403862  -1077.13022386  -1077.14358902  -1077.15780440 
max(|Fr_perp|)   :   0.00000000    0.00047313    0.00053032    0.00207151    0.00137854    0.00048119    0.00044494    0.00180660    0.00658479    0.00000000 
Fr_paral         :   0.00000000    0.00187000   -0.00160499   -0.03178898   -0.01289555    0.00010428    0.01267090    0.02621386    0.02431037    0.00000000 
max(|Fsp_paral|) :   0.00000000    0.00046772    0.00035456    0.00175485    0.00124662    0.00567021    0.00100831    0.00192187    0.00109391    0.00000000 
max(|Fsp_perp|)  :   0.00000000    0.00000000    0.00000000    0.00000000    0.00000000    0.00000000    0.00000000    0.00000000    0.00000000    0.00000000 
max(|FNEB|)      :   0.00000000    0.00074892    0.00059757    0.00049482    0.00049699    0.00048115    0.00059163    0.00080220    0.00651998    0.00000000 
max(|Force|)     :   0.00156285    0.00078030    0.00067567    0.01496715    0.00597419    0.00048123    0.00556493    0.01240832    0.01042185    0.00139315 
ksp              :   0.01000000    0.01000000    0.02875584    0.08693338    0.10000000    0.10000000    0.09099834    0.06362817    0.01000000 
max(|step|)      :   0.00000000    0.00621100    0.00465524    0.00450727    0.00458524    0.00454279    0.00372324    0.00494644    0.01053186    0.00000000 
angle (deg.)     :    52.0172  88.9744  61.4584  17.7158  44.2858  27.3118  13.3688  67.0361 
>
