NEB log file generated by ORCA
All quantities are given in atomic units. Unless stated otherwise. 
iteration       : 0
climbing        : no
zoom on         : no
nim             : 10
barrier         :   0.28801990 (image:  4) 
distance        :   0.00000000    2.19136283    4.38272566    6.57408848    8.76545131   10.95681414   13.14817697   15.33953980   17.23271649   19.12589318 
energy          : -1075.54974314  -1075.49517682  -1075.37231894  -1075.26455722  -1075.26172324  -1075.36764641  -1075.49129505  -1075.54510911  -1075.54687844  -1075.58160718 
max(|Fr_perp|)   :   0.00000000    0.15550837    0.28942010    0.39394852    0.42727104    0.28423072    0.16074345    0.01727215    0.03335172    0.00000000 
Fr_paral         :   0.00000000   -0.04595955   -0.05998390   -0.03058256    0.02841876    0.06022642    0.04603598   -0.00225002    0.01896360    0.00000000 
max(|Fsp_paral|) :   0.00000000    0.03188638    0.02797242    0.00073761    0.00000159    0.02749638    0.03209374    0.01526226    0.00042559    0.00000000 
max(|Fsp_perp|)  :   0.00000000    0.00000000    0.00000000    0.00000000    0.00000000    0.00000000    0.00000000    0.00000000    0.00000000    0.00000000 
max(|FNEB|)      :   0.00000000    0.15851819    0.29212440    0.39446076    0.42761197    0.28292113    0.16811274    0.01971606    0.03325045    0.00000000 
max(|Force|)     :   0.00161362    0.15397747    0.28748919    0.39030410    0.43145513    0.29240003    0.15688507    0.01734643    0.03486833    0.00144002 
ksp              :   0.02704969    0.06543739    0.09911392    0.10000000    0.10000000    0.06689716    0.02826138    0.01144604    0.01089481 
max(|step|)      :   0.00000000    0.03707057    0.06831530    0.09224736    0.10000000    0.06616305    0.03931432    0.00461074    0.00777585    0.00000000 
angle (deg.)     :    0.9968  1.0759  1.4534  1.5205  1.0851  0.9977  83.6372  1.2243 
>
iteration       : 1
climbing        : no
zoom on         : no
nim             : 10
barrier         :   0.13895878 (image:  4) 
distance        :   0.00000000    2.21271855    4.40287974    6.57831132    8.76965184   10.94497417   13.13479918   15.33829120   17.23672327   19.13018662 
energy          : -1075.54974314  -1075.52279365  -1075.46136772  -1075.41178072  -1075.41078435  -1075.45880801  -1075.51967352  -1075.54550288  -1075.54813148  -1075.58160718 
max(|Fr_perp|)   :   0.00000000    0.10870431    0.20188202    0.25472202    0.27151458    0.20038149    0.10829196    0.01694687    0.02867553    0.00000000 
Fr_paral         :   0.00000000   -0.02460842   -0.03322902   -0.02111082    0.02008507    0.03309375    0.02430513   -0.00215539    0.01993077    0.00000000 
max(|Fsp_paral|) :   0.00000000    0.03259431    0.02602705    0.00113435    0.00060680    0.02537006    0.03280536    0.01554501    0.00134095    0.00000000 
max(|Fsp_perp|)  :   0.00000000    0.00000000    0.00000000    0.00000000    0.00000000    0.00000000    0.00000000    0.00000000    0.00000000    0.00000000 
max(|FNEB|)      :   0.00000000    0.11293459    0.20478675    0.25473385    0.27123786    0.19266214    0.11671020    0.01936334    0.02836442    0.00000000 
max(|Force|)     :   0.00161362    0.10747057    0.20041972    0.25398859    0.27422554    0.20423280    0.10588754    0.01699395    0.03034671    0.00144002 
ksp              :   0.02745449    0.06723846    0.09935468    0.10000000    0.10000000    0.06889632    0.02947531    0.01274630    0.01104382 
max(|step|)      :   0.00000000    0.04593035    0.08118434    0.10000000    0.09708072    0.07632796    0.04553663    0.01122729    0.01448365    0.00000000 
angle (deg.)     :    2.1857  2.3057  2.4811  2.4910  2.3449  2.1403  82.8263  3.7349 
>
iteration       : 2
climbing        : no
zoom on         : no
nim             : 10
barrier         :   0.04878335 (image:  4) 
distance        :   0.00000000    2.26255922    4.44219097    6.59320588    8.77992525   10.93239872   13.11110908   15.33933427   17.24930163   19.14696106 
energy          : -1075.54974314  -1075.54208279  -1075.52076071  -1075.50139861  -1075.50095979  -1075.51978485  -1075.54019127  -1075.54634174  -1075.55004631  -1075.58160718 
max(|Fr_perp|)   :   0.00000000    0.05392141    0.10009027    0.14402695    0.15457834    0.10936022    0.05100802    0.01634166    0.02123430    0.00000000 
Fr_paral         :   0.00000000   -0.00936447   -0.01529719   -0.01212559    0.01154327    0.01520765    0.00887750   -0.00235291    0.02151212    0.00000000 
max(|Fsp_paral|) :   0.00000000    0.03133556    0.02819975    0.00201406    0.00129844    0.02787570    0.03096415    0.01168642    0.00493461    0.00000000 
max(|Fsp_perp|)  :   0.00000000    0.00000000    0.00000000    0.00000000    0.00000000    0.00000000    0.00000000    0.00000000    0.00000000    0.00000000 
max(|FNEB|)      :   0.00000000    0.05951978    0.10419839    0.14497872    0.15438256    0.10144641    0.05697665    0.01808061    0.02007627    0.00000000 
max(|Force|)     :   0.00161362    0.05341388    0.09949391    0.14264741    0.15647059    0.11125657    0.05194653    0.01639455    0.02324773    0.00144002 
ksp              :   0.02413980    0.06346650    0.09918765    0.10000000    0.10000000    0.06526849    0.02762431    0.01626015    0.01000000 
max(|step|)      :   0.00000000    0.03855343    0.06749362    0.09390874    0.10000000    0.06571105    0.03690614    0.01171156    0.01300423    0.00000000 
angle (deg.)     :    3.0894  3.1753  3.7920  3.8658  3.2205  3.0346  82.1830  6.2115 
>
iteration       : 3
climbing        : no
zoom on         : no
nim             : 10
barrier         :   0.01634985 (image:  3) 
distance        :   0.00000000    2.32000925    4.49997962    6.61462868    8.79625357   10.91240240   13.09250815   15.35654304   17.27514384   19.18282881 
energy          : -1075.54974314  -1075.54818268  -1075.54002434  -1075.53339329  -1075.53369120  -1075.54027044  -1075.54738804  -1075.54719683  -1075.55143223  -1075.58160718 
max(|Fr_perp|)   :   0.00000000    0.01412209    0.03077770    0.04010539    0.04173362    0.03616670    0.02202598    0.01688692    0.01866661    0.00000000 
Fr_paral         :   0.00000000   -0.00297322   -0.00496107   -0.00320999    0.00356560    0.00486331    0.00239144   -0.00331800    0.02271286    0.00000000 
max(|Fsp_paral|) :   0.00000000    0.03538399    0.02730351    0.00252729    0.00378138    0.02780506    0.03129405    0.00318742    0.01104913    0.00000000 
max(|Fsp_perp|)  :   0.00000000    0.00000000    0.00000000    0.00000000    0.00000000    0.00000000    0.00000000    0.00000000    0.00000000    0.00000000 
max(|FNEB|)      :   0.00000000    0.03535178    0.04343222    0.04101496    0.04030694    0.03063663    0.03182118    0.01708672    0.01655953    0.00000000 
max(|Force|)     :   0.00161362    0.01359204    0.02991200    0.03965055    0.04223371    0.03664001    0.02200966    0.01696630    0.02345913    0.00144002 
ksp              :   0.01858973    0.06349844    0.10000000    0.10000000    0.09836009    0.06214376    0.02401651    0.02401651    0.01000000 
max(|step|)      :   0.00000000    0.03505012    0.05116230    0.05351115    0.05382225    0.03785749    0.03359275    0.01774494    0.01689068    0.00000000 
angle (deg.)     :    3.5298  3.4763  4.1550  4.2286  3.5366  3.4456  81.8520  9.4901 
>
iteration       : 4
climbing        : no
zoom on         : no
nim             : 10
barrier         :   0.01235469 (image:  3) 
distance        :   0.00000000    2.41914769    4.57977593    6.62925204    8.79466535   10.84941563   13.02365022   15.36321314   17.28101863   19.21976223 
energy          : -1075.54974314  -1075.54863612  -1075.54207339  -1075.53738844  -1075.53829528  -1075.54379202  -1075.54954238  -1075.54851808  -1075.55266320  -1075.58160718 
max(|Fr_perp|)   :   0.00000000    0.00997516    0.02585345    0.04028174    0.04438721    0.03430516    0.02176536    0.01714282    0.01809489    0.00000000 
Fr_paral         :   0.00000000   -0.00183272   -0.00243294   -0.00056880    0.00109733    0.00261827    0.00135423   -0.00715215    0.02411501    0.00000000 
max(|Fsp_paral|) :   0.00000000    0.03651498    0.02332666    0.00436412    0.00935266    0.02903839    0.02772898    0.00301646    0.00694722    0.00000000 
max(|Fsp_perp|)  :   0.00000000    0.00000000    0.00000000    0.00000000    0.00000000    0.00000000    0.00000000    0.00000000    0.00000000    0.00000000 
max(|FNEB|)      :   0.00000000    0.03719434    0.03023683    0.04116441    0.04239985    0.03188288    0.02890006    0.01785687    0.01421438    0.00000000 
max(|Force|)     :   0.00161362    0.00986696    0.02568012    0.04023673    0.04447559    0.03454543    0.02175415    0.01778341    0.02357003    0.00144002 
ksp              :   0.01806424    0.06587162    0.10000000    0.10000000    0.09339401    0.05335200    0.01892411    0.01892411    0.01000000 
max(|step|)      :   0.00000000    0.09743382    0.10000000    0.09702690    0.08999135    0.09547348    0.08742831    0.05015190    0.04080144    0.00000000 
angle (deg.)     :    4.1911  3.7448  4.8331  4.9079  3.8677  4.1139  81.2110  17.7668 
>
iteration       : 5
climbing        : no
zoom on         : no
nim             : 10
barrier         :   0.01006315 (image:  3) 
distance        :   0.00000000    2.69582252    4.77648974    6.66996002    8.75497630   10.65517538   12.83387255   15.36761050   17.31474825   19.32279670 
energy          : -1075.54974314  -1075.54806748  -1075.54236020  -1075.53967999  -1075.54202319  -1075.54754095  -1075.55345189  -1075.55224084  -1075.55504449  -1075.58160718 
max(|Fr_perp|)   :   0.00000000    0.02148649    0.04216108    0.05842195    0.06300125    0.05247483    0.03064526    0.01715592    0.01596387    0.00000000 
Fr_paral         :   0.00000000   -0.00113617   -0.00001312    0.00028659   -0.00088249    0.00114760    0.00102985   -0.01080672    0.02661188    0.00000000 
max(|Fsp_paral|) :   0.00000000    0.03322145    0.01151204    0.00714948    0.02234147    0.03296728    0.01549952    0.00216093    0.00025233    0.00000000 
max(|Fsp_perp|)  :   0.00000000    0.00000000    0.00000000    0.00000000    0.00000000    0.00000000    0.00000000    0.00000000    0.00000000    0.00000000 
max(|FNEB|)      :   0.00000000    0.04022919    0.04490741    0.06021557    0.05842653    0.04580153    0.02668044    0.01797934    0.01610490    0.00000000 
max(|Force|)     :   0.00161362    0.02169423    0.04231897    0.05866672    0.06316578    0.05276110    0.03086419    0.01865846    0.02309048    0.00144002 
ksp              :   0.02499972    0.07598477    0.10000000    0.10000000    0.07914838    0.02989353    0.01000000    0.01000000    0.01000000 
max(|step|)      :   0.00000000    0.04806516    0.05365463    0.07194456    0.06980704    0.05472290    0.03187735    0.02148141    0.01924187    0.00000000 
angle (deg.)     :    3.8885  3.0819  4.1112  4.0676  3.4464  3.7706  81.4151  19.9898 
>
iteration       : 6
climbing        : no
zoom on         : no
nim             : 10
barrier         :   0.00565871 (image:  3) 
distance        :   0.00000000    2.80140824    4.80614631    6.68135848    8.67129654   10.53235561   12.76023179   15.34199241   17.32040384   19.33599937 
energy          : -1075.54974314  -1075.54876436  -1075.54505615  -1075.54408442  -1075.54630311  -1075.55067303  -1075.55562880  -1075.55374822  -1075.55609150  -1075.58160718 
max(|Fr_perp|)   :   0.00000000    0.01440233    0.02606670    0.03278755    0.03530284    0.02899947    0.01563814    0.01509536    0.01443573    0.00000000 
Fr_paral         :   0.00000000   -0.00238872   -0.00287071    0.00093701    0.00440423    0.00433763    0.00183940   -0.01587076    0.02808269    0.00000000 
max(|Fsp_paral|) :   0.00000000    0.03582118    0.00664589    0.00425959    0.02997738    0.03778099    0.00138161    0.00202911    0.00015562    0.00000000 
max(|Fsp_perp|)  :   0.00000000    0.00000000    0.00000000    0.00000000    0.00000000    0.00000000    0.00000000    0.00000000    0.00000000    0.00000000 
max(|FNEB|)      :   0.00000000    0.03191715    0.02836998    0.03474005    0.04257843    0.04574655    0.01584785    0.01640202    0.01451215    0.00000000 
max(|Force|)     :   0.00161362    0.01422196    0.02590256    0.03294959    0.03592852    0.02939495    0.01575241    0.01855814    0.02232717    0.00144002 
ksp              :   0.02556709    0.08454493    0.10000000    0.10000000    0.06471247    0.01000000    0.01000000    0.01000000    0.01000000 
max(|step|)      :   0.00000000    0.04150698    0.01860942    0.02323915    0.04461808    0.05312662    0.02158199    0.02204419    0.01961221    0.00000000 
angle (deg.)     :    3.9638  3.0220  4.0950  3.9139  3.5592  3.9094  81.6869  22.4337 
>
iteration       : 7
climbing        : no
zoom on         : no
nim             : 10
barrier         :   0.00491596 (image:  3) 
distance        :   0.00000000    2.92344528    4.83648293    6.69976956    8.58191998   10.41415924   12.74302309   15.34953911   17.36002970   19.38533509 
energy          : -1075.54974314  -1075.54868199  -1075.54549514  -1075.54482718  -1075.54694280  -1075.55136890  -1075.55691285  -1075.55524456  -1075.55710051  -1075.58160718 
max(|Fr_perp|)   :   0.00000000    0.01811152    0.03212183    0.04257815    0.04607350    0.03779461    0.02048504    0.01386310    0.01283064    0.00000000 
Fr_paral         :   0.00000000   -0.00242407   -0.00287929    0.00154536    0.00447177    0.00461938    0.00219686   -0.01692518    0.02912756    0.00000000 
max(|Fsp_paral|) :   0.00000000    0.02976508    0.00677165    0.00069824    0.02895062    0.03437058    0.00108829    0.00194645    0.00006253    0.00000000 
max(|Fsp_perp|)  :   0.00000000    0.00000000    0.00000000    0.00000000    0.00000000    0.00000000    0.00000000    0.00000000    0.00000000    0.00000000 
max(|FNEB|)      :   0.00000000    0.03344958    0.03551985    0.04288863    0.03760933    0.03971415    0.02064518    0.01526615    0.01284526    0.00000000 
max(|Force|)     :   0.00161362    0.01793204    0.03158456    0.04284998    0.04670852    0.03822901    0.02061908    0.01787855    0.02139942    0.00144002 
ksp              :   0.02942717    0.08777110    0.10000000    0.10000000    0.06126782    0.01000000    0.01000000    0.01000000    0.01000000 
max(|step|)      :   0.00000000    0.07449396    0.05020686    0.04500798    0.08283060    0.10000000    0.03891704    0.04549190    0.03866962    0.00000000 
angle (deg.)     :    4.4920  2.9629  4.1710  3.7930  4.0604  4.2456  82.4085  27.5013 
>
iteration       : 8
climbing        : no
zoom on         : no
nim             : 10
barrier         :   0.00297629 (image:  3) 
distance        :   0.00000000    3.14914163    4.90720590    6.71595518    8.39638475   10.18348599   12.70686633   15.37452266   17.45438443   19.50441903 
energy          : -1075.54974314  -1075.54908323  -1075.54682311  -1075.54676685  -1075.54884875  -1075.55315426  -1075.55900690  -1075.55809794  -1075.55911195  -1075.58160718 
max(|Fr_perp|)   :   0.00000000    0.01596232    0.03103783    0.03848629    0.03952599    0.03166894    0.01700480    0.01069163    0.01023790    0.00000000 
Fr_paral         :   0.00000000   -0.00203208   -0.00246544    0.00282858    0.00407691    0.00449518    0.00268180   -0.01559034    0.03034047    0.00000000 
max(|Fsp_paral|) :   0.00000000    0.02816426    0.00319094    0.00472141    0.03834876    0.01632297    0.00056690    0.00191016    0.00012788    0.00000000 
max(|Fsp_perp|)  :   0.00000000    0.00000000    0.00000000    0.00000000    0.00000000    0.00000000    0.00000000    0.00000000    0.00000000    0.00000000 
max(|FNEB|)      :   0.00000000    0.03059640    0.03168040    0.03801839    0.05115290    0.02840391    0.01713813    0.01212621    0.01017046    0.00000000 
max(|Force|)     :   0.00161362    0.01590370    0.03108855    0.03887766    0.04026791    0.03222421    0.01721402    0.01445020    0.02036117    0.00144002 
ksp              :   0.02989719    0.09794662    0.10000000    0.10000000    0.03774853    0.01000000    0.01000000    0.01000000    0.01000000 
max(|step|)      :   0.00000000    0.03803192    0.03937934    0.04725759    0.06358404    0.03530660    0.02130302    0.01507312    0.01264208    0.00000000 
angle (deg.)     :    4.4086  3.6688  4.6598  4.2450  4.3674  4.6757  82.8424  29.2647 
>
iteration       : 9
climbing        : no
zoom on         : no
nim             : 10
barrier         :   0.00177883 (image:  2) 
distance        :   0.00000000    3.24756524    4.92386098    6.70638104    8.28389544   10.14853413   12.73166882   15.40682235   17.51041862   19.57249989 
energy          : -1075.54974314  -1075.54948405  -1075.54796431  -1075.54841997  -1075.55050539  -1075.55443313  -1075.55979074  -1075.55900043  -1075.55978237  -1075.58160718 
max(|Fr_perp|)   :   0.00000000    0.01216990    0.02704495    0.03737471    0.03869012    0.03174118    0.01867921    0.00872250    0.00955239    0.00000000 
Fr_paral         :   0.00000000   -0.00061983    0.00011170   -0.00025816    0.00094795    0.00162652    0.00106496   -0.01567267    0.03073125    0.00000000 
max(|Fsp_paral|) :   0.00000000    0.03301870    0.00385802    0.02075036    0.03943174    0.00278827    0.00036359    0.00178805    0.00017839    0.00000000 
max(|Fsp_perp|)  :   0.00000000    0.00000000    0.00000000    0.00000000    0.00000000    0.00000000    0.00000000    0.00000000    0.00000000    0.00000000 
max(|FNEB|)      :   0.00000000    0.03404551    0.02806442    0.03175837    0.03932807    0.03227916    0.01874620    0.01019121    0.00944137    0.00000000 
max(|Force|)     :   0.00161362    0.01211201    0.02705593    0.03734900    0.03877367    0.03186664    0.01876432    0.01277800    0.02000311    0.00144002 
ksp              :   0.02310860    0.10000000    0.10000000    0.07694581    0.01000000    0.01000000    0.01000000    0.01000000    0.01000000 
max(|step|)      :   0.00000000    0.03730797    0.02097116    0.02309792    0.05703116    0.01836852    0.01146573    0.01504439    0.01324533    0.00000000 
angle (deg.)     :    4.5802  3.7590  4.5981  4.4340  4.6524  4.7126  83.2952  31.0829 
>
iteration       : 10
climbing        : no
zoom on         : no
nim             : 10
barrier         :   0.00163528 (image:  2) 
distance        :   0.00000000    3.36303231    4.93849452    6.65993657    8.15016868   10.13086088   12.73982604   15.42166436   17.55009126   19.62541888 
energy          : -1075.54974314  -1075.54952178  -1075.54810786  -1075.54856525  -1075.55047586  -1075.55471155  -1075.56022727  -1075.55984981  -1075.56045600  -1075.58160718 
max(|Fr_perp|)   :   0.00000000    0.01485222    0.03034518    0.04078474    0.04283631    0.03575267    0.02117085    0.00905803    0.00883365    0.00000000 
Fr_paral         :   0.00000000   -0.00048248    0.00027906   -0.00057127    0.00060209    0.00128464    0.00085946   -0.01118233    0.03099921    0.00000000 
max(|Fsp_paral|) :   0.00000000    0.02950262    0.00529357    0.02210149    0.03523383    0.00243830    0.00028839    0.00195379    0.00022884    0.00000000 
max(|Fsp_perp|)  :   0.00000000    0.00000000    0.00000000    0.00000000    0.00000000    0.00000000    0.00000000    0.00000000    0.00000000    0.00000000 
max(|FNEB|)      :   0.00000000    0.03058425    0.03177682    0.03612857    0.03480898    0.03622704    0.02121982    0.00992343    0.00867992    0.00000000 
max(|Force|)     :   0.00161362    0.01480582    0.03037309    0.04072698    0.04288974    0.03585256    0.02123579    0.01081848    0.01957539    0.00144002 
ksp              :   0.02218257    0.10000000    0.10000000    0.07482651    0.01000000    0.01000000    0.01000000    0.01000000    0.01000000 
max(|step|)      :   0.00000000    0.05913967    0.02838668    0.05289983    0.10000000    0.03052446    0.01991625    0.02788409    0.02319316    0.00000000 
angle (deg.)     :    4.8033  3.7585  4.5605  4.7657  4.9420  4.6694  84.1161  34.1769 
>
iteration       : 11
climbing        : no
zoom on         : no
nim             : 10
barrier         :   0.00083297 (image:  2) 
distance        :   0.00000000    3.55103401    4.97994421    6.56136259    7.92715780   10.08196998   12.74963891   15.43459503   17.61799285   19.71911681 
energy          : -1075.54974314  -1075.54999547  -1075.54891017  -1075.54915175  -1075.55118499  -1075.55587176  -1075.56109936  -1075.56132782  -1075.56157806  -1075.58160718 
max(|Fr_perp|)   :   0.00000000    0.01188677    0.02811609    0.04029314    0.04030307    0.03101626    0.01910449    0.00933907    0.00721990    0.00000000 
Fr_paral         :   0.00000000   -0.00079925    0.00032807   -0.00072589    0.00088387    0.00142002    0.00069968   -0.00203342    0.03139462    0.00000000 
max(|Fsp_paral|) :   0.00000000    0.03788804    0.00551243    0.01972158    0.03159860    0.00199234    0.00006871    0.00199459    0.00035518    0.00000000 
max(|Fsp_perp|)  :   0.00000000    0.00000000    0.00000000    0.00000000    0.00000000    0.00000000    0.00000000    0.00000000    0.00000000    0.00000000 
max(|FNEB|)      :   0.00000000    0.03928583    0.02979191    0.03498803    0.03305757    0.03156257    0.01920428    0.00941507    0.00695731    0.00000000 
max(|Force|)     :   0.00161362    0.01185495    0.02829350    0.04043808    0.04059786    0.03127898    0.01924550    0.00937140    0.01843917    0.00144002 
ksp              :   0.01000000    0.10000000    0.10000000    0.07604022    0.01000000    0.01000000    0.01000000    0.01000000    0.01000000 
max(|step|)      :   0.00000000    0.05162050    0.03914575    0.04597330    0.04343673    0.04147235    0.02523389    0.01237114    0.00914171    0.00000000 
angle (deg.)     :    5.9247  3.0066  3.6814  4.7574  5.2188  4.1975  84.2067  35.4133 
>
iteration       : 12
climbing        : no
zoom on         : no
nim             : 10
barrier         :   0.00034557 (image:  2) 
distance        :   0.00000000    3.69087606    4.99757274    6.48801348    7.81342216   10.07936185   12.73826150   15.41466442   17.61982702   19.73350827 
energy          : -1075.54974314  -1075.55022568  -1075.54939756  -1075.54958141  -1075.55159224  -1075.55646913  -1075.56150336  -1075.56186534  -1075.56200377  -1075.58160718 
max(|Fr_perp|)   :   0.00000000    0.00828749    0.02286688    0.03043611    0.02769172    0.01979461    0.01244814    0.00864848    0.00689590    0.00000000 
Fr_paral         :   0.00000000   -0.00032638   -0.00112562    0.00204539    0.00323504    0.00404131    0.00255385   -0.00185577    0.03135303    0.00000000 
max(|Fsp_paral|) :   0.00000000    0.03343616    0.00670170    0.02925979    0.01771803    0.00152372    0.00006941    0.00187212    0.00039367    0.00000000 
max(|Fsp_perp|)  :   0.00000000    0.00000000    0.00000000    0.00000000    0.00000000    0.00000000    0.00000000    0.00000000    0.00000000    0.00000000 
max(|FNEB|)      :   0.00000000    0.02820916    0.02369264    0.04884072    0.03438348    0.02030900    0.01246252    0.00871008    0.00659511    0.00000000 
max(|Force|)     :   0.00161362    0.00821781    0.02286980    0.03055048    0.02782319    0.02033325    0.01272296    0.00867277    0.01823570    0.00144002 
ksp              :   0.01000000    0.10000000    0.10000000    0.05211881    0.01000000    0.01000000    0.01000000    0.01000000    0.01000000 
max(|step|)      :   0.00000000    0.04063429    0.01456110    0.03857841    0.03632564    0.01083364    0.00755408    0.01140080    0.00853379    0.00000000 
angle (deg.)     :    6.3471  3.0011  3.4589  4.9737  5.4047  4.2022  84.2844  36.5563 
>
iteration       : 13
climbing        : no
zoom on         : no
nim             : 10
barrier         :   0.00000000 (image:  0) 
distance        :   0.00000000    3.81668859    5.02033929    6.40420730    7.73644048   10.08802675   12.74319834   15.41386845   17.63897710   19.76485432 
energy          : -1075.54974314  -1075.55041118  -1075.54997240  -1075.55039435  -1075.55232587  -1075.55711261  -1075.56191173  -1075.56232342  -1075.56238646  -1075.58160718 
max(|Fr_perp|)   :   0.00000000    0.00809080    0.02062775    0.02733200    0.02490469    0.01778315    0.01124561    0.00801272    0.00631061    0.00000000 
Fr_paral         :   0.00000000   -0.00000698   -0.00037180    0.00194630    0.00304036    0.00384539    0.00239781   -0.00173836    0.03137742    0.00000000 
max(|Fsp_paral|) :   0.00000000    0.00926591    0.00065110    0.00018849    0.00388090    0.00117787    0.00006158    0.00177370    0.00042573    0.00000000 
max(|Fsp_perp|)  :   0.00000000    0.00000000    0.00000000    0.00000000    0.00000000    0.00000000    0.00000000    0.00000000    0.00000000    0.00000000 
max(|FNEB|)      :   0.00000000    0.01636730    0.02072417    0.02729539    0.02531040    0.01817946    0.01125768    0.00806467    0.00597778    0.00000000 
max(|Force|)     :   0.00161362    0.00808931    0.02060472    0.02744218    0.02503146    0.01829578    0.01149924    0.00803303    0.01778254    0.00144002 
ksp              :   0.01000000    0.01000000    0.01000000    0.01000000    0.01000000    0.01000000    0.01000000    0.01000000    0.01000000 
max(|step|)      :   0.00000000    0.01228180    0.01625285    0.02058013    0.01989857    0.01718033    0.01022783    0.01032944    0.00763730    0.00000000 
angle (deg.)     :    5.7713  3.3562  3.7819  5.1662  5.4613  4.4054  84.3351  37.5901 
>
iteration       : 14
climbing        : no
zoom on         : no
nim             : 10
barrier         :   0.00000000 (image:  0) 
distance        :   0.00000000    3.80187938    5.02535076    6.40188967    7.73799271   10.09927457   12.75371425   15.41992269   17.66227904   19.80004640 
energy          : -1075.54974314  -1075.55073964  -1075.55123655  -1075.55248238  -1075.55422042  -1075.55827127  -1075.56253344  -1075.56271401  -1075.56271642  -1075.58160718 
max(|Fr_perp|)   :   0.00000000    0.00635491    0.00794718    0.00977190    0.01080050    0.00943503    0.00573897    0.00745526    0.00571989    0.00000000 
Fr_paral         :   0.00000000   -0.00029624    0.00076506    0.00138581    0.00176974    0.00223163    0.00135922   -0.00166457    0.03136864    0.00000000 
max(|Fsp_paral|) :   0.00000000    0.00907546    0.00053850    0.00014724    0.00391265    0.00114030    0.00004693    0.00169259    0.00044716    0.00000000 
max(|Fsp_perp|)  :   0.00000000    0.00000000    0.00000000    0.00000000    0.00000000    0.00000000    0.00000000    0.00000000    0.00000000    0.00000000 
max(|FNEB|)      :   0.00000000    0.01219167    0.00811028    0.00971989    0.01176417    0.00965433    0.00574155    0.00749942    0.00536372    0.00000000 
max(|Force|)     :   0.00161362    0.00629149    0.00803486    0.00992519    0.01097033    0.00960855    0.00582207    0.00747265    0.01729711    0.00144002 
ksp              :   0.01000000    0.01000000    0.01000000    0.01000000    0.01000000    0.01000000    0.01000000    0.01000000    0.01000000 
max(|step|)      :   0.00000000    0.01028584    0.01001379    0.00976447    0.01146446    0.00951013    0.00603349    0.00885287    0.00640963    0.00000000 
angle (deg.)     :    5.6276  3.4185  3.8578  5.2306  5.5216  4.4371  84.3710  38.4707 
>
iteration       : 15
climbing        : no
zoom on         : no
nim             : 10
barrier         :   0.00000000 (image:  0) 
distance        :   0.00000000    3.78474897    5.02852590    6.39697921    7.74260707   10.10561821   12.75808968   15.41964916   17.67652082   19.82491040 
energy          : -1075.54974314  -1075.55091630  -1075.55143570  -1075.55269251  -1075.55449077  -1075.55855490  -1075.56276157  -1075.56303316  -1075.56298243  -1075.58160718 
max(|Fr_perp|)   :   0.00000000    0.00589331    0.01025732    0.01346356    0.01412404    0.01175348    0.00727818    0.00677590    0.00529856    0.00000000 
Fr_paral         :   0.00000000   -0.00028171    0.00065441    0.00121135    0.00164228    0.00202628    0.00122530   -0.00331542    0.03124585    0.00000000 
max(|Fsp_paral|) :   0.00000000    0.00891511    0.00043756    0.00008318    0.00388683    0.00112767    0.00003630    0.00159229    0.00046243    0.00000000 
max(|Fsp_perp|)  :   0.00000000    0.00000000    0.00000000    0.00000000    0.00000000    0.00000000    0.00000000    0.00000000    0.00000000    0.00000000 
max(|FNEB|)      :   0.00000000    0.01150057    0.01038848    0.01343091    0.01508965    0.01197018    0.00727914    0.00704355    0.00492529    0.00000000 
max(|Force|)     :   0.00161362    0.00583244    0.01033228    0.01359781    0.01428311    0.01191102    0.00735166    0.00699581    0.01690335    0.00144002 
ksp              :   0.01000000    0.01000000    0.01000000    0.01000000    0.01000000    0.01000000    0.01000000    0.01000000    0.01000000 
max(|step|)      :   0.00000000    0.09817276    0.08904869    0.08208011    0.10000000    0.08382528    0.05822624    0.08250518    0.05906091    0.00000000 
angle (deg.)     :    4.9019  3.8569  4.3317  5.8701  6.1276  4.7317  85.0777  46.4976 
>
iteration       : 16
climbing        : no
zoom on         : no
nim             : 10
barrier         :   0.00000000 (image:  0) 
distance        :   0.00000000    3.61860168    5.06086579    6.35114349    7.79475963   10.16582255   12.79900047   15.42939455   17.83271890   20.08688906 
energy          : -1075.54974314  -1075.55222158  -1075.55286208  -1075.55404161  -1075.55636299  -1075.56063791  -1075.56450570  -1075.56523444  -1075.56498861  -1075.58160718 
max(|Fr_perp|)   :   0.00000000    0.00630908    0.01770369    0.02500096    0.02450236    0.01817738    0.01188249    0.00632782    0.00292980    0.00000000 
Fr_paral         :   0.00000000    0.00006825    0.00005289    0.00045847    0.00117358    0.00121021    0.00070067   -0.00175932    0.02778348    0.00000000 
max(|Fsp_paral|) :   0.00000000    0.00739459    0.00052691    0.00056414    0.00356786    0.00103519    0.00001122    0.00087430    0.00061489    0.00000000 
max(|Fsp_perp|)  :   0.00000000    0.00000000    0.00000000    0.00000000    0.00000000    0.00000000    0.00000000    0.00000000    0.00000000    0.00000000 
max(|FNEB|)      :   0.00000000    0.00953231    0.01771228    0.02546534    0.02572800    0.01856668    0.01200255    0.00667504    0.00275301    0.00000000 
max(|Force|)     :   0.00161362    0.00636591    0.01790337    0.02534462    0.02490436    0.01846465    0.01204015    0.00659616    0.01438761    0.00144002 
ksp              :   0.01000000    0.01000000    0.01000000    0.01000000    0.01000000    0.01000000    0.01000000    0.01000000    0.01000000 
max(|step|)      :   0.00000000    0.00749190    0.01392092    0.02001441    0.02022085    0.01459243    0.00943337    0.00524623    0.00216372    0.00000000 
angle (deg.)     :    5.1774  3.6874  4.0453  5.8093  6.1426  4.5818  85.0263  46.6913 
>
iteration       : 17
climbing        : no
zoom on         : no
nim             : 10
barrier         :   0.00000000 (image:  0) 
distance        :   0.00000000    3.60152350    5.05943271    6.35126212    7.79964146   10.16440776   12.79465659   15.42304469   17.82735577   20.08564731 
energy          : -1075.54974314  -1075.55232241  -1075.55347014  -1075.55509187  -1075.55729799  -1075.56117518  -1075.56478128  -1075.56536821  -1075.56503646  -1075.58160718 
max(|Fr_perp|)   :   0.00000000    0.00426589    0.00511705    0.00673973    0.00737499    0.00650822    0.00510792    0.00600030    0.00283663    0.00000000 
Fr_paral         :   0.00000000    0.00059583    0.00125316    0.00173926    0.00201473    0.00211455    0.00132052   -0.00244448    0.02786756    0.00000000 
max(|Fsp_paral|) :   0.00000000    0.00728566    0.00057920    0.00057634    0.00352230    0.00104705    0.00000752    0.00080275    0.00060160    0.00000000 
max(|Fsp_perp|)  :   0.00000000    0.00000000    0.00000000    0.00000000    0.00000000    0.00000000    0.00000000    0.00000000    0.00000000    0.00000000 
max(|FNEB|)      :   0.00000000    0.01044424    0.00508797    0.00702799    0.00886883    0.00684518    0.00510755    0.00641616    0.00220914    0.00000000 
max(|Force|)     :   0.00161362    0.00440654    0.00536596    0.00706730    0.00770678    0.00678100    0.00500657    0.00645299    0.01431809    0.00144002 
ksp              :   0.01000000    0.01000000    0.01000000    0.01000000    0.01000000    0.01000000    0.01000000    0.01000000    0.01000000 
max(|step|)      :   0.00000000    0.00785702    0.00305921    0.00409067    0.00557700    0.00433135    0.00401268    0.00506768    0.00174399    0.00000000 
angle (deg.)     :    5.1629  3.7253  4.0602  5.8228  6.1557  4.5896  84.9984  46.8957 
>
iteration       : 18
climbing        : no
zoom on         : no
nim             : 10
barrier         :   0.00000000 (image:  0) 
distance        :   0.00000000    3.58466719    5.05817709    6.35271712    7.80738400   10.16763289   12.79634944   15.42406781   17.82992916   20.09247971 
energy          : -1075.54974314  -1075.55236744  -1075.55354656  -1075.55518659  -1075.55741388  -1075.56127988  -1075.56487083  -1075.56548599  -1075.56507978  -1075.58160718 
max(|Fr_perp|)   :   0.00000000    0.00410520    0.00523669    0.00639429    0.00702446    0.00635192    0.00506228    0.00577499    0.00270029    0.00000000 
Fr_paral         :   0.00000000    0.00061069    0.00127193    0.00175607    0.00202566    0.00210649    0.00131935   -0.00294500    0.02794703    0.00000000 
max(|Fsp_paral|) :   0.00000000    0.00716282    0.00062346    0.00058996    0.00348147    0.00105997    0.00000404    0.00076733    0.00059014    0.00000000 
max(|Fsp_perp|)  :   0.00000000    0.00000000    0.00000000    0.00000000    0.00000000    0.00000000    0.00000000    0.00000000    0.00000000    0.00000000 
max(|FNEB|)      :   0.00000000    0.01029382    0.00489584    0.00669041    0.00850371    0.00669201    0.00506123    0.00621363    0.00208419    0.00000000 
max(|Force|)     :   0.00161362    0.00424992    0.00553152    0.00672613    0.00735869    0.00662307    0.00496143    0.00635554    0.01420860    0.00144002 
ksp              :   0.01000000    0.01000000    0.01000000    0.01000000    0.01000000    0.01000000    0.01000000    0.01000000    0.01000000 
max(|step|)      :   0.00000000    0.10000000    0.04405455    0.05599317    0.06568619    0.05410838    0.05166308    0.06177966    0.01993977    0.00000000 
angle (deg.)     :    4.9307  4.2651  4.4749  6.0983  6.2604  4.8624  85.1704  49.8547 
>
iteration       : 19
climbing        : no
zoom on         : no
nim             : 10
barrier         :   0.00000000 (image:  0) 
distance        :   0.00000000    3.37146190    5.03951482    6.37402414    7.90858536   10.21332924   12.82167447   15.45244841   17.89399908   20.21570875 
energy          : -1075.54974314  -1075.55283237  -1075.55435616  -1075.55613198  -1075.55864597  -1075.56248023  -1075.56590312  -1075.56662475  -1075.56553525  -1075.58160718 
max(|Fr_perp|)   :   0.00000000    0.00379857    0.00576897    0.00766190    0.00813635    0.00644010    0.00450085    0.00385435    0.00580716    0.00000000 
Fr_paral         :   0.00000000    0.00086314    0.00123326    0.00157878    0.00190084    0.00189220    0.00116255   -0.00646316    0.02776689    0.00000000 
max(|Fsp_paral|) :   0.00000000    0.00563705    0.00115576    0.00073896    0.00297968    0.00121080    0.00009181    0.00063508    0.00049306    0.00000000 
max(|Fsp_perp|)  :   0.00000000    0.00000000    0.00000000    0.00000000    0.00000000    0.00000000    0.00000000    0.00000000    0.00000000    0.00000000 
max(|FNEB|)      :   0.00000000    0.00817586    0.00701651    0.00816023    0.00953616    0.00688480    0.00448367    0.00437056    0.00602230    0.00000000 
max(|Force|)     :   0.00161362    0.00403843    0.00590667    0.00808331    0.00856936    0.00674453    0.00441759    0.00558759    0.01359509    0.00144002 
ksp              :   0.01000000    0.01000000    0.01000000    0.01000000    0.01000000    0.01000000    0.01000000    0.01000000    0.01000000 
max(|step|)      :   0.00000000    0.01257952    0.01079572    0.01255546    0.01467250    0.01059307    0.00689865    0.00672461    0.00926601    0.00000000 
angle (deg.)     :    5.0609  4.3115  4.4073  6.1096  6.3259  4.8730  85.2379  50.3226 
>
iteration       : 20
climbing        : no
zoom on         : no
nim             : 10
barrier         :   0.00000000 (image:  0) 
distance        :   0.00000000    3.34528537    5.03480627    6.37782644    7.92146846   10.21996971   12.82503362   15.45866681   17.90514454   20.23580380 
energy          : -1075.54974314  -1075.55287616  -1075.55446231  -1075.55630531  -1075.55883396  -1075.56262636  -1075.56603302  -1075.56673675  -1075.56555043  -1075.58160718 
max(|Fr_perp|)   :   0.00000000    0.00321368    0.00593199    0.00830192    0.00786619    0.00431450    0.00443082    0.00337979    0.00903802    0.00000000 
Fr_paral         :   0.00000000    0.00070020    0.00124349    0.00165867    0.00188817    0.00177414    0.00113577   -0.00668955    0.02780732    0.00000000 
max(|Fsp_paral|) :   0.00000000    0.00546252    0.00118856    0.00074613    0.00291388    0.00122949    0.00011675    0.00064760    0.00047775    0.00000000 
max(|Fsp_perp|)  :   0.00000000    0.00000000    0.00000000    0.00000000    0.00000000    0.00000000    0.00000000    0.00000000    0.00000000    0.00000000 
max(|FNEB|)      :   0.00000000    0.00718493    0.00611845    0.00803567    0.00758854    0.00428474    0.00440837    0.00389789    0.00893890    0.00000000 
max(|Force|)     :   0.00161362    0.00329117    0.00592339    0.00808476    0.00761298    0.00417311    0.00434910    0.00521507    0.01294278    0.00144002 
ksp              :   0.01000000    0.01000000    0.01000000    0.01000000    0.01000000    0.01000000    0.01000000    0.01000000    0.01000000 
max(|step|)      :   0.00000000    0.01184548    0.00561617    0.00731741    0.00843967    0.00706440    0.00687395    0.00637827    0.00364667    0.00000000 
angle (deg.)     :    5.1052  4.3582  4.4290  6.1256  6.3504  4.9099  85.3032  50.7709 
>
iteration       : 21
climbing        : no
zoom on         : no
nim             : 10
barrier         :   0.00000000 (image:  0) 
distance        :   0.00000000    3.31936935    5.02975767    6.38140399    7.93413658   10.22646897   12.82806995   15.46447924   17.91578582   20.25505972 
energy          : -1075.54974314  -1075.55291860  -1075.55454770  -1075.55640016  -1075.55897032  -1075.56276965  -1075.56615457  -1075.56684213  -1075.56566286  -1075.58160718 
max(|Fr_perp|)   :   0.00000000    0.00293113    0.00646903    0.00930065    0.00835864    0.00489137    0.00438812    0.00322444    0.00495366    0.00000000 
Fr_paral         :   0.00000000    0.00075727    0.00131425    0.00172757    0.00198027    0.00183325    0.00117292   -0.00666068    0.02763514    0.00000000 
max(|Fsp_paral|) :   0.00000000    0.00529220    0.00123068    0.00074880    0.00285488    0.00124241    0.00014238    0.00064476    0.00046242    0.00000000 
max(|Fsp_perp|)  :   0.00000000    0.00000000    0.00000000    0.00000000    0.00000000    0.00000000    0.00000000    0.00000000    0.00000000    0.00000000 
max(|FNEB|)      :   0.00000000    0.00728290    0.00614587    0.00970462    0.00951084    0.00516493    0.00436132    0.00374198    0.00485557    0.00000000 
max(|Force|)     :   0.00161362    0.00301570    0.00677746    0.00965259    0.00867004    0.00505651    0.00430432    0.00507021    0.01310670    0.00144002 
ksp              :   0.01000000    0.01000000    0.01000000    0.01000000    0.01000000    0.01000000    0.01000000    0.01000000    0.01000000 
max(|step|)      :   0.00000000    0.10000000    0.04722513    0.05283665    0.07163121    0.06004242    0.05766637    0.05294355    0.01936475    0.00000000 
angle (deg.)     :    5.4408  4.7925  4.7351  6.3817  6.5238  5.3760  85.8579  54.5193 
>
iteration       : 22
climbing        : no
zoom on         : no
nim             : 10
barrier         :   0.00000000 (image:  0) 
distance        :   0.00000000    3.10441535    4.98828141    6.41380890    8.04311669   10.28531928   12.85882476   15.51935182   18.01554867   20.42830658 
energy          : -1075.54974314  -1075.55318699  -1075.55517150  -1075.55719714  -1075.56004711  -1075.56383985  -1075.56709049  -1075.56762655  -1075.56605211  -1075.58160718 
max(|Fr_perp|)   :   0.00000000    0.00241268    0.00846558    0.01325074    0.01197209    0.00634335    0.00506859    0.00290195    0.00661771    0.00000000 
Fr_paral         :   0.00000000    0.00102523    0.00157739    0.00194966    0.00223380    0.00194619    0.00124378   -0.00649094    0.02601681    0.00000000 
max(|Fsp_paral|) :   0.00000000    0.00389779    0.00157557    0.00076280    0.00237115    0.00134816    0.00035906    0.00063263    0.00034707    0.00000000 
max(|Fsp_perp|)  :   0.00000000    0.00000000    0.00000000    0.00000000    0.00000000    0.00000000    0.00000000    0.00000000    0.00000000    0.00000000 
max(|FNEB|)      :   0.00000000    0.00632880    0.00753103    0.01393863    0.01316056    0.00674092    0.00517562    0.00298083    0.00684322    0.00000000 
max(|Force|)     :   0.00161362    0.00210068    0.00899698    0.01392542    0.01257133    0.00662948    0.00518392    0.00416682    0.01341411    0.00144002 
ksp              :   0.01000000    0.01000000    0.01000000    0.01000000    0.01000000    0.01000000    0.01000000    0.01000000    0.01000000 
max(|step|)      :   0.00000000    0.00764275    0.00909457    0.01683249    0.01589288    0.00814043    0.00625015    0.00359969    0.00826397    0.00000000 
angle (deg.)     :    5.2667  4.8796  4.9043  6.4555  6.4764  5.4701  85.8551  54.7649 
>
iteration       : 23
climbing        : no
zoom on         : no
nim             : 10
barrier         :   0.00000000 (image:  0) 
distance        :   0.00000000    3.08969120    4.98305071    6.41731177    8.05250148   10.29265921   12.86424862   15.52547794   18.02398825   20.44170672 
energy          : -1075.54974314  -1075.55320739  -1075.55529080  -1075.55746433  -1075.56027761  -1075.56394816  -1075.56718417  -1075.56770812  -1075.56608833  -1075.58160718 
max(|Fr_perp|)   :   0.00000000    0.00209623    0.00438699    0.00597610    0.00567712    0.00386132    0.00393549    0.00268299    0.00680089    0.00000000 
Fr_paral         :   0.00000000    0.00100205    0.00134028    0.00166585    0.00182185    0.00167008    0.00105794   -0.00650398    0.02617704    0.00000000 
max(|Fsp_paral|) :   0.00000000    0.00381065    0.00156263    0.00074832    0.00234946    0.00134648    0.00036976    0.00063079    0.00033661    0.00000000 
max(|Fsp_perp|)  :   0.00000000    0.00000000    0.00000000    0.00000000    0.00000000    0.00000000    0.00000000    0.00000000    0.00000000    0.00000000 
max(|FNEB|)      :   0.00000000    0.00537050    0.00378766    0.00622601    0.00630344    0.00408442    0.00387371    0.00319207    0.00672154    0.00000000 
max(|Force|)     :   0.00161362    0.00236082    0.00456472    0.00618736    0.00586831    0.00397583    0.00386490    0.00470068    0.01264397    0.00144002 
ksp              :   0.01000000    0.01000000    0.01000000    0.01000000    0.01000000    0.01000000    0.01000000    0.01000000    0.01000000 
max(|step|)      :   0.00000000    0.00687621    0.00395838    0.00383672    0.00521217    0.00460097    0.00472003    0.00369518    0.00374043    0.00000000 
angle (deg.)     :    5.2951  4.9041  4.9427  6.4732  6.4860  5.5151  85.8497  54.9997 
>
iteration       : 24
climbing        : no
zoom on         : no
nim             : 10
barrier         :   0.00000000 (image:  0) 
distance        :   0.00000000    3.07507645    4.97769720    6.42020855    8.06067464   10.29813584   12.86737775   15.52900095   18.02980802   20.45227571 
energy          : -1075.54974314  -1075.55322097  -1075.55532734  -1075.55751376  -1075.56034868  -1075.56402499  -1075.56725179  -1075.56776345  -1075.56615697  -1075.58160718 
max(|Fr_perp|)   :   0.00000000    0.00216258    0.00415322    0.00588538    0.00554313    0.00379220    0.00390301    0.00269792    0.00191180    0.00000000 
Fr_paral         :   0.00000000    0.00103004    0.00135606    0.00166913    0.00183459    0.00168364    0.00106272   -0.00674779    0.02620026    0.00000000 
max(|Fsp_paral|) :   0.00000000    0.00372613    0.00156513    0.00073700    0.00231923    0.00134878    0.00038128    0.00062484    0.00032639    0.00000000 
max(|Fsp_perp|)  :   0.00000000    0.00000000    0.00000000    0.00000000    0.00000000    0.00000000    0.00000000    0.00000000    0.00000000    0.00000000 
max(|FNEB|)      :   0.00000000    0.00531926    0.00437890    0.00613148    0.00616088    0.00419538    0.00383973    0.00320371    0.00177946    0.00000000 
max(|Force|)     :   0.00161362    0.00243531    0.00433342    0.00609706    0.00573559    0.00399883    0.00383250    0.00480129    0.01282771    0.00144002 
ksp              :   0.01000000    0.01000000    0.01000000    0.01000000    0.01000000    0.01000000    0.01000000    0.01000000    0.01000000 
max(|step|)      :   0.00000000    0.10000000    0.06212134    0.06053757    0.08028178    0.06946490    0.06880326    0.05423967    0.02989584    0.00000000 
angle (deg.)     :    5.9476  5.3013  5.4125  6.7614  6.6948  6.3193  85.8013  58.5336 
>
iteration       : 25
climbing        : no
zoom on         : no
nim             : 10
barrier         :   0.00000000 (image:  0) 
distance        :   0.00000000    2.86428836    4.90122968    6.46444554    8.18175784   10.38051910   12.91613022   15.58523699   18.12506981   20.61970936 
energy          : -1075.54974314  -1075.55331891  -1075.55575865  -1075.55817163  -1075.56128857  -1075.56501941  -1075.56812838  -1075.56806882  -1075.56571535  -1075.58160718 
max(|Fr_perp|)   :   0.00000000    0.00213164    0.00630761    0.00788814    0.00661791    0.00483977    0.00343360    0.01073485    0.02620606    0.00000000 
Fr_paral         :   0.00000000    0.00122997    0.00150423    0.00174851    0.00196618    0.00176103    0.00107876   -0.01004248    0.02567042    0.00000000 
max(|Fsp_paral|) :   0.00000000    0.00253341    0.00160944    0.00057367    0.00187369    0.00138742    0.00055563    0.00052885    0.00018930    0.00000000 
max(|Fsp_perp|)  :   0.00000000    0.00000000    0.00000000    0.00000000    0.00000000    0.00000000    0.00000000    0.00000000    0.00000000    0.00000000 
max(|FNEB|)      :   0.00000000    0.00395798    0.00724026    0.00803859    0.00754438    0.00528488    0.00353595    0.01078800    0.02694227    0.00000000 
max(|Force|)     :   0.00161362    0.00248463    0.00644152    0.00803864    0.00704688    0.00509502    0.00352346    0.01054523    0.02624030    0.00144002 
ksp              :   0.01000000    0.01000000    0.01000000    0.01000000    0.01000000    0.01000000    0.01000000    0.01000000    0.01000000 
max(|step|)      :   0.00000000    0.00287562    0.00526032    0.00584033    0.00548127    0.00383966    0.00256900    0.00783788    0.01957457    0.00000000 
angle (deg.)     :    5.9702  5.3380  5.3870  6.7485  6.7165  6.3366  85.7410  58.6856 
>
iteration       : 26
climbing        : no
zoom on         : no
nim             : 10
barrier         :   0.00000000 (image:  0) 
distance        :   0.00000000    2.85829416    4.89800485    6.46593459    8.18572262   10.38374308   12.91828297   15.58629184   18.12770796   20.62535224 
energy          : -1075.54974314  -1075.55336205  -1075.55586536  -1075.55840070  -1075.56148153  -1075.56509818  -1075.56819557  -1075.56828704  -1075.56641319  -1075.58160718 
max(|Fr_perp|)   :   0.00000000    0.00150554    0.00241556    0.00321642    0.00301758    0.00269356    0.00326473    0.00584619    0.00766327    0.00000000 
Fr_paral         :   0.00000000    0.00117271    0.00150908    0.00181394    0.00190717    0.00165671    0.00105004   -0.01045010    0.02657511    0.00000000 
max(|Fsp_paral|) :   0.00000000    0.00250418    0.00160992    0.00056729    0.00186103    0.00138989    0.00055618    0.00051624    0.00018336    0.00000000 
max(|Fsp_perp|)  :   0.00000000    0.00000000    0.00000000    0.00000000    0.00000000    0.00000000    0.00000000    0.00000000    0.00000000    0.00000000 
max(|FNEB|)      :   0.00000000    0.00382759    0.00344135    0.00340875    0.00352569    0.00309152    0.00318167    0.00581417    0.00768208    0.00000000 
max(|Force|)     :   0.00161362    0.00183023    0.00262350    0.00345076    0.00321578    0.00289114    0.00320108    0.00615931    0.01291362    0.00144002 
ksp              :   0.01000000    0.01000000    0.01000000    0.01000000    0.01000000    0.01000000    0.01000000    0.01000000    0.01000000 
max(|step|)      :   0.00000000    0.00310065    0.00323136    0.00277041    0.00332582    0.00275596    0.00256863    0.00528536    0.00388056    0.00000000 
angle (deg.)     :    6.0087  5.3516  5.3877  6.7499  6.7321  6.3755  85.6943  58.8302 
>
iteration       : 27
climbing        : no
zoom on         : no
nim             : 10
barrier         :   0.00000000 (image:  0) 
distance        :   0.00000000    2.85169896    4.89435893    6.46740439    8.18996296   10.38713477   12.92035976   15.58754162   18.13033044   20.63096827 
energy          : -1075.54974314  -1075.55337472  -1075.55588440  -1075.55843972  -1075.56152908  -1075.56513752  -1075.56823182  -1075.56838368  -1075.56650127  -1075.58160718 
max(|Fr_perp|)   :   0.00000000    0.00138903    0.00196640    0.00246208    0.00240321    0.00263669    0.00324424    0.00258353    0.00514556    0.00000000 
Fr_paral         :   0.00000000    0.00116742    0.00153717    0.00185916    0.00193897    0.00166351    0.00106092   -0.01034614    0.02637419    0.00000000 
max(|Fsp_paral|) :   0.00000000    0.00247191    0.00160514    0.00055920    0.00184830    0.00138953    0.00055848    0.00050514    0.00017682    0.00000000 
max(|Fsp_perp|)  :   0.00000000    0.00000000    0.00000000    0.00000000    0.00000000    0.00000000    0.00000000    0.00000000    0.00000000    0.00000000 
max(|FNEB|)      :   0.00000000    0.00386206    0.00269005    0.00237731    0.00284835    0.00275483    0.00316112    0.00255316    0.00516502    0.00000000 
max(|Force|)     :   0.00161362    0.00159606    0.00226384    0.00245517    0.00235608    0.00255645    0.00318012    0.00579052    0.01225807    0.00144002 
ksp              :   0.01000000    0.01000000    0.01000000    0.01000000    0.01000000    0.01000000    0.01000000    0.01000000    0.01000000 
max(|step|)      :   0.00000000    0.01673789    0.01419259    0.01111010    0.01495071    0.01332518    0.01369178    0.01584088    0.01267539    0.00000000 
angle (deg.)     :    6.1777  5.4238  5.4692  6.7995  6.7885  6.6729  85.4998  59.6021 
>
iteration       : 28
climbing        : no
zoom on         : no
nim             : 10
barrier         :   0.00000000 (image:  0) 
distance        :   0.00000000    2.81674433    4.87494033    6.47539269    8.21305533   10.40603275   12.93230157   15.59662025   18.14712454   20.66372570 
energy          : -1075.54974314  -1075.55337941  -1075.55594790  -1075.55855364  -1075.56169631  -1075.56532135  -1075.56839444  -1075.56844528  -1075.56661201  -1075.58160718 
max(|Fr_perp|)   :   0.00000000    0.00157226    0.00297544    0.00417282    0.00364254    0.00253680    0.00315362    0.00680062    0.00333228    0.00000000 
Fr_paral         :   0.00000000    0.00117443    0.00160834    0.00193691    0.00201642    0.00170260    0.00108903   -0.00877894    0.02526506    0.00000000 
max(|Fsp_paral|) :   0.00000000    0.00230133    0.00156787    0.00051412    0.00177757    0.00138244    0.00057667    0.00046924    0.00014319    0.00000000 
max(|Fsp_perp|)  :   0.00000000    0.00000000    0.00000000    0.00000000    0.00000000    0.00000000    0.00000000    0.00000000    0.00000000    0.00000000 
max(|FNEB|)      :   0.00000000    0.00387429    0.00315703    0.00445123    0.00430350    0.00292778    0.00306940    0.00682258    0.00342461    0.00000000 
max(|Force|)     :   0.00161362    0.00130631    0.00337531    0.00456875    0.00393729    0.00273862    0.00308894    0.00691114    0.01204564    0.00144002 
ksp              :   0.01000000    0.01000000    0.01000000    0.01000000    0.01000000    0.01000000    0.01000000    0.01000000    0.01000000 
max(|step|)      :   0.00000000    0.03097991    0.02697475    0.02260741    0.02951379    0.02577988    0.02516518    0.01257297    0.01159905    0.00000000 
angle (deg.)     :    6.4539  5.5945  5.6587  6.9101  6.8863  7.3046  85.1326  60.9360 
>
iteration       : 29
climbing        : no
zoom on         : no
nim             : 10
barrier         :   0.00000000 (image:  0) 
distance        :   0.00000000    2.75345255    4.83959554    6.49057687    8.25634656   10.44225754   12.95607388   15.61323871   18.17849122   20.72273380 
energy          : -1075.54974314  -1075.55338306  -1075.55605022  -1075.55874750  -1075.56198514  -1075.56563922  -1075.56867232  -1075.56829256  -1075.56655428  -1075.58160718 
max(|Fr_perp|)   :   0.00000000    0.00141898    0.00458296    0.00688069    0.00618329    0.00343840    0.00297291    0.01045917    0.00697221    0.00000000 
Fr_paral         :   0.00000000    0.00115838    0.00153725    0.00186614    0.00195916    0.00163208    0.00099067   -0.00539218    0.02346167    0.00000000 
max(|Fsp_paral|) :   0.00000000    0.00200104    0.00149364    0.00043087    0.00164820    0.00136807    0.00059957    0.00038439    0.00008963    0.00000000 
max(|Fsp_perp|)  :   0.00000000    0.00000000    0.00000000    0.00000000    0.00000000    0.00000000    0.00000000    0.00000000    0.00000000    0.00000000 
max(|FNEB|)      :   0.00000000    0.00341576    0.00504552    0.00673848    0.00562702    0.00297262    0.00288168    0.01047393    0.00704088    0.00000000 
max(|Force|)     :   0.00161362    0.00149015    0.00457790    0.00665188    0.00592550    0.00319853    0.00291142    0.01051797    0.01277486    0.00144002 
ksp              :   0.01000000    0.01000000    0.01000000    0.01000000    0.01000000    0.01000000    0.01000000    0.01000000    0.01000000 
max(|step|)      :   0.00000000    0.09666844    0.07869763    0.06461664    0.08688066    0.07785273    0.07953250    0.03748552    0.02353859    0.00000000 
angle (deg.)     :    7.6295  6.0226  6.1524  7.2843  7.2439  9.4548  84.0359  64.9112 
>
iteration       : 30
climbing        : no
zoom on         : no
nim             : 10
barrier         :   0.00000000 (image:  0) 
distance        :   0.00000000    2.55780445    4.73036982    6.54020412    8.39439067   10.55852628   13.03338362   15.66759414   18.28521290   20.91309443 
energy          : -1075.54974314  -1075.55334833  -1075.55629523  -1075.55930203  -1075.56281381  -1075.56651840  -1075.56941879  -1075.56726789  -1075.56616033  -1075.58160718 
max(|Fr_perp|)   :   0.00000000    0.00237395    0.00778850    0.00977254    0.00806859    0.00422911    0.00344794    0.01671226    0.01380685    0.00000000 
Fr_paral         :   0.00000000    0.00130188    0.00193128    0.00227178    0.00230909    0.00183485    0.00077556    0.00278433    0.01884001    0.00000000 
max(|Fsp_paral|) :   0.00000000    0.00113902    0.00124881    0.00016681    0.00123109    0.00131552    0.00066394    0.00007088    0.00004446    0.00000000 
max(|Fsp_perp|)  :   0.00000000    0.00000000    0.00000000    0.00000000    0.00000000    0.00000000    0.00000000    0.00000000    0.00000000    0.00000000 
max(|FNEB|)      :   0.00000000    0.00275951    0.00748537    0.00979921    0.00793807    0.00423720    0.00369643    0.01671128    0.01381302    0.00000000 
max(|Force|)     :   0.00161362    0.00230540    0.00795080    0.00990836    0.00783490    0.00423631    0.00356964    0.01670182    0.01293933    0.00144002 
ksp              :   0.01000000    0.01000000    0.01000000    0.01000000    0.01000000    0.01000000    0.01000000    0.01000000    0.01000000 
max(|step|)      :   0.00000000    0.10000000    0.08627187    0.07392438    0.09605686    0.08399280    0.08236700    0.04332069    0.02891735    0.00000000 
angle (deg.)     :    9.0614  6.6346  6.7413  7.7589  7.6453  11.6744  82.9715  68.6772 
>
iteration       : 31
climbing        : no
zoom on         : no
nim             : 10
barrier         :   0.00000000 (image:  0) 
distance        :   0.00000000    2.36232434    4.62231910    6.59784719    8.54582823   10.69064498   13.12773532   15.73951825   18.41914867   21.12804619 
energy          : -1075.54974314  -1075.55332745  -1075.55657223  -1075.55999758  -1075.56369413  -1075.56730043  -1075.57007627  -1075.56710699  -1075.56609813  -1075.58160718 
max(|Fr_perp|)   :   0.00000000    0.00203363    0.00510526    0.00712908    0.00650378    0.00383245    0.00283038    0.01790711    0.01585824    0.00000000 
Fr_paral         :   0.00000000    0.00124181    0.00151636    0.00178434    0.00178497    0.00144387    0.00063556    0.00585925    0.01608937    0.00000000 
max(|Fsp_paral|) :   0.00000000    0.00031694    0.00097830    0.00010363    0.00079197    0.00125752    0.00072622    0.00029241    0.00012745    0.00000000 
max(|Fsp_perp|)  :   0.00000000    0.00000000    0.00000000    0.00000000    0.00000000    0.00000000    0.00000000    0.00000000    0.00000000    0.00000000 
max(|FNEB|)      :   0.00000000    0.00217983    0.00520678    0.00726515    0.00634047    0.00342580    0.00287193    0.01805500    0.01592598    0.00000000 
max(|Force|)     :   0.00161362    0.00189829    0.00520828    0.00702859    0.00636738    0.00366014    0.00285592    0.01804303    0.01404809    0.00144002 
ksp              :   0.01000000    0.01000000    0.01000000    0.01000000    0.01000000    0.01000000    0.01000000    0.01000000    0.01000000 
max(|step|)      :   0.00000000    0.00316480    0.00755951    0.01054798    0.00920548    0.00497378    0.00416964    0.02621332    0.02312229    0.00000000 
angle (deg.)     :    9.0503  6.5804  6.7512  7.7279  7.6363  11.3493  82.8806  68.5228 
>
iteration       : 32
climbing        : no
zoom on         : no
nim             : 10
barrier         :   0.00000000 (image:  0) 
distance        :   0.00000000    2.36090265    4.61821177    6.59727526    8.54827111   10.69433188   13.13019633   15.73502713   18.41461308   21.11659466 
energy          : -1075.54974314  -1075.55342442  -1075.55659887  -1075.56008402  -1075.56379837  -1075.56734730  -1075.57014810  -1075.56894631  -1075.56701973  -1075.58160718 
max(|Fr_perp|)   :   0.00000000    0.00211163    0.00478522    0.00582027    0.00604661    0.00420777    0.00244050    0.00755963    0.01432271    0.00000000 
Fr_paral         :   0.00000000    0.00150425    0.00183342    0.00211726    0.00210689    0.00169331    0.00084161   -0.00058585    0.01932457    0.00000000 
max(|Fsp_paral|) :   0.00000000    0.00032059    0.00095330    0.00010521    0.00078446    0.00124355    0.00071136    0.00031964    0.00009797    0.00000000 
max(|Fsp_perp|)  :   0.00000000    0.00000000    0.00000000    0.00000000    0.00000000    0.00000000    0.00000000    0.00000000    0.00000000    0.00000000 
max(|FNEB|)      :   0.00000000    0.00211010    0.00547288    0.00575446    0.00640447    0.00452486    0.00246152    0.00787942    0.01432021    0.00000000 
max(|Force|)     :   0.00161362    0.00211388    0.00478116    0.00630936    0.00643700    0.00439445    0.00245164    0.00730913    0.01580675    0.00144002 
ksp              :   0.01000000    0.01000000    0.01000000    0.01000000    0.01000000    0.01000000    0.01000000    0.01000000    0.01000000 
max(|step|)      :   0.00000000    0.00210614    0.00444562    0.00471348    0.00558771    0.00428833    0.00269936    0.01467224    0.01369591    0.00000000 
angle (deg.)     :    9.0993  6.6163  6.7775  7.7400  7.6566  11.2098  82.8124  68.4309 
>
iteration       : 33
climbing        : no
zoom on         : no
nim             : 10
barrier         :   0.00000000 (image:  0) 
distance        :   0.00000000    2.35942386    4.61447862    6.59770264    8.55243802   10.70047479   13.13544337   15.73543669   18.41512852   21.11249238 
energy          : -1075.54974314  -1075.55344431  -1075.55664650  -1075.56015619  -1075.56387841  -1075.56740618  -1075.57019967  -1075.56947414  -1075.56760759  -1075.58160718 
max(|Fr_perp|)   :   0.00000000    0.00088006    0.00218394    0.00251875    0.00256369    0.00203915    0.00175992    0.00579632    0.00392304    0.00000000 
Fr_paral         :   0.00000000    0.00146061    0.00168907    0.00194830    0.00193575    0.00155922    0.00086733   -0.00491960    0.02155126    0.00000000 
max(|Fsp_paral|) :   0.00000000    0.00032311    0.00093194    0.00010677    0.00077819    0.00123282    0.00069871    0.00033822    0.00007672    0.00000000 
max(|Fsp_perp|)  :   0.00000000    0.00000000    0.00000000    0.00000000    0.00000000    0.00000000    0.00000000    0.00000000    0.00000000    0.00000000 
max(|FNEB|)      :   0.00000000    0.00115762    0.00305575    0.00262444    0.00291840    0.00235124    0.00165484    0.00586701    0.00383373    0.00000000 
max(|Force|)     :   0.00161362    0.00087033    0.00202455    0.00291814    0.00292256    0.00220995    0.00170616    0.00539402    0.01105123    0.00144002 
ksp              :   0.01000000    0.01000000    0.01000000    0.01000000    0.01000000    0.01000000    0.01000000    0.01000000    0.01000000 
max(|step|)      :   0.00000000    0.00229324    0.00509023    0.00408444    0.00518526    0.00430703    0.00323816    0.01140102    0.00725526    0.00000000 
angle (deg.)     :    9.1934  6.6389  6.7860  7.7477  7.6890  11.1808  82.7094  68.3917 
>
iteration       : 34
climbing        : no
zoom on         : no
nim             : 10
barrier         :   0.00000000 (image:  0) 
distance        :   0.00000000    2.35739070    4.60951562    6.59793461    8.55737345   10.70778884   13.14117098   15.73661638   18.41609229   21.11079292 
energy          : -1075.54974314  -1075.55345968  -1075.55666317  -1075.56019671  -1075.56392855  -1075.56744674  -1075.57023915  -1075.56961947  -1075.56771717  -1075.58160718 
max(|Fr_perp|)   :   0.00000000    0.00063461    0.00154728    0.00197580    0.00192907    0.00140862    0.00172234    0.00256608    0.00161925    0.00000000 
Fr_paral         :   0.00000000    0.00141911    0.00166719    0.00193922    0.00190175    0.00151171    0.00086949   -0.00833337    0.02304588    0.00000000 
max(|Fsp_paral|) :   0.00000000    0.00032616    0.00090626    0.00010871    0.00076976    0.00121781    0.00068751    0.00035465    0.00006575    0.00000000 
max(|Fsp_perp|)  :   0.00000000    0.00000000    0.00000000    0.00000000    0.00000000    0.00000000    0.00000000    0.00000000    0.00000000    0.00000000 
max(|FNEB|)      :   0.00000000    0.00091299    0.00181474    0.00200729    0.00167821    0.00139076    0.00162314    0.00256751    0.00153857    0.00000000 
max(|Force|)     :   0.00161362    0.00075574    0.00137827    0.00175596    0.00168240    0.00127893    0.00167063    0.00347745    0.01053948    0.00144002 
ksp              :   0.01000000    0.01000000    0.01000000    0.01000000    0.01000000    0.01000000    0.01000000    0.01000000    0.01000000 
max(|step|)      :   0.00000000    0.00309238    0.00477420    0.00512471    0.00420666    0.00433852    0.00499249    0.00895535    0.00630389    0.00000000 
angle (deg.)     :    9.3090  6.6573  6.8158  7.7667  7.7222  11.2997  82.5399  68.4012 
>
iteration       : 35
climbing        : no
zoom on         : no
nim             : 10
barrier         :   0.00000000 (image:  0) 
distance        :   0.00000000    2.35419197    4.60195406    6.59805973    8.56468556   10.71863204   13.14935774   15.73968106   18.41846334   21.11237143 
energy          : -1075.54974314  -1075.55346906  -1075.55667403  -1075.56022910  -1075.56397817  -1075.56749939  -1075.57028578  -1075.56960033  -1075.56774229  -1075.58160718 
max(|Fr_perp|)   :   0.00000000    0.00081204    0.00133457    0.00140185    0.00154277    0.00145497    0.00166998    0.00207184    0.00357649    0.00000000 
Fr_paral         :   0.00000000    0.00143228    0.00171836    0.00199172    0.00195345    0.00155020    0.00087086   -0.01041212    0.02384250    0.00000000 
max(|Fsp_paral|) :   0.00000000    0.00033009    0.00086527    0.00011060    0.00075551    0.00119166    0.00067670    0.00037242    0.00006513    0.00000000 
max(|Fsp_perp|)  :   0.00000000    0.00000000    0.00000000    0.00000000    0.00000000    0.00000000    0.00000000    0.00000000    0.00000000    0.00000000 
max(|FNEB|)      :   0.00000000    0.00109207    0.00213936    0.00134989    0.00188894    0.00175441    0.00157014    0.00169150    0.00358955    0.00000000 
max(|Force|)     :   0.00161362    0.00076077    0.00142759    0.00186622    0.00190543    0.00162402    0.00161706    0.00645549    0.01069995    0.00144002 
ksp              :   0.01000000    0.01000000    0.01000000    0.01000000    0.01000000    0.01000000    0.01000000    0.01000000    0.01000000 
max(|step|)      :   0.00000000    0.00610357    0.01061521    0.00703603    0.00894083    0.00896999    0.00927464    0.00863590    0.00690830    0.00000000 
angle (deg.)     :    9.5157  6.7195  6.8786  7.8169  7.7894  11.6267  82.2195  68.4629 
>
iteration       : 36
climbing        : no
zoom on         : no
nim             : 10
barrier         :   0.00000000 (image:  0) 
distance        :   0.00000000    2.34818461    4.58817810    6.59858133    8.57882572   10.73955142   13.16553100   15.74752442   18.42489236   21.11925271 
energy          : -1075.54974314  -1075.55347999  -1075.55669198  -1075.56028305  -1075.56406302  -1075.56759443  -1075.57036617  -1075.56948421  -1075.56778751  -1075.58160718 
max(|Fr_perp|)   :   0.00000000    0.00062424    0.00134876    0.00166456    0.00157077    0.00123805    0.00156040    0.00486344    0.00236545    0.00000000 
Fr_paral         :   0.00000000    0.00140876    0.00166261    0.00192629    0.00188802    0.00150071    0.00082639   -0.01224378    0.02441773    0.00000000 
max(|Fsp_paral|) :   0.00000000    0.00033625    0.00079100    0.00011326    0.00072912    0.00114418    0.00066046    0.00040161    0.00007306    0.00000000 
max(|Fsp_perp|)  :   0.00000000    0.00000000    0.00000000    0.00000000    0.00000000    0.00000000    0.00000000    0.00000000    0.00000000    0.00000000 
max(|FNEB|)      :   0.00000000    0.00088829    0.00146348    0.00162492    0.00174256    0.00128268    0.00145622    0.00478431    0.00245352    0.00000000 
max(|Force|)     :   0.00161362    0.00068798    0.00160052    0.00192021    0.00175184    0.00122025    0.00150675    0.00887688    0.01186176    0.00144002 
ksp              :   0.01000000    0.01000000    0.01000000    0.01000000    0.01000000    0.01000000    0.01000000    0.01000000    0.01000000 
max(|step|)      :   0.00000000    0.01538401    0.02596369    0.01926665    0.02163670    0.02212366    0.02389177    0.01019350    0.01062233    0.00000000 
angle (deg.)     :    10.0795  6.8602  7.0112  7.9322  7.9728  12.6332  81.3835  68.6641 
>
iteration       : 37
climbing        : no
zoom on         : no
nim             : 10
barrier         :   0.00000000 (image:  0) 
distance        :   0.00000000    2.33263550    4.55323059    6.59986083    8.61512110   10.79307536   13.20680366   15.76918995   18.44279152   21.14023508 
energy          : -1075.54974314  -1075.55350272  -1075.55673234  -1075.56041011  -1075.56426774  -1075.56782572  -1075.57055002  -1075.56920730  -1075.56781730  -1075.58160718 
max(|Fr_perp|)   :   0.00000000    0.00083446    0.00148003    0.00229791    0.00213233    0.00144283    0.00204789    0.00753133    0.00432438    0.00000000 
Fr_paral         :   0.00000000    0.00142521    0.00176035    0.00204191    0.00197409    0.00153684    0.00076712   -0.01427895    0.02482358    0.00000000 
max(|Fsp_paral|) :   0.00000000    0.00035005    0.00060312    0.00011812    0.00065994    0.00102148    0.00062655    0.00047090    0.00010271    0.00000000 
max(|Fsp_perp|)  :   0.00000000    0.00000000    0.00000000    0.00000000    0.00000000    0.00000000    0.00000000    0.00000000    0.00000000    0.00000000 
max(|FNEB|)      :   0.00000000    0.00108902    0.00164615    0.00233193    0.00192063    0.00142458    0.00197074    0.00744325    0.00443858    0.00000000 
max(|Force|)     :   0.00161362    0.00082470    0.00182547    0.00217020    0.00187735    0.00139743    0.00200963    0.01055264    0.01393803    0.00144002 
ksp              :   0.01000000    0.01000000    0.01000000    0.01000000    0.01000000    0.01000000    0.01000000    0.01000000    0.01000000 
max(|step|)      :   0.00000000    0.04455596    0.07177112    0.06003761    0.06257011    0.06332959    0.06609284    0.02492910    0.02391573    0.00000000 
angle (deg.)     :    11.6849  7.4148  7.4807  8.3260  8.5159  15.9360  79.0062  69.3068 
>
iteration       : 38
climbing        : no
zoom on         : no
nim             : 10
barrier         :   0.00000000 (image:  0) 
distance        :   0.00000000    2.29026993    4.46058169    6.60772710    8.72275951   10.95009371   13.33194885   15.84771366   18.51162656   21.21904341 
energy          : -1075.54974314  -1075.55355000  -1075.55676845  -1075.56064693  -1075.56472559  -1075.56837132  -1075.57096116  -1075.56845560  -1075.56792781  -1075.58160718 
max(|Fr_perp|)   :   0.00000000    0.00140846    0.00545352    0.00820122    0.00753872    0.00424902    0.00320546    0.01185073    0.00670058    0.00000000 
Fr_paral         :   0.00000000    0.00136967    0.00144934    0.00163085    0.00161348    0.00129739    0.00056701   -0.01707922    0.02472316    0.00000000 
max(|Fsp_paral|) :   0.00000000    0.00037971    0.00008110    0.00012127    0.00046002    0.00067610    0.00055565    0.00063786    0.00018863    0.00000000 
max(|Fsp_perp|)  :   0.00000000    0.00000000    0.00000000    0.00000000    0.00000000    0.00000000    0.00000000    0.00000000    0.00000000    0.00000000 
max(|FNEB|)      :   0.00000000    0.00141947    0.00541669    0.00816005    0.00765132    0.00433231    0.00311128    0.01174248    0.00688892    0.00000000 
max(|Force|)     :   0.00161362    0.00139838    0.00568161    0.00841712    0.00769841    0.00431958    0.00316694    0.01291249    0.01622422    0.00144002 
ksp              :   0.01000000    0.01000000    0.01000000    0.01000000    0.01000000    0.01000000    0.01000000    0.01000000    0.01000000 
max(|step|)      :   0.00000000    0.04765914    0.07725779    0.06173086    0.06777199    0.06805928    0.07110538    0.02495556    0.02179712    0.00000000 
angle (deg.)     :    13.6210  8.0747  7.8961  8.7129  9.1986  20.0358  76.3789  70.0442 
>
iteration       : 39
climbing        : no
zoom on         : no
nim             : 10
barrier         :   0.00000000 (image:  0) 
distance        :   0.00000000    2.24677388    4.36779549    6.62125280    8.84451856   11.12518029   13.47468118   15.95369314   18.60803582   21.32639195 
energy          : -1075.54974314  -1075.55360748  -1075.55683334  -1075.56098237  -1075.56526028  -1075.56889809  -1075.57134124  -1075.56797641  -1075.56839938  -1075.58160718 
max(|Fr_perp|)   :   0.00000000    0.00155658    0.00236981    0.00355231    0.00339922    0.00224510    0.00341834    0.01008760    0.00848491    0.00000000 
Fr_paral         :   0.00000000    0.00141981    0.00167141    0.00188684    0.00173700    0.00129313    0.00048122   -0.01758048    0.02373140    0.00000000 
max(|Fsp_paral|) :   0.00000000    0.00040350    0.00047218    0.00011461    0.00023753    0.00030474    0.00052690    0.00074481    0.00028118    0.00000000 
max(|Fsp_perp|)  :   0.00000000    0.00000000    0.00000000    0.00000000    0.00000000    0.00000000    0.00000000    0.00000000    0.00000000    0.00000000 
max(|FNEB|)      :   0.00000000    0.00155696    0.00255884    0.00358087    0.00332490    0.00228055    0.00330078    0.00996058    0.00845760    0.00000000 
max(|Force|)     :   0.00161362    0.00155960    0.00265543    0.00359641    0.00338912    0.00231118    0.00337593    0.01174379    0.01506476    0.00144002 
ksp              :   0.01000000    0.01000000    0.01000000    0.01000000    0.01000000    0.01000000    0.01000000    0.01000000    0.01000000 
max(|step|)      :   0.00000000    0.06190751    0.09397376    0.08596214    0.08202667    0.08438815    0.09063136    0.03120554    0.02418604    0.00000000 
angle (deg.)     :    16.2958  9.1720  8.4322  9.2238  10.1752  25.9592  73.2670  70.9892 
>
iteration       : 40
climbing        : no
zoom on         : no
nim             : 10
barrier         :   0.00000000 (image:  0) 
distance        :   0.00000000    2.19398547    4.26300634    6.64867672    9.01366676   11.36393925   13.67735179   16.14111791   18.78491986   21.51505164 
energy          : -1075.54974314  -1075.55364916  -1075.55675590  -1075.56116431  -1075.56573785  -1075.56937975  -1075.57171404  -1075.56770968  -1075.56929770  -1075.58160718 
max(|Fr_perp|)   :   0.00000000    0.00332408    0.00364256    0.00595786    0.00530506    0.00404885    0.00440015    0.01039332    0.00996624    0.00000000 
Fr_paral         :   0.00000000    0.00145468    0.00180274    0.00216059    0.00195289    0.00134669    0.00055982   -0.01562420    0.02134526    0.00000000 
max(|Fsp_paral|) :   0.00000000    0.00040707    0.00115091    0.00007883    0.00006153    0.00016500    0.00059251    0.00069753    0.00038955    0.00000000 
max(|Fsp_perp|)  :   0.00000000    0.00000000    0.00000000    0.00000000    0.00000000    0.00000000    0.00000000    0.00000000    0.00000000    0.00000000 
max(|FNEB|)      :   0.00000000    0.00332577    0.00405433    0.00591804    0.00528951    0.00404448    0.00439707    0.01005094    0.00997557    0.00000000 
max(|Force|)     :   0.00161362    0.00331896    0.00365972    0.00639247    0.00554375    0.00404899    0.00440032    0.01323683    0.00988917    0.00144002 
ksp              :   0.01000000    0.01000000    0.01000000    0.01000000    0.01000000    0.01000000    0.01000000    0.01000000    0.01000000 
max(|step|)      :   0.00000000    0.02402631    0.03153803    0.03589687    0.02967208    0.03099043    0.03184643    0.02619090    0.01784971    0.00000000 
angle (deg.)     :    17.3182  9.6669  8.6599  9.4381  10.5454  28.3765  72.4925  71.3385 
>
iteration       : 41
climbing        : no
zoom on         : no
nim             : 10
barrier         :   0.00000000 (image:  0) 
distance        :   0.00000000    2.17387705    4.23360612    6.66213291    9.08056308   11.45685019   13.76177278   16.23740335   18.88045627   21.61124245 
energy          : -1075.54974314  -1075.55366756  -1075.55677790  -1075.56130271  -1075.56594671  -1075.56956802  -1075.57189549  -1075.56779827  -1075.56982629  -1075.58160718 
max(|Fr_perp|)   :   0.00000000    0.00198074    0.00217985    0.00208773    0.00200625    0.00238262    0.00258288    0.00528942    0.00496861    0.00000000 
Fr_paral         :   0.00000000    0.00148440    0.00175325    0.00202480    0.00183828    0.00130137    0.00068101   -0.01281932    0.01954212    0.00000000 
max(|Fsp_paral|) :   0.00000000    0.00037357    0.00134375    0.00003849    0.00017662    0.00032027    0.00066391    0.00063298    0.00039936    0.00000000 
max(|Fsp_perp|)  :   0.00000000    0.00000000    0.00000000    0.00000000    0.00000000    0.00000000    0.00000000    0.00000000    0.00000000    0.00000000 
max(|FNEB|)      :   0.00000000    0.00197983    0.00218515    0.00208939    0.00201109    0.00238744    0.00258580    0.00466843    0.00491506    0.00000000 
max(|Force|)     :   0.00161362    0.00198385    0.00218035    0.00208860    0.00200561    0.00238218    0.00258262    0.01013610    0.00967503    0.00144002 
ksp              :   0.01000000    0.01000000    0.01000000    0.01000000    0.01000000    0.01000000    0.01000000    0.01000000    0.01000000 
max(|step|)      :   0.00000000    0.00905935    0.01610735    0.01224234    0.01336000    0.01351242    0.01499679    0.00738754    0.00468867    0.00000000 
angle (deg.)     :    16.8870  9.4941  8.5752  9.3590  10.3767  27.5133  73.0976  71.1425 
>
iteration       : 42
climbing        : no
zoom on         : no
nim             : 10
barrier         :   0.00000000 (image:  0) 
distance        :   0.00000000    2.17921712    4.25339372    6.65643377    9.05300383   11.41814993   13.73158021   16.21180447   18.85792178   21.58244217 
energy          : -1075.54974314  -1075.55367687  -1075.55681855  -1075.56129890  -1075.56590708  -1075.56953467  -1075.57189954  -1075.56805373  -1075.56986556  -1075.58160718 
max(|Fr_perp|)   :   0.00000000    0.00045289    0.00154209    0.00187026    0.00144294    0.00131760    0.00088771    0.00395601    0.00256455    0.00000000 
Fr_paral         :   0.00000000    0.00150963    0.00178578    0.00206432    0.00189385    0.00135725    0.00066523   -0.01260262    0.01980246    0.00000000 
max(|Fsp_paral|) :   0.00000000    0.00034316    0.00119546    0.00002466    0.00013150    0.00023170    0.00065479    0.00063217    0.00035508    0.00000000 
max(|Fsp_perp|)  :   0.00000000    0.00000000    0.00000000    0.00000000    0.00000000    0.00000000    0.00000000    0.00000000    0.00000000    0.00000000 
max(|FNEB|)      :   0.00000000    0.00066042    0.00205970    0.00189794    0.00157883    0.00120956    0.00117122    0.00333569    0.00255974    0.00000000 
max(|Force|)     :   0.00161362    0.00062457    0.00151392    0.00237564    0.00215506    0.00159519    0.00086561    0.00875848    0.00942272    0.00144002 
ksp              :   0.01000000    0.01000000    0.01000000    0.01000000    0.01000000    0.01000000    0.01000000    0.01000000    0.01000000 
max(|step|)      :   0.00000000    0.00193831    0.00711092    0.00487250    0.00538780    0.00472445    0.00588904    0.01327783    0.00725130    0.00000000 
angle (deg.)     :    16.7789  9.5009  8.5469  9.3551  10.3424  27.3065  73.6400  70.9882 
>
iteration       : 43
climbing        : no
zoom on         : no
nim             : 10
barrier         :   0.00000000 (image:  0) 
distance        :   0.00000000    2.17746981    4.26938187    6.65534469    9.04551192   11.40724220   13.73022312   16.22258658   18.87372885   21.58804405 
energy          : -1075.54974314  -1075.55367643  -1075.55685259  -1075.56130877  -1075.56590718  -1075.56953268  -1075.57191666  -1075.56821008  -1075.56998902  -1075.58160718 
max(|Fr_perp|)   :   0.00000000    0.00062315    0.00090741    0.00135661    0.00118610    0.00103122    0.00081112    0.00318716    0.00200978    0.00000000 
Fr_paral         :   0.00000000    0.00150413    0.00175680    0.00200032    0.00177872    0.00124608    0.00067431   -0.01248186    0.02005450    0.00000000 
max(|Fsp_paral|) :   0.00000000    0.00027946    0.00106967    0.00001604    0.00011901    0.00017366    0.00066770    0.00060876    0.00028482    0.00000000 
max(|Fsp_perp|)  :   0.00000000    0.00000000    0.00000000    0.00000000    0.00000000    0.00000000    0.00000000    0.00000000    0.00000000    0.00000000 
max(|FNEB|)      :   0.00000000    0.00071557    0.00142729    0.00136281    0.00115971    0.00102388    0.00091067    0.00288443    0.00199805    0.00000000 
max(|Force|)     :   0.00161362    0.00061819    0.00121923    0.00162601    0.00135582    0.00105133    0.00081134    0.00591891    0.00918326    0.00144002 
ksp              :   0.01000000    0.01000000    0.01000000    0.01000000    0.01000000    0.01000000    0.01000000    0.01000000    0.01000000 
max(|step|)      :   0.00000000    0.00577460    0.00635660    0.00868670    0.00759210    0.00697086    0.00899128    0.01162515    0.00642728    0.00000000 
angle (deg.)     :    17.0151  9.6731  8.5995  9.4081  10.4094  27.7911  74.0194  70.9145 
>
iteration       : 44
climbing        : no
zoom on         : no
nim             : 10
barrier         :   0.00000000 (image:  0) 
distance        :   0.00000000    2.16945306    4.27739730    6.65906811    9.05907971   11.42552971   13.75634396   16.26533613   18.92235710   21.62573189 
energy          : -1075.54974314  -1075.55367213  -1075.55687502  -1075.56133208  -1075.56594700  -1075.56956887  -1075.57194651  -1075.56817576  -1075.57016320  -1075.58160718 
max(|Fr_perp|)   :   0.00000000    0.00108349    0.00177293    0.00182569    0.00105544    0.00124061    0.00134730    0.00216152    0.00207485    0.00000000 
Fr_paral         :   0.00000000    0.00146919    0.00168035    0.00193046    0.00176867    0.00128366    0.00068026   -0.01177608    0.01991105    0.00000000 
max(|Fsp_paral|) :   0.00000000    0.00020118    0.00099788    0.00007012    0.00014049    0.00015984    0.00069986    0.00056643    0.00020897    0.00000000 
max(|Fsp_perp|)  :   0.00000000    0.00000000    0.00000000    0.00000000    0.00000000    0.00000000    0.00000000    0.00000000    0.00000000    0.00000000 
max(|FNEB|)      :   0.00000000    0.00108439    0.00166238    0.00181377    0.00105317    0.00123628    0.00134453    0.00214004    0.00208634    0.00000000 
max(|Force|)     :   0.00161362    0.00107843    0.00165207    0.00170625    0.00142560    0.00124082    0.00134753    0.00641891    0.00921236    0.00144002 
ksp              :   0.01000000    0.01000000    0.01000000    0.01000000    0.01000000    0.01000000    0.01000000    0.01000000    0.01000000 
max(|step|)      :   0.00000000    0.01619357    0.01678796    0.02126825    0.01967365    0.02010878    0.02256647    0.02063579    0.01054940    0.00000000 
angle (deg.)     :    17.6984  10.0423  8.7050  9.5422  10.6549  29.0454  74.6242  70.8067 
>
iteration       : 45
climbing        : no
zoom on         : no
nim             : 10
barrier         :   0.00000000 (image:  0) 
distance        :   0.00000000    2.15184376    4.28634690    6.66951565    9.09729296   11.47811750   13.82252255   16.36408263   19.03283758   21.71640621 
energy          : -1075.54974314  -1075.55366538  -1075.55691231  -1075.56138409  -1075.56604288  -1075.56965399  -1075.57200896  -1075.56798080  -1075.57048653  -1075.58160718 
max(|Fr_perp|)   :   0.00000000    0.00060099    0.00129421    0.00164109    0.00161266    0.00130871    0.00106695    0.00324137    0.00212719    0.00000000 
Fr_paral         :   0.00000000    0.00149240    0.00178710    0.00201833    0.00175778    0.00120162    0.00070422   -0.01051500    0.01966072    0.00000000 
max(|Fsp_paral|) :   0.00000000    0.00005692    0.00091184    0.00017128    0.00019690    0.00016378    0.00076577    0.00048192    0.00006708    0.00000000 
max(|Fsp_perp|)  :   0.00000000    0.00000000    0.00000000    0.00000000    0.00000000    0.00000000    0.00000000    0.00000000    0.00000000    0.00000000 
max(|FNEB|)      :   0.00000000    0.00060330    0.00194306    0.00163617    0.00170283    0.00134485    0.00128510    0.00324907    0.00210456    0.00000000 
max(|Force|)     :   0.00161362    0.00063585    0.00174007    0.00217454    0.00178696    0.00118668    0.00114370    0.00634010    0.00921855    0.00144002 
ksp              :   0.01000000    0.01000000    0.01000000    0.01000000    0.01000000    0.01000000    0.01000000    0.01000000    0.01000000 
max(|step|)      :   0.00000000    0.01855460    0.02094377    0.02724281    0.02392419    0.02324913    0.02845648    0.02564431    0.01342518    0.00000000 
angle (deg.)     :    18.5543  10.5289  8.8709  9.6963  10.9252  30.3863  75.6341  70.5555 
>
iteration       : 46
climbing        : no
zoom on         : no
nim             : 10
barrier         :   0.00000000 (image:  0) 
distance        :   0.00000000    2.13166652    4.30381964    6.68508842    9.14374231   11.54206121   13.90807627   16.49353988   19.17982470   21.83563778 
energy          : -1075.54974314  -1075.55365694  -1075.55695958  -1075.56144462  -1075.56615189  -1075.56975215  -1075.57209247  -1075.56780691  -1075.57085729  -1075.58160718 
max(|Fr_perp|)   :   0.00000000    0.00081379    0.00200889    0.00188235    0.00155106    0.00117527    0.00141878    0.00465140    0.00281595    0.00000000 
Fr_paral         :   0.00000000    0.00145161    0.00168487    0.00193869    0.00174848    0.00124578    0.00071989   -0.00922020    0.01949817    0.00000000 
max(|Fsp_paral|) :   0.00000000    0.00013331    0.00077192    0.00029859    0.00025335    0.00014561    0.00084139    0.00038050    0.00013909    0.00000000 
max(|Fsp_perp|)  :   0.00000000    0.00000000    0.00000000    0.00000000    0.00000000    0.00000000    0.00000000    0.00000000    0.00000000    0.00000000 
max(|FNEB|)      :   0.00000000    0.00078363    0.00203210    0.00183478    0.00160596    0.00118848    0.00160419    0.00501919    0.00284014    0.00000000 
max(|Force|)     :   0.00161362    0.00079051    0.00202878    0.00199040    0.00138808    0.00112058    0.00143620    0.00561030    0.00917965    0.00144002 
ksp              :   0.01000000    0.01000000    0.01000000    0.01000000    0.01000000    0.01000000    0.01000000    0.01000000    0.01000000 
max(|step|)      :   0.00000000    0.02972189    0.03281482    0.04403627    0.03888122    0.03703397    0.04851626    0.04633715    0.02180807    0.00000000 
angle (deg.)     :    20.0047  11.2591  9.1348  9.9426  11.3888  32.2791  77.5956  70.0171 
>
iteration       : 47
climbing        : no
zoom on         : no
nim             : 10
barrier         :   0.00000000 (image:  0) 
distance        :   0.00000000    2.10214813    4.34273499    6.71459740    9.21743564   11.64404856   14.05339178   16.71722043   19.43775402   22.04397901 
energy          : -1075.54974314  -1075.55364401  -1075.55704679  -1075.56154146  -1075.56630411  -1075.56988800  -1075.57222749  -1075.56757524  -1075.57142756  -1075.58160718 
max(|Fr_perp|)   :   0.00000000    0.00057443    0.00116261    0.00098130    0.00090153    0.00097634    0.00111862    0.00925567    0.00384615    0.00000000 
Fr_paral         :   0.00000000    0.00144875    0.00171762    0.00194549    0.00170203    0.00118047    0.00077045   -0.00732604    0.01934372    0.00000000 
max(|Fsp_paral|) :   0.00000000    0.00045808    0.00048931    0.00050969    0.00032074    0.00007810    0.00095692    0.00021947    0.00052893    0.00000000 
max(|Fsp_perp|)  :   0.00000000    0.00000000    0.00000000    0.00000000    0.00000000    0.00000000    0.00000000    0.00000000    0.00000000    0.00000000 
max(|FNEB|)      :   0.00000000    0.00057329    0.00116358    0.00138905    0.00099540    0.00097240    0.00125696    0.00935850    0.00374796    0.00000000 
max(|Force|)     :   0.00161362    0.00057623    0.00116729    0.00163103    0.00152008    0.00098356    0.00116159    0.00798585    0.00950816    0.00144002 
ksp              :   0.01000000    0.01000000    0.01000000    0.01000000    0.01000000    0.01000000    0.01000000    0.01000000    0.01000000 
max(|step|)      :   0.00000000    0.01371444    0.03183728    0.02440180    0.02393957    0.01621703    0.03707775    0.05406786    0.02507752    0.00000000 
angle (deg.)     :    20.8251  11.6877  9.3152  10.0299  11.5752  32.5259  80.6148  68.9733 
>
iteration       : 48
climbing        : no
zoom on         : no
nim             : 10
barrier         :   0.00000000 (image:  0) 
distance        :   0.00000000    2.08605337    4.41965305    6.73885001    9.24112847   11.67871789   14.15402569   16.90015882   19.66632355   22.21008283 
energy          : -1075.54974314  -1075.55363795  -1075.55718852  -1075.56160347  -1075.56635457  -1075.56994349  -1075.57233269  -1075.56758003  -1075.57192104  -1075.58160718 
max(|Fr_perp|)   :   0.00000000    0.00198711    0.00262382    0.00322869    0.00353872    0.00273845    0.00258392    0.00559817    0.00462852    0.00000000 
Fr_paral         :   0.00000000    0.00145183    0.00176238    0.00204060    0.00189037    0.00134368    0.00070997   -0.00592011    0.01957128    0.00000000 
max(|Fsp_paral|) :   0.00000000    0.00082027    0.00005405    0.00071847    0.00027202    0.00017052    0.00101450    0.00007886    0.00103275    0.00000000 
max(|Fsp_perp|)  :   0.00000000    0.00000000    0.00000000    0.00000000    0.00000000    0.00000000    0.00000000    0.00000000    0.00000000    0.00000000 
max(|FNEB|)      :   0.00000000    0.00199731    0.00266803    0.00340549    0.00359408    0.00281197    0.00258569    0.00566421    0.00469824    0.00000000 
max(|Force|)     :   0.00161362    0.00199091    0.00258479    0.00346027    0.00336945    0.00301060    0.00258359    0.00654495    0.00963283    0.00144002 
ksp              :   0.01000000    0.01000000    0.01000000    0.01000000    0.01000000    0.01000000    0.01000000    0.01000000    0.01000000 
max(|step|)      :   0.00000000    0.00881464    0.02192006    0.01628595    0.01611131    0.01359618    0.02640208    0.03616513    0.01266105    0.00000000 
angle (deg.)     :    21.4661  11.9494  9.4822  10.0995  11.7537  32.6217  82.3869  68.2213 
>
iteration       : 49
climbing        : no
zoom on         : no
nim             : 10
barrier         :   0.00000000 (image:  0) 
distance        :   0.00000000    2.08100289    4.46791547    6.76003450    9.25907401   11.70717224   14.22862719   17.02339247   19.81762800   22.32270905 
energy          : -1075.54974314  -1075.55365222  -1075.55729261  -1075.56167488  -1075.56641587  -1075.57000414  -1075.57240397  -1075.56765661  -1075.57227447  -1075.58160718 
max(|Fr_perp|)   :   0.00000000    0.00069572    0.00186528    0.00255912    0.00259265    0.00196002    0.00119485    0.00397831    0.00228777    0.00000000 
Fr_paral         :   0.00000000    0.00145266    0.00171701    0.00195481    0.00173190    0.00121947    0.00067690   -0.00598887    0.01949690    0.00000000 
max(|Fsp_paral|) :   0.00000000    0.00101293    0.00035801    0.00081653    0.00021440    0.00033189    0.00102215    0.00000210    0.00133928    0.00000000 
max(|Fsp_perp|)  :   0.00000000    0.00000000    0.00000000    0.00000000    0.00000000    0.00000000    0.00000000    0.00000000    0.00000000    0.00000000 
max(|FNEB|)      :   0.00000000    0.00111993    0.00204846    0.00228185    0.00263511    0.00192981    0.00132668    0.00397019    0.00245983    0.00000000 
max(|Force|)     :   0.00161362    0.00089684    0.00198877    0.00229689    0.00244034    0.00191154    0.00122729    0.00624787    0.00910217    0.00144002 
ksp              :   0.01000000    0.01000000    0.01000000    0.01000000    0.01000000    0.01000000    0.01000000    0.01000000    0.01000000 
max(|step|)      :   0.00000000    0.00859243    0.03296980    0.02017834    0.01847546    0.01314527    0.03011965    0.05114287    0.01635753    0.00000000 
angle (deg.)     :    22.0306  12.1166  9.6963  10.1071  11.8794  32.0527  85.0781  66.9808 
>
iteration       : 50
climbing        : no
zoom on         : no
nim             : 10
barrier         :   0.00000000 (image:  0) 
distance        :   0.00000000    2.08490338    4.54546683    6.78691045    9.25703402   11.71201085   14.30529909   17.16357553   19.99883316   22.45037827 
energy          : -1075.54974314  -1075.55367621  -1075.55744397  -1075.56174391  -1075.56643637  -1075.57003599  -1075.57246566  -1075.56774480  -1075.57243081  -1075.58160718 
max(|Fr_perp|)   :   0.00000000    0.00061795    0.00136189    0.00140262    0.00151262    0.00167523    0.00165112    0.00344178    0.00440444    0.00000000 
Fr_paral         :   0.00000000    0.00146857    0.00174540    0.00194804    0.00167107    0.00112294    0.00059562   -0.00636909    0.01928567    0.00000000 
max(|Fsp_paral|) :   0.00000000    0.00124181    0.00083320    0.00090972    0.00006371    0.00062520    0.00099420    0.00009170    0.00174948    0.00000000 
max(|Fsp_perp|)  :   0.00000000    0.00000000    0.00000000    0.00000000    0.00000000    0.00000000    0.00000000    0.00000000    0.00000000    0.00000000 
max(|FNEB|)      :   0.00000000    0.00107183    0.00182321    0.00175630    0.00151549    0.00167122    0.00153175    0.00343314    0.00443607    0.00000000 
max(|Force|)     :   0.00161362    0.00070346    0.00135570    0.00163084    0.00150406    0.00166933    0.00157871    0.00503230    0.01078089    0.00144002 
ksp              :   0.01000000    0.01000000    0.01000000    0.01000000    0.01000000    0.01000000    0.01000000    0.01000000    0.01000000 
max(|step|)      :   0.00000000    0.00780105    0.02419264    0.01738680    0.01252224    0.00901371    0.02448061    0.04050373    0.01371157    0.00000000 
angle (deg.)     :    22.5535  12.2147  9.9313  10.1118  11.9955  31.6998  87.0339  65.9790 
>
iteration       : 51
climbing        : no
zoom on         : no
nim             : 10
barrier         :   0.00000000 (image:  0) 
distance        :   0.00000000    2.09309338    4.60229579    6.81193608    9.25795705   11.72076978   14.37029071   17.27841334   20.14531409   22.55884990 
energy          : -1075.54974314  -1075.55369908  -1075.55755230  -1075.56179840  -1075.56644392  -1075.57005764  -1075.57251787  -1075.56780545  -1075.57247662  -1075.58160718 
max(|Fr_perp|)   :   0.00000000    0.00159104    0.00170199    0.00223651    0.00173138    0.00175979    0.00191712    0.00282134    0.00414213    0.00000000 
Fr_paral         :   0.00000000    0.00144749    0.00168526    0.00186958    0.00162268    0.00112358    0.00053402   -0.00677803    0.01876011    0.00000000 
max(|Fsp_paral|) :   0.00000000    0.00137282    0.00114593    0.00094660    0.00007059    0.00084303    0.00097175    0.00016430    0.00202988    0.00000000 
max(|Fsp_perp|)  :   0.00000000    0.00000000    0.00000000    0.00000000    0.00000000    0.00000000    0.00000000    0.00000000    0.00000000    0.00000000 
max(|FNEB|)      :   0.00000000    0.00157104    0.00262837    0.00208973    0.00171226    0.00175626    0.00191553    0.00281603    0.00414047    0.00000000 
max(|Force|)     :   0.00161362    0.00158570    0.00170080    0.00202468    0.00156412    0.00175986    0.00191738    0.00465964    0.01046187    0.00144002 
ksp              :   0.01000000    0.01000000    0.01000000    0.01000000    0.01000000    0.01000000    0.01000000    0.01000000    0.01000000 
max(|step|)      :   0.00000000    0.01537258    0.02022663    0.03026560    0.02842572    0.02586787    0.04380014    0.04897359    0.02019279    0.00000000 
angle (deg.)     :    23.8961  12.4923  10.3605  10.2341  12.3839  32.3658  88.6410  64.9409 
>
iteration       : 52
climbing        : no
zoom on         : no
nim             : 10
barrier         :   0.00000000 (image:  0) 
distance        :   0.00000000    2.10165497    4.64745908    6.85801357    9.30546453   11.79587890   14.50431471   17.47491226   20.37495863   22.75130274 
energy          : -1075.54974314  -1075.55372416  -1075.55761128  -1075.56186006  -1075.56649312  -1075.57011718  -1075.57259048  -1075.56772947  -1075.57261472  -1075.58160718 
max(|Fr_perp|)   :   0.00000000    0.00147510    0.00366418    0.00436079    0.00292212    0.00218190    0.00180876    0.00333716    0.00450210    0.00000000 
Fr_paral         :   0.00000000    0.00141471    0.00161637    0.00176879    0.00145756    0.00099595    0.00053314   -0.00739329    0.01802142    0.00000000 
max(|Fsp_paral|) :   0.00000000    0.00146163    0.00129600    0.00095627    0.00018079    0.00098509    0.00097597    0.00028246    0.00229660    0.00000000 
max(|Fsp_perp|)  :   0.00000000    0.00000000    0.00000000    0.00000000    0.00000000    0.00000000    0.00000000    0.00000000    0.00000000    0.00000000 
max(|FNEB|)      :   0.00000000    0.00148370    0.00285390    0.00526503    0.00309858    0.00222568    0.00180730    0.00332566    0.00449781    0.00000000 
max(|Force|)     :   0.00161362    0.00146983    0.00412712    0.00503829    0.00353546    0.00220365    0.00180904    0.00421317    0.00925168    0.00144002 
ksp              :   0.01000000    0.01000000    0.01000000    0.01000000    0.01000000    0.01000000    0.01000000    0.01000000    0.01000000 
max(|step|)      :   0.00000000    0.03350682    0.04999540    0.07156677    0.06569083    0.05512414    0.09430691    0.10000000    0.04514328    0.00000000 
angle (deg.)     :    26.8101  13.0146  11.3325  10.4703  13.1830  33.9376  91.6310  62.6830 
>
iteration       : 53
climbing        : no
zoom on         : no
nim             : 10
barrier         :   0.00000000 (image:  0) 
distance        :   0.00000000    2.12956018    4.73425924    6.96384030    9.41758117   11.96959671   14.79574981   17.89817032   20.86806464   23.17888868 
energy          : -1075.54974314  -1075.55376811  -1075.55770160  -1075.56198278  -1075.56658016  -1075.57020749  -1075.57266851  -1075.56723399  -1075.57268953  -1075.58160718 
max(|Fr_perp|)   :   0.00000000    0.00090588    0.00326205    0.00459933    0.00447956    0.00319478    0.00195730    0.00341589    0.00583891    0.00000000 
Fr_paral         :   0.00000000    0.00138477    0.00174358    0.00196734    0.00182851    0.00126605    0.00050375   -0.00796584    0.01672932    0.00000000 
max(|Fsp_paral|) :   0.00000000    0.00155115    0.00147247    0.00091597    0.00041337    0.00123481    0.00099780    0.00053482    0.00277155    0.00000000 
max(|Fsp_perp|)  :   0.00000000    0.00000000    0.00000000    0.00000000    0.00000000    0.00000000    0.00000000    0.00000000    0.00000000    0.00000000 
max(|FNEB|)      :   0.00000000    0.00156467    0.00415600    0.00450247    0.00459937    0.00339307    0.00205612    0.00363596    0.00600460    0.00000000 
max(|Force|)     :   0.00161362    0.00112387    0.00305001    0.00453805    0.00453383    0.00328580    0.00206478    0.00550188    0.00820049    0.00144002 
ksp              :   0.01000000    0.01000000    0.01000000    0.01000000    0.01000000    0.01000000    0.01000000    0.01000000    0.01000000 
max(|step|)      :   0.00000000    0.00189391    0.00503050    0.00544987    0.00556717    0.00410704    0.00248876    0.00440104    0.00726808    0.00000000 
angle (deg.)     :    26.8665  12.9623  11.3564  10.4833  13.2258  33.8944  91.5996  62.5183 
>
iteration       : 54
climbing        : no
zoom on         : no
nim             : 10
barrier         :   0.00000000 (image:  0) 
distance        :   0.00000000    2.13530244    4.73037691    6.96695358    9.41927388   11.97380442   14.80014396   17.89992655   20.86503718   23.17917059 
energy          : -1075.54974314  -1075.55378547  -1075.55770622  -1075.56200870  -1075.56660747  -1075.57022718  -1075.57269261  -1075.56743533  -1075.57268979  -1075.58160718 
max(|Fr_perp|)   :   0.00000000    0.00105299    0.00343307    0.00404542    0.00289553    0.00221462    0.00203163    0.00368277    0.00619606    0.00000000 
Fr_paral         :   0.00000000    0.00136620    0.00159658    0.00175456    0.00142313    0.00092300    0.00053988   -0.00739450    0.01735291    0.00000000 
max(|Fsp_paral|) :   0.00000000    0.00150115    0.00141175    0.00088257    0.00042995    0.00122619    0.00099173    0.00054315    0.00274783    0.00000000 
max(|Fsp_perp|)  :   0.00000000    0.00000000    0.00000000    0.00000000    0.00000000    0.00000000    0.00000000    0.00000000    0.00000000    0.00000000 
max(|FNEB|)      :   0.00000000    0.00168296    0.00280689    0.00487623    0.00332166    0.00251341    0.00204689    0.00365505    0.00629417    0.00000000 
max(|Force|)     :   0.00161362    0.00124014    0.00389276    0.00472379    0.00349418    0.00220976    0.00203391    0.00579293    0.00894192    0.00144002 
ksp              :   0.01000000    0.01000000    0.01000000    0.01000000    0.01000000    0.01000000    0.01000000    0.01000000    0.01000000 
max(|step|)      :   0.00000000    0.00148997    0.00271732    0.00213270    0.00162846    0.00184921    0.00168215    0.00400113    0.00422328    0.00000000 
angle (deg.)     :    26.9248  12.9091  11.3802  10.4748  13.2445  33.8526  91.5551  62.3660 
>
iteration       : 55
climbing        : no
zoom on         : no
nim             : 10
barrier         :   0.00000000 (image:  0) 
distance        :   0.00000000    2.14090919    4.72658436    6.96975937    9.42041788   11.97684608   14.80288995   17.89986184   20.86011533   23.17785882 
energy          : -1075.54974314  -1075.55379951  -1075.55770696  -1075.56202838  -1075.56662598  -1075.57024231  -1075.57271195  -1075.56757890  -1075.57267018  -1075.58160718 
max(|Fr_perp|)   :   0.00000000    0.00102847    0.00332215    0.00391110    0.00275289    0.00208024    0.00142083    0.00266323    0.00429278    0.00000000 
Fr_paral         :   0.00000000    0.00136933    0.00160748    0.00176876    0.00143780    0.00093081    0.00053838   -0.00701011    0.01784957    0.00000000 
max(|Fsp_paral|) :   0.00000000    0.00145080    0.00135003    0.00084833    0.00044487    0.00121597    0.00098495    0.00055130    0.00272105    0.00000000 
max(|Fsp_perp|)  :   0.00000000    0.00000000    0.00000000    0.00000000    0.00000000    0.00000000    0.00000000    0.00000000    0.00000000    0.00000000 
max(|FNEB|)      :   0.00000000    0.00163873    0.00257588    0.00470984    0.00319384    0.00241185    0.00150430    0.00317637    0.00438423    0.00000000 
max(|Force|)     :   0.00161362    0.00121628    0.00378572    0.00459491    0.00335763    0.00198192    0.00142312    0.00525698    0.00871628    0.00144002 
ksp              :   0.01000000    0.01000000    0.01000000    0.01000000    0.01000000    0.01000000    0.01000000    0.01000000    0.01000000 
max(|step|)      :   0.00000000    0.01187065    0.02251199    0.02424723    0.01520981    0.01783343    0.01511892    0.03240809    0.02760287    0.00000000 
angle (deg.)     :    27.4720  12.4332  11.5942  10.4083  13.3989  33.4896  91.0056  61.2101 
>
iteration       : 56
climbing        : no
zoom on         : no
nim             : 10
barrier         :   0.00000000 (image:  0) 
distance        :   0.00000000    2.19045219    4.69395532    6.99450440    9.43134622   12.00410589   14.82716392   17.89655849   20.81190600   23.16768048 
energy          : -1075.54974314  -1075.55387275  -1075.55767215  -1075.56212219  -1075.56667354  -1075.57029862  -1075.57277067  -1075.56782689  -1075.57159630  -1075.58160718 
max(|Fr_perp|)   :   0.00000000    0.00100988    0.00371161    0.00450146    0.00433979    0.00378809    0.00194958    0.00366039    0.00790459    0.00000000 
Fr_paral         :   0.00000000    0.00136429    0.00179289    0.00205060    0.00190677    0.00131198    0.00046317   -0.00497124    0.02127653    0.00000000 
max(|Fsp_paral|) :   0.00000000    0.00101353    0.00080512    0.00055542    0.00056987    0.00112423    0.00089621    0.00061880    0.00241520    0.00000000 
max(|Fsp_perp|)  :   0.00000000    0.00000000    0.00000000    0.00000000    0.00000000    0.00000000    0.00000000    0.00000000    0.00000000    0.00000000 
max(|FNEB|)      :   0.00000000    0.00137889    0.00431247    0.00431643    0.00423291    0.00428142    0.00196314    0.00369927    0.00797975    0.00000000 
max(|Force|)     :   0.00161362    0.00112038    0.00318459    0.00422423    0.00419248    0.00404862    0.00195146    0.00459917    0.01112899    0.00144002 
ksp              :   0.01000000    0.01000000    0.01000000    0.01000000    0.01000000    0.01000000    0.01000000    0.01000000    0.01000000 
max(|step|)      :   0.00000000    0.01041300    0.01707528    0.01300027    0.01130348    0.01144357    0.01149873    0.02172142    0.02286076    0.00000000 
angle (deg.)     :    27.9051  12.0790  11.7528  10.4267  13.5779  33.2014  90.4022  60.5451 
>
iteration       : 57
climbing        : no
zoom on         : no
nim             : 10
barrier         :   0.00000000 (image:  0) 
distance        :   0.00000000    2.22849448    4.67005926    7.01396930    9.44247209   12.02900703   14.85078009   17.89528805   20.77436966   23.16588764 
energy          : -1075.54974314  -1075.55391855  -1075.55764428  -1075.56218577  -1075.56669832  -1075.57033445  -1075.57277724  -1075.56776827  -1075.57043491  -1075.58160718 
max(|Fr_perp|)   :   0.00000000    0.00171588    0.00450021    0.00529844    0.00463203    0.00504630    0.00470613    0.00892947    0.01655081    0.00000000 
Fr_paral         :   0.00000000    0.00131614    0.00162711    0.00176717    0.00137285    0.00086283    0.00046121   -0.00368889    0.02261896    0.00000000 
max(|Fsp_paral|) :   0.00000000    0.00068537    0.00039057    0.00034464    0.00066263    0.00105695    0.00080715    0.00065172    0.00211997    0.00000000 
max(|Fsp_perp|)  :   0.00000000    0.00000000    0.00000000    0.00000000    0.00000000    0.00000000    0.00000000    0.00000000    0.00000000    0.00000000 
max(|FNEB|)      :   0.00000000    0.00173971    0.00420780    0.00562050    0.00463704    0.00505456    0.00469191    0.00895328    0.01652970    0.00000000 
max(|Force|)     :   0.00161362    0.00173313    0.00498130    0.00598070    0.00463877    0.00505073    0.00470389    0.00897957    0.01678920    0.00144002 
ksp              :   0.01000000    0.01000000    0.01000000    0.01000000    0.01000000    0.01000000    0.01000000    0.01000000    0.01000000 
max(|step|)      :   0.00000000    0.00107169    0.00190214    0.00308029    0.00231617    0.00168524    0.00146960    0.00415132    0.00522943    0.00000000 
angle (deg.)     :    27.9246  12.0544  11.7605  10.4213  13.5791  33.1617  90.2680  60.5183 
>
iteration       : 58
climbing        : no
zoom on         : no
nim             : 10
barrier         :   0.00000000 (image:  0) 
distance        :   0.00000000    2.23083922    4.66891736    7.01486640    9.44347852   12.03058423   14.85196881   17.89226608   20.76719633   23.16250281 
energy          : -1075.54974314  -1075.55393439  -1075.55766521  -1075.56222823  -1075.56674933  -1075.57037406  -1075.57280858  -1075.56800880  -1075.57072226  -1075.58160718 
max(|Fr_perp|)   :   0.00000000    0.00089007    0.00188575    0.00218210    0.00238798    0.00261221    0.00245985    0.00463021    0.00792282    0.00000000 
Fr_paral         :   0.00000000    0.00134241    0.00170844    0.00188014    0.00155114    0.00100625    0.00045754   -0.00438168    0.02283074    0.00000000 
max(|Fsp_paral|) :   0.00000000    0.00066617    0.00036847    0.00033676    0.00066404    0.00105183    0.00079652    0.00065227    0.00207829    0.00000000 
max(|Fsp_perp|)  :   0.00000000    0.00000000    0.00000000    0.00000000    0.00000000    0.00000000    0.00000000    0.00000000    0.00000000    0.00000000 
max(|FNEB|)      :   0.00000000    0.00097582    0.00160897    0.00249683    0.00239319    0.00262061    0.00244679    0.00465810    0.00788931    0.00000000 
max(|Force|)     :   0.00161362    0.00090797    0.00239219    0.00290827    0.00239574    0.00261744    0.00245783    0.00478909    0.01148295    0.00144002 
ksp              :   0.01000000    0.01000000    0.01000000    0.01000000    0.01000000    0.01000000    0.01000000    0.01000000    0.01000000 
max(|step|)      :   0.00000000    0.01031253    0.01894596    0.01843827    0.01271773    0.01553694    0.01381179    0.02727896    0.02950769    0.00000000 
angle (deg.)     :    28.3869  11.6808  11.9283  10.4243  13.7369  32.7944  89.2466  60.0455 
>
iteration       : 59
climbing        : no
zoom on         : no
nim             : 10
barrier         :   0.00000000 (image:  0) 
distance        :   0.00000000    2.27128647    4.64541328    7.03469960    9.45736492   12.05806375   14.87684151   17.88122871   20.71228460   23.15550213 
energy          : -1075.54974314  -1075.55401085  -1075.55763916  -1075.56229933  -1075.56680843  -1075.57043452  -1075.57287127  -1075.56847101  -1075.56999875  -1075.58160718 
max(|Fr_perp|)   :   0.00000000    0.00085480    0.00281971    0.00391800    0.00359717    0.00249734    0.00120462    0.00277442    0.00510424    0.00000000 
Fr_paral         :   0.00000000    0.00137830    0.00182439    0.00204467    0.00179518    0.00120626    0.00043533   -0.00531401    0.02405875    0.00000000 
max(|Fsp_paral|) :   0.00000000    0.00032815    0.00006103    0.00013591    0.00074353    0.00097635    0.00068039    0.00069354    0.00166732    0.00000000 
max(|Fsp_perp|)  :   0.00000000    0.00000000    0.00000000    0.00000000    0.00000000    0.00000000    0.00000000    0.00000000    0.00000000    0.00000000 
max(|FNEB|)      :   0.00000000    0.00091865    0.00278972    0.00387115    0.00345835    0.00242113    0.00130059    0.00342189    0.00514096    0.00000000 
max(|Force|)     :   0.00161362    0.00096573    0.00246299    0.00363884    0.00345822    0.00245515    0.00122704    0.00476723    0.01127167    0.00144002 
ksp              :   0.01000000    0.01000000    0.01000000    0.01000000    0.01000000    0.01000000    0.01000000    0.01000000    0.01000000 
max(|step|)      :   0.00000000    0.01611080    0.02813159    0.02504459    0.01870710    0.02355687    0.02166489    0.04160938    0.04368111    0.00000000 
angle (deg.)     :    29.1756  11.1346  12.2001  10.4601  14.0147  32.2809  87.6730  59.6952 
>
iteration       : 60
climbing        : no
zoom on         : no
nim             : 10
barrier         :   0.00000000 (image:  0) 
distance        :   0.00000000    2.33446381    4.61006127    7.06661143    9.48108807   12.10353114   14.91849498   17.86897295   20.63827924   23.16281418 
energy          : -1075.54974314  -1075.55411318  -1075.55758675  -1075.56238161  -1075.56686511  -1075.57050898  -1075.57292474  -1075.56874748  -1075.56836120  -1075.58160718 
max(|Fr_perp|)   :   0.00000000    0.00091740    0.00290282    0.00417546    0.00395354    0.00281477    0.00231683    0.00441738    0.00935679    0.00000000 
Fr_paral         :   0.00000000    0.00138812    0.00185624    0.00209708    0.00184462    0.00124047    0.00040128   -0.00519173    0.02553952    0.00000000 
max(|Fsp_paral|) :   0.00000000    0.00018582    0.00073678    0.00017111    0.00086504    0.00085918    0.00049732    0.00077088    0.00104435    0.00000000 
max(|Fsp_perp|)  :   0.00000000    0.00000000    0.00000000    0.00000000    0.00000000    0.00000000    0.00000000    0.00000000    0.00000000    0.00000000 
max(|FNEB|)      :   0.00000000    0.00103031    0.00259561    0.00423175    0.00379177    0.00274751    0.00232368    0.00437931    0.00937383    0.00000000 
max(|Force|)     :   0.00161362    0.00095682    0.00260877    0.00388700    0.00381031    0.00277136    0.00231800    0.00463868    0.01160292    0.00144002 
ksp              :   0.01000000    0.01000000    0.01000000    0.01000000    0.01000000    0.01000000    0.01000000    0.01000000    0.01000000 
max(|step|)      :   0.00000000    0.02357862    0.03897544    0.03538538    0.03017492    0.03960371    0.03567568    0.08364199    0.07296465    0.00000000 
angle (deg.)     :    30.3587  10.4907  12.5891  10.6528  14.4714  31.4928  84.6309  60.7345 
>
iteration       : 61
climbing        : no
zoom on         : no
nim             : 10
barrier         :   0.00000000 (image:  0) 
distance        :   0.00000000    2.42248467    4.57158188    7.11111563    9.52989457   12.18335239   14.98989413   17.83678497   20.53496528   23.21611230 
energy          : -1075.54974314  -1075.55425732  -1075.55752054  -1075.56246522  -1075.56695805  -1075.57063761  -1075.57299020  -1075.56956204  -1075.56536777  -1075.58160718 
max(|Fr_perp|)   :   0.00000000    0.00097506    0.00277876    0.00417047    0.00321403    0.00190816    0.00092956    0.00306236    0.02043209    0.00000000 
Fr_paral         :   0.00000000    0.00139059    0.00187342    0.00214243    0.00179973    0.00116818    0.00036196   -0.00478502    0.02557441    0.00000000 
max(|Fsp_paral|) :   0.00000000    0.00084812    0.00161954    0.00048970    0.00096936    0.00068064    0.00015004    0.00061058    0.00007140    0.00000000 
max(|Fsp_perp|)  :   0.00000000    0.00000000    0.00000000    0.00000000    0.00000000    0.00000000    0.00000000    0.00000000    0.00000000    0.00000000 
max(|FNEB|)      :   0.00000000    0.00149030    0.00292134    0.00433597    0.00303161    0.00191952    0.00103001    0.00326744    0.02046620    0.00000000 
max(|Force|)     :   0.00161362    0.00091473    0.00242786    0.00387380    0.00307349    0.00191400    0.00101754    0.00373435    0.01967890    0.00144002 
ksp              :   0.01000000    0.01000000    0.01000000    0.01000000    0.01000000    0.01000000    0.01000000    0.01000000    0.01000000 
max(|step|)      :   0.00000000    0.02055112    0.03241389    0.03315188    0.03111639    0.03954080    0.03457958    0.08606423    0.07230970    0.00000000 
angle (deg.)     :    31.5319  10.0478  12.9694  10.9053  14.9287  30.9251  81.5315  63.4518 
>
iteration       : 62
climbing        : no
zoom on         : no
nim             : 10
barrier         :   0.00000000 (image:  0) 
distance        :   0.00000000    2.50162344    4.54429478    7.15255672    9.58411172   12.26596151   15.06275353   17.81045302   20.47067619   23.32923967 
energy          : -1075.54974314  -1075.55436537  -1075.55744073  -1075.56248172  -1075.56699184  -1075.57071248  -1075.57296559  -1075.56995746  -1075.56211126  -1075.58160718 
max(|Fr_perp|)   :   0.00000000    0.00135639    0.00239569    0.00309584    0.00365788    0.00399700    0.00364765    0.00693938    0.02354617    0.00000000 
Fr_paral         :   0.00000000    0.00136512    0.00179695    0.00209076    0.00178299    0.00115120    0.00032044   -0.00424581    0.02588922    0.00000000 
max(|Fsp_paral|) :   0.00000000    0.00140156    0.00238685    0.00071580    0.00102634    0.00050925    0.00018309    0.00036100    0.00081029    0.00000000 
max(|Fsp_perp|)  :   0.00000000    0.00000000    0.00000000    0.00000000    0.00000000    0.00000000    0.00000000    0.00000000    0.00000000    0.00000000 
max(|FNEB|)      :   0.00000000    0.00155431    0.00307385    0.00310629    0.00364903    0.00399407    0.00364908    0.00691740    0.02360306    0.00000000 
max(|Force|)     :   0.00161362    0.00133666    0.00238602    0.00308507    0.00364835    0.00399055    0.00364792    0.00685162    0.02397792    0.00144002 
ksp              :   0.01000000    0.01000000    0.01000000    0.01000000    0.01000000    0.01000000    0.01000000    0.01000000    0.01000000 
max(|step|)      :   0.00000000    0.01240511    0.02137654    0.01989283    0.01536584    0.01981638    0.01781513    0.03798213    0.03579170    0.00000000 
angle (deg.)     :    30.7555  10.3174  12.7383  10.8360  14.6734  31.1470  82.8673  62.4269 
>
iteration       : 63
climbing        : no
zoom on         : no
nim             : 10
barrier         :   0.00000000 (image:  0) 
distance        :   0.00000000    2.45291810    4.56739099    7.12636476    9.56062117   12.22558539   15.02529362   17.81467899   20.50114394   23.27517459 
energy          : -1075.54974314  -1075.55430573  -1075.55751741  -1075.56249835  -1075.56701624  -1075.57069862  -1075.57300064  -1075.56994468  -1075.56461706  -1075.58160718 
max(|Fr_perp|)   :   0.00000000    0.00053381    0.00103113    0.00145502    0.00135866    0.00074159    0.00104801    0.00333762    0.00381104    0.00000000 
Fr_paral         :   0.00000000    0.00138245    0.00181793    0.00206393    0.00170582    0.00108440    0.00035480   -0.00448976    0.02560448    0.00000000 
max(|Fsp_paral|) :   0.00000000    0.00104177    0.00185735    0.00050588    0.00094926    0.00059852    0.00003868    0.00042161    0.00036139    0.00000000 
max(|Fsp_perp|)  :   0.00000000    0.00000000    0.00000000    0.00000000    0.00000000    0.00000000    0.00000000    0.00000000    0.00000000    0.00000000 
max(|FNEB|)      :   0.00000000    0.00119712    0.00216328    0.00123307    0.00217798    0.00119549    0.00104739    0.00348047    0.00384525    0.00000000 
max(|Force|)     :   0.00161362    0.00070015    0.00106624    0.00204350    0.00196681    0.00110984    0.00105222    0.00397594    0.01255762    0.00144002 
ksp              :   0.01000000    0.01000000    0.01000000    0.01000000    0.01000000    0.01000000    0.01000000    0.01000000    0.01000000 
max(|step|)      :   0.00000000    0.00357094    0.00689181    0.00530324    0.00394211    0.00276625    0.00303523    0.00719971    0.00859357    0.00000000 
angle (deg.)     :    30.5156  10.4141  12.6787  10.8696  14.6183  31.1686  82.9130  62.6793 
>
iteration       : 64
climbing        : no
zoom on         : no
nim             : 10
barrier         :   0.00000000 (image:  0) 
distance        :   0.00000000    2.43874051    4.57846384    7.11876320    9.56046680   12.22095896   15.01925208   17.81028829   20.50867521   23.27600653 
energy          : -1075.54974314  -1075.55429001  -1075.55754747  -1075.56250298  -1075.56703598  -1075.57070205  -1075.57301113  -1075.56999233  -1075.56506243  -1075.58160718 
max(|Fr_perp|)   :   0.00000000    0.00040549    0.00097556    0.00116662    0.00107263    0.00081674    0.00085415    0.00244925    0.00197230    0.00000000 
Fr_paral         :   0.00000000    0.00138736    0.00180865    0.00202801    0.00166103    0.00105062    0.00036349   -0.00472504    0.02528673    0.00000000 
max(|Fsp_paral|) :   0.00000000    0.00092138    0.00167020    0.00040036    0.00090051    0.00061268    0.00002726    0.00037957    0.00028446    0.00000000 
max(|Fsp_perp|)  :   0.00000000    0.00000000    0.00000000    0.00000000    0.00000000    0.00000000    0.00000000    0.00000000    0.00000000    0.00000000 
max(|FNEB|)      :   0.00000000    0.00109087    0.00179625    0.00133467    0.00160478    0.00088785    0.00085390    0.00257948    0.00223573    0.00000000 
max(|Force|)     :   0.00161362    0.00057264    0.00094037    0.00153183    0.00142008    0.00078047    0.00085851    0.00313241    0.01240544    0.00144002 
ksp              :   0.01000000    0.01000000    0.01000000    0.01000000    0.01000000    0.01000000    0.01000000    0.01000000    0.01000000 
max(|step|)      :   0.00000000    0.00934305    0.01567893    0.01203395    0.01122195    0.00509798    0.00470681    0.01876367    0.01559925    0.00000000 
angle (deg.)     :    29.9921  10.6455  12.5648  11.0403  14.5376  31.1347  82.3703  64.1848 
>
iteration       : 65
climbing        : no
zoom on         : no
nim             : 10
barrier         :   0.00000000 (image:  0) 
distance        :   0.00000000    2.40911594    4.60968170    7.10333209    9.57249934   12.22456318   15.01508562   17.79058038   20.52079135   23.30721397 
energy          : -1075.54974314  -1075.55425699  -1075.55762657  -1075.56251263  -1075.56709439  -1075.57072306  -1075.57303352  -1075.57011526  -1075.56575499  -1075.58160718 
max(|Fr_perp|)   :   0.00000000    0.00062586    0.00135053    0.00128935    0.00155262    0.00164504    0.00149196    0.00281108    0.00650922    0.00000000 
Fr_paral         :   0.00000000    0.00140818    0.00180984    0.00198636    0.00158001    0.00099068    0.00036893   -0.00581081    0.02434813    0.00000000 
max(|Fsp_paral|) :   0.00000000    0.00064243    0.00121800    0.00009973    0.00075186    0.00061690    0.00005673    0.00018603    0.00023056    0.00000000 
max(|Fsp_perp|)  :   0.00000000    0.00000000    0.00000000    0.00000000    0.00000000    0.00000000    0.00000000    0.00000000    0.00000000    0.00000000 
max(|FNEB|)      :   0.00000000    0.00081870    0.00227734    0.00130646    0.00169815    0.00164905    0.00149023    0.00282241    0.00655662    0.00000000 
max(|Force|)     :   0.00161362    0.00083598    0.00192382    0.00185975    0.00167895    0.00165043    0.00149136    0.00477786    0.01170877    0.00144002 
ksp              :   0.01000000    0.01000000    0.01000000    0.01000000    0.01000000    0.01000000    0.01000000    0.01000000    0.01000000 
max(|step|)      :   0.00000000    0.01016986    0.01918379    0.01260263    0.01575416    0.01029357    0.00659631    0.02334154    0.02178920    0.00000000 
angle (deg.)     :    29.5338  10.8902  12.5310  11.2996  14.5018  31.0612  81.1327  66.6882 
>
iteration       : 66
climbing        : no
zoom on         : no
nim             : 10
barrier         :   0.00000000 (image:  0) 
distance        :   0.00000000    2.38454217    4.64627586    7.09327301    9.59934200   12.24609679   15.02219186   17.76280237   20.53069970   23.37580560 
energy          : -1075.54974314  -1075.55422991  -1075.55771732  -1075.56251768  -1075.56716924  -1075.57076681  -1075.57305472  -1075.57025348  -1075.56618357  -1075.58160718 
max(|Fr_perp|)   :   0.00000000    0.00093224    0.00164118    0.00352741    0.00254135    0.00278443    0.00257849    0.00436873    0.00617811    0.00000000 
Fr_paral         :   0.00000000    0.00140639    0.00177193    0.00188699    0.00156832    0.00101517    0.00036540   -0.00704991    0.02334489    0.00000000 
max(|Fsp_paral|) :   0.00000000    0.00037697    0.00076901    0.00024141    0.00057733    0.00057743    0.00013430    0.00011194    0.00031440    0.00000000 
max(|Fsp_perp|)  :   0.00000000    0.00000000    0.00000000    0.00000000    0.00000000    0.00000000    0.00000000    0.00000000    0.00000000    0.00000000 
max(|FNEB|)      :   0.00000000    0.00091367    0.00208809    0.00360808    0.00254526    0.00278804    0.00257725    0.00437398    0.00614183    0.00000000 
max(|Force|)     :   0.00161362    0.00095169    0.00206479    0.00378412    0.00254928    0.00278991    0.00257789    0.00601182    0.01111961    0.00144002 
ksp              :   0.01000000    0.01000000    0.01000000    0.01000000    0.01000000    0.01000000    0.01000000    0.01000000    0.01000000 
max(|step|)      :   0.00000000    0.02008068    0.03888610    0.02624062    0.03172155    0.02246931    0.01344959    0.04627810    0.04665530    0.00000000 
angle (deg.)     :    28.7353  11.4200  12.4261  11.8766  14.5053  31.0513  78.6292  71.9660 
>
iteration       : 67
climbing        : no
zoom on         : no
nim             : 10
barrier         :   0.00000000 (image:  0) 
distance        :   0.00000000    2.33823759    4.72084187    7.07856463    9.65783609   12.29601395   15.03946768   17.70879646   20.56563058   23.54480773 
energy          : -1075.54974314  -1075.55416665  -1075.55788712  -1075.56252286  -1075.56729907  -1075.57082847  -1075.57307279  -1075.57031095  -1075.56651634  -1075.58160718 
max(|Fr_perp|)   :   0.00000000    0.00132665    0.00238235    0.00435529    0.00245391    0.00351963    0.00264108    0.00577262    0.01472182    0.00000000 
Fr_paral         :   0.00000000    0.00148525    0.00196056    0.00214116    0.00150994    0.00090061    0.00032035   -0.00843107    0.02104290    0.00000000 
max(|Fsp_paral|) :   0.00000000    0.00013507    0.00010309    0.00090902    0.00023958    0.00047122    0.00027950    0.00075902    0.00049281    0.00000000 
max(|Fsp_perp|)  :   0.00000000    0.00000000    0.00000000    0.00000000    0.00000000    0.00000000    0.00000000    0.00000000    0.00000000    0.00000000 
max(|FNEB|)      :   0.00000000    0.00132481    0.00240564    0.00405238    0.00245325    0.00351829    0.00264158    0.00578030    0.01469900    0.00000000 
max(|Force|)     :   0.00161362    0.00147425    0.00222315    0.00406195    0.00244607    0.00351576    0.00264151    0.00752146    0.01465288    0.00144002 
ksp              :   0.01000000    0.01000000    0.01000000    0.01000000    0.01000000    0.01000000    0.01000000    0.01000000    0.01000000 
max(|step|)      :   0.00000000    0.00428875    0.00812426    0.00646047    0.00485069    0.00249904    0.00244313    0.01055942    0.00957174    0.00000000 
angle (deg.)     :    28.9538  11.2734  12.5368  11.7893  14.5322  31.0456  78.6286  71.4877 
>
iteration       : 68
climbing        : no
zoom on         : no
nim             : 10
barrier         :   0.00000000 (image:  0) 
distance        :   0.00000000    2.35417230    4.70617589    7.08818212    9.65542073   12.29852868   15.04350661   17.71625594   20.55588295   23.53274331 
energy          : -1075.54974314  -1075.55420014  -1075.55787059  -1075.56257375  -1075.56731150  -1075.57086550  -1075.57309532  -1075.57056557  -1075.56668482  -1075.58160718 
max(|Fr_perp|)   :   0.00000000    0.00025801    0.00037750    0.00058094    0.00037061    0.00046041    0.00065361    0.00417192    0.00323071    0.00000000 
Fr_paral         :   0.00000000    0.00145554    0.00187446    0.00202193    0.00161148    0.00103279    0.00033969   -0.00789086    0.02182717    0.00000000 
max(|Fsp_paral|) :   0.00000000    0.00000660    0.00012457    0.00075954    0.00030929    0.00045565    0.00027480    0.00067445    0.00055576    0.00000000 
max(|Fsp_perp|)  :   0.00000000    0.00000000    0.00000000    0.00000000    0.00000000    0.00000000    0.00000000    0.00000000    0.00000000    0.00000000 
max(|FNEB|)      :   0.00000000    0.00025414    0.00039548    0.00102027    0.00049849    0.00059042    0.00064563    0.00445844    0.00323101    0.00000000 
max(|Force|)     :   0.00161362    0.00048137    0.00089245    0.00106466    0.00084243    0.00060071    0.00065802    0.00598084    0.01005627    0.00144002 
ksp              :   0.01000000    0.01000000    0.01000000    0.01000000    0.01000000    0.01000000    0.01000000    0.01000000    0.01000000 
max(|step|)      :   0.00000000    0.00203687    0.00261160    0.00368833    0.00426245    0.00514850    0.00286627    0.00957656    0.00882665    0.00000000 
angle (deg.)     :    28.9923  11.2609  12.6036  11.8235  14.5587  31.0762  78.2101  72.0225 
>
iteration       : 69
climbing        : no
zoom on         : no
nim             : 10
barrier         :   0.00000000 (image:  0) 
distance        :   0.00000000    2.35846900    4.70770473    7.09431999    9.66370545   12.30931344   15.04908601   17.71372595   20.55667415   23.55441510 
energy          : -1075.54974314  -1075.55421049  -1075.55787673  -1075.56259181  -1075.56733290  -1075.57088263  -1075.57310496  -1075.57069783  -1075.56664496  -1075.58160718 
max(|Fr_perp|)   :   0.00000000    0.00029639    0.00049915    0.00036154    0.00056855    0.00070697    0.00055442    0.00324964    0.00272750    0.00000000 
Fr_paral         :   0.00000000    0.00145106    0.00186244    0.00200530    0.00165503    0.00107703    0.00034383   -0.00742503    0.02190489    0.00000000 
max(|Fsp_paral|) :   0.00000000    0.00002803    0.00015540    0.00074934    0.00031064    0.00042111    0.00028708    0.00072365    0.00062963    0.00000000 
max(|Fsp_perp|)  :   0.00000000    0.00000000    0.00000000    0.00000000    0.00000000    0.00000000    0.00000000    0.00000000    0.00000000    0.00000000 
max(|FNEB|)      :   0.00000000    0.00031353    0.00052322    0.00093080    0.00075545    0.00087966    0.00056434    0.00355062    0.00266108    0.00000000 
max(|Force|)     :   0.00161362    0.00041799    0.00088020    0.00100303    0.00098005    0.00090802    0.00055057    0.00522707    0.01023381    0.00144002 
ksp              :   0.01000000    0.01000000    0.01000000    0.01000000    0.01000000    0.01000000    0.01000000    0.01000000    0.01000000 
max(|step|)      :   0.00000000    0.00566268    0.01233932    0.00843148    0.01388296    0.01404248    0.00696360    0.02400491    0.02666052    0.00000000 
angle (deg.)     :    28.8476  11.4006  12.7292  12.0168  14.5967  31.2419  76.8521  74.3223 
>
iteration       : 70
climbing        : no
zoom on         : no
nim             : 10
barrier         :   0.00000000 (image:  0) 
distance        :   0.00000000    2.35284048    4.73036376    7.10540618    9.69374216   12.34160170   15.06096563   17.69886220   20.57537513   23.64127676 
energy          : -1075.54974314  -1075.55420951  -1075.55793282  -1075.56263211  -1075.56739754  -1075.57092929  -1075.57312384  -1075.57090759  -1075.56683720  -1075.58160718 
max(|Fr_perp|)   :   0.00000000    0.00047556    0.00078267    0.00056888    0.00113363    0.00149801    0.00076442    0.00238743    0.00763812    0.00000000 
Fr_paral         :   0.00000000    0.00145965    0.00186406    0.00199943    0.00168542    0.00110791    0.00034537   -0.00618488    0.02125823    0.00000000 
max(|Fsp_paral|) :   0.00000000    0.00007452    0.00001033    0.00087531    0.00024205    0.00031990    0.00031297    0.00098025    0.00077839    0.00000000 
max(|Fsp_perp|)  :   0.00000000    0.00000000    0.00000000    0.00000000    0.00000000    0.00000000    0.00000000    0.00000000    0.00000000    0.00000000 
max(|FNEB|)      :   0.00000000    0.00048286    0.00079356    0.00121395    0.00109507    0.00162710    0.00077490    0.00255190    0.00756483    0.00000000 
max(|Force|)     :   0.00161362    0.00065416    0.00121267    0.00116267    0.00136919    0.00170265    0.00076058    0.00348201    0.01025433    0.00144002 
ksp              :   0.01000000    0.01000000    0.01000000    0.01000000    0.01000000    0.01000000    0.01000000    0.01000000    0.01000000 
max(|step|)      :   0.00000000    0.00878476    0.01630463    0.01038548    0.01478690    0.01195186    0.00602553    0.01782999    0.02922674    0.00000000 
angle (deg.)     :    28.5539  11.6632  12.8682  12.2101  14.5703  31.5479  75.4893  76.7705 
>
iteration       : 71
climbing        : no
zoom on         : no
nim             : 10
barrier         :   0.00000000 (image:  0) 
distance        :   0.00000000    2.33498589    4.76247943    7.11759925    9.72445558   12.37068183   15.06462164   17.68414980   20.60654277   23.72959443 
energy          : -1075.54974314  -1075.55418658  -1075.55800236  -1075.56266351  -1075.56745055  -1075.57095924  -1075.57312808  -1075.57096948  -1075.56750176  -1075.58160718 
max(|Fr_perp|)   :   0.00000000    0.00138329    0.00234481    0.00317306    0.00373887    0.00407526    0.00388314    0.00567958    0.00715336    0.00000000 
Fr_paral         :   0.00000000    0.00146568    0.00183320    0.00193544    0.00168897    0.00113493    0.00034935   -0.00506388    0.01982351    0.00000000 
max(|Fsp_paral|) :   0.00000000    0.00027796    0.00030123    0.00103548    0.00015987    0.00021373    0.00028568    0.00124747    0.00083557    0.00000000 
max(|Fsp_perp|)  :   0.00000000    0.00000000    0.00000000    0.00000000    0.00000000    0.00000000    0.00000000    0.00000000    0.00000000    0.00000000 
max(|FNEB|)      :   0.00000000    0.00137216    0.00235069    0.00316331    0.00373957    0.00407548    0.00388429    0.00568564    0.00716941    0.00000000 
max(|Force|)     :   0.00161362    0.00136200    0.00233360    0.00316289    0.00373002    0.00406898    0.00388327    0.00565545    0.00975169    0.00144002 
ksp              :   0.01000000    0.01000000    0.01000000    0.01000000    0.01000000    0.01000000    0.01000000    0.01000000    0.01000000 
max(|step|)      :   0.00000000    0.00644866    0.01067593    0.00775792    0.00801783    0.00607510    0.00382259    0.01211685    0.02813593    0.00000000 
angle (deg.)     :    28.3047  11.8870  12.9265  12.3020  14.5131  31.8229  74.8120  78.0437 
>
iteration       : 72
climbing        : no
zoom on         : no
nim             : 10
barrier         :   0.00000000 (image:  0) 
distance        :   0.00000000    2.31687920    4.78502062    7.12523920    9.73929142   12.38182570   15.05908637   17.67769684   20.62928896   23.76926578 
energy          : -1075.54974314  -1075.55416507  -1075.55805956  -1075.56269210  -1075.56748690  -1075.57099283  -1075.57314025  -1075.57095707  -1075.56828451  -1075.58160718 
max(|Fr_perp|)   :   0.00000000    0.00028755    0.00046138    0.00049930    0.00064608    0.00073334    0.00058352    0.00146030    0.00216143    0.00000000 
Fr_paral         :   0.00000000    0.00149271    0.00186298    0.00196986    0.00162065    0.00106636    0.00035313   -0.00443579    0.01876590    0.00000000 
max(|Fsp_paral|) :   0.00000000    0.00045385    0.00053159    0.00112767    0.00011550    0.00015569    0.00022440    0.00136777    0.00079272    0.00000000 
max(|Fsp_perp|)  :   0.00000000    0.00000000    0.00000000    0.00000000    0.00000000    0.00000000    0.00000000    0.00000000    0.00000000    0.00000000 
max(|FNEB|)      :   0.00000000    0.00042010    0.00068002    0.00151958    0.00067870    0.00079358    0.00059017    0.00267526    0.00212860    0.00000000 
max(|Force|)     :   0.00161362    0.00041815    0.00090476    0.00122666    0.00098807    0.00092698    0.00057854    0.00278360    0.00924578    0.00144002 
ksp              :   0.01000000    0.01000000    0.01000000    0.01000000    0.01000000    0.01000000    0.01000000    0.01000000    0.01000000 
max(|step|)      :   0.00000000    0.00291381    0.00351742    0.00442557    0.00517971    0.00680000    0.00645453    0.01835743    0.01687630    0.00000000 
angle (deg.)     :    28.2303  11.9437  12.9303  12.1999  14.4169  31.9535  75.0946  77.3741 
>
iteration       : 73
climbing        : no
zoom on         : no
nim             : 10
barrier         :   0.00000000 (image:  0) 
distance        :   0.00000000    2.30909917    4.78398743    7.12874400    9.72937927   12.36785933   15.04447426   17.68464883   20.62732946   23.72497967 
energy          : -1075.54974314  -1075.55415340  -1075.55805474  -1075.56269387  -1075.56746703  -1075.57097383  -1075.57313334  -1075.57083709  -1075.56884093  -1075.58160718 
max(|Fr_perp|)   :   0.00000000    0.00026151    0.00049306    0.00071684    0.00069175    0.00070386    0.00056034    0.00132244    0.00204543    0.00000000 
Fr_paral         :   0.00000000    0.00150299    0.00187851    0.00198560    0.00156835    0.00101065    0.00036087   -0.00496836    0.01858062    0.00000000 
max(|Fsp_paral|) :   0.00000000    0.00049885    0.00053971    0.00105350    0.00015363    0.00017100    0.00013882    0.00124227    0.00065582    0.00000000 
max(|Fsp_perp|)  :   0.00000000    0.00000000    0.00000000    0.00000000    0.00000000    0.00000000    0.00000000    0.00000000    0.00000000    0.00000000 
max(|FNEB|)      :   0.00000000    0.00052131    0.00073188    0.00133110    0.00066982    0.00071607    0.00056323    0.00243447    0.00203107    0.00000000 
max(|Force|)     :   0.00161362    0.00049773    0.00107670    0.00119591    0.00115692    0.00080991    0.00055336    0.00284065    0.00886845    0.00144002 
ksp              :   0.01000000    0.01000000    0.01000000    0.01000000    0.01000000    0.01000000    0.01000000    0.01000000    0.01000000 
max(|step|)      :   0.00000000    0.00367837    0.00948589    0.00491046    0.01072605    0.01088599    0.00791625    0.02594772    0.02386080    0.00000000 
angle (deg.)     :    28.2965  11.8939  12.9495  11.9826  14.3026  32.0829  75.8293  75.6666 
>
iteration       : 74
climbing        : no
zoom on         : no
nim             : 10
barrier         :   0.00000000 (image:  0) 
distance        :   0.00000000    2.31071519    4.76818038    7.13558461    9.70801653   12.34304582   15.02590132   17.70128701   20.61439317   23.63792871 
energy          : -1075.54974314  -1075.55415308  -1075.55801604  -1075.56269931  -1075.56742552  -1075.57093644  -1075.57312031  -1075.57059595  -1075.56931759  -1075.58160718 
max(|Fr_perp|)   :   0.00000000    0.00052734    0.00092990    0.00081294    0.00097560    0.00121803    0.00099306    0.00174699    0.00349349    0.00000000 
Fr_paral         :   0.00000000    0.00149566    0.00187404    0.00198966    0.00153414    0.00098135    0.00036705   -0.00633849    0.01896664    0.00000000 
max(|Fsp_paral|) :   0.00000000    0.00044359    0.00037292    0.00084293    0.00025475    0.00021437    0.00002821    0.00099113    0.00046936    0.00000000 
max(|Fsp_perp|)  :   0.00000000    0.00000000    0.00000000    0.00000000    0.00000000    0.00000000    0.00000000    0.00000000    0.00000000    0.00000000 
max(|FNEB|)      :   0.00000000    0.00075540    0.00079127    0.00122516    0.00107465    0.00123374    0.00099134    0.00167324    0.00347757    0.00000000 
max(|Force|)     :   0.00161362    0.00076049    0.00151113    0.00121390    0.00144829    0.00125620    0.00099265    0.00290763    0.00858649    0.00144002 
ksp              :   0.01000000    0.01000000    0.01000000    0.01000000    0.01000000    0.01000000    0.01000000    0.01000000    0.01000000 
max(|step|)      :   0.00000000    0.00442094    0.01247115    0.00825132    0.01531769    0.01425902    0.01174592    0.04084138    0.03551709    0.00000000 
angle (deg.)     :    28.3765  11.8657  13.0524  11.6517  14.1086  32.4436  76.8372  73.3510 
>
iteration       : 75
climbing        : no
zoom on         : no
nim             : 10
barrier         :   0.00000000 (image:  0) 
distance        :   0.00000000    2.31142982    4.74923948    7.15089524    9.68143397   12.30951016   14.99765419   17.72714931   20.60678828   23.52066812 
energy          : -1075.54974314  -1075.55414870  -1075.55796787  -1075.56271519  -1075.56736940  -1075.57088478  -1075.57309359  -1075.57007700  -1075.57016131  -1075.58160718 
max(|Fr_perp|)   :   0.00000000    0.00037322    0.00096799    0.00102996    0.00145097    0.00237802    0.00132363    0.00370160    0.00396828    0.00000000 
Fr_paral         :   0.00000000    0.00148059    0.00187980    0.00198995    0.00167086    0.00105784    0.00036696   -0.00873708    0.01904103    0.00000000 
max(|Fsp_paral|) :   0.00000000    0.00038431    0.00014931    0.00052882    0.00039874    0.00026898    0.00015313    0.00063609    0.00014615    0.00000000 
max(|Fsp_perp|)  :   0.00000000    0.00000000    0.00000000    0.00000000    0.00000000    0.00000000    0.00000000    0.00000000    0.00000000    0.00000000 
max(|FNEB|)      :   0.00000000    0.00044139    0.00096556    0.00119008    0.00138314    0.00237668    0.00132066    0.00380339    0.00398489    0.00000000 
max(|Force|)     :   0.00161362    0.00048774    0.00100350    0.00137796    0.00151081    0.00238066    0.00131910    0.00445460    0.00826084    0.00144002 
ksp              :   0.01000000    0.01000000    0.01000000    0.01000000    0.01000000    0.01000000    0.01000000    0.01000000    0.01000000 
max(|step|)      :   0.00000000    0.00292988    0.00726141    0.00467146    0.00842748    0.00795251    0.00608241    0.02305957    0.01954533    0.00000000 
angle (deg.)     :    28.4460  11.8496  13.1007  11.4858  14.0036  32.6743  77.4922  71.9771 
>
iteration       : 76
climbing        : no
zoom on         : no
nim             : 10
barrier         :   0.00000000 (image:  0) 
distance        :   0.00000000    2.31353562    4.73768019    7.15965503    9.66690063   12.29127022   14.98338135   17.74347826   20.60606436   23.45786341 
energy          : -1075.54974314  -1075.55414845  -1075.55794125  -1075.56272735  -1075.56733968  -1075.57086300  -1075.57308170  -1075.56978258  -1075.57060734  -1075.58160718 
max(|Fr_perp|)   :   0.00000000    0.00028221    0.00048476    0.00066451    0.00052533    0.00065133    0.00072235    0.00306414    0.00201939    0.00000000 
Fr_paral         :   0.00000000    0.00145395    0.00183277    0.00196182    0.00164737    0.00108199    0.00036722   -0.00984998    0.01930082    0.00000000 
max(|Fsp_paral|) :   0.00000000    0.00033745    0.00000895    0.00034944    0.00047996    0.00030333    0.00024920    0.00040663    0.00004656    0.00000000 
max(|Fsp_perp|)  :   0.00000000    0.00000000    0.00000000    0.00000000    0.00000000    0.00000000    0.00000000    0.00000000    0.00000000    0.00000000 
max(|FNEB|)      :   0.00000000    0.00037119    0.00048938    0.00083948    0.00076886    0.00077349    0.00072886    0.00302304    0.00203500    0.00000000 
max(|Force|)     :   0.00161362    0.00042001    0.00099897    0.00127145    0.00089044    0.00085100    0.00072462    0.00558274    0.00852948    0.00144002 
ksp              :   0.01000000    0.01000000    0.01000000    0.01000000    0.01000000    0.01000000    0.01000000    0.01000000    0.01000000 
max(|step|)      :   0.00000000    0.00113246    0.00171573    0.00154908    0.00160335    0.00150370    0.00102250    0.00659798    0.00423417    0.00000000 
angle (deg.)     :    28.4912  11.8381  13.1107  11.4631  13.9884  32.7622  77.6985  71.5402 
>
iteration       : 77
climbing        : no
zoom on         : no
nim             : 10
barrier         :   0.00000000 (image:  0) 
distance        :   0.00000000    2.31643492    4.73468173    7.16286064    9.66539366   12.28851303   14.98218945   17.75051813   20.60801783   23.44357896 
energy          : -1075.54974314  -1075.55415426  -1075.55793505  -1075.56273422  -1075.56733894  -1075.57086052  -1075.57308422  -1075.56976974  -1075.57072509  -1075.58160718 
max(|Fr_perp|)   :   0.00000000    0.00022161    0.00046932    0.00053266    0.00051870    0.00088385    0.00055188    0.00222920    0.00149845    0.00000000 
Fr_paral         :   0.00000000    0.00145232    0.00183140    0.00197219    0.00159807    0.00104255    0.00036972   -0.00983584    0.01939965    0.00000000 
max(|Fsp_paral|) :   0.00000000    0.00031072    0.00004099    0.00030448    0.00049415    0.00031593    0.00027343    0.00035160    0.00009494    0.00000000 
max(|Fsp_perp|)  :   0.00000000    0.00000000    0.00000000    0.00000000    0.00000000    0.00000000    0.00000000    0.00000000    0.00000000    0.00000000 
max(|FNEB|)      :   0.00000000    0.00034784    0.00049690    0.00081559    0.00094533    0.00088439    0.00055945    0.00219195    0.00152571    0.00000000 
max(|Force|)     :   0.00161362    0.00041500    0.00103527    0.00129404    0.00111020    0.00088037    0.00055447    0.00550620    0.00809669    0.00144002 
ksp              :   0.01000000    0.01000000    0.01000000    0.01000000    0.01000000    0.01000000    0.01000000    0.01000000    0.01000000 
max(|step|)      :   0.00000000    0.00198692    0.00269149    0.00318523    0.00233157    0.00225086    0.00241356    0.01250424    0.00767946    0.00000000 
angle (deg.)     :    28.5858  11.8140  13.1508  11.4245  13.9573  32.9479  78.0827  70.7306 
>
