NEB log file generated by ORCA
All quantities are given in atomic units. Unless stated otherwise. 
iteration       : 0
climbing        : no
zoom on         : no
nim             : 10
barrier         :   0.06733121 (image:  4) 
distance        :   0.00000000    1.18906569    2.37813137    3.56719706    4.75626274    5.94532843    7.13439412    8.32345980    9.51252549   10.70159117 
energy          : -1076.12362818  -1076.11079447  -1076.08617146  -1076.06579217  -1076.05629697  -1076.06111142  -1076.07926783  -1076.10602592  -1076.13485730  -1076.14969659 
max(|Fr_perp|)   :   0.00000000    0.04439607    0.06409383    0.08455312    0.09909432    0.10345503    0.09601585    0.07590414    0.04330708    0.00000000 
Fr_paral         :   0.00000000   -0.01881393   -0.02106129   -0.01378442   -0.00217747    0.01025134    0.02055330    0.02568025    0.02126901    0.00000000 
max(|Fsp_paral|) :   0.00000000    0.01099830    0.00910566    0.00424500    0.00000032    0.00214831    0.00810837    0.01195077    0.00787732    0.00000000 
max(|Fsp_perp|)  :   0.00000000    0.00000000    0.00000000    0.00000000    0.00000000    0.00000000    0.00000000    0.00000000    0.00000000    0.00000000 
max(|FNEB|)      :   0.00000000    0.04014420    0.06753378    0.08729077    0.09930699    0.10238388    0.09133714    0.06886645    0.03865289    0.00000000 
max(|Force|)     :   0.00140850    0.04643775    0.06671552    0.08239492    0.09893544    0.10541261    0.09970341    0.08041659    0.04700206    0.00162717 
ksp              :   0.02715255    0.06005821    0.08730067    0.10000000    0.10000000    0.09357481    0.06931714    0.03356459    0.01000000 
max(|step|)      :   0.00000000    0.03159416    0.05315023    0.06869931    0.07815628    0.08057784    0.07188387    0.05419906    0.03042048    0.00000000 
angle (deg.)     :    2.3661  1.3577  1.2759  1.3178  1.2743  1.1948  1.3044  2.2360 
>
iteration       : 1
climbing        : no
zoom on         : no
nim             : 10
barrier         :   0.03658600 (image:  4) 
distance        :   0.00000000    1.22348983    2.40928150    3.58595014    4.76372251    5.94713406    7.12020281    8.29973337    9.50204080   10.71660013 
energy          : -1076.12362818  -1076.11717291  -1076.10232846  -1076.09105359  -1076.08704218  -1076.09170661  -1076.10402676  -1076.12152169  -1076.14084682  -1076.14969659 
max(|Fr_perp|)   :   0.00000000    0.03754760    0.04130137    0.02976770    0.02395299    0.02245376    0.02141607    0.03261536    0.02994237    0.00000000 
Fr_paral         :   0.00000000   -0.01148030   -0.01295870   -0.00728585    0.00020293    0.00759346    0.01399149    0.01753904    0.01402146    0.00000000 
max(|Fsp_paral|) :   0.00000000    0.01160931    0.00888592    0.00328244    0.00015855    0.00409341    0.00999015    0.01436202    0.00174251    0.00000000 
max(|Fsp_perp|)  :   0.00000000    0.00000000    0.00000000    0.00000000    0.00000000    0.00000000    0.00000000    0.00000000    0.00000000    0.00000000 
max(|FNEB|)      :   0.00000000    0.03309321    0.03761104    0.02839909    0.02398872    0.02160288    0.01836128    0.02779121    0.02940109    0.00000000 
max(|Force|)     :   0.00140850    0.03874315    0.04277689    0.03060830    0.02396454    0.02288282    0.02276032    0.03427322    0.03115007    0.00162717 
ksp              :   0.02587968    0.06239641    0.09013208    0.10000000    0.10000000    0.08852570    0.05821866    0.01518188    0.01000000 
max(|step|)      :   0.00000000    0.02704053    0.03075956    0.02351666    0.01801250    0.01696963    0.01719858    0.02238456    0.02365638    0.00000000 
angle (deg.)     :    3.9753  1.9632  1.4596  1.6031  1.4924  1.3989  1.9751  3.6669 
>
iteration       : 2
climbing        : no
zoom on         : no
nim             : 10
barrier         :   0.03350542 (image:  4) 
distance        :   0.00000000    1.25936795    2.43807341    3.59912683    4.76796047    5.94013001    7.09691821    8.26482997    9.50092259   10.72426689 
energy          : -1076.12362818  -1076.11880836  -1076.10496188  -1076.09394109  -1076.09012276  -1076.09480148  -1076.10687938  -1076.12404082  -1076.14263953  -1076.14969659 
max(|Fr_perp|)   :   0.00000000    0.03212955    0.03696705    0.02555315    0.02255296    0.02131521    0.02171123    0.03173676    0.02609896    0.00000000 
Fr_paral         :   0.00000000   -0.01034257   -0.01303487   -0.00737246    0.00034238    0.00771134    0.01410858    0.01741283    0.01255666    0.00000000 
max(|Fsp_paral|) :   0.00000000    0.01155760    0.00920487    0.00353267    0.00009321    0.00450998    0.01041337    0.01469981    0.00003638    0.00000000 
max(|Fsp_perp|)  :   0.00000000    0.00000000    0.00000000    0.00000000    0.00000000    0.00000000    0.00000000    0.00000000    0.00000000    0.00000000 
max(|FNEB|)      :   0.00000000    0.02781733    0.03287471    0.02396595    0.02257505    0.02038771    0.01776448    0.02637091    0.02607942    0.00000000 
max(|Force|)     :   0.00140850    0.03318047    0.03855252    0.02646557    0.02257255    0.02174329    0.02320212    0.03351794    0.02716386    0.00162717 
ksp              :   0.02294667    0.06014014    0.08974344    0.10000000    0.10000000    0.08743233    0.05498949    0.01000000    0.01000000 
max(|step|)      :   0.00000000    0.08454133    0.10000000    0.07377084    0.06386031    0.05766329    0.05312755    0.07919009    0.07816553    0.00000000 
angle (deg.)     :    8.3450  5.1773  2.7117  3.3596  2.7045  2.4534  5.0532  8.0521 
>
iteration       : 3
climbing        : no
zoom on         : no
nim             : 10
barrier         :   0.02886012 (image:  4) 
distance        :   0.00000000    1.39796234    2.55695284    3.66094260    4.79473691    5.92197633    7.01951414    8.14643193    9.53514068   10.77777450 
energy          : -1076.12362818  -1076.12224579  -1076.11089532  -1076.09891634  -1076.09476806  -1076.09931399  -1076.11135294  -1076.12899951  -1076.14607631  -1076.14969659 
max(|Fr_perp|)   :   0.00000000    0.01555606    0.02763416    0.01844145    0.00981988    0.01021052    0.02152875    0.02636548    0.00900710    0.00000000 
Fr_paral         :   0.00000000   -0.00659604   -0.01434160   -0.00857518    0.00027741    0.00801508    0.01541246    0.01756004    0.00758352    0.00000000 
max(|Fsp_paral|) :   0.00000000    0.01039478    0.01042771    0.00468652    0.00017875    0.00507102    0.01095575    0.01132392    0.00042005    0.00000000 
max(|Fsp_perp|)  :   0.00000000    0.00000000    0.00000000    0.00000000    0.00000000    0.00000000    0.00000000    0.00000000    0.00000000    0.00000000 
max(|FNEB|)      :   0.00000000    0.01284911    0.02174959    0.01573750    0.00982752    0.01003350    0.01583884    0.02108647    0.00890265    0.00000000 
max(|Force|)     :   0.00140850    0.01615936    0.02981147    0.01977030    0.00984743    0.01159401    0.02372093    0.02864192    0.00958407    0.00162717 
ksp              :   0.01432207    0.04973039    0.08707045    0.10000000    0.10000000    0.08582470    0.04829025    0.01000000    0.01000000 
max(|step|)      :   0.00000000    0.05907747    0.10000000    0.07235772    0.04518488    0.04613189    0.07282366    0.09695112    0.04093248    0.00000000 
angle (deg.)     :    8.8444  12.0208  4.1900  6.5815  4.2846  4.6667  10.5753  7.9772 
>
iteration       : 4
climbing        : no
zoom on         : no
nim             : 10
barrier         :   0.02923880 (image:  4) 
distance        :   0.00000000    1.58532655    2.76406489    3.77694576    4.83445246    5.88417638    6.88942293    8.01723678    9.59958829   10.85971013 
energy          : -1076.12362818  -1076.12344652  -1076.11470747  -1076.10006807  -1076.09438938  -1076.09844169  -1076.11124921  -1076.13139359  -1076.14671855  -1076.14969659 
max(|Fr_perp|)   :   0.00000000    0.00888271    0.02381090    0.02684431    0.03015845    0.03016435    0.02516480    0.02315657    0.02009213    0.00000000 
Fr_paral         :   0.00000000   -0.00391976   -0.01679755   -0.01236636   -0.00072375    0.00933003    0.01925612    0.01840833    0.00547084    0.00000000 
max(|Fsp_paral|) :   0.00000000    0.00774200    0.01143830    0.00614595    0.00020305    0.00458933    0.01018275    0.01049630    0.00093801    0.00000000 
max(|Fsp_perp|)  :   0.00000000    0.00000000    0.00000000    0.00000000    0.00000000    0.00000000    0.00000000    0.00000000    0.00000000    0.00000000 
max(|FNEB|)      :   0.00000000    0.01218481    0.02560859    0.03043229    0.03003458    0.02744287    0.02275828    0.02373671    0.02010439    0.00000000 
max(|Force|)     :   0.00140850    0.00908266    0.02704632    0.02484649    0.03004198    0.03165761    0.02820686    0.02283362    0.02005621    0.00162717 
ksp              :   0.01055917    0.03745885    0.08252042    0.10000000    0.10000000    0.08752659    0.04810373    0.01000000    0.01000000 
max(|step|)      :   0.00000000    0.05703606    0.10000000    0.07484989    0.04412184    0.04313329    0.07439964    0.09484472    0.03742428    0.00000000 
angle (deg.)     :    8.9979  19.6891  6.2556  10.6159  6.5027  8.4028  15.4291  9.1497 
>
iteration       : 5
climbing        : no
zoom on         : no
nim             : 10
barrier         :   0.02816634 (image:  4) 
distance        :   0.00000000    1.77663819    2.99125367    3.91989275    4.90304315    5.87959212    6.80108691    7.93054247    9.71895741   11.00359524 
energy          : -1076.12362818  -1076.12361075  -1076.11781914  -1076.10230720  -1076.09546183  -1076.09886554  -1076.11176379  -1076.13290780  -1076.14665169  -1076.14969659 
max(|Fr_perp|)   :   0.00000000    0.01168431    0.01705677    0.02425812    0.02644366    0.02591260    0.02105679    0.01518100    0.01156419    0.00000000 
Fr_paral         :   0.00000000   -0.00162045   -0.01469034   -0.01543338   -0.00164449    0.00950794    0.02203171    0.01612821    0.00362289    0.00000000 
max(|Fsp_paral|) :   0.00000000    0.00478304    0.01306709    0.00860609    0.00018296    0.00480659    0.01009420    0.01060435    0.00148445    0.00000000 
max(|Fsp_perp|)  :   0.00000000    0.00000000    0.00000000    0.00000000    0.00000000    0.00000000    0.00000000    0.00000000    0.00000000    0.00000000 
max(|FNEB|)      :   0.00000000    0.01120862    0.02311903    0.02828995    0.02652510    0.02374739    0.02016168    0.01656932    0.01152995    0.00000000 
max(|Force|)     :   0.00140850    0.01176714    0.01732537    0.02208448    0.02637365    0.02753940    0.02450561    0.01798383    0.01174731    0.00162717 
ksp              :   0.01007473    0.02858817    0.07813364    0.10000000    0.10000000    0.08913633    0.04794937    0.01000000    0.01000000 
max(|step|)      :   0.00000000    0.01227129    0.02531090    0.03097207    0.02903990    0.02599884    0.02207318    0.01814023    0.01262309    0.00000000 
angle (deg.)     :    8.2910  20.0128  6.6409  11.4206  6.8346  9.6556  15.6714  8.3453 
>
iteration       : 6
climbing        : yes
zoom on         : no
nim             : 10
barrier         :   0.02587298 (image:  4) 
distance        :   0.00000000    1.79519426    3.03791833    3.95493095    4.91050082    5.87153653    6.78054192    7.90487686    9.73141828   11.02107266 
energy          : -1076.12362818  -1076.12432313  -1076.11910257  -1076.10431583  -1076.09775520  -1076.10120332  -1076.11391202  -1076.13427738  -1076.14740596  -1076.14969659 
max(|Fr_perp|)   :   0.00000000    0.00549202    0.01125599    0.01276171    0.01216195    0.01344292    0.01331365    0.00974530    0.00746765    0.00000000 
Fr_paral         :   0.00000000   -0.00134727   -0.01413808   -0.01518185   -0.00120388    0.00887441    0.02161104    0.01528984    0.00315955    0.00000000 
max(|Fsp_paral|) :   0.00000000    0.00397943    0.01323430    0.00846584    0.00015750    0.00512115    0.01140896    0.00902886    0.00159080    0.00000000 
max(|Fsp_perp|)  :   0.00000000    0.00000000    0.00000000    0.00000000    0.00000000    0.00000000    0.00000000    0.00000000    0.00000000    0.00000000 
max(|FNEB|)      :   0.00000000    0.00575822    0.01638152    0.01409586    0.01231403    0.01603006    0.01785355    0.01372216    0.00760420    0.00000000 
max(|Force|)     :   0.00140850    0.00569604    0.01456855    0.01690945    0.01225779    0.01226378    0.02008660    0.01363991    0.00747152    0.00162717 
ksp              :   0.01000000    0.02575263    0.07718317    0.10000000    0.10000000    0.08800744    0.04380972    0.01000000    0.01000000 
max(|step|)      :   0.00000000    0.00903711    0.02570960    0.02212243    0.01932598    0.02515802    0.02801985    0.02153593    0.01193424    0.00000000 
angle (deg.)     :    7.9498  20.5091  7.4320  12.6473  7.1744  11.1959  16.2945  7.4137 
>
iteration       : 7
climbing        : yes
zoom on         : no
nim             : 10
barrier         :   0.02591092 (image:  4) 
distance        :   0.00000000    1.81746513    3.10568690    4.00275664    4.92102052    5.85639364    6.74229567    7.87055329    9.74193012   11.03923904 
energy          : -1076.12362818  -1076.12452188  -1076.11920793  -1076.10446473  -1076.09771726  -1076.10100913  -1076.11380057  -1076.13434890  -1076.14750370  -1076.14969659 
max(|Fr_perp|)   :   0.00000000    0.00469747    0.01037563    0.01549358    0.01622062    0.01529857    0.01185364    0.01783023    0.01398362    0.00000000 
Fr_paral         :   0.00000000   -0.00148119   -0.01473610   -0.01644207   -0.00155932    0.00933500    0.02261397    0.01563482    0.00373818    0.00000000 
max(|Fsp_paral|) :   0.00000000    0.00414185    0.01217712    0.00820991    0.00049924    0.00491801    0.01095689    0.00899995    0.00170307    0.00000000 
max(|Fsp_perp|)  :   0.00000000    0.00000000    0.00000000    0.00000000    0.00000000    0.00000000    0.00000000    0.00000000    0.00000000    0.00000000 
max(|FNEB|)      :   0.00000000    0.00588924    0.01594534    0.01885999    0.01645039    0.01483049    0.01599484    0.01817266    0.01402490    0.00000000 
max(|Force|)     :   0.00140850    0.00491004    0.01491980    0.01635535    0.01599085    0.01667346    0.02013637    0.01761820    0.01395140    0.00162717 
ksp              :   0.01000000    0.02535347    0.07656309    0.10000000    0.10000000    0.08856588    0.04413560    0.01000000    0.01000000 
max(|step|)      :   0.00000000    0.00735808    0.02040775    0.01527279    0.00684144    0.00981720    0.01988752    0.01989546    0.00566062    0.00000000 
angle (deg.)     :    7.7074  21.0074  8.5622  13.9439  7.6089  12.7373  16.8894  6.8344 
>
iteration       : 8
climbing        : yes
zoom on         : no
nim             : 10
barrier         :   0.02563137 (image:  4) 
distance        :   0.00000000    1.84048970    3.17287599    4.05168595    4.93551049    5.84570194    6.71012059    7.84156748    9.75855653   11.06462050 
energy          : -1076.12362818  -1076.12465012  -1076.11935210  -1076.10483198  -1076.09799681  -1076.10111788  -1076.11383364  -1076.13456275  -1076.14764483  -1076.14969659 
max(|Fr_perp|)   :   0.00000000    0.00416056    0.01097564    0.01512802    0.01555977    0.01457744    0.01132895    0.01119371    0.00856844    0.00000000 
Fr_paral         :   0.00000000   -0.00145591   -0.01490831   -0.01727654   -0.00173950    0.00936031    0.02324899    0.01571089    0.00376341    0.00000000 
max(|Fsp_paral|) :   0.00000000    0.00427314    0.01123528    0.00796077    0.00079062    0.00470932    0.01054673    0.00896230    0.00181902    0.00000000 
max(|Fsp_perp|)  :   0.00000000    0.00000000    0.00000000    0.00000000    0.00000000    0.00000000    0.00000000    0.00000000    0.00000000    0.00000000 
max(|FNEB|)      :   0.00000000    0.00604343    0.01559124    0.01817962    0.01581078    0.01376201    0.01509949    0.01426077    0.00862044    0.00000000 
max(|Force|)     :   0.00140850    0.00436375    0.01598161    0.01640982    0.01530876    0.01592996    0.01944605    0.01419370    0.00853125    0.00162717 
ksp              :   0.01000000    0.02501469    0.07599950    0.10000000    0.10000000    0.08904091    0.04439179    0.01000000    0.01000000 
max(|step|)      :   0.00000000    0.03811016    0.09807945    0.07235545    0.03280542    0.04731354    0.09603369    0.10000000    0.02232070    0.00000000 
angle (deg.)     :    7.5272  24.0238  17.1004  21.4827  10.2115  20.9741  19.9297  6.0196 
>
iteration       : 9
climbing        : yes
zoom on         : no
nim             : 10
barrier         :   0.02460449 (image:  4) 
distance        :   0.00000000    1.96131297    3.50024023    4.29887388    5.03443660    5.82917699    6.60039428    7.73779055    9.88605751   11.24140217 
energy          : -1076.12362818  -1076.12504875  -1076.12016976  -1076.10643578  -1076.09902369  -1076.10129506  -1076.11362587  -1076.13400032  -1076.14715396  -1076.14969659 
max(|Fr_perp|)   :   0.00000000    0.00556158    0.01190280    0.00917170    0.00829134    0.00761976    0.00979992    0.03772379    0.03031831    0.00000000 
Fr_paral         :   0.00000000   -0.00105067   -0.01517030   -0.02197045   -0.00275271    0.00939290    0.02634535    0.01452172    0.00378484    0.00000000 
max(|Fsp_paral|) :   0.00000000    0.00438606    0.00779266    0.00682739    0.00204567    0.00333969    0.00811271    0.00911834    0.00239400    0.00000000 
max(|Fsp_perp|)  :   0.00000000    0.00000000    0.00000000    0.00000000    0.00000000    0.00000000    0.00000000    0.00000000    0.00000000    0.00000000 
max(|FNEB|)      :   0.00000000    0.00503584    0.00944483    0.01024383    0.00869664    0.00806673    0.01072822    0.03890966    0.03092310    0.00000000 
max(|Force|)     :   0.00140850    0.00569548    0.01630861    0.01788886    0.00812992    0.00821244    0.01896126    0.03811337    0.03079124    0.00162717 
ksp              :   0.01000000    0.02265814    0.07288767    0.10000000    0.10000000    0.09169133    0.04659402    0.01000000    0.01000000 
max(|step|)      :   0.00000000    0.00453755    0.00851028    0.00923022    0.00783612    0.00726855    0.00966669    0.03505963    0.02786332    0.00000000 
angle (deg.)     :    7.6135  24.6306  17.4828  21.9352  10.4995  21.4903  20.2333  6.1478 
>
iteration       : 10
climbing        : yes
zoom on         : no
nim             : 10
barrier         :   0.02427524 (image:  4) 
distance        :   0.00000000    1.97562834    3.52831068    4.32410491    5.04873050    5.83331552    6.59673978    7.72701158    9.89974670   11.26279473 
energy          : -1076.12362818  -1076.12515810  -1076.12042003  -1076.10668678  -1076.09935294  -1076.10156314  -1076.11378511  -1076.13454780  -1076.14759477  -1076.14969659 
max(|Fr_perp|)   :   0.00000000    0.00396414    0.01155768    0.00897912    0.00344990    0.00378090    0.00810032    0.02256720    0.01778830    0.00000000 
Fr_paral         :   0.00000000   -0.00088937   -0.01493722   -0.02210259   -0.00276455    0.00931719    0.02664983    0.01473183    0.00330571    0.00000000 
max(|Fsp_paral|) :   0.00000000    0.00408954    0.00814605    0.00654400    0.00208375    0.00320720    0.00812707    0.00903163    0.00244723    0.00000000 
max(|Fsp_perp|)  :   0.00000000    0.00000000    0.00000000    0.00000000    0.00000000    0.00000000    0.00000000    0.00000000    0.00000000    0.00000000 
max(|FNEB|)      :   0.00000000    0.00488089    0.00970228    0.00750871    0.00315310    0.00473276    0.00782871    0.02351513    0.01798994    0.00000000 
max(|Force|)     :   0.00140850    0.00406215    0.01505639    0.01790987    0.00401906    0.00508938    0.01794622    0.02251118    0.01783856    0.00162717 
ksp              :   0.01000000    0.02189416    0.07280991    0.10000000    0.10000000    0.09180573    0.04649299    0.01000000    0.01000000 
max(|step|)      :   0.00000000    0.00474998    0.00954297    0.00707585    0.00297563    0.00460020    0.00907985    0.01251789    0.00411651    0.00000000 
angle (deg.)     :    7.7117  25.3329  17.9543  22.4504  10.8185  22.0658  20.6133  6.2387 
>
iteration       : 11
climbing        : yes
zoom on         : no
nim             : 10
barrier         :   0.02422637 (image:  4) 
distance        :   0.00000000    1.99115716    3.56022191    4.35187103    5.06471045    5.83805906    6.59257793    7.71473590    9.91459649   11.28636172 
energy          : -1076.12362818  -1076.12523427  -1076.12060301  -1076.10675211  -1076.09940181  -1076.10154846  -1076.11371748  -1076.13454490  -1076.14764856  -1076.14969659 
max(|Fr_perp|)   :   0.00000000    0.00272853    0.01096366    0.00861807    0.00481051    0.00562469    0.00742904    0.02134543    0.01743897    0.00000000 
Fr_paral         :   0.00000000   -0.00077027   -0.01480546   -0.02243163   -0.00285665    0.00930472    0.02694917    0.01481823    0.00321752    0.00000000 
max(|Fsp_paral|) :   0.00000000    0.00385294    0.00839212    0.00627380    0.00211940    0.00304452    0.00792506    0.00905367    0.00250522    0.00000000 
max(|Fsp_perp|)  :   0.00000000    0.00000000    0.00000000    0.00000000    0.00000000    0.00000000    0.00000000    0.00000000    0.00000000    0.00000000 
max(|FNEB|)      :   0.00000000    0.00479735    0.01006214    0.00801926    0.00490459    0.00638738    0.00761340    0.02244642    0.01759968    0.00000000 
max(|Force|)     :   0.00140850    0.00282168    0.01450832    0.01786693    0.00476187    0.00481566    0.01805888    0.02130750    0.01748672    0.00162717 
ksp              :   0.01000000    0.02123837    0.07269395    0.10000000    0.10000000    0.09202528    0.04681786    0.01000000    0.01000000 
max(|step|)      :   0.00000000    0.03824987    0.07822868    0.05583988    0.02355804    0.03651831    0.06868657    0.10000000    0.02992111    0.00000000 
angle (deg.)     :    8.5117  31.1302  22.8902  26.9718  13.5359  27.3067  24.3262  7.3921 
>
iteration       : 12
climbing        : yes
zoom on         : no
nim             : 10
barrier         :   0.02388494 (image:  4) 
distance        :   0.00000000    2.11301277    3.82249288    4.57541852    5.20687048    5.89573559    6.58607576    7.64098734   10.06046476   11.50649952 
energy          : -1076.12362818  -1076.12539686  -1076.12143474  -1076.10715958  -1076.09974324  -1076.10132002  -1076.11286056  -1076.13322511  -1076.14720827  -1076.14969659 
max(|Fr_perp|)   :   0.00000000    0.00579670    0.00589117    0.00508889    0.00376010    0.00459770    0.00694096    0.03322203    0.02525697    0.00000000 
Fr_paral         :   0.00000000   -0.00024216   -0.01304489   -0.02497974   -0.00372913    0.00913443    0.02900943    0.01398886    0.00278589    0.00000000 
max(|Fsp_paral|) :   0.00000000    0.00290994    0.00898968    0.00447017    0.00215431    0.00160289    0.00593410    0.00944914    0.00295998    0.00000000 
max(|Fsp_perp|)  :   0.00000000    0.00000000    0.00000000    0.00000000    0.00000000    0.00000000    0.00000000    0.00000000    0.00000000    0.00000000 
max(|FNEB|)      :   0.00000000    0.00675239    0.00821065    0.00501356    0.00390944    0.00464712    0.00711982    0.03525687    0.02555198    0.00000000 
max(|Force|)     :   0.00140850    0.00582924    0.00875737    0.01705224    0.00401123    0.00670879    0.02108451    0.03353082    0.02573841    0.00162717 
ksp              :   0.01000000    0.01826802    0.07205457    0.10000000    0.10000000    0.09405926    0.05057612    0.01000000    0.01000000 
max(|step|)      :   0.00000000    0.00798389    0.00970812    0.00592793    0.00462245    0.00549467    0.00841834    0.04168705    0.03021216    0.00000000 
angle (deg.)     :    8.4238  31.7128  23.3947  27.2445  13.8134  27.7543  24.9518  7.1323 
>
iteration       : 13
climbing        : yes
zoom on         : no
nim             : 10
barrier         :   0.02367885 (image:  4) 
distance        :   0.00000000    2.12501823    3.85401704    4.59534373    5.22080077    5.90072944    6.58263623    7.62343295   10.06782362   11.52511292 
energy          : -1076.12362818  -1076.12556794  -1076.12150115  -1076.10729418  -1076.09994933  -1076.10151437  -1076.11292597  -1076.13329530  -1076.14738352  -1076.14969659 
max(|Fr_perp|)   :   0.00000000    0.00347802    0.00511032    0.00467565    0.00255339    0.00221278    0.00540758    0.03822454    0.02812921    0.00000000 
Fr_paral         :   0.00000000   -0.00029715   -0.01378591   -0.02506507   -0.00372343    0.00913783    0.02901222    0.01479893    0.00316821    0.00000000 
max(|Fsp_paral|) :   0.00000000    0.00288797    0.00862486    0.00459999    0.00206426    0.00158012    0.00588730    0.00921560    0.00300196    0.00000000 
max(|Fsp_perp|)  :   0.00000000    0.00000000    0.00000000    0.00000000    0.00000000    0.00000000    0.00000000    0.00000000    0.00000000    0.00000000 
max(|FNEB|)      :   0.00000000    0.00319748    0.00810850    0.00496110    0.00272615    0.00269846    0.00586143    0.03877641    0.02823160    0.00000000 
max(|Force|)     :   0.00140850    0.00349136    0.00959943    0.01677615    0.00337145    0.00563102    0.02003719    0.03789319    0.02809338    0.00162717 
ksp              :   0.01000000    0.01808452    0.07208326    0.10000000    0.10000000    0.09405151    0.05067758    0.01000000    0.01000000 
max(|step|)      :   0.00000000    0.00406735    0.00730043    0.00447925    0.00266337    0.00276082    0.00507057    0.00952034    0.00648922    0.00000000 
angle (deg.)     :    8.4264  32.1773  23.7086  27.4442  14.0303  28.0521  25.4542  7.0834 
>
iteration       : 14
climbing        : yes
zoom on         : no
nim             : 10
barrier         :   0.02360886 (image:  4) 
distance        :   0.00000000    2.13423293    3.87808387    4.61114534    5.23199498    5.90521135    6.58077361    7.61091478   10.07435004   11.54060455 
energy          : -1076.12362818  -1076.12562992  -1076.12149923  -1076.10732595  -1076.10001932  -1076.10155984  -1076.11287332  -1076.13370187  -1076.14767955  -1076.14969659 
max(|Fr_perp|)   :   0.00000000    0.00212566    0.00535332    0.00446620    0.00234143    0.00184586    0.00411469    0.02313098    0.01728818    0.00000000 
Fr_paral         :   0.00000000   -0.00032484   -0.01425696   -0.02513343   -0.00373909    0.00911736    0.02906783    0.01584670    0.00307472    0.00000000 
max(|Fsp_paral|) :   0.00000000    0.00295486    0.00828535    0.00466245    0.00199799    0.00153821    0.00575091    0.00915580    0.00303348    0.00000000 
max(|Fsp_perp|)  :   0.00000000    0.00000000    0.00000000    0.00000000    0.00000000    0.00000000    0.00000000    0.00000000    0.00000000    0.00000000 
max(|FNEB|)      :   0.00000000    0.00327670    0.00794639    0.00478573    0.00212094    0.00262418    0.00568005    0.02346614    0.01740211    0.00000000 
max(|Force|)     :   0.00140850    0.00214027    0.01069055    0.01667040    0.00326664    0.00509271    0.01918857    0.02289298    0.01725021    0.00162717 
ksp              :   0.01000000    0.01811581    0.07214620    0.10000000    0.10000000    0.09412732    0.05099890    0.01000000    0.01000000 
max(|step|)      :   0.00000000    0.03153765    0.07172863    0.04365186    0.02195082    0.02413542    0.04964057    0.09494271    0.03503103    0.00000000 
angle (deg.)     :    9.0439  37.6007  26.5453  29.3714  16.3036  30.9759  31.2861  7.6418 
>
iteration       : 15
climbing        : yes
zoom on         : no
nim             : 10
barrier         :   0.02401246 (image:  4) 
distance        :   0.00000000    2.22847122    4.11718087    4.77653818    5.35606322    5.96724332    6.58632021    7.51281000   10.16749599   11.72607476 
energy          : -1076.12362818  -1076.12536283  -1076.12073339  -1076.10677692  -1076.09961572  -1076.10076386  -1076.11109797  -1076.13169671  -1076.14688001  -1076.14969659 
max(|Fr_perp|)   :   0.00000000    0.01158150    0.01135127    0.00696869    0.00822930    0.00918450    0.00950294    0.02286076    0.02017321    0.00000000 
Fr_paral         :   0.00000000   -0.00068101   -0.01801222   -0.02592079   -0.00416815    0.00860757    0.02921313    0.01829151    0.00307509    0.00000000 
max(|Fsp_paral|) :   0.00000000    0.00491825    0.00348743    0.00507632    0.00129389    0.00081502    0.00355404    0.00932570    0.00334157    0.00000000 
max(|Fsp_perp|)  :   0.00000000    0.00000000    0.00000000    0.00000000    0.00000000    0.00000000    0.00000000    0.00000000    0.00000000    0.00000000 
max(|FNEB|)      :   0.00000000    0.00989700    0.00930329    0.00779895    0.00852268    0.00919245    0.00948644    0.02332833    0.02001007    0.00000000 
max(|Force|)     :   0.00140850    0.01165020    0.01844199    0.01627410    0.00793593    0.00915151    0.01793348    0.02260121    0.02022165    0.00162717 
ksp              :   0.01000000    0.02084982    0.07315943    0.10000000    0.10000000    0.09569673    0.05696391    0.01000000    0.01000000 
max(|step|)      :   0.00000000    0.03297085    0.06426666    0.03863406    0.01661181    0.02169086    0.04413075    0.08958963    0.03474191    0.00000000 
angle (deg.)     :    9.8720  44.4865  27.6343  30.7547  18.3056  32.8306  38.1008  8.3040 
>
iteration       : 16
climbing        : yes
zoom on         : no
nim             : 10
barrier         :   0.02396624 (image:  4) 
distance        :   0.00000000    2.33459255    4.33276724    4.95003861    5.49667439    6.05745165    6.63529501    7.46337049   10.29711219   11.94743375 
energy          : -1076.12362818  -1076.12530723  -1076.12052762  -1076.10638512  -1076.09966194  -1076.10059109  -1076.11011398  -1076.12913329  -1076.14617152  -1076.14969659 
max(|Fr_perp|)   :   0.00000000    0.01350699    0.01051414    0.00734375    0.00849472    0.01005187    0.01027362    0.04718648    0.03059239    0.00000000 
Fr_paral         :   0.00000000   -0.00070453   -0.02034349   -0.02573534   -0.00448095    0.00843562    0.02929179    0.01826880    0.00326691    0.00000000 
max(|Fsp_paral|) :   0.00000000    0.00571791    0.00120626    0.00451017    0.00059767    0.00013843    0.00308759    0.00859390    0.00360884    0.00000000 
max(|Fsp_perp|)  :   0.00000000    0.00000000    0.00000000    0.00000000    0.00000000    0.00000000    0.00000000    0.00000000    0.00000000    0.00000000 
max(|FNEB|)      :   0.00000000    0.01304790    0.00935265    0.00764879    0.00846622    0.01005521    0.01027074    0.04817769    0.03036624    0.00000000 
max(|Force|)     :   0.00140850    0.01357763    0.01899011    0.01579380    0.00852323    0.01000206    0.01829609    0.04644311    0.03065754    0.00162717 
ksp              :   0.01000000    0.02164346    0.07475255    0.10000000    0.10000000    0.09651075    0.06074962    0.01000000    0.01000000 
max(|step|)      :   0.00000000    0.04212235    0.07080050    0.04042134    0.01822210    0.02382202    0.04741314    0.10000000    0.04260696    0.00000000 
angle (deg.)     :    10.8455  53.9800  27.0045  31.5481  20.2859  32.5505  47.9602  9.0642 
>
iteration       : 17
climbing        : yes
zoom on         : no
nim             : 10
barrier         :   0.02354400 (image:  4) 
distance        :   0.00000000    2.47196220    4.57268676    5.16283102    5.68431263    6.19878176    6.73855773    7.47429244   10.49623779   12.25942875 
energy          : -1076.12362818  -1076.12563634  -1076.12073423  -1076.10619357  -1076.10008418  -1076.10084734  -1076.10909719  -1076.12804570  -1076.14516737  -1076.14969659 
max(|Fr_perp|)   :   0.00000000    0.01249745    0.00910692    0.00709326    0.00795576    0.00871768    0.01656888    0.04187693    0.04787779    0.00000000 
Fr_paral         :   0.00000000   -0.00056836   -0.02210259   -0.02461071   -0.00465293    0.00821899    0.02764355    0.02277896    0.00277825    0.00000000 
max(|Fsp_paral|) :   0.00000000    0.00561938    0.00042919    0.00372714    0.00030062    0.00043194    0.00237113    0.00791031    0.00383842    0.00000000 
max(|Fsp_perp|)  :   0.00000000    0.00000000    0.00000000    0.00000000    0.00000000    0.00000000    0.00000000    0.00000000    0.00000000    0.00000000 
max(|FNEB|)      :   0.00000000    0.01236934    0.00913141    0.00744084    0.00798394    0.00874435    0.01696495    0.04303891    0.04823846    0.00000000 
max(|Force|)     :   0.00140850    0.01258692    0.01860515    0.01495967    0.00798670    0.00868737    0.01627199    0.04162554    0.04845430    0.00162717 
ksp              :   0.01000000    0.02107937    0.07664393    0.10000000    0.10000000    0.09708656    0.06557200    0.01000000    0.01000000 
max(|step|)      :   0.00000000    0.01226403    0.00905366    0.00737749    0.00791597    0.00866990    0.01682051    0.04267246    0.04782773    0.00000000 
angle (deg.)     :    10.9899  54.9064  25.5911  31.2831  20.0132  31.1845  48.8448  8.9066 
>
iteration       : 18
climbing        : yes
zoom on         : no
nim             : 10
barrier         :   0.02307798 (image:  4) 
distance        :   0.00000000    2.49158676    4.58250164    5.17751579    5.69787033    6.20868239    6.74433423    7.46549557   10.49370377   12.26819004 
energy          : -1076.12362818  -1076.12609782  -1076.12123327  -1076.10646635  -1076.10055020  -1076.10139694  -1076.10968764  -1076.12905274  -1076.14668427  -1076.14969659 
max(|Fr_perp|)   :   0.00000000    0.00864549    0.00693038    0.00395518    0.00437618    0.00486287    0.00799237    0.02440445    0.02801341    0.00000000 
Fr_paral         :   0.00000000   -0.00037184   -0.02182385   -0.02419771   -0.00452898    0.00846855    0.02808504    0.02484051    0.00338015    0.00000000 
max(|Fsp_paral|) :   0.00000000    0.00446799    0.00247817    0.00337495    0.00040205    0.00032053    0.00304494    0.00724026    0.00381563    0.00000000 
max(|Fsp_perp|)  :   0.00000000    0.00000000    0.00000000    0.00000000    0.00000000    0.00000000    0.00000000    0.00000000    0.00000000    0.00000000 
max(|FNEB|)      :   0.00000000    0.00933687    0.00494538    0.00418927    0.00437759    0.00486124    0.00791395    0.02434303    0.02820843    0.00000000 
max(|Force|)     :   0.00140850    0.00862870    0.01589075    0.01512423    0.00437477    0.00481810    0.01695001    0.02461824    0.02795812    0.00162717 
ksp              :   0.01000000    0.01933970    0.07692810    0.10000000    0.10000000    0.09669787    0.06436564    0.01000000    0.01000000 
max(|step|)      :   0.00000000    0.00756352    0.00442705    0.00370214    0.00390261    0.00431392    0.00535737    0.00744808    0.00888233    0.00000000 
angle (deg.)     :    11.1592  55.5165  24.6707  31.1134  19.8862  30.1855  49.5854  9.0068 
>
iteration       : 19
climbing        : yes
zoom on         : no
nim             : 10
barrier         :   0.02294431 (image:  4) 
distance        :   0.00000000    2.50431674    4.59149342    5.18743548    5.70740091    6.21535999    6.74731680    7.45903108   10.49213296   12.27616899 
energy          : -1076.12362818  -1076.12627471  -1076.12139088  -1076.10651776  -1076.10068387  -1076.10155945  -1076.10980690  -1076.12935656  -1076.14722966  -1076.14969659 
max(|Fr_perp|)   :   0.00000000    0.00650993    0.00628484    0.00265410    0.00298292    0.00311415    0.00432661    0.00916496    0.01142184    0.00000000 
Fr_paral         :   0.00000000   -0.00026707   -0.02165214   -0.02398710   -0.00446688    0.00855334    0.02820204    0.02562719    0.00327052    0.00000000 
max(|Fsp_paral|) :   0.00000000    0.00407277    0.00319974    0.00325434    0.00050289    0.00025596    0.00320431    0.00699975    0.00379872    0.00000000 
max(|Fsp_perp|)  :   0.00000000    0.00000000    0.00000000    0.00000000    0.00000000    0.00000000    0.00000000    0.00000000    0.00000000    0.00000000 
max(|FNEB|)      :   0.00000000    0.00714363    0.00360167    0.00296092    0.00298624    0.00309907    0.00434499    0.00898135    0.01160988    0.00000000 
max(|Force|)     :   0.00140850    0.00649780    0.01468949    0.01507352    0.00297960    0.00419480    0.01625382    0.01532824    0.01136999    0.00162717 
ksp              :   0.01000000    0.01877591    0.07711633    0.10000000    0.10000000    0.09656550    0.06421453    0.01000000    0.01000000 
max(|step|)      :   0.00000000    0.02426601    0.01270884    0.01125174    0.01161284    0.01209452    0.01404253    0.01733555    0.02084024    0.00000000 
angle (deg.)     :    11.9346  57.7783  21.5252  30.5314  19.4511  26.1439  52.7436  9.6759 
>
iteration       : 20
climbing        : yes
zoom on         : no
nim             : 10
barrier         :   0.02290605 (image:  4) 
distance        :   0.00000000    2.55095470    4.62872061    5.22507744    5.74432635    6.24094108    6.75809685    7.43653433   10.48782076   12.31043036 
energy          : -1076.12362818  -1076.12646805  -1076.12152894  -1076.10635762  -1076.10072213  -1076.10164839  -1076.10960127  -1076.12877502  -1076.14738571  -1076.14969659 
max(|Fr_perp|)   :   0.00000000    0.00245435    0.00376435    0.00210317    0.00239341    0.00247191    0.00320927    0.00400338    0.00414322    0.00000000 
Fr_paral         :   0.00000000   -0.00000021   -0.02093265   -0.02336088   -0.00428659    0.00867686    0.02792933    0.02656546    0.00298882    0.00000000 
max(|Fsp_paral|) :   0.00000000    0.00356730    0.00424509    0.00295561    0.00095955    0.00007628    0.00318580    0.00653887    0.00372501    0.00000000 
max(|Fsp_perp|)  :   0.00000000    0.00000000    0.00000000    0.00000000    0.00000000    0.00000000    0.00000000    0.00000000    0.00000000    0.00000000 
max(|FNEB|)      :   0.00000000    0.00396201    0.00355468    0.00248700    0.00241699    0.00245303    0.00352979    0.00468497    0.00457754    0.00000000 
max(|Force|)     :   0.00140850    0.00245436    0.01247283    0.01467069    0.00284951    0.00503452    0.01750611    0.01646492    0.00409512    0.00162717 
ksp              :   0.01000000    0.01824809    0.07785762    0.10000000    0.10000000    0.09636062    0.06511304    0.01000000    0.01000000 
max(|step|)      :   0.00000000    0.01443086    0.01091872    0.00846580    0.00640128    0.00379573    0.00837086    0.01705902    0.01548381    0.00000000 
angle (deg.)     :    12.6727  60.0205  19.0258  30.0802  18.9983  22.0020  56.3504  10.3791 
>
iteration       : 21
climbing        : yes
zoom on         : no
nim             : 10
barrier         :   0.02293702 (image:  4) 
distance        :   0.00000000    2.59815824    4.66858529    5.26043277    5.78026837    6.26389503    6.76570176    7.41370715   10.48004980   12.34503601 
energy          : -1076.12362818  -1076.12648120  -1076.12138121  -1076.10613805  -1076.10069116  -1076.10166737  -1076.10931224  -1076.12791612  -1076.14721785  -1076.14969659 
max(|Fr_perp|)   :   0.00000000    0.00473665    0.00254641    0.00244877    0.00262897    0.00271583    0.00276019    0.01036991    0.01023906    0.00000000 
Fr_paral         :   0.00000000    0.00006289   -0.02082276   -0.02274624   -0.00399369    0.00868816    0.02738433    0.02732928    0.00281885    0.00000000 
max(|Fsp_paral|) :   0.00000000    0.00372233    0.00388470    0.00291955    0.00154953    0.00004625    0.00302084    0.00608092    0.00362781    0.00000000 
max(|Fsp_perp|)  :   0.00000000    0.00000000    0.00000000    0.00000000    0.00000000    0.00000000    0.00000000    0.00000000    0.00000000    0.00000000 
max(|FNEB|)      :   0.00000000    0.00532208    0.00386434    0.00249808    0.00270297    0.00271332    0.00364366    0.01077446    0.01008589    0.00000000 
max(|Force|)     :   0.00140850    0.00473374    0.01063952    0.01391414    0.00255498    0.00536178    0.01763513    0.01678067    0.01027724    0.00162717 
ksp              :   0.01000000    0.01881664    0.07862753    0.10000000    0.10000000    0.09616956    0.06617269    0.01000000    0.01000000 
max(|step|)      :   0.00000000    0.08954183    0.06554287    0.04715832    0.04010153    0.02225212    0.05323033    0.10000000    0.09511367    0.00000000 
angle (deg.)     :    16.8863  73.3604  14.6535  29.2853  17.9638  15.9115  83.9300  14.3273 
>
iteration       : 22
climbing        : yes
zoom on         : no
nim             : 10
barrier         :   0.02309598 (image:  4) 
distance        :   0.00000000    2.89392534    4.90644585    5.49879616    6.02415194    6.42899418    6.84156563    7.39627387   10.54041810   12.66599962 
energy          : -1076.12362818  -1076.12647148  -1076.12005289  -1076.10486270  -1076.10053220  -1076.10172814  -1076.10708299  -1076.12232005  -1076.14590331  -1076.14969659 
max(|Fr_perp|)   :   0.00000000    0.01265877    0.00586763    0.00570912    0.00522087    0.00527400    0.02293399    0.01037543    0.01779664    0.00000000 
Fr_paral         :   0.00000000    0.00011544   -0.01995450   -0.01900890   -0.00212952    0.00869532    0.02126058    0.02923298    0.00169106    0.00000000 
max(|Fsp_paral|) :   0.00000000    0.00541858    0.00058565    0.00170736    0.00538690    0.00052293    0.00111234    0.00344241    0.00778803    0.00000000 
max(|Fsp_perp|)  :   0.00000000    0.00000000    0.00000000    0.00000000    0.00000000    0.00000000    0.00000000    0.00000000    0.00000000    0.00000000 
max(|FNEB|)      :   0.00000000    0.01186139    0.00591558    0.00581712    0.00530581    0.00535727    0.02333665    0.01057363    0.01796505    0.00000000 
max(|Force|)     :   0.00140850    0.01271988    0.00928942    0.01211048    0.00529100    0.00596358    0.02260385    0.01762340    0.01813817    0.00162717 
ksp              :   0.01000000    0.02394736    0.08312578    0.10000000    0.10000000    0.09533971    0.07454287    0.01515861    0.01000000 
max(|step|)      :   0.00000000    0.01236919    0.00616884    0.00606616    0.00553296    0.00558662    0.02433573    0.01102630    0.01873416    0.00000000 
angle (deg.)     :    16.7931  73.2362  14.4386  29.5026  17.4394  14.8017  83.5897  13.7915 
>
iteration       : 23
climbing        : yes
zoom on         : no
nim             : 10
barrier         :   0.02290462 (image:  4) 
distance        :   0.00000000    2.91367117    4.90600308    5.49842761    6.02502867    6.42649096    6.84505747    7.40147403   10.50853505   12.65917350 
energy          : -1076.12362818  -1076.12679961  -1076.12032982  -1076.10503150  -1076.10072356  -1076.10191065  -1076.10770456  -1076.12298522  -1076.14635943  -1076.14969659 
max(|Fr_perp|)   :   0.00000000    0.00687101    0.00438240    0.00441484    0.00331672    0.00314734    0.01451598    0.00837645    0.01556877    0.00000000 
Fr_paral         :   0.00000000   -0.00003863   -0.02114994   -0.01902766   -0.00208709    0.00867444    0.02303542    0.02958702    0.00284643    0.00000000 
max(|Fsp_paral|) :   0.00000000    0.00468784    0.00191110    0.00177899    0.00557385    0.00011054    0.00026098    0.00079841    0.00512886    0.00000000 
max(|Fsp_perp|)  :   0.00000000    0.00000000    0.00000000    0.00000000    0.00000000    0.00000000    0.00000000    0.00000000    0.00000000    0.00000000 
max(|FNEB|)      :   0.00000000    0.00610634    0.00545280    0.00443382    0.00331412    0.00315242    0.01439888    0.00825506    0.01511019    0.00000000 
max(|Force|)     :   0.00140850    0.00687281    0.01022122    0.01156723    0.00331932    0.00533748    0.01577220    0.01707546    0.01564593    0.00162717 
ksp              :   0.01000000    0.02296038    0.08307266    0.10000000    0.10000000    0.09533552    0.07256929    0.01252641    0.01000000 
max(|step|)      :   0.00000000    0.00691295    0.00501181    0.00330029    0.00322500    0.00313688    0.00392693    0.00434274    0.00656038    0.00000000 
angle (deg.)     :    16.8344  73.0176  14.3401  29.6943  17.2947  14.2167  83.0975  13.5950 
>
iteration       : 24
climbing        : yes
zoom on         : no
nim             : 10
barrier         :   0.02283395 (image:  4) 
distance        :   0.00000000    2.92941645    4.90712043    5.49826010    6.02587722    6.42504635    6.84660990    7.40159595   10.48366423   12.65140178 
energy          : -1076.12362818  -1076.12692557  -1076.12042904  -1076.10509645  -1076.10079423  -1076.10197626  -1076.10792547  -1076.12325456  -1076.14660808  -1076.14969659 
max(|Fr_perp|)   :   0.00000000    0.00379425    0.00308848    0.00214059    0.00203117    0.00196578    0.00910905    0.00448590    0.00616743    0.00000000 
Fr_paral         :   0.00000000   -0.00010799   -0.02209858   -0.01905015   -0.00206128    0.00867577    0.02368181    0.03001678    0.00309917    0.00000000 
max(|Fsp_paral|) :   0.00000000    0.00435544    0.00238787    0.00189233    0.00570561    0.00012604    0.00016140    0.00247714    0.00403007    0.00000000 
max(|Fsp_perp|)  :   0.00000000    0.00000000    0.00000000    0.00000000    0.00000000    0.00000000    0.00000000    0.00000000    0.00000000    0.00000000 
max(|FNEB|)      :   0.00000000    0.00476245    0.00474958    0.00204348    0.00204661    0.00196284    0.00900383    0.00432352    0.00578431    0.00000000 
max(|Force|)     :   0.00140850    0.00379927    0.01097672    0.01123756    0.00201573    0.00497185    0.01518366    0.01701767    0.00625682    0.00162717 
ksp              :   0.01000000    0.02260941    0.08304282    0.10000000    0.10000000    0.09534104    0.07189221    0.01147263    0.01000000 
max(|step|)      :   0.00000000    0.01907939    0.01886925    0.00934046    0.00851455    0.00803944    0.01083158    0.01382866    0.02101544    0.00000000 
angle (deg.)     :    17.3895  71.8083  14.3465  30.5053  17.1596  12.5116  80.5054  13.4909 
>
iteration       : 25
climbing        : yes
zoom on         : no
nim             : 10
barrier         :   0.02278907 (image:  4) 
distance        :   0.00000000    2.99263872    4.91634970    5.49962014    6.03089445    6.42256340    6.85020056    7.39155649   10.38615232   12.61337311 
energy          : -1076.12362818  -1076.12701508  -1076.12031211  -1076.10510308  -1076.10083911  -1076.10202849  -1076.10815445  -1076.12336477  -1076.14656466  -1076.14969659 
max(|Fr_perp|)   :   0.00000000    0.00328172    0.00149270    0.00188268    0.00168871    0.00175752    0.00473292    0.00213633    0.00443232    0.00000000 
Fr_paral         :   0.00000000   -0.00033925   -0.02495690   -0.01903319   -0.00190495    0.00873453    0.02428239    0.03155208    0.00372651    0.00000000 
max(|Fsp_paral|) :   0.00000000    0.00408727    0.00215109    0.00237003    0.00615297    0.00073894    0.00124623    0.00292632    0.00317140    0.00000000 
max(|Fsp_perp|)  :   0.00000000    0.00000000    0.00000000    0.00000000    0.00000000    0.00000000    0.00000000    0.00000000    0.00000000    0.00000000 
max(|FNEB|)      :   0.00000000    0.00468581    0.00165591    0.00159462    0.00169355    0.00175054    0.00485552    0.00236723    0.00455913    0.00000000 
max(|Force|)     :   0.00140850    0.00331603    0.01381355    0.01164152    0.00168387    0.00408939    0.01367534    0.01790205    0.00445469    0.00162717 
ksp              :   0.01000000    0.02309601    0.08316046    0.10000000    0.10000000    0.09530283    0.07110980    0.01104026    0.01000000 
max(|step|)      :   0.00000000    0.02383389    0.01443645    0.00751266    0.00607184    0.00488174    0.00499716    0.01320643    0.02445629    0.00000000 
angle (deg.)     :    18.4716  70.2003  14.6464  31.4902  17.2204  10.9287  77.0588  13.9821 
>
iteration       : 26
climbing        : yes
zoom on         : no
nim             : 10
barrier         :   0.02278964 (image:  4) 
distance        :   0.00000000    3.07124518    4.93273343    5.50929659    6.04317801    6.42890216    6.85616268    7.38350535   10.27992169   12.57699621 
energy          : -1076.12362818  -1076.12700461  -1076.11989798  -1076.10500451  -1076.10083853  -1076.10207308  -1076.10824499  -1076.12314409  -1076.14595346  -1076.14969659 
max(|Fr_perp|)   :   0.00000000    0.00578724    0.00426719    0.00310570    0.00261607    0.00261105    0.00376853    0.00398060    0.02144029    0.00000000 
Fr_paral         :   0.00000000   -0.00051605   -0.02645343   -0.01882481   -0.00167832    0.00888936    0.02453287    0.03250304    0.00371952    0.00000000 
max(|Fsp_paral|) :   0.00000000    0.00429582    0.00109843    0.00266697    0.00651614    0.00097662    0.00183671    0.00150200    0.00336929    0.00000000 
max(|Fsp_perp|)  :   0.00000000    0.00000000    0.00000000    0.00000000    0.00000000    0.00000000    0.00000000    0.00000000    0.00000000    0.00000000 
max(|FNEB|)      :   0.00000000    0.00639164    0.00319690    0.00308772    0.00262284    0.00260655    0.00377045    0.00415721    0.02183500    0.00000000 
max(|Force|)     :   0.00140850    0.00576655    0.01680242    0.01212067    0.00260930    0.00432188    0.01389867    0.01875612    0.02147204    0.00162717 
ksp              :   0.01000000    0.02473117    0.08354788    0.10000000    0.10000000    0.09512459    0.07075071    0.01191175    0.01000000 
max(|step|)      :   0.00000000    0.04562604    0.02051143    0.01392949    0.01112815    0.00894606    0.00810462    0.02027228    0.04693863    0.00000000 
angle (deg.)     :    20.8473  67.1965  15.5978  33.3696  17.5296  10.7887  70.4313  15.1126 
>
iteration       : 27
climbing        : yes
zoom on         : no
nim             : 10
barrier         :   0.02279345 (image:  4) 
distance        :   0.00000000    3.22255249    4.96792124    5.53694891    6.07460742    6.45091461    6.87396212    7.38421776   10.09821285   12.52862126 
energy          : -1076.12362818  -1076.12698621  -1076.11901841  -1076.10478952  -1076.10083472  -1076.10216630  -1076.10832628  -1076.12268192  -1076.14505799  -1076.14969659 
max(|Fr_perp|)   :   0.00000000    0.00830535    0.00823977    0.00425705    0.00364494    0.00342588    0.00456854    0.00622839    0.02685856    0.00000000 
Fr_paral         :   0.00000000   -0.00084023   -0.02756673   -0.01832381   -0.00124507    0.00923609    0.02475516    0.03321395    0.00405275    0.00000000 
max(|Fsp_paral|) :   0.00000000    0.00474743    0.00059731    0.00292670    0.00709381    0.00118220    0.00228695    0.00070825    0.00374620    0.00000000 
max(|Fsp_perp|)  :   0.00000000    0.00000000    0.00000000    0.00000000    0.00000000    0.00000000    0.00000000    0.00000000    0.00000000    0.00000000 
max(|FNEB|)      :   0.00000000    0.00886878    0.00873316    0.00424004    0.00365326    0.00342754    0.00457542    0.00632901    0.02735608    0.00000000 
max(|Force|)     :   0.00140850    0.00827694    0.02080380    0.01272170    0.00363661    0.00457962    0.01408504    0.02009813    0.02669888    0.00162717 
ksp              :   0.01000000    0.02820166    0.08438449    0.10000000    0.10000000    0.09474229    0.07041959    0.01373632    0.01000000 
max(|step|)      :   0.00000000    0.09777550    0.02717054    0.02739194    0.02159865    0.01834846    0.01528474    0.03759207    0.10000000    0.00000000 
angle (deg.)     :    26.9283  61.1448  18.1881  37.3239  18.4269  19.2946  57.0531  18.0845 
>
iteration       : 28
climbing        : yes
zoom on         : no
nim             : 10
barrier         :   0.02278232 (image:  4) 
distance        :   0.00000000    3.54715043    5.05398127    5.62214563    6.16607786    6.52600142    6.93767782    7.44169270    9.78045861   12.49581646 
energy          : -1076.12362818  -1076.12699005  -1076.11738411  -1076.10432757  -1076.10084586  -1076.10237228  -1076.10844260  -1076.12203925  -1076.14305774  -1076.14969659 
max(|Fr_perp|)   :   0.00000000    0.01127198    0.01380173    0.00489788    0.00464237    0.00409445    0.00619974    0.00932475    0.03622036    0.00000000 
Fr_paral         :   0.00000000   -0.00153779   -0.02722552   -0.01711059   -0.00033311    0.00993837    0.02501253    0.03249890    0.00445522    0.00000000 
max(|Fsp_paral|) :   0.00000000    0.00464443    0.00153503    0.00272366    0.00813792    0.00135180    0.00187391    0.00142344    0.00314963    0.00000000 
max(|Fsp_perp|)  :   0.00000000    0.00000000    0.00000000    0.00000000    0.00000000    0.00000000    0.00000000    0.00000000    0.00000000    0.00000000 
max(|FNEB|)      :   0.00000000    0.01168443    0.01520688    0.00520578    0.00466516    0.00412515    0.00634702    0.01025911    0.03731977    0.00000000 
max(|Force|)     :   0.00140850    0.01127408    0.02554337    0.01327599    0.00465778    0.00515127    0.01467317    0.02245089    0.03662857    0.00162717 
ksp              :   0.01000000    0.03470737    0.08624818    0.10000000    0.10000000    0.09397022    0.06999417    0.01631551    0.01000000 
max(|step|)      :   0.00000000    0.01493654    0.01943938    0.00665469    0.00596361    0.00527330    0.00811358    0.01311450    0.04770691    0.00000000 
angle (deg.)     :    27.3200  61.3866  17.0395  37.1911  18.4337  17.3287  58.3539  18.1311 
>
iteration       : 29
climbing        : yes
zoom on         : no
nim             : 10
barrier         :   0.02261179 (image:  4) 
distance        :   0.00000000    3.57002152    5.06080882    5.63861163    6.18011653    6.54322719    6.94981034    7.46183782    9.79257478   12.52182276 
energy          : -1076.12362818  -1076.12738361  -1076.11835563  -1076.10448072  -1076.10101639  -1076.10255289  -1076.10856391  -1076.12282203  -1076.14372599  -1076.14969659 
max(|Fr_perp|)   :   0.00000000    0.00727021    0.00974708    0.00562045    0.00338317    0.00229053    0.00729504    0.00667099    0.04235136    0.00000000 
Fr_paral         :   0.00000000   -0.00104887   -0.02793767   -0.01696431   -0.00039526    0.00999782    0.02490382    0.03305050    0.00500745    0.00000000 
max(|Fsp_paral|) :   0.00000000    0.00290871    0.00177099    0.00220741    0.00794825    0.00093045    0.00129916    0.00256163    0.00099962    0.00000000 
max(|Fsp_perp|)  :   0.00000000    0.00000000    0.00000000    0.00000000    0.00000000    0.00000000    0.00000000    0.00000000    0.00000000    0.00000000 
max(|FNEB|)      :   0.00000000    0.00756250    0.00804447    0.00564582    0.00338851    0.00250151    0.00732311    0.00549607    0.04241853    0.00000000 
max(|Force|)     :   0.00140850    0.00724008    0.02238835    0.01237001    0.00337782    0.00487717    0.01435156    0.02111146    0.04224133    0.00162717 
ksp              :   0.01000000    0.03098594    0.08621121    0.10000000    0.10000000    0.09388440    0.06995918    0.01320866    0.01000000 
max(|step|)      :   0.00000000    0.00835155    0.00980979    0.00354067    0.00313110    0.00272901    0.00287777    0.00635908    0.01377939    0.00000000 
angle (deg.)     :    27.6771  61.5170  16.4945  37.1079  18.4554  16.1084  59.1148  18.3371 
>
iteration       : 30
climbing        : yes
zoom on         : no
nim             : 10
barrier         :   0.02254454 (image:  4) 
distance        :   0.00000000    3.58283355    5.06791379    5.64818416    6.18851757    6.55339644    6.95731387    7.46994777    9.80148698   12.53717920 
energy          : -1076.12362818  -1076.12753302  -1076.11870813  -1076.10454483  -1076.10108363  -1076.10262832  -1076.10863635  -1076.12308081  -1076.14483820  -1076.14969659 
max(|Fr_perp|)   :   0.00000000    0.00481855    0.00744007    0.00320597    0.00181360    0.00163176    0.00343174    0.00512169    0.01821286    0.00000000 
Fr_paral         :   0.00000000   -0.00083912   -0.02799572   -0.01689577   -0.00044061    0.01004919    0.02496824    0.03318910    0.00518469    0.00000000 
max(|Fsp_paral|) :   0.00000000    0.00227245    0.00300242    0.00205405    0.00784838    0.00070396    0.00115880    0.00382095    0.00030104    0.00000000 
max(|Fsp_perp|)  :   0.00000000    0.00000000    0.00000000    0.00000000    0.00000000    0.00000000    0.00000000    0.00000000    0.00000000    0.00000000 
max(|FNEB|)      :   0.00000000    0.00506601    0.00458617    0.00292188    0.00181842    0.00199403    0.00344540    0.00551743    0.01822154    0.00000000 
max(|Force|)     :   0.00140850    0.00479241    0.02045730    0.01183010    0.00180878    0.00477438    0.01449949    0.02064038    0.01813179    0.00162717 
ksp              :   0.01000000    0.02964133    0.08618256    0.10000000    0.10000000    0.09383348    0.06984883    0.01218516    0.01000000 
max(|step|)      :   0.00000000    0.02040890    0.02232220    0.00844417    0.00731451    0.00695391    0.00676133    0.01501181    0.02130031    0.00000000 
angle (deg.)     :    28.8953  61.9995  15.6749  36.8932  18.5848  12.8047  61.3808  19.2886 
>
iteration       : 31
climbing        : yes
zoom on         : no
nim             : 10
barrier         :   0.02247614 (image:  4) 
distance        :   0.00000000    3.61723703    5.09372626    5.67574068    6.21326607    6.58253637    6.97967018    7.48783043    9.83058103   12.58212975 
energy          : -1076.12362818  -1076.12766972  -1076.11903802  -1076.10456590  -1076.10115204  -1076.10274203  -1076.10867496  -1076.12317014  -1076.14537848  -1076.14969659 
max(|Fr_perp|)   :   0.00000000    0.00170286    0.00197622    0.00187298    0.00105449    0.00103501    0.00127541    0.00175229    0.00203590    0.00000000 
Fr_paral         :   0.00000000   -0.00047482   -0.02712005   -0.01661584   -0.00044727    0.01017011    0.02482717    0.03281640    0.00431760    0.00000000 
max(|Fsp_paral|) :   0.00000000    0.00158758    0.00442525    0.00180273    0.00761635    0.00012727    0.00093029    0.00417058    0.00005943    0.00000000 
max(|Fsp_perp|)  :   0.00000000    0.00000000    0.00000000    0.00000000    0.00000000    0.00000000    0.00000000    0.00000000    0.00000000    0.00000000 
max(|FNEB|)      :   0.00000000    0.00224401    0.00328471    0.00101749    0.00106176    0.00104729    0.00127676    0.00294576    0.00198632    0.00000000 
max(|Force|)     :   0.00140850    0.00181282    0.01545487    0.01041365    0.00104721    0.00542777    0.01490683    0.01933484    0.00307905    0.00162717 
ksp              :   0.01000000    0.02838014    0.08633005    0.10000000    0.10000000    0.09363328    0.06987636    0.01183410    0.01000000 
max(|step|)      :   0.00000000    0.00681539    0.00629533    0.00324184    0.00220850    0.00258648    0.00317118    0.00830904    0.00508383    0.00000000 
angle (deg.)     :    29.8511  62.1932  15.4197  36.8126  18.6242  11.0180  62.8821  19.9809 
>
iteration       : 32
climbing        : yes
zoom on         : no
nim             : 10
barrier         :   0.02245113 (image:  4) 
distance        :   0.00000000    3.63760681    5.11688626    5.68760874    6.22407873    6.59390798    6.98909653    7.48504124    9.84110324   12.59951946 
energy          : -1076.12362818  -1076.12771868  -1076.11870960  -1076.10455695  -1076.10117705  -1076.10278517  -1076.10869273  -1076.12280174  -1076.14539406  -1076.14969659 
max(|Fr_perp|)   :   0.00000000    0.00168057    0.00123555    0.00151303    0.00096129    0.00081713    0.00149080    0.00167274    0.00585057    0.00000000 
Fr_paral         :   0.00000000   -0.00050127   -0.02724351   -0.01646568   -0.00041482    0.01019609    0.02474079    0.03275228    0.00397372    0.00000000 
max(|Fsp_paral|) :   0.00000000    0.00209409    0.00289989    0.00221398    0.00756364    0.00000574    0.00128619    0.00178269    0.00107219    0.00000000 
max(|Fsp_perp|)  :   0.00000000    0.00000000    0.00000000    0.00000000    0.00000000    0.00000000    0.00000000    0.00000000    0.00000000    0.00000000 
max(|FNEB|)      :   0.00000000    0.00278670    0.00224292    0.00149786    0.00096536    0.00081452    0.00150052    0.00160703    0.00583760    0.00000000 
max(|Force|)     :   0.00140850    0.00172974    0.01541474    0.00997612    0.00095723    0.00540829    0.01481159    0.01897772    0.00587348    0.00162717 
ksp              :   0.01000000    0.02971714    0.08645096    0.10000000    0.10000000    0.09355353    0.06987185    0.01331294    0.01000000 
max(|step|)      :   0.00000000    0.02864915    0.02309070    0.01245217    0.00839151    0.00834373    0.00987866    0.02494790    0.01747414    0.00000000 
angle (deg.)     :    33.4956  63.5662  15.5522  36.6693  18.8516  7.0786  69.4010  22.2728 
>
iteration       : 33
climbing        : yes
zoom on         : no
nim             : 10
barrier         :   0.02240283 (image:  4) 
distance        :   0.00000000    3.72370013    5.20751520    5.74440181    6.27444441    6.64507092    7.03196347    7.49874864    9.88733634   12.68248998 
energy          : -1076.12362818  -1076.12788341  -1076.11740400  -1076.10443824  -1076.10122535  -1076.10288200  -1076.10865295  -1076.12162654  -1076.14534213  -1076.14969659 
max(|Fr_perp|)   :   0.00000000    0.00164485    0.00340546    0.00300007    0.00202577    0.00200082    0.00419163    0.00278416    0.00444426    0.00000000 
Fr_paral         :   0.00000000   -0.00067114   -0.02735097   -0.01579689   -0.00029183    0.01024135    0.02432952    0.03199237    0.00320217    0.00000000 
max(|Fsp_paral|) :   0.00000000    0.00400279    0.00293503    0.00319754    0.00728784    0.00046533    0.00186169    0.00579442    0.00424180    0.00000000 
max(|Fsp_perp|)  :   0.00000000    0.00000000    0.00000000    0.00000000    0.00000000    0.00000000    0.00000000    0.00000000    0.00000000    0.00000000 
max(|FNEB|)      :   0.00000000    0.00472711    0.00348679    0.00297446    0.00200932    0.00203491    0.00419953    0.00620780    0.00596872    0.00000000 
max(|Force|)     :   0.00140850    0.00171642    0.01531020    0.00929822    0.00204223    0.00531850    0.01441242    0.01754244    0.00446162    0.00162717 
ksp              :   0.01000000    0.03500471    0.08709270    0.10000000    0.10000000    0.09334465    0.07016074    0.01804128    0.01000000 
max(|step|)      :   0.00000000    0.04358832    0.02858931    0.01690013    0.01138210    0.01132308    0.01219170    0.02134105    0.02972086    0.00000000 
angle (deg.)     :    38.2544  66.5123  18.1158  36.7710  19.2574  13.5327  78.6523  24.6313 
>
iteration       : 34
climbing        : yes
zoom on         : no
nim             : 10
barrier         :   0.02236563 (image:  4) 
distance        :   0.00000000    3.85687856    5.32962092    5.84605009    6.36377996    6.73339882    7.10888400    7.57462548    9.96975583   12.83532622 
energy          : -1076.12362818  -1076.12806734  -1076.11594494  -1076.10420615  -1076.10126255  -1076.10295301  -1076.10851406  -1076.12072082  -1076.14508419  -1076.14969659 
max(|Fr_perp|)   :   0.00000000    0.00336044    0.00565634    0.00390157    0.00317843    0.00328271    0.00532051    0.00578313    0.00797075    0.00000000 
Fr_paral         :   0.00000000   -0.00088332   -0.02628625   -0.01474233   -0.00015587    0.01024319    0.02374631    0.02963745    0.00258604    0.00000000 
max(|Fsp_paral|) :   0.00000000    0.00578748    0.00873942    0.00316456    0.00680741    0.00096238    0.00110722    0.01071097    0.00645121    0.00000000 
max(|Fsp_perp|)  :   0.00000000    0.00000000    0.00000000    0.00000000    0.00000000    0.00000000    0.00000000    0.00000000    0.00000000    0.00000000 
max(|FNEB|)      :   0.00000000    0.00655029    0.00785899    0.00395094    0.00316955    0.00336001    0.00533848    0.01133296    0.00845245    0.00000000 
max(|Force|)     :   0.00140850    0.00347495    0.01467712    0.00932838    0.00318730    0.00536819    0.01415386    0.01629425    0.00797584    0.00162717 
ksp              :   0.01000000    0.04091760    0.08815487    0.10000000    0.10000000    0.09319755    0.07081971    0.02169931    0.01000000 
max(|step|)      :   0.00000000    0.10000000    0.05997856    0.03665927    0.02495134    0.02485689    0.02667855    0.04160303    0.06986436    0.00000000 
angle (deg.)     :    48.7618  75.3945  28.7902  37.4729  20.4930  33.9318  96.4606  29.2493 
>
iteration       : 35
climbing        : yes
zoom on         : no
nim             : 10
barrier         :   0.02236644 (image:  4) 
distance        :   0.00000000    4.16531922    5.62209831    6.13126512    6.62157073    6.98779339    7.34121938    7.86833142   10.25621394   13.29340409 
energy          : -1076.12362818  -1076.12834982  -1076.11271133  -1076.10358826  -1076.10126174  -1076.10300570  -1076.10798554  -1076.11880706  -1076.14418327  -1076.14969659 
max(|Fr_perp|)   :   0.00000000    0.00611777    0.00949416    0.01275763    0.00750511    0.00527417    0.01665772    0.01266465    0.01107898    0.00000000 
Fr_paral         :   0.00000000   -0.00135881   -0.02044746   -0.01227507    0.00022431    0.01005762    0.02174910    0.02094665    0.00154765    0.00000000 
max(|Fsp_paral|) :   0.00000000    0.01101112    0.02028719    0.00139877    0.00574221    0.00184897    0.00304776    0.01770818    0.01193430    0.00000000 
max(|Fsp_perp|)  :   0.00000000    0.00000000    0.00000000    0.00000000    0.00000000    0.00000000    0.00000000    0.00000000    0.00000000    0.00000000 
max(|FNEB|)      :   0.00000000    0.01011464    0.02015420    0.01299195    0.00762028    0.00545301    0.01675523    0.01902545    0.01385796    0.00000000 
max(|Force|)     :   0.00140850    0.00632529    0.01263610    0.01274298    0.00763000    0.00563049    0.01625920    0.01653047    0.01121822    0.00162717 
ksp              :   0.01000000    0.05398604    0.09064758    0.10000000    0.10000000    0.09298060    0.07297386    0.02948342    0.01000000 
max(|step|)      :   0.00000000    0.02167265    0.04318443    0.02783786    0.01632797    0.01168416    0.03590144    0.04076584    0.02969346    0.00000000 
angle (deg.)     :    48.3725  74.3168  26.7997  37.7943  19.5682  31.4919  96.1095  26.7554 
>
iteration       : 36
climbing        : yes
zoom on         : no
nim             : 10
barrier         :   0.02229465 (image:  4) 
distance        :   0.00000000    4.23987202    5.58370050    6.16338720    6.65323111    7.01257813    7.38926396    7.97153909   10.24336860   13.35224569 
energy          : -1076.12362818  -1076.12835403  -1076.11553953  -1076.10332678  -1076.10133353  -1076.10315069  -1076.10767563  -1076.12084432  -1076.14408464  -1076.14969659 
max(|Fr_perp|)   :   0.00000000    0.01501606    0.01320652    0.03250195    0.01897959    0.00757000    0.04418017    0.03024656    0.02408095    0.00000000 
Fr_paral         :   0.00000000   -0.00120974   -0.01984266   -0.01147467    0.00100977    0.00967444    0.01876214    0.02010376    0.00367968    0.00000000 
max(|Fsp_paral|) :   0.00000000    0.00421574    0.00246547    0.00210440    0.00606970    0.00050517    0.00458427    0.00272516    0.00492016    0.00000000 
max(|Fsp_perp|)  :   0.00000000    0.00000000    0.00000000    0.00000000    0.00000000    0.00000000    0.00000000    0.00000000    0.00000000    0.00000000 
max(|FNEB|)      :   0.00000000    0.01465212    0.01330627    0.03248979    0.01895916    0.00758288    0.04373248    0.03028596    0.02366261    0.00000000 
max(|Force|)     :   0.00140850    0.01504571    0.01366471    0.03243797    0.01900003    0.00751874    0.04317849    0.03040103    0.02417496    0.00162717 
ksp              :   0.01000000    0.04265259    0.09195355    0.10000000    0.10000000    0.09266440    0.07439793    0.02123799    0.01000000 
max(|step|)      :   0.00000000    0.00995406    0.01272235    0.01450412    0.00843844    0.00501897    0.01999947    0.02078678    0.01322467    0.00000000 
angle (deg.)     :    48.3598  73.4992  25.4956  37.7387  18.9206  29.5927  95.5990  25.7518 
>
iteration       : 37
climbing        : yes
zoom on         : no
nim             : 10
barrier         :   0.02205412 (image:  4) 
distance        :   0.00000000    4.27347452    5.56764551    6.16753936    6.66063977    7.01822320    7.41053797    8.00547311   10.21870885   13.36075383 
energy          : -1076.12362818  -1076.12852245  -1076.11686491  -1076.10401859  -1076.10157406  -1076.10326346  -1076.10915867  -1076.12328815  -1076.14479650  -1076.14969659 
max(|Fr_perp|)   :   0.00000000    0.00400988    0.00599835    0.00821523    0.00496528    0.00205761    0.01076173    0.00993592    0.00607920    0.00000000 
Fr_paral         :   0.00000000   -0.00105761   -0.01943368   -0.01284060    0.00012954    0.01034898    0.02435158    0.02090688    0.00426408    0.00000000 
max(|Fsp_paral|) :   0.00000000    0.00160976    0.00323982    0.00228379    0.00619934    0.00037968    0.00249717    0.00868692    0.00177527    0.00000000 
max(|Fsp_perp|)  :   0.00000000    0.00000000    0.00000000    0.00000000    0.00000000    0.00000000    0.00000000    0.00000000    0.00000000    0.00000000 
max(|FNEB|)      :   0.00000000    0.00387149    0.00691565    0.00826016    0.00496545    0.00206368    0.01073016    0.01226331    0.00619577    0.00000000 
max(|Force|)     :   0.00140850    0.00403475    0.00829460    0.00830206    0.00496511    0.00614597    0.01546515    0.01490299    0.00616123    0.00162717 
ksp              :   0.01000000    0.03760004    0.09002418    0.10000000    0.10000000    0.09310575    0.06904817    0.01138760    0.01000000 
max(|step|)      :   0.00000000    0.00516468    0.00840936    0.00682292    0.00413189    0.00217696    0.00892693    0.01140610    0.00509131    0.00000000 
angle (deg.)     :    48.5039  72.0807  24.2528  37.6006  18.7406  27.8548  93.7282  25.7489 
>
iteration       : 38
climbing        : yes
zoom on         : no
nim             : 10
barrier         :   0.02202073 (image:  4) 
distance        :   0.00000000    4.28965553    5.55966137    6.15528784    6.65530512    7.01320574    7.41379040    7.99317557   10.18017801   13.32563216 
energy          : -1076.12362818  -1076.12854892  -1076.11739714  -1076.10417710  -1076.10160745  -1076.10329489  -1076.10944508  -1076.12379472  -1076.14487543  -1076.14969659 
max(|Fr_perp|)   :   0.00000000    0.00159282    0.00466416    0.00325743    0.00199995    0.00091288    0.00420214    0.00807113    0.00224570    0.00000000 
Fr_paral         :   0.00000000   -0.00100283   -0.02136860   -0.01329625    0.00007437    0.01044520    0.02512114    0.02312072    0.00423898    0.00000000 
max(|Fsp_paral|) :   0.00000000    0.00057277    0.00493623    0.00160946    0.00647871    0.00074706    0.00114626    0.00942510    0.00273861    0.00000000 
max(|Fsp_perp|)  :   0.00000000    0.00000000    0.00000000    0.00000000    0.00000000    0.00000000    0.00000000    0.00000000    0.00000000    0.00000000 
max(|FNEB|)      :   0.00000000    0.00151301    0.00793845    0.00331583    0.00199909    0.00158183    0.00416999    0.01178916    0.00401230    0.00000000 
max(|Force|)     :   0.00140850    0.00186045    0.00969976    0.00810593    0.00200081    0.00602384    0.01562887    0.01437237    0.00248870    0.00162717 
ksp              :   0.01000000    0.03546660    0.08949769    0.10000000    0.10000000    0.09310334    0.06796717    0.01000000    0.01000000 
max(|step|)      :   0.00000000    0.00598852    0.01090740    0.00770069    0.00305737    0.00265662    0.00873421    0.01827136    0.00508874    0.00000000 
angle (deg.)     :    48.8408  69.6793  22.4808  37.3894  18.6365  25.1123  90.2469  26.0881 
>
iteration       : 39
climbing        : yes
zoom on         : no
nim             : 10
barrier         :   0.02201078 (image:  4) 
distance        :   0.00000000    4.30716469    5.55187942    6.13269926    6.64351675    7.00353267    7.41357173    7.96373772   10.11964421   13.26232460 
energy          : -1076.12362818  -1076.12856903  -1076.11776101  -1076.10432558  -1076.10161740  -1076.10333305  -1076.10966162  -1076.12396266  -1076.14488966  -1076.14969659 
max(|Fr_perp|)   :   0.00000000    0.00385324    0.00354263    0.00854473    0.00506150    0.00202437    0.01092130    0.00757877    0.00593840    0.00000000 
Fr_paral         :   0.00000000   -0.00093628   -0.02441481   -0.01383321    0.00012484    0.01052891    0.02548623    0.02619833    0.00405658    0.00000000 
max(|Fsp_paral|) :   0.00000000    0.00020474    0.00544147    0.00027747    0.00685814    0.00105981    0.00066661    0.00803943    0.00282794    0.00000000 
max(|Fsp_perp|)  :   0.00000000    0.00000000    0.00000000    0.00000000    0.00000000    0.00000000    0.00000000    0.00000000    0.00000000    0.00000000 
max(|FNEB|)      :   0.00000000    0.00383556    0.00724150    0.00851721    0.00505944    0.00201379    0.01093770    0.00855517    0.00576515    0.00000000 
max(|Force|)     :   0.00140850    0.00383207    0.01252297    0.00877421    0.00506356    0.00580334    0.01569115    0.01667025    0.00586579    0.00162717 
ksp              :   0.01000000    0.03399032    0.08892651    0.10000000    0.10000000    0.09298488    0.06710795    0.01000000    0.01000000 
max(|step|)      :   0.00000000    0.00949022    0.02697510    0.01357245    0.00468354    0.00685336    0.01387132    0.03696295    0.01248594    0.00000000 
angle (deg.)     :    49.9182  64.3219  19.4230  37.1077  18.7836  18.9912  81.2548  27.3628 
>
iteration       : 40
climbing        : yes
zoom on         : no
nim             : 10
barrier         :   0.02198239 (image:  4) 
distance        :   0.00000000    4.33156927    5.54747062    6.08993411    6.61921062    6.98823087    7.40798690    7.90314814   10.00476623   13.13295716 
energy          : -1076.12362818  -1076.12865171  -1076.11756540  -1076.10465724  -1076.10164579  -1076.10343745  -1076.11005520  -1076.12374179  -1076.14501411  -1076.14969659 
max(|Fr_perp|)   :   0.00000000    0.00386502    0.00362456    0.00827333    0.00520559    0.00204952    0.01127139    0.01112790    0.00607250    0.00000000 
Fr_paral         :   0.00000000   -0.00084963   -0.02836595   -0.01493955    0.00008184    0.01084673    0.02630174    0.03028827    0.00395045    0.00000000 
max(|Fsp_paral|) :   0.00000000    0.00026213    0.00286910    0.00263597    0.00726084    0.00100021    0.00357599    0.00585368    0.00297521    0.00000000 
max(|Fsp_perp|)  :   0.00000000    0.00000000    0.00000000    0.00000000    0.00000000    0.00000000    0.00000000    0.00000000    0.00000000    0.00000000 
max(|FNEB|)      :   0.00000000    0.00384248    0.00362018    0.00831781    0.00520433    0.00203897    0.01139672    0.01119557    0.00589437    0.00000000 
max(|Force|)     :   0.00140850    0.00384572    0.01736253    0.00977003    0.00520686    0.00546547    0.01566432    0.01936102    0.00600263    0.00162717 
ksp              :   0.01000000    0.03482216    0.08767058    0.10000000    0.10000000    0.09266460    0.06557030    0.01000000    0.01000000 
max(|step|)      :   0.00000000    0.01505631    0.02202359    0.00915668    0.00714647    0.00985112    0.00638663    0.04331617    0.03026021    0.00000000 
angle (deg.)     :    52.1714  57.2366  17.0898  37.4682  19.7153  13.7881  64.8637  30.5084 
>
iteration       : 41
climbing        : yes
zoom on         : no
nim             : 10
barrier         :   0.02192699 (image:  4) 
distance        :   0.00000000    4.36879901    5.55806887    6.07801467    6.61509821    7.00040099    7.40888342    7.85714258    9.91135856   12.99938781 
energy          : -1076.12362818  -1076.12880608  -1076.11712405  -1076.10484427  -1076.10170119  -1076.10360895  -1076.11017433  -1076.12231801  -1076.14383667  -1076.14969659 
max(|Fr_perp|)   :   0.00000000    0.00350841    0.00455537    0.00973363    0.00381654    0.00556728    0.00644401    0.02959696    0.04578277    0.00000000 
Fr_paral         :   0.00000000   -0.00080138   -0.02941800   -0.01555836    0.00001645    0.01122441    0.02676663    0.03005769    0.00225902    0.00000000 
max(|Fsp_paral|) :   0.00000000    0.00001237    0.00084638    0.00416235    0.00688800    0.00044219    0.00471106    0.00118708    0.00021111    0.00000000 
max(|Fsp_perp|)  :   0.00000000    0.00000000    0.00000000    0.00000000    0.00000000    0.00000000    0.00000000    0.00000000    0.00000000    0.00000000 
max(|FNEB|)      :   0.00000000    0.00350696    0.00365367    0.00983670    0.00381622    0.00559904    0.00649485    0.02959346    0.04578698    0.00000000 
max(|Force|)     :   0.00140850    0.00349000    0.01940220    0.01035659    0.00381687    0.00560112    0.01543731    0.02797395    0.04578481    0.00162717 
ksp              :   0.01000000    0.03669641    0.08709911    0.10000000    0.10000000    0.09216950    0.06522174    0.01537765    0.01000000 
max(|step|)      :   0.00000000    0.00416180    0.00552802    0.00431953    0.00171450    0.00306354    0.00366132    0.01898729    0.02543504    0.00000000 
angle (deg.)     :    51.7734  58.5883  17.1298  37.4516  19.5764  12.5052  68.4972  29.9178 
>
iteration       : 42
climbing        : yes
zoom on         : no
nim             : 10
barrier         :   0.02192327 (image:  4) 
distance        :   0.00000000    4.35650463    5.56017002    6.08072695    6.61378705    6.99612936    7.40270143    7.86046720    9.92830377   13.02123795 
energy          : -1076.12362818  -1076.12879965  -1076.11714504  -1076.10482409  -1076.10170491  -1076.10360025  -1076.11010254  -1076.12321752  -1076.14527127  -1076.14969659 
max(|Fr_perp|)   :   0.00000000    0.00167351    0.00337673    0.00236952    0.00129613    0.00082646    0.00280990    0.00406087    0.00703247    0.00000000 
Fr_paral         :   0.00000000   -0.00078642   -0.02948096   -0.01542953   -0.00003441    0.01126616    0.02655115    0.03282327    0.00349265    0.00000000 
max(|Fsp_paral|) :   0.00000000    0.00013603    0.00069535    0.00390946    0.00684388    0.00037123    0.00418979    0.00300112    0.00200781    0.00000000 
max(|Fsp_perp|)  :   0.00000000    0.00000000    0.00000000    0.00000000    0.00000000    0.00000000    0.00000000    0.00000000    0.00000000    0.00000000 
max(|FNEB|)      :   0.00000000    0.00154559    0.00262488    0.00243710    0.00129650    0.00078064    0.00352897    0.00373952    0.00678928    0.00000000 
max(|Force|)     :   0.00140850    0.00187865    0.01866569    0.00998965    0.00129577    0.00553937    0.01540854    0.02000575    0.00690658    0.00162717 
ksp              :   0.01000000    0.03661477    0.08719506    0.10000000    0.10000000    0.09221922    0.06552582    0.01168586    0.01000000 
max(|step|)      :   0.00000000    0.00421863    0.00600710    0.00330433    0.00125150    0.00217076    0.00546268    0.00734800    0.00706581    0.00000000 
angle (deg.)     :    52.1715  57.9488  16.7559  37.6860  19.8682  10.9214  66.8335  30.6699 
>
iteration       : 43
climbing        : yes
zoom on         : no
nim             : 10
barrier         :   0.02190916 (image:  4) 
distance        :   0.00000000    4.35400923    5.56988355    6.08779430    6.61557786    6.99949097    7.39600636    7.85053617    9.93123596   13.00982620 
energy          : -1076.12362818  -1076.12883783  -1076.11700158  -1076.10475888  -1076.10171901  -1076.10362904  -1076.10992372  -1076.12292408  -1076.14538223  -1076.14969659 
max(|Fr_perp|)   :   0.00000000    0.00163450    0.00238654    0.00209044    0.00075917    0.00076851    0.00105347    0.00332803    0.00339903    0.00000000 
Fr_paral         :   0.00000000   -0.00077512   -0.02961480   -0.01519207   -0.00004451    0.01129899    0.02615130    0.03297331    0.00355664    0.00000000 
max(|Fsp_paral|) :   0.00000000    0.00045956    0.00003603    0.00368521    0.00655259    0.00092558    0.00357539    0.00173093    0.00118379    0.00000000 
max(|Fsp_perp|)  :   0.00000000    0.00000000    0.00000000    0.00000000    0.00000000    0.00000000    0.00000000    0.00000000    0.00000000    0.00000000 
max(|FNEB|)      :   0.00000000    0.00132600    0.00241958    0.00216492    0.00075919    0.00096948    0.00283702    0.00292465    0.00337518    0.00000000 
max(|Force|)     :   0.00140850    0.00183737    0.01820716    0.00960068    0.00075914    0.00562759    0.01524577    0.01977255    0.00337928    0.00162717 
ksp              :   0.01000000    0.03722119    0.08751263    0.10000000    0.10000000    0.09215386    0.06629612    0.01289233    0.01000000 
max(|step|)      :   0.00000000    0.00687883    0.00816019    0.00663403    0.00306823    0.00306915    0.01035188    0.01059455    0.01083905    0.00000000 
angle (deg.)     :    53.1573  56.8841  16.5278  38.2966  20.3559  8.6868  63.5485  32.0232 
>
iteration       : 44
climbing        : yes
zoom on         : no
nim             : 10
barrier         :   0.02188292 (image:  4) 
distance        :   0.00000000    4.36051818    5.58899283    6.11307242    6.62934463    7.01317858    7.39319227    7.85197695    9.94309369   13.00088603 
energy          : -1076.12362818  -1076.12891401  -1076.11691770  -1076.10460779  -1076.10174526  -1076.10364970  -1076.10956893  -1076.12262419  -1076.14549833  -1076.14969659 
max(|Fr_perp|)   :   0.00000000    0.00159475    0.00113969    0.00292491    0.00143230    0.00106127    0.00296390    0.00301464    0.00360480    0.00000000 
Fr_paral         :   0.00000000   -0.00071390   -0.02944757   -0.01464516   -0.00005241    0.01125385    0.02535289    0.03301613    0.00342423    0.00000000 
max(|Fsp_paral|) :   0.00000000    0.00069056    0.00002653    0.00266520    0.00605965    0.00167344    0.00217369    0.00084312    0.00031285    0.00000000 
max(|Fsp_perp|)  :   0.00000000    0.00000000    0.00000000    0.00000000    0.00000000    0.00000000    0.00000000    0.00000000    0.00000000    0.00000000 
max(|FNEB|)      :   0.00000000    0.00151696    0.00118118    0.00291119    0.00143202    0.00165403    0.00296294    0.00301540    0.00364423    0.00000000 
max(|Force|)     :   0.00140850    0.00178183    0.01717083    0.00903988    0.00143258    0.00581334    0.01501405    0.01922297    0.00372161    0.00162717 
ksp              :   0.01000000    0.03759885    0.08822698    0.10000000    0.10000000    0.09216740    0.06782282    0.01412920    0.01000000 
max(|step|)      :   0.00000000    0.01199188    0.00461945    0.00694733    0.00673279    0.00673280    0.01043490    0.01916173    0.01653479    0.00000000 
angle (deg.)     :    55.0947  54.7493  16.7085  39.1736  20.6102  9.6196  58.0954  34.0250 
>
iteration       : 45
climbing        : yes
zoom on         : no
nim             : 10
barrier         :   0.02182865 (image:  4) 
distance        :   0.00000000    4.38771896    5.62370346    6.15643384    6.66136870    7.03555473    7.40738727    7.87340289    9.96128737   12.99622502 
energy          : -1076.12362818  -1076.12905880  -1076.11687189  -1076.10450168  -1076.10179953  -1076.10358971  -1076.10923071  -1076.12231010  -1076.14562574  -1076.14969659 
max(|Fr_perp|)   :   0.00000000    0.00153419    0.00182597    0.00198999    0.00079051    0.00244400    0.00210394    0.00382928    0.00762657    0.00000000 
Fr_paral         :   0.00000000   -0.00060376   -0.02935411   -0.01412616   -0.00008800    0.01088604    0.02457584    0.03301859    0.00331569    0.00000000 
max(|Fsp_paral|) :   0.00000000    0.00077744    0.00029960    0.00155881    0.00598523    0.00148365    0.00116919    0.00005324    0.00058156    0.00000000 
max(|Fsp_perp|)  :   0.00000000    0.00000000    0.00000000    0.00000000    0.00000000    0.00000000    0.00000000    0.00000000    0.00000000    0.00000000 
max(|FNEB|)      :   0.00000000    0.00164948    0.00168897    0.00200132    0.00079077    0.00249067    0.00211588    0.00369201    0.00757215    0.00000000 
max(|Force|)     :   0.00140850    0.00169256    0.01677444    0.00877857    0.00079025    0.00570289    0.01469618    0.01901276    0.00773424    0.00162717 
ksp              :   0.01000000    0.03785633    0.08885898    0.10000000    0.10000000    0.09261907    0.06936109    0.01543447    0.01000000 
max(|step|)      :   0.00000000    0.02117537    0.00761504    0.01160592    0.01129197    0.01202134    0.01503623    0.02754207    0.02339980    0.00000000 
angle (deg.)     :    58.1700  52.3594  17.7219  40.4682  20.8425  14.3132  51.9880  36.8758 
>
iteration       : 46
climbing        : yes
zoom on         : no
nim             : 10
barrier         :   0.02174316 (image:  4) 
distance        :   0.00000000    4.43716055    5.68548070    6.23270590    6.72352288    7.07848346    7.44470855    7.92990033   10.01080182   13.01922502 
energy          : -1076.12362818  -1076.12927941  -1076.11689403  -1076.10438020  -1076.10188502  -1076.10346479  -1076.10879380  -1076.12200151  -1076.14582426  -1076.14969659 
max(|Fr_perp|)   :   0.00000000    0.00142422    0.00187393    0.00466807    0.00085237    0.00421059    0.00142279    0.00617001    0.00878781    0.00000000 
Fr_paral         :   0.00000000   -0.00041854   -0.02912281   -0.01341747   -0.00011114    0.01015034    0.02355926    0.03261220    0.00281272    0.00000000 
max(|Fsp_paral|) :   0.00000000    0.00077518    0.00098328    0.00000542    0.00621018    0.00063112    0.00022790    0.00009580    0.00151638    0.00000000 
max(|Fsp_perp|)  :   0.00000000    0.00000000    0.00000000    0.00000000    0.00000000    0.00000000    0.00000000    0.00000000    0.00000000    0.00000000 
max(|FNEB|)      :   0.00000000    0.00159338    0.00164028    0.00469061    0.00085267    0.00419765    0.00159786    0.00617848    0.00880084    0.00000000 
max(|Force|)     :   0.00140850    0.00153419    0.01646493    0.00849149    0.00085207    0.00534938    0.01419810    0.01932165    0.00878503    0.00162717 
ksp              :   0.01000000    0.03787419    0.08967186    0.10000000    0.10000000    0.09346097    0.07140296    0.01673314    0.01000000 
max(|step|)      :   0.00000000    0.00480383    0.00437903    0.00265504    0.00198588    0.00371428    0.00199251    0.00432752    0.00444886    0.00000000 
angle (deg.)     :    58.5829  52.8692  17.8097  40.4735  20.5856  13.3744  53.2964  36.7871 
>
iteration       : 47
climbing        : yes
zoom on         : no
nim             : 10
barrier         :   0.02172800 (image:  4) 
distance        :   0.00000000    4.44977146    5.69756891    6.24777431    6.73981310    7.08801814    7.46110442    7.94994610   10.02458032   13.04004348 
energy          : -1076.12362818  -1076.12931176  -1076.11705447  -1076.10442491  -1076.10190018  -1076.10342475  -1076.10882574  -1076.12226990  -1076.14586086  -1076.14969659 
max(|Fr_perp|)   :   0.00000000    0.00140725    0.00159781    0.00198731    0.00085200    0.00085465    0.00124991    0.00140864    0.00305197    0.00000000 
Fr_paral         :   0.00000000   -0.00041295   -0.02908349   -0.01349835   -0.00011711    0.00998751    0.02365631    0.03288664    0.00314322    0.00000000 
max(|Fsp_paral|) :   0.00000000    0.00052244    0.00154681    0.00003088    0.00655749    0.00006578    0.00005011    0.00133587    0.00072680    0.00000000 
max(|Fsp_perp|)  :   0.00000000    0.00000000    0.00000000    0.00000000    0.00000000    0.00000000    0.00000000    0.00000000    0.00000000    0.00000000 
max(|FNEB|)      :   0.00000000    0.00133400    0.00152644    0.00194677    0.00085230    0.00084529    0.00126691    0.00162082    0.00313089    0.00000000 
max(|Force|)     :   0.00140850    0.00151557    0.01670552    0.00863100    0.00085169    0.00517514    0.01419169    0.01920317    0.00294559    0.00162717 
ksp              :   0.01000000    0.03722911    0.08954224    0.10000000    0.10000000    0.09368502    0.07131349    0.01562618    0.01000000 
max(|step|)      :   0.00000000    0.01374665    0.00662281    0.00699228    0.00689058    0.00875649    0.00676235    0.00657179    0.00608356    0.00000000 
angle (deg.)     :    60.1237  53.2705  18.2139  40.7003  20.4467  13.1531  54.2884  37.4750 
>
iteration       : 48
climbing        : yes
zoom on         : no
nim             : 10
barrier         :   0.02167863 (image:  4) 
distance        :   0.00000000    4.48342739    5.74127308    6.29372248    6.78671336    7.12017167    7.50246559    7.99778039   10.06776980   13.08673838 
energy          : -1076.12362818  -1076.12942950  -1076.11718257  -1076.10448254  -1076.10194955  -1076.10333526  -1076.10877722  -1076.12238879  -1076.14588390  -1076.14969659 
max(|Fr_perp|)   :   0.00000000    0.00133064    0.00204570    0.00331170    0.00108186    0.00210868    0.00114597    0.00387715    0.00261816    0.00000000 
Fr_paral         :   0.00000000   -0.00038149   -0.02895659   -0.01348437   -0.00011024    0.00946019    0.02352191    0.03286626    0.00335655    0.00000000 
max(|Fsp_paral|) :   0.00000000    0.00037480    0.00176614    0.00006702    0.00723954    0.00133648    0.00029397    0.00227704    0.00037730    0.00000000 
max(|Fsp_perp|)  :   0.00000000    0.00000000    0.00000000    0.00000000    0.00000000    0.00000000    0.00000000    0.00000000    0.00000000    0.00000000 
max(|FNEB|)      :   0.00000000    0.00117529    0.00178913    0.00328709    0.00108329    0.00208781    0.00097499    0.00391776    0.00261890    0.00000000 
max(|Force|)     :   0.00140850    0.00143092    0.01707202    0.00876862    0.00108044    0.00478653    0.01398533    0.01917617    0.00259939    0.00162717 
ksp              :   0.01000000    0.03675931    0.08948414    0.10000000    0.10000000    0.09424716    0.07165456    0.01514539    0.01000000 
max(|step|)      :   0.00000000    0.02690233    0.01247739    0.01414081    0.01395281    0.01390298    0.01374529    0.01233134    0.01251510    0.00000000 
angle (deg.)     :    63.0876  54.3079  18.9345  41.0186  20.6829  12.9090  56.2685  38.9397 
>
iteration       : 49
climbing        : yes
zoom on         : no
nim             : 10
barrier         :   0.02158053 (image:  4) 
distance        :   0.00000000    4.54873948    5.83478799    6.38635235    6.88338542    7.19588856    7.58829713    8.09265376   10.16077576   13.18510088 
energy          : -1076.12362818  -1076.12966296  -1076.11730267  -1076.10462791  -1076.10204765  -1076.10324656  -1076.10867125  -1076.12243359  -1076.14591874  -1076.14969659 
max(|Fr_perp|)   :   0.00000000    0.00132363    0.00244706    0.00483605    0.00136680    0.00360347    0.00094106    0.00662299    0.00641545    0.00000000 
Fr_paral         :   0.00000000   -0.00032838   -0.02856279   -0.01357501   -0.00010270    0.00866486    0.02316364    0.03267979    0.00351030    0.00000000 
max(|Fsp_paral|) :   0.00000000    0.00034673    0.00135547    0.00023661    0.00832225    0.00298980    0.00042221    0.00306324    0.00024624    0.00000000 
max(|Fsp_perp|)  :   0.00000000    0.00000000    0.00000000    0.00000000    0.00000000    0.00000000    0.00000000    0.00000000    0.00000000    0.00000000 
max(|FNEB|)      :   0.00000000    0.00135568    0.00240286    0.00481788    0.00136843    0.00351620    0.00082427    0.00669968    0.00641553    0.00000000 
max(|Force|)     :   0.00140850    0.00131549    0.01730092    0.00893904    0.00136518    0.00421412    0.01355834    0.01901811    0.00638913    0.00162717 
ksp              :   0.01000000    0.03638009    0.08923921    0.10000000    0.10000000    0.09500004    0.07237678    0.01498193    0.01000000 
max(|step|)      :   0.00000000    0.08146859    0.03862437    0.04270107    0.04219283    0.04203300    0.04166966    0.03725232    0.03637867    0.00000000 
angle (deg.)     :    71.2299  57.6546  20.8484  41.8327  22.6739  13.3865  60.3963  43.5359 
>
iteration       : 50
climbing        : yes
zoom on         : no
nim             : 10
barrier         :   0.02129612 (image:  4) 
distance        :   0.00000000    4.74956789    6.13197822    6.68013910    7.19345987    7.47077934    7.87149879    8.39353612   10.45891396   13.50250880 
energy          : -1076.12362818  -1076.13030408  -1076.11767643  -1076.10511174  -1076.10233206  -1076.10325218  -1076.10840223  -1076.12230462  -1076.14586382  -1076.14969659 
max(|Fr_perp|)   :   0.00000000    0.00217103    0.00483966    0.00654415    0.00180567    0.00374084    0.00622162    0.00533613    0.01124516    0.00000000 
Fr_paral         :   0.00000000   -0.00012278   -0.02703501   -0.01411143   -0.00010425    0.00737611    0.02206728    0.03233154    0.00346160    0.00000000 
max(|Fsp_paral|) :   0.00000000    0.00029373    0.00012311    0.00144849    0.01057086    0.00522436    0.00016239    0.00370744    0.00062219    0.00000000 
max(|Fsp_perp|)  :   0.00000000    0.00000000    0.00000000    0.00000000    0.00000000    0.00000000    0.00000000    0.00000000    0.00000000    0.00000000 
max(|FNEB|)      :   0.00000000    0.00219793    0.00482778    0.00655764    0.00180753    0.00515194    0.00621254    0.00538696    0.01123051    0.00000000 
max(|Force|)     :   0.00140850    0.00216804    0.01691898    0.00941210    0.00180380    0.00361119    0.01254539    0.01885098    0.01128603    0.00162717 
ksp              :   0.01000000    0.03515282    0.08825273    0.10000000    0.10000000    0.09611150    0.07434675    0.01559354    0.01000000 
max(|step|)      :   0.00000000    0.10000000    0.04791591    0.05252895    0.05193989    0.05173436    0.05132636    0.04659411    0.04388665    0.00000000 
angle (deg.)     :    79.8616  62.0916  23.3109  43.2381  26.1902  15.2967  64.2121  49.4449 
>
iteration       : 51
climbing        : yes
zoom on         : no
nim             : 10
barrier         :   0.02096593 (image:  4) 
distance        :   0.00000000    5.00267386    6.52572870    7.07488174    7.60817193    7.85658886    8.25864617    8.79783364   10.86867108   13.94130820 
energy          : -1076.12362818  -1076.13097195  -1076.11818492  -1076.10570575  -1076.10266225  -1076.10336864  -1076.10818875  -1076.12190221  -1076.14607385  -1076.14969659 
max(|Fr_perp|)   :   0.00000000    0.00153538    0.00386288    0.00581251    0.00113883    0.00569499    0.00354555    0.01225375    0.01115929    0.00000000 
Fr_paral         :   0.00000000    0.00015796   -0.02447594   -0.01485361   -0.00012726    0.00623677    0.02083865    0.03135619    0.00342634    0.00000000 
max(|Fsp_paral|) :   0.00000000    0.00022543    0.00175606    0.00272847    0.01271687    0.00654329    0.00117497    0.00280496    0.00201434    0.00000000 
max(|Fsp_perp|)  :   0.00000000    0.00000000    0.00000000    0.00000000    0.00000000    0.00000000    0.00000000    0.00000000    0.00000000    0.00000000 
max(|FNEB|)      :   0.00000000    0.00157996    0.00445821    0.00610155    0.00117524    0.00690910    0.00369193    0.01289982    0.01183656    0.00000000 
max(|Force|)     :   0.00140850    0.00154668    0.01571134    0.00995055    0.00116992    0.00579064    0.01167391    0.01872931    0.01176677    0.00162717 
ksp              :   0.01000000    0.03340011    0.08694013    0.10000000    0.10000000    0.09698280    0.07628665    0.01745474    0.01000000 
max(|step|)      :   0.00000000    0.00148841    0.00419988    0.00574800    0.00110714    0.00650875    0.00347800    0.01215233    0.01115069    0.00000000 
angle (deg.)     :    79.7789  61.7385  22.6471  42.9374  26.0717  14.1018  63.6478  49.3039 
>
iteration       : 52
climbing        : yes
zoom on         : no
nim             : 10
barrier         :   0.02095220 (image:  4) 
distance        :   0.00000000    5.00413969    6.52365345    7.07774008    7.60979466    7.87140092    8.26368285    8.79666493   10.86013182   13.93624421 
energy          : -1076.12362818  -1076.13099378  -1076.11846116  -1076.10571489  -1076.10267598  -1076.10347979  -1076.10826846  -1076.12201598  -1076.14616881  -1076.14969659 
max(|Fr_perp|)   :   0.00000000    0.00132389    0.00326965    0.00342092    0.00073538    0.00315833    0.00243802    0.00803001    0.00686256    0.00000000 
Fr_paral         :   0.00000000    0.00032096   -0.02452464   -0.01492065   -0.00014571    0.00677312    0.02099097    0.03192507    0.00308738    0.00000000 
max(|Fsp_paral|) :   0.00000000    0.00030239    0.00042049    0.00246393    0.01219024    0.00543583    0.00143441    0.00314609    0.00154699    0.00000000 
max(|Fsp_perp|)  :   0.00000000    0.00000000    0.00000000    0.00000000    0.00000000    0.00000000    0.00000000    0.00000000    0.00000000    0.00000000 
max(|FNEB|)      :   0.00000000    0.00141321    0.00319527    0.00342649    0.00077320    0.00570100    0.00239410    0.00806445    0.00703770    0.00000000 
max(|Force|)     :   0.00140850    0.00129866    0.01504700    0.00985466    0.00073548    0.00344182    0.01172626    0.01898366    0.00672694    0.00162717 
ksp              :   0.01000000    0.03219490    0.08694638    0.10000000    0.10000000    0.09654721    0.07597753    0.01692519    0.01000000 
max(|step|)      :   0.00000000    0.00166809    0.00378281    0.00260602    0.00099887    0.00715284    0.00269734    0.00526843    0.00313325    0.00000000 
angle (deg.)     :    79.6413  61.3234  21.9646  42.6693  26.0943  12.9641  63.0526  49.1597 
>
iteration       : 53
climbing        : yes
zoom on         : no
nim             : 10
barrier         :   0.02094099 (image:  4) 
distance        :   0.00000000    5.00468728    6.52179495    7.08017091    7.61108216    7.88723362    8.26960124    8.79425701   10.85040156   13.93014499 
energy          : -1076.12362818  -1076.13101078  -1076.11870794  -1076.10570753  -1076.10268719  -1076.10359140  -1076.10836416  -1076.12201512  -1076.14621043  -1076.14969659 
max(|Fr_perp|)   :   0.00000000    0.00122278    0.00262616    0.00375681    0.00085258    0.00388674    0.00229108    0.00791253    0.00656166    0.00000000 
Fr_paral         :   0.00000000    0.00039455   -0.02453403   -0.01494897   -0.00014498    0.00722872    0.02112819    0.03224557    0.00310584    0.00000000 
max(|Fsp_paral|) :   0.00000000    0.00075761    0.00075496    0.00220606    0.01156617    0.00423697    0.00159849    0.00274456    0.00149106    0.00000000 
max(|Fsp_perp|)  :   0.00000000    0.00000000    0.00000000    0.00000000    0.00000000    0.00000000    0.00000000    0.00000000    0.00000000    0.00000000 
max(|FNEB|)      :   0.00000000    0.00168691    0.00262832    0.00376676    0.00085250    0.00447312    0.00233387    0.00794356    0.00673060    0.00000000 
max(|Force|)     :   0.00140850    0.00115731    0.01452230    0.00976834    0.00085265    0.00385373    0.01200093    0.01899513    0.00642519    0.00162717 
ksp              :   0.01000000    0.03114618    0.08701918    0.10000000    0.10000000    0.09611388    0.07560156    0.01693261    0.01000000 
max(|step|)      :   0.00000000    0.01699321    0.02267238    0.01366010    0.00819247    0.03969176    0.02267554    0.03023476    0.01854741    0.00000000 
angle (deg.)     :    77.8392  58.3717  18.8547  42.0057  26.6451  8.3303  60.0229  48.3211 
>
iteration       : 54
climbing        : yes
zoom on         : no
nim             : 10
barrier         :   0.02090082 (image:  4) 
distance        :   0.00000000    4.98382782    6.52048478    7.07731987    7.60655948    7.96389560    8.30867779    8.77269740   10.77445111   13.88453391 
energy          : -1076.12362818  -1076.13105179  -1076.11898337  -1076.10567580  -1076.10272736  -1076.10429054  -1076.10920232  -1076.12153014  -1076.14612587  -1076.14969659 
max(|Fr_perp|)   :   0.00000000    0.00352623    0.00451499    0.00231216    0.00152787    0.00966674    0.00515345    0.01312953    0.00952181    0.00000000 
Fr_paral         :   0.00000000    0.00025688   -0.02566558   -0.01513180   -0.00011174    0.00975870    0.02265149    0.03258133    0.00259887    0.00000000 
max(|Fsp_paral|) :   0.00000000    0.00102258    0.00138362    0.00211348    0.00802591    0.00169188    0.00072364    0.00260401    0.00257094    0.00000000 
max(|Fsp_perp|)  :   0.00000000    0.00000000    0.00000000    0.00000000    0.00000000    0.00000000    0.00000000    0.00000000    0.00000000    0.00000000 
max(|FNEB|)      :   0.00000000    0.00419691    0.00453745    0.00247669    0.00152776    0.00978052    0.00514837    0.01305459    0.00955194    0.00000000 
max(|Force|)     :   0.00140850    0.00348020    0.01428463    0.00949195    0.00152798    0.00943385    0.01368582    0.01951464    0.00951431    0.00162717 
ksp              :   0.01000000    0.03000080    0.08730384    0.10000000    0.10000000    0.09326887    0.07211850    0.01903427    0.01000000 
max(|step|)      :   0.00000000    0.01060837    0.00852036    0.00534965    0.00540903    0.01752590    0.01249213    0.01809946    0.01252858    0.00000000 
angle (deg.)     :    76.8174  57.6281  18.5959  42.2374  26.8377  8.9590  59.5240  47.7310 
>
iteration       : 55
climbing        : yes
zoom on         : no
nim             : 10
barrier         :   0.02088538 (image:  4) 
distance        :   0.00000000    4.96967402    6.52439621    7.08184986    7.61041678    7.99611908    8.33636928    8.78544895   10.74331480   13.87526785 
energy          : -1076.12362818  -1076.13104340  -1076.11891581  -1076.10562212  -1076.10274280  -1076.10444059  -1076.10967072  -1076.12159130  -1076.14587198  -1076.14969659 
max(|Fr_perp|)   :   0.00000000    0.00549670    0.00581487    0.00570824    0.00203026    0.02044350    0.00658832    0.01855939    0.01250301    0.00000000 
Fr_paral         :   0.00000000    0.00101513   -0.02603879   -0.01504072   -0.00003408    0.00986851    0.02366126    0.03161194    0.00309034    0.00000000 
max(|Fsp_paral|) :   0.00000000    0.00070608    0.00092536    0.00197310    0.00668051    0.00334216    0.00001907    0.00292163    0.00199112    0.00000000 
max(|Fsp_perp|)  :   0.00000000    0.00000000    0.00000000    0.00000000    0.00000000    0.00000000    0.00000000    0.00000000    0.00000000    0.00000000 
max(|FNEB|)      :   0.00000000    0.00534703    0.00580705    0.00572684    0.00203075    0.02061080    0.00659608    0.01835169    0.01230444    0.00000000 
max(|Force|)     :   0.00140850    0.00567876    0.01436691    0.00926391    0.00202977    0.02016220    0.01442631    0.01918737    0.01262089    0.00162717 
ksp              :   0.01000000    0.03030671    0.08759231    0.10000000    0.10000000    0.09268384    0.07014598    0.01877738    0.01000000 
max(|step|)      :   0.00000000    0.00492007    0.00669849    0.00450151    0.00280037    0.01211273    0.00673742    0.00891586    0.00678878    0.00000000 
angle (deg.)     :    77.3050  57.9760  18.6428  42.1959  26.0396  8.1069  60.0130  47.9602 
>
iteration       : 56
climbing        : yes
zoom on         : no
nim             : 10
barrier         :   0.02088034 (image:  4) 
distance        :   0.00000000    4.97506212    6.52346282    7.07674944    7.60601793    7.96678451    8.31823500    8.78080290   10.75594555   13.87770258 
energy          : -1076.12362818  -1076.13109794  -1076.11894603  -1076.10569403  -1076.10274784  -1076.10439466  -1076.10945976  -1076.12197491  -1076.14621354  -1076.14969659 
max(|Fr_perp|)   :   0.00000000    0.00124476    0.00176585    0.00202755    0.00089504    0.00197625    0.00128119    0.00280406    0.00209509    0.00000000 
Fr_paral         :   0.00000000    0.00059491   -0.02633214   -0.01514754   -0.00011391    0.01020496    0.02309023    0.03314195    0.00317561    0.00000000 
max(|Fsp_paral|) :   0.00000000    0.00082622    0.00085923    0.00226574    0.00787860    0.00162167    0.00012361    0.00053283    0.00095788    0.00000000 
max(|Fsp_perp|)  :   0.00000000    0.00000000    0.00000000    0.00000000    0.00000000    0.00000000    0.00000000    0.00000000    0.00000000    0.00000000 
max(|FNEB|)      :   0.00000000    0.00175411    0.00164551    0.00085873    0.00089512    0.00193817    0.00137617    0.00278546    0.00199706    0.00000000 
max(|Force|)     :   0.00140850    0.00114432    0.01470405    0.00944928    0.00089495    0.00550534    0.01391445    0.01922139    0.00222231    0.00162717 
ksp              :   0.01000000    0.03018135    0.08730111    0.10000000    0.10000000    0.09290175    0.07106976    0.01712603    0.01000000 
max(|step|)      :   0.00000000    0.00161215    0.00228951    0.00082896    0.00076646    0.00263808    0.00131965    0.00269048    0.00181832    0.00000000 
angle (deg.)     :    77.1779  57.9569  18.6591  42.3256  25.6945  8.0284  60.1332  47.9304 
>
iteration       : 57
climbing        : yes
zoom on         : no
nim             : 10
barrier         :   0.02087564 (image:  4) 
distance        :   0.00000000    4.97218699    6.52529211    7.07637358    7.60564134    7.96092459    8.31896577    8.78251365   10.75315031   13.87648712 
energy          : -1076.12362818  -1076.13110425  -1076.11890572  -1076.10570109  -1076.10275254  -1076.10434799  -1076.10950076  -1076.12209819  -1076.14622102  -1076.14969659 
max(|Fr_perp|)   :   0.00000000    0.00122411    0.00123619    0.00208896    0.00081899    0.00083645    0.00112207    0.00129019    0.00098964    0.00000000 
Fr_paral         :   0.00000000    0.00053638   -0.02659885   -0.01512598   -0.00011182    0.01004547    0.02320732    0.03327529    0.00320389    0.00000000 
max(|Fsp_paral|) :   0.00000000    0.00070331    0.00052074    0.00236228    0.00811757    0.00103393    0.00026006    0.00009156    0.00054080    0.00000000 
max(|Fsp_perp|)  :   0.00000000    0.00000000    0.00000000    0.00000000    0.00000000    0.00000000    0.00000000    0.00000000    0.00000000    0.00000000 
max(|FNEB|)      :   0.00000000    0.00165868    0.00113589    0.00078403    0.00081907    0.00104551    0.00093053    0.00119142    0.00110287    0.00000000 
max(|Force|)     :   0.00140850    0.00113342    0.01497877    0.00949615    0.00081891    0.00531085    0.01388989    0.01924529    0.00157093    0.00162717 
ksp              :   0.01000000    0.03035968    0.08728809    0.10000000    0.10000000    0.09312159    0.07090674    0.01659614    0.01000000 
max(|step|)      :   0.00000000    0.00985568    0.00684089    0.00447006    0.00468496    0.00467584    0.00769261    0.00611107    0.00694438    0.00000000 
angle (deg.)     :    76.4100  57.8753  18.7066  42.8303  24.8725  7.9231  60.1864  47.7475 
>
iteration       : 58
climbing        : yes
zoom on         : no
nim             : 10
barrier         :   0.02085072 (image:  4) 
distance        :   0.00000000    4.95904561    6.53422383    7.08324966    7.61120191    7.96279484    8.33496961    8.79486993   10.73944917   13.87391229 
energy          : -1076.12362818  -1076.13113425  -1076.11883798  -1076.10569600  -1076.10277746  -1076.10433840  -1076.10977130  -1076.12242347  -1076.14619928  -1076.14969659 
max(|Fr_perp|)   :   0.00000000    0.00115907    0.00139623    0.00224120    0.00076242    0.00226265    0.00108887    0.00104256    0.00146238    0.00000000 
Fr_paral         :   0.00000000    0.00051424   -0.02719218   -0.01499029   -0.00009385    0.00996000    0.02378205    0.03344559    0.00321308    0.00000000 
max(|Fsp_paral|) :   0.00000000    0.00034759    0.00018250    0.00234908    0.00819929    0.00021377    0.00142462    0.00141418    0.00065745    0.00000000 
max(|Fsp_perp|)  :   0.00000000    0.00000000    0.00000000    0.00000000    0.00000000    0.00000000    0.00000000    0.00000000    0.00000000    0.00000000 
max(|FNEB|)      :   0.00000000    0.00137576    0.00150514    0.00079027    0.00076251    0.00229105    0.00078503    0.00089771    0.00138680    0.00000000 
max(|Force|)     :   0.00140850    0.00107153    0.01553456    0.00956356    0.00076234    0.00509475    0.01410268    0.01938853    0.00171534    0.00162717 
ksp              :   0.01000000    0.03067639    0.08740243    0.10000000    0.10000000    0.09326236    0.06981183    0.01519999    0.01000000 
max(|step|)      :   0.00000000    0.01626044    0.01151133    0.00804866    0.00839903    0.00838433    0.00872638    0.00640739    0.00690979    0.00000000 
angle (deg.)     :    75.3680  58.4656  19.1192  43.5913  24.2817  8.1158  60.0932  47.8757 
>
iteration       : 59
climbing        : yes
zoom on         : no
nim             : 10
barrier         :   0.02080801 (image:  4) 
distance        :   0.00000000    4.94294891    6.55269757    7.10699617    7.63244341    7.98280504    8.36476918    8.82058104   10.74029296   13.88406998 
energy          : -1076.12362818  -1076.13118345  -1076.11891433  -1076.10567861  -1076.10282017  -1076.10437642  -1076.10999876  -1076.12264979  -1076.14617630  -1076.14969659 
max(|Fr_perp|)   :   0.00000000    0.00171363    0.00250270    0.00240906    0.00105634    0.00127589    0.00737158    0.00481993    0.00490878    0.00000000 
Fr_paral         :   0.00000000    0.00045426   -0.02730140   -0.01471874   -0.00007029    0.01000519    0.02410606    0.03336580    0.00330480    0.00000000 
max(|Fsp_paral|) :   0.00000000    0.00014050    0.00018594    0.00193112    0.00811230    0.00028437    0.00228594    0.00225063    0.00151777    0.00000000 
max(|Fsp_perp|)  :   0.00000000    0.00000000    0.00000000    0.00000000    0.00000000    0.00000000    0.00000000    0.00000000    0.00000000    0.00000000 
max(|FNEB|)      :   0.00000000    0.00168323    0.00248818    0.00181188    0.00105630    0.00125594    0.00744404    0.00487225    0.00489332    0.00000000 
max(|Force|)     :   0.00140850    0.00173438    0.01577332    0.00957240    0.00105637    0.00498043    0.01428605    0.01979164    0.00489655    0.00162717 
ksp              :   0.01000000    0.03038860    0.08763651    0.10000000    0.10000000    0.09326882    0.06895073    0.01423180    0.01000000 
max(|step|)      :   0.00000000    0.02458068    0.01744569    0.01226626    0.01279740    0.01277107    0.01328057    0.00982236    0.00928606    0.00000000 
angle (deg.)     :    73.9520  59.5768  19.9092  44.6288  23.7276  8.0246  59.8019  48.2090 
>
iteration       : 60
climbing        : yes
zoom on         : no
nim             : 10
barrier         :   0.02074128 (image:  4) 
distance        :   0.00000000    4.92034466    6.58363672    7.14741029    7.66987972    8.02357673    8.41427501    8.86297409   10.74920648   13.90572197 
energy          : -1076.12362818  -1076.13126411  -1076.11907384  -1076.10566591  -1076.10288690  -1076.10448237  -1076.11038281  -1076.12292472  -1076.14616368  -1076.14969659 
max(|Fr_perp|)   :   0.00000000    0.00114386    0.00244106    0.00254094    0.00086751    0.00089048    0.00198030    0.00248196    0.00129176    0.00000000 
Fr_paral         :   0.00000000    0.00057421   -0.02727907   -0.01437888   -0.00003004    0.01021306    0.02488364    0.03343290    0.00303280    0.00000000 
max(|Fsp_paral|) :   0.00000000    0.00008277    0.00004130    0.00129204    0.00779337    0.00048945    0.00330057    0.00304454    0.00256664    0.00000000 
max(|Fsp_perp|)  :   0.00000000    0.00000000    0.00000000    0.00000000    0.00000000    0.00000000    0.00000000    0.00000000    0.00000000    0.00000000 
max(|FNEB|)      :   0.00000000    0.00115027    0.00234159    0.00115165    0.00086750    0.00101136    0.00214941    0.00296338    0.00255537    0.00000000 
max(|Force|)     :   0.00140850    0.00117018    0.01615469    0.00950452    0.00086751    0.00497102    0.01455621    0.01999677    0.00180048    0.00162717 
ksp              :   0.01000000    0.02976208    0.08794142    0.10000000    0.10000000    0.09307698    0.06747395    0.01305243    0.01000000 
max(|step|)      :   0.00000000    0.03821150    0.02704756    0.02025627    0.02104753    0.02101830    0.02164110    0.01816161    0.01683165    0.00000000 
angle (deg.)     :    72.2518  61.8316  21.2625  45.9974  23.7353  8.2244  59.1064  49.4139 
>
iteration       : 61
climbing        : yes
zoom on         : no
nim             : 10
barrier         :   0.02063216 (image:  4) 
distance        :   0.00000000    4.89119324    6.64172468    7.21977633    7.74156714    8.10121733    8.49257486    8.93485783   10.79453240   13.95797771 
energy          : -1076.12362818  -1076.13138003  -1076.11940507  -1076.10570698  -1076.10299601  -1076.10465521  -1076.11067184  -1076.12305525  -1076.14615261  -1076.14969659 
max(|Fr_perp|)   :   0.00000000    0.00099298    0.00221168    0.00252834    0.00096013    0.00179848    0.00160640    0.00353290    0.00152980    0.00000000 
Fr_paral         :   0.00000000    0.00079951   -0.02674338   -0.01405312    0.00002722    0.01050696    0.02527572    0.03324206    0.00262876    0.00000000 
max(|Fsp_paral|) :   0.00000000    0.00023466    0.00065978    0.00058274    0.00745409    0.00016989    0.00371741    0.00326108    0.00311561    0.00000000 
max(|Fsp_perp|)  :   0.00000000    0.00000000    0.00000000    0.00000000    0.00000000    0.00000000    0.00000000    0.00000000    0.00000000    0.00000000 
max(|FNEB|)      :   0.00000000    0.00090823    0.00167995    0.00185560    0.00096006    0.00182092    0.00264500    0.00358484    0.00313421    0.00000000 
max(|Force|)     :   0.00140850    0.00089743    0.01566474    0.00929795    0.00096020    0.00508468    0.01463670    0.01979688    0.00203457    0.00162717 
ksp              :   0.01000000    0.02842171    0.08817442    0.10000000    0.10000000    0.09276239    0.06651713    0.01249917    0.01000000 
max(|step|)      :   0.00000000    0.10000000    0.07061033    0.05538390    0.05737430    0.05732549    0.05860346    0.05279778    0.04875231    0.00000000 
angle (deg.)     :    69.4388  67.9021  25.0377  49.2767  24.9577  9.8106  57.3343  53.6916 
>
iteration       : 62
climbing        : yes
zoom on         : no
nim             : 10
barrier         :   0.02034912 (image:  4) 
distance        :   0.00000000    4.82673709    6.82587714    7.43517608    7.96271104    8.33086605    8.71836826    9.15247233   10.97895986   14.14711078 
energy          : -1076.12362818  -1076.13157135  -1076.12014923  -1076.10589579  -1076.10327906  -1076.10500291  -1076.11106855  -1076.12312531  -1076.14587196  -1076.14969659 
max(|Fr_perp|)   :   0.00000000    0.00387174    0.00413812    0.00467902    0.00209216    0.00656679    0.00873724    0.00972925    0.01159185    0.00000000 
Fr_paral         :   0.00000000    0.00077660   -0.02468309   -0.01348006    0.00017528    0.01081295    0.02559749    0.03223058    0.00069223    0.00000000 
max(|Fsp_paral|) :   0.00000000    0.00071095    0.00167327    0.00052669    0.00723013    0.00053834    0.00392775    0.00307438    0.00356509    0.00000000 
max(|Fsp_perp|)  :   0.00000000    0.00000000    0.00000000    0.00000000    0.00000000    0.00000000    0.00000000    0.00000000    0.00000000    0.00000000 
max(|FNEB|)      :   0.00000000    0.00412143    0.00462147    0.00492048    0.00216697    0.00682608    0.00909396    0.01037209    0.01170094    0.00000000 
max(|Force|)     :   0.00140850    0.00404835    0.01394157    0.00911435    0.00216852    0.00675370    0.01460265    0.02002616    0.01202901    0.00162717 
ksp              :   0.01000000    0.02539257    0.08844284    0.10000000    0.10000000    0.09238419    0.06555264    0.01224770    0.01000000 
max(|step|)      :   0.00000000    0.00343952    0.00385683    0.00410637    0.00180843    0.00569667    0.00758932    0.00865598    0.00976497    0.00000000 
angle (deg.)     :    69.5518  67.6215  24.5219  49.0545  25.1003  9.0258  57.0811  53.8739 
>
iteration       : 63
climbing        : yes
zoom on         : no
nim             : 10
barrier         :   0.02033607 (image:  4) 
distance        :   0.00000000    4.82896980    6.82662143    7.42952442    7.96067086    8.32868754    8.71216364    9.14768255   10.98274799   14.14472742 
energy          : -1076.12362818  -1076.13160549  -1076.12016690  -1076.10598526  -1076.10329210  -1076.10503305  -1076.11102363  -1076.12314870  -1076.14601869  -1076.14969659 
max(|Fr_perp|)   :   0.00000000    0.00116799    0.00218283    0.00260924    0.00102585    0.00264288    0.00362009    0.00522998    0.00517574    0.00000000 
Fr_paral         :   0.00000000    0.00107599   -0.02492500   -0.01378830    0.00016081    0.01089785    0.02549345    0.03269981    0.00131393    0.00000000 
max(|Fsp_paral|) :   0.00000000    0.00065231    0.00135998    0.00000491    0.00740222    0.00073515    0.00362432    0.00327050    0.00358279    0.00000000 
max(|Fsp_perp|)  :   0.00000000    0.00000000    0.00000000    0.00000000    0.00000000    0.00000000    0.00000000    0.00000000    0.00000000    0.00000000 
max(|FNEB|)      :   0.00000000    0.00130147    0.00214646    0.00269028    0.00102509    0.00268693    0.00367253    0.00527274    0.00515366    0.00000000 
max(|Force|)     :   0.00140850    0.00104587    0.01396684    0.00911235    0.00102661    0.00523743    0.01449920    0.01944723    0.00517152    0.00162717 
ksp              :   0.01000000    0.02531835    0.08808108    0.10000000    0.10000000    0.09229522    0.06578311    0.01212202    0.01000000 
max(|step|)      :   0.00000000    0.00095280    0.00172661    0.00231201    0.00074607    0.00104955    0.00229231    0.00336838    0.00333140    0.00000000 
angle (deg.)     :    69.6603  67.3649  24.0898  48.8775  25.2514  8.5334  56.8539  54.0690 
>
iteration       : 64
climbing        : yes
zoom on         : no
nim             : 10
barrier         :   0.02033107 (image:  4) 
distance        :   0.00000000    4.83114090    6.82758710    7.42525050    7.95940892    8.32700637    8.70716782    9.14349825   10.98728314   14.14360464 
energy          : -1076.12362818  -1076.13161162  -1076.12016830  -1076.10603954  -1076.10329711  -1076.10503590  -1076.11094639  -1076.12309973  -1076.14607120  -1076.14969659 
max(|Fr_perp|)   :   0.00000000    0.00115271    0.00197761    0.00257453    0.00104488    0.00209180    0.00299981    0.00315396    0.00420857    0.00000000 
Fr_paral         :   0.00000000    0.00109407   -0.02506449   -0.01399175    0.00015451    0.01087499    0.02534457    0.03283405    0.00132450    0.00000000 
max(|Fsp_paral|) :   0.00000000    0.00063610    0.00105907    0.00043231    0.00756342    0.00086764    0.00335818    0.00314331    0.00335840    0.00000000 
max(|Fsp_perp|)  :   0.00000000    0.00000000    0.00000000    0.00000000    0.00000000    0.00000000    0.00000000    0.00000000    0.00000000    0.00000000 
max(|FNEB|)      :   0.00000000    0.00155890    0.00192325    0.00227458    0.00104417    0.00213708    0.00304566    0.00348873    0.00419570    0.00000000 
max(|Force|)     :   0.00140850    0.00135236    0.01405014    0.00915400    0.00104559    0.00522132    0.01443810    0.01931989    0.00420551    0.00162717 
ksp              :   0.01000000    0.02531590    0.08786001    0.10000000    0.10000000    0.09230283    0.06613874    0.01233931    0.01000000 
max(|step|)      :   0.00000000    0.01512546    0.02283888    0.02825461    0.01199077    0.01741819    0.03088815    0.04684964    0.04446077    0.00000000 
angle (deg.)     :    71.2523  64.1916  19.8167  46.9939  28.8592  9.6511  55.6190  56.9352 
>
iteration       : 65
climbing        : yes
zoom on         : no
nim             : 10
barrier         :   0.02030022 (image:  4) 
distance        :   0.00000000    4.86378807    6.84444268    7.39006795    7.95942508    8.31652114    8.66093595    9.11016566   11.08328921   14.16158538 
energy          : -1076.12362818  -1076.13162428  -1076.11999022  -1076.10661500  -1076.10332796  -1076.10495994  -1076.10985194  -1076.12171319  -1076.14654879  -1076.14969659 
max(|Fr_perp|)   :   0.00000000    0.00551697    0.00395946    0.00537384    0.00290768    0.00291967    0.00276373    0.01731022    0.00471346    0.00000000 
Fr_paral         :   0.00000000    0.00060902   -0.02529072   -0.01618776    0.00008178    0.01020485    0.02289419    0.03204432    0.00134286    0.00000000 
max(|Fsp_paral|) :   0.00000000    0.00088707    0.00271820    0.00499762    0.00973204    0.00183127    0.00001110    0.00253304    0.00219140    0.00000000 
max(|Fsp_perp|)  :   0.00000000    0.00000000    0.00000000    0.00000000    0.00000000    0.00000000    0.00000000    0.00000000    0.00000000    0.00000000 
max(|FNEB|)      :   0.00000000    0.00565305    0.00425073    0.00561721    0.00290747    0.00288160    0.00288827    0.01725330    0.00473892    0.00000000 
max(|Force|)     :   0.00140850    0.00554512    0.01485542    0.01015748    0.00290789    0.00524236    0.01381099    0.01877127    0.00472499    0.00162717 
ksp              :   0.01000000    0.02612869    0.08542706    0.10000000    0.10000000    0.09276468    0.07107624    0.01849003    0.01000000 
max(|step|)      :   0.00000000    0.00649975    0.00841453    0.00651310    0.00331758    0.00418982    0.00329448    0.02198681    0.00821610    0.00000000 
angle (deg.)     :    71.3555  64.2309  20.2575  47.5968  28.5364  8.5625  56.2644  56.6393 
>
iteration       : 66
climbing        : yes
zoom on         : no
nim             : 10
barrier         :   0.02027466 (image:  4) 
distance        :   0.00000000    4.87008218    6.84336383    7.41125977    7.97057658    8.32075095    8.67525275    9.12973803   11.08784689   14.16807566 
energy          : -1076.12362818  -1076.13168006  -1076.12037913  -1076.10649356  -1076.10335352  -1076.10491404  -1076.10996695  -1076.12208456  -1076.14662507  -1076.14969659 
max(|Fr_perp|)   :   0.00000000    0.00359482    0.00335937    0.00413466    0.00199312    0.00195107    0.00211940    0.02029771    0.00352099    0.00000000 
Fr_paral         :   0.00000000    0.00127017   -0.02477501   -0.01569429    0.00006803    0.00996881    0.02320830    0.03225483    0.00165432    0.00000000 
max(|Fsp_paral|) :   0.00000000    0.00014565    0.00036278    0.00340103    0.00959483    0.00098472    0.00049387    0.00049543    0.00084641    0.00000000 
max(|Fsp_perp|)  :   0.00000000    0.00000000    0.00000000    0.00000000    0.00000000    0.00000000    0.00000000    0.00000000    0.00000000    0.00000000 
max(|FNEB|)      :   0.00000000    0.00362355    0.00335846    0.00400117    0.00199329    0.00198772    0.00199688    0.02026129    0.00350045    0.00000000 
max(|Force|)     :   0.00140850    0.00353527    0.01375385    0.01002936    0.00199295    0.00516350    0.01385979    0.01928636    0.00353919    0.00162717 
ksp              :   0.01000000    0.02442266    0.08606123    0.10000000    0.10000000    0.09307281    0.07064273    0.01685220    0.01000000 
max(|step|)      :   0.00000000    0.00247429    0.00320010    0.00375725    0.00146851    0.00260502    0.00424289    0.01015070    0.00615802    0.00000000 
angle (deg.)     :    71.1241  64.5633  20.6213  47.8241  27.9045  7.6890  56.3015  56.2201 
>
iteration       : 67
climbing        : yes
zoom on         : no
nim             : 10
barrier         :   0.02027308 (image:  4) 
distance        :   0.00000000    4.86476180    6.84163086    7.41389734    7.96878537    8.32067386    8.67953255    9.13180793   11.07121773   14.16201666 
energy          : -1076.12362818  -1076.13169537  -1076.12039487  -1076.10643822  -1076.10335510  -1076.10493402  -1076.11012390  -1076.12247793  -1076.14659212  -1076.14969659 
max(|Fr_perp|)   :   0.00000000    0.00073921    0.00120557    0.00244064    0.00095389    0.00097785    0.00092685    0.00282804    0.00193988    0.00000000 
Fr_paral         :   0.00000000    0.00107814   -0.02494312   -0.01545477    0.00007798    0.01007653    0.02357989    0.03318570    0.00162735    0.00000000 
max(|Fsp_paral|) :   0.00000000    0.00014426    0.00066776    0.00293324    0.00930008    0.00089373    0.00095988    0.00128912    0.00061936    0.00000000 
max(|Fsp_perp|)  :   0.00000000    0.00000000    0.00000000    0.00000000    0.00000000    0.00000000    0.00000000    0.00000000    0.00000000    0.00000000 
max(|FNEB|)      :   0.00000000    0.00071814    0.00107241    0.00101590    0.00095364    0.00094869    0.00093472    0.00284369    0.00135893    0.00000000 
max(|Force|)     :   0.00140850    0.00093676    0.01385484    0.00987849    0.00095414    0.00516215    0.01393338    0.01916551    0.00134871    0.00162717 
ksp              :   0.01000000    0.02435392    0.08631286    0.10000000    0.10000000    0.09299057    0.06995068    0.01510640    0.01000000 
max(|step|)      :   0.00000000    0.00154800    0.00125863    0.00182734    0.00171030    0.00210297    0.00186792    0.00261695    0.00309767    0.00000000 
angle (deg.)     :    71.2643  64.2818  20.4860  47.8201  28.1881  7.7990  56.4788  56.4003 
>
iteration       : 68
climbing        : yes
zoom on         : no
nim             : 10
barrier         :   0.02026493 (image:  4) 
distance        :   0.00000000    4.86760725    6.84408821    7.41590142    7.97123027    8.32086008    8.67948105    9.13303868   11.08071150   14.16524710 
energy          : -1076.12362818  -1076.13170497  -1076.12040749  -1076.10645469  -1076.10336325  -1076.10491828  -1076.11006947  -1076.12243278  -1076.14663952  -1076.14969659 
max(|Fr_perp|)   :   0.00000000    0.00054161    0.00081870    0.00245699    0.00089851    0.00092183    0.00096356    0.00129629    0.00180425    0.00000000 
Fr_paral         :   0.00000000    0.00103834   -0.02491639   -0.01549861    0.00007002    0.00996612    0.02344533    0.03322873    0.00169844    0.00000000 
max(|Fsp_paral|) :   0.00000000    0.00018374    0.00069193    0.00298511    0.00943535    0.00077094    0.00085328    0.00112411    0.00039627    0.00000000 
max(|Fsp_perp|)  :   0.00000000    0.00000000    0.00000000    0.00000000    0.00000000    0.00000000    0.00000000    0.00000000    0.00000000    0.00000000 
max(|FNEB|)      :   0.00000000    0.00066850    0.00068059    0.00095754    0.00089829    0.00089262    0.00088894    0.00095139    0.00143669    0.00000000 
max(|Force|)     :   0.00140850    0.00080185    0.01386967    0.00991630    0.00089872    0.00513898    0.01387067    0.01912157    0.00119107    0.00162717 
ksp              :   0.01000000    0.02430361    0.08627040    0.10000000    0.10000000    0.09309384    0.07021656    0.01530896    0.01000000 
max(|step|)      :   0.00000000    0.00768310    0.00496038    0.01003783    0.00937965    0.01061360    0.00873160    0.01266032    0.01475827    0.00000000 
angle (deg.)     :    71.9262  62.9988  20.4013  48.0749  29.4749  8.4013  57.8455  57.1460 
>
iteration       : 69
climbing        : yes
zoom on         : no
nim             : 10
barrier         :   0.02022044 (image:  4) 
distance        :   0.00000000    4.88129098    6.85808433    7.43475316    7.98789243    8.32522288    8.68677987    9.14802965   11.12867272   14.18489120 
energy          : -1076.12362818  -1076.13174940  -1076.12051002  -1076.10647073  -1076.10340774  -1076.10483308  -1076.10987298  -1076.12231184  -1076.14683166  -1076.14969659 
max(|Fr_perp|)   :   0.00000000    0.00080037    0.00084253    0.00262033    0.00086279    0.00088200    0.00099394    0.00546366    0.00125193    0.00000000 
Fr_paral         :   0.00000000    0.00100182   -0.02468339   -0.01544623    0.00002678    0.00938399    0.02293253    0.03332513    0.00204631    0.00000000 
max(|Fsp_paral|) :   0.00000000    0.00046328    0.00139193    0.00264728    0.00996873    0.00006124    0.00056411    0.00081199    0.00032984    0.00000000 
max(|Fsp_perp|)  :   0.00000000    0.00000000    0.00000000    0.00000000    0.00000000    0.00000000    0.00000000    0.00000000    0.00000000    0.00000000 
max(|FNEB|)      :   0.00000000    0.00086425    0.00093570    0.00089576    0.00086272    0.00085256    0.00089019    0.00547449    0.00126106    0.00000000 
max(|Force|)     :   0.00140850    0.00087934    0.01374452    0.01004297    0.00086285    0.00494434    0.01356494    0.01919126    0.00123645    0.00162717 
ksp              :   0.01000000    0.02387876    0.08636680    0.10000000    0.10000000    0.09365591    0.07122360    0.01585894    0.01000000 
max(|step|)      :   0.00000000    0.00665249    0.00551797    0.01196004    0.01132429    0.01126827    0.01096508    0.01177160    0.01377064    0.00000000 
angle (deg.)     :    72.2910  61.9207  20.8430  48.3951  30.2296  8.8083  59.5104  57.5173 
>
iteration       : 70
climbing        : yes
zoom on         : no
nim             : 10
barrier         :   0.02017104 (image:  4) 
distance        :   0.00000000    4.88702052    6.87985996    7.45620628    8.00518894    8.33679043    8.70084454    9.16754439   11.16298092   14.19883206 
energy          : -1076.12362818  -1076.13178203  -1076.12039855  -1076.10646053  -1076.10345714  -1076.10481269  -1076.10981785  -1076.12233567  -1076.14691336  -1076.14969659 
max(|Fr_perp|)   :   0.00000000    0.00233269    0.00165564    0.00272711    0.00133675    0.00273702    0.00382019    0.00205341    0.00448536    0.00000000 
Fr_paral         :   0.00000000    0.00088650   -0.02494312   -0.01519235   -0.00000787    0.00903910    0.02266269    0.03339594    0.00252173    0.00000000 
max(|Fsp_paral|) :   0.00000000    0.00006474    0.00068166    0.00239469    0.01012735    0.00048543    0.00043446    0.00111503    0.00043123    0.00000000 
max(|Fsp_perp|)  :   0.00000000    0.00000000    0.00000000    0.00000000    0.00000000    0.00000000    0.00000000    0.00000000    0.00000000    0.00000000 
max(|FNEB|)      :   0.00000000    0.00231694    0.00179481    0.00209598    0.00133676    0.00275129    0.00381812    0.00222660    0.00448095    0.00000000 
max(|Force|)     :   0.00140850    0.00237395    0.01410202    0.01002222    0.00133673    0.00469518    0.01327172    0.01932669    0.00448758    0.00162717 
ksp              :   0.01000000    0.02441008    0.08659935    0.10000000    0.10000000    0.09395173    0.07161953    0.01576696    0.01000000 
max(|step|)      :   0.00000000    0.01081590    0.00979775    0.01964892    0.01863505    0.01853087    0.01810857    0.01885752    0.02190496    0.00000000 
angle (deg.)     :    72.8440  60.4976  22.1669  48.9577  31.4530  10.2058  62.0688  58.2028 
>
iteration       : 71
climbing        : yes
zoom on         : no
nim             : 10
barrier         :   0.02008333 (image:  4) 
distance        :   0.00000000    4.89814509    6.91792883    7.49696367    8.03966408    8.36457732    8.73154351    9.20612887   11.22479642   14.22949274 
energy          : -1076.12362818  -1076.13185824  -1076.12025535  -1076.10646345  -1076.10354485  -1076.10481958  -1076.10976994  -1076.12231612  -1076.14696720  -1076.14969659 
max(|Fr_perp|)   :   0.00000000    0.00061654    0.00207999    0.00277936    0.00081080    0.00082449    0.00135875    0.00380619    0.00151594    0.00000000 
Fr_paral         :   0.00000000    0.00103153   -0.02508269   -0.01481805   -0.00006651    0.00860380    0.02225442    0.03333792    0.00280390    0.00000000 
max(|Fsp_paral|) :   0.00000000    0.00050304    0.00021522    0.00189003    0.01029386    0.00094857    0.00021198    0.00124075    0.00079053    0.00000000 
max(|Fsp_perp|)  :   0.00000000    0.00000000    0.00000000    0.00000000    0.00000000    0.00000000    0.00000000    0.00000000    0.00000000    0.00000000 
max(|FNEB|)      :   0.00000000    0.00093574    0.00221810    0.00078161    0.00081083    0.00153168    0.00135635    0.00381808    0.00173785    0.00000000 
max(|Force|)     :   0.00140850    0.00073062    0.01436447    0.00988784    0.00081076    0.00442886    0.01287135    0.01957933    0.00227753    0.00162717 
ksp              :   0.01000000    0.02511474    0.08692077    0.10000000    0.10000000    0.09428749    0.07210331    0.01587978    0.01000000 
max(|step|)      :   0.00000000    0.00714431    0.00951703    0.01304506    0.01255245    0.01244389    0.01247905    0.01054473    0.01164711    0.00000000 
angle (deg.)     :    72.9722  60.1809  23.0110  49.1996  31.6208  10.5227  63.0181  58.3412 
>
iteration       : 72
climbing        : yes
zoom on         : no
nim             : 10
barrier         :   0.02002499 (image:  4) 
distance        :   0.00000000    4.90615572    6.94743058    7.52862034    8.06867810    8.39693148    8.76311388    9.23719283   11.25429268   14.24656258 
energy          : -1076.12362818  -1076.13190212  -1076.12022034  -1076.10647905  -1076.10360319  -1076.10489389  -1076.10985247  -1076.12235405  -1076.14694562  -1076.14969659 
max(|Fr_perp|)   :   0.00000000    0.00064545    0.00196814    0.00262316    0.00089353    0.00090968    0.00134734    0.00234060    0.00192452    0.00000000 
Fr_paral         :   0.00000000    0.00106035   -0.02490015   -0.01459902   -0.00009302    0.00860938    0.02219857    0.03337167    0.00301893    0.00000000 
max(|Fsp_paral|) :   0.00000000    0.00075549    0.00058648    0.00163162    0.01009066    0.00074327    0.00022153    0.00136247    0.00070844    0.00000000 
max(|Fsp_perp|)  :   0.00000000    0.00000000    0.00000000    0.00000000    0.00000000    0.00000000    0.00000000    0.00000000    0.00000000    0.00000000 
max(|FNEB|)      :   0.00000000    0.00123705    0.00243650    0.00087872    0.00089352    0.00143002    0.00134060    0.00231289    0.00206856    0.00000000 
max(|Force|)     :   0.00140850    0.00078871    0.01416610    0.00963154    0.00089354    0.00452659    0.01286794    0.01953695    0.00288054    0.00162717 
ksp              :   0.01000000    0.02531614    0.08707478    0.10000000    0.10000000    0.09419908    0.07191331    0.01572644    0.01000000 
max(|step|)      :   0.00000000    0.03442591    0.04843737    0.06107715    0.05906688    0.05852708    0.05897221    0.04830546    0.04669682    0.00000000 
angle (deg.)     :    73.3950  59.6693  27.1617  50.1897  31.7060  13.1543  66.2189  59.0236 
>
iteration       : 73
climbing        : yes
zoom on         : no
nim             : 10
barrier         :   0.01975100 (image:  4) 
distance        :   0.00000000    4.94999208    7.09301229    7.68563366    8.21982797    8.57190695    8.93177556    9.39729462   11.39576437   14.34024419 
energy          : -1076.12362818  -1076.13209207  -1076.12013097  -1076.10661756  -1076.10387718  -1076.10531526  -1076.11030940  -1076.12227527  -1076.14662206  -1076.14969659 
max(|Fr_perp|)   :   0.00000000    0.00117207    0.00303882    0.00341401    0.00103678    0.00123575    0.00202467    0.01641526    0.00395919    0.00000000 
Fr_paral         :   0.00000000    0.00118576   -0.02321507   -0.01380078   -0.00020223    0.00896432    0.02193428    0.03276994    0.00353926    0.00000000 
max(|Fsp_paral|) :   0.00000000    0.00177414    0.00210162    0.00074975    0.00892552    0.00068353    0.00037907    0.00034536    0.00112298    0.00000000 
max(|Fsp_perp|)  :   0.00000000    0.00000000    0.00000000    0.00000000    0.00000000    0.00000000    0.00000000    0.00000000    0.00000000    0.00000000 
max(|FNEB|)      :   0.00000000    0.00239640    0.00379147    0.00284812    0.00103626    0.00113441    0.00172205    0.01641927    0.00312908    0.00000000 
max(|Force|)     :   0.00140850    0.00124449    0.01294940    0.00934021    0.00103729    0.00501940    0.01318872    0.01972542    0.00500808    0.00162717 
ksp              :   0.01000000    0.02593585    0.08751283    0.10000000    0.10000000    0.09344705    0.07069009    0.01616482    0.01000000 
max(|step|)      :   0.00000000    0.03255808    0.04530972    0.05088701    0.04964778    0.04918910    0.04980582    0.04035332    0.03213076    0.00000000 
angle (deg.)     :    73.5850  60.1040  29.4990  50.9774  31.1637  15.5855  67.3311  59.5179 
>
iteration       : 74
climbing        : yes
zoom on         : no
nim             : 10
barrier         :   0.01952673 (image:  4) 
distance        :   0.00000000    4.99978178    7.22019422    7.82552112    8.36376340    8.73742104    9.09613295    9.55565627   11.51381851   14.43175283 
energy          : -1076.12362818  -1076.13224570  -1076.12036938  -1076.10684275  -1076.10410145  -1076.10568992  -1076.11078952  -1076.12232021  -1076.14624927  -1076.14969659 
max(|Fr_perp|)   :   0.00000000    0.00227427    0.00540389    0.00402080    0.00175156    0.00330610    0.00365580    0.02185531    0.00489005    0.00000000 
Fr_paral         :   0.00000000    0.00132137   -0.02104467   -0.01361209   -0.00025575    0.00938064    0.02187006    0.03149187    0.00378332    0.00000000 
max(|Fsp_paral|) :   0.00000000    0.00164347    0.00152478    0.00045249    0.00814361    0.00177569    0.00072899    0.00022440    0.00085946    0.00000000 
max(|Fsp_perp|)  :   0.00000000    0.00000000    0.00000000    0.00000000    0.00000000    0.00000000    0.00000000    0.00000000    0.00000000    0.00000000 
max(|FNEB|)      :   0.00000000    0.00269019    0.00541637    0.00372408    0.00175138    0.00326903    0.00365216    0.02186112    0.00486637    0.00000000 
max(|Force|)     :   0.00140850    0.00221312    0.01132000    0.00977934    0.00175174    0.00526270    0.01369772    0.02072173    0.00597959    0.00162717 
ksp              :   0.01000000    0.02502002    0.08736517    0.10000000    0.10000000    0.09267861    0.06917426    0.01602851    0.01000000 
max(|step|)      :   0.00000000    0.06043504    0.08324695    0.09013724    0.08825872    0.08748319    0.08856545    0.07337119    0.05499317    0.00000000 
angle (deg.)     :    73.9386  61.0855  32.2758  52.3196  30.5807  19.8442  68.7068  60.7890 
>
iteration       : 75
climbing        : yes
zoom on         : no
nim             : 10
barrier         :   0.01912925 (image:  4) 
distance        :   0.00000000    5.09932504    7.45283460    8.08077145    8.63324990    9.04170854    9.40570575    9.86489533   11.74361350   14.62548474 
energy          : -1076.12362818  -1076.13251697  -1076.12101010  -1076.10735766  -1076.10449893  -1076.10636251  -1076.11167911  -1076.12271866  -1076.14558296  -1076.14969659 
max(|Fr_perp|)   :   0.00000000    0.00167145    0.00578759    0.00481310    0.00123475    0.00161648    0.00470896    0.01844373    0.00621634    0.00000000 
Fr_paral         :   0.00000000    0.00140163   -0.01672931   -0.01378030   -0.00034517    0.01014343    0.02162038    0.03022052    0.00378165    0.00000000 
max(|Fsp_paral|) :   0.00000000    0.00046525    0.00104535    0.00043280    0.00717410    0.00329684    0.00127588    0.00187503    0.00075977    0.00000000 
max(|Fsp_perp|)  :   0.00000000    0.00000000    0.00000000    0.00000000    0.00000000    0.00000000    0.00000000    0.00000000    0.00000000    0.00000000 
max(|FNEB|)      :   0.00000000    0.00171731    0.00542310    0.00454197    0.00123242    0.00373496    0.00356818    0.01854055    0.00676738    0.00000000 
max(|Force|)     :   0.00140850    0.00169422    0.00873709    0.01058170    0.00123708    0.00579765    0.01455562    0.02071452    0.00726747    0.00162717 
ksp              :   0.01000000    0.02231762    0.08655016    0.10000000    0.10000000    0.09123217    0.06621841    0.01427915    0.01000000 
max(|step|)      :   0.00000000    0.06684921    0.09106883    0.10000000    0.09803403    0.09733135    0.09783605    0.08816830    0.06638373    0.00000000 
angle (deg.)     :    74.5762  60.9412  34.4018  53.9533  31.0595  22.7115  69.6486  63.7884 
>
iteration       : 76
climbing        : yes
zoom on         : no
nim             : 10
barrier         :   0.01870637 (image:  4) 
distance        :   0.00000000    5.21405163    7.71588176    8.35927128    8.93288964    9.36480284    9.74231247   10.20878594   12.03829138   14.87577702 
energy          : -1076.12362818  -1076.13278188  -1076.12175591  -1076.10802383  -1076.10492181  -1076.10692632  -1076.11245284  -1076.12311829  -1076.14470512  -1076.14969659 
max(|Fr_perp|)   :   0.00000000    0.00122602    0.00630715    0.00520588    0.00102551    0.00424809    0.00617085    0.01180510    0.00796434    0.00000000 
Fr_paral         :   0.00000000    0.00143418   -0.01357794   -0.01446523   -0.00043040    0.01035348    0.02122413    0.02858139    0.00332743    0.00000000 
max(|Fsp_paral|) :   0.00000000    0.00140929    0.00399892    0.00126790    0.00708213    0.00387945    0.00185148    0.00333026    0.00204158    0.00000000 
max(|Fsp_perp|)  :   0.00000000    0.00000000    0.00000000    0.00000000    0.00000000    0.00000000    0.00000000    0.00000000    0.00000000    0.00000000 
max(|FNEB|)      :   0.00000000    0.00163254    0.00745682    0.00423565    0.00106292    0.00437096    0.00586207    0.01245656    0.00941531    0.00000000 
max(|Force|)     :   0.00140850    0.00123672    0.00852051    0.01130775    0.00106613    0.00615356    0.01515480    0.02061300    0.00885142    0.00162717 
ksp              :   0.01000000    0.01903779    0.08508461    0.10000000    0.10000000    0.09035196    0.06377739    0.01251721    0.01000000 
max(|step|)      :   0.00000000    0.00291639    0.01332093    0.00756661    0.00189881    0.00780833    0.01047206    0.02225251    0.01681960    0.00000000 
angle (deg.)     :    74.2293  60.0814  32.8007  54.3949  31.3270  19.5742  67.1220  64.2980 
>
iteration       : 77
climbing        : yes
zoom on         : no
nim             : 10
barrier         :   0.01869413 (image:  4) 
distance        :   0.00000000    5.20737698    7.71608495    8.34174248    8.92094504    9.33925814    9.72512508   10.18658127   12.01810537   14.84769744 
energy          : -1076.12362818  -1076.13278922  -1076.12199648  -1076.10814556  -1076.10493405  -1076.10678254  -1076.11247460  -1076.12327932  -1076.14519845  -1076.14969659 
max(|Fr_perp|)   :   0.00000000    0.00237959    0.01189437    0.00527202    0.00212118    0.00881939    0.01183938    0.02564143    0.00752676    0.00000000 
Fr_paral         :   0.00000000    0.00131635   -0.01685308   -0.01498787   -0.00038419    0.00987117    0.02194779    0.02814427    0.00298207    0.00000000 
max(|Fsp_paral|) :   0.00000000    0.00228472    0.00447671    0.00239926    0.00793970    0.00286923    0.00254749    0.00390707    0.00259758    0.00000000 
max(|Fsp_perp|)  :   0.00000000    0.00000000    0.00000000    0.00000000    0.00000000    0.00000000    0.00000000    0.00000000    0.00000000    0.00000000 
max(|FNEB|)      :   0.00000000    0.00222540    0.01199973    0.00528472    0.00212886    0.00901175    0.01191082    0.02598435    0.00940309    0.00000000 
max(|Force|)     :   0.00140850    0.00240772    0.01165691    0.01097787    0.00211349    0.00861441    0.01489338    0.02447370    0.00833976    0.00162717 
ksp              :   0.01000000    0.01785558    0.08453868    0.10000000    0.10000000    0.09110073    0.06369721    0.01167953    0.01000000 
max(|step|)      :   0.00000000    0.00301904    0.01217122    0.00651105    0.00164265    0.00664848    0.00841660    0.01282730    0.01693560    0.00000000 
angle (deg.)     :    73.8591  59.4680  31.3850  54.8868  31.7269  16.4265  64.6949  64.8485 
>
iteration       : 78
climbing        : yes
zoom on         : no
nim             : 10
barrier         :   0.01868378 (image:  4) 
distance        :   0.00000000    5.19897705    7.71785341    8.32734867    8.91118296    9.31746903    9.70962365   10.16768225   12.00399514   14.82554213 
energy          : -1076.12362818  -1076.13279135  -1076.12213209  -1076.10825270  -1076.10494440  -1076.10669618  -1076.11251915  -1076.12378686  -1076.14570487  -1076.14969659 
max(|Fr_perp|)   :   0.00000000    0.00209952    0.01046401    0.00459242    0.00187823    0.00742431    0.01035193    0.02028590    0.00695572    0.00000000 
Fr_paral         :   0.00000000    0.00133014   -0.01947833   -0.01543479   -0.00037212    0.00966884    0.02258123    0.02991556    0.00313048    0.00000000 
max(|Fsp_paral|) :   0.00000000    0.00272132    0.00427810    0.00339455    0.00867510    0.00203600    0.00313210    0.00526411    0.00373722    0.00000000 
max(|Fsp_perp|)  :   0.00000000    0.00000000    0.00000000    0.00000000    0.00000000    0.00000000    0.00000000    0.00000000    0.00000000    0.00000000 
max(|FNEB|)      :   0.00000000    0.00238584    0.01057198    0.00462166    0.00188507    0.00756116    0.01043293    0.02065685    0.00971124    0.00000000 
max(|Force|)     :   0.00140850    0.00212781    0.01126923    0.01064144    0.00187140    0.00724325    0.01463035    0.02100158    0.00783372    0.00162717 
ksp              :   0.01000000    0.01720666    0.08406385    0.10000000    0.10000000    0.09156166    0.06351232    0.01000000    0.01000000 
max(|step|)      :   0.00000000    0.01749936    0.05116579    0.02380151    0.00966163    0.02998488    0.04925514    0.06728231    0.10000000    0.00000000 
angle (deg.)     :    71.7216  59.9011  27.1306  58.3986  35.2193  11.3662  53.9761  69.1130 
>
iteration       : 79
climbing        : yes
zoom on         : no
nim             : 10
barrier         :   0.01865585 (image:  4) 
distance        :   0.00000000    5.13888760    7.74551347    8.29396200    8.89297111    9.24811364    9.65655551   10.09991640   12.02842378   14.80173828 
energy          : -1076.12362818  -1076.13272314  -1076.12128669  -1076.10845851  -1076.10497233  -1076.10631163  -1076.11218960  -1076.12377404  -1076.14761416  -1076.14969659 
max(|Fr_perp|)   :   0.00000000    0.00135637    0.00893695    0.00463800    0.00100081    0.00198249    0.00174204    0.01380845    0.00412794    0.00000000 
Fr_paral         :   0.00000000    0.00155380   -0.02497136   -0.01655986   -0.00026168    0.00854874    0.02406086    0.03224608    0.00267194    0.00000000 
max(|Fsp_paral|) :   0.00000000    0.00134199    0.00483669    0.00657679    0.01126148    0.00117239    0.00495266    0.00468922    0.00332320    0.00000000 
max(|Fsp_perp|)  :   0.00000000    0.00000000    0.00000000    0.00000000    0.00000000    0.00000000    0.00000000    0.00000000    0.00000000    0.00000000 
max(|FNEB|)      :   0.00000000    0.00198113    0.01314274    0.00497987    0.00100154    0.00215939    0.00446219    0.01459548    0.00685623    0.00000000 
max(|Force|)     :   0.00140850    0.00133620    0.01937840    0.01230007    0.00100451    0.00470441    0.01396528    0.02084072    0.00500281    0.00162717 
ksp              :   0.01000000    0.02136611    0.08317221    0.10000000    0.10000000    0.09354413    0.06516641    0.01000000    0.01000000 
max(|step|)      :   0.00000000    0.00317639    0.02107204    0.00798434    0.00160580    0.00346219    0.00715432    0.02340126    0.01099275    0.00000000 
angle (deg.)     :    71.6821  61.2442  26.7755  58.5223  35.5112  9.4256  54.4256  69.4868 
>
iteration       : 80
climbing        : yes
zoom on         : no
nim             : 10
barrier         :   0.01864191 (image:  4) 
distance        :   0.00000000    5.14559877    7.74621243    8.32268676    8.91333997    9.27400158    9.66448421   10.10906874   12.06177440   14.82935141 
energy          : -1076.12362818  -1076.13274159  -1076.12207909  -1076.10831583  -1076.10498627  -1076.10637570  -1076.11198717  -1076.12347342  -1076.14774910  -1076.14969659 
max(|Fr_perp|)   :   0.00000000    0.00185529    0.00549145    0.00421591    0.00112262    0.00358654    0.00136779    0.02508556    0.00456039    0.00000000 
Fr_paral         :   0.00000000    0.00133319   -0.02404528   -0.01600905   -0.00026178    0.00875130    0.02364401    0.03178281    0.00288974    0.00000000 
max(|Fsp_paral|) :   0.00000000    0.00189363    0.00147019    0.00493636    0.01071927    0.00016139    0.00372481    0.00425361    0.00264752    0.00000000 
max(|Fsp_perp|)  :   0.00000000    0.00000000    0.00000000    0.00000000    0.00000000    0.00000000    0.00000000    0.00000000    0.00000000    0.00000000 
max(|FNEB|)      :   0.00000000    0.00256121    0.00414768    0.00298626    0.00112137    0.00355343    0.00272223    0.02538032    0.00534243    0.00000000 
max(|Force|)     :   0.00140850    0.00191851    0.01602614    0.01161231    0.00112386    0.00468598    0.01351103    0.02392558    0.00452479    0.00162717 
ksp              :   0.01000000    0.01747873    0.08392546    0.10000000    0.10000000    0.09329206    0.06620082    0.01074714    0.01000000 
max(|step|)      :   0.00000000    0.00092818    0.00993285    0.00467436    0.00110990    0.00183852    0.00421831    0.00827378    0.00722808    0.00000000 
angle (deg.)     :    71.5873  61.9858  26.5968  58.6116  35.7387  8.2202  54.7164  69.7399 
>
iteration       : 81
climbing        : yes
zoom on         : no
nim             : 10
barrier         :   0.01863376 (image:  4) 
distance        :   0.00000000    5.14455765    7.74886325    8.33630111    8.92248472    9.28595877    9.66587753   10.11085607   12.07958296   14.84334264 
energy          : -1076.12362818  -1076.13275030  -1076.12235498  -1076.10825203  -1076.10499442  -1076.10641785  -1076.11185863  -1076.12361864  -1076.14785279  -1076.14969659 
max(|Fr_perp|)   :   0.00000000    0.00108998    0.00369406    0.00395940    0.00100302    0.00175752    0.00117279    0.01050934    0.00328433    0.00000000 
Fr_paral         :   0.00000000    0.00140215   -0.02336785   -0.01573659   -0.00025585    0.00889138    0.02338797    0.03303799    0.00285495    0.00000000 
max(|Fsp_paral|) :   0.00000000    0.00297415    0.00382348    0.00421305    0.01042712    0.00043246    0.00299843    0.00511229    0.00312204    0.00000000 
max(|Fsp_perp|)  :   0.00000000    0.00000000    0.00000000    0.00000000    0.00000000    0.00000000    0.00000000    0.00000000    0.00000000    0.00000000 
max(|FNEB|)      :   0.00000000    0.00268241    0.00258281    0.00206505    0.00100188    0.00171764    0.00195361    0.01068346    0.00531611    0.00000000 
max(|Force|)     :   0.00140850    0.00122997    0.01420687    0.01123114    0.00100415    0.00466738    0.01355648    0.01999363    0.00368796    0.00162717 
ksp              :   0.01000000    0.01614947    0.08426596    0.10000000    0.10000000    0.09312493    0.06684627    0.01004608    0.01000000 
max(|step|)      :   0.00000000    0.00457748    0.02660734    0.01510602    0.00426925    0.00513995    0.01348063    0.02534917    0.02680382    0.00000000 
angle (deg.)     :    71.1396  64.3618  26.6254  59.0059  36.8028  6.8031  56.2080  70.7776 
>
iteration       : 82
climbing        : yes
zoom on         : no
nim             : 10
barrier         :   0.01861526 (image:  4) 
distance        :   0.00000000    5.13128585    7.76202291    8.37609287    8.94886722    9.31992941    9.66710906   10.10840517   12.14312272   14.89239425 
energy          : -1076.12362818  -1076.13274148  -1076.12268245  -1076.10802874  -1076.10501292  -1076.10652193  -1076.11140949  -1076.12280719  -1076.14809819  -1076.14969659 
max(|Fr_perp|)   :   0.00000000    0.00109023    0.00236679    0.00317399    0.00101818    0.00149645    0.00167551    0.01129657    0.00200580    0.00000000 
Fr_paral         :   0.00000000    0.00158647   -0.02017157   -0.01478059   -0.00022416    0.00921114    0.02236554    0.03276770    0.00259211    0.00000000 
max(|Fsp_paral|) :   0.00000000    0.00413215    0.00768268    0.00222992    0.00956765    0.00222968    0.00090450    0.00110999    0.00037425    0.00000000 
max(|Fsp_perp|)  :   0.00000000    0.00000000    0.00000000    0.00000000    0.00000000    0.00000000    0.00000000    0.00000000    0.00000000    0.00000000 
max(|FNEB|)      :   0.00000000    0.00370336    0.00907870    0.00109950    0.00101735    0.00172622    0.00104000    0.01132241    0.00202053    0.00000000 
max(|Force|)     :   0.00140850    0.00139185    0.00950989    0.01000637    0.00101902    0.00512274    0.01355527    0.01953015    0.00233517    0.00162717 
ksp              :   0.01000000    0.01457235    0.08541928    0.10000000    0.10000000    0.09270432    0.06907423    0.01396928    0.01000000 
max(|step|)      :   0.00000000    0.00469805    0.00967721    0.00135679    0.00160878    0.00175157    0.00165790    0.00301622    0.00283808    0.00000000 
angle (deg.)     :    70.8868  64.3026  26.3471  59.1638  36.9470  6.7670  56.5299  70.8093 
>
iteration       : 83
climbing        : yes
zoom on         : no
nim             : 10
barrier         :   0.01860810 (image:  4) 
distance        :   0.00000000    5.11615803    7.76807610    8.36673046    8.94060284    9.30821425    9.65659319   10.10085434   12.13608666   14.88486073 
energy          : -1076.12362818  -1076.13272219  -1076.12240286  -1076.10805058  -1076.10502008  -1076.10649880  -1076.11138089  -1076.12291835  -1076.14813603  -1076.14969659 
max(|Fr_perp|)   :   0.00000000    0.00051334    0.00159124    0.00311221    0.00095267    0.00107578    0.00148054    0.00739720    0.00145886    0.00000000 
Fr_paral         :   0.00000000    0.00154806   -0.02171980   -0.01479539   -0.00020581    0.00910040    0.02232114    0.03295778    0.00257977    0.00000000 
max(|Fsp_paral|) :   0.00000000    0.00283195    0.00480651    0.00291151    0.00976952    0.00199672    0.00084481    0.00185135    0.00005972    0.00000000 
max(|Fsp_perp|)  :   0.00000000    0.00000000    0.00000000    0.00000000    0.00000000    0.00000000    0.00000000    0.00000000    0.00000000    0.00000000 
max(|FNEB|)      :   0.00000000    0.00241837    0.00541754    0.00082384    0.00095194    0.00144703    0.00097500    0.00741436    0.00150462    0.00000000 
max(|Force|)     :   0.00140850    0.00094349    0.01111154    0.00995363    0.00095339    0.00503223    0.01335718    0.01937968    0.00231916    0.00162717 
ksp              :   0.01000000    0.01592640    0.08534266    0.10000000    0.10000000    0.09284800    0.06923527    0.01343317    0.01000000 
max(|step|)      :   0.00000000    0.01440535    0.02145621    0.00631392    0.00750686    0.00764591    0.00775281    0.01716379    0.01784968    0.00000000 
angle (deg.)     :    70.0032  65.4015  25.8951  60.2413  37.7272  7.0727  57.8265  71.2641 
>
iteration       : 84
climbing        : yes
zoom on         : no
nim             : 10
barrier         :   0.01857765 (image:  4) 
distance        :   0.00000000    5.06797331    7.79368347    8.36262494    8.93410502    9.28872794    9.63926809   10.08413219   12.14129740   14.88423216 
energy          : -1076.12362818  -1076.13265516  -1076.12164929  -1076.10799696  -1076.10505053  -1076.10641465  -1076.11122795  -1076.12275502  -1076.14826352  -1076.14969659 
max(|Fr_perp|)   :   0.00000000    0.00109928    0.00170146    0.00316174    0.00109793    0.00115122    0.00199799    0.00245215    0.00363861    0.00000000 
Fr_paral         :   0.00000000    0.00160632   -0.02416319   -0.01439301   -0.00015425    0.00866759    0.02203649    0.03321815    0.00215855    0.00000000 
max(|Fsp_paral|) :   0.00000000    0.00085107    0.00251153    0.00385409    0.01023724    0.00122463    0.00083539    0.00104794    0.00075186    0.00000000 
max(|Fsp_perp|)  :   0.00000000    0.00000000    0.00000000    0.00000000    0.00000000    0.00000000    0.00000000    0.00000000    0.00000000    0.00000000 
max(|FNEB|)      :   0.00000000    0.00160333    0.00315175    0.00297686    0.00109755    0.00119215    0.00200338    0.00235611    0.00365502    0.00000000 
max(|Force|)     :   0.00140850    0.00139878    0.01374101    0.00961479    0.00109832    0.00450827    0.01313845    0.01954054    0.00362185    0.00162717 
ksp              :   0.01000000    0.01958677    0.08572594    0.10000000    0.10000000    0.09339146    0.07007331    0.01423004    0.01000000 
max(|step|)      :   0.00000000    0.00433939    0.00777923    0.00593299    0.00520946    0.00527630    0.00532967    0.00789511    0.00799174    0.00000000 
angle (deg.)     :    69.6676  66.4613  26.1680  60.9878  38.1702  7.2798  58.3232  71.4348 
>
iteration       : 85
climbing        : yes
zoom on         : no
nim             : 10
barrier         :   0.01855809 (image:  4) 
distance        :   0.00000000    5.05676261    7.80469750    8.37918069    8.94765249    9.29555615    9.64841156   10.09210749   12.15529215   14.89594759 
energy          : -1076.12362818  -1076.13263808  -1076.12168513  -1076.10788917  -1076.10507009  -1076.10637196  -1076.11116686  -1076.12261747  -1076.14826807  -1076.14969659 
max(|Fr_perp|)   :   0.00000000    0.00202971    0.00365137    0.00647956    0.00103692    0.00334885    0.00431618    0.00591119    0.00782322    0.00000000 
Fr_paral         :   0.00000000    0.00139105   -0.02390843   -0.01388176   -0.00012346    0.00841191    0.02194638    0.03322857    0.00239829    0.00000000 
max(|Fsp_paral|) :   0.00000000    0.00088317    0.00205880    0.00331581    0.01039413    0.00077516    0.00097201    0.00028084    0.00136808    0.00000000 
max(|Fsp_perp|)  :   0.00000000    0.00000000    0.00000000    0.00000000    0.00000000    0.00000000    0.00000000    0.00000000    0.00000000    0.00000000 
max(|FNEB|)      :   0.00000000    0.00197842    0.00371481    0.00636331    0.00103671    0.00331035    0.00431486    0.00576560    0.00781506    0.00000000 
max(|Force|)     :   0.00140850    0.00177025    0.01349522    0.00961672    0.00103713    0.00455011    0.01270277    0.01967984    0.00782640    0.00162717 
ksp              :   0.01000000    0.01942308    0.08632848    0.10000000    0.10000000    0.09368642    0.07043289    0.01490159    0.01000000 
max(|step|)      :   0.00000000    0.00142838    0.00171558    0.00288509    0.00037969    0.00144265    0.00208483    0.00272701    0.00342881    0.00000000 
angle (deg.)     :    69.7200  66.3690  26.0621  60.9070  38.1101  7.1960  58.2081  71.3806 
>
iteration       : 86
climbing        : yes
zoom on         : no
nim             : 10
barrier         :   0.01855835 (image:  4) 
distance        :   0.00000000    5.06043525    7.80289642    8.37947635    8.94827382    9.29688188    9.64995109   10.09375848   12.15363980   14.89496650 
energy          : -1076.12362818  -1076.13265126  -1076.12177059  -1076.10795913  -1076.10506983  -1076.10638271  -1076.11119293  -1076.12268327  -1076.14831822  -1076.14969659 
max(|Fr_perp|)   :   0.00000000    0.00066458    0.00112480    0.00314984    0.00093042    0.00098282    0.00099899    0.00138595    0.00191302    0.00000000 
Fr_paral         :   0.00000000    0.00148966   -0.02389283   -0.01415362   -0.00012109    0.00846563    0.02199500    0.03338691    0.00226378    0.00000000 
max(|Fsp_paral|) :   0.00000000    0.00048083    0.00138910    0.00333894    0.01036463    0.00080629    0.00099795    0.00064550    0.00107464    0.00000000 
max(|Fsp_perp|)  :   0.00000000    0.00000000    0.00000000    0.00000000    0.00000000    0.00000000    0.00000000    0.00000000    0.00000000    0.00000000 
max(|FNEB|)      :   0.00000000    0.00101844    0.00177187    0.00184118    0.00093019    0.00093384    0.00093928    0.00123053    0.00190568    0.00000000 
max(|Force|)     :   0.00140850    0.00100974    0.01334085    0.00962293    0.00093064    0.00451322    0.01282031    0.01957545    0.00191680    0.00162717 
ksp              :   0.01000000    0.01900849    0.08598817    0.10000000    0.10000000    0.09363309    0.07030562    0.01458240    0.01000000 
max(|step|)      :   0.00000000    0.00239382    0.00452907    0.00278006    0.00313361    0.00316924    0.00320351    0.00391197    0.00372859    0.00000000 
angle (deg.)     :    69.5350  66.9508  26.1641  61.3030  38.3684  7.3765  58.4531  71.4431 
>
iteration       : 87
climbing        : yes
zoom on         : no
nim             : 10
barrier         :   0.01854557 (image:  4) 
distance        :   0.00000000    5.05515845    7.80911864    8.38951764    8.95699480    9.30222630    9.65630042   10.10004308   12.16050291   14.90108074 
energy          : -1076.12362818  -1076.13264816  -1076.12182859  -1076.10794373  -1076.10508261  -1076.10636752  -1076.11116638  -1076.12263758  -1076.14834155  -1076.14969659 
max(|Fr_perp|)   :   0.00000000    0.00037773    0.00108032    0.00318210    0.00094087    0.00099182    0.00094689    0.00214090    0.00072326    0.00000000 
Fr_paral         :   0.00000000    0.00154071   -0.02375892   -0.01404437   -0.00010225    0.00835216    0.02194486    0.03344662    0.00215060    0.00000000 
max(|Fsp_paral|) :   0.00000000    0.00032793    0.00087627    0.00308346    0.01044565    0.00059068    0.00103798    0.00042482    0.00127379    0.00000000 
max(|Fsp_perp|)  :   0.00000000    0.00000000    0.00000000    0.00000000    0.00000000    0.00000000    0.00000000    0.00000000    0.00000000    0.00000000 
max(|FNEB|)      :   0.00000000    0.00069092    0.00116659    0.00089386    0.00094070    0.00094251    0.00094819    0.00213773    0.00163906    0.00000000 
max(|Force|)     :   0.00140850    0.00084873    0.01317308    0.00958202    0.00094104    0.00442281    0.01277142    0.01954307    0.00126642    0.00162717 
ksp              :   0.01000000    0.01873323    0.08611523    0.10000000    0.10000000    0.09376447    0.07047602    0.01480728    0.01000000 
max(|step|)      :   0.00000000    0.00852127    0.01613671    0.01015229    0.01137422    0.01149676    0.01161153    0.01277540    0.01183633    0.00000000 
angle (deg.)     :    68.9055  68.8873  26.6692  62.6667  39.3041  8.2879  59.2953  71.6116 
>
iteration       : 88
climbing        : yes
zoom on         : no
nim             : 10
barrier         :   0.01850070 (image:  4) 
distance        :   0.00000000    5.03663344    7.83179940    8.42385421    8.98794089    9.32200856    9.67942222   10.12484508   12.18304089   14.92207414 
energy          : -1076.12362818  -1076.13263074  -1076.12199271  -1076.10787496  -1076.10512748  -1076.10631942  -1076.11107424  -1076.12250565  -1076.14835730  -1076.14969659 
max(|Fr_perp|)   :   0.00000000    0.00086152    0.00161016    0.00339845    0.00099608    0.00130544    0.00225945    0.00291823    0.00328255    0.00000000 
Fr_paral         :   0.00000000    0.00161622   -0.02332180   -0.01359039   -0.00004410    0.00794462    0.02176065    0.03362983    0.00192500    0.00000000 
max(|Fsp_paral|) :   0.00000000    0.00005590    0.00059821    0.00230234    0.01075660    0.00011581    0.00109447    0.00009256    0.00183204    0.00000000 
max(|Fsp_perp|)  :   0.00000000    0.00000000    0.00000000    0.00000000    0.00000000    0.00000000    0.00000000    0.00000000    0.00000000    0.00000000 
max(|FNEB|)      :   0.00000000    0.00082743    0.00152203    0.00301902    0.00099606    0.00133679    0.00226725    0.00305974    0.00346636    0.00000000 
max(|Force|)     :   0.00140850    0.00116460    0.01276634    0.00951406    0.00099610    0.00417538    0.01252265    0.01966398    0.00320080    0.00162717 
ksp              :   0.01000000    0.01795603    0.08663440    0.10000000    0.10000000    0.09420159    0.07107089    0.01546077    0.01000000 
max(|step|)      :   0.00000000    0.01020661    0.01942151    0.01314074    0.01450911    0.01463606    0.01476739    0.01482924    0.01348118    0.00000000 
angle (deg.)     :    68.2224  70.8592  27.2562  63.8984  40.4072  9.2837  60.1179  71.6768 
>
iteration       : 89
climbing        : yes
zoom on         : no
nim             : 10
barrier         :   0.01844400 (image:  4) 
distance        :   0.00000000    5.01591388    7.85987110    8.46068623    9.02437855    9.34989213    9.70680317   10.15858140   12.20292655   14.94254427 
energy          : -1076.12362818  -1076.13260995  -1076.12214790  -1076.10786669  -1076.10518418  -1076.10630929  -1076.11096811  -1076.12247169  -1076.14831622  -1076.14969659 
max(|Fr_perp|)   :   0.00000000    0.00113843    0.00188141    0.00358645    0.00103905    0.00156634    0.00238797    0.00311440    0.00323807    0.00000000 
Fr_paral         :   0.00000000    0.00165852   -0.02299352   -0.01330926    0.00003061    0.00763503    0.02148536    0.03348261    0.00183444    0.00000000 
max(|Fsp_paral|) :   0.00000000    0.00037524    0.00174509    0.00184645    0.01108393    0.00051806    0.00071634    0.00025385    0.00190830    0.00000000 
max(|Fsp_perp|)  :   0.00000000    0.00000000    0.00000000    0.00000000    0.00000000    0.00000000    0.00000000    0.00000000    0.00000000    0.00000000 
max(|FNEB|)      :   0.00000000    0.00091609    0.00180554    0.00329784    0.00103902    0.00158930    0.00238958    0.00326581    0.00340787    0.00000000 
max(|Force|)     :   0.00140850    0.00145020    0.01254965    0.00950495    0.00103907    0.00405933    0.01226771    0.01959123    0.00323432    0.00162717 
ksp              :   0.01000000    0.01722323    0.08691030    0.10000000    0.10000000    0.09450987    0.07177653    0.01564326    0.01000000 
max(|step|)      :   0.00000000    0.02721838    0.05079210    0.03932420    0.04246998    0.04273521    0.04303418    0.04341215    0.04156175    0.00000000 
angle (deg.)     :    66.7570  74.5001  28.5566  65.7677  42.5363  10.3258  60.6196  71.6927 
>
iteration       : 90
climbing        : yes
zoom on         : no
nim             : 10
barrier         :   0.01828926 (image:  4) 
distance        :   0.00000000    4.96467603    7.93528527    8.54143833    9.11361977    9.43321118    9.78372344   10.23792846   12.22254440   14.96933930 
energy          : -1076.12362818  -1076.13254953  -1076.12239738  -1076.10800010  -1076.10533892  -1076.10643639  -1076.11091148  -1076.12225633  -1076.14798337  -1076.14969659 
max(|Fr_perp|)   :   0.00000000    0.00076759    0.00109933    0.00628070    0.00343760    0.00121557    0.00200740    0.00610429    0.01137988    0.00000000 
Fr_paral         :   0.00000000    0.00169547   -0.02278926   -0.01306387    0.00020796    0.00737208    0.02107247    0.03329854    0.00121326    0.00000000 
max(|Fsp_paral|) :   0.00000000    0.00062895    0.00264770    0.00197914    0.01170087    0.00052505    0.00010793    0.00016153    0.00242069    0.00000000 
max(|Fsp_perp|)  :   0.00000000    0.00000000    0.00000000    0.00000000    0.00000000    0.00000000    0.00000000    0.00000000    0.00000000    0.00000000 
max(|FNEB|)      :   0.00000000    0.00086417    0.00274380    0.00647433    0.00343505    0.00138858    0.00200181    0.00623601    0.01141778    0.00000000 
max(|Force|)     :   0.00140850    0.00086895    0.01239591    0.00959585    0.00344015    0.00413808    0.01178077    0.01941371    0.01137309    0.00162717 
ksp              :   0.01000000    0.01605669    0.08690457    0.10000000    0.10000000    0.09459944    0.07257789    0.01675074    0.01000000 
max(|step|)      :   0.00000000    0.04954411    0.09142259    0.07601767    0.08112381    0.08154190    0.08201284    0.08295316    0.08862780    0.00000000 
angle (deg.)     :    64.7662  79.7932  31.2036  68.1679  45.7319  11.6547  60.0574  71.8480 
>
iteration       : 91
climbing        : yes
zoom on         : no
nim             : 10
barrier         :   0.01799019 (image:  4) 
distance        :   0.00000000    4.88043097    8.08324811    8.68963877    9.28593945    9.60701081    9.94704565   10.40286221   12.24366339   15.02232310 
energy          : -1076.12362818  -1076.13236886  -1076.12267956  -1076.10840911  -1076.10563799  -1076.10674060  -1076.11100808  -1076.12213612  -1076.14695588  -1076.14969659 
max(|Fr_perp|)   :   0.00000000    0.00349399    0.00636686    0.00617141    0.00470910    0.00601309    0.00579690    0.00440535    0.01244976    0.00000000 
Fr_paral         :   0.00000000    0.00199134   -0.02254560   -0.01343463    0.00056358    0.00710562    0.02064645    0.03275471    0.00114010    0.00000000 
max(|Fsp_paral|) :   0.00000000    0.00051892    0.00256954    0.00314205    0.01262757    0.00000900    0.00068780    0.00070672    0.00182274    0.00000000 
max(|Fsp_perp|)  :   0.00000000    0.00000000    0.00000000    0.00000000    0.00000000    0.00000000    0.00000000    0.00000000    0.00000000    0.00000000 
max(|FNEB|)      :   0.00000000    0.00319425    0.00630600    0.00615996    0.00471259    0.00604441    0.00578914    0.00441307    0.01229531    0.00000000 
max(|Force|)     :   0.00140850    0.00387109    0.01296380    0.00987342    0.00470560    0.00595653    0.01213618    0.01953177    0.01249147    0.00162717 
ksp              :   0.01000000    0.01474568    0.08613686    0.10000000    0.10000000    0.09448393    0.07313491    0.01746435    0.01000000 
max(|step|)      :   0.00000000    0.00488629    0.00615549    0.00707184    0.00382646    0.00616327    0.00804756    0.01743305    0.02087636    0.00000000 
angle (deg.)     :    64.9864  77.7609  29.6181  66.7287  44.6382  10.6110  58.1235  71.2545 
>
iteration       : 92
climbing        : yes
zoom on         : no
nim             : 10
barrier         :   0.01795169 (image:  4) 
distance        :   0.00000000    4.89113903    8.07355852    8.66451226    9.26835251    9.60242310    9.94369786   10.38743127   12.18189831   14.96535166 
energy          : -1076.12362818  -1076.13241912  -1076.12268960  -1076.10861981  -1076.10567649  -1076.10688959  -1076.11132654  -1076.12239139  -1076.14726422  -1076.14969659 
max(|Fr_perp|)   :   0.00000000    0.00064472    0.00247758    0.00414787    0.00111674    0.00115410    0.00155112    0.00312331    0.00447860    0.00000000 
Fr_paral         :   0.00000000    0.00180088   -0.02344100   -0.01406718    0.00042860    0.00770089    0.02123894    0.03311073    0.00130198    0.00000000 
max(|Fsp_paral|) :   0.00000000    0.00069606    0.00182893    0.00429772    0.01244681    0.00058994    0.00014012    0.00161219    0.00051022    0.00000000 
max(|Fsp_perp|)  :   0.00000000    0.00000000    0.00000000    0.00000000    0.00000000    0.00000000    0.00000000    0.00000000    0.00000000    0.00000000 
max(|FNEB|)      :   0.00000000    0.00090034    0.00216540    0.00145028    0.00111328    0.00109223    0.00158005    0.00291873    0.00449338    0.00000000 
max(|Force|)     :   0.00140850    0.00099718    0.01346502    0.01018817    0.00112019    0.00440757    0.01252427    0.01937129    0.00446543    0.00162717 
ksp              :   0.01000000    0.01470554    0.08524377    0.10000000    0.10000000    0.09391819    0.07167371    0.01620058    0.01000000 
max(|step|)      :   0.00000000    0.00692927    0.01291985    0.00680570    0.00431882    0.00781171    0.01081894    0.02335030    0.02478176    0.00000000 
angle (deg.)     :    65.4454  74.4949  27.7488  65.0611  43.0926  9.1024  56.0011  70.5593 
>
iteration       : 93
climbing        : yes
zoom on         : no
nim             : 10
barrier         :   0.01797021 (image:  4) 
distance        :   0.00000000    4.90978971    8.04517108    8.62027252    9.22772726    9.57766407    9.92037969   10.34967398   12.11060785   14.89390083 
energy          : -1076.12362818  -1076.13246724  -1076.12255909  -1076.10871940  -1076.10565797  -1076.10701466  -1076.11164877  -1076.12255940  -1076.14752893  -1076.14969659 
max(|Fr_perp|)   :   0.00000000    0.00080133    0.00254942    0.00399238    0.00129376    0.00121425    0.00133243    0.00198801    0.00198313    0.00000000 
Fr_paral         :   0.00000000    0.00171075   -0.02402249   -0.01455496    0.00034632    0.00830306    0.02188419    0.03335344    0.00203678    0.00000000 
max(|Fsp_paral|) :   0.00000000    0.00031450    0.00028421    0.00525693    0.01199170    0.00132953    0.00105727    0.00174657    0.00032402    0.00000000 
max(|Fsp_perp|)  :   0.00000000    0.00000000    0.00000000    0.00000000    0.00000000    0.00000000    0.00000000    0.00000000    0.00000000    0.00000000 
max(|FNEB|)      :   0.00000000    0.00089593    0.00254638    0.00219402    0.00128919    0.00106160    0.00133601    0.00162095    0.00199395    0.00000000 
max(|Force|)     :   0.00140850    0.00097610    0.01387964    0.01034049    0.00129833    0.00483275    0.01289073    0.01942563    0.00200821    0.00162717 
ksp              :   0.01000000    0.01535429    0.08466746    0.10000000    0.10000000    0.09320531    0.06999635    0.01535274    0.01000000 
max(|step|)      :   0.00000000    0.00983114    0.01787260    0.02512157    0.02427830    0.02420054    0.02416512    0.02428531    0.02514270    0.00000000 
angle (deg.)     :    65.2995  72.5545  27.3569  65.2641  42.6669  7.6100  53.9359  70.2688 
>
iteration       : 94
climbing        : yes
zoom on         : no
nim             : 10
barrier         :   0.01788050 (image:  4) 
distance        :   0.00000000    4.89695959    8.06826364    8.64263341    9.24956529    9.61188950    9.95414736   10.37108432   12.06281416   14.85498193 
energy          : -1076.12362818  -1076.13245330  -1076.12262303  -1076.10875840  -1076.10574768  -1076.10720065  -1076.11194734  -1076.12260778  -1076.14743483  -1076.14969659 
max(|Fr_perp|)   :   0.00000000    0.00046464    0.00204511    0.00462498    0.00145198    0.00418084    0.00432656    0.00342128    0.00602599    0.00000000 
Fr_paral         :   0.00000000    0.00176138   -0.02419103   -0.01438245    0.00030545    0.00864075    0.02227244    0.03324533    0.00227231    0.00000000 
max(|Fsp_paral|) :   0.00000000    0.00040079    0.00050693    0.00523558    0.01147130    0.00196544    0.00167941    0.00175171    0.00092317    0.00000000 
max(|Fsp_perp|)  :   0.00000000    0.00000000    0.00000000    0.00000000    0.00000000    0.00000000    0.00000000    0.00000000    0.00000000    0.00000000 
max(|FNEB|)      :   0.00000000    0.00062813    0.00198452    0.00449099    0.00145590    0.00415570    0.00432539    0.00347666    0.00599296    0.00000000 
max(|Force|)     :   0.00140850    0.00082062    0.01394048    0.01015964    0.00144806    0.00499151    0.01318670    0.01960604    0.00599377    0.00162717 
ksp              :   0.01000000    0.01505932    0.08484577    0.10000000    0.10000000    0.09268660    0.06879452    0.01513609    0.01000000 
max(|step|)      :   0.00000000    0.04677303    0.08535456    0.09740664    0.09689433    0.09682834    0.09692319    0.09721257    0.09070778    0.00000000 
angle (deg.)     :    64.3672  69.9671  28.6391  68.0271  43.1885  6.1118  49.6431  71.0121 
>
iteration       : 95
climbing        : yes
zoom on         : no
nim             : 10
barrier         :   0.01754087 (image:  4) 
distance        :   0.00000000    4.82312356    8.20456803    8.78914316    9.39279370    9.77785621   10.11797998   10.50989254   12.00457192   14.83734351 
energy          : -1076.12362818  -1076.13229142  -1076.12282182  -1076.10886888  -1076.10608731  -1076.10772602  -1076.11263391  -1076.12258281  -1076.14674286  -1076.14969659 
max(|Fr_perp|)   :   0.00000000    0.00216595    0.00331117    0.00392714    0.00213547    0.00150314    0.00227045    0.00218663    0.00217399    0.00000000 
Fr_paral         :   0.00000000    0.00176346   -0.02431550   -0.01352701    0.00035183    0.00918508    0.02283795    0.03296167    0.00312411    0.00000000 
max(|Fsp_paral|) :   0.00000000    0.00014399    0.00121514    0.00444573    0.01039543    0.00319743    0.00277723    0.00167129    0.00227496    0.00000000 
max(|Fsp_perp|)  :   0.00000000    0.00000000    0.00000000    0.00000000    0.00000000    0.00000000    0.00000000    0.00000000    0.00000000    0.00000000 
max(|FNEB|)      :   0.00000000    0.00214493    0.00342325    0.00402266    0.00214254    0.00209324    0.00226126    0.00212535    0.00335264    0.00000000 
max(|Force|)     :   0.00140850    0.00224907    0.01385527    0.00959561    0.00212841    0.00521698    0.01362369    0.01975068    0.00252075    0.00162717 
ksp              :   0.01000000    0.01413731    0.08572809    0.10000000    0.10000000    0.09159198    0.06641021    0.01536368    0.01000000 
max(|step|)      :   0.00000000    0.04966779    0.09397817    0.09987303    0.09990630    0.09983224    0.10000000    0.09966210    0.07703815    0.00000000 
angle (deg.)     :    63.6180  69.4277  31.0160  72.6585  45.3164  7.4715  47.7787  73.7763 
>
iteration       : 96
climbing        : yes
zoom on         : no
nim             : 10
barrier         :   0.01732565 (image:  4) 
distance        :   0.00000000    4.74002291    8.37946029    8.97568837    9.57252441    9.95912743   10.30000199   10.68820238   12.05026871   14.92514286 
energy          : -1076.12362818  -1076.13203407  -1076.12276874  -1076.10887233  -1076.10630253  -1076.10796454  -1076.11286392  -1076.12227509  -1076.14575617  -1076.14969659 
max(|Fr_perp|)   :   0.00000000    0.00406216    0.00778348    0.00452814    0.00975222    0.00485782    0.00151326    0.01729373    0.00850460    0.00000000 
Fr_paral         :   0.00000000    0.00221808   -0.02410538   -0.01232739    0.00055738    0.00873839    0.02265980    0.03110020    0.00278799    0.00000000 
max(|Fsp_paral|) :   0.00000000    0.00183049    0.00057990    0.00339831    0.01006742    0.00321394    0.00299516    0.00118825    0.00242396    0.00000000 
max(|Fsp_perp|)  :   0.00000000    0.00000000    0.00000000    0.00000000    0.00000000    0.00000000    0.00000000    0.00000000    0.00000000    0.00000000 
max(|FNEB|)      :   0.00000000    0.00407868    0.00790428    0.00456545    0.01001406    0.00499458    0.00213438    0.01776640    0.00875259    0.00000000 
max(|Force|)     :   0.00140850    0.00408053    0.01369870    0.00878413    0.01004556    0.00521230    0.01300724    0.02084604    0.00872534    0.00162717 
ksp              :   0.01000000    0.01449245    0.08663406    0.10000000    0.10000000    0.09133794    0.06589088    0.01714724    0.01000000 
max(|step|)      :   0.00000000    0.00280775    0.00544128    0.00314284    0.00689364    0.00343825    0.00146930    0.01223032    0.00602525    0.00000000 
angle (deg.)     :    63.6171  69.4871  30.9754  72.7502  45.4211  6.7299  47.6033  73.7676 
>
iteration       : 97
climbing        : yes
zoom on         : no
nim             : 10
barrier         :   0.01721461 (image:  4) 
distance        :   0.00000000    4.74344798    8.38089785    8.97802174    9.57474306    9.95932760   10.30031099   10.69145258   12.05624540   14.92875022 
energy          : -1076.12362818  -1076.13208489  -1076.12289216  -1076.10891905  -1076.10641357  -1076.10795894  -1076.11282873  -1076.12264193  -1076.14596234  -1076.14969659 
max(|Fr_perp|)   :   0.00000000    0.00083406    0.00167527    0.00366821    0.00083307    0.00132237    0.00124020    0.00336672    0.00208372    0.00000000 
Fr_paral         :   0.00000000    0.00197903   -0.02429556   -0.01230388    0.00034642    0.00870511    0.02257156    0.03295897    0.00328975    0.00000000 
max(|Fsp_paral|) :   0.00000000    0.00100790    0.00081030    0.00329267    0.01013439    0.00303949    0.00288120    0.00286251    0.00360462    0.00000000 
max(|Fsp_perp|)  :   0.00000000    0.00000000    0.00000000    0.00000000    0.00000000    0.00000000    0.00000000    0.00000000    0.00000000    0.00000000 
max(|FNEB|)      :   0.00000000    0.00109023    0.00150971    0.00098854    0.00083070    0.00186539    0.00178125    0.00364379    0.00489745    0.00000000 
max(|Force|)     :   0.00140850    0.00087700    0.01354806    0.00887454    0.00083545    0.00501961    0.01318041    0.01984750    0.00323817    0.00162717 
ksp              :   0.01000000    0.01384800    0.08690110    0.10000000    0.10000000    0.09192063    0.06646081    0.01515625    0.01000000 
max(|step|)      :   0.00000000    0.00085229    0.00106481    0.00068041    0.00057635    0.00130522    0.00126999    0.00153706    0.00338373    0.00000000 
angle (deg.)     :    63.6098  69.5312  30.9211  72.8687  45.5858  6.4416  47.4479  73.8089 
>
iteration       : 98
climbing        : yes
zoom on         : no
nim             : 10
barrier         :   0.01721341 (image:  4) 
distance        :   0.00000000    4.74545077    8.38257393    8.97882710    9.57583227    9.95852578   10.29957118   10.69120744   12.06229458   14.93202120 
energy          : -1076.12362818  -1076.13209376  -1076.12290106  -1076.10893168  -1076.10641477  -1076.10793763  -1076.11278496  -1076.12261042  -1076.14601689  -1076.14969659 
max(|Fr_perp|)   :   0.00000000    0.00083378    0.00151305    0.00370966    0.00099168    0.00130396    0.00123507    0.00206927    0.00205978    0.00000000 
Fr_paral         :   0.00000000    0.00196113   -0.02429167   -0.01233411    0.00033849    0.00861900    0.02248524    0.03308264    0.00319842    0.00000000 
max(|Fsp_paral|) :   0.00000000    0.00094176    0.00084311    0.00335062    0.01023032    0.00293163    0.00283900    0.00276624    0.00343747    0.00000000 
max(|Fsp_perp|)  :   0.00000000    0.00000000    0.00000000    0.00000000    0.00000000    0.00000000    0.00000000    0.00000000    0.00000000    0.00000000 
max(|FNEB|)      :   0.00000000    0.00103176    0.00137976    0.00090821    0.00099900    0.00179800    0.00167987    0.00222258    0.00476305    0.00000000 
max(|Force|)     :   0.00140850    0.00087633    0.01355640    0.00892662    0.00098436    0.00493356    0.01319379    0.01987895    0.00318717    0.00162717 
ksp              :   0.01000000    0.01380171    0.08684040    0.10000000    0.10000000    0.09203776    0.06669356    0.01532136    0.01000000 
max(|step|)      :   0.00000000    0.00776610    0.00950588    0.00610345    0.00507493    0.01213277    0.01159997    0.01334670    0.03170004    0.00000000 
angle (deg.)     :    63.5374  69.9966  30.6132  74.0302  47.2463  6.3553  46.8013  74.2690 
>
iteration       : 99
climbing        : yes
zoom on         : no
nim             : 10
barrier         :   0.01720504 (image:  4) 
distance        :   0.00000000    4.76355261    8.39857949    8.98726874    9.58671395    9.95249505   10.29353223   10.69152921   12.12322847   14.96749339 
energy          : -1076.12362818  -1076.13216868  -1076.12292997  -1076.10903272  -1076.10642314  -1076.10774166  -1076.11236578  -1076.12217090  -1076.14633251  -1076.14969659 
max(|Fr_perp|)   :   0.00000000    0.00128369    0.00123623    0.00401380    0.00187458    0.00117872    0.00118841    0.00210554    0.00680331    0.00000000 
Fr_paral         :   0.00000000    0.00194635   -0.02418352   -0.01257999    0.00025319    0.00781216    0.02162225    0.03339303    0.00236192    0.00000000 
max(|Fsp_paral|) :   0.00000000    0.00068341    0.00064458    0.00383645    0.01105338    0.00200842    0.00233643    0.00122075    0.00139760    0.00000000 
max(|Fsp_perp|)  :   0.00000000    0.00000000    0.00000000    0.00000000    0.00000000    0.00000000    0.00000000    0.00000000    0.00000000    0.00000000 
max(|FNEB|)      :   0.00000000    0.00136407    0.00118936    0.00113710    0.00188010    0.00103574    0.00132142    0.00200943    0.00679613    0.00000000 
max(|Force|)     :   0.00140850    0.00136358    0.01366595    0.00931059    0.00186907    0.00442948    0.01287182    0.01983267    0.00679598    0.00162717 
ksp              :   0.01000000    0.01365233    0.08634924    0.10000000    0.10000000    0.09310279    0.06891390    0.01762307    0.01000000 
max(|step|)      :   0.00000000    0.00959926    0.00857627    0.00647697    0.00529950    0.01267019    0.01283863    0.00957322    0.03458739    0.00000000 
angle (deg.)     :    63.4510  70.6318  30.6926  75.3987  49.2385  8.7681  47.5959  74.7752 
>
iteration       : 100
climbing        : yes
zoom on         : no
nim             : 10
barrier         :   0.01720551 (image:  4) 
distance        :   0.00000000    4.78465367    8.41759359    9.00175988    9.60280276    9.95237336   10.29110901   10.70434517   12.19693966   15.01446320 
energy          : -1076.12362818  -1076.13224741  -1076.12293315  -1076.10912104  -1076.10642267  -1076.10756852  -1076.11191336  -1076.12182336  -1076.14681835  -1076.14969659 
max(|Fr_perp|)   :   0.00000000    0.00230354    0.00347025    0.00423461    0.00468777    0.00132745    0.00211012    0.00421875    0.00280312    0.00000000 
Fr_paral         :   0.00000000    0.00183963   -0.02381614   -0.01277371    0.00021243    0.00699079    0.02062419    0.03327333    0.00249317    0.00000000 
max(|Fsp_paral|) :   0.00000000    0.00058042    0.00033921    0.00415874    0.01175470    0.00127472    0.00129805    0.00024754    0.00035759    0.00000000 
max(|Fsp_perp|)  :   0.00000000    0.00000000    0.00000000    0.00000000    0.00000000    0.00000000    0.00000000    0.00000000    0.00000000    0.00000000 
max(|FNEB|)      :   0.00000000    0.00238224    0.00357138    0.00215454    0.00469159    0.00080192    0.00212326    0.00421056    0.00304616    0.00000000 
max(|Force|)     :   0.00140850    0.00239094    0.01356123    0.00958265    0.00468394    0.00412294    0.01189234    0.01981857    0.00273197    0.00162717 
ksp              :   0.01000000    0.01363561    0.08588514    0.10000000    0.10000000    0.09400620    0.07127885    0.01944078    0.01000000 
max(|step|)      :   0.00000000    0.01053617    0.00954651    0.00888778    0.00780644    0.01190377    0.01376902    0.00885633    0.03627951    0.00000000 
angle (deg.)     :    63.3300  71.3953  31.0810  76.9005  51.3119  10.9001  49.3757  75.2770 
>
iteration       : 101
climbing        : yes
zoom on         : no
nim             : 10
barrier         :   0.01721557 (image:  4) 
distance        :   0.00000000    4.80933099    8.43895528    9.02315509    9.62411083    9.95979154   10.29513776   10.73009874   12.27801468   15.06877301 
energy          : -1076.12362818  -1076.13233181  -1076.12296530  -1076.10918160  -1076.10641261  -1076.10742232  -1076.11147136  -1076.12164096  -1076.14719763  -1076.14969659 
max(|Fr_perp|)   :   0.00000000    0.00267563    0.00543698    0.00440544    0.00726308    0.00134686    0.00550235    0.00957052    0.00254900    0.00000000 
Fr_paral         :   0.00000000    0.00211263   -0.02316115   -0.01286447    0.00021622    0.00620314    0.01954181    0.03303147    0.00293843    0.00000000 
max(|Fsp_paral|) :   0.00000000    0.00026825    0.00058462    0.00421820    0.01224254    0.00072350    0.00012419    0.00024800    0.00151494    0.00000000 
max(|Fsp_perp|)  :   0.00000000    0.00000000    0.00000000    0.00000000    0.00000000    0.00000000    0.00000000    0.00000000    0.00000000    0.00000000 
max(|FNEB|)      :   0.00000000    0.00282336    0.00534614    0.00227959    0.00726376    0.00089132    0.00550801    0.00958212    0.00319413    0.00000000 
max(|Force|)     :   0.00140850    0.00307798    0.01333686    0.00976104    0.00726241    0.00372396    0.01126749    0.01922842    0.00252487    0.00162717 
ksp              :   0.01000000    0.01346540    0.08552418    0.10000000    0.10000000    0.09472141    0.07355371    0.02038884    0.01000000 
max(|step|)      :   0.00000000    0.00239912    0.00294822    0.00196105    0.00380486    0.00386411    0.00408836    0.00524448    0.00987479    0.00000000 
angle (deg.)     :    63.3476  71.1763  30.9754  76.4088  50.5934  9.6515  49.0564  75.0221 
>
iteration       : 102
climbing        : yes
zoom on         : no
nim             : 10
barrier         :   0.01716506 (image:  4) 
distance        :   0.00000000    4.80364366    8.43418821    9.01948863    9.61948729    9.96032486   10.29620894   10.72645698   12.25329255   15.05088075 
energy          : -1076.12362818  -1076.13232760  -1076.12301573  -1076.10916541  -1076.10646312  -1076.10747617  -1076.11162593  -1076.12186575  -1076.14712249  -1076.14969659 
max(|Fr_perp|)   :   0.00000000    0.00063192    0.00119578    0.00431108    0.00151474    0.00138323    0.00083508    0.00232369    0.00167497    0.00000000 
Fr_paral         :   0.00000000    0.00199368   -0.02354681   -0.01276964    0.00006051    0.00645248    0.01995668    0.03341387    0.00316081    0.00000000 
max(|Fsp_paral|) :   0.00000000    0.00002497    0.00122219    0.00407103    0.01198981    0.00092014    0.00023153    0.00114075    0.00058603    0.00000000 
max(|Fsp_perp|)  :   0.00000000    0.00000000    0.00000000    0.00000000    0.00000000    0.00000000    0.00000000    0.00000000    0.00000000    0.00000000 
max(|FNEB|)      :   0.00000000    0.00063677    0.00119746    0.00072765    0.00151334    0.00064483    0.00063749    0.00161756    0.00226198    0.00000000 
max(|Force|)     :   0.00140850    0.00098068    0.01331984    0.00963597    0.00151614    0.00389057    0.01134500    0.01937495    0.00257555    0.00162717 
ksp              :   0.01000000    0.01321118    0.08583131    0.10000000    0.10000000    0.09468838    0.07293032    0.01924077    0.01000000 
max(|step|)      :   0.00000000    0.00113731    0.00158009    0.00142112    0.00128101    0.00124277    0.00121090    0.00297360    0.00292380    0.00000000 
angle (deg.)     :    63.3208  71.2032  30.9928  76.4277  50.5704  9.1659  49.3152  74.9738 
>
iteration       : 103
climbing        : yes
zoom on         : no
nim             : 10
barrier         :   0.01715847 (image:  4) 
distance        :   0.00000000    4.80552599    8.43748062    9.02249017    9.62171583    9.96328758   10.29896547   10.72994174   12.25598372   15.05123645 
energy          : -1076.12362818  -1076.13233807  -1076.12300970  -1076.10916033  -1076.10646971  -1076.10748388  -1076.11163392  -1076.12192223  -1076.14715570  -1076.14969659 
max(|Fr_perp|)   :   0.00000000    0.00047501    0.00095281    0.00427563    0.00078308    0.00139898    0.00080340    0.00186173    0.00166277    0.00000000 
Fr_paral         :   0.00000000    0.00195309   -0.02367051   -0.01272443    0.00004323    0.00646265    0.01996160    0.03346234    0.00335871    0.00000000 
max(|Fsp_paral|) :   0.00000000    0.00001600    0.00115470    0.00403637    0.01193362    0.00095770    0.00019450    0.00142820    0.00040245    0.00000000 
max(|Fsp_perp|)  :   0.00000000    0.00000000    0.00000000    0.00000000    0.00000000    0.00000000    0.00000000    0.00000000    0.00000000    0.00000000 
max(|FNEB|)      :   0.00000000    0.00047336    0.00092797    0.00081690    0.00078313    0.00077163    0.00076284    0.00144572    0.00199977    0.00000000 
max(|Force|)     :   0.00140850    0.00083290    0.01332931    0.00958267    0.00078304    0.00390752    0.01132338    0.01948438    0.00249507    0.00162717 
ksp              :   0.01000000    0.01324406    0.08588707    0.10000000    0.10000000    0.09468041    0.07291257    0.01894809    0.01000000 
max(|step|)      :   0.00000000    0.00742206    0.00953403    0.00842299    0.00756124    0.00732111    0.00716004    0.00967790    0.02100857    0.00000000 
angle (deg.)     :    63.1776  71.5351  31.2308  76.8810  50.9546  8.5238  50.7264  74.9876 
>
iteration       : 104
climbing        : yes
zoom on         : no
nim             : 10
barrier         :   0.01714353 (image:  4) 
distance        :   0.00000000    4.81999998    8.45734370    9.04110055    9.63727661    9.97869391   10.31396262   10.75065198   12.29010612   15.06911763 
energy          : -1076.12362818  -1076.13239353  -1076.12296058  -1076.10915195  -1076.10648465  -1076.10747991  -1076.11157784  -1076.12198553  -1076.14735513  -1076.14969659 
max(|Fr_perp|)   :   0.00000000    0.00108619    0.00192043    0.00419308    0.00282379    0.00140601    0.00254633    0.00359441    0.00242487    0.00000000 
Fr_paral         :   0.00000000    0.00188733   -0.02386852   -0.01256490   -0.00000355    0.00632470    0.01973174    0.03340383    0.00399870    0.00000000 
max(|Fsp_paral|) :   0.00000000    0.00031669    0.00058732    0.00392479    0.01182670    0.00094524    0.00011721    0.00188561    0.00036391    0.00000000 
max(|Fsp_perp|)  :   0.00000000    0.00000000    0.00000000    0.00000000    0.00000000    0.00000000    0.00000000    0.00000000    0.00000000    0.00000000 
max(|FNEB|)      :   0.00000000    0.00095828    0.00202016    0.00096387    0.00282384    0.00093401    0.00253714    0.00360332    0.00243100    0.00000000 
max(|Force|)     :   0.00140850    0.00111921    0.01332633    0.00943031    0.00282374    0.00382194    0.01122275    0.01987267    0.00242747    0.00162717 
ksp              :   0.01000000    0.01350478    0.08599719    0.10000000    0.10000000    0.09477507    0.07326178    0.01862356    0.01000000 
max(|step|)      :   0.00000000    0.00958325    0.01148645    0.01024071    0.00933433    0.00906606    0.00889043    0.00870969    0.02235674    0.00000000 
angle (deg.)     :    63.0193  71.9692  31.5810  77.3297  51.2373  8.6871  51.7631  75.1049 
>
iteration       : 105
climbing        : yes
zoom on         : no
nim             : 10
barrier         :   0.01711880 (image:  4) 
distance        :   0.00000000    4.83938632    8.48017472    9.06460404    9.65800128    9.99989079   10.33723375   10.77539766   12.33044720   15.09216315 
energy          : -1076.12362818  -1076.13245435  -1076.12295502  -1076.10915323  -1076.10650938  -1076.10747999  -1076.11157646  -1076.12195611  -1076.14752992  -1076.14969659 
max(|Fr_perp|)   :   0.00000000    0.00148964    0.00232131    0.00413988    0.00318337    0.00142056    0.00089661    0.00277136    0.00226638    0.00000000 
Fr_paral         :   0.00000000    0.00184863   -0.02376356   -0.01241038   -0.00009257    0.00619906    0.01962680    0.03317577    0.00417546    0.00000000 
max(|Fsp_paral|) :   0.00000000    0.00030905    0.00056308    0.00375551    0.01171000    0.00086121    0.00007018    0.00165530    0.00065469    0.00000000 
max(|Fsp_perp|)  :   0.00000000    0.00000000    0.00000000    0.00000000    0.00000000    0.00000000    0.00000000    0.00000000    0.00000000    0.00000000 
max(|FNEB|)      :   0.00000000    0.00139730    0.00241988    0.00156507    0.00318460    0.00095440    0.00095148    0.00269702    0.00233139    0.00000000 
max(|Force|)     :   0.00140850    0.00144450    0.01312719    0.00930689    0.00318213    0.00374354    0.01122960    0.02006419    0.00222497    0.00162717 
ksp              :   0.01000000    0.01353905    0.08610029    0.10000000    0.10000000    0.09489714    0.07336046    0.01879072    0.01000000 
max(|step|)      :   0.00000000    0.02108437    0.02641441    0.02372591    0.02191042    0.02134340    0.02097655    0.02067304    0.04474198    0.00000000 
angle (deg.)     :    62.6829  72.8684  32.2878  78.0027  51.6118  9.9504  53.2871  75.5422 
>
iteration       : 106
climbing        : yes
zoom on         : no
nim             : 10
barrier         :   0.01704579 (image:  4) 
distance        :   0.00000000    4.88258014    8.53165898    9.11544263    9.70496537   10.05032270   10.39321527   10.83150005   12.41457021   15.14336108 
energy          : -1076.12362818  -1076.13256855  -1076.12292331  -1076.10918726  -1076.10658238  -1076.10749968  -1076.11153037  -1076.12182763  -1076.14762639  -1076.14969659 
max(|Fr_perp|)   :   0.00000000    0.00084353    0.00171017    0.00408932    0.00078192    0.00258603    0.01542836    0.00991823    0.01207269    0.00000000 
Fr_paral         :   0.00000000    0.00196123   -0.02360591   -0.01214768   -0.00030124    0.00595918    0.01899368    0.03274340    0.00485156    0.00000000 
max(|Fsp_paral|) :   0.00000000    0.00042844    0.00015439    0.00357425    0.01143488    0.00074167    0.00013242    0.00084453    0.00152730    0.00000000 
max(|Fsp_perp|)  :   0.00000000    0.00000000    0.00000000    0.00000000    0.00000000    0.00000000    0.00000000    0.00000000    0.00000000    0.00000000 
max(|FNEB|)      :   0.00000000    0.00108012    0.00167368    0.00238396    0.00077833    0.00263685    0.01542869    0.00990808    0.01206445    0.00000000 
max(|Force|)     :   0.00140850    0.00121758    0.01295488    0.00913629    0.00078551    0.00357026    0.01486260    0.01985744    0.01206935    0.00162717 
ksp              :   0.01000000    0.01372162    0.08624654    0.10000000    0.10000000    0.09515680    0.07387514    0.01950673    0.01000000 
max(|step|)      :   0.00000000    0.00287662    0.00335214    0.00299966    0.00252202    0.00277557    0.00883295    0.00597293    0.01173063    0.00000000 
angle (deg.)     :    62.7255  72.6562  32.0798  77.5926  51.1121  8.9367  52.3166  75.3005 
>
iteration       : 107
climbing        : yes
zoom on         : no
nim             : 10
barrier         :   0.01705178 (image:  4) 
distance        :   0.00000000    4.87642829    8.52352603    9.10745577    9.69824372   10.04595526   10.38978164   10.82158759   12.38795015   15.12327205 
energy          : -1076.12362818  -1076.13255869  -1076.12296833  -1076.10919824  -1076.10657640  -1076.10753599  -1076.11174301  -1076.12193689  -1076.14768082  -1076.14969659 
max(|Fr_perp|)   :   0.00000000    0.00029401    0.00121699    0.00408313    0.00068380    0.00143598    0.00102373    0.00226036    0.00123699    0.00000000 
Fr_paral         :   0.00000000    0.00192448   -0.02365062   -0.01223197   -0.00026186    0.00616139    0.01980889    0.03295701    0.00448460    0.00000000 
max(|Fsp_paral|) :   0.00000000    0.00014062    0.00063055    0.00364630    0.01142312    0.00083406    0.00065626    0.00099311    0.00096736    0.00000000 
max(|Fsp_perp|)  :   0.00000000    0.00000000    0.00000000    0.00000000    0.00000000    0.00000000    0.00000000    0.00000000    0.00000000    0.00000000 
max(|FNEB|)      :   0.00000000    0.00043669    0.00124111    0.00059580    0.00068222    0.00069791    0.00082100    0.00185076    0.00141359    0.00000000 
max(|Force|)     :   0.00140850    0.00095638    0.01289728    0.00917093    0.00068538    0.00368253    0.01154295    0.01982633    0.00265398    0.00162717 
ksp              :   0.01000000    0.01348274    0.08616180    0.10000000    0.10000000    0.09493524    0.07273043    0.01892668    0.01000000 
max(|step|)      :   0.00000000    0.00085665    0.00288724    0.00089133    0.00103366    0.00105120    0.00161440    0.00473404    0.00312764    0.00000000 
angle (deg.)     :    62.7197  72.6139  31.9216  77.4170  50.9636  8.3433  51.5745  75.2585 
>
iteration       : 108
climbing        : yes
zoom on         : no
nim             : 10
barrier         :   0.01704872 (image:  4) 
distance        :   0.00000000    4.87786464    8.52443757    9.10698845    9.69917396   10.04796781   10.39231599   10.82020523   12.38117526   15.11671390 
energy          : -1076.12362818  -1076.13256371  -1076.12299297  -1076.10922293  -1076.10657946  -1076.10755225  -1076.11178692  -1076.12192532  -1076.14768482  -1076.14969659 
max(|Fr_perp|)   :   0.00000000    0.00029384    0.00068376    0.00411949    0.00070483    0.00147646    0.00178772    0.00171173    0.00101845    0.00000000 
Fr_paral         :   0.00000000    0.00192071   -0.02369935   -0.01231259   -0.00025094    0.00621819    0.01990824    0.03311961    0.00433985    0.00000000 
max(|Fsp_paral|) :   0.00000000    0.00002927    0.00078989    0.00378256    0.01144906    0.00086832    0.00087302    0.00078346    0.00096386    0.00000000 
max(|Fsp_perp|)  :   0.00000000    0.00000000    0.00000000    0.00000000    0.00000000    0.00000000    0.00000000    0.00000000    0.00000000    0.00000000 
max(|FNEB|)      :   0.00000000    0.00026677    0.00084954    0.00062249    0.00070337    0.00071877    0.00178762    0.00144589    0.00111857    0.00000000 
max(|Force|)     :   0.00140850    0.00095520    0.01295164    0.00924143    0.00070629    0.00374835    0.01157607    0.01964558    0.00249357    0.00162717 
ksp              :   0.01000000    0.01335326    0.08604516    0.10000000    0.10000000    0.09486465    0.07250987    0.01898936    0.01000000 
max(|step|)      :   0.00000000    0.00478681    0.00702404    0.00646463    0.00663055    0.00660596    0.00660378    0.00697960    0.00754476    0.00000000 
angle (deg.)     :    62.6445  72.6004  31.7355  76.9657  50.5308  7.6227  50.2536  75.1239 
>
iteration       : 109
climbing        : yes
zoom on         : no
nim             : 10
barrier         :   0.01703033 (image:  4) 
distance        :   0.00000000    4.88589245    8.53589618    9.11432946    9.70886747   10.06295899   10.40762708   10.82864114   12.37251865   15.10483203 
energy          : -1076.12362818  -1076.13258493  -1076.12297442  -1076.10926987  -1076.10659785  -1076.10761922  -1076.11192060  -1076.12194114  -1076.14765505  -1076.14969659 
max(|Fr_perp|)   :   0.00000000    0.00033961    0.00074347    0.00417423    0.00081595    0.00153747    0.00281228    0.00173295    0.00299957    0.00000000 
Fr_paral         :   0.00000000    0.00192213   -0.02396350   -0.01241811   -0.00023879    0.00641875    0.02013452    0.03322389    0.00432858    0.00000000 
max(|Fsp_paral|) :   0.00000000    0.00008668    0.00030933    0.00406830    0.01136841    0.00110313    0.00125104    0.00059574    0.00079538    0.00000000 
max(|Fsp_perp|)  :   0.00000000    0.00000000    0.00000000    0.00000000    0.00000000    0.00000000    0.00000000    0.00000000    0.00000000    0.00000000 
max(|FNEB|)      :   0.00000000    0.00041134    0.00064525    0.00060816    0.00081327    0.00069775    0.00281337    0.00173662    0.00302655    0.00000000 
max(|Force|)     :   0.00140850    0.00098473    0.01327479    0.00934077    0.00081864    0.00389453    0.01169607    0.01937235    0.00295640    0.00162717 
ksp              :   0.01000000    0.01345493    0.08587919    0.10000000    0.10000000    0.09460237    0.07187091    0.01891549    0.01000000 
max(|step|)      :   0.00000000    0.01799843    0.02300573    0.02128591    0.02132914    0.02117227    0.02108881    0.02113294    0.02016023    0.00000000 
angle (deg.)     :    62.4143  72.9467  31.7985  76.5787  50.1369  7.3516  48.3515  75.0869 
>
iteration       : 110
climbing        : yes
zoom on         : no
nim             : 10
barrier         :   0.01697806 (image:  4) 
distance        :   0.00000000    4.91864290    8.57581029    9.15316110    9.75098485   10.11499020   10.45741810   10.87502990   12.39071046   15.10805628 
energy          : -1076.12362818  -1076.13265906  -1076.12305166  -1076.10935053  -1076.10665012  -1076.10774428  -1076.11210984  -1076.12198812  -1076.14751194  -1076.14969659 
max(|Fr_perp|)   :   0.00000000    0.00031835    0.00151527    0.00431004    0.00225137    0.00261304    0.00274024    0.01183169    0.00957273    0.00000000 
Fr_paral         :   0.00000000    0.00187150   -0.02407282   -0.01247359   -0.00020967    0.00662115    0.02036610    0.03282002    0.00501839    0.00000000 
max(|Fsp_paral|) :   0.00000000    0.00049679    0.00093020    0.00427562    0.01112526    0.00162995    0.00137124    0.00074429    0.00050001    0.00000000 
max(|Fsp_perp|)  :   0.00000000    0.00000000    0.00000000    0.00000000    0.00000000    0.00000000    0.00000000    0.00000000    0.00000000    0.00000000 
max(|FNEB|)      :   0.00000000    0.00041337    0.00150992    0.00206987    0.00225659    0.00257050    0.00273022    0.01185218    0.00952548    0.00000000 
max(|Force|)     :   0.00140850    0.00091329    0.01352939    0.00948195    0.00224614    0.00415623    0.01184536    0.01965446    0.00981283    0.00162717 
ksp              :   0.01000000    0.01305609    0.08568525    0.10000000    0.10000000    0.09419992    0.07105825    0.01869391    0.01000000 
max(|step|)      :   0.00000000    0.00274312    0.00460052    0.00433334    0.00445692    0.00445560    0.00445587    0.00593121    0.00617003    0.00000000 
angle (deg.)     :    62.3705  72.9505  31.7890  76.4335  49.9418  7.1499  47.9255  75.0195 
>
iteration       : 111
climbing        : yes
zoom on         : no
nim             : 10
barrier         :   0.01696086 (image:  4) 
distance        :   0.00000000    4.92276602    8.58354830    9.15969710    9.75817933   10.12495372   10.46649291   10.88353455   12.38838300   15.10414207 
energy          : -1076.12362818  -1076.13266907  -1076.12304077  -1076.10936599  -1076.10666732  -1076.10779345  -1076.11217126  -1076.12216062  -1076.14752844  -1076.14969659 
max(|Fr_perp|)   :   0.00000000    0.00029710    0.00100779    0.00432966    0.00089218    0.00165971    0.00104127    0.00195766    0.00132053    0.00000000 
Fr_paral         :   0.00000000    0.00188276   -0.02424943   -0.01251046   -0.00022815    0.00681955    0.02044701    0.03329185    0.00479551    0.00000000 
max(|Fsp_paral|) :   0.00000000    0.00041782    0.00072450    0.00434521    0.01104771    0.00179793    0.00137302    0.00152315    0.00016855    0.00000000 
max(|Fsp_perp|)  :   0.00000000    0.00000000    0.00000000    0.00000000    0.00000000    0.00000000    0.00000000    0.00000000    0.00000000    0.00000000 
max(|FNEB|)      :   0.00000000    0.00038764    0.00098500    0.00054781    0.00089721    0.00074440    0.00102998    0.00195629    0.00145466    0.00000000 
max(|Force|)     :   0.00140850    0.00093788    0.01372487    0.00951484    0.00088715    0.00418314    0.01188553    0.01947909    0.00312031    0.00162717 
ksp              :   0.01000000    0.01311700    0.08567996    0.10000000    0.10000000    0.09402436    0.07079425    0.01778737    0.01000000 
max(|step|)      :   0.00000000    0.00237900    0.00330477    0.00322000    0.00319771    0.00318315    0.00316555    0.00310200    0.00377584    0.00000000 
angle (deg.)     :    62.3452  73.0274  31.8521  76.6961  50.1895  7.1357  48.1471  75.1216 
>
iteration       : 112
climbing        : yes
zoom on         : no
nim             : 10
barrier         :   0.01695109 (image:  4) 
distance        :   0.00000000    4.92671833    8.58997486    9.16667530    9.76502863   10.13031098   10.47027481   10.89098106   12.39962984   15.11182209 
energy          : -1076.12362818  -1076.13267826  -1076.12305988  -1076.10936724  -1076.10667709  -1076.10778600  -1076.11211851  -1076.12219997  -1076.14755237  -1076.14969659 
max(|Fr_perp|)   :   0.00000000    0.00028887    0.00066497    0.00436690    0.00064793    0.00161822    0.00102683    0.00166629    0.00144713    0.00000000 
Fr_paral         :   0.00000000    0.00187119   -0.02430697   -0.01248520   -0.00023218    0.00675119    0.02031911    0.03340210    0.00480486    0.00000000 
max(|Fsp_paral|) :   0.00000000    0.00054670    0.00094044    0.00430448    0.01108499    0.00178178    0.00110041    0.00186925    0.00025805    0.00000000 
max(|Fsp_perp|)  :   0.00000000    0.00000000    0.00000000    0.00000000    0.00000000    0.00000000    0.00000000    0.00000000    0.00000000    0.00000000 
max(|FNEB|)      :   0.00000000    0.00041712    0.00069311    0.00057381    0.00064675    0.00067191    0.00067765    0.00168142    0.00167099    0.00000000 
max(|Force|)     :   0.00140850    0.00088881    0.01374849    0.00953326    0.00064912    0.00411362    0.01178361    0.01966083    0.00325997    0.00162717 
ksp              :   0.01000000    0.01301732    0.08571690    0.10000000    0.10000000    0.09411233    0.07110937    0.01758294    0.01000000 
max(|step|)      :   0.00000000    0.00471530    0.00788859    0.00785828    0.00812377    0.00815777    0.00816367    0.00813039    0.00606911    0.00000000 
angle (deg.)     :    62.2904  73.0970  31.9430  77.0979  50.4760  7.4250  48.0495  75.2382 
>
iteration       : 113
climbing        : yes
zoom on         : no
nim             : 10
barrier         :   0.01693193 (image:  4) 
distance        :   0.00000000    4.93312035    8.60418881    9.18095453    9.77998985   10.14391376   10.48140598   10.90550452   12.41259015   15.11890142 
energy          : -1076.12362818  -1076.13269473  -1076.12306422  -1076.10937466  -1076.10669625  -1076.10779627  -1076.11207433  -1076.12221973  -1076.14757106  -1076.14969659 
max(|Fr_perp|)   :   0.00000000    0.00043771    0.00085241    0.00442837    0.00144345    0.00155771    0.00215207    0.00381243    0.00162723    0.00000000 
Fr_paral         :   0.00000000    0.00185167   -0.02446324   -0.01244897   -0.00019860    0.00669530    0.02016729    0.03345409    0.00482764    0.00000000 
max(|Fsp_paral|) :   0.00000000    0.00055902    0.00093910    0.00430552    0.01113629    0.00181239    0.00078598    0.00215517    0.00030896    0.00000000 
max(|Fsp_perp|)  :   0.00000000    0.00000000    0.00000000    0.00000000    0.00000000    0.00000000    0.00000000    0.00000000    0.00000000    0.00000000 
max(|FNEB|)      :   0.00000000    0.00064288    0.00087480    0.00061712    0.00143956    0.00069478    0.00215794    0.00383557    0.00186637    0.00000000 
max(|Force|)     :   0.00140850    0.00093434    0.01388107    0.00956325    0.00144734    0.00405123    0.01168697    0.02003471    0.00341949    0.00162717 
ksp              :   0.01000000    0.01299768    0.08576317    0.10000000    0.10000000    0.09415293    0.07141336    0.01748646    0.01000000 
max(|step|)      :   0.00000000    0.01373017    0.02293092    0.02268579    0.02334423    0.02340357    0.02341383    0.02338945    0.01730298    0.00000000 
angle (deg.)     :    62.1315  73.3111  32.2163  77.9785  50.8744  8.2423  47.4577  75.5831 
>
iteration       : 114
climbing        : yes
zoom on         : no
nim             : 10
barrier         :   0.01687764 (image:  4) 
distance        :   0.00000000    4.95268198    8.64556582    9.22214694    9.82305352   10.18622624   10.52224749   10.94571671   12.44663715   15.13779658 
energy          : -1076.12362818  -1076.13273940  -1076.12305215  -1076.10940076  -1076.10675054  -1076.10784441  -1076.11209834  -1076.12215935  -1076.14756146  -1076.14969659 
max(|Fr_perp|)   :   0.00000000    0.00053411    0.00167090    0.00453469    0.00229899    0.00147886    0.00178877    0.00508309    0.00181604    0.00000000 
Fr_paral         :   0.00000000    0.00183552   -0.02463704   -0.01233918   -0.00012323    0.00661549    0.02007209    0.03334004    0.00474460    0.00000000 
max(|Fsp_paral|) :   0.00000000    0.00043478    0.00066068    0.00433338    0.01119328    0.00183418    0.00071921    0.00190196    0.00006454    0.00000000 
max(|Fsp_perp|)  :   0.00000000    0.00000000    0.00000000    0.00000000    0.00000000    0.00000000    0.00000000    0.00000000    0.00000000    0.00000000 
max(|FNEB|)      :   0.00000000    0.00061198    0.00167962    0.00081069    0.00230071    0.00136755    0.00179082    0.00511086    0.00187028    0.00000000 
max(|Force|)     :   0.00140850    0.00097729    0.01405594    0.00958814    0.00229727    0.00403792    0.01165028    0.02045931    0.00359608    0.00162717 
ksp              :   0.01000000    0.01307168    0.08586770    0.10000000    0.10000000    0.09416695    0.07148288    0.01783251    0.01000000 
max(|step|)      :   0.00000000    0.03773859    0.06458197    0.06480211    0.06712525    0.06743324    0.06759454    0.06775979    0.04930992    0.00000000 
angle (deg.)     :    61.7815  73.7945  33.1916  80.5446  52.1311  11.0036  46.4202  76.6852 
>
iteration       : 115
climbing        : yes
zoom on         : no
nim             : 10
barrier         :   0.01672810 (image:  4) 
distance        :   0.00000000    5.00340559    8.76427335    9.34563811    9.95168631   10.31400029   10.64767862   11.06934399   12.54607343   15.20364152 
energy          : -1076.12362818  -1076.13283868  -1076.12303871  -1076.10940068  -1076.10690008  -1076.10795288  -1076.11210237  -1076.12198669  -1076.14739681  -1076.14969659 
max(|Fr_perp|)   :   0.00000000    0.00162904    0.00318610    0.00576868    0.00179658    0.00555135    0.01418672    0.00658179    0.00836430    0.00000000 
Fr_paral         :   0.00000000    0.00171550   -0.02462453   -0.01183471    0.00002808    0.00642740    0.01937537    0.03274625    0.00429019    0.00000000 
max(|Fsp_paral|) :   0.00000000    0.00017343    0.00041217    0.00413488    0.01127824    0.00186736    0.00057759    0.00136181    0.00055652    0.00000000 
max(|Fsp_perp|)  :   0.00000000    0.00000000    0.00000000    0.00000000    0.00000000    0.00000000    0.00000000    0.00000000    0.00000000    0.00000000 
max(|FNEB|)      :   0.00000000    0.00172572    0.00306843    0.00600249    0.00179736    0.00553121    0.01421121    0.00679560    0.00843538    0.00000000 
max(|Force|)     :   0.00140850    0.00181541    0.01417942    0.00946229    0.00179580    0.00552125    0.01361783    0.02087485    0.00809236    0.00162717 
ksp              :   0.01000000    0.01317145    0.08654636    0.10000000    0.10000000    0.09433574    0.07201080    0.01883147    0.01000000 
max(|step|)      :   0.00000000    0.01602661    0.02976641    0.03022969    0.03157550    0.03178080    0.03190471    0.03200647    0.02244587    0.00000000 
angle (deg.)     :    61.6609  73.8941  33.5179  81.4816  52.3540  10.8691  45.5022  77.2211 
>
iteration       : 116
climbing        : yes
zoom on         : no
nim             : 10
barrier         :   0.01666471 (image:  4) 
distance        :   0.00000000    5.02385141    8.81875591    9.40213047   10.01122501   10.37562103   10.71061771   11.12507283   12.58280003   15.23087942 
energy          : -1076.12362818  -1076.13288709  -1076.12305983  -1076.10944591  -1076.10696347  -1076.10806579  -1076.11235550  -1076.12204360  -1076.14731395  -1076.14969659 
max(|Fr_perp|)   :   0.00000000    0.00073459    0.00208281    0.00467351    0.00136621    0.00161190    0.00246949    0.00361860    0.00305551    0.00000000 
Fr_paral         :   0.00000000    0.00177095   -0.02464755   -0.01176394    0.00016050    0.00662677    0.02012660    0.03290923    0.00432718    0.00000000 
max(|Fsp_paral|) :   0.00000000    0.00022393    0.00048476    0.00414530    0.01129929    0.00194549    0.00110271    0.00123410    0.00025905    0.00000000 
max(|Fsp_perp|)  :   0.00000000    0.00000000    0.00000000    0.00000000    0.00000000    0.00000000    0.00000000    0.00000000    0.00000000    0.00000000 
max(|FNEB|)      :   0.00000000    0.00075143    0.00205088    0.00095213    0.00136989    0.00071774    0.00247546    0.00360288    0.00305584    0.00000000 
max(|Force|)     :   0.00140850    0.00117779    0.01415919    0.00936555    0.00136253    0.00404510    0.01167859    0.02109174    0.00331749    0.00162717 
ksp              :   0.01000000    0.01306942    0.08659327    0.10000000    0.10000000    0.09404678    0.07087965    0.01855773    0.01000000 
max(|step|)      :   0.00000000    0.00650389    0.01471535    0.01588558    0.01671626    0.01689415    0.01703852    0.01713001    0.01165351    0.00000000 
angle (deg.)     :    61.6311  73.7979  33.6533  82.3257  52.7455  9.8118  45.3823  77.5089 
>
