NEB log file generated by ORCA
All quantities are given in atomic units. Unless stated otherwise. 
iteration       : 0
climbing        : yes
zoom on         : no
nim             : 10
barrier         :   0.00542601 (image:  7) 
distance        :   0.00000000    2.55726745    4.89691683    7.11280702    9.51035109   12.94398309   13.93910979   14.52530815   15.23344776   20.00159212 
energy          : -1076.02932667  -1076.03225168  -1076.03413070  -1076.03648173  -1076.03938397  -1076.03945189  -1076.02788729  -1076.02390066  -1076.03051798  -1076.07385981 
max(|Fr_perp|)   :   0.00000000    0.00114351    0.00222114    0.00332911    0.00480839    0.00700794    0.00272346    0.00141966    0.00349713    0.00000000 
Fr_paral         :   0.00000000    0.00084565    0.00094102    0.00125393    0.00124835   -0.00548439   -0.02047662    0.00021202    0.02501712    0.00000000 
max(|Fsp_paral|) :   0.00000000    0.00058568    0.00032203    0.00048005    0.00253478    0.00018645    0.01296977    0.00567472    0.01317418    0.00000000 
max(|Fsp_perp|)  :   0.00000000    0.00000000    0.00000000    0.00000000    0.00000000    0.00000000    0.00000000    0.00000000    0.00000000    0.00000000 
max(|FNEB|)      :   0.00000000    0.00131053    0.00231708    0.00319740    0.00400297    0.00714343    0.01034528    0.00652956    0.01240818    0.00000000 
max(|Force|)     :   0.00143996    0.00107971    0.00215151    0.00323704    0.00471311    0.00799331    0.01320497    0.00137832    0.01489986    0.00147434 
ksp              :   0.01000000    0.01000000    0.01000000    0.01000000    0.01000000    0.03374071    0.10000000    0.10000000    0.01000000 
max(|step|)      :   0.00000000    0.00038123    0.00067404    0.00093012    0.00116447    0.00207803    0.00300945    0.00189945    0.00360955    0.00000000 
angle (deg.)     :    5.6838  4.7135  4.9477  6.9363  28.2851  38.7138  45.4499  77.3586 
>
iteration       : 1
climbing        : yes
zoom on         : no
nim             : 10
barrier         :   0.00541966 (image:  7) 
distance        :   0.00000000    2.55663563    4.89658978    7.11338553    9.51344647   12.94509697   13.94677567   14.53038312   15.23072659   19.99828756 
energy          : -1076.02932667  -1076.03225496  -1076.03413950  -1076.03649752  -1076.03941175  -1076.03951275  -1076.02780100  -1076.02390701  -1076.03043681  -1076.07385981 
max(|Fr_perp|)   :   0.00000000    0.00113779    0.00221208    0.00331710    0.00478753    0.00697706    0.00268009    0.00140467    0.00349155    0.00000000 
Fr_paral         :   0.00000000    0.00084777    0.00094315    0.00125708    0.00125098   -0.00549284   -0.02033035    0.00030973    0.02486597    0.00000000 
max(|Fsp_paral|) :   0.00000000    0.00058335    0.00032059    0.00048400    0.00252496    0.00027126    0.01192133    0.00545692    0.01275907    0.00000000 
max(|Fsp_perp|)  :   0.00000000    0.00000000    0.00000000    0.00000000    0.00000000    0.00000000    0.00000000    0.00000000    0.00000000    0.00000000 
max(|FNEB|)      :   0.00000000    0.00130326    0.00230644    0.00318333    0.00398559    0.00677761    0.00933058    0.00146981    0.01206138    0.00000000 
max(|Force|)     :   0.00143996    0.00107337    0.00214145    0.00322385    0.00469038    0.00796676    0.01307979    0.00133953    0.01469378    0.00147434 
ksp              :   0.01000000    0.01000000    0.01000000    0.01000000    0.01000000    0.03533548    0.10000000    0.10000000    0.01000000 
max(|step|)      :   0.00000000    0.00521225    0.00922237    0.01272807    0.01593558    0.02740162    0.03818327    0.00798959    0.04848986    0.00000000 
angle (deg.)     :    5.8193  4.7813  4.9638  6.9785  31.5778  40.0768  43.1585  75.0599 
>
iteration       : 2
climbing        : yes
zoom on         : no
nim             : 10
barrier         :   0.00536410 (image:  7) 
distance        :   0.00000000    2.54803095    4.89218187    7.12145963    9.55593669   12.96601601   14.04940292   14.57156028   15.19975044   19.95996697 
energy          : -1076.02932667  -1076.03229997  -1076.03425929  -1076.03671141  -1076.03977938  -1076.04022460  -1076.02673876  -1076.02396257  -1076.02905409  -1076.07385981 
max(|Fr_perp|)   :   0.00000000    0.00131090    0.00207785    0.00313705    0.00447455    0.00791576    0.00384711    0.00254695    0.00829116    0.00000000 
Fr_paral         :   0.00000000    0.00087714    0.00097450    0.00130422    0.00127682   -0.00548179   -0.01779304    0.00066310    0.02150754    0.00000000 
max(|Fsp_paral|) :   0.00000000    0.00054872    0.00029893    0.00054279    0.00239133    0.00604875    0.00295615    0.00498104    0.00365454    0.00000000 
max(|Fsp_perp|)  :   0.00000000    0.00000000    0.00000000    0.00000000    0.00000000    0.00000000    0.00000000    0.00000000    0.00000000    0.00000000 
max(|FNEB|)      :   0.00000000    0.00145073    0.00216378    0.00299087    0.00373967    0.01125507    0.00501078    0.00251924    0.00815790    0.00000000 
max(|Force|)     :   0.00143996    0.00125082    0.00200667    0.00304289    0.00437848    0.00759620    0.01132976    0.00257466    0.01190381    0.00147434 
ksp              :   0.01000000    0.01000000    0.01000000    0.01000000    0.01000000    0.05342048    0.10000000    0.10000000    0.01457334 
max(|step|)      :   0.00000000    0.00567009    0.01008299    0.01392354    0.01742285    0.02196181    0.01782162    0.01399904    0.02540835    0.00000000 
angle (deg.)     :    5.9808  4.8489  5.0338  6.9256  33.8014  42.5544  40.6328  73.3264 
>
iteration       : 3
climbing        : yes
zoom on         : no
nim             : 10
barrier         :   0.00527501 (image:  7) 
distance        :   0.00000000    2.53867705    4.88749340    7.13102736    9.60278582   13.02625508   14.12463184   14.63491118   15.22264010   19.96619093 
energy          : -1076.02932667  -1076.03234989  -1076.03439320  -1076.03694937  -1076.04015085  -1076.04076765  -1076.02645257  -1076.02405166  -1076.02885825  -1076.07385981 
max(|Fr_perp|)   :   0.00000000    0.00098772    0.00194842    0.00293749    0.00414159    0.00680931    0.00278726    0.00192102    0.00477746    0.00000000 
Fr_paral         :   0.00000000    0.00091309    0.00103074    0.00138105    0.00132593   -0.00661537   -0.01684357    0.00129133    0.01996318    0.00000000 
max(|Fsp_paral|) :   0.00000000    0.00051073    0.00027374    0.00060439    0.00233388    0.00784037    0.00730359    0.00368091    0.01445280    0.00000000 
max(|Fsp_perp|)  :   0.00000000    0.00000000    0.00000000    0.00000000    0.00000000    0.00000000    0.00000000    0.00000000    0.00000000    0.00000000 
max(|FNEB|)      :   0.00000000    0.00112562    0.00202519    0.00277953    0.00344894    0.01330698    0.00899600    0.00189061    0.01604993    0.00000000 
max(|Force|)     :   0.00143996    0.00092177    0.00187522    0.00284079    0.00404521    0.00715685    0.01059211    0.00195144    0.01247987    0.00147434 
ksp              :   0.01000000    0.01000000    0.01000000    0.01000000    0.01000000    0.05903675    0.10000000    0.10000000    0.01799197 
max(|step|)      :   0.00000000    0.01568047    0.02791869    0.03852004    0.04814883    0.05295661    0.03435026    0.03615065    0.03578946    0.00000000 
angle (deg.)     :    6.4667  5.0430  5.2963  7.2872  39.2970  49.1266  36.3363  68.5969 
>
iteration       : 4
climbing        : yes
zoom on         : no
nim             : 10
barrier         :   0.00505456 (image:  7) 
distance        :   0.00000000    2.51329796    4.87535871    7.15951136    9.73480929   13.22533520   14.31511475   14.83266082   15.37034926   20.05429896 
energy          : -1076.02932667  -1076.03246833  -1076.03470748  -1076.03751217  -1076.04104189  -1076.04128733  -1076.02614087  -1076.02427210  -1076.02831591  -1076.07385981 
max(|Fr_perp|)   :   0.00000000    0.00155430    0.00253378    0.00325914    0.00387429    0.01789238    0.00714116    0.00608751    0.01497421    0.00000000 
Fr_paral         :   0.00000000    0.00099014    0.00112962    0.00148769    0.00135746   -0.00965559   -0.01507441    0.00286211    0.01488035    0.00000000 
max(|Fsp_paral|) :   0.00000000    0.00040613    0.00020218    0.00077420    0.00224448    0.01082838    0.01123446    0.00096925    0.03908372    0.00000000 
max(|Fsp_perp|)  :   0.00000000    0.00000000    0.00000000    0.00000000    0.00000000    0.00000000    0.00000000    0.00000000    0.00000000    0.00000000 
max(|FNEB|)      :   0.00000000    0.00169928    0.00260600    0.00337272    0.00404217    0.02549165    0.01258506    0.00605868    0.04585213    0.00000000 
max(|Force|)     :   0.00143996    0.00145978    0.00253044    0.00325772    0.00388055    0.01591788    0.00944079    0.00611633    0.01460750    0.00147434 
ksp              :   0.01000000    0.01000000    0.01000000    0.01000000    0.01000000    0.06672531    0.10000000    0.10000000    0.02799729 
max(|step|)      :   0.00000000    0.03241510    0.05773402    0.07958985    0.09936230    0.10000000    0.06827447    0.07406508    0.06219590    0.00000000 
angle (deg.)     :    7.6337  5.4917  5.8895  8.4640  51.3486  57.7647  41.7596  59.6330 
>
iteration       : 5
climbing        : yes
zoom on         : no
nim             : 10
barrier         :   0.00460363 (image:  7) 
distance        :   0.00000000    2.46351050    4.85429403    7.22465119   10.01551990   13.67433522   14.73539757   15.34744370   15.87863149   20.41681243 
energy          : -1076.02932667  -1076.03263700  -1076.03515010  -1076.03832593  -1076.04233506  -1076.03973084  -1076.02575597  -1076.02472303  -1076.02526655  -1076.07385981 
max(|Fr_perp|)   :   0.00000000    0.00335608    0.00652947    0.00847094    0.00737128    0.03712925    0.01474063    0.01327057    0.04033038    0.00000000 
Fr_paral         :   0.00000000    0.00109140    0.00125189    0.00158774    0.00108482   -0.01085683   -0.01122248    0.00673545   -0.00440001    0.00000000 
max(|Fsp_paral|) :   0.00000000    0.00019436    0.00005276    0.00112753    0.00194524    0.01656389    0.01188205    0.00313742    0.14517865    0.00000000 
max(|Fsp_perp|)  :   0.00000000    0.00000000    0.00000000    0.00000000    0.00000000    0.00000000    0.00000000    0.00000000    0.00000000    0.00000000 
max(|FNEB|)      :   0.00000000    0.00336917    0.00654992    0.00848709    0.00739578    0.04556630    0.01595280    0.01315504    0.16575714    0.00000000 
max(|Force|)     :   0.00143996    0.00336302    0.00654622    0.00849611    0.00739567    0.03569937    0.01532864    0.01347468    0.04075112    0.00147434 
ksp              :   0.01000000    0.01000000    0.01000000    0.01000000    0.01000000    0.07983913    0.10000000    0.10000000    0.08985333 
max(|step|)      :   0.00000000    0.00203259    0.00395151    0.00512020    0.00446182    0.02748980    0.00962420    0.00793634    0.10000000    0.00000000 
angle (deg.)     :    7.6468  5.4930  5.9475  8.8705  50.5979  57.3889  39.3745  59.3967 
>
iteration       : 6
climbing        : yes
zoom on         : no
nim             : 10
barrier         :   0.00438763 (image:  7) 
distance        :   0.00000000    2.46307738    4.85427617    7.22735661   10.02112316   13.69426786   14.71917688   15.34024080   16.05315369   20.48183537 
energy          : -1076.02932667  -1076.03267384  -1076.03526264  -1076.03852506  -1076.04255192  -1076.04171248  -1076.02620690  -1076.02493904  -1076.03087668  -1076.07385981 
max(|Fr_perp|)   :   0.00000000    0.00115415    0.00218663    0.00285165    0.00540431    0.01662380    0.00289717    0.00219706    0.03651386    0.00000000 
Fr_paral         :   0.00000000    0.00111461    0.00126194    0.00158102    0.00120705   -0.01574234   -0.01215257    0.00462998    0.01346332    0.00000000 
max(|Fsp_paral|) :   0.00000000    0.00019210    0.00004687    0.00113009    0.00203122    0.01340532    0.00699552    0.00447636    0.01209611    0.00000000 
max(|Fsp_perp|)  :   0.00000000    0.00000000    0.00000000    0.00000000    0.00000000    0.00000000    0.00000000    0.00000000    0.00000000    0.00000000 
max(|FNEB|)      :   0.00000000    0.00121899    0.00218627    0.00329350    0.00540688    0.01525941    0.00904791    0.00236045    0.03844870    0.00000000 
max(|Force|)     :   0.00143996    0.00114067    0.00222512    0.00293636    0.00540444    0.02147695    0.00824747    0.00241545    0.03566833    0.00147434 
ksp              :   0.01000000    0.01000000    0.01000000    0.01000000    0.01000000    0.07399323    0.10000000    0.10000000    0.01000000 
max(|step|)      :   0.00000000    0.00086711    0.00160689    0.00220677    0.00344827    0.00969022    0.00596347    0.00205894    0.02242691    0.00000000 
angle (deg.)     :    7.6654  5.4947  5.9810  9.0534  50.4078  56.7132  38.7193  59.3194 
>
iteration       : 7
climbing        : yes
zoom on         : no
nim             : 10
barrier         :   0.00438913 (image:  7) 
distance        :   0.00000000    2.46262641    4.85426196    7.23014195   10.02696756   13.71551876   14.71007347   15.33704986   16.05729246   20.48074999 
energy          : -1076.02932667  -1076.03268100  -1076.03528410  -1076.03856856  -1076.04264664  -1076.04181638  -1076.02633623  -1076.02493754  -1076.03401852  -1076.07385981 
max(|Fr_perp|)   :   0.00000000    0.00064513    0.00141999    0.00183868    0.00450296    0.01528405    0.00283247    0.00122988    0.01684910    0.00000000 
Fr_paral         :   0.00000000    0.00112009    0.00126896    0.00158906    0.00125079   -0.01604724   -0.01272053    0.00452398    0.02279238    0.00000000 
max(|Fsp_paral|) :   0.00000000    0.00018972    0.00004077    0.00113172    0.00205885    0.01159804    0.00421595    0.00462230    0.01281720    0.00000000 
max(|Fsp_perp|)  :   0.00000000    0.00000000    0.00000000    0.00000000    0.00000000    0.00000000    0.00000000    0.00000000    0.00000000    0.00000000 
max(|FNEB|)      :   0.00000000    0.00063831    0.00141488    0.00207939    0.00451300    0.01329902    0.00625671    0.00213879    0.01775302    0.00000000 
max(|Force|)     :   0.00143996    0.00065515    0.00144898    0.00183711    0.00450414    0.02002933    0.00843223    0.00237856    0.02005601    0.00147434 
ksp              :   0.01000000    0.01000000    0.01000000    0.01000000    0.01000000    0.07131948    0.10000000    0.10000000    0.01000000 
max(|step|)      :   0.00000000    0.00112523    0.00245095    0.00381434    0.00769198    0.02252485    0.01101746    0.00363171    0.02830372    0.00000000 
angle (deg.)     :    7.7201  5.5051  6.0531  9.4219  50.6154  54.4820  38.0261  60.0795 
>
iteration       : 8
climbing        : yes
zoom on         : no
nim             : 10
barrier         :   0.00440326 (image:  7) 
distance        :   0.00000000    2.46144471    4.85426940    7.23755249   10.04274364   13.76832178   14.69522060   15.32998573   16.05226212   20.48167705 
energy          : -1076.02932667  -1076.03269039  -1076.03530895  -1076.03862602  -1076.04280928  -1076.04190806  -1076.02655473  -1076.02492341  -1076.03451508  -1076.07385981 
max(|Fr_perp|)   :   0.00000000    0.00071549    0.00130099    0.00161035    0.00311030    0.01205313    0.00255588    0.00133308    0.01147271    0.00000000 
Fr_paral         :   0.00000000    0.00112796    0.00128511    0.00160832    0.00131272   -0.01653171   -0.01375905    0.00451165    0.02557687    0.00000000 
max(|Fsp_paral|) :   0.00000000    0.00018335    0.00002469    0.00113555    0.00211371    0.00844603    0.00087575    0.00435947    0.01334925    0.00000000 
max(|Fsp_perp|)  :   0.00000000    0.00000000    0.00000000    0.00000000    0.00000000    0.00000000    0.00000000    0.00000000    0.00000000    0.00000000 
max(|FNEB|)      :   0.00000000    0.00075405    0.00129391    0.00166534    0.00270021    0.00954659    0.00182068    0.00221577    0.01129263    0.00000000 
max(|Force|)     :   0.00143996    0.00074814    0.00137659    0.00163152    0.00305206    0.01725673    0.00883183    0.00227930    0.01778505    0.00147434 
ksp              :   0.01000000    0.01000000    0.01000000    0.01000000    0.01000000    0.06665667    0.10000000    0.10000000    0.01000000 
max(|step|)      :   0.00000000    0.00138190    0.00290865    0.00443190    0.00883484    0.02962065    0.01030857    0.00580355    0.01651930    0.00000000 
angle (deg.)     :    7.8098  5.5330  6.1566  10.0452  52.2292  50.1441  37.2586  61.4537 
>
iteration       : 9
climbing        : yes
zoom on         : no
nim             : 10
barrier         :   0.00443015 (image:  7) 
distance        :   0.00000000    2.45962729    4.85440813    7.24932642   10.06825270   13.84302624   14.68777630   15.32060925   16.03553287   20.48290968 
energy          : -1076.02932667  -1076.03270494  -1076.03534763  -1076.03871112  -1076.04297877  -1076.04172490  -1076.02672352  -1076.02489652  -1076.03402458  -1076.07385981 
max(|Fr_perp|)   :   0.00000000    0.00075210    0.00127556    0.00146128    0.00217824    0.00777996    0.00199297    0.00170192    0.01438225    0.00000000 
Fr_paral         :   0.00000000    0.00113570    0.00129358    0.00160708    0.00131463   -0.01670146   -0.01471548    0.00445670    0.02542167    0.00000000 
max(|Fsp_paral|) :   0.00000000    0.00017318    0.00000036    0.00114247    0.00215307    0.00576297    0.00532437    0.00409987    0.01333268    0.00000000 
max(|Fsp_perp|)  :   0.00000000    0.00000000    0.00000000    0.00000000    0.00000000    0.00000000    0.00000000    0.00000000    0.00000000    0.00000000 
max(|FNEB|)      :   0.00000000    0.00078834    0.00127420    0.00161101    0.00242910    0.00587874    0.00380421    0.00230131    0.01428080    0.00000000 
max(|Force|)     :   0.00143996    0.00074397    0.00135241    0.00148336    0.00211925    0.01361663    0.00919906    0.00215033    0.01722020    0.00147434 
ksp              :   0.01000000    0.01000000    0.01000000    0.01000000    0.01000000    0.06288386    0.10000000    0.10000000    0.01000000 
max(|step|)      :   0.00000000    0.00462523    0.01046820    0.01581839    0.02291588    0.07402331    0.00956737    0.02011092    0.04663168    0.00000000 
angle (deg.)     :    8.1171  5.6517  6.4122  11.8049  64.3393  31.3582  36.3779  65.9166 
>
iteration       : 10
climbing        : yes
zoom on         : no
nim             : 10
barrier         :   0.00452611 (image:  7) 
distance        :   0.00000000    2.45385079    4.85566357    7.28925701   10.15684278   14.05479353   14.74155918   15.31875589   16.02392268   20.52368221 
energy          : -1076.02932667  -1076.03274728  -1076.03545701  -1076.03894784  -1076.04331039  -1076.04015306  -1076.02660334  -1076.02480056  -1076.03266793  -1076.07385981 
max(|Fr_perp|)   :   0.00000000    0.00115443    0.00209925    0.00247099    0.00333959    0.00754887    0.00165100    0.00162936    0.01741687    0.00000000 
Fr_paral         :   0.00000000    0.00116123    0.00133429    0.00165302    0.00118921   -0.01489162   -0.01523793    0.00399414    0.02414789    0.00000000 
max(|Fsp_paral|) :   0.00000000    0.00013876    0.00008216    0.00117286    0.00236833    0.00239578    0.00736160    0.00643493    0.01365657    0.00000000 
max(|Fsp_perp|)  :   0.00000000    0.00000000    0.00000000    0.00000000    0.00000000    0.00000000    0.00000000    0.00000000    0.00000000    0.00000000 
max(|FNEB|)      :   0.00000000    0.00110962    0.00212187    0.00280303    0.00345653    0.00790026    0.00651814    0.00214778    0.01740763    0.00000000 
max(|Force|)     :   0.00143996    0.00125140    0.00220371    0.00247066    0.00333467    0.00740626    0.00911178    0.00249949    0.01706857    0.00147434 
ksp              :   0.01000000    0.01000000    0.01000000    0.01000000    0.01000000    0.06415244    0.10000000    0.10000000    0.01000000 
max(|step|)      :   0.00000000    0.00496688    0.01058602    0.01331545    0.02313238    0.05757078    0.01234223    0.02030038    0.03687285    0.00000000 
angle (deg.)     :    8.4435  5.7951  6.6493  13.4375  80.9042  13.1629  37.6010  69.8000 
>
iteration       : 11
climbing        : yes
zoom on         : no
nim             : 10
barrier         :   0.00461908 (image:  7) 
distance        :   0.00000000    2.44839559    4.85796631    7.33075280   10.25037029   14.24244696   14.86922139   15.37890157   16.07626484   20.62335660 
energy          : -1076.02932667  -1076.03279220  -1076.03557649  -1076.03919724  -1076.04360037  -1076.03839298  -1076.02626783  -1076.02470759  -1076.03173824  -1076.07385981 
max(|Fr_perp|)   :   0.00000000    0.00107524    0.00129531    0.00179239    0.00380285    0.00576339    0.00255155    0.00217262    0.02013405    0.00000000 
Fr_paral         :   0.00000000    0.00117777    0.00135143    0.00164781    0.00110976   -0.01193069   -0.01449569    0.00339178    0.02238331    0.00000000 
max(|Fsp_paral|) :   0.00000000    0.00010332    0.00016317    0.00120964    0.00254381    0.00206514    0.00402536    0.00950566    0.01338557    0.00000000 
max(|Fsp_perp|)  :   0.00000000    0.00000000    0.00000000    0.00000000    0.00000000    0.00000000    0.00000000    0.00000000    0.00000000    0.00000000 
max(|FNEB|)      :   0.00000000    0.00107515    0.00131195    0.00221330    0.00375649    0.00737060    0.00518152    0.00222004    0.02080881    0.00000000 
max(|Force|)     :   0.00143996    0.00107115    0.00133370    0.00185843    0.00379824    0.00815098    0.00848565    0.00266573    0.01985812    0.00147434 
ksp              :   0.01000000    0.01000000    0.01000000    0.01000000    0.01000000    0.06959977    0.10000000    0.10000000    0.01000000 
max(|step|)      :   0.00000000    0.00102833    0.00221059    0.00342023    0.00609779    0.00753832    0.00713130    0.00421913    0.01192533    0.00000000 
angle (deg.)     :    8.5137  5.8312  6.6882  13.5138  83.0477  11.1873  37.5648  70.0486 
>
iteration       : 12
climbing        : yes
zoom on         : no
nim             : 10
barrier         :   0.00462549 (image:  7) 
distance        :   0.00000000    2.44739680    4.85900202    7.34011004   10.27220496   14.26317300   14.89516190   15.38533084   16.07597586   20.62995809 
energy          : -1076.02932667  -1076.03280292  -1076.03560373  -1076.03925543  -1076.04371260  -1076.03855798  -1076.02615973  -1076.02470118  -1076.03199843  -1076.07385981 
max(|Fr_perp|)   :   0.00000000    0.00065040    0.00139795    0.00187024    0.00277320    0.00507875    0.00251222    0.00109860    0.00499277    0.00000000 
Fr_paral         :   0.00000000    0.00118335    0.00135162    0.00165092    0.00108296   -0.01389041   -0.01396656    0.00324996    0.02332828    0.00000000 
max(|Fsp_paral|) :   0.00000000    0.00009521    0.00017949    0.00122152    0.00250952    0.00297220    0.00205800    0.01021561    0.01290269    0.00000000 
max(|Fsp_perp|)  :   0.00000000    0.00000000    0.00000000    0.00000000    0.00000000    0.00000000    0.00000000    0.00000000    0.00000000    0.00000000 
max(|FNEB|)      :   0.00000000    0.00064501    0.00141674    0.00221217    0.00308652    0.00723325    0.00338234    0.00172479    0.01118144    0.00000000 
max(|Force|)     :   0.00143996    0.00066671    0.00143698    0.00193693    0.00265315    0.00799736    0.00814481    0.00251245    0.01433200    0.00147434 
ksp              :   0.01000000    0.01000000    0.01000000    0.01000000    0.01000000    0.07162050    0.10000000    0.10000000    0.01000000 
max(|step|)      :   0.00000000    0.00291264    0.00624378    0.00983245    0.01655792    0.01887274    0.01595150    0.01191507    0.02364634    0.00000000 
angle (deg.)     :    8.7163  5.9279  6.8101  13.8894  89.4029  12.3337  38.2853  71.0569 
>
iteration       : 13
climbing        : yes
zoom on         : no
nim             : 10
barrier         :   0.00466549 (image:  7) 
distance        :   0.00000000    2.44458242    4.86196193    7.36685874   10.33408296   14.32901327   14.97268171   15.41550700   16.09048709   20.66518882 
energy          : -1076.02932667  -1076.03282872  -1076.03567319  -1076.03940703  -1076.04395115  -1076.03850066  -1076.02590413  -1076.02466118  -1076.03094004  -1076.07385981 
max(|Fr_perp|)   :   0.00000000    0.00061264    0.00131542    0.00167098    0.00261973    0.00487341    0.00249109    0.00158658    0.01150298    0.00000000 
Fr_paral         :   0.00000000    0.00119674    0.00136765    0.00167792    0.00100408   -0.01734057   -0.01268899    0.00279980    0.02075093    0.00000000 
max(|Fsp_paral|) :   0.00000000    0.00007229    0.00022632    0.00125393    0.00244187    0.00491934    0.00255007    0.01179019    0.01174309    0.00000000 
max(|Fsp_perp|)  :   0.00000000    0.00000000    0.00000000    0.00000000    0.00000000    0.00000000    0.00000000    0.00000000    0.00000000    0.00000000 
max(|FNEB|)      :   0.00000000    0.00060815    0.00134070    0.00208813    0.00246907    0.00731833    0.00366915    0.00160488    0.01154289    0.00000000 
max(|Force|)     :   0.00143996    0.00063049    0.00135679    0.00174026    0.00250551    0.00817480    0.00736656    0.00214670    0.01357504    0.00147434 
ksp              :   0.01000000    0.01000000    0.01000000    0.01000000    0.01000000    0.07602285    0.10000000    0.10000000    0.01000000 
max(|step|)      :   0.00000000    0.00408193    0.00897740    0.01422608    0.02255201    0.02914774    0.01568889    0.01560866    0.03585209    0.00000000 
angle (deg.)     :    9.0043  6.0586  7.0141  14.4473  96.0546  22.3708  39.8857  71.9155 
>
iteration       : 14
climbing        : yes
zoom on         : no
nim             : 10
barrier         :   0.00470123 (image:  7) 
distance        :   0.00000000    2.44103299    4.86711226    7.40533109   10.42237021   14.40309055   15.05374335   15.45071116   16.10474518   20.70196661 
energy          : -1076.02932667  -1076.03286421  -1076.03576887  -1076.03961597  -1076.04423916  -1076.03800459  -1076.02573521  -1076.02462543  -1076.02972305  -1076.07385981 
max(|Fr_perp|)   :   0.00000000    0.00055382    0.00097551    0.00135371    0.00280269    0.00430372    0.00209398    0.00136707    0.01483453    0.00000000 
Fr_paral         :   0.00000000    0.00121602    0.00139720    0.00171995    0.00086581   -0.02090301   -0.01152772    0.00213197    0.01774225    0.00000000 
max(|Fsp_paral|) :   0.00000000    0.00003967    0.00029054    0.00130135    0.00230612    0.00595809    0.00629701    0.01288424    0.01014709    0.00000000 
max(|Fsp_perp|)  :   0.00000000    0.00000000    0.00000000    0.00000000    0.00000000    0.00000000    0.00000000    0.00000000    0.00000000    0.00000000 
max(|FNEB|)      :   0.00000000    0.00055507    0.00101054    0.00165076    0.00249860    0.00500750    0.00672349    0.00134390    0.01493670    0.00000000 
max(|Force|)     :   0.00143996    0.00055729    0.00102051    0.00127735    0.00277554    0.01314454    0.00671465    0.00156185    0.01442009    0.00147434 
ksp              :   0.01000000    0.01000000    0.01000000    0.01000000    0.01000000    0.07875463    0.10000000    0.10000000    0.01000000 
max(|step|)      :   0.00000000    0.00828506    0.01796390    0.02863530    0.04386898    0.04767180    0.01874740    0.02754042    0.07178342    0.00000000 
angle (deg.)     :    9.6165  6.3264  7.5276  15.8070  105.0412  43.6906  45.2572  72.2932 
>
iteration       : 15
climbing        : yes
zoom on         : no
nim             : 10
barrier         :   0.00473894 (image:  7) 
distance        :   0.00000000    2.43516794    4.88133113    7.48870571   10.60766716   14.49891851   15.12510886   15.49148554   16.11317149   20.73737143 
energy          : -1076.02932667  -1076.03293264  -1076.03595666  -1076.04002960  -1076.04480049  -1076.03620669  -1076.02584062  -1076.02458773  -1076.02787194  -1076.07385981 
max(|Fr_perp|)   :   0.00000000    0.00123508    0.00152011    0.00190681    0.00289312    0.00980587    0.00348948    0.00322213    0.01077537    0.00000000 
Fr_paral         :   0.00000000    0.00124782    0.00143309    0.00173047    0.00062855   -0.02198581   -0.01115113    0.00074442    0.01252179    0.00000000 
max(|Fsp_paral|) :   0.00000000    0.00002906    0.00041898    0.00139657    0.00186776    0.00406109    0.00587618    0.01206092    0.05322275    0.00000000 
max(|Fsp_perp|)  :   0.00000000    0.00000000    0.00000000    0.00000000    0.00000000    0.00000000    0.00000000    0.00000000    0.00000000    0.00000000 
max(|FNEB|)      :   0.00000000    0.00123732    0.00157728    0.00249172    0.00281554    0.01062162    0.00674515    0.00321649    0.05617387    0.00000000 
max(|Force|)     :   0.00143996    0.00123816    0.00157170    0.00199930    0.00288666    0.01835008    0.00678296    0.00322776    0.01081118    0.00147434 
ksp              :   0.01000000    0.01000000    0.01000000    0.01000000    0.01000000    0.07620553    0.10000000    0.10000000    0.03762759 
max(|step|)      :   0.00000000    0.00452044    0.00976360    0.01469229    0.02451506    0.02947784    0.01447496    0.01894475    0.03865906    0.00000000 
angle (deg.)     :    9.2817  6.1795  7.2958  14.7408  92.4213  23.9237  38.8930  70.0499 
>
iteration       : 16
climbing        : yes
zoom on         : no
nim             : 10
barrier         :   0.00470438 (image:  7) 
distance        :   0.00000000    2.43935040    4.87672184    7.44638475   10.51127575   14.36349251   14.95682919   15.36992315   16.02176379   20.60523944 
energy          : -1076.02932667  -1076.03289872  -1076.03586384  -1076.03982043  -1076.04453308  -1076.03749733  -1076.02613883  -1076.02462228  -1076.02967152  -1076.07385981 
max(|Fr_perp|)   :   0.00000000    0.00050563    0.00107416    0.00134392    0.00185835    0.00681092    0.00129917    0.00131913    0.00624174    0.00000000 
Fr_paral         :   0.00000000    0.00123520    0.00142606    0.00174400    0.00077889   -0.02390478   -0.01290516    0.00155078    0.01749970    0.00000000 
max(|Fsp_paral|) :   0.00000000    0.00000524    0.00034324    0.00134925    0.00188878    0.00173331    0.00044382    0.01180042    0.00950321    0.00000000 
max(|Fsp_perp|)  :   0.00000000    0.00000000    0.00000000    0.00000000    0.00000000    0.00000000    0.00000000    0.00000000    0.00000000    0.00000000 
max(|FNEB|)      :   0.00000000    0.00050492    0.00111813    0.00188389    0.00227324    0.00710653    0.00135250    0.00131260    0.00683673    0.00000000 
max(|Force|)     :   0.00143996    0.00052797    0.00112262    0.00142162    0.00179237    0.01729109    0.00751082    0.00132566    0.01110990    0.00147434 
ksp              :   0.01000000    0.01000000    0.01000000    0.01000000    0.01000000    0.07098684    0.10000000    0.10000000    0.01000000 
max(|step|)      :   0.00000000    0.00205535    0.00465504    0.00754431    0.01064116    0.00708300    0.00470978    0.00608096    0.00680654    0.00000000 
angle (deg.)     :    9.4372  6.2434  7.4308  15.2413  94.6830  28.0497  39.9293  70.3559 
>
iteration       : 17
climbing        : yes
zoom on         : no
nim             : 10
barrier         :   0.00470611 (image:  7) 
distance        :   0.00000000    2.43807646    4.88079385    7.46807540   10.55660341   14.38834259   14.96706574   15.37807491   16.03307913   20.61995354 
energy          : -1076.02932667  -1076.03291685  -1076.03591268  -1076.03992651  -1076.04467928  -1076.03726891  -1076.02623510  -1076.02462055  -1076.02956647  -1076.07385981 
max(|Fr_perp|)   :   0.00000000    0.00048899    0.00104023    0.00135675    0.00178925    0.00519885    0.00098661    0.00070724    0.00297077    0.00000000 
Fr_paral         :   0.00000000    0.00124349    0.00143717    0.00174098    0.00078190   -0.02383143   -0.01324253    0.00125146    0.01731152    0.00000000 
max(|Fsp_paral|) :   0.00000000    0.00001228    0.00037541    0.00136739    0.00179094    0.00081707    0.00060160    0.01199466    0.00957357    0.00000000 
max(|Fsp_perp|)  :   0.00000000    0.00000000    0.00000000    0.00000000    0.00000000    0.00000000    0.00000000    0.00000000    0.00000000    0.00000000 
max(|FNEB|)      :   0.00000000    0.00048953    0.00108984    0.00193472    0.00225643    0.00442272    0.00088855    0.00100965    0.00683266    0.00000000 
max(|Force|)     :   0.00143996    0.00051254    0.00109048    0.00146114    0.00173793    0.01674888    0.00768725    0.00109925    0.01103297    0.00147434 
ksp              :   0.01000000    0.01000000    0.01000000    0.01000000    0.01000000    0.06912332    0.10000000    0.10000000    0.01000000 
max(|step|)      :   0.00000000    0.01079685    0.02444996    0.04027661    0.05612389    0.02763135    0.02704635    0.03154542    0.04749836    0.00000000 
angle (deg.)     :    10.2699  6.5976  8.1419  17.5998  101.4614  46.4291  45.0989  70.5237 
>
iteration       : 18
climbing        : yes
zoom on         : no
nim             : 10
barrier         :   0.00467349 (image:  7) 
distance        :   0.00000000    2.43290300    4.90551704    7.58506498   10.79744037   14.46559780   14.98325120   15.39352902   16.06242484   20.65480891 
energy          : -1076.02932667  -1076.03300501  -1076.03615501  -1076.04045602  -1076.04530514  -1076.03581715  -1076.02673616  -1076.02465318  -1076.02837434  -1076.07385981 
max(|Fr_perp|)   :   0.00000000    0.00054262    0.00089801    0.00135281    0.00299595    0.00747370    0.00201291    0.00112846    0.00790080    0.00000000 
Fr_paral         :   0.00000000    0.00128375    0.00149381    0.00174687    0.00074659   -0.02176929   -0.01440446   -0.00025369    0.01387975    0.00000000 
max(|Fsp_paral|) :   0.00000000    0.00010452    0.00053974    0.00146258    0.00111124    0.00264735    0.00540529    0.01210328    0.02869815    0.00000000 
max(|Fsp_perp|)  :   0.00000000    0.00000000    0.00000000    0.00000000    0.00000000    0.00000000    0.00000000    0.00000000    0.00000000    0.00000000 
max(|FNEB|)      :   0.00000000    0.00053924    0.00098024    0.00201584    0.00305586    0.00871651    0.00452926    0.00112815    0.03195625    0.00000000 
max(|Force|)     :   0.00143996    0.00053917    0.00095787    0.00148488    0.00300597    0.01618448    0.00866727    0.00112878    0.00973382    0.00147434 
ksp              :   0.01000000    0.01000000    0.01000000    0.01000000    0.01000000    0.05988687    0.10000000    0.10000000    0.02833945 
max(|step|)      :   0.00000000    0.00259724    0.00561628    0.00879571    0.01337731    0.01199911    0.00663886    0.00954765    0.01655931    0.00000000 
angle (deg.)     :    10.0735  6.5227  7.9751  16.8418  94.8438  35.4463  42.0227  69.8557 
>
iteration       : 19
climbing        : yes
zoom on         : no
nim             : 10
barrier         :   0.00468304 (image:  7) 
distance        :   0.00000000    2.43489979    4.90186849    7.55969142   10.73897225   14.41103688   14.94203170   15.35157496   16.02732338   20.60612698 
energy          : -1076.02932667  -1076.03298633  -1076.03610373  -1076.04034100  -1076.04517820  -1076.03668021  -1076.02663719  -1076.02464363  -1076.02902491  -1076.07385981 
max(|Fr_perp|)   :   0.00000000    0.00042530    0.00089998    0.00122510    0.00224513    0.00576553    0.00136567    0.00079962    0.00479091    0.00000000 
Fr_paral         :   0.00000000    0.00127574    0.00148439    0.00177019    0.00072946   -0.02324246   -0.01436385    0.00015405    0.01559159    0.00000000 
max(|Fsp_paral|) :   0.00000000    0.00008451    0.00049734    0.00142935    0.00119505    0.00192121    0.00449920    0.01280027    0.00219745    0.00000000 
max(|Fsp_perp|)  :   0.00000000    0.00000000    0.00000000    0.00000000    0.00000000    0.00000000    0.00000000    0.00000000    0.00000000    0.00000000 
max(|FNEB|)      :   0.00000000    0.00044224    0.00097344    0.00178489    0.00204049    0.00668711    0.00394498    0.00083853    0.00567736    0.00000000 
max(|Force|)     :   0.00143996    0.00052278    0.00095770    0.00130647    0.00219297    0.01599362    0.00840507    0.00076072    0.01062102    0.00147434 
ksp              :   0.01000000    0.01000000    0.01000000    0.01000000    0.01000000    0.06168714    0.10000000    0.10000000    0.01579928 
max(|step|)      :   0.00000000    0.00189765    0.00426373    0.00746108    0.00935802    0.00786715    0.00271083    0.00426324    0.00568879    0.00000000 
angle (deg.)     :    10.2183  6.5932  8.0823  17.0540  90.9961  31.6547  41.3816  69.3839 
>
iteration       : 20
climbing        : yes
zoom on         : no
nim             : 10
barrier         :   0.00467046 (image:  7) 
distance        :   0.00000000    2.43512547    4.90876160    7.58217926   10.77653616   14.39098155   14.92638389   15.32905324   16.01808623   20.58607039 
energy          : -1076.02932667  -1076.03300196  -1076.03614741  -1076.04043476  -1076.04529193  -1076.03704478  -1076.02665120  -1076.02465621  -1076.02923793  -1076.07385981 
max(|Fr_perp|)   :   0.00000000    0.00041000    0.00085882    0.00113570    0.00217009    0.00551425    0.00117724    0.00077585    0.00366567    0.00000000 
Fr_paral         :   0.00000000    0.00128215    0.00149439    0.00178288    0.00069578   -0.02344041   -0.01437092   -0.00000685    0.01596093    0.00000000 
max(|Fsp_paral|) :   0.00000000    0.00010139    0.00052104    0.00142924    0.00101781    0.00157616    0.00403792    0.01387541    0.00703550    0.00000000 
max(|Fsp_perp|)  :   0.00000000    0.00000000    0.00000000    0.00000000    0.00000000    0.00000000    0.00000000    0.00000000    0.00000000    0.00000000 
max(|FNEB|)      :   0.00000000    0.00044243    0.00094910    0.00175406    0.00186893    0.00573862    0.00357691    0.00077410    0.00462388    0.00000000 
max(|Force|)     :   0.00143996    0.00051876    0.00091821    0.00124660    0.00212041    0.01542052    0.00836951    0.00077759    0.01095163    0.00147434 
ksp              :   0.01000000    0.01000000    0.01000000    0.01000000    0.01000000    0.06155638    0.10000000    0.10000000    0.01170998 
max(|step|)      :   0.00000000    0.01412833    0.03169600    0.05448118    0.07029599    0.03024270    0.01568845    0.03214078    0.02147434    0.00000000 
angle (deg.)     :    11.3213  7.0995  8.9117  19.6169  77.9792  24.8593  42.6108  68.1053 
>
iteration       : 21
climbing        : yes
zoom on         : no
nim             : 10
barrier         :   0.00455680 (image:  7) 
distance        :   0.00000000    2.43519974    4.95523748    7.74641694   11.06580567   14.35860648   14.92486032   15.28236819   16.04344177   20.56844385 
energy          : -1076.02932667  -1076.03310884  -1076.03644767  -1076.04109183  -1076.04605884  -1076.03806717  -1076.02675982  -1076.02476986  -1076.02929673  -1076.07385981 
max(|Fr_perp|)   :   0.00000000    0.00034901    0.00070436    0.00115558    0.00182587    0.00536002    0.00151202    0.00075625    0.00794183    0.00000000 
Fr_paral         :   0.00000000    0.00132221    0.00155410    0.00181008    0.00051682   -0.02153318   -0.01417294   -0.00138743    0.01501845    0.00000000 
max(|Fsp_paral|) :   0.00000000    0.00022171    0.00071120    0.00145866    0.00006443    0.00075209    0.00077729    0.01971741    0.01204191    0.00000000 
max(|Fsp_perp|)  :   0.00000000    0.00000000    0.00000000    0.00000000    0.00000000    0.00000000    0.00000000    0.00000000    0.00000000    0.00000000 
max(|FNEB|)      :   0.00000000    0.00042579    0.00094825    0.00196490    0.00184525    0.00519973    0.00154121    0.00069190    0.00965753    0.00000000 
max(|Force|)     :   0.00143996    0.00046883    0.00078385    0.00143603    0.00178728    0.01178622    0.00826639    0.00112979    0.01165332    0.00147434 
ksp              :   0.01000000    0.01000000    0.01000000    0.01000000    0.01000000    0.06069705    0.10000000    0.10000000    0.01059126 
max(|step|)      :   0.00000000    0.01252065    0.02738684    0.04876076    0.05459484    0.02578767    0.01694732    0.02493336    0.01392796    0.00000000 
angle (deg.)     :    12.3095  7.5593  9.6311  22.3474  72.5324  23.8621  45.4972  68.1205 
>
iteration       : 22
climbing        : yes
zoom on         : no
nim             : 10
barrier         :   0.00443470 (image:  7) 
distance        :   0.00000000    2.43841553    5.00078429    7.89384937   11.30044679   14.39311669   14.98451067   15.31289946   16.12362733   20.62547465 
energy          : -1076.02932667  -1076.03319247  -1076.03668924  -1076.04162707  -1076.04667031  -1076.03873906  -1076.02689250  -1076.02489197  -1076.02943669  -1076.07385981 
max(|Fr_perp|)   :   0.00000000    0.00117786    0.00125341    0.00159565    0.00241249    0.00635593    0.00220714    0.00282055    0.00455204    0.00000000 
Fr_paral         :   0.00000000    0.00134476    0.00159565    0.00190878    0.00050652   -0.01941268   -0.01416561   -0.00242223    0.01513518    0.00000000 
max(|Fsp_paral|) :   0.00000000    0.00032159    0.00087122    0.00142535    0.00075948    0.00224341    0.00129182    0.02355935    0.01534779    0.00000000 
max(|Fsp_perp|)  :   0.00000000    0.00000000    0.00000000    0.00000000    0.00000000    0.00000000    0.00000000    0.00000000    0.00000000    0.00000000 
max(|FNEB|)      :   0.00000000    0.00118317    0.00146159    0.00196274    0.00270252    0.00638715    0.00202978    0.00283306    0.01214662    0.00000000 
max(|Force|)     :   0.00143996    0.00118007    0.00125619    0.00158833    0.00250287    0.00967888    0.00844783    0.00280803    0.01099486    0.00147434 
ksp              :   0.01000000    0.01000000    0.01000000    0.01000000    0.01000000    0.05940025    0.10000000    0.10000000    0.01000000 
max(|step|)      :   0.00000000    0.02386468    0.05384997    0.09123988    0.10000000    0.04902497    0.03577458    0.04526738    0.02659767    0.00000000 
angle (deg.)     :    14.2039  8.3466  10.9064  28.5908  64.2433  26.1103  51.7132  68.2163 
>
iteration       : 23
climbing        : yes
zoom on         : no
nim             : 10
barrier         :   0.00420155 (image:  7) 
distance        :   0.00000000    2.45130159    5.09854752    8.18280930   11.73020366   14.50289598   15.13916627   15.43626576   16.31656614   20.78315932 
energy          : -1076.02932667  -1076.03332302  -1076.03709105  -1076.04249332  -1076.04750152  -1076.03977842  -1076.02727481  -1076.02512511  -1076.02919076  -1076.07385981 
max(|Fr_perp|)   :   0.00000000    0.00324767    0.00347200    0.00531875    0.00795362    0.00734352    0.00448864    0.00760761    0.00821236    0.00000000 
Fr_paral         :   0.00000000    0.00136045    0.00163978    0.00145928    0.00039602   -0.01563885   -0.01473210   -0.00397575    0.01445261    0.00000000 
max(|Fsp_paral|) :   0.00000000    0.00050081    0.00116043    0.00129600    0.00189740    0.00344065    0.00257437    0.02778676    0.01277626    0.00000000 
max(|Fsp_perp|)  :   0.00000000    0.00000000    0.00000000    0.00000000    0.00000000    0.00000000    0.00000000    0.00000000    0.00000000    0.00000000 
max(|FNEB|)      :   0.00000000    0.00334250    0.00356882    0.00548128    0.00904526    0.00776699    0.00462266    0.00783578    0.00989409    0.00000000 
max(|Force|)     :   0.00143996    0.00334795    0.00358003    0.00547449    0.00827073    0.00833789    0.00922741    0.00786275    0.00928947    0.00147434 
ksp              :   0.01000000    0.01000000    0.01000000    0.01000000    0.01000000    0.05398072    0.10000000    0.10000000    0.01302691 
max(|step|)      :   0.00000000    0.00314279    0.00335558    0.00515377    0.00850480    0.00730291    0.00434645    0.00736759    0.00930291    0.00000000 
angle (deg.)     :    14.2347  8.4192  10.9051  28.4314  63.9934  25.6074  51.0348  67.9982 
>
iteration       : 24
climbing        : yes
zoom on         : no
nim             : 10
barrier         :   0.00414517 (image:  7) 
distance        :   0.00000000    2.45313696    5.10283813    8.18743145   11.72320736   14.50677361   15.13444932   15.43830699   16.29672582   20.76961588 
energy          : -1076.02932667  -1076.03333507  -1076.03711179  -1076.04255186  -1076.04762090  -1076.03987823  -1076.02738655  -1076.02518150  -1076.02906619  -1076.07385981 
max(|Fr_perp|)   :   0.00000000    0.00179762    0.00191994    0.00212402    0.00338072    0.00425197    0.00260998    0.00419649    0.00365437    0.00000000 
Fr_paral         :   0.00000000    0.00136882    0.00166658    0.00196069    0.00052839   -0.01649016   -0.01508156   -0.00398748    0.01431174    0.00000000 
max(|Fsp_paral|) :   0.00000000    0.00050220    0.00115509    0.00126290    0.00182779    0.00251654    0.00130499    0.02624893    0.00674431    0.00000000 
max(|Fsp_perp|)  :   0.00000000    0.00000000    0.00000000    0.00000000    0.00000000    0.00000000    0.00000000    0.00000000    0.00000000    0.00000000 
max(|FNEB|)      :   0.00000000    0.00180358    0.00193310    0.00280783    0.00465495    0.00438467    0.00242753    0.00421407    0.00482091    0.00000000 
max(|Force|)     :   0.00143996    0.00179892    0.00192223    0.00242101    0.00347419    0.00887309    0.00949135    0.00417890    0.00939701    0.00147434 
ksp              :   0.01000000    0.01000000    0.01000000    0.01000000    0.01000000    0.05212390    0.10000000    0.10000000    0.01565557 
max(|step|)      :   0.00000000    0.00069620    0.00093387    0.00152600    0.00212989    0.00273254    0.00204260    0.00178165    0.00437596    0.00000000 
angle (deg.)     :    14.2567  8.4251  10.9010  28.3781  63.8213  25.2267  50.4170  67.9133 
>
iteration       : 25
climbing        : yes
zoom on         : no
nim             : 10
barrier         :   0.00413507 (image:  7) 
distance        :   0.00000000    2.45467974    5.10642433    8.19125868   11.71850675   14.51105813   15.13404323   15.44222254   16.28919072   20.76475152 
energy          : -1076.02932667  -1076.03334132  -1076.03712402  -1076.04257139  -1076.04764631  -1076.03992627  -1076.02744553  -1076.02519160  -1076.02895757  -1076.07385981 
max(|Fr_perp|)   :   0.00000000    0.00065721    0.00070009    0.00153723    0.00205315    0.00391632    0.00220893    0.00159820    0.00329962    0.00000000 
Fr_paral         :   0.00000000    0.00137079    0.00166463    0.00190926    0.00051665   -0.01695644   -0.01533274   -0.00394810    0.01412724    0.00000000 
max(|Fsp_paral|) :   0.00000000    0.00050339    0.00115045    0.00123842    0.00178791    0.00195044    0.00051570    0.02534400    0.00169779    0.00000000 
max(|Fsp_perp|)  :   0.00000000    0.00000000    0.00000000    0.00000000    0.00000000    0.00000000    0.00000000    0.00000000    0.00000000    0.00000000 
max(|FNEB|)      :   0.00000000    0.00066375    0.00123812    0.00220855    0.00334561    0.00320186    0.00214470    0.00218737    0.00186492    0.00000000 
max(|Force|)     :   0.00143996    0.00065890    0.00080586    0.00182678    0.00214441    0.00918993    0.00961763    0.00264324    0.00917819    0.00147434 
ksp              :   0.01000000    0.01000000    0.01000000    0.01000000    0.01000000    0.05094292    0.10000000    0.10000000    0.01803348 
max(|step|)      :   0.00000000    0.00117333    0.00369569    0.00524973    0.00691881    0.00972620    0.00582527    0.00664751    0.00830268    0.00000000 
angle (deg.)     :    14.3408  8.4543  10.8881  28.1755  63.3175  24.1627  47.9008  67.6906 
>
iteration       : 26
climbing        : yes
zoom on         : no
nim             : 10
barrier         :   0.00415582 (image:  7) 
distance        :   0.00000000    2.46056821    5.12005057    8.20562635   11.70086749   14.52696202   15.13827767   15.46012036   16.28462287   20.76067464 
energy          : -1076.02932667  -1076.03335361  -1076.03715670  -1076.04261473  -1076.04767106  -1076.04004722  -1076.02760313  -1076.02517085  -1076.02882130  -1076.07385981 
max(|Fr_perp|)   :   0.00000000    0.00092482    0.00099096    0.00132223    0.00161416    0.00286631    0.00133695    0.00211347    0.00290186    0.00000000 
Fr_paral         :   0.00000000    0.00137127    0.00166197    0.00177623    0.00051906   -0.01813961   -0.01610641   -0.00376837    0.01392616    0.00000000 
max(|Fsp_paral|) :   0.00000000    0.00050778    0.00113252    0.00114703    0.00163506    0.00033415    0.00183984    0.02333793    0.00482076    0.00000000 
max(|Fsp_perp|)  :   0.00000000    0.00000000    0.00000000    0.00000000    0.00000000    0.00000000    0.00000000    0.00000000    0.00000000    0.00000000 
max(|FNEB|)      :   0.00000000    0.00091746    0.00137212    0.00199006    0.00239795    0.00270031    0.00147008    0.00209733    0.00773317    0.00000000 
max(|Force|)     :   0.00143996    0.00092259    0.00098860    0.00161535    0.00174099    0.01014663    0.00997325    0.00241904    0.00884413    0.00147434 
ksp              :   0.01000000    0.01000000    0.01000000    0.01000000    0.01000000    0.04732561    0.10000000    0.10000000    0.02094437 
max(|step|)      :   0.00000000    0.00206457    0.00664024    0.00787381    0.01108284    0.01641722    0.00811220    0.01122336    0.00890620    0.00000000 
angle (deg.)     :    14.4894  8.5255  10.8730  27.8245  62.8202  23.4189  43.9589  67.3415 
>
iteration       : 27
climbing        : yes
zoom on         : no
nim             : 10
barrier         :   0.00421179 (image:  7) 
distance        :   0.00000000    2.47097670    5.14395339    8.23042405   11.67048504   14.55410493   15.15737595   15.49866866   16.29818053   20.76850045 
energy          : -1076.02932667  -1076.03337197  -1076.03720970  -1076.04267831  -1076.04766812  -1076.04020445  -1076.02777572  -1076.02511487  -1076.02876956  -1076.07385981 
max(|Fr_perp|)   :   0.00000000    0.00213106    0.00228197    0.00222885    0.00308872    0.00395900    0.00264170    0.00483659    0.00404358    0.00000000 
Fr_paral         :   0.00000000    0.00137002    0.00166650    0.00171685    0.00058658   -0.01918412   -0.01693801   -0.00343845    0.01395299    0.00000000 
max(|Fsp_paral|) :   0.00000000    0.00051505    0.00110021    0.00099049    0.00136482    0.00134569    0.00460801    0.02101772    0.00773613    0.00000000 
max(|Fsp_perp|)  :   0.00000000    0.00000000    0.00000000    0.00000000    0.00000000    0.00000000    0.00000000    0.00000000    0.00000000    0.00000000 
max(|FNEB|)      :   0.00000000    0.00212302    0.00226905    0.00250215    0.00373362    0.00449642    0.00385092    0.00482337    0.01046647    0.00000000 
max(|Force|)     :   0.00143996    0.00212844    0.00227958    0.00222589    0.00323259    0.01231171    0.01038105    0.00484980    0.00874367    0.00147434 
ksp              :   0.01000000    0.01000000    0.01000000    0.01000000    0.01000000    0.04314153    0.10000000    0.10000000    0.02190451 
max(|step|)      :   0.00000000    0.00514424    0.01635786    0.01865789    0.02569424    0.03762461    0.01946250    0.02545142    0.01678201    0.00000000 
angle (deg.)     :    14.8520  8.7026  10.8651  27.0934  63.1247  24.1418  36.8078  66.4874 
>
iteration       : 28
climbing        : yes
zoom on         : no
nim             : 10
barrier         :   0.00432701 (image:  7) 
distance        :   0.00000000    2.49683076    5.20247874    8.28944171   11.60020411   14.61987225   15.23974448   15.61693120   16.36880137   20.81969930 
energy          : -1076.02932667  -1076.03342501  -1076.03734706  -1076.04282963  -1076.04761606  -1076.04060185  -1076.02790151  -1076.02499966  -1076.02883812  -1076.07385981 
max(|Fr_perp|)   :   0.00000000    0.00210546    0.00225108    0.00389449    0.00578642    0.00639942    0.00359456    0.00511967    0.00553852    0.00000000 
Fr_paral         :   0.00000000    0.00137486    0.00167629    0.00159400    0.00073371   -0.01936460   -0.01748023   -0.00265864    0.01454778    0.00000000 
max(|Fsp_paral|) :   0.00000000    0.00053088    0.00101725    0.00062790    0.00071964    0.00258305    0.00741763    0.01696189    0.00645362    0.00000000 
max(|Fsp_perp|)  :   0.00000000    0.00000000    0.00000000    0.00000000    0.00000000    0.00000000    0.00000000    0.00000000    0.00000000    0.00000000 
max(|FNEB|)      :   0.00000000    0.00209725    0.00223894    0.00390119    0.00606797    0.00891587    0.00660935    0.00510746    0.00876098    0.00000000 
max(|Force|)     :   0.00143996    0.00210287    0.00224868    0.00390203    0.00596780    0.01499164    0.01067640    0.00513188    0.00875488    0.00147434 
ksp              :   0.01000000    0.01000000    0.01000000    0.01000000    0.01000000    0.03964275    0.10000000    0.10000000    0.02016166 
max(|step|)      :   0.00000000    0.01020496    0.03237349    0.03775494    0.04376214    0.06115952    0.02749201    0.04102616    0.02800362    0.00000000 
angle (deg.)     :    15.5466  9.1257  10.9852  26.0135  67.2284  25.1458  30.7950  64.9059 
>
iteration       : 29
climbing        : yes
zoom on         : no
nim             : 10
barrier         :   0.00468033 (image:  7) 
distance        :   0.00000000    2.54768800    5.31407446    8.39498654   11.48175459   14.74479562   15.45664856   15.88347027   16.55411270   20.96936954 
energy          : -1076.02932667  -1076.03345949  -1076.03752642  -1076.04302639  -1076.04750222  -1076.04162633  -1076.02755368  -1076.02464634  -1076.02777519  -1076.07385981 
max(|Fr_perp|)   :   0.00000000    0.00939801    0.01009906    0.00988461    0.00936383    0.02186569    0.00601420    0.01829602    0.02655806    0.00000000 
Fr_paral         :   0.00000000    0.00132435    0.00173796    0.00213679    0.00088432   -0.01677954   -0.01610770   -0.00068379    0.01145953    0.00000000 
max(|Fsp_paral|) :   0.00000000    0.00055279    0.00084349    0.00001648    0.00043606    0.00054681    0.00611726    0.01041022    0.05145186    0.00000000 
max(|Fsp_perp|)  :   0.00000000    0.00000000    0.00000000    0.00000000    0.00000000    0.00000000    0.00000000    0.00000000    0.00000000    0.00000000 
max(|FNEB|)      :   0.00000000    0.00938566    0.01008817    0.00988063    0.00933204    0.02179901    0.00591862    0.01829952    0.05452922    0.00000000 
max(|Force|)     :   0.00143996    0.00939326    0.01009636    0.00988110    0.00935125    0.02197902    0.00985579    0.01829251    0.02623445    0.00147434 
ksp              :   0.01000000    0.01000000    0.01000000    0.01000000    0.01000000    0.04409356    0.10000000    0.10000000    0.03983401 
max(|step|)      :   0.00000000    0.00932059    0.02964630    0.03206598    0.04060137    0.05685293    0.02939550    0.03790468    0.04610259    0.00000000 
angle (deg.)     :    16.1690  9.4784  11.2679  25.5752  70.7369  29.2494  29.4109  64.0008 
>
iteration       : 30
climbing        : yes
zoom on         : no
nim             : 10
barrier         :   0.00479738 (image:  7) 
distance        :   0.00000000    2.59513933    5.41812373    8.49384625   11.37544435   14.86872138   15.68502736   16.16659983   16.81260098   21.17608633 
energy          : -1076.02932667  -1076.03353244  -1076.03773985  -1076.04325730  -1076.04740786  -1076.04251574  -1076.02714024  -1076.02452929  -1076.02795454  -1076.07385981 
max(|Fr_perp|)   :   0.00000000    0.01051816    0.01130255    0.01106266    0.01045819    0.02441602    0.00672047    0.02050058    0.03087134    0.00000000 
Fr_paral         :   0.00000000    0.00131341    0.00174390    0.00211132    0.00092132   -0.01360902   -0.01431695    0.00086695    0.01156655    0.00000000 
max(|Fsp_paral|) :   0.00000000    0.00057291    0.00068079    0.00054830    0.00152466    0.00284391    0.00329962    0.00689118    0.04600493    0.00000000 
max(|Fsp_perp|)  :   0.00000000    0.00000000    0.00000000    0.00000000    0.00000000    0.00000000    0.00000000    0.00000000    0.00000000    0.00000000 
max(|FNEB|)      :   0.00000000    0.01050488    0.01129314    0.01106388    0.01036778    0.02426504    0.00664257    0.02049757    0.04955147    0.00000000 
max(|Force|)     :   0.00143996    0.01051319    0.01129983    0.01105929    0.01044605    0.02455189    0.00886968    0.02050359    0.03048685    0.00147434 
ksp              :   0.01000000    0.01000000    0.01000000    0.01000000    0.01000000    0.05101800    0.10000000    0.10000000    0.03574143 
max(|step|)      :   0.00000000    0.01470553    0.04848768    0.04721351    0.05559862    0.06554304    0.05579808    0.05251626    0.10000000    0.00000000 
angle (deg.)     :    17.1269  9.9134  12.0618  26.0497  73.9746  36.2488  35.8304  64.0402 
>
iteration       : 31
climbing        : yes
zoom on         : no
nim             : 10
barrier         :   0.00434394 (image:  7) 
distance        :   0.00000000    2.67216442    5.57971377    8.63447757   11.24752470   15.07719307   16.04724784   16.62231212   17.30778441   21.56625490 
energy          : -1076.02932667  -1076.03376684  -1076.03820726  -1076.04376564  -1076.04749370  -1076.04444453  -1076.02642106  -1076.02498273  -1076.03013100  -1076.07385981 
max(|Fr_perp|)   :   0.00000000    0.00132809    0.00237245    0.00268708    0.00691575    0.00812151    0.00699545    0.00554711    0.02483189    0.00000000 
Fr_paral         :   0.00000000    0.00141491    0.00192718    0.00161552    0.00112595   -0.00961454   -0.01078621    0.00306267    0.01769802    0.00000000 
max(|Fsp_paral|) :   0.00000000    0.00058682    0.00039884    0.00125447    0.00307210    0.01240838    0.00472047    0.00452956    0.01419351    0.00000000 
max(|Fsp_perp|)  :   0.00000000    0.00000000    0.00000000    0.00000000    0.00000000    0.00000000    0.00000000    0.00000000    0.00000000    0.00000000 
max(|FNEB|)      :   0.00000000    0.00136049    0.00264122    0.00371498    0.00713732    0.01161945    0.00699254    0.00578165    0.02587964    0.00000000 
max(|Force|)     :   0.00143996    0.00135491    0.00271686    0.00272428    0.00703585    0.00886962    0.00699888    0.00549425    0.02478268    0.00147434 
ksp              :   0.01000000    0.01000000    0.01000000    0.01000000    0.01000000    0.07028479    0.10000000    0.10000000    0.01000000 
max(|step|)      :   0.00000000    0.00125069    0.00242806    0.00341516    0.00656130    0.01068170    0.00642821    0.00531504    0.02379102    0.00000000 
angle (deg.)     :    17.1453  10.0064  12.0565  26.1473  73.4869  35.4364  34.8126  63.7184 
>
iteration       : 32
climbing        : yes
zoom on         : no
nim             : 10
barrier         :   0.00427774 (image:  7) 
distance        :   0.00000000    2.67431397    5.58129647    8.63103099   11.25850472   15.08476177   16.01883175   16.60149160   17.27197028   21.53543655 
energy          : -1076.02932667  -1076.03377395  -1076.03822644  -1076.04378110  -1076.04762144  -1076.04442166  -1076.02666481  -1076.02504892  -1076.03115390  -1076.07385981 
max(|Fr_perp|)   :   0.00000000    0.00070599    0.00124107    0.00117260    0.00254418    0.00757054    0.00337718    0.00222462    0.01397772    0.00000000 
Fr_paral         :   0.00000000    0.00139204    0.00172906    0.00186213    0.00109773   -0.01204542   -0.01144433    0.00298060    0.02069299    0.00000000 
max(|Fsp_paral|) :   0.00000000    0.00058008    0.00038695    0.00119926    0.00301222    0.00969918    0.00152209    0.00367436    0.01334779    0.00000000 
max(|Fsp_perp|)  :   0.00000000    0.00000000    0.00000000    0.00000000    0.00000000    0.00000000    0.00000000    0.00000000    0.00000000    0.00000000 
max(|FNEB|)      :   0.00000000    0.00069800    0.00150029    0.00192170    0.00385095    0.01084216    0.00374727    0.00295592    0.01440164    0.00000000 
max(|Force|)     :   0.00143996    0.00070401    0.00156054    0.00140903    0.00260435    0.00937191    0.00726990    0.00276448    0.01380611    0.00147434 
ksp              :   0.01000000    0.01000000    0.01000000    0.01000000    0.01000000    0.06600311    0.10000000    0.10000000    0.01000000 
max(|step|)      :   0.00000000    0.00035782    0.00082199    0.00113147    0.00245389    0.00919973    0.00368770    0.00262285    0.00989789    0.00000000 
angle (deg.)     :    17.1646  10.0093  12.0365  26.2737  73.2611  34.6152  34.0986  63.5409 
>
iteration       : 33
climbing        : yes
zoom on         : no
nim             : 10
barrier         :   0.00425965 (image:  7) 
distance        :   0.00000000    2.67624507    5.58265967    8.62772141   11.26854386   15.09113026   15.99996036   16.58571462   17.24243713   21.51149391 
energy          : -1076.02932667  -1076.03377854  -1076.03823369  -1076.04378390  -1076.04766750  -1076.04429400  -1076.02677384  -1076.02506701  -1076.03125756  -1076.07385981 
max(|Fr_perp|)   :   0.00000000    0.00047899    0.00140188    0.00106885    0.00242939    0.00709628    0.00257171    0.00215400    0.00813380    0.00000000 
Fr_paral         :   0.00000000    0.00139376    0.00173068    0.00186315    0.00110589   -0.01350815   -0.01181932    0.00294668    0.02123254    0.00000000 
max(|Fsp_paral|) :   0.00000000    0.00057374    0.00037586    0.00114798    0.00297105    0.00824940    0.00021215    0.00299212    0.01257372    0.00000000 
max(|Fsp_perp|)  :   0.00000000    0.00000000    0.00000000    0.00000000    0.00000000    0.00000000    0.00000000    0.00000000    0.00000000    0.00000000 
max(|FNEB|)      :   0.00000000    0.00058420    0.00165374    0.00178601    0.00382001    0.01003088    0.00265522    0.00269582    0.01069675    0.00000000 
max(|Force|)     :   0.00143996    0.00047709    0.00172187    0.00134980    0.00251331    0.00916329    0.00750517    0.00265029    0.01342467    0.00147434 
ksp              :   0.01000000    0.01000000    0.01000000    0.01000000    0.01000000    0.06393727    0.10000000    0.10000000    0.01000000 
max(|step|)      :   0.00000000    0.00359027    0.00787812    0.00906237    0.02187493    0.08195698    0.02435944    0.02294600    0.08830692    0.00000000 
angle (deg.)     :    17.3486  9.9856  11.8815  27.5170  73.2818  26.4469  29.6591  63.5598 
>
iteration       : 34
climbing        : yes
zoom on         : no
nim             : 10
barrier         :   0.00415621 (image:  7) 
distance        :   0.00000000    2.69456111    5.59540639    8.59724493   11.36385770   15.15224223   15.87586256   16.46878714   17.01438955   21.34136147 
energy          : -1076.02932667  -1076.03381633  -1076.03828780  -1076.04377486  -1076.04786761  -1076.04214634  -1076.02735105  -1076.02517046  -1076.02990127  -1076.07385981 
max(|Fr_perp|)   :   0.00000000    0.00040511    0.00122859    0.00118174    0.00320345    0.00612522    0.00324895    0.00264977    0.00491256    0.00000000 
Fr_paral         :   0.00000000    0.00142024    0.00187118    0.00177059    0.00119418   -0.02056319   -0.01404569    0.00270385    0.01849534    0.00000000 
max(|Fsp_paral|) :   0.00000000    0.00051324    0.00027416    0.00066804    0.00258559    0.00013101    0.01030160    0.00208461    0.00608280    0.00000000 
max(|Fsp_perp|)  :   0.00000000    0.00000000    0.00000000    0.00000000    0.00000000    0.00000000    0.00000000    0.00000000    0.00000000    0.00000000 
max(|FNEB|)      :   0.00000000    0.00047660    0.00122961    0.00168810    0.00445126    0.00602593    0.00842498    0.00273605    0.00549569    0.00000000 
max(|Force|)     :   0.00143996    0.00040672    0.00135677    0.00149476    0.00320401    0.01458316    0.00878863    0.00256348    0.01096203    0.00147434 
ksp              :   0.01000000    0.01000000    0.01000000    0.01000000    0.01000000    0.05278080    0.10000000    0.10000000    0.01000000 
max(|step|)      :   0.00000000    0.00287117    0.00681845    0.00796011    0.02371509    0.04505806    0.02157599    0.01534806    0.05460277    0.00000000 
angle (deg.)     :    17.4922  10.1151  11.8373  28.0949  77.1021  19.4816  28.8208  65.2013 
>
iteration       : 35
climbing        : yes
zoom on         : no
nim             : 10
barrier         :   0.00419211 (image:  7) 
distance        :   0.00000000    2.70923710    5.60497298    8.57807474   11.43887937   15.18881363   15.89210153   16.42857440   16.92803316   21.29094943 
energy          : -1076.02932667  -1076.03384289  -1076.03830861  -1076.04374556  -1076.04787621  -1076.04097418  -1076.02689842  -1076.02513455  -1076.02816760  -1076.07385981 
max(|Fr_perp|)   :   0.00000000    0.00066971    0.00322698    0.00389906    0.00953213    0.01025522    0.00888369    0.00718564    0.02208864    0.00000000 
Fr_paral         :   0.00000000    0.00139353    0.00161469    0.00205254    0.00097261   -0.02043050   -0.01295044    0.00249444    0.01222821    0.00000000 
max(|Fsp_paral|) :   0.00000000    0.00046341    0.00021039    0.00031936    0.00222621    0.00277267    0.00502525    0.00165963    0.05214032    0.00000000 
max(|Fsp_perp|)  :   0.00000000    0.00000000    0.00000000    0.00000000    0.00000000    0.00000000    0.00000000    0.00000000    0.00000000    0.00000000 
max(|FNEB|)      :   0.00000000    0.00068556    0.00322517    0.00410150    0.00955371    0.01044534    0.00926831    0.00711861    0.05455029    0.00000000 
max(|Force|)     :   0.00143996    0.00064815    0.00322685    0.00384340    0.00953343    0.01272907    0.00851528    0.00725267    0.02171249    0.00147434 
ksp              :   0.01000000    0.01000000    0.01000000    0.01000000    0.01000000    0.06213186    0.10000000    0.10000000    0.03488388 
max(|step|)      :   0.00000000    0.00108674    0.00261606    0.00334692    0.00933594    0.02380664    0.00508904    0.00692688    0.04150086    0.00000000 
angle (deg.)     :    17.4374  10.0627  11.8574  27.7260  76.1857  21.8502  28.5121  64.3014 
>
iteration       : 36
climbing        : yes
zoom on         : no
nim             : 10
barrier         :   0.00414723 (image:  7) 
distance        :   0.00000000    2.70357199    5.60100656    8.58714983   11.40942748   15.16869525   15.91318222   16.45170225   16.99875891   21.33056941 
energy          : -1076.02932667  -1076.03383337  -1076.03830700  -1076.04377000  -1076.04795197  -1076.04199920  -1076.02690152  -1076.02517944  -1076.02981422  -1076.07385981 
max(|Fr_perp|)   :   0.00000000    0.00036666    0.00172815    0.00204121    0.00483090    0.00518460    0.00465035    0.00361459    0.00968782    0.00000000 
Fr_paral         :   0.00000000    0.00140326    0.00171038    0.00194295    0.00100586   -0.01989445   -0.01262069    0.00254765    0.01780329    0.00000000 
max(|Fsp_paral|) :   0.00000000    0.00048194    0.00024110    0.00046601    0.00235572    0.00399051    0.00358518    0.00038821    0.00602133    0.00000000 
max(|Fsp_perp|)  :   0.00000000    0.00000000    0.00000000    0.00000000    0.00000000    0.00000000    0.00000000    0.00000000    0.00000000    0.00000000 
max(|FNEB|)      :   0.00000000    0.00053226    0.00189019    0.00233433    0.00509694    0.00537619    0.00497300    0.00374500    0.00974683    0.00000000 
max(|Force|)     :   0.00143996    0.00046806    0.00204839    0.00212951    0.00483136    0.01209621    0.00774166    0.00363148    0.01063377    0.00147434 
ksp              :   0.01000000    0.01000000    0.01000000    0.01000000    0.01000000    0.06262864    0.10000000    0.10000000    0.01000000 
max(|step|)      :   0.00000000    0.00081006    0.00240769    0.00300778    0.00624064    0.01419254    0.00483504    0.00418855    0.00957234    0.00000000 
angle (deg.)     :    17.4763  10.0095  11.8375  28.0138  76.4556  20.5385  28.4047  64.8261 
>
iteration       : 37
climbing        : yes
zoom on         : no
nim             : 10
barrier         :   0.00412510 (image:  7) 
distance        :   0.00000000    2.70714822    5.60334433    8.58204912   11.42800532   15.18014996   15.89482223   16.43409083   16.97647702   21.31446168 
energy          : -1076.02932667  -1076.03384020  -1076.03831833  -1076.04376897  -1076.04800198  -1076.04147679  -1076.02699437  -1076.02520157  -1076.02990046  -1076.07385981 
max(|Fr_perp|)   :   0.00000000    0.00022184    0.00092460    0.00086923    0.00189729    0.00370747    0.00199001    0.00159647    0.00289906    0.00000000 
Fr_paral         :   0.00000000    0.00142132    0.00184964    0.00178505    0.00105160   -0.02069716   -0.01295784    0.00248039    0.01807874    0.00000000 
max(|Fsp_paral|) :   0.00000000    0.00046975    0.00022428    0.00037759    0.00228779    0.00265950    0.00522167    0.00014323    0.00568142    0.00000000 
max(|Fsp_perp|)  :   0.00000000    0.00000000    0.00000000    0.00000000    0.00000000    0.00000000    0.00000000    0.00000000    0.00000000    0.00000000 
max(|FNEB|)      :   0.00000000    0.00041008    0.00106251    0.00104169    0.00344283    0.00382191    0.00382945    0.00165606    0.00506272    0.00000000 
max(|Force|)     :   0.00143996    0.00035672    0.00123525    0.00117166    0.00189732    0.01289447    0.00792721    0.00174712    0.01001582    0.00147434 
ksp              :   0.01000000    0.01000000    0.01000000    0.01000000    0.01000000    0.06088521    0.10000000    0.10000000    0.01000000 
max(|step|)      :   0.00000000    0.00172034    0.00346382    0.00279565    0.01134613    0.02610465    0.01141013    0.00873594    0.01600070    0.00000000 
angle (deg.)     :    17.5682  10.0258  11.8240  28.4413  78.4459  17.3191  28.3117  65.9676 
>
iteration       : 38
climbing        : yes
zoom on         : no
nim             : 10
barrier         :   0.00411626 (image:  7) 
distance        :   0.00000000    2.71610617    5.60894365    8.57184684   11.47362050   15.20113361   15.90156973   16.41090637   16.95465434   21.30071437 
energy          : -1076.02932667  -1076.03385669  -1076.03833810  -1076.04376138  -1076.04806593  -1076.04079111  -1076.02680828  -1076.02521041  -1076.02973414  -1076.07385981 
max(|Fr_perp|)   :   0.00000000    0.00021287    0.00088701    0.00078298    0.00149275    0.00335588    0.00146413    0.00126734    0.00258075    0.00000000 
Fr_paral         :   0.00000000    0.00142296    0.00184459    0.00178664    0.00096977   -0.02086607   -0.01235639    0.00231915    0.01715033    0.00000000 
max(|Fsp_paral|) :   0.00000000    0.00043874    0.00019063    0.00017403    0.00208115    0.00383912    0.00273708    0.00161881    0.00555030    0.00000000 
max(|Fsp_perp|)  :   0.00000000    0.00000000    0.00000000    0.00000000    0.00000000    0.00000000    0.00000000    0.00000000    0.00000000    0.00000000 
max(|FNEB|)      :   0.00000000    0.00038170    0.00100462    0.00076042    0.00303959    0.00524449    0.00178678    0.00130817    0.00453239    0.00000000 
max(|Force|)     :   0.00143996    0.00034241    0.00119848    0.00108558    0.00149249    0.01230453    0.00748735    0.00155269    0.00979914    0.00147434 
ksp              :   0.01000000    0.01000000    0.01000000    0.01000000    0.01000000    0.06506322    0.10000000    0.10000000    0.01000000 
max(|step|)      :   0.00000000    0.00714748    0.01463674    0.00940694    0.04596647    0.10000000    0.03105140    0.03040114    0.05506019    0.00000000 
angle (deg.)     :    17.9547  10.1260  11.9280  30.5216  84.4732  17.3785  30.8614  69.6244 
>
iteration       : 39
climbing        : yes
zoom on         : no
nim             : 10
barrier         :   0.00413599 (image:  7) 
distance        :   0.00000000    2.75253477    5.63034783    8.54364497   11.65660800   15.27586495   15.88589034   16.31829498   16.87792686   21.24679143 
energy          : -1076.02932667  -1076.03392374  -1076.03841617  -1076.04375401  -1076.04829209  -1076.03768533  -1076.02639305  -1076.02519067  -1076.02895788  -1076.07385981 
max(|Fr_perp|)   :   0.00000000    0.00034354    0.00065282    0.00070075    0.00075152    0.00215536    0.00202579    0.00135803    0.00477566    0.00000000 
Fr_paral         :   0.00000000    0.00142837    0.00182724    0.00183142    0.00067809   -0.02319832   -0.01083605    0.00169294    0.01356382    0.00000000 
max(|Fsp_paral|) :   0.00000000    0.00030960    0.00009708    0.00056985    0.00125999    0.00457268    0.00096327    0.00637972    0.01093825    0.00000000 
max(|Fsp_perp|)  :   0.00000000    0.00000000    0.00000000    0.00000000    0.00000000    0.00000000    0.00000000    0.00000000    0.00000000    0.00000000 
max(|FNEB|)      :   0.00000000    0.00036771    0.00071387    0.00102371    0.00130124    0.00373048    0.00205517    0.00142239    0.01519677    0.00000000 
max(|Force|)     :   0.00143996    0.00036423    0.00096906    0.00099732    0.00073618    0.01329647    0.00655094    0.00144055    0.01032778    0.00147434 
ksp              :   0.01000000    0.01000000    0.01000000    0.01000000    0.01000000    0.07386606    0.10000000    0.10000000    0.01839529 
max(|step|)      :   0.00000000    0.00131313    0.00254928    0.00365576    0.00464686    0.01332187    0.00733919    0.00507950    0.05426902    0.00000000 
angle (deg.)     :    18.0127  10.1372  11.9971  30.8251  82.7314  15.9095  30.3465  69.6142 
>
iteration       : 40
climbing        : yes
zoom on         : no
nim             : 10
barrier         :   0.00417086 (image:  7) 
distance        :   0.00000000    2.75696917    5.63221670    8.55169367   11.67713073   15.26750977   15.84787793   16.28523707   16.93427559   21.26199751 
energy          : -1076.02932667  -1076.03392989  -1076.03842466  -1076.04377557  -1076.04831841  -1076.03733884  -1076.02643328  -1076.02515581  -1076.03000731  -1076.07385981 
max(|Fr_perp|)   :   0.00000000    0.00182316    0.00193592    0.00206967    0.00226903    0.00659032    0.00984234    0.00693601    0.02446738    0.00000000 
Fr_paral         :   0.00000000    0.00142653    0.00184672    0.00178013    0.00068590   -0.02420494   -0.01123898    0.00162166    0.01601848    0.00000000 
max(|Fsp_paral|) :   0.00000000    0.00029222    0.00012079    0.00058781    0.00115646    0.00314603    0.00091408    0.01064672    0.01020460    0.00000000 
max(|Fsp_perp|)  :   0.00000000    0.00000000    0.00000000    0.00000000    0.00000000    0.00000000    0.00000000    0.00000000    0.00000000    0.00000000 
max(|FNEB|)      :   0.00000000    0.00181777    0.00193196    0.00207260    0.00260489    0.00672101    0.00992537    0.00694759    0.02466733    0.00000000 
max(|Force|)     :   0.00143996    0.00182097    0.00193348    0.00206998    0.00226929    0.01482771    0.00985435    0.00692443    0.02411545    0.00147434 
ksp              :   0.01000000    0.01000000    0.01000000    0.01000000    0.01000000    0.07243437    0.10000000    0.10000000    0.01000000 
max(|step|)      :   0.00000000    0.00128169    0.00136058    0.00146459    0.00160745    0.00475802    0.00701292    0.00490392    0.01740119    0.00000000 
angle (deg.)     :    18.0168  10.1498  12.0071  30.8346  82.6122  15.7117  30.2928  69.3864 
>
iteration       : 41
climbing        : yes
zoom on         : no
nim             : 10
barrier         :   0.00413459 (image:  7) 
distance        :   0.00000000    2.75733856    5.63244294    8.55250338   11.67868118   15.26696648   15.84810837   16.28397607   16.91633317   21.24980453 
energy          : -1076.02932667  -1076.03393449  -1076.03843064  -1076.04378351  -1076.04833140  -1076.03738799  -1076.02651075  -1076.02519208  -1076.03030173  -1076.07385981 
max(|Fr_perp|)   :   0.00000000    0.00027265    0.00066591    0.00065910    0.00054082    0.00230755    0.00162773    0.00104236    0.00418601    0.00000000 
Fr_paral         :   0.00000000    0.00142972    0.00182994    0.00182064    0.00066213   -0.02420900   -0.01135894    0.00164651    0.01692914    0.00000000 
max(|Fsp_paral|) :   0.00000000    0.00029094    0.00012279    0.00058822    0.00114867    0.00285401    0.00115948    0.00989046    0.00938140    0.00000000 
max(|Fsp_perp|)  :   0.00000000    0.00000000    0.00000000    0.00000000    0.00000000    0.00000000    0.00000000    0.00000000    0.00000000    0.00000000 
max(|FNEB|)      :   0.00000000    0.00030706    0.00074922    0.00100236    0.00121558    0.00165243    0.00155207    0.00103379    0.00808040    0.00000000 
max(|Force|)     :   0.00143996    0.00034326    0.00101890    0.00096709    0.00048706    0.01474327    0.00676360    0.00105092    0.01180284    0.00147434 
ksp              :   0.01000000    0.01000000    0.01000000    0.01000000    0.01000000    0.07129574    0.10000000    0.10000000    0.01000000 
max(|step|)      :   0.00000000    0.00007614    0.00019846    0.00024781    0.00033894    0.00119025    0.00116552    0.00044032    0.01094661    0.00000000 
angle (deg.)     :    18.0194  10.1525  12.0107  30.8337  82.5716  15.6072  30.3420  69.1675 
>
iteration       : 42
climbing        : yes
zoom on         : no
nim             : 10
barrier         :   0.00413544 (image:  7) 
distance        :   0.00000000    2.75752923    5.63260297    8.55298143   11.67949702   15.26687804   15.85081020   16.28453272   16.89635756   21.23751923 
energy          : -1076.02932667  -1076.03393489  -1076.03843131  -1076.04378478  -1076.04833230  -1076.03741529  -1076.02649172  -1076.02519123  -1076.02993784  -1076.07385981 
max(|Fr_perp|)   :   0.00000000    0.00031216    0.00062468    0.00065997    0.00059767    0.00219672    0.00185141    0.00124036    0.00413015    0.00000000 
Fr_paral         :   0.00000000    0.00142971    0.00182906    0.00182701    0.00066067   -0.02416639   -0.01126687    0.00163590    0.01620505    0.00000000 
max(|Fsp_paral|) :   0.00000000    0.00029038    0.00012375    0.00058828    0.00114556    0.00309102    0.00081010    0.00892927    0.00834258    0.00000000 
max(|Fsp_perp|)  :   0.00000000    0.00000000    0.00000000    0.00000000    0.00000000    0.00000000    0.00000000    0.00000000    0.00000000    0.00000000 
max(|FNEB|)      :   0.00000000    0.00031697    0.00070252    0.00098901    0.00120042    0.00191850    0.00177602    0.00123162    0.00741130    0.00000000 
max(|Force|)     :   0.00143996    0.00031813    0.00096676    0.00095151    0.00063809    0.01460801    0.00673257    0.00124911    0.01126081    0.00147434 
ksp              :   0.01000000    0.01000000    0.01000000    0.01000000    0.01000000    0.07169741    0.10000000    0.10000000    0.01000000 
max(|step|)      :   0.00000000    0.00111764    0.00302059    0.00409013    0.00435488    0.00416975    0.00388312    0.00326285    0.06730282    0.00000000 
angle (deg.)     :    18.0822  10.1759  12.0874  31.0524  81.1344  14.1888  31.2592  67.6346 
>
iteration       : 43
climbing        : yes
zoom on         : no
nim             : 10
barrier         :   0.00413984 (image:  7) 
distance        :   0.00000000    2.76213329    5.63538942    8.56269873   11.70029923   15.26207164   15.84578367   16.26771243   16.75411551   21.14244524 
energy          : -1076.02932667  -1076.03394508  -1076.03844608  -1076.04381354  -1076.04835998  -1076.03734496  -1076.02644755  -1076.02518682  -1076.02776645  -1076.07385981 
max(|Fr_perp|)   :   0.00000000    0.00036859    0.00068345    0.00082916    0.00087425    0.00207659    0.00211611    0.00107894    0.01024354    0.00000000 
Fr_paral         :   0.00000000    0.00143155    0.00184130    0.00179493    0.00067130   -0.02425588   -0.01100489    0.00148812    0.01077882    0.00000000 
max(|Fsp_paral|) :   0.00000000    0.00027429    0.00014771    0.00060029    0.00105356    0.00353909    0.00009669    0.00307822    0.06557079    0.00000000 
max(|Fsp_perp|)  :   0.00000000    0.00000000    0.00000000    0.00000000    0.00000000    0.00000000    0.00000000    0.00000000    0.00000000    0.00000000 
max(|FNEB|)      :   0.00000000    0.00037322    0.00078468    0.00117933    0.00191889    0.00174407    0.00204240    0.00107410    0.06773005    0.00000000 
max(|Force|)     :   0.00143996    0.00037653    0.00104004    0.00113272    0.00104099    0.01451730    0.00658803    0.00108377    0.01021086    0.00147434 
ksp              :   0.01000000    0.01000000    0.01000000    0.01000000    0.01000000    0.07259196    0.10000000    0.10000000    0.04391912 
max(|step|)      :   0.00000000    0.00040371    0.00116638    0.00161031    0.00166659    0.00344071    0.00387904    0.00108387    0.06425716    0.00000000 
angle (deg.)     :    18.0598  10.1690  12.0615  31.0021  81.5032  14.7168  30.2217  68.5597 
>
iteration       : 44
climbing        : yes
zoom on         : no
nim             : 10
barrier         :   0.00413609 (image:  7) 
distance        :   0.00000000    2.76056626    5.63422211    8.55904442   11.69330742   15.26269074   15.83905705   16.26930173   16.86978656   21.21119318 
energy          : -1076.02932667  -1076.03394171  -1076.03844086  -1076.04380356  -1076.04835314  -1076.03729985  -1076.02651027  -1076.02519057  -1076.02976127  -1076.07385981 
max(|Fr_perp|)   :   0.00000000    0.00018842    0.00062661    0.00064746    0.00050965    0.00229983    0.00092473    0.00040170    0.00310939    0.00000000 
Fr_paral         :   0.00000000    0.00143055    0.00183324    0.00181776    0.00065670   -0.02443649   -0.01132109    0.00157796    0.01600308    0.00000000 
max(|Fsp_paral|) :   0.00000000    0.00027923    0.00013980    0.00059780    0.00108060    0.00279234    0.00104356    0.00848383    0.00788917    0.00000000 
max(|Fsp_perp|)  :   0.00000000    0.00000000    0.00000000    0.00000000    0.00000000    0.00000000    0.00000000    0.00000000    0.00000000    0.00000000 
max(|FNEB|)      :   0.00000000    0.00028946    0.00072212    0.00099630    0.00121347    0.00127328    0.00054581    0.00079130    0.00626532    0.00000000 
max(|Force|)     :   0.00143996    0.00033180    0.00098116    0.00095494    0.00045601    0.01495529    0.00674201    0.00092548    0.01069914    0.00147434 
ksp              :   0.01000000    0.01000000    0.01000000    0.01000000    0.01000000    0.07128380    0.10000000    0.10000000    0.01000000 
max(|step|)      :   0.00000000    0.00056658    0.00140643    0.00194965    0.00244589    0.00330605    0.00135722    0.00160850    0.00910474    0.00000000 
angle (deg.)     :    18.0900  10.1832  12.1004  31.1239  80.7350  14.1591  30.1650  68.1412 
>
iteration       : 45
climbing        : yes
zoom on         : no
nim             : 10
barrier         :   0.00413774 (image:  7) 
distance        :   0.00000000    2.76282875    5.63549732    8.56366620   11.70355180   15.25992753   15.83169519   16.25898629   16.85159511   21.19337715 
energy          : -1076.02932667  -1076.03394669  -1076.03844789  -1076.04381737  -1076.04836759  -1076.03721678  -1076.02651776  -1076.02518893  -1076.02961109  -1076.07385981 
max(|Fr_perp|)   :   0.00000000    0.00018906    0.00063528    0.00064923    0.00048381    0.00236634    0.00088015    0.00037798    0.00273231    0.00000000 
Fr_paral         :   0.00000000    0.00143111    0.00183397    0.00181644    0.00065018   -0.02457502   -0.01133745    0.00152956    0.01576222    0.00000000 
max(|Fsp_paral|) :   0.00000000    0.00027109    0.00015168    0.00060435    0.00103358    0.00264303    0.00111890    0.00819886    0.00755679    0.00000000 
max(|Fsp_perp|)  :   0.00000000    0.00000000    0.00000000    0.00000000    0.00000000    0.00000000    0.00000000    0.00000000    0.00000000    0.00000000 
max(|FNEB|)      :   0.00000000    0.00028838    0.00073934    0.00100190    0.00116984    0.00095557    0.00050428    0.00075412    0.00548888    0.00000000 
max(|Force|)     :   0.00143996    0.00033499    0.00099062    0.00095649    0.00043046    0.01513458    0.00673833    0.00090401    0.01025054    0.00147434 
ksp              :   0.01000000    0.01000000    0.01000000    0.01000000    0.01000000    0.07109671    0.10000000    0.10000000    0.01000000 
max(|step|)      :   0.00000000    0.00945181    0.02500374    0.03334062    0.03625082    0.02901074    0.01589650    0.02402147    0.09525095    0.00000000 
angle (deg.)     :    18.5881  10.4353  12.7404  32.8803  71.4984  14.7791  31.4008  63.6680 
>
iteration       : 46
climbing        : yes
zoom on         : no
nim             : 10
barrier         :   0.00420013 (image:  7) 
distance        :   0.00000000    2.79851295    5.66115196    8.64441355   11.86306310   15.24653733   15.79891861   16.16583185   16.68066041   21.03201252 
energy          : -1076.02932667  -1076.03402091  -1076.03856245  -1076.04403305  -1076.04853680  -1076.03616974  -1076.02636859  -1076.02512654  -1076.02666124  -1076.07385981 
max(|Fr_perp|)   :   0.00000000    0.00153887    0.00163541    0.00200998    0.00272548    0.00900651    0.00836122    0.00658064    0.01642117    0.00000000 
Fr_paral         :   0.00000000    0.00144011    0.00189354    0.00172887    0.00059151   -0.02452334   -0.01053062    0.00069515    0.00655031    0.00000000 
max(|Fsp_paral|) :   0.00000000    0.00015719    0.00033094    0.00067308    0.00040538    0.00367008    0.00207388    0.00630021    0.10838977    0.00000000 
max(|Fsp_perp|)  :   0.00000000    0.00000000    0.00000000    0.00000000    0.00000000    0.00000000    0.00000000    0.00000000    0.00000000    0.00000000 
max(|FNEB|)      :   0.00000000    0.00153512    0.00163005    0.00201331    0.00284362    0.00917377    0.00841014    0.00657531    0.11057605    0.00000000 
max(|Force|)     :   0.00143996    0.00153693    0.00163305    0.00201030    0.00272453    0.01512483    0.00837815    0.00658597    0.01633366    0.00147434 
ksp              :   0.01000000    0.01000000    0.01000000    0.01000000    0.01000000    0.07338546    0.10000000    0.10000000    0.06711444 
max(|step|)      :   0.00000000    0.00714643    0.01904193    0.02521762    0.02690894    0.02134694    0.01131952    0.01795731    0.07430370    0.00000000 
angle (deg.)     :    18.2118  10.2443  12.2561  31.5562  78.1836  12.7987  29.7488  66.8071 
>
iteration       : 47
climbing        : yes
zoom on         : no
nim             : 10
barrier         :   0.00414476 (image:  7) 
distance        :   0.00000000    2.77168086    5.64145789    8.58314792   11.74323935   15.25400558   15.81371398   16.22821831   16.81463811   21.14915760 
energy          : -1076.02932667  -1076.03396617  -1076.03847727  -1076.04387307  -1076.04841974  -1076.03693256  -1076.02652875  -1076.02518190  -1076.02936790  -1076.07385981 
max(|Fr_perp|)   :   0.00000000    0.00018834    0.00064309    0.00063846    0.00046561    0.00235397    0.00073297    0.00030872    0.00220996    0.00000000 
Fr_paral         :   0.00000000    0.00143391    0.00184172    0.00180806    0.00062639   -0.02485409   -0.01131409    0.00132060    0.01528075    0.00000000 
max(|Fsp_paral|) :   0.00000000    0.00024171    0.00019673    0.00062369    0.00086816    0.00236722    0.00099642    0.00841985    0.00735032    0.00000000 
max(|Fsp_perp|)  :   0.00000000    0.00000000    0.00000000    0.00000000    0.00000000    0.00000000    0.00000000    0.00000000    0.00000000    0.00000000 
max(|FNEB|)      :   0.00000000    0.00026584    0.00076891    0.00100228    0.00116222    0.00048186    0.00040642    0.00062314    0.00517304    0.00000000 
max(|Force|)     :   0.00143996    0.00032809    0.00096725    0.00094423    0.00045745    0.01544553    0.00670954    0.00080224    0.00944359    0.00147434 
ksp              :   0.01000000    0.01000000    0.01000000    0.01000000    0.01000000    0.07075433    0.10000000    0.10000000    0.01000000 
max(|step|)      :   0.00000000    0.00143529    0.00372686    0.00509403    0.00588959    0.00462116    0.00284666    0.00374397    0.01295599    0.00000000 
angle (deg.)     :    18.2879  10.2853  12.3551  31.8297  76.6364  12.5659  29.6885  66.0350 
>
iteration       : 48
climbing        : yes
zoom on         : no
nim             : 10
barrier         :   0.00414884 (image:  7) 
distance        :   0.00000000    2.77718543    5.64527865    8.59540451   11.76789139   15.25103062   15.80461509   16.21124366   16.79387722   21.12456290 
energy          : -1076.02932667  -1076.03397817  -1076.03849544  -1076.04390720  -1076.04845030  -1076.03675664  -1076.02653413  -1076.02517783  -1076.02919584  -1076.07385981 
max(|Fr_perp|)   :   0.00000000    0.00018784    0.00063550    0.00062982    0.00046531    0.00237896    0.00064113    0.00026905    0.00205172    0.00000000 
Fr_paral         :   0.00000000    0.00143532    0.00184304    0.00180597    0.00060936   -0.02495447   -0.01129666    0.00118463    0.01490477    0.00000000 
max(|Fsp_paral|) :   0.00000000    0.00022376    0.00022455    0.00063515    0.00076781    0.00224806    0.00085867    0.00854318    0.00128450    0.00000000 
max(|Fsp_perp|)  :   0.00000000    0.00000000    0.00000000    0.00000000    0.00000000    0.00000000    0.00000000    0.00000000    0.00000000    0.00000000 
max(|FNEB|)      :   0.00000000    0.00025711    0.00077995    0.00100026    0.00101617    0.00038412    0.00032283    0.00054156    0.00121309    0.00000000 
max(|Force|)     :   0.00143996    0.00032894    0.00096391    0.00093520    0.00040694    0.01561143    0.00668601    0.00073514    0.00892330    0.00147434 
ksp              :   0.01000000    0.01000000    0.01000000    0.01000000    0.01000000    0.07057803    0.10000000    0.10000000    0.01283793 
max(|step|)      :   0.00000000    0.00216224    0.00586989    0.00782453    0.00842699    0.00543014    0.00380937    0.00530605    0.01205427    0.00000000 
angle (deg.)     :    18.4023  10.3503  12.5031  32.1964  74.7454  12.8258  29.6844  65.1384 
>
iteration       : 49
climbing        : yes
zoom on         : no
nim             : 10
barrier         :   0.00415374 (image:  7) 
distance        :   0.00000000    2.78525069    5.65168599    8.61445600   11.80375353   15.25029652   15.79835717   16.19322143   16.77916714   21.10178321 
energy          : -1076.02932667  -1076.03399587  -1076.03852399  -1076.04395912  -1076.04849358  -1076.03654614  -1076.02653494  -1076.02517293  -1076.02906912  -1076.07385981 
max(|Fr_perp|)   :   0.00000000    0.00018962    0.00064462    0.00063147    0.00048367    0.00227347    0.00060692    0.00053941    0.00180156    0.00000000 
Fr_paral         :   0.00000000    0.00143774    0.00184834    0.00179856    0.00058876   -0.02496841   -0.01123862    0.00097710    0.01459884    0.00000000 
max(|Fsp_paral|) :   0.00000000    0.00019951    0.00026393    0.00064729    0.00063454    0.00223053    0.00046127    0.00918806    0.00421013    0.00000000 
max(|Fsp_perp|)  :   0.00000000    0.00000000    0.00000000    0.00000000    0.00000000    0.00000000    0.00000000    0.00000000    0.00000000    0.00000000 
max(|FNEB|)      :   0.00000000    0.00025070    0.00081583    0.00100877    0.00096935    0.00084452    0.00067163    0.00054470    0.00579176    0.00000000 
max(|Force|)     :   0.00143996    0.00032686    0.00097449    0.00093548    0.00048756    0.01563913    0.00664518    0.00064837    0.00858446    0.00147434 
ksp              :   0.01000000    0.01000000    0.01000000    0.01000000    0.01000000    0.07048907    0.10000000    0.10000000    0.01558041 
max(|step|)      :   0.00000000    0.00294745    0.00825958    0.01089082    0.01134046    0.00568217    0.00499871    0.00689719    0.01031160    0.00000000 
angle (deg.)     :    18.5587  10.4483  12.7066  32.6568  72.6299  13.9430  29.7594  64.1203 
>
iteration       : 50
climbing        : yes
zoom on         : no
nim             : 10
barrier         :   0.00415681 (image:  7) 
distance        :   0.00000000    2.79604672    5.66122092    8.64118579   11.85147561   15.25343249   15.79615403   16.17640832   16.77497639   21.08379119 
energy          : -1076.02932667  -1076.03401978  -1076.03856453  -1076.04403077  -1076.04855037  -1076.03630420  -1076.02654266  -1076.02516986  -1076.02902344  -1076.07385981 
max(|Fr_perp|)   :   0.00000000    0.00019284    0.00064056    0.00061774    0.00053402    0.00211440    0.00054832    0.00027694    0.00187474    0.00000000 
Fr_paral         :   0.00000000    0.00144113    0.00185044    0.00179514    0.00055783   -0.02487876   -0.01119057    0.00068938    0.01444746    0.00000000 
max(|Fsp_paral|) :   0.00000000    0.00016950    0.00031487    0.00065845    0.00047156    0.00222772    0.00006250    0.01040172    0.00551642    0.00000000 
max(|Fsp_perp|)  :   0.00000000    0.00000000    0.00000000    0.00000000    0.00000000    0.00000000    0.00000000    0.00000000    0.00000000    0.00000000 
max(|FNEB|)      :   0.00000000    0.00024567    0.00086568    0.00100121    0.00066394    0.00095568    0.00059634    0.00049783    0.00705528    0.00000000 
max(|Force|)     :   0.00143996    0.00033612    0.00100969    0.00092101    0.00047348    0.01556216    0.00660468    0.00051303    0.00844531    0.00147434 
ksp              :   0.01000000    0.01000000    0.01000000    0.01000000    0.01000000    0.07027713    0.10000000    0.10000000    0.01656531 
max(|step|)      :   0.00000000    0.01103841    0.03214886    0.04120395    0.03999864    0.01430107    0.01885160    0.02443147    0.02980226    0.00000000 
angle (deg.)     :    19.1458  10.8400  13.4691  34.3567  66.5555  22.0094  31.2098  60.9512 
>
iteration       : 51
climbing        : yes
zoom on         : no
nim             : 10
barrier         :   0.00418656 (image:  7) 
distance        :   0.00000000    2.83561922    5.70009610    8.74350609   12.02575412   15.28251341   15.81296435   16.14892903   16.80540458   21.05878855 
energy          : -1076.02932667  -1076.03410260  -1076.03871521  -1076.04428833  -1076.04873600  -1076.03540975  -1076.02653905  -1076.02514011  -1076.02885830  -1076.07385981 
max(|Fr_perp|)   :   0.00000000    0.00177279    0.00188338    0.00232029    0.00259180    0.01226355    0.00943002    0.00731239    0.00714843    0.00000000 
Fr_paral         :   0.00000000    0.00145035    0.00188714    0.00173116    0.00047076   -0.02383764   -0.01111295   -0.00022861    0.01370123    0.00000000 
max(|Fsp_paral|) :   0.00000000    0.00007017    0.00049290    0.00068398    0.00006216    0.00246862    0.00190801    0.01477702    0.00925540    0.00000000 
max(|Fsp_perp|)  :   0.00000000    0.00000000    0.00000000    0.00000000    0.00000000    0.00000000    0.00000000    0.00000000    0.00000000    0.00000000 
max(|FNEB|)      :   0.00000000    0.00176996    0.00187727    0.00232361    0.00259490    0.01244148    0.00946781    0.00731280    0.01077684    0.00000000 
max(|Force|)     :   0.00143996    0.00177094    0.00188118    0.00232060    0.00259159    0.01528018    0.00942736    0.00731197    0.00796503    0.00147434 
ksp              :   0.01000000    0.01000000    0.01000000    0.01000000    0.01000000    0.06992643    0.10000000    0.10000000    0.02006869 
max(|step|)      :   0.00000000    0.00253053    0.00781879    0.00988879    0.00935039    0.00642066    0.00479368    0.00511808    0.00484644    0.00000000 
angle (deg.)     :    19.2811  10.9514  13.6456  34.6750  65.8057  23.4955  31.4879  60.3607 
>
iteration       : 52
climbing        : yes
zoom on         : no
nim             : 10
barrier         :   0.00413690 (image:  7) 
distance        :   0.00000000    2.84441028    5.71044590    8.76826957   12.06399689   15.29511516   15.82244955   16.15186689   16.82712919   21.06475041 
energy          : -1076.02932667  -1076.03412665  -1076.03875926  -1076.04435658  -1076.04878892  -1076.03542983  -1076.02665782  -1076.02518977  -1076.02907162  -1076.07385981 
max(|Fr_perp|)   :   0.00000000    0.00030643    0.00066471    0.00061456    0.00063490    0.00351280    0.00157005    0.00123902    0.00349453    0.00000000 
Fr_paral         :   0.00000000    0.00145698    0.00187923    0.00174698    0.00044304   -0.02375183   -0.01139546   -0.00058003    0.01429232    0.00000000 
max(|Fsp_paral|) :   0.00000000    0.00005248    0.00052881    0.00068151    0.00015729    0.00195294    0.00161425    0.01589177    0.00076455    0.00000000 
max(|Fsp_perp|)  :   0.00000000    0.00000000    0.00000000    0.00000000    0.00000000    0.00000000    0.00000000    0.00000000    0.00000000    0.00000000 
max(|FNEB|)      :   0.00000000    0.00030386    0.00106042    0.00100915    0.00077127    0.00307528    0.00209725    0.00123616    0.00316968    0.00000000 
max(|Force|)     :   0.00143996    0.00034585    0.00105679    0.00090853    0.00062689    0.01516335    0.00672734    0.00124187    0.00819458    0.00147434 
ksp              :   0.01000000    0.01000000    0.01000000    0.01000000    0.01000000    0.06806199    0.10000000    0.10000000    0.01554870 
max(|step|)      :   0.00000000    0.00256670    0.00650134    0.00897664    0.01035379    0.00936602    0.00477538    0.00685559    0.01705133    0.00000000 
angle (deg.)     :    19.1406  10.8702  13.4508  34.0129  68.3134  19.1496  30.5246  61.1266 
>
iteration       : 53
climbing        : yes
zoom on         : no
nim             : 10
barrier         :   0.00414209 (image:  7) 
distance        :   0.00000000    2.83424162    5.70372552    8.74609697   12.01819574   15.29650617   15.82343454   16.16851317   16.83182639   21.08097869 
energy          : -1076.02932667  -1076.03410576  -1076.03872989  -1076.04430251  -1076.04874881  -1076.03578671  -1076.02667713  -1076.02518458  -1076.02924125  -1076.07385981 
max(|Fr_perp|)   :   0.00000000    0.00036826    0.00072569    0.00078332    0.00062456    0.00305374    0.00208337    0.00157947    0.00250576    0.00000000 
Fr_paral         :   0.00000000    0.00145682    0.00188127    0.00178431    0.00045991   -0.02421954   -0.01153348   -0.00027838    0.01465812    0.00000000 
max(|Fsp_paral|) :   0.00000000    0.00008568    0.00047621    0.00065781    0.00001519    0.00154574    0.00060017    0.01489019    0.00744507    0.00000000 
max(|Fsp_perp|)  :   0.00000000    0.00000000    0.00000000    0.00000000    0.00000000    0.00000000    0.00000000    0.00000000    0.00000000    0.00000000 
max(|FNEB|)      :   0.00000000    0.00037108    0.00105057    0.00114583    0.00060993    0.00289177    0.00202808    0.00158153    0.00561131    0.00000000 
max(|Force|)     :   0.00143996    0.00036944    0.00107979    0.00106462    0.00056910    0.01509164    0.00681155    0.00157740    0.00866255    0.00147434 
ksp              :   0.01000000    0.01000000    0.01000000    0.01000000    0.01000000    0.06756949    0.10000000    0.10000000    0.01185588 
max(|step|)      :   0.00000000    0.00060041    0.00255694    0.00255756    0.00176917    0.00597657    0.00224778    0.00122660    0.00680728    0.00000000 
angle (deg.)     :    19.1671  10.9079  13.4755  33.8663  69.3221  17.7695  30.4071  61.1973 
>
iteration       : 54
climbing        : yes
zoom on         : no
nim             : 10
barrier         :   0.00413806 (image:  7) 
distance        :   0.00000000    2.83524109    5.70844734    8.75313926   12.02160526   15.30794017   15.83423437   16.18315142   16.84716701   21.09544072 
energy          : -1076.02932667  -1076.03410923  -1076.03874463  -1076.04432071  -1076.04875905  -1076.03595033  -1076.02671697  -1076.02518861  -1076.02929629  -1076.07385981 
max(|Fr_perp|)   :   0.00000000    0.00032116    0.00066120    0.00058589    0.00063410    0.00263261    0.00184627    0.00140966    0.00210919    0.00000000 
Fr_paral         :   0.00000000    0.00145727    0.00187423    0.00177692    0.00045990   -0.02430862   -0.01169385   -0.00028180    0.01472008    0.00000000 
max(|Fsp_paral|) :   0.00000000    0.00009226    0.00047242    0.00064079    0.00004377    0.00124511    0.00013343    0.01481715    0.00978902    0.00000000 
max(|Fsp_perp|)  :   0.00000000    0.00000000    0.00000000    0.00000000    0.00000000    0.00000000    0.00000000    0.00000000    0.00000000    0.00000000 
max(|FNEB|)      :   0.00000000    0.00032403    0.00101264    0.00093875    0.00059554    0.00240006    0.00179079    0.00141167    0.00777976    0.00000000 
max(|Force|)     :   0.00143996    0.00035389    0.00105001    0.00086582    0.00057017    0.01499492    0.00690513    0.00140765    0.00874253    0.00147434 
ksp              :   0.01000000    0.01000000    0.01000000    0.01000000    0.01000000    0.06675911    0.10000000    0.10000000    0.01066060 
max(|step|)      :   0.00000000    0.00909206    0.03325588    0.03678059    0.02335295    0.03471408    0.01445012    0.01561954    0.02513755    0.00000000 
angle (deg.)     :    19.6260  11.3694  14.0047  33.7545  73.5489  15.0770  31.4080  60.7754 
>
iteration       : 55
climbing        : yes
zoom on         : no
nim             : 10
barrier         :   0.00410391 (image:  7) 
distance        :   0.00000000    2.86076695    5.76011007    8.84956810   12.12691792   15.40029451   15.92963653   16.28286337   16.96827442   21.19458985 
energy          : -1076.02932667  -1076.03417145  -1076.03891411  -1076.04455235  -1076.04889791  -1076.03671361  -1076.02698722  -1076.02522276  -1076.02922577  -1076.07385981 
max(|Fr_perp|)   :   0.00000000    0.00019148    0.00074203    0.00053149    0.00070511    0.00204237    0.00053899    0.00050778    0.00417425    0.00000000 
Fr_paral         :   0.00000000    0.00147161    0.00189758    0.00174074    0.00041764   -0.02387886   -0.01267064   -0.00076003    0.01389207    0.00000000 
max(|Fsp_paral|) :   0.00000000    0.00009304    0.00052521    0.00053862    0.00000981    0.00015336    0.00159973    0.01573234    0.00742428    0.00000000 
max(|Fsp_perp|)  :   0.00000000    0.00000000    0.00000000    0.00000000    0.00000000    0.00000000    0.00000000    0.00000000    0.00000000    0.00000000 
max(|FNEB|)      :   0.00000000    0.00022402    0.00114434    0.00083965    0.00071109    0.00212065    0.00120848    0.00054944    0.00478849    0.00000000 
max(|Force|)     :   0.00143996    0.00036363    0.00114809    0.00082196    0.00062214    0.01433640    0.00752386    0.00079606    0.00866818    0.00147434 
ksp              :   0.01000000    0.01000000    0.01000000    0.01000000    0.01000000    0.06130482    0.10000000    0.10000000    0.01221265 
max(|step|)      :   0.00000000    0.01421255    0.05021552    0.05626829    0.04090470    0.03482497    0.01791240    0.02062655    0.02148777    0.00000000 
angle (deg.)     :    20.3608  12.1056  14.8797  34.4991  75.1257  15.9860  33.6632  59.8076 
>
iteration       : 56
climbing        : yes
zoom on         : no
nim             : 10
barrier         :   0.00404182 (image:  7) 
distance        :   0.00000000    2.90436147    5.83618680    8.99596006   12.30970138   15.51018665   16.05869760   16.39617335   17.12003097   21.30745032 
energy          : -1076.02932667  -1076.03427047  -1076.03916040  -1076.04488112  -1076.04910711  -1076.03763184  -1076.02720702  -1076.02528485  -1076.02868873  -1076.07385981 
max(|Fr_perp|)   :   0.00000000    0.00033384    0.00107683    0.00112809    0.00092183    0.00229544    0.00169847    0.00096175    0.01349594    0.00000000 
Fr_paral         :   0.00000000    0.00148058    0.00188230    0.00168122    0.00035478   -0.02336900   -0.01332681   -0.00151463    0.01199255    0.00000000 
max(|Fsp_paral|) :   0.00000000    0.00006547    0.00063238    0.00044205    0.00028100    0.00033696    0.00134375    0.01792972    0.01214362    0.00000000 
max(|Fsp_perp|)  :   0.00000000    0.00000000    0.00000000    0.00000000    0.00000000    0.00000000    0.00000000    0.00000000    0.00000000    0.00000000 
max(|FNEB|)      :   0.00000000    0.00035860    0.00158253    0.00113612    0.00091438    0.00241748    0.00172085    0.00095376    0.01567252    0.00000000 
max(|Force|)     :   0.00143996    0.00048379    0.00149840    0.00113903    0.00093596    0.01405269    0.00791220    0.00141461    0.01332065    0.00147434 
ksp              :   0.01000000    0.01000000    0.01000000    0.01000000    0.01000000    0.05719856    0.10000000    0.10000000    0.02420521 
max(|step|)      :   0.00000000    0.00774240    0.02563477    0.03012273    0.02447543    0.00719562    0.01131386    0.01359689    0.01182746    0.00000000 
angle (deg.)     :    20.7706  12.4886  15.3963  35.3549  74.0047  18.1010  35.1220  58.6639 
>
iteration       : 57
climbing        : yes
zoom on         : no
nim             : 10
barrier         :   0.00399215 (image:  7) 
distance        :   0.00000000    2.93035594    5.87331986    9.07434094   12.42113625   15.56174177   16.10767335   16.42951934   17.18901872   21.34323679 
energy          : -1076.02932667  -1076.03432623  -1076.03928184  -1076.04504598  -1076.04921927  -1076.03765604  -1076.02731192  -1076.02533452  -1076.02907668  -1076.07385981 
max(|Fr_perp|)   :   0.00000000    0.00041553    0.00144080    0.00137571    0.00075380    0.00308740    0.00128231    0.00105525    0.00742653    0.00000000 
Fr_paral         :   0.00000000    0.00148636    0.00187060    0.00159899    0.00031389   -0.02306703   -0.01363145   -0.00202797    0.01279481    0.00000000 
max(|Fsp_paral|) :   0.00000000    0.00002987    0.00071753    0.00041888    0.00051089    0.00061724    0.00109842    0.02038830    0.00453164    0.00000000 
max(|Fsp_perp|)  :   0.00000000    0.00000000    0.00000000    0.00000000    0.00000000    0.00000000    0.00000000    0.00000000    0.00000000    0.00000000 
max(|FNEB|)      :   0.00000000    0.00042826    0.00202720    0.00138328    0.00113830    0.00323514    0.00131679    0.00121464    0.00739760    0.00000000 
max(|Force|)     :   0.00143996    0.00053941    0.00186954    0.00138619    0.00076519    0.01384672    0.00810058    0.00182915    0.00863791    0.00147434 
ksp              :   0.01000000    0.01000000    0.01000000    0.01000000    0.01000000    0.05542088    0.10000000    0.10000000    0.01563581 
max(|step|)      :   0.00000000    0.00410483    0.01422185    0.01563789    0.01191763    0.00557703    0.00501572    0.00618553    0.01016614    0.00000000 
angle (deg.)     :    20.9765  12.6952  15.6359  35.7870  73.4910  18.6005  35.7349  58.2151 
>
iteration       : 58
climbing        : yes
zoom on         : no
nim             : 10
barrier         :   0.00396337 (image:  7) 
distance        :   0.00000000    2.94315599    5.89401430    9.11414173   12.47487301   15.58731480   16.13805535   16.45236246   17.22186907   21.36371773 
energy          : -1076.02932667  -1076.03435433  -1076.03934943  -1076.04513163  -1076.04927808  -1076.03788271  -1076.02734551  -1076.02536330  -1076.02917946  -1076.07385981 
max(|Fr_perp|)   :   0.00000000    0.00024760    0.00083012    0.00051839    0.00072050    0.00242170    0.00066904    0.00106139    0.00324484    0.00000000 
Fr_paral         :   0.00000000    0.00149600    0.00192789    0.00161071    0.00030119   -0.02313866   -0.01370420   -0.00224656    0.01302387    0.00000000 
max(|Fsp_paral|) :   0.00000000    0.00001819    0.00074950    0.00040414    0.00061521    0.00045076    0.00065475    0.02119883    0.00890268    0.00000000 
max(|Fsp_perp|)  :   0.00000000    0.00000000    0.00000000    0.00000000    0.00000000    0.00000000    0.00000000    0.00000000    0.00000000    0.00000000 
max(|FNEB|)      :   0.00000000    0.00025625    0.00144986    0.00065552    0.00120159    0.00232215    0.00099625    0.00125974    0.00666552    0.00000000 
max(|Force|)     :   0.00143996    0.00040177    0.00127748    0.00069410    0.00076737    0.01390568    0.00815590    0.00192104    0.00850731    0.00147434 
ksp              :   0.01000000    0.01000000    0.01000000    0.01000000    0.01000000    0.05498807    0.10000000    0.10000000    0.01334289 
max(|step|)      :   0.00000000    0.00708191    0.02581556    0.02731285    0.01890922    0.01830337    0.00777828    0.00889475    0.00846490    0.00000000 
angle (deg.)     :    21.3288  13.0901  16.0335  36.2802  74.0495  18.4866  36.6233  57.9280 
>
iteration       : 59
climbing        : yes
zoom on         : no
nim             : 10
barrier         :   0.00391797 (image:  7) 
distance        :   0.00000000    2.96418995    5.93447629    9.18571828   12.56120905   15.64193371   16.20991159   16.51775857   17.30009646   21.42545306 
energy          : -1076.02932667  -1076.03440084  -1076.03947241  -1076.04527456  -1076.04937342  -1076.03857129  -1076.02742677  -1076.02540870  -1076.02913281  -1076.07385981 
max(|Fr_perp|)   :   0.00000000    0.00020830    0.00063818    0.00037747    0.00064854    0.00176732    0.00072440    0.00105560    0.00394399    0.00000000 
Fr_paral         :   0.00000000    0.00150359    0.00195154    0.00159988    0.00029269   -0.02302658   -0.01393105   -0.00252869    0.01286510    0.00000000 
max(|Fsp_paral|) :   0.00000000    0.00001432    0.00078332    0.00035729    0.00073271    0.00018007    0.00018207    0.02202060    0.00758563    0.00000000 
max(|Fsp_perp|)  :   0.00000000    0.00000000    0.00000000    0.00000000    0.00000000    0.00000000    0.00000000    0.00000000    0.00000000    0.00000000 
max(|FNEB|)      :   0.00000000    0.00021310    0.00124846    0.00056567    0.00121816    0.00192979    0.00073628    0.00135537    0.00580973    0.00000000 
max(|Force|)     :   0.00143996    0.00037656    0.00106135    0.00061913    0.00059422    0.01392841    0.00827723    0.00201307    0.00841535    0.00147434 
ksp              :   0.01000000    0.01000000    0.01000000    0.01000000    0.01000000    0.05364257    0.10000000    0.10000000    0.01445317 
max(|step|)      :   0.00000000    0.02142259    0.08190961    0.07999222    0.05053660    0.05795099    0.02312981    0.02329622    0.02371028    0.00000000 
angle (deg.)     :    22.3783  14.3888  17.1160  37.9321  76.3644  17.7880  37.3134  57.7150 
>
iteration       : 60
climbing        : yes
zoom on         : no
nim             : 10
barrier         :   0.00379844 (image:  7) 
distance        :   0.00000000    3.02658227    6.07161595    9.40548748   12.80558492   15.81972260   16.45663419   16.76089262   17.56043549   21.64538984 
energy          : -1076.02932667  -1076.03453719  -1076.03985958  -1076.04565780  -1076.04962754  -1076.04085076  -1076.02771120  -1076.02552823  -1076.02898395  -1076.07385981 
max(|Fr_perp|)   :   0.00000000    0.00070367    0.00220087    0.00326574    0.00183633    0.00189950    0.00156195    0.00072189    0.00606394    0.00000000 
Fr_paral         :   0.00000000    0.00149677    0.00180466    0.00136913    0.00034750   -0.02026345   -0.01478177   -0.00311190    0.01256772    0.00000000 
max(|Fsp_paral|) :   0.00000000    0.00004257    0.00080852    0.00019049    0.00097366    0.00031030    0.00018778    0.02270458    0.00242659    0.00000000 
max(|Fsp_perp|)  :   0.00000000    0.00000000    0.00000000    0.00000000    0.00000000    0.00000000    0.00000000    0.00000000    0.00000000    0.00000000 
max(|FNEB|)      :   0.00000000    0.00072266    0.00292099    0.00316783    0.00180267    0.00182467    0.00158819    0.00152022    0.00610995    0.00000000 
max(|Force|)     :   0.00143996    0.00084059    0.00265400    0.00306446    0.00192399    0.01221550    0.00876713    0.00207176    0.00841872    0.00147434 
ksp              :   0.01000000    0.01000000    0.01000000    0.01000000    0.01000000    0.04827683    0.10000000    0.10000000    0.01812034 
max(|step|)      :   0.00000000    0.02312146    0.08860640    0.08344486    0.05237688    0.05534385    0.02363456    0.02448697    0.02443392    0.00000000 
angle (deg.)     :    23.4016  15.7684  18.1244  39.8580  78.4315  18.4749  37.2065  57.7871 
>
iteration       : 61
climbing        : yes
zoom on         : no
nim             : 10
barrier         :   0.00370512 (image:  7) 
distance        :   0.00000000    3.09003938    6.21711828    9.62737833   13.04436095   16.01057367   16.72391540   17.03178343   17.84197090   21.88930822 
energy          : -1076.02932667  -1076.03466856  -1076.04024147  -1076.04596098  -1076.04981495  -1076.04258116  -1076.02799731  -1076.02562155  -1076.02849113  -1076.07385981 
max(|Fr_perp|)   :   0.00000000    0.00071101    0.00203537    0.00536115    0.00347703    0.00461623    0.00268294    0.00141829    0.01078563    0.00000000 
Fr_paral         :   0.00000000    0.00155130    0.00207704    0.00161070    0.00036144   -0.01401934   -0.01563691   -0.00356157    0.01163591    0.00000000 
max(|Fsp_paral|) :   0.00000000    0.00008390    0.00079533    0.00001933    0.00115010    0.00024994    0.00036326    0.02227979    0.01725561    0.00000000 
max(|Fsp_perp|)  :   0.00000000    0.00000000    0.00000000    0.00000000    0.00000000    0.00000000    0.00000000    0.00000000    0.00000000    0.00000000 
max(|FNEB|)      :   0.00000000    0.00074693    0.00269784    0.00536091    0.00431758    0.00454015    0.00268436    0.00151643    0.01983273    0.00000000 
max(|Force|)     :   0.00143996    0.00086294    0.00251645    0.00556720    0.00353303    0.00747627    0.00934990    0.00244133    0.01100503    0.00147434 
ksp              :   0.01000000    0.01000000    0.01000000    0.01000000    0.01000000    0.04229100    0.10000000    0.10000000    0.03029582 
max(|step|)      :   0.00000000    0.00392888    0.01444948    0.01423113    0.00973143    0.00864875    0.00377207    0.00397049    0.00674919    0.00000000 
angle (deg.)     :    23.2426  15.5414  17.9561  39.5441  78.0565  18.0745  36.8009  57.7651 
>
iteration       : 62
climbing        : yes
zoom on         : no
nim             : 10
barrier         :   0.00371650 (image:  7) 
distance        :   0.00000000    3.07994571    6.19434253    9.59196439   13.00554275   15.97900062   16.68022134   16.98767624   17.80583019   21.85204692 
energy          : -1076.02932667  -1076.03464903  -1076.04018863  -1076.04594831  -1076.04980570  -1076.04239630  -1076.02796173  -1076.02561016  -1076.02917749  -1076.07385981 
max(|Fr_perp|)   :   0.00000000    0.00028520    0.00069910    0.00127976    0.00099107    0.00309337    0.00083068    0.00075852    0.00338773    0.00000000 
Fr_paral         :   0.00000000    0.00152638    0.00195260    0.00146804    0.00036373   -0.01534897   -0.01558759   -0.00353678    0.01323723    0.00000000 
max(|Fsp_paral|) :   0.00000000    0.00007827    0.00079504    0.00004589    0.00112225    0.00022630    0.00032544    0.02336362    0.01111315    0.00000000 
max(|Fsp_perp|)  :   0.00000000    0.00000000    0.00000000    0.00000000    0.00000000    0.00000000    0.00000000    0.00000000    0.00000000    0.00000000 
max(|FNEB|)      :   0.00000000    0.00031835    0.00137709    0.00127914    0.00172530    0.00302740    0.00096307    0.00148286    0.00880188    0.00000000 
max(|Force|)     :   0.00143996    0.00043375    0.00116686    0.00133587    0.00104722    0.00844044    0.00926892    0.00237654    0.00810897    0.00147434 
ksp              :   0.01000000    0.01000000    0.01000000    0.01000000    0.01000000    0.04305374    0.10000000    0.10000000    0.01361266 
max(|step|)      :   0.00000000    0.00259533    0.00963623    0.00969867    0.00653555    0.00625583    0.00262030    0.00267971    0.00360784    0.00000000 
angle (deg.)     :    23.1299  15.3892  17.8298  39.3275  77.7656  17.7695  36.7553  57.7618 
>
iteration       : 63
climbing        : yes
zoom on         : no
nim             : 10
barrier         :   0.00372838 (image:  7) 
distance        :   0.00000000    3.07284688    6.17878208    9.56692381   12.97729120   15.95662490   16.64953782   16.95723882   17.76767312   21.82158340 
energy          : -1076.02932667  -1076.03463467  -1076.04014874  -1076.04591581  -1076.04978655  -1076.04223863  -1076.02792750  -1076.02559829  -1076.02915143  -1076.07385981 
max(|Fr_perp|)   :   0.00000000    0.00026136    0.00075078    0.00065171    0.00082753    0.00257854    0.00078522    0.00073964    0.00258926    0.00000000 
Fr_paral         :   0.00000000    0.00151705    0.00191847    0.00141710    0.00036863   -0.01614100   -0.01548399   -0.00345611    0.01317539    0.00000000 
max(|Fsp_paral|) :   0.00000000    0.00007532    0.00079189    0.00006392    0.00109824    0.00026866    0.00025628    0.02300858    0.00969237    0.00000000 
max(|Fsp_perp|)  :   0.00000000    0.00000000    0.00000000    0.00000000    0.00000000    0.00000000    0.00000000    0.00000000    0.00000000    0.00000000 
max(|FNEB|)      :   0.00000000    0.00030551    0.00148477    0.00066500    0.00129418    0.00250065    0.00088896    0.00144486    0.00739348    0.00000000 
max(|Force|)     :   0.00143996    0.00048418    0.00125302    0.00073294    0.00078751    0.00901482    0.00921433    0.00232140    0.00805689    0.00147434 
ksp              :   0.01000000    0.01000000    0.01000000    0.01000000    0.01000000    0.04377470    0.10000000    0.10000000    0.01423013 
max(|step|)      :   0.00000000    0.00132635    0.00459719    0.00596288    0.00456554    0.00400473    0.00233158    0.00275971    0.00383794    0.00000000 
angle (deg.)     :    23.0645  15.3171  17.7224  39.2136  77.4505  17.1828  36.4503  57.8167 
>
iteration       : 64
climbing        : yes
zoom on         : no
nim             : 10
barrier         :   0.00374022 (image:  7) 
distance        :   0.00000000    3.06875770    6.17172101    9.55188621   12.95697148   15.94223050   16.63113127   16.94083609   17.73814877   21.80066158 
energy          : -1076.02932667  -1076.03462661  -1076.04013022  -1076.04589552  -1076.04977514  -1076.04217545  -1076.02790384  -1076.02558645  -1076.02902560  -1076.07385981 
max(|Fr_perp|)   :   0.00000000    0.00029102    0.00067055    0.00069657    0.00070062    0.00198611    0.00076405    0.00072926    0.00241326    0.00000000 
Fr_paral         :   0.00000000    0.00151555    0.00192960    0.00141459    0.00037633   -0.01656746   -0.01541304   -0.00334945    0.01291795    0.00000000 
max(|Fsp_paral|) :   0.00000000    0.00007795    0.00077767    0.00007167    0.00106942    0.00031129    0.00028896    0.02221949    0.00401852    0.00000000 
max(|Fsp_perp|)  :   0.00000000    0.00000000    0.00000000    0.00000000    0.00000000    0.00000000    0.00000000    0.00000000    0.00000000    0.00000000 
max(|FNEB|)      :   0.00000000    0.00032577    0.00138915    0.00071136    0.00114325    0.00189475    0.00088078    0.00139424    0.00270581    0.00000000 
max(|Force|)     :   0.00143996    0.00049445    0.00117409    0.00077737    0.00079648    0.00918409    0.00919999    0.00225555    0.00777881    0.00147434 
ksp              :   0.01000000    0.01000000    0.01000000    0.01000000    0.01000000    0.04423711    0.10000000    0.10000000    0.01724460 
max(|step|)      :   0.00000000    0.00032922    0.00171235    0.00147751    0.00246605    0.00480525    0.00223280    0.00327378    0.00439748    0.00000000 
angle (deg.)     :    23.0611  15.3506  17.6366  39.2340  77.0928  16.2422  35.6581  57.9582 
>
iteration       : 65
climbing        : yes
zoom on         : no
nim             : 10
barrier         :   0.00375207 (image:  7) 
distance        :   0.00000000    3.06858596    6.17587535    9.54973512   12.94645614   15.93794114   16.62869838   16.94277821   17.72461009   21.79363502 
energy          : -1076.02932667  -1076.03462698  -1076.04014022  -1076.04589498  -1076.04977588  -1076.04224199  -1076.02789251  -1076.02557460  -1076.02893227  -1076.07385981 
max(|Fr_perp|)   :   0.00000000    0.00022744    0.00067245    0.00031292    0.00049756    0.00144377    0.00076774    0.00070890    0.00210586    0.00000000 
Fr_paral         :   0.00000000    0.00151937    0.00195577    0.00144360    0.00038890   -0.01656025   -0.01538346   -0.00321829    0.01277609    0.00000000 
max(|Fsp_paral|) :   0.00000000    0.00008818    0.00074780    0.00006574    0.00103288    0.00037807    0.00042793    0.02122534    0.00041855    0.00000000 
max(|Fsp_perp|)  :   0.00000000    0.00000000    0.00000000    0.00000000    0.00000000    0.00000000    0.00000000    0.00000000    0.00000000    0.00000000 
max(|FNEB|)      :   0.00000000    0.00028277    0.00130574    0.00032655    0.00109441    0.00140835    0.00094117    0.00132767    0.00255616    0.00000000 
max(|Force|)     :   0.00143996    0.00045340    0.00113747    0.00039551    0.00046510    0.00888300    0.00922593    0.00216927    0.00744312    0.00147434 
ksp              :   0.01000000    0.01000000    0.01000000    0.01000000    0.01000000    0.04440078    0.10000000    0.10000000    0.01946046 
max(|step|)      :   0.00000000    0.00112518    0.00532146    0.00283709    0.00596365    0.01059056    0.00541049    0.00786006    0.00654129    0.00000000 
angle (deg.)     :    23.0700  15.4540  17.4432  39.3285  76.2838  14.4619  33.6503  58.3492 
>
iteration       : 66
climbing        : yes
zoom on         : no
nim             : 10
barrier         :   0.00378036 (image:  7) 
distance        :   0.00000000    3.06930085    6.18846860    9.54804007   12.92454068   15.93101902   16.62857711   16.95351827   17.70780939   21.78563646 
energy          : -1076.02932667  -1076.03463004  -1076.04017037  -1076.04589606  -1076.04977384  -1076.04238241  -1076.02786110  -1076.02554631  -1076.02883552  -1076.07385981 
max(|Fr_perp|)   :   0.00000000    0.00021819    0.00071539    0.00028424    0.00049800    0.00087669    0.00074699    0.00063996    0.00195527    0.00000000 
Fr_paral         :   0.00000000    0.00152078    0.00196215    0.00145379    0.00042378   -0.01634211   -0.01527192   -0.00291791    0.01269180    0.00000000 
max(|Fsp_paral|) :   0.00000000    0.00011354    0.00067432    0.00004867    0.00094486    0.00062423    0.00067506    0.01939035    0.00553567    0.00000000 
max(|Fsp_perp|)  :   0.00000000    0.00000000    0.00000000    0.00000000    0.00000000    0.00000000    0.00000000    0.00000000    0.00000000    0.00000000 
max(|FNEB|)      :   0.00000000    0.00029016    0.00128752    0.00026233    0.00112963    0.00078662    0.00102221    0.00117471    0.00724605    0.00000000 
max(|Force|)     :   0.00143996    0.00044486    0.00118283    0.00041801    0.00042550    0.00852402    0.00926732    0.00195775    0.00711119    0.00147434 
ksp              :   0.01000000    0.01000000    0.01000000    0.01000000    0.01000000    0.04489109    0.10000000    0.10000000    0.02169283 
max(|step|)      :   0.00000000    0.00244174    0.01090304    0.00516966    0.01128047    0.01776532    0.01115034    0.01565115    0.01095347    0.00000000 
angle (deg.)     :    23.0916  15.6796  17.0599  39.5520  74.8312  13.1256  30.0669  59.2824 
>
iteration       : 67
climbing        : yes
zoom on         : no
nim             : 10
barrier         :   0.00383633 (image:  7) 
distance        :   0.00000000    3.07116985    6.21389988    9.54500444   12.88123318   15.91878086   16.63254444   16.98039429   17.69784893   21.78236199 
energy          : -1076.02932667  -1076.03463660  -1076.04022996  -1076.04589164  -1076.04975088  -1076.04252311  -1076.02778279  -1076.02549034  -1076.02886503  -1076.07385981 
max(|Fr_perp|)   :   0.00000000    0.00035688    0.00115417    0.00189218    0.00117134    0.00236766    0.00096906    0.00046587    0.00285733    0.00000000 
Fr_paral         :   0.00000000    0.00153196    0.00200900    0.00152812    0.00047899   -0.01566479   -0.01494310   -0.00232128    0.01301787    0.00000000 
max(|Fsp_paral|) :   0.00000000    0.00016268    0.00052831    0.00001472    0.00076432    0.00129050    0.00099805    0.01668221    0.00588869    0.00000000 
max(|Fsp_perp|)  :   0.00000000    0.00000000    0.00000000    0.00000000    0.00000000    0.00000000    0.00000000    0.00000000    0.00000000    0.00000000 
max(|FNEB|)      :   0.00000000    0.00042569    0.00160391    0.00189981    0.00158638    0.00284216    0.00106447    0.00091523    0.00739177    0.00000000 
max(|Force|)     :   0.00143996    0.00050600    0.00163457    0.00210443    0.00124603    0.00815930    0.00927583    0.00151359    0.00726216    0.00147434 
ksp              :   0.01000000    0.01000000    0.01000000    0.01000000    0.01000000    0.04621921    0.10000000    0.10000000    0.02082987 
max(|step|)      :   0.00000000    0.00445895    0.02178703    0.01166252    0.02232110    0.02748506    0.02074613    0.02796930    0.02362777    0.00000000 
angle (deg.)     :    23.1473  16.0833  16.3970  40.0885  72.6234  16.0074  26.3189  61.3331 
>
iteration       : 68
climbing        : yes
zoom on         : no
nim             : 10
barrier         :   0.00392397 (image:  7) 
distance        :   0.00000000    3.07585357    6.26053567    9.54121451   12.80659312   15.90275431   16.65055556   17.04338885   17.70765430   21.79795752 
energy          : -1076.02932667  -1076.03464978  -1076.04033415  -1076.04586264  -1076.04967141  -1076.04250107  -1076.02760692  -1076.02540270  -1076.02898181  -1076.07385981 
max(|Fr_perp|)   :   0.00000000    0.00089356    0.00184315    0.00462453    0.00303997    0.00548102    0.00258822    0.00117452    0.00673675    0.00000000 
Fr_paral         :   0.00000000    0.00149594    0.00179702    0.00130184    0.00063183   -0.01405768   -0.01416710   -0.00123267    0.01368694    0.00000000 
max(|Fsp_paral|) :   0.00000000    0.00024670    0.00026915    0.00004392    0.00043541    0.00285242    0.00121776    0.01227260    0.00323480    0.00000000 
max(|Fsp_perp|)  :   0.00000000    0.00000000    0.00000000    0.00000000    0.00000000    0.00000000    0.00000000    0.00000000    0.00000000    0.00000000 
max(|FNEB|)      :   0.00000000    0.00100205    0.00206735    0.00462377    0.00304644    0.00673793    0.00250846    0.00109634    0.00676049    0.00000000 
max(|Force|)     :   0.00143996    0.00103850    0.00229097    0.00463082    0.00320255    0.00806532    0.00918571    0.00129993    0.00803353    0.00147434 
ksp              :   0.01000000    0.01000000    0.01000000    0.01000000    0.01000000    0.04944401    0.10000000    0.10000000    0.01790967 
max(|step|)      :   0.00000000    0.00072066    0.00446831    0.00331429    0.00575394    0.01178236    0.00351441    0.00556960    0.00730503    0.00000000 
angle (deg.)     :    23.1440  16.0224  16.5188  39.9967  72.8670  14.8880  26.6752  60.8575 
>
iteration       : 69
climbing        : yes
zoom on         : no
nim             : 10
barrier         :   0.00390190 (image:  7) 
distance        :   0.00000000    3.07594388    6.25175301    9.54216618   12.82127676   15.90710416   16.64393122   17.02701553   17.71396566   21.79480798 
energy          : -1076.02932667  -1076.03464990  -1076.04032015  -1076.04589373  -1076.04971702  -1076.04260403  -1076.02764816  -1076.02542477  -1076.02933550  -1076.07385981 
max(|Fr_perp|)   :   0.00000000    0.00026176    0.00057820    0.00040887    0.00117471    0.00395077    0.00141466    0.00086758    0.00199717    0.00000000 
Fr_paral         :   0.00000000    0.00152164    0.00194424    0.00145942    0.00057171   -0.01531023   -0.01435332   -0.00144232    0.01456478    0.00000000 
max(|Fsp_paral|) :   0.00000000    0.00022646    0.00032137    0.00003244    0.00049644    0.00239453    0.00129128    0.01390626    0.01304152    0.00000000 
max(|Fsp_perp|)  :   0.00000000    0.00000000    0.00000000    0.00000000    0.00000000    0.00000000    0.00000000    0.00000000    0.00000000    0.00000000 
max(|FNEB|)      :   0.00000000    0.00040944    0.00087634    0.00040625    0.00125215    0.00498157    0.00088971    0.00072210    0.01180133    0.00000000 
max(|Force|)     :   0.00143996    0.00049125    0.00108980    0.00047284    0.00115124    0.00834256    0.00909494    0.00101306    0.00798507    0.00147434 
ksp              :   0.01000000    0.01000000    0.01000000    0.01000000    0.01000000    0.04871593    0.10000000    0.10000000    0.01000000 
max(|step|)      :   0.00000000    0.00184541    0.00969918    0.00554155    0.01045716    0.01623709    0.00915428    0.01306537    0.01414253    0.00000000 
angle (deg.)     :    23.1251  15.8423  16.8225  39.7746  73.8302  13.4977  28.4148  59.8239 
>
iteration       : 70
climbing        : yes
zoom on         : no
nim             : 10
barrier         :   0.00386372 (image:  7) 
distance        :   0.00000000    3.07457672    6.23047793    9.54421388   12.85620913   15.91615875   16.63520393   16.99678719   17.70393610   21.78362510 
energy          : -1076.02932667  -1076.03464476  -1076.04026970  -1076.04588895  -1076.04974710  -1076.04255651  -1076.02771628  -1076.02546295  -1076.02910131  -1076.07385981 
max(|Fr_perp|)   :   0.00000000    0.00045266    0.00146279    0.00282280    0.00184635    0.00353767    0.00143806    0.00065198    0.00383678    0.00000000 
Fr_paral         :   0.00000000    0.00153840    0.00204109    0.00156295    0.00050433   -0.01632150   -0.01464421   -0.00195190    0.01378672    0.00000000 
max(|Fsp_paral|) :   0.00000000    0.00018463    0.00044269    0.00000500    0.00064556    0.00171662    0.00109742    0.01577805    0.00383791    0.00000000 
max(|Fsp_perp|)  :   0.00000000    0.00000000    0.00000000    0.00000000    0.00000000    0.00000000    0.00000000    0.00000000    0.00000000    0.00000000 
max(|FNEB|)      :   0.00000000    0.00053117    0.00184067    0.00282296    0.00210278    0.00346236    0.00152081    0.00074843    0.00379687    0.00000000 
max(|Force|)     :   0.00143996    0.00060300    0.00195248    0.00286121    0.00192510    0.00859293    0.00905884    0.00114735    0.00764895    0.00147434 
ksp              :   0.01000000    0.01000000    0.01000000    0.01000000    0.01000000    0.04751178    0.10000000    0.10000000    0.01524941 
max(|step|)      :   0.00000000    0.00094384    0.00432542    0.00221830    0.00427176    0.00355112    0.00384712    0.00481584    0.00263450    0.00000000 
angle (deg.)     :    23.1400  15.9137  16.7055  39.8909  73.3781  13.8185  27.7909  60.1238 
>
iteration       : 71
climbing        : yes
zoom on         : no
nim             : 10
barrier         :   0.00387577 (image:  7) 
distance        :   0.00000000    3.07594618    6.23880679    9.54382910   12.84369116   15.91471451   16.63754901   17.00657820   17.70209873   21.78365012 
energy          : -1076.02932667  -1076.03464852  -1076.04029129  -1076.04589779  -1076.04974633  -1076.04258368  -1076.02768807  -1076.02545089  -1076.02916576  -1076.07385981 
max(|Fr_perp|)   :   0.00000000    0.00022525    0.00071325    0.00056952    0.00067071    0.00213047    0.00107759    0.00047113    0.00156010    0.00000000 
Fr_paral         :   0.00000000    0.00152601    0.00196615    0.00148670    0.00053248   -0.01642381   -0.01452402   -0.00175298    0.01406173    0.00000000 
max(|Fsp_paral|) :   0.00000000    0.00019721    0.00039872    0.00001482    0.00058693    0.00192153    0.00118502    0.01494398    0.00615595    0.00000000 
max(|Fsp_perp|)  :   0.00000000    0.00000000    0.00000000    0.00000000    0.00000000    0.00000000    0.00000000    0.00000000    0.00000000    0.00000000 
max(|FNEB|)      :   0.00000000    0.00033580    0.00105428    0.00056296    0.00088909    0.00286662    0.00087472    0.00066906    0.00476849    0.00000000 
max(|Force|)     :   0.00143996    0.00043746    0.00118602    0.00077259    0.00064835    0.00875123    0.00900695    0.00098815    0.00774273    0.00147434 
ksp              :   0.01000000    0.01000000    0.01000000    0.01000000    0.01000000    0.04805021    0.10000000    0.10000000    0.01373650 
max(|step|)      :   0.00000000    0.00104126    0.00416725    0.00181234    0.00376760    0.00319890    0.00365291    0.00403964    0.00312387    0.00000000 
angle (deg.)     :    23.1603  15.9820  16.6047  40.0289  72.9502  14.1708  27.5174  60.3265 
>
iteration       : 72
climbing        : yes
zoom on         : no
nim             : 10
barrier         :   0.00388440 (image:  7) 
distance        :   0.00000000    3.07795794    6.24623179    9.54388755   12.83368959   15.91571988   16.63944536   17.01434184   17.69393504   21.78000700 
energy          : -1076.02932667  -1076.03465302  -1076.04030910  -1076.04589597  -1076.04974395  -1076.04256185  -1076.02765179  -1076.02544226  -1076.02905994  -1076.07385981 
max(|Fr_perp|)   :   0.00000000    0.00045034    0.00097992    0.00165018    0.00121344    0.00201887    0.00109518    0.00043615    0.00246545    0.00000000 
Fr_paral         :   0.00000000    0.00151383    0.00189266    0.00141069    0.00055925   -0.01677066   -0.01436068   -0.00157529    0.01389162    0.00000000 
max(|Fsp_paral|) :   0.00000000    0.00020480    0.00036288    0.00002255    0.00053341    0.00213056    0.00117846    0.01393783    0.00084900    0.00000000 
max(|Fsp_perp|)  :   0.00000000    0.00000000    0.00000000    0.00000000    0.00000000    0.00000000    0.00000000    0.00000000    0.00000000    0.00000000 
max(|FNEB|)      :   0.00000000    0.00054064    0.00131676    0.00164969    0.00123635    0.00271673    0.00095650    0.00060729    0.00253862    0.00000000 
max(|Force|)     :   0.00143996    0.00059695    0.00147792    0.00165778    0.00135701    0.00906448    0.00890365    0.00090705    0.00767659    0.00147434 
ksp              :   0.01000000    0.01000000    0.01000000    0.01000000    0.01000000    0.04880624    0.10000000    0.10000000    0.01617989 
max(|step|)      :   0.00000000    0.00100683    0.00329327    0.00108581    0.00328708    0.00285023    0.00317618    0.00349591    0.00094862    0.00000000 
angle (deg.)     :    23.1785  16.0489  16.5159  40.1543  72.5821  14.5183  27.3049  60.5261 
>
iteration       : 73
climbing        : yes
zoom on         : no
nim             : 10
barrier         :   0.00389066 (image:  7) 
distance        :   0.00000000    3.07982846    6.25270159    9.54390198   12.82493741   15.91692627   16.64089593   17.02097017   17.69125700   21.77862864 
energy          : -1076.02932667  -1076.03465722  -1076.04032516  -1076.04589643  -1076.04974254  -1076.04253351  -1076.02762070  -1076.02543601  -1076.02905381  -1076.07385981 
max(|Fr_perp|)   :   0.00000000    0.00047577    0.00103797    0.00180511    0.00131551    0.00208847    0.00110190    0.00048513    0.00264443    0.00000000 
Fr_paral         :   0.00000000    0.00151321    0.00188521    0.00140673    0.00057046   -0.01710911   -0.01422364   -0.00142906    0.01394503    0.00000000 
max(|Fsp_paral|) :   0.00000000    0.00021087    0.00033189    0.00002918    0.00048540    0.00229632    0.00119082    0.01329827    0.00016493    0.00000000 
max(|Fsp_perp|)  :   0.00000000    0.00000000    0.00000000    0.00000000    0.00000000    0.00000000    0.00000000    0.00000000    0.00000000    0.00000000 
max(|FNEB|)      :   0.00000000    0.00056893    0.00134614    0.00180456    0.00130879    0.00250903    0.00098396    0.00060287    0.00271343    0.00000000 
max(|Force|)     :   0.00143996    0.00062261    0.00153453    0.00181252    0.00146198    0.00931850    0.00880901    0.00083289    0.00770409    0.00147434 
ksp              :   0.01000000    0.01000000    0.01000000    0.01000000    0.01000000    0.04946303    0.10000000    0.10000000    0.01631181 
max(|step|)      :   0.00000000    0.01410485    0.04220461    0.01256665    0.04207493    0.03744612    0.04061480    0.04452708    0.01403331    0.00000000 
angle (deg.)     :    23.4352  16.9972  15.4235  42.0588  68.0709  20.8112  29.6030  63.7639 
>
iteration       : 74
climbing        : yes
zoom on         : no
nim             : 10
barrier         :   0.00390131 (image:  7) 
distance        :   0.00000000    3.10684477    6.33615912    9.54473917   12.71661067   15.94826005   16.66364380   17.11673188   17.67865200   21.77803569 
energy          : -1076.02932667  -1076.03471673  -1076.04053380  -1076.04590935  -1076.04968991  -1076.04161919  -1076.02720255  -1076.02542536  -1076.02910858  -1076.07385981 
max(|Fr_perp|)   :   0.00000000    0.00028509    0.00051583    0.00040329    0.00086429    0.00449611    0.00160967    0.00231276    0.00322823    0.00000000 
Fr_paral         :   0.00000000    0.00152670    0.00192976    0.00148245    0.00066560   -0.02066765   -0.01239833    0.00053397    0.01501957    0.00000000 
max(|Fsp_paral|) :   0.00000000    0.00027535    0.00005820    0.00010510    0.00015274    0.00452104    0.00159808    0.00509923    0.00277023    0.00000000 
max(|Fsp_perp|)  :   0.00000000    0.00000000    0.00000000    0.00000000    0.00000000    0.00000000    0.00000000    0.00000000    0.00000000    0.00000000 
max(|FNEB|)      :   0.00000000    0.00046882    0.00045805    0.00040240    0.00079225    0.00561911    0.00137707    0.00231966    0.00335700    0.00000000 
max(|Force|)     :   0.00143996    0.00051865    0.00103178    0.00046382    0.00078684    0.01337860    0.00758554    0.00230585    0.00776049    0.00147434 
ksp              :   0.01000000    0.01000000    0.01000000    0.01000000    0.01000000    0.05900175    0.10000000    0.10000000    0.01503119 
max(|step|)      :   0.00000000    0.01033447    0.02836241    0.00842643    0.02488037    0.03585345    0.02487839    0.02684919    0.01609851    0.00000000 
angle (deg.)     :    23.6296  17.6619  14.8235  43.6312  65.8348  23.9484  34.6839  66.5311 
>
iteration       : 75
climbing        : yes
zoom on         : no
nim             : 10
barrier         :   0.00406424 (image:  7) 
distance        :   0.00000000    3.12823388    6.38731841    9.54591857   12.65711863   15.99569833   16.68319797   17.18308761   17.70749365   21.80135464 
energy          : -1076.02932667  -1076.03476047  -1076.04065867  -1076.04590678  -1076.04963252  -1076.03981938  -1076.02682365  -1076.02526243  -1076.02866609  -1076.07385981 
max(|Fr_perp|)   :   0.00000000    0.00082218    0.00124283    0.00131936    0.00111751    0.02178415    0.00967790    0.01535147    0.02337633    0.00000000 
Fr_paral         :   0.00000000    0.00153533    0.00189394    0.00146749    0.00071438   -0.02019662   -0.01104474    0.00143444    0.01303443    0.00000000 
max(|Fsp_paral|) :   0.00000000    0.00029253    0.00028219    0.00013547    0.00057310    0.00532925    0.00249922    0.00114800    0.02587146    0.00000000 
max(|Fsp_perp|)  :   0.00000000    0.00000000    0.00000000    0.00000000    0.00000000    0.00000000    0.00000000    0.00000000    0.00000000    0.00000000 
max(|FNEB|)      :   0.00000000    0.00081861    0.00123956    0.00137571    0.00106177    0.02194626    0.00988616    0.01533875    0.02859813    0.00000000 
max(|Force|)     :   0.00143996    0.00082198    0.00149516    0.00133555    0.00110174    0.02121679    0.00943101    0.01536418    0.02301037    0.00147434 
ksp              :   0.01000000    0.01000000    0.01000000    0.01000000    0.01000000    0.06542783    0.10000000    0.10000000    0.02462806 
max(|step|)      :   0.00000000    0.00435199    0.01243302    0.00386134    0.01109175    0.01347335    0.01100313    0.01187044    0.00921739    0.00000000 
angle (deg.)     :    23.5475  17.3678  15.0761  42.9699  66.8422  22.1814  32.1029  65.2318 
>
iteration       : 76
climbing        : yes
zoom on         : no
nim             : 10
barrier         :   0.00389207 (image:  7) 
distance        :   0.00000000    3.11931319    6.36467154    9.54521730   12.68356788   15.97689572   16.67336238   17.15190306   17.70020531   21.79210099 
energy          : -1076.02932667  -1076.03474281  -1076.04060570  -1076.04591033  -1076.04966314  -1076.04086112  -1076.02704074  -1076.02543460  -1076.02936518  -1076.07385981 
max(|Fr_perp|)   :   0.00000000    0.00028241    0.00060636    0.00047351    0.00091170    0.00730845    0.00315861    0.00549226    0.00819279    0.00000000 
Fr_paral         :   0.00000000    0.00153352    0.00193110    0.00148391    0.00069096   -0.02154559   -0.01172710    0.00115265    0.01565128    0.00000000 
max(|Fsp_paral|) :   0.00000000    0.00028246    0.00018198    0.00012069    0.00039341    0.00498677    0.00206351    0.00329646    0.00730651    0.00000000 
max(|Fsp_perp|)  :   0.00000000    0.00000000    0.00000000    0.00000000    0.00000000    0.00000000    0.00000000    0.00000000    0.00000000    0.00000000 
max(|FNEB|)      :   0.00000000    0.00045100    0.00047909    0.00044936    0.00071966    0.00726978    0.00330647    0.00547945    0.00820247    0.00000000 
max(|Force|)     :   0.00143996    0.00049679    0.00112556    0.00059132    0.00082730    0.01446915    0.00725079    0.00550507    0.00902518    0.00147434 
ksp              :   0.01000000    0.01000000    0.01000000    0.01000000    0.01000000    0.06285964    0.10000000    0.10000000    0.01000000 
max(|step|)      :   0.00000000    0.00844436    0.02375593    0.00722538    0.02120065    0.02676963    0.02107919    0.02277459    0.01635261    0.00000000 
angle (deg.)     :    23.3894  16.8261  15.6025  41.7120  68.8651  19.7580  28.8220  63.0575 
>
iteration       : 77
climbing        : yes
zoom on         : no
nim             : 10
barrier         :   0.00401164 (image:  7) 
distance        :   0.00000000    3.10203425    6.32142547    9.54435540   12.73516088   15.94188641   16.65895507   17.09868943   17.67738064   21.77528040 
energy          : -1076.02932667  -1076.03470579  -1076.04049640  -1076.04590718  -1076.04970452  -1076.04156569  -1076.02723329  -1076.02531503  -1076.02872164  -1076.07385981 
max(|Fr_perp|)   :   0.00000000    0.00053717    0.00083174    0.00101211    0.00072519    0.01439750    0.00668654    0.01054031    0.01554163    0.00000000 
Fr_paral         :   0.00000000    0.00152622    0.00196171    0.00150564    0.00064546   -0.01930192   -0.01262973    0.00011567    0.01369948    0.00000000 
max(|Fsp_paral|) :   0.00000000    0.00026422    0.00000993    0.00009202    0.00004067    0.00401998    0.00162584    0.00642660    0.01944134    0.00000000 
max(|Fsp_perp|)  :   0.00000000    0.00000000    0.00000000    0.00000000    0.00000000    0.00000000    0.00000000    0.00000000    0.00000000    0.00000000 
max(|FNEB|)      :   0.00000000    0.00054023    0.00083928    0.00097160    0.00073222    0.01464610    0.00660598    0.01054183    0.01968070    0.00000000 
max(|Force|)     :   0.00143996    0.00053701    0.00131319    0.00120385    0.00073693    0.01416011    0.00776872    0.01053879    0.01543374    0.00147434 
ksp              :   0.01000000    0.01000000    0.01000000    0.01000000    0.01000000    0.05696443    0.10000000    0.10000000    0.02357373 
max(|step|)      :   0.00000000    0.00656311    0.01790065    0.00530913    0.01552509    0.02347318    0.01558713    0.01680357    0.01175785    0.00000000 
angle (deg.)     :    23.5125  17.2303  15.2044  42.7006  67.4352  21.1377  30.9155  64.4937 
>
iteration       : 78
climbing        : yes
zoom on         : no
nim             : 10
barrier         :   0.00387766 (image:  7) 
distance        :   0.00000000    3.11565077    6.35336376    9.54483873   12.69760176   15.97178622   16.66890039   17.13659003   17.69265378   21.78469663 
energy          : -1076.02932667  -1076.03473508  -1076.04057872  -1076.04591075  -1076.04967819  -1076.04109683  -1076.02711202  -1076.02544900  -1076.02937802  -1076.07385981 
max(|Fr_perp|)   :   0.00000000    0.00025503    0.00049693    0.00026349    0.00078650    0.00457802    0.00161232    0.00105720    0.00151664    0.00000000 
Fr_paral         :   0.00000000    0.00153228    0.00194541    0.00149051    0.00067961   -0.02151405   -0.01199454    0.00092319    0.01576448    0.00000000 
max(|Fsp_paral|) :   0.00000000    0.00027383    0.00012981    0.00011077    0.00030872    0.00463657    0.00202250    0.00417110    0.00761597    0.00000000 
max(|Fsp_perp|)  :   0.00000000    0.00000000    0.00000000    0.00000000    0.00000000    0.00000000    0.00000000    0.00000000    0.00000000    0.00000000 
max(|FNEB|)      :   0.00000000    0.00044109    0.00038110    0.00026560    0.00063813    0.00558308    0.00078035    0.00104604    0.00724302    0.00000000 
max(|Force|)     :   0.00143996    0.00049270    0.00097893    0.00050710    0.00070493    0.01392474    0.00739703    0.00106837    0.00849300    0.00147434 
ksp              :   0.01000000    0.01000000    0.01000000    0.01000000    0.01000000    0.06140159    0.10000000    0.10000000    0.01000000 
max(|step|)      :   0.00000000    0.00035058    0.00055646    0.00014977    0.00049582    0.00325629    0.00045044    0.00032891    0.00249897    0.00000000 
angle (deg.)     :    23.5193  17.2420  15.1957  42.7643  67.4781  20.9215  30.8563  64.4130 
>
iteration       : 79
climbing        : yes
zoom on         : no
nim             : 10
barrier         :   0.00387690 (image:  7) 
distance        :   0.00000000    3.11652906    6.35380209    9.54477433   12.69768628   15.97568470   16.66897711   17.13657722   17.68859738   21.78160625 
energy          : -1076.02932667  -1076.03473681  -1076.04058042  -1076.04591091  -1076.04967946  -1076.04101966  -1076.02710755  -1076.02544977  -1076.02931824  -1076.07385981 
max(|Fr_perp|)   :   0.00000000    0.00025527    0.00048972    0.00024805    0.00073505    0.00444884    0.00161022    0.00126016    0.00184118    0.00000000 
Fr_paral         :   0.00000000    0.00153257    0.00194512    0.00149044    0.00068026   -0.02159646   -0.01197102    0.00092906    0.01560075    0.00000000 
max(|Fsp_paral|) :   0.00000000    0.00027083    0.00013000    0.00010890    0.00031778    0.00455849    0.00209665    0.00398097    0.00697472    0.00000000 
max(|Fsp_perp|)  :   0.00000000    0.00000000    0.00000000    0.00000000    0.00000000    0.00000000    0.00000000    0.00000000    0.00000000    0.00000000 
max(|FNEB|)      :   0.00000000    0.00043938    0.00037369    0.00025011    0.00058193    0.00538763    0.00083890    0.00124899    0.00659980    0.00000000 
max(|Force|)     :   0.00143996    0.00049309    0.00097187    0.00050686    0.00065322    0.01389271    0.00739900    0.00127132    0.00839922    0.00147434 
ksp              :   0.01000000    0.01000000    0.01000000    0.01000000    0.01000000    0.06151557    0.10000000    0.10000000    0.01019572 
max(|step|)      :   0.00000000    0.00709617    0.00838420    0.00334052    0.00874876    0.07510495    0.01266055    0.00765604    0.04744519    0.00000000 
angle (deg.)     :    23.6578  17.4099  15.1077  44.0595  70.1962  15.7029  28.6620  62.0093 
>
iteration       : 80
climbing        : yes
zoom on         : no
nim             : 10
barrier         :   0.00386401 (image:  7) 
distance        :   0.00000000    3.13514785    6.35372923    9.54298768   12.71494689   16.06979176   16.68254388   17.13391683   17.63000232   21.73196960 
energy          : -1076.02932667  -1076.03477289  -1076.04059567  -1076.04591153  -1076.04970039  -1076.03905218  -1076.02701123  -1076.02546266  -1076.02834238  -1076.07385981 
max(|Fr_perp|)   :   0.00000000    0.00026265    0.00055602    0.00019240    0.00058829    0.00374443    0.00162737    0.00118984    0.00844064    0.00000000 
Fr_paral         :   0.00000000    0.00153793    0.00195872    0.00149311    0.00067613   -0.02242963   -0.01142121    0.00083878    0.01243594    0.00000000 
max(|Fsp_paral|) :   0.00000000    0.00018654    0.00008241    0.00004949    0.00045511    0.00289503    0.00303134    0.00206651    0.04170905    0.00000000 
max(|Fsp_perp|)  :   0.00000000    0.00000000    0.00000000    0.00000000    0.00000000    0.00000000    0.00000000    0.00000000    0.00000000    0.00000000 
max(|FNEB|)      :   0.00000000    0.00039032    0.00048145    0.00019258    0.00070081    0.00390904    0.00164506    0.00119995    0.04231314    0.00000000 
max(|Force|)     :   0.00143996    0.00050336    0.00104573    0.00049501    0.00055867    0.01313071    0.00743292    0.00117972    0.00839517    0.00147434 
ksp              :   0.01000000    0.01000000    0.01000000    0.01000000    0.01000000    0.06393086    0.10000000    0.10000000    0.03292592 
max(|step|)      :   0.00000000    0.00324188    0.00414125    0.00151923    0.00429866    0.03381180    0.00537191    0.00286935    0.03094112    0.00000000 
angle (deg.)     :    23.5936  17.3248  15.1574  43.4649  68.8039  17.6377  29.7329  63.1147 
>
iteration       : 81
climbing        : yes
zoom on         : no
nim             : 10
barrier         :   0.00386805 (image:  7) 
distance        :   0.00000000    3.12669606    6.35272301    9.54374688   12.70891947   16.02743214   16.67397401   17.13096387   17.67110329   21.75930442 
energy          : -1076.02932667  -1076.03475653  -1076.04058685  -1076.04591202  -1076.04969783  -1076.03999531  -1076.02705727  -1076.02545862  -1076.02909498  -1076.07385981 
max(|Fr_perp|)   :   0.00000000    0.00025769    0.00052938    0.00017391    0.00028561    0.00253548    0.00146767    0.00038349    0.00122125    0.00000000 
Fr_paral         :   0.00000000    0.00153563    0.00195075    0.00149352    0.00067694   -0.02236627   -0.01166841    0.00085866    0.01476274    0.00000000 
max(|Fsp_paral|) :   0.00000000    0.00022241    0.00009833    0.00007397    0.00038531    0.00355981    0.00259427    0.00390352    0.00448391    0.00000000 
max(|Fsp_perp|)  :   0.00000000    0.00000000    0.00000000    0.00000000    0.00000000    0.00000000    0.00000000    0.00000000    0.00000000    0.00000000 
max(|FNEB|)      :   0.00000000    0.00040949    0.00044096    0.00014268    0.00049830    0.00261480    0.00116514    0.00057315    0.00504241    0.00000000 
max(|Force|)     :   0.00143996    0.00049710    0.00101517    0.00049651    0.00028822    0.01326609    0.00741016    0.00073239    0.00797730    0.00147434 
ksp              :   0.01000000    0.01000000    0.01000000    0.01000000    0.01000000    0.06280335    0.10000000    0.10000000    0.01539081 
max(|step|)      :   0.00000000    0.00118130    0.00134280    0.00044181    0.00096161    0.01116755    0.00247843    0.00141986    0.00304835    0.00000000 
angle (deg.)     :    23.6158  17.3514  15.1465  43.6604  69.2927  16.8779  29.5378  62.8222 
>
iteration       : 82
climbing        : yes
zoom on         : no
nim             : 10
barrier         :   0.00386604 (image:  7) 
distance        :   0.00000000    3.12972953    6.35243246    9.54350335   12.71260834   16.04259017   16.67736782   17.13053945   17.67486074   21.75820746 
energy          : -1076.02932667  -1076.03476245  -1076.04058884  -1076.04591211  -1076.04970143  -1076.03967605  -1076.02703478  -1076.02546063  -1076.02914580  -1076.07385981 
max(|Fr_perp|)   :   0.00000000    0.00025958    0.00052365    0.00016429    0.00031860    0.00217909    0.00151020    0.00029158    0.00112769    0.00000000 
Fr_paral         :   0.00000000    0.00153656    0.00195049    0.00149323    0.00067326   -0.02253236   -0.01154065    0.00083737    0.01481827    0.00000000 
max(|Fsp_paral|) :   0.00000000    0.00020806    0.00008888    0.00006285    0.00040291    0.00339750    0.00259604    0.00428153    0.00179772    0.00000000 
max(|Fsp_perp|)  :   0.00000000    0.00000000    0.00000000    0.00000000    0.00000000    0.00000000    0.00000000    0.00000000    0.00000000    0.00000000 
max(|FNEB|)      :   0.00000000    0.00040175    0.00044351    0.00013900    0.00051271    0.00195291    0.00112422    0.00052499    0.00247069    0.00000000 
max(|Force|)     :   0.00143996    0.00049949    0.00101006    0.00049411    0.00028362    0.01318375    0.00738316    0.00066739    0.00806238    0.00147434 
ksp              :   0.01000000    0.01000000    0.01000000    0.01000000    0.01000000    0.06335418    0.10000000    0.10000000    0.01421044 
max(|step|)      :   0.00000000    0.00649368    0.00751690    0.00241491    0.00543826    0.05624996    0.01369544    0.00747276    0.01261956    0.00000000 
angle (deg.)     :    23.7362  17.5048  15.0891  44.6579  72.5971  14.8658  28.5849  61.2541 
>
iteration       : 83
climbing        : yes
zoom on         : no
nim             : 10
barrier         :   0.00385832 (image:  7) 
distance        :   0.00000000    3.14607074    6.35114409    9.54249350   12.73356446   16.12352133   16.70507484   17.13669076   17.69442778   21.75645146 
energy          : -1076.02932667  -1076.03479450  -1076.04060015  -1076.04591206  -1076.04971566  -1076.03789516  -1076.02690185  -1076.02546835  -1076.02923436  -1076.07385981 
max(|Fr_perp|)   :   0.00000000    0.00026628    0.00047564    0.00022050    0.00064756    0.00237363    0.00169122    0.00043509    0.00122880    0.00000000 
Fr_paral         :   0.00000000    0.00154185    0.00194674    0.00149302    0.00064801   -0.02284138   -0.01077911    0.00071734    0.01462998    0.00000000 
max(|Fsp_paral|) :   0.00000000    0.00013165    0.00003860    0.00000080    0.00048931    0.00263536    0.00225431    0.00592235    0.00309141    0.00000000 
max(|Fsp_perp|)  :   0.00000000    0.00000000    0.00000000    0.00000000    0.00000000    0.00000000    0.00000000    0.00000000    0.00000000    0.00000000 
max(|FNEB|)      :   0.00000000    0.00035645    0.00043992    0.00022005    0.00087131    0.00266535    0.00114357    0.00033739    0.00197013    0.00000000 
max(|Force|)     :   0.00143996    0.00050894    0.00096670    0.00049131    0.00069420    0.01315370    0.00714893    0.00071900    0.00828766    0.00147434 
ksp              :   0.01000000    0.01000000    0.01000000    0.01000000    0.01000000    0.06656186    0.10000000    0.10000000    0.01215319 
max(|step|)      :   0.00000000    0.00343478    0.00406684    0.00121263    0.00445562    0.01518916    0.00769006    0.00328355    0.00562367    0.00000000 
angle (deg.)     :    23.7867  17.5901  15.0789  44.8742  73.6172  15.2313  28.2851  60.6892 
>
iteration       : 84
climbing        : yes
zoom on         : no
nim             : 10
barrier         :   0.00386496 (image:  7) 
distance        :   0.00000000    3.15321749    6.35021285    9.54320142   12.75015798   16.15046219   16.71908835   17.13678726   17.69347892   21.75199092 
energy          : -1076.02932667  -1076.03480949  -1076.04060654  -1076.04591509  -1076.04973766  -1076.03729093  -1076.02682400  -1076.02546171  -1076.02903912  -1076.07385981 
max(|Fr_perp|)   :   0.00000000    0.00025278    0.00057933    0.00027082    0.00033745    0.00587715    0.00290493    0.00307354    0.00870278    0.00000000 
Fr_paral         :   0.00000000    0.00154552    0.00195466    0.00148751    0.00060649   -0.02348691   -0.01027711    0.00060272    0.01399639    0.00000000 
max(|Fsp_paral|) :   0.00000000    0.00009751    0.00001127    0.00003995    0.00047345    0.00265146    0.00148705    0.00650135    0.00580156    0.00000000 
max(|Fsp_perp|)  :   0.00000000    0.00000000    0.00000000    0.00000000    0.00000000    0.00000000    0.00000000    0.00000000    0.00000000    0.00000000 
max(|FNEB|)      :   0.00000000    0.00031945    0.00056802    0.00027063    0.00053844    0.00576345    0.00302490    0.00306735    0.00851132    0.00000000 
max(|Force|)     :   0.00143996    0.00049715    0.00107251    0.00047087    0.00032307    0.01404993    0.00679853    0.00307973    0.00850638    0.00147434 
ksp              :   0.01000000    0.01000000    0.01000000    0.01000000    0.01000000    0.06827750    0.10000000    0.10000000    0.01669597 
max(|step|)      :   0.00000000    0.00048393    0.00050335    0.00018848    0.00051019    0.00291052    0.00122534    0.00129845    0.00358650    0.00000000 
angle (deg.)     :    23.7781  17.5797  15.0815  44.8175  73.3501  15.0777  28.3452  60.7987 
>
iteration       : 85
climbing        : yes
zoom on         : no
nim             : 10
barrier         :   0.00385576 (image:  7) 
distance        :   0.00000000    3.15205263    6.35036342    9.54325198   12.74829891   16.14513418   16.71609087   17.13590174   17.69575033   21.75326525 
energy          : -1076.02932667  -1076.03480724  -1076.04060589  -1076.04591511  -1076.04973586  -1076.03744203  -1076.02684378  -1076.02547091  -1076.02918098  -1076.07385981 
max(|Fr_perp|)   :   0.00000000    0.00025840    0.00052593    0.00012847    0.00031289    0.00194439    0.00159338    0.00109216    0.00277977    0.00000000 
Fr_paral         :   0.00000000    0.00154496    0.00194972    0.00149044    0.00061227   -0.02363622   -0.01038029    0.00062530    0.01446330    0.00000000 
max(|Fsp_paral|) :   0.00000000    0.00010306    0.00001525    0.00003477    0.00047026    0.00264579    0.00160748    0.00656623    0.00077558    0.00000000 
max(|Fsp_perp|)  :   0.00000000    0.00000000    0.00000000    0.00000000    0.00000000    0.00000000    0.00000000    0.00000000    0.00000000    0.00000000 
max(|FNEB|)      :   0.00000000    0.00032893    0.00051106    0.00013269    0.00056938    0.00169612    0.00091842    0.00108541    0.00268159    0.00000000 
max(|Force|)     :   0.00143996    0.00050254    0.00101762    0.00048152    0.00027766    0.01398004    0.00683755    0.00109890    0.00823247    0.00147434 
ksp              :   0.01000000    0.01000000    0.01000000    0.01000000    0.01000000    0.06795478    0.10000000    0.10000000    0.01340057 
max(|step|)      :   0.00000000    0.00118578    0.00151859    0.00040836    0.00168488    0.00521287    0.00245054    0.00099922    0.00163899    0.00000000 
angle (deg.)     :    23.7937  17.6119  15.0798  44.8619  73.5751  15.2012  28.2619  60.6476 
>
