NEB log file generated by ORCA
All quantities are given in atomic units. Unless stated otherwise. 
iteration       : 0
climbing        : no
zoom on         : no
nim             : 10
barrier         :   0.06887786 (image:  4) 
distance        :   0.00000000    0.98538310    1.97076620    2.95614930    3.94153240    4.92691550    5.91229860    6.89768170    7.88306480    8.86844790 
energy          : -1075.99704634  -1075.98424870  -1075.95991575  -1075.93933438  -1075.92816848  -1075.92933171  -1075.94203809  -1075.96224470  -1075.98506403  -1075.99731884 
max(|Fr_perp|)   :   0.00000000    0.03916660    0.05756173    0.06510058    0.07375817    0.07538893    0.06836709    0.05196169    0.03845461    0.00000000 
Fr_paral         :   0.00000000   -0.02241154   -0.02523575   -0.01747324   -0.00528669    0.00761260    0.01846792    0.02430619    0.02077480    0.00000000 
max(|Fsp_paral|) :   0.00000000    0.00955781    0.00808532    0.00438733    0.00000092    0.00045719    0.00499142    0.00793854    0.00896408    0.00000000 
max(|Fsp_perp|)  :   0.00000000    0.00000000    0.00000000    0.00000000    0.00000000    0.00000000    0.00000000    0.00000000    0.00000000    0.00000000 
max(|FNEB|)      :   0.00000000    0.03895458    0.05743233    0.06503768    0.07391885    0.07568950    0.06967247    0.05387431    0.03229435    0.00000000 
max(|Force|)     :   0.00144506    0.03937587    0.05783846    0.06637362    0.07427078    0.07507895    0.06734198    0.05527969    0.04292517    0.00142378 
ksp              :   0.02672551    0.05851535    0.08540747    0.10000000    0.10000000    0.09848256    0.08188010    0.05547586    0.02565997 
max(|step|)      :   0.00000000    0.03844093    0.05667503    0.06418010    0.07294416    0.07469146    0.06875378    0.05316393    0.03186852    0.00000000 
angle (deg.)     :    3.6040  1.6478  1.4049  1.4775  1.4304  1.4145  1.7016  3.1275 
>
iteration       : 1
climbing        : no
zoom on         : no
nim             : 10
barrier         :   0.05241982 (image:  4) 
distance        :   0.00000000    1.01971979    2.00197772    2.97666886    3.94874002    4.93326486    5.90489216    6.88196037    7.86566067    8.88324575 
energy          : -1075.99704634  -1075.98904077  -1075.96989558  -1075.95342209  -1075.94462652  -1075.94532234  -1075.95484746  -1075.97062715  -1075.98876753  -1075.99731884 
max(|Fr_perp|)   :   0.00000000    0.03091754    0.03281124    0.03221329    0.03521565    0.03851769    0.04025169    0.03382401    0.02480646    0.00000000 
Fr_paral         :   0.00000000   -0.01726975   -0.02115343   -0.01435797   -0.00443690    0.00584532    0.01456949    0.01983382    0.01619004    0.00000000 
max(|Fsp_paral|) :   0.00000000    0.00963069    0.00828172    0.00440337    0.00037865    0.00074496    0.00467875    0.00788635    0.00900609    0.00000000 
max(|Fsp_perp|)  :   0.00000000    0.00000000    0.00000000    0.00000000    0.00000000    0.00000000    0.00000000    0.00000000    0.00000000    0.00000000 
max(|FNEB|)      :   0.00000000    0.02452639    0.02693480    0.03112150    0.03512149    0.03838700    0.03933307    0.03208521    0.01887345    0.00000000 
max(|Force|)     :   0.00144506    0.03438721    0.03732697    0.03331537    0.03556491    0.03884005    0.04113518    0.03516584    0.02806904    0.00142378 
ksp              :   0.02374483    0.05661535    0.08489882    0.10000000    0.10000000    0.09880534    0.08245159    0.05535931    0.02421394 
max(|step|)      :   0.00000000    0.02917318    0.03579744    0.03576459    0.03527524    0.03326047    0.02777695    0.03226404    0.02557545    0.00000000 
angle (deg.)     :    6.5609  3.2288  2.1428  2.3327  2.1447  1.9188  2.8962  5.3939 
>
iteration       : 2
climbing        : no
zoom on         : no
nim             : 10
barrier         :   0.04768994 (image:  4) 
distance        :   0.00000000    1.06192085    2.04145130    3.00333705    3.96124379    4.94302903    5.90039471    6.86651837    7.84766134    8.90403977 
energy          : -1075.99704634  -1075.99159705  -1075.97415042  -1075.95786152  -1075.94935639  -1075.95033035  -1075.95984010  -1075.97501550  -1075.99093018  -1075.99731884 
max(|Fr_perp|)   :   0.00000000    0.02711127    0.03362785    0.02444387    0.02829162    0.02871285    0.02477197    0.02429101    0.01885056    0.00000000 
Fr_paral         :   0.00000000   -0.01464277   -0.02121155   -0.01449597   -0.00418265    0.00618330    0.01490352    0.01930859    0.01363778    0.00000000 
max(|Fsp_paral|) :   0.00000000    0.00943122    0.00875380    0.00459001    0.00072653    0.00127787    0.00497014    0.00804316    0.00830784    0.00000000 
max(|Fsp_perp|)  :   0.00000000    0.00000000    0.00000000    0.00000000    0.00000000    0.00000000    0.00000000    0.00000000    0.00000000    0.00000000 
max(|FNEB|)      :   0.00000000    0.02090870    0.02702702    0.02495244    0.02843182    0.02846350    0.02375790    0.02066101    0.01567299    0.00000000 
max(|Force|)     :   0.00144506    0.03004401    0.03845393    0.02774472    0.02803848    0.02908846    0.02570635    0.02684092    0.02037307    0.00142378 
ksp              :   0.02028384    0.05320896    0.08394921    0.10000000    0.10000000    0.09816196    0.08021526    0.05157638    0.02154235 
max(|step|)      :   0.00000000    0.08232068    0.10000000    0.08481656    0.09188077    0.08657437    0.07123793    0.07571852    0.06125046    0.00000000 
angle (deg.)     :    12.2334  9.0822  4.3416  5.5408  4.5597  3.9548  7.8314  10.0295 
>
iteration       : 3
climbing        : no
zoom on         : no
nim             : 10
barrier         :   0.04250855 (image:  4) 
distance        :   0.00000000    1.20739707    2.19028123    3.11023243    4.02675602    4.99101993    5.90739866    6.84206537    7.82947147    9.01362799 
energy          : -1075.99704634  -1075.99513092  -1075.98189401  -1075.96376785  -1075.95453779  -1075.95510056  -1075.96434237  -1075.97980788  -1075.99286388  -1075.99731884 
max(|Fr_perp|)   :   0.00000000    0.01008015    0.02825160    0.02186332    0.01506271    0.01272638    0.02230794    0.02775212    0.01981758    0.00000000 
Fr_paral         :   0.00000000   -0.00692731   -0.02263418   -0.01695065   -0.00465910    0.00584479    0.01579934    0.01812011    0.00857815    0.00000000 
max(|Fsp_paral|) :   0.00000000    0.00769627    0.00997504    0.00534714    0.00144360    0.00177665    0.00487741    0.00819241    0.00683692    0.00000000 
max(|Fsp_perp|)  :   0.00000000    0.00000000    0.00000000    0.00000000    0.00000000    0.00000000    0.00000000    0.00000000    0.00000000    0.00000000 
max(|FNEB|)      :   0.00000000    0.00856493    0.01939545    0.01700045    0.01378567    0.01261174    0.02212282    0.02739113    0.01877889    0.00000000 
max(|Force|)     :   0.00144506    0.01134094    0.03434866    0.02650624    0.01637220    0.01298444    0.02281834    0.02838163    0.02047711    0.00142378 
ksp              :   0.01406092    0.04209660    0.08046433    0.10000000    0.10000000    0.09880894    0.07925884    0.04653630    0.01887488 
max(|step|)      :   0.00000000    0.01650120    0.03736726    0.03275306    0.02655946    0.02429777    0.04262182    0.05277173    0.03617940    0.00000000 
angle (deg.)     :    10.4640  12.9154  4.8112  7.0470  5.3568  4.8195  10.0380  8.9784 
>
iteration       : 4
climbing        : no
zoom on         : no
nim             : 10
barrier         :   0.04122516 (image:  4) 
distance        :   0.00000000    1.25735748    2.26619378    3.15914176    4.05258972    4.99733523    5.89473606    6.80788152    7.80757138    9.03978747 
energy          : -1075.99704634  -1075.99565293  -1075.98396536  -1075.96539877  -1075.95582118  -1075.95609437  -1075.96457031  -1075.97857185  -1075.99188944  -1075.99731884 
max(|Fr_perp|)   :   0.00000000    0.00952466    0.02380995    0.01799109    0.00897726    0.01381860    0.03778208    0.05840093    0.03991196    0.00000000 
Fr_paral         :   0.00000000   -0.00639729   -0.02322201   -0.01868649   -0.00537354    0.00609905    0.01572121    0.01683745    0.00980299    0.00000000 
max(|Fsp_paral|) :   0.00000000    0.00720615    0.00964367    0.00560179    0.00154234    0.00158430    0.00464882    0.00693024    0.00701987    0.00000000 
max(|Fsp_perp|)  :   0.00000000    0.00000000    0.00000000    0.00000000    0.00000000    0.00000000    0.00000000    0.00000000    0.00000000    0.00000000 
max(|FNEB|)      :   0.00000000    0.00666016    0.01476018    0.01239217    0.00838982    0.01414133    0.03889358    0.05998569    0.04091027    0.00000000 
max(|Force|)     :   0.00144506    0.01048802    0.03035759    0.02350872    0.01052008    0.01343691    0.03662116    0.05724926    0.03949808    0.00142378 
ksp              :   0.01304200    0.03855751    0.07909086    0.10000000    0.10000000    0.09940360    0.08089949    0.05033226    0.02125819 
max(|step|)      :   0.00000000    0.01053574    0.02556231    0.02209056    0.01645368    0.01192443    0.01954355    0.01989190    0.01372405    0.00000000 
angle (deg.)     :    9.6397  15.5907  5.3677  8.3118  5.9038  5.7354  11.5000  8.5606 
>
iteration       : 5
climbing        : no
zoom on         : no
nim             : 10
barrier         :   0.04065189 (image:  4) 
distance        :   0.00000000    1.29486397    2.32577782    3.20042581    4.07711509    5.00768039    5.89238174    6.79231936    7.79847922    9.06847245 
energy          : -1075.99704634  -1075.99587686  -1075.98518266  -1075.96628856  -1075.95639444  -1075.95656767  -1075.96592622  -1075.98158340  -1075.99312621  -1075.99731884 
max(|Fr_perp|)   :   0.00000000    0.00877931    0.02093598    0.01597315    0.00739047    0.01273430    0.02592314    0.03122967    0.02328933    0.00000000 
Fr_paral         :   0.00000000   -0.00583083   -0.02331827   -0.01995882   -0.00576343    0.00637627    0.01800879    0.01884928    0.00830535    0.00000000 
max(|Fsp_paral|) :   0.00000000    0.00680805    0.00935149    0.00604520    0.00161273    0.00147450    0.00543580    0.00784648    0.00605754    0.00000000 
max(|Fsp_perp|)  :   0.00000000    0.00000000    0.00000000    0.00000000    0.00000000    0.00000000    0.00000000    0.00000000    0.00000000    0.00000000 
max(|FNEB|)      :   0.00000000    0.00597604    0.01207423    0.00985162    0.00720336    0.01302666    0.02709903    0.03291714    0.02427303    0.00000000 
max(|Force|)     :   0.00144506    0.00954168    0.02774087    0.02220435    0.00774026    0.01234652    0.02466175    0.03000773    0.02288937    0.00142378 
ksp              :   0.01258913    0.03626522    0.07809524    0.10000000    0.10000000    0.09961648    0.07889743    0.04423369    0.01867884 
max(|step|)      :   0.00000000    0.04199082    0.10000000    0.08631572    0.06091662    0.04132247    0.07428809    0.07545171    0.03525041    0.00000000 
angle (deg.)     :    8.4904  26.1131  8.6411  14.1961  8.9372  10.3637  17.9818  8.2282 
>
iteration       : 6
climbing        : no
zoom on         : no
nim             : 10
barrier         :   0.04053000 (image:  5) 
distance        :   0.00000000    1.45217354    2.58513460    3.39288737    4.20971362    5.08702897    5.92219920    6.76818084    7.82269054    9.24752430 
energy          : -1075.99704634  -1075.99613524  -1075.98827899  -1075.96834952  -1075.95681166  -1075.95651633  -1075.96735157  -1075.98379905  -1075.99338394  -1075.99731884 
max(|Fr_perp|)   :   0.00000000    0.01294650    0.01282275    0.01685274    0.01453672    0.01488535    0.02008944    0.01984133    0.01440565    0.00000000 
Fr_paral         :   0.00000000   -0.00385950   -0.02068627   -0.02557838   -0.00715039    0.00707539    0.02302427    0.01848339    0.00644227    0.00000000 
max(|Fsp_paral|) :   0.00000000    0.00524571    0.00870602    0.00827548    0.00222631    0.00142964    0.00726020    0.00689105    0.00458856    0.00000000 
max(|Fsp_perp|)  :   0.00000000    0.00000000    0.00000000    0.00000000    0.00000000    0.00000000    0.00000000    0.00000000    0.00000000    0.00000000 
max(|FNEB|)      :   0.00000000    0.01203053    0.01129524    0.01497016    0.01445243    0.01505572    0.01629577    0.01389245    0.01224839    0.00000000 
max(|Force|)     :   0.00144506    0.01327160    0.01494827    0.01918475    0.01477134    0.01479424    0.02884372    0.02540023    0.01540097    0.00142378 
ksp              :   0.01203347    0.02947840    0.07372630    0.09934308    0.10000000    0.10000000    0.07594315    0.03942685    0.01814287 
max(|step|)      :   0.00000000    0.03278437    0.03078061    0.04079512    0.03938428    0.04102829    0.04440757    0.03785827    0.03337804    0.00000000 
angle (deg.)     :    8.8850  25.5071  11.0413  16.1023  10.2700  12.7885  18.7643  8.7674 
>
iteration       : 7
climbing        : yes
zoom on         : no
nim             : 10
barrier         :   0.03928986 (image:  5) 
distance        :   0.00000000    1.49907603    2.67709248    3.48115225    4.26099405    5.11081599    5.91039441    6.75809733    7.84586098    9.31765660 
energy          : -1075.99704634  -1075.99643668  -1075.98888026  -1075.96926273  -1075.95803483  -1075.95775647  -1075.96828632  -1075.98458273  -1075.99371234  -1075.99731884 
max(|Fr_perp|)   :   0.00000000    0.01089525    0.01297734    0.01448056    0.01120533    0.01068107    0.01501100    0.01256898    0.01160141    0.00000000 
Fr_paral         :   0.00000000   -0.00294161   -0.01997254   -0.02620196   -0.00636485    0.00633508    0.02250367    0.01691279    0.00542915    0.00000000 
max(|Fsp_paral|) :   0.00000000    0.00546332    0.00841192    0.00740168    0.00270939    0.00182206    0.00631098    0.00690835    0.00462862    0.00000000 
max(|Fsp_perp|)  :   0.00000000    0.00000000    0.00000000    0.00000000    0.00000000    0.00000000    0.00000000    0.00000000    0.00000000    0.00000000 
max(|FNEB|)      :   0.00000000    0.01204110    0.01296141    0.01407611    0.01171184    0.01050931    0.01159775    0.00959995    0.01132811    0.00000000 
max(|Force|)     :   0.00144506    0.01078306    0.01699183    0.02209379    0.01094336    0.01119284    0.02021090    0.01580434    0.01191034    0.00142378 
ksp              :   0.01140547    0.02871601    0.07365064    0.09936265    0.10000000    0.10000000    0.07588284    0.03855739    0.01765170 
max(|step|)      :   0.00000000    0.02325948    0.02503721    0.02719045    0.02262345    0.02030056    0.02240306    0.01854396    0.02188221    0.00000000 
angle (deg.)     :    8.5119  26.4134  12.5837  17.3267  11.0793  14.5475  19.5155  8.8011 
>
iteration       : 8
climbing        : yes
zoom on         : no
nim             : 10
barrier         :   0.03921979 (image:  5) 
distance        :   0.00000000    1.53205405    2.73846514    3.53433519    4.29359648    5.12031631    5.89962108    6.73911102    7.84697341    9.35095216 
energy          : -1075.99704634  -1075.99667317  -1075.98895516  -1075.96933196  -1075.95816393  -1075.95782654  -1075.96836814  -1075.98466796  -1075.99327990  -1075.99731884 
max(|Fr_perp|)   :   0.00000000    0.00437609    0.01611765    0.02049571    0.01206412    0.00988217    0.01186600    0.01295069    0.02398369    0.00000000 
Fr_paral         :   0.00000000   -0.00324225   -0.02045973   -0.02714496   -0.00697365    0.00691466    0.02334479    0.01718017    0.00455127    0.00000000 
max(|Fsp_paral|) :   0.00000000    0.00580872    0.00794834    0.00703489    0.00264922    0.00172038    0.00584616    0.00663253    0.00418333    0.00000000 
max(|Fsp_perp|)  :   0.00000000    0.00000000    0.00000000    0.00000000    0.00000000    0.00000000    0.00000000    0.00000000    0.00000000    0.00000000 
max(|FNEB|)      :   0.00000000    0.00526966    0.01813491    0.02224418    0.01271743    0.01026110    0.01119217    0.01239949    0.02344880    0.00000000 
max(|Force|)     :   0.00144506    0.00458497    0.01683395    0.02078783    0.01145978    0.00950324    0.01849875    0.01414269    0.02420243    0.00142378 
ksp              :   0.01085632    0.02856732    0.07359782    0.09922579    0.10000000    0.10000000    0.07580958    0.03840540    0.01864306 
max(|step|)      :   0.00000000    0.00652820    0.00888063    0.00807199    0.00394966    0.00755131    0.00764705    0.00761086    0.01203566    0.00000000 
angle (deg.)     :    8.4486  27.0270  13.7349  18.2603  11.4192  15.6319  20.1560  8.4343 
>
iteration       : 9
climbing        : yes
zoom on         : no
nim             : 10
barrier         :   0.03897158 (image:  5) 
distance        :   0.00000000    1.55897109    2.78601635    3.57597493    4.32110722    5.12882441    5.89589128    6.72946308    7.85356224    9.38046464 
energy          : -1075.99704634  -1075.99664661  -1075.98911813  -1075.96960359  -1075.95837533  -1075.95807476  -1075.96859567  -1075.98485323  -1075.99390963  -1075.99731884 
max(|Fr_perp|)   :   0.00000000    0.00836344    0.00992447    0.01337751    0.01043867    0.00852435    0.01030493    0.01089435    0.00800692    0.00000000 
Fr_paral         :   0.00000000   -0.00316637   -0.02046955   -0.02801974   -0.00710884    0.00713001    0.02446531    0.01736120    0.00531471    0.00000000 
max(|Fsp_paral|) :   0.00000000    0.00575005    0.00766331    0.00691802    0.00247610    0.00149167    0.00565394    0.00643858    0.00476314    0.00000000 
max(|Fsp_perp|)  :   0.00000000    0.00000000    0.00000000    0.00000000    0.00000000    0.00000000    0.00000000    0.00000000    0.00000000    0.00000000 
max(|FNEB|)      :   0.00000000    0.00722028    0.01147742    0.01500838    0.01103659    0.00980403    0.00983140    0.00649193    0.00791631    0.00000000 
max(|Force|)     :   0.00144506    0.00856975    0.01667801    0.02033484    0.00982969    0.00724467    0.02047398    0.01605420    0.00803265    0.00142378 
ksp              :   0.01092312    0.02830920    0.07337560    0.09930588    0.10000000    0.10000000    0.07570326    0.03815845    0.01724384 
max(|step|)      :   0.00000000    0.03349266    0.05552637    0.05071707    0.02506623    0.03084995    0.03739733    0.03915955    0.03497194    0.00000000 
angle (deg.)     :    8.7129  31.1719  22.7603  24.6093  15.4562  24.1081  24.4511  8.7087 
>
iteration       : 10
climbing        : yes
zoom on         : no
nim             : 10
barrier         :   0.03971406 (image:  5) 
distance        :   0.00000000    1.73412951    3.09317935    3.84970938    4.52093732    5.21610401    5.92375739    6.72436022    7.94571440    9.63373233 
energy          : -1075.99704634  -1075.99611330  -1075.98842968  -1075.96901862  -1075.95813451  -1075.95733228  -1075.96770045  -1075.98395517  -1075.99201518  -1075.99731884 
max(|Fr_perp|)   :   0.00000000    0.02260635    0.02146474    0.02015122    0.01048677    0.02262528    0.02552323    0.02518160    0.04422499    0.00000000 
Fr_paral         :   0.00000000   -0.00296346   -0.02052696   -0.03094985   -0.00795300    0.00657061    0.02662403    0.01792289    0.00444230    0.00000000 
max(|Fsp_paral|) :   0.00000000    0.00608342    0.00519136    0.00517406    0.00142255    0.00049840    0.00434055    0.00441228    0.00348306    0.00000000 
max(|Fsp_perp|)  :   0.00000000    0.00000000    0.00000000    0.00000000    0.00000000    0.00000000    0.00000000    0.00000000    0.00000000    0.00000000 
max(|FNEB|)      :   0.00000000    0.02128126    0.02098302    0.02017030    0.01043320    0.02284588    0.02636312    0.02603523    0.04492245    0.00000000 
max(|Force|)     :   0.00144506    0.02281335    0.02214400    0.02020982    0.01065592    0.02240468    0.02588855    0.02395331    0.04397055    0.00142378 
ksp              :   0.01211445    0.02952708    0.07351642    0.09818198    0.10000000    0.10000000    0.07650366    0.03966720    0.02140160 
max(|step|)      :   0.00000000    0.03396645    0.05449349    0.04745006    0.02454105    0.02961581    0.03513020    0.03828992    0.02256124    0.00000000 
angle (deg.)     :    9.1978  35.9057  32.5955  30.4815  18.9229  32.9636  29.0304  9.2666 
>
iteration       : 11
climbing        : yes
zoom on         : no
nim             : 10
barrier         :   0.04003498 (image:  5) 
distance        :   0.00000000    1.91611737    3.39605757    4.12416703    4.75720041    5.36433468    6.04569394    6.81893241    8.14485783    9.98441405 
energy          : -1075.99704634  -1075.99643526  -1075.98840442  -1075.96884302  -1075.95809985  -1075.95701136  -1075.96738145  -1075.98365955  -1075.99224814  -1075.99731884 
max(|Fr_perp|)   :   0.00000000    0.01805356    0.02230544    0.02432127    0.01200318    0.02575992    0.03335749    0.03393083    0.04133394    0.00000000 
Fr_paral         :   0.00000000   -0.00278643   -0.01984045   -0.03298962   -0.00824977    0.00584901    0.02722158    0.01755431    0.00470579    0.00000000 
max(|Fsp_paral|) :   0.00000000    0.00678994    0.00342820    0.00460173    0.00043425    0.00316770    0.00430802    0.00227011    0.00415974    0.00000000 
max(|Fsp_perp|)  :   0.00000000    0.00000000    0.00000000    0.00000000    0.00000000    0.00000000    0.00000000    0.00000000    0.00000000    0.00000000 
max(|FNEB|)      :   0.00000000    0.01648336    0.02270561    0.02348209    0.01199121    0.02596029    0.03422666    0.03433636    0.04207600    0.00000000 
max(|Force|)     :   0.00144506    0.01825603    0.02204589    0.02737993    0.01205936    0.02555955    0.03056081    0.03271592    0.04109719    0.00142378 
ksp              :   0.01137372    0.02942733    0.07340202    0.09755302    0.10000000    0.10000000    0.07668768    0.04009395    0.02078651 
max(|step|)      :   0.00000000    0.07008982    0.10000000    0.07928793    0.04724488    0.05349942    0.06524215    0.06869458    0.06269867    0.00000000 
angle (deg.)     :    10.1487  48.1289  46.5293  36.5761  22.1566  45.3766  40.6921  13.3241 
>
iteration       : 12
climbing        : yes
zoom on         : no
nim             : 10
barrier         :   0.03875116 (image:  5) 
distance        :   0.00000000    2.29745542    3.95131197    4.64148822    5.26528960    5.80501597    6.50724633    7.25676419    8.73620473   10.89553683 
energy          : -1075.99704634  -1075.99674527  -1075.98883982  -1075.96902155  -1075.95943381  -1075.95829517  -1075.96799968  -1075.98443183  -1075.97559850  -1075.99731884 
max(|Fr_perp|)   :   0.00000000    0.01157680    0.00863532    0.01155433    0.00732491    0.00688422    0.00831422    0.01316918    0.15130112    0.00000000 
Fr_paral         :   0.00000000   -0.00251064   -0.01761982   -0.03132319   -0.00808297    0.00484152    0.02797960    0.01277152   -0.00711922    0.00000000 
max(|Fsp_paral|) :   0.00000000    0.00709782    0.00144404    0.00502464    0.00274118    0.00683957    0.00598460    0.01141304    0.00970753    0.00000000 
max(|Fsp_perp|)  :   0.00000000    0.00000000    0.00000000    0.00000000    0.00000000    0.00000000    0.00000000    0.00000000    0.00000000    0.00000000 
max(|FNEB|)      :   0.00000000    0.01213247    0.00883033    0.01199138    0.00879212    0.00801309    0.01099016    0.01568103    0.15028257    0.00000000 
max(|Force|)     :   0.00144506    0.01157088    0.00872893    0.01779145    0.00907220    0.00657078    0.01984505    0.01380570    0.15322440    0.00142378 
ksp              :   0.01070178    0.02906185    0.07508887    0.09735568    0.10000000    0.10000000    0.07746275    0.06050037    0.06050037 
max(|step|)      :   0.00000000    0.00409397    0.00297970    0.00404636    0.00296681    0.00270393    0.00370851    0.00529140    0.05071125    0.00000000 
angle (deg.)     :    10.1541  48.6205  45.7857  36.4555  22.0954  45.0295  40.5716  10.2614 
>
iteration       : 13
climbing        : yes
zoom on         : no
nim             : 10
barrier         :   0.03864192 (image:  5) 
distance        :   0.00000000    2.30542646    3.95374097    4.64208337    5.26135799    5.80177907    6.50209428    7.26319788    8.74555068   10.88420619 
energy          : -1075.99704634  -1075.99683983  -1075.98894344  -1075.96913153  -1075.95955047  -1075.95840442  -1075.96812049  -1075.98484149  -1075.99299172  -1075.99731884 
max(|Fr_perp|)   :   0.00000000    0.00653633    0.00643923    0.00887236    0.00483327    0.00467304    0.00506910    0.00637010    0.02492375    0.00000000 
Fr_paral         :   0.00000000   -0.00255085   -0.01763969   -0.03145461   -0.00806199    0.00480067    0.02810467    0.01353840    0.00327067    0.00000000 
max(|Fsp_paral|) :   0.00000000    0.00707970    0.00156674    0.00487630    0.00252922    0.00673192    0.00550030    0.00079846    0.00415425    0.00000000 
max(|Fsp_perp|)  :   0.00000000    0.00000000    0.00000000    0.00000000    0.00000000    0.00000000    0.00000000    0.00000000    0.00000000    0.00000000 
max(|FNEB|)      :   0.00000000    0.00703026    0.00633438    0.00921998    0.00579607    0.00550127    0.00808319    0.00626150    0.02581449    0.00000000 
max(|Force|)     :   0.00144506    0.00648453    0.00869911    0.01796377    0.00618359    0.00463570    0.01814354    0.00813574    0.02473273    0.00142378 
ksp              :   0.01048098    0.02887228    0.07501573    0.09733075    0.10000000    0.10000000    0.07737053    0.03842603    0.01944351 
max(|step|)      :   0.00000000    0.00333880    0.00300512    0.00437441    0.00275132    0.00261102    0.00383559    0.00297795    0.01237645    0.00000000 
angle (deg.)     :    10.1743  49.3024  44.7638  36.2824  22.0556  44.3727  41.0219  10.1570 
>
iteration       : 14
climbing        : yes
zoom on         : no
nim             : 10
barrier         :   0.03857218 (image:  5) 
distance        :   0.00000000    2.31666461    3.95726300    4.64303149    5.25622889    5.79739110    6.49541688    7.25721829    8.73429099   10.87989401 
energy          : -1075.99704634  -1075.99688344  -1075.98900364  -1075.96916732  -1075.95964256  -1075.95847416  -1075.96812339  -1075.98496068  -1075.99361404  -1075.99731884 
max(|Fr_perp|)   :   0.00000000    0.00423795    0.00462848    0.00618658    0.00334528    0.00334336    0.00357436    0.00329399    0.00387430    0.00000000 
Fr_paral         :   0.00000000   -0.00258087   -0.01773050   -0.03146965   -0.00805818    0.00471903    0.02802640    0.01373493    0.00398016    0.00000000 
max(|Fsp_paral|) :   0.00000000    0.00698972    0.00167326    0.00462037    0.00224421    0.00660895    0.00532859    0.00108238    0.00479999    0.00000000 
max(|Fsp_perp|)  :   0.00000000    0.00000000    0.00000000    0.00000000    0.00000000    0.00000000    0.00000000    0.00000000    0.00000000    0.00000000 
max(|FNEB|)      :   0.00000000    0.00438352    0.00452485    0.00648309    0.00359706    0.00339216    0.00592980    0.00315321    0.00474944    0.00000000 
max(|Force|)     :   0.00144506    0.00442255    0.00867280    0.01809384    0.00418183    0.00329455    0.01650404    0.00665671    0.00448721    0.00142378 
ksp              :   0.01038009    0.02876592    0.07504976    0.09727377    0.10000000    0.10000000    0.07748556    0.03819931    0.01800854 
max(|step|)      :   0.00000000    0.00535348    0.00550420    0.00791007    0.00425361    0.00410987    0.00702307    0.00374879    0.01217023    0.00000000 
angle (deg.)     :    10.2487  50.9527  42.2898  35.8289  22.0231  42.8373  42.2419  10.2495 
>
iteration       : 15
climbing        : yes
zoom on         : no
nim             : 10
barrier         :   0.03851297 (image:  5) 
distance        :   0.00000000    2.34424261    3.96610795    4.64564578    5.24486549    5.78720480    6.47977120    7.24393065    8.70739004   10.87136855 
energy          : -1075.99704634  -1075.99689241  -1075.98905422  -1075.96911956  -1075.95977074  -1075.95853336  -1075.96797265  -1075.98508191  -1075.99338283  -1075.99731884 
max(|Fr_perp|)   :   0.00000000    0.00337873    0.00295889    0.00510335    0.00200283    0.00175543    0.00293461    0.00403646    0.01365111    0.00000000 
Fr_paral         :   0.00000000   -0.00262179   -0.01807700   -0.03135188   -0.00811782    0.00451629    0.02773948    0.01400002    0.00340796    0.00000000 
max(|Fsp_paral|) :   0.00000000    0.00670082    0.00185956    0.00398335    0.00160289    0.00634066    0.00481048    0.00167259    0.00414339    0.00000000 
max(|Fsp_perp|)  :   0.00000000    0.00000000    0.00000000    0.00000000    0.00000000    0.00000000    0.00000000    0.00000000    0.00000000    0.00000000 
max(|FNEB|)      :   0.00000000    0.00420484    0.00183488    0.00455974    0.00295546    0.00231091    0.00477426    0.00431199    0.01388209    0.00000000 
max(|Force|)     :   0.00144506    0.00416923    0.00860456    0.01825581    0.00393416    0.00268095    0.01403555    0.00815899    0.01359826    0.00142378 
ksp              :   0.01035971    0.02867657    0.07526138    0.09710841    0.10000000    0.10000000    0.07794156    0.03795937    0.01856116 
max(|step|)      :   0.00000000    0.01048525    0.00737854    0.01164322    0.00805639    0.00614732    0.01315587    0.00762393    0.01084050    0.00000000 
angle (deg.)     :    10.4666  54.3086  37.2202  34.7687  22.0352  39.8322  44.6839  10.4238 
>
iteration       : 16
climbing        : yes
zoom on         : no
nim             : 10
barrier         :   0.03850152 (image:  5) 
distance        :   0.00000000    2.40087724    3.98476624    4.65224277    5.22563583    5.76864579    6.45092586    7.21920430    8.66226938   10.85728224 
energy          : -1075.99704634  -1075.99684164  -1075.98906248  -1075.96892969  -1075.95992692  -1075.95854481  -1075.96757141  -1075.98521114  -1075.99285667  -1075.99731884 
max(|Fr_perp|)   :   0.00000000    0.00399727    0.00282763    0.00443556    0.00470912    0.00406199    0.00457511    0.00446470    0.02373613    0.00000000 
Fr_paral         :   0.00000000   -0.00268569   -0.01898304   -0.03100823   -0.00834723    0.00414999    0.02723542    0.01457589    0.00251842    0.00000000 
max(|Fsp_paral|) :   0.00000000    0.00608813    0.00215779    0.00279877    0.00047873    0.00589165    0.00378574    0.00263483    0.00292862    0.00000000 
max(|Fsp_perp|)  :   0.00000000    0.00000000    0.00000000    0.00000000    0.00000000    0.00000000    0.00000000    0.00000000    0.00000000    0.00000000 
max(|FNEB|)      :   0.00000000    0.00407714    0.00264329    0.00476158    0.00445405    0.00336753    0.00561014    0.00499393    0.02357336    0.00000000 
max(|Force|)     :   0.00144506    0.00432665    0.00847926    0.01824668    0.00432797    0.00501151    0.01301664    0.00913849    0.02383723    0.00142378 
ksp              :   0.01047849    0.02866281    0.07572462    0.09676923    0.10000000    0.10000000    0.07889970    0.03766559    0.01979363 
max(|step|)      :   0.00000000    0.02645494    0.01144430    0.02883948    0.01802333    0.01316863    0.02871794    0.01847423    0.01200419    0.00000000 
angle (deg.)     :    11.3186  62.5977  24.8262  31.4756  22.2175  32.8283  50.3290  10.8989 
>
iteration       : 17
climbing        : yes
zoom on         : no
nim             : 10
barrier         :   0.03855936 (image:  5) 
distance        :   0.00000000    2.54283778    4.03320386    4.67652882    5.19856256    5.73620216    6.39763641    7.17189089    8.58609641   10.84207206 
energy          : -1075.99704634  -1075.99669891  -1075.98890972  -1075.96852443  -1075.96016458  -1075.95848698  -1075.96661567  -1075.98528456  -1075.99244572  -1075.99731884 
max(|Fr_perp|)   :   0.00000000    0.00629378    0.00578307    0.00726170    0.00494963    0.00467297    0.00547982    0.00634800    0.03045763    0.00000000 
Fr_paral         :   0.00000000   -0.00288301   -0.02152845   -0.03018942   -0.00902645    0.00340193    0.02608420    0.01644614    0.00177615    0.00000000 
max(|Fsp_paral|) :   0.00000000    0.00471734    0.00275529    0.00050837    0.00147305    0.00522786    0.00169278    0.00416083    0.00166214    0.00000000 
max(|Fsp_perp|)  :   0.00000000    0.00000000    0.00000000    0.00000000    0.00000000    0.00000000    0.00000000    0.00000000    0.00000000    0.00000000 
max(|FNEB|)      :   0.00000000    0.00597174    0.00583936    0.00722166    0.00567982    0.00467781    0.00544493    0.00720182    0.03021083    0.00000000 
max(|Force|)     :   0.00144506    0.00635003    0.01010419    0.01762408    0.00455755    0.00503443    0.01314216    0.01095768    0.03052953    0.00142378 
ksp              :   0.01081091    0.02899139    0.07657195    0.09608437    0.10000000    0.10000000    0.08102711    0.03745275    0.02073814 
max(|step|)      :   0.00000000    0.05630574    0.02569005    0.06014785    0.02837075    0.02725912    0.04433343    0.03424525    0.02570734    0.00000000 
angle (deg.)     :    15.1853  76.7254  18.0027  23.0617  23.2344  21.1035  59.8535  13.2451 
>
iteration       : 18
climbing        : yes
zoom on         : no
nim             : 10
barrier         :   0.03872843 (image:  5) 
distance        :   0.00000000    2.83897189    4.13495038    4.74442734    5.22559426    5.72025851    6.36618468    7.12572994    8.52291787   10.88932143 
energy          : -1075.99704634  -1075.99646904  -1075.98801521  -1075.96818987  -1075.96026989  -1075.95831791  -1075.96522148  -1075.98418705  -1075.99216924  -1075.99731884 
max(|Fr_perp|)   :   0.00000000    0.00629288    0.00564239    0.01010956    0.01342922    0.01277189    0.01223173    0.01977622    0.03087839    0.00000000 
Fr_paral         :   0.00000000   -0.00347860   -0.02645249   -0.02844122   -0.00963965    0.00191878    0.02335426    0.01983590    0.00271851    0.00000000 
max(|Fsp_paral|) :   0.00000000    0.00244832    0.00334891    0.00055759    0.00154401    0.00622817    0.00040582    0.00337544    0.00148627    0.00000000 
max(|Fsp_perp|)  :   0.00000000    0.00000000    0.00000000    0.00000000    0.00000000    0.00000000    0.00000000    0.00000000    0.00000000    0.00000000 
max(|FNEB|)      :   0.00000000    0.00683028    0.00559173    0.01004229    0.01409391    0.01234653    0.01202737    0.01938028    0.03060944    0.00000000 
max(|Force|)     :   0.00144506    0.00606625    0.01427230    0.01699313    0.01159678    0.01319724    0.01909777    0.02080817    0.03101969    0.00142378 
ksp              :   0.01134157    0.03098719    0.07705881    0.09546384    0.10000000    0.10000000    0.08395697    0.03988336    0.02133375 
max(|step|)      :   0.00000000    0.05967558    0.02852568    0.06020769    0.02663094    0.03317269    0.04437541    0.03450883    0.02730645    0.00000000 
angle (deg.)     :    21.5501  88.3028  42.3135  18.1131  24.9579  16.9657  69.3195  16.4744 
>
iteration       : 19
climbing        : yes
zoom on         : no
nim             : 10
barrier         :   0.03855787 (image:  5) 
distance        :   0.00000000    3.15080891    4.24456157    4.86762183    5.33905246    5.79092727    6.42951575    7.20251686    8.58508639   11.06759706 
energy          : -1075.99704634  -1075.99620355  -1075.98663606  -1075.96806491  -1075.96056351  -1075.95848846  -1075.96413608  -1075.98286741  -1075.99341878  -1075.99731884 
max(|Fr_perp|)   :   0.00000000    0.00596857    0.00412730    0.00512587    0.00347542    0.00356654    0.01106475    0.02698345    0.00898687    0.00000000 
Fr_paral         :   0.00000000   -0.00450523   -0.02809525   -0.02545749   -0.01029237    0.00057154    0.02053939    0.02317786    0.00364593    0.00000000 
max(|Fsp_paral|) :   0.00000000    0.00006150    0.00525787    0.00170518    0.00015239    0.00774000    0.00156746    0.00309872    0.00416094    0.00000000 
max(|Fsp_perp|)  :   0.00000000    0.00000000    0.00000000    0.00000000    0.00000000    0.00000000    0.00000000    0.00000000    0.00000000    0.00000000 
max(|FNEB|)      :   0.00000000    0.00596579    0.00445682    0.00645417    0.00349252    0.00355929    0.01074621    0.02784979    0.00868985    0.00000000 
max(|Force|)     :   0.00144506    0.00608296    0.01772460    0.01609199    0.00521809    0.00357379    0.01154047    0.02439071    0.00906267    0.00142378 
ksp              :   0.01196719    0.03429917    0.07764711    0.09515652    0.10000000    0.10000000    0.08681759    0.04309578    0.01846728 
max(|step|)      :   0.00000000    0.00630588    0.00535402    0.00943166    0.00520493    0.00513170    0.00831004    0.01682612    0.00411002    0.00000000 
angle (deg.)     :    22.3229  85.1489  37.4895  17.4734  24.9985  16.5754  68.1077  16.8891 
>
iteration       : 20
climbing        : yes
zoom on         : no
nim             : 10
barrier         :   0.03848252 (image:  5) 
distance        :   0.00000000    3.13278931    4.22998062    4.82658161    5.30897510    5.75611382    6.40297394    7.15617203    8.53838704   11.02016281 
energy          : -1075.99704634  -1075.99632529  -1075.98659528  -1075.96837255  -1075.96056639  -1075.95856381  -1075.96458367  -1075.98356942  -1075.99355429  -1075.99731884 
max(|Fr_perp|)   :   0.00000000    0.00335047    0.00371637    0.00395374    0.00215061    0.00200458    0.00341497    0.00243887    0.00316917    0.00000000 
Fr_paral         :   0.00000000   -0.00455733   -0.02873320   -0.02656565   -0.01017708    0.00065686    0.02179947    0.02386204    0.00410771    0.00000000 
max(|Fsp_paral|) :   0.00000000    0.00038484    0.00401281    0.00000296    0.00058863    0.00833209    0.00001434    0.00302962    0.00378805    0.00000000 
max(|Fsp_perp|)  :   0.00000000    0.00000000    0.00000000    0.00000000    0.00000000    0.00000000    0.00000000    0.00000000    0.00000000    0.00000000 
max(|FNEB|)      :   0.00000000    0.00331006    0.00402253    0.00404954    0.00212042    0.00199591    0.00344845    0.00496616    0.00349938    0.00000000 
max(|Force|)     :   0.00144506    0.00458927    0.01780410    0.01634362    0.00496019    0.00201325    0.01118585    0.01127024    0.00320988    0.00142378 
ksp              :   0.01168633    0.03444214    0.07706008    0.09531653    0.10000000    0.10000000    0.08592121    0.04151879    0.01816694 
max(|step|)      :   0.00000000    0.00773647    0.00766479    0.00823020    0.00511519    0.00454995    0.00630628    0.01474570    0.00553998    0.00000000 
angle (deg.)     :    25.0022  82.0184  35.3684  16.6293  25.5470  16.4701  68.0672  18.3288 
>
iteration       : 21
climbing        : yes
zoom on         : no
nim             : 10
barrier         :   0.03845024 (image:  5) 
distance        :   0.00000000    3.16732080    4.23130428    4.80044543    5.29340278    5.72981970    6.38518115    7.11826608    8.49331808   11.00100633 
energy          : -1075.99704634  -1075.99639624  -1075.98624189  -1075.96860595  -1075.96055461  -1075.95859610  -1075.96464459  -1075.98313898  -1075.99353473  -1075.99731884 
max(|Fr_perp|)   :   0.00000000    0.00282332    0.00364637    0.00356346    0.00241357    0.00239331    0.00347694    0.00586319    0.00434442    0.00000000 
Fr_paral         :   0.00000000   -0.00478735   -0.02956736   -0.02721797   -0.01011724    0.00050813    0.02202530    0.02410438    0.00427782    0.00000000 
max(|Fsp_paral|) :   0.00000000    0.00035560    0.00298982    0.00172628    0.00159356    0.00921061    0.00125878    0.00183820    0.00408889    0.00000000 
max(|Fsp_perp|)  :   0.00000000    0.00000000    0.00000000    0.00000000    0.00000000    0.00000000    0.00000000    0.00000000    0.00000000    0.00000000 
max(|FNEB|)      :   0.00000000    0.00248694    0.00385059    0.00304490    0.00298950    0.00250024    0.00353792    0.00675214    0.00509690    0.00000000 
max(|Force|)     :   0.00144506    0.00443701    0.01830324    0.01659128    0.00495629    0.00229395    0.01261102    0.01273786    0.00515165    0.00142378 
ksp              :   0.01152168    0.03528984    0.07657007    0.09541575    0.10000000    0.10000000    0.08584237    0.04255277    0.01821957 
max(|step|)      :   0.00000000    0.01443665    0.01370949    0.01033816    0.00687116    0.00768337    0.00617134    0.02314793    0.00834571    0.00000000 
angle (deg.)     :    30.1606  75.6585  31.2670  15.9195  26.5458  16.4908  68.1645  20.7965 
>
iteration       : 22
climbing        : yes
zoom on         : no
nim             : 10
barrier         :   0.03841619 (image:  5) 
distance        :   0.00000000    3.23252727    4.23759560    4.76922894    5.26698764    5.69294663    6.35728665    7.06869209    8.41890703   10.98212869 
energy          : -1075.99704634  -1075.99647331  -1075.98569096  -1075.96880290  -1075.96058998  -1075.95863014  -1075.96458085  -1075.98244021  -1075.99335274  -1075.99731884 
max(|Fr_perp|)   :   0.00000000    0.00392837    0.00326828    0.00450630    0.00363117    0.00363488    0.00459198    0.01013082    0.01026600    0.00000000 
Fr_paral         :   0.00000000   -0.00510623   -0.03080133   -0.02791507   -0.01015405    0.00022690    0.02194048    0.02428588    0.00427257    0.00000000 
max(|Fsp_paral|) :   0.00000000    0.00004400    0.00187790    0.00352803    0.00233000    0.01009239    0.00252015    0.00063892    0.00400600    0.00000000 
max(|Fsp_perp|)  :   0.00000000    0.00000000    0.00000000    0.00000000    0.00000000    0.00000000    0.00000000    0.00000000    0.00000000    0.00000000 
max(|FNEB|)      :   0.00000000    0.00394115    0.00343012    0.00453657    0.00443863    0.00368246    0.00518168    0.00999361    0.01099132    0.00000000 
max(|Force|)     :   0.00144506    0.00420588    0.01884105    0.01702488    0.00530097    0.00358730    0.01301089    0.01336944    0.01000286    0.00142378 
ksp              :   0.01134245    0.03660295    0.07616765    0.09540857    0.10000000    0.10000000    0.08605890    0.04421867    0.01865323 
max(|step|)      :   0.00000000    0.02868579    0.03347065    0.01828792    0.01304160    0.01683661    0.01503940    0.04610973    0.01929469    0.00000000 
angle (deg.)     :    43.4677  56.7574  15.8522  16.5509  28.8320  16.7252  67.2141  26.4592 
>
iteration       : 23
climbing        : yes
zoom on         : no
nim             : 10
barrier         :   0.03834061 (image:  5) 
distance        :   0.00000000    3.35724572    4.26764040    4.73809098    5.22452072    5.64267458    6.31753328    6.99783303    8.27907008   10.97220686 
energy          : -1075.99704634  -1075.99667542  -1075.98469128  -1075.96896364  -1075.96076912  -1075.95870573  -1075.96425084  -1075.98137046  -1075.99299090  -1075.99731884 
max(|Fr_perp|)   :   0.00000000    0.00635936    0.00461568    0.00586626    0.00394569    0.00405778    0.00997138    0.00878845    0.01306626    0.00000000 
Fr_paral         :   0.00000000   -0.00542157   -0.03284531   -0.02919024   -0.01048221   -0.00027142    0.02117385    0.02490214    0.00453448    0.00000000 
max(|Fsp_paral|) :   0.00000000    0.00039103    0.00011076    0.00550881    0.00217213    0.01086008    0.00405224    0.00033934    0.00278089    0.00000000 
max(|Fsp_perp|)  :   0.00000000    0.00000000    0.00000000    0.00000000    0.00000000    0.00000000    0.00000000    0.00000000    0.00000000    0.00000000 
max(|FNEB|)      :   0.00000000    0.00633100    0.00465877    0.00578445    0.00464707    0.00400069    0.00921673    0.00880406    0.01349256    0.00000000 
max(|Force|)     :   0.00144506    0.00615801    0.01930373    0.01788571    0.00560305    0.00411486    0.01236266    0.01251620    0.01280120    0.00142378 
ksp              :   0.01087069    0.03900203    0.07592078    0.09515643    0.10000000    0.10000000    0.08698352    0.04679725    0.01951966 
max(|step|)      :   0.00000000    0.05474152    0.04886060    0.02678061    0.02837721    0.03558585    0.03455546    0.07117049    0.03378674    0.00000000 
angle (deg.)     :    69.2160  42.1767  11.6780  19.4767  33.2920  21.7834  66.2476  37.7178 
>
iteration       : 24
climbing        : yes
zoom on         : no
nim             : 10
barrier         :   0.03818769 (image:  5) 
distance        :   0.00000000    3.60060551    4.47004034    4.91652677    5.35886957    5.77110893    6.44418816    7.11260686    8.29882925   11.21964657 
energy          : -1075.99704634  -1075.99687604  -1075.98295697  -1075.96846302  -1075.96116321  -1075.95885865  -1075.96231213  -1075.97745687  -1075.99214550  -1075.99731884 
max(|Fr_perp|)   :   0.00000000    0.00763086    0.00852071    0.00887736    0.00605608    0.00447847    0.02849920    0.03761457    0.02738733    0.00000000 
Fr_paral         :   0.00000000   -0.00501659   -0.03228373   -0.02831302   -0.01111123   -0.00104242    0.01524089    0.01598202    0.00372772    0.00000000 
max(|Fsp_paral|) :   0.00000000    0.00004796    0.00154879    0.00392892    0.00030469    0.01112910    0.00289646    0.00231110    0.00161760    0.00000000 
max(|Fsp_perp|)  :   0.00000000    0.00000000    0.00000000    0.00000000    0.00000000    0.00000000    0.00000000    0.00000000    0.00000000    0.00000000 
max(|FNEB|)      :   0.00000000    0.00764440    0.00826028    0.00911145    0.00605772    0.00448110    0.02895301    0.03783995    0.02733203    0.00000000 
max(|Force|)     :   0.00144506    0.00744293    0.01971323    0.01747394    0.00618142    0.00447585    0.02723279    0.03833812    0.02743825    0.00142378 
ksp              :   0.01040134    0.04320555    0.07736460    0.09456867    0.10000000    0.10000000    0.09186089    0.05616807    0.02155019 
max(|step|)      :   0.00000000    0.01586481    0.01331286    0.00779450    0.00587246    0.01009953    0.02155208    0.02448170    0.01825301    0.00000000 
angle (deg.)     :    61.7026  42.3829  6.9304  18.9901  31.6470  17.8245  65.4650  34.2151 
>
iteration       : 25
climbing        : yes
zoom on         : no
nim             : 10
barrier         :   0.03814995 (image:  5) 
distance        :   0.00000000    3.52795971    4.39006380    4.84887710    5.29225379    5.71278028    6.38128651    7.06002614    8.25093816   11.11482314 
energy          : -1075.99704634  -1075.99692798  -1075.98381592  -1075.96869852  -1075.96120823  -1075.95889639  -1075.96391063  -1075.98035809  -1075.99291644  -1075.99731884 
max(|Fr_perp|)   :   0.00000000    0.00333000    0.00261423    0.00292149    0.00161859    0.00159024    0.00230563    0.00873840    0.00526533    0.00000000 
Fr_paral         :   0.00000000   -0.00521147   -0.03304048   -0.02915335   -0.01115599   -0.00093448    0.02027269    0.02471361    0.00497016    0.00000000 
max(|Fsp_paral|) :   0.00000000    0.00031307    0.00013435    0.00356792    0.00006583    0.01033349    0.00345266    0.00046582    0.00095117    0.00000000 
max(|Fsp_perp|)  :   0.00000000    0.00000000    0.00000000    0.00000000    0.00000000    0.00000000    0.00000000    0.00000000    0.00000000    0.00000000 
max(|FNEB|)      :   0.00000000    0.00331134    0.00273899    0.00406679    0.00161872    0.00171806    0.00345190    0.00861171    0.00537110    0.00000000 
max(|Force|)     :   0.00144506    0.00338121    0.01933853    0.01762874    0.00593436    0.00166912    0.01051535    0.01153580    0.00552446    0.00142378 
ksp              :   0.01027923    0.04121204    0.07687569    0.09454611    0.10000000    0.10000000    0.08817084    0.04936945    0.01974289 
max(|step|)      :   0.00000000    0.00948632    0.00374965    0.00704940    0.00531176    0.00616673    0.01006252    0.00484052    0.00538066    0.00000000 
angle (deg.)     :    64.6136  42.8462  5.9925  18.7573  32.0945  18.5511  65.1650  35.5513 
>
iteration       : 26
climbing        : yes
zoom on         : no
nim             : 10
barrier         :   0.03808683 (image:  5) 
distance        :   0.00000000    3.57258235    4.42808973    4.89210819    5.32010180    5.74252965    6.40241785    7.09490992    8.26617428   11.16333180 
energy          : -1075.99704634  -1075.99695146  -1075.98377199  -1075.96853631  -1075.96133965  -1075.95895951  -1075.96368931  -1075.98038056  -1075.99290716  -1075.99731884 
max(|Fr_perp|)   :   0.00000000    0.00133697    0.00242306    0.00243009    0.00110438    0.00113592    0.00251595    0.00235600    0.00143847    0.00000000 
Fr_paral         :   0.00000000   -0.00521328   -0.03323939   -0.02860999   -0.01131599   -0.00108816    0.01951000    0.02519641    0.00498128    0.00000000 
max(|Fsp_paral|) :   0.00000000    0.00048647    0.00026861    0.00240323    0.00091736    0.00984022    0.00221000    0.00162812    0.00022711    0.00000000 
max(|Fsp_perp|)  :   0.00000000    0.00000000    0.00000000    0.00000000    0.00000000    0.00000000    0.00000000    0.00000000    0.00000000    0.00000000 
max(|FNEB|)      :   0.00000000    0.00167543    0.00244437    0.00239007    0.00143088    0.00142308    0.00221164    0.00184058    0.00145287    0.00000000 
max(|Force|)     :   0.00144506    0.00340274    0.01926364    0.01728139    0.00597612    0.00146667    0.00950622    0.01106896    0.00260138    0.00142378 
ksp              :   0.01022418    0.04136756    0.07736981    0.09437568    0.10000000    0.10000000    0.08882338    0.04938160    0.01978096 
max(|step|)      :   0.00000000    0.01187791    0.00802220    0.00889255    0.00876002    0.00858542    0.01369980    0.00989184    0.00749765    0.00000000 
angle (deg.)     :    68.7197  43.1932  7.2692  19.3092  32.6274  18.2427  62.8191  38.4942 
>
iteration       : 27
climbing        : yes
zoom on         : no
nim             : 10
barrier         :   0.03802548 (image:  5) 
distance        :   0.00000000    3.62196129    4.48192589    4.95951819    5.36857001    5.79300860    6.44000840    7.14095420    8.28077585   11.22692185 
energy          : -1075.99704634  -1075.99702962  -1075.98378719  -1075.96826491  -1075.96146092  -1075.95902085  -1075.96341375  -1075.98015121  -1075.99282726  -1075.99731884 
max(|Fr_perp|)   :   0.00000000    0.00133689    0.00239119    0.00200820    0.00123115    0.00134442    0.00220874    0.00408175    0.00391675    0.00000000 
Fr_paral         :   0.00000000   -0.00511712   -0.03311880   -0.02798186   -0.01141736   -0.00123213    0.01865273    0.02568016    0.00473828    0.00000000 
max(|Fsp_paral|) :   0.00000000    0.00033861    0.00089994    0.00066564    0.00193376    0.00931165    0.00093776    0.00260230    0.00083793    0.00000000 
max(|Fsp_perp|)  :   0.00000000    0.00000000    0.00000000    0.00000000    0.00000000    0.00000000    0.00000000    0.00000000    0.00000000    0.00000000 
max(|FNEB|)      :   0.00000000    0.00150909    0.00277490    0.00197447    0.00177043    0.00160535    0.00171738    0.00471639    0.00401228    0.00000000 
max(|Force|)     :   0.00144506    0.00338585    0.01900511    0.01667115    0.00585251    0.00123600    0.00878480    0.01110594    0.00415040    0.00142378 
ksp              :   0.01003958    0.04138220    0.07812085    0.09422476    0.10000000    0.10000000    0.08960274    0.04998795    0.01998584 
max(|step|)      :   0.00000000    0.00953233    0.00771969    0.00778859    0.00575703    0.00618327    0.01218443    0.00984434    0.00617912    0.00000000 
angle (deg.)     :    70.8496  44.4783  8.7601  19.3011  32.8322  17.1960  59.4859  41.6876 
>
iteration       : 28
climbing        : yes
zoom on         : no
nim             : 10
barrier         :   0.03798308 (image:  5) 
distance        :   0.00000000    3.65793709    4.52801360    5.01691905    5.41920721    5.84014859    6.47339685    7.17413236    8.29413243   11.27406050 
energy          : -1075.99704634  -1075.99710890  -1075.98388583  -1075.96807244  -1075.96147394  -1075.95906326  -1075.96317619  -1075.97983986  -1075.99278775  -1075.99731884 
max(|Fr_perp|)   :   0.00000000    0.00258322    0.00250595    0.00297616    0.00170852    0.00168690    0.00319210    0.00541068    0.00552142    0.00000000 
Fr_paral         :   0.00000000   -0.00515064   -0.03299777   -0.02745409   -0.01127386   -0.00130001    0.01792506    0.02652439    0.00448762    0.00000000 
max(|Fsp_paral|) :   0.00000000    0.00033545    0.00136515    0.00028466    0.00206019    0.00894245    0.00003987    0.00287109    0.00135313    0.00000000 
max(|Fsp_perp|)  :   0.00000000    0.00000000    0.00000000    0.00000000    0.00000000    0.00000000    0.00000000    0.00000000    0.00000000    0.00000000 
max(|FNEB|)      :   0.00000000    0.00259804    0.00255048    0.00292863    0.00209181    0.00196398    0.00324900    0.00593380    0.00567272    0.00000000 
max(|Force|)     :   0.00144506    0.00336610    0.01874653    0.01607297    0.00555819    0.00152893    0.00864434    0.01182197    0.00574593    0.00142378 
ksp              :   0.01000000    0.04118351    0.07865297    0.09428795    0.10000000    0.10000000    0.09025451    0.05077033    0.02009062 
max(|step|)      :   0.00000000    0.03034720    0.02746230    0.02015259    0.01821128    0.01789338    0.03191867    0.03297379    0.02041872    0.00000000 
angle (deg.)     :    76.6511  49.9176  14.2161  19.7754  33.2660  14.5410  49.7936  53.0995 
>
iteration       : 29
climbing        : yes
zoom on         : no
nim             : 10
barrier         :   0.03790411 (image:  5) 
distance        :   0.00000000    3.77050155    4.69221380    5.20390183    5.60438097    6.00879745    6.60532870    7.28833927    8.38831883   11.46746377 
energy          : -1075.99704634  -1075.99730292  -1075.98390689  -1075.96764468  -1075.96138598  -1075.95914223  -1075.96245391  -1075.97833955  -1075.99267862  -1075.99731884 
max(|Fr_perp|)   :   0.00000000    0.00409956    0.00577308    0.00335489    0.00423927    0.00226757    0.01171171    0.01351843    0.00753056    0.00000000 
Fr_paral         :   0.00000000   -0.00497665   -0.03224137   -0.02608685   -0.01057742   -0.00140847    0.01561957    0.02795881    0.00382378    0.00000000 
max(|Fsp_paral|) :   0.00000000    0.00013001    0.00148071    0.00162217    0.00124478    0.00825234    0.00163725    0.00141321    0.00136904    0.00000000 
max(|Fsp_perp|)  :   0.00000000    0.00000000    0.00000000    0.00000000    0.00000000    0.00000000    0.00000000    0.00000000    0.00000000    0.00000000 
max(|FNEB|)      :   0.00000000    0.00409117    0.00591736    0.00360962    0.00420785    0.00233805    0.01187534    0.01343775    0.00760406    0.00000000 
max(|Force|)     :   0.00144506    0.00408970    0.01817790    0.01470680    0.00483748    0.00222173    0.01237701    0.01382916    0.00762803    0.00142378 
ksp              :   0.01000000    0.04119847    0.07981168    0.09467241    0.10000000    0.10000000    0.09213671    0.05441763    0.02037076 
max(|step|)      :   0.00000000    0.01955098    0.01712216    0.01208343    0.01100526    0.01166631    0.01603695    0.01959633    0.01310103    0.00000000 
angle (deg.)     :    79.5006  53.6026  16.1804  19.7168  33.2641  13.2336  46.0406  60.2325 
>
iteration       : 30
climbing        : yes
zoom on         : no
nim             : 10
barrier         :   0.03783540 (image:  5) 
distance        :   0.00000000    3.84306596    4.80221782    5.31916247    5.73072606    6.12146732    6.70116211    7.36619963    8.48267557   11.61860134 
energy          : -1075.99704634  -1075.99749611  -1075.98389668  -1075.96759486  -1075.96133234  -1075.95921094  -1075.96235128  -1075.97749466  -1075.99273941  -1075.99731884 
max(|Fr_perp|)   :   0.00000000    0.00270472    0.00347865    0.00381110    0.00171736    0.00175142    0.00597968    0.00577343    0.00216536    0.00000000 
Fr_paral         :   0.00000000   -0.00503444   -0.03178686   -0.02567811   -0.01014829   -0.00148637    0.01525797    0.02914992    0.00357364    0.00000000 
max(|Fsp_paral|) :   0.00000000    0.00058410    0.00092702    0.00128495    0.00000264    0.00812335    0.00177938    0.00072586    0.00019363    0.00000000 
max(|Fsp_perp|)  :   0.00000000    0.00000000    0.00000000    0.00000000    0.00000000    0.00000000    0.00000000    0.00000000    0.00000000    0.00000000 
max(|FNEB|)      :   0.00000000    0.00267285    0.00344668    0.00422558    0.00172563    0.00172489    0.00567160    0.00577447    0.00215892    0.00000000 
max(|Force|)     :   0.00144506    0.00301145    0.01787173    0.01432243    0.00444350    0.00213534    0.00818998    0.01437670    0.00231720    0.00142378 
ksp              :   0.01000000    0.04127941    0.08005696    0.09495376    0.10000000    0.10000000    0.09252999    0.05650805    0.02024498 
max(|step|)      :   0.00000000    0.00246124    0.00563659    0.00856434    0.00342884    0.00290440    0.00523299    0.00382934    0.00279378    0.00000000 
angle (deg.)     :    79.0850  53.0771  13.7345  18.9858  32.9991  12.7464  46.7030  59.8967 
>
iteration       : 31
climbing        : yes
zoom on         : no
nim             : 10
barrier         :   0.03779834 (image:  5) 
distance        :   0.00000000    3.84807873    4.80179080    5.30574393    5.72574997    6.11424125    6.69991429    7.35723627    8.47940138   11.61043455 
energy          : -1075.99704634  -1075.99749932  -1075.98387930  -1075.96783129  -1075.96134198  -1075.95924799  -1075.96251910  -1075.97753919  -1075.99279108  -1075.99731884 
max(|Fr_perp|)   :   0.00000000    0.00121337    0.00250676    0.00315199    0.00112802    0.00129690    0.00268319    0.00214760    0.00143219    0.00000000 
Fr_paral         :   0.00000000   -0.00513394   -0.03216965   -0.02627623   -0.01012617   -0.00145838    0.01569958    0.02910773    0.00391533    0.00000000 
max(|Fsp_paral|) :   0.00000000    0.00047927    0.00034561    0.00010505    0.00052055    0.00840861    0.00101614    0.00127990    0.00015168    0.00000000 
max(|Fsp_perp|)  :   0.00000000    0.00000000    0.00000000    0.00000000    0.00000000    0.00000000    0.00000000    0.00000000    0.00000000    0.00000000 
max(|FNEB|)      :   0.00000000    0.00124022    0.00241562    0.00329111    0.00140816    0.00136782    0.00252426    0.00212874    0.00144114    0.00000000 
max(|Force|)     :   0.00144506    0.00297742    0.01802564    0.01475632    0.00461082    0.00167422    0.00845879    0.01440487    0.00209289    0.00142378 
ksp              :   0.01000000    0.04135147    0.07956269    0.09501411    0.10000000    0.10000000    0.09221131    0.05644763    0.02013201 
max(|step|)      :   0.00000000    0.01036140    0.00988162    0.01801647    0.00714338    0.00645125    0.00720114    0.01213844    0.00751786    0.00000000 
angle (deg.)     :    79.6138  53.4110  10.1648  18.2497  32.3626  11.8310  47.3241  61.7792 
>
iteration       : 32
climbing        : yes
zoom on         : no
nim             : 10
barrier         :   0.03774009 (image:  5) 
distance        :   0.00000000    3.89120581    4.84312608    5.33270035    5.76301116    6.14927058    6.73854418    7.38447940    8.51590699   11.66465433 
energy          : -1075.99704634  -1075.99752363  -1075.98387115  -1075.96810510  -1075.96136819  -1075.95930624  -1075.96264744  -1075.97739534  -1075.99279729  -1075.99731884 
max(|Fr_perp|)   :   0.00000000    0.00140594    0.00283114    0.00200339    0.00126332    0.00160331    0.00238523    0.00303498    0.00401421    0.00000000 
Fr_paral         :   0.00000000   -0.00526928   -0.03240326   -0.02688421   -0.01006762   -0.00141721    0.01594720    0.02900807    0.00423250    0.00000000 
max(|Fsp_paral|) :   0.00000000    0.00025879    0.00040053    0.00122632    0.00112987    0.00856746    0.00025597    0.00231470    0.00046884    0.00000000 
max(|Fsp_perp|)  :   0.00000000    0.00000000    0.00000000    0.00000000    0.00000000    0.00000000    0.00000000    0.00000000    0.00000000    0.00000000 
max(|FNEB|)      :   0.00000000    0.00139893    0.00308547    0.00188638    0.00154929    0.00181339    0.00235652    0.00329070    0.00406725    0.00000000 
max(|Force|)     :   0.00144506    0.00288821    0.01806223    0.01539757    0.00489444    0.00139324    0.00841747    0.01417358    0.00414065    0.00142378 
ksp              :   0.01000000    0.04141929    0.07901708    0.09508281    0.10000000    0.10000000    0.09203214    0.05686235    0.02013283 
max(|step|)      :   0.00000000    0.01283576    0.00970129    0.01707963    0.01041853    0.00836259    0.00714757    0.01166707    0.00867092    0.00000000 
angle (deg.)     :    80.0103  54.1571  9.1935  18.5898  31.2699  11.1195  47.7168  64.7785 
>
iteration       : 33
climbing        : yes
zoom on         : no
nim             : 10
barrier         :   0.03769316 (image:  5) 
distance        :   0.00000000    3.93922356    4.88982395    5.38015865    5.81414397    6.20552543    6.79370370    7.43568698    8.57007928   11.74469398 
energy          : -1075.99704634  -1075.99758114  -1075.98406641  -1075.96824487  -1075.96142909  -1075.95935318  -1075.96273791  -1075.97743151  -1075.99278619  -1075.99731884 
max(|Fr_perp|)   :   0.00000000    0.00227479    0.00766710    0.00252350    0.00155430    0.00155549    0.00489656    0.00630344    0.00398745    0.00000000 
Fr_paral         :   0.00000000   -0.00534626   -0.03187748   -0.02712085   -0.01008158   -0.00130555    0.01605851    0.02870274    0.00423956    0.00000000 
max(|Fsp_paral|) :   0.00000000    0.00021383    0.00018796    0.00143435    0.00103540    0.00825520    0.00009396    0.00261331    0.00021953    0.00000000 
max(|Fsp_perp|)  :   0.00000000    0.00000000    0.00000000    0.00000000    0.00000000    0.00000000    0.00000000    0.00000000    0.00000000    0.00000000 
max(|FNEB|)      :   0.00000000    0.00227550    0.00758811    0.00257234    0.00134699    0.00175383    0.00494348    0.00631534    0.00400708    0.00000000 
max(|Force|)     :   0.00144506    0.00284762    0.01775557    0.01588191    0.00513438    0.00135715    0.00838579    0.01376600    0.00398025    0.00142378 
ksp              :   0.01000000    0.04099219    0.07876930    0.09504334    0.10000000    0.10000000    0.09191828    0.05683435    0.02017195 
max(|step|)      :   0.00000000    0.01623391    0.01234498    0.02235432    0.01407968    0.01050013    0.00888767    0.01354434    0.01068347    0.00000000 
angle (deg.)     :    80.5405  55.0275  11.0344  19.2782  29.8631  10.6280  48.8516  68.3335 
>
iteration       : 34
climbing        : yes
zoom on         : no
nim             : 10
barrier         :   0.03765276 (image:  5) 
distance        :   0.00000000    3.99997480    4.94704934    5.44289104    5.87961762    6.28039476    6.86809913    7.50992790    8.64821935   11.85401110 
energy          : -1075.99704634  -1075.99765503  -1075.98442550  -1075.96839102  -1075.96151766  -1075.95939358  -1075.96291717  -1075.97771283  -1075.99276556  -1075.99731884 
max(|Fr_perp|)   :   0.00000000    0.00102729    0.00449924    0.00302061    0.00126333    0.00132723    0.00197530    0.00346518    0.00270342    0.00000000 
Fr_paral         :   0.00000000   -0.00538118   -0.03138123   -0.02731117   -0.01015505   -0.00117194    0.01644145    0.02847268    0.00382036    0.00000000 
max(|Fsp_paral|) :   0.00000000    0.00098191    0.00048475    0.00137384    0.00067079    0.00777658    0.00000328    0.00251905    0.00044923    0.00000000 
max(|Fsp_perp|)  :   0.00000000    0.00000000    0.00000000    0.00000000    0.00000000    0.00000000    0.00000000    0.00000000    0.00000000    0.00000000 
max(|FNEB|)      :   0.00000000    0.00114481    0.00450428    0.00268687    0.00167380    0.00122765    0.00194600    0.00310942    0.00274212    0.00000000 
max(|Force|)     :   0.00144506    0.00278661    0.01741668    0.01653654    0.00546125    0.00181478    0.00813463    0.01266337    0.00309459    0.00142378 
ksp              :   0.01000000    0.04016712    0.07849373    0.09492288    0.10000000    0.10000000    0.09157769    0.05621217    0.02023218 
max(|step|)      :   0.00000000    0.01119819    0.01229024    0.01381561    0.01015962    0.00677892    0.00639537    0.00896046    0.00726607    0.00000000 
angle (deg.)     :    81.0850  55.0666  12.5787  19.6788  28.9138  10.7794  49.7905  70.5740 
>
iteration       : 35
climbing        : yes
zoom on         : no
nim             : 10
barrier         :   0.03762236 (image:  5) 
distance        :   0.00000000    4.04059235    4.98522580    5.48737845    5.92333542    6.33357747    6.92095953    7.56887525    8.70817345   11.93286263 
energy          : -1075.99704634  -1075.99772329  -1075.98469080  -1075.96847459  -1075.96160176  -1075.95942398  -1075.96304336  -1075.97809535  -1075.99277108  -1075.99731884 
max(|Fr_perp|)   :   0.00000000    0.00094726    0.00436618    0.00360848    0.00140107    0.00150679    0.00136284    0.00233718    0.00200131    0.00000000 
Fr_paral         :   0.00000000   -0.00531071   -0.03111547   -0.02731614   -0.01025338   -0.00106556    0.01668300    0.02813094    0.00385044    0.00000000 
max(|Fsp_paral|) :   0.00000000    0.00150697    0.00108510    0.00106983    0.00014516    0.00734216    0.00021483    0.00187324    0.00113140    0.00000000 
max(|Fsp_perp|)  :   0.00000000    0.00000000    0.00000000    0.00000000    0.00000000    0.00000000    0.00000000    0.00000000    0.00000000    0.00000000 
max(|FNEB|)      :   0.00000000    0.00169606    0.00423912    0.00338626    0.00152022    0.00150563    0.00147291    0.00242416    0.00188109    0.00000000 
max(|Force|)     :   0.00144506    0.00280873    0.01737710    0.01673120    0.00557051    0.00194844    0.00838918    0.01226150    0.00240896    0.00142378 
ksp              :   0.01000000    0.03955686    0.07834917    0.09479031    0.10000000    0.10000000    0.09134173    0.05533444    0.02022724 
max(|step|)      :   0.00000000    0.02291048    0.03313820    0.02491578    0.02049537    0.01308295    0.01273450    0.02153192    0.01532893    0.00000000 
angle (deg.)     :    82.6254  54.2322  14.6441  20.0755  27.1695  11.6138  51.7539  74.8623 
>
iteration       : 36
climbing        : yes
zoom on         : no
nim             : 10
barrier         :   0.03755080 (image:  5) 
distance        :   0.00000000    4.12128996    5.06537776    5.58030830    6.01361642    6.44586442    7.03396910    7.70019818    8.84410512   12.10255992 
energy          : -1075.99704634  -1075.99790558  -1075.98522242  -1075.96865908  -1075.96177977  -1075.95949554  -1075.96335455  -1075.97908241  -1075.99281845  -1075.99731884 
max(|Fr_perp|)   :   0.00000000    0.00112608    0.00310821    0.00363394    0.00120749    0.00126780    0.00138350    0.00164946    0.00126587    0.00000000 
Fr_paral         :   0.00000000   -0.00501916   -0.03104112   -0.02727894   -0.01044490   -0.00081037    0.01730334    0.02723325    0.00306817    0.00000000 
max(|Fsp_paral|) :   0.00000000    0.00239395    0.00214168    0.00041713    0.00107674    0.00641707    0.00079997    0.00011104    0.00256793    0.00000000 
max(|Fsp_perp|)  :   0.00000000    0.00000000    0.00000000    0.00000000    0.00000000    0.00000000    0.00000000    0.00000000    0.00000000    0.00000000 
max(|FNEB|)      :   0.00000000    0.00288887    0.00309544    0.00361914    0.00144027    0.00146706    0.00201734    0.00179472    0.00234876    0.00000000 
max(|Force|)     :   0.00144506    0.00288014    0.01768235    0.01671173    0.00559537    0.00159228    0.00875180    0.01162367    0.00171270    0.00142378 
ksp              :   0.01000000    0.03833901    0.07803726    0.09452526    0.10000000    0.10000000    0.09075091    0.05305509    0.02013319 
max(|step|)      :   0.00000000    0.04106881    0.06488891    0.03230092    0.02572894    0.01821289    0.02592231    0.02956240    0.03152084    0.00000000 
angle (deg.)     :    86.5327  51.1747  15.0001  18.7404  25.3878  13.3278  53.9127  80.6312 
>
iteration       : 37
climbing        : yes
zoom on         : no
nim             : 10
barrier         :   0.03741390 (image:  5) 
distance        :   0.00000000    4.23696750    5.21380025    5.73213672    6.17615781    6.63589587    7.23620025    7.92256736    9.10180276   12.39469657 
energy          : -1075.99704634  -1075.99831854  -1075.98563812  -1075.96904909  -1075.96192334  -1075.95963244  -1075.96407728  -1075.98052212  -1075.99228184  -1075.99731884 
max(|Fr_perp|)   :   0.00000000    0.00219691    0.00473387    0.00419312    0.00214751    0.00245887    0.00328651    0.01143036    0.02320489    0.00000000 
Fr_paral         :   0.00000000   -0.00422996   -0.03199811   -0.02729180   -0.01031102   -0.00033132    0.01876440    0.02528259    0.00128522    0.00000000 
max(|Fsp_paral|) :   0.00000000    0.00252578    0.00178464    0.00101021    0.00185327    0.00572237    0.00062278    0.00124439    0.00623769    0.00000000 
max(|Fsp_perp|)  :   0.00000000    0.00000000    0.00000000    0.00000000    0.00000000    0.00000000    0.00000000    0.00000000    0.00000000    0.00000000 
max(|FNEB|)      :   0.00000000    0.00336694    0.00457055    0.00447042    0.00183848    0.00243990    0.00328043    0.01133896    0.02235866    0.00000000 
max(|Force|)     :   0.00144506    0.00267853    0.01935636    0.01598801    0.00516376    0.00247783    0.01038381    0.01352935    0.02311363    0.00142378 
ksp              :   0.01000000    0.03744272    0.07734802    0.09448917    0.10000000    0.10000000    0.08930783    0.04974937    0.02146111 
max(|step|)      :   0.00000000    0.01730532    0.02268367    0.01247078    0.00832537    0.00689509    0.01057369    0.00935415    0.01756212    0.00000000 
angle (deg.)     :    88.0791  50.4848  15.4835  18.2709  24.9875  13.8957  54.4887  82.6623 
>
iteration       : 38
climbing        : yes
zoom on         : no
nim             : 10
barrier         :   0.03736755 (image:  5) 
distance        :   0.00000000    4.27889661    5.27535758    5.79483486    6.24544743    6.71310351    7.31938819    8.01056940    9.21356826   12.51685657 
energy          : -1075.99704634  -1075.99846964  -1075.98573498  -1075.96917471  -1075.96194561  -1075.95967878  -1075.96437169  -1075.98116931  -1075.99289357  -1075.99731884 
max(|Fr_perp|)   :   0.00000000    0.00193758    0.00524468    0.00356976    0.00232516    0.00233814    0.00272020    0.00510574    0.00546181    0.00000000 
Fr_paral         :   0.00000000   -0.00392092   -0.03211588   -0.02726681   -0.01017249   -0.00015930    0.01933818    0.02518315    0.00131043    0.00000000 
max(|Fsp_paral|) :   0.00000000    0.00239634    0.00147074    0.00137681    0.00190168    0.00561816    0.00033493    0.00153389    0.00415479    0.00000000 
max(|Fsp_perp|)  :   0.00000000    0.00000000    0.00000000    0.00000000    0.00000000    0.00000000    0.00000000    0.00000000    0.00000000    0.00000000 
max(|FNEB|)      :   0.00000000    0.00334223    0.00516560    0.00384090    0.00201686    0.00232924    0.00273400    0.00496889    0.00701175    0.00000000 
max(|Force|)     :   0.00144506    0.00259486    0.01984468    0.01582379    0.00500067    0.00234705    0.01083817    0.01357981    0.00540158    0.00142378 
ksp              :   0.01000000    0.03724349    0.07712900    0.09454034    0.10000000    0.10000000    0.08869710    0.04823992    0.02000196 
max(|step|)      :   0.00000000    0.00889858    0.00669173    0.00352789    0.00305435    0.00271732    0.00456565    0.00518684    0.00989026    0.00000000 
angle (deg.)     :    88.7688  50.4109  14.6756  18.0488  24.9566  13.7365  54.3791  83.2211 
>
iteration       : 39
climbing        : yes
zoom on         : no
nim             : 10
barrier         :   0.03733707 (image:  5) 
distance        :   0.00000000    4.29079115    5.30135393    5.82040283    6.27558693    6.74224453    7.35170333    8.04036983    9.25822639   12.56189836 
energy          : -1075.99704634  -1075.99855766  -1075.98581917  -1075.96922728  -1075.96193679  -1075.95970927  -1075.96450796  -1075.98132710  -1075.99295508  -1075.99731884 
max(|Fr_perp|)   :   0.00000000    0.00161175    0.00422588    0.00240318    0.00168063    0.00121489    0.00151888    0.00311700    0.00368693    0.00000000 
Fr_paral         :   0.00000000   -0.00378352   -0.03210490   -0.02733197   -0.01002353   -0.00010420    0.01955976    0.02523802    0.00083068    0.00000000 
max(|Fsp_paral|) :   0.00000000    0.00228768    0.00127116    0.00167228    0.00163751    0.00578015    0.00002241    0.00120543    0.00375792    0.00000000 
max(|Fsp_perp|)  :   0.00000000    0.00000000    0.00000000    0.00000000    0.00000000    0.00000000    0.00000000    0.00000000    0.00000000    0.00000000 
max(|FNEB|)      :   0.00000000    0.00324920    0.00415815    0.00223741    0.00156556    0.00120912    0.00154167    0.00327026    0.00418175    0.00000000 
max(|Force|)     :   0.00144506    0.00254252    0.01967326    0.01593304    0.00494583    0.00122066    0.01040103    0.01248582    0.00372563    0.00142378 
ksp              :   0.01000000    0.03706278    0.07705709    0.09463062    0.10000000    0.10000000    0.08843288    0.04789081    0.01986187 
max(|step|)      :   0.00000000    0.01673895    0.01258607    0.00529846    0.00528860    0.00469830    0.00782769    0.00650007    0.01516363    0.00000000 
angle (deg.)     :    89.9783  50.5452  13.1373  17.7855  25.0022  13.4774  54.1731  84.1413 
>
iteration       : 40
climbing        : yes
zoom on         : no
nim             : 10
barrier         :   0.03729848 (image:  5) 
distance        :   0.00000000    4.31046101    5.34895826    5.86842569    6.33122867    6.79511409    7.40977136    8.09417305    9.34190547   12.64478728 
energy          : -1075.99704634  -1075.99870625  -1075.98593678  -1075.96925465  -1075.96190049  -1075.95974785  -1075.96471049  -1075.98153544  -1075.99290388  -1075.99731884 
max(|Fr_perp|)   :   0.00000000    0.00142459    0.00302508    0.00237676    0.00087501    0.00123512    0.00207587    0.00460945    0.00997845    0.00000000 
Fr_paral         :   0.00000000   -0.00356281   -0.03199454   -0.02732570   -0.00975010   -0.00002199    0.01989886    0.02514503    0.00001833    0.00000000 
max(|Fsp_paral|) :   0.00000000    0.00203195    0.00091325    0.00209014    0.00114215    0.00609368    0.00061077    0.00049755    0.00351978    0.00000000 
max(|Fsp_perp|)  :   0.00000000    0.00000000    0.00000000    0.00000000    0.00000000    0.00000000    0.00000000    0.00000000    0.00000000    0.00000000 
max(|FNEB|)      :   0.00000000    0.00293948    0.00269966    0.00203552    0.00127293    0.00123575    0.00204644    0.00473976    0.01029290    0.00000000 
max(|Force|)     :   0.00144506    0.00238429    0.01920011    0.01601641    0.00481500    0.00123450    0.00999021    0.01106398    0.00997930    0.00142378 
ksp              :   0.01000000    0.03680699    0.07706042    0.09480577    0.10000000    0.10000000    0.08802531    0.04742729    0.01999562 
max(|step|)      :   0.00000000    0.04186337    0.03130955    0.01239914    0.01266057    0.01089407    0.01776123    0.01606637    0.03729198    0.00000000 
angle (deg.)     :    92.6998  52.0028  10.8868  17.7034  25.3611  13.3716  53.6553  86.2092 
>
iteration       : 41
climbing        : yes
zoom on         : no
nim             : 10
barrier         :   0.03725321 (image:  5) 
distance        :   0.00000000    4.35631140    5.46845741    5.99517378    6.47407226    6.93032123    7.55569662    8.23372736    9.55934112   12.85877752 
energy          : -1075.99704634  -1075.99902691  -1075.98608091  -1075.96914684  -1075.96175038  -1075.95979312  -1075.96511697  -1075.98193677  -1075.99305516  -1075.99731884 
max(|Fr_perp|)   :   0.00000000    0.00297194    0.00493043    0.00626181    0.00229193    0.00228193    0.00344646    0.00888320    0.00770392    0.00000000 
Fr_paral         :   0.00000000   -0.00307063   -0.03114784   -0.02708398   -0.00906445    0.00018664    0.02065555    0.02468433   -0.00045142    0.00000000 
max(|Fsp_paral|) :   0.00000000    0.00122765    0.00009610    0.00264029    0.00000021    0.00681103    0.00175274    0.00117590    0.00160192    0.00000000 
max(|Fsp_perp|)  :   0.00000000    0.00000000    0.00000000    0.00000000    0.00000000    0.00000000    0.00000000    0.00000000    0.00000000    0.00000000 
max(|FNEB|)      :   0.00000000    0.00321632    0.00484567    0.00571812    0.00228028    0.00227143    0.00328648    0.00869212    0.00780418    0.00000000 
max(|Force|)     :   0.00144506    0.00322561    0.01766163    0.01592573    0.00443309    0.00229243    0.00948261    0.01129998    0.00769002    0.00142378 
ksp              :   0.01000000    0.03649136    0.07740237    0.09527145    0.10000000    0.10000000    0.08713812    0.04650317    0.01964228 
max(|step|)      :   0.00000000    0.04739029    0.02868192    0.01245946    0.01256467    0.01071858    0.01617658    0.02553619    0.03865896    0.00000000 
angle (deg.)     :    95.2797  55.0045  11.2858  18.5097  26.0943  14.6343  53.6706  88.0115 
>
iteration       : 42
climbing        : yes
zoom on         : no
nim             : 10
barrier         :   0.03722372 (image:  5) 
distance        :   0.00000000    4.40439000    5.60131755    6.15168765    6.63661673    7.08633890    7.71536941    8.40693208    9.81039841   13.10273554 
energy          : -1075.99704634  -1075.99935176  -1075.98619788  -1075.96878113  -1075.96160834  -1075.95982262  -1075.96527325  -1075.98182677  -1075.99306251  -1075.99731884 
max(|Fr_perp|)   :   0.00000000    0.00453417    0.00855360    0.00852834    0.00302774    0.00472716    0.01307670    0.02474794    0.00804598    0.00000000 
Fr_paral         :   0.00000000   -0.00261992   -0.02926421   -0.02639233   -0.00852519    0.00035592    0.02097532    0.02030731   -0.00073242    0.00000000 
max(|Fsp_paral|) :   0.00000000    0.00027965    0.00013123    0.00178969    0.00063704    0.00724968    0.00145998    0.00250957    0.00052146    0.00000000 
max(|Fsp_perp|)  :   0.00000000    0.00000000    0.00000000    0.00000000    0.00000000    0.00000000    0.00000000    0.00000000    0.00000000    0.00000000 
max(|FNEB|)      :   0.00000000    0.00455090    0.00849409    0.00865478    0.00284473    0.00473845    0.01321308    0.02512490    0.00800400    0.00000000 
max(|Force|)     :   0.00144506    0.00461058    0.01520688    0.01491945    0.00381985    0.00471586    0.01189836    0.02615557    0.00801559    0.00142378 
ksp              :   0.01000000    0.03622955    0.07833999    0.09568245    0.10000000    0.10000000    0.08682139    0.04679807    0.01963215 
max(|step|)      :   0.00000000    0.01109320    0.00708705    0.00527992    0.00331859    0.00366121    0.00850591    0.01310775    0.01192557    0.00000000 
angle (deg.)     :    94.6675  54.2257  10.5567  18.3245  25.8574  13.5550  53.5482  87.5798 
>
iteration       : 43
climbing        : yes
zoom on         : no
nim             : 10
barrier         :   0.03719543 (image:  5) 
distance        :   0.00000000    4.39295327    5.56918182    6.11439504    6.59626631    7.04804815    7.67528481    8.36603791    9.74877186   13.04176459 
energy          : -1075.99704634  -1075.99930603  -1075.98630691  -1075.96893368  -1075.96166508  -1075.95985091  -1075.96538624  -1075.98262632  -1075.99319234  -1075.99731884 
max(|Fr_perp|)   :   0.00000000    0.00110225    0.00295175    0.00282449    0.00219046    0.00198380    0.00256655    0.00501247    0.00286523    0.00000000 
Fr_paral         :   0.00000000   -0.00270648   -0.02992348   -0.02681681   -0.00869259    0.00039697    0.02130582    0.02408723   -0.00020368    0.00000000 
max(|Fsp_paral|) :   0.00000000    0.00065749    0.00011150    0.00192555    0.00040047    0.00706937    0.00147898    0.00100967    0.00078486    0.00000000 
max(|Fsp_perp|)  :   0.00000000    0.00000000    0.00000000    0.00000000    0.00000000    0.00000000    0.00000000    0.00000000    0.00000000    0.00000000 
max(|FNEB|)      :   0.00000000    0.00126402    0.00292759    0.00300996    0.00207212    0.00192433    0.00268234    0.00508011    0.00291421    0.00000000 
max(|Force|)     :   0.00144506    0.00144097    0.01582642    0.01507911    0.00395898    0.00204327    0.01089853    0.01011243    0.00285936    0.00142378 
ksp              :   0.01000000    0.03598568    0.07802283    0.09561034    0.10000000    0.10000000    0.08660643    0.04489143    0.01932534 
max(|step|)      :   0.00000000    0.00445435    0.00220296    0.00284135    0.00215630    0.00204935    0.00171352    0.00323148    0.00321934    0.00000000 
angle (deg.)     :    94.8350  54.4843  10.3521  18.5272  25.9020  13.5011  53.5421  87.6845 
>
iteration       : 44
climbing        : yes
zoom on         : no
nim             : 10
barrier         :   0.03717869 (image:  5) 
distance        :   0.00000000    4.39688657    5.58040267    6.12958102    6.60913659    7.06102410    7.68689900    8.38228358    9.77099883   13.06177260 
energy          : -1075.99704634  -1075.99934226  -1075.98638414  -1075.96889011  -1075.96167653  -1075.95986765  -1075.96539678  -1075.98278240  -1075.99321577  -1075.99731884 
max(|Fr_perp|)   :   0.00000000    0.00084017    0.00270403    0.00239081    0.00185482    0.00170312    0.00166043    0.00239700    0.00138407    0.00000000 
Fr_paral         :   0.00000000   -0.00266383   -0.02984278   -0.02675855   -0.00869367    0.00042112    0.02133577    0.02412210   -0.00030265    0.00000000 
max(|Fsp_paral|) :   0.00000000    0.00065105    0.00028529    0.00159888    0.00029866    0.00701965    0.00120242    0.00071933    0.00079336    0.00000000 
max(|Fsp_perp|)  :   0.00000000    0.00000000    0.00000000    0.00000000    0.00000000    0.00000000    0.00000000    0.00000000    0.00000000    0.00000000 
max(|FNEB|)      :   0.00000000    0.00111724    0.00269955    0.00253527    0.00176358    0.00164016    0.00121964    0.00281194    0.00143748    0.00000000 
max(|Force|)     :   0.00144506    0.00132465    0.01561905    0.01493172    0.00391056    0.00176609    0.01095896    0.01043191    0.00137462    0.00142378 
ksp              :   0.01000000    0.03581043    0.07815896    0.09562116    0.10000000    0.10000000    0.08661541    0.04452930    0.01927282 
max(|step|)      :   0.00000000    0.02235441    0.01053094    0.01318479    0.01010664    0.00960372    0.00846319    0.01435811    0.01604262    0.00000000 
angle (deg.)     :    95.6560  55.7283  9.9256  19.5531  26.1565  13.5852  53.6973  88.2172 
>
iteration       : 45
climbing        : yes
zoom on         : no
nim             : 10
barrier         :   0.03712589 (image:  5) 
distance        :   0.00000000    4.41706108    5.63808678    6.20549332    6.67576208    7.12763267    7.74828385    8.46508720    9.88547429   13.16551148 
energy          : -1075.99704634  -1075.99950288  -1075.98667049  -1075.96865467  -1075.96170035  -1075.95992044  -1075.96542492  -1075.98333170  -1075.99326786  -1075.99731884 
max(|Fr_perp|)   :   0.00000000    0.00161641    0.00254562    0.00252302    0.00061549    0.00110846    0.00219068    0.00561792    0.00180148    0.00000000 
Fr_paral         :   0.00000000   -0.00246282   -0.02928857   -0.02635544   -0.00865853    0.00052151    0.02142357    0.02343669   -0.00063742    0.00000000 
max(|Fsp_paral|) :   0.00000000    0.00051228    0.00095540    0.00014785    0.00008440    0.00685382    0.00002573    0.00030368    0.00070557    0.00000000 
max(|Fsp_perp|)  :   0.00000000    0.00000000    0.00000000    0.00000000    0.00000000    0.00000000    0.00000000    0.00000000    0.00000000    0.00000000 
max(|FNEB|)      :   0.00000000    0.00166679    0.00275074    0.00243443    0.00064800    0.00111045    0.00222264    0.00571133    0.00154359    0.00000000 
max(|Force|)     :   0.00144506    0.00179335    0.01465709    0.01437491    0.00372228    0.00110648    0.01123051    0.01131236    0.00202806    0.00142378 
ksp              :   0.01000000    0.03515295    0.07882662    0.09568517    0.10000000    0.10000000    0.08665615    0.04324681    0.01915973 
max(|step|)      :   0.00000000    0.02421718    0.01342702    0.01400178    0.01057797    0.00994223    0.00941066    0.01516063    0.01670864    0.00000000 
angle (deg.)     :    96.3673  56.8021  9.8968  20.7476  26.4211  13.8531  54.0453  88.7337 
>
iteration       : 46
climbing        : yes
zoom on         : no
nim             : 10
barrier         :   0.03709135 (image:  5) 
distance        :   0.00000000    4.43897155    5.70149663    6.28437248    6.74724638    7.19849111    7.81610783    8.55352943   10.01175195   13.27767722 
energy          : -1075.99704634  -1075.99967401  -1075.98691700  -1075.96844639  -1075.96169907  -1075.95995498  -1075.96548220  -1075.98388440  -1075.99330537  -1075.99731884 
max(|Fr_perp|)   :   0.00000000    0.00108534    0.00324095    0.00188832    0.00132416    0.00119995    0.00112897    0.00457716    0.00386656    0.00000000 
Fr_paral         :   0.00000000   -0.00225831   -0.02881405   -0.02603005   -0.00861276    0.00062112    0.02158339    0.02270253   -0.00098361    0.00000000 
max(|Fsp_paral|) :   0.00000000    0.00030126    0.00138650    0.00106168    0.00035227    0.00679811    0.00107116    0.00117799    0.00056898    0.00000000 
max(|Fsp_perp|)  :   0.00000000    0.00000000    0.00000000    0.00000000    0.00000000    0.00000000    0.00000000    0.00000000    0.00000000    0.00000000 
max(|FNEB|)      :   0.00000000    0.00116140    0.00301765    0.00198488    0.00124956    0.00118211    0.00150320    0.00477749    0.00392007    0.00000000 
max(|Force|)     :   0.00144506    0.00131812    0.01410853    0.01423860    0.00365814    0.00121778    0.01144032    0.01130689    0.00382442    0.00142378 
ksp              :   0.01000000    0.03457824    0.07939610    0.09576808    0.10000000    0.10000000    0.08658852    0.04193668    0.01907723 
max(|step|)      :   0.00000000    0.03766604    0.01989986    0.01667394    0.01232671    0.01107894    0.01199812    0.01552060    0.02623141    0.00000000 
angle (deg.)     :    97.2369  58.0959  10.2603  22.3829  26.8460  14.8453  54.6527  89.5407 
>
iteration       : 47
climbing        : yes
zoom on         : no
nim             : 10
barrier         :   0.03705702 (image:  5) 
distance        :   0.00000000    4.47475287    5.80429306    6.39899625    6.86053982    7.30846218    7.93037084    8.68660396   10.21348014   13.45438106 
energy          : -1075.99704634  -1075.99991592  -1075.98712750  -1075.96828756  -1075.96167465  -1075.95998932  -1075.96565064  -1075.98447570  -1075.99311544  -1075.99731884 
max(|Fr_perp|)   :   0.00000000    0.00161495    0.00357196    0.00272244    0.00224945    0.00222180    0.00585588    0.00367100    0.01562751    0.00000000 
Fr_paral         :   0.00000000   -0.00196654   -0.02844980   -0.02578648   -0.00847582    0.00072413    0.02197098    0.02147854   -0.00064288    0.00000000 
max(|Fsp_paral|) :   0.00000000    0.00023679    0.00112657    0.00174631    0.00023050    0.00716458    0.00155569    0.00143746    0.00071418    0.00000000 
max(|Fsp_perp|)  :   0.00000000    0.00000000    0.00000000    0.00000000    0.00000000    0.00000000    0.00000000    0.00000000    0.00000000    0.00000000 
max(|FNEB|)      :   0.00000000    0.00163121    0.00336873    0.00293042    0.00219206    0.00220105    0.00601995    0.00358966    0.01557319    0.00000000 
max(|Force|)     :   0.00144506    0.00156895    0.01434081    0.01444181    0.00371786    0.00224254    0.01162567    0.01089595    0.01565024    0.00142378 
ksp              :   0.01000000    0.03408978    0.07984613    0.09590683    0.10000000    0.10000000    0.08625039    0.04053018    0.01954692 
max(|step|)      :   0.00000000    0.00639242    0.00331413    0.00252010    0.00182697    0.00161316    0.00317113    0.00222712    0.00747424    0.00000000 
angle (deg.)     :    97.3471  58.2265  10.2467  22.5181  26.8965  15.0142  54.7310  89.6914 
>
iteration       : 48
climbing        : yes
zoom on         : no
nim             : 10
barrier         :   0.03704164 (image:  5) 
distance        :   0.00000000    4.48155217    5.82255278    6.41627467    6.88006518    7.32699584    7.95197629    8.70810177   10.24918359   13.48481829 
energy          : -1075.99704634  -1075.99995902  -1075.98717425  -1075.96833834  -1075.96167957  -1075.96000470  -1075.96574829  -1075.98456511  -1075.99339498  -1075.99731884 
max(|Fr_perp|)   :   0.00000000    0.00094055    0.00289644    0.00213608    0.00202042    0.00159762    0.00238872    0.00426410    0.00497063    0.00000000 
Fr_paral         :   0.00000000   -0.00191943   -0.02848762   -0.02591330   -0.00844632    0.00073345    0.02215905    0.02131324   -0.00082629    0.00000000 
max(|Fsp_paral|) :   0.00000000    0.00031207    0.00092111    0.00154958    0.00008783    0.00733214    0.00131358    0.00125344    0.00052645    0.00000000 
max(|Fsp_perp|)  :   0.00000000    0.00000000    0.00000000    0.00000000    0.00000000    0.00000000    0.00000000    0.00000000    0.00000000    0.00000000 
max(|FNEB|)      :   0.00000000    0.00088070    0.00271688    0.00231535    0.00198327    0.00170364    0.00253790    0.00414382    0.00500303    0.00000000 
max(|Force|)     :   0.00144506    0.00111756    0.01455842    0.01466173    0.00378176    0.00156536    0.01169294    0.01051891    0.00499658    0.00142378 
ksp              :   0.01000000    0.03398619    0.07975175    0.09593056    0.10000000    0.10000000    0.08604481    0.04032561    0.01887169 
max(|step|)      :   0.00000000    0.00651592    0.00414384    0.00302312    0.00235868    0.00214713    0.00303061    0.00399368    0.00507102    0.00000000 
angle (deg.)     :    97.4319  58.2997  10.1811  22.5440  26.9286  15.2076  54.8042  89.8148 
>
iteration       : 49
climbing        : yes
zoom on         : no
nim             : 10
barrier         :   0.03702132 (image:  5) 
distance        :   0.00000000    4.48932408    5.84172862    6.43241739    6.90009746    7.34594614    7.97580016    8.72966071   10.28469808   13.51379269 
energy          : -1075.99704634  -1076.00000370  -1075.98721651  -1075.96843424  -1075.96169429  -1075.96002502  -1075.96585437  -1075.98464590  -1075.99344132  -1075.99731884 
max(|Fr_perp|)   :   0.00000000    0.00091851    0.00208911    0.00165826    0.00155366    0.00145204    0.00169876    0.00184645    0.00273380    0.00000000 
Fr_paral         :   0.00000000   -0.00187442   -0.02854739   -0.02610013   -0.00841568    0.00072348    0.02232322    0.02121885   -0.00107210    0.00000000 
max(|Fsp_paral|) :   0.00000000    0.00038913    0.00059388    0.00115088    0.00012411    0.00757594    0.00088028    0.00097751    0.00089007    0.00000000 
max(|Fsp_perp|)  :   0.00000000    0.00000000    0.00000000    0.00000000    0.00000000    0.00000000    0.00000000    0.00000000    0.00000000    0.00000000 
max(|FNEB|)      :   0.00000000    0.00083936    0.00195084    0.00183935    0.00154798    0.00149168    0.00167221    0.00237945    0.00274809    0.00000000 
max(|Force|)     :   0.00144506    0.00109530    0.01487699    0.01492936    0.00386930    0.00141239    0.01170047    0.01006172    0.00268384    0.00142378 
ksp              :   0.01000000    0.03389662    0.07955690    0.09594194    0.10000000    0.10000000    0.08582865    0.04014586    0.01876391 
max(|step|)      :   0.00000000    0.00880395    0.00702483    0.00518617    0.00426124    0.00373934    0.00478595    0.00488225    0.00537087    0.00000000 
angle (deg.)     :    97.5138  58.3484  10.1270  22.4533  26.9451  15.4820  54.9309  89.9656 
>
iteration       : 50
climbing        : yes
zoom on         : no
nim             : 10
barrier         :   0.03699233 (image:  5) 
distance        :   0.00000000    4.50120167    5.86854253    6.45315490    6.92763516    7.37224612    8.01066422    8.75915297   10.33400012   13.55238677 
energy          : -1075.99704634  -1076.00006672  -1075.98727965  -1075.96861790  -1075.96172146  -1075.96005401  -1075.96602056  -1075.98472428  -1075.99344438  -1075.99731884 
max(|Fr_perp|)   :   0.00000000    0.00089891    0.00173568    0.00124101    0.00068081    0.00086166    0.00207166    0.00175749    0.00676136    0.00000000 
Fr_paral         :   0.00000000   -0.00182065   -0.02861250   -0.02644620   -0.00837796    0.00069685    0.02256944    0.02104923   -0.00127021    0.00000000 
max(|Fsp_paral|) :   0.00000000    0.00047134    0.00005962    0.00041089    0.00046072    0.00797199    0.00007269    0.00043980    0.00123898    0.00000000 
max(|Fsp_perp|)  :   0.00000000    0.00000000    0.00000000    0.00000000    0.00000000    0.00000000    0.00000000    0.00000000    0.00000000    0.00000000 
max(|FNEB|)      :   0.00000000    0.00079615    0.00168117    0.00138213    0.00079622    0.00090092    0.00209621    0.00180800    0.00665071    0.00000000 
max(|Force|)     :   0.00144506    0.00107778    0.01536394    0.01532864    0.00400632    0.00082240    0.01167426    0.00933282    0.00670735    0.00142378 
ksp              :   0.01000000    0.03376174    0.07916460    0.09594319    0.10000000    0.10000000    0.08548376    0.03997877    0.01876332 
max(|step|)      :   0.00000000    0.01563395    0.01186546    0.00846725    0.00740993    0.00675697    0.00808199    0.01098716    0.00885789    0.00000000 
angle (deg.)     :    97.6414  58.5171  10.4887  22.2713  26.9456  15.9482  55.2364  90.1864 
>
iteration       : 51
climbing        : yes
zoom on         : no
nim             : 10
barrier         :   0.03695950 (image:  5) 
distance        :   0.00000000    4.52376632    5.91519599    6.49103431    6.97577332    7.41993651    8.07285697    8.81385090   10.42059466   13.61811668 
energy          : -1075.99704634  -1076.00017297  -1075.98741294  -1075.96893496  -1075.96176536  -1075.96008684  -1075.96628774  -1075.98479504  -1075.99357571  -1075.99731884 
max(|Fr_perp|)   :   0.00000000    0.00088945    0.00166458    0.00115711    0.00075996    0.00069808    0.00161568    0.00681013    0.00226431    0.00000000 
Fr_paral         :   0.00000000   -0.00173483   -0.02847210   -0.02703815   -0.00836618    0.00065109    0.02298304    0.02066640   -0.00092041    0.00000000 
max(|Fsp_paral|) :   0.00000000    0.00053605    0.00069014    0.00071561    0.00089724    0.00856990    0.00122103    0.00046882    0.00238355    0.00000000 
max(|Fsp_perp|)  :   0.00000000    0.00000000    0.00000000    0.00000000    0.00000000    0.00000000    0.00000000    0.00000000    0.00000000    0.00000000 
max(|FNEB|)      :   0.00000000    0.00075986    0.00226480    0.00109530    0.00147660    0.00069969    0.00171446    0.00672712    0.00388810    0.00000000 
max(|Force|)     :   0.00144506    0.00107374    0.01592368    0.01586204    0.00422703    0.00079114    0.01165013    0.00904001    0.00256261    0.00142378 
ksp              :   0.01000000    0.03345827    0.07845394    0.09591263    0.10000000    0.10000000    0.08490020    0.03983310    0.01845131 
max(|step|)      :   0.00000000    0.01182124    0.00846099    0.00571779    0.00417834    0.00379597    0.00424605    0.01108517    0.00542120    0.00000000 
angle (deg.)     :    97.7293  58.7136  10.9628  22.1061  26.9152  16.2094  55.6544  90.1999 
>
iteration       : 52
climbing        : yes
zoom on         : no
nim             : 10
barrier         :   0.03694329 (image:  5) 
distance        :   0.00000000    4.54149337    5.94571717    6.51972654    7.00748537    7.45413191    8.11460366    8.85595589   10.47641818   13.65657656 
energy          : -1075.99704634  -1076.00024500  -1075.98759914  -1075.96913870  -1075.96182284  -1075.96010304  -1075.96640647  -1075.98483560  -1075.99365038  -1075.99731884 
max(|Fr_perp|)   :   0.00000000    0.00085764    0.00192763    0.00130304    0.00127041    0.00124730    0.00187712    0.00992871    0.00175447    0.00000000 
Fr_paral         :   0.00000000   -0.00168635   -0.02800377   -0.02738604   -0.00846644    0.00059959    0.02316476    0.01982928   -0.00064809    0.00000000 
max(|Fsp_paral|) :   0.00000000    0.00038192    0.00079042    0.00107315    0.00089263    0.00877447    0.00169110    0.00071154    0.00297326    0.00000000 
max(|Fsp_perp|)  :   0.00000000    0.00000000    0.00000000    0.00000000    0.00000000    0.00000000    0.00000000    0.00000000    0.00000000    0.00000000 
max(|FNEB|)      :   0.00000000    0.00076034    0.00252403    0.00153199    0.00152338    0.00121256    0.00175870    0.00998679    0.00281919    0.00000000 
max(|Force|)     :   0.00144506    0.00104850    0.01570170    0.01597166    0.00431844    0.00130986    0.01175827    0.01144768    0.00178867    0.00142378 
ksp              :   0.01000000    0.03301494    0.07798764    0.09581029    0.10000000    0.10000000    0.08464380    0.03974739    0.01827312 
max(|step|)      :   0.00000000    0.00058274    0.00171850    0.00095456    0.00107179    0.00067127    0.00112139    0.00376424    0.00185323    0.00000000 
angle (deg.)     :    97.7354  58.7109  10.8225  22.0790  26.9010  16.1341  55.6956  90.1265 
>
iteration       : 53
climbing        : yes
zoom on         : no
nim             : 10
barrier         :   0.03693849 (image:  5) 
distance        :   0.00000000    4.54245539    5.94496895    6.52099514    7.00655991    7.45448515    8.11344969    8.85785057   10.47347085   13.65205007 
energy          : -1075.99704634  -1076.00024840  -1075.98766367  -1075.96913662  -1075.96184505  -1075.96010785  -1075.96637909  -1075.98496654  -1075.99366483  -1075.99731884 
max(|Fr_perp|)   :   0.00000000    0.00083906    0.00160736    0.00105608    0.00106588    0.00102207    0.00134934    0.00517322    0.00142296    0.00000000 
Fr_paral         :   0.00000000   -0.00168540   -0.02786589   -0.02736595   -0.00852819    0.00058890    0.02311453    0.02009868   -0.00060871    0.00000000 
max(|Fsp_paral|) :   0.00000000    0.00026723    0.00057466    0.00085737    0.00073817    0.00866665    0.00145247    0.00027520    0.00270560    0.00000000 
max(|Fsp_perp|)  :   0.00000000    0.00000000    0.00000000    0.00000000    0.00000000    0.00000000    0.00000000    0.00000000    0.00000000    0.00000000 
max(|FNEB|)      :   0.00000000    0.00077289    0.00204080    0.00125088    0.00131553    0.00098804    0.00143333    0.00518147    0.00251207    0.00000000 
max(|Force|)     :   0.00144506    0.00103105    0.01539969    0.01586462    0.00429587    0.00110312    0.01182231    0.00810580    0.00145420    0.00142378 
ksp              :   0.01000000    0.03286070    0.07800155    0.09576733    0.10000000    0.10000000    0.08472024    0.03943223    0.01823898 
max(|step|)      :   0.00000000    0.01198257    0.00833668    0.00474041    0.00591157    0.00374790    0.00368489    0.00671684    0.00990544    0.00000000 
angle (deg.)     :    97.8368  58.8941  10.9790  21.8389  26.8417  16.1212  56.1994  89.8376 
>
iteration       : 54
climbing        : yes
zoom on         : no
nim             : 10
barrier         :   0.03691299 (image:  5) 
distance        :   0.00000000    4.56051027    5.96728875    6.54986513    7.02940287    7.48425526    8.14303148    8.89885066   10.50666401   13.66477606 
energy          : -1075.99704634  -1076.00031811  -1075.98803803  -1075.96928853  -1075.96197391  -1075.96013334  -1075.96635079  -1075.98518471  -1075.99376470  -1075.99731884 
max(|Fr_perp|)   :   0.00000000    0.00072725    0.00103959    0.00075015    0.00067888    0.00057596    0.00073790    0.00546785    0.00084370    0.00000000 
Fr_paral         :   0.00000000   -0.00164300   -0.02689698   -0.02755322   -0.00884051    0.00050239    0.02303339    0.01990823   -0.00039722    0.00000000 
max(|Fsp_paral|) :   0.00000000    0.00025364    0.00014299    0.00030064    0.00013700    0.00839801    0.00090070    0.00066107    0.00267774    0.00000000 
max(|Fsp_perp|)  :   0.00000000    0.00000000    0.00000000    0.00000000    0.00000000    0.00000000    0.00000000    0.00000000    0.00000000    0.00000000 
max(|FNEB|)      :   0.00000000    0.00081283    0.00106494    0.00074064    0.00069761    0.00059057    0.00080172    0.00554250    0.00263291    0.00000000 
max(|Force|)     :   0.00144506    0.00092747    0.01403375    0.01558388    0.00428336    0.00063717    0.01210458    0.00875743    0.00096753    0.00142378 
ksp              :   0.01000000    0.03196373    0.07767815    0.09551239    0.10000000    0.10000000    0.08484084    0.03892062    0.01800117 
max(|step|)      :   0.00000000    0.01820499    0.01157280    0.00755998    0.00851659    0.00534232    0.00552089    0.00886044    0.01696522    0.00000000 
angle (deg.)     :    97.9968  59.1849  11.7465  21.4550  26.8001  16.1944  56.9929  89.3463 
>
iteration       : 55
climbing        : yes
zoom on         : no
nim             : 10
barrier         :   0.03688571 (image:  5) 
distance        :   0.00000000    4.58700537    6.00203395    6.59332351    7.06531769    7.52969674    8.18795360    8.95957669   10.55404019   13.68114895 
energy          : -1075.99704634  -1076.00042009  -1075.98851977  -1075.96952386  -1075.96215191  -1075.96016063  -1075.96628982  -1075.98539241  -1075.99388332  -1075.99731884 
max(|Fr_perp|)   :   0.00000000    0.00063619    0.00167530    0.00118152    0.00061211    0.00062382    0.00109254    0.00845472    0.00122506    0.00000000 
Fr_paral         :   0.00000000   -0.00158128   -0.02545603   -0.02785744   -0.00929370    0.00037422    0.02289561    0.01946181   -0.00004400    0.00000000 
max(|Fsp_paral|) :   0.00000000    0.00088305    0.00100983    0.00039321    0.00066470    0.00801820    0.00010446    0.00184372    0.00271011    0.00000000 
max(|Fsp_perp|)  :   0.00000000    0.00000000    0.00000000    0.00000000    0.00000000    0.00000000    0.00000000    0.00000000    0.00000000    0.00000000 
max(|FNEB|)      :   0.00000000    0.00100175    0.00180602    0.00117701    0.00092078    0.00062795    0.00113355    0.00889868    0.00274313    0.00000000 
max(|Force|)     :   0.00144506    0.00076920    0.01215120    0.01530775    0.00431497    0.00075143    0.01236984    0.01115827    0.00122374    0.00142378 
ksp              :   0.01000000    0.03080456    0.07715400    0.09514133    0.10000000    0.10000000    0.08504495    0.03843523    0.01771765 
max(|step|)      :   0.00000000    0.03392855    0.01866181    0.01506141    0.01323767    0.00979782    0.01004784    0.01175356    0.03409232    0.00000000 
angle (deg.)     :    98.2879  59.5553  14.1566  20.5300  26.8597  16.5238  58.2469  88.2974 
>
iteration       : 56
climbing        : yes
zoom on         : no
nim             : 10
barrier         :   0.03684756 (image:  5) 
distance        :   0.00000000    4.63236212    6.06921393    6.66874904    7.13572681    7.61269950    8.27280772    9.06004748   10.63019719   13.70032110 
energy          : -1075.99704634  -1076.00060244  -1075.98919363  -1075.97005576  -1075.96242636  -1075.96019878  -1075.96620923  -1075.98567666  -1075.99402448  -1075.99731884 
max(|Fr_perp|)   :   0.00000000    0.00091701    0.00239496    0.00157905    0.00134602    0.00101940    0.00195188    0.00376520    0.00156849    0.00000000 
Fr_paral         :   0.00000000   -0.00146526   -0.02348367   -0.02863039   -0.00999334    0.00014846    0.02270613    0.01946668    0.00062727    0.00000000 
max(|Fsp_paral|) :   0.00000000    0.00162368    0.00177047    0.00075022    0.00154558    0.00761877    0.00059547    0.00331441    0.00267623    0.00000000 
max(|Fsp_perp|)  :   0.00000000    0.00000000    0.00000000    0.00000000    0.00000000    0.00000000    0.00000000    0.00000000    0.00000000    0.00000000 
max(|FNEB|)      :   0.00000000    0.00177822    0.00348115    0.00165274    0.00196079    0.00101489    0.00202735    0.00351634    0.00236820    0.00000000 
max(|Force|)     :   0.00144506    0.00089687    0.00995189    0.01536400    0.00448688    0.00102392    0.01251284    0.01013074    0.00173381    0.00142378 
ksp              :   0.01000000    0.02918020    0.07592436    0.09455914    0.10000000    0.10000000    0.08531950    0.03777038    0.01738087 
max(|step|)      :   0.00000000    0.04005379    0.02077605    0.01824938    0.01294147    0.01138830    0.01159772    0.01395441    0.04269902    0.00000000 
angle (deg.)     :    98.6437  59.8242  17.4211  19.2460  27.0669  17.0074  59.4019  86.9667 
>
iteration       : 57
climbing        : yes
zoom on         : no
nim             : 10
barrier         :   0.03679532 (image:  5) 
distance        :   0.00000000    4.68135379    6.15316975    6.75470760    7.22532951    7.71114248    8.37621735    9.16538237   10.71097115   13.71644163 
energy          : -1075.99704634  -1076.00080485  -1075.98982213  -1075.97079992  -1075.96270329  -1075.96025101  -1075.96616641  -1075.98564761  -1075.99406424  -1075.99731884 
max(|Fr_perp|)   :   0.00000000    0.00081050    0.00268292    0.00189892    0.00167616    0.00133602    0.00169787    0.00326796    0.00199839    0.00000000 
Fr_paral         :   0.00000000   -0.00129162   -0.02210162   -0.02971029   -0.01067145   -0.00011025    0.02255150    0.02031270    0.00137297    0.00000000 
max(|Fsp_paral|) :   0.00000000    0.00212236    0.00188748    0.00021501    0.00190914    0.00749295    0.00051019    0.00375694    0.00288857    0.00000000 
max(|Fsp_perp|)  :   0.00000000    0.00000000    0.00000000    0.00000000    0.00000000    0.00000000    0.00000000    0.00000000    0.00000000    0.00000000 
max(|FNEB|)      :   0.00000000    0.00223877    0.00377185    0.00186239    0.00223194    0.00133952    0.00169484    0.00477800    0.00244592    0.00000000 
max(|Force|)     :   0.00144506    0.00080084    0.00901894    0.01610100    0.00485036    0.00133253    0.01238260    0.01119072    0.00260191    0.00142378 
ksp              :   0.01000000    0.02767015    0.07419777    0.09400183    0.10000000    0.10000000    0.08553115    0.03788085    0.01729410 
max(|step|)      :   0.00000000    0.09874542    0.05565862    0.04304530    0.02565162    0.02775546    0.02802922    0.03428318    0.10000000    0.00000000 
angle (deg.)     :    99.6129  60.1151  24.5457  16.1587  28.0160  18.2074  61.5453  83.5234 
>
iteration       : 58
climbing        : yes
zoom on         : no
nim             : 10
barrier         :   0.03663227 (image:  5) 
distance        :   0.00000000    4.79027681    6.37997492    6.97413260    7.47412752    7.96633604    8.64738341    9.40342395   10.90749629   13.76924683 
energy          : -1075.99704634  -1076.00122496  -1075.99108870  -1075.97289845  -1075.96327393  -1075.96041407  -1075.96611116  -1075.98446529  -1075.99352690  -1075.99731884 
max(|Fr_perp|)   :   0.00000000    0.00135809    0.00353560    0.00489394    0.00158451    0.00151888    0.00571339    0.01781080    0.00762409    0.00000000 
Fr_paral         :   0.00000000   -0.00078949   -0.02072264   -0.03232604   -0.01198029   -0.00070874    0.02220355    0.02195214    0.00244908    0.00000000 
max(|Fsp_paral|) :   0.00000000    0.00262286    0.00089498    0.00279651    0.00122934    0.00794792    0.00157718    0.00144007    0.00345070    0.00000000 
max(|Fsp_perp|)  :   0.00000000    0.00000000    0.00000000    0.00000000    0.00000000    0.00000000    0.00000000    0.00000000    0.00000000    0.00000000 
max(|FNEB|)      :   0.00000000    0.00254248    0.00394076    0.00523290    0.00149824    0.00151235    0.00577928    0.01826023    0.00752837    0.00000000 
max(|Force|)     :   0.00144506    0.00139724    0.01045847    0.01898518    0.00593882    0.00154741    0.01137006    0.01936162    0.00801229    0.00142378 
ksp              :   0.01000000    0.02464147    0.06932566    0.09297280    0.10000000    0.10000000    0.08600618    0.04097642    0.01865990 
max(|step|)      :   0.00000000    0.00203647    0.00315646    0.00419144    0.00120006    0.00121136    0.00462908    0.01462606    0.00603007    0.00000000 
angle (deg.)     :    99.5645  59.8856  23.7282  16.3005  28.0504  17.7840  61.4670  83.3010 
>
iteration       : 59
climbing        : yes
zoom on         : no
nim             : 10
barrier         :   0.03662353 (image:  5) 
distance        :   0.00000000    4.78559985    6.37935422    6.97473262    7.47307834    7.96414230    8.64263508    9.39866909   10.89822655   13.75900863 
energy          : -1075.99704634  -1076.00123943  -1075.99114169  -1075.97284901  -1075.96326739  -1075.96042281  -1075.96611376  -1075.98479923  -1075.99360903  -1075.99731884 
max(|Fr_perp|)   :   0.00000000    0.00088274    0.00325958    0.00193168    0.00114620    0.00111467    0.00178581    0.00621291    0.00413805    0.00000000 
Fr_paral         :   0.00000000   -0.00075892   -0.02070591   -0.03235827   -0.01195448   -0.00070195    0.02222969    0.02282249    0.00260576    0.00000000 
max(|Fsp_paral|) :   0.00000000    0.00262949    0.00101782    0.00264644    0.00124010    0.00788087    0.00144611    0.00209259    0.00310525    0.00000000 
max(|Fsp_perp|)  :   0.00000000    0.00000000    0.00000000    0.00000000    0.00000000    0.00000000    0.00000000    0.00000000    0.00000000    0.00000000 
max(|FNEB|)      :   0.00000000    0.00251216    0.00369019    0.00289810    0.00135048    0.00109724    0.00177548    0.00656479    0.00341802    0.00000000 
max(|Force|)     :   0.00144506    0.00090913    0.01013598    0.01890656    0.00590610    0.00113210    0.01153102    0.01178013    0.00468320    0.00142378 
ksp              :   0.01000000    0.02451030    0.06946339    0.09300961    0.10000000    0.10000000    0.08601484    0.04009648    0.01844696 
max(|step|)      :   0.00000000    0.00182186    0.00270620    0.00218874    0.00097957    0.00085429    0.00101067    0.00293909    0.00235303    0.00000000 
angle (deg.)     :    99.5151  59.6897  23.0718  16.4307  28.0967  17.4856  61.3828  83.0970 
>
iteration       : 60
climbing        : yes
zoom on         : no
nim             : 10
barrier         :   0.03661850 (image:  5) 
distance        :   0.00000000    4.78133883    6.37892411    6.97520755    7.47224328    7.96226287    8.63857994    9.39346193   10.89049256   13.75043746 
energy          : -1075.99704634  -1076.00125100  -1075.99117023  -1075.97278953  -1075.96325736  -1075.96042783  -1075.96608787  -1075.98478729  -1075.99363853  -1075.99731884 
max(|Fr_perp|)   :   0.00000000    0.00076005    0.00308149    0.00167418    0.00085307    0.00082387    0.00162675    0.00454074    0.00354747    0.00000000 
Fr_paral         :   0.00000000   -0.00074009   -0.02071209   -0.03234459   -0.01192431   -0.00069433    0.02217514    0.02277265    0.00261927    0.00000000 
max(|Fsp_paral|) :   0.00000000    0.00261286    0.00109319    0.00251409    0.00124175    0.00783057    0.00135683    0.00210661    0.00319564    0.00000000 
max(|Fsp_perp|)  :   0.00000000    0.00000000    0.00000000    0.00000000    0.00000000    0.00000000    0.00000000    0.00000000    0.00000000    0.00000000 
max(|FNEB|)      :   0.00000000    0.00249300    0.00352759    0.00257182    0.00132634    0.00080661    0.00161474    0.00488391    0.00304376    0.00000000 
max(|Force|)     :   0.00144506    0.00078572    0.00985353    0.01883162    0.00587698    0.00084113    0.01152765    0.01154807    0.00410007    0.00142378 
ksp              :   0.01000000    0.02444213    0.06961774    0.09304566    0.10000000    0.10000000    0.08608891    0.04012996    0.01837561 
max(|step|)      :   0.00000000    0.03478728    0.04921183    0.03614001    0.01846386    0.01116425    0.01622987    0.05336657    0.04316396    0.00000000 
angle (deg.)     :    98.5518  57.4935  17.6363  19.3013  29.2985  13.1825  60.3661  79.3666 
>
iteration       : 61
climbing        : yes
zoom on         : no
nim             : 10
barrier         :   0.03664903 (image:  5) 
distance        :   0.00000000    4.70020451    6.37964438    7.00271009    7.48162008    7.95200990    8.59013925    9.32210400   10.77654665   13.62493863 
energy          : -1075.99704634  -1076.00139166  -1075.99103861  -1075.97148846  -1075.96289463  -1075.96039730  -1075.96550835  -1075.98356539  -1075.99383241  -1075.99731884 
max(|Fr_perp|)   :   0.00000000    0.00179135    0.00267223    0.00428737    0.00299674    0.00279802    0.00641049    0.00580615    0.00279643    0.00000000 
Fr_paral         :   0.00000000   -0.00042798   -0.02021305   -0.03140452   -0.01115119   -0.00046901    0.02103858    0.02104460    0.00293907    0.00000000 
max(|Fsp_paral|) :   0.00000000    0.00159918    0.00162607    0.00020858    0.00096395    0.00700016    0.00010094    0.00060724    0.00550924    0.00000000 
max(|Fsp_perp|)  :   0.00000000    0.00000000    0.00000000    0.00000000    0.00000000    0.00000000    0.00000000    0.00000000    0.00000000    0.00000000 
max(|FNEB|)      :   0.00000000    0.00204754    0.00340620    0.00421945    0.00296161    0.00280956    0.00644239    0.00571069    0.00453669    0.00000000 
max(|Force|)     :   0.00144506    0.00181121    0.00971927    0.01775771    0.00543129    0.00278647    0.01082273    0.00946439    0.00290144    0.00142378 
ksp              :   0.01000000    0.02475333    0.07276315    0.09386725    0.10000000    0.10000000    0.08744868    0.04310551    0.01789252 
max(|step|)      :   0.00000000    0.02163791    0.02518462    0.01915337    0.01098440    0.00381017    0.01519840    0.02155721    0.02836810    0.00000000 
angle (deg.)     :    97.8591  56.9064  20.1756  20.4771  30.1551  13.1521  60.1696  76.7962 
>
iteration       : 62
climbing        : yes
zoom on         : no
nim             : 10
barrier         :   0.03662643 (image:  5) 
distance        :   0.00000000    4.65101244    6.38841266    7.02226402    7.50350710    7.96199581    8.58280828    9.30503865   10.70917057   13.55725204 
energy          : -1075.99704634  -1076.00143272  -1075.99072841  -1075.97094060  -1075.96272368  -1075.96041991  -1075.96491160  -1075.98275893  -1075.99368066  -1075.99731884 
max(|Fr_perp|)   :   0.00000000    0.00536719    0.00714232    0.01388871    0.00178677    0.00284788    0.02104462    0.01467214    0.01088826    0.00000000 
Fr_paral         :   0.00000000   -0.00023140   -0.02055302   -0.03044302   -0.01063518   -0.00040464    0.01910764    0.01946347    0.00282288    0.00000000 
max(|Fsp_paral|) :   0.00000000    0.00064736    0.00111937    0.00087966    0.00020881    0.00681133    0.00111265    0.00042895    0.00553269    0.00000000 
max(|Fsp_perp|)  :   0.00000000    0.00000000    0.00000000    0.00000000    0.00000000    0.00000000    0.00000000    0.00000000    0.00000000    0.00000000 
max(|FNEB|)      :   0.00000000    0.00539033    0.00749875    0.01380085    0.00176797    0.00283285    0.02088310    0.01462344    0.01083810    0.00000000 
max(|Force|)     :   0.00144506    0.00536940    0.01076936    0.01787259    0.00543710    0.00286291    0.01979055    0.01517988    0.01089956    0.00142378 
ksp              :   0.01000000    0.02552468    0.07414812    0.09433907    0.10000000    0.10000000    0.08896284    0.04510762    0.01827027 
max(|step|)      :   0.00000000    0.00228211    0.00310805    0.00638406    0.00160446    0.00175919    0.00944504    0.00582482    0.00394716    0.00000000 
angle (deg.)     :    97.8040  56.8130  19.7376  20.2126  30.0888  12.4124  59.9234  76.6580 
>
iteration       : 63
climbing        : yes
zoom on         : no
nim             : 10
barrier         :   0.03660691 (image:  5) 
distance        :   0.00000000    4.65136326    6.38906283    7.01808442    7.50176044    7.96075961    8.58370630    9.30397786   10.69904618   13.54784670 
energy          : -1075.99704634  -1076.00145674  -1075.99081294  -1075.97119824  -1075.96274919  -1075.96043943  -1075.96536139  -1075.98309882  -1075.99380773  -1075.99731884 
max(|Fr_perp|)   :   0.00000000    0.00226592    0.00357440    0.00474423    0.00121784    0.00174328    0.00666128    0.00741391    0.00480476    0.00000000 
Fr_paral         :   0.00000000   -0.00023028   -0.02088223   -0.03118799   -0.01066683   -0.00035679    0.02054344    0.02147316    0.00307893    0.00000000 
max(|Fsp_paral|) :   0.00000000    0.00074690    0.00095671    0.00035359    0.00012967    0.00682210    0.00052176    0.00071038    0.00518108    0.00000000 
max(|Fsp_perp|)  :   0.00000000    0.00000000    0.00000000    0.00000000    0.00000000    0.00000000    0.00000000    0.00000000    0.00000000    0.00000000 
max(|FNEB|)      :   0.00000000    0.00229099    0.00329257    0.00467483    0.00120086    0.00173251    0.00658560    0.00732233    0.00491523    0.00000000 
max(|Force|)     :   0.00144506    0.00226797    0.01087483    0.01793782    0.00542872    0.00175406    0.01060801    0.00995612    0.00481632    0.00142378 
ksp              :   0.01000000    0.02532514    0.07354889    0.09432133    0.10000000    0.10000000    0.08789910    0.04429069    0.01796228 
max(|step|)      :   0.00000000    0.01048246    0.00842746    0.00841889    0.00474251    0.00362985    0.00749417    0.00713961    0.01649812    0.00000000 
angle (deg.)     :    97.3652  56.5375  21.0594  20.4185  30.4646  12.3055  59.4043  75.0945 
>
iteration       : 64
climbing        : yes
zoom on         : no
nim             : 10
barrier         :   0.03659169 (image:  5) 
distance        :   0.00000000    4.62732582    6.39628177    7.02452113    7.51343449    7.96817893    8.58606741    9.29849251   10.65200713   13.50403412 
energy          : -1075.99704634  -1076.00148514  -1075.99070989  -1075.97117851  -1075.96268658  -1075.96045465  -1075.96536182  -1075.98294619  -1075.99375762  -1075.99731884 
max(|Fr_perp|)   :   0.00000000    0.00063853    0.00236019    0.00212117    0.00109467    0.00059521    0.00309041    0.00222476    0.00224012    0.00000000 
Fr_paral         :   0.00000000   -0.00014346   -0.02139469   -0.03131025   -0.01045249   -0.00028542    0.02054841    0.02270862    0.00338380    0.00000000 
max(|Fsp_paral|) :   0.00000000    0.00030497    0.00042019    0.00002536    0.00034132    0.00678108    0.00043883    0.00100689    0.00439518    0.00000000 
max(|Fsp_perp|)  :   0.00000000    0.00000000    0.00000000    0.00000000    0.00000000    0.00000000    0.00000000    0.00000000    0.00000000    0.00000000 
max(|FNEB|)      :   0.00000000    0.00070429    0.00226915    0.00218997    0.00108789    0.00059536    0.00314704    0.00239076    0.00451330    0.00000000 
max(|Force|)     :   0.00144506    0.00064563    0.01139776    0.01805868    0.00537032    0.00059507    0.01030622    0.00984679    0.00316759    0.00142378 
ksp              :   0.01000000    0.02558497    0.07362385    0.09451041    0.10000000    0.10000000    0.08793044    0.04468037    0.01808884 
max(|step|)      :   0.00000000    0.00954339    0.00599493    0.00713734    0.00377027    0.00263839    0.00259757    0.00824131    0.01883068    0.00000000 
angle (deg.)     :    96.9181  56.4015  22.1774  20.5655  30.7472  12.4279  58.7334  73.5137 
>
iteration       : 65
climbing        : yes
zoom on         : no
nim             : 10
barrier         :   0.03658911 (image:  5) 
distance        :   0.00000000    4.60544733    6.40427706    7.03154865    7.52530503    7.97790767    8.59253367    9.29517157   10.60511412   13.46219175 
energy          : -1075.99704634  -1076.00150478  -1075.99060556  -1075.97116227  -1075.96263341  -1075.96045723  -1075.96534264  -1075.98268226  -1075.99364815  -1075.99731884 
max(|Fr_perp|)   :   0.00000000    0.00096484    0.00248919    0.00245021    0.00129410    0.00122110    0.00456240    0.00375677    0.00266948    0.00000000 
Fr_paral         :   0.00000000   -0.00006113   -0.02162157   -0.03134151   -0.01028548   -0.00023182    0.02047971    0.02352866    0.00356054    0.00000000 
max(|Fsp_paral|) :   0.00000000    0.00013118    0.00011703    0.00028840    0.00068622    0.00672994    0.00018356    0.00112389    0.00346144    0.00000000 
max(|Fsp_perp|)  :   0.00000000    0.00000000    0.00000000    0.00000000    0.00000000    0.00000000    0.00000000    0.00000000    0.00000000    0.00000000 
max(|FNEB|)      :   0.00000000    0.00096847    0.00241963    0.00244395    0.00129525    0.00121622    0.00457237    0.00375041    0.00377936    0.00000000 
max(|Force|)     :   0.00144506    0.00096414    0.01144888    0.01813875    0.00525865    0.00122597    0.01035039    0.01035320    0.00368314    0.00142378 
ksp              :   0.01000000    0.02584268    0.07366829    0.09464713    0.10000000    0.10000000    0.08798312    0.04533202    0.01835868 
max(|step|)      :   0.00000000    0.01092824    0.01428553    0.00782200    0.00515188    0.00319998    0.00495510    0.01627171    0.04104445    0.00000000 
angle (deg.)     :    96.0334  56.8542  21.9467  20.5508  30.6772  12.3725  56.7094  70.7124 
>
iteration       : 66
climbing        : yes
zoom on         : no
nim             : 10
barrier         :   0.03656399 (image:  5) 
distance        :   0.00000000    4.57872861    6.41738444    7.04390011    7.54010091    7.99975384    8.61196323    9.29094179   10.51780419   13.38730993 
energy          : -1075.99704634  -1076.00155591  -1075.99067477  -1075.97124788  -1075.96267789  -1075.96048235  -1075.96542767  -1075.98214164  -1075.99341261  -1075.99731884 
max(|Fr_perp|)   :   0.00000000    0.00067202    0.00214329    0.00821282    0.00077179    0.00070651    0.00137915    0.00714296    0.00562457    0.00000000 
Fr_paral         :   0.00000000    0.00005934   -0.02061528   -0.03127318   -0.01030230   -0.00016166    0.02065326    0.02497832    0.00385258    0.00000000 
max(|Fsp_paral|) :   0.00000000    0.00043773    0.00051126    0.00049042    0.00045272    0.00632616    0.00081618    0.00106953    0.00146003    0.00000000 
max(|Fsp_perp|)  :   0.00000000    0.00000000    0.00000000    0.00000000    0.00000000    0.00000000    0.00000000    0.00000000    0.00000000    0.00000000 
max(|FNEB|)      :   0.00000000    0.00082672    0.00207209    0.00829640    0.00088123    0.00069738    0.00145073    0.00724282    0.00572211    0.00000000 
max(|Force|)     :   0.00144506    0.00067284    0.00932274    0.01787090    0.00488323    0.00071564    0.01119273    0.01259003    0.00638215    0.00142378 
ksp              :   0.01000000    0.02568322    0.07350131    0.09459582    0.10000000    0.10000000    0.08782741    0.04668699    0.01894420 
max(|step|)      :   0.00000000    0.01057992    0.01546458    0.01375834    0.00640936    0.00387509    0.00981349    0.01712475    0.05154550    0.00000000 
angle (deg.)     :    94.9481  57.9626  21.4394  20.5333  30.3872  12.9177  53.9337  67.5784 
>
iteration       : 67
climbing        : yes
zoom on         : no
nim             : 10
barrier         :   0.03655975 (image:  5) 
distance        :   0.00000000    4.55290849    6.43256562    7.06168131    7.55955083    8.03228014    8.63883421    9.29235497   10.42535189   13.31473864 
energy          : -1075.99704634  -1076.00161119  -1075.99075008  -1075.97136108  -1075.96274938  -1075.96048659  -1075.96526102  -1075.98133865  -1075.99310821  -1075.99731884 
max(|Fr_perp|)   :   0.00000000    0.00176950    0.00500383    0.01241626    0.00139671    0.00180316    0.01217840    0.01577959    0.00626604    0.00000000 
Fr_paral         :   0.00000000    0.00016231   -0.01832827   -0.03103285   -0.01039501   -0.00006669    0.02007822    0.02567872    0.00329964    0.00000000 
max(|Fsp_paral|) :   0.00000000    0.00073372    0.00083754    0.00051994    0.00012019    0.00557421    0.00153925    0.00113053    0.00087757    0.00000000 
max(|Fsp_perp|)  :   0.00000000    0.00000000    0.00000000    0.00000000    0.00000000    0.00000000    0.00000000    0.00000000    0.00000000    0.00000000 
max(|FNEB|)      :   0.00000000    0.00180380    0.00491402    0.01235568    0.00138537    0.00180260    0.01208850    0.01573051    0.00636000    0.00000000 
max(|Force|)     :   0.00144506    0.00177187    0.00767519    0.01762902    0.00449678    0.00180372    0.01294534    0.01583492    0.00644130    0.00142378 
ksp              :   0.01000000    0.02549963    0.07322999    0.09442962    0.10000000    0.10000000    0.08824667    0.04866799    0.01969457 
max(|step|)      :   0.00000000    0.00677756    0.00683542    0.00734421    0.00201198    0.00171123    0.00787188    0.00883233    0.01964004    0.00000000 
angle (deg.)     :    95.3155  57.6911  20.5883  20.3361  30.2427  12.1883  54.9007  68.8222 
>
iteration       : 68
climbing        : yes
zoom on         : no
nim             : 10
barrier         :   0.03655377 (image:  5) 
distance        :   0.00000000    4.56853654    6.42350450    7.05117841    7.54709606    8.01788963    8.62629831    9.28923114   10.45888690   13.33777569 
energy          : -1075.99704634  -1076.00159978  -1075.99087335  -1075.97147776  -1075.96276868  -1075.96049256  -1075.96544125  -1075.98179991  -1075.99330860  -1075.99731884 
max(|Fr_perp|)   :   0.00000000    0.00055487    0.00178854    0.00153148    0.00091929    0.00073032    0.00136376    0.00158301    0.00083910    0.00000000 
Fr_paral         :   0.00000000    0.00009403   -0.01907616   -0.03152212   -0.01046352   -0.00009989    0.02064722    0.02587781    0.00378508    0.00000000 
max(|Fsp_paral|) :   0.00000000    0.00031953    0.00042484    0.00056335    0.00012355    0.00571006    0.00135245    0.00117883    0.00015972    0.00000000 
max(|Fsp_perp|)  :   0.00000000    0.00000000    0.00000000    0.00000000    0.00000000    0.00000000    0.00000000    0.00000000    0.00000000    0.00000000 
max(|FNEB|)      :   0.00000000    0.00072566    0.00165468    0.00149543    0.00090704    0.00071594    0.00140764    0.00167512    0.00072840    0.00000000 
max(|Force|)     :   0.00144506    0.00056966    0.00743793    0.01770972    0.00470242    0.00074469    0.01116307    0.01326160    0.00205347    0.00142378 
ksp              :   0.01000000    0.02519868    0.07295307    0.09439591    0.10000000    0.10000000    0.08781571    0.04753862    0.01920277 
max(|step|)      :   0.00000000    0.00097750    0.00163094    0.00147148    0.00103277    0.00090677    0.00163413    0.00256886    0.00313287    0.00000000 
angle (deg.)     :    95.2006  57.8056  20.3679  20.3324  30.1471  11.8789  54.7075  68.6038 
>
iteration       : 69
climbing        : yes
zoom on         : no
nim             : 10
barrier         :   0.03654964 (image:  5) 
distance        :   0.00000000    4.56733274    6.42290835    7.05297931    7.54802435    8.02029880    8.62544945    9.28671332   10.45269091   13.33166570 
energy          : -1075.99704634  -1076.00160856  -1075.99094599  -1075.97148407  -1075.96278353  -1075.96049670  -1075.96540122  -1075.98169650  -1075.99329824  -1075.99731884 
max(|Fr_perp|)   :   0.00000000    0.00054014    0.00146329    0.00142682    0.00068203    0.00060757    0.00073184    0.00133581    0.00075655    0.00000000 
Fr_paral         :   0.00000000    0.00009362   -0.01884488   -0.03152436   -0.01048239   -0.00009356    0.02052807    0.02589585    0.00380093    0.00000000 
max(|Fsp_paral|) :   0.00000000    0.00022695    0.00020881    0.00041732    0.00023622    0.00551273    0.00122356    0.00109270    0.00018443    0.00000000 
max(|Fsp_perp|)  :   0.00000000    0.00000000    0.00000000    0.00000000    0.00000000    0.00000000    0.00000000    0.00000000    0.00000000    0.00000000 
max(|FNEB|)      :   0.00000000    0.00066248    0.00152355    0.00142906    0.00064539    0.00060968    0.00121601    0.00147254    0.00062903    0.00000000 
max(|Force|)     :   0.00144506    0.00055478    0.00718302    0.01769342    0.00474585    0.00060547    0.01103450    0.01296149    0.00198644    0.00142378 
ksp              :   0.01000000    0.02502151    0.07294464    0.09436890    0.10000000    0.10000000    0.08792309    0.04779750    0.01922934 
max(|step|)      :   0.00000000    0.00525232    0.00928252    0.00696999    0.00455056    0.00322001    0.00788573    0.01142139    0.02201196    0.00000000 
angle (deg.)     :    94.4834  58.4222  19.5522  20.1902  29.6345  10.8001  53.4432  67.2657 
>
iteration       : 70
climbing        : yes
zoom on         : no
nim             : 10
barrier         :   0.03653467 (image:  5) 
distance        :   0.00000000    4.55916178    6.42233558    7.06043209    7.55495042    8.03509115    8.62431936    9.27538269   10.41208063   13.29449822 
energy          : -1075.99704634  -1076.00165655  -1075.99124969  -1075.97158730  -1075.96284543  -1075.96051167  -1075.96518960  -1075.98108163  -1075.99320288  -1075.99731884 
max(|Fr_perp|)   :   0.00000000    0.00080044    0.00182485    0.00167695    0.00062442    0.00079026    0.00417999    0.00328107    0.00082528    0.00000000 
Fr_paral         :   0.00000000    0.00009207   -0.01793893   -0.03155448   -0.01054733   -0.00002475    0.01989169    0.02614854    0.00394677    0.00000000 
max(|Fsp_paral|) :   0.00000000    0.00010332    0.00051220    0.00011536    0.00064557    0.00452505    0.00067970    0.00070687    0.00002225    0.00000000 
max(|Fsp_perp|)  :   0.00000000    0.00000000    0.00000000    0.00000000    0.00000000    0.00000000    0.00000000    0.00000000    0.00000000    0.00000000 
max(|FNEB|)      :   0.00000000    0.00078157    0.00193032    0.00160632    0.00075699    0.00078958    0.00422493    0.00318455    0.00082892    0.00000000 
max(|Force|)     :   0.00144506    0.00080476    0.00692624    0.01775897    0.00495626    0.00079094    0.01029709    0.01210797    0.00216149    0.00142378 
ksp              :   0.01000000    0.02427953    0.07271614    0.09425097    0.10000000    0.10000000    0.08847632    0.04932767    0.01946803 
max(|step|)      :   0.00000000    0.00601282    0.00995591    0.00766227    0.00360702    0.00341732    0.00807672    0.01243297    0.02512661    0.00000000 
angle (deg.)     :    93.6215  58.8903  19.2750  19.9474  29.1020  9.9627  51.9651  65.9789 
>
iteration       : 71
climbing        : yes
zoom on         : no
nim             : 10
barrier         :   0.03652035 (image:  5) 
distance        :   0.00000000    4.54840879    6.42343742    7.06541879    7.56403770    8.05040703    8.62280213    9.26274450   10.36849252   13.25577466 
energy          : -1075.99704634  -1076.00170964  -1075.99152170  -1075.97175441  -1075.96288294  -1075.96052599  -1075.96498842  -1075.98042553  -1075.99307865  -1075.99731884 
max(|Fr_perp|)   :   0.00000000    0.00079613    0.00206351    0.00425434    0.00093324    0.00109057    0.00469283    0.00332860    0.00250740    0.00000000 
Fr_paral         :   0.00000000    0.00009422   -0.01783689   -0.03164097   -0.01056230    0.00005532    0.01929487    0.02671126    0.00389093    0.00000000 
max(|Fsp_paral|) :   0.00000000    0.00033998    0.00093188    0.00029344    0.00076138    0.00356140    0.00014553    0.00028416    0.00038112    0.00000000 
max(|Fsp_perp|)  :   0.00000000    0.00000000    0.00000000    0.00000000    0.00000000    0.00000000    0.00000000    0.00000000    0.00000000    0.00000000 
max(|FNEB|)      :   0.00000000    0.00081123    0.00198572    0.00433085    0.00108655    0.00109209    0.00468590    0.00338317    0.00254138    0.00000000 
max(|Force|)     :   0.00144506    0.00080032    0.00705621    0.01795420    0.00514926    0.00108905    0.00976316    0.01199992    0.00302419    0.00142378 
ksp              :   0.01000000    0.02361481    0.07232892    0.09419157    0.10000000    0.10000000    0.08900287    0.05095999    0.01977789 
max(|step|)      :   0.00000000    0.01261840    0.01821464    0.01400951    0.00758649    0.00723774    0.01497692    0.02493204    0.04898853    0.00000000 
angle (deg.)     :    91.8939  59.9721  19.7646  19.6101  28.1428  9.1896  49.5212  64.3707 
>
iteration       : 72
climbing        : yes
zoom on         : no
nim             : 10
barrier         :   0.03648866 (image:  5) 
distance        :   0.00000000    4.52406066    6.43303541    7.08106031    7.58999938    8.08622208    8.62678741    9.24558622   10.30471598   13.20612422 
energy          : -1075.99704634  -1076.00181042  -1075.99195419  -1075.97208496  -1075.96292905  -1075.96055768  -1075.96464629  -1075.97907797  -1075.99268123  -1075.99731884 
max(|Fr_perp|)   :   0.00000000    0.00058927    0.00231218    0.00529263    0.00104950    0.00094745    0.00329486    0.00666837    0.01115339    0.00000000 
Fr_paral         :   0.00000000    0.00012563   -0.01821906   -0.03183172   -0.01052587    0.00022633    0.01826732    0.02727392    0.00416201    0.00000000 
max(|Fsp_paral|) :   0.00000000    0.00057641    0.00137351    0.00084597    0.00076510    0.00182594    0.00081160    0.00090590    0.00137146    0.00000000 
max(|Fsp_perp|)  :   0.00000000    0.00000000    0.00000000    0.00000000    0.00000000    0.00000000    0.00000000    0.00000000    0.00000000    0.00000000 
max(|FNEB|)      :   0.00000000    0.00075776    0.00227213    0.00521745    0.00121262    0.00091442    0.00325470    0.00667354    0.01096488    0.00000000 
max(|Force|)     :   0.00144506    0.00057928    0.00864589    0.01837442    0.00541314    0.00098048    0.00882268    0.01213923    0.01086599    0.00142378 
ksp              :   0.01000000    0.02255988    0.07156774    0.09415097    0.10000000    0.10000000    0.08991536    0.05431934    0.02076663 
max(|step|)      :   0.00000000    0.00207901    0.00414313    0.00346653    0.00242101    0.00156784    0.00363083    0.00605844    0.01041839    0.00000000 
angle (deg.)     :    92.1265  59.3981  19.4952  19.6062  28.3452  9.2768  49.6991  64.5873 
>
iteration       : 73
climbing        : yes
zoom on         : no
nim             : 10
barrier         :   0.03648804 (image:  5) 
distance        :   0.00000000    4.52673812    6.43082322    7.07267502    7.58215200    8.07410492    8.62193415    9.24533527   10.31162665   13.20659994 
energy          : -1075.99704634  -1076.00179870  -1075.99184016  -1075.97207933  -1075.96290604  -1075.96055829  -1075.96474786  -1075.97946784  -1075.99290719  -1075.99731884 
max(|Fr_perp|)   :   0.00000000    0.00048667    0.00112940    0.00094220    0.00061722    0.00051753    0.00055309    0.00114036    0.00082471    0.00000000 
Fr_paral         :   0.00000000    0.00011486   -0.01895895   -0.03195547   -0.01049552    0.00018991    0.01857334    0.02757951    0.00404922    0.00000000 
max(|Fsp_paral|) :   0.00000000    0.00047580    0.00102392    0.00112720    0.00053901    0.00230061    0.00057150    0.00047459    0.00081378    0.00000000 
max(|Fsp_perp|)  :   0.00000000    0.00000000    0.00000000    0.00000000    0.00000000    0.00000000    0.00000000    0.00000000    0.00000000    0.00000000 
max(|FNEB|)      :   0.00000000    0.00057963    0.00133368    0.00100311    0.00063049    0.00048996    0.00079477    0.00120755    0.00109678    0.00000000 
max(|Force|)     :   0.00144506    0.00051745    0.00904122    0.01836195    0.00531961    0.00054511    0.00922896    0.01271913    0.00178072    0.00142378 
ksp              :   0.01000000    0.02284134    0.07158267    0.09420915    0.10000000    0.10000000    0.08966617    0.05335844    0.02020945 
max(|step|)      :   0.00000000    0.00239735    0.00229377    0.00219862    0.00179660    0.00135799    0.00132406    0.00227754    0.00397017    0.00000000 
angle (deg.)     :    91.9315  59.1591  19.4805  19.6645  28.3919  9.3738  49.3663  64.4617 
>
