frame	state	size	q	start	outcome	contact_atom	contact_A	nearest_atom	nearest_A	dist_H8_A
20000	R	N	+0.25	carbA	own	O1	2.8805	O1	2.8805	5.3471
20000	R	N	+0.25	carbB	migrated	O1	3.1233	H2	2.6620	7.0164
20000	R	N	+0.25	ether	migrated	O2	2.8978	O2	2.8978	5.8109
20000	R	N	+0.25	hydroxyl	own	O4	3.1683	C6	3.1036	4.0821
20000	R	N	+0.50	carbA	own	O1	2.7432	O1	2.7432	5.3299
20000	R	N	+0.50	carbB	migrated	O1	3.0231	H2	2.5557	6.8566
20000	R	N	+0.50	ether	migrated	O2	2.7414	O2	2.7414	5.5721
20000	R	N	+0.50	hydroxyl	own	O4	3.0141	C6	2.9880	3.9383
20000	R	N	+0.75	carbA	own	O1	2.6615	O1	2.6615	5.3767
20000	R	N	+0.75	carbB	migrated	O1	2.9051	H2	2.4943	6.7325
20000	R	N	+0.75	ether	migrated	O2	2.6502	O2	2.6502	5.4313
20000	R	N	+0.75	hydroxyl	migrated	O1	2.9051	H2	2.4943	6.7325
20000	R	N	+1.00	carbA	own	O1	2.5996	O1	2.5996	5.5617
20000	R	N	+1.00	carbB	migrated	O1	2.7923	H2	2.4558	6.6327
20000	R	N	+1.00	ether	migrated	O2	2.5861	O2	2.5861	5.3326
20000	R	N	+1.00	hydroxyl	own	O4	2.8462	O4	2.8462	3.7819
20000	R	N	-0.25	H1	escaped	O5	42313.5880	O5	42313.5880	42318.0603
20000	R	N	-0.25	H2	escaped	O1	44511.8806	O1	44511.8806	44517.6220
20000	R	N	-0.25	H3	escaped	H8	41125.4222	H8	41125.4222	41125.4222
20000	R	N	-0.25	H4	escaped	H4	35271.9113	H4	35271.9113	35274.8925
20000	R	N	-0.25	H5	escaped	O6	45512.8919	O6	45512.8919	45517.0492
20000	R	N	-0.25	H6	escaped	H6	37384.1598	H6	37384.1598	37384.7270
20000	R	N	-0.25	H7	escaped	H4	46762.0736	H4	46762.0736	46762.1573
20000	R	N	-0.25	H8	escaped	H8	42410.9271	H8	42410.9271	42410.9271
20000	R	N	-0.50	H1	escaped	O5	56490.6562	O5	56490.6562	56495.3971
20000	R	N	-0.50	H2	escaped	O1	68862.7348	O1	68862.7348	68867.3952
20000	R	N	-0.50	H3	escaped	H8	53904.3493	H8	53904.3493	53904.3493
20000	R	N	-0.50	H4	escaped	O5	53594.3016	O5	53594.3016	53599.0179
20000	R	N	-0.50	H5	escaped	O6	53579.8546	O6	53579.8546	53585.0421
20000	R	N	-0.50	H6	escaped	H6	67126.4226	H6	67126.4226	67126.9746
20000	R	N	-0.50	H7	escaped	H4	66832.3423	H4	66832.3423	66832.5678
20000	R	N	-0.50	H8	escaped	H8	56428.2434	H8	56428.2434	56428.2434
20000	R	N	-0.75	H1	escaped	O5	68628.9372	O5	68628.9372	68633.7540
20000	R	N	-0.75	H2	escaped	O1	79484.8332	O1	79484.8332	79488.8421
20000	R	N	-0.75	H3	escaped	H3	71077.6573	H3	71077.6573	71077.7407
20000	R	N	-0.75	H4	escaped	O5	82346.0369	O5	82346.0369	82351.3010
20000	R	N	-0.75	H5	escaped	O6	61286.0014	O6	61286.0014	61291.3971
20000	R	N	-0.75	H6	escaped	O2	71819.3218	O2	71819.3218	71820.0708
20000	R	N	-0.75	H7	escaped	H4	74991.0210	H4	74991.0210	74991.2887
20000	R	N	-0.75	H8	escaped	H8	75430.8881	H8	75430.8881	75430.8881
20000	R	N	-1.00	H1	escaped	O5	94159.9964	O5	94159.9964	94164.8439
20000	R	N	-1.00	H2	escaped	O1	83076.3652	O1	83076.3652	83080.0091
20000	R	N	-1.00	H3	escaped	H3	94242.2264	H3	94242.2264	94242.4658
20000	R	N	-1.00	H4	escaped	O5	87438.4614	O5	87438.4614	87443.9427
20000	R	N	-1.00	H5	escaped	O6	84819.1243	O6	84819.1243	84824.5727
20000	R	N	-1.00	H6	escaped	O2	78046.0475	O2	78046.0475	78047.3935
20000	R	N	-1.00	H7	escaped	H4	75557.9991	H4	75557.9991	75558.3163
20000	R	N	-1.00	H8	escaped	H8	76083.0015	H8	76083.0015	76083.0015
20000	R	N+5%	+0.25	carbA	own	O1	2.9550	O1	2.9550	5.4093
20000	R	N+5%	+0.25	carbB	migrated	O1	3.1805	H2	2.7331	7.1170
20000	R	N+5%	+0.25	ether	migrated	O2	2.9851	O2	2.9851	5.9470
20000	R	N+5%	+0.25	hydroxyl	own	O4	3.2781	C6	3.1716	4.1872
20000	R	N+5%	+0.50	carbA	own	O1	2.8142	O1	2.8142	5.3728
20000	R	N+5%	+0.50	carbB	migrated	O1	3.0885	H2	2.6203	6.9590
20000	R	N+5%	+0.50	ether	migrated	O2	2.8236	O2	2.8236	5.7025
20000	R	N+5%	+0.50	hydroxyl	own	O4	3.1174	C6	3.0531	4.0364
20000	R	N+5%	+0.75	carbA	own	O1	2.7312	O1	2.7312	5.3735
20000	R	N+5%	+0.75	carbB	migrated	O1	3.0172	H2	2.5537	6.8531
20000	R	N+5%	+0.75	ether	migrated	O2	2.7292	O2	2.7292	5.5570
20000	R	N+5%	+0.75	hydroxyl	own	O4	3.0146	C6	2.9806	3.9400
20000	R	N+5%	+1.00	carbA	own	O1	2.6716	O1	2.6716	5.4185
20000	R	N+5%	+1.00	carbB	migrated	O1	2.9301	H2	2.5078	6.7608
20000	R	N+5%	+1.00	ether	migrated	O2	2.6629	O2	2.6629	5.4546
20000	R	N+5%	+1.00	hydroxyl	migrated	O1	2.9301	H2	2.5078	6.7608
20000	R	N+5%	-0.25	H1	escaped	O5	44806.8421	O5	44806.8421	44810.9998
20000	R	N+5%	-0.25	H2	escaped	O1	44706.6522	O1	44706.6522	44712.3930
20000	R	N+5%	-0.25	H3	escaped	H8	41118.6639	H8	41118.6639	41118.6639
20000	R	N+5%	-0.25	H4	escaped	H4	35374.7537	H4	35374.7537	35377.6721
20000	R	N+5%	-0.25	H5	escaped	O6	45757.0443	O6	45757.0443	45761.1268
20000	R	N+5%	-0.25	H6	escaped	H6	37521.1785	H6	37521.1785	37521.7112
20000	R	N+5%	-0.25	H7	escaped	H4	48969.7600	H4	48969.7600	48969.8991
20000	R	N+5%	-0.25	H8	escaped	H8	42410.5427	H8	42410.5427	42410.5427
20000	R	N+5%	-0.50	H1	escaped	O5	69716.5339	O5	69716.5339	69721.1355
20000	R	N+5%	-0.50	H2	escaped	O1	69110.9473	O1	69110.9473	69115.6036
20000	R	N+5%	-0.50	H3	escaped	H8	54090.5725	H8	54090.5725	54090.5725
20000	R	N+5%	-0.50	H4	escaped	O5	53660.6824	O5	53660.6824	53665.3441
20000	R	N+5%	-0.50	H5	escaped	O6	53846.4895	O6	53846.4895	53851.6115
20000	R	N+5%	-0.50	H6	escaped	H6	67040.5284	H6	67040.5284	67041.0324
20000	R	N+5%	-0.50	H7	escaped	H4	59806.7343	H4	59806.7343	59807.0212
20000	R	N+5%	-0.50	H8	escaped	H8	56388.5095	H8	56388.5095	56388.5095
20000	R	N+5%	-0.75	H1	escaped	O5	67092.2755	O5	67092.2755	67096.9868
20000	R	N+5%	-0.75	H2	escaped	O1	79584.9316	O1	79584.9316	79588.9351
20000	R	N+5%	-0.75	H3	escaped	H3	71218.6917	H3	71218.6917	71218.7634
20000	R	N+5%	-0.75	H4	escaped	O5	82516.9757	O5	82516.9757	82522.2023
20000	R	N+5%	-0.75	H5	escaped	O6	61393.3407	O6	61393.3407	61398.6848
20000	R	N+5%	-0.75	H6	escaped	O2	71594.9610	O2	71594.9610	71595.6240
20000	R	N+5%	-0.75	H7	escaped	H4	77854.4194	H4	77854.4194	77854.7500
20000	R	N+5%	-0.75	H8	escaped	H8	75369.6804	H8	75369.6804	75369.6804
20000	R	N+5%	-1.00	H1	escaped	O5	96016.9333	O5	96016.9333	96021.6954
20000	R	N+5%	-1.00	H2	escaped	O1	83162.7030	O1	83162.7030	83166.3433
20000	R	N+5%	-1.00	H3	escaped	H3	94353.0939	H3	94353.0939	94353.3191
20000	R	N+5%	-1.00	H4	escaped	O5	87482.9929	O5	87482.9929	87488.4453
20000	R	N+5%	-1.00	H5	escaped	O6	84947.4395	O6	84947.4395	84952.8457
20000	R	N+5%	-1.00	H6	escaped	O2	77805.7963	O2	77805.7963	77807.0755
20000	R	N+5%	-1.00	H7	escaped	H4	78494.8070	H4	78494.8070	78495.1819
20000	R	N+5%	-1.00	H8	escaped	H8	76020.2013	H8	76020.2013	76020.2013
20000	R	N+10%	+0.25	carbA	own	O1	3.0299	O1	3.0299	5.4742
20000	R	N+10%	+0.25	carbB	migrated	O1	3.2387	H2	2.8064	7.2174
20000	R	N+10%	+0.25	ether	migrated	O2	3.0735	O2	3.0735	6.0859
20000	R	N+10%	+0.25	hydroxyl	own	O4	3.3942	C6	3.2394	4.2995
20000	R	N+10%	+0.50	carbA	own	O1	2.8854	O1	2.8854	5.4246
20000	R	N+10%	+0.50	carbB	migrated	O1	3.1455	H2	2.6871	7.0571
20000	R	N+10%	+0.50	ether	migrated	O2	2.9066	O2	2.9066	5.8354
20000	R	N+10%	+0.50	hydroxyl	own	O4	3.2263	C6	3.1179	4.1409
20000	R	N+10%	+0.75	carbA	own	O1	2.8004	O1	2.8004	5.4048
20000	R	N+10%	+0.75	carbB	migrated	O1	3.0850	H2	2.6166	6.9548
20000	R	N+10%	+0.75	ether	migrated	O1	2.8004	O1	2.8004	5.4048
20000	R	N+10%	+0.75	hydroxyl	own	O4	3.1175	C6	3.0438	4.0380
20000	R	N+10%	+1.00	carbA	own	O1	2.7402	O1	2.7402	5.4082
20000	R	N+10%	+1.00	carbB	migrated	O1	3.0322	H2	2.5670	6.8760
20000	R	N+10%	+1.00	ether	migrated	O2	2.7405	O2	2.7405	5.5790
20000	R	N+10%	+1.00	hydroxyl	migrated	O1	3.0322	H2	2.5670	6.8760
20000	R	N+10%	-0.25	H1	escaped	O5	44746.0250	O5	44746.0250	44749.9793
20000	R	N+10%	-0.25	H2	escaped	O1	44964.2001	O1	44964.2001	44969.9342
20000	R	N+10%	-0.25	H3	escaped	H8	41158.6821	H8	41158.6821	41158.6821
20000	R	N+10%	-0.25	H4	escaped	H4	35456.6924	H4	35456.6924	35459.5077
20000	R	N+10%	-0.25	H5	escaped	O6	46058.5498	O6	46058.5498	46062.5088
20000	R	N+10%	-0.25	H6	escaped	H6	37657.3426	H6	37657.3426	37657.8168
20000	R	N+10%	-0.25	H7	escaped	H4	38247.9332	H4	38247.9332	38248.1029
20000	R	N+10%	-0.25	H8	escaped	H8	42422.2029	H8	42422.2029	42422.2029
20000	R	N+10%	-0.50	H1	escaped	O5	64633.8902	O5	64633.8902	64638.3130
20000	R	N+10%	-0.50	H2	escaped	O1	69466.8688	O1	69466.8688	69471.5147
20000	R	N+10%	-0.50	H3	escaped	H8	54291.5432	H8	54291.5432	54291.5432
20000	R	N+10%	-0.50	H4	escaped	O5	53694.4269	O5	53694.4269	53699.0015
20000	R	N+10%	-0.50	H5	escaped	O6	54203.9687	O6	54203.9687	54208.9864
20000	R	N+10%	-0.50	H6	escaped	H6	66846.1488	H6	66846.1488	66846.5694
20000	R	N+10%	-0.50	H7	escaped	H4	57790.9750	H4	57790.9750	57791.2771
20000	R	N+10%	-0.50	H8	escaped	H8	56361.5624	H8	56361.5624	56361.5624
20000	R	N+10%	-0.75	H1	escaped	O5	84319.7238	O5	84319.7238	84324.3002
20000	R	N+10%	-0.75	H2	escaped	O1	79773.3904	O1	79773.3904	79777.3838
20000	R	N+10%	-0.75	H3	escaped	H3	71350.2578	H3	71350.2578	71350.2994
20000	R	N+10%	-0.75	H4	escaped	O5	82680.4045	O5	82680.4045	82685.5727
20000	R	N+10%	-0.75	H5	escaped	O6	61580.9217	O6	61580.9217	61586.1847
20000	R	N+10%	-0.75	H6	escaped	O2	71189.9384	O2	71189.9384	71190.4524
20000	R	N+10%	-0.75	H7	escaped	H4	80643.6632	H4	80643.6632	80644.0362
20000	R	N+10%	-0.75	H8	escaped	H8	75326.8422	H8	75326.8422	75326.8422
20000	R	N+10%	-1.00	H1	escaped	O5	74592.1165	O5	74592.1165	74596.7664
20000	R	N+10%	-1.00	H2	escaped	O1	83324.5616	O1	83324.5616	83328.1949
20000	R	N+10%	-1.00	H3	escaped	H3	94414.5058	H3	94414.5058	94414.6934
20000	R	N+10%	-1.00	H4	escaped	O5	87581.8184	O5	87581.8184	87587.2260
20000	R	N+10%	-1.00	H5	escaped	O6	85172.3775	O6	85172.3775	85177.7180
20000	R	N+10%	-1.00	H6	escaped	O2	102507.4564	O2	102507.4564	102508.6190
20000	R	N+10%	-1.00	H7	escaped	H4	81396.7153	H4	81396.7153	81397.1305
20000	R	N+10%	-1.00	H8	escaped	H8	75976.3415	H8	75976.3415	75976.3415
20000	R	OPLS_sp3C	+0.25	carbA	own	O1	2.8981	O1	2.8981	5.4128
20000	R	OPLS_sp3C	+0.25	carbB	migrated	O1	3.1500	H2	2.6933	7.0646
20000	R	OPLS_sp3C	+0.25	ether	migrated	O2	2.9206	O2	2.9206	5.8536
20000	R	OPLS_sp3C	+0.25	hydroxyl	own	O4	3.2304	C6	3.1270	4.1439
20000	R	OPLS_sp3C	+0.50	carbA	own	O1	2.7545	O1	2.7545	5.3891
20000	R	OPLS_sp3C	+0.50	carbB	migrated	O1	3.0437	H2	2.5759	6.8907
20000	R	OPLS_sp3C	+0.50	ether	migrated	O1	2.7545	O1	2.7545	5.3891
20000	R	OPLS_sp3C	+0.50	hydroxyl	own	O4	3.0514	C6	3.0023	3.9751
20000	R	OPLS_sp3C	+0.75	carbA	own	O1	2.6696	O1	2.6696	5.4492
20000	R	OPLS_sp3C	+0.75	carbB	migrated	O1	2.9292	H2	2.5092	6.7624
20000	R	OPLS_sp3C	+0.75	ether	migrated	O2	2.6616	O2	2.6616	5.4546
20000	R	OPLS_sp3C	+0.75	hydroxyl	migrated	O1	2.9292	H2	2.5092	6.7624
20000	R	OPLS_sp3C	+1.00	carbA	own	O1	2.6066	O1	2.6066	5.6243
20000	R	OPLS_sp3C	+1.00	carbB	migrated	O1	2.8110	H2	2.4676	6.6568
20000	R	OPLS_sp3C	+1.00	ether	migrated	O2	2.5956	O2	2.5956	5.3526
20000	R	OPLS_sp3C	+1.00	hydroxyl	own	O4	2.8674	O4	2.8674	3.8027
20000	R	OPLS_sp3C	-0.25	H1	escaped	O5	41973.9773	O5	41973.9773	41978.3912
20000	R	OPLS_sp3C	-0.25	H2	escaped	O1	44472.8973	O1	44472.8973	44478.6127
20000	R	OPLS_sp3C	-0.25	H3	escaped	H8	41143.4791	H8	41143.4791	41143.4791
20000	R	OPLS_sp3C	-0.25	H4	escaped	H4	35032.5419	H4	35032.5419	35035.4942
20000	R	OPLS_sp3C	-0.25	H5	escaped	O6	45413.6038	O6	45413.6038	45417.7227
20000	R	OPLS_sp3C	-0.25	H6	escaped	H6	37063.9696	H6	37063.9696	37064.4836
20000	R	OPLS_sp3C	-0.25	H7	escaped	H4	45125.9939	H4	45125.9939	45126.1003
20000	R	OPLS_sp3C	-0.25	H8	escaped	H8	42487.7931	H8	42487.7931	42487.7931
20000	R	OPLS_sp3C	-0.50	H1	escaped	O5	54903.7181	O5	54903.7181	54908.3959
20000	R	OPLS_sp3C	-0.50	H2	escaped	O1	69064.1543	O1	69064.1543	69068.7821
20000	R	OPLS_sp3C	-0.50	H3	escaped	H8	53579.5345	H8	53579.5345	53579.5345
20000	R	OPLS_sp3C	-0.50	H4	escaped	O5	53457.8477	O5	53457.8477	53462.5373
20000	R	OPLS_sp3C	-0.50	H5	escaped	O6	53686.2425	O6	53686.2425	53691.3645
20000	R	OPLS_sp3C	-0.50	H6	escaped	H6	66626.1749	H6	66626.1749	66626.6346
20000	R	OPLS_sp3C	-0.50	H7	escaped	H4	66015.9950	H4	66015.9950	66016.2403
20000	R	OPLS_sp3C	-0.50	H8	escaped	H8	56610.5900	H8	56610.5900	56610.5900
20000	R	OPLS_sp3C	-0.75	H1	escaped	O5	68840.5058	O5	68840.5058	68845.2704
20000	R	OPLS_sp3C	-0.75	H2	escaped	O1	79888.2022	O1	79888.2022	79892.1902
20000	R	OPLS_sp3C	-0.75	H3	escaped	H8	70706.3767	H8	70706.3767	70706.3767
20000	R	OPLS_sp3C	-0.75	H4	escaped	O5	82234.1028	O5	82234.1028	82239.3431
20000	R	OPLS_sp3C	-0.75	H5	escaped	O6	61628.9693	O6	61628.9693	61634.3067
20000	R	OPLS_sp3C	-0.75	H6	escaped	O2	71295.1643	O2	71295.1643	71295.7855
20000	R	OPLS_sp3C	-0.75	H7	escaped	H4	73967.3646	H4	73967.3646	73967.6474
20000	R	OPLS_sp3C	-0.75	H8	escaped	H8	75702.8179	H8	75702.8179	75702.8179
20000	R	OPLS_sp3C	-1.00	H1	escaped	O5	95170.2559	O5	95170.2559	95175.0597
20000	R	OPLS_sp3C	-1.00	H2	escaped	O1	83413.9521	O1	83413.9521	83417.5816
20000	R	OPLS_sp3C	-1.00	H3	escaped	H3	93681.6551	H3	93681.6551	93681.7719
20000	R	OPLS_sp3C	-1.00	H4	escaped	O5	87769.5985	O5	87769.5985	87775.0574
20000	R	OPLS_sp3C	-1.00	H5	escaped	O6	85218.2748	O6	85218.2748	85223.6745
20000	R	OPLS_sp3C	-1.00	H6	escaped	O2	102771.2259	O2	102771.2259	102772.4684
20000	R	OPLS_sp3C	-1.00	H7	escaped	H4	74841.2789	H4	74841.2789	74841.6088
20000	R	OPLS_sp3C	-1.00	H8	escaped	H8	76362.1457	H8	76362.1457	76362.1457
20000	R	Behrens_3.55	+0.25	carbA	own	O1	2.9203	O1	2.9203	5.4308
20000	R	Behrens_3.55	+0.25	carbB	migrated	O1	3.1673	H2	2.7146	7.0949
20000	R	Behrens_3.55	+0.25	ether	migrated	O2	2.9467	O2	2.9467	5.8953
20000	R	Behrens_3.55	+0.25	hydroxyl	own	O4	3.2652	C6	3.1472	4.1775
20000	R	Behrens_3.55	+0.50	carbA	own	O1	2.7757	O1	2.7757	5.3983
20000	R	Behrens_3.55	+0.50	carbB	migrated	O1	3.0642	H2	2.5952	6.9217
20000	R	Behrens_3.55	+0.50	ether	migrated	O1	2.7757	O1	2.7757	5.3983
20000	R	Behrens_3.55	+0.50	hydroxyl	own	O4	3.0830	C6	3.0216	4.0053
20000	R	Behrens_3.55	+0.75	carbA	own	O1	2.6907	O1	2.6907	5.4341
20000	R	Behrens_3.55	+0.75	carbB	migrated	O1	2.9677	H2	2.5267	6.8005
20000	R	Behrens_3.55	+0.75	ether	migrated	O2	2.6851	O2	2.6851	5.4922
20000	R	Behrens_3.55	+0.75	hydroxyl	own	O4	2.9731	C6	2.9463	3.9018
20000	R	Behrens_3.55	+1.00	carbA	own	O1	2.6283	O1	2.6283	5.5685
20000	R	Behrens_3.55	+1.00	carbB	migrated	O1	2.8517	H2	2.4825	6.6946
20000	R	Behrens_3.55	+1.00	ether	migrated	O2	2.6184	O2	2.6184	5.3890
20000	R	Behrens_3.55	+1.00	hydroxyl	own	O4	2.8956	C6	2.8926	3.8293
20000	R	Behrens_3.55	-0.25	H1	escaped	O5	41663.1391	O5	41663.1391	41667.4996
20000	R	Behrens_3.55	-0.25	H2	escaped	O1	44521.9426	O1	44521.9426	44527.6568
20000	R	Behrens_3.55	-0.25	H3	escaped	H8	41211.8020	H8	41211.8020	41211.8020
20000	R	Behrens_3.55	-0.25	H4	escaped	H4	35046.0518	H4	35046.0518	35048.9838
20000	R	Behrens_3.55	-0.25	H5	escaped	O6	45471.0357	O6	45471.0357	45475.1304
20000	R	Behrens_3.55	-0.25	H6	escaped	H6	37087.5424	H6	37087.5424	37088.0444
20000	R	Behrens_3.55	-0.25	H7	escaped	H4	45812.2592	H4	45812.2592	45812.3879
20000	R	Behrens_3.55	-0.25	H8	escaped	H8	42486.3337	H8	42486.3337	42486.3337
20000	R	Behrens_3.55	-0.50	H1	escaped	O5	53865.4452	O5	53865.4452	53870.0844
20000	R	Behrens_3.55	-0.50	H2	escaped	O1	69135.3787	O1	69135.3787	69140.0044
20000	R	Behrens_3.55	-0.50	H3	escaped	H8	53615.9624	H8	53615.9624	53615.9624
20000	R	Behrens_3.55	-0.50	H4	escaped	O5	53464.2301	O5	53464.2301	53468.9027
20000	R	Behrens_3.55	-0.50	H5	escaped	O6	53756.9412	O6	53756.9412	53762.0424
20000	R	Behrens_3.55	-0.50	H6	escaped	H6	66584.6768	H6	66584.6768	66585.1193
20000	R	Behrens_3.55	-0.50	H7	escaped	H4	68360.7529	H4	68360.7529	68361.0196
20000	R	Behrens_3.55	-0.50	H8	escaped	H8	56604.5477	H8	56604.5477	56604.5477
20000	R	Behrens_3.55	-0.75	H1	escaped	O5	67947.6880	O5	67947.6880	67952.4229
20000	R	Behrens_3.55	-0.75	H2	escaped	O1	79928.3952	O1	79928.3952	79932.3811
20000	R	Behrens_3.55	-0.75	H3	escaped	H8	70731.5069	H8	70731.5069	70731.5069
20000	R	Behrens_3.55	-0.75	H4	escaped	O5	82266.6541	O5	82266.6541	82271.8828
20000	R	Behrens_3.55	-0.75	H5	escaped	O6	61668.7315	O6	61668.7315	61674.0526
20000	R	Behrens_3.55	-0.75	H6	escaped	O2	71212.5598	O2	71212.5598	71213.1505
20000	R	Behrens_3.55	-0.75	H7	escaped	H4	74761.7878	H4	74761.7878	74762.0926
20000	R	Behrens_3.55	-0.75	H8	escaped	H8	75694.2656	H8	75694.2656	75694.2656
20000	R	Behrens_3.55	-1.00	H1	escaped	O5	95702.8847	O5	95702.8847	95707.6643
20000	R	Behrens_3.55	-1.00	H2	escaped	O1	83448.5260	O1	83448.5260	83452.1540
20000	R	Behrens_3.55	-1.00	H3	escaped	H3	93694.4748	H3	93694.4748	93694.5833
20000	R	Behrens_3.55	-1.00	H4	escaped	O5	87791.3570	O5	87791.3570	87796.8069
20000	R	Behrens_3.55	-1.00	H5	escaped	O6	85265.9201	O6	85265.9201	85271.3065
20000	R	Behrens_3.55	-1.00	H6	escaped	O2	102657.3964	O2	102657.3964	102658.6150
20000	R	Behrens_3.55	-1.00	H7	escaped	H4	75664.4702	H4	75664.4702	75664.8198
20000	R	Behrens_3.55	-1.00	H8	escaped	H8	76353.7402	H8	76353.7402	76353.7402
20000	TS	N	+0.25	carbA	own	O1	2.8771	O1	2.8771	5.4104
20000	TS	N	+0.25	carbB	own	O6	2.9489	H2	2.9023	8.7419
20000	TS	N	+0.25	ether	migrated	O2	2.9093	O2	2.9093	6.2911
20000	TS	N	+0.25	hydroxyl	migrated	O6	2.9579	O6	2.9579	5.8751
20000	TS	N	+0.50	carbA	own	O1	2.7419	O1	2.7419	5.3766
20000	TS	N	+0.50	carbB	own	O6	2.8084	O6	2.8084	8.6372
20000	TS	N	+0.50	ether	migrated	O2	2.7459	O2	2.7459	6.0065
20000	TS	N	+0.50	hydroxyl	migrated	O6	2.8084	O6	2.8084	8.6372
20000	TS	N	+0.75	carbA	own	O1	2.6614	O1	2.6614	5.3829
20000	TS	N	+0.75	carbB	own	O6	2.7257	O6	2.7257	8.5980
20000	TS	N	+0.75	ether	migrated	O2	2.6520	O2	2.6520	5.8393
20000	TS	N	+0.75	hydroxyl	migrated	O6	2.6702	O6	2.6702	6.0165
20000	TS	N	+1.00	carbA	own	O1	2.6028	O1	2.6028	5.4344
20000	TS	N	+1.00	carbB	own	O6	2.6641	O6	2.6641	8.6288
20000	TS	N	+1.00	ether	migrated	O2	2.5864	O2	2.5864	5.7225
20000	TS	N	+1.00	hydroxyl	migrated	O6	2.6641	O6	2.6641	8.6288
20000	TS	N	-0.25	H1	escaped	O5	47193.1212	O5	47193.1212	47197.7069
20000	TS	N	-0.25	H2	escaped	O1	41938.5903	O1	41938.5903	41944.2415
20000	TS	N	-0.25	H3	escaped	H3	41675.2855	H3	41675.2855	41675.3101
20000	TS	N	-0.25	H4	escaped	H4	35213.1447	H4	35213.1447	35216.0445
20000	TS	N	-0.25	H5	escaped	O6	44644.8706	O6	44644.8706	44649.2340
20000	TS	N	-0.25	H6	escaped	H6	36999.4744	H6	36999.4744	36999.7509
20000	TS	N	-0.25	H7	escaped	O4	44341.5288	O4	44341.5288	44341.5636
20000	TS	N	-0.25	H8	escaped	H8	42976.2156	H8	42976.2156	42976.2156
20000	TS	N	-0.50	H1	escaped	O5	57845.2546	O5	57845.2546	57850.0915
20000	TS	N	-0.50	H2	escaped	O1	63790.0504	O1	63790.0504	63794.6814
20000	TS	N	-0.50	H3	escaped	H3	56373.4393	H3	56373.4393	56373.8074
20000	TS	N	-0.50	H4	escaped	O5	70519.2213	O5	70519.2213	70523.8696
20000	TS	N	-0.50	H5	escaped	O6	52563.6287	O6	52563.6287	52568.8722
20000	TS	N	-0.50	H6	escaped	H6	66014.7469	H6	66014.7469	66014.9033
20000	TS	N	-0.50	H7	escaped	O4	62058.9553	O4	62058.9553	62058.9872
20000	TS	N	-0.50	H8	escaped	H8	57035.2505	H8	57035.2505	57035.2505
20000	TS	N	-0.75	H1	escaped	O5	65909.7471	O5	65909.7471	65914.5840
20000	TS	N	-0.75	H2	escaped	O1	73654.6886	O1	73654.6886	73658.5843
20000	TS	N	-0.75	H3	escaped	H3	77018.2049	H3	77018.2049	77018.8934
20000	TS	N	-0.75	H4	escaped	O5	81440.7126	O5	81440.7126	81445.9968
20000	TS	N	-0.75	H5	escaped	O6	59962.2258	O6	59962.2258	59967.6147
20000	TS	N	-0.75	H6	escaped	O2	70130.4811	O2	70130.4811	70130.5900
20000	TS	N	-0.75	H7	escaped	O4	89952.4065	O4	89952.4065	89952.4415
20000	TS	N	-0.75	H8	escaped	H8	76144.6220	H8	76144.6220	76144.6220
20000	TS	N	-1.00	H1	escaped	O5	91102.2511	O5	91102.2511	91107.0669
20000	TS	N	-1.00	H2	escaped	O1	79282.6573	O1	79282.6573	79286.1459
20000	TS	N	-1.00	H3	escaped	H3	106511.5701	H3	106511.5701	106512.5327
20000	TS	N	-1.00	H4	escaped	O5	88511.1438	O5	88511.1438	88516.6747
20000	TS	N	-1.00	H5	escaped	O6	82871.1948	O6	82871.1948	82876.6055
20000	TS	N	-1.00	H6	escaped	O2	100703.3865	O2	100703.3865	100704.0535
20000	TS	N	-1.00	H7	escaped	O4	94533.6318	O4	94533.6318	94533.6637
20000	TS	N	-1.00	H8	escaped	H8	76726.7957	H8	76726.7957	76726.7957
20000	TS	N+5%	+0.25	carbA	own	O1	2.9512	O1	2.9512	5.4735
20000	TS	N+5%	+0.25	carbB	own	O6	3.0241	H2	2.9552	8.8255
20000	TS	N+5%	+0.25	ether	migrated	O2	3.0024	O2	3.0024	6.4594
20000	TS	N+5%	+0.25	hydroxyl	migrated	O6	3.0559	O6	3.0559	5.8614
20000	TS	N+5%	+0.50	carbA	own	O1	2.8125	O1	2.8125	5.4251
20000	TS	N+5%	+0.50	carbB	own	O6	2.8802	O6	2.8802	8.7079
20000	TS	N+5%	+0.50	ether	migrated	O2	2.8312	O2	2.8312	6.1617
20000	TS	N+5%	+0.50	hydroxyl	migrated	O6	2.8616	O6	2.8616	5.9648
20000	TS	N+5%	+0.75	carbA	own	O1	2.7303	O1	2.7303	5.4089
20000	TS	N+5%	+0.75	carbB	own	O6	2.7957	O6	2.7957	8.6481
20000	TS	N+5%	+0.75	ether	migrated	O2	2.7331	O2	2.7331	5.9871
20000	TS	N+5%	+0.75	hydroxyl	migrated	O6	2.7548	O6	2.7548	6.0088
20000	TS	N+5%	+1.00	carbA	own	O1	2.6716	O1	2.6716	5.4162
20000	TS	N+5%	+1.00	carbB	own	O6	2.7358	O6	2.7358	8.6211
20000	TS	N+5%	+1.00	ether	migrated	O2	2.6649	O2	2.6649	5.8650
20000	TS	N+5%	+1.00	hydroxyl	migrated	O6	2.6812	O6	2.6812	6.0358
20000	TS	N+5%	-0.25	H1	escaped	O5	45533.5169	O5	45533.5169	45538.0772
20000	TS	N+5%	-0.25	H2	escaped	O1	42205.6852	O1	42205.6852	42211.3696
20000	TS	N+5%	-0.25	H3	escaped	H3	41683.1484	H3	41683.1484	41683.1630
20000	TS	N+5%	-0.25	H4	escaped	H4	35276.5362	H4	35276.5362	35279.3563
20000	TS	N+5%	-0.25	H5	escaped	O6	44943.5985	O6	44943.5985	44947.8900
20000	TS	N+5%	-0.25	H6	escaped	H6	37141.6307	H6	37141.6307	37141.8713
20000	TS	N+5%	-0.25	H7	escaped	O4	46901.9361	O4	46901.9361	46901.9970
20000	TS	N+5%	-0.25	H8	escaped	H8	42992.7236	H8	42992.7236	42992.7236
20000	TS	N+5%	-0.50	H1	escaped	O5	59768.8076	O5	59768.8076	59773.5879
20000	TS	N+5%	-0.50	H2	escaped	O1	64075.6911	O1	64075.6911	64080.3590
20000	TS	N+5%	-0.50	H3	escaped	H3	56344.1900	H3	56344.1900	56344.5447
20000	TS	N+5%	-0.50	H4	escaped	O5	53208.5095	O5	53208.5095	53213.0892
20000	TS	N+5%	-0.50	H5	escaped	O6	52879.7531	O6	52879.7531	52884.9244
20000	TS	N+5%	-0.50	H6	escaped	H6	65975.2738	H6	65975.2738	65975.3768
20000	TS	N+5%	-0.50	H7	escaped	O4	70804.2965	O4	70804.2965	70804.3535
20000	TS	N+5%	-0.50	H8	escaped	H8	57006.2217	H8	57006.2217	57006.2217
20000	TS	N+5%	-0.75	H1	escaped	O5	66676.5313	O5	66676.5313	66681.3253
20000	TS	N+5%	-0.75	H2	escaped	O1	73957.6091	O1	73957.6091	73961.5401
20000	TS	N+5%	-0.75	H3	escaped	H3	76937.6182	H3	76937.6182	76938.2941
20000	TS	N+5%	-0.75	H4	escaped	O5	81449.1277	O5	81449.1277	81454.3681
20000	TS	N+5%	-0.75	H5	escaped	O6	60069.5088	O6	60069.5088	60074.8399
20000	TS	N+5%	-0.75	H6	escaped	O2	69952.0859	O2	69952.0859	69952.0884
20000	TS	N+5%	-0.75	H7	escaped	O4	73393.5192	O4	73393.5192	73393.5729
20000	TS	N+5%	-0.75	H8	escaped	H8	76096.0788	H8	76096.0788	76096.0788
20000	TS	N+5%	-1.00	H1	escaped	O5	91601.8502	O5	91601.8502	91606.6325
20000	TS	N+5%	-1.00	H2	escaped	O1	79320.9202	O1	79320.9202	79324.4372
20000	TS	N+5%	-1.00	H3	escaped	H3	106381.8579	H3	106381.8579	106382.8104
20000	TS	N+5%	-1.00	H4	escaped	O5	88521.7012	O5	88521.7012	88527.1990
20000	TS	N+5%	-1.00	H5	escaped	O6	82990.0156	O6	82990.0156	82995.3791
20000	TS	N+5%	-1.00	H6	escaped	O2	100424.7390	O2	100424.7390	100425.3125
20000	TS	N+5%	-1.00	H7	escaped	O4	98098.8480	O4	98098.8480	98098.9034
20000	TS	N+5%	-1.00	H8	escaped	H8	76675.9790	H8	76675.9790	76675.9790
20000	TS	N+10%	+0.25	carbA	own	O1	3.0255	H6	3.0233	5.5391
20000	TS	N+10%	+0.25	carbB	own	O6	3.0995	H2	3.0108	8.9101
20000	TS	N+10%	+0.25	ether	migrated	O2	3.0998	O2	3.0998	6.6440
20000	TS	N+10%	+0.25	hydroxyl	migrated	O6	3.0995	H2	3.0108	8.9101
20000	TS	N+10%	+0.50	carbA	own	O1	2.8832	O1	2.8832	5.4797
20000	TS	N+10%	+0.50	carbB	own	O6	2.9522	O6	2.9522	8.7833
20000	TS	N+10%	+0.50	ether	migrated	O2	2.9186	O2	2.9186	6.3246
20000	TS	N+10%	+0.50	hydroxyl	migrated	O6	2.9515	O6	2.9515	5.9572
20000	TS	N+10%	+0.75	carbA	own	O1	2.7991	O1	2.7991	5.4504
20000	TS	N+10%	+0.75	carbB	own	O6	2.8656	O6	2.8656	8.7126
20000	TS	N+10%	+0.75	ether	migrated	O2	2.8159	O2	2.8159	6.1405
20000	TS	N+10%	+0.75	hydroxyl	migrated	O6	2.8656	O6	2.8656	8.7126
20000	TS	N+10%	+1.00	carbA	own	O1	2.7394	O1	2.7394	5.4389
20000	TS	N+10%	+1.00	carbB	own	O6	2.8045	O6	2.8045	8.6692
20000	TS	N+10%	+1.00	ether	migrated	O2	2.7447	O2	2.7447	6.0122
20000	TS	N+10%	+1.00	hydroxyl	migrated	O6	2.7640	O6	2.7640	6.0288
20000	TS	N+10%	-0.25	H1	escaped	O5	43159.8385	O5	43159.8385	43164.3242
20000	TS	N+10%	-0.25	H2	escaped	O1	42575.3907	O1	42575.3907	42581.1159
20000	TS	N+10%	-0.25	H3	escaped	H8	41735.7656	H8	41735.7656	41735.7656
20000	TS	N+10%	-0.25	H4	escaped	H4	35200.0478	H4	35200.0478	35202.7459
20000	TS	N+10%	-0.25	H5	escaped	O6	45339.2381	O6	45339.2381	45343.4131
20000	TS	N+10%	-0.25	H6	escaped	H6	37293.9643	H6	37293.9643	37294.1449
20000	TS	N+10%	-0.25	H7	escaped	O4	49005.2075	O4	49005.2075	49005.2864
20000	TS	N+10%	-0.25	H8	escaped	H8	37726.9779	H8	37726.9779	37726.9779
20000	TS	N+10%	-0.50	H1	escaped	O5	57132.1951	O5	57132.1951	57136.8942
20000	TS	N+10%	-0.50	H2	escaped	O1	64514.7372	O1	64514.7372	64519.4509
20000	TS	N+10%	-0.50	H3	escaped	H3	56315.5276	H3	56315.5276	56315.8553
20000	TS	N+10%	-0.50	H4	escaped	O5	53107.6456	O5	53107.6456	53112.1146
20000	TS	N+10%	-0.50	H5	escaped	O6	53327.8356	O6	53327.8356	53332.8941
20000	TS	N+10%	-0.50	H6	escaped	H6	65876.9466	H6	65876.9466	65876.9581
20000	TS	N+10%	-0.50	H7	escaped	O4	59625.0227	O4	59625.0227	59625.0982
20000	TS	N+10%	-0.50	H8	escaped	H8	56989.5015	H8	56989.5015	56989.5015
20000	TS	N+10%	-0.75	H1	escaped	O5	67698.8708	O5	67698.8708	67703.6026
20000	TS	N+10%	-0.75	H2	escaped	O1	74432.7380	O1	74432.7380	74436.7157
20000	TS	N+10%	-0.75	H3	escaped	H3	76809.5737	H3	76809.5737	76810.2231
20000	TS	N+10%	-0.75	H4	escaped	O5	81371.1029	O5	81371.1029	81376.2741
20000	TS	N+10%	-0.75	H5	escaped	O6	60261.1089	O6	60261.1089	60266.3509
20000	TS	N+10%	-0.75	H6	escaped	H8	69654.0433	H8	69654.0433	69654.0433
20000	TS	N+10%	-0.75	H7	escaped	O4	76364.5541	O4	76364.5541	76364.6268
20000	TS	N+10%	-0.75	H8	escaped	H8	76064.6094	H8	76064.6094	76064.6094
20000	TS	N+10%	-1.00	H1	escaped	O5	92392.2928	O5	92392.2928	92397.0261
20000	TS	N+10%	-1.00	H2	escaped	O1	79417.3401	O1	79417.3401	79420.8959
20000	TS	N+10%	-1.00	H3	escaped	H3	106162.0217	H3	106162.0217	106162.9525
20000	TS	N+10%	-1.00	H4	escaped	O5	88566.8489	O5	88566.8489	88572.2949
20000	TS	N+10%	-1.00	H5	escaped	O6	83204.9645	O6	83204.9645	83210.2556
20000	TS	N+10%	-1.00	H6	escaped	O2	99968.6834	O2	99968.6834	99969.0966
20000	TS	N+10%	-1.00	H7	escaped	O4	102094.0401	O4	102094.0401	102094.1134
20000	TS	N+10%	-1.00	H8	escaped	H8	76642.5081	H8	76642.5081	76642.5081
20000	TS	OPLS_sp3C	+0.25	carbA	own	O1	2.8955	O1	2.8955	5.4706
20000	TS	OPLS_sp3C	+0.25	carbB	own	O6	2.9654	H2	2.9481	8.7868
20000	TS	OPLS_sp3C	+0.25	ether	migrated	O2	2.9334	O2	2.9334	6.3462
20000	TS	OPLS_sp3C	+0.25	hydroxyl	migrated	O6	2.9712	O6	2.9712	5.9318
20000	TS	OPLS_sp3C	+0.50	carbA	own	O1	2.7534	O1	2.7534	5.4276
20000	TS	OPLS_sp3C	+0.50	carbB	own	O6	2.8191	O6	2.8191	8.6719
20000	TS	OPLS_sp3C	+0.50	ether	migrated	O2	2.7610	O2	2.7610	6.0393
20000	TS	OPLS_sp3C	+0.50	hydroxyl	migrated	O6	2.7829	O6	2.7829	6.0117
20000	TS	OPLS_sp3C	+0.75	carbA	own	O1	2.6698	O1	2.6698	5.4348
20000	TS	OPLS_sp3C	+0.75	carbB	own	O6	2.7338	O6	2.7338	8.6304
20000	TS	OPLS_sp3C	+0.75	ether	migrated	O2	2.6635	O2	2.6635	5.8642
20000	TS	OPLS_sp3C	+0.75	hydroxyl	migrated	O6	2.6783	O6	2.6783	6.0477
20000	TS	OPLS_sp3C	+1.00	carbA	own	O1	2.6093	O1	2.6093	5.4922
20000	TS	OPLS_sp3C	+1.00	carbB	own	O6	2.6698	O6	2.6698	8.6647
20000	TS	OPLS_sp3C	+1.00	ether	migrated	O2	2.5960	O2	2.5960	5.7433
20000	TS	OPLS_sp3C	+1.00	hydroxyl	migrated	O6	2.6698	O6	2.6698	8.6647
20000	TS	OPLS_sp3C	-0.25	H1	escaped	O5	46628.3451	O5	46628.3451	46632.9076
20000	TS	OPLS_sp3C	-0.25	H2	escaped	O1	41889.3716	O1	41889.3716	41895.0362
20000	TS	OPLS_sp3C	-0.25	H3	escaped	H3	41963.1091	H3	41963.1091	41963.1257
20000	TS	OPLS_sp3C	-0.25	H4	escaped	H4	34946.2785	H4	34946.2785	34949.1365
20000	TS	OPLS_sp3C	-0.25	H5	escaped	O6	44610.5135	O6	44610.5135	44614.8363
20000	TS	OPLS_sp3C	-0.25	H6	escaped	H6	48640.4986	H6	48640.4986	48640.7154
20000	TS	OPLS_sp3C	-0.25	H7	escaped	O4	42456.5742	O4	42456.5742	42456.6040
20000	TS	OPLS_sp3C	-0.25	H8	escaped	H8	43019.1046	H8	43019.1046	43019.1046
20000	TS	OPLS_sp3C	-0.50	H1	escaped	O5	58231.3862	O5	58231.3862	58236.1663
20000	TS	OPLS_sp3C	-0.50	H2	escaped	O1	64059.7322	O1	64059.7322	64064.3651
20000	TS	OPLS_sp3C	-0.50	H3	escaped	H3	56026.8495	H3	56026.8495	56027.1760
20000	TS	OPLS_sp3C	-0.50	H4	escaped	O5	70228.9324	O5	70228.9324	70233.5430
20000	TS	OPLS_sp3C	-0.50	H5	escaped	O6	52752.0017	O6	52752.0017	52757.1697
20000	TS	OPLS_sp3C	-0.50	H6	escaped	H6	65614.2706	H6	65614.2706	65614.3191
20000	TS	OPLS_sp3C	-0.50	H7	escaped	O4	61201.4038	O4	61201.4038	61201.4308
20000	TS	OPLS_sp3C	-0.50	H8	escaped	H8	57188.8216	H8	57188.8216	57188.8216
20000	TS	OPLS_sp3C	-0.75	H1	escaped	O5	66676.6784	O5	66676.6784	66681.4677
20000	TS	OPLS_sp3C	-0.75	H2	escaped	O1	73999.9031	O1	73999.9031	74003.8088
20000	TS	OPLS_sp3C	-0.75	H3	escaped	H3	76482.9034	H3	76482.9034	76483.5458
20000	TS	OPLS_sp3C	-0.75	H4	escaped	O5	81179.9804	O5	81179.9804	81185.2369
20000	TS	OPLS_sp3C	-0.75	H5	escaped	O6	60319.9823	O6	60319.9823	60325.3047
20000	TS	OPLS_sp3C	-0.75	H6	escaped	H8	69708.5077	H8	69708.5077	69708.5077
20000	TS	OPLS_sp3C	-0.75	H7	escaped	O4	78464.2204	O4	78464.2204	78464.2467
20000	TS	OPLS_sp3C	-0.75	H8	escaped	H8	76378.0469	H8	76378.0469	76378.0469
20000	TS	OPLS_sp3C	-1.00	H1	escaped	O5	91671.3495	O5	91671.3495	91676.1264
20000	TS	OPLS_sp3C	-1.00	H2	escaped	O1	79603.8930	O1	79603.8930	79607.3950
20000	TS	OPLS_sp3C	-1.00	H3	escaped	H3	106349.7818	H3	106349.7818	106350.7004
20000	TS	OPLS_sp3C	-1.00	H4	escaped	O5	88792.1040	O5	88792.1040	88797.6099
20000	TS	OPLS_sp3C	-1.00	H5	escaped	O6	83275.2546	O6	83275.2546	83280.6098
20000	TS	OPLS_sp3C	-1.00	H6	escaped	O2	100197.1757	O2	100197.1757	100197.6854
20000	TS	OPLS_sp3C	-1.00	H7	escaped	O4	94132.2350	O4	94132.2350	94132.2706
20000	TS	OPLS_sp3C	-1.00	H8	escaped	H8	76967.1442	H8	76967.1442	76967.1442
20000	TS	Behrens_3.55	+0.25	carbA	own	O1	2.9177	O1	2.9177	5.4890
20000	TS	Behrens_3.55	+0.25	carbB	own	O6	2.9879	H2	2.9628	8.8112
20000	TS	Behrens_3.55	+0.25	ether	migrated	O2	2.9613	O2	2.9613	6.3988
20000	TS	Behrens_3.55	+0.25	hydroxyl	migrated	O6	2.9998	O6	2.9998	5.9290
20000	TS	Behrens_3.55	+0.50	carbA	own	O1	2.7745	O1	2.7745	5.4401
20000	TS	Behrens_3.55	+0.50	carbB	own	O6	2.8405	O6	2.8405	8.6916
20000	TS	Behrens_3.55	+0.50	ether	migrated	O2	2.7863	O2	2.7863	6.0863
20000	TS	Behrens_3.55	+0.50	hydroxyl	migrated	O6	2.8405	O6	2.8405	8.6916
20000	TS	Behrens_3.55	+0.75	carbA	own	O1	2.6905	O1	2.6905	5.4374
20000	TS	Behrens_3.55	+0.75	carbB	own	O6	2.7548	O6	2.7548	8.6413
20000	TS	Behrens_3.55	+0.75	ether	migrated	O2	2.6875	O2	2.6875	5.9086
20000	TS	Behrens_3.55	+0.75	hydroxyl	migrated	O6	2.7033	O6	2.7033	6.0454
20000	TS	Behrens_3.55	+1.00	carbA	own	O1	2.6302	O1	2.6302	5.4746
20000	TS	Behrens_3.55	+1.00	carbB	own	O6	2.6927	O6	2.6927	8.6442
20000	TS	Behrens_3.55	+1.00	ether	migrated	O2	2.6192	O2	2.6192	5.7859
20000	TS	Behrens_3.55	+1.00	hydroxyl	migrated	O6	2.6927	O6	2.6927	8.6442
20000	TS	Behrens_3.55	-0.25	H1	escaped	O5	45875.9939	O5	45875.9939	45880.5480
20000	TS	Behrens_3.55	-0.25	H2	escaped	O1	41958.1776	O1	41958.1776	41963.8513
20000	TS	Behrens_3.55	-0.25	H3	escaped	H3	41974.5157	H3	41974.5157	41974.5281
20000	TS	Behrens_3.55	-0.25	H4	escaped	H4	34949.5396	H4	34949.5396	34952.3721
20000	TS	Behrens_3.55	-0.25	H5	escaped	O6	44685.4276	O6	44685.4276	44689.7271
20000	TS	Behrens_3.55	-0.25	H6	escaped	H6	48676.3269	H6	48676.3269	48676.5314
20000	TS	Behrens_3.55	-0.25	H7	escaped	O4	42299.7485	O4	42299.7485	42299.7861
20000	TS	Behrens_3.55	-0.25	H8	escaped	H8	43020.5601	H8	43020.5601	43020.5601
20000	TS	Behrens_3.55	-0.50	H1	escaped	O5	58873.4547	O5	58873.4547	58878.2180
20000	TS	Behrens_3.55	-0.50	H2	escaped	O1	64144.9976	O1	64144.9976	64149.6403
20000	TS	Behrens_3.55	-0.50	H3	escaped	H3	56047.5244	H3	56047.5244	56047.8447
20000	TS	Behrens_3.55	-0.50	H4	escaped	O5	70202.5538	O5	70202.5538	70207.1428
20000	TS	Behrens_3.55	-0.50	H5	escaped	O6	52839.5972	O6	52839.5972	52844.7423
20000	TS	Behrens_3.55	-0.50	H6	escaped	H6	65592.7183	H6	65592.7183	65592.7478
20000	TS	Behrens_3.55	-0.50	H7	escaped	O4	63339.8654	O4	63339.8654	63339.9006
20000	TS	Behrens_3.55	-0.50	H8	escaped	H8	57184.6870	H8	57184.6870	57184.6870
20000	TS	Behrens_3.55	-0.75	H1	escaped	O5	66908.2214	O5	66908.2214	66912.9980
20000	TS	Behrens_3.55	-0.75	H2	escaped	O1	74093.0061	O1	74093.0061	74096.9216
20000	TS	Behrens_3.55	-0.75	H3	escaped	H3	76469.7053	H3	76469.7053	76470.3417
20000	TS	Behrens_3.55	-0.75	H4	escaped	O5	81165.4738	O5	81165.4738	81170.7167
20000	TS	Behrens_3.55	-0.75	H5	escaped	O6	60360.4150	O6	60360.4150	60365.7193
20000	TS	Behrens_3.55	-0.75	H6	escaped	H8	69647.8170	H8	69647.8170	69647.8170
20000	TS	Behrens_3.55	-0.75	H7	escaped	O4	70341.1201	O4	70341.1201	70341.1537
20000	TS	Behrens_3.55	-0.75	H8	escaped	H8	76371.6373	H8	76371.6373	76371.6373
20000	TS	Behrens_3.55	-1.00	H1	escaped	O5	91825.9910	O5	91825.9910	91830.7578
20000	TS	Behrens_3.55	-1.00	H2	escaped	O1	79624.8615	O1	79624.8615	79628.3716
20000	TS	Behrens_3.55	-1.00	H3	escaped	H3	106300.8672	H3	106300.8672	106301.7808
20000	TS	Behrens_3.55	-1.00	H4	escaped	O5	88802.9016	O5	88802.9016	88808.3972
20000	TS	Behrens_3.55	-1.00	H5	escaped	O6	83320.7330	O6	83320.7330	83326.0734
20000	TS	Behrens_3.55	-1.00	H6	escaped	O2	100105.2665	O2	100105.2665	100105.7432
20000	TS	Behrens_3.55	-1.00	H7	escaped	O4	93764.3152	O4	93764.3152	93764.3568
20000	TS	Behrens_3.55	-1.00	H8	escaped	H8	76960.6885	H8	76960.6885	76960.6885
21634	R	N	+0.25	carbA	own	O1	2.8800	O1	2.8800	5.1681
21634	R	N	+0.25	carbB	own	O6	3.1277	H2	2.7052	7.1314
21634	R	N	+0.25	ether	migrated	O2	2.8872	O2	2.8872	6.1403
21634	R	N	+0.25	hydroxyl	migrated	O6	3.1277	H2	2.7052	7.1314
21634	R	N	+0.50	carbA	own	O1	2.7363	O1	2.7363	5.4408
21634	R	N	+0.50	carbB	own	O6	2.9921	H2	2.6371	7.0311
21634	R	N	+0.50	ether	migrated	O2	2.7325	O2	2.7325	5.8997
21634	R	N	+0.50	hydroxyl	migrated	O6	2.9921	H2	2.6371	7.0311
21634	R	N	+0.75	carbA	own	O1	2.6519	O1	2.6519	5.7758
21634	R	N	+0.75	carbB	own	O6	2.9194	H2	2.5977	6.9632
21634	R	N	+0.75	ether	migrated	O2	2.6421	O2	2.6421	5.7588
21634	R	N	+0.75	hydroxyl	migrated	O6	2.7064	O6	2.7064	5.1664
21634	R	N	+1.00	carbA	own	O1	2.5932	O1	2.5932	5.8697
21634	R	N	+1.00	carbB	own	O6	2.8716	H2	2.5704	6.9115
21634	R	N	+1.00	ether	migrated	O2	2.5785	O2	2.5785	5.6602
21634	R	N	+1.00	hydroxyl	migrated	O1	2.6414	H2	2.4930	6.4883
21634	R	N	-0.25	H1	escaped	O5	44712.9734	O5	44712.9734	44717.9078
21634	R	N	-0.25	H2	escaped	O1	45170.1813	O1	45170.1813	45175.8310
21634	R	N	-0.25	H3	escaped	H8	40619.1324	H8	40619.1324	40619.1324
21634	R	N	-0.25	H4	escaped	H4	47058.8919	H4	47058.8919	47062.1377
21634	R	N	-0.25	H5	escaped	O6	45772.4092	O6	45772.4092	45776.3257
21634	R	N	-0.25	H6	escaped	H6	36832.9944	H6	36832.9944	36833.4945
21634	R	N	-0.25	H7	escaped	H8	38750.5094	H8	38750.5094	38750.5094
21634	R	N	-0.25	H8	escaped	H8	43387.8775	H8	43387.8775	43387.8775
21634	R	N	-0.50	H1	escaped	O5	60518.8709	O5	60518.8709	60524.0447
21634	R	N	-0.50	H2	escaped	O1	52061.9403	O1	52061.9403	52066.6622
21634	R	N	-0.50	H3	escaped	H8	69705.1939	H8	69705.1939	69705.1939
21634	R	N	-0.50	H4	escaped	O5	53441.9861	O5	53441.9861	53446.8150
21634	R	N	-0.50	H5	escaped	O6	53788.4132	O6	53788.4132	53793.0567
21634	R	N	-0.50	H6	escaped	H6	51279.8068	H6	51279.8068	51280.5662
21634	R	N	-0.50	H7	escaped	H3	55790.0857	H3	55790.0857	55790.4961
21634	R	N	-0.50	H8	escaped	H8	54407.4768	H8	54407.4768	54407.4768
21634	R	N	-0.75	H1	escaped	O5	67015.4259	O5	67015.4259	67020.6348
21634	R	N	-0.75	H2	escaped	O1	79136.6397	O1	79136.6397	79140.7224
21634	R	N	-0.75	H3	escaped	H8	69407.4802	H8	69407.4802	69407.4802
21634	R	N	-0.75	H4	escaped	O5	81562.5281	O5	81562.5281	81567.8841
21634	R	N	-0.75	H5	escaped	O6	60363.2749	O6	60363.2749	60368.0428
21634	R	N	-0.75	H6	escaped	O2	74549.1775	O2	74549.1775	74550.7215
21634	R	N	-0.75	H7	escaped	H3	68033.5316	H3	68033.5316	68034.1894
21634	R	N	-0.75	H8	escaped	H8	71463.0902	H8	71463.0902	71463.0902
21634	R	N	-1.00	H1	escaped	O5	91632.3124	O5	91632.3124	91637.5230
21634	R	N	-1.00	H2	escaped	O1	82788.8785	O1	82788.8785	82792.5900
21634	R	N	-1.00	H3	escaped	H8	92357.8965	H8	92357.8965	92357.8965
21634	R	N	-1.00	H4	escaped	O5	85557.0086	O5	85557.0086	85562.5728
21634	R	N	-1.00	H5	escaped	O6	83305.5688	O6	83305.5688	83310.3579
21634	R	N	-1.00	H6	escaped	O2	81989.9065	O2	81989.9065	81992.0293
21634	R	N	-1.00	H7	escaped	H3	105040.0573	H3	105040.0573	105040.9284
21634	R	N	-1.00	H8	escaped	H8	94944.5151	H8	94944.5151	94944.5151
21634	R	N+5%	+0.25	carbA	own	O1	2.9569	O1	2.9569	5.2102
21634	R	N+5%	+0.25	carbB	own	O6	3.2163	H2	2.7587	7.2001
21634	R	N+5%	+0.25	ether	migrated	O2	2.9728	O2	2.9728	6.2664
21634	R	N+5%	+0.25	hydroxyl	migrated	O6	3.2163	H2	2.7587	7.2001
21634	R	N+5%	+0.50	carbA	own	O1	2.8106	O1	2.8106	5.3351
21634	R	N+5%	+0.50	carbB	migrated	O1	2.9121	H2	2.6402	6.7845
21634	R	N+5%	+0.50	ether	migrated	O2	2.8134	O2	2.8134	6.0226
21634	R	N+5%	+0.50	hydroxyl	migrated	O1	2.9121	H2	2.6402	6.7845
21634	R	N+5%	+0.75	carbA	own	O1	2.7240	O1	2.7240	5.6378
21634	R	N+5%	+0.75	carbB	own	O6	2.9816	H2	2.6415	7.0369
21634	R	N+5%	+0.75	ether	migrated	O2	2.7201	O2	2.7201	5.8786
21634	R	N+5%	+0.75	hydroxyl	migrated	O6	2.9816	H2	2.6415	7.0369
21634	R	N+5%	+1.00	carbA	own	O1	2.6634	O1	2.6634	5.8013
21634	R	N+5%	+1.00	carbB	own	O6	2.9278	H2	2.6117	6.9859
21634	R	N+5%	+1.00	ether	migrated	O2	2.6545	O2	2.6545	5.7772
21634	R	N+5%	+1.00	hydroxyl	migrated	O6	2.7195	O6	2.7195	5.1721
21634	R	N+5%	-0.25	H1	escaped	O5	42505.1100	O5	42505.1100	42509.9442
21634	R	N+5%	-0.25	H2	escaped	O1	45318.1435	O1	45318.1435	45323.8071
21634	R	N+5%	-0.25	H3	escaped	H8	40742.6336	H8	40742.6336	40742.6336
21634	R	N+5%	-0.25	H4	escaped	H4	47220.8968	H4	47220.8968	47224.0902
21634	R	N+5%	-0.25	H5	escaped	O6	46080.1034	O6	46080.1034	46083.9619
21634	R	N+5%	-0.25	H6	escaped	H6	36933.6851	H6	36933.6851	36934.1440
21634	R	N+5%	-0.25	H7	escaped	H3	43706.8743	H3	43706.8743	43706.9330
21634	R	N+5%	-0.25	H8	escaped	H8	44136.8158	H8	44136.8158	44136.8158
21634	R	N+5%	-0.50	H1	escaped	O5	56487.8516	O5	56487.8516	56492.9329
21634	R	N+5%	-0.50	H2	escaped	O1	52178.3602	O1	52178.3602	52183.0919
21634	R	N+5%	-0.50	H3	escaped	H8	69931.0127	H8	69931.0127	69931.0127
21634	R	N+5%	-0.50	H4	escaped	O5	53527.1972	O5	53527.1972	53531.9792
21634	R	N+5%	-0.50	H5	escaped	O6	54147.5974	O6	54147.5974	54152.1849
21634	R	N+5%	-0.50	H6	escaped	H6	51166.9349	H6	51166.9349	51167.6481
21634	R	N+5%	-0.50	H7	escaped	H3	60715.4646	H3	60715.4646	60715.8231
21634	R	N+5%	-0.50	H8	escaped	H8	54770.9051	H8	54770.9051	54770.9051
21634	R	N+5%	-0.75	H1	escaped	O5	67800.6032	O5	67800.6032	67805.7395
21634	R	N+5%	-0.75	H2	escaped	O1	79206.4287	O1	79206.4287	79210.5150
21634	R	N+5%	-0.75	H3	escaped	H8	69549.8042	H8	69549.8042	69549.8042
21634	R	N+5%	-0.75	H4	escaped	O5	81669.6905	O5	81669.6905	81675.0144
21634	R	N+5%	-0.75	H5	escaped	O6	80130.0706	O6	80130.0706	80134.7935
21634	R	N+5%	-0.75	H6	escaped	O2	74337.3747	O2	74337.3747	74338.8677
21634	R	N+5%	-0.75	H7	escaped	H3	86631.8773	H3	86631.8773	86632.4787
21634	R	N+5%	-0.75	H8	escaped	H8	71770.7401	H8	71770.7401	71770.7401
21634	R	N+5%	-1.00	H1	escaped	O5	92635.6947	O5	92635.6947	92640.8473
21634	R	N+5%	-1.00	H2	escaped	O1	82857.2840	O1	82857.2840	82860.9979
21634	R	N+5%	-1.00	H3	escaped	H8	92500.4990	H8	92500.4990	92500.4990
21634	R	N+5%	-1.00	H4	escaped	O5	85603.1259	O5	85603.1259	85608.6648
21634	R	N+5%	-1.00	H5	escaped	O6	83449.3287	O6	83449.3287	83454.0812
21634	R	N+5%	-1.00	H6	escaped	O2	81853.9019	O2	81853.9019	81855.9928
21634	R	N+5%	-1.00	H7	escaped	H3	100516.7311	H3	100516.7311	100517.5046
21634	R	N+5%	-1.00	H8	escaped	H8	95253.7932	H8	95253.7932	95253.7932
21634	R	N+10%	+0.25	carbA	own	O1	3.0340	O1	3.0340	5.2590
21634	R	N+10%	+0.25	carbB	own	O6	3.3148	H2	2.8145	7.2645
21634	R	N+10%	+0.25	ether	migrated	O2	3.0591	O2	3.0591	6.3927
21634	R	N+10%	+0.25	hydroxyl	migrated	O6	3.3148	H2	2.8145	7.2645
21634	R	N+10%	+0.50	carbA	own	O1	2.8843	O1	2.8843	5.3234
21634	R	N+10%	+0.50	carbB	own	O6	3.1422	H2	2.7340	7.1724
21634	R	N+10%	+0.50	ether	migrated	O2	2.8949	O2	2.8949	6.1461
21634	R	N+10%	+0.50	hydroxyl	migrated	O6	3.1422	H2	2.7340	7.1724
21634	R	N+10%	+0.75	carbA	own	O1	2.7962	O1	2.7962	5.4834
21634	R	N+10%	+0.75	carbB	own	O6	3.0504	H2	2.6874	7.1079
21634	R	N+10%	+0.75	ether	migrated	O2	2.7988	O2	2.7988	5.9991
21634	R	N+10%	+0.75	hydroxyl	migrated	O6	3.0504	H2	2.6874	7.1079
21634	R	N+10%	+1.00	carbA	own	O1	2.7338	O1	2.7338	5.6895
21634	R	N+10%	+1.00	carbB	own	O6	2.9901	H2	2.6550	7.0578
21634	R	N+10%	+1.00	ether	migrated	O2	2.7311	O2	2.7311	5.8952
21634	R	N+10%	+1.00	hydroxyl	migrated	O6	2.8065	O6	2.8065	5.1513
21634	R	N+10%	-0.25	H1	escaped	O5	41397.5549	O5	41397.5549	41402.1976
21634	R	N+10%	-0.25	H2	escaped	O1	45496.7235	O1	45496.7235	45502.4041
21634	R	N+10%	-0.25	H3	escaped	H8	40778.1620	H8	40778.1620	40778.1620
21634	R	N+10%	-0.25	H4	escaped	H4	47359.3328	H4	47359.3328	47362.4396
21634	R	N+10%	-0.25	H5	escaped	O6	46473.0484	O6	46473.0484	46476.8112
21634	R	N+10%	-0.25	H6	escaped	H6	37011.8523	H6	37011.8523	37012.2412
21634	R	N+10%	-0.25	H7	escaped	H3	40461.8879	H3	40461.8879	40461.9825
21634	R	N+10%	-0.25	H8	escaped	H8	44923.2235	H8	44923.2235	44923.2235
21634	R	N+10%	-0.50	H1	escaped	O5	52437.5266	O5	52437.5266	52442.4751
21634	R	N+10%	-0.50	H2	escaped	O1	52335.9455	O1	52335.9455	52340.6883
21634	R	N+10%	-0.50	H3	escaped	H8	70194.2374	H8	70194.2374	70194.2374
21634	R	N+10%	-0.50	H4	escaped	O5	53587.2499	O5	53587.2499	53591.9573
21634	R	N+10%	-0.50	H5	escaped	O6	54647.8350	O6	54647.8350	54652.3345
21634	R	N+10%	-0.50	H6	escaped	H6	50923.2297	H6	50923.2297	50923.8615
21634	R	N+10%	-0.50	H7	escaped	H3	68413.6983	H3	68413.6983	68414.0780
21634	R	N+10%	-0.50	H8	escaped	H8	55129.7853	H8	55129.7853	55129.7853
21634	R	N+10%	-0.75	H1	escaped	O5	66972.7479	O5	66972.7479	66977.7841
21634	R	N+10%	-0.75	H2	escaped	O1	79348.5925	O1	79348.5925	79352.6826
21634	R	N+10%	-0.75	H3	escaped	H8	69730.0480	H8	69730.0480	69730.0480
21634	R	N+10%	-0.75	H4	escaped	O5	81754.1870	O5	81754.1870	81759.4609
21634	R	N+10%	-0.75	H5	escaped	O6	80414.9013	O6	80414.9013	80419.5545
21634	R	N+10%	-0.75	H6	escaped	O2	73923.1470	O2	73923.1470	73924.5510
21634	R	N+10%	-0.75	H7	escaped	H3	72034.9503	H3	72034.9503	72035.5480
21634	R	N+10%	-0.75	H8	escaped	H8	72068.6577	H8	72068.6577	72068.6577
21634	R	N+10%	-1.00	H1	escaped	O5	94163.5719	O5	94163.5719	94168.6440
21634	R	N+10%	-1.00	H2	escaped	O1	82991.0222	O1	82991.0222	82994.7383
21634	R	N+10%	-1.00	H3	escaped	H8	92720.9525	H8	92720.9525	92720.9525
21634	R	N+10%	-1.00	H4	escaped	O5	85706.5362	O5	85706.5362	85712.0359
21634	R	N+10%	-1.00	H5	escaped	O6	83699.9477	O6	83699.9477	83704.6436
21634	R	N+10%	-1.00	H6	escaped	O2	81484.1489	O2	81484.1489	81486.1862
21634	R	N+10%	-1.00	H7	escaped	H3	97885.5909	H3	97885.5909	97886.2668
21634	R	N+10%	-1.00	H8	escaped	H8	95549.8204	H8	95549.8204	95549.8204
21634	R	OPLS_sp3C	+0.25	carbA	own	O1	2.8975	O1	2.8975	5.2777
21634	R	OPLS_sp3C	+0.25	carbB	own	O6	3.1550	H2	2.7355	7.1735
21634	R	OPLS_sp3C	+0.25	ether	migrated	O2	2.9089	O2	2.9089	6.1678
21634	R	OPLS_sp3C	+0.25	hydroxyl	migrated	O6	3.1550	H2	2.7355	7.1735
21634	R	OPLS_sp3C	+0.50	carbA	own	O1	2.7483	O1	2.7483	5.6020
21634	R	OPLS_sp3C	+0.50	carbB	own	O6	3.0040	H2	2.6586	7.0639
21634	R	OPLS_sp3C	+0.50	ether	migrated	O2	2.7467	O2	2.7467	5.9192
21634	R	OPLS_sp3C	+0.50	hydroxyl	migrated	O6	3.0040	H2	2.6586	7.0639
21634	R	OPLS_sp3C	+0.75	carbA	own	O1	2.6620	O1	2.6620	5.8240
21634	R	OPLS_sp3C	+0.75	carbB	own	O6	2.9257	H2	2.6151	6.9908
21634	R	OPLS_sp3C	+0.75	ether	migrated	O2	2.6531	O2	2.6531	5.7751
21634	R	OPLS_sp3C	+0.75	hydroxyl	migrated	O6	2.7174	O6	2.7174	5.1772
21634	R	OPLS_sp3C	+1.00	carbA	own	O1	2.6018	O1	2.6018	5.8944
21634	R	OPLS_sp3C	+1.00	carbB	own	O6	2.8750	H2	2.5854	6.9356
21634	R	OPLS_sp3C	+1.00	ether	migrated	O2	2.5878	O2	2.5878	5.6747
21634	R	OPLS_sp3C	+1.00	hydroxyl	migrated	O6	2.8750	H2	2.5854	6.9356
21634	R	OPLS_sp3C	-0.25	H1	escaped	O5	43699.9998	O5	43699.9998	43704.9002
21634	R	OPLS_sp3C	-0.25	H2	escaped	O1	45057.2256	O1	45057.2256	45062.8705
21634	R	OPLS_sp3C	-0.25	H3	escaped	H8	40183.4395	H8	40183.4395	40183.4395
21634	R	OPLS_sp3C	-0.25	H4	escaped	H4	46720.8097	H4	46720.8097	46724.0336
21634	R	OPLS_sp3C	-0.25	H5	escaped	O6	45728.2420	O6	45728.2420	45732.1316
21634	R	OPLS_sp3C	-0.25	H6	escaped	H6	36498.1832	H6	36498.1832	36498.6321
21634	R	OPLS_sp3C	-0.25	H7	escaped	H3	37532.9480	H3	37532.9480	37533.0168
21634	R	OPLS_sp3C	-0.25	H8	escaped	H8	41743.7297	H8	41743.7297	41743.7297
21634	R	OPLS_sp3C	-0.50	H1	escaped	O5	58374.8586	O5	58374.8586	58379.9792
21634	R	OPLS_sp3C	-0.50	H2	escaped	O1	52149.2050	O1	52149.2050	52153.9098
21634	R	OPLS_sp3C	-0.50	H3	escaped	H8	69436.1029	H8	69436.1029	69436.1029
21634	R	OPLS_sp3C	-0.50	H4	escaped	O5	53316.9224	O5	53316.9224	53321.7327
21634	R	OPLS_sp3C	-0.50	H5	escaped	O6	53998.3859	O6	53998.3859	54002.9725
21634	R	OPLS_sp3C	-0.50	H6	escaped	H6	50871.4836	H6	50871.4836	50872.1675
21634	R	OPLS_sp3C	-0.50	H7	escaped	H3	55088.1771	H3	55088.1771	55088.6491
21634	R	OPLS_sp3C	-0.50	H8	escaped	H8	53523.5684	H8	53523.5684	53523.5684
21634	R	OPLS_sp3C	-0.75	H1	escaped	O5	67615.2596	O5	67615.2596	67620.4228
21634	R	OPLS_sp3C	-0.75	H2	escaped	O1	79510.6902	O1	79510.6902	79514.7614
21634	R	OPLS_sp3C	-0.75	H3	escaped	H8	69342.7509	H8	69342.7509	69342.7509
21634	R	OPLS_sp3C	-0.75	H4	escaped	O5	81507.5950	O5	81507.5950	81512.9319
21634	R	OPLS_sp3C	-0.75	H5	escaped	O6	60741.0277	O6	60741.0277	60745.7445
21634	R	OPLS_sp3C	-0.75	H6	escaped	O2	74073.6932	O2	74073.6932	74075.1815
21634	R	OPLS_sp3C	-0.75	H7	escaped	H3	89084.8316	H3	89084.8316	89085.5258
21634	R	OPLS_sp3C	-0.75	H8	escaped	H8	70686.4710	H8	70686.4710	70686.4710
21634	R	OPLS_sp3C	-1.00	H1	escaped	O5	92394.1479	O5	92394.1479	92399.3204
21634	R	OPLS_sp3C	-1.00	H2	escaped	O1	83104.4338	O1	83104.4338	83108.1374
21634	R	OPLS_sp3C	-1.00	H3	escaped	H8	92564.2302	H8	92564.2302	92564.2302
21634	R	OPLS_sp3C	-1.00	H4	escaped	O5	85899.7460	O5	85899.7460	85905.2908
21634	R	OPLS_sp3C	-1.00	H5	escaped	O6	83738.1385	O6	83738.1385	83742.8849
21634	R	OPLS_sp3C	-1.00	H6	escaped	O2	81637.4071	O2	81637.4071	81639.4951
21634	R	OPLS_sp3C	-1.00	H7	escaped	H3	104110.9066	H3	104110.9066	104111.7969
21634	R	OPLS_sp3C	-1.00	H8	escaped	H8	94144.7442	H8	94144.7442	94144.7442
21634	R	Behrens_3.55	+0.25	carbA	own	O1	2.9205	O1	2.9205	5.2859
21634	R	Behrens_3.55	+0.25	carbB	own	O6	3.1816	H2	2.7515	7.1940
21634	R	Behrens_3.55	+0.25	ether	migrated	O2	2.9345	O2	2.9345	6.2062
21634	R	Behrens_3.55	+0.25	hydroxyl	migrated	O1	3.0696	H2	2.7192	6.9387
21634	R	Behrens_3.55	+0.50	carbA	own	O1	2.7704	O1	2.7704	5.5533
21634	R	Behrens_3.55	+0.50	carbB	own	O6	3.0251	H2	2.6726	7.0856
21634	R	Behrens_3.55	+0.50	ether	migrated	O2	2.7707	O2	2.7707	5.9561
21634	R	Behrens_3.55	+0.50	hydroxyl	migrated	O6	3.0251	H2	2.6726	7.0856
21634	R	Behrens_3.55	+0.75	carbA	own	O1	2.6834	O1	2.6834	5.7990
21634	R	Behrens_3.55	+0.75	carbB	own	O6	2.9440	H2	2.6280	7.0129
21634	R	Behrens_3.55	+0.75	ether	migrated	O2	2.6763	O2	2.6763	5.8109
21634	R	Behrens_3.55	+0.75	hydroxyl	migrated	O6	2.7435	O6	2.7435	5.1710
21634	R	Behrens_3.55	+1.00	carbA	own	O1	2.6226	O1	2.6226	5.8812
21634	R	Behrens_3.55	+1.00	carbB	own	O6	2.8915	H2	2.5975	6.9579
21634	R	Behrens_3.55	+1.00	ether	migrated	O2	2.6103	O2	2.6103	5.7096
21634	R	Behrens_3.55	+1.00	hydroxyl	migrated	O6	2.8915	H2	2.5975	6.9579
21634	R	Behrens_3.55	-0.25	H1	escaped	O5	43143.3843	O5	43143.3843	43148.2555
21634	R	Behrens_3.55	-0.25	H2	escaped	O1	45090.4044	O1	45090.4044	45096.0530
21634	R	Behrens_3.55	-0.25	H3	escaped	H8	40245.1583	H8	40245.1583	40245.1583
21634	R	Behrens_3.55	-0.25	H4	escaped	H4	46743.1923	H4	46743.1923	46746.3991
21634	R	Behrens_3.55	-0.25	H5	escaped	O6	45802.8723	O6	45802.8723	45806.7430
21634	R	Behrens_3.55	-0.25	H6	escaped	H6	36510.4834	H6	36510.4834	36510.9180
21634	R	Behrens_3.55	-0.25	H7	escaped	H3	38283.0441	H3	38283.0441	38283.1382
21634	R	Behrens_3.55	-0.25	H8	escaped	H8	41846.5078	H8	41846.5078	41846.5078
21634	R	Behrens_3.55	-0.50	H1	escaped	O5	57306.4282	O5	57306.4282	57311.5219
21634	R	Behrens_3.55	-0.50	H2	escaped	O1	52181.3725	O1	52181.3725	52186.0794
21634	R	Behrens_3.55	-0.50	H3	escaped	H8	69485.0064	H8	69485.0064	69485.0064
21634	R	Behrens_3.55	-0.50	H4	escaped	O5	53327.6315	O5	53327.6315	53332.4271
21634	R	Behrens_3.55	-0.50	H5	escaped	O6	54096.6135	O6	54096.6135	54101.1824
21634	R	Behrens_3.55	-0.50	H6	escaped	H6	50821.2902	H6	50821.2902	50821.9574
21634	R	Behrens_3.55	-0.50	H7	escaped	H3	71813.4404	H3	71813.4404	71813.9250
21634	R	Behrens_3.55	-0.50	H8	escaped	H8	53580.5812	H8	53580.5812	53580.5812
21634	R	Behrens_3.55	-0.75	H1	escaped	O5	67844.8697	O5	67844.8697	67850.0120
21634	R	Behrens_3.55	-0.75	H2	escaped	O1	79541.5085	O1	79541.5085	79545.5805
21634	R	Behrens_3.55	-0.75	H3	escaped	H8	69378.7097	H8	69378.7097	69378.7097
21634	R	Behrens_3.55	-0.75	H4	escaped	O5	81548.0636	O5	81548.0636	81553.3905
21634	R	Behrens_3.55	-0.75	H5	escaped	O6	60786.4620	O6	60786.4620	60791.1648
21634	R	Behrens_3.55	-0.75	H6	escaped	O2	73990.9268	O2	73990.9268	73992.3971
21634	R	Behrens_3.55	-0.75	H7	escaped	H3	87743.3944	H3	87743.3944	87744.0717
21634	R	Behrens_3.55	-0.75	H8	escaped	H8	70736.4258	H8	70736.4258	70736.4258
21634	R	Behrens_3.55	-1.00	H1	escaped	O5	92689.5617	O5	92689.5617	92694.7174
21634	R	Behrens_3.55	-1.00	H2	escaped	O1	83133.2128	O1	83133.2128	83136.9167
21634	R	Behrens_3.55	-1.00	H3	escaped	H8	69908.9756	H8	69908.9756	69908.9756
21634	R	Behrens_3.55	-1.00	H4	escaped	O5	85922.2882	O5	85922.2882	85927.8252
21634	R	Behrens_3.55	-1.00	H5	escaped	O6	83791.1111	O6	83791.1111	83795.8460
21634	R	Behrens_3.55	-1.00	H6	escaped	O2	81564.4356	O2	81564.4356	81566.5128
21634	R	Behrens_3.55	-1.00	H7	escaped	H3	102486.3837	H3	102486.3837	102487.2471
21634	R	Behrens_3.55	-1.00	H8	escaped	H8	94195.6411	H8	94195.6411	94195.6411
21634	TS	N	+0.25	carbA	own	O1	2.8727	O1	2.8727	5.2327
21634	TS	N	+0.25	carbB	own	O6	2.9672	H2	2.8626	8.5508
21634	TS	N	+0.25	ether	migrated	O2	2.8928	O2	2.8928	6.6517
21634	TS	N	+0.25	hydroxyl	migrated	O6	2.9672	H2	2.8626	8.5508
21634	TS	N	+0.50	carbA	own	O1	2.7318	O1	2.7318	5.3305
21634	TS	N	+0.50	carbB	own	O6	2.8339	O6	2.8339	8.4580
21634	TS	N	+0.50	ether	migrated	O2	2.7333	O2	2.7333	6.3749
21634	TS	N	+0.50	hydroxyl	migrated	O6	2.8249	O6	2.8249	5.0396
21634	TS	N	+0.75	carbA	own	O1	2.6477	O1	2.6477	5.5738
21634	TS	N	+0.75	carbB	own	O6	2.6965	O6	2.6965	8.9274
21634	TS	N	+0.75	ether	migrated	O2	2.6409	O2	2.6409	6.2118
21634	TS	N	+0.75	hydroxyl	migrated	O6	2.7156	O6	2.7156	5.0908
21634	TS	N	+1.00	carbA	own	O1	2.5885	O1	2.5885	5.7569
21634	TS	N	+1.00	carbB	own	O6	2.6214	O6	2.6214	8.9429
21634	TS	N	+1.00	ether	migrated	O2	2.5764	O2	2.5764	6.0974
21634	TS	N	+1.00	hydroxyl	migrated	O6	2.6413	O6	2.6413	5.1221
21634	TS	N	-0.25	H1	escaped	O5	46581.4419	O5	46581.4419	46586.3887
21634	TS	N	-0.25	H2	escaped	O1	43014.3170	O1	43014.3170	43019.7894
21634	TS	N	-0.25	H3	escaped	H3	41238.2972	H3	41238.2972	41238.5549
21634	TS	N	-0.25	H4	escaped	H4	46694.2617	H4	46694.2617	46697.4236
21634	TS	N	-0.25	H5	escaped	O6	44315.7647	O6	44315.7647	44319.7723
21634	TS	N	-0.25	H6	escaped	H6	36722.1167	H6	36722.1167	36722.2455
21634	TS	N	-0.25	H7	escaped	H8	47135.2527	H8	47135.2527	47135.2527
21634	TS	N	-0.25	H8	escaped	H8	33466.1478	H8	33466.1478	33466.1478
21634	TS	N	-0.50	H1	escaped	O5	56551.4204	O5	56551.4204	56556.5551
21634	TS	N	-0.50	H2	escaped	O1	49279.4523	O1	49279.4523	49284.0298
21634	TS	N	-0.50	H3	escaped	H3	55085.2563	H3	55085.2563	55085.8091
21634	TS	N	-0.50	H4	escaped	O5	53249.2314	O5	53249.2314	53253.9996
21634	TS	N	-0.50	H5	escaped	O6	51462.1550	O6	51462.1550	51466.9173
21634	TS	N	-0.50	H6	escaped	H6	66666.6879	H6	66666.6879	66667.0625
21634	TS	N	-0.50	H7	escaped	H8	67124.2928	H8	67124.2928	67124.2928
21634	TS	N	-0.50	H8	escaped	H8	55719.8753	H8	55719.8753	55719.8753
21634	TS	N	-0.75	H1	escaped	O5	64718.4149	O5	64718.4149	64723.4922
21634	TS	N	-0.75	H2	escaped	O1	75299.3087	O1	75299.3087	75303.2370
21634	TS	N	-0.75	H3	escaped	H3	74962.5896	H3	74962.5896	74963.4202
21634	TS	N	-0.75	H4	escaped	O5	81490.0191	O5	81490.0191	81495.3370
21634	TS	N	-0.75	H5	escaped	O6	58744.4365	O6	58744.4365	58749.3093
21634	TS	N	-0.75	H6	escaped	O2	72228.5555	O2	72228.5555	72229.5284
21634	TS	N	-0.75	H7	escaped	H8	73814.9779	H8	73814.9779	73814.9779
21634	TS	N	-0.75	H8	escaped	H8	73291.2688	H8	73291.2688	73291.2688
21634	TS	N	-1.00	H1	escaped	O5	90001.3687	O5	90001.3687	90006.3904
21634	TS	N	-1.00	H2	escaped	O1	79272.6620	O1	79272.6620	79276.2070
21634	TS	N	-1.00	H3	escaped	H3	78630.7025	H3	78630.7025	78631.7701
21634	TS	N	-1.00	H4	escaped	O5	87161.8764	O5	87161.8764	87167.4038
21634	TS	N	-1.00	H5	escaped	O6	81214.3477	O6	81214.3477	81219.2241
21634	TS	N	-1.00	H6	escaped	O2	79051.6134	O2	79051.6134	79053.2878
21634	TS	N	-1.00	H7	escaped	H8	84509.5640	H8	84509.5640	84509.5640
21634	TS	N	-1.00	H8	escaped	H8	100217.7419	H8	100217.7419	100217.7419
21634	TS	N+5%	+0.25	carbA	own	O1	2.9489	O1	2.9489	5.2818
21634	TS	N+5%	+0.25	carbB	own	O6	3.0407	H2	2.9146	8.6328
21634	TS	N+5%	+0.25	ether	migrated	O2	2.9817	O2	2.9817	6.7979
21634	TS	N+5%	+0.25	hydroxyl	migrated	O6	3.1306	O6	3.1306	4.8934
21634	TS	N+5%	+0.50	carbA	own	O1	2.8048	O1	2.8048	5.3308
21634	TS	N+5%	+0.50	carbB	own	O6	2.9028	H2	2.8853	8.5210
21634	TS	N+5%	+0.50	ether	migrated	O2	2.8161	O2	2.8161	6.5157
21634	TS	N+5%	+0.50	hydroxyl	migrated	O6	2.9190	O6	2.9190	5.0139
21634	TS	N+5%	+0.75	carbA	own	O1	2.7196	O1	2.7196	5.4485
21634	TS	N+5%	+0.75	carbB	own	O6	2.8241	O6	2.8241	8.4815
21634	TS	N+5%	+0.75	ether	migrated	O2	2.7204	O2	2.7204	6.3487
21634	TS	N+5%	+0.75	hydroxyl	migrated	O6	2.8049	O6	2.8049	5.0667
21634	TS	N+5%	+1.00	carbA	own	O1	2.6588	O1	2.6588	5.6277
21634	TS	N+5%	+1.00	carbB	own	O6	2.7133	O6	2.7133	8.9118
21634	TS	N+5%	+1.00	ether	migrated	O2	2.6535	O2	2.6535	6.2311
21634	TS	N+5%	+1.00	hydroxyl	migrated	O6	2.7273	O6	2.7273	5.0986
21634	TS	N+5%	-0.25	H1	escaped	O5	47386.0008	O5	47386.0008	47390.9505
21634	TS	N+5%	-0.25	H2	escaped	O1	43257.3535	O1	43257.3535	43262.8635
21634	TS	N+5%	-0.25	H3	escaped	H3	41240.3281	H3	41240.3281	41240.5731
21634	TS	N+5%	-0.25	H4	escaped	H4	46810.7038	H4	46810.7038	46813.7963
21634	TS	N+5%	-0.25	H5	escaped	O6	44581.6193	O6	44581.6193	44585.5621
21634	TS	N+5%	-0.25	H6	escaped	H6	36834.1571	H6	36834.1571	36834.2398
21634	TS	N+5%	-0.25	H7	escaped	H8	46804.4516	H8	46804.4516	46804.4516
21634	TS	N+5%	-0.25	H8	escaped	H8	34040.2575	H8	34040.2575	34040.2575
21634	TS	N+5%	-0.50	H1	escaped	O5	57708.8907	O5	57708.8907	57713.9967
21634	TS	N+5%	-0.50	H2	escaped	O1	49468.1317	O1	49468.1317	49472.7478
21634	TS	N+5%	-0.50	H3	escaped	H3	55221.1317	H3	55221.1317	55221.6663
21634	TS	N+5%	-0.50	H4	escaped	O5	53270.3502	O5	53270.3502	53275.0558
21634	TS	N+5%	-0.50	H5	escaped	O6	51726.4257	O6	51726.4257	51731.1215
21634	TS	N+5%	-0.50	H6	escaped	H6	66530.0852	H6	66530.0852	66530.4000
21634	TS	N+5%	-0.50	H7	escaped	H8	58889.7960	H8	58889.7960	58889.7960
21634	TS	N+5%	-0.50	H8	escaped	H8	56106.7299	H8	56106.7299	56106.7299
21634	TS	N+5%	-0.75	H1	escaped	O5	65239.8635	O5	65239.8635	65244.9186
21634	TS	N+5%	-0.75	H2	escaped	O1	75586.6500	O1	75586.6500	75590.6114
21634	TS	N+5%	-0.75	H3	escaped	H3	74993.5366	H3	74993.5366	74994.3482
21634	TS	N+5%	-0.75	H4	escaped	O5	81574.0309	O5	81574.0309	81579.3066
21634	TS	N+5%	-0.75	H5	escaped	O6	58827.0135	O6	58827.0135	58831.8324
21634	TS	N+5%	-0.75	H6	escaped	O2	71970.6797	O2	71970.6797	71971.5736
21634	TS	N+5%	-0.75	H7	escaped	H8	82266.4923	H8	82266.4923	82266.4923
21634	TS	N+5%	-0.75	H8	escaped	H8	73625.8135	H8	73625.8135	73625.8135
21634	TS	N+5%	-1.00	H1	escaped	O5	90653.3140	O5	90653.3140	90658.3187
21634	TS	N+5%	-1.00	H2	escaped	O1	79318.7559	O1	79318.7559	79322.3271
21634	TS	N+5%	-1.00	H3	escaped	H3	78581.7407	H3	78581.7407	78582.7913
21634	TS	N+5%	-1.00	H4	escaped	O5	87186.6444	O5	87186.6444	87192.1392
21634	TS	N+5%	-1.00	H5	escaped	O6	81300.2122	O6	81300.2122	81305.0445
21634	TS	N+5%	-1.00	H6	escaped	O2	78797.2931	O2	78797.2931	78798.9129
21634	TS	N+5%	-1.00	H7	escaped	H8	94821.7237	H8	94821.7237	94821.7237
21634	TS	N+5%	-1.00	H8	escaped	H8	100180.6642	H8	100180.6642	100180.6642
21634	TS	N+10%	+0.25	carbA	own	O1	3.0254	O1	3.0254	5.3351
21634	TS	N+10%	+0.25	carbB	own	O6	3.1140	H2	2.9691	8.7153
21634	TS	N+10%	+0.25	ether	migrated	O2	3.0724	O2	3.0724	6.9483
21634	TS	N+10%	+0.25	hydroxyl	migrated	O6	3.1140	H2	2.9691	8.7153
21634	TS	N+10%	+0.50	carbA	own	O1	2.8778	O1	2.8778	5.3561
21634	TS	N+10%	+0.50	carbB	own	O6	2.9723	H2	2.9213	8.5920
21634	TS	N+10%	+0.50	ether	migrated	O2	2.9002	O2	2.9002	6.6585
21634	TS	N+10%	+0.50	hydroxyl	migrated	O6	2.9723	H2	2.9213	8.5920
21634	TS	N+10%	+0.75	carbA	own	O1	2.7908	O1	2.7908	5.4120
21634	TS	N+10%	+0.75	carbB	own	O6	2.8904	O6	2.8904	8.5313
21634	TS	N+10%	+0.75	ether	migrated	O2	2.8008	O2	2.8008	6.4872
21634	TS	N+10%	+0.75	hydroxyl	migrated	O6	2.8948	O6	2.8948	5.0442
21634	TS	N+10%	+1.00	carbA	own	O1	2.7290	O1	2.7290	5.5118
21634	TS	N+10%	+1.00	carbB	own	O6	2.8335	O6	2.8335	8.5068
21634	TS	N+10%	+1.00	ether	migrated	O2	2.7314	O2	2.7314	6.3664
21634	TS	N+10%	+1.00	hydroxyl	migrated	O6	2.8143	O6	2.8143	5.0764
21634	TS	N+10%	-0.25	H1	escaped	O5	44525.7644	O5	44525.7644	44530.7036
21634	TS	N+10%	-0.25	H2	escaped	O1	43583.7320	O1	43583.7320	43589.2922
21634	TS	N+10%	-0.25	H3	escaped	H3	41285.5249	H3	41285.5249	41285.7473
21634	TS	N+10%	-0.25	H4	escaped	H4	46890.6753	H4	46890.6753	46893.6540
21634	TS	N+10%	-0.25	H5	escaped	O6	44929.2931	O6	44929.2931	44933.1329
21634	TS	N+10%	-0.25	H6	escaped	H6	36939.2416	H6	36939.2416	36939.2480
21634	TS	N+10%	-0.25	H7	escaped	H8	42644.4831	H8	42644.4831	42644.4831
21634	TS	N+10%	-0.25	H8	escaped	H8	37862.8522	H8	37862.8522	37862.8522
21634	TS	N+10%	-0.50	H1	escaped	O5	59235.3947	O5	59235.3947	59240.4551
21634	TS	N+10%	-0.50	H2	escaped	O1	49754.7690	O1	49754.7690	49759.4357
21634	TS	N+10%	-0.50	H3	escaped	H3	55336.4954	H3	55336.4954	55336.9953
21634	TS	N+10%	-0.50	H4	escaped	O5	53236.2198	O5	53236.2198	53240.8250
21634	TS	N+10%	-0.50	H5	escaped	O6	52106.6634	O6	52106.6634	52111.2553
21634	TS	N+10%	-0.50	H6	escaped	H6	66258.3207	H6	66258.3207	66258.5327
21634	TS	N+10%	-0.50	H7	escaped	H8	72432.8389	H8	72432.8389	72432.8389
21634	TS	N+10%	-0.50	H8	escaped	H8	56488.6669	H8	56488.6669	56488.6669
21634	TS	N+10%	-0.75	H1	escaped	O5	66038.0438	O5	66038.0438	66043.0641
21634	TS	N+10%	-0.75	H2	escaped	O1	75734.8366	O1	75734.8366	75738.8396
21634	TS	N+10%	-0.75	H3	escaped	H3	74939.3726	H3	74939.3726	74940.1474
21634	TS	N+10%	-0.75	H4	escaped	O5	81609.6117	O5	81609.6117	81614.8210
21634	TS	N+10%	-0.75	H5	escaped	O6	58984.0206	O6	58984.0206	58988.7558
21634	TS	N+10%	-0.75	H6	escaped	O2	71511.6530	O2	71511.6530	71512.4103
21634	TS	N+10%	-0.75	H7	escaped	H8	89482.0193	H8	89482.0193	89482.0193
21634	TS	N+10%	-0.75	H8	escaped	H8	73949.7540	H8	73949.7540	73949.7540
21634	TS	N+10%	-1.00	H1	escaped	O5	91619.3950	O5	91619.3950	91624.3727
21634	TS	N+10%	-1.00	H2	escaped	O1	79428.0517	O1	79428.0517	79431.6593
21634	TS	N+10%	-1.00	H3	escaped	H3	78412.0863	H3	78412.0863	78413.1034
21634	TS	N+10%	-1.00	H4	escaped	O5	87256.0902	O5	87256.0902	87261.5342
21634	TS	N+10%	-1.00	H5	escaped	O6	81466.8463	O6	81466.8463	81471.6105
21634	TS	N+10%	-1.00	H6	escaped	O2	78350.0169	O2	78350.0169	78351.5421
21634	TS	N+10%	-1.00	H7	escaped	H8	96262.5662	H8	96262.5662	96262.5662
21634	TS	N+10%	-1.00	H8	escaped	H8	100157.8499	H8	100157.8499	100157.8499
21634	TS	OPLS_sp3C	+0.25	carbA	own	O1	2.8907	O1	2.8907	5.3252
21634	TS	OPLS_sp3C	+0.25	carbB	own	O6	2.9845	H2	2.9122	8.5945
21634	TS	OPLS_sp3C	+0.25	ether	migrated	O2	2.9147	O2	2.9147	6.6839
21634	TS	OPLS_sp3C	+0.25	hydroxyl	migrated	O6	3.0355	O6	3.0355	4.9675
21634	TS	OPLS_sp3C	+0.50	carbA	own	O1	2.7436	O1	2.7436	5.4453
21634	TS	OPLS_sp3C	+0.50	carbB	own	O6	2.8465	O6	2.8465	8.5000
21634	TS	OPLS_sp3C	+0.50	ether	migrated	O2	2.7474	O2	2.7474	6.3949
21634	TS	OPLS_sp3C	+0.50	hydroxyl	migrated	O6	2.8344	O6	2.8344	5.0622
21634	TS	OPLS_sp3C	+0.75	carbA	own	O1	2.6572	O1	2.6572	5.6696
21634	TS	OPLS_sp3C	+0.75	carbB	own	O6	2.7093	O6	2.7093	8.9276
21634	TS	OPLS_sp3C	+0.75	ether	migrated	O2	2.6519	O2	2.6519	6.2276
21634	TS	OPLS_sp3C	+0.75	hydroxyl	migrated	O6	2.7244	O6	2.7244	5.1053
21634	TS	OPLS_sp3C	+1.00	carbA	own	O1	2.5967	O1	2.5967	5.8005
21634	TS	OPLS_sp3C	+1.00	carbB	own	O6	2.6311	O6	2.6311	8.9504
21634	TS	OPLS_sp3C	+1.00	ether	migrated	O2	2.5856	O2	2.5856	6.1111
21634	TS	OPLS_sp3C	+1.00	hydroxyl	migrated	O6	2.6492	O6	2.6492	5.1323
21634	TS	OPLS_sp3C	-0.25	H1	escaped	O5	46134.2555	O5	46134.2555	46139.2002
21634	TS	OPLS_sp3C	-0.25	H2	escaped	O1	42934.3268	O1	42934.3268	42939.8186
21634	TS	OPLS_sp3C	-0.25	H3	escaped	H3	41402.7065	H3	41402.7065	41402.9467
21634	TS	OPLS_sp3C	-0.25	H4	escaped	H4	46344.2662	H4	46344.2662	46347.3914
21634	TS	OPLS_sp3C	-0.25	H5	escaped	O6	44268.7202	O6	44268.7202	44272.6916
21634	TS	OPLS_sp3C	-0.25	H6	escaped	H6	36415.5361	H6	36415.5361	36415.6045
21634	TS	OPLS_sp3C	-0.25	H7	escaped	H8	46298.4724	H8	46298.4724	46298.4724
21634	TS	OPLS_sp3C	-0.25	H8	escaped	H8	42655.4030	H8	42655.4030	42655.4030
21634	TS	OPLS_sp3C	-0.50	H1	escaped	O5	56809.0075	O5	56809.0075	56814.0968
21634	TS	OPLS_sp3C	-0.50	H2	escaped	O1	49462.7019	O1	49462.7019	49467.2848
21634	TS	OPLS_sp3C	-0.50	H3	escaped	H3	72432.6924	H3	72432.6924	72433.1918
21634	TS	OPLS_sp3C	-0.50	H4	escaped	O5	53064.8450	O5	53064.8450	53069.5787
21634	TS	OPLS_sp3C	-0.50	H5	escaped	O6	51669.1493	O6	51669.1493	51673.8388
21634	TS	OPLS_sp3C	-0.50	H6	escaped	H6	66136.2730	H6	66136.2730	66136.5481
21634	TS	OPLS_sp3C	-0.50	H7	escaped	H8	66423.9376	H8	66423.9376	66423.9376
21634	TS	OPLS_sp3C	-0.50	H8	escaped	H8	54778.4346	H8	54778.4346	54778.4346
21634	TS	OPLS_sp3C	-0.75	H1	escaped	O5	65379.1938	O5	65379.1938	65384.2322
21634	TS	OPLS_sp3C	-0.75	H2	escaped	O1	75653.7195	O1	75653.7195	75657.6573
21634	TS	OPLS_sp3C	-0.75	H3	escaped	H3	74410.9550	H3	74410.9550	74411.7231
21634	TS	OPLS_sp3C	-0.75	H4	escaped	O5	81302.1111	O5	81302.1111	81307.4006
21634	TS	OPLS_sp3C	-0.75	H5	escaped	O6	59092.1565	O6	59092.1565	59096.9640
21634	TS	OPLS_sp3C	-0.75	H6	escaped	O2	71686.2538	O2	71686.2538	71687.1221
21634	TS	OPLS_sp3C	-0.75	H7	escaped	H8	73138.6465	H8	73138.6465	73138.6465
21634	TS	OPLS_sp3C	-0.75	H8	escaped	H8	75616.5703	H8	75616.5703	75616.5703
21634	TS	OPLS_sp3C	-1.00	H1	escaped	O5	90824.4930	O5	90824.4930	90829.4827
21634	TS	OPLS_sp3C	-1.00	H2	escaped	O1	79611.4543	O1	79611.4543	79615.0116
21634	TS	OPLS_sp3C	-1.00	H3	escaped	H3	78057.6381	H3	78057.6381	78058.6455
21634	TS	OPLS_sp3C	-1.00	H4	escaped	O5	87470.7434	O5	87470.7434	87476.2447
21634	TS	OPLS_sp3C	-1.00	H5	escaped	O6	81592.3943	O6	81592.3943	81597.2161
21634	TS	OPLS_sp3C	-1.00	H6	escaped	O2	78581.9754	O2	78581.9754	78583.5756
21634	TS	OPLS_sp3C	-1.00	H7	escaped	H8	83831.8508	H8	83831.8508	83831.8508
21634	TS	OPLS_sp3C	-1.00	H8	escaped	H8	100411.2533	H8	100411.2533	100411.2533
21634	TS	Behrens_3.55	+0.25	carbA	own	O1	2.9135	O1	2.9135	5.3377
21634	TS	Behrens_3.55	+0.25	carbB	own	O6	3.0064	H2	2.9261	8.6181
21634	TS	Behrens_3.55	+0.25	ether	migrated	O2	2.9413	O2	2.9413	6.7288
21634	TS	Behrens_3.55	+0.25	hydroxyl	migrated	O6	3.0650	O6	3.0650	4.9609
21634	TS	Behrens_3.55	+0.50	carbA	own	O1	2.7654	O1	2.7654	5.4332
21634	TS	Behrens_3.55	+0.50	carbB	own	O6	2.8668	O6	2.8668	8.5151
21634	TS	Behrens_3.55	+0.50	ether	migrated	O2	2.7721	O2	2.7721	6.4374
21634	TS	Behrens_3.55	+0.50	hydroxyl	migrated	O6	2.8619	O6	2.8619	5.0554
21634	TS	Behrens_3.55	+0.75	carbA	own	O1	2.6785	O1	2.6785	5.6312
21634	TS	Behrens_3.55	+0.75	carbB	own	O6	2.7857	O6	2.7857	8.5300
21634	TS	Behrens_3.55	+0.75	ether	migrated	O2	2.6755	O2	2.6755	6.2686
21634	TS	Behrens_3.55	+0.75	hydroxyl	migrated	O6	2.7506	O6	2.7506	5.0986
21634	TS	Behrens_3.55	+1.00	carbA	own	O1	2.6175	O1	2.6175	5.7740
21634	TS	Behrens_3.55	+1.00	carbB	own	O6	2.6556	O6	2.6556	8.9590
21634	TS	Behrens_3.55	+1.00	ether	migrated	O2	2.6084	O2	2.6084	6.1510
21634	TS	Behrens_3.55	+1.00	hydroxyl	migrated	O6	2.6746	O6	2.6746	5.1256
21634	TS	Behrens_3.55	-0.25	H1	escaped	O5	46313.6145	O5	46313.6145	46318.5574
21634	TS	Behrens_3.55	-0.25	H2	escaped	O1	42993.9929	O1	42993.9929	42999.4955
21634	TS	Behrens_3.55	-0.25	H3	escaped	H3	41463.5381	H3	41463.5381	41463.7731
21634	TS	Behrens_3.55	-0.25	H4	escaped	H4	46355.9746	H4	46355.9746	46359.0774
21634	TS	Behrens_3.55	-0.25	H5	escaped	O6	44333.9151	O6	44333.9151	44337.8655
21634	TS	Behrens_3.55	-0.25	H6	escaped	H6	36433.3621	H6	36433.3621	36433.4147
21634	TS	Behrens_3.55	-0.25	H7	escaped	H8	44210.1571	H8	44210.1571	44210.1571
21634	TS	Behrens_3.55	-0.25	H8	escaped	H8	42761.5014	H8	42761.5014	42761.5014
21634	TS	Behrens_3.55	-0.50	H1	escaped	O5	57108.0423	O5	57108.0423	57113.1227
21634	TS	Behrens_3.55	-0.50	H2	escaped	O1	49518.1496	O1	49518.1496	49522.7432
21634	TS	Behrens_3.55	-0.50	H3	escaped	H3	72456.8456	H3	72456.8456	72457.3374
21634	TS	Behrens_3.55	-0.50	H4	escaped	O5	53057.4529	O5	53057.4529	53062.1669
21634	TS	Behrens_3.55	-0.50	H5	escaped	O6	51743.7426	O6	51743.7426	51748.4110
21634	TS	Behrens_3.55	-0.50	H6	escaped	H6	66079.2385	H6	66079.2385	66079.4925
21634	TS	Behrens_3.55	-0.50	H7	escaped	H8	62389.5226	H8	62389.5226	62389.5226
21634	TS	Behrens_3.55	-0.50	H8	escaped	H8	56974.1545	H8	56974.1545	56974.1545
21634	TS	Behrens_3.55	-0.75	H1	escaped	O5	65540.5814	O5	65540.5814	65545.6127
21634	TS	Behrens_3.55	-0.75	H2	escaped	O1	75743.1112	O1	75743.1112	75747.0584
21634	TS	Behrens_3.55	-0.75	H3	escaped	H3	74394.9005	H3	74394.9005	74395.6605
21634	TS	Behrens_3.55	-0.75	H4	escaped	O5	81309.1875	O5	81309.1875	81314.4638
21634	TS	Behrens_3.55	-0.75	H5	escaped	O6	59125.4011	O6	59125.4011	59130.1916
21634	TS	Behrens_3.55	-0.75	H6	escaped	O2	71592.9231	O2	71592.9231	71593.7637
21634	TS	Behrens_3.55	-0.75	H7	escaped	H8	71121.9850	H8	71121.9850	71121.9850
21634	TS	Behrens_3.55	-0.75	H8	escaped	H8	75613.1453	H8	75613.1453	75613.1453
21634	TS	Behrens_3.55	-1.00	H1	escaped	O5	91027.4654	O5	91027.4654	91032.4496
21634	TS	Behrens_3.55	-1.00	H2	escaped	O1	79634.9991	O1	79634.9991	79638.5638
21634	TS	Behrens_3.55	-1.00	H3	escaped	H3	78018.1039	H3	78018.1039	78019.1039
21634	TS	Behrens_3.55	-1.00	H4	escaped	O5	87486.3748	O5	87486.3748	87491.8659
21634	TS	Behrens_3.55	-1.00	H5	escaped	O6	81627.8820	O6	81627.8820	81632.6898
21634	TS	Behrens_3.55	-1.00	H6	escaped	O2	78491.9326	O2	78491.9326	78493.5135
21634	TS	Behrens_3.55	-1.00	H7	escaped	H8	80270.8887	H8	80270.8887	80270.8887
21634	TS	Behrens_3.55	-1.00	H8	escaped	H8	100406.4274	H8	100406.4274	100406.4274
23268	R	N	+0.25	carbA	own	O1	2.8800	O1	2.8800	5.3042
23268	R	N	+0.25	carbB	migrated	O1	3.1058	H2	2.6609	6.8057
23268	R	N	+0.25	ether	migrated	O2	2.8873	O2	2.8873	6.0649
23268	R	N	+0.25	hydroxyl	migrated	O1	3.1058	H2	2.6609	6.8057
23268	R	N	+0.50	carbA	own	O1	2.7410	O1	2.7410	5.3692
23268	R	N	+0.50	carbB	own	O6	2.9719	H2	2.6027	6.8698
23268	R	N	+0.50	ether	migrated	O2	2.7327	O2	2.7327	5.8166
23268	R	N	+0.50	hydroxyl	migrated	O1	2.8702	H2	2.5740	6.6047
23268	R	N	+0.75	carbA	own	O1	2.6564	O1	2.6564	5.5906
23268	R	N	+0.75	carbB	own	O6	2.8679	H2	2.5670	6.8215
23268	R	N	+0.75	ether	migrated	O2	2.6426	O2	2.6426	5.6735
23268	R	N	+0.75	hydroxyl	migrated	O6	2.6924	O6	2.6924	5.3101
23268	R	N	+1.00	carbA	own	O1	2.5961	O1	2.5961	5.7689
23268	R	N	+1.00	carbB	own	O6	2.8026	H2	2.5432	6.7814
23268	R	N	+1.00	ether	migrated	O2	2.5793	O2	2.5793	5.5745
23268	R	N	+1.00	hydroxyl	migrated	O6	2.8026	H2	2.5432	6.7814
23268	R	N	-0.25	H1	escaped	O5	42336.4918	O5	42336.4918	42341.3058
23268	R	N	-0.25	H2	escaped	O1	45031.5208	O1	45031.5208	45037.2616
23268	R	N	-0.25	H3	escaped	H3	40095.4936	H3	40095.4936	40095.5636
23268	R	N	-0.25	H4	escaped	H4	47061.2081	H4	47061.2081	47064.5659
23268	R	N	-0.25	H5	escaped	O6	45693.6691	O6	45693.6691	45697.2604
23268	R	N	-0.25	H6	escaped	H6	48991.9353	H6	48991.9353	48992.2034
23268	R	N	-0.25	H7	escaped	H8	48181.1542	H8	48181.1542	48181.1542
23268	R	N	-0.25	H8	escaped	H8	43393.0089	H8	43393.0089	43393.0089
23268	R	N	-0.50	H1	escaped	O5	57306.8233	O5	57306.8233	57311.8114
23268	R	N	-0.50	H2	escaped	O1	52534.1057	O1	52534.1057	52538.8725
23268	R	N	-0.50	H3	escaped	H8	69165.2519	H8	69165.2519	69165.2519
23268	R	N	-0.50	H4	escaped	O5	53585.4489	O5	53585.4489	53590.3005
23268	R	N	-0.50	H5	escaped	O6	53953.3988	O6	53953.3988	53957.8119
23268	R	N	-0.50	H6	escaped	H6	68463.8885	H6	68463.8885	68464.3905
23268	R	N	-0.50	H7	escaped	H8	69920.7914	H8	69920.7914	69920.7914
23268	R	N	-0.50	H8	escaped	H8	54337.1723	H8	54337.1723	54337.1723
23268	R	N	-0.75	H1	escaped	O5	67992.3224	O5	67992.3224	67997.3415
23268	R	N	-0.75	H2	escaped	O1	79986.9475	O1	79986.9475	79991.1026
23268	R	N	-0.75	H3	escaped	H8	69784.9242	H8	69784.9242	69784.9242
23268	R	N	-0.75	H4	escaped	O5	81773.9863	O5	81773.9863	81779.3020
23268	R	N	-0.75	H5	escaped	O6	61274.8169	O6	61274.8169	61279.3946
23268	R	N	-0.75	H6	escaped	O2	75299.9017	O2	75299.9017	75301.2790
23268	R	N	-0.75	H7	escaped	H8	82277.0965	H8	82277.0965	82277.0965
23268	R	N	-0.75	H8	escaped	H8	71300.6517	H8	71300.6517	71300.6517
23268	R	N	-1.00	H1	escaped	O5	93045.9645	O5	93045.9645	93050.9881
23268	R	N	-1.00	H2	escaped	O1	83581.4829	O1	83581.4829	83585.2928
23268	R	N	-1.00	H3	escaped	H8	72004.8160	H8	72004.8160	72004.8160
23268	R	N	-1.00	H4	escaped	O5	85659.9612	O5	85659.9612	85665.4536
23268	R	N	-1.00	H5	escaped	O6	84723.0115	O6	84723.0115	84727.6316
23268	R	N	-1.00	H6	escaped	O2	82362.8090	O2	82362.8090	82364.7345
23268	R	N	-1.00	H7	escaped	H8	86012.9524	H8	86012.9524	86012.9524
23268	R	N	-1.00	H8	escaped	H8	94627.8074	H8	94627.8074	94627.8074
23268	R	N+5%	+0.25	carbA	own	O1	2.9554	O1	2.9554	5.3557
23268	R	N+5%	+0.25	carbB	migrated	O1	3.2901	H2	2.7265	6.9522
23268	R	N+5%	+0.25	ether	migrated	O2	2.9735	O2	2.9735	6.1982
23268	R	N+5%	+0.25	hydroxyl	migrated	O1	3.2901	H2	2.7265	6.9522
23268	R	N+5%	+0.50	carbA	own	O1	2.8133	O1	2.8133	5.3747
23268	R	N+5%	+0.50	carbB	own	O6	3.0943	H2	2.6436	6.9111
23268	R	N+5%	+0.50	ether	migrated	O2	2.8138	O2	2.8138	5.9451
23268	R	N+5%	+0.50	hydroxyl	migrated	O6	3.0943	H2	2.6436	6.9111
23268	R	N+5%	+0.75	carbA	own	O1	2.7287	O1	2.7287	5.4645
23268	R	N+5%	+0.75	carbB	own	O6	2.9581	H2	2.6058	6.8766
23268	R	N+5%	+0.75	ether	migrated	O2	2.7207	O2	2.7207	5.7973
23268	R	N+5%	+0.75	hydroxyl	migrated	O6	2.9581	H2	2.6058	6.8766
23268	R	N+5%	+1.00	carbA	own	O1	2.6673	O1	2.6673	5.6315
23268	R	N+5%	+1.00	carbB	own	O6	2.8820	H2	2.5786	6.8397
23268	R	N+5%	+1.00	ether	migrated	O2	2.6552	O2	2.6552	5.6944
23268	R	N+5%	+1.00	hydroxyl	migrated	O1	2.7731	H2	2.5356	6.5151
23268	R	N+5%	-0.25	H1	escaped	O5	44968.7463	O5	44968.7463	44973.2926
23268	R	N+5%	-0.25	H2	escaped	O1	45222.4006	O1	45222.4006	45228.1550
23268	R	N+5%	-0.25	H3	escaped	H3	40392.4785	H3	40392.4785	40392.5444
23268	R	N+5%	-0.25	H4	escaped	H4	47223.4339	H4	47223.4339	47226.7399
23268	R	N+5%	-0.25	H5	escaped	O6	46002.7253	O6	46002.7253	46006.2475
23268	R	N+5%	-0.25	H6	escaped	H6	37080.0586	H6	37080.0586	37080.2827
23268	R	N+5%	-0.25	H7	escaped	H8	43328.5078	H8	43328.5078	43328.5078
23268	R	N+5%	-0.25	H8	escaped	H8	33323.7024	H8	33323.7024	33323.7024
23268	R	N+5%	-0.50	H1	escaped	O5	53134.2678	O5	53134.2678	53139.1211
23268	R	N+5%	-0.50	H2	escaped	O1	52719.5672	O1	52719.5672	52724.3424
23268	R	N+5%	-0.50	H3	escaped	H8	69375.3462	H8	69375.3462	69375.3462
23268	R	N+5%	-0.50	H4	escaped	O5	53681.0929	O5	53681.0929	53685.8974
23268	R	N+5%	-0.50	H5	escaped	O6	54307.6807	O6	54307.6807	54312.0288
23268	R	N+5%	-0.50	H6	escaped	H6	68316.0311	H6	68316.0311	68316.4823
23268	R	N+5%	-0.50	H7	escaped	H8	67218.6779	H8	67218.6779	67218.6779
23268	R	N+5%	-0.50	H8	escaped	H8	54696.9809	H8	54696.9809	54696.9809
23268	R	N+5%	-0.75	H1	escaped	O5	68144.1237	O5	68144.1237	68149.0406
23268	R	N+5%	-0.75	H2	escaped	O1	80086.7461	O1	80086.7461	80090.9053
23268	R	N+5%	-0.75	H3	escaped	H8	69913.5384	H8	69913.5384	69913.5384
23268	R	N+5%	-0.75	H4	escaped	O5	81814.4222	O5	81814.4222	81819.7051
23268	R	N+5%	-0.75	H5	escaped	O6	61407.5909	O6	61407.5909	61412.1172
23268	R	N+5%	-0.75	H6	escaped	O2	75102.4988	O2	75102.4988	75103.8215
23268	R	N+5%	-0.75	H7	escaped	H8	76457.0150	H8	76457.0150	76457.0150
23268	R	N+5%	-0.75	H8	escaped	H8	71602.7439	H8	71602.7439	71602.7439
23268	R	N+5%	-1.00	H1	escaped	O5	94854.6039	O5	94854.6039	94859.5453
23268	R	N+5%	-1.00	H2	escaped	O1	83669.7872	O1	83669.7872	83673.6007
23268	R	N+5%	-1.00	H3	escaped	H8	72093.6646	H8	72093.6646	72093.6646
23268	R	N+5%	-1.00	H4	escaped	O5	85710.8934	O5	85710.8934	85716.3594
23268	R	N+5%	-1.00	H5	escaped	O6	84879.4147	O6	84879.4147	84883.9930
23268	R	N+5%	-1.00	H6	escaped	O2	82293.3092	O2	82293.3092	82295.1976
23268	R	N+5%	-1.00	H7	escaped	H8	89019.7074	H8	89019.7074	89019.7074
23268	R	N+5%	-1.00	H8	escaped	H8	94929.6902	H8	94929.6902	94929.6902
23268	R	N+10%	+0.25	carbA	own	O1	3.0310	O1	3.0310	5.4115
23268	R	N+10%	+0.25	carbB	own	O6	3.3817	H2	2.7972	7.0608
23268	R	N+10%	+0.25	ether	migrated	O2	3.0605	O2	3.0605	6.3324
23268	R	N+10%	+0.25	hydroxyl	migrated	O6	3.3817	H2	2.7972	7.0608
23268	R	N+10%	+0.50	carbA	own	O1	2.8855	O1	2.8855	5.4047
23268	R	N+10%	+0.50	carbB	migrated	O1	3.1246	H2	2.6863	6.8418
23268	R	N+10%	+0.50	ether	migrated	O2	2.8957	O2	2.8957	6.0749
23268	R	N+10%	+0.50	hydroxyl	migrated	O1	3.1246	H2	2.6863	6.8418
23268	R	N+10%	+0.75	carbA	own	O1	2.7995	O1	2.7995	5.4368
23268	R	N+10%	+0.75	carbB	migrated	O1	2.9661	H2	2.6280	6.7088
23268	R	N+10%	+0.75	ether	migrated	O2	2.7995	O2	2.7995	5.9229
23268	R	N+10%	+0.75	hydroxyl	migrated	O6	3.0689	H2	2.6462	6.9215
23268	R	N+10%	+1.00	carbA	own	O1	2.7380	O1	2.7380	5.5146
23268	R	N+10%	+1.00	carbB	migrated	O1	2.8722	H2	2.5872	6.6204
23268	R	N+10%	+1.00	ether	migrated	O2	2.7318	O2	2.7318	5.8163
23268	R	N+10%	+1.00	hydroxyl	migrated	O6	2.9724	H2	2.6172	6.8931
23268	R	N+10%	-0.25	H1	escaped	O5	44885.5742	O5	44885.5742	44889.9026
23268	R	N+10%	-0.25	H2	escaped	O1	45469.1091	O1	45469.1091	45474.8797
23268	R	N+10%	-0.25	H3	escaped	H3	40679.1603	H3	40679.1603	40679.2155
23268	R	N+10%	-0.25	H4	escaped	H4	47363.2779	H4	47363.2779	47366.4983
23268	R	N+10%	-0.25	H5	escaped	O6	35026.4566	O6	35026.4566	35029.8661
23268	R	N+10%	-0.25	H6	escaped	H6	37151.4261	H6	37151.4261	37151.5759
23268	R	N+10%	-0.25	H7	escaped	H8	46038.9493	H8	46038.9493	46038.9493
23268	R	N+10%	-0.25	H8	escaped	H8	33920.6238	H8	33920.6238	33920.6238
23268	R	N+10%	-0.50	H1	escaped	O5	64965.4812	O5	64965.4812	64970.1666
23268	R	N+10%	-0.50	H2	escaped	O1	52980.6865	O1	52980.6865	52985.4708
23268	R	N+10%	-0.50	H3	escaped	H8	69632.1422	H8	69632.1422	69632.1422
23268	R	N+10%	-0.50	H4	escaped	O5	53757.2753	O5	53757.2753	53762.0046
23268	R	N+10%	-0.50	H5	escaped	O6	54797.8454	O6	54797.8454	54802.0922
23268	R	N+10%	-0.50	H6	escaped	H6	67993.2410	H6	67993.2410	67993.6036
23268	R	N+10%	-0.50	H7	escaped	H8	60400.7675	H8	60400.7675	60400.7675
23268	R	N+10%	-0.50	H8	escaped	H8	55052.1659	H8	55052.1659	55052.1659
23268	R	N+10%	-0.75	H1	escaped	O5	64400.1227	O5	64400.1227	64404.9098
23268	R	N+10%	-0.75	H2	escaped	O1	80274.4665	O1	80274.4665	80278.6302
23268	R	N+10%	-0.75	H3	escaped	H8	70099.9580	H8	70099.9580	70099.9580
23268	R	N+10%	-0.75	H4	escaped	O5	81909.3211	O5	81909.3211	81914.5521
23268	R	N+10%	-0.75	H5	escaped	O6	61633.9420	O6	61633.9420	61638.3890
23268	R	N+10%	-0.75	H6	escaped	O2	74710.1170	O2	74710.1170	74711.3447
23268	R	N+10%	-0.75	H7	escaped	H8	73295.3941	H8	73295.3941	73295.3941
23268	R	N+10%	-0.75	H8	escaped	H8	71895.2570	H8	71895.2570	71895.2570
23268	R	N+10%	-1.00	H1	escaped	O5	73660.9190	O5	73660.9190	73665.7515
23268	R	N+10%	-1.00	H2	escaped	O1	83834.7653	O1	83834.7653	83838.5832
23268	R	N+10%	-1.00	H3	escaped	H8	72264.3362	H8	72264.3362	72264.3362
23268	R	N+10%	-1.00	H4	escaped	O5	85821.0843	O5	85821.0843	85826.5093
23268	R	N+10%	-1.00	H5	escaped	O6	85147.8220	O6	85147.8220	85152.3362
23268	R	N+10%	-1.00	H6	escaped	O2	82180.9055	O2	82180.9055	82182.7293
23268	R	N+10%	-1.00	H7	escaped	H8	86852.7917	H8	86852.7917	86852.7917
23268	R	N+10%	-1.00	H8	escaped	H8	95218.6829	H8	95218.6829	95218.6829
23268	R	OPLS_sp3C	+0.25	carbA	own	O1	2.8982	O1	2.8982	5.3821
23268	R	OPLS_sp3C	+0.25	carbB	migrated	O1	3.1516	H2	2.6907	6.8579
23268	R	OPLS_sp3C	+0.25	ether	migrated	O2	2.9095	O2	2.9095	6.0966
23268	R	OPLS_sp3C	+0.25	hydroxyl	migrated	O1	3.1516	H2	2.6907	6.8579
23268	R	OPLS_sp3C	+0.50	carbA	own	O1	2.7526	O1	2.7526	5.4607
23268	R	OPLS_sp3C	+0.50	carbB	own	O6	2.9925	H2	2.6208	6.8958
23268	R	OPLS_sp3C	+0.50	ether	migrated	O2	2.7473	O2	2.7473	5.8399
23268	R	OPLS_sp3C	+0.50	hydroxyl	migrated	O6	2.9925	H2	2.6208	6.8958
23268	R	OPLS_sp3C	+0.75	carbA	own	O1	2.6656	O1	2.6656	5.6683
23268	R	OPLS_sp3C	+0.75	carbB	own	O6	2.8804	H2	2.5812	6.8439
23268	R	OPLS_sp3C	+0.75	ether	migrated	O2	2.6539	O2	2.6539	5.6932
23268	R	OPLS_sp3C	+0.75	hydroxyl	migrated	O6	2.8804	H2	2.5812	6.8439
23268	R	OPLS_sp3C	+1.00	carbA	own	O1	2.6043	O1	2.6043	5.8020
23268	R	OPLS_sp3C	+1.00	carbB	own	O6	2.8116	H2	2.5548	6.8008
23268	R	OPLS_sp3C	+1.00	ether	migrated	O2	2.5887	O2	2.5887	5.5920
23268	R	OPLS_sp3C	+1.00	hydroxyl	migrated	O1	2.6934	H2	2.4984	6.4324
23268	R	OPLS_sp3C	-0.25	H1	escaped	O5	41987.0896	O5	41987.0896	41991.8388
23268	R	OPLS_sp3C	-0.25	H2	escaped	O1	44977.3154	O1	44977.3154	44983.0496
23268	R	OPLS_sp3C	-0.25	H3	escaped	H3	39712.1606	H3	39712.1606	39712.1989
23268	R	OPLS_sp3C	-0.25	H4	escaped	H4	46736.6860	H4	46736.6860	46740.0189
23268	R	OPLS_sp3C	-0.25	H5	escaped	O6	45646.7588	O6	45646.7588	45650.3118
23268	R	OPLS_sp3C	-0.25	H6	escaped	H6	48532.5514	H6	48532.5514	48532.7660
23268	R	OPLS_sp3C	-0.25	H7	escaped	H8	45239.9876	H8	45239.9876	45239.9876
23268	R	OPLS_sp3C	-0.25	H8	escaped	H8	41737.1126	H8	41737.1126	41737.1126
23268	R	OPLS_sp3C	-0.50	H1	escaped	O5	55593.8841	O5	55593.8841	55598.8078
23268	R	OPLS_sp3C	-0.50	H2	escaped	O1	52672.7185	O1	52672.7185	52677.4688
23268	R	OPLS_sp3C	-0.50	H3	escaped	H8	68991.0626	H8	68991.0626	68991.0626
23268	R	OPLS_sp3C	-0.50	H4	escaped	O5	53476.7664	O5	53476.7664	53481.5953
23268	R	OPLS_sp3C	-0.50	H5	escaped	O6	54128.8678	O6	54128.8678	54133.2164
23268	R	OPLS_sp3C	-0.50	H6	escaped	H6	67924.1836	H6	67924.1836	67924.6050
23268	R	OPLS_sp3C	-0.50	H7	escaped	H8	69677.5906	H8	69677.5906	69677.5906
23268	R	OPLS_sp3C	-0.50	H8	escaped	H8	53460.2880	H8	53460.2880	53460.2880
23268	R	OPLS_sp3C	-0.75	H1	escaped	O5	68782.2652	O5	68782.2652	68787.2320
23268	R	OPLS_sp3C	-0.75	H2	escaped	O1	80392.8800	O1	80392.8800	80397.0256
23268	R	OPLS_sp3C	-0.75	H3	escaped	H8	69877.3378	H8	69877.3378	69877.3378
23268	R	OPLS_sp3C	-0.75	H4	escaped	O5	81908.2738	O5	81908.2738	81913.5659
23268	R	OPLS_sp3C	-0.75	H5	escaped	O6	61648.6234	O6	61648.6234	61653.1447
23268	R	OPLS_sp3C	-0.75	H6	escaped	O2	74840.8530	O2	74840.8530	74842.1692
23268	R	OPLS_sp3C	-0.75	H7	escaped	H8	81467.0895	H8	81467.0895	81467.0895
23268	R	OPLS_sp3C	-0.75	H8	escaped	H8	70537.0340	H8	70537.0340	70537.0340
23268	R	OPLS_sp3C	-1.00	H1	escaped	O5	94049.9441	O5	94049.9441	94054.9242
23268	R	OPLS_sp3C	-1.00	H2	escaped	O1	83925.1779	O1	83925.1779	83928.9819
23268	R	OPLS_sp3C	-1.00	H3	escaped	H8	72344.0175	H8	72344.0175	72344.0175
23268	R	OPLS_sp3C	-1.00	H4	escaped	O5	86006.3988	O5	86006.3988	86011.8688
23268	R	OPLS_sp3C	-1.00	H5	escaped	O6	85157.4668	O6	85157.4668	85162.0401
23268	R	OPLS_sp3C	-1.00	H6	escaped	O2	82451.9919	O2	82451.9919	82453.8697
23268	R	OPLS_sp3C	-1.00	H7	escaped	H8	85767.6721	H8	85767.6721	85767.6721
23268	R	OPLS_sp3C	-1.00	H8	escaped	H8	93846.5599	H8	93846.5599	93846.5599
23268	R	Behrens_3.55	+0.25	carbA	own	O1	2.9207	O1	2.9207	5.3956
23268	R	Behrens_3.55	+0.25	carbB	migrated	O1	3.2079	H2	2.7098	6.9019
23268	R	Behrens_3.55	+0.25	ether	migrated	O2	2.9353	O2	2.9353	6.1371
23268	R	Behrens_3.55	+0.25	hydroxyl	migrated	O1	3.2079	H2	2.7098	6.9019
23268	R	Behrens_3.55	+0.50	carbA	own	O1	2.7743	O1	2.7743	5.4515
23268	R	Behrens_3.55	+0.50	carbB	own	O6	3.0258	H2	2.6333	6.9099
23268	R	Behrens_3.55	+0.50	ether	migrated	O2	2.7714	O2	2.7714	5.8784
23268	R	Behrens_3.55	+0.50	hydroxyl	migrated	O6	3.0258	H2	2.6333	6.9099
23268	R	Behrens_3.55	+0.75	carbA	own	O1	2.6871	O1	2.6871	5.6268
23268	R	Behrens_3.55	+0.75	carbB	own	O6	2.9064	H2	2.5926	6.8608
23268	R	Behrens_3.55	+0.75	ether	migrated	O2	2.6771	O2	2.6771	5.7301
23268	R	Behrens_3.55	+0.75	hydroxyl	migrated	O6	2.9064	H2	2.5926	6.8608
23268	R	Behrens_3.55	+1.00	carbA	own	O1	2.6253	O1	2.6253	5.7729
23268	R	Behrens_3.55	+1.00	carbB	migrated	O1	2.7204	H2	2.5133	6.4632
23268	R	Behrens_3.55	+1.00	ether	migrated	O2	2.6113	O2	2.6113	5.6276
23268	R	Behrens_3.55	+1.00	hydroxyl	migrated	O6	2.8346	H2	2.5652	6.8185
23268	R	Behrens_3.55	-0.25	H1	escaped	O5	41650.5882	O5	41650.5882	41655.2832
23268	R	Behrens_3.55	-0.25	H2	escaped	O1	45024.1865	O1	45024.1865	45029.9241
23268	R	Behrens_3.55	-0.25	H3	escaped	H3	39770.1107	H3	39770.1107	39770.1469
23268	R	Behrens_3.55	-0.25	H4	escaped	H4	46759.7219	H4	46759.7219	46763.0378
23268	R	Behrens_3.55	-0.25	H5	escaped	O6	45722.6717	O6	45722.6717	45726.2025
23268	R	Behrens_3.55	-0.25	H6	escaped	H6	48547.2837	H6	48547.2837	48547.4831
23268	R	Behrens_3.55	-0.25	H7	escaped	H8	46374.8756	H8	46374.8756	46374.8756
23268	R	Behrens_3.55	-0.25	H8	escaped	H8	41839.9925	H8	41839.9925	41839.9925
23268	R	Behrens_3.55	-0.50	H1	escaped	O5	54472.7239	O5	54472.7239	54477.6098
23268	R	Behrens_3.55	-0.50	H2	escaped	O1	52725.0691	O1	52725.0691	52729.8212
23268	R	Behrens_3.55	-0.50	H3	escaped	H8	69039.1163	H8	69039.1163	69039.1163
23268	R	Behrens_3.55	-0.50	H4	escaped	O5	53490.9378	O5	53490.9378	53495.7518
23268	R	Behrens_3.55	-0.50	H5	escaped	O6	54224.9775	O6	54224.9775	54229.3057
23268	R	Behrens_3.55	-0.50	H6	escaped	H6	67858.2177	H6	67858.2177	67858.6209
23268	R	Behrens_3.55	-0.50	H7	escaped	H8	68692.9518	H8	68692.9518	68692.9518
23268	R	Behrens_3.55	-0.50	H8	escaped	H8	53516.7037	H8	53516.7037	53516.7037
23268	R	Behrens_3.55	-0.75	H1	escaped	O5	69109.6084	O5	69109.6084	69114.5462
23268	R	Behrens_3.55	-0.75	H2	escaped	O1	80433.0006	O1	80433.0006	80437.1470
23268	R	Behrens_3.55	-0.75	H3	escaped	H8	69914.4854	H8	69914.4854	69914.4854
23268	R	Behrens_3.55	-0.75	H4	escaped	O5	81956.3588	O5	81956.3588	81961.6405
23268	R	Behrens_3.55	-0.75	H5	escaped	O6	61696.3331	O6	61696.3331	61700.8383
23268	R	Behrens_3.55	-0.75	H6	escaped	O2	74763.0114	O2	74763.0114	74764.3085
23268	R	Behrens_3.55	-0.75	H7	escaped	H8	79491.3168	H8	79491.3168	79491.3168
23268	R	Behrens_3.55	-0.75	H8	escaped	H8	70586.1098	H8	70586.1098	70586.1098
23268	R	Behrens_3.55	-1.00	H1	escaped	O5	94569.1039	O5	94569.1039	94574.0606
23268	R	Behrens_3.55	-1.00	H2	escaped	O1	83960.4488	O1	83960.4488	83964.2537
23268	R	Behrens_3.55	-1.00	H3	escaped	H8	72379.5115	H8	72379.5115	72379.5115
23268	R	Behrens_3.55	-1.00	H4	escaped	O5	86030.3914	O5	86030.3914	86035.8532
23268	R	Behrens_3.55	-1.00	H5	escaped	O6	85214.0149	O6	85214.0149	85218.5751
23268	R	Behrens_3.55	-1.00	H6	escaped	O2	82431.0248	O2	82431.0248	82432.8895
23268	R	Behrens_3.55	-1.00	H7	escaped	H8	87857.1399	H8	87857.1399	87857.1399
23268	R	Behrens_3.55	-1.00	H8	escaped	H8	93896.2889	H8	93896.2889	93896.2889
23268	TS	N	+0.25	carbA	own	O1	2.8736	O1	2.8736	5.4158
23268	TS	N	+0.25	carbB	own	O6	2.9682	H2	2.8524	8.4597
23268	TS	N	+0.25	ether	migrated	O2	2.8980	O2	2.8980	6.5673
23268	TS	N	+0.25	hydroxyl	migrated	O6	2.9682	H2	2.8524	8.4597
23268	TS	N	+0.50	carbA	own	O1	2.7380	O1	2.7380	5.4234
23268	TS	N	+0.50	carbB	own	O6	2.8322	H2	2.8311	8.3500
23268	TS	N	+0.50	ether	migrated	O2	2.7370	O2	2.7370	6.2771
23268	TS	N	+0.50	hydroxyl	migrated	O6	2.8322	H2	2.8311	8.3500
23268	TS	N	+0.75	carbA	own	O1	2.6565	O1	2.6565	5.4837
23268	TS	N	+0.75	carbB	own	O6	2.6931	O6	2.6931	8.8862
23268	TS	N	+0.75	ether	migrated	O2	2.6443	O2	2.6443	6.1075
23268	TS	N	+0.75	hydroxyl	migrated	O6	2.7197	O6	2.7197	4.9254
23268	TS	N	+1.00	carbA	own	O1	2.5970	O1	2.5970	5.5996
23268	TS	N	+1.00	carbB	own	O6	2.6206	O6	2.6206	8.8775
23268	TS	N	+1.00	ether	migrated	O2	2.5796	O2	2.5796	5.9898
23268	TS	N	+1.00	hydroxyl	migrated	O6	2.6443	O6	2.6443	4.9572
23268	TS	N	-0.25	H1	escaped	O5	47644.6205	O5	47644.6205	47649.5815
23268	TS	N	-0.25	H2	escaped	O1	43459.7309	O1	43459.7309	43465.2932
23268	TS	N	-0.25	H3	escaped	H3	41105.1260	H3	41105.1260	41105.6210
23268	TS	N	-0.25	H4	escaped	H4	46652.3244	H4	46652.3244	46655.6371
23268	TS	N	-0.25	H5	escaped	O6	44548.6007	O6	44548.6007	44552.1667
23268	TS	N	-0.25	H6	escaped	H8	48764.9029	H8	48764.9029	48764.9029
23268	TS	N	-0.25	H7	escaped	H8	44756.0330	H8	44756.0330	44756.0330
23268	TS	N	-0.25	H8	escaped	H8	32670.1375	H8	32670.1375	32670.1375
23268	TS	N	-0.50	H1	escaped	O5	58646.8696	O5	58646.8696	58651.8980
23268	TS	N	-0.50	H2	escaped	O1	50240.8628	O1	50240.8628	50245.6668
23268	TS	N	-0.50	H3	escaped	H3	72262.4906	H3	72262.4906	72263.1926
23268	TS	N	-0.50	H4	escaped	O5	53369.7174	O5	53369.7174	53374.5549
23268	TS	N	-0.50	H5	escaped	O6	51202.8535	O6	51202.8535	51207.3114
23268	TS	N	-0.50	H6	escaped	H6	67883.1227	H6	67883.1227	67883.2494
23268	TS	N	-0.50	H7	escaped	H8	56409.4003	H8	56409.4003	56409.4003
23268	TS	N	-0.50	H8	escaped	H8	56846.5532	H8	56846.5532	56846.5532
23268	TS	N	-0.75	H1	escaped	O5	66075.4782	O5	66075.4782	66080.4405
23268	TS	N	-0.75	H2	escaped	O1	75724.3601	O1	75724.3601	75728.6245
23268	TS	N	-0.75	H3	escaped	H3	73610.6456	H3	73610.6456	73611.5374
23268	TS	N	-0.75	H4	escaped	O5	81869.4196	O5	81869.4196	81874.7427
23268	TS	N	-0.75	H5	escaped	O6	58090.4087	O6	58090.4087	58095.0532
23268	TS	N	-0.75	H6	escaped	O2	74483.7975	O2	74483.7975	74484.7884
23268	TS	N	-0.75	H7	escaped	H6	64584.7641	H6	64584.7641	64584.8444
23268	TS	N	-0.75	H8	escaped	H8	75525.7061	H8	75525.7061	75525.7061
23268	TS	N	-1.00	H1	escaped	O5	90960.2249	O5	90960.2249	90965.1327
23268	TS	N	-1.00	H2	escaped	O1	79066.8387	O1	79066.8387	79070.7863
23268	TS	N	-1.00	H3	escaped	H3	76509.5947	H3	76509.5947	76510.6534
23268	TS	N	-1.00	H4	escaped	O5	87393.4669	O5	87393.4669	87398.9686
23268	TS	N	-1.00	H5	escaped	O6	80367.6223	O6	80367.6223	80372.3067
23268	TS	N	-1.00	H6	escaped	O2	81930.8062	O2	81930.8062	81932.3637
23268	TS	N	-1.00	H7	escaped	H6	90796.2237	H6	90796.2237	90796.5797
23268	TS	N	-1.00	H8	escaped	H8	100408.3301	H8	100408.3301	100408.3301
23268	TS	N+5%	+0.25	carbA	own	O1	2.9481	O1	2.9481	5.4712
23268	TS	N+5%	+0.25	carbB	own	O6	3.0429	H2	2.9080	8.5457
23268	TS	N+5%	+0.25	ether	migrated	O2	2.9887	O2	2.9887	6.7244
23268	TS	N+5%	+0.25	hydroxyl	migrated	O6	3.1430	O6	3.1430	4.7235
23268	TS	N+5%	+0.50	carbA	own	O1	2.8093	O1	2.8093	5.4560
23268	TS	N+5%	+0.50	carbB	own	O6	2.9030	H2	2.8653	8.4225
23268	TS	N+5%	+0.50	ether	migrated	O2	2.8207	O2	2.8207	6.4273
23268	TS	N+5%	+0.50	hydroxyl	migrated	O6	2.9264	O6	2.9264	4.8462
23268	TS	N+5%	+0.75	carbA	own	O1	2.7265	O1	2.7265	5.4752
23268	TS	N+5%	+0.75	carbB	own	O6	2.8247	O6	2.8247	8.3723
23268	TS	N+5%	+0.75	ether	migrated	O2	2.7242	O2	2.7242	6.2523
23268	TS	N+5%	+0.75	hydroxyl	migrated	O6	2.8101	O6	2.8101	4.9003
23268	TS	N+5%	+1.00	carbA	own	O1	2.6671	O1	2.6671	5.5247
23268	TS	N+5%	+1.00	carbB	own	O6	2.7089	O6	2.7089	8.8805
23268	TS	N+5%	+1.00	ether	migrated	O1	2.6671	O1	2.6671	5.5247
23268	TS	N+5%	+1.00	hydroxyl	migrated	O6	2.7314	O6	2.7314	4.9330
23268	TS	N+5%	-0.25	H1	escaped	O5	44718.7814	O5	44718.7814	44723.6932
23268	TS	N+5%	-0.25	H2	escaped	O1	43761.2819	O1	43761.2819	43766.8811
23268	TS	N+5%	-0.25	H3	escaped	H3	41105.6558	H3	41105.6558	41106.1380
23268	TS	N+5%	-0.25	H4	escaped	H4	46766.2131	H4	46766.2131	46769.4578
23268	TS	N+5%	-0.25	H5	escaped	O6	44790.6883	O6	44790.6883	44794.1850
23268	TS	N+5%	-0.25	H6	escaped	H8	48899.2883	H8	48899.2883	48899.2883
23268	TS	N+5%	-0.25	H7	escaped	H8	39295.0205	H8	39295.0205	39295.0205
23268	TS	N+5%	-0.25	H8	escaped	H8	37549.0404	H8	37549.0404	37549.0404
23268	TS	N+5%	-0.50	H1	escaped	O5	60227.6367	O5	60227.6367	60232.6049
23268	TS	N+5%	-0.50	H2	escaped	O1	50514.8014	O1	50514.8014	50519.6389
23268	TS	N+5%	-0.50	H3	escaped	H3	72444.6797	H3	72444.6797	72445.3627
23268	TS	N+5%	-0.50	H4	escaped	O5	53395.9168	O5	53395.9168	53400.6931
23268	TS	N+5%	-0.50	H5	escaped	O6	51431.3985	O6	51431.3985	51435.7871
23268	TS	N+5%	-0.50	H6	escaped	H6	67750.3250	H6	67750.3250	67750.3916
23268	TS	N+5%	-0.50	H7	escaped	H8	51778.1710	H8	51778.1710	51778.1710
23268	TS	N+5%	-0.50	H8	escaped	H8	56830.2827	H8	56830.2827	56830.2827
23268	TS	N+5%	-0.75	H1	escaped	O5	66974.9543	O5	66974.9543	66979.8720
23268	TS	N+5%	-0.75	H2	escaped	O1	75813.0340	O1	75813.0340	75817.3255
23268	TS	N+5%	-0.75	H3	escaped	H3	73648.0736	H3	73648.0736	73648.9439
23268	TS	N+5%	-0.75	H4	escaped	O5	81966.7506	O5	81966.7506	81972.0317
23268	TS	N+5%	-0.75	H5	escaped	O6	58163.5555	O6	58163.5555	58168.1434
23268	TS	N+5%	-0.75	H6	escaped	O2	74289.7327	O2	74289.7327	74290.6535
23268	TS	N+5%	-0.75	H7	escaped	H8	59220.4397	H8	59220.4397	59220.4397
23268	TS	N+5%	-0.75	H8	escaped	H8	75492.1566	H8	75492.1566	75492.1566
23268	TS	N+5%	-1.00	H1	escaped	O5	91560.5237	O5	91560.5237	91565.3969
23268	TS	N+5%	-1.00	H2	escaped	O1	79126.2388	O1	79126.2388	79130.2104
23268	TS	N+5%	-1.00	H3	escaped	H3	76456.5191	H3	76456.5191	76457.5565
23268	TS	N+5%	-1.00	H4	escaped	O5	87422.8117	O5	87422.8117	87428.2808
23268	TS	N+5%	-1.00	H5	escaped	O6	80445.5223	O6	80445.5223	80450.1597
23268	TS	N+5%	-1.00	H6	escaped	O2	81758.1159	O2	81758.1159	81759.6231
23268	TS	N+5%	-1.00	H7	escaped	H6	83578.4752	H6	83578.4752	83578.7336
23268	TS	N+5%	-1.00	H8	escaped	H8	100359.2671	H8	100359.2671	100359.2671
23268	TS	N+10%	+0.25	carbA	own	O1	3.0229	O1	3.0229	5.5295
23268	TS	N+10%	+0.25	carbB	own	O6	3.1169	H2	2.9646	8.6307
23268	TS	N+10%	+0.25	ether	migrated	O2	3.0819	O2	3.0819	6.8872
23268	TS	N+10%	+0.25	hydroxyl	migrated	O6	3.1169	H2	2.9646	8.6307
23268	TS	N+10%	+0.50	carbA	own	O1	2.8807	O1	2.8807	5.4987
23268	TS	N+10%	+0.50	carbB	own	O6	2.9738	H2	2.9079	8.4991
23268	TS	N+10%	+0.50	ether	migrated	O2	2.9061	O2	2.9061	6.5808
23268	TS	N+10%	+0.50	hydroxyl	migrated	O6	3.0216	O6	3.0216	4.8228
23268	TS	N+10%	+0.75	carbA	own	O1	2.7961	O1	2.7961	5.4958
23268	TS	N+10%	+0.75	carbB	own	O6	2.8914	O6	2.8914	8.4314
23268	TS	N+10%	+0.75	ether	migrated	O2	2.8055	O2	2.8055	6.4000
23268	TS	N+10%	+0.75	hydroxyl	migrated	O6	2.8914	O6	2.8914	8.4314
23268	TS	N+10%	+1.00	carbA	own	O1	2.7359	O1	2.7359	5.5122
23268	TS	N+10%	+1.00	carbB	own	O6	2.8354	O6	2.8354	8.3996
23268	TS	N+10%	+1.00	ether	migrated	O2	2.7356	O2	2.7356	6.2731
23268	TS	N+10%	+1.00	hydroxyl	migrated	O6	2.8194	O6	2.8194	4.9100
23268	TS	N+10%	-0.25	H1	escaped	O5	42628.2920	O5	42628.2920	42633.0991
23268	TS	N+10%	-0.25	H2	escaped	O1	44176.0210	O1	44176.0210	44181.6698
23268	TS	N+10%	-0.25	H3	escaped	H3	41149.7773	H3	41149.7773	41150.2364
23268	TS	N+10%	-0.25	H4	escaped	H4	46842.1900	H4	46842.1900	46845.3229
23268	TS	N+10%	-0.25	H5	escaped	O6	45097.7973	O6	45097.7973	45101.1828
23268	TS	N+10%	-0.25	H6	escaped	H8	49011.9715	H8	49011.9715	49011.9715
23268	TS	N+10%	-0.25	H7	escaped	H8	38232.8120	H8	38232.8120	38232.8120
23268	TS	N+10%	-0.25	H8	escaped	H8	37688.0367	H8	37688.0367	37688.0367
23268	TS	N+10%	-0.50	H1	escaped	O5	56272.9900	O5	56272.9900	56277.8688
23268	TS	N+10%	-0.50	H2	escaped	O1	50927.5106	O1	50927.5106	50932.3918
23268	TS	N+10%	-0.50	H3	escaped	H3	72615.2162	H3	72615.2162	72615.8629
23268	TS	N+10%	-0.50	H4	escaped	O5	53368.2139	O5	53368.2139	53372.8919
23268	TS	N+10%	-0.50	H5	escaped	O6	51757.3939	O6	51757.3939	51761.6729
23268	TS	N+10%	-0.50	H6	escaped	H8	67473.5590	H8	67473.5590	67473.5590
23268	TS	N+10%	-0.50	H7	escaped	H8	61156.1991	H8	61156.1991	61156.1991
23268	TS	N+10%	-0.50	H8	escaped	H8	56822.3743	H8	56822.3743	56822.3743
23268	TS	N+10%	-0.75	H1	escaped	O5	67807.2062	O5	67807.2062	67812.0607
23268	TS	N+10%	-0.75	H2	escaped	O1	75996.6977	O1	75996.6977	76001.0257
23268	TS	N+10%	-0.75	H3	escaped	H3	73620.6284	H3	73620.6284	73621.4568
23268	TS	N+10%	-0.75	H4	escaped	O5	82018.4531	O5	82018.4531	82023.6684
23268	TS	N+10%	-0.75	H5	escaped	O6	77240.5585	O6	77240.5585	77245.0573
23268	TS	N+10%	-0.75	H6	escaped	O2	73925.4901	O2	73925.4901	73926.2903
23268	TS	N+10%	-0.75	H7	escaped	H8	66400.3740	H8	66400.3740	66400.3740
23268	TS	N+10%	-0.75	H8	escaped	H8	75471.2705	H8	75471.2705	75471.2705
23268	TS	N+10%	-1.00	H1	escaped	O5	92501.4779	O5	92501.4779	92506.3015
23268	TS	N+10%	-1.00	H2	escaped	O1	79256.9448	O1	79256.9448	79260.9494
23268	TS	N+10%	-1.00	H3	escaped	H3	76296.2832	H3	76296.2832	76297.2781
23268	TS	N+10%	-1.00	H4	escaped	O5	87498.2139	O5	87498.2139	87503.6322
23268	TS	N+10%	-1.00	H5	escaped	O6	80599.3181	O6	80599.3181	80603.8822
23268	TS	N+10%	-1.00	H6	escaped	O2	81434.9877	O2	81434.9877	81436.4088
23268	TS	N+10%	-1.00	H7	escaped	H8	71778.4729	H8	71778.4729	71778.4729
23268	TS	N+10%	-1.00	H8	escaped	H8	100327.9612	H8	100327.9612	100327.9612
23268	TS	OPLS_sp3C	+0.25	carbA	own	O1	2.8928	O1	2.8928	5.4831
23268	TS	OPLS_sp3C	+0.25	carbB	own	O6	2.9860	H2	2.9006	8.5028
23268	TS	OPLS_sp3C	+0.25	ether	migrated	O2	2.9208	O2	2.9208	6.6062
23268	TS	OPLS_sp3C	+0.25	hydroxyl	migrated	O6	2.9860	H2	2.9006	8.5028
23268	TS	OPLS_sp3C	+0.50	carbA	own	O1	2.7500	O1	2.7500	5.4882
23268	TS	OPLS_sp3C	+0.50	carbB	own	O6	2.8473	O6	2.8473	8.3947
23268	TS	OPLS_sp3C	+0.50	ether	migrated	O2	2.7516	O2	2.7516	6.3019
23268	TS	OPLS_sp3C	+0.50	hydroxyl	migrated	O6	2.8473	O6	2.8473	8.3947
23268	TS	OPLS_sp3C	+0.75	carbA	own	O1	2.6654	O1	2.6654	5.5526
23268	TS	OPLS_sp3C	+0.75	carbB	own	O6	2.7059	O6	2.7059	8.8886
23268	TS	OPLS_sp3C	+0.75	ether	migrated	O2	2.6556	O2	2.6556	6.1274
23268	TS	OPLS_sp3C	+0.75	hydroxyl	migrated	O6	2.7283	O6	2.7283	4.9397
23268	TS	OPLS_sp3C	+1.00	carbA	own	O1	2.6044	O1	2.6044	5.6589
23268	TS	OPLS_sp3C	+1.00	carbB	own	O6	2.6303	O6	2.6303	8.8856
23268	TS	OPLS_sp3C	+1.00	ether	migrated	O2	2.5890	O2	2.5890	6.0071
23268	TS	OPLS_sp3C	+1.00	hydroxyl	migrated	O6	2.6303	O6	2.6303	8.8856
23268	TS	OPLS_sp3C	-0.25	H1	escaped	O5	45894.1822	O5	45894.1822	45899.1081
23268	TS	OPLS_sp3C	-0.25	H2	escaped	O1	43457.4180	O1	43457.4180	43462.9995
23268	TS	OPLS_sp3C	-0.25	H3	escaped	H3	41196.4984	H3	41196.4984	41196.9710
23268	TS	OPLS_sp3C	-0.25	H4	escaped	H4	46309.9114	H4	46309.9114	46313.1860
23268	TS	OPLS_sp3C	-0.25	H5	escaped	O6	44456.9601	O6	44456.9601	44460.4873
23268	TS	OPLS_sp3C	-0.25	H6	escaped	H8	48339.9884	H8	48339.9884	48339.9884
23268	TS	OPLS_sp3C	-0.25	H7	escaped	H8	44334.8687	H8	44334.8687	44334.8687
23268	TS	OPLS_sp3C	-0.25	H8	escaped	H8	43026.3127	H8	43026.3127	43026.3127
23268	TS	OPLS_sp3C	-0.50	H1	escaped	O5	59237.7997	O5	59237.7997	59242.7713
23268	TS	OPLS_sp3C	-0.50	H2	escaped	O1	50507.8929	O1	50507.8929	50512.6993
23268	TS	OPLS_sp3C	-0.50	H3	escaped	H3	71786.5453	H3	71786.5453	71787.1871
23268	TS	OPLS_sp3C	-0.50	H4	escaped	O5	53192.0492	O5	53192.0492	53196.8503
23268	TS	OPLS_sp3C	-0.50	H5	escaped	O6	51383.5533	O6	51383.5533	51387.9348
23268	TS	OPLS_sp3C	-0.50	H6	escaped	H6	67381.2340	H6	67381.2340	67381.2659
23268	TS	OPLS_sp3C	-0.50	H7	escaped	H8	55909.0603	H8	55909.0603	55909.0603
23268	TS	OPLS_sp3C	-0.50	H8	escaped	H8	56949.1125	H8	56949.1125	56949.1125
23268	TS	OPLS_sp3C	-0.75	H1	escaped	O5	66893.1274	O5	66893.1274	66898.0433
23268	TS	OPLS_sp3C	-0.75	H2	escaped	O1	76190.1196	O1	76190.1196	76194.3911
23268	TS	OPLS_sp3C	-0.75	H3	escaped	H3	73131.0991	H3	73131.0991	73131.9155
23268	TS	OPLS_sp3C	-0.75	H4	escaped	O5	81686.0054	O5	81686.0054	81691.2980
23268	TS	OPLS_sp3C	-0.75	H5	escaped	O6	58429.6118	O6	58429.6118	58434.1856
23268	TS	OPLS_sp3C	-0.75	H6	escaped	O2	74049.2192	O2	74049.2192	74050.1221
23268	TS	OPLS_sp3C	-0.75	H7	escaped	H6	63940.7738	H6	63940.7738	63940.8403
23268	TS	OPLS_sp3C	-0.75	H8	escaped	H8	75698.9361	H8	75698.9361	75698.9361
23268	TS	OPLS_sp3C	-1.00	H1	escaped	O5	91574.8252	O5	91574.8252	91579.6950
23268	TS	OPLS_sp3C	-1.00	H2	escaped	O1	79431.0943	O1	79431.0943	79435.0516
23268	TS	OPLS_sp3C	-1.00	H3	escaped	H3	75984.0103	H3	75984.0103	75984.9891
23268	TS	OPLS_sp3C	-1.00	H4	escaped	O5	87704.7639	O5	87704.7639	87710.2380
23268	TS	OPLS_sp3C	-1.00	H5	escaped	O6	80734.5761	O6	80734.5761	80739.2002
23268	TS	OPLS_sp3C	-1.00	H6	escaped	O2	81567.0916	O2	81567.0916	81568.5834
23268	TS	OPLS_sp3C	-1.00	H7	escaped	H6	89972.3511	H6	89972.3511	89972.6920
23268	TS	OPLS_sp3C	-1.00	H8	escaped	H8	100653.3751	H8	100653.3751	100653.3751
23268	TS	Behrens_3.55	+0.25	carbA	own	O1	2.9151	O1	2.9151	5.4986
23268	TS	Behrens_3.55	+0.25	carbB	own	O6	3.0082	H2	2.9158	8.5276
23268	TS	Behrens_3.55	+0.25	ether	migrated	O2	2.9479	O2	2.9479	6.6546
23268	TS	Behrens_3.55	+0.25	hydroxyl	migrated	O6	3.0082	H2	2.9158	8.5276
23268	TS	Behrens_3.55	+0.50	carbA	own	O1	2.7713	O1	2.7713	5.4942
23268	TS	Behrens_3.55	+0.50	carbB	own	O6	2.8677	O6	2.8677	8.4125
23268	TS	Behrens_3.55	+0.50	ether	migrated	O2	2.7765	O2	2.7765	6.3473
23268	TS	Behrens_3.55	+0.50	hydroxyl	migrated	O6	2.8677	O6	2.8677	8.4125
23268	TS	Behrens_3.55	+0.75	carbA	own	O1	2.6864	O1	2.6864	5.5417
23268	TS	Behrens_3.55	+0.75	carbB	own	O6	2.7916	O6	2.7916	8.4066
23268	TS	Behrens_3.55	+0.75	ether	migrated	O2	2.6793	O2	2.6793	6.1707
23268	TS	Behrens_3.55	+0.75	hydroxyl	migrated	O6	2.7548	O6	2.7548	4.9327
23268	TS	Behrens_3.55	+1.00	carbA	own	O1	2.6254	O1	2.6254	5.6300
23268	TS	Behrens_3.55	+1.00	carbB	own	O6	2.6545	O6	2.6545	8.8981
23268	TS	Behrens_3.55	+1.00	ether	migrated	O2	2.6120	O2	2.6120	6.0488
23268	TS	Behrens_3.55	+1.00	hydroxyl	migrated	O6	2.6545	O6	2.6545	8.8981
23268	TS	Behrens_3.55	-0.25	H1	escaped	O5	45175.4623	O5	45175.4623	45180.3719
23268	TS	Behrens_3.55	-0.25	H2	escaped	O1	43534.7906	O1	43534.7906	43540.3827
23268	TS	Behrens_3.55	-0.25	H3	escaped	H3	41256.6510	H3	41256.6510	41257.1185
23268	TS	Behrens_3.55	-0.25	H4	escaped	H4	46321.2644	H4	46321.2644	46324.5171
23268	TS	Behrens_3.55	-0.25	H5	escaped	O6	44513.9675	O6	44513.9675	44517.4720
23268	TS	Behrens_3.55	-0.25	H6	escaped	H8	48358.5292	H8	48358.5292	48358.5292
23268	TS	Behrens_3.55	-0.25	H7	escaped	H8	43692.0020	H8	43692.0020	43692.0020
23268	TS	Behrens_3.55	-0.25	H8	escaped	H8	43028.8733	H8	43028.8733	43028.8733
23268	TS	Behrens_3.55	-0.50	H1	escaped	O5	60073.4184	O5	60073.4184	60078.3723
23268	TS	Behrens_3.55	-0.50	H2	escaped	O1	50588.4007	O1	50588.4007	50593.2162
23268	TS	Behrens_3.55	-0.50	H3	escaped	H3	71815.4099	H3	71815.4099	71816.0439
23268	TS	Behrens_3.55	-0.50	H4	escaped	O5	53186.2848	O5	53186.2848	53191.0666
23268	TS	Behrens_3.55	-0.50	H5	escaped	O6	51447.6598	O6	51447.6598	51452.0190
23268	TS	Behrens_3.55	-0.50	H6	escaped	H6	67324.1033	H6	67324.1033	67324.1142
23268	TS	Behrens_3.55	-0.50	H7	escaped	H8	54673.4241	H8	54673.4241	54673.4241
23268	TS	Behrens_3.55	-0.50	H8	escaped	H8	56946.3809	H8	56946.3809	56946.3809
23268	TS	Behrens_3.55	-0.75	H1	escaped	O5	67161.9025	O5	67161.9025	67166.8052
23268	TS	Behrens_3.55	-0.75	H2	escaped	O1	76229.0687	O1	76229.0687	76233.3478
23268	TS	Behrens_3.55	-0.75	H3	escaped	H3	73121.9892	H3	73121.9892	73122.7964
23268	TS	Behrens_3.55	-0.75	H4	escaped	O5	81696.6251	O5	81696.6251	81701.9046
23268	TS	Behrens_3.55	-0.75	H5	escaped	O6	58459.9107	O6	58459.9107	58464.4663
23268	TS	Behrens_3.55	-0.75	H6	escaped	O2	73976.2575	O2	73976.2575	73977.1359
23268	TS	Behrens_3.55	-0.75	H7	escaped	H6	62403.7507	H6	62403.7507	62403.7701
23268	TS	Behrens_3.55	-0.75	H8	escaped	H8	75694.2744	H8	75694.2744	75694.2744
23268	TS	Behrens_3.55	-1.00	H1	escaped	O5	91758.0308	O5	91758.0308	91762.8902
23268	TS	Behrens_3.55	-1.00	H2	escaped	O1	79459.1615	O1	79459.1615	79463.1255
23268	TS	Behrens_3.55	-1.00	H3	escaped	H3	75948.0005	H3	75948.0005	75948.9701
23268	TS	Behrens_3.55	-1.00	H4	escaped	O5	87721.6940	O5	87721.6940	87727.1579
23268	TS	Behrens_3.55	-1.00	H5	escaped	O6	80767.3407	O6	80767.3407	80771.9497
23268	TS	Behrens_3.55	-1.00	H6	escaped	O2	81503.1604	O2	81503.1604	81504.6347
23268	TS	Behrens_3.55	-1.00	H7	escaped	H6	87975.9300	H6	87975.9300	87976.2408
23268	TS	Behrens_3.55	-1.00	H8	escaped	H8	100647.0153	H8	100647.0153	100647.0153
24883	R	N	+0.25	carbA	own	O1	2.8802	O1	2.8802	5.1957
24883	R	N	+0.25	carbB	migrated	O1	3.1499	H2	2.6456	6.9622
24883	R	N	+0.25	ether	migrated	O2	2.8957	O2	2.8957	6.1012
24883	R	N	+0.25	hydroxyl	migrated	O6	2.9601	O6	2.9601	5.4957
24883	R	N	+0.50	carbA	own	O1	2.7376	O1	2.7376	5.3317
24883	R	N	+0.50	carbB	migrated	O1	2.8763	H2	2.5570	6.7445
24883	R	N	+0.50	ether	migrated	O2	2.7398	O2	2.7398	5.8635
24883	R	N	+0.50	hydroxyl	migrated	O6	2.7818	O6	2.7818	5.5681
24883	R	N	+0.75	carbA	own	O1	2.6521	O1	2.6521	5.6376
24883	R	N	+0.75	carbB	own	O6	2.8595	H2	2.5377	6.9410
24883	R	N	+0.75	ether	migrated	O2	2.6487	O2	2.6487	5.7232
24883	R	N	+0.75	hydroxyl	migrated	O1	2.7571	H2	2.5046	6.6291
24883	R	N	+1.00	carbA	own	O1	2.5929	O1	2.5929	5.7678
24883	R	N	+1.00	carbB	own	O6	2.7905	H2	2.5108	6.9026
24883	R	N	+1.00	ether	migrated	O2	2.5847	O2	2.5847	5.6246
24883	R	N	+1.00	hydroxyl	migrated	O1	2.6791	H2	2.4674	6.5477
24883	R	N	-0.25	H1	escaped	O5	44285.8033	O5	44285.8033	44290.4050
24883	R	N	-0.25	H2	escaped	O1	44780.6574	O1	44780.6574	44786.2714
24883	R	N	-0.25	H3	escaped	H8	40660.9153	H8	40660.9153	40660.9153
24883	R	N	-0.25	H4	escaped	H4	46587.1664	H4	46587.1664	46590.3983
24883	R	N	-0.25	H5	escaped	O6	45545.2651	O6	45545.2651	45549.2018
24883	R	N	-0.25	H6	escaped	H6	36645.8468	H6	36645.8468	36646.3044
24883	R	N	-0.25	H7	escaped	H8	41842.3702	H8	41842.3702	41842.3702
24883	R	N	-0.25	H8	escaped	H8	41954.0768	H8	41954.0768	41954.0768
24883	R	N	-0.50	H1	escaped	O5	66109.5380	O5	66109.5380	66114.3210
24883	R	N	-0.50	H2	escaped	O1	68623.6583	O1	68623.6583	68628.2396
24883	R	N	-0.50	H3	escaped	H8	52675.5703	H8	52675.5703	52675.5703
24883	R	N	-0.50	H4	escaped	O5	53162.9515	O5	53162.9515	53167.8458
24883	R	N	-0.50	H5	escaped	O6	53645.9924	O6	53645.9924	53650.8102
24883	R	N	-0.50	H6	escaped	H6	51068.1829	H6	51068.1829	51068.8483
24883	R	N	-0.50	H7	escaped	H8	58607.9516	H8	58607.9516	58607.9516
24883	R	N	-0.50	H8	escaped	H8	53080.2420	H8	53080.2420	53080.2420
24883	R	N	-0.75	H1	escaped	O5	63958.5847	O5	63958.5847	63963.3950
24883	R	N	-0.75	H2	escaped	O1	79187.1281	O1	79187.1281	79191.0423
24883	R	N	-0.75	H3	escaped	H8	69362.1772	H8	69362.1772	69362.1772
24883	R	N	-0.75	H4	escaped	O5	81361.7549	O5	81361.7549	81367.1884
24883	R	N	-0.75	H5	escaped	O6	80517.9432	O6	80517.9432	80522.9335
24883	R	N	-0.75	H6	escaped	O2	74340.9537	O2	74340.9537	74342.3684
24883	R	N	-0.75	H7	escaped	H3	69104.4505	H3	69104.4505	69104.5186
24883	R	N	-0.75	H8	escaped	H8	69845.3793	H8	69845.3793	69845.3793
24883	R	N	-1.00	H1	escaped	O5	76547.7453	O5	76547.7453	76552.5551
24883	R	N	-1.00	H2	escaped	O1	82856.7074	O1	82856.7074	82860.2400
24883	R	N	-1.00	H3	escaped	H8	69299.1852	H8	69299.1852	69299.1852
24883	R	N	-1.00	H4	escaped	O5	86715.8837	O5	86715.8837	86721.5234
24883	R	N	-1.00	H5	escaped	O6	83988.0018	O6	83988.0018	83993.0341
24883	R	N	-1.00	H6	escaped	O2	81881.7678	O2	81881.7678	81883.7324
24883	R	N	-1.00	H7	escaped	H3	82599.9942	H3	82599.9942	82600.2223
24883	R	N	-1.00	H8	escaped	H8	99530.6972	H8	99530.6972	99530.6972
24883	R	N+5%	+0.25	carbA	own	O1	2.9567	O1	2.9567	5.2426
24883	R	N+5%	+0.25	carbB	migrated	O1	3.3100	H2	2.7156	7.1006
24883	R	N+5%	+0.25	ether	migrated	O2	2.9825	O2	2.9825	6.2300
24883	R	N+5%	+0.25	hydroxyl	migrated	O1	3.3100	H2	2.7156	7.1006
24883	R	N+5%	+0.50	carbA	own	O1	2.8113	O1	2.8113	5.3055
24883	R	N+5%	+0.50	carbB	own	O6	3.1080	H2	2.6207	7.0209
24883	R	N+5%	+0.50	ether	migrated	O2	2.8217	O2	2.8217	5.9887
24883	R	N+5%	+0.50	hydroxyl	migrated	O6	2.8708	O6	2.8708	5.5587
24883	R	N+5%	+0.75	carbA	own	O1	2.7248	O1	2.7248	5.4812
24883	R	N+5%	+0.75	carbB	own	O6	2.9544	H2	2.5800	6.9948
24883	R	N+5%	+0.75	ether	migrated	O2	2.7276	O2	2.7276	5.8450
24883	R	N+5%	+0.75	hydroxyl	migrated	O6	2.7659	O6	2.7659	5.5921
24883	R	N+5%	+1.00	carbA	own	O1	2.6634	O1	2.6634	5.6724
24883	R	N+5%	+1.00	carbB	own	O6	2.8736	H2	2.5501	6.9600
24883	R	N+5%	+1.00	ether	migrated	O2	2.6614	O2	2.6614	5.7436
24883	R	N+5%	+1.00	hydroxyl	migrated	O6	2.6933	O6	2.6933	5.6124
24883	R	N+5%	-0.25	H1	escaped	O5	34369.7769	O5	34369.7769	34374.2040
24883	R	N+5%	-0.25	H2	escaped	O1	44930.9373	O1	44930.9373	44936.5648
24883	R	N+5%	-0.25	H3	escaped	H8	40809.5656	H8	40809.5656	40809.5656
24883	R	N+5%	-0.25	H4	escaped	H4	46718.0433	H4	46718.0433	46721.2156
24883	R	N+5%	-0.25	H5	escaped	O6	45836.2465	O6	45836.2465	45840.1176
24883	R	N+5%	-0.25	H6	escaped	H6	36742.2218	H6	36742.2218	36742.6370
24883	R	N+5%	-0.25	H7	escaped	H8	39400.2256	H8	39400.2256	39400.2256
24883	R	N+5%	-0.25	H8	escaped	H8	42549.6376	H8	42549.6376	42549.6376
24883	R	N+5%	-0.50	H1	escaped	O5	58562.5335	O5	58562.5335	58567.1974
24883	R	N+5%	-0.50	H2	escaped	O1	68786.7141	O1	68786.7141	68791.3039
24883	R	N+5%	-0.50	H3	escaped	H8	52844.5077	H8	52844.5077	52844.5077
24883	R	N+5%	-0.50	H4	escaped	O5	53210.1070	O5	53210.1070	53214.9492
24883	R	N+5%	-0.50	H5	escaped	O6	53977.4091	O6	53977.4091	53982.1650
24883	R	N+5%	-0.50	H6	escaped	H6	50948.3171	H6	50948.3171	50948.9334
24883	R	N+5%	-0.50	H7	escaped	H8	66712.7114	H8	66712.7114	66712.7114
24883	R	N+5%	-0.50	H8	escaped	H8	53382.4178	H8	53382.4178	53382.4178
24883	R	N+5%	-0.75	H1	escaped	O5	79918.7500	O5	79918.7500	79923.4686
24883	R	N+5%	-0.75	H2	escaped	O1	79260.2419	O1	79260.2419	79264.1589
24883	R	N+5%	-0.75	H3	escaped	H8	69504.8671	H8	69504.8671	69504.8671
24883	R	N+5%	-0.75	H4	escaped	O5	81490.7281	O5	81490.7281	81496.1264
24883	R	N+5%	-0.75	H5	escaped	O6	80677.5633	O6	80677.5633	80682.5045
24883	R	N+5%	-0.75	H6	escaped	O2	74118.7721	O2	74118.7721	74120.1310
24883	R	N+5%	-0.75	H7	escaped	H3	68798.1811	H3	68798.1811	68798.2939
24883	R	N+5%	-0.75	H8	escaped	H8	70103.7754	H8	70103.7754	70103.7754
24883	R	N+5%	-1.00	H1	escaped	O5	72797.1799	O5	72797.1799	72801.9068
24883	R	N+5%	-1.00	H2	escaped	O1	82926.1154	O1	82926.1154	82929.6499
24883	R	N+5%	-1.00	H3	escaped	H8	69410.7944	H8	69410.7944	69410.7944
24883	R	N+5%	-1.00	H4	escaped	O5	86749.2114	O5	86749.2114	86754.8241
24883	R	N+5%	-1.00	H5	escaped	O6	84128.6371	O6	84128.6371	84133.6291
24883	R	N+5%	-1.00	H6	escaped	O2	81681.3478	O2	81681.3478	81683.2767
24883	R	N+5%	-1.00	H7	escaped	H3	81911.5167	H3	81911.5167	81911.7228
24883	R	N+5%	-1.00	H8	escaped	H8	99468.6429	H8	99468.6429	99468.6429
24883	R	N+10%	+0.25	carbA	own	O1	3.0335	O1	3.0335	5.2944
24883	R	N+10%	+0.25	carbB	own	O6	3.3546	H2	2.7865	7.1978
24883	R	N+10%	+0.25	ether	migrated	O2	3.0700	O2	3.0700	6.3596
24883	R	N+10%	+0.25	hydroxyl	migrated	O6	3.3546	H2	2.7865	7.1978
24883	R	N+10%	+0.50	carbA	own	O1	2.8846	O1	2.8846	5.3211
24883	R	N+10%	+0.50	carbB	migrated	O1	3.1626	H2	2.6713	6.9954
24883	R	N+10%	+0.50	ether	migrated	O2	2.9043	O2	2.9043	6.1147
24883	R	N+10%	+0.50	hydroxyl	migrated	O6	2.9613	O6	2.9613	5.5486
24883	R	N+10%	+0.75	carbA	own	O1	2.7968	O1	2.7968	5.3995
24883	R	N+10%	+0.75	carbB	migrated	O1	2.9768	H2	2.6118	6.8504
24883	R	N+10%	+0.75	ether	migrated	O2	2.8072	O2	2.8072	5.9679
24883	R	N+10%	+0.75	hydroxyl	migrated	O6	2.8520	O6	2.8520	5.5835
24883	R	N+10%	+1.00	carbA	own	O1	2.7342	O1	2.7342	5.5422
24883	R	N+10%	+1.00	carbB	own	O6	2.9685	H2	2.5921	7.0119
24883	R	N+10%	+1.00	ether	migrated	O2	2.7389	O2	2.7389	5.8638
24883	R	N+10%	+1.00	hydroxyl	migrated	O6	2.7766	O6	2.7766	5.6040
24883	R	N+10%	-0.25	H1	escaped	O5	38409.2559	O5	38409.2559	38413.4657
24883	R	N+10%	-0.25	H2	escaped	O1	45116.3235	O1	45116.3235	45121.9670
24883	R	N+10%	-0.25	H3	escaped	H8	40845.9070	H8	40845.9070	40845.9070
24883	R	N+10%	-0.25	H4	escaped	H4	46820.5587	H4	46820.5587	46823.6330
24883	R	N+10%	-0.25	H5	escaped	O6	46207.0851	O6	46207.0851	46210.8484
24883	R	N+10%	-0.25	H6	escaped	H6	36817.3372	H6	36817.3372	36817.6805
24883	R	N+10%	-0.25	H7	escaped	O4	41041.0889	O4	41041.0889	41041.1209
24883	R	N+10%	-0.25	H8	escaped	H8	43168.9610	H8	43168.9610	43168.9610
24883	R	N+10%	-0.50	H1	escaped	O5	57298.8033	O5	57298.8033	57303.3061
24883	R	N+10%	-0.50	H2	escaped	O1	69011.8214	O1	69011.8214	69016.4205
24883	R	N+10%	-0.50	H3	escaped	H8	53038.6383	H8	53038.6383	53038.6383
24883	R	N+10%	-0.50	H4	escaped	O5	53217.8201	O5	53217.8201	53222.5788
24883	R	N+10%	-0.50	H5	escaped	O6	54435.1902	O6	54435.1902	54439.8490
24883	R	N+10%	-0.50	H6	escaped	H6	50698.8068	H6	50698.8068	50699.3370
24883	R	N+10%	-0.50	H7	escaped	H4	58190.8892	H4	58190.8892	58190.9451
24883	R	N+10%	-0.50	H8	escaped	H8	53680.2850	H8	53680.2850	53680.2850
24883	R	N+10%	-0.75	H1	escaped	O5	69989.6240	O5	69989.6240	69994.2317
24883	R	N+10%	-0.75	H2	escaped	O1	79407.6596	O1	79407.6596	79411.5792
24883	R	N+10%	-0.75	H3	escaped	H8	69676.2874	H8	69676.2874	69676.2874
24883	R	N+10%	-0.75	H4	escaped	O5	81598.9565	O5	81598.9565	81604.2997
24883	R	N+10%	-0.75	H5	escaped	O6	61109.6515	O6	61109.6515	61114.5163
24883	R	N+10%	-0.75	H6	escaped	O2	73694.6888	O2	73694.6888	73695.9508
24883	R	N+10%	-0.75	H7	escaped	H4	78316.0459	H4	78316.0459	78316.2379
24883	R	N+10%	-0.75	H8	escaped	H8	70353.9214	H8	70353.9214	70353.9214
24883	R	N+10%	-1.00	H1	escaped	O5	91264.6470	O5	91264.6470	91269.2797
24883	R	N+10%	-1.00	H2	escaped	O1	83061.5560	O1	83061.5560	83065.0921
24883	R	N+10%	-1.00	H3	escaped	H8	69563.9436	H8	69563.9436	69563.9436
24883	R	N+10%	-1.00	H4	escaped	O5	86831.8496	O5	86831.8496	86837.4201
24883	R	N+10%	-1.00	H5	escaped	O6	84373.9613	O6	84373.9613	84378.8913
24883	R	N+10%	-1.00	H6	escaped	O2	81301.0326	O2	81301.0326	81302.8998
24883	R	N+10%	-1.00	H7	escaped	H4	82196.1888	H4	82196.1888	82196.4259
24883	R	N+10%	-1.00	H8	escaped	H8	99426.4847	H8	99426.4847	99426.4847
24883	R	OPLS_sp3C	+0.25	carbA	own	O1	2.8978	O1	2.8978	5.2885
24883	R	OPLS_sp3C	+0.25	carbB	migrated	O1	3.2015	H2	2.6764	7.0170
24883	R	OPLS_sp3C	+0.25	ether	migrated	O2	2.9182	O2	2.9182	6.1348
24883	R	OPLS_sp3C	+0.25	hydroxyl	migrated	O1	3.2015	H2	2.6764	7.0170
24883	R	OPLS_sp3C	+0.50	carbA	own	O1	2.7491	O1	2.7491	5.4612
24883	R	OPLS_sp3C	+0.50	carbB	own	O6	2.9905	H2	2.5963	7.0135
24883	R	OPLS_sp3C	+0.50	ether	migrated	O2	2.7545	O2	2.7545	5.8868
24883	R	OPLS_sp3C	+0.50	hydroxyl	migrated	O6	2.7946	O6	2.7946	5.5925
24883	R	OPLS_sp3C	+0.75	carbA	own	O1	2.6619	O1	2.6619	5.7026
24883	R	OPLS_sp3C	+0.75	carbB	migrated	O1	2.7725	H2	2.5205	6.6542
24883	R	OPLS_sp3C	+0.75	ether	migrated	O2	2.6601	O2	2.6601	5.7424
24883	R	OPLS_sp3C	+0.75	hydroxyl	migrated	O6	2.6911	O6	2.6911	5.6198
24883	R	OPLS_sp3C	+1.00	carbA	own	O1	2.6013	O1	2.6013	5.7977
24883	R	OPLS_sp3C	+1.00	carbB	own	O6	2.7991	H2	2.5232	6.9234
24883	R	OPLS_sp3C	+1.00	ether	migrated	O2	2.5942	O2	2.5942	5.6413
24883	R	OPLS_sp3C	+1.00	hydroxyl	migrated	O6	2.7991	H2	2.5232	6.9234
24883	R	OPLS_sp3C	-0.25	H1	escaped	O5	44018.3242	O5	44018.3242	44022.9012
24883	R	OPLS_sp3C	-0.25	H2	escaped	O1	44687.0761	O1	44687.0761	44692.6811
24883	R	OPLS_sp3C	-0.25	H3	escaped	H8	40229.1548	H8	40229.1548	40229.1548
24883	R	OPLS_sp3C	-0.25	H4	escaped	H4	46262.2858	H4	46262.2858	46265.4887
24883	R	OPLS_sp3C	-0.25	H5	escaped	O6	45487.4698	O6	45487.4698	45491.3748
24883	R	OPLS_sp3C	-0.25	H6	escaped	H6	36317.7097	H6	36317.7097	36318.1127
24883	R	OPLS_sp3C	-0.25	H7	escaped	H8	40056.6920	H8	40056.6920	40056.6920
24883	R	OPLS_sp3C	-0.25	H8	escaped	H8	40628.9182	H8	40628.9182	40628.9182
24883	R	OPLS_sp3C	-0.50	H1	escaped	O5	64892.9691	O5	64892.9691	64897.7087
24883	R	OPLS_sp3C	-0.50	H2	escaped	O1	68757.7486	O1	68757.7486	68762.3103
24883	R	OPLS_sp3C	-0.50	H3	escaped	H8	52456.9079	H8	52456.9079	52456.9079
24883	R	OPLS_sp3C	-0.50	H4	escaped	O5	53015.2990	O5	53015.2990	53020.1673
24883	R	OPLS_sp3C	-0.50	H5	escaped	O6	53819.6537	O6	53819.6537	53824.4098
24883	R	OPLS_sp3C	-0.50	H6	escaped	H6	50662.0488	H6	50662.0488	50662.6330
24883	R	OPLS_sp3C	-0.50	H7	escaped	H8	58078.4179	H8	58078.4179	58078.4179
24883	R	OPLS_sp3C	-0.50	H8	escaped	H8	52344.4299	H8	52344.4299	52344.4299
24883	R	OPLS_sp3C	-0.75	H1	escaped	O5	62995.8314	O5	62995.8314	63000.6018
24883	R	OPLS_sp3C	-0.75	H2	escaped	O1	79563.6867	O1	79563.6867	79567.5885
24883	R	OPLS_sp3C	-0.75	H3	escaped	H8	69236.8744	H8	69236.8744	69236.8744
24883	R	OPLS_sp3C	-0.75	H4	escaped	O5	81237.6619	O5	81237.6619	81243.0724
24883	R	OPLS_sp3C	-0.75	H5	escaped	O6	61147.1774	O6	61147.1774	61152.1127
24883	R	OPLS_sp3C	-0.75	H6	escaped	O2	73865.8802	O2	73865.8802	73867.2300
24883	R	OPLS_sp3C	-0.75	H7	escaped	H3	67950.6965	H3	67950.6965	67950.7972
24883	R	OPLS_sp3C	-0.75	H8	escaped	H8	75015.3221	H8	75015.3221	75015.3221
24883	R	OPLS_sp3C	-1.00	H1	escaped	O5	75139.0122	O5	75139.0122	75143.7858
24883	R	OPLS_sp3C	-1.00	H2	escaped	O1	83172.9344	O1	83172.9344	83176.4586
24883	R	OPLS_sp3C	-1.00	H3	escaped	H8	69334.2322	H8	69334.2322	69334.2322
24883	R	OPLS_sp3C	-1.00	H4	escaped	O5	87033.9625	O5	87033.9625	87039.5805
24883	R	OPLS_sp3C	-1.00	H5	escaped	O6	84410.8550	O6	84410.8550	84415.8412
24883	R	OPLS_sp3C	-1.00	H6	escaped	O2	81474.6634	O2	81474.6634	81476.5854
24883	R	OPLS_sp3C	-1.00	H7	escaped	H3	81641.9138	H3	81641.9138	81642.1591
24883	R	OPLS_sp3C	-1.00	H8	escaped	H8	99821.4708	H8	99821.4708	99821.4708
24883	R	Behrens_3.55	+0.25	carbA	own	O1	2.9207	O1	2.9207	5.2998
24883	R	Behrens_3.55	+0.25	carbB	migrated	O1	3.2649	H2	2.6975	7.0651
24883	R	Behrens_3.55	+0.25	ether	migrated	O2	2.9442	O2	2.9442	6.1741
24883	R	Behrens_3.55	+0.25	hydroxyl	migrated	O1	3.2649	H2	2.6975	7.0651
24883	R	Behrens_3.55	+0.50	carbA	own	O1	2.7711	O1	2.7711	5.4348
24883	R	Behrens_3.55	+0.50	carbB	own	O6	3.0260	H2	2.6097	7.0268
24883	R	Behrens_3.55	+0.50	ether	migrated	O2	2.7788	O2	2.7788	5.9245
24883	R	Behrens_3.55	+0.50	hydroxyl	migrated	O6	2.8209	O6	2.8209	5.5899
24883	R	Behrens_3.55	+0.75	carbA	own	O1	2.6833	O1	2.6833	5.6695
24883	R	Behrens_3.55	+0.75	carbB	migrated	O1	2.8026	H2	2.5362	6.6863
24883	R	Behrens_3.55	+0.75	ether	migrated	O2	2.6835	O2	2.6835	5.7788
24883	R	Behrens_3.55	+0.75	hydroxyl	migrated	O6	2.7162	O6	2.7162	5.6172
24883	R	Behrens_3.55	+1.00	carbA	own	O1	2.6221	O1	2.6221	5.7792
24883	R	Behrens_3.55	+1.00	carbB	own	O6	2.8231	H2	2.5347	6.9408
24883	R	Behrens_3.55	+1.00	ether	migrated	O2	2.6169	O2	2.6169	5.6768
24883	R	Behrens_3.55	+1.00	hydroxyl	migrated	O6	2.6439	O6	2.6439	5.6343
24883	R	Behrens_3.55	-0.25	H1	escaped	O5	44178.5919	O5	44178.5919	44183.1243
24883	R	Behrens_3.55	-0.25	H2	escaped	O1	44721.7568	O1	44721.7568	44727.3652
24883	R	Behrens_3.55	-0.25	H3	escaped	H8	40290.0280	H8	40290.0280	40290.0280
24883	R	Behrens_3.55	-0.25	H4	escaped	H4	46278.4742	H4	46278.4742	46281.6578
24883	R	Behrens_3.55	-0.25	H5	escaped	O6	45558.0026	O6	45558.0026	45561.8863
24883	R	Behrens_3.55	-0.25	H6	escaped	H6	36329.4601	H6	36329.4601	36329.8483
24883	R	Behrens_3.55	-0.25	H7	escaped	H8	41285.0630	H8	41285.0630	41285.0630
24883	R	Behrens_3.55	-0.25	H8	escaped	H8	40713.5910	H8	40713.5910	40713.5910
24883	R	Behrens_3.55	-0.50	H1	escaped	O5	63608.1249	O5	63608.1249	63612.8356
24883	R	Behrens_3.55	-0.50	H2	escaped	O1	68803.5569	O1	68803.5569	68808.1203
24883	R	Behrens_3.55	-0.50	H3	escaped	H8	52492.9992	H8	52492.9992	52492.9992
24883	R	Behrens_3.55	-0.50	H4	escaped	O5	53016.1557	O5	53016.1557	53021.0075
24883	R	Behrens_3.55	-0.50	H5	escaped	O6	53909.5886	O6	53909.5886	53914.3251
24883	R	Behrens_3.55	-0.50	H6	escaped	H6	50610.6495	H6	50610.6495	50611.2160
24883	R	Behrens_3.55	-0.50	H7	escaped	H8	60543.4913	H8	60543.4913	60543.4913
24883	R	Behrens_3.55	-0.50	H8	escaped	H8	52392.5785	H8	52392.5785	52392.5785
24883	R	Behrens_3.55	-0.75	H1	escaped	O5	62055.7079	O5	62055.7079	62060.4528
24883	R	Behrens_3.55	-0.75	H2	escaped	O1	79595.5470	O1	79595.5470	79599.4492
24883	R	Behrens_3.55	-0.75	H3	escaped	H8	69271.1323	H8	69271.1323	69271.1323
24883	R	Behrens_3.55	-0.75	H4	escaped	O5	81258.9908	O5	81258.9908	81264.3905
24883	R	Behrens_3.55	-0.75	H5	escaped	O6	61191.2733	O6	61191.2733	61196.1932
24883	R	Behrens_3.55	-0.75	H6	escaped	O2	73781.0799	O2	73781.0799	73782.4102
24883	R	Behrens_3.55	-0.75	H7	escaped	H3	67514.5266	H3	67514.5266	67514.6384
24883	R	Behrens_3.55	-0.75	H8	escaped	H8	75008.9085	H8	75008.9085	75008.9085
24883	R	Behrens_3.55	-1.00	H1	escaped	O5	74103.0964	O5	74103.0964	74107.8468
24883	R	Behrens_3.55	-1.00	H2	escaped	O1	83202.0574	O1	83202.0574	83205.5819
24883	R	Behrens_3.55	-1.00	H3	escaped	H8	69367.1624	H8	69367.1624	69367.1624
24883	R	Behrens_3.55	-1.00	H4	escaped	O5	87052.2889	O5	87052.2889	87057.8985
24883	R	Behrens_3.55	-1.00	H5	escaped	O6	84462.6911	O6	84462.6911	84467.6646
24883	R	Behrens_3.55	-1.00	H6	escaped	O2	81399.4867	O2	81399.4867	81401.3962
24883	R	Behrens_3.55	-1.00	H7	escaped	H3	81190.4326	H3	81190.4326	81190.6707
24883	R	Behrens_3.55	-1.00	H8	escaped	H8	99813.0255	H8	99813.0255	99813.0255
24883	TS	N	+0.25	carbA	own	O1	2.8770	O1	2.8770	5.2617
24883	TS	N	+0.25	carbB	own	O6	2.9939	H2	2.9069	8.6743
24883	TS	N	+0.25	ether	migrated	O2	2.9038	O2	2.9038	6.5509
24883	TS	N	+0.25	hydroxyl	migrated	O6	2.9894	O6	2.9894	5.2129
24883	TS	N	+0.50	carbA	own	O1	2.7367	O1	2.7367	5.3249
24883	TS	N	+0.50	carbB	own	O6	2.8581	O6	2.8581	8.5848
24883	TS	N	+0.50	ether	migrated	O2	2.7422	O2	2.7422	6.2734
24883	TS	N	+0.50	hydroxyl	migrated	O6	2.8000	O6	2.8000	5.3079
24883	TS	N	+0.75	carbA	own	O1	2.6520	O1	2.6520	5.4937
24883	TS	N	+0.75	carbB	own	O6	2.7711	O6	2.7711	8.5785
24883	TS	N	+0.75	ether	migrated	O2	2.6488	O2	2.6488	6.1097
24883	TS	N	+0.75	hydroxyl	migrated	O6	2.6959	O6	2.6959	5.3495
24883	TS	N	+1.00	carbA	own	O1	2.5916	O1	2.5916	5.6700
24883	TS	N	+1.00	carbB	own	O6	2.6536	O6	2.6536	8.8718
24883	TS	N	+1.00	ether	migrated	O2	2.5837	O2	2.5837	5.9950
24883	TS	N	+1.00	hydroxyl	migrated	O6	2.6243	O6	2.6243	5.3750
24883	TS	N	-0.25	H1	escaped	O5	42256.6101	O5	42256.6101	42261.4411
24883	TS	N	-0.25	H2	escaped	O1	42970.3572	O1	42970.3572	42975.7681
24883	TS	N	-0.25	H3	escaped	H3	41177.8500	H3	41177.8500	41178.1330
24883	TS	N	-0.25	H4	escaped	H4	46277.4419	H4	46277.4419	46280.6492
24883	TS	N	-0.25	H5	escaped	O6	44742.8184	O6	44742.8184	44746.7207
24883	TS	N	-0.25	H6	escaped	H6	36529.1607	H6	36529.1607	36529.2885
24883	TS	N	-0.25	H7	escaped	H8	52729.6446	H8	52729.6446	52729.6446
24883	TS	N	-0.25	H8	escaped	H8	42987.7844	H8	42987.7844	42987.7844
24883	TS	N	-0.50	H1	escaped	O5	54716.0944	O5	54716.0944	54720.9142
24883	TS	N	-0.50	H2	escaped	O1	64737.2884	O1	64737.2884	64741.8655
24883	TS	N	-0.50	H3	escaped	H3	54923.7288	H3	54923.7288	54924.2932
24883	TS	N	-0.50	H4	escaped	O5	52882.9714	O5	52882.9714	52887.8981
24883	TS	N	-0.50	H5	escaped	O6	51608.2833	O6	51608.2833	51613.1505
24883	TS	N	-0.50	H6	escaped	H6	50639.5301	H6	50639.5301	50639.8310
24883	TS	N	-0.50	H7	escaped	H8	58158.1040	H8	58158.1040	58158.1040
24883	TS	N	-0.50	H8	escaped	H8	56886.2910	H8	56886.2910	56886.2910
24883	TS	N	-0.75	H1	escaped	O5	67417.3615	O5	67417.3615	67422.1307
24883	TS	N	-0.75	H2	escaped	O1	74354.3840	O1	74354.3840	74358.3040
24883	TS	N	-0.75	H3	escaped	H3	74870.6624	H3	74870.6624	74871.4868
24883	TS	N	-0.75	H4	escaped	O5	80970.3050	O5	80970.3050	80975.8163
24883	TS	N	-0.75	H5	escaped	O6	77389.5118	O6	77389.5118	77394.5803
24883	TS	N	-0.75	H6	escaped	O2	73449.5972	O2	73449.5972	73450.6115
24883	TS	N	-0.75	H7	escaped	H8	71201.6992	H8	71201.6992	71201.6992
24883	TS	N	-0.75	H8	escaped	H8	75698.6541	H8	75698.6541	75698.6541
24883	TS	N	-1.00	H1	escaped	O5	72866.3221	O5	72866.3221	72871.0451
24883	TS	N	-1.00	H2	escaped	O1	78928.2571	O1	78928.2571	78931.7853
24883	TS	N	-1.00	H3	escaped	H3	78682.2791	H3	78682.2791	78683.3203
24883	TS	N	-1.00	H4	escaped	O5	87996.0792	O5	87996.0792	88001.8075
24883	TS	N	-1.00	H5	escaped	O6	80752.6133	O6	80752.6133	80757.7267
24883	TS	N	-1.00	H6	escaped	O2	80753.6730	O2	80753.6730	80755.2674
24883	TS	N	-1.00	H7	escaped	H8	98060.4914	H8	98060.4914	98060.4914
24883	TS	N	-1.00	H8	escaped	H8	100770.3001	H8	100770.3001	100770.3001
24883	TS	N+5%	+0.25	carbA	own	O1	2.9531	O1	2.9531	5.3112
24883	TS	N+5%	+0.25	carbB	own	O6	3.0664	H2	2.9555	8.7547
24883	TS	N+5%	+0.25	ether	migrated	O2	2.9948	O2	2.9948	6.7019
24883	TS	N+5%	+0.25	hydroxyl	migrated	O6	3.0892	O6	3.0892	5.1897
24883	TS	N+5%	+0.50	carbA	own	O1	2.8096	O1	2.8096	5.3368
24883	TS	N+5%	+0.50	carbB	own	O6	2.9282	O6	2.9282	8.6471
24883	TS	N+5%	+0.50	ether	migrated	O2	2.8264	O2	2.8264	6.4177
24883	TS	N+5%	+0.50	hydroxyl	migrated	O6	2.8907	O6	2.8907	5.2900
24883	TS	N+5%	+0.75	carbA	own	O1	2.7242	O1	2.7242	5.4135
24883	TS	N+5%	+0.75	carbB	own	O6	2.8445	O6	2.8445	8.6017
24883	TS	N+5%	+0.75	ether	migrated	O2	2.7294	O2	2.7294	6.2495
24883	TS	N+5%	+0.75	hydroxyl	migrated	O6	2.7821	O6	2.7821	5.3327
24883	TS	N+5%	+1.00	carbA	own	O1	2.6628	O1	2.6628	5.5454
24883	TS	N+5%	+1.00	carbB	own	O6	2.7802	O6	2.7802	8.6014
24883	TS	N+5%	+1.00	ether	migrated	O2	2.6617	O2	2.6617	6.1311
24883	TS	N+5%	+1.00	hydroxyl	migrated	O6	2.7077	O6	2.7077	5.3585
24883	TS	N+5%	-0.25	H1	escaped	O5	41284.8054	O5	41284.8054	41289.5100
24883	TS	N+5%	-0.25	H2	escaped	O1	43208.6162	O1	43208.6162	43214.0685
24883	TS	N+5%	-0.25	H3	escaped	H3	41180.0920	H3	41180.0920	41180.3621
24883	TS	N+5%	-0.25	H4	escaped	H4	46364.1075	H4	46364.1075	46367.2401
24883	TS	N+5%	-0.25	H5	escaped	O6	44985.8884	O6	44985.8884	44989.7236
24883	TS	N+5%	-0.25	H6	escaped	H6	36631.1641	H6	36631.1641	36631.2470
24883	TS	N+5%	-0.25	H7	escaped	H8	42700.3194	H8	42700.3194	42700.3194
24883	TS	N+5%	-0.25	H8	escaped	H8	43007.3582	H8	43007.3582	43007.3582
24883	TS	N+5%	-0.50	H1	escaped	O5	51564.1293	O5	51564.1293	51568.8708
24883	TS	N+5%	-0.50	H2	escaped	O1	64977.9916	O1	64977.9916	64982.6124
24883	TS	N+5%	-0.50	H3	escaped	H3	55050.0779	H3	55050.0779	55050.6239
24883	TS	N+5%	-0.50	H4	escaped	O5	52861.7767	O5	52861.7767	52866.6402
24883	TS	N+5%	-0.50	H5	escaped	O6	51845.1607	O6	51845.1607	51849.9626
24883	TS	N+5%	-0.50	H6	escaped	H6	50530.8059	H6	50530.8059	50531.0502
24883	TS	N+5%	-0.50	H7	escaped	H8	59257.5989	H8	59257.5989	59257.5989
24883	TS	N+5%	-0.50	H8	escaped	H8	56864.2538	H8	56864.2538	56864.2538
24883	TS	N+5%	-0.75	H1	escaped	O5	64988.1277	O5	64988.1277	64992.8382
24883	TS	N+5%	-0.75	H2	escaped	O1	74627.2181	O1	74627.2181	74631.1760
24883	TS	N+5%	-0.75	H3	escaped	H3	74887.3838	H3	74887.3838	74888.1893
24883	TS	N+5%	-0.75	H4	escaped	O5	80980.7502	O5	80980.7502	80986.2214
24883	TS	N+5%	-0.75	H5	escaped	O6	77490.8450	O6	77490.8450	77495.8603
24883	TS	N+5%	-0.75	H6	escaped	O2	73226.1098	O2	73226.1098	73227.0540
24883	TS	N+5%	-0.75	H7	escaped	H8	77002.5662	H8	77002.5662	77002.5662
24883	TS	N+5%	-0.75	H8	escaped	H8	75659.3583	H8	75659.3583	75659.3583
24883	TS	N+5%	-1.00	H1	escaped	O5	74338.0709	O5	74338.0709	74342.7440
24883	TS	N+5%	-1.00	H2	escaped	O1	78971.6811	O1	78971.6811	78975.2394
24883	TS	N+5%	-1.00	H3	escaped	H3	78619.4934	H3	78619.4934	78620.5179
24883	TS	N+5%	-1.00	H4	escaped	O5	88006.7683	O5	88006.7683	88012.4662
24883	TS	N+5%	-1.00	H5	escaped	O6	80835.5954	O6	80835.5954	80840.6646
24883	TS	N+5%	-1.00	H6	escaped	O2	80549.7597	O2	80549.7597	80551.3049
24883	TS	N+5%	-1.00	H7	escaped	H8	80757.6199	H8	80757.6199	80757.6199
24883	TS	N+5%	-1.00	H8	escaped	H8	100714.8059	H8	100714.8059	100714.8059
24883	TS	N+10%	+0.25	carbA	own	O1	3.0294	O1	3.0294	5.3645
24883	TS	N+10%	+0.25	carbB	own	O6	3.1395	H2	3.0082	8.8366
24883	TS	N+10%	+0.25	ether	migrated	O2	3.0882	O2	3.0882	6.8585
24883	TS	N+10%	+0.25	hydroxyl	migrated	O6	3.1395	H2	3.0082	8.8366
24883	TS	N+10%	+0.50	carbA	own	O1	2.8825	O1	2.8825	5.3673
24883	TS	N+10%	+0.50	carbB	own	O6	2.9981	H2	2.9681	8.7171
24883	TS	N+10%	+0.50	ether	migrated	O2	2.9122	O2	2.9122	6.5649
24883	TS	N+10%	+0.50	hydroxyl	migrated	O6	2.9821	O6	2.9821	5.2732
24883	TS	N+10%	+0.75	carbA	own	O1	2.7956	O1	2.7956	5.4003
24883	TS	N+10%	+0.75	carbB	own	O6	2.9137	O6	2.9137	8.6553
24883	TS	N+10%	+0.75	ether	migrated	O2	2.8112	O2	2.8112	6.3916
24883	TS	N+10%	+0.75	hydroxyl	migrated	O6	2.8693	O6	2.8693	5.3170
24883	TS	N+10%	+1.00	carbA	own	O1	2.7335	O1	2.7335	5.4653
24883	TS	N+10%	+1.00	carbB	own	O6	2.8525	O6	2.8525	8.6234
24883	TS	N+10%	+1.00	ether	migrated	O2	2.7408	O2	2.7408	6.2695
24883	TS	N+10%	+1.00	hydroxyl	migrated	O6	2.7920	O6	2.7920	5.3430
24883	TS	N+10%	-0.25	H1	escaped	O5	44328.8179	O5	44328.8179	44333.3941
24883	TS	N+10%	-0.25	H2	escaped	O1	43525.5844	O1	43525.5844	43531.0932
24883	TS	N+10%	-0.25	H3	escaped	H3	41224.5988	H3	41224.5988	41224.8457
24883	TS	N+10%	-0.25	H4	escaped	H4	46378.9168	H4	46378.9168	46381.9285
24883	TS	N+10%	-0.25	H5	escaped	O6	45291.1288	O6	45291.1288	45294.8555
24883	TS	N+10%	-0.25	H6	escaped	H6	36720.1213	H6	36720.1213	36720.1292
24883	TS	N+10%	-0.25	H7	escaped	H8	51694.3814	H8	51694.3814	51694.3814
24883	TS	N+10%	-0.25	H8	escaped	H8	37616.0629	H8	37616.0629	37616.0629
24883	TS	N+10%	-0.50	H1	escaped	O5	64029.1708	O5	64029.1708	64033.8370
24883	TS	N+10%	-0.50	H2	escaped	O1	65344.3869	O1	65344.3869	65349.0657
24883	TS	N+10%	-0.50	H3	escaped	H3	55151.6154	H3	55151.6154	55152.1262
24883	TS	N+10%	-0.50	H4	escaped	O5	52766.5542	O5	52766.5542	52771.3158
24883	TS	N+10%	-0.50	H5	escaped	O6	52179.3966	O6	52179.3966	52184.0947
24883	TS	N+10%	-0.50	H6	escaped	H6	66649.0994	H6	66649.0994	66649.2459
24883	TS	N+10%	-0.50	H7	escaped	H8	67693.2688	H8	67693.2688	67693.2688
24883	TS	N+10%	-0.50	H8	escaped	H8	56852.3337	H8	56852.3337	56852.3337
24883	TS	N+10%	-0.75	H1	escaped	O5	80784.9953	O5	80784.9953	80789.6417
24883	TS	N+10%	-0.75	H2	escaped	O1	75053.4447	O1	75053.4447	75057.4540
24883	TS	N+10%	-0.75	H3	escaped	H3	74810.7893	H3	74810.7893	74811.5577
24883	TS	N+10%	-0.75	H4	escaped	O5	80908.2370	O5	80908.2370	80913.6448
24883	TS	N+10%	-0.75	H5	escaped	O6	77686.2874	O6	77686.2874	77691.2188
24883	TS	N+10%	-0.75	H6	escaped	O2	72816.4522	O2	72816.4522	72817.2754
24883	TS	N+10%	-0.75	H7	escaped	H8	78882.9300	H8	78882.9300	78882.9300
24883	TS	N+10%	-0.75	H8	escaped	H8	75634.8861	H8	75634.8861	75634.8861
24883	TS	N+10%	-1.00	H1	escaped	O5	72525.3302	O5	72525.3302	72529.9431
24883	TS	N+10%	-1.00	H2	escaped	O1	79076.1655	O1	79076.1655	79079.7657
24883	TS	N+10%	-1.00	H3	escaped	H3	78427.4301	H3	78427.4301	78428.4211
24883	TS	N+10%	-1.00	H4	escaped	O5	88052.9335	O5	88052.9335	88058.5837
24883	TS	N+10%	-1.00	H5	escaped	O6	80997.1548	O6	80997.1548	81002.1550
24883	TS	N+10%	-1.00	H6	escaped	O2	80179.1968	O2	80179.1968	80180.6573
24883	TS	N+10%	-1.00	H7	escaped	H8	91382.6711	H8	91382.6711	91382.6711
24883	TS	N+10%	-1.00	H8	escaped	H8	100679.7680	H8	100679.7680	100679.7680
24883	TS	OPLS_sp3C	+0.25	carbA	own	O1	2.8954	O1	2.8954	5.3426
24883	TS	OPLS_sp3C	+0.25	carbB	own	O6	3.0107	H2	2.9579	8.7192
24883	TS	OPLS_sp3C	+0.25	ether	migrated	O2	2.9269	O2	2.9269	6.5891
24883	TS	OPLS_sp3C	+0.25	hydroxyl	migrated	O6	3.0022	O6	3.0022	5.2528
24883	TS	OPLS_sp3C	+0.50	carbA	own	O1	2.7482	O1	2.7482	5.4169
24883	TS	OPLS_sp3C	+0.50	carbB	own	O6	2.8677	O6	2.8677	8.6216
24883	TS	OPLS_sp3C	+0.50	ether	migrated	O2	2.7569	O2	2.7569	6.2973
24883	TS	OPLS_sp3C	+0.50	hydroxyl	migrated	O6	2.8109	O6	2.8109	5.3305
24883	TS	OPLS_sp3C	+0.75	carbA	own	O1	2.6610	O1	2.6610	5.5850
24883	TS	OPLS_sp3C	+0.75	carbB	own	O6	2.7766	O6	2.7766	8.6162
24883	TS	OPLS_sp3C	+0.75	ether	migrated	O2	2.6602	O2	2.6602	6.1286
24883	TS	OPLS_sp3C	+0.75	hydroxyl	migrated	O6	2.7051	O6	2.7051	5.3651
24883	TS	OPLS_sp3C	+1.00	carbA	own	O1	2.5997	O1	2.5997	5.7167
24883	TS	OPLS_sp3C	+1.00	carbB	own	O6	2.6642	O6	2.6642	8.8715
24883	TS	OPLS_sp3C	+1.00	ether	migrated	O2	2.5932	O2	2.5932	6.0111
24883	TS	OPLS_sp3C	+1.00	hydroxyl	migrated	O6	2.6324	O6	2.6324	5.3868
24883	TS	OPLS_sp3C	-0.25	H1	escaped	O5	41921.5918	O5	41921.5918	41926.3646
24883	TS	OPLS_sp3C	-0.25	H2	escaped	O1	42878.7566	O1	42878.7566	42884.1913
24883	TS	OPLS_sp3C	-0.25	H3	escaped	H3	41235.5036	H3	41235.5036	41235.7679
24883	TS	OPLS_sp3C	-0.25	H4	escaped	H4	45929.4789	H4	45929.4789	45932.6457
24883	TS	OPLS_sp3C	-0.25	H5	escaped	O6	44648.2577	O6	44648.2577	44652.1300
24883	TS	OPLS_sp3C	-0.25	H6	escaped	H6	36218.6768	H6	36218.6768	36218.7447
24883	TS	OPLS_sp3C	-0.25	H7	escaped	H8	51982.4981	H8	51982.4981	51982.4981
24883	TS	OPLS_sp3C	-0.25	H8	escaped	H8	43005.5004	H8	43005.5004	43005.5004
24883	TS	OPLS_sp3C	-0.50	H1	escaped	O5	53411.9560	O5	53411.9560	53416.7255
24883	TS	OPLS_sp3C	-0.50	H2	escaped	O1	64978.7361	O1	64978.7361	64983.3215
24883	TS	OPLS_sp3C	-0.50	H3	escaped	H3	54512.1601	H3	54512.1601	54512.6702
24883	TS	OPLS_sp3C	-0.50	H4	escaped	O5	52669.5923	O5	52669.5923	52674.4835
24883	TS	OPLS_sp3C	-0.50	H5	escaped	O6	51785.1443	O6	51785.1443	51789.9429
24883	TS	OPLS_sp3C	-0.50	H6	escaped	H6	66569.6177	H6	66569.6177	66569.8239
24883	TS	OPLS_sp3C	-0.50	H7	escaped	H8	57231.0808	H8	57231.0808	57231.0808
24883	TS	OPLS_sp3C	-0.50	H8	escaped	H8	57012.6210	H8	57012.6210	57012.6210
24883	TS	OPLS_sp3C	-0.75	H1	escaped	O5	66273.5728	O5	66273.5728	66278.3023
24883	TS	OPLS_sp3C	-0.75	H2	escaped	O1	74705.7674	O1	74705.7674	74709.6991
24883	TS	OPLS_sp3C	-0.75	H3	escaped	H3	74305.8348	H3	74305.8348	74306.5961
24883	TS	OPLS_sp3C	-0.75	H4	escaped	O5	80716.1285	O5	80716.1285	80721.6134
24883	TS	OPLS_sp3C	-0.75	H5	escaped	O6	77844.7637	O6	77844.7637	77849.7676
24883	TS	OPLS_sp3C	-0.75	H6	escaped	O2	72979.2406	O2	72979.2406	72980.1638
24883	TS	OPLS_sp3C	-0.75	H7	escaped	H8	71605.1322	H8	71605.1322	71605.1322
24883	TS	OPLS_sp3C	-0.75	H8	escaped	H8	75898.5799	H8	75898.5799	75898.5799
24883	TS	OPLS_sp3C	-1.00	H1	escaped	O5	73606.7322	O5	73606.7322	73611.4215
24883	TS	OPLS_sp3C	-1.00	H2	escaped	O1	79259.9295	O1	79259.9295	79263.4718
24883	TS	OPLS_sp3C	-1.00	H3	escaped	H3	78096.0107	H3	78096.0107	78096.9915
24883	TS	OPLS_sp3C	-1.00	H4	escaped	O5	88278.5366	O5	88278.5366	88284.2409
24883	TS	OPLS_sp3C	-1.00	H5	escaped	O6	81128.2687	O6	81128.2687	81133.3266
24883	TS	OPLS_sp3C	-1.00	H6	escaped	O2	80360.3570	O2	80360.3570	80361.8850
24883	TS	OPLS_sp3C	-1.00	H7	escaped	H8	98110.2811	H8	98110.2811	98110.2811
24883	TS	OPLS_sp3C	-1.00	H8	escaped	H8	101047.3434	H8	101047.3434	101047.3434
24883	TS	Behrens_3.55	+0.25	carbA	own	O1	2.9181	O1	2.9181	5.3558
24883	TS	Behrens_3.55	+0.25	carbB	own	O6	3.0325	H2	2.9710	8.7425
24883	TS	Behrens_3.55	+0.25	ether	migrated	O2	2.9541	O2	2.9541	6.6355
24883	TS	Behrens_3.55	+0.25	hydroxyl	migrated	O6	3.0311	O6	3.0311	5.2474
24883	TS	Behrens_3.55	+0.50	carbA	own	O1	2.7701	O1	2.7701	5.4121
24883	TS	Behrens_3.55	+0.50	carbB	own	O6	2.8889	O6	2.8889	8.6379
24883	TS	Behrens_3.55	+0.50	ether	migrated	O2	2.7820	O2	2.7820	6.3409
24883	TS	Behrens_3.55	+0.50	hydroxyl	migrated	O6	2.8376	O6	2.8376	5.3258
24883	TS	Behrens_3.55	+0.75	carbA	own	O1	2.6825	O1	2.6825	5.5529
24883	TS	Behrens_3.55	+0.75	carbB	own	O6	2.8001	O6	2.8001	8.6138
24883	TS	Behrens_3.55	+0.75	ether	migrated	O2	2.6841	O2	2.6841	6.1705
24883	TS	Behrens_3.55	+0.75	hydroxyl	migrated	O6	2.7306	O6	2.7306	5.3604
24883	TS	Behrens_3.55	+1.00	carbA	own	O1	2.6207	O1	2.6207	5.6887
24883	TS	Behrens_3.55	+1.00	carbB	own	O6	2.7118	O6	2.7118	8.7397
24883	TS	Behrens_3.55	+1.00	ether	migrated	O2	2.6163	O2	2.6163	6.0518
24883	TS	Behrens_3.55	+1.00	hydroxyl	migrated	O6	2.6571	O6	2.6571	5.3820
24883	TS	Behrens_3.55	-0.25	H1	escaped	O5	41673.9264	O5	41673.9264	41678.6651
24883	TS	Behrens_3.55	-0.25	H2	escaped	O1	42936.4244	O1	42936.4244	42941.8712
24883	TS	Behrens_3.55	-0.25	H3	escaped	H3	41294.2282	H3	41294.2282	41294.4873
24883	TS	Behrens_3.55	-0.25	H4	escaped	H4	45934.5348	H4	45934.5348	45937.6776
24883	TS	Behrens_3.55	-0.25	H5	escaped	O6	44704.9047	O6	44704.9047	44708.7550
24883	TS	Behrens_3.55	-0.25	H6	escaped	H6	36233.2863	H6	36233.2863	36233.3389
24883	TS	Behrens_3.55	-0.25	H7	escaped	H8	52654.4339	H8	52654.4339	52654.4339
24883	TS	Behrens_3.55	-0.25	H8	escaped	H8	43007.1129	H8	43007.1129	43007.1129
24883	TS	Behrens_3.55	-0.50	H1	escaped	O5	52561.5846	O5	52561.5846	52566.3324
24883	TS	Behrens_3.55	-0.50	H2	escaped	O1	65049.5334	O1	65049.5334	65054.1309
24883	TS	Behrens_3.55	-0.50	H3	escaped	H3	54527.7422	H3	54527.7422	54528.2445
24883	TS	Behrens_3.55	-0.50	H4	escaped	O5	52650.5932	O5	52650.5932	52655.4645
24883	TS	Behrens_3.55	-0.50	H5	escaped	O6	51850.8593	O6	51850.8593	51855.6369
24883	TS	Behrens_3.55	-0.50	H6	escaped	H6	66509.1495	H6	66509.1495	66509.3356
24883	TS	Behrens_3.55	-0.50	H7	escaped	H8	56196.1403	H8	56196.1403	56196.1403
24883	TS	Behrens_3.55	-0.50	H8	escaped	H8	57009.3625	H8	57009.3625	57009.3625
24883	TS	Behrens_3.55	-0.75	H1	escaped	O5	65613.0007	O5	65613.0007	65617.7139
24883	TS	Behrens_3.55	-0.75	H2	escaped	O1	74789.7551	O1	74789.7551	74793.6975
24883	TS	Behrens_3.55	-0.75	H3	escaped	H3	74285.1878	H3	74285.1878	74285.9410
24883	TS	Behrens_3.55	-0.75	H4	escaped	O5	80702.4264	O5	80702.4264	80707.8987
24883	TS	Behrens_3.55	-0.75	H5	escaped	O6	77886.2311	O6	77886.2311	77891.2179
24883	TS	Behrens_3.55	-0.75	H6	escaped	O2	72896.6467	O2	72896.6467	72897.5454
24883	TS	Behrens_3.55	-0.75	H7	escaped	H8	75144.1997	H8	75144.1997	75144.1997
24883	TS	Behrens_3.55	-0.75	H8	escaped	H8	75893.4497	H8	75893.4497	75893.4497
24883	TS	Behrens_3.55	-1.00	H1	escaped	O5	74027.6470	O5	74027.6470	74032.3222
24883	TS	Behrens_3.55	-1.00	H2	escaped	O1	79282.4189	O1	79282.4189	79285.9698
24883	TS	Behrens_3.55	-1.00	H3	escaped	H3	78051.8282	H3	78051.8282	78052.8015
24883	TS	Behrens_3.55	-1.00	H4	escaped	O5	88289.4662	O5	88289.4662	88295.1610
24883	TS	Behrens_3.55	-1.00	H5	escaped	O6	81162.6959	O6	81162.6959	81167.7398
24883	TS	Behrens_3.55	-1.00	H6	escaped	O2	80286.4737	O2	80286.4737	80287.9845
24883	TS	Behrens_3.55	-1.00	H7	escaped	H8	100337.7016	H8	100337.7016	100337.7016
24883	TS	Behrens_3.55	-1.00	H8	escaped	H8	101040.4995	H8	101040.4995	101040.4995
26495	R	N	+0.25	carbA	own	O1	2.8781	O1	2.8781	5.0103
26495	R	N	+0.25	carbB	own	O6	3.0912	H2	2.7411	7.0396
26495	R	N	+0.25	ether	migrated	O2	2.8899	O2	2.8899	5.9530
26495	R	N	+0.25	hydroxyl	migrated	O6	2.9809	O6	2.9809	5.1242
26495	R	N	+0.50	carbA	own	O1	2.7342	O1	2.7342	5.3468
26495	R	N	+0.50	carbB	own	O6	2.9696	H2	2.6772	6.9485
26495	R	N	+0.50	ether	migrated	O2	2.7355	O2	2.7355	5.7043
26495	R	N	+0.50	hydroxyl	migrated	O6	2.7965	O6	2.7965	5.2017
26495	R	N	+0.75	carbA	own	O1	2.6498	O1	2.6498	5.6270
26495	R	N	+0.75	carbB	own	O6	2.9031	H2	2.6405	6.8866
26495	R	N	+0.75	ether	migrated	O2	2.6454	O2	2.6454	5.5612
26495	R	N	+0.75	hydroxyl	migrated	O6	2.6940	O6	2.6940	5.2350
26495	R	N	+1.00	carbA	own	O1	2.5910	O1	2.5910	5.7009
26495	R	N	+1.00	carbB	own	O6	2.8589	H2	2.6152	6.8393
26495	R	N	+1.00	ether	migrated	O2	2.5822	O2	2.5822	5.4622
26495	R	N	+1.00	hydroxyl	migrated	O6	2.6232	O6	2.6232	5.2554
26495	R	N	-0.25	H1	escaped	O5	41872.7990	O5	41872.7990	41877.9301
26495	R	N	-0.25	H2	escaped	O1	45307.2884	O1	45307.2884	45312.7092
26495	R	N	-0.25	H3	escaped	H3	39958.2017	H3	39958.2017	39958.3761
26495	R	N	-0.25	H4	escaped	H4	47291.0806	H4	47291.0806	47294.6040
26495	R	N	-0.25	H5	escaped	O6	34848.6107	O6	34848.6107	34852.2097
26495	R	N	-0.25	H6	escaped	H6	36994.6598	H6	36994.6598	36994.9758
26495	R	N	-0.25	H7	escaped	O4	42133.5241	O4	42133.5241	42133.6669
26495	R	N	-0.25	H8	escaped	H8	41753.5894	H8	41753.5894	41753.5894
26495	R	N	-0.50	H1	escaped	O5	55510.1118	O5	55510.1118	55515.4262
26495	R	N	-0.50	H2	escaped	O1	52553.7829	O1	52553.7829	52558.2442
26495	R	N	-0.50	H3	escaped	H8	52177.2823	H8	52177.2823	52177.2823
26495	R	N	-0.50	H4	escaped	O5	53430.4451	O5	53430.4451	53435.5405
26495	R	N	-0.50	H5	escaped	O6	54233.1752	O6	54233.1752	54237.6842
26495	R	N	-0.50	H6	escaped	H6	51990.4845	H6	51990.4845	51991.0138
26495	R	N	-0.50	H7	escaped	O4	68285.0050	O4	68285.0050	68285.1516
26495	R	N	-0.50	H8	escaped	H8	55742.0615	H8	55742.0615	55742.0615
26495	R	N	-0.75	H1	escaped	O5	69087.1776	O5	69087.1776	69092.5273
26495	R	N	-0.75	H2	escaped	O1	60114.1836	O1	60114.1836	60118.0332
26495	R	N	-0.75	H3	escaped	H8	70251.3656	H8	70251.3656	70251.3656
26495	R	N	-0.75	H4	escaped	O5	81291.7711	O5	81291.7711	81297.4232
26495	R	N	-0.75	H5	escaped	O6	80442.2109	O6	80442.2109	80446.9253
26495	R	N	-0.75	H6	escaped	O2	76034.8264	O2	76034.8264	76036.2138
26495	R	N	-0.75	H7	escaped	O4	72586.5020	O4	72586.5020	72586.6449
26495	R	N	-0.75	H8	escaped	H8	74711.9399	H8	74711.9399	74711.9399
26495	R	N	-1.00	H1	escaped	O5	94756.6005	O5	94756.6005	94761.9571
26495	R	N	-1.00	H2	escaped	O1	83210.6228	O1	83210.6228	83214.1256
26495	R	N	-1.00	H3	escaped	H8	73274.3133	H8	73274.3133	73274.3133
26495	R	N	-1.00	H4	escaped	O5	85270.3152	O5	85270.3152	85276.1858
26495	R	N	-1.00	H5	escaped	O6	83818.1177	O6	83818.1177	83822.8938
26495	R	N	-1.00	H6	escaped	O2	82442.6010	O2	82442.6010	82444.5095
26495	R	N	-1.00	H7	escaped	O4	86842.2444	O4	86842.2444	86842.3956
26495	R	N	-1.00	H8	escaped	H8	100040.6909	H8	100040.6909	100040.6909
26495	R	N+5%	+0.25	carbA	own	O1	2.9547	O1	2.9547	5.0496
26495	R	N+5%	+0.25	carbB	own	O6	3.1657	H2	2.7934	7.1095
26495	R	N+5%	+0.25	ether	migrated	O2	2.9760	O2	2.9760	6.0861
26495	R	N+5%	+0.25	hydroxyl	migrated	O6	3.0841	O6	3.0841	5.0996
26495	R	N+5%	+0.50	carbA	own	O1	2.8090	O1	2.8090	5.1953
26495	R	N+5%	+0.50	carbB	own	O6	3.0324	H2	2.7231	7.0197
26495	R	N+5%	+0.50	ether	migrated	O2	2.8166	O2	2.8166	5.8327
26495	R	N+5%	+0.50	hydroxyl	migrated	O6	2.8880	O6	2.8880	5.1869
26495	R	N+5%	+0.75	carbA	own	O1	2.7220	O1	2.7220	5.5171
26495	R	N+5%	+0.75	carbB	own	O6	2.9591	H2	2.6825	6.9581
26495	R	N+5%	+0.75	ether	migrated	O2	2.7235	O2	2.7235	5.6849
26495	R	N+5%	+0.75	hydroxyl	migrated	O6	2.7806	O6	2.7806	5.2221
26495	R	N+5%	+1.00	carbA	own	O1	2.6613	O1	2.6613	5.6483
26495	R	N+5%	+1.00	carbB	own	O6	2.9101	H2	2.6546	6.9110
26495	R	N+5%	+1.00	ether	migrated	O2	2.6581	O2	2.6581	5.5819
26495	R	N+5%	+1.00	hydroxyl	migrated	O6	2.7068	O6	2.7068	5.2430
26495	R	N+5%	-0.25	H1	escaped	O5	44591.7790	O5	44591.7790	44596.6571
26495	R	N+5%	-0.25	H2	escaped	O1	45481.1521	O1	45481.1521	45486.5897
26495	R	N+5%	-0.25	H3	escaped	H3	40251.8315	H3	40251.8315	40252.0046
26495	R	N+5%	-0.25	H4	escaped	H4	47440.6543	H4	47440.6543	47444.1285
26495	R	N+5%	-0.25	H5	escaped	O6	35071.6822	O6	35071.6822	35075.2233
26495	R	N+5%	-0.25	H6	escaped	H6	37093.8991	H6	37093.8991	37094.1774
26495	R	N+5%	-0.25	H7	escaped	O4	44191.8775	O4	44191.8775	44192.0434
26495	R	N+5%	-0.25	H8	escaped	H8	41742.1422	H8	41742.1422	41742.1422
26495	R	N+5%	-0.50	H1	escaped	O5	51675.1501	O5	51675.1501	51680.3409
26495	R	N+5%	-0.50	H2	escaped	O1	52716.1121	O1	52716.1121	52720.5846
26495	R	N+5%	-0.50	H3	escaped	H8	52330.5085	H8	52330.5085	52330.5085
26495	R	N+5%	-0.50	H4	escaped	O5	53493.2559	O5	53493.2559	53498.3105
26495	R	N+5%	-0.50	H5	escaped	O6	54582.9337	O6	54582.9337	54587.3892
26495	R	N+5%	-0.50	H6	escaped	H6	51891.7376	H6	51891.7376	51892.2253
26495	R	N+5%	-0.50	H7	escaped	O4	68909.3827	O4	68909.3827	68909.5513
26495	R	N+5%	-0.50	H8	escaped	H8	55695.1240	H8	55695.1240	55695.1240
26495	R	N+5%	-0.75	H1	escaped	O5	66365.5381	O5	66365.5381	66370.7939
26495	R	N+5%	-0.75	H2	escaped	O1	60181.4350	O1	60181.4350	60185.2903
26495	R	N+5%	-0.75	H3	escaped	H8	70364.4965	H8	70364.4965	70364.4965
26495	R	N+5%	-0.75	H4	escaped	O5	81366.0563	O5	81366.0563	81371.6823
26495	R	N+5%	-0.75	H5	escaped	O6	80606.2833	O6	80606.2833	80610.9550
26495	R	N+5%	-0.75	H6	escaped	O2	75873.2819	O2	75873.2819	75874.6286
26495	R	N+5%	-0.75	H7	escaped	O4	71852.1801	O4	71852.1801	71852.3496
26495	R	N+5%	-0.75	H8	escaped	H8	74642.4707	H8	74642.4707	74642.4707
26495	R	N+5%	-1.00	H1	escaped	O5	96813.2825	O5	96813.2825	96818.5624
26495	R	N+5%	-1.00	H2	escaped	O1	83291.8915	O1	83291.8915	83295.3987
26495	R	N+5%	-1.00	H3	escaped	H8	73339.3684	H8	73339.3684	73339.3684
26495	R	N+5%	-1.00	H4	escaped	O5	85312.6870	O5	85312.6870	85318.5374
26495	R	N+5%	-1.00	H5	escaped	O6	83964.3073	O6	83964.3073	83969.0482
26495	R	N+5%	-1.00	H6	escaped	O2	82402.9047	O2	82402.9047	82404.7875
26495	R	N+5%	-1.00	H7	escaped	O4	98627.3897	O4	98627.3897	98627.5617
26495	R	N+5%	-1.00	H8	escaped	H8	99947.4932	H8	99947.4932	99947.4932
26495	R	N+10%	+0.25	carbA	own	O1	3.0315	O1	3.0315	5.0966
26495	R	N+10%	+0.25	carbB	own	O6	3.2456	H2	2.8480	7.1768
26495	R	N+10%	+0.25	ether	migrated	O2	3.0630	O2	3.0630	6.2199
26495	R	N+10%	+0.25	hydroxyl	migrated	O6	3.1917	O6	3.1917	5.0698
26495	R	N+10%	+0.50	carbA	own	O1	2.8828	O1	2.8828	5.1663
26495	R	N+10%	+0.50	carbB	own	O6	3.1003	H2	2.7713	7.0887
26495	R	N+10%	+0.50	ether	migrated	O2	2.8985	O2	2.8985	5.9622
26495	R	N+10%	+0.50	hydroxyl	migrated	O6	2.9814	O6	2.9814	5.1706
26495	R	N+10%	+0.75	carbA	own	O1	2.7945	O1	2.7945	5.3613
26495	R	N+10%	+0.75	carbB	own	O6	3.0200	H2	2.7269	7.0277
26495	R	N+10%	+0.75	ether	migrated	O2	2.8023	O2	2.8023	5.8103
26495	R	N+10%	+0.75	hydroxyl	migrated	O6	2.8687	O6	2.8687	5.2088
26495	R	N+10%	+1.00	carbA	own	O1	2.7319	O1	2.7319	5.5579
26495	R	N+10%	+1.00	carbB	own	O6	2.9661	H2	2.6961	6.9809
26495	R	N+10%	+1.00	ether	migrated	O2	2.7347	O2	2.7347	5.7037
26495	R	N+10%	+1.00	hydroxyl	migrated	O6	2.7917	O6	2.7917	5.2307
26495	R	N+10%	-0.25	H1	escaped	O5	45145.3322	O5	45145.3322	45150.0248
26495	R	N+10%	-0.25	H2	escaped	O1	45697.3801	O1	45697.3801	45702.8401
26495	R	N+10%	-0.25	H3	escaped	H3	40538.4603	H3	40538.4603	40538.6269
26495	R	N+10%	-0.25	H4	escaped	H4	47558.0165	H4	47558.0165	47561.4088
26495	R	N+10%	-0.25	H5	escaped	O6	35349.2883	O6	35349.2883	35352.7331
26495	R	N+10%	-0.25	H6	escaped	H6	37161.5978	H6	37161.5978	37161.8117
26495	R	N+10%	-0.25	H7	escaped	O4	46108.7616	O4	46108.7616	46108.9430
26495	R	N+10%	-0.25	H8	escaped	H8	41742.8697	H8	41742.8697	41742.8697
26495	R	N+10%	-0.50	H1	escaped	O5	59155.8267	O5	59155.8267	59160.8641
26495	R	N+10%	-0.50	H2	escaped	O1	52940.1180	O1	52940.1180	52944.6045
26495	R	N+10%	-0.50	H3	escaped	H8	52518.4661	H8	52518.4661	52518.4661
26495	R	N+10%	-0.50	H4	escaped	O5	53516.0269	O5	53516.0269	53521.0157
26495	R	N+10%	-0.50	H5	escaped	O6	55061.9567	O6	55061.9567	55066.3277
26495	R	N+10%	-0.50	H6	escaped	H6	51658.1681	H6	51658.1681	51658.5827
26495	R	N+10%	-0.50	H7	escaped	O4	58367.7698	O4	58367.7698	58367.9528
26495	R	N+10%	-0.50	H8	escaped	H8	55662.3292	H8	55662.3292	55662.3292
26495	R	N+10%	-0.75	H1	escaped	O5	62460.8291	O5	62460.8291	62465.9673
26495	R	N+10%	-0.75	H2	escaped	O1	60310.6061	O1	60310.6061	60314.4684
26495	R	N+10%	-0.75	H3	escaped	H8	70530.0306	H8	70530.0306	70530.0306
26495	R	N+10%	-0.75	H4	escaped	O5	81434.2314	O5	81434.2314	81439.8164
26495	R	N+10%	-0.75	H5	escaped	O6	80889.2555	O6	80889.2555	80893.8606
26495	R	N+10%	-0.75	H6	escaped	O2	75526.7296	O2	75526.7296	75528.0055
26495	R	N+10%	-0.75	H7	escaped	O4	75213.9651	O4	75213.9651	75214.1535
26495	R	N+10%	-0.75	H8	escaped	H8	74593.5547	H8	74593.5547	74593.5547
26495	R	N+10%	-1.00	H1	escaped	O5	75413.4349	O5	75413.4349	75418.6146
26495	R	N+10%	-1.00	H2	escaped	O1	83445.6100	O1	83445.6100	83449.1230
26495	R	N+10%	-1.00	H3	escaped	H8	73470.8796	H8	73470.8796	73470.8796
26495	R	N+10%	-1.00	H4	escaped	O5	85408.4590	O5	85408.4590	85414.2779
26495	R	N+10%	-1.00	H5	escaped	O6	84218.0189	O6	84218.0189	84222.7057
26495	R	N+10%	-1.00	H6	escaped	O2	82339.3351	O2	82339.3351	82341.1729
26495	R	N+10%	-1.00	H7	escaped	O4	78641.5662	O4	78641.5662	78641.7561
26495	R	N+10%	-1.00	H8	escaped	H8	99882.3998	H8	99882.3998	99882.3998
26495	R	OPLS_sp3C	+0.25	carbA	own	O1	2.8959	O1	2.8959	5.1183
26495	R	OPLS_sp3C	+0.25	carbB	own	O6	3.1119	H2	2.7723	7.0876
26495	R	OPLS_sp3C	+0.25	ether	migrated	O2	2.9122	O2	2.9122	5.9841
26495	R	OPLS_sp3C	+0.25	hydroxyl	migrated	O6	3.0000	O6	3.0000	5.1538
26495	R	OPLS_sp3C	+0.50	carbA	own	O1	2.7464	O1	2.7464	5.4844
26495	R	OPLS_sp3C	+0.50	carbB	own	O6	2.9789	H2	2.6991	6.9851
26495	R	OPLS_sp3C	+0.50	ether	migrated	O2	2.7501	O2	2.7501	5.7274
26495	R	OPLS_sp3C	+0.50	hydroxyl	migrated	O6	2.9789	H2	2.6991	6.9851
26495	R	OPLS_sp3C	+0.75	carbA	own	O1	2.6600	O1	2.6600	5.6670
26495	R	OPLS_sp3C	+0.75	carbB	own	O6	2.9080	H2	2.6582	6.9171
26495	R	OPLS_sp3C	+0.75	ether	migrated	O2	2.6568	O2	2.6568	5.5807
26495	R	OPLS_sp3C	+0.75	hydroxyl	migrated	O6	2.7047	O6	2.7047	5.2487
26495	R	OPLS_sp3C	+1.00	carbA	own	O1	2.5996	O1	2.5996	5.7226
26495	R	OPLS_sp3C	+1.00	carbB	own	O6	2.8614	H2	2.6304	6.8660
26495	R	OPLS_sp3C	+1.00	ether	migrated	O2	2.5917	O2	2.5917	5.4796
26495	R	OPLS_sp3C	+1.00	hydroxyl	migrated	O6	2.6322	O6	2.6322	5.2663
26495	R	OPLS_sp3C	-0.25	H1	escaped	O5	41672.5734	O5	41672.5734	41677.6545
26495	R	OPLS_sp3C	-0.25	H2	escaped	O1	45226.1401	O1	45226.1401	45231.5568
26495	R	OPLS_sp3C	-0.25	H3	escaped	H3	39582.3041	H3	39582.3041	39582.4498
26495	R	OPLS_sp3C	-0.25	H4	escaped	H4	46936.5926	H4	46936.5926	46940.0983
26495	R	OPLS_sp3C	-0.25	H5	escaped	O6	34793.3007	O6	34793.3007	34796.8809
26495	R	OPLS_sp3C	-0.25	H6	escaped	H6	36639.9974	H6	36639.9974	36640.2674
26495	R	OPLS_sp3C	-0.25	H7	escaped	O4	40609.7481	O4	40609.7481	40609.8886
26495	R	OPLS_sp3C	-0.25	H8	escaped	H8	41858.7825	H8	41858.7825	41858.7825
26495	R	OPLS_sp3C	-0.50	H1	escaped	O5	54047.6980	O5	54047.6980	54052.9566
26495	R	OPLS_sp3C	-0.50	H2	escaped	O1	52675.5234	O1	52675.5234	52679.9705
26495	R	OPLS_sp3C	-0.50	H3	escaped	H8	52054.0922	H8	52054.0922	52054.0922
26495	R	OPLS_sp3C	-0.50	H4	escaped	O5	53283.1138	O5	53283.1138	53288.1973
26495	R	OPLS_sp3C	-0.50	H5	escaped	O6	54415.5300	O6	54415.5300	54419.9896
26495	R	OPLS_sp3C	-0.50	H6	escaped	H6	51593.3366	H6	51593.3366	51593.7983
26495	R	OPLS_sp3C	-0.50	H7	escaped	O4	66086.0742	O4	66086.0742	66086.2178
26495	R	OPLS_sp3C	-0.50	H8	escaped	H8	55950.0117	H8	55950.0117	55950.0117
26495	R	OPLS_sp3C	-0.75	H1	escaped	O5	68211.7774	O5	68211.7774	68217.0807
26495	R	OPLS_sp3C	-0.75	H2	escaped	O1	60413.9341	O1	60413.9341	60417.7755
26495	R	OPLS_sp3C	-0.75	H3	escaped	H8	70343.0062	H8	70343.0062	70343.0062
26495	R	OPLS_sp3C	-0.75	H4	escaped	O5	81209.1965	O5	81209.1965	81214.8355
26495	R	OPLS_sp3C	-0.75	H5	escaped	O6	80942.0421	O6	80942.0421	80946.7104
26495	R	OPLS_sp3C	-0.75	H6	escaped	O2	75608.4883	O2	75608.4883	75609.8362
26495	R	OPLS_sp3C	-0.75	H7	escaped	O4	76223.2080	O4	76223.2080	76223.3496
26495	R	OPLS_sp3C	-0.75	H8	escaped	H8	75017.6065	H8	75017.6065	75017.6065
26495	R	OPLS_sp3C	-1.00	H1	escaped	O5	95805.4482	O5	95805.4482	95810.7655
26495	R	OPLS_sp3C	-1.00	H2	escaped	O1	83546.0581	O1	83546.0581	83549.5558
26495	R	OPLS_sp3C	-1.00	H3	escaped	H8	73566.9336	H8	73566.9336	73566.9336
26495	R	OPLS_sp3C	-1.00	H4	escaped	O5	85601.0898	O5	85601.0898	85606.9457
26495	R	OPLS_sp3C	-1.00	H5	escaped	O6	84254.1672	O6	84254.1672	84258.9041
26495	R	OPLS_sp3C	-1.00	H6	escaped	O2	82579.8334	O2	82579.8334	82581.7122
26495	R	OPLS_sp3C	-1.00	H7	escaped	O4	84416.3181	O4	84416.3181	84416.4702
26495	R	OPLS_sp3C	-1.00	H8	escaped	H8	100453.9506	H8	100453.9506	100453.9506
26495	R	Behrens_3.55	+0.25	carbA	own	O1	2.9188	O1	2.9188	5.1248
26495	R	Behrens_3.55	+0.25	carbB	own	O6	3.1342	H2	2.7879	7.1086
26495	R	Behrens_3.55	+0.25	ether	migrated	O2	2.9380	O2	2.9380	6.0246
26495	R	Behrens_3.55	+0.25	hydroxyl	migrated	O6	3.0300	O6	3.0300	5.1478
26495	R	Behrens_3.55	+0.50	carbA	own	O1	2.7686	O1	2.7686	5.4371
26495	R	Behrens_3.55	+0.50	carbB	own	O6	2.9976	H2	2.7127	7.0064
26495	R	Behrens_3.55	+0.50	ether	migrated	O2	2.7743	O2	2.7743	5.7658
26495	R	Behrens_3.55	+0.50	hydroxyl	migrated	O6	2.9976	H2	2.7127	7.0064
26495	R	Behrens_3.55	+0.75	carbA	own	O1	2.6814	O1	2.6814	5.6472
26495	R	Behrens_3.55	+0.75	carbB	own	O6	2.9246	H2	2.6706	6.9386
26495	R	Behrens_3.55	+0.75	ether	migrated	O2	2.6800	O2	2.6800	5.6176
26495	R	Behrens_3.55	+0.75	hydroxyl	migrated	O6	2.7303	O6	2.7303	5.2450
26495	R	Behrens_3.55	+1.00	carbA	own	O1	2.6204	O1	2.6204	5.7127
26495	R	Behrens_3.55	+1.00	carbB	own	O6	2.8765	H2	2.6420	6.8875
26495	R	Behrens_3.55	+1.00	ether	migrated	O2	2.6143	O2	2.6143	5.5151
26495	R	Behrens_3.55	+1.00	hydroxyl	migrated	O6	2.6569	O6	2.6569	5.2626
26495	R	Behrens_3.55	-0.25	H1	escaped	O5	41415.3888	O5	41415.3888	41420.4216
26495	R	Behrens_3.55	-0.25	H2	escaped	O1	45266.9503	O1	45266.9503	45272.3716
26495	R	Behrens_3.55	-0.25	H3	escaped	H3	39639.6974	H3	39639.6974	39639.8418
26495	R	Behrens_3.55	-0.25	H4	escaped	H4	46955.0495	H4	46955.0495	46958.5389
26495	R	Behrens_3.55	-0.25	H5	escaped	O6	34846.0113	O6	34846.0113	34849.5726
26495	R	Behrens_3.55	-0.25	H6	escaped	H6	36650.2411	H6	36650.2411	36650.4979
26495	R	Behrens_3.55	-0.25	H7	escaped	O4	40159.6703	O4	40159.6703	40159.8139
26495	R	Behrens_3.55	-0.25	H8	escaped	H8	41855.8095	H8	41855.8095	41855.8095
26495	R	Behrens_3.55	-0.50	H1	escaped	O5	53014.8750	O5	53014.8750	53020.0993
26495	R	Behrens_3.55	-0.50	H2	escaped	O1	52720.7848	O1	52720.7848	52725.2346
26495	R	Behrens_3.55	-0.50	H3	escaped	H8	52088.9732	H8	52088.9732	52088.9732
26495	R	Behrens_3.55	-0.50	H4	escaped	O5	53286.7547	O5	53286.7547	53291.8252
26495	R	Behrens_3.55	-0.50	H5	escaped	O6	54509.7464	O6	54509.7464	54514.1890
26495	R	Behrens_3.55	-0.50	H6	escaped	H6	51545.7701	H6	51545.7701	51546.2169
26495	R	Behrens_3.55	-0.50	H7	escaped	O4	66022.8870	O4	66022.8870	66023.0380
26495	R	Behrens_3.55	-0.50	H8	escaped	H8	55943.0576	H8	55943.0576	55943.0576
26495	R	Behrens_3.55	-0.75	H1	escaped	O5	67314.7033	O5	67314.7033	67319.9801
26495	R	Behrens_3.55	-0.75	H2	escaped	O1	60441.6990	O1	60441.6990	60445.5417
26495	R	Behrens_3.55	-0.75	H3	escaped	H8	70375.4938	H8	70375.4938	70375.4938
26495	R	Behrens_3.55	-0.75	H4	escaped	O5	81238.5733	O5	81238.5733	81244.2041
26495	R	Behrens_3.55	-0.75	H5	escaped	O6	81001.9231	O6	81001.9231	81006.5780
26495	R	Behrens_3.55	-0.75	H6	escaped	O2	75540.1219	O2	75540.1219	75541.4556
26495	R	Behrens_3.55	-0.75	H7	escaped	O4	77940.3302	O4	77940.3302	77940.4788
26495	R	Behrens_3.55	-0.75	H8	escaped	H8	75008.0890	H8	75008.0890	75008.0890
26495	R	Behrens_3.55	-1.00	H1	escaped	O5	96392.0021	O5	96392.0021	96397.2977
26495	R	Behrens_3.55	-1.00	H2	escaped	O1	83579.0280	O1	83579.0280	83582.5269
26495	R	Behrens_3.55	-1.00	H3	escaped	H8	73594.0272	H8	73594.0272	73594.0272
26495	R	Behrens_3.55	-1.00	H4	escaped	O5	85622.1063	O5	85622.1063	85627.9559
26495	R	Behrens_3.55	-1.00	H5	escaped	O6	84307.8260	O6	84307.8260	84312.5519
26495	R	Behrens_3.55	-1.00	H6	escaped	O2	82568.7857	O2	82568.7857	82570.6555
26495	R	Behrens_3.55	-1.00	H7	escaped	O4	93424.0616	O4	93424.0616	93424.2165
26495	R	Behrens_3.55	-1.00	H8	escaped	H8	100441.7034	H8	100441.7034	100441.7034
26495	TS	N	+0.25	carbA	own	O1	2.8717	O1	2.8717	5.0624
26495	TS	N	+0.25	carbB	own	O6	3.0196	H2	2.8204	8.3025
26495	TS	N	+0.25	ether	migrated	O2	2.9025	O2	2.9025	6.4054
26495	TS	N	+0.25	hydroxyl	migrated	O6	2.9876	O6	2.9876	4.8777
26495	TS	N	+0.50	carbA	own	O1	2.7327	O1	2.7327	5.1533
26495	TS	N	+0.50	carbB	own	O6	2.9100	H2	2.8305	8.2542
26495	TS	N	+0.50	ether	migrated	O2	2.7411	O2	2.7411	6.1188
26495	TS	N	+0.50	hydroxyl	migrated	O6	2.8019	O6	2.8019	4.9563
26495	TS	N	+0.75	carbA	own	O1	2.6483	O1	2.6483	5.3738
26495	TS	N	+0.75	carbB	own	O6	2.8332	C10	2.8157	8.2666
26495	TS	N	+0.75	ether	migrated	O2	2.6482	O2	2.6482	5.9512
26495	TS	N	+0.75	hydroxyl	migrated	O6	2.6988	O6	2.6988	4.9915
26495	TS	N	+1.00	carbA	own	O1	2.5887	O1	2.5887	5.5232
26495	TS	N	+1.00	carbB	own	O5	2.6439	O5	2.6439	8.8279
26495	TS	N	+1.00	ether	migrated	O2	2.5834	O2	2.5834	5.8347
26495	TS	N	+1.00	hydroxyl	migrated	O6	2.6277	O6	2.6277	5.0134
26495	TS	N	-0.25	H1	escaped	O5	45422.7837	O5	45422.7837	45428.1452
26495	TS	N	-0.25	H2	escaped	O1	43764.7302	O1	43764.7302	43769.8394
26495	TS	N	-0.25	H3	escaped	H3	40868.3086	H3	40868.3086	40869.0296
26495	TS	N	-0.25	H4	escaped	H4	47074.0044	H4	47074.0044	47077.5871
26495	TS	N	-0.25	H5	escaped	O6	45116.9356	O6	45116.9356	45120.3484
26495	TS	N	-0.25	H6	escaped	H8	37043.8123	H8	37043.8123	37043.8123
26495	TS	N	-0.25	H7	escaped	H8	39100.7878	H8	39100.7878	39100.7878
26495	TS	N	-0.25	H8	escaped	H8	42053.2980	H8	42053.2980	42053.2980
26495	TS	N	-0.50	H1	escaped	O5	59531.7977	O5	59531.7977	59537.2465
26495	TS	N	-0.50	H2	escaped	O1	50521.1276	O1	50521.1276	50525.4607
26495	TS	N	-0.50	H3	escaped	H3	54076.1720	H3	54076.1720	54076.8963
26495	TS	N	-0.50	H4	escaped	O5	53213.9753	O5	53213.9753	53219.1844
26495	TS	N	-0.50	H5	escaped	O6	51438.3307	O6	51438.3307	51442.8138
26495	TS	N	-0.50	H6	escaped	H6	51758.2852	H6	51758.2852	51758.3404
26495	TS	N	-0.50	H7	escaped	H8	53607.6718	H8	53607.6718	53607.6718
26495	TS	N	-0.50	H8	escaped	H8	56592.1112	H8	56592.1112	56592.1112
26495	TS	N	-0.75	H1	escaped	O5	67920.4366	O5	67920.4366	67925.8333
26495	TS	N	-0.75	H2	escaped	O1	75332.2596	O1	75332.2596	75336.0718
26495	TS	N	-0.75	H3	escaped	H3	72930.6460	H3	72930.6460	72931.3183
26495	TS	N	-0.75	H4	escaped	O5	81088.6950	O5	81088.6950	81094.5394
26495	TS	N	-0.75	H5	escaped	O6	76493.1729	O6	76493.1729	76497.9348
26495	TS	N	-0.75	H6	escaped	O2	75402.9725	O2	75402.9725	75403.8578
26495	TS	N	-0.75	H7	escaped	H8	72533.7504	H8	72533.7504	72533.7504
26495	TS	N	-0.75	H8	escaped	H8	76452.4751	H8	76452.4751	76452.4751
26495	TS	N	-1.00	H1	escaped	O5	93133.7052	O5	93133.7052	93139.0528
26495	TS	N	-1.00	H2	escaped	O1	78543.4896	O1	78543.4896	78547.0004
26495	TS	N	-1.00	H3	escaped	H3	75787.8673	H3	75787.8673	75788.4576
26495	TS	N	-1.00	H4	escaped	O5	86458.0523	O5	86458.0523	86464.1419
26495	TS	N	-1.00	H5	escaped	O6	79856.0740	O6	79856.0740	79860.9211
26495	TS	N	-1.00	H6	escaped	O2	82920.1265	O2	82920.1265	82921.5570
26495	TS	N	-1.00	H7	escaped	H8	73357.6672	H8	73357.6672	73357.6672
26495	TS	N	-1.00	H8	escaped	H8	103007.8685	H8	103007.8685	103007.8685
26495	TS	N+5%	+0.25	carbA	own	O1	2.9473	O1	2.9473	5.1104
26495	TS	N+5%	+0.25	carbB	own	O6	3.0827	H2	2.8651	8.3641
26495	TS	N+5%	+0.25	ether	migrated	O2	2.9938	O2	2.9938	6.5619
26495	TS	N+5%	+0.25	hydroxyl	migrated	O6	3.0825	O6	3.0825	4.8640
26495	TS	N+5%	+0.50	carbA	own	O1	2.8055	O1	2.8055	5.1505
26495	TS	N+5%	+0.50	carbB	own	O6	2.9704	H2	2.8484	8.3008
26495	TS	N+5%	+0.50	ether	migrated	O2	2.8252	O2	2.8252	6.2679
26495	TS	N+5%	+0.50	hydroxyl	migrated	O6	2.8907	O6	2.8907	4.9429
26495	TS	N+5%	+0.75	carbA	own	O1	2.7205	O1	2.7205	5.2628
26495	TS	N+5%	+0.75	carbB	own	O6	2.8994	H2	2.8706	8.2769
26495	TS	N+5%	+0.75	ether	migrated	O2	2.7284	O2	2.7284	6.0948
26495	TS	N+5%	+0.75	hydroxyl	migrated	O6	2.7839	O6	2.7839	4.9779
26495	TS	N+5%	+1.00	carbA	own	O1	2.6594	O1	2.6594	5.4184
26495	TS	N+5%	+1.00	carbB	own	O6	2.8408	C10	2.8301	8.2897
26495	TS	N+5%	+1.00	ether	migrated	O1	2.6594	O1	2.6594	5.4184
26495	TS	N+5%	+1.00	hydroxyl	migrated	O6	2.7103	O6	2.7103	4.9994
26495	TS	N+5%	-0.25	H1	escaped	O5	43249.5929	O5	43249.5929	43254.9071
26495	TS	N+5%	-0.25	H2	escaped	O1	44088.8391	O1	44088.8391	44093.9794
26495	TS	N+5%	-0.25	H3	escaped	H3	40865.7268	H3	40865.7268	40866.4387
26495	TS	N+5%	-0.25	H4	escaped	H4	47164.0104	H4	47164.0104	47167.5288
26495	TS	N+5%	-0.25	H5	escaped	O6	45352.0411	O6	45352.0411	45355.3908
26495	TS	N+5%	-0.25	H6	escaped	H8	37147.0040	H8	37147.0040	37147.0040
26495	TS	N+5%	-0.25	H7	escaped	H8	45598.7662	H8	45598.7662	45598.7662
26495	TS	N+5%	-0.25	H8	escaped	H8	42038.8608	H8	42038.8608	42038.8608
26495	TS	N+5%	-0.50	H1	escaped	O5	56442.3468	O5	56442.3468	56447.7338
26495	TS	N+5%	-0.50	H2	escaped	O1	50824.2467	O1	50824.2467	50828.6080
26495	TS	N+5%	-0.50	H3	escaped	H3	54213.5762	H3	54213.5762	54214.2881
26495	TS	N+5%	-0.50	H4	escaped	O5	53179.6670	O5	53179.6670	53184.8266
26495	TS	N+5%	-0.50	H5	escaped	O6	51660.3476	O6	51660.3476	51664.7699
26495	TS	N+5%	-0.50	H6	escaped	H6	51656.7146	H6	51656.7146	51656.7218
26495	TS	N+5%	-0.50	H7	escaped	H8	57152.2501	H8	57152.2501	57152.2501
26495	TS	N+5%	-0.50	H8	escaped	H8	56543.1043	H8	56543.1043	56543.1043
26495	TS	N+5%	-0.75	H1	escaped	O5	68525.0170	O5	68525.0170	68530.3685
26495	TS	N+5%	-0.75	H2	escaped	O1	75429.5940	O1	75429.5940	75433.4291
26495	TS	N+5%	-0.75	H3	escaped	H3	72976.7006	H3	72976.7006	72977.3581
26495	TS	N+5%	-0.75	H4	escaped	O5	81083.5614	O5	81083.5614	81089.3783
26495	TS	N+5%	-0.75	H5	escaped	O6	76592.4990	O6	76592.4990	76597.2108
26495	TS	N+5%	-0.75	H6	escaped	O2	75216.2828	O2	75216.2828	75217.1157
26495	TS	N+5%	-0.75	H7	escaped	H8	60155.9461	H8	60155.9461	60155.9461
26495	TS	N+5%	-0.75	H8	escaped	H8	76380.8588	H8	76380.8588	76380.8588
26495	TS	N+5%	-1.00	H1	escaped	O5	93924.0240	O5	93924.0240	93929.3362
26495	TS	N+5%	-1.00	H2	escaped	O1	78611.0987	O1	78611.0987	78614.6302
26495	TS	N+5%	-1.00	H3	escaped	H3	75749.8153	H3	75749.8153	75750.3890
26495	TS	N+5%	-1.00	H4	escaped	O5	86464.4863	O5	86464.4863	86470.5562
26495	TS	N+5%	-1.00	H5	escaped	O6	79939.9776	O6	79939.9776	79944.7825
26495	TS	N+5%	-1.00	H6	escaped	O2	82847.4317	O2	82847.4317	82848.8263
26495	TS	N+5%	-1.00	H7	escaped	H8	80773.4855	H8	80773.4855	80773.4855
26495	TS	N+5%	-1.00	H8	escaped	H8	102912.3922	H8	102912.3922	102912.3922
26495	TS	N+10%	+0.25	carbA	own	O1	3.0230	O1	3.0230	5.1629
26495	TS	N+10%	+0.25	carbB	own	O6	3.1460	H2	2.9121	8.4235
26495	TS	N+10%	+0.25	ether	migrated	O2	3.0879	O2	3.0879	6.7246
26495	TS	N+10%	+0.25	hydroxyl	migrated	O6	3.1756	O6	3.1756	4.8554
26495	TS	N+10%	+0.50	carbA	own	O1	2.8781	O1	2.8781	5.1738
26495	TS	N+10%	+0.50	carbB	own	O6	3.0315	H2	2.8795	8.3548
26495	TS	N+10%	+0.50	ether	migrated	O2	2.9110	O2	2.9110	6.4205
26495	TS	N+10%	+0.50	hydroxyl	migrated	O6	2.9641	H2	2.6886	7.5593
26495	TS	N+10%	+0.75	carbA	own	O1	2.7918	O1	2.7918	5.2255
26495	TS	N+10%	+0.75	carbB	own	O6	2.9601	H2	2.8764	8.3160
26495	TS	N+10%	+0.75	ether	migrated	O2	2.8100	O2	2.8100	6.2414
26495	TS	N+10%	+0.75	hydroxyl	migrated	O6	2.8693	O6	2.8693	4.9663
26495	TS	N+10%	+1.00	carbA	own	O1	2.7300	O1	2.7300	5.3185
26495	TS	N+10%	+1.00	carbB	own	O6	2.9069	H2	2.8950	8.2987
26495	TS	N+10%	+1.00	ether	migrated	O2	2.7399	O2	2.7399	6.1157
26495	TS	N+10%	+1.00	hydroxyl	migrated	O6	2.7933	O6	2.7933	4.9872
26495	TS	N+10%	-0.25	H1	escaped	O5	41942.3392	O5	41942.3392	41947.5516
26495	TS	N+10%	-0.25	H2	escaped	O1	44532.1382	O1	44532.1382	44537.3204
26495	TS	N+10%	-0.25	H3	escaped	H3	40906.4584	H3	40906.4584	40907.1532
26495	TS	N+10%	-0.25	H4	escaped	H4	47196.7112	H4	47196.7112	47200.1229
26495	TS	N+10%	-0.25	H5	escaped	O6	45638.1408	O6	45638.1408	45641.3873
26495	TS	N+10%	-0.25	H6	escaped	H8	37226.2009	H8	37226.2009	37226.2009
26495	TS	N+10%	-0.25	H7	escaped	H8	45318.3026	H8	45318.3026	45318.3026
26495	TS	N+10%	-0.25	H8	escaped	H8	42039.0408	H8	42039.0408	42039.0408
26495	TS	N+10%	-0.50	H1	escaped	O5	53182.7854	O5	53182.7854	53188.0878
26495	TS	N+10%	-0.50	H2	escaped	O1	51279.3826	O1	51279.3826	51283.7802
26495	TS	N+10%	-0.50	H3	escaped	H3	54350.1604	H3	54350.1604	54350.8465
26495	TS	N+10%	-0.50	H4	escaped	O5	53051.4988	O5	53051.4988	53056.5779
26495	TS	N+10%	-0.50	H5	escaped	O6	51970.3630	O6	51970.3630	51974.6876
26495	TS	N+10%	-0.50	H6	escaped	H8	51431.2650	H8	51431.2650	51431.2650
26495	TS	N+10%	-0.50	H7	escaped	H8	61770.3268	H8	61770.3268	61770.3268
26495	TS	N+10%	-0.50	H8	escaped	H8	56509.3058	H8	56509.3058	56509.3058
26495	TS	N+10%	-0.75	H1	escaped	O5	66041.2471	O5	66041.2471	66046.5356
26495	TS	N+10%	-0.75	H2	escaped	O1	75627.8645	O1	75627.8645	75631.7299
26495	TS	N+10%	-0.75	H3	escaped	H3	72977.9731	H3	72977.9731	72978.5991
26495	TS	N+10%	-0.75	H4	escaped	O5	80975.1162	O5	80975.1162	80980.8899
26495	TS	N+10%	-0.75	H5	escaped	O6	76784.2471	O6	76784.2471	76788.8792
26495	TS	N+10%	-0.75	H6	escaped	O2	74846.2304	O2	74846.2304	74846.9730
26495	TS	N+10%	-0.75	H7	escaped	H8	66961.9293	H8	66961.9293	66961.9293
26495	TS	N+10%	-0.75	H8	escaped	H8	76330.8344	H8	76330.8344	76330.8344
26495	TS	N+10%	-1.00	H1	escaped	O5	95148.6601	O5	95148.6601	95153.9226
26495	TS	N+10%	-1.00	H2	escaped	O1	78755.8901	O1	78755.8901	78759.4494
26495	TS	N+10%	-1.00	H3	escaped	H3	75633.4712	H3	75633.4712	75634.0092
26495	TS	N+10%	-1.00	H4	escaped	O5	86503.2800	O5	86503.2800	86509.3191
26495	TS	N+10%	-1.00	H5	escaped	O6	80101.7793	O6	80101.7793	80106.5178
26495	TS	N+10%	-1.00	H6	escaped	O2	82560.6715	O2	82560.6715	82562.0063
26495	TS	N+10%	-1.00	H7	escaped	H8	88388.8188	H8	88388.8188	88388.8188
26495	TS	N+10%	-1.00	H8	escaped	H8	102845.9812	H8	102845.9812	102845.9812
26495	TS	OPLS_sp3C	+0.25	carbA	own	O1	2.8906	O1	2.8906	5.1462
26495	TS	OPLS_sp3C	+0.25	carbB	own	O6	3.0404	H2	2.8695	8.3510
26495	TS	OPLS_sp3C	+0.25	ether	migrated	O2	2.9257	O2	2.9257	6.4453
26495	TS	OPLS_sp3C	+0.25	hydroxyl	migrated	O6	2.9989	O6	2.9989	4.9149
26495	TS	OPLS_sp3C	+0.50	carbA	own	O1	2.7446	O1	2.7446	5.2583
26495	TS	OPLS_sp3C	+0.50	carbB	own	O6	2.9199	H2	2.8754	8.2925
26495	TS	OPLS_sp3C	+0.50	ether	migrated	O2	2.7559	O2	2.7559	6.1441
26495	TS	OPLS_sp3C	+0.50	hydroxyl	migrated	O6	2.8121	O6	2.8121	4.9766
26495	TS	OPLS_sp3C	+0.75	carbA	own	O1	2.6578	O1	2.6578	5.4533
26495	TS	OPLS_sp3C	+0.75	carbB	own	O6	2.8366	C10	2.8306	8.3063
26495	TS	OPLS_sp3C	+0.75	ether	migrated	O1	2.6578	O1	2.6578	5.4533
26495	TS	OPLS_sp3C	+0.75	hydroxyl	migrated	O6	2.7316	H2	2.5582	7.4404
26495	TS	OPLS_sp3C	+1.00	carbA	own	O1	2.5970	O1	2.5970	5.5613
26495	TS	OPLS_sp3C	+1.00	carbB	own	O5	2.6554	O5	2.6554	8.8258
26495	TS	OPLS_sp3C	+1.00	ether	migrated	O2	2.5929	O2	2.5929	5.8523
26495	TS	OPLS_sp3C	+1.00	hydroxyl	migrated	O6	2.6355	O6	2.6355	5.0233
26495	TS	OPLS_sp3C	-0.25	H1	escaped	O5	44244.4408	O5	44244.4408	44249.7732
26495	TS	OPLS_sp3C	-0.25	H2	escaped	O1	43768.5351	O1	43768.5351	43773.6512
26495	TS	OPLS_sp3C	-0.25	H3	escaped	H3	40868.3036	H3	40868.3036	40869.0016
26495	TS	OPLS_sp3C	-0.25	H4	escaped	H4	46674.1529	H4	46674.1529	46677.7080
26495	TS	OPLS_sp3C	-0.25	H5	escaped	O6	44989.8275	O6	44989.8275	44993.2183
26495	TS	OPLS_sp3C	-0.25	H6	escaped	H8	36698.6800	H8	36698.6800	36698.6800
26495	TS	OPLS_sp3C	-0.25	H7	escaped	H8	37932.8570	H8	37932.8570	37932.8570
26495	TS	OPLS_sp3C	-0.25	H8	escaped	H8	42175.6073	H8	42175.6073	42175.6073
26495	TS	OPLS_sp3C	-0.50	H1	escaped	O5	57693.1728	O5	57693.1728	57698.5701
26495	TS	OPLS_sp3C	-0.50	H2	escaped	O1	50819.3753	O1	50819.3753	50823.7015
26495	TS	OPLS_sp3C	-0.50	H3	escaped	H3	53760.8035	H3	53760.8035	53761.4737
26495	TS	OPLS_sp3C	-0.50	H4	escaped	O5	52962.3562	O5	52962.3562	52967.5483
26495	TS	OPLS_sp3C	-0.50	H5	escaped	O6	51609.4513	O6	51609.4513	51613.8731
26495	TS	OPLS_sp3C	-0.50	H6	escaped	H8	51352.9166	H8	51352.9166	51352.9166
26495	TS	OPLS_sp3C	-0.50	H7	escaped	H8	53694.7136	H8	53694.7136	53694.7136
26495	TS	OPLS_sp3C	-0.50	H8	escaped	H8	56808.3794	H8	56808.3794	56808.3794
26495	TS	OPLS_sp3C	-0.75	H1	escaped	O5	68426.0301	O5	68426.0301	68431.3853
26495	TS	OPLS_sp3C	-0.75	H2	escaped	O1	75825.2826	O1	75825.2826	75829.0946
26495	TS	OPLS_sp3C	-0.75	H3	escaped	H3	72547.6654	H3	72547.6654	72548.2668
26495	TS	OPLS_sp3C	-0.75	H4	escaped	O5	80812.4804	O5	80812.4804	80818.3139
26495	TS	OPLS_sp3C	-0.75	H5	escaped	O6	76949.6716	O6	76949.6716	76954.3723
26495	TS	OPLS_sp3C	-0.75	H6	escaped	O2	74944.4129	O2	74944.4129	74945.2384
26495	TS	OPLS_sp3C	-0.75	H7	escaped	H8	72281.1373	H8	72281.1373	72281.1373
26495	TS	OPLS_sp3C	-0.75	H8	escaped	H8	76767.0059	H8	76767.0059	76767.0059
26495	TS	OPLS_sp3C	-1.00	H1	escaped	O5	93781.3685	O5	93781.3685	93786.6816
26495	TS	OPLS_sp3C	-1.00	H2	escaped	O1	78931.9785	O1	78931.9785	78935.4932
26495	TS	OPLS_sp3C	-1.00	H3	escaped	H3	75395.7270	H3	75395.7270	75396.2360
26495	TS	OPLS_sp3C	-1.00	H4	escaped	O5	86739.1262	O5	86739.1262	86745.2039
26495	TS	OPLS_sp3C	-1.00	H5	escaped	O6	80231.5253	O6	80231.5253	80236.3184
26495	TS	OPLS_sp3C	-1.00	H6	escaped	O2	82659.6497	O2	82659.6497	82661.0381
26495	TS	OPLS_sp3C	-1.00	H7	escaped	H8	73197.3575	H8	73197.3575	73197.3575
26495	TS	OPLS_sp3C	-1.00	H8	escaped	H8	103429.9255	H8	103429.9255	103429.9255
26495	TS	Behrens_3.55	+0.25	carbA	own	O1	2.9132	O1	2.9132	5.1583
26495	TS	Behrens_3.55	+0.25	carbB	own	O6	3.0595	H2	2.8816	8.3689
26495	TS	Behrens_3.55	+0.25	ether	migrated	O2	2.9530	O2	2.9530	6.4935
26495	TS	Behrens_3.55	+0.25	hydroxyl	migrated	O6	3.0267	O6	3.0267	4.9119
26495	TS	Behrens_3.55	+0.50	carbA	own	O1	2.7664	O1	2.7664	5.2460
26495	TS	Behrens_3.55	+0.50	carbB	own	O6	2.9386	H2	2.8769	8.3044
26495	TS	Behrens_3.55	+0.50	ether	migrated	O2	2.7809	O2	2.7809	6.1891
26495	TS	Behrens_3.55	+0.50	hydroxyl	migrated	O6	2.8382	O6	2.8382	4.9731
26495	TS	Behrens_3.55	+0.75	carbA	own	O1	2.6792	O1	2.6792	5.4217
26495	TS	Behrens_3.55	+0.75	carbB	own	O6	2.8591	C10	2.8519	8.2996
26495	TS	Behrens_3.55	+0.75	ether	migrated	O2	2.6834	O2	2.6834	6.0143
26495	TS	Behrens_3.55	+0.75	hydroxyl	migrated	O6	2.7533	H2	2.5727	7.4580
26495	TS	Behrens_3.55	+1.00	carbA	own	O1	2.6179	O1	2.6179	5.5397
26495	TS	Behrens_3.55	+1.00	carbB	own	O5	2.6895	O5	2.6895	8.7699
26495	TS	Behrens_3.55	+1.00	ether	migrated	O2	2.6159	O2	2.6159	5.8936
26495	TS	Behrens_3.55	+1.00	hydroxyl	migrated	O6	2.6599	O6	2.6599	5.0193
26495	TS	Behrens_3.55	-0.25	H1	escaped	O5	43701.3562	O5	43701.3562	43706.6741
26495	TS	Behrens_3.55	-0.25	H2	escaped	O1	43850.7685	O1	43850.7685	43855.8935
26495	TS	Behrens_3.55	-0.25	H3	escaped	H3	40927.4552	H3	40927.4552	40928.1495
26495	TS	Behrens_3.55	-0.25	H4	escaped	H4	46676.5321	H4	46676.5321	46680.0663
26495	TS	Behrens_3.55	-0.25	H5	escaped	O6	45042.4300	O6	45042.4300	45045.8000
26495	TS	Behrens_3.55	-0.25	H6	escaped	H8	36711.3448	H8	36711.3448	36711.3448
26495	TS	Behrens_3.55	-0.25	H7	escaped	H8	39622.3011	H8	39622.3011	39622.3011
26495	TS	Behrens_3.55	-0.25	H8	escaped	H8	42172.9109	H8	42172.9109	42172.9109
26495	TS	Behrens_3.55	-0.50	H1	escaped	O5	56874.2923	O5	56874.2923	56879.6716
26495	TS	Behrens_3.55	-0.50	H2	escaped	O1	50908.0091	O1	50908.0091	50912.3429
26495	TS	Behrens_3.55	-0.50	H3	escaped	H3	53784.4867	H3	53784.4867	53785.1512
26495	TS	Behrens_3.55	-0.50	H4	escaped	O5	52936.6919	O5	52936.6919	52941.8684
26495	TS	Behrens_3.55	-0.50	H5	escaped	O6	51670.5917	O6	51670.5917	51674.9938
26495	TS	Behrens_3.55	-0.50	H6	escaped	H8	51306.5453	H8	51306.5453	51306.5453
26495	TS	Behrens_3.55	-0.50	H7	escaped	H8	54477.2518	H8	54477.2518	54477.2518
26495	TS	Behrens_3.55	-0.50	H8	escaped	H8	56801.5280	H8	56801.5280	56801.5280
26495	TS	Behrens_3.55	-0.75	H1	escaped	O5	68605.3031	O5	68605.3031	68610.6452
26495	TS	Behrens_3.55	-0.75	H2	escaped	O1	75867.2358	O1	75867.2358	75871.0541
26495	TS	Behrens_3.55	-0.75	H3	escaped	H3	72545.1037	H3	72545.1037	72545.6982
26495	TS	Behrens_3.55	-0.75	H4	escaped	O5	80791.7339	O5	80791.7339	80797.5588
26495	TS	Behrens_3.55	-0.75	H5	escaped	O6	76990.3395	O6	76990.3395	76995.0241
26495	TS	Behrens_3.55	-0.75	H6	escaped	O2	74870.4852	O2	74870.4852	74871.2923
26495	TS	Behrens_3.55	-0.75	H7	escaped	H8	74740.9509	H8	74740.9509	74740.9509
26495	TS	Behrens_3.55	-0.75	H8	escaped	H8	76757.5502	H8	76757.5502	76757.5502
26495	TS	Behrens_3.55	-1.00	H1	escaped	O5	94016.7677	O5	94016.7677	94022.0705
26495	TS	Behrens_3.55	-1.00	H2	escaped	O1	78962.9459	O1	78962.9459	78966.4662
26495	TS	Behrens_3.55	-1.00	H3	escaped	H3	75369.8845	H3	75369.8845	75370.3857
26495	TS	Behrens_3.55	-1.00	H4	escaped	O5	86748.5846	O5	86748.5846	86754.6562
26495	TS	Behrens_3.55	-1.00	H5	escaped	O6	80265.9249	O6	80265.9249	80270.7046
26495	TS	Behrens_3.55	-1.00	H6	escaped	O2	82594.4341	O2	82594.4341	82595.8105
26495	TS	Behrens_3.55	-1.00	H7	escaped	H8	72500.4611	H8	72500.4611	72500.4611
26495	TS	Behrens_3.55	-1.00	H8	escaped	H8	103417.7006	H8	103417.7006	103417.7006
33320	R	N	+0.25	carbA	own	O1	2.8714	H6	2.8205	5.6411
33320	R	N	+0.25	carbB	migrated	O1	3.1732	H2	2.7036	6.9370
33320	R	N	+0.25	ether	migrated	O2	2.8917	O2	2.8917	5.5750
33320	R	N	+0.25	hydroxyl	own	O4	3.2031	C6	3.0709	4.0970
33320	R	N	+0.50	carbA	own	O1	2.7487	O1	2.7487	5.5435
33320	R	N	+0.50	carbB	migrated	O1	2.9391	H2	2.6127	6.7329
33320	R	N	+0.50	ether	migrated	O1	2.7487	O1	2.7487	5.5435
33320	R	N	+0.50	hydroxyl	migrated	O1	2.9391	H2	2.6127	6.7329
33320	R	N	+0.75	carbA	own	O1	2.6747	O1	2.6747	5.5011
33320	R	N	+0.75	carbB	migrated	O1	2.8154	H2	2.5634	6.6154
33320	R	N	+0.75	ether	migrated	O2	2.6474	O2	2.6474	5.2161
33320	R	N	+0.75	hydroxyl	migrated	O1	2.8154	H2	2.5634	6.6154
33320	R	N	+1.00	carbA	own	O1	2.6214	O1	2.6214	5.4867
33320	R	N	+1.00	carbB	migrated	O1	2.7359	H2	2.5293	6.5336
33320	R	N	+1.00	ether	migrated	O2	2.5840	O2	2.5840	5.1240
33320	R	N	+1.00	hydroxyl	migrated	O1	2.7359	H2	2.5293	6.5336
33320	R	N	-0.25	H1	escaped	O5	35957.2781	O5	35957.2781	35961.6688
33320	R	N	-0.25	H2	escaped	O1	45186.4915	O1	45186.4915	45192.4777
33320	R	N	-0.25	H3	escaped	H8	40713.1989	H8	40713.1989	40713.1989
33320	R	N	-0.25	H4	escaped	O5	46860.2757	O5	46860.2757	46863.3969
33320	R	N	-0.25	H5	escaped	O6	46026.6358	O6	46026.6358	46030.5855
33320	R	N	-0.25	H6	escaped	H6	37288.3020	H6	37288.3020	37288.7918
33320	R	N	-0.25	H7	escaped	H8	45623.1341	H8	45623.1341	45623.1341
33320	R	N	-0.25	H8	escaped	H8	40582.5297	H8	40582.5297	40582.5297
33320	R	N	-0.50	H1	escaped	O5	57821.1634	O5	57821.1634	57826.1549
33320	R	N	-0.50	H2	escaped	O1	69726.3119	O1	69726.3119	69731.3264
33320	R	N	-0.50	H3	escaped	H8	52744.8242	H8	52744.8242	52744.8242
33320	R	N	-0.50	H4	escaped	O5	53581.1496	O5	53581.1496	53585.8784
33320	R	N	-0.50	H5	escaped	O6	54034.7125	O6	54034.7125	54039.6012
33320	R	N	-0.50	H6	escaped	H6	51264.7254	H6	51264.7254	51265.1253
33320	R	N	-0.50	H7	escaped	H8	64645.8903	H8	64645.8903	64645.8903
33320	R	N	-0.50	H8	escaped	H8	56286.1676	H8	56286.1676	56286.1676
33320	R	N	-0.75	H1	escaped	O5	63692.5100	O5	63692.5100	63697.6206
33320	R	N	-0.75	H2	escaped	O1	80007.5397	O1	80007.5397	80011.9291
33320	R	N	-0.75	H3	escaped	H8	69631.7334	H8	69631.7334	69631.7334
33320	R	N	-0.75	H4	escaped	O5	62021.3962	O5	62021.3962	62026.6247
33320	R	N	-0.75	H5	escaped	O6	60649.4139	O6	60649.4139	60654.5009
33320	R	N	-0.75	H6	escaped	O2	73709.9763	O2	73709.9763	73710.8378
33320	R	N	-0.75	H7	escaped	H8	73129.2420	H8	73129.2420	73129.2420
33320	R	N	-0.75	H8	escaped	H8	75086.2136	H8	75086.2136	75086.2136
33320	R	N	-1.00	H1	escaped	O5	88222.8800	O5	88222.8800	88228.0249
33320	R	N	-1.00	H2	escaped	O1	83588.1725	O1	83588.1725	83592.2058
33320	R	N	-1.00	H3	escaped	H8	70063.0474	H8	70063.0474	70063.0474
33320	R	N	-1.00	H4	escaped	O5	86402.8363	O5	86402.8363	86408.2613
33320	R	N	-1.00	H5	escaped	O6	83756.1195	O6	83756.1195	83761.2591
33320	R	N	-1.00	H6	escaped	O2	80645.3467	O2	80645.3467	80646.6602
33320	R	N	-1.00	H7	escaped	H8	84721.6863	H8	84721.6863	84721.6863
33320	R	N	-1.00	H8	escaped	H8	100162.7901	H8	100162.7901	100162.7901
33320	R	N+5%	+0.25	carbA	own	O1	3.2680	H2	2.7702	7.0510
33320	R	N+5%	+0.25	carbB	migrated	O1	3.2680	H2	2.7702	7.0510
33320	R	N+5%	+0.25	ether	migrated	O2	2.9784	O2	2.9784	5.7090
33320	R	N+5%	+0.25	hydroxyl	migrated	O1	3.2680	H2	2.7702	7.0510
33320	R	N+5%	+0.50	carbA	own	O1	2.8148	O1	2.8148	5.6114
33320	R	N+5%	+0.50	carbB	migrated	O1	3.0691	H2	2.6676	6.8555
33320	R	N+5%	+0.50	ether	migrated	O1	2.8148	O1	2.8148	5.6114
33320	R	N+5%	+0.50	hydroxyl	migrated	O6	2.8814	O6	2.8814	5.6394
33320	R	N+5%	+0.75	carbA	own	O1	2.7392	O1	2.7392	5.5557
33320	R	N+5%	+0.75	carbB	migrated	O1	2.9247	H2	2.6127	6.7277
33320	R	N+5%	+0.75	ether	migrated	O1	2.7392	O1	2.7392	5.5557
33320	R	N+5%	+0.75	hydroxyl	migrated	O1	2.9247	H2	2.6127	6.7277
33320	R	N+5%	+1.00	carbA	own	O1	2.6850	O1	2.6850	5.5249
33320	R	N+5%	+1.00	carbB	migrated	O1	2.8341	H2	2.5757	6.6405
33320	R	N+5%	+1.00	ether	migrated	O2	2.6603	O2	2.6603	5.2409
33320	R	N+5%	+1.00	hydroxyl	migrated	O1	2.8341	H2	2.5757	6.6405
33320	R	N+5%	-0.25	H1	escaped	O5	34918.7038	O5	34918.7038	34923.0232
33320	R	N+5%	-0.25	H2	escaped	O1	45378.9020	O1	45378.9020	45384.8869
33320	R	N+5%	-0.25	H3	escaped	H8	40870.7911	H8	40870.7911	40870.7911
33320	R	N+5%	-0.25	H4	escaped	H4	47026.0084	H4	47026.0084	47029.0693
33320	R	N+5%	-0.25	H5	escaped	O6	46289.8006	O6	46289.8006	46293.6856
33320	R	N+5%	-0.25	H6	escaped	H6	37417.5066	H6	37417.5066	37417.9608
33320	R	N+5%	-0.25	H7	escaped	H8	42861.6809	H8	42861.6809	42861.6809
33320	R	N+5%	-0.25	H8	escaped	H8	41072.0752	H8	41072.0752	41072.0752
33320	R	N+5%	-0.50	H1	escaped	O5	59127.9803	O5	59127.9803	59132.8723
33320	R	N+5%	-0.50	H2	escaped	O1	69978.0705	O1	69978.0705	69983.0796
33320	R	N+5%	-0.50	H3	escaped	H8	52915.1865	H8	52915.1865	52915.1865
33320	R	N+5%	-0.50	H4	escaped	O5	53680.3264	O5	53680.3264	53685.0041
33320	R	N+5%	-0.50	H5	escaped	O6	54340.1219	O6	54340.1219	54344.9532
33320	R	N+5%	-0.50	H6	escaped	H6	51209.9289	H6	51209.9289	51210.2801
33320	R	N+5%	-0.50	H7	escaped	H8	55687.4111	H8	55687.4111	55687.4111
33320	R	N+5%	-0.50	H8	escaped	H8	56248.4928	H8	56248.4928	56248.4928
33320	R	N+5%	-0.75	H1	escaped	O5	64305.8660	O5	64305.8660	64310.9010
33320	R	N+5%	-0.75	H2	escaped	O1	80106.8950	O1	80106.8950	80111.2778
33320	R	N+5%	-0.75	H3	escaped	H8	69770.1932	H8	69770.1932	69770.1932
33320	R	N+5%	-0.75	H4	escaped	O5	62190.3786	O5	62190.3786	62195.5707
33320	R	N+5%	-0.75	H5	escaped	O6	60761.2222	O6	60761.2222	60766.2636
33320	R	N+5%	-0.75	H6	escaped	O2	73561.3956	O2	73561.3956	73562.1832
33320	R	N+5%	-0.75	H7	escaped	H8	75781.7326	H8	75781.7326	75781.7326
33320	R	N+5%	-0.75	H8	escaped	H8	75027.2071	H8	75027.2071	75027.2071
33320	R	N+5%	-1.00	H1	escaped	O5	89011.6798	O5	89011.6798	89016.7647
33320	R	N+5%	-1.00	H2	escaped	O1	83675.2764	O1	83675.2764	83679.3048
33320	R	N+5%	-1.00	H3	escaped	H8	70162.5804	H8	70162.5804	70162.5804
33320	R	N+5%	-1.00	H4	escaped	O5	86452.7365	O5	86452.7365	86458.1331
33320	R	N+5%	-1.00	H5	escaped	O6	83888.8662	O6	83888.8662	83893.9681
33320	R	N+5%	-1.00	H6	escaped	O2	80512.5591	O2	80512.5591	80513.8140
33320	R	N+5%	-1.00	H7	escaped	H8	95275.5648	H8	95275.5648	95275.5648
33320	R	N+5%	-1.00	H8	escaped	H8	100081.7063	H8	100081.7063	100081.7063
33320	R	N+10%	+0.25	carbA	own	O1	3.3386	H2	2.8385	7.1549
33320	R	N+10%	+0.25	carbB	migrated	O1	3.3386	H2	2.8385	7.1549
33320	R	N+10%	+0.25	ether	migrated	O2	3.0660	O2	3.0660	5.8458
33320	R	N+10%	+0.25	hydroxyl	migrated	O1	3.3386	H2	2.8385	7.1549
33320	R	N+10%	+0.50	carbA	own	O1	2.8804	O1	2.8804	5.6873
33320	R	N+10%	+0.50	carbB	migrated	O1	3.1976	H2	2.7289	6.9789
33320	R	N+10%	+0.50	ether	migrated	O2	2.9014	O2	2.9014	5.6056
33320	R	N+10%	+0.50	hydroxyl	migrated	O6	2.9750	O6	2.9750	5.6233
33320	R	N+10%	+0.75	carbA	own	O1	2.8037	O1	2.8037	5.6187
33320	R	N+10%	+0.75	carbB	migrated	O1	3.0493	H2	2.6656	6.8460
33320	R	N+10%	+0.75	ether	migrated	O1	2.8037	O1	2.8037	5.6187
33320	R	N+10%	+0.75	hydroxyl	migrated	O1	3.0493	H2	2.6656	6.8460
33320	R	N+10%	+1.00	carbA	own	O1	2.7484	O1	2.7484	5.5777
33320	R	N+10%	+1.00	carbB	migrated	O1	2.9435	H2	2.6247	6.7514
33320	R	N+10%	+1.00	ether	migrated	O2	2.7373	O2	2.7373	5.3612
33320	R	N+10%	+1.00	hydroxyl	migrated	O1	2.9435	H2	2.6247	6.7514
33320	R	N+10%	-0.25	H1	escaped	O5	32568.6277	O5	32568.6277	32572.7801
33320	R	N+10%	-0.25	H2	escaped	O1	45630.2124	O1	45630.2124	45636.1896
33320	R	N+10%	-0.25	H3	escaped	H8	40907.0551	H8	40907.0551	40907.0551
33320	R	N+10%	-0.25	H4	escaped	H4	47173.0792	H4	47173.0792	47176.0477
33320	R	N+10%	-0.25	H5	escaped	O6	46610.8022	O6	46610.8022	46614.5795
33320	R	N+10%	-0.25	H6	escaped	H6	37540.5550	H6	37540.5550	37540.9492
33320	R	N+10%	-0.25	H7	escaped	H8	42329.7527	H8	42329.7527	42329.7527
33320	R	N+10%	-0.25	H8	escaped	H8	41579.9377	H8	41579.9377	41579.9377
33320	R	N+10%	-0.50	H1	escaped	O5	57579.6036	O5	57579.6036	57584.3488
33320	R	N+10%	-0.50	H2	escaped	O1	70335.7053	O1	70335.7053	70340.7023
33320	R	N+10%	-0.50	H3	escaped	H8	53112.5543	H8	53112.5543	53112.5543
33320	R	N+10%	-0.50	H4	escaped	O5	53762.7141	O5	53762.7141	53767.3107
33320	R	N+10%	-0.50	H5	escaped	O6	54752.1461	O6	54752.1461	54756.8860
33320	R	N+10%	-0.50	H6	escaped	H6	51072.3314	H6	51072.3314	51072.5986
33320	R	N+10%	-0.50	H7	escaped	H8	63041.1208	H8	63041.1208	63041.1208
33320	R	N+10%	-0.50	H8	escaped	H8	56222.4871	H8	56222.4871	56222.4871
33320	R	N+10%	-0.75	H1	escaped	O5	65203.9247	O5	65203.9247	65208.8454
33320	R	N+10%	-0.75	H2	escaped	O1	80293.4478	O1	80293.4478	80297.8188
33320	R	N+10%	-0.75	H3	escaped	H8	69943.3276	H8	69943.3276	69943.3276
33320	R	N+10%	-0.75	H4	escaped	O5	62331.3330	O5	62331.3330	62336.4690
33320	R	N+10%	-0.75	H5	escaped	O6	60955.9092	O6	60955.9092	60960.8787
33320	R	N+10%	-0.75	H6	escaped	O2	73270.4710	O2	73270.4710	73271.1313
33320	R	N+10%	-0.75	H7	escaped	H8	75452.7226	H8	75452.7226	75452.7226
33320	R	N+10%	-0.75	H8	escaped	H8	74985.9341	H8	74985.9341	74985.9341
33320	R	N+10%	-1.00	H1	escaped	O5	90184.6409	O5	90184.6409	90189.6363
33320	R	N+10%	-1.00	H2	escaped	O1	83837.8069	O1	83837.8069	83841.8267
33320	R	N+10%	-1.00	H3	escaped	H8	70314.9969	H8	70314.9969	70314.9969
33320	R	N+10%	-1.00	H4	escaped	O5	86561.9715	O5	86561.9715	86567.3242
33320	R	N+10%	-1.00	H5	escaped	O6	84121.1088	O6	84121.1088	84126.1522
33320	R	N+10%	-1.00	H6	escaped	O2	80253.0965	O2	80253.0965	80254.2507
33320	R	N+10%	-1.00	H7	escaped	O4	82439.0025	O4	82439.0025	82439.0074
33320	R	N+10%	-1.00	H8	escaped	H8	100025.4861	H8	100025.4861	100025.4861
33320	R	OPLS_sp3C	+0.25	carbA	own	O1	2.8906	H6	2.8764	5.6903
33320	R	OPLS_sp3C	+0.25	carbB	migrated	O1	3.2115	H2	2.7342	6.9897
33320	R	OPLS_sp3C	+0.25	ether	migrated	O2	2.9150	O2	2.9150	5.6214
33320	R	OPLS_sp3C	+0.25	hydroxyl	migrated	O6	2.9939	O6	2.9939	5.6028
33320	R	OPLS_sp3C	+0.50	carbA	own	O1	2.7611	O1	2.7611	5.5794
33320	R	OPLS_sp3C	+0.50	carbB	migrated	O1	2.9656	H2	2.6313	6.7688
33320	R	OPLS_sp3C	+0.50	ether	migrated	O1	2.7611	O1	2.7611	5.5794
33320	R	OPLS_sp3C	+0.50	hydroxyl	migrated	O1	2.9656	H2	2.6313	6.7688
33320	R	OPLS_sp3C	+0.75	carbA	own	O1	2.6837	O1	2.6837	5.5335
33320	R	OPLS_sp3C	+0.75	carbB	migrated	O1	2.8333	H2	2.5774	6.6426
33320	R	OPLS_sp3C	+0.75	ether	migrated	O2	2.6591	O2	2.6591	5.2424
33320	R	OPLS_sp3C	+0.75	hydroxyl	migrated	O1	2.8333	H2	2.5774	6.6426
33320	R	OPLS_sp3C	+1.00	carbA	own	O1	2.6284	O1	2.6284	5.5185
33320	R	OPLS_sp3C	+1.00	carbB	migrated	O1	2.7498	H2	2.5408	6.5559
33320	R	OPLS_sp3C	+1.00	ether	migrated	O2	2.5938	O2	2.5938	5.1466
33320	R	OPLS_sp3C	+1.00	hydroxyl	migrated	O1	2.7498	H2	2.5408	6.5559
33320	R	OPLS_sp3C	-0.25	H1	escaped	O5	35458.2229	O5	35458.2229	35462.6030
33320	R	OPLS_sp3C	-0.25	H2	escaped	O1	45138.9198	O1	45138.9198	45144.8833
33320	R	OPLS_sp3C	-0.25	H3	escaped	H8	40268.8786	H8	40268.8786	40268.8786
33320	R	OPLS_sp3C	-0.25	H4	escaped	O5	46539.3340	O5	46539.3340	46542.4373
33320	R	OPLS_sp3C	-0.25	H5	escaped	O6	45930.8655	O6	45930.8655	45934.7882
33320	R	OPLS_sp3C	-0.25	H6	escaped	H6	36971.4745	H6	36971.4745	36971.9102
33320	R	OPLS_sp3C	-0.25	H7	escaped	H8	42727.3951	H8	42727.3951	42727.3951
33320	R	OPLS_sp3C	-0.25	H8	escaped	H8	42439.3433	H8	42439.3433	42439.3433
33320	R	OPLS_sp3C	-0.50	H1	escaped	O5	57963.7913	O5	57963.7913	57968.7224
33320	R	OPLS_sp3C	-0.50	H2	escaped	O1	69921.8656	O1	69921.8656	69926.8477
33320	R	OPLS_sp3C	-0.50	H3	escaped	H8	52533.5545	H8	52533.5545	52533.5545
33320	R	OPLS_sp3C	-0.50	H4	escaped	O5	53465.5703	O5	53465.5703	53470.2754
33320	R	OPLS_sp3C	-0.50	H5	escaped	O6	54179.8540	O6	54179.8540	54184.6863
33320	R	OPLS_sp3C	-0.50	H6	escaped	H6	50926.1068	H6	50926.1068	50926.4162
33320	R	OPLS_sp3C	-0.50	H7	escaped	H8	63556.9302	H8	63556.9302	63556.9302
33320	R	OPLS_sp3C	-0.50	H8	escaped	H8	56459.8857	H8	56459.8857	56459.8857
33320	R	OPLS_sp3C	-0.75	H1	escaped	O5	64411.5997	O5	64411.5997	64416.6585
33320	R	OPLS_sp3C	-0.75	H2	escaped	O1	80408.9613	O1	80408.9613	80413.3288
33320	R	OPLS_sp3C	-0.75	H3	escaped	H8	69552.6488	H8	69552.6488	69552.6488
33320	R	OPLS_sp3C	-0.75	H4	escaped	O5	61978.8770	O5	61978.8770	61984.0826
33320	R	OPLS_sp3C	-0.75	H5	escaped	O6	61006.5380	O6	61006.5380	61011.5733
33320	R	OPLS_sp3C	-0.75	H6	escaped	O2	73322.4175	O2	73322.4175	73323.1721
33320	R	OPLS_sp3C	-0.75	H7	escaped	H8	71170.7220	H8	71170.7220	71170.7220
33320	R	OPLS_sp3C	-0.75	H8	escaped	H8	75351.9036	H8	75351.9036	75351.9036
33320	R	OPLS_sp3C	-1.00	H1	escaped	O5	89125.2925	O5	89125.2925	89130.3944
33320	R	OPLS_sp3C	-1.00	H2	escaped	O1	83926.2793	O1	83926.2793	83930.2970
33320	R	OPLS_sp3C	-1.00	H3	escaped	H8	70195.1026	H8	70195.1026	70195.1026
33320	R	OPLS_sp3C	-1.00	H4	escaped	O5	86749.6406	O5	86749.6406	86755.0436
33320	R	OPLS_sp3C	-1.00	H5	escaped	O6	84168.9613	O6	84168.9613	84174.0570
33320	R	OPLS_sp3C	-1.00	H6	escaped	O2	80337.4247	O2	80337.4247	80338.6496
33320	R	OPLS_sp3C	-1.00	H7	escaped	H8	85236.8190	H8	85236.8190	85236.8190
33320	R	OPLS_sp3C	-1.00	H8	escaped	H8	100529.4000	H8	100529.4000	100529.4000
33320	R	Behrens_3.55	+0.25	carbA	own	O1	2.9102	H6	2.8902	5.7187
33320	R	Behrens_3.55	+0.25	carbB	migrated	O1	3.2413	H2	2.7543	7.0245
33320	R	Behrens_3.55	+0.25	ether	migrated	O2	2.9409	O2	2.9409	5.6625
33320	R	Behrens_3.55	+0.25	hydroxyl	migrated	O1	3.2413	H2	2.7543	7.0245
33320	R	Behrens_3.55	+0.50	carbA	own	O1	2.7809	O1	2.7809	5.5986
33320	R	Behrens_3.55	+0.50	carbB	migrated	O1	3.0037	H2	2.6475	6.8050
33320	R	Behrens_3.55	+0.50	ether	migrated	O1	2.7809	O1	2.7809	5.5986
33320	R	Behrens_3.55	+0.50	hydroxyl	migrated	O1	3.0037	H2	2.6475	6.8050
33320	R	Behrens_3.55	+0.75	carbA	own	O1	2.7030	O1	2.7030	5.5478
33320	R	Behrens_3.55	+0.75	carbB	migrated	O1	2.8651	H2	2.5920	6.6757
33320	R	Behrens_3.55	+0.75	ether	migrated	O1	2.7030	O1	2.7030	5.5478
33320	R	Behrens_3.55	+0.75	hydroxyl	migrated	O1	2.8651	H2	2.5920	6.6757
33320	R	Behrens_3.55	+1.00	carbA	own	O1	2.6475	O1	2.6475	5.5262
33320	R	Behrens_3.55	+1.00	carbB	migrated	O1	2.7784	H2	2.5545	6.5875
33320	R	Behrens_3.55	+1.00	ether	migrated	O2	2.6164	O2	2.6164	5.1814
33320	R	Behrens_3.55	+1.00	hydroxyl	own	O4	2.9129	C6	2.8573	3.8267
33320	R	Behrens_3.55	-0.25	H1	escaped	O5	35169.2247	O5	35169.2247	35173.5783
33320	R	Behrens_3.55	-0.25	H2	escaped	O1	45186.7529	O1	45186.7529	45192.7151
33320	R	Behrens_3.55	-0.25	H3	escaped	H8	40331.1265	H8	40331.1265	40331.1265
33320	R	Behrens_3.55	-0.25	H4	escaped	O5	46563.7920	O5	46563.7920	46566.8691
33320	R	Behrens_3.55	-0.25	H5	escaped	O6	45991.9226	O6	45991.9226	45995.8242
33320	R	Behrens_3.55	-0.25	H6	escaped	H6	36992.5425	H6	36992.5425	36992.9659
33320	R	Behrens_3.55	-0.25	H7	escaped	H8	44369.8238	H8	44369.8238	44369.8238
33320	R	Behrens_3.55	-0.25	H8	escaped	H8	42437.2917	H8	42437.2917	42437.2917
33320	R	Behrens_3.55	-0.50	H1	escaped	O5	58284.0788	O5	58284.0788	58288.9798
33320	R	Behrens_3.55	-0.50	H2	escaped	O1	69993.5705	O1	69993.5705	69998.5501
33320	R	Behrens_3.55	-0.50	H3	escaped	H8	52570.2686	H8	52570.2686	52570.2686
33320	R	Behrens_3.55	-0.50	H4	escaped	O5	53480.7733	O5	53480.7733	53485.4624
33320	R	Behrens_3.55	-0.50	H5	escaped	O6	54261.3008	O6	54261.3008	54266.1147
33320	R	Behrens_3.55	-0.50	H6	escaped	H6	50897.1067	H6	50897.1067	50897.3988
33320	R	Behrens_3.55	-0.50	H7	escaped	H8	65536.9182	H8	65536.9182	65536.9182
33320	R	Behrens_3.55	-0.50	H8	escaped	H8	56453.9037	H8	56453.9037	56453.9037
33320	R	Behrens_3.55	-0.75	H1	escaped	O5	64596.9268	O5	64596.9268	64601.9629
33320	R	Behrens_3.55	-0.75	H2	escaped	O1	80448.8477	O1	80448.8477	80453.2128
33320	R	Behrens_3.55	-0.75	H3	escaped	H8	69587.4195	H8	69587.4195	69587.4195
33320	R	Behrens_3.55	-0.75	H4	escaped	O5	62015.1054	O5	62015.1054	62020.2998
33320	R	Behrens_3.55	-0.75	H5	escaped	O6	61047.8416	O6	61047.8416	61052.8624
33320	R	Behrens_3.55	-0.75	H6	escaped	O2	73263.8569	O2	73263.8569	73264.5855
33320	R	Behrens_3.55	-0.75	H7	escaped	H8	71398.3429	H8	71398.3429	71398.3429
33320	R	Behrens_3.55	-0.75	H8	escaped	H8	75343.5543	H8	75343.5543	75343.5543
33320	R	Behrens_3.55	-1.00	H1	escaped	O5	89365.5071	O5	89365.5071	89370.5912
33320	R	Behrens_3.55	-1.00	H2	escaped	O1	83961.0548	O1	83961.0548	83965.0707
33320	R	Behrens_3.55	-1.00	H3	escaped	H8	70228.0473	H8	70228.0473	70228.0473
33320	R	Behrens_3.55	-1.00	H4	escaped	O5	86773.4089	O5	86773.4089	86778.8031
33320	R	Behrens_3.55	-1.00	H5	escaped	O6	84218.1914	O6	84218.1914	84223.2753
33320	R	Behrens_3.55	-1.00	H6	escaped	O2	80285.9707	O2	80285.9707	80287.1749
33320	R	Behrens_3.55	-1.00	H7	escaped	H8	88248.6520	H8	88248.6520	88248.6520
33320	R	Behrens_3.55	-1.00	H8	escaped	H8	100518.5419	H8	100518.5419	100518.5419
33320	TS	N	+0.25	carbA	own	O1	2.8753	H6	2.8459	5.7211
33320	TS	N	+0.25	carbB	own	O6	3.0077	H2	2.8688	8.6637
33320	TS	N	+0.25	ether	migrated	O2	2.9232	O2	2.9232	6.1966
33320	TS	N	+0.25	hydroxyl	migrated	O6	2.9955	O6	2.9955	5.2500
33320	TS	N	+0.50	carbA	own	O1	2.7598	O1	2.7598	5.6153
33320	TS	N	+0.50	carbB	own	O6	2.8765	O6	2.8765	8.5753
33320	TS	N	+0.50	ether	migrated	O2	2.7564	O2	2.7564	5.9119
33320	TS	N	+0.50	hydroxyl	migrated	O6	2.8050	O6	2.8050	5.3487
33320	TS	N	+0.75	carbA	own	O1	2.6862	O1	2.6862	5.5848
33320	TS	N	+0.75	carbB	own	O6	2.7906	O6	2.7906	8.5712
33320	TS	N	+0.75	ether	migrated	O1	2.6862	O1	2.6862	5.5848
33320	TS	N	+0.75	hydroxyl	migrated	O6	2.7002	O6	2.7002	5.3924
33320	TS	N	+1.00	carbA	own	O1	2.6313	O1	2.6313	5.5905
33320	TS	N	+1.00	carbB	own	O6	2.6474	O6	2.6474	8.9583
33320	TS	N	+1.00	ether	migrated	O2	2.5944	O2	2.5944	5.6255
33320	TS	N	+1.00	hydroxyl	migrated	O6	2.6282	O6	2.6282	5.4194
33320	TS	N	-0.25	H1	escaped	O5	33512.6635	O5	33512.6635	33517.3063
33320	TS	N	-0.25	H2	escaped	O1	43419.8397	O1	43419.8397	43425.7037
33320	TS	N	-0.25	H3	escaped	H3	41377.7647	H3	41377.7647	41377.9261
33320	TS	N	-0.25	H4	escaped	H4	35035.6061	H4	35035.6061	35038.6939
33320	TS	N	-0.25	H5	escaped	O6	45434.7397	O6	45434.7397	45438.6290
33320	TS	N	-0.25	H6	escaped	H6	37116.6373	H6	37116.6373	37116.7831
33320	TS	N	-0.25	H7	escaped	H8	43157.2642	H8	43157.2642	43157.2642
33320	TS	N	-0.25	H8	escaped	H8	42990.5527	H8	42990.5527	42990.5527
33320	TS	N	-0.50	H1	escaped	O5	58317.6984	O5	58317.6984	58322.4949
33320	TS	N	-0.50	H2	escaped	O1	65690.5026	O1	65690.5026	65695.6710
33320	TS	N	-0.50	H3	escaped	H3	55222.5731	H3	55222.5731	55223.0065
33320	TS	N	-0.50	H4	escaped	O5	52934.3953	O5	52934.3953	52939.2076
33320	TS	N	-0.50	H5	escaped	O6	52225.3219	O6	52225.3219	52230.1989
33320	TS	N	-0.50	H6	escaped	H6	67201.1982	H6	67201.1982	67201.1999
33320	TS	N	-0.50	H7	escaped	H8	52377.5549	H8	52377.5549	52377.5549
33320	TS	N	-0.50	H8	escaped	H8	57014.7302	H8	57014.7302	57014.7302
33320	TS	N	-0.75	H1	escaped	O5	68250.0761	O5	68250.0761	68254.8723
33320	TS	N	-0.75	H2	escaped	O1	74499.2175	O1	74499.2175	74503.8177
33320	TS	N	-0.75	H3	escaped	H3	75009.5252	H3	75009.5252	75010.2143
33320	TS	N	-0.75	H4	escaped	O5	61120.0065	O5	61120.0065	61125.4338
33320	TS	N	-0.75	H5	escaped	O6	58133.9947	O6	58133.9947	58139.0965
33320	TS	N	-0.75	H6	escaped	O2	72600.9101	O2	72600.9101	72601.1854
33320	TS	N	-0.75	H7	escaped	H8	67124.4843	H8	67124.4843	67124.4843
33320	TS	N	-0.75	H8	escaped	H8	76015.1740	H8	76015.1740	76015.1740
33320	TS	N	-1.00	H1	escaped	O5	93683.1223	O5	93683.1223	93687.9015
33320	TS	N	-1.00	H2	escaped	O1	103261.1243	O1	103261.1243	103265.3759
33320	TS	N	-1.00	H3	escaped	H3	104030.1756	H3	104030.1756	104031.0868
33320	TS	N	-1.00	H4	escaped	O5	87873.6872	O5	87873.6872	87879.3478
33320	TS	N	-1.00	H5	escaped	O6	80237.8433	O6	80237.8433	80243.0025
33320	TS	N	-1.00	H6	escaped	O2	79315.1734	O2	79315.1734	79315.8965
33320	TS	N	-1.00	H7	escaped	H8	70080.5572	H8	70080.5572	70080.5572
33320	TS	N	-1.00	H8	escaped	H8	101357.6025	H8	101357.6025	101357.6025
33320	TS	N+5%	+0.25	carbA	own	O1	3.0132	H2	2.7017	7.2856
33320	TS	N+5%	+0.25	carbB	own	O6	3.0782	H2	2.9164	8.7428
33320	TS	N+5%	+0.25	ether	migrated	O2	3.0202	O2	3.0202	6.3743
33320	TS	N+5%	+0.25	hydroxyl	migrated	O6	3.0945	O6	3.0945	5.2278
33320	TS	N+5%	+0.50	carbA	own	O1	2.8251	O1	2.8251	5.6787
33320	TS	N+5%	+0.50	carbB	own	O6	2.9445	H2	2.8937	8.6361
33320	TS	N+5%	+0.50	ether	migrated	O2	2.8442	O2	2.8442	6.0758
33320	TS	N+5%	+0.50	hydroxyl	migrated	O6	2.8957	O6	2.8957	5.3302
33320	TS	N+5%	+0.75	carbA	own	O1	2.7506	O1	2.7506	5.6302
33320	TS	N+5%	+0.75	carbB	own	O6	2.8631	O6	2.8631	8.5915
33320	TS	N+5%	+0.75	ether	migrated	O2	2.7439	O2	2.7439	5.8983
33320	TS	N+5%	+0.75	hydroxyl	migrated	O6	2.7867	O6	2.7867	5.3747
33320	TS	N+5%	+1.00	carbA	own	O1	2.6962	O1	2.6962	5.6102
33320	TS	N+5%	+1.00	carbB	own	O6	2.7994	O6	2.7994	8.5930
33320	TS	N+5%	+1.00	ether	migrated	O2	2.6744	O2	2.6744	5.7740
33320	TS	N+5%	+1.00	hydroxyl	migrated	O6	2.7119	O6	2.7119	5.4018
33320	TS	N+5%	-0.25	H1	escaped	O5	42541.0736	O5	42541.0736	42545.6122
33320	TS	N+5%	-0.25	H2	escaped	O1	43704.8807	O1	43704.8807	43710.7748
33320	TS	N+5%	-0.25	H3	escaped	H3	41380.2615	H3	41380.2615	41380.4102
33320	TS	N+5%	-0.25	H4	escaped	H4	35104.7578	H4	35104.7578	35107.7688
33320	TS	N+5%	-0.25	H5	escaped	O6	45678.6269	O6	45678.6269	45682.4519
33320	TS	N+5%	-0.25	H6	escaped	H6	37253.0006	H6	37253.0006	37253.1095
33320	TS	N+5%	-0.25	H7	escaped	H8	37136.7860	H8	37136.7860	37136.7860
33320	TS	N+5%	-0.25	H8	escaped	H8	43002.1583	H8	43002.1583	43002.1583
33320	TS	N+5%	-0.50	H1	escaped	O5	55100.6998	O5	55100.6998	55105.4033
33320	TS	N+5%	-0.50	H2	escaped	O1	66026.8146	O1	66026.8146	66032.0095
33320	TS	N+5%	-0.50	H3	escaped	H3	55359.1494	H3	55359.1494	55359.5648
33320	TS	N+5%	-0.50	H4	escaped	O5	52914.1359	O5	52914.1359	52918.8821
33320	TS	N+5%	-0.50	H5	escaped	O6	52472.6827	O6	52472.6827	52477.4994
33320	TS	N+5%	-0.50	H6	escaped	H8	67159.2006	H8	67159.2006	67159.2006
33320	TS	N+5%	-0.50	H7	escaped	H8	51851.7950	H8	51851.7950	51851.7950
33320	TS	N+5%	-0.50	H8	escaped	H8	56986.0111	H8	56986.0111	56986.0111
33320	TS	N+5%	-0.75	H1	escaped	O5	68011.0270	O5	68011.0270	68015.7528
33320	TS	N+5%	-0.75	H2	escaped	O1	74583.4196	O1	74583.4196	74588.0409
33320	TS	N+5%	-0.75	H3	escaped	H3	75036.9975	H3	75036.9975	75037.6675
33320	TS	N+5%	-0.75	H4	escaped	O5	61128.0802	O5	61128.0802	61133.4653
33320	TS	N+5%	-0.75	H5	escaped	O6	58215.2323	O6	58215.2323	58220.2848
33320	TS	N+5%	-0.75	H6	escaped	O2	72473.3693	O2	72473.3693	72473.5558
33320	TS	N+5%	-0.75	H7	escaped	H8	66468.3335	H8	66468.3335	66468.3335
33320	TS	N+5%	-0.75	H8	escaped	H8	75967.7883	H8	75967.7883	75967.7883
33320	TS	N+5%	-1.00	H1	escaped	O5	94705.9614	O5	94705.9614	94710.6847
33320	TS	N+5%	-1.00	H2	escaped	O1	103334.3351	O1	103334.3351	103338.6059
33320	TS	N+5%	-1.00	H3	escaped	H3	103953.4582	H3	103953.4582	103954.3521
33320	TS	N+5%	-1.00	H4	escaped	O5	87882.9158	O5	87882.9158	87888.5444
33320	TS	N+5%	-1.00	H5	escaped	O6	80329.0183	O6	80329.0183	80334.1361
33320	TS	N+5%	-1.00	H6	escaped	O2	79194.0582	O2	79194.0582	79194.7059
33320	TS	N+5%	-1.00	H7	escaped	H8	76457.0008	H8	76457.0008	76457.0008
33320	TS	N+5%	-1.00	H8	escaped	H8	101291.8517	H8	101291.8517	101291.8517
33320	TS	N+10%	+0.25	carbA	own	O1	3.1104	H2	2.7631	7.3900
33320	TS	N+10%	+0.25	carbB	own	O6	3.1495	H2	2.9680	8.8235
33320	TS	N+10%	+0.25	ether	migrated	O2	3.1230	O2	3.1230	6.5700
33320	TS	N+10%	+0.25	hydroxyl	migrated	O6	3.1495	H2	2.9680	8.8235
33320	TS	N+10%	+0.50	carbA	own	O1	2.8902	O1	2.8902	5.7501
33320	TS	N+10%	+0.50	carbB	own	O6	3.0124	H2	2.9258	8.7049
33320	TS	N+10%	+0.50	ether	migrated	O2	2.9350	O2	2.9350	6.2504
33320	TS	N+10%	+0.50	hydroxyl	migrated	O6	2.9870	O6	2.9870	5.3133
33320	TS	N+10%	+0.75	carbA	own	O1	2.8148	O1	2.8148	5.6868
33320	TS	N+10%	+0.75	carbB	own	O6	2.9305	H2	2.9212	8.6439
33320	TS	N+10%	+0.75	ether	migrated	O2	2.8292	O2	2.8292	6.0613
33320	TS	N+10%	+0.75	hydroxyl	migrated	O6	2.8739	O6	2.8739	5.3584
33320	TS	N+10%	+1.00	carbA	own	O1	2.7598	O1	2.7598	5.6529
33320	TS	N+10%	+1.00	carbB	own	O6	2.8709	O6	2.8709	8.6126
33320	TS	N+10%	+1.00	ether	migrated	O2	2.7562	O2	2.7562	5.9293
33320	TS	N+10%	+1.00	hydroxyl	migrated	O6	2.7964	O6	2.7964	5.3855
33320	TS	N+10%	-0.25	H1	escaped	O5	41695.4088	O5	41695.4088	41699.7717
33320	TS	N+10%	-0.25	H2	escaped	O1	44089.3411	O1	44089.3411	44095.2760
33320	TS	N+10%	-0.25	H3	escaped	H3	41426.3205	H3	41426.3205	41426.4469
33320	TS	N+10%	-0.25	H4	escaped	H4	35141.3731	H4	35141.3731	35144.2580
33320	TS	N+10%	-0.25	H5	escaped	O6	45974.5060	O6	45974.5060	45978.2250
33320	TS	N+10%	-0.25	H6	escaped	H6	37393.5048	H6	37393.5048	37393.5520
33320	TS	N+10%	-0.25	H7	escaped	H8	42947.1253	H8	42947.1253	42947.1253
33320	TS	N+10%	-0.25	H8	escaped	H8	43024.8768	H8	43024.8768	43024.8768
33320	TS	N+10%	-0.50	H1	escaped	O5	68618.3338	O5	68618.3338	68622.9130
33320	TS	N+10%	-0.50	H2	escaped	O1	66534.0392	O1	66534.0392	66539.2675
33320	TS	N+10%	-0.50	H3	escaped	H3	55475.1935	H3	55475.1935	55475.5743
33320	TS	N+10%	-0.50	H4	escaped	O5	52819.2358	O5	52819.2358	52823.8752
33320	TS	N+10%	-0.50	H5	escaped	O6	52814.8032	O6	52814.8032	52819.5229
33320	TS	N+10%	-0.50	H6	escaped	H8	67044.4880	H8	67044.4880	67044.4880
33320	TS	N+10%	-0.50	H7	escaped	H8	60210.3952	H8	60210.3952	60210.3952
33320	TS	N+10%	-0.50	H8	escaped	H8	56968.9279	H8	56968.9279	56968.9279
33320	TS	N+10%	-0.75	H1	escaped	O5	64542.5528	O5	64542.5528	64547.1849
33320	TS	N+10%	-0.75	H2	escaped	O1	74760.1504	O1	74760.1504	74764.7990
33320	TS	N+10%	-0.75	H3	escaped	H3	74977.1290	H3	74977.1290	74977.7616
33320	TS	N+10%	-0.75	H4	escaped	O5	61072.9807	O5	61072.9807	61078.2993
33320	TS	N+10%	-0.75	H5	escaped	O6	58368.4069	O6	58368.4069	58373.3807
33320	TS	N+10%	-0.75	H6	escaped	O2	72239.8491	O2	72239.8491	72239.8850
33320	TS	N+10%	-0.75	H7	escaped	H8	66296.5549	H8	66296.5549	66296.5549
33320	TS	N+10%	-0.75	H8	escaped	H8	75937.2638	H8	75937.2638	75937.2638
33320	TS	N+10%	-1.00	H1	escaped	O5	96279.4903	O5	96279.4903	96284.1377
33320	TS	N+10%	-1.00	H2	escaped	O1	103497.4042	O1	103497.4042	103501.7004
33320	TS	N+10%	-1.00	H3	escaped	H3	103708.8207	H3	103708.8207	103709.6799
33320	TS	N+10%	-1.00	H4	escaped	O5	87927.3485	O5	87927.3485	87932.9273
33320	TS	N+10%	-1.00	H5	escaped	O6	80501.4935	O6	80501.4935	80506.5460
33320	TS	N+10%	-1.00	H6	escaped	O2	78976.1430	O2	78976.1430	78976.6631
33320	TS	N+10%	-1.00	H7	escaped	H8	74630.9132	H8	74630.9132	74630.9132
33320	TS	N+10%	-1.00	H8	escaped	H8	101249.2723	H8	101249.2723	101249.2723
33320	TS	OPLS_sp3C	+0.25	carbA	own	O1	2.8992	O1	2.8992	5.7554
33320	TS	OPLS_sp3C	+0.25	carbB	own	O6	3.0245	H2	2.9168	8.7073
33320	TS	OPLS_sp3C	+0.25	ether	migrated	O2	2.9498	O2	2.9498	6.2676
33320	TS	OPLS_sp3C	+0.25	hydroxyl	migrated	O6	3.0072	O6	3.0072	5.2922
33320	TS	OPLS_sp3C	+0.50	carbA	own	O1	2.7724	O1	2.7724	5.6519
33320	TS	OPLS_sp3C	+0.50	carbB	own	O6	2.8858	O6	2.8858	8.6108
33320	TS	OPLS_sp3C	+0.50	ether	migrated	O2	2.7726	O2	2.7726	5.9546
33320	TS	OPLS_sp3C	+0.50	hydroxyl	migrated	O6	2.8155	O6	2.8155	5.3724
33320	TS	OPLS_sp3C	+0.75	carbA	own	O1	2.6947	O1	2.6947	5.6212
33320	TS	OPLS_sp3C	+0.75	carbB	own	O6	2.7954	O6	2.7954	8.6079
33320	TS	OPLS_sp3C	+0.75	ether	migrated	O1	2.6947	O1	2.6947	5.6212
33320	TS	OPLS_sp3C	+0.75	hydroxyl	migrated	O6	2.7092	O6	2.7092	5.4088
33320	TS	OPLS_sp3C	+1.00	carbA	own	O1	2.6373	O1	2.6373	5.6291
33320	TS	OPLS_sp3C	+1.00	carbB	own	O6	2.6589	O6	2.6589	8.9555
33320	TS	OPLS_sp3C	+1.00	ether	migrated	O1	2.6373	O1	2.6373	5.6291
33320	TS	OPLS_sp3C	+1.00	hydroxyl	migrated	O6	2.6362	O6	2.6362	5.4317
33320	TS	OPLS_sp3C	-0.25	H1	escaped	O5	43468.4593	O5	43468.4593	43473.0482
33320	TS	OPLS_sp3C	-0.25	H2	escaped	O1	43381.1910	O1	43381.1910	43387.0705
33320	TS	OPLS_sp3C	-0.25	H3	escaped	H3	41551.7923	H3	41551.7923	41551.9355
33320	TS	OPLS_sp3C	-0.25	H4	escaped	H4	34765.2382	H4	34765.2382	34768.2848
33320	TS	OPLS_sp3C	-0.25	H5	escaped	O6	45313.7851	O6	45313.7851	45317.6501
33320	TS	OPLS_sp3C	-0.25	H6	escaped	H6	48785.6392	H6	48785.6392	48785.7263
33320	TS	OPLS_sp3C	-0.25	H7	escaped	H8	42130.1428	H8	42130.1428	42130.1428
33320	TS	OPLS_sp3C	-0.25	H8	escaped	H8	43034.8761	H8	43034.8761	43034.8761
33320	TS	OPLS_sp3C	-0.50	H1	escaped	O5	56568.6235	O5	56568.6235	56573.3555
33320	TS	OPLS_sp3C	-0.50	H2	escaped	O1	66038.2306	O1	66038.2306	66043.3913
33320	TS	OPLS_sp3C	-0.50	H3	escaped	H3	72608.4866	H3	72608.4866	72608.8650
33320	TS	OPLS_sp3C	-0.50	H4	escaped	O5	52713.2886	O5	52713.2886	52718.0643
33320	TS	OPLS_sp3C	-0.50	H5	escaped	O6	52396.6706	O6	52396.6706	52401.4848
33320	TS	OPLS_sp3C	-0.50	H6	escaped	H8	66813.4382	H8	66813.4382	66813.4382
33320	TS	OPLS_sp3C	-0.50	H7	escaped	H8	51594.2006	H8	51594.2006	51594.2006
33320	TS	OPLS_sp3C	-0.50	H8	escaped	H8	57165.5623	H8	57165.5623	57165.5623
33320	TS	OPLS_sp3C	-0.75	H1	escaped	O5	68820.2678	O5	68820.2678	68825.0119
33320	TS	OPLS_sp3C	-0.75	H2	escaped	O1	74962.9818	O1	74962.9818	74967.5796
33320	TS	OPLS_sp3C	-0.75	H3	escaped	H3	74446.3669	H3	74446.3669	74446.9904
33320	TS	OPLS_sp3C	-0.75	H4	escaped	O5	60922.9095	O5	60922.9095	60928.3099
33320	TS	OPLS_sp3C	-0.75	H5	escaped	O6	58480.3674	O6	58480.3674	58485.4083
33320	TS	OPLS_sp3C	-0.75	H6	escaped	O2	72265.6529	O2	72265.6529	72265.7901
33320	TS	OPLS_sp3C	-0.75	H7	escaped	H8	66837.0247	H8	66837.0247	66837.0247
33320	TS	OPLS_sp3C	-0.75	H8	escaped	H8	76246.5945	H8	76246.5945	76246.5945
33320	TS	OPLS_sp3C	-1.00	H1	escaped	O5	94419.7293	O5	94419.7293	94424.4655
33320	TS	OPLS_sp3C	-1.00	H2	escaped	O1	103732.9694	O1	103732.9694	103737.2230
33320	TS	OPLS_sp3C	-1.00	H3	escaped	H3	103241.7994	H3	103241.7994	103242.6462
33320	TS	OPLS_sp3C	-1.00	H4	escaped	O5	88156.6289	O5	88156.6289	88162.2651
33320	TS	OPLS_sp3C	-1.00	H5	escaped	O6	80619.5577	O6	80619.5577	80624.6638
33320	TS	OPLS_sp3C	-1.00	H6	escaped	O2	79055.3472	O2	79055.3472	79055.9490
33320	TS	OPLS_sp3C	-1.00	H7	escaped	H8	70318.7733	H8	70318.7733	70318.7733
33320	TS	OPLS_sp3C	-1.00	H8	escaped	H8	101675.8560	H8	101675.8560	101675.8560
33320	TS	Behrens_3.55	+0.25	carbA	own	O1	2.9189	O1	2.9189	5.7820
33320	TS	Behrens_3.55	+0.25	carbB	own	O6	3.0457	H2	2.9296	8.7302
33320	TS	Behrens_3.55	+0.25	ether	migrated	O2	2.9790	O2	2.9790	6.3243
33320	TS	Behrens_3.55	+0.25	hydroxyl	migrated	O6	3.0360	O6	3.0360	5.2870
33320	TS	Behrens_3.55	+0.50	carbA	own	O1	2.7921	O1	2.7921	5.6690
33320	TS	Behrens_3.55	+0.50	carbB	own	O6	2.9064	O6	2.9064	8.6267
33320	TS	Behrens_3.55	+0.50	ether	migrated	O2	2.7987	O2	2.7987	6.0047
33320	TS	Behrens_3.55	+0.50	hydroxyl	migrated	O6	2.8422	O6	2.8422	5.3675
33320	TS	Behrens_3.55	+0.75	carbA	own	O1	2.7142	O1	2.7142	5.6315
33320	TS	Behrens_3.55	+0.75	carbB	own	O6	2.8191	O6	2.8191	8.6039
33320	TS	Behrens_3.55	+0.75	ether	migrated	O2	2.6977	O2	2.6977	5.8222
33320	TS	Behrens_3.55	+0.75	hydroxyl	migrated	O6	2.7347	O6	2.7347	5.4038
33320	TS	Behrens_3.55	+1.00	carbA	own	O1	2.6572	O1	2.6572	5.6284
33320	TS	Behrens_3.55	+1.00	carbB	own	O6	2.7051	O6	2.7051	8.8446
33320	TS	Behrens_3.55	+1.00	ether	migrated	O1	2.6572	O1	2.6572	5.6284
33320	TS	Behrens_3.55	+1.00	hydroxyl	migrated	O6	2.6609	O6	2.6609	5.4266
33320	TS	Behrens_3.55	-0.25	H1	escaped	O5	43001.2905	O5	43001.2905	43005.8499
33320	TS	Behrens_3.55	-0.25	H2	escaped	O1	43452.2358	O1	43452.2358	43458.1240
33320	TS	Behrens_3.55	-0.25	H3	escaped	H3	41613.3659	H3	41613.3659	41613.5041
33320	TS	Behrens_3.55	-0.25	H4	escaped	H4	34769.6679	H4	34769.6679	34772.6898
33320	TS	Behrens_3.55	-0.25	H5	escaped	O6	45368.5598	O6	45368.5598	45372.4034
33320	TS	Behrens_3.55	-0.25	H6	escaped	H6	48818.2812	H6	48818.2812	48818.3556
33320	TS	Behrens_3.55	-0.25	H7	escaped	H8	43226.3389	H8	43226.3389	43226.3389
33320	TS	Behrens_3.55	-0.25	H8	escaped	H8	43035.4179	H8	43035.4179	43035.4179
33320	TS	Behrens_3.55	-0.50	H1	escaped	O5	55714.5334	O5	55714.5334	55719.2389
33320	TS	Behrens_3.55	-0.50	H2	escaped	O1	66137.2173	O1	66137.2173	66142.3850
33320	TS	Behrens_3.55	-0.50	H3	escaped	H3	72632.9177	H3	72632.9177	72633.2886
33320	TS	Behrens_3.55	-0.50	H4	escaped	O5	52694.1233	O5	52694.1233	52698.8782
33320	TS	Behrens_3.55	-0.50	H5	escaped	O6	52464.1663	O6	52464.1663	52468.9610
33320	TS	Behrens_3.55	-0.50	H6	escaped	H8	66788.6694	H8	66788.6694	66788.6694
33320	TS	Behrens_3.55	-0.50	H7	escaped	H8	51084.1154	H8	51084.1154	51084.1154
33320	TS	Behrens_3.55	-0.50	H8	escaped	H8	57161.4120	H8	57161.4120	57161.4120
33320	TS	Behrens_3.55	-0.75	H1	escaped	O5	68318.8652	O5	68318.8652	68323.5891
33320	TS	Behrens_3.55	-0.75	H2	escaped	O1	75000.3296	O1	75000.3296	75004.9332
33320	TS	Behrens_3.55	-0.75	H3	escaped	H3	74429.3239	H3	74429.3239	74429.9392
33320	TS	Behrens_3.55	-0.75	H4	escaped	O5	60912.3212	O5	60912.3212	60917.7086
33320	TS	Behrens_3.55	-0.75	H5	escaped	O6	58512.8894	O6	58512.8894	58517.9144
33320	TS	Behrens_3.55	-0.75	H6	escaped	O2	72218.3807	O2	72218.3807	72218.4870
33320	TS	Behrens_3.55	-0.75	H7	escaped	H8	66469.2028	H8	66469.2028	66469.2028
33320	TS	Behrens_3.55	-0.75	H8	escaped	H8	76240.4026	H8	76240.4026	76240.4026
33320	TS	Behrens_3.55	-1.00	H1	escaped	O5	94720.6787	O5	94720.6787	94725.3988
33320	TS	Behrens_3.55	-1.00	H2	escaped	O1	103767.8704	O1	103767.8704	103772.1293
33320	TS	Behrens_3.55	-1.00	H3	escaped	H3	103185.5259	H3	103185.5259	103186.3649
33320	TS	Behrens_3.55	-1.00	H4	escaped	O5	88167.1652	O5	88167.1652	88172.7915
33320	TS	Behrens_3.55	-1.00	H5	escaped	O6	80656.2628	O6	80656.2628	80661.3556
33320	TS	Behrens_3.55	-1.00	H6	escaped	O2	79011.8415	O2	79011.8415	79012.4171
33320	TS	Behrens_3.55	-1.00	H7	escaped	H8	73395.3008	H8	73395.3008	73395.3008
33320	TS	Behrens_3.55	-1.00	H8	escaped	H8	101667.6832	H8	101667.6832	101667.6832
34991	R	N	+0.25	carbA	own	O1	2.8866	O1	2.8866	6.1182
34991	R	N	+0.25	carbB	own	O6	3.0419	H2	2.9105	7.3406
34991	R	N	+0.25	ether	migrated	O2	2.8961	O2	2.8961	6.1280
34991	R	N	+0.25	hydroxyl	own	O4	3.3527	C6	3.0676	4.2420
34991	R	N	+0.50	carbA	own	O1	2.7458	O1	2.7458	6.3051
34991	R	N	+0.50	carbB	own	O6	2.9327	H2	2.8704	7.2373
34991	R	N	+0.50	ether	migrated	O2	2.7385	O2	2.7385	5.8819
34991	R	N	+0.50	hydroxyl	migrated	O6	2.9327	H2	2.8704	7.2373
34991	R	N	+0.75	carbA	own	O1	2.6628	O1	2.6628	6.3078
34991	R	N	+0.75	carbB	own	O5	2.6920	O5	2.6920	8.9263
34991	R	N	+0.75	ether	migrated	O2	2.6466	O2	2.6466	5.7366
34991	R	N	+0.75	hydroxyl	migrated	O5	2.6920	O5	2.6920	8.9263
34991	R	N	+1.00	carbA	own	O1	2.6040	O1	2.6040	6.2949
34991	R	N	+1.00	carbB	own	O5	2.6272	O5	2.6272	8.8986
34991	R	N	+1.00	ether	migrated	O2	2.5822	O2	2.5822	5.6345
34991	R	N	+1.00	hydroxyl	migrated	O5	2.6272	O5	2.6272	8.8986
34991	R	N	-0.25	H1	escaped	O5	45124.9973	O5	45124.9973	45128.7916
34991	R	N	-0.25	H2	escaped	O1	34978.7071	O1	34978.7071	34984.3021
34991	R	N	-0.25	H3	escaped	H8	40535.1418	H8	40535.1418	40535.1418
34991	R	N	-0.25	H4	escaped	O5	47192.2364	O5	47192.2364	47195.4262
34991	R	N	-0.25	H5	escaped	O6	35480.4374	O6	35480.4374	35484.3973
34991	R	N	-0.25	H6	escaped	H6	38394.5656	H6	38394.5656	38395.3913
34991	R	N	-0.25	H7	escaped	H3	47348.4893	H3	47348.4893	47348.9757
34991	R	N	-0.25	H8	escaped	H8	42107.8999	H8	42107.8999	42107.8999
34991	R	N	-0.50	H1	escaped	O5	53415.1876	O5	53415.1876	53419.2699
34991	R	N	-0.50	H2	escaped	O1	53447.4348	O1	53447.4348	53452.2560
34991	R	N	-0.50	H3	escaped	H8	53407.3199	H8	53407.3199	53407.3199
34991	R	N	-0.50	H4	escaped	O5	53856.8913	O5	53856.8913	53861.6874
34991	R	N	-0.50	H5	escaped	O6	54921.0794	O6	54921.0794	54925.9065
34991	R	N	-0.50	H6	escaped	H6	68606.3703	H6	68606.3703	68607.3104
34991	R	N	-0.50	H7	escaped	H3	65883.8167	H3	65883.8167	65884.4615
34991	R	N	-0.50	H8	escaped	H8	74104.2805	H8	74104.2805	74104.2805
34991	R	N	-0.75	H1	escaped	O5	72549.9820	O5	72549.9820	72554.1654
34991	R	N	-0.75	H2	escaped	O1	79925.7858	O1	79925.7858	79930.0504
34991	R	N	-0.75	H3	escaped	H3	70509.5302	H3	70509.5302	70509.6346
34991	R	N	-0.75	H4	escaped	O5	61516.2576	O5	61516.2576	61521.5636
34991	R	N	-0.75	H5	escaped	O6	81096.7110	O6	81096.7110	81101.7188
34991	R	N	-0.75	H6	escaped	O1	72881.7007	O1	72881.7007	72882.9251
34991	R	N	-0.75	H7	escaped	H3	67981.7559	H3	67981.7559	67982.4677
34991	R	N	-0.75	H8	escaped	H8	74689.0921	H8	74689.0921	74689.0921
34991	R	N	-1.00	H1	escaped	O5	85026.7018	O5	85026.7018	85030.9439
34991	R	N	-1.00	H2	escaped	O1	83426.2622	O1	83426.2622	83430.2018
34991	R	N	-1.00	H3	escaped	H3	93737.0113	H3	93737.0113	93737.3210
34991	R	N	-1.00	H4	escaped	O5	85253.2668	O5	85253.2668	85258.7751
34991	R	N	-1.00	H5	escaped	O6	84519.8522	O6	84519.8522	84524.9056
34991	R	N	-1.00	H6	escaped	O1	78699.9793	O1	78699.9793	78701.8918
34991	R	N	-1.00	H7	escaped	H3	88085.5140	H3	88085.5140	88086.2655
34991	R	N	-1.00	H8	escaped	H8	99688.4728	H8	99688.4728	99688.4728
34991	R	N+5%	+0.25	carbA	own	O1	2.9776	O1	2.9776	4.8620
34991	R	N+5%	+0.25	carbB	own	O6	3.1052	H2	2.9565	7.4293
34991	R	N+5%	+0.25	ether	migrated	O2	2.9832	O2	2.9832	6.2517
34991	R	N+5%	+0.25	hydroxyl	migrated	O6	3.1052	H2	2.9565	7.4293
34991	R	N+5%	+0.50	carbA	own	O1	2.8205	O1	2.8205	6.2985
34991	R	N+5%	+0.50	carbB	own	O6	2.9896	H2	2.9092	7.3248
34991	R	N+5%	+0.50	ether	migrated	O2	2.8206	O2	2.8206	6.0044
34991	R	N+5%	+0.50	hydroxyl	migrated	O6	2.9896	H2	2.9092	7.3248
34991	R	N+5%	+0.75	carbA	own	O1	2.7352	O1	2.7352	6.3236
34991	R	N+5%	+0.75	carbB	own	O5	2.7815	O5	2.7815	8.8835
34991	R	N+5%	+0.75	ether	migrated	O2	2.7257	O2	2.7257	5.8571
34991	R	N+5%	+0.75	hydroxyl	migrated	O5	2.7815	O5	2.7815	8.8835
34991	R	N+5%	+1.00	carbA	own	O1	2.6748	O1	2.6748	6.3188
34991	R	N+5%	+1.00	carbB	own	O5	2.7054	O5	2.7054	8.9319
34991	R	N+5%	+1.00	ether	migrated	O2	2.6592	O2	2.6592	5.7530
34991	R	N+5%	+1.00	hydroxyl	migrated	O5	2.7054	O5	2.7054	8.9319
34991	R	N+5%	-0.25	H1	escaped	O5	45106.5739	O5	45106.5739	45110.2586
34991	R	N+5%	-0.25	H2	escaped	O1	35101.1462	O1	35101.1462	35106.7581
34991	R	N+5%	-0.25	H3	escaped	H8	40527.1628	H8	40527.1628	40527.1628
34991	R	N+5%	-0.25	H4	escaped	O5	47380.2104	O5	47380.2104	47383.3347
34991	R	N+5%	-0.25	H5	escaped	O6	35675.9482	O6	35675.9482	35679.8546
34991	R	N+5%	-0.25	H6	escaped	H6	38558.5422	H6	38558.5422	38559.3397
34991	R	N+5%	-0.25	H7	escaped	H3	48353.1241	H3	48353.1241	48353.5955
34991	R	N+5%	-0.25	H8	escaped	H8	42114.7926	H8	42114.7926	42114.7926
34991	R	N+5%	-0.50	H1	escaped	O5	56896.9037	O5	56896.9037	56900.9136
34991	R	N+5%	-0.50	H2	escaped	O1	53603.4142	O1	53603.4142	53608.2462
34991	R	N+5%	-0.50	H3	escaped	H8	53596.4350	H8	53596.4350	53596.4350
34991	R	N+5%	-0.50	H4	escaped	O5	53995.3131	O5	53995.3131	54000.0685
34991	R	N+5%	-0.50	H5	escaped	O6	55227.2747	O6	55227.2747	55232.0565
34991	R	N+5%	-0.50	H6	escaped	H6	68544.5638	H6	68544.5638	68545.4673
34991	R	N+5%	-0.50	H7	escaped	H3	70478.8697	H3	70478.8697	70479.5110
34991	R	N+5%	-0.50	H8	escaped	H8	74059.1850	H8	74059.1850	74059.1850
34991	R	N+5%	-0.75	H1	escaped	O5	72927.9385	O5	72927.9385	72932.0546
34991	R	N+5%	-0.75	H2	escaped	O1	80017.4889	O1	80017.4889	80021.7578
34991	R	N+5%	-0.75	H3	escaped	H3	70651.1557	H3	70651.1557	70651.2491
34991	R	N+5%	-0.75	H4	escaped	O5	61564.5697	O5	61564.5697	61569.8471
34991	R	N+5%	-0.75	H5	escaped	O6	81244.1426	O6	81244.1426	81249.1143
34991	R	N+5%	-0.75	H6	escaped	O1	72676.3293	O1	72676.3293	72677.4645
34991	R	N+5%	-0.75	H7	escaped	H3	69629.3591	H3	69629.3591	69630.0348
34991	R	N+5%	-0.75	H8	escaped	H8	74635.3277	H8	74635.3277	74635.3277
34991	R	N+5%	-1.00	H1	escaped	O5	85426.0121	O5	85426.0121	85430.1874
34991	R	N+5%	-1.00	H2	escaped	O1	83514.5367	O1	83514.5367	83518.4793
34991	R	N+5%	-1.00	H3	escaped	H3	93844.3177	H3	93844.3177	93844.6141
34991	R	N+5%	-1.00	H4	escaped	O5	85321.7358	O5	85321.7358	85327.2206
34991	R	N+5%	-1.00	H5	escaped	O6	84655.9946	O6	84655.9946	84661.0183
34991	R	N+5%	-1.00	H6	escaped	O1	78473.3705	O1	78473.3705	78475.2155
34991	R	N+5%	-1.00	H7	escaped	H3	92705.7529	H3	92705.7529	92706.5007
34991	R	N+5%	-1.00	H8	escaped	H8	99615.4501	H8	99615.4501	99615.4501
34991	R	N+10%	+0.25	carbA	own	O1	3.0547	O1	3.0547	4.8678
34991	R	N+10%	+0.25	carbB	own	O6	3.1713	H2	3.0053	7.5166
34991	R	N+10%	+0.25	ether	migrated	O2	3.0710	O2	3.0710	6.3747
34991	R	N+10%	+0.25	hydroxyl	migrated	O6	3.2431	O6	3.2431	5.0359
34991	R	N+10%	+0.50	carbA	own	O1	2.8953	O1	2.8953	6.2661
34991	R	N+10%	+0.50	carbB	own	O6	3.0491	H2	2.9509	7.4118
34991	R	N+10%	+0.50	ether	migrated	O2	2.9034	O2	2.9034	6.1264
34991	R	N+10%	+0.50	hydroxyl	migrated	O6	3.0491	H2	2.9509	7.4118
34991	R	N+10%	+0.75	carbA	own	O1	2.8078	O1	2.8078	6.3282
34991	R	N+10%	+0.75	carbB	own	O6	2.9784	H2	2.9203	7.3401
34991	R	N+10%	+0.75	ether	migrated	O2	2.8055	O2	2.8055	5.9774
34991	R	N+10%	+0.75	hydroxyl	migrated	O6	2.9784	H2	2.9203	7.3401
34991	R	N+10%	+1.00	carbA	own	O1	2.7458	O1	2.7458	6.3356
34991	R	N+10%	+1.00	carbB	own	O5	2.7960	O5	2.7960	8.8696
34991	R	N+10%	+1.00	ether	migrated	O2	2.7368	O2	2.7368	5.8716
34991	R	N+10%	+1.00	hydroxyl	migrated	O5	2.7960	O5	2.7960	8.8696
34991	R	N+10%	-0.25	H1	escaped	O5	45239.7291	O5	45239.7291	45243.3202
34991	R	N+10%	-0.25	H2	escaped	O1	35236.0190	O1	35236.0190	35241.6558
34991	R	N+10%	-0.25	H3	escaped	H8	40564.3575	H8	40564.3575	40564.3575
34991	R	N+10%	-0.25	H4	escaped	O5	47558.0516	O5	47558.0516	47561.0676
34991	R	N+10%	-0.25	H5	escaped	O6	35901.1190	O6	35901.1190	35904.9352
34991	R	N+10%	-0.25	H6	escaped	H6	38716.7827	H6	38716.7827	38717.5312
34991	R	N+10%	-0.25	H7	escaped	H3	49074.8770	H3	49074.8770	49075.3286
34991	R	N+10%	-0.25	H8	escaped	H8	42133.6502	H8	42133.6502	42133.6502
34991	R	N+10%	-0.50	H1	escaped	O5	60463.3035	O5	60463.3035	60467.2538
34991	R	N+10%	-0.50	H2	escaped	O1	53800.6428	O1	53800.6428	53805.4899
34991	R	N+10%	-0.50	H3	escaped	H8	53797.4534	H8	53797.4534	53797.4534
34991	R	N+10%	-0.50	H4	escaped	O5	54137.6435	O5	54137.6435	54142.3341
34991	R	N+10%	-0.50	H5	escaped	O6	55628.1364	O6	55628.1364	55632.8458
34991	R	N+10%	-0.50	H6	escaped	H6	68356.0506	H6	68356.0506	68356.8891
34991	R	N+10%	-0.50	H7	escaped	H3	54840.2111	H3	54840.2111	54840.8454
34991	R	N+10%	-0.50	H8	escaped	H8	74029.9400	H8	74029.9400	74029.9400
34991	R	N+10%	-0.75	H1	escaped	O5	73466.7345	O5	73466.7345	73470.7955
34991	R	N+10%	-0.75	H2	escaped	O1	80189.2645	O1	80189.2645	80193.5392
34991	R	N+10%	-0.75	H3	escaped	H3	70774.8624	H3	70774.8624	70774.9261
34991	R	N+10%	-0.75	H4	escaped	O5	61664.7524	O5	61664.7524	61669.9846
34991	R	N+10%	-0.75	H5	escaped	O6	81500.7324	O6	81500.7324	81505.6472
34991	R	N+10%	-0.75	H6	escaped	O1	72265.8258	O1	72265.8258	72266.8026
34991	R	N+10%	-0.75	H7	escaped	H3	70285.4119	H3	70285.4119	70286.0847
34991	R	N+10%	-0.75	H8	escaped	H8	74598.3786	H8	74598.3786	74598.3786
34991	R	N+10%	-1.00	H1	escaped	O5	84879.4313	O5	84879.4313	84883.5514
34991	R	N+10%	-1.00	H2	escaped	O1	83677.2092	O1	83677.2092	83681.1556
34991	R	N+10%	-1.00	H3	escaped	H3	93881.5074	H3	93881.5074	93881.7671
34991	R	N+10%	-1.00	H4	escaped	O5	85459.6977	O5	85459.6977	85465.1459
34991	R	N+10%	-1.00	H5	escaped	O6	84893.6559	O6	84893.6559	84898.6332
34991	R	N+10%	-1.00	H6	escaped	O1	78034.2651	O1	78034.2651	78035.9899
34991	R	N+10%	-1.00	H7	escaped	H3	97446.9928	H3	97446.9928	97447.7360
34991	R	N+10%	-1.00	H8	escaped	H8	99565.0560	H8	99565.0560	99565.0560
34991	R	OPLS_sp3C	+0.25	carbA	own	O1	2.9076	O1	2.9076	6.2185
34991	R	OPLS_sp3C	+0.25	carbB	own	O6	3.0591	H2	2.9474	7.4075
34991	R	OPLS_sp3C	+0.25	ether	migrated	O2	2.9177	O2	2.9177	6.1500
34991	R	OPLS_sp3C	+0.25	hydroxyl	migrated	O6	3.0591	H2	2.9474	7.4075
34991	R	OPLS_sp3C	+0.50	carbA	own	O1	2.7598	O1	2.7598	6.3295
34991	R	OPLS_sp3C	+0.50	carbB	own	O6	2.9410	H2	2.8982	7.2880
34991	R	OPLS_sp3C	+0.50	ether	migrated	O2	2.7526	O2	2.7526	5.8972
34991	R	OPLS_sp3C	+0.50	hydroxyl	migrated	O6	2.9410	H2	2.8982	7.2880
34991	R	OPLS_sp3C	+0.75	carbA	own	O1	2.6736	O1	2.6736	6.3226
34991	R	OPLS_sp3C	+0.75	carbB	own	O5	2.7041	O5	2.7041	8.9334
34991	R	OPLS_sp3C	+0.75	ether	migrated	O2	2.6576	O2	2.6576	5.7496
34991	R	OPLS_sp3C	+0.75	hydroxyl	migrated	O5	2.7041	O5	2.7041	8.9334
34991	R	OPLS_sp3C	+1.00	carbA	own	O1	2.6130	O1	2.6130	6.3058
34991	R	OPLS_sp3C	+1.00	carbB	own	O5	2.6370	O5	2.6370	8.9063
34991	R	OPLS_sp3C	+1.00	ether	migrated	O2	2.5914	O2	2.5914	5.6462
34991	R	OPLS_sp3C	+1.00	hydroxyl	migrated	O5	2.6370	O5	2.6370	8.9063
34991	R	OPLS_sp3C	-0.25	H1	escaped	O5	44988.3335	O5	44988.3335	44992.2736
34991	R	OPLS_sp3C	-0.25	H2	escaped	O1	34880.7510	O1	34880.7510	34886.3486
34991	R	OPLS_sp3C	-0.25	H3	escaped	H8	40746.3896	H8	40746.3896	40746.3896
34991	R	OPLS_sp3C	-0.25	H4	escaped	O5	46895.1955	O5	46895.1955	46898.3865
34991	R	OPLS_sp3C	-0.25	H5	escaped	O6	35376.5228	O6	35376.5228	35380.4718
34991	R	OPLS_sp3C	-0.25	H6	escaped	H6	38017.3263	H6	38017.3263	38018.1122
34991	R	OPLS_sp3C	-0.25	H7	escaped	H3	46759.4253	H3	46759.4253	46759.9719
34991	R	OPLS_sp3C	-0.25	H8	escaped	H8	42165.6593	H8	42165.6593	42165.6593
34991	R	OPLS_sp3C	-0.50	H1	escaped	O5	52426.8780	O5	52426.8780	52431.0071
34991	R	OPLS_sp3C	-0.50	H2	escaped	O1	53537.3615	O1	53537.3615	53542.1702
34991	R	OPLS_sp3C	-0.50	H3	escaped	H8	53058.3478	H8	53058.3478	53058.3478
34991	R	OPLS_sp3C	-0.50	H4	escaped	O5	53796.4934	O5	53796.4934	53801.2751
34991	R	OPLS_sp3C	-0.50	H5	escaped	O6	55043.8386	O6	55043.8386	55048.6262
34991	R	OPLS_sp3C	-0.50	H6	escaped	H6	68047.2492	H6	68047.2492	68048.1200
34991	R	OPLS_sp3C	-0.50	H7	escaped	H3	65189.9474	H3	65189.9474	65190.6205
34991	R	OPLS_sp3C	-0.50	H8	escaped	H8	74321.0991	H8	74321.0991	74321.0991
34991	R	OPLS_sp3C	-0.75	H1	escaped	O5	72785.7857	O5	72785.7857	72789.9923
34991	R	OPLS_sp3C	-0.75	H2	escaped	O1	80329.8439	O1	80329.8439	80334.0987
34991	R	OPLS_sp3C	-0.75	H3	escaped	H3	70083.7065	H3	70083.7065	70083.7130
34991	R	OPLS_sp3C	-0.75	H4	escaped	O5	61827.1226	O5	61827.1226	61832.4087
34991	R	OPLS_sp3C	-0.75	H5	escaped	O6	81583.9075	O6	81583.9075	81588.8770
34991	R	OPLS_sp3C	-0.75	H6	escaped	O1	72301.2229	O1	72301.2229	72302.3104
34991	R	OPLS_sp3C	-0.75	H7	escaped	H3	68179.2245	H3	68179.2245	68179.9546
34991	R	OPLS_sp3C	-0.75	H8	escaped	H8	74933.2661	H8	74933.2661	74933.2661
34991	R	OPLS_sp3C	-1.00	H1	escaped	O5	84900.8790	O5	84900.8790	84905.1340
34991	R	OPLS_sp3C	-1.00	H2	escaped	O1	83773.6455	O1	83773.6455	83777.5778
34991	R	OPLS_sp3C	-1.00	H3	escaped	H3	93051.2434	H3	93051.2434	93051.4289
34991	R	OPLS_sp3C	-1.00	H4	escaped	O5	85624.8634	O5	85624.8634	85630.3522
34991	R	OPLS_sp3C	-1.00	H5	escaped	O6	84949.6897	O6	84949.6897	84954.7100
34991	R	OPLS_sp3C	-1.00	H6	escaped	O1	78178.3183	O1	78178.3183	78180.1227
34991	R	OPLS_sp3C	-1.00	H7	escaped	H3	87816.8602	H3	87816.8602	87817.6246
34991	R	OPLS_sp3C	-1.00	H8	escaped	H8	100017.8746	H8	100017.8746	100017.8746
34991	R	Behrens_3.55	+0.25	carbA	own	O1	2.9311	O1	2.9311	6.1888
34991	R	Behrens_3.55	+0.25	carbB	own	O6	3.0782	H2	2.9611	7.4343
34991	R	Behrens_3.55	+0.25	ether	migrated	O2	2.9437	O2	2.9437	6.1877
34991	R	Behrens_3.55	+0.25	hydroxyl	migrated	O6	3.0782	H2	2.9611	7.4343
34991	R	Behrens_3.55	+0.50	carbA	own	O1	2.7821	O1	2.7821	6.3313
34991	R	Behrens_3.55	+0.50	carbB	own	O6	2.9581	H2	2.9096	7.3144
34991	R	Behrens_3.55	+0.50	ether	migrated	O2	2.7770	O2	2.7770	5.9341
34991	R	Behrens_3.55	+0.50	hydroxyl	migrated	O6	2.9581	H2	2.9096	7.3144
34991	R	Behrens_3.55	+0.75	carbA	own	O1	2.6952	O1	2.6952	6.3290
34991	R	Behrens_3.55	+0.75	carbB	own	O5	2.7290	O5	2.7290	8.9341
34991	R	Behrens_3.55	+0.75	ether	migrated	O2	2.6811	O2	2.6811	5.7857
34991	R	Behrens_3.55	+0.75	hydroxyl	migrated	O5	2.7290	O5	2.7290	8.9341
34991	R	Behrens_3.55	+1.00	carbA	own	O1	2.6340	O1	2.6340	6.3139
34991	R	Behrens_3.55	+1.00	carbB	own	O5	2.6599	O5	2.6599	8.9193
34991	R	Behrens_3.55	+1.00	ether	migrated	O2	2.6142	O2	2.6142	5.6815
34991	R	Behrens_3.55	+1.00	hydroxyl	migrated	O6	2.6751	O6	2.6751	5.3138
34991	R	Behrens_3.55	-0.25	H1	escaped	O5	45991.1059	O5	45991.1059	45995.0234
34991	R	Behrens_3.55	-0.25	H2	escaped	O1	34906.1754	O1	34906.1754	34911.7781
34991	R	Behrens_3.55	-0.25	H3	escaped	H8	40815.5684	H8	40815.5684	40815.5684
34991	R	Behrens_3.55	-0.25	H4	escaped	O5	46925.7970	O5	46925.7970	46928.9666
34991	R	Behrens_3.55	-0.25	H5	escaped	O6	35419.0647	O6	35419.0647	35422.9962
34991	R	Behrens_3.55	-0.25	H6	escaped	H6	38044.3210	H6	38044.3210	38045.0967
34991	R	Behrens_3.55	-0.25	H7	escaped	H3	47205.8790	H3	47205.8790	47206.4251
34991	R	Behrens_3.55	-0.25	H8	escaped	H8	42165.4270	H8	42165.4270	42165.4270
34991	R	Behrens_3.55	-0.50	H1	escaped	O5	52929.6217	O5	52929.6217	52933.7325
34991	R	Behrens_3.55	-0.50	H2	escaped	O1	53577.9842	O1	53577.9842	53582.7957
34991	R	Behrens_3.55	-0.50	H3	escaped	H8	53094.5301	H8	53094.5301	53094.5301
34991	R	Behrens_3.55	-0.50	H4	escaped	O5	53823.8496	O5	53823.8496	53828.6185
34991	R	Behrens_3.55	-0.50	H5	escaped	O6	55123.1435	O6	55123.1435	55127.9167
34991	R	Behrens_3.55	-0.50	H6	escaped	H6	68006.3917	H6	68006.3917	68007.2491
34991	R	Behrens_3.55	-0.50	H7	escaped	H3	66413.0188	H3	66413.0188	66413.6929
34991	R	Behrens_3.55	-0.50	H8	escaped	H8	74314.2777	H8	74314.2777	74314.2777
34991	R	Behrens_3.55	-0.75	H1	escaped	O5	72854.3710	O5	72854.3710	72858.5593
34991	R	Behrens_3.55	-0.75	H2	escaped	O1	80367.0442	O1	80367.0442	80371.3000
34991	R	Behrens_3.55	-0.75	H3	escaped	H8	70106.9802	H8	70106.9802	70106.9802
34991	R	Behrens_3.55	-0.75	H4	escaped	O5	61848.8696	O5	61848.8696	61854.1467
34991	R	Behrens_3.55	-0.75	H5	escaped	O6	81638.5305	O6	81638.5305	81643.4886
34991	R	Behrens_3.55	-0.75	H6	escaped	O1	72217.0279	O1	72217.0279	72218.0829
34991	R	Behrens_3.55	-0.75	H7	escaped	H3	68094.6977	H3	68094.6977	68095.4268
34991	R	Behrens_3.55	-0.75	H8	escaped	H8	74925.7974	H8	74925.7974	74925.7974
34991	R	Behrens_3.55	-1.00	H1	escaped	O5	85279.0812	O5	85279.0812	85283.3174
34991	R	Behrens_3.55	-1.00	H2	escaped	O1	83808.6097	O1	83808.6097	83812.5427
34991	R	Behrens_3.55	-1.00	H3	escaped	H3	93058.4939	H3	93058.4939	93058.6712
34991	R	Behrens_3.55	-1.00	H4	escaped	O5	85654.5872	O5	85654.5872	85660.0686
34991	R	Behrens_3.55	-1.00	H5	escaped	O6	85000.1682	O6	85000.1682	85005.1792
34991	R	Behrens_3.55	-1.00	H6	escaped	O1	78089.4264	O1	78089.4264	78091.2061
34991	R	Behrens_3.55	-1.00	H7	escaped	H3	89087.0575	H3	89087.0575	89087.8216
34991	R	Behrens_3.55	-1.00	H8	escaped	H8	100008.1522	H8	100008.1522	100008.1522
34991	TS	N	+0.25	carbA	own	O1	2.8866	O1	2.8866	4.9667
34991	TS	N	+0.25	carbB	own	O6	3.0507	H2	2.9435	8.4687
34991	TS	N	+0.25	ether	migrated	O2	2.8997	O2	2.8997	6.6525
34991	TS	N	+0.25	hydroxyl	migrated	O6	3.0136	O6	3.0136	4.8847
34991	TS	N	+0.50	carbA	own	O1	2.7356	O1	2.7356	5.9000
34991	TS	N	+0.50	carbB	own	O6	2.7843	O6	2.7843	9.0986
34991	TS	N	+0.50	ether	migrated	O2	2.7388	O2	2.7388	6.3796
34991	TS	N	+0.50	hydroxyl	migrated	O6	2.7843	O6	2.7843	9.0986
34991	TS	N	+0.75	carbA	own	O1	2.6525	O1	2.6525	6.0513
34991	TS	N	+0.75	carbB	own	O6	2.6847	O6	2.6847	9.0630
34991	TS	N	+0.75	ether	migrated	O1	2.6525	O1	2.6525	6.0513
34991	TS	N	+0.75	hydroxyl	migrated	O6	2.7168	O6	2.7168	5.0333
34991	TS	N	+1.00	carbA	own	O1	2.5939	O1	2.5939	6.0871
34991	TS	N	+1.00	carbB	own	O6	2.6212	O6	2.6212	9.0014
34991	TS	N	+1.00	ether	migrated	O2	2.5807	O2	2.5807	6.1041
34991	TS	N	+1.00	hydroxyl	migrated	O6	2.6441	O6	2.6441	5.0628
34991	TS	N	-0.25	H1	escaped	O5	40936.9506	O5	40936.9506	40941.9588
34991	TS	N	-0.25	H2	escaped	O1	44650.6303	O1	44650.6303	44655.9682
34991	TS	N	-0.25	H3	escaped	H3	41237.3103	H3	41237.3103	41237.3973
34991	TS	N	-0.25	H4	escaped	H4	46531.0757	H4	46531.0757	46534.1869
34991	TS	N	-0.25	H5	escaped	O6	45780.3434	O6	45780.3434	45784.2604
34991	TS	N	-0.25	H6	escaped	H6	37279.4818	H6	37279.4818	37279.8502
34991	TS	N	-0.25	H7	escaped	H4	42271.9465	H4	42271.9465	42272.1046
34991	TS	N	-0.25	H8	escaped	H8	49708.1299	H8	49708.1299	49708.1299
34991	TS	N	-0.50	H1	escaped	O5	52586.1858	O5	52586.1858	52591.1835
34991	TS	N	-0.50	H2	escaped	O1	50888.3117	O1	50888.3117	50892.9753
34991	TS	N	-0.50	H3	escaped	H3	55886.5129	H3	55886.5129	55886.9601
34991	TS	N	-0.50	H4	escaped	O5	53270.7098	O5	53270.7098	53275.5799
34991	TS	N	-0.50	H5	escaped	O6	52039.3768	O6	52039.3768	52044.1885
34991	TS	N	-0.50	H6	escaped	H6	66946.4573	H6	66946.4573	66946.9693
34991	TS	N	-0.50	H7	escaped	H4	61898.9800	H4	61898.9800	61899.2912
34991	TS	N	-0.50	H8	escaped	H8	75151.4109	H8	75151.4109	75151.4109
34991	TS	N	-0.75	H1	escaped	O5	66569.8215	O5	66569.8215	66574.7662
34991	TS	N	-0.75	H2	escaped	O1	75452.2451	O1	75452.2451	75456.3733
34991	TS	N	-0.75	H3	escaped	H3	76640.6592	H3	76640.6592	76641.4354
34991	TS	N	-0.75	H4	escaped	O5	61724.2815	O5	61724.2815	61729.7270
34991	TS	N	-0.75	H5	escaped	O6	76708.1292	O6	76708.1292	76713.1350
34991	TS	N	-0.75	H6	escaped	O2	71631.3422	O2	71631.3422	71632.0774
34991	TS	N	-0.75	H7	escaped	H4	65401.4350	H4	65401.4350	65401.7526
34991	TS	N	-0.75	H8	escaped	H8	75469.4088	H8	75469.4088	75469.4088
34991	TS	N	-1.00	H1	escaped	O5	74983.6190	O5	74983.6190	74988.5187
34991	TS	N	-1.00	H2	escaped	O1	78813.7247	O1	78813.7247	78817.5284
34991	TS	N	-1.00	H3	escaped	H3	80283.9460	H3	80283.9460	80284.9914
34991	TS	N	-1.00	H4	escaped	O5	87315.1149	O5	87315.1149	87320.7823
34991	TS	N	-1.00	H5	escaped	O6	80016.5268	O6	80016.5268	80021.5722
34991	TS	N	-1.00	H6	escaped	O2	77853.3121	O2	77853.3121	77854.7812
34991	TS	N	-1.00	H7	escaped	H4	72732.0679	H4	72732.0679	72732.5928
34991	TS	N	-1.00	H8	escaped	H8	100445.2736	H8	100445.2736	100445.2736
34991	TS	N+5%	+0.25	carbA	own	O1	2.9638	O1	2.9638	4.9980
34991	TS	N+5%	+0.25	carbB	own	O6	3.1175	H2	2.9854	8.5426
34991	TS	N+5%	+0.25	ether	migrated	O2	2.9893	O2	2.9893	6.7936
34991	TS	N+5%	+0.25	hydroxyl	migrated	O6	3.1175	H2	2.9854	8.5426
34991	TS	N+5%	+0.50	carbA	own	O1	2.8114	O1	2.8114	5.5666
34991	TS	N+5%	+0.50	carbB	own	O6	2.9946	C10	2.9667	8.4776
34991	TS	N+5%	+0.50	ether	migrated	O2	2.8223	O2	2.8223	6.5169
34991	TS	N+5%	+0.50	hydroxyl	migrated	O6	2.9946	C10	2.9667	8.4776
34991	TS	N+5%	+0.75	carbA	own	O1	2.7245	O1	2.7245	5.9954
34991	TS	N+5%	+0.75	carbB	own	O6	2.7682	O6	2.7682	9.1119
34991	TS	N+5%	+0.75	ether	migrated	O2	2.7257	O2	2.7257	6.3524
34991	TS	N+5%	+0.75	hydroxyl	migrated	O6	2.7682	O6	2.7682	9.1119
34991	TS	N+5%	+1.00	carbA	own	O1	2.6642	O1	2.6642	6.0671
34991	TS	N+5%	+1.00	carbB	own	O6	2.6978	O6	2.6978	9.0751
34991	TS	N+5%	+1.00	ether	migrated	O1	2.6642	O1	2.6642	6.0671
34991	TS	N+5%	+1.00	hydroxyl	migrated	O6	2.7284	O6	2.7284	5.0405
34991	TS	N+5%	-0.25	H1	escaped	O5	34058.9624	O5	34058.9624	34063.8912
34991	TS	N+5%	-0.25	H2	escaped	O1	33902.7320	O1	33902.7320	33908.1017
34991	TS	N+5%	-0.25	H3	escaped	H3	41244.4655	H3	41244.4655	41244.5416
34991	TS	N+5%	-0.25	H4	escaped	H4	46646.1951	H4	46646.1951	46649.2381
34991	TS	N+5%	-0.25	H5	escaped	O6	46020.4491	O6	46020.4491	46024.3119
34991	TS	N+5%	-0.25	H6	escaped	H6	37416.7252	H6	37416.7252	37417.0570
34991	TS	N+5%	-0.25	H7	escaped	H4	46442.4408	H4	46442.4408	46442.6368
34991	TS	N+5%	-0.25	H8	escaped	H8	49888.9734	H8	49888.9734	49888.9734
34991	TS	N+5%	-0.50	H1	escaped	O5	65145.2312	O5	65145.2312	65150.1853
34991	TS	N+5%	-0.50	H2	escaped	O1	51122.7179	O1	51122.7179	51127.4095
34991	TS	N+5%	-0.50	H3	escaped	H3	55855.1062	H3	55855.1062	55855.5389
34991	TS	N+5%	-0.50	H4	escaped	O5	53296.1711	O5	53296.1711	53300.9833
34991	TS	N+5%	-0.50	H5	escaped	O6	52272.6041	O6	52272.6041	52277.3640
34991	TS	N+5%	-0.50	H6	escaped	H6	66856.6183	H6	66856.6183	66857.0809
34991	TS	N+5%	-0.50	H7	escaped	H4	52555.3485	H4	52555.3485	52555.7388
34991	TS	N+5%	-0.50	H8	escaped	H8	75128.4757	H8	75128.4757	75128.4757
34991	TS	N+5%	-0.75	H1	escaped	O5	63744.8078	O5	63744.8078	63749.7063
34991	TS	N+5%	-0.75	H2	escaped	O1	75543.0625	O1	75543.0625	75547.2115
34991	TS	N+5%	-0.75	H3	escaped	H3	76561.0757	H3	76561.0757	76561.8384
34991	TS	N+5%	-0.75	H4	escaped	O5	61794.2188	O5	61794.2188	61799.6260
34991	TS	N+5%	-0.75	H5	escaped	O6	76814.2147	O6	76814.2147	76819.1771
34991	TS	N+5%	-0.75	H6	escaped	O2	71398.1413	O2	71398.1413	71398.7965
34991	TS	N+5%	-0.75	H7	escaped	H4	70182.7231	H4	70182.7231	70183.1116
34991	TS	N+5%	-0.75	H8	escaped	H8	75434.8421	H8	75434.8421	75434.8421
34991	TS	N+5%	-1.00	H1	escaped	O5	76538.8059	O5	76538.8059	76543.6590
34991	TS	N+5%	-1.00	H2	escaped	O1	78886.9227	O1	78886.9227	78890.7443
34991	TS	N+5%	-1.00	H3	escaped	H3	80195.6045	H3	80195.6045	80196.6391
34991	TS	N+5%	-1.00	H4	escaped	O5	87346.4409	O5	87346.4409	87352.0789
34991	TS	N+5%	-1.00	H5	escaped	O6	80108.4677	O6	80108.4677	80113.4765
34991	TS	N+5%	-1.00	H6	escaped	O2	77602.4195	O2	77602.4195	77603.8313
34991	TS	N+5%	-1.00	H7	escaped	H4	71003.9929	H4	71003.9929	71004.5119
34991	TS	N+5%	-1.00	H8	escaped	H8	100395.7251	H8	100395.7251	100395.7251
34991	TS	N+10%	+0.25	carbA	own	O1	3.0411	O1	3.0411	5.0389
34991	TS	N+10%	+0.25	carbB	own	O6	3.1858	H2	3.0334	8.6199
34991	TS	N+10%	+0.25	ether	migrated	O2	3.0807	O2	3.0807	6.9371
34991	TS	N+10%	+0.25	hydroxyl	migrated	O6	3.1858	H2	3.0334	8.6199
34991	TS	N+10%	+0.50	carbA	own	O1	2.8887	O1	2.8887	5.2021
34991	TS	N+10%	+0.50	carbB	own	O6	3.0590	H2	3.0302	8.5312
34991	TS	N+10%	+0.50	ether	migrated	O2	2.9070	O2	2.9070	6.6550
34991	TS	N+10%	+0.50	hydroxyl	migrated	O6	3.0024	O6	3.0024	4.9471
34991	TS	N+10%	+0.75	carbA	own	O1	2.7968	O1	2.7968	5.8733
34991	TS	N+10%	+0.75	carbB	own	O6	2.9798	C10	2.9570	8.5092
34991	TS	N+10%	+0.75	ether	migrated	O2	2.8068	O2	2.8068	6.4874
34991	TS	N+10%	+0.75	hydroxyl	migrated	O6	2.9798	C10	2.9570	8.5092
34991	TS	N+10%	+1.00	carbA	own	O1	2.7347	O1	2.7347	6.0202
34991	TS	N+10%	+1.00	carbB	own	O6	2.7806	O6	2.7806	9.1181
34991	TS	N+10%	+1.00	ether	migrated	O2	2.7369	O2	2.7369	6.3686
34991	TS	N+10%	+1.00	hydroxyl	migrated	O6	2.7806	O6	2.7806	9.1181
34991	TS	N+10%	-0.25	H1	escaped	O5	36209.0364	O5	36209.0364	36213.8266
34991	TS	N+10%	-0.25	H2	escaped	O1	34156.2190	O1	34156.2190	34161.6343
34991	TS	N+10%	-0.25	H3	escaped	H3	41293.9621	H3	41293.9621	41294.0183
34991	TS	N+10%	-0.25	H4	escaped	H4	46724.7591	H4	46724.7591	46727.6901
34991	TS	N+10%	-0.25	H5	escaped	O6	46305.5464	O6	46305.5464	46309.3195
34991	TS	N+10%	-0.25	H6	escaped	H6	37552.4133	H6	37552.4133	37552.6833
34991	TS	N+10%	-0.25	H7	escaped	H4	36779.6384	H4	36779.6384	36779.8896
34991	TS	N+10%	-0.25	H8	escaped	H8	50106.2837	H8	50106.2837	50106.2837
34991	TS	N+10%	-0.50	H1	escaped	O5	58874.7899	O5	58874.7899	58879.6708
34991	TS	N+10%	-0.50	H2	escaped	O1	51464.1583	O1	51464.1583	51468.8875
34991	TS	N+10%	-0.50	H3	escaped	H3	55821.0023	H3	55821.0023	55821.4062
34991	TS	N+10%	-0.50	H4	escaped	O5	53268.2125	O5	53268.2125	53272.9315
34991	TS	N+10%	-0.50	H5	escaped	O6	52592.9698	O6	52592.9698	52597.6459
34991	TS	N+10%	-0.50	H6	escaped	H6	50312.6372	H6	50312.6372	50313.0140
34991	TS	N+10%	-0.50	H7	escaped	H4	51209.0644	H4	51209.0644	51209.4733
34991	TS	N+10%	-0.50	H8	escaped	H8	75118.9849	H8	75118.9849	75118.9849
34991	TS	N+10%	-0.75	H1	escaped	O5	79348.6009	O5	79348.6009	79353.4619
34991	TS	N+10%	-0.75	H2	escaped	O1	75727.5165	O1	75727.5165	75731.6936
34991	TS	N+10%	-0.75	H3	escaped	H3	76433.4123	H3	76433.4123	76434.1474
34991	TS	N+10%	-0.75	H4	escaped	O5	61828.1475	O5	61828.1475	61833.4947
34991	TS	N+10%	-0.75	H5	escaped	O6	77014.7883	O6	77014.7883	77019.6816
34991	TS	N+10%	-0.75	H6	escaped	O2	70972.3627	O2	70972.3627	70972.8793
34991	TS	N+10%	-0.75	H7	escaped	H4	75851.0439	H4	75851.0439	75851.4871
34991	TS	N+10%	-0.75	H8	escaped	H8	75414.2229	H8	75414.2229	75414.2229
34991	TS	N+10%	-1.00	H1	escaped	O5	96431.5710	O5	96431.5710	96436.3747
34991	TS	N+10%	-1.00	H2	escaped	O1	79035.9194	O1	79035.9194	79039.7655
34991	TS	N+10%	-1.00	H3	escaped	H3	80046.5956	H3	80046.5956	80047.6078
34991	TS	N+10%	-1.00	H4	escaped	O5	87425.4690	O5	87425.4690	87431.0613
34991	TS	N+10%	-1.00	H5	escaped	O6	80281.7709	O6	80281.7709	80286.7219
34991	TS	N+10%	-1.00	H6	escaped	O2	77153.3157	O2	77153.3157	77154.6273
34991	TS	N+10%	-1.00	H7	escaped	H4	74436.1892	H4	74436.1892	74436.7628
34991	TS	N+10%	-1.00	H8	escaped	H8	100364.8503	H8	100364.8503	100364.8503
34991	TS	OPLS_sp3C	+0.25	carbA	own	O1	2.9028	O1	2.9028	5.1099
34991	TS	OPLS_sp3C	+0.25	carbB	own	O6	3.0697	H2	3.0094	8.5253
34991	TS	OPLS_sp3C	+0.25	ether	migrated	O2	2.9217	O2	2.9217	6.6808
34991	TS	OPLS_sp3C	+0.25	hydroxyl	migrated	O6	3.0228	O6	3.0228	4.9268
34991	TS	OPLS_sp3C	+0.50	carbA	own	O1	2.7489	O1	2.7489	5.9756
34991	TS	OPLS_sp3C	+0.50	carbB	own	O6	2.8004	O6	2.8004	9.1088
34991	TS	OPLS_sp3C	+0.50	ether	migrated	O2	2.7530	O2	2.7530	6.3973
34991	TS	OPLS_sp3C	+0.50	hydroxyl	migrated	O6	2.8004	O6	2.8004	9.1088
34991	TS	OPLS_sp3C	+0.75	carbA	own	O1	2.6630	O1	2.6630	6.0790
34991	TS	OPLS_sp3C	+0.75	carbB	own	O6	2.6964	O6	2.6964	9.0746
34991	TS	OPLS_sp3C	+0.75	ether	migrated	O2	2.6568	O2	2.6568	6.2320
34991	TS	OPLS_sp3C	+0.75	hydroxyl	migrated	O6	2.7257	O6	2.7257	5.0467
34991	TS	OPLS_sp3C	+1.00	carbA	own	O1	2.6026	O1	2.6026	6.1041
34991	TS	OPLS_sp3C	+1.00	carbB	own	O6	2.6308	O6	2.6308	9.0118
34991	TS	OPLS_sp3C	+1.00	ether	migrated	O2	2.5899	O2	2.5899	6.1163
34991	TS	OPLS_sp3C	+1.00	hydroxyl	migrated	O6	2.6521	O6	2.6521	5.0721
34991	TS	OPLS_sp3C	-0.25	H1	escaped	O5	40896.3721	O5	40896.3721	40901.3463
34991	TS	OPLS_sp3C	-0.25	H2	escaped	O1	44559.1578	O1	44559.1578	44564.5111
34991	TS	OPLS_sp3C	-0.25	H3	escaped	H3	41513.8485	H3	41513.8485	41513.9262
34991	TS	OPLS_sp3C	-0.25	H4	escaped	H4	46190.6545	H4	46190.6545	46193.7333
34991	TS	OPLS_sp3C	-0.25	H5	escaped	O6	45638.5896	O6	45638.5896	45642.4927
34991	TS	OPLS_sp3C	-0.25	H6	escaped	H6	36959.0378	H6	36959.0378	36959.3538
34991	TS	OPLS_sp3C	-0.25	H7	escaped	H4	41965.5133	H4	41965.5133	41965.7079
34991	TS	OPLS_sp3C	-0.25	H8	escaped	H8	42929.1502	H8	42929.1502	42929.1502
34991	TS	OPLS_sp3C	-0.50	H1	escaped	O5	51516.9937	O5	51516.9937	51521.9607
34991	TS	OPLS_sp3C	-0.50	H2	escaped	O1	51103.5389	O1	51103.5389	51108.1980
34991	TS	OPLS_sp3C	-0.50	H3	escaped	H3	55502.6020	H3	55502.6020	55503.0076
34991	TS	OPLS_sp3C	-0.50	H4	escaped	O5	53093.8544	O5	53093.8544	53098.6955
34991	TS	OPLS_sp3C	-0.50	H5	escaped	O6	52208.7549	O6	52208.7549	52213.5150
34991	TS	OPLS_sp3C	-0.50	H6	escaped	H6	66428.0930	H6	66428.0930	66428.5145
34991	TS	OPLS_sp3C	-0.50	H7	escaped	H4	58634.0393	H4	58634.0393	58634.3618
34991	TS	OPLS_sp3C	-0.50	H8	escaped	H8	75301.2466	H8	75301.2466	75301.2466
34991	TS	OPLS_sp3C	-0.75	H1	escaped	O5	65504.8108	O5	65504.8108	65509.7277
34991	TS	OPLS_sp3C	-0.75	H2	escaped	O1	75918.8697	O1	75918.8697	75922.9966
34991	TS	OPLS_sp3C	-0.75	H3	escaped	H3	76205.5788	H3	76205.5788	76206.3098
34991	TS	OPLS_sp3C	-0.75	H4	escaped	O5	61580.8122	O5	61580.8122	61586.2335
34991	TS	OPLS_sp3C	-0.75	H5	escaped	O6	77172.5364	O6	77172.5364	77177.4894
34991	TS	OPLS_sp3C	-0.75	H6	escaped	O2	71075.6265	O2	71075.6265	71076.2486
34991	TS	OPLS_sp3C	-0.75	H7	escaped	H4	62062.8303	H4	62062.8303	62063.2011
34991	TS	OPLS_sp3C	-0.75	H8	escaped	H8	75650.3556	H8	75650.3556	75650.3556
34991	TS	OPLS_sp3C	-1.00	H1	escaped	O5	75946.0267	O5	75946.0267	75950.9003
34991	TS	OPLS_sp3C	-1.00	H2	escaped	O1	79188.7129	O1	79188.7129	79192.5183
34991	TS	OPLS_sp3C	-1.00	H3	escaped	H3	80199.0981	H3	80199.0981	80200.1016
34991	TS	OPLS_sp3C	-1.00	H4	escaped	O5	87630.3579	O5	87630.3579	87636.0024
34991	TS	OPLS_sp3C	-1.00	H5	escaped	O6	80402.5278	O6	80402.5278	80407.5264
34991	TS	OPLS_sp3C	-1.00	H6	escaped	O2	77353.7509	O2	77353.7509	77355.1366
34991	TS	OPLS_sp3C	-1.00	H7	escaped	H4	71670.7525	H4	71670.7525	71671.2876
34991	TS	OPLS_sp3C	-1.00	H8	escaped	H8	100694.2054	H8	100694.2054	100694.2054
34991	TS	Behrens_3.55	+0.25	carbA	own	O1	2.9259	O1	2.9259	5.1089
34991	TS	Behrens_3.55	+0.25	carbB	own	O6	3.0898	H2	3.0191	8.5457
34991	TS	Behrens_3.55	+0.25	ether	migrated	O2	2.9485	O2	2.9485	6.7239
34991	TS	Behrens_3.55	+0.25	hydroxyl	migrated	O6	3.0898	H2	3.0191	8.5457
34991	TS	Behrens_3.55	+0.50	carbA	own	O1	2.7710	O1	2.7710	5.9423
34991	TS	Behrens_3.55	+0.50	carbB	own	O6	2.8411	O6	2.8411	9.0471
34991	TS	Behrens_3.55	+0.50	ether	migrated	O2	2.7778	O2	2.7778	6.4387
34991	TS	Behrens_3.55	+0.50	hydroxyl	migrated	O6	2.8411	O6	2.8411	9.0471
34991	TS	Behrens_3.55	+0.75	carbA	own	O1	2.6844	O1	2.6844	6.0701
34991	TS	Behrens_3.55	+0.75	carbB	own	O6	2.7205	O6	2.7205	9.0934
34991	TS	Behrens_3.55	+0.75	ether	migrated	O2	2.6805	O2	2.6805	6.2723
34991	TS	Behrens_3.55	+0.75	hydroxyl	migrated	O6	2.7205	O6	2.7205	9.0934
34991	TS	Behrens_3.55	+1.00	carbA	own	O1	2.6235	O1	2.6235	6.1018
34991	TS	Behrens_3.55	+1.00	carbB	own	O6	2.6533	O6	2.6533	9.0349
34991	TS	Behrens_3.55	+1.00	ether	migrated	O2	2.6129	O2	2.6129	6.1557
34991	TS	Behrens_3.55	+1.00	hydroxyl	migrated	O6	2.6770	O6	2.6770	5.0657
34991	TS	Behrens_3.55	-0.25	H1	escaped	O5	33638.5017	O5	33638.5017	33643.4886
34991	TS	Behrens_3.55	-0.25	H2	escaped	O1	33682.2500	O1	33682.2500	33687.6129
34991	TS	Behrens_3.55	-0.25	H3	escaped	H3	41524.5493	H3	41524.5493	41524.6224
34991	TS	Behrens_3.55	-0.25	H4	escaped	H4	46202.5744	H4	46202.5744	46205.6313
34991	TS	Behrens_3.55	-0.25	H5	escaped	O6	45690.7133	O6	45690.7133	45694.5982
34991	TS	Behrens_3.55	-0.25	H6	escaped	H6	36982.4093	H6	36982.4093	36982.7126
34991	TS	Behrens_3.55	-0.25	H7	escaped	H4	41771.1454	H4	41771.1454	41771.3663
34991	TS	Behrens_3.55	-0.25	H8	escaped	H8	42932.9381	H8	42932.9381	42932.9381
34991	TS	Behrens_3.55	-0.50	H1	escaped	O5	50590.3098	O5	50590.3098	50595.2641
34991	TS	Behrens_3.55	-0.50	H2	escaped	O1	51170.1131	O1	51170.1131	51174.7799
34991	TS	Behrens_3.55	-0.50	H3	escaped	H3	55519.7374	H3	55519.7374	55520.1365
34991	TS	Behrens_3.55	-0.50	H4	escaped	O5	53088.1153	O5	53088.1153	53092.9381
34991	TS	Behrens_3.55	-0.50	H5	escaped	O6	52271.9225	O6	52271.9225	52276.6656
34991	TS	Behrens_3.55	-0.50	H6	escaped	H6	66384.0960	H6	66384.0960	66384.4998
34991	TS	Behrens_3.55	-0.50	H7	escaped	H4	60227.4696	H4	60227.4696	60227.8227
34991	TS	Behrens_3.55	-0.50	H8	escaped	H8	75297.9838	H8	75297.9838	75297.9838
34991	TS	Behrens_3.55	-0.75	H1	escaped	O5	64729.0905	O5	64729.0905	64733.9944
34991	TS	Behrens_3.55	-0.75	H2	escaped	O1	75957.8971	O1	75957.8971	75962.0297
34991	TS	Behrens_3.55	-0.75	H3	escaped	H3	76190.0109	H3	76190.0109	76190.7357
34991	TS	Behrens_3.55	-0.75	H4	escaped	O5	61587.8717	O5	61587.8717	61593.2811
34991	TS	Behrens_3.55	-0.75	H5	escaped	O6	77215.0749	O6	77215.0749	77220.0139
34991	TS	Behrens_3.55	-0.75	H6	escaped	O2	70988.3854	O2	70988.3854	70988.9791
34991	TS	Behrens_3.55	-0.75	H7	escaped	H4	62943.4412	H4	62943.4412	62943.8432
34991	TS	Behrens_3.55	-0.75	H8	escaped	H8	75645.8849	H8	75645.8849	75645.8849
34991	TS	Behrens_3.55	-1.00	H1	escaped	O5	76624.3202	O5	76624.3202	76629.1805
34991	TS	Behrens_3.55	-1.00	H2	escaped	O1	79220.4277	O1	79220.4277	79224.2381
34991	TS	Behrens_3.55	-1.00	H3	escaped	H3	80165.6062	H3	80165.6062	80166.6046
34991	TS	Behrens_3.55	-1.00	H4	escaped	O5	87648.0191	O5	87648.0191	87653.6544
34991	TS	Behrens_3.55	-1.00	H5	escaped	O6	80439.3309	O6	80439.3309	80444.3178
34991	TS	Behrens_3.55	-1.00	H6	escaped	O2	77262.6873	O2	77262.6873	77264.0524
34991	TS	Behrens_3.55	-1.00	H7	escaped	H4	71668.8311	H4	71668.8311	71669.3702
34991	TS	Behrens_3.55	-1.00	H8	escaped	H8	100688.0697	H8	100688.0697	100688.0697
36665	R	N	+0.25	carbA	own	O1	2.8737	O1	2.8737	5.4049
36665	R	N	+0.25	carbB	migrated	O1	3.0721	H2	2.6579	7.0807
36665	R	N	+0.25	ether	migrated	O2	2.8893	O2	2.8893	6.0918
36665	R	N	+0.25	hydroxyl	migrated	O6	2.9564	O6	2.9564	5.8192
36665	R	N	+0.50	carbA	own	O1	2.7335	O1	2.7335	5.4428
36665	R	N	+0.50	carbB	migrated	O1	2.9802	H2	2.5465	6.9229
36665	R	N	+0.50	ether	migrated	O2	2.7348	O2	2.7348	5.8563
36665	R	N	+0.50	hydroxyl	migrated	O1	2.9802	H2	2.5465	6.9229
36665	R	N	+0.75	carbA	own	O1	2.6502	O1	2.6502	5.5431
36665	R	N	+0.75	carbB	migrated	O1	2.9157	H2	2.4807	6.8214
36665	R	N	+0.75	ether	migrated	O2	2.6444	O2	2.6444	5.7177
36665	R	N	+0.75	hydroxyl	migrated	O5	2.7257	O5	2.7257	5.6206
36665	R	N	+1.00	carbA	own	O1	2.5909	O1	2.5909	5.6692
36665	R	N	+1.00	carbB	migrated	O1	2.8478	H2	2.4350	6.7400
36665	R	N	+1.00	ether	migrated	O2	2.5808	O2	2.5808	5.6205
36665	R	N	+1.00	hydroxyl	migrated	O1	2.8478	H2	2.4350	6.7400
36665	R	N	-0.25	H1	escaped	O5	35081.9076	O5	35081.9076	35086.4226
36665	R	N	-0.25	H2	escaped	O1	33376.5359	O1	33376.5359	33382.2847
36665	R	N	-0.25	H3	escaped	H8	40984.8245	H8	40984.8245	40984.8245
36665	R	N	-0.25	H4	escaped	H4	47060.7466	H4	47060.7466	47063.6830
36665	R	N	-0.25	H5	escaped	O6	44771.9617	O6	44771.9617	44776.1503
36665	R	N	-0.25	H6	escaped	H6	36116.9956	H6	36116.9956	36117.4507
36665	R	N	-0.25	H7	escaped	H8	36400.7175	H8	36400.7175	36400.7175
36665	R	N	-0.25	H8	escaped	H8	44357.7858	H8	44357.7858	44357.7858
36665	R	N	-0.50	H1	escaped	O5	54714.1090	O5	54714.1090	54719.1771
36665	R	N	-0.50	H2	escaped	O1	51090.2466	O1	51090.2466	51094.9632
36665	R	N	-0.50	H3	escaped	H8	70357.0507	H8	70357.0507	70357.0507
36665	R	N	-0.50	H4	escaped	O5	53626.4869	O5	53626.4869	53630.9390
36665	R	N	-0.50	H5	escaped	O6	53053.7900	O6	53053.7900	53058.8028
36665	R	N	-0.50	H6	escaped	O2	50788.1777	O2	50788.1777	50788.8727
36665	R	N	-0.50	H7	escaped	H8	60679.8283	H8	60679.8283	60679.8283
36665	R	N	-0.50	H8	escaped	H8	55292.4416	H8	55292.4416	55292.4416
36665	R	N	-0.75	H1	escaped	O5	80491.9570	O5	80491.9570	80497.0585
36665	R	N	-0.75	H2	escaped	O1	78709.1213	O1	78709.1213	78713.1453
36665	R	N	-0.75	H3	escaped	H8	69882.5157	H8	69882.5157	69882.5157
36665	R	N	-0.75	H4	escaped	O5	82033.4705	O5	82033.4705	82038.4274
36665	R	N	-0.75	H5	escaped	O6	80891.2094	O6	80891.2094	80896.3552
36665	R	N	-0.75	H6	escaped	O2	74495.2943	O2	74495.2943	74496.9305
36665	R	N	-0.75	H7	escaped	H8	73675.6980	H8	73675.6980	73675.6980
36665	R	N	-0.75	H8	escaped	H8	72511.8764	H8	72511.8764	72511.8764
36665	R	N	-1.00	H1	escaped	O5	83907.3146	O5	83907.3146	83912.3926
36665	R	N	-1.00	H2	escaped	O1	83034.1972	O1	83034.1972	83037.8250
36665	R	N	-1.00	H3	escaped	H8	92305.9037	H8	92305.9037	92305.9037
36665	R	N	-1.00	H4	escaped	O5	86467.9841	O5	86467.9841	86473.1414
36665	R	N	-1.00	H5	escaped	O6	84509.0452	O6	84509.0452	84514.2122
36665	R	N	-1.00	H6	escaped	O2	82399.8972	O2	82399.8972	82402.0355
36665	R	N	-1.00	H7	escaped	H8	84212.9286	H8	84212.9286	84212.9286
36665	R	N	-1.00	H8	escaped	H8	96241.8379	H8	96241.8379	96241.8379
36665	R	N+5%	+0.25	carbA	own	O1	2.9498	O1	2.9498	5.4581
36665	R	N+5%	+0.25	carbB	own	O6	3.1304	H2	2.7331	7.1813
36665	R	N+5%	+0.25	ether	migrated	O2	2.9752	O2	2.9752	6.2215
36665	R	N+5%	+0.25	hydroxyl	migrated	O6	3.1304	H2	2.7331	7.1813
36665	R	N+5%	+0.50	carbA	own	O1	2.8062	O1	2.8062	5.4659
36665	R	N+5%	+0.50	carbB	migrated	O1	3.0371	H2	2.6150	7.0208
36665	R	N+5%	+0.50	ether	migrated	O2	2.8159	O2	2.8159	5.9815
36665	R	N+5%	+0.50	hydroxyl	migrated	O1	3.0371	H2	2.6150	7.0208
36665	R	N+5%	+0.75	carbA	own	O1	2.7214	O1	2.7214	5.5097
36665	R	N+5%	+0.75	carbB	migrated	O1	2.9778	H2	2.5451	6.9201
36665	R	N+5%	+0.75	ether	migrated	O2	2.7226	O2	2.7226	5.8391
36665	R	N+5%	+0.75	hydroxyl	migrated	O1	2.9778	H2	2.5451	6.9201
36665	R	N+5%	+1.00	carbA	own	O1	2.6611	O1	2.6611	5.5858
36665	R	N+5%	+1.00	carbB	migrated	O1	2.9300	H2	2.4960	6.8448
36665	R	N+5%	+1.00	ether	migrated	O2	2.6570	O2	2.6570	5.7388
36665	R	N+5%	+1.00	hydroxyl	migrated	O5	2.7397	O5	2.7397	5.6510
36665	R	N+5%	-0.25	H1	escaped	O5	35412.3933	O5	35412.3933	35416.8983
36665	R	N+5%	-0.25	H2	escaped	O1	33478.4659	O1	33478.4659	33484.2230
36665	R	N+5%	-0.25	H3	escaped	H8	40976.0360	H8	40976.0360	40976.0360
36665	R	N+5%	-0.25	H4	escaped	H4	47200.0664	H4	47200.0664	47202.9459
36665	R	N+5%	-0.25	H5	escaped	O6	45096.0209	O6	45096.0209	45100.1387
36665	R	N+5%	-0.25	H6	escaped	H6	36196.4140	H6	36196.4140	36196.8220
36665	R	N+5%	-0.25	H7	escaped	H8	41781.7645	H8	41781.7645	41781.7645
36665	R	N+5%	-0.25	H8	escaped	H8	45208.3442	H8	45208.3442	45208.3442
36665	R	N+5%	-0.50	H1	escaped	O5	55260.6288	O5	55260.6288	55265.6874
36665	R	N+5%	-0.50	H2	escaped	O1	51180.7615	O1	51180.7615	51185.4838
36665	R	N+5%	-0.50	H3	escaped	H8	70587.6320	H8	70587.6320	70587.6320
36665	R	N+5%	-0.50	H4	escaped	O5	53694.5278	O5	53694.5278	53698.9285
36665	R	N+5%	-0.50	H5	escaped	O6	53405.5490	O6	53405.5490	53410.4905
36665	R	N+5%	-0.50	H6	escaped	H6	50650.7754	H6	50650.7754	50651.4130
36665	R	N+5%	-0.50	H7	escaped	H8	57924.0046	H8	57924.0046	57924.0046
36665	R	N+5%	-0.50	H8	escaped	H8	55692.1070	H8	55692.1070	55692.1070
36665	R	N+5%	-0.75	H1	escaped	O5	80754.6177	O5	80754.6177	80759.7102
36665	R	N+5%	-0.75	H2	escaped	O1	78888.6196	O1	78888.6196	78892.6455
36665	R	N+5%	-0.75	H3	escaped	H8	70025.7434	H8	70025.7434	70025.7434
36665	R	N+5%	-0.75	H4	escaped	O5	82209.2705	O5	82209.2705	82214.1916
36665	R	N+5%	-0.75	H5	escaped	O6	81071.1121	O6	81071.1121	81076.2013
36665	R	N+5%	-0.75	H6	escaped	O2	74267.2293	O2	74267.2293	74268.8095
36665	R	N+5%	-0.75	H7	escaped	H8	61915.7459	H8	61915.7459	61915.7459
36665	R	N+5%	-0.75	H8	escaped	H8	72847.0638	H8	72847.0638	72847.0638
36665	R	N+5%	-1.00	H1	escaped	O5	84151.4946	O5	84151.4946	84156.5648
36665	R	N+5%	-1.00	H2	escaped	O1	83093.0819	O1	83093.0819	83096.7094
36665	R	N+5%	-1.00	H3	escaped	H8	92446.8152	H8	92446.8152	92446.8152
36665	R	N+5%	-1.00	H4	escaped	O5	86511.2445	O5	86511.2445	86516.3739
36665	R	N+5%	-1.00	H5	escaped	O6	84665.2443	O6	84665.2443	84670.3652
36665	R	N+5%	-1.00	H6	escaped	O2	82192.6262	O2	82192.6262	82194.7279
36665	R	N+5%	-1.00	H7	escaped	H8	71544.4493	H8	71544.4493	71544.4493
36665	R	N+5%	-1.00	H8	escaped	H8	96577.3080	H8	96577.3080	96577.3080
36665	R	N+10%	+0.25	carbA	own	O1	3.0262	O1	3.0262	5.5148
36665	R	N+10%	+0.25	carbB	own	O6	3.1892	H2	2.8101	7.2816
36665	R	N+10%	+0.25	ether	migrated	O2	3.0617	O2	3.0617	6.3525
36665	R	N+10%	+0.25	hydroxyl	migrated	O6	3.1892	H2	2.8101	7.2816
36665	R	N+10%	+0.50	carbA	own	O1	2.8790	O1	2.8790	5.5032
36665	R	N+10%	+0.50	carbB	migrated	O1	3.0941	H2	2.6857	7.1178
36665	R	N+10%	+0.50	ether	migrated	O2	2.8976	O2	2.8976	6.1082
36665	R	N+10%	+0.50	hydroxyl	migrated	O1	3.0941	H2	2.6857	7.1178
36665	R	N+10%	+0.75	carbA	own	O1	2.7923	O1	2.7923	5.5168
36665	R	N+10%	+0.75	carbB	migrated	O1	3.0340	H2	2.6118	7.0158
36665	R	N+10%	+0.75	ether	migrated	O2	2.8014	O2	2.8014	5.9620
36665	R	N+10%	+0.75	hydroxyl	migrated	O1	3.0340	H2	2.6118	7.0158
36665	R	N+10%	+1.00	carbA	own	O1	2.7308	O1	2.7308	5.5515
36665	R	N+10%	+1.00	carbB	migrated	O1	2.9898	H2	2.5597	6.9411
36665	R	N+10%	+1.00	ether	migrated	O2	2.7337	O2	2.7337	5.8586
36665	R	N+10%	+1.00	hydroxyl	migrated	O1	2.9898	H2	2.5597	6.9411
36665	R	N+10%	-0.25	H1	escaped	O5	35743.5398	O5	35743.5398	35748.0123
36665	R	N+10%	-0.25	H2	escaped	O1	33610.1306	O1	33610.1306	33615.8932
36665	R	N+10%	-0.25	H3	escaped	H8	41013.4242	H8	41013.4242	41013.4242
36665	R	N+10%	-0.25	H4	escaped	H4	47309.5739	H4	47309.5739	47312.3595
36665	R	N+10%	-0.25	H5	escaped	O6	45528.2216	O6	45528.2216	45532.2244
36665	R	N+10%	-0.25	H6	escaped	H6	48024.8809	H6	48024.8809	48025.2092
36665	R	N+10%	-0.25	H7	escaped	H8	40924.6345	H8	40924.6345	40924.6345
36665	R	N+10%	-0.25	H8	escaped	H8	46107.5363	H8	46107.5363	46107.5363
36665	R	N+10%	-0.50	H1	escaped	O5	55938.9935	O5	55938.9935	55944.0303
36665	R	N+10%	-0.50	H2	escaped	O1	51312.4921	O1	51312.4921	51317.2177
36665	R	N+10%	-0.50	H3	escaped	H8	70848.9445	H8	70848.9445	70848.9445
36665	R	N+10%	-0.50	H4	escaped	O5	53729.3783	O5	53729.3783	53733.6964
36665	R	N+10%	-0.50	H5	escaped	O6	53899.9278	O6	53899.9278	53904.7587
36665	R	N+10%	-0.50	H6	escaped	H6	50379.6616	H6	50379.6616	50380.2071
36665	R	N+10%	-0.50	H7	escaped	H8	54549.0271	H8	54549.0271	54549.0271
36665	R	N+10%	-0.50	H8	escaped	H8	56087.6492	H8	56087.6492	56087.6492
36665	R	N+10%	-0.75	H1	escaped	O5	81181.6716	O5	81181.6716	81186.7452
36665	R	N+10%	-0.75	H2	escaped	O1	79147.8130	O1	79147.8130	79151.8386
36665	R	N+10%	-0.75	H3	escaped	H8	70189.5723	H8	70189.5723	70189.5723
36665	R	N+10%	-0.75	H4	escaped	O5	82383.4268	O5	82383.4268	82388.2918
36665	R	N+10%	-0.75	H5	escaped	O6	81377.1643	O6	81377.1643	81382.1667
36665	R	N+10%	-0.75	H6	escaped	O2	73843.0157	O2	73843.0157	73844.4988
36665	R	N+10%	-0.75	H7	escaped	H8	66317.5087	H8	66317.5087	66317.5087
36665	R	N+10%	-0.75	H8	escaped	H8	73172.1810	H8	73172.1810	73172.1810
36665	R	N+10%	-1.00	H1	escaped	O5	84554.9146	O5	84554.9146	84559.9692
36665	R	N+10%	-1.00	H2	escaped	O1	83213.3001	O1	83213.3001	83216.9255
36665	R	N+10%	-1.00	H3	escaped	H8	92620.2139	H8	92620.2139	92620.2139
36665	R	N+10%	-1.00	H4	escaped	O5	86607.8810	O5	86607.8810	86612.9673
36665	R	N+10%	-1.00	H5	escaped	O6	84933.3359	O6	84933.3359	84938.3865
36665	R	N+10%	-1.00	H6	escaped	O2	81809.9420	O2	81809.9420	81811.9808
36665	R	N+10%	-1.00	H7	escaped	H8	70054.6774	H8	70054.6774	70054.6774
36665	R	N+10%	-1.00	H8	escaped	H8	96898.9441	H8	96898.9441	96898.9441
36665	R	OPLS_sp3C	+0.25	carbA	own	O1	2.8918	O1	2.8918	5.4824
36665	R	OPLS_sp3C	+0.25	carbB	migrated	O1	3.0991	H2	2.6919	7.1263
36665	R	OPLS_sp3C	+0.25	ether	migrated	O2	2.9114	O2	2.9114	6.1275
36665	R	OPLS_sp3C	+0.25	hydroxyl	migrated	O1	3.0991	H2	2.6919	7.1263
36665	R	OPLS_sp3C	+0.50	carbA	own	O1	2.7453	O1	2.7453	5.5189
36665	R	OPLS_sp3C	+0.50	carbB	migrated	O1	2.9981	H2	2.5687	6.9545
36665	R	OPLS_sp3C	+0.50	ether	migrated	O2	2.7492	O2	2.7492	5.8811
36665	R	OPLS_sp3C	+0.50	hydroxyl	migrated	O1	2.9981	H2	2.5687	6.9545
36665	R	OPLS_sp3C	+0.75	carbA	own	O1	2.6595	O1	2.6595	5.6160
36665	R	OPLS_sp3C	+0.75	carbB	migrated	O1	2.9308	H2	2.4978	6.8471
36665	R	OPLS_sp3C	+0.75	ether	migrated	O2	2.6556	O2	2.6556	5.7379
36665	R	OPLS_sp3C	+0.75	hydroxyl	migrated	O5	2.7368	O5	2.7368	5.6738
36665	R	OPLS_sp3C	+1.00	carbA	own	O1	2.5988	O1	2.5988	5.7170
36665	R	OPLS_sp3C	+1.00	carbB	migrated	O1	2.8638	H2	2.4489	6.7627
36665	R	OPLS_sp3C	+1.00	ether	migrated	O2	2.5902	O2	2.5902	5.6381
36665	R	OPLS_sp3C	+1.00	hydroxyl	migrated	O1	2.8638	H2	2.4489	6.7627
36665	R	OPLS_sp3C	-0.25	H1	escaped	O5	34836.2912	O5	34836.2912	34840.8127
36665	R	OPLS_sp3C	-0.25	H2	escaped	O1	33305.5639	O1	33305.5639	33311.2994
36665	R	OPLS_sp3C	-0.25	H3	escaped	H8	40572.6282	H8	40572.6282	40572.6282
36665	R	OPLS_sp3C	-0.25	H4	escaped	H4	46736.2484	H4	46736.2484	46739.1550
36665	R	OPLS_sp3C	-0.25	H5	escaped	O6	44753.7309	O6	44753.7309	44757.8750
36665	R	OPLS_sp3C	-0.25	H6	escaped	H6	47430.1703	H6	47430.1703	47430.5650
36665	R	OPLS_sp3C	-0.25	H7	escaped	H8	36010.6560	H8	36010.6560	36010.6560
36665	R	OPLS_sp3C	-0.25	H8	escaped	H8	42509.7082	H8	42509.7082	42509.7082
36665	R	OPLS_sp3C	-0.50	H1	escaped	O5	54831.8983	O5	54831.8983	54836.9303
36665	R	OPLS_sp3C	-0.50	H2	escaped	O1	51174.8783	O1	51174.8783	51179.5713
36665	R	OPLS_sp3C	-0.50	H3	escaped	H8	70033.7197	H8	70033.7197	70033.7197
36665	R	OPLS_sp3C	-0.50	H4	escaped	O5	53496.1991	O5	53496.1991	53500.6245
36665	R	OPLS_sp3C	-0.50	H5	escaped	O6	53232.4681	O6	53232.4681	53237.4073
36665	R	OPLS_sp3C	-0.50	H6	escaped	H6	50396.9655	H6	50396.9655	50397.5700
36665	R	OPLS_sp3C	-0.50	H7	escaped	H8	60457.2428	H8	60457.2428	60457.2428
36665	R	OPLS_sp3C	-0.50	H8	escaped	H8	71965.5190	H8	71965.5190	71965.5190
36665	R	OPLS_sp3C	-0.75	H1	escaped	O5	81197.3816	O5	81197.3816	81202.4459
36665	R	OPLS_sp3C	-0.75	H2	escaped	O1	78888.3137	O1	78888.3137	78892.3208
36665	R	OPLS_sp3C	-0.75	H3	escaped	H8	69700.8852	H8	69700.8852	69700.8852
36665	R	OPLS_sp3C	-0.75	H4	escaped	O5	81957.1778	O5	81957.1778	81962.1103
36665	R	OPLS_sp3C	-0.75	H5	escaped	O6	81377.2269	O6	81377.2269	81382.3095
36665	R	OPLS_sp3C	-0.75	H6	escaped	O2	74052.7615	O2	74052.7615	74054.3321
36665	R	OPLS_sp3C	-0.75	H7	escaped	H8	73081.1374	H8	73081.1374	73081.1374
36665	R	OPLS_sp3C	-0.75	H8	escaped	H8	71668.2894	H8	71668.2894	71668.2894
36665	R	OPLS_sp3C	-1.00	H1	escaped	O5	84539.8594	O5	84539.8594	84544.9053
36665	R	OPLS_sp3C	-1.00	H2	escaped	O1	83333.5898	O1	83333.5898	83337.2067
36665	R	OPLS_sp3C	-1.00	H3	escaped	H8	92215.7505	H8	92215.7505	92215.7505
36665	R	OPLS_sp3C	-1.00	H4	escaped	O5	86796.4087	O5	86796.4087	86801.5430
36665	R	OPLS_sp3C	-1.00	H5	escaped	O6	84932.5977	O6	84932.5977	84937.7124
36665	R	OPLS_sp3C	-1.00	H6	escaped	O2	82008.5737	O2	82008.5737	82010.6671
36665	R	OPLS_sp3C	-1.00	H7	escaped	H8	83241.8886	H8	83241.8886	83241.8886
36665	R	OPLS_sp3C	-1.00	H8	escaped	H8	95377.3026	H8	95377.3026	95377.3026
36665	R	Behrens_3.55	+0.25	carbA	own	O1	2.9146	O1	2.9146	5.4969
36665	R	Behrens_3.55	+0.25	carbB	own	O6	3.1162	H2	2.7144	7.1564
36665	R	Behrens_3.55	+0.25	ether	migrated	O2	2.9371	O2	2.9371	6.1671
36665	R	Behrens_3.55	+0.25	hydroxyl	migrated	O6	3.1162	H2	2.7144	7.1564
36665	R	Behrens_3.55	+0.50	carbA	own	O1	2.7670	O1	2.7670	5.5206
36665	R	Behrens_3.55	+0.50	carbB	migrated	O1	3.0153	H2	2.5892	6.9838
36665	R	Behrens_3.55	+0.50	ether	migrated	O2	2.7733	O2	2.7733	5.9188
36665	R	Behrens_3.55	+0.50	hydroxyl	migrated	O1	3.0153	H2	2.5892	6.9838
36665	R	Behrens_3.55	+0.75	carbA	own	O1	2.6807	O1	2.6807	5.5991
36665	R	Behrens_3.55	+0.75	carbB	migrated	O1	2.9502	H2	2.5169	6.8768
36665	R	Behrens_3.55	+0.75	ether	migrated	O2	2.6788	O2	2.6788	5.7743
36665	R	Behrens_3.55	+0.75	hydroxyl	migrated	O5	2.7665	O5	2.7665	5.6711
36665	R	Behrens_3.55	+1.00	carbA	own	O1	2.6197	O1	2.6197	5.6937
36665	R	Behrens_3.55	+1.00	carbB	migrated	O1	2.8915	H2	2.4669	6.7951
36665	R	Behrens_3.55	+1.00	ether	migrated	O2	2.6128	O2	2.6128	5.6734
36665	R	Behrens_3.55	+1.00	hydroxyl	migrated	O1	2.8915	H2	2.4669	6.7951
36665	R	Behrens_3.55	-0.25	H1	escaped	O5	34897.2436	O5	34897.2436	34901.7592
36665	R	Behrens_3.55	-0.25	H2	escaped	O1	33329.9251	O1	33329.9251	33335.6621
36665	R	Behrens_3.55	-0.25	H3	escaped	H8	40635.7534	H8	40635.7534	40635.7534
36665	R	Behrens_3.55	-0.25	H4	escaped	H4	46754.0044	H4	46754.0044	46756.8925
36665	R	Behrens_3.55	-0.25	H5	escaped	O6	44836.2350	O6	44836.2350	44840.3564
36665	R	Behrens_3.55	-0.25	H6	escaped	H6	47440.8231	H6	47440.8231	47441.2015
36665	R	Behrens_3.55	-0.25	H7	escaped	H8	34803.0441	H8	34803.0441	34803.0441
36665	R	Behrens_3.55	-0.25	H8	escaped	H8	42624.0318	H8	42624.0318	42624.0318
36665	R	Behrens_3.55	-0.50	H1	escaped	O5	54961.9348	O5	54961.9348	54966.9623
36665	R	Behrens_3.55	-0.50	H2	escaped	O1	51201.5105	O1	51201.5105	51206.2041
36665	R	Behrens_3.55	-0.50	H3	escaped	H8	70082.0246	H8	70082.0246	70082.0246
36665	R	Behrens_3.55	-0.50	H4	escaped	O5	53502.6737	O5	53502.6737	53507.0828
36665	R	Behrens_3.55	-0.50	H5	escaped	O6	53329.0688	O6	53329.0688	53333.9857
36665	R	Behrens_3.55	-0.50	H6	escaped	H6	50341.5402	H6	50341.5402	50342.1259
36665	R	Behrens_3.55	-0.50	H7	escaped	H8	54770.4025	H8	54770.4025	54770.4025
36665	R	Behrens_3.55	-0.50	H8	escaped	H8	72047.9604	H8	72047.9604	72047.9604
36665	R	Behrens_3.55	-0.75	H1	escaped	O5	81287.4420	O5	81287.4420	81292.5025
36665	R	Behrens_3.55	-0.75	H2	escaped	O1	78941.3642	O1	78941.3642	78945.3713
36665	R	Behrens_3.55	-0.75	H3	escaped	H8	69733.4132	H8	69733.4132	69733.4132
36665	R	Behrens_3.55	-0.75	H4	escaped	O5	81991.8650	O5	81991.8650	81996.7863
36665	R	Behrens_3.55	-0.75	H5	escaped	O6	81441.4786	O6	81441.4786	81446.5436
36665	R	Behrens_3.55	-0.75	H6	escaped	O2	73968.4247	O2	73968.4247	73969.9757
36665	R	Behrens_3.55	-0.75	H7	escaped	H8	70796.0179	H8	70796.0179	70796.0179
36665	R	Behrens_3.55	-0.75	H8	escaped	H8	71722.4989	H8	71722.4989	71722.4989
36665	R	Behrens_3.55	-1.00	H1	escaped	O5	84624.6213	O5	84624.6213	84629.6639
36665	R	Behrens_3.55	-1.00	H2	escaped	O1	83359.4488	O1	83359.4488	83363.0652
36665	R	Behrens_3.55	-1.00	H3	escaped	H8	92253.2257	H8	92253.2257	92253.2257
36665	R	Behrens_3.55	-1.00	H4	escaped	O5	86817.6924	O5	86817.6924	86822.8181
36665	R	Behrens_3.55	-1.00	H5	escaped	O6	84988.8980	O6	84988.8980	84993.9983
36665	R	Behrens_3.55	-1.00	H6	escaped	O2	81933.1851	O2	81933.1851	81935.2658
36665	R	Behrens_3.55	-1.00	H7	escaped	H8	79630.7241	H8	79630.7241	79630.7241
36665	R	Behrens_3.55	-1.00	H8	escaped	H8	95432.3923	H8	95432.3923	95432.3923
36665	TS	N	+0.25	carbA	own	O1	2.8689	O1	2.8689	5.3961
36665	TS	N	+0.25	carbB	own	O6	2.9205	O6	2.9205	8.7157
36665	TS	N	+0.25	ether	migrated	O2	2.8940	O2	2.8940	6.5923
36665	TS	N	+0.25	hydroxyl	migrated	O6	2.9960	O6	2.9960	5.6332
36665	TS	N	+0.50	carbA	own	O1	2.7299	O1	2.7299	5.4217
36665	TS	N	+0.50	carbB	own	O6	2.7780	O6	2.7780	8.6194
36665	TS	N	+0.50	ether	migrated	O2	2.7341	O2	2.7341	6.3107
36665	TS	N	+0.50	hydroxyl	migrated	O6	2.7910	O6	2.7910	5.7713
36665	TS	N	+0.75	carbA	own	O1	2.6473	O1	2.6473	5.4920
36665	TS	N	+0.75	carbB	own	O6	2.6728	O6	2.6728	9.0056
36665	TS	N	+0.75	ether	migrated	O1	2.6473	O1	2.6473	5.4920
36665	TS	N	+0.75	hydroxyl	migrated	O6	2.6826	O6	2.6826	5.8285
36665	TS	N	+1.00	carbA	own	O1	2.5883	O1	2.5883	5.5976
36665	TS	N	+1.00	carbB	own	O6	2.6068	O6	2.6068	8.9931
36665	TS	N	+1.00	ether	migrated	O1	2.5883	O1	2.5883	5.5976
36665	TS	N	+1.00	hydroxyl	migrated	O6	2.6068	O6	2.6068	8.9931
36665	TS	N	-0.25	H1	escaped	O5	34526.6985	O5	34526.6985	34531.2997
36665	TS	N	-0.25	H2	escaped	O1	41471.2987	O1	41471.2987	41476.8684
36665	TS	N	-0.25	H3	escaped	H3	41435.2374	H3	41435.2374	41435.4794
36665	TS	N	-0.25	H4	escaped	H4	46758.7994	H4	46758.7994	46761.7511
36665	TS	N	-0.25	H5	escaped	O6	43676.9731	O6	43676.9731	43681.2540
36665	TS	N	-0.25	H6	escaped	H6	47858.2646	H6	47858.2646	47858.3784
36665	TS	N	-0.25	H7	escaped	H8	38251.8518	H8	38251.8518	38251.8518
36665	TS	N	-0.25	H8	escaped	H8	44577.3805	H8	44577.3805	44577.3805
36665	TS	N	-0.50	H1	escaped	O5	53619.6142	O5	53619.6142	53624.5778
36665	TS	N	-0.50	H2	escaped	O1	62419.7706	O1	62419.7706	62424.2935
36665	TS	N	-0.50	H3	escaped	H3	73668.0854	H3	73668.0854	73668.6395
36665	TS	N	-0.50	H4	escaped	O5	53460.5253	O5	53460.5253	53464.9568
36665	TS	N	-0.50	H5	escaped	O6	51263.0016	O6	51263.0016	51268.1863
36665	TS	N	-0.50	H6	escaped	H6	50286.5711	H6	50286.5711	50286.9125
36665	TS	N	-0.50	H7	escaped	H8	69903.0984	H8	69903.0984	69903.0984
36665	TS	N	-0.50	H8	escaped	H8	56029.7476	H8	56029.7476	56029.7476
36665	TS	N	-0.75	H1	escaped	O5	80651.3721	O5	80651.3721	80656.2769
36665	TS	N	-0.75	H2	escaped	O1	72030.8053	O1	72030.8053	72034.4782
36665	TS	N	-0.75	H3	escaped	H3	75498.9798	H3	75498.9798	75499.8323
36665	TS	N	-0.75	H4	escaped	O5	81925.5948	O5	81925.5948	81930.5244
36665	TS	N	-0.75	H5	escaped	O6	78698.2132	O6	78698.2132	78703.5391
36665	TS	N	-0.75	H6	escaped	O2	73247.1842	O2	73247.1842	73248.3895
36665	TS	N	-0.75	H7	escaped	H8	80649.0359	H8	80649.0359	80649.0359
36665	TS	N	-0.75	H8	escaped	H8	75754.0857	H8	75754.0857	75754.0857
36665	TS	N	-1.00	H1	escaped	O5	84203.9351	O5	84203.9351	84208.7692
36665	TS	N	-1.00	H2	escaped	O1	80245.1833	O1	80245.1833	80248.4192
36665	TS	N	-1.00	H3	escaped	H3	78974.9600	H3	78974.9600	78976.0733
36665	TS	N	-1.00	H4	escaped	O5	88019.1026	O5	88019.1026	88024.2202
36665	TS	N	-1.00	H5	escaped	O6	82216.7504	O6	82216.7504	82222.0918
36665	TS	N	-1.00	H6	escaped	O2	80715.6057	O2	80715.6057	80717.3926
36665	TS	N	-1.00	H7	escaped	H8	85963.3807	H8	85963.3807	85963.3807
36665	TS	N	-1.00	H8	escaped	H8	100567.2380	H8	100567.2380	100567.2380
36665	TS	N+5%	+0.25	carbA	own	O1	2.9447	O1	2.9447	5.4496
36665	TS	N+5%	+0.25	carbB	own	O6	2.9977	O6	2.9977	8.8008
36665	TS	N+5%	+0.25	ether	migrated	O2	2.9834	O2	2.9834	6.7445
36665	TS	N+5%	+0.25	hydroxyl	migrated	O6	3.1107	O6	3.1107	5.5883
36665	TS	N+5%	+0.50	carbA	own	O1	2.8023	O1	2.8023	5.4513
36665	TS	N+5%	+0.50	carbB	own	O6	2.8510	O6	2.8510	8.6879
36665	TS	N+5%	+0.50	ether	migrated	O2	2.8172	O2	2.8172	6.4556
36665	TS	N+5%	+0.50	hydroxyl	migrated	O6	2.8860	O6	2.8860	5.7503
36665	TS	N+5%	+0.75	carbA	own	O1	2.7181	O1	2.7181	5.4811
36665	TS	N+5%	+0.75	carbB	own	O6	2.7674	O6	2.7674	8.6451
36665	TS	N+5%	+0.75	ether	migrated	O2	2.7213	O2	2.7213	6.2856
36665	TS	N+5%	+0.75	hydroxyl	migrated	O6	2.7674	O6	2.7674	8.6451
36665	TS	N+5%	+1.00	carbA	own	O1	2.6581	O1	2.6581	5.5358
36665	TS	N+5%	+1.00	carbB	own	O6	2.6857	O6	2.6857	9.0079
36665	TS	N+5%	+1.00	ether	migrated	O2	2.6544	O2	2.6544	6.1664
36665	TS	N+5%	+1.00	hydroxyl	migrated	O6	2.6857	O6	2.6857	9.0079
36665	TS	N+5%	-0.25	H1	escaped	O5	34817.4505	O5	34817.4505	34822.0582
36665	TS	N+5%	-0.25	H2	escaped	O1	41674.5872	O1	41674.5872	41680.2050
36665	TS	N+5%	-0.25	H3	escaped	H3	41440.3479	H3	41440.3479	41440.5775
36665	TS	N+5%	-0.25	H4	escaped	H4	46867.2621	H4	46867.2621	46870.1399
36665	TS	N+5%	-0.25	H5	escaped	O6	43962.7330	O6	43962.7330	43966.9402
36665	TS	N+5%	-0.25	H6	escaped	H6	47976.5395	H6	47976.5395	47976.6033
36665	TS	N+5%	-0.25	H7	escaped	H8	48771.0620	H8	48771.0620	48771.0620
36665	TS	N+5%	-0.25	H8	escaped	H8	50182.2407	H8	50182.2407	50182.2407
36665	TS	N+5%	-0.50	H1	escaped	O5	54032.9906	O5	54032.9906	54037.9581
36665	TS	N+5%	-0.50	H2	escaped	O1	62591.1735	O1	62591.1735	62595.7550
36665	TS	N+5%	-0.50	H3	escaped	H3	55754.1619	H3	55754.1619	55754.6978
36665	TS	N+5%	-0.50	H4	escaped	O5	53481.3396	O5	53481.3396	53485.7019
36665	TS	N+5%	-0.50	H5	escaped	O6	51538.8172	O6	51538.8172	51543.9238
36665	TS	N+5%	-0.50	H6	escaped	H6	50158.0843	H6	50158.0843	50158.3640
36665	TS	N+5%	-0.50	H7	escaped	H8	57686.3363	H8	57686.3363	57686.3363
36665	TS	N+5%	-0.50	H8	escaped	H8	56424.2070	H8	56424.2070	56424.2070
36665	TS	N+5%	-0.75	H1	escaped	O5	80836.3030	O5	80836.3030	80841.2098
36665	TS	N+5%	-0.75	H2	escaped	O1	72188.5389	O1	72188.5389	72192.2628
36665	TS	N+5%	-0.75	H3	escaped	H3	75538.4814	H3	75538.4814	75539.3150
36665	TS	N+5%	-0.75	H4	escaped	O5	82012.6668	O5	82012.6668	82017.5481
36665	TS	N+5%	-0.75	H5	escaped	O6	78818.4911	O6	78818.4911	78823.7546
36665	TS	N+5%	-0.75	H6	escaped	O2	73001.0758	O2	73001.0758	73002.2077
36665	TS	N+5%	-0.75	H7	escaped	H8	71207.6765	H8	71207.6765	71207.6765
36665	TS	N+5%	-0.75	H8	escaped	H8	75730.9432	H8	75730.9432	75730.9432
36665	TS	N+5%	-1.00	H1	escaped	O5	84370.7440	O5	84370.7440	84375.5798
36665	TS	N+5%	-1.00	H2	escaped	O1	80282.8926	O1	80282.8926	80286.1686
36665	TS	N+5%	-1.00	H3	escaped	H3	78931.2530	H3	78931.2530	78932.3496
36665	TS	N+5%	-1.00	H4	escaped	O5	88046.3461	O5	88046.3461	88051.4261
36665	TS	N+5%	-1.00	H5	escaped	O6	82310.8957	O6	82310.8957	82316.1860
36665	TS	N+5%	-1.00	H6	escaped	O2	80491.5999	O2	80491.5999	80493.3359
36665	TS	N+5%	-1.00	H7	escaped	H8	100522.6179	H8	100522.6179	100522.6179
36665	TS	N+5%	-1.00	H8	escaped	H8	100531.1576	H8	100531.1576	100531.1576
36665	TS	N+10%	+0.25	carbA	own	O1	3.0207	O1	3.0207	5.5063
36665	TS	N+10%	+0.25	carbB	own	O6	3.0746	O6	3.0746	8.8869
36665	TS	N+10%	+0.25	ether	migrated	O2	3.0751	O2	3.0751	6.9030
36665	TS	N+10%	+0.25	hydroxyl	migrated	O6	3.0746	O6	3.0746	8.8869
36665	TS	N+10%	+0.50	carbA	own	O1	2.8748	O1	2.8748	5.4916
36665	TS	N+10%	+0.50	carbB	own	O6	2.9244	O6	2.9244	8.7634
36665	TS	N+10%	+0.50	ether	migrated	O2	2.9016	O2	2.9016	6.6037
36665	TS	N+10%	+0.50	hydroxyl	migrated	O6	2.9840	O6	2.9840	5.7262
36665	TS	N+10%	+0.75	carbA	own	O1	2.7886	O1	2.7886	5.4985
36665	TS	N+10%	+0.75	carbB	own	O6	2.8371	O6	2.8371	8.6988
36665	TS	N+10%	+0.75	ether	migrated	O2	2.8020	O2	2.8020	6.4281
36665	TS	N+10%	+0.75	hydroxyl	migrated	O6	2.8371	O6	2.8371	8.6988
36665	TS	N+10%	+1.00	carbA	own	O1	2.7275	O1	2.7275	5.5219
36665	TS	N+10%	+1.00	carbB	own	O6	2.7772	O6	2.7772	8.6741
36665	TS	N+10%	+1.00	ether	migrated	O2	2.7325	O2	2.7325	6.3049
36665	TS	N+10%	+1.00	hydroxyl	migrated	O6	2.7810	O6	2.7810	5.8319
36665	TS	N+10%	-0.25	H1	escaped	O5	35143.8372	O5	35143.8372	35148.4430
36665	TS	N+10%	-0.25	H2	escaped	O1	41957.4640	O1	41957.4640	41963.1438
36665	TS	N+10%	-0.25	H3	escaped	H3	41489.5421	H3	41489.5421	41489.7496
36665	TS	N+10%	-0.25	H4	escaped	H4	46940.4719	H4	46940.4719	46943.2289
36665	TS	N+10%	-0.25	H5	escaped	O6	44348.6552	O6	44348.6552	44352.7456
36665	TS	N+10%	-0.25	H6	escaped	H8	48076.0674	H8	48076.0674	48076.0674
36665	TS	N+10%	-0.25	H7	escaped	H8	40181.0856	H8	40181.0856	40181.0856
36665	TS	N+10%	-0.25	H8	escaped	H8	50395.9187	H8	50395.9187	50395.9187
36665	TS	N+10%	-0.50	H1	escaped	O5	54570.1552	O5	54570.1552	54575.1205
36665	TS	N+10%	-0.50	H2	escaped	O1	62873.1765	O1	62873.1765	62877.8348
36665	TS	N+10%	-0.50	H3	escaped	H3	55873.9053	H3	55873.9053	55874.4066
36665	TS	N+10%	-0.50	H4	escaped	O5	53449.2926	O5	53449.2926	53453.5437
36665	TS	N+10%	-0.50	H5	escaped	O6	51937.2696	O6	51937.2696	51942.2553
36665	TS	N+10%	-0.50	H6	escaped	H6	49913.0010	H6	49913.0010	49913.1744
36665	TS	N+10%	-0.50	H7	escaped	H8	61708.5532	H8	61708.5532	61708.5532
36665	TS	N+10%	-0.50	H8	escaped	H8	56815.0808	H8	56815.0808	56815.0808
36665	TS	N+10%	-0.75	H1	escaped	O5	81160.6139	O5	81160.6139	81165.5171
36665	TS	N+10%	-0.75	H2	escaped	O1	72447.4942	O1	72447.4942	72451.2884
36665	TS	N+10%	-0.75	H3	escaped	H3	75492.7280	H3	75492.7280	75493.5250
36665	TS	N+10%	-0.75	H4	escaped	O5	82053.7129	O5	82053.7129	82058.5182
36665	TS	N+10%	-0.75	H5	escaped	O6	79042.3498	O6	79042.3498	79047.5171
36665	TS	N+10%	-0.75	H6	escaped	O2	72561.9004	O2	72561.9004	72562.9057
36665	TS	N+10%	-0.75	H7	escaped	H8	67116.7725	H8	67116.7725	67116.7725
36665	TS	N+10%	-0.75	H8	escaped	H8	75717.4558	H8	75717.4558	75717.4558
36665	TS	N+10%	-1.00	H1	escaped	O5	84667.1795	O5	84667.1795	84672.0125
36665	TS	N+10%	-1.00	H2	escaped	O1	80376.0535	O1	80376.0535	80379.3863
36665	TS	N+10%	-1.00	H3	escaped	H3	78764.3061	H3	78764.3061	78765.3697
36665	TS	N+10%	-1.00	H4	escaped	O5	88117.8341	O5	88117.8341	88122.8554
36665	TS	N+10%	-1.00	H5	escaped	O6	82490.2861	O6	82490.2861	82495.4984
36665	TS	N+10%	-1.00	H6	escaped	O2	80095.5294	O2	80095.5294	80097.1777
36665	TS	N+10%	-1.00	H7	escaped	H8	95916.7865	H8	95916.7865	95916.7865
36665	TS	N+10%	-1.00	H8	escaped	H8	100508.7474	H8	100508.7474	100508.7474
36665	TS	OPLS_sp3C	+0.25	carbA	own	O1	2.8874	O1	2.8874	5.4718
36665	TS	OPLS_sp3C	+0.25	carbB	own	O6	2.9378	O6	2.9378	8.7651
36665	TS	OPLS_sp3C	+0.25	ether	migrated	O2	2.9162	O2	2.9162	6.6288
36665	TS	OPLS_sp3C	+0.25	hydroxyl	migrated	O6	3.0070	O6	3.0070	5.6938
36665	TS	OPLS_sp3C	+0.50	carbA	own	O1	2.7418	O1	2.7418	5.4941
36665	TS	OPLS_sp3C	+0.50	carbB	own	O6	2.7908	O6	2.7908	8.6649
36665	TS	OPLS_sp3C	+0.50	ether	migrated	O2	2.7484	O2	2.7484	6.3333
36665	TS	OPLS_sp3C	+0.50	hydroxyl	migrated	O6	2.8011	O6	2.8011	5.8114
36665	TS	OPLS_sp3C	+0.75	carbA	own	O1	2.6565	O1	2.6565	5.5645
36665	TS	OPLS_sp3C	+0.75	carbB	own	O6	2.6835	O6	2.6835	9.0147
36665	TS	OPLS_sp3C	+0.75	ether	migrated	O2	2.6529	O2	2.6529	6.1635
36665	TS	OPLS_sp3C	+0.75	hydroxyl	migrated	O6	2.6835	O6	2.6835	9.0147
36665	TS	OPLS_sp3C	+1.00	carbA	own	O1	2.5961	O1	2.5961	5.6559
36665	TS	OPLS_sp3C	+1.00	carbB	own	O6	2.6158	O6	2.6158	9.0019
36665	TS	OPLS_sp3C	+1.00	ether	migrated	O2	2.5865	O2	2.5865	6.0457
36665	TS	OPLS_sp3C	+1.00	hydroxyl	migrated	O6	2.6158	O6	2.6158	9.0019
36665	TS	OPLS_sp3C	-0.25	H1	escaped	O5	34362.8909	O5	34362.8909	34367.4887
36665	TS	OPLS_sp3C	-0.25	H2	escaped	O1	41368.9380	O1	41368.9380	41374.5415
36665	TS	OPLS_sp3C	-0.25	H3	escaped	H3	41718.7661	H3	41718.7661	41718.9927
36665	TS	OPLS_sp3C	-0.25	H4	escaped	H4	46428.5512	H4	46428.5512	46431.4579
36665	TS	OPLS_sp3C	-0.25	H5	escaped	O6	43649.1627	O6	43649.1627	43653.3985
36665	TS	OPLS_sp3C	-0.25	H6	escaped	H6	47460.3119	H6	47460.3119	47460.3601
36665	TS	OPLS_sp3C	-0.25	H7	escaped	H8	49587.7396	H8	49587.7396	49587.7396
36665	TS	OPLS_sp3C	-0.25	H8	escaped	H8	42886.1204	H8	42886.1204	42886.1204
36665	TS	OPLS_sp3C	-0.50	H1	escaped	O5	53763.0071	O5	53763.0071	53767.9277
36665	TS	OPLS_sp3C	-0.50	H2	escaped	O1	62573.0241	O1	62573.0241	62577.5753
36665	TS	OPLS_sp3C	-0.50	H3	escaped	H3	73109.7084	H3	73109.7084	73110.2107
36665	TS	OPLS_sp3C	-0.50	H4	escaped	O5	53286.5578	O5	53286.5578	53290.9436
36665	TS	OPLS_sp3C	-0.50	H5	escaped	O6	51447.8127	O6	51447.8127	51452.9146
36665	TS	OPLS_sp3C	-0.50	H6	escaped	H6	49895.5127	H6	49895.5127	49895.7533
36665	TS	OPLS_sp3C	-0.50	H7	escaped	H8	69506.9690	H8	69506.9690	69506.9690
36665	TS	OPLS_sp3C	-0.50	H8	escaped	H8	57185.3858	H8	57185.3858	57185.3858
36665	TS	OPLS_sp3C	-0.75	H1	escaped	O5	81294.5706	O5	81294.5706	81299.4351
36665	TS	OPLS_sp3C	-0.75	H2	escaped	O1	72222.8778	O1	72222.8778	72226.5801
36665	TS	OPLS_sp3C	-0.75	H3	escaped	H3	74931.3961	H3	74931.3961	74932.1879
36665	TS	OPLS_sp3C	-0.75	H4	escaped	O5	81743.4839	O5	81743.4839	81748.3761
36665	TS	OPLS_sp3C	-0.75	H5	escaped	O6	79153.8097	O6	79153.8097	79159.0631
36665	TS	OPLS_sp3C	-0.75	H6	escaped	O2	72772.9724	O2	72772.9724	72774.0830
36665	TS	OPLS_sp3C	-0.75	H7	escaped	H8	80241.3500	H8	80241.3500	80241.3500
36665	TS	OPLS_sp3C	-0.75	H8	escaped	H8	75882.3362	H8	75882.3362	75882.3362
36665	TS	OPLS_sp3C	-1.00	H1	escaped	O5	84771.9045	O5	84771.9045	84776.7051
36665	TS	OPLS_sp3C	-1.00	H2	escaped	O1	80539.5101	O1	80539.5101	80542.7747
36665	TS	OPLS_sp3C	-1.00	H3	escaped	H3	78379.2481	H3	78379.2481	78380.3037
36665	TS	OPLS_sp3C	-1.00	H4	escaped	O5	88322.5031	O5	88322.5031	88327.5879
36665	TS	OPLS_sp3C	-1.00	H5	escaped	O6	82596.0480	O6	82596.0480	82601.3289
36665	TS	OPLS_sp3C	-1.00	H6	escaped	O2	80315.6723	O2	80315.6723	80317.3907
36665	TS	OPLS_sp3C	-1.00	H7	escaped	H8	85162.4055	H8	85162.4055	85162.4055
36665	TS	OPLS_sp3C	-1.00	H8	escaped	H8	100753.5952	H8	100753.5952	100753.5952
36665	TS	Behrens_3.55	+0.25	carbA	own	O1	2.9101	O1	2.9101	5.4867
36665	TS	Behrens_3.55	+0.25	carbB	own	O6	2.9607	O6	2.9607	8.7898
36665	TS	Behrens_3.55	+0.25	ether	migrated	O2	2.9430	O2	2.9430	6.6756
36665	TS	Behrens_3.55	+0.25	hydroxyl	migrated	O6	3.0391	O6	3.0391	5.6842
36665	TS	Behrens_3.55	+0.50	carbA	own	O1	2.7634	O1	2.7634	5.4990
36665	TS	Behrens_3.55	+0.50	carbB	own	O6	2.8121	O6	2.8121	8.6812
36665	TS	Behrens_3.55	+0.50	ether	migrated	O2	2.7731	O2	2.7731	6.3771
36665	TS	Behrens_3.55	+0.50	hydroxyl	migrated	O6	2.8289	O6	2.8289	5.8061
36665	TS	Behrens_3.55	+0.75	carbA	own	O1	2.6776	O1	2.6776	5.5545
36665	TS	Behrens_3.55	+0.75	carbB	own	O6	2.7109	O6	2.7109	8.9814
36665	TS	Behrens_3.55	+0.75	ether	migrated	O2	2.6765	O2	2.6765	6.2054
36665	TS	Behrens_3.55	+0.75	hydroxyl	migrated	O6	2.7171	O6	2.7171	5.8560
36665	TS	Behrens_3.55	+1.00	carbA	own	O1	2.6169	O1	2.6169	5.6343
36665	TS	Behrens_3.55	+1.00	carbB	own	O6	2.6383	O6	2.6383	9.0149
36665	TS	Behrens_3.55	+1.00	ether	migrated	O2	2.6093	O2	2.6093	6.0862
36665	TS	Behrens_3.55	+1.00	hydroxyl	migrated	O6	2.6383	O6	2.6383	9.0149
36665	TS	Behrens_3.55	-0.25	H1	escaped	O5	34420.9693	O5	34420.9693	34425.5667
36665	TS	Behrens_3.55	-0.25	H2	escaped	O1	41420.3668	O1	41420.3668	41425.9839
36665	TS	Behrens_3.55	-0.25	H3	escaped	H3	41729.6985	H3	41729.6985	41729.9201
36665	TS	Behrens_3.55	-0.25	H4	escaped	H4	46439.6540	H4	46439.6540	46442.5370
36665	TS	Behrens_3.55	-0.25	H5	escaped	O6	43722.0676	O6	43722.0676	43726.2798
36665	TS	Behrens_3.55	-0.25	H6	escaped	H6	47476.2494	H6	47476.2494	47476.2806
36665	TS	Behrens_3.55	-0.25	H7	escaped	H8	38543.6731	H8	38543.6731	38543.6731
36665	TS	Behrens_3.55	-0.25	H8	escaped	H8	42994.3126	H8	42994.3126	42994.3126
36665	TS	Behrens_3.55	-0.50	H1	escaped	O5	53864.7622	O5	53864.7622	53869.6822
36665	TS	Behrens_3.55	-0.50	H2	escaped	O1	62626.1555	O1	62626.1555	62630.7230
36665	TS	Behrens_3.55	-0.50	H3	escaped	H3	73136.0697	H3	73136.0697	73136.5643
36665	TS	Behrens_3.55	-0.50	H4	escaped	O5	53280.0712	O5	53280.0712	53284.4352
36665	TS	Behrens_3.55	-0.50	H5	escaped	O6	51525.5808	O6	51525.5808	51530.6581
36665	TS	Behrens_3.55	-0.50	H6	escaped	H6	49844.8194	H6	49844.8194	49845.0383
36665	TS	Behrens_3.55	-0.50	H7	escaped	H8	68880.0875	H8	68880.0875	68880.0875
36665	TS	Behrens_3.55	-0.50	H8	escaped	H8	57183.8502	H8	57183.8502	57183.8502
36665	TS	Behrens_3.55	-0.75	H1	escaped	O5	81362.7676	O5	81362.7676	81367.6312
36665	TS	Behrens_3.55	-0.75	H2	escaped	O1	72272.7518	O1	72272.7518	72276.4687
36665	TS	Behrens_3.55	-0.75	H3	escaped	H3	74916.8516	H3	74916.8516	74917.6354
36665	TS	Behrens_3.55	-0.75	H4	escaped	O5	81752.1869	O5	81752.1869	81757.0640
36665	TS	Behrens_3.55	-0.75	H5	escaped	O6	79201.0458	O6	79201.0458	79206.2796
36665	TS	Behrens_3.55	-0.75	H6	escaped	O2	72684.6459	O2	72684.6459	72685.7308
36665	TS	Behrens_3.55	-0.75	H7	escaped	H8	77991.6416	H8	77991.6416	77991.6416
36665	TS	Behrens_3.55	-0.75	H8	escaped	H8	75878.9778	H8	75878.9778	75878.9778
36665	TS	Behrens_3.55	-1.00	H1	escaped	O5	84834.3266	O5	84834.3266	84839.1265
36665	TS	Behrens_3.55	-1.00	H2	escaped	O1	80559.6172	O1	80559.6172	80562.8935
36665	TS	Behrens_3.55	-1.00	H3	escaped	H3	78340.0026	H3	78340.0026	78341.0509
36665	TS	Behrens_3.55	-1.00	H4	escaped	O5	88338.6529	O5	88338.6529	88343.7260
36665	TS	Behrens_3.55	-1.00	H5	escaped	O6	82634.1103	O6	82634.1103	82639.3753
36665	TS	Behrens_3.55	-1.00	H6	escaped	O2	80236.8126	O2	80236.8126	80238.5132
36665	TS	Behrens_3.55	-1.00	H7	escaped	H8	82708.2650	H8	82708.2650	82708.2650
36665	TS	Behrens_3.55	-1.00	H8	escaped	H8	100748.8004	H8	100748.8004	100748.8004
38344	R	N	+0.25	carbA	own	O1	3.1367	H2	2.6943	6.9750
38344	R	N	+0.25	carbB	migrated	O1	3.1367	H2	2.6943	6.9750
38344	R	N	+0.25	ether	migrated	O2	2.8980	O2	2.8980	5.7080
38344	R	N	+0.25	hydroxyl	migrated	O1	3.1367	H2	2.6943	6.9750
38344	R	N	+0.50	carbA	own	O1	2.9792	H2	2.5918	6.8005
38344	R	N	+0.50	carbB	migrated	O1	2.9792	H2	2.5918	6.8005
38344	R	N	+0.50	ether	migrated	O1	2.9792	H2	2.5918	6.8005
38344	R	N	+0.50	hydroxyl	migrated	O6	2.7825	O6	2.7825	5.3504
38344	R	N	+0.75	carbA	own	O1	2.8632	H2	2.5345	6.6854
38344	R	N	+0.75	carbB	migrated	O1	2.8632	H2	2.5345	6.6854
38344	R	N	+0.75	ether	migrated	O2	2.6507	O2	2.6507	5.3429
38344	R	N	+0.75	hydroxyl	migrated	O6	2.6830	O6	2.6830	5.3788
38344	R	N	+1.00	carbA	own	O1	2.7805	H2	2.4963	6.6034
38344	R	N	+1.00	carbB	migrated	O1	2.7805	H2	2.4963	6.6034
38344	R	N	+1.00	ether	migrated	O2	2.5866	O2	2.5866	5.2477
38344	R	N	+1.00	hydroxyl	own	O4	2.9133	C6	2.8461	3.8200
38344	R	N	-0.25	H1	escaped	O5	34925.6163	O5	34925.6163	34929.7894
38344	R	N	-0.25	H2	escaped	O1	33480.9645	O1	33480.9645	33486.9926
38344	R	N	-0.25	H3	escaped	H8	40568.5974	H8	40568.5974	40568.5974
38344	R	N	-0.25	H4	escaped	H4	47356.9203	H4	47356.9203	47360.1393
38344	R	N	-0.25	H5	escaped	O6	45814.9965	O6	45814.9965	45818.6038
38344	R	N	-0.25	H6	escaped	H6	37700.3460	H6	37700.3460	37700.5537
38344	R	N	-0.25	H7	escaped	H8	45102.6395	H8	45102.6395	45102.6395
38344	R	N	-0.25	H8	escaped	H8	41234.3208	H8	41234.3208	41234.3208
38344	R	N	-0.50	H1	escaped	O5	56778.9389	O5	56778.9389	56784.0845
38344	R	N	-0.50	H2	escaped	O1	51981.9742	O1	51981.9742	51986.9251
38344	R	N	-0.50	H3	escaped	H8	69879.5912	H8	69879.5912	69879.5912
38344	R	N	-0.50	H4	escaped	O5	52749.9967	O5	52749.9967	52754.8161
38344	R	N	-0.50	H5	escaped	O6	53984.9387	O6	53984.9387	53989.4222
38344	R	N	-0.50	H6	escaped	H6	51276.3886	H6	51276.3886	51276.5424
38344	R	N	-0.50	H7	escaped	H8	62988.6087	H8	62988.6087	62988.6087
38344	R	N	-0.50	H8	escaped	H8	56562.1450	H8	56562.1450	56562.1450
38344	R	N	-0.75	H1	escaped	O5	64913.1843	O5	64913.1843	64918.5876
38344	R	N	-0.75	H2	escaped	O1	79320.3010	O1	79320.3010	79324.6074
38344	R	N	-0.75	H3	escaped	H8	70286.3464	H8	70286.3464	70286.3464
38344	R	N	-0.75	H4	escaped	O5	60096.2984	O5	60096.2984	60101.8776
38344	R	N	-0.75	H5	escaped	O6	80296.3456	O6	80296.3456	80301.0132
38344	R	N	-0.75	H6	escaped	O2	72902.9181	O2	72902.9181	72903.3097
38344	R	N	-0.75	H7	escaped	H8	66381.4990	H8	66381.4990	66381.4990
38344	R	N	-0.75	H8	escaped	H8	75392.7718	H8	75392.7718	75392.7718
38344	R	N	-1.00	H1	escaped	O5	90387.1415	O5	90387.1415	90392.6404
38344	R	N	-1.00	H2	escaped	O1	82839.7154	O1	82839.7154	82843.6618
38344	R	N	-1.00	H3	escaped	H8	72103.4735	H8	72103.4735	72103.4735
38344	R	N	-1.00	H4	escaped	O5	84860.3211	O5	84860.3211	84866.2140
38344	R	N	-1.00	H5	escaped	O6	83701.4946	O6	83701.4946	83706.2114
38344	R	N	-1.00	H6	escaped	O2	79302.0073	O2	79302.0073	79302.9232
38344	R	N	-1.00	H7	escaped	H8	94379.4934	H8	94379.4934	94379.4934
38344	R	N	-1.00	H8	escaped	H8	100502.6194	H8	100502.6194	100502.6194
38344	R	N+5%	+0.25	carbA	own	O1	3.2133	H2	2.7627	7.0821
38344	R	N+5%	+0.25	carbB	migrated	O1	3.2133	H2	2.7627	7.0821
38344	R	N+5%	+0.25	ether	migrated	O2	2.9862	O2	2.9862	5.8502
38344	R	N+5%	+0.25	hydroxyl	migrated	O6	3.0566	O6	3.0566	5.2672
38344	R	N+5%	+0.50	carbA	own	O1	3.0770	H2	2.6535	6.9131
38344	R	N+5%	+0.50	carbB	migrated	O1	3.0770	H2	2.6535	6.9131
38344	R	N+5%	+0.50	ether	migrated	O2	2.8245	O2	2.8245	5.6133
38344	R	N+5%	+0.50	hydroxyl	migrated	O6	2.8708	O6	2.8708	5.3400
38344	R	N+5%	+0.75	carbA	own	O1	2.9683	H2	2.5899	6.7975
38344	R	N+5%	+0.75	carbB	migrated	O1	2.9683	H2	2.5899	6.7975
38344	R	N+5%	+0.75	ether	migrated	O1	2.9683	H2	2.5899	6.7975
38344	R	N+5%	+0.75	hydroxyl	migrated	O1	2.9683	H2	2.5899	6.7975
38344	R	N+5%	+1.00	carbA	own	O1	2.8823	H2	2.5473	6.7114
38344	R	N+5%	+1.00	carbB	migrated	O1	2.8823	H2	2.5473	6.7114
38344	R	N+5%	+1.00	ether	migrated	O2	2.6637	O2	2.6637	5.3708
38344	R	N+5%	+1.00	hydroxyl	migrated	O6	2.6955	O6	2.6955	5.3869
38344	R	N+5%	-0.25	H1	escaped	O5	32987.5208	O5	32987.5208	32991.4683
38344	R	N+5%	-0.25	H2	escaped	O1	33656.4544	O1	33656.4544	33662.4797
38344	R	N+5%	-0.25	H3	escaped	H8	40878.2280	H8	40878.2280	40878.2280
38344	R	N+5%	-0.25	H4	escaped	H4	47500.4345	H4	47500.4345	47503.5912
38344	R	N+5%	-0.25	H5	escaped	O6	46095.8234	O6	46095.8234	46099.3539
38344	R	N+5%	-0.25	H6	escaped	H6	37840.8781	H6	37840.8781	37841.0474
38344	R	N+5%	-0.25	H7	escaped	H8	40193.0233	H8	40193.0233	40193.0233
38344	R	N+5%	-0.25	H8	escaped	H8	42632.5494	H8	42632.5494	42632.5494
38344	R	N+5%	-0.50	H1	escaped	O5	56514.5800	O5	56514.5800	56519.5456
38344	R	N+5%	-0.50	H2	escaped	O1	52219.7968	O1	52219.7968	52224.7425
38344	R	N+5%	-0.50	H3	escaped	H8	70100.1491	H8	70100.1491	70100.1491
38344	R	N+5%	-0.50	H4	escaped	O5	52751.8352	O5	52751.8352	52756.5991
38344	R	N+5%	-0.50	H5	escaped	O6	54312.6265	O6	54312.6265	54317.0415
38344	R	N+5%	-0.50	H6	escaped	H6	51239.8356	H6	51239.8356	51239.9344
38344	R	N+5%	-0.50	H7	escaped	H8	59269.1702	H8	59269.1702	59269.1702
38344	R	N+5%	-0.50	H8	escaped	H8	56528.7424	H8	56528.7424	56528.7424
38344	R	N+5%	-0.75	H1	escaped	O5	65452.2853	O5	65452.2853	65457.5452
38344	R	N+5%	-0.75	H2	escaped	O1	79431.6037	O1	79431.6037	79435.9051
38344	R	N+5%	-0.75	H3	escaped	H8	70427.9399	H8	70427.9399	70427.9399
38344	R	N+5%	-0.75	H4	escaped	O5	60124.4320	O5	60124.4320	60129.9786
38344	R	N+5%	-0.75	H5	escaped	O6	80446.7474	O6	80446.7474	80451.3611
38344	R	N+5%	-0.75	H6	escaped	O2	72751.8891	O2	72751.8891	72752.1913
38344	R	N+5%	-0.75	H7	escaped	H8	72853.2306	H8	72853.2306	72853.2306
38344	R	N+5%	-0.75	H8	escaped	H8	75339.0528	H8	75339.0528	75339.0528
38344	R	N+5%	-1.00	H1	escaped	O5	91128.2544	O5	91128.2544	91133.6424
38344	R	N+5%	-1.00	H2	escaped	O1	82931.0600	O1	82931.0600	82935.0040
38344	R	N+5%	-1.00	H3	escaped	H8	72211.3285	H8	72211.3285	72211.3285
38344	R	N+5%	-1.00	H4	escaped	O5	84872.9977	O5	84872.9977	84878.8673
38344	R	N+5%	-1.00	H5	escaped	O6	83835.3784	O6	83835.3784	83840.0514
38344	R	N+5%	-1.00	H6	escaped	O2	79149.0299	O2	79149.0299	79149.8711
38344	R	N+5%	-1.00	H7	escaped	H8	75470.9139	H8	75470.9139	75470.9139
38344	R	N+5%	-1.00	H8	escaped	H8	100428.2112	H8	100428.2112	100428.2112
38344	R	N+10%	+0.25	carbA	own	O1	3.2840	H2	2.8328	7.1862
38344	R	N+10%	+0.25	carbB	migrated	O1	3.2840	H2	2.8328	7.1862
38344	R	N+10%	+0.25	ether	migrated	O2	3.0759	O2	3.0759	5.9978
38344	R	N+10%	+0.25	hydroxyl	migrated	O6	3.1564	O6	3.1564	5.2481
38344	R	N+10%	+0.50	carbA	own	O1	3.1618	H2	2.7181	7.0209
38344	R	N+10%	+0.50	carbB	migrated	O1	3.1618	H2	2.7181	7.0209
38344	R	N+10%	+0.50	ether	migrated	O2	2.9083	O2	2.9083	5.7525
38344	R	N+10%	+0.50	hydroxyl	migrated	O6	2.9605	O6	2.9605	5.3290
38344	R	N+10%	+0.75	carbA	own	O1	3.0671	H2	2.6497	6.9085
38344	R	N+10%	+0.75	carbB	migrated	O1	3.0671	H2	2.6497	6.9085
38344	R	N+10%	+0.75	ether	migrated	O1	3.0671	H2	2.6497	6.9085
38344	R	N+10%	+0.75	hydroxyl	migrated	O6	2.8525	O6	2.8525	5.3603
38344	R	N+10%	+1.00	carbA	own	O1	2.9860	H2	2.6024	6.8217
38344	R	N+10%	+1.00	carbB	migrated	O1	2.9860	H2	2.6024	6.8217
38344	R	N+10%	+1.00	ether	migrated	O1	2.9860	H2	2.6024	6.8217
38344	R	N+10%	+1.00	hydroxyl	migrated	O6	2.7780	O6	2.7780	5.3782
38344	R	N+10%	-0.25	H1	escaped	O5	41296.6955	O5	41296.6955	41300.1559
38344	R	N+10%	-0.25	H2	escaped	O1	33896.7548	O1	33896.7548	33902.7701
38344	R	N+10%	-0.25	H3	escaped	H8	41087.2925	H8	41087.2925	41087.2925
38344	R	N+10%	-0.25	H4	escaped	H4	47604.4800	H4	47604.4800	47607.5329
38344	R	N+10%	-0.25	H5	escaped	O6	46449.5956	O6	46449.5956	46453.0000
38344	R	N+10%	-0.25	H6	escaped	H6	37983.1785	H6	37983.1785	37983.2841
38344	R	N+10%	-0.25	H7	escaped	H8	44074.7550	H8	44074.7550	44074.7550
38344	R	N+10%	-0.25	H8	escaped	H8	42646.6814	H8	42646.6814	42646.6814
38344	R	N+10%	-0.50	H1	escaped	O5	52837.4619	O5	52837.4619	52842.1231
38344	R	N+10%	-0.50	H2	escaped	O1	52567.7257	O1	52567.7257	52572.6597
38344	R	N+10%	-0.50	H3	escaped	H8	70369.1245	H8	70369.1245	70369.1245
38344	R	N+10%	-0.50	H4	escaped	O5	52677.1354	O5	52677.1354	52681.8092
38344	R	N+10%	-0.50	H5	escaped	O6	54762.6790	O6	54762.6790	54766.9857
38344	R	N+10%	-0.50	H6	escaped	H6	67748.6162	H6	67748.6162	67748.6218
38344	R	N+10%	-0.50	H7	escaped	H8	60562.4895	H8	60562.4895	60562.4895
38344	R	N+10%	-0.50	H8	escaped	H8	56506.5240	H8	56506.5240	56506.5240
38344	R	N+10%	-0.75	H1	escaped	O5	83899.0040	O5	83899.0040	83904.0418
38344	R	N+10%	-0.75	H2	escaped	O1	79636.7211	O1	79636.7211	79641.0134
38344	R	N+10%	-0.75	H3	escaped	H8	70630.2753	H8	70630.2753	70630.2753
38344	R	N+10%	-0.75	H4	escaped	O5	60096.7241	O5	60096.7241	60102.2198
38344	R	N+10%	-0.75	H5	escaped	O6	80709.5965	O6	80709.5965	80714.1261
38344	R	N+10%	-0.75	H6	escaped	O2	72473.7332	O2	72473.7332	72473.8830
38344	R	N+10%	-0.75	H7	escaped	H8	78414.2655	H8	78414.2655	78414.2655
38344	R	N+10%	-0.75	H8	escaped	H8	75302.1846	H8	75302.1846	75302.1846
38344	R	N+10%	-1.00	H1	escaped	O5	92173.4655	O5	92173.4655	92178.6834
38344	R	N+10%	-1.00	H2	escaped	O1	83100.7270	O1	83100.7270	83104.6659
38344	R	N+10%	-1.00	H3	escaped	H8	72408.0709	H8	72408.0709	72408.0709
38344	R	N+10%	-1.00	H4	escaped	O5	84923.2359	O5	84923.2359	84929.0694
38344	R	N+10%	-1.00	H5	escaped	O6	84070.6648	O6	84070.6648	84075.2700
38344	R	N+10%	-1.00	H6	escaped	O2	78873.0967	O2	78873.0967	78873.8102
38344	R	N+10%	-1.00	H7	escaped	H8	83691.6917	H8	83691.6917	83691.6917
38344	R	N+10%	-1.00	H8	escaped	H8	100377.3895	H8	100377.3895	100377.3895
38344	R	OPLS_sp3C	+0.25	carbA	own	O1	3.1698	H2	2.7242	7.0285
38344	R	OPLS_sp3C	+0.25	carbB	migrated	O1	3.1698	H2	2.7242	7.0285
38344	R	OPLS_sp3C	+0.25	ether	migrated	O2	2.9220	O2	2.9220	5.7660
38344	R	OPLS_sp3C	+0.25	hydroxyl	migrated	O6	2.9780	O6	2.9780	5.3139
38344	R	OPLS_sp3C	+0.50	carbA	own	O1	3.0038	H2	2.6108	6.8375
38344	R	OPLS_sp3C	+0.50	carbB	migrated	O1	3.0038	H2	2.6108	6.8375
38344	R	OPLS_sp3C	+0.50	ether	migrated	O1	3.0038	H2	2.6108	6.8375
38344	R	OPLS_sp3C	+0.50	hydroxyl	migrated	O6	2.7956	O6	2.7956	5.3690
38344	R	OPLS_sp3C	+0.75	carbA	own	O1	2.8817	H2	2.5487	6.7139
38344	R	OPLS_sp3C	+0.75	carbB	migrated	O1	2.8817	H2	2.5487	6.7139
38344	R	OPLS_sp3C	+0.75	ether	migrated	O2	2.6625	O2	2.6625	5.3733
38344	R	OPLS_sp3C	+0.75	hydroxyl	migrated	O6	2.6935	O6	2.6935	5.3923
38344	R	OPLS_sp3C	+1.00	carbA	own	O1	2.7951	H2	2.5078	6.6268
38344	R	OPLS_sp3C	+1.00	carbB	migrated	O1	2.7951	H2	2.5078	6.6268
38344	R	OPLS_sp3C	+1.00	ether	migrated	O2	2.5964	O2	2.5964	5.2733
38344	R	OPLS_sp3C	+1.00	hydroxyl	migrated	O6	2.6228	O6	2.6228	5.4064
38344	R	OPLS_sp3C	-0.25	H1	escaped	O5	33867.5090	O5	33867.5090	33871.6194
38344	R	OPLS_sp3C	-0.25	H2	escaped	O1	33488.3330	O1	33488.3330	33494.3340
38344	R	OPLS_sp3C	-0.25	H3	escaped	H8	40167.9105	H8	40167.9105	40167.9105
38344	R	OPLS_sp3C	-0.25	H4	escaped	H4	46929.9251	H4	46929.9251	46933.1164
38344	R	OPLS_sp3C	-0.25	H5	escaped	O6	45743.2889	O6	45743.2889	45746.8534
38344	R	OPLS_sp3C	-0.25	H6	escaped	H6	49532.5213	H6	49532.5213	49532.6734
38344	R	OPLS_sp3C	-0.25	H7	escaped	H8	44831.5881	H8	44831.5881	44831.5881
38344	R	OPLS_sp3C	-0.25	H8	escaped	H8	42679.4887	H8	42679.4887	42679.4887
38344	R	OPLS_sp3C	-0.50	H1	escaped	O5	56886.3460	O5	56886.3460	56891.4152
38344	R	OPLS_sp3C	-0.50	H2	escaped	O1	69131.2928	O1	69131.2928	69136.2113
38344	R	OPLS_sp3C	-0.50	H3	escaped	H8	69692.0796	H8	69692.0796	69692.0796
38344	R	OPLS_sp3C	-0.50	H4	escaped	O5	52496.4202	O5	52496.4202	52501.2210
38344	R	OPLS_sp3C	-0.50	H5	escaped	O6	54152.2373	O6	54152.2373	54156.6516
38344	R	OPLS_sp3C	-0.50	H6	escaped	H6	67493.5053	H6	67493.5053	67493.5605
38344	R	OPLS_sp3C	-0.50	H7	escaped	H8	62223.7946	H8	62223.7946	62223.7946
38344	R	OPLS_sp3C	-0.50	H8	escaped	H8	56722.5791	H8	56722.5791	56722.5791
38344	R	OPLS_sp3C	-0.75	H1	escaped	O5	65535.0831	O5	65535.0831	65540.4165
38344	R	OPLS_sp3C	-0.75	H2	escaped	O1	79732.5208	O1	79732.5208	79736.8077
38344	R	OPLS_sp3C	-0.75	H3	escaped	H8	70368.3849	H8	70368.3849	70368.3849
38344	R	OPLS_sp3C	-0.75	H4	escaped	O5	59921.1646	O5	59921.1646	59926.7334
38344	R	OPLS_sp3C	-0.75	H5	escaped	O6	80775.6762	O6	80775.6762	80780.2834
38344	R	OPLS_sp3C	-0.75	H6	escaped	O2	72496.4760	O2	72496.4760	72496.7345
38344	R	OPLS_sp3C	-0.75	H7	escaped	H8	66359.2657	H8	66359.2657	66359.2657
38344	R	OPLS_sp3C	-0.75	H8	escaped	H8	75640.2225	H8	75640.2225	75640.2225
38344	R	OPLS_sp3C	-1.00	H1	escaped	O5	91191.2742	O5	91191.2742	91196.7173
38344	R	OPLS_sp3C	-1.00	H2	escaped	O1	83181.1820	O1	83181.1820	83185.1158
38344	R	OPLS_sp3C	-1.00	H3	escaped	H8	72446.6888	H8	72446.6888	72446.6888
38344	R	OPLS_sp3C	-1.00	H4	escaped	O5	85155.8458	O5	85155.8458	85161.7271
38344	R	OPLS_sp3C	-1.00	H5	escaped	O6	84119.8512	O6	84119.8512	84124.5179
38344	R	OPLS_sp3C	-1.00	H6	escaped	O2	78966.2842	O2	78966.2842	78967.0849
38344	R	OPLS_sp3C	-1.00	H7	escaped	H8	94422.9699	H8	94422.9699	94422.9699
38344	R	OPLS_sp3C	-1.00	H8	escaped	H8	100845.1433	H8	100845.1433	100845.1433
38344	R	Behrens_3.55	+0.25	carbA	own	O1	3.1934	H2	2.7448	7.0608
38344	R	Behrens_3.55	+0.25	carbB	migrated	O1	3.1934	H2	2.7448	7.0608
38344	R	Behrens_3.55	+0.25	ether	migrated	O2	2.9484	O2	2.9484	5.8101
38344	R	Behrens_3.55	+0.25	hydroxyl	migrated	O1	3.1934	H2	2.7448	7.0608
38344	R	Behrens_3.55	+0.50	carbA	own	O1	3.0342	H2	2.6291	6.8716
38344	R	Behrens_3.55	+0.50	carbB	migrated	O1	3.0342	H2	2.6291	6.8716
38344	R	Behrens_3.55	+0.50	ether	migrated	O1	3.0342	H2	2.6291	6.8716
38344	R	Behrens_3.55	+0.50	hydroxyl	migrated	O6	2.8217	O6	2.8217	5.3662
38344	R	Behrens_3.55	+0.75	carbA	own	O1	2.9135	H2	2.5650	6.7474
38344	R	Behrens_3.55	+0.75	carbB	migrated	O1	2.9135	H2	2.5650	6.7474
38344	R	Behrens_3.55	+0.75	ether	migrated	O2	2.6860	O2	2.6860	5.4118
38344	R	Behrens_3.55	+0.75	hydroxyl	migrated	O6	2.7184	O6	2.7184	5.3896
38344	R	Behrens_3.55	+1.00	carbA	own	O1	2.8252	H2	2.5227	6.6587
38344	R	Behrens_3.55	+1.00	carbB	migrated	O1	2.8252	H2	2.5227	6.6587
38344	R	Behrens_3.55	+1.00	ether	migrated	O2	2.6193	O2	2.6193	5.3101
38344	R	Behrens_3.55	+1.00	hydroxyl	migrated	O6	2.6470	O6	2.6470	5.4038
38344	R	Behrens_3.55	-0.25	H1	escaped	O5	33258.9658	O5	33258.9658	33263.0048
38344	R	Behrens_3.55	-0.25	H2	escaped	O1	33534.3703	O1	33534.3703	33540.3694
38344	R	Behrens_3.55	-0.25	H3	escaped	H8	40228.0873	H8	40228.0873	40228.0873
38344	R	Behrens_3.55	-0.25	H4	escaped	H4	46944.2631	H4	46944.2631	46947.4336
38344	R	Behrens_3.55	-0.25	H5	escaped	O6	45810.5118	O6	45810.5118	45814.0515
38344	R	Behrens_3.55	-0.25	H6	escaped	H6	49565.6562	H6	49565.6562	49565.7953
38344	R	Behrens_3.55	-0.25	H7	escaped	H8	38202.2452	H8	38202.2452	38202.2452
38344	R	Behrens_3.55	-0.25	H8	escaped	H8	42678.3937	H8	42678.3937	42678.3937
38344	R	Behrens_3.55	-0.50	H1	escaped	O5	56831.7997	O5	56831.7997	56836.8142
38344	R	Behrens_3.55	-0.50	H2	escaped	O1	69222.8723	O1	69222.8723	69227.7884
38344	R	Behrens_3.55	-0.50	H3	escaped	H8	69742.5158	H8	69742.5158	69742.5158
38344	R	Behrens_3.55	-0.50	H4	escaped	O5	52479.3282	O5	52479.3282	52484.1113
38344	R	Behrens_3.55	-0.50	H5	escaped	O6	54240.7840	O6	54240.7840	54245.1766
38344	R	Behrens_3.55	-0.50	H6	escaped	H6	67465.3331	H6	67465.3331	67465.3691
38344	R	Behrens_3.55	-0.50	H7	escaped	H8	60957.0409	H8	60957.0409	60957.0409
38344	R	Behrens_3.55	-0.50	H8	escaped	H8	56717.2809	H8	56717.2809	56717.2809
38344	R	Behrens_3.55	-0.75	H1	escaped	O5	65694.8536	O5	65694.8536	65700.1448
38344	R	Behrens_3.55	-0.75	H2	escaped	O1	79776.1116	O1	79776.1116	79780.3965
38344	R	Behrens_3.55	-0.75	H3	escaped	H8	70408.8890	H8	70408.8890	70408.8890
38344	R	Behrens_3.55	-0.75	H4	escaped	O5	59914.6555	O5	59914.6555	59920.2144
38344	R	Behrens_3.55	-0.75	H5	escaped	O6	80831.3705	O6	80831.3705	80835.9607
38344	R	Behrens_3.55	-0.75	H6	escaped	O2	72439.9381	O2	72439.9381	72440.1655
38344	R	Behrens_3.55	-0.75	H7	escaped	H8	67759.0066	H8	67759.0066	67759.0066
38344	R	Behrens_3.55	-0.75	H8	escaped	H8	75632.6659	H8	75632.6659	75632.6659
38344	R	Behrens_3.55	-1.00	H1	escaped	O5	91412.0558	O5	91412.0558	91417.4665
38344	R	Behrens_3.55	-1.00	H2	escaped	O1	83217.3683	O1	83217.3683	83221.3011
38344	R	Behrens_3.55	-1.00	H3	escaped	H8	72487.6668	H8	72487.6668	72487.6668
38344	R	Behrens_3.55	-1.00	H4	escaped	O5	85167.2790	O5	85167.2790	85173.1532
38344	R	Behrens_3.55	-1.00	H5	escaped	O6	84169.6949	O6	84169.6949	84174.3478
38344	R	Behrens_3.55	-1.00	H6	escaped	O2	78910.9220	O2	78910.9220	78911.6966
38344	R	Behrens_3.55	-1.00	H7	escaped	H8	95678.4706	H8	95678.4706	95678.4706
38344	R	Behrens_3.55	-1.00	H8	escaped	H8	100835.2499	H8	100835.2499	100835.2499
38344	TS	N	+0.25	carbA	own	O1	2.8497	O1	2.8497	5.9272
38344	TS	N	+0.25	carbB	own	O6	3.0325	H2	2.6303	7.6056
38344	TS	N	+0.25	ether	migrated	O2	2.9252	O2	2.9252	6.2626
38344	TS	N	+0.25	hydroxyl	migrated	O6	2.9739	O6	2.9739	4.9693
38344	TS	N	+0.50	carbA	own	O1	2.7328	O1	2.7328	5.7018
38344	TS	N	+0.50	carbB	own	O6	2.9035	H2	2.6832	8.2250
38344	TS	N	+0.50	ether	migrated	O2	2.7568	O2	2.7568	5.9703
38344	TS	N	+0.50	hydroxyl	migrated	O6	2.7939	O6	2.7939	5.0467
38344	TS	N	+0.75	carbA	own	O1	2.6769	O1	2.6769	5.5676
38344	TS	N	+0.75	carbB	own	O5	2.8499	H2	2.6990	8.2477
38344	TS	N	+0.75	ether	migrated	O1	2.6769	O1	2.6769	5.5676
38344	TS	N	+0.75	hydroxyl	migrated	O6	2.6930	O6	2.6930	5.0822
38344	TS	N	+1.00	carbA	own	O1	2.6296	O1	2.6296	5.5303
38344	TS	N	+1.00	carbB	own	O5	2.7588	H2	2.7275	8.2538
38344	TS	N	+1.00	ether	migrated	O2	2.5939	O2	2.5939	5.6775
38344	TS	N	+1.00	hydroxyl	migrated	O6	2.6232	O6	2.6232	5.1043
38344	TS	N	-0.25	H1	escaped	O5	34678.0608	O5	34678.0608	34682.7895
38344	TS	N	-0.25	H2	escaped	O1	43280.3552	O1	43280.3552	43286.2374
38344	TS	N	-0.25	H3	escaped	H3	41474.1408	H3	41474.1408	41474.4800
38344	TS	N	-0.25	H4	escaped	H4	47674.0753	H4	47674.0753	47677.2294
38344	TS	N	-0.25	H5	escaped	O6	45342.1183	O6	45342.1183	45345.6622
38344	TS	N	-0.25	H6	escaped	H8	49693.1121	H8	49693.1121	49693.1121
38344	TS	N	-0.25	H7	escaped	H8	51031.9366	H8	51031.9366	51031.9366
38344	TS	N	-0.25	H8	escaped	H8	43026.2050	H8	43026.2050	43026.2050
38344	TS	N	-0.50	H1	escaped	O5	57460.8026	O5	57460.8026	57466.0380
38344	TS	N	-0.50	H2	escaped	O1	50069.8695	O1	50069.8695	50074.9777
38344	TS	N	-0.50	H3	escaped	H3	73316.6416	H3	73316.6416	73317.1604
38344	TS	N	-0.50	H4	escaped	O5	52895.4448	O5	52895.4448	52900.2055
38344	TS	N	-0.50	H5	escaped	O6	52276.4275	O6	52276.4275	52280.8924
38344	TS	N	-0.50	H6	escaped	H8	67239.7980	H8	67239.7980	67239.7980
38344	TS	N	-0.50	H7	escaped	H8	72929.4969	H8	72929.4969	72929.4969
38344	TS	N	-0.50	H8	escaped	H8	57227.4257	H8	57227.4257	57227.4257
38344	TS	N	-0.75	H1	escaped	O5	67114.3610	O5	67114.3610	67119.6788
38344	TS	N	-0.75	H2	escaped	O1	75032.0039	O1	75032.0039	75036.5596
38344	TS	N	-0.75	H3	escaped	H3	75004.6593	H3	75004.6593	75005.3280
38344	TS	N	-0.75	H4	escaped	O5	60183.9286	O5	60183.9286	60189.5658
38344	TS	N	-0.75	H5	escaped	O6	76980.5354	O6	76980.5354	76985.2084
38344	TS	N	-0.75	H6	escaped	H8	71796.4121	H8	71796.4121	71796.4121
38344	TS	N	-0.75	H7	escaped	H8	77522.3807	H8	77522.3807	77522.3807
38344	TS	N	-0.75	H8	escaped	H8	76528.7952	H8	76528.7952	76528.7952
38344	TS	N	-1.00	H1	escaped	O5	93355.7347	O5	93355.7347	93361.0696
38344	TS	N	-1.00	H2	escaped	O1	78266.1318	O1	78266.1318	78270.3646
38344	TS	N	-1.00	H3	escaped	H3	78325.1744	H3	78325.1744	78325.9650
38344	TS	N	-1.00	H4	escaped	O5	85382.4137	O5	85382.4137	85388.4199
38344	TS	N	-1.00	H5	escaped	O6	80166.0164	O6	80166.0164	80170.7420
38344	TS	N	-1.00	H6	escaped	O2	77953.6644	O2	77953.6644	77954.0887
38344	TS	N	-1.00	H7	escaped	H8	82611.8242	H8	82611.8242	82611.8242
38344	TS	N	-1.00	H8	escaped	H8	77221.5421	H8	77221.5421	77221.5421
38344	TS	N+5%	+0.25	carbA	own	O1	3.0495	H2	2.6791	7.2483
38344	TS	N+5%	+0.25	carbB	own	O6	3.1230	H2	2.6884	7.6620
38344	TS	N+5%	+0.25	ether	migrated	O2	3.0243	O2	3.0243	6.4529
38344	TS	N+5%	+0.25	hydroxyl	migrated	O6	3.0658	O6	3.0658	4.9576
38344	TS	N+5%	+0.50	carbA	own	O1	2.8694	H2	2.5886	7.0810
38344	TS	N+5%	+0.50	carbB	own	O6	2.9570	H2	2.6089	7.6193
38344	TS	N+5%	+0.50	ether	migrated	O2	2.8454	O2	2.8454	6.1414
38344	TS	N+5%	+0.50	hydroxyl	migrated	O6	2.8807	O6	2.8807	5.0339
38344	TS	N+5%	+0.75	carbA	own	O1	2.7336	O1	2.7336	5.6515
38344	TS	N+5%	+0.75	carbB	own	O6	2.9036	H2	2.7101	8.2637
38344	TS	N+5%	+0.75	ether	migrated	O1	2.7336	O1	2.7336	5.6515
38344	TS	N+5%	+0.75	hydroxyl	migrated	O6	2.7765	O6	2.7765	5.0687
38344	TS	N+5%	+1.00	carbA	own	O1	2.6878	O1	2.6878	5.5859
38344	TS	N+5%	+1.00	carbB	own	O5	2.8616	H2	2.7182	8.2670
38344	TS	N+5%	+1.00	ether	migrated	O2	2.6742	O2	2.6742	5.8302
38344	TS	N+5%	+1.00	hydroxyl	migrated	O6	2.7045	O6	2.7045	5.0902
38344	TS	N+5%	-0.25	H1	escaped	O5	43527.6501	O5	43527.6501	43532.3160
38344	TS	N+5%	-0.25	H2	escaped	O1	43595.6726	O1	43595.6726	43601.5792
38344	TS	N+5%	-0.25	H3	escaped	H3	41476.3623	H3	41476.3623	41476.6899
38344	TS	N+5%	-0.25	H4	escaped	H4	47773.0974	H4	47773.0974	47776.1770
38344	TS	N+5%	-0.25	H5	escaped	O6	45591.6022	O6	45591.6022	45595.0759
38344	TS	N+5%	-0.25	H6	escaped	H8	49889.4432	H8	49889.4432	49889.4432
38344	TS	N+5%	-0.25	H7	escaped	H8	43832.0315	H8	43832.0315	43832.0315
38344	TS	N+5%	-0.25	H8	escaped	H8	43034.7169	H8	43034.7169	43034.7169
38344	TS	N+5%	-0.50	H1	escaped	O5	55866.5297	O5	55866.5297	55871.6632
38344	TS	N+5%	-0.50	H2	escaped	O1	50370.9596	O1	50370.9596	50376.0880
38344	TS	N+5%	-0.50	H3	escaped	H3	73504.7776	H3	73504.7776	73505.2797
38344	TS	N+5%	-0.50	H4	escaped	O5	52821.2919	O5	52821.2919	52825.9897
38344	TS	N+5%	-0.50	H5	escaped	O6	52534.4373	O6	52534.4373	52538.8365
38344	TS	N+5%	-0.50	H6	escaped	H8	67226.0149	H8	67226.0149	67226.0149
38344	TS	N+5%	-0.50	H7	escaped	H8	57968.1630	H8	57968.1630	57968.1630
38344	TS	N+5%	-0.50	H8	escaped	H8	57195.8107	H8	57195.8107	57195.8107
38344	TS	N+5%	-0.75	H1	escaped	O5	66990.5125	O5	66990.5125	66995.7427
38344	TS	N+5%	-0.75	H2	escaped	O1	75125.1633	O1	75125.1633	75129.7355
38344	TS	N+5%	-0.75	H3	escaped	H3	75042.4417	H3	75042.4417	75043.0921
38344	TS	N+5%	-0.75	H4	escaped	O5	60123.2821	O5	60123.2821	60128.8880
38344	TS	N+5%	-0.75	H5	escaped	O6	77086.4587	O6	77086.4587	77091.0785
38344	TS	N+5%	-0.75	H6	escaped	H8	71679.9177	H8	71679.9177	71679.9177
38344	TS	N+5%	-0.75	H7	escaped	H8	87566.9670	H8	87566.9670	87566.9670
38344	TS	N+5%	-0.75	H8	escaped	H8	76478.2949	H8	76478.2949	76478.2949
38344	TS	N+5%	-1.00	H1	escaped	O5	93892.1412	O5	93892.1412	93897.4053
38344	TS	N+5%	-1.00	H2	escaped	O1	78325.8937	O1	78325.8937	78330.1422
38344	TS	N+5%	-1.00	H3	escaped	H3	78278.7588	H3	78278.7588	78279.5315
38344	TS	N+5%	-1.00	H4	escaped	O5	85371.9493	O5	85371.9493	85377.9352
38344	TS	N+5%	-1.00	H5	escaped	O6	80254.2182	O6	80254.2182	80258.8997
38344	TS	N+5%	-1.00	H6	escaped	O2	77826.7883	O2	77826.7883	77827.1249
38344	TS	N+5%	-1.00	H7	escaped	H8	91070.9092	H8	91070.9092	91070.9092
38344	TS	N+5%	-1.00	H8	escaped	H8	77169.1587	H8	77169.1587	77169.1587
38344	TS	N+10%	+0.25	carbA	own	O1	3.1574	H2	2.7393	7.3569
38344	TS	N+10%	+0.25	carbB	own	O6	3.2197	H2	2.7472	7.7150
38344	TS	N+10%	+0.25	ether	migrated	O2	3.1329	O2	3.1329	6.6787
38344	TS	N+10%	+0.25	hydroxyl	migrated	O6	3.2197	H2	2.7472	7.7150
38344	TS	N+10%	+0.50	carbA	own	O1	2.9620	H2	2.6463	7.1825
38344	TS	N+10%	+0.50	carbB	own	O6	3.0402	H2	2.6625	7.6715
38344	TS	N+10%	+0.50	ether	migrated	O2	2.9380	O2	2.9380	6.3287
38344	TS	N+10%	+0.50	hydroxyl	migrated	O6	2.9671	O6	2.9671	5.0241
38344	TS	N+10%	+0.75	carbA	own	O1	2.8546	H2	2.5890	7.0778
38344	TS	N+10%	+0.75	carbB	own	O6	2.9415	H2	2.7160	8.2327
38344	TS	N+10%	+0.75	ether	migrated	O1	2.8546	H2	2.5890	7.0778
38344	TS	N+10%	+0.75	hydroxyl	migrated	O6	2.8601	O6	2.8601	5.0575
38344	TS	N+10%	+1.00	carbA	own	O1	2.7443	O1	2.7443	5.6638
38344	TS	N+10%	+1.00	carbB	own	O6	2.9129	H2	2.7292	8.2849
38344	TS	N+10%	+1.00	ether	migrated	O2	2.7566	O2	2.7566	5.9916
38344	TS	N+10%	+1.00	hydroxyl	migrated	O6	2.7859	O6	2.7859	5.0782
38344	TS	N+10%	-0.25	H1	escaped	O5	41899.2777	O5	41899.2777	41903.7801
38344	TS	N+10%	-0.25	H2	escaped	O1	44030.9072	O1	44030.9072	44036.8456
38344	TS	N+10%	-0.25	H3	escaped	H3	41523.0248	H3	41523.0248	41523.3313
38344	TS	N+10%	-0.25	H4	escaped	H4	47812.0354	H4	47812.0354	47814.9905
38344	TS	N+10%	-0.25	H5	escaped	O6	45899.2456	O6	45899.2456	45902.6041
38344	TS	N+10%	-0.25	H6	escaped	H8	50098.3688	H8	50098.3688	50098.3688
38344	TS	N+10%	-0.25	H7	escaped	H8	47387.9384	H8	47387.9384	47387.9384
38344	TS	N+10%	-0.25	H8	escaped	H8	43056.8859	H8	43056.8859	43056.8859
38344	TS	N+10%	-0.50	H1	escaped	O5	70087.0610	O5	70087.0610	70092.0405
38344	TS	N+10%	-0.50	H2	escaped	O1	50824.7558	O1	50824.7558	50829.9085
38344	TS	N+10%	-0.50	H3	escaped	H3	73673.7933	H3	73673.7933	73674.2629
38344	TS	N+10%	-0.50	H4	escaped	O5	52624.4246	O5	52624.4246	52629.0183
38344	TS	N+10%	-0.50	H5	escaped	O6	52895.0294	O6	52895.0294	52899.3232
38344	TS	N+10%	-0.50	H6	escaped	H8	67162.1197	H8	67162.1197	67162.1197
38344	TS	N+10%	-0.50	H7	escaped	H8	56158.8953	H8	56158.8953	56158.8953
38344	TS	N+10%	-0.50	H8	escaped	H8	57177.5869	H8	57177.5869	57177.5869
38344	TS	N+10%	-0.75	H1	escaped	O5	83859.5097	O5	83859.5097	83864.6166
38344	TS	N+10%	-0.75	H2	escaped	O1	75313.3352	O1	75313.3352	75317.9283
38344	TS	N+10%	-0.75	H3	escaped	H3	75005.8677	H3	75005.8677	75006.4815
38344	TS	N+10%	-0.75	H4	escaped	O5	59953.8418	O5	59953.8418	59959.3982
38344	TS	N+10%	-0.75	H5	escaped	O6	77287.2751	O6	77287.2751	77291.8102
38344	TS	N+10%	-0.75	H6	escaped	H8	71475.2712	H8	71475.2712	71475.2712
38344	TS	N+10%	-0.75	H7	escaped	H8	70545.7409	H8	70545.7409	70545.7409
38344	TS	N+10%	-0.75	H8	escaped	H8	76446.6680	H8	76446.6680	76446.6680
38344	TS	N+10%	-1.00	H1	escaped	O5	94726.1739	O5	94726.1739	94731.3378
38344	TS	N+10%	-1.00	H2	escaped	O1	78455.7002	O1	78455.7002	78459.9692
38344	TS	N+10%	-1.00	H3	escaped	H3	78121.2275	H3	78121.2275	78121.9636
38344	TS	N+10%	-1.00	H4	escaped	O5	85382.1544	O5	85382.1544	85388.1084
38344	TS	N+10%	-1.00	H5	escaped	O6	80422.5531	O6	80422.5531	80427.1652
38344	TS	N+10%	-1.00	H6	escaped	O2	77611.5966	O2	77611.5966	77611.7851
38344	TS	N+10%	-1.00	H7	escaped	H8	99703.2766	H8	99703.2766	99703.2766
38344	TS	N+10%	-1.00	H8	escaped	H8	77136.1062	H8	77136.1062	77136.1062
38344	TS	OPLS_sp3C	+0.25	carbA	own	O1	2.9770	H2	2.6497	7.1907
38344	TS	OPLS_sp3C	+0.25	carbB	own	O6	3.0553	H2	2.6638	7.6621
38344	TS	OPLS_sp3C	+0.25	ether	migrated	O2	2.9528	O2	2.9528	6.3444
38344	TS	OPLS_sp3C	+0.25	hydroxyl	migrated	O6	2.9859	O6	2.9859	5.0070
38344	TS	OPLS_sp3C	+0.50	carbA	own	O1	2.7521	O1	2.7521	5.6906
38344	TS	OPLS_sp3C	+0.50	carbB	own	O6	2.9201	H2	2.7195	8.2716
38344	TS	OPLS_sp3C	+0.50	ether	migrated	O2	2.7732	O2	2.7732	6.0170
38344	TS	OPLS_sp3C	+0.50	hydroxyl	migrated	O6	2.8042	O6	2.8042	5.0675
38344	TS	OPLS_sp3C	+0.75	carbA	own	O1	2.6874	O1	2.6874	5.5897
38344	TS	OPLS_sp3C	+0.75	carbB	own	O5	2.8566	H2	2.7289	8.2759
38344	TS	OPLS_sp3C	+0.75	ether	migrated	O2	2.6729	O2	2.6729	5.8322
38344	TS	OPLS_sp3C	+0.75	hydroxyl	migrated	O6	2.7019	O6	2.7019	5.0961
38344	TS	OPLS_sp3C	+1.00	carbA	own	O1	2.6368	O1	2.6368	5.5562
38344	TS	OPLS_sp3C	+1.00	carbB	own	O5	2.7652	H2	2.7567	8.2776
38344	TS	OPLS_sp3C	+1.00	ether	migrated	O1	2.6368	O1	2.6368	5.5562
38344	TS	OPLS_sp3C	+1.00	hydroxyl	migrated	O6	2.6311	O6	2.6311	5.1144
38344	TS	OPLS_sp3C	-0.25	H1	escaped	O5	44454.0665	O5	44454.0665	44458.7683
38344	TS	OPLS_sp3C	-0.25	H2	escaped	O1	43305.4892	O1	43305.4892	43311.3767
38344	TS	OPLS_sp3C	-0.25	H3	escaped	H3	41706.7870	H3	41706.7870	41707.1068
38344	TS	OPLS_sp3C	-0.25	H4	escaped	H4	47211.4079	H4	47211.4079	47214.5262
38344	TS	OPLS_sp3C	-0.25	H5	escaped	O6	45237.6604	O6	45237.6604	45241.1689
38344	TS	OPLS_sp3C	-0.25	H6	escaped	H8	49307.4575	H8	49307.4575	49307.4575
38344	TS	OPLS_sp3C	-0.25	H7	escaped	H8	50611.3614	H8	50611.3614	50611.3614
38344	TS	OPLS_sp3C	-0.25	H8	escaped	H8	43090.3050	H8	43090.3050	43090.3050
38344	TS	OPLS_sp3C	-0.50	H1	escaped	O5	56850.3782	O5	56850.3782	56855.5425
38344	TS	OPLS_sp3C	-0.50	H2	escaped	O1	50371.9933	O1	50371.9933	50377.0883
38344	TS	OPLS_sp3C	-0.50	H3	escaped	H3	72799.1036	H3	72799.1036	72799.5672
38344	TS	OPLS_sp3C	-0.50	H4	escaped	O5	52558.9852	O5	52558.9852	52563.7221
38344	TS	OPLS_sp3C	-0.50	H5	escaped	O6	52464.4551	O6	52464.4551	52468.8487
38344	TS	OPLS_sp3C	-0.50	H6	escaped	H8	66864.8820	H8	66864.8820	66864.8820
38344	TS	OPLS_sp3C	-0.50	H7	escaped	H8	55495.3818	H8	55495.3818	55495.3818
38344	TS	OPLS_sp3C	-0.50	H8	escaped	H8	57394.4573	H8	57394.4573	57394.4573
38344	TS	OPLS_sp3C	-0.75	H1	escaped	O5	67806.6292	O5	67806.6292	67811.8817
38344	TS	OPLS_sp3C	-0.75	H2	escaped	O1	75493.7125	O1	75493.7125	75498.2627
38344	TS	OPLS_sp3C	-0.75	H3	escaped	H3	74494.2820	H3	74494.2820	74494.8825
38344	TS	OPLS_sp3C	-0.75	H4	escaped	O5	59908.3474	O5	59908.3474	59913.9776
38344	TS	OPLS_sp3C	-0.75	H5	escaped	O6	77439.3986	O6	77439.3986	77444.0053
38344	TS	OPLS_sp3C	-0.75	H6	escaped	H8	71453.7388	H8	71453.7388	71453.7388
38344	TS	OPLS_sp3C	-0.75	H7	escaped	H8	77911.5321	H8	77911.5321	77911.5321
38344	TS	OPLS_sp3C	-0.75	H8	escaped	H8	76779.1273	H8	76779.1273	76779.1273
38344	TS	OPLS_sp3C	-1.00	H1	escaped	O5	93898.9208	O5	93898.9208	93904.2018
38344	TS	OPLS_sp3C	-1.00	H2	escaped	O1	78622.2483	O1	78622.2483	78626.4807
38344	TS	OPLS_sp3C	-1.00	H3	escaped	H3	77796.3367	H3	77796.3367	77797.0559
38344	TS	OPLS_sp3C	-1.00	H4	escaped	O5	85635.5222	O5	85635.5222	85641.5207
38344	TS	OPLS_sp3C	-1.00	H5	escaped	O6	80545.8924	O6	80545.8924	80550.5613
38344	TS	OPLS_sp3C	-1.00	H6	escaped	O2	77676.9282	O2	77676.9282	77677.2089
38344	TS	OPLS_sp3C	-1.00	H7	escaped	H8	82923.0184	H8	82923.0184	82923.0184
38344	TS	OPLS_sp3C	-1.00	H8	escaped	H8	77479.2631	H8	77479.2631	77479.2631
38344	TS	Behrens_3.55	+0.25	carbA	own	O1	3.0070	H2	2.6677	7.2226
38344	TS	Behrens_3.55	+0.25	carbB	own	O6	3.0823	H2	2.6809	7.6783
38344	TS	Behrens_3.55	+0.25	ether	migrated	O2	2.9830	O2	2.9830	6.4068
38344	TS	Behrens_3.55	+0.25	hydroxyl	migrated	O6	3.0128	O6	3.0128	5.0045
38344	TS	Behrens_3.55	+0.50	carbA	own	O1	2.8238	H2	2.5707	7.0451
38344	TS	Behrens_3.55	+0.50	carbB	own	O6	2.9337	H2	2.7239	8.2707
38344	TS	Behrens_3.55	+0.50	ether	migrated	O2	2.7996	O2	2.7996	6.0696
38344	TS	Behrens_3.55	+0.50	hydroxyl	migrated	O6	2.8298	O6	2.8298	5.0642
38344	TS	Behrens_3.55	+0.75	carbA	own	O1	2.7050	O1	2.7050	5.6095
38344	TS	Behrens_3.55	+0.75	carbB	own	O6	2.8779	H2	2.7304	8.2818
38344	TS	Behrens_3.55	+0.75	ether	migrated	O1	2.7050	O1	2.7050	5.6095
38344	TS	Behrens_3.55	+0.75	hydroxyl	migrated	O6	2.7266	O6	2.7266	5.0923
38344	TS	Behrens_3.55	+1.00	carbA	own	O1	2.6546	O1	2.6546	5.5686
38344	TS	Behrens_3.55	+1.00	carbB	own	O5	2.7952	H2	2.7489	8.2798
38344	TS	Behrens_3.55	+1.00	ether	migrated	O1	2.6546	O1	2.6546	5.5686
38344	TS	Behrens_3.55	+1.00	hydroxyl	migrated	O6	2.6551	O6	2.6551	5.1103
38344	TS	Behrens_3.55	-0.25	H1	escaped	O5	43858.0015	O5	43858.0015	43862.6821
38344	TS	Behrens_3.55	-0.25	H2	escaped	O1	43387.1863	O1	43387.1863	43393.0805
38344	TS	Behrens_3.55	-0.25	H3	escaped	H3	41769.5576	H3	41769.5576	41769.8728
38344	TS	Behrens_3.55	-0.25	H4	escaped	H4	47213.9843	H4	47213.9843	47217.0779
38344	TS	Behrens_3.55	-0.25	H5	escaped	O6	45294.8461	O6	45294.8461	45298.3313
38344	TS	Behrens_3.55	-0.25	H6	escaped	H8	49344.6861	H8	49344.6861	49344.6861
38344	TS	Behrens_3.55	-0.25	H7	escaped	H8	41977.1422	H8	41977.1422	41977.1422
38344	TS	Behrens_3.55	-0.25	H8	escaped	H8	43090.9166	H8	43090.9166	43090.9166
38344	TS	Behrens_3.55	-0.50	H1	escaped	O5	56112.6473	O5	56112.6473	56117.7819
38344	TS	Behrens_3.55	-0.50	H2	escaped	O1	50460.7713	O1	50460.7713	50465.8715
38344	TS	Behrens_3.55	-0.50	H3	escaped	H3	72826.7387	H3	72826.7387	72827.1952
38344	TS	Behrens_3.55	-0.50	H4	escaped	O5	52518.6367	O5	52518.6367	52523.3532
38344	TS	Behrens_3.55	-0.50	H5	escaped	O6	52535.5894	O6	52535.5894	52539.9616
38344	TS	Behrens_3.55	-0.50	H6	escaped	H8	66850.4836	H8	66850.4836	66850.4836
38344	TS	Behrens_3.55	-0.50	H7	escaped	H8	58741.5416	H8	58741.5416	58741.5416
38344	TS	Behrens_3.55	-0.50	H8	escaped	H8	57390.2795	H8	57390.2795	57390.2795
38344	TS	Behrens_3.55	-0.75	H1	escaped	O5	67026.1939	O5	67026.1939	67031.4215
38344	TS	Behrens_3.55	-0.75	H2	escaped	O1	75533.5674	O1	75533.5674	75538.1220
38344	TS	Behrens_3.55	-0.75	H3	escaped	H3	74482.3884	H3	74482.3884	74482.9809
38344	TS	Behrens_3.55	-0.75	H4	escaped	O5	59874.7736	O5	59874.7736	59880.3941
38344	TS	Behrens_3.55	-0.75	H5	escaped	O6	77482.0757	O6	77482.0757	77486.6652
38344	TS	Behrens_3.55	-0.75	H6	escaped	H8	71412.1524	H8	71412.1524	71412.1524
38344	TS	Behrens_3.55	-0.75	H7	escaped	H8	80816.5387	H8	80816.5387	80816.5387
38344	TS	Behrens_3.55	-0.75	H8	escaped	H8	76772.9116	H8	76772.9116	76772.9116
38344	TS	Behrens_3.55	-1.00	H1	escaped	O5	94061.0172	O5	94061.0172	94066.2775
38344	TS	Behrens_3.55	-1.00	H2	escaped	O1	78650.0851	O1	78650.0851	78654.3216
38344	TS	Behrens_3.55	-1.00	H3	escaped	H3	77760.0334	H3	77760.0334	77760.7445
38344	TS	Behrens_3.55	-1.00	H4	escaped	O5	85639.0077	O5	85639.0077	85645.0000
38344	TS	Behrens_3.55	-1.00	H5	escaped	O6	80581.7791	O6	80581.7791	80586.4339
38344	TS	Behrens_3.55	-1.00	H6	escaped	O2	77633.7537	O2	77633.7537	77634.0039
38344	TS	Behrens_3.55	-1.00	H7	escaped	H8	84896.6755	H8	84896.6755	84896.6755
38344	TS	Behrens_3.55	-1.00	H8	escaped	H8	77473.0719	H8	77473.0719	77473.0719
40485	R	N	+0.25	carbA	own	O1	2.9058	O1	2.9058	5.3648
40485	R	N	+0.25	carbB	own	O6	3.0394	H2	2.7662	7.1863
40485	R	N	+0.25	ether	migrated	O2	2.9015	O2	2.9015	5.6122
40485	R	N	+0.25	hydroxyl	own	O4	3.1778	C6	3.1020	4.0650
40485	R	N	+0.50	carbA	own	O1	2.7716	O1	2.7716	5.3446
40485	R	N	+0.50	carbB	own	O6	2.8951	H2	2.7070	7.1035
40485	R	N	+0.50	ether	migrated	O2	2.7440	O2	2.7440	5.3705
40485	R	N	+0.50	hydroxyl	migrated	O6	2.7745	O6	2.7745	6.0042
40485	R	N	+0.75	carbA	own	O1	2.6807	O1	2.6807	5.6025
40485	R	N	+0.75	carbB	own	O6	2.8152	H2	2.6755	7.0472
40485	R	N	+0.75	ether	migrated	O2	2.6522	O2	2.6522	5.2290
40485	R	N	+0.75	hydroxyl	migrated	O6	2.8152	H2	2.6755	7.0472
40485	R	N	+1.00	carbA	own	O1	2.6108	O1	2.6108	5.9046
40485	R	N	+1.00	carbB	own	O6	2.7612	H2	2.6556	7.0049
40485	R	N	+1.00	ether	migrated	O2	2.5878	O2	2.5878	5.1302
40485	R	N	+1.00	hydroxyl	migrated	O6	2.7612	H2	2.6556	7.0049
40485	R	N	-0.25	H1	escaped	O5	35828.4666	O5	35828.4666	35831.9353
40485	R	N	-0.25	H2	escaped	O1	34371.8177	O1	34371.8177	34377.6263
40485	R	N	-0.25	H3	escaped	H8	40886.1062	H8	40886.1062	40886.1062
40485	R	N	-0.25	H4	escaped	O5	46600.4745	O5	46600.4745	46603.4801
40485	R	N	-0.25	H5	escaped	O6	35266.4894	O6	35266.4894	35270.5658
40485	R	N	-0.25	H6	escaped	H6	38202.9952	H6	38202.9952	38203.8114
40485	R	N	-0.25	H7	escaped	H3	41369.7383	H3	41369.7383	41369.8991
40485	R	N	-0.25	H8	escaped	H8	42093.1872	H8	42093.1872	42093.1872
40485	R	N	-0.50	H1	escaped	O5	59359.6170	O5	59359.6170	59363.4652
40485	R	N	-0.50	H2	escaped	O1	53414.2421	O1	53414.2421	53419.0512
40485	R	N	-0.50	H3	escaped	H8	54089.6495	H8	54089.6495	54089.6495
40485	R	N	-0.50	H4	escaped	O5	53607.7804	O5	53607.7804	53612.4600
40485	R	N	-0.50	H5	escaped	O6	54407.8495	O6	54407.8495	54413.0255
40485	R	N	-0.50	H6	escaped	H6	51334.0873	H6	51334.0873	51334.7540
40485	R	N	-0.50	H7	escaped	H3	61775.7954	H3	61775.7954	61776.0785
40485	R	N	-0.50	H8	escaped	H8	56311.3447	H8	56311.3447	56311.3447
40485	R	N	-0.75	H1	escaped	O5	72192.9145	O5	72192.9145	72196.9156
40485	R	N	-0.75	H2	escaped	O1	80899.2298	O1	80899.2298	80903.4415
40485	R	N	-0.75	H3	escaped	H3	71701.3705	H3	71701.3705	71701.5536
40485	R	N	-0.75	H4	escaped	O5	62291.8242	O5	62291.8242	62297.0186
40485	R	N	-0.75	H5	escaped	O6	80472.6077	O6	80472.6077	80478.0432
40485	R	N	-0.75	H6	escaped	O2	71932.0313	O2	71932.0313	71932.5537
40485	R	N	-0.75	H7	escaped	H3	82855.3686	H3	82855.3686	82855.6999
40485	R	N	-0.75	H8	escaped	H8	75640.0573	H8	75640.0573	75640.0573
40485	R	N	-1.00	H1	escaped	O5	80855.2114	O5	80855.2114	80859.3047
40485	R	N	-1.00	H2	escaped	O1	84477.9281	O1	84477.9281	84481.8068
40485	R	N	-1.00	H3	escaped	H3	96064.0266	H3	96064.0266	96064.4941
40485	R	N	-1.00	H4	escaped	O5	87337.7734	O5	87337.7734	87343.1713
40485	R	N	-1.00	H5	escaped	O6	83877.5114	O6	83877.5114	83883.0239
40485	R	N	-1.00	H6	escaped	O2	77539.5586	O2	77539.5586	77540.6056
40485	R	N	-1.00	H7	escaped	H3	97221.0127	H3	97221.0127	97221.3692
40485	R	N	-1.00	H8	escaped	H8	76593.3570	H8	76593.3570	76593.3570
40485	R	N+5%	+0.25	carbA	own	O1	2.9790	H6	2.9762	5.4279
40485	R	N+5%	+0.25	carbB	own	O6	3.1270	H2	2.8139	7.2526
40485	R	N+5%	+0.25	ether	migrated	O2	2.9898	O2	2.9898	5.7478
40485	R	N+5%	+0.25	hydroxyl	migrated	O6	3.0532	O6	3.0532	5.8985
40485	R	N+5%	+0.50	carbA	own	O1	2.8412	O1	2.8412	5.3844
40485	R	N+5%	+0.50	carbB	own	O6	2.9705	H2	2.7469	7.1701
40485	R	N+5%	+0.50	ether	migrated	O2	2.8268	O2	2.8268	5.5007
40485	R	N+5%	+0.50	hydroxyl	migrated	O6	2.8638	O6	2.8638	5.9939
40485	R	N+5%	+0.75	carbA	own	O1	2.7592	O1	2.7592	5.3980
40485	R	N+5%	+0.75	carbB	own	O6	2.8841	H2	2.7099	7.1129
40485	R	N+5%	+0.75	ether	migrated	O2	2.7317	O2	2.7317	5.3545
40485	R	N+5%	+0.75	hydroxyl	own	O4	3.0240	C6	2.9801	3.9236
40485	R	N+5%	+1.00	carbA	own	O1	2.6903	O1	2.6903	5.6514
40485	R	N+5%	+1.00	carbB	own	O6	2.8257	H2	2.6857	7.0695
40485	R	N+5%	+1.00	ether	migrated	O2	2.6651	O2	2.6651	5.2518
40485	R	N+5%	+1.00	hydroxyl	migrated	O6	2.8257	H2	2.6857	7.0695
40485	R	N+5%	-0.25	H1	escaped	O5	42227.2671	O5	42227.2671	42230.5140
40485	R	N+5%	-0.25	H2	escaped	O1	34543.0378	O1	34543.0378	34548.8458
40485	R	N+5%	-0.25	H3	escaped	H8	40879.6142	H8	40879.6142	40879.6142
40485	R	N+5%	-0.25	H4	escaped	O5	46763.8055	O5	46763.8055	46766.7287
40485	R	N+5%	-0.25	H5	escaped	O6	35430.3760	O6	35430.3760	35434.3886
40485	R	N+5%	-0.25	H6	escaped	H6	38368.3778	H6	38368.3778	38369.1672
40485	R	N+5%	-0.25	H7	escaped	H3	41936.0697	H3	41936.0697	41936.2123
40485	R	N+5%	-0.25	H8	escaped	H8	42078.9952	H8	42078.9952	42078.9952
40485	R	N+5%	-0.50	H1	escaped	O5	61841.8981	O5	61841.8981	61845.5782
40485	R	N+5%	-0.50	H2	escaped	O1	53661.7772	O1	53661.7772	53666.5810
40485	R	N+5%	-0.50	H3	escaped	H8	54283.3360	H8	54283.3360	54283.3360
40485	R	N+5%	-0.50	H4	escaped	O5	53712.8071	O5	53712.8071	53717.4342
40485	R	N+5%	-0.50	H5	escaped	O6	54653.2528	O6	54653.2528	54658.3788
40485	R	N+5%	-0.50	H6	escaped	H6	51310.4513	H6	51310.4513	51311.0790
40485	R	N+5%	-0.50	H7	escaped	H3	60042.7235	H3	60042.7235	60042.9995
40485	R	N+5%	-0.50	H8	escaped	H8	56260.6306	H8	56260.6306	56260.6306
40485	R	N+5%	-0.75	H1	escaped	O5	71113.9584	O5	71113.9584	71117.8070
40485	R	N+5%	-0.75	H2	escaped	O1	81032.3885	O1	81032.3885	81036.5941
40485	R	N+5%	-0.75	H3	escaped	H3	71837.8330	H3	71837.8330	71838.0040
40485	R	N+5%	-0.75	H4	escaped	O5	62468.7825	O5	62468.7825	62473.9393
40485	R	N+5%	-0.75	H5	escaped	O6	80596.3302	O6	80596.3302	80601.7262
40485	R	N+5%	-0.75	H6	escaped	O2	71757.1528	O2	71757.1528	71757.5875
40485	R	N+5%	-0.75	H7	escaped	H3	84124.7672	H3	84124.7672	84125.0942
40485	R	N+5%	-0.75	H8	escaped	H8	75565.7640	H8	75565.7640	75565.7640
40485	R	N+5%	-1.00	H1	escaped	O5	81113.7215	O5	81113.7215	81117.6727
40485	R	N+5%	-1.00	H2	escaped	O1	84596.4412	O1	84596.4412	84600.3159
40485	R	N+5%	-1.00	H3	escaped	H3	96149.8373	H3	96149.8373	96150.2910
40485	R	N+5%	-1.00	H4	escaped	O5	87396.7097	O5	87396.7097	87402.0781
40485	R	N+5%	-1.00	H5	escaped	O6	83992.5499	O6	83992.5499	83998.0295
40485	R	N+5%	-1.00	H6	escaped	O2	77331.8352	O2	77331.8352	77332.8081
40485	R	N+5%	-1.00	H7	escaped	H3	99466.7286	H3	99466.7286	99467.0822
40485	R	N+5%	-1.00	H8	escaped	H8	76518.4763	H8	76518.4763	76518.4763
40485	R	N+10%	+0.25	carbA	own	O1	3.0526	H6	3.0328	5.4940
40485	R	N+10%	+0.25	carbB	own	O6	3.2201	H2	2.8646	7.3168
40485	R	N+10%	+0.25	ether	migrated	O2	3.0792	O2	3.0792	5.8857
40485	R	N+10%	+0.25	hydroxyl	own	O4	3.4095	C6	3.2372	4.2887
40485	R	N+10%	+0.50	carbA	own	O1	2.9109	O1	2.9109	5.4365
40485	R	N+10%	+0.50	carbB	own	O6	3.0503	H2	2.7904	7.2355
40485	R	N+10%	+0.50	ether	migrated	O2	2.9105	O2	2.9105	5.6331
40485	R	N+10%	+0.50	hydroxyl	migrated	O6	2.9547	O6	2.9547	5.9832
40485	R	N+10%	+0.75	carbA	own	O1	2.8276	O1	2.8276	5.4161
40485	R	N+10%	+0.75	carbB	own	O6	2.9570	H2	2.7484	7.1780
40485	R	N+10%	+0.75	ether	migrated	O2	2.8122	O2	2.8122	5.4823
40485	R	N+10%	+0.75	hydroxyl	own	O4	3.1291	C6	3.0427	4.0240
40485	R	N+10%	+1.00	carbA	own	O1	2.7675	O1	2.7675	5.4382
40485	R	N+10%	+1.00	carbB	own	O6	2.8940	H2	2.7202	7.1339
40485	R	N+10%	+1.00	ether	migrated	O2	2.7432	O2	2.7432	5.3759
40485	R	N+10%	+1.00	hydroxyl	own	O4	3.0491	C6	2.9898	3.9485
40485	R	N+10%	-0.25	H1	escaped	O5	43347.8080	O5	43347.8080	43350.8490
40485	R	N+10%	-0.25	H2	escaped	O1	34762.4794	O1	34762.4794	34768.2832
40485	R	N+10%	-0.25	H3	escaped	H8	40919.4278	H8	40919.4278	40919.4278
40485	R	N+10%	-0.25	H4	escaped	O5	46915.0478	O5	46915.0478	46917.8363
40485	R	N+10%	-0.25	H5	escaped	O6	35610.8719	O6	35610.8719	35614.7766
40485	R	N+10%	-0.25	H6	escaped	H6	38538.5445	H6	38538.5445	38539.2881
40485	R	N+10%	-0.25	H7	escaped	H3	42347.4784	H3	42347.4784	42347.6000
40485	R	N+10%	-0.25	H8	escaped	H8	42078.1362	H8	42078.1362	42078.1362
40485	R	N+10%	-0.50	H1	escaped	O5	66330.3282	O5	66330.3282	66333.8529
40485	R	N+10%	-0.50	H2	escaped	O1	54005.2026	O1	54005.2026	54009.9957
40485	R	N+10%	-0.50	H3	escaped	H8	54483.9100	H8	54483.9100	54483.9100
40485	R	N+10%	-0.50	H4	escaped	O5	53808.1531	O5	53808.1531	53812.6968
40485	R	N+10%	-0.50	H5	escaped	O6	54965.0619	O6	54965.0619	54970.1065
40485	R	N+10%	-0.50	H6	escaped	H6	51224.5936	H6	51224.5936	51225.1535
40485	R	N+10%	-0.50	H7	escaped	H3	60251.5490	H3	60251.5490	60251.8147
40485	R	N+10%	-0.50	H8	escaped	H8	56224.4689	H8	56224.4689	56224.4689
40485	R	N+10%	-0.75	H1	escaped	O5	70681.4931	O5	70681.4931	70685.1970
40485	R	N+10%	-0.75	H2	escaped	O1	81267.9301	O1	81267.9301	81272.1252
40485	R	N+10%	-0.75	H3	escaped	H3	71940.8209	H3	71940.8209	71940.9619
40485	R	N+10%	-0.75	H4	escaped	O5	62667.3949	O5	62667.3949	62672.4931
40485	R	N+10%	-0.75	H5	escaped	O6	80816.2458	O6	80816.2458	80821.5787
40485	R	N+10%	-0.75	H6	escaped	H6	71431.4122	H6	71431.4122	71431.7317
40485	R	N+10%	-0.75	H7	escaped	H3	85124.8102	H3	85124.8102	85125.1306
40485	R	N+10%	-0.75	H8	escaped	H8	75512.3456	H8	75512.3456	75512.3456
40485	R	N+10%	-1.00	H1	escaped	O5	82080.4254	O5	82080.4254	82084.2379
40485	R	N+10%	-1.00	H2	escaped	O1	84806.3234	O1	84806.3234	84810.1908
40485	R	N+10%	-1.00	H3	escaped	H3	96131.7623	H3	96131.7623	96132.1813
40485	R	N+10%	-1.00	H4	escaped	O5	87518.6502	O5	87518.6502	87523.9730
40485	R	N+10%	-1.00	H5	escaped	O6	84196.9990	O6	84196.9990	84202.4269
40485	R	N+10%	-1.00	H6	escaped	O2	76958.6159	O2	76958.6159	76959.4599
40485	R	N+10%	-1.00	H7	escaped	H3	76107.5872	H3	76107.5872	76107.9360
40485	R	N+10%	-1.00	H8	escaped	H8	76465.0197	H8	76465.0197	76465.0197
40485	R	OPLS_sp3C	+0.25	carbA	own	O1	2.9233	O1	2.9233	5.4265
40485	R	OPLS_sp3C	+0.25	carbB	own	O6	3.0636	H2	2.7923	7.2340
40485	R	OPLS_sp3C	+0.25	ether	migrated	O2	2.9246	O2	2.9246	5.6522
40485	R	OPLS_sp3C	+0.25	hydroxyl	own	O4	3.2433	C6	3.1254	4.1308
40485	R	OPLS_sp3C	+0.50	carbA	own	O1	2.7822	O1	2.7822	5.4074
40485	R	OPLS_sp3C	+0.50	carbB	own	O6	2.9083	H2	2.7238	7.1379
40485	R	OPLS_sp3C	+0.50	ether	migrated	O2	2.7589	O2	2.7589	5.3983
40485	R	OPLS_sp3C	+0.50	hydroxyl	own	O4	3.0616	C6	3.0016	3.9597
40485	R	OPLS_sp3C	+0.75	carbA	own	O1	2.6866	O1	2.6866	5.7159
40485	R	OPLS_sp3C	+0.75	carbB	own	O6	2.8241	H2	2.6879	7.0749
40485	R	OPLS_sp3C	+0.75	ether	migrated	O2	2.6637	O2	2.6637	5.2516
40485	R	OPLS_sp3C	+0.75	hydroxyl	migrated	O6	2.8241	H2	2.6879	7.0749
40485	R	OPLS_sp3C	+1.00	carbA	own	O1	2.6191	O1	2.6191	5.9229
40485	R	OPLS_sp3C	+1.00	carbB	own	O6	2.7677	H2	2.6655	7.0283
40485	R	OPLS_sp3C	+1.00	ether	migrated	O2	2.5974	O2	2.5974	5.1497
40485	R	OPLS_sp3C	+1.00	hydroxyl	migrated	O6	2.7677	H2	2.6655	7.0283
40485	R	OPLS_sp3C	-0.25	H1	escaped	O5	38793.1917	O5	38793.1917	38796.7463
40485	R	OPLS_sp3C	-0.25	H2	escaped	O1	34345.5201	O1	34345.5201	34351.3056
40485	R	OPLS_sp3C	-0.25	H3	escaped	H8	41196.8659	H8	41196.8659	41196.8659
40485	R	OPLS_sp3C	-0.25	H4	escaped	O5	46311.2700	O5	46311.2700	46314.2553
40485	R	OPLS_sp3C	-0.25	H5	escaped	O6	35141.1806	O6	35141.1806	35145.2410
40485	R	OPLS_sp3C	-0.25	H6	escaped	H6	37859.8529	H6	37859.8529	37860.6243
40485	R	OPLS_sp3C	-0.25	H7	escaped	H3	40615.2581	H3	40615.2581	40615.4691
40485	R	OPLS_sp3C	-0.25	H8	escaped	H8	42209.1410	H8	42209.1410	42209.1410
40485	R	OPLS_sp3C	-0.50	H1	escaped	O5	59360.7915	O5	59360.7915	59364.6432
40485	R	OPLS_sp3C	-0.50	H2	escaped	O1	53577.7533	O1	53577.7533	53582.5316
40485	R	OPLS_sp3C	-0.50	H3	escaped	H8	53699.0023	H8	53699.0023	53699.0023
40485	R	OPLS_sp3C	-0.50	H4	escaped	O5	53507.9477	O5	53507.9477	53512.6001
40485	R	OPLS_sp3C	-0.50	H5	escaped	O6	54490.6045	O6	54490.6045	54495.7359
40485	R	OPLS_sp3C	-0.50	H6	escaped	H6	50978.3550	H6	50978.3550	50978.9405
40485	R	OPLS_sp3C	-0.50	H7	escaped	H3	63187.6532	H3	63187.6532	63187.9640
40485	R	OPLS_sp3C	-0.50	H8	escaped	H8	56528.8866	H8	56528.8866	56528.8866
40485	R	OPLS_sp3C	-0.75	H1	escaped	O5	72160.4047	O5	72160.4047	72164.3925
40485	R	OPLS_sp3C	-0.75	H2	escaped	O1	81340.1620	O1	81340.1620	81344.3531
40485	R	OPLS_sp3C	-0.75	H3	escaped	H3	71185.5098	H3	71185.5098	71185.6034
40485	R	OPLS_sp3C	-0.75	H4	escaped	O5	62248.5188	O5	62248.5188	62253.6874
40485	R	OPLS_sp3C	-0.75	H5	escaped	O6	80923.7166	O6	80923.7166	80929.1083
40485	R	OPLS_sp3C	-0.75	H6	escaped	O2	71445.5055	O2	71445.5055	71445.8920
40485	R	OPLS_sp3C	-0.75	H7	escaped	H3	82393.4913	H3	82393.4913	82393.8420
40485	R	OPLS_sp3C	-0.75	H8	escaped	H8	75957.2741	H8	75957.2741	75957.2741
40485	R	OPLS_sp3C	-1.00	H1	escaped	O5	80811.6838	O5	80811.6838	80815.7586
40485	R	OPLS_sp3C	-1.00	H2	escaped	O1	84858.3191	O1	84858.3191	84862.1831
40485	R	OPLS_sp3C	-1.00	H3	escaped	H3	95202.5796	H3	95202.5796	95202.9414
40485	R	OPLS_sp3C	-1.00	H4	escaped	O5	87687.5260	O5	87687.5260	87692.8998
40485	R	OPLS_sp3C	-1.00	H5	escaped	O6	84273.4038	O6	84273.4038	84278.8781
40485	R	OPLS_sp3C	-1.00	H6	escaped	O2	77098.2825	O2	77098.2825	77099.2101
40485	R	OPLS_sp3C	-1.00	H7	escaped	H3	97021.4956	H3	97021.4956	97021.8668
40485	R	OPLS_sp3C	-1.00	H8	escaped	H8	76915.8008	H8	76915.8008	76915.8008
40485	R	Behrens_3.55	+0.25	carbA	own	O1	2.9451	O1	2.9451	5.4449
40485	R	Behrens_3.55	+0.25	carbB	own	O6	3.0896	H2	2.8066	7.2540
40485	R	Behrens_3.55	+0.25	ether	migrated	O2	2.9509	O2	2.9509	5.6937
40485	R	Behrens_3.55	+0.25	hydroxyl	own	O4	3.2791	C6	3.1454	4.1655
40485	R	Behrens_3.55	+0.50	carbA	own	O1	2.8032	O1	2.8032	5.4125
40485	R	Behrens_3.55	+0.50	carbB	own	O6	2.9307	H2	2.7356	7.1579
40485	R	Behrens_3.55	+0.50	ether	migrated	O2	2.7835	O2	2.7835	5.4375
40485	R	Behrens_3.55	+0.50	hydroxyl	own	O4	3.0940	C6	3.0208	3.9906
40485	R	Behrens_3.55	+0.75	carbA	own	O1	2.7125	O1	2.7125	5.5939
40485	R	Behrens_3.55	+0.75	carbB	own	O6	2.8445	H2	2.6980	7.0945
40485	R	Behrens_3.55	+0.75	ether	migrated	O2	2.6873	O2	2.6873	5.2891
40485	R	Behrens_3.55	+0.75	hydroxyl	migrated	O6	2.8445	H2	2.6980	7.0945
40485	R	Behrens_3.55	+1.00	carbA	own	O1	2.6413	O1	2.6413	5.8839
40485	R	Behrens_3.55	+1.00	carbB	own	O6	2.7867	H2	2.6742	7.0476
40485	R	Behrens_3.55	+1.00	ether	migrated	O2	2.6203	O2	2.6203	5.1860
40485	R	Behrens_3.55	+1.00	hydroxyl	migrated	O6	2.7867	H2	2.6742	7.0476
40485	R	Behrens_3.55	-0.25	H1	escaped	O5	36041.8454	O5	36041.8454	36045.3522
40485	R	Behrens_3.55	-0.25	H2	escaped	O1	34387.6567	O1	34387.6567	34393.4415
40485	R	Behrens_3.55	-0.25	H3	escaped	H8	41207.3242	H8	41207.3242	41207.3242
40485	R	Behrens_3.55	-0.25	H4	escaped	O5	46337.4840	O5	46337.4840	46340.4429
40485	R	Behrens_3.55	-0.25	H5	escaped	O6	35175.3010	O6	35175.3010	35179.3406
40485	R	Behrens_3.55	-0.25	H6	escaped	H6	37889.4585	H6	37889.4585	37890.2204
40485	R	Behrens_3.55	-0.25	H7	escaped	H3	40785.0629	H3	40785.0629	40785.2710
40485	R	Behrens_3.55	-0.25	H8	escaped	H8	42205.8493	H8	42205.8493	42205.8493
40485	R	Behrens_3.55	-0.50	H1	escaped	O5	59862.0711	O5	59862.0711	59865.8777
40485	R	Behrens_3.55	-0.50	H2	escaped	O1	53646.4086	O1	53646.4086	53651.1846
40485	R	Behrens_3.55	-0.50	H3	escaped	H8	53734.5976	H8	53734.5976	53734.5976
40485	R	Behrens_3.55	-0.50	H4	escaped	O5	53526.2448	O5	53526.2448	53530.8807
40485	R	Behrens_3.55	-0.50	H5	escaped	O6	54552.9782	O6	54552.9782	54558.0934
40485	R	Behrens_3.55	-0.50	H6	escaped	H6	50959.1719	H6	50959.1719	50959.7433
40485	R	Behrens_3.55	-0.50	H7	escaped	H3	62583.7941	H3	62583.7941	62584.1044
40485	R	Behrens_3.55	-0.50	H8	escaped	H8	56521.3510	H8	56521.3510	56521.3510
40485	R	Behrens_3.55	-0.75	H1	escaped	O5	71822.4189	O5	71822.4189	71826.3645
40485	R	Behrens_3.55	-0.75	H2	escaped	O1	81390.2671	O1	81390.2671	81394.4560
40485	R	Behrens_3.55	-0.75	H3	escaped	H3	71203.7596	H3	71203.7596	71203.8466
40485	R	Behrens_3.55	-0.75	H4	escaped	O5	62287.5665	O5	62287.5665	62292.7235
40485	R	Behrens_3.55	-0.75	H5	escaped	O6	80970.7860	O6	80970.7860	80976.1650
40485	R	Behrens_3.55	-0.75	H6	escaped	O2	71378.7115	O2	71378.7115	71379.0670
40485	R	Behrens_3.55	-0.75	H7	escaped	H3	82790.9706	H3	82790.9706	82791.3213
40485	R	Behrens_3.55	-0.75	H8	escaped	H8	75946.9585	H8	75946.9585	75946.9585
40485	R	Behrens_3.55	-1.00	H1	escaped	O5	80839.7946	O5	80839.7946	80843.8296
40485	R	Behrens_3.55	-1.00	H2	escaped	O1	84902.9433	O1	84902.9433	84906.8057
40485	R	Behrens_3.55	-1.00	H3	escaped	H3	95196.4653	H3	95196.4653	95196.8192
40485	R	Behrens_3.55	-1.00	H4	escaped	O5	87713.9624	O5	87713.9624	87719.3270
40485	R	Behrens_3.55	-1.00	H5	escaped	O6	84317.0250	O6	84317.0250	84322.4889
40485	R	Behrens_3.55	-1.00	H6	escaped	O2	77022.8164	O2	77022.8164	77023.7176
40485	R	Behrens_3.55	-1.00	H7	escaped	H3	97757.8502	H3	97757.8502	97758.2216
40485	R	Behrens_3.55	-1.00	H8	escaped	H8	76905.7793	H8	76905.7793	76905.7793
40485	TS	N	+0.25	carbA	own	O1	2.8992	O1	2.8992	5.4246
40485	TS	N	+0.25	carbB	own	O6	3.0334	H2	2.8768	8.5592
40485	TS	N	+0.25	ether	migrated	O2	2.9222	O2	2.9222	6.1814
40485	TS	N	+0.25	hydroxyl	migrated	O6	2.9594	O6	2.9594	5.5193
40485	TS	N	+0.50	carbA	own	O1	2.7681	O1	2.7681	5.3798
40485	TS	N	+0.50	carbB	own	O6	2.9181	H2	2.8724	8.4740
40485	TS	N	+0.50	ether	migrated	O2	2.7548	O2	2.7548	5.8871
40485	TS	N	+0.50	hydroxyl	migrated	O6	2.7810	O6	2.7810	5.6043
40485	TS	N	+0.75	carbA	own	O1	2.6882	O1	2.6882	5.3901
40485	TS	N	+0.75	carbB	own	O5	2.8396	C10	2.8176	8.4471
40485	TS	N	+0.75	ether	migrated	O2	2.6592	O2	2.6592	5.7143
40485	TS	N	+0.75	hydroxyl	migrated	O6	2.6807	O6	2.6807	5.6432
40485	TS	N	+1.00	carbA	own	O1	2.6249	O1	2.6249	5.5008
40485	TS	N	+1.00	carbB	own	O5	2.7499	O5	2.7499	8.4804
40485	TS	N	+1.00	ether	migrated	O2	2.5928	O2	2.5928	5.5938
40485	TS	N	+1.00	hydroxyl	migrated	O6	2.6112	O6	2.6112	5.6676
40485	TS	N	-0.25	H1	escaped	O5	43779.9750	O5	43779.9750	43784.4062
40485	TS	N	-0.25	H2	escaped	O1	44805.0552	O1	44805.0552	44810.5831
40485	TS	N	-0.25	H3	escaped	H8	41634.8428	H8	41634.8428	41634.8428
40485	TS	N	-0.25	H4	escaped	H4	46402.0125	H4	46402.0125	46404.9832
40485	TS	N	-0.25	H5	escaped	O6	46084.8380	O6	46084.8380	46088.8525
40485	TS	N	-0.25	H6	escaped	H6	37489.2872	H6	37489.2872	37489.6639
40485	TS	N	-0.25	H7	escaped	O4	40430.0444	O4	40430.0444	40430.0846
40485	TS	N	-0.25	H8	escaped	H8	42768.7112	H8	42768.7112	42768.7112
40485	TS	N	-0.50	H1	escaped	O5	63018.1156	O5	63018.1156	63022.6495
40485	TS	N	-0.50	H2	escaped	O1	53042.0338	O1	53042.0338	53046.6808
40485	TS	N	-0.50	H3	escaped	H3	56347.4735	H3	56347.4735	56347.8078
40485	TS	N	-0.50	H4	escaped	O5	52686.4388	O5	52686.4388	52691.2647
40485	TS	N	-0.50	H5	escaped	O6	52844.4227	O6	52844.4227	52849.5208
40485	TS	N	-0.50	H6	escaped	H6	50453.2008	H6	50453.2008	50453.2952
40485	TS	N	-0.50	H7	escaped	O4	59469.2367	O4	59469.2367	59469.2764
40485	TS	N	-0.50	H8	escaped	H8	57146.0407	H8	57146.0407	57146.0407
40485	TS	N	-0.75	H1	escaped	O5	78835.0775	O5	78835.0775	78839.5981
40485	TS	N	-0.75	H2	escaped	O1	77814.5821	O1	77814.5821	77818.7455
40485	TS	N	-0.75	H3	escaped	H3	77059.4294	H3	77059.4294	77060.0690
40485	TS	N	-0.75	H4	escaped	O5	60658.4646	O5	60658.4646	60664.0164
40485	TS	N	-0.75	H5	escaped	O6	77365.7949	O6	77365.7949	77371.1584
40485	TS	N	-0.75	H6	escaped	H8	70935.1135	H8	70935.1135	70935.1135
40485	TS	N	-0.75	H7	escaped	O4	80251.5750	O4	80251.5750	80251.6148
40485	TS	N	-0.75	H8	escaped	H8	76757.8311	H8	76757.8311	76757.8311
40485	TS	N	-1.00	H1	escaped	O5	93290.4650	O5	93290.4650	93294.9542
40485	TS	N	-1.00	H2	escaped	O1	80828.3902	O1	80828.3902	80832.2922
40485	TS	N	-1.00	H3	escaped	H3	80482.4473	H3	80482.4473	80483.3433
40485	TS	N	-1.00	H4	escaped	O5	88040.4424	O5	88040.4424	88046.2728
40485	TS	N	-1.00	H5	escaped	O6	80560.1566	O6	80560.1566	80565.5947
40485	TS	N	-1.00	H6	escaped	O2	76778.1523	O2	76778.1523	76778.3965
40485	TS	N	-1.00	H7	escaped	O4	92349.2738	O4	92349.2738	92349.3134
40485	TS	N	-1.00	H8	escaped	H8	77723.6767	H8	77723.6767	77723.6767
40485	TS	N+5%	+0.25	carbA	own	O1	2.9717	H6	2.9587	5.4893
40485	TS	N+5%	+0.25	carbB	own	O6	3.0990	H2	2.9234	8.6358
40485	TS	N+5%	+0.25	ether	migrated	O2	3.0187	O2	3.0187	6.3546
40485	TS	N+5%	+0.25	hydroxyl	migrated	O6	3.0522	O6	3.0522	5.5081
40485	TS	N+5%	+0.50	carbA	own	O1	2.8372	O1	2.8372	5.4288
40485	TS	N+5%	+0.50	carbB	own	O6	2.9791	H2	2.8965	8.5357
40485	TS	N+5%	+0.50	ether	migrated	O2	2.8422	O2	2.8422	6.0473
40485	TS	N+5%	+0.50	hydroxyl	migrated	O6	2.8675	O6	2.8675	5.5937
40485	TS	N+5%	+0.75	carbA	own	O1	2.7566	O1	2.7566	5.4096
40485	TS	N+5%	+0.75	carbB	own	O6	2.9071	C10	2.8942	8.4881
40485	TS	N+5%	+0.75	ether	migrated	O2	2.7419	O2	2.7419	5.8670
40485	TS	N+5%	+0.75	hydroxyl	migrated	O6	2.7638	O6	2.7638	5.6320
40485	TS	N+5%	+1.00	carbA	own	O1	2.6979	O1	2.6979	5.4234
40485	TS	N+5%	+1.00	carbB	own	O5	2.8509	C10	2.8319	8.4694
40485	TS	N+5%	+1.00	ether	migrated	O2	2.6725	O2	2.6725	5.7409
40485	TS	N+5%	+1.00	hydroxyl	migrated	O6	2.6920	O6	2.6920	5.6556
40485	TS	N+5%	-0.25	H1	escaped	O5	46035.3016	O5	46035.3016	46039.5560
40485	TS	N+5%	-0.25	H2	escaped	O1	34202.5996	O1	34202.5996	34208.1264
40485	TS	N+5%	-0.25	H3	escaped	H8	41646.4297	H8	41646.4297	41646.4297
40485	TS	N+5%	-0.25	H4	escaped	H4	46467.8993	H4	46467.8993	46470.7878
40485	TS	N+5%	-0.25	H5	escaped	O6	46316.7833	O6	46316.7833	46320.7368
40485	TS	N+5%	-0.25	H6	escaped	H6	37646.8405	H6	37646.8405	37647.1890
40485	TS	N+5%	-0.25	H7	escaped	O4	40952.4596	O4	40952.4596	40952.5049
40485	TS	N+5%	-0.25	H8	escaped	H8	42771.2664	H8	42771.2664	42771.2664
40485	TS	N+5%	-0.50	H1	escaped	O5	56752.7213	O5	56752.7213	56757.1369
40485	TS	N+5%	-0.50	H2	escaped	O1	53600.7433	O1	53600.7433	53605.3919
40485	TS	N+5%	-0.50	H3	escaped	H3	56321.7114	H3	56321.7114	56322.0348
40485	TS	N+5%	-0.50	H4	escaped	O5	52615.5296	O5	52615.5296	52620.2897
40485	TS	N+5%	-0.50	H5	escaped	O6	53085.0218	O6	53085.0218	53090.0664
40485	TS	N+5%	-0.50	H6	escaped	H6	50450.1748	H6	50450.1748	50450.2266
40485	TS	N+5%	-0.50	H7	escaped	O4	60693.4221	O4	60693.4221	60693.4672
40485	TS	N+5%	-0.50	H8	escaped	H8	57108.2755	H8	57108.2755	57108.2755
40485	TS	N+5%	-0.75	H1	escaped	O5	74015.0518	O5	74015.0518	74019.5216
40485	TS	N+5%	-0.75	H2	escaped	O1	78023.7276	O1	78023.7276	78027.8943
40485	TS	N+5%	-0.75	H3	escaped	H3	76987.9108	H3	76987.9108	76988.5407
40485	TS	N+5%	-0.75	H4	escaped	O5	60603.4227	O5	60603.4227	60608.9371
40485	TS	N+5%	-0.75	H5	escaped	O6	77475.4629	O6	77475.4629	77480.7825
40485	TS	N+5%	-0.75	H6	escaped	H8	70812.1423	H8	70812.1423	70812.1423
40485	TS	N+5%	-0.75	H7	escaped	O4	62283.1701	O4	62283.1701	62283.2151
40485	TS	N+5%	-0.75	H8	escaped	H8	76699.4279	H8	76699.4279	76699.4279
40485	TS	N+5%	-1.00	H1	escaped	O5	89525.8798	O5	89525.8798	89530.3080
40485	TS	N+5%	-1.00	H2	escaped	O1	80997.9344	O1	80997.9344	81001.8418
40485	TS	N+5%	-1.00	H3	escaped	H3	80400.5416	H3	80400.5416	80401.4303
40485	TS	N+5%	-1.00	H4	escaped	O5	88031.3236	O5	88031.3236	88037.1268
40485	TS	N+5%	-1.00	H5	escaped	O6	80656.6652	O6	80656.6652	80662.0664
40485	TS	N+5%	-1.00	H6	escaped	O2	76631.3861	O2	76631.3861	76631.5401
40485	TS	N+5%	-1.00	H7	escaped	O4	70643.7369	O4	70643.7369	70643.7818
40485	TS	N+5%	-1.00	H8	escaped	H8	77663.7987	H8	77663.7987	77663.7987
40485	TS	N+10%	+0.25	carbA	own	O1	3.0446	H6	3.0173	5.5566
40485	TS	N+10%	+0.25	carbB	own	O6	3.1663	H2	2.9736	8.7139
40485	TS	N+10%	+0.25	ether	migrated	O2	3.1205	O2	3.1205	6.5427
40485	TS	N+10%	+0.25	hydroxyl	migrated	O6	3.1449	O6	3.1449	5.4995
40485	TS	N+10%	+0.50	carbA	own	O1	2.9066	O1	2.9066	5.4846
40485	TS	N+10%	+0.50	carbB	own	O6	3.0416	H2	2.9308	8.6033
40485	TS	N+10%	+0.50	ether	migrated	O2	2.9322	O2	2.9322	6.2152
40485	TS	N+10%	+0.50	hydroxyl	migrated	O6	3.0416	H2	2.9308	8.6033
40485	TS	N+10%	+0.75	carbA	own	O1	2.8243	O1	2.8243	5.4503
40485	TS	N+10%	+0.75	carbB	own	O6	2.9676	H2	2.9196	8.5438
40485	TS	N+10%	+0.75	ether	migrated	O2	2.8267	O2	2.8267	6.0254
40485	TS	N+10%	+0.75	hydroxyl	migrated	O6	2.8473	O6	2.8473	5.6228
40485	TS	N+10%	+1.00	carbA	own	O1	2.7654	O1	2.7654	5.4380
40485	TS	N+10%	+1.00	carbB	own	O6	2.9143	C10	2.9072	8.5089
40485	TS	N+10%	+1.00	ether	migrated	O2	2.7539	O2	2.7539	5.8930
40485	TS	N+10%	+1.00	hydroxyl	migrated	O6	2.7732	O6	2.7732	5.6456
40485	TS	N+10%	-0.25	H1	escaped	O5	39193.8490	O5	39193.8490	39197.9018
40485	TS	N+10%	-0.25	H2	escaped	O1	34735.3648	O1	34735.3648	34740.8860
40485	TS	N+10%	-0.25	H3	escaped	H8	41702.5823	H8	41702.5823	41702.5823
40485	TS	N+10%	-0.25	H4	escaped	H4	46399.7767	H4	46399.7767	46402.5355
40485	TS	N+10%	-0.25	H5	escaped	O6	46584.3605	O6	46584.3605	46588.2111
40485	TS	N+10%	-0.25	H6	escaped	H6	37816.9720	H6	37816.9720	37817.2730
40485	TS	N+10%	-0.25	H7	escaped	O4	41244.1674	O4	41244.1674	41244.2164
40485	TS	N+10%	-0.25	H8	escaped	H8	42788.9656	H8	42788.9656	42788.9656
40485	TS	N+10%	-0.50	H1	escaped	O5	56389.0617	O5	56389.0617	56393.3284
40485	TS	N+10%	-0.50	H2	escaped	O1	54423.2743	O1	54423.2743	54427.9221
40485	TS	N+10%	-0.50	H3	escaped	H3	56295.7354	H3	56295.7354	56296.0359
40485	TS	N+10%	-0.50	H4	escaped	O5	52444.1629	O5	52444.1629	52448.8154
40485	TS	N+10%	-0.50	H5	escaped	O6	53407.2578	O6	53407.2578	53412.2149
40485	TS	N+10%	-0.50	H6	escaped	H8	66784.0707	H8	66784.0707	66784.0707
40485	TS	N+10%	-0.50	H7	escaped	O4	61588.5918	O4	61588.5918	61588.6407
40485	TS	N+10%	-0.50	H8	escaped	H8	57085.0164	H8	57085.0164	57085.0164
40485	TS	N+10%	-0.75	H1	escaped	O5	69600.9652	O5	69600.9652	69605.3005
40485	TS	N+10%	-0.75	H2	escaped	O1	78380.3354	O1	78380.3354	78384.5049
40485	TS	N+10%	-0.75	H3	escaped	H3	76870.9349	H3	76870.9349	76871.5432
40485	TS	N+10%	-0.75	H4	escaped	O5	60455.8799	O5	60455.8799	60461.3347
40485	TS	N+10%	-0.75	H5	escaped	O6	77678.9175	O6	77678.9175	77684.1666
40485	TS	N+10%	-0.75	H6	escaped	H8	70598.4932	H8	70598.4932	70598.4932
40485	TS	N+10%	-0.75	H7	escaped	O4	63659.8004	O4	63659.8004	63659.8492
40485	TS	N+10%	-0.75	H8	escaped	H8	76661.1972	H8	76661.1972	76661.1972
40485	TS	N+10%	-1.00	H1	escaped	O5	85510.8465	O5	85510.8465	85515.2186
40485	TS	N+10%	-1.00	H2	escaped	O1	81292.4322	O1	81292.4322	81296.3456
40485	TS	N+10%	-1.00	H3	escaped	H3	80258.5130	H3	80258.5130	80259.3850
40485	TS	N+10%	-1.00	H4	escaped	O5	88046.8049	O5	88046.8049	88052.5654
40485	TS	N+10%	-1.00	H5	escaped	O6	80835.5145	O6	80835.5145	80840.8569
40485	TS	N+10%	-1.00	H6	escaped	O2	76386.5945	O2	76386.5945	76386.5956
40485	TS	N+10%	-1.00	H7	escaped	O4	71433.9156	O4	71433.9156	71433.9642
40485	TS	N+10%	-1.00	H8	escaped	H8	77624.3287	H8	77624.3287	77624.3287
40485	TS	OPLS_sp3C	+0.25	carbA	own	O1	2.9183	O1	2.9183	5.4783
40485	TS	OPLS_sp3C	+0.25	carbB	own	O6	3.0518	H2	2.9228	8.6045
40485	TS	OPLS_sp3C	+0.25	ether	migrated	O2	2.9474	O2	2.9474	6.2376
40485	TS	OPLS_sp3C	+0.25	hydroxyl	migrated	O6	2.9728	O6	2.9728	5.5649
40485	TS	OPLS_sp3C	+0.50	carbA	own	O1	2.7794	O1	2.7794	5.4273
40485	TS	OPLS_sp3C	+0.50	carbB	own	O6	2.9273	H2	2.9121	8.5091
40485	TS	OPLS_sp3C	+0.50	ether	migrated	O1	2.7794	O1	2.7794	5.4273
40485	TS	OPLS_sp3C	+0.50	hydroxyl	migrated	O6	2.7914	O6	2.7914	5.6325
40485	TS	OPLS_sp3C	+0.75	carbA	own	O1	2.6956	O1	2.6956	5.4444
40485	TS	OPLS_sp3C	+0.75	carbB	own	O5	2.8469	C10	2.8317	8.4792
40485	TS	OPLS_sp3C	+0.75	ether	migrated	O2	2.6711	O2	2.6711	5.7401
40485	TS	OPLS_sp3C	+0.75	hydroxyl	migrated	O6	2.6894	O6	2.6894	5.6637
40485	TS	OPLS_sp3C	+1.00	carbA	own	O1	2.6296	O1	2.6296	5.5732
40485	TS	OPLS_sp3C	+1.00	carbB	own	O5	2.7534	O5	2.7534	8.5186
40485	TS	OPLS_sp3C	+1.00	ether	migrated	O2	2.6026	O2	2.6026	5.6153
40485	TS	OPLS_sp3C	+1.00	hydroxyl	migrated	O6	2.6188	O6	2.6188	5.6837
40485	TS	OPLS_sp3C	-0.25	H1	escaped	O5	43642.0905	O5	43642.0905	43646.4991
40485	TS	OPLS_sp3C	-0.25	H2	escaped	O1	33921.4813	O1	33921.4813	33926.9826
40485	TS	OPLS_sp3C	-0.25	H3	escaped	H8	41919.2216	H8	41919.2216	41919.2216
40485	TS	OPLS_sp3C	-0.25	H4	escaped	H4	46024.7439	H4	46024.7439	46027.6722
40485	TS	OPLS_sp3C	-0.25	H5	escaped	O6	45930.6788	O6	45930.6788	45934.6789
40485	TS	OPLS_sp3C	-0.25	H6	escaped	H6	37194.7814	H6	37194.7814	37195.1062
40485	TS	OPLS_sp3C	-0.25	H7	escaped	O4	39714.9792	O4	39714.9792	39715.0162
40485	TS	OPLS_sp3C	-0.25	H8	escaped	H8	42853.5471	H8	42853.5471	42853.5471
40485	TS	OPLS_sp3C	-0.50	H1	escaped	O5	62061.0111	O5	62061.0111	62065.5192
40485	TS	OPLS_sp3C	-0.50	H2	escaped	O1	53437.9375	O1	53437.9375	53442.5583
40485	TS	OPLS_sp3C	-0.50	H3	escaped	H3	56449.2125	H3	56449.2125	56449.5092
40485	TS	OPLS_sp3C	-0.50	H4	escaped	O5	52421.1838	O5	52421.1838	52425.9763
40485	TS	OPLS_sp3C	-0.50	H5	escaped	O6	52989.5523	O6	52989.5523	52994.5985
40485	TS	OPLS_sp3C	-0.50	H6	escaped	H6	50176.6391	H6	50176.6391	50176.6392
40485	TS	OPLS_sp3C	-0.50	H7	escaped	O4	60984.9913	O4	60984.9913	60985.0292
40485	TS	OPLS_sp3C	-0.50	H8	escaped	H8	57332.8401	H8	57332.8401	57332.8401
40485	TS	OPLS_sp3C	-0.75	H1	escaped	O5	77371.3959	O5	77371.3959	77375.8896
40485	TS	OPLS_sp3C	-0.75	H2	escaped	O1	78375.2367	O1	78375.2367	78379.3852
40485	TS	OPLS_sp3C	-0.75	H3	escaped	H3	77023.5998	H3	77023.5998	77024.1976
40485	TS	OPLS_sp3C	-0.75	H4	escaped	O5	60411.4716	O5	60411.4716	60417.0032
40485	TS	OPLS_sp3C	-0.75	H5	escaped	O6	77821.3040	O6	77821.3040	77826.6144
40485	TS	OPLS_sp3C	-0.75	H6	escaped	H8	70589.8684	H8	70589.8684	70589.8684
40485	TS	OPLS_sp3C	-0.75	H7	escaped	O4	79988.6466	O4	79988.6466	79988.6853
40485	TS	OPLS_sp3C	-0.75	H8	escaped	H8	77033.4500	H8	77033.4500	77033.4500
40485	TS	OPLS_sp3C	-1.00	H1	escaped	O5	91993.2440	O5	91993.2440	91997.7059
40485	TS	OPLS_sp3C	-1.00	H2	escaped	O1	81300.8965	O1	81300.8965	81304.7896
40485	TS	OPLS_sp3C	-1.00	H3	escaped	H3	80397.8511	H3	80397.8511	80398.7103
40485	TS	OPLS_sp3C	-1.00	H4	escaped	O5	88297.4402	O5	88297.4402	88303.2517
40485	TS	OPLS_sp3C	-1.00	H5	escaped	O6	80943.8966	O6	80943.8966	80949.2876
40485	TS	OPLS_sp3C	-1.00	H6	escaped	O2	76487.7713	O2	76487.7713	76487.8601
40485	TS	OPLS_sp3C	-1.00	H7	escaped	O4	91844.9809	O4	91844.9809	91845.0198
40485	TS	OPLS_sp3C	-1.00	H8	escaped	H8	78004.6202	H8	78004.6202	78004.6202
40485	TS	Behrens_3.55	+0.25	carbA	own	O1	2.9400	O1	2.9400	5.4972
40485	TS	Behrens_3.55	+0.25	carbB	own	O6	3.0716	H2	2.9356	8.6267
40485	TS	Behrens_3.55	+0.25	ether	migrated	O2	2.9763	O2	2.9763	6.2917
40485	TS	Behrens_3.55	+0.25	hydroxyl	migrated	O6	3.0001	O6	3.0001	5.5624
40485	TS	Behrens_3.55	+0.50	carbA	own	O1	2.8002	O1	2.8002	5.4395
40485	TS	Behrens_3.55	+0.50	carbB	own	O6	2.9459	H2	2.9168	8.5260
40485	TS	Behrens_3.55	+0.50	ether	migrated	O2	2.7964	O2	2.7964	5.9695
40485	TS	Behrens_3.55	+0.50	hydroxyl	migrated	O6	2.8170	O6	2.8170	5.6297
40485	TS	Behrens_3.55	+0.75	carbA	own	O1	2.7165	O1	2.7165	5.4416
40485	TS	Behrens_3.55	+0.75	carbB	own	O6	2.8693	C10	2.8542	8.4876
40485	TS	Behrens_3.55	+0.75	ether	migrated	O2	2.6956	O2	2.6956	5.7859
40485	TS	Behrens_3.55	+0.75	hydroxyl	migrated	O6	2.7140	O6	2.7140	5.6606
40485	TS	Behrens_3.55	+1.00	carbA	own	O1	2.6530	O1	2.6530	5.5199
40485	TS	Behrens_3.55	+1.00	carbB	own	O5	2.7875	O5	2.7875	8.4962
40485	TS	Behrens_3.55	+1.00	ether	migrated	O2	2.6262	O2	2.6262	5.6593
40485	TS	Behrens_3.55	+1.00	hydroxyl	migrated	O6	2.6427	O6	2.6427	5.6802
40485	TS	Behrens_3.55	-0.25	H1	escaped	O5	44043.6199	O5	44043.6199	44047.9833
40485	TS	Behrens_3.55	-0.25	H2	escaped	O1	34022.0941	O1	34022.0941	34027.5945
40485	TS	Behrens_3.55	-0.25	H3	escaped	H8	41931.1812	H8	41931.1812	41931.1812
40485	TS	Behrens_3.55	-0.25	H4	escaped	H4	46023.9016	H4	46023.9016	46026.8035
40485	TS	Behrens_3.55	-0.25	H5	escaped	O6	45980.1261	O6	45980.1261	45984.1057
40485	TS	Behrens_3.55	-0.25	H6	escaped	H6	37224.9103	H6	37224.9103	37225.2253
40485	TS	Behrens_3.55	-0.25	H7	escaped	O4	39894.0743	O4	39894.0743	39894.1131
40485	TS	Behrens_3.55	-0.25	H8	escaped	H8	42853.4276	H8	42853.4276	42853.4276
40485	TS	Behrens_3.55	-0.50	H1	escaped	O5	57020.6946	O5	57020.6946	57025.1680
40485	TS	Behrens_3.55	-0.50	H2	escaped	O1	53596.9485	O1	53596.9485	53601.5691
40485	TS	Behrens_3.55	-0.50	H3	escaped	H3	56443.3557	H3	56443.3557	56443.6471
40485	TS	Behrens_3.55	-0.50	H4	escaped	O5	52387.1738	O5	52387.1738	52391.9454
40485	TS	Behrens_3.55	-0.50	H5	escaped	O6	53053.4684	O6	53053.4684	53058.4969
40485	TS	Behrens_3.55	-0.50	H6	escaped	H8	66459.2619	H8	66459.2619	66459.2619
40485	TS	Behrens_3.55	-0.50	H7	escaped	O4	60684.4574	O4	60684.4574	60684.4971
40485	TS	Behrens_3.55	-0.50	H8	escaped	H8	57327.7844	H8	57327.7844	57327.7844
40485	TS	Behrens_3.55	-0.75	H1	escaped	O5	76040.6191	O5	76040.6191	76045.0983
40485	TS	Behrens_3.55	-0.75	H2	escaped	O1	78450.0118	O1	78450.0118	78454.1609
40485	TS	Behrens_3.55	-0.75	H3	escaped	H3	76997.2042	H3	76997.2042	76997.7971
40485	TS	Behrens_3.55	-0.75	H4	escaped	O5	60382.9666	O5	60382.9666	60388.4865
40485	TS	Behrens_3.55	-0.75	H5	escaped	O6	77864.6285	O6	77864.6285	77869.9246
40485	TS	Behrens_3.55	-0.75	H6	escaped	H8	70546.4247	H8	70546.4247	70546.4247
40485	TS	Behrens_3.55	-0.75	H7	escaped	O4	80763.3092	O4	80763.3092	80763.3496
40485	TS	Behrens_3.55	-0.75	H8	escaped	H8	77026.0614	H8	77026.0614	77026.0614
40485	TS	Behrens_3.55	-1.00	H1	escaped	O5	90948.8988	O5	90948.8988	90953.3436
40485	TS	Behrens_3.55	-1.00	H2	escaped	O1	81362.7375	O1	81362.7375	81366.6319
40485	TS	Behrens_3.55	-1.00	H3	escaped	H3	80365.3781	H3	80365.3781	80366.2334
40485	TS	Behrens_3.55	-1.00	H4	escaped	O5	88302.1131	O5	88302.1131	88307.9162
40485	TS	Behrens_3.55	-1.00	H5	escaped	O6	80981.9839	O6	80981.9839	80987.3630
40485	TS	Behrens_3.55	-1.00	H6	escaped	O2	76438.7007	O2	76438.7007	76438.7580
40485	TS	Behrens_3.55	-1.00	H7	escaped	O4	92212.8431	O4	92212.8431	92212.8836
40485	TS	Behrens_3.55	-1.00	H8	escaped	H8	77997.2788	H8	77997.2788	77997.2788
41786	R	N	+0.25	carbA	own	O1	2.8853	O1	2.8853	5.2958
41786	R	N	+0.25	carbB	migrated	O1	3.1093	H2	2.6514	6.9352
41786	R	N	+0.25	ether	migrated	O2	2.8962	O2	2.8962	6.0018
41786	R	N	+0.25	hydroxyl	own	O4	3.1931	C6	3.0878	4.0867
41786	R	N	+0.50	carbA	own	O1	2.7441	O1	2.7441	5.3586
41786	R	N	+0.50	carbB	own	O6	2.9696	H2	2.5746	6.9856
41786	R	N	+0.50	ether	migrated	O2	2.7394	O2	2.7394	5.7597
41786	R	N	+0.50	hydroxyl	migrated	O1	2.8774	H2	2.5647	6.7292
41786	R	N	+0.75	carbA	own	O1	2.6561	O1	2.6561	5.6745
41786	R	N	+0.75	carbB	own	O6	2.8484	H2	2.5365	6.9493
41786	R	N	+0.75	ether	migrated	O2	2.6479	O2	2.6479	5.6166
41786	R	N	+0.75	hydroxyl	migrated	O6	2.8484	H2	2.5365	6.9493
41786	R	N	+1.00	carbA	own	O1	2.5948	O1	2.5948	5.8666
41786	R	N	+1.00	carbB	migrated	O1	2.6861	H2	2.4776	6.5295
41786	R	N	+1.00	ether	migrated	O2	2.5837	O2	2.5837	5.5159
41786	R	N	+1.00	hydroxyl	migrated	O6	2.7761	H2	2.5102	6.9146
41786	R	N	-0.25	H1	escaped	O5	44795.7951	O5	44795.7951	44799.8499
41786	R	N	-0.25	H2	escaped	O1	33802.1827	O1	33802.1827	33807.9783
41786	R	N	-0.25	H3	escaped	H8	41092.5144	H8	41092.5144	41092.5144
41786	R	N	-0.25	H4	escaped	H4	47127.0581	H4	47127.0581	47130.0605
41786	R	N	-0.25	H5	escaped	O6	45712.0254	O6	45712.0254	45716.1504
41786	R	N	-0.25	H6	escaped	H6	37039.8099	H6	37039.8099	37040.4178
41786	R	N	-0.25	H7	escaped	H3	43383.9876	H3	43383.9876	43384.1302
41786	R	N	-0.25	H8	escaped	H8	41642.0444	H8	41642.0444	41642.0444
41786	R	N	-0.50	H1	escaped	O5	59826.5388	O5	59826.5388	59830.9888
41786	R	N	-0.50	H2	escaped	O1	51839.4807	O1	51839.4807	51844.3115
41786	R	N	-0.50	H3	escaped	H8	71117.3046	H8	71117.3046	71117.3046
41786	R	N	-0.50	H4	escaped	O5	53315.8712	O5	53315.8712	53320.5298
41786	R	N	-0.50	H5	escaped	O6	54275.6881	O6	54275.6881	54280.5949
41786	R	N	-0.50	H6	escaped	H6	50829.1204	H6	50829.1204	50829.8284
41786	R	N	-0.50	H7	escaped	H3	55405.3091	H3	55405.3091	55405.6363
41786	R	N	-0.50	H8	escaped	H8	56375.9503	H8	56375.9503	56375.9503
41786	R	N	-0.75	H1	escaped	O5	83108.1581	O5	83108.1581	83112.7626
41786	R	N	-0.75	H2	escaped	O1	78695.6414	O1	78695.6414	78699.8302
41786	R	N	-0.75	H3	escaped	H3	70693.9259	H3	70693.9259	70693.9511
41786	R	N	-0.75	H4	escaped	O5	81162.1742	O5	81162.1742	81167.4545
41786	R	N	-0.75	H5	escaped	O6	81610.3450	O6	81610.3450	81615.3857
41786	R	N	-0.75	H6	escaped	O2	73001.1248	O2	73001.1248	73002.3446
41786	R	N	-0.75	H7	escaped	H3	63691.7584	H3	63691.7584	63692.2309
41786	R	N	-0.75	H8	escaped	H8	75042.0786	H8	75042.0786	75042.0786
41786	R	N	-1.00	H1	escaped	O5	100407.7838	O5	100407.7838	100412.4568
41786	R	N	-1.00	H2	escaped	O1	82260.7074	O1	82260.7074	82264.5275
41786	R	N	-1.00	H3	escaped	H3	93485.8601	H3	93485.8601	93485.9757
41786	R	N	-1.00	H4	escaped	O5	86004.3207	O5	86004.3207	86009.8533
41786	R	N	-1.00	H5	escaped	O6	85219.2750	O6	85219.2750	85224.3414
41786	R	N	-1.00	H6	escaped	O2	79859.7613	O2	79859.7613	79861.5729
41786	R	N	-1.00	H7	escaped	H3	85682.4865	H3	85682.4865	85682.9613
41786	R	N	-1.00	H8	escaped	H8	75423.5740	H8	75423.5740	75423.5740
41786	R	N+5%	+0.25	carbA	own	O1	2.9609	O1	2.9609	5.3492
41786	R	N+5%	+0.25	carbB	migrated	O1	3.2496	H2	2.7164	7.0676
41786	R	N+5%	+0.25	ether	migrated	O2	2.9835	O2	2.9835	6.1355
41786	R	N+5%	+0.25	hydroxyl	migrated	O1	3.2496	H2	2.7164	7.0676
41786	R	N+5%	+0.50	carbA	own	O1	2.8169	O1	2.8169	5.3642
41786	R	N+5%	+0.50	carbB	migrated	O1	2.9942	H2	2.6193	6.8476
41786	R	N+5%	+0.50	ether	migrated	O2	2.8216	O2	2.8216	5.8889
41786	R	N+5%	+0.50	hydroxyl	own	O4	3.1431	C6	3.0369	4.0423
41786	R	N+5%	+0.75	carbA	own	O1	2.7307	O1	2.7307	5.4680
41786	R	N+5%	+0.75	carbB	migrated	O1	2.8632	H2	2.5651	6.7233
41786	R	N+5%	+0.75	ether	migrated	O2	2.7270	O2	2.7270	5.7419
41786	R	N+5%	+0.75	hydroxyl	migrated	O6	2.9509	H2	2.5776	6.9966
41786	R	N+5%	+1.00	carbA	own	O1	2.6670	O1	2.6670	5.7120
41786	R	N+5%	+1.00	carbB	migrated	O1	2.7792	H2	2.5269	6.6369
41786	R	N+5%	+1.00	ether	migrated	O2	2.6606	O2	2.6606	5.6381
41786	R	N+5%	+1.00	hydroxyl	migrated	O1	2.7792	H2	2.5269	6.6369
41786	R	N+5%	-0.25	H1	escaped	O5	48317.9132	O5	48317.9132	48321.7078
41786	R	N+5%	-0.25	H2	escaped	O1	33930.2361	O1	33930.2361	33936.0397
41786	R	N+5%	-0.25	H3	escaped	H8	41084.8204	H8	41084.8204	41084.8204
41786	R	N+5%	-0.25	H4	escaped	H4	47268.7160	H4	47268.7160	47271.6580
41786	R	N+5%	-0.25	H5	escaped	O6	46051.3746	O6	46051.3746	46055.4305
41786	R	N+5%	-0.25	H6	escaped	H6	37159.2031	H6	37159.2031	37159.7719
41786	R	N+5%	-0.25	H7	escaped	H4	43267.7213	H4	43267.7213	43267.9018
41786	R	N+5%	-0.25	H8	escaped	H8	42577.8402	H8	42577.8402	42577.8402
41786	R	N+5%	-0.50	H1	escaped	O5	58021.8053	O5	58021.8053	58026.0650
41786	R	N+5%	-0.50	H2	escaped	O1	68877.2228	O1	68877.2228	68882.0566
41786	R	N+5%	-0.50	H3	escaped	H8	71361.1632	H8	71361.1632	71361.1632
41786	R	N+5%	-0.50	H4	escaped	O5	53363.6471	O5	53363.6471	53368.2517
41786	R	N+5%	-0.50	H5	escaped	O6	54673.8301	O6	54673.8301	54678.6707
41786	R	N+5%	-0.50	H6	escaped	H6	50736.0074	H6	50736.0074	50736.6654
41786	R	N+5%	-0.50	H7	escaped	H4	62506.5212	H4	62506.5212	62506.8688
41786	R	N+5%	-0.50	H8	escaped	H8	56348.0126	H8	56348.0126	56348.0126
41786	R	N+5%	-0.75	H1	escaped	O5	77302.1955	O5	77302.1955	77306.6379
41786	R	N+5%	-0.75	H2	escaped	O1	78780.4334	O1	78780.4334	78784.6214
41786	R	N+5%	-0.75	H3	escaped	H3	70837.7085	H3	70837.7085	70837.7228
41786	R	N+5%	-0.75	H4	escaped	O5	81289.8095	O5	81289.8095	81295.0539
41786	R	N+5%	-0.75	H5	escaped	O6	81810.6529	O6	81810.6529	81815.6412
41786	R	N+5%	-0.75	H6	escaped	O2	72774.9053	O2	72774.9053	72776.0545
41786	R	N+5%	-0.75	H7	escaped	H4	64394.8248	H4	64394.8248	64395.2875
41786	R	N+5%	-0.75	H8	escaped	H8	74994.6554	H8	74994.6554	74994.6554
41786	R	N+5%	-1.00	H1	escaped	O5	94816.0114	O5	94816.0114	94820.5504
41786	R	N+5%	-1.00	H2	escaped	O1	82337.0137	O1	82337.0137	82340.8332
41786	R	N+5%	-1.00	H3	escaped	H3	93609.4775	H3	93609.4775	93609.5797
41786	R	N+5%	-1.00	H4	escaped	O5	86037.5598	O5	86037.5598	86043.0650
41786	R	N+5%	-1.00	H5	escaped	O6	85400.1580	O6	85400.1580	85405.1819
41786	R	N+5%	-1.00	H6	escaped	O2	79644.0769	O2	79644.0769	79645.8391
41786	R	N+5%	-1.00	H7	escaped	H3	96024.3368	H3	96024.3368	96024.8325
41786	R	N+5%	-1.00	H8	escaped	H8	75373.4908	H8	75373.4908	75373.4908
41786	R	N+10%	+0.25	carbA	own	O1	3.0369	O1	3.0369	5.4066
41786	R	N+10%	+0.25	carbB	migrated	O1	3.3395	H2	2.7865	7.1778
41786	R	N+10%	+0.25	ether	migrated	O2	3.0717	O2	3.0717	6.2711
41786	R	N+10%	+0.25	hydroxyl	migrated	O6	3.1390	O6	3.1390	5.6453
41786	R	N+10%	+0.50	carbA	own	O1	2.8894	O1	2.8894	5.3965
41786	R	N+10%	+0.50	carbB	migrated	O1	3.1297	H2	2.6764	6.9737
41786	R	N+10%	+0.50	ether	migrated	O2	2.9045	O2	2.9045	6.0198
41786	R	N+10%	+0.50	hydroxyl	own	O4	3.2707	C6	3.1022	4.1661
41786	R	N+10%	+0.75	carbA	own	O1	2.8023	O1	2.8023	5.4277
41786	R	N+10%	+0.75	carbB	migrated	O1	2.9746	H2	2.6181	6.8375
41786	R	N+10%	+0.75	ether	migrated	O2	2.8068	O2	2.8068	5.8689
41786	R	N+10%	+0.75	hydroxyl	migrated	O1	2.9746	H2	2.6181	6.8375
41786	R	N+10%	+1.00	carbA	own	O1	2.7396	O1	2.7396	5.5262
41786	R	N+10%	+1.00	carbB	own	O6	2.9668	H2	2.5893	7.0128
41786	R	N+10%	+1.00	ether	migrated	O2	2.7382	O2	2.7382	5.7619
41786	R	N+10%	+1.00	hydroxyl	migrated	O6	2.9668	H2	2.5893	7.0128
41786	R	N+10%	-0.25	H1	escaped	O5	39492.5729	O5	39492.5729	39496.0616
41786	R	N+10%	-0.25	H2	escaped	O1	34091.9007	O1	34091.9007	34097.7119
41786	R	N+10%	-0.25	H3	escaped	H8	41123.8594	H8	41123.8594	41123.8594
41786	R	N+10%	-0.25	H4	escaped	H4	47380.5998	H4	47380.5998	47383.4421
41786	R	N+10%	-0.25	H5	escaped	O6	46493.4412	O6	46493.4412	46497.3837
41786	R	N+10%	-0.25	H6	escaped	H6	37267.4901	H6	37267.4901	37267.9924
41786	R	N+10%	-0.25	H7	escaped	H4	35839.3065	H4	35839.3065	35839.5221
41786	R	N+10%	-0.25	H8	escaped	H8	42599.4057	H8	42599.4057	42599.4057
41786	R	N+10%	-0.50	H1	escaped	O5	57285.8060	O5	57285.8060	57289.8437
41786	R	N+10%	-0.50	H2	escaped	O1	69163.8921	O1	69163.8921	69168.7270
41786	R	N+10%	-0.50	H3	escaped	H8	71628.4058	H8	71628.4058	71628.4058
41786	R	N+10%	-0.50	H4	escaped	O5	53368.4488	O5	53368.4488	53372.9666
41786	R	N+10%	-0.50	H5	escaped	O6	55225.2614	O6	55225.2614	55229.9990
41786	R	N+10%	-0.50	H6	escaped	H6	50534.3336	H6	50534.3336	50534.9042
41786	R	N+10%	-0.50	H7	escaped	H4	51597.5747	H4	51597.5747	51597.9929
41786	R	N+10%	-0.50	H8	escaped	H8	56329.8927	H8	56329.8927	56329.8927
41786	R	N+10%	-0.75	H1	escaped	O5	70911.7652	O5	70911.7652	70916.0180
41786	R	N+10%	-0.75	H2	escaped	O1	78945.0982	O1	78945.0982	78949.2832
41786	R	N+10%	-0.75	H3	escaped	H8	70981.4577	H8	70981.4577	70981.4577
41786	R	N+10%	-0.75	H4	escaped	O5	81395.2767	O5	81395.2767	81400.4646
41786	R	N+10%	-0.75	H5	escaped	O6	82145.5621	O6	82145.5621	82150.4700
41786	R	N+10%	-0.75	H6	escaped	O2	72349.8180	O2	72349.8180	72350.8439
41786	R	N+10%	-0.75	H7	escaped	H4	71826.0786	H4	71826.0786	71826.5707
41786	R	N+10%	-0.75	H8	escaped	H8	74961.9302	H8	74961.9302	74961.9302
41786	R	N+10%	-1.00	H1	escaped	O5	89184.3690	O5	89184.3690	89188.7486
41786	R	N+10%	-1.00	H2	escaped	O1	82482.4888	O1	82482.4888	82486.3061
41786	R	N+10%	-1.00	H3	escaped	H3	93708.1529	H3	93708.1529	93708.2178
41786	R	N+10%	-1.00	H4	escaped	O5	86120.2526	O5	86120.2526	86125.7149
41786	R	N+10%	-1.00	H5	escaped	O6	85704.4060	O6	85704.4060	85709.3651
41786	R	N+10%	-1.00	H6	escaped	O2	79243.3210	O2	79243.3210	79244.9970
41786	R	N+10%	-1.00	H7	escaped	H4	75273.4598	H4	75273.4598	75274.0159
41786	R	N+10%	-1.00	H8	escaped	H8	75338.8453	H8	75338.8453	75338.8453
41786	R	OPLS_sp3C	+0.25	carbA	own	O1	2.9025	O1	2.9025	5.3744
41786	R	OPLS_sp3C	+0.25	carbB	migrated	O1	3.1528	H2	2.6810	6.9886
41786	R	OPLS_sp3C	+0.25	ether	migrated	O2	2.9186	O2	2.9186	6.0395
41786	R	OPLS_sp3C	+0.25	hydroxyl	own	O4	3.2716	C6	3.1115	4.1657
41786	R	OPLS_sp3C	+0.50	carbA	own	O1	2.7549	O1	2.7549	5.4580
41786	R	OPLS_sp3C	+0.50	carbB	own	O6	2.9923	H2	2.5930	7.0116
41786	R	OPLS_sp3C	+0.50	ether	migrated	O2	2.7539	O2	2.7539	5.7852
41786	R	OPLS_sp3C	+0.50	hydroxyl	migrated	O1	2.8999	H2	2.5842	6.7632
41786	R	OPLS_sp3C	+0.75	carbA	own	O1	2.6651	O1	2.6651	5.7515
41786	R	OPLS_sp3C	+0.75	carbB	migrated	O1	2.7781	H2	2.5290	6.6387
41786	R	OPLS_sp3C	+0.75	ether	migrated	O2	2.6592	O2	2.6592	5.6371
41786	R	OPLS_sp3C	+0.75	hydroxyl	migrated	O1	2.7781	H2	2.5290	6.6387
41786	R	OPLS_sp3C	+1.00	carbA	own	O1	2.6031	O1	2.6031	5.8938
41786	R	OPLS_sp3C	+1.00	carbB	migrated	O1	2.6986	H2	2.4904	6.5515
41786	R	OPLS_sp3C	+1.00	ether	migrated	O2	2.5931	O2	2.5931	5.5337
41786	R	OPLS_sp3C	+1.00	hydroxyl	migrated	O6	2.7854	H2	2.5224	6.9353
41786	R	OPLS_sp3C	-0.25	H1	escaped	O5	44652.0727	O5	44652.0727	44656.1155
41786	R	OPLS_sp3C	-0.25	H2	escaped	O1	33745.6357	O1	33745.6357	33751.4184
41786	R	OPLS_sp3C	-0.25	H3	escaped	H8	40998.3365	H8	40998.3365	40998.3365
41786	R	OPLS_sp3C	-0.25	H4	escaped	H4	46774.5887	H4	46774.5887	46777.5635
41786	R	OPLS_sp3C	-0.25	H5	escaped	O6	45677.0187	O6	45677.0187	45681.1056
41786	R	OPLS_sp3C	-0.25	H6	escaped	H6	36710.4319	H6	36710.4319	36710.9851
41786	R	OPLS_sp3C	-0.25	H7	escaped	H3	42328.8155	H3	42328.8155	42329.0191
41786	R	OPLS_sp3C	-0.25	H8	escaped	H8	42592.4345	H8	42592.4345	42592.4345
41786	R	OPLS_sp3C	-0.50	H1	escaped	O5	59129.2334	O5	59129.2334	59133.6370
41786	R	OPLS_sp3C	-0.50	H2	escaped	O1	68847.1000	O1	68847.1000	68851.9060
41786	R	OPLS_sp3C	-0.50	H3	escaped	H8	70717.5786	H8	70717.5786	70717.5786
41786	R	OPLS_sp3C	-0.50	H4	escaped	O5	53154.8580	O5	53154.8580	53159.4921
41786	R	OPLS_sp3C	-0.50	H5	escaped	O6	54456.3609	O6	54456.3609	54461.2027
41786	R	OPLS_sp3C	-0.50	H6	escaped	H6	50427.2585	H6	50427.2585	50427.8780
41786	R	OPLS_sp3C	-0.50	H7	escaped	H3	54473.3990	H3	54473.3990	54473.7632
41786	R	OPLS_sp3C	-0.50	H8	escaped	H8	56514.4769	H8	56514.4769	56514.4769
41786	R	OPLS_sp3C	-0.75	H1	escaped	O5	81834.8823	O5	81834.8823	81839.4371
41786	R	OPLS_sp3C	-0.75	H2	escaped	O1	79083.2118	O1	79083.2118	79087.3844
41786	R	OPLS_sp3C	-0.75	H3	escaped	H8	70378.0565	H8	70378.0565	70378.0565
41786	R	OPLS_sp3C	-0.75	H4	escaped	O5	81042.1255	O5	81042.1255	81047.3845
41786	R	OPLS_sp3C	-0.75	H5	escaped	O6	82120.4686	O6	82120.4686	82125.4531
41786	R	OPLS_sp3C	-0.75	H6	escaped	O2	72489.8502	O2	72489.8502	72490.9759
41786	R	OPLS_sp3C	-0.75	H7	escaped	H3	82296.7764	H3	82296.7764	82297.2754
41786	R	OPLS_sp3C	-0.75	H8	escaped	H8	75260.2046	H8	75260.2046	75260.2046
41786	R	OPLS_sp3C	-1.00	H1	escaped	O5	98555.0042	O5	98555.0042	98559.6326
41786	R	OPLS_sp3C	-1.00	H2	escaped	O1	82582.7150	O1	82582.7150	82586.5239
41786	R	OPLS_sp3C	-1.00	H3	escaped	H8	93059.0934	H8	93059.0934	93059.0934
41786	R	OPLS_sp3C	-1.00	H4	escaped	O5	86324.8646	O5	86324.8646	86330.3763
41786	R	OPLS_sp3C	-1.00	H5	escaped	O6	85672.2176	O6	85672.2176	85677.2376
41786	R	OPLS_sp3C	-1.00	H6	escaped	O2	79426.7098	O2	79426.7098	79428.4530
41786	R	OPLS_sp3C	-1.00	H7	escaped	H3	84927.8944	H3	84927.8944	84928.3858
41786	R	OPLS_sp3C	-1.00	H8	escaped	H8	75651.6945	H8	75651.6945	75651.6945
41786	R	Behrens_3.55	+0.25	carbA	own	O1	2.9251	O1	2.9251	5.3887
41786	R	Behrens_3.55	+0.25	carbB	migrated	O1	3.1980	H2	2.7002	7.0295
41786	R	Behrens_3.55	+0.25	ether	migrated	O2	2.9447	O2	2.9447	6.0804
41786	R	Behrens_3.55	+0.25	hydroxyl	migrated	O6	2.9921	O6	2.9921	5.7086
41786	R	Behrens_3.55	+0.50	carbA	own	O1	2.7768	O1	2.7768	5.4449
41786	R	Behrens_3.55	+0.50	carbB	own	O6	3.0373	H2	2.6051	7.0184
41786	R	Behrens_3.55	+0.50	ether	migrated	O2	2.7784	O2	2.7784	5.8242
41786	R	Behrens_3.55	+0.50	hydroxyl	migrated	O6	2.8080	O6	2.8080	5.7722
41786	R	Behrens_3.55	+0.75	carbA	own	O1	2.6871	O1	2.6871	5.6947
41786	R	Behrens_3.55	+0.75	carbB	own	O6	2.8904	H2	2.5634	6.9878
41786	R	Behrens_3.55	+0.75	ether	migrated	O2	2.6827	O2	2.6827	5.6746
41786	R	Behrens_3.55	+0.75	hydroxyl	migrated	O6	2.8904	H2	2.5634	6.9878
41786	R	Behrens_3.55	+1.00	carbA	own	O1	2.6243	O1	2.6243	5.8643
41786	R	Behrens_3.55	+1.00	carbB	own	O6	2.8105	H2	2.5337	6.9516
41786	R	Behrens_3.55	+1.00	ether	migrated	O2	2.6159	O2	2.6159	5.5701
41786	R	Behrens_3.55	+1.00	hydroxyl	own	O4	2.9039	C6	2.8747	3.8181
41786	R	Behrens_3.55	-0.25	H1	escaped	O5	45235.2845	O5	45235.2845	45239.2625
41786	R	Behrens_3.55	-0.25	H2	escaped	O1	33776.1660	O1	33776.1660	33781.9505
41786	R	Behrens_3.55	-0.25	H3	escaped	H8	41065.5805	H8	41065.5805	41065.5805
41786	R	Behrens_3.55	-0.25	H4	escaped	H4	46792.0237	H4	46792.0237	46794.9786
41786	R	Behrens_3.55	-0.25	H5	escaped	O6	45761.3782	O6	45761.3782	45765.4429
41786	R	Behrens_3.55	-0.25	H6	escaped	H6	36728.5758	H6	36728.5758	36729.1153
41786	R	Behrens_3.55	-0.25	H7	escaped	H3	42216.2320	H3	42216.2320	42216.4426
41786	R	Behrens_3.55	-0.25	H8	escaped	H8	42592.4186	H8	42592.4186	42592.4186
41786	R	Behrens_3.55	-0.50	H1	escaped	O5	58604.5812	O5	58604.5812	58608.9330
41786	R	Behrens_3.55	-0.50	H2	escaped	O1	68905.0791	O1	68905.0791	68909.8853
41786	R	Behrens_3.55	-0.50	H3	escaped	H8	70766.2987	H8	70766.2987	70766.2987
41786	R	Behrens_3.55	-0.50	H4	escaped	O5	53154.8121	O5	53154.8121	53159.4290
41786	R	Behrens_3.55	-0.50	H5	escaped	O6	54564.0401	O6	54564.0401	54568.8612
41786	R	Behrens_3.55	-0.50	H6	escaped	H6	50385.0137	H6	50385.0137	50385.6152
41786	R	Behrens_3.55	-0.50	H7	escaped	H3	56398.7187	H3	56398.7187	56399.0916
41786	R	Behrens_3.55	-0.50	H8	escaped	H8	56509.7934	H8	56509.7934	56509.7934
41786	R	Behrens_3.55	-0.75	H1	escaped	O5	80062.3011	O5	80062.3011	80066.8120
41786	R	Behrens_3.55	-0.75	H2	escaped	O1	79118.5779	O1	79118.5779	79122.7498
41786	R	Behrens_3.55	-0.75	H3	escaped	H8	70405.9342	H8	70405.9342	70405.9342
41786	R	Behrens_3.55	-0.75	H4	escaped	O5	81062.7007	O5	81062.7007	81067.9485
41786	R	Behrens_3.55	-0.75	H5	escaped	O6	82190.8225	O6	82190.8225	82195.7907
41786	R	Behrens_3.55	-0.75	H6	escaped	O2	72403.8898	O2	72403.8898	72404.9905
41786	R	Behrens_3.55	-0.75	H7	escaped	H3	65174.7073	H3	65174.7073	65175.2079
41786	R	Behrens_3.55	-0.75	H8	escaped	H8	75253.2766	H8	75253.2766	75253.2766
41786	R	Behrens_3.55	-1.00	H1	escaped	O5	97001.8982	O5	97001.8982	97006.4893
41786	R	Behrens_3.55	-1.00	H2	escaped	O1	82613.8991	O1	82613.8991	82617.7075
41786	R	Behrens_3.55	-1.00	H3	escaped	H8	93080.2495	H8	93080.2495	93080.2495
41786	R	Behrens_3.55	-1.00	H4	escaped	O5	86343.1614	O5	86343.1614	86348.6645
41786	R	Behrens_3.55	-1.00	H5	escaped	O6	85736.0553	O6	85736.0553	85741.0620
41786	R	Behrens_3.55	-1.00	H6	escaped	O2	79346.6208	O2	79346.6208	79348.3464
41786	R	Behrens_3.55	-1.00	H7	escaped	H3	92860.3157	H3	92860.3157	92860.8265
41786	R	Behrens_3.55	-1.00	H8	escaped	H8	75644.7972	H8	75644.7972	75644.7972
41786	TS	N	+0.25	carbA	own	O1	2.8766	O1	2.8766	5.4965
41786	TS	N	+0.25	carbB	own	O6	3.0446	H2	2.6059	7.5684
41786	TS	N	+0.25	ether	migrated	O2	2.9026	O2	2.9026	6.3984
41786	TS	N	+0.25	hydroxyl	migrated	O6	2.9754	O6	2.9754	5.1793
41786	TS	N	+0.50	carbA	own	O1	2.7415	O1	2.7415	5.4585
41786	TS	N	+0.50	carbB	own	O6	2.8540	H2	2.5246	7.5019
41786	TS	N	+0.50	ether	migrated	O2	2.7402	O2	2.7402	6.1114
41786	TS	N	+0.50	hydroxyl	migrated	O6	2.7897	O6	2.7897	5.2771
41786	TS	N	+0.75	carbA	own	O1	2.6612	O1	2.6612	5.4536
41786	TS	N	+0.75	carbB	own	O6	2.7501	H2	2.7407	8.3488
41786	TS	N	+0.75	ether	migrated	O2	2.6467	O2	2.6467	5.9430
41786	TS	N	+0.75	hydroxyl	migrated	O6	2.6873	O6	2.6873	5.3205
41786	TS	N	+1.00	carbA	own	O1	2.6035	O1	2.6035	5.4731
41786	TS	N	+1.00	carbB	own	O6	2.7052	O6	2.7052	8.3619
41786	TS	N	+1.00	ether	migrated	O2	2.5815	O2	2.5815	5.8255
41786	TS	N	+1.00	hydroxyl	migrated	O6	2.6168	O6	2.6168	5.3473
41786	TS	N	-0.25	H1	escaped	O5	35318.5464	O5	35318.5464	35323.1927
41786	TS	N	-0.25	H2	escaped	O1	43448.1957	O1	43448.1957	43453.9731
41786	TS	N	-0.25	H3	escaped	H3	41781.0883	H3	41781.0883	41781.2137
41786	TS	N	-0.25	H4	escaped	H4	47118.2329	H4	47118.2329	47121.1722
41786	TS	N	-0.25	H5	escaped	O6	44549.4126	O6	44549.4126	44553.5491
41786	TS	N	-0.25	H6	escaped	H6	48290.2883	H6	48290.2883	48290.4808
41786	TS	N	-0.25	H7	escaped	H8	40864.4277	H8	40864.4277	40864.4277
41786	TS	N	-0.25	H8	escaped	H8	43238.8737	H8	43238.8737	43238.8737
41786	TS	N	-0.50	H1	escaped	O5	57437.1358	O5	57437.1358	57442.0960
41786	TS	N	-0.50	H2	escaped	O1	66989.6269	O1	66989.6269	66994.4410
41786	TS	N	-0.50	H3	escaped	H3	56490.6388	H3	56490.6388	56491.0947
41786	TS	N	-0.50	H4	escaped	O5	53069.3716	O5	53069.3716	53073.9985
41786	TS	N	-0.50	H5	escaped	O6	51862.1365	O6	51862.1365	51867.0372
41786	TS	N	-0.50	H6	escaped	H6	49992.0792	H6	49992.0792	49992.2414
41786	TS	N	-0.50	H7	escaped	H8	62473.3854	H8	62473.3854	62473.3854
41786	TS	N	-0.50	H8	escaped	H8	57150.5345	H8	57150.5345	57150.5345
41786	TS	N	-0.75	H1	escaped	O5	66602.5349	O5	66602.5349	66607.5157
41786	TS	N	-0.75	H2	escaped	O1	76405.1062	O1	76405.1062	76409.3114
41786	TS	N	-0.75	H3	escaped	H3	77120.9483	H3	77120.9483	77121.7076
41786	TS	N	-0.75	H4	escaped	O5	80613.6438	O5	80613.6438	80619.0137
41786	TS	N	-0.75	H5	escaped	O6	77445.1792	O6	77445.1792	77450.1956
41786	TS	N	-0.75	H6	escaped	O2	71867.6520	O2	71867.6520	71868.3177
41786	TS	N	-0.75	H7	escaped	H8	83307.0078	H8	83307.0078	83307.0078
41786	TS	N	-0.75	H8	escaped	H8	76020.4744	H8	76020.4744	76020.4744
41786	TS	N	-1.00	H1	escaped	O5	92331.5752	O5	92331.5752	92336.5426
41786	TS	N	-1.00	H2	escaped	O1	79737.5058	O1	79737.5058	79741.3667
41786	TS	N	-1.00	H3	escaped	H3	80435.0079	H3	80435.0079	80436.0248
41786	TS	N	-1.00	H4	escaped	O5	87110.4193	O5	87110.4193	87116.0872
41786	TS	N	-1.00	H5	escaped	O6	80684.2937	O6	80684.2937	80689.3173
41786	TS	N	-1.00	H6	escaped	O2	78750.7530	O2	78750.7530	78751.9491
41786	TS	N	-1.00	H7	escaped	H8	88294.9323	H8	88294.9323	88294.9323
41786	TS	N	-1.00	H8	escaped	H8	76371.8439	H8	76371.8439	76371.8439
41786	TS	N+5%	+0.25	carbA	own	O1	2.9510	H6	2.9446	5.5584
41786	TS	N+5%	+0.25	carbB	migrated	O1	3.1122	H2	2.6686	7.4389
41786	TS	N+5%	+0.25	ether	migrated	O2	2.9945	O2	2.9945	6.5620
41786	TS	N+5%	+0.25	hydroxyl	migrated	O6	3.0719	O6	3.0719	5.1587
41786	TS	N+5%	+0.50	carbA	own	O1	2.8124	O1	2.8124	5.5077
41786	TS	N+5%	+0.50	carbB	own	O6	2.9522	H2	2.5795	7.5575
41786	TS	N+5%	+0.50	ether	migrated	O2	2.8247	O2	2.8247	6.2643
41786	TS	N+5%	+0.50	hydroxyl	migrated	O6	2.8783	O6	2.8783	5.2596
41786	TS	N+5%	+0.75	carbA	own	O1	2.7302	O1	2.7302	5.4867
41786	TS	N+5%	+0.75	carbB	own	O6	2.8063	H2	2.7440	8.3886
41786	TS	N+5%	+0.75	ether	migrated	O2	2.7273	O2	2.7273	6.0894
41786	TS	N+5%	+0.75	hydroxyl	migrated	O6	2.7719	O6	2.7719	5.3036
41786	TS	N+5%	+1.00	carbA	own	O1	2.6717	O1	2.6717	5.4833
41786	TS	N+5%	+1.00	carbB	own	O6	2.7619	O6	2.7619	8.3753
41786	TS	N+5%	+1.00	ether	migrated	O2	2.6595	O2	2.6595	5.9670
41786	TS	N+5%	+1.00	hydroxyl	migrated	O6	2.6988	O6	2.6988	5.3304
41786	TS	N+5%	-0.25	H1	escaped	O5	44876.9567	O5	44876.9567	44881.5738
41786	TS	N+5%	-0.25	H2	escaped	O1	33014.9695	O1	33014.9695	33020.7652
41786	TS	N+5%	-0.25	H3	escaped	H3	41790.9619	H3	41790.9619	41791.0773
41786	TS	N+5%	-0.25	H4	escaped	H4	47200.3127	H4	47200.3127	47203.1732
41786	TS	N+5%	-0.25	H5	escaped	O6	44830.4479	O6	44830.4479	44834.5192
41786	TS	N+5%	-0.25	H6	escaped	H6	48448.4332	H6	48448.4332	48448.5834
41786	TS	N+5%	-0.25	H7	escaped	H8	46487.8203	H8	46487.8203	46487.8203
41786	TS	N+5%	-0.25	H8	escaped	H8	50070.9558	H8	50070.9558	50070.9558
41786	TS	N+5%	-0.50	H1	escaped	O5	58983.4183	O5	58983.4183	58988.3134
41786	TS	N+5%	-0.50	H2	escaped	O1	67350.3097	O1	67350.3097	67355.1399
41786	TS	N+5%	-0.50	H3	escaped	H3	56463.8418	H3	56463.8418	56464.2835
41786	TS	N+5%	-0.50	H4	escaped	O5	53011.4480	O5	53011.4480	53016.0075
41786	TS	N+5%	-0.50	H5	escaped	O6	52154.9629	O6	52154.9629	52159.7972
41786	TS	N+5%	-0.50	H6	escaped	H6	49926.9096	H6	49926.9096	49927.0125
41786	TS	N+5%	-0.50	H7	escaped	H8	63557.4205	H8	63557.4205	63557.4205
41786	TS	N+5%	-0.50	H8	escaped	H8	57131.3922	H8	57131.3922	57131.3922
41786	TS	N+5%	-0.75	H1	escaped	O5	67364.4861	O5	67364.4861	67369.4146
41786	TS	N+5%	-0.75	H2	escaped	O1	76501.5008	O1	76501.5008	76505.7189
41786	TS	N+5%	-0.75	H3	escaped	H3	77044.9430	H3	77044.9430	77045.6886
41786	TS	N+5%	-0.75	H4	escaped	O5	80564.6244	O5	80564.6244	80569.9550
41786	TS	N+5%	-0.75	H5	escaped	O6	77562.9378	O6	77562.9378	77567.9004
41786	TS	N+5%	-0.75	H6	escaped	O2	71686.0467	O2	71686.0467	71686.6216
41786	TS	N+5%	-0.75	H7	escaped	H8	81682.1772	H8	81682.1772	81682.1772
41786	TS	N+5%	-0.75	H8	escaped	H8	75983.6190	H8	75983.6190	75983.6190
41786	TS	N+5%	-1.00	H1	escaped	O5	92835.1131	O5	92835.1131	92840.0392
41786	TS	N+5%	-1.00	H2	escaped	O1	79806.0458	O1	79806.0458	79809.9191
41786	TS	N+5%	-1.00	H3	escaped	H3	80343.1353	H3	80343.1353	80344.1408
41786	TS	N+5%	-1.00	H4	escaped	O5	87105.9032	O5	87105.9032	87111.5427
41786	TS	N+5%	-1.00	H5	escaped	O6	80777.9521	O6	80777.9521	80782.9315
41786	TS	N+5%	-1.00	H6	escaped	O2	78577.1943	O2	78577.1943	78578.3174
41786	TS	N+5%	-1.00	H7	escaped	H8	91445.9099	H8	91445.9099	91445.9099
41786	TS	N+5%	-1.00	H8	escaped	H8	76331.9627	H8	76331.9627	76331.9627
41786	TS	N+10%	+0.25	carbA	own	O1	3.0256	H6	3.0055	5.6226
41786	TS	N+10%	+0.25	carbB	migrated	O1	3.2529	H2	2.7312	7.5543
41786	TS	N+10%	+0.25	ether	migrated	O2	3.0899	O2	3.0899	6.7372
41786	TS	N+10%	+0.25	hydroxyl	migrated	O1	3.2529	H2	2.7312	7.5543
41786	TS	N+10%	+0.50	carbA	own	O1	2.8835	O1	2.8835	5.5619
41786	TS	N+10%	+0.50	carbB	own	O6	3.0620	H2	2.6346	7.6066
41786	TS	N+10%	+0.50	ether	migrated	O2	2.9111	O2	2.9111	6.4232
41786	TS	N+10%	+0.50	hydroxyl	migrated	O6	2.9674	O6	2.9674	5.2439
41786	TS	N+10%	+0.75	carbA	own	O1	2.7993	O1	2.7993	5.5304
41786	TS	N+10%	+0.75	carbB	own	O6	2.9350	H2	2.5816	7.5654
41786	TS	N+10%	+0.75	ether	migrated	O2	2.8093	O2	2.8093	6.2403
41786	TS	N+10%	+0.75	hydroxyl	migrated	O6	2.8572	O6	2.8572	5.2882
41786	TS	N+10%	+1.00	carbA	own	O1	2.7395	O1	2.7395	5.5143
41786	TS	N+10%	+1.00	carbB	own	O6	2.8183	H2	2.7701	8.4158
41786	TS	N+10%	+1.00	ether	migrated	O2	2.7387	O2	2.7387	6.1124
41786	TS	N+10%	+1.00	hydroxyl	migrated	O6	2.7815	O6	2.7815	5.3149
41786	TS	N+10%	-0.25	H1	escaped	O5	42769.9743	O5	42769.9743	42774.5046
41786	TS	N+10%	-0.25	H2	escaped	O1	33313.9815	O1	33313.9815	33319.7988
41786	TS	N+10%	-0.25	H3	escaped	H3	41846.1282	H3	41846.1282	41846.2250
41786	TS	N+10%	-0.25	H4	escaped	H4	47227.9681	H4	47227.9681	47230.6989
41786	TS	N+10%	-0.25	H5	escaped	O6	45198.0496	O6	45198.0496	45202.0158
41786	TS	N+10%	-0.25	H6	escaped	H6	48607.2169	H6	48607.2169	48607.2966
41786	TS	N+10%	-0.25	H7	escaped	H8	42312.2539	H8	42312.2539	42312.2539
41786	TS	N+10%	-0.25	H8	escaped	H8	50270.8251	H8	50270.8251	50270.8251
41786	TS	N+10%	-0.50	H1	escaped	O5	55552.4802	O5	55552.4802	55557.2814
41786	TS	N+10%	-0.50	H2	escaped	O1	67888.9591	O1	67888.9591	67893.8077
41786	TS	N+10%	-0.50	H3	escaped	H3	56439.1438	H3	56439.1438	56439.5572
41786	TS	N+10%	-0.50	H4	escaped	O5	52852.4416	O5	52852.4416	52856.8914
41786	TS	N+10%	-0.50	H5	escaped	O6	52575.4611	O6	52575.4611	52580.1912
41786	TS	N+10%	-0.50	H6	escaped	H6	65959.5703	H6	65959.5703	65959.5720
41786	TS	N+10%	-0.50	H7	escaped	H8	55242.2999	H8	55242.2999	55242.2999
41786	TS	N+10%	-0.50	H8	escaped	H8	57122.1182	H8	57122.1182	57122.1182
41786	TS	N+10%	-0.75	H1	escaped	O5	68508.4616	O5	68508.4616	68513.3151
41786	TS	N+10%	-0.75	H2	escaped	O1	76692.6257	O1	76692.6257	76696.8600
41786	TS	N+10%	-0.75	H3	escaped	H3	76925.1865	H3	76925.1865	76925.9040
41786	TS	N+10%	-0.75	H4	escaped	O5	80398.3482	O5	80398.3482	80403.6166
41786	TS	N+10%	-0.75	H5	escaped	O6	77782.7076	O6	77782.7076	77787.5862
41786	TS	N+10%	-0.75	H6	escaped	O2	71366.7954	O2	71366.7954	71367.2151
41786	TS	N+10%	-0.75	H7	escaped	H8	81245.3251	H8	81245.3251	81245.3251
41786	TS	N+10%	-0.75	H8	escaped	H8	75960.7613	H8	75960.7613	75960.7613
41786	TS	N+10%	-1.00	H1	escaped	O5	93627.9945	O5	93627.9945	93632.8609
41786	TS	N+10%	-1.00	H2	escaped	O1	79947.6616	O1	79947.6616	79951.5514
41786	TS	N+10%	-1.00	H3	escaped	H3	80188.1574	H3	80188.1574	80189.1391
41786	TS	N+10%	-1.00	H4	escaped	O5	87127.9045	O5	87127.9045	87133.4993
41786	TS	N+10%	-1.00	H5	escaped	O6	80955.9503	O6	80955.9503	80960.8613
41786	TS	N+10%	-1.00	H6	escaped	O2	78275.4931	O2	78275.4931	78276.4910
41786	TS	N+10%	-1.00	H7	escaped	H8	89779.6184	H8	89779.6184	89779.6184
41786	TS	N+10%	-1.00	H8	escaped	H8	76306.4710	H8	76306.4710	76306.4710
41786	TS	OPLS_sp3C	+0.25	carbA	own	O1	2.8956	O1	2.8956	5.5538
41786	TS	OPLS_sp3C	+0.25	carbB	migrated	O1	3.0205	H2	2.6392	7.3733
41786	TS	OPLS_sp3C	+0.25	ether	migrated	O2	2.9259	O2	2.9259	6.4465
41786	TS	OPLS_sp3C	+0.25	hydroxyl	migrated	O6	2.9871	O6	2.9871	5.2227
41786	TS	OPLS_sp3C	+0.50	carbA	own	O1	2.7535	O1	2.7535	5.5058
41786	TS	OPLS_sp3C	+0.50	carbB	own	O6	2.8255	H2	2.7532	8.4069
41786	TS	OPLS_sp3C	+0.50	ether	migrated	O2	2.7549	O2	2.7549	6.1404
41786	TS	OPLS_sp3C	+0.50	hydroxyl	migrated	O6	2.8001	O6	2.8001	5.3017
41786	TS	OPLS_sp3C	+0.75	carbA	own	O1	2.6700	O1	2.6700	5.4980
41786	TS	OPLS_sp3C	+0.75	carbB	own	O6	2.7620	O6	2.7620	8.3863
41786	TS	OPLS_sp3C	+0.75	ether	migrated	O1	2.6700	O1	2.6700	5.4980
41786	TS	OPLS_sp3C	+0.75	hydroxyl	migrated	O6	2.6962	O6	2.6962	5.3375
41786	TS	OPLS_sp3C	+1.00	carbA	own	O1	2.6105	O1	2.6105	5.5167
41786	TS	OPLS_sp3C	+1.00	carbB	own	O6	2.7125	O6	2.7125	8.3961
41786	TS	OPLS_sp3C	+1.00	ether	migrated	O2	2.5909	O2	2.5909	5.8443
41786	TS	OPLS_sp3C	+1.00	hydroxyl	migrated	O6	2.6247	O6	2.6247	5.3600
41786	TS	OPLS_sp3C	-0.25	H1	escaped	O5	34644.2147	O5	34644.2147	34648.8382
41786	TS	OPLS_sp3C	-0.25	H2	escaped	O1	32802.8823	O1	32802.8823	32808.6550
41786	TS	OPLS_sp3C	-0.25	H3	escaped	H3	42069.4557	H3	42069.4557	42069.5735
41786	TS	OPLS_sp3C	-0.25	H4	escaped	H4	46714.5390	H4	46714.5390	46717.4379
41786	TS	OPLS_sp3C	-0.25	H5	escaped	O6	44508.9026	O6	44508.9026	44513.0034
41786	TS	OPLS_sp3C	-0.25	H6	escaped	H6	47914.7221	H6	47914.7221	47914.8502
41786	TS	OPLS_sp3C	-0.25	H7	escaped	H8	39743.1804	H8	39743.1804	39743.1804
41786	TS	OPLS_sp3C	-0.25	H8	escaped	H8	43239.8685	H8	43239.8685	43239.8685
41786	TS	OPLS_sp3C	-0.50	H1	escaped	O5	58063.6959	O5	58063.6959	58068.5962
41786	TS	OPLS_sp3C	-0.50	H2	escaped	O1	67323.7625	O1	67323.7625	67328.5614
41786	TS	OPLS_sp3C	-0.50	H3	escaped	H3	56334.1691	H3	56334.1691	56334.5826
41786	TS	OPLS_sp3C	-0.50	H4	escaped	O5	52795.0959	O5	52795.0959	52799.6896
41786	TS	OPLS_sp3C	-0.50	H5	escaped	O6	52086.4499	O6	52086.4499	52091.2770
41786	TS	OPLS_sp3C	-0.50	H6	escaped	H6	49669.0338	H6	49669.0338	49669.0872
41786	TS	OPLS_sp3C	-0.50	H7	escaped	H8	61449.1708	H8	61449.1708	61449.1708
41786	TS	OPLS_sp3C	-0.50	H8	escaped	H8	57266.9364	H8	57266.9364	57266.9364
41786	TS	OPLS_sp3C	-0.75	H1	escaped	O5	67335.6167	O5	67335.6167	67340.5455
41786	TS	OPLS_sp3C	-0.75	H2	escaped	O1	76853.6681	O1	76853.6681	76857.8677
41786	TS	OPLS_sp3C	-0.75	H3	escaped	H3	76833.8935	H3	76833.8935	76834.6045
41786	TS	OPLS_sp3C	-0.75	H4	escaped	O5	80302.6541	O5	80302.6541	80308.0035
41786	TS	OPLS_sp3C	-0.75	H5	escaped	O6	77914.2831	O6	77914.2831	77919.2334
41786	TS	OPLS_sp3C	-0.75	H6	escaped	O2	71469.6588	O2	71469.6588	71470.1882
41786	TS	OPLS_sp3C	-0.75	H7	escaped	H8	82697.5257	H8	82697.5257	82697.5257
41786	TS	OPLS_sp3C	-0.75	H8	escaped	H8	76207.8146	H8	76207.8146	76207.8146
41786	TS	OPLS_sp3C	-1.00	H1	escaped	O5	92885.6103	O5	92885.6103	92890.5349
41786	TS	OPLS_sp3C	-1.00	H2	escaped	O1	80093.1358	O1	80093.1358	80096.9961
41786	TS	OPLS_sp3C	-1.00	H3	escaped	H3	80339.4174	H3	80339.4174	80340.3887
41786	TS	OPLS_sp3C	-1.00	H4	escaped	O5	87374.2803	O5	87374.2803	87379.9291
41786	TS	OPLS_sp3C	-1.00	H5	escaped	O6	81071.1208	O6	81071.1208	81076.0888
41786	TS	OPLS_sp3C	-1.00	H6	escaped	O2	78426.4363	O2	78426.4363	78427.5180
41786	TS	OPLS_sp3C	-1.00	H7	escaped	H8	88415.4974	H8	88415.4974	88415.4974
41786	TS	OPLS_sp3C	-1.00	H8	escaped	H8	76568.0925	H8	76568.0925	76568.0925
41786	TS	Behrens_3.55	+0.25	carbA	own	O1	2.9179	O1	2.9179	5.5719
41786	TS	Behrens_3.55	+0.25	carbB	migrated	O1	3.0555	H2	2.6576	7.4052
41786	TS	Behrens_3.55	+0.25	ether	migrated	O2	2.9534	O2	2.9534	6.4973
41786	TS	Behrens_3.55	+0.25	hydroxyl	migrated	O6	3.0152	O6	3.0152	5.2178
41786	TS	Behrens_3.55	+0.50	carbA	own	O1	2.7747	O1	2.7747	5.5191
41786	TS	Behrens_3.55	+0.50	carbB	own	O6	2.9007	H2	2.5645	7.5493
41786	TS	Behrens_3.55	+0.50	ether	migrated	O2	2.7800	O2	2.7800	6.1867
41786	TS	Behrens_3.55	+0.50	hydroxyl	migrated	O6	2.8262	O6	2.8262	5.2970
41786	TS	Behrens_3.55	+0.75	carbA	own	O1	2.6907	O1	2.6907	5.5050
41786	TS	Behrens_3.55	+0.75	carbB	own	O6	2.7793	O6	2.7793	8.3968
41786	TS	Behrens_3.55	+0.75	ether	migrated	O2	2.6819	O2	2.6819	6.0092
41786	TS	Behrens_3.55	+0.75	hydroxyl	migrated	O6	2.7212	O6	2.7212	5.3328
41786	TS	Behrens_3.55	+1.00	carbA	own	O1	2.6310	O1	2.6310	5.5147
41786	TS	Behrens_3.55	+1.00	carbB	own	O6	2.7303	O6	2.7303	8.3927
41786	TS	Behrens_3.55	+1.00	ether	migrated	O2	2.6140	O2	2.6140	5.8866
41786	TS	Behrens_3.55	+1.00	hydroxyl	migrated	O6	2.6489	O6	2.6489	5.3551
41786	TS	Behrens_3.55	-0.25	H1	escaped	O5	45207.4214	O5	45207.4214	45212.0351
41786	TS	Behrens_3.55	-0.25	H2	escaped	O1	32859.1318	O1	32859.1318	32864.9092
41786	TS	Behrens_3.55	-0.25	H3	escaped	H3	42081.3909	H3	42081.3909	42081.5043
41786	TS	Behrens_3.55	-0.25	H4	escaped	H4	46715.8724	H4	46715.8724	46718.7458
41786	TS	Behrens_3.55	-0.25	H5	escaped	O6	44577.9909	O6	44577.9909	44582.0704
41786	TS	Behrens_3.55	-0.25	H6	escaped	H6	47942.2481	H6	47942.2481	47942.3618
41786	TS	Behrens_3.55	-0.25	H7	escaped	H8	40605.4036	H8	40605.4036	40605.4036
41786	TS	Behrens_3.55	-0.25	H8	escaped	H8	43242.7970	H8	43242.7970	43242.7970
41786	TS	Behrens_3.55	-0.50	H1	escaped	O5	58692.9237	O5	58692.9237	58697.8044
41786	TS	Behrens_3.55	-0.50	H2	escaped	O1	67429.2181	O1	67429.2181	67434.0209
41786	TS	Behrens_3.55	-0.50	H3	escaped	H3	56355.9164	H3	56355.9164	56356.3234
41786	TS	Behrens_3.55	-0.50	H4	escaped	O5	52763.0952	O5	52763.0952	52767.6675
41786	TS	Behrens_3.55	-0.50	H5	escaped	O6	52168.9599	O6	52168.9599	52173.7658
41786	TS	Behrens_3.55	-0.50	H6	escaped	H6	49640.2323	H6	49640.2323	49640.2649
41786	TS	Behrens_3.55	-0.50	H7	escaped	H8	60624.7758	H8	60624.7758	60624.7758
41786	TS	Behrens_3.55	-0.50	H8	escaped	H8	57264.0460	H8	57264.0460	57264.0460
41786	TS	Behrens_3.55	-0.75	H1	escaped	O5	67564.3315	O5	67564.3315	67569.2448
41786	TS	Behrens_3.55	-0.75	H2	escaped	O1	76894.1939	O1	76894.1939	76898.3968
41786	TS	Behrens_3.55	-0.75	H3	escaped	H3	76822.9877	H3	76822.9877	76823.6924
41786	TS	Behrens_3.55	-0.75	H4	escaped	O5	80270.3166	O5	80270.3166	80275.6538
41786	TS	Behrens_3.55	-0.75	H5	escaped	O6	77960.8129	O6	77960.8129	77965.7461
41786	TS	Behrens_3.55	-0.75	H6	escaped	O2	71404.9847	O2	71404.9847	71405.4823
41786	TS	Behrens_3.55	-0.75	H7	escaped	H8	81788.8101	H8	81788.8101	81788.8101
41786	TS	Behrens_3.55	-0.75	H8	escaped	H8	76202.8777	H8	76202.8777	76202.8777
41786	TS	Behrens_3.55	-1.00	H1	escaped	O5	93040.2883	O5	93040.2883	93045.2006
41786	TS	Behrens_3.55	-1.00	H2	escaped	O1	80123.4637	O1	80123.4637	80127.3274
41786	TS	Behrens_3.55	-1.00	H3	escaped	H3	80304.9283	H3	80304.9283	80305.8942
41786	TS	Behrens_3.55	-1.00	H4	escaped	O5	87380.2513	O5	87380.2513	87385.8912
41786	TS	Behrens_3.55	-1.00	H5	escaped	O6	81108.9940	O6	81108.9940	81113.9481
41786	TS	Behrens_3.55	-1.00	H6	escaped	O2	78365.9753	O2	78365.9753	78367.0313
41786	TS	Behrens_3.55	-1.00	H7	escaped	H8	91531.7359	H8	91531.7359	91531.7359
41786	TS	Behrens_3.55	-1.00	H8	escaped	H8	76563.0134	H8	76563.0134	76563.0134
42436	R	N	+0.25	carbA	own	O1	2.8876	O1	2.8876	5.4852
42436	R	N	+0.25	carbB	migrated	O1	3.1322	H2	2.6772	7.0789
42436	R	N	+0.25	ether	migrated	O2	2.8913	O2	2.8913	5.9502
42436	R	N	+0.25	hydroxyl	own	O4	3.2040	C6	3.0823	4.0158
42436	R	N	+0.50	carbA	own	O1	2.7443	O1	2.7443	5.4909
42436	R	N	+0.50	carbB	migrated	O1	3.0026	H2	2.5731	6.9058
42436	R	N	+0.50	ether	migrated	O2	2.7366	O2	2.7366	5.7244
42436	R	N	+0.50	hydroxyl	migrated	O1	3.0026	H2	2.5731	6.9058
42436	R	N	+0.75	carbA	own	O1	2.6600	O1	2.6600	5.5362
42436	R	N	+0.75	carbB	migrated	O1	2.8583	H2	2.5133	6.7808
42436	R	N	+0.75	ether	migrated	O2	2.6460	O2	2.6460	5.5903
42436	R	N	+0.75	hydroxyl	migrated	O1	2.8583	H2	2.5133	6.7808
42436	R	N	+1.00	carbA	own	O1	2.5998	O1	2.5998	5.6283
42436	R	N	+1.00	carbB	migrated	O1	2.7540	H2	2.4751	6.6919
42436	R	N	+1.00	ether	migrated	O2	2.5822	O2	2.5822	5.4958
42436	R	N	+1.00	hydroxyl	own	O4	2.8565	C6	2.8468	3.6957
42436	R	N	-0.25	H1	escaped	O5	35650.0438	O5	35650.0438	35654.2115
42436	R	N	-0.25	H2	escaped	O1	33699.2894	O1	33699.2894	33705.0939
42436	R	N	-0.25	H3	escaped	H8	41586.0806	H8	41586.0806	41586.0806
42436	R	N	-0.25	H4	escaped	O5	46728.2542	O5	46728.2542	46730.6678
42436	R	N	-0.25	H5	escaped	O6	45185.5765	O6	45185.5765	45190.1065
42436	R	N	-0.25	H6	escaped	H6	36162.0277	H6	36162.0277	36163.1925
42436	R	N	-0.25	H7	escaped	H3	49589.3932	H3	49589.3932	49589.9384
42436	R	N	-0.25	H8	escaped	H8	46371.3666	H8	46371.3666	46371.3666
42436	R	N	-0.50	H1	escaped	O5	57066.1922	O5	57066.1922	57070.7251
42436	R	N	-0.50	H2	escaped	O1	68123.9062	O1	68123.9062	68128.7840
42436	R	N	-0.50	H3	escaped	H3	56551.5488	H3	56551.5488	56551.6537
42436	R	N	-0.50	H4	escaped	O5	53591.3661	O5	53591.3661	53595.3930
42436	R	N	-0.50	H5	escaped	O6	53339.5461	O6	53339.5461	53344.7853
42436	R	N	-0.50	H6	escaped	H6	49853.9180	H6	49853.9180	49855.1930
42436	R	N	-0.50	H7	escaped	H3	67864.2485	H3	67864.2485	67865.0563
42436	R	N	-0.50	H8	escaped	H8	57771.8120	H8	57771.8120	57771.8120
42436	R	N	-0.75	H1	escaped	O5	84239.0638	O5	84239.0638	84243.6168
42436	R	N	-0.75	H2	escaped	O1	79132.8433	O1	79132.8433	79137.0546
42436	R	N	-0.75	H3	escaped	H3	77843.7487	H3	77843.7487	77844.3529
42436	R	N	-0.75	H4	escaped	O5	82258.0778	O5	82258.0778	82262.6281
42436	R	N	-0.75	H5	escaped	O6	80509.4286	O6	80509.4286	80514.7514
42436	R	N	-0.75	H6	escaped	O2	72065.5142	O2	72065.5142	72067.3603
42436	R	N	-0.75	H7	escaped	H3	90571.5137	H3	90571.5137	90572.4821
42436	R	N	-0.75	H8	escaped	H8	75166.0621	H8	75166.0621	75166.0621
42436	R	N	-1.00	H1	escaped	O5	88165.6085	O5	88165.6085	88170.1479
42436	R	N	-1.00	H2	escaped	O1	83549.3110	O1	83549.3110	83553.1329
42436	R	N	-1.00	H3	escaped	H3	81457.3693	H3	81457.3693	81458.3564
42436	R	N	-1.00	H4	escaped	O5	87736.4345	O5	87736.4345	87741.1962
42436	R	N	-1.00	H5	escaped	O6	84028.7340	O6	84028.7340	84034.0516
42436	R	N	-1.00	H6	escaped	O2	79191.6277	O2	79191.6277	79194.0197
42436	R	N	-1.00	H7	escaped	H3	86701.7156	H3	86701.7156	86702.7530
42436	R	N	-1.00	H8	escaped	H8	75051.5264	H8	75051.5264	75051.5264
42436	R	N+5%	+0.25	carbA	own	O1	2.9647	O1	2.9647	5.5440
42436	R	N+5%	+0.25	carbB	migrated	O1	3.1933	H2	2.7473	7.1827
42436	R	N+5%	+0.25	ether	migrated	O2	2.9770	O2	2.9770	6.0758
42436	R	N+5%	+0.25	hydroxyl	migrated	O6	3.0408	O6	3.0408	5.8021
42436	R	N+5%	+0.50	carbA	own	O1	2.8178	O1	2.8178	5.5301
42436	R	N+5%	+0.50	carbB	migrated	O1	3.0865	H2	2.6375	7.0142
42436	R	N+5%	+0.50	ether	migrated	O2	2.8177	O2	2.8177	5.8461
42436	R	N+5%	+0.50	hydroxyl	migrated	O6	2.8529	O6	2.8529	5.9062
42436	R	N+5%	+0.75	carbA	own	O1	2.7316	O1	2.7316	5.5414
42436	R	N+5%	+0.75	carbB	migrated	O1	2.9885	H2	2.5716	6.8992
42436	R	N+5%	+0.75	ether	migrated	O2	2.7243	O2	2.7243	5.7086
42436	R	N+5%	+0.75	hydroxyl	migrated	O1	2.9885	H2	2.5716	6.8992
42436	R	N+5%	+1.00	carbA	own	O1	2.6706	O1	2.6706	5.5774
42436	R	N+5%	+1.00	carbB	migrated	O1	2.8809	H2	2.5270	6.8061
42436	R	N+5%	+1.00	ether	migrated	O2	2.6585	O2	2.6585	5.6113
42436	R	N+5%	+1.00	hydroxyl	migrated	O1	2.8809	H2	2.5270	6.8061
42436	R	N+5%	-0.25	H1	escaped	O5	36179.2306	O5	36179.2306	36183.3945
42436	R	N+5%	-0.25	H2	escaped	O1	33786.3052	O1	33786.3052	33792.1068
42436	R	N+5%	-0.25	H3	escaped	H8	41599.2358	H8	41599.2358	41599.2358
42436	R	N+5%	-0.25	H4	escaped	H4	46876.5926	H4	46876.5926	46878.9385
42436	R	N+5%	-0.25	H5	escaped	O6	45464.5268	O6	45464.5268	45468.9946
42436	R	N+5%	-0.25	H6	escaped	H6	36265.5672	H6	36265.5672	36266.6935
42436	R	N+5%	-0.25	H7	escaped	H3	42878.9070	H3	42878.9070	42879.4550
42436	R	N+5%	-0.25	H8	escaped	H8	46142.9671	H8	46142.9671	46142.9671
42436	R	N+5%	-0.50	H1	escaped	O5	58218.5036	O5	58218.5036	58223.0008
42436	R	N+5%	-0.50	H2	escaped	O1	68207.3159	O1	68207.3159	68212.1894
42436	R	N+5%	-0.50	H3	escaped	H3	56552.8078	H3	56552.8078	56552.9088
42436	R	N+5%	-0.50	H4	escaped	O5	53672.1245	O5	53672.1245	53676.0892
42436	R	N+5%	-0.50	H5	escaped	O6	53653.2150	O6	53653.2150	53658.3951
42436	R	N+5%	-0.50	H6	escaped	H6	49741.8684	H6	49741.8684	49743.0986
42436	R	N+5%	-0.50	H7	escaped	H3	72471.2192	H3	72471.2192	72472.0415
42436	R	N+5%	-0.50	H8	escaped	H8	58427.8216	H8	58427.8216	58427.8216
42436	R	N+5%	-0.75	H1	escaped	O5	84871.0270	O5	84871.0270	84875.5522
42436	R	N+5%	-0.75	H2	escaped	O1	79274.3052	O1	79274.3052	79278.5092
42436	R	N+5%	-0.75	H3	escaped	H3	77841.7795	H3	77841.7795	77842.3811
42436	R	N+5%	-0.75	H4	escaped	O5	82446.8593	O5	82446.8593	82451.3650
42436	R	N+5%	-0.75	H5	escaped	O6	80666.0752	O6	80666.0752	80671.3509
42436	R	N+5%	-0.75	H6	escaped	O2	71815.0324	O2	71815.0324	71816.8132
42436	R	N+5%	-0.75	H7	escaped	H3	74731.9427	H3	74731.9427	74732.9038
42436	R	N+5%	-0.75	H8	escaped	H8	75689.0249	H8	75689.0249	75689.0249
42436	R	N+5%	-1.00	H1	escaped	O5	88764.5373	O5	88764.5373	88769.0550
42436	R	N+5%	-1.00	H2	escaped	O1	83603.9592	O1	83603.9592	83607.7732
42436	R	N+5%	-1.00	H3	escaped	H3	81458.6021	H3	81458.6021	81459.5876
42436	R	N+5%	-1.00	H4	escaped	O5	87786.2845	O5	87786.2845	87791.0114
42436	R	N+5%	-1.00	H5	escaped	O6	84166.8734	O6	84166.8734	84172.1526
42436	R	N+5%	-1.00	H6	escaped	O2	78955.0238	O2	78955.0238	78957.3719
42436	R	N+5%	-1.00	H7	escaped	H3	104417.4002	H3	104417.4002	104418.4603
42436	R	N+5%	-1.00	H8	escaped	H8	75437.4988	H8	75437.4988	75437.4988
42436	R	N+10%	+0.25	carbA	own	O1	3.0421	O1	3.0421	5.6054
42436	R	N+10%	+0.25	carbB	own	O6	3.2501	H2	2.8196	7.2855
42436	R	N+10%	+0.25	ether	migrated	O2	3.0633	O2	3.0633	6.2026
42436	R	N+10%	+0.25	hydroxyl	migrated	O6	3.2501	H2	2.8196	7.2855
42436	R	N+10%	+0.50	carbA	own	O1	2.8914	O1	2.8914	5.5781
42436	R	N+10%	+0.50	carbB	migrated	O1	3.1515	H2	2.7039	7.1164
42436	R	N+10%	+0.50	ether	migrated	O2	2.8994	O2	2.8994	5.9690
42436	R	N+10%	+0.50	hydroxyl	migrated	O6	2.9424	O6	2.9424	5.8944
42436	R	N+10%	+0.75	carbA	own	O1	2.8031	O1	2.8031	5.5706
42436	R	N+10%	+0.75	carbB	migrated	O1	3.0784	H2	2.6344	7.0073
42436	R	N+10%	+0.75	ether	migrated	O2	2.8032	O2	2.8032	5.8282
42436	R	N+10%	+0.75	hydroxyl	migrated	O1	3.0784	H2	2.6344	7.0073
42436	R	N+10%	+1.00	carbA	own	O1	2.7408	O1	2.7408	5.5792
42436	R	N+10%	+1.00	carbB	migrated	O1	3.0055	H2	2.5852	6.9218
42436	R	N+10%	+1.00	ether	migrated	O2	2.7354	O2	2.7354	5.7281
42436	R	N+10%	+1.00	hydroxyl	own	O4	3.0681	C6	2.9706	3.8964
42436	R	N+10%	-0.25	H1	escaped	O5	34074.6609	O5	34074.6609	34078.8026
42436	R	N+10%	-0.25	H2	escaped	O1	33891.3996	O1	33891.3996	33897.1899
42436	R	N+10%	-0.25	H3	escaped	H8	41662.3495	H8	41662.3495	41662.3495
42436	R	N+10%	-0.25	H4	escaped	H4	47006.8444	H4	47006.8444	47009.0839
42436	R	N+10%	-0.25	H5	escaped	O6	45820.5688	O6	45820.5688	45824.9341
42436	R	N+10%	-0.25	H6	escaped	H6	36360.4512	H6	36360.4512	36361.5119
42436	R	N+10%	-0.25	H7	escaped	H3	42907.6382	H3	42907.6382	42908.1682
42436	R	N+10%	-0.25	H8	escaped	H8	45914.0202	H8	45914.0202	45914.0202
42436	R	N+10%	-0.50	H1	escaped	O5	59788.1800	O5	59788.1800	59792.6199
42436	R	N+10%	-0.50	H2	escaped	O1	68319.1341	O1	68319.1341	68323.9957
42436	R	N+10%	-0.50	H3	escaped	H3	56574.1134	H3	56574.1134	56574.2062
42436	R	N+10%	-0.50	H4	escaped	O5	53731.7154	O5	53731.7154	53735.5812
42436	R	N+10%	-0.50	H5	escaped	O6	54085.4252	O6	54085.4252	54090.5120
42436	R	N+10%	-0.50	H6	escaped	H6	49520.1386	H6	49520.1386	49521.2894
42436	R	N+10%	-0.50	H7	escaped	H3	60197.6298	H3	60197.6298	60198.4538
42436	R	N+10%	-0.50	H8	escaped	H8	59109.0789	H8	59109.0789	59109.0789
42436	R	N+10%	-0.75	H1	escaped	O5	85834.8376	O5	85834.8376	85839.3191
42436	R	N+10%	-0.75	H2	escaped	O1	79467.9872	O1	79467.9872	79472.1771
42436	R	N+10%	-0.75	H3	escaped	H3	77849.6963	H3	77849.6963	77850.2925
42436	R	N+10%	-0.75	H4	escaped	O5	82643.1883	O5	82643.1883	82647.6245
42436	R	N+10%	-0.75	H5	escaped	O6	80937.0819	O6	80937.0819	80942.2841
42436	R	N+10%	-0.75	H6	escaped	O2	71363.6813	O2	71363.6813	71365.3484
42436	R	N+10%	-0.75	H7	escaped	H3	81334.5316	H3	81334.5316	81335.4844
42436	R	N+10%	-0.75	H8	escaped	H8	76217.4831	H8	76217.4831	76217.4831
42436	R	N+10%	-1.00	H1	escaped	O5	89685.9008	O5	89685.9008	89690.3843
42436	R	N+10%	-1.00	H2	escaped	O1	83717.0390	O1	83717.0390	83720.8392
42436	R	N+10%	-1.00	H3	escaped	H3	81474.7669	H3	81474.7669	81475.7499
42436	R	N+10%	-1.00	H4	escaped	O5	87894.0841	O5	87894.0841	87898.7571
42436	R	N+10%	-1.00	H5	escaped	O6	84407.5280	O6	84407.5280	84412.7477
42436	R	N+10%	-1.00	H6	escaped	O2	78533.6801	O2	78533.6801	78535.9519
42436	R	N+10%	-1.00	H7	escaped	H3	85521.1499	H3	85521.1499	85522.1965
42436	R	N+10%	-1.00	H8	escaped	H8	75822.2025	H8	75822.2025	75822.2025
42436	R	OPLS_sp3C	+0.25	carbA	own	O1	2.9048	O1	2.9048	5.5609
42436	R	OPLS_sp3C	+0.25	carbB	migrated	O1	3.1578	H2	2.7095	7.1255
42436	R	OPLS_sp3C	+0.25	ether	migrated	O2	2.9133	O2	2.9133	5.9870
42436	R	OPLS_sp3C	+0.25	hydroxyl	migrated	O6	2.9608	O6	2.9608	5.8697
42436	R	OPLS_sp3C	+0.50	carbA	own	O1	2.7556	O1	2.7556	5.5576
42436	R	OPLS_sp3C	+0.50	carbB	migrated	O1	3.0240	H2	2.5938	6.9388
42436	R	OPLS_sp3C	+0.50	ether	migrated	O2	2.7509	O2	2.7509	5.7496
42436	R	OPLS_sp3C	+0.50	hydroxyl	migrated	O1	3.0240	H2	2.5938	6.9388
42436	R	OPLS_sp3C	+0.75	carbA	own	O1	2.6687	O1	2.6687	5.6032
42436	R	OPLS_sp3C	+0.75	carbB	migrated	O1	2.8789	H2	2.5287	6.8075
42436	R	OPLS_sp3C	+0.75	ether	migrated	O2	2.6571	O2	2.6571	5.6107
42436	R	OPLS_sp3C	+0.75	hydroxyl	migrated	O1	2.8789	H2	2.5287	6.8075
42436	R	OPLS_sp3C	+1.00	carbA	own	O1	2.6072	O1	2.6072	5.6888
42436	R	OPLS_sp3C	+1.00	carbB	migrated	O1	2.7697	H2	2.4875	6.7137
42436	R	OPLS_sp3C	+1.00	ether	migrated	O2	2.5915	O2	2.5915	5.5134
42436	R	OPLS_sp3C	+1.00	hydroxyl	own	O4	2.8798	C6	2.8550	3.7196
42436	R	OPLS_sp3C	-0.25	H1	escaped	O5	35235.2444	O5	35235.2444	35239.4172
42436	R	OPLS_sp3C	-0.25	H2	escaped	O1	33606.4436	O1	33606.4436	33612.2259
42436	R	OPLS_sp3C	-0.25	H3	escaped	H8	41897.4064	H8	41897.4064	41897.4064
42436	R	OPLS_sp3C	-0.25	H4	escaped	O5	46424.7824	O5	46424.7824	46427.1616
42436	R	OPLS_sp3C	-0.25	H5	escaped	O6	45130.2954	O6	45130.2954	45134.7892
42436	R	OPLS_sp3C	-0.25	H6	escaped	H6	35868.6737	H6	35868.6737	35869.7822
42436	R	OPLS_sp3C	-0.25	H7	escaped	H3	48113.6354	H3	48113.6354	48114.2617
42436	R	OPLS_sp3C	-0.25	H8	escaped	H8	45024.2693	H8	45024.2693	45024.2693
42436	R	OPLS_sp3C	-0.50	H1	escaped	O5	57290.1587	O5	57290.1587	57294.6456
42436	R	OPLS_sp3C	-0.50	H2	escaped	O1	68190.6907	O1	68190.6907	68195.5338
42436	R	OPLS_sp3C	-0.50	H3	escaped	H3	56720.8550	H3	56720.8550	56720.9545
42436	R	OPLS_sp3C	-0.50	H4	escaped	O5	53470.1562	O5	53470.1562	53474.1456
42436	R	OPLS_sp3C	-0.50	H5	escaped	O6	53499.6545	O6	53499.6545	53504.8297
42436	R	OPLS_sp3C	-0.50	H6	escaped	H6	49472.6092	H6	49472.6092	49473.8011
42436	R	OPLS_sp3C	-0.50	H7	escaped	H3	67409.8541	H3	67409.8541	67410.7016
42436	R	OPLS_sp3C	-0.50	H8	escaped	H8	56334.0988	H8	56334.0988	56334.0988
42436	R	OPLS_sp3C	-0.75	H1	escaped	O5	85112.4923	O5	85112.4923	85117.0051
42436	R	OPLS_sp3C	-0.75	H2	escaped	O1	79264.7548	O1	79264.7548	79268.9383
42436	R	OPLS_sp3C	-0.75	H3	escaped	H3	77976.4709	H3	77976.4709	77977.0719
42436	R	OPLS_sp3C	-0.75	H4	escaped	O5	82166.3665	O5	82166.3665	82170.8842
42436	R	OPLS_sp3C	-0.75	H5	escaped	O6	80981.8809	O6	80981.8809	80987.1479
42436	R	OPLS_sp3C	-0.75	H6	escaped	O2	71574.7716	O2	71574.7716	71576.5298
42436	R	OPLS_sp3C	-0.75	H7	escaped	H3	90408.7216	H3	90408.7216	90409.7130
42436	R	OPLS_sp3C	-0.75	H8	escaped	H8	73964.9737	H8	73964.9737	73964.9737
42436	R	OPLS_sp3C	-1.00	H1	escaped	O5	88982.7897	O5	88982.7897	88987.2960
42436	R	OPLS_sp3C	-1.00	H2	escaped	O1	83844.1546	O1	83844.1546	83847.9563
42436	R	OPLS_sp3C	-1.00	H3	escaped	H3	81611.2533	H3	81611.2533	81612.2436
42436	R	OPLS_sp3C	-1.00	H4	escaped	O5	88073.8670	O5	88073.8670	88078.5995
42436	R	OPLS_sp3C	-1.00	H5	escaped	O6	84440.5410	O6	84440.5410	84445.8122
42436	R	OPLS_sp3C	-1.00	H6	escaped	O2	78775.6714	O2	78775.6714	78778.0007
42436	R	OPLS_sp3C	-1.00	H7	escaped	H3	86465.2078	H3	86465.2078	86466.2587
42436	R	OPLS_sp3C	-1.00	H8	escaped	H8	74141.7977	H8	74141.7977	74141.7977
42436	R	Behrens_3.55	+0.25	carbA	own	O1	2.9279	O1	2.9279	5.5778
42436	R	Behrens_3.55	+0.25	carbB	migrated	O1	3.1766	H2	2.7306	7.1567
42436	R	Behrens_3.55	+0.25	ether	migrated	O2	2.9389	O2	2.9389	6.0254
42436	R	Behrens_3.55	+0.25	hydroxyl	migrated	O1	3.1766	H2	2.7306	7.1567
42436	R	Behrens_3.55	+0.50	carbA	own	O1	2.7775	O1	2.7775	5.5663
42436	R	Behrens_3.55	+0.50	carbB	migrated	O1	3.0513	H2	2.6131	6.9719
42436	R	Behrens_3.55	+0.50	ether	migrated	O1	2.7775	O1	2.7775	5.5663
42436	R	Behrens_3.55	+0.50	hydroxyl	migrated	O1	3.0513	H2	2.6131	6.9719
42436	R	Behrens_3.55	+0.75	carbA	own	O1	2.6901	O1	2.6901	5.5980
42436	R	Behrens_3.55	+0.75	carbB	migrated	O1	2.9196	H2	2.5456	6.8432
42436	R	Behrens_3.55	+0.75	ether	migrated	O2	2.6804	O2	2.6804	5.6462
42436	R	Behrens_3.55	+0.75	hydroxyl	migrated	O1	2.9196	H2	2.5456	6.8432
42436	R	Behrens_3.55	+1.00	carbA	own	O1	2.6283	O1	2.6283	5.6662
42436	R	Behrens_3.55	+1.00	carbB	migrated	O1	2.8063	H2	2.5026	6.7473
42436	R	Behrens_3.55	+1.00	ether	migrated	O2	2.6142	O2	2.6142	5.5479
42436	R	Behrens_3.55	+1.00	hydroxyl	migrated	O1	2.8063	H2	2.5026	6.7473
42436	R	Behrens_3.55	-0.25	H1	escaped	O5	35343.3766	O5	35343.3766	35347.5448
42436	R	Behrens_3.55	-0.25	H2	escaped	O1	33625.6039	O1	33625.6039	33631.3843
42436	R	Behrens_3.55	-0.25	H3	escaped	H8	41910.2410	H8	41910.2410	41910.2410
42436	R	Behrens_3.55	-0.25	H4	escaped	H4	46446.8668	H4	46446.8668	46449.2203
42436	R	Behrens_3.55	-0.25	H5	escaped	O6	45198.2198	O6	45198.2198	45202.6934
42436	R	Behrens_3.55	-0.25	H6	escaped	H6	35884.2545	H6	35884.2545	35885.3496
42436	R	Behrens_3.55	-0.25	H7	escaped	H3	50305.4316	H3	50305.4316	50306.0654
42436	R	Behrens_3.55	-0.25	H8	escaped	H8	45232.6905	H8	45232.6905	45232.6905
42436	R	Behrens_3.55	-0.50	H1	escaped	O5	57582.2619	O5	57582.2619	57586.7375
42436	R	Behrens_3.55	-0.50	H2	escaped	O1	68213.9770	O1	68213.9770	68218.8176
42436	R	Behrens_3.55	-0.50	H3	escaped	H3	56723.7474	H3	56723.7474	56723.8445
42436	R	Behrens_3.55	-0.50	H4	escaped	O5	53481.4218	O5	53481.4218	53485.3915
42436	R	Behrens_3.55	-0.50	H5	escaped	O6	53584.6936	O6	53584.6936	53589.8500
42436	R	Behrens_3.55	-0.50	H6	escaped	H6	49426.2015	H6	49426.2015	49427.3771
42436	R	Behrens_3.55	-0.50	H7	escaped	H3	68446.3524	H3	68446.3524	68447.2084
42436	R	Behrens_3.55	-0.50	H8	escaped	H8	56435.2774	H8	56435.2774	56435.2774
42436	R	Behrens_3.55	-0.75	H1	escaped	O5	85309.1208	O5	85309.1208	85313.6248
42436	R	Behrens_3.55	-0.75	H2	escaped	O1	79305.2523	O1	79305.2523	79309.4329
42436	R	Behrens_3.55	-0.75	H3	escaped	H3	77975.0270	H3	77975.0270	77975.6263
42436	R	Behrens_3.55	-0.75	H4	escaped	O5	82205.0877	O5	82205.0877	82209.5916
42436	R	Behrens_3.55	-0.75	H5	escaped	O6	81039.1183	O6	81039.1183	81044.3704
42436	R	Behrens_3.55	-0.75	H6	escaped	O2	71483.4785	O2	71483.4785	71485.2137
42436	R	Behrens_3.55	-0.75	H7	escaped	H3	92762.1586	H3	92762.1586	92763.1499
42436	R	Behrens_3.55	-0.75	H8	escaped	H8	74050.3804	H8	74050.3804	74050.3804
42436	R	Behrens_3.55	-1.00	H1	escaped	O5	89170.4522	O5	89170.4522	89174.9516
42436	R	Behrens_3.55	-1.00	H2	escaped	O1	83868.6164	O1	83868.6164	83872.4152
42436	R	Behrens_3.55	-1.00	H3	escaped	H3	81611.7799	H3	81611.7799	81612.7694
42436	R	Behrens_3.55	-1.00	H4	escaped	O5	88097.3967	O5	88097.3967	88102.1183
42436	R	Behrens_3.55	-1.00	H5	escaped	O6	84491.3661	O6	84491.3661	84496.6252
42436	R	Behrens_3.55	-1.00	H6	escaped	O2	78691.3426	O2	78691.3426	78693.6563
42436	R	Behrens_3.55	-1.00	H7	escaped	H3	85565.5095	H3	85565.5095	85566.5437
42436	R	Behrens_3.55	-1.00	H8	escaped	H8	74206.3873	H8	74206.3873	74206.3873
42436	TS	N	+0.25	carbA	own	O1	2.8863	O1	2.8863	5.3648
42436	TS	N	+0.25	carbB	migrated	O1	3.0420	H2	2.5934	7.4175
42436	TS	N	+0.25	ether	migrated	O2	2.8906	O2	2.8906	6.4917
42436	TS	N	+0.25	hydroxyl	migrated	O6	2.9696	O6	2.9696	5.4789
42436	TS	N	+0.50	carbA	own	O1	2.7440	O1	2.7440	5.3510
42436	TS	N	+0.50	carbB	own	O6	2.8682	H2	2.5044	7.4753
42436	TS	N	+0.50	ether	migrated	O2	2.7309	O2	2.7309	6.2059
42436	TS	N	+0.50	hydroxyl	migrated	O6	2.7815	O6	2.7815	5.5985
42436	TS	N	+0.75	carbA	own	O1	2.6604	O1	2.6604	5.3600
42436	TS	N	+0.75	carbB	own	O6	2.6760	O6	2.6760	8.9715
42436	TS	N	+0.75	ether	migrated	O2	2.6386	O2	2.6386	6.0391
42436	TS	N	+0.75	hydroxyl	migrated	O6	2.6785	O6	2.6785	5.6505
42436	TS	N	+1.00	carbA	own	O1	2.6012	O1	2.6012	5.3918
42436	TS	N	+1.00	carbB	own	O6	2.6088	O6	2.6088	8.9504
42436	TS	N	+1.00	ether	migrated	O2	2.5742	O2	2.5742	5.9228
42436	TS	N	+1.00	hydroxyl	migrated	O6	2.6088	O6	2.6088	8.9504
42436	TS	N	-0.25	H1	escaped	O5	34969.7359	O5	34969.7359	34974.1518
42436	TS	N	-0.25	H2	escaped	O1	33091.5308	O1	33091.5308	33097.0760
42436	TS	N	-0.25	H3	escaped	H8	42341.7475	H8	42341.7475	42341.7475
42436	TS	N	-0.25	H4	escaped	H4	35211.9717	H4	35211.9717	35214.4147
42436	TS	N	-0.25	H5	escaped	O6	44409.3301	O6	44409.3301	44413.9295
42436	TS	N	-0.25	H6	escaped	H6	36187.6602	H6	36187.6602	36188.3379
42436	TS	N	-0.25	H7	escaped	H8	42407.1367	H8	42407.1367	42407.1367
42436	TS	N	-0.25	H8	escaped	H8	45723.1059	H8	45723.1059	45723.1059
42436	TS	N	-0.50	H1	escaped	O5	55427.9166	O5	55427.9166	55432.5459
42436	TS	N	-0.50	H2	escaped	O1	68863.1792	O1	68863.1792	68867.6419
42436	TS	N	-0.50	H3	escaped	H3	57584.8054	H3	57584.8054	57585.0380
42436	TS	N	-0.50	H4	escaped	O5	53406.6942	O5	53406.6942	53410.7682
42436	TS	N	-0.50	H5	escaped	O6	51983.6865	O6	51983.6865	51988.9958
42436	TS	N	-0.50	H6	escaped	H6	48751.9082	H6	48751.9082	48752.4672
42436	TS	N	-0.50	H7	escaped	H8	62889.6405	H8	62889.6405	62889.6405
42436	TS	N	-0.50	H8	escaped	H8	61531.1750	H8	61531.1750	61531.1750
42436	TS	N	-0.75	H1	escaped	O5	83750.2227	O5	83750.2227	83754.7916
42436	TS	N	-0.75	H2	escaped	O1	78930.6028	O1	78930.6028	78934.4910
42436	TS	N	-0.75	H3	escaped	H3	79315.2383	H3	79315.2383	79315.8820
42436	TS	N	-0.75	H4	escaped	O5	81817.8015	O5	81817.8015	81822.4506
42436	TS	N	-0.75	H5	escaped	O6	78567.6983	O6	78567.6983	78573.0798
42436	TS	N	-0.75	H6	escaped	O2	68703.5343	O2	68703.5343	68704.0443
42436	TS	N	-0.75	H7	escaped	H8	65518.3766	H8	65518.3766	65518.3766
42436	TS	N	-0.75	H8	escaped	H8	80381.1384	H8	80381.1384	80381.1384
42436	TS	N	-1.00	H1	escaped	O5	87674.8124	O5	87674.8124	87679.3251
42436	TS	N	-1.00	H2	escaped	O1	82331.8676	O1	82331.8676	82335.4466
42436	TS	N	-1.00	H3	escaped	H3	82799.7279	H3	82799.7279	82800.6658
42436	TS	N	-1.00	H4	escaped	O5	88917.3931	O5	88917.3931	88922.2666
42436	TS	N	-1.00	H5	escaped	O6	81952.8269	O6	81952.8269	81958.1918
42436	TS	N	-1.00	H6	escaped	O2	74666.8463	O2	74666.8463	74667.9376
42436	TS	N	-1.00	H7	escaped	H8	80993.6788	H8	80993.6788	80993.6788
42436	TS	N	-1.00	H8	escaped	H8	80466.4616	H8	80466.4616	80466.4616
42436	TS	N+5%	+0.25	carbA	own	O1	2.9631	O1	2.9631	5.4245
42436	TS	N+5%	+0.25	carbB	migrated	O1	3.2065	H2	2.6567	7.5415
42436	TS	N+5%	+0.25	ether	migrated	O2	2.9795	O2	2.9795	6.6433
42436	TS	N+5%	+0.25	hydroxyl	migrated	O6	3.0678	O6	3.0678	5.4533
42436	TS	N+5%	+0.50	carbA	own	O1	2.8171	O1	2.8171	5.3978
42436	TS	N+5%	+0.50	carbB	own	O6	2.9840	H2	2.5603	7.5302
42436	TS	N+5%	+0.50	ether	migrated	O2	2.8135	O2	2.8135	6.3499
42436	TS	N+5%	+0.50	hydroxyl	migrated	O6	2.9840	H2	2.5603	7.5302
42436	TS	N+5%	+0.75	carbA	own	O1	2.7315	O1	2.7315	5.3895
42436	TS	N+5%	+0.75	carbB	own	O6	2.8535	H2	2.5069	7.4809
42436	TS	N+5%	+0.75	ether	migrated	O2	2.7179	O2	2.7179	6.1783
42436	TS	N+5%	+0.75	hydroxyl	migrated	O6	2.7632	O6	2.7632	5.6329
42436	TS	N+5%	+1.00	carbA	own	O1	2.6710	O1	2.6710	5.3958
42436	TS	N+5%	+1.00	carbB	own	O6	2.6896	O6	2.6896	8.9732
42436	TS	N+5%	+1.00	ether	migrated	O2	2.6510	O2	2.6510	6.0582
42436	TS	N+5%	+1.00	hydroxyl	migrated	O6	2.6896	O6	2.6896	8.9732
42436	TS	N+5%	-0.25	H1	escaped	O5	35369.1731	O5	35369.1731	35373.5943
42436	TS	N+5%	-0.25	H2	escaped	O1	33392.5713	O1	33392.5713	33398.1138
42436	TS	N+5%	-0.25	H3	escaped	H8	42374.6306	H8	42374.6306	42374.6306
42436	TS	N+5%	-0.25	H4	escaped	H4	35296.8591	H4	35296.8591	35299.2179
42436	TS	N+5%	-0.25	H5	escaped	O6	44676.1248	O6	44676.1248	44680.6639
42436	TS	N+5%	-0.25	H6	escaped	H6	36318.6136	H6	36318.6136	36319.2548
42436	TS	N+5%	-0.25	H7	escaped	H8	43960.7065	H8	43960.7065	43960.7065
42436	TS	N+5%	-0.25	H8	escaped	H8	45460.8505	H8	45460.8505	45460.8505
42436	TS	N+5%	-0.50	H1	escaped	O5	56233.9862	O5	56233.9862	56238.6039
42436	TS	N+5%	-0.50	H2	escaped	O1	69395.1857	O1	69395.1857	69399.6514
42436	TS	N+5%	-0.50	H3	escaped	H3	57593.6320	H3	57593.6320	57593.8603
42436	TS	N+5%	-0.50	H4	escaped	O5	53427.4826	O5	53427.4826	53431.4759
42436	TS	N+5%	-0.50	H5	escaped	O6	52261.1111	O6	52261.1111	52266.3595
42436	TS	N+5%	-0.50	H6	escaped	H6	48713.7653	H6	48713.7653	48714.2709
42436	TS	N+5%	-0.50	H7	escaped	H8	62135.7563	H8	62135.7563	62135.7563
42436	TS	N+5%	-0.50	H8	escaped	H8	61372.3900	H8	61372.3900	61372.3900
42436	TS	N+5%	-0.75	H1	escaped	O5	84179.7792	O5	84179.7792	84184.3392
42436	TS	N+5%	-0.75	H2	escaped	O1	79094.5399	O1	79094.5399	79098.4330
42436	TS	N+5%	-0.75	H3	escaped	H3	79330.3072	H3	79330.3072	79330.9491
42436	TS	N+5%	-0.75	H4	escaped	O5	81895.6580	O5	81895.6580	81900.2506
42436	TS	N+5%	-0.75	H5	escaped	O6	78689.4083	O6	78689.4083	78694.7406
42436	TS	N+5%	-0.75	H6	escaped	O2	68503.9004	O2	68503.9004	68504.2980
42436	TS	N+5%	-0.75	H7	escaped	H8	66497.3855	H8	66497.3855	66497.3855
42436	TS	N+5%	-0.75	H8	escaped	H8	81075.8893	H8	81075.8893	81075.8893
42436	TS	N+5%	-1.00	H1	escaped	O5	88074.7597	O5	88074.7597	88079.2662
42436	TS	N+5%	-1.00	H2	escaped	O1	82462.1267	O1	82462.1267	82465.7124
42436	TS	N+5%	-1.00	H3	escaped	H3	82835.4125	H3	82835.4125	82836.3502
42436	TS	N+5%	-1.00	H4	escaped	O5	88950.5379	O5	88950.5379	88955.3673
42436	TS	N+5%	-1.00	H5	escaped	O6	82052.4694	O6	82052.4694	82057.7940
42436	TS	N+5%	-1.00	H6	escaped	O2	74428.7780	O2	74428.7780	74429.7716
42436	TS	N+5%	-1.00	H7	escaped	H8	75746.8558	H8	75746.8558	75746.8558
42436	TS	N+5%	-1.00	H8	escaped	H8	80990.9150	H8	80990.9150	80990.9150
42436	TS	N+10%	+0.25	carbA	own	O1	3.0402	H6	3.0271	5.4864
42436	TS	N+10%	+0.25	carbB	migrated	O1	3.3321	H2	2.7295	7.6533
42436	TS	N+10%	+0.25	ether	migrated	O2	3.0704	O2	3.0704	6.8009
42436	TS	N+10%	+0.25	hydroxyl	migrated	O1	3.3321	H2	2.7295	7.6533
42436	TS	N+10%	+0.50	carbA	own	O1	2.8905	O1	2.8905	5.4499
42436	TS	N+10%	+0.50	carbB	migrated	O1	3.0466	H2	2.6222	7.4448
42436	TS	N+10%	+0.50	ether	migrated	O2	2.8975	O2	2.8975	6.4969
42436	TS	N+10%	+0.50	hydroxyl	migrated	O6	2.9603	O6	2.9603	5.5618
42436	TS	N+10%	+0.75	carbA	own	O1	2.8027	O1	2.8027	5.4305
42436	TS	N+10%	+0.75	carbB	own	O6	2.9632	H2	2.5611	7.5357
42436	TS	N+10%	+0.75	ether	migrated	O2	2.7981	O2	2.7981	6.3198
42436	TS	N+10%	+0.75	hydroxyl	migrated	O6	2.8487	O6	2.8487	5.6164
42436	TS	N+10%	+1.00	carbA	own	O1	2.7407	O1	2.7407	5.4230
42436	TS	N+10%	+1.00	carbB	own	O6	2.8686	H2	2.5215	7.4984
42436	TS	N+10%	+1.00	ether	migrated	O2	2.7288	O2	2.7288	6.1958
42436	TS	N+10%	+1.00	hydroxyl	migrated	O6	2.7725	O6	2.7725	5.6487
42436	TS	N+10%	-0.25	H1	escaped	O5	35834.4020	O5	35834.4020	35838.8290
42436	TS	N+10%	-0.25	H2	escaped	O1	33815.7411	O1	33815.7411	33821.2730
42436	TS	N+10%	-0.25	H3	escaped	H8	42454.6300	H8	42454.6300	42454.6300
42436	TS	N+10%	-0.25	H4	escaped	H4	46555.9438	H4	46555.9438	46558.1824
42436	TS	N+10%	-0.25	H5	escaped	O6	45023.2311	O6	45023.2311	45027.6728
42436	TS	N+10%	-0.25	H6	escaped	H6	36461.4386	H6	36461.4386	36462.0184
42436	TS	N+10%	-0.25	H7	escaped	H8	45653.8857	H8	45653.8857	45653.8857
42436	TS	N+10%	-0.25	H8	escaped	H8	45200.4948	H8	45200.4948	45200.4948
42436	TS	N+10%	-0.50	H1	escaped	O5	57348.1229	O5	57348.1229	57352.7174
42436	TS	N+10%	-0.50	H2	escaped	O1	70176.4239	O1	70176.4239	70180.8896
42436	TS	N+10%	-0.50	H3	escaped	H3	57615.4243	H3	57615.4243	57615.6424
42436	TS	N+10%	-0.50	H4	escaped	O5	70740.0486	O5	70740.0486	70743.9126
42436	TS	N+10%	-0.50	H5	escaped	O6	52654.6970	O6	52654.6970	52659.8496
42436	TS	N+10%	-0.50	H6	escaped	H6	64426.1985	H6	64426.1985	64426.6118
42436	TS	N+10%	-0.50	H7	escaped	H8	66685.2619	H8	66685.2619	66685.2619
42436	TS	N+10%	-0.50	H8	escaped	H8	61216.1368	H8	61216.1368	61216.1368
42436	TS	N+10%	-0.75	H1	escaped	O5	84857.9237	O5	84857.9237	84862.4662
42436	TS	N+10%	-0.75	H2	escaped	O1	79384.2391	O1	79384.2391	79388.1367
42436	TS	N+10%	-0.75	H3	escaped	H3	79356.8832	H3	79356.8832	79357.5204
42436	TS	N+10%	-0.75	H4	escaped	O5	81926.0361	O5	81926.0361	81930.5398
42436	TS	N+10%	-0.75	H5	escaped	O6	78913.2130	O6	78913.2130	78918.4686
42436	TS	N+10%	-0.75	H6	escaped	O2	68181.1628	O2	68181.1628	68181.3700
42436	TS	N+10%	-0.75	H7	escaped	H8	72637.0039	H8	72637.0039	72637.0039
42436	TS	N+10%	-0.75	H8	escaped	H8	81474.3282	H8	81474.3282	81474.3282
42436	TS	N+10%	-1.00	H1	escaped	O5	88711.8636	O5	88711.8636	88716.3574
42436	TS	N+10%	-1.00	H2	escaped	O2	82697.5715	O2	82697.5715	82701.1787
42436	TS	N+10%	-1.00	H3	escaped	H3	82902.2923	H3	82902.2923	82903.2290
42436	TS	N+10%	-1.00	H4	escaped	O5	89031.5861	O5	89031.5861	89036.3470
42436	TS	N+10%	-1.00	H5	escaped	O6	82238.4579	O6	82238.4579	82243.7201
42436	TS	N+10%	-1.00	H6	escaped	O2	74048.1196	O2	74048.1196	74048.9454
42436	TS	N+10%	-1.00	H7	escaped	H8	95949.0308	H8	95949.0308	95949.0308
42436	TS	N+10%	-1.00	H8	escaped	H8	81514.4420	H8	81514.4420	81514.4420
42436	TS	OPLS_sp3C	+0.25	carbA	own	O1	2.9038	O1	2.9038	5.4356
42436	TS	OPLS_sp3C	+0.25	carbB	migrated	O1	3.0718	H2	2.6256	7.4586
42436	TS	OPLS_sp3C	+0.25	ether	migrated	O2	2.9122	O2	2.9122	6.5237
42436	TS	OPLS_sp3C	+0.25	hydroxyl	migrated	O6	2.9805	O6	2.9805	5.5348
42436	TS	OPLS_sp3C	+0.50	carbA	own	O1	2.7554	O1	2.7554	5.4092
42436	TS	OPLS_sp3C	+0.50	carbB	own	O6	2.8891	H2	2.5270	7.5026
42436	TS	OPLS_sp3C	+0.50	ether	migrated	O2	2.7448	O2	2.7448	6.2253
42436	TS	OPLS_sp3C	+0.50	hydroxyl	migrated	O6	2.7914	O6	2.7914	5.6318
42436	TS	OPLS_sp3C	+0.75	carbA	own	O1	2.6691	O1	2.6691	5.4147
42436	TS	OPLS_sp3C	+0.75	carbB	own	O6	2.6875	O6	2.6875	8.9777
42436	TS	OPLS_sp3C	+0.75	ether	migrated	O2	2.6495	O2	2.6495	6.0544
42436	TS	OPLS_sp3C	+0.75	hydroxyl	migrated	O6	2.6869	O6	2.6869	5.6749
42436	TS	OPLS_sp3C	+1.00	carbA	own	O1	2.6083	O1	2.6083	5.4460
42436	TS	OPLS_sp3C	+1.00	carbB	own	O6	2.6180	O6	2.6180	8.9590
42436	TS	OPLS_sp3C	+1.00	ether	migrated	O2	2.5832	O2	2.5832	5.9361
42436	TS	OPLS_sp3C	+1.00	hydroxyl	migrated	O6	2.6150	O6	2.6150	5.7020
42436	TS	OPLS_sp3C	-0.25	H1	escaped	O5	34764.6976	O5	34764.6976	34769.1065
42436	TS	OPLS_sp3C	-0.25	H2	escaped	O1	43915.3608	O1	43915.3608	43920.8786
42436	TS	OPLS_sp3C	-0.25	H3	escaped	H8	42620.9862	H8	42620.9862	42620.9862
42436	TS	OPLS_sp3C	-0.25	H4	escaped	H4	46319.4636	H4	46319.4636	46321.8568
42436	TS	OPLS_sp3C	-0.25	H5	escaped	O6	44366.2983	O6	44366.2983	44370.8643
42436	TS	OPLS_sp3C	-0.25	H6	escaped	H6	35933.8482	H6	35933.8482	35934.4622
42436	TS	OPLS_sp3C	-0.25	H7	escaped	H8	38904.1176	H8	38904.1176	38904.1176
42436	TS	OPLS_sp3C	-0.25	H8	escaped	H8	46330.5616	H8	46330.5616	46330.5616
42436	TS	OPLS_sp3C	-0.50	H1	escaped	O5	55667.1829	O5	55667.1829	55671.7698
42436	TS	OPLS_sp3C	-0.50	H2	escaped	O1	69231.5662	O1	69231.5662	69236.0050
42436	TS	OPLS_sp3C	-0.50	H3	escaped	H3	57765.3464	H3	57765.3464	57765.5793
42436	TS	OPLS_sp3C	-0.50	H4	escaped	O5	70514.1290	O5	70514.1290	70518.1498
42436	TS	OPLS_sp3C	-0.50	H5	escaped	O6	52175.1070	O6	52175.1070	52180.3483
42436	TS	OPLS_sp3C	-0.50	H6	escaped	H6	64208.6388	H6	64208.6388	64209.0861
42436	TS	OPLS_sp3C	-0.50	H7	escaped	H8	53602.0424	H8	53602.0424	53602.0424
42436	TS	OPLS_sp3C	-0.50	H8	escaped	H8	59879.9269	H8	59879.9269	59879.9269
42436	TS	OPLS_sp3C	-0.75	H1	escaped	O5	84515.4048	O5	84515.4048	84519.9376
42436	TS	OPLS_sp3C	-0.75	H2	escaped	O1	79432.7080	O1	79432.7080	79436.5850
42436	TS	OPLS_sp3C	-0.75	H3	escaped	H3	79532.8933	H3	79532.8933	79533.5390
42436	TS	OPLS_sp3C	-0.75	H4	escaped	O5	81613.2174	O5	81613.2174	81617.8241
42436	TS	OPLS_sp3C	-0.75	H5	escaped	O6	79026.0774	O6	79026.0774	79031.3986
42436	TS	OPLS_sp3C	-0.75	H6	escaped	O2	68287.8726	O2	68287.8726	68288.1986
42436	TS	OPLS_sp3C	-0.75	H7	escaped	H8	62358.7539	H8	62358.7539	62358.7539
42436	TS	OPLS_sp3C	-0.75	H8	escaped	H8	78786.4475	H8	78786.4475	78786.4475
42436	TS	OPLS_sp3C	-1.00	H1	escaped	O5	88379.3363	O5	88379.3363	88383.8198
42436	TS	OPLS_sp3C	-1.00	H2	escaped	O2	82754.1261	O2	82754.1261	82757.7012
42436	TS	OPLS_sp3C	-1.00	H3	escaped	H3	83078.7448	H3	83078.7448	83079.6876
42436	TS	OPLS_sp3C	-1.00	H4	escaped	O5	89226.5799	O5	89226.5799	89231.4163
42436	TS	OPLS_sp3C	-1.00	H5	escaped	O6	82337.2287	O6	82337.2287	82342.5431
42436	TS	OPLS_sp3C	-1.00	H6	escaped	O2	74278.5046	O2	74278.5046	74279.4288
42436	TS	OPLS_sp3C	-1.00	H7	escaped	H8	79214.0087	H8	79214.0087	79214.0087
42436	TS	OPLS_sp3C	-1.00	H8	escaped	H8	79230.1496	H8	79230.1496	79230.1496
42436	TS	Behrens_3.55	+0.25	carbA	own	O1	2.9267	O1	2.9267	5.4531
42436	TS	Behrens_3.55	+0.25	carbB	migrated	O1	3.1160	H2	2.6443	7.4937
42436	TS	Behrens_3.55	+0.25	ether	migrated	O2	2.9387	O2	2.9387	6.5702
42436	TS	Behrens_3.55	+0.25	hydroxyl	migrated	O6	3.0090	O6	3.0090	5.5290
42436	TS	Behrens_3.55	+0.50	carbA	own	O1	2.7772	O1	2.7772	5.4216
42436	TS	Behrens_3.55	+0.50	carbB	own	O6	2.9225	H2	2.5436	7.5194
42436	TS	Behrens_3.55	+0.50	ether	migrated	O2	2.7694	O2	2.7694	6.2687
42436	TS	Behrens_3.55	+0.50	hydroxyl	migrated	O6	2.8175	O6	2.8175	5.6268
42436	TS	Behrens_3.55	+0.75	carbA	own	O1	2.6903	O1	2.6903	5.4202
42436	TS	Behrens_3.55	+0.75	carbB	own	O6	2.7164	O6	2.7164	8.9484
42436	TS	Behrens_3.55	+0.75	ether	migrated	O2	2.6730	O2	2.6730	6.0960
42436	TS	Behrens_3.55	+0.75	hydroxyl	migrated	O6	2.7119	O6	2.7119	5.6699
42436	TS	Behrens_3.55	+1.00	carbA	own	O1	2.6291	O1	2.6291	5.4413
42436	TS	Behrens_3.55	+1.00	carbB	own	O6	2.6411	O6	2.6411	8.9731
42436	TS	Behrens_3.55	+1.00	ether	migrated	O2	2.6060	O2	2.6060	5.9764
42436	TS	Behrens_3.55	+1.00	hydroxyl	migrated	O6	2.6392	O6	2.6392	5.6968
42436	TS	Behrens_3.55	-0.25	H1	escaped	O5	34782.0784	O5	34782.0784	34786.4901
42436	TS	Behrens_3.55	-0.25	H2	escaped	O1	44021.9966	O1	44021.9966	44027.5125
42436	TS	Behrens_3.55	-0.25	H3	escaped	H8	42637.1202	H8	42637.1202	42637.1202
42436	TS	Behrens_3.55	-0.25	H4	escaped	H4	46297.1259	H4	46297.1259	46299.4941
42436	TS	Behrens_3.55	-0.25	H5	escaped	O6	44431.8226	O6	44431.8226	44436.3691
42436	TS	Behrens_3.55	-0.25	H6	escaped	H6	35959.2126	H6	35959.2126	35959.8139
42436	TS	Behrens_3.55	-0.25	H7	escaped	H8	41344.0894	H8	41344.0894	41344.0894
42436	TS	Behrens_3.55	-0.25	H8	escaped	H8	46286.2045	H8	46286.2045	46286.2045
42436	TS	Behrens_3.55	-0.50	H1	escaped	O5	55875.9476	O5	55875.9476	55880.5301
42436	TS	Behrens_3.55	-0.50	H2	escaped	O1	69383.2585	O1	69383.2585	69387.6974
42436	TS	Behrens_3.55	-0.50	H3	escaped	H3	57767.9969	H3	57767.9969	57768.2271
42436	TS	Behrens_3.55	-0.50	H4	escaped	O5	70506.4515	O5	70506.4515	70510.4469
42436	TS	Behrens_3.55	-0.50	H5	escaped	O6	52252.3837	O6	52252.3837	52257.6056
42436	TS	Behrens_3.55	-0.50	H6	escaped	H6	64185.3258	H6	64185.3258	64185.7540
42436	TS	Behrens_3.55	-0.50	H7	escaped	H8	59127.1606	H8	59127.1606	59127.1606
42436	TS	Behrens_3.55	-0.50	H8	escaped	H8	60009.3442	H8	60009.3442	60009.3442
42436	TS	Behrens_3.55	-0.75	H1	escaped	O5	84654.7741	O5	84654.7741	84659.3033
42436	TS	Behrens_3.55	-0.75	H2	escaped	O1	79493.6277	O1	79493.6277	79497.5057
42436	TS	Behrens_3.55	-0.75	H3	escaped	H3	79535.4369	H3	79535.4369	79536.0812
42436	TS	Behrens_3.55	-0.75	H4	escaped	O5	81619.7239	O5	81619.7239	81624.3130
42436	TS	Behrens_3.55	-0.75	H5	escaped	O6	79073.4439	O6	79073.4439	79078.7494
42436	TS	Behrens_3.55	-0.75	H6	escaped	O2	68222.1142	O2	68222.1142	68222.4009
42436	TS	Behrens_3.55	-0.75	H7	escaped	H8	65155.6654	H8	65155.6654	65155.6654
42436	TS	Behrens_3.55	-0.75	H8	escaped	H8	78898.6422	H8	78898.6422	78898.6422
42436	TS	Behrens_3.55	-1.00	H1	escaped	O5	88510.1200	O5	88510.1200	88514.6010
42436	TS	Behrens_3.55	-1.00	H2	escaped	O2	82803.7883	O2	82803.7883	82807.3689
42436	TS	Behrens_3.55	-1.00	H3	escaped	H3	83090.3902	H3	83090.3902	83091.3326
42436	TS	Behrens_3.55	-1.00	H4	escaped	O5	89244.6326	O5	89244.6326	89249.4553
42436	TS	Behrens_3.55	-1.00	H5	escaped	O6	82376.7399	O6	82376.7399	82382.0416
42436	TS	Behrens_3.55	-1.00	H6	escaped	O2	74201.7314	O2	74201.7314	74202.6211
42436	TS	Behrens_3.55	-1.00	H7	escaped	H8	84423.4836	H8	84423.4836	84423.4836
42436	TS	Behrens_3.55	-1.00	H8	escaped	H8	79317.0894	H8	79317.0894	79317.0894
43087	R	N	+0.25	carbA	own	O1	2.9126	O1	2.9126	5.2812
43087	R	N	+0.25	carbB	own	O6	2.9829	H2	2.9078	8.1988
43087	R	N	+0.25	ether	migrated	O2	2.9134	O2	2.9134	6.0979
43087	R	N	+0.25	hydroxyl	migrated	O6	2.9829	H2	2.9078	8.1988
43087	R	N	+0.50	carbA	own	O1	2.7463	O1	2.7463	6.2525
43087	R	N	+0.50	carbB	own	O6	2.8800	O6	2.8800	8.1097
43087	R	N	+0.50	ether	migrated	O2	2.7525	O2	2.7525	5.8650
43087	R	N	+0.50	hydroxyl	own	O4	3.0715	C6	3.0042	3.8453
43087	R	N	+0.75	carbA	own	O1	2.6610	O1	2.6610	6.4094
43087	R	N	+0.75	carbB	own	O6	2.8181	O6	2.8181	8.0677
43087	R	N	+0.75	ether	migrated	O2	2.6587	O2	2.6587	5.7249
43087	R	N	+0.75	hydroxyl	own	O4	2.9675	C7	2.9279	3.7489
43087	R	N	+1.00	carbA	own	O1	2.6016	O1	2.6016	6.4446
43087	R	N	+1.00	carbB	own	O5	2.7705	C10	2.7702	8.0520
43087	R	N	+1.00	ether	migrated	O2	2.5929	O2	2.5929	5.6252
43087	R	N	+1.00	hydroxyl	own	O4	2.8926	C7	2.8694	3.6797
43087	R	N	-0.25	H1	escaped	O6	38036.5589	O6	38036.5589	38037.0016
43087	R	N	-0.25	H2	escaped	O1	34118.1048	O1	34118.1048	34124.0668
43087	R	N	-0.25	H3	escaped	H8	41536.3737	H8	41536.3737	41536.3737
43087	R	N	-0.25	H4	escaped	H4	46302.6221	H4	46302.6221	46305.0604
43087	R	N	-0.25	H5	escaped	O6	46594.1508	O6	46594.1508	46598.3417
43087	R	N	-0.25	H6	escaped	H6	37909.3081	H6	37909.3081	37910.4659
43087	R	N	-0.25	H7	escaped	H3	40468.9478	H3	40468.9478	40469.3722
43087	R	N	-0.25	H8	escaped	H8	44498.0084	H8	44498.0084	44498.0084
43087	R	N	-0.50	H1	escaped	O6	67270.7549	O6	67270.7549	67271.8719
43087	R	N	-0.50	H2	escaped	O1	52201.6023	O1	52201.6023	52206.7126
43087	R	N	-0.50	H3	escaped	H3	56561.0211	H3	56561.0211	56561.0233
43087	R	N	-0.50	H4	escaped	O5	52638.4367	O5	52638.4367	52642.6759
43087	R	N	-0.50	H5	escaped	O6	53914.4432	O6	53914.4432	53919.5657
43087	R	N	-0.50	H6	escaped	H6	50635.0515	H6	50635.0515	50636.1486
43087	R	N	-0.50	H7	escaped	H3	68108.2421	H3	68108.2421	68108.8360
43087	R	N	-0.50	H8	escaped	H8	55112.9475	H8	55112.9475	55112.9475
43087	R	N	-0.75	H1	escaped	O6	75634.2279	O6	75634.2279	75635.5709
43087	R	N	-0.75	H2	escaped	O1	78636.2591	O1	78636.2591	78640.7620
43087	R	N	-0.75	H3	escaped	H3	78000.5516	H3	78000.5516	78001.0486
43087	R	N	-0.75	H4	escaped	O5	80284.2457	O5	80284.2457	80289.1725
43087	R	N	-0.75	H5	escaped	O6	79321.9388	O6	79321.9388	79327.2526
43087	R	N	-0.75	H6	escaped	H6	70347.9210	H6	70347.9210	70348.8708
43087	R	N	-0.75	H7	escaped	H3	89904.9432	H3	89904.9432	89905.6029
43087	R	N	-0.75	H8	escaped	H8	72190.0630	H8	72190.0630	72190.0630
43087	R	N	-1.00	H1	escaped	O6	87617.3060	O6	87617.3060	87618.7559
43087	R	N	-1.00	H2	escaped	O1	82140.7473	O1	82140.7473	82144.8957
43087	R	N	-1.00	H3	escaped	H3	81676.3111	H3	81676.3111	81677.1806
43087	R	N	-1.00	H4	escaped	O5	87472.0791	O5	87472.0791	87477.2775
43087	R	N	-1.00	H5	escaped	O6	82611.5099	O6	82611.5099	82616.8648
43087	R	N	-1.00	H6	escaped	O2	75454.5496	O2	75454.5496	75455.8169
43087	R	N	-1.00	H7	escaped	H3	91361.1294	H3	91361.1294	91361.8362
43087	R	N	-1.00	H8	escaped	H8	72306.4910	H8	72306.4910	72306.4910
43087	R	N+5%	+0.25	carbA	own	O1	2.9894	O1	2.9894	5.3238
43087	R	N+5%	+0.25	carbB	own	O6	3.0470	H2	2.9510	8.2826
43087	R	N+5%	+0.25	ether	migrated	O2	3.0031	O2	3.0031	6.2260
43087	R	N+5%	+0.25	hydroxyl	migrated	O6	3.0470	H2	2.9510	8.2826
43087	R	N+5%	+0.50	carbA	own	O1	2.8367	O1	2.8367	5.5323
43087	R	N+5%	+0.50	carbB	own	O6	2.9382	H2	2.9353	8.1806
43087	R	N+5%	+0.50	ether	migrated	O2	2.8369	O2	2.8369	5.9901
43087	R	N+5%	+0.50	hydroxyl	migrated	O6	2.8474	O6	2.8474	5.8030
43087	R	N+5%	+0.75	carbA	own	O1	2.7342	O1	2.7342	6.3413
43087	R	N+5%	+0.75	carbB	own	O6	2.8732	O6	2.8732	8.1246
43087	R	N+5%	+0.75	ether	migrated	O2	2.7398	O2	2.7398	5.8474
43087	R	N+5%	+0.75	hydroxyl	own	O4	3.0782	C6	2.9964	3.8550
43087	R	N+5%	+1.00	carbA	own	O1	2.6728	O1	2.6728	6.4195
43087	R	N+5%	+1.00	carbB	own	O6	2.8268	O6	2.8268	8.0923
43087	R	N+5%	+1.00	ether	migrated	O2	2.6716	O2	2.6716	5.7456
43087	R	N+5%	+1.00	hydroxyl	own	O4	2.9969	C7	2.9385	3.7788
43087	R	N+5%	-0.25	H1	escaped	O6	38727.2947	O6	38727.2947	38727.6019
43087	R	N+5%	-0.25	H2	escaped	O1	34243.8189	O1	34243.8189	34249.7896
43087	R	N+5%	-0.25	H3	escaped	H8	41554.3779	H8	41554.3779	41554.3779
43087	R	N+5%	-0.25	H4	escaped	H4	46412.7090	H4	46412.7090	46415.0743
43087	R	N+5%	-0.25	H5	escaped	O6	46816.4239	O6	46816.4239	46820.5505
43087	R	N+5%	-0.25	H6	escaped	H6	38070.8498	H6	38070.8498	38071.9767
43087	R	N+5%	-0.25	H7	escaped	H3	43601.8026	H3	43601.8026	43602.2045
43087	R	N+5%	-0.25	H8	escaped	H8	45507.0301	H8	45507.0301	45507.0301
43087	R	N+5%	-0.50	H1	escaped	O6	69003.5121	O6	69003.5121	69004.5635
43087	R	N+5%	-0.50	H2	escaped	O1	52361.7342	O1	52361.7342	52366.8473
43087	R	N+5%	-0.50	H3	escaped	H8	56561.3809	H8	56561.3809	56561.3809
43087	R	N+5%	-0.50	H4	escaped	O5	52636.9503	O5	52636.9503	52641.1221
43087	R	N+5%	-0.50	H5	escaped	O6	54157.7093	O6	54157.7093	54162.7783
43087	R	N+5%	-0.50	H6	escaped	H6	50607.2324	H6	50607.2324	50608.2857
43087	R	N+5%	-0.50	H7	escaped	H3	73980.0300	H3	73980.0300	73980.6162
43087	R	N+5%	-0.50	H8	escaped	H8	55569.9973	H8	55569.9973	55569.9973
43087	R	N+5%	-0.75	H1	escaped	O6	75088.1046	O6	75088.1046	75089.3980
43087	R	N+5%	-0.75	H2	escaped	O1	78727.8167	O1	78727.8167	78732.3178
43087	R	N+5%	-0.75	H3	escaped	H3	77995.4111	H3	77995.4111	77995.9046
43087	R	N+5%	-0.75	H4	escaped	O5	80316.2340	O5	80316.2340	80321.1166
43087	R	N+5%	-0.75	H5	escaped	O6	79436.4450	O6	79436.4450	79441.7158
43087	R	N+5%	-0.75	H6	escaped	H6	70132.1293	H6	70132.1293	70133.0282
43087	R	N+5%	-0.75	H7	escaped	H3	93122.2213	H3	93122.2213	93122.8755
43087	R	N+5%	-0.75	H8	escaped	H8	72570.1898	H8	72570.1898	72570.1898
43087	R	N+5%	-1.00	H1	escaped	O6	88316.1623	O6	88316.1623	88317.5685
43087	R	N+5%	-1.00	H2	escaped	O1	82224.9186	O1	82224.9186	82229.0654
43087	R	N+5%	-1.00	H3	escaped	H3	81675.5938	H3	81675.5938	81676.4611
43087	R	N+5%	-1.00	H4	escaped	O5	87486.6159	O5	87486.6159	87491.7808
43087	R	N+5%	-1.00	H5	escaped	O6	82715.5615	O6	82715.5615	82720.8806
43087	R	N+5%	-1.00	H6	escaped	O2	75169.5372	O2	75169.5372	75170.7135
43087	R	N+5%	-1.00	H7	escaped	H3	98351.2897	H3	98351.2897	98351.9650
43087	R	N+5%	-1.00	H8	escaped	H8	72592.8003	H8	72592.8003	72592.8003
43087	R	N+10%	+0.25	carbA	own	O1	3.0664	O1	3.0664	5.3731
43087	R	N+10%	+0.25	carbB	own	O6	3.1121	H2	2.9965	8.3656
43087	R	N+10%	+0.25	ether	migrated	O2	3.0939	O2	3.0939	6.3552
43087	R	N+10%	+0.25	hydroxyl	migrated	O6	3.1159	O6	3.1159	5.7228
43087	R	N+10%	+0.50	carbA	own	O1	2.9131	O1	2.9131	5.4404
43087	R	N+10%	+0.50	carbB	own	O6	2.9986	H2	2.9681	8.2564
43087	R	N+10%	+0.50	ether	migrated	O2	2.9222	O2	2.9222	6.1161
43087	R	N+10%	+0.50	hydroxyl	own	O4	3.3350	C6	3.1260	4.1033
43087	R	N+10%	+0.75	carbA	own	O1	2.8094	O1	2.8094	6.1671
43087	R	N+10%	+0.75	carbB	own	O6	2.9302	O6	2.9302	8.1907
43087	R	N+10%	+0.75	ether	migrated	O2	2.8218	O2	2.8218	5.9707
43087	R	N+10%	+0.75	hydroxyl	own	O4	3.2022	C6	3.0559	3.9757
43087	R	N+10%	+1.00	carbA	own	O1	2.7445	O1	2.7445	6.3582
43087	R	N+10%	+1.00	carbB	own	O6	2.8818	O6	2.8818	8.1480
43087	R	N+10%	+1.00	ether	migrated	O2	2.7513	O2	2.7513	5.8667
43087	R	N+10%	+1.00	hydroxyl	own	O4	3.1108	C6	3.0049	3.8886
43087	R	N+10%	-0.25	H1	escaped	O6	39306.8358	O6	39306.8358	39307.0258
43087	R	N+10%	-0.25	H2	escaped	O1	34391.6527	O1	34391.6527	34397.6343
43087	R	N+10%	-0.25	H3	escaped	H8	41621.3383	H8	41621.3383	41621.3383
43087	R	N+10%	-0.25	H4	escaped	H4	46496.2900	H4	46496.2900	46498.5360
43087	R	N+10%	-0.25	H5	escaped	O6	47066.0739	O6	47066.0739	47070.0919
43087	R	N+10%	-0.25	H6	escaped	H6	38241.2588	H6	38241.2588	38242.3330
43087	R	N+10%	-0.25	H7	escaped	H3	41761.2277	H3	41761.2277	41761.6021
43087	R	N+10%	-0.25	H8	escaped	H8	45871.4965	H8	45871.4965	45871.4965
43087	R	N+10%	-0.50	H1	escaped	O6	70671.5550	O6	70671.5550	70672.5518
43087	R	N+10%	-0.50	H2	escaped	O1	52576.7300	O1	52576.7300	52581.8447
43087	R	N+10%	-0.50	H3	escaped	H8	56577.6813	H8	56577.6813	56577.6813
43087	R	N+10%	-0.50	H4	escaped	O5	52580.2798	O5	52580.2798	52584.3425
43087	R	N+10%	-0.50	H5	escaped	O6	54473.8841	O6	54473.8841	54478.8658
43087	R	N+10%	-0.50	H6	escaped	H6	50524.4923	H6	50524.4923	50525.4693
43087	R	N+10%	-0.50	H7	escaped	H3	59123.2470	H3	59123.2470	59123.8225
43087	R	N+10%	-0.50	H8	escaped	H8	56037.7340	H8	56037.7340	56037.7340
43087	R	N+10%	-0.75	H1	escaped	O6	74665.6306	O6	74665.6306	74666.8836
43087	R	N+10%	-0.75	H2	escaped	O1	78900.2846	O1	78900.2846	78904.7817
43087	R	N+10%	-0.75	H3	escaped	H3	77995.3269	H3	77995.3269	77995.8136
43087	R	N+10%	-0.75	H4	escaped	O5	80290.6361	O5	80290.6361	80295.4487
43087	R	N+10%	-0.75	H5	escaped	O6	79644.7999	O6	79644.7999	79650.0017
43087	R	N+10%	-0.75	H6	escaped	H6	69755.3565	H6	69755.3565	69756.1655
43087	R	N+10%	-0.75	H7	escaped	H3	72948.2193	H3	72948.2193	72948.8658
43087	R	N+10%	-0.75	H8	escaped	H8	72950.6254	H8	72950.6254	72950.6254
43087	R	N+10%	-1.00	H1	escaped	O6	88952.1061	O6	88952.1061	88953.4775
43087	R	N+10%	-1.00	H2	escaped	O1	82381.1881	O1	82381.1881	82385.3312
43087	R	N+10%	-1.00	H3	escaped	H3	81687.8346	H3	81687.8346	81688.6987
43087	R	N+10%	-1.00	H4	escaped	O5	87541.3461	O5	87541.3461	87546.4582
43087	R	N+10%	-1.00	H5	escaped	O6	82904.7854	O6	82904.7854	82910.0480
43087	R	N+10%	-1.00	H6	escaped	O2	74683.0962	O2	74683.0962	74684.1141
43087	R	N+10%	-1.00	H7	escaped	H3	101087.0700	H3	101087.0700	101087.7399
43087	R	N+10%	-1.00	H8	escaped	H8	72875.8414	H8	72875.8414	72875.8414
43087	R	OPLS_sp3C	+0.25	carbA	own	O1	2.9275	O1	2.9275	5.3893
43087	R	OPLS_sp3C	+0.25	carbB	own	O6	3.0066	H2	2.9583	8.2558
43087	R	OPLS_sp3C	+0.25	ether	migrated	O2	2.9366	O2	2.9366	6.1349
43087	R	OPLS_sp3C	+0.25	hydroxyl	migrated	O6	2.9499	O6	2.9499	5.7798
43087	R	OPLS_sp3C	+0.50	carbA	own	O1	2.7593	O1	2.7593	6.3112
43087	R	OPLS_sp3C	+0.50	carbB	own	O6	2.8925	O6	2.8925	8.1497
43087	R	OPLS_sp3C	+0.50	ether	migrated	O2	2.7674	O2	2.7674	5.8895
43087	R	OPLS_sp3C	+0.50	hydroxyl	own	O4	3.1224	C6	3.0168	3.8983
43087	R	OPLS_sp3C	+0.75	carbA	own	O1	2.6715	O1	2.6715	6.4293
43087	R	OPLS_sp3C	+0.75	carbB	own	O6	2.8255	O6	2.8255	8.1006
43087	R	OPLS_sp3C	+0.75	ether	migrated	O2	2.6702	O2	2.6702	5.7444
43087	R	OPLS_sp3C	+0.75	hydroxyl	migrated	O6	2.6748	O6	2.6748	5.8626
43087	R	OPLS_sp3C	+1.00	carbA	own	O1	2.6104	O1	2.6104	6.4568
43087	R	OPLS_sp3C	+1.00	carbB	own	O5	2.7753	O5	2.7753	8.0815
43087	R	OPLS_sp3C	+1.00	ether	migrated	O2	2.6024	O2	2.6024	5.6418
43087	R	OPLS_sp3C	+1.00	hydroxyl	own	O4	2.9189	C7	2.8759	3.7070
43087	R	OPLS_sp3C	-0.25	H1	escaped	O6	49251.9782	O6	49251.9782	49252.8092
43087	R	OPLS_sp3C	-0.25	H2	escaped	O1	34047.5255	O1	34047.5255	34053.4797
43087	R	OPLS_sp3C	-0.25	H3	escaped	H8	41837.2872	H8	41837.2872	41837.2872
43087	R	OPLS_sp3C	-0.25	H4	escaped	H4	45971.8811	H4	45971.8811	45974.2779
43087	R	OPLS_sp3C	-0.25	H5	escaped	O6	46432.2275	O6	46432.2275	46436.3950
43087	R	OPLS_sp3C	-0.25	H6	escaped	H6	37584.0408	H6	37584.0408	37585.1488
43087	R	OPLS_sp3C	-0.25	H7	escaped	H3	52526.1270	H3	52526.1270	52526.6208
43087	R	OPLS_sp3C	-0.25	H8	escaped	H8	42487.8510	H8	42487.8510	42487.8510
43087	R	OPLS_sp3C	-0.50	H1	escaped	O6	65793.8114	O6	65793.8114	65795.0963
43087	R	OPLS_sp3C	-0.50	H2	escaped	O1	52329.3109	O1	52329.3109	52334.3974
43087	R	OPLS_sp3C	-0.50	H3	escaped	H8	56718.0212	H8	56718.0212	56718.0212
43087	R	OPLS_sp3C	-0.50	H4	escaped	O5	52450.1911	O5	52450.1911	52454.3884
43087	R	OPLS_sp3C	-0.50	H5	escaped	O6	54023.4958	O6	54023.4958	54028.5641
43087	R	OPLS_sp3C	-0.50	H6	escaped	H6	50281.4963	H6	50281.4963	50282.5056
43087	R	OPLS_sp3C	-0.50	H7	escaped	H3	67802.9865	H3	67802.9865	67803.6137
43087	R	OPLS_sp3C	-0.50	H8	escaped	H8	54086.7986	H8	54086.7986	54086.7986
43087	R	OPLS_sp3C	-0.75	H1	escaped	O6	73124.1137	O6	73124.1137	73125.5615
43087	R	OPLS_sp3C	-0.75	H2	escaped	O1	79034.5581	O1	79034.5581	79039.0436
43087	R	OPLS_sp3C	-0.75	H3	escaped	H3	78126.0728	H3	78126.0728	78126.5668
43087	R	OPLS_sp3C	-0.75	H4	escaped	O5	80076.6114	O5	80076.6114	80081.5065
43087	R	OPLS_sp3C	-0.75	H5	escaped	O6	79772.9900	O6	79772.9900	79778.2521
43087	R	OPLS_sp3C	-0.75	H6	escaped	H6	69803.0500	H6	69803.0500	69803.8934
43087	R	OPLS_sp3C	-0.75	H7	escaped	H3	89676.8499	H3	89676.8499	89677.5306
43087	R	OPLS_sp3C	-0.75	H8	escaped	H8	71301.6169	H8	71301.6169	71301.6169
43087	R	OPLS_sp3C	-1.00	H1	escaped	O6	87431.4647	O6	87431.4647	87432.9900
43087	R	OPLS_sp3C	-1.00	H2	escaped	O1	82474.4776	O1	82474.4776	82478.6134
43087	R	OPLS_sp3C	-1.00	H3	escaped	H3	81835.7627	H3	81835.7627	81836.6359
43087	R	OPLS_sp3C	-1.00	H4	escaped	O5	87761.2785	O5	87761.2785	87766.4485
43087	R	OPLS_sp3C	-1.00	H5	escaped	O6	83000.6397	O6	83000.6397	83005.9500
43087	R	OPLS_sp3C	-1.00	H6	escaped	O2	74904.9561	O2	74904.9561	74906.0777
43087	R	OPLS_sp3C	-1.00	H7	escaped	H3	91682.5897	H3	91682.5897	91683.3117
43087	R	OPLS_sp3C	-1.00	H8	escaped	H8	71620.6815	H8	71620.6815	71620.6815
43087	R	Behrens_3.55	+0.25	carbA	own	O1	2.9505	O1	2.9505	5.3968
43087	R	Behrens_3.55	+0.25	carbB	own	O6	3.0259	H2	2.9703	8.2804
43087	R	Behrens_3.55	+0.25	ether	migrated	O2	2.9635	O2	2.9635	6.1741
43087	R	Behrens_3.55	+0.25	hydroxyl	migrated	O6	2.9771	O6	2.9771	5.7779
43087	R	Behrens_3.55	+0.50	carbA	own	O1	2.7821	O1	2.7821	6.2651
43087	R	Behrens_3.55	+0.50	carbB	own	O6	2.9100	O6	2.9100	8.1699
43087	R	Behrens_3.55	+0.50	ether	migrated	O2	2.7926	O2	2.7926	5.9273
43087	R	Behrens_3.55	+0.50	hydroxyl	migrated	O6	2.7999	O6	2.7999	5.8347
43087	R	Behrens_3.55	+0.75	carbA	own	O1	2.6931	O1	2.6931	6.4174
43087	R	Behrens_3.55	+0.75	carbB	own	O6	2.8423	O6	2.8423	8.1159
43087	R	Behrens_3.55	+0.75	ether	migrated	O2	2.6943	O2	2.6943	5.7812
43087	R	Behrens_3.55	+0.75	hydroxyl	own	O4	3.0359	C7	2.9576	3.8174
43087	R	Behrens_3.55	+1.00	carbA	own	O1	2.6315	O1	2.6315	6.4530
43087	R	Behrens_3.55	+1.00	carbB	own	O6	2.7932	O6	2.7932	8.0904
43087	R	Behrens_3.55	+1.00	ether	migrated	O2	2.6258	O2	2.6258	5.6779
43087	R	Behrens_3.55	+1.00	hydroxyl	own	O4	2.9503	C7	2.8964	3.7369
43087	R	Behrens_3.55	-0.25	H1	escaped	O6	49345.7682	O6	49345.7682	49346.5791
43087	R	Behrens_3.55	-0.25	H2	escaped	O1	34075.4938	O1	34075.4938	34081.4501
43087	R	Behrens_3.55	-0.25	H3	escaped	H8	41850.6139	H8	41850.6139	41850.6139
43087	R	Behrens_3.55	-0.25	H4	escaped	H4	45984.4817	H4	45984.4817	45986.8549
43087	R	Behrens_3.55	-0.25	H5	escaped	O6	46478.9354	O6	46478.9354	46483.0817
43087	R	Behrens_3.55	-0.25	H6	escaped	H6	37613.8821	H6	37613.8821	37614.9793
43087	R	Behrens_3.55	-0.25	H7	escaped	H3	53356.0923	H3	53356.0923	53356.5838
43087	R	Behrens_3.55	-0.25	H8	escaped	H8	42624.5400	H8	42624.5400	42624.5400
43087	R	Behrens_3.55	-0.50	H1	escaped	O6	66108.9786	O6	66108.9786	66110.2520
43087	R	Behrens_3.55	-0.50	H2	escaped	O1	52373.2558	O1	52373.2558	52378.3425
43087	R	Behrens_3.55	-0.50	H3	escaped	H8	56719.5169	H8	56719.5169	56719.5169
43087	R	Behrens_3.55	-0.50	H4	escaped	O5	52438.2116	O5	52438.2116	52442.3873
43087	R	Behrens_3.55	-0.50	H5	escaped	O6	54086.5166	O6	54086.5166	54091.5675
43087	R	Behrens_3.55	-0.50	H6	escaped	H6	50262.7943	H6	50262.7943	50263.7878
43087	R	Behrens_3.55	-0.50	H7	escaped	H3	69304.6835	H3	69304.6835	69305.3105
43087	R	Behrens_3.55	-0.50	H8	escaped	H8	54159.5754	H8	54159.5754	54159.5754
43087	R	Behrens_3.55	-0.75	H1	escaped	O6	74762.4691	O6	74762.4691	74763.9071
43087	R	Behrens_3.55	-0.75	H2	escaped	O1	79071.7068	O1	79071.7068	79076.1913
43087	R	Behrens_3.55	-0.75	H3	escaped	H3	78122.5354	H3	78122.5354	78123.0275
43087	R	Behrens_3.55	-0.75	H4	escaped	O5	80071.5069	O5	80071.5069	80076.3882
43087	R	Behrens_3.55	-0.75	H5	escaped	O6	79817.5638	O6	79817.5638	79822.8120
43087	R	Behrens_3.55	-0.75	H6	escaped	H6	69725.2987	H6	69725.2987	69726.1234
43087	R	Behrens_3.55	-0.75	H7	escaped	H3	90525.7055	H3	90525.7055	90526.3860
43087	R	Behrens_3.55	-0.75	H8	escaped	H8	71364.7362	H8	71364.7362	71364.7362
43087	R	Behrens_3.55	-1.00	H1	escaped	O6	87600.6856	O6	87600.6856	87602.2012
43087	R	Behrens_3.55	-1.00	H2	escaped	O1	82507.9761	O1	82507.9761	82512.1110
43087	R	Behrens_3.55	-1.00	H3	escaped	H3	81835.2384	H3	81835.2384	81836.1108
43087	R	Behrens_3.55	-1.00	H4	escaped	O5	87773.7795	O5	87773.7795	87778.9389
43087	R	Behrens_3.55	-1.00	H5	escaped	O6	83041.0502	O6	83041.0502	83046.3490
43087	R	Behrens_3.55	-1.00	H6	escaped	O2	74805.9127	O2	74805.9127	74807.0017
43087	R	Behrens_3.55	-1.00	H7	escaped	H3	91459.1217	H3	91459.1217	91459.8413
43087	R	Behrens_3.55	-1.00	H8	escaped	H8	71669.0593	H8	71669.0593	71669.0593
43087	TS	N	+0.25	carbA	own	O1	2.9069	O1	2.9069	5.2893
43087	TS	N	+0.25	carbB	own	O6	2.9827	H2	2.9245	8.6964
43087	TS	N	+0.25	ether	migrated	O2	2.9101	O2	2.9101	6.4783
43087	TS	N	+0.25	hydroxyl	migrated	O6	2.9241	O6	2.9241	5.8713
43087	TS	N	+0.50	carbA	own	O1	2.7617	O1	2.7617	5.3354
43087	TS	N	+0.50	carbB	own	O6	2.8481	O6	2.8481	8.5850
43087	TS	N	+0.50	ether	migrated	O2	2.7465	O2	2.7465	6.2059
43087	TS	N	+0.50	hydroxyl	migrated	O6	2.7530	O6	2.7530	5.9552
43087	TS	N	+0.75	carbA	own	O1	2.6693	O1	2.6693	5.6051
43087	TS	N	+0.75	carbB	own	O6	2.7669	O6	2.7669	8.5321
43087	TS	N	+0.75	ether	migrated	O2	2.6520	O2	2.6520	6.0445
43087	TS	N	+0.75	hydroxyl	migrated	O6	2.6556	O6	2.6556	5.9944
43087	TS	N	+1.00	carbA	own	O1	2.6010	O1	2.6010	5.9924
43087	TS	N	+1.00	carbB	own	O6	2.7064	O6	2.7064	8.5121
43087	TS	N	+1.00	ether	migrated	O2	2.5861	O2	2.5861	5.9305
43087	TS	N	+1.00	hydroxyl	migrated	O6	2.5878	O6	2.5878	6.0197
43087	TS	N	-0.25	H1	escaped	O5	50485.1999	O5	50485.1999	50487.8905
43087	TS	N	-0.25	H2	escaped	O1	43266.8723	O1	43266.8723	43272.6985
43087	TS	N	-0.25	H3	escaped	H8	42296.5660	H8	42296.5660	42296.5660
43087	TS	N	-0.25	H4	escaped	H4	46192.2716	H4	46192.2716	46194.5976
43087	TS	N	-0.25	H5	escaped	O6	45545.5956	O6	45545.5956	45549.9670
43087	TS	N	-0.25	H6	escaped	H6	37164.8903	H6	37164.8903	37165.7486
43087	TS	N	-0.25	H7	escaped	H4	39728.4622	H4	39728.4622	39728.8193
43087	TS	N	-0.25	H8	escaped	H8	45849.1825	H8	45849.1825	45849.1825
43087	TS	N	-0.50	H1	escaped	O5	60798.6778	O5	60798.6778	60801.6228
43087	TS	N	-0.50	H2	escaped	O1	49240.4119	O1	49240.4119	49245.3973
43087	TS	N	-0.50	H3	escaped	H3	57675.2726	H3	57675.2726	57675.3679
43087	TS	N	-0.50	H4	escaped	O5	52391.1926	O5	52391.1926	52395.3404
43087	TS	N	-0.50	H5	escaped	O6	52760.5859	O6	52760.5859	52765.8838
43087	TS	N	-0.50	H6	escaped	H6	65737.4452	H6	65737.4452	65738.0518
43087	TS	N	-0.50	H7	escaped	H4	69325.3188	H4	69325.3188	69325.8976
43087	TS	N	-0.50	H8	escaped	H8	58844.9978	H8	58844.9978	58844.9978
43087	TS	N	-0.75	H1	escaped	O5	90188.0409	O5	90188.0409	90191.0989
43087	TS	N	-0.75	H2	escaped	O1	74946.6782	O1	74946.6782	74950.9840
43087	TS	N	-0.75	H3	escaped	H3	79694.3266	H3	79694.3266	79694.8274
43087	TS	N	-0.75	H4	escaped	O5	79726.8448	O5	79726.8448	79731.7488
43087	TS	N	-0.75	H5	escaped	O6	78589.7787	O6	78589.7787	78595.2459
43087	TS	N	-0.75	H6	escaped	H6	68949.0308	H6	68949.0308	68949.2823
43087	TS	N	-0.75	H7	escaped	H4	69419.0518	H4	69419.0518	69419.7216
43087	TS	N	-0.75	H8	escaped	H8	76880.0365	H8	76880.0365	76880.0365
43087	TS	N	-1.00	H1	escaped	O5	104956.2199	O5	104956.2199	104959.3453
43087	TS	N	-1.00	H2	escaped	O1	79464.4618	O1	79464.4618	79468.3587
43087	TS	N	-1.00	H3	escaped	H3	83294.3560	H3	83294.3560	83295.1379
43087	TS	N	-1.00	H4	escaped	O5	88699.8204	O5	88699.8204	88705.0145
43087	TS	N	-1.00	H5	escaped	O6	81931.9617	O6	81931.9617	81937.4551
43087	TS	N	-1.00	H6	escaped	O2	74112.8023	O2	74112.8023	74113.0986
43087	TS	N	-1.00	H7	escaped	H4	76006.1044	H4	76006.1044	76006.8221
43087	TS	N	-1.00	H8	escaped	H8	77002.8443	H8	77002.8443	77002.8443
43087	TS	N+5%	+0.25	carbA	own	O1	2.9835	O1	2.9835	5.3414
43087	TS	N+5%	+0.25	carbB	own	O6	3.0564	H2	2.9761	8.7815
43087	TS	N+5%	+0.25	ether	migrated	O2	3.0021	O2	3.0021	6.6277
43087	TS	N+5%	+0.25	hydroxyl	migrated	O6	3.0564	H2	2.9761	8.7815
43087	TS	N+5%	+0.50	carbA	own	O1	2.8354	O1	2.8354	5.3549
43087	TS	N+5%	+0.50	carbB	own	O6	2.9183	O6	2.9183	8.6589
43087	TS	N+5%	+0.50	ether	migrated	O2	2.8316	O2	2.8316	6.3480
43087	TS	N+5%	+0.50	hydroxyl	migrated	O6	2.8372	O6	2.8372	5.9508
43087	TS	N+5%	+0.75	carbA	own	O1	2.7470	O1	2.7470	5.4220
43087	TS	N+5%	+0.75	carbB	own	O6	2.8359	O6	2.8359	8.5927
43087	TS	N+5%	+0.75	ether	migrated	O2	2.7334	O2	2.7334	6.1824
43087	TS	N+5%	+0.75	hydroxyl	migrated	O6	2.7366	O6	2.7366	5.9890
43087	TS	N+5%	+1.00	carbA	own	O1	2.6786	O1	2.6786	5.6862
43087	TS	N+5%	+1.00	carbB	own	O6	2.7765	O6	2.7765	8.5538
43087	TS	N+5%	+1.00	ether	migrated	O2	2.6649	O2	2.6649	6.0654
43087	TS	N+5%	+1.00	hydroxyl	migrated	O6	2.6667	O6	2.6667	6.0128
43087	TS	N+5%	-0.25	H1	escaped	O5	42828.0934	O5	42828.0934	42830.5891
43087	TS	N+5%	-0.25	H2	escaped	O1	43468.7122	O1	43468.7122	43474.5650
43087	TS	N+5%	-0.25	H3	escaped	H8	42331.4507	H8	42331.4507	42331.4507
43087	TS	N+5%	-0.25	H4	escaped	H4	46265.5448	H4	46265.5448	46267.7784
43087	TS	N+5%	-0.25	H5	escaped	O6	45769.8437	O6	45769.8437	45774.1453
43087	TS	N+5%	-0.25	H6	escaped	H6	37318.5264	H6	37318.5264	37319.3537
43087	TS	N+5%	-0.25	H7	escaped	H4	40454.7707	H4	40454.7707	40455.0923
43087	TS	N+5%	-0.25	H8	escaped	H8	45590.4546	H8	45590.4546	45590.4546
43087	TS	N+5%	-0.50	H1	escaped	O5	65253.5797	O5	65253.5797	65256.3795
43087	TS	N+5%	-0.50	H2	escaped	O1	49393.5138	O1	49393.5138	49398.5254
43087	TS	N+5%	-0.50	H3	escaped	H3	57675.7401	H3	57675.7401	57675.8286
43087	TS	N+5%	-0.50	H4	escaped	O5	52326.3456	O5	52326.3456	52330.4069
43087	TS	N+5%	-0.50	H5	escaped	O6	52991.0740	O6	52991.0740	52996.3099
43087	TS	N+5%	-0.50	H6	escaped	H6	65735.2005	H6	65735.2005	65735.7605
43087	TS	N+5%	-0.50	H7	escaped	H4	52980.2200	H4	52980.2200	52980.7800
43087	TS	N+5%	-0.50	H8	escaped	H8	59488.5153	H8	59488.5153	59488.5153
43087	TS	N+5%	-0.75	H1	escaped	O5	90623.3100	O5	90623.3100	90626.2368
43087	TS	N+5%	-0.75	H2	escaped	O1	75195.3069	O1	75195.3069	75199.6340
43087	TS	N+5%	-0.75	H3	escaped	H3	79694.7360	H3	79694.7360	79695.2332
43087	TS	N+5%	-0.75	H4	escaped	O5	79657.5519	O5	79657.5519	79662.4011
43087	TS	N+5%	-0.75	H5	escaped	O6	78694.8865	O6	78694.8865	78700.3035
43087	TS	N+5%	-0.75	H6	escaped	H6	68796.9600	H6	68796.9600	68797.1522
43087	TS	N+5%	-0.75	H7	escaped	H4	68740.2647	H4	68740.2647	68740.9235
43087	TS	N+5%	-0.75	H8	escaped	H8	77414.8766	H8	77414.8766	77414.8766
43087	TS	N+5%	-1.00	H1	escaped	O5	80259.7088	O5	80259.7088	80262.7111
43087	TS	N+5%	-1.00	H2	escaped	O1	79518.4605	O1	79518.4605	79522.3735
43087	TS	N+5%	-1.00	H3	escaped	H3	83314.4500	H3	83314.4500	83315.2303
43087	TS	N+5%	-1.00	H4	escaped	O5	88691.9588	O5	88691.9588	88697.1115
43087	TS	N+5%	-1.00	H5	escaped	O6	82023.5619	O6	82023.5619	82029.0138
43087	TS	N+5%	-1.00	H6	escaped	O2	73900.6144	O2	73900.6144	73900.7926
43087	TS	N+5%	-1.00	H7	escaped	H4	77019.8401	H4	77019.8401	77020.5499
43087	TS	N+5%	-1.00	H8	escaped	H8	77408.5758	H8	77408.5758	77408.5758
43087	TS	N+10%	+0.25	carbA	own	O1	3.0604	O1	3.0604	5.3968
43087	TS	N+10%	+0.25	carbB	own	O6	3.1307	H2	3.0308	8.8676
43087	TS	N+10%	+0.25	ether	migrated	O2	3.0967	O2	3.0967	6.7831
43087	TS	N+10%	+0.25	hydroxyl	migrated	O6	3.1056	O6	3.1056	5.8607
43087	TS	N+10%	+0.50	carbA	own	O1	2.9089	O1	2.9089	5.3913
43087	TS	N+10%	+0.50	carbB	own	O6	2.9888	H2	2.9786	8.7365
43087	TS	N+10%	+0.50	ether	migrated	O2	2.9184	O2	2.9184	6.4931
43087	TS	N+10%	+0.50	hydroxyl	migrated	O6	2.9888	H2	2.9786	8.7365
43087	TS	N+10%	+0.75	carbA	own	O1	2.8196	O1	2.8196	5.4123
43087	TS	N+10%	+0.75	carbB	own	O6	2.9046	O6	2.9046	8.6617
43087	TS	N+10%	+0.75	ether	migrated	O2	2.8161	O2	2.8161	6.3224
43087	TS	N+10%	+0.75	hydroxyl	migrated	O6	2.9046	O6	2.9046	8.6617
43087	TS	N+10%	+1.00	carbA	own	O1	2.7551	O1	2.7551	5.4783
43087	TS	N+10%	+1.00	carbB	own	O6	2.8445	O6	2.8445	8.6130
43087	TS	N+10%	+1.00	ether	migrated	O2	2.7449	O2	2.7449	6.2020
43087	TS	N+10%	+1.00	hydroxyl	migrated	O6	2.7459	O6	2.7459	6.0079
43087	TS	N+10%	-0.25	H1	escaped	O5	42718.5542	O5	42718.5542	42720.8672
43087	TS	N+10%	-0.25	H2	escaped	O1	43729.0087	O1	43729.0087	43734.8978
43087	TS	N+10%	-0.25	H3	escaped	H8	42410.6694	H8	42410.6694	42410.6694
43087	TS	N+10%	-0.25	H4	escaped	H4	46025.2144	H4	46025.2144	46027.3161
43087	TS	N+10%	-0.25	H5	escaped	O6	46038.2740	O6	46038.2740	46042.4600
43087	TS	N+10%	-0.25	H6	escaped	H6	37488.8128	H6	37488.8128	37489.5875
43087	TS	N+10%	-0.25	H7	escaped	H4	41172.8373	H4	41172.8373	41173.1226
43087	TS	N+10%	-0.25	H8	escaped	H8	38567.1853	H8	38567.1853	38567.1853
43087	TS	N+10%	-0.50	H1	escaped	O5	69510.2839	O5	69510.2839	69512.9521
43087	TS	N+10%	-0.50	H2	escaped	O1	49620.7944	O1	49620.7944	49625.8399
43087	TS	N+10%	-0.50	H3	escaped	H3	57681.5755	H3	57681.5755	57681.6506
43087	TS	N+10%	-0.50	H4	escaped	O5	52177.7331	O5	52177.7331	52181.6534
43087	TS	N+10%	-0.50	H5	escaped	O6	53303.2106	O6	53303.2106	53308.3461
43087	TS	N+10%	-0.50	H6	escaped	H6	65702.4842	H6	65702.4842	65702.9640
43087	TS	N+10%	-0.50	H7	escaped	H4	62392.1128	H4	62392.1128	62392.6522
43087	TS	N+10%	-0.50	H8	escaped	H8	60149.6257	H8	60149.6257	60149.6257
43087	TS	N+10%	-0.75	H1	escaped	O5	91784.4033	O5	91784.4033	91787.2101
43087	TS	N+10%	-0.75	H2	escaped	O1	75574.0184	O1	75574.0184	75578.3739
43087	TS	N+10%	-0.75	H3	escaped	H3	79696.9499	H3	79696.9499	79697.4402
43087	TS	N+10%	-0.75	H4	escaped	O5	79485.7497	O5	79485.7497	79490.5111
43087	TS	N+10%	-0.75	H5	escaped	O6	78892.2950	O6	78892.2950	78897.6322
43087	TS	N+10%	-0.75	H6	escaped	H6	68556.3028	H6	68556.3028	68556.3928
43087	TS	N+10%	-0.75	H7	escaped	H4	69440.9930	H4	69440.9930	69441.6374
43087	TS	N+10%	-0.75	H8	escaped	H8	77950.8157	H8	77950.8157	77950.8157
43087	TS	N+10%	-1.00	H1	escaped	O5	105608.2326	O5	105608.2326	105611.1200
43087	TS	N+10%	-1.00	H2	escaped	O1	79634.1893	O1	79634.1893	79638.1243
43087	TS	N+10%	-1.00	H3	escaped	H3	83357.6638	H3	83357.6638	83358.4416
43087	TS	N+10%	-1.00	H4	escaped	O5	88711.4377	O5	88711.4377	88716.5250
43087	TS	N+10%	-1.00	H5	escaped	O6	82195.9053	O6	82195.9053	82201.2918
43087	TS	N+10%	-1.00	H6	escaped	H8	73570.8528	H8	73570.8528	73570.8528
43087	TS	N+10%	-1.00	H7	escaped	H4	77831.5231	H4	77831.5231	77832.2225
43087	TS	N+10%	-1.00	H8	escaped	H8	77809.8626	H8	77809.8626	77809.8626
43087	TS	OPLS_sp3C	+0.25	carbA	own	O1	2.9228	O1	2.9228	5.3691
43087	TS	OPLS_sp3C	+0.25	carbB	own	O6	3.0011	H2	2.9718	8.7407
43087	TS	OPLS_sp3C	+0.25	ether	migrated	O2	2.9333	O2	2.9333	6.5168
43087	TS	OPLS_sp3C	+0.25	hydroxyl	migrated	O6	3.0011	H2	2.9718	8.7407
43087	TS	OPLS_sp3C	+0.50	carbA	own	O1	2.7713	O1	2.7713	5.4251
43087	TS	OPLS_sp3C	+0.50	carbB	own	O6	2.8589	O6	2.8589	8.6180
43087	TS	OPLS_sp3C	+0.50	ether	migrated	O2	2.7612	O2	2.7612	6.2295
43087	TS	OPLS_sp3C	+0.50	hydroxyl	migrated	O6	2.7636	O6	2.7636	5.9924
43087	TS	OPLS_sp3C	+0.75	carbA	own	O1	2.6752	O1	2.6752	5.7657
43087	TS	OPLS_sp3C	+0.75	carbB	own	O6	2.7743	O6	2.7743	8.5602
43087	TS	OPLS_sp3C	+0.75	ether	migrated	O2	2.6633	O2	2.6633	6.0626
43087	TS	OPLS_sp3C	+0.75	hydroxyl	migrated	O6	2.6641	O6	2.6641	6.0238
43087	TS	OPLS_sp3C	+1.00	carbA	own	O1	2.6091	O1	2.6091	6.0259
43087	TS	OPLS_sp3C	+1.00	carbB	own	O6	2.7119	O6	2.7119	8.5375
43087	TS	OPLS_sp3C	+1.00	ether	migrated	O2	2.5955	O2	2.5955	5.9458
43087	TS	OPLS_sp3C	+1.00	hydroxyl	migrated	O6	2.5950	O6	2.5950	6.0444
43087	TS	OPLS_sp3C	-0.25	H1	escaped	O5	48983.9644	O5	48983.9644	48986.7287
43087	TS	OPLS_sp3C	-0.25	H2	escaped	O1	43166.8199	O1	43166.8199	43172.6588
43087	TS	OPLS_sp3C	-0.25	H3	escaped	H8	42558.8177	H8	42558.8177	42558.8177
43087	TS	OPLS_sp3C	-0.25	H4	escaped	H4	45842.5621	H4	45842.5621	45844.8319
43087	TS	OPLS_sp3C	-0.25	H5	escaped	O6	45420.0868	O6	45420.0868	45424.4251
43087	TS	OPLS_sp3C	-0.25	H6	escaped	H6	36890.2300	H6	36890.2300	36891.0314
43087	TS	OPLS_sp3C	-0.25	H7	escaped	H4	38269.8466	H4	38269.8466	38270.3016
43087	TS	OPLS_sp3C	-0.25	H8	escaped	H8	45519.6080	H8	45519.6080	45519.6080
43087	TS	OPLS_sp3C	-0.50	H1	escaped	O5	60736.3545	O5	60736.3545	60739.3097
43087	TS	OPLS_sp3C	-0.50	H2	escaped	O1	49392.4033	O1	49392.4033	49397.3836
43087	TS	OPLS_sp3C	-0.50	H3	escaped	H3	57830.7416	H3	57830.7416	57830.8353
43087	TS	OPLS_sp3C	-0.50	H4	escaped	O5	52146.0938	O5	52146.0938	52150.1834
43087	TS	OPLS_sp3C	-0.50	H5	escaped	O6	52893.9726	O6	52893.9726	52899.2035
43087	TS	OPLS_sp3C	-0.50	H6	escaped	H6	65387.8885	H6	65387.8885	65388.3927
43087	TS	OPLS_sp3C	-0.50	H7	escaped	H4	68931.9709	H4	68931.9709	68932.6088
43087	TS	OPLS_sp3C	-0.50	H8	escaped	H8	57403.0115	H8	57403.0115	57403.0115
43087	TS	OPLS_sp3C	-0.75	H1	escaped	O5	90181.8908	O5	90181.8908	90184.9440
43087	TS	OPLS_sp3C	-0.75	H2	escaped	O1	75255.5240	O1	75255.5240	75259.8286
43087	TS	OPLS_sp3C	-0.75	H3	escaped	H3	79882.8973	H3	79882.8973	79883.3994
43087	TS	OPLS_sp3C	-0.75	H4	escaped	O5	79429.8859	O5	79429.8859	79434.7500
43087	TS	OPLS_sp3C	-0.75	H5	escaped	O6	79034.4472	O6	79034.4472	79039.8523
43087	TS	OPLS_sp3C	-0.75	H6	escaped	H6	68571.5569	H6	68571.5569	68571.6787
43087	TS	OPLS_sp3C	-0.75	H7	escaped	H4	70614.2338	H4	70614.2338	70614.9451
43087	TS	OPLS_sp3C	-0.75	H8	escaped	H8	75627.5626	H8	75627.5626	75627.5626
43087	TS	OPLS_sp3C	-1.00	H1	escaped	O5	105053.2074	O5	105053.2074	105056.3222
43087	TS	OPLS_sp3C	-1.00	H2	escaped	O1	79780.4893	O1	79780.4893	79784.3891
43087	TS	OPLS_sp3C	-1.00	H3	escaped	H3	83549.2885	H3	83549.2885	83550.0754
43087	TS	OPLS_sp3C	-1.00	H4	escaped	O5	88954.3031	O5	88954.3031	88959.4626
43087	TS	OPLS_sp3C	-1.00	H5	escaped	O6	82308.7400	O6	82308.7400	82314.1805
43087	TS	OPLS_sp3C	-1.00	H6	escaped	O2	73746.1599	O2	73746.1599	73746.2532
43087	TS	OPLS_sp3C	-1.00	H7	escaped	H4	99882.2449	H4	99882.2449	99882.9949
43087	TS	OPLS_sp3C	-1.00	H8	escaped	H8	76028.5046	H8	76028.5046	76028.5046
43087	TS	Behrens_3.55	+0.25	carbA	own	O1	2.9457	O1	2.9457	5.3834
43087	TS	Behrens_3.55	+0.25	carbB	own	O6	3.0232	H2	2.9862	8.7657
43087	TS	Behrens_3.55	+0.25	ether	migrated	O2	2.9608	O2	2.9608	6.5626
43087	TS	Behrens_3.55	+0.25	hydroxyl	migrated	O6	3.0232	H2	2.9862	8.7657
43087	TS	Behrens_3.55	+0.50	carbA	own	O1	2.7935	O1	2.7935	5.4214
43087	TS	Behrens_3.55	+0.50	carbB	own	O6	2.8800	O6	2.8800	8.6391
43087	TS	Behrens_3.55	+0.50	ether	migrated	O2	2.7865	O2	2.7865	6.2725
43087	TS	Behrens_3.55	+0.50	hydroxyl	migrated	O6	2.8800	O6	2.8800	8.6391
43087	TS	Behrens_3.55	+0.75	carbA	own	O1	2.6995	O1	2.6995	5.6561
43087	TS	Behrens_3.55	+0.75	carbB	own	O6	2.7952	O6	2.7952	8.5765
43087	TS	Behrens_3.55	+0.75	ether	migrated	O2	2.6875	O2	2.6875	6.1041
43087	TS	Behrens_3.55	+0.75	hydroxyl	migrated	O6	2.6881	O6	2.6881	6.0221
43087	TS	Behrens_3.55	+1.00	carbA	own	O1	2.6310	O1	2.6310	5.9759
43087	TS	Behrens_3.55	+1.00	carbB	own	O6	2.7334	O6	2.7334	8.5464
43087	TS	Behrens_3.55	+1.00	ether	migrated	O2	2.6188	O2	2.6188	5.9862
43087	TS	Behrens_3.55	+1.00	hydroxyl	migrated	O6	2.6184	O6	2.6184	6.0421
43087	TS	Behrens_3.55	-0.25	H1	escaped	O5	50896.4989	O5	50896.4989	50899.2145
43087	TS	Behrens_3.55	-0.25	H2	escaped	O1	43214.3303	O1	43214.3303	43220.1769
43087	TS	Behrens_3.55	-0.25	H3	escaped	H8	42574.5698	H8	42574.5698	42574.5698
43087	TS	Behrens_3.55	-0.25	H4	escaped	H4	45788.9132	H4	45788.9132	45791.1569
43087	TS	Behrens_3.55	-0.25	H5	escaped	O6	45470.1790	O6	45470.1790	45474.4943
43087	TS	Behrens_3.55	-0.25	H6	escaped	H6	36920.6562	H6	36920.6562	36921.4468
43087	TS	Behrens_3.55	-0.25	H7	escaped	H4	38414.4473	H4	38414.4473	38414.8957
43087	TS	Behrens_3.55	-0.25	H8	escaped	H8	45709.9143	H8	45709.9143	45709.9143
43087	TS	Behrens_3.55	-0.50	H1	escaped	O5	61977.6451	O5	61977.6451	61980.5607
43087	TS	Behrens_3.55	-0.50	H2	escaped	O1	49436.8347	O1	49436.8347	49441.8221
43087	TS	Behrens_3.55	-0.50	H3	escaped	H3	57830.0793	H3	57830.0793	57830.1698
43087	TS	Behrens_3.55	-0.50	H4	escaped	O5	52116.0315	O5	52116.0315	52120.0936
43087	TS	Behrens_3.55	-0.50	H5	escaped	O6	52955.8089	O6	52955.8089	52961.0196
43087	TS	Behrens_3.55	-0.50	H6	escaped	H6	65379.5479	H6	65379.5479	65380.0354
43087	TS	Behrens_3.55	-0.50	H7	escaped	H4	69264.4778	H4	69264.4778	69265.1132
43087	TS	Behrens_3.55	-0.50	H8	escaped	H8	57502.6541	H8	57502.6541	57502.6541
43087	TS	Behrens_3.55	-0.75	H1	escaped	O5	90256.0584	O5	90256.0584	90259.0748
43087	TS	Behrens_3.55	-0.75	H2	escaped	O1	75330.9642	O1	75330.9642	75335.2746
43087	TS	Behrens_3.55	-0.75	H3	escaped	H3	79880.6042	H3	79880.6042	79881.1047
43087	TS	Behrens_3.55	-0.75	H4	escaped	O5	79396.2168	O5	79396.2168	79401.0636
43087	TS	Behrens_3.55	-0.75	H5	escaped	O6	79076.5441	O6	79076.5441	79081.9330
43087	TS	Behrens_3.55	-0.75	H6	escaped	H6	68522.3776	H6	68522.3776	68522.4782
43087	TS	Behrens_3.55	-0.75	H7	escaped	H4	70160.6647	H4	70160.6647	70161.3751
43087	TS	Behrens_3.55	-0.75	H8	escaped	H8	75714.5857	H8	75714.5857	75714.5857
43087	TS	Behrens_3.55	-1.00	H1	escaped	O5	105774.5449	O5	105774.5449	105777.6249
43087	TS	Behrens_3.55	-1.00	H2	escaped	O1	79805.2553	O1	79805.2553	79809.1596
43087	TS	Behrens_3.55	-1.00	H3	escaped	H3	83556.4167	H3	83556.4167	83557.2029
43087	TS	Behrens_3.55	-1.00	H4	escaped	O5	88959.5953	O5	88959.5953	88964.7418
43087	TS	Behrens_3.55	-1.00	H5	escaped	O6	82345.5319	O6	82345.5319	82350.9591
43087	TS	Behrens_3.55	-1.00	H6	escaped	O2	73679.7016	O2	73679.7016	73679.7538
43087	TS	Behrens_3.55	-1.00	H7	escaped	H4	100288.9016	H4	100288.9016	100289.6512
43087	TS	Behrens_3.55	-1.00	H8	escaped	H8	76095.9754	H8	76095.9754	76095.9754
43738	R	N	+0.25	carbA	own	O1	2.9079	H6	2.8994	5.6011
43738	R	N	+0.25	carbB	own	O6	2.9042	H1	2.8734	8.2991
43738	R	N	+0.25	ether	migrated	O2	2.9071	O2	2.9071	5.6996
43738	R	N	+0.25	hydroxyl	migrated	O5	3.0015	O5	3.0015	5.3676
43738	R	N	+0.50	carbA	own	O1	2.7772	O1	2.7772	5.5600
43738	R	N	+0.50	carbB	own	O6	2.7705	O6	2.7705	8.1910
43738	R	N	+0.50	ether	migrated	O1	2.7772	O1	2.7772	5.5600
43738	R	N	+0.50	hydroxyl	migrated	O5	2.8047	O5	2.8047	5.4591
43738	R	N	+0.75	carbA	own	O1	2.6930	O1	2.6930	5.6629
43738	R	N	+0.75	carbB	own	O6	2.6995	O6	2.6995	8.1862
43738	R	N	+0.75	ether	migrated	O2	2.6549	O2	2.6549	5.3158
43738	R	N	+0.75	hydroxyl	migrated	O5	2.6966	O5	2.6966	5.4996
43738	R	N	+1.00	carbA	own	O1	2.6150	O1	2.6150	6.0390
43738	R	N	+1.00	carbB	own	O6	2.6231	O6	2.6231	8.5996
43738	R	N	+1.00	ether	migrated	O2	2.5900	O2	2.5900	5.2153
43738	R	N	+1.00	hydroxyl	migrated	O5	2.6223	O5	2.6223	5.5253
43738	R	N	-0.25	H1	escaped	O5	37184.9895	O5	37184.9895	37188.4896
43738	R	N	-0.25	H2	escaped	O1	45166.3495	O1	45166.3495	45172.3595
43738	R	N	-0.25	H3	escaped	H8	41152.6185	H8	41152.6185	41152.6185
43738	R	N	-0.25	H4	escaped	O5	47214.8350	O5	47214.8350	47217.2871
43738	R	N	-0.25	H5	escaped	O6	46257.6721	O6	46257.6721	46261.8515
43738	R	N	-0.25	H6	escaped	H6	37797.2539	H6	37797.2539	37798.2674
43738	R	N	-0.25	H7	escaped	H3	36639.0635	H3	36639.0635	36639.1607
43738	R	N	-0.25	H8	escaped	H8	42260.9628	H8	42260.9628	42260.9628
43738	R	N	-0.50	H1	escaped	O5	63284.0586	O5	63284.0586	63287.9021
43738	R	N	-0.50	H2	escaped	O1	52660.1206	O1	52660.1206	52665.2719
43738	R	N	-0.50	H3	escaped	H3	55635.6285	H3	55635.6285	55635.7012
43738	R	N	-0.50	H4	escaped	O5	53988.2645	O5	53988.2645	53992.2864
43738	R	N	-0.50	H5	escaped	O6	53882.4591	O6	53882.4591	53887.7873
43738	R	N	-0.50	H6	escaped	H6	51029.7425	H6	51029.7425	51030.6057
43738	R	N	-0.50	H7	escaped	H3	54175.1524	H3	54175.1524	54175.3976
43738	R	N	-0.50	H8	escaped	H8	56042.5656	H8	56042.5656	56042.5656
43738	R	N	-0.75	H1	escaped	O5	86883.1573	O5	86883.1573	86887.1156
43738	R	N	-0.75	H2	escaped	O1	79248.0889	O1	79248.0889	79252.6739
43738	R	N	-0.75	H3	escaped	H3	75805.5011	H3	75805.5011	75806.0313
43738	R	N	-0.75	H4	escaped	O5	82502.3960	O5	82502.3960	82506.9340
43738	R	N	-0.75	H5	escaped	O6	80900.7441	O6	80900.7441	80906.3324
43738	R	N	-0.75	H6	escaped	O2	71967.5091	O2	71967.5091	71968.3301
43738	R	N	-0.75	H7	escaped	H3	74609.5214	H3	74609.5214	74609.8412
43738	R	N	-0.75	H8	escaped	H8	74710.7802	H8	74710.7802	74710.7802
43738	R	N	-1.00	H1	escaped	O5	80093.4487	O5	80093.4487	80097.4664
43738	R	N	-1.00	H2	escaped	O1	82651.0808	O1	82651.0808	82655.3417
43738	R	N	-1.00	H3	escaped	H3	104533.9381	H3	104533.9381	104534.8886
43738	R	N	-1.00	H4	escaped	O5	86375.1704	O5	86375.1704	86379.9233
43738	R	N	-1.00	H5	escaped	O6	84487.3890	O6	84487.3890	84493.0498
43738	R	N	-1.00	H6	escaped	O2	77932.6661	O2	77932.6661	77933.9729
43738	R	N	-1.00	H7	escaped	H3	84741.8164	H3	84741.8164	84742.1500
43738	R	N	-1.00	H8	escaped	H8	75193.0059	H8	75193.0059	75193.0059
43738	R	N+5%	+0.25	carbA	own	O1	2.9799	H6	2.9522	5.6681
43738	R	N+5%	+0.25	carbB	own	O6	2.9805	H1	2.9388	8.3901
43738	R	N+5%	+0.25	ether	migrated	O2	2.9969	O2	2.9969	5.8407
43738	R	N+5%	+0.25	hydroxyl	migrated	O5	3.1162	O5	3.1162	5.3515
43738	R	N+5%	+0.50	carbA	own	O1	2.8454	O1	2.8454	5.6070
43738	R	N+5%	+0.50	carbB	own	O6	2.8417	O6	2.8417	8.2682
43738	R	N+5%	+0.50	ether	migrated	O1	2.8454	O1	2.8454	5.6070
43738	R	N+5%	+0.50	hydroxyl	migrated	O6	2.8417	O6	2.8417	8.2682
43738	R	N+5%	+0.75	carbA	own	O1	2.7653	O1	2.7653	5.5994
43738	R	N+5%	+0.75	carbB	own	O6	2.7633	O6	2.7633	8.2139
43738	R	N+5%	+0.75	ether	migrated	O1	2.7653	O1	2.7653	5.5994
43738	R	N+5%	+0.75	hydroxyl	migrated	O5	2.7873	O5	2.7873	5.4990
43738	R	N+5%	+1.00	carbA	own	O1	2.7015	O1	2.7015	5.7157
43738	R	N+5%	+1.00	carbB	own	O6	2.7113	O6	2.7113	8.2219
43738	R	N+5%	+1.00	ether	migrated	O2	2.6679	O2	2.6679	5.3413
43738	R	N+5%	+1.00	hydroxyl	migrated	O5	2.7092	O5	2.7092	5.5244
43738	R	N+5%	-0.25	H1	escaped	O5	41499.7314	O5	41499.7314	41502.9848
43738	R	N+5%	-0.25	H2	escaped	O1	45396.5637	O1	45396.5637	45402.5802
43738	R	N+5%	-0.25	H3	escaped	H8	41153.6536	H8	41153.6536	41153.6536
43738	R	N+5%	-0.25	H4	escaped	H4	47384.0875	H4	47384.0875	47386.4759
43738	R	N+5%	-0.25	H5	escaped	O6	46437.0077	O6	46437.0077	46441.1166
43738	R	N+5%	-0.25	H6	escaped	H6	37950.5830	H6	37950.5830	37951.5668
43738	R	N+5%	-0.25	H7	escaped	H4	38370.1918	H4	38370.1918	38370.3033
43738	R	N+5%	-0.25	H8	escaped	H8	42272.9760	H8	42272.9760	42272.9760
43738	R	N+5%	-0.50	H1	escaped	O5	61512.2679	O5	61512.2679	61515.9283
43738	R	N+5%	-0.50	H2	escaped	O1	52908.0674	O1	52908.0674	52913.2192
43738	R	N+5%	-0.50	H3	escaped	H3	55621.8693	H3	55621.8693	55621.9333
43738	R	N+5%	-0.50	H4	escaped	O5	54104.1444	O5	54104.1444	54108.1113
43738	R	N+5%	-0.50	H5	escaped	O6	54062.2470	O6	54062.2470	54067.5236
43738	R	N+5%	-0.50	H6	escaped	H6	50992.4542	H6	50992.4542	50993.2756
43738	R	N+5%	-0.50	H7	escaped	H4	55726.1944	H4	55726.1944	55726.4607
43738	R	N+5%	-0.50	H8	escaped	H8	56005.6364	H8	56005.6364	56005.6364
43738	R	N+5%	-0.75	H1	escaped	O5	73855.6846	O5	73855.6846	73859.5074
43738	R	N+5%	-0.75	H2	escaped	O1	79370.0879	O1	79370.0879	79374.6714
43738	R	N+5%	-0.75	H3	escaped	H3	75768.3112	H3	75768.3112	75768.8330
43738	R	N+5%	-0.75	H4	escaped	O5	82555.2851	O5	82555.2851	82559.7839
43738	R	N+5%	-0.75	H5	escaped	O6	81002.3338	O6	81002.3338	81007.8822
43738	R	N+5%	-0.75	H6	escaped	O2	71784.4458	O2	71784.4458	71785.1791
43738	R	N+5%	-0.75	H7	escaped	H4	76044.6350	H4	76044.6350	76044.9445
43738	R	N+5%	-0.75	H8	escaped	H8	74649.1665	H8	74649.1665	74649.1665
43738	R	N+5%	-1.00	H1	escaped	O5	79997.7505	O5	79997.7505	80001.6392
43738	R	N+5%	-1.00	H2	escaped	O1	82754.6292	O1	82754.6292	82758.8897
43738	R	N+5%	-1.00	H3	escaped	H3	104467.0457	H3	104467.0457	104467.9892
43738	R	N+5%	-1.00	H4	escaped	O5	86434.6975	O5	86434.6975	86439.4190
43738	R	N+5%	-1.00	H5	escaped	O6	84584.9258	O6	84584.9258	84590.5535
43738	R	N+5%	-1.00	H6	escaped	O2	77728.9955	O2	77728.9955	77730.2293
43738	R	N+5%	-1.00	H7	escaped	H4	88528.2822	H4	88528.2822	88528.6278
43738	R	N+5%	-1.00	H8	escaped	H8	75128.1065	H8	75128.1065	75128.1065
43738	R	N+10%	+0.25	carbA	own	O1	3.0524	H6	3.0089	5.7381
43738	R	N+10%	+0.25	carbB	own	O6	3.0568	H1	3.0063	8.4814
43738	R	N+10%	+0.25	ether	migrated	O2	3.0882	O2	3.0882	5.9854
43738	R	N+10%	+0.25	hydroxyl	migrated	O5	3.2436	O5	3.2436	5.3239
43738	R	N+10%	+0.50	carbA	own	O1	2.9139	O1	2.9139	5.6642
43738	R	N+10%	+0.50	carbB	own	O6	2.9136	O6	2.9136	8.3500
43738	R	N+10%	+0.50	ether	migrated	O2	2.9165	O2	2.9165	5.7323
43738	R	N+10%	+0.50	hydroxyl	migrated	O5	3.0035	O5	3.0035	5.4523
43738	R	N+10%	+0.75	carbA	own	O1	2.8324	O1	2.8324	5.6309
43738	R	N+10%	+0.75	carbB	own	O6	2.8308	O6	2.8308	8.2793
43738	R	N+10%	+0.75	ether	migrated	O1	2.8324	O1	2.8324	5.6309
43738	R	N+10%	+0.75	hydroxyl	migrated	O5	2.8810	O5	2.8810	5.4988
43738	R	N+10%	+1.00	carbA	own	O1	2.7737	O1	2.7737	5.6322
43738	R	N+10%	+1.00	carbB	own	O6	2.7743	O6	2.7743	8.2430
43738	R	N+10%	+1.00	ether	migrated	O1	2.7737	O1	2.7737	5.6322
43738	R	N+10%	+1.00	hydroxyl	migrated	O5	2.7984	O5	2.7984	5.5249
43738	R	N+10%	-0.25	H1	escaped	O5	41546.8887	O5	41546.8887	41549.8923
43738	R	N+10%	-0.25	H2	escaped	O1	45697.9558	O1	45697.9558	45703.9789
43738	R	N+10%	-0.25	H3	escaped	H8	41201.9025	H8	41201.9025	41201.9025
43738	R	N+10%	-0.25	H4	escaped	H4	47538.4803	H4	47538.4803	47540.7723
43738	R	N+10%	-0.25	H5	escaped	O6	46623.9589	O6	46623.9589	46627.9491
43738	R	N+10%	-0.25	H6	escaped	H6	38106.7668	H6	38106.7668	38107.6999
43738	R	N+10%	-0.25	H7	escaped	H4	39382.6813	H4	39382.6813	39382.8135
43738	R	N+10%	-0.25	H8	escaped	H8	42295.5448	H8	42295.5448	42295.5448
43738	R	N+10%	-0.50	H1	escaped	O5	60725.1700	O5	60725.1700	60728.6400
43738	R	N+10%	-0.50	H2	escaped	O1	53261.7887	O1	53261.7887	53266.9385
43738	R	N+10%	-0.50	H3	escaped	H3	55618.4566	H3	55618.4566	55618.5018
43738	R	N+10%	-0.50	H4	escaped	O5	54213.4110	O5	54213.4110	54217.2903
43738	R	N+10%	-0.50	H5	escaped	O6	54276.5439	O6	54276.5439	54281.7360
43738	R	N+10%	-0.50	H6	escaped	H6	50887.2561	H6	50887.2561	50888.0047
43738	R	N+10%	-0.50	H7	escaped	H4	54776.4056	H4	54776.4056	54776.6754
43738	R	N+10%	-0.50	H8	escaped	H8	55979.5087	H8	55979.5087	55979.5087
43738	R	N+10%	-0.75	H1	escaped	O5	73786.5310	O5	73786.5310	73790.1867
43738	R	N+10%	-0.75	H2	escaped	O1	79590.3619	O1	79590.3619	79594.9416
43738	R	N+10%	-0.75	H3	escaped	H3	75703.3246	H3	75703.3246	75703.8274
43738	R	N+10%	-0.75	H4	escaped	O5	82669.9869	O5	82669.9869	82674.4240
43738	R	N+10%	-0.75	H5	escaped	O6	81188.2937	O6	81188.2937	81193.7778
43738	R	N+10%	-0.75	H6	escaped	O2	71446.6684	O2	71446.6684	71447.2502
43738	R	N+10%	-0.75	H7	escaped	H4	74749.9881	H4	74749.9881	74750.3307
43738	R	N+10%	-0.75	H8	escaped	H8	74603.2815	H8	74603.2815	74603.2815
43738	R	N+10%	-1.00	H1	escaped	O5	99119.3671	O5	99119.3671	99123.1174
43738	R	N+10%	-1.00	H2	escaped	O1	82942.1428	O1	82942.1428	82946.4016
43738	R	N+10%	-1.00	H3	escaped	H3	104333.3206	H3	104333.3206	104334.2488
43738	R	N+10%	-1.00	H4	escaped	O5	86558.0049	O5	86558.0049	86562.6774
43738	R	N+10%	-1.00	H5	escaped	O6	84762.4414	O6	84762.4414	84768.0167
43738	R	N+10%	-1.00	H6	escaped	O2	77363.3093	O2	77363.3093	77364.4164
43738	R	N+10%	-1.00	H7	escaped	H4	90299.0644	H4	90299.0644	90299.4381
43738	R	N+10%	-1.00	H8	escaped	H8	75079.5712	H8	75079.5712	75079.5712
43738	R	OPLS_sp3C	+0.25	carbA	own	O1	2.9258	O1	2.9258	5.6578
43738	R	OPLS_sp3C	+0.25	carbB	own	O6	2.9252	O6	2.9252	8.3518
43738	R	OPLS_sp3C	+0.25	ether	migrated	O2	2.9307	O2	2.9307	5.7490
43738	R	OPLS_sp3C	+0.25	hydroxyl	migrated	O5	3.0237	O5	3.0237	5.4248
43738	R	OPLS_sp3C	+0.50	carbA	own	O1	2.7879	O1	2.7879	5.6131
43738	R	OPLS_sp3C	+0.50	carbB	own	O6	2.7863	O6	2.7863	8.2389
43738	R	OPLS_sp3C	+0.50	ether	migrated	O1	2.7879	O1	2.7879	5.6131
43738	R	OPLS_sp3C	+0.50	hydroxyl	migrated	O5	2.8182	O5	2.8182	5.5053
43738	R	OPLS_sp3C	+0.75	carbA	own	O1	2.6967	O1	2.6967	5.7816
43738	R	OPLS_sp3C	+0.75	carbB	own	O6	2.7107	O6	2.7107	8.2473
43738	R	OPLS_sp3C	+0.75	ether	migrated	O2	2.6666	O2	2.6666	5.3422
43738	R	OPLS_sp3C	+0.75	hydroxyl	migrated	O5	2.7065	O5	2.7065	5.5394
43738	R	OPLS_sp3C	+1.00	carbA	own	O1	2.6231	O1	2.6231	6.0583
43738	R	OPLS_sp3C	+1.00	carbB	own	O6	2.6322	O6	2.6322	8.6022
43738	R	OPLS_sp3C	+1.00	ether	migrated	O2	2.5996	O2	2.5996	5.2377
43738	R	OPLS_sp3C	+1.00	hydroxyl	migrated	O5	2.6304	O5	2.6304	5.5609
43738	R	OPLS_sp3C	-0.25	H1	escaped	O5	48957.7669	O5	48957.7669	48961.2854
43738	R	OPLS_sp3C	-0.25	H2	escaped	O1	45149.9001	O1	45149.9001	45155.8987
43738	R	OPLS_sp3C	-0.25	H3	escaped	H8	41460.5809	H8	41460.5809	41460.5809
43738	R	OPLS_sp3C	-0.25	H4	escaped	O5	46914.2245	O5	46914.2245	46916.6562
43738	R	OPLS_sp3C	-0.25	H5	escaped	O6	46064.7833	O6	46064.7833	46068.9365
43738	R	OPLS_sp3C	-0.25	H6	escaped	H6	37466.8186	H6	37466.8186	37467.7833
43738	R	OPLS_sp3C	-0.25	H7	escaped	H3	36039.3508	H3	36039.3508	36039.4985
43738	R	OPLS_sp3C	-0.25	H8	escaped	H8	42299.4255	H8	42299.4255	42299.4255
43738	R	OPLS_sp3C	-0.50	H1	escaped	O5	62918.9934	O5	62918.9934	62922.8078
43738	R	OPLS_sp3C	-0.50	H2	escaped	O1	52861.7655	O1	52861.7655	52866.8929
43738	R	OPLS_sp3C	-0.50	H3	escaped	H3	55745.9438	H3	55745.9438	55745.9764
43738	R	OPLS_sp3C	-0.50	H4	escaped	O5	53902.5763	O5	53902.5763	53906.5674
43738	R	OPLS_sp3C	-0.50	H5	escaped	O6	53904.7268	O6	53904.7268	53910.0064
43738	R	OPLS_sp3C	-0.50	H6	escaped	H6	50676.3533	H6	50676.3533	50677.1317
43738	R	OPLS_sp3C	-0.50	H7	escaped	H3	51052.6322	H3	51052.6322	51052.9040
43738	R	OPLS_sp3C	-0.50	H8	escaped	H8	56206.3265	H8	56206.3265	56206.3265
43738	R	OPLS_sp3C	-0.75	H1	escaped	O5	85801.2172	O5	85801.2172	85805.1409
43738	R	OPLS_sp3C	-0.75	H2	escaped	O1	79680.9521	O1	79680.9521	79685.5215
43738	R	OPLS_sp3C	-0.75	H3	escaped	H3	75728.6129	H3	75728.6129	75729.0978
43738	R	OPLS_sp3C	-0.75	H4	escaped	O5	82826.3198	O5	82826.3198	82830.8272
43738	R	OPLS_sp3C	-0.75	H5	escaped	O6	81320.7186	O6	81320.7186	81326.2609
43738	R	OPLS_sp3C	-0.75	H6	escaped	O2	71494.2762	O2	71494.2762	71494.9629
43738	R	OPLS_sp3C	-0.75	H7	escaped	H3	74019.6347	H3	74019.6347	74019.9740
43738	R	OPLS_sp3C	-0.75	H8	escaped	H8	74966.8591	H8	74966.8591	74966.8591
43738	R	OPLS_sp3C	-1.00	H1	escaped	O5	81660.0707	O5	81660.0707	81664.0526
43738	R	OPLS_sp3C	-1.00	H2	escaped	O1	83012.4090	O1	83012.4090	83016.6595
43738	R	OPLS_sp3C	-1.00	H3	escaped	H3	104277.0455	H3	104277.0455	104277.9599
43738	R	OPLS_sp3C	-1.00	H4	escaped	O5	86730.6320	O5	86730.6320	86735.3577
43738	R	OPLS_sp3C	-1.00	H5	escaped	O6	84859.0532	O6	84859.0532	84864.6744
43738	R	OPLS_sp3C	-1.00	H6	escaped	O2	77515.2342	O2	77515.2342	77516.4247
43738	R	OPLS_sp3C	-1.00	H7	escaped	H3	84452.8526	H3	84452.8526	84453.2010
43738	R	OPLS_sp3C	-1.00	H8	escaped	H8	75460.2606	H8	75460.2606	75460.2606
43738	R	Behrens_3.55	+0.25	carbA	own	O1	2.9473	O1	2.9473	5.6774
43738	R	Behrens_3.55	+0.25	carbB	own	O6	2.9478	H1	2.9472	8.3783
43738	R	Behrens_3.55	+0.25	ether	migrated	O2	2.9576	O2	2.9576	5.7926
43738	R	Behrens_3.55	+0.25	hydroxyl	migrated	O5	3.0571	O5	3.0571	5.4219
43738	R	Behrens_3.55	+0.50	carbA	own	O1	2.8085	O1	2.8085	5.6224
43738	R	Behrens_3.55	+0.50	carbB	own	O6	2.8069	O6	2.8069	8.2587
43738	R	Behrens_3.55	+0.50	ether	migrated	O1	2.8085	O1	2.8085	5.6224
43738	R	Behrens_3.55	+0.50	hydroxyl	migrated	O5	2.8468	O5	2.8468	5.5053
43738	R	Behrens_3.55	+0.75	carbA	own	O1	2.7221	O1	2.7221	5.6985
43738	R	Behrens_3.55	+0.75	carbB	own	O6	2.7297	O6	2.7297	8.2373
43738	R	Behrens_3.55	+0.75	ether	migrated	O2	2.6904	O2	2.6904	5.3812
43738	R	Behrens_3.55	+0.75	hydroxyl	migrated	O5	2.7334	O5	2.7334	5.5395
43738	R	Behrens_3.55	+1.00	carbA	own	O1	2.6463	O1	2.6463	6.0080
43738	R	Behrens_3.55	+1.00	carbB	own	O6	2.6609	O6	2.6609	8.5123
43738	R	Behrens_3.55	+1.00	ether	migrated	O2	2.6228	O2	2.6228	5.2754
43738	R	Behrens_3.55	+1.00	hydroxyl	migrated	O5	2.6561	O5	2.6561	5.5607
43738	R	Behrens_3.55	-0.25	H1	escaped	O5	38101.0351	O5	38101.0351	38104.4926
43738	R	Behrens_3.55	-0.25	H2	escaped	O1	45207.6675	O1	45207.6675	45213.6674
43738	R	Behrens_3.55	-0.25	H3	escaped	H8	41471.0789	H8	41471.0789	41471.0789
43738	R	Behrens_3.55	-0.25	H4	escaped	O5	46940.7706	O5	46940.7706	46943.1755
43738	R	Behrens_3.55	-0.25	H5	escaped	O6	46099.8593	O6	46099.8593	46103.9895
43738	R	Behrens_3.55	-0.25	H6	escaped	H6	37493.9173	H6	37493.9173	37494.8715
43738	R	Behrens_3.55	-0.25	H7	escaped	H3	36504.1037	H3	36504.1037	36504.2351
43738	R	Behrens_3.55	-0.25	H8	escaped	H8	42298.5441	H8	42298.5441	42298.5441
43738	R	Behrens_3.55	-0.50	H1	escaped	O5	62391.1292	O5	62391.1292	62394.8940
43738	R	Behrens_3.55	-0.50	H2	escaped	O1	52932.4608	O1	52932.4608	52937.5877
43738	R	Behrens_3.55	-0.50	H3	escaped	H3	55745.2655	H3	55745.2655	55745.2936
43738	R	Behrens_3.55	-0.50	H4	escaped	O5	53923.6370	O5	53923.6370	53927.6107
43738	R	Behrens_3.55	-0.50	H5	escaped	O6	53948.0368	O6	53948.0368	53953.2996
43738	R	Behrens_3.55	-0.50	H6	escaped	H6	50653.3101	H6	50653.3101	50654.0734
43738	R	Behrens_3.55	-0.50	H7	escaped	H3	53069.1228	H3	53069.1228	53069.3972
43738	R	Behrens_3.55	-0.50	H8	escaped	H8	56199.7002	H8	56199.7002	56199.7002
43738	R	Behrens_3.55	-0.75	H1	escaped	O5	84322.2688	O5	84322.2688	84326.1556
43738	R	Behrens_3.55	-0.75	H2	escaped	O1	79727.8116	O1	79727.8116	79732.3802
43738	R	Behrens_3.55	-0.75	H3	escaped	H3	75713.6754	H3	75713.6754	75714.1558
43738	R	Behrens_3.55	-0.75	H4	escaped	O5	82887.0750	O5	82887.0750	82891.5699
43738	R	Behrens_3.55	-0.75	H5	escaped	O6	81360.7827	O6	81360.7827	81366.3121
43738	R	Behrens_3.55	-0.75	H6	escaped	O2	71425.2155	O2	71425.2155	71425.8712
43738	R	Behrens_3.55	-0.75	H7	escaped	H3	73985.2306	H3	73985.2306	73985.5685
43738	R	Behrens_3.55	-0.75	H8	escaped	H8	74957.0785	H8	74957.0785	74957.0785
43738	R	Behrens_3.55	-1.00	H1	escaped	O5	82716.0764	O5	82716.0764	82720.0222
43738	R	Behrens_3.55	-1.00	H2	escaped	O1	83052.3536	O1	83052.3536	83056.6037
43738	R	Behrens_3.55	-1.00	H3	escaped	H3	104245.6118	H3	104245.6118	104246.5227
43738	R	Behrens_3.55	-1.00	H4	escaped	O5	86757.3905	O5	86757.3905	86762.1064
43738	R	Behrens_3.55	-1.00	H5	escaped	O6	84897.0993	O6	84897.0993	84902.7098
43738	R	Behrens_3.55	-1.00	H6	escaped	O2	77441.4797	O2	77441.4797	77442.6442
43738	R	Behrens_3.55	-1.00	H7	escaped	H3	85807.9146	H3	85807.9146	85808.2647
43738	R	Behrens_3.55	-1.00	H8	escaped	H8	75450.4667	H8	75450.4667	75450.4667
43738	TS	N	+0.25	carbA	own	O1	2.8878	H6	2.8627	5.8358
43738	TS	N	+0.25	carbB	own	O6	2.9584	O6	2.9584	8.6472
43738	TS	N	+0.25	ether	migrated	O2	2.9288	O2	2.9288	6.2692
43738	TS	N	+0.25	hydroxyl	migrated	O6	2.9584	O6	2.9584	8.6472
43738	TS	N	+0.50	carbA	own	O1	2.7727	O1	2.7727	5.7304
43738	TS	N	+0.50	carbB	own	O6	2.8177	O6	2.8177	8.5657
43738	TS	N	+0.50	ether	migrated	O2	2.7590	O2	2.7590	5.9779
43738	TS	N	+0.50	hydroxyl	migrated	O6	2.8177	O6	2.8177	8.5657
43738	TS	N	+0.75	carbA	own	O1	2.7001	O1	2.7001	5.6993
43738	TS	N	+0.75	carbB	own	O6	2.7086	O6	2.7086	8.7723
43738	TS	N	+0.75	ether	migrated	O2	2.6621	O2	2.6621	5.8046
43738	TS	N	+0.75	hydroxyl	migrated	O6	2.7086	O6	2.7086	8.7723
43738	TS	N	+1.00	carbA	own	O1	2.6446	O1	2.6446	5.7190
43738	TS	N	+1.00	carbB	own	O6	2.6172	O6	2.6172	8.9465
43738	TS	N	+1.00	ether	migrated	O1	2.6446	O1	2.6446	5.7190
43738	TS	N	+1.00	hydroxyl	migrated	O6	2.6172	O6	2.6172	8.9465
43738	TS	N	-0.25	H1	escaped	O5	35655.8809	O5	35655.8809	35660.1070
43738	TS	N	-0.25	H2	escaped	O1	43193.7097	O1	43193.7097	43199.7509
43738	TS	N	-0.25	H3	escaped	H8	42070.9072	H8	42070.9072	42070.9072
43738	TS	N	-0.25	H4	escaped	H4	46690.6184	H4	46690.6184	46693.0338
43738	TS	N	-0.25	H5	escaped	O6	45583.4379	O6	45583.4379	45587.7261
43738	TS	N	-0.25	H6	escaped	H6	37359.9882	H6	37359.9882	37360.6041
43738	TS	N	-0.25	H7	escaped	H8	43791.8726	H8	43791.8726	43791.8726
43738	TS	N	-0.25	H8	escaped	H8	46173.5583	H8	46173.5583	46173.5583
43738	TS	N	-0.50	H1	escaped	O5	57516.0187	O5	57516.0187	57520.4368
43738	TS	N	-0.50	H2	escaped	O1	49228.4977	O1	49228.4977	49233.8687
43738	TS	N	-0.50	H3	escaped	H3	57206.3421	H3	57206.3421	57206.6035
43738	TS	N	-0.50	H4	escaped	O5	53323.5313	O5	53323.5313	53327.5814
43738	TS	N	-0.50	H5	escaped	O6	53316.6418	O6	53316.6418	53321.7894
43738	TS	N	-0.50	H6	escaped	H6	50100.0174	H6	50100.0174	50100.2913
43738	TS	N	-0.50	H7	escaped	H8	55740.6008	H8	55740.6008	55740.6008
43738	TS	N	-0.50	H8	escaped	H8	57689.4785	H8	57689.4785	57689.4785
43738	TS	N	-0.75	H1	escaped	O5	85624.8935	O5	85624.8935	85629.2877
43738	TS	N	-0.75	H2	escaped	O1	74802.0040	O1	74802.0040	74806.7877
43738	TS	N	-0.75	H3	escaped	H3	78821.4189	H3	78821.4189	78822.0948
43738	TS	N	-0.75	H4	escaped	O5	81601.3758	O5	81601.3758	81606.0281
43738	TS	N	-0.75	H5	escaped	O6	79108.7985	O6	79108.7985	79114.0991
43738	TS	N	-0.75	H6	escaped	H8	70115.9628	H8	70115.9628	70115.9628
43738	TS	N	-0.75	H7	escaped	H8	63268.2637	H8	63268.2637	63268.2637
43738	TS	N	-0.75	H8	escaped	H8	75575.9129	H8	75575.9129	75575.9129
43738	TS	N	-1.00	H1	escaped	O5	89745.3604	O5	89745.3604	89749.7233
43738	TS	N	-1.00	H2	escaped	O1	78468.7991	O1	78468.7991	78473.2127
43738	TS	N	-1.00	H3	escaped	H3	82552.5721	H3	82552.5721	82553.5583
43738	TS	N	-1.00	H4	escaped	O5	88361.1921	O5	88361.1921	88366.0831
43738	TS	N	-1.00	H5	escaped	O6	82429.3251	O6	82429.3251	82434.6513
43738	TS	N	-1.00	H6	escaped	O2	75727.9869	O2	75727.9869	75728.0017
43738	TS	N	-1.00	H7	escaped	H8	79142.2664	H8	79142.2664	79142.2664
43738	TS	N	-1.00	H8	escaped	H8	100391.6284	H8	100391.6284	100391.6284
43738	TS	N+5%	+0.25	carbA	own	O1	3.0074	H2	2.7054	7.2629
43738	TS	N+5%	+0.25	carbB	own	O6	3.0339	O6	3.0339	8.7295
43738	TS	N+5%	+0.25	ether	migrated	O2	3.0284	O2	3.0284	6.4575
43738	TS	N+5%	+0.25	hydroxyl	migrated	O6	3.0977	O6	3.0977	5.6174
43738	TS	N+5%	+0.50	carbA	own	O1	2.8375	O1	2.8375	5.7950
43738	TS	N+5%	+0.50	carbB	own	O6	2.8901	O6	2.8901	8.6247
43738	TS	N+5%	+0.50	ether	migrated	O2	2.8480	O2	2.8480	6.1485
43738	TS	N+5%	+0.50	hydroxyl	migrated	O6	2.8859	O6	2.8859	5.7709
43738	TS	N+5%	+0.75	carbA	own	O1	2.7637	O1	2.7637	5.7447
43738	TS	N+5%	+0.75	carbB	own	O6	2.8044	O6	2.8044	8.5923
43738	TS	N+5%	+0.75	ether	migrated	O2	2.7461	O2	2.7461	5.9650
43738	TS	N+5%	+0.75	hydroxyl	migrated	O6	2.7735	O6	2.7735	5.8358
43738	TS	N+5%	+1.00	carbA	own	O1	2.7099	O1	2.7099	5.7255
43738	TS	N+5%	+1.00	carbB	own	O6	2.7261	O6	2.7261	8.7367
43738	TS	N+5%	+1.00	ether	migrated	O2	2.6756	O2	2.6756	5.8367
43738	TS	N+5%	+1.00	hydroxyl	migrated	O6	2.7261	O6	2.7261	8.7367
43738	TS	N+5%	-0.25	H1	escaped	O5	35507.7079	O5	35507.7079	35511.9082
43738	TS	N+5%	-0.25	H2	escaped	O1	43451.5052	O1	43451.5052	43457.5753
43738	TS	N+5%	-0.25	H3	escaped	H8	42092.7765	H8	42092.7765	42092.7765
43738	TS	N+5%	-0.25	H4	escaped	H4	46798.9319	H4	46798.9319	46801.2645
43738	TS	N+5%	-0.25	H5	escaped	O6	45843.6872	O6	45843.6872	45847.9092
43738	TS	N+5%	-0.25	H6	escaped	H6	37521.9154	H6	37521.9154	37522.5001
43738	TS	N+5%	-0.25	H7	escaped	H8	44919.8963	H8	44919.8963	44919.8963
43738	TS	N+5%	-0.25	H8	escaped	H8	45927.9563	H8	45927.9563	45927.9563
43738	TS	N+5%	-0.50	H1	escaped	O5	59042.6543	O5	59042.6543	59047.0255
43738	TS	N+5%	-0.50	H2	escaped	O1	49451.1885	O1	49451.1885	49456.5851
43738	TS	N+5%	-0.50	H3	escaped	H3	57191.4551	H3	57191.4551	57191.7062
43738	TS	N+5%	-0.50	H4	escaped	O5	70654.9701	O5	70654.9701	70658.9410
43738	TS	N+5%	-0.50	H5	escaped	O6	53602.9669	O6	53602.9669	53608.0544
43738	TS	N+5%	-0.50	H6	escaped	H6	50129.0598	H6	50129.0598	50129.2866
43738	TS	N+5%	-0.50	H7	escaped	H8	62671.1291	H8	62671.1291	62671.1291
43738	TS	N+5%	-0.50	H8	escaped	H8	58235.2152	H8	58235.2152	58235.2152
43738	TS	N+5%	-0.75	H1	escaped	O5	86496.4047	O5	86496.4047	86500.7640
43738	TS	N+5%	-0.75	H2	escaped	O1	74882.9074	O1	74882.9074	74887.7112
43738	TS	N+5%	-0.75	H3	escaped	H3	78785.8645	H3	78785.8645	78786.5331
43738	TS	N+5%	-0.75	H4	escaped	O5	81664.2614	O5	81664.2614	81668.8588
43738	TS	N+5%	-0.75	H5	escaped	O6	79237.0437	O6	79237.0437	79242.2959
43738	TS	N+5%	-0.75	H6	escaped	H8	70052.5848	H8	70052.5848	70052.5848
43738	TS	N+5%	-0.75	H7	escaped	H8	68445.1925	H8	68445.1925	68445.1925
43738	TS	N+5%	-0.75	H8	escaped	H8	76036.1987	H8	76036.1987	76036.1987
43738	TS	N+5%	-1.00	H1	escaped	O5	90256.2268	O5	90256.2268	90260.5628
43738	TS	N+5%	-1.00	H2	escaped	O1	78522.8002	O1	78522.8002	78527.2319
43738	TS	N+5%	-1.00	H3	escaped	H3	82530.1016	H3	82530.1016	82531.0832
43738	TS	N+5%	-1.00	H4	escaped	O5	88385.2769	O5	88385.2769	88390.1252
43738	TS	N+5%	-1.00	H5	escaped	O6	82541.0472	O6	82541.0472	82546.3333
43738	TS	N+5%	-1.00	H6	escaped	H8	75638.1652	H8	75638.1652	75638.1652
43738	TS	N+5%	-1.00	H7	escaped	H8	82872.9945	H8	82872.9945	82872.9945
43738	TS	N+5%	-1.00	H8	escaped	H8	100857.1231	H8	100857.1231	100857.1231
43738	TS	N+10%	+0.25	carbA	own	O1	3.1012	H2	2.7670	7.3714
43738	TS	N+10%	+0.25	carbB	own	O6	3.1097	H2	3.1015	8.8138
43738	TS	N+10%	+0.25	ether	migrated	O2	3.1369	O2	3.1369	6.6784
43738	TS	N+10%	+0.25	hydroxyl	migrated	O6	3.2056	O6	3.2056	5.5805
43738	TS	N+10%	+0.50	carbA	own	O1	2.9025	O1	2.9025	5.8665
43738	TS	N+10%	+0.50	carbB	own	O6	2.9625	O6	2.9625	8.6951
43738	TS	N+10%	+0.50	ether	migrated	O1	2.9025	O1	2.9025	5.8665
43738	TS	N+10%	+0.50	hydroxyl	migrated	O6	2.9802	O6	2.9802	5.7479
43738	TS	N+10%	+0.75	carbA	own	O1	2.8273	O1	2.8273	5.8026
43738	TS	N+10%	+0.75	carbB	own	O6	2.8755	O6	2.8755	8.6368
43738	TS	N+10%	+0.75	ether	migrated	O2	2.8326	O2	2.8326	6.1358
43738	TS	N+10%	+0.75	hydroxyl	migrated	O6	2.8755	O6	2.8755	8.6368
43738	TS	N+10%	+1.00	carbA	own	O1	2.7728	O1	2.7728	5.7676
43738	TS	N+10%	+1.00	carbB	own	O6	2.8130	O6	2.8130	8.6172
43738	TS	N+10%	+1.00	ether	migrated	O1	2.7728	O1	2.7728	5.7676
43738	TS	N+10%	+1.00	hydroxyl	migrated	O6	2.8130	O6	2.8130	8.6172
43738	TS	N+10%	-0.25	H1	escaped	O5	44098.8998	O5	44098.8998	44103.0379
43738	TS	N+10%	-0.25	H2	escaped	O1	43796.5870	O1	43796.5870	43802.6962
43738	TS	N+10%	-0.25	H3	escaped	H8	42159.7410	H8	42159.7410	42159.7410
43738	TS	N+10%	-0.25	H4	escaped	H4	46831.3055	H4	46831.3055	46833.5059
43738	TS	N+10%	-0.25	H5	escaped	O6	46163.5002	O6	46163.5002	46167.6129
43738	TS	N+10%	-0.25	H6	escaped	H6	37703.2792	H6	37703.2792	37703.8115
43738	TS	N+10%	-0.25	H7	escaped	H8	35724.9390	H8	35724.9390	35724.9390
43738	TS	N+10%	-0.25	H8	escaped	H8	45685.7502	H8	45685.7502	45685.7502
43738	TS	N+10%	-0.50	H1	escaped	O5	59746.9890	O5	59746.9890	59751.2893
43738	TS	N+10%	-0.50	H2	escaped	O1	49786.7684	O1	49786.7684	49792.1971
43738	TS	N+10%	-0.50	H3	escaped	H3	57177.9119	H3	57177.9119	57178.1427
43738	TS	N+10%	-0.50	H4	escaped	O5	70598.8770	O5	70598.8770	70602.7205
43738	TS	N+10%	-0.50	H5	escaped	O6	53993.8768	O6	53993.8768	53998.8681
43738	TS	N+10%	-0.50	H6	escaped	H6	50149.9347	H6	50149.9347	50150.0814
43738	TS	N+10%	-0.50	H7	escaped	H8	53489.7726	H8	53489.7726	53489.7726
43738	TS	N+10%	-0.50	H8	escaped	H8	58792.0703	H8	58792.0703	58792.0703
43738	TS	N+10%	-0.75	H1	escaped	O5	87823.9951	O5	87823.9951	87828.3023
43738	TS	N+10%	-0.75	H2	escaped	O1	75052.4242	O1	75052.4242	75057.2541
43738	TS	N+10%	-0.75	H3	escaped	H3	78728.0789	H3	78728.0789	78728.7325
43738	TS	N+10%	-0.75	H4	escaped	O5	81673.5415	O5	81673.5415	81678.0524
43738	TS	N+10%	-0.75	H5	escaped	O6	79468.8335	O6	79468.8335	79474.0095
43738	TS	N+10%	-0.75	H6	escaped	H8	69949.8866	H8	69949.8866	69949.8866
43738	TS	N+10%	-0.75	H7	escaped	H8	75234.6333	H8	75234.6333	75234.6333
43738	TS	N+10%	-0.75	H8	escaped	H8	76495.2020	H8	76495.2020	76495.2020
43738	TS	N+10%	-1.00	H1	escaped	O5	90904.6491	O5	90904.6491	90908.9448
43738	TS	N+10%	-1.00	H2	escaped	O1	78641.4252	O1	78641.4252	78645.8810
43738	TS	N+10%	-1.00	H3	escaped	H3	82496.1048	H3	82496.1048	82497.0773
43738	TS	N+10%	-1.00	H4	escaped	O5	88453.0193	O5	88453.0193	88457.8012
43738	TS	N+10%	-1.00	H5	escaped	O6	82744.2512	O6	82744.2512	82749.4749
43738	TS	N+10%	-1.00	H6	escaped	H8	75502.0955	H8	75502.0955	75502.0955
43738	TS	N+10%	-1.00	H7	escaped	H8	85531.2483	H8	85531.2483	85531.2483
43738	TS	N+10%	-1.00	H8	escaped	H8	101315.5803	H8	101315.5803	101315.5803
43738	TS	OPLS_sp3C	+0.25	carbA	own	O1	2.9116	O1	2.9116	5.8710
43738	TS	OPLS_sp3C	+0.25	carbB	own	O6	2.9756	O6	2.9756	8.6960
43738	TS	OPLS_sp3C	+0.25	ether	migrated	O2	2.9560	O2	2.9560	6.3503
43738	TS	OPLS_sp3C	+0.25	hydroxyl	migrated	O6	3.0023	O6	3.0023	5.7156
43738	TS	OPLS_sp3C	+0.50	carbA	own	O1	2.7853	O1	2.7853	5.7668
43738	TS	OPLS_sp3C	+0.50	carbB	own	O6	2.8283	O6	2.8283	8.6083
43738	TS	OPLS_sp3C	+0.50	ether	migrated	O2	2.7751	O2	2.7751	6.0239
43738	TS	OPLS_sp3C	+0.50	hydroxyl	migrated	O6	2.8283	O6	2.8283	8.6083
43738	TS	OPLS_sp3C	+0.75	carbA	own	O1	2.7082	O1	2.7082	5.7375
43738	TS	OPLS_sp3C	+0.75	carbB	own	O6	2.7145	O6	2.7145	8.8182
43738	TS	OPLS_sp3C	+0.75	ether	migrated	O2	2.6743	O2	2.6743	5.8383
43738	TS	OPLS_sp3C	+0.75	hydroxyl	migrated	O6	2.7145	O6	2.7145	8.8182
43738	TS	OPLS_sp3C	+1.00	carbA	own	O1	2.6495	O1	2.6495	5.7664
43738	TS	OPLS_sp3C	+1.00	carbB	own	O6	2.6266	O6	2.6266	8.9530
43738	TS	OPLS_sp3C	+1.00	ether	migrated	O1	2.6495	O1	2.6495	5.7664
43738	TS	OPLS_sp3C	+1.00	hydroxyl	migrated	O6	2.6191	O6	2.6191	5.9247
43738	TS	OPLS_sp3C	-0.25	H1	escaped	O5	35457.8638	O5	35457.8638	35462.0650
43738	TS	OPLS_sp3C	-0.25	H2	escaped	O1	43138.9290	O1	43138.9290	43144.9890
43738	TS	OPLS_sp3C	-0.25	H3	escaped	H8	42350.7739	H8	42350.7739	42350.7739
43738	TS	OPLS_sp3C	-0.25	H4	escaped	H4	46355.0834	H4	46355.0834	46357.4494
43738	TS	OPLS_sp3C	-0.25	H5	escaped	O6	45483.2975	O6	45483.2975	45487.5551
43738	TS	OPLS_sp3C	-0.25	H6	escaped	H6	37090.8633	H6	37090.8633	37091.4219
43738	TS	OPLS_sp3C	-0.25	H7	escaped	H8	40360.5817	H8	40360.5817	40360.5817
43738	TS	OPLS_sp3C	-0.25	H8	escaped	H8	44444.7676	H8	44444.7676	44444.7676
43738	TS	OPLS_sp3C	-0.50	H1	escaped	O5	57894.4591	O5	57894.4591	57898.8214
43738	TS	OPLS_sp3C	-0.50	H2	escaped	O1	49458.4202	O1	49458.4202	49463.7855
43738	TS	OPLS_sp3C	-0.50	H3	escaped	H3	57333.9693	H3	57333.9693	57334.2117
43738	TS	OPLS_sp3C	-0.50	H4	escaped	O5	70393.3326	O5	70393.3326	70397.3304
43738	TS	OPLS_sp3C	-0.50	H5	escaped	O6	53470.3188	O6	53470.3188	53475.4037
43738	TS	OPLS_sp3C	-0.50	H6	escaped	H6	49888.1223	H6	49888.1223	49888.2937
43738	TS	OPLS_sp3C	-0.50	H7	escaped	H8	54876.7675	H8	54876.7675	54876.7675
43738	TS	OPLS_sp3C	-0.50	H8	escaped	H8	56449.6412	H8	56449.6412	56449.6412
43738	TS	OPLS_sp3C	-0.75	H1	escaped	O5	86620.7739	O5	86620.7739	86625.1220
43738	TS	OPLS_sp3C	-0.75	H2	escaped	O1	75243.5033	O1	75243.5033	75248.2861
43738	TS	OPLS_sp3C	-0.75	H3	escaped	H3	78904.2654	H3	78904.2654	78904.9245
43738	TS	OPLS_sp3C	-0.75	H4	escaped	O5	81391.5458	O5	81391.5458	81396.1568
43738	TS	OPLS_sp3C	-0.75	H5	escaped	O6	79577.1588	O6	79577.1588	79582.4021
43738	TS	OPLS_sp3C	-0.75	H6	escaped	H8	69886.0028	H8	69886.0028	69886.0028
43738	TS	OPLS_sp3C	-0.75	H7	escaped	H8	80209.7912	H8	80209.7912	80209.7912
43738	TS	OPLS_sp3C	-0.75	H8	escaped	H8	74485.9568	H8	74485.9568	74485.9568
43738	TS	OPLS_sp3C	-1.00	H1	escaped	O5	90389.2217	O5	90389.2217	90393.5473
43738	TS	OPLS_sp3C	-1.00	H2	escaped	O1	78806.0595	O1	78806.0595	78810.4761
43738	TS	OPLS_sp3C	-1.00	H3	escaped	H3	82670.6449	H3	82670.6449	82671.6207
43738	TS	OPLS_sp3C	-1.00	H4	escaped	O5	88661.0671	O5	88661.0671	88665.9220
43738	TS	OPLS_sp3C	-1.00	H5	escaped	O6	82831.4309	O6	82831.4309	82836.7083
43738	TS	OPLS_sp3C	-1.00	H6	escaped	H8	75552.3176	H8	75552.3176	75552.3176
43738	TS	OPLS_sp3C	-1.00	H7	escaped	H8	78828.2299	H8	78828.2299	78828.2299
43738	TS	OPLS_sp3C	-1.00	H8	escaped	H8	99261.9764	H8	99261.9764	99261.9764
43738	TS	Behrens_3.55	+0.25	carbA	own	O1	2.9315	O1	2.9315	5.8964
43738	TS	Behrens_3.55	+0.25	carbB	own	O6	2.9982	O6	2.9982	8.7198
43738	TS	Behrens_3.55	+0.25	ether	migrated	O2	2.9862	O2	2.9862	6.4122
43738	TS	Behrens_3.55	+0.25	hydroxyl	migrated	O6	3.0325	O6	3.0325	5.7075
43738	TS	Behrens_3.55	+0.50	carbA	own	O1	2.8048	O1	2.8048	5.7844
43738	TS	Behrens_3.55	+0.50	carbB	own	O6	2.8501	O6	2.8501	8.6218
43738	TS	Behrens_3.55	+0.50	ether	migrated	O2	2.8016	O2	2.8016	6.0764
43738	TS	Behrens_3.55	+0.50	hydroxyl	migrated	O6	2.8501	O6	2.8501	8.6218
43738	TS	Behrens_3.55	+0.75	carbA	own	O1	2.7276	O1	2.7276	5.7468
43738	TS	Behrens_3.55	+0.75	carbB	own	O6	2.7562	O6	2.7562	8.6629
43738	TS	Behrens_3.55	+0.75	ether	migrated	O2	2.6992	O2	2.6992	5.8869
43738	TS	Behrens_3.55	+0.75	hydroxyl	migrated	O6	2.7562	O6	2.7562	8.6629
43738	TS	Behrens_3.55	+1.00	carbA	own	O1	2.6702	O1	2.6702	5.7548
43738	TS	Behrens_3.55	+1.00	carbB	own	O6	2.6519	O6	2.6519	8.9474
43738	TS	Behrens_3.55	+1.00	ether	migrated	O1	2.6702	O1	2.6702	5.7548
43738	TS	Behrens_3.55	+1.00	hydroxyl	migrated	O6	2.6519	O6	2.6519	8.9474
43738	TS	Behrens_3.55	-0.25	H1	escaped	O5	35677.4842	O5	35677.4842	35681.6741
43738	TS	Behrens_3.55	-0.25	H2	escaped	O1	43202.7798	O1	43202.7798	43208.8481
43738	TS	Behrens_3.55	-0.25	H3	escaped	H8	42364.4573	H8	42364.4573	42364.4573
43738	TS	Behrens_3.55	-0.25	H4	escaped	H4	46366.7865	H4	46366.7865	46369.1261
43738	TS	Behrens_3.55	-0.25	H5	escaped	O6	45543.3561	O6	45543.3561	45547.5920
43738	TS	Behrens_3.55	-0.25	H6	escaped	H6	37123.3395	H6	37123.3395	37123.8873
43738	TS	Behrens_3.55	-0.25	H7	escaped	H8	42272.5291	H8	42272.5291	42272.5291
43738	TS	Behrens_3.55	-0.25	H8	escaped	H8	44603.0652	H8	44603.0652	44603.0652
43738	TS	Behrens_3.55	-0.50	H1	escaped	O5	58291.7510	O5	58291.7510	58296.0992
43738	TS	Behrens_3.55	-0.50	H2	escaped	O1	49524.0433	O1	49524.0433	49529.4153
43738	TS	Behrens_3.55	-0.50	H3	escaped	H3	57329.7439	H3	57329.7439	57329.9815
43738	TS	Behrens_3.55	-0.50	H4	escaped	O5	70381.7690	O5	70381.7690	70385.7418
43738	TS	Behrens_3.55	-0.50	H5	escaped	O6	53547.2295	O6	53547.2295	53552.2951
43738	TS	Behrens_3.55	-0.50	H6	escaped	H6	49891.2373	H6	49891.2373	49891.3921
43738	TS	Behrens_3.55	-0.50	H7	escaped	H8	57273.9476	H8	57273.9476	57273.9476
43738	TS	Behrens_3.55	-0.50	H8	escaped	H8	56535.2761	H8	56535.2761	56535.2761
43738	TS	Behrens_3.55	-0.75	H1	escaped	O5	86887.8881	O5	86887.8881	86892.2255
43738	TS	Behrens_3.55	-0.75	H2	escaped	O1	75279.3295	O1	75279.3295	75284.1176
43738	TS	Behrens_3.55	-0.75	H3	escaped	H3	78889.3121	H3	78889.3121	78889.9677
43738	TS	Behrens_3.55	-0.75	H4	escaped	O5	81393.7578	O5	81393.7578	81398.3517
43738	TS	Behrens_3.55	-0.75	H5	escaped	O6	79626.3600	O6	79626.3600	79631.5878
43738	TS	Behrens_3.55	-0.75	H6	escaped	H8	69865.1863	H8	69865.1863	69865.1863
43738	TS	Behrens_3.55	-0.75	H7	escaped	H8	81447.0308	H8	81447.0308	81447.0308
43738	TS	Behrens_3.55	-0.75	H8	escaped	H8	74561.3966	H8	74561.3966	74561.3966
43738	TS	Behrens_3.55	-1.00	H1	escaped	O5	90517.2713	O5	90517.2713	90521.5885
43738	TS	Behrens_3.55	-1.00	H2	escaped	O1	78831.4494	O1	78831.4494	78835.8709
43738	TS	Behrens_3.55	-1.00	H3	escaped	H3	82660.8225	H3	82660.8225	82661.7961
43738	TS	Behrens_3.55	-1.00	H4	escaped	O5	88676.3672	O5	88676.3672	88681.2087
43738	TS	Behrens_3.55	-1.00	H5	escaped	O6	82874.6154	O6	82874.6154	82879.8801
43738	TS	Behrens_3.55	-1.00	H6	escaped	H8	75525.3255	H8	75525.3255	75525.3255
43738	TS	Behrens_3.55	-1.00	H7	escaped	H8	79821.5948	H8	79821.5948	79821.5948
43738	TS	Behrens_3.55	-1.00	H8	escaped	H8	99339.7234	H8	99339.7234	99339.7234
44388	R	N	+0.25	carbA	own	O1	2.8820	O1	2.8820	5.0041
44388	R	N	+0.25	carbB	migrated	O1	3.0659	H2	2.6424	6.8953
44388	R	N	+0.25	ether	migrated	O2	2.9001	O2	2.9001	6.0854
44388	R	N	+0.25	hydroxyl	own	O4	3.1774	C6	3.0931	4.0743
44388	R	N	+0.50	carbA	own	O1	2.7354	O1	2.7354	5.6548
44388	R	N	+0.50	carbB	own	O6	2.9329	H2	2.5931	7.0480
44388	R	N	+0.50	ether	migrated	O2	2.7438	O2	2.7438	5.8564
44388	R	N	+0.50	hydroxyl	migrated	O6	2.9329	H2	2.5931	7.0480
44388	R	N	+0.75	carbA	own	O1	2.6524	O1	2.6524	5.8752
44388	R	N	+0.75	carbB	own	O6	2.8443	H2	2.5516	6.9938
44388	R	N	+0.75	ether	migrated	O2	2.6523	O2	2.6523	5.7199
44388	R	N	+0.75	hydroxyl	migrated	O6	2.8443	H2	2.5516	6.9938
44388	R	N	+1.00	carbA	own	O1	2.5940	O1	2.5940	5.9264
44388	R	N	+1.00	carbB	own	O6	2.7855	H2	2.5237	6.9525
44388	R	N	+1.00	ether	migrated	O2	2.5879	O2	2.5879	5.6232
44388	R	N	+1.00	hydroxyl	own	O4	2.8422	O4	2.8422	3.7612
44388	R	N	-0.25	H1	escaped	O5	51370.5916	O5	51370.5916	51374.4340
44388	R	N	-0.25	H2	escaped	O1	44776.3981	O1	44776.3981	44781.9299
44388	R	N	-0.25	H3	escaped	H8	40969.5601	H8	40969.5601	40969.5601
44388	R	N	-0.25	H4	escaped	H4	46307.5179	H4	46307.5179	46310.5912
44388	R	N	-0.25	H5	escaped	O6	45890.5176	O6	45890.5176	45894.5883
44388	R	N	-0.25	H6	escaped	H6	37102.1179	H6	37102.1179	37102.8507
44388	R	N	-0.25	H7	escaped	H3	36292.7632	H3	36292.7632	36293.2975
44388	R	N	-0.25	H8	escaped	H8	42261.8050	H8	42261.8050	42261.8050
44388	R	N	-0.50	H1	escaped	O5	56539.8360	O5	56539.8360	56543.9765
44388	R	N	-0.50	H2	escaped	O1	51299.5113	O1	51299.5113	51304.0650
44388	R	N	-0.50	H3	escaped	H8	53823.9497	H8	53823.9497	53823.9497
44388	R	N	-0.50	H4	escaped	O5	52810.0460	O5	52810.0460	52814.8692
44388	R	N	-0.50	H5	escaped	O6	53526.1608	O6	53526.1608	53531.2437
44388	R	N	-0.50	H6	escaped	H6	50790.0069	H6	50790.0069	50790.8970
44388	R	N	-0.50	H7	escaped	H3	58910.0065	H3	58910.0065	58910.7507
44388	R	N	-0.50	H8	escaped	H8	56138.0452	H8	56138.0452	56138.0452
44388	R	N	-0.75	H1	escaped	O5	91463.3341	O5	91463.3341	91467.5916
44388	R	N	-0.75	H2	escaped	O1	78245.9163	O1	78245.9163	78249.7869
44388	R	N	-0.75	H3	escaped	H3	71322.2434	H3	71322.2434	71322.4795
44388	R	N	-0.75	H4	escaped	O5	80741.8594	O5	80741.8594	80747.2707
44388	R	N	-0.75	H5	escaped	O6	79951.0144	O6	79951.0144	79956.3139
44388	R	N	-0.75	H6	escaped	O2	72781.9502	O2	72781.9502	72783.1736
44388	R	N	-0.75	H7	escaped	H3	81797.4334	H3	81797.4334	81798.2931
44388	R	N	-0.75	H8	escaped	H8	74934.5078	H8	74934.5078	74934.5078
44388	R	N	-1.00	H1	escaped	O5	102772.4685	O5	102772.4685	102776.7935
44388	R	N	-1.00	H2	escaped	O1	81986.3518	O1	81986.3518	81989.8218
44388	R	N	-1.00	H3	escaped	H3	95450.0359	H3	95450.0359	95450.5568
44388	R	N	-1.00	H4	escaped	O5	86813.7513	O5	86813.7513	86819.3883
44388	R	N	-1.00	H5	escaped	O6	83363.0984	O6	83363.0984	83368.4544
44388	R	N	-1.00	H6	escaped	O2	79551.2951	O2	79551.2951	79553.1710
44388	R	N	-1.00	H7	escaped	H3	78188.7712	H3	78188.7712	78189.6637
44388	R	N	-1.00	H8	escaped	H8	100003.4979	H8	100003.4979	100003.4979
44388	R	N+5%	+0.25	carbA	own	O1	2.9594	O1	2.9594	5.0422
44388	R	N+5%	+0.25	carbB	own	O6	3.2052	H2	2.7221	7.1848
44388	R	N+5%	+0.25	ether	migrated	O2	2.9869	O2	2.9869	6.2088
44388	R	N+5%	+0.25	hydroxyl	migrated	O6	3.2052	H2	2.7221	7.1848
44388	R	N+5%	+0.50	carbA	own	O1	2.8106	O1	2.8106	5.3168
44388	R	N+5%	+0.50	carbB	own	O6	3.0179	H2	2.6418	7.1108
44388	R	N+5%	+0.50	ether	migrated	O2	2.8260	O2	2.8260	5.9772
44388	R	N+5%	+0.50	hydroxyl	own	O4	3.1266	C6	3.0421	4.0292
44388	R	N+5%	+0.75	carbA	own	O1	2.7240	O1	2.7240	5.7964
44388	R	N+5%	+0.75	carbB	own	O6	2.9195	H2	2.5959	7.0574
44388	R	N+5%	+0.75	ether	migrated	O2	2.7315	O2	2.7315	5.8382
44388	R	N+5%	+0.75	hydroxyl	migrated	O6	2.9195	H2	2.5959	7.0574
44388	R	N+5%	+1.00	carbA	own	O1	2.6640	O1	2.6640	5.8945
44388	R	N+5%	+1.00	carbB	own	O6	2.8547	H2	2.5646	7.0159
44388	R	N+5%	+1.00	ether	migrated	O2	2.6650	O2	2.6650	5.7394
44388	R	N+5%	+1.00	hydroxyl	migrated	O6	2.8547	H2	2.5646	7.0159
44388	R	N+5%	-0.25	H1	escaped	O5	48161.5999	O5	48161.5999	48165.2164
44388	R	N+5%	-0.25	H2	escaped	O1	44908.2805	O1	44908.2805	44913.8250
44388	R	N+5%	-0.25	H3	escaped	H8	40963.1752	H8	40963.1752	40963.1752
44388	R	N+5%	-0.25	H4	escaped	H4	46440.5902	H4	46440.5902	46443.6007
44388	R	N+5%	-0.25	H5	escaped	O6	46115.8718	O6	46115.8718	46119.8770
44388	R	N+5%	-0.25	H6	escaped	H6	37221.2761	H6	37221.2761	37221.9732
44388	R	N+5%	-0.25	H7	escaped	H3	37365.9843	H3	37365.9843	37366.5136
44388	R	N+5%	-0.25	H8	escaped	H8	42266.8208	H8	42266.8208	42266.8208
44388	R	N+5%	-0.50	H1	escaped	O5	58416.1503	O5	58416.1503	58420.1104
44388	R	N+5%	-0.50	H2	escaped	O1	51386.7411	O1	51386.7411	51391.3035
44388	R	N+5%	-0.50	H3	escaped	H8	54006.8872	H8	54006.8872	54006.8872
44388	R	N+5%	-0.50	H4	escaped	O5	52849.4635	O5	52849.4635	52854.2306
44388	R	N+5%	-0.50	H5	escaped	O6	53775.5293	O6	53775.5293	53780.5566
44388	R	N+5%	-0.50	H6	escaped	H6	50689.2488	H6	50689.2488	50690.0955
44388	R	N+5%	-0.50	H7	escaped	H3	64298.5372	H3	64298.5372	64299.2870
44388	R	N+5%	-0.50	H8	escaped	H8	56101.8681	H8	56101.8681	56101.8681
44388	R	N+5%	-0.75	H1	escaped	O5	90062.0705	O5	90062.0705	90066.1709
44388	R	N+5%	-0.75	H2	escaped	O1	78304.3753	O1	78304.3753	78308.2478
44388	R	N+5%	-0.75	H3	escaped	H3	71450.4988	H3	71450.4988	71450.7218
44388	R	N+5%	-0.75	H4	escaped	O5	80846.9096	O5	80846.9096	80852.2831
44388	R	N+5%	-0.75	H5	escaped	O6	80073.1411	O6	80073.1411	80078.3964
44388	R	N+5%	-0.75	H6	escaped	O2	72528.8833	O2	72528.8833	72530.0414
44388	R	N+5%	-0.75	H7	escaped	H3	69090.0205	H3	69090.0205	69090.8810
44388	R	N+5%	-0.75	H8	escaped	H8	74877.3370	H8	74877.3370	74877.3370
44388	R	N+5%	-1.00	H1	escaped	O5	103605.9567	O5	103605.9567	103610.1409
44388	R	N+5%	-1.00	H2	escaped	O1	82049.0354	O1	82049.0354	82052.5058
44388	R	N+5%	-1.00	H3	escaped	H3	95527.8718	H3	95527.8718	95528.3774
44388	R	N+5%	-1.00	H4	escaped	O5	86841.2319	O5	86841.2319	86846.8399
44388	R	N+5%	-1.00	H5	escaped	O6	83472.7566	O6	83472.7566	83478.0761
44388	R	N+5%	-1.00	H6	escaped	O2	79303.0738	O2	79303.0738	79304.9076
44388	R	N+5%	-1.00	H7	escaped	H3	84655.3846	H3	84655.3846	84656.2689
44388	R	N+5%	-1.00	H8	escaped	H8	99925.3435	H8	99925.3435	99925.3435
44388	R	N+10%	+0.25	carbA	own	O1	3.0369	O1	3.0369	5.0887
44388	R	N+10%	+0.25	carbB	own	O6	3.3128	H2	2.7824	7.2455
44388	R	N+10%	+0.25	ether	migrated	O2	3.0743	O2	3.0743	6.3323
44388	R	N+10%	+0.25	hydroxyl	migrated	O6	3.1289	O6	3.1289	5.7129
44388	R	N+10%	+0.50	carbA	own	O1	2.8850	O1	2.8850	5.2123
44388	R	N+10%	+0.50	carbB	migrated	O1	3.0806	H2	2.6677	6.9303
44388	R	N+10%	+0.50	ether	migrated	O2	2.9087	O2	2.9087	6.0982
44388	R	N+10%	+0.50	hydroxyl	own	O4	3.2463	C6	3.1069	4.1452
44388	R	N+10%	+0.75	carbA	own	O1	2.7960	O1	2.7960	5.6333
44388	R	N+10%	+0.75	carbB	own	O6	3.0012	H2	2.6431	7.1189
44388	R	N+10%	+0.75	ether	migrated	O2	2.8114	O2	2.8114	5.9568
44388	R	N+10%	+0.75	hydroxyl	own	O4	3.1286	C6	3.0325	4.0329
44388	R	N+10%	+1.00	carbA	own	O1	2.7341	O1	2.7341	5.8298
44388	R	N+10%	+1.00	carbB	own	O6	2.9295	H2	2.6086	7.0780
44388	R	N+10%	+1.00	ether	migrated	O2	2.7428	O2	2.7428	5.8559
44388	R	N+10%	+1.00	hydroxyl	migrated	O6	2.9295	H2	2.6086	7.0780
44388	R	N+10%	-0.25	H1	escaped	O5	41139.5343	O5	41139.5343	41142.9148
44388	R	N+10%	-0.25	H2	escaped	O1	45062.6623	O1	45062.6623	45068.2222
44388	R	N+10%	-0.25	H3	escaped	H8	41002.7440	H8	41002.7440	41002.7440
44388	R	N+10%	-0.25	H4	escaped	H4	46550.8064	H4	46550.8064	46553.7141
44388	R	N+10%	-0.25	H5	escaped	O6	46381.2144	O6	46381.2144	46385.1103
44388	R	N+10%	-0.25	H6	escaped	H6	37330.0335	H6	37330.0335	37330.6696
44388	R	N+10%	-0.25	H7	escaped	H3	37547.6379	H3	37547.6379	37548.1490
44388	R	N+10%	-0.25	H8	escaped	H8	42283.2947	H8	42283.2947	42283.2947
44388	R	N+10%	-0.50	H1	escaped	O5	62793.9403	O5	62793.9403	62797.7231
44388	R	N+10%	-0.50	H2	escaped	O1	68227.1214	O1	68227.1214	68231.6935
44388	R	N+10%	-0.50	H3	escaped	H8	54196.5675	H8	54196.5675	54196.5675
44388	R	N+10%	-0.50	H4	escaped	O5	52850.0248	O5	52850.0248	52854.7018
44388	R	N+10%	-0.50	H5	escaped	O6	54106.9325	O6	54106.9325	54111.8701
44388	R	N+10%	-0.50	H6	escaped	H6	50474.9214	H6	50474.9214	50475.6913
44388	R	N+10%	-0.50	H7	escaped	H3	52258.1738	H3	52258.1738	52258.9225
44388	R	N+10%	-0.50	H8	escaped	H8	56077.7819	H8	56077.7819	56077.7819
44388	R	N+10%	-0.75	H1	escaped	O5	89599.1164	O5	89599.1164	89603.0579
44388	R	N+10%	-0.75	H2	escaped	O1	78428.7194	O1	78428.7194	78432.5933
44388	R	N+10%	-0.75	H3	escaped	H3	71546.5366	H3	71546.5366	71546.7278
44388	R	N+10%	-0.75	H4	escaped	O5	80925.3145	O5	80925.3145	80930.6287
44388	R	N+10%	-0.75	H5	escaped	O6	80292.9748	O6	80292.9748	80298.1599
44388	R	N+10%	-0.75	H6	escaped	O2	72057.8960	O2	72057.8960	72058.9401
44388	R	N+10%	-0.75	H7	escaped	H3	76444.3916	H3	76444.3916	76445.2489
44388	R	N+10%	-0.75	H8	escaped	H8	74837.5719	H8	74837.5719	74837.5719
44388	R	N+10%	-1.00	H1	escaped	O5	105590.1093	O5	105590.1093	105594.1470
44388	R	N+10%	-1.00	H2	escaped	O1	82172.9310	O1	82172.9310	82176.4010
44388	R	N+10%	-1.00	H3	escaped	H3	95503.8448	H3	95503.8448	95504.3135
44388	R	N+10%	-1.00	H4	escaped	O5	86916.4444	O5	86916.4444	86922.0072
44388	R	N+10%	-1.00	H5	escaped	O6	83670.5733	O6	83670.5733	83675.8356
44388	R	N+10%	-1.00	H6	escaped	O2	78847.5062	O2	78847.5062	78849.2667
44388	R	N+10%	-1.00	H7	escaped	H3	88042.9576	H3	88042.9576	88043.8430
44388	R	N+10%	-1.00	H8	escaped	H8	99870.9608	H8	99870.9608	99870.9608
44388	R	OPLS_sp3C	+0.25	carbA	own	O1	2.8986	O1	2.8986	5.1400
44388	R	OPLS_sp3C	+0.25	carbB	migrated	O1	3.1062	H2	2.6714	6.9459
44388	R	OPLS_sp3C	+0.25	ether	migrated	O2	2.9226	O2	2.9226	6.1176
44388	R	OPLS_sp3C	+0.25	hydroxyl	own	O4	3.2488	C6	3.1163	4.1463
44388	R	OPLS_sp3C	+0.50	carbA	own	O1	2.7483	O1	2.7483	5.7695
44388	R	OPLS_sp3C	+0.50	carbB	own	O6	2.9462	H2	2.6131	7.0814
44388	R	OPLS_sp3C	+0.50	ether	migrated	O2	2.7585	O2	2.7585	5.8785
44388	R	OPLS_sp3C	+0.50	hydroxyl	migrated	O6	2.9462	H2	2.6131	7.0814
44388	R	OPLS_sp3C	+0.75	carbA	own	O1	2.6627	O1	2.6627	5.9098
44388	R	OPLS_sp3C	+0.75	carbB	own	O6	2.8524	H2	2.5674	7.0217
44388	R	OPLS_sp3C	+0.75	ether	migrated	O2	2.6636	O2	2.6636	5.7378
44388	R	OPLS_sp3C	+0.75	hydroxyl	migrated	O6	2.8524	H2	2.5674	7.0217
44388	R	OPLS_sp3C	+1.00	carbA	own	O1	2.6026	O1	2.6026	5.9466
44388	R	OPLS_sp3C	+1.00	carbB	own	O6	2.7909	H2	2.5368	6.9768
44388	R	OPLS_sp3C	+1.00	ether	migrated	O2	2.5974	O2	2.5974	5.6388
44388	R	OPLS_sp3C	+1.00	hydroxyl	own	O4	2.8645	C6	2.8614	3.7833
44388	R	OPLS_sp3C	-0.25	H1	escaped	O5	51847.8120	O5	51847.8120	51851.6852
44388	R	OPLS_sp3C	-0.25	H2	escaped	O1	44650.3694	O1	44650.3694	44655.8930
44388	R	OPLS_sp3C	-0.25	H3	escaped	H8	40983.4424	H8	40983.4424	40983.4424
44388	R	OPLS_sp3C	-0.25	H4	escaped	H4	45981.5274	H4	45981.5274	45984.5694
44388	R	OPLS_sp3C	-0.25	H5	escaped	O6	45769.2528	O6	45769.2528	45773.2984
44388	R	OPLS_sp3C	-0.25	H6	escaped	H6	36776.6392	H6	36776.6392	36777.3223
44388	R	OPLS_sp3C	-0.25	H7	escaped	H3	46782.5112	H3	46782.5112	46783.1180
44388	R	OPLS_sp3C	-0.25	H8	escaped	H8	42322.8098	H8	42322.8098	42322.8098
44388	R	OPLS_sp3C	-0.50	H1	escaped	O5	74901.1249	O5	74901.1249	74905.2452
44388	R	OPLS_sp3C	-0.50	H2	escaped	O1	68059.7549	O1	68059.7549	68064.2877
44388	R	OPLS_sp3C	-0.50	H3	escaped	H8	53456.7609	H8	53456.7609	53456.7609
44388	R	OPLS_sp3C	-0.50	H4	escaped	O5	52653.0994	O5	52653.0994	52657.8928
44388	R	OPLS_sp3C	-0.50	H5	escaped	O6	53648.7101	O6	53648.7101	53653.7380
44388	R	OPLS_sp3C	-0.50	H6	escaped	H6	50372.3846	H6	50372.3846	50373.1965
44388	R	OPLS_sp3C	-0.50	H7	escaped	H3	58037.5960	H3	58037.5960	58038.3758
44388	R	OPLS_sp3C	-0.50	H8	escaped	H8	56308.5363	H8	56308.5363	56308.5363
44388	R	OPLS_sp3C	-0.75	H1	escaped	O5	91102.9203	O5	91102.9203	91107.1502
44388	R	OPLS_sp3C	-0.75	H2	escaped	O1	78605.3264	O1	78605.3264	78609.1827
44388	R	OPLS_sp3C	-0.75	H3	escaped	H3	70831.5484	H3	70831.5484	70831.6926
44388	R	OPLS_sp3C	-0.75	H4	escaped	O5	80593.3037	O5	80593.3037	80598.6901
44388	R	OPLS_sp3C	-0.75	H5	escaped	O6	80402.8712	O6	80402.8712	80408.1193
44388	R	OPLS_sp3C	-0.75	H6	escaped	O2	72223.0829	O2	72223.0829	72224.2226
44388	R	OPLS_sp3C	-0.75	H7	escaped	H3	81456.4134	H3	81456.4134	81457.2967
44388	R	OPLS_sp3C	-0.75	H8	escaped	H8	75191.5636	H8	75191.5636	75191.5636
44388	R	OPLS_sp3C	-1.00	H1	escaped	O5	102657.3834	O5	102657.3834	102661.6802
44388	R	OPLS_sp3C	-1.00	H2	escaped	O1	82287.7283	O1	82287.7283	82291.1880
44388	R	OPLS_sp3C	-1.00	H3	escaped	H3	94616.8199	H3	94616.8199	94617.2314
44388	R	OPLS_sp3C	-1.00	H4	escaped	O5	87127.0471	O5	87127.0471	87132.6607
44388	R	OPLS_sp3C	-1.00	H5	escaped	O6	83754.0548	O6	83754.0548	83759.3669
44388	R	OPLS_sp3C	-1.00	H6	escaped	O2	79067.1086	O2	79067.1086	79068.9296
44388	R	OPLS_sp3C	-1.00	H7	escaped	H3	77962.3929	H3	77962.3929	77963.3008
44388	R	OPLS_sp3C	-1.00	H8	escaped	H8	75753.5590	H8	75753.5590	75753.5590
44388	R	Behrens_3.55	+0.25	carbA	own	O1	2.9217	O1	2.9217	5.1436
44388	R	Behrens_3.55	+0.25	carbB	own	O6	3.1587	H2	2.7122	7.1866
44388	R	Behrens_3.55	+0.25	ether	migrated	O2	2.9486	O2	2.9486	6.1552
44388	R	Behrens_3.55	+0.25	hydroxyl	own	O4	3.2879	C6	3.1364	4.1846
44388	R	Behrens_3.55	+0.50	carbA	own	O1	2.7703	O1	2.7703	5.7250
44388	R	Behrens_3.55	+0.50	carbB	own	O6	2.9712	H2	2.6276	7.1003
44388	R	Behrens_3.55	+0.50	ether	migrated	O2	2.7829	O2	2.7829	5.9149
44388	R	Behrens_3.55	+0.50	hydroxyl	own	O4	3.0915	C6	3.0102	3.9974
44388	R	Behrens_3.55	+0.75	carbA	own	O1	2.6840	O1	2.6840	5.8969
44388	R	Behrens_3.55	+0.75	carbB	own	O6	2.8745	H2	2.5804	7.0407
44388	R	Behrens_3.55	+0.75	ether	migrated	O2	2.6872	O2	2.6872	5.7733
44388	R	Behrens_3.55	+0.75	hydroxyl	migrated	O6	2.8745	H2	2.5804	7.0407
44388	R	Behrens_3.55	+1.00	carbA	own	O1	2.6234	O1	2.6234	5.9418
44388	R	Behrens_3.55	+1.00	carbB	own	O6	2.8111	H2	2.5488	6.9958
44388	R	Behrens_3.55	+1.00	ether	migrated	O2	2.6203	O2	2.6203	5.6735
44388	R	Behrens_3.55	+1.00	hydroxyl	migrated	O6	2.6313	O6	2.6313	5.8665
44388	R	Behrens_3.55	-0.25	H1	escaped	O5	50743.9644	O5	50743.9644	50747.7795
44388	R	Behrens_3.55	-0.25	H2	escaped	O1	44678.7357	O1	44678.7357	44684.2626
44388	R	Behrens_3.55	-0.25	H3	escaped	H8	41051.1968	H8	41051.1968	41051.1968
44388	R	Behrens_3.55	-0.25	H4	escaped	H4	45998.9139	H4	45998.9139	46001.9356
44388	R	Behrens_3.55	-0.25	H5	escaped	O6	45819.3939	O6	45819.3939	45823.4180
44388	R	Behrens_3.55	-0.25	H6	escaped	H6	36794.8379	H6	36794.8379	36795.5086
44388	R	Behrens_3.55	-0.25	H7	escaped	H3	36520.2892	H3	36520.2892	36520.9005
44388	R	Behrens_3.55	-0.25	H8	escaped	H8	42321.9718	H8	42321.9718	42321.9718
44388	R	Behrens_3.55	-0.50	H1	escaped	O5	56919.3044	O5	56919.3044	56923.3757
44388	R	Behrens_3.55	-0.50	H2	escaped	O1	68091.6426	O1	68091.6426	68096.1773
44388	R	Behrens_3.55	-0.50	H3	escaped	H8	53490.7066	H8	53490.7066	53490.7066
44388	R	Behrens_3.55	-0.50	H4	escaped	O5	52652.1516	O5	52652.1516	52656.9273
44388	R	Behrens_3.55	-0.50	H5	escaped	O6	53714.6153	O6	53714.6153	53719.6253
44388	R	Behrens_3.55	-0.50	H6	escaped	H6	50327.3331	H6	50327.3331	50328.1292
44388	R	Behrens_3.55	-0.50	H7	escaped	H3	59496.7663	H3	59496.7663	59497.5507
44388	R	Behrens_3.55	-0.50	H8	escaped	H8	56302.9033	H8	56302.9033	56302.9033
44388	R	Behrens_3.55	-0.75	H1	escaped	O5	90672.4265	O5	90672.4265	90676.6128
44388	R	Behrens_3.55	-0.75	H2	escaped	O1	78632.5428	O1	78632.5428	78636.3993
44388	R	Behrens_3.55	-0.75	H3	escaped	H3	70848.8287	H3	70848.8287	70848.9659
44388	R	Behrens_3.55	-0.75	H4	escaped	O5	80608.2796	O5	80608.2796	80613.6542
44388	R	Behrens_3.55	-0.75	H5	escaped	O6	80449.7482	O6	80449.7482	80454.9822
44388	R	Behrens_3.55	-0.75	H6	escaped	O2	72127.4019	O2	72127.4019	72128.5185
44388	R	Behrens_3.55	-0.75	H7	escaped	H3	83710.2056	H3	83710.2056	83711.0911
44388	R	Behrens_3.55	-0.75	H8	escaped	H8	75183.4787	H8	75183.4787	75183.4787
44388	R	Behrens_3.55	-1.00	H1	escaped	O5	102843.2464	O5	102843.2464	102847.5037
44388	R	Behrens_3.55	-1.00	H2	escaped	O1	82314.4201	O1	82314.4201	82317.8796
44388	R	Behrens_3.55	-1.00	H3	escaped	H3	94610.0746	H3	94610.0746	94610.4779
44388	R	Behrens_3.55	-1.00	H4	escaped	O5	87143.7421	O5	87143.7421	87149.3467
44388	R	Behrens_3.55	-1.00	H5	escaped	O6	83796.2020	O6	83796.2020	83801.5025
44388	R	Behrens_3.55	-1.00	H6	escaped	O2	78975.5837	O2	78975.5837	78977.3898
44388	R	Behrens_3.55	-1.00	H7	escaped	H3	82081.0138	H3	82081.0138	82081.9122
44388	R	Behrens_3.55	-1.00	H8	escaped	H8	75745.5960	H8	75745.5960	75745.5960
44388	TS	N	+0.25	carbA	own	O1	2.8770	O1	2.8770	4.9483
44388	TS	N	+0.25	carbB	own	O6	2.9912	H2	2.6415	7.6165
44388	TS	N	+0.25	ether	migrated	O2	2.8938	O2	2.8938	6.5863
44388	TS	N	+0.25	hydroxyl	migrated	O6	2.9712	O6	2.9712	5.2640
44388	TS	N	+0.50	carbA	own	O1	2.7338	O1	2.7338	5.0505
44388	TS	N	+0.50	carbB	own	O6	2.8629	H2	2.8241	8.4051
44388	TS	N	+0.50	ether	migrated	O2	2.7344	O2	2.7344	6.3085
44388	TS	N	+0.50	hydroxyl	migrated	O6	2.7876	O6	2.7876	5.3597
44388	TS	N	+0.75	carbA	own	O1	2.6490	O1	2.6490	5.3435
44388	TS	N	+0.75	carbB	own	O6	2.7968	O6	2.7968	8.4026
44388	TS	N	+0.75	ether	migrated	O2	2.6420	O2	2.6420	6.1455
44388	TS	N	+0.75	hydroxyl	migrated	O6	2.6857	O6	2.6857	5.4034
44388	TS	N	+1.00	carbA	own	O1	2.5899	O1	2.5899	5.5662
44388	TS	N	+1.00	carbB	own	O6	2.6620	O6	2.6620	8.8501
44388	TS	N	+1.00	ether	migrated	O2	2.5774	O2	2.5774	6.0313
44388	TS	N	+1.00	hydroxyl	migrated	O6	2.6154	O6	2.6154	5.4307
44388	TS	N	-0.25	H1	escaped	O5	44449.8968	O5	44449.8968	44454.9067
44388	TS	N	-0.25	H2	escaped	O1	43902.9396	O1	43902.9396	43908.2521
44388	TS	N	-0.25	H3	escaped	H3	41532.0011	H3	41532.0011	41532.0796
44388	TS	N	-0.25	H4	escaped	H4	46508.3153	H4	46508.3153	46511.3934
44388	TS	N	-0.25	H5	escaped	O6	44748.3126	O6	44748.3126	44752.4297
44388	TS	N	-0.25	H6	escaped	H6	36911.0230	H6	36911.0230	36911.3037
44388	TS	N	-0.25	H7	escaped	O4	44758.0808	O4	44758.0808	44758.2318
44388	TS	N	-0.25	H8	escaped	H8	42896.7720	H8	42896.7720	42896.7720
44388	TS	N	-0.50	H1	escaped	O5	57902.5739	O5	57902.5739	57907.6449
44388	TS	N	-0.50	H2	escaped	O1	67697.3577	O1	67697.3577	67701.5766
44388	TS	N	-0.50	H3	escaped	H3	56264.7384	H3	56264.7384	56265.1678
44388	TS	N	-0.50	H4	escaped	O5	52864.2419	O5	52864.2419	52869.0943
44388	TS	N	-0.50	H5	escaped	O6	51350.6068	O6	51350.6068	51355.7271
44388	TS	N	-0.50	H6	escaped	H6	49754.2813	H6	49754.2813	49754.6198
44388	TS	N	-0.50	H7	escaped	O4	49568.2332	O4	49568.2332	49568.3731
44388	TS	N	-0.50	H8	escaped	H8	56938.9268	H8	56938.9268	56938.9268
44388	TS	N	-0.75	H1	escaped	O5	68562.4798	O5	68562.4798	68567.5058
44388	TS	N	-0.75	H2	escaped	O1	77427.3141	O1	77427.3141	77430.8864
44388	TS	N	-0.75	H3	escaped	H3	77092.9570	H3	77092.9570	77093.7019
44388	TS	N	-0.75	H4	escaped	O5	80709.7518	O5	80709.7518	80715.2718
44388	TS	N	-0.75	H5	escaped	O6	77209.1593	O6	77209.1593	77214.4842
44388	TS	N	-0.75	H6	escaped	O2	70064.1448	O2	70064.1448	70064.5463
44388	TS	N	-0.75	H7	escaped	O4	67767.1703	O4	67767.1703	67767.3111
44388	TS	N	-0.75	H8	escaped	H8	76060.0330	H8	76060.0330	76060.0330
44388	TS	N	-1.00	H1	escaped	O5	94226.7695	O5	94226.7695	94231.7515
44388	TS	N	-1.00	H2	escaped	O1	80869.4859	O1	80869.4859	80872.7014
44388	TS	N	-1.00	H3	escaped	H3	80647.7105	H3	80647.7105	80648.7126
44388	TS	N	-1.00	H4	escaped	O5	87478.3688	O5	87478.3688	87484.1452
44388	TS	N	-1.00	H5	escaped	O6	80652.5694	O6	80652.5694	80657.9341
44388	TS	N	-1.00	H6	escaped	O2	75978.9122	O2	75978.9122	75980.0526
44388	TS	N	-1.00	H7	escaped	H4	76170.1110	H4	76170.1110	76170.3610
44388	TS	N	-1.00	H8	escaped	H8	76674.0829	H8	76674.0829	76674.0829
44388	TS	N+5%	+0.25	carbA	own	O1	2.9540	O1	2.9540	4.9978
44388	TS	N+5%	+0.25	carbB	own	O6	3.0833	H2	2.7028	7.6822
44388	TS	N+5%	+0.25	ether	migrated	O2	2.9827	O2	2.9827	6.7305
44388	TS	N+5%	+0.25	hydroxyl	migrated	O6	3.0655	O6	3.0655	5.2476
44388	TS	N+5%	+0.50	carbA	own	O1	2.8073	O1	2.8073	5.0534
44388	TS	N+5%	+0.50	carbB	own	O6	2.9218	H2	2.8434	8.4577
44388	TS	N+5%	+0.50	ether	migrated	O2	2.8172	O2	2.8172	6.4472
44388	TS	N+5%	+0.50	hydroxyl	migrated	O6	2.8753	O6	2.8753	5.3440
44388	TS	N+5%	+0.75	carbA	own	O1	2.7212	O1	2.7212	5.1811
44388	TS	N+5%	+0.75	carbB	own	O6	2.8558	O6	2.8558	8.4281
44388	TS	N+5%	+0.75	ether	migrated	O2	2.7215	O2	2.7215	6.2806
44388	TS	N+5%	+0.75	hydroxyl	migrated	O6	2.7698	O6	2.7698	5.3874
44388	TS	N+5%	+1.00	carbA	own	O1	2.6601	O1	2.6601	5.4087
44388	TS	N+5%	+1.00	carbB	own	O6	2.8055	O6	2.8055	8.4272
44388	TS	N+5%	+1.00	ether	migrated	O2	2.6545	O2	2.6545	6.1634
44388	TS	N+5%	+1.00	hydroxyl	migrated	O6	2.6970	O6	2.6970	5.4142
44388	TS	N+5%	-0.25	H1	escaped	O5	42618.1448	O5	42618.1448	42623.0950
44388	TS	N+5%	-0.25	H2	escaped	O1	44145.3252	O1	44145.3252	44150.6548
44388	TS	N+5%	-0.25	H3	escaped	H3	41543.1933	H3	41543.1933	41543.2625
44388	TS	N+5%	-0.25	H4	escaped	H4	46596.5449	H4	46596.5449	46599.5454
44388	TS	N+5%	-0.25	H5	escaped	O6	44960.2528	O6	44960.2528	44964.3056
44388	TS	N+5%	-0.25	H6	escaped	H6	37045.3474	H6	37045.3474	37045.5914
44388	TS	N+5%	-0.25	H7	escaped	O4	45818.6984	O4	45818.6984	45818.8659
44388	TS	N+5%	-0.25	H8	escaped	H8	42918.8339	H8	42918.8339	42918.8339
44388	TS	N+5%	-0.50	H1	escaped	O5	72802.1464	O5	72802.1464	72807.1563
44388	TS	N+5%	-0.50	H2	escaped	O1	67995.4281	O1	67995.4281	67999.6610
44388	TS	N+5%	-0.50	H3	escaped	H3	56237.7390	H3	56237.7390	56238.1559
44388	TS	N+5%	-0.50	H4	escaped	O5	52830.6892	O5	52830.6892	52835.4761
44388	TS	N+5%	-0.50	H5	escaped	O6	51549.2126	O6	51549.2126	51554.2727
44388	TS	N+5%	-0.50	H6	escaped	H6	49696.3436	H6	49696.3436	49696.6296
44388	TS	N+5%	-0.50	H7	escaped	O4	56654.5010	O4	56654.5010	56654.6602
44388	TS	N+5%	-0.50	H8	escaped	H8	56913.6900	H8	56913.6900	56913.6900
44388	TS	N+5%	-0.75	H1	escaped	O5	89494.1099	O5	89494.1099	89499.0919
44388	TS	N+5%	-0.75	H2	escaped	O1	77521.4220	O1	77521.4220	77525.0041
44388	TS	N+5%	-0.75	H3	escaped	H3	77022.1410	H3	77022.1410	77022.8746
44388	TS	N+5%	-0.75	H4	escaped	O5	80696.8741	O5	80696.8741	80702.3537
44388	TS	N+5%	-0.75	H5	escaped	O6	77300.3828	O6	77300.3828	77305.6586
44388	TS	N+5%	-0.75	H6	escaped	O2	69822.8965	O2	69822.8965	69823.2008
44388	TS	N+5%	-0.75	H7	escaped	O4	67671.4807	O4	67671.4807	67671.6388
44388	TS	N+5%	-0.75	H8	escaped	H8	76016.4520	H8	76016.4520	76016.4520
44388	TS	N+5%	-1.00	H1	escaped	O5	95196.1477	O5	95196.1477	95201.0960
44388	TS	N+5%	-1.00	H2	escaped	O1	80944.6598	O1	80944.6598	80947.8844
44388	TS	N+5%	-1.00	H3	escaped	H3	80571.4796	H3	80571.4796	80572.4730
44388	TS	N+5%	-1.00	H4	escaped	O5	87483.5388	O5	87483.5388	87489.2851
44388	TS	N+5%	-1.00	H5	escaped	O6	80729.9944	O6	80729.9944	80735.3181
44388	TS	N+5%	-1.00	H6	escaped	O2	75696.7255	O2	75696.7255	75697.7891
44388	TS	N+5%	-1.00	H7	escaped	H8	94988.7181	H8	94988.7181	94988.7181
44388	TS	N+5%	-1.00	H8	escaped	H8	76628.2977	H8	76628.2977	76628.2977
44388	TS	N+10%	+0.25	carbA	own	O1	3.0311	O1	3.0311	5.0513
44388	TS	N+10%	+0.25	carbB	own	O6	3.1796	H2	2.7649	7.7453
44388	TS	N+10%	+0.25	ether	migrated	O2	3.0732	O2	3.0732	6.8782
44388	TS	N+10%	+0.25	hydroxyl	migrated	O6	3.1796	H2	2.7649	7.7453
44388	TS	N+10%	+0.50	carbA	own	O1	2.8808	O1	2.8808	5.0804
44388	TS	N+10%	+0.50	carbB	own	O6	2.9807	H2	2.8718	8.5131
44388	TS	N+10%	+0.50	ether	migrated	O2	2.9011	O2	2.9011	6.5875
44388	TS	N+10%	+0.50	hydroxyl	migrated	O6	2.9633	O6	2.9633	5.3307
44388	TS	N+10%	+0.75	carbA	own	O1	2.7928	O1	2.7928	5.1407
44388	TS	N+10%	+0.75	carbB	own	O6	2.9141	H2	2.8729	8.4745
44388	TS	N+10%	+0.75	ether	migrated	O2	2.8019	O2	2.8019	6.4168
44388	TS	N+10%	+0.75	hydroxyl	migrated	O6	2.8542	O6	2.8542	5.3735
44388	TS	N+10%	+1.00	carbA	own	O1	2.7305	O1	2.7305	5.2561
44388	TS	N+10%	+1.00	carbB	own	O6	2.8646	O6	2.8646	8.4516
44388	TS	N+10%	+1.00	ether	migrated	O2	2.7325	O2	2.7325	6.2966
44388	TS	N+10%	+1.00	hydroxyl	migrated	O6	2.7790	O6	2.7790	5.3998
44388	TS	N+10%	-0.25	H1	escaped	O5	41686.1005	O5	41686.1005	41690.9429
44388	TS	N+10%	-0.25	H2	escaped	O1	33566.1285	O1	33566.1285	33571.4795
44388	TS	N+10%	-0.25	H3	escaped	H3	41598.1730	H3	41598.1730	41598.2248
44388	TS	N+10%	-0.25	H4	escaped	H4	46639.0785	H4	46639.0785	46641.9514
44388	TS	N+10%	-0.25	H5	escaped	O6	45217.0082	O6	45217.0082	45220.9560
44388	TS	N+10%	-0.25	H6	escaped	H6	37185.3601	H6	37185.3601	37185.5429
44388	TS	N+10%	-0.25	H7	escaped	O4	36150.4800	O4	36150.4800	36150.6606
44388	TS	N+10%	-0.25	H8	escaped	H8	50043.6580	H8	50043.6580	50043.6580
44388	TS	N+10%	-0.50	H1	escaped	O5	68720.1002	O5	68720.1002	68725.0317
44388	TS	N+10%	-0.50	H2	escaped	O1	68429.3634	O1	68429.3634	68433.6130
44388	TS	N+10%	-0.50	H3	escaped	H3	56209.4914	H3	56209.4914	56209.8827
44388	TS	N+10%	-0.50	H4	escaped	O5	52715.1929	O5	52715.1929	52719.8734
44388	TS	N+10%	-0.50	H5	escaped	O6	51824.2217	O6	51824.2217	51829.1850
44388	TS	N+10%	-0.50	H6	escaped	H6	49571.9839	H6	49571.9839	49572.1795
44388	TS	N+10%	-0.50	H7	escaped	O4	59462.6656	O4	59462.6656	59462.8413
44388	TS	N+10%	-0.50	H8	escaped	H8	56901.4458	H8	56901.4458	56901.4458
44388	TS	N+10%	-0.75	H1	escaped	O5	84768.4843	O5	84768.4843	84773.4088
44388	TS	N+10%	-0.75	H2	escaped	O1	77707.4579	O1	77707.4579	77711.0523
44388	TS	N+10%	-0.75	H3	escaped	H3	76907.1327	H3	76907.1327	76907.8425
44388	TS	N+10%	-0.75	H4	escaped	O5	80589.6823	O5	80589.6823	80595.0981
44388	TS	N+10%	-0.75	H5	escaped	O6	77478.2916	O6	77478.2916	77483.4892
44388	TS	N+10%	-0.75	H6	escaped	H6	69409.1374	H6	69409.1374	69409.3242
44388	TS	N+10%	-0.75	H7	escaped	O4	79064.4035	O4	79064.4035	79064.5804
44388	TS	N+10%	-0.75	H8	escaped	H8	75990.6267	H8	75990.6267	75990.6267
44388	TS	N+10%	-1.00	H1	escaped	O5	96686.3134	O5	96686.3134	96691.2147
44388	TS	N+10%	-1.00	H2	escaped	O1	81094.9668	O1	81094.9668	81098.2034
44388	TS	N+10%	-1.00	H3	escaped	H3	80441.1067	H3	80441.1067	80442.0813
44388	TS	N+10%	-1.00	H4	escaped	O5	87522.4594	O5	87522.4594	87528.1584
44388	TS	N+10%	-1.00	H5	escaped	O6	80880.9181	O6	80880.9181	80886.1773
44388	TS	N+10%	-1.00	H6	escaped	O2	75219.5590	O2	75219.5590	75220.4895
44388	TS	N+10%	-1.00	H7	escaped	H8	82891.2065	H8	82891.2065	82891.2065
44388	TS	N+10%	-1.00	H8	escaped	H8	76600.3702	H8	76600.3702	76600.3702
44388	TS	OPLS_sp3C	+0.25	carbA	own	O1	2.8941	O1	2.8941	5.0470
44388	TS	OPLS_sp3C	+0.25	carbB	own	O6	2.9857	H2	2.8562	8.5018
44388	TS	OPLS_sp3C	+0.25	ether	migrated	O2	2.9157	O2	2.9157	6.6142
44388	TS	OPLS_sp3C	+0.25	hydroxyl	migrated	O6	2.9827	O6	2.9827	5.3094
44388	TS	OPLS_sp3C	+0.50	carbA	own	O1	2.7452	O1	2.7452	5.1775
44388	TS	OPLS_sp3C	+0.50	carbB	own	O6	2.8758	H2	2.8701	8.4467
44388	TS	OPLS_sp3C	+0.50	ether	migrated	O2	2.7485	O2	2.7485	6.3257
44388	TS	OPLS_sp3C	+0.50	hydroxyl	migrated	O6	2.7976	O6	2.7976	5.3862
44388	TS	OPLS_sp3C	+0.75	carbA	own	O1	2.6585	O1	2.6585	5.4593
44388	TS	OPLS_sp3C	+0.75	carbB	own	O6	2.8035	O6	2.8035	8.4410
44388	TS	OPLS_sp3C	+0.75	ether	migrated	O2	2.6530	O2	2.6530	6.1592
44388	TS	OPLS_sp3C	+0.75	hydroxyl	migrated	O6	2.6943	O6	2.6943	5.4219
44388	TS	OPLS_sp3C	+1.00	carbA	own	O1	2.5982	O1	2.5982	5.6124
44388	TS	OPLS_sp3C	+1.00	carbB	own	O6	2.6763	O6	2.6763	8.8295
44388	TS	OPLS_sp3C	+1.00	ether	migrated	O2	2.5866	O2	2.5866	6.0432
44388	TS	OPLS_sp3C	+1.00	hydroxyl	migrated	O6	2.6230	O6	2.6230	5.4447
44388	TS	OPLS_sp3C	-0.25	H1	escaped	O5	43520.1245	O5	43520.1245	43525.0971
44388	TS	OPLS_sp3C	-0.25	H2	escaped	O1	33108.5671	O1	33108.5671	33113.8688
44388	TS	OPLS_sp3C	-0.25	H3	escaped	H3	41813.8482	H3	41813.8482	41813.9218
44388	TS	OPLS_sp3C	-0.25	H4	escaped	H4	46135.5819	H4	46135.5819	46138.6202
44388	TS	OPLS_sp3C	-0.25	H5	escaped	O6	44629.3255	O6	44629.3255	44633.4155
44388	TS	OPLS_sp3C	-0.25	H6	escaped	H6	36622.5412	H6	36622.5412	36622.7652
44388	TS	OPLS_sp3C	-0.25	H7	escaped	O4	43931.3914	O4	43931.3914	43931.5343
44388	TS	OPLS_sp3C	-0.25	H8	escaped	H8	42933.0263	H8	42933.0263	42933.0263
44388	TS	OPLS_sp3C	-0.50	H1	escaped	O5	56297.4380	O5	56297.4380	56302.4592
44388	TS	OPLS_sp3C	-0.50	H2	escaped	O1	67953.0020	O1	67953.0020	67957.2033
44388	TS	OPLS_sp3C	-0.50	H3	escaped	H3	56295.6383	H3	56295.6383	56296.0297
44388	TS	OPLS_sp3C	-0.50	H4	escaped	O5	52627.3951	O5	52627.3951	52632.2135
44388	TS	OPLS_sp3C	-0.50	H5	escaped	O6	51498.6798	O6	51498.6798	51503.7356
44388	TS	OPLS_sp3C	-0.50	H6	escaped	H6	49399.5733	H6	49399.5733	49399.8105
44388	TS	OPLS_sp3C	-0.50	H7	escaped	O4	62643.2433	O4	62643.2433	62643.3764
44388	TS	OPLS_sp3C	-0.50	H8	escaped	H8	57088.3497	H8	57088.3497	57088.3497
44388	TS	OPLS_sp3C	-0.75	H1	escaped	O5	68384.2791	O5	68384.2791	68389.2663
44388	TS	OPLS_sp3C	-0.75	H2	escaped	O1	77866.7518	O1	77866.7518	77870.3164
44388	TS	OPLS_sp3C	-0.75	H3	escaped	H3	77073.3305	H3	77073.3305	77074.0335
44388	TS	OPLS_sp3C	-0.75	H4	escaped	O5	80431.2597	O5	80431.2597	80436.7557
44388	TS	OPLS_sp3C	-0.75	H5	escaped	O6	77642.4003	O6	77642.4003	77647.6635
44388	TS	OPLS_sp3C	-0.75	H6	escaped	O2	69519.7093	O2	69519.7093	69519.9621
44388	TS	OPLS_sp3C	-0.75	H7	escaped	O4	68848.7774	O4	68848.7774	68848.9144
44388	TS	OPLS_sp3C	-0.75	H8	escaped	H8	76286.8266	H8	76286.8266	76286.8266
44388	TS	OPLS_sp3C	-1.00	H1	escaped	O5	94915.3087	O5	94915.3087	94920.2590
44388	TS	OPLS_sp3C	-1.00	H2	escaped	O1	81227.7846	O1	81227.7846	81230.9971
44388	TS	OPLS_sp3C	-1.00	H3	escaped	H3	80596.3250	H3	80596.3250	80597.2905
44388	TS	OPLS_sp3C	-1.00	H4	escaped	O5	87758.4942	O5	87758.4942	87764.2484
44388	TS	OPLS_sp3C	-1.00	H5	escaped	O6	81010.1924	O6	81010.1924	81015.5038
44388	TS	OPLS_sp3C	-1.00	H6	escaped	O2	75458.6988	O2	75458.6988	75459.7172
44388	TS	OPLS_sp3C	-1.00	H7	escaped	O4	87581.5419	O4	87581.5419	87581.6866
44388	TS	OPLS_sp3C	-1.00	H8	escaped	H8	76906.5105	H8	76906.5105	76906.5105
44388	TS	Behrens_3.55	+0.25	carbA	own	O1	2.9171	O1	2.9171	5.0599
44388	TS	Behrens_3.55	+0.25	carbB	own	O6	3.0458	H2	2.6935	7.6792
44388	TS	Behrens_3.55	+0.25	ether	migrated	O2	2.9423	O2	2.9423	6.6581
44388	TS	Behrens_3.55	+0.25	hydroxyl	migrated	O6	3.0103	O6	3.0103	5.3056
44388	TS	Behrens_3.55	+0.50	carbA	own	O1	2.7672	O1	2.7672	5.1639
44388	TS	Behrens_3.55	+0.50	carbB	own	O6	2.8937	H2	2.8728	8.4608
44388	TS	Behrens_3.55	+0.50	ether	migrated	O2	2.7731	O2	2.7731	6.3675
44388	TS	Behrens_3.55	+0.50	hydroxyl	migrated	O6	2.8235	O6	2.8235	5.3820
44388	TS	Behrens_3.55	+0.75	carbA	own	O1	2.6799	O1	2.6799	5.4097
44388	TS	Behrens_3.55	+0.75	carbB	own	O6	2.8223	O6	2.8223	8.4427
44388	TS	Behrens_3.55	+0.75	ether	migrated	O2	2.6766	O2	2.6766	6.1996
44388	TS	Behrens_3.55	+0.75	hydroxyl	migrated	O6	2.7191	O6	2.7191	5.4174
44388	TS	Behrens_3.55	+1.00	carbA	own	O1	2.6189	O1	2.6189	5.5822
44388	TS	Behrens_3.55	+1.00	carbB	own	O6	2.7590	O6	2.7590	8.4991
44388	TS	Behrens_3.55	+1.00	ether	migrated	O2	2.6095	O2	2.6095	6.0826
44388	TS	Behrens_3.55	+1.00	hydroxyl	migrated	O6	2.6471	O6	2.6471	5.4399
44388	TS	Behrens_3.55	-0.25	H1	escaped	O5	43056.3495	O5	43056.3495	43061.3049
44388	TS	Behrens_3.55	-0.25	H2	escaped	O1	33153.7989	O1	33153.7989	33159.1051
44388	TS	Behrens_3.55	-0.25	H3	escaped	H3	41825.5737	H3	41825.5737	41825.6431
44388	TS	Behrens_3.55	-0.25	H4	escaped	H4	46140.0228	H4	46140.0228	46143.0361
44388	TS	Behrens_3.55	-0.25	H5	escaped	O6	44676.7833	O6	44676.7833	44680.8520
44388	TS	Behrens_3.55	-0.25	H6	escaped	H6	36647.1522	H6	36647.1522	36647.3636
44388	TS	Behrens_3.55	-0.25	H7	escaped	O4	42715.6138	O4	42715.6138	42715.7631
44388	TS	Behrens_3.55	-0.25	H8	escaped	H8	42935.6531	H8	42935.6531	42935.6531
44388	TS	Behrens_3.55	-0.50	H1	escaped	O5	55512.1097	O5	55512.1097	55517.1135
44388	TS	Behrens_3.55	-0.50	H2	escaped	O1	68038.2623	O1	68038.2623	68042.4670
44388	TS	Behrens_3.55	-0.50	H3	escaped	H3	56315.4497	H3	56315.4497	56315.8351
44388	TS	Behrens_3.55	-0.50	H4	escaped	O5	52604.0305	O5	52604.0305	52608.8282
44388	TS	Behrens_3.55	-0.50	H5	escaped	O6	51553.1132	O6	51553.1132	51558.1494
44388	TS	Behrens_3.55	-0.50	H6	escaped	H6	49372.8318	H6	49372.8318	49373.0503
44388	TS	Behrens_3.55	-0.50	H7	escaped	O4	51965.9797	O4	51965.9797	51966.1165
44388	TS	Behrens_3.55	-0.50	H8	escaped	H8	57085.1687	H8	57085.1687	57085.1687
44388	TS	Behrens_3.55	-0.75	H1	escaped	O5	89856.7041	O5	89856.7041	89861.6784
44388	TS	Behrens_3.55	-0.75	H2	escaped	O1	77906.2774	O1	77906.2774	77909.8445
44388	TS	Behrens_3.55	-0.75	H3	escaped	H3	77047.3397	H3	77047.3397	77048.0373
44388	TS	Behrens_3.55	-0.75	H4	escaped	O5	80410.4213	O5	80410.4213	80415.9048
44388	TS	Behrens_3.55	-0.75	H5	escaped	O6	77680.2770	O6	77680.2770	77685.5243
44388	TS	Behrens_3.55	-0.75	H6	escaped	O2	69434.9037	O2	69434.9037	69435.1223
44388	TS	Behrens_3.55	-0.75	H7	escaped	O4	73227.4297	O4	73227.4297	73227.5736
44388	TS	Behrens_3.55	-0.75	H8	escaped	H8	76281.6175	H8	76281.6175	76281.6175
44388	TS	Behrens_3.55	-1.00	H1	escaped	O5	95200.2478	O5	95200.2478	95205.1883
44388	TS	Behrens_3.55	-1.00	H2	escaped	O1	81259.9154	O1	81259.9154	81263.1303
44388	TS	Behrens_3.55	-1.00	H3	escaped	H3	80566.4504	H3	80566.4504	80567.4116
44388	TS	Behrens_3.55	-1.00	H4	escaped	O5	87767.8619	O5	87767.8619	87773.6066
44388	TS	Behrens_3.55	-1.00	H5	escaped	O6	81042.3932	O6	81042.3932	81047.6915
44388	TS	Behrens_3.55	-1.00	H6	escaped	O2	75361.7698	O2	75361.7698	75362.7608
44388	TS	Behrens_3.55	-1.00	H7	escaped	O4	83443.1650	O4	83443.1650	83443.3120
44388	TS	Behrens_3.55	-1.00	H8	escaped	H8	76901.2183	H8	76901.2183	76901.2183
45688	R	N	+0.25	carbA	own	O1	2.8975	O1	2.8975	4.9354
45688	R	N	+0.25	carbB	own	O6	2.9628	H2	2.7926	7.5331
45688	R	N	+0.25	ether	migrated	O2	2.9078	O2	2.9078	6.1018
45688	R	N	+0.25	hydroxyl	own	O4	3.2637	C6	3.0859	4.1303
45688	R	N	+0.50	carbA	own	O1	2.7427	O1	2.7427	6.1355
45688	R	N	+0.50	carbB	own	O6	2.9410	C10	2.8997	8.0084
45688	R	N	+0.50	ether	migrated	O2	2.7487	O2	2.7487	5.8653
45688	R	N	+0.50	hydroxyl	migrated	O6	2.9410	C10	2.8997	8.0084
45688	R	N	+0.75	carbA	own	O1	2.6597	O1	2.6597	6.1817
45688	R	N	+0.75	carbB	own	O5	2.8304	C10	2.8183	8.0320
45688	R	N	+0.75	ether	migrated	O2	2.6558	O2	2.6558	5.7241
45688	R	N	+0.75	hydroxyl	migrated	O5	2.8304	C10	2.8183	8.0320
45688	R	N	+1.00	carbA	own	O1	2.6009	O1	2.6009	6.1852
45688	R	N	+1.00	carbB	own	O5	2.6410	O5	2.6410	8.7306
45688	R	N	+1.00	ether	migrated	O2	2.5906	O2	2.5906	5.6240
45688	R	N	+1.00	hydroxyl	migrated	O6	2.6198	O6	2.6198	5.5478
45688	R	N	-0.25	H1	escaped	O5	47721.5798	O5	47721.5798	47723.7294
45688	R	N	-0.25	H2	escaped	O1	34532.4505	O1	34532.4505	34537.9632
45688	R	N	-0.25	H3	escaped	H8	40936.3715	H8	40936.3715	40936.3715
45688	R	N	-0.25	H4	escaped	H4	46765.2699	H4	46765.2699	46768.0103
45688	R	N	-0.25	H5	escaped	O6	46806.9502	O6	46806.9502	46811.0943
45688	R	N	-0.25	H6	escaped	H6	37640.3552	H6	37640.3552	37641.3795
45688	R	N	-0.25	H7	escaped	H3	47030.8542	H3	47030.8542	47031.3171
45688	R	N	-0.25	H8	escaped	H8	42133.4759	H8	42133.4759	42133.4759
45688	R	N	-0.50	H1	escaped	O5	61735.2078	O5	61735.2078	61737.7658
45688	R	N	-0.50	H2	escaped	O1	52818.7483	O1	52818.7483	52823.4409
45688	R	N	-0.50	H3	escaped	H3	55321.8051	H3	55321.8051	55321.8873
45688	R	N	-0.50	H4	escaped	O5	53044.0286	O5	53044.0286	53048.5634
45688	R	N	-0.50	H5	escaped	O6	54181.1095	O6	54181.1095	54186.1630
45688	R	N	-0.50	H6	escaped	H6	51117.5616	H6	51117.5616	51118.6543
45688	R	N	-0.50	H7	escaped	H3	66388.6522	H3	66388.6522	66389.2725
45688	R	N	-0.50	H8	escaped	H8	55975.2282	H8	55975.2282	55975.2282
45688	R	N	-0.75	H1	escaped	O5	82622.1909	O5	82622.1909	82624.8775
45688	R	N	-0.75	H2	escaped	O1	78885.3450	O1	78885.3450	78889.4690
45688	R	N	-0.75	H3	escaped	H3	75320.3937	H3	75320.3937	75320.9210
45688	R	N	-0.75	H4	escaped	O5	80886.6810	O5	80886.6810	80891.8818
45688	R	N	-0.75	H5	escaped	O6	79383.5876	O6	79383.5876	79388.8326
45688	R	N	-0.75	H6	escaped	O1	72579.4761	O1	72579.4761	72580.8514
45688	R	N	-0.75	H7	escaped	H3	88406.6861	H3	88406.6861	88407.3693
45688	R	N	-0.75	H8	escaped	H8	74742.9922	H8	74742.9922	74742.9922
45688	R	N	-1.00	H1	escaped	O5	81677.1813	O5	81677.1813	81679.9305
45688	R	N	-1.00	H2	escaped	O1	82316.2142	O1	82316.2142	82320.0100
45688	R	N	-1.00	H3	escaped	H3	103822.7539	H3	103822.7539	103823.6974
45688	R	N	-1.00	H4	escaped	O5	86104.0276	O5	86104.0276	86109.5007
45688	R	N	-1.00	H5	escaped	O6	82632.3092	O6	82632.3092	82637.5991
45688	R	N	-1.00	H6	escaped	O1	78883.9150	O1	78883.9150	78885.8772
45688	R	N	-1.00	H7	escaped	H3	89034.1768	H3	89034.1768	89034.9055
45688	R	N	-1.00	H8	escaped	H8	75318.0724	H8	75318.0724	75318.0724
45688	R	N+5%	+0.25	carbA	own	O1	2.9753	O1	2.9753	4.9469
45688	R	N+5%	+0.25	carbB	own	O6	3.0325	H2	2.8458	7.6191
45688	R	N+5%	+0.25	ether	migrated	O2	2.9964	O2	2.9964	6.2270
45688	R	N+5%	+0.25	hydroxyl	migrated	O6	3.0325	H2	2.8458	7.6191
45688	R	N+5%	+0.50	carbA	own	O1	2.8174	O1	2.8174	6.0724
45688	R	N+5%	+0.50	carbB	own	O6	2.9925	C10	2.9799	8.0560
45688	R	N+5%	+0.50	ether	migrated	O2	2.8321	O2	2.8321	5.9883
45688	R	N+5%	+0.50	hydroxyl	migrated	O6	2.9925	C10	2.9799	8.0560
45688	R	N+5%	+0.75	carbA	own	O1	2.7319	O1	2.7319	6.1745
45688	R	N+5%	+0.75	carbB	own	O6	2.9356	C10	2.8921	8.0470
45688	R	N+5%	+0.75	ether	migrated	O2	2.7361	O2	2.7361	5.8449
45688	R	N+5%	+0.75	hydroxyl	migrated	O6	2.9356	C10	2.8921	8.0470
45688	R	N+5%	+1.00	carbA	own	O1	2.6715	O1	2.6715	6.1943
45688	R	N+5%	+1.00	carbB	own	O5	2.8383	C10	2.8329	8.0646
45688	R	N+5%	+1.00	ether	migrated	O2	2.6687	O2	2.6687	5.7429
45688	R	N+5%	+1.00	hydroxyl	migrated	O6	2.7020	O6	2.7020	5.5344
45688	R	N+5%	-0.25	H1	escaped	O5	48720.4136	O5	48720.4136	48722.4582
45688	R	N+5%	-0.25	H2	escaped	O1	34671.9131	O1	34671.9131	34677.4430
45688	R	N+5%	-0.25	H3	escaped	H8	40935.7030	H8	40935.7030	40935.7030
45688	R	N+5%	-0.25	H4	escaped	H4	46894.1542	H4	46894.1542	46896.8354
45688	R	N+5%	-0.25	H5	escaped	O6	47050.6474	O6	47050.6474	47054.7382
45688	R	N+5%	-0.25	H6	escaped	H6	37783.1501	H6	37783.1501	37784.1449
45688	R	N+5%	-0.25	H7	escaped	H3	48337.5243	H3	48337.5243	48337.9714
45688	R	N+5%	-0.25	H8	escaped	H8	42139.4465	H8	42139.4465	42139.4465
45688	R	N+5%	-0.50	H1	escaped	O5	62733.4892	O5	62733.4892	62735.9964
45688	R	N+5%	-0.50	H2	escaped	O1	53002.8072	O1	53002.8072	53007.5104
45688	R	N+5%	-0.50	H3	escaped	H3	55306.4139	H3	55306.4139	55306.4869
45688	R	N+5%	-0.50	H4	escaped	O5	53076.0195	O5	53076.0195	53080.5038
45688	R	N+5%	-0.50	H5	escaped	O6	54457.4674	O6	54457.4674	54462.4756
45688	R	N+5%	-0.50	H6	escaped	H6	51050.4554	H6	51050.4554	51051.5111
45688	R	N+5%	-0.50	H7	escaped	H3	71178.4559	H3	71178.4559	71179.0716
45688	R	N+5%	-0.50	H8	escaped	H8	55936.8121	H8	55936.8121	55936.8121
45688	R	N+5%	-0.75	H1	escaped	O5	84344.8301	O5	84344.8301	84347.4781
45688	R	N+5%	-0.75	H2	escaped	O1	78982.7484	O1	78982.7484	78986.8772
45688	R	N+5%	-0.75	H3	escaped	H3	75279.4545	H3	75279.4545	75279.9727
45688	R	N+5%	-0.75	H4	escaped	O5	80984.3233	O5	80984.3233	80989.4919
45688	R	N+5%	-0.75	H5	escaped	O6	79510.3243	O6	79510.3243	79515.5327
45688	R	N+5%	-0.75	H6	escaped	O1	72360.6446	O1	72360.6446	72361.9325
45688	R	N+5%	-0.75	H7	escaped	H3	68533.4864	H3	68533.4864	68534.1388
45688	R	N+5%	-0.75	H8	escaped	H8	74681.9697	H8	74681.9697	74681.9697
45688	R	N+5%	-1.00	H1	escaped	O5	82190.2708	O5	82190.2708	82192.9853
45688	R	N+5%	-1.00	H2	escaped	O1	82405.1792	O1	82405.1792	82408.9788
45688	R	N+5%	-1.00	H3	escaped	H3	103747.5444	H3	103747.5444	103748.4802
45688	R	N+5%	-1.00	H4	escaped	O5	86133.6197	O5	86133.6197	86139.0687
45688	R	N+5%	-1.00	H5	escaped	O6	82746.8167	O6	82746.8167	82752.0761
45688	R	N+5%	-1.00	H6	escaped	O1	78657.9868	O1	78657.9868	78659.8825
45688	R	N+5%	-1.00	H7	escaped	H3	95211.0678	H3	95211.0678	95211.7909
45688	R	N+5%	-1.00	H8	escaped	H8	75255.0710	H8	75255.0710	75255.0710
45688	R	N+10%	+0.25	carbA	own	O1	3.0531	O1	3.0531	4.9792
45688	R	N+10%	+0.25	carbB	own	O6	3.1046	H2	2.9015	7.7023
45688	R	N+10%	+0.25	ether	migrated	O2	3.0859	O2	3.0859	6.3522
45688	R	N+10%	+0.25	hydroxyl	migrated	O6	3.1046	H2	2.9015	7.7023
45688	R	N+10%	+0.50	carbA	own	O1	2.8928	O1	2.8928	5.9014
45688	R	N+10%	+0.50	carbB	own	O6	3.0477	O6	3.0477	8.1160
45688	R	N+10%	+0.50	ether	migrated	O2	2.9164	O2	2.9164	6.1114
45688	R	N+10%	+0.50	hydroxyl	migrated	O6	2.9690	O6	2.9690	5.4611
45688	R	N+10%	+0.75	carbA	own	O1	2.8044	O1	2.8044	6.1435
45688	R	N+10%	+0.75	carbB	own	O6	2.9879	C10	2.9693	8.0875
45688	R	N+10%	+0.75	ether	migrated	O2	2.8172	O2	2.8172	5.9659
45688	R	N+10%	+0.75	hydroxyl	migrated	O6	2.9879	C10	2.9693	8.0875
45688	R	N+10%	+1.00	carbA	own	O1	2.7423	O1	2.7423	6.1901
45688	R	N+10%	+1.00	carbB	own	O5	2.9413	C10	2.9053	8.0774
45688	R	N+10%	+1.00	ether	migrated	O2	2.7475	O2	2.7475	5.8620
45688	R	N+10%	+1.00	hydroxyl	migrated	O6	2.7853	O6	2.7853	5.5213
45688	R	N+10%	-0.25	H1	escaped	O5	49421.0900	O5	49421.0900	49423.0362
45688	R	N+10%	-0.25	H2	escaped	O1	34836.2668	O1	34836.2668	34841.8216
45688	R	N+10%	-0.25	H3	escaped	H8	40980.9036	H8	40980.9036	40980.9036
45688	R	N+10%	-0.25	H4	escaped	H4	46992.8341	H4	46992.8341	46995.4178
45688	R	N+10%	-0.25	H5	escaped	O6	47327.5005	O6	47327.5005	47331.5009
45688	R	N+10%	-0.25	H6	escaped	H6	37919.9786	H6	37919.9786	37920.9223
45688	R	N+10%	-0.25	H7	escaped	H3	49365.7371	H3	49365.7371	49366.1631
45688	R	N+10%	-0.25	H8	escaped	H8	42157.4428	H8	42157.4428	42157.4428
45688	R	N+10%	-0.50	H1	escaped	O5	63631.8751	O5	63631.8751	63634.3372
45688	R	N+10%	-0.50	H2	escaped	O1	53250.0035	O1	53250.0035	53254.7208
45688	R	N+10%	-0.50	H3	escaped	H3	55299.4749	H3	55299.4749	55299.5276
45688	R	N+10%	-0.50	H4	escaped	O5	53060.8219	O5	53060.8219	53065.2248
45688	R	N+10%	-0.50	H5	escaped	O6	54821.0888	O6	54821.0888	54826.0237
45688	R	N+10%	-0.50	H6	escaped	H6	50884.3914	H6	50884.3914	50885.3814
45688	R	N+10%	-0.50	H7	escaped	H3	55754.3127	H3	55754.3127	55754.9204
45688	R	N+10%	-0.50	H8	escaped	H8	55910.1881	H8	55910.1881	55910.1881
45688	R	N+10%	-0.75	H1	escaped	O5	86029.8359	O5	86029.8359	86032.4510
45688	R	N+10%	-0.75	H2	escaped	O1	79165.2461	O1	79165.2461	79169.3809
45688	R	N+10%	-0.75	H3	escaped	H3	75205.6482	H3	75205.6482	75206.1456
45688	R	N+10%	-0.75	H4	escaped	O5	81047.7181	O5	81047.7181	81052.8360
45688	R	N+10%	-0.75	H5	escaped	O6	79737.5628	O6	79737.5628	79742.7128
45688	R	N+10%	-0.75	H6	escaped	O1	71939.7638	O1	71939.7638	71940.8976
45688	R	N+10%	-0.75	H7	escaped	H3	69308.0105	H3	69308.0105	69308.6589
45688	R	N+10%	-0.75	H8	escaped	H8	74637.6386	H8	74637.6386	74637.6386
45688	R	N+10%	-1.00	H1	escaped	O5	82631.8339	O5	82631.8339	82634.5196
45688	R	N+10%	-1.00	H2	escaped	O1	82570.0513	O1	82570.0513	82573.8557
45688	R	N+10%	-1.00	H3	escaped	H3	103593.3155	H3	103593.3155	103594.2339
45688	R	N+10%	-1.00	H4	escaped	O5	86210.7343	O5	86210.7343	86216.1454
45688	R	N+10%	-1.00	H5	escaped	O6	82952.5182	O6	82952.5182	82957.7295
45688	R	N+10%	-1.00	H6	escaped	O1	78232.3943	O1	78232.3943	78234.1727
45688	R	N+10%	-1.00	H7	escaped	H3	98706.6880	H3	98706.6880	98707.4050
45688	R	N+10%	-1.00	H8	escaped	H8	75209.1478	H8	75209.1478	75209.1478
45688	R	OPLS_sp3C	+0.25	carbA	own	O1	2.9117	O1	2.9117	5.2572
45688	R	OPLS_sp3C	+0.25	carbB	own	O6	3.0517	H2	3.0510	8.1002
45688	R	OPLS_sp3C	+0.25	ether	migrated	O2	2.9306	O2	2.9306	6.1321
45688	R	OPLS_sp3C	+0.25	hydroxyl	migrated	O6	2.9864	O6	2.9864	5.4447
45688	R	OPLS_sp3C	+0.50	carbA	own	O1	2.7565	O1	2.7565	6.1725
45688	R	OPLS_sp3C	+0.50	carbB	own	O6	2.9534	C10	2.9186	8.0650
45688	R	OPLS_sp3C	+0.50	ether	migrated	O2	2.7634	O2	2.7634	5.8858
45688	R	OPLS_sp3C	+0.50	hydroxyl	migrated	O6	2.9534	C10	2.9186	8.0650
45688	R	OPLS_sp3C	+0.75	carbA	own	O1	2.6704	O1	2.6704	6.2008
45688	R	OPLS_sp3C	+0.75	carbB	own	O5	2.8307	O5	2.8307	8.0852
45688	R	OPLS_sp3C	+0.75	ether	migrated	O2	2.6672	O2	2.6672	5.7407
45688	R	OPLS_sp3C	+0.75	hydroxyl	migrated	O5	2.8307	O5	2.8307	8.0852
45688	R	OPLS_sp3C	+1.00	carbA	own	O1	2.6099	O1	2.6099	6.1984
45688	R	OPLS_sp3C	+1.00	carbB	own	O5	2.6518	O5	2.6518	8.7278
45688	R	OPLS_sp3C	+1.00	ether	migrated	O2	2.6001	O2	2.6001	5.6384
45688	R	OPLS_sp3C	+1.00	hydroxyl	migrated	O6	2.6288	O6	2.6288	5.5584
45688	R	OPLS_sp3C	-0.25	H1	escaped	O5	46410.1219	O5	46410.1219	46412.5043
45688	R	OPLS_sp3C	-0.25	H2	escaped	O1	34457.4550	O1	34457.4550	34462.9677
45688	R	OPLS_sp3C	-0.25	H3	escaped	H8	41238.2043	H8	41238.2043	41238.2043
45688	R	OPLS_sp3C	-0.25	H4	escaped	H4	46425.7716	H4	46425.7716	46428.4862
45688	R	OPLS_sp3C	-0.25	H5	escaped	O6	46655.6343	O6	46655.6343	46659.7694
45688	R	OPLS_sp3C	-0.25	H6	escaped	H6	37297.4902	H6	37297.4902	37298.4711
45688	R	OPLS_sp3C	-0.25	H7	escaped	H3	46540.2285	H3	46540.2285	46540.7497
45688	R	OPLS_sp3C	-0.25	H8	escaped	H8	42192.6984	H8	42192.6984	42192.6984
45688	R	OPLS_sp3C	-0.50	H1	escaped	O5	60853.4674	O5	60853.4674	60856.1188
45688	R	OPLS_sp3C	-0.50	H2	escaped	O1	52953.1809	O1	52953.1809	52957.8590
45688	R	OPLS_sp3C	-0.50	H3	escaped	H3	55203.6406	H3	55203.6406	55203.6782
45688	R	OPLS_sp3C	-0.50	H4	escaped	O5	52880.3053	O5	52880.3053	52884.8184
45688	R	OPLS_sp3C	-0.50	H5	escaped	O6	54316.2576	O6	54316.2576	54321.2695
45688	R	OPLS_sp3C	-0.50	H6	escaped	H6	50714.1334	H6	50714.1334	50715.1551
45688	R	OPLS_sp3C	-0.50	H7	escaped	H3	65616.6722	H3	65616.6722	65617.3200
45688	R	OPLS_sp3C	-0.50	H8	escaped	H8	56147.4948	H8	56147.4948	56147.4948
45688	R	OPLS_sp3C	-0.75	H1	escaped	O5	81421.5954	O5	81421.5954	81424.3387
45688	R	OPLS_sp3C	-0.75	H2	escaped	O1	79300.3054	O1	79300.3054	79304.4193
45688	R	OPLS_sp3C	-0.75	H3	escaped	H3	74885.2829	H3	74885.2829	74885.7607
45688	R	OPLS_sp3C	-0.75	H4	escaped	O5	80743.3148	O5	80743.3148	80748.4975
45688	R	OPLS_sp3C	-0.75	H5	escaped	O6	79856.0610	O6	79856.0610	79861.2643
45688	R	OPLS_sp3C	-0.75	H6	escaped	O1	72036.0545	O1	72036.0545	72037.2950
45688	R	OPLS_sp3C	-0.75	H7	escaped	H3	88600.2173	H3	88600.2173	88600.9184
45688	R	OPLS_sp3C	-0.75	H8	escaped	H8	75002.8341	H8	75002.8341	75002.8341
45688	R	OPLS_sp3C	-1.00	H1	escaped	O5	81558.2739	O5	81558.2739	81561.0632
45688	R	OPLS_sp3C	-1.00	H2	escaped	O1	82666.0460	O1	82666.0460	82669.8350
45688	R	OPLS_sp3C	-1.00	H3	escaped	H3	103499.4775	H3	103499.4775	103500.3775
45688	R	OPLS_sp3C	-1.00	H4	escaped	O5	86415.8373	O5	86415.8373	86421.2921
45688	R	OPLS_sp3C	-1.00	H5	escaped	O6	83040.3516	O6	83040.3516	83045.6049
45688	R	OPLS_sp3C	-1.00	H6	escaped	O1	78409.7244	O1	78409.7244	78411.5790
45688	R	OPLS_sp3C	-1.00	H7	escaped	H3	88741.1017	H3	88741.1017	88741.8426
45688	R	OPLS_sp3C	-1.00	H8	escaped	H8	75584.7300	H8	75584.7300	75584.7300
45688	R	Behrens_3.55	+0.25	carbA	own	O1	2.9361	O1	2.9361	5.1532
45688	R	Behrens_3.55	+0.25	carbB	own	O6	3.0698	H2	3.0602	8.1216
45688	R	Behrens_3.55	+0.25	ether	migrated	O2	2.9571	O2	2.9571	6.1702
45688	R	Behrens_3.55	+0.25	hydroxyl	migrated	O6	3.0152	O6	3.0152	5.4391
45688	R	Behrens_3.55	+0.50	carbA	own	O1	2.7787	O1	2.7787	6.1640
45688	R	Behrens_3.55	+0.50	carbB	own	O6	2.9695	C10	2.9422	8.0773
45688	R	Behrens_3.55	+0.50	ether	migrated	O2	2.7883	O2	2.7883	5.9229
45688	R	Behrens_3.55	+0.50	hydroxyl	migrated	O6	2.9695	C10	2.9422	8.0773
45688	R	Behrens_3.55	+0.75	carbA	own	O1	2.6919	O1	2.6919	6.2020
45688	R	Behrens_3.55	+0.75	carbB	own	O5	2.8632	C10	2.8547	8.0814
45688	R	Behrens_3.55	+0.75	ether	migrated	O2	2.6911	O2	2.6911	5.7770
45688	R	Behrens_3.55	+0.75	hydroxyl	migrated	O5	2.8632	C10	2.8547	8.0814
45688	R	Behrens_3.55	+1.00	carbA	own	O1	2.6308	O1	2.6308	6.2030
45688	R	Behrens_3.55	+1.00	carbB	own	O5	2.6838	O5	2.6838	8.6601
45688	R	Behrens_3.55	+1.00	ether	migrated	O2	2.6233	O2	2.6233	5.6740
45688	R	Behrens_3.55	+1.00	hydroxyl	migrated	O6	2.6532	O6	2.6532	5.5544
45688	R	Behrens_3.55	-0.25	H1	escaped	O5	46523.5138	O5	46523.5138	46525.8785
45688	R	Behrens_3.55	-0.25	H2	escaped	O1	34488.3955	O1	34488.3955	34493.9133
45688	R	Behrens_3.55	-0.25	H3	escaped	H8	41248.1738	H8	41248.1738	41248.1738
45688	R	Behrens_3.55	-0.25	H4	escaped	H4	46441.0796	H4	46441.0796	46443.7748
45688	R	Behrens_3.55	-0.25	H5	escaped	O6	46707.3409	O6	46707.3409	46711.4583
45688	R	Behrens_3.55	-0.25	H6	escaped	H6	37320.7014	H6	37320.7014	37321.6718
45688	R	Behrens_3.55	-0.25	H7	escaped	H3	46896.0314	H3	46896.0314	46896.5518
45688	R	Behrens_3.55	-0.25	H8	escaped	H8	42191.7711	H8	42191.7711	42191.7711
45688	R	Behrens_3.55	-0.50	H1	escaped	O5	61049.4494	O5	61049.4494	61052.0905
45688	R	Behrens_3.55	-0.50	H2	escaped	O1	53003.2547	O1	53003.2547	53007.9355
45688	R	Behrens_3.55	-0.50	H3	escaped	H3	55237.9422	H3	55237.9422	55237.9750
45688	R	Behrens_3.55	-0.50	H4	escaped	O5	52876.6193	O5	52876.6193	52881.1164
45688	R	Behrens_3.55	-0.50	H5	escaped	O6	54388.3515	O6	54388.3515	54393.3488
45688	R	Behrens_3.55	-0.50	H6	escaped	H6	50678.6137	H6	50678.6137	50679.6218
45688	R	Behrens_3.55	-0.50	H7	escaped	H3	67173.9529	H3	67173.9529	67174.6012
45688	R	Behrens_3.55	-0.50	H8	escaped	H8	56141.2128	H8	56141.2128	56141.2128
45688	R	Behrens_3.55	-0.75	H1	escaped	O5	81747.8763	O5	81747.8763	81750.6107
45688	R	Behrens_3.55	-0.75	H2	escaped	O1	79339.5238	O1	79339.5238	79343.6388
45688	R	Behrens_3.55	-0.75	H3	escaped	H3	74894.0464	H3	74894.0464	74894.5192
45688	R	Behrens_3.55	-0.75	H4	escaped	O5	80755.8924	O5	80755.8924	80761.0651
45688	R	Behrens_3.55	-0.75	H5	escaped	O6	79904.5323	O6	79904.5323	79909.7238
45688	R	Behrens_3.55	-0.75	H6	escaped	O1	71950.1056	O1	71950.1056	71951.3146
45688	R	Behrens_3.55	-0.75	H7	escaped	H3	88487.7974	H3	88487.7974	88488.4964
45688	R	Behrens_3.55	-0.75	H8	escaped	H8	74993.7206	H8	74993.7206	74993.7206
45688	R	Behrens_3.55	-1.00	H1	escaped	O5	81690.3808	O5	81690.3808	81693.1616
45688	R	Behrens_3.55	-1.00	H2	escaped	O1	82701.3572	O1	82701.3572	82705.1471
45688	R	Behrens_3.55	-1.00	H3	escaped	H3	103463.9198	H3	103463.9198	103464.8157
45688	R	Behrens_3.55	-1.00	H4	escaped	O5	86432.9905	O5	86432.9905	86438.4377
45688	R	Behrens_3.55	-1.00	H5	escaped	O6	83084.1749	O6	83084.1749	83089.4185
45688	R	Behrens_3.55	-1.00	H6	escaped	O1	78323.9017	O1	78323.9017	78325.7322
45688	R	Behrens_3.55	-1.00	H7	escaped	H3	90402.8121	H3	90402.8121	90403.5522
45688	R	Behrens_3.55	-1.00	H8	escaped	H8	75575.7092	H8	75575.7092	75575.7092
45688	TS	N	+0.25	carbA	own	O1	2.8957	O1	2.8957	5.0649
45688	TS	N	+0.25	carbB	own	O6	3.0243	H2	2.9975	8.6392
45688	TS	N	+0.25	ether	migrated	O2	2.9109	O2	2.9109	6.4763
45688	TS	N	+0.25	hydroxyl	migrated	O6	2.9743	O6	2.9743	5.3838
45688	TS	N	+0.50	carbA	own	O1	2.7506	O1	2.7506	5.1575
45688	TS	N	+0.50	carbB	own	O6	2.8887	O6	2.8887	8.5749
45688	TS	N	+0.50	ether	migrated	O2	2.7477	O2	2.7477	6.2029
45688	TS	N	+0.50	hydroxyl	migrated	O6	2.7925	O6	2.7925	5.4750
45688	TS	N	+0.75	carbA	own	O1	2.6574	O1	2.6574	5.6870
45688	TS	N	+0.75	carbB	own	O5	2.7640	O5	2.7640	8.7045
45688	TS	N	+0.75	ether	migrated	O2	2.6535	O2	2.6535	6.0408
45688	TS	N	+0.75	hydroxyl	migrated	O6	2.6909	O6	2.6909	5.5157
45688	TS	N	+1.00	carbA	own	O1	2.5969	O1	2.5969	5.8609
45688	TS	N	+1.00	carbB	own	O5	2.6401	O5	2.6401	8.9787
45688	TS	N	+1.00	ether	migrated	O2	2.5877	O2	2.5877	5.9266
45688	TS	N	+1.00	hydroxyl	migrated	O6	2.6207	O6	2.6207	5.5409
45688	TS	N	-0.25	H1	escaped	O5	51042.2646	O5	51042.2646	51046.4726
45688	TS	N	-0.25	H2	escaped	O1	43957.2956	O1	43957.2956	43962.6501
45688	TS	N	-0.25	H3	escaped	H8	41551.5043	H8	41551.5043	41551.5043
45688	TS	N	-0.25	H4	escaped	H4	46277.5063	H4	46277.5063	46280.2190
45688	TS	N	-0.25	H5	escaped	O6	45774.7697	O6	45774.7697	45778.9907
45688	TS	N	-0.25	H6	escaped	H6	37252.3441	H6	37252.3441	37252.9773
45688	TS	N	-0.25	H7	escaped	H4	38957.6956	H4	38957.6956	38957.8673
45688	TS	N	-0.25	H8	escaped	H8	42885.5621	H8	42885.5621	42885.5621
45688	TS	N	-0.50	H1	escaped	O5	57257.0150	O5	57257.0150	57261.2744
45688	TS	N	-0.50	H2	escaped	O1	49975.1448	O1	49975.1448	49979.8069
45688	TS	N	-0.50	H3	escaped	H3	56575.6225	H3	56575.6225	56575.9162
45688	TS	N	-0.50	H4	escaped	O5	52729.1195	O5	52729.1195	52733.6786
45688	TS	N	-0.50	H5	escaped	O6	52701.6572	O6	52701.6572	52706.7819
45688	TS	N	-0.50	H6	escaped	H6	49944.1189	H6	49944.1189	49944.6569
45688	TS	N	-0.50	H7	escaped	H4	51644.0696	H4	51644.0696	51644.3954
45688	TS	N	-0.50	H8	escaped	H8	56725.6527	H8	56725.6527	56725.6527
45688	TS	N	-0.75	H1	escaped	O5	69897.5053	O5	69897.5053	69901.7696
45688	TS	N	-0.75	H2	escaped	O1	75087.9029	O1	75087.9029	75092.0031
45688	TS	N	-0.75	H3	escaped	H3	78118.7955	H3	78118.7955	78119.4748
45688	TS	N	-0.75	H4	escaped	O5	80569.7985	O5	80569.7985	80575.0424
45688	TS	N	-0.75	H5	escaped	O6	77956.6133	O6	77956.6133	77961.9147
45688	TS	N	-0.75	H6	escaped	H6	69799.2223	H6	69799.2223	69799.5941
45688	TS	N	-0.75	H7	escaped	H4	75619.0650	H4	75619.0650	75619.4665
45688	TS	N	-0.75	H8	escaped	H8	75522.0559	H8	75522.0559	75522.0559
45688	TS	N	-1.00	H1	escaped	O5	88350.1815	O5	88350.1815	88354.4079
45688	TS	N	-1.00	H2	escaped	O1	78650.0734	O1	78650.0734	78653.8268
45688	TS	N	-1.00	H3	escaped	H3	82044.1318	H3	82044.1318	82045.0986
45688	TS	N	-1.00	H4	escaped	O5	87767.5328	O5	87767.5328	87773.0429
45688	TS	N	-1.00	H5	escaped	O6	81235.9372	O6	81235.9372	81241.2708
45688	TS	N	-1.00	H6	escaped	O2	75287.0760	O2	75287.0760	75287.9050
45688	TS	N	-1.00	H7	escaped	H4	87568.6915	H4	87568.6915	87569.1313
45688	TS	N	-1.00	H8	escaped	H8	75927.3861	H8	75927.3861	75927.3861
45688	TS	N+5%	+0.25	carbA	own	O1	2.9725	O1	2.9725	5.1136
45688	TS	N+5%	+0.25	carbB	own	O6	3.0958	H2	3.0401	8.7172
45688	TS	N+5%	+0.25	ether	migrated	O2	3.0028	O2	3.0028	6.6232
45688	TS	N+5%	+0.25	hydroxyl	migrated	O6	3.0697	O6	3.0697	5.3662
45688	TS	N+5%	+0.50	carbA	own	O1	2.8246	O1	2.8246	5.1540
45688	TS	N+5%	+0.50	carbB	own	O6	2.9597	O6	2.9597	8.6260
45688	TS	N+5%	+0.50	ether	migrated	O2	2.8327	O2	2.8327	6.3440
45688	TS	N+5%	+0.50	hydroxyl	migrated	O6	2.8807	O6	2.8807	5.4603
45688	TS	N+5%	+0.75	carbA	own	O1	2.7353	O1	2.7353	5.3223
45688	TS	N+5%	+0.75	carbB	own	O6	2.8721	O6	2.8721	8.6055
45688	TS	N+5%	+0.75	ether	migrated	O2	2.7348	O2	2.7348	6.1783
45688	TS	N+5%	+0.75	hydroxyl	migrated	O6	2.7754	O6	2.7754	5.5013
45688	TS	N+5%	+1.00	carbA	own	O1	2.6686	O1	2.6686	5.7233
45688	TS	N+5%	+1.00	carbB	own	O5	2.7776	O5	2.7776	8.7145
45688	TS	N+5%	+1.00	ether	migrated	O2	2.6664	O2	2.6664	6.0611
45688	TS	N+5%	+1.00	hydroxyl	migrated	O5	2.7776	O5	2.7776	8.7145
45688	TS	N+5%	-0.25	H1	escaped	O5	52590.7606	O5	52590.7606	52594.8025
45688	TS	N+5%	-0.25	H2	escaped	O1	44217.1250	O1	44217.1250	44222.5132
45688	TS	N+5%	-0.25	H3	escaped	H8	41566.3923	H8	41566.3923	41566.3923
45688	TS	N+5%	-0.25	H4	escaped	H4	46364.5350	H4	46364.5350	46367.1699
45688	TS	N+5%	-0.25	H5	escaped	O6	46014.5133	O6	46014.5133	46018.6753
45688	TS	N+5%	-0.25	H6	escaped	H6	37401.9332	H6	37401.9332	37402.5346
45688	TS	N+5%	-0.25	H7	escaped	H4	39944.8750	H4	39944.8750	39945.0497
45688	TS	N+5%	-0.25	H8	escaped	H8	49742.2754	H8	49742.2754	49742.2754
45688	TS	N+5%	-0.50	H1	escaped	O5	57604.6520	O5	57604.6520	57608.7836
45688	TS	N+5%	-0.50	H2	escaped	O1	50195.6017	O1	50195.6017	50200.2957
45688	TS	N+5%	-0.50	H3	escaped	H3	56550.0288	H3	56550.0288	56550.3109
45688	TS	N+5%	-0.50	H4	escaped	O5	52700.4012	O5	52700.4012	52704.8934
45688	TS	N+5%	-0.50	H5	escaped	O6	52948.4429	O6	52948.4429	52953.5135
45688	TS	N+5%	-0.50	H6	escaped	H6	49918.4117	H6	49918.4117	49918.9031
45688	TS	N+5%	-0.50	H7	escaped	H4	48704.5780	H4	48704.5780	48704.9199
45688	TS	N+5%	-0.50	H8	escaped	H8	56702.3573	H8	56702.3573	56702.3573
45688	TS	N+5%	-0.75	H1	escaped	O5	70619.7336	O5	70619.7336	70623.8928
45688	TS	N+5%	-0.75	H2	escaped	O1	75168.2343	O1	75168.2343	75172.3590
45688	TS	N+5%	-0.75	H3	escaped	H3	78064.0615	H3	78064.0615	78064.7318
45688	TS	N+5%	-0.75	H4	escaped	O5	80563.1921	O5	80563.1921	80568.3942
45688	TS	N+5%	-0.75	H5	escaped	O6	78065.8559	O6	78065.8559	78071.1130
45688	TS	N+5%	-0.75	H6	escaped	H6	69606.7091	H6	69606.7091	69607.0247
45688	TS	N+5%	-0.75	H7	escaped	H4	59520.3357	H4	59520.3357	59520.7527
45688	TS	N+5%	-0.75	H8	escaped	H8	75478.7994	H8	75478.7994	75478.7994
45688	TS	N+5%	-1.00	H1	escaped	O5	104279.2846	O5	104279.2846	104283.4550
45688	TS	N+5%	-1.00	H2	escaped	O1	78710.7014	O1	78710.7014	78714.4762
45688	TS	N+5%	-1.00	H3	escaped	H3	82001.2029	H3	82001.2029	82002.1638
45688	TS	N+5%	-1.00	H4	escaped	O5	87775.3399	O5	87775.3399	87780.8186
45688	TS	N+5%	-1.00	H5	escaped	O6	81330.4316	O6	81330.4316	81335.7283
45688	TS	N+5%	-1.00	H6	escaped	O2	75042.7577	O2	75042.7577	75043.4982
45688	TS	N+5%	-1.00	H7	escaped	H4	67557.6024	H4	67557.6024	67558.0587
45688	TS	N+5%	-1.00	H8	escaped	H8	75880.9656	H8	75880.9656	75880.9656
45688	TS	N+10%	+0.25	carbA	own	O1	3.0495	O1	3.0495	5.1662
45688	TS	N+10%	+0.25	carbB	own	O6	3.1681	H2	3.0883	8.7978
45688	TS	N+10%	+0.25	ether	migrated	O2	3.0970	O2	3.0970	6.7746
45688	TS	N+10%	+0.25	hydroxyl	migrated	O6	3.1652	O6	3.1652	5.3509
45688	TS	N+10%	+0.50	carbA	own	O1	2.8983	O1	2.8983	5.1802
45688	TS	N+10%	+0.50	carbB	own	O6	3.0293	O6	3.0293	8.6904
45688	TS	N+10%	+0.50	ether	migrated	O2	2.9193	O2	2.9193	6.4873
45688	TS	N+10%	+0.50	hydroxyl	migrated	O6	2.9694	O6	2.9694	5.4471
45688	TS	N+10%	+0.75	carbA	own	O1	2.8090	O1	2.8090	5.2367
45688	TS	N+10%	+0.75	carbB	own	O6	2.9443	O6	2.9443	8.6418
45688	TS	N+10%	+0.75	ether	migrated	O2	2.8173	O2	2.8173	6.3172
45688	TS	N+10%	+0.75	hydroxyl	migrated	O6	2.8604	O6	2.8604	5.4884
45688	TS	N+10%	+1.00	carbA	own	O1	2.7434	O1	2.7434	5.4224
45688	TS	N+10%	+1.00	carbB	own	O6	2.8792	O6	2.8792	8.6305
45688	TS	N+10%	+1.00	ether	migrated	O2	2.7463	O2	2.7463	6.1970
45688	TS	N+10%	+1.00	hydroxyl	migrated	O6	2.7852	O6	2.7852	5.5131
45688	TS	N+10%	-0.25	H1	escaped	O5	49105.7959	O5	49105.7959	49109.7106
45688	TS	N+10%	-0.25	H2	escaped	O1	33633.6496	O1	33633.6496	33639.0851
45688	TS	N+10%	-0.25	H3	escaped	H8	41623.3737	H8	41623.3737	41623.3737
45688	TS	N+10%	-0.25	H4	escaped	H4	46410.9430	H4	46410.9430	46413.4505
45688	TS	N+10%	-0.25	H5	escaped	O6	46300.1705	O6	46300.1705	46304.2346
45688	TS	N+10%	-0.25	H6	escaped	H6	37562.5523	H6	37562.5523	37563.1002
45688	TS	N+10%	-0.25	H7	escaped	H4	40653.6319	H4	40653.6319	40653.7998
45688	TS	N+10%	-0.25	H8	escaped	H8	49949.3700	H8	49949.3700	49949.3700
45688	TS	N+10%	-0.50	H1	escaped	O5	59235.8806	O5	59235.8806	59239.8865
45688	TS	N+10%	-0.50	H2	escaped	O1	50522.1460	O1	50522.1460	50526.8821
45688	TS	N+10%	-0.50	H3	escaped	H3	56519.5996	H3	56519.5996	56519.8587
45688	TS	N+10%	-0.50	H4	escaped	O5	69677.3366	O5	69677.3366	69681.7205
45688	TS	N+10%	-0.50	H5	escaped	O6	53284.8238	O6	53284.8238	53289.8074
45688	TS	N+10%	-0.50	H6	escaped	H6	49846.2637	H6	49846.2637	49846.6746
45688	TS	N+10%	-0.50	H7	escaped	H4	61011.4059	H4	61011.4059	61011.7536
45688	TS	N+10%	-0.50	H8	escaped	H8	56689.3944	H8	56689.3944	56689.3944
45688	TS	N+10%	-0.75	H1	escaped	O5	92287.1515	O5	92287.1515	92291.2042
45688	TS	N+10%	-0.75	H2	escaped	O1	75339.0643	O1	75339.0643	75343.2219
45688	TS	N+10%	-0.75	H3	escaped	H3	77974.2748	H3	77974.2748	77974.9272
45688	TS	N+10%	-0.75	H4	escaped	O5	80470.9211	O5	80470.9211	80476.0571
45688	TS	N+10%	-0.75	H5	escaped	O6	78270.7370	O6	78270.7370	78275.9239
45688	TS	N+10%	-0.75	H6	escaped	H6	69279.6981	H6	69279.6981	69279.9161
45688	TS	N+10%	-0.75	H7	escaped	H4	61458.8737	H4	61458.8737	61459.2977
45688	TS	N+10%	-0.75	H8	escaped	H8	75449.8162	H8	75449.8162	75449.8162
45688	TS	N+10%	-1.00	H1	escaped	O5	104935.9736	O5	104935.9736	104940.0505
45688	TS	N+10%	-1.00	H2	escaped	O1	78841.8565	O1	78841.8565	78845.6601
45688	TS	N+10%	-1.00	H3	escaped	H3	81932.0100	H3	81932.0100	81932.9591
45688	TS	N+10%	-1.00	H4	escaped	O5	87818.1858	O5	87818.1858	87823.6153
45688	TS	N+10%	-1.00	H5	escaped	O6	81508.0882	O6	81508.0882	81513.3268
45688	TS	N+10%	-1.00	H6	escaped	O2	74637.0584	O2	74637.0584	74637.6468
45688	TS	N+10%	-1.00	H7	escaped	H4	68836.3726	H4	68836.3726	68836.8378
45688	TS	N+10%	-1.00	H8	escaped	H8	75849.0380	H8	75849.0380	75849.0380
45688	TS	OPLS_sp3C	+0.25	carbA	own	O1	2.9120	O1	2.9120	5.1520
45688	TS	OPLS_sp3C	+0.25	carbB	own	O6	3.0417	O6	3.0417	8.6893
45688	TS	OPLS_sp3C	+0.25	ether	migrated	O2	2.9341	O2	2.9341	6.5116
45688	TS	OPLS_sp3C	+0.25	hydroxyl	migrated	O6	2.9882	O6	2.9882	5.4266
45688	TS	OPLS_sp3C	+0.50	carbA	own	O1	2.7602	O1	2.7602	5.2946
45688	TS	OPLS_sp3C	+0.50	carbB	own	O6	2.8966	O6	2.8966	8.6189
45688	TS	OPLS_sp3C	+0.50	ether	migrated	O2	2.7625	O2	2.7625	6.2249
45688	TS	OPLS_sp3C	+0.50	hydroxyl	migrated	O6	2.8035	O6	2.8035	5.5003
45688	TS	OPLS_sp3C	+0.75	carbA	own	O1	2.6670	O1	2.6670	5.7619
45688	TS	OPLS_sp3C	+0.75	carbB	own	O5	2.7618	O5	2.7618	8.7832
45688	TS	OPLS_sp3C	+0.75	ether	migrated	O2	2.6649	O2	2.6649	6.0580
45688	TS	OPLS_sp3C	+0.75	hydroxyl	migrated	O6	2.7001	O6	2.7001	5.5336
45688	TS	OPLS_sp3C	+1.00	carbA	own	O1	2.6053	O1	2.6053	5.8880
45688	TS	OPLS_sp3C	+1.00	carbB	own	O5	2.6505	O5	2.6505	8.9842
45688	TS	OPLS_sp3C	+1.00	ether	migrated	O2	2.5972	O2	2.5972	5.9413
45688	TS	OPLS_sp3C	+1.00	hydroxyl	migrated	O6	2.6287	O6	2.6287	5.5545
45688	TS	OPLS_sp3C	-0.25	H1	escaped	O5	50966.4786	O5	50966.4786	50970.6800
45688	TS	OPLS_sp3C	-0.25	H2	escaped	O1	43869.6964	O1	43869.6964	43875.0663
45688	TS	OPLS_sp3C	-0.25	H3	escaped	H8	41823.7024	H8	41823.7024	41823.7024
45688	TS	OPLS_sp3C	-0.25	H4	escaped	H4	45926.7860	H4	45926.7860	45929.4570
45688	TS	OPLS_sp3C	-0.25	H5	escaped	O6	45646.1691	O6	45646.1691	45650.3719
45688	TS	OPLS_sp3C	-0.25	H6	escaped	H6	36962.5416	H6	36962.5416	36963.1215
45688	TS	OPLS_sp3C	-0.25	H7	escaped	H4	37955.0923	H4	37955.0923	37955.3179
45688	TS	OPLS_sp3C	-0.25	H8	escaped	H8	42892.6733	H8	42892.6733	42892.6733
45688	TS	OPLS_sp3C	-0.50	H1	escaped	O5	57129.2760	O5	57129.2760	57133.5129
45688	TS	OPLS_sp3C	-0.50	H2	escaped	O1	66488.8739	O1	66488.8739	66493.5309
45688	TS	OPLS_sp3C	-0.50	H3	escaped	H3	56677.6766	H3	56677.6766	56677.9433
45688	TS	OPLS_sp3C	-0.50	H4	escaped	O5	52510.0051	O5	52510.0051	52514.5269
45688	TS	OPLS_sp3C	-0.50	H5	escaped	O6	52860.3427	O6	52860.3427	52865.4131
45688	TS	OPLS_sp3C	-0.50	H6	escaped	H6	49630.2499	H6	49630.2499	49630.6917
45688	TS	OPLS_sp3C	-0.50	H7	escaped	H4	53344.9094	H4	53344.9094	53345.2666
45688	TS	OPLS_sp3C	-0.50	H8	escaped	H8	56853.4025	H8	56853.4025	56853.4025
45688	TS	OPLS_sp3C	-0.75	H1	escaped	O5	69971.2073	O5	69971.2073	69975.4486
45688	TS	OPLS_sp3C	-0.75	H2	escaped	O1	75549.0669	O1	75549.0669	75553.1660
45688	TS	OPLS_sp3C	-0.75	H3	escaped	H3	78150.8305	H3	78150.8305	78151.4847
45688	TS	OPLS_sp3C	-0.75	H4	escaped	O5	80308.9729	O5	80308.9729	80314.1904
45688	TS	OPLS_sp3C	-0.75	H5	escaped	O6	78419.8357	O6	78419.8357	78425.0841
45688	TS	OPLS_sp3C	-0.75	H6	escaped	H6	69331.8834	H6	69331.8834	69332.1373
45688	TS	OPLS_sp3C	-0.75	H7	escaped	H4	74861.0923	H4	74861.0923	74861.5181
45688	TS	OPLS_sp3C	-0.75	H8	escaped	H8	75724.9793	H8	75724.9793	75724.9793
45688	TS	OPLS_sp3C	-1.00	H1	escaped	O5	87460.7773	O5	87460.7773	87464.9967
45688	TS	OPLS_sp3C	-1.00	H2	escaped	O1	79014.2984	O1	79014.2984	79018.0542
45688	TS	OPLS_sp3C	-1.00	H3	escaped	H3	82105.0427	H3	82105.0427	82105.9915
45688	TS	OPLS_sp3C	-1.00	H4	escaped	O5	88046.3961	O5	88046.3961	88051.8820
45688	TS	OPLS_sp3C	-1.00	H5	escaped	O6	81625.7667	O6	81625.7667	81631.0541
45688	TS	OPLS_sp3C	-1.00	H6	escaped	O2	74835.6599	O2	74835.6599	74836.3424
45688	TS	OPLS_sp3C	-1.00	H7	escaped	H4	86843.6742	H4	86843.6742	86844.1323
45688	TS	OPLS_sp3C	-1.00	H8	escaped	H8	76138.6533	H8	76138.6533	76138.6533
45688	TS	Behrens_3.55	+0.25	carbA	own	O1	2.9350	O1	2.9350	5.1647
45688	TS	Behrens_3.55	+0.25	carbB	own	O6	3.0633	O6	3.0633	8.7116
45688	TS	Behrens_3.55	+0.25	ether	migrated	O2	2.9616	O2	2.9616	6.5567
45688	TS	Behrens_3.55	+0.25	hydroxyl	migrated	O6	3.0161	O6	3.0161	5.4226
45688	TS	Behrens_3.55	+0.50	carbA	own	O1	2.7827	O1	2.7827	5.2673
45688	TS	Behrens_3.55	+0.50	carbB	own	O6	2.9187	O6	2.9187	8.6299
45688	TS	Behrens_3.55	+0.50	ether	migrated	O2	2.7878	O2	2.7878	6.2675
45688	TS	Behrens_3.55	+0.50	hydroxyl	migrated	O6	2.8295	O6	2.8295	5.4964
45688	TS	Behrens_3.55	+0.75	carbA	own	O1	2.6890	O1	2.6890	5.7031
45688	TS	Behrens_3.55	+0.75	carbB	own	O5	2.8134	O5	2.8134	8.6749
45688	TS	Behrens_3.55	+0.75	ether	migrated	O2	2.6890	O2	2.6890	6.0993
45688	TS	Behrens_3.55	+0.75	hydroxyl	migrated	O6	2.7251	O6	2.7251	5.5295
45688	TS	Behrens_3.55	+1.00	carbA	own	O1	2.6264	O1	2.6264	5.8638
45688	TS	Behrens_3.55	+1.00	carbB	own	O5	2.6781	O5	2.6781	8.9731
45688	TS	Behrens_3.55	+1.00	ether	migrated	O2	2.6205	O2	2.6205	5.9815
45688	TS	Behrens_3.55	+1.00	hydroxyl	migrated	O6	2.6529	O6	2.6529	5.5503
45688	TS	Behrens_3.55	-0.25	H1	escaped	O5	39689.7327	O5	39689.7327	39693.8891
45688	TS	Behrens_3.55	-0.25	H2	escaped	O1	43931.0476	O1	43931.0476	43936.4275
45688	TS	Behrens_3.55	-0.25	H3	escaped	H8	41835.4661	H8	41835.4661	41835.4661
45688	TS	Behrens_3.55	-0.25	H4	escaped	H4	45932.3476	H4	45932.3476	45934.9936
45688	TS	Behrens_3.55	-0.25	H5	escaped	O6	45698.9289	O6	45698.9289	45703.1121
45688	TS	Behrens_3.55	-0.25	H6	escaped	H6	36990.8901	H6	36990.8901	36991.4590
45688	TS	Behrens_3.55	-0.25	H7	escaped	H4	38270.4768	H4	38270.4768	38270.7074
45688	TS	Behrens_3.55	-0.25	H8	escaped	H8	42895.3128	H8	42895.3128	42895.3128
45688	TS	Behrens_3.55	-0.50	H1	escaped	O5	57163.2047	O5	57163.2047	57167.4061
45688	TS	Behrens_3.55	-0.50	H2	escaped	O1	66572.8288	O1	66572.8288	66577.4945
45688	TS	Behrens_3.55	-0.50	H3	escaped	H3	56670.1171	H3	56670.1171	56670.3785
45688	TS	Behrens_3.55	-0.50	H4	escaped	O5	69534.4276	O5	69534.4276	69538.9282
45688	TS	Behrens_3.55	-0.50	H5	escaped	O6	52926.6872	O6	52926.6872	52931.7401
45688	TS	Behrens_3.55	-0.50	H6	escaped	H6	49614.0572	H6	49614.0572	49614.4823
45688	TS	Behrens_3.55	-0.50	H7	escaped	H4	53325.4569	H4	53325.4569	53325.8222
45688	TS	Behrens_3.55	-0.50	H8	escaped	H8	56849.6193	H8	56849.6193	56849.6193
45688	TS	Behrens_3.55	-0.75	H1	escaped	O5	70436.2160	O5	70436.2160	70440.4279
45688	TS	Behrens_3.55	-0.75	H2	escaped	O1	75585.1672	O1	75585.1672	75589.2730
45688	TS	Behrens_3.55	-0.75	H3	escaped	H3	78129.3161	H3	78129.3161	78129.9662
45688	TS	Behrens_3.55	-0.75	H4	escaped	O5	80291.1952	O5	80291.1952	80296.3996
45688	TS	Behrens_3.55	-0.75	H5	escaped	O6	78463.4124	O6	78463.4124	78468.6465
45688	TS	Behrens_3.55	-0.75	H6	escaped	H6	69264.7493	H6	69264.7493	69264.9829
45688	TS	Behrens_3.55	-0.75	H7	escaped	H4	75883.8792	H4	75883.8792	75884.3119
45688	TS	Behrens_3.55	-0.75	H8	escaped	H8	75718.7092	H8	75718.7092	75718.7092
45688	TS	Behrens_3.55	-1.00	H1	escaped	O5	104040.8050	O5	104040.8050	104045.0184
45688	TS	Behrens_3.55	-1.00	H2	escaped	O1	79042.2805	O1	79042.2805	79046.0421
45688	TS	Behrens_3.55	-1.00	H3	escaped	H3	82087.8573	H3	82087.8573	82088.8033
45688	TS	Behrens_3.55	-1.00	H4	escaped	O5	88056.5644	O5	88056.5644	88062.0405
45688	TS	Behrens_3.55	-1.00	H5	escaped	O6	81663.6156	O6	81663.6156	81668.8913
45688	TS	Behrens_3.55	-1.00	H6	escaped	O2	74753.3677	O2	74753.3677	74754.0190
45688	TS	Behrens_3.55	-1.00	H7	escaped	H4	87406.7796	H4	87406.7796	87407.2446
45688	TS	Behrens_3.55	-1.00	H8	escaped	H8	76132.2217	H8	76132.2217	76132.2217
46990	R	N	+0.25	carbA	own	O1	2.8974	O1	2.8974	5.4797
46990	R	N	+0.25	carbB	own	O6	2.9093	O6	2.9093	8.3645
46990	R	N	+0.25	ether	migrated	O2	2.9050	O2	2.9050	5.8215
46990	R	N	+0.25	hydroxyl	own	O4	3.1448	C6	3.0839	4.0236
46990	R	N	+0.50	carbA	own	O1	2.7638	O1	2.7638	5.4548
46990	R	N	+0.50	carbB	own	O6	2.7677	O6	2.7677	8.2141
46990	R	N	+0.50	ether	migrated	O2	2.7461	O2	2.7461	5.5790
46990	R	N	+0.50	hydroxyl	migrated	O5	2.7844	O5	2.7844	5.9756
46990	R	N	+0.75	carbA	own	O1	2.6798	O1	2.6798	5.5529
46990	R	N	+0.75	carbB	own	O6	2.6773	O6	2.6773	8.1069
46990	R	N	+0.75	ether	migrated	O2	2.6536	O2	2.6536	5.4351
46990	R	N	+0.75	hydroxyl	migrated	O5	2.6771	O5	2.6771	6.0399
46990	R	N	+1.00	carbA	own	O1	2.6089	O1	2.6089	5.8679
46990	R	N	+1.00	carbB	own	O6	2.6870	H2	2.4814	6.8951
46990	R	N	+1.00	ether	migrated	O2	2.5888	O2	2.5888	5.3339
46990	R	N	+1.00	hydroxyl	migrated	O6	2.6870	H2	2.4814	6.8951
46990	R	N	-0.25	H1	escaped	O5	39554.3871	O5	39554.3871	39558.0128
46990	R	N	-0.25	H2	escaped	O1	44825.8287	O1	44825.8287	44831.7433
46990	R	N	-0.25	H3	escaped	H8	40995.9231	H8	40995.9231	40995.9231
46990	R	N	-0.25	H4	escaped	H4	35397.3637	H4	35397.3637	35400.2509
46990	R	N	-0.25	H5	escaped	O6	45780.1016	O6	45780.1016	45784.2354
46990	R	N	-0.25	H6	escaped	H6	37381.8132	H6	37381.8132	37382.5221
46990	R	N	-0.25	H7	escaped	H8	46443.9467	H8	46443.9467	46443.9467
46990	R	N	-0.25	H8	escaped	H8	42361.3336	H8	42361.3336	42361.3336
46990	R	N	-0.50	H1	escaped	O5	60025.7070	O5	60025.7070	60029.6903
46990	R	N	-0.50	H2	escaped	O1	69248.7513	O1	69248.7513	69253.6998
46990	R	N	-0.50	H3	escaped	H8	71271.3298	H8	71271.3298	71271.3298
46990	R	N	-0.50	H4	escaped	O5	53628.7281	O5	53628.7281	53633.2391
46990	R	N	-0.50	H5	escaped	O6	53984.9827	O6	53984.9827	53990.1573
46990	R	N	-0.50	H6	escaped	H6	50967.5739	H6	50967.5739	50968.2342
46990	R	N	-0.50	H7	escaped	H8	53038.1650	H8	53038.1650	53038.1650
46990	R	N	-0.50	H8	escaped	H8	56305.6628	H8	56305.6628	56305.6628
46990	R	N	-0.75	H1	escaped	O5	72184.7348	O5	72184.7348	72188.8595
46990	R	N	-0.75	H2	escaped	O1	79178.0310	O1	79178.0310	79182.3691
46990	R	N	-0.75	H3	escaped	H3	71076.1877	H3	71076.1877	71076.3366
46990	R	N	-0.75	H4	escaped	O5	82241.8513	O5	82241.8513	82246.8795
46990	R	N	-0.75	H5	escaped	O6	61940.3360	O6	61940.3360	61945.7246
46990	R	N	-0.75	H6	escaped	O2	72708.3500	O2	72708.3500	72709.2826
46990	R	N	-0.75	H7	escaped	H3	66591.1162	H3	66591.1162	66591.1782
46990	R	N	-0.75	H8	escaped	H8	75173.0167	H8	75173.0167	75173.0167
46990	R	N	-1.00	H1	escaped	O5	99923.5688	O5	99923.5688	99927.7496
46990	R	N	-1.00	H2	escaped	O1	82650.8495	O1	82650.8495	82654.8418
46990	R	N	-1.00	H3	escaped	H3	94589.1544	H3	94589.1544	94589.5241
46990	R	N	-1.00	H4	escaped	O5	86645.5882	O5	86645.5882	86650.8230
46990	R	N	-1.00	H5	escaped	O6	85808.0462	O6	85808.0462	85813.4915
46990	R	N	-1.00	H6	escaped	O2	79252.8485	O2	79252.8485	79254.3067
46990	R	N	-1.00	H7	escaped	H3	78721.4215	H3	78721.4215	78721.4901
46990	R	N	-1.00	H8	escaped	H8	75747.8219	H8	75747.8219	75747.8219
46990	R	N+5%	+0.25	carbA	own	O1	2.9702	H6	2.9589	5.5427
46990	R	N+5%	+0.25	carbB	own	O6	2.9855	O6	2.9855	8.4624
46990	R	N+5%	+0.25	ether	migrated	O2	2.9943	O2	2.9943	5.9608
46990	R	N+5%	+0.25	hydroxyl	migrated	O5	3.0858	O5	3.0858	5.8611
46990	R	N+5%	+0.50	carbA	own	O1	2.8332	O1	2.8332	5.4952
46990	R	N+5%	+0.50	carbB	own	O6	2.8424	O6	2.8424	8.3110
46990	R	N+5%	+0.50	ether	migrated	O1	2.8332	O1	2.8332	5.4952
46990	R	N+5%	+0.50	hydroxyl	own	O4	3.0911	C6	3.0324	3.9757
46990	R	N+5%	+0.75	carbA	own	O1	2.7515	O1	2.7515	5.4988
46990	R	N+5%	+0.75	carbB	own	O6	2.7566	O6	2.7566	8.2166
46990	R	N+5%	+0.75	ether	migrated	O2	2.7338	O2	2.7338	5.5642
46990	R	N+5%	+0.75	hydroxyl	migrated	O5	2.7660	O5	2.7660	6.0560
46990	R	N+5%	+1.00	carbA	own	O1	2.6892	O1	2.6892	5.5986
46990	R	N+5%	+1.00	carbB	own	O6	2.6937	O6	2.6937	8.1438
46990	R	N+5%	+1.00	ether	migrated	O2	2.6666	O2	2.6666	5.4593
46990	R	N+5%	+1.00	hydroxyl	migrated	O5	2.6873	O5	2.6873	6.1343
46990	R	N+5%	-0.25	H1	escaped	O5	41054.3931	O5	41054.3931	41057.7665
46990	R	N+5%	-0.25	H2	escaped	O1	45036.6668	O1	45036.6668	45042.5880
46990	R	N+5%	-0.25	H3	escaped	H8	40989.0012	H8	40989.0012	40989.0012
46990	R	N+5%	-0.25	H4	escaped	H4	35515.5595	H4	35515.5595	35518.3858
46990	R	N+5%	-0.25	H5	escaped	O6	46024.9229	O6	46024.9229	46028.9811
46990	R	N+5%	-0.25	H6	escaped	H6	37515.0318	H6	37515.0318	37515.7053
46990	R	N+5%	-0.25	H7	escaped	H8	36799.8174	H8	36799.8174	36799.8174
46990	R	N+5%	-0.25	H8	escaped	H8	42360.7899	H8	42360.7899	42360.7899
46990	R	N+5%	-0.50	H1	escaped	O5	59440.6243	O5	59440.6243	59444.4180
46990	R	N+5%	-0.50	H2	escaped	O1	69537.4336	O1	69537.4336	69542.3835
46990	R	N+5%	-0.50	H3	escaped	H8	71516.0412	H8	71516.0412	71516.0412
46990	R	N+5%	-0.50	H4	escaped	O5	53721.2194	O5	53721.2194	53725.6738
46990	R	N+5%	-0.50	H5	escaped	O6	54252.4442	O6	54252.4442	54257.5545
46990	R	N+5%	-0.50	H6	escaped	H6	50897.0559	H6	50897.0559	50897.6679
46990	R	N+5%	-0.50	H7	escaped	H4	51269.1367	H4	51269.1367	51269.1844
46990	R	N+5%	-0.50	H8	escaped	H8	56267.0152	H8	56267.0152	56267.0152
46990	R	N+5%	-0.75	H1	escaped	O5	72613.7584	O5	72613.7584	72617.7197
46990	R	N+5%	-0.75	H2	escaped	O1	79288.9336	O1	79288.9336	79293.2706
46990	R	N+5%	-0.75	H3	escaped	H3	71211.7629	H3	71211.7629	71211.8993
46990	R	N+5%	-0.75	H4	escaped	O5	82455.3237	O5	82455.3237	82460.3112
46990	R	N+5%	-0.75	H5	escaped	O6	62054.2525	O6	62054.2525	62059.5906
46990	R	N+5%	-0.75	H6	escaped	O2	72500.7293	O2	72500.7293	72501.5812
46990	R	N+5%	-0.75	H7	escaped	H4	80470.6859	H4	80470.6859	80470.7693
46990	R	N+5%	-0.75	H8	escaped	H8	75112.9342	H8	75112.9342	75112.9342
46990	R	N+5%	-1.00	H1	escaped	O5	94035.4075	O5	94035.4075	94039.4581
46990	R	N+5%	-1.00	H2	escaped	O1	82745.3198	O1	82745.3198	82749.3120
46990	R	N+5%	-1.00	H3	escaped	H3	94685.3739	H3	94685.3739	94685.7286
46990	R	N+5%	-1.00	H4	escaped	O5	86694.8495	O5	86694.8495	86700.0524
46990	R	N+5%	-1.00	H5	escaped	O6	85947.4924	O6	85947.4924	85952.8964
46990	R	N+5%	-1.00	H6	escaped	O2	79046.1997	O2	79046.1997	79047.5956
46990	R	N+5%	-1.00	H7	escaped	H4	81150.4251	H4	81150.4251	81150.5528
46990	R	N+5%	-1.00	H8	escaped	H8	75685.7664	H8	75685.7664	75685.7664
46990	R	N+10%	+0.25	carbA	own	O1	3.0434	H6	3.0152	5.6089
46990	R	N+10%	+0.25	carbB	own	O6	3.0615	O6	3.0615	8.5591
46990	R	N+10%	+0.25	ether	migrated	O2	3.0849	O2	3.0849	6.1033
46990	R	N+10%	+0.25	hydroxyl	migrated	O5	3.2080	O5	3.2080	5.8513
46990	R	N+10%	+0.50	carbA	own	O1	2.9028	O1	2.9028	5.5471
46990	R	N+10%	+0.50	carbB	own	O6	2.9156	O6	2.9156	8.4047
46990	R	N+10%	+0.50	ether	migrated	O2	2.9143	O2	2.9143	5.8493
46990	R	N+10%	+0.50	hydroxyl	own	O4	3.1964	C6	3.0982	4.0755
46990	R	N+10%	+0.75	carbA	own	O1	2.8198	O1	2.8198	5.5233
46990	R	N+10%	+0.75	carbB	own	O6	2.8291	O6	2.8291	8.3099
46990	R	N+10%	+0.75	ether	migrated	O1	2.8198	O1	2.8198	5.5233
46990	R	N+10%	+0.75	hydroxyl	own	O4	3.0892	C6	3.0229	3.9753
46990	R	N+10%	+1.00	carbA	own	O1	2.7601	O1	2.7601	5.5323
46990	R	N+10%	+1.00	carbB	own	O6	2.7674	O6	2.7674	8.2413
46990	R	N+10%	+1.00	ether	migrated	O2	2.7453	O2	2.7453	5.5873
46990	R	N+10%	+1.00	hydroxyl	migrated	O6	2.7674	O6	2.7674	8.2413
46990	R	N+10%	-0.25	H1	escaped	O5	49746.0603	O5	49746.0603	49749.1826
46990	R	N+10%	-0.25	H2	escaped	O1	45312.4047	O1	45312.4047	45318.3318
46990	R	N+10%	-0.25	H3	escaped	H8	41028.1757	H8	41028.1757	41028.1757
46990	R	N+10%	-0.25	H4	escaped	H4	35621.5109	H4	35621.5109	35624.2375
46990	R	N+10%	-0.25	H5	escaped	O6	46275.1018	O6	46275.1018	46279.0391
46990	R	N+10%	-0.25	H6	escaped	H6	37642.8431	H6	37642.8431	37643.4565
46990	R	N+10%	-0.25	H7	escaped	H8	38125.4471	H8	38125.4471	38125.4471
46990	R	N+10%	-0.25	H8	escaped	H8	42370.5268	H8	42370.5268	42370.5268
46990	R	N+10%	-0.50	H1	escaped	O5	60023.6776	O5	60023.6776	60027.2804
46990	R	N+10%	-0.50	H2	escaped	O1	69949.3677	O1	69949.3677	69954.3161
46990	R	N+10%	-0.50	H3	escaped	H8	71775.6674	H8	71775.6674	71775.6674
46990	R	N+10%	-0.50	H4	escaped	O5	53798.4916	O5	53798.4916	53802.8556
46990	R	N+10%	-0.50	H5	escaped	O6	54603.6914	O6	54603.6914	54608.6991
46990	R	N+10%	-0.50	H6	escaped	H6	50735.5035	H6	50735.5035	50736.0315
46990	R	N+10%	-0.50	H7	escaped	H4	66645.6450	H4	66645.6450	66645.7197
46990	R	N+10%	-0.50	H8	escaped	H8	56240.8084	H8	56240.8084	56240.8084
46990	R	N+10%	-0.75	H1	escaped	O5	73874.0196	O5	73874.0196	73877.8106
46990	R	N+10%	-0.75	H2	escaped	O1	79492.6892	O1	79492.6892	79497.0229
46990	R	N+10%	-0.75	H3	escaped	H3	71327.5760	H3	71327.5760	71327.6811
46990	R	N+10%	-0.75	H4	escaped	O5	82691.7648	O5	82691.7648	82696.6885
46990	R	N+10%	-0.75	H5	escaped	O6	62250.3835	O6	62250.3835	62255.6425
46990	R	N+10%	-0.75	H6	escaped	O2	72113.7315	O2	72113.7315	72114.4432
46990	R	N+10%	-0.75	H7	escaped	H4	82818.6396	H4	82818.6396	82818.7749
46990	R	N+10%	-0.75	H8	escaped	H8	75071.3565	H8	75071.3565	75071.3565
46990	R	N+10%	-1.00	H1	escaped	O5	82166.3667	O5	82166.3667	82170.2723
46990	R	N+10%	-1.00	H2	escaped	O1	82918.9683	O1	82918.9683	82922.9591
46990	R	N+10%	-1.00	H3	escaped	H3	94706.8981	H3	94706.8981	94707.2146
46990	R	N+10%	-1.00	H4	escaped	O5	86802.6518	O5	86802.6518	86807.8051
46990	R	N+10%	-1.00	H5	escaped	O6	86187.9598	O6	86187.9598	86193.2998
46990	R	N+10%	-1.00	H6	escaped	O2	78666.6455	O2	78666.6455	78667.9328
46990	R	N+10%	-1.00	H7	escaped	H4	83557.5525	H4	83557.5525	83557.7280
46990	R	N+10%	-1.00	H8	escaped	H8	75643.1130	H8	75643.1130	75643.1130
46990	R	OPLS_sp3C	+0.25	carbA	own	O1	2.9150	O1	2.9150	5.5384
46990	R	OPLS_sp3C	+0.25	carbB	own	O6	2.9282	O6	2.9282	8.4115
46990	R	OPLS_sp3C	+0.25	ether	migrated	O2	2.9284	O2	2.9284	5.8672
46990	R	OPLS_sp3C	+0.25	hydroxyl	own	O4	3.2019	C6	3.1075	4.0798
46990	R	OPLS_sp3C	+0.50	carbA	own	O1	2.7745	O1	2.7745	5.5105
46990	R	OPLS_sp3C	+0.50	carbB	own	O6	2.7815	O6	2.7815	8.2514
46990	R	OPLS_sp3C	+0.50	ether	migrated	O2	2.7612	O2	2.7612	5.6096
46990	R	OPLS_sp3C	+0.50	hydroxyl	migrated	O6	2.7815	O6	2.7815	8.2514
46990	R	OPLS_sp3C	+0.75	carbA	own	O1	2.6859	O1	2.6859	5.6472
46990	R	OPLS_sp3C	+0.75	carbB	own	O6	2.6935	O6	2.6935	8.1512
46990	R	OPLS_sp3C	+0.75	ether	migrated	O2	2.6652	O2	2.6652	5.4595
46990	R	OPLS_sp3C	+0.75	hydroxyl	migrated	O6	2.6935	O6	2.6935	8.1512
46990	R	OPLS_sp3C	+1.00	carbA	own	O1	2.6167	O1	2.6167	5.8952
46990	R	OPLS_sp3C	+1.00	carbB	own	O6	2.6977	H2	2.4928	6.9163
46990	R	OPLS_sp3C	+1.00	ether	migrated	O2	2.5985	O2	2.5985	5.3548
46990	R	OPLS_sp3C	+1.00	hydroxyl	migrated	O6	2.6977	H2	2.4928	6.9163
46990	R	OPLS_sp3C	-0.25	H1	escaped	O5	39307.2142	O5	39307.2142	39310.8710
46990	R	OPLS_sp3C	-0.25	H2	escaped	O1	44798.7829	O1	44798.7829	44804.6828
46990	R	OPLS_sp3C	-0.25	H3	escaped	H8	41025.3261	H8	41025.3261	41025.3261
46990	R	OPLS_sp3C	-0.25	H4	escaped	H4	35169.1875	H4	35169.1875	35172.0434
46990	R	OPLS_sp3C	-0.25	H5	escaped	O6	45662.1340	O6	45662.1340	45666.2300
46990	R	OPLS_sp3C	-0.25	H6	escaped	H6	37050.6407	H6	37050.6407	37051.2963
46990	R	OPLS_sp3C	-0.25	H7	escaped	H8	45455.3092	H8	45455.3092	45455.3092
46990	R	OPLS_sp3C	-0.25	H8	escaped	H8	42432.7977	H8	42432.7977	42432.7977
46990	R	OPLS_sp3C	-0.50	H1	escaped	O5	59853.8530	O5	59853.8530	59857.8115
46990	R	OPLS_sp3C	-0.50	H2	escaped	O1	69488.0418	O1	69488.0418	69492.9655
46990	R	OPLS_sp3C	-0.50	H3	escaped	H8	70816.5145	H8	70816.5145	70816.5145
46990	R	OPLS_sp3C	-0.50	H4	escaped	O5	53525.2051	O5	53525.2051	53529.6837
46990	R	OPLS_sp3C	-0.50	H5	escaped	O6	54062.7141	O6	54062.7141	54067.8268
46990	R	OPLS_sp3C	-0.50	H6	escaped	H6	50585.6070	H6	50585.6070	50586.1772
46990	R	OPLS_sp3C	-0.50	H7	escaped	H3	66412.9212	H3	66412.9212	66412.9393
46990	R	OPLS_sp3C	-0.50	H8	escaped	H8	56485.8640	H8	56485.8640	56485.8640
46990	R	OPLS_sp3C	-0.75	H1	escaped	O5	72058.8280	O5	72058.8280	72062.9207
46990	R	OPLS_sp3C	-0.75	H2	escaped	O1	79595.6216	O1	79595.6216	79599.9441
46990	R	OPLS_sp3C	-0.75	H3	escaped	H3	70649.7879	H3	70649.7879	70649.8421
46990	R	OPLS_sp3C	-0.75	H4	escaped	O5	82197.5887	O5	82197.5887	82202.5869
46990	R	OPLS_sp3C	-0.75	H5	escaped	O6	62285.9641	O6	62285.9641	62291.2977
46990	R	OPLS_sp3C	-0.75	H6	escaped	O2	72215.8544	O2	72215.8544	72216.6711
46990	R	OPLS_sp3C	-0.75	H7	escaped	H3	65995.8969	H3	65995.8969	65995.9747
46990	R	OPLS_sp3C	-0.75	H8	escaped	H8	75445.7783	H8	75445.7783	75445.7783
46990	R	OPLS_sp3C	-1.00	H1	escaped	O5	98702.7674	O5	98702.7674	98706.9155
46990	R	OPLS_sp3C	-1.00	H2	escaped	O1	82998.7709	O1	82998.7709	83002.7530
46990	R	OPLS_sp3C	-1.00	H3	escaped	H3	93893.4374	H3	93893.4374	93893.6888
46990	R	OPLS_sp3C	-1.00	H4	escaped	O5	86986.8888	O5	86986.8888	86992.0960
46990	R	OPLS_sp3C	-1.00	H5	escaped	O6	86215.8024	O6	86215.8024	86221.2016
46990	R	OPLS_sp3C	-1.00	H6	escaped	O2	78833.6546	O2	78833.6546	78835.0195
46990	R	OPLS_sp3C	-1.00	H7	escaped	H3	78087.8647	H3	78087.8647	78087.9455
46990	R	OPLS_sp3C	-1.00	H8	escaped	H8	76030.4243	H8	76030.4243	76030.4243
46990	R	Behrens_3.55	+0.25	carbA	own	O1	2.9367	O1	2.9367	5.5567
46990	R	Behrens_3.55	+0.25	carbB	own	O6	2.9510	O6	2.9510	8.4405
46990	R	Behrens_3.55	+0.25	ether	migrated	O2	2.9551	O2	2.9551	5.9101
46990	R	Behrens_3.55	+0.25	hydroxyl	own	O4	3.2354	C6	3.1280	4.1117
46990	R	Behrens_3.55	+0.50	carbA	own	O1	2.7954	O1	2.7954	5.5177
46990	R	Behrens_3.55	+0.50	carbB	own	O6	2.8036	O6	2.8036	8.2798
46990	R	Behrens_3.55	+0.50	ether	migrated	O1	2.7954	O1	2.7954	5.5177
46990	R	Behrens_3.55	+0.50	hydroxyl	own	O4	3.0556	C6	3.0004	3.9437
46990	R	Behrens_3.55	+0.75	carbA	own	O1	2.7090	O1	2.7090	5.5930
46990	R	Behrens_3.55	+0.75	carbB	own	O6	2.7163	O6	2.7163	8.1818
46990	R	Behrens_3.55	+0.75	ether	migrated	O2	2.6890	O2	2.6890	5.4982
46990	R	Behrens_3.55	+0.75	hydroxyl	migrated	O6	2.7163	O6	2.7163	8.1818
46990	R	Behrens_3.55	+1.00	carbA	own	O1	2.6394	O1	2.6394	5.8417
46990	R	Behrens_3.55	+1.00	carbB	own	O6	2.6486	O6	2.6486	8.0956
46990	R	Behrens_3.55	+1.00	ether	migrated	O2	2.6215	O2	2.6215	5.3923
46990	R	Behrens_3.55	+1.00	hydroxyl	migrated	O6	2.6486	O6	2.6486	8.0956
46990	R	Behrens_3.55	-0.25	H1	escaped	O5	40455.2421	O5	40455.2421	40458.8367
46990	R	Behrens_3.55	-0.25	H2	escaped	O1	44851.5461	O1	44851.5461	44857.4473
46990	R	Behrens_3.55	-0.25	H3	escaped	H8	41093.3555	H8	41093.3555	41093.3555
46990	R	Behrens_3.55	-0.25	H4	escaped	H4	35187.0805	H4	35187.0805	35189.9166
46990	R	Behrens_3.55	-0.25	H5	escaped	O6	45718.7619	O6	45718.7619	45722.8336
46990	R	Behrens_3.55	-0.25	H6	escaped	H6	37072.4936	H6	37072.4936	37073.1368
46990	R	Behrens_3.55	-0.25	H7	escaped	H8	45412.8276	H8	45412.8276	45412.8276
46990	R	Behrens_3.55	-0.25	H8	escaped	H8	42431.0072	H8	42431.0072	42431.0072
46990	R	Behrens_3.55	-0.50	H1	escaped	O5	59631.1063	O5	59631.1063	59635.0135
46990	R	Behrens_3.55	-0.50	H2	escaped	O1	69570.5583	O1	69570.5583	69575.4817
46990	R	Behrens_3.55	-0.50	H3	escaped	H8	70863.3462	H8	70863.3462	70863.3462
46990	R	Behrens_3.55	-0.50	H4	escaped	O5	53539.8204	O5	53539.8204	53544.2812
46990	R	Behrens_3.55	-0.50	H5	escaped	O6	54132.1861	O6	54132.1861	54137.2784
46990	R	Behrens_3.55	-0.50	H6	escaped	H6	50551.3674	H6	50551.3674	50551.9202
46990	R	Behrens_3.55	-0.50	H7	escaped	H3	52233.0067	H3	52233.0067	52233.0312
46990	R	Behrens_3.55	-0.50	H8	escaped	H8	56479.9141	H8	56479.9141	56479.9141
46990	R	Behrens_3.55	-0.75	H1	escaped	O5	72129.5796	O5	72129.5796	72133.6271
46990	R	Behrens_3.55	-0.75	H2	escaped	O1	79639.0388	O1	79639.0388	79643.3606
46990	R	Behrens_3.55	-0.75	H3	escaped	H3	70671.4998	H3	70671.4998	70671.5472
46990	R	Behrens_3.55	-0.75	H4	escaped	O5	82244.1493	O5	82244.1493	82249.1348
46990	R	Behrens_3.55	-0.75	H5	escaped	O6	62327.5138	O6	62327.5138	62332.8315
46990	R	Behrens_3.55	-0.75	H6	escaped	O2	72137.3326	O2	72137.3326	72138.1206
46990	R	Behrens_3.55	-0.75	H7	escaped	H4	65875.0379	H4	65875.0379	65875.1219
46990	R	Behrens_3.55	-0.75	H8	escaped	H8	75437.4415	H8	75437.4415	75437.4415
46990	R	Behrens_3.55	-1.00	H1	escaped	O5	97039.1392	O5	97039.1392	97043.2509
46990	R	Behrens_3.55	-1.00	H2	escaped	O1	83035.8240	O1	83035.8240	83039.8058
46990	R	Behrens_3.55	-1.00	H3	escaped	H3	93897.2993	H3	93897.2993	93897.5422
46990	R	Behrens_3.55	-1.00	H4	escaped	O5	87010.4127	O5	87010.4127	87015.6099
46990	R	Behrens_3.55	-1.00	H5	escaped	O6	86266.6531	O6	86266.6531	86272.0394
46990	R	Behrens_3.55	-1.00	H6	escaped	O2	78757.5891	O2	78757.5891	78758.9318
46990	R	Behrens_3.55	-1.00	H7	escaped	H4	78754.9404	H4	78754.9404	78755.0335
46990	R	Behrens_3.55	-1.00	H8	escaped	H8	76022.2445	H8	76022.2445	76022.2445
46990	TS	N	+0.25	carbA	own	O1	2.8907	H6	2.8862	5.5972
46990	TS	N	+0.25	carbB	own	O6	2.9442	O6	2.9442	8.7763
46990	TS	N	+0.25	ether	migrated	O2	2.9224	O2	2.9224	6.3549
46990	TS	N	+0.25	hydroxyl	migrated	O6	2.9643	O6	2.9643	5.9457
46990	TS	N	+0.50	carbA	own	O1	2.7604	O1	2.7604	5.5528
46990	TS	N	+0.50	carbB	own	O6	2.8032	O6	2.8032	8.6743
46990	TS	N	+0.50	ether	migrated	O1	2.7604	O1	2.7604	5.5528
46990	TS	N	+0.50	hydroxyl	migrated	O6	2.8032	O6	2.8032	8.6743
46990	TS	N	+0.75	carbA	own	O1	2.6810	O1	2.6810	5.5634
46990	TS	N	+0.75	carbB	own	O6	2.7194	O6	2.7194	8.6387
46990	TS	N	+0.75	ether	migrated	O2	2.6587	O2	2.6587	5.8989
46990	TS	N	+0.75	hydroxyl	migrated	O6	2.7194	O6	2.7194	8.6387
46990	TS	N	+1.00	carbA	own	O1	2.6198	O1	2.6198	5.6472
46990	TS	N	+1.00	carbB	own	O6	2.6556	O6	2.6556	8.6751
46990	TS	N	+1.00	ether	migrated	O2	2.5920	O2	2.5920	5.7798
46990	TS	N	+1.00	hydroxyl	own	O4	3.1422	C7	2.8677	4.1033
46990	TS	N	-0.25	H1	escaped	O5	36025.0951	O5	36025.0951	36029.5681
46990	TS	N	-0.25	H2	escaped	O1	42178.8664	O1	42178.8664	42184.7200
46990	TS	N	-0.25	H3	escaped	H3	41654.0442	H3	41654.0442	41654.0593
46990	TS	N	-0.25	H4	escaped	H4	35064.3699	H4	35064.3699	35067.1953
46990	TS	N	-0.25	H5	escaped	O6	45074.9782	O6	45074.9782	45079.1520
46990	TS	N	-0.25	H6	escaped	H6	48841.8179	H6	48841.8179	48842.1459
46990	TS	N	-0.25	H7	escaped	H8	40198.6885	H8	40198.6885	40198.6885
46990	TS	N	-0.25	H8	escaped	H8	43135.3883	H8	43135.3883	43135.3883
46990	TS	N	-0.50	H1	escaped	O5	58539.5641	O5	58539.5641	58544.1575
46990	TS	N	-0.50	H2	escaped	O1	63123.0001	O1	63123.0001	63128.0266
46990	TS	N	-0.50	H3	escaped	H3	74644.3098	H3	74644.3098	74644.6869
46990	TS	N	-0.50	H4	escaped	O5	70429.3664	O5	70429.3664	70433.8388
46990	TS	N	-0.50	H5	escaped	O6	52714.2522	O6	52714.2522	52719.4590
46990	TS	N	-0.50	H6	escaped	H6	66651.2552	H6	66651.2552	66651.4469
46990	TS	N	-0.50	H7	escaped	H8	54902.5121	H8	54902.5121	54902.5121
46990	TS	N	-0.50	H8	escaped	H8	57096.9393	H8	57096.9393	57096.9393
46990	TS	N	-0.75	H1	escaped	O5	87505.2259	O5	87505.2259	87509.7820
46990	TS	N	-0.75	H2	escaped	O1	72465.3738	O1	72465.3738	72469.6432
46990	TS	N	-0.75	H3	escaped	H3	77012.2970	H3	77012.2970	77013.0112
46990	TS	N	-0.75	H4	escaped	O5	81440.7999	O5	81440.7999	81445.8391
46990	TS	N	-0.75	H5	escaped	O6	59648.5161	O6	59648.5161	59653.9350
46990	TS	N	-0.75	H6	escaped	O2	71937.5365	O2	71937.5365	71937.9425
46990	TS	N	-0.75	H7	escaped	H8	69509.4994	H8	69509.4994	69509.4994
46990	TS	N	-0.75	H8	escaped	H8	76025.4859	H8	76025.4859	76025.4859
46990	TS	N	-1.00	H1	escaped	O5	90727.3670	O5	90727.3670	90731.8866
46990	TS	N	-1.00	H2	escaped	O1	104908.3594	O1	104908.3594	104912.1940
46990	TS	N	-1.00	H3	escaped	H3	106534.4595	H3	106534.4595	106535.4604
46990	TS	N	-1.00	H4	escaped	O5	88749.0660	O5	88749.0660	88754.3194
46990	TS	N	-1.00	H5	escaped	O6	82408.3614	O6	82408.3614	82413.8316
46990	TS	N	-1.00	H6	escaped	O2	78597.4094	O2	78597.4094	78598.2913
46990	TS	N	-1.00	H7	escaped	H8	72603.6894	H8	72603.6894	72603.6894
46990	TS	N	-1.00	H8	escaped	H8	76441.1900	H8	76441.1900	76441.1900
46990	TS	N+5%	+0.25	carbA	own	O1	2.9626	H6	2.9409	5.6620
46990	TS	N+5%	+0.25	carbB	own	O6	3.0202	O6	3.0202	8.8604
46990	TS	N+5%	+0.25	ether	migrated	O2	3.0193	O2	3.0193	6.5288
46990	TS	N+5%	+0.25	hydroxyl	migrated	O6	3.0663	O6	3.0663	5.9244
46990	TS	N+5%	+0.50	carbA	own	O1	2.8292	O1	2.8292	5.6006
46990	TS	N+5%	+0.50	carbB	own	O6	2.8758	O6	2.8758	8.7447
46990	TS	N+5%	+0.50	ether	migrated	O2	2.8424	O2	2.8424	6.2288
46990	TS	N+5%	+0.50	hydroxyl	migrated	O6	2.8643	O6	2.8643	6.0515
46990	TS	N+5%	+0.75	carbA	own	O1	2.7491	O1	2.7491	5.5820
46990	TS	N+5%	+0.75	carbB	own	O6	2.7906	O6	2.7906	8.6868
46990	TS	N+5%	+0.75	ether	migrated	O2	2.7417	O2	2.7417	6.0513
46990	TS	N+5%	+0.75	hydroxyl	migrated	O6	2.7547	O6	2.7547	6.1072
46990	TS	N+5%	+1.00	carbA	own	O1	2.6908	O1	2.6908	5.5944
46990	TS	N+5%	+1.00	carbB	own	O6	2.7296	O6	2.7296	8.6624
46990	TS	N+5%	+1.00	ether	migrated	O2	2.6720	O2	2.6720	5.9267
46990	TS	N+5%	+1.00	hydroxyl	migrated	O6	2.7296	O6	2.7296	8.6624
46990	TS	N+5%	-0.25	H1	escaped	O5	44990.2685	O5	44990.2685	44994.6865
46990	TS	N+5%	-0.25	H2	escaped	O1	42393.8766	O1	42393.8766	42399.7694
46990	TS	N+5%	-0.25	H3	escaped	H3	41664.3066	H3	41664.3066	41664.3108
46990	TS	N+5%	-0.25	H4	escaped	H4	35140.3932	H4	35140.3932	35143.1355
46990	TS	N+5%	-0.25	H5	escaped	O6	45325.1893	O6	45325.1893	45329.2895
46990	TS	N+5%	-0.25	H6	escaped	H6	49014.7155	H6	49014.7155	49015.0051
46990	TS	N+5%	-0.25	H7	escaped	H8	35006.3432	H8	35006.3432	35006.3432
46990	TS	N+5%	-0.25	H8	escaped	H8	43156.9921	H8	43156.9921	43156.9921
46990	TS	N+5%	-0.50	H1	escaped	O5	60835.8085	O5	60835.8085	60840.3376
46990	TS	N+5%	-0.50	H2	escaped	O1	63327.2935	O1	63327.2935	63332.3643
46990	TS	N+5%	-0.50	H3	escaped	H3	74604.7702	H3	74604.7702	74605.1323
46990	TS	N+5%	-0.50	H4	escaped	O5	70434.6749	O5	70434.6749	70439.0702
46990	TS	N+5%	-0.50	H5	escaped	O6	52974.8497	O6	52974.8497	52979.9891
46990	TS	N+5%	-0.50	H6	escaped	H6	66584.0929	H6	66584.0929	66584.2297
46990	TS	N+5%	-0.50	H7	escaped	H8	62871.3278	H8	62871.3278	62871.3278
46990	TS	N+5%	-0.50	H8	escaped	H8	57073.4813	H8	57073.4813	57073.4813
46990	TS	N+5%	-0.75	H1	escaped	O5	88594.6391	O5	88594.6391	88599.1483
46990	TS	N+5%	-0.75	H2	escaped	O1	72673.8810	O1	72673.8810	72678.1898
46990	TS	N+5%	-0.75	H3	escaped	H3	76928.8494	H3	76928.8494	76929.5493
46990	TS	N+5%	-0.75	H4	escaped	O5	81490.8059	O5	81490.8059	81495.7919
46990	TS	N+5%	-0.75	H5	escaped	O6	59737.7428	O6	59737.7428	59743.1079
46990	TS	N+5%	-0.75	H6	escaped	O2	71767.7410	O2	71767.7410	71768.0522
46990	TS	N+5%	-0.75	H7	escaped	H8	71072.3244	H8	71072.3244	71072.3244
46990	TS	N+5%	-0.75	H8	escaped	H8	75983.6582	H8	75983.6582	75983.6582
46990	TS	N+5%	-1.00	H1	escaped	O5	91322.6573	O5	91322.6573	91327.1407
46990	TS	N+5%	-1.00	H2	escaped	O1	104957.9695	O1	104957.9695	104961.8354
46990	TS	N+5%	-1.00	H3	escaped	H3	106401.5515	H3	106401.5515	106402.5411
46990	TS	N+5%	-1.00	H4	escaped	O5	88770.7279	O5	88770.7279	88775.9401
46990	TS	N+5%	-1.00	H5	escaped	O6	82509.6858	O6	82509.6858	82515.1115
46990	TS	N+5%	-1.00	H6	escaped	O2	78429.0718	O2	78429.0718	78429.8743
46990	TS	N+5%	-1.00	H7	escaped	H8	71302.2712	H8	71302.2712	71302.2712
46990	TS	N+5%	-1.00	H8	escaped	H8	76396.5760	H8	76396.5760	76396.5760
46990	TS	N+10%	+0.25	carbA	own	O1	3.0349	H6	2.9986	5.7300
46990	TS	N+10%	+0.25	carbB	own	O6	3.0966	O6	3.0966	8.9457
46990	TS	N+10%	+0.25	ether	migrated	O2	3.1223	O2	3.1223	6.7220
46990	TS	N+10%	+0.25	hydroxyl	migrated	O6	3.0966	O6	3.0966	8.9457
46990	TS	N+10%	+0.50	carbA	own	O1	2.8982	O1	2.8982	5.6557
46990	TS	N+10%	+0.50	carbB	own	O6	2.9486	O6	2.9486	8.8203
46990	TS	N+10%	+0.50	ether	migrated	O2	2.9330	O2	2.9330	6.3988
46990	TS	N+10%	+0.50	hydroxyl	migrated	O6	2.9566	O6	2.9566	6.0391
46990	TS	N+10%	+0.75	carbA	own	O1	2.8165	O1	2.8165	5.6215
46990	TS	N+10%	+0.75	carbB	own	O6	2.8614	O6	2.8614	8.7507
46990	TS	N+10%	+0.75	ether	migrated	O2	2.8269	O2	2.8269	6.2105
46990	TS	N+10%	+0.75	hydroxyl	migrated	O6	2.8614	O6	2.8614	8.7507
46990	TS	N+10%	+1.00	carbA	own	O1	2.7579	O1	2.7579	5.6094
46990	TS	N+10%	+1.00	carbB	own	O6	2.7995	O6	2.7995	8.7087
46990	TS	N+10%	+1.00	ether	migrated	O2	2.7538	O2	2.7538	6.0791
46990	TS	N+10%	+1.00	hydroxyl	migrated	O6	2.7638	O6	2.7638	6.1318
46990	TS	N+10%	-0.25	H1	escaped	O5	42823.4057	O5	42823.4057	42827.7115
46990	TS	N+10%	-0.25	H2	escaped	O1	32218.9371	O1	32218.9371	32224.8827
46990	TS	N+10%	-0.25	H3	escaped	H8	41718.6685	H8	41718.6685	41718.6685
46990	TS	N+10%	-0.25	H4	escaped	H4	34988.0208	H4	34988.0208	34990.6437
46990	TS	N+10%	-0.25	H5	escaped	O6	45638.6603	O6	45638.6603	45642.6404
46990	TS	N+10%	-0.25	H6	escaped	H6	49191.4384	H6	49191.4384	49191.6638
46990	TS	N+10%	-0.25	H7	escaped	O4	46205.9389	O4	46205.9389	46205.9442
46990	TS	N+10%	-0.25	H8	escaped	H8	37790.1133	H8	37790.1133	37790.1133
46990	TS	N+10%	-0.50	H1	escaped	O5	56872.2645	O5	56872.2645	56876.7006
46990	TS	N+10%	-0.50	H2	escaped	O1	63645.2134	O1	63645.2134	63650.3421
46990	TS	N+10%	-0.50	H3	escaped	H3	74563.0921	H3	74563.0921	74563.4245
46990	TS	N+10%	-0.50	H4	escaped	O5	70366.0871	O5	70366.0871	70370.3580
46990	TS	N+10%	-0.50	H5	escaped	O6	53334.0640	O6	53334.0640	53339.0961
46990	TS	N+10%	-0.50	H6	escaped	H6	66432.3452	H6	66432.3452	66432.3879
46990	TS	N+10%	-0.50	H7	escaped	H8	61538.7386	H8	61538.7386	61538.7386
46990	TS	N+10%	-0.50	H8	escaped	H8	57060.9045	H8	57060.9045	57060.9045
46990	TS	N+10%	-0.75	H1	escaped	O5	67617.0459	O5	67617.0459	67621.4887
46990	TS	N+10%	-0.75	H2	escaped	O1	73004.7694	O1	73004.7694	73009.1316
46990	TS	N+10%	-0.75	H3	escaped	H3	76793.5904	H3	76793.5904	76794.2614
46990	TS	N+10%	-0.75	H4	escaped	O5	81482.3171	O5	81482.3171	81487.2192
46990	TS	N+10%	-0.75	H5	escaped	O6	59902.2949	O6	59902.2949	59907.5752
46990	TS	N+10%	-0.75	H6	escaped	O2	71467.3990	O2	71467.3990	71467.5483
46990	TS	N+10%	-0.75	H7	escaped	H8	65402.1668	H8	65402.1668	65402.1668
46990	TS	N+10%	-0.75	H8	escaped	H8	75957.5124	H8	75957.5124	75957.5124
46990	TS	N+10%	-1.00	H1	escaped	O5	92260.6577	O5	92260.6577	92265.0889
46990	TS	N+10%	-1.00	H2	escaped	O1	105080.0113	O1	105080.0113	105083.9209
46990	TS	N+10%	-1.00	H3	escaped	H3	106173.2839	H3	106173.2839	106174.2500
46990	TS	N+10%	-1.00	H4	escaped	O5	88833.8122	O5	88833.8122	88838.9600
46990	TS	N+10%	-1.00	H5	escaped	O6	82697.8742	O6	82697.8742	82703.2305
46990	TS	N+10%	-1.00	H6	escaped	O2	78135.7364	O2	78135.7364	78136.4034
46990	TS	N+10%	-1.00	H7	escaped	H8	79743.0634	H8	79743.0634	79743.0634
46990	TS	N+10%	-1.00	H8	escaped	H8	76368.1941	H8	76368.1941	76368.1941
46990	TS	OPLS_sp3C	+0.25	carbA	own	O1	2.9097	O1	2.9097	5.6499
46990	TS	OPLS_sp3C	+0.25	carbB	own	O6	2.9617	O6	2.9617	8.8230
46990	TS	OPLS_sp3C	+0.25	ether	migrated	O2	2.9481	O2	2.9481	6.4183
46990	TS	OPLS_sp3C	+0.25	hydroxyl	migrated	O6	2.9617	O6	2.9617	8.8230
46990	TS	OPLS_sp3C	+0.50	carbA	own	O1	2.7718	O1	2.7718	5.5991
46990	TS	OPLS_sp3C	+0.50	carbB	own	O6	2.8143	O6	2.8143	8.7105
46990	TS	OPLS_sp3C	+0.50	ether	migrated	O2	2.7703	O2	2.7703	6.1058
46990	TS	OPLS_sp3C	+0.50	hydroxyl	migrated	O6	2.7833	O6	2.7833	6.1100
46990	TS	OPLS_sp3C	+0.75	carbA	own	O1	2.6887	O1	2.6887	5.6134
46990	TS	OPLS_sp3C	+0.75	carbB	own	O6	2.7275	O6	2.7275	8.6724
46990	TS	OPLS_sp3C	+0.75	ether	migrated	O2	2.6706	O2	2.6706	5.9266
46990	TS	OPLS_sp3C	+0.75	hydroxyl	migrated	O6	2.6765	O6	2.6765	6.1578
46990	TS	OPLS_sp3C	+1.00	carbA	own	O1	2.6254	O1	2.6254	5.7039
46990	TS	OPLS_sp3C	+1.00	carbB	own	O6	2.6614	O6	2.6614	8.7101
46990	TS	OPLS_sp3C	+1.00	ether	migrated	O2	2.6018	O2	2.6018	5.8026
46990	TS	OPLS_sp3C	+1.00	hydroxyl	migrated	O6	2.6614	O6	2.6614	8.7101
46990	TS	OPLS_sp3C	-0.25	H1	escaped	O5	46158.7995	O5	46158.7995	46163.2303
46990	TS	OPLS_sp3C	-0.25	H2	escaped	O1	42080.0176	O1	42080.0176	42085.8993
46990	TS	OPLS_sp3C	-0.25	H3	escaped	H3	41934.7095	H3	41934.7095	41934.7167
46990	TS	OPLS_sp3C	-0.25	H4	escaped	H4	34819.6001	H4	34819.6001	34822.3755
46990	TS	OPLS_sp3C	-0.25	H5	escaped	O6	44979.4903	O6	44979.4903	44983.6289
46990	TS	OPLS_sp3C	-0.25	H6	escaped	H6	48454.3396	H6	48454.3396	48454.6063
46990	TS	OPLS_sp3C	-0.25	H7	escaped	H8	38732.5387	H8	38732.5387	38732.5387
46990	TS	OPLS_sp3C	-0.25	H8	escaped	H8	43155.3518	H8	43155.3518	43155.3518
46990	TS	OPLS_sp3C	-0.50	H1	escaped	O5	59061.3789	O5	59061.3789	59065.9111
46990	TS	OPLS_sp3C	-0.50	H2	escaped	O1	63327.9872	O1	63327.9872	63333.0263
46990	TS	OPLS_sp3C	-0.50	H3	escaped	H3	74319.2608	H3	74319.2608	74319.5946
46990	TS	OPLS_sp3C	-0.50	H4	escaped	O5	70183.7766	O5	70183.7766	70188.1970
46990	TS	OPLS_sp3C	-0.50	H5	escaped	O6	52857.3331	O6	52857.3331	52862.4708
46990	TS	OPLS_sp3C	-0.50	H6	escaped	H6	66227.6946	H6	66227.6946	66227.7812
46990	TS	OPLS_sp3C	-0.50	H7	escaped	H8	53701.4562	H8	53701.4562	53701.4562
46990	TS	OPLS_sp3C	-0.50	H8	escaped	H8	57231.0448	H8	57231.0448	57231.0448
46990	TS	OPLS_sp3C	-0.75	H1	escaped	O5	88605.1490	O5	88605.1490	88609.6558
46990	TS	OPLS_sp3C	-0.75	H2	escaped	O1	72741.1295	O1	72741.1295	72745.4146
46990	TS	OPLS_sp3C	-0.75	H3	escaped	H3	76638.4535	H3	76638.4535	76639.1199
46990	TS	OPLS_sp3C	-0.75	H4	escaped	O5	81222.6124	O5	81222.6124	81227.6106
46990	TS	OPLS_sp3C	-0.75	H5	escaped	O6	59992.5331	O6	59992.5331	59997.8888
46990	TS	OPLS_sp3C	-0.75	H6	escaped	O2	71540.6167	O2	71540.6167	71540.8761
46990	TS	OPLS_sp3C	-0.75	H7	escaped	H8	68210.3287	H8	68210.3287	68210.3287
46990	TS	OPLS_sp3C	-0.75	H8	escaped	H8	76236.7016	H8	76236.7016	76236.7016
46990	TS	OPLS_sp3C	-1.00	H1	escaped	O5	91344.0050	O5	91344.0050	91348.4846
46990	TS	OPLS_sp3C	-1.00	H2	escaped	O1	105303.8953	O1	105303.8953	105307.7478
46990	TS	OPLS_sp3C	-1.00	H3	escaped	H3	106361.2239	H3	106361.2239	106362.1810
46990	TS	OPLS_sp3C	-1.00	H4	escaped	O5	89041.2482	O5	89041.2482	89046.4661
46990	TS	OPLS_sp3C	-1.00	H5	escaped	O6	82797.1631	O6	82797.1631	82802.5795
46990	TS	OPLS_sp3C	-1.00	H6	escaped	O2	78271.1414	O2	78271.1414	78271.8964
46990	TS	OPLS_sp3C	-1.00	H7	escaped	H8	72220.3221	H8	72220.3221	72220.3221
46990	TS	OPLS_sp3C	-1.00	H8	escaped	H8	76661.7854	H8	76661.7854	76661.7854
46990	TS	Behrens_3.55	+0.25	carbA	own	O1	2.9313	O1	2.9313	5.6687
46990	TS	Behrens_3.55	+0.25	carbB	own	O6	2.9845	O6	2.9845	8.8477
46990	TS	Behrens_3.55	+0.25	ether	migrated	O2	2.9773	O2	2.9773	6.4736
46990	TS	Behrens_3.55	+0.25	hydroxyl	migrated	O6	3.0067	O6	3.0067	6.0042
46990	TS	Behrens_3.55	+0.50	carbA	own	O1	2.7925	O1	2.7925	5.6110
46990	TS	Behrens_3.55	+0.50	carbB	own	O6	2.8360	O6	2.8360	8.7300
46990	TS	Behrens_3.55	+0.50	ether	migrated	O2	2.7964	O2	2.7964	6.1547
46990	TS	Behrens_3.55	+0.50	hydroxyl	migrated	O6	2.8100	O6	2.8100	6.1069
46990	TS	Behrens_3.55	+0.75	carbA	own	O1	2.7094	O1	2.7094	5.6118
46990	TS	Behrens_3.55	+0.75	carbB	own	O6	2.7489	O6	2.7489	8.6824
46990	TS	Behrens_3.55	+0.75	ether	migrated	O2	2.6952	O2	2.6952	5.9726
46990	TS	Behrens_3.55	+0.75	hydroxyl	migrated	O6	2.7019	O6	2.7019	6.1544
46990	TS	Behrens_3.55	+1.00	carbA	own	O1	2.6475	O1	2.6475	5.6704
46990	TS	Behrens_3.55	+1.00	carbB	own	O6	2.6850	O6	2.6850	8.6892
46990	TS	Behrens_3.55	+1.00	ether	migrated	O2	2.6255	O2	2.6255	5.8467
46990	TS	Behrens_3.55	+1.00	hydroxyl	migrated	O6	2.6850	O6	2.6850	8.6892
46990	TS	Behrens_3.55	-0.25	H1	escaped	O5	45427.2721	O5	45427.2721	45431.6852
46990	TS	Behrens_3.55	-0.25	H2	escaped	O1	42132.6881	O1	42132.6881	42138.5812
46990	TS	Behrens_3.55	-0.25	H3	escaped	H3	41946.4107	H3	41946.4107	41946.4131
46990	TS	Behrens_3.55	-0.25	H4	escaped	H4	34808.6257	H4	34808.6257	34811.3759
46990	TS	Behrens_3.55	-0.25	H5	escaped	O6	45038.3271	O6	45038.3271	45042.4417
46990	TS	Behrens_3.55	-0.25	H6	escaped	H6	48485.1858	H6	48485.1858	48485.4393
46990	TS	Behrens_3.55	-0.25	H7	escaped	H8	40315.7508	H8	40315.7508	40315.7508
46990	TS	Behrens_3.55	-0.25	H8	escaped	H8	43157.2595	H8	43157.2595	43157.2595
46990	TS	Behrens_3.55	-0.50	H1	escaped	O5	59880.5734	O5	59880.5734	59885.0863
46990	TS	Behrens_3.55	-0.50	H2	escaped	O1	63389.3717	O1	63389.3717	63394.4230
46990	TS	Behrens_3.55	-0.50	H3	escaped	H3	74344.2275	H3	74344.2275	74344.5545
46990	TS	Behrens_3.55	-0.50	H4	escaped	O5	70169.9691	O5	70169.9691	70174.3651
46990	TS	Behrens_3.55	-0.50	H5	escaped	O6	52927.9468	O6	52927.9468	52933.0628
46990	TS	Behrens_3.55	-0.50	H6	escaped	H6	66195.2363	H6	66195.2363	66195.3035
46990	TS	Behrens_3.55	-0.50	H7	escaped	H8	55915.2635	H8	55915.2635	55915.2635
46990	TS	Behrens_3.55	-0.50	H8	escaped	H8	57227.6108	H8	57227.6108	57227.6108
46990	TS	Behrens_3.55	-0.75	H1	escaped	O5	88815.4389	O5	88815.4389	88819.9319
46990	TS	Behrens_3.55	-0.75	H2	escaped	O1	72806.1533	O1	72806.1533	72810.4495
46990	TS	Behrens_3.55	-0.75	H3	escaped	H3	76621.9446	H3	76621.9446	76622.6044
46990	TS	Behrens_3.55	-0.75	H4	escaped	O5	81221.4861	O5	81221.4861	81226.4676
46990	TS	Behrens_3.55	-0.75	H5	escaped	O6	60027.4505	O6	60027.4505	60032.7890
46990	TS	Behrens_3.55	-0.75	H6	escaped	O2	71479.6386	O2	71479.6386	71479.8649
46990	TS	Behrens_3.55	-0.75	H7	escaped	H8	68408.6571	H8	68408.6571	68408.6571
46990	TS	Behrens_3.55	-0.75	H8	escaped	H8	76231.2299	H8	76231.2299	76231.2299
46990	TS	Behrens_3.55	-1.00	H1	escaped	O5	91526.5601	O5	91526.5601	91531.0289
46990	TS	Behrens_3.55	-1.00	H2	escaped	O1	105330.2112	O1	105330.2112	105334.0727
46990	TS	Behrens_3.55	-1.00	H3	escaped	H3	106310.3189	H3	106310.3189	106311.2706
46990	TS	Behrens_3.55	-1.00	H4	escaped	O5	89055.6280	O5	89055.6280	89060.8330
46990	TS	Behrens_3.55	-1.00	H5	escaped	O6	82837.1860	O6	82837.1860	82842.5884
46990	TS	Behrens_3.55	-1.00	H6	escaped	O2	78212.2743	O2	78212.2743	78213.0014
46990	TS	Behrens_3.55	-1.00	H7	escaped	H8	71803.9850	H8	71803.9850	71803.9850
46990	TS	Behrens_3.55	-1.00	H8	escaped	H8	76656.2425	H8	76656.2425	76656.2425
47641	R	N	+0.25	carbA	own	O1	2.9846	H2	2.6481	6.8162
47641	R	N	+0.25	carbB	own	O6	3.0942	H2	2.6994	7.4500
47641	R	N	+0.25	ether	migrated	O2	2.9166	O2	2.9166	5.8322
47641	R	N	+0.25	hydroxyl	own	O4	3.3059	C6	3.0956	4.2247
47641	R	N	+0.50	carbA	own	O1	2.7609	O1	2.7609	5.4594
47641	R	N	+0.50	carbB	own	O6	2.9740	H2	2.6731	7.7269
47641	R	N	+0.50	ether	migrated	O2	2.7547	O2	2.7547	5.5853
47641	R	N	+0.50	hydroxyl	migrated	O6	2.7777	O6	2.7777	5.5009
47641	R	N	+0.75	carbA	own	O1	2.6898	O1	2.6898	5.4460
47641	R	N	+0.75	carbB	own	O5	2.8300	H2	2.6766	7.8308
47641	R	N	+0.75	ether	migrated	O2	2.6607	O2	2.6607	5.4382
47641	R	N	+0.75	hydroxyl	migrated	O6	2.6798	O6	2.6798	5.5271
47641	R	N	+1.00	carbA	own	O1	2.6195	O1	2.6195	5.7745
47641	R	N	+1.00	carbB	own	O5	2.7358	H2	2.6670	7.8328
47641	R	N	+1.00	ether	migrated	O2	2.5949	O2	2.5949	5.3346
47641	R	N	+1.00	hydroxyl	migrated	O6	2.6117	O6	2.6117	5.5429
47641	R	N	-0.25	H1	escaped	O6	50492.4766	O6	50492.4766	50494.9213
47641	R	N	-0.25	H2	escaped	O1	44661.9619	O1	44661.9619	44667.7438
47641	R	N	-0.25	H3	escaped	H8	41110.7407	H8	41110.7407	41110.7407
47641	R	N	-0.25	H4	escaped	H4	35485.9584	H4	35485.9584	35489.0626
47641	R	N	-0.25	H5	escaped	O6	46462.2634	O6	46462.2634	46465.9934
47641	R	N	-0.25	H6	escaped	H6	50520.4027	H6	50520.4027	50520.9124
47641	R	N	-0.25	H7	escaped	H8	46821.0241	H8	46821.0241	46821.0241
47641	R	N	-0.25	H8	escaped	H8	42452.1800	H8	42452.1800	42452.1800
47641	R	N	-0.50	H1	escaped	O6	68887.8306	O6	68887.8306	68891.2295
47641	R	N	-0.50	H2	escaped	O1	69714.9484	O1	69714.9484	69719.7197
47641	R	N	-0.50	H3	escaped	H8	70683.0755	H8	70683.0755	70683.0755
47641	R	N	-0.50	H4	escaped	O5	52312.0923	O5	52312.0923	52316.8964
47641	R	N	-0.50	H5	escaped	O6	53871.4212	O6	53871.4212	53876.1809
47641	R	N	-0.50	H6	escaped	H6	67953.3502	H6	67953.3502	67953.7424
47641	R	N	-0.50	H7	escaped	H8	66971.9629	H8	66971.9629	66971.9629
47641	R	N	-0.50	H8	escaped	H8	56551.0060	H8	56551.0060	56551.0060
47641	R	N	-0.75	H1	escaped	O6	72590.8508	O6	72590.8508	72594.6490
47641	R	N	-0.75	H2	escaped	O1	78993.0059	O1	78993.0059	78997.2010
47641	R	N	-0.75	H3	escaped	H8	70189.5449	H8	70189.5449	70189.5449
47641	R	N	-0.75	H4	escaped	O5	78942.6344	O5	78942.6344	78948.2738
47641	R	N	-0.75	H5	escaped	O6	59708.4577	O6	59708.4577	59713.4639
47641	R	N	-0.75	H6	escaped	O2	71970.7059	O2	71970.7059	71971.0124
47641	R	N	-0.75	H7	escaped	H8	76001.3851	H8	76001.3851	76001.3851
47641	R	N	-0.75	H8	escaped	H8	75663.6866	H8	75663.6866	75663.6866
47641	R	N	-1.00	H1	escaped	O6	96281.1563	O6	96281.1563	96285.1672
47641	R	N	-1.00	H2	escaped	O1	82307.8316	O1	82307.8316	82311.7111
47641	R	N	-1.00	H3	escaped	H8	92673.9018	H8	92673.9018	92673.9018
47641	R	N	-1.00	H4	escaped	O5	84955.0846	O5	84955.0846	84961.0665
47641	R	N	-1.00	H5	escaped	O6	82356.5893	O6	82356.5893	82361.6667
47641	R	N	-1.00	H6	escaped	O2	77664.8221	O2	77664.8221	77665.6655
47641	R	N	-1.00	H7	escaped	H8	77512.7709	H8	77512.7709	77512.7709
47641	R	N	-1.00	H8	escaped	H8	76377.0319	H8	76377.0319	76377.0319
47641	R	N+5%	+0.25	carbA	own	O1	3.0908	H2	2.7050	6.9378
47641	R	N+5%	+0.25	carbB	own	O6	3.1660	H2	2.7559	7.5112
47641	R	N+5%	+0.25	ether	migrated	O2	3.0086	O2	3.0086	5.9782
47641	R	N+5%	+0.25	hydroxyl	migrated	O6	3.0448	O6	3.0448	5.4256
47641	R	N+5%	+0.50	carbA	own	O1	2.8251	O1	2.8251	5.5252
47641	R	N+5%	+0.50	carbB	own	O6	3.0257	H2	2.6860	7.5401
47641	R	N+5%	+0.50	ether	migrated	O1	2.8251	O1	2.8251	5.5252
47641	R	N+5%	+0.50	hydroxyl	own	O4	3.3036	C6	3.0384	4.2289
47641	R	N+5%	+0.75	carbA	own	O1	2.7530	O1	2.7530	5.4767
47641	R	N+5%	+0.75	carbB	own	O5	2.9521	H2	2.7049	7.8348
47641	R	N+5%	+0.75	ether	migrated	O2	2.7423	O2	2.7423	5.5719
47641	R	N+5%	+0.75	hydroxyl	migrated	O6	2.7629	O6	2.7629	5.5191
47641	R	N+5%	+1.00	carbA	own	O1	2.6997	O1	2.6997	5.4800
47641	R	N+5%	+1.00	carbB	own	O5	2.8408	H2	2.6962	7.8547
47641	R	N+5%	+1.00	ether	migrated	O2	2.6740	O2	2.6740	5.4642
47641	R	N+5%	+1.00	hydroxyl	migrated	O6	2.6923	O6	2.6923	5.5349
47641	R	N+5%	-0.25	H1	escaped	O6	41243.6835	O6	41243.6835	41245.8967
47641	R	N+5%	-0.25	H2	escaped	O1	44976.6347	O1	44976.6347	44982.4191
47641	R	N+5%	-0.25	H3	escaped	H8	41102.5403	H8	41102.5403	41102.5403
47641	R	N+5%	-0.25	H4	escaped	H4	35574.7764	H4	35574.7764	35577.8140
47641	R	N+5%	-0.25	H5	escaped	O6	46688.3751	O6	46688.3751	46692.0341
47641	R	N+5%	-0.25	H6	escaped	H6	50734.9550	H6	50734.9550	50735.4330
47641	R	N+5%	-0.25	H7	escaped	O4	48957.2724	O4	48957.2724	48957.2808
47641	R	N+5%	-0.25	H8	escaped	H8	42447.4102	H8	42447.4102	42447.4102
47641	R	N+5%	-0.50	H1	escaped	O6	73111.7454	O6	73111.7454	73114.9546
47641	R	N+5%	-0.50	H2	escaped	O1	70178.2465	O1	70178.2465	70183.0180
47641	R	N+5%	-0.50	H3	escaped	H8	70920.8455	H8	70920.8455	70920.8455
47641	R	N+5%	-0.50	H4	escaped	O5	52270.9432	O5	52270.9432	52275.6900
47641	R	N+5%	-0.50	H5	escaped	O6	54119.9804	O6	54119.9804	54124.6811
47641	R	N+5%	-0.50	H6	escaped	H6	67926.3310	H6	67926.3310	67926.6763
47641	R	N+5%	-0.50	H7	escaped	O4	65044.1987	O4	65044.1987	65044.1992
47641	R	N+5%	-0.50	H8	escaped	H8	56509.7515	H8	56509.7515	56509.7515
47641	R	N+5%	-0.75	H1	escaped	O6	82190.4862	O6	82190.4862	82194.0972
47641	R	N+5%	-0.75	H2	escaped	O1	79145.2710	O1	79145.2710	79149.4663
47641	R	N+5%	-0.75	H3	escaped	H8	70336.9636	H8	70336.9636	70336.9636
47641	R	N+5%	-0.75	H4	escaped	O5	78909.0818	O5	78909.0818	78914.6911
47641	R	N+5%	-0.75	H5	escaped	O6	59792.2746	O6	59792.2746	59797.2340
47641	R	N+5%	-0.75	H6	escaped	O2	71808.1416	O2	71808.1416	71808.3544
47641	R	N+5%	-0.75	H7	escaped	O4	79525.1849	O4	79525.1849	79525.1852
47641	R	N+5%	-0.75	H8	escaped	H8	75601.3441	H8	75601.3441	75601.3441
47641	R	N+5%	-1.00	H1	escaped	O6	100405.8475	O6	100405.8475	100409.6704
47641	R	N+5%	-1.00	H2	escaped	O1	82433.3806	O1	82433.3806	82437.2622
47641	R	N+5%	-1.00	H3	escaped	H8	92818.3190	H8	92818.3190	92818.3190
47641	R	N+5%	-1.00	H4	escaped	O5	84952.1380	O5	84952.1380	84958.0997
47641	R	N+5%	-1.00	H5	escaped	O6	82456.6092	O6	82456.6092	82461.6479
47641	R	N+5%	-1.00	H6	escaped	O2	77473.6992	O2	77473.6992	77474.4619
47641	R	N+5%	-1.00	H7	escaped	O4	80106.5927	O4	80106.5927	80106.5939
47641	R	N+5%	-1.00	H8	escaped	H8	76313.3285	H8	76313.3285	76313.3285
47641	R	N+10%	+0.25	carbA	own	O1	3.2132	H2	2.7609	7.0663
47641	R	N+10%	+0.25	carbB	own	O6	3.2416	H2	2.8136	7.5731
47641	R	N+10%	+0.25	ether	migrated	O2	3.1028	O2	3.1028	6.1293
47641	R	N+10%	+0.25	hydroxyl	migrated	O6	3.1416	O6	3.1416	5.4100
47641	R	N+10%	+0.50	carbA	own	O1	2.8858	O1	2.8858	5.6111
47641	R	N+10%	+0.50	carbB	own	O6	3.0930	H2	2.7351	7.5679
47641	R	N+10%	+0.50	ether	migrated	O2	2.9271	O2	2.9271	5.8672
47641	R	N+10%	+0.50	hydroxyl	migrated	O6	2.9526	O6	2.9526	5.4828
47641	R	N+10%	+0.75	carbA	own	O1	2.8159	O1	2.8159	5.5323
47641	R	N+10%	+0.75	carbB	own	O6	3.0150	H2	2.7194	7.7515
47641	R	N+10%	+0.75	ether	migrated	O1	2.8159	O1	2.8159	5.5323
47641	R	N+10%	+0.75	hydroxyl	migrated	O6	2.8469	O6	2.8469	5.5113
47641	R	N+10%	+1.00	carbA	own	O1	2.7624	O1	2.7624	5.5022
47641	R	N+10%	+1.00	carbB	own	O5	2.9557	H2	2.7248	7.8656
47641	R	N+10%	+1.00	ether	migrated	O2	2.7543	O2	2.7543	5.5970
47641	R	N+10%	+1.00	hydroxyl	own	O4	3.1855	C6	2.9795	4.1141
47641	R	N+10%	-0.25	H1	escaped	O6	44120.6642	O6	44120.6642	44122.6916
47641	R	N+10%	-0.25	H2	escaped	O1	45406.3198	O1	45406.3198	45412.1047
47641	R	N+10%	-0.25	H3	escaped	H8	41141.4387	H8	41141.4387	41141.4387
47641	R	N+10%	-0.25	H4	escaped	H4	35631.0990	H4	35631.0990	35634.0256
47641	R	N+10%	-0.25	H5	escaped	O6	46946.2865	O6	46946.2865	46949.8265
47641	R	N+10%	-0.25	H6	escaped	H6	50957.6794	H6	50957.6794	50958.1041
47641	R	N+10%	-0.25	H7	escaped	O4	50704.4078	O4	50704.4078	50704.4318
47641	R	N+10%	-0.25	H8	escaped	H8	42454.8085	H8	42454.8085	42454.8085
47641	R	N+10%	-0.50	H1	escaped	O6	58246.1096	O6	58246.1096	58249.1631
47641	R	N+10%	-0.50	H2	escaped	O1	70851.2091	O1	70851.2091	70855.9780
47641	R	N+10%	-0.50	H3	escaped	H8	71189.0540	H8	71189.0540	71189.0540
47641	R	N+10%	-0.50	H4	escaped	O5	52136.0563	O5	52136.0563	52140.7090
47641	R	N+10%	-0.50	H5	escaped	O6	54446.2838	O6	54446.2838	54450.8887
47641	R	N+10%	-0.50	H6	escaped	H6	67825.7328	H6	67825.7328	67825.9979
47641	R	N+10%	-0.50	H7	escaped	O4	63560.1682	O4	63560.1682	63560.1853
47641	R	N+10%	-0.50	H8	escaped	H8	56482.1461	H8	56482.1461	56482.1461
47641	R	N+10%	-0.75	H1	escaped	O6	81316.9133	O6	81316.9133	81320.3643
47641	R	N+10%	-0.75	H2	escaped	O1	79412.1165	O1	79412.1165	79416.3106
47641	R	N+10%	-0.75	H3	escaped	H8	70503.0355	H8	70503.0355	70503.0355
47641	R	N+10%	-0.75	H4	escaped	O5	78771.8451	O5	78771.8451	78777.4066
47641	R	N+10%	-0.75	H5	escaped	O6	59946.4694	O6	59946.4694	59951.3540
47641	R	N+10%	-0.75	H6	escaped	H6	71510.4878	H6	71510.4878	71510.5528
47641	R	N+10%	-0.75	H7	escaped	O4	82027.8227	O4	82027.8227	82027.8385
47641	R	N+10%	-0.75	H8	escaped	H8	75558.8096	H8	75558.8096	75558.8096
47641	R	N+10%	-1.00	H1	escaped	O6	80506.6922	O6	80506.6922	80510.3500
47641	R	N+10%	-1.00	H2	escaped	O1	82656.3778	O1	82656.3778	82660.2613
47641	R	N+10%	-1.00	H3	escaped	H8	92989.4684	H8	92989.4684	92989.4684
47641	R	N+10%	-1.00	H4	escaped	O5	84977.6348	O5	84977.6348	84983.5643
47641	R	N+10%	-1.00	H5	escaped	O6	82640.6483	O6	82640.6483	82645.6260
47641	R	N+10%	-1.00	H6	escaped	O2	77135.7814	O2	77135.7814	77136.4051
47641	R	N+10%	-1.00	H7	escaped	O4	82673.1816	O4	82673.1816	82673.1976
47641	R	N+10%	-1.00	H8	escaped	H8	76270.1564	H8	76270.1564	76270.1564
47641	R	OPLS_sp3C	+0.25	carbA	own	O1	3.0181	H2	2.6738	6.8731
47641	R	OPLS_sp3C	+0.25	carbB	own	O6	3.1073	H2	2.7344	7.5391
47641	R	OPLS_sp3C	+0.25	ether	migrated	O2	2.9414	O2	2.9414	5.8843
47641	R	OPLS_sp3C	+0.25	hydroxyl	migrated	O6	2.9693	O6	2.9693	5.4685
47641	R	OPLS_sp3C	+0.50	carbA	own	O1	2.7745	O1	2.7745	5.4979
47641	R	OPLS_sp3C	+0.50	carbB	own	O5	2.9949	H2	2.7176	7.8376
47641	R	OPLS_sp3C	+0.50	ether	migrated	O2	2.7704	O2	2.7704	5.6194
47641	R	OPLS_sp3C	+0.50	hydroxyl	migrated	O6	2.7910	O6	2.7910	5.5188
47641	R	OPLS_sp3C	+0.75	carbA	own	O1	2.6980	O1	2.6980	5.5037
47641	R	OPLS_sp3C	+0.75	carbB	own	O5	2.8349	H2	2.7042	7.8658
47641	R	OPLS_sp3C	+0.75	ether	migrated	O2	2.6727	O2	2.6727	5.4649
47641	R	OPLS_sp3C	+0.75	hydroxyl	migrated	O6	2.6904	O6	2.6904	5.5400
47641	R	OPLS_sp3C	+1.00	carbA	own	O1	2.6258	O1	2.6258	5.8242
47641	R	OPLS_sp3C	+1.00	carbB	own	O5	2.7425	H2	2.6918	7.8584
47641	R	OPLS_sp3C	+1.00	ether	migrated	O2	2.6049	O2	2.6049	5.3573
47641	R	OPLS_sp3C	+1.00	hydroxyl	migrated	O6	2.6207	O6	2.6207	5.5528
47641	R	OPLS_sp3C	-0.25	H1	escaped	O6	50230.5891	O6	50230.5891	50233.4168
47641	R	OPLS_sp3C	-0.25	H2	escaped	O1	44716.8424	O1	44716.8424	44722.6027
47641	R	OPLS_sp3C	-0.25	H3	escaped	H8	40771.1515	H8	40771.1515	40771.1515
47641	R	OPLS_sp3C	-0.25	H4	escaped	H4	35167.4636	H4	35167.4636	35170.5349
47641	R	OPLS_sp3C	-0.25	H5	escaped	O6	46307.4434	O6	46307.4434	46311.1460
47641	R	OPLS_sp3C	-0.25	H6	escaped	H6	50080.6006	H6	50080.6006	50081.0604
47641	R	OPLS_sp3C	-0.25	H7	escaped	H8	44150.0803	H8	44150.0803	44150.0803
47641	R	OPLS_sp3C	-0.25	H8	escaped	H8	42541.9750	H8	42541.9750	42541.9750
47641	R	OPLS_sp3C	-0.50	H1	escaped	O6	68563.4600	O6	68563.4600	68566.9760
47641	R	OPLS_sp3C	-0.50	H2	escaped	O1	70076.1448	O1	70076.1448	70080.8909
47641	R	OPLS_sp3C	-0.50	H3	escaped	H8	70343.0685	H8	70343.0685	70343.0685
47641	R	OPLS_sp3C	-0.50	H4	escaped	O5	52031.1041	O5	52031.1041	52035.8855
47641	R	OPLS_sp3C	-0.50	H5	escaped	O6	53988.4831	O6	53988.4831	53993.1853
47641	R	OPLS_sp3C	-0.50	H6	escaped	H6	67502.7513	H6	67502.7513	67503.0522
47641	R	OPLS_sp3C	-0.50	H7	escaped	H8	68872.1533	H8	68872.1533	68872.1533
47641	R	OPLS_sp3C	-0.50	H8	escaped	H8	56743.0790	H8	56743.0790	56743.0790
47641	R	OPLS_sp3C	-0.75	H1	escaped	O6	72366.9007	O6	72366.9007	72370.7466
47641	R	OPLS_sp3C	-0.75	H2	escaped	O1	79461.5356	O1	79461.5356	79465.7166
47641	R	OPLS_sp3C	-0.75	H3	escaped	H8	69989.1969	H8	69989.1969	69989.1969
47641	R	OPLS_sp3C	-0.75	H4	escaped	O5	78658.0888	O5	78658.0888	78663.7188
47641	R	OPLS_sp3C	-0.75	H5	escaped	O6	60048.9357	O6	60048.9357	60053.8876
47641	R	OPLS_sp3C	-0.75	H6	escaped	O2	71513.9322	O2	71513.9322	71514.0939
47641	R	OPLS_sp3C	-0.75	H7	escaped	H8	74119.6938	H8	74119.6938	74119.6938
47641	R	OPLS_sp3C	-0.75	H8	escaped	H8	75948.4366	H8	75948.4366	75948.4366
47641	R	OPLS_sp3C	-1.00	H1	escaped	O6	96317.1192	O6	96317.1192	96321.1505
47641	R	OPLS_sp3C	-1.00	H2	escaped	O1	82701.0627	O1	82701.0627	82704.9338
47641	R	OPLS_sp3C	-1.00	H3	escaped	H8	92545.5367	H8	92545.5367	92545.5367
47641	R	OPLS_sp3C	-1.00	H4	escaped	O5	85224.0588	O5	85224.0588	85230.0306
47641	R	OPLS_sp3C	-1.00	H5	escaped	O6	82744.7987	O6	82744.7987	82749.8295
47641	R	OPLS_sp3C	-1.00	H6	escaped	O2	77257.5311	O2	77257.5311	77258.2455
47641	R	OPLS_sp3C	-1.00	H7	escaped	H8	76781.1150	H8	76781.1150	76781.1150
47641	R	OPLS_sp3C	-1.00	H8	escaped	H8	76669.5257	H8	76669.5257	76669.5257
47641	R	Behrens_3.55	+0.25	carbA	own	O1	3.0498	H2	2.6909	6.9093
47641	R	Behrens_3.55	+0.25	carbB	own	O6	3.1289	H2	2.7509	7.5545
47641	R	Behrens_3.55	+0.25	ether	migrated	O2	2.9690	O2	2.9690	5.9294
47641	R	Behrens_3.55	+0.25	hydroxyl	migrated	O6	2.9973	O6	2.9973	5.4653
47641	R	Behrens_3.55	+0.50	carbA	own	O1	2.7938	O1	2.7938	5.5147
47641	R	Behrens_3.55	+0.50	carbB	own	O6	3.0068	H2	2.7241	7.8247
47641	R	Behrens_3.55	+0.50	ether	migrated	O1	2.7938	O1	2.7938	5.5147
47641	R	Behrens_3.55	+0.50	hydroxyl	migrated	O6	2.8167	O6	2.8167	5.5165
47641	R	Behrens_3.55	+0.75	carbA	own	O1	2.7176	O1	2.7176	5.4983
47641	R	Behrens_3.55	+0.75	carbB	own	O5	2.8676	H2	2.7131	7.8718
47641	R	Behrens_3.55	+0.75	ether	migrated	O2	2.6970	O2	2.6970	5.5051
47641	R	Behrens_3.55	+0.75	hydroxyl	migrated	O6	2.7150	O6	2.7150	5.5377
47641	R	Behrens_3.55	+1.00	carbA	own	O1	2.6519	O1	2.6519	5.7029
47641	R	Behrens_3.55	+1.00	carbB	own	O5	2.7724	H2	2.7001	7.8664
47641	R	Behrens_3.55	+1.00	ether	migrated	O2	2.6284	O2	2.6284	5.3960
47641	R	Behrens_3.55	+1.00	hydroxyl	own	O4	2.9785	C6	2.8902	3.9124
47641	R	Behrens_3.55	-0.25	H1	escaped	O6	50951.0156	O6	50951.0156	50953.8027
47641	R	Behrens_3.55	-0.25	H2	escaped	O1	44799.2355	O1	44799.2355	44804.9959
47641	R	Behrens_3.55	-0.25	H3	escaped	H8	40836.2129	H8	40836.2129	40836.2129
47641	R	Behrens_3.55	-0.25	H4	escaped	H4	35174.3303	H4	35174.3303	35177.3794
47641	R	Behrens_3.55	-0.25	H5	escaped	O6	46355.6060	O6	46355.6060	46359.2851
47641	R	Behrens_3.55	-0.25	H6	escaped	H6	50119.6217	H6	50119.6217	50120.0706
47641	R	Behrens_3.55	-0.25	H7	escaped	H8	45793.1274	H8	45793.1274	45793.1274
47641	R	Behrens_3.55	-0.25	H8	escaped	H8	42540.0842	H8	42540.0842	42540.0842
47641	R	Behrens_3.55	-0.50	H1	escaped	O6	69742.6616	O6	69742.6616	69746.1322
47641	R	Behrens_3.55	-0.50	H2	escaped	O1	70208.7208	O1	70208.7208	70213.4664
47641	R	Behrens_3.55	-0.50	H3	escaped	H8	70392.5383	H8	70392.5383	70392.5383
47641	R	Behrens_3.55	-0.50	H4	escaped	O5	52002.4110	O5	52002.4110	52007.1739
47641	R	Behrens_3.55	-0.50	H5	escaped	O6	54053.3144	O6	54053.3144	54057.9974
47641	R	Behrens_3.55	-0.50	H6	escaped	H6	67480.2099	H6	67480.2099	67480.4942
47641	R	Behrens_3.55	-0.50	H7	escaped	H8	54093.5550	H8	54093.5550	54093.5550
47641	R	Behrens_3.55	-0.50	H8	escaped	H8	56737.0855	H8	56737.0855	56737.0855
47641	R	Behrens_3.55	-0.75	H1	escaped	O6	74096.7886	O6	74096.7886	74100.5851
47641	R	Behrens_3.55	-0.75	H2	escaped	O1	79517.9002	O1	79517.9002	79522.0809
47641	R	Behrens_3.55	-0.75	H3	escaped	H8	70022.1522	H8	70022.1522	70022.1522
47641	R	Behrens_3.55	-0.75	H4	escaped	O5	78630.0365	O5	78630.0365	78635.6571
47641	R	Behrens_3.55	-0.75	H5	escaped	O6	60081.9200	O6	60081.9200	60086.8569
47641	R	Behrens_3.55	-0.75	H6	escaped	O2	71452.9591	O2	71452.9591	71453.0879
47641	R	Behrens_3.55	-0.75	H7	escaped	H8	76632.9448	H8	76632.9448	76632.9448
47641	R	Behrens_3.55	-0.75	H8	escaped	H8	75940.1141	H8	75940.1141	75940.1141
47641	R	Behrens_3.55	-1.00	H1	escaped	O6	97280.9554	O6	97280.9554	97284.9352
47641	R	Behrens_3.55	-1.00	H2	escaped	O1	82748.2611	O1	82748.2611	82752.1326
47641	R	Behrens_3.55	-1.00	H3	escaped	H8	92582.6441	H8	92582.6441	92582.6441
47641	R	Behrens_3.55	-1.00	H4	escaped	O5	85230.4481	O5	85230.4481	85236.4135
47641	R	Behrens_3.55	-1.00	H5	escaped	O6	82784.1321	O6	82784.1321	82789.1505
47641	R	Behrens_3.55	-1.00	H6	escaped	O2	77189.2545	O2	77189.2545	77189.9403
47641	R	Behrens_3.55	-1.00	H7	escaped	H8	77496.4183	H8	77496.4183	77496.4183
47641	R	Behrens_3.55	-1.00	H8	escaped	H8	76661.3974	H8	76661.3974	76661.3974
47641	TS	N	+0.25	carbA	own	O1	2.8875	H6	2.8830	5.5638
47641	TS	N	+0.25	carbB	own	O6	3.0594	H2	2.7770	8.4503
47641	TS	N	+0.25	ether	migrated	O2	2.9326	O2	2.9326	6.2530
47641	TS	N	+0.25	hydroxyl	migrated	O6	2.9649	O6	2.9649	5.1498
47641	TS	N	+0.50	carbA	own	O1	2.7631	O1	2.7631	5.4939
47641	TS	N	+0.50	carbB	own	O5	2.8834	H2	2.7532	8.3968
47641	TS	N	+0.50	ether	migrated	O2	2.7630	O2	2.7630	5.9660
47641	TS	N	+0.50	hydroxyl	migrated	O6	2.7887	O6	2.7887	5.2250
47641	TS	N	+0.75	carbA	own	O1	2.6875	O1	2.6875	5.4802
47641	TS	N	+0.75	carbB	own	O5	2.7771	H2	2.7589	8.3672
47641	TS	N	+0.75	ether	migrated	O2	2.6661	O2	2.6661	5.7969
47641	TS	N	+0.75	hydroxyl	migrated	O6	2.6893	O6	2.6893	5.2593
47641	TS	N	+1.00	carbA	own	O1	2.6300	O1	2.6300	5.5267
47641	TS	N	+1.00	carbB	own	O5	2.7021	O5	2.7021	8.3591
47641	TS	N	+1.00	ether	migrated	O2	2.5989	O2	2.5989	5.6785
47641	TS	N	+1.00	hydroxyl	migrated	O6	2.6203	O6	2.6203	5.2807
47641	TS	N	-0.25	H1	escaped	O5	41046.3895	O5	41046.3895	41050.9164
47641	TS	N	-0.25	H2	escaped	O1	43769.6182	O1	43769.6182	43775.2504
47641	TS	N	-0.25	H3	escaped	H3	41534.7932	H3	41534.7932	41534.8942
47641	TS	N	-0.25	H4	escaped	H4	35593.8309	H4	35593.8309	35596.8400
47641	TS	N	-0.25	H5	escaped	O6	45690.0875	O6	45690.0875	45693.8517
47641	TS	N	-0.25	H6	escaped	H6	49833.3282	H6	49833.3282	49833.5475
47641	TS	N	-0.25	H7	escaped	H8	46087.1440	H8	46087.1440	46087.1440
47641	TS	N	-0.25	H8	escaped	H8	42909.8279	H8	42909.8279	42909.8279
47641	TS	N	-0.50	H1	escaped	O5	63735.9709	O5	63735.9709	63740.7611
47641	TS	N	-0.50	H2	escaped	O1	67626.7519	O1	67626.7519	67631.5750
47641	TS	N	-0.50	H3	escaped	H3	73804.7920	H3	73804.7920	73805.1573
47641	TS	N	-0.50	H4	escaped	O5	52539.2757	O5	52539.2757	52544.0186
47641	TS	N	-0.50	H5	escaped	O6	69032.8802	O6	69032.8802	69037.6737
47641	TS	N	-0.50	H6	escaped	H6	66998.3392	H6	66998.3392	66998.3786
47641	TS	N	-0.50	H7	escaped	H8	61275.6161	H8	61275.6161	61275.6161
47641	TS	N	-0.50	H8	escaped	H8	57088.7291	H8	57088.7291	57088.7291
47641	TS	N	-0.75	H1	escaped	O5	76291.6149	O5	76291.6149	76296.4875
47641	TS	N	-0.75	H2	escaped	O1	75833.3346	O1	75833.3346	75837.6424
47641	TS	N	-0.75	H3	escaped	H3	75695.1023	H3	75695.1023	75695.7126
47641	TS	N	-0.75	H4	escaped	O5	79387.6307	O5	79387.6307	79393.2704
47641	TS	N	-0.75	H5	escaped	O6	76570.2190	O6	76570.2190	76575.2624
47641	TS	N	-0.75	H6	escaped	H8	70976.4181	H8	70976.4181	70976.4181
47641	TS	N	-0.75	H7	escaped	H8	68079.3538	H8	68079.3538	68079.3538
47641	TS	N	-0.75	H8	escaped	H8	76358.8054	H8	76358.8054	76358.8054
47641	TS	N	-1.00	H1	escaped	O5	89699.0650	O5	89699.0650	89703.9789
47641	TS	N	-1.00	H2	escaped	O1	104523.8235	O1	104523.8235	104527.8403
47641	TS	N	-1.00	H3	escaped	H3	104969.7860	H3	104969.7860	104970.6087
47641	TS	N	-1.00	H4	escaped	O5	85734.3907	O5	85734.3907	85740.4015
47641	TS	N	-1.00	H5	escaped	O6	79833.9492	O6	79833.9492	79839.0575
47641	TS	N	-1.00	H6	escaped	O2	76718.5473	O2	76718.5473	76718.9065
47641	TS	N	-1.00	H7	escaped	H8	77250.0378	H8	77250.0378	77250.0378
47641	TS	N	-1.00	H8	escaped	H8	77061.0063	H8	77061.0063	77061.0063
47641	TS	N+5%	+0.25	carbA	own	O1	2.9576	H6	2.9387	5.6367
47641	TS	N+5%	+0.25	carbB	own	O6	3.1184	H2	2.8234	8.5040
47641	TS	N+5%	+0.25	ether	migrated	O2	3.0323	O2	3.0323	6.4328
47641	TS	N+5%	+0.25	hydroxyl	migrated	O6	3.0565	O6	3.0565	5.1384
47641	TS	N+5%	+0.50	carbA	own	O1	2.8301	O1	2.8301	5.5507
47641	TS	N+5%	+0.50	carbB	own	O5	2.9758	H2	2.7870	8.4487
47641	TS	N+5%	+0.50	ether	migrated	O2	2.8522	O2	2.8522	6.1287
47641	TS	N+5%	+0.50	hydroxyl	migrated	O6	2.8746	O6	2.8746	5.2135
47641	TS	N+5%	+0.75	carbA	own	O1	2.7531	O1	2.7531	5.5156
47641	TS	N+5%	+0.75	carbB	own	O5	2.8659	H2	2.7756	8.4103
47641	TS	N+5%	+0.75	ether	migrated	O2	2.7503	O2	2.7503	5.9506
47641	TS	N+5%	+0.75	hydroxyl	migrated	O6	2.7720	O6	2.7720	5.2472
47641	TS	N+5%	+1.00	carbA	own	O1	2.6974	O1	2.6974	5.5098
47641	TS	N+5%	+1.00	carbB	own	O5	2.7893	H2	2.7802	8.3872
47641	TS	N+5%	+1.00	ether	migrated	O2	2.6798	O2	2.6798	5.8262
47641	TS	N+5%	+1.00	hydroxyl	migrated	O6	2.7009	O6	2.7009	5.2680
47641	TS	N+5%	-0.25	H1	escaped	O5	43253.4030	O5	43253.4030	43257.5876
47641	TS	N+5%	-0.25	H2	escaped	O1	44139.2681	O1	44139.2681	44144.9161
47641	TS	N+5%	-0.25	H3	escaped	H3	41539.0332	H3	41539.0332	41539.1233
47641	TS	N+5%	-0.25	H4	escaped	H4	35654.0146	H4	35654.0146	35656.9461
47641	TS	N+5%	-0.25	H5	escaped	O6	45915.2645	O6	45915.2645	45918.9602
47641	TS	N+5%	-0.25	H6	escaped	H6	50042.3991	H6	50042.3991	50042.5854
47641	TS	N+5%	-0.25	H7	escaped	O4	48121.6376	O4	48121.6376	48121.6564
47641	TS	N+5%	-0.25	H8	escaped	H8	42917.0305	H8	42917.0305	42917.0305
47641	TS	N+5%	-0.50	H1	escaped	O5	54837.4810	O5	54837.4810	54842.0580
47641	TS	N+5%	-0.50	H2	escaped	O1	68121.1881	O1	68121.1881	68126.0240
47641	TS	N+5%	-0.50	H3	escaped	H3	74000.8812	H3	74000.8812	74001.2310
47641	TS	N+5%	-0.50	H4	escaped	O5	52442.5261	O5	52442.5261	52447.2059
47641	TS	N+5%	-0.50	H5	escaped	O6	69318.1689	O6	69318.1689	69322.9002
47641	TS	N+5%	-0.50	H6	escaped	H8	66995.2579	H8	66995.2579	66995.2579
47641	TS	N+5%	-0.50	H7	escaped	O4	58619.3701	O4	58619.3701	58619.3730
47641	TS	N+5%	-0.50	H8	escaped	H8	57055.6012	H8	57055.6012	57055.6012
47641	TS	N+5%	-0.75	H1	escaped	O5	71774.6683	O5	71774.6683	71779.3852
47641	TS	N+5%	-0.75	H2	escaped	O1	75952.8915	O1	75952.8915	75957.2103
47641	TS	N+5%	-0.75	H3	escaped	H3	75738.5090	H3	75738.5090	75739.1033
47641	TS	N+5%	-0.75	H4	escaped	O5	79271.9990	O5	79271.9990	79277.6093
47641	TS	N+5%	-0.75	H5	escaped	O6	76665.4466	O6	76665.4466	76670.4391
47641	TS	N+5%	-0.75	H6	escaped	H8	70852.1611	H8	70852.1611	70852.1611
47641	TS	N+5%	-0.75	H7	escaped	O4	67296.6362	O4	67296.6362	67296.6379
47641	TS	N+5%	-0.75	H8	escaped	H8	76306.3941	H8	76306.3941	76306.3941
47641	TS	N+5%	-1.00	H1	escaped	O5	86314.5772	O5	86314.5772	86319.3667
47641	TS	N+5%	-1.00	H2	escaped	O1	104636.1384	O1	104636.1384	104640.1664
47641	TS	N+5%	-1.00	H3	escaped	H3	104919.0294	H3	104919.0294	104919.8377
47641	TS	N+5%	-1.00	H4	escaped	O5	85712.7454	O5	85712.7454	85718.7377
47641	TS	N+5%	-1.00	H5	escaped	O6	79917.2062	O6	79917.2062	79922.2718
47641	TS	N+5%	-1.00	H6	escaped	O2	76567.6317	O2	76567.6317	76567.8984
47641	TS	N+5%	-1.00	H7	escaped	H8	82087.3683	H8	82087.3683	82087.3683
47641	TS	N+5%	-1.00	H8	escaped	H8	77006.8611	H8	77006.8611	77006.8611
47641	TS	N+10%	+0.25	carbA	own	O1	3.0275	H6	2.9963	5.7156
47641	TS	N+10%	+0.25	carbB	own	O6	3.1778	H2	2.8705	8.5514
47641	TS	N+10%	+0.25	ether	migrated	O2	3.1403	O2	3.1403	6.6376
47641	TS	N+10%	+0.25	hydroxyl	migrated	O6	3.1778	H2	2.8705	8.5514
47641	TS	N+10%	+0.50	carbA	own	O1	2.8975	O1	2.8975	5.6136
47641	TS	N+10%	+0.50	carbB	own	O5	3.0695	H2	2.8263	8.5027
47641	TS	N+10%	+0.50	ether	migrated	O2	2.9450	O2	2.9450	6.3025
47641	TS	N+10%	+0.50	hydroxyl	migrated	O6	2.9606	O6	2.9606	5.2045
47641	TS	N+10%	+0.75	carbA	own	O1	2.8187	O1	2.8187	5.5656
47641	TS	N+10%	+0.75	carbB	own	O5	2.9552	H2	2.8042	8.4596
47641	TS	N+10%	+0.75	ether	migrated	O2	2.8370	O2	2.8370	6.1120
47641	TS	N+10%	+0.75	hydroxyl	migrated	O6	2.8550	O6	2.8550	5.2372
47641	TS	N+10%	+1.00	carbA	own	O1	2.7622	O1	2.7622	5.5414
47641	TS	N+10%	+1.00	carbB	own	O5	2.8763	H2	2.7955	8.4295
47641	TS	N+10%	+1.00	ether	migrated	O2	2.7628	O2	2.7628	5.9801
47641	TS	N+10%	+1.00	hydroxyl	migrated	O6	2.7817	O6	2.7817	5.2572
47641	TS	N+10%	-0.25	H1	escaped	O5	47542.8665	O5	47542.8665	47546.7881
47641	TS	N+10%	-0.25	H2	escaped	O1	44652.8204	O1	44652.8204	44658.4873
47641	TS	N+10%	-0.25	H3	escaped	H3	41587.5851	H3	41587.5851	41587.6554
47641	TS	N+10%	-0.25	H4	escaped	H4	35668.0449	H4	35668.0449	35670.8473
47641	TS	N+10%	-0.25	H5	escaped	O6	46177.9558	O6	46177.9558	46181.5372
47641	TS	N+10%	-0.25	H6	escaped	H6	50268.2887	H6	50268.2887	50268.4200
47641	TS	N+10%	-0.25	H7	escaped	O4	37710.1992	O4	37710.1992	37710.2397
47641	TS	N+10%	-0.25	H8	escaped	H8	42937.9650	H8	42937.9650	42937.9650
47641	TS	N+10%	-0.50	H1	escaped	O5	54277.4224	O5	54277.4224	54281.8066
47641	TS	N+10%	-0.50	H2	escaped	O1	68860.6563	O1	68860.6563	68865.5062
47641	TS	N+10%	-0.50	H3	escaped	H3	74169.6870	H3	74169.6870	74170.0065
47641	TS	N+10%	-0.50	H4	escaped	O5	52217.0760	O5	52217.0760	52221.6518
47641	TS	N+10%	-0.50	H5	escaped	O6	69704.2268	O6	69704.2268	69708.8567
47641	TS	N+10%	-0.50	H6	escaped	H8	66948.2372	H8	66948.2372	66948.2372
47641	TS	N+10%	-0.50	H7	escaped	O4	57032.0028	O4	57032.0028	57032.0277
47641	TS	N+10%	-0.50	H8	escaped	H8	57036.1322	H8	57036.1322	57036.1322
47641	TS	N+10%	-0.75	H1	escaped	O5	66115.7865	O5	66115.7865	66120.3356
47641	TS	N+10%	-0.75	H2	escaped	O1	76180.9476	O1	76180.9476	76185.2793
47641	TS	N+10%	-0.75	H3	escaped	H3	75695.8771	H3	75695.8771	75696.4391
47641	TS	N+10%	-0.75	H4	escaped	O5	79001.3293	O5	79001.3293	79006.8931
47641	TS	N+10%	-0.75	H5	escaped	O6	76849.0159	O6	76849.0159	76853.9264
47641	TS	N+10%	-0.75	H6	escaped	H8	70637.8283	H8	70637.8283	70637.8283
47641	TS	N+10%	-0.75	H7	escaped	O4	62637.6967	O4	62637.6967	62637.7161
47641	TS	N+10%	-0.75	H8	escaped	H8	76273.2660	H8	76273.2660	76273.2660
47641	TS	N+10%	-1.00	H1	escaped	O5	81723.4689	O5	81723.4689	81728.0992
47641	TS	N+10%	-1.00	H2	escaped	O1	104860.5837	O1	104860.5837	104864.6257
47641	TS	N+10%	-1.00	H3	escaped	H3	104706.0038	H3	104706.0038	104706.7826
47641	TS	N+10%	-1.00	H4	escaped	O5	85706.7216	O5	85706.7216	85712.6849
47641	TS	N+10%	-1.00	H5	escaped	O6	80076.8729	O6	80076.8729	80081.8706
47641	TS	N+10%	-1.00	H6	escaped	O2	76317.6841	O2	76317.6841	76317.7941
47641	TS	N+10%	-1.00	H7	escaped	O4	84020.3335	O4	84020.3335	84020.3513
47641	TS	N+10%	-1.00	H8	escaped	H8	76972.4516	H8	76972.4516	76972.4516
47641	TS	OPLS_sp3C	+0.25	carbA	own	O1	2.9081	O1	2.9081	5.6116
47641	TS	OPLS_sp3C	+0.25	carbB	own	O6	3.0826	H2	2.8203	8.4987
47641	TS	OPLS_sp3C	+0.25	ether	migrated	O2	2.9600	O2	2.9600	6.3214
47641	TS	OPLS_sp3C	+0.25	hydroxyl	migrated	O6	2.9787	O6	2.9787	5.1874
47641	TS	OPLS_sp3C	+0.50	carbA	own	O1	2.7753	O1	2.7753	5.5359
47641	TS	OPLS_sp3C	+0.50	carbB	own	O5	2.8955	H2	2.7882	8.4296
47641	TS	OPLS_sp3C	+0.50	ether	migrated	O2	2.7794	O2	2.7794	6.0061
47641	TS	OPLS_sp3C	+0.50	hydroxyl	migrated	O6	2.7996	O6	2.7996	5.2465
47641	TS	OPLS_sp3C	+0.75	carbA	own	O1	2.6956	O1	2.6956	5.5256
47641	TS	OPLS_sp3C	+0.75	carbB	own	O5	2.7865	O5	2.7865	8.3944
47641	TS	OPLS_sp3C	+0.75	ether	migrated	O2	2.6785	O2	2.6785	5.8269
47641	TS	OPLS_sp3C	+0.75	hydroxyl	migrated	O6	2.6984	O6	2.6984	5.2740
47641	TS	OPLS_sp3C	+1.00	carbA	own	O1	2.6350	O1	2.6350	5.5885
47641	TS	OPLS_sp3C	+1.00	carbB	own	O5	2.7098	O5	2.7098	8.3847
47641	TS	OPLS_sp3C	+1.00	ether	migrated	O2	2.6090	O2	2.6090	5.7033
47641	TS	OPLS_sp3C	+1.00	hydroxyl	migrated	O6	2.6283	O6	2.6283	5.2915
47641	TS	OPLS_sp3C	-0.25	H1	escaped	O5	41273.5694	O5	41273.5694	41278.0488
47641	TS	OPLS_sp3C	-0.25	H2	escaped	O1	43838.5466	O1	43838.5466	43844.1689
47641	TS	OPLS_sp3C	-0.25	H3	escaped	H3	41822.8062	H3	41822.8062	41822.8924
47641	TS	OPLS_sp3C	-0.25	H4	escaped	H4	35255.6078	H4	35255.6078	35258.5784
47641	TS	OPLS_sp3C	-0.25	H5	escaped	O6	45529.5453	O6	45529.5453	45533.2808
47641	TS	OPLS_sp3C	-0.25	H6	escaped	H6	49442.4535	H6	49442.4535	49442.6180
47641	TS	OPLS_sp3C	-0.25	H7	escaped	H8	45535.9159	H8	45535.9159	45535.9159
47641	TS	OPLS_sp3C	-0.25	H8	escaped	H8	42977.8459	H8	42977.8459	42977.8459
47641	TS	OPLS_sp3C	-0.50	H1	escaped	O5	62796.8106	O5	62796.8106	62801.5409
47641	TS	OPLS_sp3C	-0.50	H2	escaped	O1	68081.3814	O1	68081.3814	68086.1826
47641	TS	OPLS_sp3C	-0.50	H3	escaped	H3	73233.6734	H3	73233.6734	73233.9887
47641	TS	OPLS_sp3C	-0.50	H4	escaped	O5	52198.7611	O5	52198.7611	52203.4799
47641	TS	OPLS_sp3C	-0.50	H5	escaped	O6	69220.3778	O6	69220.3778	69225.1056
47641	TS	OPLS_sp3C	-0.50	H6	escaped	H8	66627.8683	H8	66627.8683	66627.8683
47641	TS	OPLS_sp3C	-0.50	H7	escaped	H8	63571.6886	H8	63571.6886	63571.6886
47641	TS	OPLS_sp3C	-0.50	H8	escaped	H8	57261.3155	H8	57261.3155	57261.3155
47641	TS	OPLS_sp3C	-0.75	H1	escaped	O5	74747.6717	O5	74747.6717	74752.4900
47641	TS	OPLS_sp3C	-0.75	H2	escaped	O1	76329.4936	O1	76329.4936	76333.7892
47641	TS	OPLS_sp3C	-0.75	H3	escaped	H3	75116.9964	H3	75116.9964	75117.5474
47641	TS	OPLS_sp3C	-0.75	H4	escaped	O5	79002.2862	O5	79002.2862	79007.9206
47641	TS	OPLS_sp3C	-0.75	H5	escaped	O6	77015.7367	O6	77015.7367	77020.7158
47641	TS	OPLS_sp3C	-0.75	H6	escaped	H8	70621.1566	H8	70621.1566	70621.1566
47641	TS	OPLS_sp3C	-0.75	H7	escaped	H8	67475.2900	H8	67475.2900	67475.2900
47641	TS	OPLS_sp3C	-0.75	H8	escaped	H8	76616.5796	H8	76616.5796	76616.5796
47641	TS	OPLS_sp3C	-1.00	H1	escaped	O5	88412.3773	O5	88412.3773	88417.2437
47641	TS	OPLS_sp3C	-1.00	H2	escaped	O1	105047.9230	O1	105047.9230	105051.9335
47641	TS	OPLS_sp3C	-1.00	H3	escaped	H3	104173.6618	H3	104173.6618	104174.4266
47641	TS	OPLS_sp3C	-1.00	H4	escaped	O5	85973.9845	O5	85973.9845	85979.9895
47641	TS	OPLS_sp3C	-1.00	H5	escaped	O6	80204.7800	O6	80204.7800	80209.8322
47641	TS	OPLS_sp3C	-1.00	H6	escaped	O2	76415.1941	O2	76415.1941	76415.3977
47641	TS	OPLS_sp3C	-1.00	H7	escaped	H8	76922.1351	H8	76922.1351	76922.1351
47641	TS	OPLS_sp3C	-1.00	H8	escaped	H8	77325.7286	H8	77325.7286	77325.7286
47641	TS	Behrens_3.55	+0.25	carbA	own	O1	2.9291	O1	2.9291	5.6328
47641	TS	Behrens_3.55	+0.25	carbB	own	O6	3.1008	H2	2.8337	8.5155
47641	TS	Behrens_3.55	+0.25	ether	migrated	O2	2.9901	O2	2.9901	6.3784
47641	TS	Behrens_3.55	+0.25	hydroxyl	migrated	O6	3.0056	O6	3.0056	5.1850
47641	TS	Behrens_3.55	+0.50	carbA	own	O1	2.7954	O1	2.7954	5.5510
47641	TS	Behrens_3.55	+0.50	carbB	own	O5	2.9228	H2	2.7968	8.4446
47641	TS	Behrens_3.55	+0.50	ether	migrated	O2	2.8060	O2	2.8060	6.0556
47641	TS	Behrens_3.55	+0.50	hydroxyl	migrated	O6	2.8250	O6	2.8250	5.2435
47641	TS	Behrens_3.55	+0.75	carbA	own	O1	2.7155	O1	2.7155	5.5307
47641	TS	Behrens_3.55	+0.75	carbB	own	O5	2.8129	H2	2.7938	8.4059
47641	TS	Behrens_3.55	+0.75	ether	migrated	O2	2.7035	O2	2.7035	5.8732
47641	TS	Behrens_3.55	+0.75	hydroxyl	migrated	O6	2.7229	O6	2.7229	5.2706
47641	TS	Behrens_3.55	+1.00	carbA	own	O1	2.6564	O1	2.6564	5.5630
47641	TS	Behrens_3.55	+1.00	carbB	own	O5	2.7359	O5	2.7359	8.3893
47641	TS	Behrens_3.55	+1.00	ether	migrated	O2	2.6330	O2	2.6330	5.7475
47641	TS	Behrens_3.55	+1.00	hydroxyl	migrated	O6	2.6522	O6	2.6522	5.2878
47641	TS	Behrens_3.55	-0.25	H1	escaped	O5	42259.4597	O5	42259.4597	42263.7788
47641	TS	Behrens_3.55	-0.25	H2	escaped	O1	43935.1586	O1	43935.1586	43940.7848
47641	TS	Behrens_3.55	-0.25	H3	escaped	H3	41833.5677	H3	41833.5677	41833.6494
47641	TS	Behrens_3.55	-0.25	H4	escaped	H4	35254.6764	H4	35254.6764	35257.6214
47641	TS	Behrens_3.55	-0.25	H5	escaped	O6	45577.5986	O6	45577.5986	45581.3111
47641	TS	Behrens_3.55	-0.25	H6	escaped	H6	49482.5534	H6	49482.5534	49482.7065
47641	TS	Behrens_3.55	-0.25	H7	escaped	H8	45412.8114	H8	45412.8114	45412.8114
47641	TS	Behrens_3.55	-0.25	H8	escaped	H8	42978.1937	H8	42978.1937	42978.1937
47641	TS	Behrens_3.55	-0.50	H1	escaped	O5	61804.2765	O5	61804.2765	61808.9549
47641	TS	Behrens_3.55	-0.50	H2	escaped	O1	68225.5423	O1	68225.5423	68230.3465
47641	TS	Behrens_3.55	-0.50	H3	escaped	H3	73260.3935	H3	73260.3935	73260.7021
47641	TS	Behrens_3.55	-0.50	H4	escaped	O5	52152.8746	O5	52152.8746	52157.5730
47641	TS	Behrens_3.55	-0.50	H5	escaped	O6	69296.7243	O6	69296.7243	69301.4317
47641	TS	Behrens_3.55	-0.50	H6	escaped	H8	66616.6583	H8	66616.6583	66616.6583
47641	TS	Behrens_3.55	-0.50	H7	escaped	H8	63531.9486	H8	63531.9486	63531.9486
47641	TS	Behrens_3.55	-0.50	H8	escaped	H8	57256.8922	H8	57256.8922	57256.8922
47641	TS	Behrens_3.55	-0.75	H1	escaped	O5	73507.4841	O5	73507.4841	73512.2607
47641	TS	Behrens_3.55	-0.75	H2	escaped	O1	76377.6804	O1	76377.6804	76381.9788
47641	TS	Behrens_3.55	-0.75	H3	escaped	H3	75102.7958	H3	75102.7958	75103.3397
47641	TS	Behrens_3.55	-0.75	H4	escaped	O5	78948.7555	O5	78948.7555	78954.3808
47641	TS	Behrens_3.55	-0.75	H5	escaped	O6	77054.8247	O6	77054.8247	77059.7872
47641	TS	Behrens_3.55	-0.75	H6	escaped	H8	70577.4860	H8	70577.4860	70577.4860
47641	TS	Behrens_3.55	-0.75	H7	escaped	H8	67157.4612	H8	67157.4612	67157.4612
47641	TS	Behrens_3.55	-0.75	H8	escaped	H8	76610.0811	H8	76610.0811	76610.0811
47641	TS	Behrens_3.55	-1.00	H1	escaped	O5	87479.6898	O5	87479.6898	87484.5221
47641	TS	Behrens_3.55	-1.00	H2	escaped	O1	105095.7261	O1	105095.7261	105099.7394
47641	TS	Behrens_3.55	-1.00	H3	escaped	H3	104122.9840	H3	104122.9840	104123.7422
47641	TS	Behrens_3.55	-1.00	H4	escaped	O5	85974.1434	O5	85974.1434	85980.1426
47641	TS	Behrens_3.55	-1.00	H5	escaped	O6	80238.8001	O6	80238.8001	80243.8385
47641	TS	Behrens_3.55	-1.00	H6	escaped	O2	76364.9752	O2	76364.9752	76365.1465
47641	TS	Behrens_3.55	-1.00	H7	escaped	H8	78275.4146	H8	78275.4146	78275.4146
47641	TS	Behrens_3.55	-1.00	H8	escaped	H8	77319.2884	H8	77319.2884	77319.2884
48292	R	N	+0.25	carbA	own	O1	2.8856	O1	2.8856	5.7673
48292	R	N	+0.25	carbB	own	O6	3.0897	H2	2.9266	7.4368
48292	R	N	+0.25	ether	migrated	O2	2.8942	O2	2.8942	6.0817
48292	R	N	+0.25	hydroxyl	migrated	O6	3.0897	H2	2.9266	7.4368
48292	R	N	+0.50	carbA	own	O1	2.7445	O1	2.7445	6.1362
48292	R	N	+0.50	carbB	own	O5	2.7657	O5	2.7657	9.0166
48292	R	N	+0.50	ether	migrated	O2	2.7379	O2	2.7379	5.8387
48292	R	N	+0.50	hydroxyl	migrated	O5	2.7657	O5	2.7657	9.0166
48292	R	N	+0.75	carbA	own	O1	2.6617	O1	2.6617	6.1564
48292	R	N	+0.75	carbB	own	O5	2.6755	O5	2.6755	8.9652
48292	R	N	+0.75	ether	migrated	O2	2.6466	O2	2.6466	5.6958
48292	R	N	+0.75	hydroxyl	migrated	O5	2.6755	O5	2.6755	8.9652
48292	R	N	+1.00	carbA	own	O1	2.6031	O1	2.6031	6.1509
48292	R	N	+1.00	carbB	own	O5	2.6137	O5	2.6137	8.9095
48292	R	N	+1.00	ether	migrated	O2	2.5826	O2	2.5826	5.5956
48292	R	N	+1.00	hydroxyl	migrated	O5	2.6137	O5	2.6137	8.9095
48292	R	N	-0.25	H1	escaped	O5	44934.6301	O5	44934.6301	44938.7928
48292	R	N	-0.25	H2	escaped	O1	34958.0448	O1	34958.0448	34963.4814
48292	R	N	-0.25	H3	escaped	H8	40580.3997	H8	40580.3997	40580.3997
48292	R	N	-0.25	H4	escaped	O5	35573.1027	O5	35573.1027	35576.2531
48292	R	N	-0.25	H5	escaped	O6	47200.8955	O6	47200.8955	47204.9278
48292	R	N	-0.25	H6	escaped	H6	37448.1917	H6	37448.1917	37449.1703
48292	R	N	-0.25	H7	escaped	H3	48999.6230	H3	48999.6230	49000.2602
48292	R	N	-0.25	H8	escaped	H8	41984.1388	H8	41984.1388	41984.1388
48292	R	N	-0.50	H1	escaped	O5	64823.3293	O5	64823.3293	64827.7362
48292	R	N	-0.50	H2	escaped	O1	53305.4684	O1	53305.4684	53310.1238
48292	R	N	-0.50	H3	escaped	H8	71353.1901	H8	71353.1901	71353.1901
48292	R	N	-0.50	H4	escaped	O5	53860.6704	O5	53860.6704	53865.4489
48292	R	N	-0.50	H5	escaped	O6	54355.1557	O6	54355.1557	54360.0695
48292	R	N	-0.50	H6	escaped	H6	51869.5992	H6	51869.5992	51870.7283
48292	R	N	-0.50	H7	escaped	H3	71374.1661	H3	71374.1661	71374.9618
48292	R	N	-0.50	H8	escaped	H8	55761.5462	H8	55761.5462	55761.5462
48292	R	N	-0.75	H1	escaped	O5	72518.7749	O5	72518.7749	72523.2780
48292	R	N	-0.75	H2	escaped	O1	79795.3428	O1	79795.3428	79799.4368
48292	R	N	-0.75	H3	escaped	H3	71330.5626	H3	71330.5626	71330.7738
48292	R	N	-0.75	H4	escaped	O5	61697.2610	O5	61697.2610	61702.5557
48292	R	N	-0.75	H5	escaped	O6	78784.0519	O6	78784.0519	78789.1611
48292	R	N	-0.75	H6	escaped	O1	74984.2263	O1	74984.2263	74986.1544
48292	R	N	-0.75	H7	escaped	H3	90029.0309	H3	90029.0309	90029.8586
48292	R	N	-0.75	H8	escaped	H8	74425.8967	H8	74425.8967	74425.8967
48292	R	N	-1.00	H1	escaped	O5	82827.1365	O5	82827.1365	82831.6975
48292	R	N	-1.00	H2	escaped	O1	83324.8104	O1	83324.8104	83328.5764
48292	R	N	-1.00	H3	escaped	H3	95420.3442	H3	95420.3442	95420.8295
48292	R	N	-1.00	H4	escaped	O5	85524.4757	O5	85524.4757	85529.9764
48292	R	N	-1.00	H5	escaped	O6	81917.4780	O6	81917.4780	81922.6360
48292	R	N	-1.00	H6	escaped	O1	81228.8268	O1	81228.8268	81231.2822
48292	R	N	-1.00	H7	escaped	H3	96574.1712	H3	96574.1712	96575.0692
48292	R	N	-1.00	H8	escaped	H8	74965.5805	H8	74965.5805	74965.5805
48292	R	N+5%	+0.25	carbA	own	O1	2.9718	O1	2.9718	4.8611
48292	R	N+5%	+0.25	carbB	own	O6	3.1486	H2	2.9763	7.5301
48292	R	N+5%	+0.25	ether	migrated	O2	2.9808	O2	2.9808	6.2049
48292	R	N+5%	+0.25	hydroxyl	migrated	O6	3.1486	H2	2.9763	7.5301
48292	R	N+5%	+0.50	carbA	own	O1	2.8190	O1	2.8190	6.1123
48292	R	N+5%	+0.50	carbB	own	O5	2.8582	O5	2.8582	8.9673
48292	R	N+5%	+0.50	ether	migrated	O2	2.8195	O2	2.8195	5.9601
48292	R	N+5%	+0.50	hydroxyl	migrated	O5	2.8582	O5	2.8582	8.9673
48292	R	N+5%	+0.75	carbA	own	O1	2.7339	O1	2.7339	6.1633
48292	R	N+5%	+0.75	carbB	own	O5	2.7535	O5	2.7535	9.0183
48292	R	N+5%	+0.75	ether	migrated	O2	2.7253	O2	2.7253	5.8150
48292	R	N+5%	+0.75	hydroxyl	migrated	O5	2.7535	O5	2.7535	9.0183
48292	R	N+5%	+1.00	carbA	own	O1	2.6737	O1	2.6737	6.1685
48292	R	N+5%	+1.00	carbB	own	O5	2.6882	O5	2.6882	8.9768
48292	R	N+5%	+1.00	ether	migrated	O2	2.6592	O2	2.6592	5.7126
48292	R	N+5%	+1.00	hydroxyl	migrated	O5	2.6882	O5	2.6882	8.9768
48292	R	N+5%	-0.25	H1	escaped	O5	44516.1964	O5	44516.1964	44520.2230
48292	R	N+5%	-0.25	H2	escaped	O1	35080.6997	O1	35080.6997	35086.1545
48292	R	N+5%	-0.25	H3	escaped	H8	40573.0621	H8	40573.0621	40573.0621
48292	R	N+5%	-0.25	H4	escaped	O5	35709.3126	O5	35709.3126	35712.3969
48292	R	N+5%	-0.25	H5	escaped	O6	47462.3550	O6	47462.3550	47466.3445
48292	R	N+5%	-0.25	H6	escaped	H6	37575.9878	H6	37575.9878	37576.9379
48292	R	N+5%	-0.25	H7	escaped	H3	50667.7099	H3	50667.7099	50668.3281
48292	R	N+5%	-0.25	H8	escaped	H8	41989.5011	H8	41989.5011	41989.5011
48292	R	N+5%	-0.50	H1	escaped	O5	51494.2129	O5	51494.2129	51498.5237
48292	R	N+5%	-0.50	H2	escaped	O1	53452.2862	O1	53452.2862	53456.9543
48292	R	N+5%	-0.50	H3	escaped	H8	71613.8237	H8	71613.8237	71613.8237
48292	R	N+5%	-0.50	H4	escaped	O5	53990.4942	O5	53990.4942	53995.2333
48292	R	N+5%	-0.50	H5	escaped	O6	54657.7437	O6	54657.7437	54662.6202
48292	R	N+5%	-0.50	H6	escaped	H6	51800.5653	H6	51800.5653	51801.6638
48292	R	N+5%	-0.50	H7	escaped	H3	75196.0198	H3	75196.0198	75196.8104
48292	R	N+5%	-0.50	H8	escaped	H8	55726.0125	H8	55726.0125	55726.0125
48292	R	N+5%	-0.75	H1	escaped	O5	72219.8089	O5	72219.8089	72224.2227
48292	R	N+5%	-0.75	H2	escaped	O1	79879.3659	O1	79879.3659	79883.4658
48292	R	N+5%	-0.75	H3	escaped	H3	71473.8507	H3	71473.8507	71474.0516
48292	R	N+5%	-0.75	H4	escaped	O5	61743.6503	O5	61743.6503	61748.9179
48292	R	N+5%	-0.75	H5	escaped	O6	78920.9950	O6	78920.9950	78926.0734
48292	R	N+5%	-0.75	H6	escaped	O1	74840.1247	O1	74840.1247	74841.9990
48292	R	N+5%	-0.75	H7	escaped	H3	91178.1808	H3	91178.1808	91179.0072
48292	R	N+5%	-0.75	H8	escaped	H8	74369.8485	H8	74369.8485	74369.8485
48292	R	N+5%	-1.00	H1	escaped	O5	83722.2237	O5	83722.2237	83726.6984
48292	R	N+5%	-1.00	H2	escaped	O1	83406.5607	O1	83406.5607	83410.3309
48292	R	N+5%	-1.00	H3	escaped	H3	95520.5010	H3	95520.5010	95520.9744
48292	R	N+5%	-1.00	H4	escaped	O5	85591.4671	O5	85591.4671	85596.9457
48292	R	N+5%	-1.00	H5	escaped	O6	82040.5206	O6	82040.5206	82045.6525
48292	R	N+5%	-1.00	H6	escaped	O1	81173.9207	O1	81173.9207	81176.3387
48292	R	N+5%	-1.00	H7	escaped	H3	100551.7440	H3	100551.7440	100552.6382
48292	R	N+5%	-1.00	H8	escaped	H8	74908.0505	H8	74908.0505	74908.0505
48292	R	N+10%	+0.25	carbA	own	O1	3.0501	O1	3.0501	4.8567
48292	R	N+10%	+0.25	carbB	own	O6	3.2102	H2	3.0279	7.6223
48292	R	N+10%	+0.25	ether	migrated	O2	3.0679	O2	3.0679	6.3275
48292	R	N+10%	+0.25	hydroxyl	migrated	O6	3.2635	O6	3.2635	4.8625
48292	R	N+10%	+0.50	carbA	own	O1	2.8936	O1	2.8936	6.0515
48292	R	N+10%	+0.50	carbB	own	O6	3.0961	H2	2.9822	7.5273
48292	R	N+10%	+0.50	ether	migrated	O2	2.9018	O2	2.9018	6.0812
48292	R	N+10%	+0.50	hydroxyl	migrated	O6	3.0961	H2	2.9822	7.5273
48292	R	N+10%	+0.75	carbA	own	O1	2.8063	O1	2.8063	6.1561
48292	R	N+10%	+0.75	carbB	own	O5	2.8376	O5	2.8376	9.0200
48292	R	N+10%	+0.75	ether	migrated	O2	2.8047	O2	2.8047	5.9341
48292	R	N+10%	+0.75	hydroxyl	migrated	O5	2.8376	O5	2.8376	9.0200
48292	R	N+10%	+1.00	carbA	own	O1	2.7445	O1	2.7445	6.1774
48292	R	N+10%	+1.00	carbB	own	O5	2.7650	O5	2.7650	9.0265
48292	R	N+10%	+1.00	ether	migrated	O2	2.7364	O2	2.7364	5.8298
48292	R	N+10%	+1.00	hydroxyl	migrated	O5	2.7650	O5	2.7650	9.0265
48292	R	N+10%	-0.25	H1	escaped	O5	44428.1909	O5	44428.1909	44432.0972
48292	R	N+10%	-0.25	H2	escaped	O1	35217.3027	O1	35217.3027	35222.7840
48292	R	N+10%	-0.25	H3	escaped	H8	40611.0596	H8	40611.0596	40611.0596
48292	R	N+10%	-0.25	H4	escaped	O5	47471.0269	O5	47471.0269	47474.0021
48292	R	N+10%	-0.25	H5	escaped	O6	47757.8875	O6	47757.8875	47761.8031
48292	R	N+10%	-0.25	H6	escaped	H6	37681.1217	H6	37681.1217	37682.0217
48292	R	N+10%	-0.25	H7	escaped	H3	51732.7880	H3	51732.7880	51733.3830
48292	R	N+10%	-0.25	H8	escaped	H8	42006.0344	H8	42006.0344	42006.0344
48292	R	N+10%	-0.50	H1	escaped	O5	53895.1288	O5	53895.1288	53899.3564
48292	R	N+10%	-0.50	H2	escaped	O1	53638.4972	O1	53638.4972	53643.1829
48292	R	N+10%	-0.50	H3	escaped	H8	71886.7392	H8	71886.7392	71886.7392
48292	R	N+10%	-0.50	H4	escaped	O5	54117.7168	O5	54117.7168	54122.3935
48292	R	N+10%	-0.50	H5	escaped	O6	55058.3894	O6	55058.3894	55063.2052
48292	R	N+10%	-0.50	H6	escaped	H6	51608.2414	H6	51608.2414	51609.2848
48292	R	N+10%	-0.50	H7	escaped	H3	74102.7203	H3	74102.7203	74103.5029
48292	R	N+10%	-0.50	H8	escaped	H8	55702.1613	H8	55702.1613	55702.1613
48292	R	N+10%	-0.75	H1	escaped	O5	72347.0872	O5	72347.0872	72351.4233
48292	R	N+10%	-0.75	H2	escaped	O1	80040.8788	O1	80040.8788	80044.9867
48292	R	N+10%	-0.75	H3	escaped	H3	71589.3809	H3	71589.3809	71589.5544
48292	R	N+10%	-0.75	H4	escaped	O5	61840.2540	O5	61840.2540	61845.4789
48292	R	N+10%	-0.75	H5	escaped	O6	79163.4878	O6	79163.4878	79168.5170
48292	R	N+10%	-0.75	H6	escaped	O1	74511.9033	O1	74511.9033	74513.6815
48292	R	N+10%	-0.75	H7	escaped	H3	92115.9158	H3	92115.9158	92116.7380
48292	R	N+10%	-0.75	H8	escaped	H8	74330.4467	H8	74330.4467	74330.4467
48292	R	N+10%	-1.00	H1	escaped	O5	85027.9629	O5	85027.9629	85032.3611
48292	R	N+10%	-1.00	H2	escaped	O1	83560.2225	O1	83560.2225	83563.9983
48292	R	N+10%	-1.00	H3	escaped	H3	95528.3873	H3	95528.3873	95528.8288
48292	R	N+10%	-1.00	H4	escaped	O5	85726.6530	O5	85726.6530	85732.0973
48292	R	N+10%	-1.00	H5	escaped	O6	82258.9522	O6	82258.9522	82264.0432
48292	R	N+10%	-1.00	H6	escaped	O1	81076.0177	O1	81076.0177	81078.3690
48292	R	N+10%	-1.00	H7	escaped	H3	105989.4046	H3	105989.4046	105990.2939
48292	R	N+10%	-1.00	H8	escaped	H8	74867.5367	H8	74867.5367	74867.5367
48292	R	OPLS_sp3C	+0.25	carbA	own	O1	2.9059	O1	2.9059	5.9736
48292	R	OPLS_sp3C	+0.25	carbB	own	O6	3.1055	H2	2.9742	7.5170
48292	R	OPLS_sp3C	+0.25	ether	migrated	O2	2.9160	O2	2.9160	6.1044
48292	R	OPLS_sp3C	+0.25	hydroxyl	migrated	O6	3.1055	H2	2.9742	7.5170
48292	R	OPLS_sp3C	+0.50	carbA	own	O1	2.7585	O1	2.7585	6.1666
48292	R	OPLS_sp3C	+0.50	carbB	own	O5	2.7808	O5	2.7808	9.0294
48292	R	OPLS_sp3C	+0.50	ether	migrated	O2	2.7521	O2	2.7521	5.8548
48292	R	OPLS_sp3C	+0.50	hydroxyl	migrated	O5	2.7808	O5	2.7808	9.0294
48292	R	OPLS_sp3C	+0.75	carbA	own	O1	2.6726	O1	2.6726	6.1738
48292	R	OPLS_sp3C	+0.75	carbB	own	O5	2.6870	O5	2.6870	8.9765
48292	R	OPLS_sp3C	+0.75	ether	migrated	O2	2.6577	O2	2.6577	5.7095
48292	R	OPLS_sp3C	+0.75	hydroxyl	migrated	O5	2.6870	O5	2.6870	8.9765
48292	R	OPLS_sp3C	+1.00	carbA	own	O1	2.6121	O1	2.6121	6.1634
48292	R	OPLS_sp3C	+1.00	carbB	own	O5	2.6233	O5	2.6233	8.9193
48292	R	OPLS_sp3C	+1.00	ether	migrated	O2	2.5918	O2	2.5918	5.6080
48292	R	OPLS_sp3C	+1.00	hydroxyl	migrated	O5	2.6233	O5	2.6233	8.9193
48292	R	OPLS_sp3C	-0.25	H1	escaped	O5	40619.1866	O5	40619.1866	40623.4481
48292	R	OPLS_sp3C	-0.25	H2	escaped	O1	34854.8496	O1	34854.8496	34860.2895
48292	R	OPLS_sp3C	-0.25	H3	escaped	H8	40887.5450	H8	40887.5450	40887.5450
48292	R	OPLS_sp3C	-0.25	H4	escaped	O5	46821.9975	O5	46821.9975	46825.1491
48292	R	OPLS_sp3C	-0.25	H5	escaped	O6	47045.6470	O6	47045.6470	47049.6834
48292	R	OPLS_sp3C	-0.25	H6	escaped	H6	37088.2261	H6	37088.2261	37089.1672
48292	R	OPLS_sp3C	-0.25	H7	escaped	H3	48174.8748	H3	48174.8748	48175.5754
48292	R	OPLS_sp3C	-0.25	H8	escaped	H8	42042.0024	H8	42042.0024	42042.0024
48292	R	OPLS_sp3C	-0.50	H1	escaped	O5	64041.3933	O5	64041.3933	64045.8236
48292	R	OPLS_sp3C	-0.50	H2	escaped	O1	53388.3640	O1	53388.3640	53393.0082
48292	R	OPLS_sp3C	-0.50	H3	escaped	H8	70845.4525	H8	70845.4525	70845.4525
48292	R	OPLS_sp3C	-0.50	H4	escaped	O5	53786.7103	O5	53786.7103	53791.4770
48292	R	OPLS_sp3C	-0.50	H5	escaped	O6	54516.7295	O6	54516.7295	54521.6124
48292	R	OPLS_sp3C	-0.50	H6	escaped	H6	51475.7379	H6	51475.7379	51476.8112
48292	R	OPLS_sp3C	-0.50	H7	escaped	H3	70984.5039	H3	70984.5039	70985.3292
48292	R	OPLS_sp3C	-0.50	H8	escaped	H8	55927.4194	H8	55927.4194	55927.4194
48292	R	OPLS_sp3C	-0.75	H1	escaped	O5	72803.8877	O5	72803.8877	72808.3969
48292	R	OPLS_sp3C	-0.75	H2	escaped	O1	80194.6313	O1	80194.6313	80198.7168
48292	R	OPLS_sp3C	-0.75	H3	escaped	H3	70836.8091	H3	70836.8091	70836.9319
48292	R	OPLS_sp3C	-0.75	H4	escaped	O5	62003.9673	O5	62003.9673	62009.2446
48292	R	OPLS_sp3C	-0.75	H5	escaped	O6	79273.8153	O6	79273.8153	79278.8904
48292	R	OPLS_sp3C	-0.75	H6	escaped	O1	74553.5137	O1	74553.5137	74555.3695
48292	R	OPLS_sp3C	-0.75	H7	escaped	H3	89966.6204	H3	89966.6204	89967.4670
48292	R	OPLS_sp3C	-0.75	H8	escaped	H8	74674.7451	H8	74674.7451	74674.7451
48292	R	OPLS_sp3C	-1.00	H1	escaped	O5	82887.7042	O5	82887.7042	82892.2644
48292	R	OPLS_sp3C	-1.00	H2	escaped	O1	83667.3140	O1	83667.3140	83671.0739
48292	R	OPLS_sp3C	-1.00	H3	escaped	H3	94603.9980	H3	94603.9980	94604.3774
48292	R	OPLS_sp3C	-1.00	H4	escaped	O5	85892.7888	O5	85892.7888	85898.2724
48292	R	OPLS_sp3C	-1.00	H5	escaped	O6	82338.4552	O6	82338.4552	82343.5823
48292	R	OPLS_sp3C	-1.00	H6	escaped	O1	81328.3773	O1	81328.3773	81330.7745
48292	R	OPLS_sp3C	-1.00	H7	escaped	H3	96371.1955	H3	96371.1955	96372.1066
48292	R	OPLS_sp3C	-1.00	H8	escaped	H8	75219.7434	H8	75219.7434	75219.7434
48292	R	Behrens_3.55	+0.25	carbA	own	O1	2.9294	O1	2.9294	5.9181
48292	R	Behrens_3.55	+0.25	carbB	own	O6	3.1234	H2	2.9889	7.5450
48292	R	Behrens_3.55	+0.25	ether	migrated	O2	2.9418	O2	2.9418	6.1418
48292	R	Behrens_3.55	+0.25	hydroxyl	migrated	O6	3.1234	H2	2.9889	7.5450
48292	R	Behrens_3.55	+0.50	carbA	own	O1	2.7807	O1	2.7807	6.1650
48292	R	Behrens_3.55	+0.50	carbB	own	O5	2.8063	O5	2.8063	9.0325
48292	R	Behrens_3.55	+0.50	ether	migrated	O2	2.7764	O2	2.7764	5.8913
48292	R	Behrens_3.55	+0.50	hydroxyl	migrated	O5	2.8063	O5	2.8063	9.0325
48292	R	Behrens_3.55	+0.75	carbA	own	O1	2.6940	O1	2.6940	6.1781
48292	R	Behrens_3.55	+0.75	carbB	own	O5	2.7100	O5	2.7100	8.9944
48292	R	Behrens_3.55	+0.75	ether	migrated	O2	2.6811	O2	2.6811	5.7451
48292	R	Behrens_3.55	+0.75	hydroxyl	migrated	O5	2.7100	O5	2.7100	8.9944
48292	R	Behrens_3.55	+1.00	carbA	own	O1	2.6330	O1	2.6330	6.1700
48292	R	Behrens_3.55	+1.00	carbB	own	O5	2.6453	O5	2.6453	8.9403
48292	R	Behrens_3.55	+1.00	ether	migrated	O2	2.6146	O2	2.6146	5.6428
48292	R	Behrens_3.55	+1.00	hydroxyl	migrated	O6	2.6809	O6	2.6809	5.1812
48292	R	Behrens_3.55	-0.25	H1	escaped	O5	41971.6023	O5	41971.6023	41975.8330
48292	R	Behrens_3.55	-0.25	H2	escaped	O1	34880.3185	O1	34880.3185	34885.7638
48292	R	Behrens_3.55	-0.25	H3	escaped	H8	40896.6152	H8	40896.6152	40896.6152
48292	R	Behrens_3.55	-0.25	H4	escaped	O5	46850.3150	O5	46850.3150	46853.4450
48292	R	Behrens_3.55	-0.25	H5	escaped	O6	47100.6403	O6	47100.6403	47104.6622
48292	R	Behrens_3.55	-0.25	H6	escaped	H6	37105.2228	H6	37105.2228	37106.1536
48292	R	Behrens_3.55	-0.25	H7	escaped	H3	48656.1308	H3	48656.1308	48656.8299
48292	R	Behrens_3.55	-0.25	H8	escaped	H8	42041.2619	H8	42041.2619	42041.2619
48292	R	Behrens_3.55	-0.50	H1	escaped	O5	65022.1816	O5	65022.1816	65026.5862
48292	R	Behrens_3.55	-0.50	H2	escaped	O1	53426.5383	O1	53426.5383	53431.1859
48292	R	Behrens_3.55	-0.50	H3	escaped	H8	70893.8725	H8	70893.8725	70893.8725
48292	R	Behrens_3.55	-0.50	H4	escaped	O5	53811.1667	O5	53811.1667	53815.9210
48292	R	Behrens_3.55	-0.50	H5	escaped	O6	54596.0391	O6	54596.0391	54600.9100
48292	R	Behrens_3.55	-0.50	H6	escaped	H6	51435.6958	H6	51435.6958	51436.7578
48292	R	Behrens_3.55	-0.50	H7	escaped	H3	71781.9102	H3	71781.9102	71782.7358
48292	R	Behrens_3.55	-0.50	H8	escaped	H8	55921.8396	H8	55921.8396	55921.8396
48292	R	Behrens_3.55	-0.75	H1	escaped	O5	72679.8203	O5	72679.8203	72684.3046
48292	R	Behrens_3.55	-0.75	H2	escaped	O1	80229.6546	O1	80229.6546	80233.7416
48292	R	Behrens_3.55	-0.75	H3	escaped	H3	70857.4758	H3	70857.4758	70857.5925
48292	R	Behrens_3.55	-0.75	H4	escaped	O5	62024.9998	O5	62024.9998	62030.2687
48292	R	Behrens_3.55	-0.75	H5	escaped	O6	79325.4260	O6	79325.4260	79330.4911
48292	R	Behrens_3.55	-0.75	H6	escaped	O1	74487.8623	O1	74487.8623	74489.6986
48292	R	Behrens_3.55	-0.75	H7	escaped	H3	90322.5533	H3	90322.5533	90323.4010
48292	R	Behrens_3.55	-0.75	H8	escaped	H8	74666.7276	H8	74666.7276	74666.7276
48292	R	Behrens_3.55	-1.00	H1	escaped	O5	83086.3661	O5	83086.3661	83090.9018
48292	R	Behrens_3.55	-1.00	H2	escaped	O1	83700.3747	O1	83700.3747	83704.1356
48292	R	Behrens_3.55	-1.00	H3	escaped	H3	94603.1587	H3	94603.1587	94603.5308
48292	R	Behrens_3.55	-1.00	H4	escaped	O5	85921.9564	O5	85921.9564	85927.4332
48292	R	Behrens_3.55	-1.00	H5	escaped	O6	82384.8922	O6	82384.8922	82390.0110
48292	R	Behrens_3.55	-1.00	H6	escaped	O1	81310.2108	O1	81310.2108	81312.5944
48292	R	Behrens_3.55	-1.00	H7	escaped	H3	97249.7876	H3	97249.7876	97250.6984
48292	R	Behrens_3.55	-1.00	H8	escaped	H8	75211.8747	H8	75211.8747	75211.8747
48292	TS	N	+0.25	carbA	own	O1	2.8854	O1	2.8854	4.8541
48292	TS	N	+0.25	carbB	own	O6	3.0635	C10	3.0257	8.5264
48292	TS	N	+0.25	ether	migrated	O2	2.8963	O2	2.8963	6.6403
48292	TS	N	+0.25	hydroxyl	migrated	O6	3.0174	O6	3.0174	4.9701
48292	TS	N	+0.50	carbA	own	O1	2.7357	O1	2.7357	5.8405
48292	TS	N	+0.50	carbB	own	O6	2.7629	O6	2.7629	9.1824
48292	TS	N	+0.50	ether	migrated	O2	2.7362	O2	2.7362	6.3620
48292	TS	N	+0.50	hydroxyl	migrated	O6	2.7629	O6	2.7629	9.1824
48292	TS	N	+0.75	carbA	own	O1	2.6529	O1	2.6529	5.9664
48292	TS	N	+0.75	carbB	own	O6	2.6739	O6	2.6739	9.0879
48292	TS	N	+0.75	ether	migrated	O2	2.6437	O2	2.6437	6.1979
48292	TS	N	+0.75	hydroxyl	migrated	O6	2.6739	O6	2.6739	9.0879
48292	TS	N	+1.00	carbA	own	O1	2.5944	O1	2.5944	5.9966
48292	TS	N	+1.00	carbB	own	O6	2.6125	O6	2.6125	9.0147
48292	TS	N	+1.00	ether	migrated	O2	2.5790	O2	2.5790	6.0828
48292	TS	N	+1.00	hydroxyl	migrated	O6	2.6431	O6	2.6431	5.1664
48292	TS	N	-0.25	H1	escaped	O5	43687.5927	O5	43687.5927	43692.8541
48292	TS	N	-0.25	H2	escaped	O1	44857.0137	O1	44857.0137	44862.2058
48292	TS	N	-0.25	H3	escaped	H3	41233.5843	H3	41233.5843	41233.6189
48292	TS	N	-0.25	H4	escaped	O5	46559.0358	O5	46559.0358	46562.0993
48292	TS	N	-0.25	H5	escaped	O6	45977.0864	O6	45977.0864	45981.1769
48292	TS	N	-0.25	H6	escaped	H6	48848.3227	H6	48848.3227	48848.8330
48292	TS	N	-0.25	H7	escaped	H4	37811.7664	H4	37811.7664	37812.3172
48292	TS	N	-0.25	H8	escaped	H8	42859.5242	H8	42859.5242	42859.5242
48292	TS	N	-0.50	H1	escaped	O5	59654.4655	O5	59654.4655	59659.6766
48292	TS	N	-0.50	H2	escaped	O1	50630.4130	O1	50630.4130	50634.9951
48292	TS	N	-0.50	H3	escaped	H3	74125.6555	H3	74125.6555	74126.0747
48292	TS	N	-0.50	H4	escaped	O5	53513.2672	O5	53513.2672	53518.0664
48292	TS	N	-0.50	H5	escaped	O6	52223.8520	O6	52223.8520	52228.8343
48292	TS	N	-0.50	H6	escaped	H6	67021.9704	H6	67021.9704	67022.6298
48292	TS	N	-0.50	H7	escaped	H4	50788.6927	H4	50788.6927	50789.4481
48292	TS	N	-0.50	H8	escaped	H8	56668.9268	H8	56668.9268	56668.9268
48292	TS	N	-0.75	H1	escaped	O5	67806.4975	O5	67806.4975	67811.6300
48292	TS	N	-0.75	H2	escaped	O1	75002.2373	O1	75002.2373	75006.2879
48292	TS	N	-0.75	H3	escaped	H3	76902.4908	H3	76902.4908	76903.2538
48292	TS	N	-0.75	H4	escaped	O5	62169.2025	O5	62169.2025	62174.5344
48292	TS	N	-0.75	H5	escaped	O6	76586.3173	O6	76586.3173	76591.4912
48292	TS	N	-0.75	H6	escaped	O1	72675.9415	O1	72675.9415	72677.0740
48292	TS	N	-0.75	H7	escaped	H4	78577.6306	H4	78577.6306	78578.4861
48292	TS	N	-0.75	H8	escaped	H8	75425.6210	H8	75425.6210	75425.6210
48292	TS	N	-1.00	H1	escaped	O5	70123.0306	O5	70123.0306	70128.1025
48292	TS	N	-1.00	H2	escaped	O1	78501.8288	O1	78501.8288	78505.5453
48292	TS	N	-1.00	H3	escaped	H3	80641.0941	H3	80641.0941	80642.1300
48292	TS	N	-1.00	H4	escaped	O5	87508.8618	O5	87508.8618	87514.3996
48292	TS	N	-1.00	H5	escaped	O6	79827.2056	O6	79827.2056	79832.4183
48292	TS	N	-1.00	H6	escaped	O2	79529.9827	O2	79529.9827	79531.7407
48292	TS	N	-1.00	H7	escaped	H4	81471.2742	H4	81471.2742	81472.1900
48292	TS	N	-1.00	H8	escaped	H8	75808.1737	H8	75808.1737	75808.1737
48292	TS	N+5%	+0.25	carbA	own	O1	2.9634	O1	2.9634	4.8769
48292	TS	N+5%	+0.25	carbB	own	O6	3.1314	H2	3.0818	8.5963
48292	TS	N+5%	+0.25	ether	migrated	O2	2.9852	O2	2.9852	6.7805
48292	TS	N+5%	+0.25	hydroxyl	migrated	O6	3.1145	O6	3.1145	4.9466
48292	TS	N+5%	+0.50	carbA	own	O1	2.8102	O1	2.8102	5.6375
48292	TS	N+5%	+0.50	carbB	own	O6	2.8496	O6	2.8496	9.2339
48292	TS	N+5%	+0.50	ether	migrated	O2	2.8192	O2	2.8192	6.4993
48292	TS	N+5%	+0.50	hydroxyl	migrated	O6	2.8496	O6	2.8496	9.2339
48292	TS	N+5%	+0.75	carbA	own	O1	2.7248	O1	2.7248	5.9229
48292	TS	N+5%	+0.75	carbB	own	O6	2.7510	O6	2.7510	9.1723
48292	TS	N+5%	+0.75	ether	migrated	O2	2.7232	O2	2.7232	6.3324
48292	TS	N+5%	+0.75	hydroxyl	migrated	O5	2.6834	H1	2.5581	7.6421
48292	TS	N+5%	+1.00	carbA	own	O1	2.6647	O1	2.6647	5.9828
48292	TS	N+5%	+1.00	carbB	own	O6	2.6865	O6	2.6865	9.1023
48292	TS	N+5%	+1.00	ether	migrated	O2	2.6562	O2	2.6562	6.2147
48292	TS	N+5%	+1.00	hydroxyl	migrated	O6	2.6865	O6	2.6865	9.1023
48292	TS	N+5%	-0.25	H1	escaped	O5	41978.6163	O5	41978.6163	41983.8174
48292	TS	N+5%	-0.25	H2	escaped	O1	45118.1399	O1	45118.1399	45123.3668
48292	TS	N+5%	-0.25	H3	escaped	H3	41243.6428	H3	41243.6428	41243.6679
48292	TS	N+5%	-0.25	H4	escaped	H4	46690.2910	H4	46690.2910	46693.2867
48292	TS	N+5%	-0.25	H5	escaped	O6	46232.9767	O6	46232.9767	46237.0201
48292	TS	N+5%	-0.25	H6	escaped	H6	49009.4863	H6	49009.4863	49009.9609
48292	TS	N+5%	-0.25	H7	escaped	H4	39052.4322	H4	39052.4322	39052.9877
48292	TS	N+5%	-0.25	H8	escaped	H8	37552.9599	H8	37552.9599	37552.9599
48292	TS	N+5%	-0.50	H1	escaped	O5	55892.2446	O5	55892.2446	55897.4099
48292	TS	N+5%	-0.50	H2	escaped	O1	50847.8479	O1	50847.8479	50852.4633
48292	TS	N+5%	-0.50	H3	escaped	H3	74089.1995	H3	74089.1995	74089.6060
48292	TS	N+5%	-0.50	H4	escaped	O5	53571.8611	O5	53571.8611	53576.6012
48292	TS	N+5%	-0.50	H5	escaped	O6	52479.5787	O6	52479.5787	52484.5147
48292	TS	N+5%	-0.50	H6	escaped	H6	66905.5361	H6	66905.5361	66906.1510
48292	TS	N+5%	-0.50	H7	escaped	H4	63448.6529	H4	63448.6529	63449.4302
48292	TS	N+5%	-0.50	H8	escaped	H8	56649.6806	H8	56649.6806	56649.6806
48292	TS	N+5%	-0.75	H1	escaped	O5	68964.4082	O5	68964.4082	68969.5102
48292	TS	N+5%	-0.75	H2	escaped	O1	75086.8153	O1	75086.8153	75090.8911
48292	TS	N+5%	-0.75	H3	escaped	H3	76835.9464	H3	76835.9464	76836.6982
48292	TS	N+5%	-0.75	H4	escaped	O5	62284.9385	O5	62284.9385	62290.2295
48292	TS	N+5%	-0.75	H5	escaped	O6	76702.2458	O6	76702.2458	76707.3806
48292	TS	N+5%	-0.75	H6	escaped	O1	72454.6322	O1	72454.6322	72455.6774
48292	TS	N+5%	-0.75	H7	escaped	H4	62741.8402	H4	62741.8402	62742.7164
48292	TS	N+5%	-0.75	H8	escaped	H8	75388.8895	H8	75388.8895	75388.8895
48292	TS	N+5%	-1.00	H1	escaped	O5	71199.4064	O5	71199.4064	71204.4548
48292	TS	N+5%	-1.00	H2	escaped	O1	78572.3856	O1	78572.3856	78576.1237
48292	TS	N+5%	-1.00	H3	escaped	H3	80575.3901	H3	80575.3901	80576.4176
48292	TS	N+5%	-1.00	H4	escaped	O5	87555.6117	O5	87555.6117	87561.1174
48292	TS	N+5%	-1.00	H5	escaped	O6	79927.3907	O6	79927.3907	79932.5701
48292	TS	N+5%	-1.00	H6	escaped	O2	79318.7360	O2	79318.7360	79320.4515
48292	TS	N+5%	-1.00	H7	escaped	H4	84029.5447	H4	84029.5447	84030.4812
48292	TS	N+5%	-1.00	H8	escaped	H8	75768.7652	H8	75768.7652	75768.7652
48292	TS	N+10%	+0.25	carbA	own	O1	3.0415	O1	3.0415	4.9122
48292	TS	N+10%	+0.25	carbB	own	O6	3.2005	H2	3.1230	8.6722
48292	TS	N+10%	+0.25	ether	migrated	O2	3.0757	O2	3.0757	6.9221
48292	TS	N+10%	+0.25	hydroxyl	migrated	O6	3.2005	H2	3.1230	8.6722
48292	TS	N+10%	+0.50	carbA	own	O1	2.8869	O1	2.8869	5.1744
48292	TS	N+10%	+0.50	carbB	own	O6	3.0660	C10	3.0444	8.6054
48292	TS	N+10%	+0.50	ether	migrated	O2	2.9033	O2	2.9033	6.6369
48292	TS	N+10%	+0.50	hydroxyl	migrated	O6	3.0051	O6	3.0051	5.0373
48292	TS	N+10%	+0.75	carbA	own	O1	2.7968	O1	2.7968	5.8315
48292	TS	N+10%	+0.75	carbB	own	O6	2.8323	O6	2.8323	9.2379
48292	TS	N+10%	+0.75	ether	migrated	O2	2.8038	O2	2.8038	6.4673
48292	TS	N+10%	+0.75	hydroxyl	migrated	O6	2.8323	O6	2.8323	9.2379
48292	TS	N+10%	+1.00	carbA	own	O1	2.7351	O1	2.7351	5.9472
48292	TS	N+10%	+1.00	carbB	own	O6	2.7624	O6	2.7624	9.1841
48292	TS	N+10%	+1.00	ether	migrated	O2	2.7343	O2	2.7343	6.3473
48292	TS	N+10%	+1.00	hydroxyl	migrated	O6	2.7624	O6	2.7624	9.1841
48292	TS	N+10%	-0.25	H1	escaped	O5	45236.0108	O5	45236.0108	45241.1697
48292	TS	N+10%	-0.25	H2	escaped	O1	45449.3887	O1	45449.3887	45454.6659
48292	TS	N+10%	-0.25	H3	escaped	H3	41295.9385	H3	41295.9385	41295.9456
48292	TS	N+10%	-0.25	H4	escaped	H4	46793.4392	H4	46793.4392	46796.3245
48292	TS	N+10%	-0.25	H5	escaped	O6	46537.1634	O6	46537.1634	46541.1280
48292	TS	N+10%	-0.25	H6	escaped	H6	49158.8582	H6	49158.8582	49159.2722
48292	TS	N+10%	-0.25	H7	escaped	H4	39930.2493	H4	39930.2493	39930.7969
48292	TS	N+10%	-0.25	H8	escaped	H8	37708.3084	H8	37708.3084	37708.3084
48292	TS	N+10%	-0.50	H1	escaped	O5	52122.2746	O5	52122.2746	52127.3956
48292	TS	N+10%	-0.50	H2	escaped	O1	51164.0697	O1	51164.0697	51168.7302
48292	TS	N+10%	-0.50	H3	escaped	H3	74049.3206	H3	74049.3206	74049.7014
48292	TS	N+10%	-0.50	H4	escaped	O5	53594.8083	O5	53594.8083	53599.4537
48292	TS	N+10%	-0.50	H5	escaped	O6	52831.7483	O6	52831.7483	52836.6100
48292	TS	N+10%	-0.50	H6	escaped	H6	66648.7521	H6	66648.7521	66649.2887
48292	TS	N+10%	-0.50	H7	escaped	H4	60103.6911	H4	60103.6911	60104.4766
48292	TS	N+10%	-0.50	H8	escaped	H8	56640.7933	H8	56640.7933	56640.7933
48292	TS	N+10%	-0.75	H1	escaped	O5	67053.1397	O5	67053.1397	67058.2015
48292	TS	N+10%	-0.75	H2	escaped	O1	75263.5731	O1	75263.5731	75267.6834
48292	TS	N+10%	-0.75	H3	escaped	H3	76727.9362	H3	76727.9362	76728.6649
48292	TS	N+10%	-0.75	H4	escaped	O5	62387.2291	O5	62387.2291	62392.4559
48292	TS	N+10%	-0.75	H5	escaped	O6	76918.0901	O6	76918.0901	76923.1626
48292	TS	N+10%	-0.75	H6	escaped	O2	72037.5818	O2	72037.5818	72038.5017
48292	TS	N+10%	-0.75	H7	escaped	H4	64443.8730	H4	64443.8730	64444.7595
48292	TS	N+10%	-0.75	H8	escaped	H8	75366.4190	H8	75366.4190	75366.4190
48292	TS	N+10%	-1.00	H1	escaped	O5	72829.0820	O5	72829.0820	72834.0977
48292	TS	N+10%	-1.00	H2	escaped	O1	78718.3463	O1	78718.3463	78722.1140
48292	TS	N+10%	-1.00	H3	escaped	H3	80464.6328	H3	80464.6328	80465.6427
48292	TS	N+10%	-1.00	H4	escaped	O5	87658.1572	O5	87658.1572	87663.6132
48292	TS	N+10%	-1.00	H5	escaped	O6	80113.7120	O6	80113.7120	80118.8389
48292	TS	N+10%	-1.00	H6	escaped	O2	78926.2473	O2	78926.2473	78927.8891
48292	TS	N+10%	-1.00	H7	escaped	H4	86366.4329	H4	86366.4329	86367.3803
48292	TS	N+10%	-1.00	H8	escaped	H8	75743.7648	H8	75743.7648	75743.7648
48292	TS	OPLS_sp3C	+0.25	carbA	own	O1	2.9013	O1	2.9013	5.0299
48292	TS	OPLS_sp3C	+0.25	carbB	own	O6	3.0791	C10	3.0546	8.5914
48292	TS	OPLS_sp3C	+0.25	ether	migrated	O2	2.9180	O2	2.9180	6.6642
48292	TS	OPLS_sp3C	+0.25	hydroxyl	migrated	O6	3.0261	O6	3.0261	5.0149
48292	TS	OPLS_sp3C	+0.50	carbA	own	O1	2.7492	O1	2.7492	5.9090
48292	TS	OPLS_sp3C	+0.50	carbB	own	O6	2.7779	O6	2.7779	9.1982
48292	TS	OPLS_sp3C	+0.50	ether	migrated	O2	2.7503	O2	2.7503	6.3770
48292	TS	OPLS_sp3C	+0.50	hydroxyl	migrated	O6	2.7779	O6	2.7779	9.1982
48292	TS	OPLS_sp3C	+0.75	carbA	own	O1	2.6635	O1	2.6635	5.9943
48292	TS	OPLS_sp3C	+0.75	carbB	own	O6	2.6854	O6	2.6854	9.1009
48292	TS	OPLS_sp3C	+0.75	ether	migrated	O2	2.6546	O2	2.6546	6.2100
48292	TS	OPLS_sp3C	+0.75	hydroxyl	migrated	O6	2.6854	O6	2.6854	9.1009
48292	TS	OPLS_sp3C	+1.00	carbA	own	O1	2.6032	O1	2.6032	6.0142
48292	TS	OPLS_sp3C	+1.00	carbB	own	O6	2.6220	O6	2.6220	9.0258
48292	TS	OPLS_sp3C	+1.00	ether	migrated	O2	2.5882	O2	2.5882	6.0936
48292	TS	OPLS_sp3C	+1.00	hydroxyl	migrated	O6	2.6509	O6	2.6509	5.1769
48292	TS	OPLS_sp3C	-0.25	H1	escaped	O5	43029.9630	O5	43029.9630	43035.1896
48292	TS	OPLS_sp3C	-0.25	H2	escaped	O1	44729.4183	O1	44729.4183	44734.6303
48292	TS	OPLS_sp3C	-0.25	H3	escaped	H3	41508.7567	H3	41508.7567	41508.7872
48292	TS	OPLS_sp3C	-0.25	H4	escaped	O5	46240.2950	O5	46240.2950	46243.3274
48292	TS	OPLS_sp3C	-0.25	H5	escaped	O6	45837.4282	O6	45837.4282	45841.5163
48292	TS	OPLS_sp3C	-0.25	H6	escaped	H6	48425.9815	H6	48425.9815	48426.4415
48292	TS	OPLS_sp3C	-0.25	H7	escaped	H4	36670.0133	H4	36670.0133	36670.6375
48292	TS	OPLS_sp3C	-0.25	H8	escaped	H8	42863.1648	H8	42863.1648	42863.1648
48292	TS	OPLS_sp3C	-0.50	H1	escaped	O5	57875.1452	O5	57875.1452	57880.3196
48292	TS	OPLS_sp3C	-0.50	H2	escaped	O1	50825.3264	O1	50825.3264	50829.9077
48292	TS	OPLS_sp3C	-0.50	H3	escaped	H3	74206.9984	H3	74206.9984	74207.3810
48292	TS	OPLS_sp3C	-0.50	H4	escaped	O5	53367.9880	O5	53367.9880	53372.7554
48292	TS	OPLS_sp3C	-0.50	H5	escaped	O6	52411.8304	O6	52411.8304	52416.7699
48292	TS	OPLS_sp3C	-0.50	H6	escaped	H6	66499.2788	H6	66499.2788	66499.8575
48292	TS	OPLS_sp3C	-0.50	H7	escaped	H4	54323.8320	H4	54323.8320	54324.6304
48292	TS	OPLS_sp3C	-0.50	H8	escaped	H8	56787.8445	H8	56787.8445	56787.8445
48292	TS	OPLS_sp3C	-0.75	H1	escaped	O5	68501.0650	O5	68501.0650	68506.1702
48292	TS	OPLS_sp3C	-0.75	H2	escaped	O1	75471.7777	O1	75471.7777	75475.8291
48292	TS	OPLS_sp3C	-0.75	H3	escaped	H3	76895.5067	H3	76895.5067	76896.2310
48292	TS	OPLS_sp3C	-0.75	H4	escaped	O5	62062.7075	O5	62062.7075	62068.0114
48292	TS	OPLS_sp3C	-0.75	H5	escaped	O6	77069.4389	O6	77069.4389	77074.5665
48292	TS	OPLS_sp3C	-0.75	H6	escaped	O2	72169.1904	O2	72169.1904	72170.2030
48292	TS	OPLS_sp3C	-0.75	H7	escaped	H4	75560.7585	H4	75560.7585	75561.6495
48292	TS	OPLS_sp3C	-0.75	H8	escaped	H8	75613.6135	H8	75613.6135	75613.6135
48292	TS	OPLS_sp3C	-1.00	H1	escaped	O5	70785.0798	O5	70785.0798	70790.1289
48292	TS	OPLS_sp3C	-1.00	H2	escaped	O1	78881.1288	O1	78881.1288	78884.8486
48292	TS	OPLS_sp3C	-1.00	H3	escaped	H3	80622.6907	H3	80622.6907	80623.6940
48292	TS	OPLS_sp3C	-1.00	H4	escaped	O5	87841.7486	O5	87841.7486	87847.2602
48292	TS	OPLS_sp3C	-1.00	H5	escaped	O6	80229.5498	O6	80229.5498	80234.7207
48292	TS	OPLS_sp3C	-1.00	H6	escaped	O2	79104.0124	O2	79104.0124	79105.7140
48292	TS	OPLS_sp3C	-1.00	H7	escaped	H4	80693.0926	H4	80693.0926	80694.0344
48292	TS	OPLS_sp3C	-1.00	H8	escaped	H8	76002.7957	H8	76002.7957	76002.7957
48292	TS	Behrens_3.55	+0.25	carbA	own	O1	2.9247	O1	2.9247	5.0200
48292	TS	Behrens_3.55	+0.25	carbB	own	O6	3.1000	C10	3.0794	8.6091
48292	TS	Behrens_3.55	+0.25	ether	migrated	O2	2.9445	O2	2.9445	6.7070
48292	TS	Behrens_3.55	+0.25	hydroxyl	migrated	O6	3.0545	O6	3.0545	5.0091
48292	TS	Behrens_3.55	+0.50	carbA	own	O1	2.7713	O1	2.7713	5.8837
48292	TS	Behrens_3.55	+0.50	carbB	own	O6	2.8027	O6	2.8027	9.2191
48292	TS	Behrens_3.55	+0.50	ether	migrated	O2	2.7750	O2	2.7750	6.4183
48292	TS	Behrens_3.55	+0.50	hydroxyl	migrated	O6	2.8027	O6	2.8027	9.2191
48292	TS	Behrens_3.55	+0.75	carbA	own	O1	2.6849	O1	2.6849	5.9878
48292	TS	Behrens_3.55	+0.75	carbB	own	O6	2.7081	O6	2.7081	9.1267
48292	TS	Behrens_3.55	+0.75	ether	migrated	O2	2.6782	O2	2.6782	6.2503
48292	TS	Behrens_3.55	+0.75	hydroxyl	migrated	O6	2.7081	O6	2.7081	9.1267
48292	TS	Behrens_3.55	+1.00	carbA	own	O1	2.6241	O1	2.6241	6.0133
48292	TS	Behrens_3.55	+1.00	carbB	own	O6	2.6439	O6	2.6439	9.0521
48292	TS	Behrens_3.55	+1.00	ether	migrated	O2	2.6110	O2	2.6110	6.1329
48292	TS	Behrens_3.55	+1.00	hydroxyl	migrated	O6	2.6759	O6	2.6759	5.1699
48292	TS	Behrens_3.55	-0.25	H1	escaped	O5	42589.6293	O5	42589.6293	42594.8387
48292	TS	Behrens_3.55	-0.25	H2	escaped	O1	44788.6320	O1	44788.6320	44793.8546
48292	TS	Behrens_3.55	-0.25	H3	escaped	H3	41519.8692	H3	41519.8692	41519.8954
48292	TS	Behrens_3.55	-0.25	H4	escaped	H4	46257.2835	H4	46257.2835	46260.2925
48292	TS	Behrens_3.55	-0.25	H5	escaped	O6	45892.9535	O6	45892.9535	45897.0256
48292	TS	Behrens_3.55	-0.25	H6	escaped	H6	48450.9707	H6	48450.9707	48451.4181
48292	TS	Behrens_3.55	-0.25	H7	escaped	H4	37081.0250	H4	37081.0250	37081.6563
48292	TS	Behrens_3.55	-0.25	H8	escaped	H8	42866.4489	H8	42866.4489	42866.4489
48292	TS	Behrens_3.55	-0.50	H1	escaped	O5	56866.0283	O5	56866.0283	56871.1897
48292	TS	Behrens_3.55	-0.50	H2	escaped	O1	50886.5595	O1	50886.5595	50891.1501
48292	TS	Behrens_3.55	-0.50	H3	escaped	H3	74231.3732	H3	74231.3732	74231.7499
48292	TS	Behrens_3.55	-0.50	H4	escaped	O5	53372.3614	O5	53372.3614	53377.1102
48292	TS	Behrens_3.55	-0.50	H5	escaped	O6	52481.1254	O6	52481.1254	52486.0499
48292	TS	Behrens_3.55	-0.50	H6	escaped	H6	66445.0890	H6	66445.0890	66445.6515
48292	TS	Behrens_3.55	-0.50	H7	escaped	H4	54137.9439	H4	54137.9439	54138.7533
48292	TS	Behrens_3.55	-0.50	H8	escaped	H8	56785.0865	H8	56785.0865	56785.0865
48292	TS	Behrens_3.55	-0.75	H1	escaped	O5	68835.9009	O5	68835.9009	68840.9973
48292	TS	Behrens_3.55	-0.75	H2	escaped	O1	75509.1090	O1	75509.1090	75513.1674
48292	TS	Behrens_3.55	-0.75	H3	escaped	H3	76870.7613	H3	76870.7613	76871.4804
48292	TS	Behrens_3.55	-0.75	H4	escaped	O5	62083.2170	O5	62083.2170	62088.5082
48292	TS	Behrens_3.55	-0.75	H5	escaped	O6	77115.1208	O6	77115.1208	77120.2358
48292	TS	Behrens_3.55	-0.75	H6	escaped	O2	72084.3547	O2	72084.3547	72085.3446
48292	TS	Behrens_3.55	-0.75	H7	escaped	H4	77060.3792	H4	77060.3792	77061.2792
48292	TS	Behrens_3.55	-0.75	H8	escaped	H8	75608.8112	H8	75608.8112	75608.8112
48292	TS	Behrens_3.55	-1.00	H1	escaped	O5	71097.7940	O5	71097.7940	71102.8362
48292	TS	Behrens_3.55	-1.00	H2	escaped	O1	78912.1357	O1	78912.1357	78915.8616
48292	TS	Behrens_3.55	-1.00	H3	escaped	H3	80596.8876	H3	80596.8876	80597.8869
48292	TS	Behrens_3.55	-1.00	H4	escaped	O5	87864.2442	O5	87864.2442	87869.7459
48292	TS	Behrens_3.55	-1.00	H5	escaped	O6	80269.0456	O6	80269.0456	80274.2058
48292	TS	Behrens_3.55	-1.00	H6	escaped	O2	79025.1040	O2	79025.1040	79026.7905
48292	TS	Behrens_3.55	-1.00	H7	escaped	H4	81438.6998	H4	81438.6998	81439.6504
48292	TS	Behrens_3.55	-1.00	H8	escaped	H8	75997.8569	H8	75997.8569	75997.8569
49592	R	N	+0.25	carbA	own	O1	2.8799	O1	2.8799	5.2838
49592	R	N	+0.25	carbB	own	O6	3.1972	H2	2.6410	7.0240
49592	R	N	+0.25	ether	migrated	O2	2.8937	O2	2.8937	6.0440
49592	R	N	+0.25	hydroxyl	migrated	O6	3.1972	H2	2.6410	7.0240
49592	R	N	+0.50	carbA	own	O1	2.7389	O1	2.7389	5.3538
49592	R	N	+0.50	carbB	own	O6	2.9372	H2	2.5604	6.9742
49592	R	N	+0.50	ether	migrated	O1	2.7389	O1	2.7389	5.3538
49592	R	N	+0.50	hydroxyl	migrated	O6	2.9372	H2	2.5604	6.9742
49592	R	N	+0.75	carbA	own	O1	2.6542	O1	2.6542	5.5608
49592	R	N	+0.75	carbB	own	O6	2.8147	H2	2.5183	6.9282
49592	R	N	+0.75	ether	migrated	O2	2.6480	O2	2.6480	5.6647
49592	R	N	+0.75	hydroxyl	migrated	O6	2.8147	H2	2.5183	6.9282
49592	R	N	+1.00	carbA	own	O1	2.5943	O1	2.5943	5.7300
49592	R	N	+1.00	carbB	migrated	O1	2.6934	H2	2.4542	6.5733
49592	R	N	+1.00	ether	migrated	O2	2.5843	O2	2.5843	5.5666
49592	R	N	+1.00	hydroxyl	migrated	O6	2.7386	H2	2.4896	6.8887
49592	R	N	-0.25	H1	escaped	O5	44194.0847	O5	44194.0847	44198.8926
49592	R	N	-0.25	H2	escaped	O1	44744.0727	O1	44744.0727	44749.7396
49592	R	N	-0.25	H3	escaped	H8	40860.4387	H8	40860.4387	40860.4387
49592	R	N	-0.25	H4	escaped	H4	35346.1775	H4	35346.1775	35349.2009
49592	R	N	-0.25	H5	escaped	O6	45389.3426	O6	45389.3426	45393.3686
49592	R	N	-0.25	H6	escaped	H6	48631.5469	H6	48631.5469	48632.0210
49592	R	N	-0.25	H7	escaped	H8	40057.1611	H8	40057.1611	40057.1611
49592	R	N	-0.25	H8	escaped	H8	42869.0717	H8	42869.0717	42869.0717
49592	R	N	-0.50	H1	escaped	O5	61100.8694	O5	61100.8694	61105.7786
49592	R	N	-0.50	H2	escaped	O1	68756.2377	O1	68756.2377	68760.8854
49592	R	N	-0.50	H3	escaped	H8	70157.4568	H8	70157.4568	70157.4568
49592	R	N	-0.50	H4	escaped	O5	53565.9070	O5	53565.9070	53570.5123
49592	R	N	-0.50	H5	escaped	O6	53468.1930	O6	53468.1930	53473.1185
49592	R	N	-0.50	H6	escaped	H6	51048.7273	H6	51048.7273	51049.3984
49592	R	N	-0.50	H7	escaped	H8	54192.2121	H8	54192.2121	54192.2121
49592	R	N	-0.50	H8	escaped	H8	53937.5468	H8	53937.5468	53937.5468
49592	R	N	-0.75	H1	escaped	O5	66634.1201	O5	66634.1201	66639.0156
49592	R	N	-0.75	H2	escaped	O1	79601.6757	O1	79601.6757	79605.6706
49592	R	N	-0.75	H3	escaped	H8	69681.2164	H8	69681.2164	69681.2164
49592	R	N	-0.75	H4	escaped	O5	62006.5632	O5	62006.5632	62011.6617
49592	R	N	-0.75	H5	escaped	O6	60874.6940	O6	60874.6940	60879.7922
49592	R	N	-0.75	H6	escaped	O2	74179.4829	O2	74179.4829	74180.9186
49592	R	N	-0.75	H7	escaped	H3	68261.4242	H3	68261.4242	68261.4344
49592	R	N	-0.75	H8	escaped	H8	70896.4276	H8	70896.4276	70896.4276
49592	R	N	-1.00	H1	escaped	O5	91088.8903	O5	91088.8903	91093.7639
49592	R	N	-1.00	H2	escaped	O1	83291.2161	O1	83291.2161	83294.8376
49592	R	N	-1.00	H3	escaped	H8	92018.4417	H8	92018.4417	92018.4417
49592	R	N	-1.00	H4	escaped	O5	86770.0806	O5	86770.0806	86775.3718
49592	R	N	-1.00	H5	escaped	O6	84168.1178	O6	84168.1178	84173.2561
49592	R	N	-1.00	H6	escaped	O2	81623.0250	O2	81623.0250	81625.0112
49592	R	N	-1.00	H7	escaped	H3	76585.6846	H3	76585.6846	76585.8759
49592	R	N	-1.00	H8	escaped	H8	94224.2895	H8	94224.2895	94224.2895
49592	R	N+5%	+0.25	carbA	own	O1	2.9561	O1	2.9561	5.3353
49592	R	N+5%	+0.25	carbB	own	O6	3.2547	H2	2.7109	7.1152
49592	R	N+5%	+0.25	ether	migrated	O2	2.9802	O2	2.9802	6.1750
49592	R	N+5%	+0.25	hydroxyl	migrated	O6	3.2547	H2	2.7109	7.1152
49592	R	N+5%	+0.50	carbA	own	O1	2.8118	O1	2.8118	5.3607
49592	R	N+5%	+0.50	carbB	own	O6	3.0797	H2	2.6083	7.0132
49592	R	N+5%	+0.50	ether	migrated	O2	2.8202	O2	2.8202	5.9314
49592	R	N+5%	+0.50	hydroxyl	migrated	O6	3.0797	H2	2.6083	7.0132
49592	R	N+5%	+0.75	carbA	own	O1	2.7264	O1	2.7264	5.4504
49592	R	N+5%	+0.75	carbB	own	O6	2.9196	H2	2.5627	6.9820
49592	R	N+5%	+0.75	ether	migrated	O2	2.7265	O2	2.7265	5.7873
49592	R	N+5%	+0.75	hydroxyl	migrated	O1	2.8905	H2	2.5441	6.7698
49592	R	N+5%	+1.00	carbA	own	O1	2.6651	O1	2.6651	5.6050
49592	R	N+5%	+1.00	carbB	own	O6	2.8310	H2	2.5308	6.9465
49592	R	N+5%	+1.00	ether	migrated	O2	2.6607	O2	2.6607	5.6859
49592	R	N+5%	+1.00	hydroxyl	migrated	O6	2.8310	H2	2.5308	6.9465
49592	R	N+5%	-0.25	H1	escaped	O5	42114.8465	O5	42114.8465	42119.5388
49592	R	N+5%	-0.25	H2	escaped	O1	44903.7659	O1	44903.7659	44909.4448
49592	R	N+5%	-0.25	H3	escaped	H8	40851.7022	H8	40851.7022	40851.7022
49592	R	N+5%	-0.25	H4	escaped	H4	35452.1107	H4	35452.1107	35455.0775
49592	R	N+5%	-0.25	H5	escaped	O6	45670.2523	O6	45670.2523	45674.2127
49592	R	N+5%	-0.25	H6	escaped	H6	48765.1770	H6	48765.1770	48765.6094
49592	R	N+5%	-0.25	H7	escaped	H8	45160.3742	H8	45160.3742	45160.3742
49592	R	N+5%	-0.25	H8	escaped	H8	43562.0590	H8	43562.0590	43562.0590
49592	R	N+5%	-0.50	H1	escaped	O5	56877.8752	O5	56877.8752	56882.6960
49592	R	N+5%	-0.50	H2	escaped	O1	68935.2856	O1	68935.2856	68939.9409
49592	R	N+5%	-0.50	H3	escaped	H8	70386.9494	H8	70386.9494	70386.9494
49592	R	N+5%	-0.50	H4	escaped	O5	53639.9195	O5	53639.9195	53644.4747
49592	R	N+5%	-0.50	H5	escaped	O6	53782.1323	O6	53782.1323	53786.9963
49592	R	N+5%	-0.50	H6	escaped	H6	67476.9360	H6	67476.9360	67477.5581
49592	R	N+5%	-0.50	H7	escaped	H8	62892.7746	H8	62892.7746	62892.7746
49592	R	N+5%	-0.50	H8	escaped	H8	54279.3273	H8	54279.3273	54279.3273
49592	R	N+5%	-0.75	H1	escaped	O5	67606.5821	O5	67606.5821	67611.4127
49592	R	N+5%	-0.75	H2	escaped	O1	79679.8533	O1	79679.8533	79683.8509
49592	R	N+5%	-0.75	H3	escaped	H8	69824.1388	H8	69824.1388	69824.1388
49592	R	N+5%	-0.75	H4	escaped	O5	62146.7531	O5	62146.7531	62151.8167
49592	R	N+5%	-0.75	H5	escaped	O6	60993.6744	O6	60993.6744	60998.7234
49592	R	N+5%	-0.75	H6	escaped	O2	73962.6439	O2	73962.6439	73964.0224
49592	R	N+5%	-0.75	H7	escaped	H4	67193.1138	H4	67193.1138	67193.1754
49592	R	N+5%	-0.75	H8	escaped	H8	71186.9235	H8	71186.9235	71186.9235
49592	R	N+5%	-1.00	H1	escaped	O5	92304.2524	O5	92304.2524	92309.0745
49592	R	N+5%	-1.00	H2	escaped	O1	83363.2282	O1	83363.2282	83366.8518
49592	R	N+5%	-1.00	H3	escaped	H8	92159.8005	H8	92159.8005	92159.8005
49592	R	N+5%	-1.00	H4	escaped	O5	86816.6328	O5	86816.6328	86821.8967
49592	R	N+5%	-1.00	H5	escaped	O6	84307.0916	O6	84307.0916	84312.1897
49592	R	N+5%	-1.00	H6	escaped	O2	81427.0443	O2	81427.0443	81428.9931
49592	R	N+5%	-1.00	H7	escaped	H4	80594.4308	H4	80594.4308	80594.6410
49592	R	N+5%	-1.00	H8	escaped	H8	94516.7653	H8	94516.7653	94516.7653
49592	R	N+10%	+0.25	carbA	own	O1	3.0324	O1	3.0324	5.3909
49592	R	N+10%	+0.25	carbB	own	O6	3.3119	H2	2.7827	7.2077
49592	R	N+10%	+0.25	ether	migrated	O2	3.0675	O2	3.0675	6.3071
49592	R	N+10%	+0.25	hydroxyl	migrated	O6	3.3119	H2	2.7827	7.2077
49592	R	N+10%	+0.50	carbA	own	O1	2.8847	O1	2.8847	5.3910
49592	R	N+10%	+0.50	carbB	own	O6	3.2096	H2	2.6670	7.0633
49592	R	N+10%	+0.50	ether	migrated	O2	2.9025	O2	2.9025	6.0592
49592	R	N+10%	+0.50	hydroxyl	migrated	O6	3.2096	H2	2.6670	7.0633
49592	R	N+10%	+0.75	carbA	own	O1	2.7977	O1	2.7977	5.4261
49592	R	N+10%	+0.75	carbB	own	O6	3.0474	H2	2.6094	7.0251
49592	R	N+10%	+0.75	ether	migrated	O2	2.8058	O2	2.8058	5.9113
49592	R	N+10%	+0.75	hydroxyl	migrated	O6	3.0474	H2	2.6094	7.0251
49592	R	N+10%	+1.00	carbA	own	O1	2.7357	O1	2.7357	5.5023
49592	R	N+10%	+1.00	carbB	own	O6	2.9355	H2	2.5749	6.9986
49592	R	N+10%	+1.00	ether	migrated	O2	2.7378	O2	2.7378	5.8069
49592	R	N+10%	+1.00	hydroxyl	migrated	O6	2.9355	H2	2.5749	6.9986
49592	R	N+10%	-0.25	H1	escaped	O5	33914.2197	O5	33914.2197	33918.7113
49592	R	N+10%	-0.25	H2	escaped	O1	45107.1261	O1	45107.1261	45112.8181
49592	R	N+10%	-0.25	H3	escaped	H8	40888.7502	H8	40888.7502	40888.7502
49592	R	N+10%	-0.25	H4	escaped	H4	35537.9337	H4	35537.9337	35540.8075
49592	R	N+10%	-0.25	H5	escaped	O6	46027.2001	O6	46027.2001	46031.0527
49592	R	N+10%	-0.25	H6	escaped	H6	48873.3879	H6	48873.3879	48873.7496
49592	R	N+10%	-0.25	H7	escaped	O4	41555.1397	O4	41555.1397	41555.1458
49592	R	N+10%	-0.25	H8	escaped	H8	44288.5580	H8	44288.5580	44288.5580
49592	R	N+10%	-0.50	H1	escaped	O5	52664.6680	O5	52664.6680	52669.3769
49592	R	N+10%	-0.50	H2	escaped	O1	69187.6325	O1	69187.6325	69192.2953
49592	R	N+10%	-0.50	H3	escaped	H8	70646.5494	H8	70646.5494	70646.5494
49592	R	N+10%	-0.50	H4	escaped	O5	53685.6674	O5	53685.6674	53690.1426
49592	R	N+10%	-0.50	H5	escaped	O6	54213.7181	O6	54213.7181	54218.4850
49592	R	N+10%	-0.50	H6	escaped	H6	67163.1767	H6	67163.1767	67163.7131
49592	R	N+10%	-0.50	H7	escaped	H4	54736.0175	H4	54736.0175	54736.0852
49592	R	N+10%	-0.50	H8	escaped	H8	54617.2232	H8	54617.2232	54617.2232
49592	R	N+10%	-0.75	H1	escaped	O5	67800.9976	O5	67800.9976	67805.7411
49592	R	N+10%	-0.75	H2	escaped	O1	79835.7602	O1	79835.7602	79839.7600
49592	R	N+10%	-0.75	H3	escaped	H8	69986.6131	H8	69986.6131	69986.6131
49592	R	N+10%	-0.75	H4	escaped	O5	62289.8916	O5	62289.8916	62294.9007
49592	R	N+10%	-0.75	H5	escaped	O6	61199.6331	O6	61199.6331	61204.6058
49592	R	N+10%	-0.75	H6	escaped	O2	73548.7620	O2	73548.7620	73550.0410
49592	R	N+10%	-0.75	H7	escaped	H4	68173.6334	H4	68173.6334	68173.8415
49592	R	N+10%	-0.75	H8	escaped	H8	71468.7137	H8	71468.7137	71468.7137
49592	R	N+10%	-1.00	H1	escaped	O5	94155.9507	O5	94155.9507	94160.7027
49592	R	N+10%	-1.00	H2	escaped	O1	83503.3074	O1	83503.3074	83506.9326
49592	R	N+10%	-1.00	H3	escaped	H8	92331.0741	H8	92331.0741	92331.0741
49592	R	N+10%	-1.00	H4	escaped	O5	86918.5296	O5	86918.5296	86923.7513
49592	R	N+10%	-1.00	H5	escaped	O6	84549.2848	O6	84549.2848	84554.3207
49592	R	N+10%	-1.00	H6	escaped	O2	81055.3379	O2	81055.3379	81057.2221
49592	R	N+10%	-1.00	H7	escaped	H4	81513.8042	H4	81513.8042	81514.0810
49592	R	N+10%	-1.00	H8	escaped	H8	94797.2439	H8	94797.2439	94797.2439
49592	R	OPLS_sp3C	+0.25	carbA	own	O1	2.8977	O1	2.8977	5.3663
49592	R	OPLS_sp3C	+0.25	carbB	own	O6	3.2187	H2	2.6726	7.0685
49592	R	OPLS_sp3C	+0.25	ether	migrated	O2	2.9163	O2	2.9163	6.0791
49592	R	OPLS_sp3C	+0.25	hydroxyl	migrated	O6	3.2187	H2	2.6726	7.0685
49592	R	OPLS_sp3C	+0.50	carbA	own	O1	2.7504	O1	2.7504	5.4489
49592	R	OPLS_sp3C	+0.50	carbB	own	O6	2.9593	H2	2.5797	7.0006
49592	R	OPLS_sp3C	+0.50	ether	migrated	O1	2.7504	O1	2.7504	5.4489
49592	R	OPLS_sp3C	+0.50	hydroxyl	migrated	O6	2.9593	H2	2.5797	7.0006
49592	R	OPLS_sp3C	+0.75	carbA	own	O1	2.6635	O1	2.6635	5.6417
49592	R	OPLS_sp3C	+0.75	carbB	own	O6	2.8293	H2	2.5333	6.9508
49592	R	OPLS_sp3C	+0.75	ether	migrated	O2	2.6594	O2	2.6594	5.6851
49592	R	OPLS_sp3C	+0.75	hydroxyl	migrated	O6	2.8293	H2	2.5333	6.9508
49592	R	OPLS_sp3C	+1.00	carbA	own	O1	2.6025	O1	2.6025	5.7666
49592	R	OPLS_sp3C	+1.00	carbB	migrated	O1	2.7064	H2	2.4674	6.5945
49592	R	OPLS_sp3C	+1.00	ether	migrated	O2	2.5938	O2	2.5938	5.5844
49592	R	OPLS_sp3C	+1.00	hydroxyl	migrated	O6	2.7496	H2	2.5019	6.9083
49592	R	OPLS_sp3C	-0.25	H1	escaped	O5	43369.7924	O5	43369.7924	43374.5492
49592	R	OPLS_sp3C	-0.25	H2	escaped	O1	44666.2326	O1	44666.2326	44671.8897
49592	R	OPLS_sp3C	-0.25	H3	escaped	H8	40455.4494	H8	40455.4494	40455.4494
49592	R	OPLS_sp3C	-0.25	H4	escaped	O5	35111.7283	O5	35111.7283	35114.7249
49592	R	OPLS_sp3C	-0.25	H5	escaped	O6	45325.4726	O6	45325.4726	45329.4658
49592	R	OPLS_sp3C	-0.25	H6	escaped	H6	48199.6069	H6	48199.6069	48200.0263
49592	R	OPLS_sp3C	-0.25	H7	escaped	H8	39103.5744	H8	39103.5744	39103.5744
49592	R	OPLS_sp3C	-0.25	H8	escaped	H8	41346.4415	H8	41346.4415	41346.4415
49592	R	OPLS_sp3C	-0.50	H1	escaped	O5	59005.9765	O5	59005.9765	59010.8290
49592	R	OPLS_sp3C	-0.50	H2	escaped	O1	68902.8910	O1	68902.8910	68907.5191
49592	R	OPLS_sp3C	-0.50	H3	escaped	H8	69833.1804	H8	69833.1804	69833.1804
49592	R	OPLS_sp3C	-0.50	H4	escaped	O5	53445.3096	O5	53445.3096	53449.8887
49592	R	OPLS_sp3C	-0.50	H5	escaped	O6	53625.3201	O6	53625.3201	53630.1834
49592	R	OPLS_sp3C	-0.50	H6	escaped	H6	67096.7261	H6	67096.7261	67097.3147
49592	R	OPLS_sp3C	-0.50	H7	escaped	H8	53441.5737	H8	53441.5737	53441.5737
49592	R	OPLS_sp3C	-0.50	H8	escaped	H8	53109.3082	H8	53109.3082	53109.3082
49592	R	OPLS_sp3C	-0.75	H1	escaped	O5	67295.8528	O5	67295.8528	67300.7033
49592	R	OPLS_sp3C	-0.75	H2	escaped	O1	79983.5832	O1	79983.5832	79987.5661
49592	R	OPLS_sp3C	-0.75	H3	escaped	H8	69494.3665	H8	69494.3665	69494.3665
49592	R	OPLS_sp3C	-0.75	H4	escaped	O5	61951.9378	O5	61951.9378	61957.0122
49592	R	OPLS_sp3C	-0.75	H5	escaped	O6	61235.3380	O6	61235.3380	61240.3805
49592	R	OPLS_sp3C	-0.75	H6	escaped	O2	73709.4634	O2	73709.4634	73710.8302
49592	R	OPLS_sp3C	-0.75	H7	escaped	H3	67252.8869	H3	67252.8869	67252.9287
49592	R	OPLS_sp3C	-0.75	H8	escaped	H8	70166.4460	H8	70166.4460	70166.4460
49592	R	OPLS_sp3C	-1.00	H1	escaped	O5	91926.1886	O5	91926.1886	91931.0250
49592	R	OPLS_sp3C	-1.00	H2	escaped	O1	83612.0667	O1	83612.0667	83615.6803
49592	R	OPLS_sp3C	-1.00	H3	escaped	H8	91912.3915	H8	91912.3915	91912.3915
49592	R	OPLS_sp3C	-1.00	H4	escaped	O5	87102.5183	O5	87102.5183	87107.7867
49592	R	OPLS_sp3C	-1.00	H5	escaped	O6	84584.2577	O6	84584.2577	84589.3493
49592	R	OPLS_sp3C	-1.00	H6	escaped	O2	81223.4938	O2	81223.4938	81225.4333
49592	R	OPLS_sp3C	-1.00	H7	escaped	H3	77015.1744	H3	77015.1744	77015.3794
49592	R	OPLS_sp3C	-1.00	H8	escaped	H8	93471.5714	H8	93471.5714	93471.5714
49592	R	Behrens_3.55	+0.25	carbA	own	O1	2.9205	O1	2.9205	5.3799
49592	R	Behrens_3.55	+0.25	carbB	own	O6	3.2367	H2	2.6935	7.0956
49592	R	Behrens_3.55	+0.25	ether	migrated	O2	2.9421	O2	2.9421	6.1190
49592	R	Behrens_3.55	+0.25	hydroxyl	migrated	O6	3.2367	H2	2.6935	7.0956
49592	R	Behrens_3.55	+0.50	carbA	own	O1	2.7722	O1	2.7722	5.4407
49592	R	Behrens_3.55	+0.50	carbB	own	O6	2.9978	H2	2.5940	7.0141
49592	R	Behrens_3.55	+0.50	ether	migrated	O1	2.7722	O1	2.7722	5.4407
49592	R	Behrens_3.55	+0.50	hydroxyl	migrated	O6	2.9978	H2	2.5940	7.0141
49592	R	Behrens_3.55	+0.75	carbA	own	O1	2.6849	O1	2.6849	5.6053
49592	R	Behrens_3.55	+0.75	carbB	own	O6	2.8593	H2	2.5464	6.9674
49592	R	Behrens_3.55	+0.75	ether	migrated	O2	2.6827	O2	2.6827	5.7217
49592	R	Behrens_3.55	+0.75	hydroxyl	migrated	O6	2.8593	H2	2.5464	6.9674
49592	R	Behrens_3.55	+1.00	carbA	own	O1	2.6234	O1	2.6234	5.7402
49592	R	Behrens_3.55	+1.00	carbB	own	O6	2.7764	H2	2.5140	6.9259
49592	R	Behrens_3.55	+1.00	ether	migrated	O2	2.6165	O2	2.6165	5.6200
49592	R	Behrens_3.55	+1.00	hydroxyl	migrated	O6	2.7764	H2	2.5140	6.9259
49592	R	Behrens_3.55	-0.25	H1	escaped	O5	42841.2094	O5	42841.2094	42845.9339
49592	R	Behrens_3.55	-0.25	H2	escaped	O1	44704.4523	O1	44704.4523	44710.1123
49592	R	Behrens_3.55	-0.25	H3	escaped	H8	40518.1731	H8	40518.1731	40518.1731
49592	R	Behrens_3.55	-0.25	H4	escaped	H4	35125.9291	H4	35125.9291	35128.9055
49592	R	Behrens_3.55	-0.25	H5	escaped	O6	45393.4415	O6	45393.4415	45397.4134
49592	R	Behrens_3.55	-0.25	H6	escaped	H6	48216.8611	H6	48216.8611	48217.2660
49592	R	Behrens_3.55	-0.25	H7	escaped	H8	39769.5203	H8	39769.5203	39769.5203
49592	R	Behrens_3.55	-0.25	H8	escaped	H8	41442.8847	H8	41442.8847	41442.8847
49592	R	Behrens_3.55	-0.50	H1	escaped	O5	57882.2325	O5	57882.2325	57887.0598
49592	R	Behrens_3.55	-0.50	H2	escaped	O1	68953.8368	O1	68953.8368	68958.4664
49592	R	Behrens_3.55	-0.50	H3	escaped	H8	69881.1837	H8	69881.1837	69881.1837
49592	R	Behrens_3.55	-0.50	H4	escaped	O5	53454.0300	O5	53454.0300	53458.5934
49592	R	Behrens_3.55	-0.50	H5	escaped	O6	53710.2204	O6	53710.2204	53715.0643
49592	R	Behrens_3.55	-0.50	H6	escaped	H6	67031.9468	H6	67031.9468	67032.5179
49592	R	Behrens_3.55	-0.50	H7	escaped	H3	52680.6113	H3	52680.6113	52680.6585
49592	R	Behrens_3.55	-0.50	H8	escaped	H8	53163.3103	H8	53163.3103	53163.3103
49592	R	Behrens_3.55	-0.75	H1	escaped	O5	67578.7565	O5	67578.7565	67583.5883
49592	R	Behrens_3.55	-0.75	H2	escaped	O1	80017.1231	O1	80017.1231	80021.1064
49592	R	Behrens_3.55	-0.75	H3	escaped	H8	69526.6510	H8	69526.6510	69526.6510
49592	R	Behrens_3.55	-0.75	H4	escaped	O5	61980.4341	O5	61980.4341	61985.4976
49592	R	Behrens_3.55	-0.75	H5	escaped	O6	61278.8424	O6	61278.8424	61283.8695
49592	R	Behrens_3.55	-0.75	H6	escaped	O2	73626.5879	O2	73626.5879	73627.9347
49592	R	Behrens_3.55	-0.75	H7	escaped	H3	66590.4368	H3	66590.4368	66590.4856
49592	R	Behrens_3.55	-0.75	H8	escaped	H8	70213.8776	H8	70213.8776	70213.8776
49592	R	Behrens_3.55	-1.00	H1	escaped	O5	92281.7516	O5	92281.7516	92286.5731
49592	R	Behrens_3.55	-1.00	H2	escaped	O1	83642.1369	O1	83642.1369	83645.7507
49592	R	Behrens_3.55	-1.00	H3	escaped	H8	91949.4988	H8	91949.4988	91949.4988
49592	R	Behrens_3.55	-1.00	H4	escaped	O5	87124.8869	O5	87124.8869	87130.1468
49592	R	Behrens_3.55	-1.00	H5	escaped	O6	84635.4170	O6	84635.4170	84640.4960
49592	R	Behrens_3.55	-1.00	H6	escaped	O2	81149.9341	O2	81149.9341	81151.8605
49592	R	Behrens_3.55	-1.00	H7	escaped	H4	79910.6395	H4	79910.6395	79910.8249
49592	R	Behrens_3.55	-1.00	H8	escaped	H8	93519.9332	H8	93519.9332	93519.9332
49592	TS	N	+0.25	carbA	own	O1	2.8769	O1	2.8769	5.3291
49592	TS	N	+0.25	carbB	own	O6	2.9567	O6	2.9567	8.6524
49592	TS	N	+0.25	ether	migrated	O2	2.9025	O2	2.9025	6.5191
49592	TS	N	+0.25	hydroxyl	migrated	O6	3.0057	O6	3.0057	5.3748
49592	TS	N	+0.50	carbA	own	O1	2.7390	O1	2.7390	5.3372
49592	TS	N	+0.50	carbB	own	O6	2.8191	O6	2.8191	8.5635
49592	TS	N	+0.50	ether	migrated	O2	2.7407	O2	2.7407	6.2313
49592	TS	N	+0.50	hydroxyl	migrated	O6	2.8042	O6	2.8042	5.4955
49592	TS	N	+0.75	carbA	own	O1	2.6565	O1	2.6565	5.3958
49592	TS	N	+0.75	carbB	own	O6	2.6899	O6	2.6899	8.9871
49592	TS	N	+0.75	ether	migrated	O2	2.6475	O2	2.6475	6.0626
49592	TS	N	+0.75	hydroxyl	migrated	O6	2.6899	O6	2.6899	8.9871
49592	TS	N	+1.00	carbA	own	O1	2.5967	O1	2.5967	5.5127
49592	TS	N	+1.00	carbB	own	O6	2.6174	O6	2.6174	9.0030
49592	TS	N	+1.00	ether	migrated	O2	2.5825	O2	2.5825	5.9450
49592	TS	N	+1.00	hydroxyl	migrated	O6	2.6230	O6	2.6230	5.5767
49592	TS	N	-0.25	H1	escaped	O5	36038.5784	O5	36038.5784	36043.5295
49592	TS	N	-0.25	H2	escaped	O1	43100.4214	O1	43100.4214	43105.9022
49592	TS	N	-0.25	H3	escaped	H3	41268.6445	H3	41268.6445	41268.9147
49592	TS	N	-0.25	H4	escaped	H4	35116.7521	H4	35116.7521	35119.8419
49592	TS	N	-0.25	H5	escaped	O6	44783.3200	O6	44783.3200	44787.3110
49592	TS	N	-0.25	H6	escaped	H6	48611.1338	H6	48611.1338	48611.2437
49592	TS	N	-0.25	H7	escaped	H8	40251.6948	H8	40251.6948	40251.6948
49592	TS	N	-0.25	H8	escaped	H8	43079.6186	H8	43079.6186	43079.6186
49592	TS	N	-0.50	H1	escaped	O5	58971.8372	O5	58971.8372	58976.7582
49592	TS	N	-0.50	H2	escaped	O1	65695.9063	O1	65695.9063	65700.5262
49592	TS	N	-0.50	H3	escaped	H3	73371.1716	H3	73371.1716	73371.7358
49592	TS	N	-0.50	H4	escaped	O5	53380.9135	O5	53380.9135	53385.5789
49592	TS	N	-0.50	H5	escaped	O6	52109.0371	O6	52109.0371	52113.9634
49592	TS	N	-0.50	H6	escaped	H6	67135.8898	H6	67135.8898	67136.1333
49592	TS	N	-0.50	H7	escaped	H8	59424.0871	H8	59424.0871	59424.0871
49592	TS	N	-0.50	H8	escaped	H8	56955.8232	H8	56955.8232	56955.8232
49592	TS	N	-0.75	H1	escaped	O5	65956.7201	O5	65956.7201	65961.5404
49592	TS	N	-0.75	H2	escaped	O1	75855.4053	O1	75855.4053	75859.4159
49592	TS	N	-0.75	H3	escaped	H3	75285.9005	H3	75285.9005	75286.7420
49592	TS	N	-0.75	H4	escaped	O5	81990.2862	O5	81990.2862	81995.4459
49592	TS	N	-0.75	H5	escaped	O6	59064.6466	O6	59064.6466	59069.7586
49592	TS	N	-0.75	H6	escaped	O2	73249.3814	O2	73249.3814	73250.3028
49592	TS	N	-0.75	H7	escaped	H8	72485.8323	H8	72485.8323	72485.8323
49592	TS	N	-0.75	H8	escaped	H8	75752.6680	H8	75752.6680	75752.6680
49592	TS	N	-1.00	H1	escaped	O5	90382.5618	O5	90382.5618	90387.3124
49592	TS	N	-1.00	H2	escaped	O1	79533.6809	O1	79533.6809	79537.3302
49592	TS	N	-1.00	H3	escaped	H3	104473.0007	H3	104473.0007	104474.0806
49592	TS	N	-1.00	H4	escaped	O5	88120.9115	O5	88120.9115	88126.2547
49592	TS	N	-1.00	H5	escaped	O6	81594.0733	O6	81594.0733	81599.2265
49592	TS	N	-1.00	H6	escaped	O2	80392.3874	O2	80392.3874	80393.8878
49592	TS	N	-1.00	H7	escaped	H8	75904.7293	H8	75904.7293	75904.7293
49592	TS	N	-1.00	H8	escaped	H8	100801.1051	H8	100801.1051	100801.1051
49592	TS	N+5%	+0.25	carbA	own	O1	2.9522	O1	2.9522	5.3841
49592	TS	N+5%	+0.25	carbB	own	O6	3.0319	O6	3.0319	8.7371
49592	TS	N+5%	+0.25	ether	migrated	O2	2.9937	O2	2.9937	6.6749
49592	TS	N+5%	+0.25	hydroxyl	migrated	O6	3.1146	O6	3.1146	5.3390
49592	TS	N+5%	+0.50	carbA	own	O1	2.8109	O1	2.8109	5.3707
49592	TS	N+5%	+0.50	carbB	own	O6	2.8901	O6	2.8901	8.6266
49592	TS	N+5%	+0.50	ether	migrated	O2	2.8249	O2	2.8249	6.3800
49592	TS	N+5%	+0.50	hydroxyl	migrated	O6	2.8829	H2	2.5722	7.5378
49592	TS	N+5%	+0.75	carbA	own	O1	2.7271	O1	2.7271	5.3890
49592	TS	N+5%	+0.75	carbB	own	O6	2.8079	O6	2.8079	8.5922
49592	TS	N+5%	+0.75	ether	migrated	O2	2.7279	O2	2.7279	6.2062
49592	TS	N+5%	+0.75	hydroxyl	migrated	O6	2.8079	O6	2.8079	8.5922
49592	TS	N+5%	+1.00	carbA	own	O1	2.6671	O1	2.6671	5.4377
49592	TS	N+5%	+1.00	carbB	own	O6	2.7048	O6	2.7048	8.9791
49592	TS	N+5%	+1.00	ether	migrated	O2	2.6603	O2	2.6603	6.0843
49592	TS	N+5%	+1.00	hydroxyl	migrated	O6	2.7048	O6	2.7048	8.9791
49592	TS	N+5%	-0.25	H1	escaped	O5	44786.9385	O5	44786.9385	44791.8404
49592	TS	N+5%	-0.25	H2	escaped	O1	43362.3325	O1	43362.3325	43367.8526
49592	TS	N+5%	-0.25	H3	escaped	H3	41273.4329	H3	41273.4329	41273.6908
49592	TS	N+5%	-0.25	H4	escaped	H4	35201.7854	H4	35201.7854	35204.8016
49592	TS	N+5%	-0.25	H5	escaped	O6	45047.2104	O6	45047.2104	45051.1349
49592	TS	N+5%	-0.25	H6	escaped	H6	48756.1865	H6	48756.1865	48756.2525
49592	TS	N+5%	-0.25	H7	escaped	H8	43921.8333	H8	43921.8333	43921.8333
49592	TS	N+5%	-0.25	H8	escaped	H8	43104.3211	H8	43104.3211	43104.3211
49592	TS	N+5%	-0.50	H1	escaped	O5	60974.6938	O5	60974.6938	60979.5675
49592	TS	N+5%	-0.50	H2	escaped	O1	65991.1929	O1	65991.1929	65995.8513
49592	TS	N+5%	-0.50	H3	escaped	H3	73556.3280	H3	73556.3280	73556.8740
49592	TS	N+5%	-0.50	H4	escaped	O5	53411.9026	O5	53411.9026	53416.5010
49592	TS	N+5%	-0.50	H5	escaped	O6	52379.3463	O6	52379.3463	52384.2072
49592	TS	N+5%	-0.50	H6	escaped	H6	67009.4214	H6	67009.4214	67009.6081
49592	TS	N+5%	-0.50	H7	escaped	H8	60485.3166	H8	60485.3166	60485.3166
49592	TS	N+5%	-0.50	H8	escaped	H8	56936.3578	H8	56936.3578	56936.3578
49592	TS	N+5%	-0.75	H1	escaped	O5	66675.6629	O5	66675.6629	66680.4504
49592	TS	N+5%	-0.75	H2	escaped	O1	75980.2050	O1	75980.2050	75984.2473
49592	TS	N+5%	-0.75	H3	escaped	H3	75320.1654	H3	75320.1654	75320.9881
49592	TS	N+5%	-0.75	H4	escaped	O5	82093.8859	O5	82093.8859	82098.9988
49592	TS	N+5%	-0.75	H5	escaped	O6	59153.9425	O6	59153.9425	59159.0016
49592	TS	N+5%	-0.75	H6	escaped	O2	73037.6284	O2	73037.6284	73038.4755
49592	TS	N+5%	-0.75	H7	escaped	H8	81007.9719	H8	81007.9719	81007.9719
49592	TS	N+5%	-0.75	H8	escaped	H8	75716.1522	H8	75716.1522	75716.1522
49592	TS	N+5%	-1.00	H1	escaped	O5	91010.8560	O5	91010.8560	91015.5820
49592	TS	N+5%	-1.00	H2	escaped	O1	79583.8932	O1	79583.8932	79587.5696
49592	TS	N+5%	-1.00	H3	escaped	H3	104411.1470	H3	104411.1470	104412.2102
49592	TS	N+5%	-1.00	H4	escaped	O5	88155.2023	O5	88155.2023	88160.5089
49592	TS	N+5%	-1.00	H5	escaped	O6	81691.4660	O6	81691.4660	81696.5754
49592	TS	N+5%	-1.00	H6	escaped	O2	80197.2460	O2	80197.2460	80198.6924
49592	TS	N+5%	-1.00	H7	escaped	H8	84035.2070	H8	84035.2070	84035.2070
49592	TS	N+5%	-1.00	H8	escaped	H8	100749.0524	H8	100749.0524	100749.0524
49592	TS	N+10%	+0.25	carbA	own	O1	3.0278	O1	3.0278	5.4420
49592	TS	N+10%	+0.25	carbB	own	O6	3.1073	H2	3.1006	8.8230
49592	TS	N+10%	+0.25	ether	migrated	O2	3.0875	O2	3.0875	6.8368
49592	TS	N+10%	+0.25	hydroxyl	migrated	O6	3.1073	H2	3.1006	8.8230
49592	TS	N+10%	+0.50	carbA	own	O1	2.8830	O1	2.8830	5.4137
49592	TS	N+10%	+0.50	carbB	own	O6	2.9617	O6	2.9617	8.6997
49592	TS	N+10%	+0.50	ether	migrated	O2	2.9107	O2	2.9107	6.5319
49592	TS	N+10%	+0.50	hydroxyl	migrated	O6	2.9949	O6	2.9949	5.4510
49592	TS	N+10%	+0.75	carbA	own	O1	2.7973	O1	2.7973	5.4108
49592	TS	N+10%	+0.75	carbB	own	O6	2.8767	O6	2.8767	8.6390
49592	TS	N+10%	+0.75	ether	migrated	O2	2.8096	O2	2.8096	6.3525
49592	TS	N+10%	+0.75	hydroxyl	migrated	O6	2.8755	O6	2.8755	5.5084
49592	TS	N+10%	+1.00	carbA	own	O1	2.7364	O1	2.7364	5.4264
49592	TS	N+10%	+1.00	carbB	own	O6	2.8170	O6	2.8170	8.6198
49592	TS	N+10%	+1.00	ether	migrated	O2	2.7392	O2	2.7392	6.2264
49592	TS	N+10%	+1.00	hydroxyl	migrated	O6	2.7950	O6	2.7950	5.5414
49592	TS	N+10%	-0.25	H1	escaped	O5	42655.8931	O5	42655.8931	42660.7019
49592	TS	N+10%	-0.25	H2	escaped	O1	43720.6832	O1	43720.6832	43726.2558
49592	TS	N+10%	-0.25	H3	escaped	H3	41321.4822	H3	41321.4822	41321.7179
49592	TS	N+10%	-0.25	H4	escaped	H4	35221.8831	H4	35221.8831	35224.7820
49592	TS	N+10%	-0.25	H5	escaped	O6	45385.0292	O6	45385.0292	45388.8461
49592	TS	N+10%	-0.25	H6	escaped	H8	48887.5843	H8	48887.5843	48887.5843
49592	TS	N+10%	-0.25	H7	escaped	H8	40557.1744	H8	40557.1744	40557.1744
49592	TS	N+10%	-0.25	H8	escaped	H8	37747.2370	H8	37747.2370	37747.2370
49592	TS	N+10%	-0.50	H1	escaped	O5	56904.1609	O5	56904.1609	56908.9605
49592	TS	N+10%	-0.50	H2	escaped	O1	66439.3467	O1	66439.3467	66444.0557
49592	TS	N+10%	-0.50	H3	escaped	H3	73713.4742	H3	73713.4742	73713.9858
49592	TS	N+10%	-0.50	H4	escaped	O5	53395.9331	O5	53395.9331	53400.4239
49592	TS	N+10%	-0.50	H5	escaped	O6	52760.7491	O6	52760.7491	52765.5070
49592	TS	N+10%	-0.50	H6	escaped	H6	66747.8345	H6	66747.8345	66747.9231
49592	TS	N+10%	-0.50	H7	escaped	H8	52508.6607	H8	52508.6607	52508.6607
49592	TS	N+10%	-0.50	H8	escaped	H8	56926.6149	H8	56926.6149	56926.6149
49592	TS	N+10%	-0.75	H1	escaped	O5	67455.5418	O5	67455.5418	67460.2821
49592	TS	N+10%	-0.75	H2	escaped	O1	76144.3612	O1	76144.3612	76148.4457
49592	TS	N+10%	-0.75	H3	escaped	H3	75267.8747	H3	75267.8747	75268.6608
49592	TS	N+10%	-0.75	H4	escaped	O5	82158.8028	O5	82158.8028	82163.8422
49592	TS	N+10%	-0.75	H5	escaped	O6	59319.8059	O6	59319.8059	59324.7824
49592	TS	N+10%	-0.75	H6	escaped	O2	72649.0777	O2	72649.0777	72649.7966
49592	TS	N+10%	-0.75	H7	escaped	H8	63280.5264	H8	63280.5264	63280.5264
49592	TS	N+10%	-0.75	H8	escaped	H8	75693.7574	H8	75693.7574	75693.7574
49592	TS	N+10%	-1.00	H1	escaped	O5	91994.8440	O5	91994.8440	91999.5338
49592	TS	N+10%	-1.00	H2	escaped	O1	79698.3422	O1	79698.3422	79702.0562
49592	TS	N+10%	-1.00	H3	escaped	H3	104186.3833	H3	104186.3833	104187.4134
49592	TS	N+10%	-1.00	H4	escaped	O5	88237.3903	O5	88237.3903	88242.6401
49592	TS	N+10%	-1.00	H5	escaped	O6	81874.5849	O6	81874.5849	81879.6266
49592	TS	N+10%	-1.00	H6	escaped	O2	79842.4151	O2	79842.4151	79843.7684
49592	TS	N+10%	-1.00	H7	escaped	H8	74698.5351	H8	74698.5351	74698.5351
49592	TS	N+10%	-1.00	H8	escaped	H8	100716.4037	H8	100716.4037	100716.4037
49592	TS	OPLS_sp3C	+0.25	carbA	own	O1	2.8955	O1	2.8955	5.3978
49592	TS	OPLS_sp3C	+0.25	carbB	own	O6	2.9744	O6	2.9744	8.7011
49592	TS	OPLS_sp3C	+0.25	ether	migrated	O2	2.9254	O2	2.9254	6.5573
49592	TS	OPLS_sp3C	+0.25	hydroxyl	migrated	O6	3.0171	O6	3.0171	5.4245
49592	TS	OPLS_sp3C	+0.50	carbA	own	O1	2.7507	O1	2.7507	5.4025
49592	TS	OPLS_sp3C	+0.50	carbB	own	O6	2.8310	O6	2.8310	8.6092
49592	TS	OPLS_sp3C	+0.50	ether	migrated	O2	2.7553	O2	2.7553	6.2553
49592	TS	OPLS_sp3C	+0.50	hydroxyl	migrated	O6	2.8310	O6	2.8310	8.6092
49592	TS	OPLS_sp3C	+0.75	carbA	own	O1	2.6653	O1	2.6653	5.4660
49592	TS	OPLS_sp3C	+0.75	carbB	own	O6	2.7016	O6	2.7016	8.9922
49592	TS	OPLS_sp3C	+0.75	ether	migrated	O2	2.6588	O2	2.6588	6.0816
49592	TS	OPLS_sp3C	+0.75	hydroxyl	migrated	O6	2.7054	O6	2.7054	5.5680
49592	TS	OPLS_sp3C	+1.00	carbA	own	O1	2.6040	O1	2.6040	5.5739
49592	TS	OPLS_sp3C	+1.00	carbB	own	O6	2.6269	O6	2.6269	9.0107
49592	TS	OPLS_sp3C	+1.00	ether	migrated	O2	2.5919	O2	2.5919	5.9614
49592	TS	OPLS_sp3C	+1.00	hydroxyl	migrated	O6	2.6307	O6	2.6307	5.5943
49592	TS	OPLS_sp3C	-0.25	H1	escaped	O5	34736.3010	O5	34736.3010	34741.2120
49592	TS	OPLS_sp3C	-0.25	H2	escaped	O1	43067.4374	O1	43067.4374	43072.9383
49592	TS	OPLS_sp3C	-0.25	H3	escaped	H3	41548.1005	H3	41548.1005	41548.3543
49592	TS	OPLS_sp3C	-0.25	H4	escaped	H4	34875.0718	H4	34875.0718	34878.1184
49592	TS	OPLS_sp3C	-0.25	H5	escaped	O6	44713.8086	O6	44713.8086	44717.7687
49592	TS	OPLS_sp3C	-0.25	H6	escaped	H6	48199.5784	H6	48199.5784	48199.6283
49592	TS	OPLS_sp3C	-0.25	H7	escaped	H8	39568.7028	H8	39568.7028	39568.7028
49592	TS	OPLS_sp3C	-0.25	H8	escaped	H8	43085.1184	H8	43085.1184	43085.1184
49592	TS	OPLS_sp3C	-0.50	H1	escaped	O5	59454.3105	O5	59454.3105	59459.1812
49592	TS	OPLS_sp3C	-0.50	H2	escaped	O1	65991.6833	O1	65991.6833	65996.3093
49592	TS	OPLS_sp3C	-0.50	H3	escaped	H3	72819.2766	H3	72819.2766	72819.7885
49592	TS	OPLS_sp3C	-0.50	H4	escaped	O5	53217.1296	O5	53217.1296	53221.7514
49592	TS	OPLS_sp3C	-0.50	H5	escaped	O6	52293.6499	O6	52293.6499	52298.5082
49592	TS	OPLS_sp3C	-0.50	H6	escaped	H6	66634.3851	H6	66634.3851	66634.5310
49592	TS	OPLS_sp3C	-0.50	H7	escaped	H8	58378.3843	H8	58378.3843	58378.3843
49592	TS	OPLS_sp3C	-0.50	H8	escaped	H8	57073.2352	H8	57073.2352	57073.2352
49592	TS	OPLS_sp3C	-0.75	H1	escaped	O5	66676.4294	O5	66676.4294	66681.2096
49592	TS	OPLS_sp3C	-0.75	H2	escaped	O1	76275.1319	O1	76275.1319	76279.1535
49592	TS	OPLS_sp3C	-0.75	H3	escaped	H3	74726.0366	H3	74726.0366	74726.8170
49592	TS	OPLS_sp3C	-0.75	H4	escaped	O5	81814.3969	O5	81814.3969	81819.5204
49592	TS	OPLS_sp3C	-0.75	H5	escaped	O6	59415.6943	O6	59415.6943	59420.7436
49592	TS	OPLS_sp3C	-0.75	H6	escaped	O2	72787.3737	O2	72787.3737	72788.1943
49592	TS	OPLS_sp3C	-0.75	H7	escaped	H8	72902.5181	H8	72902.5181	72902.5181
49592	TS	OPLS_sp3C	-0.75	H8	escaped	H8	75941.1132	H8	75941.1132	75941.1132
49592	TS	OPLS_sp3C	-1.00	H1	escaped	O5	91005.0354	O5	91005.0354	91009.7536
49592	TS	OPLS_sp3C	-1.00	H2	escaped	O1	79870.2499	O1	79870.2499	79873.9124
49592	TS	OPLS_sp3C	-1.00	H3	escaped	H3	103702.2958	H3	103702.2958	103703.3171
49592	TS	OPLS_sp3C	-1.00	H4	escaped	O5	88431.5493	O5	88431.5493	88436.8606
49592	TS	OPLS_sp3C	-1.00	H5	escaped	O6	81982.9509	O6	81982.9509	81988.0507
49592	TS	OPLS_sp3C	-1.00	H6	escaped	O2	80008.7600	O2	80008.7600	80010.1840
49592	TS	OPLS_sp3C	-1.00	H7	escaped	H8	76002.2493	H8	76002.2493	76002.2493
49592	TS	OPLS_sp3C	-1.00	H8	escaped	H8	101062.6762	H8	101062.6762	101062.6762
49592	TS	Behrens_3.55	+0.25	carbA	own	O1	2.9180	O1	2.9180	5.4133
49592	TS	Behrens_3.55	+0.25	carbB	own	O6	2.9969	O6	2.9969	8.7255
49592	TS	Behrens_3.55	+0.25	ether	migrated	O2	2.9527	O2	2.9527	6.6053
49592	TS	Behrens_3.55	+0.25	hydroxyl	migrated	O6	2.9969	O6	2.9969	8.7255
49592	TS	Behrens_3.55	+0.50	carbA	own	O1	2.7722	O1	2.7722	5.4088
49592	TS	Behrens_3.55	+0.50	carbB	own	O6	2.8521	O6	2.8521	8.6234
49592	TS	Behrens_3.55	+0.50	ether	migrated	O2	2.7804	O2	2.7804	6.3001
49592	TS	Behrens_3.55	+0.50	hydroxyl	migrated	O6	2.8424	O6	2.8424	5.5195
49592	TS	Behrens_3.55	+0.75	carbA	own	O1	2.6865	O1	2.6865	5.4554
49592	TS	Behrens_3.55	+0.75	carbB	own	O6	2.7603	O6	2.7603	8.7220
49592	TS	Behrens_3.55	+0.75	ether	migrated	O1	2.6865	O1	2.6865	5.4554
49592	TS	Behrens_3.55	+0.75	hydroxyl	migrated	O6	2.7603	O6	2.7603	8.7220
49592	TS	Behrens_3.55	+1.00	carbA	own	O1	2.6251	O1	2.6251	5.5446
49592	TS	Behrens_3.55	+1.00	carbB	own	O6	2.6509	O6	2.6509	9.0184
49592	TS	Behrens_3.55	+1.00	ether	migrated	O2	2.6150	O2	2.6150	6.0029
49592	TS	Behrens_3.55	+1.00	hydroxyl	migrated	O6	2.6509	O6	2.6509	9.0184
49592	TS	Behrens_3.55	-0.25	H1	escaped	O5	34185.6860	O5	34185.6860	34190.5810
49592	TS	Behrens_3.55	-0.25	H2	escaped	O1	43134.0697	O1	43134.0697	43139.5819
49592	TS	Behrens_3.55	-0.25	H3	escaped	H3	41558.7915	H3	41558.7915	41559.0403
49592	TS	Behrens_3.55	-0.25	H4	escaped	H4	34884.6929	H4	34884.6929	34887.7160
49592	TS	Behrens_3.55	-0.25	H5	escaped	O6	44777.1390	O6	44777.1390	44781.0774
49592	TS	Behrens_3.55	-0.25	H6	escaped	H6	48221.6125	H6	48221.6125	48221.6473
49592	TS	Behrens_3.55	-0.25	H7	escaped	H8	40081.3071	H8	40081.3071	40081.3071
49592	TS	Behrens_3.55	-0.25	H8	escaped	H8	43087.4758	H8	43087.4758	43087.4758
49592	TS	Behrens_3.55	-0.50	H1	escaped	O5	60340.2953	O5	60340.2953	60345.1515
49592	TS	Behrens_3.55	-0.50	H2	escaped	O1	66079.0959	O1	66079.0959	66083.7325
49592	TS	Behrens_3.55	-0.50	H3	escaped	H3	72844.1211	H3	72844.1211	72844.6254
49592	TS	Behrens_3.55	-0.50	H4	escaped	O5	53213.9290	O5	53213.9290	53218.5297
49592	TS	Behrens_3.55	-0.50	H5	escaped	O6	52368.5404	O6	52368.5404	52373.3778
49592	TS	Behrens_3.55	-0.50	H6	escaped	H6	66579.8468	H6	66579.8468	66579.9725
49592	TS	Behrens_3.55	-0.50	H7	escaped	H8	57445.1590	H8	57445.1590	57445.1590
49592	TS	Behrens_3.55	-0.50	H8	escaped	H8	57070.3375	H8	57070.3375	57070.3375
49592	TS	Behrens_3.55	-0.75	H1	escaped	O5	66826.8523	O5	66826.8523	66831.6227
49592	TS	Behrens_3.55	-0.75	H2	escaped	O1	76374.7606	O1	76374.7606	76378.7917
49592	TS	Behrens_3.55	-0.75	H3	escaped	H3	74710.2069	H3	74710.2069	74710.9792
49592	TS	Behrens_3.55	-0.75	H4	escaped	O5	81827.8542	O5	81827.8542	81832.9631
49592	TS	Behrens_3.55	-0.75	H5	escaped	O6	59450.8207	O6	59450.8207	59455.8533
49592	TS	Behrens_3.55	-0.75	H6	escaped	O2	72708.9457	O2	72708.9457	72709.7402
49592	TS	Behrens_3.55	-0.75	H7	escaped	H8	76081.0859	H8	76081.0859	76081.0859
49592	TS	Behrens_3.55	-0.75	H8	escaped	H8	75936.3343	H8	75936.3343	75936.3343
49592	TS	Behrens_3.55	-1.00	H1	escaped	O5	91196.4674	O5	91196.4674	91201.1781
49592	TS	Behrens_3.55	-1.00	H2	escaped	O1	79894.9069	O1	79894.9069	79898.5771
49592	TS	Behrens_3.55	-1.00	H3	escaped	H3	103649.6756	H3	103649.6756	103650.6896
49592	TS	Behrens_3.55	-1.00	H4	escaped	O5	88449.8955	O5	88449.8955	88455.1954
49592	TS	Behrens_3.55	-1.00	H5	escaped	O6	82021.8790	O6	82021.8790	82026.9650
49592	TS	Behrens_3.55	-1.00	H6	escaped	O2	79937.9396	O2	79937.9396	79939.3446
49592	TS	Behrens_3.55	-1.00	H7	escaped	H8	77971.3267	H8	77971.3267	77971.3267
49592	TS	Behrens_3.55	-1.00	H8	escaped	H8	101056.2371	H8	101056.2371	101056.2371
50892	R	N	+0.25	carbA	own	O1	2.9051	O1	2.9051	5.4062
50892	R	N	+0.25	carbB	own	O6	2.9392	H1	2.9140	8.3019
50892	R	N	+0.25	ether	migrated	O2	2.9088	O2	2.9088	5.6826
50892	R	N	+0.25	hydroxyl	own	O4	3.1290	C6	3.0810	4.0165
50892	R	N	+0.50	carbA	own	O1	2.7712	O1	2.7712	5.3843
50892	R	N	+0.50	carbB	own	O6	2.8129	O6	2.8129	8.1846
50892	R	N	+0.50	ether	migrated	O1	2.7712	O1	2.7712	5.3843
50892	R	N	+0.50	hydroxyl	migrated	O5	2.7628	O5	2.7628	6.1354
50892	R	N	+0.75	carbA	own	O1	2.6826	O1	2.6826	5.5472
50892	R	N	+0.75	carbB	own	O6	2.7405	O6	2.7405	8.1345
50892	R	N	+0.75	ether	migrated	O2	2.6577	O2	2.6577	5.2986
50892	R	N	+0.75	hydroxyl	migrated	O6	2.7405	O6	2.7405	8.1345
50892	R	N	+1.00	carbA	own	O1	2.6116	O1	2.6116	5.8398
50892	R	N	+1.00	carbB	own	O6	2.6892	O6	2.6892	8.1253
50892	R	N	+1.00	ether	migrated	O2	2.5929	O2	2.5929	5.1988
50892	R	N	+1.00	hydroxyl	migrated	O6	2.6892	O6	2.6892	8.1253
50892	R	N	-0.25	H1	escaped	O5	44795.1677	O5	44795.1677	44798.1096
50892	R	N	-0.25	H2	escaped	O1	45273.6778	O1	45273.6778	45279.4487
50892	R	N	-0.25	H3	escaped	H8	40766.9784	H8	40766.9784	40766.9784
50892	R	N	-0.25	H4	escaped	O5	34912.6516	O5	34912.6516	34915.8561
50892	R	N	-0.25	H5	escaped	O6	46558.0514	O6	46558.0514	46561.9160
50892	R	N	-0.25	H6	escaped	H6	49988.3371	H6	49988.3371	49989.1210
50892	R	N	-0.25	H7	escaped	H8	38767.6827	H8	38767.6827	38767.6827
50892	R	N	-0.25	H8	escaped	H8	42105.2991	H8	42105.2991	42105.2991
50892	R	N	-0.50	H1	escaped	O5	66079.9709	O5	66079.9709	66083.2547
50892	R	N	-0.50	H2	escaped	O1	52950.0684	O1	52950.0684	52954.9295
50892	R	N	-0.50	H3	escaped	H8	70434.1052	H8	70434.1052	70434.1052
50892	R	N	-0.50	H4	escaped	O5	53502.1163	O5	53502.1163	53506.8263
50892	R	N	-0.50	H5	escaped	O6	54037.9612	O6	54037.9612	54043.0836
50892	R	N	-0.50	H6	escaped	H6	68110.3098	H6	68110.3098	68110.9959
50892	R	N	-0.50	H7	escaped	H8	56646.9874	H8	56646.9874	56646.9874
50892	R	N	-0.50	H8	escaped	H8	56213.3950	H8	56213.3950	56213.3950
50892	R	N	-0.75	H1	escaped	O5	71468.8134	O5	71468.8134	71472.2324
50892	R	N	-0.75	H2	escaped	O1	79288.5612	O1	79288.5612	79292.8587
50892	R	N	-0.75	H3	escaped	H3	93009.1815	H3	93009.1815	93009.2285
50892	R	N	-0.75	H4	escaped	O5	62391.2090	O5	62391.2090	62396.3481
50892	R	N	-0.75	H5	escaped	O6	80823.4830	O6	80823.4830	80828.9270
50892	R	N	-0.75	H6	escaped	O2	73253.5407	O2	73253.5407	73254.4165
50892	R	N	-0.75	H7	escaped	H8	76406.7567	H8	76406.7567	76406.7567
50892	R	N	-0.75	H8	escaped	H8	75352.5748	H8	75352.5748	75352.5748
50892	R	N	-1.00	H1	escaped	O5	82509.9440	O5	82509.9440	82513.4465
50892	R	N	-1.00	H2	escaped	O1	82639.6047	O1	82639.6047	82643.5866
50892	R	N	-1.00	H3	escaped	H3	93332.2101	H3	93332.2101	93332.4271
50892	R	N	-1.00	H4	escaped	O5	87464.3878	O5	87464.3878	87469.6890
50892	R	N	-1.00	H5	escaped	O6	84368.8689	O6	84368.8689	84374.4176
50892	R	N	-1.00	H6	escaped	O2	79746.8907	O2	79746.8907	79748.2577
50892	R	N	-1.00	H7	escaped	H3	87894.0505	H3	87894.0505	87894.0678
50892	R	N	-1.00	H8	escaped	H8	76176.1913	H8	76176.1913	76176.1913
50892	R	N+5%	+0.25	carbA	own	O1	2.9779	H6	2.9667	5.4689
50892	R	N+5%	+0.25	carbB	own	O6	3.0119	H1	2.9851	8.3954
50892	R	N+5%	+0.25	ether	migrated	O2	2.9985	O2	2.9985	5.8209
50892	R	N+5%	+0.25	hydroxyl	migrated	O6	3.0119	H1	2.9851	8.3954
50892	R	N+5%	+0.50	carbA	own	O1	2.8408	O1	2.8408	5.4226
50892	R	N+5%	+0.50	carbB	own	O6	2.8803	O6	2.8803	8.2651
50892	R	N+5%	+0.50	ether	migrated	O1	2.8408	O1	2.8408	5.4226
50892	R	N+5%	+0.50	hydroxyl	own	O4	3.0739	C6	3.0293	3.9673
50892	R	N+5%	+0.75	carbA	own	O1	2.7584	O1	2.7584	5.4339
50892	R	N+5%	+0.75	carbB	own	O6	2.8041	O6	2.8041	8.1975
50892	R	N+5%	+0.75	ether	migrated	O1	2.7584	O1	2.7584	5.4339
50892	R	N+5%	+0.75	hydroxyl	migrated	O6	2.8041	O6	2.8041	8.1975
50892	R	N+5%	+1.00	carbA	own	O1	2.6919	O1	2.6919	5.5966
50892	R	N+5%	+1.00	carbB	own	O6	2.7510	O6	2.7510	8.1616
50892	R	N+5%	+1.00	ether	migrated	O2	2.6710	O2	2.6710	5.3227
50892	R	N+5%	+1.00	hydroxyl	migrated	O6	2.7510	O6	2.7510	8.1616
50892	R	N+5%	-0.25	H1	escaped	O5	44667.8932	O5	44667.8932	44670.6688
50892	R	N+5%	-0.25	H2	escaped	O1	34366.1281	O1	34366.1281	34371.9090
50892	R	N+5%	-0.25	H3	escaped	H8	40758.8056	H8	40758.8056	40758.8056
50892	R	N+5%	-0.25	H4	escaped	O5	35052.4488	O5	35052.4488	35055.5729
50892	R	N+5%	-0.25	H5	escaped	O6	46737.8898	O6	46737.8898	46741.6824
50892	R	N+5%	-0.25	H6	escaped	H6	50176.6192	H6	50176.6192	50177.3719
50892	R	N+5%	-0.25	H7	escaped	H8	39853.2517	H8	39853.2517	39853.2517
50892	R	N+5%	-0.25	H8	escaped	H8	42092.2732	H8	42092.2732	42092.2732
50892	R	N+5%	-0.50	H1	escaped	O5	68840.6599	O5	68840.6599	68843.8216
50892	R	N+5%	-0.50	H2	escaped	O1	53230.4817	O1	53230.4817	53235.3466
50892	R	N+5%	-0.50	H3	escaped	H8	70668.7268	H8	70668.7268	70668.7268
50892	R	N+5%	-0.50	H4	escaped	O5	53642.7323	O5	53642.7323	53647.3851
50892	R	N+5%	-0.50	H5	escaped	O6	54219.6441	O6	54219.6441	54224.7146
50892	R	N+5%	-0.50	H6	escaped	H6	68033.2768	H6	68033.2768	68033.9202
50892	R	N+5%	-0.50	H7	escaped	H8	56120.0132	H8	56120.0132	56120.0132
50892	R	N+5%	-0.50	H8	escaped	H8	56163.9999	H8	56163.9999	56163.9999
50892	R	N+5%	-0.75	H1	escaped	O5	71586.8854	O5	71586.8854	71590.1886
50892	R	N+5%	-0.75	H2	escaped	O1	79421.9043	O1	79421.9043	79426.2033
50892	R	N+5%	-0.75	H3	escaped	H3	70339.6277	H3	70339.6277	70339.6624
50892	R	N+5%	-0.75	H4	escaped	O5	62614.9272	O5	62614.9272	62620.0233
50892	R	N+5%	-0.75	H5	escaped	O6	80922.5570	O6	80922.5570	80927.9611
50892	R	N+5%	-0.75	H6	escaped	O2	73068.0893	O2	73068.0893	73068.8907
50892	R	N+5%	-0.75	H7	escaped	H3	78468.1006	H3	78468.1006	78468.1031
50892	R	N+5%	-0.75	H8	escaped	H8	75279.7083	H8	75279.7083	75279.7083
50892	R	N+5%	-1.00	H1	escaped	O5	83917.1020	O5	83917.1020	83920.4903
50892	R	N+5%	-1.00	H2	escaped	O1	82752.9431	O1	82752.9431	82756.9272
50892	R	N+5%	-1.00	H3	escaped	H3	93424.5279	H3	93424.5279	93424.7299
50892	R	N+5%	-1.00	H4	escaped	O5	87535.4464	O5	87535.4464	87540.7135
50892	R	N+5%	-1.00	H5	escaped	O6	84464.3473	O6	84464.3473	84469.8631
50892	R	N+5%	-1.00	H6	escaped	O2	79563.5008	O2	79563.5008	79564.8098
50892	R	N+5%	-1.00	H7	escaped	H3	91654.9709	H3	91654.9709	91654.9971
50892	R	N+5%	-1.00	H8	escaped	H8	76102.4268	H8	76102.4268	76102.4268
50892	R	N+10%	+0.25	carbA	own	O1	3.0512	H6	3.0228	5.5346
50892	R	N+10%	+0.25	carbB	own	O6	3.0854	H1	3.0586	8.4892
50892	R	N+10%	+0.25	ether	migrated	O2	3.0896	O2	3.0896	5.9618
50892	R	N+10%	+0.25	hydroxyl	own	O4	3.3425	C6	3.2197	4.2188
50892	R	N+10%	+0.50	carbA	own	O1	2.9105	O1	2.9105	5.4736
50892	R	N+10%	+0.50	carbB	own	O6	2.9489	O6	2.9489	8.3496
50892	R	N+10%	+0.50	ether	migrated	O2	2.9190	O2	2.9190	5.7087
50892	R	N+10%	+0.50	hydroxyl	own	O4	3.1768	C6	3.0957	4.0644
50892	R	N+10%	+0.75	carbA	own	O1	2.8272	O1	2.8272	5.4524
50892	R	N+10%	+0.75	carbB	own	O6	2.8692	O6	2.8692	8.2715
50892	R	N+10%	+0.75	ether	migrated	O2	2.8196	O2	2.8196	5.5568
50892	R	N+10%	+0.75	hydroxyl	own	O4	3.0710	C6	3.0198	3.9658
50892	R	N+10%	+1.00	carbA	own	O1	2.7667	O1	2.7667	5.4703
50892	R	N+10%	+1.00	carbB	own	O6	2.8136	O6	2.8136	8.2222
50892	R	N+10%	+1.00	ether	migrated	O2	2.7499	O2	2.7499	5.4492
50892	R	N+10%	+1.00	hydroxyl	migrated	O6	2.8136	O6	2.8136	8.2222
50892	R	N+10%	-0.25	H1	escaped	O5	44623.6229	O5	44623.6229	44626.2525
50892	R	N+10%	-0.25	H2	escaped	O1	34616.6960	O1	34616.6960	34622.4892
50892	R	N+10%	-0.25	H3	escaped	H8	40796.2646	H8	40796.2646	40796.2646
50892	R	N+10%	-0.25	H4	escaped	O5	35196.2767	O5	35196.2767	35199.2697
50892	R	N+10%	-0.25	H5	escaped	O6	35420.6414	O6	35420.6414	35424.3132
50892	R	N+10%	-0.25	H6	escaped	H6	50356.9469	H6	50356.9469	50357.6464
50892	R	N+10%	-0.25	H7	escaped	H8	40718.7748	H8	40718.7748	40718.7748
50892	R	N+10%	-0.25	H8	escaped	H8	42091.4550	H8	42091.4550	42091.4550
50892	R	N+10%	-0.50	H1	escaped	O5	54995.9165	O5	54995.9165	54998.9743
50892	R	N+10%	-0.50	H2	escaped	O1	53630.2640	O1	53630.2640	53635.1322
50892	R	N+10%	-0.50	H3	escaped	H8	70918.1908	H8	70918.1908	70918.1908
50892	R	N+10%	-0.50	H4	escaped	O5	53797.1946	O5	53797.1946	53801.7567
50892	R	N+10%	-0.50	H5	escaped	O6	54436.2383	O6	54436.2383	54441.2238
50892	R	N+10%	-0.50	H6	escaped	H6	67836.8505	H6	67836.8505	67837.4193
50892	R	N+10%	-0.50	H7	escaped	H8	57024.4093	H8	57024.4093	57024.4093
50892	R	N+10%	-0.50	H8	escaped	H8	56128.2916	H8	56128.2916	56128.2916
50892	R	N+10%	-0.75	H1	escaped	O5	72037.9145	O5	72037.9145	72041.1185
50892	R	N+10%	-0.75	H2	escaped	O1	79659.4265	O1	79659.4265	79663.7262
50892	R	N+10%	-0.75	H3	escaped	H3	70452.9292	H3	70452.9292	70452.9319
50892	R	N+10%	-0.75	H4	escaped	O5	62888.5723	O5	62888.5723	62893.6016
50892	R	N+10%	-0.75	H5	escaped	O6	81104.8026	O6	81104.8026	81110.1425
50892	R	N+10%	-0.75	H6	escaped	O2	72709.1230	O2	72709.1230	72709.7948
50892	R	N+10%	-0.75	H7	escaped	H3	80311.5434	H3	80311.5434	80311.5501
50892	R	N+10%	-0.75	H8	escaped	H8	75226.6294	H8	75226.6294	75226.6294
50892	R	N+10%	-1.00	H1	escaped	O5	84261.6331	O5	84261.6331	84264.9220
50892	R	N+10%	-1.00	H2	escaped	O1	82955.9209	O1	82955.9209	82959.9072
50892	R	N+10%	-1.00	H3	escaped	H3	93452.2747	H3	93452.2747	93452.4370
50892	R	N+10%	-1.00	H4	escaped	O5	87676.6940	O5	87676.6940	87681.9085
50892	R	N+10%	-1.00	H5	escaped	O6	84638.7897	O6	84638.7897	84644.2532
50892	R	N+10%	-1.00	H6	escaped	O2	79214.4278	O2	79214.4278	79215.6360
50892	R	N+10%	-1.00	H7	escaped	H3	71646.7389	H3	71646.7389	71646.7697
50892	R	N+10%	-1.00	H8	escaped	H8	76049.0741	H8	76049.0741	76049.0741
50892	R	OPLS_sp3C	+0.25	carbA	own	O1	2.9228	O1	2.9228	5.4647
50892	R	OPLS_sp3C	+0.25	carbB	own	O6	2.9598	O6	2.9598	8.3530
50892	R	OPLS_sp3C	+0.25	ether	migrated	O2	2.9330	O2	2.9330	5.7268
50892	R	OPLS_sp3C	+0.25	hydroxyl	own	O4	3.1831	C6	3.1049	4.0695
50892	R	OPLS_sp3C	+0.50	carbA	own	O1	2.7816	O1	2.7816	5.4433
50892	R	OPLS_sp3C	+0.50	carbB	own	O6	2.8261	O6	2.8261	8.2252
50892	R	OPLS_sp3C	+0.50	ether	migrated	O1	2.7816	O1	2.7816	5.4433
50892	R	OPLS_sp3C	+0.50	hydroxyl	migrated	O6	2.8261	O6	2.8261	8.2252
50892	R	OPLS_sp3C	+0.75	carbA	own	O1	2.6881	O1	2.6881	5.6540
50892	R	OPLS_sp3C	+0.75	carbB	own	O6	2.7499	O6	2.7499	8.1712
50892	R	OPLS_sp3C	+0.75	ether	migrated	O2	2.6697	O2	2.6697	5.3230
50892	R	OPLS_sp3C	+0.75	hydroxyl	migrated	O6	2.7499	O6	2.7499	8.1712
50892	R	OPLS_sp3C	+1.00	carbA	own	O1	2.6197	O1	2.6197	5.8615
50892	R	OPLS_sp3C	+1.00	carbB	own	O6	2.6960	O6	2.6960	8.1600
50892	R	OPLS_sp3C	+1.00	ether	migrated	O2	2.6029	O2	2.6029	5.2198
50892	R	OPLS_sp3C	+1.00	hydroxyl	migrated	O6	2.6960	O6	2.6960	8.1600
50892	R	OPLS_sp3C	-0.25	H1	escaped	O5	40619.7517	O5	40619.7517	40622.8265
50892	R	OPLS_sp3C	-0.25	H2	escaped	O1	34171.6699	O1	34171.6699	34177.4299
50892	R	OPLS_sp3C	-0.25	H3	escaped	H8	40540.8111	H8	40540.8111	40540.8111
50892	R	OPLS_sp3C	-0.25	H4	escaped	O5	34722.3531	O5	34722.3531	34725.5320
50892	R	OPLS_sp3C	-0.25	H5	escaped	O6	46358.0994	O6	46358.0994	46361.9419
50892	R	OPLS_sp3C	-0.25	H6	escaped	H6	49532.9560	H6	49532.9560	49533.6916
50892	R	OPLS_sp3C	-0.25	H7	escaped	H8	37817.5630	H8	37817.5630	37817.5630
50892	R	OPLS_sp3C	-0.25	H8	escaped	H8	42212.7746	H8	42212.7746	42212.7746
50892	R	OPLS_sp3C	-0.50	H1	escaped	O5	65207.8719	O5	65207.8719	65211.1913
50892	R	OPLS_sp3C	-0.50	H2	escaped	O1	53169.0520	O1	53169.0520	53173.8923
50892	R	OPLS_sp3C	-0.50	H3	escaped	H8	70002.8637	H8	70002.8637	70002.8637
50892	R	OPLS_sp3C	-0.50	H4	escaped	O5	53440.5074	O5	53440.5074	53445.1801
50892	R	OPLS_sp3C	-0.50	H5	escaped	O6	54064.6806	O6	54064.6806	54069.7579
50892	R	OPLS_sp3C	-0.50	H6	escaped	H6	67605.1293	H6	67605.1293	67605.7331
50892	R	OPLS_sp3C	-0.50	H7	escaped	H8	58427.7313	H8	58427.7313	58427.7313
50892	R	OPLS_sp3C	-0.50	H8	escaped	H8	56422.7474	H8	56422.7474	56422.7474
50892	R	OPLS_sp3C	-0.75	H1	escaped	O5	71654.5318	O5	71654.5318	71657.9629
50892	R	OPLS_sp3C	-0.75	H2	escaped	O1	79737.6630	O1	79737.6630	79741.9479
50892	R	OPLS_sp3C	-0.75	H3	escaped	H8	92489.9117	H8	92489.9117	92489.9117
50892	R	OPLS_sp3C	-0.75	H4	escaped	O5	62388.7601	O5	62388.7601	62393.8646
50892	R	OPLS_sp3C	-0.75	H5	escaped	O6	81243.9176	O6	81243.9176	81249.3177
50892	R	OPLS_sp3C	-0.75	H6	escaped	O2	72774.1308	O2	72774.1308	72774.8995
50892	R	OPLS_sp3C	-0.75	H7	escaped	H3	75839.2788	H3	75839.2788	75839.2850
50892	R	OPLS_sp3C	-0.75	H8	escaped	H8	75659.5647	H8	75659.5647	75659.5647
50892	R	OPLS_sp3C	-1.00	H1	escaped	O5	82529.1036	O5	82529.1036	82532.6081
50892	R	OPLS_sp3C	-1.00	H2	escaped	O1	83017.1284	O1	83017.1284	83021.1024
50892	R	OPLS_sp3C	-1.00	H3	escaped	H3	92715.9651	H3	92715.9651	92716.0518
50892	R	OPLS_sp3C	-1.00	H4	escaped	O5	87827.4253	O5	87827.4253	87832.6956
50892	R	OPLS_sp3C	-1.00	H5	escaped	O6	84740.1417	O6	84740.1417	84745.6523
50892	R	OPLS_sp3C	-1.00	H6	escaped	O2	79343.6765	O2	79343.6765	79344.9566
50892	R	OPLS_sp3C	-1.00	H7	escaped	H3	87589.3078	H3	87589.3078	87589.3348
50892	R	OPLS_sp3C	-1.00	H8	escaped	H8	76489.4199	H8	76489.4199	76489.4199
50892	R	Behrens_3.55	+0.25	carbA	own	O1	2.9445	O1	2.9445	5.4828
50892	R	Behrens_3.55	+0.25	carbB	own	O6	2.9815	O6	2.9815	8.3802
50892	R	Behrens_3.55	+0.25	ether	migrated	O2	2.9598	O2	2.9598	5.7692
50892	R	Behrens_3.55	+0.25	hydroxyl	own	O4	3.2157	C6	3.1257	4.1004
50892	R	Behrens_3.55	+0.50	carbA	own	O1	2.8027	O1	2.8027	5.4485
50892	R	Behrens_3.55	+0.50	carbB	own	O6	2.8461	O6	2.8461	8.2477
50892	R	Behrens_3.55	+0.50	ether	migrated	O1	2.8027	O1	2.8027	5.4485
50892	R	Behrens_3.55	+0.50	hydroxyl	migrated	O6	2.8461	O6	2.8461	8.2477
50892	R	Behrens_3.55	+0.75	carbA	own	O1	2.7130	O1	2.7130	5.5706
50892	R	Behrens_3.55	+0.75	carbB	own	O6	2.7689	O6	2.7689	8.1871
50892	R	Behrens_3.55	+0.75	ether	migrated	O2	2.6936	O2	2.6936	5.3613
50892	R	Behrens_3.55	+0.75	hydroxyl	migrated	O6	2.7689	O6	2.7689	8.1871
50892	R	Behrens_3.55	+1.00	carbA	own	O1	2.6421	O1	2.6421	5.8219
50892	R	Behrens_3.55	+1.00	carbB	own	O6	2.7148	O6	2.7148	8.1652
50892	R	Behrens_3.55	+1.00	ether	migrated	O2	2.6260	O2	2.6260	5.2568
50892	R	Behrens_3.55	+1.00	hydroxyl	migrated	O6	2.7148	O6	2.7148	8.1652
50892	R	Behrens_3.55	-0.25	H1	escaped	O5	41845.9716	O5	41845.9716	41849.0079
50892	R	Behrens_3.55	-0.25	H2	escaped	O1	45332.2451	O1	45332.2451	45338.0075
50892	R	Behrens_3.55	-0.25	H3	escaped	H8	40606.1367	H8	40606.1367	40606.1367
50892	R	Behrens_3.55	-0.25	H4	escaped	O5	34747.9815	O5	34747.9815	34751.1346
50892	R	Behrens_3.55	-0.25	H5	escaped	O6	46392.7240	O6	46392.7240	46396.5430
50892	R	Behrens_3.55	-0.25	H6	escaped	H6	49563.7766	H6	49563.7766	49564.5013
50892	R	Behrens_3.55	-0.25	H7	escaped	H8	38138.5684	H8	38138.5684	38138.5684
50892	R	Behrens_3.55	-0.25	H8	escaped	H8	42209.3722	H8	42209.3722	42209.3722
50892	R	Behrens_3.55	-0.50	H1	escaped	O5	66416.6947	O5	66416.6947	66419.9815
50892	R	Behrens_3.55	-0.50	H2	escaped	O1	53248.6319	O1	53248.6319	53253.4728
50892	R	Behrens_3.55	-0.50	H3	escaped	H8	70048.2085	H8	70048.2085	70048.2085
50892	R	Behrens_3.55	-0.50	H4	escaped	O5	53470.1972	O5	53470.1972	53474.8519
50892	R	Behrens_3.55	-0.50	H5	escaped	O6	54108.4410	O6	54108.4410	54113.5015
50892	R	Behrens_3.55	-0.50	H6	escaped	H6	67563.2946	H6	67563.2946	67563.8830
50892	R	Behrens_3.55	-0.50	H7	escaped	H8	58286.5304	H8	58286.5304	58286.5304
50892	R	Behrens_3.55	-0.50	H8	escaped	H8	56415.1734	H8	56415.1734	56415.1734
50892	R	Behrens_3.55	-0.75	H1	escaped	O5	71653.5316	O5	71653.5316	71656.9303
50892	R	Behrens_3.55	-0.75	H2	escaped	O1	79788.1000	O1	79788.1000	79792.3850
50892	R	Behrens_3.55	-0.75	H3	escaped	H8	92518.7519	H8	92518.7519	92518.7519
50892	R	Behrens_3.55	-0.75	H4	escaped	O5	62442.1899	O5	62442.1899	62447.2811
50892	R	Behrens_3.55	-0.75	H5	escaped	O6	81283.2399	O6	81283.2399	81288.6271
50892	R	Behrens_3.55	-0.75	H6	escaped	O2	72701.2788	O2	72701.2788	72702.0211
50892	R	Behrens_3.55	-0.75	H7	escaped	H3	76444.3256	H3	76444.3256	76444.3358
50892	R	Behrens_3.55	-0.75	H8	escaped	H8	75649.1804	H8	75649.1804	75649.1804
50892	R	Behrens_3.55	-1.00	H1	escaped	O5	82882.8217	O5	82882.8217	82886.2936
50892	R	Behrens_3.55	-1.00	H2	escaped	O1	83060.2860	O1	83060.2860	83064.2604
50892	R	Behrens_3.55	-1.00	H3	escaped	H3	92722.3344	H3	92722.3344	92722.4122
50892	R	Behrens_3.55	-1.00	H4	escaped	O5	87857.7563	O5	87857.7563	87863.0161
50892	R	Behrens_3.55	-1.00	H5	escaped	O6	84777.5709	O6	84777.5709	84783.0709
50892	R	Behrens_3.55	-1.00	H6	escaped	O2	79273.7870	O2	79273.7870	79275.0465
50892	R	Behrens_3.55	-1.00	H7	escaped	H3	88734.7098	H3	88734.7098	88734.7405
50892	R	Behrens_3.55	-1.00	H8	escaped	H8	76479.3044	H8	76479.3044	76479.3044
50892	TS	N	+0.25	carbA	own	O1	2.8891	H6	2.8673	5.5538
50892	TS	N	+0.25	carbB	own	O6	2.9670	O6	2.9670	8.7888
50892	TS	N	+0.25	ether	migrated	O1	2.8891	H6	2.8673	5.5538
50892	TS	N	+0.25	hydroxyl	migrated	O6	2.9716	O6	2.9716	5.9721
50892	TS	N	+0.50	carbA	own	O1	2.7677	O1	2.7677	5.4756
50892	TS	N	+0.50	carbB	own	O6	2.8293	O6	2.8293	8.6892
50892	TS	N	+0.50	ether	migrated	O2	2.7675	O2	2.7675	5.9560
50892	TS	N	+0.50	hydroxyl	migrated	O6	2.8293	O6	2.8293	8.6892
50892	TS	N	+0.75	carbA	own	O1	2.6918	O1	2.6918	5.4674
50892	TS	N	+0.75	carbB	own	O6	2.7453	O6	2.7453	8.6516
50892	TS	N	+0.75	ether	migrated	O2	2.6700	O2	2.6700	5.7845
50892	TS	N	+0.75	hydroxyl	migrated	O6	2.7453	O6	2.7453	8.6516
50892	TS	N	+1.00	carbA	own	O1	2.6300	O1	2.6300	5.5537
50892	TS	N	+1.00	carbB	own	O6	2.6807	O6	2.6807	8.6588
50892	TS	N	+1.00	ether	migrated	O2	2.6024	O2	2.6024	5.6645
50892	TS	N	+1.00	hydroxyl	migrated	O6	2.5989	O6	2.5989	6.1944
50892	TS	N	-0.25	H1	escaped	O5	41081.4308	O5	41081.4308	41085.7904
50892	TS	N	-0.25	H2	escaped	O1	43044.1122	O1	43044.1122	43049.7628
50892	TS	N	-0.25	H3	escaped	H3	41312.1032	H3	41312.1032	41312.1539
50892	TS	N	-0.25	H4	escaped	O5	34566.4192	O5	34566.4192	34569.4782
50892	TS	N	-0.25	H5	escaped	O6	46105.4292	O6	46105.4292	46109.1282
50892	TS	N	-0.25	H6	escaped	H6	49737.3295	H6	49737.3295	49737.6104
50892	TS	N	-0.25	H7	escaped	H8	38077.9378	H8	38077.9378	38077.9378
50892	TS	N	-0.25	H8	escaped	H8	42920.7109	H8	42920.7109	42920.7109
50892	TS	N	-0.50	H1	escaped	O5	52615.7556	O5	52615.7556	52620.1169
50892	TS	N	-0.50	H2	escaped	O1	64635.5845	O1	64635.5845	64640.5223
50892	TS	N	-0.50	H3	escaped	H3	73469.1324	H3	73469.1324	73469.5041
50892	TS	N	-0.50	H4	escaped	O5	52853.2078	O5	52853.2078	52857.9545
50892	TS	N	-0.50	H5	escaped	O6	52986.3109	O6	52986.3109	52991.3813
50892	TS	N	-0.50	H6	escaped	H6	67429.8478	H6	67429.8478	67429.9328
50892	TS	N	-0.50	H7	escaped	H8	53129.1008	H8	53129.1008	53129.1008
50892	TS	N	-0.50	H8	escaped	H8	57138.9031	H8	57138.9031	57138.9031
50892	TS	N	-0.75	H1	escaped	O5	65990.3456	O5	65990.3456	65994.6593
50892	TS	N	-0.75	H2	escaped	O1	74017.2938	O1	74017.2938	74021.6083
50892	TS	N	-0.75	H3	escaped	H3	75587.8065	H3	75587.8065	75588.4827
50892	TS	N	-0.75	H4	escaped	O5	61373.1125	O5	61373.1125	61378.3545
50892	TS	N	-0.75	H5	escaped	O6	78686.5582	O6	78686.5582	78692.0111
50892	TS	N	-0.75	H6	escaped	O2	72186.9941	O2	72186.9941	72187.0343
50892	TS	N	-0.75	H7	escaped	H8	76375.3492	H8	76375.3492	76375.3492
50892	TS	N	-0.75	H8	escaped	H8	76474.0423	H8	76474.0423	76474.0423
50892	TS	N	-1.00	H1	escaped	O5	74682.4544	O5	74682.4544	74686.7242
50892	TS	N	-1.00	H2	escaped	O1	78547.4834	O1	78547.4834	78551.4135
50892	TS	N	-1.00	H3	escaped	H3	79398.3794	H3	79398.3794	79399.3168
50892	TS	N	-1.00	H4	escaped	O5	89159.3126	O5	89159.3126	89164.7312
50892	TS	N	-1.00	H5	escaped	O6	82101.3355	O6	82101.3355	82106.9182
50892	TS	N	-1.00	H6	escaped	O2	78477.0898	O2	78477.0898	78477.5813
50892	TS	N	-1.00	H7	escaped	H8	85065.0504	H8	85065.0504	85065.0504
50892	TS	N	-1.00	H8	escaped	H8	77216.2662	H8	77216.2662	77216.2662
50892	TS	N+5%	+0.25	carbA	own	O1	2.9567	H6	2.9190	5.6333
50892	TS	N+5%	+0.25	carbB	own	O6	3.0420	O6	3.0420	8.8718
50892	TS	N+5%	+0.25	ether	migrated	O2	3.0391	O2	3.0391	6.4245
50892	TS	N+5%	+0.25	hydroxyl	migrated	O6	3.0752	O6	3.0752	5.9501
50892	TS	N+5%	+0.50	carbA	own	O1	2.8338	O1	2.8338	5.5318
50892	TS	N+5%	+0.50	carbB	own	O6	2.9010	O6	2.9010	8.7581
50892	TS	N+5%	+0.50	ether	migrated	O2	2.8575	O2	2.8575	6.1204
50892	TS	N+5%	+0.50	hydroxyl	migrated	O6	2.9010	O6	2.9010	8.7581
50892	TS	N+5%	+0.75	carbA	own	O1	2.7575	O1	2.7575	5.4963
50892	TS	N+5%	+0.75	carbB	own	O6	2.8166	O6	2.8166	8.7012
50892	TS	N+5%	+0.75	ether	migrated	O2	2.7549	O2	2.7549	5.9405
50892	TS	N+5%	+0.75	hydroxyl	migrated	O6	2.8166	O6	2.8166	8.7012
50892	TS	N+5%	+1.00	carbA	own	O1	2.7013	O1	2.7013	5.4967
50892	TS	N+5%	+1.00	carbB	own	O6	2.7552	O6	2.7552	8.6742
50892	TS	N+5%	+1.00	ether	migrated	O2	2.6839	O2	2.6839	5.8144
50892	TS	N+5%	+1.00	hydroxyl	migrated	O6	2.6827	O6	2.6827	6.1802
50892	TS	N+5%	-0.25	H1	escaped	O5	44597.0962	O5	44597.0962	44601.3575
50892	TS	N+5%	-0.25	H2	escaped	O1	43283.7147	O1	43283.7147	43289.4022
50892	TS	N+5%	-0.25	H3	escaped	H3	41317.9198	H3	41317.9198	41317.9579
50892	TS	N+5%	-0.25	H4	escaped	H4	34632.5960	H4	34632.5960	34635.5709
50892	TS	N+5%	-0.25	H5	escaped	O6	46287.7627	O6	46287.7627	46291.3861
50892	TS	N+5%	-0.25	H6	escaped	H6	49932.3703	H6	49932.3703	49932.6183
50892	TS	N+5%	-0.25	H7	escaped	H8	38243.3230	H8	38243.3230	38243.3230
50892	TS	N+5%	-0.25	H8	escaped	H8	42926.2263	H8	42926.2263	42926.2263
50892	TS	N+5%	-0.50	H1	escaped	O5	49321.5379	O5	49321.5379	49325.8324
50892	TS	N+5%	-0.50	H2	escaped	O1	64897.1936	O1	64897.1936	64902.1682
50892	TS	N+5%	-0.50	H3	escaped	H3	73646.3749	H3	73646.3749	73646.7288
50892	TS	N+5%	-0.50	H4	escaped	O5	52901.1436	O5	52901.1436	52905.8100
50892	TS	N+5%	-0.50	H5	escaped	O6	53155.3945	O6	53155.3945	53160.4078
50892	TS	N+5%	-0.50	H6	escaped	H6	67393.7876	H6	67393.7876	67393.8243
50892	TS	N+5%	-0.50	H7	escaped	H8	54636.6638	H8	54636.6638	54636.6638
50892	TS	N+5%	-0.50	H8	escaped	H8	57104.0282	H8	57104.0282	57104.0282
50892	TS	N+5%	-0.75	H1	escaped	O5	63322.4236	O5	63322.4236	63326.6738
50892	TS	N+5%	-0.75	H2	escaped	O1	74320.9969	O1	74320.9969	74325.3435
50892	TS	N+5%	-0.75	H3	escaped	H3	75607.8408	H3	75607.8408	75608.4992
50892	TS	N+5%	-0.75	H4	escaped	O5	61460.7693	O5	61460.7693	61465.9535
50892	TS	N+5%	-0.75	H5	escaped	O6	78773.4084	O6	78773.4084	78778.8169
50892	TS	N+5%	-0.75	H6	escaped	H8	72040.7697	H8	72040.7697	72040.7697
50892	TS	N+5%	-0.75	H7	escaped	H8	78080.8555	H8	78080.8555	78080.8555
50892	TS	N+5%	-0.75	H8	escaped	H8	76419.2578	H8	76419.2578	76419.2578
50892	TS	N+5%	-1.00	H1	escaped	O5	75359.5330	O5	75359.5330	75363.7400
50892	TS	N+5%	-1.00	H2	escaped	O1	78598.4481	O1	78598.4481	78602.4038
50892	TS	N+5%	-1.00	H3	escaped	H3	79336.2466	H3	79336.2466	79337.1690
50892	TS	N+5%	-1.00	H4	escaped	O5	89204.7050	O5	89204.7050	89210.0782
50892	TS	N+5%	-1.00	H5	escaped	O6	82183.9480	O6	82183.9480	82189.4937
50892	TS	N+5%	-1.00	H6	escaped	O2	78322.3940	O2	78322.3940	78322.8050
50892	TS	N+5%	-1.00	H7	escaped	H8	88331.7680	H8	88331.7680	88331.7680
50892	TS	N+5%	-1.00	H8	escaped	H8	77159.7835	H8	77159.7835	77159.7835
50892	TS	N+10%	+0.25	carbA	own	O1	3.0988	H2	2.7590	7.1616
50892	TS	N+10%	+0.25	carbB	own	O6	3.1176	O6	3.1176	8.9564
50892	TS	N+10%	+0.25	ether	migrated	O2	3.1471	O2	3.1471	6.6209
50892	TS	N+10%	+0.25	hydroxyl	migrated	O6	3.1176	O6	3.1176	8.9564
50892	TS	N+10%	+0.50	carbA	own	O1	2.9000	O1	2.9000	5.5955
50892	TS	N+10%	+0.50	carbB	own	O6	2.9730	O6	2.9730	8.8324
50892	TS	N+10%	+0.50	ether	migrated	O2	2.9514	O2	2.9514	6.2949
50892	TS	N+10%	+0.50	hydroxyl	migrated	O6	2.9635	O6	2.9635	6.0683
50892	TS	N+10%	+0.75	carbA	own	O1	2.8225	O1	2.8225	5.5444
50892	TS	N+10%	+0.75	carbB	own	O6	2.8870	O6	2.8870	8.7642
50892	TS	N+10%	+0.75	ether	migrated	O2	2.8424	O2	2.8424	6.1037
50892	TS	N+10%	+0.75	hydroxyl	migrated	O6	2.8870	O6	2.8870	8.7642
50892	TS	N+10%	+1.00	carbA	own	O1	2.7664	O1	2.7664	5.5210
50892	TS	N+10%	+1.00	carbB	own	O6	2.8254	O6	2.8254	8.7224
50892	TS	N+10%	+1.00	ether	migrated	O2	2.7676	O2	2.7676	5.9704
50892	TS	N+10%	+1.00	hydroxyl	migrated	O6	2.8254	O6	2.8254	8.7224
50892	TS	N+10%	-0.25	H1	escaped	O5	35176.1355	O5	35176.1355	35180.2020
50892	TS	N+10%	-0.25	H2	escaped	O1	43600.7951	O1	43600.7951	43606.5340
50892	TS	N+10%	-0.25	H3	escaped	H3	41366.2001	H3	41366.2001	41366.2157
50892	TS	N+10%	-0.25	H4	escaped	H4	34262.2847	H4	34262.2847	34265.1609
50892	TS	N+10%	-0.25	H5	escaped	O6	46479.6394	O6	46479.6394	46483.1362
50892	TS	N+10%	-0.25	H6	escaped	H6	50135.3325	H6	50135.3325	50135.5255
50892	TS	N+10%	-0.25	H7	escaped	O4	40421.2082	O4	40421.2082	40421.2140
50892	TS	N+10%	-0.25	H8	escaped	H8	42945.4962	H8	42945.4962	42945.4962
50892	TS	N+10%	-0.50	H1	escaped	O5	58527.9744	O5	58527.9744	58532.1774
50892	TS	N+10%	-0.50	H2	escaped	O1	65291.9081	O1	65291.9081	65296.9312
50892	TS	N+10%	-0.50	H3	escaped	H3	73783.3028	H3	73783.3028	73783.6226
50892	TS	N+10%	-0.50	H4	escaped	O5	52920.7983	O5	52920.7983	52925.3360
50892	TS	N+10%	-0.50	H5	escaped	O6	53362.5858	O6	53362.5858	53367.5052
50892	TS	N+10%	-0.50	H6	escaped	H8	67286.7541	H8	67286.7541	67286.7541
50892	TS	N+10%	-0.50	H7	escaped	O4	56072.3591	O4	56072.3591	56072.3595
50892	TS	N+10%	-0.50	H8	escaped	H8	57082.4180	H8	57082.4180	57082.4180
50892	TS	N+10%	-0.75	H1	escaped	O5	78894.4402	O5	78894.4402	78898.6358
50892	TS	N+10%	-0.75	H2	escaped	O1	74792.8611	O1	74792.8611	74797.2511
50892	TS	N+10%	-0.75	H3	escaped	H3	75522.7664	H3	75522.7664	75523.3898
50892	TS	N+10%	-0.75	H4	escaped	O5	61531.2437	O5	61531.2437	61536.3371
50892	TS	N+10%	-0.75	H5	escaped	O6	78940.0011	O6	78940.0011	78945.3376
50892	TS	N+10%	-0.75	H6	escaped	H8	71776.8673	H8	71776.8673	71776.8673
50892	TS	N+10%	-0.75	H7	escaped	H8	79768.4013	H8	79768.4013	79768.4013
50892	TS	N+10%	-0.75	H8	escaped	H8	76383.0360	H8	76383.0360	76383.0360
50892	TS	N+10%	-1.00	H1	escaped	O5	95218.8855	O5	95218.8855	95223.0257
50892	TS	N+10%	-1.00	H2	escaped	O1	78711.3361	O1	78711.3361	78715.3269
50892	TS	N+10%	-1.00	H3	escaped	H3	79130.6187	H3	79130.6187	79131.5110
50892	TS	N+10%	-1.00	H4	escaped	O5	89303.5386	O5	89303.5386	89308.8412
50892	TS	N+10%	-1.00	H5	escaped	O6	82340.5048	O6	82340.5048	82345.9912
50892	TS	N+10%	-1.00	H6	escaped	O2	78050.6870	O2	78050.6870	78050.9610
50892	TS	N+10%	-1.00	H7	escaped	H8	91467.6948	H8	91467.6948	91467.6948
50892	TS	N+10%	-1.00	H8	escaped	H8	77122.2095	H8	77122.2095	77122.2095
50892	TS	OPLS_sp3C	+0.25	carbA	own	O1	2.9102	O1	2.9102	5.5960
50892	TS	OPLS_sp3C	+0.25	carbB	own	O6	2.9856	O6	2.9856	8.8350
50892	TS	OPLS_sp3C	+0.25	ether	migrated	O1	2.9102	O1	2.9102	5.5960
50892	TS	OPLS_sp3C	+0.25	hydroxyl	migrated	O6	2.9856	O6	2.9856	8.8350
50892	TS	OPLS_sp3C	+0.50	carbA	own	O1	2.7795	O1	2.7795	5.5155
50892	TS	OPLS_sp3C	+0.50	carbB	own	O6	2.8402	O6	2.8402	8.7246
50892	TS	OPLS_sp3C	+0.50	ether	migrated	O2	2.7843	O2	2.7843	5.9966
50892	TS	OPLS_sp3C	+0.50	hydroxyl	migrated	O6	2.7876	O6	2.7876	6.1444
50892	TS	OPLS_sp3C	+0.75	carbA	own	O1	2.6992	O1	2.6992	5.5138
50892	TS	OPLS_sp3C	+0.75	carbB	own	O6	2.7528	O6	2.7528	8.6828
50892	TS	OPLS_sp3C	+0.75	ether	migrated	O2	2.6826	O2	2.6826	5.8152
50892	TS	OPLS_sp3C	+0.75	hydroxyl	migrated	O6	2.6794	O6	2.6794	6.1973
50892	TS	OPLS_sp3C	+1.00	carbA	own	O1	2.6341	O1	2.6341	5.6198
50892	TS	OPLS_sp3C	+1.00	carbB	own	O6	2.6863	O6	2.6863	8.6875
50892	TS	OPLS_sp3C	+1.00	ether	migrated	O2	2.6128	O2	2.6128	5.6898
50892	TS	OPLS_sp3C	+1.00	hydroxyl	migrated	O6	2.6863	O6	2.6863	8.6875
50892	TS	OPLS_sp3C	-0.25	H1	escaped	O5	40965.6343	O5	40965.6343	40969.9370
50892	TS	OPLS_sp3C	-0.25	H2	escaped	O1	42969.4934	O1	42969.4934	42975.1667
50892	TS	OPLS_sp3C	-0.25	H3	escaped	H3	41587.0657	H3	41587.0657	41587.1008
50892	TS	OPLS_sp3C	-0.25	H4	escaped	O5	34169.1798	O5	34169.1798	34172.1998
50892	TS	OPLS_sp3C	-0.25	H5	escaped	O6	45898.8783	O6	45898.8783	45902.5532
50892	TS	OPLS_sp3C	-0.25	H6	escaped	H6	49333.0579	H6	49333.0579	49333.2844
50892	TS	OPLS_sp3C	-0.25	H7	escaped	H8	37325.7718	H8	37325.7718	37325.7718
50892	TS	OPLS_sp3C	-0.25	H8	escaped	H8	42991.0983	H8	42991.0983	42991.0983
50892	TS	OPLS_sp3C	-0.50	H1	escaped	O5	51506.1830	O5	51506.1830	51510.5004
50892	TS	OPLS_sp3C	-0.50	H2	escaped	O1	64910.9975	O1	64910.9975	64915.9376
50892	TS	OPLS_sp3C	-0.50	H3	escaped	H3	72869.0837	H3	72869.0837	72869.4037
50892	TS	OPLS_sp3C	-0.50	H4	escaped	O5	52705.8089	O5	52705.8089	52710.4971
50892	TS	OPLS_sp3C	-0.50	H5	escaped	O6	53034.1796	O6	53034.1796	53039.1988
50892	TS	OPLS_sp3C	-0.50	H6	escaped	H8	67014.1968	H8	67014.1968	67014.1968
50892	TS	OPLS_sp3C	-0.50	H7	escaped	H8	52504.4529	H8	52504.4529	52504.4529
50892	TS	OPLS_sp3C	-0.50	H8	escaped	H8	57311.6398	H8	57311.6398	57311.6398
50892	TS	OPLS_sp3C	-0.75	H1	escaped	O5	64928.0465	O5	64928.0465	64932.3229
50892	TS	OPLS_sp3C	-0.75	H2	escaped	O1	74412.7166	O1	74412.7166	74417.0371
50892	TS	OPLS_sp3C	-0.75	H3	escaped	H3	74958.2975	H3	74958.2975	74958.9150
50892	TS	OPLS_sp3C	-0.75	H4	escaped	O5	61235.1444	O5	61235.1444	61240.3390
50892	TS	OPLS_sp3C	-0.75	H5	escaped	O6	79101.7500	O6	79101.7500	79107.1518
50892	TS	OPLS_sp3C	-0.75	H6	escaped	H8	71795.1819	H8	71795.1819	71795.1819
50892	TS	OPLS_sp3C	-0.75	H7	escaped	H8	75781.2782	H8	75781.2782	75781.2782
50892	TS	OPLS_sp3C	-0.75	H8	escaped	H8	76731.1174	H8	76731.1174	76731.1174
50892	TS	OPLS_sp3C	-1.00	H1	escaped	O5	75618.7668	O5	75618.7668	75623.0017
50892	TS	OPLS_sp3C	-1.00	H2	escaped	O1	78873.0578	O1	78873.0578	78876.9969
50892	TS	OPLS_sp3C	-1.00	H3	escaped	H3	78740.1368	H3	78740.1368	78741.0205
50892	TS	OPLS_sp3C	-1.00	H4	escaped	O5	89469.9077	O5	89469.9077	89475.2857
50892	TS	OPLS_sp3C	-1.00	H5	escaped	O6	82460.4432	O6	82460.4432	82465.9807
50892	TS	OPLS_sp3C	-1.00	H6	escaped	O2	78151.9501	O2	78151.9501	78152.3095
50892	TS	OPLS_sp3C	-1.00	H7	escaped	H8	84713.5638	H8	84713.5638	84713.5638
50892	TS	OPLS_sp3C	-1.00	H8	escaped	H8	77479.6616	H8	77479.6616	77479.6616
50892	TS	Behrens_3.55	+0.25	carbA	own	O1	2.9308	O1	2.9308	5.6181
50892	TS	Behrens_3.55	+0.25	carbB	own	O6	3.0081	O6	3.0081	8.8593
50892	TS	Behrens_3.55	+0.25	ether	migrated	O2	2.9968	O2	2.9968	6.3703
50892	TS	Behrens_3.55	+0.25	hydroxyl	migrated	O6	3.0145	O6	3.0145	6.0319
50892	TS	Behrens_3.55	+0.50	carbA	own	O1	2.7995	O1	2.7995	5.5300
50892	TS	Behrens_3.55	+0.50	carbB	own	O6	2.8618	O6	2.8618	8.7438
50892	TS	Behrens_3.55	+0.50	ether	migrated	O2	2.8111	O2	2.8111	6.0467
50892	TS	Behrens_3.55	+0.50	hydroxyl	migrated	O6	2.8618	O6	2.8618	8.7438
50892	TS	Behrens_3.55	+0.75	carbA	own	O1	2.7194	O1	2.7194	5.5149
50892	TS	Behrens_3.55	+0.75	carbB	own	O6	2.7745	O6	2.7745	8.6945
50892	TS	Behrens_3.55	+0.75	ether	migrated	O2	2.7078	O2	2.7078	5.8621
50892	TS	Behrens_3.55	+0.75	hydroxyl	migrated	O6	2.7745	O6	2.7745	8.6945
50892	TS	Behrens_3.55	+1.00	carbA	own	O1	2.6575	O1	2.6575	5.5729
50892	TS	Behrens_3.55	+1.00	carbB	own	O6	2.7096	O6	2.7096	8.6851
50892	TS	Behrens_3.55	+1.00	ether	migrated	O2	2.6369	O2	2.6369	5.7347
50892	TS	Behrens_3.55	+1.00	hydroxyl	own	O4	3.2070	C7	2.9068	4.1851
50892	TS	Behrens_3.55	-0.25	H1	escaped	O5	40742.0541	O5	40742.0541	40746.3241
50892	TS	Behrens_3.55	-0.25	H2	escaped	O1	43027.8364	O1	43027.8364	43033.5206
50892	TS	Behrens_3.55	-0.25	H3	escaped	H3	41597.6806	H3	41597.6806	41597.7106
50892	TS	Behrens_3.55	-0.25	H4	escaped	H4	34080.7751	H4	34080.7751	34083.7722
50892	TS	Behrens_3.55	-0.25	H5	escaped	O6	45933.9514	O6	45933.9514	45937.6013
50892	TS	Behrens_3.55	-0.25	H6	escaped	H6	49368.7618	H6	49368.7618	49368.9770
50892	TS	Behrens_3.55	-0.25	H7	escaped	H8	37293.4704	H8	37293.4704	37293.4704
50892	TS	Behrens_3.55	-0.25	H8	escaped	H8	42991.1441	H8	42991.1441	42991.1441
50892	TS	Behrens_3.55	-0.50	H1	escaped	O5	50609.9625	O5	50609.9625	50614.2608
50892	TS	Behrens_3.55	-0.50	H2	escaped	O1	64988.1213	O1	64988.1213	64993.0714
50892	TS	Behrens_3.55	-0.50	H3	escaped	H3	72889.5046	H3	72889.5046	72889.8170
50892	TS	Behrens_3.55	-0.50	H4	escaped	O5	52709.2853	O5	52709.2853	52713.9481
50892	TS	Behrens_3.55	-0.50	H5	escaped	O6	53075.6937	O6	53075.6937	53080.6941
50892	TS	Behrens_3.55	-0.50	H6	escaped	H8	66990.7398	H8	66990.7398	66990.7398
50892	TS	Behrens_3.55	-0.50	H7	escaped	H8	52923.5945	H8	52923.5945	52923.5945
50892	TS	Behrens_3.55	-0.50	H8	escaped	H8	57306.7775	H8	57306.7775	57306.7775
50892	TS	Behrens_3.55	-0.75	H1	escaped	O5	64196.1605	O5	64196.1605	64200.4192
50892	TS	Behrens_3.55	-0.75	H2	escaped	O1	74506.3568	O1	74506.3568	74510.6861
50892	TS	Behrens_3.55	-0.75	H3	escaped	H3	74935.1399	H3	74935.1399	74935.7496
50892	TS	Behrens_3.55	-0.75	H4	escaped	O5	61249.0776	O5	61249.0776	61254.2542
50892	TS	Behrens_3.55	-0.75	H5	escaped	O6	79137.6036	O6	79137.6036	79142.9908
50892	TS	Behrens_3.55	-0.75	H6	escaped	H8	71741.4518	H8	71741.4518	71741.4518
50892	TS	Behrens_3.55	-0.75	H7	escaped	H8	76247.6547	H8	76247.6547	76247.6547
50892	TS	Behrens_3.55	-0.75	H8	escaped	H8	76723.9757	H8	76723.9757	76723.9757
50892	TS	Behrens_3.55	-1.00	H1	escaped	O5	76242.6157	O5	76242.6157	76246.8326
50892	TS	Behrens_3.55	-1.00	H2	escaped	O1	78897.2190	O1	78897.2190	78901.1653
50892	TS	Behrens_3.55	-1.00	H3	escaped	H3	78692.2365	H3	78692.2365	78693.1135
50892	TS	Behrens_3.55	-1.00	H4	escaped	O5	89491.4935	O5	89491.4935	89496.8574
50892	TS	Behrens_3.55	-1.00	H5	escaped	O6	82493.9870	O6	82493.9870	82499.5125
50892	TS	Behrens_3.55	-1.00	H6	escaped	O2	78097.3310	O2	78097.3310	78097.6622
50892	TS	Behrens_3.55	-1.00	H7	escaped	H8	85662.5956	H8	85662.5956	85662.5956
50892	TS	Behrens_3.55	-1.00	H8	escaped	H8	77472.5618	H8	77472.5618	77472.5618
52192	R	N	+0.25	carbA	own	O1	2.9042	O1	2.9042	4.9409
52192	R	N	+0.25	carbB	own	O5	3.1503	H2	3.0154	7.6227
52192	R	N	+0.25	ether	migrated	O2	2.9024	O2	2.9024	6.0865
52192	R	N	+0.25	hydroxyl	migrated	O5	3.1503	H2	3.0154	7.6227
52192	R	N	+0.50	carbA	own	O1	2.7469	O1	2.7469	6.1597
52192	R	N	+0.50	carbB	own	O5	2.7651	O5	2.7651	8.8850
52192	R	N	+0.50	ether	migrated	O2	2.7439	O2	2.7439	5.8410
52192	R	N	+0.50	hydroxyl	migrated	O5	2.7651	O5	2.7651	8.8850
52192	R	N	+0.75	carbA	own	O1	2.6638	O1	2.6638	6.1917
52192	R	N	+0.75	carbB	own	O5	2.6724	O5	2.6724	8.8975
52192	R	N	+0.75	ether	migrated	O2	2.6516	O2	2.6516	5.6960
52192	R	N	+0.75	hydroxyl	migrated	O5	2.6724	O5	2.6724	8.8975
52192	R	N	+1.00	carbA	own	O1	2.6050	O1	2.6050	6.1909
52192	R	N	+1.00	carbB	own	O5	2.6103	O5	2.6103	8.8607
52192	R	N	+1.00	ether	migrated	O2	2.5869	O2	2.5869	5.5940
52192	R	N	+1.00	hydroxyl	migrated	O6	2.6489	O6	2.6489	4.9679
52192	R	N	-0.25	H1	escaped	O6	47035.1735	O6	47035.1735	47038.0692
52192	R	N	-0.25	H2	escaped	O1	46220.8752	O1	46220.8752	46226.4226
52192	R	N	-0.25	H3	escaped	H8	40668.7366	H8	40668.7366	40668.7366
52192	R	N	-0.25	H4	escaped	H4	47427.1983	H4	47427.1983	47430.1607
52192	R	N	-0.25	H5	escaped	O6	35926.6940	O6	35926.6940	35930.4542
52192	R	N	-0.25	H6	escaped	H6	37721.8157	H6	37721.8157	37722.8341
52192	R	N	-0.25	H7	escaped	H3	48360.0681	H3	48360.0681	48360.5358
52192	R	N	-0.25	H8	escaped	H8	42131.6313	H8	42131.6313	42131.6313
52192	R	N	-0.50	H1	escaped	O6	60468.0946	O6	60468.0946	60471.5008
52192	R	N	-0.50	H2	escaped	O1	53419.7900	O1	53419.7900	53424.5365
52192	R	N	-0.50	H3	escaped	H3	71616.7602	H3	71616.7602	71616.7914
52192	R	N	-0.50	H4	escaped	O5	53145.0645	O5	53145.0645	53149.7084
52192	R	N	-0.50	H5	escaped	O6	71949.7410	O6	71949.7410	71954.4365
52192	R	N	-0.50	H6	escaped	H6	52025.6847	H6	52025.6847	52026.8193
52192	R	N	-0.50	H7	escaped	H3	70779.3943	H3	70779.3943	70780.0320
52192	R	N	-0.50	H8	escaped	H8	55873.1930	H8	55873.1930	55873.1930
52192	R	N	-0.75	H1	escaped	O6	80172.4603	O6	80172.4603	80176.0266
52192	R	N	-0.75	H2	escaped	O1	60559.2755	O1	60559.2755	60563.4626
52192	R	N	-0.75	H3	escaped	H3	71894.1564	H3	71894.1564	71894.4726
52192	R	N	-0.75	H4	escaped	O5	80448.7823	O5	80448.7823	80454.1372
52192	R	N	-0.75	H5	escaped	O6	78084.4020	O6	78084.4020	78089.3313
52192	R	N	-0.75	H6	escaped	O1	56542.9848	O1	56542.9848	56544.8310
52192	R	N	-0.75	H7	escaped	H3	88549.4144	H3	88549.4144	88550.0865
52192	R	N	-0.75	H8	escaped	H8	74457.7352	H8	74457.7352	74457.7352
52192	R	N	-1.00	H1	escaped	O6	81340.0838	O6	81340.0838	81343.7234
52192	R	N	-1.00	H2	escaped	O1	83761.7531	O1	83761.7531	83765.6150
52192	R	N	-1.00	H3	escaped	H3	96891.8188	H3	96891.8188	96892.4560
52192	R	N	-1.00	H4	escaped	O5	84389.3465	O5	84389.3465	84395.0042
52192	R	N	-1.00	H5	escaped	O6	81176.4586	O6	81176.4586	81181.4535
52192	R	N	-1.00	H6	escaped	O1	80810.4922	O1	80810.4922	80812.8828
52192	R	N	-1.00	H7	escaped	H3	96344.6091	H3	96344.6091	96345.3636
52192	R	N	-1.00	H8	escaped	H8	74903.9042	H8	74903.9042	74903.9042
52192	R	N+5%	+0.25	carbA	own	O1	2.9825	O1	2.9825	4.9308
52192	R	N+5%	+0.25	carbB	own	O5	3.2506	H2	3.0602	7.6790
52192	R	N+5%	+0.25	ether	migrated	O2	2.9904	O2	2.9904	6.2131
52192	R	N+5%	+0.25	hydroxyl	migrated	O5	3.2506	H2	3.0602	7.6790
52192	R	N+5%	+0.50	carbA	own	O1	2.8217	O1	2.8217	6.1173
52192	R	N+5%	+0.50	carbB	own	O5	3.0069	H1	2.9664	7.6984
52192	R	N+5%	+0.50	ether	migrated	O2	2.8268	O2	2.8268	5.9657
52192	R	N+5%	+0.50	hydroxyl	migrated	O5	3.0069	H1	2.9664	7.6984
52192	R	N+5%	+0.75	carbA	own	O1	2.7362	O1	2.7362	6.1908
52192	R	N+5%	+0.75	carbB	own	O5	2.7514	O5	2.7514	8.9085
52192	R	N+5%	+0.75	ether	migrated	O2	2.7313	O2	2.7313	5.8183
52192	R	N+5%	+0.75	hydroxyl	migrated	O5	2.7514	O5	2.7514	8.9085
52192	R	N+5%	+1.00	carbA	own	O1	2.6757	O1	2.6757	6.2033
52192	R	N+5%	+1.00	carbB	own	O5	2.6849	O5	2.6849	8.9060
52192	R	N+5%	+1.00	ether	migrated	O2	2.6644	O2	2.6644	5.7140
52192	R	N+5%	+1.00	hydroxyl	migrated	O5	2.6849	O5	2.6849	8.9060
52192	R	N+5%	-0.25	H1	escaped	O6	48027.8392	O6	48027.8392	48030.6338
52192	R	N+5%	-0.25	H2	escaped	O1	46386.0349	O1	46386.0349	46391.6002
52192	R	N+5%	-0.25	H3	escaped	H8	40661.8770	H8	40661.8770	40661.8770
52192	R	N+5%	-0.25	H4	escaped	H4	47577.9481	H4	47577.9481	47580.8593
52192	R	N+5%	-0.25	H5	escaped	O6	36113.2237	O6	36113.2237	36116.9374
52192	R	N+5%	-0.25	H6	escaped	H6	37859.2127	H6	37859.2127	37860.2021
52192	R	N+5%	-0.25	H7	escaped	H3	50281.5376	H3	50281.5376	50281.9863
52192	R	N+5%	-0.25	H8	escaped	H8	42139.6764	H8	42139.6764	42139.6764
52192	R	N+5%	-0.50	H1	escaped	O6	61279.7553	O6	61279.7553	61283.1153
52192	R	N+5%	-0.50	H2	escaped	O1	53581.5139	O1	53581.5139	53586.2717
52192	R	N+5%	-0.50	H3	escaped	H3	71875.7233	H3	71875.7233	71875.7452
52192	R	N+5%	-0.50	H4	escaped	O5	53188.8578	O5	53188.8578	53193.4594
52192	R	N+5%	-0.50	H5	escaped	O6	72310.8032	O6	72310.8032	72315.4602
52192	R	N+5%	-0.50	H6	escaped	H6	51965.9654	H6	51965.9654	51967.0674
52192	R	N+5%	-0.50	H7	escaped	H3	75539.5615	H3	75539.5615	75540.1930
52192	R	N+5%	-0.50	H8	escaped	H8	55841.0556	H8	55841.0556	55841.0556
52192	R	N+5%	-0.75	H1	escaped	O6	81159.8908	O6	81159.8908	81163.4214
52192	R	N+5%	-0.75	H2	escaped	O1	60629.1098	O1	60629.1098	60633.3019
52192	R	N+5%	-0.75	H3	escaped	H3	72034.0258	H3	72034.0258	72034.3311
52192	R	N+5%	-0.75	H4	escaped	O5	80463.2540	O5	80463.2540	80468.5844
52192	R	N+5%	-0.75	H5	escaped	O6	78207.8907	O6	78207.8907	78212.7885
52192	R	N+5%	-0.75	H6	escaped	O1	56438.0999	O1	56438.0999	56439.8851
52192	R	N+5%	-0.75	H7	escaped	H3	89932.4043	H3	89932.4043	89933.0738
52192	R	N+5%	-0.75	H8	escaped	H8	74405.5155	H8	74405.5155	74405.5155
52192	R	N+5%	-1.00	H1	escaped	O6	81674.0799	O6	81674.0799	81677.6863
52192	R	N+5%	-1.00	H2	escaped	O1	83850.0338	O1	83850.0338	83853.8993
52192	R	N+5%	-1.00	H3	escaped	H3	96985.0348	H3	96985.0348	96985.6600
52192	R	N+5%	-1.00	H4	escaped	O5	84427.6380	O5	84427.6380	84433.2773
52192	R	N+5%	-1.00	H5	escaped	O6	81289.2817	O6	81289.2817	81294.2498
52192	R	N+5%	-1.00	H6	escaped	O1	80752.3575	O1	80752.3575	80754.7045
52192	R	N+5%	-1.00	H7	escaped	H3	102257.8751	H3	102257.8751	102258.6232
52192	R	N+5%	-1.00	H8	escaped	H8	74849.6257	H8	74849.6257	74849.6257
52192	R	N+10%	+0.25	carbA	own	O1	3.0606	O1	3.0606	4.9550
52192	R	N+10%	+0.25	carbB	own	O5	3.3446	H2	3.1090	7.7450
52192	R	N+10%	+0.25	ether	migrated	O2	3.0793	O2	3.0793	6.3394
52192	R	N+10%	+0.25	hydroxyl	migrated	O6	3.2420	O6	3.2420	4.6823
52192	R	N+10%	+0.50	carbA	own	O1	2.8970	O1	2.8970	6.0123
52192	R	N+10%	+0.50	carbB	own	O5	3.1094	C10	3.0569	7.7411
52192	R	N+10%	+0.50	ether	migrated	O2	2.9105	O2	2.9105	6.0902
52192	R	N+10%	+0.50	hydroxyl	migrated	O5	3.1094	C10	3.0569	7.7411
52192	R	N+10%	+0.75	carbA	own	O1	2.8088	O1	2.8088	6.1710
52192	R	N+10%	+0.75	carbB	own	O5	2.9731	H1	2.9651	7.7340
52192	R	N+10%	+0.75	ether	migrated	O2	2.8118	O2	2.8118	5.9407
52192	R	N+10%	+0.75	hydroxyl	migrated	O5	2.9731	H1	2.9651	7.7340
52192	R	N+10%	+1.00	carbA	own	O1	2.7467	O1	2.7467	6.2046
52192	R	N+10%	+1.00	carbB	own	O5	2.7629	O5	2.7629	8.9113
52192	R	N+10%	+1.00	ether	migrated	O2	2.7426	O2	2.7426	5.8344
52192	R	N+10%	+1.00	hydroxyl	migrated	O5	2.7629	O5	2.7629	8.9113
52192	R	N+10%	-0.25	H1	escaped	O6	36910.3271	O6	36910.3271	36913.0408
52192	R	N+10%	-0.25	H2	escaped	O1	46570.6735	O1	46570.6735	46576.2655
52192	R	N+10%	-0.25	H3	escaped	H8	40700.0755	H8	40700.0755	40700.0755
52192	R	N+10%	-0.25	H4	escaped	H4	47694.8061	H4	47694.8061	47697.6316
52192	R	N+10%	-0.25	H5	escaped	O6	36314.0474	O6	36314.0474	36317.6799
52192	R	N+10%	-0.25	H6	escaped	H6	37974.9815	H6	37974.9815	37975.9199
52192	R	N+10%	-0.25	H7	escaped	H3	51645.4270	H3	51645.4270	51645.8517
52192	R	N+10%	-0.25	H8	escaped	H8	42156.9738	H8	42156.9738	42156.9738
52192	R	N+10%	-0.50	H1	escaped	O6	61994.1419	O6	61994.1419	61997.4662
52192	R	N+10%	-0.50	H2	escaped	O1	53788.5212	O1	53788.5212	53793.2951
52192	R	N+10%	-0.50	H3	escaped	H3	72143.7209	H3	72143.7209	72143.7211
52192	R	N+10%	-0.50	H4	escaped	O5	53181.1721	O5	53181.1721	53185.7050
52192	R	N+10%	-0.50	H5	escaped	O6	72775.9438	O6	72775.9438	72780.5373
52192	R	N+10%	-0.50	H6	escaped	H6	51785.8511	H6	51785.8511	51786.8944
52192	R	N+10%	-0.50	H7	escaped	H3	71746.2403	H3	71746.2403	71746.8622
52192	R	N+10%	-0.50	H8	escaped	H8	55819.5849	H8	55819.5849	55819.5849
52192	R	N+10%	-0.75	H1	escaped	O6	82133.3331	O6	82133.3331	82136.8364
52192	R	N+10%	-0.75	H2	escaped	O1	60759.9198	O1	60759.9198	60764.1187
52192	R	N+10%	-0.75	H3	escaped	H3	72139.1033	H3	72139.1033	72139.3817
52192	R	N+10%	-0.75	H4	escaped	O5	60777.5226	O5	60777.5226	60782.8135
52192	R	N+10%	-0.75	H5	escaped	O6	78429.3894	O6	78429.3894	78434.2360
52192	R	N+10%	-0.75	H6	escaped	O1	74441.5288	O1	74441.5288	74443.2053
52192	R	N+10%	-0.75	H7	escaped	H3	91079.3214	H3	91079.3214	91079.9855
52192	R	N+10%	-0.75	H8	escaped	H8	74369.0014	H8	74369.0014	74369.0014
52192	R	N+10%	-1.00	H1	escaped	O6	81974.0465	O6	81974.0465	81977.6277
52192	R	N+10%	-1.00	H2	escaped	O1	84013.0707	O1	84013.0707	84016.9409
52192	R	N+10%	-1.00	H3	escaped	H3	96973.8496	H3	96973.8496	96974.4449
52192	R	N+10%	-1.00	H4	escaped	O5	84516.7421	O5	84516.7421	84522.3524
52192	R	N+10%	-1.00	H5	escaped	O6	81491.5169	O6	81491.5169	81496.4423
52192	R	N+10%	-1.00	H6	escaped	O1	80646.0930	O1	80646.0930	80648.3621
52192	R	N+10%	-1.00	H7	escaped	H3	99536.5454	H3	99536.5454	99537.2866
52192	R	N+10%	-1.00	H8	escaped	H8	74811.6646	H8	74811.6646	74811.6646
52192	R	OPLS_sp3C	+0.25	carbA	own	O1	2.9102	O1	2.9102	5.8747
52192	R	OPLS_sp3C	+0.25	carbB	own	O5	3.1390	C10	3.0658	7.7187
52192	R	OPLS_sp3C	+0.25	ether	migrated	O2	2.9247	O2	2.9247	6.1128
52192	R	OPLS_sp3C	+0.25	hydroxyl	migrated	O5	3.1390	C10	3.0658	7.7187
52192	R	OPLS_sp3C	+0.50	carbA	own	O1	2.7608	O1	2.7608	6.1910
52192	R	OPLS_sp3C	+0.50	carbB	own	O5	2.7799	O5	2.7799	8.8929
52192	R	OPLS_sp3C	+0.50	ether	migrated	O2	2.7585	O2	2.7585	5.8594
52192	R	OPLS_sp3C	+0.50	hydroxyl	migrated	O5	2.7799	O5	2.7799	8.8929
52192	R	OPLS_sp3C	+0.75	carbA	own	O1	2.6746	O1	2.6746	6.2089
52192	R	OPLS_sp3C	+0.75	carbB	own	O5	2.6836	O5	2.6836	8.9069
52192	R	OPLS_sp3C	+0.75	ether	migrated	O2	2.6629	O2	2.6629	5.7113
52192	R	OPLS_sp3C	+0.75	hydroxyl	migrated	O5	2.6836	O5	2.6836	8.9069
52192	R	OPLS_sp3C	+1.00	carbA	own	O1	2.6140	O1	2.6140	6.2030
52192	R	OPLS_sp3C	+1.00	carbB	own	O5	2.6196	O5	2.6196	8.8692
52192	R	OPLS_sp3C	+1.00	ether	migrated	O2	2.5963	O2	2.5963	5.6076
52192	R	OPLS_sp3C	+1.00	hydroxyl	migrated	O6	2.6587	O6	2.6587	4.9719
52192	R	OPLS_sp3C	-0.25	H1	escaped	O6	45965.6285	O6	45965.6285	45968.8334
52192	R	OPLS_sp3C	-0.25	H2	escaped	O1	46103.5844	O1	46103.5844	46109.1341
52192	R	OPLS_sp3C	-0.25	H3	escaped	H8	40973.1148	H8	40973.1148	40973.1148
52192	R	OPLS_sp3C	-0.25	H4	escaped	H4	47048.9328	H4	47048.9328	47051.8776
52192	R	OPLS_sp3C	-0.25	H5	escaped	O6	35774.2470	O6	35774.2470	35778.0093
52192	R	OPLS_sp3C	-0.25	H6	escaped	H6	49477.5811	H6	49477.5811	49478.5608
52192	R	OPLS_sp3C	-0.25	H7	escaped	H3	47599.8348	H3	47599.8348	47600.3668
52192	R	OPLS_sp3C	-0.25	H8	escaped	H8	42175.1039	H8	42175.1039	42175.1039
52192	R	OPLS_sp3C	-0.50	H1	escaped	O6	59911.3547	O6	59911.3547	59914.8796
52192	R	OPLS_sp3C	-0.50	H2	escaped	O1	53518.4000	O1	53518.4000	53523.1341
52192	R	OPLS_sp3C	-0.50	H3	escaped	H8	71092.5053	H8	71092.5053	71092.5053
52192	R	OPLS_sp3C	-0.50	H4	escaped	O5	52968.6523	O5	52968.6523	52973.2867
52192	R	OPLS_sp3C	-0.50	H5	escaped	O6	72122.3254	O6	72122.3254	72126.9900
52192	R	OPLS_sp3C	-0.50	H6	escaped	H6	51624.8040	H6	51624.8040	51625.8796
52192	R	OPLS_sp3C	-0.50	H7	escaped	H3	70393.8877	H3	70393.8877	70394.5563
52192	R	OPLS_sp3C	-0.50	H8	escaped	H8	56026.4401	H8	56026.4401	56026.4401
52192	R	OPLS_sp3C	-0.75	H1	escaped	O6	79747.4269	O6	79747.4269	79751.0639
52192	R	OPLS_sp3C	-0.75	H2	escaped	O1	60866.1781	O1	60866.1781	60870.3560
52192	R	OPLS_sp3C	-0.75	H3	escaped	H3	71361.6882	H3	71361.6882	71361.9239
52192	R	OPLS_sp3C	-0.75	H4	escaped	O5	80354.8953	O5	80354.8953	80360.2416
52192	R	OPLS_sp3C	-0.75	H5	escaped	O6	78559.9320	O6	78559.9320	78564.8262
52192	R	OPLS_sp3C	-0.75	H6	escaped	O1	56208.5303	O1	56208.5303	56210.2934
52192	R	OPLS_sp3C	-0.75	H7	escaped	H3	88435.2033	H3	88435.2033	88435.8953
52192	R	OPLS_sp3C	-0.75	H8	escaped	H8	74693.1960	H8	74693.1960	74693.1960
52192	R	OPLS_sp3C	-1.00	H1	escaped	O6	81434.7670	O6	81434.7670	81438.4563
52192	R	OPLS_sp3C	-1.00	H2	escaped	O1	84111.3655	O1	84111.3655	84115.2207
52192	R	OPLS_sp3C	-1.00	H3	escaped	H3	96009.0237	H3	96009.0237	96009.5705
52192	R	OPLS_sp3C	-1.00	H4	escaped	O5	84710.7964	O5	84710.7964	84716.4429
52192	R	OPLS_sp3C	-1.00	H5	escaped	O6	81584.9811	O6	81584.9811	81589.9438
52192	R	OPLS_sp3C	-1.00	H6	escaped	O1	80899.0157	O1	80899.0157	80901.3386
52192	R	OPLS_sp3C	-1.00	H7	escaped	H3	96128.0568	H3	96128.0568	96128.8253
52192	R	OPLS_sp3C	-1.00	H8	escaped	H8	75147.2537	H8	75147.2537	75147.2537
52192	R	Behrens_3.55	+0.25	carbA	own	O1	2.9353	O1	2.9353	5.6836
52192	R	Behrens_3.55	+0.25	carbB	own	O5	3.1700	H2	3.0882	7.7341
52192	R	Behrens_3.55	+0.25	ether	migrated	O2	2.9510	O2	2.9510	6.1513
52192	R	Behrens_3.55	+0.25	hydroxyl	migrated	O5	3.1700	H2	3.0882	7.7341
52192	R	Behrens_3.55	+0.50	carbA	own	O1	2.7831	O1	2.7831	6.1857
52192	R	Behrens_3.55	+0.50	carbB	own	O5	2.8082	O5	2.8082	8.8480
52192	R	Behrens_3.55	+0.50	ether	migrated	O2	2.7831	O2	2.7831	5.8969
52192	R	Behrens_3.55	+0.50	hydroxyl	migrated	O5	2.8082	O5	2.8082	8.8480
52192	R	Behrens_3.55	+0.75	carbA	own	O1	2.6961	O1	2.6961	6.2113
52192	R	Behrens_3.55	+0.75	carbB	own	O5	2.7067	O5	2.7067	8.9155
52192	R	Behrens_3.55	+0.75	ether	migrated	O2	2.6866	O2	2.6866	5.7479
52192	R	Behrens_3.55	+0.75	hydroxyl	migrated	O5	2.7067	O5	2.7067	8.9155
52192	R	Behrens_3.55	+1.00	carbA	own	O1	2.6350	O1	2.6350	6.2082
52192	R	Behrens_3.55	+1.00	carbB	own	O5	2.6416	O5	2.6416	8.8847
52192	R	Behrens_3.55	+1.00	ether	migrated	O2	2.6193	O2	2.6193	5.6434
52192	R	Behrens_3.55	+1.00	hydroxyl	migrated	O5	2.6416	O5	2.6416	8.8847
52192	R	Behrens_3.55	-0.25	H1	escaped	O6	46063.7801	O6	46063.7801	46066.9722
52192	R	Behrens_3.55	-0.25	H2	escaped	O1	46138.4494	O1	46138.4494	46144.0044
52192	R	Behrens_3.55	-0.25	H3	escaped	H8	40982.1694	H8	40982.1694	40982.1694
52192	R	Behrens_3.55	-0.25	H4	escaped	H4	47066.9354	H4	47066.9354	47069.8631
52192	R	Behrens_3.55	-0.25	H5	escaped	O6	35811.0850	O6	35811.0850	35814.8313
52192	R	Behrens_3.55	-0.25	H6	escaped	H6	49502.6923	H6	49502.6923	49503.6616
52192	R	Behrens_3.55	-0.25	H7	escaped	H3	48149.9412	H3	48149.9412	48150.4716
52192	R	Behrens_3.55	-0.25	H8	escaped	H8	42174.4549	H8	42174.4549	42174.4549
52192	R	Behrens_3.55	-0.50	H1	escaped	O6	60064.3570	O6	60064.3570	60067.8740
52192	R	Behrens_3.55	-0.50	H2	escaped	O1	53560.8607	O1	53560.8607	53565.5979
52192	R	Behrens_3.55	-0.50	H3	escaped	H8	71139.7037	H8	71139.7037	71139.7037
52192	R	Behrens_3.55	-0.50	H4	escaped	O5	52966.0449	O5	52966.0449	52970.6656
52192	R	Behrens_3.55	-0.50	H5	escaped	O6	72214.5595	O6	72214.5595	72219.2113
52192	R	Behrens_3.55	-0.50	H6	escaped	H6	51587.0995	H6	51587.0995	51588.1631
52192	R	Behrens_3.55	-0.50	H7	escaped	H3	71333.3666	H3	71333.3666	71334.0354
52192	R	Behrens_3.55	-0.50	H8	escaped	H8	56021.2086	H8	56021.2086	56021.2086
52192	R	Behrens_3.55	-0.75	H1	escaped	O6	79917.1988	O6	79917.1988	79920.8285
52192	R	Behrens_3.55	-0.75	H2	escaped	O1	60894.4942	O1	60894.4942	60898.6733
52192	R	Behrens_3.55	-0.75	H3	escaped	H3	71379.6652	H3	71379.6652	71379.8950
52192	R	Behrens_3.55	-0.75	H4	escaped	O5	60669.9783	O5	60669.9783	60675.3167
52192	R	Behrens_3.55	-0.75	H5	escaped	O6	78607.1880	O6	78607.1880	78612.0719
52192	R	Behrens_3.55	-0.75	H6	escaped	O1	56159.4864	O1	56159.4864	56161.2274
52192	R	Behrens_3.55	-0.75	H7	escaped	H3	88859.9728	H3	88859.9728	88860.6655
52192	R	Behrens_3.55	-0.75	H8	escaped	H8	74685.6349	H8	74685.6349	74685.6349
52192	R	Behrens_3.55	-1.00	H1	escaped	O6	81519.1428	O6	81519.1428	81522.8245
52192	R	Behrens_3.55	-1.00	H2	escaped	O1	84146.4249	O1	84146.4249	84150.2809
52192	R	Behrens_3.55	-1.00	H3	escaped	H3	96002.8786	H3	96002.8786	96003.4186
52192	R	Behrens_3.55	-1.00	H4	escaped	O5	84730.3603	O5	84730.3603	84736.0009
52192	R	Behrens_3.55	-1.00	H5	escaped	O6	81628.0360	O6	81628.0360	81632.9901
52192	R	Behrens_3.55	-1.00	H6	escaped	O1	80879.1172	O1	80879.1172	80881.4242
52192	R	Behrens_3.55	-1.00	H7	escaped	H3	97473.4072	H3	97473.4072	97474.1747
52192	R	Behrens_3.55	-1.00	H8	escaped	H8	75139.8002	H8	75139.8002	75139.8002
52192	TS	N	+0.25	carbA	own	O1	2.8919	O1	2.8919	5.0753
52192	TS	N	+0.25	carbB	own	O5	3.0569	H2	2.9220	8.3974
52192	TS	N	+0.25	ether	migrated	O2	2.9056	O2	2.9056	6.5700
52192	TS	N	+0.25	hydroxyl	migrated	O6	2.9999	O6	2.9999	4.6219
52192	TS	N	+0.50	carbA	own	O1	2.7456	O1	2.7456	5.2702
52192	TS	N	+0.50	carbB	own	O5	2.7668	O5	2.7668	9.0976
52192	TS	N	+0.50	ether	migrated	O2	2.7434	O2	2.7434	6.2913
52192	TS	N	+0.50	hydroxyl	migrated	O5	2.7668	O5	2.7668	9.0976
52192	TS	N	+0.75	carbA	own	O1	2.6564	O1	2.6564	5.7357
52192	TS	N	+0.75	carbB	own	O5	2.6748	O5	2.6748	9.0475
52192	TS	N	+0.75	ether	migrated	O2	2.6498	O2	2.6498	6.1265
52192	TS	N	+0.75	hydroxyl	migrated	O6	2.7192	O6	2.7192	4.7513
52192	TS	N	+1.00	carbA	own	O1	2.5969	O1	2.5969	5.8487
52192	TS	N	+1.00	carbB	own	O5	2.6128	O5	2.6128	8.9877
52192	TS	N	+1.00	ether	migrated	O2	2.5845	O2	2.5845	6.0109
52192	TS	N	+1.00	hydroxyl	migrated	O6	2.6479	O6	2.6479	4.7811
52192	TS	N	-0.25	H1	escaped	O5	34417.9320	O5	34417.9320	34422.7858
52192	TS	N	-0.25	H2	escaped	O1	44945.0233	O1	44945.0233	44950.3364
52192	TS	N	-0.25	H3	escaped	H3	41273.6719	H3	41273.6719	41273.7811
52192	TS	N	-0.25	H4	escaped	H4	47072.9763	H4	47072.9763	47075.9677
52192	TS	N	-0.25	H5	escaped	O6	46205.5789	O6	46205.5789	46209.2922
52192	TS	N	-0.25	H6	escaped	H6	48801.8320	H6	48801.8320	48802.2864
52192	TS	N	-0.25	H7	escaped	H8	45691.2248	H8	45691.2248	45691.2248
52192	TS	N	-0.25	H8	escaped	H8	42990.1010	H8	42990.1010	42990.1010
52192	TS	N	-0.50	H1	escaped	O5	57681.8591	O5	57681.8591	57686.7952
52192	TS	N	-0.50	H2	escaped	O1	67880.6961	O1	67880.6961	67885.4105
52192	TS	N	-0.50	H3	escaped	H3	56002.1978	H3	56002.1978	56002.6532
52192	TS	N	-0.50	H4	escaped	O5	52821.1151	O5	52821.1151	52825.8554
52192	TS	N	-0.50	H5	escaped	O6	68136.8671	O6	68136.8671	68141.5524
52192	TS	N	-0.50	H6	escaped	H6	67196.2062	H6	67196.2062	67196.7724
52192	TS	N	-0.50	H7	escaped	H8	65996.3748	H8	65996.3748	65996.3748
52192	TS	N	-0.50	H8	escaped	H8	56784.3925	H8	56784.3925	56784.3925
52192	TS	N	-0.75	H1	escaped	O5	76654.7768	O5	76654.7768	76659.7091
52192	TS	N	-0.75	H2	escaped	O1	75542.2801	O1	75542.2801	75546.4976
52192	TS	N	-0.75	H3	escaped	H3	76950.9734	H3	76950.9734	76951.7363
52192	TS	N	-0.75	H4	escaped	O5	80140.2704	O5	80140.2704	80145.7997
52192	TS	N	-0.75	H5	escaped	O6	75100.8965	O6	75100.8965	75105.8415
52192	TS	N	-0.75	H6	escaped	O2	73097.1388	O2	73097.1388	73098.2179
52192	TS	N	-0.75	H7	escaped	H8	72592.0556	H8	72592.0556	72592.0556
52192	TS	N	-0.75	H8	escaped	H8	75446.3390	H8	75446.3390	75446.3390
52192	TS	N	-1.00	H1	escaped	O5	92387.3543	O5	92387.3543	92392.2466
52192	TS	N	-1.00	H2	escaped	O1	78835.9338	O1	78835.9338	78839.8479
52192	TS	N	-1.00	H3	escaped	H3	80714.4532	H3	80714.4532	80715.4599
52192	TS	N	-1.00	H4	escaped	O5	85455.5095	O5	85455.5095	85461.3648
52192	TS	N	-1.00	H5	escaped	O6	104104.8959	O6	104104.8959	104109.9054
52192	TS	N	-1.00	H6	escaped	O2	80098.4410	O2	80098.4410	80100.1127
52192	TS	N	-1.00	H7	escaped	H8	75802.9199	H8	75802.9199	75802.9199
52192	TS	N	-1.00	H8	escaped	H8	75716.6885	H8	75716.6885	75716.6885
52192	TS	N+5%	+0.25	carbA	own	O1	2.9690	O1	2.9690	5.1172
52192	TS	N+5%	+0.25	carbB	own	O5	3.1533	H2	2.9627	8.4534
52192	TS	N+5%	+0.25	ether	migrated	O2	2.9966	O2	2.9966	6.7161
52192	TS	N+5%	+0.25	hydroxyl	migrated	O5	3.1533	H2	2.9627	8.4534
52192	TS	N+5%	+0.50	carbA	own	O1	2.8210	O1	2.8210	5.2063
52192	TS	N+5%	+0.50	carbB	own	O5	2.9599	O5	2.9599	8.4197
52192	TS	N+5%	+0.50	ether	migrated	O2	2.8278	O2	2.8278	6.4329
52192	TS	N+5%	+0.50	hydroxyl	migrated	O5	2.9599	O5	2.9599	8.4197
52192	TS	N+5%	+0.75	carbA	own	O1	2.7305	O1	2.7305	5.5265
52192	TS	N+5%	+0.75	carbB	own	O5	2.7536	O5	2.7536	9.1023
52192	TS	N+5%	+0.75	ether	migrated	O2	2.7305	O2	2.7305	6.2647
52192	TS	N+5%	+0.75	hydroxyl	migrated	O5	2.7536	O5	2.7536	9.1023
52192	TS	N+5%	+1.00	carbA	own	O1	2.6679	O1	2.6679	5.7641
52192	TS	N+5%	+1.00	carbB	own	O5	2.6875	O5	2.6875	9.0597
52192	TS	N+5%	+1.00	ether	migrated	O2	2.6626	O2	2.6626	6.1460
52192	TS	N+5%	+1.00	hydroxyl	migrated	O6	2.7303	O6	2.7303	4.7578
52192	TS	N+5%	-0.25	H1	escaped	O5	38614.3196	O5	38614.3196	38619.0119
52192	TS	N+5%	-0.25	H2	escaped	O1	45213.6698	O1	45213.6698	45219.0143
52192	TS	N+5%	-0.25	H3	escaped	H3	41281.2186	H3	41281.2186	41281.3168
52192	TS	N+5%	-0.25	H4	escaped	H4	47170.1093	H4	47170.1093	47173.0315
52192	TS	N+5%	-0.25	H5	escaped	O6	46446.5184	O6	46446.5184	46450.1791
52192	TS	N+5%	-0.25	H6	escaped	H6	48961.6604	H6	48961.6604	48962.0774
52192	TS	N+5%	-0.25	H7	escaped	O4	36288.9462	O4	36288.9462	36288.9557
52192	TS	N+5%	-0.25	H8	escaped	H8	43016.5816	H8	43016.5816	43016.5816
52192	TS	N+5%	-0.50	H1	escaped	O5	56991.6102	O5	56991.6102	56996.4248
52192	TS	N+5%	-0.50	H2	escaped	O1	68212.2076	O1	68212.2076	68216.9488
52192	TS	N+5%	-0.50	H3	escaped	H3	55970.3781	H3	55970.3781	55970.8189
52192	TS	N+5%	-0.50	H4	escaped	O5	52775.9193	O5	52775.9193	52780.6036
52192	TS	N+5%	-0.50	H5	escaped	O6	68407.9933	O6	68407.9933	68412.6269
52192	TS	N+5%	-0.50	H6	escaped	H6	67088.0573	H6	67088.0573	67088.5760
52192	TS	N+5%	-0.50	H7	escaped	O4	51548.3472	O4	51548.3472	51548.3505
52192	TS	N+5%	-0.50	H8	escaped	H8	56767.4336	H8	56767.4336	56767.4336
52192	TS	N+5%	-0.75	H1	escaped	O5	69862.5615	O5	69862.5615	69867.4073
52192	TS	N+5%	-0.75	H2	escaped	O1	75635.9244	O1	75635.9244	75640.1613
52192	TS	N+5%	-0.75	H3	escaped	H3	76874.3698	H3	76874.3698	76875.1192
52192	TS	N+5%	-0.75	H4	escaped	O5	80109.7121	O5	80109.7121	80115.2116
52192	TS	N+5%	-0.75	H5	escaped	O6	75202.4343	O6	75202.4343	75207.3349
52192	TS	N+5%	-0.75	H6	escaped	O2	72900.9077	O2	72900.9077	72901.9223
52192	TS	N+5%	-0.75	H7	escaped	O4	77775.3935	O4	77775.3935	77775.4012
52192	TS	N+5%	-0.75	H8	escaped	H8	75412.5609	H8	75412.5609	75412.5609
52192	TS	N+5%	-1.00	H1	escaped	O5	88218.5118	O5	88218.5118	88223.3474
52192	TS	N+5%	-1.00	H2	escaped	O1	78911.2342	O1	78911.2342	78915.1649
52192	TS	N+5%	-1.00	H3	escaped	H3	80634.9622	H3	80634.9622	80635.9580
52192	TS	N+5%	-1.00	H4	escaped	O5	85458.9619	O5	85458.9619	85464.7966
52192	TS	N+5%	-1.00	H5	escaped	O6	104231.4450	O6	104231.4450	104236.4162
52192	TS	N+5%	-1.00	H6	escaped	O2	79917.6470	O2	79917.6470	79919.2738
52192	TS	N+5%	-1.00	H7	escaped	H4	75932.4305	H4	75932.4305	75932.4397
52192	TS	N+5%	-1.00	H8	escaped	H8	75679.8184	H8	75679.8184	75679.8184
52192	TS	N+10%	+0.25	carbA	own	O1	3.0463	O1	3.0463	5.1642
52192	TS	N+10%	+0.25	carbB	own	O5	3.2489	H2	3.0079	8.5128
52192	TS	N+10%	+0.25	ether	migrated	O2	3.0898	O2	3.0898	6.8653
52192	TS	N+10%	+0.25	hydroxyl	migrated	O6	3.1633	O6	3.1633	4.6247
52192	TS	N+10%	+0.50	carbA	own	O1	2.8953	O1	2.8953	5.2102
52192	TS	N+10%	+0.50	carbB	own	O5	3.0513	H2	3.0085	8.4650
52192	TS	N+10%	+0.50	ether	migrated	O2	2.9137	O2	2.9137	6.5759
52192	TS	N+10%	+0.50	hydroxyl	migrated	O5	3.0513	H2	3.0085	8.4650
52192	TS	N+10%	+0.75	carbA	own	O1	2.8052	O1	2.8052	5.3346
52192	TS	N+10%	+0.75	carbB	own	O5	2.8488	O5	2.8488	9.0359
52192	TS	N+10%	+0.75	ether	migrated	O2	2.8124	O2	2.8124	6.4041
52192	TS	N+10%	+0.75	hydroxyl	migrated	O5	2.8488	O5	2.8488	9.0359
52192	TS	N+10%	+1.00	carbA	own	O1	2.7399	O1	2.7399	5.6007
52192	TS	N+10%	+1.00	carbB	own	O5	2.7651	O5	2.7651	9.1106
52192	TS	N+10%	+1.00	ether	migrated	O2	2.7419	O2	2.7419	6.2825
52192	TS	N+10%	+1.00	hydroxyl	migrated	O5	2.7651	O5	2.7651	9.1106
52192	TS	N+10%	-0.25	H1	escaped	O5	38737.1736	O5	38737.1736	38741.6918
52192	TS	N+10%	-0.25	H2	escaped	O1	45557.0035	O1	45557.0035	45562.3937
52192	TS	N+10%	-0.25	H3	escaped	H3	41330.7917	H3	41330.7917	41330.8699
52192	TS	N+10%	-0.25	H4	escaped	H4	47212.4426	H4	47212.4426	47215.2499
52192	TS	N+10%	-0.25	H5	escaped	O6	35267.8091	O6	35267.8091	35271.3806
52192	TS	N+10%	-0.25	H6	escaped	H6	49108.7389	H6	49108.7389	49109.0923
52192	TS	N+10%	-0.25	H7	escaped	O4	37735.7644	O4	37735.7644	37735.7905
52192	TS	N+10%	-0.25	H8	escaped	H8	37600.0051	H8	37600.0051	37600.0051
52192	TS	N+10%	-0.50	H1	escaped	O5	57376.3315	O5	57376.3315	57381.0163
52192	TS	N+10%	-0.50	H2	escaped	O1	68692.8720	O1	68692.8720	68697.6493
52192	TS	N+10%	-0.50	H3	escaped	H3	55935.2758	H3	55935.2758	55935.6878
52192	TS	N+10%	-0.50	H4	escaped	O5	52630.9948	O5	52630.9948	52635.5876
52192	TS	N+10%	-0.50	H5	escaped	O6	68768.7014	O6	68768.7014	68773.2504
52192	TS	N+10%	-0.50	H6	escaped	H6	66844.4398	H6	66844.4398	66844.8755
52192	TS	N+10%	-0.50	H7	escaped	O4	54122.1886	O4	54122.1886	54122.2063
52192	TS	N+10%	-0.50	H8	escaped	H8	56758.7426	H8	56758.7426	56758.7426
52192	TS	N+10%	-0.75	H1	escaped	O5	69883.7357	O5	69883.7357	69888.4732
52192	TS	N+10%	-0.75	H2	escaped	O1	75823.9274	O1	75823.9274	75828.1904
52192	TS	N+10%	-0.75	H3	escaped	H3	76752.4718	H3	76752.4718	76753.1940
52192	TS	N+10%	-0.75	H4	escaped	O5	60364.3362	O5	60364.3362	60369.7887
52192	TS	N+10%	-0.75	H5	escaped	O6	75394.7373	O6	75394.7373	75399.5663
52192	TS	N+10%	-0.75	H6	escaped	O2	72525.9812	O2	72525.9812	72526.8837
52192	TS	N+10%	-0.75	H7	escaped	O4	78508.1997	O4	78508.1997	78508.2166
52192	TS	N+10%	-0.75	H8	escaped	H8	75391.1930	H8	75391.1930	75391.1930
52192	TS	N+10%	-1.00	H1	escaped	O5	78352.8684	O5	78352.8684	78357.6320
52192	TS	N+10%	-1.00	H2	escaped	O1	79063.2331	O1	79063.2331	79067.1863
52192	TS	N+10%	-1.00	H3	escaped	H3	80503.0758	H3	80503.0758	80504.0492
52192	TS	N+10%	-1.00	H4	escaped	O5	85493.5211	O5	85493.5211	85499.3237
52192	TS	N+10%	-1.00	H5	escaped	O6	104466.6465	O6	104466.6465	104471.5565
52192	TS	N+10%	-1.00	H6	escaped	O2	79575.7011	O2	79575.7011	79577.2501
52192	TS	N+10%	-1.00	H7	escaped	H4	79038.1223	H4	79038.1223	79038.1786
52192	TS	N+10%	-1.00	H8	escaped	H8	75655.9753	H8	75655.9753	75655.9753
52192	TS	OPLS_sp3C	+0.25	carbA	own	O1	2.9089	O1	2.9089	5.1722
52192	TS	OPLS_sp3C	+0.25	carbB	own	O5	3.0707	H2	2.9882	8.4556
52192	TS	OPLS_sp3C	+0.25	ether	migrated	O2	2.9284	O2	2.9284	6.6016
52192	TS	OPLS_sp3C	+0.25	hydroxyl	migrated	O6	3.0088	O6	3.0088	4.6621
52192	TS	OPLS_sp3C	+0.50	carbA	own	O1	2.7556	O1	2.7556	5.4696
52192	TS	OPLS_sp3C	+0.50	carbB	own	O5	2.7818	O5	2.7818	9.1109
52192	TS	OPLS_sp3C	+0.50	ether	migrated	O2	2.7581	O2	2.7581	6.3112
52192	TS	OPLS_sp3C	+0.50	hydroxyl	migrated	O5	2.7818	O5	2.7818	9.1109
52192	TS	OPLS_sp3C	+0.75	carbA	own	O1	2.6665	O1	2.6665	5.7908
52192	TS	OPLS_sp3C	+0.75	carbB	own	O5	2.6862	O5	2.6862	9.0591
52192	TS	OPLS_sp3C	+0.75	ether	migrated	O2	2.6612	O2	2.6612	6.1425
52192	TS	OPLS_sp3C	+0.75	hydroxyl	migrated	O6	2.7275	O6	2.7275	4.7637
52192	TS	OPLS_sp3C	+1.00	carbA	own	O1	2.6055	O1	2.6055	5.8744
52192	TS	OPLS_sp3C	+1.00	carbB	own	O5	2.6223	O5	2.6223	8.9978
52192	TS	OPLS_sp3C	+1.00	ether	migrated	O2	2.5939	O2	2.5939	6.0248
52192	TS	OPLS_sp3C	+1.00	hydroxyl	migrated	O6	2.6555	O6	2.6555	4.7894
52192	TS	OPLS_sp3C	-0.25	H1	escaped	O5	45619.2996	O5	45619.2996	45624.1441
52192	TS	OPLS_sp3C	-0.25	H2	escaped	O1	44856.1118	O1	44856.1118	44861.4401
52192	TS	OPLS_sp3C	-0.25	H3	escaped	H3	41549.6802	H3	41549.6802	41549.7804
52192	TS	OPLS_sp3C	-0.25	H4	escaped	H4	46655.5714	H4	46655.5714	46658.5316
52192	TS	OPLS_sp3C	-0.25	H5	escaped	O6	45992.6395	O6	45992.6395	45996.3415
52192	TS	OPLS_sp3C	-0.25	H6	escaped	H6	48380.3275	H6	48380.3275	48380.7292
52192	TS	OPLS_sp3C	-0.25	H7	escaped	H8	43448.5883	H8	43448.5883	43448.5883
52192	TS	OPLS_sp3C	-0.25	H8	escaped	H8	42980.7588	H8	42980.7588	42980.7588
52192	TS	OPLS_sp3C	-0.50	H1	escaped	O5	57310.1957	O5	57310.1957	57315.1046
52192	TS	OPLS_sp3C	-0.50	H2	escaped	O1	68179.4089	O1	68179.4089	68184.1164
52192	TS	OPLS_sp3C	-0.50	H3	escaped	H3	55602.6855	H3	55602.6855	55603.1011
52192	TS	OPLS_sp3C	-0.50	H4	escaped	O5	52547.7931	O5	52547.7931	52552.5140
52192	TS	OPLS_sp3C	-0.50	H5	escaped	O6	68308.3680	O6	68308.3680	68313.0043
52192	TS	OPLS_sp3C	-0.50	H6	escaped	H6	66695.5177	H6	66695.5177	66695.9995
52192	TS	OPLS_sp3C	-0.50	H7	escaped	H8	62914.0281	H8	62914.0281	62914.0281
52192	TS	OPLS_sp3C	-0.50	H8	escaped	H8	56887.4169	H8	56887.4169	56887.4169
52192	TS	OPLS_sp3C	-0.75	H1	escaped	O5	75386.9636	O5	75386.9636	75391.8784
52192	TS	OPLS_sp3C	-0.75	H2	escaped	O1	76012.4475	O1	76012.4475	76016.6602
52192	TS	OPLS_sp3C	-0.75	H3	escaped	H3	76602.4746	H3	76602.4746	76603.1941
52192	TS	OPLS_sp3C	-0.75	H4	escaped	O5	79844.9734	O5	79844.9734	79850.4935
52192	TS	OPLS_sp3C	-0.75	H5	escaped	O6	75564.4613	O6	75564.4613	75569.3519
52192	TS	OPLS_sp3C	-0.75	H6	escaped	O2	72636.6580	O2	72636.6580	72637.6521
52192	TS	OPLS_sp3C	-0.75	H7	escaped	H8	69363.2926	H8	69363.2926	69363.2926
52192	TS	OPLS_sp3C	-0.75	H8	escaped	H8	75617.7385	H8	75617.7385	75617.7385
52192	TS	OPLS_sp3C	-1.00	H1	escaped	O5	91199.1476	O5	91199.1476	91204.0193
52192	TS	OPLS_sp3C	-1.00	H2	escaped	O1	79214.9349	O1	79214.9349	79218.8474
52192	TS	OPLS_sp3C	-1.00	H3	escaped	H3	80670.3375	H3	80670.3375	80671.3042
52192	TS	OPLS_sp3C	-1.00	H4	escaped	O5	85730.5437	O5	85730.5437	85736.3885
52192	TS	OPLS_sp3C	-1.00	H5	escaped	O6	104625.3434	O6	104625.3434	104630.3028
52192	TS	OPLS_sp3C	-1.00	H6	escaped	O2	79720.1443	O2	79720.1443	79721.7545
52192	TS	OPLS_sp3C	-1.00	H7	escaped	H8	75677.4117	H8	75677.4117	75677.4117
52192	TS	OPLS_sp3C	-1.00	H8	escaped	H8	75898.1014	H8	75898.1014	75898.1014
52192	TS	Behrens_3.55	+0.25	carbA	own	O1	2.9320	O1	2.9320	5.1816
52192	TS	Behrens_3.55	+0.25	carbB	own	O5	3.0991	H2	2.9982	8.4720
52192	TS	Behrens_3.55	+0.25	ether	migrated	O2	2.9556	O2	2.9556	6.6464
52192	TS	Behrens_3.55	+0.25	hydroxyl	migrated	O5	3.0991	H2	2.9982	8.4720
52192	TS	Behrens_3.55	+0.50	carbA	own	O1	2.7786	O1	2.7786	5.4059
52192	TS	Behrens_3.55	+0.50	carbB	own	O5	2.8088	O5	2.8088	9.1057
52192	TS	Behrens_3.55	+0.50	ether	migrated	O2	2.7832	O2	2.7832	6.3540
52192	TS	Behrens_3.55	+0.50	hydroxyl	migrated	O5	2.8088	O5	2.8088	9.1057
52192	TS	Behrens_3.55	+0.75	carbA	own	O1	2.6881	O1	2.6881	5.7578
52192	TS	Behrens_3.55	+0.75	carbB	own	O5	2.7093	O5	2.7093	9.0783
52192	TS	Behrens_3.55	+0.75	ether	migrated	O2	2.6851	O2	2.6851	6.1839
52192	TS	Behrens_3.55	+0.75	hydroxyl	migrated	O6	2.7523	O6	2.7523	4.7576
52192	TS	Behrens_3.55	+1.00	carbA	own	O1	2.6265	O1	2.6265	5.8589
52192	TS	Behrens_3.55	+1.00	carbB	own	O5	2.6443	O5	2.6443	9.0202
52192	TS	Behrens_3.55	+1.00	ether	migrated	O2	2.6171	O2	2.6171	6.0651
52192	TS	Behrens_3.55	+1.00	hydroxyl	migrated	O6	2.6799	O6	2.6799	4.7826
52192	TS	Behrens_3.55	-0.25	H1	escaped	O5	35350.4475	O5	35350.4475	35355.2504
52192	TS	Behrens_3.55	-0.25	H2	escaped	O1	44918.3566	O1	44918.3566	44923.6944
52192	TS	Behrens_3.55	-0.25	H3	escaped	H3	41560.3615	H3	41560.3615	41560.4569
52192	TS	Behrens_3.55	-0.25	H4	escaped	H4	46659.2636	H4	46659.2636	46662.2010
52192	TS	Behrens_3.55	-0.25	H5	escaped	O6	46041.3799	O6	46041.3799	46045.0636
52192	TS	Behrens_3.55	-0.25	H6	escaped	H6	48404.8817	H6	48404.8817	48405.2703
52192	TS	Behrens_3.55	-0.25	H7	escaped	H8	43340.8861	H8	43340.8861	43340.8861
52192	TS	Behrens_3.55	-0.25	H8	escaped	H8	42983.0549	H8	42983.0549	42983.0549
52192	TS	Behrens_3.55	-0.50	H1	escaped	O5	57082.4918	O5	57082.4918	57087.3675
52192	TS	Behrens_3.55	-0.50	H2	escaped	O1	68273.0985	O1	68273.0985	68277.8134
52192	TS	Behrens_3.55	-0.50	H3	escaped	H3	55618.7578	H3	55618.7578	55619.1668
52192	TS	Behrens_3.55	-0.50	H4	escaped	O5	52518.2420	O5	52518.2420	52522.9449
52192	TS	Behrens_3.55	-0.50	H5	escaped	O6	68379.0468	O6	68379.0468	68383.6659
52192	TS	Behrens_3.55	-0.50	H6	escaped	H6	66644.1985	H6	66644.1985	66644.6632
52192	TS	Behrens_3.55	-0.50	H7	escaped	H8	64924.5350	H8	64924.5350	64924.5350
52192	TS	Behrens_3.55	-0.50	H8	escaped	H8	56884.5892	H8	56884.5892	56884.5892
52192	TS	Behrens_3.55	-0.75	H1	escaped	O5	69090.3018	O5	69090.3018	69095.1922
52192	TS	Behrens_3.55	-0.75	H2	escaped	O1	76052.2465	O1	76052.2465	76056.4646
52192	TS	Behrens_3.55	-0.75	H3	escaped	H3	76587.4578	H3	76587.4578	76588.1712
52192	TS	Behrens_3.55	-0.75	H4	escaped	O5	79816.8859	O5	79816.8859	79822.3968
52192	TS	Behrens_3.55	-0.75	H5	escaped	O6	75605.1113	O6	75605.1113	75609.9874
52192	TS	Behrens_3.55	-0.75	H6	escaped	O2	72560.6311	O2	72560.6311	72561.6024
52192	TS	Behrens_3.55	-0.75	H7	escaped	H8	70538.2980	H8	70538.2980	70538.2980
52192	TS	Behrens_3.55	-0.75	H8	escaped	H8	75613.0229	H8	75613.0229	75613.0229
52192	TS	Behrens_3.55	-1.00	H1	escaped	O5	90037.9991	O5	90037.9991	90042.8550
52192	TS	Behrens_3.55	-1.00	H2	escaped	O1	79247.3044	O1	79247.3044	79251.2214
52192	TS	Behrens_3.55	-1.00	H3	escaped	H3	80640.5200	H3	80640.5200	80641.4816
52192	TS	Behrens_3.55	-1.00	H4	escaped	O5	85738.9939	O5	85738.9939	85744.8323
52192	TS	Behrens_3.55	-1.00	H5	escaped	O6	104674.9746	O6	104674.9746	104679.9216
52192	TS	Behrens_3.55	-1.00	H6	escaped	O2	79651.6734	O2	79651.6734	79653.2677
52192	TS	Behrens_3.55	-1.00	H7	escaped	H8	72946.5169	H8	72946.5169	72946.5169
52192	TS	Behrens_3.55	-1.00	H8	escaped	H8	75893.2844	H8	75893.2844	75893.2844
53493	R	N	+0.25	carbA	own	O1	2.8678	H6	2.8154	5.7307
53493	R	N	+0.25	carbB	migrated	O1	3.1641	H2	2.6819	7.0222
53493	R	N	+0.25	ether	migrated	O2	2.8958	O2	2.8958	5.6423
53493	R	N	+0.25	hydroxyl	migrated	O6	2.9663	O6	2.9663	5.7072
53493	R	N	+0.50	carbA	own	O1	2.7421	O1	2.7421	5.6345
53493	R	N	+0.50	carbB	migrated	O1	3.0570	H2	2.5797	6.8609
53493	R	N	+0.50	ether	migrated	O1	2.7421	O1	2.7421	5.6345
53493	R	N	+0.50	hydroxyl	migrated	O1	3.0570	H2	2.5797	6.8609
53493	R	N	+0.75	carbA	own	O1	2.6672	O1	2.6672	5.5856
53493	R	N	+0.75	carbB	migrated	O1	2.9066	H2	2.5203	6.7302
53493	R	N	+0.75	ether	migrated	O2	2.6502	O2	2.6502	5.2861
53493	R	N	+0.75	hydroxyl	migrated	O1	2.9066	H2	2.5203	6.7302
53493	R	N	+1.00	carbA	own	O1	2.6139	O1	2.6139	5.5591
53493	R	N	+1.00	carbB	migrated	O1	2.7954	H2	2.4835	6.6370
53493	R	N	+1.00	ether	migrated	O2	2.5864	O2	2.5864	5.1933
53493	R	N	+1.00	hydroxyl	migrated	O1	2.7954	H2	2.4835	6.6370
53493	R	N	-0.25	H1	escaped	O5	47222.6809	O5	47222.6809	47227.0049
53493	R	N	-0.25	H2	escaped	O1	44738.8729	O1	44738.8729	44744.8552
53493	R	N	-0.25	H3	escaped	H8	41135.3230	H8	41135.3230	41135.3230
53493	R	N	-0.25	H4	escaped	O5	35149.8882	O5	35149.8882	35152.8307
53493	R	N	-0.25	H5	escaped	O6	45609.6203	O6	45609.6203	45613.6620
53493	R	N	-0.25	H6	escaped	H6	48998.8519	H6	48998.8519	48999.4397
53493	R	N	-0.25	H7	escaped	H8	43693.3564	H8	43693.3564	43693.3564
53493	R	N	-0.25	H8	escaped	H8	42646.3268	H8	42646.3268	42646.3268
53493	R	N	-0.50	H1	escaped	O5	59112.1724	O5	59112.1724	59116.8894
53493	R	N	-0.50	H2	escaped	O1	52367.9450	O1	52367.9450	52372.9092
53493	R	N	-0.50	H3	escaped	H8	71074.4925	H8	71074.4925	71074.4925
53493	R	N	-0.50	H4	escaped	O5	53396.2851	O5	53396.2851	53400.8160
53493	R	N	-0.50	H5	escaped	O6	53585.2429	O6	53585.2429	53590.2261
53493	R	N	-0.50	H6	escaped	H6	67297.0681	H6	67297.0681	67297.5549
53493	R	N	-0.50	H7	escaped	H8	60036.4839	H8	60036.4839	60036.4839
53493	R	N	-0.50	H8	escaped	H8	53614.9167	H8	53614.9167	53614.9167
53493	R	N	-0.75	H1	escaped	O5	65590.0788	O5	65590.0788	65594.8700
53493	R	N	-0.75	H2	escaped	O1	79963.7760	O1	79963.7760	79968.1137
53493	R	N	-0.75	H3	escaped	H3	70817.4218	H3	70817.4218	70817.4839
53493	R	N	-0.75	H4	escaped	O5	81989.3409	O5	81989.3409	81994.3625
53493	R	N	-0.75	H5	escaped	O6	80424.0666	O6	80424.0666	80429.2364
53493	R	N	-0.75	H6	escaped	O2	73035.5950	O2	73035.5950	73036.4769
53493	R	N	-0.75	H7	escaped	H8	64639.0584	H8	64639.0584	64639.0584
53493	R	N	-0.75	H8	escaped	H8	70430.6808	H8	70430.6808	70430.6808
53493	R	N	-1.00	H1	escaped	O5	90565.5206	O5	90565.5206	90570.3298
53493	R	N	-1.00	H2	escaped	O1	83549.1971	O1	83549.1971	83553.1823
53493	R	N	-1.00	H3	escaped	H3	94057.1068	H3	94057.1068	94057.3192
53493	R	N	-1.00	H4	escaped	O5	87014.3265	O5	87014.3265	87019.5389
53493	R	N	-1.00	H5	escaped	O6	83918.5594	O6	83918.5594	83923.7734
53493	R	N	-1.00	H6	escaped	O2	79956.1614	O2	79956.1614	79957.4845
53493	R	N	-1.00	H7	escaped	H8	69793.4391	H8	69793.4391	69793.4391
53493	R	N	-1.00	H8	escaped	H8	70616.8905	H8	70616.8905	70616.8905
53493	R	N+5%	+0.25	carbA	own	O1	2.9361	H6	2.8707	5.8185
53493	R	N+5%	+0.25	carbB	migrated	O1	3.2196	H2	2.7508	7.1226
53493	R	N+5%	+0.25	ether	migrated	O2	2.9831	O2	2.9831	5.7776
53493	R	N+5%	+0.25	hydroxyl	migrated	O1	3.2196	H2	2.7508	7.1226
53493	R	N+5%	+0.50	carbA	own	O1	2.8091	O1	2.8091	5.7038
53493	R	N+5%	+0.50	carbB	migrated	O1	3.1304	H2	2.6430	6.9658
53493	R	N+5%	+0.50	ether	migrated	O1	2.8091	O1	2.8091	5.7038
53493	R	N+5%	+0.50	hydroxyl	migrated	O1	3.1304	H2	2.6430	6.9658
53493	R	N+5%	+0.75	carbA	own	O1	2.7323	O1	2.7323	5.6451
53493	R	N+5%	+0.75	carbB	migrated	O1	3.0492	H2	2.5782	6.8572
53493	R	N+5%	+0.75	ether	migrated	O1	2.7323	O1	2.7323	5.6451
53493	R	N+5%	+0.75	hydroxyl	migrated	O1	3.0492	H2	2.5782	6.8572
53493	R	N+5%	+1.00	carbA	own	O1	2.6776	O1	2.6776	5.6086
53493	R	N+5%	+1.00	carbB	migrated	O1	2.9349	H2	2.5334	6.7586
53493	R	N+5%	+1.00	ether	migrated	O2	2.6632	O2	2.6632	5.3120
53493	R	N+5%	+1.00	hydroxyl	migrated	O1	2.9349	H2	2.5334	6.7586
53493	R	N+5%	-0.25	H1	escaped	O5	44178.4926	O5	44178.4926	44182.7298
53493	R	N+5%	-0.25	H2	escaped	O1	44951.8147	O1	44951.8147	44957.7934
53493	R	N+5%	-0.25	H3	escaped	H8	41128.1141	H8	41128.1141	41128.1141
53493	R	N+5%	-0.25	H4	escaped	H4	35269.1177	H4	35269.1177	35271.9813
53493	R	N+5%	-0.25	H5	escaped	O6	45853.0809	O6	45853.0809	45857.0529
53493	R	N+5%	-0.25	H6	escaped	H6	49163.5987	H6	49163.5987	49164.1488
53493	R	N+5%	-0.25	H7	escaped	H8	40129.1652	H8	40129.1652	40129.1652
53493	R	N+5%	-0.25	H8	escaped	H8	43346.3460	H8	43346.3460	43346.3460
53493	R	N+5%	-0.50	H1	escaped	O5	59286.6116	O5	59286.6116	59291.2274
53493	R	N+5%	-0.50	H2	escaped	O1	52581.1708	O1	52581.1708	52586.1285
53493	R	N+5%	-0.50	H3	escaped	H8	71309.3845	H8	71309.3845	71309.3845
53493	R	N+5%	-0.50	H4	escaped	O5	53486.3288	O5	53486.3288	53490.8017
53493	R	N+5%	-0.50	H5	escaped	O6	53857.4660	O6	53857.4660	53862.3881
53493	R	N+5%	-0.50	H6	escaped	H6	67221.9563	H6	67221.9563	67222.3915
53493	R	N+5%	-0.50	H7	escaped	H8	56328.0191	H8	56328.0191	56328.0191
53493	R	N+5%	-0.50	H8	escaped	H8	53954.8792	H8	53954.8792	53954.8792
53493	R	N+5%	-0.75	H1	escaped	O5	66464.8306	O5	66464.8306	66469.5423
53493	R	N+5%	-0.75	H2	escaped	O1	80071.0153	O1	80071.0153	80075.3465
53493	R	N+5%	-0.75	H3	escaped	H3	70944.6821	H3	70944.6821	70944.7312
53493	R	N+5%	-0.75	H4	escaped	O5	62045.0495	O5	62045.0495	62050.0294
53493	R	N+5%	-0.75	H5	escaped	O6	80560.6489	O6	80560.6489	80565.7703
53493	R	N+5%	-0.75	H6	escaped	O2	72877.1303	O2	72877.1303	72877.9322
53493	R	N+5%	-0.75	H7	escaped	H8	72672.7809	H8	72672.7809	72672.7809
53493	R	N+5%	-0.75	H8	escaped	H8	70717.5789	H8	70717.5789	70717.5789
53493	R	N+5%	-1.00	H1	escaped	O5	68832.8219	O5	68832.8219	68837.5684
53493	R	N+5%	-1.00	H2	escaped	O1	83640.5316	O1	83640.5316	83644.5125
53493	R	N+5%	-1.00	H3	escaped	H3	94141.3894	H3	94141.3894	94141.5860
53493	R	N+5%	-1.00	H4	escaped	O5	87061.1315	O5	87061.1315	87066.3113
53493	R	N+5%	-1.00	H5	escaped	O6	84040.9089	O6	84040.9089	84046.0832
53493	R	N+5%	-1.00	H6	escaped	O2	79809.2073	O2	79809.2073	79810.4657
53493	R	N+5%	-1.00	H7	escaped	H8	73362.0910	H8	73362.0910	73362.0910
53493	R	N+5%	-1.00	H8	escaped	H8	70833.7970	H8	70833.7970	70833.7970
53493	R	N+10%	+0.25	carbA	migrated	O6	3.2729	H2	2.8219	7.2226
53493	R	N+10%	+0.25	carbB	own	O6	3.2729	H2	2.8219	7.2226
53493	R	N+10%	+0.25	ether	migrated	O2	3.0714	O2	3.0714	5.9164
53493	R	N+10%	+0.25	hydroxyl	migrated	O6	3.2729	H2	2.8219	7.2226
53493	R	N+10%	+0.50	carbA	own	O1	2.8758	O1	2.8758	5.7790
53493	R	N+10%	+0.50	carbB	migrated	O1	3.1873	H2	2.7079	7.0640
53493	R	N+10%	+0.50	ether	migrated	O1	2.8758	O1	2.8758	5.7790
53493	R	N+10%	+0.50	hydroxyl	migrated	O1	3.1873	H2	2.7079	7.0640
53493	R	N+10%	+0.75	carbA	own	O1	2.7975	O1	2.7975	5.7107
53493	R	N+10%	+0.75	carbB	migrated	O1	3.1275	H2	2.6400	6.9620
53493	R	N+10%	+0.75	ether	migrated	O2	2.8089	O2	2.8089	5.5355
53493	R	N+10%	+0.75	hydroxyl	migrated	O1	3.1275	H2	2.6400	6.9620
53493	R	N+10%	+1.00	carbA	own	O1	2.7415	O1	2.7415	5.6667
53493	R	N+10%	+1.00	carbB	migrated	O1	3.0684	H2	2.5916	6.8814
53493	R	N+10%	+1.00	ether	migrated	O2	2.7407	O2	2.7407	5.4340
53493	R	N+10%	+1.00	hydroxyl	migrated	O1	3.0684	H2	2.5916	6.8814
53493	R	N+10%	-0.25	H1	escaped	O5	42087.9510	O5	42087.9510	42091.9961
53493	R	N+10%	-0.25	H2	escaped	O1	45238.9011	O1	45238.9011	45244.8682
53493	R	N+10%	-0.25	H3	escaped	H8	41167.4136	H8	41167.4136	41167.4136
53493	R	N+10%	-0.25	H4	escaped	H4	35375.9856	H4	35375.9856	35378.7483
53493	R	N+10%	-0.25	H5	escaped	O6	34837.2800	O6	34837.2800	34841.1367
53493	R	N+10%	-0.25	H6	escaped	H6	49325.6290	H6	49325.6290	49326.1158
53493	R	N+10%	-0.25	H7	escaped	H8	43563.7492	H8	43563.7492	43563.7492
53493	R	N+10%	-0.25	H8	escaped	H8	44087.5226	H8	44087.5226	44087.5226
53493	R	N+10%	-0.50	H1	escaped	O5	55029.3764	O5	55029.3764	55033.8432
53493	R	N+10%	-0.50	H2	escaped	O1	70064.3794	O1	70064.3794	70069.3231
53493	R	N+10%	-0.50	H3	escaped	H8	71559.8729	H8	71559.8729	71559.8729
53493	R	N+10%	-0.50	H4	escaped	O5	53558.8036	O5	53558.8036	53563.1845
53493	R	N+10%	-0.50	H5	escaped	O6	54223.3911	O6	54223.3911	54228.2158
53493	R	N+10%	-0.50	H6	escaped	H6	67048.0644	H6	67048.0644	67048.4109
53493	R	N+10%	-0.50	H7	escaped	H8	61668.7898	H8	61668.7898	61668.7898
53493	R	N+10%	-0.50	H8	escaped	H8	54293.7818	H8	54293.7818	54293.7818
53493	R	N+10%	-0.75	H1	escaped	O5	67585.0613	O5	67585.0613	67589.6586
53493	R	N+10%	-0.75	H2	escaped	O1	80270.2878	O1	80270.2878	80274.6071
53493	R	N+10%	-0.75	H3	escaped	H3	71056.1699	H3	71056.1699	71056.1864
53493	R	N+10%	-0.75	H4	escaped	O5	62210.5342	O5	62210.5342	62215.4494
53493	R	N+10%	-0.75	H5	escaped	O6	80801.3036	O6	80801.3036	80806.3489
53493	R	N+10%	-0.75	H6	escaped	O2	72583.1842	O2	72583.1842	72583.8491
53493	R	N+10%	-0.75	H7	escaped	H8	71904.2261	H8	71904.2261	71904.2261
53493	R	N+10%	-0.75	H8	escaped	H8	70998.1997	H8	70998.1997	70998.1997
53493	R	N+10%	-1.00	H1	escaped	O5	69550.7949	O5	69550.7949	69555.4512
53493	R	N+10%	-1.00	H2	escaped	O1	83810.3461	O1	83810.3461	83814.3190
53493	R	N+10%	-1.00	H3	escaped	H3	94162.6281	H3	94162.6281	94162.7842
53493	R	N+10%	-1.00	H4	escaped	O5	87165.4544	O5	87165.4544	87170.5839
53493	R	N+10%	-1.00	H5	escaped	O6	84257.3455	O6	84257.3455	84262.4579
53493	R	N+10%	-1.00	H6	escaped	O2	79539.0468	O2	79539.0468	79540.1947
53493	R	N+10%	-1.00	H7	escaped	H8	79760.6102	H8	79760.6102	79760.6102
53493	R	N+10%	-1.00	H8	escaped	H8	71043.5715	H8	71043.5715	71043.5715
53493	R	OPLS_sp3C	+0.25	carbA	own	O1	2.8866	H6	2.8689	5.7808
53493	R	OPLS_sp3C	+0.25	carbB	migrated	O1	3.1912	H2	2.7134	7.0711
53493	R	OPLS_sp3C	+0.25	ether	migrated	O2	2.9195	O2	2.9195	5.6933
53493	R	OPLS_sp3C	+0.25	hydroxyl	migrated	O1	3.1912	H2	2.7134	7.0711
53493	R	OPLS_sp3C	+0.50	carbA	own	O1	2.7544	O1	2.7544	5.6698
53493	R	OPLS_sp3C	+0.50	carbB	migrated	O1	3.0821	H2	2.6002	6.8967
53493	R	OPLS_sp3C	+0.50	ether	migrated	O1	2.7544	O1	2.7544	5.6698
53493	R	OPLS_sp3C	+0.50	hydroxyl	migrated	O1	3.0821	H2	2.6002	6.8967
53493	R	OPLS_sp3C	+0.75	carbA	own	O1	2.6764	O1	2.6764	5.6158
53493	R	OPLS_sp3C	+0.75	carbB	migrated	O1	2.9340	H2	2.5350	6.7605
53493	R	OPLS_sp3C	+0.75	ether	migrated	O1	2.6764	O1	2.6764	5.6158
53493	R	OPLS_sp3C	+0.75	hydroxyl	migrated	O1	2.9340	H2	2.5350	6.7605
53493	R	OPLS_sp3C	+1.00	carbA	own	O1	2.6212	O1	2.6212	5.5869
53493	R	OPLS_sp3C	+1.00	carbB	migrated	O1	2.8140	H2	2.4951	6.6606
53493	R	OPLS_sp3C	+1.00	ether	migrated	O2	2.5962	O2	2.5962	5.2170
53493	R	OPLS_sp3C	+1.00	hydroxyl	migrated	O1	2.8140	H2	2.4951	6.6606
53493	R	OPLS_sp3C	-0.25	H1	escaped	O5	45469.3307	O5	45469.3307	45473.6218
53493	R	OPLS_sp3C	-0.25	H2	escaped	O1	44719.7047	O1	44719.7047	44725.6609
53493	R	OPLS_sp3C	-0.25	H3	escaped	H8	40918.3840	H8	40918.3840	40918.3840
53493	R	OPLS_sp3C	-0.25	H4	escaped	O5	34916.1135	O5	34916.1135	34919.0270
53493	R	OPLS_sp3C	-0.25	H5	escaped	O6	45510.9507	O6	45510.9507	45514.9570
53493	R	OPLS_sp3C	-0.25	H6	escaped	H6	48607.8008	H6	48607.8008	48608.3309
53493	R	OPLS_sp3C	-0.25	H7	escaped	H8	43510.1073	H8	43510.1073	43510.1073
53493	R	OPLS_sp3C	-0.25	H8	escaped	H8	41139.3156	H8	41139.3156	41139.3156
53493	R	OPLS_sp3C	-0.50	H1	escaped	O5	59639.6726	O5	59639.6726	59644.3241
53493	R	OPLS_sp3C	-0.50	H2	escaped	O1	69598.0706	O1	69598.0706	69603.0015
53493	R	OPLS_sp3C	-0.50	H3	escaped	H8	70644.8188	H8	70644.8188	70644.8188
53493	R	OPLS_sp3C	-0.50	H4	escaped	O5	53277.0972	O5	53277.0972	53281.5953
53493	R	OPLS_sp3C	-0.50	H5	escaped	O6	53709.5721	O6	53709.5721	53714.4926
53493	R	OPLS_sp3C	-0.50	H6	escaped	H6	66871.1100	H6	66871.1100	66871.5012
53493	R	OPLS_sp3C	-0.50	H7	escaped	H8	59375.5767	H8	59375.5767	59375.5767
53493	R	OPLS_sp3C	-0.50	H8	escaped	H8	52806.8639	H8	52806.8639	52806.8639
53493	R	OPLS_sp3C	-0.75	H1	escaped	O5	66393.8994	O5	66393.8994	66398.6355
53493	R	OPLS_sp3C	-0.75	H2	escaped	O1	80373.6217	O1	80373.6217	80377.9381
53493	R	OPLS_sp3C	-0.75	H3	escaped	H8	93304.0176	H8	93304.0176	93304.0176
53493	R	OPLS_sp3C	-0.75	H4	escaped	O5	61830.4281	O5	61830.4281	61835.4203
53493	R	OPLS_sp3C	-0.75	H5	escaped	O6	80879.2958	O6	80879.2958	80884.4094
53493	R	OPLS_sp3C	-0.75	H6	escaped	O2	72657.0625	O2	72657.0625	72657.8265
53493	R	OPLS_sp3C	-0.75	H7	escaped	H8	64627.0157	H8	64627.0157	64627.0157
53493	R	OPLS_sp3C	-0.75	H8	escaped	H8	69723.8336	H8	69723.8336	69723.8336
53493	R	OPLS_sp3C	-1.00	H1	escaped	O5	68836.1057	O5	68836.1057	68840.8700
53493	R	OPLS_sp3C	-1.00	H2	escaped	O1	83893.5405	O1	83893.5405	83897.5110
53493	R	OPLS_sp3C	-1.00	H3	escaped	H3	93459.2544	H3	93459.2544	93459.3402
53493	R	OPLS_sp3C	-1.00	H4	escaped	O5	87353.5496	O5	87353.5496	87358.7352
53493	R	OPLS_sp3C	-1.00	H5	escaped	O6	84315.6386	O6	84315.6386	84320.8054
53493	R	OPLS_sp3C	-1.00	H6	escaped	O2	79651.6454	O2	79651.6454	79652.8692
53493	R	OPLS_sp3C	-1.00	H7	escaped	H8	69728.1922	H8	69728.1922	69728.1922
53493	R	OPLS_sp3C	-1.00	H8	escaped	H8	70069.7658	H8	70069.7658	70069.7658
53493	R	Behrens_3.55	+0.25	carbA	own	O1	2.9071	H6	2.8847	5.8066
53493	R	Behrens_3.55	+0.25	carbB	migrated	O1	3.2080	H2	2.7341	7.1013
53493	R	Behrens_3.55	+0.25	ether	migrated	O1	2.9071	H6	2.8847	5.8066
53493	R	Behrens_3.55	+0.25	hydroxyl	migrated	O1	3.2080	H2	2.7341	7.1013
53493	R	Behrens_3.55	+0.50	carbA	own	O1	2.7744	O1	2.7744	5.6898
53493	R	Behrens_3.55	+0.50	carbB	migrated	O1	3.1053	H2	2.6191	6.9286
53493	R	Behrens_3.55	+0.50	ether	migrated	O1	2.7744	O1	2.7744	5.6898
53493	R	Behrens_3.55	+0.50	hydroxyl	migrated	O1	3.1053	H2	2.6191	6.9286
53493	R	Behrens_3.55	+0.75	carbA	own	O1	2.6958	O1	2.6958	5.6324
53493	R	Behrens_3.55	+0.75	carbB	migrated	O1	2.9817	H2	2.5518	6.7999
53493	R	Behrens_3.55	+0.75	ether	migrated	O1	2.6958	O1	2.6958	5.6324
53493	R	Behrens_3.55	+0.75	hydroxyl	migrated	O1	2.9817	H2	2.5518	6.7999
53493	R	Behrens_3.55	+1.00	carbA	own	O1	2.6402	O1	2.6402	5.5998
53493	R	Behrens_3.55	+1.00	carbB	migrated	O1	2.8535	H2	2.5096	6.6958
53493	R	Behrens_3.55	+1.00	ether	migrated	O2	2.6190	O2	2.6190	5.2524
53493	R	Behrens_3.55	+1.00	hydroxyl	migrated	O1	2.8535	H2	2.5096	6.6958
53493	R	Behrens_3.55	-0.25	H1	escaped	O5	44718.0557	O5	44718.0557	44722.3181
53493	R	Behrens_3.55	-0.25	H2	escaped	O1	44774.4912	O1	44774.4912	44780.4453
53493	R	Behrens_3.55	-0.25	H3	escaped	H8	40984.3735	H8	40984.3735	40984.3735
53493	R	Behrens_3.55	-0.25	H4	escaped	O5	34934.0005	O5	34934.0005	34936.8856
53493	R	Behrens_3.55	-0.25	H5	escaped	O6	45567.4889	O6	45567.4889	45571.4725
53493	R	Behrens_3.55	-0.25	H6	escaped	H6	48635.7487	H6	48635.7487	48636.2658
53493	R	Behrens_3.55	-0.25	H7	escaped	H8	38084.1879	H8	38084.1879	38084.1879
53493	R	Behrens_3.55	-0.25	H8	escaped	H8	41237.0641	H8	41237.0641	41237.0641
53493	R	Behrens_3.55	-0.50	H1	escaped	O5	59686.9535	O5	59686.9535	59691.5753
53493	R	Behrens_3.55	-0.50	H2	escaped	O1	69679.3539	O1	69679.3539	69684.2819
53493	R	Behrens_3.55	-0.50	H3	escaped	H8	70690.3410	H8	70690.3410	70690.3410
53493	R	Behrens_3.55	-0.50	H4	escaped	O5	53290.4194	O5	53290.4194	53294.8993
53493	R	Behrens_3.55	-0.50	H5	escaped	O6	53782.0237	O6	53782.0237	53786.9246
53493	R	Behrens_3.55	-0.50	H6	escaped	H6	66834.2973	H6	66834.2973	66834.6703
53493	R	Behrens_3.55	-0.50	H7	escaped	H8	58133.6467	H8	58133.6467	58133.6467
53493	R	Behrens_3.55	-0.50	H8	escaped	H8	52861.0094	H8	52861.0094	52861.0094
53493	R	Behrens_3.55	-0.75	H1	escaped	O5	66653.5671	O5	66653.5671	66658.2799
53493	R	Behrens_3.55	-0.75	H2	escaped	O1	80416.0396	O1	80416.0396	80420.3536
53493	R	Behrens_3.55	-0.75	H3	escaped	H8	70453.5467	H8	70453.5467	70453.5467
53493	R	Behrens_3.55	-0.75	H4	escaped	O5	61862.5899	O5	61862.5899	61867.5692
53493	R	Behrens_3.55	-0.75	H5	escaped	O6	80930.3960	O6	80930.3960	80935.4942
53493	R	Behrens_3.55	-0.75	H6	escaped	O2	72597.6862	O2	72597.6862	72598.4222
53493	R	Behrens_3.55	-0.75	H7	escaped	H8	66325.7344	H8	66325.7344	66325.7344
53493	R	Behrens_3.55	-0.75	H8	escaped	H8	69771.1108	H8	69771.1108	69771.1108
53493	R	Behrens_3.55	-1.00	H1	escaped	O5	68977.5834	O5	68977.5834	68982.3292
53493	R	Behrens_3.55	-1.00	H2	escaped	O1	83929.7780	O1	83929.7780	83933.7468
53493	R	Behrens_3.55	-1.00	H3	escaped	H3	93464.2295	H3	93464.2295	93464.3063
53493	R	Behrens_3.55	-1.00	H4	escaped	O5	87376.2906	O5	87376.2906	87381.4661
53493	R	Behrens_3.55	-1.00	H5	escaped	O6	84361.5682	O6	84361.5682	84366.7225
53493	R	Behrens_3.55	-1.00	H6	escaped	O2	79597.7936	O2	79597.7936	79598.9948
53493	R	Behrens_3.55	-1.00	H7	escaped	H8	70531.4907	H8	70531.4907	70531.4907
53493	R	Behrens_3.55	-1.00	H8	escaped	H8	70105.9869	H8	70105.9869	70105.9869
53493	TS	N	+0.25	carbA	own	O1	2.8662	H6	2.8298	5.7616
53493	TS	N	+0.25	carbB	own	O6	2.9650	H2	2.8755	8.6992
53493	TS	N	+0.25	ether	migrated	O2	2.9121	O2	2.9121	6.1875
53493	TS	N	+0.25	hydroxyl	migrated	O6	2.9931	O6	2.9931	5.4356
53493	TS	N	+0.50	carbA	own	O1	2.7436	O1	2.7436	5.6627
53493	TS	N	+0.50	carbB	own	O6	2.8288	O6	2.8288	8.5866
53493	TS	N	+0.50	ether	migrated	O2	2.7485	O2	2.7485	5.9060
53493	TS	N	+0.50	hydroxyl	migrated	O6	2.7985	O6	2.7985	5.5477
53493	TS	N	+0.75	carbA	own	O1	2.6694	O1	2.6694	5.6154
53493	TS	N	+0.75	carbB	own	O6	2.7489	O6	2.7489	8.5408
53493	TS	N	+0.75	ether	migrated	O2	2.6545	O2	2.6545	5.7408
53493	TS	N	+0.75	hydroxyl	migrated	O6	2.6927	O6	2.6927	5.5960
53493	TS	N	+1.00	carbA	own	O1	2.6163	O1	2.6163	5.5896
53493	TS	N	+1.00	carbB	own	O6	2.6887	O6	2.6887	8.5591
53493	TS	N	+1.00	ether	migrated	O2	2.5889	O2	2.5889	5.6258
53493	TS	N	+1.00	hydroxyl	migrated	O6	2.6203	O6	2.6203	5.6257
53493	TS	N	-0.25	H1	escaped	O5	45538.3940	O5	45538.3940	45542.8287
53493	TS	N	-0.25	H2	escaped	O1	43025.4452	O1	43025.4452	43031.3688
53493	TS	N	-0.25	H3	escaped	H3	41686.6568	H3	41686.6568	41686.6903
53493	TS	N	-0.25	H4	escaped	H4	34855.4083	H4	34855.4083	34858.3234
53493	TS	N	-0.25	H5	escaped	O6	44884.4392	O6	44884.4392	44888.4778
53493	TS	N	-0.25	H6	escaped	H6	48776.0815	H6	48776.0815	48776.3039
53493	TS	N	-0.25	H7	escaped	H8	38060.4227	H8	38060.4227	38060.4227
53493	TS	N	-0.25	H8	escaped	H8	43364.1353	H8	43364.1353	43364.1353
53493	TS	N	-0.50	H1	escaped	O5	59714.2709	O5	59714.2709	59718.8313
53493	TS	N	-0.50	H2	escaped	O1	49946.2579	O1	49946.2579	49951.2797
53493	TS	N	-0.50	H3	escaped	H3	74588.0668	H3	74588.0668	74588.4788
53493	TS	N	-0.50	H4	escaped	O5	52899.1869	O5	52899.1869	52903.7631
53493	TS	N	-0.50	H5	escaped	O6	52168.4574	O6	52168.4574	52173.4635
53493	TS	N	-0.50	H6	escaped	H6	66484.8101	H6	66484.8101	66484.8650
53493	TS	N	-0.50	H7	escaped	H8	63150.3164	H8	63150.3164	63150.3164
53493	TS	N	-0.50	H8	escaped	H8	57205.5421	H8	57205.5421	57205.5421
53493	TS	N	-0.75	H1	escaped	O5	67728.2267	O5	67728.2267	67732.7661
53493	TS	N	-0.75	H2	escaped	O1	75933.5860	O1	75933.5860	75938.0044
53493	TS	N	-0.75	H3	escaped	H3	76841.7038	H3	76841.7038	76842.4723
53493	TS	N	-0.75	H4	escaped	O5	81060.3605	O5	81060.3605	81065.4933
53493	TS	N	-0.75	H5	escaped	O6	78069.0020	O6	78069.0020	78074.2015
53493	TS	N	-0.75	H6	escaped	O2	71681.4311	O2	71681.4311	71681.6437
53493	TS	N	-0.75	H7	escaped	H8	69024.1894	H8	69024.1894	69024.1894
53493	TS	N	-0.75	H8	escaped	H8	75954.3868	H8	75954.3868	75954.3868
53493	TS	N	-1.00	H1	escaped	O5	92848.6868	O5	92848.6868	92853.1978
53493	TS	N	-1.00	H2	escaped	O1	79325.6786	O1	79325.6786	79329.7483
53493	TS	N	-1.00	H3	escaped	H3	80386.2711	H3	80386.2711	80387.3434
53493	TS	N	-1.00	H4	escaped	O5	88488.9672	O5	88488.9672	88494.3063
53493	TS	N	-1.00	H5	escaped	O6	81408.3925	O6	81408.3925	81413.6332
53493	TS	N	-1.00	H6	escaped	O2	78306.7108	O2	78306.7108	78307.3630
53493	TS	N	-1.00	H7	escaped	H8	74942.9962	H8	74942.9962	74942.9962
53493	TS	N	-1.00	H8	escaped	H8	76189.2486	H8	76189.2486	76189.2486
53493	TS	N+5%	+0.25	carbA	own	O1	2.9338	H6	2.8874	5.8506
53493	TS	N+5%	+0.25	carbB	own	O6	3.0383	H2	2.9280	8.7842
53493	TS	N+5%	+0.25	ether	migrated	O2	3.0060	O2	3.0060	6.3575
53493	TS	N+5%	+0.25	hydroxyl	migrated	O6	3.0962	O6	3.0962	5.4069
53493	TS	N+5%	+0.50	carbA	own	O1	2.8104	O1	2.8104	5.7298
53493	TS	N+5%	+0.50	carbB	own	O6	2.8985	H2	2.8843	8.6595
53493	TS	N+5%	+0.50	ether	migrated	O2	2.8344	O2	2.8344	6.0637
53493	TS	N+5%	+0.50	hydroxyl	migrated	O6	2.8905	O6	2.8905	5.5277
53493	TS	N+5%	+0.75	carbA	own	O1	2.7343	O1	2.7343	5.6729
53493	TS	N+5%	+0.75	carbB	own	O6	2.8166	O6	2.8166	8.5949
53493	TS	N+5%	+0.75	ether	migrated	O2	2.7361	O2	2.7361	5.8903
53493	TS	N+5%	+0.75	hydroxyl	migrated	O6	2.7799	O6	2.7799	5.5779
53493	TS	N+5%	+1.00	carbA	own	O1	2.6799	O1	2.6799	5.6379
53493	TS	N+5%	+1.00	carbB	own	O6	2.7586	O6	2.7586	8.5630
53493	TS	N+5%	+1.00	ether	migrated	O2	2.6677	O2	2.6677	5.7692
53493	TS	N+5%	+1.00	hydroxyl	migrated	O6	2.7044	O6	2.7044	5.6080
53493	TS	N+5%	-0.25	H1	escaped	O5	43268.9021	O5	43268.9021	43273.2489
53493	TS	N+5%	-0.25	H2	escaped	O1	43324.0125	O1	43324.0125	43329.9605
53493	TS	N+5%	-0.25	H3	escaped	H3	41695.1342	H3	41695.1342	41695.1552
53493	TS	N+5%	-0.25	H4	escaped	H4	34935.6659	H4	34935.6659	34938.4984
53493	TS	N+5%	-0.25	H5	escaped	O6	45119.1497	O6	45119.1497	45123.1171
53493	TS	N+5%	-0.25	H6	escaped	H6	48952.6544	H6	48952.6544	48952.8378
53493	TS	N+5%	-0.25	H7	escaped	H8	41129.9704	H8	41129.9704	41129.9704
53493	TS	N+5%	-0.25	H8	escaped	H8	37859.4896	H8	37859.4896	37859.4896
53493	TS	N+5%	-0.50	H1	escaped	O5	56727.8791	O5	56727.8791	56732.3554
53493	TS	N+5%	-0.50	H2	escaped	O1	50220.8168	O1	50220.8168	50225.8608
53493	TS	N+5%	-0.50	H3	escaped	H3	74636.0596	H3	74636.0596	74636.4541
53493	TS	N+5%	-0.50	H4	escaped	O5	52906.6153	O5	52906.6153	52911.1144
53493	TS	N+5%	-0.50	H5	escaped	O6	52407.6300	O6	52407.6300	52412.5701
53493	TS	N+5%	-0.50	H6	escaped	H8	66449.9445	H8	66449.9445	66449.9445
53493	TS	N+5%	-0.50	H7	escaped	H8	53198.8108	H8	53198.8108	53198.8108
53493	TS	N+5%	-0.50	H8	escaped	H8	57191.8099	H8	57191.8099	57191.8099
53493	TS	N+5%	-0.75	H1	escaped	O5	68344.8622	O5	68344.8622	68349.3399
53493	TS	N+5%	-0.75	H2	escaped	O1	76022.8014	O1	76022.8014	76027.2383
53493	TS	N+5%	-0.75	H3	escaped	H3	76884.3947	H3	76884.3947	76885.1458
53493	TS	N+5%	-0.75	H4	escaped	O5	61229.4126	O5	61229.4126	61234.4920
53493	TS	N+5%	-0.75	H5	escaped	O6	78175.1417	O6	78175.1417	78180.2881
53493	TS	N+5%	-0.75	H6	escaped	O2	71554.3306	O2	71554.3306	71554.4460
53493	TS	N+5%	-0.75	H7	escaped	H8	74670.5712	H8	74670.5712	74670.5712
53493	TS	N+5%	-0.75	H8	escaped	H8	75922.9061	H8	75922.9061	75922.9061
53493	TS	N+5%	-1.00	H1	escaped	O5	93654.5798	O5	93654.5798	93659.0424
53493	TS	N+5%	-1.00	H2	escaped	O1	79382.3361	O1	79382.3361	79386.4232
53493	TS	N+5%	-1.00	H3	escaped	H3	80277.5906	H3	80277.5906	80278.6493
53493	TS	N+5%	-1.00	H4	escaped	O5	88510.4337	O5	88510.4337	88515.7315
53493	TS	N+5%	-1.00	H5	escaped	O6	81497.8244	O6	81497.8244	81503.0213
53493	TS	N+5%	-1.00	H6	escaped	O2	78179.2355	O2	78179.2355	78179.8033
53493	TS	N+5%	-1.00	H7	escaped	H8	81411.5166	H8	81411.5166	81411.5166
53493	TS	N+5%	-1.00	H8	escaped	H8	76153.8577	H8	76153.8577	76153.8577
53493	TS	N+10%	+0.25	carbA	own	O1	3.2445	H2	2.7194	7.5388
53493	TS	N+10%	+0.25	carbB	own	O6	3.1119	H2	2.9833	8.8699
53493	TS	N+10%	+0.25	ether	migrated	O2	3.1040	O2	3.1040	6.5406
53493	TS	N+10%	+0.25	hydroxyl	migrated	O6	3.1119	H2	2.9833	8.8699
53493	TS	N+10%	+0.50	carbA	own	O1	2.8771	O1	2.8771	5.8022
53493	TS	N+10%	+0.50	carbB	own	O6	2.9685	H2	2.9252	8.7366
53493	TS	N+10%	+0.50	ether	migrated	O2	2.9226	O2	2.9226	6.2295
53493	TS	N+10%	+0.50	hydroxyl	migrated	O6	2.9837	O6	2.9837	5.5079
53493	TS	N+10%	+0.75	carbA	own	O1	2.7995	O1	2.7995	5.7360
53493	TS	N+10%	+0.75	carbB	own	O6	2.8845	O6	2.8845	8.6619
53493	TS	N+10%	+0.75	ether	migrated	O2	2.8195	O2	2.8195	6.0463
53493	TS	N+10%	+0.75	hydroxyl	migrated	O6	2.8682	O6	2.8682	5.5603
53493	TS	N+10%	+1.00	carbA	own	O1	2.7437	O1	2.7437	5.6940
53493	TS	N+10%	+1.00	carbB	own	O6	2.8252	O6	2.8252	8.6152
53493	TS	N+10%	+1.00	ether	migrated	O2	2.7480	O2	2.7480	5.9184
53493	TS	N+10%	+1.00	hydroxyl	migrated	O6	2.8252	O6	2.8252	8.6152
53493	TS	N+10%	-0.25	H1	escaped	O5	41913.6697	O5	41913.6697	41917.8611
53493	TS	N+10%	-0.25	H2	escaped	O1	43739.0581	O1	43739.0581	43745.0359
53493	TS	N+10%	-0.25	H3	escaped	H8	41747.9361	H8	41747.9361	41747.9361
53493	TS	N+10%	-0.25	H4	escaped	H4	34825.8725	H4	34825.8725	34828.5833
53493	TS	N+10%	-0.25	H5	escaped	O6	45410.5584	O6	45410.5584	45414.4093
53493	TS	N+10%	-0.25	H6	escaped	H6	49140.3503	H6	49140.3503	49140.4690
53493	TS	N+10%	-0.25	H7	escaped	H8	44249.3558	H8	44249.3558	44249.3558
53493	TS	N+10%	-0.25	H8	escaped	H8	38014.5667	H8	38014.5667	38014.5667
53493	TS	N+10%	-0.50	H1	escaped	O5	53305.1530	O5	53305.1530	53309.5147
53493	TS	N+10%	-0.50	H2	escaped	O1	50635.3161	O1	50635.3161	50640.3867
53493	TS	N+10%	-0.50	H3	escaped	H3	74593.2093	H3	74593.2093	74593.5704
53493	TS	N+10%	-0.50	H4	escaped	O5	52859.1872	O5	52859.1872	52863.5622
53493	TS	N+10%	-0.50	H5	escaped	O6	52739.2098	O6	52739.2098	52744.0446
53493	TS	N+10%	-0.50	H6	escaped	H8	66357.8552	H8	66357.8552	66357.8552
53493	TS	N+10%	-0.50	H7	escaped	H8	51737.9378	H8	51737.9378	51737.9378
53493	TS	N+10%	-0.50	H8	escaped	H8	57185.7059	H8	57185.7059	57185.7059
53493	TS	N+10%	-0.75	H1	escaped	O5	66546.6708	O5	66546.6708	66551.0635
53493	TS	N+10%	-0.75	H2	escaped	O1	76204.6421	O1	76204.6421	76209.1029
53493	TS	N+10%	-0.75	H3	escaped	H3	76774.1113	H3	76774.1113	76774.8291
53493	TS	N+10%	-0.75	H4	escaped	O5	61225.2324	O5	61225.2324	61230.2281
53493	TS	N+10%	-0.75	H5	escaped	O6	78375.1376	O6	78375.1376	78380.2001
53493	TS	N+10%	-0.75	H6	escaped	H8	71334.6535	H8	71334.6535	71334.6535
53493	TS	N+10%	-0.75	H7	escaped	H8	65982.2567	H8	65982.2567	65982.2567
53493	TS	N+10%	-0.75	H8	escaped	H8	75902.7808	H8	75902.7808	75902.7808
53493	TS	N+10%	-1.00	H1	escaped	O5	71639.9305	O5	71639.9305	71644.3257
53493	TS	N+10%	-1.00	H2	escaped	O1	79506.9605	O1	79506.9605	79511.0709
53493	TS	N+10%	-1.00	H3	escaped	H3	80093.9587	H3	80093.9587	80094.9899
53493	TS	N+10%	-1.00	H4	escaped	O5	88574.0074	O5	88574.0074	88579.2409
53493	TS	N+10%	-1.00	H5	escaped	O6	81667.5737	O6	81667.5737	81672.7018
53493	TS	N+10%	-1.00	H6	escaped	O2	77963.4902	O2	77963.4902	77963.9156
53493	TS	N+10%	-1.00	H7	escaped	H8	70033.5638	H8	70033.5638	70033.5638
53493	TS	N+10%	-1.00	H8	escaped	H8	76130.3970	H8	76130.3970	76130.3970
53493	TS	OPLS_sp3C	+0.25	carbA	own	O1	2.8873	O1	2.8873	5.8052
53493	TS	OPLS_sp3C	+0.25	carbB	own	O6	2.9813	H2	2.9196	8.7414
53493	TS	OPLS_sp3C	+0.25	ether	migrated	O2	2.9372	O2	2.9372	6.2488
53493	TS	OPLS_sp3C	+0.25	hydroxyl	migrated	O6	3.0048	O6	3.0048	5.4834
53493	TS	OPLS_sp3C	+0.50	carbA	own	O1	2.7564	O1	2.7564	5.6967
53493	TS	OPLS_sp3C	+0.50	carbB	own	O6	2.8393	O6	2.8393	8.6194
53493	TS	OPLS_sp3C	+0.50	ether	migrated	O2	2.7642	O2	2.7642	5.9439
53493	TS	OPLS_sp3C	+0.50	hydroxyl	migrated	O6	2.8089	O6	2.8089	5.5759
53493	TS	OPLS_sp3C	+0.75	carbA	own	O1	2.6787	O1	2.6787	5.6451
53493	TS	OPLS_sp3C	+0.75	carbB	own	O6	2.7566	O6	2.7566	8.5713
53493	TS	OPLS_sp3C	+0.75	ether	migrated	O2	2.6664	O2	2.6664	5.7698
53493	TS	OPLS_sp3C	+0.75	hydroxyl	migrated	O6	2.7016	O6	2.7016	5.6165
53493	TS	OPLS_sp3C	+1.00	carbA	own	O1	2.6235	O1	2.6235	5.6170
53493	TS	OPLS_sp3C	+1.00	carbB	own	O6	2.6937	O6	2.6937	8.5931
53493	TS	OPLS_sp3C	+1.00	ether	migrated	O2	2.5988	O2	2.5988	5.6501
53493	TS	OPLS_sp3C	+1.00	hydroxyl	migrated	O6	2.6281	O6	2.6281	5.6418
53493	TS	OPLS_sp3C	-0.25	H1	escaped	O5	44301.8049	O5	44301.8049	44306.1839
53493	TS	OPLS_sp3C	-0.25	H2	escaped	O1	43042.6333	O1	43042.6333	43048.5612
53493	TS	OPLS_sp3C	-0.25	H3	escaped	H3	41969.5753	H3	41969.5753	41969.5982
53493	TS	OPLS_sp3C	-0.25	H4	escaped	H4	34604.6172	H4	34604.6172	34607.4823
53493	TS	OPLS_sp3C	-0.25	H5	escaped	O6	44786.8781	O6	44786.8781	44790.8797
53493	TS	OPLS_sp3C	-0.25	H6	escaped	H6	48420.3955	H6	48420.3955	48420.5551
53493	TS	OPLS_sp3C	-0.25	H7	escaped	H8	37721.5094	H8	37721.5094	37721.5094
53493	TS	OPLS_sp3C	-0.25	H8	escaped	H8	43333.2763	H8	43333.2763	43333.2763
53493	TS	OPLS_sp3C	-0.50	H1	escaped	O5	58041.4153	O5	58041.4153	58045.9086
53493	TS	OPLS_sp3C	-0.50	H2	escaped	O1	50212.9259	O1	50212.9259	50217.9381
53493	TS	OPLS_sp3C	-0.50	H3	escaped	H3	73971.6648	H3	73971.6648	73972.0303
53493	TS	OPLS_sp3C	-0.50	H4	escaped	O5	52707.2699	O5	52707.2699	52711.7951
53493	TS	OPLS_sp3C	-0.50	H5	escaped	O6	52322.2694	O6	52322.2694	52327.2043
53493	TS	OPLS_sp3C	-0.50	H6	escaped	H8	66128.9990	H8	66128.9990	66128.9990
53493	TS	OPLS_sp3C	-0.50	H7	escaped	H8	63171.9059	H8	63171.9059	63171.9059
53493	TS	OPLS_sp3C	-0.50	H8	escaped	H8	57296.0483	H8	57296.0483	57296.0483
53493	TS	OPLS_sp3C	-0.75	H1	escaped	O5	68247.7990	O5	68247.7990	68252.2856
53493	TS	OPLS_sp3C	-0.75	H2	escaped	O1	76381.0254	O1	76381.0254	76385.4429
53493	TS	OPLS_sp3C	-0.75	H3	escaped	H3	76223.0881	H3	76223.0881	76223.8055
53493	TS	OPLS_sp3C	-0.75	H4	escaped	O5	61017.3972	O5	61017.3972	61022.4901
53493	TS	OPLS_sp3C	-0.75	H5	escaped	O6	78513.1341	O6	78513.1341	78518.2684
53493	TS	OPLS_sp3C	-0.75	H6	escaped	O2	71366.0682	O2	71366.0682	71366.1262
53493	TS	OPLS_sp3C	-0.75	H7	escaped	H8	69097.1369	H8	69097.1369	69097.1369
53493	TS	OPLS_sp3C	-0.75	H8	escaped	H8	76112.6498	H8	76112.6498	76112.6498
53493	TS	OPLS_sp3C	-1.00	H1	escaped	O5	93514.9913	O5	93514.9913	93519.4593
53493	TS	OPLS_sp3C	-1.00	H2	escaped	O1	79671.6846	O1	79671.6846	79675.7578
53493	TS	OPLS_sp3C	-1.00	H3	escaped	H3	80160.5346	H3	80160.5346	80161.5589
53493	TS	OPLS_sp3C	-1.00	H4	escaped	O5	88783.5291	O5	88783.5291	88788.8336
53493	TS	OPLS_sp3C	-1.00	H5	escaped	O6	81781.2004	O6	81781.2004	81786.3858
53493	TS	OPLS_sp3C	-1.00	H6	escaped	O2	78058.3794	O2	78058.3794	78058.8931
53493	TS	OPLS_sp3C	-1.00	H7	escaped	H8	75133.8609	H8	75133.8609	75133.8609
53493	TS	OPLS_sp3C	-1.00	H8	escaped	H8	76359.2083	H8	76359.2083	76359.2083
53493	TS	Behrens_3.55	+0.25	carbA	own	O1	2.9079	H6	2.9041	5.8299
53493	TS	Behrens_3.55	+0.25	carbB	own	O6	3.0033	H2	2.9342	8.7663
53493	TS	Behrens_3.55	+0.25	ether	migrated	O2	2.9654	O2	2.9654	6.3022
53493	TS	Behrens_3.55	+0.25	hydroxyl	migrated	O6	3.0345	O6	3.0345	5.4767
53493	TS	Behrens_3.55	+0.50	carbA	own	O1	2.7764	O1	2.7764	5.7159
53493	TS	Behrens_3.55	+0.50	carbB	own	O6	2.8601	O6	2.8601	8.6398
53493	TS	Behrens_3.55	+0.50	ether	migrated	O2	2.7897	O2	2.7897	5.9918
53493	TS	Behrens_3.55	+0.50	hydroxyl	migrated	O6	2.8359	O6	2.8359	5.5706
53493	TS	Behrens_3.55	+0.75	carbA	own	O1	2.6981	O1	2.6981	5.6611
53493	TS	Behrens_3.55	+0.75	carbB	own	O6	2.7770	O6	2.7770	8.5838
53493	TS	Behrens_3.55	+0.75	ether	migrated	O2	2.6906	O2	2.6906	5.8147
53493	TS	Behrens_3.55	+0.75	hydroxyl	migrated	O6	2.7273	O6	2.7273	5.6113
53493	TS	Behrens_3.55	+1.00	carbA	own	O1	2.6425	O1	2.6425	5.6297
53493	TS	Behrens_3.55	+1.00	carbB	own	O6	2.7164	O6	2.7164	8.5779
53493	TS	Behrens_3.55	+1.00	ether	migrated	O2	2.6221	O2	2.6221	5.6929
53493	TS	Behrens_3.55	+1.00	hydroxyl	migrated	O6	2.6529	O6	2.6529	5.6366
53493	TS	Behrens_3.55	-0.25	H1	escaped	O5	43736.0720	O5	43736.0720	43740.4250
53493	TS	Behrens_3.55	-0.25	H2	escaped	O1	43120.8405	O1	43120.8405	43126.7748
53493	TS	Behrens_3.55	-0.25	H3	escaped	H3	41981.0572	H3	41981.0572	41981.0749
53493	TS	Behrens_3.55	-0.25	H4	escaped	H4	34613.2496	H4	34613.2496	34616.0884
53493	TS	Behrens_3.55	-0.25	H5	escaped	O6	44841.4008	O6	44841.4008	44845.3790
53493	TS	Behrens_3.55	-0.25	H6	escaped	H6	48453.6716	H6	48453.6716	48453.8178
53493	TS	Behrens_3.55	-0.25	H7	escaped	H8	37228.4548	H8	37228.4548	37228.4548
53493	TS	Behrens_3.55	-0.25	H8	escaped	H8	43336.7256	H8	43336.7256	43336.7256
53493	TS	Behrens_3.55	-0.50	H1	escaped	O5	57176.5065	O5	57176.5065	57180.9754
53493	TS	Behrens_3.55	-0.50	H2	escaped	O1	50294.0207	O1	50294.0207	50299.0385
53493	TS	Behrens_3.55	-0.50	H3	escaped	H3	73995.6929	H3	73995.6929	73996.0509
53493	TS	Behrens_3.55	-0.50	H4	escaped	O5	52697.3295	O5	52697.3295	52701.8304
53493	TS	Behrens_3.55	-0.50	H5	escaped	O6	52387.6792	O6	52387.6792	52392.5928
53493	TS	Behrens_3.55	-0.50	H6	escaped	H8	66108.8982	H8	66108.8982	66108.8982
53493	TS	Behrens_3.55	-0.50	H7	escaped	H8	49240.7737	H8	49240.7737	49240.7737
53493	TS	Behrens_3.55	-0.50	H8	escaped	H8	57293.4744	H8	57293.4744	57293.4744
53493	TS	Behrens_3.55	-0.75	H1	escaped	O5	68430.8327	O5	68430.8327	68435.3015
53493	TS	Behrens_3.55	-0.75	H2	escaped	O1	76419.6129	O1	76419.6129	76424.0353
53493	TS	Behrens_3.55	-0.75	H3	escaped	H3	76205.3811	H3	76205.3811	76206.0911
53493	TS	Behrens_3.55	-0.75	H4	escaped	O5	61016.6316	O5	61016.6316	61021.7079
53493	TS	Behrens_3.55	-0.75	H5	escaped	O6	78555.6419	O6	78555.6419	78560.7592
53493	TS	Behrens_3.55	-0.75	H6	escaped	O2	71321.5524	O2	71321.5524	71321.5768
53493	TS	Behrens_3.55	-0.75	H7	escaped	H8	70343.5925	H8	70343.5925	70343.5925
53493	TS	Behrens_3.55	-0.75	H8	escaped	H8	76107.9654	H8	76107.9654	76107.9654
53493	TS	Behrens_3.55	-1.00	H1	escaped	O5	93755.3322	O5	93755.3322	93759.7860
53493	TS	Behrens_3.55	-1.00	H2	escaped	O1	79698.4972	O1	79698.4972	79702.5753
53493	TS	Behrens_3.55	-1.00	H3	escaped	H3	80121.1738	H3	80121.1738	80122.1919
53493	TS	Behrens_3.55	-1.00	H4	escaped	O5	88797.9162	O5	88797.9162	88803.2078
53493	TS	Behrens_3.55	-1.00	H5	escaped	O6	81817.3813	O6	81817.3813	81822.5527
53493	TS	Behrens_3.55	-1.00	H6	escaped	O2	78015.1911	O2	78015.1911	78015.6755
53493	TS	Behrens_3.55	-1.00	H7	escaped	H8	76551.5666	H8	76551.5666	76551.5666
53493	TS	Behrens_3.55	-1.00	H8	escaped	H8	76354.3026	H8	76354.3026	76354.3026
54144	R	N	+0.25	carbA	own	O1	2.8883	O1	2.8883	5.0339
54144	R	N	+0.25	carbB	own	O6	3.0079	H2	2.6825	7.1145
54144	R	N	+0.25	ether	migrated	O2	2.8933	O2	2.8933	6.0541
54144	R	N	+0.25	hydroxyl	migrated	O5	3.0134	O5	3.0134	5.4928
54144	R	N	+0.50	carbA	own	O1	2.7381	O1	2.7381	5.8654
54144	R	N	+0.50	carbB	own	O6	2.8380	H2	2.6089	7.0265
54144	R	N	+0.50	ether	migrated	O2	2.7376	O2	2.7376	5.8158
54144	R	N	+0.50	hydroxyl	migrated	O5	2.8089	O5	2.8089	5.6091
54144	R	N	+0.75	carbA	own	O1	2.6548	O1	2.6548	6.0159
54144	R	N	+0.75	carbB	own	O6	2.7447	H2	2.5672	6.9647
54144	R	N	+0.75	ether	migrated	O2	2.6465	O2	2.6465	5.6755
54144	R	N	+0.75	hydroxyl	migrated	O5	2.6983	O5	2.6983	5.6621
54144	R	N	+1.00	carbA	own	O1	2.5961	O1	2.5961	6.0533
54144	R	N	+1.00	carbB	own	O6	2.6316	O6	2.6316	8.7355
54144	R	N	+1.00	ether	migrated	O2	2.5826	O2	2.5826	5.5769
54144	R	N	+1.00	hydroxyl	migrated	O6	2.6316	O6	2.6316	8.7355
54144	R	N	-0.25	H1	escaped	O5	45944.7832	O5	45944.7832	45949.1703
54144	R	N	-0.25	H2	escaped	O1	45284.0038	O1	45284.0038	45289.6233
54144	R	N	-0.25	H3	escaped	H8	40790.9125	H8	40790.9125	40790.9125
54144	R	N	-0.25	H4	escaped	O5	35258.0858	O5	35258.0858	35261.2592
54144	R	N	-0.25	H5	escaped	O6	34827.2280	O6	34827.2280	34831.2794
54144	R	N	-0.25	H6	escaped	H6	49407.4424	H6	49407.4424	49408.2613
54144	R	N	-0.25	H7	escaped	H3	49663.3133	H3	49663.3133	49663.8860
54144	R	N	-0.25	H8	escaped	H8	42324.0243	H8	42324.0243	42324.0243
54144	R	N	-0.50	H1	escaped	O5	50674.5832	O5	50674.5832	50679.1421
54144	R	N	-0.50	H2	escaped	O1	52181.6237	O1	52181.6237	52186.3304
54144	R	N	-0.50	H3	escaped	H8	71453.5121	H8	71453.5121	71453.5121
54144	R	N	-0.50	H4	escaped	O5	54061.2101	O5	54061.2101	54065.7391
54144	R	N	-0.50	H5	escaped	O6	53694.9887	O6	53694.9887	53700.1636
54144	R	N	-0.50	H6	escaped	H6	67741.1333	H6	67741.1333	67742.1148
54144	R	N	-0.50	H7	escaped	H3	61666.3576	H3	61666.3576	61667.1335
54144	R	N	-0.50	H8	escaped	H8	56041.5095	H8	56041.5095	56041.5095
54144	R	N	-0.75	H1	escaped	O5	67006.0973	O5	67006.0973	67010.6629
54144	R	N	-0.75	H2	escaped	O1	79205.6258	O1	79205.6258	79209.7038
54144	R	N	-0.75	H3	escaped	H3	71641.0683	H3	71641.0683	71641.3300
54144	R	N	-0.75	H4	escaped	O5	62680.3629	O5	62680.3629	62685.2738
54144	R	N	-0.75	H5	escaped	O6	80535.2101	O6	80535.2101	80540.6445
54144	R	N	-0.75	H6	escaped	O1	73344.3650	O1	73344.3650	73345.7888
54144	R	N	-0.75	H7	escaped	H3	84719.5900	H3	84719.5900	84720.4716
54144	R	N	-0.75	H8	escaped	H8	74594.3162	H8	74594.3162	74594.3162
54144	R	N	-1.00	H1	escaped	O5	75674.4282	O5	75674.4282	75679.0000
54144	R	N	-1.00	H2	escaped	O1	82835.5409	O1	82835.5409	82839.2533
54144	R	N	-1.00	H3	escaped	H3	96295.6537	H3	96295.6537	96296.2308
54144	R	N	-1.00	H4	escaped	O5	86938.9736	O5	86938.9736	86944.0296
54144	R	N	-1.00	H5	escaped	O6	84055.5800	O6	84055.5800	84061.0899
54144	R	N	-1.00	H6	escaped	O1	80155.3823	O1	80155.3823	80157.4063
54144	R	N	-1.00	H7	escaped	H3	81842.3561	H3	81842.3561	81843.2731
54144	R	N	-1.00	H8	escaped	H8	74970.3065	H8	74970.3065	74970.3065
54144	R	N+5%	+0.25	carbA	own	O1	2.9657	O1	2.9657	5.0665
54144	R	N+5%	+0.25	carbB	own	O6	3.1139	H2	2.7375	7.1762
54144	R	N+5%	+0.25	ether	migrated	O2	2.9796	O2	2.9796	6.1788
54144	R	N+5%	+0.25	hydroxyl	migrated	O5	3.1386	O5	3.1386	5.4606
54144	R	N+5%	+0.50	carbA	own	O1	2.8139	O1	2.8139	5.5753
54144	R	N+5%	+0.50	carbB	own	O6	2.9267	H2	2.6577	7.0935
54144	R	N+5%	+0.50	ether	migrated	O2	2.8191	O2	2.8191	5.9378
54144	R	N+5%	+0.50	hydroxyl	migrated	O6	2.9267	H2	2.6577	7.0935
54144	R	N+5%	+0.75	carbA	own	O1	2.7268	O1	2.7268	5.9573
54144	R	N+5%	+0.75	carbB	own	O6	2.8261	H2	2.6112	7.0326
54144	R	N+5%	+0.75	ether	migrated	O2	2.7251	O2	2.7251	5.7947
54144	R	N+5%	+0.75	hydroxyl	migrated	O5	2.7908	O5	2.7908	5.6579
54144	R	N+5%	+1.00	carbA	own	O1	2.6665	O1	2.6665	6.0304
54144	R	N+5%	+1.00	carbB	own	O6	2.7581	H2	2.5796	6.9855
54144	R	N+5%	+1.00	ether	migrated	O2	2.6591	O2	2.6591	5.6938
54144	R	N+5%	+1.00	hydroxyl	migrated	O5	2.7109	O5	2.7109	5.6932
54144	R	N+5%	-0.25	H1	escaped	O5	37101.5281	O5	37101.5281	37105.7178
54144	R	N+5%	-0.25	H2	escaped	O1	45431.7730	O1	45431.7730	45437.4056
54144	R	N+5%	-0.25	H3	escaped	H8	40785.0022	H8	40785.0022	40785.0022
54144	R	N+5%	-0.25	H4	escaped	O5	35418.7710	O5	35418.7710	35421.8740
54144	R	N+5%	-0.25	H5	escaped	O6	34978.4294	O6	34978.4294	34982.4169
54144	R	N+5%	-0.25	H6	escaped	H6	49571.0459	H6	49571.0459	49571.8306
54144	R	N+5%	-0.25	H7	escaped	H3	51274.8956	H3	51274.8956	51275.4587
54144	R	N+5%	-0.25	H8	escaped	H8	42339.5371	H8	42339.5371	42339.5371
54144	R	N+5%	-0.50	H1	escaped	O5	61190.8029	O5	61190.8029	61195.2321
54144	R	N+5%	-0.50	H2	escaped	O1	52302.2983	O1	52302.2983	52307.0133
54144	R	N+5%	-0.50	H3	escaped	H8	71699.6766	H8	71699.6766	71699.6766
54144	R	N+5%	-0.50	H4	escaped	O5	54248.5687	O5	54248.5687	54253.0462
54144	R	N+5%	-0.50	H5	escaped	O6	53906.8903	O6	53906.8903	53912.0153
54144	R	N+5%	-0.50	H6	escaped	H6	67617.2726	H6	67617.2726	67618.2137
54144	R	N+5%	-0.50	H7	escaped	H3	65853.1893	H3	65853.1893	65853.9680
54144	R	N+5%	-0.50	H8	escaped	H8	56013.7065	H8	56013.7065	56013.7065
54144	R	N+5%	-0.75	H1	escaped	O5	63131.6222	O5	63131.6222	63136.0963
54144	R	N+5%	-0.75	H2	escaped	O1	79281.4130	O1	79281.4130	79285.4933
54144	R	N+5%	-0.75	H3	escaped	H3	71765.6211	H3	71765.6211	71765.8692
54144	R	N+5%	-0.75	H4	escaped	O5	62748.9832	O5	62748.9832	62753.8555
54144	R	N+5%	-0.75	H5	escaped	O6	80649.4493	O6	80649.4493	80654.8445
54144	R	N+5%	-0.75	H6	escaped	O1	73114.3095	O1	73114.3095	73115.6521
54144	R	N+5%	-0.75	H7	escaped	H3	72569.7136	H3	72569.7136	72570.5954
54144	R	N+5%	-0.75	H8	escaped	H8	74546.5035	H8	74546.5035	74546.5035
54144	R	N+5%	-1.00	H1	escaped	O5	79351.1780	O5	79351.1780	79355.6568
54144	R	N+5%	-1.00	H2	escaped	O1	82909.5094	O1	82909.5094	82913.2230
54144	R	N+5%	-1.00	H3	escaped	H3	96360.0269	H3	96360.0269	96360.5889
54144	R	N+5%	-1.00	H4	escaped	O5	87027.4472	O5	87027.4472	87032.4717
54144	R	N+5%	-1.00	H5	escaped	O6	84161.6889	O6	84161.6889	84167.1662
54144	R	N+5%	-1.00	H6	escaped	O1	79934.8502	O1	79934.8502	79936.8155
54144	R	N+5%	-1.00	H7	escaped	H3	88086.0161	H3	88086.0161	88086.9174
54144	R	N+5%	-1.00	H8	escaped	H8	74919.7935	H8	74919.7935	74919.7935
54144	R	N+10%	+0.25	carbA	own	O1	3.0433	O1	3.0433	5.1095
54144	R	N+10%	+0.25	carbB	migrated	O1	3.2499	H2	2.7833	7.0192
54144	R	N+10%	+0.25	ether	migrated	O2	3.0664	O2	3.0664	6.3035
54144	R	N+10%	+0.25	hydroxyl	migrated	O6	3.2317	H2	2.7943	7.2312
54144	R	N+10%	+0.50	carbA	own	O1	2.8904	O1	2.8904	5.2702
54144	R	N+10%	+0.50	carbB	own	O6	3.0206	H2	2.7091	7.1574
54144	R	N+10%	+0.50	ether	migrated	O2	2.9012	O2	2.9012	6.0600
54144	R	N+10%	+0.50	hydroxyl	migrated	O5	3.0157	O5	3.0157	5.5879
54144	R	N+10%	+0.75	carbA	own	O1	2.7993	O1	2.7993	5.8351
54144	R	N+10%	+0.75	carbB	own	O6	2.9115	H2	2.6586	7.0985
54144	R	N+10%	+0.75	ether	migrated	O2	2.8043	O2	2.8043	5.9144
54144	R	N+10%	+0.75	hydroxyl	migrated	O6	2.9115	H2	2.6586	7.0985
54144	R	N+10%	+1.00	carbA	own	O1	2.7370	O1	2.7370	5.9805
54144	R	N+10%	+1.00	carbB	own	O6	2.8384	H2	2.6235	7.0520
54144	R	N+10%	+1.00	ether	migrated	O2	2.7362	O2	2.7362	5.8112
54144	R	N+10%	+1.00	hydroxyl	migrated	O5	2.8019	O5	2.8019	5.6914
54144	R	N+10%	-0.25	H1	escaped	O5	42138.4469	O5	42138.4469	42142.4145
54144	R	N+10%	-0.25	H2	escaped	O1	45606.2978	O1	45606.2978	45611.9468
54144	R	N+10%	-0.25	H3	escaped	H8	40824.3178	H8	40824.3178	40824.3178
54144	R	N+10%	-0.25	H4	escaped	O5	35587.5422	O5	35587.5422	35590.5302
54144	R	N+10%	-0.25	H5	escaped	O6	35145.9199	O6	35145.9199	35149.8005
54144	R	N+10%	-0.25	H6	escaped	H6	49716.5859	H6	49716.5859	49717.3117
54144	R	N+10%	-0.25	H7	escaped	H3	51503.3675	H3	51503.3675	51503.9099
54144	R	N+10%	-0.25	H8	escaped	H8	42364.0427	H8	42364.0427	42364.0427
54144	R	N+10%	-0.50	H1	escaped	O5	59706.0130	O5	59706.0130	59710.2760
54144	R	N+10%	-0.50	H2	escaped	O1	52462.8897	O1	52462.8897	52467.6141
54144	R	N+10%	-0.50	H3	escaped	H8	71950.4161	H8	71950.4161	71950.4161
54144	R	N+10%	-0.50	H4	escaped	O5	54468.1281	O5	54468.1281	54472.5246
54144	R	N+10%	-0.50	H5	escaped	O6	54175.2678	O6	54175.2678	54180.3117
54144	R	N+10%	-0.50	H6	escaped	H6	67337.4119	H6	67337.4119	67338.2810
54144	R	N+10%	-0.50	H7	escaped	H3	72268.6496	H3	72268.6496	72269.4250
54144	R	N+10%	-0.50	H8	escaped	H8	55995.5861	H8	55995.5861	55995.5861
54144	R	N+10%	-0.75	H1	escaped	O5	72369.5508	O5	72369.5508	72373.9290
54144	R	N+10%	-0.75	H2	escaped	O1	79431.8178	O1	79431.8178	79435.9002
54144	R	N+10%	-0.75	H3	escaped	H3	71848.8962	H3	71848.8962	71849.1121
54144	R	N+10%	-0.75	H4	escaped	O5	62880.4286	O5	62880.4286	62885.2408
54144	R	N+10%	-0.75	H5	escaped	O6	80855.5917	O6	80855.5917	80860.9240
54144	R	N+10%	-0.75	H6	escaped	O1	72669.8692	O1	72669.8692	72671.0683
54144	R	N+10%	-0.75	H7	escaped	H3	78923.3019	H3	78923.3019	78924.1795
54144	R	N+10%	-0.75	H8	escaped	H8	74512.9515	H8	74512.9515	74512.9515
54144	R	N+10%	-1.00	H1	escaped	O5	74798.0658	O5	74798.0658	74802.4434
54144	R	N+10%	-1.00	H2	escaped	O1	83051.2753	O1	83051.2753	83054.9896
54144	R	N+10%	-1.00	H3	escaped	H3	96304.9734	H3	96304.9734	96305.4992
54144	R	N+10%	-1.00	H4	escaped	O5	87195.9090	O5	87195.9090	87200.8852
54144	R	N+10%	-1.00	H5	escaped	O6	84352.8687	O6	84352.8687	84358.2945
54144	R	N+10%	-1.00	H6	escaped	O2	79514.4704	O2	79514.4704	79516.3592
54144	R	N+10%	-1.00	H7	escaped	H3	90889.5600	H3	90889.5600	90890.4609
54144	R	N+10%	-1.00	H8	escaped	H8	74884.1296	H8	74884.1296	74884.1296
54144	R	OPLS_sp3C	+0.25	carbA	own	O1	2.9044	O1	2.9044	5.1781
54144	R	OPLS_sp3C	+0.25	carbB	own	O6	3.0365	H2	2.7118	7.1571
54144	R	OPLS_sp3C	+0.25	ether	migrated	O2	2.9152	O2	2.9152	6.0816
54144	R	OPLS_sp3C	+0.25	hydroxyl	migrated	O5	3.0372	O5	3.0372	5.5539
54144	R	OPLS_sp3C	+0.50	carbA	own	O1	2.7513	O1	2.7513	5.9364
54144	R	OPLS_sp3C	+0.50	carbB	own	O6	2.8547	H2	2.6284	7.0576
54144	R	OPLS_sp3C	+0.50	ether	migrated	O2	2.7519	O2	2.7519	5.8351
54144	R	OPLS_sp3C	+0.50	hydroxyl	migrated	O5	2.8224	O5	2.8224	5.6646
54144	R	OPLS_sp3C	+0.75	carbA	own	O1	2.6652	O1	2.6652	6.0420
54144	R	OPLS_sp3C	+0.75	carbB	own	O6	2.7568	H2	2.5819	6.9898
54144	R	OPLS_sp3C	+0.75	ether	migrated	O2	2.6577	O2	2.6577	5.6915
54144	R	OPLS_sp3C	+0.75	hydroxyl	migrated	O5	2.7080	O5	2.7080	5.7138
54144	R	OPLS_sp3C	+1.00	carbA	own	O1	2.6048	O1	2.6048	6.0693
54144	R	OPLS_sp3C	+1.00	carbB	own	O6	2.6416	O6	2.6416	8.7342
54144	R	OPLS_sp3C	+1.00	ether	migrated	O2	2.5919	O2	2.5919	5.5911
54144	R	OPLS_sp3C	+1.00	hydroxyl	migrated	O5	2.6304	O5	2.6304	5.7461
54144	R	OPLS_sp3C	-0.25	H1	escaped	O5	45824.2039	O5	45824.2039	45828.5681
54144	R	OPLS_sp3C	-0.25	H2	escaped	O1	45170.7097	O1	45170.7097	45176.3237
54144	R	OPLS_sp3C	-0.25	H3	escaped	H8	41032.4524	H8	41032.4524	41032.4524
54144	R	OPLS_sp3C	-0.25	H4	escaped	O5	35073.9374	O5	35073.9374	35077.0971
54144	R	OPLS_sp3C	-0.25	H5	escaped	O6	34707.7884	O6	34707.7884	34711.8199
54144	R	OPLS_sp3C	-0.25	H6	escaped	H6	48956.6468	H6	48956.6468	48957.4188
54144	R	OPLS_sp3C	-0.25	H7	escaped	H3	48565.4132	H3	48565.4132	48566.0590
54144	R	OPLS_sp3C	-0.25	H8	escaped	H8	42346.8541	H8	42346.8541	42346.8541
54144	R	OPLS_sp3C	-0.50	H1	escaped	O5	61943.3674	O5	61943.3674	61947.9022
54144	R	OPLS_sp3C	-0.50	H2	escaped	O1	52271.8652	O1	52271.8652	52276.5535
54144	R	OPLS_sp3C	-0.50	H3	escaped	H8	70931.2813	H8	70931.2813	70931.2813
54144	R	OPLS_sp3C	-0.50	H4	escaped	O5	54035.9533	O5	54035.9533	54040.4508
54144	R	OPLS_sp3C	-0.50	H5	escaped	O6	53767.3790	O6	53767.3790	53772.5074
54144	R	OPLS_sp3C	-0.50	H6	escaped	H6	67183.3594	H6	67183.3594	67184.2678
54144	R	OPLS_sp3C	-0.50	H7	escaped	H3	60564.0572	H3	60564.0572	60564.8686
54144	R	OPLS_sp3C	-0.50	H8	escaped	H8	56178.0780	H8	56178.0780	56178.0780
54144	R	OPLS_sp3C	-0.75	H1	escaped	O5	65902.2416	O5	65902.2416	65906.7698
54144	R	OPLS_sp3C	-0.75	H2	escaped	O1	79587.1891	O1	79587.1891	79591.2544
54144	R	OPLS_sp3C	-0.75	H3	escaped	H3	71100.4487	H3	71100.4487	71100.6204
54144	R	OPLS_sp3C	-0.75	H4	escaped	O5	63010.7070	O5	63010.7070	63015.5858
54144	R	OPLS_sp3C	-0.75	H5	escaped	O6	80972.8705	O6	80972.8705	80978.2599
54144	R	OPLS_sp3C	-0.75	H6	escaped	O1	72802.5773	O1	72802.5773	72803.8812
54144	R	OPLS_sp3C	-0.75	H7	escaped	H3	84424.3011	H3	84424.3011	84425.2060
54144	R	OPLS_sp3C	-0.75	H8	escaped	H8	74809.7252	H8	74809.7252	74809.7252
54144	R	OPLS_sp3C	-1.00	H1	escaped	O5	76910.3698	O5	76910.3698	76914.9059
54144	R	OPLS_sp3C	-1.00	H2	escaped	O1	83158.0597	O1	83158.0597	83161.7629
54144	R	OPLS_sp3C	-1.00	H3	escaped	H3	95379.4698	H3	95379.4698	95379.9436
54144	R	OPLS_sp3C	-1.00	H4	escaped	O5	87331.9270	O5	87331.9270	87336.9548
54144	R	OPLS_sp3C	-1.00	H5	escaped	O6	84438.5800	O6	84438.5800	84444.0509
54144	R	OPLS_sp3C	-1.00	H6	escaped	O2	79692.6757	O2	79692.6757	79694.6202
54144	R	OPLS_sp3C	-1.00	H7	escaped	H3	81687.4392	H3	81687.4392	81688.3719
54144	R	OPLS_sp3C	-1.00	H8	escaped	H8	75194.8645	H8	75194.8645	75194.8645
54144	R	Behrens_3.55	+0.25	carbA	own	O1	2.9276	O1	2.9276	5.1767
54144	R	Behrens_3.55	+0.25	carbB	own	O6	3.0676	H2	2.7283	7.1760
54144	R	Behrens_3.55	+0.25	ether	migrated	O2	2.9410	O2	2.9410	6.1195
54144	R	Behrens_3.55	+0.25	hydroxyl	migrated	O5	3.0733	O5	3.0733	5.5471
54144	R	Behrens_3.55	+0.50	carbA	own	O1	2.7734	O1	2.7734	5.9027
54144	R	Behrens_3.55	+0.50	carbB	own	O6	2.8808	H2	2.6429	7.0779
54144	R	Behrens_3.55	+0.50	ether	migrated	O2	2.7761	O2	2.7761	5.8718
54144	R	Behrens_3.55	+0.50	hydroxyl	migrated	O5	2.8518	O5	2.8518	5.6634
54144	R	Behrens_3.55	+0.75	carbA	own	O1	2.6866	O1	2.6866	6.0321
54144	R	Behrens_3.55	+0.75	carbB	own	O6	2.7808	H2	2.5949	7.0102
54144	R	Behrens_3.55	+0.75	ether	migrated	O2	2.6810	O2	2.6810	5.7272
54144	R	Behrens_3.55	+0.75	hydroxyl	migrated	O5	2.7353	O5	2.7353	5.7136
54144	R	Behrens_3.55	+1.00	carbA	own	O1	2.6257	O1	2.6257	6.0661
54144	R	Behrens_3.55	+1.00	carbB	own	O6	2.6705	O6	2.6705	8.6769
54144	R	Behrens_3.55	+1.00	ether	migrated	O2	2.6146	O2	2.6146	5.6260
54144	R	Behrens_3.55	+1.00	hydroxyl	migrated	O5	2.6564	O5	2.6564	5.7459
54144	R	Behrens_3.55	-0.25	H1	escaped	O5	46332.7300	O5	46332.7300	46337.0432
54144	R	Behrens_3.55	-0.25	H2	escaped	O1	45203.3226	O1	45203.3226	45208.9400
54144	R	Behrens_3.55	-0.25	H3	escaped	H8	41101.7127	H8	41101.7127	41101.7127
54144	R	Behrens_3.55	-0.25	H4	escaped	O5	35104.2802	O5	35104.2802	35107.4174
54144	R	Behrens_3.55	-0.25	H5	escaped	O6	34739.3605	O6	34739.3605	34743.3712
54144	R	Behrens_3.55	-0.25	H6	escaped	H6	48980.8414	H6	48980.8414	48981.6012
54144	R	Behrens_3.55	-0.25	H7	escaped	H3	50092.0678	H3	50092.0678	50092.7165
54144	R	Behrens_3.55	-0.25	H8	escaped	H8	42347.1195	H8	42347.1195	42347.1195
54144	R	Behrens_3.55	-0.50	H1	escaped	O5	62157.1115	O5	62157.1115	62161.6060
54144	R	Behrens_3.55	-0.50	H2	escaped	O1	52304.8874	O1	52304.8874	52309.5775
54144	R	Behrens_3.55	-0.50	H3	escaped	H8	70975.6859	H8	70975.6859	70975.6859
54144	R	Behrens_3.55	-0.50	H4	escaped	O5	54078.3787	O5	54078.3787	54082.8602
54144	R	Behrens_3.55	-0.50	H5	escaped	O6	53821.1764	O6	53821.1764	53826.2886
54144	R	Behrens_3.55	-0.50	H6	escaped	H6	67124.6088	H6	67124.6088	67125.5024
54144	R	Behrens_3.55	-0.50	H7	escaped	H3	62126.1277	H3	62126.1277	62126.9426
54144	R	Behrens_3.55	-0.50	H8	escaped	H8	56173.2883	H8	56173.2883	56173.2883
54144	R	Behrens_3.55	-0.75	H1	escaped	O5	64829.0341	O5	64829.0341	64833.5363
54144	R	Behrens_3.55	-0.75	H2	escaped	O1	79619.7732	O1	79619.7732	79623.8388
54144	R	Behrens_3.55	-0.75	H3	escaped	H3	71114.6456	H3	71114.6456	71114.8103
54144	R	Behrens_3.55	-0.75	H4	escaped	O5	63038.8591	O5	63038.8591	63043.7259
54144	R	Behrens_3.55	-0.75	H5	escaped	O6	81017.0074	O6	81017.0074	81022.3842
54144	R	Behrens_3.55	-0.75	H6	escaped	O1	72712.4794	O1	72712.4794	72713.7541
54144	R	Behrens_3.55	-0.75	H7	escaped	H3	87185.2554	H3	87185.2554	87186.1624
54144	R	Behrens_3.55	-0.75	H8	escaped	H8	74802.5462	H8	74802.5462	74802.5462
54144	R	Behrens_3.55	-1.00	H1	escaped	O5	77931.5731	O5	77931.5731	77936.0831
54144	R	Behrens_3.55	-1.00	H2	escaped	O1	83188.5264	O1	83188.5264	83192.2298
54144	R	Behrens_3.55	-1.00	H3	escaped	H3	95365.2892	H3	95365.2892	95365.7548
54144	R	Behrens_3.55	-1.00	H4	escaped	O5	87367.9232	O5	87367.9232	87372.9413
54144	R	Behrens_3.55	-1.00	H5	escaped	O6	84479.3909	O6	84479.3909	84484.8513
54144	R	Behrens_3.55	-1.00	H6	escaped	O2	79608.4791	O2	79608.4791	79610.4103
54144	R	Behrens_3.55	-1.00	H7	escaped	H3	85876.4163	H3	85876.4163	85877.3327
54144	R	Behrens_3.55	-1.00	H8	escaped	H8	75187.6998	H8	75187.6998	75187.6998
54144	TS	N	+0.25	carbA	own	O1	2.8822	O1	2.8822	5.0277
54144	TS	N	+0.25	carbB	own	O6	2.9580	O6	2.9580	8.6440
54144	TS	N	+0.25	ether	migrated	O2	2.8930	O2	2.8930	6.5925
54144	TS	N	+0.25	hydroxyl	migrated	O6	3.0405	O6	3.0405	5.4828
54144	TS	N	+0.50	carbA	own	O1	2.7387	O1	2.7387	5.1265
54144	TS	N	+0.50	carbB	own	O6	2.7671	O6	2.7671	9.1572
54144	TS	N	+0.50	ether	migrated	O2	2.7330	O2	2.7330	6.3016
54144	TS	N	+0.50	hydroxyl	migrated	O6	2.7671	O6	2.7671	9.1572
54144	TS	N	+0.75	carbA	own	O1	2.6518	O1	2.6518	5.4772
54144	TS	N	+0.75	carbB	own	O6	2.6723	O6	2.6723	9.1092
54144	TS	N	+0.75	ether	migrated	O2	2.6407	O2	2.6407	6.1313
54144	TS	N	+0.75	hydroxyl	migrated	O6	2.6723	O6	2.6723	9.1092
54144	TS	N	+1.00	carbA	own	O1	2.5918	O1	2.5918	5.6905
54144	TS	N	+1.00	carbB	own	O6	2.6101	O6	2.6101	9.0443
54144	TS	N	+1.00	ether	migrated	O2	2.5762	O2	2.5762	6.0128
54144	TS	N	+1.00	hydroxyl	migrated	O6	2.6101	O6	2.6101	9.0443
54144	TS	N	-0.25	H1	escaped	O5	46923.8395	O5	46923.8395	46928.8621
54144	TS	N	-0.25	H2	escaped	O1	43943.7111	O1	43943.7111	43949.1054
54144	TS	N	-0.25	H3	escaped	H3	41367.8402	H3	41367.8402	41367.8500
54144	TS	N	-0.25	H4	escaped	O5	34876.7874	O5	34876.7874	34879.9330
54144	TS	N	-0.25	H5	escaped	O6	45456.1463	O6	45456.1463	45460.2119
54144	TS	N	-0.25	H6	escaped	H6	49165.7223	H6	49165.7223	49166.1041
54144	TS	N	-0.25	H7	escaped	O4	45870.6963	O4	45870.6963	45870.7465
54144	TS	N	-0.25	H8	escaped	H8	37618.5520	H8	37618.5520	37618.5520
54144	TS	N	-0.50	H1	escaped	O5	56910.4018	O5	56910.4018	56915.3790
54144	TS	N	-0.50	H2	escaped	O1	50669.5449	O1	50669.5449	50674.0569
54144	TS	N	-0.50	H3	escaped	H3	74269.6536	H3	74269.6536	74270.0781
54144	TS	N	-0.50	H4	escaped	O5	53730.0718	O5	53730.0718	53734.5993
54144	TS	N	-0.50	H5	escaped	O6	52262.0418	O6	52262.0418	52267.2263
54144	TS	N	-0.50	H6	escaped	H6	66553.0961	H6	66553.0961	66553.5373
54144	TS	N	-0.50	H7	escaped	O4	54041.2147	O4	54041.2147	54041.2543
54144	TS	N	-0.50	H8	escaped	H8	56881.1877	H8	56881.1877	56881.1877
54144	TS	N	-0.75	H1	escaped	O5	63570.2598	O5	63570.2598	63575.1018
54144	TS	N	-0.75	H2	escaped	O1	76547.0952	O1	76547.0952	76551.0148
54144	TS	N	-0.75	H3	escaped	H3	76909.8975	H3	76909.8975	76910.7001
54144	TS	N	-0.75	H4	escaped	O5	62857.1293	O5	62857.1293	62862.0286
54144	TS	N	-0.75	H5	escaped	O6	77979.2437	O6	77979.2437	77984.6922
54144	TS	N	-0.75	H6	escaped	O2	71109.9872	O2	71109.9872	71110.5752
54144	TS	N	-0.75	H7	escaped	O4	70948.2966	O4	70948.2966	70948.3453
54144	TS	N	-0.75	H8	escaped	H8	75650.9100	H8	75650.9100	75650.9100
54144	TS	N	-1.00	H1	escaped	O5	88160.2812	O5	88160.2812	88165.0343
54144	TS	N	-1.00	H2	escaped	O1	79988.9956	O1	79988.9956	79992.5711
54144	TS	N	-1.00	H3	escaped	H3	80538.5033	H3	80538.5033	80539.6124
54144	TS	N	-1.00	H4	escaped	O5	89137.5232	O5	89137.5232	89142.5557
54144	TS	N	-1.00	H5	escaped	O6	81364.2250	O6	81364.2250	81369.7465
54144	TS	N	-1.00	H6	escaped	O2	77269.8987	O2	77269.8987	77271.1797
54144	TS	N	-1.00	H7	escaped	O4	75697.1217	O4	75697.1217	75697.1821
54144	TS	N	-1.00	H8	escaped	H8	75990.6196	H8	75990.6196	75990.6196
54144	TS	N+5%	+0.25	carbA	own	O1	2.9590	O1	2.9590	5.0760
54144	TS	N+5%	+0.25	carbB	own	O6	3.0337	O6	3.0337	8.7280
54144	TS	N+5%	+0.25	ether	migrated	O2	2.9820	O2	2.9820	6.7397
54144	TS	N+5%	+0.25	hydroxyl	migrated	O6	3.1608	O6	3.1608	5.4264
54144	TS	N+5%	+0.50	carbA	own	O1	2.8123	O1	2.8123	5.1253
54144	TS	N+5%	+0.50	carbB	own	O6	2.8991	O6	2.8991	8.6480
54144	TS	N+5%	+0.50	ether	migrated	O2	2.8158	O2	2.8158	6.4446
54144	TS	N+5%	+0.50	hydroxyl	migrated	O6	2.9191	O6	2.9191	5.6156
54144	TS	N+5%	+0.75	carbA	own	O1	2.7254	O1	2.7254	5.2632
54144	TS	N+5%	+0.75	carbB	own	O6	2.7523	O6	2.7523	9.1665
54144	TS	N+5%	+0.75	ether	migrated	O2	2.7200	O2	2.7200	6.2707
54144	TS	N+5%	+0.75	hydroxyl	migrated	O6	2.7523	O6	2.7523	9.1665
54144	TS	N+5%	+1.00	carbA	own	O1	2.6629	O1	2.6629	5.5324
54144	TS	N+5%	+1.00	carbB	own	O6	2.6849	O6	2.6849	9.1220
54144	TS	N+5%	+1.00	ether	migrated	O2	2.6531	O2	2.6531	6.1487
54144	TS	N+5%	+1.00	hydroxyl	migrated	O6	2.6849	O6	2.6849	9.1220
54144	TS	N+5%	-0.25	H1	escaped	O5	47835.8317	O5	47835.8317	47840.8500
54144	TS	N+5%	-0.25	H2	escaped	O1	44198.7731	O1	44198.7731	44204.1978
54144	TS	N+5%	-0.25	H3	escaped	H8	41379.9576	H8	41379.9576	41379.9576
54144	TS	N+5%	-0.25	H4	escaped	O5	35021.1408	O5	35021.1408	35024.1864
54144	TS	N+5%	-0.25	H5	escaped	O6	45667.2270	O6	45667.2270	45671.2315
54144	TS	N+5%	-0.25	H6	escaped	H6	49345.5087	H6	49345.5087	49345.8545
54144	TS	N+5%	-0.25	H7	escaped	O4	48433.7663	O4	48433.7663	48433.8379
54144	TS	N+5%	-0.25	H8	escaped	H8	37757.3270	H8	37757.3270	37757.3270
54144	TS	N+5%	-0.50	H1	escaped	O5	58233.8920	O5	58233.8920	58238.8512
54144	TS	N+5%	-0.50	H2	escaped	O1	50899.6890	O1	50899.6890	50904.2282
54144	TS	N+5%	-0.50	H3	escaped	H3	74233.7783	H3	74233.7783	74234.1886
54144	TS	N+5%	-0.50	H4	escaped	O5	53881.0083	O5	53881.0083	53885.4611
54144	TS	N+5%	-0.50	H5	escaped	O6	52468.5515	O6	52468.5515	52473.6831
54144	TS	N+5%	-0.50	H6	escaped	H6	66471.6136	H6	66471.6136	66472.0048
54144	TS	N+5%	-0.50	H7	escaped	O4	55237.3863	O4	55237.3863	55237.4475
54144	TS	N+5%	-0.50	H8	escaped	H8	56864.7715	H8	56864.7715	56864.7715
54144	TS	N+5%	-0.75	H1	escaped	O5	64102.4416	O5	64102.4416	64107.2710
54144	TS	N+5%	-0.75	H2	escaped	O1	76637.4872	O1	76637.4872	76641.4274
54144	TS	N+5%	-0.75	H3	escaped	H3	76839.3673	H3	76839.3673	76840.1574
54144	TS	N+5%	-0.75	H4	escaped	O5	63094.3544	O5	63094.3544	63099.1971
54144	TS	N+5%	-0.75	H5	escaped	O6	78081.0263	O6	78081.0263	78086.4318
54144	TS	N+5%	-0.75	H6	escaped	O2	70882.4030	O2	70882.4030	70882.9033
54144	TS	N+5%	-0.75	H7	escaped	O4	80153.1979	O4	80153.1979	80153.2730
54144	TS	N+5%	-0.75	H8	escaped	H8	75617.0253	H8	75617.0253	75617.0253
54144	TS	N+5%	-1.00	H1	escaped	O5	88816.4586	O5	88816.4586	88821.2034
54144	TS	N+5%	-1.00	H2	escaped	O1	80058.0840	O1	80058.0840	80061.6775
54144	TS	N+5%	-1.00	H3	escaped	H3	80464.4933	H3	80464.4933	80465.5931
54144	TS	N+5%	-1.00	H4	escaped	O5	89234.1494	O5	89234.1494	89239.1368
54144	TS	N+5%	-1.00	H5	escaped	O6	81454.6025	O6	81454.6025	81460.0878
54144	TS	N+5%	-1.00	H6	escaped	O2	77019.1669	O2	77019.1669	77020.3807
54144	TS	N+5%	-1.00	H7	escaped	O4	84539.4153	O4	84539.4153	84539.4882
54144	TS	N+5%	-1.00	H8	escaped	H8	75953.6417	H8	75953.6417	75953.6417
54144	TS	N+10%	+0.25	carbA	own	O1	3.0362	O1	3.0362	5.1282
54144	TS	N+10%	+0.25	carbB	own	O6	3.1093	O6	3.1093	8.8132
54144	TS	N+10%	+0.25	ether	migrated	O2	3.0727	O2	3.0727	6.8896
54144	TS	N+10%	+0.25	hydroxyl	migrated	O6	3.1093	O6	3.1093	8.8132
54144	TS	N+10%	+0.50	carbA	own	O1	2.8858	O1	2.8858	5.1507
54144	TS	N+10%	+0.50	carbB	own	O6	2.9681	O6	2.9681	8.7068
54144	TS	N+10%	+0.50	ether	migrated	O2	2.8998	O2	2.8998	6.5888
54144	TS	N+10%	+0.50	hydroxyl	migrated	O6	3.0211	O6	3.0211	5.5811
54144	TS	N+10%	+0.75	carbA	own	O1	2.7975	O1	2.7975	5.2095
54144	TS	N+10%	+0.75	carbB	own	O6	2.8892	O6	2.8892	8.6954
54144	TS	N+10%	+0.75	ether	migrated	O2	2.8003	O2	2.8003	6.4112
54144	TS	N+10%	+0.75	hydroxyl	migrated	O6	2.8892	O6	2.8892	8.6954
54144	TS	N+10%	+1.00	carbA	own	O1	2.7345	O1	2.7345	5.3399
54144	TS	N+10%	+1.00	carbB	own	O6	2.7637	O6	2.7637	9.1747
54144	TS	N+10%	+1.00	ether	migrated	O2	2.7310	O2	2.7310	6.2861
54144	TS	N+10%	+1.00	hydroxyl	migrated	O6	2.7637	O6	2.7637	9.1747
54144	TS	N+10%	-0.25	H1	escaped	O5	45106.6149	O5	45106.6149	45111.6091
54144	TS	N+10%	-0.25	H2	escaped	O1	44538.7643	O1	44538.7643	44544.2305
54144	TS	N+10%	-0.25	H3	escaped	H8	41434.8930	H8	41434.8930	41434.8930
54144	TS	N+10%	-0.25	H4	escaped	O5	34721.9406	O5	34721.9406	34724.8855
54144	TS	N+10%	-0.25	H5	escaped	O6	45911.7933	O6	45911.7933	45915.6964
54144	TS	N+10%	-0.25	H6	escaped	H6	49527.5568	H6	49527.5568	49527.8419
54144	TS	N+10%	-0.25	H7	escaped	O4	37978.0383	O4	37978.0383	37978.1247
54144	TS	N+10%	-0.25	H8	escaped	H8	37924.0313	H8	37924.0313	37924.0313
54144	TS	N+10%	-0.50	H1	escaped	O5	60106.7191	O5	60106.7191	60111.6486
54144	TS	N+10%	-0.50	H2	escaped	O1	51240.1645	O1	51240.1645	51244.7394
54144	TS	N+10%	-0.50	H3	escaped	H3	74194.4562	H3	74194.4562	74194.8384
54144	TS	N+10%	-0.50	H4	escaped	O5	54047.8955	O5	54047.8955	54052.2305
54144	TS	N+10%	-0.50	H5	escaped	O6	52743.9479	O6	52743.9479	52748.9937
54144	TS	N+10%	-0.50	H6	escaped	H6	66288.2678	H6	66288.2678	66288.5723
54144	TS	N+10%	-0.50	H7	escaped	O4	56881.2051	O4	56881.2051	56881.2821
54144	TS	N+10%	-0.50	H8	escaped	H8	56858.2445	H8	56858.2445	56858.2445
54144	TS	N+10%	-0.75	H1	escaped	O5	64919.2004	O5	64919.2004	64924.0089
54144	TS	N+10%	-0.75	H2	escaped	O1	76820.2321	O1	76820.2321	76824.2002
54144	TS	N+10%	-0.75	H3	escaped	H3	76723.5233	H3	76723.5233	76724.2880
54144	TS	N+10%	-0.75	H4	escaped	O5	63379.8596	O5	63379.8596	63384.6147
54144	TS	N+10%	-0.75	H5	escaped	O6	78272.8054	O6	78272.8054	78278.1423
54144	TS	N+10%	-0.75	H6	escaped	O2	70477.0568	O2	70477.0568	70477.4059
54144	TS	N+10%	-0.75	H7	escaped	O4	68420.5193	O4	68420.5193	68420.6163
54144	TS	N+10%	-0.75	H8	escaped	H8	75596.7623	H8	75596.7623	75596.7623
54144	TS	N+10%	-1.00	H1	escaped	O5	89809.1731	O5	89809.1731	89813.9034
54144	TS	N+10%	-1.00	H2	escaped	O1	80200.1131	O1	80200.1131	80203.7316
54144	TS	N+10%	-1.00	H3	escaped	H3	80337.4987	H3	80337.4987	80338.5793
54144	TS	N+10%	-1.00	H4	escaped	O5	89410.5829	O5	89410.5829	89415.5011
54144	TS	N+10%	-1.00	H5	escaped	O6	81624.3946	O6	81624.3946	81629.8226
54144	TS	N+10%	-1.00	H6	escaped	O2	76580.9910	O2	76580.9910	76582.0880
54144	TS	N+10%	-1.00	H7	escaped	O5	76315.1787	O5	76315.1787	76315.3041
54144	TS	N+10%	-1.00	H8	escaped	H8	75930.4577	H8	75930.4577	75930.4577
54144	TS	OPLS_sp3C	+0.25	carbA	own	O1	2.8993	O1	2.8993	5.1198
54144	TS	OPLS_sp3C	+0.25	carbB	own	O6	2.9792	O6	2.9792	8.7020
54144	TS	OPLS_sp3C	+0.25	ether	migrated	O2	2.9145	O2	2.9145	6.6175
54144	TS	OPLS_sp3C	+0.25	hydroxyl	migrated	O6	3.0466	O6	3.0466	5.5460
54144	TS	OPLS_sp3C	+0.50	carbA	own	O1	2.7497	O1	2.7497	5.2529
54144	TS	OPLS_sp3C	+0.50	carbB	own	O6	2.7816	O6	2.7816	9.1711
54144	TS	OPLS_sp3C	+0.50	ether	migrated	O2	2.7470	O2	2.7470	6.3170
54144	TS	OPLS_sp3C	+0.50	hydroxyl	migrated	O6	2.7816	O6	2.7816	9.1711
54144	TS	OPLS_sp3C	+0.75	carbA	own	O1	2.6612	O1	2.6612	5.5796
54144	TS	OPLS_sp3C	+0.75	carbB	own	O6	2.6835	O6	2.6835	9.1213
54144	TS	OPLS_sp3C	+0.75	ether	migrated	O2	2.6516	O2	2.6516	6.1439
54144	TS	OPLS_sp3C	+0.75	hydroxyl	migrated	O6	2.6835	O6	2.6835	9.1213
54144	TS	OPLS_sp3C	+1.00	carbA	own	O1	2.6002	O1	2.6002	5.7280
54144	TS	OPLS_sp3C	+1.00	carbB	own	O6	2.6193	O6	2.6193	9.0550
54144	TS	OPLS_sp3C	+1.00	ether	migrated	O2	2.5854	O2	2.5854	6.0240
54144	TS	OPLS_sp3C	+1.00	hydroxyl	migrated	O6	2.6382	O6	2.6382	5.7775
54144	TS	OPLS_sp3C	-0.25	H1	escaped	O5	46569.1760	O5	46569.1760	46574.1831
54144	TS	OPLS_sp3C	-0.25	H2	escaped	O1	43898.9640	O1	43898.9640	43904.3672
54144	TS	OPLS_sp3C	-0.25	H3	escaped	H3	41641.4222	H3	41641.4222	41641.4282
54144	TS	OPLS_sp3C	-0.25	H4	escaped	O5	34566.4728	O5	34566.4728	34569.5875
54144	TS	OPLS_sp3C	-0.25	H5	escaped	O6	45311.3571	O6	45311.3571	45315.4056
54144	TS	OPLS_sp3C	-0.25	H6	escaped	H6	48761.3722	H6	48761.3722	48761.6990
54144	TS	OPLS_sp3C	-0.25	H7	escaped	O4	43614.7100	O4	43614.7100	43614.7505
54144	TS	OPLS_sp3C	-0.25	H8	escaped	H8	43057.2100	H8	43057.2100	43057.2100
54144	TS	OPLS_sp3C	-0.50	H1	escaped	O5	57275.1322	O5	57275.1322	57280.0696
54144	TS	OPLS_sp3C	-0.50	H2	escaped	O1	50885.2916	O1	50885.2916	50889.7995
54144	TS	OPLS_sp3C	-0.50	H3	escaped	H3	74397.2868	H3	74397.2868	74397.6728
54144	TS	OPLS_sp3C	-0.50	H4	escaped	O5	53656.0753	O5	53656.0753	53660.5481
54144	TS	OPLS_sp3C	-0.50	H5	escaped	O6	52384.5554	O6	52384.5554	52389.6885
54144	TS	OPLS_sp3C	-0.50	H6	escaped	H6	66062.0680	H6	66062.0680	66062.4132
54144	TS	OPLS_sp3C	-0.50	H7	escaped	O4	53539.7546	O4	53539.7546	53539.7873
54144	TS	OPLS_sp3C	-0.50	H8	escaped	H8	56990.5858	H8	56990.5858	56990.5858
54144	TS	OPLS_sp3C	-0.75	H1	escaped	O5	64256.3126	O5	64256.3126	64261.1225
54144	TS	OPLS_sp3C	-0.75	H2	escaped	O1	76995.7429	O1	76995.7429	76999.6643
54144	TS	OPLS_sp3C	-0.75	H3	escaped	H3	76885.3858	H3	76885.3858	76886.1482
54144	TS	OPLS_sp3C	-0.75	H4	escaped	O5	62819.9317	O5	62819.9317	62824.7838
54144	TS	OPLS_sp3C	-0.75	H5	escaped	O6	78420.4156	O6	78420.4156	78425.8124
54144	TS	OPLS_sp3C	-0.75	H6	escaped	O2	70575.1844	O2	70575.1844	70575.6404
54144	TS	OPLS_sp3C	-0.75	H7	escaped	O4	67799.3727	O4	67799.3727	67799.4027
54144	TS	OPLS_sp3C	-0.75	H8	escaped	H8	75828.2330	H8	75828.2330	75828.2330
54144	TS	OPLS_sp3C	-1.00	H1	escaped	O5	89007.1199	O5	89007.1199	89011.8476
54144	TS	OPLS_sp3C	-1.00	H2	escaped	O1	80346.8652	O1	80346.8652	80350.4456
54144	TS	OPLS_sp3C	-1.00	H3	escaped	H3	80490.3211	H3	80490.3211	80491.3972
54144	TS	OPLS_sp3C	-1.00	H4	escaped	O5	89512.0664	O5	89512.0664	89517.0585
54144	TS	OPLS_sp3C	-1.00	H5	escaped	O6	81737.1218	O6	81737.1218	81742.5974
54144	TS	OPLS_sp3C	-1.00	H6	escaped	O2	76783.1090	O2	76783.1090	76784.2850
54144	TS	OPLS_sp3C	-1.00	H7	escaped	O4	75207.0008	O4	75207.0008	75207.0612
54144	TS	OPLS_sp3C	-1.00	H8	escaped	H8	76175.6525	H8	76175.6525	76175.6525
54144	TS	Behrens_3.55	+0.25	carbA	own	O1	2.9222	O1	2.9222	5.1323
54144	TS	Behrens_3.55	+0.25	carbB	own	O6	3.0014	O6	3.0014	8.7251
54144	TS	Behrens_3.55	+0.25	ether	migrated	O2	2.9411	O2	2.9411	6.6625
54144	TS	Behrens_3.55	+0.25	hydroxyl	migrated	O6	3.0798	O6	3.0798	5.5335
54144	TS	Behrens_3.55	+0.50	carbA	own	O1	2.7717	O1	2.7717	5.2351
54144	TS	Behrens_3.55	+0.50	carbB	own	O6	2.8123	O6	2.8123	9.1464
54144	TS	Behrens_3.55	+0.50	ether	migrated	O2	2.7716	O2	2.7716	6.3601
54144	TS	Behrens_3.55	+0.50	hydroxyl	migrated	O6	2.8123	O6	2.8123	9.1464
54144	TS	Behrens_3.55	+0.75	carbA	own	O1	2.6829	O1	2.6829	5.5240
54144	TS	Behrens_3.55	+0.75	carbB	own	O6	2.7067	O6	2.7067	9.1420
54144	TS	Behrens_3.55	+0.75	ether	migrated	O2	2.6751	O2	2.6751	6.1855
54144	TS	Behrens_3.55	+0.75	hydroxyl	migrated	O6	2.7067	O6	2.7067	9.1420
54144	TS	Behrens_3.55	+1.00	carbA	own	O1	2.6211	O1	2.6211	5.6987
54144	TS	Behrens_3.55	+1.00	carbB	own	O6	2.6413	O6	2.6413	9.0791
54144	TS	Behrens_3.55	+1.00	ether	migrated	O2	2.6082	O2	2.6082	6.0644
54144	TS	Behrens_3.55	+1.00	hydroxyl	migrated	O6	2.6641	O6	2.6641	5.7705
54144	TS	Behrens_3.55	-0.25	H1	escaped	O5	46784.8015	O5	46784.8015	46789.8050
54144	TS	Behrens_3.55	-0.25	H2	escaped	O1	43962.0212	O1	43962.0212	43967.4332
54144	TS	Behrens_3.55	-0.25	H3	escaped	H3	41653.1073	H3	41653.1073	41653.1087
54144	TS	Behrens_3.55	-0.25	H4	escaped	O5	34487.8063	O5	34487.8063	34490.9022
54144	TS	Behrens_3.55	-0.25	H5	escaped	O6	45356.5488	O6	45356.5488	45360.5772
54144	TS	Behrens_3.55	-0.25	H6	escaped	H6	48793.0450	H6	48793.0450	48793.3593
54144	TS	Behrens_3.55	-0.25	H7	escaped	O4	44591.1626	O4	44591.1626	44591.2077
54144	TS	Behrens_3.55	-0.25	H8	escaped	H8	43061.2260	H8	43061.2260	43061.2260
54144	TS	Behrens_3.55	-0.50	H1	escaped	O5	57620.5725	O5	57620.5725	57625.5040
54144	TS	Behrens_3.55	-0.50	H2	escaped	O1	50951.9637	O1	50951.9637	50956.4790
54144	TS	Behrens_3.55	-0.50	H3	escaped	H3	74388.3633	H3	74388.3633	74388.7429
54144	TS	Behrens_3.55	-0.50	H4	escaped	O5	53688.5751	O5	53688.5751	53693.0247
54144	TS	Behrens_3.55	-0.50	H5	escaped	O6	52439.2353	O6	52439.2353	52444.3511
54144	TS	Behrens_3.55	-0.50	H6	escaped	H6	66022.7652	H6	66022.7652	66023.0923
54144	TS	Behrens_3.55	-0.50	H7	escaped	O4	56874.2331	O4	56874.2331	56874.2728
54144	TS	Behrens_3.55	-0.50	H8	escaped	H8	56988.2014	H8	56988.2014	56988.2014
54144	TS	Behrens_3.55	-0.75	H1	escaped	O5	64421.6946	O5	64421.6946	64426.5003
54144	TS	Behrens_3.55	-0.75	H2	escaped	O1	77034.4953	O1	77034.4953	77038.4224
54144	TS	Behrens_3.55	-0.75	H3	escaped	H3	76859.1328	H3	76859.1328	76859.8895
54144	TS	Behrens_3.55	-0.75	H4	escaped	O5	62875.8730	O5	62875.8730	62880.7076
54144	TS	Behrens_3.55	-0.75	H5	escaped	O6	78461.2844	O6	78461.2844	78466.6672
54144	TS	Behrens_3.55	-0.75	H6	escaped	O2	70492.1475	O2	70492.1475	70492.5725
54144	TS	Behrens_3.55	-0.75	H7	escaped	O4	68937.9024	O4	68937.9024	68937.9395
54144	TS	Behrens_3.55	-0.75	H8	escaped	H8	75823.7916	H8	75823.7916	75823.7916
54144	TS	Behrens_3.55	-1.00	H1	escaped	O5	89212.3324	O5	89212.3324	89217.0572
54144	TS	Behrens_3.55	-1.00	H2	escaped	O1	80377.2282	O1	80377.2282	80380.8137
54144	TS	Behrens_3.55	-1.00	H3	escaped	H3	80461.1202	H3	80461.1202	80462.1918
54144	TS	Behrens_3.55	-1.00	H4	escaped	O5	89549.6146	O5	89549.6146	89554.5927
54144	TS	Behrens_3.55	-1.00	H5	escaped	O6	81773.2996	O6	81773.2996	81778.7636
54144	TS	Behrens_3.55	-1.00	H6	escaped	O2	76694.2210	O2	76694.2210	76695.3729
54144	TS	Behrens_3.55	-1.00	H7	escaped	O4	76866.7378	O4	76866.7378	76866.8027
54144	TS	Behrens_3.55	-1.00	H8	escaped	H8	76171.0134	H8	76171.0134	76171.0134
54795	R	N	+0.25	carbA	own	O1	2.8935	O1	2.8935	5.1735
54795	R	N	+0.25	carbB	own	O6	2.9972	H2	2.7796	7.2434
54795	R	N	+0.25	ether	migrated	O2	2.8978	O2	2.8978	5.8376
54795	R	N	+0.25	hydroxyl	migrated	O6	2.9821	O6	2.9821	5.5042
54795	R	N	+0.50	carbA	own	O1	2.7483	O1	2.7483	5.2939
54795	R	N	+0.50	carbB	own	O6	2.8644	H2	2.7230	7.1393
54795	R	N	+0.50	ether	migrated	O1	2.7483	O1	2.7483	5.2939
54795	R	N	+0.50	hydroxyl	migrated	O6	2.8644	H2	2.7230	7.1393
54795	R	N	+0.75	carbA	own	O1	2.6569	O1	2.6569	5.7249
54795	R	N	+0.75	carbB	own	O6	2.7895	H2	2.6934	7.0706
54795	R	N	+0.75	ether	migrated	O2	2.6509	O2	2.6509	5.4576
54795	R	N	+0.75	hydroxyl	migrated	O6	2.7895	H2	2.6934	7.0706
54795	R	N	+1.00	carbA	own	O1	2.5964	O1	2.5964	5.8537
54795	R	N	+1.00	carbB	own	O6	2.6368	O6	2.6368	8.7786
54795	R	N	+1.00	ether	migrated	O2	2.5870	O2	2.5870	5.3596
54795	R	N	+1.00	hydroxyl	migrated	O6	2.6368	O6	2.6368	8.7786
54795	R	N	-0.25	H1	escaped	O5	36056.5167	O5	36056.5167	36060.9645
54795	R	N	-0.25	H2	escaped	O1	45678.2294	O1	45678.2294	45683.9513
54795	R	N	-0.25	H3	escaped	H8	40916.3854	H8	40916.3854	40916.3854
54795	R	N	-0.25	H4	escaped	O5	35337.3777	O5	35337.3777	35340.3057
54795	R	N	-0.25	H5	escaped	O6	46413.7112	O6	46413.7112	46417.8492
54795	R	N	-0.25	H6	escaped	H6	49301.2933	H6	49301.2933	49302.1637
54795	R	N	-0.25	H7	escaped	H3	38206.6498	H3	38206.6498	38207.0736
54795	R	N	-0.25	H8	escaped	H8	42234.8479	H8	42234.8479	42234.8479
54795	R	N	-0.50	H1	escaped	O5	60774.1688	O5	60774.1688	60778.7820
54795	R	N	-0.50	H2	escaped	O1	52850.8016	O1	52850.8016	52855.6248
54795	R	N	-0.50	H3	escaped	H3	72199.5366	H3	72199.5366	72199.5972
54795	R	N	-0.50	H4	escaped	O5	53644.7388	O5	53644.7388	53649.3084
54795	R	N	-0.50	H5	escaped	O6	54266.7073	O6	54266.7073	54271.7499
54795	R	N	-0.50	H6	escaped	H6	67735.5390	H6	67735.5390	67736.4556
54795	R	N	-0.50	H7	escaped	H3	68712.7252	H3	68712.7252	68713.3296
54795	R	N	-0.50	H8	escaped	H8	56025.8929	H8	56025.8929	56025.8929
54795	R	N	-0.75	H1	escaped	O5	62331.8659	O5	62331.8659	62336.4933
54795	R	N	-0.75	H2	escaped	O1	80134.7817	O1	80134.7817	80138.9958
54795	R	N	-0.75	H3	escaped	H3	72664.0327	H3	72664.0327	72664.4283
54795	R	N	-0.75	H4	escaped	O5	82351.3191	O5	82351.3191	82356.4049
54795	R	N	-0.75	H5	escaped	O6	80304.8739	O6	80304.8739	80310.1008
54795	R	N	-0.75	H6	escaped	O2	73473.8992	O2	73473.8992	73475.2690
54795	R	N	-0.75	H7	escaped	H3	73123.3832	H3	73123.3832	73124.0645
54795	R	N	-0.75	H8	escaped	H8	74692.2328	H8	74692.2328	74692.2328
54795	R	N	-1.00	H1	escaped	O5	78011.0024	O5	78011.0024	78015.6097
54795	R	N	-1.00	H2	escaped	O1	83756.8259	O1	83756.8259	83760.6874
54795	R	N	-1.00	H3	escaped	H3	98329.6157	H3	98329.6157	98330.3795
54795	R	N	-1.00	H4	escaped	O5	86842.5547	O5	86842.5547	86847.8466
54795	R	N	-1.00	H5	escaped	O6	83678.7575	O6	83678.7575	83684.0290
54795	R	N	-1.00	H6	escaped	O2	80360.1106	O2	80360.1106	80362.0274
54795	R	N	-1.00	H7	escaped	H3	87933.5032	H3	87933.5032	87934.2007
54795	R	N	-1.00	H8	escaped	H8	75168.4191	H8	75168.4191	75168.4191
54795	R	N+5%	+0.25	carbA	own	O1	2.9703	O1	2.9703	5.2227
54795	R	N+5%	+0.25	carbB	own	O6	3.0772	H2	2.8289	7.3202
54795	R	N+5%	+0.25	ether	migrated	O2	2.9848	O2	2.9848	5.9684
54795	R	N+5%	+0.25	hydroxyl	migrated	O6	3.0772	H2	2.8289	7.3202
54795	R	N+5%	+0.50	carbA	own	O1	2.8229	O1	2.8229	5.2660
54795	R	N+5%	+0.50	carbB	own	O6	2.9348	H2	2.7636	7.2159
54795	R	N+5%	+0.50	ether	migrated	O1	2.8229	O1	2.8229	5.2660
54795	R	N+5%	+0.50	hydroxyl	migrated	O6	2.9348	H2	2.7636	7.2159
54795	R	N+5%	+0.75	carbA	own	O1	2.7330	O1	2.7330	5.4826
54795	R	N+5%	+0.75	carbB	own	O6	2.8544	H2	2.7279	7.1462
54795	R	N+5%	+0.75	ether	migrated	O2	2.7298	O2	2.7298	5.5801
54795	R	N+5%	+0.75	hydroxyl	migrated	O6	2.8544	H2	2.7279	7.1462
54795	R	N+5%	+1.00	carbA	own	O1	2.6683	O1	2.6683	5.7486
54795	R	N+5%	+1.00	carbB	own	O6	2.7995	H2	2.7049	7.0939
54795	R	N+5%	+1.00	ether	migrated	O2	2.6637	O2	2.6637	5.4788
54795	R	N+5%	+1.00	hydroxyl	migrated	O6	2.7995	H2	2.7049	7.0939
54795	R	N+5%	-0.25	H1	escaped	O5	40374.7205	O5	40374.7205	40378.9891
54795	R	N+5%	-0.25	H2	escaped	O1	34596.4653	O1	34596.4653	34602.1974
54795	R	N+5%	-0.25	H3	escaped	H8	40911.0968	H8	40911.0968	40911.0968
54795	R	N+5%	-0.25	H4	escaped	O5	35454.7229	O5	35454.7229	35457.5712
54795	R	N+5%	-0.25	H5	escaped	O6	46666.6268	O6	46666.6268	46670.7106
54795	R	N+5%	-0.25	H6	escaped	H6	49470.7070	H6	49470.7070	49471.5452
54795	R	N+5%	-0.25	H7	escaped	H4	39852.3690	H4	39852.3690	39852.7689
54795	R	N+5%	-0.25	H8	escaped	H8	42242.6880	H8	42242.6880	42242.6880
54795	R	N+5%	-0.50	H1	escaped	O5	59458.6956	O5	59458.6956	59463.1758
54795	R	N+5%	-0.50	H2	escaped	O1	52988.6778	O1	52988.6778	52993.5059
54795	R	N+5%	-0.50	H3	escaped	H3	72458.9155	H3	72458.9155	72458.9655
54795	R	N+5%	-0.50	H4	escaped	O5	53739.4447	O5	53739.4447	53743.9651
54795	R	N+5%	-0.50	H5	escaped	O6	54562.6777	O6	54562.6777	54567.6733
54795	R	N+5%	-0.50	H6	escaped	H6	67635.6719	H6	67635.6719	67636.5486
54795	R	N+5%	-0.50	H7	escaped	H3	66715.2914	H3	66715.2914	66715.8869
54795	R	N+5%	-0.50	H8	escaped	H8	55990.8050	H8	55990.8050	55990.8050
54795	R	N+5%	-0.75	H1	escaped	O5	71900.3177	O5	71900.3177	71904.8740
54795	R	N+5%	-0.75	H2	escaped	O1	80217.3546	O1	80217.3546	80221.5686
54795	R	N+5%	-0.75	H3	escaped	H3	72797.4557	H3	72797.4557	72797.8390
54795	R	N+5%	-0.75	H4	escaped	O5	82570.5962	O5	82570.5962	82575.6472
54795	R	N+5%	-0.75	H5	escaped	O6	80448.1821	O6	80448.1821	80453.3712
54795	R	N+5%	-0.75	H6	escaped	O2	73286.1321	O2	73286.1321	73287.4436
54795	R	N+5%	-0.75	H7	escaped	H3	74264.4201	H3	74264.4201	74265.0920
54795	R	N+5%	-0.75	H8	escaped	H8	74635.3873	H8	74635.3873	74635.3873
54795	R	N+5%	-1.00	H1	escaped	O5	73620.3258	O5	73620.3258	73624.8595
54795	R	N+5%	-1.00	H2	escaped	O1	83835.7744	O1	83835.7744	83839.6355
54795	R	N+5%	-1.00	H3	escaped	H3	98406.3240	H3	98406.3240	98407.0747
54795	R	N+5%	-1.00	H4	escaped	O5	86897.7031	O5	86897.7031	86902.9678
54795	R	N+5%	-1.00	H5	escaped	O6	83808.6203	O6	83808.6203	83813.8604
54795	R	N+5%	-1.00	H6	escaped	O2	80187.0988	O2	80187.0988	80188.9755
54795	R	N+5%	-1.00	H7	escaped	H3	91262.9678	H3	91262.9678	91263.6638
54795	R	N+5%	-1.00	H8	escaped	H8	75109.3180	H8	75109.3180	75109.3180
54795	R	N+10%	+0.25	carbA	own	O1	3.0472	O1	3.0472	5.2765
54795	R	N+10%	+0.25	carbB	own	O6	3.1611	H2	2.8812	7.3949
54795	R	N+10%	+0.25	ether	migrated	O2	3.0726	O2	3.0726	6.1002
54795	R	N+10%	+0.25	hydroxyl	migrated	O6	3.1950	O6	3.1950	5.4359
54795	R	N+10%	+0.50	carbA	own	O1	2.8967	O1	2.8967	5.2863
54795	R	N+10%	+0.50	carbB	own	O6	3.0087	H2	2.8082	7.2913
54795	R	N+10%	+0.50	ether	migrated	O2	2.9066	O2	2.9066	5.8519
54795	R	N+10%	+0.50	hydroxyl	migrated	O6	3.0087	H2	2.8082	7.2913
54795	R	N+10%	+0.75	carbA	own	O1	2.8074	O1	2.8074	5.3542
54795	R	N+10%	+0.75	carbB	own	O6	2.9227	H2	2.7670	7.2211
54795	R	N+10%	+0.75	ether	migrated	O2	2.8094	O2	2.8094	5.7040
54795	R	N+10%	+0.75	hydroxyl	migrated	O6	2.9227	H2	2.7670	7.2211
54795	R	N+10%	+1.00	carbA	own	O1	2.7419	O1	2.7419	5.5515
54795	R	N+10%	+1.00	carbB	own	O6	2.8639	H2	2.7396	7.1681
54795	R	N+10%	+1.00	ether	migrated	O2	2.7411	O2	2.7411	5.5996
54795	R	N+10%	+1.00	hydroxyl	migrated	O6	2.8639	H2	2.7396	7.1681
54795	R	N+10%	-0.25	H1	escaped	O5	39737.4259	O5	39737.4259	39741.5061
54795	R	N+10%	-0.25	H2	escaped	O1	34732.0097	O1	34732.0097	34737.7542
54795	R	N+10%	-0.25	H3	escaped	H8	40951.4776	H8	40951.4776	40951.4776
54795	R	N+10%	-0.25	H4	escaped	H4	35557.8494	H4	35557.8494	35560.5922
54795	R	N+10%	-0.25	H5	escaped	O6	35451.2123	O6	35451.2123	35455.2048
54795	R	N+10%	-0.25	H6	escaped	H6	49623.7022	H6	49623.7022	49624.4847
54795	R	N+10%	-0.25	H7	escaped	H4	40698.8285	H4	40698.8285	40699.2386
54795	R	N+10%	-0.25	H8	escaped	H8	42260.6608	H8	42260.6608	42260.6608
54795	R	N+10%	-0.50	H1	escaped	O5	59158.7432	O5	59158.7432	59163.0813
54795	R	N+10%	-0.50	H2	escaped	O1	53170.1706	O1	53170.1706	53175.0034
54795	R	N+10%	-0.50	H3	escaped	H3	72722.4438	H3	72722.4438	72722.4704
54795	R	N+10%	-0.50	H4	escaped	O5	53817.6361	O5	53817.6361	53822.0782
54795	R	N+10%	-0.50	H5	escaped	O6	54955.5265	O6	54955.5265	54960.4466
54795	R	N+10%	-0.50	H6	escaped	H6	67393.4356	H6	67393.4356	67394.2416
54795	R	N+10%	-0.50	H7	escaped	H4	69187.3969	H4	69187.3969	69187.9720
54795	R	N+10%	-0.50	H8	escaped	H8	55966.3051	H8	55966.3051	55966.3051
54795	R	N+10%	-0.75	H1	escaped	O5	72657.0109	O5	72657.0109	72661.4465
54795	R	N+10%	-0.75	H2	escaped	O1	80376.8873	O1	80376.8873	80381.0998
54795	R	N+10%	-0.75	H3	escaped	H3	72886.6570	H3	72886.6570	72887.0121
54795	R	N+10%	-0.75	H4	escaped	O5	62511.9256	O5	62511.9256	62516.9224
54795	R	N+10%	-0.75	H5	escaped	O6	80698.7148	O6	80698.7148	80703.8442
54795	R	N+10%	-0.75	H6	escaped	O2	72912.0790	O2	72912.0790	72913.2881
54795	R	N+10%	-0.75	H7	escaped	H3	81076.8457	H3	81076.8457	81077.4943
54795	R	N+10%	-0.75	H8	escaped	H8	74593.8324	H8	74593.8324	74593.8324
54795	R	N+10%	-1.00	H1	escaped	O5	69400.9655	O5	69400.9655	69405.4306
54795	R	N+10%	-1.00	H2	escaped	O1	83984.9136	O1	83984.9136	83988.7727
54795	R	N+10%	-1.00	H3	escaped	H3	98361.8765	H3	98361.8765	98362.5975
54795	R	N+10%	-1.00	H4	escaped	O5	87013.5926	O5	87013.5926	87018.8152
54795	R	N+10%	-1.00	H5	escaped	O6	84036.5187	O6	84036.5187	84041.7099
54795	R	N+10%	-1.00	H6	escaped	O2	79845.2101	O2	79845.2101	79847.0168
54795	R	N+10%	-1.00	H7	escaped	H3	94254.7177	H3	94254.7177	94255.4091
54795	R	N+10%	-1.00	H8	escaped	H8	75065.9978	H8	75065.9978	75065.9978
54795	R	OPLS_sp3C	+0.25	carbA	own	O1	2.9103	O1	2.9103	5.2587
54795	R	OPLS_sp3C	+0.25	carbB	own	O6	3.0205	H2	2.8091	7.2920
54795	R	OPLS_sp3C	+0.25	ether	migrated	O2	2.9204	O2	2.9204	5.8720
54795	R	OPLS_sp3C	+0.25	hydroxyl	migrated	O6	3.0205	H2	2.8091	7.2920
54795	R	OPLS_sp3C	+0.50	carbA	own	O1	2.7582	O1	2.7582	5.4367
54795	R	OPLS_sp3C	+0.50	carbB	own	O6	2.8772	H2	2.7423	7.1745
54795	R	OPLS_sp3C	+0.50	ether	migrated	O1	2.7582	O1	2.7582	5.4367
54795	R	OPLS_sp3C	+0.50	hydroxyl	migrated	O6	2.8772	H2	2.7423	7.1745
54795	R	OPLS_sp3C	+0.75	carbA	own	O1	2.6667	O1	2.6667	5.7759
54795	R	OPLS_sp3C	+0.75	carbB	own	O6	2.7982	H2	2.7079	7.0989
54795	R	OPLS_sp3C	+0.75	ether	migrated	O2	2.6623	O2	2.6623	5.4779
54795	R	OPLS_sp3C	+0.75	hydroxyl	migrated	O6	2.7982	H2	2.7079	7.0989
54795	R	OPLS_sp3C	+1.00	carbA	own	O1	2.6049	O1	2.6049	5.8754
54795	R	OPLS_sp3C	+1.00	carbB	own	O6	2.6474	O6	2.6474	8.7775
54795	R	OPLS_sp3C	+1.00	ether	migrated	O2	2.5965	O2	2.5965	5.3774
54795	R	OPLS_sp3C	+1.00	hydroxyl	migrated	O6	2.6474	O6	2.6474	8.7775
54795	R	OPLS_sp3C	-0.25	H1	escaped	O5	35971.5229	O5	35971.5229	35975.9638
54795	R	OPLS_sp3C	-0.25	H2	escaped	O1	34400.3053	O1	34400.3053	34406.0191
54795	R	OPLS_sp3C	-0.25	H3	escaped	H8	41221.6728	H8	41221.6728	41221.6728
54795	R	OPLS_sp3C	-0.25	H4	escaped	O5	35111.4240	O5	35111.4240	35114.3343
54795	R	OPLS_sp3C	-0.25	H5	escaped	O6	46294.9300	O6	46294.9300	46299.0540
54795	R	OPLS_sp3C	-0.25	H6	escaped	H6	48854.1769	H6	48854.1769	48855.0000
54795	R	OPLS_sp3C	-0.25	H7	escaped	H3	49825.2632	H3	49825.2632	49825.7525
54795	R	OPLS_sp3C	-0.25	H8	escaped	H8	42280.7472	H8	42280.7472	42280.7472
54795	R	OPLS_sp3C	-0.50	H1	escaped	O5	60431.3302	O5	60431.3302	60435.9131
54795	R	OPLS_sp3C	-0.50	H2	escaped	O1	52942.2492	O1	52942.2492	52947.0514
54795	R	OPLS_sp3C	-0.50	H3	escaped	H3	71645.2659	H3	71645.2659	71645.2692
54795	R	OPLS_sp3C	-0.50	H4	escaped	O5	53541.4161	O5	53541.4161	53545.9616
54795	R	OPLS_sp3C	-0.50	H5	escaped	O6	54403.7164	O6	54403.7164	54408.7147
54795	R	OPLS_sp3C	-0.50	H6	escaped	H6	67219.6832	H6	67219.6832	67220.5245
54795	R	OPLS_sp3C	-0.50	H7	escaped	H3	55591.8720	H3	55591.8720	55592.5103
54795	R	OPLS_sp3C	-0.50	H8	escaped	H8	56183.4581	H8	56183.4581	56183.4581
54795	R	OPLS_sp3C	-0.75	H1	escaped	O5	61627.9169	O5	61627.9169	61632.5210
54795	R	OPLS_sp3C	-0.75	H2	escaped	O1	80522.3599	O1	80522.3599	80526.5588
54795	R	OPLS_sp3C	-0.75	H3	escaped	H3	72086.4752	H3	72086.4752	72086.7953
54795	R	OPLS_sp3C	-0.75	H4	escaped	O5	82303.2099	O5	82303.2099	82308.2725
54795	R	OPLS_sp3C	-0.75	H5	escaped	O6	80780.6911	O6	80780.6911	80785.8753
54795	R	OPLS_sp3C	-0.75	H6	escaped	O2	73002.8846	O2	73002.8846	73004.1776
54795	R	OPLS_sp3C	-0.75	H7	escaped	H3	75170.0518	H3	75170.0518	75170.7595
54795	R	OPLS_sp3C	-0.75	H8	escaped	H8	74933.6495	H8	74933.6495	74933.6495
54795	R	OPLS_sp3C	-1.00	H1	escaped	O5	76922.1990	O5	76922.1990	76926.7794
54795	R	OPLS_sp3C	-1.00	H2	escaped	O1	84088.0690	O1	84088.0690	84091.9194
54795	R	OPLS_sp3C	-1.00	H3	escaped	H3	97378.1365	H3	97378.1365	97378.8203
54795	R	OPLS_sp3C	-1.00	H4	escaped	O5	87188.1107	O5	87188.1107	87193.3803
54795	R	OPLS_sp3C	-1.00	H5	escaped	O6	84094.3123	O6	84094.3123	84099.5469
54795	R	OPLS_sp3C	-1.00	H6	escaped	O2	79971.2842	O2	79971.2842	79973.1459
54795	R	OPLS_sp3C	-1.00	H7	escaped	H3	87653.4158	H3	87653.4158	87654.1306
54795	R	OPLS_sp3C	-1.00	H8	escaped	H8	75417.6889	H8	75417.6889	75417.6889
54795	R	Behrens_3.55	+0.25	carbA	own	O1	2.9332	O1	2.9332	5.2711
54795	R	Behrens_3.55	+0.25	carbB	own	O6	3.0444	H2	2.8238	7.3151
54795	R	Behrens_3.55	+0.25	ether	migrated	O2	2.9464	O2	2.9464	5.9118
54795	R	Behrens_3.55	+0.25	hydroxyl	migrated	O6	3.0444	H2	2.8238	7.3151
54795	R	Behrens_3.55	+0.50	carbA	own	O1	2.7810	O1	2.7810	5.3957
54795	R	Behrens_3.55	+0.50	carbB	own	O6	2.8981	H2	2.7543	7.1974
54795	R	Behrens_3.55	+0.50	ether	migrated	O1	2.7810	O1	2.7810	5.3957
54795	R	Behrens_3.55	+0.50	hydroxyl	migrated	O6	2.8981	H2	2.7543	7.1974
54795	R	Behrens_3.55	+0.75	carbA	own	O1	2.6887	O1	2.6887	5.7340
54795	R	Behrens_3.55	+0.75	carbB	own	O6	2.8174	H2	2.7180	7.1215
54795	R	Behrens_3.55	+0.75	ether	migrated	O2	2.6858	O2	2.6858	5.5145
54795	R	Behrens_3.55	+0.75	hydroxyl	migrated	O6	2.8174	H2	2.7180	7.1215
54795	R	Behrens_3.55	+1.00	carbA	own	O1	2.6261	O1	2.6261	5.8552
54795	R	Behrens_3.55	+1.00	carbB	own	O6	2.6762	O6	2.6762	8.7427
54795	R	Behrens_3.55	+1.00	ether	migrated	O2	2.6193	O2	2.6193	5.4129
54795	R	Behrens_3.55	+1.00	hydroxyl	migrated	O6	2.6762	O6	2.6762	8.7427
54795	R	Behrens_3.55	-0.25	H1	escaped	O5	37073.3133	O5	37073.3133	37077.7086
54795	R	Behrens_3.55	-0.25	H2	escaped	O1	34425.8215	O1	34425.8215	34431.5379
54795	R	Behrens_3.55	-0.25	H3	escaped	H8	41231.1174	H8	41231.1174	41231.1174
54795	R	Behrens_3.55	-0.25	H4	escaped	O5	35129.0009	O5	35129.0009	35131.8855
54795	R	Behrens_3.55	-0.25	H5	escaped	O6	46351.2271	O6	46351.2271	46355.3333
54795	R	Behrens_3.55	-0.25	H6	escaped	H6	48879.6859	H6	48879.6859	48880.4975
54795	R	Behrens_3.55	-0.25	H7	escaped	H3	49856.5032	H3	49856.5032	49856.9908
54795	R	Behrens_3.55	-0.25	H8	escaped	H8	42279.8498	H8	42279.8498	42279.8498
54795	R	Behrens_3.55	-0.50	H1	escaped	O5	60029.3693	O5	60029.3693	60033.9159
54795	R	Behrens_3.55	-0.50	H2	escaped	O1	52979.4386	O1	52979.4386	52984.2415
54795	R	Behrens_3.55	-0.50	H3	escaped	H8	71691.2609	H8	71691.2609	71691.2609
54795	R	Behrens_3.55	-0.50	H4	escaped	O5	53556.4474	O5	53556.4474	53560.9775
54795	R	Behrens_3.55	-0.50	H5	escaped	O6	54481.5759	O6	54481.5759	54486.5591
54795	R	Behrens_3.55	-0.50	H6	escaped	H6	67168.7509	H6	67168.7509	67169.5777
54795	R	Behrens_3.55	-0.50	H7	escaped	H3	58295.9336	H3	58295.9336	58296.5730
54795	R	Behrens_3.55	-0.50	H8	escaped	H8	56177.4795	H8	56177.4795	56177.4795
54795	R	Behrens_3.55	-0.75	H1	escaped	O5	60679.3131	O5	60679.3131	60683.9030
54795	R	Behrens_3.55	-0.75	H2	escaped	O1	80556.8939	O1	80556.8939	80561.0925
54795	R	Behrens_3.55	-0.75	H3	escaped	H3	72100.7623	H3	72100.7623	72101.0761
54795	R	Behrens_3.55	-0.75	H4	escaped	O5	82350.9191	O5	82350.9191	82355.9708
54795	R	Behrens_3.55	-0.75	H5	escaped	O6	80833.9719	O6	80833.9719	80839.1440
54795	R	Behrens_3.55	-0.75	H6	escaped	O2	72927.3007	O2	72927.3007	72928.5729
54795	R	Behrens_3.55	-0.75	H7	escaped	H3	77445.4186	H3	77445.4186	77446.1263
54795	R	Behrens_3.55	-0.75	H8	escaped	H8	74924.9584	H8	74924.9584	74924.9584
54795	R	Behrens_3.55	-1.00	H1	escaped	O5	75692.8541	O5	75692.8541	75697.4136
54795	R	Behrens_3.55	-1.00	H2	escaped	O1	84120.1586	O1	84120.1586	84124.0085
54795	R	Behrens_3.55	-1.00	H3	escaped	H3	97364.1594	H3	97364.1594	97364.8364
54795	R	Behrens_3.55	-1.00	H4	escaped	O5	87213.3291	O5	87213.3291	87218.5902
54795	R	Behrens_3.55	-1.00	H5	escaped	O6	84142.7075	O6	84142.7075	84147.9322
54795	R	Behrens_3.55	-1.00	H6	escaped	O2	79903.1384	O2	79903.1384	79904.9859
54795	R	Behrens_3.55	-1.00	H7	escaped	H3	88650.0988	H3	88650.0988	88650.8145
54795	R	Behrens_3.55	-1.00	H8	escaped	H8	75409.0737	H8	75409.0737	75409.0737
54795	TS	N	+0.25	carbA	own	O1	2.8966	O1	2.8966	5.2892
54795	TS	N	+0.25	carbB	own	O6	3.0236	O6	3.0236	8.6469
54795	TS	N	+0.25	ether	migrated	O2	2.9135	O2	2.9135	6.3633
54795	TS	N	+0.25	hydroxyl	migrated	O6	3.0081	O6	3.0081	5.2344
54795	TS	N	+0.50	carbA	own	O1	2.7575	O1	2.7575	5.2835
54795	TS	N	+0.50	carbB	own	O6	2.8793	O6	2.8793	8.6346
54795	TS	N	+0.50	ether	migrated	O2	2.7490	O2	2.7490	6.0740
54795	TS	N	+0.50	hydroxyl	migrated	O6	2.8793	O6	2.8793	8.6346
54795	TS	N	+0.75	carbA	own	O1	2.6727	O1	2.6727	5.3392
54795	TS	N	+0.75	carbB	own	O6	2.6863	O6	2.6863	9.0864
54795	TS	N	+0.75	ether	migrated	O2	2.6545	O2	2.6545	5.9037
54795	TS	N	+0.75	hydroxyl	migrated	O6	2.6863	O6	2.6863	9.0864
54795	TS	N	+1.00	carbA	own	O1	2.6068	O1	2.6068	5.5259
54795	TS	N	+1.00	carbB	own	O6	2.6203	O6	2.6203	9.0406
54795	TS	N	+1.00	ether	migrated	O2	2.5888	O2	2.5888	5.7846
54795	TS	N	+1.00	hydroxyl	migrated	O6	2.6340	O6	2.6340	5.4340
54795	TS	N	-0.25	H1	escaped	O5	42794.4243	O5	42794.4243	42799.2427
54795	TS	N	-0.25	H2	escaped	O1	44461.1014	O1	44461.1014	44466.7439
54795	TS	N	-0.25	H3	escaped	H8	41499.8529	H8	41499.8529	41499.8529
54795	TS	N	-0.25	H4	escaped	H4	34899.8405	H4	34899.8405	34902.7063
54795	TS	N	-0.25	H5	escaped	O6	46119.7938	O6	46119.7938	46123.8582
54795	TS	N	-0.25	H6	escaped	H6	49246.3976	H6	49246.3976	49246.9023
54795	TS	N	-0.25	H7	escaped	H8	37629.4691	H8	37629.4691	37629.4691
54795	TS	N	-0.25	H8	escaped	H8	43009.6945	H8	43009.6945	43009.6945
54795	TS	N	-0.50	H1	escaped	O5	56762.6166	O5	56762.6166	56767.3523
54795	TS	N	-0.50	H2	escaped	O1	50138.4348	O1	50138.4348	50143.5025
54795	TS	N	-0.50	H3	escaped	H3	74713.6860	H3	74713.6860	74714.0743
54795	TS	N	-0.50	H4	escaped	O5	53075.0983	O5	53075.0983	53079.7012
54795	TS	N	-0.50	H5	escaped	O6	52990.1913	O6	52990.1913	52995.1959
54795	TS	N	-0.50	H6	escaped	H6	66651.2628	H6	66651.2628	66651.6208
54795	TS	N	-0.50	H7	escaped	H8	57057.7396	H8	57057.7396	57057.7396
54795	TS	N	-0.50	H8	escaped	H8	56876.8397	H8	56876.8397	56876.8397
54795	TS	N	-0.75	H1	escaped	O5	69016.8038	O5	69016.8038	69021.4559
54795	TS	N	-0.75	H2	escaped	O1	74888.5073	O1	74888.5073	74893.0261
54795	TS	N	-0.75	H3	escaped	H3	77691.6007	H3	77691.6007	77692.3607
54795	TS	N	-0.75	H4	escaped	O5	81469.3101	O5	81469.3101	81474.4745
54795	TS	N	-0.75	H5	escaped	O6	77637.3110	O6	77637.3110	77642.5229
54795	TS	N	-0.75	H6	escaped	O2	71227.6210	O2	71227.6210	71227.9728
54795	TS	N	-0.75	H7	escaped	H8	79281.5275	H8	79281.5275	79281.5275
54795	TS	N	-0.75	H8	escaped	H8	75705.4572	H8	75705.4572	75705.4572
54795	TS	N	-1.00	H1	escaped	O5	71652.2919	O5	71652.2919	71656.8784
54795	TS	N	-1.00	H2	escaped	O1	78525.2322	O1	78525.2322	78529.3972
54795	TS	N	-1.00	H3	escaped	H3	81537.4631	H3	81537.4631	81538.5080
54795	TS	N	-1.00	H4	escaped	O5	88380.5552	O5	88380.5552	88385.9311
54795	TS	N	-1.00	H5	escaped	O6	80831.1749	O6	80831.1749	80836.4366
54795	TS	N	-1.00	H6	escaped	O2	77397.4549	O2	77397.4549	77398.3182
54795	TS	N	-1.00	H7	escaped	H8	83453.6136	H8	83453.6136	83453.6136
54795	TS	N	-1.00	H8	escaped	H8	76096.2762	H8	76096.2762	76096.2762
54795	TS	N+5%	+0.25	carbA	own	O1	2.9719	O1	2.9719	5.3446
54795	TS	N+5%	+0.25	carbB	own	O6	3.0950	H2	3.0776	8.7238
54795	TS	N+5%	+0.25	ether	migrated	O2	3.0070	O2	3.0070	6.5236
54795	TS	N+5%	+0.25	hydroxyl	migrated	O6	3.1084	O6	3.1084	5.2068
54795	TS	N+5%	+0.50	carbA	own	O1	2.8296	O1	2.8296	5.3192
54795	TS	N+5%	+0.50	carbB	own	O6	2.9565	O6	2.9565	8.6504
54795	TS	N+5%	+0.50	ether	migrated	O2	2.8347	O2	2.8347	6.2267
54795	TS	N+5%	+0.50	hydroxyl	migrated	O6	2.9051	O6	2.9051	5.3268
54795	TS	N+5%	+0.75	carbA	own	O1	2.7446	O1	2.7446	5.3290
54795	TS	N+5%	+0.75	carbB	own	O6	2.7846	O6	2.7846	9.0471
54795	TS	N+5%	+0.75	ether	migrated	O2	2.7361	O2	2.7361	6.0509
54795	TS	N+5%	+0.75	hydroxyl	migrated	O6	2.7846	O6	2.7846	9.0471
54795	TS	N+5%	+1.00	carbA	own	O1	2.6825	O1	2.6825	5.3808
54795	TS	N+5%	+1.00	carbB	own	O6	2.6997	O6	2.6997	9.0956
54795	TS	N+5%	+1.00	ether	migrated	O2	2.6676	O2	2.6676	5.9274
54795	TS	N+5%	+1.00	hydroxyl	migrated	O6	2.7186	O6	2.7186	5.4119
54795	TS	N+5%	-0.25	H1	escaped	O5	41485.1085	O5	41485.1085	41489.8391
54795	TS	N+5%	-0.25	H2	escaped	O1	44694.1071	O1	44694.1071	44699.7821
54795	TS	N+5%	-0.25	H3	escaped	H8	41513.3053	H8	41513.3053	41513.3053
54795	TS	N+5%	-0.25	H4	escaped	H4	34984.1802	H4	34984.1802	34986.9687
54795	TS	N+5%	-0.25	H5	escaped	O6	46367.0961	O6	46367.0961	46371.1061
54795	TS	N+5%	-0.25	H6	escaped	H6	49438.7663	H6	49438.7663	49439.2383
54795	TS	N+5%	-0.25	H7	escaped	H8	38920.6980	H8	38920.6980	38920.6980
54795	TS	N+5%	-0.25	H8	escaped	H8	37622.4713	H8	37622.4713	37622.4713
54795	TS	N+5%	-0.50	H1	escaped	O5	53371.5595	O5	53371.5595	53376.2426
54795	TS	N+5%	-0.50	H2	escaped	O1	50332.4805	O1	50332.4805	50337.5790
54795	TS	N+5%	-0.50	H3	escaped	H3	74676.2615	H3	74676.2615	74676.6365
54795	TS	N+5%	-0.50	H4	escaped	O5	53097.7081	O5	53097.7081	53102.2412
54795	TS	N+5%	-0.50	H5	escaped	O6	53252.0712	O6	53252.0712	53257.0264
54795	TS	N+5%	-0.50	H6	escaped	H6	66611.1489	H6	66611.1489	66611.4593
54795	TS	N+5%	-0.50	H7	escaped	H8	55526.8561	H8	55526.8561	55526.8561
54795	TS	N+5%	-0.50	H8	escaped	H8	56854.5393	H8	56854.5393	56854.5393
54795	TS	N+5%	-0.75	H1	escaped	O5	67149.2201	O5	67149.2201	67153.8326
54795	TS	N+5%	-0.75	H2	escaped	O1	74970.4815	O1	74970.4815	74975.0230
54795	TS	N+5%	-0.75	H3	escaped	H3	77626.7631	H3	77626.7631	77627.5123
54795	TS	N+5%	-0.75	H4	escaped	O5	81549.3092	O5	81549.3092	81554.4256
54795	TS	N+5%	-0.75	H5	escaped	O6	77754.1054	O6	77754.1054	77759.2765
54795	TS	N+5%	-0.75	H6	escaped	O2	71066.9319	O2	71066.9319	71067.1928
54795	TS	N+5%	-0.75	H7	escaped	H8	67985.8991	H8	67985.8991	67985.8991
54795	TS	N+5%	-0.75	H8	escaped	H8	75663.9454	H8	75663.9454	75663.9454
54795	TS	N+5%	-1.00	H1	escaped	O5	72956.7132	O5	72956.7132	72961.2686
54795	TS	N+5%	-1.00	H2	escaped	O1	78593.9036	O1	78593.9036	78598.0880
54795	TS	N+5%	-1.00	H3	escaped	H3	81479.8455	H3	81479.8455	81480.8826
54795	TS	N+5%	-1.00	H4	escaped	O5	88413.2107	O5	88413.2107	88418.5493
54795	TS	N+5%	-1.00	H5	escaped	O6	80933.0641	O6	80933.0641	80938.2914
54795	TS	N+5%	-1.00	H6	escaped	O2	77221.4512	O2	77221.4512	77222.2371
54795	TS	N+5%	-1.00	H7	escaped	H8	85762.8558	H8	85762.8558	85762.8558
54795	TS	N+5%	-1.00	H8	escaped	H8	76051.7515	H8	76051.7515	76051.7515
54795	TS	N+10%	+0.25	carbA	own	O1	3.0475	H6	3.0417	5.4026
54795	TS	N+10%	+0.25	carbB	own	O6	3.1671	H2	3.1225	8.8044
54795	TS	N+10%	+0.25	ether	migrated	O2	3.1036	O2	3.1036	6.6910
54795	TS	N+10%	+0.25	hydroxyl	migrated	O6	3.2076	O6	3.2076	5.1836
54795	TS	N+10%	+0.50	carbA	own	O1	2.9017	O1	2.9017	5.3641
54795	TS	N+10%	+0.50	carbB	own	O6	3.0271	O6	3.0271	8.7056
54795	TS	N+10%	+0.50	ether	migrated	O2	2.9224	O2	2.9224	6.3834
54795	TS	N+10%	+0.50	hydroxyl	migrated	O6	2.9974	O6	2.9974	5.3051
54795	TS	N+10%	+0.75	carbA	own	O1	2.8152	O1	2.8152	5.3530
54795	TS	N+10%	+0.75	carbB	own	O6	2.9386	O6	2.9386	8.6812
54795	TS	N+10%	+0.75	ether	migrated	O2	2.8193	O2	2.8193	6.2014
54795	TS	N+10%	+0.75	hydroxyl	migrated	O6	2.8825	O6	2.8825	5.3587
54795	TS	N+10%	+1.00	carbA	own	O1	2.7533	O1	2.7533	5.3635
54795	TS	N+10%	+1.00	carbB	own	O6	2.7999	O6	2.7999	9.0353
54795	TS	N+10%	+1.00	ether	migrated	O1	2.7533	O1	2.7533	5.3635
54795	TS	N+10%	+1.00	hydroxyl	migrated	O6	2.8040	O6	2.8040	5.3912
54795	TS	N+10%	-0.25	H1	escaped	O5	44700.2591	O5	44700.2591	44704.9439
54795	TS	N+10%	-0.25	H2	escaped	O1	44988.2565	O1	44988.2565	44993.9787
54795	TS	N+10%	-0.25	H3	escaped	H8	41568.8888	H8	41568.8888	41568.8888
54795	TS	N+10%	-0.25	H4	escaped	H4	34873.2289	H4	34873.2289	34875.9055
54795	TS	N+10%	-0.25	H5	escaped	O6	46657.4010	O6	46657.4010	46661.3199
54795	TS	N+10%	-0.25	H6	escaped	H6	49639.9663	H6	49639.9663	49640.3831
54795	TS	N+10%	-0.25	H7	escaped	H8	39916.1794	H8	39916.1794	39916.1794
54795	TS	N+10%	-0.25	H8	escaped	H8	37774.3820	H8	37774.3820	37774.3820
54795	TS	N+10%	-0.50	H1	escaped	O5	49939.6371	O5	49939.6371	49944.2791
54795	TS	N+10%	-0.50	H2	escaped	O1	50614.2890	O1	50614.2890	50619.4295
54795	TS	N+10%	-0.50	H3	escaped	H3	74632.1126	H3	74632.1126	74632.4614
54795	TS	N+10%	-0.50	H4	escaped	O5	53072.8062	O5	53072.8062	53077.2272
54795	TS	N+10%	-0.50	H5	escaped	O6	53606.7975	O6	53606.7975	53611.6728
54795	TS	N+10%	-0.50	H6	escaped	H6	66498.1646	H6	66498.1646	66498.3931
54795	TS	N+10%	-0.50	H7	escaped	H8	56841.1357	H8	56841.1357	56841.1357
54795	TS	N+10%	-0.50	H8	escaped	H8	56842.2124	H8	56842.2124	56842.2124
54795	TS	N+10%	-0.75	H1	escaped	O5	64288.6055	O5	64288.6055	64293.1770
54795	TS	N+10%	-0.75	H2	escaped	O1	75138.5312	O1	75138.5312	75143.1041
54795	TS	N+10%	-0.75	H3	escaped	H3	77520.4053	H3	77520.4053	77521.1325
54795	TS	N+10%	-0.75	H4	escaped	O5	61584.6237	O5	61584.6237	61589.6646
54795	TS	N+10%	-0.75	H5	escaped	O6	77969.3587	O6	77969.3587	77974.4648
54795	TS	N+10%	-0.75	H6	escaped	O2	70779.7810	O2	70779.7810	70779.8868
54795	TS	N+10%	-0.75	H7	escaped	H8	78430.0374	H8	78430.0374	78430.0374
54795	TS	N+10%	-0.75	H8	escaped	H8	75636.2029	H8	75636.2029	75636.2029
54795	TS	N+10%	-1.00	H1	escaped	O5	74921.4800	O5	74921.4800	74925.9935
54795	TS	N+10%	-1.00	H2	escaped	O1	78732.5547	O1	78732.5547	78736.7657
54795	TS	N+10%	-1.00	H3	escaped	H3	81383.7600	H3	81383.7600	81384.7814
54795	TS	N+10%	-1.00	H4	escaped	O5	88493.5167	O5	88493.5167	88498.7973
54795	TS	N+10%	-1.00	H5	escaped	O6	81121.1618	O6	81121.1618	81126.3349
54795	TS	N+10%	-1.00	H6	escaped	O2	76915.5473	O2	76915.5473	76916.2008
54795	TS	N+10%	-1.00	H7	escaped	H8	87893.4245	H8	87893.4245	87893.4245
54795	TS	N+10%	-1.00	H8	escaped	H8	76021.1903	H8	76021.1903	76021.1903
54795	TS	OPLS_sp3C	+0.25	carbA	own	O1	2.9145	O1	2.9145	5.3514
54795	TS	OPLS_sp3C	+0.25	carbB	own	O6	3.0399	O6	3.0399	8.7013
54795	TS	OPLS_sp3C	+0.25	ether	migrated	O2	2.9373	O2	2.9373	6.4075
54795	TS	OPLS_sp3C	+0.25	hydroxyl	migrated	O6	3.0184	O6	3.0184	5.2811
54795	TS	OPLS_sp3C	+0.50	carbA	own	O1	2.7683	O1	2.7683	5.3422
54795	TS	OPLS_sp3C	+0.50	carbB	own	O6	2.8814	O6	2.8814	8.7078
54795	TS	OPLS_sp3C	+0.50	ether	migrated	O2	2.7641	O2	2.7641	6.1017
54795	TS	OPLS_sp3C	+0.50	hydroxyl	migrated	O6	2.8234	O6	2.8234	5.3761
54795	TS	OPLS_sp3C	+0.75	carbA	own	O1	2.6800	O1	2.6800	5.4122
54795	TS	OPLS_sp3C	+0.75	carbB	own	O6	2.6981	O6	2.6981	9.0966
54795	TS	OPLS_sp3C	+0.75	ether	migrated	O2	2.6661	O2	2.6661	5.9254
54795	TS	OPLS_sp3C	+0.75	hydroxyl	migrated	O6	2.6981	O6	2.6981	9.0966
54795	TS	OPLS_sp3C	+1.00	carbA	own	O1	2.6132	O1	2.6132	5.5925
54795	TS	OPLS_sp3C	+1.00	carbB	own	O6	2.6299	O6	2.6299	9.0502
54795	TS	OPLS_sp3C	+1.00	ether	migrated	O2	2.5984	O2	2.5984	5.8031
54795	TS	OPLS_sp3C	+1.00	hydroxyl	migrated	O6	2.6419	O6	2.6419	5.4474
54795	TS	OPLS_sp3C	-0.25	H1	escaped	O5	42326.6030	O5	42326.6030	42331.3708
54795	TS	OPLS_sp3C	-0.25	H2	escaped	O1	44340.1710	O1	44340.1710	44345.8374
54795	TS	OPLS_sp3C	-0.25	H3	escaped	H8	41772.2292	H8	41772.2292	41772.2292
54795	TS	OPLS_sp3C	-0.25	H4	escaped	H4	34660.1461	H4	34660.1461	34662.9682
54795	TS	OPLS_sp3C	-0.25	H5	escaped	O6	45981.9476	O6	45981.9476	45986.0015
54795	TS	OPLS_sp3C	-0.25	H6	escaped	H6	48852.0970	H6	48852.0970	48852.5470
54795	TS	OPLS_sp3C	-0.25	H7	escaped	H8	48293.0750	H8	48293.0750	48293.0750
54795	TS	OPLS_sp3C	-0.25	H8	escaped	H8	43015.5513	H8	43015.5513	43015.5513
54795	TS	OPLS_sp3C	-0.50	H1	escaped	O5	55286.5591	O5	55286.5591	55291.2533
54795	TS	OPLS_sp3C	-0.50	H2	escaped	O1	50316.1721	O1	50316.1721	50321.2412
54795	TS	OPLS_sp3C	-0.50	H3	escaped	H3	74844.8742	H3	74844.8742	74845.2299
54795	TS	OPLS_sp3C	-0.50	H4	escaped	O5	52904.2177	O5	52904.2177	52908.7766
54795	TS	OPLS_sp3C	-0.50	H5	escaped	O6	53155.1564	O6	53155.1564	53160.1137
54795	TS	OPLS_sp3C	-0.50	H6	escaped	H6	66234.4924	H6	66234.4924	66234.7540
54795	TS	OPLS_sp3C	-0.50	H7	escaped	H8	64064.0758	H8	64064.0758	64064.0758
54795	TS	OPLS_sp3C	-0.50	H8	escaped	H8	56999.6163	H8	56999.6163	56999.6163
54795	TS	OPLS_sp3C	-0.75	H1	escaped	O5	68508.0975	O5	68508.0975	68512.7176
54795	TS	OPLS_sp3C	-0.75	H2	escaped	O1	75324.0556	O1	75324.0556	75328.5761
54795	TS	OPLS_sp3C	-0.75	H3	escaped	H3	77700.9241	H3	77700.9241	77701.6521
54795	TS	OPLS_sp3C	-0.75	H4	escaped	O5	81268.8184	O5	81268.8184	81273.9474
54795	TS	OPLS_sp3C	-0.75	H5	escaped	O6	78107.9090	O6	78107.9090	78113.0726
54795	TS	OPLS_sp3C	-0.75	H6	escaped	O2	70816.8764	O2	70816.8764	70817.0841
54795	TS	OPLS_sp3C	-0.75	H7	escaped	H8	78439.0027	H8	78439.0027	78439.0027
54795	TS	OPLS_sp3C	-0.75	H8	escaped	H8	75900.5084	H8	75900.5084	75900.5084
54795	TS	OPLS_sp3C	-1.00	H1	escaped	O5	72358.7719	O5	72358.7719	72363.3322
54795	TS	OPLS_sp3C	-1.00	H2	escaped	O1	78874.1572	O1	78874.1572	78878.3260
54795	TS	OPLS_sp3C	-1.00	H3	escaped	H3	81557.8072	H3	81557.8072	81558.8269
54795	TS	OPLS_sp3C	-1.00	H4	escaped	O5	88687.4493	O5	88687.4493	88692.7938
54795	TS	OPLS_sp3C	-1.00	H5	escaped	O6	81228.1384	O6	81228.1384	81233.3573
54795	TS	OPLS_sp3C	-1.00	H6	escaped	O2	77045.7273	O2	77045.7273	77046.4634
54795	TS	OPLS_sp3C	-1.00	H7	escaped	H8	82634.1716	H8	82634.1716	82634.1716
54795	TS	OPLS_sp3C	-1.00	H8	escaped	H8	76299.1584	H8	76299.1584	76299.1584
54795	TS	Behrens_3.55	+0.25	carbA	own	O1	2.9370	O1	2.9370	5.3672
54795	TS	Behrens_3.55	+0.25	carbB	own	O6	3.0616	O6	3.0616	8.7226
54795	TS	Behrens_3.55	+0.25	ether	migrated	O1	2.9370	O1	2.9370	5.3672
54795	TS	Behrens_3.55	+0.25	hydroxyl	migrated	O6	3.0475	O6	3.0475	5.2745
54795	TS	Behrens_3.55	+0.50	carbA	own	O1	2.7899	O1	2.7899	5.3492
54795	TS	Behrens_3.55	+0.50	carbB	own	O6	2.9096	O6	2.9096	8.6879
54795	TS	Behrens_3.55	+0.50	ether	migrated	O2	2.7895	O2	2.7895	6.1479
54795	TS	Behrens_3.55	+0.50	hydroxyl	migrated	O6	2.8504	O6	2.8504	5.3698
54795	TS	Behrens_3.55	+0.75	carbA	own	O1	2.7020	O1	2.7020	5.3952
54795	TS	Behrens_3.55	+0.75	carbB	own	O6	2.7237	O6	2.7237	9.1048
54795	TS	Behrens_3.55	+0.75	ether	migrated	O2	2.6903	O2	2.6903	5.9695
54795	TS	Behrens_3.55	+0.75	hydroxyl	migrated	O6	2.7237	O6	2.7237	9.1048
54795	TS	Behrens_3.55	+1.00	carbA	own	O1	2.6360	O1	2.6360	5.5351
54795	TS	Behrens_3.55	+1.00	carbB	own	O6	2.6530	O6	2.6530	9.0694
54795	TS	Behrens_3.55	+1.00	ether	migrated	O2	2.6218	O2	2.6218	5.8457
54795	TS	Behrens_3.55	+1.00	hydroxyl	migrated	O6	2.6668	O6	2.6668	5.4410
54795	TS	Behrens_3.55	-0.25	H1	escaped	O5	41988.5062	O5	41988.5062	41993.2491
54795	TS	Behrens_3.55	-0.25	H2	escaped	O1	44393.3640	O1	44393.3640	44399.0404
54795	TS	Behrens_3.55	-0.25	H3	escaped	H8	41783.8868	H8	41783.8868	41783.8868
54795	TS	Behrens_3.55	-0.25	H4	escaped	H4	34670.1721	H4	34670.1721	34672.9695
54795	TS	Behrens_3.55	-0.25	H5	escaped	O6	46035.5441	O6	46035.5441	46039.5798
54795	TS	Behrens_3.55	-0.25	H6	escaped	H6	48887.3390	H6	48887.3390	48887.7776
54795	TS	Behrens_3.55	-0.25	H7	escaped	H8	48820.8636	H8	48820.8636	48820.8636
54795	TS	Behrens_3.55	-0.25	H8	escaped	H8	43018.2048	H8	43018.2048	43018.2048
54795	TS	Behrens_3.55	-0.50	H1	escaped	O5	54371.9679	O5	54371.9679	54376.6473
54795	TS	Behrens_3.55	-0.50	H2	escaped	O1	50371.2132	O1	50371.2132	50376.2908
54795	TS	Behrens_3.55	-0.50	H3	escaped	H3	74834.4893	H3	74834.4893	74834.8391
54795	TS	Behrens_3.55	-0.50	H4	escaped	O5	52899.1035	O5	52899.1035	52903.6404
54795	TS	Behrens_3.55	-0.50	H5	escaped	O6	53225.1909	O6	53225.1909	53230.1321
54795	TS	Behrens_3.55	-0.50	H6	escaped	H6	66209.6461	H6	66209.6461	66209.8906
54795	TS	Behrens_3.55	-0.50	H7	escaped	H8	64786.3573	H8	64786.3573	64786.3573
54795	TS	Behrens_3.55	-0.50	H8	escaped	H8	56996.0139	H8	56996.0139	56996.0139
54795	TS	Behrens_3.55	-0.75	H1	escaped	O5	67777.8805	O5	67777.8805	67782.4893
54795	TS	Behrens_3.55	-0.75	H2	escaped	O1	75359.6218	O1	75359.6218	75364.1487
54795	TS	Behrens_3.55	-0.75	H3	escaped	H3	77676.3181	H3	77676.3181	77677.0410
54795	TS	Behrens_3.55	-0.75	H4	escaped	O5	81275.9782	O5	81275.9782	81281.0923
54795	TS	Behrens_3.55	-0.75	H5	escaped	O6	78153.6502	O6	78153.6502	78158.8006
54795	TS	Behrens_3.55	-0.75	H6	escaped	O2	70758.2070	O2	70758.2070	70758.3828
54795	TS	Behrens_3.55	-0.75	H7	escaped	H8	80307.8102	H8	80307.8102	80307.8102
54795	TS	Behrens_3.55	-0.75	H8	escaped	H8	75894.5130	H8	75894.5130	75894.5130
54795	TS	Behrens_3.55	-1.00	H1	escaped	O5	72734.0339	O5	72734.0339	72738.5854
54795	TS	Behrens_3.55	-1.00	H2	escaped	O1	78903.6326	O1	78903.6326	78907.8068
54795	TS	Behrens_3.55	-1.00	H3	escaped	H3	81535.1193	H3	81535.1193	81536.1354
54795	TS	Behrens_3.55	-1.00	H4	escaped	O5	88705.3282	O5	88705.3282	88710.6611
54795	TS	Behrens_3.55	-1.00	H5	escaped	O6	81268.1461	O6	81268.1461	81273.3540
54795	TS	Behrens_3.55	-1.00	H6	escaped	O2	76983.9956	O2	76983.9956	76984.7043
54795	TS	Behrens_3.55	-1.00	H7	escaped	H8	83291.7846	H8	83291.7846	83291.7846
54795	TS	Behrens_3.55	-1.00	H8	escaped	H8	76293.0079	H8	76293.0079	76293.0079
55446	R	N	+0.25	carbA	own	O1	2.9165	O1	2.9165	5.3732
55446	R	N	+0.25	carbB	own	O6	2.9004	O6	2.9004	8.1955
55446	R	N	+0.25	ether	migrated	O2	2.9014	O2	2.9014	5.7224
55446	R	N	+0.25	hydroxyl	own	O4	3.1751	C6	3.0742	4.0180
55446	R	N	+0.50	carbA	own	O1	2.7753	O1	2.7753	5.4101
55446	R	N	+0.50	carbB	own	O6	2.7930	H2	2.6291	7.1490
55446	R	N	+0.50	ether	migrated	O2	2.7429	O2	2.7429	5.4804
55446	R	N	+0.50	hydroxyl	migrated	O5	2.8099	O5	2.8099	5.5689
55446	R	N	+0.75	carbA	own	O1	2.6716	O1	2.6716	5.8975
55446	R	N	+0.75	carbB	own	O6	2.7093	O6	2.7093	8.5639
55446	R	N	+0.75	ether	migrated	O2	2.6506	O2	2.6506	5.3377
55446	R	N	+0.75	hydroxyl	migrated	O5	2.6984	O5	2.6984	5.6241
55446	R	N	+1.00	carbA	own	O1	2.6083	O1	2.6083	6.0358
55446	R	N	+1.00	carbB	own	O6	2.6254	O6	2.6254	8.7493
55446	R	N	+1.00	ether	migrated	O2	2.5859	O2	2.5859	5.2376
55446	R	N	+1.00	hydroxyl	migrated	O5	2.6221	O5	2.6221	5.6629
55446	R	N	-0.25	H1	escaped	O5	39498.0496	O5	39498.0496	39501.0126
55446	R	N	-0.25	H2	escaped	O1	45625.6014	O1	45625.6014	45631.5508
55446	R	N	-0.25	H3	escaped	H8	40970.7361	H8	40970.7361	40970.7361
55446	R	N	-0.25	H4	escaped	O5	35423.1522	O5	35423.1522	35425.9209
55446	R	N	-0.25	H5	escaped	O6	35059.1633	O6	35059.1633	35063.4683
55446	R	N	-0.25	H6	escaped	H6	50077.7943	H6	50077.7943	50078.9044
55446	R	N	-0.25	H7	escaped	H3	41590.7430	H3	41590.7430	41590.9846
55446	R	N	-0.25	H8	escaped	H8	41973.9752	H8	41973.9752	41973.9752
55446	R	N	-0.50	H1	escaped	O5	46813.1340	O5	46813.1340	46816.4911
55446	R	N	-0.50	H2	escaped	O1	52679.3714	O1	52679.3714	52684.5370
55446	R	N	-0.50	H3	escaped	H3	73479.5107	H3	73479.5107	73479.5989
55446	R	N	-0.50	H4	escaped	O5	54041.8109	O5	54041.8109	54046.0380
55446	R	N	-0.50	H5	escaped	O6	54225.3004	O6	54225.3004	54230.6073
55446	R	N	-0.50	H6	escaped	H6	67596.1104	H6	67596.1104	67597.1134
55446	R	N	-0.50	H7	escaped	H3	69532.6647	H3	69532.6647	69533.0530
55446	R	N	-0.50	H8	escaped	H8	55862.6692	H8	55862.6692	55862.6692
55446	R	N	-0.75	H1	escaped	O5	74465.3497	O5	74465.3497	74468.8609
55446	R	N	-0.75	H2	escaped	O1	79052.8888	O1	79052.8888	79057.4833
55446	R	N	-0.75	H3	escaped	H3	75786.4174	H3	75786.4174	75786.9774
55446	R	N	-0.75	H4	escaped	O5	62478.0651	O5	62478.0651	62482.7379
55446	R	N	-0.75	H5	escaped	O6	80863.4693	O6	80863.4693	80868.9835
55446	R	N	-0.75	H6	escaped	O2	71941.4997	O2	71941.4997	71942.4553
55446	R	N	-0.75	H7	escaped	H3	83621.5921	H3	83621.5921	83622.0197
55446	R	N	-0.75	H8	escaped	H8	74711.3925	H8	74711.3925	74711.3925
55446	R	N	-1.00	H1	escaped	O5	83337.1174	O5	83337.1174	83340.7235
55446	R	N	-1.00	H2	escaped	O1	82514.4041	O1	82514.4041	82518.6625
55446	R	N	-1.00	H3	escaped	H3	79102.8391	H3	79102.8391	79103.8179
55446	R	N	-1.00	H4	escaped	O5	86638.5484	O5	86638.5484	86643.4001
55446	R	N	-1.00	H5	escaped	O6	84371.7039	O6	84371.7039	84377.2687
55446	R	N	-1.00	H6	escaped	O2	77879.6076	O2	77879.6076	77881.0917
55446	R	N	-1.00	H7	escaped	H3	93145.6795	H3	93145.6795	93146.1402
55446	R	N	-1.00	H8	escaped	H8	75389.2894	H8	75389.2894	75389.2894
55446	R	N+5%	+0.25	carbA	own	O1	2.9910	O1	2.9910	5.4299
55446	R	N+5%	+0.25	carbB	own	O6	2.9919	H1	2.9684	8.3154
55446	R	N+5%	+0.25	ether	migrated	O2	2.9899	O2	2.9899	5.8557
55446	R	N+5%	+0.25	hydroxyl	migrated	O5	3.1470	O5	3.1470	5.4341
55446	R	N+5%	+0.50	carbA	own	O1	2.8480	O1	2.8480	5.4205
55446	R	N+5%	+0.50	carbB	own	O6	2.8759	H2	2.6796	7.2234
55446	R	N+5%	+0.50	ether	migrated	O2	2.8258	O2	2.8258	5.6095
55446	R	N+5%	+0.50	hydroxyl	own	O4	3.1230	C6	3.0234	3.9731
55446	R	N+5%	+0.75	carbA	own	O1	2.7583	O1	2.7583	5.5349
55446	R	N+5%	+0.75	carbB	own	O6	2.7813	H2	2.6314	7.1575
55446	R	N+5%	+0.75	ether	migrated	O2	2.7303	O2	2.7303	5.4629
55446	R	N+5%	+0.75	hydroxyl	migrated	O5	2.7914	O5	2.7914	5.6348
55446	R	N+5%	+1.00	carbA	own	O1	2.6831	O1	2.6831	5.9120
55446	R	N+5%	+1.00	carbB	own	O6	2.7433	O6	2.7433	8.2960
55446	R	N+5%	+1.00	ether	migrated	O2	2.6634	O2	2.6634	5.3594
55446	R	N+5%	+1.00	hydroxyl	migrated	O5	2.7106	O5	2.7106	5.6771
55446	R	N+5%	-0.25	H1	escaped	O5	34448.6776	O5	34448.6776	34451.4566
55446	R	N+5%	-0.25	H2	escaped	O1	45808.2839	O1	45808.2839	45814.2414
55446	R	N+5%	-0.25	H3	escaped	H8	40972.0219	H8	40972.0219	40972.0219
55446	R	N+5%	-0.25	H4	escaped	O5	35576.1556	O5	35576.1556	35578.8493
55446	R	N+5%	-0.25	H5	escaped	O6	35223.0982	O6	35223.0982	35227.3415
55446	R	N+5%	-0.25	H6	escaped	H6	50281.8279	H6	50281.8279	50282.9096
55446	R	N+5%	-0.25	H7	escaped	H3	41915.5441	H3	41915.5441	41915.7684
55446	R	N+5%	-0.25	H8	escaped	H8	41973.4583	H8	41973.4583	41973.4583
55446	R	N+5%	-0.50	H1	escaped	O5	48863.7386	O5	48863.7386	48866.9569
55446	R	N+5%	-0.50	H2	escaped	O1	52863.3158	O1	52863.3158	52868.4837
55446	R	N+5%	-0.50	H3	escaped	H3	73462.4926	H3	73462.4926	73462.5731
55446	R	N+5%	-0.50	H4	escaped	O5	54208.4236	O5	54208.4236	54212.5969
55446	R	N+5%	-0.50	H5	escaped	O6	54463.6720	O6	54463.6720	54468.9297
55446	R	N+5%	-0.50	H6	escaped	H6	67539.1390	H6	67539.1390	67540.1029
55446	R	N+5%	-0.50	H7	escaped	H3	68009.5703	H3	68009.5703	68009.9326
55446	R	N+5%	-0.50	H8	escaped	H8	55815.3188	H8	55815.3188	55815.3188
55446	R	N+5%	-0.75	H1	escaped	O5	73507.4525	O5	73507.4525	73510.8326
55446	R	N+5%	-0.75	H2	escaped	O1	79153.5458	O1	79153.5458	79158.1386
55446	R	N+5%	-0.75	H3	escaped	H3	75752.8938	H3	75752.8938	75753.4466
55446	R	N+5%	-0.75	H4	escaped	O5	62536.3375	O5	62536.3375	62540.9703
55446	R	N+5%	-0.75	H5	escaped	O6	80987.4143	O6	80987.4143	80992.8895
55446	R	N+5%	-0.75	H6	escaped	O2	71745.4062	O2	71745.4062	71746.2801
55446	R	N+5%	-0.75	H7	escaped	H3	84838.4290	H3	84838.4290	84838.8538
55446	R	N+5%	-0.75	H8	escaped	H8	74637.9006	H8	74637.9006	74637.9006
55446	R	N+5%	-1.00	H1	escaped	O5	83425.1045	O5	83425.1045	83428.5834
55446	R	N+5%	-1.00	H2	escaped	O1	82605.0553	O1	82605.0553	82609.3121
55446	R	N+5%	-1.00	H3	escaped	H3	79059.6257	H3	79059.6257	79060.5989
55446	R	N+5%	-1.00	H4	escaped	O5	86715.4953	O5	86715.4953	86720.3147
55446	R	N+5%	-1.00	H5	escaped	O6	84487.0275	O6	84487.0275	84492.5600
55446	R	N+5%	-1.00	H6	escaped	O2	77661.6559	O2	77661.6559	77663.0746
55446	R	N+5%	-1.00	H7	escaped	H3	95429.4793	H3	95429.4793	95429.9373
55446	R	N+5%	-1.00	H8	escaped	H8	75313.7743	H8	75313.7743	75313.7743
55446	R	N+10%	+0.25	carbA	own	O1	3.0660	H6	3.0578	5.4901
55446	R	N+10%	+0.25	carbB	own	O6	3.0713	H1	3.0376	8.4143
55446	R	N+10%	+0.25	ether	migrated	O2	3.0795	O2	3.0795	5.9908
55446	R	N+10%	+0.25	hydroxyl	own	O4	3.4093	C6	3.2107	4.2409
55446	R	N+10%	+0.50	carbA	own	O1	2.9197	O1	2.9197	5.4588
55446	R	N+10%	+0.50	carbB	own	O6	2.9244	O6	2.9244	8.2690
55446	R	N+10%	+0.50	ether	migrated	O2	2.9098	O2	2.9098	5.7403
55446	R	N+10%	+0.50	hydroxyl	own	O4	3.2364	C6	3.0881	4.0807
55446	R	N+10%	+0.75	carbA	own	O1	2.8325	O1	2.8325	5.4739
55446	R	N+10%	+0.75	carbB	own	O6	2.8615	H2	2.6804	7.2304
55446	R	N+10%	+0.75	ether	migrated	O2	2.8110	O2	2.8110	5.5898
55446	R	N+10%	+0.75	hydroxyl	migrated	O6	2.8615	H2	2.6804	7.2304
55446	R	N+10%	+1.00	carbA	own	O1	2.7654	O1	2.7654	5.6043
55446	R	N+10%	+1.00	carbB	own	O6	2.7952	O6	2.7952	8.1748
55446	R	N+10%	+1.00	ether	migrated	O2	2.7417	O2	2.7417	5.4832
55446	R	N+10%	+1.00	hydroxyl	migrated	O5	2.8022	O5	2.8022	5.7023
55446	R	N+10%	-0.25	H1	escaped	O5	34162.6063	O5	34162.6063	34165.2272
55446	R	N+10%	-0.25	H2	escaped	O1	46030.2438	O1	46030.2438	46036.2109
55446	R	N+10%	-0.25	H3	escaped	H8	41020.1275	H8	41020.1275	41020.1275
55446	R	N+10%	-0.25	H4	escaped	O5	35732.8652	O5	35732.8652	35735.4367
55446	R	N+10%	-0.25	H5	escaped	O6	35406.3980	O6	35406.3980	35410.5376
55446	R	N+10%	-0.25	H6	escaped	H6	50487.2345	H6	50487.2345	50488.2675
55446	R	N+10%	-0.25	H7	escaped	H3	42047.7084	H3	42047.7084	42047.8988
55446	R	N+10%	-0.25	H8	escaped	H8	41985.5679	H8	41985.5679	41985.5679
55446	R	N+10%	-0.50	H1	escaped	O5	51560.8717	O5	51560.8717	51563.9703
55446	R	N+10%	-0.50	H2	escaped	O1	53115.4521	O1	53115.4521	53120.6205
55446	R	N+10%	-0.50	H3	escaped	H3	73459.1120	H3	73459.1120	73459.1755
55446	R	N+10%	-0.50	H4	escaped	O5	54397.4604	O5	54397.4604	54401.5487
55446	R	N+10%	-0.50	H5	escaped	O6	54766.5879	O6	54766.5879	54771.7658
55446	R	N+10%	-0.50	H6	escaped	H6	67382.1871	H6	67382.1871	67383.0825
55446	R	N+10%	-0.50	H7	escaped	H3	68443.1232	H3	68443.1232	68443.4776
55446	R	N+10%	-0.50	H8	escaped	H8	55780.3130	H8	55780.3130	55780.3130
55446	R	N+10%	-0.75	H1	escaped	O5	73072.8656	O5	73072.8656	73076.1301
55446	R	N+10%	-0.75	H2	escaped	O1	79340.2617	O1	79340.2617	79344.8503
55446	R	N+10%	-0.75	H3	escaped	H3	75694.6739	H3	75694.6739	75695.2105
55446	R	N+10%	-0.75	H4	escaped	O5	62652.7088	O5	62652.7088	62657.2794
55446	R	N+10%	-0.75	H5	escaped	O6	81207.9656	O6	81207.9656	81213.3787
55446	R	N+10%	-0.75	H6	escaped	O2	71378.8955	O2	71378.8955	71379.6275
55446	R	N+10%	-0.75	H7	escaped	H3	85903.3995	H3	85903.3995	85903.8186
55446	R	N+10%	-0.75	H8	escaped	H8	74581.8966	H8	74581.8966	74581.8966
55446	R	N+10%	-1.00	H1	escaped	O5	84040.0334	O5	84040.0334	84043.3970
55446	R	N+10%	-1.00	H2	escaped	O1	82771.4296	O1	82771.4296	82775.6830
55446	R	N+10%	-1.00	H3	escaped	H3	104620.2243	H3	104620.2243	104621.1850
55446	R	N+10%	-1.00	H4	escaped	O5	86867.0973	O5	86867.0973	86871.8667
55446	R	N+10%	-1.00	H5	escaped	O6	84692.2321	O6	84692.2321	84697.7137
55446	R	N+10%	-1.00	H6	escaped	O2	77265.0972	O2	77265.0972	77266.4020
55446	R	N+10%	-1.00	H7	escaped	H3	97373.8456	H3	97373.8456	97374.2986
55446	R	N+10%	-1.00	H8	escaped	H8	75256.1711	H8	75256.1711	75256.1711
55446	R	OPLS_sp3C	+0.25	carbA	own	O1	2.9329	O1	2.9329	5.4424
55446	R	OPLS_sp3C	+0.25	carbB	own	O6	2.9348	O6	2.9348	8.2700
55446	R	OPLS_sp3C	+0.25	ether	migrated	O2	2.9240	O2	2.9240	5.7599
55446	R	OPLS_sp3C	+0.25	hydroxyl	own	O4	3.2404	C6	3.0973	4.0831
55446	R	OPLS_sp3C	+0.50	carbA	own	O1	2.7838	O1	2.7838	5.5081
55446	R	OPLS_sp3C	+0.50	carbB	own	O6	2.8083	H2	2.6491	7.1854
55446	R	OPLS_sp3C	+0.50	ether	migrated	O2	2.7575	O2	2.7575	5.5062
55446	R	OPLS_sp3C	+0.50	hydroxyl	migrated	O5	2.8233	O5	2.8233	5.6529
55446	R	OPLS_sp3C	+0.75	carbA	own	O1	2.6810	O1	2.6810	5.9392
55446	R	OPLS_sp3C	+0.75	carbB	own	O6	2.7194	O6	2.7194	8.5778
55446	R	OPLS_sp3C	+0.75	ether	migrated	O2	2.6620	O2	2.6620	5.3586
55446	R	OPLS_sp3C	+0.75	hydroxyl	migrated	O5	2.7071	O5	2.7071	5.7244
55446	R	OPLS_sp3C	+1.00	carbA	own	O1	2.6169	O1	2.6169	6.0510
55446	R	OPLS_sp3C	+1.00	carbB	own	O6	2.6350	O6	2.6350	8.7529
55446	R	OPLS_sp3C	+1.00	ether	migrated	O2	2.5954	O2	2.5954	5.2557
55446	R	OPLS_sp3C	+1.00	hydroxyl	migrated	O6	2.6350	O6	2.6350	8.7529
55446	R	OPLS_sp3C	-0.25	H1	escaped	O5	37350.4470	O5	37350.4470	37353.5481
55446	R	OPLS_sp3C	-0.25	H2	escaped	O1	45544.2242	O1	45544.2242	45550.1669
55446	R	OPLS_sp3C	-0.25	H3	escaped	H8	41277.0891	H8	41277.0891	41277.0891
55446	R	OPLS_sp3C	-0.25	H4	escaped	O5	35224.5573	O5	35224.5573	35227.3111
55446	R	OPLS_sp3C	-0.25	H5	escaped	O6	34938.6791	O6	34938.6791	34942.9648
55446	R	OPLS_sp3C	-0.25	H6	escaped	H6	49629.0853	H6	49629.0853	49630.1495
55446	R	OPLS_sp3C	-0.25	H7	escaped	H3	41104.0378	H3	41104.0378	41104.3342
55446	R	OPLS_sp3C	-0.25	H8	escaped	H8	42050.4679	H8	42050.4679	42050.4679
55446	R	OPLS_sp3C	-0.50	H1	escaped	O5	61831.5400	O5	61831.5400	61834.9263
55446	R	OPLS_sp3C	-0.50	H2	escaped	O1	52823.1932	O1	52823.1932	52828.3360
55446	R	OPLS_sp3C	-0.50	H3	escaped	H3	73626.2819	H3	73626.2819	73626.3344
55446	R	OPLS_sp3C	-0.50	H4	escaped	O5	54001.0128	O5	54001.0128	54005.2087
55446	R	OPLS_sp3C	-0.50	H5	escaped	O6	54298.0793	O6	54298.0793	54303.3399
55446	R	OPLS_sp3C	-0.50	H6	escaped	H6	67105.2531	H6	67105.2531	67106.1771
55446	R	OPLS_sp3C	-0.50	H7	escaped	H3	70816.8365	H3	70816.8365	70817.2539
55446	R	OPLS_sp3C	-0.50	H8	escaped	H8	56057.8550	H8	56057.8550	56057.8550
55446	R	OPLS_sp3C	-0.75	H1	escaped	O5	74700.0246	O5	74700.0246	74703.5410
55446	R	OPLS_sp3C	-0.75	H2	escaped	O1	79461.6758	O1	79461.6758	79466.2536
55446	R	OPLS_sp3C	-0.75	H3	escaped	H3	75725.5809	H3	75725.5809	75726.1024
55446	R	OPLS_sp3C	-0.75	H4	escaped	O5	62799.6656	O5	62799.6656	62804.3062
55446	R	OPLS_sp3C	-0.75	H5	escaped	O6	81312.8133	O6	81312.8133	81318.2832
55446	R	OPLS_sp3C	-0.75	H6	escaped	O2	71436.9899	O2	71436.9899	71437.8237
55446	R	OPLS_sp3C	-0.75	H7	escaped	H3	83262.8636	H3	83262.8636	83263.3104
55446	R	OPLS_sp3C	-0.75	H8	escaped	H8	75003.9626	H8	75003.9626	75003.9626
55446	R	OPLS_sp3C	-1.00	H1	escaped	O5	83393.3689	O5	83393.3689	83396.9708
55446	R	OPLS_sp3C	-1.00	H2	escaped	O1	82856.9638	O1	82856.9638	82861.2101
55446	R	OPLS_sp3C	-1.00	H3	escaped	H3	104591.6897	H3	104591.6897	104592.6402
55446	R	OPLS_sp3C	-1.00	H4	escaped	O5	87021.2543	O5	87021.2543	87026.0777
55446	R	OPLS_sp3C	-1.00	H5	escaped	O6	84767.5477	O6	84767.5477	84773.0742
55446	R	OPLS_sp3C	-1.00	H6	escaped	O2	77430.0684	O2	77430.0684	77431.4510
55446	R	OPLS_sp3C	-1.00	H7	escaped	H3	92899.8817	H3	92899.8817	92900.3567
55446	R	OPLS_sp3C	-1.00	H8	escaped	H8	75689.2752	H8	75689.2752	75689.2752
55446	R	Behrens_3.55	+0.25	carbA	own	O1	2.9553	O1	2.9553	5.4581
55446	R	Behrens_3.55	+0.25	carbB	own	O6	2.9597	O6	2.9597	8.3015
55446	R	Behrens_3.55	+0.25	ether	migrated	O2	2.9505	O2	2.9505	5.8007
55446	R	Behrens_3.55	+0.25	hydroxyl	migrated	O5	3.0795	O5	3.0795	5.5321
55446	R	Behrens_3.55	+0.50	carbA	own	O1	2.8064	O1	2.8064	5.4900
55446	R	Behrens_3.55	+0.50	carbB	own	O6	2.8328	H2	2.6642	7.2078
55446	R	Behrens_3.55	+0.50	ether	migrated	O2	2.7822	O2	2.7822	5.5452
55446	R	Behrens_3.55	+0.50	hydroxyl	migrated	O5	2.8531	O5	2.8531	5.6585
55446	R	Behrens_3.55	+0.75	carbA	own	O1	2.7044	O1	2.7044	5.8815
55446	R	Behrens_3.55	+0.75	carbB	own	O6	2.7623	O6	2.7623	8.2428
55446	R	Behrens_3.55	+0.75	ether	migrated	O2	2.6856	O2	2.6856	5.3961
55446	R	Behrens_3.55	+0.75	hydroxyl	migrated	O5	2.7343	O5	2.7343	5.7406
55446	R	Behrens_3.55	+1.00	carbA	own	O1	2.6386	O1	2.6386	6.0280
55446	R	Behrens_3.55	+1.00	carbB	own	O6	2.6600	O6	2.6600	8.7363
55446	R	Behrens_3.55	+1.00	ether	migrated	O2	2.6184	O2	2.6184	5.2921
55446	R	Behrens_3.55	+1.00	hydroxyl	migrated	O6	2.6600	O6	2.6600	8.7363
55446	R	Behrens_3.55	-0.25	H1	escaped	O5	38279.2211	O5	38279.2211	38282.2806
55446	R	Behrens_3.55	-0.25	H2	escaped	O1	45586.4057	O1	45586.4057	45592.3504
55446	R	Behrens_3.55	-0.25	H3	escaped	H8	41287.4706	H8	41287.4706	41287.4706
55446	R	Behrens_3.55	-0.25	H4	escaped	O5	46700.3198	O5	46700.3198	46703.0494
55446	R	Behrens_3.55	-0.25	H5	escaped	O6	34973.2908	O6	34973.2908	34977.5564
55446	R	Behrens_3.55	-0.25	H6	escaped	H6	49664.4988	H6	49664.4988	49665.5529
55446	R	Behrens_3.55	-0.25	H7	escaped	H3	41150.5078	H3	41150.5078	41150.8022
55446	R	Behrens_3.55	-0.25	H8	escaped	H8	42048.0943	H8	42048.0943	42048.0943
55446	R	Behrens_3.55	-0.50	H1	escaped	O5	47080.2801	O5	47080.2801	47083.6297
55446	R	Behrens_3.55	-0.50	H2	escaped	O1	52874.3564	O1	52874.3564	52879.4992
55446	R	Behrens_3.55	-0.50	H3	escaped	H3	73625.2854	H3	73625.2854	73625.3338
55446	R	Behrens_3.55	-0.50	H4	escaped	O5	54037.3855	O5	54037.3855	54041.5644
55446	R	Behrens_3.55	-0.50	H5	escaped	O6	54358.5096	O6	54358.5096	54363.7543
55446	R	Behrens_3.55	-0.50	H6	escaped	H6	67070.9855	H6	67070.9855	67071.8952
55446	R	Behrens_3.55	-0.50	H7	escaped	H3	70274.9304	H3	70274.9304	70275.3471
55446	R	Behrens_3.55	-0.50	H8	escaped	H8	56049.8205	H8	56049.8205	56049.8205
55446	R	Behrens_3.55	-0.75	H1	escaped	O5	74395.3273	O5	74395.3273	74398.8073
55446	R	Behrens_3.55	-0.75	H2	escaped	O1	79501.7358	O1	79501.7358	79506.3127
55446	R	Behrens_3.55	-0.75	H3	escaped	H3	75711.6410	H3	75711.6410	75712.1586
55446	R	Behrens_3.55	-0.75	H4	escaped	O5	62824.7036	O5	62824.7036	62829.3317
55446	R	Behrens_3.55	-0.75	H5	escaped	O6	81359.9536	O6	81359.9536	81365.4110
55446	R	Behrens_3.55	-0.75	H6	escaped	O2	71361.9484	O2	71361.9484	71362.7532
55446	R	Behrens_3.55	-0.75	H7	escaped	H3	83619.0447	H3	83619.0447	83619.4922
55446	R	Behrens_3.55	-0.75	H8	escaped	H8	74992.4920	H8	74992.4920	74992.4920
55446	R	Behrens_3.55	-1.00	H1	escaped	O5	83369.9217	O5	83369.9217	83373.4876
55446	R	Behrens_3.55	-1.00	H2	escaped	O1	82892.5650	O1	82892.5650	82896.8105
55446	R	Behrens_3.55	-1.00	H3	escaped	H3	104564.4169	H3	104564.4169	104565.3644
55446	R	Behrens_3.55	-1.00	H4	escaped	O5	87053.7773	O5	87053.7773	87058.5906
55446	R	Behrens_3.55	-1.00	H5	escaped	O6	84811.2847	O6	84811.2847	84816.8010
55446	R	Behrens_3.55	-1.00	H6	escaped	O2	77349.9666	O2	77349.9666	77351.3258
55446	R	Behrens_3.55	-1.00	H7	escaped	H3	93596.3806	H3	93596.3806	93596.8557
55446	R	Behrens_3.55	-1.00	H8	escaped	H8	75677.9351	H8	75677.9351	75677.9351
55446	TS	N	+0.25	carbA	own	O1	2.9138	H6	2.9109	5.5446
55446	TS	N	+0.25	carbB	own	O6	2.9803	O6	2.9803	8.6946
55446	TS	N	+0.25	ether	migrated	O2	2.9264	O2	2.9264	6.2050
55446	TS	N	+0.25	hydroxyl	migrated	O6	2.9988	O6	2.9988	5.6290
55446	TS	N	+0.50	carbA	own	O1	2.7803	O1	2.7803	5.5083
55446	TS	N	+0.50	carbB	own	O6	2.8315	O6	2.8315	8.6945
55446	TS	N	+0.50	ether	migrated	O2	2.7584	O2	2.7584	5.9225
55446	TS	N	+0.50	hydroxyl	migrated	O6	2.8015	O6	2.8015	5.7543
55446	TS	N	+0.75	carbA	own	O1	2.6964	O1	2.6964	5.5384
55446	TS	N	+0.75	carbB	own	O6	2.6800	O6	2.6800	9.0517
55446	TS	N	+0.75	ether	migrated	O2	2.6621	O2	2.6621	5.7538
55446	TS	N	+0.75	hydroxyl	migrated	O6	2.6946	O6	2.6946	5.8082
55446	TS	N	+1.00	carbA	own	O1	2.6250	O1	2.6250	5.7084
55446	TS	N	+1.00	carbB	own	O6	2.6147	O6	2.6147	9.0116
55446	TS	N	+1.00	ether	migrated	O2	2.5952	O2	2.5952	5.6352
55446	TS	N	+1.00	hydroxyl	migrated	O6	2.6147	O6	2.6147	9.0116
55446	TS	N	-0.25	H1	escaped	O5	43895.9620	O5	43895.9620	43900.3861
55446	TS	N	-0.25	H2	escaped	O1	43614.7710	O1	43614.7710	43620.6209
55446	TS	N	-0.25	H3	escaped	H8	41717.4803	H8	41717.4803	41717.4803
55446	TS	N	-0.25	H4	escaped	O5	46264.0367	O5	46264.0367	46266.7077
55446	TS	N	-0.25	H5	escaped	O6	45943.1518	O6	45943.1518	45947.5048
55446	TS	N	-0.25	H6	escaped	H6	49290.5995	H6	49290.5995	49291.3217
55446	TS	N	-0.25	H7	escaped	H8	39298.2609	H8	39298.2609	39298.2609
55446	TS	N	-0.25	H8	escaped	H8	42767.5331	H8	42767.5331	42767.5331
55446	TS	N	-0.50	H1	escaped	O5	59535.9141	O5	59535.9141	59540.3548
55446	TS	N	-0.50	H2	escaped	O1	63667.1377	O1	63667.1377	63672.5115
55446	TS	N	-0.50	H3	escaped	H3	56765.8809	H3	56765.8809	56766.1659
55446	TS	N	-0.50	H4	escaped	O5	53399.3304	O5	53399.3304	53403.6346
55446	TS	N	-0.50	H5	escaped	O6	53056.2066	O6	53056.2066	53061.4961
55446	TS	N	-0.50	H6	escaped	H6	66497.3199	H6	66497.3199	66497.7143
55446	TS	N	-0.50	H7	escaped	H8	55178.5647	H8	55178.5647	55178.5647
55446	TS	N	-0.50	H8	escaped	H8	56604.7146	H8	56604.7146	56604.7146
55446	TS	N	-0.75	H1	escaped	O5	67748.1466	O5	67748.1466	67752.5442
55446	TS	N	-0.75	H2	escaped	O1	72146.9191	O1	72146.9191	72151.6421
55446	TS	N	-0.75	H3	escaped	H3	78296.6271	H3	78296.6271	78297.3172
55446	TS	N	-0.75	H4	escaped	O5	62089.2455	O5	62089.2455	62094.0470
55446	TS	N	-0.75	H5	escaped	O6	77994.6063	O6	77994.6063	78000.0851
55446	TS	N	-0.75	H6	escaped	O2	70832.8094	O2	70832.8094	70832.8543
55446	TS	N	-0.75	H7	escaped	H8	67276.1336	H8	67276.1336	67276.1336
55446	TS	N	-0.75	H8	escaped	H8	75416.7447	H8	75416.7447	75416.7447
55446	TS	N	-1.00	H1	escaped	O5	70102.8580	O5	70102.8580	70107.2172
55446	TS	N	-1.00	H2	escaped	O1	78301.5313	O1	78301.5313	78305.8142
55446	TS	N	-1.00	H3	escaped	H3	82084.7890	H3	82084.7890	82085.7800
55446	TS	N	-1.00	H4	escaped	O5	88938.9289	O5	88938.9289	88943.9198
55446	TS	N	-1.00	H5	escaped	O6	81218.1837	O6	81218.1837	81223.7019
55446	TS	N	-1.00	H6	escaped	O2	101829.3125	O2	101829.3125	101829.7068
55446	TS	N	-1.00	H7	escaped	H8	90398.1447	H8	90398.1447	90398.1447
55446	TS	N	-1.00	H8	escaped	H8	75872.8822	H8	75872.8822	75872.8822
55446	TS	N+5%	+0.25	carbA	own	O1	2.9866	H6	2.9642	5.6067
55446	TS	N+5%	+0.25	carbB	own	O6	3.0554	O6	3.0554	8.7715
55446	TS	N+5%	+0.25	ether	migrated	O2	3.0233	O2	3.0233	6.3762
55446	TS	N+5%	+0.25	hydroxyl	migrated	O6	3.1033	O6	3.1033	5.5978
55446	TS	N+5%	+0.50	carbA	own	O1	2.8502	O1	2.8502	5.5523
55446	TS	N+5%	+0.50	carbB	own	O6	2.9105	O6	2.9105	8.6999
55446	TS	N+5%	+0.50	ether	migrated	O2	2.8464	O2	2.8464	6.0827
55446	TS	N+5%	+0.50	hydroxyl	migrated	O6	2.8944	O6	2.8944	5.7335
55446	TS	N+5%	+0.75	carbA	own	O1	2.7675	O1	2.7675	5.5416
55446	TS	N+5%	+0.75	carbB	own	O6	2.7796	O6	2.7796	8.9673
55446	TS	N+5%	+0.75	ether	migrated	O2	2.7455	O2	2.7455	5.9066
55446	TS	N+5%	+0.75	hydroxyl	migrated	O6	2.7825	O6	2.7825	5.7898
55446	TS	N+5%	+1.00	carbA	own	O1	2.7055	O1	2.7055	5.5724
55446	TS	N+5%	+1.00	carbB	own	O6	2.6931	O6	2.6931	9.0605
55446	TS	N+5%	+1.00	ether	migrated	O1	2.7055	O1	2.7055	5.5724
55446	TS	N+5%	+1.00	hydroxyl	migrated	O6	2.7061	O6	2.7061	5.8236
55446	TS	N+5%	-0.25	H1	escaped	O5	42112.7263	O5	42112.7263	42117.0520
55446	TS	N+5%	-0.25	H2	escaped	O1	43823.6829	O1	43823.6829	43829.5671
55446	TS	N+5%	-0.25	H3	escaped	H8	41736.7952	H8	41736.7952	41736.7952
55446	TS	N+5%	-0.25	H4	escaped	H4	46416.5514	H4	46416.5514	46419.1158
55446	TS	N+5%	-0.25	H5	escaped	O6	46190.9805	O6	46190.9805	46195.2762
55446	TS	N+5%	-0.25	H6	escaped	H6	49493.4813	H6	49493.4813	49494.1749
55446	TS	N+5%	-0.25	H7	escaped	H8	40290.8063	H8	40290.8063	40290.8063
55446	TS	N+5%	-0.25	H8	escaped	H8	37464.5044	H8	37464.5044	37464.5044
55446	TS	N+5%	-0.50	H1	escaped	O5	55768.1593	O5	55768.1593	55772.5304
55446	TS	N+5%	-0.50	H2	escaped	O1	63834.9046	O1	63834.9046	63840.3210
55446	TS	N+5%	-0.50	H3	escaped	H3	56750.3269	H3	56750.3269	56750.6030
55446	TS	N+5%	-0.50	H4	escaped	O5	53484.8629	O5	53484.8629	53489.0894
55446	TS	N+5%	-0.50	H5	escaped	O6	53317.7446	O6	53317.7446	53322.9820
55446	TS	N+5%	-0.50	H6	escaped	H6	66492.6252	H6	66492.6252	66492.9769
55446	TS	N+5%	-0.50	H7	escaped	H8	56664.8569	H8	56664.8569	56664.8569
55446	TS	N+5%	-0.50	H8	escaped	H8	56576.9558	H8	56576.9558	56576.9558
55446	TS	N+5%	-0.75	H1	escaped	O5	68831.2055	O5	68831.2055	68835.5537
55446	TS	N+5%	-0.75	H2	escaped	O1	72322.4945	O1	72322.4945	72327.2547
55446	TS	N+5%	-0.75	H3	escaped	H3	78262.4058	H3	78262.4058	78263.0899
55446	TS	N+5%	-0.75	H4	escaped	O5	62230.2826	O5	62230.2826	62235.0270
55446	TS	N+5%	-0.75	H5	escaped	O6	78109.8969	O6	78109.8969	78115.3330
55446	TS	N+5%	-0.75	H6	escaped	H8	70715.9548	H8	70715.9548	70715.9548
55446	TS	N+5%	-0.75	H7	escaped	H8	68621.3283	H8	68621.3283	68621.3283
55446	TS	N+5%	-0.75	H8	escaped	H8	75366.3776	H8	75366.3776	75366.3776
55446	TS	N+5%	-1.00	H1	escaped	O5	71126.5217	O5	71126.5217	71130.8422
55446	TS	N+5%	-1.00	H2	escaped	O1	78348.1842	O1	78348.1842	78352.4967
55446	TS	N+5%	-1.00	H3	escaped	H3	82065.0343	H3	82065.0343	82066.0218
55446	TS	N+5%	-1.00	H4	escaped	O5	88999.1706	O5	88999.1706	89004.1164
55446	TS	N+5%	-1.00	H5	escaped	O6	81318.4493	O6	81318.4493	81323.9315
55446	TS	N+5%	-1.00	H6	escaped	O2	101649.3806	O2	101649.3806	101649.6870
55446	TS	N+5%	-1.00	H7	escaped	H8	92169.6237	H8	92169.6237	92169.6237
55446	TS	N+5%	-1.00	H8	escaped	H8	75818.9777	H8	75818.9777	75818.9777
55446	TS	N+10%	+0.25	carbA	own	O1	3.0599	H6	3.0214	5.6712
55446	TS	N+10%	+0.25	carbB	own	O6	3.1308	O6	3.1308	8.8523
55446	TS	N+10%	+0.25	ether	migrated	O2	3.1253	O2	3.1253	6.5613
55446	TS	N+10%	+0.25	hydroxyl	migrated	O6	3.2092	O6	3.2092	5.5665
55446	TS	N+10%	+0.50	carbA	own	O1	2.9201	O1	2.9201	5.6045
55446	TS	N+10%	+0.50	carbB	own	O6	2.9840	O6	2.9840	8.7540
55446	TS	N+10%	+0.50	ether	migrated	O2	2.9372	O2	2.9372	6.2520
55446	TS	N+10%	+0.50	hydroxyl	migrated	O6	2.9840	O6	2.9840	8.7540
55446	TS	N+10%	+0.75	carbA	own	O1	2.8364	O1	2.8364	5.5755
55446	TS	N+10%	+0.75	carbB	own	O6	2.8933	O6	2.8933	8.7332
55446	TS	N+10%	+0.75	ether	migrated	O1	2.8364	O1	2.8364	5.5755
55446	TS	N+10%	+0.75	hydroxyl	migrated	O6	2.8716	O6	2.8716	5.7718
55446	TS	N+10%	+1.00	carbA	own	O1	2.7758	O1	2.7758	5.5703
55446	TS	N+10%	+1.00	carbB	own	O6	2.7924	O6	2.7924	8.9633
55446	TS	N+10%	+1.00	ether	migrated	O1	2.7758	O1	2.7758	5.5703
55446	TS	N+10%	+1.00	hydroxyl	migrated	O6	2.7920	O6	2.7920	5.8065
55446	TS	N+10%	-0.25	H1	escaped	O5	44973.7059	O5	44973.7059	44977.9223
55446	TS	N+10%	-0.25	H2	escaped	O1	44086.2302	O1	44086.2302	44092.1629
55446	TS	N+10%	-0.25	H3	escaped	H8	41799.8875	H8	41799.8875	41799.8875
55446	TS	N+10%	-0.25	H4	escaped	H4	46128.6853	H4	46128.6853	46131.1463
55446	TS	N+10%	-0.25	H5	escaped	O6	46485.5343	O6	46485.5343	46489.7345
55446	TS	N+10%	-0.25	H6	escaped	H6	49713.7250	H6	49713.7250	49714.3702
55446	TS	N+10%	-0.25	H7	escaped	H8	41047.7626	H8	41047.7626	41047.7626
55446	TS	N+10%	-0.25	H8	escaped	H8	37626.3052	H8	37626.3052	37626.3052
55446	TS	N+10%	-0.50	H1	escaped	O5	51984.4871	O5	51984.4871	51988.7809
55446	TS	N+10%	-0.50	H2	escaped	O1	64085.7622	O1	64085.7622	64091.2361
55446	TS	N+10%	-0.50	H3	escaped	H3	56735.5953	H3	56735.5953	56735.8531
55446	TS	N+10%	-0.50	H4	escaped	O5	53556.9409	O5	53556.9409	53561.0438
55446	TS	N+10%	-0.50	H5	escaped	O6	53672.4448	O6	53672.4448	53677.5982
55446	TS	N+10%	-0.50	H6	escaped	H6	66444.5445	H6	66444.5445	66444.8229
55446	TS	N+10%	-0.50	H7	escaped	H8	58077.8283	H8	58077.8283	58077.8283
55446	TS	N+10%	-0.50	H8	escaped	H8	56560.0237	H8	56560.0237	56560.0237
55446	TS	N+10%	-0.75	H1	escaped	O5	66580.6789	O5	66580.6789	66584.9636
55446	TS	N+10%	-0.75	H2	escaped	O1	72597.3157	O1	72597.3157	72602.1267
55446	TS	N+10%	-0.75	H3	escaped	H3	78206.9596	H3	78206.9596	78207.6307
55446	TS	N+10%	-0.75	H4	escaped	O5	62376.7814	O5	62376.7814	62381.4369
55446	TS	N+10%	-0.75	H5	escaped	O6	78323.4379	O6	78323.4379	78328.8060
55446	TS	N+10%	-0.75	H6	escaped	H8	70513.1777	H8	70513.1777	70513.1777
55446	TS	N+10%	-0.75	H7	escaped	H8	69815.4217	H8	69815.4217	69815.4217
55446	TS	N+10%	-0.75	H8	escaped	H8	75330.9137	H8	75330.9137	75330.9137
55446	TS	N+10%	-1.00	H1	escaped	O5	72685.0491	O5	72685.0491	72689.3172
55446	TS	N+10%	-1.00	H2	escaped	O1	78453.7955	O1	78453.7955	78458.1493
55446	TS	N+10%	-1.00	H3	escaped	H3	82035.9676	H3	82035.9676	82036.9477
55446	TS	N+10%	-1.00	H4	escaped	O5	89122.0290	O5	89122.0290	89126.9052
55446	TS	N+10%	-1.00	H5	escaped	O6	81504.7135	O6	81504.7135	81510.1392
55446	TS	N+10%	-1.00	H6	escaped	O2	101349.0478	O2	101349.0478	101349.2056
55446	TS	N+10%	-1.00	H7	escaped	H8	70762.8006	H8	70762.8006	70762.8006
55446	TS	N+10%	-1.00	H8	escaped	H8	75780.1924	H8	75780.1924	75780.1924
55446	TS	OPLS_sp3C	+0.25	carbA	own	O1	2.9322	O1	2.9322	5.5977
55446	TS	OPLS_sp3C	+0.25	carbB	own	O6	2.9973	O6	2.9973	8.7495
55446	TS	OPLS_sp3C	+0.25	ether	migrated	O2	2.9523	O2	2.9523	6.2701
55446	TS	OPLS_sp3C	+0.25	hydroxyl	migrated	O6	3.0102	O6	3.0102	5.6844
55446	TS	OPLS_sp3C	+0.50	carbA	own	O1	2.7906	O1	2.7906	5.5568
55446	TS	OPLS_sp3C	+0.50	carbB	own	O6	2.8361	O6	2.8361	8.7741
55446	TS	OPLS_sp3C	+0.50	ether	migrated	O2	2.7742	O2	2.7742	5.9614
55446	TS	OPLS_sp3C	+0.50	hydroxyl	migrated	O6	2.8117	O6	2.8117	5.7885
55446	TS	OPLS_sp3C	+0.75	carbA	own	O1	2.7025	O1	2.7025	5.5970
55446	TS	OPLS_sp3C	+0.75	carbB	own	O6	2.6914	O6	2.6914	9.0623
55446	TS	OPLS_sp3C	+0.75	ether	migrated	O1	2.7025	O1	2.7025	5.5970
55446	TS	OPLS_sp3C	+0.75	hydroxyl	migrated	O6	2.7032	O6	2.7032	5.8342
55446	TS	OPLS_sp3C	+1.00	carbA	own	O1	2.6303	O1	2.6303	5.7640
55446	TS	OPLS_sp3C	+1.00	carbB	own	O6	2.6241	O6	2.6241	9.0211
55446	TS	OPLS_sp3C	+1.00	ether	migrated	O2	2.6051	O2	2.6051	5.6593
55446	TS	OPLS_sp3C	+1.00	hydroxyl	migrated	O6	2.6288	O6	2.6288	5.8626
55446	TS	OPLS_sp3C	-0.25	H1	escaped	O5	43146.5677	O5	43146.5677	43150.9394
55446	TS	OPLS_sp3C	-0.25	H2	escaped	O1	43436.7196	O1	43436.7196	43442.6022
55446	TS	OPLS_sp3C	-0.25	H3	escaped	H8	41994.2408	H8	41994.2408	41994.2408
55446	TS	OPLS_sp3C	-0.25	H4	escaped	O5	45958.9204	O5	45958.9204	45961.5426
55446	TS	OPLS_sp3C	-0.25	H5	escaped	O6	45810.6930	O6	45810.6930	45815.0318
55446	TS	OPLS_sp3C	-0.25	H6	escaped	H6	48915.5757	H6	48915.5757	48916.2447
55446	TS	OPLS_sp3C	-0.25	H7	escaped	H8	38293.3971	H8	38293.3971	38293.3971
55446	TS	OPLS_sp3C	-0.25	H8	escaped	H8	42779.1602	H8	42779.1602	42779.1602
55446	TS	OPLS_sp3C	-0.50	H1	escaped	O5	57669.3145	O5	57669.3145	57673.7049
55446	TS	OPLS_sp3C	-0.50	H2	escaped	O1	63793.3853	O1	63793.3853	63798.7748
55446	TS	OPLS_sp3C	-0.50	H3	escaped	H3	56891.4954	H3	56891.4954	56891.7624
55446	TS	OPLS_sp3C	-0.50	H4	escaped	O5	53276.9619	O5	53276.9619	53281.2127
55446	TS	OPLS_sp3C	-0.50	H5	escaped	O6	53210.8404	O6	53210.8404	53216.0785
55446	TS	OPLS_sp3C	-0.50	H6	escaped	H6	66149.5960	H6	66149.5960	66149.8970
55446	TS	OPLS_sp3C	-0.50	H7	escaped	H8	58301.0277	H8	58301.0277	58301.0277
55446	TS	OPLS_sp3C	-0.50	H8	escaped	H8	56745.3796	H8	56745.3796	56745.3796
55446	TS	OPLS_sp3C	-0.75	H1	escaped	O5	68433.1069	O5	68433.1069	68437.4663
55446	TS	OPLS_sp3C	-0.75	H2	escaped	O1	72388.7033	O1	72388.7033	72393.4387
55446	TS	OPLS_sp3C	-0.75	H3	escaped	H3	78381.9324	H3	78381.9324	78382.6071
55446	TS	OPLS_sp3C	-0.75	H4	escaped	O5	61990.9950	O5	61990.9950	61995.7517
55446	TS	OPLS_sp3C	-0.75	H5	escaped	O6	78461.2778	O6	78461.2778	78466.7055
55446	TS	OPLS_sp3C	-0.75	H6	escaped	H8	70513.6741	H8	70513.6741	70513.6741
55446	TS	OPLS_sp3C	-0.75	H7	escaped	H8	66523.8077	H8	66523.8077	66523.8077
55446	TS	OPLS_sp3C	-0.75	H8	escaped	H8	75639.7427	H8	75639.7427	75639.7427
55446	TS	OPLS_sp3C	-1.00	H1	escaped	O5	70762.0595	O5	70762.0595	70766.3872
55446	TS	OPLS_sp3C	-1.00	H2	escaped	O1	78614.8318	O1	78614.8318	78619.1287
55446	TS	OPLS_sp3C	-1.00	H3	escaped	H3	82208.8749	H3	82208.8749	82209.8566
55446	TS	OPLS_sp3C	-1.00	H4	escaped	O5	89278.3158	O5	89278.3158	89283.2678
55446	TS	OPLS_sp3C	-1.00	H5	escaped	O6	81613.3171	O6	81613.3171	81618.7903
55446	TS	OPLS_sp3C	-1.00	H6	escaped	O2	101481.1952	O2	101481.1952	101481.4406
55446	TS	OPLS_sp3C	-1.00	H7	escaped	H8	89656.7694	H8	89656.7694	89656.7694
55446	TS	OPLS_sp3C	-1.00	H8	escaped	H8	76105.1995	H8	76105.1995	76105.1995
55446	TS	Behrens_3.55	+0.25	carbA	own	O1	2.9541	O1	2.9541	5.6156
55446	TS	Behrens_3.55	+0.25	carbB	own	O6	3.0200	O6	3.0200	8.7708
55446	TS	Behrens_3.55	+0.25	ether	migrated	O1	2.9541	O1	2.9541	5.6156
55446	TS	Behrens_3.55	+0.25	hydroxyl	migrated	O6	3.0403	O6	3.0403	5.6772
55446	TS	Behrens_3.55	+0.50	carbA	own	O1	2.8117	O1	2.8117	5.5669
55446	TS	Behrens_3.55	+0.50	carbB	own	O6	2.8643	O6	2.8643	8.7443
55446	TS	Behrens_3.55	+0.50	ether	migrated	O2	2.8004	O2	2.8004	6.0105
55446	TS	Behrens_3.55	+0.50	hydroxyl	migrated	O6	2.8643	O6	2.8643	8.7443
55446	TS	Behrens_3.55	+0.75	carbA	own	O1	2.7246	O1	2.7246	5.5860
55446	TS	Behrens_3.55	+0.75	carbB	own	O6	2.7166	O6	2.7166	9.0673
55446	TS	Behrens_3.55	+0.75	ether	migrated	O2	2.6989	O2	2.6989	5.8292
55446	TS	Behrens_3.55	+0.75	hydroxyl	migrated	O6	2.7291	O6	2.7291	5.8290
55446	TS	Behrens_3.55	+1.00	carbA	own	O1	2.6554	O1	2.6554	5.7031
55446	TS	Behrens_3.55	+1.00	carbB	own	O6	2.6469	O6	2.6469	9.0391
55446	TS	Behrens_3.55	+1.00	ether	migrated	O1	2.6554	O1	2.6554	5.7031
55446	TS	Behrens_3.55	+1.00	hydroxyl	migrated	O6	2.6469	O6	2.6469	9.0391
55446	TS	Behrens_3.55	-0.25	H1	escaped	O5	42690.6779	O5	42690.6779	42695.0222
55446	TS	Behrens_3.55	-0.25	H2	escaped	O1	43483.2914	O1	43483.2914	43489.1844
55446	TS	Behrens_3.55	-0.25	H3	escaped	H8	42007.1574	H8	42007.1574	42007.1574
55446	TS	Behrens_3.55	-0.25	H4	escaped	O5	45844.0028	O5	45844.0028	45846.6032
55446	TS	Behrens_3.55	-0.25	H5	escaped	O6	45865.2307	O6	45865.2307	45869.5505
55446	TS	Behrens_3.55	-0.25	H6	escaped	H6	48954.4971	H6	48954.4971	48955.1561
55446	TS	Behrens_3.55	-0.25	H7	escaped	H8	38597.6244	H8	38597.6244	38597.6244
55446	TS	Behrens_3.55	-0.25	H8	escaped	H8	42781.3592	H8	42781.3592	42781.3592
55446	TS	Behrens_3.55	-0.50	H1	escaped	O5	56662.3865	O5	56662.3865	56666.7574
55446	TS	Behrens_3.55	-0.50	H2	escaped	O1	63841.0220	O1	63841.0220	63846.4236
55446	TS	Behrens_3.55	-0.50	H3	escaped	H3	56886.9821	H3	56886.9821	56887.2448
55446	TS	Behrens_3.55	-0.50	H4	escaped	O5	53290.6705	O5	53290.6705	53294.8969
55446	TS	Behrens_3.55	-0.50	H5	escaped	O6	53280.7527	O6	53280.7527	53285.9739
55446	TS	Behrens_3.55	-0.50	H6	escaped	H6	66138.0031	H6	66138.0031	66138.2889
55446	TS	Behrens_3.55	-0.50	H7	escaped	H8	57999.1326	H8	57999.1326	57999.1326
55446	TS	Behrens_3.55	-0.50	H8	escaped	H8	56740.6214	H8	56740.6214	56740.6214
55446	TS	Behrens_3.55	-0.75	H1	escaped	O5	68747.7500	O5	68747.7500	68752.0953
55446	TS	Behrens_3.55	-0.75	H2	escaped	O1	72442.6456	O1	72442.6456	72447.3915
55446	TS	Behrens_3.55	-0.75	H3	escaped	H3	78367.4147	H3	78367.4147	78368.0864
55446	TS	Behrens_3.55	-0.75	H4	escaped	O5	62019.7331	O5	62019.7331	62024.4721
55446	TS	Behrens_3.55	-0.75	H5	escaped	O6	78506.6683	O6	78506.6683	78512.0822
55446	TS	Behrens_3.55	-0.75	H6	escaped	H8	70472.2657	H8	70472.2657	70472.2657
55446	TS	Behrens_3.55	-0.75	H7	escaped	H8	66905.3508	H8	66905.3508	66905.3508
55446	TS	Behrens_3.55	-0.75	H8	escaped	H8	75632.0567	H8	75632.0567	75632.0567
55446	TS	Behrens_3.55	-1.00	H1	escaped	O5	71060.7704	O5	71060.7704	71065.0869
55446	TS	Behrens_3.55	-1.00	H2	escaped	O1	78637.3234	O1	78637.3234	78641.6287
55446	TS	Behrens_3.55	-1.00	H3	escaped	H3	82200.0712	H3	82200.0712	82201.0512
55446	TS	Behrens_3.55	-1.00	H4	escaped	O5	89304.8513	O5	89304.8513	89309.7894
55446	TS	Behrens_3.55	-1.00	H5	escaped	O6	81652.9621	O6	81652.9621	81658.4239
55446	TS	Behrens_3.55	-1.00	H6	escaped	O2	101420.8429	O2	101420.8429	101421.0577
55446	TS	Behrens_3.55	-1.00	H7	escaped	H8	90166.4653	H8	90166.4653	90166.4653
55446	TS	Behrens_3.55	-1.00	H8	escaped	H8	76097.3310	H8	76097.3310	76097.3310
56098	R	N	+0.25	carbA	own	O1	2.9206	H6	2.9179	5.5760
56098	R	N	+0.25	carbB	own	O5	3.1345	H2	2.8624	7.6164
56098	R	N	+0.25	ether	migrated	O2	2.9152	O2	2.9152	5.7410
56098	R	N	+0.25	hydroxyl	migrated	O5	3.1345	H2	2.8624	7.6164
56098	R	N	+0.50	carbA	own	O1	2.7876	O1	2.7876	5.5480
56098	R	N	+0.50	carbB	own	O5	2.8875	H2	2.8265	7.6496
56098	R	N	+0.50	ether	migrated	O1	2.7876	O1	2.7876	5.5480
56098	R	N	+0.50	hydroxyl	migrated	O5	2.8875	H2	2.8265	7.6496
56098	R	N	+0.75	carbA	own	O1	2.6928	O1	2.6928	5.7699
56098	R	N	+0.75	carbB	own	O5	2.7643	O5	2.7643	7.6348
56098	R	N	+0.75	ether	migrated	O2	2.6597	O2	2.6597	5.3554
56098	R	N	+0.75	hydroxyl	migrated	O6	2.7169	O6	2.7169	5.0084
56098	R	N	+1.00	carbA	own	O1	2.6161	O1	2.6161	6.1080
56098	R	N	+1.00	carbB	own	O5	2.6173	O5	2.6173	8.6768
56098	R	N	+1.00	ether	migrated	O2	2.5940	O2	2.5940	5.2538
56098	R	N	+1.00	hydroxyl	migrated	O6	2.6449	O6	2.6449	5.0373
56098	R	N	-0.25	H1	escaped	O6	38845.6307	O6	38845.6307	38847.2907
56098	R	N	-0.25	H2	escaped	O1	45621.6193	O1	45621.6193	45627.6133
56098	R	N	-0.25	H3	escaped	H8	41331.0714	H8	41331.0714	41331.0714
56098	R	N	-0.25	H4	escaped	H4	47122.6578	H4	47122.6578	47125.2703
56098	R	N	-0.25	H5	escaped	O6	35712.7961	O6	35712.7961	35716.6932
56098	R	N	-0.25	H6	escaped	H6	38046.1008	H6	38046.1008	38047.1819
56098	R	N	-0.25	H7	escaped	H3	48883.5518	H3	48883.5518	48883.6380
56098	R	N	-0.25	H8	escaped	H8	42383.4809	H8	42383.4809	42383.4809
56098	R	N	-0.50	H1	escaped	O6	67693.8513	O6	67693.8513	67696.3736
56098	R	N	-0.50	H2	escaped	O1	53224.5023	O1	53224.5023	53229.7325
56098	R	N	-0.50	H3	escaped	H3	74280.1350	H3	74280.1350	74280.2315
56098	R	N	-0.50	H4	escaped	O5	52556.5678	O5	52556.5678	52560.8535
56098	R	N	-0.50	H5	escaped	O6	71969.4157	O6	71969.4157	71974.1648
56098	R	N	-0.50	H6	escaped	H6	67751.5569	H6	67751.5569	67752.4372
56098	R	N	-0.50	H7	escaped	H3	64110.3651	H3	64110.3651	64110.6044
56098	R	N	-0.50	H8	escaped	H8	56053.7151	H8	56053.7151	56053.7151
56098	R	N	-0.75	H1	escaped	O6	69518.6140	O6	69518.6140	69521.4239
56098	R	N	-0.75	H2	escaped	O1	79519.1737	O1	79519.1737	79523.8771
56098	R	N	-0.75	H3	escaped	H3	76888.6748	H3	76888.6748	76889.2574
56098	R	N	-0.75	H4	escaped	O5	79399.6919	O5	79399.6919	79404.7975
56098	R	N	-0.75	H5	escaped	O6	78521.9584	O6	78521.9584	78526.8917
56098	R	N	-0.75	H6	escaped	O2	71706.0679	O2	71706.0679	71706.7571
56098	R	N	-0.75	H7	escaped	H3	73540.7497	H3	73540.7497	73541.0776
56098	R	N	-0.75	H8	escaped	H8	74578.2261	H8	74578.2261	74578.2261
56098	R	N	-1.00	H1	escaped	O6	86143.6674	O6	86143.6674	86146.6188
56098	R	N	-1.00	H2	escaped	O1	82891.1063	O1	82891.1063	82895.5068
56098	R	N	-1.00	H3	escaped	H3	80424.7571	H3	80424.7571	80425.7460
56098	R	N	-1.00	H4	escaped	O5	85124.7514	O5	85124.7514	85130.2030
56098	R	N	-1.00	H5	escaped	O6	81662.7865	O6	81662.7865	81667.7601
56098	R	N	-1.00	H6	escaped	O2	77344.6832	O2	77344.6832	77345.8225
56098	R	N	-1.00	H7	escaped	H3	82296.4705	H3	82296.4705	82296.8102
56098	R	N	-1.00	H8	escaped	H8	74935.2179	H8	74935.2179	74935.2179
56098	R	N+5%	+0.25	carbA	own	O1	2.9930	H6	2.9702	5.6409
56098	R	N+5%	+0.25	carbB	own	O5	3.2403	H2	2.9151	7.6677
56098	R	N+5%	+0.25	ether	migrated	O2	3.0066	O2	3.0066	5.8827
56098	R	N+5%	+0.25	hydroxyl	migrated	O5	3.2403	H2	2.9151	7.6677
56098	R	N+5%	+0.50	carbA	own	O1	2.8568	O1	2.8568	5.5896
56098	R	N+5%	+0.50	carbB	own	O5	2.9918	H2	2.8716	7.6900
56098	R	N+5%	+0.50	ether	migrated	O1	2.8568	O1	2.8568	5.5896
56098	R	N+5%	+0.50	hydroxyl	migrated	O5	2.9918	H2	2.8716	7.6900
56098	R	N+5%	+0.75	carbA	own	O1	2.7744	O1	2.7744	5.5973
56098	R	N+5%	+0.75	carbB	own	O5	2.8617	H2	2.8439	7.6777
56098	R	N+5%	+0.75	ether	migrated	O2	2.7411	O2	2.7411	5.4865
56098	R	N+5%	+0.75	hydroxyl	migrated	O6	2.8055	O6	2.8055	4.9809
56098	R	N+5%	+1.00	carbA	own	O1	2.7013	O1	2.7013	5.8260
56098	R	N+5%	+1.00	carbB	own	O5	2.7759	O5	2.7759	7.6590
56098	R	N+5%	+1.00	ether	migrated	O2	2.6729	O2	2.6729	5.3810
56098	R	N+5%	+1.00	hydroxyl	migrated	O6	2.7302	O6	2.7302	5.0113
56098	R	N+5%	-0.25	H1	escaped	O6	41125.6370	O6	41125.6370	41127.1893
56098	R	N+5%	-0.25	H2	escaped	O1	45848.7588	O1	45848.7588	45854.7636
56098	R	N+5%	-0.25	H3	escaped	H8	41336.0242	H8	41336.0242	41336.0242
56098	R	N+5%	-0.25	H4	escaped	H4	47239.7308	H4	47239.7308	47242.2795
56098	R	N+5%	-0.25	H5	escaped	O6	35886.4515	O6	35886.4515	35890.2947
56098	R	N+5%	-0.25	H6	escaped	H6	38212.1176	H6	38212.1176	38213.1724
56098	R	N+5%	-0.25	H7	escaped	H3	50007.6080	H3	50007.6080	50007.6703
56098	R	N+5%	-0.25	H8	escaped	H8	42409.2883	H8	42409.2883	42409.2883
56098	R	N+5%	-0.50	H1	escaped	O6	70949.1648	O6	70949.1648	70951.6249
56098	R	N+5%	-0.50	H2	escaped	O1	53480.4123	O1	53480.4123	53485.6461
56098	R	N+5%	-0.50	H3	escaped	H3	74268.9780	H3	74268.9780	74269.0683
56098	R	N+5%	-0.50	H4	escaped	O5	52525.8165	O5	52525.8165	52530.0462
56098	R	N+5%	-0.50	H5	escaped	O6	72306.3726	O6	72306.3726	72311.0776
56098	R	N+5%	-0.50	H6	escaped	H6	67738.8070	H6	67738.8070	67739.6495
56098	R	N+5%	-0.50	H7	escaped	H3	72838.2497	H3	72838.2497	72838.4918
56098	R	N+5%	-0.50	H8	escaped	H8	56024.2536	H8	56024.2536	56024.2536
56098	R	N+5%	-0.75	H1	escaped	O6	70191.9277	O6	70191.9277	70194.6366
56098	R	N+5%	-0.75	H2	escaped	O1	79642.6654	O1	79642.6654	79647.3690
56098	R	N+5%	-0.75	H3	escaped	H3	76866.0237	H3	76866.0237	76866.6010
56098	R	N+5%	-0.75	H4	escaped	O5	79384.6903	O5	79384.6903	79389.7652
56098	R	N+5%	-0.75	H5	escaped	O6	78635.7676	O6	78635.7676	78640.6653
56098	R	N+5%	-0.75	H6	escaped	O2	71563.3205	O2	71563.3205	71563.9227
56098	R	N+5%	-0.75	H7	escaped	H3	88237.7041	H3	88237.7041	88238.0252
56098	R	N+5%	-0.75	H8	escaped	H8	74524.0292	H8	74524.0292	74524.0292
56098	R	N+5%	-1.00	H1	escaped	O6	88046.2733	O6	88046.2733	88049.1652
56098	R	N+5%	-1.00	H2	escaped	O1	82998.9780	O1	82998.9780	83003.3792
56098	R	N+5%	-1.00	H3	escaped	H3	80398.3399	H3	80398.3399	80399.3248
56098	R	N+5%	-1.00	H4	escaped	O5	85130.0530	O5	85130.0530	85135.4834
56098	R	N+5%	-1.00	H5	escaped	O6	81767.2597	O6	81767.2597	81772.2035
56098	R	N+5%	-1.00	H6	escaped	O2	77173.8993	O2	77173.8993	77174.9626
56098	R	N+5%	-1.00	H7	escaped	H3	86641.1348	H3	86641.1348	86641.4754
56098	R	N+5%	-1.00	H8	escaped	H8	74876.8528	H8	74876.8528	74876.8528
56098	R	N+10%	+0.25	carbA	own	O1	3.0661	H6	3.0267	5.7084
56098	R	N+10%	+0.25	carbB	own	O5	3.3400	H2	2.9701	7.7290
56098	R	N+10%	+0.25	ether	migrated	O2	3.0998	O2	3.0998	6.0281
56098	R	N+10%	+0.25	hydroxyl	migrated	O6	3.2259	O6	3.2259	4.7722
56098	R	N+10%	+0.50	carbA	own	O1	2.9261	O1	2.9261	5.6431
56098	R	N+10%	+0.50	carbB	own	O5	3.0954	H2	2.9181	7.7334
56098	R	N+10%	+0.50	ether	migrated	O1	2.9261	O1	2.9261	5.6431
56098	R	N+10%	+0.50	hydroxyl	migrated	O5	3.0954	H2	2.9181	7.7334
56098	R	N+10%	+0.75	carbA	own	O1	2.8430	O1	2.8430	5.6188
56098	R	N+10%	+0.75	carbB	own	O5	2.9601	H2	2.8877	7.7209
56098	R	N+10%	+0.75	ether	migrated	O1	2.8430	O1	2.8430	5.6188
56098	R	N+10%	+0.75	hydroxyl	migrated	O6	2.8955	O6	2.8955	4.9529
56098	R	N+10%	+1.00	carbA	own	O1	2.7822	O1	2.7822	5.6349
56098	R	N+10%	+1.00	carbB	own	O5	2.8702	H2	2.8648	7.7029
56098	R	N+10%	+1.00	ether	migrated	O2	2.7529	O2	2.7529	5.5111
56098	R	N+10%	+1.00	hydroxyl	migrated	O5	2.8702	H2	2.8648	7.7029
56098	R	N+10%	-0.25	H1	escaped	O6	42327.2994	O6	42327.2994	42328.8100
56098	R	N+10%	-0.25	H2	escaped	O1	46135.0788	O1	46135.0788	46141.0983
56098	R	N+10%	-0.25	H3	escaped	H8	41389.6084	H8	41389.6084	41389.6084
56098	R	N+10%	-0.25	H4	escaped	H4	47314.3703	H4	47314.3703	47316.8134
56098	R	N+10%	-0.25	H5	escaped	O6	36072.1963	O6	36072.1963	36075.9468
56098	R	N+10%	-0.25	H6	escaped	H6	38386.0278	H6	38386.0278	38387.0378
56098	R	N+10%	-0.25	H7	escaped	H3	51473.5447	H3	51473.5447	51473.5968
56098	R	N+10%	-0.25	H8	escaped	H8	37118.0217	H8	37118.0217	37118.0217
56098	R	N+10%	-0.50	H1	escaped	O6	72932.1680	O6	72932.1680	72934.5996
56098	R	N+10%	-0.50	H2	escaped	O1	53837.5247	O1	53837.5247	53842.7617
56098	R	N+10%	-0.50	H3	escaped	H3	74275.9885	H3	74275.9885	74276.0654
56098	R	N+10%	-0.50	H4	escaped	O5	52407.5862	O5	52407.5862	52411.7245
56098	R	N+10%	-0.50	H5	escaped	O6	72735.9165	O6	72735.9165	72740.5489
56098	R	N+10%	-0.50	H6	escaped	H6	67658.1335	H6	67658.1335	67658.9102
56098	R	N+10%	-0.50	H7	escaped	H3	57338.5398	H3	57338.5398	57338.7797
56098	R	N+10%	-0.50	H8	escaped	H8	56003.4476	H8	56003.4476	56003.4476
56098	R	N+10%	-0.75	H1	escaped	O6	71066.6033	O6	71066.6033	71069.2805
56098	R	N+10%	-0.75	H2	escaped	O1	79864.1228	O1	79864.1228	79868.8255
56098	R	N+10%	-0.75	H3	escaped	H3	76830.9790	H3	76830.9790	76831.5446
56098	R	N+10%	-0.75	H4	escaped	O5	79275.0016	O5	79275.0016	79280.0282
56098	R	N+10%	-0.75	H5	escaped	O6	78842.5785	O6	78842.5785	78847.4184
56098	R	N+10%	-0.75	H6	escaped	H6	71295.4529	H6	71295.4529	71295.9219
56098	R	N+10%	-0.75	H7	escaped	H3	88507.7151	H3	88507.7151	88508.0087
56098	R	N+10%	-0.75	H8	escaped	H8	74481.7880	H8	74481.7880	74481.7880
56098	R	N+10%	-1.00	H1	escaped	O6	90010.8959	O6	90010.8959	90013.7510
56098	R	N+10%	-1.00	H2	escaped	O1	83192.8760	O1	83192.8760	83197.2772
56098	R	N+10%	-1.00	H3	escaped	H3	80352.4094	H3	80352.4094	80353.3862
56098	R	N+10%	-1.00	H4	escaped	O5	85167.8093	O5	85167.8093	85173.2065
56098	R	N+10%	-1.00	H5	escaped	O6	81956.9221	O6	81956.9221	81961.8184
56098	R	N+10%	-1.00	H6	escaped	O2	76867.6555	O2	76867.6555	76868.5880
56098	R	N+10%	-1.00	H7	escaped	H3	89876.7412	H3	89876.7412	89877.0798
56098	R	N+10%	-1.00	H8	escaped	H8	74830.6613	H8	74830.6613	74830.6613
56098	R	OPLS_sp3C	+0.25	carbA	own	O1	2.9383	O1	2.9383	5.6347
56098	R	OPLS_sp3C	+0.25	carbB	own	O5	3.1250	H2	2.9113	7.7115
56098	R	OPLS_sp3C	+0.25	ether	migrated	O2	2.9394	O2	2.9394	5.7911
56098	R	OPLS_sp3C	+0.25	hydroxyl	migrated	O5	3.1250	H2	2.9113	7.7115
56098	R	OPLS_sp3C	+0.50	carbA	own	O1	2.7975	O1	2.7975	5.6077
56098	R	OPLS_sp3C	+0.50	carbB	own	O5	2.8935	H2	2.8623	7.6972
56098	R	OPLS_sp3C	+0.50	ether	migrated	O1	2.7975	O1	2.7975	5.6077
56098	R	OPLS_sp3C	+0.50	hydroxyl	migrated	O5	2.8935	H2	2.8623	7.6972
56098	R	OPLS_sp3C	+0.75	carbA	own	O1	2.6960	O1	2.6960	5.9003
56098	R	OPLS_sp3C	+0.75	carbB	own	O5	2.7720	O5	2.7720	7.6677
56098	R	OPLS_sp3C	+0.75	ether	migrated	O2	2.6715	O2	2.6715	5.3818
56098	R	OPLS_sp3C	+0.75	hydroxyl	migrated	O6	2.7283	O6	2.7283	5.0156
56098	R	OPLS_sp3C	+1.00	carbA	own	O1	2.6244	O1	2.6244	6.1247
56098	R	OPLS_sp3C	+1.00	carbB	own	O5	2.6268	O5	2.6268	8.6778
56098	R	OPLS_sp3C	+1.00	ether	migrated	O2	2.6038	O2	2.6038	5.2762
56098	R	OPLS_sp3C	+1.00	hydroxyl	migrated	O6	2.6547	O6	2.6547	5.0418
56098	R	OPLS_sp3C	-0.25	H1	escaped	O6	48377.0766	O6	48377.0766	48379.2905
56098	R	OPLS_sp3C	-0.25	H2	escaped	O1	45586.8778	O1	45586.8778	45592.8675
56098	R	OPLS_sp3C	-0.25	H3	escaped	H8	41643.9195	H8	41643.9195	41643.9195
56098	R	OPLS_sp3C	-0.25	H4	escaped	H4	46717.4809	H4	46717.4809	46720.0618
56098	R	OPLS_sp3C	-0.25	H5	escaped	O6	35564.8793	O6	35564.8793	35568.7647
56098	R	OPLS_sp3C	-0.25	H6	escaped	H6	49967.4643	H6	49967.4643	49968.5001
56098	R	OPLS_sp3C	-0.25	H7	escaped	H3	48110.0079	H3	48110.0079	48110.1457
56098	R	OPLS_sp3C	-0.25	H8	escaped	H8	42383.8935	H8	42383.8935	42383.8935
56098	R	OPLS_sp3C	-0.50	H1	escaped	O6	65400.3301	O6	65400.3301	65403.0742
56098	R	OPLS_sp3C	-0.50	H2	escaped	O1	53418.2964	O1	53418.2964	53423.5068
56098	R	OPLS_sp3C	-0.50	H3	escaped	H3	74452.4657	H3	74452.4657	74452.5379
56098	R	OPLS_sp3C	-0.50	H4	escaped	O5	52297.9033	O5	52297.9033	52302.1656
56098	R	OPLS_sp3C	-0.50	H5	escaped	O6	72117.6174	O6	72117.6174	72122.3249
56098	R	OPLS_sp3C	-0.50	H6	escaped	H6	67325.4060	H6	67325.4060	67326.2060
56098	R	OPLS_sp3C	-0.50	H7	escaped	H3	63378.1654	H3	63378.1654	63378.4317
56098	R	OPLS_sp3C	-0.50	H8	escaped	H8	56182.3060	H8	56182.3060	56182.3060
56098	R	OPLS_sp3C	-0.75	H1	escaped	O6	71599.2142	O6	71599.2142	71602.1590
56098	R	OPLS_sp3C	-0.75	H2	escaped	O1	79957.8954	O1	79957.8954	79962.5849
56098	R	OPLS_sp3C	-0.75	H3	escaped	H3	76894.0543	H3	76894.0543	76894.6127
56098	R	OPLS_sp3C	-0.75	H4	escaped	O5	79139.4109	O5	79139.4109	79144.5047
56098	R	OPLS_sp3C	-0.75	H5	escaped	O6	78982.0938	O6	78982.0938	78986.9850
56098	R	OPLS_sp3C	-0.75	H6	escaped	O2	71285.9617	O2	71285.9617	71286.5136
56098	R	OPLS_sp3C	-0.75	H7	escaped	H3	73398.9585	H3	73398.9585	73399.3061
56098	R	OPLS_sp3C	-0.75	H8	escaped	H8	74788.0260	H8	74788.0260	74788.0260
56098	R	OPLS_sp3C	-1.00	H1	escaped	O6	85752.8913	O6	85752.8913	85755.9341
56098	R	OPLS_sp3C	-1.00	H2	escaped	O1	83262.6388	O1	83262.6388	83267.0296
56098	R	OPLS_sp3C	-1.00	H3	escaped	H3	80391.2733	H3	80391.2733	80392.2474
56098	R	OPLS_sp3C	-1.00	H4	escaped	O5	85400.0538	O5	85400.0538	85405.4931
56098	R	OPLS_sp3C	-1.00	H5	escaped	O6	82059.2591	O6	82059.2591	82064.1957
56098	R	OPLS_sp3C	-1.00	H6	escaped	O2	76976.0174	O2	76976.0174	76977.0322
56098	R	OPLS_sp3C	-1.00	H7	escaped	H3	82022.0969	H3	82022.0969	82022.4509
56098	R	OPLS_sp3C	-1.00	H8	escaped	H8	75155.8412	H8	75155.8412	75155.8412
56098	R	Behrens_3.55	+0.25	carbA	own	O1	2.9600	O1	2.9600	5.6534
56098	R	Behrens_3.55	+0.25	carbB	own	O5	3.1570	H2	2.9264	7.7260
56098	R	Behrens_3.55	+0.25	ether	migrated	O2	2.9668	O2	2.9668	5.8348
56098	R	Behrens_3.55	+0.25	hydroxyl	migrated	O5	3.1570	H2	2.9264	7.7260
56098	R	Behrens_3.55	+0.50	carbA	own	O1	2.8185	O1	2.8185	5.6139
56098	R	Behrens_3.55	+0.50	carbB	own	O5	2.9235	H2	2.8757	7.7106
56098	R	Behrens_3.55	+0.50	ether	migrated	O1	2.8185	O1	2.8185	5.6139
56098	R	Behrens_3.55	+0.50	hydroxyl	migrated	O5	2.9235	H2	2.8757	7.7106
56098	R	Behrens_3.55	+0.75	carbA	own	O1	2.7250	O1	2.7250	5.7655
56098	R	Behrens_3.55	+0.75	carbB	own	O5	2.8004	O5	2.8004	7.6813
56098	R	Behrens_3.55	+0.75	ether	migrated	O2	2.6957	O2	2.6957	5.4212
56098	R	Behrens_3.55	+0.75	hydroxyl	migrated	O6	2.7544	O6	2.7544	5.0077
56098	R	Behrens_3.55	+1.00	carbA	own	O1	2.6473	O1	2.6473	6.0847
56098	R	Behrens_3.55	+1.00	carbB	own	O5	2.6512	O5	2.6512	8.6568
56098	R	Behrens_3.55	+1.00	ether	migrated	O2	2.6272	O2	2.6272	5.3143
56098	R	Behrens_3.55	+1.00	hydroxyl	migrated	O6	2.6799	O6	2.6799	5.0342
56098	R	Behrens_3.55	-0.25	H1	escaped	O6	48774.2378	O6	48774.2378	48776.4456
56098	R	Behrens_3.55	-0.25	H2	escaped	O1	45641.6833	O1	45641.6833	45647.6759
56098	R	Behrens_3.55	-0.25	H3	escaped	H8	41655.1912	H8	41655.1912	41655.1912
56098	R	Behrens_3.55	-0.25	H4	escaped	H4	46727.1382	H4	46727.1382	46729.6979
56098	R	Behrens_3.55	-0.25	H5	escaped	O6	35599.1205	O6	35599.1205	35602.9878
56098	R	Behrens_3.55	-0.25	H6	escaped	H6	50007.6246	H6	50007.6246	50008.6512
56098	R	Behrens_3.55	-0.25	H7	escaped	H3	48119.3560	H3	48119.3560	48119.4950
56098	R	Behrens_3.55	-0.25	H8	escaped	H8	42384.7195	H8	42384.7195	42384.7195
56098	R	Behrens_3.55	-0.50	H1	escaped	O6	66214.0480	O6	66214.0480	66216.7837
56098	R	Behrens_3.55	-0.50	H2	escaped	O1	53489.7788	O1	53489.7788	53494.9898
56098	R	Behrens_3.55	-0.50	H3	escaped	H3	74452.9673	H3	74452.9673	74453.0362
56098	R	Behrens_3.55	-0.50	H4	escaped	O5	52273.0859	O5	52273.0859	52277.3302
56098	R	Behrens_3.55	-0.50	H5	escaped	O6	72203.0828	O6	72203.0828	72207.7757
56098	R	Behrens_3.55	-0.50	H6	escaped	H6	67306.7056	H6	67306.7056	67307.4919
56098	R	Behrens_3.55	-0.50	H7	escaped	H3	64688.3567	H3	64688.3567	64688.6257
56098	R	Behrens_3.55	-0.50	H8	escaped	H8	56176.1853	H8	56176.1853	56176.1853
56098	R	Behrens_3.55	-0.75	H1	escaped	O6	71314.7585	O6	71314.7585	71317.6913
56098	R	Behrens_3.55	-0.75	H2	escaped	O1	80005.1294	O1	80005.1294	80009.8186
56098	R	Behrens_3.55	-0.75	H3	escaped	H3	76884.3519	H3	76884.3519	76884.9073
56098	R	Behrens_3.55	-0.75	H4	escaped	O5	79117.3477	O5	79117.3477	79122.4320
56098	R	Behrens_3.55	-0.75	H5	escaped	O6	79026.3792	O6	79026.3792	79031.2588
56098	R	Behrens_3.55	-0.75	H6	escaped	O2	71230.9391	O2	71230.9391	71231.4604
56098	R	Behrens_3.55	-0.75	H7	escaped	H3	75151.4354	H3	75151.4354	75151.7827
56098	R	Behrens_3.55	-0.75	H8	escaped	H8	74778.4427	H8	74778.4427	74778.4427
56098	R	Behrens_3.55	-1.00	H1	escaped	O6	86168.6540	O6	86168.6540	86171.6830
56098	R	Behrens_3.55	-1.00	H2	escaped	O1	83303.9857	O1	83303.9857	83308.3764
56098	R	Behrens_3.55	-1.00	H3	escaped	H3	80378.7278	H3	80378.7278	80379.6999
56098	R	Behrens_3.55	-1.00	H4	escaped	O5	85409.0381	O5	85409.0381	85414.4708
56098	R	Behrens_3.55	-1.00	H5	escaped	O6	82099.7733	O6	82099.7733	82104.7002
56098	R	Behrens_3.55	-1.00	H6	escaped	O2	76914.1262	O2	76914.1262	76915.1141
56098	R	Behrens_3.55	-1.00	H7	escaped	H3	83282.6476	H3	83282.6476	83283.0032
56098	R	Behrens_3.55	-1.00	H8	escaped	H8	75146.0784	H8	75146.0784	75146.0784
56098	TS	N	+0.25	carbA	own	O1	2.9201	H6	2.9007	5.7247
56098	TS	N	+0.25	carbB	own	O5	3.0168	H2	2.8870	8.4052
56098	TS	N	+0.25	ether	migrated	O1	2.9201	H6	2.9007	5.7247
56098	TS	N	+0.25	hydroxyl	migrated	O6	2.9900	O6	2.9900	4.6700
56098	TS	N	+0.50	carbA	own	O1	2.7929	O1	2.7929	5.6634
56098	TS	N	+0.50	carbB	own	O5	2.7783	O5	2.7783	8.9251
56098	TS	N	+0.50	ether	migrated	O1	2.7929	O1	2.7929	5.6634
56098	TS	N	+0.50	hydroxyl	migrated	O6	2.8147	O6	2.8147	4.7544
56098	TS	N	+0.75	carbA	own	O1	2.7137	O1	2.7137	5.6601
56098	TS	N	+0.75	carbB	own	O5	2.6772	O5	2.6772	8.9468
56098	TS	N	+0.75	ether	migrated	O1	2.7137	O1	2.7137	5.6601
56098	TS	N	+0.75	hydroxyl	migrated	O6	2.7141	O6	2.7141	4.7979
56098	TS	N	+1.00	carbA	own	O1	2.6479	O1	2.6479	5.7452
56098	TS	N	+1.00	carbB	own	O5	2.6143	O5	2.6143	8.8935
56098	TS	N	+1.00	ether	migrated	O2	2.6043	O2	2.6043	5.6583
56098	TS	N	+1.00	hydroxyl	migrated	O6	2.6441	O6	2.6441	4.8266
56098	TS	N	-0.25	H1	escaped	O5	45767.7607	O5	45767.7607	45771.7433
56098	TS	N	-0.25	H2	escaped	O1	44834.8980	O1	44834.8980	44840.7459
56098	TS	N	-0.25	H3	escaped	H8	42140.6267	H8	42140.6267	42140.6267
56098	TS	N	-0.25	H4	escaped	H4	46898.5275	H4	46898.5275	46900.9692
56098	TS	N	-0.25	H5	escaped	O6	35314.7241	O6	35314.7241	35318.6982
56098	TS	N	-0.25	H6	escaped	H6	49520.3504	H6	49520.3504	49521.0902
56098	TS	N	-0.25	H7	escaped	H8	35917.0040	H8	35917.0040	35917.0040
56098	TS	N	-0.25	H8	escaped	H8	34542.7898	H8	34542.7898	34542.7898
56098	TS	N	-0.50	H1	escaped	O5	56198.7786	O5	56198.7786	56202.9658
56098	TS	N	-0.50	H2	escaped	O1	67499.0661	O1	67499.0661	67504.5406
56098	TS	N	-0.50	H3	escaped	H3	57397.4491	H3	57397.4491	57397.6717
56098	TS	N	-0.50	H4	escaped	O5	52431.5334	O5	52431.5334	52435.7233
56098	TS	N	-0.50	H5	escaped	O6	69947.6580	O6	69947.6580	69952.4206
56098	TS	N	-0.50	H6	escaped	H6	66403.6458	H6	66403.6458	66403.9446
56098	TS	N	-0.50	H7	escaped	H8	50208.4066	H8	50208.4066	50208.4066
56098	TS	N	-0.50	H8	escaped	H8	58225.1308	H8	58225.1308	58225.1308
56098	TS	N	-0.75	H1	escaped	O5	68196.6384	O5	68196.6384	68200.8878
56098	TS	N	-0.75	H2	escaped	O1	74780.5073	O1	74780.5073	74785.5531
56098	TS	N	-0.75	H3	escaped	H3	79220.1646	H3	79220.1646	79220.7983
56098	TS	N	-0.75	H4	escaped	O5	59898.1992	O5	59898.1992	59903.2821
56098	TS	N	-0.75	H5	escaped	O6	76103.6567	O6	76103.6567	76108.5788
56098	TS	N	-0.75	H6	escaped	H8	70176.0374	H8	70176.0374	70176.0374
56098	TS	N	-0.75	H7	escaped	H8	63339.3946	H8	63339.3946	63339.3946
56098	TS	N	-0.75	H8	escaped	H8	76325.0768	H8	76325.0768	76325.0768
56098	TS	N	-1.00	H1	escaped	O5	87726.1908	O5	87726.1908	87730.4628
56098	TS	N	-1.00	H2	escaped	O1	78035.8129	O1	78035.8129	78040.5813
56098	TS	N	-1.00	H3	escaped	H3	82894.7493	H3	82894.7493	82895.6775
56098	TS	N	-1.00	H4	escaped	O5	86313.6854	O5	86313.6854	86319.1383
56098	TS	N	-1.00	H5	escaped	O6	105003.3964	O6	105003.3964	105008.3389
56098	TS	N	-1.00	H6	escaped	H8	75826.1380	H8	75826.1380	75826.1380
56098	TS	N	-1.00	H7	escaped	H8	78969.9937	H8	78969.9937	78969.9937
56098	TS	N	-1.00	H8	escaped	H8	75572.5961	H8	75572.5961	75572.5961
56098	TS	N+5%	+0.25	carbA	own	O1	2.9910	H6	2.9549	5.7931
56098	TS	N+5%	+0.25	carbB	own	O5	3.1117	H2	2.9344	8.4682
56098	TS	N+5%	+0.25	ether	migrated	O2	3.0474	O2	3.0474	6.4340
56098	TS	N+5%	+0.25	hydroxyl	migrated	O6	3.0753	O6	3.0753	4.6657
56098	TS	N+5%	+0.50	carbA	own	O1	2.8605	O1	2.8605	5.7170
56098	TS	N+5%	+0.50	carbB	own	O5	2.9275	H2	2.9233	8.4037
56098	TS	N+5%	+0.50	ether	migrated	O2	2.8623	O2	2.8623	6.1248
56098	TS	N+5%	+0.50	hydroxyl	migrated	O6	2.8995	O6	2.8995	4.7399
56098	TS	N+5%	+0.75	carbA	own	O1	2.7813	O1	2.7813	5.6875
56098	TS	N+5%	+0.75	carbB	own	O5	2.7601	O5	2.7601	8.9692
56098	TS	N+5%	+0.75	ether	migrated	O2	2.7582	O2	2.7582	5.9414
56098	TS	N+5%	+0.75	hydroxyl	migrated	O6	2.7970	O6	2.7970	4.7798
56098	TS	N+5%	+1.00	carbA	own	O1	2.7227	O1	2.7227	5.6902
56098	TS	N+5%	+1.00	carbB	own	O5	2.6900	O5	2.6900	8.9574
56098	TS	N+5%	+1.00	ether	migrated	O1	2.7227	O1	2.7227	5.6902
56098	TS	N+5%	+1.00	hydroxyl	migrated	O6	2.7253	O6	2.7253	4.8065
56098	TS	N+5%	-0.25	H1	escaped	O5	39140.2583	O5	39140.2583	39144.0464
56098	TS	N+5%	-0.25	H2	escaped	O1	45112.0135	O1	45112.0135	45117.8879
56098	TS	N+5%	-0.25	H3	escaped	H8	42168.0846	H8	42168.0846	42168.0846
56098	TS	N+5%	-0.25	H4	escaped	H4	46966.2812	H4	46966.2812	46968.6420
56098	TS	N+5%	-0.25	H5	escaped	O6	35502.8838	O6	35502.8838	35506.8075
56098	TS	N+5%	-0.25	H6	escaped	H6	49740.3500	H6	49740.3500	49741.0648
56098	TS	N+5%	-0.25	H7	escaped	H8	37438.2107	H8	37438.2107	37438.2107
56098	TS	N+5%	-0.25	H8	escaped	H8	38190.0680	H8	38190.0680	38190.0680
56098	TS	N+5%	-0.50	H1	escaped	O5	56015.0119	O5	56015.0119	56019.0562
56098	TS	N+5%	-0.50	H2	escaped	O1	67849.4818	O1	67849.4818	67854.9765
56098	TS	N+5%	-0.50	H3	escaped	H3	57394.2868	H3	57394.2868	57394.5026
56098	TS	N+5%	-0.50	H4	escaped	O5	52323.8656	O5	52323.8656	52327.9863
56098	TS	N+5%	-0.50	H5	escaped	O6	70271.7090	O6	70271.7090	70276.4245
56098	TS	N+5%	-0.50	H6	escaped	H6	66460.6544	H6	66460.6544	66460.9156
56098	TS	N+5%	-0.50	H7	escaped	H8	54297.2103	H8	54297.2103	54297.2103
56098	TS	N+5%	-0.50	H8	escaped	H8	58834.4227	H8	58834.4227	58834.4227
56098	TS	N+5%	-0.75	H1	escaped	O5	68814.8827	O5	68814.8827	68819.0134
56098	TS	N+5%	-0.75	H2	escaped	O1	74877.6195	O1	74877.6195	74882.6791
56098	TS	N+5%	-0.75	H3	escaped	H3	79212.7956	H3	79212.7956	79213.4255
56098	TS	N+5%	-0.75	H4	escaped	O5	59797.0824	O5	59797.0824	59802.1306
56098	TS	N+5%	-0.75	H5	escaped	O6	76214.2322	O6	76214.2322	76219.1144
56098	TS	N+5%	-0.75	H6	escaped	H8	70142.8774	H8	70142.8774	70142.8774
56098	TS	N+5%	-0.75	H7	escaped	H8	67678.3649	H8	67678.3649	67678.3649
56098	TS	N+5%	-0.75	H8	escaped	H8	76841.9444	H8	76841.9444	76841.9444
56098	TS	N+5%	-1.00	H1	escaped	O5	76760.0036	O5	76760.0036	76764.1794
56098	TS	N+5%	-1.00	H2	escaped	O1	78111.3670	O1	78111.3670	78116.1471
56098	TS	N+5%	-1.00	H3	escaped	H3	82905.9620	H3	82905.9620	82906.8884
56098	TS	N+5%	-1.00	H4	escaped	O5	86287.9966	O5	86287.9966	86293.4266
56098	TS	N+5%	-1.00	H5	escaped	O6	105135.0565	O6	105135.0565	105139.9651
56098	TS	N+5%	-1.00	H6	escaped	H8	75770.6444	H8	75770.6444	75770.6444
56098	TS	N+5%	-1.00	H7	escaped	H8	81483.0770	H8	81483.0770	81483.0770
56098	TS	N+5%	-1.00	H8	escaped	H8	75550.3289	H8	75550.3289	75550.3289
56098	TS	N+10%	+0.25	carbA	own	O1	3.0625	H6	3.0124	5.8639
56098	TS	N+10%	+0.25	carbB	own	O5	3.2063	H2	2.9841	8.5331
56098	TS	N+10%	+0.25	ether	migrated	O2	3.1614	O2	3.1614	6.6549
56098	TS	N+10%	+0.25	hydroxyl	migrated	O6	3.1570	O6	3.1570	4.6713
56098	TS	N+10%	+0.50	carbA	own	O1	2.9284	O1	2.9284	5.7766
56098	TS	N+10%	+0.50	carbB	own	O5	3.0168	H2	2.9579	8.4611
56098	TS	N+10%	+0.50	ether	migrated	O2	2.9583	O2	2.9583	6.3124
56098	TS	N+10%	+0.50	hydroxyl	migrated	O6	2.9825	O6	2.9825	4.7321
56098	TS	N+10%	+0.75	carbA	own	O1	2.8478	O1	2.8478	5.7334
56098	TS	N+10%	+0.75	carbB	own	O5	2.9086	O5	2.9086	8.4191
56098	TS	N+10%	+0.75	ether	migrated	O2	2.8470	O2	2.8470	6.1135
56098	TS	N+10%	+0.75	hydroxyl	migrated	O6	2.8790	O6	2.8790	4.7667
56098	TS	N+10%	+1.00	carbA	own	O1	2.7896	O1	2.7896	5.7135
56098	TS	N+10%	+1.00	carbB	own	O5	2.7723	O5	2.7723	8.9707
56098	TS	N+10%	+1.00	ether	migrated	O1	2.7896	O1	2.7896	5.7135
56098	TS	N+10%	+1.00	hydroxyl	migrated	O6	2.8060	O6	2.8060	4.7905
56098	TS	N+10%	-0.25	H1	escaped	O5	37374.6550	O5	37374.6550	37378.2325
56098	TS	N+10%	-0.25	H2	escaped	O1	45466.8527	O1	45466.8527	45472.7662
56098	TS	N+10%	-0.25	H3	escaped	H8	42240.8836	H8	42240.8836	42240.8836
56098	TS	N+10%	-0.25	H4	escaped	H4	46975.0859	H4	46975.0859	46977.3138
56098	TS	N+10%	-0.25	H5	escaped	O6	35714.4425	O6	35714.4425	35718.2796
56098	TS	N+10%	-0.25	H6	escaped	H6	49988.7840	H6	49988.7840	49989.4562
56098	TS	N+10%	-0.25	H7	escaped	H8	38631.6146	H8	38631.6146	38631.6146
56098	TS	N+10%	-0.25	H8	escaped	H8	38432.0692	H8	38432.0692	38432.0692
56098	TS	N+10%	-0.50	H1	escaped	O5	57143.8597	O5	57143.8597	57147.7516
56098	TS	N+10%	-0.50	H2	escaped	O1	51601.9763	O1	51601.9763	51607.4977
56098	TS	N+10%	-0.50	H3	escaped	H3	57397.7858	H3	57397.7858	57397.9877
56098	TS	N+10%	-0.50	H4	escaped	O5	52088.3982	O5	52088.3982	52092.4052
56098	TS	N+10%	-0.50	H5	escaped	O6	70701.3962	O6	70701.3962	70706.0343
56098	TS	N+10%	-0.50	H6	escaped	H6	66515.5078	H6	66515.5078	66515.7043
56098	TS	N+10%	-0.50	H7	escaped	H8	61336.3772	H8	61336.3772	61336.3772
56098	TS	N+10%	-0.50	H8	escaped	H8	59470.9087	H8	59470.9087	59470.9087
56098	TS	N+10%	-0.75	H1	escaped	O5	67679.6995	O5	67679.6995	67683.7010
56098	TS	N+10%	-0.75	H2	escaped	O1	75069.3828	O1	75069.3828	75074.4598
56098	TS	N+10%	-0.75	H3	escaped	H3	79203.1342	H3	79203.1342	79203.7560
56098	TS	N+10%	-0.75	H4	escaped	O5	59577.6601	O5	59577.6601	59582.6535
56098	TS	N+10%	-0.75	H5	escaped	O6	76419.2634	O6	76419.2634	76424.0811
56098	TS	N+10%	-0.75	H6	escaped	H8	70086.9700	H8	70086.9700	70086.9700
56098	TS	N+10%	-0.75	H7	escaped	H8	71597.0493	H8	71597.0493	71597.0493
56098	TS	N+10%	-0.75	H8	escaped	H8	77369.2809	H8	77369.2809	77369.2809
56098	TS	N+10%	-1.00	H1	escaped	O5	77328.1698	O5	77328.1698	77332.2319
56098	TS	N+10%	-1.00	H2	escaped	O1	78262.4939	O1	78262.4939	78267.2888
56098	TS	N+10%	-1.00	H3	escaped	H3	82932.6464	H3	82932.6464	82933.5692
56098	TS	N+10%	-1.00	H4	escaped	O5	86276.7111	O5	86276.7111	86282.1052
56098	TS	N+10%	-1.00	H5	escaped	O6	105377.7042	O6	105377.7042	105382.5585
56098	TS	N+10%	-1.00	H6	escaped	H8	75689.0877	H8	75689.0877	75689.0877
56098	TS	N+10%	-1.00	H7	escaped	H8	83934.5914	H8	83934.5914	83934.5914
56098	TS	N+10%	-1.00	H8	escaped	H8	75534.4124	H8	75534.4124	75534.4124
56098	TS	OPLS_sp3C	+0.25	carbA	own	O1	2.9397	O1	2.9397	5.7734
56098	TS	OPLS_sp3C	+0.25	carbB	own	O5	3.0344	H2	2.9447	8.4569
56098	TS	OPLS_sp3C	+0.25	ether	migrated	O2	2.9734	O2	2.9734	6.3273
56098	TS	OPLS_sp3C	+0.25	hydroxyl	migrated	O5	3.0344	H2	2.9447	8.4569
56098	TS	OPLS_sp3C	+0.50	carbA	own	O1	2.8036	O1	2.8036	5.7064
56098	TS	OPLS_sp3C	+0.50	carbB	own	O5	2.7945	O5	2.7945	8.9268
56098	TS	OPLS_sp3C	+0.50	ether	migrated	O1	2.8036	O1	2.8036	5.7064
56098	TS	OPLS_sp3C	+0.50	hydroxyl	migrated	O6	2.8242	O6	2.8242	4.7781
56098	TS	OPLS_sp3C	+0.75	carbA	own	O1	2.7200	O1	2.7200	5.7078
56098	TS	OPLS_sp3C	+0.75	carbB	own	O5	2.6887	O5	2.6887	8.9575
56098	TS	OPLS_sp3C	+0.75	ether	migrated	O1	2.7200	O1	2.7200	5.7078
56098	TS	OPLS_sp3C	+0.75	hydroxyl	migrated	O6	2.7226	O6	2.7226	4.8132
56098	TS	OPLS_sp3C	+1.00	carbA	own	O1	2.6505	O1	2.6505	5.8130
56098	TS	OPLS_sp3C	+1.00	carbB	own	O5	2.6237	O5	2.6237	8.9034
56098	TS	OPLS_sp3C	+1.00	ether	migrated	O1	2.6505	O1	2.6505	5.8130
56098	TS	OPLS_sp3C	+1.00	hydroxyl	migrated	O6	2.6518	O6	2.6518	4.8372
56098	TS	OPLS_sp3C	-0.25	H1	escaped	O5	45810.3435	O5	45810.3435	45814.3297
56098	TS	OPLS_sp3C	-0.25	H2	escaped	O1	44749.6623	O1	44749.6623	44755.5318
56098	TS	OPLS_sp3C	-0.25	H3	escaped	H8	42417.0620	H8	42417.0620	42417.0620
56098	TS	OPLS_sp3C	-0.25	H4	escaped	H4	46472.1734	H4	46472.1734	46474.5716
56098	TS	OPLS_sp3C	-0.25	H5	escaped	O6	35167.0081	O6	35167.0081	35170.9700
56098	TS	OPLS_sp3C	-0.25	H6	escaped	H6	49173.3175	H6	49173.3175	49174.0062
56098	TS	OPLS_sp3C	-0.25	H7	escaped	H8	35505.4841	H8	35505.4841	35505.4841
56098	TS	OPLS_sp3C	-0.25	H8	escaped	H8	44863.6000	H8	44863.6000	44863.6000
56098	TS	OPLS_sp3C	-0.50	H1	escaped	O5	55911.4902	O5	55911.4902	55915.6498
56098	TS	OPLS_sp3C	-0.50	H2	escaped	O1	67817.5813	O1	67817.5813	67823.0460
56098	TS	OPLS_sp3C	-0.50	H3	escaped	H3	57551.5072	H3	57551.5072	57551.7231
56098	TS	OPLS_sp3C	-0.50	H4	escaped	O5	52101.0746	O5	52101.0746	52105.2316
56098	TS	OPLS_sp3C	-0.50	H5	escaped	O6	70147.0699	O6	70147.0699	70151.7843
56098	TS	OPLS_sp3C	-0.50	H6	escaped	H6	66159.7640	H6	66159.7640	66159.9725
56098	TS	OPLS_sp3C	-0.50	H7	escaped	H8	49688.3632	H8	49688.3632	49688.3632
56098	TS	OPLS_sp3C	-0.50	H8	escaped	H8	56917.7719	H8	56917.7719	56917.7719
56098	TS	OPLS_sp3C	-0.75	H1	escaped	O5	68246.1654	O5	68246.1654	68250.3849
56098	TS	OPLS_sp3C	-0.75	H2	escaped	O1	75248.5481	O1	75248.5481	75253.5835
56098	TS	OPLS_sp3C	-0.75	H3	escaped	H3	79383.0573	H3	79383.0573	79383.6871
56098	TS	OPLS_sp3C	-0.75	H4	escaped	O5	59606.4954	O5	59606.4954	59611.5658
56098	TS	OPLS_sp3C	-0.75	H5	escaped	O6	76574.2101	O6	76574.2101	76579.0818
56098	TS	OPLS_sp3C	-0.75	H6	escaped	H8	70006.7391	H8	70006.7391	70006.7391
56098	TS	OPLS_sp3C	-0.75	H7	escaped	H8	61494.3661	H8	61494.3661	61494.3661
56098	TS	OPLS_sp3C	-0.75	H8	escaped	H8	75576.7972	H8	75576.7972	75576.7972
56098	TS	OPLS_sp3C	-1.00	H1	escaped	O5	86688.1091	O5	86688.1091	86692.3541
56098	TS	OPLS_sp3C	-1.00	H2	escaped	O1	78409.7037	O1	78409.7037	78414.4645
56098	TS	OPLS_sp3C	-1.00	H3	escaped	H3	83113.9046	H3	83113.9046	83114.8330
56098	TS	OPLS_sp3C	-1.00	H4	escaped	O5	86547.2335	O5	86547.2335	86552.6748
56098	TS	OPLS_sp3C	-1.00	H5	escaped	O6	79659.9635	O6	79659.9635	79664.8610
56098	TS	OPLS_sp3C	-1.00	H6	escaped	H8	75718.0745	H8	75718.0745	75718.0745
56098	TS	OPLS_sp3C	-1.00	H7	escaped	H8	78239.7903	H8	78239.7903	78239.7903
56098	TS	OPLS_sp3C	-1.00	H8	escaped	H8	75670.6812	H8	75670.6812	75670.6812
56098	TS	Behrens_3.55	+0.25	carbA	own	O1	2.9610	O1	2.9610	5.7933
56098	TS	Behrens_3.55	+0.25	carbB	own	O5	3.0623	H2	2.9575	8.4757
56098	TS	Behrens_3.55	+0.25	ether	migrated	O1	2.9610	O1	2.9610	5.7933
56098	TS	Behrens_3.55	+0.25	hydroxyl	migrated	O5	3.0623	H2	2.9575	8.4757
56098	TS	Behrens_3.55	+0.50	carbA	own	O1	2.8240	O1	2.8240	5.7203
56098	TS	Behrens_3.55	+0.50	carbB	own	O5	2.8775	O5	2.8775	8.4060
56098	TS	Behrens_3.55	+0.50	ether	migrated	O2	2.8152	O2	2.8152	6.0539
56098	TS	Behrens_3.55	+0.50	hydroxyl	migrated	O6	2.8493	O6	2.8493	4.7741
56098	TS	Behrens_3.55	+0.75	carbA	own	O1	2.7409	O1	2.7409	5.7088
56098	TS	Behrens_3.55	+0.75	carbB	own	O5	2.7124	O5	2.7124	8.9715
56098	TS	Behrens_3.55	+0.75	ether	migrated	O2	2.7106	O2	2.7106	5.8641
56098	TS	Behrens_3.55	+0.75	hydroxyl	migrated	O6	2.7471	O6	2.7471	4.8080
56098	TS	Behrens_3.55	+1.00	carbA	own	O1	2.6757	O1	2.6757	5.7656
56098	TS	Behrens_3.55	+1.00	carbB	own	O5	2.6460	O5	2.6460	8.9242
56098	TS	Behrens_3.55	+1.00	ether	migrated	O2	2.6390	O2	2.6390	5.7337
56098	TS	Behrens_3.55	+1.00	hydroxyl	migrated	O5	2.6460	O5	2.6460	8.9242
56098	TS	Behrens_3.55	-0.25	H1	escaped	O5	47352.4075	O5	47352.4075	47356.3454
56098	TS	Behrens_3.55	-0.25	H2	escaped	O1	44814.1153	O1	44814.1153	44819.9929
56098	TS	Behrens_3.55	-0.25	H3	escaped	H8	42431.7306	H8	42431.7306	42431.7306
56098	TS	Behrens_3.55	-0.25	H4	escaped	H4	46469.4101	H4	46469.4101	46471.7820
56098	TS	Behrens_3.55	-0.25	H5	escaped	O6	35205.1532	O6	35205.1532	35209.0978
56098	TS	Behrens_3.55	-0.25	H6	escaped	H6	49217.7359	H6	49217.7359	49218.4158
56098	TS	Behrens_3.55	-0.25	H7	escaped	H8	35201.0642	H8	35201.0642	35201.0642
56098	TS	Behrens_3.55	-0.25	H8	escaped	H8	45043.1935	H8	45043.1935	45043.1935
56098	TS	Behrens_3.55	-0.50	H1	escaped	O5	55812.0828	O5	55812.0828	55816.2040
56098	TS	Behrens_3.55	-0.50	H2	escaped	O1	51268.3080	O1	51268.3080	51273.7783
56098	TS	Behrens_3.55	-0.50	H3	escaped	H3	57550.4623	H3	57550.4623	57550.6748
56098	TS	Behrens_3.55	-0.50	H4	escaped	O5	52053.5449	O5	52053.5449	52057.6797
56098	TS	Behrens_3.55	-0.50	H5	escaped	O6	70231.7440	O6	70231.7440	70236.4428
56098	TS	Behrens_3.55	-0.50	H6	escaped	H6	66169.3386	H6	66169.3386	66169.5336
56098	TS	Behrens_3.55	-0.50	H7	escaped	H8	50860.8595	H8	50860.8595	50860.8595
56098	TS	Behrens_3.55	-0.50	H8	escaped	H8	57015.3463	H8	57015.3463	57015.3463
56098	TS	Behrens_3.55	-0.75	H1	escaped	O5	68675.6496	O5	68675.6496	68679.8365
56098	TS	Behrens_3.55	-0.75	H2	escaped	O1	75289.0571	O1	75289.0571	75294.0961
56098	TS	Behrens_3.55	-0.75	H3	escaped	H3	79378.0674	H3	79378.0674	79378.6951
56098	TS	Behrens_3.55	-0.75	H4	escaped	O5	59563.3206	O5	59563.3206	59568.3803
56098	TS	Behrens_3.55	-0.75	H5	escaped	O6	76617.7259	O6	76617.7259	76622.5845
56098	TS	Behrens_3.55	-0.75	H6	escaped	H8	69995.4180	H8	69995.4180	69995.4180
56098	TS	Behrens_3.55	-0.75	H7	escaped	H8	62647.4496	H8	62647.4496	62647.4496
56098	TS	Behrens_3.55	-0.75	H8	escaped	H8	75573.4824	H8	75573.4824	75573.4824
56098	TS	Behrens_3.55	-1.00	H1	escaped	O5	85611.7236	O5	85611.7236	85615.9434
56098	TS	Behrens_3.55	-1.00	H2	escaped	O1	78441.8366	O1	78441.8366	78446.6004
56098	TS	Behrens_3.55	-1.00	H3	escaped	H3	83117.0984	H3	83117.0984	83118.0259
56098	TS	Behrens_3.55	-1.00	H4	escaped	O5	86546.3332	O5	86546.3332	86551.7674
56098	TS	Behrens_3.55	-1.00	H5	escaped	O6	79698.8149	O6	79698.8149	79703.7013
56098	TS	Behrens_3.55	-1.00	H6	escaped	H8	75702.1483	H8	75702.1483	75702.1483
56098	TS	Behrens_3.55	-1.00	H7	escaped	H8	78941.4619	H8	78941.4619	78941.4619
56098	TS	Behrens_3.55	-1.00	H8	escaped	H8	75666.5172	H8	75666.5172	75666.5172
57397	R	N	+0.25	carbA	own	O1	2.8897	O1	2.8897	5.0322
57397	R	N	+0.25	carbB	own	O6	2.9556	H2	2.7216	7.3307
57397	R	N	+0.25	ether	migrated	O2	2.9003	O2	2.9003	6.1612
57397	R	N	+0.25	hydroxyl	migrated	O6	2.9556	H2	2.7216	7.3307
57397	R	N	+0.50	carbA	own	O1	2.7401	O1	2.7401	5.9293
57397	R	N	+0.50	carbB	own	O6	2.8182	H2	2.6518	7.2278
57397	R	N	+0.50	ether	migrated	O2	2.7434	O2	2.7434	5.9278
57397	R	N	+0.50	hydroxyl	migrated	O6	2.8182	H2	2.6518	7.2278
57397	R	N	+0.75	carbA	own	O1	2.6571	O1	2.6571	6.0562
57397	R	N	+0.75	carbB	own	O6	2.7399	H2	2.6133	7.1595
57397	R	N	+0.75	ether	migrated	O2	2.6516	O2	2.6516	5.7891
57397	R	N	+0.75	hydroxyl	migrated	O6	2.7399	H2	2.6133	7.1595
57397	R	N	+1.00	carbA	own	O1	2.5986	O1	2.5986	6.0864
57397	R	N	+1.00	carbB	own	O6	2.7432	O6	2.7432	8.0881
57397	R	N	+1.00	ether	migrated	O2	2.5871	O2	2.5871	5.6911
57397	R	N	+1.00	hydroxyl	migrated	O6	2.7432	O6	2.7432	8.0881
57397	R	N	-0.25	H1	escaped	O5	44242.5666	O5	44242.5666	44245.7718
57397	R	N	-0.25	H2	escaped	O1	45398.4734	O1	45398.4734	45404.0326
57397	R	N	-0.25	H3	escaped	H8	41009.6021	H8	41009.6021	41009.6021
57397	R	N	-0.25	H4	escaped	O5	46376.9076	O5	46376.9076	46379.7952
57397	R	N	-0.25	H5	escaped	O6	46212.3787	O6	46212.3787	46216.5760
57397	R	N	-0.25	H6	escaped	H6	48779.3342	H6	48779.3342	48780.3068
57397	R	N	-0.25	H7	escaped	H3	41498.9304	H3	41498.9304	41499.4961
57397	R	N	-0.25	H8	escaped	H8	43772.6980	H8	43772.6980	43772.6980
57397	R	N	-0.50	H1	escaped	O5	50968.5950	O5	50968.5950	50972.0570
57397	R	N	-0.50	H2	escaped	O1	52290.0628	O1	52290.0628	52294.7469
57397	R	N	-0.50	H3	escaped	H3	55229.2949	H3	55229.2949	55229.3763
57397	R	N	-0.50	H4	escaped	O5	53277.5585	O5	53277.5585	53282.0847
57397	R	N	-0.50	H5	escaped	O6	71638.6582	O6	71638.6582	71643.7100
57397	R	N	-0.50	H6	escaped	H6	67449.1725	H6	67449.1725	67450.3381
57397	R	N	-0.50	H7	escaped	H3	72882.1877	H3	72882.1877	72882.9680
57397	R	N	-0.50	H8	escaped	H8	72455.5537	H8	72455.5537	72455.5537
57397	R	N	-0.75	H1	escaped	O5	70905.0484	O5	70905.0484	70908.6147
57397	R	N	-0.75	H2	escaped	O1	78912.2476	O1	78912.2476	78916.3216
57397	R	N	-0.75	H3	escaped	H3	74596.4735	H3	74596.4735	74596.9913
57397	R	N	-0.75	H4	escaped	O5	61794.5016	O5	61794.5016	61799.5351
57397	R	N	-0.75	H5	escaped	O6	80403.2692	O6	80403.2692	80408.4813
57397	R	N	-0.75	H6	escaped	O1	73648.7239	O1	73648.7239	73650.5557
57397	R	N	-0.75	H7	escaped	H3	71792.2517	H3	71792.2517	71793.1234
57397	R	N	-0.75	H8	escaped	H8	71810.8500	H8	71810.8500	71810.8500
57397	R	N	-1.00	H1	escaped	O5	83012.5563	O5	83012.5563	83016.1857
57397	R	N	-1.00	H2	escaped	O1	82480.4900	O1	82480.4900	82484.2098
57397	R	N	-1.00	H3	escaped	H3	77573.3036	H3	77573.3036	77574.2429
57397	R	N	-1.00	H4	escaped	O5	87159.4933	O5	87159.4933	87164.7244
57397	R	N	-1.00	H5	escaped	O6	83810.1162	O6	83810.1162	83815.3614
57397	R	N	-1.00	H6	escaped	O1	80857.8484	O1	80857.8484	80860.2223
57397	R	N	-1.00	H7	escaped	H3	87806.8106	H3	87806.8106	87807.7896
57397	R	N	-1.00	H8	escaped	H8	95422.8371	H8	95422.8371	95422.8371
57397	R	N+5%	+0.25	carbA	own	O1	2.9677	O1	2.9677	5.0573
57397	R	N+5%	+0.25	carbB	own	O6	3.0367	H2	2.7781	7.4095
57397	R	N+5%	+0.25	ether	migrated	O2	2.9875	O2	2.9875	6.2844
57397	R	N+5%	+0.25	hydroxyl	migrated	O6	3.0367	H2	2.7781	7.4095
57397	R	N+5%	+0.50	carbA	own	O1	2.8150	O1	2.8150	5.7233
57397	R	N+5%	+0.50	carbB	own	O6	2.8908	H2	2.7009	7.3066
57397	R	N+5%	+0.50	ether	migrated	O2	2.8257	O2	2.8257	6.0486
57397	R	N+5%	+0.50	hydroxyl	migrated	O6	2.8908	H2	2.7009	7.3066
57397	R	N+5%	+0.75	carbA	own	O1	2.7291	O1	2.7291	6.0113
57397	R	N+5%	+0.75	carbB	own	O6	2.8075	H2	2.6568	7.2376
57397	R	N+5%	+0.75	ether	migrated	O2	2.7310	O2	2.7310	5.9077
57397	R	N+5%	+0.75	hydroxyl	migrated	O6	2.8075	H2	2.6568	7.2376
57397	R	N+5%	+1.00	carbA	own	O1	2.6689	O1	2.6689	6.0719
57397	R	N+5%	+1.00	carbB	own	O6	2.7982	O6	2.7982	7.9954
57397	R	N+5%	+1.00	ether	migrated	O2	2.6644	O2	2.6644	5.8076
57397	R	N+5%	+1.00	hydroxyl	migrated	O6	2.7982	O6	2.7982	7.9954
57397	R	N+5%	-0.25	H1	escaped	O5	44128.6856	O5	44128.6856	44131.7480
57397	R	N+5%	-0.25	H2	escaped	O1	34387.9414	O1	34387.9414	34393.5175
57397	R	N+5%	-0.25	H3	escaped	H8	41007.9811	H8	41007.9811	41007.9811
57397	R	N+5%	-0.25	H4	escaped	O5	46529.0284	O5	46529.0284	46531.8311
57397	R	N+5%	-0.25	H5	escaped	O6	46470.7152	O6	46470.7152	46474.8569
57397	R	N+5%	-0.25	H6	escaped	H6	36931.3316	H6	36931.3316	36932.2689
57397	R	N+5%	-0.25	H7	escaped	H3	45673.6480	H3	45673.6480	45674.2185
57397	R	N+5%	-0.25	H8	escaped	H8	44619.5716	H8	44619.5716	44619.5716
57397	R	N+5%	-0.50	H1	escaped	O5	54055.8089	O5	54055.8089	54059.1700
57397	R	N+5%	-0.50	H2	escaped	O1	52424.4175	O1	52424.4175	52429.1133
57397	R	N+5%	-0.50	H3	escaped	H3	55299.9788	H3	55299.9788	55300.0487
57397	R	N+5%	-0.50	H4	escaped	O5	53364.6173	O5	53364.6173	53369.0884
57397	R	N+5%	-0.50	H5	escaped	O6	72035.4348	O6	72035.4348	72040.4375
57397	R	N+5%	-0.50	H6	escaped	H6	67308.5829	H6	67308.5829	67309.7097
57397	R	N+5%	-0.50	H7	escaped	H3	59328.4667	H3	59328.4667	59329.2550
57397	R	N+5%	-0.50	H8	escaped	H8	72989.9575	H8	72989.9575	72989.9575
57397	R	N+5%	-0.75	H1	escaped	O5	71367.5746	O5	71367.5746	71371.0471
57397	R	N+5%	-0.75	H2	escaped	O1	78990.7860	O1	78990.7860	78994.8651
57397	R	N+5%	-0.75	H3	escaped	H3	74720.8931	H3	74720.8931	74721.3978
57397	R	N+5%	-0.75	H4	escaped	O5	61942.7814	O5	61942.7814	61947.7756
57397	R	N+5%	-0.75	H5	escaped	O6	80548.3778	O6	80548.3778	80553.5505
57397	R	N+5%	-0.75	H6	escaped	O1	73426.1857	O1	73426.1857	73427.9468
57397	R	N+5%	-0.75	H7	escaped	H3	82206.3957	H3	82206.3957	82207.2909
57397	R	N+5%	-0.75	H8	escaped	H8	72151.5071	H8	72151.5071	72151.5071
57397	R	N+5%	-1.00	H1	escaped	O5	83566.9856	O5	83566.9856	83570.5234
57397	R	N+5%	-1.00	H2	escaped	O1	82555.9834	O1	82555.9834	82559.7067
57397	R	N+5%	-1.00	H3	escaped	H3	77619.6064	H3	77619.6064	77620.5339
57397	R	N+5%	-1.00	H4	escaped	O5	87210.3297	O5	87210.3297	87215.5300
57397	R	N+5%	-1.00	H5	escaped	O6	83940.9485	O6	83940.9485	83946.1611
57397	R	N+5%	-1.00	H6	escaped	O1	80655.3330	O1	80655.3330	80657.6577
57397	R	N+5%	-1.00	H7	escaped	H3	88802.6842	H3	88802.6842	88803.6503
57397	R	N+5%	-1.00	H8	escaped	H8	95765.3487	H8	95765.3487	95765.3487
57397	R	N+10%	+0.25	carbA	own	O1	3.0459	O1	3.0459	5.0952
57397	R	N+10%	+0.25	carbB	own	O6	3.1207	H2	2.8369	7.4861
57397	R	N+10%	+0.25	ether	migrated	O2	3.0754	O2	3.0754	6.4074
57397	R	N+10%	+0.25	hydroxyl	migrated	O6	3.1774	O6	3.1774	5.4392
57397	R	N+10%	+0.50	carbA	own	O1	2.8916	O1	2.8916	5.3385
57397	R	N+10%	+0.50	carbB	own	O6	2.9662	H2	2.7531	7.3836
57397	R	N+10%	+0.50	ether	migrated	O2	2.9088	O2	2.9088	6.1695
57397	R	N+10%	+0.50	hydroxyl	migrated	O6	2.9662	H2	2.7531	7.3836
57397	R	N+10%	+0.75	carbA	own	O1	2.8013	O1	2.8013	5.9168
57397	R	N+10%	+0.75	carbB	own	O6	2.8780	H2	2.7042	7.3144
57397	R	N+10%	+0.75	ether	migrated	O2	2.8110	O2	2.8110	6.0263
57397	R	N+10%	+0.75	hydroxyl	migrated	O6	2.8780	H2	2.7042	7.3144
57397	R	N+10%	+1.00	carbA	own	O1	2.7394	O1	2.7394	6.0348
57397	R	N+10%	+1.00	carbB	own	O6	2.8171	H2	2.6708	7.2619
57397	R	N+10%	+1.00	ether	migrated	O2	2.7423	O2	2.7423	5.9243
57397	R	N+10%	+1.00	hydroxyl	migrated	O6	2.8171	H2	2.6708	7.2619
57397	R	N+10%	-0.25	H1	escaped	O5	44235.9770	O5	44235.9770	44238.9109
57397	R	N+10%	-0.25	H2	escaped	O1	34525.7984	O1	34525.7984	34531.3977
57397	R	N+10%	-0.25	H3	escaped	H8	41051.6874	H8	41051.6874	41051.6874
57397	R	N+10%	-0.25	H4	escaped	H4	46668.1210	H4	46668.1210	46670.7969
57397	R	N+10%	-0.25	H5	escaped	O6	46778.5273	O6	46778.5273	46782.5757
57397	R	N+10%	-0.25	H6	escaped	H6	37024.2214	H6	37024.2214	37025.0977
57397	R	N+10%	-0.25	H7	escaped	H3	51319.6270	H3	51319.6270	51320.1872
57397	R	N+10%	-0.25	H8	escaped	H8	45534.7401	H8	45534.7401	45534.7401
57397	R	N+10%	-0.50	H1	escaped	O5	59197.1773	O5	59197.1773	59200.4515
57397	R	N+10%	-0.50	H2	escaped	O1	52602.3320	O1	52602.3320	52607.0428
57397	R	N+10%	-0.50	H3	escaped	H3	55291.6054	H3	55291.6054	55291.6514
57397	R	N+10%	-0.50	H4	escaped	O5	53437.1983	O5	53437.1983	53441.5817
57397	R	N+10%	-0.50	H5	escaped	O6	72566.0233	O6	72566.0233	72570.9474
57397	R	N+10%	-0.50	H6	escaped	H6	67003.1093	H6	67003.1093	67004.1668
57397	R	N+10%	-0.50	H7	escaped	H3	63647.6171	H3	63647.6171	63648.4063
57397	R	N+10%	-0.50	H8	escaped	H8	73529.8279	H8	73529.8279	73529.8279
57397	R	N+10%	-0.75	H1	escaped	O5	72144.3155	O5	72144.3155	72147.7076
57397	R	N+10%	-0.75	H2	escaped	O1	79145.2575	O1	79145.2575	79149.3429
57397	R	N+10%	-0.75	H3	escaped	H3	74776.4687	H3	74776.4687	74776.9465
57397	R	N+10%	-0.75	H4	escaped	O5	62103.5498	O5	62103.5498	62108.4825
57397	R	N+10%	-0.75	H5	escaped	O6	80802.2632	O6	80802.2632	80807.3737
57397	R	N+10%	-0.75	H6	escaped	O1	72996.1633	O1	72996.1633	72997.8000
57397	R	N+10%	-0.75	H7	escaped	H3	87237.6938	H3	87237.6938	87238.5887
57397	R	N+10%	-0.75	H8	escaped	H8	72488.6283	H8	72488.6283	72488.6283
57397	R	N+10%	-1.00	H1	escaped	O5	82994.1513	O5	82994.1513	82997.6097
57397	R	N+10%	-1.00	H2	escaped	O1	82700.2589	O1	82700.2589	82703.9866
57397	R	N+10%	-1.00	H3	escaped	H3	77547.6413	H3	77547.6413	77548.5449
57397	R	N+10%	-1.00	H4	escaped	O5	87320.4435	O5	87320.4435	87325.5958
57397	R	N+10%	-1.00	H5	escaped	O6	84170.8811	O6	84170.8811	84176.0430
57397	R	N+10%	-1.00	H6	escaped	O1	80267.1742	O1	80267.1742	80269.4127
57397	R	N+10%	-1.00	H7	escaped	H3	88056.2643	H3	88056.2643	88057.2100
57397	R	N+10%	-1.00	H8	escaped	H8	96100.3315	H8	96100.3315	96100.3315
57397	R	OPLS_sp3C	+0.25	carbA	own	O1	2.9057	O1	2.9057	5.2045
57397	R	OPLS_sp3C	+0.25	carbB	own	O6	2.9786	H2	2.7545	7.3832
57397	R	OPLS_sp3C	+0.25	ether	migrated	O2	2.9228	O2	2.9228	6.1901
57397	R	OPLS_sp3C	+0.25	hydroxyl	migrated	O6	2.9786	H2	2.7545	7.3832
57397	R	OPLS_sp3C	+0.50	carbA	own	O1	2.7535	O1	2.7535	5.9964
57397	R	OPLS_sp3C	+0.50	carbB	own	O6	2.8311	H2	2.6743	7.2671
57397	R	OPLS_sp3C	+0.50	ether	migrated	O2	2.7580	O2	2.7580	5.9478
57397	R	OPLS_sp3C	+0.50	hydroxyl	migrated	O6	2.8311	H2	2.6743	7.2671
57397	R	OPLS_sp3C	+0.75	carbA	own	O1	2.6677	O1	2.6677	6.0832
57397	R	OPLS_sp3C	+0.75	carbB	own	O6	2.8005	O6	2.8005	8.0230
57397	R	OPLS_sp3C	+0.75	ether	migrated	O2	2.6630	O2	2.6630	5.8055
57397	R	OPLS_sp3C	+0.75	hydroxyl	migrated	O6	2.8005	O6	2.8005	8.0230
57397	R	OPLS_sp3C	+1.00	carbA	own	O1	2.6074	O1	2.6074	6.1033
57397	R	OPLS_sp3C	+1.00	carbB	own	O6	2.7373	O6	2.7373	8.1984
57397	R	OPLS_sp3C	+1.00	ether	migrated	O2	2.5966	O2	2.5966	5.7055
57397	R	OPLS_sp3C	+1.00	hydroxyl	migrated	O6	2.7373	O6	2.7373	8.1984
57397	R	OPLS_sp3C	-0.25	H1	escaped	O5	43472.5934	O5	43472.5934	43475.9065
57397	R	OPLS_sp3C	-0.25	H2	escaped	O1	34182.5513	O1	34182.5513	34188.1100
57397	R	OPLS_sp3C	-0.25	H3	escaped	H8	41307.6749	H8	41307.6749	41307.6749
57397	R	OPLS_sp3C	-0.25	H4	escaped	O5	46090.1459	O5	46090.1459	46093.0059
57397	R	OPLS_sp3C	-0.25	H5	escaped	O6	46103.2017	O6	46103.2017	46107.3815
57397	R	OPLS_sp3C	-0.25	H6	escaped	H6	48346.5975	H6	48346.5975	48347.5225
57397	R	OPLS_sp3C	-0.25	H7	escaped	H3	40550.8237	H3	40550.8237	40551.4562
57397	R	OPLS_sp3C	-0.25	H8	escaped	H8	42015.9208	H8	42015.9208	42015.9208
57397	R	OPLS_sp3C	-0.50	H1	escaped	O5	50675.6569	O5	50675.6569	50679.1489
57397	R	OPLS_sp3C	-0.50	H2	escaped	O1	52389.5938	O1	52389.5938	52394.2637
57397	R	OPLS_sp3C	-0.50	H3	escaped	H3	54736.3939	H3	54736.3939	54736.4252
57397	R	OPLS_sp3C	-0.50	H4	escaped	O5	53173.5538	O5	53173.5538	53178.0473
57397	R	OPLS_sp3C	-0.50	H5	escaped	O6	71829.8490	O6	71829.8490	71834.8533
57397	R	OPLS_sp3C	-0.50	H6	escaped	H6	66910.9405	H6	66910.9405	66912.0370
57397	R	OPLS_sp3C	-0.50	H7	escaped	H3	72477.4039	H3	72477.4039	72478.2155
57397	R	OPLS_sp3C	-0.50	H8	escaped	H8	71220.2320	H8	71220.2320	71220.2320
57397	R	OPLS_sp3C	-0.75	H1	escaped	O5	71063.8191	O5	71063.8191	71067.3965
57397	R	OPLS_sp3C	-0.75	H2	escaped	O1	79301.6230	O1	79301.6230	79305.6873
57397	R	OPLS_sp3C	-0.75	H3	escaped	H3	73895.8804	H3	73895.8804	73896.3395
57397	R	OPLS_sp3C	-0.75	H4	escaped	O5	61742.3405	O5	61742.3405	61747.3447
57397	R	OPLS_sp3C	-0.75	H5	escaped	O6	80883.7998	O6	80883.7998	80888.9672
57397	R	OPLS_sp3C	-0.75	H6	escaped	O1	73154.6066	O1	73154.6066	73156.3374
57397	R	OPLS_sp3C	-0.75	H7	escaped	H3	71736.4128	H3	71736.4128	71737.3030
57397	R	OPLS_sp3C	-0.75	H8	escaped	H8	70992.7077	H8	70992.7077	70992.7077
57397	R	OPLS_sp3C	-1.00	H1	escaped	O5	82988.4881	O5	82988.4881	82992.1205
57397	R	OPLS_sp3C	-1.00	H2	escaped	O1	82808.8728	O1	82808.8728	82812.5860
57397	R	OPLS_sp3C	-1.00	H3	escaped	H3	76772.2535	H3	76772.2535	76773.1424
57397	R	OPLS_sp3C	-1.00	H4	escaped	O5	87498.5586	O5	87498.5586	87503.7627
57397	R	OPLS_sp3C	-1.00	H5	escaped	O6	84229.4234	O6	84229.4234	84234.6303
57397	R	OPLS_sp3C	-1.00	H6	escaped	O1	80443.5472	O1	80443.5472	80445.8464
57397	R	OPLS_sp3C	-1.00	H7	escaped	H3	87866.7922	H3	87866.7922	87867.7833
57397	R	OPLS_sp3C	-1.00	H8	escaped	H8	94580.1629	H8	94580.1629	94580.1629
57397	R	Behrens_3.55	+0.25	carbA	own	O1	2.9291	O1	2.9291	5.1952
57397	R	Behrens_3.55	+0.25	carbB	own	O6	3.0028	H2	2.7714	7.4068
57397	R	Behrens_3.55	+0.25	ether	migrated	O2	2.9489	O2	2.9489	6.2276
57397	R	Behrens_3.55	+0.25	hydroxyl	migrated	O6	3.0028	H2	2.7714	7.4068
57397	R	Behrens_3.55	+0.50	carbA	own	O1	2.7756	O1	2.7756	5.9702
57397	R	Behrens_3.55	+0.50	carbB	own	O6	2.8526	H2	2.6889	7.2906
57397	R	Behrens_3.55	+0.50	ether	migrated	O2	2.7825	O2	2.7825	5.9841
57397	R	Behrens_3.55	+0.50	hydroxyl	migrated	O6	2.8526	H2	2.6889	7.2906
57397	R	Behrens_3.55	+0.75	carbA	own	O1	2.6891	O1	2.6891	6.0763
57397	R	Behrens_3.55	+0.75	carbB	own	O6	2.8150	O6	2.8150	8.0212
57397	R	Behrens_3.55	+0.75	ether	migrated	O2	2.6865	O2	2.6865	5.8410
57397	R	Behrens_3.55	+0.75	hydroxyl	migrated	O6	2.8150	O6	2.8150	8.0212
57397	R	Behrens_3.55	+1.00	carbA	own	O1	2.6283	O1	2.6283	6.1023
57397	R	Behrens_3.55	+1.00	carbB	own	O6	2.7691	O6	2.7691	8.0928
57397	R	Behrens_3.55	+1.00	ether	migrated	O2	2.6195	O2	2.6195	5.7403
57397	R	Behrens_3.55	+1.00	hydroxyl	migrated	O6	2.7691	O6	2.7691	8.0928
57397	R	Behrens_3.55	-0.25	H1	escaped	O5	45146.4692	O5	45146.4692	45149.7489
57397	R	Behrens_3.55	-0.25	H2	escaped	O1	34208.2570	O1	34208.2570	34213.8205
57397	R	Behrens_3.55	-0.25	H3	escaped	H8	41317.5057	H8	41317.5057	41317.5057
57397	R	Behrens_3.55	-0.25	H4	escaped	O5	46113.9224	O5	46113.9224	46116.7551
57397	R	Behrens_3.55	-0.25	H5	escaped	O6	46161.4815	O6	46161.4815	46165.6431
57397	R	Behrens_3.55	-0.25	H6	escaped	H6	48366.4406	H6	48366.4406	48367.3531
57397	R	Behrens_3.55	-0.25	H7	escaped	H3	41598.2582	H3	41598.2582	41598.8979
57397	R	Behrens_3.55	-0.25	H8	escaped	H8	42133.1203	H8	42133.1203	42133.1203
57397	R	Behrens_3.55	-0.50	H1	escaped	O5	51176.8761	O5	51176.8761	51180.3411
57397	R	Behrens_3.55	-0.50	H2	escaped	O1	52426.0111	O1	52426.0111	52430.6839
57397	R	Behrens_3.55	-0.50	H3	escaped	H3	54768.0890	H3	54768.0890	54768.1147
57397	R	Behrens_3.55	-0.50	H4	escaped	O5	53187.3048	O5	53187.3048	53191.7810
57397	R	Behrens_3.55	-0.50	H5	escaped	O6	71934.7839	O6	71934.7839	71939.7725
57397	R	Behrens_3.55	-0.50	H6	escaped	H6	66847.3240	H6	66847.3240	66848.4063
57397	R	Behrens_3.55	-0.50	H7	escaped	H3	55947.1979	H3	55947.1979	55948.0146
57397	R	Behrens_3.55	-0.50	H8	escaped	H8	71305.5277	H8	71305.5277	71305.5277
57397	R	Behrens_3.55	-0.75	H1	escaped	O5	71153.1215	O5	71153.1215	71156.6726
57397	R	Behrens_3.55	-0.75	H2	escaped	O1	79335.0570	O1	79335.0570	79339.1225
57397	R	Behrens_3.55	-0.75	H3	escaped	H3	73901.1357	H3	73901.1357	73901.5887
57397	R	Behrens_3.55	-0.75	H4	escaped	O5	61773.9423	O5	61773.9423	61778.9342
57397	R	Behrens_3.55	-0.75	H5	escaped	O6	80937.7401	O6	80937.7401	80942.8950
57397	R	Behrens_3.55	-0.75	H6	escaped	O1	73067.9761	O1	73067.9761	73069.6816
57397	R	Behrens_3.55	-0.75	H7	escaped	H3	76911.5945	H3	76911.5945	76912.5071
57397	R	Behrens_3.55	-0.75	H8	escaped	H8	71049.1298	H8	71049.1298	71049.1298
57397	R	Behrens_3.55	-1.00	H1	escaped	O5	83467.7973	O5	83467.7973	83471.4035
57397	R	Behrens_3.55	-1.00	H2	escaped	O1	82839.8781	O1	82839.8781	82843.5920
57397	R	Behrens_3.55	-1.00	H3	escaped	H3	76752.6203	H3	76752.6203	76753.5038
57397	R	Behrens_3.55	-1.00	H4	escaped	O5	87522.5145	O5	87522.5145	87527.7089
57397	R	Behrens_3.55	-1.00	H5	escaped	O6	84278.2223	O6	84278.2223	84283.4190
57397	R	Behrens_3.55	-1.00	H6	escaped	O1	80366.3110	O1	80366.3110	80368.5926
57397	R	Behrens_3.55	-1.00	H7	escaped	H3	89546.1017	H3	89546.1017	89547.0909
57397	R	Behrens_3.55	-1.00	H8	escaped	H8	94637.7473	H8	94637.7473	94637.7473
57397	TS	N	+0.25	carbA	own	O1	2.8812	O1	2.8812	5.0456
57397	TS	N	+0.25	carbB	own	O6	2.9739	O6	2.9739	8.6681
57397	TS	N	+0.25	ether	migrated	O2	2.9001	O2	2.9001	6.6459
57397	TS	N	+0.25	hydroxyl	migrated	O6	2.9914	O6	2.9914	5.4728
57397	TS	N	+0.50	carbA	own	O1	2.7359	O1	2.7359	5.2135
57397	TS	N	+0.50	carbB	own	O6	2.8387	O6	2.8387	8.5935
57397	TS	N	+0.50	ether	migrated	O2	2.7397	O2	2.7397	6.3723
57397	TS	N	+0.50	hydroxyl	migrated	O6	2.8387	O6	2.8387	8.5935
57397	TS	N	+0.75	carbA	own	O1	2.6499	O1	2.6499	5.6753
57397	TS	N	+0.75	carbB	own	O6	2.7456	O6	2.7456	8.6467
57397	TS	N	+0.75	ether	migrated	O1	2.6499	O1	2.6499	5.6753
57397	TS	N	+0.75	hydroxyl	migrated	O6	2.6942	O6	2.6942	5.6339
57397	TS	N	+1.00	carbA	own	O1	2.5910	O1	2.5910	5.8235
57397	TS	N	+1.00	carbB	own	O6	2.6361	O6	2.6361	8.9120
57397	TS	N	+1.00	ether	migrated	O2	2.5820	O2	2.5820	6.0973
57397	TS	N	+1.00	hydroxyl	migrated	O6	2.6220	O6	2.6220	5.6644
57397	TS	N	-0.25	H1	escaped	O5	44610.4658	O5	44610.4658	44615.0335
57397	TS	N	-0.25	H2	escaped	O1	43402.0431	O1	43402.0431	43407.3408
57397	TS	N	-0.25	H3	escaped	H8	41556.7711	H8	41556.7711	41556.7711
57397	TS	N	-0.25	H4	escaped	H4	46156.0516	H4	46156.0516	46158.8131
57397	TS	N	-0.25	H5	escaped	O6	45257.1019	O6	45257.1019	45261.4398
57397	TS	N	-0.25	H6	escaped	H6	36612.2972	H6	36612.2972	36612.8634
57397	TS	N	-0.25	H7	escaped	H4	46216.0472	H4	46216.0472	46216.3884
57397	TS	N	-0.25	H8	escaped	H8	46267.5415	H8	46267.5415	46267.5415
57397	TS	N	-0.50	H1	escaped	O5	50318.1246	O5	50318.1246	50322.5586
57397	TS	N	-0.50	H2	escaped	O1	65657.9132	O1	65657.9132	65662.3596
57397	TS	N	-0.50	H3	escaped	H3	56523.3369	H3	56523.3369	56523.6881
57397	TS	N	-0.50	H4	escaped	O5	52897.0894	O5	52897.0894	52901.5460
57397	TS	N	-0.50	H5	escaped	O6	70401.4264	O6	70401.4264	70406.5380
57397	TS	N	-0.50	H6	escaped	H6	65991.4213	H6	65991.4213	65992.1092
57397	TS	N	-0.50	H7	escaped	H4	57753.9912	H4	57753.9912	57754.5424
57397	TS	N	-0.50	H8	escaped	H8	57684.1044	H8	57684.1044	57684.1044
57397	TS	N	-0.75	H1	escaped	O5	64292.7836	O5	64292.7836	64297.1116
57397	TS	N	-0.75	H2	escaped	O1	75554.3267	O1	75554.3267	75558.1410
57397	TS	N	-0.75	H3	escaped	H3	77963.7489	H3	77963.7489	77964.5033
57397	TS	N	-0.75	H4	escaped	O5	61194.0098	O5	61194.0098	61199.0277
57397	TS	N	-0.75	H5	escaped	O6	79786.7852	O6	79786.7852	79792.0150
57397	TS	N	-0.75	H6	escaped	O2	70997.4688	O2	70997.4688	70998.3926
57397	TS	N	-0.75	H7	escaped	H4	86046.5593	H4	86046.5593	86047.2688
57397	TS	N	-0.75	H8	escaped	H8	75740.6509	H8	75740.6509	75740.6509
57397	TS	N	-1.00	H1	escaped	O5	77372.7515	O5	77372.7515	77377.0006
57397	TS	N	-1.00	H2	escaped	O1	79612.4489	O1	79612.4489	79615.8862
57397	TS	N	-1.00	H3	escaped	H3	81878.2607	H3	81878.2607	81879.3207
57397	TS	N	-1.00	H4	escaped	O5	88151.9195	O5	88151.9195	88157.1486
57397	TS	N	-1.00	H5	escaped	O6	83200.8025	O6	83200.8025	83206.0444
57397	TS	N	-1.00	H6	escaped	O2	77504.2294	O2	77504.2294	77505.8552
57397	TS	N	-1.00	H7	escaped	H4	89829.8997	H4	89829.8997	89830.6127
57397	TS	N	-1.00	H8	escaped	H8	100739.9509	H8	100739.9509	100739.9509
57397	TS	N+5%	+0.25	carbA	own	O1	2.9586	O1	2.9586	5.0904
57397	TS	N+5%	+0.25	carbB	own	O6	3.0477	O6	3.0477	8.7492
57397	TS	N+5%	+0.25	ether	migrated	O2	2.9896	O2	2.9896	6.7881
57397	TS	N+5%	+0.25	hydroxyl	migrated	O6	3.0937	O6	3.0937	5.4442
57397	TS	N+5%	+0.50	carbA	own	O1	2.8101	O1	2.8101	5.1790
57397	TS	N+5%	+0.50	carbB	own	O6	2.9096	O6	2.9096	8.6501
57397	TS	N+5%	+0.50	ether	migrated	O2	2.8232	O2	2.8232	6.5100
57397	TS	N+5%	+0.50	hydroxyl	migrated	O6	2.8910	O6	2.8910	5.5649
57397	TS	N+5%	+0.75	carbA	own	O1	2.7226	O1	2.7226	5.4373
57397	TS	N+5%	+0.75	carbB	own	O6	2.8254	O6	2.8254	8.6205
57397	TS	N+5%	+0.75	ether	migrated	O2	2.7269	O2	2.7269	6.3454
57397	TS	N+5%	+0.75	hydroxyl	migrated	O6	2.8254	O6	2.8254	8.6205
57397	TS	N+5%	+1.00	carbA	own	O1	2.6612	O1	2.6612	5.7160
57397	TS	N+5%	+1.00	carbB	own	O6	2.7553	O6	2.7553	8.6705
57397	TS	N+5%	+1.00	ether	migrated	O2	2.6596	O2	2.6596	6.2292
57397	TS	N+5%	+1.00	hydroxyl	migrated	O6	2.7060	O6	2.7060	5.6466
57397	TS	N+5%	-0.25	H1	escaped	O5	45787.2471	O5	45787.2471	45791.6550
57397	TS	N+5%	-0.25	H2	escaped	O1	43627.8586	O1	43627.8586	43633.1956
57397	TS	N+5%	-0.25	H3	escaped	H8	41570.6778	H8	41570.6778	41570.6778
57397	TS	N+5%	-0.25	H4	escaped	H4	46267.0171	H4	46267.0171	46269.6998
57397	TS	N+5%	-0.25	H5	escaped	O6	45552.3582	O6	45552.3582	45556.6359
57397	TS	N+5%	-0.25	H6	escaped	H6	36731.5665	H6	36731.5665	36732.0926
57397	TS	N+5%	-0.25	H7	escaped	H4	46237.6210	H4	46237.6210	46238.0270
57397	TS	N+5%	-0.25	H8	escaped	H8	46042.1787	H8	46042.1787	46042.1787
57397	TS	N+5%	-0.50	H1	escaped	O5	59506.4919	O5	59506.4919	59510.9045
57397	TS	N+5%	-0.50	H2	escaped	O1	65890.8806	O1	65890.8806	65895.3667
57397	TS	N+5%	-0.50	H3	escaped	H3	56492.9870	H3	56492.9870	56493.3235
57397	TS	N+5%	-0.50	H4	escaped	O5	52917.0179	O5	52917.0179	52921.4004
57397	TS	N+5%	-0.50	H5	escaped	O6	70833.1300	O6	70833.1300	70838.1825
57397	TS	N+5%	-0.50	H6	escaped	H6	65873.3510	H6	65873.3510	65873.9855
57397	TS	N+5%	-0.50	H7	escaped	H4	63809.6858	H4	63809.6858	63810.3097
57397	TS	N+5%	-0.50	H8	escaped	H8	58182.7486	H8	58182.7486	58182.7486
57397	TS	N+5%	-0.75	H1	escaped	O5	61461.4456	O5	61461.4456	61465.7477
57397	TS	N+5%	-0.75	H2	escaped	O1	75837.1537	O1	75837.1537	75841.0012
57397	TS	N+5%	-0.75	H3	escaped	H3	77895.3764	H3	77895.3764	77896.1190
57397	TS	N+5%	-0.75	H4	escaped	O5	61249.2739	O5	61249.2739	61254.2402
57397	TS	N+5%	-0.75	H5	escaped	O6	79934.9492	O6	79934.9492	79940.1316
57397	TS	N+5%	-0.75	H6	escaped	O2	70734.3990	O2	70734.3990	70735.2366
57397	TS	N+5%	-0.75	H7	escaped	H4	87102.3326	H4	87102.3326	87103.0821
57397	TS	N+5%	-0.75	H8	escaped	H8	76167.9973	H8	76167.9973	76167.9973
57397	TS	N+5%	-1.00	H1	escaped	O5	74067.5029	O5	74067.5029	74071.7100
57397	TS	N+5%	-1.00	H2	escaped	O1	79663.7284	O1	79663.7284	79667.1917
57397	TS	N+5%	-1.00	H3	escaped	H3	81817.5730	H3	81817.5730	81818.6247
57397	TS	N+5%	-1.00	H4	escaped	O5	88180.0262	O5	88180.0262	88185.2151
57397	TS	N+5%	-1.00	H5	escaped	O6	83328.1880	O6	83328.1880	83333.3911
57397	TS	N+5%	-1.00	H6	escaped	O2	77228.8978	O2	77228.8978	77230.4615
57397	TS	N+5%	-1.00	H7	escaped	H4	101034.9953	H4	101034.9953	101035.7792
57397	TS	N+5%	-1.00	H8	escaped	H8	101175.9463	H8	101175.9463	101175.9463
57397	TS	N+10%	+0.25	carbA	own	O1	3.0362	O1	3.0362	5.1400
57397	TS	N+10%	+0.25	carbB	own	O6	3.1221	O6	3.1221	8.8324
57397	TS	N+10%	+0.25	ether	migrated	O2	3.0809	O2	3.0809	6.9327
57397	TS	N+10%	+0.25	hydroxyl	migrated	O6	3.1976	O6	3.1976	5.4152
57397	TS	N+10%	+0.50	carbA	own	O1	2.8841	O1	2.8841	5.1913
57397	TS	N+10%	+0.50	carbB	own	O6	2.9804	O6	2.9804	8.7183
57397	TS	N+10%	+0.50	ether	migrated	O2	2.9079	O2	2.9079	6.6489
57397	TS	N+10%	+0.50	hydroxyl	migrated	O6	2.9840	O6	2.9840	5.5450
57397	TS	N+10%	+0.75	carbA	own	O1	2.7951	O1	2.7951	5.3000
57397	TS	N+10%	+0.75	carbB	own	O6	2.8957	O6	2.8957	8.6642
57397	TS	N+10%	+0.75	ether	migrated	O2	2.8080	O2	2.8080	6.4808
57397	TS	N+10%	+0.75	hydroxyl	migrated	O6	2.8957	O6	2.8957	8.6642
57397	TS	N+10%	+1.00	carbA	own	O1	2.7320	O1	2.7320	5.5296
57397	TS	N+10%	+1.00	carbB	own	O6	2.8337	O6	2.8337	8.6453
57397	TS	N+10%	+1.00	ether	migrated	O2	2.7382	O2	2.7382	6.3619
57397	TS	N+10%	+1.00	hydroxyl	migrated	O6	2.7910	O6	2.7910	5.6295
57397	TS	N+10%	-0.25	H1	escaped	O5	38518.0506	O5	38518.0506	38522.2831
57397	TS	N+10%	-0.25	H2	escaped	O1	43924.6563	O1	43924.6563	43930.0478
57397	TS	N+10%	-0.25	H3	escaped	H8	41626.2712	H8	41626.2712	41626.2712
57397	TS	N+10%	-0.25	H4	escaped	H4	46304.5258	H4	46304.5258	46307.0830
57397	TS	N+10%	-0.25	H5	escaped	O6	45930.5881	O6	45930.5881	45934.7674
57397	TS	N+10%	-0.25	H6	escaped	H6	36850.1107	H6	36850.1107	36850.5695
57397	TS	N+10%	-0.25	H7	escaped	H4	36662.3761	H4	36662.3761	36662.7916
57397	TS	N+10%	-0.25	H8	escaped	H8	45821.1575	H8	45821.1575	45821.1575
57397	TS	N+10%	-0.50	H1	escaped	O5	58305.2470	O5	58305.2470	58309.5306
57397	TS	N+10%	-0.50	H2	escaped	O1	66239.8960	O1	66239.8960	66244.4355
57397	TS	N+10%	-0.50	H3	escaped	H3	56455.4489	H3	56455.4489	56455.7571
57397	TS	N+10%	-0.50	H4	escaped	O5	52892.3745	O5	52892.3745	52896.6379
57397	TS	N+10%	-0.50	H5	escaped	O6	71435.3935	O6	71435.3935	71440.3535
57397	TS	N+10%	-0.50	H6	escaped	H6	65637.4476	H6	65637.4476	65637.9896
57397	TS	N+10%	-0.50	H7	escaped	H4	56161.3158	H4	56161.3158	56161.9907
57397	TS	N+10%	-0.50	H8	escaped	H8	58686.7159	H8	58686.7159	58686.7159
57397	TS	N+10%	-0.75	H1	escaped	O5	70349.2473	O5	70349.2473	70353.5322
57397	TS	N+10%	-0.75	H2	escaped	O1	76047.0743	O1	76047.0743	76050.9648
57397	TS	N+10%	-0.75	H3	escaped	H3	77782.5680	H3	77782.5680	77783.2872
57397	TS	N+10%	-0.75	H4	escaped	O5	61273.0267	O5	61273.0267	61277.9117
57397	TS	N+10%	-0.75	H5	escaped	O6	80197.2280	O6	80197.2280	80202.3368
57397	TS	N+10%	-0.75	H6	escaped	O2	70273.7363	O2	70273.7363	70274.4253
57397	TS	N+10%	-0.75	H7	escaped	H4	70537.4383	H4	70537.4383	70538.2029
57397	TS	N+10%	-0.75	H8	escaped	H8	76590.8095	H8	76590.8095	76590.8095
57397	TS	N+10%	-1.00	H1	escaped	O5	93346.1997	O5	93346.1997	93350.3699
57397	TS	N+10%	-1.00	H2	escaped	O1	79778.8461	O1	79778.8461	79782.3458
57397	TS	N+10%	-1.00	H3	escaped	H3	81716.6928	H3	81716.6928	81717.7280
57397	TS	N+10%	-1.00	H4	escaped	O5	88254.3880	O5	88254.3880	88259.5141
57397	TS	N+10%	-1.00	H5	escaped	O6	83555.9440	O6	83555.9440	83561.0874
57397	TS	N+10%	-1.00	H6	escaped	O2	76752.3455	O2	76752.3455	76753.8013
57397	TS	N+10%	-1.00	H7	escaped	H4	78670.7225	H4	78670.7225	78671.5542
57397	TS	N+10%	-1.00	H8	escaped	H8	101602.2378	H8	101602.2378	101602.2378
57397	TS	OPLS_sp3C	+0.25	carbA	own	O1	2.8978	O1	2.8978	5.1512
57397	TS	OPLS_sp3C	+0.25	carbB	own	O6	2.9926	O6	2.9926	8.7182
57397	TS	OPLS_sp3C	+0.25	ether	migrated	O2	2.9225	O2	2.9225	6.6747
57397	TS	OPLS_sp3C	+0.25	hydroxyl	migrated	O6	3.0045	O6	3.0045	5.5204
57397	TS	OPLS_sp3C	+0.50	carbA	own	O1	2.7470	O1	2.7470	5.3988
57397	TS	OPLS_sp3C	+0.50	carbB	own	O6	2.8491	O6	2.8491	8.6368
57397	TS	OPLS_sp3C	+0.50	ether	migrated	O2	2.7542	O2	2.7542	6.3904
57397	TS	OPLS_sp3C	+0.50	hydroxyl	migrated	O6	2.8491	O6	2.8491	8.6368
57397	TS	OPLS_sp3C	+0.75	carbA	own	O1	2.6598	O1	2.6598	5.7511
57397	TS	OPLS_sp3C	+0.75	carbB	own	O6	2.7496	O6	2.7496	8.7010
57397	TS	OPLS_sp3C	+0.75	ether	migrated	O2	2.6581	O2	2.6581	6.2253
57397	TS	OPLS_sp3C	+0.75	hydroxyl	migrated	O6	2.7032	O6	2.7032	5.6555
57397	TS	OPLS_sp3C	+1.00	carbA	own	O1	2.5995	O1	2.5995	5.8564
57397	TS	OPLS_sp3C	+1.00	carbB	own	O6	2.6459	O6	2.6459	8.9177
57397	TS	OPLS_sp3C	+1.00	ether	migrated	O2	2.5913	O2	2.5913	6.1100
57397	TS	OPLS_sp3C	+1.00	hydroxyl	migrated	O6	2.6459	O6	2.6459	8.9177
57397	TS	OPLS_sp3C	-0.25	H1	escaped	O5	44376.0478	O5	44376.0478	44380.5789
57397	TS	OPLS_sp3C	-0.25	H2	escaped	O1	43313.5370	O1	43313.5370	43318.8545
57397	TS	OPLS_sp3C	-0.25	H3	escaped	H8	41825.0677	H8	41825.0677	41825.0677
57397	TS	OPLS_sp3C	-0.25	H4	escaped	H4	45844.6456	H4	45844.6456	45847.3588
57397	TS	OPLS_sp3C	-0.25	H5	escaped	O6	45203.4229	O6	45203.4229	45207.7339
57397	TS	OPLS_sp3C	-0.25	H6	escaped	H6	36321.2768	H6	36321.2768	36321.7844
57397	TS	OPLS_sp3C	-0.25	H7	escaped	H4	43919.2054	H4	43919.2054	43919.5983
57397	TS	OPLS_sp3C	-0.25	H8	escaped	H8	44288.3012	H8	44288.3012	44288.3012
57397	TS	OPLS_sp3C	-0.50	H1	escaped	O5	49402.1753	O5	49402.1753	49406.5893
57397	TS	OPLS_sp3C	-0.50	H2	escaped	O1	65888.3481	O1	65888.3481	65892.8000
57397	TS	OPLS_sp3C	-0.50	H3	escaped	H3	56489.4862	H3	56489.4862	56489.8046
57397	TS	OPLS_sp3C	-0.50	H4	escaped	O5	52732.8190	O5	52732.8190	52737.2247
57397	TS	OPLS_sp3C	-0.50	H5	escaped	O6	70654.3703	O6	70654.3703	70659.4223
57397	TS	OPLS_sp3C	-0.50	H6	escaped	H6	65487.2191	H6	65487.2191	65487.8098
57397	TS	OPLS_sp3C	-0.50	H7	escaped	H4	55714.9308	H4	55714.9308	55715.5087
57397	TS	OPLS_sp3C	-0.50	H8	escaped	H8	56529.0136	H8	56529.0136	56529.0136
57397	TS	OPLS_sp3C	-0.75	H1	escaped	O5	63358.8662	O5	63358.8662	63363.1723
57397	TS	OPLS_sp3C	-0.75	H2	escaped	O1	75903.1975	O1	75903.1975	75907.0204
57397	TS	OPLS_sp3C	-0.75	H3	escaped	H3	77959.8192	H3	77959.8192	77960.5418
57397	TS	OPLS_sp3C	-0.75	H4	escaped	O5	61054.5007	O5	61054.5007	61059.4778
57397	TS	OPLS_sp3C	-0.75	H5	escaped	O6	80277.7875	O6	80277.7875	80282.9636
57397	TS	OPLS_sp3C	-0.75	H6	escaped	O2	70446.9993	O2	70446.9993	70447.8007
57397	TS	OPLS_sp3C	-0.75	H7	escaped	H4	85206.9665	H4	85206.9665	85207.7014
57397	TS	OPLS_sp3C	-0.75	H8	escaped	H8	74711.1275	H8	74711.1275	74711.1275
57397	TS	OPLS_sp3C	-1.00	H1	escaped	O5	76228.7038	O5	76228.7038	76232.9297
57397	TS	OPLS_sp3C	-1.00	H2	escaped	O1	79946.6331	O1	79946.6331	79950.0815
57397	TS	OPLS_sp3C	-1.00	H3	escaped	H3	81889.3946	H3	81889.3946	81890.4309
57397	TS	OPLS_sp3C	-1.00	H4	escaped	O5	88454.3036	O5	88454.3036	88459.4969
57397	TS	OPLS_sp3C	-1.00	H5	escaped	O6	83623.0018	O6	83623.0018	83628.1986
57397	TS	OPLS_sp3C	-1.00	H6	escaped	O2	77010.5924	O2	77010.5924	77012.1266
57397	TS	OPLS_sp3C	-1.00	H7	escaped	H4	96714.8872	H4	96714.8872	96715.6239
57397	TS	OPLS_sp3C	-1.00	H8	escaped	H8	99664.3851	H8	99664.3851	99664.3851
57397	TS	Behrens_3.55	+0.25	carbA	own	O1	2.9209	O1	2.9209	5.1619
57397	TS	Behrens_3.55	+0.25	carbB	own	O6	3.0147	O6	3.0147	8.7414
57397	TS	Behrens_3.55	+0.25	ether	migrated	O2	2.9492	O2	2.9492	6.7181
57397	TS	Behrens_3.55	+0.25	hydroxyl	migrated	O6	3.0341	O6	3.0341	5.5137
57397	TS	Behrens_3.55	+0.50	carbA	own	O1	2.7692	O1	2.7692	5.3539
57397	TS	Behrens_3.55	+0.50	carbB	own	O6	2.8707	O6	2.8707	8.6500
57397	TS	Behrens_3.55	+0.50	ether	migrated	O2	2.7790	O2	2.7790	6.4320
57397	TS	Behrens_3.55	+0.50	hydroxyl	migrated	O6	2.8707	O6	2.8707	8.6500
57397	TS	Behrens_3.55	+0.75	carbA	own	O1	2.6812	O1	2.6812	5.7110
57397	TS	Behrens_3.55	+0.75	carbB	own	O6	2.7779	O6	2.7779	8.6655
57397	TS	Behrens_3.55	+0.75	ether	migrated	O2	2.6819	O2	2.6819	6.2656
57397	TS	Behrens_3.55	+0.75	hydroxyl	migrated	O6	2.7779	O6	2.7779	8.6655
57397	TS	Behrens_3.55	+1.00	carbA	own	O1	2.6203	O1	2.6203	5.8368
57397	TS	Behrens_3.55	+1.00	carbB	own	O6	2.6748	O6	2.6748	8.8919
57397	TS	Behrens_3.55	+1.00	ether	migrated	O2	2.6143	O2	2.6143	6.1493
57397	TS	Behrens_3.55	+1.00	hydroxyl	migrated	O6	2.6546	O6	2.6546	5.6765
57397	TS	Behrens_3.55	-0.25	H1	escaped	O5	44547.7297	O5	44547.7297	44552.2177
57397	TS	Behrens_3.55	-0.25	H2	escaped	O1	43367.5241	O1	43367.5241	43372.8532
57397	TS	Behrens_3.55	-0.25	H3	escaped	H8	41836.6760	H8	41836.6760	41836.6760
57397	TS	Behrens_3.55	-0.25	H4	escaped	H4	45858.2519	H4	45858.2519	45860.9399
57397	TS	Behrens_3.55	-0.25	H5	escaped	O6	45274.7600	O6	45274.7600	45279.0514
57397	TS	Behrens_3.55	-0.25	H6	escaped	H6	36341.6587	H6	36341.6587	36342.1524
57397	TS	Behrens_3.55	-0.25	H7	escaped	H4	44852.5905	H4	44852.5905	44853.0110
57397	TS	Behrens_3.55	-0.25	H8	escaped	H8	44429.2961	H8	44429.2961	44429.2961
57397	TS	Behrens_3.55	-0.50	H1	escaped	O5	48458.1261	O5	48458.1261	48462.5435
57397	TS	Behrens_3.55	-0.50	H2	escaped	O1	65956.0709	O1	65956.0709	65960.5338
57397	TS	Behrens_3.55	-0.50	H3	escaped	H3	56503.0133	H3	56503.0133	56503.3252
57397	TS	Behrens_3.55	-0.50	H4	escaped	O5	52727.5211	O5	52727.5211	52731.9033
57397	TS	Behrens_3.55	-0.50	H5	escaped	O6	70772.2508	O6	70772.2508	70777.2841
57397	TS	Behrens_3.55	-0.50	H6	escaped	H6	65437.1432	H6	65437.1432	65437.7148
57397	TS	Behrens_3.55	-0.50	H7	escaped	H4	57440.1536	H4	57440.1536	57440.7566
57397	TS	Behrens_3.55	-0.50	H8	escaped	H8	56607.7432	H8	56607.7432	56607.7432
57397	TS	Behrens_3.55	-0.75	H1	escaped	O5	62577.6093	O5	62577.6093	62581.9076
57397	TS	Behrens_3.55	-0.75	H2	escaped	O1	75989.2037	O1	75989.2037	75993.0359
57397	TS	Behrens_3.55	-0.75	H3	escaped	H3	77933.8046	H3	77933.8046	77934.5221
57397	TS	Behrens_3.55	-0.75	H4	escaped	O5	61059.3500	O5	61059.3500	61064.3109
57397	TS	Behrens_3.55	-0.75	H5	escaped	O6	80333.2104	O6	80333.2104	80338.3716
57397	TS	Behrens_3.55	-0.75	H6	escaped	O2	70352.8403	O2	70352.8403	70353.6114
57397	TS	Behrens_3.55	-0.75	H7	escaped	H4	88404.8531	H4	88404.8531	88405.6056
57397	TS	Behrens_3.55	-0.75	H8	escaped	H8	74781.2663	H8	74781.2663	74781.2663
57397	TS	Behrens_3.55	-1.00	H1	escaped	O5	75268.6053	O5	75268.6053	75272.8194
57397	TS	Behrens_3.55	-1.00	H2	escaped	O1	79971.3379	O1	79971.3379	79974.7937
57397	TS	Behrens_3.55	-1.00	H3	escaped	H3	81865.6935	H3	81865.6935	81866.7261
57397	TS	Behrens_3.55	-1.00	H4	escaped	O5	88470.8990	O5	88470.8990	88476.0797
57397	TS	Behrens_3.55	-1.00	H5	escaped	O6	83671.2040	O6	83671.2040	83676.3886
57397	TS	Behrens_3.55	-1.00	H6	escaped	O2	76914.1323	O2	76914.1323	76915.6444
57397	TS	Behrens_3.55	-1.00	H7	escaped	H4	98134.3804	H4	98134.3804	98135.1402
57397	TS	Behrens_3.55	-1.00	H8	escaped	H8	99737.1467	H8	99737.1467	99737.1467
58698	R	N	+0.25	carbA	own	O1	2.9203	O1	2.9203	5.3171
58698	R	N	+0.25	carbB	own	O6	3.0406	H2	2.9074	7.3236
58698	R	N	+0.25	ether	migrated	O2	2.8926	O2	2.8926	6.0945
58698	R	N	+0.25	hydroxyl	migrated	O6	3.0406	H2	2.9074	7.3236
58698	R	N	+0.50	carbA	own	O1	2.7483	O1	2.7483	6.4606
58698	R	N	+0.50	carbB	own	O6	2.9332	H2	2.8702	7.2125
58698	R	N	+0.50	ether	migrated	O2	2.7349	O2	2.7349	5.8515
58698	R	N	+0.50	hydroxyl	migrated	O6	2.9332	H2	2.8702	7.2125
58698	R	N	+0.75	carbA	own	O1	2.6638	O1	2.6638	6.5444
58698	R	N	+0.75	carbB	own	O5	2.6974	O5	2.6974	8.6558
58698	R	N	+0.75	ether	migrated	O2	2.6431	O2	2.6431	5.7076
58698	R	N	+0.75	hydroxyl	migrated	O6	2.7056	O6	2.7056	5.1377
58698	R	N	+1.00	carbA	own	O1	2.6045	O1	2.6045	6.5630
58698	R	N	+1.00	carbB	own	O5	2.6289	O5	2.6289	8.6512
58698	R	N	+1.00	ether	migrated	O2	2.5787	O2	2.5787	5.6063
58698	R	N	+1.00	hydroxyl	migrated	O6	2.6337	O6	2.6337	5.1707
58698	R	N	-0.25	H1	escaped	O5	40873.3483	O5	40873.3483	40876.5320
58698	R	N	-0.25	H2	escaped	O1	46325.7350	O1	46325.7350	46331.7683
58698	R	N	-0.25	H3	escaped	H8	41323.2209	H8	41323.2209	41323.2209
58698	R	N	-0.25	H4	escaped	H4	47588.4013	H4	47588.4013	47590.8343
58698	R	N	-0.25	H5	escaped	O6	46970.1655	O6	46970.1655	46974.4336
58698	R	N	-0.25	H6	escaped	H6	37322.7112	H6	37322.7112	37324.1779
58698	R	N	-0.25	H7	escaped	H3	48458.9479	H3	48458.9479	48459.4634
58698	R	N	-0.25	H8	escaped	H8	46235.0448	H8	46235.0448	46235.0448
58698	R	N	-0.50	H1	escaped	O5	62685.1092	O5	62685.1092	62688.6775
58698	R	N	-0.50	H2	escaped	O1	53516.8632	O1	53516.8632	53522.2665
58698	R	N	-0.50	H3	escaped	H3	56234.1123	H3	56234.1123	56234.1438
58698	R	N	-0.50	H4	escaped	O5	54056.4970	O5	54056.4970	54060.5058
58698	R	N	-0.50	H5	escaped	O6	73267.2229	O6	73267.2229	73272.0544
58698	R	N	-0.50	H6	escaped	H6	51385.6462	H6	51385.6462	51387.2404
58698	R	N	-0.50	H7	escaped	H3	63587.1394	H3	63587.1394	63587.8274
58698	R	N	-0.50	H8	escaped	H8	59337.3620	H8	59337.3620	59337.3620
58698	R	N	-0.75	H1	escaped	O5	74222.3242	O5	74222.3242	74226.0368
58698	R	N	-0.75	H2	escaped	O1	79836.7355	O1	79836.7355	79841.6270
58698	R	N	-0.75	H3	escaped	H3	77479.8639	H3	77479.8639	77480.3966
58698	R	N	-0.75	H4	escaped	O5	61845.0473	O5	61845.0473	61849.6167
58698	R	N	-0.75	H5	escaped	O6	81061.5277	O6	81061.5277	81066.4206
58698	R	N	-0.75	H6	escaped	O1	73940.8271	O1	73940.8271	73943.1506
58698	R	N	-0.75	H7	escaped	H3	83932.7760	H3	83932.7760	83933.5317
58698	R	N	-0.75	H8	escaped	H8	77044.6655	H8	77044.6655	77044.6655
58698	R	N	-1.00	H1	escaped	O5	83385.6913	O5	83385.6913	83389.4909
58698	R	N	-1.00	H2	escaped	O1	83302.8274	O1	83302.8274	83307.4124
58698	R	N	-1.00	H3	escaped	H3	81035.8878	H3	81035.8878	81036.7953
58698	R	N	-1.00	H4	escaped	O5	85750.5941	O5	85750.5941	85755.4012
58698	R	N	-1.00	H5	escaped	O6	84436.0438	O6	84436.0438	84440.9282
58698	R	N	-1.00	H6	escaped	O1	79957.7767	O1	79957.7767	79960.6367
58698	R	N	-1.00	H7	escaped	H3	96004.9636	H3	96004.9636	96005.7765
58698	R	N	-1.00	H8	escaped	H8	76868.8506	H8	76868.8506	76868.8506
58698	R	N+5%	+0.25	carbA	own	O1	2.9987	O1	2.9987	5.3369
58698	R	N+5%	+0.25	carbB	own	O6	3.1032	H2	2.9527	7.4164
58698	R	N+5%	+0.25	ether	migrated	O1	2.9987	O1	2.9987	5.3369
58698	R	N+5%	+0.25	hydroxyl	migrated	O6	3.1032	H2	2.9527	7.4164
58698	R	N+5%	+0.50	carbA	own	O1	2.8254	O1	2.8254	6.3239
58698	R	N+5%	+0.50	carbB	own	O6	2.9892	H2	2.9081	7.3034
58698	R	N+5%	+0.50	ether	migrated	O2	2.8168	O2	2.8168	5.9754
58698	R	N+5%	+0.50	hydroxyl	migrated	O6	2.9892	H2	2.9081	7.3034
58698	R	N+5%	+0.75	carbA	own	O1	2.7371	O1	2.7371	6.5090
58698	R	N+5%	+0.75	carbB	own	O6	2.9234	H2	2.8842	7.2289
58698	R	N+5%	+0.75	ether	migrated	O2	2.7220	O2	2.7220	5.8291
58698	R	N+5%	+0.75	hydroxyl	migrated	O6	2.9234	H2	2.8842	7.2289
58698	R	N+5%	+1.00	carbA	own	O1	2.6758	O1	2.6758	6.5530
58698	R	N+5%	+1.00	carbB	own	O5	2.7118	O5	2.7118	8.6560
58698	R	N+5%	+1.00	ether	migrated	O2	2.6554	O2	2.6554	5.7255
58698	R	N+5%	+1.00	hydroxyl	migrated	O5	2.7118	O5	2.7118	8.6560
58698	R	N+5%	-0.25	H1	escaped	O5	45552.5972	O5	45552.5972	45555.6193
58698	R	N+5%	-0.25	H2	escaped	O1	46497.4264	O1	46497.4264	46503.4704
58698	R	N+5%	-0.25	H3	escaped	H8	41339.5630	H8	41339.5630	41339.5630
58698	R	N+5%	-0.25	H4	escaped	H4	47764.1032	H4	47764.1032	47766.4824
58698	R	N+5%	-0.25	H5	escaped	O6	47290.1823	O6	47290.1823	47294.4018
58698	R	N+5%	-0.25	H6	escaped	H6	37454.5045	H6	37454.5045	37455.9391
58698	R	N+5%	-0.25	H7	escaped	H3	53107.3285	H3	53107.3285	53107.8274
58698	R	N+5%	-0.25	H8	escaped	H8	46019.5865	H8	46019.5865	46019.5865
58698	R	N+5%	-0.50	H1	escaped	O5	49580.9558	O5	49580.9558	49584.4050
58698	R	N+5%	-0.50	H2	escaped	O1	53688.8780	O1	53688.8780	53694.2872
58698	R	N+5%	-0.50	H3	escaped	H3	56241.9843	H3	56241.9843	56242.0135
58698	R	N+5%	-0.50	H4	escaped	O5	54170.1414	O5	54170.1414	54174.1005
58698	R	N+5%	-0.50	H5	escaped	O6	73796.3954	O6	73796.3954	73801.1817
58698	R	N+5%	-0.50	H6	escaped	H6	51312.3724	H6	51312.3724	51313.9320
58698	R	N+5%	-0.50	H7	escaped	H3	66470.1262	H3	66470.1262	66470.8106
58698	R	N+5%	-0.50	H8	escaped	H8	60076.4519	H8	60076.4519	60076.4519
58698	R	N+5%	-0.75	H1	escaped	O5	73449.5502	O5	73449.5502	73453.1507
58698	R	N+5%	-0.75	H2	escaped	O1	79934.3134	O1	79934.3134	79939.2056
58698	R	N+5%	-0.75	H3	escaped	H3	77490.9528	H3	77490.9528	77491.4842
58698	R	N+5%	-0.75	H4	escaped	O5	61885.6860	O5	61885.6860	61890.2206
58698	R	N+5%	-0.75	H5	escaped	O6	81246.3287	O6	81246.3287	81251.1852
58698	R	N+5%	-0.75	H6	escaped	O1	73773.4490	O1	73773.4490	73775.7048
58698	R	N+5%	-0.75	H7	escaped	H3	88521.6164	H3	88521.6164	88522.3703
58698	R	N+5%	-0.75	H8	escaped	H8	77629.2406	H8	77629.2406	77629.2406
58698	R	N+5%	-1.00	H1	escaped	O5	83646.4989	O5	83646.4989	83650.1896
58698	R	N+5%	-1.00	H2	escaped	O1	83394.9314	O1	83394.9314	83399.5166
58698	R	N+5%	-1.00	H3	escaped	H3	81051.0429	H3	81051.0429	81051.9497
58698	R	N+5%	-1.00	H4	escaped	O5	85813.3512	O5	85813.3512	85818.1303
58698	R	N+5%	-1.00	H5	escaped	O6	84605.1706	O6	84605.1706	84610.0253
58698	R	N+5%	-1.00	H6	escaped	O1	79879.6508	O1	79879.6508	79882.4621
58698	R	N+5%	-1.00	H7	escaped	H3	96390.3549	H3	96390.3549	96391.1620
58698	R	N+5%	-1.00	H8	escaped	H8	77299.1736	H8	77299.1736	77299.1736
58698	R	N+10%	+0.25	carbA	own	O1	3.0770	O1	3.0770	5.3727
58698	R	N+10%	+0.25	carbB	own	O6	3.1686	H2	3.0009	7.5078
58698	R	N+10%	+0.25	ether	migrated	O2	3.0672	O2	3.0672	6.3462
58698	R	N+10%	+0.25	hydroxyl	migrated	O6	3.2165	O6	3.2165	4.8722
58698	R	N+10%	+0.50	carbA	own	O1	2.9146	O1	2.9146	5.6809
58698	R	N+10%	+0.50	carbB	own	O6	3.0478	H2	2.9490	7.3937
58698	R	N+10%	+0.50	ether	migrated	O2	2.8995	O2	2.8995	6.0994
58698	R	N+10%	+0.50	hydroxyl	migrated	O6	3.0478	H2	2.9490	7.3937
58698	R	N+10%	+0.75	carbA	own	O1	2.8111	O1	2.8111	6.4298
58698	R	N+10%	+0.75	carbB	own	O6	2.9782	H2	2.9204	7.3177
58698	R	N+10%	+0.75	ether	migrated	O2	2.8016	O2	2.8016	5.9508
58698	R	N+10%	+0.75	hydroxyl	migrated	O6	2.8833	O6	2.8833	5.0815
58698	R	N+10%	+1.00	carbA	own	O1	2.7476	O1	2.7476	6.5209
58698	R	N+10%	+1.00	carbB	own	O6	2.9298	H2	2.9017	7.2608
58698	R	N+10%	+1.00	ether	migrated	O2	2.7329	O2	2.7329	5.8452
58698	R	N+10%	+1.00	hydroxyl	migrated	O6	2.9298	H2	2.9017	7.2608
58698	R	N+10%	-0.25	H1	escaped	O5	45271.1362	O5	45271.1362	45274.0222
58698	R	N+10%	-0.25	H2	escaped	O1	46691.8002	O1	46691.8002	46697.8589
58698	R	N+10%	-0.25	H3	escaped	H8	41405.9168	H8	41405.9168	41405.9168
58698	R	N+10%	-0.25	H4	escaped	H4	47921.8407	H4	47921.8407	47924.1313
58698	R	N+10%	-0.25	H5	escaped	O6	47678.9834	O6	47678.9834	47683.1208
58698	R	N+10%	-0.25	H6	escaped	H6	37566.0274	H6	37566.0274	37567.4051
58698	R	N+10%	-0.25	H7	escaped	H3	42026.3325	H3	42026.3325	42026.8075
58698	R	N+10%	-0.25	H8	escaped	H8	45804.5562	H8	45804.5562	45804.5562
58698	R	N+10%	-0.50	H1	escaped	O5	51912.0631	O5	51912.0631	51915.4108
58698	R	N+10%	-0.50	H2	escaped	O1	53911.3575	O1	53911.3575	53916.7736
58698	R	N+10%	-0.50	H3	escaped	H3	56274.0576	H3	56274.0576	56274.0817
58698	R	N+10%	-0.50	H4	escaped	O5	54272.8297	O5	54272.8297	54276.7092
58698	R	N+10%	-0.50	H5	escaped	O6	74510.6437	O6	74510.6437	74515.3582
58698	R	N+10%	-0.50	H6	escaped	H6	51115.6263	H6	51115.6263	51117.1234
58698	R	N+10%	-0.50	H7	escaped	H3	69676.8572	H3	69676.8572	69677.5342
58698	R	N+10%	-0.50	H8	escaped	H8	60843.3275	H8	60843.3275	60843.3275
58698	R	N+10%	-0.75	H1	escaped	O5	73145.0027	O5	73145.0027	73148.5055
58698	R	N+10%	-0.75	H2	escaped	O1	80115.0501	O1	80115.0501	80119.9424
58698	R	N+10%	-0.75	H3	escaped	H3	77523.8489	H3	77523.8489	77524.3777
58698	R	N+10%	-0.75	H4	escaped	O5	61973.1124	O5	61973.1124	61977.5919
58698	R	N+10%	-0.75	H5	escaped	O6	81558.6793	O6	81558.6793	81563.4789
58698	R	N+10%	-0.75	H6	escaped	O1	73408.0448	O1	73408.0448	73410.1792
58698	R	N+10%	-0.75	H7	escaped	H3	69714.1316	H3	69714.1316	69714.8806
58698	R	N+10%	-0.75	H8	escaped	H8	78218.6706	H8	78218.6706	78218.6706
58698	R	N+10%	-1.00	H1	escaped	O5	84361.1363	O5	84361.1363	84364.7294
58698	R	N+10%	-1.00	H2	escaped	O1	83563.3707	O1	83563.3707	83567.9551
58698	R	N+10%	-1.00	H3	escaped	H3	81096.3935	H3	81096.3935	81097.2998
58698	R	N+10%	-1.00	H4	escaped	O5	85941.7022	O5	85941.7022	85946.4375
58698	R	N+10%	-1.00	H5	escaped	O6	84892.6657	O6	84892.6657	84897.4745
58698	R	N+10%	-1.00	H6	escaped	O1	79739.0883	O1	79739.0883	79741.8125
58698	R	N+10%	-1.00	H7	escaped	H3	95315.5594	H3	95315.5594	95316.3580
58698	R	N+10%	-1.00	H8	escaped	H8	77726.9431	H8	77726.9431	77726.9431
58698	R	OPLS_sp3C	+0.25	carbA	own	O1	2.9334	O1	2.9334	5.4817
58698	R	OPLS_sp3C	+0.25	carbB	own	O6	3.0577	H2	2.9449	7.3905
58698	R	OPLS_sp3C	+0.25	ether	migrated	O2	2.9139	O2	2.9139	6.1215
58698	R	OPLS_sp3C	+0.25	hydroxyl	migrated	O6	3.0577	H2	2.9449	7.3905
58698	R	OPLS_sp3C	+0.50	carbA	own	O1	2.7620	O1	2.7620	6.4944
58698	R	OPLS_sp3C	+0.50	carbB	own	O6	2.9414	H2	2.8992	7.2637
58698	R	OPLS_sp3C	+0.50	ether	migrated	O2	2.7488	O2	2.7488	5.8700
58698	R	OPLS_sp3C	+0.50	hydroxyl	migrated	O6	2.9414	H2	2.8992	7.2637
58698	R	OPLS_sp3C	+0.75	carbA	own	O1	2.6746	O1	2.6746	6.5599
58698	R	OPLS_sp3C	+0.75	carbB	own	O5	2.7101	O5	2.7101	8.6598
58698	R	OPLS_sp3C	+0.75	ether	migrated	O2	2.6539	O2	2.6539	5.7228
58698	R	OPLS_sp3C	+0.75	hydroxyl	migrated	O6	2.7164	O6	2.7164	5.1506
58698	R	OPLS_sp3C	+1.00	carbA	own	O1	2.6135	O1	2.6135	6.5732
58698	R	OPLS_sp3C	+1.00	carbB	own	O5	2.6389	O5	2.6389	8.6578
58698	R	OPLS_sp3C	+1.00	ether	migrated	O2	2.5877	O2	2.5877	5.6197
58698	R	OPLS_sp3C	+1.00	hydroxyl	migrated	O6	2.6429	O6	2.6429	5.1805
58698	R	OPLS_sp3C	-0.25	H1	escaped	O5	38109.8404	O5	38109.8404	38113.1754
58698	R	OPLS_sp3C	-0.25	H2	escaped	O1	46205.8756	O1	46205.8756	46211.9113
58698	R	OPLS_sp3C	-0.25	H3	escaped	H8	41631.7491	H8	41631.7491	41631.7491
58698	R	OPLS_sp3C	-0.25	H4	escaped	H4	47265.8888	H4	47265.8888	47268.2973
58698	R	OPLS_sp3C	-0.25	H5	escaped	O6	46876.6543	O6	46876.6543	46880.9051
58698	R	OPLS_sp3C	-0.25	H6	escaped	H6	36955.9588	H6	36955.9588	36957.3822
58698	R	OPLS_sp3C	-0.25	H7	escaped	H3	46918.6166	H3	46918.6166	46919.1995
58698	R	OPLS_sp3C	-0.25	H8	escaped	H8	46392.3212	H8	46392.3212	46392.3212
58698	R	OPLS_sp3C	-0.50	H1	escaped	O5	62375.0158	O5	62375.0158	62378.6207
58698	R	OPLS_sp3C	-0.50	H2	escaped	O1	53619.7964	O1	53619.7964	53625.1838
58698	R	OPLS_sp3C	-0.50	H3	escaped	H3	56424.3265	H3	56424.3265	56424.3612
58698	R	OPLS_sp3C	-0.50	H4	escaped	O5	53961.9731	O5	53961.9731	53965.9584
58698	R	OPLS_sp3C	-0.50	H5	escaped	O6	73503.9012	O6	73503.9012	73508.6878
58698	R	OPLS_sp3C	-0.50	H6	escaped	H6	50977.7082	H6	50977.7082	50979.2395
58698	R	OPLS_sp3C	-0.50	H7	escaped	H3	63132.9856	H3	63132.9856	63133.7044
58698	R	OPLS_sp3C	-0.50	H8	escaped	H8	57710.0329	H8	57710.0329	57710.0329
58698	R	OPLS_sp3C	-0.75	H1	escaped	O5	74533.5466	O5	74533.5466	74537.2701
58698	R	OPLS_sp3C	-0.75	H2	escaped	O1	80245.5415	O1	80245.5415	80250.4198
58698	R	OPLS_sp3C	-0.75	H3	escaped	H3	77670.9144	H3	77670.9144	77671.4519
58698	R	OPLS_sp3C	-0.75	H4	escaped	O5	62142.4887	O5	62142.4887	62147.0321
58698	R	OPLS_sp3C	-0.75	H5	escaped	O6	81585.5020	O6	81585.5020	81590.3541
58698	R	OPLS_sp3C	-0.75	H6	escaped	O1	73474.6995	O1	73474.6995	73476.9277
58698	R	OPLS_sp3C	-0.75	H7	escaped	H3	83605.8201	H3	83605.8201	83606.5945
58698	R	OPLS_sp3C	-0.75	H8	escaped	H8	75692.8566	H8	75692.8566	75692.8566
58698	R	OPLS_sp3C	-1.00	H1	escaped	O5	83474.4154	O5	83474.4154	83478.2156
58698	R	OPLS_sp3C	-1.00	H2	escaped	O1	83653.4078	O1	83653.4078	83657.9826
58698	R	OPLS_sp3C	-1.00	H3	escaped	H3	81265.3378	H3	81265.3378	81266.2549
58698	R	OPLS_sp3C	-1.00	H4	escaped	O5	86111.1177	O5	86111.1177	86115.9010
58698	R	OPLS_sp3C	-1.00	H5	escaped	O6	84900.3333	O6	84900.3333	84905.1834
58698	R	OPLS_sp3C	-1.00	H6	escaped	O1	80015.0733	O1	80015.0733	80017.8559
58698	R	OPLS_sp3C	-1.00	H7	escaped	H3	95427.1276	H3	95427.1276	95427.9534
58698	R	OPLS_sp3C	-1.00	H8	escaped	H8	75846.8959	H8	75846.8959	75846.8959
58698	R	Behrens_3.55	+0.25	carbA	own	O1	2.9574	O1	2.9574	5.4648
58698	R	Behrens_3.55	+0.25	carbB	own	O6	3.0766	H2	2.9584	7.4184
58698	R	Behrens_3.55	+0.25	ether	migrated	O1	2.9574	O1	2.9574	5.4648
58698	R	Behrens_3.55	+0.25	hydroxyl	migrated	O6	3.0766	H2	2.9584	7.4184
58698	R	Behrens_3.55	+0.50	carbA	own	O1	2.7847	O1	2.7847	6.4720
58698	R	Behrens_3.55	+0.50	carbB	own	O6	2.9583	H2	2.9103	7.2909
58698	R	Behrens_3.55	+0.50	ether	migrated	O2	2.7731	O2	2.7731	5.9073
58698	R	Behrens_3.55	+0.50	hydroxyl	migrated	O6	2.9583	H2	2.9103	7.2909
58698	R	Behrens_3.55	+0.75	carbA	own	O1	2.6963	O1	2.6963	6.5540
58698	R	Behrens_3.55	+0.75	carbB	own	O5	2.7383	O5	2.7383	8.6402
58698	R	Behrens_3.55	+0.75	ether	migrated	O2	2.6773	O2	2.6773	5.7592
58698	R	Behrens_3.55	+0.75	hydroxyl	migrated	O5	2.7383	O5	2.7383	8.6402
58698	R	Behrens_3.55	+1.00	carbA	own	O1	2.6346	O1	2.6346	6.5728
58698	R	Behrens_3.55	+1.00	carbB	own	O5	2.6628	O5	2.6628	8.6652
58698	R	Behrens_3.55	+1.00	ether	migrated	O2	2.6105	O2	2.6105	5.6553
58698	R	Behrens_3.55	+1.00	hydroxyl	migrated	O5	2.6628	O5	2.6628	8.6652
58698	R	Behrens_3.55	-0.25	H1	escaped	O5	39053.9437	O5	39053.9437	39057.2439
58698	R	Behrens_3.55	-0.25	H2	escaped	O1	46242.6399	O1	46242.6399	46248.6786
58698	R	Behrens_3.55	-0.25	H3	escaped	H8	41644.9907	H8	41644.9907	41644.9907
58698	R	Behrens_3.55	-0.25	H4	escaped	H4	47292.6909	H4	47292.6909	47295.0817
58698	R	Behrens_3.55	-0.25	H5	escaped	O6	46950.4081	O6	46950.4081	46954.6429
58698	R	Behrens_3.55	-0.25	H6	escaped	H6	36974.1092	H6	36974.1092	36975.5209
58698	R	Behrens_3.55	-0.25	H7	escaped	H3	48093.5920	H3	48093.5920	48094.1748
58698	R	Behrens_3.55	-0.25	H8	escaped	H8	46628.7476	H8	46628.7476	46628.7476
58698	R	Behrens_3.55	-0.50	H1	escaped	O5	62963.8605	O5	62963.8605	62967.4345
58698	R	Behrens_3.55	-0.50	H2	escaped	O1	53665.3093	O1	53665.3093	53670.6979
58698	R	Behrens_3.55	-0.50	H3	escaped	H3	56428.9836	H3	56428.9836	56429.0164
58698	R	Behrens_3.55	-0.50	H4	escaped	O5	53981.6645	O5	53981.6645	53985.6340
58698	R	Behrens_3.55	-0.50	H5	escaped	O6	73643.9782	O6	73643.9782	73648.7505
58698	R	Behrens_3.55	-0.50	H6	escaped	H6	50936.5611	H6	50936.5611	50938.0796
58698	R	Behrens_3.55	-0.50	H7	escaped	H3	63991.2374	H3	63991.2374	63991.9574
58698	R	Behrens_3.55	-0.50	H8	escaped	H8	57822.5689	H8	57822.5689	57822.5689
58698	R	Behrens_3.55	-0.75	H1	escaped	O5	74282.8894	O5	74282.8894	74286.5823
58698	R	Behrens_3.55	-0.75	H2	escaped	O1	80284.5462	O1	80284.5462	80289.4244
58698	R	Behrens_3.55	-0.75	H3	escaped	H3	77674.2783	H3	77674.2783	77674.8147
58698	R	Behrens_3.55	-0.75	H4	escaped	O5	62161.6543	O5	62161.6543	62166.1867
58698	R	Behrens_3.55	-0.75	H5	escaped	O6	81651.5748	O6	81651.5748	81656.4154
58698	R	Behrens_3.55	-0.75	H6	escaped	O1	73401.3437	O1	73401.3437	73403.5473
58698	R	Behrens_3.55	-0.75	H7	escaped	H3	84843.0730	H3	84843.0730	84843.8483
58698	R	Behrens_3.55	-0.75	H8	escaped	H8	75787.4397	H8	75787.4397	75787.4397
58698	R	Behrens_3.55	-1.00	H1	escaped	O5	83500.7234	O5	83500.7234	83504.4931
58698	R	Behrens_3.55	-1.00	H2	escaped	O1	83689.5513	O1	83689.5513	83694.1258
58698	R	Behrens_3.55	-1.00	H3	escaped	H3	81271.9113	H3	81271.9113	81272.8280
58698	R	Behrens_3.55	-1.00	H4	escaped	O5	86138.8845	O5	86138.8845	86143.6590
58698	R	Behrens_3.55	-1.00	H5	escaped	O6	84961.0289	O6	84961.0289	84965.8697
58698	R	Behrens_3.55	-1.00	H6	escaped	O1	79988.2550	O1	79988.2550	79991.0198
58698	R	Behrens_3.55	-1.00	H7	escaped	H3	98494.6708	H3	98494.6708	98495.4959
58698	R	Behrens_3.55	-1.00	H8	escaped	H8	75918.3500	H8	75918.3500	75918.3500
58698	TS	N	+0.25	carbA	own	O1	2.9057	O1	2.9057	5.4168
58698	TS	N	+0.25	carbB	own	O6	3.0232	H2	2.9324	8.4141
58698	TS	N	+0.25	ether	migrated	O2	2.8945	O2	2.8945	6.6588
58698	TS	N	+0.25	hydroxyl	migrated	O6	3.0232	H2	2.9324	8.4141
58698	TS	N	+0.50	carbA	own	O1	2.7570	O1	2.7570	5.5274
58698	TS	N	+0.50	carbB	own	O6	2.8975	C10	2.8970	8.3575
58698	TS	N	+0.50	ether	migrated	O2	2.7332	O2	2.7332	6.3755
58698	TS	N	+0.50	hydroxyl	migrated	O6	2.7906	O6	2.7906	5.0342
58698	TS	N	+0.75	carbA	own	O1	2.6630	O1	2.6630	5.8958
58698	TS	N	+0.75	carbB	own	O6	2.6902	O6	2.6902	8.9068
58698	TS	N	+0.75	ether	migrated	O2	2.6401	O2	2.6401	6.2075
58698	TS	N	+0.75	hydroxyl	migrated	O6	2.6894	O6	2.6894	5.0876
58698	TS	N	+1.00	carbA	own	O1	2.5998	O1	2.5998	6.1160
58698	TS	N	+1.00	carbB	own	O6	2.6239	O6	2.6239	8.8604
58698	TS	N	+1.00	ether	migrated	O2	2.5752	O2	2.5752	6.0894
58698	TS	N	+1.00	hydroxyl	migrated	O6	2.6196	O6	2.6196	5.1208
58698	TS	N	-0.25	H1	escaped	O5	42966.9142	O5	42966.9142	42971.3236
58698	TS	N	-0.25	H2	escaped	O1	44524.9225	O1	44524.9225	44530.7277
58698	TS	N	-0.25	H3	escaped	H8	42512.3171	H8	42512.3171	42512.3171
58698	TS	N	-0.25	H4	escaped	H4	47389.8122	H4	47389.8122	47392.0353
58698	TS	N	-0.25	H5	escaped	O6	45481.7610	O6	45481.7610	45486.3168
58698	TS	N	-0.25	H6	escaped	H6	35928.3362	H6	35928.3362	35929.3927
58698	TS	N	-0.25	H7	escaped	H4	45408.6972	H4	45408.6972	45409.5321
58698	TS	N	-0.25	H8	escaped	H8	45755.9421	H8	45755.9421	45755.9421
58698	TS	N	-0.50	H1	escaped	O5	58059.2436	O5	58059.2436	58063.6976
58698	TS	N	-0.50	H2	escaped	O1	67036.6513	O1	67036.6513	67041.9168
58698	TS	N	-0.50	H3	escaped	H3	57887.6609	H3	57887.6609	57887.8164
58698	TS	N	-0.50	H4	escaped	O5	53450.8748	O5	53450.8748	53454.7526
58698	TS	N	-0.50	H5	escaped	O6	69366.4418	O6	69366.4418	69371.4530
58698	TS	N	-0.50	H6	escaped	H6	49834.0285	H6	49834.0285	49835.1987
58698	TS	N	-0.50	H7	escaped	H4	59731.9366	H4	59731.9366	59733.0597
58698	TS	N	-0.50	H8	escaped	H8	61624.7649	H8	61624.7649	61624.7649
58698	TS	N	-0.75	H1	escaped	O5	68981.3415	O5	68981.3415	68985.7720
58698	TS	N	-0.75	H2	escaped	O1	74819.1101	O1	74819.1101	74823.8733
58698	TS	N	-0.75	H3	escaped	H3	79813.9705	H3	79813.9705	79814.5228
58698	TS	N	-0.75	H4	escaped	O5	61320.8506	O5	61320.8506	61325.4758
58698	TS	N	-0.75	H5	escaped	O6	76324.4928	O6	76324.4928	76329.5034
58698	TS	N	-0.75	H6	escaped	O2	72424.7955	O2	72424.7955	72426.6854
58698	TS	N	-0.75	H7	escaped	H4	80236.9466	H4	80236.9466	80238.2171
58698	TS	N	-0.75	H8	escaped	H8	61815.8500	H8	61815.8500	61815.8500
58698	TS	N	-1.00	H1	escaped	O5	94622.2898	O5	94622.2898	94626.6922
58698	TS	N	-1.00	H2	escaped	O1	78154.7525	O1	78154.7525	78159.1992
58698	TS	N	-1.00	H3	escaped	H3	83182.9210	H3	83182.9210	83183.7462
58698	TS	N	-1.00	H4	escaped	O5	87520.4403	O5	87520.4403	87525.3780
58698	TS	N	-1.00	H5	escaped	O6	105092.7880	O6	105092.7880	105097.7501
58698	TS	N	-1.00	H6	escaped	O2	79764.5913	O2	79764.5913	79767.0278
58698	TS	N	-1.00	H7	escaped	H4	81961.9095	H4	81961.9095	81963.2498
58698	TS	N	-1.00	H8	escaped	H8	81997.8334	H8	81997.8334	81997.8334
58698	TS	N+5%	+0.25	carbA	own	O1	2.9837	O1	2.9837	5.4608
58698	TS	N+5%	+0.25	carbB	own	O6	3.0931	H2	2.9781	8.4954
58698	TS	N+5%	+0.25	ether	migrated	O2	2.9842	O2	2.9842	6.8068
58698	TS	N+5%	+0.25	hydroxyl	migrated	O6	3.0666	O6	3.0666	4.8937
58698	TS	N+5%	+0.50	carbA	own	O1	2.8328	O1	2.8328	5.5136
58698	TS	N+5%	+0.50	carbB	own	O6	2.9646	O6	2.9646	8.4040
58698	TS	N+5%	+0.50	ether	migrated	O2	2.8165	O2	2.8165	6.5187
58698	TS	N+5%	+0.50	hydroxyl	migrated	O6	2.8779	O6	2.8779	5.0117
58698	TS	N+5%	+0.75	carbA	own	O1	2.7416	O1	2.7416	5.6568
58698	TS	N+5%	+0.75	carbB	own	O6	2.7956	O6	2.7956	8.8405
58698	TS	N+5%	+0.75	ether	migrated	O2	2.7199	O2	2.7199	6.3473
58698	TS	N+5%	+0.75	hydroxyl	migrated	O6	2.7731	O6	2.7731	5.0653
58698	TS	N+5%	+1.00	carbA	own	O1	2.6740	O1	2.6740	5.9347
58698	TS	N+5%	+1.00	carbB	own	O6	2.7039	O6	2.7039	8.9157
58698	TS	N+5%	+1.00	ether	migrated	O2	2.6525	O2	2.6525	6.2263
58698	TS	N+5%	+1.00	hydroxyl	migrated	O6	2.7009	O6	2.7009	5.0983
58698	TS	N+5%	-0.25	H1	escaped	O5	41582.3881	O5	41582.3881	41586.6977
58698	TS	N+5%	-0.25	H2	escaped	O1	44803.8184	O1	44803.8184	44809.6532
58698	TS	N+5%	-0.25	H3	escaped	H8	42553.2726	H8	42553.2726	42553.2726
58698	TS	N+5%	-0.25	H4	escaped	H4	47477.2784	H4	47477.2784	47479.4207
58698	TS	N+5%	-0.25	H5	escaped	O6	45809.9387	O6	45809.9387	45814.4507
58698	TS	N+5%	-0.25	H6	escaped	H6	36030.9400	H6	36030.9400	36031.9564
58698	TS	N+5%	-0.25	H7	escaped	H4	47004.2731	H4	47004.2731	47005.0863
58698	TS	N+5%	-0.25	H8	escaped	H8	45464.0267	H8	45464.0267	45464.0267
58698	TS	N+5%	-0.50	H1	escaped	O5	54419.5582	O5	54419.5582	54423.9461
58698	TS	N+5%	-0.50	H2	escaped	O1	67367.0075	O1	67367.0075	67372.2981
58698	TS	N+5%	-0.50	H3	escaped	H3	57905.8636	H3	57905.8636	57906.0152
58698	TS	N+5%	-0.50	H4	escaped	O5	53409.8983	O5	53409.8983	53413.7015
58698	TS	N+5%	-0.50	H5	escaped	O6	69835.8195	O6	69835.8195	69840.7816
58698	TS	N+5%	-0.50	H6	escaped	H6	49724.2549	H6	49724.2549	49725.3789
58698	TS	N+5%	-0.50	H7	escaped	H4	61942.7263	H4	61942.7263	61943.8515
58698	TS	N+5%	-0.50	H8	escaped	H8	61473.7270	H8	61473.7270	61473.7270
58698	TS	N+5%	-0.75	H1	escaped	O5	68971.0153	O5	68971.0153	68975.3951
58698	TS	N+5%	-0.75	H2	escaped	O1	74912.5183	O1	74912.5183	74917.3001
58698	TS	N+5%	-0.75	H3	escaped	H3	79847.7477	H3	79847.7477	79848.2988
58698	TS	N+5%	-0.75	H4	escaped	O5	61304.0004	O5	61304.0004	61308.5787
58698	TS	N+5%	-0.75	H5	escaped	O6	76461.3266	O6	76461.3266	76466.2958
58698	TS	N+5%	-0.75	H6	escaped	O2	72203.8528	O2	72203.8528	72205.6783
58698	TS	N+5%	-0.75	H7	escaped	H4	89201.8663	H4	89201.8663	89203.1419
58698	TS	N+5%	-0.75	H8	escaped	H8	61715.4637	H8	61715.4637	61715.4637
58698	TS	N+5%	-1.00	H1	escaped	O5	96382.8741	O5	96382.8741	96387.2364
58698	TS	N+5%	-1.00	H2	escaped	O1	78227.7781	O1	78227.7781	78232.2411
58698	TS	N+5%	-1.00	H3	escaped	H3	83237.7639	H3	83237.7639	83238.5890
58698	TS	N+5%	-1.00	H4	escaped	O5	87529.1555	O5	87529.1555	87534.0582
58698	TS	N+5%	-1.00	H5	escaped	O6	105238.3712	O6	105238.3712	105243.2992
58698	TS	N+5%	-1.00	H6	escaped	O2	79567.2660	O2	79567.2660	79569.6593
58698	TS	N+5%	-1.00	H7	escaped	H4	105075.4502	H4	105075.4502	105076.7852
58698	TS	N+5%	-1.00	H8	escaped	H8	81895.4022	H8	81895.4022	81895.4022
58698	TS	N+10%	+0.25	carbA	own	O1	3.0618	H6	3.0602	5.5094
58698	TS	N+10%	+0.25	carbB	own	O6	3.1637	H2	3.0286	8.5787
58698	TS	N+10%	+0.25	ether	migrated	O2	3.0758	O2	3.0758	6.9588
58698	TS	N+10%	+0.25	hydroxyl	migrated	O6	3.1637	H2	3.0286	8.5787
58698	TS	N+10%	+0.50	carbA	own	O1	2.9078	O1	2.9078	5.5326
58698	TS	N+10%	+0.50	carbB	own	O6	3.0314	H2	3.0127	8.4691
58698	TS	N+10%	+0.50	ether	migrated	O2	2.9011	O2	2.9011	6.6636
58698	TS	N+10%	+0.50	hydroxyl	migrated	O6	2.9652	O6	2.9652	4.9923
58698	TS	N+10%	+0.75	carbA	own	O1	2.8165	O1	2.8165	5.5917
58698	TS	N+10%	+0.75	carbB	own	O6	2.9516	O6	2.9516	8.4253
58698	TS	N+10%	+0.75	ether	migrated	O2	2.8008	O2	2.8008	6.4885
58698	TS	N+10%	+0.75	hydroxyl	migrated	O6	2.8572	O6	2.8572	5.0453
58698	TS	N+10%	+1.00	carbA	own	O1	2.7501	O1	2.7501	5.7194
58698	TS	N+10%	+1.00	carbB	own	O6	2.8870	O6	2.8870	8.4452
58698	TS	N+10%	+1.00	ether	migrated	O2	2.7309	O2	2.7309	6.3645
58698	TS	N+10%	+1.00	hydroxyl	migrated	O6	2.7826	O6	2.7826	5.0779
58698	TS	N+10%	-0.25	H1	escaped	O5	34335.9226	O5	34335.9226	34340.1181
58698	TS	N+10%	-0.25	H2	escaped	O1	45166.3733	O1	45166.3733	45172.2501
58698	TS	N+10%	-0.25	H3	escaped	H8	42640.5977	H8	42640.5977	42640.5977
58698	TS	N+10%	-0.25	H4	escaped	H4	47515.7622	H4	47515.7622	47517.7725
58698	TS	N+10%	-0.25	H5	escaped	O6	46234.3652	O6	46234.3652	46238.8052
58698	TS	N+10%	-0.25	H6	escaped	H6	36120.3661	H6	36120.3661	36121.3136
58698	TS	N+10%	-0.25	H7	escaped	H4	48365.9366	H4	48365.9366	48366.7188
58698	TS	N+10%	-0.25	H8	escaped	H8	44530.8318	H8	44530.8318	44530.8318
58698	TS	N+10%	-0.50	H1	escaped	O5	50788.2925	O5	50788.2925	50792.6123
58698	TS	N+10%	-0.50	H2	escaped	O1	67853.3236	O1	67853.3236	67858.6468
58698	TS	N+10%	-0.50	H3	escaped	H3	57940.0299	H3	57940.0299	57940.1731
58698	TS	N+10%	-0.50	H4	escaped	O5	53280.3806	O5	53280.3806	53284.0624
58698	TS	N+10%	-0.50	H5	escaped	O6	70512.6629	O6	70512.6629	70517.5478
58698	TS	N+10%	-0.50	H6	escaped	H6	49497.7236	H6	49497.7236	49498.7656
58698	TS	N+10%	-0.50	H7	escaped	H4	63843.8637	H4	63843.8637	63844.9790
58698	TS	N+10%	-0.50	H8	escaped	H8	61325.5510	H8	61325.5510	61325.5510
58698	TS	N+10%	-0.75	H1	escaped	O5	65809.6117	O5	65809.6117	65813.9305
58698	TS	N+10%	-0.75	H2	escaped	O1	75102.5744	O1	75102.5744	75107.3805
58698	TS	N+10%	-0.75	H3	escaped	H3	79906.0616	H3	79906.0616	79906.6098
58698	TS	N+10%	-0.75	H4	escaped	O5	61210.7379	O5	61210.7379	61215.2417
58698	TS	N+10%	-0.75	H5	escaped	O6	76711.9756	O6	76711.9756	76716.8805
58698	TS	N+10%	-0.75	H6	escaped	O2	71789.8700	O2	71789.8700	71791.5832
58698	TS	N+10%	-0.75	H7	escaped	H4	86274.4183	H4	86274.4183	86275.6897
58698	TS	N+10%	-0.75	H8	escaped	H8	61617.3655	H8	61617.3655	61617.3655
58698	TS	N+10%	-1.00	H1	escaped	O5	74751.2780	O5	74751.2780	74755.5876
58698	TS	N+10%	-1.00	H2	escaped	O1	78377.7042	O1	78377.7042	78382.1888
58698	TS	N+10%	-1.00	H3	escaped	H3	83339.6698	H3	83339.6698	83340.4948
58698	TS	N+10%	-1.00	H4	escaped	O5	87571.9426	O5	87571.9426	87576.7900
58698	TS	N+10%	-1.00	H5	escaped	O6	105508.7762	O6	105508.7762	105513.6515
58698	TS	N+10%	-1.00	H6	escaped	O2	79200.0792	O2	79200.0792	79202.3975
58698	TS	N+10%	-1.00	H7	escaped	H4	81535.3283	H4	81535.3283	81536.6661
58698	TS	N+10%	-1.00	H8	escaped	H8	81795.5474	H8	81795.5474	81795.5474
58698	TS	OPLS_sp3C	+0.25	carbA	own	O1	2.9219	O1	2.9219	5.5036
58698	TS	OPLS_sp3C	+0.25	carbB	own	O6	3.0424	H2	2.9951	8.4672
58698	TS	OPLS_sp3C	+0.25	ether	migrated	O2	2.9160	O2	2.9160	6.6901
58698	TS	OPLS_sp3C	+0.25	hydroxyl	migrated	O6	3.0424	H2	2.9951	8.4672
58698	TS	OPLS_sp3C	+0.50	carbA	own	O1	2.7667	O1	2.7667	5.6392
58698	TS	OPLS_sp3C	+0.50	carbB	own	O6	2.9058	O6	2.9058	8.4128
58698	TS	OPLS_sp3C	+0.50	ether	migrated	O2	2.7471	O2	2.7471	6.3943
58698	TS	OPLS_sp3C	+0.50	hydroxyl	migrated	O6	2.8009	O6	2.8009	5.0622
58698	TS	OPLS_sp3C	+0.75	carbA	own	O1	2.6719	O1	2.6719	5.9782
58698	TS	OPLS_sp3C	+0.75	carbB	own	O6	2.7023	O6	2.7023	8.9165
58698	TS	OPLS_sp3C	+0.75	ether	migrated	O2	2.6509	O2	2.6509	6.2221
58698	TS	OPLS_sp3C	+0.75	hydroxyl	migrated	O6	2.6984	O6	2.6984	5.1065
58698	TS	OPLS_sp3C	+1.00	carbA	own	O1	2.6083	O1	2.6083	6.1447
58698	TS	OPLS_sp3C	+1.00	carbB	own	O6	2.6337	O6	2.6337	8.8700
58698	TS	OPLS_sp3C	+1.00	ether	migrated	O2	2.5842	O2	2.5842	6.1020
58698	TS	OPLS_sp3C	+1.00	hydroxyl	migrated	O6	2.6276	O6	2.6276	5.1347
58698	TS	OPLS_sp3C	-0.25	H1	escaped	O5	42521.7890	O5	42521.7890	42526.1563
58698	TS	OPLS_sp3C	-0.25	H2	escaped	O1	44437.9901	O1	44437.9901	44443.8163
58698	TS	OPLS_sp3C	-0.25	H3	escaped	H8	42777.4676	H8	42777.4676	42777.4676
58698	TS	OPLS_sp3C	-0.25	H4	escaped	H4	47004.3798	H4	47004.3798	47006.5597
58698	TS	OPLS_sp3C	-0.25	H5	escaped	O6	45440.8211	O6	45440.8211	45445.3623
58698	TS	OPLS_sp3C	-0.25	H6	escaped	H6	35621.3132	H6	35621.3132	35622.3118
58698	TS	OPLS_sp3C	-0.25	H7	escaped	H4	43143.2427	H4	43143.2427	43144.1938
58698	TS	OPLS_sp3C	-0.25	H8	escaped	H8	46351.2906	H8	46351.2906	46351.2906
58698	TS	OPLS_sp3C	-0.50	H1	escaped	O5	56502.6721	O5	56502.6721	56507.0838
58698	TS	OPLS_sp3C	-0.50	H2	escaped	O1	67348.5076	O1	67348.5076	67353.7672
58698	TS	OPLS_sp3C	-0.50	H3	escaped	H3	58084.7480	H3	58084.7480	58084.9109
58698	TS	OPLS_sp3C	-0.50	H4	escaped	O5	53204.8455	O5	53204.8455	53208.6811
58698	TS	OPLS_sp3C	-0.50	H5	escaped	O6	69755.9471	O6	69755.9471	69760.9027
58698	TS	OPLS_sp3C	-0.50	H6	escaped	H6	49452.1294	H6	49452.1294	49453.2160
58698	TS	OPLS_sp3C	-0.50	H7	escaped	H4	58177.9712	H4	58177.9712	58179.1649
58698	TS	OPLS_sp3C	-0.50	H8	escaped	H8	61984.5070	H8	61984.5070	61984.5070
58698	TS	OPLS_sp3C	-0.75	H1	escaped	O5	69755.7245	O5	69755.7245	69760.1207
58698	TS	OPLS_sp3C	-0.75	H2	escaped	O1	75299.2181	O1	75299.2181	75303.9772
58698	TS	OPLS_sp3C	-0.75	H3	escaped	H3	80085.6496	H3	80085.6496	80086.2105
58698	TS	OPLS_sp3C	-0.75	H4	escaped	O5	61111.4845	O5	61111.4845	61116.0800
58698	TS	OPLS_sp3C	-0.75	H5	escaped	O6	76845.4345	O6	76845.4345	76850.3928
58698	TS	OPLS_sp3C	-0.75	H6	escaped	O2	71970.6261	O2	71970.6261	71972.4316
58698	TS	OPLS_sp3C	-0.75	H7	escaped	H4	80056.0093	H4	80056.0093	80057.3299
58698	TS	OPLS_sp3C	-0.75	H8	escaped	H8	62057.6759	H8	62057.6759	62057.6759
58698	TS	OPLS_sp3C	-1.00	H1	escaped	O5	95596.3295	O5	95596.3295	95600.7031
58698	TS	OPLS_sp3C	-1.00	H2	escaped	O1	78538.1636	O1	78538.1636	78542.6096
58698	TS	OPLS_sp3C	-1.00	H3	escaped	H3	83521.9045	H3	83521.9045	83522.7394
58698	TS	OPLS_sp3C	-1.00	H4	escaped	O5	87799.2201	O5	87799.2201	87804.1307
58698	TS	OPLS_sp3C	-1.00	H5	escaped	O6	105658.9476	O6	105658.9476	105663.8653
58698	TS	OPLS_sp3C	-1.00	H6	escaped	O2	79391.8906	O2	79391.8906	79394.2673
58698	TS	OPLS_sp3C	-1.00	H7	escaped	H4	84606.3991	H4	84606.3991	84607.7833
58698	TS	OPLS_sp3C	-1.00	H8	escaped	H8	82246.3094	H8	82246.3094	82246.3094
58698	TS	Behrens_3.55	+0.25	carbA	own	O1	2.9453	O1	2.9453	5.5146
58698	TS	Behrens_3.55	+0.25	carbB	own	O6	3.0633	H2	3.0063	8.4901
58698	TS	Behrens_3.55	+0.25	ether	migrated	O2	2.9428	O2	2.9428	6.7355
58698	TS	Behrens_3.55	+0.25	hydroxyl	migrated	O6	3.0117	O6	3.0117	4.9619
58698	TS	Behrens_3.55	+0.50	carbA	own	O1	2.7897	O1	2.7897	5.6183
58698	TS	Behrens_3.55	+0.50	carbB	own	O6	2.9273	O6	2.9273	8.4178
58698	TS	Behrens_3.55	+0.50	ether	migrated	O2	2.7718	O2	2.7718	6.4376
58698	TS	Behrens_3.55	+0.50	hydroxyl	migrated	O6	2.8266	O6	2.8266	5.0562
58698	TS	Behrens_3.55	+0.75	carbA	own	O1	2.6948	O1	2.6948	5.9124
58698	TS	Behrens_3.55	+0.75	carbB	own	O6	2.7283	O6	2.7283	8.9241
58698	TS	Behrens_3.55	+0.75	ether	migrated	O2	2.6746	O2	2.6746	6.2641
58698	TS	Behrens_3.55	+0.75	hydroxyl	migrated	O6	2.7231	O6	2.7231	5.1003
58698	TS	Behrens_3.55	+1.00	carbA	own	O1	2.6299	O1	2.6299	6.1092
58698	TS	Behrens_3.55	+1.00	carbB	own	O6	2.6569	O6	2.6569	8.8893
58698	TS	Behrens_3.55	+1.00	ether	migrated	O2	2.6071	O2	2.6071	6.1429
58698	TS	Behrens_3.55	+1.00	hydroxyl	migrated	O6	2.6516	O6	2.6516	5.1282
58698	TS	Behrens_3.55	-0.25	H1	escaped	O5	42165.7213	O5	42165.7213	42170.0623
58698	TS	Behrens_3.55	-0.25	H2	escaped	O1	44503.7694	O1	44503.7694	44509.6044
58698	TS	Behrens_3.55	-0.25	H3	escaped	H8	42794.9238	H8	42794.9238	42794.9238
58698	TS	Behrens_3.55	-0.25	H4	escaped	H4	47008.3408	H4	47008.3408	47010.4947
58698	TS	Behrens_3.55	-0.25	H5	escaped	O6	45519.5560	O6	45519.5560	45524.0824
58698	TS	Behrens_3.55	-0.25	H6	escaped	H6	35635.5831	H6	35635.5831	35636.5676
58698	TS	Behrens_3.55	-0.25	H7	escaped	H4	43557.1486	H4	43557.1486	43558.0999
58698	TS	Behrens_3.55	-0.25	H8	escaped	H8	46308.4285	H8	46308.4285	46308.4285
58698	TS	Behrens_3.55	-0.50	H1	escaped	O5	55521.4748	O5	55521.4748	55525.8681
58698	TS	Behrens_3.55	-0.50	H2	escaped	O1	67443.0998	O1	67443.0998	67448.3662
58698	TS	Behrens_3.55	-0.50	H3	escaped	H3	58089.9515	H3	58089.9515	58090.1122
58698	TS	Behrens_3.55	-0.50	H4	escaped	O5	53179.1433	O5	53179.1433	53182.9553
58698	TS	Behrens_3.55	-0.50	H5	escaped	O6	69888.3144	O6	69888.3144	69893.2543
58698	TS	Behrens_3.55	-0.50	H6	escaped	H6	49404.8378	H6	49404.8378	49405.9075
58698	TS	Behrens_3.55	-0.50	H7	escaped	H4	58799.9865	H4	58799.9865	58801.1862
58698	TS	Behrens_3.55	-0.50	H8	escaped	H8	61957.6446	H8	61957.6446	61957.6446
58698	TS	Behrens_3.55	-0.75	H1	escaped	O5	69694.4546	O5	69694.4546	69698.8366
58698	TS	Behrens_3.55	-0.75	H2	escaped	O1	75339.3363	O1	75339.3363	75344.1004
58698	TS	Behrens_3.55	-0.75	H3	escaped	H3	80095.2775	H3	80095.2775	80095.8375
58698	TS	Behrens_3.55	-0.75	H4	escaped	O5	61093.8183	O5	61093.8183	61098.3991
58698	TS	Behrens_3.55	-0.75	H5	escaped	O6	76898.3303	O6	76898.3303	76903.2755
58698	TS	Behrens_3.55	-0.75	H6	escaped	O2	71887.1320	O2	71887.1320	71888.9147
58698	TS	Behrens_3.55	-0.75	H7	escaped	H4	83689.2443	H4	83689.2443	83690.5703
58698	TS	Behrens_3.55	-0.75	H8	escaped	H8	62039.5593	H8	62039.5593	62039.5593
58698	TS	Behrens_3.55	-1.00	H1	escaped	O5	96103.3071	O5	96103.3071	96107.6692
58698	TS	Behrens_3.55	-1.00	H2	escaped	O1	78570.0388	O1	78570.0388	78574.4892
58698	TS	Behrens_3.55	-1.00	H3	escaped	H3	83541.5777	H3	83541.5777	83542.4124
58698	TS	Behrens_3.55	-1.00	H4	escaped	O5	87809.4925	O5	87809.4925	87814.3922
58698	TS	Behrens_3.55	-1.00	H5	escaped	O6	105716.2664	O6	105716.2664	105721.1733
58698	TS	Behrens_3.55	-1.00	H6	escaped	O2	79318.6928	O2	79318.6928	79321.0542
58698	TS	Behrens_3.55	-1.00	H7	escaped	H4	84450.3599	H4	84450.3599	84451.7447
58698	TS	Behrens_3.55	-1.00	H8	escaped	H8	82227.7239	H8	82227.7239	82227.7239
59999	R	N	+0.25	carbA	own	O1	2.9093	O1	2.9093	5.2509
59999	R	N	+0.25	carbB	own	O6	2.9545	H1	2.9193	8.1693
59999	R	N	+0.25	ether	migrated	O2	2.9090	O2	2.9090	6.0763
59999	R	N	+0.25	hydroxyl	migrated	O6	2.9545	H1	2.9193	8.1693
59999	R	N	+0.50	carbA	own	O1	2.7439	O1	2.7439	6.2841
59999	R	N	+0.50	carbB	own	O6	2.8323	O6	2.8323	8.0683
59999	R	N	+0.50	ether	migrated	O2	2.7491	O2	2.7491	5.8420
59999	R	N	+0.50	hydroxyl	migrated	O6	2.8323	O6	2.8323	8.0683
59999	R	N	+0.75	carbA	own	O1	2.6594	O1	2.6594	6.3969
59999	R	N	+0.75	carbB	own	O6	2.7609	O6	2.7609	8.0402
59999	R	N	+0.75	ether	migrated	O2	2.6559	O2	2.6559	5.7016
59999	R	N	+0.75	hydroxyl	migrated	O6	2.7609	O6	2.7609	8.0402
59999	R	N	+1.00	carbA	own	O1	2.6003	O1	2.6003	6.4212
59999	R	N	+1.00	carbB	own	O6	2.7044	O6	2.7044	8.0757
59999	R	N	+1.00	ether	migrated	O2	2.5905	O2	2.5905	5.6019
59999	R	N	+1.00	hydroxyl	migrated	O6	2.7044	O6	2.7044	8.0757
59999	R	N	-0.25	H1	escaped	O5	45779.5531	O5	45779.5531	45781.7033
59999	R	N	-0.25	H2	escaped	O1	45436.4825	O1	45436.4825	45442.3577
59999	R	N	-0.25	H3	escaped	H8	41485.1315	H8	41485.1315	41485.1315
59999	R	N	-0.25	H4	escaped	H4	46892.1870	H4	46892.1870	46894.3975
59999	R	N	-0.25	H5	escaped	O6	46373.7457	O6	46373.7457	46378.1053
59999	R	N	-0.25	H6	escaped	H6	37439.5873	H6	37439.5873	37440.9103
59999	R	N	-0.25	H7	escaped	H3	46613.0713	H3	46613.0713	46613.4969
59999	R	N	-0.25	H8	escaped	H8	45775.1203	H8	45775.1203	45775.1203
59999	R	N	-0.50	H1	escaped	O5	58603.3099	O5	58603.3099	58605.8202
59999	R	N	-0.50	H2	escaped	O1	52492.6748	O1	52492.6748	52497.7937
59999	R	N	-0.50	H3	escaped	H3	56568.3642	H3	56568.3642	56568.3759
59999	R	N	-0.50	H4	escaped	O5	53315.0566	O5	53315.0566	53318.9640
59999	R	N	-0.50	H5	escaped	O6	72217.7798	O6	72217.7798	72222.9248
59999	R	N	-0.50	H6	escaped	H6	50595.8326	H6	50595.8326	50597.1994
59999	R	N	-0.50	H7	escaped	H3	62973.9137	H3	62973.9137	62974.5076
59999	R	N	-0.50	H8	escaped	H8	56068.1271	H8	56068.1271	56068.1271
59999	R	N	-0.75	H1	escaped	O5	73108.0170	O5	73108.0170	73110.6494
59999	R	N	-0.75	H2	escaped	O1	78555.8543	O1	78555.8543	78560.4160
59999	R	N	-0.75	H3	escaped	H3	78082.7352	H3	78082.7352	78083.2273
59999	R	N	-0.75	H4	escaped	O5	61420.8006	O5	61420.8006	61425.3522
59999	R	N	-0.75	H5	escaped	O6	81398.3249	O6	81398.3249	81403.5964
59999	R	N	-0.75	H6	escaped	O1	71462.5332	O1	71462.5332	71463.9775
59999	R	N	-0.75	H7	escaped	H3	84724.9698	H3	84724.9698	84725.6095
59999	R	N	-0.75	H8	escaped	H8	73342.3058	H8	73342.3058	73342.3058
59999	R	N	-1.00	H1	escaped	O5	84410.7140	O5	84410.7140	84413.4138
59999	R	N	-1.00	H2	escaped	O1	81977.5010	O1	81977.5010	81981.7357
59999	R	N	-1.00	H3	escaped	H3	81585.2612	H3	81585.2612	81586.0956
59999	R	N	-1.00	H4	escaped	O5	65827.5395	O5	65827.5395	65832.3583
59999	R	N	-1.00	H5	escaped	O6	84941.2943	O6	84941.2943	84946.5823
59999	R	N	-1.00	H6	escaped	O1	77497.5415	O1	77497.5415	77499.5675
59999	R	N	-1.00	H7	escaped	H3	93726.7109	H3	93726.7109	93727.4307
59999	R	N	-1.00	H8	escaped	H8	97339.4441	H8	97339.4441	97339.4441
59999	R	N+5%	+0.25	carbA	own	O1	2.9869	O1	2.9869	5.2865
59999	R	N+5%	+0.25	carbB	own	O6	3.0268	H1	2.9899	8.2603
59999	R	N+5%	+0.25	ether	migrated	O2	2.9980	O2	2.9980	6.2041
59999	R	N+5%	+0.25	hydroxyl	migrated	O6	3.0268	H1	2.9899	8.2603
59999	R	N+5%	+0.50	carbA	own	O1	2.8221	O1	2.8221	6.0380
59999	R	N+5%	+0.50	carbB	own	O6	2.8985	O6	2.8985	8.1418
59999	R	N+5%	+0.50	ether	migrated	O2	2.8328	O2	2.8328	5.9669
59999	R	N+5%	+0.50	hydroxyl	own	O4	3.1389	C6	3.0478	3.9160
59999	R	N+5%	+0.75	carbA	own	O1	2.7324	O1	2.7324	6.3507
59999	R	N+5%	+0.75	carbB	own	O6	2.8241	O6	2.8241	8.0871
59999	R	N+5%	+0.75	ether	migrated	O2	2.7364	O2	2.7364	5.8239
59999	R	N+5%	+0.75	hydroxyl	migrated	O6	2.8241	O6	2.8241	8.0871
59999	R	N+5%	+1.00	carbA	own	O1	2.6713	O1	2.6713	6.4075
59999	R	N+5%	+1.00	carbB	own	O6	2.7711	O6	2.7711	8.0679
59999	R	N+5%	+1.00	ether	migrated	O2	2.6687	O2	2.6687	5.7220
59999	R	N+5%	+1.00	hydroxyl	migrated	O6	2.7711	O6	2.7711	8.0679
59999	R	N+5%	-0.25	H1	escaped	O5	45800.3183	O5	45800.3183	45802.3565
59999	R	N+5%	-0.25	H2	escaped	O1	45620.6495	O1	45620.6495	45626.5367
59999	R	N+5%	-0.25	H3	escaped	H8	41508.6605	H8	41508.6605	41508.6605
59999	R	N+5%	-0.25	H4	escaped	H4	47016.4019	H4	47016.4019	47018.5463
59999	R	N+5%	-0.25	H5	escaped	O6	46634.6523	O6	46634.6523	46638.9509
59999	R	N+5%	-0.25	H6	escaped	H6	37581.9108	H6	37581.9108	37583.2014
59999	R	N+5%	-0.25	H7	escaped	H3	49936.8034	H3	49936.8034	49937.2130
59999	R	N+5%	-0.25	H8	escaped	H8	45577.8418	H8	45577.8418	45577.8418
59999	R	N+5%	-0.50	H1	escaped	O5	61233.5140	O5	61233.5140	61235.9570
59999	R	N+5%	-0.50	H2	escaped	O1	52677.8896	O1	52677.8896	52683.0144
59999	R	N+5%	-0.50	H3	escaped	H3	56584.9236	H3	56584.9236	56584.9346
59999	R	N+5%	-0.50	H4	escaped	O5	53347.8780	O5	53347.8780	53351.7239
59999	R	N+5%	-0.50	H5	escaped	O6	72620.3533	O6	72620.3533	72625.4454
59999	R	N+5%	-0.50	H6	escaped	H6	50528.0228	H6	50528.0228	50529.3484
59999	R	N+5%	-0.50	H7	escaped	H3	66849.7405	H3	66849.7405	66850.3293
59999	R	N+5%	-0.50	H8	escaped	H8	56620.8655	H8	56620.8655	56620.8655
59999	R	N+5%	-0.75	H1	escaped	O5	73792.2795	O5	73792.2795	73794.8520
59999	R	N+5%	-0.75	H2	escaped	O1	78656.2560	O1	78656.2560	78660.8188
59999	R	N+5%	-0.75	H3	escaped	H3	78110.5463	H3	78110.5463	78111.0389
59999	R	N+5%	-0.75	H4	escaped	O5	61495.6192	O5	61495.6192	61500.1291
59999	R	N+5%	-0.75	H5	escaped	O6	81551.6918	O6	81551.6918	81556.9212
59999	R	N+5%	-0.75	H6	escaped	O1	71218.2648	O1	71218.2648	71219.6031
59999	R	N+5%	-0.75	H7	escaped	H3	86534.7165	H3	86534.7165	86535.3547
59999	R	N+5%	-0.75	H8	escaped	H8	73799.1347	H8	73799.1347	73799.1347
59999	R	N+5%	-1.00	H1	escaped	O5	84118.3800	O5	84118.3800	84121.0208
59999	R	N+5%	-1.00	H2	escaped	O1	82067.9540	O1	82067.9540	82072.1896
59999	R	N+5%	-1.00	H3	escaped	H3	81619.5822	H3	81619.5822	81620.4174
59999	R	N+5%	-1.00	H4	escaped	O5	65850.8805	O5	65850.8805	65855.6673
59999	R	N+5%	-1.00	H5	escaped	O6	85082.5543	O6	85082.5543	85087.8078
59999	R	N+5%	-1.00	H6	escaped	O1	77228.8096	O1	77228.8096	77230.7512
59999	R	N+5%	-1.00	H7	escaped	H3	91559.2937	H3	91559.2937	91560.0053
59999	R	N+5%	-1.00	H8	escaped	H8	97795.3462	H8	97795.3462	97795.3462
59999	R	N+10%	+0.25	carbA	own	O1	3.0646	O1	3.0646	5.3314
59999	R	N+10%	+0.25	carbB	own	O6	3.0999	H1	3.0631	8.3524
59999	R	N+10%	+0.25	ether	migrated	O2	3.0879	O2	3.0879	6.3326
59999	R	N+10%	+0.25	hydroxyl	migrated	O6	3.1353	O6	3.1353	5.7563
59999	R	N+10%	+0.50	carbA	own	O1	2.9089	O1	2.9089	5.4523
59999	R	N+10%	+0.50	carbB	own	O6	2.9662	O6	2.9662	8.2218
59999	R	N+10%	+0.50	ether	migrated	O2	2.9174	O2	2.9174	6.0924
59999	R	N+10%	+0.50	hydroxyl	own	O4	3.2619	C6	3.1119	4.0350
59999	R	N+10%	+0.75	carbA	own	O1	2.8063	O1	2.8063	6.2402
59999	R	N+10%	+0.75	carbB	own	O6	2.8883	O6	2.8883	8.1524
59999	R	N+10%	+0.75	ether	migrated	O2	2.8177	O2	2.8177	5.9468
59999	R	N+10%	+0.75	hydroxyl	own	O4	3.1410	C6	3.0388	3.9213
59999	R	N+10%	+1.00	carbA	own	O1	2.7427	O1	2.7427	6.3664
59999	R	N+10%	+1.00	carbB	own	O6	2.8337	O6	2.8337	8.1128
59999	R	N+10%	+1.00	ether	migrated	O2	2.7477	O2	2.7477	5.8427
59999	R	N+10%	+1.00	hydroxyl	own	O4	3.0551	C6	2.9860	3.8408
59999	R	N+10%	-0.25	H1	escaped	O5	45861.5295	O5	45861.5295	45863.4650
59999	R	N+10%	-0.25	H2	escaped	O1	45841.4869	O1	45841.4869	45847.3902
59999	R	N+10%	-0.25	H3	escaped	H8	41582.9830	H8	41582.9830	41582.9830
59999	R	N+10%	-0.25	H4	escaped	H4	47114.1360	H4	47114.1360	47116.1726
59999	R	N+10%	-0.25	H5	escaped	O6	46944.8327	O6	46944.8327	46949.0293
59999	R	N+10%	-0.25	H6	escaped	H6	37722.7657	H6	37722.7657	37724.0003
59999	R	N+10%	-0.25	H7	escaped	H3	53290.8327	H3	53290.8327	53291.2198
59999	R	N+10%	-0.25	H8	escaped	H8	45329.3797	H8	45329.3797	45329.3797
59999	R	N+10%	-0.50	H1	escaped	O5	64303.8632	O5	64303.8632	64306.2486
59999	R	N+10%	-0.50	H2	escaped	O1	52930.0902	O1	52930.0902	52935.2217
59999	R	N+10%	-0.50	H3	escaped	H3	56630.0849	H3	56630.0849	56630.0940
59999	R	N+10%	-0.50	H4	escaped	O5	53338.0690	O5	53338.0690	53341.8160
59999	R	N+10%	-0.50	H5	escaped	O6	73151.8114	O6	73151.8114	73156.8190
59999	R	N+10%	-0.50	H6	escaped	H6	50370.8905	H6	50370.8905	50372.1432
59999	R	N+10%	-0.50	H7	escaped	H3	71952.7689	H3	71952.7689	71953.3491
59999	R	N+10%	-0.50	H8	escaped	H8	57194.8126	H8	57194.8126	57194.8126
59999	R	N+10%	-0.75	H1	escaped	O5	74472.9507	O5	74472.9507	74475.4734
59999	R	N+10%	-0.75	H2	escaped	O1	78842.8755	O1	78842.8755	78847.4386
59999	R	N+10%	-0.75	H3	escaped	H3	78174.5809	H3	78174.5809	78175.0746
59999	R	N+10%	-0.75	H4	escaped	O5	61547.3833	O5	61547.3833	61551.8276
59999	R	N+10%	-0.75	H5	escaped	O6	81816.4260	O6	81816.4260	81821.5892
59999	R	N+10%	-0.75	H6	escaped	H6	70770.0797	H6	70770.0797	70771.2751
59999	R	N+10%	-0.75	H7	escaped	H3	88182.4789	H3	88182.4789	88183.1124
59999	R	N+10%	-0.75	H8	escaped	H8	74262.0465	H8	74262.0465	74262.0465
59999	R	N+10%	-1.00	H1	escaped	O5	83937.7997	O5	83937.7997	83940.3920
59999	R	N+10%	-1.00	H2	escaped	O1	82234.4032	O1	82234.4032	82238.6390
59999	R	N+10%	-1.00	H3	escaped	H3	81702.6460	H3	81702.6460	81703.4838
59999	R	N+10%	-1.00	H4	escaped	O5	65910.2921	O5	65910.2921	65915.0289
59999	R	N+10%	-1.00	H5	escaped	O6	85327.1862	O6	85327.1862	85332.3862
59999	R	N+10%	-1.00	H6	escaped	O2	76744.8989	O2	76744.8989	76746.7289
59999	R	N+10%	-1.00	H7	escaped	H3	96947.9270	H3	96947.9270	96948.6291
59999	R	N+10%	-1.00	H8	escaped	H8	74166.6310	H8	74166.6310	74166.6310
59999	R	OPLS_sp3C	+0.25	carbA	own	O1	2.9239	O1	2.9239	5.3762
59999	R	OPLS_sp3C	+0.25	carbB	own	O6	2.9766	H1	2.9676	8.2231
59999	R	OPLS_sp3C	+0.25	ether	migrated	O2	2.9318	O2	2.9318	6.1117
59999	R	OPLS_sp3C	+0.25	hydroxyl	migrated	O6	2.9614	O6	2.9614	5.8315
59999	R	OPLS_sp3C	+0.50	carbA	own	O1	2.7572	O1	2.7572	6.3314
59999	R	OPLS_sp3C	+0.50	carbB	own	O6	2.8459	O6	2.8459	8.1119
59999	R	OPLS_sp3C	+0.50	ether	migrated	O2	2.7638	O2	2.7638	5.8657
59999	R	OPLS_sp3C	+0.50	hydroxyl	migrated	O6	2.8459	O6	2.8459	8.1119
59999	R	OPLS_sp3C	+0.75	carbA	own	O1	2.6700	O1	2.6700	6.4160
59999	R	OPLS_sp3C	+0.75	carbB	own	O6	2.7697	O6	2.7697	8.0804
59999	R	OPLS_sp3C	+0.75	ether	migrated	O2	2.6672	O2	2.6672	5.7206
59999	R	OPLS_sp3C	+0.75	hydroxyl	migrated	O6	2.7697	O6	2.7697	8.0804
59999	R	OPLS_sp3C	+1.00	carbA	own	O1	2.6091	O1	2.6091	6.4334
59999	R	OPLS_sp3C	+1.00	carbB	own	O6	2.7092	O6	2.7092	8.1166
59999	R	OPLS_sp3C	+1.00	ether	migrated	O2	2.6000	O2	2.6000	5.6182
59999	R	OPLS_sp3C	+1.00	hydroxyl	migrated	O6	2.7092	O6	2.7092	8.1166
59999	R	OPLS_sp3C	-0.25	H1	escaped	O5	43677.6726	O5	43677.6726	43680.0068
59999	R	OPLS_sp3C	-0.25	H2	escaped	O1	45349.6697	O1	45349.6697	45355.5433
59999	R	OPLS_sp3C	-0.25	H3	escaped	H8	41791.6873	H8	41791.6873	41791.6873
59999	R	OPLS_sp3C	-0.25	H4	escaped	H4	46570.0867	H4	46570.0867	46572.2613
59999	R	OPLS_sp3C	-0.25	H5	escaped	O6	46255.2889	O6	46255.2889	46259.6225
59999	R	OPLS_sp3C	-0.25	H6	escaped	H6	37107.9132	H6	37107.9132	37109.1873
59999	R	OPLS_sp3C	-0.25	H7	escaped	H3	45720.0893	H3	45720.0893	45720.5772
59999	R	OPLS_sp3C	-0.25	H8	escaped	H8	43344.3872	H8	43344.3872	43344.3872
59999	R	OPLS_sp3C	-0.50	H1	escaped	O5	56077.0313	O5	56077.0313	56079.6107
59999	R	OPLS_sp3C	-0.50	H2	escaped	O1	52637.6001	O1	52637.6001	52642.7006
59999	R	OPLS_sp3C	-0.50	H3	escaped	H3	56788.1873	H3	56788.1873	56788.2129
59999	R	OPLS_sp3C	-0.50	H4	escaped	O5	53160.0008	O5	53160.0008	53163.8718
59999	R	OPLS_sp3C	-0.50	H5	escaped	O6	72370.5510	O6	72370.5510	72375.6434
59999	R	OPLS_sp3C	-0.50	H6	escaped	H6	50198.8454	H6	50198.8454	50200.1330
59999	R	OPLS_sp3C	-0.50	H7	escaped	H3	62624.2583	H3	62624.2583	62624.8814
59999	R	OPLS_sp3C	-0.50	H8	escaped	H8	54866.3843	H8	54866.3843	54866.3843
59999	R	OPLS_sp3C	-0.75	H1	escaped	O5	73111.8749	O5	73111.8749	73114.5467
59999	R	OPLS_sp3C	-0.75	H2	escaped	O1	78968.5817	O1	78968.5817	78973.1299
59999	R	OPLS_sp3C	-0.75	H3	escaped	H3	78355.5058	H3	78355.5058	78356.0133
59999	R	OPLS_sp3C	-0.75	H4	escaped	O5	61313.1713	O5	61313.1713	61317.6931
59999	R	OPLS_sp3C	-0.75	H5	escaped	O6	81878.2788	O6	81878.2788	81883.5026
59999	R	OPLS_sp3C	-0.75	H6	escaped	O1	70891.7555	O1	70891.7555	70893.0321
59999	R	OPLS_sp3C	-0.75	H7	escaped	H3	84658.2141	H3	84658.2141	84658.8720
59999	R	OPLS_sp3C	-0.75	H8	escaped	H8	72305.8080	H8	72305.8080	72305.8080
59999	R	OPLS_sp3C	-1.00	H1	escaped	O5	84805.2878	O5	84805.2878	84808.0135
59999	R	OPLS_sp3C	-1.00	H2	escaped	O1	82322.9795	O1	82322.9795	82327.2048
59999	R	OPLS_sp3C	-1.00	H3	escaped	H3	81912.1143	H3	81912.1143	81912.9664
59999	R	OPLS_sp3C	-1.00	H4	escaped	O5	66061.0188	O5	66061.0188	66065.8102
59999	R	OPLS_sp3C	-1.00	H5	escaped	O6	85366.4517	O6	85366.4517	85371.6995
59999	R	OPLS_sp3C	-1.00	H6	escaped	O2	76975.7246	O2	76975.7246	76977.6304
59999	R	OPLS_sp3C	-1.00	H7	escaped	H3	93512.0954	H3	93512.0954	93512.8277
59999	R	OPLS_sp3C	-1.00	H8	escaped	H8	96279.1162	H8	96279.1162	96279.1162
59999	R	Behrens_3.55	+0.25	carbA	own	O1	2.9472	O1	2.9472	5.3778
59999	R	Behrens_3.55	+0.25	carbB	own	O6	2.9980	H1	2.9881	8.2494
59999	R	Behrens_3.55	+0.25	ether	migrated	O2	2.9584	O2	2.9584	6.1508
59999	R	Behrens_3.55	+0.25	hydroxyl	own	O4	3.3047	C6	3.1408	4.0745
59999	R	Behrens_3.55	+0.50	carbA	own	O1	2.7798	O1	2.7798	6.3010
59999	R	Behrens_3.55	+0.50	carbB	own	O6	2.8655	O6	2.8655	8.1318
59999	R	Behrens_3.55	+0.50	ether	migrated	O2	2.7887	O2	2.7887	5.9034
59999	R	Behrens_3.55	+0.50	hydroxyl	own	O4	3.1031	C6	3.0169	3.8853
59999	R	Behrens_3.55	+0.75	carbA	own	O1	2.6916	O1	2.6916	6.4085
59999	R	Behrens_3.55	+0.75	carbB	own	O6	2.7889	O6	2.7889	8.0898
59999	R	Behrens_3.55	+0.75	ether	migrated	O2	2.6911	O2	2.6911	5.7573
59999	R	Behrens_3.55	+0.75	hydroxyl	migrated	O6	2.7889	O6	2.7889	8.0898
59999	R	Behrens_3.55	+1.00	carbA	own	O1	2.6302	O1	2.6302	6.4324
59999	R	Behrens_3.55	+1.00	carbB	own	O6	2.7313	O6	2.7313	8.0999
59999	R	Behrens_3.55	+1.00	ether	migrated	O2	2.6232	O2	2.6232	5.6541
59999	R	Behrens_3.55	+1.00	hydroxyl	migrated	O6	2.7313	O6	2.7313	8.0999
59999	R	Behrens_3.55	-0.25	H1	escaped	O5	43946.6575	O5	43946.6575	43948.9697
59999	R	Behrens_3.55	-0.25	H2	escaped	O1	45391.4909	O1	45391.4909	45397.3679
59999	R	Behrens_3.55	-0.25	H3	escaped	H8	41806.2769	H8	41806.2769	41806.2769
59999	R	Behrens_3.55	-0.25	H4	escaped	H4	46585.7645	H4	46585.7645	46587.9178
59999	R	Behrens_3.55	-0.25	H5	escaped	O6	46314.2504	O6	46314.2504	46318.5642
59999	R	Behrens_3.55	-0.25	H6	escaped	H6	37132.0364	H6	37132.0364	37133.2990
59999	R	Behrens_3.55	-0.25	H7	escaped	H3	46511.3455	H3	46511.3455	46511.8329
59999	R	Behrens_3.55	-0.25	H8	escaped	H8	43512.4652	H8	43512.4652	43512.4652
59999	R	Behrens_3.55	-0.50	H1	escaped	O5	56915.9200	O5	56915.9200	56918.4833
59999	R	Behrens_3.55	-0.50	H2	escaped	O1	52688.7566	O1	52688.7566	52693.8583
59999	R	Behrens_3.55	-0.50	H3	escaped	H3	56795.1297	H3	56795.1297	56795.1542
59999	R	Behrens_3.55	-0.50	H4	escaped	O5	53157.6826	O5	53157.6826	53161.5341
59999	R	Behrens_3.55	-0.50	H5	escaped	O6	72475.5759	O6	72475.5759	72480.6514
59999	R	Behrens_3.55	-0.50	H6	escaped	H6	50165.0265	H6	50165.0265	50166.2991
59999	R	Behrens_3.55	-0.50	H7	escaped	H3	63686.0244	H3	63686.0244	63686.6482
59999	R	Behrens_3.55	-0.50	H8	escaped	H8	54953.9200	H8	54953.9200	54953.9200
59999	R	Behrens_3.55	-0.75	H1	escaped	O5	73277.9155	O5	73277.9155	73280.5716
59999	R	Behrens_3.55	-0.75	H2	escaped	O1	79008.6087	O1	79008.6087	79013.1569
59999	R	Behrens_3.55	-0.75	H3	escaped	H3	78365.2709	H3	78365.2709	78365.7783
59999	R	Behrens_3.55	-0.75	H4	escaped	O5	61323.6678	O5	61323.6678	61328.1766
59999	R	Behrens_3.55	-0.75	H5	escaped	O6	81934.4849	O6	81934.4849	81939.6953
59999	R	Behrens_3.55	-0.75	H6	escaped	O1	70799.9576	O1	70799.9576	70801.1961
59999	R	Behrens_3.55	-0.75	H7	escaped	H3	85190.1197	H3	85190.1197	85190.7786
59999	R	Behrens_3.55	-0.75	H8	escaped	H8	72381.7058	H8	72381.7058	72381.7058
59999	R	Behrens_3.55	-1.00	H1	escaped	O5	84722.1285	O5	84722.1285	84724.8379
59999	R	Behrens_3.55	-1.00	H2	escaped	O1	82358.5791	O1	82358.5791	82362.8043
59999	R	Behrens_3.55	-1.00	H3	escaped	H3	81926.8945	H3	81926.8945	81927.7470
59999	R	Behrens_3.55	-1.00	H4	escaped	O5	66074.2532	O5	66074.2532	66079.0345
59999	R	Behrens_3.55	-1.00	H5	escaped	O6	85418.2855	O6	85418.2855	85423.5224
59999	R	Behrens_3.55	-1.00	H6	escaped	O2	76877.7852	O2	76877.7852	76879.6698
59999	R	Behrens_3.55	-1.00	H7	escaped	H3	95379.8314	H3	95379.8314	95380.5622
59999	R	Behrens_3.55	-1.00	H8	escaped	H8	96356.4346	H8	96356.4346	96356.4346
59999	TS	N	+0.25	carbA	own	O1	2.9083	O1	2.9083	5.2990
59999	TS	N	+0.25	carbB	own	O6	2.9669	O6	2.9669	8.6217
59999	TS	N	+0.25	ether	migrated	O2	2.9129	O2	2.9129	6.5140
59999	TS	N	+0.25	hydroxyl	migrated	O6	2.9496	O6	2.9496	5.8046
59999	TS	N	+0.50	carbA	own	O1	2.7623	O1	2.7623	5.3558
59999	TS	N	+0.50	carbB	own	O6	2.8281	O6	2.8281	8.5319
59999	TS	N	+0.50	ether	migrated	O2	2.7480	O2	2.7480	6.2365
59999	TS	N	+0.50	hydroxyl	migrated	O6	2.7686	O6	2.7686	5.9138
59999	TS	N	+0.75	carbA	own	O1	2.6632	O1	2.6632	5.8296
59999	TS	N	+0.75	carbB	own	O6	2.7415	O6	2.7415	8.5187
59999	TS	N	+0.75	ether	migrated	O2	2.6531	O2	2.6531	6.0716
59999	TS	N	+0.75	hydroxyl	migrated	O6	2.6669	O6	2.6669	5.9666
59999	TS	N	+1.00	carbA	own	O1	2.5985	O1	2.5985	6.0936
59999	TS	N	+1.00	carbB	own	O6	2.6628	O6	2.6628	8.6257
59999	TS	N	+1.00	ether	migrated	O2	2.5869	O2	2.5869	5.9552
59999	TS	N	+1.00	hydroxyl	migrated	O6	2.6628	O6	2.6628	8.6257
59999	TS	N	-0.25	H1	escaped	O5	40998.2415	O5	40998.2415	41002.3043
59999	TS	N	-0.25	H2	escaped	O1	42952.3712	O1	42952.3712	42958.0798
59999	TS	N	-0.25	H3	escaped	H8	42356.8592	H8	42356.8592	42356.8592
59999	TS	N	-0.25	H4	escaped	H4	46718.5827	H4	46718.5827	46720.7391
59999	TS	N	-0.25	H5	escaped	O6	45702.5250	O6	45702.5250	45706.9810
59999	TS	N	-0.25	H6	escaped	H6	37001.5277	H6	37001.5277	37002.4695
59999	TS	N	-0.25	H7	escaped	H4	40397.3666	H4	40397.3666	40397.8160
59999	TS	N	-0.25	H8	escaped	H8	45364.7442	H8	45364.7442	45364.7442
59999	TS	N	-0.50	H1	escaped	O5	53301.0599	O5	53301.0599	53305.1263
59999	TS	N	-0.50	H2	escaped	O1	63707.6733	O1	63707.6733	63712.7407
59999	TS	N	-0.50	H3	escaped	H3	57770.1712	H3	57770.1712	57770.2777
59999	TS	N	-0.50	H4	escaped	O5	52902.9052	O5	52902.9052	52906.7695
59999	TS	N	-0.50	H5	escaped	O6	71452.8104	O6	71452.8104	71458.0006
59999	TS	N	-0.50	H6	escaped	H6	65596.8882	H6	65596.8882	65597.6237
59999	TS	N	-0.50	H7	escaped	H4	67337.3187	H4	67337.3187	67337.9661
59999	TS	N	-0.50	H8	escaped	H8	61081.5034	H8	61081.5034	61081.5034
59999	TS	N	-0.75	H1	escaped	O5	67212.8802	O5	67212.8802	67216.9004
59999	TS	N	-0.75	H2	escaped	O1	72733.4707	O1	72733.4707	72737.8627
59999	TS	N	-0.75	H3	escaped	H3	79806.3529	H3	79806.3529	79806.8561
59999	TS	N	-0.75	H4	escaped	O5	60749.1680	O5	60749.1680	60753.7645
59999	TS	N	-0.75	H5	escaped	O6	80867.6994	O6	80867.6994	80872.9912
59999	TS	N	-0.75	H6	escaped	H6	69049.3080	H6	69049.3080	69049.7393
59999	TS	N	-0.75	H7	escaped	H4	88561.5294	H4	88561.5294	88562.2445
59999	TS	N	-0.75	H8	escaped	H8	79610.5211	H8	79610.5211	79610.5211
59999	TS	N	-1.00	H1	escaped	O5	74843.0425	O5	74843.0425	74847.0234
59999	TS	N	-1.00	H2	escaped	O1	78747.8163	O1	78747.8163	78751.7893
59999	TS	N	-1.00	H3	escaped	H3	83280.1300	H3	83280.1300	83280.9024
59999	TS	N	-1.00	H4	escaped	O5	66739.7509	O5	66739.7509	66744.6398
59999	TS	N	-1.00	H5	escaped	O6	84389.9537	O6	84389.9537	84395.2501
59999	TS	N	-1.00	H6	escaped	O2	74416.8858	O2	74416.8858	74417.5496
59999	TS	N	-1.00	H7	escaped	H4	90020.7946	H4	90020.7946	90021.5533
59999	TS	N	-1.00	H8	escaped	H8	79753.0998	H8	79753.0998	79753.0998
59999	TS	N+5%	+0.25	carbA	own	O1	2.9849	O1	2.9849	5.3494
59999	TS	N+5%	+0.25	carbB	own	O6	3.0422	O6	3.0422	8.7039
59999	TS	N+5%	+0.25	ether	migrated	O2	3.0061	O2	3.0061	6.6681
59999	TS	N+5%	+0.25	hydroxyl	migrated	O6	3.0422	O6	3.0422	8.7039
59999	TS	N+5%	+0.50	carbA	own	O1	2.8363	O1	2.8363	5.3675
59999	TS	N+5%	+0.50	carbB	own	O6	2.9004	O6	2.9004	8.5963
59999	TS	N+5%	+0.50	ether	migrated	O2	2.8337	O2	2.8337	6.3827
59999	TS	N+5%	+0.50	hydroxyl	migrated	O6	2.9004	O6	2.9004	8.5963
59999	TS	N+5%	+0.75	carbA	own	O1	2.7467	O1	2.7467	5.4591
59999	TS	N+5%	+0.75	carbB	own	O6	2.8150	O6	2.8150	8.5492
59999	TS	N+5%	+0.75	ether	migrated	O2	2.7348	O2	2.7348	6.2134
59999	TS	N+5%	+0.75	hydroxyl	migrated	O6	2.8150	O6	2.8150	8.5492
59999	TS	N+5%	+1.00	carbA	own	O1	2.6739	O1	2.6739	5.8714
59999	TS	N+5%	+1.00	carbB	own	O6	2.7514	O6	2.7514	8.5422
59999	TS	N+5%	+1.00	ether	migrated	O1	2.6739	O1	2.6739	5.8714
59999	TS	N+5%	+1.00	hydroxyl	migrated	O6	2.6776	O6	2.6776	5.9891
59999	TS	N+5%	-0.25	H1	escaped	O5	45206.5630	O5	45206.5630	45210.5561
59999	TS	N+5%	-0.25	H2	escaped	O1	43160.2656	O1	43160.2656	43166.0113
59999	TS	N+5%	-0.25	H3	escaped	H8	42395.5094	H8	42395.5094	42395.5094
59999	TS	N+5%	-0.25	H4	escaped	H4	46798.4978	H4	46798.4978	46800.5672
59999	TS	N+5%	-0.25	H5	escaped	O6	46002.8624	O6	46002.8624	46007.2527
59999	TS	N+5%	-0.25	H6	escaped	H6	37151.0348	H6	37151.0348	37151.9437
59999	TS	N+5%	-0.25	H7	escaped	H4	40867.4067	H4	40867.4067	40867.8331
59999	TS	N+5%	-0.25	H8	escaped	H8	45086.1912	H8	45086.1912	45086.1912
59999	TS	N+5%	-0.50	H1	escaped	O5	49886.5899	O5	49886.5899	49890.6159
59999	TS	N+5%	-0.50	H2	escaped	O1	63886.4798	O1	63886.4798	63891.5904
59999	TS	N+5%	-0.50	H3	escaped	H3	57779.2509	H3	57779.2509	57779.3523
59999	TS	N+5%	-0.50	H4	escaped	O5	52854.5557	O5	52854.5557	52858.3370
59999	TS	N+5%	-0.50	H5	escaped	O6	71906.7960	O6	71906.7960	71911.9247
59999	TS	N+5%	-0.50	H6	escaped	H6	65579.9491	H6	65579.9491	65580.6359
59999	TS	N+5%	-0.50	H7	escaped	H4	63691.7357	H4	63691.7357	63692.3648
59999	TS	N+5%	-0.50	H8	escaped	H8	60949.6834	H8	60949.6834	60949.6834
59999	TS	N+5%	-0.75	H1	escaped	O5	64371.3389	O5	64371.3389	64375.3108
59999	TS	N+5%	-0.75	H2	escaped	O1	72925.3424	O1	72925.3424	72929.7714
59999	TS	N+5%	-0.75	H3	escaped	H3	79823.9542	H3	79823.9542	79824.4552
59999	TS	N+5%	-0.75	H4	escaped	O5	60718.7617	O5	60718.7617	60723.3043
59999	TS	N+5%	-0.75	H5	escaped	O6	81032.1590	O6	81032.1590	81037.4018
59999	TS	N+5%	-0.75	H6	escaped	H6	68879.9961	H6	68879.9961	68880.3667
59999	TS	N+5%	-0.75	H7	escaped	H4	90104.3216	H4	90104.3216	90105.0344
59999	TS	N+5%	-0.75	H8	escaped	H8	80294.8114	H8	80294.8114	80294.8114
59999	TS	N+5%	-1.00	H1	escaped	O5	77220.1648	O5	77220.1648	77224.0960
59999	TS	N+5%	-1.00	H2	escaped	O1	78792.2280	O1	78792.2280	78796.2302
59999	TS	N+5%	-1.00	H3	escaped	H3	83317.4564	H3	83317.4564	83318.2282
59999	TS	N+5%	-1.00	H4	escaped	O5	88412.2585	O5	88412.2585	88417.1066
59999	TS	N+5%	-1.00	H5	escaped	O6	84536.8457	O6	84536.8457	84542.1021
59999	TS	N+5%	-1.00	H6	escaped	O2	74192.6243	O2	74192.6243	74193.1783
59999	TS	N+5%	-1.00	H7	escaped	H4	91590.0715	H4	91590.0715	91590.8298
59999	TS	N+5%	-1.00	H8	escaped	H8	80272.0107	H8	80272.0107	80272.0107
59999	TS	N+10%	+0.25	carbA	own	O1	3.0618	O1	3.0618	5.4036
59999	TS	N+10%	+0.25	carbB	own	O6	3.1179	O6	3.1179	8.7879
59999	TS	N+10%	+0.25	ether	migrated	O2	3.1024	O2	3.1024	6.8301
59999	TS	N+10%	+0.25	hydroxyl	migrated	O6	3.1400	O6	3.1400	5.7780
59999	TS	N+10%	+0.50	carbA	own	O1	2.9098	O1	2.9098	5.4005
59999	TS	N+10%	+0.50	carbB	own	O6	2.9727	O6	2.9727	8.6682
59999	TS	N+10%	+0.50	ether	migrated	O2	2.9212	O2	2.9212	6.5327
59999	TS	N+10%	+0.50	hydroxyl	migrated	O6	2.9727	O6	2.9727	8.6682
59999	TS	N+10%	+0.75	carbA	own	O1	2.8201	O1	2.8201	5.4285
59999	TS	N+10%	+0.75	carbB	own	O6	2.8861	O6	2.8861	8.6053
59999	TS	N+10%	+0.75	ether	migrated	O2	2.8180	O2	2.8180	6.3576
59999	TS	N+10%	+0.75	hydroxyl	migrated	O6	2.8861	O6	2.8861	8.6053
59999	TS	N+10%	+1.00	carbA	own	O1	2.7545	O1	2.7545	5.5239
59999	TS	N+10%	+1.00	carbB	own	O6	2.8238	O6	2.8238	8.5717
59999	TS	N+10%	+1.00	ether	migrated	O2	2.7463	O2	2.7463	6.2341
59999	TS	N+10%	+1.00	hydroxyl	migrated	O6	2.7593	O6	2.7593	5.9789
59999	TS	N+10%	-0.25	H1	escaped	O5	35813.2646	O5	35813.2646	35817.0999
59999	TS	N+10%	-0.25	H2	escaped	O1	43426.1867	O1	43426.1867	43431.9842
59999	TS	N+10%	-0.25	H3	escaped	H8	42478.7719	H8	42478.7719	42478.7719
59999	TS	N+10%	-0.25	H4	escaped	H4	46840.6329	H4	46840.6329	46842.5611
59999	TS	N+10%	-0.25	H5	escaped	O6	46382.8389	O6	46382.8389	46387.1211
59999	TS	N+10%	-0.25	H6	escaped	H6	37315.1309	H6	37315.1309	37315.9844
59999	TS	N+10%	-0.25	H7	escaped	H4	41086.7972	H4	41086.7972	41087.1967
59999	TS	N+10%	-0.25	H8	escaped	H8	38994.1671	H8	38994.1671	38994.1671
59999	TS	N+10%	-0.50	H1	escaped	O5	59641.7498	O5	59641.7498	59645.7081
59999	TS	N+10%	-0.50	H2	escaped	O1	64156.0430	O1	64156.0430	64161.2115
59999	TS	N+10%	-0.50	H3	escaped	H3	57798.6723	H3	57798.6723	57798.7634
59999	TS	N+10%	-0.50	H4	escaped	O5	52726.7798	O5	52726.7798	52730.4262
59999	TS	N+10%	-0.50	H5	escaped	O6	72528.9786	O6	72528.9786	72534.0106
59999	TS	N+10%	-0.50	H6	escaped	H6	65521.5211	H6	65521.5211	65522.1239
59999	TS	N+10%	-0.50	H7	escaped	H4	58579.1718	H4	58579.1718	58579.7895
59999	TS	N+10%	-0.50	H8	escaped	H8	60783.5225	H8	60783.5225	60783.5225
59999	TS	N+10%	-0.75	H1	escaped	O5	61405.1710	O5	61405.1710	61409.1061
59999	TS	N+10%	-0.75	H2	escaped	O1	73224.8667	O1	73224.8667	73229.3462
59999	TS	N+10%	-0.75	H3	escaped	H3	79856.4575	H3	79856.4575	79856.9545
59999	TS	N+10%	-0.75	H4	escaped	O5	60617.5093	O5	60617.5093	60621.9661
59999	TS	N+10%	-0.75	H5	escaped	O6	81316.1514	O6	81316.1514	81321.3181
59999	TS	N+10%	-0.75	H6	escaped	H6	68605.5875	H6	68605.5875	68605.8535
59999	TS	N+10%	-0.75	H7	escaped	H4	68944.8475	H4	68944.8475	68945.5534
59999	TS	N+10%	-0.75	H8	escaped	H8	80934.9677	H8	80934.9677	80934.9677
59999	TS	N+10%	-1.00	H1	escaped	O5	74225.3044	O5	74225.3044	74229.1823
59999	TS	N+10%	-1.00	H2	escaped	O1	78895.4279	O1	78895.4279	78899.4706
59999	TS	N+10%	-1.00	H3	escaped	H3	83391.9968	H3	83391.9968	83392.7679
59999	TS	N+10%	-1.00	H4	escaped	O5	88442.7432	O5	88442.7432	88447.5268
59999	TS	N+10%	-1.00	H5	escaped	O6	84792.1250	O6	84792.1250	84797.3200
59999	TS	N+10%	-1.00	H6	escaped	O2	73835.6403	O2	73835.6403	73836.0071
59999	TS	N+10%	-1.00	H7	escaped	H4	92863.1159	H4	92863.1159	92863.8700
59999	TS	N+10%	-1.00	H8	escaped	H8	80790.9137	H8	80790.9137	80790.9137
59999	TS	OPLS_sp3C	+0.25	carbA	own	O1	2.9238	O1	2.9238	5.3780
59999	TS	OPLS_sp3C	+0.25	carbB	own	O6	2.9853	O6	2.9853	8.6697
59999	TS	OPLS_sp3C	+0.25	ether	migrated	O1	2.9238	O1	2.9238	5.3780
59999	TS	OPLS_sp3C	+0.25	hydroxyl	migrated	O6	2.9853	O6	2.9853	8.6697
59999	TS	OPLS_sp3C	+0.50	carbA	own	O1	2.7713	O1	2.7713	5.4529
59999	TS	OPLS_sp3C	+0.50	carbB	own	O6	2.8389	O6	2.8389	8.5702
59999	TS	OPLS_sp3C	+0.50	ether	migrated	O2	2.7627	O2	2.7627	6.2620
59999	TS	OPLS_sp3C	+0.50	hydroxyl	migrated	O6	2.7781	O6	2.7781	5.9585
59999	TS	OPLS_sp3C	+0.75	carbA	own	O1	2.6713	O1	2.6713	5.9269
59999	TS	OPLS_sp3C	+0.75	carbB	own	O6	2.7486	O6	2.7486	8.5552
59999	TS	OPLS_sp3C	+0.75	ether	migrated	O2	2.6644	O2	2.6644	6.0911
59999	TS	OPLS_sp3C	+0.75	hydroxyl	migrated	O6	2.7486	O6	2.7486	8.5552
59999	TS	OPLS_sp3C	+1.00	carbA	own	O1	2.6069	O1	2.6069	6.1176
59999	TS	OPLS_sp3C	+1.00	carbB	own	O6	2.6691	O6	2.6691	8.6513
59999	TS	OPLS_sp3C	+1.00	ether	migrated	O2	2.5963	O2	2.5963	5.9716
59999	TS	OPLS_sp3C	+1.00	hydroxyl	migrated	O6	2.6691	O6	2.6691	8.6513
59999	TS	OPLS_sp3C	-0.25	H1	escaped	O5	40869.0518	O5	40869.0518	40873.0756
59999	TS	OPLS_sp3C	-0.25	H2	escaped	O1	42807.8933	O1	42807.8933	42813.6311
59999	TS	OPLS_sp3C	-0.25	H3	escaped	H8	42616.4658	H8	42616.4658	42616.4658
59999	TS	OPLS_sp3C	-0.25	H4	escaped	H4	46367.9408	H4	46367.9408	46370.0451
59999	TS	OPLS_sp3C	-0.25	H5	escaped	O6	45631.6573	O6	45631.6573	45636.0792
59999	TS	OPLS_sp3C	-0.25	H6	escaped	H6	36724.5758	H6	36724.5758	36725.4596
59999	TS	OPLS_sp3C	-0.25	H7	escaped	H4	39729.5584	H4	39729.5584	39730.0857
59999	TS	OPLS_sp3C	-0.25	H8	escaped	H8	46004.4466	H8	46004.4466	46004.4466
59999	TS	OPLS_sp3C	-0.50	H1	escaped	O5	52184.6190	O5	52184.6190	52188.6535
59999	TS	OPLS_sp3C	-0.50	H2	escaped	O1	63868.9256	O1	63868.9256	63874.0048
59999	TS	OPLS_sp3C	-0.50	H3	escaped	H3	57947.5620	H3	57947.5620	57947.6734
59999	TS	OPLS_sp3C	-0.50	H4	escaped	O5	52672.0925	O5	52672.0925	52675.9016
59999	TS	OPLS_sp3C	-0.50	H5	escaped	O6	71664.7229	O6	71664.7229	71669.8505
59999	TS	OPLS_sp3C	-0.50	H6	escaped	H6	65224.6417	H6	65224.6417	65225.2741
59999	TS	OPLS_sp3C	-0.50	H7	escaped	H4	65943.3729	H4	65943.3729	65944.0655
59999	TS	OPLS_sp3C	-0.50	H8	escaped	H8	59274.8972	H8	59274.8972	59274.8972
59999	TS	OPLS_sp3C	-0.75	H1	escaped	O5	66106.6288	O5	66106.6288	66110.6197
59999	TS	OPLS_sp3C	-0.75	H2	escaped	O1	72995.4922	O1	72995.4922	72999.8954
59999	TS	OPLS_sp3C	-0.75	H3	escaped	H3	80045.5686	H3	80045.5686	80046.0789
59999	TS	OPLS_sp3C	-0.75	H4	escaped	O5	60544.7071	O5	60544.7071	60549.2640
59999	TS	OPLS_sp3C	-0.75	H5	escaped	O6	81362.4396	O6	81362.4396	81367.6763
59999	TS	OPLS_sp3C	-0.75	H6	escaped	H6	68639.6115	H6	68639.6115	68639.9142
59999	TS	OPLS_sp3C	-0.75	H7	escaped	H4	87806.1380	H4	87806.1380	87806.8848
59999	TS	OPLS_sp3C	-0.75	H8	escaped	H8	78050.0409	H8	78050.0409	78050.0409
59999	TS	OPLS_sp3C	-1.00	H1	escaped	O5	75813.5422	O5	75813.5422	75817.4956
59999	TS	OPLS_sp3C	-1.00	H2	escaped	O1	79062.7275	O1	79062.7275	79066.7137
59999	TS	OPLS_sp3C	-1.00	H3	escaped	H3	83586.8486	H3	83586.8486	83587.6301
59999	TS	OPLS_sp3C	-1.00	H4	escaped	O5	66939.2826	O5	66939.2826	66944.1369
59999	TS	OPLS_sp3C	-1.00	H5	escaped	O6	84824.5449	O6	84824.5449	84829.7953
59999	TS	OPLS_sp3C	-1.00	H6	escaped	O2	74020.8129	O2	74020.8129	74021.2909
59999	TS	OPLS_sp3C	-1.00	H7	escaped	H4	89461.3491	H4	89461.3491	89462.1322
59999	TS	OPLS_sp3C	-1.00	H8	escaped	H8	78538.4680	H8	78538.4680	78538.4680
59999	TS	Behrens_3.55	+0.25	carbA	own	O1	2.9468	O1	2.9468	5.3918
59999	TS	Behrens_3.55	+0.25	carbB	own	O6	3.0079	O6	3.0079	8.6936
59999	TS	Behrens_3.55	+0.25	ether	migrated	O2	2.9641	O2	2.9641	6.6037
59999	TS	Behrens_3.55	+0.25	hydroxyl	migrated	O6	2.9906	O6	2.9906	5.8638
59999	TS	Behrens_3.55	+0.50	carbA	own	O1	2.7938	O1	2.7938	5.4428
59999	TS	Behrens_3.55	+0.50	carbB	own	O6	2.8607	O6	2.8607	8.5872
59999	TS	Behrens_3.55	+0.50	ether	migrated	O2	2.7882	O2	2.7882	6.3063
59999	TS	Behrens_3.55	+0.50	hydroxyl	migrated	O6	2.8039	O6	2.8039	5.9558
59999	TS	Behrens_3.55	+0.75	carbA	own	O1	2.6953	O1	2.6953	5.8209
59999	TS	Behrens_3.55	+0.75	carbB	own	O6	2.7714	O6	2.7714	8.5576
59999	TS	Behrens_3.55	+0.75	ether	migrated	O2	2.6886	O2	2.6886	6.1337
59999	TS	Behrens_3.55	+0.75	hydroxyl	migrated	O6	2.6993	O6	2.6993	6.0000
59999	TS	Behrens_3.55	+1.00	carbA	own	O1	2.6286	O1	2.6286	6.0803
59999	TS	Behrens_3.55	+1.00	carbB	own	O6	2.6990	O6	2.6990	8.6045
59999	TS	Behrens_3.55	+1.00	ether	migrated	O2	2.6197	O2	2.6197	6.0130
59999	TS	Behrens_3.55	+1.00	hydroxyl	migrated	O6	2.6269	O6	2.6269	6.0299
59999	TS	Behrens_3.55	-0.25	H1	escaped	O5	44795.4998	O5	44795.4998	44799.5607
59999	TS	Behrens_3.55	-0.25	H2	escaped	O1	42855.3942	O1	42855.3942	42861.1432
59999	TS	Behrens_3.55	-0.25	H3	escaped	H8	42632.9967	H8	42632.9967	42632.9967
59999	TS	Behrens_3.55	-0.25	H4	escaped	H4	46372.7128	H4	46372.7128	46374.7893
59999	TS	Behrens_3.55	-0.25	H5	escaped	O6	45703.6319	O6	45703.6319	45708.0326
59999	TS	Behrens_3.55	-0.25	H6	escaped	H6	36753.7673	H6	36753.7673	36754.6397
59999	TS	Behrens_3.55	-0.25	H7	escaped	H4	39902.0042	H4	39902.0042	39902.5286
59999	TS	Behrens_3.55	-0.25	H8	escaped	H8	45957.2721	H8	45957.2721	45957.2721
59999	TS	Behrens_3.55	-0.50	H1	escaped	O5	51253.8015	O5	51253.8015	51257.8241
59999	TS	Behrens_3.55	-0.50	H2	escaped	O1	63920.4147	O1	63920.4147	63925.5060
59999	TS	Behrens_3.55	-0.50	H3	escaped	H3	57949.7230	H3	57949.7230	57949.8319
59999	TS	Behrens_3.55	-0.50	H4	escaped	O5	52646.4203	O5	52646.4203	52650.2030
59999	TS	Behrens_3.55	-0.50	H5	escaped	O6	71786.4872	O6	71786.4872	71791.5953
59999	TS	Behrens_3.55	-0.50	H6	escaped	H6	65210.9215	H6	65210.9215	65211.5365
59999	TS	Behrens_3.55	-0.50	H7	escaped	H4	66955.7611	H4	66955.7611	66956.4540
59999	TS	Behrens_3.55	-0.50	H8	escaped	H8	59401.8855	H8	59401.8855	59401.8855
59999	TS	Behrens_3.55	-0.75	H1	escaped	O5	65325.7307	O5	65325.7307	65329.7081
59999	TS	Behrens_3.55	-0.75	H2	escaped	O1	73054.3499	O1	73054.3499	73058.7635
59999	TS	Behrens_3.55	-0.75	H3	escaped	H3	80049.8726	H3	80049.8726	80050.3818
59999	TS	Behrens_3.55	-0.75	H4	escaped	O5	60525.1138	O5	60525.1138	60529.6538
59999	TS	Behrens_3.55	-0.75	H5	escaped	O6	81422.4007	O6	81422.4007	81427.6219
59999	TS	Behrens_3.55	-0.75	H6	escaped	H6	68583.3644	H6	68583.3644	68583.6453
59999	TS	Behrens_3.55	-0.75	H7	escaped	H4	88281.7455	H4	88281.7455	88282.4939
59999	TS	Behrens_3.55	-0.75	H8	escaped	H8	78160.8266	H8	78160.8266	78160.8266
59999	TS	Behrens_3.55	-1.00	H1	escaped	O5	76484.4736	O5	76484.4736	76488.4131
59999	TS	Behrens_3.55	-1.00	H2	escaped	O1	79084.7989	O1	79084.7989	79088.7934
59999	TS	Behrens_3.55	-1.00	H3	escaped	H3	83600.9125	H3	83600.9125	83601.6938
59999	TS	Behrens_3.55	-1.00	H4	escaped	O5	88684.3918	O5	88684.3918	88689.2333
59999	TS	Behrens_3.55	-1.00	H5	escaped	O6	84878.4312	O6	84878.4312	84883.6691
59999	TS	Behrens_3.55	-1.00	H6	escaped	O2	73948.5969	O2	73948.5969	73949.0364
59999	TS	Behrens_3.55	-1.00	H7	escaped	H4	89945.6315	H4	89945.6315	89946.4162
59999	TS	Behrens_3.55	-1.00	H8	escaped	H8	78624.6865	H8	78624.6865	78624.6865
