NEB log file generated by ORCA
All quantities are given in atomic units. Unless stated otherwise. 
iteration       : 0
climbing        : no
zoom on         : no
nim             : 10
barrier         :   0.19995589 (image:  4) 
distance        :   0.00000000    1.60674391    3.21348782    4.82023173    6.42697565    8.03371956    9.64046347   11.24720738   12.85395129   14.46069520 
energy          : -1076.60715217  -1076.57648600  -1076.51016119  -1076.44502998  -1076.40719628  -1076.41106870  -1076.45594717  -1076.52641649  -1076.59704446  -1076.63040402 
max(|Fr_perp|)   :   0.00000000    0.12418918    0.23425446    0.31774795    0.36234347    0.35988312    0.31069165    0.22412853    0.11512869    0.00000000 
Fr_paral         :   0.00000000   -0.03440004   -0.04456260   -0.03470172   -0.01147909    0.01624581    0.03877342    0.04773748    0.03670453    0.00000000 
max(|Fsp_paral|) :   0.00000000    0.01468958    0.01442685    0.00838153    0.00000050    0.00085722    0.00994089    0.01561049    0.01564501    0.00000000 
max(|Fsp_perp|)  :   0.00000000    0.00000000    0.00000000    0.00000000    0.00000000    0.00000000    0.00000000    0.00000000    0.00000000    0.00000000 
max(|FNEB|)      :   0.00000000    0.13702840    0.24697819    0.32532176    0.36270281    0.35949308    0.30238309    0.21082442    0.11194973    0.00000000 
max(|Force|)     :   0.00136476    0.13227192    0.23494430    0.30886210    0.35965670    0.36454000    0.32126712    0.23699167    0.12496149    0.00139060 
ksp              :   0.02380184    0.05365297    0.08296912    0.10000000    0.10000000    0.09825941    0.07806204    0.04634689    0.01456242 
max(|step|)      :   0.00000000    0.03777980    0.06809382    0.08969375    0.10000000    0.09911505    0.08336938    0.05812594    0.03086541    0.00000000 
angle (deg.)     :    0.8653  0.8195  0.8388  0.8501  0.8487  0.8319  0.8068  0.8505 
>
iteration       : 1
climbing        : no
zoom on         : no
nim             : 10
barrier         :   0.09624606 (image:  4) 
distance        :   0.00000000    1.62155566    3.22910403    4.83102137    6.43055480    8.03674141    9.63564868   11.23790917   12.84565656   14.46803255 
energy          : -1076.60715217  -1076.59185319  -1076.55879133  -1076.52778517  -1076.51090611  -1076.51453279  -1076.53803417  -1076.57431357  -1076.61205431  -1076.63040402 
max(|Fr_perp|)   :   0.00000000    0.07430392    0.13910877    0.18810930    0.21465482    0.21315383    0.18590796    0.13601535    0.07119973    0.00000000 
Fr_paral         :   0.00000000   -0.01831514   -0.02381711   -0.01906095   -0.00664388    0.01216937    0.02294964    0.02706429    0.02087351    0.00000000 
max(|Fsp_paral|) :   0.00000000    0.01426679    0.01358919    0.00755064    0.00020454    0.00189865    0.01098749    0.01727694    0.01580607    0.00000000 
max(|Fsp_perp|)  :   0.00000000    0.00000000    0.00000000    0.00000000    0.00000000    0.00000000    0.00000000    0.00000000    0.00000000    0.00000000 
max(|FNEB|)      :   0.00000000    0.08831217    0.15199907    0.19494287    0.21483457    0.21152546    0.17695766    0.12247880    0.06933658    0.00000000 
max(|Force|)     :   0.00136476    0.07940343    0.13905880    0.18291720    0.21288934    0.21637018    0.19178784    0.14277450    0.07633206    0.00139060 
ksp              :   0.02430613    0.05522238    0.08421634    0.10000000    0.10000000    0.09660868    0.07463247    0.04070748    0.01000000 
max(|step|)      :   0.00000000    0.04614796    0.07477844    0.09232742    0.10000000    0.09746680    0.08085406    0.06220914    0.03732756    0.00000000 
angle (deg.)     :    2.2059  1.8042  1.6944  1.7216  1.7035  1.6758  1.7655  2.1981 
>
iteration       : 2
climbing        : no
zoom on         : no
nim             : 10
barrier         :   0.04027681 (image:  4) 
distance        :   0.00000000    1.65865647    3.26484094    4.85512178    6.44290167    8.04327674    9.62750682   11.21967678   12.83512013   14.49310877 
energy          : -1076.60715217  -1076.60150805  -1076.58684740  -1076.57328771  -1076.56687536  -1076.57031041  -1076.58300376  -1076.60169700  -1076.62144936  -1076.63040402 
max(|Fr_perp|)   :   0.00000000    0.02936475    0.04271657    0.05788464    0.06580420    0.06520862    0.05692811    0.04143874    0.02576123    0.00000000 
Fr_paral         :   0.00000000   -0.00830961   -0.01150210   -0.00906550   -0.00191227    0.00757777    0.01281405    0.01482599    0.01108353    0.00000000 
max(|Fsp_paral|) :   0.00000000    0.01550782    0.01381533    0.00668940    0.00038544    0.00427069    0.01429277    0.02177856    0.00648194    0.00000000 
max(|Fsp_perp|)  :   0.00000000    0.00000000    0.00000000    0.00000000    0.00000000    0.00000000    0.00000000    0.00000000    0.00000000    0.00000000 
max(|FNEB|)      :   0.00000000    0.03822690    0.05672085    0.06442969    0.06642642    0.06185797    0.06013479    0.05491477    0.02400246    0.00000000 
max(|Force|)     :   0.00136476    0.02996095    0.04162078    0.05559206    0.06556933    0.06748976    0.06035455    0.04510657    0.02676640    0.00139060 
ksp              :   0.02261972    0.05537566    0.08566939    0.10000000    0.10000000    0.09233482    0.06398777    0.02223916    0.01000000 
max(|step|)      :   0.00000000    0.03880030    0.05757166    0.06539614    0.06742281    0.06278583    0.06103681    0.05573849    0.02436249    0.00000000 
angle (deg.)     :    3.3281  2.6545  2.3806  2.4550  2.4080  2.3294  2.5740  3.4288 
>
iteration       : 3
climbing        : no
zoom on         : no
nim             : 10
barrier         :   0.03169535 (image:  4) 
distance        :   0.00000000    1.71413474    3.31969790    4.88895626    6.45826468    8.04517484    9.60284847   11.17715292   12.84314643   14.52412773 
energy          : -1076.60715217  -1076.60386026  -1076.59240574  -1076.58082388  -1076.57545683  -1076.57878271  -1076.59010182  -1076.60665114  -1076.62384446  -1076.63040402 
max(|Fr_perp|)   :   0.00000000    0.02335470    0.03135823    0.03121032    0.03367559    0.03433601    0.03012888    0.02751679    0.02173264    0.00000000 
Fr_paral         :   0.00000000   -0.00547118   -0.00839302   -0.00581161   -0.00074983    0.00429151    0.00944041    0.01172963    0.00825013    0.00000000 
max(|Fsp_paral|) :   0.00000000    0.01570581    0.01496804    0.00700443    0.00053514    0.00548052    0.01601322    0.02460297    0.00076344    0.00000000 
max(|Fsp_perp|)  :   0.00000000    0.00000000    0.00000000    0.00000000    0.00000000    0.00000000    0.00000000    0.00000000    0.00000000    0.00000000 
max(|FNEB|)      :   0.00000000    0.02609728    0.03801313    0.03822266    0.03340061    0.03897764    0.04202632    0.03816778    0.02152530    0.00000000 
max(|Force|)     :   0.00136476    0.02371546    0.03207042    0.02950855    0.03387877    0.03320739    0.02784349    0.02874008    0.02245840    0.00139060 
ksp              :   0.01934749    0.05187300    0.08476008    0.10000000    0.10000000    0.09055603    0.05841505    0.01142270    0.01000000 
max(|step|)      :   0.00000000    0.02237326    0.02938269    0.02277592    0.01860162    0.01909577    0.02079611    0.02573917    0.02297002    0.00000000 
angle (deg.)     :    4.0137  3.2154  2.5492  2.6774  2.5745  2.4591  3.1151  4.2728 
>
iteration       : 4
climbing        : no
zoom on         : no
nim             : 10
barrier         :   0.02883765 (image:  4) 
distance        :   0.00000000    1.76859397    3.37408165    4.91779482    6.46506064    8.03367990    9.55967257   11.11073309   12.84349250   14.53445598 
energy          : -1076.60715217  -1076.60501388  -1076.59503003  -1076.58368897  -1076.57831453  -1076.58149256  -1076.59245263  -1076.60860470  -1076.62513774  -1076.63040402 
max(|Fr_perp|)   :   0.00000000    0.01825710    0.02822787    0.02498248    0.02716721    0.02806727    0.02515924    0.02615007    0.01746508    0.00000000 
Fr_paral         :   0.00000000   -0.00442296   -0.00821477   -0.00617075   -0.00086837    0.00444924    0.00963868    0.01162492    0.00716912    0.00000000 
max(|Fsp_paral|) :   0.00000000    0.01476869    0.01546863    0.00767662    0.00064736    0.00599951    0.01644728    0.02322836    0.00014339    0.00000000 
max(|Fsp_perp|)  :   0.00000000    0.00000000    0.00000000    0.00000000    0.00000000    0.00000000    0.00000000    0.00000000    0.00000000    0.00000000 
max(|FNEB|)      :   0.00000000    0.02336627    0.03425007    0.03266775    0.02658909    0.03316344    0.03749261    0.03445032    0.01742048    0.00000000 
max(|Force|)     :   0.00136476    0.01852945    0.02897162    0.02379780    0.02740160    0.02689939    0.02282150    0.02743727    0.01807868    0.00139060 
ksp              :   0.01667345    0.04783224    0.08322680    0.10000000    0.10000000    0.09008162    0.05587611    0.01000000    0.01000000 
max(|step|)      :   0.00000000    0.06245820    0.09564364    0.07706257    0.05012089    0.04678753    0.07505566    0.10000000    0.06844983    0.00000000 
angle (deg.)     :    5.2091  6.1938  3.8494  4.2089  3.7513  3.5077  5.8308  6.4610 
>
iteration       : 5
climbing        : yes
zoom on         : no
nim             : 10
barrier         :   0.02476221 (image:  4) 
distance        :   0.00000000    1.96736017    3.60007163    5.04745447    6.50086132    7.98835110    9.39320228   10.88118770   12.87235710   14.59124660 
energy          : -1076.60715217  -1076.60693141  -1076.60084498  -1076.58907491  -1076.58238996  -1076.58488324  -1076.59560222  -1076.61228688  -1076.62719993  -1076.63040402 
max(|Fr_perp|)   :   0.00000000    0.00560300    0.01855005    0.01885689    0.01877865    0.01937226    0.01745548    0.01997332    0.00697592    0.00000000 
Fr_paral         :   0.00000000   -0.00177153   -0.00771540   -0.00836348   -0.00163898    0.00478796    0.01114186    0.01178058    0.00409239    0.00000000 
max(|Fsp_paral|) :   0.00000000    0.01011485    0.01648025    0.01030761    0.00102187    0.00636495    0.01594378    0.01895323    0.00093376    0.00000000 
max(|Fsp_perp|)  :   0.00000000    0.00000000    0.00000000    0.00000000    0.00000000    0.00000000    0.00000000    0.00000000    0.00000000    0.00000000 
max(|FNEB|)      :   0.00000000    0.01367059    0.02876960    0.02913012    0.01998087    0.02501086    0.02978616    0.02459144    0.00664508    0.00000000 
max(|Force|)     :   0.00136476    0.00573863    0.01940158    0.01998820    0.01846881    0.01832310    0.01896762    0.02154089    0.00749989    0.00139060 
ksp              :   0.01080797    0.03294119    0.07571456    0.10000000    0.10000000    0.09093722    0.05198745    0.01000000    0.01000000 
max(|step|)      :   0.00000000    0.02950789    0.06209898    0.06287717    0.04312858    0.05398578    0.06429322    0.05308046    0.01434336    0.00000000 
angle (deg.)     :    4.6718  7.5682  4.9599  5.0847  4.2400  4.2429  7.6144  5.7811 
>
iteration       : 6
climbing        : yes
zoom on         : no
nim             : 10
barrier         :   0.02569919 (image:  4) 
distance        :   0.00000000    2.03824592    3.72618135    5.13187286    6.51566742    7.95104917    9.29184904   10.76515456   12.87832114   14.60369851 
energy          : -1076.60715217  -1076.60712930  -1076.60164135  -1076.58938159  -1076.58145298  -1076.58345353  -1076.59463120  -1076.61251088  -1076.62735218  -1076.63040402 
max(|Fr_perp|)   :   0.00000000    0.01029644    0.02630159    0.04036570    0.04539442    0.04392730    0.03546590    0.02213031    0.01192234    0.00000000 
Fr_paral         :   0.00000000   -0.00203575   -0.00847500   -0.01138548   -0.00330112    0.00655017    0.01370108    0.01320904    0.00460625    0.00000000 
max(|Fsp_paral|) :   0.00000000    0.00877431    0.01487810    0.01063358    0.00152896    0.00561864    0.01389311    0.01862956    0.00131758    0.00000000 
max(|Fsp_perp|)  :   0.00000000    0.00000000    0.00000000    0.00000000    0.00000000    0.00000000    0.00000000    0.00000000    0.00000000    0.00000000 
max(|FNEB|)      :   0.00000000    0.01840778    0.04119668    0.05030208    0.04625050    0.04699005    0.04897347    0.04077648    0.01104540    0.00000000 
max(|Force|)     :   0.00136476    0.01086305    0.02605669    0.03773235    0.04453833    0.04560873    0.03882309    0.02496737    0.01296332    0.00139060 
ksp              :   0.01008010    0.02929921    0.07223357    0.10000000    0.10000000    0.09299398    0.05384915    0.01000000    0.01000000 
max(|step|)      :   0.00000000    0.02777119    0.04978091    0.03593190    0.02828679    0.02087317    0.05093025    0.06123455    0.01583557    0.00000000 
angle (deg.)     :    4.3074  9.0824  7.1333  6.6077  5.2855  5.7219  9.5337  5.4947 
>
iteration       : 7
climbing        : yes
zoom on         : no
nim             : 10
barrier         :   0.02528815 (image:  4) 
distance        :   0.00000000    2.12391742    3.88246994    5.24356057    6.54460701    7.91952940    9.18769542   10.64113105   12.90740729   14.64317403 
energy          : -1076.60715217  -1076.60735989  -1076.60282062  -1076.59095136  -1076.58186402  -1076.58330521  -1076.59455698  -1076.61300771  -1076.62752850  -1076.63040402 
max(|Fr_perp|)   :   0.00000000    0.01149773    0.02779884    0.04315254    0.04835179    0.04669799    0.03772691    0.02380888    0.01292132    0.00000000 
Fr_paral         :   0.00000000   -0.00170744   -0.00763318   -0.01311455   -0.00417313    0.00656323    0.01491110    0.01332868    0.00436789    0.00000000 
max(|Fsp_paral|) :   0.00000000    0.00714045    0.01358413    0.01079900    0.00215426    0.00502494    0.01217091    0.01809672    0.00180950    0.00000000 
max(|Fsp_perp|)  :   0.00000000    0.00000000    0.00000000    0.00000000    0.00000000    0.00000000    0.00000000    0.00000000    0.00000000    0.00000000 
max(|FNEB|)      :   0.00000000    0.01733911    0.04126603    0.05319469    0.04941448    0.04924134    0.04991251    0.04191319    0.01171509    0.00000000 
max(|Force|)     :   0.00136476    0.01197471    0.02836336    0.04060804    0.04728911    0.04835890    0.04127810    0.02698843    0.01391396    0.00139060 
ksp              :   0.01000000    0.02541590    0.06765835    0.10000000    0.10000000    0.09487083    0.05482603    0.01000000    0.01000000 
max(|step|)      :   0.00000000    0.03870115    0.07540033    0.05895727    0.03224233    0.03480757    0.07885369    0.10000000    0.01804311    0.00000000 
angle (deg.)     :    4.3692  10.2330  11.8252  9.3125  7.2213  8.7558  12.0128  5.5147 
>
iteration       : 8
climbing        : yes
zoom on         : no
nim             : 10
barrier         :   0.02418752 (image:  4) 
distance        :   0.00000000    2.24211795    4.11994571    5.43600128    6.60281499    7.88258963    9.04520051   10.45493063   12.96343595   14.72235562 
energy          : -1076.60715217  -1076.60776248  -1076.60436372  -1076.59369686  -1076.58296465  -1076.58349227  -1076.59481845  -1076.61366038  -1076.62777317  -1076.63040402 
max(|Fr_perp|)   :   0.00000000    0.01003523    0.02747487    0.04623996    0.05215011    0.05043275    0.03970194    0.02357374    0.01363328    0.00000000 
Fr_paral         :   0.00000000   -0.00109704   -0.00600332   -0.01551996   -0.00551931    0.00644114    0.01687420    0.01305540    0.00394042    0.00000000 
max(|Fsp_paral|) :   0.00000000    0.00486760    0.01180935    0.01032184    0.00318631    0.00394881    0.01004367    0.01677969    0.00257402    0.00000000 
max(|Fsp_perp|)  :   0.00000000    0.00000000    0.00000000    0.00000000    0.00000000    0.00000000    0.00000000    0.00000000    0.00000000    0.00000000 
max(|FNEB|)      :   0.00000000    0.01417943    0.03909344    0.05600829    0.05384993    0.05047378    0.04999936    0.04027288    0.01262554    0.00000000 
max(|Force|)     :   0.00136476    0.01040920    0.02682811    0.04260996    0.05112905    0.05236012    0.04394673    0.02689012    0.01462335    0.00139060 
ksp              :   0.01000000    0.02040613    0.06009775    0.10000000    0.10000000    0.09803816    0.05591895    0.01000000    0.01000000 
max(|step|)      :   0.00000000    0.01235138    0.03405344    0.04878759    0.04690749    0.04396659    0.04355334    0.03508082    0.01099783    0.00000000 
angle (deg.)     :    4.2711  10.0203  12.8343  9.7753  7.7003  9.4107  12.1609  5.6939 
>
iteration       : 9
climbing        : yes
zoom on         : no
nim             : 10
barrier         :   0.02112259 (image:  4) 
distance        :   0.00000000    2.25682412    4.15975550    5.47880499    6.61955006    7.88257554    9.02847026   10.42602897   12.97941036   14.74609085 
energy          : -1076.60715217  -1076.60795005  -1076.60540326  -1076.59618424  -1076.58602959  -1076.58642157  -1076.59684874  -1076.61440131  -1076.62805253  -1076.63040402 
max(|Fr_perp|)   :   0.00000000    0.00326142    0.00836415    0.01562864    0.01536121    0.01533113    0.01438395    0.01169907    0.00382248    0.00000000 
Fr_paral         :   0.00000000   -0.00054487   -0.00433855   -0.01427393   -0.00445588    0.00507833    0.01551050    0.01157866    0.00288862    0.00000000 
max(|Fsp_paral|) :   0.00000000    0.00333584    0.01210823    0.01091113    0.00343319    0.00383015    0.01084088    0.01598346    0.00272737    0.00000000 
max(|Fsp_perp|)  :   0.00000000    0.00000000    0.00000000    0.00000000    0.00000000    0.00000000    0.00000000    0.00000000    0.00000000    0.00000000 
max(|FNEB|)      :   0.00000000    0.00577386    0.02004576    0.02616421    0.01661226    0.01866805    0.02297411    0.01920029    0.00518313    0.00000000 
max(|Force|)     :   0.00136476    0.00329104    0.00774537    0.01899589    0.01413985    0.01408901    0.01578920    0.01386159    0.00402686    0.00139060 
ksp              :   0.01000000    0.01745186    0.05673262    0.10000000    0.10000000    0.09832981    0.05390128    0.01000000    0.01000000 
max(|step|)      :   0.00000000    0.00335717    0.01211053    0.01294737    0.00484857    0.00565898    0.01303294    0.01772140    0.00303708    0.00000000 
angle (deg.)     :    4.3067  9.9100  13.8218  10.1877  8.0970  10.0445  12.4990  5.6658 
>
iteration       : 10
climbing        : yes
zoom on         : no
nim             : 10
barrier         :   0.02088361 (image:  4) 
distance        :   0.00000000    2.26747512    4.19830665    5.51977450    6.63110627    7.87817956    9.00424158   10.39229725   12.98630765   14.76014701 
energy          : -1076.60715217  -1076.60800719  -1076.60556238  -1076.59654799  -1076.58626857  -1076.58649692  -1076.59686146  -1076.61439723  -1076.62807658  -1076.63040402 
max(|Fr_perp|)   :   0.00000000    0.00315471    0.00846358    0.01543992    0.01477612    0.01462969    0.01426115    0.01133695    0.00375174    0.00000000 
Fr_paral         :   0.00000000   -0.00048780   -0.00420923   -0.01464380   -0.00472384    0.00507823    0.01584350    0.01157296    0.00284273    0.00000000 
max(|Fsp_paral|) :   0.00000000    0.00309328    0.01193094    0.01073128    0.00378535    0.00368577    0.01036006    0.01582963    0.00284530    0.00000000 
max(|Fsp_perp|)  :   0.00000000    0.00000000    0.00000000    0.00000000    0.00000000    0.00000000    0.00000000    0.00000000    0.00000000    0.00000000 
max(|FNEB|)      :   0.00000000    0.00556631    0.02002055    0.02545030    0.01609344    0.01784348    0.02250992    0.01961988    0.00515509    0.00000000 
max(|Force|)     :   0.00136476    0.00318043    0.00770258    0.01899301    0.01345881    0.01339563    0.01561693    0.01351719    0.00395225    0.00139060 
ksp              :   0.01000000    0.01685137    0.05569978    0.10000000    0.10000000    0.09901591    0.05434887    0.01000000    0.01000000 
max(|step|)      :   0.00000000    0.01593525    0.07593540    0.07079247    0.02798471    0.03218458    0.07380479    0.10000000    0.02373558    0.00000000 
angle (deg.)     :    4.5777  9.8739  19.2064  12.1880  11.0341  13.9622  14.7075  5.8926 
>
iteration       : 11
climbing        : yes
zoom on         : no
nim             : 10
barrier         :   0.02105928 (image:  5) 
distance        :   0.00000000    2.31508441    4.43256764    5.74677353    6.71544418    7.86156714    8.88014281   10.18488972   13.02513477   14.85371083 
energy          : -1076.60715217  -1076.60822570  -1076.60636270  -1076.59849630  -1076.58691071  -1076.58609289  -1076.59670746  -1076.61379513  -1076.62795455  -1076.63040402 
max(|Fr_perp|)   :   0.00000000    0.00492128    0.00612950    0.01265458    0.02280573    0.02421965    0.01104513    0.01434613    0.01048605    0.00000000 
Fr_paral         :   0.00000000   -0.00029403   -0.00350722   -0.01680971   -0.00654100    0.00486277    0.01828198    0.01188497    0.00257560    0.00000000 
max(|Fsp_paral|) :   0.00000000    0.00162603    0.00981527    0.01044775    0.00558668    0.00338624    0.00991667    0.01371144    0.00347818    0.00000000 
max(|Fsp_perp|)  :   0.00000000    0.00000000    0.00000000    0.00000000    0.00000000    0.00000000    0.00000000    0.00000000    0.00000000    0.00000000 
max(|FNEB|)      :   0.00000000    0.00497490    0.01508592    0.02055878    0.02477976    0.02744415    0.01655853    0.02821373    0.01067538    0.00000000 
max(|Force|)     :   0.00136476    0.00498750    0.00644716    0.01818289    0.02267518    0.02338713    0.01697854    0.01508995    0.01060695    0.00139060 
ksp              :   0.01000000    0.01338767    0.04699168    0.09651272    0.10000000    0.10000000    0.05461158    0.01000000    0.01000000 
max(|step|)      :   0.00000000    0.00709687    0.02152062    0.02932785    0.03534923    0.03915008    0.02362135    0.04024791    0.01522882    0.00000000 
angle (deg.)     :    4.5380  10.1476  20.6842  12.5202  11.6421  15.0064  15.8508  5.3960 
>
iteration       : 12
climbing        : yes
zoom on         : no
nim             : 10
barrier         :   0.02106330 (image:  5) 
distance        :   0.00000000    2.32283667    4.48326418    5.80496842    6.73776586    7.85675259    8.85013150   10.14393598   13.03706365   14.87983200 
energy          : -1076.60715217  -1076.60828363  -1076.60659336  -1076.59896412  -1076.58716623  -1076.58608887  -1076.59670784  -1076.61374193  -1076.62791992  -1076.63040402 
max(|Fr_perp|)   :   0.00000000    0.00658517    0.00692004    0.01320216    0.02746000    0.02574427    0.00993075    0.01796513    0.01445803    0.00000000 
Fr_paral         :   0.00000000   -0.00020821   -0.00311778   -0.01747680   -0.00775670    0.00544868    0.01897248    0.01104654    0.00296971    0.00000000 
max(|Fsp_paral|) :   0.00000000    0.00111161    0.00957340    0.01003610    0.00596689    0.00326519    0.00967759    0.01250168    0.00368370    0.00000000 
max(|Fsp_perp|)  :   0.00000000    0.00000000    0.00000000    0.00000000    0.00000000    0.00000000    0.00000000    0.00000000    0.00000000    0.00000000 
max(|FNEB|)      :   0.00000000    0.00658947    0.01588587    0.01979409    0.02922202    0.02683313    0.01710890    0.02826982    0.01440746    0.00000000 
max(|Force|)     :   0.00136476    0.00658507    0.00689906    0.01854338    0.02569798    0.02698384    0.01573978    0.01524198    0.01448382    0.00139060 
ksp              :   0.01000000    0.01238772    0.04498618    0.09539661    0.10000000    0.10000000    0.05462692    0.01000000    0.01000000 
max(|step|)      :   0.00000000    0.00317202    0.01535689    0.01801501    0.00693790    0.00856227    0.01796925    0.02207502    0.00614164    0.00000000 
angle (deg.)     :    4.6259  10.1150  22.0814  12.9516  12.4404  16.0151  16.4323  5.4580 
>
iteration       : 13
climbing        : yes
zoom on         : no
nim             : 10
barrier         :   0.02093341 (image:  5) 
distance        :   0.00000000    2.32939778    4.53272995    5.86153401    6.76208119    7.85376061    8.82446578   10.10737294   13.05024523   14.90790610 
energy          : -1076.60715217  -1076.60838488  -1076.60684143  -1076.59936634  -1076.58754775  -1076.58621876  -1076.59662596  -1076.61384540  -1076.62802573  -1076.63040402 
max(|Fr_perp|)   :   0.00000000    0.00503790    0.00543215    0.01407031    0.02655836    0.02470898    0.01077680    0.01580606    0.01009622    0.00000000 
Fr_paral         :   0.00000000   -0.00013080   -0.00302764   -0.01788857   -0.00818086    0.00525563    0.01945111    0.01124373    0.00293704    0.00000000 
max(|Fsp_paral|) :   0.00000000    0.00052940    0.00961575    0.00950941    0.00621601    0.00319326    0.00917105    0.01235490    0.00380035    0.00000000 
max(|Fsp_perp|)  :   0.00000000    0.00000000    0.00000000    0.00000000    0.00000000    0.00000000    0.00000000    0.00000000    0.00000000    0.00000000 
max(|FNEB|)      :   0.00000000    0.00503989    0.01502770    0.02004195    0.02838802    0.02551518    0.01720763    0.02601522    0.01009092    0.00000000 
max(|Force|)     :   0.00136476    0.00503782    0.00575556    0.01844231    0.02472870    0.02588607    0.01519729    0.01304112    0.01009834    0.00139060 
ksp              :   0.01000000    0.01133600    0.04347399    0.09428623    0.10000000    0.10000000    0.05525587    0.01000000    0.01000000 
max(|step|)      :   0.00000000    0.01396069    0.06675067    0.07488741    0.03124175    0.03524257    0.07656254    0.10000000    0.02787755    0.00000000 
angle (deg.)     :    5.0143  10.1416  28.8639  14.8231  16.2785  21.0134  19.1457  5.8099 
>
iteration       : 14
climbing        : yes
zoom on         : no
nim             : 10
barrier         :   0.02048361 (image:  5) 
distance        :   0.00000000    2.34921794    4.75047952    6.09991439    6.87712254    7.85440854    8.74182821    9.96772032   13.12609713   15.05131920 
energy          : -1076.60715217  -1076.60855883  -1076.60755365  -1076.60097830  -1076.58903914  -1076.58666857  -1076.59618512  -1076.61361494  -1076.62779009  -1076.63040402 
max(|Fr_perp|)   :   0.00000000    0.00663436    0.00715581    0.00986775    0.01766705    0.01514944    0.00744293    0.01382862    0.02018992    0.00000000 
Fr_paral         :   0.00000000    0.00004688   -0.00252710   -0.01927057   -0.01031345    0.00437642    0.02109000    0.01176782    0.00257906    0.00000000 
max(|Fsp_paral|) :   0.00000000    0.00016476    0.00762838    0.00777810    0.00827574    0.00274615    0.00705056    0.01163077    0.00430549    0.00000000 
max(|Fsp_perp|)  :   0.00000000    0.00000000    0.00000000    0.00000000    0.00000000    0.00000000    0.00000000    0.00000000    0.00000000    0.00000000 
max(|FNEB|)      :   0.00000000    0.00673973    0.01206650    0.01157526    0.01998391    0.01676395    0.00950621    0.02358625    0.02056403    0.00000000 
max(|Force|)     :   0.00136476    0.00673985    0.00725387    0.01755357    0.01576006    0.01625850    0.01548391    0.01131903    0.02053446    0.00139060 
ksp              :   0.01000000    0.01000000    0.03714008    0.08959473    0.10000000    0.10000000    0.05817551    0.01000000    0.01000000 
max(|step|)      :   0.00000000    0.00862646    0.01544441    0.01481565    0.02557823    0.02145687    0.01216738    0.03018900    0.02632074    0.00000000 
angle (deg.)     :    5.1284  10.1117  29.6622  14.8040  17.1436  21.8045  19.4536  6.2348 
>
iteration       : 15
climbing        : yes
zoom on         : no
nim             : 10
barrier         :   0.02028343 (image:  5) 
distance        :   0.00000000    2.35005983    4.78557850    6.13701971    6.90329483    7.85634720    8.73440031    9.93803723   13.13442300   15.07571906 
energy          : -1076.60715217  -1076.60860862  -1076.60773520  -1076.60133700  -1076.58937461  -1076.58686875  -1076.59623612  -1076.61353351  -1076.62771035  -1076.63040402 
max(|Fr_perp|)   :   0.00000000    0.00732746    0.00803732    0.00946096    0.01378730    0.01277246    0.00686720    0.01385044    0.02217756    0.00000000 
Fr_paral         :   0.00000000    0.00006753   -0.00258299   -0.01931657   -0.01049068    0.00402634    0.02134814    0.01246195    0.00215761    0.00000000 
max(|Fsp_paral|) :   0.00000000    0.00026885    0.00689110    0.00796397    0.00826707    0.00234615    0.00720798    0.01161878    0.00431962    0.00000000 
max(|Fsp_perp|)  :   0.00000000    0.00000000    0.00000000    0.00000000    0.00000000    0.00000000    0.00000000    0.00000000    0.00000000    0.00000000 
max(|FNEB|)      :   0.00000000    0.00732557    0.01222300    0.00951386    0.02000593    0.01356703    0.00910863    0.02548354    0.02225782    0.00000000 
max(|Force|)     :   0.00136476    0.00732731    0.00805560    0.01726110    0.01159358    0.01197788    0.01519953    0.01352251    0.02216335    0.00139060 
ksp              :   0.01000000    0.01000000    0.03580263    0.08888119    0.10000000    0.10000000    0.05843582    0.01000000    0.01000000 
max(|step|)      :   0.00000000    0.00265600    0.01141882    0.01300354    0.01085149    0.00500711    0.01241007    0.02024626    0.00697936    0.00000000 
angle (deg.)     :    5.1736  10.2555  30.4875  14.4674  18.0356  22.6863  20.0853  6.2641 
>
iteration       : 16
climbing        : yes
zoom on         : no
nim             : 10
barrier         :   0.02028633 (image:  5) 
distance        :   0.00000000    2.35118124    4.82117975    6.17605563    6.94129320    7.86154257    8.72683657    9.90825676   13.14462623   15.10238434 
energy          : -1076.60715217  -1076.60866456  -1076.60790407  -1076.60162896  -1076.58940775  -1076.58686585  -1076.59620369  -1076.61339986  -1076.62777335  -1076.63040402 
max(|Fr_perp|)   :   0.00000000    0.00690010    0.00750389    0.00911733    0.01575723    0.01494274    0.00619412    0.01450874    0.02022989    0.00000000 
Fr_paral         :   0.00000000    0.00011294   -0.00246572   -0.01954946   -0.01081356    0.00392306    0.02175871    0.01264547    0.00220919    0.00000000 
max(|Fsp_paral|) :   0.00000000    0.00037423    0.00633254    0.00862364    0.00757258    0.00175542    0.00730935    0.01111903    0.00439862    0.00000000 
max(|Fsp_perp|)  :   0.00000000    0.00000000    0.00000000    0.00000000    0.00000000    0.00000000    0.00000000    0.00000000    0.00000000    0.00000000 
max(|FNEB|)      :   0.00000000    0.00689729    0.01181738    0.01091042    0.02115228    0.01569820    0.00821123    0.02564194    0.02030521    0.00000000 
max(|Force|)     :   0.00136476    0.00689985    0.00752108    0.01708992    0.01370301    0.01418728    0.01537123    0.01434989    0.02021645    0.00139060 
ksp              :   0.01000000    0.01000000    0.03450366    0.08872287    0.10000000    0.10000000    0.05857280    0.01000000    0.01000000 
max(|step|)      :   0.00000000    0.01248640    0.05318257    0.06021074    0.04271107    0.02059789    0.05321081    0.10000000    0.03270597    0.00000000 
angle (deg.)     :    5.4580  11.2237  34.6790  13.6247  22.3774  26.7646  23.7177  6.5081 
>
iteration       : 17
climbing        : yes
zoom on         : no
nim             : 10
barrier         :   0.01998646 (image:  5) 
distance        :   0.00000000    2.35902881    4.98287851    6.37477286    7.11051591    7.89590840    8.70444434    9.78809757   13.20951816   15.24983033 
energy          : -1076.60715217  -1076.60876123  -1076.60851481  -1076.60242501  -1076.58990198  -1076.58716572  -1076.59566425  -1076.61284585  -1076.62732715  -1076.63040402 
max(|Fr_perp|)   :   0.00000000    0.00872366    0.00978738    0.01177369    0.00880161    0.00599764    0.00766723    0.00927797    0.02904156    0.00000000 
Fr_paral         :   0.00000000    0.00023083   -0.00205689   -0.02045236   -0.01243009    0.00314707    0.02311825    0.01392106    0.00216779    0.00000000 
max(|Fsp_paral|) :   0.00000000    0.00083907    0.00500928    0.00901434    0.00508761    0.00082404    0.00650468    0.00934077    0.00476653    0.00000000 
max(|Fsp_perp|)  :   0.00000000    0.00000000    0.00000000    0.00000000    0.00000000    0.00000000    0.00000000    0.00000000    0.00000000    0.00000000 
max(|FNEB|)      :   0.00000000    0.00885897    0.00981907    0.01194152    0.01161422    0.00635569    0.00814353    0.01872494    0.02957936    0.00000000 
max(|Force|)     :   0.00136476    0.00886705    0.00996547    0.01657264    0.00896388    0.00620503    0.01592298    0.01282716    0.02945907    0.00139060 
ksp              :   0.01000000    0.01000000    0.03131340    0.08768571    0.10000000    0.10000000    0.06173771    0.01000000    0.01000000 
max(|step|)      :   0.00000000    0.00948292    0.01051065    0.01278258    0.01243224    0.00680333    0.00871709    0.02004379    0.03166270    0.00000000 
angle (deg.)     :    5.4683  11.3996  35.3461  13.5636  22.9270  27.1525  24.4700  6.3285 
>
iteration       : 18
climbing        : yes
zoom on         : no
nim             : 10
barrier         :   0.01982454 (image:  5) 
distance        :   0.00000000    2.36201671    5.00342291    6.40661071    7.13646095    7.90409241    8.70261555    9.77063621   13.21758424   15.27223431 
energy          : -1076.60715217  -1076.60887160  -1076.60872321  -1076.60258391  -1076.59006573  -1076.58732764  -1076.59567300  -1076.61288855  -1076.62767781  -1076.63040402 
max(|Fr_perp|)   :   0.00000000    0.00655620    0.00738245    0.00946619    0.00614899    0.00448687    0.00599053    0.00842487    0.02241583    0.00000000 
Fr_paral         :   0.00000000    0.00033699   -0.00195204   -0.02076178   -0.01259999    0.00303974    0.02325261    0.01398960    0.00252183    0.00000000 
max(|Fsp_paral|) :   0.00000000    0.00088564    0.00483191    0.00904235    0.00473476    0.00111093    0.00638465    0.00890716    0.00483196    0.00000000 
max(|Fsp_perp|)  :   0.00000000    0.00000000    0.00000000    0.00000000    0.00000000    0.00000000    0.00000000    0.00000000    0.00000000    0.00000000 
max(|FNEB|)      :   0.00000000    0.00655558    0.00747973    0.01027929    0.00830078    0.00448890    0.00684707    0.01365548    0.02244792    0.00000000 
max(|Force|)     :   0.00136476    0.00655599    0.00737027    0.01665078    0.00871477    0.00448484    0.01531556    0.01217718    0.02241052    0.00139060 
ksp              :   0.01000000    0.01000000    0.03073912    0.08756951    0.10000000    0.10000000    0.06211347    0.01000000    0.01000000 
max(|step|)      :   0.00000000    0.00193678    0.00568140    0.00899881    0.00580875    0.00260927    0.00701190    0.01256355    0.00527107    0.00000000 
angle (deg.)     :    5.5168  11.5660  35.9305  13.5733  23.4378  27.4607  25.1225  6.3791 
>
iteration       : 19
climbing        : yes
zoom on         : no
nim             : 10
barrier         :   0.01976430 (image:  5) 
distance        :   0.00000000    2.36484395    5.02192340    6.43579437    7.15976601    7.91183978    8.70140647    9.75512131   13.22452741   15.29289503 
energy          : -1076.60715217  -1076.60892292  -1076.60884973  -1076.60265479  -1076.59012485  -1076.58738788  -1076.59561422  -1076.61282238  -1076.62779420  -1076.63040402 
max(|Fr_perp|)   :   0.00000000    0.00559826    0.00624725    0.00768367    0.00650066    0.00385220    0.00488976    0.00790031    0.01821603    0.00000000 
Fr_paral         :   0.00000000    0.00037479   -0.00192228   -0.02104620   -0.01269207    0.00293988    0.02333317    0.01417016    0.00256050    0.00000000 
max(|Fsp_paral|) :   0.00000000    0.00092666    0.00477895    0.00890590    0.00441862    0.00136384    0.00623901    0.00863536    0.00486027    0.00000000 
max(|Fsp_perp|)  :   0.00000000    0.00000000    0.00000000    0.00000000    0.00000000    0.00000000    0.00000000    0.00000000    0.00000000    0.00000000 
max(|FNEB|)      :   0.00000000    0.00559802    0.00679156    0.00965407    0.00844080    0.00385358    0.00645518    0.01361544    0.01823793    0.00000000 
max(|Force|)     :   0.00136476    0.00559807    0.00623466    0.01669912    0.00853395    0.00427454    0.01491719    0.01177835    0.01821254    0.00139060 
ksp              :   0.01000000    0.01000000    0.03047957    0.08753671    0.10000000    0.10000000    0.06253999    0.01000000    0.01000000 
max(|step|)      :   0.00000000    0.01515610    0.04780535    0.07140795    0.04340393    0.01945243    0.05533698    0.10000000    0.04594747    0.00000000 
angle (deg.)     :    5.9819  13.0176  41.2835  14.0989  27.7612  29.8068  31.3673  7.0071 
>
iteration       : 20
climbing        : yes
zoom on         : no
nim             : 10
barrier         :   0.01960367 (image:  5) 
distance        :   0.00000000    2.38975226    5.17551133    6.67746658    7.35144817    7.98918299    8.71353323    9.65299316   13.30338722   15.48862955 
energy          : -1076.60715217  -1076.60913120  -1076.60958839  -1076.60271675  -1076.59026709  -1076.58754850  -1076.59472540  -1076.61195218  -1076.62774721  -1076.63040402 
max(|Fr_perp|)   :   0.00000000    0.00175161    0.00352074    0.00600760    0.00390235    0.00396792    0.00387405    0.00635198    0.01317723    0.00000000 
Fr_paral         :   0.00000000    0.00047760   -0.00161810   -0.02327362   -0.01337496    0.00201663    0.02357235    0.01625246    0.00236956    0.00000000 
max(|Fsp_paral|) :   0.00000000    0.00125407    0.00512295    0.00632129    0.00202124    0.00345893    0.00489512    0.00855369    0.00504539    0.00000000 
max(|Fsp_perp|)  :   0.00000000    0.00000000    0.00000000    0.00000000    0.00000000    0.00000000    0.00000000    0.00000000    0.00000000    0.00000000 
max(|FNEB|)      :   0.00000000    0.00191982    0.00711642    0.00654624    0.00437586    0.00400983    0.00433184    0.01223642    0.01356333    0.00000000 
max(|Force|)     :   0.00136476    0.00175555    0.00374826    0.01702322    0.00752142    0.00399407    0.01412108    0.01086008    0.01355147    0.00139060 
ksp              :   0.01000000    0.01000000    0.03037471    0.08752414    0.10000000    0.10000000    0.06704551    0.01000000    0.01000000 
max(|step|)      :   0.00000000    0.00504325    0.01869440    0.01719656    0.01149510    0.01053358    0.01137948    0.03214432    0.03563002    0.00000000 
angle (deg.)     :    6.0611  13.6066  43.1782  14.3209  28.5361  29.6568  33.6835  7.1807 
>
iteration       : 21
climbing        : yes
zoom on         : no
nim             : 10
barrier         :   0.01946055 (image:  5) 
distance        :   0.00000000    2.40022032    5.22610036    6.73689959    7.39388180    8.01529471    8.72368615    9.62485602   13.31779045   15.54172856 
energy          : -1076.60715217  -1076.60917336  -1076.60979073  -1076.60274189  -1076.59040934  -1076.58769163  -1076.59444203  -1076.61155617  -1076.62652171  -1076.63040402 
max(|Fr_perp|)   :   0.00000000    0.00514981    0.00589987    0.01432644    0.00966231    0.00763749    0.01326477    0.00737653    0.04054365    0.00000000 
Fr_paral         :   0.00000000    0.00053202   -0.00148525   -0.02358010   -0.01347175    0.00177372    0.02311221    0.01723568    0.00197384    0.00000000 
max(|Fsp_paral|) :   0.00000000    0.00134796    0.00512249    0.00558648    0.00203284    0.00354380    0.00463459    0.00850121    0.00507131    0.00000000 
max(|Fsp_perp|)  :   0.00000000    0.00000000    0.00000000    0.00000000    0.00000000    0.00000000    0.00000000    0.00000000    0.00000000    0.00000000 
max(|FNEB|)      :   0.00000000    0.00512104    0.00793371    0.01432503    0.01022799    0.00742917    0.01331297    0.01198031    0.04068610    0.00000000 
max(|Force|)     :   0.00136476    0.00514592    0.00591511    0.01680696    0.00898714    0.00784581    0.01391129    0.01308029    0.04052417    0.00139060 
ksp              :   0.01000000    0.01000000    0.03039640    0.08743130    0.10000000    0.10000000    0.06878115    0.01000000    0.01000000 
max(|step|)      :   0.00000000    0.00560931    0.01797350    0.01886178    0.01176317    0.00722546    0.01196291    0.03075470    0.01712554    0.00000000 
angle (deg.)     :    6.2118  14.1374  45.3174  14.5470  29.3837  29.2438  36.3557  7.2561 
>
iteration       : 22
climbing        : yes
zoom on         : no
nim             : 10
barrier         :   0.01951556 (image:  5) 
distance        :   0.00000000    2.41216957    5.28225686    6.80151561    7.44182871    8.04614820    8.73810347    9.59841892   13.33736011   15.60362102 
energy          : -1076.60715217  -1076.60921024  -1076.60995022  -1076.60284427  -1076.59045213  -1076.58763661  -1076.59411951  -1076.61106737  -1076.62694630  -1076.63040402 
max(|Fr_perp|)   :   0.00000000    0.00356769    0.00447964    0.00952609    0.00799925    0.00620052    0.00859300    0.00807077    0.03154303    0.00000000 
Fr_paral         :   0.00000000    0.00057834   -0.00140084   -0.02428011   -0.01387721    0.00148732    0.02310547    0.01847311    0.00238648    0.00000000 
max(|Fsp_paral|) :   0.00000000    0.00145032    0.00482288    0.00514753    0.00208874    0.00364961    0.00470428    0.00822762    0.00507515    0.00000000 
max(|Fsp_perp|)  :   0.00000000    0.00000000    0.00000000    0.00000000    0.00000000    0.00000000    0.00000000    0.00000000    0.00000000    0.00000000 
max(|FNEB|)      :   0.00000000    0.00353867    0.00759171    0.00951341    0.00852009    0.00604185    0.00861124    0.01084122    0.03165774    0.00000000 
max(|Force|)     :   0.00136476    0.00356372    0.00468434    0.01660846    0.00813888    0.00635918    0.01446205    0.01470176    0.03152401    0.00139060 
ksp              :   0.01000000    0.01000000    0.02986677    0.08701565    0.10000000    0.10000000    0.07010279    0.01000000    0.01000000 
max(|step|)      :   0.00000000    0.01915913    0.05838132    0.06176574    0.03946032    0.02345103    0.03941650    0.10000000    0.05783770    0.00000000 
angle (deg.)     :    6.7745  15.9022  53.0597  15.1452  32.1083  26.3313  47.3458  7.8572 
>
iteration       : 23
climbing        : yes
zoom on         : no
nim             : 10
barrier         :   0.01967641 (image:  5) 
distance        :   0.00000000    2.45451356    5.47012566    7.01702907    7.61293139    8.16604945    8.80782892    9.55215414   13.43912818   15.85119163 
energy          : -1076.60715217  -1076.60928156  -1076.61045127  -1076.60287400  -1076.59045488  -1076.58747576  -1076.59283316  -1076.60933587  -1076.62722746  -1076.63040402 
max(|Fr_perp|)   :   0.00000000    0.00420027    0.00622951    0.00815355    0.00897683    0.00892134    0.00794739    0.00720648    0.00994255    0.00000000 
Fr_paral         :   0.00000000    0.00062394   -0.00118912   -0.02614356   -0.01460150    0.00049521    0.02169902    0.02268927    0.00283927    0.00000000 
max(|Fsp_paral|) :   0.00000000    0.00177560    0.00448404    0.00304493    0.00182021    0.00392782    0.00436084    0.00750167    0.00504867    0.00000000 
max(|Fsp_perp|)  :   0.00000000    0.00000000    0.00000000    0.00000000    0.00000000    0.00000000    0.00000000    0.00000000    0.00000000    0.00000000 
max(|FNEB|)      :   0.00000000    0.00409066    0.00648761    0.00814383    0.00902648    0.00898185    0.00799531    0.00787149    0.01022113    0.00000000 
max(|Force|)     :   0.00136476    0.00420824    0.00626591    0.01624779    0.00899734    0.00898588    0.01410001    0.01705692    0.01014208    0.00139060 
ksp              :   0.01000000    0.01000000    0.02960161    0.08638227    0.10000000    0.10000000    0.07549859    0.01000000    0.01000000 
max(|step|)      :   0.00000000    0.00771029    0.01222819    0.01534994    0.01701361    0.01692948    0.01506999    0.01483661    0.01926535    0.00000000 
angle (deg.)     :    6.8899  16.1557  53.9314  14.9893  32.3057  25.0141  49.1691  8.2122 
>
iteration       : 24
climbing        : yes
zoom on         : no
nim             : 10
barrier         :   0.01897531 (image:  5) 
distance        :   0.00000000    2.46520815    5.50282499    7.04391519    7.63919721    8.18543775    8.81612413    9.54348786   13.44258954   15.88329790 
energy          : -1076.60715217  -1076.60943779  -1076.61081878  -1076.60326182  -1076.59105733  -1076.58817686  -1076.59299658  -1076.60923887  -1076.62713996  -1076.63040402 
max(|Fr_perp|)   :   0.00000000    0.00499083    0.00512218    0.01626305    0.01114517    0.00273197    0.01689613    0.00700421    0.02156041    0.00000000 
Fr_paral         :   0.00000000    0.00069081   -0.00108717   -0.02589987   -0.01418323    0.00028978    0.02036594    0.02298617    0.00243620    0.00000000 
max(|Fsp_paral|) :   0.00000000    0.00180781    0.00386848    0.00406181    0.00153900    0.00376858    0.00381801    0.00766856    0.00496913    0.00000000 
max(|Fsp_perp|)  :   0.00000000    0.00000000    0.00000000    0.00000000    0.00000000    0.00000000    0.00000000    0.00000000    0.00000000    0.00000000 
max(|FNEB|)      :   0.00000000    0.00501449    0.00585055    0.01632862    0.01120725    0.00273253    0.01702819    0.01003142    0.02158328    0.00000000 
max(|Force|)     :   0.00136476    0.00499399    0.00511745    0.01654804    0.01083221    0.00273140    0.01646866    0.01419094    0.02155705    0.00139060 
ksp              :   0.01000000    0.01000000    0.02845198    0.08633791    0.10000000    0.10000000    0.07714006    0.01000000    0.01000000 
max(|step|)      :   0.00000000    0.00437386    0.00928486    0.00944587    0.00839557    0.00812331    0.00972673    0.01391587    0.01334036    0.00000000 
angle (deg.)     :    6.9971  16.5294  54.6959  14.8734  32.4970  23.5869  50.9924  8.4102 
>
iteration       : 25
climbing        : yes
zoom on         : no
nim             : 10
barrier         :   0.01898387 (image:  5) 
distance        :   0.00000000    2.47587886    5.53297571    7.07107555    7.66356697    8.20398988    8.82471921    9.53432779   13.44486485   15.91321587 
energy          : -1076.60715217  -1076.60948857  -1076.61093733  -1076.60344121  -1076.59110999  -1076.58816830  -1076.59300026  -1076.60887234  -1076.62744459  -1076.63040402 
max(|Fr_perp|)   :   0.00000000    0.00155231    0.00316670    0.00386596    0.00367223    0.00371258    0.00335604    0.00436921    0.00240923    0.00000000 
Fr_paral         :   0.00000000    0.00068206   -0.00103692   -0.02643083   -0.01445557    0.00028717    0.02045221    0.02361156    0.00253072    0.00000000 
max(|Fsp_paral|) :   0.00000000    0.00183339    0.00341088    0.00461928    0.00146280    0.00359298    0.00405316    0.00718399    0.00491269    0.00000000 
max(|Fsp_perp|)  :   0.00000000    0.00000000    0.00000000    0.00000000    0.00000000    0.00000000    0.00000000    0.00000000    0.00000000    0.00000000 
max(|FNEB|)      :   0.00000000    0.00222546    0.00472828    0.00423167    0.00368857    0.00371320    0.00452451    0.00693133    0.00567231    0.00000000 
max(|Force|)     :   0.00136476    0.00154402    0.00332231    0.01674006    0.00742556    0.00371196    0.01143915    0.01375766    0.00249530    0.00139060 
ksp              :   0.01000000    0.01000000    0.02759316    0.08605386    0.10000000    0.10000000    0.07709233    0.01000000    0.01000000 
max(|step|)      :   0.00000000    0.00536011    0.01185513    0.01045287    0.00790207    0.00607111    0.00977748    0.01700732    0.01364566    0.00000000 
angle (deg.)     :    7.1230  17.1576  55.5982  14.7699  32.7121  21.8152  53.5233  8.6790 
>
iteration       : 26
climbing        : yes
zoom on         : no
nim             : 10
barrier         :   0.01901096 (image:  5) 
distance        :   0.00000000    2.49012123    5.56982629    7.10757449    7.69421892    8.22728810    8.83438346    9.52331331   13.44647848   15.95115796 
energy          : -1076.60715217  -1076.60950270  -1076.61105070  -1076.60328467  -1076.59104530  -1076.58814121  -1076.59270973  -1076.60829942  -1076.62733218  -1076.63040402 
max(|Fr_perp|)   :   0.00000000    0.00192763    0.00320690    0.00492894    0.00464871    0.00468056    0.00513495    0.00391424    0.00546329    0.00000000 
Fr_paral         :   0.00000000    0.00066475   -0.00103703   -0.02676479   -0.01432535    0.00020602    0.01977321    0.02455273    0.00248234    0.00000000 
max(|Fsp_paral|) :   0.00000000    0.00185791    0.00365843    0.00384231    0.00130305    0.00332905    0.00369910    0.00702501    0.00482726    0.00000000 
max(|Fsp_perp|)  :   0.00000000    0.00000000    0.00000000    0.00000000    0.00000000    0.00000000    0.00000000    0.00000000    0.00000000    0.00000000 
max(|FNEB|)      :   0.00000000    0.00227524    0.00481341    0.00492026    0.00466654    0.00468095    0.00513986    0.00555064    0.00575433    0.00000000 
max(|Force|)     :   0.00136476    0.00191930    0.00321666    0.01690746    0.00716300    0.00468018    0.01131647    0.01436486    0.00543728    0.00139060 
ksp              :   0.01000000    0.01000000    0.02830918    0.08625172    0.10000000    0.10000000    0.07837212    0.01000000    0.01000000 
max(|step|)      :   0.00000000    0.03305161    0.07340391    0.06297441    0.04770302    0.03692186    0.05592215    0.10000000    0.08378653    0.00000000 
angle (deg.)     :    7.8987  21.0192  61.3860  14.2902  33.8738  11.2515  71.8773  10.4199 
>
iteration       : 27
climbing        : yes
zoom on         : no
nim             : 10
barrier         :   0.01920654 (image:  5) 
distance        :   0.00000000    2.57831934    5.79884994    7.32822747    7.88909758    8.38335869    8.91408503    9.51354951   13.50896409   16.23448723 
energy          : -1076.60715217  -1076.60955721  -1076.61167745  -1076.60223345  -1076.59058190  -1076.58794563  -1076.59093073  -1076.60454309  -1076.62614895  -1076.63040402 
max(|Fr_perp|)   :   0.00000000    0.00562007    0.00568201    0.01819342    0.01286857    0.00864785    0.02008794    0.00793756    0.02862266    0.00000000 
Fr_paral         :   0.00000000    0.00058364   -0.00108396   -0.02805087   -0.01322793   -0.00030174    0.01508704    0.02850969    0.00190762    0.00000000 
max(|Fsp_paral|) :   0.00000000    0.00201353    0.00525890    0.00081271    0.00012623    0.00168901    0.00080408    0.02063951    0.02079197    0.00000000 
max(|Fsp_perp|)  :   0.00000000    0.00000000    0.00000000    0.00000000    0.00000000    0.00000000    0.00000000    0.00000000    0.00000000    0.00000000 
max(|FNEB|)      :   0.00000000    0.00565555    0.00669665    0.01847620    0.01306265    0.00868125    0.02040154    0.02085879    0.02996863    0.00000000 
max(|Force|)     :   0.00136476    0.00569316    0.00577153    0.01848111    0.01292743    0.00867895    0.02013230    0.01626198    0.02894534    0.00139060 
ksp              :   0.01000000    0.01000000    0.03310474    0.08766600    0.10000000    0.10000000    0.08604694    0.02228798    0.01000000 
max(|step|)      :   0.00000000    0.00801455    0.00948992    0.02618287    0.01851126    0.01230232    0.02891130    0.02955927    0.04246895    0.00000000 
angle (deg.)     :    7.9505  21.2744  61.7115  14.4508  33.7013  11.7340  73.0583  9.6990 
>
iteration       : 28
climbing        : yes
zoom on         : no
nim             : 10
barrier         :   0.01856401 (image:  5) 
distance        :   0.00000000    2.58752997    5.82632855    7.33615402    7.90069870    8.39623893    8.92710213    9.57880535   13.47268152   16.28364204 
energy          : -1076.60715217  -1076.60970005  -1076.61197431  -1076.60268674  -1076.59114908  -1076.58858816  -1076.59119265  -1076.60632155  -1076.62555633  -1076.63040402 
max(|Fr_perp|)   :   0.00000000    0.00739295    0.00728372    0.02489482    0.01792398    0.00398129    0.02747161    0.00820491    0.04283482    0.00000000 
Fr_paral         :   0.00000000    0.00076155   -0.00093209   -0.02751254   -0.01284246   -0.00056573    0.01407754    0.02712211    0.00230026    0.00000000 
max(|Fsp_paral|) :   0.00000000    0.00204340    0.00438562    0.00093303    0.00005380    0.00165215    0.00210994    0.00128677    0.00890121    0.00000000 
max(|Fsp_perp|)  :   0.00000000    0.00000000    0.00000000    0.00000000    0.00000000    0.00000000    0.00000000    0.00000000    0.00000000    0.00000000 
max(|FNEB|)      :   0.00000000    0.00741484    0.00782406    0.02489166    0.01791847    0.00397885    0.02733351    0.00834910    0.04291443    0.00000000 
max(|Force|)     :   0.00136476    0.00739582    0.00728040    0.02448957    0.01750847    0.00398373    0.02698343    0.01350593    0.04282839    0.00139060 
ksp              :   0.01000000    0.01000000    0.03164881    0.08758443    0.10000000    0.10000000    0.08737317    0.01402692    0.01000000 
max(|step|)      :   0.00000000    0.00327787    0.00564913    0.01110792    0.00804468    0.00363078    0.01217455    0.00384135    0.02000375    0.00000000 
angle (deg.)     :    7.9720  21.4581  61.8244  14.5077  33.6274  11.0360  73.3121  9.5179 
>
iteration       : 29
climbing        : yes
zoom on         : no
nim             : 10
barrier         :   0.01843899 (image:  5) 
distance        :   0.00000000    2.59278012    5.84045905    7.34181849    7.90652103    8.40304340    8.93683362    9.59093887   13.45579268   16.29451920 
energy          : -1076.60715217  -1076.60980390  -1076.61211858  -1076.60330684  -1076.59148842  -1076.58871318  -1076.59182819  -1076.60667581  -1076.62672265  -1076.63040402 
max(|Fr_perp|)   :   0.00000000    0.00202904    0.00292059    0.00670533    0.00464370    0.00229725    0.00710765    0.00301413    0.00703034    0.00000000 
Fr_paral         :   0.00000000    0.00083861   -0.00078665   -0.02807723   -0.01381569   -0.00046119    0.01590779    0.02697778    0.00292599    0.00000000 
max(|Fsp_paral|) :   0.00000000    0.00205547    0.00305293    0.00316869    0.00041188    0.00172958    0.00114176    0.00433980    0.00647007    0.00000000 
max(|Fsp_perp|)  :   0.00000000    0.00000000    0.00000000    0.00000000    0.00000000    0.00000000    0.00000000    0.00000000    0.00000000    0.00000000 
max(|FNEB|)      :   0.00000000    0.00237354    0.00494232    0.00672613    0.00464581    0.00230316    0.00707387    0.00512102    0.00815704    0.00000000 
max(|Force|)     :   0.00136476    0.00203327    0.00304544    0.01693380    0.00677828    0.00229134    0.00905701    0.01406439    0.00703934    0.00139060 
ksp              :   0.01000000    0.01000000    0.02876891    0.08645415    0.10000000    0.10000000    0.08479577    0.01232509    0.01000000 
max(|step|)      :   0.00000000    0.00356109    0.00779763    0.00560745    0.00506515    0.00502749    0.00581391    0.00369608    0.01681077    0.00000000 
angle (deg.)     :    8.0278  21.9217  61.9129  14.6876  33.4797  11.0853  73.6831  9.4760 
>
iteration       : 30
climbing        : yes
zoom on         : no
nim             : 10
barrier         :   0.01837565 (image:  5) 
distance        :   0.00000000    2.60250148    5.86180232    7.35473786    7.91690106    8.41407646    8.95150271    9.60549344   13.42828352   16.30977763 
energy          : -1076.60715217  -1076.60983782  -1076.61221431  -1076.60334396  -1076.59157365  -1076.58877652  -1076.59197060  -1076.60684453  -1076.62666472  -1076.63040402 
max(|Fr_perp|)   :   0.00000000    0.00109743    0.00314683    0.00285993    0.00248695    0.00226446    0.00283840    0.00171637    0.00237227    0.00000000 
Fr_paral         :   0.00000000    0.00086669   -0.00074493   -0.02816867   -0.01388854   -0.00047082    0.01617580    0.02704063    0.00293108    0.00000000 
max(|Fsp_paral|) :   0.00000000    0.00206204    0.00289594    0.00324055    0.00059612    0.00186620    0.00077881    0.00619401    0.00510214    0.00000000 
max(|Fsp_perp|)  :   0.00000000    0.00000000    0.00000000    0.00000000    0.00000000    0.00000000    0.00000000    0.00000000    0.00000000    0.00000000 
max(|FNEB|)      :   0.00000000    0.00236914    0.00416247    0.00289604    0.00247964    0.00227025    0.00284918    0.00620857    0.00566217    0.00000000 
max(|Force|)     :   0.00136476    0.00126636    0.00326558    0.01686914    0.00699190    0.00225867    0.00886230    0.01485177    0.00234289    0.00139060 
ksp              :   0.01000000    0.01000000    0.02865180    0.08630028    0.10000000    0.10000000    0.08435611    0.01150677    0.01000000 
max(|step|)      :   0.00000000    0.00693171    0.01316386    0.00838308    0.00722802    0.00662384    0.00632787    0.00569962    0.02624566    0.00000000 
angle (deg.)     :    8.1589  22.8346  62.0348  15.0140  33.2231  11.2135  74.1475  9.6139 
>
iteration       : 31
climbing        : yes
zoom on         : no
nim             : 10
barrier         :   0.01837385 (image:  5) 
distance        :   0.00000000    2.62157465    5.90184598    7.38059203    7.93758113    8.43546618    8.97969291    9.62027052   13.37906711   16.32984360 
energy          : -1076.60715217  -1076.60986492  -1076.61233632  -1076.60320597  -1076.59157709  -1076.58877833  -1076.59207454  -1076.60669709  -1076.62640826  -1076.63040402 
max(|Fr_perp|)   :   0.00000000    0.00149182    0.00332947    0.00460617    0.00330640    0.00237794    0.00531356    0.00177847    0.01139980    0.00000000 
Fr_paral         :   0.00000000    0.00088548   -0.00071847   -0.02827712   -0.01384643   -0.00046564    0.01643458    0.02755706    0.00293650    0.00000000 
max(|Fsp_paral|) :   0.00000000    0.00206783    0.00299568    0.00266007    0.00085523    0.00214490    0.00038565    0.00428983    0.00552848    0.00000000 
max(|Fsp_perp|)  :   0.00000000    0.00000000    0.00000000    0.00000000    0.00000000    0.00000000    0.00000000    0.00000000    0.00000000    0.00000000 
max(|FNEB|)      :   0.00000000    0.00236044    0.00432585    0.00461177    0.00331045    0.00238191    0.00532135    0.00399754    0.01150520    0.00000000 
max(|Force|)     :   0.00136476    0.00147477    0.00344563    0.01686488    0.00721362    0.00237398    0.00953330    0.01603293    0.01138033    0.00139060 
ksp              :   0.01000000    0.01000000    0.02932958    0.08629090    0.10000000    0.10000000    0.08385426    0.01222911    0.01000000 
max(|step|)      :   0.00000000    0.02665035    0.05071042    0.03193760    0.02769605    0.02541077    0.02426910    0.01908300    0.10000000    0.00000000 
angle (deg.)     :    8.6893  26.3920  62.5435  16.2406  32.3740  11.9330  76.1178  10.2239 
>
iteration       : 32
climbing        : yes
zoom on         : no
nim             : 10
barrier         :   0.01863179 (image:  5) 
distance        :   0.00000000    2.69542104    6.05734517    7.48148082    8.02340181    8.52291600    9.08801068    9.68901815   13.20097846   16.41775761 
energy          : -1076.60715217  -1076.60990241  -1076.61266796  -1076.60243161  -1076.59126574  -1076.58852039  -1076.59210744  -1076.60606191  -1076.62555240  -1076.63040402 
max(|Fr_perp|)   :   0.00000000    0.00406900    0.00501624    0.01327297    0.00944975    0.00668038    0.01495236    0.00545445    0.01757558    0.00000000 
Fr_paral         :   0.00000000    0.00088375   -0.00074017   -0.02849157   -0.01343662   -0.00039538    0.01697886    0.02873952    0.00302385    0.00000000 
max(|Fsp_paral|) :   0.00000000    0.00208968    0.00368178    0.00013255    0.00145007    0.00301377    0.00367325    0.00221526    0.00719933    0.00000000 
max(|Fsp_perp|)  :   0.00000000    0.00000000    0.00000000    0.00000000    0.00000000    0.00000000    0.00000000    0.00000000    0.00000000    0.00000000 
max(|FNEB|)      :   0.00000000    0.00411902    0.00665326    0.01359918    0.00969095    0.00671979    0.01536254    0.00566763    0.01812171    0.00000000 
max(|Force|)     :   0.00136476    0.00415208    0.00505265    0.01681807    0.00960752    0.00671919    0.01512712    0.01897187    0.01790794    0.00139060 
ksp              :   0.01000000    0.01000000    0.03285626    0.08675538    0.10000000    0.10000000    0.08270000    0.01529855    0.01000000 
max(|step|)      :   0.00000000    0.00463590    0.00748816    0.01530570    0.01090704    0.00756304    0.01729033    0.00637884    0.02039575    0.00000000 
angle (deg.)     :    8.7551  26.5780  62.5652  16.0800  32.4250  11.4055  76.2781  10.2513 
>
iteration       : 33
climbing        : yes
zoom on         : no
nim             : 10
barrier         :   0.01822385 (image:  5) 
distance        :   0.00000000    2.70295559    6.07389971    7.48778889    8.03379858    8.53119358    9.08995671    9.70225494   13.18863359   16.42972806 
energy          : -1076.60715217  -1076.61001148  -1076.61288521  -1076.60285874  -1076.59165953  -1076.58892833  -1076.59236337  -1076.60644937  -1076.62565315  -1076.63040402 
max(|Fr_perp|)   :   0.00000000    0.00339301    0.00332636    0.01184789    0.00873337    0.00342706    0.01335379    0.00526812    0.01531746    0.00000000 
Fr_paral         :   0.00000000    0.00095384   -0.00065948   -0.02840185   -0.01338422   -0.00045365    0.01664552    0.02822352    0.00325675    0.00000000 
max(|Fsp_paral|) :   0.00000000    0.00209139    0.00291830    0.00178779    0.00123738    0.00283130    0.00272864    0.00215211    0.00485012    0.00000000 
max(|Fsp_perp|)  :   0.00000000    0.00000000    0.00000000    0.00000000    0.00000000    0.00000000    0.00000000    0.00000000    0.00000000    0.00000000 
max(|FNEB|)      :   0.00000000    0.00342012    0.00416809    0.01184931    0.00877168    0.00342716    0.01344082    0.00539660    0.01522249    0.00000000 
max(|Force|)     :   0.00136476    0.00339729    0.00338648    0.01687532    0.00846349    0.00342697    0.01303700    0.01708589    0.01533782    0.00139060 
ksp              :   0.01000000    0.01000000    0.03120347    0.08651171    0.10000000    0.10000000    0.08303575    0.01347087    0.01000000 
max(|step|)      :   0.00000000    0.00240713    0.00438408    0.00419794    0.00465080    0.00455948    0.00422688    0.00294916    0.00658167    0.00000000 
angle (deg.)     :    8.8037  26.8257  62.5134  15.9773  32.4631  10.9325  76.3433  10.3584 
>
iteration       : 34
climbing        : yes
zoom on         : no
nim             : 10
barrier         :   0.01808822 (image:  5) 
distance        :   0.00000000    2.70976372    6.08713026    7.49469132    8.04227030    8.53801955    9.09210356    9.70811703   13.17755585   16.43619862 
energy          : -1076.60715217  -1076.61006364  -1076.61299016  -1076.60305190  -1076.59181146  -1076.58906396  -1076.59250296  -1076.60652426  -1076.62579831  -1076.63040402 
max(|Fr_perp|)   :   0.00000000    0.00172307    0.00301273    0.00590411    0.00415680    0.00210781    0.00618955    0.00263830    0.00671110    0.00000000 
Fr_paral         :   0.00000000    0.00096535   -0.00065189   -0.02847665   -0.01347182   -0.00043938    0.01671292    0.02803518    0.00324413    0.00000000 
max(|Fsp_paral|) :   0.00000000    0.00208850    0.00253109    0.00256585    0.00113740    0.00269202    0.00235953    0.00307311    0.00431105    0.00000000 
max(|Fsp_perp|)  :   0.00000000    0.00000000    0.00000000    0.00000000    0.00000000    0.00000000    0.00000000    0.00000000    0.00000000    0.00000000 
max(|FNEB|)      :   0.00000000    0.00236103    0.00377097    0.00591134    0.00417718    0.00211107    0.00623246    0.00282246    0.00660320    0.00000000 
max(|Force|)     :   0.00136476    0.00172775    0.00312316    0.01692020    0.00705597    0.00210456    0.00974848    0.01638068    0.00673723    0.00139060 
ksp              :   0.01000000    0.01000000    0.03040140    0.08632946    0.10000000    0.10000000    0.08288886    0.01312425    0.01000000 
max(|step|)      :   0.00000000    0.00757722    0.01252620    0.00763979    0.00752945    0.00729306    0.00879748    0.00725364    0.01872990    0.00000000 
angle (deg.)     :    8.9511  27.8072  62.1536  15.7882  32.5354  10.2726  76.4366  10.7961 
>
iteration       : 35
climbing        : yes
zoom on         : no
nim             : 10
barrier         :   0.01803987 (image:  5) 
distance        :   0.00000000    2.73121034    6.12392868    7.51909119    8.06645272    8.55730658    9.09859686    9.71725654   13.14170082   16.44864417 
energy          : -1076.60715217  -1076.61010954  -1076.61313558  -1076.60294406  -1076.59179997  -1076.58911230  -1076.59240189  -1076.60629431  -1076.62575725  -1076.63040402 
max(|Fr_perp|)   :   0.00000000    0.00109997    0.00251517    0.00238335    0.00221124    0.00214184    0.00202710    0.00183148    0.00194342    0.00000000 
Fr_paral         :   0.00000000    0.00094179   -0.00073209   -0.02858444   -0.01325899   -0.00039741    0.01624097    0.02796451    0.00303124    0.00000000 
max(|Fsp_paral|) :   0.00000000    0.00206589    0.00261233    0.00237179    0.00083244    0.00233027    0.00131323    0.00156871    0.00525722    0.00000000 
max(|Fsp_perp|)  :   0.00000000    0.00000000    0.00000000    0.00000000    0.00000000    0.00000000    0.00000000    0.00000000    0.00000000    0.00000000 
max(|FNEB|)      :   0.00000000    0.00243187    0.00389765    0.00234207    0.00219578    0.00214248    0.00203479    0.00184943    0.00551353    0.00000000 
max(|Force|)     :   0.00136476    0.00129081    0.00264069    0.01707472    0.00648131    0.00214121    0.00908832    0.01538614    0.00228103    0.00139060 
ksp              :   0.01000000    0.01000000    0.03099406    0.08659137    0.10000000    0.10000000    0.08358843    0.01427982    0.01000000 
max(|step|)      :   0.00000000    0.01228519    0.02032635    0.01217259    0.01141003    0.01081829    0.01076478    0.00946089    0.02994074    0.00000000 
angle (deg.)     :    9.1943  29.4504  61.5411  15.6247  32.5884  9.7764  76.6143  11.3995 
>
iteration       : 36
climbing        : yes
zoom on         : no
nim             : 10
barrier         :   0.01811555 (image:  5) 
distance        :   0.00000000    2.76557976    6.18340881    7.55831089    8.10464203    8.58880595    9.11361258    9.73679241   13.08259236   16.47124442 
energy          : -1076.60715217  -1076.61014180  -1076.61329071  -1076.60258678  -1076.59161173  -1076.58903663  -1076.59210474  -1076.60594216  -1076.62548839  -1076.63040402 
max(|Fr_perp|)   :   0.00000000    0.00206139    0.00297012    0.00532010    0.00469173    0.00443327    0.00773419    0.00294204    0.01087788    0.00000000 
Fr_paral         :   0.00000000    0.00091677   -0.00083226   -0.02868823   -0.01283623   -0.00032658    0.01546669    0.02790036    0.00293572    0.00000000 
max(|Fsp_paral|) :   0.00000000    0.00203271    0.00300327    0.00154151    0.00037993    0.00187968    0.00018405    0.00042083    0.00650618    0.00000000 
max(|Fsp_perp|)  :   0.00000000    0.00000000    0.00000000    0.00000000    0.00000000    0.00000000    0.00000000    0.00000000    0.00000000    0.00000000 
max(|FNEB|)      :   0.00000000    0.00245429    0.00412026    0.00533441    0.00470173    0.00443400    0.00773846    0.00300570    0.01112780    0.00000000 
max(|Force|)     :   0.00136476    0.00207516    0.00297520    0.01722550    0.00594012    0.00443255    0.00917951    0.01498036    0.01084139    0.00139060 
ksp              :   0.01000000    0.01000000    0.03268137    0.08720661    0.10000000    0.10000000    0.08475730    0.01601148    0.01000000 
max(|step|)      :   0.00000000    0.03926303    0.06530580    0.03865822    0.03629295    0.03445822    0.03341517    0.03026125    0.10000000    0.00000000 
angle (deg.)     :    9.9497  35.0194  59.4911  15.3601  32.7438  9.4451  77.0964  13.3873 
>
iteration       : 37
climbing        : yes
zoom on         : no
nim             : 10
barrier         :   0.01864392 (image:  5) 
distance        :   0.00000000    2.87560085    6.37690183    7.68977098    8.23374250    8.69883768    9.17784362    9.81688312   12.90404280   16.56115223 
energy          : -1076.60715217  -1076.61016909  -1076.61361547  -1076.60117599  -1076.59072613  -1076.58850826  -1076.59097815  -1076.60479763  -1076.62444638  -1076.63040402 
max(|Fr_perp|)   :   0.00000000    0.00461450    0.00591384    0.01457529    0.01159181    0.00922867    0.01850952    0.00783431    0.02370771    0.00000000 
Fr_paral         :   0.00000000    0.00078641   -0.00129335   -0.02877214   -0.01141446   -0.00006372    0.01308185    0.02760087    0.00245306    0.00000000 
max(|Fsp_paral|) :   0.00000000    0.00193909    0.00439892    0.00140283    0.00101121    0.00064689    0.00457182    0.00549520    0.00959542    0.00000000 
max(|Fsp_perp|)  :   0.00000000    0.00000000    0.00000000    0.00000000    0.00000000    0.00000000    0.00000000    0.00000000    0.00000000    0.00000000 
max(|FNEB|)      :   0.00000000    0.00471180    0.00623300    0.01486687    0.01179112    0.00926672    0.01868858    0.00821646    0.02459000    0.00000000 
max(|Force|)     :   0.00136476    0.00464753    0.00594411    0.01749452    0.01170784    0.00926622    0.01861024    0.01471172    0.02403577    0.00139060 
ksp              :   0.01000000    0.01000000    0.03890856    0.08931631    0.10000000    0.10000000    0.08811782    0.02140333    0.01000000 
max(|step|)      :   0.00000000    0.00593446    0.00785040    0.01872467    0.01485080    0.01167134    0.02353808    0.01034855    0.03097085    0.00000000 
angle (deg.)     :    9.9844  35.3831  59.4531  15.6572  32.4772  9.8125  77.3252  13.1125 
>
iteration       : 38
climbing        : yes
zoom on         : no
nim             : 10
barrier         :   0.01786542 (image:  5) 
distance        :   0.00000000    2.88354494    6.39847698    7.69379250    8.23907685    8.70740741    9.19812360    9.83763570   12.88194367   16.57475172 
energy          : -1076.60715217  -1076.61035772  -1076.61399210  -1076.60195928  -1076.59153782  -1076.58928675  -1076.59170487  -1076.60559685  -1076.62445360  -1076.63040402 
max(|Fr_perp|)   :   0.00000000    0.00427274    0.00386423    0.01611721    0.01298525    0.00461474    0.02003450    0.00559670    0.02792515    0.00000000 
Fr_paral         :   0.00000000    0.00099388   -0.00094213   -0.02857946   -0.01150717   -0.00029991    0.01317564    0.02756820    0.00297669    0.00000000 
max(|Fsp_paral|) :   0.00000000    0.00195843    0.00320835    0.00085312    0.00073756    0.00104026    0.00384759    0.00105041    0.00565826    0.00000000 
max(|Fsp_perp|)  :   0.00000000    0.00000000    0.00000000    0.00000000    0.00000000    0.00000000    0.00000000    0.00000000    0.00000000    0.00000000 
max(|FNEB|)      :   0.00000000    0.00429444    0.00544766    0.01610323    0.01293414    0.00461542    0.01982994    0.00571674    0.02787508    0.00000000 
max(|Force|)     :   0.00136476    0.00427661    0.00385747    0.01730276    0.01267815    0.00461406    0.01965482    0.01407777    0.02793466    0.00139060 
ksp              :   0.01000000    0.01000000    0.03616008    0.08865991    0.10000000    0.10000000    0.08781834    0.01783521    0.01000000 
max(|step|)      :   0.00000000    0.00306958    0.00574045    0.00636609    0.00668812    0.00660649    0.00710770    0.00464626    0.01147852    0.00000000 
angle (deg.)     :    10.0224  35.7343  59.3404  15.8811  32.3059  9.4464  77.3296  13.0634 
>
iteration       : 39
climbing        : yes
zoom on         : no
nim             : 10
barrier         :   0.01765184 (image:  5) 
distance        :   0.00000000    2.89030007    6.41410518    7.69920500    8.24345835    8.71434768    9.21390030    9.84658001   12.86514485   16.58046676 
energy          : -1076.60715217  -1076.61043361  -1076.61413524  -1076.60237154  -1076.59187830  -1076.58950034  -1076.59221719  -1076.60583566  -1076.62488619  -1076.63040402 
max(|Fr_perp|)   :   0.00000000    0.00175736    0.00212046    0.00657359    0.00513274    0.00189103    0.00801176    0.00231036    0.00901254    0.00000000 
Fr_paral         :   0.00000000    0.00105843   -0.00079143   -0.02870840   -0.01205991   -0.00031565    0.01435242    0.02785064    0.00334161    0.00000000 
max(|Fsp_paral|) :   0.00000000    0.00196629    0.00245260    0.00207550    0.00036016    0.00132659    0.00246590    0.00228334    0.00433119    0.00000000 
max(|Fsp_perp|)  :   0.00000000    0.00000000    0.00000000    0.00000000    0.00000000    0.00000000    0.00000000    0.00000000    0.00000000    0.00000000 
max(|FNEB|)      :   0.00000000    0.00235845    0.00394873    0.00657269    0.00510921    0.00189194    0.00794361    0.00293759    0.00892419    0.00000000 
max(|Force|)     :   0.00136476    0.00176202    0.00226799    0.01717152    0.00572122    0.00189011    0.00848198    0.01492186    0.00903588    0.00139060 
ksp              :   0.01000000    0.01000000    0.03437464    0.08787569    0.10000000    0.10000000    0.08614778    0.01671241    0.01000000 
max(|step|)      :   0.00000000    0.00534541    0.00929019    0.00694967    0.00720588    0.00713067    0.00870268    0.00521357    0.01510220    0.00000000 
angle (deg.)     :    10.1116  36.5508  58.9625  16.3202  32.0289  9.7883  77.1727  13.2063 
>
iteration       : 40
climbing        : yes
zoom on         : no
nim             : 10
barrier         :   0.01759716 (image:  5) 
distance        :   0.00000000    2.90445894    6.44071399    7.71406344    8.25329783    8.72768083    9.23998427    9.85753812   12.83561936   16.58775561 
energy          : -1076.60715217  -1076.61046992  -1076.61423500  -1076.60239131  -1076.59198726  -1076.58955501  -1076.59248307  -1076.60584276  -1076.62486218  -1076.63040402 
max(|Fr_perp|)   :   0.00000000    0.00100948    0.00250301    0.00197499    0.00190629    0.00185476    0.00212706    0.00179518    0.00167658    0.00000000 
Fr_paral         :   0.00000000    0.00108614   -0.00070402   -0.02875836   -0.01225206   -0.00032129    0.01504679    0.02827538    0.00339928    0.00000000 
max(|Fsp_paral|) :   0.00000000    0.00196202    0.00228981    0.00198479    0.00010874    0.00174937    0.00069053    0.00156417    0.00397141    0.00000000 
max(|Fsp_perp|)  :   0.00000000    0.00000000    0.00000000    0.00000000    0.00000000    0.00000000    0.00000000    0.00000000    0.00000000    0.00000000 
max(|FNEB|)      :   0.00000000    0.00234131    0.00345523    0.00190628    0.00187535    0.00185568    0.00213412    0.00183307    0.00463684    0.00000000 
max(|Force|)     :   0.00136476    0.00123991    0.00263504    0.01707440    0.00617398    0.00185385    0.00841124    0.01631658    0.00201312    0.00139060 
ksp              :   0.01000000    0.01000000    0.03434923    0.08756038    0.10000000    0.10000000    0.08502456    0.01669694    0.01000000 
max(|step|)      :   0.00000000    0.00701086    0.01090300    0.00570932    0.00560773    0.00555032    0.00703640    0.00547968    0.01638322    0.00000000 
angle (deg.)     :    10.2390  37.6009  58.4733  16.7596  31.7749  10.2279  76.9291  13.4661 
>
iteration       : 41
climbing        : yes
zoom on         : no
nim             : 10
barrier         :   0.01759836 (image:  5) 
distance        :   0.00000000    2.92319845    6.47403910    7.73435747    8.26827544    8.74558050    9.26876392    9.87209330   12.80205936   16.59825029 
energy          : -1076.60715217  -1076.61049911  -1076.61432258  -1076.60228379  -1076.59200927  -1076.58955381  -1076.59264543  -1076.60577013  -1076.62470442  -1076.63040402 
max(|Fr_perp|)   :   0.00000000    0.00125397    0.00264679    0.00214032    0.00223899    0.00222675    0.00266684    0.00177663    0.00952167    0.00000000 
Fr_paral         :   0.00000000    0.00110489   -0.00065900   -0.02878926   -0.01230206   -0.00030207    0.01550959    0.02852694    0.00340853    0.00000000 
max(|Fsp_paral|) :   0.00000000    0.00194851    0.00230649    0.00154950    0.00050886    0.00211108    0.00082277    0.00044134    0.00391257    0.00000000 
max(|Fsp_perp|)  :   0.00000000    0.00000000    0.00000000    0.00000000    0.00000000    0.00000000    0.00000000    0.00000000    0.00000000    0.00000000 
max(|FNEB|)      :   0.00000000    0.00230603    0.00344456    0.00211305    0.00222780    0.00222724    0.00266701    0.00181734    0.00964900    0.00000000 
max(|Force|)     :   0.00136476    0.00123582    0.00277188    0.01705679    0.00640666    0.00222627    0.00908272    0.01698648    0.00948438    0.00139060 
ksp              :   0.01000000    0.01000000    0.03489747    0.08744251    0.10000000    0.10000000    0.08418913    0.01706790    0.01000000 
max(|step|)      :   0.00000000    0.03451433    0.05356674    0.02811215    0.02761343    0.02733204    0.02724191    0.02704950    0.08088480    0.00000000 
angle (deg.)     :    10.8655  42.9687  56.1918  18.7135  30.8231  12.7879  75.7714  14.9007 
>
iteration       : 42
climbing        : yes
zoom on         : no
nim             : 10
barrier         :   0.01765829 (image:  5) 
distance        :   0.00000000    3.01602708    6.63861532    7.83980140    8.35298881    8.84155700    9.40753607    9.95802046   12.65477025   16.66543392 
energy          : -1076.60715217  -1076.61062625  -1076.61469163  -1076.60167030  -1076.59198000  -1076.58949388  -1076.59318393  -1076.60544633  -1076.62404069  -1076.63040402 
max(|Fr_perp|)   :   0.00000000    0.00273535    0.00331144    0.01007569    0.00807452    0.00473415    0.01269806    0.00410908    0.01840865    0.00000000 
Fr_paral         :   0.00000000    0.00112996   -0.00061628   -0.02864286   -0.01222453   -0.00019562    0.01697052    0.02896035    0.00335087    0.00000000 
max(|Fsp_paral|) :   0.00000000    0.00187883    0.00248744    0.00043919    0.00195881    0.00353001    0.00637415    0.00320230    0.00330710    0.00000000 
max(|Fsp_perp|)  :   0.00000000    0.00000000    0.00000000    0.00000000    0.00000000    0.00000000    0.00000000    0.00000000    0.00000000    0.00000000 
max(|FNEB|)      :   0.00000000    0.00270780    0.00481828    0.01010798    0.00809815    0.00473410    0.01279316    0.00624247    0.01854969    0.00000000 
max(|Force|)     :   0.00136476    0.00272968    0.00331073    0.01692400    0.00805452    0.00473420    0.01257028    0.01917176    0.01836130    0.00139060 
ksp              :   0.01000000    0.01000000    0.03793979    0.08732886    0.10000000    0.10000000    0.08119272    0.01869428    0.01000000 
max(|step|)      :   0.00000000    0.04485178    0.06948279    0.03622397    0.03565000    0.03529978    0.03516841    0.03494190    0.10000000    0.00000000 
angle (deg.)     :    11.6613  50.4227  53.5669  20.6098  30.1186  15.1626  74.2845  17.0633 
>
iteration       : 43
climbing        : yes
zoom on         : no
nim             : 10
barrier         :   0.01756580 (image:  5) 
distance        :   0.00000000    3.13713711    6.85454830    7.98821914    8.48677622    8.98409019    9.58513713   10.09930627   12.50097643   16.78382943 
energy          : -1076.60715217  -1076.61083882  -1076.61524881  -1076.60136150  -1076.59210649  -1076.58958637  -1076.59391470  -1076.60544181  -1076.62279528  -1076.63040402 
max(|Fr_perp|)   :   0.00000000    0.00215852    0.00379482    0.00810122    0.00724515    0.00544993    0.00940442    0.00469484    0.03543353    0.00000000 
Fr_paral         :   0.00000000    0.00118251   -0.00064557   -0.02842712   -0.01220164   -0.00005960    0.01851804    0.02863205    0.00289677    0.00000000 
max(|Fsp_paral|) :   0.00000000    0.00178981    0.00203112    0.00092523    0.00302584    0.00468876    0.01068553    0.00284808    0.00072947    0.00000000 
max(|Fsp_perp|)  :   0.00000000    0.00000000    0.00000000    0.00000000    0.00000000    0.00000000    0.00000000    0.00000000    0.00000000    0.00000000 
max(|FNEB|)      :   0.00000000    0.00218735    0.00476750    0.00831095    0.00742543    0.00548239    0.01218575    0.00714779    0.03612468    0.00000000 
max(|Force|)     :   0.00136476    0.00219723    0.00387346    0.01673584    0.00740733    0.00548243    0.01303236    0.02013770    0.03602063    0.00139060 
ksp              :   0.01000000    0.01000000    0.03970425    0.08709618    0.10000000    0.10000000    0.07781765    0.01879879    0.01000000 
max(|step|)      :   0.00000000    0.00225598    0.00491709    0.00857171    0.00765841    0.00565440    0.01256809    0.00737206    0.03725812    0.00000000 
angle (deg.)     :    11.7023  50.5939  53.4419  19.8757  30.4061  13.3684  74.3370  17.0511 
>
iteration       : 44
climbing        : yes
zoom on         : no
nim             : 10
barrier         :   0.01724180 (image:  5) 
distance        :   0.00000000    3.14313017    6.86429009    7.99150090    8.49850738    8.98998593    9.57184707   10.11084905   12.50733808   16.79248775 
energy          : -1076.60715217  -1076.61091389  -1076.61544780  -1076.60179890  -1076.59239536  -1076.58991037  -1076.59390259  -1076.60592726  -1076.62338936  -1076.63040402 
max(|Fr_perp|)   :   0.00000000    0.00140993    0.00289080    0.00586002    0.00556676    0.00309373    0.00705308    0.00401379    0.02382873    0.00000000 
Fr_paral         :   0.00000000    0.00123235   -0.00065863   -0.02848677   -0.01209883   -0.00012195    0.01777986    0.02866443    0.00348385    0.00000000 
max(|Fsp_paral|) :   0.00000000    0.00178061    0.00145273    0.00078986    0.00241388    0.00411321    0.00830142    0.00189012    0.00112112    0.00000000 
max(|Fsp_perp|)  :   0.00000000    0.00000000    0.00000000    0.00000000    0.00000000    0.00000000    0.00000000    0.00000000    0.00000000    0.00000000 
max(|FNEB|)      :   0.00000000    0.00213925    0.00280964    0.00583752    0.00562994    0.00309421    0.00914487    0.00405644    0.02385027    0.00000000 
max(|Force|)     :   0.00136476    0.00141471    0.00297355    0.01683639    0.00687059    0.00309325    0.01165774    0.01868822    0.02385023    0.00139060 
ksp              :   0.01000000    0.01000000    0.03794342    0.08702867    0.10000000    0.10000000    0.07916111    0.01639387    0.01000000 
max(|step|)      :   0.00000000    0.00180946    0.00265941    0.00292364    0.00331896    0.00300723    0.00835425    0.00285237    0.00760593    0.00000000 
angle (deg.)     :    11.7323  50.7790  53.2888  19.4113  30.6082  12.3329  74.2680  17.1850 
>
iteration       : 45
climbing        : yes
zoom on         : no
nim             : 10
barrier         :   0.01712595 (image:  5) 
distance        :   0.00000000    3.14800080    6.87107621    7.99571248    8.50724067    8.99474273    9.56366721   10.11520156   12.51236485   16.79645101 
energy          : -1076.60715217  -1076.61094624  -1076.61553238  -1076.60196082  -1076.59248643  -1076.59002623  -1076.59382873  -1076.60605238  -1076.62372031  -1076.63040402 
max(|Fr_perp|)   :   0.00000000    0.00087811    0.00233769    0.00295913    0.00261876    0.00194489    0.00306172    0.00212756    0.01097765    0.00000000 
Fr_paral         :   0.00000000    0.00123234   -0.00071465   -0.02851876   -0.01203691   -0.00013761    0.01733277    0.02871137    0.00362198    0.00000000 
max(|Fsp_paral|) :   0.00000000    0.00177039    0.00123136    0.00151736    0.00202251    0.00371548    0.00684116    0.00353132    0.00157502    0.00000000 
max(|Fsp_perp|)  :   0.00000000    0.00000000    0.00000000    0.00000000    0.00000000    0.00000000    0.00000000    0.00000000    0.00000000    0.00000000 
max(|FNEB|)      :   0.00000000    0.00216051    0.00246987    0.00294420    0.00265321    0.00194539    0.00732593    0.00405370    0.01102359    0.00000000 
max(|Force|)     :   0.00136476    0.00115474    0.00248635    0.01689118    0.00653219    0.00194440    0.01083223    0.01798302    0.01101091    0.00139060 
ksp              :   0.01000000    0.01000000    0.03728150    0.08707119    0.10000000    0.10000000    0.08001715    0.01577961    0.01000000 
max(|step|)      :   0.00000000    0.00641398    0.00788342    0.00690433    0.00861024    0.00706828    0.02381408    0.01079164    0.00852148    0.00000000 
angle (deg.)     :    11.8351  51.5383  52.6594  18.2042  31.2311  10.3023  73.8850  17.8747 
>
iteration       : 46
climbing        : yes
zoom on         : no
nim             : 10
barrier         :   0.01704323 (image:  5) 
distance        :   0.00000000    3.16507483    6.89246734    8.01387900    8.53552025    9.01138004    9.54287267   10.12151699   12.52874089   16.80457035 
energy          : -1076.60715217  -1076.61099081  -1076.61565328  -1076.60202396  -1076.59244351  -1076.59010894  -1076.59337166  -1076.60588092  -1076.62389275  -1076.63040402 
max(|Fr_perp|)   :   0.00000000    0.00096142    0.00175571    0.00162122    0.00159211    0.00155844    0.00154726    0.00150592    0.00177237    0.00000000 
Fr_paral         :   0.00000000    0.00120611   -0.00090315   -0.02860249   -0.01165538   -0.00012834    0.01586094    0.02848458    0.00340410    0.00000000 
max(|Fsp_paral|) :   0.00000000    0.00172833    0.00113145    0.00238367    0.00088898    0.00255334    0.00283273    0.00429840    0.00078868    0.00000000 
max(|Fsp_perp|)  :   0.00000000    0.00000000    0.00000000    0.00000000    0.00000000    0.00000000    0.00000000    0.00000000    0.00000000    0.00000000 
max(|FNEB|)      :   0.00000000    0.00221965    0.00245819    0.00165617    0.00155632    0.00155868    0.00255754    0.00379883    0.00187591    0.00000000 
max(|Force|)     :   0.00136476    0.00123314    0.00194664    0.01707595    0.00568590    0.00155820    0.00880544    0.01635696    0.00201345    0.00139060 
ksp              :   0.01000000    0.01000000    0.03708049    0.08767190    0.10000000    0.10000000    0.08277059    0.01671309    0.01000000 
max(|step|)      :   0.00000000    0.00597357    0.00674722    0.00416860    0.00420081    0.00420716    0.01115829    0.00734498    0.00496966    0.00000000 
angle (deg.)     :    11.9233  52.3693  52.0378  17.7458  31.5236  9.8378  73.4707  18.4836 
>
iteration       : 47
climbing        : yes
zoom on         : no
nim             : 10
barrier         :   0.01701437 (image:  5) 
distance        :   0.00000000    3.18042722    6.91101571    8.03367318    8.55648408    9.02651412    9.53930485   10.12293288   12.53595494   16.80770644 
energy          : -1076.60715217  -1076.61102136  -1076.61573398  -1076.60191699  -1076.59240427  -1076.59013781  -1076.59314601  -1076.60551124  -1076.62393610  -1076.63040402 
max(|Fr_perp|)   :   0.00000000    0.00093792    0.00174945    0.00162391    0.00158475    0.00155118    0.00154794    0.00224701    0.00523214    0.00000000 
Fr_paral         :   0.00000000    0.00122312   -0.00088195   -0.02859203   -0.01146119   -0.00012122    0.01511656    0.02851022    0.00336119    0.00000000 
max(|Fsp_paral|) :   0.00000000    0.00168983    0.00131067    0.00211242    0.00047489    0.00196592    0.00118938    0.00224567    0.00073340    0.00000000 
max(|Fsp_perp|)  :   0.00000000    0.00000000    0.00000000    0.00000000    0.00000000    0.00000000    0.00000000    0.00000000    0.00000000    0.00000000 
max(|FNEB|)      :   0.00000000    0.00217313    0.00253936    0.00154621    0.00154845    0.00155140    0.00154865    0.00226229    0.00526821    0.00000000 
max(|Force|)     :   0.00136476    0.00121444    0.00187416    0.01708753    0.00548690    0.00155095    0.00860244    0.01617580    0.00518382    0.00139060 
ksp              :   0.01000000    0.01000000    0.03769227    0.08801120    0.10000000    0.10000000    0.08408763    0.01867998    0.01000000 
max(|step|)      :   0.00000000    0.03027659    0.03496715    0.02133596    0.02143543    0.02147144    0.04315633    0.02768733    0.01961656    0.00000000 
angle (deg.)     :    12.3724  56.6576  49.2416  16.2730  32.8265  9.6538  71.8419  21.1855 
>
iteration       : 48
climbing        : yes
zoom on         : no
nim             : 10
barrier         :   0.01686030 (image:  5) 
distance        :   0.00000000    3.25823180    7.00910335    8.13909936    8.66324128    9.10986395    9.54928241   10.15459210   12.56704489   16.84467607 
energy          : -1076.60715217  -1076.61116809  -1076.61612597  -1076.60131401  -1076.59226681  -1076.59029188  -1076.59237672  -1076.60407240  -1076.62409941  -1076.63040402 
max(|Fr_perp|)   :   0.00000000    0.00252587    0.00209323    0.01006659    0.00507415    0.00143142    0.00336052    0.00647667    0.00324999    0.00000000 
Fr_paral         :   0.00000000    0.00122139   -0.00090028   -0.02820689   -0.01055332   -0.00009792    0.01211695    0.02819408    0.00307736    0.00000000 
max(|Fsp_paral|) :   0.00000000    0.00150969    0.00230513    0.00020919    0.00106686    0.00033282    0.00533060    0.00562827    0.00640143    0.00000000 
max(|Fsp_perp|)  :   0.00000000    0.00000000    0.00000000    0.00000000    0.00000000    0.00000000    0.00000000    0.00000000    0.00000000    0.00000000 
max(|FNEB|)      :   0.00000000    0.00250758    0.00439296    0.01009607    0.00509095    0.00143160    0.00632654    0.00650098    0.00826412    0.00000000 
max(|Force|)     :   0.00136476    0.00252061    0.00210773    0.01698582    0.00509152    0.00143123    0.00751678    0.01563480    0.00320113    0.00139060 
ksp              :   0.01000000    0.01000000    0.04116402    0.08945784    0.10000000    0.10000000    0.08887114    0.02643978    0.01000000 
max(|step|)      :   0.00000000    0.03187122    0.03815001    0.02229136    0.02244545    0.02248496    0.02949254    0.02241652    0.01938768    0.00000000 
angle (deg.)     :    12.8632  61.1532  46.9018  15.5819  33.9896  11.1563  70.6140  23.4350 
>
iteration       : 49
climbing        : yes
zoom on         : no
nim             : 10
barrier         :   0.01670930 (image:  5) 
distance        :   0.00000000    3.33952586    7.11837028    8.25420465    8.77733720    9.20673036    9.59533573   10.21953271   12.59330976   16.90820891 
energy          : -1076.60715217  -1076.61133426  -1076.61653290  -1076.60092420  -1076.59223628  -1076.59044287  -1076.59199643  -1076.60319561  -1076.62410675  -1076.63040402 
max(|Fr_perp|)   :   0.00000000    0.00160816    0.00162180    0.00749740    0.00261930    0.00157631    0.00143265    0.00781710    0.00862779    0.00000000 
Fr_paral         :   0.00000000    0.00131862   -0.00069603   -0.02802961   -0.00999975   -0.00006218    0.01010750    0.02790680    0.00317015    0.00000000 
max(|Fsp_paral|) :   0.00000000    0.00134229    0.00291687    0.00121736    0.00206629    0.00188664    0.00989234    0.00969250    0.00933886    0.00000000 
max(|Fsp_perp|)  :   0.00000000    0.00000000    0.00000000    0.00000000    0.00000000    0.00000000    0.00000000    0.00000000    0.00000000    0.00000000 
max(|FNEB|)      :   0.00000000    0.00187589    0.00363525    0.00744163    0.00255050    0.00157635    0.01076793    0.00925518    0.01128370    0.00000000 
max(|Force|)     :   0.00136476    0.00161254    0.00178314    0.01698983    0.00462880    0.00157626    0.00655609    0.01531051    0.00855606    0.00139060 
ksp              :   0.01000000    0.01000000    0.04354523    0.09034033    0.10000000    0.10000000    0.09163223    0.03131093    0.01000000 
max(|step|)      :   0.00000000    0.04681733    0.05756354    0.03283301    0.03301057    0.03307273    0.03294093    0.03303030    0.03781867    0.00000000 
angle (deg.)     :    13.5934  67.7283  44.4282  15.3327  35.5158  13.9780  69.1956  26.3032 
>
iteration       : 50
climbing        : yes
zoom on         : no
nim             : 10
barrier         :   0.01652840 (image:  5) 
distance        :   0.00000000    3.45891283    7.28704031    8.43335763    8.95398250    9.36537482    9.70611972   10.35371340   12.63253722   17.03425783 
energy          : -1076.60715217  -1076.61154692  -1076.61706509  -1076.60025768  -1076.59218031  -1076.59062377  -1076.59173780  -1076.60245862  -1076.62396725  -1076.63040402 
max(|Fr_perp|)   :   0.00000000    0.00408880    0.00335008    0.01696792    0.00745827    0.00227975    0.00300956    0.01402930    0.00700907    0.00000000 
Fr_paral         :   0.00000000    0.00140113   -0.00054620   -0.02714489   -0.00909267   -0.00003448    0.00816844    0.02734892    0.00342008    0.00000000 
max(|Fsp_paral|) :   0.00000000    0.00112325    0.00398622    0.00375019    0.00309801    0.00325008    0.01429028    0.01150301    0.01079212    0.00000000 
max(|Fsp_perp|)  :   0.00000000    0.00000000    0.00000000    0.00000000    0.00000000    0.00000000    0.00000000    0.00000000    0.00000000    0.00000000 
max(|FNEB|)      :   0.00000000    0.00409555    0.00556690    0.01681873    0.00731044    0.00227976    0.01479761    0.01373081    0.01580937    0.00000000 
max(|Force|)     :   0.00136476    0.00409244    0.00334350    0.01700976    0.00726188    0.00227974    0.00549793    0.01503694    0.00692431    0.00139060 
ksp              :   0.01000000    0.01000000    0.04754173    0.09152441    0.10000000    0.10000000    0.09393392    0.03555721    0.01000000 
max(|step|)      :   0.00000000    0.08010570    0.10000000    0.05623652    0.05649259    0.05660220    0.05641831    0.05661477    0.07038124    0.00000000 
angle (deg.)     :    14.8219  78.6224  42.2628  15.6246  39.0241  20.2022  66.8675  31.4441 
>
iteration       : 51
climbing        : yes
zoom on         : no
nim             : 10
barrier         :   0.01629845 (image:  5) 
distance        :   0.00000000    3.66397996    7.58489029    8.77005790    9.28840137    9.67466197    9.95327317   10.63626840   12.73886445   17.30906603 
energy          : -1076.60715217  -1076.61188805  -1076.61788657  -1076.59916555  -1076.59204700  -1076.59085372  -1076.59149150  -1076.60149602  -1076.62356867  -1076.63040402 
max(|Fr_perp|)   :   0.00000000    0.00696231    0.00573955    0.02857655    0.01345573    0.00381824    0.00714600    0.02106239    0.00795062    0.00000000 
Fr_paral         :   0.00000000    0.00143661   -0.00050282   -0.02535248   -0.00749062    0.00005625    0.00550928    0.02613885    0.00372007    0.00000000 
max(|Fsp_paral|) :   0.00000000    0.00077646    0.00676957    0.00855798    0.00461037    0.00483518    0.01965262    0.01205136    0.01130972    0.00000000 
max(|Fsp_perp|)  :   0.00000000    0.00000000    0.00000000    0.00000000    0.00000000    0.00000000    0.00000000    0.00000000    0.00000000    0.00000000 
max(|FNEB|)      :   0.00000000    0.00707622    0.00656528    0.02861519    0.01334343    0.00383310    0.01956496    0.02104838    0.01852493    0.00000000 
max(|Force|)     :   0.00136476    0.00707715    0.00582464    0.02838484    0.01342085    0.00383408    0.00716208    0.02096151    0.00890181    0.00139060 
ksp              :   0.01000000    0.01000000    0.05424323    0.09344115    0.10000000    0.10000000    0.09649753    0.04132427    0.01000000 
max(|step|)      :   0.00000000    0.00854981    0.00793247    0.03457418    0.01612215    0.00463133    0.02363928    0.02543161    0.02238266    0.00000000 
angle (deg.)     :    14.8893  79.2496  43.3243  16.2322  37.0156  17.1366  67.1234  30.7293 
>
iteration       : 52
climbing        : yes
zoom on         : no
nim             : 10
barrier         :   0.01613563 (image:  5) 
distance        :   0.00000000    3.66712882    7.61187929    8.76224266    9.28999320    9.68912663   10.00837535   10.67447333   12.71273941   17.32757088 
energy          : -1076.60715217  -1076.61192450  -1076.61796146  -1076.59990651  -1076.59233628  -1076.59101655  -1076.59193227  -1076.60243696  -1076.62356232  -1076.63040402 
max(|Fr_perp|)   :   0.00000000    0.00697321    0.00548716    0.02850813    0.01320117    0.00350097    0.00633620    0.02128784    0.00706058    0.00000000 
Fr_paral         :   0.00000000    0.00140575   -0.00113098   -0.02598520   -0.00795145   -0.00001709    0.00709170    0.02645815    0.00360203    0.00000000 
max(|Fsp_paral|) :   0.00000000    0.00083754    0.00491911    0.00498243    0.00421118    0.00363110    0.01638144    0.00619492    0.00761745    0.00000000 
max(|Fsp_perp|)  :   0.00000000    0.00000000    0.00000000    0.00000000    0.00000000    0.00000000    0.00000000    0.00000000    0.00000000    0.00000000 
max(|FNEB|)      :   0.00000000    0.00696497    0.00757298    0.02843930    0.01308970    0.00350081    0.01681477    0.02119834    0.01307349    0.00000000 
max(|Force|)     :   0.00136476    0.00696757    0.00551583    0.02825611    0.01310103    0.00350112    0.00630306    0.02105378    0.00709347    0.00139060 
ksp              :   0.01000000    0.01000000    0.05041429    0.09263888    0.10000000    0.10000000    0.09489234    0.03630012    0.01000000 
max(|step|)      :   0.00000000    0.00177819    0.00706630    0.00990050    0.00522016    0.00286575    0.01895740    0.00882133    0.00999122    0.00000000 
angle (deg.)     :    14.9614  79.7960  44.0601  16.8072  35.7539  15.2733  67.2129  30.2327 
>
iteration       : 53
climbing        : yes
zoom on         : no
nim             : 10
barrier         :   0.01607232 (image:  5) 
distance        :   0.00000000    3.67002846    7.63246518    8.75930046    9.29150638    9.70133012   10.05335256   10.70165496   12.69495989   17.34062248 
energy          : -1076.60715217  -1076.61197995  -1076.61801145  -1076.60078623  -1076.59257953  -1076.59107986  -1076.59228297  -1076.60320781  -1076.62357705  -1076.63040402 
max(|Fr_perp|)   :   0.00000000    0.00412668    0.00354024    0.01627185    0.00780598    0.00209609    0.00425531    0.01224696    0.00523239    0.00000000 
Fr_paral         :   0.00000000    0.00142848   -0.00121628   -0.02726580   -0.00874821    0.00001282    0.00845141    0.02707941    0.00370970    0.00000000 
max(|Fsp_paral|) :   0.00000000    0.00088164    0.00306944    0.00148417    0.00364100    0.00264257    0.01329482    0.00201172    0.00480159    0.00000000 
max(|Fsp_perp|)  :   0.00000000    0.00000000    0.00000000    0.00000000    0.00000000    0.00000000    0.00000000    0.00000000    0.00000000    0.00000000 
max(|FNEB|)      :   0.00000000    0.00411928    0.00556240    0.01629272    0.00778713    0.00209618    0.01399071    0.01224801    0.00924368    0.00000000 
max(|Force|)     :   0.00136476    0.00412164    0.00356696    0.01658224    0.00777895    0.00209601    0.00562488    0.01503476    0.00476729    0.00139060 
ksp              :   0.01000000    0.01000000    0.04564729    0.09160231    0.10000000    0.10000000    0.09326292    0.03208721    0.01000000 
max(|step|)      :   0.00000000    0.00525182    0.01820958    0.01539189    0.01453573    0.00468050    0.05411565    0.01870614    0.02347127    0.00000000 
angle (deg.)     :    15.1492  81.3062  45.6448  18.8720  33.2162  12.1496  66.7999  29.5133 
>
iteration       : 54
climbing        : yes
zoom on         : no
nim             : 10
barrier         :   0.01603564 (image:  5) 
distance        :   0.00000000    3.68099862    7.68148068    8.77572420    9.29864034    9.73960680   10.18556814   10.76010134   12.66000512   17.37228688 
energy          : -1076.60715217  -1076.61202820  -1076.61806826  -1076.60158772  -1076.59295400  -1076.59111653  -1076.59330639  -1076.60416139  -1076.62343718  -1076.63040402 
max(|Fr_perp|)   :   0.00000000    0.00075976    0.00175562    0.00158764    0.00168717    0.00124196    0.00215850    0.00224060    0.00351890    0.00000000 
Fr_paral         :   0.00000000    0.00144175   -0.00111045   -0.02803666   -0.00986472    0.00004656    0.01220507    0.02817260    0.00385656    0.00000000 
max(|Fsp_paral|) :   0.00000000    0.00096244    0.00130661    0.00101057    0.00130949    0.00022867    0.00306098    0.00028714    0.00103862    0.00000000 
max(|Fsp_perp|)  :   0.00000000    0.00000000    0.00000000    0.00000000    0.00000000    0.00000000    0.00000000    0.00000000    0.00000000    0.00000000 
max(|FNEB|)      :   0.00000000    0.00154677    0.00294982    0.00162186    0.00181989    0.00124213    0.00387709    0.00222600    0.00455658    0.00000000 
max(|Force|)     :   0.00136476    0.00111867    0.00178033    0.01677768    0.00464017    0.00124178    0.00719459    0.01572001    0.00409538    0.00139060 
ksp              :   0.01000000    0.01000000    0.04123047    0.08968721    0.10000000    0.10000000    0.08770944    0.02678574    0.01000000 
max(|step|)      :   0.00000000    0.00499163    0.01002887    0.00579599    0.00719311    0.00361524    0.02416661    0.01053536    0.01595714    0.00000000 
angle (deg.)     :    15.2417  82.3168  46.3707  19.9758  32.4205  11.7030  66.5419  29.3993 
>
iteration       : 55
climbing        : yes
zoom on         : no
nim             : 10
barrier         :   0.01600163 (image:  5) 
distance        :   0.00000000    3.69132890    7.71236918    8.79724731    9.31193317    9.76894928   10.25669246   10.80059974   12.65721520   17.40048401 
energy          : -1076.60715217  -1076.61205248  -1076.61810527  -1076.60175330  -1076.59313708  -1076.59115054  -1076.59382762  -1076.60452860  -1076.62331882  -1076.63040402 
max(|Fr_perp|)   :   0.00000000    0.00114092    0.00337201    0.00905303    0.00267652    0.00147192    0.00460190    0.00657084    0.00684186    0.00000000 
Fr_paral         :   0.00000000    0.00143972   -0.00130902   -0.02783174   -0.01027416    0.00004307    0.01379385    0.02835579    0.00359382    0.00000000 
max(|Fsp_paral|) :   0.00000000    0.00099266    0.00091540    0.00110350    0.00000761    0.00140607    0.00136096    0.00013687    0.00040304    0.00000000 
max(|Fsp_perp|)  :   0.00000000    0.00000000    0.00000000    0.00000000    0.00000000    0.00000000    0.00000000    0.00000000    0.00000000    0.00000000 
max(|FNEB|)      :   0.00000000    0.00150570    0.00421509    0.00905093    0.00269640    0.00147208    0.00459849    0.00655863    0.00650060    0.00000000 
max(|Force|)     :   0.00136476    0.00114462    0.00306552    0.01675444    0.00510587    0.00147176    0.00780261    0.01652403    0.00606675    0.00139060 
ksp              :   0.01000000    0.01000000    0.04036557    0.08882684    0.10000000    0.10000000    0.08494298    0.02475610    0.01000000 
max(|step|)      :   0.00000000    0.00335828    0.00693813    0.00498989    0.00329051    0.00280908    0.00943875    0.00537750    0.00732927    0.00000000 
angle (deg.)     :    15.3209  82.9148  46.6619  20.3877  32.1381  11.5680  66.3842  29.3795 
>
iteration       : 56
climbing        : yes
zoom on         : no
nim             : 10
barrier         :   0.01597843 (image:  5) 
distance        :   0.00000000    3.69844840    7.73044259    8.81164147    9.32289117    9.78698528   10.29107112   10.82468813   12.66179492   17.41738098 
energy          : -1076.60715217  -1076.61207062  -1076.61815582  -1076.60191566  -1076.59324086  -1076.59117374  -1076.59408817  -1076.60476943  -1076.62333588  -1076.63040402 
max(|Fr_perp|)   :   0.00000000    0.00068775    0.00152483    0.00114314    0.00120837    0.00122547    0.00133684    0.00133109    0.00119465    0.00000000 
Fr_paral         :   0.00000000    0.00145735   -0.00114043   -0.02803864   -0.01052022    0.00004140    0.01456366    0.02854218    0.00370007    0.00000000 
max(|Fsp_paral|) :   0.00000000    0.00100406    0.00060689    0.00142081    0.00057759    0.00182857    0.00307330    0.00090125    0.00124424    0.00000000 
max(|Fsp_perp|)  :   0.00000000    0.00000000    0.00000000    0.00000000    0.00000000    0.00000000    0.00000000    0.00000000    0.00000000    0.00000000 
max(|FNEB|)      :   0.00000000    0.00151337    0.00199277    0.00126811    0.00121879    0.00122561    0.00269598    0.00122472    0.00215329    0.00000000 
max(|Force|)     :   0.00136476    0.00105212    0.00144381    0.01672881    0.00524870    0.00122533    0.00832516    0.01655340    0.00194774    0.00139060 
ksp              :   0.01000000    0.01000000    0.03949516    0.08835675    0.10000000    0.10000000    0.08358420    0.02342104    0.01000000 
max(|step|)      :   0.00000000    0.00300327    0.00423923    0.00252782    0.00239647    0.00240930    0.00247589    0.00240079    0.00311308    0.00000000 
angle (deg.)     :    15.3689  83.2597  46.5762  20.3340  32.2055  11.4949  66.1996  29.5770 
>
iteration       : 57
climbing        : yes
zoom on         : no
nim             : 10
barrier         :   0.01596046 (image:  5) 
distance        :   0.00000000    3.70493696    7.74116521    8.82597505    9.33515405    9.79998751   10.30104198   10.83801660   12.67533159   17.42898678 
energy          : -1076.60715217  -1076.61208581  -1076.61819569  -1076.60189704  -1076.59326573  -1076.59119172  -1076.59406306  -1076.60479690  -1076.62336508  -1076.63040402 
max(|Fr_perp|)   :   0.00000000    0.00068818    0.00124726    0.00165777    0.00108345    0.00109946    0.00110015    0.00129149    0.00173461    0.00000000 
Fr_paral         :   0.00000000    0.00146748   -0.00101547   -0.02801160   -0.01055519    0.00003762    0.01444995    0.02859167    0.00369323    0.00000000 
max(|Fsp_paral|) :   0.00000000    0.00099727    0.00067197    0.00113058    0.00071050    0.00165662    0.00270310    0.00127106    0.00130762    0.00000000 
max(|Fsp_perp|)  :   0.00000000    0.00000000    0.00000000    0.00000000    0.00000000    0.00000000    0.00000000    0.00000000    0.00000000    0.00000000 
max(|FNEB|)      :   0.00000000    0.00150941    0.00186630    0.00168059    0.00109374    0.00109959    0.00239583    0.00127390    0.00229615    0.00000000 
max(|Force|)     :   0.00136476    0.00105563    0.00150583    0.01666997    0.00531571    0.00109934    0.00828286    0.01663537    0.00204929    0.00139060 
ksp              :   0.01000000    0.01000000    0.03963338    0.08830475    0.10000000    0.10000000    0.08380866    0.02328121    0.01000000 
max(|step|)      :   0.00000000    0.01464953    0.02003889    0.01176188    0.01137144    0.01143162    0.01147492    0.01117571    0.01413720    0.00000000 
angle (deg.)     :    15.5900  84.9452  46.3395  20.1339  32.5030  11.9153  65.3328  30.6273 
>
iteration       : 58
climbing        : yes
zoom on         : no
nim             : 10
barrier         :   0.01591839 (image:  5) 
distance        :   0.00000000    3.73661053    7.79493954    8.89527725    9.39733392    9.86523564   10.35573812   10.90387305   12.74315991   17.48857862 
energy          : -1076.60715217  -1076.61215068  -1076.61835804  -1076.60180733  -1076.59333069  -1076.59123379  -1076.59395251  -1076.60481972  -1076.62345397  -1076.63040402 
max(|Fr_perp|)   :   0.00000000    0.00091812    0.00207355    0.00652781    0.00228199    0.00187918    0.00292171    0.00512259    0.00356752    0.00000000 
Fr_paral         :   0.00000000    0.00149148   -0.00073416   -0.02784043   -0.01067170    0.00003250    0.01400266    0.02879280    0.00334583    0.00000000 
max(|Fsp_paral|) :   0.00000000    0.00096789    0.00094658    0.00000050    0.00118924    0.00103428    0.00141519    0.00210219    0.00130896    0.00000000 
max(|Fsp_perp|)  :   0.00000000    0.00000000    0.00000000    0.00000000    0.00000000    0.00000000    0.00000000    0.00000000    0.00000000    0.00000000 
max(|FNEB|)      :   0.00000000    0.00146205    0.00249580    0.00655844    0.00226388    0.00187906    0.00295323    0.00515571    0.00465412    0.00000000 
max(|Force|)     :   0.00136476    0.00103507    0.00198741    0.01651581    0.00556861    0.00187929    0.00812793    0.01718779    0.00432207    0.00139060 
ksp              :   0.01000000    0.01000000    0.04021890    0.08814445    0.10000000    0.10000000    0.08462880    0.02318729    0.01000000 
max(|step|)      :   0.00000000    0.02764207    0.03884564    0.02219695    0.02151546    0.02162789    0.02173878    0.02124237    0.02322316    0.00000000 
angle (deg.)     :    16.0269  88.1361  46.4009  19.9082  32.9503  14.0310  63.8974  32.6299 
>
iteration       : 59
climbing        : yes
zoom on         : no
nim             : 10
barrier         :   0.01583340 (image:  5) 
distance        :   0.00000000    3.79664864    7.90090107    9.02482055    9.52138288    9.99404210   10.47615574   11.03422868   12.87562818   17.60894303 
energy          : -1076.60715217  -1076.61227042  -1076.61863924  -1076.60183490  -1076.59344342  -1076.59131878  -1076.59390071  -1076.60479292  -1076.62347344  -1076.63040402 
max(|Fr_perp|)   :   0.00000000    0.00243416    0.00372670    0.00918672    0.00385396    0.00302901    0.00392226    0.00420549    0.00886681    0.00000000 
Fr_paral         :   0.00000000    0.00152625   -0.00034383   -0.02770434   -0.01079382    0.00002341    0.01356505    0.02885575    0.00250427    0.00000000 
max(|Fsp_paral|) :   0.00000000    0.00092353    0.00108859    0.00087777    0.00169818    0.00043239    0.00031718    0.00247301    0.00113083    0.00000000 
max(|Fsp_perp|)  :   0.00000000    0.00000000    0.00000000    0.00000000    0.00000000    0.00000000    0.00000000    0.00000000    0.00000000    0.00000000 
max(|FNEB|)      :   0.00000000    0.00242844    0.00419624    0.00921598    0.00386598    0.00302893    0.00400595    0.00420141    0.00979785    0.00000000 
max(|Force|)     :   0.00136476    0.00242987    0.00368725    0.01640805    0.00578502    0.00302910    0.00779336    0.01801856    0.00941696    0.00139060 
ksp              :   0.01000000    0.01000000    0.04022435    0.08792312    0.10000000    0.10000000    0.08532378    0.02341045    0.01000000 
max(|step|)      :   0.00000000    0.07174655    0.10000000    0.05693714    0.05563246    0.05591577    0.05570818    0.05461588    0.05654455    0.00000000 
angle (deg.)     :    17.1438  95.8427  47.3735  19.6933  34.3514  21.6636  61.0276  37.8834 
>
iteration       : 60
climbing        : yes
zoom on         : no
nim             : 10
barrier         :   0.01557046 (image:  5) 
distance        :   0.00000000    3.95378500    8.17990558    9.37427239    9.86537451   10.34719919   10.81450243   11.39785163   13.25285661   17.95767247 
energy          : -1076.60715217  -1076.61260455  -1076.61938018  -1076.60211653  -1076.59376778  -1076.59158171  -1076.59380791  -1076.60451557  -1076.62335971  -1076.63040402 
max(|Fr_perp|)   :   0.00000000    0.00222135    0.00383164    0.01499694    0.00467505    0.00419201    0.00741234    0.01497780    0.00697890    0.00000000 
Fr_paral         :   0.00000000    0.00151943    0.00006815   -0.02722301   -0.01109547    0.00002534    0.01218510    0.02725043   -0.00037096    0.00000000 
max(|Fsp_paral|) :   0.00000000    0.00081274    0.00121827    0.00215616    0.00249512    0.00065667    0.00218932    0.00200591    0.00002625    0.00000000 
max(|Fsp_perp|)  :   0.00000000    0.00000000    0.00000000    0.00000000    0.00000000    0.00000000    0.00000000    0.00000000    0.00000000    0.00000000 
max(|FNEB|)      :   0.00000000    0.00206763    0.00436645    0.01545228    0.00476562    0.00421977    0.00759161    0.01554860    0.00718496    0.00000000 
max(|Force|)     :   0.00136476    0.00182011    0.00388727    0.01666167    0.00607205    0.00422003    0.00745729    0.01915823    0.00708359    0.00139060 
ksp              :   0.01000000    0.01000000    0.03918749    0.08736906    0.10000000    0.10000000    0.08716119    0.02531003    0.01000000 
max(|step|)      :   0.00000000    0.00214595    0.00453184    0.01603756    0.00494613    0.00437960    0.00787916    0.01613753    0.00745710    0.00000000 
angle (deg.)     :    17.1390  96.0096  47.7357  19.4543  34.0927  20.2224  61.0918  37.8259 
>
iteration       : 61
climbing        : yes
zoom on         : no
nim             : 10
barrier         :   0.01541153 (image:  5) 
distance        :   0.00000000    3.95661332    8.18560388    9.37555129    9.87689797   10.35408846   10.82678545   11.40168940   13.25661695   17.95937953 
energy          : -1076.60715217  -1076.61264004  -1076.61948809  -1076.60250643  -1076.59389957  -1076.59174064  -1076.59405955  -1076.60476277  -1076.62357876  -1076.63040402 
max(|Fr_perp|)   :   0.00000000    0.00107829    0.00243197    0.01148942    0.00332551    0.00260840    0.00560564    0.01192438    0.00478687    0.00000000 
Fr_paral         :   0.00000000    0.00161960   -0.00029433   -0.02759172   -0.01099280   -0.00001698    0.01255873    0.02790664   -0.00008825    0.00000000 
max(|Fsp_paral|) :   0.00000000    0.00081128    0.00050079    0.00020605    0.00185181    0.00020545    0.00129912    0.00276950    0.00069832    0.00000000 
max(|Fsp_perp|)  :   0.00000000    0.00000000    0.00000000    0.00000000    0.00000000    0.00000000    0.00000000    0.00000000    0.00000000    0.00000000 
max(|FNEB|)      :   0.00000000    0.00150127    0.00285764    0.01145230    0.00341070    0.00260849    0.00558688    0.01201829    0.00471198    0.00000000 
max(|Force|)     :   0.00136476    0.00133012    0.00236637    0.01659584    0.00584454    0.00260831    0.00702857    0.01917313    0.00479517    0.00139060 
ksp              :   0.01000000    0.01000000    0.03713011    0.08739231    0.10000000    0.10000000    0.08645807    0.02395359    0.01000000 
max(|step|)      :   0.00000000    0.00143782    0.00238510    0.00303428    0.00326752    0.00320173    0.00310229    0.00568830    0.00510747    0.00000000 
angle (deg.)     :    17.1582  96.1146  47.9997  19.3480  33.9235  19.0429  61.1773  37.8062 
>
iteration       : 62
climbing        : yes
zoom on         : no
nim             : 10
barrier         :   0.01534496 (image:  5) 
distance        :   0.00000000    3.95939958    8.18993743    9.37841997    9.88659988   10.36016867   10.83703007   11.40392253   13.26128779   17.96013660 
energy          : -1076.60715217  -1076.61265657  -1076.61954022  -1076.60272655  -1076.59393717  -1076.59180722  -1076.59420671  -1076.60489377  -1076.62370851  -1076.63040402 
max(|Fr_perp|)   :   0.00000000    0.00069406    0.00226030    0.00680197    0.00228049    0.00141569    0.00350603    0.00643145    0.00397703    0.00000000 
Fr_paral         :   0.00000000    0.00161857   -0.00039619   -0.02785052   -0.01087729   -0.00003145    0.01283937    0.02846315    0.00021657    0.00000000 
max(|Fsp_paral|) :   0.00000000    0.00080705    0.00011255    0.00097284    0.00136747    0.00015037    0.00054507    0.00295228    0.00102879    0.00000000 
max(|Fsp_perp|)  :   0.00000000    0.00000000    0.00000000    0.00000000    0.00000000    0.00000000    0.00000000    0.00000000    0.00000000    0.00000000 
max(|FNEB|)      :   0.00000000    0.00113778    0.00236027    0.00679325    0.00232973    0.00141583    0.00349280    0.00648834    0.00445349    0.00000000 
max(|Force|)     :   0.00136476    0.00093238    0.00217111    0.01667511    0.00557627    0.00141555    0.00729703    0.01874442    0.00395720    0.00139060 
ksp              :   0.01000000    0.01000000    0.03595682    0.08750754    0.10000000    0.10000000    0.08592671    0.02324578    0.01000000 
max(|step|)      :   0.00000000    0.00476186    0.00747398    0.00607282    0.00770349    0.00681925    0.00817704    0.01941966    0.01581702    0.00000000 
angle (deg.)     :    17.2356  96.2632  48.6292  19.4238  33.7151  16.1967  61.8075  37.9842 
>
iteration       : 63
climbing        : yes
zoom on         : no
nim             : 10
barrier         :   0.01531462 (image:  5) 
distance        :   0.00000000    3.97054967    8.20163642    9.39721218    9.91701614   10.38107590   10.86786319   11.40863447   13.28538583   17.96432554 
energy          : -1076.60715217  -1076.61268245  -1076.61961808  -1076.60285423  -1076.59387825  -1076.59183756  -1076.59442075  -1076.60475642  -1076.62397137  -1076.63040402 
max(|Fr_perp|)   :   0.00000000    0.00077740    0.00147796    0.00149620    0.00177379    0.00133454    0.00154896    0.00236952    0.00377162    0.00000000 
Fr_paral         :   0.00000000    0.00153373   -0.00049352   -0.02810753   -0.01051100   -0.00002264    0.01334077    0.02903216    0.00112441    0.00000000 
max(|Fsp_paral|) :   0.00000000    0.00077512    0.00004127    0.00203738    0.00031112    0.00103549    0.00147711    0.00037913    0.00043728    0.00000000 
max(|Fsp_perp|)  :   0.00000000    0.00000000    0.00000000    0.00000000    0.00000000    0.00000000    0.00000000    0.00000000    0.00000000    0.00000000 
max(|FNEB|)      :   0.00000000    0.00128317    0.00145559    0.00145659    0.00180578    0.00133463    0.00156596    0.00235693    0.00410633    0.00000000 
max(|Force|)     :   0.00136476    0.00100835    0.00139706    0.01675028    0.00495245    0.00133445    0.00772128    0.01716875    0.00400511    0.00139060 
ksp              :   0.01000000    0.01000000    0.03525791    0.08800736    0.10000000    0.10000000    0.08481925    0.02407920    0.01000000 
max(|step|)      :   0.00000000    0.00399263    0.00361732    0.00300821    0.00342087    0.00341594    0.00319500    0.00888673    0.00819456    0.00000000 
angle (deg.)     :    17.2581  96.3336  48.9302  19.6270  33.8947  15.2512  62.5678  38.0690 
>
iteration       : 64
climbing        : yes
zoom on         : no
nim             : 10
barrier         :   0.01528810 (image:  5) 
distance        :   0.00000000    3.97910676    8.20983596    9.41508928    9.93588314   10.39671012   10.88400203   11.42142472   13.30513007   17.97422206 
energy          : -1076.60715217  -1076.61270311  -1076.61966859  -1076.60279811  -1076.59387059  -1076.59186407  -1076.59445825  -1076.60469642  -1076.62404056  -1076.63040402 
max(|Fr_perp|)   :   0.00000000    0.00092896    0.00215161    0.00392840    0.00194258    0.00130838    0.00168455    0.00942927    0.00489853    0.00000000 
Fr_paral         :   0.00000000    0.00162270   -0.00071162   -0.02804285   -0.01036654   -0.00002492    0.01335376    0.02869261    0.00144392    0.00000000 
max(|Fsp_paral|) :   0.00000000    0.00074761    0.00016836    0.00169885    0.00007296    0.00120590    0.00166899    0.00030525    0.00017060    0.00000000 
max(|Fsp_perp|)  :   0.00000000    0.00000000    0.00000000    0.00000000    0.00000000    0.00000000    0.00000000    0.00000000    0.00000000    0.00000000 
max(|FNEB|)      :   0.00000000    0.00167952    0.00229922    0.00395301    0.00196821    0.00130830    0.00170578    0.00944112    0.00476609    0.00000000 
max(|Force|)     :   0.00136476    0.00141109    0.00199122    0.01679864    0.00503752    0.00130846    0.00764889    0.01678885    0.00480015    0.00139060 
ksp              :   0.01000000    0.01000000    0.03563208    0.08818779    0.10000000    0.10000000    0.08472827    0.02445686    0.01000000 
max(|step|)      :   0.00000000    0.00283680    0.00309785    0.00256356    0.00269492    0.00269341    0.00275755    0.00467834    0.00435898    0.00000000 
angle (deg.)     :    17.2962  96.3901  49.0993  19.7713  34.0794  14.8546  63.0780  38.0839 
>
iteration       : 65
climbing        : yes
zoom on         : no
nim             : 10
barrier         :   0.01526089 (image:  5) 
distance        :   0.00000000    3.98524452    8.21600700    9.42865918    9.94851588   10.40809638   10.89422992   11.43274730   13.31923947   17.98180703 
energy          : -1076.60715217  -1076.61271949  -1076.61971122  -1076.60275960  -1076.59388827  -1076.59189129  -1076.59447151  -1076.60475965  -1076.62409732  -1076.63040402 
max(|Fr_perp|)   :   0.00000000    0.00081370    0.00180087    0.00319447    0.00124370    0.00125097    0.00145617    0.00590987    0.00291083    0.00000000 
Fr_paral         :   0.00000000    0.00161665   -0.00065492   -0.02803393   -0.01032494   -0.00002937    0.01331061    0.02860061    0.00175972    0.00000000 
max(|Fsp_paral|) :   0.00000000    0.00072948    0.00032624    0.00132685    0.00004455    0.00121038    0.00154011    0.00010055    0.00031496    0.00000000 
max(|Fsp_perp|)  :   0.00000000    0.00000000    0.00000000    0.00000000    0.00000000    0.00000000    0.00000000    0.00000000    0.00000000    0.00000000 
max(|FNEB|)      :   0.00000000    0.00137443    0.00208164    0.00321861    0.00125043    0.00125088    0.00137550    0.00592617    0.00290594    0.00000000 
max(|Force|)     :   0.00136476    0.00112233    0.00165373    0.01673327    0.00507516    0.00125107    0.00753331    0.01645800    0.00305602    0.00139060 
ksp              :   0.01000000    0.01000000    0.03590487    0.08822293    0.10000000    0.10000000    0.08478331    0.02410972    0.01000000 
max(|step|)      :   0.00000000    0.01320867    0.01510946    0.01198979    0.01272167    0.01271412    0.01281447    0.01833683    0.01648258    0.00000000 
angle (deg.)     :    17.4755  96.7660  49.9573  20.4114  35.0590  15.1194  65.1831  38.2849 
>
iteration       : 66
climbing        : yes
zoom on         : no
nim             : 10
barrier         :   0.01517617 (image:  5) 
distance        :   0.00000000    4.01389936    8.24817459    9.49241508   10.00934737   10.46459883   10.94503663   11.49041458   13.39086658   18.02408955 
energy          : -1076.60715217  -1076.61278813  -1076.61987390  -1076.60260286  -1076.59392543  -1076.59197600  -1076.59447343  -1076.60476445  -1076.62416201  -1076.63040402 
max(|Fr_perp|)   :   0.00000000    0.00067061    0.00107063    0.00157292    0.00103402    0.00103758    0.00125813    0.00250985    0.00195450    0.00000000 
Fr_paral         :   0.00000000    0.00158551   -0.00054783   -0.02798634   -0.01011739   -0.00003412    0.01302461    0.02762085    0.00260235    0.00000000 
max(|Fsp_paral|) :   0.00000000    0.00065477    0.00098644    0.00016909    0.00008977    0.00114901    0.00081681    0.00032169    0.00011757    0.00000000 
max(|Fsp_perp|)  :   0.00000000    0.00000000    0.00000000    0.00000000    0.00000000    0.00000000    0.00000000    0.00000000    0.00000000    0.00000000 
max(|FNEB|)      :   0.00000000    0.00107372    0.00164073    0.00154022    0.00103751    0.00103747    0.00111964    0.00249096    0.00191860    0.00000000 
max(|Force|)     :   0.00136476    0.00091722    0.00114310    0.01652135    0.00520171    0.00103769    0.00797711    0.01549093    0.00236231    0.00139060 
ksp              :   0.01000000    0.01000000    0.03697900    0.08843920    0.10000000    0.10000000    0.08518938    0.02416003    0.01000000 
max(|step|)      :   0.00000000    0.00891433    0.01098013    0.00822064    0.00858689    0.00858339    0.00858594    0.00879678    0.00780600    0.00000000 
angle (deg.)     :    17.5968  97.1935  50.6003  20.6801  35.6726  15.4364  65.8671  38.3818 
>
iteration       : 67
climbing        : yes
zoom on         : no
nim             : 10
barrier         :   0.01512453 (image:  5) 
distance        :   0.00000000    4.03298321    8.27478480    9.53518091   10.05192673   10.50676484   10.98371495   11.53547622   13.43819039   18.05618375 
energy          : -1076.60715217  -1076.61283288  -1076.61997555  -1076.60261226  -1076.59396677  -1076.59202764  -1076.59446641  -1076.60479784  -1076.62420006  -1076.63040402 
max(|Fr_perp|)   :   0.00000000    0.00085649    0.00134932    0.00151211    0.00166050    0.00112202    0.00305850    0.00759584    0.00218075    0.00000000 
Fr_paral         :   0.00000000    0.00162577   -0.00059438   -0.02794336   -0.01006462   -0.00003214    0.01284189    0.02707545    0.00279217    0.00000000 
max(|Fsp_paral|) :   0.00000000    0.00061974    0.00114490    0.00054269    0.00010639    0.00100914    0.00027118    0.00087468    0.00014087    0.00000000 
max(|Fsp_perp|)  :   0.00000000    0.00000000    0.00000000    0.00000000    0.00000000    0.00000000    0.00000000    0.00000000    0.00000000    0.00000000 
max(|FNEB|)      :   0.00000000    0.00097814    0.00228595    0.00174468    0.00163465    0.00112214    0.00307699    0.00759642    0.00221336    0.00000000 
max(|Force|)     :   0.00136476    0.00086266    0.00125559    0.01657855    0.00529849    0.00112189    0.00797303    0.01525944    0.00241291    0.00139060 
ksp              :   0.01000000    0.01000000    0.03701521    0.08846104    0.10000000    0.10000000    0.08548786    0.02400969    0.01000000 
max(|step|)      :   0.00000000    0.02500074    0.03231362    0.02346090    0.02446312    0.02445559    0.02449028    0.02515060    0.02044329    0.00000000 
angle (deg.)     :    17.9698  98.4860  52.4344  21.3879  37.3458  16.8510  67.2097  38.6715 
>
iteration       : 68
climbing        : yes
zoom on         : no
nim             : 10
barrier         :   0.01497508 (image:  5) 
distance        :   0.00000000    4.08670400    8.35392786    9.65641213   10.17456559   10.62987045   11.09899229   11.66762723   13.57312778   18.15083659 
energy          : -1076.60715217  -1076.61295743  -1076.62024699  -1076.60273072  -1076.59409947  -1076.59217710  -1076.59446842  -1076.60493895  -1076.62425876  -1076.63040402 
max(|Fr_perp|)   :   0.00000000    0.00148165    0.00235102    0.00235311    0.00322485    0.00150711    0.00509239    0.01322717    0.00272994    0.00000000 
Fr_paral         :   0.00000000    0.00166342   -0.00061293   -0.02784821   -0.00996133   -0.00002548    0.01236647    0.02603701    0.00316634    0.00000000 
max(|Fsp_paral|) :   0.00000000    0.00053435    0.00135507    0.00104060    0.00013832    0.00063096    0.00109393    0.00268912    0.00039625    0.00000000 
max(|Fsp_perp|)  :   0.00000000    0.00000000    0.00000000    0.00000000    0.00000000    0.00000000    0.00000000    0.00000000    0.00000000    0.00000000 
max(|FNEB|)      :   0.00000000    0.00148140    0.00343681    0.00260683    0.00319746    0.00150711    0.00508267    0.01328196    0.00280759    0.00000000 
max(|Force|)     :   0.00136476    0.00147878    0.00224991    0.01668106    0.00540425    0.00150711    0.00770635    0.01527442    0.00292775    0.00139060 
ksp              :   0.01000000    0.01000000    0.03657289    0.08844654    0.10000000    0.10000000    0.08622921    0.02330146    0.01000000 
max(|step|)      :   0.00000000    0.07498378    0.10000000    0.07158754    0.07448571    0.07446633    0.07436769    0.07622809    0.06051359    0.00000000 
angle (deg.)     :    19.1576  102.2821  57.6381  23.7265  42.0837  23.6878  69.8792  40.2073 
>
iteration       : 69
climbing        : yes
zoom on         : no
nim             : 10
barrier         :   0.01452025 (image:  5) 
distance        :   0.00000000    4.24906378    8.60420066   10.03024218   10.55754960   11.01832687   11.47899828   12.08120311   14.00083727   18.46367770 
energy          : -1076.60715217  -1076.61334113  -1076.62100602  -1076.60331117  -1076.59455875  -1076.59263193  -1076.59457185  -1076.60524596  -1076.62407294  -1076.63040402 
max(|Fr_perp|)   :   0.00000000    0.00192963    0.00304569    0.00430135    0.00210393    0.00165402    0.00846483    0.02071465    0.00459342    0.00000000 
Fr_paral         :   0.00000000    0.00166206   -0.00059254   -0.02770396   -0.00985760   -0.00000525    0.01098459    0.02380654    0.00345602    0.00000000 
max(|Fsp_paral|) :   0.00000000    0.00031188    0.00130552    0.00103777    0.00016367    0.00000132    0.00355271    0.00640830    0.00074626    0.00000000 
max(|Fsp_perp|)  :   0.00000000    0.00000000    0.00000000    0.00000000    0.00000000    0.00000000    0.00000000    0.00000000    0.00000000    0.00000000 
max(|FNEB|)      :   0.00000000    0.00199972    0.00351206    0.00440252    0.00212594    0.00166286    0.00869178    0.02169052    0.00456901    0.00000000 
max(|Force|)     :   0.00136476    0.00199616    0.00314232    0.01709667    0.00536631    0.00166282    0.00863207    0.02095551    0.00456539    0.00139060 
ksp              :   0.01000000    0.01000000    0.03383302    0.08806112    0.10000000    0.10000000    0.08802999    0.02193296    0.01000000 
max(|step|)      :   0.00000000    0.00185973    0.00326619    0.00409431    0.00197712    0.00154645    0.00808330    0.02017206    0.00424915    0.00000000 
angle (deg.)     :    19.1745  102.3919  57.4958  23.5959  41.5672  22.2249  69.0794  40.2352 
>
iteration       : 70
climbing        : yes
zoom on         : no
nim             : 10
barrier         :   0.01449251 (image:  5) 
distance        :   0.00000000    4.25004911    8.60944672   10.03237533   10.56160749   11.02345316   11.49140077   12.07632663   13.99629656   18.45751125 
energy          : -1076.60715217  -1076.61335033  -1076.62104552  -1076.60345596  -1076.59460273  -1076.59265967  -1076.59477013  -1076.60540898  -1076.62421232  -1076.63040402 
max(|Fr_perp|)   :   0.00000000    0.00100350    0.00173708    0.00205880    0.00128625    0.00127603    0.00482864    0.01167671    0.00401973    0.00000000 
Fr_paral         :   0.00000000    0.00171302   -0.00044327   -0.02782878   -0.00990899   -0.00001620    0.01166481    0.02499361    0.00345411    0.00000000 
max(|Fsp_paral|) :   0.00000000    0.00032113    0.00091050    0.00020370    0.00016103    0.00027916    0.00208149    0.00634074    0.00136275    0.00000000 
max(|Fsp_perp|)  :   0.00000000    0.00000000    0.00000000    0.00000000    0.00000000    0.00000000    0.00000000    0.00000000    0.00000000    0.00000000 
max(|FNEB|)      :   0.00000000    0.00100163    0.00166155    0.00202689    0.00128244    0.00127609    0.00479500    0.01167762    0.00432372    0.00000000 
max(|Force|)     :   0.00136476    0.00100495    0.00174781    0.01687841    0.00527323    0.00127597    0.00700307    0.01587744    0.00403518    0.00139060 
ksp              :   0.01000000    0.01000000    0.03295385    0.08793339    0.10000000    0.10000000    0.08689379    0.02082539    0.01000000 
max(|step|)      :   0.00000000    0.00065434    0.00196889    0.00214003    0.00130190    0.00129416    0.00432270    0.00809690    0.00392510    0.00000000 
angle (deg.)     :    19.1883  102.4743  57.3379  23.4913  41.1449  20.9224  68.3254  40.3031 
>
iteration       : 71
climbing        : yes
zoom on         : no
nim             : 10
barrier         :   0.01447584 (image:  5) 
distance        :   0.00000000    4.25105128    8.61408452   10.03497117   10.56523680   11.02815226   11.50158858   12.07127776   13.99363743   18.45237237 
energy          : -1076.60715217  -1076.61335556  -1076.62107051  -1076.60354999  -1076.59463169  -1076.59267634  -1076.59488409  -1076.60536564  -1076.62433128  -1076.63040402 
max(|Fr_perp|)   :   0.00000000    0.00086938    0.00151798    0.00170171    0.00100678    0.00101391    0.00410182    0.00943249    0.00353334    0.00000000 
Fr_paral         :   0.00000000    0.00171493   -0.00039083   -0.02790219   -0.00994490   -0.00001969    0.01202199    0.02580940    0.00341671    0.00000000 
max(|Fsp_paral|) :   0.00000000    0.00032879    0.00065924    0.00031681    0.00013196    0.00048135    0.00093334    0.00497495    0.00117708    0.00000000 
max(|Fsp_perp|)  :   0.00000000    0.00000000    0.00000000    0.00000000    0.00000000    0.00000000    0.00000000    0.00000000    0.00000000    0.00000000 
max(|FNEB|)      :   0.00000000    0.00086753    0.00146391    0.00167464    0.00101050    0.00101383    0.00407895    0.00942716    0.00397654    0.00000000 
max(|Force|)     :   0.00136476    0.00087085    0.00152745    0.01689561    0.00520078    0.00101398    0.00719961    0.01598797    0.00382733    0.00139060 
ksp              :   0.01000000    0.01000000    0.03239569    0.08784307    0.10000000    0.10000000    0.08627383    0.02110733    0.01000000 
max(|step|)      :   0.00000000    0.00543623    0.01099339    0.01024837    0.00836879    0.00839721    0.02289061    0.04414354    0.02933204    0.00000000 
angle (deg.)     :    19.2840  102.7112  55.7472  22.7695  38.9406  15.3951  63.9743  40.9467 
>
iteration       : 72
climbing        : yes
zoom on         : no
nim             : 10
barrier         :   0.01441996 (image:  5) 
distance        :   0.00000000    4.26027120    8.64347242   10.06289116   10.58890863   11.06038502   11.54911621   12.06012080   13.99657273   18.44050489 
energy          : -1076.60715217  -1076.61338307  -1076.62118305  -1076.60376503  -1076.59476301  -1076.59273221  -1076.59524631  -1076.60473705  -1076.62484877  -1076.63040402 
max(|Fr_perp|)   :   0.00000000    0.00128406    0.00318290    0.00287697    0.00210244    0.00128577    0.00160484    0.00721589    0.00296425    0.00000000 
Fr_paral         :   0.00000000    0.00163560   -0.00020861   -0.02794435   -0.01018554   -0.00001537    0.01307082    0.02858453    0.00277614    0.00000000 
max(|Fsp_paral|) :   0.00000000    0.00036067    0.00009913    0.00100139    0.00055881    0.00079157    0.00300689    0.00310271    0.00118203    0.00000000 
max(|Fsp_perp|)  :   0.00000000    0.00000000    0.00000000    0.00000000    0.00000000    0.00000000    0.00000000    0.00000000    0.00000000    0.00000000 
max(|FNEB|)      :   0.00000000    0.00158990    0.00326706    0.00291711    0.00207509    0.00128572    0.00210001    0.00720959    0.00367557    0.00000000 
max(|Force|)     :   0.00136476    0.00168718    0.00313735    0.01684031    0.00517374    0.00128582    0.00764490    0.01702842    0.00292576    0.00139060 
ksp              :   0.01000000    0.01000000    0.03114036    0.08732507    0.10000000    0.10000000    0.08430861    0.02507363    0.01000000 
max(|step|)      :   0.00000000    0.00467570    0.01160336    0.00723193    0.00621022    0.00622986    0.00612015    0.01825027    0.01236588    0.00000000 
angle (deg.)     :    19.3540  102.7532  54.9620  22.3968  38.3997  16.7069  63.1017  41.0275 
>
iteration       : 73
climbing        : yes
zoom on         : no
nim             : 10
barrier         :   0.01438784 (image:  5) 
distance        :   0.00000000    4.26661998    8.65925738   10.08031015   10.60597543   11.07983803   11.56563190   12.08655361   14.00921734   18.45570255 
energy          : -1076.60715217  -1076.61339503  -1076.62119711  -1076.60378741  -1076.59477750  -1076.59276433  -1076.59521655  -1076.60451730  -1076.62483301  -1076.63040402 
max(|Fr_perp|)   :   0.00000000    0.00297173    0.00523148    0.00773784    0.00564158    0.00141528    0.00416707    0.02403632    0.00684524    0.00000000 
Fr_paral         :   0.00000000    0.00188419    0.00052629   -0.02758138   -0.01011432   -0.00001258    0.01277997    0.02741861    0.00256047    0.00000000 
max(|Fsp_paral|) :   0.00000000    0.00036927    0.00005167    0.00105218    0.00066526    0.00054759    0.00232842    0.00385024    0.00184151    0.00000000 
max(|Fsp_perp|)  :   0.00000000    0.00000000    0.00000000    0.00000000    0.00000000    0.00000000    0.00000000    0.00000000    0.00000000    0.00000000 
max(|FNEB|)      :   0.00000000    0.00265740    0.00518635    0.00756889    0.00568504    0.00141529    0.00416393    0.02379997    0.00677905    0.00000000 
max(|Force|)     :   0.00136476    0.00250598    0.00511774    0.01647783    0.00557721    0.00141527    0.00738780    0.02312941    0.00718429    0.00139060 
ksp              :   0.01000000    0.01000000    0.03104752    0.08740710    0.10000000    0.10000000    0.08466068    0.02648188    0.01000000 
max(|step|)      :   0.00000000    0.00231095    0.00573655    0.00489101    0.00329829    0.00220512    0.00449048    0.01096165    0.00582606    0.00000000 
angle (deg.)     :    19.3256  102.7014  55.2121  22.3761  38.7054  15.5825  63.6162  40.8964 
>
iteration       : 74
climbing        : yes
zoom on         : no
nim             : 10
barrier         :   0.01439331 (image:  5) 
distance        :   0.00000000    4.26456482    8.65298083   10.07458522   10.59980345   11.07225333   11.55535276   12.08102795   14.00281543   18.45103928 
energy          : -1076.60715217  -1076.61339832  -1076.62123213  -1076.60381913  -1076.59480296  -1076.59275887  -1076.59522211  -1076.60504064  -1076.62490453  -1076.63040402 
max(|Fr_perp|)   :   0.00000000    0.00057381    0.00109347    0.00158838    0.00097978    0.00095584    0.00107253    0.00516419    0.00124549    0.00000000 
Fr_paral         :   0.00000000    0.00173906    0.00010242   -0.02803519   -0.01026022   -0.00001831    0.01291338    0.02886599    0.00276959    0.00000000 
max(|Fsp_paral|) :   0.00000000    0.00036321    0.00001072    0.00113198    0.00066282    0.00048862    0.00199601    0.00006847    0.00003138    0.00000000 
max(|Fsp_perp|)  :   0.00000000    0.00000000    0.00000000    0.00000000    0.00000000    0.00000000    0.00000000    0.00000000    0.00000000    0.00000000 
max(|FNEB|)      :   0.00000000    0.00067240    0.00108814    0.00138803    0.00101383    0.00095578    0.00129772    0.00514650    0.00125431    0.00000000 
max(|Force|)     :   0.00136476    0.00081970    0.00111548    0.01666631    0.00517637    0.00095591    0.00744641    0.01694869    0.00177745    0.00139060 
ksp              :   0.01000000    0.01000000    0.03084118    0.08721848    0.10000000    0.10000000    0.08459754    0.02320321    0.01000000 
max(|step|)      :   0.00000000    0.00127921    0.00199593    0.00228984    0.00194114    0.00194757    0.00200553    0.00275540    0.00412884    0.00000000 
angle (deg.)     :    19.3440  102.6826  54.9231  22.2016  38.5755  15.9406  63.3294  40.9905 
>
iteration       : 75
climbing        : yes
zoom on         : no
nim             : 10
barrier         :   0.01438014 (image:  5) 
distance        :   0.00000000    4.26684644    8.65779479   10.08130094   10.60558716   11.07853860   11.55967123   12.08747298   14.00779855   18.45559067 
energy          : -1076.60715217  -1076.61340554  -1076.62125308  -1076.60382623  -1076.59482061  -1076.59277203  -1076.59521421  -1076.60505255  -1076.62492988  -1076.63040402 
max(|Fr_perp|)   :   0.00000000    0.00040116    0.00094164    0.00099427    0.00103822    0.00104454    0.00112811    0.00161923    0.00128320    0.00000000 
Fr_paral         :   0.00000000    0.00170887    0.00008173   -0.02803890   -0.01028544   -0.00001821    0.01284350    0.02891280    0.00263655    0.00000000 
max(|Fsp_paral|) :   0.00000000    0.00036396    0.00001141    0.00105830    0.00073364    0.00037540    0.00176832    0.00015570    0.00001149    0.00000000 
max(|Fsp_perp|)  :   0.00000000    0.00000000    0.00000000    0.00000000    0.00000000    0.00000000    0.00000000    0.00000000    0.00000000    0.00000000 
max(|FNEB|)      :   0.00000000    0.00072784    0.00093527    0.00111891    0.00104121    0.00104448    0.00112893    0.00136536    0.00127684    0.00000000 
max(|Force|)     :   0.00136476    0.00085198    0.00095678    0.01667429    0.00521008    0.00104460    0.00743223    0.01702524    0.00154909    0.00139060 
ksp              :   0.01000000    0.01000000    0.03081587    0.08717871    0.10000000    0.10000000    0.08471528    0.02314078    0.01000000 
max(|step|)      :   0.00000000    0.00489245    0.00745104    0.00821521    0.00720349    0.00722684    0.00724553    0.00783235    0.01253842    0.00000000 
angle (deg.)     :    19.4130  102.5943  54.0194  21.6120  38.3403  17.6343  62.7256  41.2496 
>
iteration       : 76
climbing        : yes
zoom on         : no
nim             : 10
barrier         :   0.01433468 (image:  5) 
distance        :   0.00000000    4.27520080    8.67434211   10.10515474   10.62765271   11.10117957   11.57399247   12.11660329   14.02682018   18.47548916 
energy          : -1076.60715217  -1076.61343033  -1076.62131583  -1076.60384614  -1076.59486359  -1076.59281749  -1076.59515616  -1076.60517898  -1076.62495871  -1076.63040402 
max(|Fr_perp|)   :   0.00000000    0.00054618    0.00164438    0.00122394    0.00112940    0.00113550    0.00118317    0.00419283    0.00124612    0.00000000 
Fr_paral         :   0.00000000    0.00167946    0.00014808   -0.02801185   -0.01031240   -0.00001787    0.01248291    0.02880590    0.00225456    0.00000000 
max(|Fsp_paral|) :   0.00000000    0.00036342    0.00000419    0.00087415    0.00083994    0.00003274    0.00051376    0.00198732    0.00049392    0.00000000 
max(|Fsp_perp|)  :   0.00000000    0.00000000    0.00000000    0.00000000    0.00000000    0.00000000    0.00000000    0.00000000    0.00000000    0.00000000 
max(|FNEB|)      :   0.00000000    0.00087322    0.00165111    0.00122059    0.00113230    0.00113544    0.00109849    0.00421584    0.00151651    0.00000000 
max(|Force|)     :   0.00136476    0.00099029    0.00167683    0.01664639    0.00529012    0.00113556    0.00723323    0.01721393    0.00163884    0.00139060 
ksp              :   0.01000000    0.01000000    0.03075686    0.08715366    0.10000000    0.10000000    0.08531676    0.02238866    0.01000000 
max(|step|)      :   0.00000000    0.00745520    0.01090480    0.01200150    0.01082953    0.01086326    0.01086491    0.01013714    0.01549220    0.00000000 
angle (deg.)     :    19.5168  102.4348  53.0467  20.9383  38.2489  19.7912  62.1119  41.7719 
>
iteration       : 77
climbing        : yes
zoom on         : no
nim             : 10
barrier         :   0.01426891 (image:  5) 
distance        :   0.00000000    4.28782038    8.69760410   10.14062337   10.66309755   11.13557519   11.60101520   12.15529145   14.05790767   18.50480259 
energy          : -1076.60715217  -1076.61346710  -1076.62140067  -1076.60388358  -1076.59490595  -1076.59288327  -1076.59511315  -1076.60523007  -1076.62496008  -1076.63040402 
max(|Fr_perp|)   :   0.00000000    0.00092967    0.00237507    0.00158372    0.00173382    0.00123140    0.00121882    0.00740649    0.00196603    0.00000000 
Fr_paral         :   0.00000000    0.00167221    0.00026389   -0.02797572   -0.01027317   -0.00001414    0.01206067    0.02855889    0.00171625    0.00000000 
max(|Fsp_paral|) :   0.00000000    0.00035739    0.00002150    0.00079328    0.00077225    0.00032185    0.00056546    0.00311130    0.00068913    0.00000000 
max(|Fsp_perp|)  :   0.00000000    0.00000000    0.00000000    0.00000000    0.00000000    0.00000000    0.00000000    0.00000000    0.00000000    0.00000000 
max(|FNEB|)      :   0.00000000    0.00123307    0.00239633    0.00170460    0.00170485    0.00123139    0.00130080    0.00745277    0.00232694    0.00000000 
max(|Force|)     :   0.00136476    0.00134179    0.00243306    0.01663534    0.00531250    0.00123141    0.00692681    0.01734819    0.00217114    0.00139060 
ksp              :   0.01000000    0.01000000    0.03061639    0.08724210    0.10000000    0.10000000    0.08593515    0.02212350    0.01000000 
max(|step|)      :   0.00000000    0.02097362    0.03004236    0.03299043    0.03045224    0.03054062    0.03049961    0.02901940    0.03521483    0.00000000 
angle (deg.)     :    19.8132  101.9747  51.3368  19.9534  38.4020  24.4858  60.9324  43.4517 
>
iteration       : 78
climbing        : yes
zoom on         : no
nim             : 10
barrier         :   0.01408536 (image:  5) 
distance        :   0.00000000    4.32332448    8.76052000   10.24181624   10.76587011   11.23486119   11.69264941   12.25882027   14.15069627   18.58887653 
energy          : -1076.60715217  -1076.61357066  -1076.62162117  -1076.60397028  -1076.59502077  -1076.59306682  -1076.59509019  -1076.60517321  -1076.62482375  -1076.63040402 
max(|Fr_perp|)   :   0.00000000    0.00117901    0.00219075    0.00311531    0.00203588    0.00123127    0.00198926    0.01201028    0.00264951    0.00000000 
Fr_paral         :   0.00000000    0.00165238    0.00055556   -0.02784792   -0.01010526   -0.00000454    0.01108283    0.02798928    0.00047557    0.00000000 
max(|Fsp_paral|) :   0.00000000    0.00033311    0.00014311    0.00051834    0.00048212    0.00050858    0.00181131    0.00363493    0.00046079    0.00000000 
max(|Fsp_perp|)  :   0.00000000    0.00000000    0.00000000    0.00000000    0.00000000    0.00000000    0.00000000    0.00000000    0.00000000    0.00000000 
max(|FNEB|)      :   0.00000000    0.00101493    0.00212277    0.00328388    0.00199243    0.00123127    0.00275871    0.01210025    0.00277258    0.00000000 
max(|Force|)     :   0.00136476    0.00115349    0.00211923    0.01664550    0.00519917    0.00123127    0.00635142    0.01699789    0.00260305    0.00139060 
ksp              :   0.01000000    0.01000000    0.03033110    0.08751498    0.10000000    0.10000000    0.08707142    0.02264483    0.01000000 
max(|step|)      :   0.00000000    0.04389611    0.06136684    0.06709554    0.06299521    0.06317649    0.06316647    0.06047969    0.05253809    0.00000000 
angle (deg.)     :    20.4772  101.2175  49.8422  19.8608  39.5788  31.7957  59.8243  47.2401 
>
iteration       : 79
climbing        : yes
zoom on         : no
nim             : 10
barrier         :   0.01371956 (image:  5) 
distance        :   0.00000000    4.39801118    8.89252293   10.45881519   10.98927555   11.45372527   11.91518073   12.49151128   14.36628217   18.78988495 
energy          : -1076.60715217  -1076.61373591  -1076.62181669  -1076.60416859  -1076.59520982  -1076.59343261  -1076.59493911  -1076.60481075  -1076.62370111  -1076.63040402 
max(|Fr_perp|)   :   0.00000000    0.00657746    0.01320207    0.00414049    0.00615558    0.00289153    0.01032353    0.01661559    0.01353020    0.00000000 
Fr_paral         :   0.00000000    0.00172192    0.00105245   -0.02727146   -0.00945965    0.00001644    0.00839516    0.02595345   -0.00269348    0.00000000 
max(|Fsp_paral|) :   0.00000000    0.00028045    0.00034516    0.00029382    0.00019421    0.00013451    0.00287622    0.00248988    0.00104280    0.00000000 
max(|Fsp_perp|)  :   0.00000000    0.00000000    0.00000000    0.00000000    0.00000000    0.00000000    0.00000000    0.00000000    0.00000000    0.00000000 
max(|FNEB|)      :   0.00000000    0.00638393    0.01298352    0.00410888    0.00611574    0.00289152    0.01027759    0.01674673    0.01358649    0.00000000 
max(|Force|)     :   0.00136476    0.00623712    0.01303711    0.01681005    0.00602189    0.00289154    0.01027579    0.01712756    0.01357661    0.00139060 
ksp              :   0.01000000    0.01000000    0.02957223    0.08834158    0.10000000    0.10000000    0.09011738    0.02535970    0.01000000 
max(|step|)      :   0.00000000    0.00410427    0.00877807    0.00307196    0.00379696    0.00216910    0.00546743    0.01022252    0.00833820    0.00000000 
angle (deg.)     :    20.4833  101.1959  50.2698  19.8230  39.3593  29.5704  60.1798  47.1689 
>
iteration       : 80
climbing        : yes
zoom on         : no
nim             : 10
barrier         :   0.01369461 (image:  5) 
distance        :   0.00000000    4.39919188    8.89315738   10.46176119   10.99260440   11.45660321   11.92308370   12.48657722   14.36142472   18.78203297 
energy          : -1076.60715217  -1076.61378950  -1076.62205038  -1076.60429450  -1076.59530346  -1076.59345756  -1076.59530269  -1076.60508451  -1076.62428988  -1076.63040402 
max(|Fr_perp|)   :   0.00000000    0.00190739    0.00362023    0.00262876    0.00203011    0.00136672    0.00288908    0.00489232    0.00445178    0.00000000 
Fr_paral         :   0.00000000    0.00178197    0.00110930   -0.02767917   -0.00975197    0.00000789    0.00986952    0.02727696   -0.00161296    0.00000000 
max(|Fsp_paral|) :   0.00000000    0.00027560    0.00005127    0.00081707    0.00011415    0.00011077    0.00143051    0.00303156    0.00000595    0.00000000 
max(|Fsp_perp|)  :   0.00000000    0.00000000    0.00000000    0.00000000    0.00000000    0.00000000    0.00000000    0.00000000    0.00000000    0.00000000 
max(|FNEB|)      :   0.00000000    0.00173082    0.00358442    0.00251255    0.00199314    0.00136672    0.00367395    0.00491742    0.00445492    0.00000000 
max(|Force|)     :   0.00136476    0.00193353    0.00344260    0.01665689    0.00507465    0.00136672    0.00640871    0.01645953    0.00496137    0.00139060 
ksp              :   0.01000000    0.01000000    0.02878045    0.08786892    0.10000000    0.10000000    0.08787397    0.02358851    0.01000000 
max(|step|)      :   0.00000000    0.00759030    0.01005242    0.01051207    0.01095171    0.01097219    0.01089585    0.01186145    0.00776628    0.00000000 
angle (deg.)     :    20.5908  101.0793  51.1402  20.2398  39.2776  27.1208  60.8526  47.5855 
>
iteration       : 81
climbing        : yes
zoom on         : no
nim             : 10
barrier         :   0.01362559 (image:  5) 
distance        :   0.00000000    4.41170675    8.91282832   10.49904124   11.03045765   11.49449165   11.97155685   12.51321788   14.38748691   18.79994759 
energy          : -1076.60715217  -1076.61383052  -1076.62216706  -1076.60438398  -1076.59537611  -1076.59352658  -1076.59556072  -1076.60492611  -1076.62444858  -1076.63040402 
max(|Fr_perp|)   :   0.00000000    0.00036116    0.00145270    0.00223389    0.00091664    0.00091552    0.00259476    0.00324996    0.00450119    0.00000000 
Fr_paral         :   0.00000000    0.00181972    0.00116012   -0.02781470   -0.00972568    0.00000638    0.01056683    0.02713483   -0.00111644    0.00000000 
max(|Fsp_paral|) :   0.00000000    0.00025983    0.00003639    0.00098233    0.00011477    0.00058064    0.00040786    0.00034123    0.00069650    0.00000000 
max(|Fsp_perp|)  :   0.00000000    0.00000000    0.00000000    0.00000000    0.00000000    0.00000000    0.00000000    0.00000000    0.00000000    0.00000000 
max(|FNEB|)      :   0.00000000    0.00056533    0.00146975    0.00186233    0.00091686    0.00091554    0.00247344    0.00328642    0.00519224    0.00000000 
max(|Force|)     :   0.00136476    0.00082085    0.00130936    0.01657972    0.00486758    0.00091550    0.00670943    0.01580261    0.00485844    0.00139060 
ksp              :   0.01000000    0.01000000    0.02828453    0.08778349    0.10000000    0.10000000    0.08656408    0.02470361    0.01000000 
max(|step|)      :   0.00000000    0.01178058    0.01485708    0.01560010    0.01702581    0.01705218    0.01696856    0.01785141    0.01961182    0.00000000 
angle (deg.)     :    20.7585  100.9116  53.2575  21.3388  39.4314  23.1513  62.7278  47.7608 
>
iteration       : 82
climbing        : yes
zoom on         : no
nim             : 10
barrier         :   0.01352936 (image:  5) 
distance        :   0.00000000    4.43099995    8.94189881   10.55879410   11.08900161   11.55538336   12.04854958   12.56668884   14.42474231   18.82575907 
energy          : -1076.60715217  -1076.61388382  -1076.62230352  -1076.60449747  -1076.59548796  -1076.59362282  -1076.59599065  -1076.60484867  -1076.62474227  -1076.63040402 
max(|Fr_perp|)   :   0.00000000    0.00142914    0.00286198    0.00147920    0.00223025    0.00106412    0.00208978    0.00583768    0.00363185    0.00000000 
Fr_paral         :   0.00000000    0.00184585    0.00112047   -0.02795443   -0.00968112    0.00000619    0.01180975    0.02634166    0.00000752    0.00000000 
max(|Fsp_paral|) :   0.00000000    0.00023186    0.00009684    0.00096773    0.00009110    0.00119262    0.00282298    0.00200463    0.00097875    0.00000000 
max(|Fsp_perp|)  :   0.00000000    0.00000000    0.00000000    0.00000000    0.00000000    0.00000000    0.00000000    0.00000000    0.00000000    0.00000000 
max(|FNEB|)      :   0.00000000    0.00136396    0.00280241    0.00134678    0.00226777    0.00106409    0.00240180    0.00579587    0.00459540    0.00000000 
max(|Force|)     :   0.00136476    0.00156571    0.00304297    0.01661843    0.00475958    0.00106414    0.00727215    0.01516370    0.00362945    0.00139060 
ksp              :   0.01000000    0.01000000    0.02765961    0.08759266    0.10000000    0.10000000    0.08424866    0.02532339    0.01000000 
max(|step|)      :   0.00000000    0.03807953    0.05114754    0.05466798    0.05493937    0.05505623    0.05491618    0.05513368    0.03144354    0.00000000 
angle (deg.)     :    21.3565  100.5121  55.3894  22.7442  40.7485  23.3668  64.1595  49.6062 
>
iteration       : 83
climbing        : yes
zoom on         : no
nim             : 10
barrier         :   0.01321567 (image:  5) 
distance        :   0.00000000    4.49472505    9.05036655   10.75400890   11.28324112   11.75414198   12.26047618   12.77786769   14.59442206   18.97428723 
energy          : -1076.60715217  -1076.61406613  -1076.62265329  -1076.60479225  -1076.59580379  -1076.59393651  -1076.59646967  -1076.60510269  -1076.62471599  -1076.63040402 
max(|Fr_perp|)   :   0.00000000    0.00174785    0.00301764    0.00260525    0.00257235    0.00101169    0.00210854    0.01019491    0.00517959    0.00000000 
Fr_paral         :   0.00000000    0.00196748    0.00138763   -0.02788887   -0.00959172    0.00000865    0.01224471    0.02499598   -0.00004015    0.00000000 
max(|Fsp_paral|) :   0.00000000    0.00017679    0.00028394    0.00101464    0.00041599    0.00157219    0.00384141    0.00041685    0.00009128    0.00000000 
max(|Fsp_perp|)  :   0.00000000    0.00000000    0.00000000    0.00000000    0.00000000    0.00000000    0.00000000    0.00000000    0.00000000    0.00000000 
max(|FNEB|)      :   0.00000000    0.00159468    0.00326710    0.00259995    0.00261479    0.00101169    0.00384868    0.01017294    0.00522766    0.00000000 
max(|Force|)     :   0.00136476    0.00141286    0.00272704    0.01647106    0.00506767    0.00101168    0.00751261    0.01498242    0.00517308    0.00139060 
ksp              :   0.01000000    0.01000000    0.02607128    0.08728362    0.10000000    0.10000000    0.08274891    0.02395717    0.01000000 
max(|step|)      :   0.00000000    0.06865494    0.09241071    0.09989698    0.09979056    0.10000000    0.09984241    0.09938655    0.05771516    0.00000000 
angle (deg.)     :    22.5068  100.0548  58.3320  24.8585  43.3907  25.9864  65.8912  53.5193 
>
iteration       : 84
climbing        : yes
zoom on         : no
nim             : 10
barrier         :   0.01266892 (image:  5) 
distance        :   0.00000000    4.61242993    9.25455828   11.12042799   11.64848756   12.12738793   12.65157233   13.17334303   14.93569014   19.27573580 
energy          : -1076.60715217  -1076.61439498  -1076.62319029  -1076.60529547  -1076.59635420  -1076.59448326  -1076.59715655  -1076.60542723  -1076.62460667  -1076.63040402 
max(|Fr_perp|)   :   0.00000000    0.00146603    0.00311434    0.00446374    0.00281204    0.00124604    0.00342219    0.01187838    0.00388027    0.00000000 
Fr_paral         :   0.00000000    0.00177136    0.00150206   -0.02772631   -0.00947286    0.00001065    0.01241685    0.02283217   -0.00091400    0.00000000 
max(|Fsp_paral|) :   0.00000000    0.00008754    0.00076961    0.00144779    0.00096867    0.00199189    0.00488834    0.00163642    0.00133651    0.00000000 
max(|Fsp_perp|)  :   0.00000000    0.00000000    0.00000000    0.00000000    0.00000000    0.00000000    0.00000000    0.00000000    0.00000000    0.00000000 
max(|FNEB|)      :   0.00000000    0.00151785    0.00269958    0.00441241    0.00296638    0.00127195    0.00527380    0.01246497    0.00393836    0.00000000 
max(|Force|)     :   0.00136476    0.00179654    0.00344424    0.01657499    0.00543546    0.00127192    0.00791733    0.01484789    0.00387111    0.00139060 
ksp              :   0.01000000    0.01000000    0.02319881    0.08671307    0.10000000    0.10000000    0.08100321    0.02240285    0.01000000 
max(|step|)      :   0.00000000    0.00175501    0.00312138    0.00510184    0.00342987    0.00147068    0.00609783    0.01441260    0.00455372    0.00000000 
angle (deg.)     :    22.4986  99.9877  58.3339  24.6927  43.8201  24.6890  64.6433  53.2920 
>
iteration       : 85
climbing        : yes
zoom on         : no
nim             : 10
barrier         :   0.01265587 (image:  5) 
distance        :   0.00000000    4.61277296    9.25248784   11.12144658   11.64874054   12.12718241   12.64289989   13.17104510   14.92941292   19.26363163 
energy          : -1076.60715217  -1076.61440080  -1076.62320986  -1076.60529701  -1076.59636940  -1076.59449631  -1076.59709514  -1076.60575766  -1076.62476062  -1076.63040402 
max(|Fr_perp|)   :   0.00000000    0.00069933    0.00066756    0.00266210    0.00144983    0.00120562    0.00344719    0.01119904    0.00375242    0.00000000 
Fr_paral         :   0.00000000    0.00195881    0.00147807   -0.02777870   -0.00949648    0.00000708    0.01231475    0.02390800   -0.00075310    0.00000000 
max(|Fsp_paral|) :   0.00000000    0.00007958    0.00074892    0.00136063    0.00098379    0.00164898    0.00411336    0.00468487    0.00280954    0.00000000 
max(|Fsp_perp|)  :   0.00000000    0.00000000    0.00000000    0.00000000    0.00000000    0.00000000    0.00000000    0.00000000    0.00000000    0.00000000 
max(|FNEB|)      :   0.00000000    0.00077905    0.00108946    0.00269904    0.00141192    0.00120563    0.00357057    0.01123168    0.00392637    0.00000000 
max(|Force|)     :   0.00136476    0.00125960    0.00094321    0.01667543    0.00514291    0.00120561    0.00774858    0.01500845    0.00373708    0.00139060 
ksp              :   0.01000000    0.01000000    0.02319265    0.08667984    0.10000000    0.10000000    0.08151883    0.01991685    0.01000000 
max(|step|)      :   0.00000000    0.00060342    0.00145550    0.00149407    0.00103353    0.00101859    0.00508673    0.00798075    0.00460223    0.00000000 
angle (deg.)     :    22.5004  99.9153  58.3473  24.5778  44.2370  23.7020  63.4719  53.1497 
>
iteration       : 86
climbing        : yes
zoom on         : no
nim             : 10
barrier         :   0.01264739 (image:  5) 
distance        :   0.00000000    4.61310290    9.25060317   11.12267120   11.64935891   12.12732788   12.63548836   13.16633681   14.92596708   19.25262731 
energy          : -1076.60715217  -1076.61440212  -1076.62321337  -1076.60528529  -1076.59637368  -1076.59450478  -1076.59703077  -1076.60596638  -1076.62488806  -1076.63040402 
max(|Fr_perp|)   :   0.00000000    0.00111247    0.00180929    0.00237695    0.00199202    0.00142174    0.00304473    0.00991683    0.00361962    0.00000000 
Fr_paral         :   0.00000000    0.00198710    0.00149282   -0.02779542   -0.00949414    0.00000421    0.01218688    0.02488205   -0.00069581    0.00000000 
max(|Fsp_paral|) :   0.00000000    0.00007207    0.00068336    0.00119130    0.00097918    0.00133762    0.00351244    0.00644692    0.00362071    0.00000000 
max(|Fsp_perp|)  :   0.00000000    0.00000000    0.00000000    0.00000000    0.00000000    0.00000000    0.00000000    0.00000000    0.00000000    0.00000000 
max(|FNEB|)      :   0.00000000    0.00114554    0.00225310    0.00239638    0.00195596    0.00142174    0.00299072    0.00995214    0.00392220    0.00000000 
max(|Force|)     :   0.00136476    0.00164133    0.00160143    0.01668361    0.00492969    0.00142173    0.00753803    0.01539159    0.00360049    0.00139060 
ksp              :   0.01000000    0.01000000    0.02328489    0.08670076    0.10000000    0.10000000    0.08202485    0.01843822    0.01000000 
max(|step|)      :   0.00000000    0.00754100    0.01645478    0.01642031    0.01318476    0.01307753    0.05701663    0.10000000    0.06180227    0.00000000 
angle (deg.)     :    22.5478  98.9973  58.9134  24.3351  51.1318  26.6142  57.1314  53.6106 
>
iteration       : 87
climbing        : yes
zoom on         : no
nim             : 10
barrier         :   0.01264599 (image:  5) 
distance        :   0.00000000    4.61731803    9.22800812   11.14066533   11.66482863   12.13714332   12.56334036   13.13679264   15.00331988   19.21692966 
energy          : -1076.60715217  -1076.61441013  -1076.62312909  -1076.60490618  -1076.59629344  -1076.59450619  -1076.59594791  -1076.60477067  -1076.62546682  -1076.63040402 
max(|Fr_perp|)   :   0.00000000    0.00205692    0.00401406    0.00356951    0.00257364    0.00207559    0.00628316    0.00683480    0.00663288    0.00000000 
Fr_paral         :   0.00000000    0.00196535    0.00166711   -0.02727809   -0.00933171    0.00004209    0.00879304    0.02499788   -0.00250762    0.00000000 
max(|Fsp_paral|) :   0.00000000    0.00001932    0.00091210    0.00221437    0.00065657    0.00210677    0.00439522    0.00050392    0.00244587    0.00000000 
max(|Fsp_perp|)  :   0.00000000    0.00000000    0.00000000    0.00000000    0.00000000    0.00000000    0.00000000    0.00000000    0.00000000    0.00000000 
max(|FNEB|)      :   0.00000000    0.00212552    0.00355061    0.00495364    0.00213832    0.00209455    0.00759634    0.00692495    0.00787659    0.00000000 
max(|Force|)     :   0.00136476    0.00173814    0.00387003    0.01721957    0.00582061    0.00209449    0.00757110    0.01853836    0.00705522    0.00139060 
ksp              :   0.01000000    0.01000000    0.02603415    0.08728637    0.10000000    0.10000000    0.08977330    0.02703860    0.01000000 
max(|step|)      :   0.00000000    0.00614441    0.01026400    0.01431987    0.00618140    0.00605488    0.02195930    0.02001846    0.02276944    0.00000000 
angle (deg.)     :    22.5480  99.0798  59.4597  24.7778  49.1303  23.0471  57.6667  52.9051 
>
iteration       : 88
climbing        : yes
zoom on         : no
nim             : 10
barrier         :   0.01256188 (image:  5) 
distance        :   0.00000000    4.61714116    9.23747978   11.13631084   11.67606893   12.14901189   12.60312693   13.14802335   14.98420552   19.20230128 
energy          : -1076.60715217  -1076.61440869  -1076.62317394  -1076.60553626  -1076.59640084  -1076.59459030  -1076.59646017  -1076.60543178  -1076.62576442  -1076.63040402 
max(|Fr_perp|)   :   0.00000000    0.00433534    0.00873904    0.00255769    0.00312222    0.00243797    0.00574745    0.01666665    0.00483341    0.00000000 
Fr_paral         :   0.00000000    0.00176185    0.00160966   -0.02790211   -0.00927127   -0.00001477    0.01048646    0.02691904    0.00023567    0.00000000 
max(|Fsp_paral|) :   0.00000000    0.00000945    0.00126137    0.00339215    0.00014358    0.00086249    0.00088621    0.00330256    0.00034911    0.00000000 
max(|Fsp_perp|)  :   0.00000000    0.00000000    0.00000000    0.00000000    0.00000000    0.00000000    0.00000000    0.00000000    0.00000000    0.00000000 
max(|FNEB|)      :   0.00000000    0.00434404    0.00788852    0.00273814    0.00316682    0.00243797    0.00576100    0.01674064    0.00482709    0.00000000 
max(|Force|)     :   0.00136476    0.00467092    0.00900116    0.01668702    0.00480078    0.00243798    0.00610571    0.01789786    0.00483267    0.00139060 
ksp              :   0.01000000    0.01000000    0.02157730    0.08702833    0.10000000    0.10000000    0.08660322    0.02232585    0.01000000 
max(|step|)      :   0.00000000    0.00284490    0.00549925    0.00495302    0.00301948    0.00230228    0.01125151    0.01467823    0.00833947    0.00000000 
angle (deg.)     :    22.5551  98.9462  59.6166  25.1283  48.2167  22.1644  58.1723  52.7184 
>
iteration       : 89
climbing        : yes
zoom on         : no
nim             : 10
barrier         :   0.01255314 (image:  5) 
distance        :   0.00000000    4.61712275    9.23695617   11.13708533   11.67646702   12.15119051   12.62046708   13.14729836   14.97664823   19.19386553 
energy          : -1076.60715217  -1076.61443048  -1076.62325164  -1076.60558784  -1076.59644416  -1076.59459904  -1076.59669340  -1076.60577612  -1076.62588827  -1076.63040402 
max(|Fr_perp|)   :   0.00000000    0.00101561    0.00239344    0.00163830    0.00115983    0.00114893    0.00288892    0.00868924    0.00245552    0.00000000 
Fr_paral         :   0.00000000    0.00186992    0.00164440   -0.02796293   -0.00932725   -0.00001169    0.01124678    0.02814406    0.00111348    0.00000000 
max(|Fsp_paral|) :   0.00000000    0.00000801    0.00141320    0.00371394    0.00030066    0.00024906    0.00107104    0.00463637    0.00174570    0.00000000 
max(|Fsp_perp|)  :   0.00000000    0.00000000    0.00000000    0.00000000    0.00000000    0.00000000    0.00000000    0.00000000    0.00000000    0.00000000 
max(|FNEB|)      :   0.00000000    0.00102344    0.00247568    0.00294540    0.00116365    0.00114897    0.00284924    0.00873461    0.00301536    0.00000000 
max(|Force|)     :   0.00136476    0.00137293    0.00266031    0.01662629    0.00474622    0.00114888    0.00672661    0.01721233    0.00212980    0.00139060 
ksp              :   0.01000000    0.01000000    0.02121552    0.08677134    0.10000000    0.10000000    0.08498444    0.01986565    0.01000000 
max(|step|)      :   0.00000000    0.00139742    0.00240850    0.00249729    0.00111824    0.00108909    0.00112999    0.00360290    0.00245957    0.00000000 
angle (deg.)     :    22.5569  98.8200  59.5361  25.1525  48.1692  22.0721  58.1166  52.8392 
>
iteration       : 90
climbing        : yes
zoom on         : no
nim             : 10
barrier         :   0.01254372 (image:  5) 
distance        :   0.00000000    4.61714833    9.23372294   11.13893500   11.67337975   12.14893143   12.61852290   13.13944452   14.97615560   19.18974854 
energy          : -1076.60715217  -1076.61443341  -1076.62325562  -1076.60548041  -1076.59646295  -1076.59460846  -1076.59671074  -1076.60572792  -1076.62592230  -1076.63040402 
max(|Fr_perp|)   :   0.00000000    0.00058416    0.00104158    0.00093591    0.00093310    0.00089306    0.00122465    0.00281194    0.00209406    0.00000000 
Fr_paral         :   0.00000000    0.00191656    0.00166371   -0.02790657   -0.00935488   -0.00001462    0.01128257    0.02836512    0.00090249    0.00000000 
max(|Fsp_paral|) :   0.00000000    0.00000170    0.00102698    0.00253443    0.00054870    0.00027225    0.00135396    0.00392039    0.00150376    0.00000000 
max(|Fsp_perp|)  :   0.00000000    0.00000000    0.00000000    0.00000000    0.00000000    0.00000000    0.00000000    0.00000000    0.00000000    0.00000000 
max(|FNEB|)      :   0.00000000    0.00058262    0.00142510    0.00180184    0.00089142    0.00089307    0.00100767    0.00378181    0.00175454    0.00000000 
max(|Force|)     :   0.00136476    0.00095908    0.00139127    0.01656822    0.00481917    0.00089304    0.00672397    0.01712806    0.00182977    0.00139060 
ksp              :   0.01000000    0.01000000    0.02199477    0.08669416    0.10000000    0.10000000    0.08491628    0.02021892    0.01000000 
max(|step|)      :   0.00000000    0.00122943    0.00358114    0.00513806    0.00258270    0.00255712    0.00251542    0.01089909    0.00479830    0.00000000 
angle (deg.)     :    22.5613  98.4761  59.4161  25.2878  47.9959  21.9484  58.2452  53.1483 
>
iteration       : 91
climbing        : yes
zoom on         : no
nim             : 10
barrier         :   0.01252538 (image:  5) 
distance        :   0.00000000    4.61715416    9.22626672   11.14353361   11.66791065   12.14526837   12.61685585   13.12053683   14.97743462   19.18004511 
energy          : -1076.60715217  -1076.61443533  -1076.62324624  -1076.60525424  -1076.59649990  -1076.59462680  -1076.59675332  -1076.60539642  -1076.62598774  -1076.63040402 
max(|Fr_perp|)   :   0.00000000    0.00148212    0.00258694    0.00093859    0.00095772    0.00092364    0.00115264    0.00283388    0.00134031    0.00000000 
Fr_paral         :   0.00000000    0.00194449    0.00168613   -0.02776859   -0.00939940   -0.00001952    0.01135155    0.02830988    0.00055424    0.00000000 
max(|Fsp_paral|) :   0.00000000    0.00002376    0.00018733    0.00003485    0.00105745    0.00026301    0.00222887    0.00037921    0.00000942    0.00000000 
max(|Fsp_perp|)  :   0.00000000    0.00000000    0.00000000    0.00000000    0.00000000    0.00000000    0.00000000    0.00000000    0.00000000    0.00000000 
max(|FNEB|)      :   0.00000000    0.00149490    0.00270768    0.00092884    0.00092803    0.00092358    0.00114677    0.00282259    0.00132974    0.00000000 
max(|Force|)     :   0.00136476    0.00119454    0.00231794    0.01643709    0.00493813    0.00092371    0.00671086    0.01689846    0.00132636    0.00139060 
ksp              :   0.01000000    0.01000000    0.02363746    0.08654099    0.10000000    0.10000000    0.08472002    0.02261584    0.01000000 
max(|step|)      :   0.00000000    0.00131879    0.00246200    0.00288158    0.00289062    0.00287892    0.00287741    0.00849532    0.00512401    0.00000000 
angle (deg.)     :    22.5658  98.2096  59.4525  25.3844  48.0239  22.0266  58.8088  53.2223 
>
iteration       : 92
climbing        : yes
zoom on         : no
nim             : 10
barrier         :   0.01250835 (image:  5) 
distance        :   0.00000000    4.61701044    9.22272568   11.14574500   11.66881877   12.14628593   12.61666696   13.11723164   14.98046774   19.17610594 
energy          : -1076.60715217  -1076.61444069  -1076.62325716  -1076.60522755  -1076.59651787  -1076.59464383  -1076.59675673  -1076.60531775  -1076.62604486  -1076.63040402 
max(|Fr_perp|)   :   0.00000000    0.00048891    0.00069014    0.00081559    0.00085737    0.00085169    0.00114544    0.00244062    0.00130440    0.00000000 
Fr_paral         :   0.00000000    0.00192522    0.00165646   -0.02774226   -0.00938941   -0.00002143    0.01128503    0.02824897    0.00074514    0.00000000 
max(|Fsp_paral|) :   0.00000000    0.00003338    0.00004770    0.00034771    0.00111758    0.00032265    0.00227859    0.00044167    0.00039366    0.00000000 
max(|Fsp_perp|)  :   0.00000000    0.00000000    0.00000000    0.00000000    0.00000000    0.00000000    0.00000000    0.00000000    0.00000000    0.00000000 
max(|FNEB|)      :   0.00000000    0.00050791    0.00071913    0.00099015    0.00085516    0.00085161    0.00126336    0.00242014    0.00154977    0.00000000 
max(|Force|)     :   0.00136476    0.00093836    0.00096936    0.01642944    0.00497054    0.00085176    0.00674568    0.01681901    0.00115700    0.00139060 
ksp              :   0.01000000    0.01000000    0.02384806    0.08651585    0.10000000    0.10000000    0.08479727    0.02319907    0.01000000 
max(|step|)      :   0.00000000    0.00466836    0.00539059    0.01019392    0.01026633    0.01022685    0.01023384    0.02309946    0.01920858    0.00000000 
angle (deg.)     :    22.5869  97.3796  59.6846  25.6360  48.4071  23.0941  60.9972  53.2626 
>
iteration       : 93
climbing        : yes
zoom on         : no
nim             : 10
barrier         :   0.01244935 (image:  5) 
distance        :   0.00000000    4.61621583    9.21485826   11.15177897   11.67957993   12.15569606   12.61869810   13.12441287   14.99411954   19.17088603 
energy          : -1076.60715217  -1076.61445190  -1076.62327473  -1076.60533621  -1076.59655605  -1076.59470283  -1076.59671590  -1076.60515750  -1076.62614249  -1076.63040402 
max(|Fr_perp|)   :   0.00000000    0.00042392    0.00091155    0.00246632    0.00092171    0.00091397    0.00300487    0.00379466    0.00185300    0.00000000 
Fr_paral         :   0.00000000    0.00190516    0.00155074   -0.02771721   -0.00926862   -0.00002386    0.01088589    0.02752238    0.00161991    0.00000000 
max(|Fsp_paral|) :   0.00000000    0.00005195    0.00028434    0.00052271    0.00084880    0.00059623    0.00152744    0.00142515    0.00125818    0.00000000 
max(|Fsp_perp|)  :   0.00000000    0.00000000    0.00000000    0.00000000    0.00000000    0.00000000    0.00000000    0.00000000    0.00000000    0.00000000 
max(|FNEB|)      :   0.00000000    0.00037009    0.00064919    0.00244072    0.00092084    0.00091395    0.00306996    0.00378767    0.00180969    0.00000000 
max(|Force|)     :   0.00136476    0.00098037    0.00125673    0.01647349    0.00489376    0.00091398    0.00648061    0.01591766    0.00208948    0.00139060 
ksp              :   0.01000000    0.01000000    0.02312815    0.08660249    0.10000000    0.10000000    0.08544693    0.02442005    0.01000000 
max(|step|)      :   0.00000000    0.00550456    0.00638827    0.01221798    0.01218800    0.01214392    0.01217458    0.01944019    0.02244461    0.00000000 
angle (deg.)     :    22.6169  96.4339  59.9062  25.8688  48.9609  24.7440  63.3023  53.2034 
>
iteration       : 94
climbing        : yes
zoom on         : no
nim             : 10
barrier         :   0.01237915 (image:  5) 
distance        :   0.00000000    4.61508073    9.20602218   11.16057639   11.69350875   12.16828817   12.62270697   13.14432676   15.00797990   19.16939497 
energy          : -1076.60715217  -1076.61446439  -1076.62329045  -1076.60546573  -1076.59660496  -1076.59477302  -1076.59667136  -1076.60508229  -1076.62613731  -1076.63040402 
max(|Fr_perp|)   :   0.00000000    0.00051001    0.00110357    0.00228610    0.00110768    0.00074291    0.00428710    0.00543027    0.00214287    0.00000000 
Fr_paral         :   0.00000000    0.00192747    0.00157953   -0.02772486   -0.00914340   -0.00002423    0.01042111    0.02611635    0.00245540    0.00000000 
max(|Fsp_paral|) :   0.00000000    0.00007138    0.00056503    0.00153590    0.00056844    0.00092464    0.00023580    0.00101519    0.00169818    0.00000000 
max(|Fsp_perp|)  :   0.00000000    0.00000000    0.00000000    0.00000000    0.00000000    0.00000000    0.00000000    0.00000000    0.00000000    0.00000000 
max(|FNEB|)      :   0.00000000    0.00056700    0.00103006    0.00231866    0.00105796    0.00074282    0.00425089    0.00532387    0.00222107    0.00000000 
max(|Force|)     :   0.00136476    0.00093458    0.00136037    0.01665538    0.00488697    0.00074300    0.00640660    0.01509676    0.00226840    0.00139060 
ksp              :   0.01000000    0.01000000    0.02226091    0.08668128    0.10000000    0.10000000    0.08619854    0.02504865    0.01000000 
max(|step|)      :   0.00000000    0.00040465    0.00058868    0.00131391    0.00105684    0.00105480    0.00173980    0.00510958    0.00256072    0.00000000 
angle (deg.)     :    22.6184  96.3656  59.8971  25.8142  49.0703  24.3992  62.9708  53.0528 
>
iteration       : 95
climbing        : yes
zoom on         : no
nim             : 10
barrier         :   0.01237221 (image:  5) 
distance        :   0.00000000    4.61478379    9.20590184   11.16131810   11.69541386   12.16995624   12.62323884   13.15034913   15.00200653   19.16637894 
energy          : -1076.60715217  -1076.61446530  -1076.62329566  -1076.60550806  -1076.59661002  -1076.59477996  -1076.59667836  -1076.60533780  -1076.62614541  -1076.63040402 
max(|Fr_perp|)   :   0.00000000    0.00049883    0.00122881    0.00110304    0.00080827    0.00074577    0.00136621    0.00353491    0.00204786    0.00000000 
Fr_paral         :   0.00000000    0.00191640    0.00159256   -0.02778708   -0.00914231   -0.00002410    0.01044333    0.02661150    0.00254582    0.00000000 
max(|Fsp_paral|) :   0.00000000    0.00006998    0.00069782    0.00191818    0.00051147    0.00096566    0.00005103    0.00145600    0.00043775    0.00000000 
max(|Fsp_perp|)  :   0.00000000    0.00000000    0.00000000    0.00000000    0.00000000    0.00000000    0.00000000    0.00000000    0.00000000    0.00000000 
max(|FNEB|)      :   0.00000000    0.00047725    0.00107943    0.00109508    0.00074598    0.00074568    0.00132976    0.00289299    0.00189729    0.00000000 
max(|Force|)     :   0.00136476    0.00095570    0.00148821    0.01667210    0.00485746    0.00074586    0.00623942    0.01535181    0.00232408    0.00139060 
ksp              :   0.01000000    0.01000000    0.02195989    0.08668751    0.10000000    0.10000000    0.08619037    0.02319839    0.01000000 
max(|step|)      :   0.00000000    0.00252669    0.00340681    0.00585046    0.00587279    0.00585783    0.00586862    0.00837887    0.00700894    0.00000000 
angle (deg.)     :    22.6327  95.8864  59.8516  25.7683  49.4369  24.1294  62.3383  52.8597 
>
iteration       : 96
climbing        : yes
zoom on         : no
nim             : 10
barrier         :   0.01233808 (image:  5) 
distance        :   0.00000000    4.61367951    9.20063904   11.16785670   11.70093835   12.17544569   12.62541682   13.16014010   14.99040497   19.15492122 
energy          : -1076.60715217  -1076.61447086  -1076.62330537  -1076.60549881  -1076.59663834  -1076.59481409  -1076.59667021  -1076.60558014  -1076.62615251  -1076.63040402 
max(|Fr_perp|)   :   0.00000000    0.00041594    0.00041722    0.00109831    0.00080965    0.00079402    0.00139916    0.00274349    0.00132858    0.00000000 
Fr_paral         :   0.00000000    0.00191853    0.00165728   -0.02779475   -0.00912436   -0.00002155    0.01030538    0.02707050    0.00261610    0.00000000 
max(|Fsp_paral|) :   0.00000000    0.00007902    0.00057812    0.00160105    0.00054611    0.00111493    0.00060934    0.00404039    0.00078182    0.00000000 
max(|Fsp_perp|)  :   0.00000000    0.00000000    0.00000000    0.00000000    0.00000000    0.00000000    0.00000000    0.00000000    0.00000000    0.00000000 
max(|FNEB|)      :   0.00000000    0.00033472    0.00054803    0.00105908    0.00079434    0.00079394    0.00169592    0.00508197    0.00158584    0.00000000 
max(|Force|)     :   0.00136476    0.00098010    0.00073349    0.01670408    0.00481429    0.00079411    0.00607375    0.01590177    0.00161986    0.00139060 
ksp              :   0.01000000    0.01000000    0.02206047    0.08669303    0.10000000    0.10000000    0.08646052    0.02146717    0.01000000 
max(|step|)      :   0.00000000    0.00575610    0.00750832    0.01323066    0.01324160    0.01320588    0.01322501    0.01325072    0.01571469    0.00000000 
angle (deg.)     :    22.6710  94.8513  59.9247  25.9063  49.8781  24.3455  61.9067  52.7169 
>
iteration       : 97
climbing        : yes
zoom on         : no
nim             : 10
barrier         :   0.01226316 (image:  5) 
distance        :   0.00000000    4.61146026    9.18945710   11.18318613   11.71465795   12.18957048   12.63840327   13.17596245   14.97808167   19.13649400 
energy          : -1076.60715217  -1076.61448236  -1076.62331723  -1076.60549229  -1076.59670451  -1076.59488902  -1076.59670786  -1076.60569818  -1076.62611592  -1076.63040402 
max(|Fr_perp|)   :   0.00000000    0.00050538    0.00077644    0.00178690    0.00084816    0.00081483    0.00354306    0.00464761    0.00154478    0.00000000 
Fr_paral         :   0.00000000    0.00193076    0.00176082   -0.02771459   -0.00907054   -0.00001944    0.01014344    0.02732813    0.00282320    0.00000000 
max(|Fsp_paral|) :   0.00000000    0.00009899    0.00035992    0.00104195    0.00062645    0.00118466    0.00083676    0.00538675    0.00143976    0.00000000 
max(|Fsp_perp|)  :   0.00000000    0.00000000    0.00000000    0.00000000    0.00000000    0.00000000    0.00000000    0.00000000    0.00000000    0.00000000 
max(|FNEB|)      :   0.00000000    0.00056650    0.00082495    0.00180894    0.00081468    0.00081475    0.00356483    0.00637334    0.00250344    0.00000000 
max(|Force|)     :   0.00136476    0.00099140    0.00095190    0.01669484    0.00477028    0.00081491    0.00617377    0.01638135    0.00208902    0.00139060 
ksp              :   0.01000000    0.01000000    0.02218195    0.08667601    0.10000000    0.10000000    0.08665137    0.02067091    0.01000000 
max(|step|)      :   0.00000000    0.01670038    0.02056851    0.03862148    0.03865617    0.03855619    0.03859054    0.03867571    0.04085051    0.00000000 
angle (deg.)     :    22.8208  92.1169  60.5374  26.5422  50.7521  25.3827  61.4359  52.7799 
>
iteration       : 98
climbing        : yes
zoom on         : no
nim             : 10
barrier         :   0.01204569 (image:  5) 
distance        :   0.00000000    4.60494694    9.16151829   11.23498615   11.76625004   12.24265357   12.69619061   13.22568653   14.96502803   19.10301768 
energy          : -1076.60715217  -1076.61451559  -1076.62334590  -1076.60560584  -1076.59689935  -1076.59510649  -1076.59693908  -1076.60569943  -1076.62583974  -1076.63040402 
max(|Fr_perp|)   :   0.00000000    0.00063042    0.00117168    0.00297848    0.00162268    0.00081624    0.00216565    0.00584587    0.00284456    0.00000000 
Fr_paral         :   0.00000000    0.00193125    0.00188778   -0.02756541   -0.00890805   -0.00001507    0.01009911    0.02750629    0.00333898    0.00000000 
max(|Fsp_paral|) :   0.00000000    0.00014488    0.00020162    0.00074324    0.00070734    0.00103382    0.00016984    0.00540333    0.00171165    0.00000000 
max(|Fsp_perp|)  :   0.00000000    0.00000000    0.00000000    0.00000000    0.00000000    0.00000000    0.00000000    0.00000000    0.00000000    0.00000000 
max(|FNEB|)      :   0.00000000    0.00071956    0.00115154    0.00303641    0.00168804    0.00081618    0.00230973    0.00604974    0.00413139    0.00000000 
max(|Force|)     :   0.00136476    0.00108355    0.00136687    0.01659545    0.00472998    0.00081630    0.00636322    0.01699421    0.00368361    0.00139060 
ksp              :   0.01000000    0.01000000    0.02155349    0.08660455    0.10000000    0.10000000    0.08630769    0.02085424    0.01000000 
max(|step|)      :   0.00000000    0.04314742    0.05168232    0.10000000    0.09980099    0.09955997    0.09969202    0.09978132    0.09581883    0.00000000 
angle (deg.)     :    23.4874  86.6246  62.6659  28.3580  53.3456  29.6370  62.6642  54.4501 
>
iteration       : 99
climbing        : yes
zoom on         : no
nim             : 10
barrier         :   0.01150482 (image:  5) 
distance        :   0.00000000    4.58949905    9.10197931   11.42509437   11.95558576   12.43725924   12.90242723   13.41950326   15.02971073   19.12319576 
energy          : -1076.60715217  -1076.61459799  -1076.62333060  -1076.60589020  -1076.59738824  -1076.59564735  -1076.59674953  -1076.60518458  -1076.62401514  -1076.63040402 
max(|Fr_perp|)   :   0.00000000    0.00114955    0.00249125    0.00948977    0.00324666    0.00095854    0.03686344    0.01919844    0.01494370    0.00000000 
Fr_paral         :   0.00000000    0.00211708    0.00229487   -0.02733191   -0.00847829   -0.00000391    0.00662293    0.02511507    0.00286973    0.00000000 
max(|Fsp_paral|) :   0.00000000    0.00023858    0.00026201    0.00022246    0.00098209    0.00075382    0.00040738    0.00350341    0.00009722    0.00000000 
max(|Fsp_perp|)  :   0.00000000    0.00000000    0.00000000    0.00000000    0.00000000    0.00000000    0.00000000    0.00000000    0.00000000    0.00000000 
max(|FNEB|)      :   0.00000000    0.00095425    0.00277309    0.00972482    0.00323474    0.00096497    0.03762059    0.01978161    0.01524076    0.00000000 
max(|Force|)     :   0.00136476    0.00177159    0.00303028    0.01656997    0.00462461    0.00096497    0.03732635    0.01936868    0.01511735    0.00139060 
ksp              :   0.01000000    0.01000000    0.01989860    0.08638761    0.10000000    0.10000000    0.09163763    0.02559734    0.01000000 
max(|step|)      :   0.00000000    0.00062973    0.00183001    0.00641758    0.00213466    0.00063680    0.02482648    0.01305423    0.01005764    0.00000000 
angle (deg.)     :    23.4857  86.6011  62.7326  28.3487  53.0585  28.3683  62.2219  54.4073 
>
iteration       : 100
climbing        : yes
zoom on         : no
nim             : 10
barrier         :   0.01150004 (image:  5) 
distance        :   0.00000000    4.58899069    9.10275795   11.42521014   11.95685070   12.43851417   12.90640832   13.41597263   15.02548764   19.11795492 
energy          : -1076.60715217  -1076.61459969  -1076.62334448  -1076.60599612  -1076.59741329  -1076.59565213  -1076.59756098  -1076.60581799  -1076.62441520  -1076.63040402 
max(|Fr_perp|)   :   0.00000000    0.00038290    0.00071893    0.00173891    0.00112441    0.00071111    0.00350409    0.00311727    0.00661893    0.00000000 
Fr_paral         :   0.00000000    0.00201689    0.00217247   -0.02758630   -0.00856499   -0.00001019    0.01010443    0.02742688    0.00359050    0.00000000 
max(|Fsp_paral|) :   0.00000000    0.00023314    0.00021498    0.00089861    0.00097936    0.00061461    0.00166111    0.00598493    0.00277492    0.00000000 
max(|Fsp_perp|)  :   0.00000000    0.00000000    0.00000000    0.00000000    0.00000000    0.00000000    0.00000000    0.00000000    0.00000000    0.00000000 
max(|FNEB|)      :   0.00000000    0.00037162    0.00066858    0.00141543    0.00070396    0.00071111    0.00346966    0.00562638    0.00826781    0.00000000 
max(|Force|)     :   0.00136476    0.00100800    0.00096839    0.01652707    0.00472479    0.00071111    0.00672796    0.01697630    0.00735611    0.00139060 
ksp              :   0.01000000    0.01000000    0.01904737    0.08621712    0.10000000    0.10000000    0.08506130    0.02044139    0.01000000 
max(|step|)      :   0.00000000    0.00026391    0.00044658    0.00090516    0.00046209    0.00046696    0.00079508    0.00352028    0.00531922    0.00000000 
angle (deg.)     :    23.4858  86.5711  62.7766  28.3704  53.0781  28.1840  61.8089  54.5015 
>
iteration       : 101
climbing        : yes
zoom on         : no
nim             : 10
barrier         :   0.01149635 (image:  5) 
distance        :   0.00000000    4.58850111    9.10254592   11.42582873   11.95745369   12.43910796   12.90690977   13.41075529   15.02666147   19.11595064 
energy          : -1076.60715217  -1076.61459954  -1076.62334871  -1076.60600553  -1076.59741775  -1076.59565582  -1076.59757312  -1076.60571970  -1076.62455026  -1076.63040402 
max(|Fr_perp|)   :   0.00000000    0.00040393    0.00064450    0.00162766    0.00113354    0.00068609    0.00317755    0.00244946    0.00630288    0.00000000 
Fr_paral         :   0.00000000    0.00200443    0.00214353   -0.02760924   -0.00856730   -0.00001144    0.01014312    0.02744252    0.00365820    0.00000000 
max(|Fsp_paral|) :   0.00000000    0.00023080    0.00025121    0.00097969    0.00098259    0.00061848    0.00190716    0.00490846    0.00228886    0.00000000 
max(|Fsp_perp|)  :   0.00000000    0.00000000    0.00000000    0.00000000    0.00000000    0.00000000    0.00000000    0.00000000    0.00000000    0.00000000 
max(|FNEB|)      :   0.00000000    0.00029707    0.00057891    0.00105586    0.00067739    0.00068613    0.00314218    0.00482789    0.00769436    0.00000000 
max(|Force|)     :   0.00136476    0.00102527    0.00089074    0.01650884    0.00473747    0.00068605    0.00662670    0.01682184    0.00707100    0.00139060 
ksp              :   0.01000000    0.01000000    0.01897660    0.08620665    0.10000000    0.10000000    0.08499029    0.02121424    0.01000000 
max(|step|)      :   0.00000000    0.00258290    0.00488323    0.00876509    0.00598609    0.00606387    0.00870569    0.03821092    0.06585858    0.00000000 
angle (deg.)     :    23.4920  86.1567  63.3121  28.7898  53.8347  27.2689  58.1953  55.9004 
>
iteration       : 102
climbing        : yes
zoom on         : no
nim             : 10
barrier         :   0.01146613 (image:  5) 
distance        :   0.00000000    4.58186559    9.09814741   11.43548874   11.96563569   12.44723092   12.90904326   13.36799027   15.05329230   19.11296085 
energy          : -1076.60715217  -1076.61459266  -1076.62336133  -1076.60598582  -1076.59744252  -1076.59568604  -1076.59754897  -1076.60448135  -1076.62584172  -1076.63040402 
max(|Fr_perp|)   :   0.00000000    0.00046617    0.00089050    0.00212204    0.00141196    0.00076890    0.00401593    0.01472831    0.00312297    0.00000000 
Fr_paral         :   0.00000000    0.00206288    0.00198328   -0.02746685   -0.00853616   -0.00001341    0.00995943    0.02579352    0.00385643    0.00000000 
max(|Fsp_paral|) :   0.00000000    0.00020381    0.00009361    0.00053408    0.00104142    0.00088959    0.00332760    0.00761862    0.00402058    0.00000000 
max(|Fsp_perp|)  :   0.00000000    0.00000000    0.00000000    0.00000000    0.00000000    0.00000000    0.00000000    0.00000000    0.00000000    0.00000000 
max(|FNEB|)      :   0.00000000    0.00062469    0.00083599    0.00209812    0.00104670    0.00076889    0.00398464    0.01436596    0.00451923    0.00000000 
max(|Force|)     :   0.00136476    0.00098826    0.00119502    0.01632861    0.00470445    0.00076892    0.00660824    0.01583783    0.00413752    0.00139060 
ksp              :   0.01000000    0.01000000    0.01915494    0.08621302    0.10000000    0.10000000    0.08537747    0.03096381    0.01000000 
max(|step|)      :   0.00000000    0.00167191    0.00169802    0.00337263    0.00268720    0.00272881    0.00616574    0.02145909    0.01615425    0.00000000 
angle (deg.)     :    23.4971  85.9805  63.4192  28.8221  54.5520  27.4588  58.1769  55.8621 
>
iteration       : 103
climbing        : yes
zoom on         : no
nim             : 10
barrier         :   0.01144687 (image:  5) 
distance        :   0.00000000    4.57893917    9.09722214   11.43978751   11.97044665   12.45190294   12.90543681   13.39146664   15.05569498   19.12215338 
energy          : -1076.60715217  -1076.61459086  -1076.62336996  -1076.60601298  -1076.59745776  -1076.59570530  -1076.59746415  -1076.60478601  -1076.62605168  -1076.63040402 
max(|Fr_perp|)   :   0.00000000    0.00051730    0.00096089    0.00320532    0.00121764    0.00081946    0.00587203    0.02280327    0.00325092    0.00000000 
Fr_paral         :   0.00000000    0.00197365    0.00193714   -0.02747171   -0.00851517   -0.00001538    0.00960671    0.02546672    0.00417824    0.00000000 
max(|Fsp_paral|) :   0.00000000    0.00018869    0.00018597    0.00077153    0.00101623    0.00126422    0.00164501    0.00333273    0.00240426    0.00000000 
max(|Fsp_perp|)  :   0.00000000    0.00000000    0.00000000    0.00000000    0.00000000    0.00000000    0.00000000    0.00000000    0.00000000    0.00000000 
max(|FNEB|)      :   0.00000000    0.00059287    0.00077686    0.00323250    0.00103827    0.00081944    0.00595587    0.02263594    0.00388037    0.00000000 
max(|Force|)     :   0.00136476    0.00107871    0.00142559    0.01632955    0.00474895    0.00081948    0.00616027    0.02201699    0.00376157    0.00139060 
ksp              :   0.01000000    0.01000000    0.01895684    0.08622142    0.10000000    0.10000000    0.08617122    0.02860373    0.01000000 
max(|step|)      :   0.00000000    0.00034308    0.00061865    0.00128748    0.00075424    0.00042729    0.00215669    0.00879683    0.00606677    0.00000000 
angle (deg.)     :    23.4966  85.9986  63.3566  28.7344  54.5067  27.2210  58.3370  55.6166 
>
iteration       : 104
climbing        : yes
zoom on         : no
nim             : 10
barrier         :   0.01144668 (image:  5) 
distance        :   0.00000000    4.57924778    9.09751628   11.43922734   11.97005370   12.45149334   12.90507970   13.39928273   15.04887509   19.12045807 
energy          : -1076.60715217  -1076.61459170  -1076.62337283  -1076.60603244  -1076.59746040  -1076.59570550  -1076.59748928  -1076.60529518  -1076.62599758  -1076.63040402 
max(|Fr_perp|)   :   0.00000000    0.00043008    0.00046587    0.00116805    0.00112971    0.00070714    0.00242035    0.00761259    0.00266252    0.00000000 
Fr_paral         :   0.00000000    0.00199261    0.00198482   -0.02752589   -0.00852808   -0.00001545    0.00972124    0.02707737    0.00425873    0.00000000 
max(|Fsp_paral|) :   0.00000000    0.00018968    0.00027585    0.00098618    0.00101299    0.00125933    0.00136236    0.00110944    0.00004666    0.00000000 
max(|Fsp_perp|)  :   0.00000000    0.00000000    0.00000000    0.00000000    0.00000000    0.00000000    0.00000000    0.00000000    0.00000000    0.00000000 
max(|FNEB|)      :   0.00000000    0.00043330    0.00045314    0.00119086    0.00069857    0.00070712    0.00248392    0.00764410    0.00270916    0.00000000 
max(|Force|)     :   0.00136476    0.00104990    0.00094225    0.01636468    0.00471796    0.00070716    0.00607579    0.01578756    0.00381820    0.00139060 
ksp              :   0.01000000    0.01000000    0.01880393    0.08620200    0.10000000    0.10000000    0.08597492    0.02460070    0.01000000 
max(|step|)      :   0.00000000    0.00093604    0.00107095    0.00239379    0.00222164    0.00224138    0.00241425    0.00687786    0.01544945    0.00000000 
angle (deg.)     :    23.5003  85.8514  63.4505  28.7619  54.8791  27.2580  57.9037  55.9585 
>
iteration       : 105
climbing        : yes
zoom on         : no
nim             : 10
barrier         :   0.01143364 (image:  5) 
distance        :   0.00000000    4.57692323    9.09616829   11.44278501   11.97336714   12.45475667   12.90558641   13.40196674   15.05492298   19.12627413 
energy          : -1076.60715217  -1076.61458988  -1076.62337600  -1076.60603704  -1076.59747060  -1076.59571853  -1076.59747305  -1076.60530895  -1076.62617172  -1076.63040402 
max(|Fr_perp|)   :   0.00000000    0.00038908    0.00032119    0.00084985    0.00117379    0.00063753    0.00152913    0.00348081    0.00204489    0.00000000 
Fr_paral         :   0.00000000    0.00201547    0.00199929   -0.02752227   -0.00851918   -0.00001546    0.00962607    0.02713947    0.00406912    0.00000000 
max(|Fsp_paral|) :   0.00000000    0.00017959    0.00027115    0.00095982    0.00101998    0.00138546    0.00108963    0.00131545    0.00006946    0.00000000 
max(|Fsp_perp|)  :   0.00000000    0.00000000    0.00000000    0.00000000    0.00000000    0.00000000    0.00000000    0.00000000    0.00000000    0.00000000 
max(|FNEB|)      :   0.00000000    0.00026714    0.00032016    0.00080800    0.00063276    0.00063754    0.00081680    0.00348547    0.00211150    0.00000000 
max(|Force|)     :   0.00136476    0.00101662    0.00072062    0.01638554    0.00466996    0.00063753    0.00608889    0.01575585    0.00319569    0.00139060 
ksp              :   0.01000000    0.01000000    0.01877775    0.08620857    0.10000000    0.10000000    0.08618927    0.02450895    0.01000000 
max(|step|)      :   0.00000000    0.00167254    0.00186129    0.00410750    0.00405583    0.00409195    0.00438150    0.00610754    0.02564756    0.00000000 
angle (deg.)     :    23.5085  85.5851  63.5998  28.7759  55.5634  27.4593  57.4022  56.5631 
>
iteration       : 106
climbing        : yes
zoom on         : no
nim             : 10
barrier         :   0.01140969 (image:  5) 
distance        :   0.00000000    4.57272726    9.09385966   11.44938447   11.97963936   12.46093446   12.90705201   13.41178048   15.06585927   19.13952900 
energy          : -1076.60715217  -1076.61458658  -1076.62338143  -1076.60604932  -1076.59748845  -1076.59574248  -1076.59743876  -1076.60537107  -1076.62635470  -1076.63040402 
max(|Fr_perp|)   :   0.00000000    0.00037471    0.00033906    0.00087524    0.00123548    0.00064068    0.00162696    0.00606231    0.00147648    0.00000000 
Fr_paral         :   0.00000000    0.00202504    0.00201011   -0.02752014   -0.00850214   -0.00001551    0.00942870    0.02697573    0.00362187    0.00000000 
max(|Fsp_paral|) :   0.00000000    0.00016092    0.00028060    0.00096097    0.00102611    0.00160321    0.00042133    0.00226375    0.00032771    0.00000000 
max(|Fsp_perp|)  :   0.00000000    0.00000000    0.00000000    0.00000000    0.00000000    0.00000000    0.00000000    0.00000000    0.00000000    0.00000000 
max(|FNEB|)      :   0.00000000    0.00037163    0.00043929    0.00085436    0.00063617    0.00064068    0.00158149    0.00610015    0.00160756    0.00000000 
max(|Force|)     :   0.00136476    0.00100629    0.00074139    0.01641572    0.00461822    0.00064067    0.00598063    0.01584929    0.00215718    0.00139060 
ksp              :   0.01000000    0.01000000    0.01869930    0.08622774    0.10000000    0.10000000    0.08661971    0.02404939    0.01000000 
max(|step|)      :   0.00000000    0.00368060    0.00367894    0.00940331    0.00932605    0.00939928    0.00945835    0.00956305    0.03993587    0.00000000 
angle (deg.)     :    23.5364  84.9838  63.7789  28.5313  56.1262  27.0681  55.6228  57.9561 
>
iteration       : 107
climbing        : yes
zoom on         : no
nim             : 10
barrier         :   0.01135587 (image:  5) 
distance        :   0.00000000    4.56408359    9.08791629   11.46468160   11.99319018   12.47435261   12.92556422   13.41907036   15.07770297   19.15703978 
energy          : -1076.60715217  -1076.61458059  -1076.62339382  -1076.60606128  -1076.59752836  -1076.59579630  -1076.59753981  -1076.60529370  -1076.62646439  -1076.63040402 
max(|Fr_perp|)   :   0.00000000    0.00038998    0.00064342    0.00115540    0.00101035    0.00069632    0.00275103    0.00882907    0.00116088    0.00000000 
Fr_paral         :   0.00000000    0.00203695    0.00205004   -0.02757620   -0.00850319   -0.00001130    0.00965965    0.02690759    0.00196353    0.00000000 
max(|Fsp_paral|) :   0.00000000    0.00012603    0.00022329    0.00072944    0.00107659    0.00136803    0.00123099    0.00085455    0.00007472    0.00000000 
max(|Fsp_perp|)  :   0.00000000    0.00000000    0.00000000    0.00000000    0.00000000    0.00000000    0.00000000    0.00000000    0.00000000    0.00000000 
max(|FNEB|)      :   0.00000000    0.00046271    0.00078519    0.00096575    0.00069229    0.00069632    0.00270423    0.00884274    0.00115624    0.00000000 
max(|Force|)     :   0.00136476    0.00100300    0.00109535    0.01647074    0.00464254    0.00069631    0.00597617    0.01623560    0.00120424    0.00139060 
ksp              :   0.01000000    0.01000000    0.01864575    0.08627271    0.10000000    0.10000000    0.08618197    0.02472913    0.01000000 
max(|step|)      :   0.00000000    0.00505962    0.00553015    0.01289655    0.01294533    0.01303896    0.01306063    0.01413695    0.03864209    0.00000000 
angle (deg.)     :    23.5788  84.1999  64.1401  28.5261  56.8182  27.0308  54.1652  59.5345 
>
iteration       : 108
climbing        : yes
zoom on         : no
nim             : 10
barrier         :   0.01128493 (image:  5) 
distance        :   0.00000000    4.55331717    9.08080858   11.48512132   12.01401093   12.49476452   12.94977134   13.44198431   15.09769218   19.18476343 
energy          : -1076.60715217  -1076.61456989  -1076.62339106  -1076.60608805  -1076.59756879  -1076.59586724  -1076.59762462  -1076.60527319  -1076.62622678  -1076.63040402 
max(|Fr_perp|)   :   0.00000000    0.00188070    0.00409391    0.00413457    0.00235863    0.00144243    0.00339361    0.01587062    0.00625465    0.00000000 
Fr_paral         :   0.00000000    0.00203181    0.00210025   -0.02744163   -0.00843927   -0.00000895    0.00971864    0.02645338    0.00031497    0.00000000 
max(|Fsp_paral|) :   0.00000000    0.00008129    0.00020155    0.00071780    0.00101208    0.00117690    0.00151321    0.00053361    0.00017317    0.00000000 
max(|Fsp_perp|)  :   0.00000000    0.00000000    0.00000000    0.00000000    0.00000000    0.00000000    0.00000000    0.00000000    0.00000000    0.00000000 
max(|FNEB|)      :   0.00000000    0.00183509    0.00395301    0.00417629    0.00214788    0.00144243    0.00334725    0.01587186    0.00627268    0.00000000 
max(|Force|)     :   0.00136476    0.00225905    0.00445634    0.01643716    0.00459201    0.00144244    0.00616142    0.01658811    0.00624318    0.00139060 
ksp              :   0.01000000    0.01000000    0.01848663    0.08642972    0.10000000    0.10000000    0.08598445    0.02498533    0.01000000 
max(|step|)      :   0.00000000    0.00182019    0.00282823    0.00273292    0.00228550    0.00230422    0.00242695    0.00946224    0.01106556    0.00000000 
angle (deg.)     :    23.5745  84.3279  64.0557  28.4902  56.5221  26.9004  54.2506  59.1152 
>
iteration       : 109
climbing        : yes
zoom on         : no
nim             : 10
barrier         :   0.01129552 (image:  5) 
distance        :   0.00000000    4.55537941    9.08191983   11.48149330   12.01023378   12.49111799   12.94759175   13.43621205   15.08974461   19.17430666 
energy          : -1076.60715217  -1076.61457583  -1076.62340592  -1076.60611040  -1076.59757170  -1076.59585666  -1076.59764821  -1076.60542032  -1076.62638993  -1076.63040402 
max(|Fr_perp|)   :   0.00000000    0.00047977    0.00122050    0.00137507    0.00100897    0.00068018    0.00149554    0.00286908    0.00182573    0.00000000 
Fr_paral         :   0.00000000    0.00201919    0.00206486   -0.02758676   -0.00848854   -0.00000889    0.00985650    0.02726281    0.00084204    0.00000000 
max(|Fsp_paral|) :   0.00000000    0.00009070    0.00032943    0.00098524    0.00104343    0.00111376    0.00179404    0.00142175    0.00050882    0.00000000 
max(|Fsp_perp|)  :   0.00000000    0.00000000    0.00000000    0.00000000    0.00000000    0.00000000    0.00000000    0.00000000    0.00000000    0.00000000 
max(|FNEB|)      :   0.00000000    0.00048656    0.00098954    0.00111704    0.00068736    0.00068018    0.00086372    0.00292088    0.00194375    0.00000000 
max(|Force|)     :   0.00136476    0.00102983    0.00157607    0.01646903    0.00463949    0.00068019    0.00609098    0.01642613    0.00189057    0.00139060 
ksp              :   0.01000000    0.01000000    0.01830062    0.08633493    0.10000000    0.10000000    0.08572535    0.02379898    0.01000000 
max(|step|)      :   0.00000000    0.00098778    0.00118428    0.00247062    0.00245350    0.00246798    0.00247524    0.00396148    0.00331999    0.00000000 
angle (deg.)     :    23.5872  84.1711  64.1231  28.5202  56.4908  26.9170  53.9005  59.3593 
>
iteration       : 110
climbing        : yes
zoom on         : no
nim             : 10
barrier         :   0.01128113 (image:  5) 
distance        :   0.00000000    4.55361726    9.08016102   11.48558036   12.01407538   12.49497162   12.95345872   13.43577277   15.09301482   19.17540800 
energy          : -1076.60715217  -1076.61457567  -1076.62340900  -1076.60611662  -1076.59758374  -1076.59587104  -1076.59768545  -1076.60534165  -1076.62639204  -1076.63040402 
max(|Fr_perp|)   :   0.00000000    0.00039971    0.00031653    0.00127176    0.00103236    0.00063123    0.00141735    0.00127299    0.00180822    0.00000000 
Fr_paral         :   0.00000000    0.00202017    0.00205351   -0.02758392   -0.00848716   -0.00000858    0.00993932    0.02725229    0.00066178    0.00000000 
max(|Fsp_paral|) :   0.00000000    0.00008523    0.00032677    0.00096620    0.00105256    0.00102098    0.00219610    0.00041572    0.00010724    0.00000000 
max(|Fsp_perp|)  :   0.00000000    0.00000000    0.00000000    0.00000000    0.00000000    0.00000000    0.00000000    0.00000000    0.00000000    0.00000000 
max(|FNEB|)      :   0.00000000    0.00031117    0.00040471    0.00068079    0.00063233    0.00063122    0.00093902    0.00114735    0.00183560    0.00000000 
max(|Force|)     :   0.00136476    0.00103571    0.00070371    0.01644745    0.00466178    0.00063123    0.00605328    0.01629706    0.00186009    0.00139060 
ksp              :   0.01000000    0.01000000    0.01826154    0.08633624    0.10000000    0.10000000    0.08552475    0.02444419    0.01000000 
max(|step|)      :   0.00000000    0.00324666    0.00328775    0.00814277    0.00816401    0.00820919    0.00821251    0.00866082    0.00709756    0.00000000 
angle (deg.)     :    23.6310  83.6622  64.3528  28.7016  56.5118  27.3318  53.3008  59.9031 
>
iteration       : 111
climbing        : yes
zoom on         : no
nim             : 10
barrier         :   0.01123525 (image:  5) 
distance        :   0.00000000    4.54817992    9.07448971   11.49899104   12.02720015   12.50815885   12.96937038   13.44359405   15.10338924   19.17930167 
energy          : -1076.60715217  -1076.61457430  -1076.62341192  -1076.60613828  -1076.59762043  -1076.59591692  -1076.59776092  -1076.60523344  -1076.62640983  -1076.63040402 
max(|Fr_perp|)   :   0.00000000    0.00049411    0.00084728    0.00106834    0.00118502    0.00078888    0.00124410    0.00364098    0.00171185    0.00000000 
Fr_paral         :   0.00000000    0.00202569    0.00204047   -0.02751624   -0.00846028   -0.00000794    0.01002378    0.02712364    0.00050299    0.00000000 
max(|Fsp_paral|) :   0.00000000    0.00006909    0.00032530    0.00095330    0.00106081    0.00089636    0.00272272    0.00095800    0.00046030    0.00000000 
max(|Fsp_perp|)  :   0.00000000    0.00000000    0.00000000    0.00000000    0.00000000    0.00000000    0.00000000    0.00000000    0.00000000    0.00000000 
max(|FNEB|)      :   0.00000000    0.00053240    0.00107454    0.00109127    0.00079395    0.00078887    0.00153082    0.00363586    0.00216599    0.00000000 
max(|Force|)     :   0.00136476    0.00104046    0.00123016    0.01634685    0.00468700    0.00078888    0.00602608    0.01602464    0.00169214    0.00139060 
ksp              :   0.01000000    0.01000000    0.01812175    0.08635405    0.10000000    0.10000000    0.08522863    0.02536998    0.01000000 
max(|step|)      :   0.00000000    0.00706710    0.00714372    0.01774601    0.01779754    0.01789537    0.01790804    0.01791281    0.01285494    0.00000000 
angle (deg.)     :    23.7345  82.5987  64.8304  29.1035  56.9568  28.6393  52.7425  61.0076 
>
iteration       : 112
climbing        : yes
zoom on         : no
nim             : 10
barrier         :   0.01113609 (image:  5) 
distance        :   0.00000000    4.53663422    9.06250968   11.52965059   12.05724530   12.53853941   13.00002981   13.47375462   15.13225107   19.19671005 
energy          : -1076.60715217  -1076.61457183  -1076.62341673  -1076.60617756  -1076.59770121  -1076.59601608  -1076.59784427  -1076.60518672  -1076.62640459  -1076.63040402 
max(|Fr_perp|)   :   0.00000000    0.00070806    0.00125868    0.00160070    0.00136729    0.00087876    0.00134252    0.00453439    0.00321784    0.00000000 
Fr_paral         :   0.00000000    0.00201696    0.00203315   -0.02747452   -0.00838290   -0.00000750    0.00989677    0.02679130    0.00009035    0.00000000 
max(|Fsp_paral|) :   0.00000000    0.00003424    0.00028551    0.00083816    0.00108902    0.00089574    0.00274615    0.00145940    0.00078082    0.00000000 
max(|Fsp_perp|)  :   0.00000000    0.00000000    0.00000000    0.00000000    0.00000000    0.00000000    0.00000000    0.00000000    0.00000000    0.00000000 
max(|FNEB|)      :   0.00000000    0.00072560    0.00145729    0.00157727    0.00091377    0.00087875    0.00166599    0.00452000    0.00298218    0.00000000 
max(|Force|)     :   0.00136476    0.00116150    0.00163365    0.01629197    0.00465069    0.00087877    0.00604794    0.01639681    0.00322724    0.00139060 
ksp              :   0.01000000    0.01000000    0.01787670    0.08638110    0.10000000    0.10000000    0.08522490    0.02588447    0.01000000 
max(|step|)      :   0.00000000    0.02173763    0.02127416    0.05238912    0.05287715    0.05315042    0.05303268    0.05312826    0.03631074    0.00000000 
angle (deg.)     :    24.1088  79.7708  66.2487  30.2451  58.5737  32.8517  52.9077  64.3036 
>
iteration       : 113
climbing        : yes
zoom on         : no
nim             : 10
barrier         :   0.01084904 (image:  5) 
distance        :   0.00000000    4.50422586    9.02993570   11.63287776   12.16033877   12.64312447   13.10542956   13.58750044   15.24618525   19.27717430 
energy          : -1076.60715217  -1076.61456496  -1076.62341076  -1076.60628768  -1076.59793932  -1076.59630313  -1076.59805177  -1076.60486128  -1076.62604730  -1076.63040402 
max(|Fr_perp|)   :   0.00000000    0.00170431    0.00366930    0.00724884    0.00172255    0.00115912    0.00254970    0.01302662    0.01683200    0.00000000 
Fr_paral         :   0.00000000    0.00217693    0.00208800   -0.02721405   -0.00814153   -0.00000636    0.00936168    0.02447902   -0.00121215    0.00000000 
max(|Fsp_paral|) :   0.00000000    0.00006991    0.00014194    0.00051130    0.00113493    0.00091857    0.00235003    0.00396460    0.00268592    0.00000000 
max(|Fsp_perp|)  :   0.00000000    0.00000000    0.00000000    0.00000000    0.00000000    0.00000000    0.00000000    0.00000000    0.00000000    0.00000000 
max(|FNEB|)      :   0.00000000    0.00166194    0.00376618    0.00728155    0.00167755    0.00115912    0.00242055    0.01294823    0.01681538    0.00000000 
max(|Force|)     :   0.00136476    0.00200069    0.00337978    0.01601458    0.00470109    0.00115913    0.00625570    0.01727897    0.01683003    0.00139060 
ksp              :   0.01000000    0.01000000    0.01717158    0.08642674    0.10000000    0.10000000    0.08549386    0.02900444    0.01000000 
max(|step|)      :   0.00000000    0.00879918    0.00862703    0.02162531    0.02155660    0.02166806    0.02171339    0.02168440    0.01487503    0.00000000 
angle (deg.)     :    24.2919  78.7627  66.7981  30.7160  59.4849  34.1521  53.3367  65.4045 
>
iteration       : 114
climbing        : yes
zoom on         : no
nim             : 10
barrier         :   0.01073407 (image:  5) 
distance        :   0.00000000    4.49191197    9.01829486   11.67995684   12.20776636   12.69139758   13.15032064   13.64959431   15.29794962   19.31698459 
energy          : -1076.60715217  -1076.61456711  -1076.62342020  -1076.60639925  -1076.59804301  -1076.59641810  -1076.59810504  -1076.60534845  -1076.62622752  -1076.63040402 
max(|Fr_perp|)   :   0.00000000    0.00117621    0.00232276    0.00242268    0.00129756    0.00095957    0.00188308    0.00576812    0.00342891    0.00000000 
Fr_paral         :   0.00000000    0.00209285    0.00205416   -0.02729221   -0.00806047   -0.00000822    0.00905711    0.02537217   -0.00111821    0.00000000 
max(|Fsp_paral|) :   0.00000000    0.00011315    0.00047157    0.00125089    0.00116378    0.00110703    0.00140622    0.00083822    0.00042103    0.00000000 
max(|Fsp_perp|)  :   0.00000000    0.00000000    0.00000000    0.00000000    0.00000000    0.00000000    0.00000000    0.00000000    0.00000000    0.00000000 
max(|FNEB|)      :   0.00000000    0.00110992    0.00264868    0.00240646    0.00098014    0.00095957    0.00192125    0.00578525    0.00342566    0.00000000 
max(|Force|)     :   0.00136476    0.00103403    0.00195786    0.01602952    0.00458515    0.00095958    0.00595661    0.01769653    0.00342652    0.00139060 
ksp              :   0.01000000    0.01000000    0.01631291    0.08637590    0.10000000    0.10000000    0.08585586    0.02512334    0.01000000 
max(|step|)      :   0.00000000    0.02538411    0.02490506    0.06181844    0.06194244    0.06226264    0.06227211    0.06233770    0.04257294    0.00000000 
angle (deg.)     :    24.8955  76.2973  68.3320  31.9517  62.2647  37.0259  53.7322  69.3750 
>
iteration       : 115
climbing        : yes
zoom on         : no
nim             : 10
barrier         :   0.01042344 (image:  5) 
distance        :   0.00000000    4.45696931    8.98816340   11.83229692   12.35981149   12.84613164   13.29881357   13.82876743   15.47914795   19.46718735 
energy          : -1076.60715217  -1076.61456501  -1076.62340610  -1076.60656013  -1076.59830620  -1076.59672873  -1076.59825157  -1076.60579888  -1076.62567219  -1076.63040402 
max(|Fr_perp|)   :   0.00000000    0.00055652    0.00089060    0.00404837    0.00135081    0.00111360    0.00245907    0.00596733    0.00990576    0.00000000 
Fr_paral         :   0.00000000    0.00203360    0.00203142   -0.02715725   -0.00777618   -0.00001029    0.00821958    0.02514142   -0.00297365    0.00000000 
max(|Fsp_paral|) :   0.00000000    0.00024978    0.00060910    0.00150229    0.00126996    0.00150414    0.00034422    0.00592739    0.00146224    0.00000000 
max(|Fsp_perp|)  :   0.00000000    0.00000000    0.00000000    0.00000000    0.00000000    0.00000000    0.00000000    0.00000000    0.00000000    0.00000000 
max(|FNEB|)      :   0.00000000    0.00071825    0.00101839    0.00404376    0.00134055    0.00111360    0.00247264    0.00726562    0.00960291    0.00000000 
max(|Force|)     :   0.00136476    0.00115627    0.00109327    0.01595986    0.00438305    0.00111359    0.00548856    0.01799915    0.01012779    0.00139060 
ksp              :   0.01000000    0.01000000    0.01511196    0.08637956    0.10000000    0.10000000    0.08685125    0.02168488    0.01000000 
max(|step|)      :   0.00000000    0.03300173    0.03174086    0.07805322    0.07831783    0.07870329    0.07862980    0.07873272    0.05440071    0.00000000 
angle (deg.)     :    25.8335  73.9915  70.0970  33.4572  65.8403  39.5375  54.3929  74.3722 
>
iteration       : 116
climbing        : yes
zoom on         : no
nim             : 10
barrier         :   0.01006911 (image:  5) 
distance        :   0.00000000    4.41692846    8.95796312   12.05531866   12.58255555   13.07314608   13.52099892   14.07956196   15.75283207   19.70085814 
energy          : -1076.60715217  -1076.61456110  -1076.62332578  -1076.60673304  -1076.59860569  -1076.59708306  -1076.59843735  -1076.60630402  -1076.62470067  -1076.63040402 
max(|Fr_perp|)   :   0.00000000    0.00108264    0.00226691    0.00695016    0.00165502    0.00106164    0.00247676    0.01311200    0.01563821    0.00000000 
Fr_paral         :   0.00000000    0.00202295    0.00201617   -0.02697091   -0.00741766   -0.00000772    0.00730531    0.02502708   -0.00529935    0.00000000 
max(|Fsp_paral|) :   0.00000000    0.00043069    0.00075680    0.00174118    0.00142676    0.00190367    0.00188975    0.01150439    0.00374768    0.00000000 
max(|Fsp_perp|)  :   0.00000000    0.00000000    0.00000000    0.00000000    0.00000000    0.00000000    0.00000000    0.00000000    0.00000000    0.00000000 
max(|FNEB|)      :   0.00000000    0.00107790    0.00231544    0.00695575    0.00142474    0.00106164    0.00417470    0.01354477    0.01479579    0.00000000 
max(|Force|)     :   0.00136476    0.00121705    0.00263675    0.01587010    0.00438935    0.00106164    0.00546059    0.01763868    0.01608527    0.00139060 
ksp              :   0.01000000    0.01000000    0.01374629    0.08639038    0.10000000    0.10000000    0.08789500    0.01758095    0.01000000 
max(|step|)      :   0.00000000    0.04245354    0.04041774    0.09893418    0.09953830    0.09982591    0.10000000    0.09996233    0.06890708    0.00000000 
angle (deg.)     :    27.2618  72.1827  72.0397  35.2811  70.2222  42.3255  55.4082  80.7585 
>
iteration       : 117
climbing        : yes
zoom on         : no
nim             : 10
barrier         :   0.00968497 (image:  5) 
distance        :   0.00000000    4.37154959    8.93333268   12.38042007   12.90701145   13.40384019   13.85221047   14.42995958   16.16773121   20.07234205 
energy          : -1076.60715217  -1076.61455598  -1076.62313356  -1076.60689378  -1076.59891954  -1076.59746720  -1076.59866148  -1076.60661754  -1076.62299175  -1076.63040402 
max(|Fr_perp|)   :   0.00000000    0.00156137    0.00381267    0.00857726    0.00245536    0.00173372    0.00303122    0.01876857    0.01863385    0.00000000 
Fr_paral         :   0.00000000    0.00202602    0.00200723   -0.02684975   -0.00697069   -0.00000481    0.00636316    0.02465913   -0.00868687    0.00000000 
max(|Fsp_paral|) :   0.00000000    0.00068519    0.00075204    0.00158963    0.00163486    0.00213709    0.00272051    0.01483995    0.00498798    0.00000000 
max(|Fsp_perp|)  :   0.00000000    0.00000000    0.00000000    0.00000000    0.00000000    0.00000000    0.00000000    0.00000000    0.00000000    0.00000000 
max(|FNEB|)      :   0.00000000    0.00193305    0.00336843    0.00881990    0.00204242    0.00178398    0.00557157    0.02005302    0.01908310    0.00000000 
max(|Force|)     :   0.00136476    0.00195201    0.00425247    0.01582422    0.00446523    0.00178399    0.00550309    0.01852422    0.01988936    0.00139060 
ksp              :   0.01000000    0.01000000    0.01243383    0.08650670    0.10000000    0.10000000    0.08892262    0.01509084    0.01000000 
max(|step|)      :   0.00000000    0.00184413    0.00321347    0.00841416    0.00194847    0.00170191    0.00531526    0.01913052    0.01820522    0.00000000 
angle (deg.)     :    27.2802  72.1716  71.9948  35.0873  69.7597  41.4824  54.6846  80.9207 
>
iteration       : 118
climbing        : yes
zoom on         : no
nim             : 10
barrier         :   0.00966878 (image:  5) 
distance        :   0.00000000    4.37336513    8.93165811   12.38140270   12.90702031   13.40377482   13.85891121   14.40639106   16.16605375   20.06436939 
energy          : -1076.60715217  -1076.61456633  -1076.62315785  -1076.60695558  -1076.59894446  -1076.59748340  -1076.59877954  -1076.60648843  -1076.62336491  -1076.63040402 
max(|Fr_perp|)   :   0.00000000    0.00050339    0.00134660    0.00554167    0.00193016    0.00124208    0.00280305    0.01235062    0.01036765    0.00000000 
Fr_paral         :   0.00000000    0.00216385    0.00202649   -0.02702188   -0.00701887   -0.00001006    0.00682336    0.02541667   -0.00774707    0.00000000 
max(|Fsp_paral|) :   0.00000000    0.00066660    0.00130596    0.00270781    0.00168562    0.00183723    0.00111500    0.01167534    0.00413228    0.00000000 
max(|Fsp_perp|)  :   0.00000000    0.00000000    0.00000000    0.00000000    0.00000000    0.00000000    0.00000000    0.00000000    0.00000000    0.00000000 
max(|FNEB|)      :   0.00000000    0.00095304    0.00178904    0.00557881    0.00144388    0.00124209    0.00383184    0.01251816    0.01119200    0.00000000 
max(|Force|)     :   0.00136476    0.00107008    0.00116254    0.01576939    0.00444686    0.00124207    0.00556552    0.01644087    0.01029132    0.00139060 
ksp              :   0.01000000    0.01000000    0.01182991    0.08639995    0.10000000    0.10000000    0.08793510    0.01617836    0.01000000 
max(|step|)      :   0.00000000    0.00089069    0.00167754    0.00203394    0.00139733    0.00083531    0.00374593    0.00948198    0.00724296    0.00000000 
angle (deg.)     :    27.3011  72.1602  71.9414  34.9489  69.4821  40.8256  54.1203  81.0319 
>
iteration       : 119
climbing        : yes
zoom on         : no
nim             : 10
barrier         :   0.00966258 (image:  5) 
distance        :   0.00000000    4.37497775    8.92938728   12.38309962   12.90677112   13.40341750   13.86312421   14.38805845   16.16485803   20.05777158 
energy          : -1076.60715217  -1076.61457103  -1076.62315815  -1076.60693373  -1076.59895321  -1076.59748959  -1076.59885446  -1076.60628653  -1076.62353113  -1076.63040402 
max(|Fr_perp|)   :   0.00000000    0.00056584    0.00106875    0.00360697    0.00180909    0.00133018    0.00262565    0.00725603    0.00733590    0.00000000 
Fr_paral         :   0.00000000    0.00217637    0.00203072   -0.02705439   -0.00704152   -0.00001327    0.00714124    0.02560461   -0.00784027    0.00000000 
max(|Fsp_paral|) :   0.00000000    0.00064692    0.00108880    0.00214649    0.00175377    0.00162947    0.00006435    0.00816366    0.00270392    0.00000000 
max(|Fsp_perp|)  :   0.00000000    0.00000000    0.00000000    0.00000000    0.00000000    0.00000000    0.00000000    0.00000000    0.00000000    0.00000000 
max(|FNEB|)      :   0.00000000    0.00091964    0.00180657    0.00363551    0.00136440    0.00133019    0.00250773    0.00730034    0.00749373    0.00000000 
max(|Force|)     :   0.00136476    0.00106103    0.00143431    0.01577685    0.00433777    0.00133017    0.00554002    0.01618861    0.00742948    0.00139060 
ksp              :   0.01000000    0.01000000    0.01203466    0.08636743    0.10000000    0.10000000    0.08728721    0.01806280    0.01000000 
max(|step|)      :   0.00000000    0.00492105    0.00649641    0.00871984    0.00493971    0.00421013    0.01273123    0.03517282    0.03352542    0.00000000 
angle (deg.)     :    27.4129  72.0840  71.7209  34.4915  68.9514  37.8371  52.0172  81.2032 
>
iteration       : 120
climbing        : yes
zoom on         : no
nim             : 10
barrier         :   0.00965222 (image:  5) 
distance        :   0.00000000    4.38414793    8.91917637   12.39183023   12.91005733   13.40539994   13.87929646   14.32673791   16.16112956   20.02687103 
energy          : -1076.60715217  -1076.61459258  -1076.62313728  -1076.60679121  -1076.59895404  -1076.59749995  -1076.59909597  -1076.60537833  -1076.62418550  -1076.63040402 
max(|Fr_perp|)   :   0.00000000    0.00094683    0.00218530    0.00198544    0.00183221    0.00150808    0.00205173    0.00605613    0.00383052    0.00000000 
Fr_paral         :   0.00000000    0.00207438    0.00202178   -0.02706056   -0.00705926   -0.00001472    0.00825675    0.02511147   -0.00793174    0.00000000 
max(|Fsp_paral|) :   0.00000000    0.00054454    0.00029023    0.00092768    0.00186762    0.00094433    0.00407924    0.00630744    0.00404907    0.00000000 
max(|Fsp_perp|)  :   0.00000000    0.00000000    0.00000000    0.00000000    0.00000000    0.00000000    0.00000000    0.00000000    0.00000000    0.00000000 
max(|FNEB|)      :   0.00000000    0.00117149    0.00238457    0.00201806    0.00153984    0.00150809    0.00244637    0.00707776    0.00682428    0.00000000 
max(|Force|)     :   0.00136476    0.00126990    0.00256037    0.01605481    0.00425511    0.00150807    0.00567174    0.01508009    0.00598021    0.00139060 
ksp              :   0.01000000    0.01000000    0.01336568    0.08644173    0.10000000    0.10000000    0.08511831    0.02653984    0.01000000 
max(|step|)      :   0.00000000    0.00315737    0.00321632    0.00379746    0.00324777    0.00311884    0.00429985    0.01282855    0.01061422    0.00000000 
angle (deg.)     :    27.4631  72.0253  71.7173  34.4792  69.3326  36.8220  51.6576  80.7826 
>
iteration       : 121
climbing        : yes
zoom on         : no
nim             : 10
barrier         :   0.00964587 (image:  5) 
distance        :   0.00000000    4.38941609    8.91800625   12.39371529   12.91667820   13.41101092   13.88345873   14.33471539   16.15546879   20.00950308 
energy          : -1076.60715217  -1076.61460623  -1076.62313969  -1076.60688259  -1076.59895129  -1076.59750630  -1076.59910966  -1076.60545641  -1076.62467136  -1076.63040402 
max(|Fr_perp|)   :   0.00000000    0.00071739    0.00151939    0.00353744    0.00190762    0.00188572    0.00203259    0.01642052    0.00324023    0.00000000 
Fr_paral         :   0.00000000    0.00220730    0.00205180   -0.02707144   -0.00702052   -0.00001556    0.00836781    0.02501462   -0.00693851    0.00000000 
max(|Fsp_paral|) :   0.00000000    0.00050269    0.00048898    0.00099539    0.00164484    0.00096670    0.00390251    0.00510993    0.00342018    0.00000000 
max(|Fsp_perp|)  :   0.00000000    0.00000000    0.00000000    0.00000000    0.00000000    0.00000000    0.00000000    0.00000000    0.00000000    0.00000000 
max(|FNEB|)      :   0.00000000    0.00088702    0.00184938    0.00352172    0.00191041    0.00188572    0.00260745    0.01617425    0.00644985    0.00000000 
max(|Force|)     :   0.00136476    0.00110756    0.00175072    0.01610457    0.00431106    0.00188573    0.00564349    0.01572393    0.00583125    0.00139060 
ksp              :   0.01000000    0.01000000    0.01251536    0.08651769    0.10000000    0.10000000    0.08504003    0.02582222    0.01000000 
max(|step|)      :   0.00000000    0.00293801    0.00150369    0.00254271    0.00232949    0.00222673    0.00479402    0.01022253    0.01230658    0.00000000 
angle (deg.)     :    27.5172  71.9670  71.7007  34.5058  69.7925  36.1649  51.4937  80.3007 
>
iteration       : 122
climbing        : yes
zoom on         : no
nim             : 10
barrier         :   0.00963829 (image:  5) 
distance        :   0.00000000    4.39454467    8.91607044   12.39660289   12.92253328   13.41612226   13.88581284   14.34806467   16.15001548   19.99313612 
energy          : -1076.60715217  -1076.61461820  -1076.62313332  -1076.60693444  -1076.59895196  -1076.59751388  -1076.59910010  -1076.60573747  -1076.62512852  -1076.63040402 
max(|Fr_perp|)   :   0.00000000    0.00112831    0.00240919    0.00335727    0.00186977    0.00190468    0.00201876    0.01392322    0.00364685    0.00000000 
Fr_paral         :   0.00000000    0.00221475    0.00206421   -0.02706967   -0.00698221   -0.00001689    0.00836933    0.02544224   -0.00608376    0.00000000 
max(|Fsp_paral|) :   0.00000000    0.00045896    0.00091401    0.00207138    0.00149888    0.00106045    0.00334351    0.00143327    0.00136363    0.00000000 
max(|Fsp_perp|)  :   0.00000000    0.00000000    0.00000000    0.00000000    0.00000000    0.00000000    0.00000000    0.00000000    0.00000000    0.00000000 
max(|FNEB|)      :   0.00000000    0.00101560    0.00302693    0.00336024    0.00193111    0.00190467    0.00207922    0.01385350    0.00438874    0.00000000 
max(|Force|)     :   0.00136476    0.00127141    0.00228846    0.01618514    0.00429395    0.00190468    0.00550985    0.01490607    0.00546837    0.00139060 
ksp              :   0.01000000    0.01000000    0.01203314    0.08657154    0.10000000    0.10000000    0.08518825    0.02321016    0.01000000 
max(|step|)      :   0.00000000    0.01655879    0.01055030    0.01447693    0.01339560    0.01283429    0.02389192    0.05155130    0.05889871    0.00000000 
angle (deg.)     :    27.8552  71.6858  71.4936  34.7146  72.0016  35.9954  51.7461  78.5417 
>
iteration       : 123
climbing        : yes
zoom on         : no
nim             : 10
barrier         :   0.00959712 (image:  5) 
distance        :   0.00000000    4.42332352    8.89655287   12.42075189   12.94794251   13.43951449   13.90185109   14.39845928   16.16031045   19.94338914 
energy          : -1076.60715217  -1076.61469029  -1076.62308508  -1076.60686608  -1076.59897327  -1076.59755505  -1076.59900891  -1076.60619591  -1076.62669840  -1076.63040402 
max(|Fr_perp|)   :   0.00000000    0.00042798    0.00109961    0.00180129    0.00144299    0.00079273    0.00265464    0.00771172    0.00616765    0.00000000 
Fr_paral         :   0.00000000    0.00213272    0.00214609   -0.02685388   -0.00681881   -0.00002751    0.00803542    0.02514539   -0.00313313    0.00000000 
max(|Fsp_paral|) :   0.00000000    0.00018107    0.00000968    0.00056199    0.00132899    0.00133150    0.00146817    0.00528357    0.00171370    0.00000000 
max(|Fsp_perp|)  :   0.00000000    0.00000000    0.00000000    0.00000000    0.00000000    0.00000000    0.00000000    0.00000000    0.00000000    0.00000000 
max(|FNEB|)      :   0.00000000    0.00052323    0.00109474    0.00177424    0.00080583    0.00079286    0.00220451    0.00780286    0.00629031    0.00000000 
max(|Force|)     :   0.00136476    0.00112006    0.00149836    0.01646751    0.00398437    0.00079259    0.00553260    0.01516854    0.00608256    0.00139060 
ksp              :   0.01000000    0.01000000    0.01268289    0.08670021    0.10000000    0.10000000    0.08636601    0.01896767    0.01000000 
max(|step|)      :   0.00000000    0.00811107    0.00556861    0.00800941    0.00760807    0.00726250    0.00741126    0.01889473    0.02786664    0.00000000 
angle (deg.)     :    28.0005  71.5252  71.5893  35.1035  72.4077  36.3178  51.2906  78.1921 
>
iteration       : 124
climbing        : yes
zoom on         : no
nim             : 10
barrier         :   0.00958276 (image:  5) 
distance        :   0.00000000    4.43576949    8.89173090   12.43106735   12.96231445   13.45467997   13.91680761   14.40634376   16.18059331   19.93469315 
energy          : -1076.60715217  -1076.61471791  -1076.62306729  -1076.60694159  -1076.59899359  -1076.59756941  -1076.59898342  -1076.60562151  -1076.62688567  -1076.63040402 
max(|Fr_perp|)   :   0.00000000    0.00177527    0.00381389    0.00379826    0.00303307    0.00307004    0.00397703    0.02311725    0.01651705    0.00000000 
Fr_paral         :   0.00000000    0.00228191    0.00215147   -0.02684111   -0.00674906   -0.00003390    0.00783886    0.02369720   -0.00304937    0.00000000 
max(|Fsp_paral|) :   0.00000000    0.00007343    0.00059745    0.00203687    0.00122836    0.00139002    0.00163601    0.00043757    0.00212382    0.00000000 
max(|Fsp_perp|)  :   0.00000000    0.00000000    0.00000000    0.00000000    0.00000000    0.00000000    0.00000000    0.00000000    0.00000000    0.00000000 
max(|FNEB|)      :   0.00000000    0.00173660    0.00421491    0.00390631    0.00308676    0.00307002    0.00393420    0.02311166    0.01674864    0.00000000 
max(|Force|)     :   0.00136476    0.00193127    0.00341415    0.01621748    0.00411883    0.00307006    0.00576115    0.02264445    0.01664173    0.00139060 
ksp              :   0.01000000    0.01000000    0.01197773    0.08662428    0.10000000    0.10000000    0.08671988    0.02437574    0.01000000 
max(|step|)      :   0.00000000    0.00296460    0.00293446    0.00316485    0.00287962    0.00275571    0.00372821    0.01010479    0.01256118    0.00000000 
angle (deg.)     :    27.9485  71.5721  71.5790  35.0492  72.2005  35.9979  51.0895  78.1804 
>
iteration       : 125
climbing        : yes
zoom on         : no
nim             : 10
barrier         :   0.00958247 (image:  5) 
distance        :   0.00000000    4.43088857    8.89362913   12.42815560   12.95664360   13.44947445   13.90934505   14.40438734   16.16711961   19.93083841 
energy          : -1076.60715217  -1076.61470990  -1076.62308722  -1076.60693393  -1076.59900293  -1076.59756970  -1076.59900729  -1076.60625324  -1076.62706672  -1076.63040402 
max(|Fr_perp|)   :   0.00000000    0.00040350    0.00070401    0.00103169    0.00145063    0.00074757    0.00223506    0.00694474    0.00387833    0.00000000 
Fr_paral         :   0.00000000    0.00216765    0.00213406   -0.02699257   -0.00679485   -0.00003116    0.00793001    0.02570962   -0.00264603    0.00000000 
max(|Fsp_paral|) :   0.00000000    0.00011574    0.00056078    0.00177237    0.00135947    0.00151003    0.00137781    0.00567932    0.00191899    0.00000000 
max(|Fsp_perp|)  :   0.00000000    0.00000000    0.00000000    0.00000000    0.00000000    0.00000000    0.00000000    0.00000000    0.00000000    0.00000000 
max(|FNEB|)      :   0.00000000    0.00039603    0.00108136    0.00099932    0.00075562    0.00074772    0.00129433    0.00699982    0.00367685    0.00000000 
max(|Force|)     :   0.00136476    0.00107212    0.00098363    0.01624627    0.00405395    0.00074742    0.00562266    0.01557455    0.00398395    0.00139060 
ksp              :   0.01000000    0.01000000    0.01204981    0.08653892    0.10000000    0.10000000    0.08649791    0.01844296    0.01000000 
max(|step|)      :   0.00000000    0.00119469    0.00150455    0.00182387    0.00162486    0.00159276    0.00193808    0.00633249    0.00467091    0.00000000 
angle (deg.)     :    27.9751  71.5445  71.5945  35.1418  72.0606  35.8888  50.7612  78.1970 
>
iteration       : 126
climbing        : yes
zoom on         : no
nim             : 10
barrier         :   0.00957800 (image:  5) 
distance        :   0.00000000    4.43240942    8.89186970   12.43128009   12.95773850   13.45128373   13.91160063   14.39680394   16.16951093   19.92717281 
energy          : -1076.60715217  -1076.61471426  -1076.62308564  -1076.60689799  -1076.59901482  -1076.59757417  -1076.59902465  -1076.60613363  -1076.62713943  -1076.63040402 
max(|Fr_perp|)   :   0.00000000    0.00035644    0.00035231    0.00096394    0.00146010    0.00092697    0.00216491    0.00192111    0.00169027    0.00000000 
Fr_paral         :   0.00000000    0.00213198    0.00212533   -0.02698871   -0.00680268   -0.00003229    0.00796794    0.02584777   -0.00244323    0.00000000 
max(|Fsp_paral|) :   0.00000000    0.00009833    0.00020550    0.00094590    0.00146823    0.00152260    0.00179133    0.00395124    0.00106797    0.00000000 
max(|Fsp_perp|)  :   0.00000000    0.00000000    0.00000000    0.00000000    0.00000000    0.00000000    0.00000000    0.00000000    0.00000000    0.00000000 
max(|FNEB|)      :   0.00000000    0.00045061    0.00041147    0.00099612    0.00093621    0.00092696    0.00117258    0.00361625    0.00141398    0.00000000 
max(|Force|)     :   0.00136476    0.00113146    0.00067371    0.01616885    0.00406423    0.00092699    0.00554426    0.01560392    0.00230603    0.00139060 
ksp              :   0.01000000    0.01000000    0.01238843    0.08646291    0.10000000    0.10000000    0.08637055    0.01957077    0.01000000 
max(|step|)      :   0.00000000    0.00495921    0.00226373    0.00578773    0.00564937    0.00550564    0.00555188    0.01032988    0.01516262    0.00000000 
angle (deg.)     :    28.0705  71.4353  71.6761  35.4705  72.0505  35.9854  50.4199  78.0434 
>
iteration       : 127
climbing        : yes
zoom on         : no
nim             : 10
barrier         :   0.00956257 (image:  5) 
distance        :   0.00000000    4.43917922    8.88765970   12.44046089   12.96566784   13.46072423   13.92037063   14.39371061   16.18084362   19.91912219 
energy          : -1076.60715217  -1076.61473211  -1076.62307877  -1076.60687797  -1076.59904349  -1076.59758960  -1076.59903017  -1076.60589980  -1076.62731201  -1076.63040402 
max(|Fr_perp|)   :   0.00000000    0.00038558    0.00069653    0.00103345    0.00157272    0.00094325    0.00220725    0.00355901    0.00325617    0.00000000 
Fr_paral         :   0.00000000    0.00212572    0.00211018   -0.02696197   -0.00678874   -0.00003370    0.00788724    0.02576667   -0.00178051    0.00000000 
max(|Fsp_paral|) :   0.00000000    0.00003386    0.00005836    0.00036406    0.00158964    0.00162828    0.00217665    0.00108220    0.00057258    0.00000000 
max(|Fsp_perp|)  :   0.00000000    0.00000000    0.00000000    0.00000000    0.00000000    0.00000000    0.00000000    0.00000000    0.00000000    0.00000000 
max(|FNEB|)      :   0.00000000    0.00039526    0.00073772    0.00099644    0.00094795    0.00094324    0.00101163    0.00355959    0.00320276    0.00000000 
max(|Force|)     :   0.00136476    0.00113956    0.00108921    0.01598128    0.00410825    0.00094327    0.00541650    0.01568213    0.00319461    0.00139060 
ksp              :   0.01000000    0.01000000    0.01258068    0.08631648    0.10000000    0.10000000    0.08644181    0.02178696    0.01000000 
max(|step|)      :   0.00000000    0.00571359    0.00258222    0.00751378    0.00742156    0.00727192    0.00730478    0.00900314    0.01811296    0.00000000 
angle (deg.)     :    28.1756  71.2902  71.7721  35.6757  72.0529  36.1734  50.8474  77.7649 
>
iteration       : 128
climbing        : yes
zoom on         : no
nim             : 10
barrier         :   0.00954151 (image:  5) 
distance        :   0.00000000    4.44578941    8.88375970   12.45172513   12.97675275   13.47316512   13.93097103   14.39712131   16.19138404   19.90895192 
energy          : -1076.60715217  -1076.61475101  -1076.62307456  -1076.60689668  -1076.59907382  -1076.59761067  -1076.59904122  -1076.60576623  -1076.62747187  -1076.63040402 
max(|Fr_perp|)   :   0.00000000    0.00033563    0.00066632    0.00101288    0.00161397    0.00078624    0.00210378    0.00229099    0.00234075    0.00000000 
Fr_paral         :   0.00000000    0.00213828    0.00209116   -0.02696008   -0.00678714   -0.00003460    0.00783340    0.02575465   -0.00059264    0.00000000 
max(|Fsp_paral|) :   0.00000000    0.00002853    0.00002801    0.00056056    0.00166300    0.00177479    0.00234502    0.00059351    0.00158674    0.00000000 
max(|Fsp_perp|)  :   0.00000000    0.00000000    0.00000000    0.00000000    0.00000000    0.00000000    0.00000000    0.00000000    0.00000000    0.00000000 
max(|FNEB|)      :   0.00000000    0.00032819    0.00064915    0.00097402    0.00078638    0.00078622    0.00083253    0.00227068    0.00270910    0.00000000 
max(|Force|)     :   0.00136476    0.00111573    0.00105606    0.01586391    0.00417673    0.00078627    0.00546551    0.01550265    0.00232063    0.00139060 
ksp              :   0.01000000    0.01000000    0.01240995    0.08619886    0.10000000    0.10000000    0.08650632    0.02307286    0.01000000 
max(|step|)      :   0.00000000    0.00917038    0.00507243    0.01385344    0.01389643    0.01369078    0.01368702    0.01802999    0.03556507    0.00000000 
angle (deg.)     :    28.3501  71.0402  71.8575  35.8040  72.1154  37.4037  52.5115  77.2603 
>
iteration       : 129
climbing        : yes
zoom on         : no
nim             : 10
barrier         :   0.00950272 (image:  5) 
distance        :   0.00000000    4.45395175    8.87559106   12.47467494   12.99648061   13.49445879   13.94781319   14.40906201   16.20661625   19.89315689 
energy          : -1076.60715217  -1076.61477701  -1076.62306198  -1076.60683281  -1076.59911425  -1076.59764945  -1076.59903643  -1076.60551823  -1076.62750510  -1076.63040402 
max(|Fr_perp|)   :   0.00000000    0.00032394    0.00065127    0.00266133    0.00170130    0.00064063    0.00375673    0.00507260    0.00914634    0.00000000 
Fr_paral         :   0.00000000    0.00216297    0.00207018   -0.02682054   -0.00675754   -0.00003525    0.00761474    0.02526628    0.00007623    0.00000000 
max(|Fsp_paral|) :   0.00000000    0.00011833    0.00073763    0.00110542    0.00183087    0.00203837    0.00225581    0.00321830    0.00345451    0.00000000 
max(|Fsp_perp|)  :   0.00000000    0.00000000    0.00000000    0.00000000    0.00000000    0.00000000    0.00000000    0.00000000    0.00000000    0.00000000 
max(|FNEB|)      :   0.00000000    0.00037877    0.00129142    0.00262431    0.00142356    0.00064061    0.00385742    0.00517418    0.00949689    0.00000000 
max(|Force|)     :   0.00136476    0.00111136    0.00112570    0.01586993    0.00424896    0.00064065    0.00536750    0.01603051    0.00914331    0.00139060 
ksp              :   0.01000000    0.01000000    0.01302465    0.08612696    0.10000000    0.10000000    0.08686395    0.02547505    0.01000000 
max(|step|)      :   0.00000000    0.00133329    0.00123491    0.00329199    0.00344055    0.00342701    0.00418448    0.00978019    0.00852115    0.00000000 
angle (deg.)     :    28.3658  70.9661  71.9114  35.7716  72.1189  38.1650  53.5361  76.9900 
>
iteration       : 130
climbing        : yes
zoom on         : no
nim             : 10
barrier         :   0.00949341 (image:  5) 
distance        :   0.00000000    4.45329438    8.87634622   12.47872043   13.00239312   13.50036932   13.95178932   14.41947942   16.20598914   19.88847707 
energy          : -1076.60715217  -1076.61477768  -1076.62306853  -1076.60690166  -1076.59912214  -1076.59765876  -1076.59903851  -1076.60559425  -1076.62765181  -1076.63040402 
max(|Fr_perp|)   :   0.00000000    0.00035703    0.00063912    0.00110840    0.00169371    0.00106838    0.00205389    0.00258847    0.00250944    0.00000000 
Fr_paral         :   0.00000000    0.00218982    0.00207289   -0.02690516   -0.00676630   -0.00003318    0.00756644    0.02541710    0.00071880    0.00000000 
max(|Fsp_paral|) :   0.00000000    0.00011086    0.00009692    0.00029807    0.00177009    0.00211414    0.00192225    0.00204617    0.00289660    0.00000000 
max(|Fsp_perp|)  :   0.00000000    0.00000000    0.00000000    0.00000000    0.00000000    0.00000000    0.00000000    0.00000000    0.00000000    0.00000000 
max(|FNEB|)      :   0.00000000    0.00040816    0.00058465    0.00114052    0.00106425    0.00106836    0.00112934    0.00324638    0.00344682    0.00000000 
max(|Force|)     :   0.00136476    0.00104309    0.00099860    0.01588983    0.00424454    0.00106840    0.00529282    0.01555654    0.00248207    0.00139060 
ksp              :   0.01000000    0.01000000    0.01237497    0.08612687    0.10000000    0.10000000    0.08691963    0.02476955    0.01000000 
max(|step|)      :   0.00000000    0.00080489    0.00101355    0.00211021    0.00218837    0.00221141    0.00294029    0.00742082    0.01168516    0.00000000 
angle (deg.)     :    28.3680  70.9186  71.9054  35.6573  72.2641  38.4625  54.0511  76.6692 
>
iteration       : 131
climbing        : yes
zoom on         : no
nim             : 10
barrier         :   0.00948646 (image:  5) 
distance        :   0.00000000    4.45155348    8.87675537   12.48157349   13.00673123   13.50389263   13.95370745   14.43107326   16.19744626   19.88028819 
energy          : -1076.60715217  -1076.61477548  -1076.62307450  -1076.60692677  -1076.59911745  -1076.59766571  -1076.59902503  -1076.60575983  -1076.62768852  -1076.63040402 
max(|Fr_perp|)   :   0.00000000    0.00029107    0.00047997    0.00103999    0.00163090    0.00092062    0.00183032    0.00242611    0.00225591    0.00000000 
Fr_paral         :   0.00000000    0.00218395    0.00208395   -0.02690095   -0.00674675   -0.00003256    0.00747637    0.02567693    0.00074256    0.00000000 
max(|Fsp_paral|) :   0.00000000    0.00009666    0.00013777    0.00086443    0.00167272    0.00213933    0.00145998    0.00033417    0.00163162    0.00000000 
max(|Fsp_perp|)  :   0.00000000    0.00000000    0.00000000    0.00000000    0.00000000    0.00000000    0.00000000    0.00000000    0.00000000    0.00000000 
max(|FNEB|)      :   0.00000000    0.00033527    0.00057091    0.00099118    0.00092146    0.00092060    0.00127862    0.00243713    0.00225654    0.00000000 
max(|Force|)     :   0.00136476    0.00105002    0.00096862    0.01601008    0.00417648    0.00092063    0.00503970    0.01546702    0.00225555    0.00139060 
ksp              :   0.01000000    0.01000000    0.01213844    0.08622702    0.10000000    0.10000000    0.08710387    0.02320945    0.01000000 
max(|step|)      :   0.00000000    0.00377667    0.00241164    0.00769510    0.00769808    0.00765126    0.00763978    0.00923126    0.01776148    0.00000000 
angle (deg.)     :    28.4340  70.7708  71.9206  35.6476  72.4956  38.3196  54.3545  76.1188 
>
iteration       : 132
climbing        : yes
zoom on         : no
nim             : 10
barrier         :   0.00946459 (image:  5) 
distance        :   0.00000000    4.45266823    8.87487066   12.49283805   13.02105695   13.51700933   13.96736050   14.44767554   16.18646404   19.86064373 
energy          : -1076.60715217  -1076.61478262  -1076.62307713  -1076.60697479  -1076.59911883  -1076.59768758  -1076.59904477  -1076.60589369  -1076.62770259  -1076.63040402 
max(|Fr_perp|)   :   0.00000000    0.00028393    0.00036133    0.00138733    0.00157435    0.00068618    0.00242275    0.00147557    0.00323390    0.00000000 
Fr_paral         :   0.00000000    0.00217125    0.00209428   -0.02689331   -0.00668014   -0.00003024    0.00745610    0.02596022    0.00105486    0.00000000 
max(|Fsp_paral|) :   0.00000000    0.00011198    0.00054154    0.00188611    0.00149295    0.00204995    0.00138077    0.00209759    0.00057311    0.00000000 
max(|Fsp_perp|)  :   0.00000000    0.00000000    0.00000000    0.00000000    0.00000000    0.00000000    0.00000000    0.00000000    0.00000000    0.00000000 
max(|FNEB|)      :   0.00000000    0.00029933    0.00072371    0.00140513    0.00068135    0.00068632    0.00236650    0.00169690    0.00323424    0.00000000 
max(|Force|)     :   0.00136476    0.00108197    0.00075177    0.01615671    0.00409131    0.00068605    0.00523660    0.01525675    0.00323225    0.00139060 
ksp              :   0.01000000    0.01000000    0.01168677    0.08639006    0.10000000    0.10000000    0.08709435    0.02196712    0.01000000 
max(|step|)      :   0.00000000    0.01044040    0.00698922    0.02046305    0.02038112    0.02024804    0.02026065    0.02025883    0.04244750    0.00000000 
angle (deg.)     :    28.6378  70.4197  71.9681  35.8031  72.7830  38.5949  55.3616  75.0456 
>
iteration       : 133
climbing        : yes
zoom on         : no
nim             : 10
barrier         :   0.00940765 (image:  5) 
distance        :   0.00000000    4.45646589    8.86534764   12.52730588   13.05325352   13.54865481   14.00138038   14.47735742   16.16997416   19.81872169 
energy          : -1076.60715217  -1076.61480279  -1076.62306360  -1076.60686131  -1076.59914711  -1076.59774453  -1076.59907487  -1076.60579646  -1076.62750965  -1076.63040402 
max(|Fr_perp|)   :   0.00000000    0.00035574    0.00095640    0.00644655    0.00146667    0.00080666    0.00736170    0.00426840    0.00755441    0.00000000 
Fr_paral         :   0.00000000    0.00217529    0.00215503   -0.02665125   -0.00656024   -0.00002542    0.00726815    0.02564574    0.00183683    0.00000000 
max(|Fsp_paral|) :   0.00000000    0.00017586    0.00076317    0.00071342    0.00150177    0.00190523    0.00161082    0.00155890    0.00095408    0.00000000 
max(|Fsp_perp|)  :   0.00000000    0.00000000    0.00000000    0.00000000    0.00000000    0.00000000    0.00000000    0.00000000    0.00000000    0.00000000 
max(|FNEB|)      :   0.00000000    0.00046407    0.00118210    0.00639532    0.00144506    0.00080665    0.00746341    0.00431734    0.00756177    0.00000000 
max(|Force|)     :   0.00136476    0.00103264    0.00107367    0.01603797    0.00392807    0.00080668    0.00730940    0.01470002    0.00755010    0.00139060 
ksp              :   0.01000000    0.01000000    0.01278264    0.08658190    0.10000000    0.10000000    0.08727302    0.02296966    0.01000000 
max(|step|)      :   0.00000000    0.00166634    0.00175556    0.00492228    0.00510258    0.00513882    0.00508025    0.00786205    0.01580659    0.00000000 
angle (deg.)     :    28.6473  70.3224  72.0273  35.8580  72.6144  38.7784  55.6242  74.6873 
>
iteration       : 134
climbing        : yes
zoom on         : no
nim             : 10
barrier         :   0.00939312 (image:  5) 
distance        :   0.00000000    4.45352705    8.86625373   12.53426398   13.06130176   13.55665557   14.01163767   14.48334532   16.15726025   19.80396389 
energy          : -1076.60715217  -1076.61479971  -1076.62307396  -1076.60692765  -1076.59915822  -1076.59775906  -1076.59914928  -1076.60575279  -1076.62759967  -1076.63040402 
max(|Fr_perp|)   :   0.00000000    0.00029696    0.00049638    0.00101068    0.00148842    0.00066048    0.00274921    0.00222097    0.00239921    0.00000000 
Fr_paral         :   0.00000000    0.00216001    0.00212102   -0.02680718   -0.00654986   -0.00002302    0.00748242    0.02557384    0.00216481    0.00000000 
max(|Fsp_paral|) :   0.00000000    0.00015099    0.00012483    0.00060052    0.00146351    0.00179150    0.00198989    0.00100625    0.00108294    0.00000000 
max(|Fsp_perp|)  :   0.00000000    0.00000000    0.00000000    0.00000000    0.00000000    0.00000000    0.00000000    0.00000000    0.00000000    0.00000000 
max(|FNEB|)      :   0.00000000    0.00033102    0.00058182    0.00098738    0.00065420    0.00066057    0.00158500    0.00215396    0.00239934    0.00000000 
max(|Force|)     :   0.00136476    0.00109630    0.00089636    0.01608668    0.00394814    0.00066038    0.00578032    0.01504302    0.00240033    0.00139060 
ksp              :   0.01000000    0.01000000    0.01215124    0.08659394    0.10000000    0.10000000    0.08667957    0.02340821    0.01000000 
max(|step|)      :   0.00000000    0.00264430    0.00270584    0.00901561    0.00919789    0.00925203    0.00918894    0.00965852    0.02689843    0.00000000 
angle (deg.)     :    28.6818  70.1556  72.1100  35.9623  72.4815  39.0473  56.0153  74.0565 
>
iteration       : 135
climbing        : yes
zoom on         : no
nim             : 10
barrier         :   0.00936734 (image:  5) 
distance        :   0.00000000    4.44907541    8.86595243   12.54834530   13.07519233   13.57054553   14.02870897   14.49652482   16.13441807   19.77804950 
energy          : -1076.60715217  -1076.61479564  -1076.62308302  -1076.60692513  -1076.59917329  -1076.59778484  -1076.59920008  -1076.60564983  -1076.62754591  -1076.63040402 
max(|Fr_perp|)   :   0.00000000    0.00032318    0.00053117    0.00132130    0.00150457    0.00080882    0.00284557    0.00305847    0.00216905    0.00000000 
Fr_paral         :   0.00000000    0.00215676    0.00210676   -0.02679897   -0.00651230   -0.00001742    0.00751728    0.02516912    0.00256966    0.00000000 
max(|Fsp_paral|) :   0.00000000    0.00011944    0.00019429    0.00045196    0.00145792    0.00164185    0.00232472    0.00023844    0.00142272    0.00000000 
max(|Fsp_perp|)  :   0.00000000    0.00000000    0.00000000    0.00000000    0.00000000    0.00000000    0.00000000    0.00000000    0.00000000    0.00000000 
max(|FNEB|)      :   0.00000000    0.00029637    0.00059708    0.00117071    0.00080627    0.00080880    0.00104987    0.00312962    0.00207176    0.00000000 
max(|Force|)     :   0.00136476    0.00112326    0.00073719    0.01604805    0.00395233    0.00080884    0.00588172    0.01527506    0.00271583    0.00139060 
ksp              :   0.01000000    0.01000000    0.01218141    0.08665990    0.10000000    0.10000000    0.08640250    0.02443425    0.01000000 
max(|step|)      :   0.00000000    0.00534183    0.00576940    0.01596909    0.01625255    0.01640301    0.01629159    0.01621650    0.05567050    0.00000000 
angle (deg.)     :    28.7197  69.8479  72.3074  36.1641  72.3589  39.2390  56.2436  72.9311 
>
iteration       : 136
climbing        : yes
zoom on         : no
nim             : 10
barrier         :   0.00932134 (image:  5) 
distance        :   0.00000000    4.43871506    8.86815937   12.57222759   13.10033864   13.59601811   14.05964724   14.52456115   16.08507435   19.73081566 
energy          : -1076.60715217  -1076.61478304  -1076.62310808  -1076.60696098  -1076.59920232  -1076.59783083  -1076.59928553  -1076.60554467  -1076.62732956  -1076.63040402 
max(|Fr_perp|)   :   0.00000000    0.00033198    0.00056239    0.00250991    0.00156028    0.00090730    0.00275567    0.00418449    0.00367834    0.00000000 
Fr_paral         :   0.00000000    0.00216122    0.00207877   -0.02678788   -0.00645711   -0.00001012    0.00758477    0.02441032    0.00329350    0.00000000 
max(|Fsp_paral|) :   0.00000000    0.00003454    0.00011835    0.00110582    0.00141199    0.00140839    0.00274182    0.00008174    0.00130451    0.00000000 
max(|Fsp_perp|)  :   0.00000000    0.00000000    0.00000000    0.00000000    0.00000000    0.00000000    0.00000000    0.00000000    0.00000000    0.00000000 
max(|FNEB|)      :   0.00000000    0.00029306    0.00052130    0.00253425    0.00091351    0.00090729    0.00255405    0.00427867    0.00360072    0.00000000 
max(|Force|)     :   0.00136476    0.00113719    0.00102208    0.01594692    0.00397583    0.00090731    0.00582757    0.01531334    0.00375684    0.00139060 
ksp              :   0.01000000    0.01000000    0.01184598    0.08675787    0.10000000    0.10000000    0.08595445    0.02552083    0.01000000 
max(|step|)      :   0.00000000    0.00852038    0.00720400    0.02409391    0.02413251    0.02418986    0.02410254    0.02403539    0.05338003    0.00000000 
angle (deg.)     :    28.8724  69.4367  72.5121  36.3352  72.8299  38.9281  55.1774  71.7409 
>
iteration       : 137
climbing        : yes
zoom on         : no
nim             : 10
barrier         :   0.00925379 (image:  5) 
distance        :   0.00000000    4.43328290    8.86548419   12.61209828   13.13675861   13.63449188   14.09958745   14.56218733   16.03411739   19.67429726 
energy          : -1076.60715217  -1076.61478540  -1076.62312280  -1076.60693766  -1076.59926588  -1076.59789839  -1076.59936987  -1076.60560426  -1076.62693044  -1076.63040402 
max(|Fr_perp|)   :   0.00000000    0.00039051    0.00081855    0.00244787    0.00164828    0.00140668    0.00328936    0.00425271    0.00521608    0.00000000 
Fr_paral         :   0.00000000    0.00215426    0.00205958   -0.02673900   -0.00642295   -0.00000292    0.00766308    0.02418022    0.00401328    0.00000000 
max(|Fsp_paral|) :   0.00000000    0.00000406    0.00027550    0.00011765    0.00160742    0.00144055    0.00291498    0.00164182    0.00017589    0.00000000 
max(|Fsp_perp|)  :   0.00000000    0.00000000    0.00000000    0.00000000    0.00000000    0.00000000    0.00000000    0.00000000    0.00000000    0.00000000 
max(|FNEB|)      :   0.00000000    0.00038208    0.00109593    0.00232327    0.00142565    0.00140668    0.00323956    0.00436151    0.00521676    0.00000000 
max(|Force|)     :   0.00136476    0.00119825    0.00140920    0.01585378    0.00405758    0.00140669    0.00537251    0.01466802    0.00519671    0.00139060 
ksp              :   0.01000000    0.01000000    0.01208629    0.08670011    0.10000000    0.10000000    0.08568873    0.02505460    0.01000000 
max(|step|)      :   0.00000000    0.00872840    0.00808651    0.02512898    0.02483782    0.02495478    0.02493130    0.03519850    0.05290740    0.00000000 
angle (deg.)     :    29.0107  68.9830  72.8453  36.5542  73.9355  38.1545  51.3563  70.8985 
>
iteration       : 138
climbing        : yes
zoom on         : no
nim             : 10
barrier         :   0.00918304 (image:  5) 
distance        :   0.00000000    4.42684620    8.86826943   12.65116054   13.17654257   13.67782412   14.14023299   14.59843661   15.97774690   19.61766106 
energy          : -1076.60715217  -1076.61478599  -1076.62315103  -1076.60699710  -1076.59934856  -1076.59796913  -1076.59938596  -1076.60581169  -1076.62668949  -1076.63040402 
max(|Fr_perp|)   :   0.00000000    0.00045920    0.00076545    0.01263058    0.00177704    0.00122113    0.00804408    0.00406374    0.00509804    0.00000000 
Fr_paral         :   0.00000000    0.00220550    0.00200384   -0.02653522   -0.00643215   -0.00000052    0.00754551    0.02458199    0.00460536    0.00000000 
max(|Fsp_paral|) :   0.00000000    0.00005502    0.00024225    0.00106852    0.00174896    0.00175154    0.00285127    0.00428783    0.00149540    0.00000000 
max(|Fsp_perp|)  :   0.00000000    0.00000000    0.00000000    0.00000000    0.00000000    0.00000000    0.00000000    0.00000000    0.00000000    0.00000000 
max(|FNEB|)      :   0.00000000    0.00043110    0.00091518    0.01268065    0.00123054    0.00122113    0.00803606    0.00402503    0.00506579    0.00000000 
max(|Force|)     :   0.00136476    0.00105847    0.00121367    0.01577168    0.00417425    0.00122113    0.00794541    0.01503980    0.00506799    0.00139060 
ksp              :   0.01000000    0.01000000    0.01151982    0.08648067    0.10000000    0.10000000    0.08611415    0.02313764    0.01000000 
max(|step|)      :   0.00000000    0.00087250    0.00144627    0.01224874    0.00217315    0.00220516    0.00938596    0.01350770    0.01152350    0.00000000 
angle (deg.)     :    29.0210  68.9232  72.8944  36.5318  74.4266  38.0995  49.5400  71.0746 
>
iteration       : 139
climbing        : yes
zoom on         : no
nim             : 10
barrier         :   0.00917634 (image:  5) 
distance        :   0.00000000    4.42634130    8.86988572   12.65329893   13.18006180   13.68202076   14.14103221   14.59451138   15.97548444   19.61417251 
energy          : -1076.60715217  -1076.61478625  -1076.62315746  -1076.60709959  -1076.59936146  -1076.59797583  -1076.59935243  -1076.60571585  -1076.62680625  -1076.63040402 
max(|Fr_perp|)   :   0.00000000    0.00027389    0.00063718    0.00854779    0.00177345    0.00083117    0.00730094    0.00267246    0.00648895    0.00000000 
Fr_paral         :   0.00000000    0.00219099    0.00202601   -0.02677697   -0.00644851   -0.00000039    0.00742715    0.02467245    0.00441021    0.00000000 
max(|Fsp_paral|) :   0.00000000    0.00006497    0.00134974    0.00329294    0.00174127    0.00194808    0.00281157    0.00332188    0.00106308    0.00000000 
max(|Fsp_perp|)  :   0.00000000    0.00000000    0.00000000    0.00000000    0.00000000    0.00000000    0.00000000    0.00000000    0.00000000    0.00000000 
max(|FNEB|)      :   0.00000000    0.00032067    0.00198563    0.00860572    0.00086105    0.00083117    0.00744453    0.00316250    0.00649050    0.00000000 
max(|Force|)     :   0.00136476    0.00105564    0.00093190    0.01573499    0.00410557    0.00083117    0.00724801    0.01498571    0.00648731    0.00139060 
ksp              :   0.01000000    0.01000000    0.01051576    0.08640999    0.10000000    0.10000000    0.08649855    0.02408725    0.01000000 
max(|step|)      :   0.00000000    0.00044583    0.00099217    0.00313995    0.00121223    0.00121498    0.00288737    0.00196461    0.00267110    0.00000000 
angle (deg.)     :    29.0335  68.9135  72.8708  36.5090  74.5178  38.1287  49.2512  71.1052 
>
iteration       : 140
climbing        : yes
zoom on         : no
nim             : 10
barrier         :   0.00917274 (image:  5) 
distance        :   0.00000000    4.42626519    8.86839274   12.65619287   13.18104082   13.68301486   14.14127009   14.59264560   15.97451374   19.61229702 
energy          : -1076.60715217  -1076.61478689  -1076.62315543  -1076.60708418  -1076.59936535  -1076.59797943  -1076.59938434  -1076.60568845  -1076.62686692  -1076.63040402 
max(|Fr_perp|)   :   0.00000000    0.00027628    0.00040167    0.00324518    0.00171520    0.00067950    0.00248585    0.00172268    0.00203114    0.00000000 
Fr_paral         :   0.00000000    0.00217987    0.00202346   -0.02685486   -0.00644865   -0.00000057    0.00755679    0.02475014    0.00441707    0.00000000 
max(|Fsp_paral|) :   0.00000000    0.00005993    0.00116597    0.00283726    0.00180481    0.00197842    0.00290445    0.00292249    0.00092601    0.00000000 
max(|Fsp_perp|)  :   0.00000000    0.00000000    0.00000000    0.00000000    0.00000000    0.00000000    0.00000000    0.00000000    0.00000000    0.00000000 
max(|FNEB|)      :   0.00000000    0.00033185    0.00144817    0.00325816    0.00067753    0.00067950    0.00259017    0.00266888    0.00214441    0.00000000 
max(|Force|)     :   0.00136476    0.00109982    0.00077372    0.01575346    0.00411510    0.00067950    0.00557063    0.01514820    0.00265737    0.00139060 
ksp              :   0.01000000    0.01000000    0.01066715    0.08640176    0.10000000    0.10000000    0.08621547    0.02436157    0.01000000 
max(|step|)      :   0.00000000    0.00131839    0.00218630    0.00384376    0.00333622    0.00335533    0.00333703    0.00684430    0.00705910    0.00000000 
angle (deg.)     :    29.0686  68.8788  72.8207  36.4681  74.9768  38.4032  48.0336  71.2836 
>
iteration       : 141
climbing        : yes
zoom on         : no
nim             : 10
barrier         :   0.00916324 (image:  5) 
distance        :   0.00000000    4.42604270    8.86451954   12.66395515   13.18396081   13.68600579   14.14071558   14.58650990   15.97351274   19.60869997 
energy          : -1076.60715217  -1076.61478837  -1076.62314823  -1076.60696452  -1076.59937374  -1076.59798894  -1076.59935712  -1076.60552600  -1076.62695041  -1076.63040402 
max(|Fr_perp|)   :   0.00000000    0.00032432    0.00033313    0.00159355    0.00171711    0.00086260    0.00221505    0.00171518    0.00192664    0.00000000 
Fr_paral         :   0.00000000    0.00216879    0.00203363   -0.02672758   -0.00644046   -0.00000133    0.00742743    0.02460755    0.00412014    0.00000000 
max(|Fsp_paral|) :   0.00000000    0.00004701    0.00017769    0.00003965    0.00196206    0.00214576    0.00287500    0.00141415    0.00011370    0.00000000 
max(|Fsp_perp|)  :   0.00000000    0.00000000    0.00000000    0.00000000    0.00000000    0.00000000    0.00000000    0.00000000    0.00000000    0.00000000 
max(|FNEB|)      :   0.00000000    0.00036696    0.00037942    0.00162630    0.00086866    0.00086260    0.00176147    0.00175205    0.00192313    0.00000000 
max(|Force|)     :   0.00136476    0.00114436    0.00064779    0.01576310    0.00411190    0.00086261    0.00530243    0.01527903    0.00241147    0.00139060 
ksp              :   0.01000000    0.01000000    0.01184310    0.08639872    0.10000000    0.10000000    0.08656187    0.02597200    0.01000000 
max(|step|)      :   0.00000000    0.00128783    0.00101971    0.00299428    0.00294281    0.00296036    0.00338491    0.00575195    0.00618073    0.00000000 
angle (deg.)     :    29.0927  68.8297  72.8190  36.4852  75.4586  38.7782  47.1136  71.4410 
>
iteration       : 142
climbing        : yes
zoom on         : no
nim             : 10
barrier         :   0.00915472 (image:  5) 
distance        :   0.00000000    4.42600871    8.86357966   12.66896268   13.18929201   13.69086580   14.14176841   14.58469302   15.97601516   19.60909432 
energy          : -1076.60715217  -1076.61479000  -1076.62314861  -1076.60695721  -1076.59937590  -1076.59799745  -1076.59932011  -1076.60540017  -1076.62701868  -1076.63040402 
max(|Fr_perp|)   :   0.00000000    0.00030704    0.00039788    0.00346550    0.00170424    0.00076160    0.00296439    0.00170237    0.00261849    0.00000000 
Fr_paral         :   0.00000000    0.00217674    0.00203319   -0.02668211   -0.00641495   -0.00000284    0.00725075    0.02450666    0.00389472    0.00000000 
max(|Fsp_paral|) :   0.00000000    0.00004375    0.00028229    0.00020872    0.00192232    0.00229902    0.00272554    0.00035999    0.00054166    0.00000000 
max(|Fsp_perp|)  :   0.00000000    0.00000000    0.00000000    0.00000000    0.00000000    0.00000000    0.00000000    0.00000000    0.00000000    0.00000000 
max(|FNEB|)      :   0.00000000    0.00034641    0.00056701    0.00349831    0.00076718    0.00076160    0.00290903    0.00145221    0.00262441    0.00000000 
max(|Force|)     :   0.00136476    0.00113072    0.00087343    0.01582562    0.00408684    0.00076161    0.00503975    0.01515378    0.00259947    0.00139060 
ksp              :   0.01000000    0.01000000    0.01191667    0.08644850    0.10000000    0.10000000    0.08699695    0.02722392    0.01000000 
max(|step|)      :   0.00000000    0.00456532    0.00377099    0.01063466    0.01050048    0.01055809    0.01098566    0.01691050    0.02049166    0.00000000 
angle (deg.)     :    29.1888  68.6626  72.8055  36.5909  77.1235  40.2680  44.9417  71.9008 
>
iteration       : 143
climbing        : yes
zoom on         : no
nim             : 10
barrier         :   0.00912603 (image:  5) 
distance        :   0.00000000    4.42612284    8.85930121   12.68756396   13.20768126   13.70769047   14.14577602   14.58741923   15.98523108   19.61345621 
energy          : -1076.60715217  -1076.61479590  -1076.62314376  -1076.60689555  -1076.59938156  -1076.59802614  -1076.59920165  -1076.60502945  -1076.62717083  -1076.63040402 
max(|Fr_perp|)   :   0.00000000    0.00035733    0.00041829    0.00522865    0.00157281    0.00122052    0.00249577    0.00264321    0.00197669    0.00000000 
Fr_paral         :   0.00000000    0.00215727    0.00207327   -0.02653294   -0.00632353   -0.00000709    0.00665752    0.02397607    0.00345547    0.00000000 
max(|Fsp_paral|) :   0.00000000    0.00002677    0.00105987    0.00164635    0.00182764    0.00281417    0.00197255    0.00228484    0.00253467    0.00000000 
max(|Fsp_perp|)  :   0.00000000    0.00000000    0.00000000    0.00000000    0.00000000    0.00000000    0.00000000    0.00000000    0.00000000    0.00000000 
max(|FNEB|)      :   0.00000000    0.00037970    0.00114128    0.00516147    0.00123140    0.00122052    0.00235390    0.00420062    0.00252072    0.00000000 
max(|Force|)     :   0.00136476    0.00117585    0.00081623    0.01587445    0.00391155    0.00122052    0.00517783    0.01475465    0.00208952    0.00139060 
ksp              :   0.01000000    0.01000000    0.01253082    0.08663299    0.10000000    0.10000000    0.08840729    0.03093405    0.01000000 
max(|step|)      :   0.00000000    0.00225216    0.00203818    0.00515567    0.00537274    0.00536220    0.00525342    0.00529626    0.00643236    0.00000000 
angle (deg.)     :    29.2152  68.5584  72.8816  36.7298  77.7801  40.8689  44.6441  71.9508 
>
iteration       : 144
climbing        : yes
zoom on         : no
nim             : 10
barrier         :   0.00911207 (image:  5) 
distance        :   0.00000000    4.42629100    8.86173604   12.69306662   13.21969827   13.71876101   14.15205014   14.60077095   15.98871242   19.61754348 
energy          : -1076.60715217  -1076.61479900  -1076.62315445  -1076.60705182  -1076.59938301  -1076.59804010  -1076.59916456  -1076.60503825  -1076.62720061  -1076.63040402 
max(|Fr_perp|)   :   0.00000000    0.00026380    0.00025983    0.00117652    0.00156539    0.00095300    0.00260702    0.00240339    0.00184603    0.00000000 
Fr_paral         :   0.00000000    0.00219820    0.00203953   -0.02669836   -0.00627233   -0.00000901    0.00644151    0.02408900    0.00365177    0.00000000 
max(|Fsp_paral|) :   0.00000000    0.00003478    0.00065604    0.00201218    0.00155920    0.00299002    0.00141886    0.00162623    0.00243113    0.00000000 
max(|Fsp_perp|)  :   0.00000000    0.00000000    0.00000000    0.00000000    0.00000000    0.00000000    0.00000000    0.00000000    0.00000000    0.00000000 
max(|FNEB|)      :   0.00000000    0.00028678    0.00068142    0.00119239    0.00096653    0.00095300    0.00116490    0.00353949    0.00252921    0.00000000 
max(|Force|)     :   0.00136476    0.00106142    0.00063342    0.01601044    0.00387833    0.00095300    0.00517683    0.01485626    0.00202436    0.00139060 
ksp              :   0.01000000    0.01000000    0.01099124    0.08673609    0.10000000    0.10000000    0.08889369    0.03087926    0.01000000 
max(|step|)      :   0.00000000    0.00238217    0.00157331    0.00528135    0.00524210    0.00526723    0.00526143    0.00529011    0.00671007    0.00000000 
angle (deg.)     :    29.2563  68.4646  72.9189  36.8521  78.3840  41.4595  44.4508  72.0062 
>
iteration       : 145
climbing        : yes
zoom on         : no
nim             : 10
barrier         :   0.00909716 (image:  5) 
distance        :   0.00000000    4.42649652    8.86161211   12.70127978   13.23033293   13.72877188   14.15783835   14.61377294   15.99000595   19.62004321 
energy          : -1076.60715217  -1076.61480239  -1076.62315738  -1076.60709095  -1076.59938818  -1076.59805501  -1076.59913249  -1076.60504895  -1076.62721616  -1076.63040402 
max(|Fr_perp|)   :   0.00000000    0.00026661    0.00035156    0.00286923    0.00156118    0.00109320    0.00259828    0.00277850    0.00190758    0.00000000 
Fr_paral         :   0.00000000    0.00220362    0.00202831   -0.02669688   -0.00622834   -0.00001130    0.00623977    0.02412655    0.00388669    0.00000000 
max(|Fsp_paral|) :   0.00000000    0.00003279    0.00106383    0.00293074    0.00143977    0.00315587    0.00089243    0.00091588    0.00229257    0.00000000 
max(|Fsp_perp|)  :   0.00000000    0.00000000    0.00000000    0.00000000    0.00000000    0.00000000    0.00000000    0.00000000    0.00000000    0.00000000 
max(|FNEB|)      :   0.00000000    0.00028803    0.00094896    0.00288613    0.00110747    0.00109320    0.00167792    0.00288671    0.00256261    0.00000000 
max(|Force|)     :   0.00136476    0.00105303    0.00073377    0.01606345    0.00385086    0.00109320    0.00506711    0.01497622    0.00235304    0.00139060 
ksp              :   0.01000000    0.01000000    0.01060568    0.08681069    0.10000000    0.10000000    0.08934028    0.03080755    0.01000000 
max(|step|)      :   0.00000000    0.01429156    0.01025646    0.03178793    0.03156184    0.03170764    0.03168491    0.03181306    0.03748590    0.00000000 
angle (deg.)     :    29.5283  67.9626  73.0774  37.5269  81.2563  44.5675  44.9575  72.9080 
>
iteration       : 146
climbing        : yes
zoom on         : no
nim             : 10
barrier         :   0.00900779 (image:  5) 
distance        :   0.00000000    4.42790228    8.85621237   12.75586913   13.28943150   13.78591296   14.19798565   14.69048094   16.00461483   19.64861674 
energy          : -1076.60715217  -1076.61482271  -1076.62315707  -1076.60712105  -1076.59943536  -1076.59814438  -1076.59901450  -1076.60509824  -1076.62702353  -1076.63040402 
max(|Fr_perp|)   :   0.00000000    0.00026392    0.00064411    0.00152018    0.00153788    0.00115342    0.00307922    0.00437949    0.00508796    0.00000000 
Fr_paral         :   0.00000000    0.00221045    0.00201962   -0.02659726   -0.00600979   -0.00002334    0.00529808    0.02413000    0.00474775    0.00000000 
max(|Fsp_paral|) :   0.00000000    0.00000156    0.00120750    0.00350222    0.00114523    0.00384659    0.00150485    0.00273598    0.00149688    0.00000000 
max(|Fsp_perp|)  :   0.00000000    0.00000000    0.00000000    0.00000000    0.00000000    0.00000000    0.00000000    0.00000000    0.00000000    0.00000000 
max(|FNEB|)      :   0.00000000    0.00026069    0.00118633    0.00330317    0.00117493    0.00115345    0.00375126    0.00362416    0.00508923    0.00000000 
max(|Force|)     :   0.00136476    0.00104122    0.00080931    0.01605222    0.00370621    0.00115340    0.00435281    0.01500816    0.00508795    0.00139060 
ksp              :   0.01000000    0.01000000    0.01031096    0.08710136    0.10000000    0.10000000    0.09130634    0.03052158    0.01000000 
max(|step|)      :   0.00000000    0.01490272    0.01283149    0.03416810    0.03453374    0.03465307    0.03447607    0.03467026    0.03993645    0.00000000 
angle (deg.)     :    29.8617  67.5603  73.0999  38.0270  81.3985  45.7880  46.7144  74.8800 
>
iteration       : 147
climbing        : yes
zoom on         : no
nim             : 10
barrier         :   0.00892618 (image:  5) 
distance        :   0.00000000    4.42954351    8.84179752   12.82505317   13.34118039   13.84016060   14.25931315   14.75214933   16.01705042   19.68727525 
energy          : -1076.60715217  -1076.61484189  -1076.62312933  -1076.60657741  -1076.59949273  -1076.59822599  -1076.59859319  -1076.60410958  -1076.62525898  -1076.63040402 
max(|Fr_perp|)   :   0.00000000    0.00123935    0.00139020    0.00794340    0.00423705    0.00354708    0.02362175    0.02065262    0.03497094    0.00000000 
Fr_paral         :   0.00000000    0.00206446    0.00204643   -0.02570750   -0.00580596   -0.00004650    0.00284482    0.02071690    0.00233133    0.00000000 
max(|Fsp_paral|) :   0.00000000    0.00006687    0.00559360    0.01003185    0.00172555    0.00354021    0.00220308    0.00228160    0.00637821    0.00000000 
max(|Fsp_perp|)  :   0.00000000    0.00000000    0.00000000    0.00000000    0.00000000    0.00000000    0.00000000    0.00000000    0.00000000    0.00000000 
max(|FNEB|)      :   0.00000000    0.00124141    0.00619503    0.01121886    0.00410490    0.00354736    0.02343746    0.02070265    0.03527572    0.00000000 
max(|Force|)     :   0.00136476    0.00149662    0.00144619    0.01555747    0.00438092    0.00354681    0.02352131    0.02055614    0.03492293    0.00139060 
ksp              :   0.01000000    0.01000000    0.01579519    0.08722787    0.10000000    0.10000000    0.09629767    0.04067749    0.01000000 
max(|step|)      :   0.00000000    0.01102422    0.00951196    0.02523407    0.02549040    0.02558234    0.02544468    0.02561178    0.02953436    0.00000000 
angle (deg.)     :    29.6128  67.8511  73.0805  37.6259  80.6094  44.1486  44.7769  73.2097 
>
iteration       : 148
climbing        : yes
zoom on         : no
nim             : 10
barrier         :   0.00898244 (image:  5) 
distance        :   0.00000000    4.42826246    8.85255390   12.77368525   13.30121629   13.79911679   14.21802223   14.70185650   15.99594283   19.64672970 
energy          : -1076.60715217  -1076.61482830  -1076.62315406  -1076.60700535  -1076.59947066  -1076.59816973  -1076.59911022  -1076.60516609  -1076.62697622  -1076.63040402 
max(|Fr_perp|)   :   0.00000000    0.00031948    0.00057828    0.00135975    0.00159383    0.00092829    0.00226273    0.00281727    0.00322408    0.00000000 
Fr_paral         :   0.00000000    0.00217351    0.00202499   -0.02647219   -0.00601317   -0.00002370    0.00561070    0.02421978    0.00482138    0.00000000 
max(|Fsp_paral|) :   0.00000000    0.00001526    0.00021863    0.00050319    0.00140508    0.00361154    0.00077782    0.00290731    0.00090501    0.00000000 
max(|Fsp_perp|)  :   0.00000000    0.00000000    0.00000000    0.00000000    0.00000000    0.00000000    0.00000000    0.00000000    0.00000000    0.00000000 
max(|FNEB|)      :   0.00000000    0.00029974    0.00064453    0.00120550    0.00094171    0.00092831    0.00280401    0.00300833    0.00323051    0.00000000 
max(|Force|)     :   0.00136476    0.00115496    0.00074403    0.01587591    0.00375295    0.00092827    0.00425532    0.01462774    0.00322682    0.00139060 
ksp              :   0.01000000    0.01000000    0.01147106    0.08696528    0.10000000    0.10000000    0.09057675    0.02989966    0.01000000 
max(|step|)      :   0.00000000    0.00051524    0.00040839    0.00115664    0.00125646    0.00124910    0.00219553    0.00210447    0.00154786    0.00000000 
angle (deg.)     :    29.6214  67.8345  73.0876  37.6301  80.2514  43.8288  44.4907  73.2526 
>
iteration       : 149
climbing        : yes
zoom on         : no
nim             : 10
barrier         :   0.00897903 (image:  5) 
distance        :   0.00000000    4.42826957    8.85252741   12.77576360   13.30246788   13.80084143   14.22283446   14.69993976   15.99248839   19.64404641 
energy          : -1076.60715217  -1076.61482896  -1076.62315582  -1076.60700085  -1076.59947871  -1076.59817315  -1076.59915044  -1076.60515392  -1076.62699507  -1076.63040402 
max(|Fr_perp|)   :   0.00000000    0.00029359    0.00051318    0.00097138    0.00161650    0.00077039    0.00206987    0.00293653    0.00181869    0.00000000 
Fr_paral         :   0.00000000    0.00218092    0.00202237   -0.02647558   -0.00602386   -0.00002290    0.00577284    0.02423259    0.00473322    0.00000000 
max(|Fsp_paral|) :   0.00000000    0.00001543    0.00027924    0.00033397    0.00145682    0.00349300    0.00033802    0.00239569    0.00095315    0.00000000 
max(|Fsp_perp|)  :   0.00000000    0.00000000    0.00000000    0.00000000    0.00000000    0.00000000    0.00000000    0.00000000    0.00000000    0.00000000 
max(|FNEB|)      :   0.00000000    0.00027368    0.00059595    0.00075568    0.00077826    0.00077040    0.00235932    0.00236852    0.00210728    0.00000000 
max(|Force|)     :   0.00136476    0.00113217    0.00067859    0.01583741    0.00377829    0.00077037    0.00431733    0.01442046    0.00285869    0.00139060 
ksp              :   0.01000000    0.01000000    0.01151680    0.08691384    0.10000000    0.10000000    0.09020428    0.03002923    0.01000000 
max(|step|)      :   0.00000000    0.00636871    0.00441607    0.01445596    0.01456878    0.01453156    0.01454702    0.01580346    0.01511689    0.00000000 
angle (deg.)     :    29.7322  67.6175  73.2040  37.8108  78.1839  42.1443  43.1352  73.8759 
>
iteration       : 150
climbing        : yes
zoom on         : no
nim             : 10
barrier         :   0.00893844 (image:  5) 
distance        :   0.00000000    4.42859910    8.85325765   12.80082081   13.32456675   13.82615792   14.26912418   14.70775105   15.97562195   19.63790037 
energy          : -1076.60715217  -1076.61483724  -1076.62316947  -1076.60701459  -1076.59954245  -1076.59821374  -1076.59940160  -1076.60503115  -1076.62691485  -1076.63040402 
max(|Fr_perp|)   :   0.00000000    0.00024374    0.00026481    0.00099599    0.00177913    0.00077698    0.00220239    0.00263357    0.00348781    0.00000000 
Fr_paral         :   0.00000000    0.00220078    0.00198988   -0.02647587   -0.00604686   -0.00001993    0.00663996    0.02395509    0.00416577    0.00000000 
max(|Fsp_paral|) :   0.00000000    0.00001521    0.00020818    0.00023977    0.00170705    0.00267938    0.00233112    0.00065344    0.00132292    0.00000000 
max(|Fsp_perp|)  :   0.00000000    0.00000000    0.00000000    0.00000000    0.00000000    0.00000000    0.00000000    0.00000000    0.00000000    0.00000000 
max(|FNEB|)      :   0.00000000    0.00022722    0.00038274    0.00073075    0.00078869    0.00077697    0.00229746    0.00276055    0.00349585    0.00000000 
max(|Force|)     :   0.00136476    0.00107493    0.00061791    0.01561791    0.00393339    0.00077698    0.00477286    0.01416661    0.00347952    0.00139060 
ksp              :   0.01000000    0.01000000    0.01138532    0.08662132    0.10000000    0.10000000    0.08803958    0.03135628    0.01000000 
max(|step|)      :   0.00000000    0.00546593    0.00409489    0.01269814    0.01282355    0.01284301    0.01281875    0.01357199    0.01246066    0.00000000 
angle (deg.)     :    29.8278  67.4304  73.3140  37.9329  76.7753  40.8755  42.0142  74.3415 
>
iteration       : 151
climbing        : yes
zoom on         : no
nim             : 10
barrier         :   0.00890279 (image:  5) 
distance        :   0.00000000    4.42879256    8.85478647   12.82279485   13.34501710   13.84923015   14.30798793   14.72446852   15.96198191   19.63409978 
energy          : -1076.60715217  -1076.61484420  -1076.62317950  -1076.60704616  -1076.59959433  -1076.59824938  -1076.59960799  -1076.60503457  -1076.62684749  -1076.63040402 
max(|Fr_perp|)   :   0.00000000    0.00024808    0.00029488    0.00139536    0.00189673    0.00065253    0.00224322    0.00149437    0.00156559    0.00000000 
Fr_paral         :   0.00000000    0.00219526    0.00196927   -0.02647802   -0.00606211   -0.00001801    0.00730383    0.02371529    0.00415687    0.00000000 
max(|Fsp_paral|) :   0.00000000    0.00001083    0.00009806    0.00067751    0.00187952    0.00206551    0.00412990    0.00169249    0.00091755    0.00000000 
max(|Fsp_perp|)  :   0.00000000    0.00000000    0.00000000    0.00000000    0.00000000    0.00000000    0.00000000    0.00000000    0.00000000    0.00000000 
max(|FNEB|)      :   0.00000000    0.00023274    0.00025602    0.00086451    0.00065669    0.00065262    0.00244236    0.00258230    0.00200593    0.00000000 
max(|Force|)     :   0.00136476    0.00109794    0.00069530    0.01554191    0.00404677    0.00065245    0.00527545    0.01445038    0.00257719    0.00139060 
ksp              :   0.01000000    0.01000000    0.01107175    0.08640367    0.10000000    0.10000000    0.08626563    0.03140726    0.01000000 
max(|step|)      :   0.00000000    0.00879629    0.00624520    0.02115347    0.02086709    0.02081612    0.02090330    0.02297410    0.02126595    0.00000000 
angle (deg.)     :    29.9821  67.1576  73.4507  38.0132  76.2624  40.0773  40.3196  75.0514 
>
iteration       : 152
climbing        : yes
zoom on         : no
nim             : 10
barrier         :   0.00884577 (image:  5) 
distance        :   0.00000000    4.42902386    8.85601884   12.85987083   13.38064384   13.88710903   14.35377603   14.77429951   15.95101532   19.63771472 
energy          : -1076.60715217  -1076.61485509  -1076.62318900  -1076.60707171  -1076.59965608  -1076.59830640  -1076.59974216  -1076.60530402  -1076.62659711  -1076.63040402 
max(|Fr_perp|)   :   0.00000000    0.00024125    0.00114421    0.00326886    0.00194214    0.00117168    0.00336307    0.00481284    0.01156957    0.00000000 
Fr_paral         :   0.00000000    0.00220855    0.00191641   -0.02638503   -0.00605165   -0.00001961    0.00757849    0.02358595    0.00450856    0.00000000 
max(|Fsp_paral|) :   0.00000000    0.00000789    0.00028793    0.00091829    0.00202328    0.00179399    0.00449114    0.00115656    0.00129215    0.00000000 
max(|Fsp_perp|)  :   0.00000000    0.00000000    0.00000000    0.00000000    0.00000000    0.00000000    0.00000000    0.00000000    0.00000000    0.00000000 
max(|FNEB|)      :   0.00000000    0.00023048    0.00106419    0.00325358    0.00117155    0.00117166    0.00349965    0.00480392    0.01155234    0.00000000 
max(|Force|)     :   0.00136476    0.00105793    0.00129185    0.01561550    0.00408253    0.00117170    0.00542584    0.01452334    0.01153767    0.00139060 
ksp              :   0.01000000    0.01000000    0.01081868    0.08626786    0.10000000    0.10000000    0.08539211    0.02880377    0.01000000 
max(|step|)      :   0.00000000    0.00171146    0.00132792    0.00442215    0.00439720    0.00439283    0.00512102    0.00492152    0.00870596    0.00000000 
angle (deg.)     :    30.0188  67.1040  73.4611  37.9786  76.9331  40.3502  39.3784  75.1694 
>
iteration       : 153
climbing        : yes
zoom on         : no
nim             : 10
barrier         :   0.00883336 (image:  5) 
distance        :   0.00000000    4.42901597    8.85566962   12.86790207   13.38925358   13.89510286   14.35512931   14.78945601   15.95295633   19.64038487 
energy          : -1076.60715217  -1076.61485723  -1076.62319291  -1076.60709205  -1076.59965996  -1076.59831881  -1076.59968713  -1076.60549699  -1076.62673440  -1076.63040402 
max(|Fr_perp|)   :   0.00000000    0.00028057    0.00036623    0.00131754    0.00188111    0.00072838    0.00205499    0.00223505    0.00274199    0.00000000 
Fr_paral         :   0.00000000    0.00218641    0.00194017   -0.02643544   -0.00603545   -0.00002128    0.00732898    0.02397436    0.00499173    0.00000000 
max(|Fsp_paral|) :   0.00000000    0.00000920    0.00050978    0.00138258    0.00197385    0.00206425    0.00358656    0.00350455    0.00244928    0.00000000 
max(|Fsp_perp|)  :   0.00000000    0.00000000    0.00000000    0.00000000    0.00000000    0.00000000    0.00000000    0.00000000    0.00000000    0.00000000 
max(|FNEB|)      :   0.00000000    0.00026684    0.00049295    0.00068158    0.00073414    0.00072837    0.00175194    0.00317739    0.00302299    0.00000000 
max(|Force|)     :   0.00136476    0.00113214    0.00066743    0.01561309    0.00401846    0.00072840    0.00510261    0.01474164    0.00275324    0.00139060 
ksp              :   0.01000000    0.01000000    0.01061258    0.08633551    0.10000000    0.10000000    0.08605873    0.02686405    0.01000000 
max(|step|)      :   0.00000000    0.00075331    0.00076987    0.00190910    0.00174101    0.00173872    0.00279446    0.00452416    0.00349270    0.00000000 
angle (deg.)     :    30.0081  67.1304  73.4356  37.9535  77.3310  40.6211  39.0222  75.1457 
>
iteration       : 154
climbing        : yes
zoom on         : no
nim             : 10
barrier         :   0.00883812 (image:  5) 
distance        :   0.00000000    4.42895599    8.85477194   12.86520274   13.38657928   13.89167390   14.34748218   14.78282971   15.95716366   19.64119431 
energy          : -1076.60715217  -1076.61485624  -1076.62319090  -1076.60707474  -1076.59964909  -1076.59831406  -1076.59964033  -1076.60545221  -1076.62678168  -1076.63040402 
max(|Fr_perp|)   :   0.00000000    0.00028197    0.00036553    0.00120845    0.00185190    0.00080268    0.00198628    0.00183509    0.00316640    0.00000000 
Fr_paral         :   0.00000000    0.00218657    0.00195737   -0.02643100   -0.00602485   -0.00002160    0.00717004    0.02408546    0.00476668    0.00000000 
max(|Fsp_paral|) :   0.00000000    0.00001222    0.00029953    0.00101247    0.00193526    0.00222281    0.00328528    0.00319995    0.00207597    0.00000000 
max(|Fsp_perp|)  :   0.00000000    0.00000000    0.00000000    0.00000000    0.00000000    0.00000000    0.00000000    0.00000000    0.00000000    0.00000000 
max(|FNEB|)      :   0.00000000    0.00026522    0.00035242    0.00092786    0.00080470    0.00080267    0.00139592    0.00274241    0.00317334    0.00000000 
max(|Force|)     :   0.00136476    0.00113325    0.00076033    0.01560540    0.00398741    0.00080270    0.00495831    0.01458309    0.00317754    0.00139060 
ksp              :   0.01000000    0.01000000    0.01078847    0.08640510    0.10000000    0.10000000    0.08649431    0.02731103    0.01000000 
max(|step|)      :   0.00000000    0.00201774    0.00295421    0.00433829    0.00435697    0.00437755    0.01243012    0.01765645    0.01535792    0.00000000 
angle (deg.)     :    29.9749  67.2030  73.3703  37.8865  79.2061  42.1381  37.9160  75.2370 
>
iteration       : 155
climbing        : yes
zoom on         : no
nim             : 10
barrier         :   0.00885033 (image:  5) 
distance        :   0.00000000    4.42867205    8.85247210   12.85820101   13.38180969   13.88371182   14.32141009   14.76302185   15.98181029   19.65203929 
energy          : -1076.60715217  -1076.61485332  -1076.62318421  -1076.60705011  -1076.59960693  -1076.59830184  -1076.59943263  -1076.60518506  -1076.62696819  -1076.63040402 
max(|Fr_perp|)   :   0.00000000    0.00028086    0.00027675    0.00100608    0.00171492    0.00076830    0.00270528    0.00196878    0.00319018    0.00000000 
Fr_paral         :   0.00000000    0.00218661    0.00197351   -0.02640599   -0.00596327   -0.00002273    0.00638652    0.02405909    0.00386394    0.00000000 
max(|Fsp_paral|) :   0.00000000    0.00001895    0.00000705    0.00067463    0.00169981    0.00290675    0.00191009    0.00143959    0.00005810    0.00000000 
max(|Fsp_perp|)  :   0.00000000    0.00000000    0.00000000    0.00000000    0.00000000    0.00000000    0.00000000    0.00000000    0.00000000    0.00000000 
max(|FNEB|)      :   0.00000000    0.00025739    0.00026643    0.00083738    0.00077617    0.00076830    0.00265501    0.00207682    0.00318722    0.00000000 
max(|Force|)     :   0.00136476    0.00113121    0.00071117    0.01574796    0.00383620    0.00076830    0.00463566    0.01403376    0.00318843    0.00139060 
ksp              :   0.01000000    0.01000000    0.01103784    0.08672846    0.10000000    0.10000000    0.08850093    0.03000382    0.01000000 
max(|step|)      :   0.00000000    0.00152215    0.00150068    0.00415321    0.00441639    0.00439118    0.00846484    0.00576570    0.01353275    0.00000000 
angle (deg.)     :    29.9938  67.1482  73.4269  37.9366  79.3179  42.3483  37.7755  75.4453 
>
iteration       : 156
climbing        : yes
zoom on         : no
nim             : 10
barrier         :   0.00884096 (image:  5) 
distance        :   0.00000000    4.42847433    8.85365122   12.86425469   13.38944681   13.89140771   14.32878184   14.76379134   15.99049177   19.65747234 
energy          : -1076.60715217  -1076.61485447  -1076.62318871  -1076.60708859  -1076.59961034  -1076.59831121  -1076.59933700  -1076.60497997  -1076.62669145  -1076.63040402 
max(|Fr_perp|)   :   0.00000000    0.00054032    0.00072573    0.00335656    0.00173931    0.00144189    0.01122738    0.00704166    0.01903271    0.00000000 
Fr_paral         :   0.00000000    0.00221922    0.00194829   -0.02640893   -0.00593907   -0.00002583    0.00589232    0.02361628    0.00349315    0.00000000 
max(|Fsp_paral|) :   0.00000000    0.00001284    0.00046824    0.00162070    0.00164332    0.00293952    0.00193561    0.00024781    0.00118529    0.00000000 
max(|Fsp_perp|)  :   0.00000000    0.00000000    0.00000000    0.00000000    0.00000000    0.00000000    0.00000000    0.00000000    0.00000000    0.00000000 
max(|FNEB|)      :   0.00000000    0.00053777    0.00073869    0.00335943    0.00176368    0.00144191    0.01136516    0.00693699    0.01906758    0.00000000 
max(|Force|)     :   0.00136476    0.00102577    0.00087554    0.01578713    0.00383964    0.00144188    0.01115694    0.01358557    0.01899079    0.00139060 
ksp              :   0.01000000    0.01000000    0.01064728    0.08677502    0.10000000    0.10000000    0.08955753    0.03211274    0.01000000 
max(|step|)      :   0.00000000    0.00051680    0.00072362    0.00179107    0.00186005    0.00184713    0.00620448    0.00514808    0.01050824    0.00000000 
angle (deg.)     :    29.9904  67.1670  73.4026  37.9142  78.8974  41.8821  37.9547  75.2935 
>
iteration       : 157
climbing        : yes
zoom on         : no
nim             : 10
barrier         :   0.00884362 (image:  5) 
distance        :   0.00000000    4.42863387    8.85318093   12.86222478   13.38577093   13.88828866   14.32904497   14.76651141   15.98022990   19.65140383 
energy          : -1076.60715217  -1076.61485444  -1076.62318766  -1076.60706829  -1076.59961833  -1076.59830855  -1076.59947677  -1076.60519343  -1076.62696302  -1076.63040402 
max(|Fr_perp|)   :   0.00000000    0.00025161    0.00026669    0.00087779    0.00174365    0.00066915    0.00206594    0.00084865    0.00172321    0.00000000 
Fr_paral         :   0.00000000    0.00219488    0.00196651   -0.02642751   -0.00597110   -0.00002180    0.00653654    0.02402199    0.00415554    0.00000000 
max(|Fsp_paral|) :   0.00000000    0.00001590    0.00022120    0.00105232    0.00173285    0.00279450    0.00225551    0.00126683    0.00016544    0.00000000 
max(|Fsp_perp|)  :   0.00000000    0.00000000    0.00000000    0.00000000    0.00000000    0.00000000    0.00000000    0.00000000    0.00000000    0.00000000 
max(|FNEB|)      :   0.00000000    0.00023117    0.00023819    0.00066199    0.00067100    0.00066926    0.00109989    0.00092102    0.00172497    0.00000000 
max(|Force|)     :   0.00136476    0.00110568    0.00062139    0.01571284    0.00386583    0.00066904    0.00465904    0.01397315    0.00207635    0.00139060 
ksp              :   0.01000000    0.01000000    0.01085363    0.08667068    0.10000000    0.10000000    0.08811131    0.02993378    0.01000000 
max(|step|)      :   0.00000000    0.00024887    0.00021160    0.00066148    0.00066485    0.00066384    0.00066085    0.00083627    0.00058560    0.00000000 
angle (deg.)     :    29.9953  67.1595  73.4076  37.9190  78.9125  41.9040  37.9236  75.3187 
>
iteration       : 158
climbing        : yes
zoom on         : no
nim             : 10
barrier         :   0.00884179 (image:  5) 
distance        :   0.00000000    4.42859993    8.85308804   12.86349825   13.38684157   13.88939998   14.33008484   14.76668133   15.98116758   19.65182070 
energy          : -1076.60715217  -1076.61485468  -1076.62318778  -1076.60706489  -1076.59962000  -1076.59831038  -1076.59947848  -1076.60517740  -1076.62696992  -1076.63040402 
max(|Fr_perp|)   :   0.00000000    0.00025505    0.00026554    0.00089385    0.00174750    0.00066051    0.00205495    0.00076871    0.00107646    0.00000000 
Fr_paral         :   0.00000000    0.00219399    0.00196718   -0.02642467   -0.00597004   -0.00002154    0.00653418    0.02398575    0.00420512    0.00000000 
max(|Fsp_paral|) :   0.00000000    0.00001600    0.00017443    0.00095509    0.00174060    0.00279963    0.00228192    0.00109261    0.00006489    0.00000000 
max(|Fsp_perp|)  :   0.00000000    0.00000000    0.00000000    0.00000000    0.00000000    0.00000000    0.00000000    0.00000000    0.00000000    0.00000000 
max(|FNEB|)      :   0.00000000    0.00023451    0.00021809    0.00065521    0.00066214    0.00066061    0.00066767    0.00070787    0.00107889    0.00000000 
max(|Force|)     :   0.00136476    0.00110890    0.00062067    0.01569795    0.00386909    0.00066040    0.00464733    0.01398429    0.00204598    0.00139060 
ksp              :   0.01000000    0.01000000    0.01088844    0.08666942    0.10000000    0.10000000    0.08810999    0.03010110    0.01000000 
max(|step|)      :   0.00000000    0.00376049    0.00304730    0.00996414    0.01000127    0.00998578    0.00994725    0.01146252    0.00875079    0.00000000 
angle (deg.)     :    30.0642  67.0412  73.4981  38.0011  79.3036  42.3643  37.4937  75.6838 
>
iteration       : 159
climbing        : yes
zoom on         : no
nim             : 10
barrier         :   0.00881455 (image:  5) 
distance        :   0.00000000    4.42806264    8.85255001   12.88222239   13.40416578   13.90707327   14.34536657   14.77214262   15.99724726   19.65981933 
energy          : -1076.60715217  -1076.61485817  -1076.62319145  -1076.60704692  -1076.59964158  -1076.59833762  -1076.59947558  -1076.60494813  -1076.62702277  -1076.63040402 
max(|Fr_perp|)   :   0.00000000    0.00027668    0.00030787    0.00110259    0.00179541    0.00079823    0.00205288    0.00114976    0.00323856    0.00000000 
Fr_paral         :   0.00000000    0.00218877    0.00196536   -0.02640826   -0.00594358   -0.00002240    0.00637476    0.02344772    0.00478688    0.00000000 
max(|Fsp_paral|) :   0.00000000    0.00001395    0.00011577    0.00035043    0.00179070    0.00292648    0.00245079    0.00119088    0.00140061    0.00000000 
max(|Fsp_perp|)  :   0.00000000    0.00000000    0.00000000    0.00000000    0.00000000    0.00000000    0.00000000    0.00000000    0.00000000    0.00000000 
max(|FNEB|)      :   0.00000000    0.00025819    0.00038275    0.00077132    0.00080223    0.00079823    0.00199806    0.00204919    0.00323567    0.00000000 
max(|Force|)     :   0.00136476    0.00113046    0.00070261    0.01555386    0.00390484    0.00079823    0.00457337    0.01404489    0.00324050    0.00139060 
ksp              :   0.01000000    0.01000000    0.01107465    0.08668610    0.10000000    0.10000000    0.08838099    0.03250415    0.01000000 
max(|step|)      :   0.00000000    0.00408134    0.00320625    0.01072762    0.01077787    0.01074671    0.01074597    0.01073223    0.00919112    0.00000000 
angle (deg.)     :    30.1377  66.9140  73.6049  38.0892  79.7674  42.8467  37.1756  75.9875 
>
iteration       : 160
climbing        : yes
zoom on         : no
nim             : 10
barrier         :   0.00878520 (image:  5) 
distance        :   0.00000000    4.42751342    8.85248950   12.90230923   13.42349251   13.92675739   14.36229288   14.78509340   16.01199223   19.66770248 
energy          : -1076.60715217  -1076.61486196  -1076.62319622  -1076.60704446  -1076.59966421  -1076.59836697  -1076.59947163  -1076.60481270  -1076.62703807  -1076.63040402 
max(|Fr_perp|)   :   0.00000000    0.00027431    0.00034225    0.00126642    0.00183582    0.00080829    0.00216666    0.00135896    0.00239209    0.00000000 
Fr_paral         :   0.00000000    0.00219014    0.00195746   -0.02640069   -0.00591555   -0.00002144    0.00620234    0.02304832    0.00532046    0.00000000 
max(|Fsp_paral|) :   0.00000000    0.00000992    0.00021791    0.00012799    0.00182025    0.00306809    0.00239084    0.00234728    0.00225548    0.00000000 
max(|Fsp_perp|)  :   0.00000000    0.00000000    0.00000000    0.00000000    0.00000000    0.00000000    0.00000000    0.00000000    0.00000000    0.00000000 
max(|FNEB|)      :   0.00000000    0.00025984    0.00048375    0.00102809    0.00081154    0.00080829    0.00183383    0.00359372    0.00307762    0.00000000 
max(|Force|)     :   0.00136476    0.00113076    0.00073375    0.01545846    0.00393299    0.00080829    0.00461440    0.01410668    0.00375262    0.00139060 
ksp              :   0.01000000    0.01000000    0.01110346    0.08671046    0.10000000    0.10000000    0.08868341    0.03396674    0.01000000 
max(|step|)      :   0.00000000    0.01864689    0.01512153    0.04914582    0.04930381    0.04917123    0.04920224    0.04917906    0.04190655    0.00000000 
angle (deg.)     :    30.4743  66.3631  74.1305  38.4922  82.0840  45.0048  36.5141  77.2907 
>
iteration       : 161
climbing        : yes
zoom on         : no
nim             : 10
barrier         :   0.00865183 (image:  5) 
distance        :   0.00000000    4.42532483    8.85547833   12.99497931   13.51727051   14.02186873   14.44533229   14.87454232   16.07801510   19.71169622 
energy          : -1076.60715217  -1076.61487937  -1076.62322173  -1076.60711465  -1076.59975980  -1076.59850034  -1076.59943456  -1076.60459335  -1076.62658935  -1076.63040402 
max(|Fr_perp|)   :   0.00000000    0.00028252    0.00042578    0.00626022    0.00191938    0.00101236    0.00514415    0.00800515    0.01519865    0.00000000 
Fr_paral         :   0.00000000    0.00219068    0.00189151   -0.02633384   -0.00577121   -0.00001924    0.00533436    0.02203033    0.00679289    0.00000000 
max(|Fsp_paral|) :   0.00000000    0.00001910    0.00039844    0.00136348    0.00179222    0.00366053    0.00137415    0.00290670    0.00344338    0.00000000 
max(|Fsp_perp|)  :   0.00000000    0.00000000    0.00000000    0.00000000    0.00000000    0.00000000    0.00000000    0.00000000    0.00000000    0.00000000 
max(|FNEB|)      :   0.00000000    0.00029217    0.00049619    0.00630021    0.00128285    0.00101238    0.00511118    0.00800496    0.01521258    0.00000000 
max(|Force|)     :   0.00136476    0.00114396    0.00077691    0.01570266    0.00395808    0.00101235    0.00508611    0.01446076    0.01518705    0.00139060 
ksp              :   0.01000000    0.01000000    0.01039031    0.08689855    0.10000000    0.10000000    0.09028185    0.03661796    0.01000000 
max(|step|)      :   0.00000000    0.01612661    0.01289758    0.04276018    0.04298852    0.04286582    0.04280186    0.04278602    0.03566650    0.00000000 
angle (deg.)     :    30.7807  65.9568  74.5574  38.7896  84.0350  46.7501  36.8033  78.6984 
>
iteration       : 162
climbing        : yes
zoom on         : no
nim             : 10
barrier         :   0.00853762 (image:  5) 
distance        :   0.00000000    4.42385861    8.85835943   13.07852476   13.60110822   14.10705441   14.52243202   14.96602028   16.14158977   19.76348551 
energy          : -1076.60715217  -1076.61489461  -1076.62323934  -1076.60718824  -1076.59984252  -1076.59861455  -1076.59944125  -1076.60464285  -1076.62615606  -1076.63040402 
max(|Fr_perp|)   :   0.00000000    0.00022926    0.00039704    0.00215008    0.00195706    0.00073617    0.00346926    0.00307445    0.00661744    0.00000000 
Fr_paral         :   0.00000000    0.00220769    0.00185621   -0.02640490   -0.00565441   -0.00001793    0.00475951    0.02166145    0.00747054    0.00000000 
max(|Fsp_paral|) :   0.00000000    0.00004249    0.00067028    0.00189855    0.00179767    0.00404554    0.00038583    0.00128741    0.00294250    0.00000000 
max(|Fsp_perp|)  :   0.00000000    0.00000000    0.00000000    0.00000000    0.00000000    0.00000000    0.00000000    0.00000000    0.00000000    0.00000000 
max(|FNEB|)      :   0.00000000    0.00026045    0.00061477    0.00214408    0.00073285    0.00073618    0.00352197    0.00442121    0.00664818    0.00000000 
max(|Force|)     :   0.00136476    0.00110394    0.00063427    0.01577877    0.00394977    0.00073615    0.00454829    0.01465890    0.00706043    0.00139060 
ksp              :   0.01000000    0.01000000    0.01000000    0.08705523    0.10000000    0.10000000    0.09128531    0.03645220    0.01000000 
max(|step|)      :   0.00000000    0.00234299    0.00211905    0.00626001    0.00628346    0.00626846    0.00624815    0.00738055    0.00661860    0.00000000 
angle (deg.)     :    30.7390  66.0192  74.4682  38.6936  83.5072  46.2052  36.1828  78.2830 
>
iteration       : 163
climbing        : yes
zoom on         : no
nim             : 10
barrier         :   0.00855422 (image:  5) 
distance        :   0.00000000    4.42417626    8.85686880   13.06643221   13.58766358   14.09340248   14.51190125   14.95609866   16.12132992   19.74602914 
energy          : -1076.60715217  -1076.61489268  -1076.62323566  -1076.60715478  -1076.59983261  -1076.59859796  -1076.59947832  -1076.60481005  -1076.62634158  -1076.63040402 
max(|Fr_perp|)   :   0.00000000    0.00022669    0.00035012    0.00172500    0.00191109    0.00070012    0.00270778    0.00255621    0.00428393    0.00000000 
Fr_paral         :   0.00000000    0.00220743    0.00187642   -0.02638707   -0.00568405   -0.00001715    0.00503423    0.02219960    0.00731480    0.00000000 
max(|Fsp_paral|) :   0.00000000    0.00003395    0.00069640    0.00187209    0.00184260    0.00389772    0.00057416    0.00003278    0.00182531    0.00000000 
max(|Fsp_perp|)  :   0.00000000    0.00000000    0.00000000    0.00000000    0.00000000    0.00000000    0.00000000    0.00000000    0.00000000    0.00000000 
max(|FNEB|)      :   0.00000000    0.00025501    0.00070326    0.00171674    0.00069448    0.00070021    0.00220167    0.00268513    0.00429469    0.00000000 
max(|Force|)     :   0.00136476    0.00110570    0.00071404    0.01557172    0.00391691    0.00070004    0.00449447    0.01456765    0.00627405    0.00139060 
ksp              :   0.01000000    0.01000000    0.01000000    0.08701008    0.10000000    0.10000000    0.09073757    0.03464174    0.01000000 
max(|step|)      :   0.00000000    0.00177671    0.00305016    0.00722111    0.00450688    0.00453810    0.01013144    0.01832185    0.01798134    0.00000000 
angle (deg.)     :    30.7886  66.0152  74.3883  38.5437  82.6867  45.2548  34.4761  77.9263 
>
iteration       : 164
climbing        : yes
zoom on         : no
nim             : 10
barrier         :   0.00854258 (image:  5) 
distance        :   0.00000000    4.42454686    8.85163237   13.07799139   13.59272083   14.09841077   14.52574936   14.97162887   16.09678499   19.72451976 
energy          : -1076.60715217  -1076.61489538  -1076.62322447  -1076.60699703  -1076.59984295  -1076.59860959  -1076.59958877  -1076.60515739  -1076.62647352  -1076.63040402 
max(|Fr_perp|)   :   0.00000000    0.00025012    0.00049117    0.00177974    0.00176000    0.00118480    0.00223664    0.00642752    0.00333423    0.00000000 
Fr_paral         :   0.00000000    0.00220020    0.00188953   -0.02615426   -0.00569289   -0.00001437    0.00551946    0.02314042    0.00613431    0.00000000 
max(|Fsp_paral|) :   0.00000000    0.00001013    0.00152865    0.00249515    0.00204542    0.00348325    0.00102584    0.00283736    0.00060552    0.00000000 
max(|Fsp_perp|)  :   0.00000000    0.00000000    0.00000000    0.00000000    0.00000000    0.00000000    0.00000000    0.00000000    0.00000000    0.00000000 
max(|FNEB|)      :   0.00000000    0.00025563    0.00170698    0.00325577    0.00119065    0.00118481    0.00148754    0.00647095    0.00328285    0.00000000 
max(|Force|)     :   0.00136476    0.00112809    0.00076534    0.01553727    0.00377305    0.00118480    0.00428786    0.01383217    0.00340132    0.00139060 
ksp              :   0.01000000    0.01000000    0.01163446    0.08700602    0.10000000    0.10000000    0.08968397    0.03101599    0.01000000 
max(|step|)      :   0.00000000    0.00135238    0.00202044    0.00503768    0.00400223    0.00400454    0.00757202    0.00862430    0.00893230    0.00000000 
angle (deg.)     :    30.8025  65.9439  74.4607  38.6271  82.1034  44.5902  33.6589  77.8887 
>
iteration       : 165
climbing        : yes
zoom on         : no
nim             : 10
barrier         :   0.00853322 (image:  5) 
distance        :   0.00000000    4.42478614    8.85589995   13.08079278   13.60361652   14.10867771   14.54343292   14.97873672   16.09577500   19.72327035 
energy          : -1076.60715217  -1076.61489730  -1076.62323645  -1076.60718136  -1076.59984378  -1076.59861895  -1076.59967395  -1076.60513706  -1076.62653691  -1076.63040402 
max(|Fr_perp|)   :   0.00000000    0.00022542    0.00025646    0.00245608    0.00167485    0.00076642    0.00239218    0.00716910    0.00325604    0.00000000 
Fr_paral         :   0.00000000    0.00220636    0.00187507   -0.02629866   -0.00566293   -0.00001010    0.00587543    0.02315617    0.00522806    0.00000000 
max(|Fsp_paral|) :   0.00000000    0.00002527    0.00064546    0.00185564    0.00175755    0.00311996    0.00183296    0.00213594    0.00059653    0.00000000 
max(|Fsp_perp|)  :   0.00000000    0.00000000    0.00000000    0.00000000    0.00000000    0.00000000    0.00000000    0.00000000    0.00000000    0.00000000 
max(|FNEB|)      :   0.00000000    0.00024609    0.00067470    0.00245306    0.00077393    0.00076642    0.00074904    0.00721668    0.00325976    0.00000000 
max(|Force|)     :   0.00136476    0.00110647    0.00061896    0.01577416    0.00367433    0.00076642    0.00460791    0.01413759    0.00343237    0.00139060 
ksp              :   0.01000000    0.01000000    0.01000000    0.08708170    0.10000000    0.10000000    0.08887292    0.03125338    0.01000000 
max(|step|)      :   0.00000000    0.00030335    0.00024636    0.00113333    0.00077657    0.00078291    0.00083601    0.00319450    0.00146543    0.00000000 
angle (deg.)     :    30.8084  65.9346  74.4607  38.6458  82.0336  44.5052  33.6188  77.9138 
>
iteration       : 166
climbing        : yes
zoom on         : no
nim             : 10
barrier         :   0.00853103 (image:  5) 
distance        :   0.00000000    4.42484875    8.85600741   13.08205864   13.60517191   14.11026702   14.54589351   14.97779068   16.09741969   19.72396820 
energy          : -1076.60715217  -1076.61489777  -1076.62323708  -1076.60719222  -1076.59984618  -1076.59862114  -1076.59968621  -1076.60513090  -1076.62657643  -1076.63040402 
max(|Fr_perp|)   :   0.00000000    0.00023195    0.00033276    0.00083543    0.00168469    0.00069639    0.00238166    0.00174529    0.00158562    0.00000000 
Fr_paral         :   0.00000000    0.00220503    0.00188037   -0.02632429   -0.00565935   -0.00001020    0.00592298    0.02322183    0.00527054    0.00000000 
max(|Fsp_paral|) :   0.00000000    0.00002520    0.00064220    0.00186219    0.00174909    0.00308567    0.00200588    0.00184817    0.00052339    0.00000000 
max(|Fsp_perp|)  :   0.00000000    0.00000000    0.00000000    0.00000000    0.00000000    0.00000000    0.00000000    0.00000000    0.00000000    0.00000000 
max(|FNEB|)      :   0.00000000    0.00025255    0.00065120    0.00143537    0.00069219    0.00069644    0.00069436    0.00176015    0.00152433    0.00000000 
max(|Force|)     :   0.00136476    0.00111261    0.00069625    0.01573438    0.00368089    0.00069634    0.00462252    0.01403208    0.00329787    0.00139060 
ksp              :   0.01000000    0.01000000    0.01000000    0.08707622    0.10000000    0.10000000    0.08876383    0.03132390    0.01000000 
max(|step|)      :   0.00000000    0.00124397    0.00096128    0.00317083    0.00313006    0.00315635    0.00379253    0.00523660    0.00467617    0.00000000 
angle (deg.)     :    30.8327  65.9024  74.4570  38.7001  81.7467  44.1875  33.4729  77.9878 
>
iteration       : 167
climbing        : yes
zoom on         : no
nim             : 10
barrier         :   0.00852249 (image:  5) 
distance        :   0.00000000    4.42510763    8.85592876   13.08761082   13.61121204   14.11641500   14.55582656   14.97694866   16.10193753   19.72573063 
energy          : -1076.60715217  -1076.61489965  -1076.62323767  -1076.60720272  -1076.59985462  -1076.59862969  -1076.59973435  -1076.60503021  -1076.62664057  -1076.63040402 
max(|Fr_perp|)   :   0.00000000    0.00024273    0.00036620    0.00146104    0.00169879    0.00068752    0.00239301    0.00414198    0.00220485    0.00000000 
Fr_paral         :   0.00000000    0.00220264    0.00188709   -0.02632130   -0.00564604   -0.00000922    0.00611054    0.02301387    0.00516504    0.00000000 
max(|Fsp_paral|) :   0.00000000    0.00002283    0.00062418    0.00184964    0.00173440    0.00292925    0.00262235    0.00042047    0.00009742    0.00000000 
max(|Fsp_perp|)  :   0.00000000    0.00000000    0.00000000    0.00000000    0.00000000    0.00000000    0.00000000    0.00000000    0.00000000    0.00000000 
max(|FNEB|)      :   0.00000000    0.00026095    0.00056753    0.00147955    0.00068757    0.00068751    0.00068262    0.00415480    0.00220203    0.00000000 
max(|Force|)     :   0.00136476    0.00112300    0.00073053    0.01568180    0.00368378    0.00068752    0.00472907    0.01385453    0.00299580    0.00139060 
ksp              :   0.01000000    0.01000000    0.01000000    0.08706437    0.10000000    0.10000000    0.08833442    0.03240861    0.01000000 
max(|step|)      :   0.00000000    0.00155429    0.00141945    0.00403676    0.00396435    0.00397553    0.00398411    0.00531386    0.00524324    0.00000000 
angle (deg.)     :    30.8660  65.8728  74.4356  38.7554  81.5708  43.9520  33.5610  78.0590 
>
iteration       : 168
climbing        : yes
zoom on         : no
nim             : 10
barrier         :   0.00851206 (image:  5) 
distance        :   0.00000000    4.42543300    8.85469752   13.09535370   13.61757149   14.12310363   14.56525756   14.97848454   16.10759494   19.72795344 
energy          : -1076.60715217  -1076.61490195  -1076.62323543  -1076.60717050  -1076.59986698  -1076.59864011  -1076.59977314  -1076.60495968  -1076.62668796  -1076.63040402 
max(|Fr_perp|)   :   0.00000000    0.00024494    0.00033545    0.00186842    0.00172900    0.00077937    0.00233913    0.00517893    0.00269754    0.00000000 
Fr_paral         :   0.00000000    0.00220213    0.00189416   -0.02626601   -0.00563493   -0.00001011    0.00624894    0.02284596    0.00528963    0.00000000 
max(|Fsp_paral|) :   0.00000000    0.00001532    0.00059171    0.00171994    0.00178731    0.00283252    0.00308324    0.00062217    0.00055848    0.00000000 
max(|Fsp_perp|)  :   0.00000000    0.00000000    0.00000000    0.00000000    0.00000000    0.00000000    0.00000000    0.00000000    0.00000000    0.00000000 
max(|FNEB|)      :   0.00000000    0.00025565    0.00051353    0.00188904    0.00078111    0.00077936    0.00113977    0.00518976    0.00269123    0.00000000 
max(|Force|)     :   0.00136476    0.00112572    0.00070014    0.01558674    0.00370159    0.00077937    0.00475318    0.01356297    0.00271596    0.00139060 
ksp              :   0.01000000    0.01000000    0.01000000    0.08702798    0.10000000    0.10000000    0.08802016    0.03318174    0.01000000 
max(|step|)      :   0.00000000    0.00461720    0.00474580    0.01235138    0.01218487    0.01221230    0.01222322    0.01227199    0.01395501    0.00000000 
angle (deg.)     :    30.9731  65.8074  74.3615  38.9354  81.8048  43.8394  34.2119  78.2148 
>
iteration       : 169
climbing        : yes
zoom on         : no
nim             : 10
barrier         :   0.00848087 (image:  5) 
distance        :   0.00000000    4.42627721    8.84859282   13.12029539   13.63633567   14.14237748   14.58559488   14.99720735   16.12522684   19.73660681 
energy          : -1076.60715217  -1076.61490850  -1076.62322193  -1076.60700701  -1076.59989799  -1076.59867131  -1076.59980380  -1076.60496405  -1076.62672558  -1076.63040402 
max(|Fr_perp|)   :   0.00000000    0.00023813    0.00030056    0.00211337    0.00180397    0.00071235    0.00216818    0.00175401    0.00273747    0.00000000 
Fr_paral         :   0.00000000    0.00220311    0.00190283   -0.02600921   -0.00558276   -0.00000988    0.00628606    0.02280948    0.00545349    0.00000000 
max(|Fsp_paral|) :   0.00000000    0.00001588    0.00159517    0.00249388    0.00197604    0.00283955    0.00323114    0.00071673    0.00060725    0.00000000 
max(|Fsp_perp|)  :   0.00000000    0.00000000    0.00000000    0.00000000    0.00000000    0.00000000    0.00000000    0.00000000    0.00000000    0.00000000 
max(|FNEB|)      :   0.00000000    0.00021759    0.00166192    0.00329994    0.00071353    0.00071234    0.00228328    0.00173460    0.00281145    0.00000000 
max(|Force|)     :   0.00136476    0.00112143    0.00066327    0.01524105    0.00373333    0.00071235    0.00458403    0.01336216    0.00259400    0.00139060 
ksp              :   0.01000000    0.01000000    0.01154047    0.08698225    0.10000000    0.10000000    0.08798189    0.03322064    0.01000000 
max(|step|)      :   0.00000000    0.00190632    0.00266993    0.00526274    0.00521420    0.00522183    0.00521841    0.00520790    0.00485359    0.00000000 
angle (deg.)     :    30.9963  65.7249  74.4417  39.1257  82.2233  44.0326  34.4042  78.2490 
>
iteration       : 170
climbing        : yes
zoom on         : no
nim             : 10
barrier         :   0.00846765 (image:  5) 
distance        :   0.00000000    4.42650493    8.85284264   13.12635855   13.64976280   14.15565620   14.59636643   15.01480313   16.13801950   19.74560102 
energy          : -1076.60715217  -1076.61491096  -1076.62323390  -1076.60718013  -1076.59990706  -1076.59868452  -1076.59978165  -1076.60502710  -1076.62672021  -1076.63040402 
max(|Fr_perp|)   :   0.00000000    0.00022686    0.00049699    0.00211129    0.00184198    0.00064735    0.00326801    0.00171180    0.00394228    0.00000000 
Fr_paral         :   0.00000000    0.00220619    0.00186141   -0.02616382   -0.00554715   -0.00001077    0.00614298    0.02289364    0.00575088    0.00000000 
max(|Fsp_paral|) :   0.00000000    0.00000067    0.00048208    0.00158550    0.00173558    0.00295991    0.00282683    0.00020601    0.00023567    0.00000000 
max(|Fsp_perp|)  :   0.00000000    0.00000000    0.00000000    0.00000000    0.00000000    0.00000000    0.00000000    0.00000000    0.00000000    0.00000000 
max(|FNEB|)      :   0.00000000    0.00022154    0.00047215    0.00213275    0.00064594    0.00064735    0.00321474    0.00181654    0.00392475    0.00000000 
max(|Force|)     :   0.00136476    0.00111230    0.00063133    0.01543626    0.00374841    0.00064736    0.00441940    0.01365612    0.00411225    0.00139060 
ksp              :   0.01000000    0.01000000    0.01000000    0.08700598    0.10000000    0.10000000    0.08833895    0.03258669    0.01000000 
max(|step|)      :   0.00000000    0.00144664    0.00115458    0.00395513    0.00391733    0.00392493    0.00392992    0.00394606    0.00368224    0.00000000 
angle (deg.)     :    31.0238  65.6871  74.4573  39.2158  82.4561  44.1359  34.5384  78.3053 
>
iteration       : 171
climbing        : yes
zoom on         : no
nim             : 10
barrier         :   0.00845766 (image:  5) 
distance        :   0.00000000    4.42670358    8.85320764   13.13298630   13.65757747   14.16357040   14.60311500   15.02477913   16.14591212   19.75074530 
energy          : -1076.60715217  -1076.61491288  -1076.62323566  -1076.60720817  -1076.59991586  -1076.59869452  -1076.59978310  -1076.60506039  -1076.62671770  -1076.63040402 
max(|Fr_perp|)   :   0.00000000    0.00022974    0.00029759    0.00118852    0.00186436    0.00064675    0.00193872    0.00126919    0.00174234    0.00000000 
Fr_paral         :   0.00000000    0.00220532    0.00186097   -0.02618745   -0.00552796   -0.00001067    0.00611396    0.02294280    0.00577793    0.00000000 
max(|Fsp_paral|) :   0.00000000    0.00000080    0.00046353    0.00160758    0.00169785    0.00302417    0.00265414    0.00063408    0.00005314    0.00000000 
max(|Fsp_perp|)  :   0.00000000    0.00000000    0.00000000    0.00000000    0.00000000    0.00000000    0.00000000    0.00000000    0.00000000    0.00000000 
max(|FNEB|)      :   0.00000000    0.00022429    0.00043933    0.00120630    0.00064628    0.00064674    0.00154573    0.00113217    0.00173699    0.00000000 
max(|Force|)     :   0.00136476    0.00111551    0.00061032    0.01541817    0.00375736    0.00064675    0.00434815    0.01372872    0.00268004    0.00139060 
ksp              :   0.01000000    0.01000000    0.01000000    0.08700336    0.10000000    0.10000000    0.08841612    0.03225914    0.01000000 
max(|step|)      :   0.00000000    0.00423842    0.00329947    0.01158658    0.01150544    0.01152511    0.01153960    0.01158130    0.01082895    0.00000000 
angle (deg.)     :    31.1061  65.5873  74.4931  39.4407  83.1402  44.5227  34.7494  78.5230 
>
iteration       : 172
climbing        : yes
zoom on         : no
nim             : 10
barrier         :   0.00842838 (image:  5) 
distance        :   0.00000000    4.42725986    8.85363952   13.15336351   13.67951623   14.18611293   14.62211695   15.05219470   16.16956153   19.76623804 
energy          : -1076.60715217  -1076.61491841  -1076.62323833  -1076.60724609  -1076.59994400  -1076.59872380  -1076.59976689  -1076.60513233  -1076.62667062  -1076.63040402 
max(|Fr_perp|)   :   0.00000000    0.00023503    0.00028381    0.00117012    0.00191452    0.00069075    0.00194284    0.00132778    0.00103697    0.00000000 
Fr_paral         :   0.00000000    0.00220366    0.00186157   -0.02618982   -0.00548224   -0.00001231    0.00592920    0.02306335    0.00577589    0.00000000 
max(|Fsp_paral|) :   0.00000000    0.00000354    0.00040167    0.00156111    0.00166269    0.00323360    0.00213696    0.00167640    0.00031189    0.00000000 
max(|Fsp_perp|)  :   0.00000000    0.00000000    0.00000000    0.00000000    0.00000000    0.00000000    0.00000000    0.00000000    0.00000000    0.00000000 
max(|FNEB|)      :   0.00000000    0.00022683    0.00033485    0.00087120    0.00069293    0.00069075    0.00069236    0.00177236    0.00101039    0.00000000 
max(|Force|)     :   0.00136476    0.00112214    0.00065536    0.01536327    0.00377479    0.00069075    0.00429664    0.01383499    0.00290142    0.00139060 
ksp              :   0.01000000    0.01000000    0.01000000    0.08697039    0.10000000    0.10000000    0.08886165    0.03156832    0.01000000 
max(|step|)      :   0.00000000    0.00450276    0.00380499    0.01247392    0.01243946    0.01245210    0.01246967    0.01247350    0.01174211    0.00000000 
angle (deg.)     :    31.1971  65.5017  74.5099  39.5913  83.7468  44.9851  34.4981  78.8249 
>
iteration       : 173
climbing        : yes
zoom on         : no
nim             : 10
barrier         :   0.00839712 (image:  5) 
distance        :   0.00000000    4.42777593    8.85277035   13.17684149   13.70104807   14.20873325   14.64179770   15.07518289   16.19414276   19.78141724 
energy          : -1076.60715217  -1076.61492408  -1076.62323743  -1076.60721237  -1076.59997765  -1076.59875505  -1076.59975829  -1076.60513193  -1076.62662448  -1076.63040402 
max(|Fr_perp|)   :   0.00000000    0.00023110    0.00027517    0.00112479    0.00192890    0.00063579    0.00194609    0.00573586    0.00305891    0.00000000 
Fr_paral         :   0.00000000    0.00220457    0.00186257   -0.02608649   -0.00545449   -0.00001422    0.00575566    0.02304703    0.00560728    0.00000000 
max(|Fsp_paral|) :   0.00000000    0.00001122    0.00032112    0.00130405    0.00175853    0.00342943    0.00183080    0.00186241    0.00020466    0.00000000 
max(|Fsp_perp|)  :   0.00000000    0.00000000    0.00000000    0.00000000    0.00000000    0.00000000    0.00000000    0.00000000    0.00000000    0.00000000 
max(|FNEB|)      :   0.00000000    0.00021521    0.00028860    0.00062574    0.00063774    0.00063586    0.00114196    0.00576601    0.00304441    0.00000000 
max(|Force|)     :   0.00136476    0.00112071    0.00062686    0.01537416    0.00376751    0.00063572    0.00422300    0.01376611    0.00310632    0.00139060 
ksp              :   0.01000000    0.01000000    0.01000000    0.08689627    0.10000000    0.10000000    0.08924735    0.03165288    0.01000000 
max(|step|)      :   0.00000000    0.00769671    0.00665116    0.02132079    0.02129973    0.02131935    0.02135430    0.02137100    0.02014840    0.00000000 
angle (deg.)     :    31.3557  65.3726  74.5340  39.8073  84.7019  45.7714  34.1112  79.4183 
>
iteration       : 174
climbing        : yes
zoom on         : no
nim             : 10
barrier         :   0.00834369 (image:  5) 
distance        :   0.00000000    4.42862454    8.85087170   13.21836046   13.73806295   14.24763866   14.67670100   15.11226447   16.23819788   19.80948930 
energy          : -1076.60715217  -1076.61493361  -1076.62323396  -1076.60712840  -1076.60003428  -1076.59880848  -1076.59975622  -1076.60512074  -1076.62653139  -1076.63040402 
max(|Fr_perp|)   :   0.00000000    0.00022748    0.00029207    0.00101018    0.00194055    0.00067561    0.00192954    0.00137924    0.00146691    0.00000000 
Fr_paral         :   0.00000000    0.00220504    0.00186467   -0.02587746   -0.00541011   -0.00001688    0.00550369    0.02311828    0.00533267    0.00000000 
max(|Fsp_paral|) :   0.00000000    0.00002584    0.00018300    0.00017106    0.00195537    0.00371034    0.00149436    0.00182222    0.00009832    0.00000000 
max(|Fsp_perp|)  :   0.00000000    0.00000000    0.00000000    0.00000000    0.00000000    0.00000000    0.00000000    0.00000000    0.00000000    0.00000000 
max(|FNEB|)      :   0.00000000    0.00019695    0.00036436    0.00074745    0.00067642    0.00067562    0.00073310    0.00151535    0.00149328    0.00000000 
max(|Force|)     :   0.00136476    0.00112094    0.00062613    0.01536134    0.00374614    0.00067560    0.00409239    0.01347125    0.00329181    0.00139060 
ksp              :   0.01000000    0.01000000    0.01025638    0.08677783    0.10000000    0.10000000    0.08977710    0.03191227    0.01000000 
max(|step|)      :   0.00000000    0.00676595    0.00541576    0.01920431    0.01925474    0.01926668    0.01931223    0.01931845    0.01833055    0.00000000 
angle (deg.)     :    31.4876  65.2447  74.6121  39.9954  85.2295  46.2251  33.6913  79.8990 
>
iteration       : 175
climbing        : yes
zoom on         : no
nim             : 10
barrier         :   0.00829581 (image:  5) 
distance        :   0.00000000    4.42911946    8.85219831   13.25431669   13.77554032   14.28560395   14.71454657   15.14154150   16.27854930   19.83427807 
energy          : -1076.60715217  -1076.61494148  -1076.62323897  -1076.60717143  -1076.60007234  -1076.59885636  -1076.59979317  -1076.60498530  -1076.62653895  -1076.63040402 
max(|Fr_perp|)   :   0.00000000    0.00022467    0.00026348    0.00090182    0.00192918    0.00064077    0.00200579    0.00190101    0.00144816    0.00000000 
Fr_paral         :   0.00000000    0.00220566    0.00184432   -0.02584813   -0.00534887   -0.00001749    0.00544269    0.02280303    0.00539399    0.00000000 
max(|Fsp_paral|) :   0.00000000    0.00002457    0.00006743    0.00068701    0.00190943    0.00373094    0.00177541    0.00015001    0.00114969    0.00000000 
max(|Fsp_perp|)  :   0.00000000    0.00000000    0.00000000    0.00000000    0.00000000    0.00000000    0.00000000    0.00000000    0.00000000    0.00000000 
max(|FNEB|)      :   0.00000000    0.00019539    0.00023448    0.00063199    0.00064723    0.00064078    0.00073591    0.00191382    0.00166326    0.00000000 
max(|Force|)     :   0.00136476    0.00112165    0.00066833    0.01536617    0.00370234    0.00064075    0.00407216    0.01330562    0.00300623    0.00139060 
ksp              :   0.01000000    0.01000000    0.01000000    0.08680809    0.10000000    0.10000000    0.08983674    0.03350806    0.01000000 
max(|step|)      :   0.00000000    0.02829785    0.02298620    0.08082425    0.08113031    0.08112295    0.08129897    0.08113963    0.07734572    0.00000000 
angle (deg.)     :    32.0586  64.8274  74.9394  40.7172  87.1106  48.1563  33.7874  81.5377 
>
iteration       : 176
climbing        : yes
zoom on         : no
nim             : 10
barrier         :   0.00809782 (image:  5) 
distance        :   0.00000000    4.43119392    8.85846402   13.41343395   13.93976230   14.45097010   14.88259003   15.28511131   16.44544962   19.93974658 
energy          : -1076.60715217  -1076.61497344  -1076.62325009  -1076.60728873  -1076.60021546  -1076.59905435  -1076.59992938  -1076.60447116  -1076.62640317  -1076.63040402 
max(|Fr_perp|)   :   0.00000000    0.00024579    0.00133845    0.00331973    0.00180704    0.00141616    0.00722702    0.01532162    0.00766106    0.00000000 
Fr_paral         :   0.00000000    0.00220386    0.00176415   -0.02555925   -0.00507971   -0.00002082    0.00508362    0.02048185    0.00629819    0.00000000 
max(|Fsp_paral|) :   0.00000000    0.00001620    0.00041997    0.00016084    0.00170859    0.00361398    0.00261474    0.00557578    0.00515429    0.00000000 
max(|Fsp_perp|)  :   0.00000000    0.00000000    0.00000000    0.00000000    0.00000000    0.00000000    0.00000000    0.00000000    0.00000000    0.00000000 
max(|FNEB|)      :   0.00000000    0.00024839    0.00137098    0.00335003    0.00139435    0.00141618    0.00725407    0.01497095    0.00744041    0.00000000 
max(|Force|)     :   0.00136476    0.00113738    0.00137174    0.01570636    0.00345080    0.00141613    0.00713672    0.01459856    0.00789060    0.00139060 
ksp              :   0.01000000    0.01000000    0.01000000    0.08709535    0.10000000    0.10000000    0.09027489    0.03979701    0.01000000 
max(|step|)      :   0.00000000    0.00854058    0.00718956    0.02518744    0.02531643    0.02533020    0.02539668    0.02547648    0.02426078    0.00000000 
angle (deg.)     :    32.2321  64.7247  75.0609  40.9479  87.6267  48.4996  33.9886  81.8110 
>
iteration       : 177
climbing        : yes
zoom on         : no
nim             : 10
barrier         :   0.00803755 (image:  5) 
distance        :   0.00000000    4.43186343    8.86221586   13.46292604   13.99201661   14.50358013   14.93607131   15.34221314   16.49043188   19.96808873 
energy          : -1076.60715217  -1076.61498298  -1076.62325904  -1076.60737916  -1076.60025950  -1076.59911462  -1076.60002510  -1076.60469344  -1076.62643341  -1076.63040402 
max(|Fr_perp|)   :   0.00000000    0.00021074    0.00044634    0.00140349    0.00180172    0.00084190    0.00260080    0.00238698    0.00531299    0.00000000 
Fr_paral         :   0.00000000    0.00220752    0.00177271   -0.02565396   -0.00500600   -0.00001876    0.00522026    0.02133340    0.00673987    0.00000000 
max(|Fsp_paral|) :   0.00000000    0.00000627    0.00056425    0.00006574    0.00161735    0.00356795    0.00257301    0.00373083    0.00382739    0.00000000 
max(|Fsp_perp|)  :   0.00000000    0.00000000    0.00000000    0.00000000    0.00000000    0.00000000    0.00000000    0.00000000    0.00000000    0.00000000 
max(|FNEB|)      :   0.00000000    0.00019971    0.00060768    0.00145155    0.00084609    0.00084191    0.00083521    0.00552456    0.00517905    0.00000000 
max(|Force|)     :   0.00136476    0.00112627    0.00062841    0.01555718    0.00341133    0.00084188    0.00448322    0.01341873    0.00717642    0.00139060 
ksp              :   0.01000000    0.01000000    0.01000000    0.08718028    0.10000000    0.10000000    0.08980496    0.03753156    0.01000000 
max(|step|)      :   0.00000000    0.00918946    0.00790217    0.02698981    0.02711057    0.02711315    0.02717077    0.02721168    0.02599977    0.00000000 
angle (deg.)     :    32.4192  64.6225  75.2059  41.2063  88.1983  48.9578  34.2788  82.0836 
>
iteration       : 178
climbing        : yes
zoom on         : no
nim             : 10
barrier         :   0.00797419 (image:  5) 
distance        :   0.00000000    4.43268367    8.86735277   13.51675647   14.04900443   14.56129875   14.99429691   15.40780588   16.53952694   20.00014454 
energy          : -1076.60715217  -1076.61499327  -1076.62326846  -1076.60747390  -1076.60030866  -1076.59917798  -1076.60007123  -1076.60480898  -1076.62639212  -1076.63040402 
max(|Fr_perp|)   :   0.00000000    0.00020231    0.00039439    0.00149631    0.00181533    0.00059968    0.00284076    0.00642345    0.00522178    0.00000000 
Fr_paral         :   0.00000000    0.00220966    0.00177882   -0.02570889   -0.00493637   -0.00001979    0.00511219    0.02126849    0.00692824    0.00000000 
max(|Fsp_paral|) :   0.00000000    0.00000827    0.00071646    0.00003387    0.00153190    0.00356313    0.00229706    0.00227401    0.00305950    0.00000000 
max(|Fsp_perp|)  :   0.00000000    0.00000000    0.00000000    0.00000000    0.00000000    0.00000000    0.00000000    0.00000000    0.00000000    0.00000000 
max(|FNEB|)      :   0.00000000    0.00020581    0.00082702    0.00146487    0.00060306    0.00059979    0.00290092    0.00638497    0.00443017    0.00000000 
max(|Force|)     :   0.00136476    0.00112314    0.00070186    0.01544281    0.00339180    0.00059958    0.00445371    0.01322274    0.00713228    0.00139060 
ksp              :   0.01000000    0.01000000    0.01000000    0.08723871    0.10000000    0.10000000    0.08991836    0.03644618    0.01000000 
max(|step|)      :   0.00000000    0.03047695    0.02680765    0.08922854    0.08958541    0.08955891    0.08972158    0.08974275    0.08599203    0.00000000 
angle (deg.)     :    33.0499  64.3613  75.7315  42.0597  89.8723  50.1636  35.1719  83.0920 
>
iteration       : 179
climbing        : yes
zoom on         : no
nim             : 10
barrier         :   0.00777048 (image:  5) 
distance        :   0.00000000    4.43610107    8.88943921   13.70024233   14.24386758   14.75976096   15.19557641   15.63767948   16.70860530   20.11842262 
energy          : -1076.60715217  -1076.61502754  -1076.62330225  -1076.60784465  -1076.60047731  -1076.59938169  -1076.60023637  -1076.60534862  -1076.62616485  -1076.63040402 
max(|Fr_perp|)   :   0.00000000    0.00020121    0.00054645    0.00315274    0.00187827    0.00091931    0.00476709    0.00912965    0.00651698    0.00000000 
Fr_paral         :   0.00000000    0.00220665    0.00176090   -0.02592671   -0.00474590   -0.00002269    0.00483259    0.02158700    0.00708844    0.00000000 
max(|Fsp_paral|) :   0.00000000    0.00007296    0.00122036    0.00035574    0.00128948    0.00355120    0.00135332    0.00369775    0.00046825    0.00000000 
max(|Fsp_perp|)  :   0.00000000    0.00000000    0.00000000    0.00000000    0.00000000    0.00000000    0.00000000    0.00000000    0.00000000    0.00000000 
max(|FNEB|)      :   0.00000000    0.00026940    0.00132542    0.00311508    0.00093889    0.00091934    0.00482520    0.00926733    0.00644120    0.00000000 
max(|Force|)     :   0.00136476    0.00113523    0.00070386    0.01545335    0.00336173    0.00091928    0.00478350    0.01336933    0.00610507    0.00139060 
ksp              :   0.01000000    0.01000000    0.01000000    0.08731021    0.10000000    0.10000000    0.09010089    0.03088930    0.01000000 
max(|step|)      :   0.00000000    0.03323155    0.03058046    0.09939205    0.09972886    0.09969969    0.09987325    0.10000000    0.09584119    0.00000000 
angle (deg.)     :    33.7435  64.1826  76.4092  42.9074  90.9231  50.9933  34.3497  84.6927 
>
iteration       : 180
climbing        : yes
zoom on         : no
nim             : 10
barrier         :   0.00757135 (image:  5) 
distance        :   0.00000000    4.44141402    8.92454053   13.90539308   14.46309879   14.98578733   15.42887218   15.86999744   16.91738755   20.27773099 
energy          : -1076.60715217  -1076.61506562  -1076.62333869  -1076.60827950  -1076.60066722  -1076.59958082  -1076.60041664  -1076.60556161  -1076.62570180  -1076.63040402 
max(|Fr_perp|)   :   0.00000000    0.00022840    0.00301736    0.01182129    0.00311016    0.00320661    0.00879621    0.00670455    0.01922453    0.00000000 
Fr_paral         :   0.00000000    0.00222091    0.00172736   -0.02604693   -0.00463367   -0.00002632    0.00462915    0.02141340    0.00513106    0.00000000 
max(|Fsp_paral|) :   0.00000000    0.00017974    0.00173989    0.00068886    0.00113586    0.00349610    0.00159727    0.00511372    0.00150512    0.00000000 
max(|Fsp_perp|)  :   0.00000000    0.00000000    0.00000000    0.00000000    0.00000000    0.00000000    0.00000000    0.00000000    0.00000000    0.00000000 
max(|FNEB|)      :   0.00000000    0.00030652    0.00300499    0.01225902    0.00323931    0.00329423    0.00912335    0.00714910    0.01983230    0.00000000 
max(|Force|)     :   0.00136476    0.00108753    0.00306958    0.01513715    0.00343023    0.00329416    0.00898934    0.01341391    0.01981493    0.00139060 
ksp              :   0.01000000    0.01000000    0.01000000    0.08709079    0.10000000    0.10000000    0.09011051    0.02893528    0.01000000 
max(|step|)      :   0.00000000    0.00021174    0.00207583    0.00846845    0.00223770    0.00227563    0.00630235    0.00493855    0.01370003    0.00000000 
angle (deg.)     :    33.7410  64.1575  76.4447  42.8476  90.7621  50.8096  33.5162  84.6536 
>
iteration       : 181
climbing        : yes
zoom on         : no
nim             : 10
barrier         :   0.00756268 (image:  5) 
distance        :   0.00000000    4.44170250    8.92725111   13.90522132   14.46360138   14.98714786   15.43060402   15.86535276   16.91860665   20.27726003 
energy          : -1076.60715217  -1076.61506641  -1076.62335550  -1076.60843700  -1076.60068524  -1076.59958949  -1076.60048359  -1076.60556950  -1076.62613629  -1076.63040402 
max(|Fr_perp|)   :   0.00000000    0.00018752    0.00028725    0.00206502    0.00200037    0.00072103    0.00250695    0.00236063    0.00301874    0.00000000 
Fr_paral         :   0.00000000    0.00220643    0.00168000   -0.02642717   -0.00466633   -0.00002333    0.00489297    0.02170370    0.00560809    0.00000000 
max(|Fsp_paral|) :   0.00000000    0.00018866    0.00172287    0.00068225    0.00116811    0.00351475    0.00192313    0.00461500    0.00147488    0.00000000 
max(|Fsp_perp|)  :   0.00000000    0.00000000    0.00000000    0.00000000    0.00000000    0.00000000    0.00000000    0.00000000    0.00000000    0.00000000 
max(|FNEB|)      :   0.00000000    0.00037145    0.00174362    0.00202360    0.00080338    0.00072106    0.00117906    0.00391085    0.00309905    0.00000000 
max(|Force|)     :   0.00136476    0.00113689    0.00060604    0.01564980    0.00343557    0.00072100    0.00416523    0.01378525    0.00399619    0.00139060 
ksp              :   0.01000000    0.01000000    0.01000000    0.08696001    0.10000000    0.10000000    0.08935966    0.02883469    0.01000000 
max(|step|)      :   0.00000000    0.00025553    0.00124660    0.00116875    0.00056751    0.00045291    0.00059854    0.00280722    0.00215897    0.00000000 
angle (deg.)     :    33.7389  64.1366  76.4826  42.8069  90.6480  50.7311  32.8716  84.6189 
>
iteration       : 182
climbing        : yes
zoom on         : no
nim             : 10
barrier         :   0.00756187 (image:  5) 
distance        :   0.00000000    4.44200899    8.92999210   13.90503518   14.46402359   14.98841207   15.43194793   15.86129342   16.92021764   20.27725586 
energy          : -1076.60715217  -1076.61506721  -1076.62336192  -1076.60848493  -1076.60069458  -1076.59959030  -1076.60049007  -1076.60551804  -1076.62621854  -1076.63040402 
max(|Fr_perp|)   :   0.00000000    0.00019174    0.00029107    0.00166006    0.00200679    0.00092913    0.00249978    0.00214673    0.00245144    0.00000000 
Fr_paral         :   0.00000000    0.00220469    0.00166521   -0.02646980   -0.00469498   -0.00002350    0.00492105    0.02165490    0.00558710    0.00000000 
max(|Fsp_paral|) :   0.00000000    0.00019783    0.00170482    0.00066928    0.00119766    0.00355265    0.00210930    0.00390587    0.00109750    0.00000000 
max(|Fsp_perp|)  :   0.00000000    0.00000000    0.00000000    0.00000000    0.00000000    0.00000000    0.00000000    0.00000000    0.00000000    0.00000000 
max(|FNEB|)      :   0.00000000    0.00038485    0.00170316    0.00177702    0.00093234    0.00092916    0.00106034    0.00320509    0.00275679    0.00000000 
max(|Force|)     :   0.00136476    0.00114042    0.00059787    0.01578468    0.00345351    0.00092910    0.00417285    0.01369699    0.00385229    0.00139060 
ksp              :   0.01000000    0.01000000    0.01000000    0.08685711    0.10000000    0.10000000    0.08929117    0.02944912    0.01000000 
max(|step|)      :   0.00000000    0.00409707    0.01842905    0.01901503    0.00834233    0.00827561    0.01077293    0.03320512    0.02812921    0.00000000 
angle (deg.)     :    33.7143  63.8407  77.0336  42.2548  89.4566  50.4448  27.6715  84.2349 
>
iteration       : 183
climbing        : yes
zoom on         : no
nim             : 10
barrier         :   0.00755160 (image:  5) 
distance        :   0.00000000    4.44699295    8.97160704   13.90267014   14.47150488   15.00827425   15.45011111   15.82555004   16.95658369   20.29186445 
energy          : -1076.60715217  -1076.61507980  -1076.62344945  -1076.60917885  -1076.60082909  -1076.59960058  -1076.60052032  -1076.60480338  -1076.62686234  -1076.63040402 
max(|Fr_perp|)   :   0.00000000    0.00015039    0.00208660    0.00390623    0.00216114    0.00216119    0.00233603    0.00667629    0.00636616    0.00000000 
Fr_paral         :   0.00000000    0.00221351    0.00160181   -0.02719371   -0.00511058   -0.00002512    0.00505396    0.02023085    0.00448672    0.00000000 
max(|Fsp_paral|) :   0.00000000    0.00033435    0.00143337    0.00043053    0.00162268    0.00424666    0.00385069    0.00540090    0.00456861    0.00000000 
max(|Fsp_perp|)  :   0.00000000    0.00000000    0.00000000    0.00000000    0.00000000    0.00000000    0.00000000    0.00000000    0.00000000    0.00000000 
max(|FNEB|)      :   0.00000000    0.00048015    0.00201087    0.00392073    0.00212797    0.00216122    0.00217306    0.00672619    0.00711950    0.00000000 
max(|Force|)     :   0.00136476    0.00110384    0.00206039    0.01589260    0.00378019    0.00216116    0.00411545    0.01233141    0.00601144    0.00139060 
ksp              :   0.01000000    0.01000000    0.01000000    0.08535856    0.10000000    0.10000000    0.08903853    0.03799290    0.01000000 
max(|step|)      :   0.00000000    0.00280384    0.01109016    0.00979235    0.00578633    0.00586547    0.00835675    0.01312039    0.01409505    0.00000000 
angle (deg.)     :    33.7116  63.6734  77.2847  41.8982  89.7663  50.8031  28.0758  83.5777 
>
iteration       : 184
climbing        : yes
zoom on         : no
nim             : 10
barrier         :   0.00755010 (image:  5) 
distance        :   0.00000000    4.45091474    8.99613583   13.90262817   14.47844658   15.02110098   15.45577569   15.85275667   16.96281440   20.28919654 
energy          : -1076.60715217  -1076.61508941  -1076.62350195  -1076.60958602  -1076.60088946  -1076.59960207  -1076.60045153  -1076.60488140  -1076.62689392  -1076.63040402 
max(|Fr_perp|)   :   0.00000000    0.00026025    0.00203769    0.00420637    0.00290461    0.00291776    0.00301051    0.01382988    0.01024836    0.00000000 
Fr_paral         :   0.00000000    0.00218812    0.00154489   -0.02728011   -0.00532857   -0.00002719    0.00477162    0.02009491    0.00598092    0.00000000 
max(|Fsp_paral|) :   0.00000000    0.00040645    0.00127790    0.00018281    0.00177433    0.00485595    0.00277641    0.00309107    0.00379671    0.00000000 
max(|Fsp_perp|)  :   0.00000000    0.00000000    0.00000000    0.00000000    0.00000000    0.00000000    0.00000000    0.00000000    0.00000000    0.00000000 
max(|FNEB|)      :   0.00000000    0.00066218    0.00210421    0.00423715    0.00285666    0.00291771    0.00296944    0.01369693    0.01009521    0.00000000 
max(|Force|)     :   0.00136476    0.00120330    0.00206221    0.01665435    0.00392480    0.00291781    0.00392217    0.01336539    0.01035908    0.00139060 
ksp              :   0.01000000    0.01000000    0.01000000    0.08465390    0.10000000    0.10000000    0.08987418    0.03706849    0.01000000 
max(|step|)      :   0.00000000    0.00009816    0.00094602    0.00127164    0.00127266    0.00129816    0.00129892    0.00702357    0.00571797    0.00000000 
angle (deg.)     :    33.7157  63.6907  77.2354  41.8953  89.9743  50.7164  27.8699  83.4302 
>
iteration       : 185
climbing        : yes
zoom on         : no
nim             : 10
barrier         :   0.00754288 (image:  5) 
distance        :   0.00000000    4.45106308    8.99431251   13.90290576   14.47846966   15.02011745   15.45395595   15.86162443   16.95253971   20.28043199 
energy          : -1076.60715217  -1076.61508973  -1076.62350048  -1076.60957037  -1076.60088623  -1076.59960929  -1076.60045289  -1076.60518712  -1076.62693549  -1076.63040402 
max(|Fr_perp|)   :   0.00000000    0.00022114    0.00164113    0.00300198    0.00218591    0.00172776    0.00223732    0.00511913    0.00447174    0.00000000 
Fr_paral         :   0.00000000    0.00219590    0.00156810   -0.02731859   -0.00530232   -0.00002650    0.00474565    0.02115424    0.00641666    0.00000000 
max(|Fsp_paral|) :   0.00000000    0.00039731    0.00129250    0.00017064    0.00172670    0.00483987    0.00238770    0.00009942    0.00154327    0.00000000 
max(|Fsp_perp|)  :   0.00000000    0.00000000    0.00000000    0.00000000    0.00000000    0.00000000    0.00000000    0.00000000    0.00000000    0.00000000 
max(|FNEB|)      :   0.00000000    0.00061392    0.00170825    0.00301194    0.00171224    0.00172781    0.00173653    0.00510891    0.00440141    0.00000000 
max(|Force|)     :   0.00136476    0.00116754    0.00166600    0.01656746    0.00388838    0.00172771    0.00389590    0.01280817    0.00460448    0.00139060 
ksp              :   0.01000000    0.01000000    0.01000000    0.08476383    0.10000000    0.10000000    0.08993437    0.03344655    0.01000000 
max(|step|)      :   0.00000000    0.00192952    0.00604347    0.00565196    0.00345027    0.00344175    0.00340795    0.00348353    0.00537664    0.00000000 
angle (deg.)     :    33.7194  63.6048  77.3556  41.6736  90.0273  50.9188  28.1577  83.1062 
>
iteration       : 186
climbing        : yes
zoom on         : no
nim             : 10
barrier         :   0.00753575 (image:  5) 
distance        :   0.00000000    4.45380958    9.00845342   13.90312655   14.48259252   15.02723565   15.45869578   15.87219964   16.95686162   20.27973837 
energy          : -1076.60715217  -1076.61509638  -1076.62353319  -1076.60981447  -1076.60092315  -1076.59961642  -1076.60043597  -1076.60524413  -1076.62697883  -1076.63040402 
max(|Fr_perp|)   :   0.00000000    0.00018374    0.00038058    0.00075663    0.00219360    0.00057130    0.00218585    0.00142236    0.00131210    0.00000000 
Fr_paral         :   0.00000000    0.00220315    0.00157929   -0.02746529   -0.00541853   -0.00002680    0.00464799    0.02130742    0.00661914    0.00000000 
max(|Fsp_paral|) :   0.00000000    0.00043475    0.00120630    0.00002487    0.00180050    0.00508922    0.00207376    0.00098267    0.00112670    0.00000000 
max(|Fsp_perp|)  :   0.00000000    0.00000000    0.00000000    0.00000000    0.00000000    0.00000000    0.00000000    0.00000000    0.00000000    0.00000000 
max(|FNEB|)      :   0.00000000    0.00061400    0.00129355    0.00078994    0.00057671    0.00057136    0.00056736    0.00113054    0.00196071    0.00000000 
max(|Force|)     :   0.00136476    0.00113364    0.00064505    0.01637290    0.00394796    0.00057125    0.00381096    0.01257874    0.00411711    0.00139060 
ksp              :   0.01000000    0.01000000    0.01000000    0.08439369    0.10000000    0.10000000    0.09021204    0.03278790    0.01000000 
max(|step|)      :   0.00000000    0.00339011    0.01040396    0.00906141    0.00484727    0.00481376    0.00532252    0.00541771    0.00896132    0.00000000 
angle (deg.)     :    33.7297  63.4601  77.5452  41.2937  90.1382  51.2882  28.9249  82.5519 
>
iteration       : 187
climbing        : yes
zoom on         : no
nim             : 10
barrier         :   0.00752771 (image:  5) 
distance        :   0.00000000    4.45877458    9.03252951   13.90395644   14.49001846   15.03953172   15.46730075   15.89222247   16.96388678   20.27877401 
energy          : -1076.60715217  -1076.61510829  -1076.62358278  -1076.61019950  -1076.60097979  -1076.59962446  -1076.60040344  -1076.60531569  -1076.62697159  -1076.63040402 
max(|Fr_perp|)   :   0.00000000    0.00017423    0.00031743    0.00095383    0.00220691    0.00100910    0.00212277    0.00269251    0.00239161    0.00000000 
Fr_paral         :   0.00000000    0.00220428    0.00157490   -0.02768109   -0.00561211   -0.00002748    0.00447909    0.02139150    0.00709089    0.00000000 
max(|Fsp_paral|) :   0.00000000    0.00049606    0.00106026    0.00022697    0.00191698    0.00547985    0.00150168    0.00241969    0.00053176    0.00000000 
max(|Fsp_perp|)  :   0.00000000    0.00000000    0.00000000    0.00000000    0.00000000    0.00000000    0.00000000    0.00000000    0.00000000    0.00000000 
max(|FNEB|)      :   0.00000000    0.00066585    0.00119384    0.00098423    0.00099634    0.00100916    0.00101639    0.00270432    0.00246800    0.00000000 
max(|Force|)     :   0.00136476    0.00112523    0.00069208    0.01636839    0.00404856    0.00100904    0.00368831    0.01250031    0.00437759    0.00139060 
ksp              :   0.01000000    0.01000000    0.01000000    0.08379600    0.10000000    0.10000000    0.09068664    0.03195673    0.01000000 
max(|step|)      :   0.00000000    0.00652986    0.01571148    0.01128558    0.00803956    0.00799725    0.00793773    0.00791006    0.01505355    0.00000000 
angle (deg.)     :    33.7715  63.2587  77.7181  40.6698  89.8508  51.4352  28.9541  81.7378 
>
iteration       : 188
climbing        : yes
zoom on         : no
nim             : 10
barrier         :   0.00751480 (image:  5) 
distance        :   0.00000000    4.46903154    9.06954914   13.90760967   14.50286393   15.05796404   15.48574753   15.90929686   16.96651102   20.26963296 
energy          : -1076.60715217  -1076.61513246  -1076.62365550  -1076.61070404  -1076.60104620  -1076.59963737  -1076.60041214  -1076.60528808  -1076.62693496  -1076.63040402 
max(|Fr_perp|)   :   0.00000000    0.00016567    0.00098408    0.00221397    0.00219007    0.00158657    0.00211528    0.00405906    0.00159005    0.00000000 
Fr_paral         :   0.00000000    0.00220594    0.00155535   -0.02785517   -0.00585390   -0.00002517    0.00446870    0.02140402    0.00756434    0.00000000 
max(|Fsp_paral|) :   0.00000000    0.00056789    0.00085081    0.00063229    0.00201496    0.00573996    0.00154373    0.00240052    0.00055037    0.00000000 
max(|Fsp_perp|)  :   0.00000000    0.00000000    0.00000000    0.00000000    0.00000000    0.00000000    0.00000000    0.00000000    0.00000000    0.00000000 
max(|FNEB|)      :   0.00000000    0.00072918    0.00103491    0.00211729    0.00156577    0.00158663    0.00160595    0.00408157    0.00159712    0.00000000 
max(|Force|)     :   0.00136476    0.00111842    0.00096052    0.01628863    0.00414679    0.00158652    0.00368750    0.01242122    0.00376608    0.00139060 
ksp              :   0.01000000    0.01000000    0.01000000    0.08312733    0.10000000    0.10000000    0.09072109    0.03232506    0.01000000 
max(|step|)      :   0.00000000    0.02251676    0.04996267    0.03154891    0.02434752    0.02417880    0.02399395    0.02359883    0.04640295    0.00000000 
angle (deg.)     :    33.9542  62.6701  78.1756  38.8797  88.8227  51.9827  30.5111  79.5854 
>
iteration       : 189
climbing        : yes
zoom on         : no
nim             : 10
barrier         :   0.00747064 (image:  5) 
distance        :   0.00000000    4.50512522    9.18867159   13.92475894   14.54538731   15.11814530   15.54857061   15.95997058   16.98706063   20.25679984 
energy          : -1076.60715217  -1076.61521679  -1076.62387764  -1076.61217315  -1076.60125646  -1076.59968153  -1076.60039203  -1076.60506722  -1076.62600348  -1076.63040402 
max(|Fr_perp|)   :   0.00000000    0.00022884    0.00083185    0.00559881    0.00213121    0.00183811    0.00970221    0.00611022    0.01894566    0.00000000 
Fr_paral         :   0.00000000    0.00217911    0.00146777   -0.02752892   -0.00659382   -0.00001798    0.00416690    0.02086612    0.00787982    0.00000000 
max(|Fsp_paral|) :   0.00000000    0.00077335    0.00019112    0.00167865    0.00245635    0.00640904    0.00194654    0.00087466    0.00156838    0.00000000 
max(|Fsp_perp|)  :   0.00000000    0.00000000    0.00000000    0.00000000    0.00000000    0.00000000    0.00000000    0.00000000    0.00000000    0.00000000 
max(|FNEB|)      :   0.00000000    0.00098409    0.00084792    0.00562994    0.00181352    0.00183817    0.00969894    0.00612635    0.01915381    0.00000000 
max(|Force|)     :   0.00136476    0.00115943    0.00085201    0.01649170    0.00444887    0.00183806    0.00964137    0.01294544    0.01847198    0.00139060 
ksp              :   0.01000000    0.01000000    0.01000000    0.08102663    0.10000000    0.10000000    0.09144056    0.03511776    0.01000000 
max(|step|)      :   0.00000000    0.00258323    0.00843802    0.00727026    0.00349654    0.00317148    0.00552960    0.00524257    0.01367899    0.00000000 
angle (deg.)     :    33.9411  62.7758  77.9983  39.1497  88.8404  51.6778  29.2315  79.7346 
>
iteration       : 190
climbing        : yes
zoom on         : no
nim             : 10
barrier         :   0.00747428 (image:  5) 
distance        :   0.00000000    4.50137147    9.16866062   13.92342330   14.53882105   15.10701555   15.53912353   15.94793957   16.97024922   20.24524772 
energy          : -1076.60715217  -1076.61520794  -1076.62384188  -1076.61187134  -1076.60120612  -1076.59967789  -1076.60048269  -1076.60515151  -1076.62652395  -1076.63040402 
max(|Fr_perp|)   :   0.00000000    0.00017877    0.00023925    0.00076224    0.00212151    0.00056077    0.00214295    0.00156351    0.00166309    0.00000000 
Fr_paral         :   0.00000000    0.00219496    0.00149157   -0.02775885   -0.00641742   -0.00001567    0.00460030    0.02131044    0.00914337    0.00000000 
max(|Fsp_paral|) :   0.00000000    0.00071880    0.00031738    0.00152683    0.00230065    0.00615465    0.00225536    0.00116914    0.00098026    0.00000000 
max(|Fsp_perp|)  :   0.00000000    0.00000000    0.00000000    0.00000000    0.00000000    0.00000000    0.00000000    0.00000000    0.00000000    0.00000000 
max(|FNEB|)      :   0.00000000    0.00089334    0.00039680    0.00098346    0.00055873    0.00056080    0.00056940    0.00156776    0.00191956    0.00000000 
max(|Force|)     :   0.00136476    0.00112969    0.00061823    0.01634185    0.00435712    0.00056074    0.00379221    0.01250417    0.00496284    0.00139060 
ksp              :   0.01000000    0.01000000    0.01000000    0.08159819    0.10000000    0.10000000    0.09030920    0.03409056    0.01000000 
max(|step|)      :   0.00000000    0.00025354    0.00224901    0.00330641    0.00144940    0.00056820    0.00225174    0.00215632    0.00432920    0.00000000 
angle (deg.)     :    33.9497  62.8084  77.9032  39.2448  88.8167  51.6045  28.7034  79.7504 
>
iteration       : 191
climbing        : yes
zoom on         : no
nim             : 10
barrier         :   0.00747511 (image:  5) 
distance        :   0.00000000    4.50184805    9.16365718   13.92444826   14.53721487   15.10369679   15.53682861   15.94228679   16.96272595   20.23899567 
energy          : -1076.60715217  -1076.61520891  -1076.62383229  -1076.61173023  -1076.60118703  -1076.59967707  -1076.60049778  -1076.60513832  -1076.62654252  -1076.63040402 
max(|Fr_perp|)   :   0.00000000    0.00018226    0.00022478    0.00070057    0.00211803    0.00061741    0.00215539    0.00109274    0.00137307    0.00000000 
Fr_paral         :   0.00000000    0.00219544    0.00149562   -0.02778377   -0.00634633   -0.00001502    0.00466715    0.02128710    0.00934090    0.00000000 
max(|Fsp_paral|) :   0.00000000    0.00069295    0.00035873    0.00144580    0.00226086    0.00602876    0.00242769    0.00090006    0.00101826    0.00000000 
max(|Fsp_perp|)  :   0.00000000    0.00000000    0.00000000    0.00000000    0.00000000    0.00000000    0.00000000    0.00000000    0.00000000    0.00000000 
max(|FNEB|)      :   0.00000000    0.00087096    0.00041640    0.00086869    0.00061610    0.00061744    0.00062110    0.00099882    0.00162872    0.00000000 
max(|Force|)     :   0.00136476    0.00113332    0.00058437    0.01636912    0.00432150    0.00061737    0.00382806    0.01244646    0.00486519    0.00139060 
ksp              :   0.01000000    0.01000000    0.01000000    0.08182003    0.10000000    0.10000000    0.09011866    0.03424667    0.01000000 
max(|step|)      :   0.00000000    0.00929492    0.00911871    0.00736364    0.00744002    0.00743266    0.00746479    0.00753167    0.01410936    0.00000000 
angle (deg.)     :    34.0656  62.7359  77.6836  39.0857  88.6558  51.7422  27.8685  79.0958 
>
iteration       : 192
climbing        : yes
zoom on         : no
nim             : 10
barrier         :   0.00746176 (image:  5) 
distance        :   0.00000000    4.51835035    9.18760734   13.93685707   14.54622791   15.11249214   15.54814496   15.94266884   16.94467893   20.21469061 
energy          : -1076.60715217  -1076.61524673  -1076.62387235  -1076.61163582  -1076.60119094  -1076.59969041  -1076.60054351  -1076.60502739  -1076.62633087  -1076.63040402 
max(|Fr_perp|)   :   0.00000000    0.00020966    0.00095657    0.00195980    0.00213488    0.00120888    0.00216689    0.00133884    0.00446359    0.00000000 
Fr_paral         :   0.00000000    0.00218643    0.00148203   -0.02781890   -0.00632386   -0.00001005    0.00478390    0.02092765    0.01067322    0.00000000 
max(|Fsp_paral|) :   0.00000000    0.00065444    0.00029015    0.00137822    0.00233802    0.00588639    0.00292694    0.00017289    0.00137802    0.00000000 
max(|Fsp_perp|)  :   0.00000000    0.00000000    0.00000000    0.00000000    0.00000000    0.00000000    0.00000000    0.00000000    0.00000000    0.00000000 
max(|FNEB|)      :   0.00000000    0.00085983    0.00097690    0.00214899    0.00119948    0.00120890    0.00121478    0.00130716    0.00433230    0.00000000 
max(|Force|)     :   0.00136476    0.00115786    0.00097776    0.01670587    0.00433570    0.00120886    0.00388024    0.01223784    0.00522453    0.00139060 
ksp              :   0.01000000    0.01000000    0.01000000    0.08190139    0.10000000    0.10000000    0.08971039    0.03562809    0.01000000 
max(|step|)      :   0.00000000    0.01814174    0.02063660    0.01623871    0.01631553    0.01629969    0.01632593    0.01621528    0.02882060    0.00000000 
angle (deg.)     :    34.2867  62.5651  77.3993  38.7577  88.7166  52.3141  27.9519  77.8059 
>
iteration       : 193
climbing        : yes
zoom on         : no
nim             : 10
barrier         :   0.00743305 (image:  5) 
distance        :   0.00000000    4.55003574    9.23978021   13.96051392   14.56658359   15.13421304   15.57122652   15.95988663   16.92239378   20.18067087 
energy          : -1076.60715217  -1076.61531939  -1076.62396176  -1076.61161757  -1076.60121825  -1076.59971912  -1076.60058187  -1076.60486362  -1076.62580677  -1076.63040402 
max(|Fr_perp|)   :   0.00000000    0.00017209    0.00041295    0.00145521    0.00214867    0.00072887    0.00234325    0.00887153    0.00348508    0.00000000 
Fr_paral         :   0.00000000    0.00219189    0.00146923   -0.02797645   -0.00634647   -0.00000270    0.00478087    0.02009346    0.01264574    0.00000000 
max(|Fsp_paral|) :   0.00000000    0.00060723    0.00011278    0.00136699    0.00250967    0.00584249    0.00316181    0.00083018    0.00165632    0.00000000 
max(|Fsp_perp|)  :   0.00000000    0.00000000    0.00000000    0.00000000    0.00000000    0.00000000    0.00000000    0.00000000    0.00000000    0.00000000 
max(|FNEB|)      :   0.00000000    0.00077502    0.00050552    0.00147363    0.00072106    0.00072887    0.00104074    0.00883453    0.00348945    0.00000000 
max(|Force|)     :   0.00136476    0.00112478    0.00084059    0.01671210    0.00437409    0.00072886    0.00400091    0.01225824    0.00680971    0.00139060 
ksp              :   0.01000000    0.01000000    0.01000000    0.08184849    0.10000000    0.10000000    0.08955374    0.03771000    0.01000000 
max(|step|)      :   0.00000000    0.01519801    0.01665530    0.01314856    0.01319937    0.01318054    0.01318304    0.01309583    0.02237983    0.00000000 
angle (deg.)     :    34.4741  62.4290  77.2143  38.6103  89.1501  52.7320  27.6660  76.7579 
>
iteration       : 194
climbing        : yes
zoom on         : no
nim             : 10
barrier         :   0.00741027 (image:  5) 
distance        :   0.00000000    4.57660347    9.28302814   13.98157557   14.58464589   15.15343672   15.58841435   15.98133717   16.90661744   20.15684649 
energy          : -1076.60715217  -1076.61538015  -1076.62403301  -1076.61157738  -1076.60123915  -1076.59974191  -1076.60057598  -1076.60490581  -1076.62531972  -1076.63040402 
max(|Fr_perp|)   :   0.00000000    0.00019909    0.00032724    0.00143794    0.00218306    0.00124540    0.00246414    0.00429080    0.00221781    0.00000000 
Fr_paral         :   0.00000000    0.00218125    0.00144797   -0.02803201   -0.00635165    0.00000374    0.00462282    0.02006847    0.01413680    0.00000000 
max(|Fsp_paral|) :   0.00000000    0.00056529    0.00002873    0.00134339    0.00265514    0.00594046    0.00287191    0.00045011    0.00089598    0.00000000 
max(|Fsp_perp|)  :   0.00000000    0.00000000    0.00000000    0.00000000    0.00000000    0.00000000    0.00000000    0.00000000    0.00000000    0.00000000 
max(|FNEB|)      :   0.00000000    0.00076006    0.00033548    0.00145719    0.00123029    0.00124539    0.00125578    0.00428863    0.00223850    0.00000000 
max(|Force|)     :   0.00136476    0.00114889    0.00059000    0.01674257    0.00442017    0.00124541    0.00403882    0.01252217    0.00850498    0.00139060 
ksp              :   0.01000000    0.01000000    0.01000000    0.08181556    0.10000000    0.10000000    0.08986996    0.03728272    0.01000000 
max(|step|)      :   0.00000000    0.01820804    0.01661134    0.01646438    0.01657062    0.01658245    0.01659174    0.01677741    0.01878285    0.00000000 
angle (deg.)     :    34.7089  62.3144  77.0526  38.8167  90.3959  53.0714  25.0151  75.8198 
>
iteration       : 195
climbing        : yes
zoom on         : no
nim             : 10
barrier         :   0.00738222 (image:  5) 
distance        :   0.00000000    4.60850780    9.32700887   14.00997176   14.60673301   15.17469718   15.60235105   16.00539554   16.88984718   20.13390417 
energy          : -1076.60715217  -1076.61545288  -1076.62409826  -1076.61133175  -1076.60124148  -1076.59976996  -1076.60052530  -1076.60502976  -1076.62483930  -1076.63040402 
max(|Fr_perp|)   :   0.00000000    0.00015540    0.00187925    0.00357225    0.00225127    0.00090835    0.00251759    0.00251972    0.00294375    0.00000000 
Fr_paral         :   0.00000000    0.00218385    0.00140957   -0.02787755   -0.00624479    0.00000720    0.00424933    0.02035548    0.01536563    0.00000000 
max(|Fsp_paral|) :   0.00000000    0.00047998    0.00012985    0.00122466    0.00274739    0.00615426    0.00210599    0.00267535    0.00032060    0.00000000 
max(|Fsp_perp|)  :   0.00000000    0.00000000    0.00000000    0.00000000    0.00000000    0.00000000    0.00000000    0.00000000    0.00000000    0.00000000 
max(|FNEB|)      :   0.00000000    0.00061834    0.00188292    0.00374996    0.00088846    0.00090834    0.00091855    0.00268489    0.00330127    0.00000000 
max(|Force|)     :   0.00136476    0.00109572    0.00189962    0.01712645    0.00444351    0.00090837    0.00393088    0.01219723    0.00987679    0.00139060 
ksp              :   0.01000000    0.01000000    0.01000000    0.08205999    0.10000000    0.10000000    0.09079132    0.03587536    0.01000000 
max(|step|)      :   0.00000000    0.00813432    0.00537659    0.00701404    0.00704524    0.00704302    0.00703321    0.00971216    0.00836240    0.00000000 
angle (deg.)     :    34.8182  62.2877  77.0508  39.1092  91.2633  53.2993  23.5332  75.7523 
>
iteration       : 196
climbing        : yes
zoom on         : no
nim             : 10
barrier         :   0.00736924 (image:  5) 
distance        :   0.00000000    4.62281392    9.34215651   14.02517499   14.61911989   15.18470253   15.60796220   16.01251294   16.88960715   20.13267822 
energy          : -1076.60715217  -1076.61548549  -1076.62412418  -1076.61116701  -1076.60122328  -1076.59978293  -1076.60049758  -1076.60500511  -1076.62473749  -1076.63040402 
max(|Fr_perp|)   :   0.00000000    0.00015272    0.00123736    0.00293316    0.00220498    0.00064544    0.00239873    0.00702464    0.00224840    0.00000000 
Fr_paral         :   0.00000000    0.00217922    0.00140734   -0.02800284   -0.00612981    0.00000698    0.00407228    0.02022689    0.01517809    0.00000000 
max(|Fsp_paral|) :   0.00000000    0.00042162    0.00013273    0.00121488    0.00265656    0.00621167    0.00181454    0.00282484    0.00030154    0.00000000 
max(|Fsp_perp|)  :   0.00000000    0.00000000    0.00000000    0.00000000    0.00000000    0.00000000    0.00000000    0.00000000    0.00000000    0.00000000 
max(|FNEB|)      :   0.00000000    0.00056991    0.00123394    0.00277478    0.00063865    0.00064542    0.00064952    0.00706300    0.00258689    0.00000000 
max(|Force|)     :   0.00136476    0.00110457    0.00121646    0.01642638    0.00434432    0.00064546    0.00374658    0.01242628    0.00917646    0.00139060 
ksp              :   0.01000000    0.01000000    0.01000000    0.08240911    0.10000000    0.10000000    0.09127202    0.03622198    0.01000000 
max(|step|)      :   0.00000000    0.00722676    0.00636206    0.00685774    0.00687084    0.00687707    0.00688314    0.00696524    0.00741873    0.00000000 
angle (deg.)     :    34.9123  62.2475  77.0502  39.2017  91.6155  53.4680  22.8913  75.6285 
>
iteration       : 197
climbing        : yes
zoom on         : no
nim             : 10
barrier         :   0.00735768 (image:  5) 
distance        :   0.00000000    4.63535478    9.35916633   14.03777497   14.63137253   15.19551996   15.61814539   16.01658108   16.89033671   20.13146995 
energy          : -1076.60715217  -1076.61551406  -1076.62415156  -1076.61111451  -1076.60121361  -1076.59979449  -1076.60050405  -1076.60493556  -1076.62461852  -1076.63040402 
max(|Fr_perp|)   :   0.00000000    0.00015968    0.00121891    0.00222030    0.00216345    0.00053083    0.00229880    0.00372284    0.00165176    0.00000000 
Fr_paral         :   0.00000000    0.00217545    0.00139894   -0.02799911   -0.00607123    0.00000913    0.00405297    0.02010054    0.01508319    0.00000000 
max(|Fsp_paral|) :   0.00000000    0.00038670    0.00016532    0.00130156    0.00256311    0.00617236    0.00196400    0.00216431    0.00000793    0.00000000 
max(|Fsp_perp|)  :   0.00000000    0.00000000    0.00000000    0.00000000    0.00000000    0.00000000    0.00000000    0.00000000    0.00000000    0.00000000 
max(|FNEB|)      :   0.00000000    0.00054193    0.00121682    0.00205109    0.00052514    0.00053080    0.00053630    0.00373925    0.00164448    0.00000000 
max(|Force|)     :   0.00136476    0.00111071    0.00119812    0.01638254    0.00427800    0.00053085    0.00364166    0.01221829    0.00830843    0.00139060 
ksp              :   0.01000000    0.01000000    0.01000000    0.08264119    0.10000000    0.10000000    0.09132062    0.03711383    0.01000000 
max(|step|)      :   0.00000000    0.02597783    0.02021461    0.02369901    0.02382332    0.02384293    0.02389012    0.02395841    0.02577675    0.00000000 
angle (deg.)     :    35.2607  62.1481  76.8844  39.6912  92.8691  54.2209  21.3235  75.2713 
>
iteration       : 198
climbing        : yes
zoom on         : no
nim             : 10
barrier         :   0.00731866 (image:  5) 
distance        :   0.00000000    4.68078903    9.41351252   14.08445674   14.67169538   15.22938330   15.65085723   16.02881576   16.88529722   20.12255099 
energy          : -1076.60715217  -1076.61561701  -1076.62423477  -1076.61069542  -1076.60116007  -1076.59983351  -1076.60052420  -1076.60459060  -1076.62401808  -1076.63040402 
max(|Fr_perp|)   :   0.00000000    0.00014070    0.00052225    0.00107655    0.00204126    0.00110900    0.00237583    0.00223512    0.00308749    0.00000000 
Fr_paral         :   0.00000000    0.00217613    0.00137316   -0.02780344   -0.00576965    0.00001677    0.00395673    0.01908110    0.01529634    0.00000000 
max(|Fsp_paral|) :   0.00000000    0.00022772    0.00022628    0.00138970    0.00227952    0.00591254    0.00249365    0.00051974    0.00155114    0.00000000 
max(|Fsp_perp|)  :   0.00000000    0.00000000    0.00000000    0.00000000    0.00000000    0.00000000    0.00000000    0.00000000    0.00000000    0.00000000 
max(|FNEB|)      :   0.00000000    0.00033567    0.00051805    0.00110877    0.00110008    0.00110896    0.00111099    0.00221570    0.00310690    0.00000000 
max(|Force|)     :   0.00136476    0.00106670    0.00085684    0.01638655    0.00402658    0.00110904    0.00366996    0.01163797    0.00862010    0.00139060 
ksp              :   0.01000000    0.01000000    0.01000000    0.08368684    0.10000000    0.10000000    0.09150638    0.04150046    0.01000000 
max(|step|)      :   0.00000000    0.03210145    0.02528286    0.02867101    0.02882017    0.02883277    0.02888048    0.02893956    0.03121168    0.00000000 
angle (deg.)     :    35.6915  62.0246  76.6496  40.2524  94.4666  55.2518  20.4775  74.7378 
>
iteration       : 199
climbing        : yes
zoom on         : no
nim             : 10
barrier         :   0.00727006 (image:  5) 
distance        :   0.00000000    4.73696536    9.48365962   14.14311016   14.72083267   15.27248875   15.69132940   16.05778889   16.87683541   20.11210950 
energy          : -1076.60715217  -1076.61574344  -1076.62433684  -1076.61017622  -1076.60111541  -1076.59988211  -1076.60053132  -1076.60431984  -1076.62304453  -1076.63040402 
max(|Fr_perp|)   :   0.00000000    0.00017865    0.00041410    0.00252700    0.00193863    0.00101741    0.00246655    0.00631590    0.00288106    0.00000000 
Fr_paral         :   0.00000000    0.00214099    0.00136522   -0.02755567   -0.00544440    0.00002511    0.00373755    0.01809579    0.01663699    0.00000000 
max(|Fsp_paral|) :   0.00000000    0.00004281    0.00032005    0.00134092    0.00210963    0.00571249    0.00265275    0.00172346    0.00232903    0.00000000 
max(|Fsp_perp|)  :   0.00000000    0.00000000    0.00000000    0.00000000    0.00000000    0.00000000    0.00000000    0.00000000    0.00000000    0.00000000 
max(|FNEB|)      :   0.00000000    0.00021677    0.00045736    0.00251725    0.00101874    0.00101734    0.00154318    0.00626128    0.00334310    0.00000000 
max(|Force|)     :   0.00136476    0.00112078    0.00091492    0.01610537    0.00378703    0.00101749    0.00365274    0.01127814    0.00938044    0.00139060 
ksp              :   0.01000000    0.01000000    0.01000000    0.08473234    0.10000000    0.10000000    0.09196308    0.04506304    0.01000000 
max(|step|)      :   0.00000000    0.03239576    0.02698567    0.03059305    0.03069232    0.03069930    0.03072704    0.03076530    0.03292928    0.00000000 
angle (deg.)     :    36.1267  61.9023  76.4876  40.8220  96.1603  56.3125  19.8336  74.2638 
>
iteration       : 200
climbing        : yes
zoom on         : no
nim             : 10
barrier         :   0.00722091 (image:  5) 
distance        :   0.00000000    4.79311147    9.55680377   14.20428318   14.77245865   15.31954582   15.73452659   16.09963349   16.86991005   20.10655395 
energy          : -1076.60715217  -1076.61586902  -1076.62443930  -1076.60970359  -1076.60108869  -1076.59993126  -1076.60053384  -1076.60422938  -1076.62193145  -1076.63040402 
max(|Fr_perp|)   :   0.00000000    0.00013518    0.00028525    0.00172950    0.00192982    0.00099694    0.00246082    0.00592760    0.00254464    0.00000000 
Fr_paral         :   0.00000000    0.00213956    0.00135736   -0.02727126   -0.00516240    0.00003263    0.00348336    0.01768220    0.01886317    0.00000000 
max(|Fsp_paral|) :   0.00000000    0.00012993    0.00042728    0.00121765    0.00203798    0.00563360    0.00245136    0.00107114    0.00179259    0.00000000 
max(|Fsp_perp|)  :   0.00000000    0.00000000    0.00000000    0.00000000    0.00000000    0.00000000    0.00000000    0.00000000    0.00000000    0.00000000 
max(|FNEB|)      :   0.00000000    0.00017113    0.00030214    0.00190493    0.00099940    0.00099684    0.00099399    0.00588616    0.00269471    0.00000000 
max(|Force|)     :   0.00136476    0.00107889    0.00071348    0.01608030    0.00360572    0.00099705    0.00353313    0.01099024    0.00970980    0.00139060 
ksp              :   0.01000000    0.01000000    0.01000000    0.08557407    0.10000000    0.10000000    0.09248959    0.04642908    0.01000000 
max(|step|)      :   0.00000000    0.02649556    0.01890197    0.02849874    0.02848182    0.02846923    0.02846321    0.02837590    0.02950044    0.00000000 
angle (deg.)     :    36.4861  61.8565  76.5685  41.8122  97.9796  57.4016  17.3050  74.3416 
>
iteration       : 201
climbing        : yes
zoom on         : no
nim             : 10
barrier         :   0.00717657 (image:  5) 
distance        :   0.00000000    4.83781793    9.60834440   14.26429871   14.82065618   15.36349492   15.77293960   16.14889318   16.86556051   20.11057732 
energy          : -1076.60715217  -1076.61596886  -1076.62449949  -1076.60911958  -1076.60107511  -1076.59997560  -1076.60052339  -1076.60430383  -1076.62093192  -1076.63040402 
max(|Fr_perp|)   :   0.00000000    0.00024962    0.00248889    0.00627740    0.00187973    0.00062629    0.00229723    0.00539322    0.00796317    0.00000000 
Fr_paral         :   0.00000000    0.00217300    0.00133610   -0.02682083   -0.00487124    0.00003526    0.00320628    0.01795081    0.02188347    0.00000000 
max(|Fsp_paral|) :   0.00000000    0.00029813    0.00042162    0.00079787    0.00205854    0.00568170    0.00183918    0.00123615    0.00016858    0.00000000 
max(|Fsp_perp|)  :   0.00000000    0.00000000    0.00000000    0.00000000    0.00000000    0.00000000    0.00000000    0.00000000    0.00000000    0.00000000 
max(|FNEB|)      :   0.00000000    0.00032371    0.00248008    0.00626466    0.00060399    0.00062617    0.00159164    0.00540968    0.00796879    0.00000000 
max(|Force|)     :   0.00136476    0.00094210    0.00250947    0.01604551    0.00346649    0.00062642    0.00326337    0.01090308    0.01258747    0.00139060 
ksp              :   0.01000000    0.01000000    0.01000000    0.08621127    0.10000000    0.10000000    0.09313028    0.04572051    0.01000000 
max(|step|)      :   0.00000000    0.00126303    0.00233665    0.00448174    0.00368139    0.00369934    0.00370848    0.00520835    0.00591611    0.00000000 
angle (deg.)     :    36.5032  61.8732  76.6659  42.0904  98.1390  57.5528  16.0581  74.5266 
>
iteration       : 202
climbing        : yes
zoom on         : no
nim             : 10
barrier         :   0.00717117 (image:  5) 
distance        :   0.00000000    4.83936473    9.60797449   14.27222616   14.82646023   15.36922870   15.77795452   16.15768714   16.86643774   20.11420856 
energy          : -1076.60715217  -1076.61597285  -1076.62450626  -1076.60906525  -1076.60108308  -1076.59998101  -1076.60052459  -1076.60437233  -1076.62092511  -1076.63040402 
max(|Fr_perp|)   :   0.00000000    0.00017122    0.00057968    0.00158930    0.00193201    0.00081324    0.00220777    0.00562565    0.00236735    0.00000000 
Fr_paral         :   0.00000000    0.00214174    0.00136446   -0.02692378   -0.00484035    0.00003226    0.00318543    0.01827870    0.02265663    0.00000000 
max(|Fsp_paral|) :   0.00000000    0.00031356    0.00038420    0.00063544    0.00210633    0.00573186    0.00169777    0.00198481    0.00035228    0.00000000 
max(|Fsp_perp|)  :   0.00000000    0.00000000    0.00000000    0.00000000    0.00000000    0.00000000    0.00000000    0.00000000    0.00000000    0.00000000 
max(|FNEB|)      :   0.00000000    0.00026270    0.00058728    0.00158820    0.00079254    0.00081314    0.00081267    0.00564848    0.00235982    0.00000000 
max(|Force|)     :   0.00136476    0.00102467    0.00082482    0.01580727    0.00349591    0.00081334    0.00317158    0.01072654    0.01300977    0.00139060 
ksp              :   0.01000000    0.01000000    0.01000000    0.08616873    0.10000000    0.10000000    0.09317794    0.04488772    0.01000000 
max(|step|)      :   0.00000000    0.00061751    0.00031928    0.00130298    0.00128523    0.00128191    0.00127988    0.00284168    0.00165595    0.00000000 
angle (deg.)     :    36.5110  61.8734  76.6844  42.1636  98.1434  57.5875  15.6176  74.6172 
>
iteration       : 203
climbing        : yes
zoom on         : no
nim             : 10
barrier         :   0.00716874 (image:  5) 
distance        :   0.00000000    4.84016005    9.60876656   14.27503003   14.82897730   15.37172974   15.78061158   16.15900736   16.86778935   20.11618249 
energy          : -1076.60715217  -1076.61597478  -1076.62450756  -1076.60905326  -1076.60108569  -1076.59998343  -1076.60052835  -1076.60437781  -1076.62093266  -1076.63040402 
max(|Fr_perp|)   :   0.00000000    0.00016408    0.00055230    0.00098080    0.00195472    0.00052017    0.00219996    0.00126382    0.00153756    0.00000000 
Fr_paral         :   0.00000000    0.00213855    0.00135718   -0.02691408   -0.00482975    0.00003185    0.00319107    0.01834963    0.02273362    0.00000000 
max(|Fsp_paral|) :   0.00000000    0.00031714    0.00037683    0.00060796    0.00210976    0.00573299    0.00174309    0.00193472    0.00037709    0.00000000 
max(|Fsp_perp|)  :   0.00000000    0.00000000    0.00000000    0.00000000    0.00000000    0.00000000    0.00000000    0.00000000    0.00000000    0.00000000 
max(|FNEB|)      :   0.00000000    0.00026547    0.00055962    0.00100687    0.00052684    0.00052006    0.00051705    0.00157363    0.00158082    0.00000000 
max(|Force|)     :   0.00136476    0.00103508    0.00077094    0.01586695    0.00351129    0.00052029    0.00316733    0.01074124    0.01292462    0.00139060 
ksp              :   0.01000000    0.01000000    0.01000000    0.08616174    0.10000000    0.10000000    0.09315890    0.04483072    0.01000000 
max(|step|)      :   0.00000000    0.00139660    0.00085503    0.00398299    0.00392777    0.00391951    0.00391554    0.00388995    0.00506782    0.00000000 
angle (deg.)     :    36.5279  61.8779  76.7464  42.3954  98.1478  57.7062  14.6184  74.9304 
>
iteration       : 204
climbing        : yes
zoom on         : no
nim             : 10
barrier         :   0.00716260 (image:  5) 
distance        :   0.00000000    4.84164092    9.60985524   14.28293557   14.83617702   15.37894238   15.78830350   16.16287910   16.87293896   20.12332191 
energy          : -1076.60715217  -1076.61597863  -1076.62450930  -1076.60901176  -1076.60109291  -1076.59998958  -1076.60053733  -1076.60432765  -1076.62094537  -1076.63040402 
max(|Fr_perp|)   :   0.00000000    0.00015613    0.00037069    0.00122575    0.00202200    0.00076861    0.00216695    0.00333076    0.00122709    0.00000000 
Fr_paral         :   0.00000000    0.00213763    0.00134003   -0.02686958   -0.00479887    0.00003082    0.00320343    0.01824546    0.02283170    0.00000000 
max(|Fsp_paral|) :   0.00000000    0.00032555    0.00035043    0.00052726    0.00211730    0.00573911    0.00187194    0.00143899    0.00010827    0.00000000 
max(|Fsp_perp|)  :   0.00000000    0.00000000    0.00000000    0.00000000    0.00000000    0.00000000    0.00000000    0.00000000    0.00000000    0.00000000 
max(|FNEB|)      :   0.00000000    0.00027075    0.00037691    0.00131969    0.00077046    0.00076850    0.00076994    0.00334321    0.00125456    0.00000000 
max(|Force|)     :   0.00136476    0.00104013    0.00066280    0.01594817    0.00355630    0.00076872    0.00314413    0.01075936    0.01265841    0.00139060 
ksp              :   0.01000000    0.01000000    0.01000000    0.08613631    0.10000000    0.10000000    0.09311738    0.04549091    0.01000000 
max(|step|)      :   0.00000000    0.00148960    0.00131659    0.00595576    0.00587441    0.00586314    0.00586067    0.00581535    0.00639047    0.00000000 
angle (deg.)     :    36.5440  61.8854  76.8248  42.7126  98.1318  57.8598  13.7531  75.4347 
>
iteration       : 205
climbing        : yes
zoom on         : no
nim             : 10
barrier         :   0.00715371 (image:  5) 
distance        :   0.00000000    4.84266655    9.61052828   14.29379201   14.84684478   15.38969375   15.79996481   16.16875882   16.88226844   20.13559642 
energy          : -1076.60715217  -1076.61598179  -1076.62450982  -1076.60897535  -1076.60110264  -1076.59999846  -1076.60055074  -1076.60425302  -1076.62095426  -1076.63040402 
max(|Fr_perp|)   :   0.00000000    0.00015332    0.00025770    0.00113403    0.00210741    0.00078080    0.00212064    0.00435516    0.00178269    0.00000000 
Fr_paral         :   0.00000000    0.00214295    0.00132281   -0.02682736   -0.00475406    0.00002954    0.00322373    0.01808562    0.02281205    0.00000000 
max(|Fsp_paral|) :   0.00000000    0.00033182    0.00031190    0.00045188    0.00210568    0.00574073    0.00207345    0.00064728    0.00033667    0.00000000 
max(|Fsp_perp|)  :   0.00000000    0.00000000    0.00000000    0.00000000    0.00000000    0.00000000    0.00000000    0.00000000    0.00000000    0.00000000 
max(|FNEB|)      :   0.00000000    0.00027376    0.00025154    0.00121846    0.00077830    0.00078070    0.00078382    0.00435560    0.00177777    0.00000000 
max(|Force|)     :   0.00136476    0.00102701    0.00063041    0.01597251    0.00360995    0.00078091    0.00311304    0.01066640    0.01226611    0.00139060 
ksp              :   0.01000000    0.01000000    0.01000000    0.08610844    0.10000000    0.10000000    0.09305190    0.04647393    0.01000000 
max(|step|)      :   0.00000000    0.00222861    0.00245979    0.01056726    0.01043875    0.01043121    0.01043103    0.01044127    0.00820463    0.00000000 
angle (deg.)     :    36.5574  61.9004  76.9278  43.1793  98.2136  58.1003  13.9491  76.3086 
>
iteration       : 206
climbing        : yes
zoom on         : no
nim             : 10
barrier         :   0.00713815 (image:  5) 
distance        :   0.00000000    4.84243448    9.61045915   14.31210414   14.86637135   15.40946818   15.82085668   16.18413530   16.90091190   20.15940726 
energy          : -1076.60715217  -1076.61598298  -1076.62450617  -1076.60895061  -1076.60111804  -1076.60001402  -1076.60056760  -1076.60415906  -1076.62090296  -1076.63040402 
max(|Fr_perp|)   :   0.00000000    0.00011758    0.00144902    0.00239239    0.00220677    0.00069797    0.00211409    0.00616819    0.00218396    0.00000000 
Fr_paral         :   0.00000000    0.00213080    0.00134018   -0.02678552   -0.00468536    0.00002571    0.00323004    0.01781300    0.02283412    0.00000000 
max(|Fsp_paral|) :   0.00000000    0.00033033    0.00024522    0.00039823    0.00204946    0.00575290    0.00228799    0.00023759    0.00088110    0.00000000 
max(|Fsp_perp|)  :   0.00000000    0.00000000    0.00000000    0.00000000    0.00000000    0.00000000    0.00000000    0.00000000    0.00000000    0.00000000 
max(|FNEB|)      :   0.00000000    0.00027492    0.00145082    0.00229529    0.00070695    0.00069788    0.00069302    0.00617538    0.00219801    0.00000000 
max(|Force|)     :   0.00136476    0.00106218    0.00142753    0.01583782    0.00366208    0.00069806    0.00311132    0.01046605    0.01203751    0.00139060 
ksp              :   0.01000000    0.01000000    0.01000000    0.08608018    0.10000000    0.10000000    0.09302023    0.04773812    0.01000000 
max(|step|)      :   0.00000000    0.00035326    0.00089993    0.00173776    0.00171835    0.00171187    0.00170938    0.00273841    0.00138927    0.00000000 
angle (deg.)     :    36.5554  61.9020  76.9287  43.2126  98.2583  58.1047  13.8782  76.4009 
>
