NEB log file generated by ORCA
All quantities are given in atomic units. Unless stated otherwise. 
iteration       : 0
climbing        : no
zoom on         : no
nim             : 10
barrier         :   0.09271573 (image:  4) 
distance        :   0.00000000    1.21325582    2.42651163    3.63976745    4.85302326    6.06627908    7.27953489    8.49279071    9.70604652   10.91930234 
energy          : -1076.29318467  -1076.27760270  -1076.24519331  -1076.21598196  -1076.20046894  -1076.20381434  -1076.22508726  -1076.25777652  -1076.29238985  -1076.30995782 
max(|Fr_perp|)   :   0.00000000    0.05017536    0.08606430    0.10796291    0.11594543    0.11081973    0.09780435    0.07564493    0.04285764    0.00000000 
Fr_paral         :   0.00000000   -0.02310335   -0.02798509   -0.02014605   -0.00543558    0.01083030    0.02419395    0.03044329    0.02473077    0.00000000 
max(|Fsp_paral|) :   0.00000000    0.00922682    0.00831694    0.00441749    0.00000048    0.00095205    0.00605554    0.00930599    0.00985314    0.00000000 
max(|Fsp_perp|)  :   0.00000000    0.00000000    0.00000000    0.00000000    0.00000000    0.00000000    0.00000000    0.00000000    0.00000000    0.00000000 
max(|FNEB|)      :   0.00000000    0.05528468    0.09075147    0.11057631    0.11617489    0.11052194    0.09804383    0.07665936    0.04555027    0.00000000 
max(|Force|)     :   0.00175775    0.04968808    0.08469296    0.10552828    0.11546078    0.11246253    0.09839068    0.07628579    0.04333942    0.00155840 
ksp              :   0.02512699    0.05658408    0.08493939    0.10000000    0.10000000    0.09675617    0.07611060    0.04438392    0.01079264 
max(|step|)      :   0.00000000    0.04434589    0.07279512    0.08869735    0.09318818    0.08865373    0.07864459    0.06149131    0.03653756    0.00000000 
angle (deg.)     :    2.4638  1.6124  1.4619  1.4749  1.4447  1.3768  1.4863  2.2128 
>
iteration       : 1
climbing        : no
zoom on         : no
nim             : 10
barrier         :   0.05292189 (image:  4) 
distance        :   0.00000000    1.24864316    2.46145252    3.66324770    4.86259980    6.07313169    7.27024066    8.47419234    9.68813499   10.93839834 
energy          : -1076.29318467  -1076.28576395  -1076.26661372  -1076.24911457  -1076.24026278  -1076.24306427  -1076.25667522  -1076.27725079  -1076.29939056  -1076.30995782 
max(|Fr_perp|)   :   0.00000000    0.02472166    0.03001292    0.03041325    0.03330816    0.03275205    0.02902616    0.02461386    0.02226739    0.00000000 
Fr_paral         :   0.00000000   -0.01336070   -0.01747702   -0.01231167   -0.00278199    0.00726413    0.01574321    0.01995519    0.01584080    0.00000000 
max(|Fsp_paral|) :   0.00000000    0.00932195    0.00844887    0.00428601    0.00026867    0.00169346    0.00655193    0.01007718    0.00788088    0.00000000 
max(|Fsp_perp|)  :   0.00000000    0.00000000    0.00000000    0.00000000    0.00000000    0.00000000    0.00000000    0.00000000    0.00000000    0.00000000 
max(|FNEB|)      :   0.00000000    0.02426082    0.02925628    0.03176665    0.03338785    0.03224036    0.02699727    0.02024283    0.01914097    0.00000000 
max(|Force|)     :   0.00175775    0.02666260    0.03038625    0.02947672    0.03310412    0.03327856    0.03019574    0.02669822    0.02378625    0.00155840 
ksp              :   0.02261983    0.05518707    0.08494647    0.10000000    0.10000000    0.09523575    0.07208869    0.03709748    0.01000000 
max(|step|)      :   0.00000000    0.02069349    0.02519788    0.02692271    0.02838677    0.02746368    0.02327560    0.01807295    0.01635611    0.00000000 
angle (deg.)     :    3.9396  2.4308  1.7854  1.8624  1.7710  1.6387  2.1410  3.5458 
>
iteration       : 2
climbing        : no
zoom on         : no
nim             : 10
barrier         :   0.04705707 (image:  4) 
distance        :   0.00000000    1.28286853    2.49414386    3.68268513    4.86874715    6.07336828    7.25442860    8.44728487    9.66869047   10.94841489 
energy          : -1076.29318467  -1076.28797690  -1076.27113202  -1076.25453647  -1076.24612760  -1076.24874583  -1076.26145464  -1076.28075174  -1076.30111269  -1076.30995782 
max(|Fr_perp|)   :   0.00000000    0.02329149    0.02835117    0.02202759    0.02364489    0.02297904    0.02022626    0.02137297    0.01853826    0.00000000 
Fr_paral         :   0.00000000   -0.01122569   -0.01675199   -0.01223136   -0.00283769    0.00715890    0.01528966    0.01915428    0.01418880    0.00000000 
max(|Fsp_paral|) :   0.00000000    0.00907535    0.00874446    0.00449765    0.00044259    0.00197226    0.00666401    0.01035148    0.00690613    0.00000000 
max(|Fsp_perp|)  :   0.00000000    0.00000000    0.00000000    0.00000000    0.00000000    0.00000000    0.00000000    0.00000000    0.00000000    0.00000000 
max(|FNEB|)      :   0.00000000    0.01786174    0.02256275    0.02349769    0.02377879    0.02238191    0.01838450    0.01627990    0.01559554    0.00000000 
max(|Force|)     :   0.00175775    0.02491465    0.03100821    0.02107164    0.02343630    0.02349498    0.02123719    0.02363723    0.02000476    0.00155840 
ksp              :   0.01996023    0.05217727    0.08391744    0.10000000    0.10000000    0.09499246    0.07068595    0.03377887    0.01000000 
max(|step|)      :   0.00000000    0.07775653    0.09984959    0.09969637    0.10000000    0.09352577    0.07819894    0.07191782    0.06757950    0.00000000 
angle (deg.)     :    8.4742  8.1941  4.2261  5.1493  4.5237  3.7171  6.7203  8.6411 
>
iteration       : 3
climbing        : no
zoom on         : no
nim             : 10
barrier         :   0.03784253 (image:  4) 
distance        :   0.00000000    1.47396278    2.69663684    3.81543942    4.93365764    6.09795130    7.20063331    8.33345703    9.63178186   11.05816644 
energy          : -1076.29318467  -1076.29232300  -1076.28271194  -1076.26510790  -1076.25534214  -1076.25712270  -1076.26908574  -1076.28802772  -1076.30473992  -1076.30995782 
max(|Fr_perp|)   :   0.00000000    0.00715488    0.02612657    0.02305576    0.01214677    0.01162099    0.01321637    0.01536649    0.00900168    0.00000000 
Fr_paral         :   0.00000000   -0.00328708   -0.01566301   -0.01530433   -0.00373523    0.00664852    0.01636794    0.01859246    0.00845018    0.00000000 
max(|Fsp_paral|) :   0.00000000    0.00605125    0.01004911    0.00589113    0.00105183    0.00247126    0.00673133    0.01112121    0.00358640    0.00000000 
max(|Fsp_perp|)  :   0.00000000    0.00000000    0.00000000    0.00000000    0.00000000    0.00000000    0.00000000    0.00000000    0.00000000    0.00000000 
max(|FNEB|)      :   0.00000000    0.00777013    0.01775862    0.01777112    0.01151377    0.01192833    0.01156150    0.01375737    0.00735430    0.00000000 
max(|Force|)     :   0.00175775    0.00721411    0.02918922    0.02619447    0.01275114    0.01153848    0.01596061    0.01816409    0.01031948    0.00155840 
ksp              :   0.01205741    0.03492541    0.07678576    0.10000000    0.10000000    0.09576148    0.06731323    0.02227413    0.01000000 
max(|step|)      :   0.00000000    0.03761766    0.08597515    0.08603563    0.05574180    0.05774883    0.05597288    0.06660380    0.03560449    0.00000000 
angle (deg.)     :    6.1860  14.9840  8.3471  8.9113  7.2748  6.2107  12.2572  8.5052 
>
iteration       : 4
climbing        : no
zoom on         : no
nim             : 10
barrier         :   0.03908698 (image:  4) 
distance        :   0.00000000    1.59824715    2.93669955    3.98011588    5.00420390    6.09867350    7.11902648    8.17191572    9.64342340   11.14979221 
energy          : -1076.29318467  -1076.29218721  -1076.28568432  -1076.26724252  -1076.25409769  -1076.25499655  -1076.26823601  -1076.28708838  -1076.30359034  -1076.30995782 
max(|Fr_perp|)   :   0.00000000    0.01505165    0.02514637    0.02982454    0.03372724    0.03368959    0.02219821    0.03668148    0.02938121    0.00000000 
Fr_paral         :   0.00000000   -0.00199346   -0.01402335   -0.02197865   -0.00569708    0.00716011    0.01982259    0.01780464    0.00684706    0.00000000 
max(|Fsp_paral|) :   0.00000000    0.00418780    0.00841742    0.00797933    0.00154063    0.00206617    0.00664332    0.00813705    0.00499975    0.00000000 
max(|Fsp_perp|)  :   0.00000000    0.00000000    0.00000000    0.00000000    0.00000000    0.00000000    0.00000000    0.00000000    0.00000000    0.00000000 
max(|FNEB|)      :   0.00000000    0.01845834    0.02275638    0.02790389    0.03383534    0.03354751    0.02573612    0.03907858    0.03013964    0.00000000 
max(|Force|)     :   0.00175775    0.01464874    0.02603407    0.03117622    0.03364229    0.03379688    0.02287568    0.03548264    0.02912559    0.00155840 
ksp              :   0.01229671    0.02727000    0.06973329    0.10000000    0.10000000    0.09793033    0.06744572    0.02403705    0.01000000 
max(|step|)      :   0.00000000    0.03260801    0.06926697    0.07236347    0.04822686    0.03186112    0.04435860    0.06406257    0.03074024    0.00000000 
angle (deg.)     :    6.7933  19.3656  14.5337  13.3189  10.3459  9.5748  16.9071  8.5002 
>
iteration       : 5
climbing        : no
zoom on         : no
nim             : 10
barrier         :   0.03705419 (image:  5) 
distance        :   0.00000000    1.71173306    3.17167840    4.15938821    5.10340007    6.13548337    7.08381134    8.07724470    9.70030459   11.29135699 
energy          : -1076.29318467  -1076.29254055  -1076.28741971  -1076.27135634  -1076.25623476  -1076.25613048  -1076.26852637  -1076.28855088  -1076.30493407  -1076.30995782 
max(|Fr_perp|)   :   0.00000000    0.01518517    0.02335360    0.02858734    0.03060852    0.02984019    0.02673932    0.02129112    0.01310060    0.00000000 
Fr_paral         :   0.00000000   -0.00137502   -0.00941933   -0.02620386   -0.00695963    0.00652086    0.02227170    0.02021466    0.00637057    0.00000000 
max(|Fsp_paral|) :   0.00000000    0.00380529    0.00622730    0.01057195    0.00224773    0.00207701    0.00686140    0.00806677    0.00460319    0.00000000 
max(|Fsp_perp|)  :   0.00000000    0.00000000    0.00000000    0.00000000    0.00000000    0.00000000    0.00000000    0.00000000    0.00000000    0.00000000 
max(|FNEB|)      :   0.00000000    0.01624193    0.02377105    0.02912295    0.03081211    0.02965583    0.02607170    0.02016703    0.01246138    0.00000000 
max(|Force|)     :   0.00175775    0.01508970    0.02323526    0.02824525    0.03047641    0.02996417    0.02724291    0.02188094    0.01330976    0.00155840 
ksp              :   0.01156450    0.02400238    0.06301829    0.09974670    0.10000000    0.10000000    0.06989192    0.02125490    0.01000000 
max(|step|)      :   0.00000000    0.05032086    0.09523764    0.09757292    0.06643653    0.04617277    0.06967616    0.10000000    0.03855719    0.00000000 
angle (deg.)     :    8.3438  23.5748  26.8959  21.0074  16.0635  15.7332  24.1126  9.4606 
>
iteration       : 6
climbing        : no
zoom on         : no
nim             : 10
barrier         :   0.03682806 (image:  5) 
distance        :   0.00000000    1.88590074    3.52723473    4.45548443    5.30330938    6.25079314    7.11106221    8.01972794    9.87831407   11.60647292 
energy          : -1076.29318467  -1076.29277791  -1076.28740380  -1076.27596257  -1076.25765379  -1076.25635661  -1076.26843897  -1076.28834748  -1076.30473009  -1076.30995782 
max(|Fr_perp|)   :   0.00000000    0.01398755    0.01981094    0.02362580    0.02529435    0.02469076    0.02222052    0.01803605    0.01133837    0.00000000 
Fr_paral         :   0.00000000   -0.00030763    0.00047185   -0.02968390   -0.00865685    0.00563075    0.02598497    0.01882821    0.00534977    0.00000000 
max(|Fsp_paral|) :   0.00000000    0.00472128    0.00195084    0.01433239    0.00380672    0.00255341    0.00735453    0.00619538    0.00581141    0.00000000 
max(|Fsp_perp|)  :   0.00000000    0.00000000    0.00000000    0.00000000    0.00000000    0.00000000    0.00000000    0.00000000    0.00000000    0.00000000 
max(|FNEB|)      :   0.00000000    0.01558487    0.02178254    0.02414819    0.02563718    0.02461903    0.02179838    0.01738215    0.01060238    0.00000000 
max(|Force|)     :   0.00175775    0.01401625    0.01997887    0.02346267    0.02525512    0.02487719    0.02278424    0.01861460    0.01155530    0.00155840 
ksp              :   0.01101703    0.02416500    0.05210124    0.09683305    0.10000000    0.10000000    0.07047678    0.02183955    0.01000000 
max(|step|)      :   0.00000000    0.03232987    0.04518655    0.05009395    0.05318278    0.05107068    0.04521941    0.03605821    0.02199399    0.00000000 
angle (deg.)     :    6.5229  18.9672  30.3503  20.5514  17.2885  16.9540  24.7545  8.9465 
>
iteration       : 7
climbing        : yes
zoom on         : no
nim             : 10
barrier         :   0.03441091 (image:  5) 
distance        :   0.00000000    1.92279609    3.53217366    4.52227794    5.32004627    6.22438517    7.05815082    7.96999609    9.83636399   11.61278628 
energy          : -1076.29318467  -1076.29406705  -1076.29033293  -1076.27719170  -1076.26019013  -1076.25877376  -1076.27003471  -1076.28964804  -1076.30538578  -1076.30995782 
max(|Fr_perp|)   :   0.00000000    0.00760418    0.01052690    0.01589876    0.01758036    0.01610705    0.01179072    0.01045792    0.00937282    0.00000000 
Fr_paral         :   0.00000000   -0.00075528   -0.00611748   -0.03112861   -0.00882690    0.00528780    0.02537917    0.01854702    0.00460112    0.00000000 
max(|Fsp_paral|) :   0.00000000    0.00224786    0.00525093    0.01083043    0.00420832    0.00210878    0.00661568    0.00751483    0.00455110    0.00000000 
max(|Fsp_perp|)  :   0.00000000    0.00000000    0.00000000    0.00000000    0.00000000    0.00000000    0.00000000    0.00000000    0.00000000    0.00000000 
max(|FNEB|)      :   0.00000000    0.00948705    0.01052821    0.01809298    0.01903793    0.01609934    0.01447787    0.01033857    0.00987458    0.00000000 
max(|Force|)     :   0.00175775    0.00754120    0.01109396    0.01666395    0.01695680    0.01678580    0.01528190    0.01364748    0.00990539    0.00155840 
ksp              :   0.01000000    0.01747175    0.05184257    0.09630053    0.10000000    0.10000000    0.07054347    0.01925585    0.01000000 
max(|step|)      :   0.00000000    0.00969562    0.01075967    0.01849076    0.01945648    0.01645329    0.01479617    0.01056586    0.01009167    0.00000000 
angle (deg.)     :    6.0794  18.8077  30.8970  20.3182  17.7840  17.4568  25.1279  8.5407 
>
iteration       : 8
climbing        : yes
zoom on         : no
nim             : 10
barrier         :   0.03374142 (image:  5) 
distance        :   0.00000000    1.93146202    3.55644002    4.55565451    5.33832315    6.22200278    7.04379081    7.94898734    9.82877928   11.62301809 
energy          : -1076.29318467  -1076.29431739  -1076.29074871  -1076.27763692  -1076.26095415  -1076.25944326  -1076.27032364  -1076.28970606  -1076.30561110  -1076.30995782 
max(|Fr_perp|)   :   0.00000000    0.00424572    0.00673869    0.01057127    0.01005950    0.00778284    0.00622043    0.00754715    0.00687849    0.00000000 
Fr_paral         :   0.00000000   -0.00093435   -0.00627989   -0.03100180   -0.00898629    0.00503509    0.02523797    0.01895102    0.00514871    0.00000000 
max(|Fsp_paral|) :   0.00000000    0.00189654    0.00554904    0.01013854    0.00414161    0.00186689    0.00626573    0.00749926    0.00458467    0.00000000 
max(|Fsp_perp|)  :   0.00000000    0.00000000    0.00000000    0.00000000    0.00000000    0.00000000    0.00000000    0.00000000    0.00000000    0.00000000 
max(|FNEB|)      :   0.00000000    0.00545496    0.00803236    0.01343715    0.01199213    0.00776162    0.00758376    0.00870915    0.00802568    0.00000000 
max(|Force|)     :   0.00175775    0.00409506    0.00802185    0.01811242    0.00875223    0.00851484    0.01325988    0.01165326    0.00700358    0.00155840 
ksp              :   0.01000000    0.01649754    0.05147122    0.09596992    0.10000000    0.10000000    0.07097825    0.01927866    0.01000000 
max(|step|)      :   0.00000000    0.00449452    0.01039360    0.01192845    0.00962925    0.00956655    0.00831838    0.01101458    0.00643584    0.00000000 
angle (deg.)     :    6.1215  18.7204  31.6138  20.0560  18.4635  18.0327  25.7110  8.3952 
>
iteration       : 9
climbing        : yes
zoom on         : no
nim             : 10
barrier         :   0.03367395 (image:  5) 
distance        :   0.00000000    1.94178642    3.58879399    4.59678761    5.36206074    6.22200905    7.02845586    7.92478522    9.82108837   11.63850946 
energy          : -1076.29318467  -1076.29441114  -1076.29090790  -1076.27745474  -1076.26107525  -1076.25951072  -1076.27016821  -1076.28959796  -1076.30562742  -1076.30995782 
max(|Fr_perp|)   :   0.00000000    0.00479701    0.00725773    0.01219141    0.01167126    0.00929773    0.00724765    0.00652327    0.00540643    0.00000000 
Fr_paral         :   0.00000000   -0.00086038   -0.00674966   -0.03131289   -0.00925736    0.00494263    0.02534923    0.01962834    0.00525882    0.00000000 
max(|Fsp_paral|) :   0.00000000    0.00179338    0.00583844    0.00901035    0.00401972    0.00163532    0.00583132    0.00729659    0.00475687    0.00000000 
max(|Fsp_perp|)  :   0.00000000    0.00000000    0.00000000    0.00000000    0.00000000    0.00000000    0.00000000    0.00000000    0.00000000    0.00000000 
max(|FNEB|)      :   0.00000000    0.00594378    0.00898724    0.01465798    0.01348259    0.00939696    0.00850848    0.00851359    0.00878591    0.00000000 
max(|Force|)     :   0.00175775    0.00465765    0.00759356    0.01910529    0.01035070    0.01000182    0.01378094    0.01125300    0.00580264    0.00155840 
ksp              :   0.01000000    0.01608511    0.05204122    0.09581849    0.10000000    0.10000000    0.07151583    0.01958617    0.01000000 
max(|step|)      :   0.00000000    0.03956872    0.09492224    0.10000000    0.06689897    0.05677580    0.06296670    0.09722180    0.05926795    0.00000000 
angle (deg.)     :    7.1918  19.1912  39.6484  17.1115  25.5689  23.4994  32.4821  8.2397 
>
iteration       : 10
climbing        : yes
zoom on         : no
nim             : 10
barrier         :   0.03433504 (image:  5) 
distance        :   0.00000000    2.03419154    3.89999344    4.95666084    5.59706016    6.26372251    6.96099709    7.78162320    9.81785000   11.85393976 
energy          : -1076.29318467  -1076.29469515  -1076.29077718  -1076.27526648  -1076.26070373  -1076.25884963  -1076.26762264  -1076.28684102  -1076.30432816  -1076.30995782 
max(|Fr_perp|)   :   0.00000000    0.00798288    0.01257506    0.01393460    0.01559960    0.01526047    0.01324092    0.01881530    0.01937410    0.00000000 
Fr_paral         :   0.00000000   -0.00063004   -0.00962602   -0.03491889   -0.01152329    0.00417431    0.02552452    0.02413229    0.00582482    0.00000000 
max(|Fsp_paral|) :   0.00000000    0.00258751    0.00656415    0.00033830    0.00213581    0.00107891    0.00249354    0.00264500    0.00855767    0.00000000 
max(|Fsp_perp|)  :   0.00000000    0.00000000    0.00000000    0.00000000    0.00000000    0.00000000    0.00000000    0.00000000    0.00000000    0.00000000 
max(|FNEB|)      :   0.00000000    0.00751843    0.01242485    0.01412024    0.01578242    0.01530112    0.01315033    0.01849157    0.01990382    0.00000000 
max(|Force|)     :   0.00175775    0.00806040    0.01429904    0.02453802    0.01557574    0.01537995    0.01438995    0.02074836    0.02000932    0.00155840 
ksp              :   0.01000000    0.01632498    0.05698247    0.09514510    0.10000000    0.10000000    0.07700610    0.02666655    0.01000000 
max(|step|)      :   0.00000000    0.00855116    0.01413152    0.01605979    0.01795029    0.01740288    0.01495666    0.02103157    0.02263781    0.00000000 
angle (deg.)     :    7.4819  19.5867  40.1211  17.1865  25.6382  22.9856  33.7601  8.4574 
>
iteration       : 11
climbing        : yes
zoom on         : no
nim             : 10
barrier         :   0.03353889 (image:  5) 
distance        :   0.00000000    2.04631998    3.93930561    4.97438820    5.61966957    6.27552383    6.97124136    7.79172625    9.80876104   11.88455068 
energy          : -1076.29318467  -1076.29500811  -1076.29134811  -1076.27626637  -1076.26157790  -1076.25964578  -1076.26818968  -1076.28752026  -1076.30463402  -1076.30995782 
max(|Fr_perp|)   :   0.00000000    0.00445057    0.01007014    0.00833661    0.00998032    0.00865084    0.00904355    0.01567600    0.01586010    0.00000000 
Fr_paral         :   0.00000000   -0.00041300   -0.00946725   -0.03522442   -0.01170978    0.00395966    0.02540069    0.02410617    0.00550333    0.00000000 
max(|Fsp_paral|) :   0.00000000    0.00199997    0.00646799    0.00179490    0.00167184    0.00141184    0.00243261    0.00376557    0.00758366    0.00000000 
max(|Fsp_perp|)  :   0.00000000    0.00000000    0.00000000    0.00000000    0.00000000    0.00000000    0.00000000    0.00000000    0.00000000    0.00000000 
max(|FNEB|)      :   0.00000000    0.00603027    0.00936750    0.00853672    0.01026223    0.00840443    0.00957424    0.01565669    0.01639750    0.00000000 
max(|Force|)     :   0.00175775    0.00436693    0.01177568    0.02270437    0.00924053    0.00889724    0.01205435    0.01637141    0.01606420    0.00155840 
ksp              :   0.01000000    0.01492832    0.05539944    0.09481523    0.10000000    0.10000000    0.07707286    0.02520017    0.01000000 
max(|step|)      :   0.00000000    0.00378211    0.00974528    0.00785510    0.00915896    0.00909199    0.00778069    0.00561830    0.00846869    0.00000000 
angle (deg.)     :    7.5898  20.0385  40.4631  17.2630  25.7963  22.6196  34.7793  8.5606 
>
iteration       : 12
climbing        : yes
zoom on         : no
nim             : 10
barrier         :   0.03333041 (image:  5) 
distance        :   0.00000000    2.05543861    3.97414244    4.99208411    5.63913294    6.28637522    6.98082427    7.79875277    9.80293583   11.91157520 
energy          : -1076.29318467  -1076.29510634  -1076.29153550  -1076.27664762  -1076.26183815  -1076.25985426  -1076.26828280  -1076.28791737  -1076.30491558  -1076.30995782 
max(|Fr_perp|)   :   0.00000000    0.00320648    0.00845456    0.00686578    0.00751518    0.00638030    0.00572938    0.00774189    0.00770845    0.00000000 
Fr_paral         :   0.00000000   -0.00036486   -0.00932892   -0.03537619   -0.01177388    0.00375143    0.02542477    0.02442957    0.00549039    0.00000000 
max(|Fsp_paral|) :   0.00000000    0.00184337    0.00625416    0.00264236    0.00133971    0.00168742    0.00241928    0.00453220    0.00692222    0.00000000 
max(|Fsp_perp|)  :   0.00000000    0.00000000    0.00000000    0.00000000    0.00000000    0.00000000    0.00000000    0.00000000    0.00000000    0.00000000 
max(|FNEB|)      :   0.00000000    0.00466021    0.00903610    0.00715039    0.00773288    0.00615452    0.00623879    0.00765124    0.00790380    0.00000000 
max(|Force|)     :   0.00175775    0.00313262    0.01016366    0.02181546    0.00718589    0.00660607    0.01164881    0.01246613    0.00834810    0.00155840 
ksp              :   0.01000000    0.01445317    0.05465396    0.09464305    0.10000000    0.10000000    0.07724095    0.02422295    0.01000000 
max(|step|)      :   0.00000000    0.01881529    0.05498511    0.03016499    0.03503155    0.03469821    0.02966576    0.03089946    0.04633858    0.00000000 
angle (deg.)     :    8.4051  23.3135  42.0215  17.7299  26.7447  20.6205  40.5535  9.4494 
>
iteration       : 13
climbing        : yes
zoom on         : no
nim             : 10
barrier         :   0.03363707 (image:  5) 
distance        :   0.00000000    2.10560750    4.17230485    5.10262043    5.75022639    6.35432119    7.04242384    7.83833186    9.78747103   12.07606014 
energy          : -1076.29318467  -1076.29518061  -1076.29152864  -1076.27724230  -1076.26177361  -1076.25954761  -1076.26754295  -1076.28782174  -1076.30432691  -1076.30995782 
max(|Fr_perp|)   :   0.00000000    0.00724456    0.01167705    0.01379220    0.01565416    0.01560684    0.01387280    0.01094632    0.00696335    0.00000000 
Fr_paral         :   0.00000000   -0.00027867   -0.00841595   -0.03605870   -0.01215565    0.00283794    0.02500432    0.02460940    0.00546816    0.00000000 
max(|Fsp_paral|) :   0.00000000    0.00225914    0.00451753    0.00585711    0.00020163    0.00314000    0.00245184    0.00517448    0.00617481    0.00000000 
max(|Fsp_perp|)  :   0.00000000    0.00000000    0.00000000    0.00000000    0.00000000    0.00000000    0.00000000    0.00000000    0.00000000    0.00000000 
max(|FNEB|)      :   0.00000000    0.00697662    0.01118567    0.01355201    0.01562214    0.01562021    0.01397399    0.01113708    0.00842324    0.00000000 
max(|Force|)     :   0.00175775    0.00725259    0.01186386    0.01854160    0.01572802    0.01559346    0.01387223    0.01168003    0.00684464    0.00155840 
ksp              :   0.01000000    0.01443091    0.05265574    0.09404406    0.10000000    0.10000000    0.07860749    0.02434917    0.01000000 
max(|step|)      :   0.00000000    0.02947059    0.07204202    0.03948150    0.02452916    0.02083027    0.01823045    0.04242468    0.06494308    0.00000000 
angle (deg.)     :    9.5788  28.9294  43.2916  18.1803  28.1416  18.2662  48.5418  10.8224 
>
iteration       : 14
climbing        : yes
zoom on         : no
nim             : 10
barrier         :   0.03388996 (image:  5) 
distance        :   0.00000000    2.18202092    4.43206903    5.26971524    5.89969733    6.45890167    7.13992793    7.91635663    9.78471600   12.32481291 
energy          : -1076.29318467  -1076.29541086  -1076.29134714  -1076.27743006  -1076.26186605  -1076.25929471  -1076.26661162  -1076.28669328  -1076.30214811  -1076.30995782 
max(|Fr_perp|)   :   0.00000000    0.00672692    0.01112263    0.01350097    0.01487920    0.01481643    0.01326893    0.02344642    0.02709876    0.00000000 
Fr_paral         :   0.00000000   -0.00018737   -0.00706860   -0.03649989   -0.01289315    0.00163225    0.02406838    0.02276807    0.00488357    0.00000000 
max(|Fsp_paral|) :   0.00000000    0.00301651    0.00254771    0.00779750    0.00121608    0.00474357    0.00220744    0.00441265    0.00637494    0.00000000 
max(|Fsp_perp|)  :   0.00000000    0.00000000    0.00000000    0.00000000    0.00000000    0.00000000    0.00000000    0.00000000    0.00000000    0.00000000 
max(|FNEB|)      :   0.00000000    0.00638296    0.01086084    0.01327805    0.01485769    0.01481941    0.01336186    0.02256872    0.02618701    0.00000000 
max(|Force|)     :   0.00175775    0.00673217    0.01127327    0.01629417    0.01492235    0.01481346    0.01331440    0.02516432    0.02727326    0.00155840 
ksp              :   0.01000000    0.01487984    0.05183880    0.09317141    0.10000000    0.10000000    0.08056881    0.02723889    0.01000000 
max(|step|)      :   0.00000000    0.04461952    0.10000000    0.05911068    0.03853580    0.02679549    0.02515322    0.05818186    0.09614451    0.00000000 
angle (deg.)     :    10.8747  38.7276  43.8978  18.4373  30.4453  15.5273  59.6773  12.2314 
>
iteration       : 15
climbing        : yes
zoom on         : no
nim             : 10
barrier         :   0.03434517 (image:  5) 
distance        :   0.00000000    2.30351757    4.78993769    5.52953667    6.12584766    6.64205253    7.31936531    8.09900691    9.82846981   12.73959596 
energy          : -1076.29318467  -1076.29568731  -1076.29127449  -1076.27717532  -1076.26185658  -1076.25883950  -1076.26517258  -1076.28657689  -1076.30136371  -1076.30995782 
max(|Fr_perp|)   :   0.00000000    0.00552089    0.01089132    0.01416496    0.01660338    0.01657913    0.01421014    0.01529084    0.01469459    0.00000000 
Fr_paral         :   0.00000000   -0.00014414   -0.00539754   -0.03669846   -0.01383971    0.00016703    0.02201635    0.02307695    0.00537882    0.00000000 
max(|Fsp_paral|) :   0.00000000    0.00372804    0.00030824    0.00867716    0.00155373    0.00649063    0.00110210    0.00727943    0.00450623    0.00000000 
max(|Fsp_perp|)  :   0.00000000    0.00000000    0.00000000    0.00000000    0.00000000    0.00000000    0.00000000    0.00000000    0.00000000    0.00000000 
max(|FNEB|)      :   0.00000000    0.00793858    0.01121358    0.01412698    0.01669541    0.01663488    0.01418150    0.01403049    0.01420050    0.00000000 
max(|Force|)     :   0.00175775    0.00556149    0.00942567    0.01549381    0.01668260    0.01663569    0.01566545    0.01764698    0.01510742    0.00155840 
ksp              :   0.01000000    0.01503165    0.05195162    0.09210181    0.10000000    0.10000000    0.08340357    0.02733193    0.01000000 
max(|step|)      :   0.00000000    0.00947167    0.01337913    0.01685516    0.01991961    0.01984740    0.01692022    0.01674004    0.01694288    0.00000000 
angle (deg.)     :    10.9290  39.3080  43.3920  17.8324  30.6306  15.3181  59.4644  12.5594 
>
iteration       : 16
climbing        : yes
zoom on         : no
nim             : 10
barrier         :   0.03337177 (image:  5) 
distance        :   0.00000000    2.32132576    4.79318040    5.54653071    6.11861608    6.63841547    7.31363622    8.07383241    9.79283576   12.72566150 
energy          : -1076.29318467  -1076.29594045  -1076.29229887  -1076.27740556  -1076.26294474  -1076.25981290  -1076.26589505  -1076.28657067  -1076.30165630  -1076.30995782 
max(|Fr_perp|)   :   0.00000000    0.00482233    0.00660757    0.00787443    0.00994467    0.00929431    0.00900876    0.01286699    0.01539901    0.00000000 
Fr_paral         :   0.00000000    0.00013582   -0.00746771   -0.03685300   -0.01430195   -0.00000225    0.02170173    0.02513749    0.00554215    0.00000000 
max(|Fsp_paral|) :   0.00000000    0.00193732    0.00268225    0.00670316    0.00018715    0.00613571    0.00160756    0.00640816    0.00458813    0.00000000 
max(|Fsp_perp|)  :   0.00000000    0.00000000    0.00000000    0.00000000    0.00000000    0.00000000    0.00000000    0.00000000    0.00000000    0.00000000 
max(|FNEB|)      :   0.00000000    0.00551248    0.00908568    0.00967607    0.00994334    0.00929434    0.00948929    0.01408942    0.01480978    0.00000000 
max(|Force|)     :   0.00175775    0.00482235    0.00749857    0.01633442    0.00980444    0.00929429    0.01087709    0.01648506    0.01556598    0.00155840 
ksp              :   0.01000000    0.01238890    0.05255455    0.09155379    0.10000000    0.10000000    0.08359712    0.02783723    0.01000000 
max(|step|)      :   0.00000000    0.00428428    0.01086281    0.01212385    0.01306944    0.01301168    0.01095855    0.01017679    0.00586163    0.00000000 
angle (deg.)     :    10.9078  39.8435  42.9248  17.3359  30.8839  15.1143  59.2952  12.8738 
>
iteration       : 17
climbing        : yes
zoom on         : no
nim             : 10
barrier         :   0.03293816 (image:  5) 
distance        :   0.00000000    2.33254364    4.80188883    5.56114789    6.11590071    6.63720475    7.30950989    8.05437911    9.76351533   12.71667849 
energy          : -1076.29318467  -1076.29607474  -1076.29273901  -1076.27725974  -1076.26344051  -1076.26024652  -1076.26617957  -1076.28651321  -1076.30200206  -1076.30995782 
max(|Fr_perp|)   :   0.00000000    0.00277929    0.00441144    0.00519397    0.00681518    0.00636158    0.00566144    0.00542969    0.00634813    0.00000000 
Fr_paral         :   0.00000000    0.00019937   -0.00904165   -0.03679826   -0.01457412   -0.00009326    0.02163156    0.02690008    0.00578360    0.00000000 
max(|Fsp_paral|) :   0.00000000    0.00114661    0.00393588    0.00522350    0.00070521    0.00593293    0.00194442    0.00575978    0.00462346    0.00000000 
max(|Fsp_perp|)  :   0.00000000    0.00000000    0.00000000    0.00000000    0.00000000    0.00000000    0.00000000    0.00000000    0.00000000    0.00000000 
max(|FNEB|)      :   0.00000000    0.00368871    0.00696471    0.00691324    0.00683197    0.00636253    0.00623748    0.00679544    0.00673254    0.00000000 
max(|Force|)     :   0.00175775    0.00282069    0.00716372    0.01751036    0.00668020    0.00636063    0.01034467    0.01193501    0.00708440    0.00155840 
ksp              :   0.01000000    0.01121771    0.05351318    0.09127275    0.10000000    0.10000000    0.08378856    0.02822906    0.01000000 
max(|step|)      :   0.00000000    0.01223421    0.03281957    0.03468298    0.03105688    0.03086966    0.02594591    0.03230619    0.02087680    0.00000000 
angle (deg.)     :    11.1728  42.0506  41.0903  15.8136  31.8592  14.0758  59.0021  14.3764 
>
iteration       : 18
climbing        : yes
zoom on         : no
nim             : 10
barrier         :   0.03266481 (image:  5) 
distance        :   0.00000000    2.36171481    4.85382777    5.61327407    6.12299728    6.64320498    7.30083296    7.99853658    9.67022204   12.70247966 
energy          : -1076.29318467  -1076.29624482  -1076.29288142  -1076.27595421  -1076.26374844  -1076.26051986  -1076.26611694  -1076.28501692  -1076.30188979  -1076.30995782 
max(|Fr_perp|)   :   0.00000000    0.00222102    0.00480770    0.00459542    0.00508897    0.00506834    0.00460019    0.00348457    0.00350344    0.00000000 
Fr_paral         :   0.00000000    0.00025666   -0.01322141   -0.03643405   -0.01499280   -0.00002622    0.02110329    0.03039473    0.00660313    0.00000000 
max(|Fsp_paral|) :   0.00000000    0.00088958    0.00532070    0.00143724    0.00262655    0.00537287    0.00269255    0.00187832    0.00586137    0.00000000 
max(|Fsp_perp|)  :   0.00000000    0.00000000    0.00000000    0.00000000    0.00000000    0.00000000    0.00000000    0.00000000    0.00000000    0.00000000 
max(|FNEB|)      :   0.00000000    0.00241682    0.00547041    0.00473743    0.00513630    0.00506830    0.00449970    0.00336016    0.00739864    0.00000000 
max(|Force|)     :   0.00175775    0.00222695    0.00849348    0.02022032    0.00743783    0.00506837    0.00867236    0.01369173    0.00437602    0.00155840 
ksp              :   0.01000000    0.01083552    0.05747439    0.09110442    0.10000000    0.10000000    0.08457860    0.03250427    0.01000000 
max(|step|)      :   0.00000000    0.01245155    0.02019377    0.02226542    0.01431144    0.01342316    0.01499692    0.02077990    0.02520995    0.00000000 
angle (deg.)     :    11.8179  44.6628  38.8875  14.5223  32.6699  12.8270  59.4094  16.1021 
>
iteration       : 19
climbing        : yes
zoom on         : no
nim             : 10
barrier         :   0.03273397 (image:  5) 
distance        :   0.00000000    2.38998774    4.92350434    5.66419971    6.15128837    6.66135692    7.29905774    7.97223908    9.58436434   12.71544615 
energy          : -1076.29318467  -1076.29634489  -1076.29248099  -1076.27482899  -1076.26355647  -1076.26045071  -1076.26568407  -1076.28341732  -1076.30108448  -1076.30995782 
max(|Fr_perp|)   :   0.00000000    0.00208636    0.00815868    0.00553018    0.00651610    0.00648237    0.00528578    0.01260697    0.01572455    0.00000000 
Fr_paral         :   0.00000000    0.00026882   -0.01583537   -0.03589483   -0.01489586    0.00004692    0.02028569    0.03119380    0.00694968    0.00000000 
max(|Fsp_paral|) :   0.00000000    0.00166449    0.00480115    0.00012219    0.00303689    0.00496278    0.00244223    0.00071924    0.00676080    0.00000000 
max(|Fsp_perp|)  :   0.00000000    0.00000000    0.00000000    0.00000000    0.00000000    0.00000000    0.00000000    0.00000000    0.00000000    0.00000000 
max(|FNEB|)      :   0.00000000    0.00273109    0.00512541    0.00538470    0.00647572    0.00648209    0.00533129    0.01265895    0.01627094    0.00000000 
max(|Force|)     :   0.00175775    0.00208614    0.01272921    0.02101407    0.00821842    0.00648264    0.00914637    0.01524548    0.01626565    0.00155840 
ksp              :   0.01000000    0.01193472    0.06046782    0.09146090    0.10000000    0.10000000    0.08561119    0.03685472    0.01000000 
max(|step|)      :   0.00000000    0.01955462    0.03203318    0.02675282    0.01925429    0.01093168    0.02146675    0.02422444    0.04221884    0.00000000 
angle (deg.)     :    12.8353  49.1890  35.1231  12.7666  33.8255  10.8029  60.3067  18.8971 
>
iteration       : 20
climbing        : yes
zoom on         : no
nim             : 10
barrier         :   0.03288941 (image:  5) 
distance        :   0.00000000    2.43724384    5.03899731    5.74531448    6.21092577    6.70069124    7.30604817    7.95873269    9.46110993   12.75938276 
energy          : -1076.29318467  -1076.29646696  -1076.29177364  -1076.27341716  -1076.26313205  -1076.26029526  -1076.26493796  -1076.28153390  -1076.30007148  -1076.30995782 
max(|Fr_perp|)   :   0.00000000    0.00299670    0.01026964    0.00666884    0.00775620    0.00769963    0.00631841    0.01493401    0.01838023    0.00000000 
Fr_paral         :   0.00000000    0.00024641   -0.01911510   -0.03487802   -0.01438887    0.00010907    0.01888429    0.03208680    0.00792883    0.00000000 
max(|Fsp_paral|) :   0.00000000    0.00306759    0.00314721    0.00118088    0.00283737    0.00448147    0.00141643    0.00241549    0.00701299    0.00000000 
max(|Fsp_perp|)  :   0.00000000    0.00000000    0.00000000    0.00000000    0.00000000    0.00000000    0.00000000    0.00000000    0.00000000    0.00000000 
max(|FNEB|)      :   0.00000000    0.00398425    0.00743229    0.00654113    0.00771715    0.00769881    0.00636764    0.01528933    0.01822652    0.00000000 
max(|Force|)     :   0.00175775    0.00299649    0.01617730    0.02123596    0.00874680    0.00770045    0.00944370    0.01774087    0.01867402    0.00155840 
ksp              :   0.01000000    0.01386120    0.06409266    0.09223730    0.10000000    0.10000000    0.08729552    0.04188168    0.01000000 
max(|step|)      :   0.00000000    0.05036028    0.07184511    0.05051371    0.03250134    0.02360659    0.04103517    0.04425796    0.10000000    0.00000000 
angle (deg.)     :    15.1093  61.2720  26.3859  10.0636  35.9105  9.3704  61.1057  27.1310 
>
iteration       : 21
climbing        : yes
zoom on         : no
nim             : 10
barrier         :   0.03307451 (image:  5) 
distance        :   0.00000000    2.56808485    5.29979321    5.95449562    6.38566000    6.82937219    7.37099932    7.99606576    9.23745189   12.93431296 
energy          : -1076.29318467  -1076.29673184  -1076.29035388  -1076.27094698  -1076.26233623  -1076.26011016  -1076.26363911  -1076.27772298  -1076.29750188  -1076.30995782 
max(|Fr_perp|)   :   0.00000000    0.00465073    0.01103651    0.00917882    0.01038509    0.01027176    0.00864512    0.02067494    0.02380050    0.00000000 
Fr_paral         :   0.00000000    0.00018231   -0.02477386   -0.03214015   -0.01272361    0.00013255    0.01593902    0.03169442    0.01061894    0.00000000 
max(|Fsp_paral|) :   0.00000000    0.00594990    0.00080366    0.00281666    0.00181551    0.00377727    0.00092698    0.00334915    0.00589751    0.00000000 
max(|Fsp_perp|)  :   0.00000000    0.00000000    0.00000000    0.00000000    0.00000000    0.00000000    0.00000000    0.00000000    0.00000000    0.00000000 
max(|FNEB|)      :   0.00000000    0.00691683    0.01186629    0.00911724    0.01036737    0.01029089    0.00876499    0.02125590    0.02322160    0.00000000 
max(|Force|)     :   0.00175775    0.00464552    0.01993574    0.02079687    0.01034965    0.01029367    0.00934327    0.02302887    0.02451393    0.00155840 
ksp              :   0.01000000    0.01772300    0.07052249    0.09394437    0.10000000    0.10000000    0.09039723    0.05213694    0.01000000 
max(|step|)      :   0.00000000    0.00884176    0.01516864    0.01165453    0.01325258    0.01315481    0.01120427    0.02717136    0.02968410    0.00000000 
angle (deg.)     :    15.2387  61.8638  25.5367  9.8909  35.1979  8.9554  60.8139  27.4149 
>
iteration       : 22
climbing        : yes
zoom on         : no
nim             : 10
barrier         :   0.03247600 (image:  5) 
distance        :   0.00000000    2.59738314    5.30862355    5.96026169    6.40405656    6.84323222    7.38890483    8.02420134    9.22085088   12.95424709 
energy          : -1076.29318467  -1076.29688886  -1076.29121087  -1076.27175170  -1076.26294979  -1076.26070868  -1076.26418337  -1076.27858576  -1076.29752554  -1076.30995782 
max(|Fr_perp|)   :   0.00000000    0.00392759    0.00812799    0.00692446    0.00776514    0.00765965    0.00648759    0.02273680    0.02561188    0.00000000 
Fr_paral         :   0.00000000    0.00027138   -0.02394560   -0.03266776   -0.01263660   -0.00010124    0.01591923    0.03147027    0.01089451    0.00000000 
max(|Fsp_paral|) :   0.00000000    0.00419797    0.00120790    0.00180962    0.00108211    0.00409092    0.00112130    0.00121857    0.00487294    0.00000000 
max(|Fsp_perp|)  :   0.00000000    0.00000000    0.00000000    0.00000000    0.00000000    0.00000000    0.00000000    0.00000000    0.00000000    0.00000000 
max(|FNEB|)      :   0.00000000    0.00523761    0.00692831    0.00680717    0.00772379    0.00766052    0.00658556    0.02259829    0.02605757    0.00000000 
max(|Force|)     :   0.00175775    0.00391191    0.01694956    0.01998540    0.00803908    0.00765878    0.00838491    0.02222220    0.02604689    0.00155840 
ksp              :   0.01000000    0.01546995    0.06939670    0.09378926    0.10000000    0.10000000    0.09037066    0.05045763    0.01000000 
max(|step|)      :   0.00000000    0.00537210    0.00820994    0.00718687    0.00816238    0.00809844    0.00693371    0.00725934    0.00847431    0.00000000 
angle (deg.)     :    15.3919  62.2637  25.0547  10.1233  34.7292  8.6751  60.4768  27.7834 
>
iteration       : 23
climbing        : yes
zoom on         : no
nim             : 10
barrier         :   0.03222629 (image:  5) 
distance        :   0.00000000    2.61504809    5.31687723    5.96440711    6.41575080    6.85270983    7.40155910    8.04077696    9.20910387   12.96713352 
energy          : -1076.29318467  -1076.29697137  -1076.29155808  -1076.27215363  -1076.26320624  -1076.26095838  -1076.26444113  -1076.27944101  -1076.29823463  -1076.30995782 
max(|Fr_perp|)   :   0.00000000    0.00342272    0.00644686    0.00537839    0.00597519    0.00587659    0.00499143    0.01222475    0.01219233    0.00000000 
Fr_paral         :   0.00000000    0.00033279   -0.02335938   -0.03301942   -0.01256318   -0.00020770    0.01598601    0.03298519    0.01096719    0.00000000 
max(|Fsp_paral|) :   0.00000000    0.00346066    0.00195293    0.00111502    0.00065840    0.00429510    0.00110920    0.00048788    0.00398249    0.00000000 
max(|Fsp_perp|)  :   0.00000000    0.00000000    0.00000000    0.00000000    0.00000000    0.00000000    0.00000000    0.00000000    0.00000000    0.00000000 
max(|FNEB|)      :   0.00000000    0.00452127    0.00519068    0.00524522    0.00593241    0.00587815    0.00508277    0.01212723    0.01262762    0.00000000 
max(|Force|)     :   0.00175775    0.00340388    0.01519313    0.01953452    0.00750915    0.00587503    0.00786545    0.01613272    0.01263424    0.00155840 
ksp              :   0.01000000    0.01454265    0.06873447    0.09372228    0.10000000    0.10000000    0.09027354    0.04838262    0.01000000 
max(|step|)      :   0.00000000    0.01987552    0.02583400    0.02476473    0.02807226    0.02783627    0.02391858    0.01675432    0.02187318    0.00000000 
angle (deg.)     :    16.1472  63.8943  23.6093  12.3511  33.0135  8.9425  58.3252  30.2007 
>
iteration       : 24
climbing        : yes
zoom on         : no
nim             : 10
barrier         :   0.03190703 (image:  5) 
distance        :   0.00000000    2.67869791    5.35425835    5.98365781    6.46057585    6.89198062    7.45390969    8.09507963    9.16759864   13.01715003 
energy          : -1076.29318467  -1076.29716187  -1076.29204271  -1076.27298048  -1076.26352073  -1076.26127764  -1076.26492932  -1076.28036813  -1076.29823440  -1076.30995782 
max(|Fr_perp|)   :   0.00000000    0.00151992    0.00232508    0.00247317    0.00278072    0.00277472    0.00238699    0.00313792    0.00286810    0.00000000 
Fr_paral         :   0.00000000    0.00044345   -0.02067815   -0.03387007   -0.01215208   -0.00041304    0.01640830    0.03303360    0.01056548    0.00000000 
max(|Fsp_paral|) :   0.00000000    0.00226701    0.00268278    0.00128435    0.00072497    0.00503442    0.00051602    0.00340056    0.00236611    0.00000000 
max(|Fsp_perp|)  :   0.00000000    0.00000000    0.00000000    0.00000000    0.00000000    0.00000000    0.00000000    0.00000000    0.00000000    0.00000000 
max(|FNEB|)      :   0.00000000    0.00333081    0.00320963    0.00245880    0.00277161    0.00277547    0.00238824    0.00352522    0.00324145    0.00000000 
max(|Force|)     :   0.00175775    0.00149649    0.00912201    0.01803064    0.00568965    0.00277397    0.00681522    0.01479464    0.00458162    0.00155840 
ksp              :   0.01000000    0.01322113    0.06698987    0.09367292    0.10000000    0.10000000    0.08969971    0.04615155    0.01000000 
max(|step|)      :   0.00000000    0.01512626    0.01359319    0.00869033    0.00973379    0.00771512    0.00695433    0.00698781    0.01521661    0.00000000 
angle (deg.)     :    16.8884  64.9768  23.0301  14.1506  31.9600  9.1931  55.4030  33.3547 
>
iteration       : 25
climbing        : yes
zoom on         : no
nim             : 10
barrier         :   0.03183970 (image:  5) 
distance        :   0.00000000    2.72368004    5.38938607    6.00524810    6.48443215    6.91985836    7.48990260    8.11328154    9.13016455   13.04457028 
energy          : -1076.29318467  -1076.29726535  -1076.29193275  -1076.27313591  -1076.26363814  -1076.26134497  -1076.26512654  -1076.28011987  -1076.29783218  -1076.30995782 
max(|Fr_perp|)   :   0.00000000    0.00153800    0.00210329    0.00229782    0.00255889    0.00260150    0.00229420    0.00176637    0.00934593    0.00000000 
Fr_paral         :   0.00000000    0.00047085   -0.02012111   -0.03389239   -0.01203981   -0.00045597    0.01667238    0.03281069    0.01000999    0.00000000 
max(|Fsp_paral|) :   0.00000000    0.00233537    0.00200441    0.00192741    0.00059884    0.00519870    0.00051963    0.00340202    0.00197767    0.00000000 
max(|Fsp_perp|)  :   0.00000000    0.00000000    0.00000000    0.00000000    0.00000000    0.00000000    0.00000000    0.00000000    0.00000000    0.00000000 
max(|FNEB|)      :   0.00000000    0.00350201    0.00215109    0.00228689    0.00260298    0.00260018    0.00222031    0.00292116    0.00945915    0.00000000 
max(|Force|)     :   0.00175775    0.00147437    0.00797325    0.01765169    0.00519224    0.00260282    0.00740036    0.01497493    0.01024051    0.00155840 
ksp              :   0.01000000    0.01353877    0.06667101    0.09351798    0.10000000    0.10000000    0.08931079    0.04692974    0.01000000 
max(|step|)      :   0.00000000    0.04825981    0.03758501    0.02152836    0.02420129    0.01695851    0.01725362    0.02194434    0.04649620    0.00000000 
angle (deg.)     :    19.1871  68.7182  21.8136  19.0400  29.2132  11.3207  45.3099  45.3840 
>
iteration       : 26
climbing        : yes
zoom on         : no
nim             : 10
barrier         :   0.03178453 (image:  5) 
distance        :   0.00000000    2.86525524    5.50002356    6.08415648    6.56151327    7.01220234    7.59838503    8.16828156    9.04720011   13.15441081 
energy          : -1076.29318467  -1076.29749184  -1076.29128227  -1076.27318229  -1076.26379717  -1076.26140014  -1076.26546997  -1076.27865744  -1076.29686462  -1076.30995782 
max(|Fr_perp|)   :   0.00000000    0.00230343    0.00411141    0.00460281    0.00518550    0.00516291    0.00467699    0.01497859    0.00402509    0.00000000 
Fr_paral         :   0.00000000    0.00048954   -0.01887233   -0.03343184   -0.01158120   -0.00048087    0.01711976    0.03140591    0.00931808    0.00000000 
max(|Fsp_paral|) :   0.00000000    0.00312062    0.00068479    0.00289041    0.00026776    0.00524108    0.00319666    0.00240945    0.00110124    0.00000000 
max(|Fsp_perp|)  :   0.00000000    0.00000000    0.00000000    0.00000000    0.00000000    0.00000000    0.00000000    0.00000000    0.00000000    0.00000000 
max(|FNEB|)      :   0.00000000    0.00408137    0.00419596    0.00471923    0.00522865    0.00516223    0.00457603    0.01460863    0.00474626    0.00000000 
max(|Force|)     :   0.00175775    0.00223297    0.00842372    0.01687288    0.00597592    0.00516359    0.00860695    0.01712572    0.00542203    0.00155840 
ksp              :   0.01000000    0.01538677    0.06663805    0.09321264    0.10000000    0.10000000    0.08847601    0.05113482    0.01000000 
max(|step|)      :   0.00000000    0.04585479    0.02300700    0.01562459    0.01592976    0.01586283    0.01596225    0.01934114    0.03619666    0.00000000 
angle (deg.)     :    21.0672  72.1688  21.0046  21.6536  27.5781  12.7394  36.8136  58.1238 
>
iteration       : 27
climbing        : yes
zoom on         : no
nim             : 10
barrier         :   0.03164964 (image:  5) 
distance        :   0.00000000    3.00169840    5.59423061    6.16992205    6.63450375    7.09797362    7.67829020    8.21414828    9.01661438   13.28121350 
energy          : -1076.29318467  -1076.29774342  -1076.29090799  -1076.27296913  -1076.26399640  -1076.26153503  -1076.26557624  -1076.27778966  -1076.29600214  -1076.30995782 
max(|Fr_perp|)   :   0.00000000    0.00303926    0.00520889    0.00402542    0.00450084    0.00267478    0.00243113    0.00461493    0.00905522    0.00000000 
Fr_paral         :   0.00000000    0.00048752   -0.01825664   -0.03274529   -0.01138137   -0.00040645    0.01689676    0.03196984    0.00887276    0.00000000 
max(|Fsp_paral|) :   0.00000000    0.00332465    0.00168591    0.00228327    0.00145416    0.00451067    0.00415556    0.00190676    0.00016711    0.00000000 
max(|Fsp_perp|)  :   0.00000000    0.00000000    0.00000000    0.00000000    0.00000000    0.00000000    0.00000000    0.00000000    0.00000000    0.00000000 
max(|FNEB|)      :   0.00000000    0.00427165    0.00486519    0.00455264    0.00532823    0.00258042    0.00560683    0.00446106    0.00902725    0.00000000 
max(|Force|)     :   0.00175775    0.00306239    0.00918349    0.01654898    0.00626941    0.00276913    0.00828603    0.01464489    0.00956304    0.00155840 
ksp              :   0.01000000    0.01647405    0.06748562    0.09300076    0.10000000    0.10000000    0.08850828    0.05377779    0.01000000 
max(|step|)      :   0.00000000    0.04748213    0.02247281    0.01581715    0.01632856    0.01627584    0.01625207    0.02013630    0.03188841    0.00000000 
angle (deg.)     :    22.7753  75.2154  20.4064  22.7469  26.5827  13.5613  31.9919  71.3504 
>
iteration       : 28
climbing        : yes
zoom on         : no
nim             : 10
barrier         :   0.03149632 (image:  5) 
distance        :   0.00000000    3.14412189    5.68202836    6.26184541    6.71035034    7.18191414    7.74029838    8.25293691    9.03084245   13.43494196 
energy          : -1076.29318467  -1076.29803858  -1076.29077637  -1076.27264259  -1076.26418981  -1076.26168835  -1076.26548276  -1076.27660067  -1076.29556422  -1076.30995782 
max(|Fr_perp|)   :   0.00000000    0.00305853    0.00523790    0.00463924    0.00444709    0.00323334    0.00286382    0.00765822    0.00575819    0.00000000 
Fr_paral         :   0.00000000    0.00050206   -0.01810819   -0.03200170   -0.01140915   -0.00026263    0.01619879    0.03159696    0.00998193    0.00000000 
max(|Fsp_paral|) :   0.00000000    0.00298802    0.00134075    0.00096034    0.00253434    0.00333701    0.00397021    0.00047561    0.00021421    0.00000000 
max(|Fsp_perp|)  :   0.00000000    0.00000000    0.00000000    0.00000000    0.00000000    0.00000000    0.00000000    0.00000000    0.00000000    0.00000000 
max(|FNEB|)      :   0.00000000    0.00402318    0.00494595    0.00487455    0.00592161    0.00323270    0.00509590    0.00755243    0.00578236    0.00000000 
max(|Force|)     :   0.00175775    0.00308257    0.00919008    0.01634598    0.00656210    0.00323398    0.00765871    0.01512902    0.00608411    0.00155840 
ksp              :   0.01000000    0.01688167    0.06869853    0.09285214    0.10000000    0.10000000    0.08915758    0.05738838    0.01000000 
max(|step|)      :   0.00000000    0.10000000    0.04590238    0.03205413    0.03255777    0.03282292    0.03392972    0.04130711    0.06546416    0.00000000 
angle (deg.)     :    26.3115  80.3379  20.6946  23.1127  25.1449  14.5077  37.6100  96.0125 
>
iteration       : 29
climbing        : yes
zoom on         : no
nim             : 10
barrier         :   0.03115965 (image:  5) 
distance        :   0.00000000    3.44277363    5.85712408    6.44937294    6.88061831    7.35361575    7.85093769    8.34317197    9.18014693   13.84955375 
energy          : -1076.29318467  -1076.29869664  -1076.29077840  -1076.27193009  -1076.26447299  -1076.26202502  -1076.26504024  -1076.27452426  -1076.29440838  -1076.30995782 
max(|Fr_perp|)   :   0.00000000    0.00367108    0.00388652    0.01897517    0.00618026    0.00567988    0.00764502    0.01384351    0.00782044    0.00000000 
Fr_paral         :   0.00000000    0.00049416   -0.01839135   -0.02947839   -0.01136866    0.00000690    0.01395783    0.02980337    0.01109027    0.00000000 
max(|Fsp_paral|) :   0.00000000    0.00171349    0.00062204    0.00119708    0.00326107    0.00092039    0.00185801    0.00384414    0.00239250    0.00000000 
max(|Fsp_perp|)  :   0.00000000    0.00000000    0.00000000    0.00000000    0.00000000    0.00000000    0.00000000    0.00000000    0.00000000    0.00000000 
max(|FNEB|)      :   0.00000000    0.00512724    0.00386926    0.01923163    0.00630403    0.00578727    0.00785614    0.01333861    0.00843050    0.00000000 
max(|Force|)     :   0.00175775    0.00384609    0.00884891    0.01838773    0.00629505    0.00578733    0.00753525    0.01472303    0.00791269    0.00155840 
ksp              :   0.01000000    0.01695857    0.07144628    0.09293047    0.10000000    0.10000000    0.09128871    0.06394915    0.01000000 
max(|step|)      :   0.00000000    0.00409839    0.00309284    0.01537255    0.00503904    0.00462598    0.00627971    0.01066205    0.00673881    0.00000000 
angle (deg.)     :    26.3422  79.8932  19.9024  22.2512  25.2594  13.9597  36.9902  95.7719 
>
iteration       : 30
climbing        : yes
zoom on         : no
nim             : 10
barrier         :   0.03100525 (image:  5) 
distance        :   0.00000000    3.44821690    5.85520945    6.44120122    6.87981359    7.34716863    7.84093911    8.34391978    9.16705640   13.83018188 
energy          : -1076.29318467  -1076.29876611  -1076.29092105  -1076.27250040  -1076.26460030  -1076.26217942  -1076.26511983  -1076.27510091  -1076.29458441  -1076.30995782 
max(|Fr_perp|)   :   0.00000000    0.00203602    0.00348068    0.00686835    0.00344356    0.00337113    0.00293799    0.00533832    0.00231899    0.00000000 
Fr_paral         :   0.00000000    0.00059425   -0.01898392   -0.03089350   -0.01138735   -0.00009900    0.01394238    0.03114823    0.01170538    0.00000000 
max(|Fsp_paral|) :   0.00000000    0.00142404    0.00052935    0.00014243    0.00269458    0.00099647    0.00130794    0.00244181    0.00168076    0.00000000 
max(|Fsp_perp|)  :   0.00000000    0.00000000    0.00000000    0.00000000    0.00000000    0.00000000    0.00000000    0.00000000    0.00000000    0.00000000 
max(|FNEB|)      :   0.00000000    0.00244882    0.00337817    0.00700990    0.00407168    0.00337133    0.00294118    0.00543927    0.00263122    0.00000000 
max(|Force|)     :   0.00175775    0.00194729    0.00862722    0.01598773    0.00530589    0.00337093    0.00572836    0.01369642    0.00507676    0.00155840 
ksp              :   0.01000000    0.01657071    0.07004095    0.09297284    0.10000000    0.10000000    0.09146479    0.06249236    0.01000000 
max(|step|)      :   0.00000000    0.00204246    0.00282012    0.00298868    0.00341238    0.00286059    0.00248318    0.00353787    0.00211051    0.00000000 
angle (deg.)     :    26.3902  79.4689  19.4824  21.5544  25.3727  13.5635  36.4258  95.5051 
>
iteration       : 31
climbing        : yes
zoom on         : no
nim             : 10
barrier         :   0.03093320 (image:  5) 
distance        :   0.00000000    3.45321155    5.85391014    6.43610513    6.87992425    7.34249728    7.83349904    8.34429277    9.15702140   13.81424201 
energy          : -1076.29318467  -1076.29880084  -1076.29102172  -1076.27268314  -1076.26463323  -1076.26225147  -1076.26514335  -1076.27532945  -1076.29459828  -1076.30995782 
max(|Fr_perp|)   :   0.00000000    0.00197065    0.00317013    0.00435026    0.00272609    0.00266611    0.00241848    0.00433280    0.00240685    0.00000000 
Fr_paral         :   0.00000000    0.00062494   -0.01939585   -0.03121801   -0.01135467   -0.00011935    0.01384506    0.03134946    0.01190401    0.00000000 
max(|Fsp_paral|) :   0.00000000    0.00120926    0.00065689    0.00040663    0.00223779    0.00107071    0.00089670    0.00159828    0.00131408    0.00000000 
max(|Fsp_perp|)  :   0.00000000    0.00000000    0.00000000    0.00000000    0.00000000    0.00000000    0.00000000    0.00000000    0.00000000    0.00000000 
max(|FNEB|)      :   0.00000000    0.00232320    0.00293955    0.00448918    0.00349169    0.00266630    0.00242493    0.00436307    0.00261504    0.00000000 
max(|Force|)     :   0.00175775    0.00187797    0.00845043    0.01603524    0.00510372    0.00266592    0.00558100    0.01386530    0.00500350    0.00155840 
ksp              :   0.01000000    0.01629310    0.06964911    0.09307027    0.10000000    0.10000000    0.09158608    0.06194967    0.01000000 
max(|step|)      :   0.00000000    0.01714341    0.02176032    0.02529098    0.02566335    0.01861164    0.01733420    0.02345878    0.01944283    0.00000000 
angle (deg.)     :    27.0388  75.2415  17.2121  16.9409  26.5101  11.3648  31.1402  92.4284 
>
iteration       : 32
climbing        : yes
zoom on         : no
nim             : 10
barrier         :   0.03080566 (image:  5) 
distance        :   0.00000000    3.49191586    5.84688119    6.40933078    6.88036407    7.31059355    7.78868127    8.33880083    9.08922692   13.69148686 
energy          : -1076.29318467  -1076.29898142  -1076.29120622  -1076.27286535  -1076.26443884  -1076.26237902  -1076.26512512  -1076.27644830  -1076.29462418  -1076.30995782 
max(|Fr_perp|)   :   0.00000000    0.00367318    0.00833912    0.01601284    0.00610826    0.00571969    0.00420575    0.00327305    0.00822893    0.00000000 
Fr_paral         :   0.00000000    0.00065546   -0.02219038   -0.03137656   -0.01091608   -0.00005054    0.01343702    0.03234314    0.01280370    0.00000000 
max(|Fsp_paral|) :   0.00000000    0.00059473    0.00085247    0.00273306    0.00055776    0.00178965    0.00106794    0.00282644    0.00061651    0.00000000 
max(|Fsp_perp|)  :   0.00000000    0.00000000    0.00000000    0.00000000    0.00000000    0.00000000    0.00000000    0.00000000    0.00000000    0.00000000 
max(|FNEB|)      :   0.00000000    0.00415261    0.00832470    0.01618102    0.00610923    0.00571979    0.00427499    0.00344172    0.00818601    0.00000000 
max(|Force|)     :   0.00175775    0.00381286    0.00904713    0.01665086    0.00610526    0.00571959    0.00588837    0.01407394    0.00817935    0.00155840 
ksp              :   0.01000000    0.01578014    0.06936375    0.09398215    0.10000000    0.10000000    0.09197715    0.05889601    0.01000000 
max(|step|)      :   0.00000000    0.00736090    0.00856855    0.01782420    0.00810000    0.00771025    0.00498815    0.00404638    0.01106608    0.00000000 
angle (deg.)     :    27.3857  73.3166  16.2492  15.8083  26.9574  10.7114  28.9187  90.8019 
>
iteration       : 33
climbing        : yes
zoom on         : no
nim             : 10
barrier         :   0.03073447 (image:  5) 
distance        :   0.00000000    3.50647985    5.84687698    6.40852450    6.87850954    7.30288505    7.78307202    8.32917012    9.07529868   13.65246891 
energy          : -1076.29318467  -1076.29906695  -1076.29116539  -1076.27283550  -1076.26444956  -1076.26245020  -1076.26521716  -1076.27647912  -1076.29487683  -1076.30995782 
max(|Fr_perp|)   :   0.00000000    0.00211842    0.00765831    0.01475935    0.00344972    0.00325482    0.00338199    0.00182648    0.00374813    0.00000000 
Fr_paral         :   0.00000000    0.00079158   -0.02334811   -0.03144804   -0.01084193   -0.00007741    0.01360367    0.03250280    0.01305380    0.00000000 
max(|Fsp_paral|) :   0.00000000    0.00057825    0.00084466    0.00265015    0.00080728    0.00208957    0.00083110    0.00272027    0.00061022    0.00000000 
max(|Fsp_perp|)  :   0.00000000    0.00000000    0.00000000    0.00000000    0.00000000    0.00000000    0.00000000    0.00000000    0.00000000    0.00000000 
max(|FNEB|)      :   0.00000000    0.00248039    0.00776330    0.01477036    0.00345163    0.00325487    0.00329697    0.00233005    0.00377424    0.00000000 
max(|Force|)     :   0.00175775    0.00224941    0.01007974    0.01686614    0.00504614    0.00325478    0.00545103    0.01462951    0.00589633    0.00155840 
ksp              :   0.01000000    0.01591309    0.06958865    0.09414527    0.10000000    0.10000000    0.09189749    0.05891900    0.01000000 
max(|step|)      :   0.00000000    0.00200938    0.00333952    0.00616625    0.00380226    0.00358489    0.00316060    0.00408500    0.00239987    0.00000000 
angle (deg.)     :    27.3626  73.7178  16.0304  16.3287  26.7696  10.8275  29.4140  91.0857 
>
iteration       : 34
climbing        : yes
zoom on         : no
nim             : 10
barrier         :   0.03068768 (image:  5) 
distance        :   0.00000000    3.50271688    5.84888898    6.41340026    6.87689833    7.30637078    7.78933161    8.32644786    9.08348779   13.66533423 
energy          : -1076.29318467  -1076.29906823  -1076.29124318  -1076.27295056  -1076.26455777  -1076.26249699  -1076.26528566  -1076.27629931  -1076.29494146  -1076.30995782 
max(|Fr_perp|)   :   0.00000000    0.00125100    0.00154808    0.00451422    0.00177049    0.00175939    0.00158483    0.00109783    0.00208302    0.00000000 
Fr_paral         :   0.00000000    0.00076692   -0.02350420   -0.03179143   -0.01097196   -0.00011388    0.01369526    0.03237879    0.01301329    0.00000000 
max(|Fsp_paral|) :   0.00000000    0.00047626    0.00106569    0.00227091    0.00026883    0.00200154    0.00039243    0.00186584    0.00025786    0.00000000 
max(|Fsp_perp|)  :   0.00000000    0.00000000    0.00000000    0.00000000    0.00000000    0.00000000    0.00000000    0.00000000    0.00000000    0.00000000 
max(|FNEB|)      :   0.00000000    0.00166440    0.00177435    0.00444840    0.00175954    0.00175953    0.00158086    0.00147228    0.00208222    0.00000000 
max(|Force|)     :   0.00175775    0.00141088    0.01006229    0.01682633    0.00510451    0.00175926    0.00546401    0.01457312    0.00558763    0.00155840 
ksp              :   0.01000000    0.01569395    0.06934205    0.09395619    0.10000000    0.10000000    0.09182146    0.05952093    0.01000000 
max(|step|)      :   0.00000000    0.00369593    0.00436133    0.00453754    0.00293327    0.00295497    0.00270043    0.00345468    0.00448933    0.00000000 
angle (deg.)     :    27.6417  72.8461  15.6793  16.2014  26.8643  10.6088  28.5983  90.2683 
>
iteration       : 35
climbing        : yes
zoom on         : no
nim             : 10
barrier         :   0.03064010 (image:  5) 
distance        :   0.00000000    3.50893125    5.85288918    6.42001040    6.87575208    7.30662463    7.79286567    8.31957183    9.08465325   13.65357396 
energy          : -1076.29318467  -1076.29911137  -1076.29119972  -1076.27282704  -1076.26461916  -1076.26254457  -1076.26537557  -1076.27612793  -1076.29506941  -1076.30995782 
max(|Fr_perp|)   :   0.00000000    0.00121629    0.00127592    0.00142738    0.00131716    0.00125980    0.00115130    0.00091724    0.00193790    0.00000000 
Fr_paral         :   0.00000000    0.00076288   -0.02397806   -0.03153467   -0.01101367   -0.00011303    0.01382463    0.03224257    0.01300928    0.00000000 
max(|Fsp_paral|) :   0.00000000    0.00053553    0.00113176    0.00165070    0.00012984    0.00207245    0.00012809    0.00100876    0.00010049    0.00000000 
max(|Fsp_perp|)  :   0.00000000    0.00000000    0.00000000    0.00000000    0.00000000    0.00000000    0.00000000    0.00000000    0.00000000    0.00000000 
max(|FNEB|)      :   0.00000000    0.00152714    0.00128084    0.00129113    0.00126510    0.00126035    0.00120782    0.00095530    0.00199497    0.00000000 
max(|Force|)     :   0.00175775    0.00121516    0.01079592    0.01691543    0.00522670    0.00125926    0.00547140    0.01459799    0.00531892    0.00155840 
ksp              :   0.01000000    0.01583046    0.06979703    0.09390625    0.10000000    0.10000000    0.09168442    0.06010122    0.01000000 
max(|step|)      :   0.00000000    0.01765004    0.01869932    0.01678449    0.01237537    0.01247696    0.01241992    0.01068186    0.02133796    0.00000000 
angle (deg.)     :    28.8706  68.8120  14.9058  14.8428  27.5156  9.6811  25.1448  86.6027 
>
iteration       : 36
climbing        : yes
zoom on         : no
nim             : 10
barrier         :   0.03052536 (image:  5) 
distance        :   0.00000000    3.54229647    5.86880810    6.44179355    6.87888155    7.30699348    7.80035758    8.30322061    9.08367711   13.59183014 
energy          : -1076.29318467  -1076.29928858  -1076.29090030  -1076.27231508  -1076.26469125  -1076.26265931  -1076.26560520  -1076.27577680  -1076.29550229  -1076.30995782 
max(|Fr_perp|)   :   0.00000000    0.00139355    0.00604270    0.00886079    0.00235531    0.00222325    0.00197288    0.00168949    0.00279241    0.00000000 
Fr_paral         :   0.00000000    0.00078620   -0.02564435   -0.03035575   -0.01096139   -0.00006672    0.01414638    0.03186607    0.01318598    0.00000000 
max(|Fsp_paral|) :   0.00000000    0.00093231    0.00092085    0.00005223    0.00076923    0.00244752    0.00131926    0.00083785    0.00097232    0.00000000 
max(|Fsp_perp|)  :   0.00000000    0.00000000    0.00000000    0.00000000    0.00000000    0.00000000    0.00000000    0.00000000    0.00000000    0.00000000 
max(|FNEB|)      :   0.00000000    0.00214348    0.00601307    0.00900109    0.00235684    0.00222328    0.00200666    0.00173566    0.00288815    0.00000000 
max(|Force|)     :   0.00175775    0.00156110    0.01347071    0.01725262    0.00559836    0.00222322    0.00580959    0.01463694    0.00487215    0.00155840 
ksp              :   0.01000000    0.01673518    0.07153123    0.09400908    0.10000000    0.10000000    0.09131444    0.06132480    0.01000000 
max(|step|)      :   0.00000000    0.03014254    0.02360621    0.02150121    0.02050882    0.02063571    0.02042391    0.01530419    0.03491212    0.00000000 
angle (deg.)     :    30.9225  62.9745  15.2034  12.6488  28.5354  8.9987  22.1690  81.0748 
>
iteration       : 37
climbing        : yes
zoom on         : no
nim             : 10
barrier         :   0.03037902 (image:  5) 
distance        :   0.00000000    3.60359594    5.90146319    6.48190599    6.90342730    7.32282688    7.81946137    8.30631383    9.10029496   13.51149958 
energy          : -1076.29318467  -1076.29956574  -1076.29042234  -1076.27179808  -1076.26472059  -1076.26280565  -1076.26582846  -1076.27556689  -1076.29607444  -1076.30995782 
max(|Fr_perp|)   :   0.00000000    0.00195528    0.00499943    0.01110127    0.00342758    0.00335773    0.00322541    0.00230352    0.00349842    0.00000000 
Fr_paral         :   0.00000000    0.00084069   -0.02743551   -0.02903816   -0.01070091    0.00000258    0.01434719    0.03138058    0.01376930    0.00000000 
max(|Fsp_paral|) :   0.00000000    0.00152497    0.00034687    0.00137581    0.00097348    0.00290978    0.00206847    0.00213531    0.00187239    0.00000000 
max(|Fsp_perp|)  :   0.00000000    0.00000000    0.00000000    0.00000000    0.00000000    0.00000000    0.00000000    0.00000000    0.00000000    0.00000000 
max(|FNEB|)      :   0.00000000    0.00318137    0.00492568    0.01123433    0.00337419    0.00335771    0.00325385    0.00340461    0.00343413    0.00000000 
max(|Force|)     :   0.00175775    0.00213437    0.01638569    0.01746167    0.00592509    0.00335774    0.00610402    0.01452015    0.00530676    0.00155840 
ksp              :   0.01000000    0.01818360    0.07335928    0.09432685    0.10000000    0.10000000    0.09104472    0.06219393    0.01000000 
max(|step|)      :   0.00000000    0.08979431    0.04352314    0.06186163    0.05955151    0.05977360    0.05883475    0.04599139    0.09713025    0.00000000 
angle (deg.)     :    36.9200  50.3044  21.7632  8.9575  30.9530  11.5949  27.9165  67.5310 
>
iteration       : 38
climbing        : yes
zoom on         : no
nim             : 10
barrier         :   0.02994199 (image:  5) 
distance        :   0.00000000    3.79904630    6.02883111    6.64437956    7.04248219    7.43936839    7.93515831    8.41194233    9.24886325   13.40183960 
energy          : -1076.29318467  -1076.30033085  -1076.28864436  -1076.27097561  -1076.26487166  -1076.26324268  -1076.26631093  -1076.27532024  -1076.29738710  -1076.30995782 
max(|Fr_perp|)   :   0.00000000    0.00233358    0.03368277    0.01888645    0.00607436    0.00598990    0.00538039    0.01430170    0.00220799    0.00000000 
Fr_paral         :   0.00000000    0.00103962   -0.02539923   -0.02586385   -0.00987611    0.00008744    0.01451805    0.02927271    0.01540049    0.00000000 
max(|Fsp_paral|) :   0.00000000    0.00388041    0.00216675    0.00426055    0.00081926    0.00378804    0.00244932    0.00394788    0.00414381    0.00000000 
max(|Fsp_perp|)  :   0.00000000    0.00000000    0.00000000    0.00000000    0.00000000    0.00000000    0.00000000    0.00000000    0.00000000    0.00000000 
max(|FNEB|)      :   0.00000000    0.00503125    0.03317780    0.01886117    0.00601794    0.00598929    0.00540226    0.01403291    0.00562302    0.00000000 
max(|Force|)     :   0.00175775    0.00229077    0.03169661    0.01857031    0.00603021    0.00599051    0.00646054    0.01520149    0.00671886    0.00155840 
ksp              :   0.01000000    0.02364731    0.07675627    0.09510358    0.10000000    0.10000000    0.09077742    0.06369712    0.01000000 
max(|step|)      :   0.00000000    0.09876356    0.04092569    0.06445835    0.06229984    0.06264147    0.06205918    0.05013598    0.10000000    0.00000000 
angle (deg.)     :    43.2879  40.4604  28.7243  8.4259  33.5876  16.5333  41.4891  55.4539 
>
iteration       : 39
climbing        : yes
zoom on         : no
nim             : 10
barrier         :   0.02944918 (image:  5) 
distance        :   0.00000000    4.02671935    6.18838663    6.85796226    7.25018390    7.62352716    8.11199140    8.60780323    9.50401420   13.40362675 
energy          : -1076.29318467  -1076.30107122  -1076.28858374  -1076.27080400  -1076.26507766  -1076.26373549  -1076.26673242  -1076.27584215  -1076.29832728  -1076.30995782 
max(|Fr_perp|)   :   0.00000000    0.00274705    0.01337916    0.01187441    0.00689472    0.00680041    0.00621764    0.00472713    0.00369435    0.00000000 
Fr_paral         :   0.00000000    0.00120536   -0.02669478   -0.02442097   -0.00887128    0.00013810    0.01434309    0.02839631    0.01648565    0.00000000 
max(|Fsp_paral|) :   0.00000000    0.00313900    0.00014043    0.00631238    0.00013599    0.00448684    0.00147012    0.00417823    0.00575925    0.00000000 
max(|Fsp_perp|)  :   0.00000000    0.00000000    0.00000000    0.00000000    0.00000000    0.00000000    0.00000000    0.00000000    0.00000000    0.00000000 
max(|FNEB|)      :   0.00000000    0.00501430    0.01327658    0.01297220    0.00686139    0.00682701    0.00626996    0.00873023    0.00724611    0.00000000 
max(|Force|)     :   0.00175775    0.00275368    0.02288839    0.01698782    0.00685868    0.00682914    0.00636500    0.01493932    0.00869378    0.00155840 
ksp              :   0.01000000    0.02410486    0.07843823    0.09590049    0.10000000    0.10000000    0.09083835    0.06302556    0.01000000 
max(|step|)      :   0.00000000    0.01041490    0.02757600    0.02694378    0.01425140    0.01417999    0.01302297    0.01813305    0.01505047    0.00000000 
angle (deg.)     :    43.1592  42.3020  27.7795  9.1659  32.5847  14.5341  39.7504  55.7215 
>
iteration       : 40
climbing        : yes
zoom on         : no
nim             : 10
barrier         :   0.02921058 (image:  5) 
distance        :   0.00000000    4.05077840    6.21123121    6.85618331    7.28044326    7.65572030    8.13749356    8.66724675    9.49963140   13.42796860 
energy          : -1076.29318467  -1076.30116019  -1076.28943639  -1076.27145568  -1076.26537349  -1076.26397409  -1076.26682421  -1076.27687873  -1076.29782525  -1076.30995782 
max(|Fr_perp|)   :   0.00000000    0.00459485    0.02378302    0.03004785    0.00356381    0.00347537    0.00506119    0.00800124    0.00594272    0.00000000 
Fr_paral         :   0.00000000    0.00163146   -0.02406016   -0.02459106   -0.00903438    0.00004417    0.01394027    0.02970708    0.01668556    0.00000000 
max(|Fsp_paral|) :   0.00000000    0.00161977    0.00113624    0.00403159    0.00138533    0.00414111    0.00005658    0.00069831    0.00354491    0.00000000 
max(|Fsp_perp|)  :   0.00000000    0.00000000    0.00000000    0.00000000    0.00000000    0.00000000    0.00000000    0.00000000    0.00000000    0.00000000 
max(|FNEB|)      :   0.00000000    0.00560520    0.02393958    0.02947893    0.00349891    0.00347508    0.00501546    0.00808122    0.00784286    0.00000000 
max(|Force|)     :   0.00175775    0.00486699    0.02329386    0.02871900    0.00524102    0.00347566    0.00585987    0.01477183    0.00773309    0.00155840 
ksp              :   0.01000000    0.02154873    0.07694867    0.09568834    0.10000000    0.10000000    0.09121858    0.06023983    0.01000000 
max(|step|)      :   0.00000000    0.00702684    0.02356643    0.02288844    0.01096442    0.01090465    0.01006698    0.01365876    0.01162031    0.00000000 
angle (deg.)     :    43.0503  43.9779  25.6196  9.6651  31.6970  13.0516  38.1743  56.4471 
>
iteration       : 41
climbing        : yes
zoom on         : no
nim             : 10
barrier         :   0.02911989 (image:  5) 
distance        :   0.00000000    4.06981096    6.23399136    6.85646476    7.30568027    7.68497514    8.16338600    8.71590115    9.49925147   13.45238612 
energy          : -1076.29318467  -1076.30124784  -1076.29064814  -1076.27273495  -1076.26553453  -1076.26406478  -1076.26686660  -1076.27771218  -1076.29756381  -1076.30995782 
max(|Fr_perp|)   :   0.00000000    0.00343194    0.01122562    0.01617691    0.00238397    0.00219691    0.00271225    0.00397969    0.00420930    0.00000000 
Fr_paral         :   0.00000000    0.00169101   -0.02556666   -0.02810783   -0.00924555   -0.00001952    0.01384961    0.03095461    0.01709545    0.00000000 
max(|Fsp_paral|) :   0.00000000    0.00056767    0.00267342    0.00124358    0.00224170    0.00384659    0.00101442    0.00204442    0.00186612    0.00000000 
max(|Fsp_perp|)  :   0.00000000    0.00000000    0.00000000    0.00000000    0.00000000    0.00000000    0.00000000    0.00000000    0.00000000    0.00000000 
max(|FNEB|)      :   0.00000000    0.00322585    0.01132633    0.01596545    0.00279927    0.00219691    0.00263850    0.00412533    0.00468166    0.00000000 
max(|Force|)     :   0.00175775    0.00371755    0.01717731    0.01615379    0.00474401    0.00219692    0.00609550    0.01490021    0.00756003    0.00155840 
ksp              :   0.01000000    0.01783959    0.07320335    0.09545748    0.10000000    0.10000000    0.09134050    0.05782038    0.01000000 
max(|step|)      :   0.00000000    0.00735334    0.03405840    0.03277947    0.01379520    0.01369055    0.01282772    0.01599775    0.01742624    0.00000000 
angle (deg.)     :    42.8227  48.8934  22.2934  11.8753  30.0522  11.2699  34.3805  59.8917 
>
iteration       : 42
climbing        : yes
zoom on         : no
nim             : 10
barrier         :   0.02908855 (image:  5) 
distance        :   0.00000000    4.08384617    6.29754538    6.88099258    7.35208932    7.74867017    8.23020447    8.79393124    9.51642542   13.51318371 
energy          : -1076.29318467  -1076.30132451  -1076.29160377  -1076.27399567  -1076.26576795  -1076.26409612  -1076.26694602  -1076.27849330  -1076.29710553  -1076.30995782 
max(|Fr_perp|)   :   0.00000000    0.00211496    0.00337592    0.00264398    0.00246431    0.00243745    0.00220731    0.00315235    0.00265690    0.00000000 
Fr_paral         :   0.00000000    0.00151692   -0.02508056   -0.03082596   -0.00983879   -0.00007650    0.01402194    0.03209782    0.01716511    0.00000000 
max(|Fsp_paral|) :   0.00000000    0.00216230    0.00309424    0.00204728    0.00227771    0.00328243    0.00125107    0.00465822    0.00003172    0.00000000 
max(|Fsp_perp|)  :   0.00000000    0.00000000    0.00000000    0.00000000    0.00000000    0.00000000    0.00000000    0.00000000    0.00000000    0.00000000 
max(|FNEB|)      :   0.00000000    0.00291672    0.00390393    0.00274106    0.00244583    0.00243756    0.00220035    0.00355316    0.00266711    0.00000000 
max(|Force|)     :   0.00175775    0.00244221    0.01302543    0.01610986    0.00410173    0.00243733    0.00590761    0.01532354    0.00705743    0.00155840 
ksp              :   0.01000000    0.01489131    0.06937077    0.09482736    0.10000000    0.10000000    0.09118239    0.05545511    0.01000000 
max(|step|)      :   0.00000000    0.00465108    0.01676450    0.01517861    0.00846510    0.00434164    0.00445653    0.01040310    0.00835830    0.00000000 
angle (deg.)     :    42.6102  53.1132  20.3308  13.7788  29.0798  10.8929  31.5130  63.4880 
>
iteration       : 43
climbing        : yes
zoom on         : no
nim             : 10
barrier         :   0.02905285 (image:  5) 
distance        :   0.00000000    4.08132241    6.34741321    6.91168206    7.38335450    7.79653587    8.28434148    8.83628830    9.54126129   13.56400333 
energy          : -1076.29318467  -1076.30135340  -1076.29178502  -1076.27444943  -1076.26598185  -1076.26413182  -1076.26706153  -1076.27849705  -1076.29689307  -1076.30995782 
max(|Fr_perp|)   :   0.00000000    0.00125918    0.01273812    0.00779933    0.00261681    0.00268399    0.00247983    0.00376461    0.00193970    0.00000000 
Fr_paral         :   0.00000000    0.00168367   -0.02348454   -0.03150774   -0.01034808   -0.00010344    0.01425609    0.03231965    0.01684997    0.00000000 
max(|Fsp_paral|) :   0.00000000    0.00229193    0.00253268    0.00304880    0.00142604    0.00287054    0.00054113    0.00466792    0.00035787    0.00000000 
max(|Fsp_perp|)  :   0.00000000    0.00000000    0.00000000    0.00000000    0.00000000    0.00000000    0.00000000    0.00000000    0.00000000    0.00000000 
max(|FNEB|)      :   0.00000000    0.00235775    0.01288852    0.00791917    0.00268212    0.00268357    0.00243860    0.00385246    0.00223721    0.00000000 
max(|Force|)     :   0.00175775    0.00171438    0.01169266    0.01588900    0.00418438    0.00268441    0.00598353    0.01489049    0.00735196    0.00155840 
ksp              :   0.01000000    0.01433583    0.06803809    0.09426898    0.10000000    0.10000000    0.09092435    0.05549934    0.01000000 
max(|step|)      :   0.00000000    0.00718896    0.02304097    0.01607243    0.01235685    0.00788534    0.00801143    0.01796897    0.01218778    0.00000000 
angle (deg.)     :    42.2635  60.4301  18.0879  17.1883  27.8289  11.7135  28.5046  70.0245 
>
iteration       : 44
climbing        : yes
zoom on         : no
nim             : 10
barrier         :   0.02896510 (image:  5) 
distance        :   0.00000000    4.06709934    6.43072647    6.97696558    7.43887220    7.88067326    8.37910687    8.90021640    9.60274637   13.66327979 
energy          : -1076.29318467  -1076.30137759  -1076.29209171  -1076.27494723  -1076.26637721  -1076.26421957  -1076.26728714  -1076.27807204  -1076.29658919  -1076.30995782 
max(|Fr_perp|)   :   0.00000000    0.00102312    0.00509352    0.00894927    0.00211089    0.00216413    0.00208488    0.00206218    0.00202656    0.00000000 
Fr_paral         :   0.00000000    0.00160358   -0.02165343   -0.03202900   -0.01116685   -0.00012666    0.01464005    0.03220523    0.01590778    0.00000000 
max(|Fsp_paral|) :   0.00000000    0.00248890    0.00214516    0.00347912    0.00048951    0.00215835    0.00104180    0.00311444    0.00019491    0.00000000 
max(|Fsp_perp|)  :   0.00000000    0.00000000    0.00000000    0.00000000    0.00000000    0.00000000    0.00000000    0.00000000    0.00000000    0.00000000 
max(|FNEB|)      :   0.00000000    0.00201035    0.00515707    0.00908570    0.00217569    0.00216363    0.00203975    0.00326777    0.00222129    0.00000000 
max(|Force|)     :   0.00175775    0.00137098    0.00806775    0.01585111    0.00464208    0.00216463    0.00605690    0.01444138    0.00727493    0.00155840 
ksp              :   0.01000000    0.01339605    0.06666717    0.09329581    0.10000000    0.10000000    0.09046850    0.05695780    0.01000000 
max(|step|)      :   0.00000000    0.01064399    0.02754815    0.00999131    0.01208850    0.01208764    0.01228993    0.02230829    0.01178339    0.00000000 
angle (deg.)     :    41.8151  67.8550  17.4249  19.4548  27.3738  12.7682  28.1197  76.8088 
>
iteration       : 45
climbing        : yes
zoom on         : no
nim             : 10
barrier         :   0.02885088 (image:  5) 
distance        :   0.00000000    4.02237615    6.52429129    7.06387884    7.50682471    7.96825799    8.46005288    8.95512418    9.67611806   13.76785819 
energy          : -1076.29318467  -1076.30137634  -1076.29186392  -1076.27492402  -1076.26671519  -1076.26433379  -1076.26731018  -1076.27722701  -1076.29629430  -1076.30995782 
max(|Fr_perp|)   :   0.00000000    0.00142454    0.02046670    0.00900766    0.00133752    0.00127154    0.00166939    0.00800627    0.00572892    0.00000000 
Fr_paral         :   0.00000000    0.00163500   -0.02099773   -0.03148368   -0.01177368   -0.00011600    0.01445564    0.03139868    0.01529208    0.00000000 
max(|Fsp_paral|) :   0.00000000    0.00135100    0.00037485    0.00256583    0.00229526    0.00114002    0.00165078    0.00079326    0.00074396    0.00000000 
max(|Fsp_perp|)  :   0.00000000    0.00000000    0.00000000    0.00000000    0.00000000    0.00000000    0.00000000    0.00000000    0.00000000    0.00000000 
max(|FNEB|)      :   0.00000000    0.00178565    0.02040140    0.00896793    0.00230219    0.00127205    0.00290165    0.00791621    0.00577347    0.00000000 
max(|Force|)     :   0.00175775    0.00156150    0.01978068    0.01697539    0.00525272    0.00127103    0.00659539    0.01530578    0.00623155    0.00155840 
ksp              :   0.01000000    0.01412006    0.06696392    0.09257126    0.10000000    0.10000000    0.09071519    0.05977977    0.01000000 
max(|step|)      :   0.00000000    0.00714131    0.01346965    0.00706782    0.00679605    0.00679612    0.00690113    0.01080904    0.00469172    0.00000000 
angle (deg.)     :    41.5881  70.7044  17.3479  19.7214  27.4700  13.2132  28.3884  79.3549 
>
iteration       : 46
climbing        : yes
zoom on         : no
nim             : 10
barrier         :   0.02880795 (image:  5) 
distance        :   0.00000000    3.99337880    6.56517704    7.10797343    7.53885004    8.00371113    8.48771330    8.97112144    9.70736924   13.80726155 
energy          : -1076.29318467  -1076.30136296  -1076.29205921  -1076.27480914  -1076.26679864  -1076.26437672  -1076.26726066  -1076.27679830  -1076.29624867  -1076.30995782 
max(|Fr_perp|)   :   0.00000000    0.00210396    0.00175235    0.00186822    0.00181586    0.00170920    0.00135112    0.00143759    0.00322246    0.00000000 
Fr_paral         :   0.00000000    0.00176721   -0.02184208   -0.03167499   -0.01194608   -0.00009725    0.01418920    0.03123469    0.01551359    0.00000000 
max(|Fsp_paral|) :   0.00000000    0.00143186    0.00085158    0.00170772    0.00295365    0.00071393    0.00171013    0.00047266    0.00140728    0.00000000 
max(|Fsp_perp|)  :   0.00000000    0.00000000    0.00000000    0.00000000    0.00000000    0.00000000    0.00000000    0.00000000    0.00000000    0.00000000 
max(|FNEB|)      :   0.00000000    0.00270731    0.00214486    0.00181251    0.00241877    0.00170918    0.00231169    0.00162004    0.00325542    0.00000000 
max(|Force|)     :   0.00175775    0.00240514    0.00887413    0.01703706    0.00583559    0.00170922    0.00573143    0.01425698    0.00610573    0.00155840 
ksp              :   0.01000000    0.01351609    0.06740767    0.09243358    0.10000000    0.10000000    0.09099016    0.06119327    0.01000000 
max(|step|)      :   0.00000000    0.00650292    0.00974355    0.00973468    0.00552840    0.00551107    0.00571952    0.00669210    0.00423146    0.00000000 
angle (deg.)     :    41.4594  71.6521  16.7915  18.6930  27.8351  12.5272  27.7501  80.2845 
>
iteration       : 47
climbing        : yes
zoom on         : no
nim             : 10
barrier         :   0.02876448 (image:  5) 
distance        :   0.00000000    3.96741183    6.58695812    7.13228034    7.55844814    8.01606205    8.48650844    8.97241370    9.71131171   13.81071575 
energy          : -1076.29318467  -1076.30135489  -1076.29196662  -1076.27454520  -1076.26675830  -1076.26442019  -1076.26713090  -1076.27658934  -1076.29620077  -1076.30995782 
max(|Fr_perp|)   :   0.00000000    0.00124461    0.00649384    0.00191423    0.00185844    0.00180388    0.00161595    0.00234118    0.00194013    0.00000000 
Fr_paral         :   0.00000000    0.00174314   -0.02298016   -0.03126418   -0.01179114   -0.00008403    0.01369209    0.03109894    0.01614227    0.00000000 
max(|Fsp_paral|) :   0.00000000    0.00096733    0.00049973    0.00117071    0.00276566    0.00047592    0.00099785    0.00056881    0.00167799    0.00000000 
max(|Fsp_perp|)  :   0.00000000    0.00000000    0.00000000    0.00000000    0.00000000    0.00000000    0.00000000    0.00000000    0.00000000    0.00000000 
max(|FNEB|)      :   0.00000000    0.00148736    0.00657818    0.00174468    0.00190954    0.00180428    0.00165407    0.00247295    0.00210710    0.00000000 
max(|Force|)     :   0.00175775    0.00161817    0.01039551    0.01720249    0.00606530    0.00180349    0.00541159    0.01377042    0.00613535    0.00155840 
ksp              :   0.01000000    0.01381110    0.06832028    0.09268439    0.10000000    0.10000000    0.09151859    0.06192444    0.01000000 
max(|step|)      :   0.00000000    0.01665695    0.02269253    0.01921145    0.01682053    0.01678202    0.01694115    0.01964050    0.01287843    0.00000000 
angle (deg.)     :    41.2660  74.4317  16.0919  16.2708  28.5809  11.4587  26.4539  82.7441 
>
iteration       : 48
climbing        : yes
zoom on         : no
nim             : 10
barrier         :   0.02861808 (image:  5) 
distance        :   0.00000000    3.90277958    6.65210680    7.20605851    7.63130599    8.06528174    8.50240652    8.99948861    9.73003489   13.82901015 
energy          : -1076.29318467  -1076.30132805  -1076.29180281  -1076.27405432  -1076.26661740  -1076.26456659  -1076.26687598  -1076.27622577  -1076.29583087  -1076.30995782 
max(|Fr_perp|)   :   0.00000000    0.00093434    0.00996819    0.00187657    0.00181836    0.00174926    0.00166279    0.00526111    0.00250485    0.00000000 
Fr_paral         :   0.00000000    0.00175745   -0.02456895   -0.03031236   -0.01105664   -0.00004825    0.01247954    0.03064291    0.01768509    0.00000000 
max(|Fsp_paral|) :   0.00000000    0.00011453    0.00026358    0.00046665    0.00158268    0.00011582    0.00092280    0.00007436    0.00188650    0.00000000 
max(|Fsp_perp|)  :   0.00000000    0.00000000    0.00000000    0.00000000    0.00000000    0.00000000    0.00000000    0.00000000    0.00000000    0.00000000 
max(|FNEB|)      :   0.00000000    0.00102457    0.01007114    0.00173158    0.00174998    0.00174949    0.00170265    0.00538053    0.00275839    0.00000000 
max(|Force|)     :   0.00175775    0.00139500    0.01282296    0.01727683    0.00602638    0.00174903    0.00493998    0.01346833    0.00733155    0.00155840 
ksp              :   0.01000000    0.01434577    0.07016237    0.09355049    0.10000000    0.10000000    0.09273727    0.06333344    0.01000000 
max(|step|)      :   0.00000000    0.02362023    0.03944508    0.03108863    0.03181660    0.03175641    0.03192093    0.03460082    0.02880876    0.00000000 
angle (deg.)     :    41.3102  78.4316  17.7520  15.4218  29.1357  12.3301  25.5489  86.1536 
>
iteration       : 49
climbing        : yes
zoom on         : no
nim             : 10
barrier         :   0.02837807 (image:  5) 
distance        :   0.00000000    3.81724732    6.76853141    7.34615642    7.77716407    8.17968869    8.59121872    9.08027823    9.78770354   13.88050468 
energy          : -1076.29318467  -1076.30130052  -1076.29151670  -1076.27293339  -1076.26649455  -1076.26480660  -1076.26682393  -1076.27515619  -1076.29457610  -1076.30995782 
max(|Fr_perp|)   :   0.00000000    0.00185107    0.01021397    0.01904525    0.00184121    0.00232560    0.00393676    0.02260314    0.01083834    0.00000000 
Fr_paral         :   0.00000000    0.00181326   -0.02432194   -0.02629710   -0.00982408   -0.00000141    0.01130328    0.02785933    0.01854992    0.00000000 
max(|Fsp_paral|) :   0.00000000    0.00192870    0.00101996    0.00103856    0.00023357    0.00033176    0.00178408    0.00075915    0.00232511    0.00000000 
max(|Fsp_perp|)  :   0.00000000    0.00000000    0.00000000    0.00000000    0.00000000    0.00000000    0.00000000    0.00000000    0.00000000    0.00000000 
max(|FNEB|)      :   0.00000000    0.00289271    0.01012321    0.01904103    0.00184735    0.00232562    0.00390129    0.02242924    0.01102305    0.00000000 
max(|Force|)     :   0.00175775    0.00191841    0.01300707    0.02047334    0.00541735    0.00232558    0.00483093    0.02148062    0.01052707    0.00155840 
ksp              :   0.01000000    0.01528992    0.07422618    0.09464674    0.10000000    0.10000000    0.09360211    0.06717664    0.01000000 
max(|step|)      :   0.00000000    0.00619346    0.00946347    0.01311112    0.00656175    0.00653679    0.00660805    0.01252513    0.00603724    0.00000000 
angle (deg.)     :    41.2964  78.0167  16.7349  15.3593  28.7439  11.9620  25.6879  85.7684 
>
iteration       : 50
climbing        : yes
zoom on         : no
nim             : 10
barrier         :   0.02840972 (image:  5) 
distance        :   0.00000000    3.84086074    6.74649146    7.31526401    7.75126398    8.16116550    8.57819852    9.07558546    9.77693027   13.87453285 
energy          : -1076.29318467  -1076.30133193  -1076.29205320  -1076.27386555  -1076.26654721  -1076.26477495  -1076.26687570  -1076.27598822  -1076.29504081  -1076.30995782 
max(|Fr_perp|)   :   0.00000000    0.00098826    0.00193305    0.00402395    0.00117645    0.00108755    0.00123254    0.00167850    0.00336917    0.00000000 
Fr_paral         :   0.00000000    0.00181815   -0.02452292   -0.02977219   -0.01013671   -0.00002650    0.01177301    0.03025959    0.01924278    0.00000000 
max(|Fsp_paral|) :   0.00000000    0.00029659    0.00046819    0.00033012    0.00007038    0.00026322    0.00182207    0.00052634    0.00149153    0.00000000 
max(|Fsp_perp|)  :   0.00000000    0.00000000    0.00000000    0.00000000    0.00000000    0.00000000    0.00000000    0.00000000    0.00000000    0.00000000 
max(|FNEB|)      :   0.00000000    0.00122352    0.00189854    0.00389520    0.00119495    0.00108770    0.00207007    0.00165571    0.00353976    0.00000000 
max(|Force|)     :   0.00175775    0.00138903    0.01241774    0.01647500    0.00533154    0.00108741    0.00469417    0.01303910    0.00802534    0.00155840 
ksp              :   0.01000000    0.01358443    0.07120161    0.09438559    0.10000000    0.10000000    0.09334497    0.06447713    0.01000000 
max(|step|)      :   0.00000000    0.00766337    0.01580873    0.01134402    0.01171844    0.01171584    0.01182984    0.01370292    0.01160790    0.00000000 
angle (deg.)     :    41.3875  79.9937  17.7533  15.5939  28.6521  12.6854  26.5175  87.5895 
>
iteration       : 51
climbing        : yes
zoom on         : no
nim             : 10
barrier         :   0.02831908 (image:  5) 
distance        :   0.00000000    3.81369243    6.79590171    7.37048800    7.80842451    8.21306086    8.62489279    9.11690920    9.81113292   13.91056411 
energy          : -1076.29318467  -1076.30133332  -1076.29214187  -1076.27386817  -1076.26657851  -1076.26486559  -1076.26691811  -1076.27582529  -1076.29466867  -1076.30995782 
max(|Fr_perp|)   :   0.00000000    0.00093514    0.00155115    0.00149792    0.00125209    0.00113237    0.00108384    0.00098028    0.00220855    0.00000000 
Fr_paral         :   0.00000000    0.00186923   -0.02423966   -0.02968323   -0.00990460   -0.00001725    0.01159412    0.02997346    0.01962978    0.00000000 
max(|Fsp_paral|) :   0.00000000    0.00043904    0.00059815    0.00019676    0.00041005    0.00026587    0.00185216    0.00032620    0.00149738    0.00000000 
max(|Fsp_perp|)  :   0.00000000    0.00000000    0.00000000    0.00000000    0.00000000    0.00000000    0.00000000    0.00000000    0.00000000    0.00000000 
max(|FNEB|)      :   0.00000000    0.00116896    0.00150755    0.00136221    0.00145225    0.00113247    0.00194727    0.00107029    0.00250787    0.00000000 
max(|Force|)     :   0.00175775    0.00126022    0.01219637    0.01638370    0.00509473    0.00113227    0.00448710    0.01320177    0.00806618    0.00155840 
ksp              :   0.01000000    0.01331409    0.07138917    0.09455623    0.10000000    0.10000000    0.09347695    0.06516933    0.01000000 
max(|step|)      :   0.00000000    0.01815756    0.03874079    0.03209952    0.03241327    0.03241397    0.03265084    0.03457446    0.03148865    0.00000000 
angle (deg.)     :    41.8470  83.1784  19.6682  16.6861  28.3197  14.4665  27.5201  90.8242 
>
iteration       : 52
climbing        : yes
zoom on         : no
nim             : 10
barrier         :   0.02807697 (image:  5) 
distance        :   0.00000000    3.75395136    6.91586674    7.50427733    7.94995333    8.34209276    8.75200839    9.22262982    9.88792049   13.97870713 
energy          : -1076.29318467  -1076.30134923  -1076.29239151  -1076.27389231  -1076.26669076  -1076.26510770  -1076.26716204  -1076.27548103  -1076.29353034  -1076.30995782 
max(|Fr_perp|)   :   0.00000000    0.00081315    0.00389291    0.00377698    0.00168430    0.00164720    0.00155555    0.00184966    0.00258921    0.00000000 
Fr_paral         :   0.00000000    0.00197832   -0.02321095   -0.02924054   -0.00931708   -0.00000669    0.01153894    0.02922027    0.02054765    0.00000000 
max(|Fsp_paral|) :   0.00000000    0.00059816    0.00118276    0.00001714    0.00133468    0.00066282    0.00114089    0.00019291    0.00129341    0.00000000 
max(|Fsp_perp|)  :   0.00000000    0.00000000    0.00000000    0.00000000    0.00000000    0.00000000    0.00000000    0.00000000    0.00000000    0.00000000 
max(|FNEB|)      :   0.00000000    0.00140441    0.00385623    0.00391203    0.00170172    0.00164721    0.00154542    0.00197207    0.00290305    0.00000000 
max(|Force|)     :   0.00175775    0.00137168    0.01107766    0.01573123    0.00438158    0.00164719    0.00450394    0.01335062    0.00850316    0.00155840 
ksp              :   0.01000000    0.01254246    0.07184116    0.09492554    0.10000000    0.10000000    0.09341485    0.06674857    0.01000000 
max(|step|)      :   0.00000000    0.02626606    0.05349445    0.05281262    0.05218507    0.05221203    0.05246161    0.05027407    0.05116681    0.00000000 
angle (deg.)     :    43.0012  84.3070  20.3087  18.1873  28.1839  15.5678  26.0652  92.8446 
>
iteration       : 53
climbing        : yes
zoom on         : no
nim             : 10
barrier         :   0.02768097 (image:  5) 
distance        :   0.00000000    3.67596075    7.08246198    7.67821041    8.12958232    8.51088332    8.92228083    9.36317854    9.97401243   14.02312738 
energy          : -1076.29318467  -1076.30136633  -1076.29264561  -1076.27401267  -1076.26696680  -1076.26550370  -1076.26759938  -1076.27521484  -1076.29174416  -1076.30995782 
max(|Fr_perp|)   :   0.00000000    0.00078337    0.00499430    0.00633062    0.00151589    0.00148221    0.00145207    0.00274555    0.00339748    0.00000000 
Fr_paral         :   0.00000000    0.00210645   -0.02344218   -0.02850829   -0.00869515    0.00000729    0.01157771    0.02825990    0.02223264    0.00000000 
max(|Fsp_paral|) :   0.00000000    0.00093610    0.00136820    0.00005203    0.00208496    0.00113385    0.00002068    0.00030871    0.00700620    0.00000000 
max(|Fsp_perp|)  :   0.00000000    0.00000000    0.00000000    0.00000000    0.00000000    0.00000000    0.00000000    0.00000000    0.00000000    0.00000000 
max(|FNEB|)      :   0.00000000    0.00169512    0.00496824    0.00646200    0.00214045    0.00148220    0.00143581    0.00274216    0.00836406    0.00000000 
max(|Force|)     :   0.00175775    0.00136779    0.01103302    0.01514501    0.00378782    0.00148222    0.00502508    0.01332609    0.00986155    0.00155840 
ksp              :   0.01000000    0.01175265    0.07233451    0.09524298    0.10000000    0.10000000    0.09318626    0.06842588    0.01468359 
max(|step|)      :   0.00000000    0.00850978    0.00812431    0.01771948    0.01598065    0.01602892    0.01590772    0.00803133    0.02328256    0.00000000 
angle (deg.)     :    43.5206  79.6673  17.1266  18.3333  28.0188  14.2523  19.0005  89.1622 
>
iteration       : 54
climbing        : yes
zoom on         : no
nim             : 10
barrier         :   0.02754752 (image:  5) 
distance        :   0.00000000    3.67768824    7.08951929    7.66727308    8.11274903    8.50447881    8.92762173    9.35970942   10.00165618   13.99860472 
energy          : -1076.29318467  -1076.30141870  -1076.29255859  -1076.27432150  -1076.26719442  -1076.26563715  -1076.26785223  -1076.27542241  -1076.29297530  -1076.30995782 
max(|Fr_perp|)   :   0.00000000    0.00175199    0.00702746    0.00294274    0.00123080    0.00116683    0.00401431    0.00660653    0.00836188    0.00000000 
Fr_paral         :   0.00000000    0.00213279   -0.02477662   -0.02896032   -0.00895492   -0.00000665    0.01196084    0.02842657    0.01842542    0.00000000 
max(|Fsp_paral|) :   0.00000000    0.00123646    0.00012830    0.00045492    0.00134104    0.00119010    0.00085169    0.00155100    0.00039932    0.00000000 
max(|Fsp_perp|)  :   0.00000000    0.00000000    0.00000000    0.00000000    0.00000000    0.00000000    0.00000000    0.00000000    0.00000000    0.00000000 
max(|FNEB|)      :   0.00000000    0.00250177    0.00693595    0.00301032    0.00190671    0.00116687    0.00394427    0.00672665    0.00831263    0.00000000 
max(|Force|)     :   0.00175775    0.00212173    0.01186896    0.01489119    0.00392881    0.00116678    0.00544483    0.01315923    0.00995924    0.00155840 
ksp              :   0.01000000    0.01204545    0.07162753    0.09491228    0.10000000    0.10000000    0.09276318    0.06803077    0.01068404 
max(|step|)      :   0.00000000    0.02877685    0.04253047    0.07210515    0.06793023    0.06806636    0.06790979    0.04960330    0.08086879    0.00000000 
angle (deg.)     :    45.6522  69.6527  16.5435  19.5992  28.0144  15.6443  17.3648  83.1193 
>
iteration       : 55
climbing        : yes
zoom on         : no
nim             : 10
barrier         :   0.02708174 (image:  5) 
distance        :   0.00000000    3.64580020    7.21770050    7.78038413    8.21331862    8.62431581    9.06584399    9.48539675   10.16836707   14.02490386 
energy          : -1076.29318467  -1076.30151166  -1076.29251384  -1076.27482921  -1076.26778477  -1076.26610293  -1076.26856973  -1076.27589999  -1076.29412926  -1076.30995782 
max(|Fr_perp|)   :   0.00000000    0.00096035    0.00277277    0.00339671    0.00182899    0.00142306    0.00151407    0.00165481    0.00561528    0.00000000 
Fr_paral         :   0.00000000    0.00219553   -0.02693557   -0.02884501   -0.00914840    0.00003662    0.01268039    0.02797046    0.01078868    0.00000000 
max(|Fsp_paral|) :   0.00000000    0.00208917    0.00163147    0.00046901    0.00009779    0.00116833    0.00213310    0.00316450    0.00328621    0.00000000 
max(|Fsp_perp|)  :   0.00000000    0.00000000    0.00000000    0.00000000    0.00000000    0.00000000    0.00000000    0.00000000    0.00000000    0.00000000 
max(|FNEB|)      :   0.00000000    0.00291037    0.00398603    0.00318159    0.00177515    0.00142307    0.00240250    0.00449667    0.00825072    0.00000000 
max(|Force|)     :   0.00175775    0.00150324    0.01322938    0.01444693    0.00419483    0.00142305    0.00572166    0.01306124    0.00953467    0.00155840 
ksp              :   0.01000000    0.01222935    0.07100020    0.09441079    0.10000000    0.10000000    0.09180217    0.06744171    0.01000000 
max(|step|)      :   0.00000000    0.03399124    0.05943890    0.08197263    0.07906264    0.07921287    0.07897606    0.06508287    0.08653011    0.00000000 
angle (deg.)     :    48.1963  63.1101  21.4639  20.5519  28.6512  18.8435  28.2688  79.9568 
>
iteration       : 56
climbing        : yes
zoom on         : no
nim             : 10
barrier         :   0.02659527 (image:  5) 
distance        :   0.00000000    3.62440190    7.41321240    7.99228584    8.41156005    8.84080538    9.27853889    9.73008252   10.43532948   14.15578351 
energy          : -1076.29318467  -1076.30157060  -1076.29282478  -1076.27519812  -1076.26840032  -1076.26658940  -1076.26901319  -1076.27672800  -1076.29496039  -1076.30995782 
max(|Fr_perp|)   :   0.00000000    0.00139285    0.00457798    0.01076115    0.00219303    0.00220419    0.00482271    0.00671361    0.01542399    0.00000000 
Fr_paral         :   0.00000000    0.00229676   -0.02585313   -0.02808604   -0.00946440    0.00007404    0.01244762    0.02744506    0.00835739    0.00000000 
max(|Fsp_paral|) :   0.00000000    0.00184203    0.00062264    0.00085351    0.00153134    0.00032328    0.00087079    0.00196213    0.00395971    0.00000000 
max(|Fsp_perp|)  :   0.00000000    0.00000000    0.00000000    0.00000000    0.00000000    0.00000000    0.00000000    0.00000000    0.00000000    0.00000000 
max(|FNEB|)      :   0.00000000    0.00263405    0.00452538    0.01058132    0.00263213    0.00220418    0.00476504    0.00644341    0.01552372    0.00000000 
max(|Force|)     :   0.00175775    0.00150533    0.01279226    0.01457488    0.00444941    0.00220420    0.00532192    0.01348490    0.01528362    0.00155840 
ksp              :   0.01000000    0.01121788    0.07086758    0.09387172    0.10000000    0.10000000    0.09179775    0.06569038    0.01000000 
max(|step|)      :   0.00000000    0.04197109    0.07921779    0.09876294    0.09627253    0.09645058    0.09621318    0.08399982    0.10000000    0.00000000 
angle (deg.)     :    51.5098  58.5251  27.5980  21.8083  29.7497  22.0905  38.0716  79.1120 
>
iteration       : 57
climbing        : yes
zoom on         : no
nim             : 10
barrier         :   0.02606395 (image:  5) 
distance        :   0.00000000    3.60770335    7.69544838    8.29852672    8.70627700    9.15608184    9.58356410   10.07884777   10.81250989   14.39722376 
energy          : -1076.29318467  -1076.30154874  -1076.29326505  -1076.27571162  -1076.26909217  -1076.26712072  -1076.26943139  -1076.27772155  -1076.29579973  -1076.30995782 
max(|Fr_perp|)   :   0.00000000    0.00171344    0.00651127    0.01368003    0.00299496    0.00300325    0.00496670    0.00867246    0.01198518    0.00000000 
Fr_paral         :   0.00000000    0.00239946   -0.02380270   -0.02754394   -0.00988500    0.00011024    0.01201368    0.02712320    0.00678319    0.00000000 
max(|Fsp_paral|) :   0.00000000    0.00144517    0.00064041    0.00225770    0.00295133    0.00083943    0.00104616    0.00036667    0.00449699    0.00000000 
max(|Fsp_perp|)  :   0.00000000    0.00000000    0.00000000    0.00000000    0.00000000    0.00000000    0.00000000    0.00000000    0.00000000    0.00000000 
max(|FNEB|)      :   0.00000000    0.00192723    0.00673691    0.01380666    0.00390840    0.00301901    0.00518111    0.00875176    0.01240836    0.00000000 
max(|Force|)     :   0.00175775    0.00181505    0.01193436    0.01462078    0.00471815    0.00301900    0.00543743    0.01356362    0.01227531    0.00155840 
ksp              :   0.01000000    0.01000000    0.07038421    0.09319101    0.10000000    0.10000000    0.09202822    0.06342922    0.01000000 
max(|step|)      :   0.00000000    0.00182371    0.00637505    0.01306506    0.00369847    0.00285685    0.00490282    0.00828167    0.01174187    0.00000000 
angle (deg.)     :    51.4820  59.0067  26.3258  21.2580  29.9842  21.3073  36.1427  78.8822 
>
iteration       : 58
climbing        : yes
zoom on         : no
nim             : 10
barrier         :   0.02602101 (image:  5) 
distance        :   0.00000000    3.61185687    7.70170822    8.29801031    8.71510178    9.16018072    9.59053837   10.08523072   10.80187722   14.38225453 
energy          : -1076.29318467  -1076.30157647  -1076.29352054  -1076.27607847  -1076.26910698  -1076.26716366  -1076.26952927  -1076.27801405  -1076.29619761  -1076.30995782 
max(|Fr_perp|)   :   0.00000000    0.00141162    0.00325946    0.00828602    0.00211910    0.00213746    0.00249994    0.00446516    0.00794903    0.00000000 
Fr_paral         :   0.00000000    0.00240200   -0.02386445   -0.02865138   -0.00986386    0.00009914    0.01227413    0.02789432    0.00925782    0.00000000 
max(|Fsp_paral|) :   0.00000000    0.00144718    0.00014263    0.00119472    0.00237370    0.00055725    0.00088422    0.00025719    0.00376912    0.00000000 
max(|Fsp_perp|)  :   0.00000000    0.00000000    0.00000000    0.00000000    0.00000000    0.00000000    0.00000000    0.00000000    0.00000000    0.00000000 
max(|FNEB|)      :   0.00000000    0.00202448    0.00324011    0.00842235    0.00282730    0.00213746    0.00243780    0.00447655    0.00809704    0.00000000 
max(|Force|)     :   0.00175775    0.00150620    0.01181646    0.01477191    0.00461559    0.00213745    0.00513387    0.01369346    0.00785200    0.00155840 
ksp              :   0.01000000    0.01000000    0.06916597    0.09327857    0.10000000    0.10000000    0.09181796    0.06247130    0.01000000 
max(|step|)      :   0.00000000    0.00181970    0.00311427    0.00389526    0.00295891    0.00225502    0.00226807    0.00348370    0.00433402    0.00000000 
angle (deg.)     :    51.4362  59.5783  25.2787  20.8814  30.2318  20.6487  34.3280  78.7126 
>
iteration       : 59
climbing        : yes
zoom on         : no
nim             : 10
barrier         :   0.02599392 (image:  5) 
distance        :   0.00000000    3.61595934    7.70781812    8.29997962    8.72407814    9.16532632    9.59822510   10.09161467   10.79404696   14.37051666 
energy          : -1076.29318467  -1076.30159891  -1076.29371453  -1076.27627802  -1076.26911038  -1076.26719075  -1076.26958721  -1076.27815845  -1076.29636809  -1076.30995782 
max(|Fr_perp|)   :   0.00000000    0.00121734    0.00318767    0.00546895    0.00163514    0.00155219    0.00231456    0.00433838    0.00573652    0.00000000 
Fr_paral         :   0.00000000    0.00240653   -0.02378635   -0.02913266   -0.00984605    0.00008790    0.01241121    0.02825908    0.01095714    0.00000000 
max(|Fsp_paral|) :   0.00000000    0.00144696    0.00013880    0.00050797    0.00191673    0.00031583    0.00072603    0.00066482    0.00327621    0.00000000 
max(|Fsp_perp|)  :   0.00000000    0.00000000    0.00000000    0.00000000    0.00000000    0.00000000    0.00000000    0.00000000    0.00000000    0.00000000 
max(|FNEB|)      :   0.00000000    0.00209322    0.00318311    0.00561208    0.00214111    0.00155226    0.00226513    0.00438321    0.00585305    0.00000000 
max(|Force|)     :   0.00175775    0.00138342    0.01159467    0.01484164    0.00460137    0.00155213    0.00499070    0.01375074    0.00705074    0.00155840 
ksp              :   0.01000000    0.01000000    0.06853674    0.09335358    0.10000000    0.10000000    0.09170263    0.06202603    0.01000000 
max(|step|)      :   0.00000000    0.02006188    0.02731465    0.02829135    0.02207530    0.01545139    0.01553717    0.02806702    0.03952804    0.00000000 
angle (deg.)     :    50.9655  66.4042  18.8774  19.3038  32.8349  16.4688  20.7936  78.7039 
>
iteration       : 60
climbing        : yes
zoom on         : no
nim             : 10
barrier         :   0.02595712 (image:  5) 
distance        :   0.00000000    3.65918310    7.76793312    8.35263061    8.82331354    9.23811670    9.69259592   10.17079429   10.78224537   14.32381019 
energy          : -1076.29318467  -1076.30175971  -1076.29498247  -1076.27702335  -1076.26891315  -1076.26722756  -1076.26988829  -1076.27887115  -1076.29613460  -1076.30995782 
max(|Fr_perp|)   :   0.00000000    0.00103850    0.00668935    0.01051478    0.00253229    0.00249772    0.00319672    0.00635897    0.00632885    0.00000000 
Fr_paral         :   0.00000000    0.00243994   -0.02052033   -0.03063180   -0.00948867    0.00003412    0.01328591    0.03031536    0.02100555    0.00000000 
max(|Fsp_paral|) :   0.00000000    0.00140714    0.00109078    0.00288539    0.00116693    0.00148592    0.00077484    0.00292490    0.00040666    0.00000000 
max(|Fsp_perp|)  :   0.00000000    0.00000000    0.00000000    0.00000000    0.00000000    0.00000000    0.00000000    0.00000000    0.00000000    0.00000000 
max(|FNEB|)      :   0.00000000    0.00180206    0.00651096    0.01065528    0.00250645    0.00249768    0.00314385    0.00654581    0.00640702    0.00000000 
max(|Force|)     :   0.00175775    0.00117487    0.00842223    0.01592634    0.00460921    0.00249775    0.00577283    0.01401128    0.00952217    0.00155840 
ksp              :   0.01000000    0.01000000    0.06603547    0.09415562    0.10000000    0.10000000    0.09077454    0.05962868    0.01000000 
max(|step|)      :   0.00000000    0.01012004    0.01551882    0.01903054    0.00428559    0.00424741    0.00565173    0.01950752    0.01390313    0.00000000 
angle (deg.)     :    50.7659  69.2844  18.8476  19.1914  33.5273  15.6158  20.5651  79.4583 
>
iteration       : 61
climbing        : yes
zoom on         : no
nim             : 10
barrier         :   0.02591667 (image:  5) 
distance        :   0.00000000    3.68246888    7.79176067    8.39840207    8.86346469    9.28050714    9.73748204   10.20462996   10.81459605   14.33976063 
energy          : -1076.29318467  -1076.30183805  -1076.29534064  -1076.27673477  -1076.26896609  -1076.26726800  -1076.26995258  -1076.27871302  -1076.29585914  -1076.30995782 
max(|Fr_perp|)   :   0.00000000    0.00080829    0.01251489    0.02272384    0.00200116    0.00195449    0.00368336    0.00878674    0.01292810    0.00000000 
Fr_paral         :   0.00000000    0.00242057   -0.01743426   -0.02933256   -0.00961625    0.00006121    0.01346072    0.03010050    0.02215845    0.00000000 
max(|Fsp_paral|) :   0.00000000    0.00134758    0.00016517    0.00152359    0.00084904    0.00149194    0.00127641    0.00239001    0.00056183    0.00000000 
max(|Fsp_perp|)  :   0.00000000    0.00000000    0.00000000    0.00000000    0.00000000    0.00000000    0.00000000    0.00000000    0.00000000    0.00000000 
max(|FNEB|)      :   0.00000000    0.00198626    0.01258207    0.02271646    0.00197475    0.00195441    0.00378968    0.00884595    0.01288269    0.00000000 
max(|Force|)     :   0.00175775    0.00140828    0.01237813    0.02140933    0.00479461    0.00195457    0.00561939    0.01403895    0.01242979    0.00155840 
ksp              :   0.01000000    0.01000000    0.06712505    0.09410309    0.10000000    0.10000000    0.09067736    0.06025524    0.01000000 
max(|step|)      :   0.00000000    0.00437978    0.00774557    0.01044010    0.00438058    0.00294316    0.00308900    0.00969530    0.00862933    0.00000000 
angle (deg.)     :    50.8503  67.5992  18.1724  19.0572  32.9177  15.5129  18.9794  78.9452 
>
iteration       : 62
climbing        : yes
zoom on         : no
nim             : 10
barrier         :   0.02590019 (image:  5) 
distance        :   0.00000000    3.67260164    7.77820171    8.37901996    8.83657311    9.25790257    9.71005084   10.17946306   10.79683200   14.32889310 
energy          : -1076.29318467  -1076.30181303  -1076.29542261  -1076.27705649  -1076.26904038  -1076.26728448  -1076.26992443  -1076.27879078  -1076.29638816  -1076.30995782 
max(|Fr_perp|)   :   0.00000000    0.00056205    0.00190190    0.00480582    0.00140158    0.00136659    0.00136059    0.00199999    0.00293520    0.00000000 
Fr_paral         :   0.00000000    0.00242946   -0.02026162   -0.03095284   -0.00976149    0.00004410    0.01336934    0.03049702    0.02203231    0.00000000 
max(|Fsp_paral|) :   0.00000000    0.00136912    0.00060618    0.00165523    0.00034389    0.00115330    0.00098296    0.00236064    0.00066887    0.00000000 
max(|Fsp_perp|)  :   0.00000000    0.00000000    0.00000000    0.00000000    0.00000000    0.00000000    0.00000000    0.00000000    0.00000000    0.00000000 
max(|FNEB|)      :   0.00000000    0.00192580    0.00189294    0.00472483    0.00137581    0.00136655    0.00133418    0.00204150    0.00294457    0.00000000 
max(|Force|)     :   0.00175775    0.00133023    0.00825882    0.01654675    0.00484439    0.00136664    0.00545454    0.01386888    0.00934605    0.00155840 
ksp              :   0.01000000    0.01000000    0.06604345    0.09389844    0.10000000    0.10000000    0.09082649    0.06001701    0.01000000 
max(|step|)      :   0.00000000    0.00269804    0.00210966    0.00222824    0.00178396    0.00178132    0.00175370    0.00245965    0.00333038    0.00000000 
angle (deg.)     :    50.7988  67.9821  18.0888  19.0114  32.9498  15.2211  18.3377  78.9776 
>
iteration       : 63
climbing        : yes
zoom on         : no
nim             : 10
barrier         :   0.02588410 (image:  5) 
distance        :   0.00000000    3.67855837    7.78239633    8.38939855    8.84142439    9.26555660    9.71547284   10.18169305   10.80264416   14.33068087 
energy          : -1076.29318467  -1076.30183461  -1076.29555020  -1076.27702056  -1076.26908895  -1076.26730057  -1076.26991061  -1076.27869077  -1076.29644013  -1076.30995782 
max(|Fr_perp|)   :   0.00000000    0.00056524    0.00142846    0.00127287    0.00097164    0.00094314    0.00096219    0.00124395    0.00203882    0.00000000 
Fr_paral         :   0.00000000    0.00242793   -0.02021802   -0.03094890   -0.00987370    0.00004130    0.01331369    0.03041900    0.02214672    0.00000000 
max(|Fsp_paral|) :   0.00000000    0.00134876    0.00037453    0.00111275    0.00000890    0.00096384    0.00099261    0.00207091    0.00085519    0.00000000 
max(|Fsp_perp|)  :   0.00000000    0.00000000    0.00000000    0.00000000    0.00000000    0.00000000    0.00000000    0.00000000    0.00000000    0.00000000 
max(|FNEB|)      :   0.00000000    0.00190866    0.00132779    0.00116061    0.00094594    0.00094315    0.00094134    0.00159346    0.00273680    0.00000000 
max(|Force|)     :   0.00175775    0.00133525    0.00831344    0.01652955    0.00499257    0.00094312    0.00537822    0.01371343    0.00949223    0.00155840 
ksp              :   0.01000000    0.01000000    0.06620323    0.09378175    0.10000000    0.10000000    0.09092480    0.06039586    0.01000000 
max(|step|)      :   0.00000000    0.01588738    0.01348435    0.00595576    0.00676629    0.00683041    0.00656730    0.01527844    0.01431745    0.00000000 
angle (deg.)     :    50.5189  70.5116  18.5438  18.9624  33.5274  14.5565  18.7120  79.3412 
>
iteration       : 64
climbing        : yes
zoom on         : no
nim             : 10
barrier         :   0.02583923 (image:  5) 
distance        :   0.00000000    3.71352556    7.81092934    8.44548446    8.88214365    9.31528787    9.75637740   10.21017943   10.84389023   14.34841928 
energy          : -1076.29318467  -1076.30195105  -1076.29611190  -1076.27689455  -1076.26923937  -1076.26734544  -1076.26983206  -1076.27825297  -1076.29636909  -1076.30995782 
max(|Fr_perp|)   :   0.00000000    0.00055041    0.00322407    0.00472042    0.00126069    0.00102647    0.00116861    0.00238241    0.00269896    0.00000000 
Fr_paral         :   0.00000000    0.00241398   -0.01903051   -0.03068435   -0.01027054    0.00003041    0.01306888    0.02998586    0.02273741    0.00000000 
max(|Fsp_paral|) :   0.00000000    0.00123408    0.00059502    0.00078832    0.00105501    0.00029521    0.00102528    0.00092267    0.00157521    0.00000000 
max(|Fsp_perp|)  :   0.00000000    0.00000000    0.00000000    0.00000000    0.00000000    0.00000000    0.00000000    0.00000000    0.00000000    0.00000000 
max(|FNEB|)      :   0.00000000    0.00177924    0.00319137    0.00487183    0.00102939    0.00102630    0.00114664    0.00236708    0.00276642    0.00000000 
max(|Force|)     :   0.00175775    0.00132645    0.00810043    0.01680299    0.00554516    0.00102663    0.00509783    0.01322408    0.01005875    0.00155840 
ksp              :   0.01000000    0.01000000    0.06673974    0.09340330    0.10000000    0.10000000    0.09133893    0.06200824    0.01000000 
max(|step|)      :   0.00000000    0.01575011    0.01232182    0.00564982    0.00691084    0.00698818    0.00675677    0.01272760    0.01570912    0.00000000 
angle (deg.)     :    50.3093  72.1101  19.9565  19.1529  34.0873  14.8699  20.9808  79.0972 
>
iteration       : 65
climbing        : yes
zoom on         : no
nim             : 10
barrier         :   0.02579990 (image:  5) 
distance        :   0.00000000    3.74771184    7.83728238    8.48232359    8.92017556    9.35741162    9.78728778   10.23853007   10.87711889   14.35888298 
energy          : -1076.29318467  -1076.30206275  -1076.29647836  -1076.27710304  -1076.26933123  -1076.26738478  -1076.26972141  -1076.27794435  -1076.29612852  -1076.30995782 
max(|Fr_perp|)   :   0.00000000    0.00049743    0.00194669    0.00391464    0.00147489    0.00138114    0.00135572    0.00192499    0.00300709    0.00000000 
Fr_paral         :   0.00000000    0.00240537   -0.01858453   -0.03095049   -0.01046365    0.00001316    0.01267074    0.02959816    0.02296952    0.00000000 
max(|Fsp_paral|) :   0.00000000    0.00110910    0.00073349    0.00092065    0.00122298    0.00027257    0.00059813    0.00047741    0.00200841    0.00000000 
max(|Fsp_perp|)  :   0.00000000    0.00000000    0.00000000    0.00000000    0.00000000    0.00000000    0.00000000    0.00000000    0.00000000    0.00000000 
max(|FNEB|)      :   0.00000000    0.00159180    0.00195094    0.00406915    0.00138334    0.00138107    0.00136151    0.00189751    0.00315986    0.00000000 
max(|Force|)     :   0.00175775    0.00126823    0.00808264    0.01712530    0.00564040    0.00138121    0.00475678    0.01301171    0.00975930    0.00155840 
ksp              :   0.01000000    0.01000000    0.06609894    0.09321002    0.10000000    0.10000000    0.09184892    0.06316411    0.01000000 
max(|step|)      :   0.00000000    0.05823292    0.04304258    0.02311721    0.02607926    0.02634758    0.02584821    0.04074849    0.05289938    0.00000000 
angle (deg.)     :    49.7478  76.4551  26.3173  20.1273  35.7727  18.2743  30.5032  76.6997 
>
iteration       : 66
climbing        : yes
zoom on         : no
nim             : 10
barrier         :   0.02563480 (image:  5) 
distance        :   0.00000000    3.87442043    7.93094607    8.60933868    9.05846353    9.50887778    9.90471079   10.35129367   10.99216590   14.39293268 
energy          : -1076.29318467  -1076.30245567  -1076.29700611  -1076.27786274  -1076.26965697  -1076.26754987  -1076.26943069  -1076.27697397  -1076.29393995  -1076.30995782 
max(|Fr_perp|)   :   0.00000000    0.00129699    0.03141635    0.01776454    0.00190323    0.00119922    0.00319217    0.00335684    0.02160412    0.00000000 
Fr_paral         :   0.00000000    0.00234362   -0.01379376   -0.03125371   -0.01099101   -0.00003534    0.01131470    0.02786293    0.02178282    0.00000000 
max(|Fsp_paral|) :   0.00000000    0.00059940    0.00102618    0.00086608    0.00148604    0.00200086    0.00083304    0.00050281    0.00306859    0.00000000 
max(|Fsp_perp|)  :   0.00000000    0.00000000    0.00000000    0.00000000    0.00000000    0.00000000    0.00000000    0.00000000    0.00000000    0.00000000 
max(|FNEB|)      :   0.00000000    0.00159780    0.03153453    0.01788573    0.00251623    0.00119919    0.00310069    0.00322919    0.02220935    0.00000000 
max(|Force|)     :   0.00175775    0.00177467    0.03049841    0.01747632    0.00585997    0.00119926    0.00489246    0.01222129    0.02035418    0.00155840 
ksp              :   0.01000000    0.01000000    0.06379305    0.09260227    0.10000000    0.10000000    0.09339671    0.06691338    0.01000000 
max(|step|)      :   0.00000000    0.00386003    0.01797150    0.00997040    0.00236590    0.00236324    0.00260562    0.00236601    0.01631761    0.00000000 
angle (deg.)     :    49.7366  76.2249  26.2965  20.0143  35.8406  17.9676  28.8408  75.9615 
>
iteration       : 67
climbing        : yes
zoom on         : no
nim             : 10
barrier         :   0.02561291 (image:  5) 
distance        :   0.00000000    3.88173035    7.93468781    8.60286529    9.06260368    9.51092215    9.90312124   10.35320179   10.98442000   14.38032713 
energy          : -1076.29318467  -1076.30248454  -1076.29755820  -1076.27833398  -1076.26965563  -1076.26757176  -1076.26942996  -1076.27702592  -1076.29450241  -1076.30995782 
max(|Fr_perp|)   :   0.00000000    0.00063815    0.00188180    0.00131812    0.00088927    0.00087343    0.00093812    0.00117402    0.00413181    0.00000000 
Fr_paral         :   0.00000000    0.00237685   -0.01661336   -0.03241926   -0.01092322   -0.00005106    0.01120635    0.02805313    0.02403809    0.00000000 
max(|Fsp_paral|) :   0.00000000    0.00057084    0.00038098    0.00054423    0.00095945    0.00206302    0.00112027    0.00003574    0.00284451    0.00000000 
max(|Fsp_perp|)  :   0.00000000    0.00000000    0.00000000    0.00000000    0.00000000    0.00000000    0.00000000    0.00000000    0.00000000    0.00000000 
max(|FNEB|)      :   0.00000000    0.00120418    0.00184197    0.00117457    0.00092089    0.00087336    0.00126345    0.00118439    0.00369526    0.00000000 
max(|Force|)     :   0.00175775    0.00143056    0.00717627    0.01718259    0.00554119    0.00087350    0.00426694    0.01223572    0.01040523    0.00155840 
ksp              :   0.01000000    0.01000000    0.06218315    0.09267759    0.10000000    0.10000000    0.09347056    0.06677947    0.01000000 
max(|step|)      :   0.00000000    0.00187889    0.00450627    0.00488152    0.00321264    0.00320745    0.00316307    0.00325277    0.00849012    0.00000000 
angle (deg.)     :    49.7896  75.3166  26.0846  19.9850  35.5969  17.1529  24.5918  74.5015 
>
iteration       : 68
climbing        : yes
zoom on         : no
nim             : 10
barrier         :   0.02560166 (image:  5) 
distance        :   0.00000000    3.88455075    7.93274542    8.58884596    9.05598867    9.50265686    9.89508276   10.34547764   10.95650394   14.35083085 
energy          : -1076.29318467  -1076.30249478  -1076.29750345  -1076.27852590  -1076.26964418  -1076.26758301  -1076.26945222  -1076.27709040  -1076.29433603  -1076.30995782 
max(|Fr_perp|)   :   0.00000000    0.00052719    0.00269501    0.00229841    0.00083638    0.00081714    0.00075727    0.00098498    0.00275870    0.00000000 
Fr_paral         :   0.00000000    0.00239326   -0.01714854   -0.03265468   -0.01083084   -0.00005327    0.01119468    0.02827334    0.02468212    0.00000000 
max(|Fsp_paral|) :   0.00000000    0.00054505    0.00004125    0.00152768    0.00057773    0.00200550    0.00110824    0.00060307    0.00241236    0.00000000 
max(|Fsp_perp|)  :   0.00000000    0.00000000    0.00000000    0.00000000    0.00000000    0.00000000    0.00000000    0.00000000    0.00000000    0.00000000 
max(|FNEB|)      :   0.00000000    0.00106744    0.00276238    0.00219394    0.00082732    0.00081708    0.00122217    0.00086444    0.00290512    0.00000000 
max(|Force|)     :   0.00175775    0.00132431    0.00709902    0.01696588    0.00524950    0.00081721    0.00414940    0.01235890    0.01042115    0.00155840 
ksp              :   0.01000000    0.01000000    0.06153139    0.09275417    0.10000000    0.10000000    0.09342900    0.06657775    0.01000000 
max(|step|)      :   0.00000000    0.02224386    0.01175781    0.01278285    0.01165150    0.01171246    0.01155881    0.00700618    0.02123650    0.00000000 
angle (deg.)     :    49.7602  74.5677  27.0918  20.0282  35.4995  16.9462  18.3386  70.4349 
>
iteration       : 69
climbing        : yes
zoom on         : no
nim             : 10
barrier         :   0.02554137 (image:  5) 
distance        :   0.00000000    3.92972417    7.95733003    8.60997681    9.08591667    9.53574409    9.92417142   10.36587198   10.93951580   14.30945868 
energy          : -1076.29318467  -1076.30263043  -1076.29769524  -1076.27895523  -1076.26973379  -1076.26764330  -1076.26947263  -1076.27685595  -1076.29333294  -1076.30995782 
max(|Fr_perp|)   :   0.00000000    0.00063717    0.00699180    0.00462782    0.00149757    0.00158340    0.00156128    0.00164376    0.00286837    0.00000000 
Fr_paral         :   0.00000000    0.00238357   -0.01684845   -0.03303345   -0.01090827   -0.00006473    0.01097776    0.02796804    0.02625232    0.00000000 
max(|Fsp_paral|) :   0.00000000    0.00032786    0.00036840    0.00251770    0.00038945    0.00228959    0.00096231    0.00111386    0.00190698    0.00000000 
max(|Fsp_perp|)  :   0.00000000    0.00000000    0.00000000    0.00000000    0.00000000    0.00000000    0.00000000    0.00000000    0.00000000    0.00000000 
max(|FNEB|)      :   0.00000000    0.00084365    0.00706539    0.00456655    0.00159313    0.00158312    0.00155886    0.00152172    0.00245350    0.00000000 
max(|Force|)     :   0.00175775    0.00131885    0.00718223    0.01660500    0.00491890    0.00158367    0.00412592    0.01229241    0.01091917    0.00155840 
ksp              :   0.01000000    0.01000000    0.06014022    0.09263375    0.10000000    0.10000000    0.09355402    0.06753743    0.01000000 
max(|step|)      :   0.00000000    0.04735735    0.02849469    0.02936001    0.02707206    0.02719936    0.02708582    0.02022655    0.04272454    0.00000000 
angle (deg.)     :    49.7015  73.4966  28.4418  19.4437  35.5248  17.5909  15.3701  63.9067 
>
iteration       : 70
climbing        : yes
zoom on         : no
nim             : 10
barrier         :   0.02538919 (image:  5) 
distance        :   0.00000000    4.02266734    8.01267624    8.68306370    9.15951278    9.61715548   10.00693292   10.42000463   10.93720059   14.27278860 
energy          : -1076.29318467  -1076.30289697  -1076.29804449  -1076.27927439  -1076.26997410  -1076.26779548  -1076.26962993  -1076.27628830  -1076.29034846  -1076.30995782 
max(|Fr_perp|)   :   0.00000000    0.00325476    0.01935516    0.00949748    0.00147872    0.00149726    0.00221931    0.00548712    0.02270250    0.00000000 
Fr_paral         :   0.00000000    0.00252067   -0.01506390   -0.03275158   -0.01128383   -0.00008848    0.01085898    0.02667421    0.02562170    0.00000000 
max(|Fsp_paral|) :   0.00000000    0.00011061    0.00005061    0.00218312    0.00078512    0.00255968    0.00013704    0.00106349    0.01251808    0.00000000 
max(|Fsp_perp|)  :   0.00000000    0.00000000    0.00000000    0.00000000    0.00000000    0.00000000    0.00000000    0.00000000    0.00000000    0.00000000 
max(|FNEB|)      :   0.00000000    0.00325900    0.01929138    0.00953782    0.00147076    0.00149719    0.00221864    0.00548107    0.02164271    0.00000000 
max(|Force|)     :   0.00175775    0.00320816    0.01873346    0.01669662    0.00514747    0.00149733    0.00459181    0.01187887    0.02181188    0.00155840 
ksp              :   0.01000000    0.01000000    0.05930939    0.09227722    0.10000000    0.10000000    0.09349722    0.06989453    0.02005386 
max(|step|)      :   0.00000000    0.02563478    0.01680482    0.01401793    0.01357818    0.01367325    0.01360745    0.01418419    0.02107350    0.00000000 
angle (deg.)     :    49.7732  73.1547  26.7239  19.4583  35.1991  16.8199  13.3824  66.8943 
>
iteration       : 71
climbing        : yes
zoom on         : no
nim             : 10
barrier         :   0.02545524 (image:  5) 
distance        :   0.00000000    3.97054400    7.97817548    8.64156321    9.11003082    9.56469912    9.95952656   10.38091184   10.92935908   14.28312368 
energy          : -1076.29318467  -1076.30276076  -1076.29799389  -1076.27900111  -1076.26987466  -1076.26772943  -1076.26963444  -1076.27662876  -1076.29253512  -1076.30995782 
max(|Fr_perp|)   :   0.00000000    0.00047380    0.00114826    0.00162018    0.00093835    0.00102841    0.00101575    0.00114646    0.00217550    0.00000000 
Fr_paral         :   0.00000000    0.00240298   -0.01667170   -0.03304760   -0.01114058   -0.00006649    0.01115131    0.02745036    0.02770146    0.00000000 
max(|Fsp_paral|) :   0.00000000    0.00012528    0.00006326    0.00175727    0.00094450    0.00224965    0.00007017    0.00073609    0.00147250    0.00000000 
max(|Fsp_perp|)  :   0.00000000    0.00000000    0.00000000    0.00000000    0.00000000    0.00000000    0.00000000    0.00000000    0.00000000    0.00000000 
max(|FNEB|)      :   0.00000000    0.00059347    0.00108320    0.00211264    0.00103523    0.00102812    0.00101332    0.00101104    0.00326994    0.00000000 
max(|Force|)     :   0.00175775    0.00127851    0.00662452    0.01675088    0.00517313    0.00102870    0.00434393    0.01211072    0.01141762    0.00155840 
ksp              :   0.01000000    0.01000000    0.06014765    0.09241530    0.10000000    0.10000000    0.09326463    0.06853539    0.01229655 
max(|step|)      :   0.00000000    0.00476809    0.00365806    0.00348937    0.00290829    0.00291799    0.00285070    0.00349050    0.00269054    0.00000000 
angle (deg.)     :    49.7399  73.5017  26.5757  19.2233  35.3634  16.8267  13.2226  67.0538 
>
iteration       : 72
climbing        : yes
zoom on         : no
nim             : 10
barrier         :   0.02543287 (image:  5) 
distance        :   0.00000000    3.97989416    7.98675466    8.65825376    9.12316660    9.57834830    9.97425665   10.39156432   10.94216968   14.29088170 
energy          : -1076.29318467  -1076.30279150  -1076.29813598  -1076.27895476  -1076.26990552  -1076.26775180  -1076.26966815  -1076.27659323  -1076.29257231  -1076.30995782 
max(|Fr_perp|)   :   0.00000000    0.00046338    0.00094972    0.00086457    0.00081633    0.00080063    0.00081541    0.00090644    0.00205858    0.00000000 
Fr_paral         :   0.00000000    0.00238442   -0.01634940   -0.03301100   -0.01120845   -0.00006452    0.01120815    0.02734703    0.02794603    0.00000000 
max(|Fsp_paral|) :   0.00000000    0.00009141    0.00016735    0.00124803    0.00111443    0.00222505    0.00026566    0.00045870    0.00116909    0.00000000 
max(|Fsp_perp|)  :   0.00000000    0.00000000    0.00000000    0.00000000    0.00000000    0.00000000    0.00000000    0.00000000    0.00000000    0.00000000 
max(|FNEB|)      :   0.00000000    0.00055027    0.00094709    0.00126672    0.00080686    0.00080054    0.00079572    0.00069444    0.00293642    0.00000000 
max(|Force|)     :   0.00175775    0.00127160    0.00650456    0.01699922    0.00538456    0.00080072    0.00426936    0.01202864    0.01152299    0.00155840 
ksp              :   0.01000000    0.01000000    0.06035580    0.09237859    0.10000000    0.10000000    0.09321857    0.06871259    0.01216697 
max(|step|)      :   0.00000000    0.04241607    0.02924835    0.02691041    0.02663577    0.02671726    0.02643504    0.02429577    0.02789310    0.00000000 
angle (deg.)     :    49.6468  73.9630  27.0173  18.1466  36.1141  17.0678  12.7604  65.9909 
>
iteration       : 73
climbing        : yes
zoom on         : no
nim             : 10
barrier         :   0.02528859 (image:  5) 
distance        :   0.00000000    4.06073433    8.05054826    8.75732610    9.21375555    9.67187898   10.06636563   10.46353161   11.01555195   14.32684653 
energy          : -1076.29318467  -1076.30303162  -1076.29883399  -1076.27896818  -1076.27007311  -1076.26789608  -1076.26979591  -1076.27626420  -1076.29211405  -1076.30995782 
max(|Fr_perp|)   :   0.00000000    0.00114404    0.00202956    0.00333952    0.00133027    0.00122718    0.00120674    0.00105238    0.00516561    0.00000000 
Fr_paral         :   0.00000000    0.00241722   -0.01536700   -0.03290784   -0.01145911   -0.00005683    0.01113414    0.02641064    0.02877222    0.00000000 
max(|Fsp_paral|) :   0.00000000    0.00024491    0.00106534    0.00036513    0.00159161    0.00238760    0.00092746    0.00073785    0.00285478    0.00000000 
max(|Fsp_perp|)  :   0.00000000    0.00000000    0.00000000    0.00000000    0.00000000    0.00000000    0.00000000    0.00000000    0.00000000    0.00000000 
max(|FNEB|)      :   0.00000000    0.00115618    0.00203856    0.00318864    0.00123041    0.00122744    0.00120660    0.00133426    0.00564408    0.00000000 
max(|Force|)     :   0.00175775    0.00156020    0.00597250    0.01795896    0.00621615    0.00122692    0.00419458    0.01151641    0.01182707    0.00155840 
ksp              :   0.01000000    0.01000000    0.06059532    0.09225213    0.10000000    0.10000000    0.09323868    0.07021854    0.01381025 
max(|step|)      :   0.00000000    0.02780405    0.01873850    0.01956282    0.01893341    0.01898246    0.01912828    0.01544227    0.02210802    0.00000000 
angle (deg.)     :    49.6932  73.6139  27.5580  17.7552  36.5524  17.0398  13.5872  66.6983 
>
iteration       : 74
climbing        : yes
zoom on         : no
nim             : 10
barrier         :   0.02519293 (image:  5) 
distance        :   0.00000000    4.11191282    8.09644317    8.81755424    9.27494752    9.73190695   10.12069454   10.51609176   11.08801865   14.37331427 
energy          : -1076.29318467  -1076.30316917  -1076.29911628  -1076.27902401  -1076.27013392  -1076.26799174  -1076.26983094  -1076.27617594  -1076.29251948  -1076.30995782 
max(|Fr_perp|)   :   0.00000000    0.00296055    0.00916465    0.00446737    0.00189751    0.00182965    0.00184969    0.00309896    0.00407517    0.00000000 
Fr_paral         :   0.00000000    0.00215885   -0.01526604   -0.03271368   -0.01140029   -0.00003913    0.01087402    0.02589292    0.02833829    0.00000000 
max(|Fsp_paral|) :   0.00000000    0.00044368    0.00140293    0.00072577    0.00147753    0.00256078    0.00073655    0.00148209    0.00007849    0.00000000 
max(|Fsp_perp|)  :   0.00000000    0.00000000    0.00000000    0.00000000    0.00000000    0.00000000    0.00000000    0.00000000    0.00000000    0.00000000 
max(|FNEB|)      :   0.00000000    0.00293731    0.00925516    0.00444698    0.00184227    0.00182959    0.00183228    0.00307199    0.00397699    0.00000000 
max(|Force|)     :   0.00175775    0.00300295    0.00854477    0.01873568    0.00641211    0.00182971    0.00438959    0.01150365    0.01234163    0.00155840 
ksp              :   0.01000000    0.01000000    0.06058798    0.09234721    0.10000000    0.10000000    0.09342958    0.07076251    0.01237634 
max(|step|)      :   0.00000000    0.00992795    0.00739274    0.00611253    0.00631345    0.00633442    0.00623882    0.00717941    0.00583060    0.00000000 
angle (deg.)     :    49.6943  73.8056  28.1451  17.9007  36.7760  17.0885  13.1305  66.4490 
>
iteration       : 75
climbing        : yes
zoom on         : no
nim             : 10
barrier         :   0.02514709 (image:  5) 
distance        :   0.00000000    4.13096463    8.11385715    8.83260289    9.29811728    9.75400723   10.13719878   10.53729104   11.10594373   14.38099886 
energy          : -1076.29318467  -1076.30323555  -1076.29925309  -1076.27935067  -1076.27016738  -1076.26803758  -1076.26981648  -1076.27621506  -1076.29251054  -1076.30995782 
max(|Fr_perp|)   :   0.00000000    0.00148122    0.00378772    0.00194269    0.00139108    0.00126220    0.00134124    0.00195229    0.00205256    0.00000000 
Fr_paral         :   0.00000000    0.00225744   -0.01537678   -0.03321291   -0.01135642   -0.00005273    0.01066974    0.02596517    0.02863442    0.00000000 
max(|Fsp_paral|) :   0.00000000    0.00051754    0.00108382    0.00011532    0.00110752    0.00273385    0.00032566    0.00116031    0.00017846    0.00000000 
max(|Fsp_perp|)  :   0.00000000    0.00000000    0.00000000    0.00000000    0.00000000    0.00000000    0.00000000    0.00000000    0.00000000    0.00000000 
max(|FNEB|)      :   0.00000000    0.00145343    0.00382528    0.00183915    0.00126745    0.00126211    0.00132186    0.00193497    0.00205799    0.00000000 
max(|Force|)     :   0.00175775    0.00158283    0.00630317    0.01861300    0.00625493    0.00126229    0.00426098    0.01146188    0.01218389    0.00155840 
ksp              :   0.01000000    0.01000000    0.05951109    0.09237758    0.10000000    0.10000000    0.09363342    0.07073326    0.01241267 
max(|step|)      :   0.00000000    0.04115994    0.02956922    0.02759071    0.02751983    0.02759544    0.02746943    0.02690422    0.02648374    0.00000000 
angle (deg.)     :    49.7797  73.8986  29.9951  18.1877  37.4619  17.4292  13.5250  66.3518 
>
iteration       : 76
climbing        : yes
zoom on         : no
nim             : 10
barrier         :   0.02499444 (image:  5) 
distance        :   0.00000000    4.20793147    8.18509026    8.90854885    9.39081600    9.84535780   10.21261543   10.62287727   11.19313447   14.43091888 
energy          : -1076.29318467  -1076.30345538  -1076.29964985  -1076.28002404  -1076.27029425  -1076.26819023  -1076.26980328  -1076.27623061  -1076.29250339  -1076.30995782 
max(|Fr_perp|)   :   0.00000000    0.00046706    0.00245195    0.00147550    0.00122050    0.00065946    0.00068592    0.00091538    0.00198347    0.00000000 
Fr_paral         :   0.00000000    0.00237517   -0.01525973   -0.03382822   -0.01127432   -0.00007448    0.01001634    0.02574289    0.02866820    0.00000000 
max(|Fsp_paral|) :   0.00000000    0.00081596    0.00066035    0.00153906    0.00037853    0.00329637    0.00072284    0.00078219    0.00008189    0.00000000 
max(|Fsp_perp|)  :   0.00000000    0.00000000    0.00000000    0.00000000    0.00000000    0.00000000    0.00000000    0.00000000    0.00000000    0.00000000 
max(|FNEB|)      :   0.00000000    0.00087515    0.00246323    0.00124343    0.00105671    0.00065913    0.00089763    0.00145416    0.00187303    0.00000000 
max(|Force|)     :   0.00175775    0.00123810    0.00644721    0.01852014    0.00601848    0.00065980    0.00392744    0.01130537    0.01207041    0.00155840 
ksp              :   0.01000000    0.01000000    0.05738881    0.09242384    0.10000000    0.10000000    0.09419174    0.07104820    0.01245316 
max(|step|)      :   0.00000000    0.03893126    0.02898531    0.02842668    0.02828209    0.02833331    0.02830755    0.02705614    0.02612681    0.00000000 
angle (deg.)     :    49.9321  73.7972  31.3588  18.5092  37.9412  17.9205  13.8230  67.2861 
>
iteration       : 77
climbing        : yes
zoom on         : no
nim             : 10
barrier         :   0.02485077 (image:  5) 
distance        :   0.00000000    4.27806344    8.25768000    8.99093054    9.48085100    9.93628403   10.29369513   10.71316289   11.28709356   14.49330931 
energy          : -1076.29318467  -1076.30364638  -1076.29999612  -1076.28043560  -1076.27043828  -1076.26833390  -1076.26984852  -1076.27633934  -1076.29271145  -1076.30995782 
max(|Fr_perp|)   :   0.00000000    0.00104818    0.00323385    0.00198857    0.00106996    0.00087286    0.00090140    0.00142008    0.00219009    0.00000000 
Fr_paral         :   0.00000000    0.00240111   -0.01493010   -0.03406980   -0.01125771   -0.00008639    0.00959806    0.02563457    0.02868501    0.00000000 
max(|Fsp_paral|) :   0.00000000    0.00106657    0.00053589    0.00205633    0.00012271    0.00371956    0.00145974    0.00045989    0.00135195    0.00000000 
max(|Fsp_perp|)  :   0.00000000    0.00000000    0.00000000    0.00000000    0.00000000    0.00000000    0.00000000    0.00000000    0.00000000    0.00000000 
max(|FNEB|)      :   0.00000000    0.00136753    0.00325309    0.00189779    0.00102429    0.00087278    0.00161944    0.00132331    0.00213227    0.00000000 
max(|Force|)     :   0.00175775    0.00140529    0.00631633    0.01840443    0.00589459    0.00087295    0.00369791    0.01125361    0.01217226    0.00155840 
ksp              :   0.01000000    0.01000000    0.05617226    0.09237874    0.10000000    0.10000000    0.09451464    0.07100736    0.01171382 
max(|step|)      :   0.00000000    0.10000000    0.07696097    0.07350872    0.07398482    0.07411338    0.07391969    0.07361135    0.06668738    0.00000000 
angle (deg.)     :    50.4552  74.4373  34.8626  19.5553  39.0505  19.7338  12.0794  69.4605 
>
iteration       : 78
climbing        : yes
zoom on         : no
nim             : 10
barrier         :   0.02450305 (image:  5) 
distance        :   0.00000000    4.45930282    8.46215417    9.22883478    9.72999693   10.19387792   10.53917668   10.96994362   11.52544559   14.65835369 
energy          : -1076.29318467  -1076.30410095  -1076.30083938  -1076.28137852  -1076.27086612  -1076.26868162  -1076.27007295  -1076.27661518  -1076.29236205  -1076.30995782 
max(|Fr_perp|)   :   0.00000000    0.00052120    0.01017746    0.00388750    0.00119849    0.00115657    0.00116432    0.00212645    0.01242224    0.00000000 
Fr_paral         :   0.00000000    0.00228375   -0.01323490   -0.03432310   -0.01143300   -0.00011509    0.00904329    0.02549549    0.02945709    0.00000000 
max(|Fsp_paral|) :   0.00000000    0.00167300    0.00035156    0.00264366    0.00013669    0.00455640    0.00231676    0.00061634    0.00068783    0.00000000 
max(|Fsp_perp|)  :   0.00000000    0.00000000    0.00000000    0.00000000    0.00000000    0.00000000    0.00000000    0.00000000    0.00000000    0.00000000 
max(|FNEB|)      :   0.00000000    0.00152100    0.01078498    0.00404220    0.00117464    0.00116599    0.00267446    0.00211497    0.01321653    0.00000000 
max(|Force|)     :   0.00175775    0.00119801    0.01103342    0.01790630    0.00562384    0.00116603    0.00365002    0.01107990    0.01298221    0.00155840 
ksp              :   0.01000000    0.01000000    0.05335917    0.09197923    0.10000000    0.10000000    0.09489687    0.07086289    0.01308371 
max(|step|)      :   0.00000000    0.00111508    0.00790674    0.00296344    0.00086116    0.00085482    0.00196072    0.00155054    0.00968937    0.00000000 
angle (deg.)     :    50.4476  74.3898  34.6368  19.5095  38.9224  19.7836  11.7239  69.6185 
>
iteration       : 79
climbing        : yes
zoom on         : no
nim             : 10
barrier         :   0.02449633 (image:  5) 
distance        :   0.00000000    4.45610326    8.46216238    9.23056820    9.72757792   10.19288156   10.54286843   10.96864058   11.52621709   14.65859077 
energy          : -1076.29318467  -1076.30409645  -1076.30090100  -1076.28131641  -1076.27088973  -1076.26868835  -1076.27012205  -1076.27662532  -1076.29254816  -1076.30995782 
max(|Fr_perp|)   :   0.00000000    0.00037411    0.00254330    0.00098727    0.00098881    0.00094785    0.00095972    0.00098814    0.00311587    0.00000000 
Fr_paral         :   0.00000000    0.00227527   -0.01340691   -0.03436621   -0.01148632   -0.00011306    0.00920585    0.02551123    0.02978572    0.00000000 
max(|Fsp_paral|) :   0.00000000    0.00165306    0.00044844    0.00229864    0.00036900    0.00443612    0.00196407    0.00034678    0.00036060    0.00000000 
max(|Fsp_perp|)  :   0.00000000    0.00000000    0.00000000    0.00000000    0.00000000    0.00000000    0.00000000    0.00000000    0.00000000    0.00000000 
max(|FNEB|)      :   0.00000000    0.00148642    0.00253138    0.00196853    0.00095570    0.00094783    0.00222910    0.00099216    0.00301917    0.00000000 
max(|Force|)     :   0.00175775    0.00118442    0.00493320    0.01790536    0.00570421    0.00094787    0.00363909    0.01123045    0.01300452    0.00155840 
ksp              :   0.01000000    0.01000000    0.05360424    0.09191207    0.10000000    0.10000000    0.09473254    0.07083938    0.01233856 
max(|step|)      :   0.00000000    0.00107323    0.00088182    0.00145131    0.00071121    0.00070546    0.00165182    0.00073825    0.00079205    0.00000000 
angle (deg.)     :    50.4393  74.3413  34.4676  19.4897  38.8224  19.8323  11.5013  69.7490 
>
iteration       : 80
climbing        : yes
zoom on         : no
nim             : 10
barrier         :   0.02449167 (image:  5) 
distance        :   0.00000000    4.45299320    8.46226905    9.23190296    9.72552958   10.19193828   10.54592351   10.96779113   11.52540708   14.65789333 
energy          : -1076.29318467  -1076.30409145  -1076.30090280  -1076.28123973  -1076.27090795  -1076.26869300  -1076.27016443  -1076.27663268  -1076.29256970  -1076.30995782 
max(|Fr_perp|)   :   0.00000000    0.00036869    0.00204745    0.00080357    0.00081139    0.00077117    0.00078642    0.00085702    0.00221558    0.00000000 
Fr_paral         :   0.00000000    0.00227522   -0.01340446   -0.03434601   -0.01152702   -0.00011175    0.00934791    0.02551501    0.02978883    0.00000000 
max(|Fsp_paral|) :   0.00000000    0.00163013    0.00054915    0.00197874    0.00056294    0.00432540    0.00166196    0.00017163    0.00046203    0.00000000 
max(|Fsp_perp|)  :   0.00000000    0.00000000    0.00000000    0.00000000    0.00000000    0.00000000    0.00000000    0.00000000    0.00000000    0.00000000 
max(|FNEB|)      :   0.00000000    0.00145003    0.00204288    0.00160608    0.00077844    0.00077115    0.00188746    0.00080964    0.00212044    0.00000000 
max(|Force|)     :   0.00175775    0.00117604    0.00499215    0.01793919    0.00576414    0.00077119    0.00365530    0.01121566    0.01294844    0.00155840 
ksp              :   0.01000000    0.01000000    0.05389431    0.09186069    0.10000000    0.10000000    0.09459291    0.07082391    0.01225985 
max(|step|)      :   0.00000000    0.01396797    0.00955499    0.01335865    0.00652698    0.00645917    0.01639631    0.00704796    0.00860218    0.00000000 
angle (deg.)     :    50.3606  73.5990  32.9378  19.6229  38.0506  20.4759  10.3504  71.3524 
>
iteration       : 81
climbing        : yes
zoom on         : no
nim             : 10
barrier         :   0.02446727 (image:  5) 
distance        :   0.00000000    4.41177125    8.46546905    9.23924283    9.70485934   10.17955272   10.57370381   10.96435248   11.51090563   14.64589302 
energy          : -1076.29318467  -1076.30401881  -1076.30075798  -1076.28049905  -1076.27102809  -1076.26871741  -1076.27059707  -1076.27683933  -1076.29253086  -1076.30995782 
max(|Fr_perp|)   :   0.00000000    0.00033638    0.00121121    0.00380210    0.00124632    0.00123250    0.00132230    0.00269950    0.00507714    0.00000000 
Fr_paral         :   0.00000000    0.00229406   -0.01365043   -0.03363016   -0.01176825   -0.00008159    0.01083066    0.02576861    0.02969108    0.00000000 
max(|Fsp_paral|) :   0.00000000    0.00131370    0.00127850    0.00063498    0.00210037    0.00310105    0.00114152    0.00082867    0.00023677    0.00000000 
max(|Fsp_perp|)  :   0.00000000    0.00000000    0.00000000    0.00000000    0.00000000    0.00000000    0.00000000    0.00000000    0.00000000    0.00000000 
max(|FNEB|)      :   0.00000000    0.00108467    0.00120148    0.00366999    0.00123617    0.00123236    0.00134997    0.00267336    0.00496172    0.00000000 
max(|Force|)     :   0.00175775    0.00114603    0.00564255    0.01806937    0.00619267    0.00123264    0.00423306    0.01125197    0.01236461    0.00155840 
ksp              :   0.01000000    0.01000000    0.05666261    0.09150043    0.10000000    0.10000000    0.09308588    0.07012444    0.01240497 
max(|step|)      :   0.00000000    0.00878964    0.00603500    0.00510236    0.00499065    0.00491554    0.00594715    0.00595127    0.00767996    0.00000000 
angle (deg.)     :    50.3574  73.0213  32.3345  19.8757  37.9833  20.4492  10.5251  72.3690 
>
iteration       : 82
climbing        : yes
zoom on         : no
nim             : 10
barrier         :   0.02445210 (image:  5) 
distance        :   0.00000000    4.38517112    8.46933316    9.23461170    9.69669294   10.17120414   10.57890891   10.96658763   11.50412143   14.63852101 
energy          : -1076.29318467  -1076.30396956  -1076.30058478  -1076.28032498  -1076.27103201  -1076.26873257  -1076.27076541  -1076.27709490  -1076.29254577  -1076.30995782 
max(|Fr_perp|)   :   0.00000000    0.00033007    0.00120547    0.00471506    0.00122680    0.00127983    0.00131224    0.00272824    0.00883101    0.00000000 
Fr_paral         :   0.00000000    0.00226872   -0.01408924   -0.03331721   -0.01167999   -0.00006522    0.01137118    0.02613466    0.02943885    0.00000000 
max(|Fsp_paral|) :   0.00000000    0.00110137    0.00116241    0.00080866    0.00221330    0.00256403    0.00184589    0.00056724    0.00062805    0.00000000 
max(|Fsp_perp|)  :   0.00000000    0.00000000    0.00000000    0.00000000    0.00000000    0.00000000    0.00000000    0.00000000    0.00000000    0.00000000 
max(|FNEB|)      :   0.00000000    0.00081402    0.00140372    0.00453781    0.00127955    0.00127953    0.00182426    0.00262036    0.00893696    0.00000000 
max(|Force|)     :   0.00175775    0.00113993    0.00585092    0.01800724    0.00622319    0.00128013    0.00458330    0.01190521    0.01262897    0.00155840 
ksp              :   0.01000000    0.01000000    0.05733223    0.09153654    0.10000000    0.10000000    0.09251783    0.06922106    0.01235158 
max(|step|)      :   0.00000000    0.00121260    0.00169575    0.00243269    0.00125392    0.00124512    0.00280477    0.00159815    0.00317715    0.00000000 
angle (deg.)     :    50.3685  73.0494  32.4597  19.8797  38.1536  20.1687  10.1917  72.1705 
>
iteration       : 83
climbing        : yes
zoom on         : no
nim             : 10
barrier         :   0.02444666 (image:  5) 
distance        :   0.00000000    4.38851848    8.46962044    9.23146385    9.69942757   10.17181224   10.57257959   10.96725033   11.50515468   14.63843360 
energy          : -1076.29318467  -1076.30397666  -1076.30059784  -1076.28049395  -1076.27101126  -1076.26873801  -1076.27069487  -1076.27712001  -1076.29265184  -1076.30995782 
max(|Fr_perp|)   :   0.00000000    0.00031367    0.00082189    0.00171832    0.00113274    0.00083620    0.00084688    0.00110120    0.00316959    0.00000000 
Fr_paral         :   0.00000000    0.00228226   -0.01415673   -0.03360652   -0.01160118   -0.00006940    0.01111237    0.02624388    0.02966893    0.00000000 
max(|Fsp_paral|) :   0.00000000    0.00112497    0.00092400    0.00017032    0.00187225    0.00274797    0.00129762    0.00023965    0.00011998    0.00000000 
max(|Fsp_perp|)  :   0.00000000    0.00000000    0.00000000    0.00000000    0.00000000    0.00000000    0.00000000    0.00000000    0.00000000    0.00000000 
max(|FNEB|)      :   0.00000000    0.00085742    0.00101288    0.00156508    0.00084120    0.00083588    0.00125202    0.00103088    0.00328009    0.00000000 
max(|Force|)     :   0.00175775    0.00114885    0.00575224    0.01798479    0.00611623    0.00083651    0.00442194    0.01169702    0.01262261    0.00155840 
ksp              :   0.01000000    0.01000000    0.05672069    0.09163108    0.10000000    0.10000000    0.09279584    0.06914181    0.01196163 
max(|step|)      :   0.00000000    0.00437000    0.00316393    0.00241232    0.00239117    0.00235061    0.00240773    0.00345956    0.00246868    0.00000000 
angle (deg.)     :    50.3843  72.6941  32.1995  20.0943  38.3909  19.7577  10.0237  72.5556 
>
iteration       : 84
climbing        : yes
zoom on         : no
nim             : 10
barrier         :   0.02443158 (image:  5) 
distance        :   0.00000000    4.37471746    8.47323357    9.22465637    9.69867906   10.16768317   10.56634702   10.96987627   11.50259774   14.63339917 
energy          : -1076.29318467  -1076.30395150  -1076.30048980  -1076.28057511  -1076.27097860  -1076.26875310  -1076.27069029  -1076.27730315  -1076.29274222  -1076.30995782 
max(|Fr_perp|)   :   0.00000000    0.00032549    0.00066209    0.00079441    0.00107109    0.00067964    0.00072661    0.00074359    0.00088189    0.00000000 
Fr_paral         :   0.00000000    0.00229960   -0.01448625   -0.03369714   -0.01141681   -0.00006457    0.01106674    0.02657330    0.02964555    0.00000000 
max(|Fsp_paral|) :   0.00000000    0.00100888    0.00055120    0.00056305    0.00144904    0.00269244    0.00090023    0.00041297    0.00003425    0.00000000 
max(|Fsp_perp|)  :   0.00000000    0.00000000    0.00000000    0.00000000    0.00000000    0.00000000    0.00000000    0.00000000    0.00000000    0.00000000 
max(|FNEB|)      :   0.00000000    0.00076918    0.00078149    0.00069913    0.00068487    0.00067955    0.00083491    0.00073145    0.00087015    0.00000000 
max(|Force|)     :   0.00175775    0.00116546    0.00575479    0.01789365    0.00595940    0.00067972    0.00433656    0.01163102    0.01264881    0.00155840 
ksp              :   0.01000000    0.01000000    0.05645055    0.09180178    0.10000000    0.10000000    0.09286386    0.06850366    0.01162990 
max(|step|)      :   0.00000000    0.01359659    0.00920515    0.00707193    0.00704456    0.00691424    0.00722829    0.00825851    0.00664923    0.00000000 
angle (deg.)     :    50.4256  71.6928  31.2230  20.6630  38.8155  19.0708  10.4426  73.8636 
>
iteration       : 85
climbing        : yes
zoom on         : no
nim             : 10
barrier         :   0.02439762 (image:  5) 
distance        :   0.00000000    4.33239836    8.48362627    9.21309802    9.69425823   10.15737834   10.55872096   10.97590242   11.49836501   14.62238857 
energy          : -1076.29318467  -1076.30387048  -1076.30017726  -1076.28055725  -1076.27092455  -1076.26878705  -1076.27076164  -1076.27773580  -1076.29294892  -1076.30995782 
max(|Fr_perp|)   :   0.00000000    0.00034841    0.00081983    0.00210411    0.00100196    0.00093974    0.00099019    0.00119063    0.00389482    0.00000000 
Fr_paral         :   0.00000000    0.00232530   -0.01518114   -0.03362065   -0.01104187   -0.00004509    0.01124949    0.02726215    0.02934113    0.00000000 
max(|Fsp_paral|) :   0.00000000    0.00065821    0.00009079    0.00156411    0.00084406    0.00234867    0.00054993    0.00154806    0.00042668    0.00000000 
max(|Fsp_perp|)  :   0.00000000    0.00000000    0.00000000    0.00000000    0.00000000    0.00000000    0.00000000    0.00000000    0.00000000    0.00000000 
max(|FNEB|)      :   0.00000000    0.00051421    0.00082665    0.00193098    0.00093854    0.00093970    0.00096848    0.00130326    0.00379615    0.00000000 
max(|Force|)     :   0.00175775    0.00119322    0.00587733    0.01768571    0.00568551    0.00093979    0.00431826    0.01178767    0.01260854    0.00155840 
ksp              :   0.01000000    0.01000000    0.05658109    0.09211500    0.10000000    0.10000000    0.09271597    0.06698910    0.01086968 
max(|step|)      :   0.00000000    0.01690136    0.00986794    0.01011846    0.01006411    0.00990887    0.01029957    0.01108255    0.00762979    0.00000000 
angle (deg.)     :    50.5076  70.6061  29.6704  21.2753  39.2911  18.5345  11.3278  75.0046 
>
iteration       : 86
climbing        : yes
zoom on         : no
nim             : 10
barrier         :   0.02435412 (image:  5) 
distance        :   0.00000000    4.27931910    8.50004061    9.21295585    9.69360478   10.15233784   10.55529610   10.98116525   11.50157399   14.61216854 
energy          : -1076.29318467  -1076.30376423  -1076.29984977  -1076.28033479  -1076.27089637  -1076.26883055  -1076.27083239  -1076.27805348  -1076.29322728  -1076.30995782 
max(|Fr_perp|)   :   0.00000000    0.00033425    0.00104671    0.00196427    0.00100120    0.00099600    0.00103730    0.00122263    0.00343304    0.00000000 
Fr_paral         :   0.00000000    0.00235165   -0.01558570   -0.03334214   -0.01070114   -0.00001903    0.01138418    0.02771696    0.02900112    0.00000000 
max(|Fsp_paral|) :   0.00000000    0.00021176    0.00045967    0.00174971    0.00061977    0.00209947    0.00032679    0.00215197    0.00129086    0.00000000 
max(|Fsp_perp|)  :   0.00000000    0.00000000    0.00000000    0.00000000    0.00000000    0.00000000    0.00000000    0.00000000    0.00000000    0.00000000 
max(|FNEB|)      :   0.00000000    0.00028383    0.00103190    0.00176381    0.00098984    0.00099598    0.00101412    0.00186810    0.00335719    0.00000000 
max(|Force|)     :   0.00175775    0.00118409    0.00598658    0.01744137    0.00545002    0.00099601    0.00441447    0.01204364    0.01252606    0.00155840 
ksp              :   0.01000000    0.01000000    0.05748640    0.09236583    0.10000000    0.10000000    0.09260225    0.06591692    0.01000000 
max(|step|)      :   0.00000000    0.04354662    0.02294660    0.03176337    0.03151767    0.03113004    0.03218669    0.03375829    0.03039529    0.00000000 
angle (deg.)     :    50.9084  67.9597  25.9575  22.9112  40.7689  17.9595  13.9572  76.1387 
>
iteration       : 87
climbing        : yes
zoom on         : no
nim             : 10
barrier         :   0.02423032 (image:  5) 
distance        :   0.00000000    4.13867964    8.55809033    9.24248849    9.71707255   10.16521596   10.56530176   11.00345739   11.51840699   14.58383432 
energy          : -1076.29318467  -1076.30344812  -1076.29894598  -1076.27940905  -1076.27084145  -1076.26895435  -1076.27093701  -1076.27846971  -1076.29296135  -1076.30995782 
max(|Fr_perp|)   :   0.00000000    0.00103542    0.01086074    0.02009281    0.00167975    0.00179686    0.00213682    0.00232712    0.01418554    0.00000000 
Fr_paral         :   0.00000000    0.00232775   -0.01645032   -0.03127678   -0.00984950    0.00005344    0.01141167    0.02820799    0.02721340    0.00000000 
max(|Fsp_paral|) :   0.00000000    0.00099817    0.00087563    0.00115728    0.00027670    0.00175542    0.00022410    0.00303903    0.00003807    0.00000000 
max(|Fsp_perp|)  :   0.00000000    0.00000000    0.00000000    0.00000000    0.00000000    0.00000000    0.00000000    0.00000000    0.00000000    0.00000000 
max(|FNEB|)      :   0.00000000    0.00172916    0.01100307    0.02026218    0.00177496    0.00179714    0.00214602    0.00308259    0.01429291    0.00000000 
max(|Force|)     :   0.00175775    0.00161082    0.01146840    0.01977210    0.00501158    0.00179658    0.00428148    0.01231548    0.01582352    0.00155840 
ksp              :   0.01000000    0.01000000    0.06116755    0.09299063    0.10000000    0.10000000    0.09263571    0.06465658    0.01082950 
max(|step|)      :   0.00000000    0.00366197    0.00664905    0.01052289    0.00247916    0.00245000    0.00255700    0.00371506    0.00800344    0.00000000 
angle (deg.)     :    50.8699  68.3280  25.9134  22.6177  40.5992  18.0802  12.9430  75.7368 
>
iteration       : 88
climbing        : yes
zoom on         : no
nim             : 10
barrier         :   0.02423063 (image:  5) 
distance        :   0.00000000    4.15022696    8.55492346    9.24679157    9.71648925   10.16727765   10.56640801   10.99856106   11.52324556   14.58831792 
energy          : -1076.29318467  -1076.30348005  -1076.29918808  -1076.27960428  -1076.27087683  -1076.26895404  -1076.27093130  -1076.27831761  -1076.29354284  -1076.30995782 
max(|Fr_perp|)   :   0.00000000    0.00034787    0.00101122    0.00214540    0.00100874    0.00073917    0.00072612    0.00081433    0.00249339    0.00000000 
Fr_paral         :   0.00000000    0.00237680   -0.01610252   -0.03227594   -0.00999066    0.00004842    0.01138971    0.02800424    0.02879509    0.00000000 
max(|Fsp_paral|) :   0.00000000    0.00091025    0.00083629    0.00091668    0.00059586    0.00189193    0.00004954    0.00242291    0.00140495    0.00000000 
max(|Fsp_perp|)  :   0.00000000    0.00000000    0.00000000    0.00000000    0.00000000    0.00000000    0.00000000    0.00000000    0.00000000    0.00000000 
max(|FNEB|)      :   0.00000000    0.00125205    0.00128619    0.00227364    0.00074187    0.00073941    0.00073170    0.00200911    0.00225479    0.00000000 
max(|Force|)     :   0.00175775    0.00119807    0.00615092    0.01682778    0.00507625    0.00073894    0.00435630    0.01206544    0.01261056    0.00155840 
ksp              :   0.01000000    0.01000000    0.06044174    0.09285819    0.10000000    0.10000000    0.09265587    0.06522085    0.01000000 
max(|step|)      :   0.00000000    0.00224557    0.00314545    0.00245758    0.00146152    0.00145129    0.00246845    0.00595889    0.00451605    0.00000000 
angle (deg.)     :    50.8921  68.6682  25.8834  22.4438  40.6078  18.3872  11.8172  74.6201 
>
iteration       : 89
climbing        : yes
zoom on         : no
nim             : 10
barrier         :   0.02422209 (image:  5) 
distance        :   0.00000000    4.15441414    8.56025972    9.26202080    9.72575141   10.17843316   10.57271462   10.99618226   11.52894303   14.58710406 
energy          : -1076.29318467  -1076.30349236  -1076.29932017  -1076.27950447  -1076.27090848  -1076.26896258  -1076.27088696  -1076.27801287  -1076.29347376  -1076.30995782 
max(|Fr_perp|)   :   0.00000000    0.00039883    0.00078536    0.00121939    0.00105547    0.00050440    0.00048627    0.00060584    0.00138538    0.00000000 
Fr_paral         :   0.00000000    0.00239176   -0.01576377   -0.03215575   -0.01008147    0.00004710    0.01120207    0.02752005    0.02910580    0.00000000 
max(|Fsp_paral|) :   0.00000000    0.00090265    0.00051436    0.00016888    0.00091687    0.00213921    0.00004210    0.00164656    0.00190457    0.00000000 
max(|Fsp_perp|)  :   0.00000000    0.00000000    0.00000000    0.00000000    0.00000000    0.00000000    0.00000000    0.00000000    0.00000000    0.00000000 
max(|FNEB|)      :   0.00000000    0.00127342    0.00087183    0.00107942    0.00049613    0.00050464    0.00050309    0.00108176    0.00183595    0.00000000 
max(|Force|)     :   0.00175775    0.00123653    0.00601907    0.01686567    0.00516729    0.00050417    0.00426307    0.01200892    0.01272134    0.00155840 
ksp              :   0.01000000    0.01000000    0.06083038    0.09276976    0.10000000    0.10000000    0.09284973    0.06637259    0.01000000 
max(|step|)      :   0.00000000    0.00433286    0.00854935    0.00950137    0.00945667    0.00946195    0.00949205    0.01464312    0.01535688    0.00000000 
angle (deg.)     :    51.0584  69.1071  25.6550  22.3128  41.0300  19.2946  10.3011  71.7450 
>
